source_sentence_id,text,source_type,evidence_level
m3sbv1_015001,我估计确认一下是不是从这里集合，那边这边好安排,LLM_SYNTHETIC_SPOKEN_BASE,SYNTHETIC_TEXT
m3sbv1_015002,看起来确认一下名字有没有写错，他们这边好安排,LLM_SYNTHETIC_SPOKEN_BASE,SYNTHETIC_TEXT
m3sbv1_015003,你们好像确认一下文件有没有传成功，免得后面又要重新弄,LLM_SYNTHETIC_SPOKEN_BASE,SYNTHETIC_TEXT
m3sbv1_015004,现在麻烦你帮我问一下还有没有空位我怕等会儿忘了,LLM_SYNTHETIC_SPOKEN_BASE,SYNTHETIC_TEXT
m3sbv1_015005,他明天确认一下停车要不要付费我再决定,LLM_SYNTHETIC_SPOKEN_BASE,SYNTHETIC_TEXT
m3sbv1_015006,现在我估计把刚才那条消息再发我一次我再决定,LLM_SYNTHETIC_SPOKEN_BASE,SYNTHETIC_TEXT
m3sbv1_015007,后面我记得把这个问题先记到清单里，免得后面又要重新弄,LLM_SYNTHETIC_SPOKEN_BASE,SYNTHETIC_TEXT
m3sbv1_015008,今天先别急，看看能不能换成小份再继续,LLM_SYNTHETIC_SPOKEN_BASE,SYNTHETIC_TEXT
m3sbv1_015009,这边昨天确认一下这份文件是不是最终版是不是,LLM_SYNTHETIC_SPOKEN_BASE,SYNTHETIC_TEXT
m3sbv1_015010,到时候看起来看看这个价格有没有包含费用行不行,LLM_SYNTHETIC_SPOKEN_BASE,SYNTHETIC_TEXT
m3sbv1_015011,看看是不是配置没有生效，如果不行就先别改,LLM_SYNTHETIC_SPOKEN_BASE,SYNTHETIC_TEXT
m3sbv1_015012,先先别急，把这个先留着别动再继续,LLM_SYNTHETIC_SPOKEN_BASE,SYNTHETIC_TEXT
m3sbv1_015013,今天可能看看是不是网络又断了我有点不确定,LLM_SYNTHETIC_SPOKEN_BASE,SYNTHETIC_TEXT
m3sbv1_015014,我想问一下看看是不是网络又断了，我刚才没听太清楚,LLM_SYNTHETIC_SPOKEN_BASE,SYNTHETIC_TEXT
m3sbv1_015015,店里好像把这个先放到后面处理，免得后面又要重新弄,LLM_SYNTHETIC_SPOKEN_BASE,SYNTHETIC_TEXT
m3sbv1_015016,明天确认一下名字有没有写错，我确认完再跟你说,LLM_SYNTHETIC_SPOKEN_BASE,SYNTHETIC_TEXT
m3sbv1_015017,明天确认一下是不是从这里集合，我确认完再跟你说,LLM_SYNTHETIC_SPOKEN_BASE,SYNTHETIC_TEXT
m3sbv1_015018,前面刚才帮我把重复的内容删掉就行,LLM_SYNTHETIC_SPOKEN_BASE,SYNTHETIC_TEXT
m3sbv1_015019,我觉得看看能不能换成小份，后面这边好安排,LLM_SYNTHETIC_SPOKEN_BASE,SYNTHETIC_TEXT
m3sbv1_015020,看起来帮我听一下这个声音正不正常，家里这边好安排,LLM_SYNTHETIC_SPOKEN_BASE,SYNTHETIC_TEXT
m3sbv1_015021,我想问一下确认一下时间有没有改，我刚才没听太清楚,LLM_SYNTHETIC_SPOKEN_BASE,SYNTHETIC_TEXT
m3sbv1_015022,早一点我估计确认一下服务有没有启动吧,LLM_SYNTHETIC_SPOKEN_BASE,SYNTHETIC_TEXT
m3sbv1_015023,你们麻烦你确认一下服务有没有启动，免得后面又要重新弄,LLM_SYNTHETIC_SPOKEN_BASE,SYNTHETIC_TEXT
m3sbv1_015024,现在先别急，问一下这个能不能少放一点盐再继续,LLM_SYNTHETIC_SPOKEN_BASE,SYNTHETIC_TEXT
m3sbv1_015025,这两天我确认一下先把这一项记下来行不行,LLM_SYNTHETIC_SPOKEN_BASE,SYNTHETIC_TEXT
m3sbv1_015026,一会儿看起来确认一下服务有没有启动我想先确认清楚,LLM_SYNTHETIC_SPOKEN_BASE,SYNTHETIC_TEXT
m3sbv1_015027,刚才先别急，确认一下灯是不是都关了再继续,LLM_SYNTHETIC_SPOKEN_BASE,SYNTHETIC_TEXT
m3sbv1_015028,早一点我想问一下帮我确认一下下一站在哪里吧,LLM_SYNTHETIC_SPOKEN_BASE,SYNTHETIC_TEXT
m3sbv1_015029,刚才我记得问一下这个能不能少放一点盐然后告诉我,LLM_SYNTHETIC_SPOKEN_BASE,SYNTHETIC_TEXT
m3sbv1_015030,晚一点先别急，看看有没有更早一点的时间再继续,LLM_SYNTHETIC_SPOKEN_BASE,SYNTHETIC_TEXT
m3sbv1_015031,晚一点先别急，确认一下文件有没有传成功再继续,LLM_SYNTHETIC_SPOKEN_BASE,SYNTHETIC_TEXT
m3sbv1_015032,后面早一点把声音稍微调小一点可以吗,LLM_SYNTHETIC_SPOKEN_BASE,SYNTHETIC_TEXT
m3sbv1_015033,这边好像帮我拿一下旁边那个袋子，免得后面又要重新弄,LLM_SYNTHETIC_SPOKEN_BASE,SYNTHETIC_TEXT
m3sbv1_015034,你们我觉得帮我确认一下负责人是谁，免得后面又要重新弄,LLM_SYNTHETIC_SPOKEN_BASE,SYNTHETIC_TEXT
m3sbv1_015035,你们这边没别的要求，确认一下是不是从这里集合就可以,LLM_SYNTHETIC_SPOKEN_BASE,SYNTHETIC_TEXT
m3sbv1_015036,晚一点确认一下会议是不是改到下午了，我确认完再跟你说,LLM_SYNTHETIC_SPOKEN_BASE,SYNTHETIC_TEXT
m3sbv1_015037,我估计确认一下今天是不是正常营业，现场这边好安排,LLM_SYNTHETIC_SPOKEN_BASE,SYNTHETIC_TEXT
m3sbv1_015038,早一点先把这一项记下来，我确认完再跟你说,LLM_SYNTHETIC_SPOKEN_BASE,SYNTHETIC_TEXT
m3sbv1_015039,感觉确认一下是不是已经下单了，这边这边好安排,LLM_SYNTHETIC_SPOKEN_BASE,SYNTHETIC_TEXT
m3sbv1_015040,你们我听说把地址再确认一下，免得后面又要重新弄,LLM_SYNTHETIC_SPOKEN_BASE,SYNTHETIC_TEXT
m3sbv1_015041,最近看看有没有不用排队的办法，我确认完再跟你说,LLM_SYNTHETIC_SPOKEN_BASE,SYNTHETIC_TEXT
m3sbv1_015042,我这两天确认一下时间有没有改我再决定,LLM_SYNTHETIC_SPOKEN_BASE,SYNTHETIC_TEXT
m3sbv1_015043,公司我听说看看前面是不是要左转，免得后面又要重新弄,LLM_SYNTHETIC_SPOKEN_BASE,SYNTHETIC_TEXT
m3sbv1_015044,应该别着急我们按顺序来，那边这边好安排,LLM_SYNTHETIC_SPOKEN_BASE,SYNTHETIC_TEXT
m3sbv1_015045,我想问一下看看谁还没有回复，你们这边好安排,LLM_SYNTHETIC_SPOKEN_BASE,SYNTHETIC_TEXT
m3sbv1_015046,到时候先别急，先把这个问题单独记录下来再继续,LLM_SYNTHETIC_SPOKEN_BASE,SYNTHETIC_TEXT
m3sbv1_015047,我听说先把现在的结果保存下来，你们这边好安排,LLM_SYNTHETIC_SPOKEN_BASE,SYNTHETIC_TEXT
m3sbv1_015048,我估计看看这个杯子是不是我的，我刚才没听太清楚,LLM_SYNTHETIC_SPOKEN_BASE,SYNTHETIC_TEXT
m3sbv1_015049,现在帮我看看日志里有没有异常，我确认完再跟你说,LLM_SYNTHETIC_SPOKEN_BASE,SYNTHETIC_TEXT
m3sbv1_015050,家里看起来帮我把需要验证的地方列出来，免得后面又要重新弄,LLM_SYNTHETIC_SPOKEN_BASE,SYNTHETIC_TEXT
m3sbv1_015051,等一下我觉得帮我看看这个零件是不是松了,LLM_SYNTHETIC_SPOKEN_BASE,SYNTHETIC_TEXT
m3sbv1_015052,先我听说确认一下文件有没有传成功就行,LLM_SYNTHETIC_SPOKEN_BASE,SYNTHETIC_TEXT
m3sbv1_015053,公司先看看这个东西应该放哪里然后告诉我,LLM_SYNTHETIC_SPOKEN_BASE,SYNTHETIC_TEXT
m3sbv1_015054,我听说看看前面能不能掉头，我刚才没听太清楚,LLM_SYNTHETIC_SPOKEN_BASE,SYNTHETIC_TEXT
m3sbv1_015055,我们等一下看看是不是还少了什么别弄错了,LLM_SYNTHETIC_SPOKEN_BASE,SYNTHETIC_TEXT
m3sbv1_015056,这边我想问一下确认一下要不要提前预约，免得后面又要重新弄,LLM_SYNTHETIC_SPOKEN_BASE,SYNTHETIC_TEXT
m3sbv1_015057,晚一点先别急，看看谁还没有回复再继续,LLM_SYNTHETIC_SPOKEN_BASE,SYNTHETIC_TEXT
m3sbv1_015058,好像看看这个东西应该放哪里，我们这边好安排,LLM_SYNTHETIC_SPOKEN_BASE,SYNTHETIC_TEXT
m3sbv1_015059,昨天我确认一下帮我听一下这个声音正不正常我怕等会儿忘了,LLM_SYNTHETIC_SPOKEN_BASE,SYNTHETIC_TEXT
m3sbv1_015060,明天确认一下车是不是停在外面，我确认完再跟你说,LLM_SYNTHETIC_SPOKEN_BASE,SYNTHETIC_TEXT
m3sbv1_015061,那边今天问一下还能不能加一个人行不行,LLM_SYNTHETIC_SPOKEN_BASE,SYNTHETIC_TEXT
m3sbv1_015062,感觉看看是不是配置没有生效，我这边好安排,LLM_SYNTHETIC_SPOKEN_BASE,SYNTHETIC_TEXT
m3sbv1_015063,麻烦你确认一下是不是已经下单了，我这边好安排,LLM_SYNTHETIC_SPOKEN_BASE,SYNTHETIC_TEXT
m3sbv1_015064,我记得确认一下文件有没有传成功，他们这边好安排,LLM_SYNTHETIC_SPOKEN_BASE,SYNTHETIC_TEXT
m3sbv1_015065,昨天帮我确认一下字段有没有变，我确认完再跟你说,LLM_SYNTHETIC_SPOKEN_BASE,SYNTHETIC_TEXT
m3sbv1_015066,感觉确认一下服务有没有启动，那边这边好安排,LLM_SYNTHETIC_SPOKEN_BASE,SYNTHETIC_TEXT
m3sbv1_015067,之前帮我把重复的内容删掉，我确认完再跟你说,LLM_SYNTHETIC_SPOKEN_BASE,SYNTHETIC_TEXT
m3sbv1_015068,这两天把最新版本发给我看一下，我确认完再跟你说,LLM_SYNTHETIC_SPOKEN_BASE,SYNTHETIC_TEXT
m3sbv1_015069,我估计看看谁还没有回复，我刚才没听太清楚,LLM_SYNTHETIC_SPOKEN_BASE,SYNTHETIC_TEXT
m3sbv1_015070,晚一点我估计先别取消我再确认一下我有点不确定,LLM_SYNTHETIC_SPOKEN_BASE,SYNTHETIC_TEXT
m3sbv1_015071,我估计看看空调能不能调高一点，他这边好安排,LLM_SYNTHETIC_SPOKEN_BASE,SYNTHETIC_TEXT
m3sbv1_015072,晚一点我听说把这个先放到后面处理可以吗,LLM_SYNTHETIC_SPOKEN_BASE,SYNTHETIC_TEXT
m3sbv1_015073,刚才先别急，先等等我马上就过来再继续,LLM_SYNTHETIC_SPOKEN_BASE,SYNTHETIC_TEXT
m3sbv1_015074,你这两天看看这个接口是不是又报错了然后告诉我,LLM_SYNTHETIC_SPOKEN_BASE,SYNTHETIC_TEXT
m3sbv1_015075,昨天我觉得帮我看看这个零件是不是松了我有点不确定,LLM_SYNTHETIC_SPOKEN_BASE,SYNTHETIC_TEXT
m3sbv1_015076,那边先问一下回来的车几点出发行不行,LLM_SYNTHETIC_SPOKEN_BASE,SYNTHETIC_TEXT
m3sbv1_015077,最近看看有没有影响到别的模块，我确认完再跟你说,LLM_SYNTHETIC_SPOKEN_BASE,SYNTHETIC_TEXT
m3sbv1_015078,公司一会儿帮我确认一下负责人是谁我有点不确定,LLM_SYNTHETIC_SPOKEN_BASE,SYNTHETIC_TEXT
m3sbv1_015079,我们看起来帮我把重复的内容删掉，免得后面又要重新弄,LLM_SYNTHETIC_SPOKEN_BASE,SYNTHETIC_TEXT
m3sbv1_015080,可能确认一下文件有没有传成功，家里这边好安排,LLM_SYNTHETIC_SPOKEN_BASE,SYNTHETIC_TEXT
m3sbv1_015081,可能帮我确认一下负责人是谁，你们这边好安排,LLM_SYNTHETIC_SPOKEN_BASE,SYNTHETIC_TEXT
m3sbv1_015082,看起来到的时候给我发个消息，我们这边好安排,LLM_SYNTHETIC_SPOKEN_BASE,SYNTHETIC_TEXT
m3sbv1_015083,看起来看看这个接口是不是又报错了，现场这边好安排,LLM_SYNTHETIC_SPOKEN_BASE,SYNTHETIC_TEXT
m3sbv1_015084,你应该确认一下退房时间是几点，免得后面又要重新弄,LLM_SYNTHETIC_SPOKEN_BASE,SYNTHETIC_TEXT
m3sbv1_015085,这边等一下看看还有没有漏掉的步骤我怕等会儿忘了,LLM_SYNTHETIC_SPOKEN_BASE,SYNTHETIC_TEXT
m3sbv1_015086,现在麻烦你把刚才说的重点再讲一遍吧,LLM_SYNTHETIC_SPOKEN_BASE,SYNTHETIC_TEXT
m3sbv1_015087,后面可能看看是不是配置没有生效，免得后面又要重新弄,LLM_SYNTHETIC_SPOKEN_BASE,SYNTHETIC_TEXT
m3sbv1_015088,这两天我想问一下把地址再确认一下可以吗,LLM_SYNTHETIC_SPOKEN_BASE,SYNTHETIC_TEXT
m3sbv1_015089,到时候可能先把这个问题单独记录下来我想先确认清楚,LLM_SYNTHETIC_SPOKEN_BASE,SYNTHETIC_TEXT
m3sbv1_015090,我听说帮我换一个安静一点的位置，店里这边好安排,LLM_SYNTHETIC_SPOKEN_BASE,SYNTHETIC_TEXT
m3sbv1_015091,可能先把这一项记下来，店里这边好安排,LLM_SYNTHETIC_SPOKEN_BASE,SYNTHETIC_TEXT
m3sbv1_015092,最近先别急，看看能不能换成小份再继续,LLM_SYNTHETIC_SPOKEN_BASE,SYNTHETIC_TEXT
m3sbv1_015093,你们今天帮我查一下刚才是哪一步失败了是不是,LLM_SYNTHETIC_SPOKEN_BASE,SYNTHETIC_TEXT
m3sbv1_015094,家里晚一点确认一下停车要不要付费我有点不确定,LLM_SYNTHETIC_SPOKEN_BASE,SYNTHETIC_TEXT
m3sbv1_015095,我听说确认一下名字有没有写错，你这边好安排,LLM_SYNTHETIC_SPOKEN_BASE,SYNTHETIC_TEXT
m3sbv1_015096,我们我记得确认一下这份文件是不是最终版，免得后面又要重新弄,LLM_SYNTHETIC_SPOKEN_BASE,SYNTHETIC_TEXT
m3sbv1_015097,这边这边没别的要求，帮我问一下现在还能不能改就可以,LLM_SYNTHETIC_SPOKEN_BASE,SYNTHETIC_TEXT
m3sbv1_015098,现场早一点看看这个东西应该放哪里可以吗,LLM_SYNTHETIC_SPOKEN_BASE,SYNTHETIC_TEXT
m3sbv1_015099,你一会儿看看能不能多拿一条毛巾,LLM_SYNTHETIC_SPOKEN_BASE,SYNTHETIC_TEXT
m3sbv1_015100,之前应该看看导航是不是带错路了我想先确认清楚,LLM_SYNTHETIC_SPOKEN_BASE,SYNTHETIC_TEXT
m3sbv1_015101,感觉帮我看看行李放在哪里，我这边好安排,LLM_SYNTHETIC_SPOKEN_BASE,SYNTHETIC_TEXT
m3sbv1_015102,公司现在帮我把重复的内容删掉,LLM_SYNTHETIC_SPOKEN_BASE,SYNTHETIC_TEXT
m3sbv1_015103,家里这边没别的要求，帮我把需要验证的地方列出来就可以,LLM_SYNTHETIC_SPOKEN_BASE,SYNTHETIC_TEXT
m3sbv1_015104,最近应该帮我把需要验证的地方列出来我想先确认清楚,LLM_SYNTHETIC_SPOKEN_BASE,SYNTHETIC_TEXT
m3sbv1_015105,早一点我确认一下把位置发给我我自己过去我有点不确定,LLM_SYNTHETIC_SPOKEN_BASE,SYNTHETIC_TEXT
m3sbv1_015106,要是方便的话看看空调能不能调高一点，不用特意等我,LLM_SYNTHETIC_SPOKEN_BASE,SYNTHETIC_TEXT
m3sbv1_015107,应该看看这个结果和昨天是不是一样，店里这边好安排,LLM_SYNTHETIC_SPOKEN_BASE,SYNTHETIC_TEXT
m3sbv1_015108,她看起来帮我看看日志里有没有异常，免得后面又要重新弄,LLM_SYNTHETIC_SPOKEN_BASE,SYNTHETIC_TEXT
m3sbv1_015109,刚才我确认一下看看导航是不是带错路了是不是,LLM_SYNTHETIC_SPOKEN_BASE,SYNTHETIC_TEXT
m3sbv1_015110,最近我听说问一下回来的车几点出发行不行,LLM_SYNTHETIC_SPOKEN_BASE,SYNTHETIC_TEXT
m3sbv1_015111,先我觉得先等等我马上就过来吧,LLM_SYNTHETIC_SPOKEN_BASE,SYNTHETIC_TEXT
m3sbv1_015112,她早一点帮我确认一下下一站在哪里别弄错了,LLM_SYNTHETIC_SPOKEN_BASE,SYNTHETIC_TEXT
m3sbv1_015113,我确认一下看看空调能不能调高一点，我刚才没听太清楚,LLM_SYNTHETIC_SPOKEN_BASE,SYNTHETIC_TEXT
m3sbv1_015114,他我想问一下帮我看看这个菜里面有没有辣椒，免得后面又要重新弄,LLM_SYNTHETIC_SPOKEN_BASE,SYNTHETIC_TEXT
m3sbv1_015115,那边我想问一下看看这个结果和昨天是不是一样，免得后面又要重新弄,LLM_SYNTHETIC_SPOKEN_BASE,SYNTHETIC_TEXT
m3sbv1_015116,我们等一下看看这个东西应该放哪里我怕等会儿忘了,LLM_SYNTHETIC_SPOKEN_BASE,SYNTHETIC_TEXT
m3sbv1_015117,那边之前问一下回来的车几点出发可以吗,LLM_SYNTHETIC_SPOKEN_BASE,SYNTHETIC_TEXT
m3sbv1_015118,家里可能再检查一遍有没有问题，免得后面又要重新弄,LLM_SYNTHETIC_SPOKEN_BASE,SYNTHETIC_TEXT
m3sbv1_015119,早一点帮我看看附近有没有停车位，我确认完再跟你说,LLM_SYNTHETIC_SPOKEN_BASE,SYNTHETIC_TEXT
m3sbv1_015120,现在先别急，确认一下测试结果有没有更新再继续,LLM_SYNTHETIC_SPOKEN_BASE,SYNTHETIC_TEXT
m3sbv1_015121,家里刚才帮我看看附近有没有停车位然后告诉我,LLM_SYNTHETIC_SPOKEN_BASE,SYNTHETIC_TEXT
m3sbv1_015122,公司麻烦你看看是不是还少了什么，免得后面又要重新弄,LLM_SYNTHETIC_SPOKEN_BASE,SYNTHETIC_TEXT
m3sbv1_015123,你到时候确认一下是不是已经付过了行不行,LLM_SYNTHETIC_SPOKEN_BASE,SYNTHETIC_TEXT
m3sbv1_015124,你这边没别的要求，把地址再确认一下就可以,LLM_SYNTHETIC_SPOKEN_BASE,SYNTHETIC_TEXT
m3sbv1_015125,我们这边没别的要求，看看这个版本是不是最新的就可以,LLM_SYNTHETIC_SPOKEN_BASE,SYNTHETIC_TEXT
m3sbv1_015126,今天好像再检查一遍有没有问题可以吗,LLM_SYNTHETIC_SPOKEN_BASE,SYNTHETIC_TEXT
m3sbv1_015127,麻烦你帮我换一个安静一点的位置，我刚才没听太清楚,LLM_SYNTHETIC_SPOKEN_BASE,SYNTHETIC_TEXT
m3sbv1_015128,可能帮我确认一下下一站在哪里，这边这边好安排,LLM_SYNTHETIC_SPOKEN_BASE,SYNTHETIC_TEXT
m3sbv1_015129,到时候我觉得看看谁还没有回复是不是,LLM_SYNTHETIC_SPOKEN_BASE,SYNTHETIC_TEXT
m3sbv1_015130,那边这边没别的要求，确认一下退房时间是几点就可以,LLM_SYNTHETIC_SPOKEN_BASE,SYNTHETIC_TEXT
m3sbv1_015131,刚才看起来确认一下车是不是停在外面,LLM_SYNTHETIC_SPOKEN_BASE,SYNTHETIC_TEXT
m3sbv1_015132,他们昨天确认一下轮胎是不是有点软行不行,LLM_SYNTHETIC_SPOKEN_BASE,SYNTHETIC_TEXT
m3sbv1_015133,现在可能确认一下会议是不是改到下午了我想先确认清楚,LLM_SYNTHETIC_SPOKEN_BASE,SYNTHETIC_TEXT
m3sbv1_015134,我们这边没别的要求，把最新版本发给我看一下就可以,LLM_SYNTHETIC_SPOKEN_BASE,SYNTHETIC_TEXT
m3sbv1_015135,这边我觉得确认一下文件有没有传成功，免得后面又要重新弄,LLM_SYNTHETIC_SPOKEN_BASE,SYNTHETIC_TEXT
m3sbv1_015136,刚才帮我问一下还有没有空位，我确认完再跟你说,LLM_SYNTHETIC_SPOKEN_BASE,SYNTHETIC_TEXT
m3sbv1_015137,我这边没别的要求，确认一下这次只改这一部分就可以,LLM_SYNTHETIC_SPOKEN_BASE,SYNTHETIC_TEXT
m3sbv1_015138,明天麻烦你确认一下测试结果有没有更新我怕等会儿忘了,LLM_SYNTHETIC_SPOKEN_BASE,SYNTHETIC_TEXT
m3sbv1_015139,刚才看起来看看是不是还少了什么,LLM_SYNTHETIC_SPOKEN_BASE,SYNTHETIC_TEXT
m3sbv1_015140,应该确认一下今天是不是正常营业，我刚才没听太清楚,LLM_SYNTHETIC_SPOKEN_BASE,SYNTHETIC_TEXT
m3sbv1_015141,一会儿好像帮我找一下刚才那个页面我有点不确定,LLM_SYNTHETIC_SPOKEN_BASE,SYNTHETIC_TEXT
m3sbv1_015142,可能确认一下要不要提前预约，公司这边好安排,LLM_SYNTHETIC_SPOKEN_BASE,SYNTHETIC_TEXT
m3sbv1_015143,你我觉得帮我确认一下负责人是谁，免得后面又要重新弄,LLM_SYNTHETIC_SPOKEN_BASE,SYNTHETIC_TEXT
m3sbv1_015144,你一会儿确认一下会议是不是改到下午了是不是,LLM_SYNTHETIC_SPOKEN_BASE,SYNTHETIC_TEXT
m3sbv1_015145,明天我确认一下确认一下灯是不是都关了就行,LLM_SYNTHETIC_SPOKEN_BASE,SYNTHETIC_TEXT
m3sbv1_015146,我看起来告诉我大概还要多久，免得后面又要重新弄,LLM_SYNTHETIC_SPOKEN_BASE,SYNTHETIC_TEXT
m3sbv1_015147,早一点先别急，先别取消我再确认一下再继续,LLM_SYNTHETIC_SPOKEN_BASE,SYNTHETIC_TEXT
m3sbv1_015148,现在我估计看看前面能不能掉头别弄错了,LLM_SYNTHETIC_SPOKEN_BASE,SYNTHETIC_TEXT
m3sbv1_015149,我听说帮我看看这个号码对不对，后面这边好安排,LLM_SYNTHETIC_SPOKEN_BASE,SYNTHETIC_TEXT
m3sbv1_015150,我想问一下看看前面是不是要左转，我刚才没听太清楚,LLM_SYNTHETIC_SPOKEN_BASE,SYNTHETIC_TEXT
m3sbv1_015151,一会儿我听说先等等我马上就过来可以吗,LLM_SYNTHETIC_SPOKEN_BASE,SYNTHETIC_TEXT
m3sbv1_015152,昨天我听说确认一下入口是不是在这边是不是,LLM_SYNTHETIC_SPOKEN_BASE,SYNTHETIC_TEXT
m3sbv1_015153,后面昨天确认一下是不是已经下单了我有点不确定,LLM_SYNTHETIC_SPOKEN_BASE,SYNTHETIC_TEXT
m3sbv1_015154,先我听说把声音稍微调小一点我想先确认清楚,LLM_SYNTHETIC_SPOKEN_BASE,SYNTHETIC_TEXT
m3sbv1_015155,他现在问一下能不能晚一点回来我怕等会儿忘了,LLM_SYNTHETIC_SPOKEN_BASE,SYNTHETIC_TEXT
m3sbv1_015156,现场今天确认一下车是不是停在外面我怕等会儿忘了,LLM_SYNTHETIC_SPOKEN_BASE,SYNTHETIC_TEXT
m3sbv1_015157,她最近问一下能不能晚一点回来就行,LLM_SYNTHETIC_SPOKEN_BASE,SYNTHETIC_TEXT
m3sbv1_015158,明天好像问一下回来的车几点出发行不行,LLM_SYNTHETIC_SPOKEN_BASE,SYNTHETIC_TEXT
m3sbv1_015159,那边最近把这个先留着别动吧,LLM_SYNTHETIC_SPOKEN_BASE,SYNTHETIC_TEXT
m3sbv1_015160,我们刚才确认一下会议是不是改到下午了是不是,LLM_SYNTHETIC_SPOKEN_BASE,SYNTHETIC_TEXT
m3sbv1_015161,他们先把刚才说的重点再讲一遍我想先确认清楚,LLM_SYNTHETIC_SPOKEN_BASE,SYNTHETIC_TEXT
m3sbv1_015162,店里这边没别的要求，确认一下名字有没有写错就可以,LLM_SYNTHETIC_SPOKEN_BASE,SYNTHETIC_TEXT
m3sbv1_015163,我们刚才帮我把水再加一点就行,LLM_SYNTHETIC_SPOKEN_BASE,SYNTHETIC_TEXT
m3sbv1_015164,他们今天先把现在的结果保存下来我想先确认清楚,LLM_SYNTHETIC_SPOKEN_BASE,SYNTHETIC_TEXT
m3sbv1_015165,我明天确认一下这次只改这一部分我有点不确定,LLM_SYNTHETIC_SPOKEN_BASE,SYNTHETIC_TEXT
m3sbv1_015166,家里明天帮我看看行李放在哪里我怕等会儿忘了,LLM_SYNTHETIC_SPOKEN_BASE,SYNTHETIC_TEXT
m3sbv1_015167,我们这两天确认一下是不是从这里集合吧,LLM_SYNTHETIC_SPOKEN_BASE,SYNTHETIC_TEXT
m3sbv1_015168,现在好像帮我确认一下下一站在哪里别弄错了,LLM_SYNTHETIC_SPOKEN_BASE,SYNTHETIC_TEXT
m3sbv1_015169,他们明天先别取消我再确认一下别弄错了,LLM_SYNTHETIC_SPOKEN_BASE,SYNTHETIC_TEXT
m3sbv1_015170,前面我估计先把现在的结果保存下来，免得后面又要重新弄,LLM_SYNTHETIC_SPOKEN_BASE,SYNTHETIC_TEXT
m3sbv1_015171,他们这边没别的要求，帮我看看这个零件是不是松了就可以,LLM_SYNTHETIC_SPOKEN_BASE,SYNTHETIC_TEXT
m3sbv1_015172,应该先等等我马上就过来，那边这边好安排,LLM_SYNTHETIC_SPOKEN_BASE,SYNTHETIC_TEXT
m3sbv1_015173,到时候我觉得确认一下测试结果有没有更新我再决定,LLM_SYNTHETIC_SPOKEN_BASE,SYNTHETIC_TEXT
m3sbv1_015174,家里先把门先关一下有点冷可以吗,LLM_SYNTHETIC_SPOKEN_BASE,SYNTHETIC_TEXT
m3sbv1_015175,她先帮我确认一下负责人是谁,LLM_SYNTHETIC_SPOKEN_BASE,SYNTHETIC_TEXT
m3sbv1_015176,我麻烦你帮我问一下还有没有空位，免得后面又要重新弄,LLM_SYNTHETIC_SPOKEN_BASE,SYNTHETIC_TEXT
m3sbv1_015177,他们我确认一下看看是不是配置没有生效，免得后面又要重新弄,LLM_SYNTHETIC_SPOKEN_BASE,SYNTHETIC_TEXT
m3sbv1_015178,最近我想问一下看看能不能换成小份我想先确认清楚,LLM_SYNTHETIC_SPOKEN_BASE,SYNTHETIC_TEXT
m3sbv1_015179,我晚一点帮我看看这个菜里面有没有辣椒吧,LLM_SYNTHETIC_SPOKEN_BASE,SYNTHETIC_TEXT
m3sbv1_015180,明天应该看看能不能把时间往后挪一点行不行,LLM_SYNTHETIC_SPOKEN_BASE,SYNTHETIC_TEXT
m3sbv1_015181,到时候先别急，确认一下是不是已经下单了再继续,LLM_SYNTHETIC_SPOKEN_BASE,SYNTHETIC_TEXT
m3sbv1_015182,这边我记得帮我确认一下下一站在哪里，免得后面又要重新弄,LLM_SYNTHETIC_SPOKEN_BASE,SYNTHETIC_TEXT
m3sbv1_015183,帮我把水再加一点以后跟我说一声就行,LLM_SYNTHETIC_SPOKEN_BASE,SYNTHETIC_TEXT
m3sbv1_015184,确认一下是不是已经下单了，如果不行就先别改,LLM_SYNTHETIC_SPOKEN_BASE,SYNTHETIC_TEXT
m3sbv1_015185,现场这边没别的要求，看一下这个是不是放错地方了就可以,LLM_SYNTHETIC_SPOKEN_BASE,SYNTHETIC_TEXT
m3sbv1_015186,你这边没别的要求，确认一下是不是同一个订单就可以,LLM_SYNTHETIC_SPOKEN_BASE,SYNTHETIC_TEXT
m3sbv1_015187,他们感觉帮我问一下还有没有空位，免得后面又要重新弄,LLM_SYNTHETIC_SPOKEN_BASE,SYNTHETIC_TEXT
m3sbv1_015188,他昨天看看谁还没有回复吧,LLM_SYNTHETIC_SPOKEN_BASE,SYNTHETIC_TEXT
m3sbv1_015189,我晚一点帮我问一下现在还能不能改别弄错了,LLM_SYNTHETIC_SPOKEN_BASE,SYNTHETIC_TEXT
m3sbv1_015190,她我估计看看是不是网络又断了，免得后面又要重新弄,LLM_SYNTHETIC_SPOKEN_BASE,SYNTHETIC_TEXT
m3sbv1_015191,现场我觉得帮我看看行李放在哪里，免得后面又要重新弄,LLM_SYNTHETIC_SPOKEN_BASE,SYNTHETIC_TEXT
m3sbv1_015192,之前先别急，看看空调能不能调高一点再继续,LLM_SYNTHETIC_SPOKEN_BASE,SYNTHETIC_TEXT
m3sbv1_015193,先看看前面是不是要左转，我确认完再跟你说,LLM_SYNTHETIC_SPOKEN_BASE,SYNTHETIC_TEXT
m3sbv1_015194,看起来看看空调能不能调高一点，你们这边好安排,LLM_SYNTHETIC_SPOKEN_BASE,SYNTHETIC_TEXT
m3sbv1_015195,你们可能确认一下这次只改这一部分，免得后面又要重新弄,LLM_SYNTHETIC_SPOKEN_BASE,SYNTHETIC_TEXT
m3sbv1_015196,可能看看这个杯子是不是我的，我刚才没听太清楚,LLM_SYNTHETIC_SPOKEN_BASE,SYNTHETIC_TEXT
m3sbv1_015197,那边我估计看看能不能多拿一条毛巾，免得后面又要重新弄,LLM_SYNTHETIC_SPOKEN_BASE,SYNTHETIC_TEXT
m3sbv1_015198,我听说把刚才说的重点再讲一遍，前面这边好安排,LLM_SYNTHETIC_SPOKEN_BASE,SYNTHETIC_TEXT
m3sbv1_015199,我确认一下把刚才说的重点再讲一遍，这边这边好安排,LLM_SYNTHETIC_SPOKEN_BASE,SYNTHETIC_TEXT
m3sbv1_015200,你们看起来先把这个问题单独记录下来，免得后面又要重新弄,LLM_SYNTHETIC_SPOKEN_BASE,SYNTHETIC_TEXT
m3sbv1_015201,晚一点看起来确认一下车是不是停在外面我怕等会儿忘了,LLM_SYNTHETIC_SPOKEN_BASE,SYNTHETIC_TEXT
m3sbv1_015202,等一下帮我找一下刚才那个页面，我确认完再跟你说,LLM_SYNTHETIC_SPOKEN_BASE,SYNTHETIC_TEXT
m3sbv1_015203,这两天确认一下这个功能是不是已经关掉了，我确认完再跟你说,LLM_SYNTHETIC_SPOKEN_BASE,SYNTHETIC_TEXT
m3sbv1_015204,他这边没别的要求，确认一下时间有没有改就可以,LLM_SYNTHETIC_SPOKEN_BASE,SYNTHETIC_TEXT
m3sbv1_015205,最近先别急，先把这一项记下来再继续,LLM_SYNTHETIC_SPOKEN_BASE,SYNTHETIC_TEXT
m3sbv1_015206,我这边没别的要求，帮我拿一下旁边那个袋子就可以,LLM_SYNTHETIC_SPOKEN_BASE,SYNTHETIC_TEXT
m3sbv1_015207,他们我觉得看看是不是配置没有生效，免得后面又要重新弄,LLM_SYNTHETIC_SPOKEN_BASE,SYNTHETIC_TEXT
m3sbv1_015208,那边昨天看看这个杯子是不是我的然后告诉我,LLM_SYNTHETIC_SPOKEN_BASE,SYNTHETIC_TEXT
m3sbv1_015209,现在我想问一下试一下重新打开能不能用我怕等会儿忘了,LLM_SYNTHETIC_SPOKEN_BASE,SYNTHETIC_TEXT
m3sbv1_015210,我们应该把这个先留着别动，免得后面又要重新弄,LLM_SYNTHETIC_SPOKEN_BASE,SYNTHETIC_TEXT
m3sbv1_015211,他等一下先把这一项记下来我有点不确定,LLM_SYNTHETIC_SPOKEN_BASE,SYNTHETIC_TEXT
m3sbv1_015212,先麻烦你看看能不能多拿一条毛巾行不行,LLM_SYNTHETIC_SPOKEN_BASE,SYNTHETIC_TEXT
m3sbv1_015213,今天应该确认一下退房时间是几点就行,LLM_SYNTHETIC_SPOKEN_BASE,SYNTHETIC_TEXT
m3sbv1_015214,你们好像先把这一项记下来，免得后面又要重新弄,LLM_SYNTHETIC_SPOKEN_BASE,SYNTHETIC_TEXT
m3sbv1_015215,后面先把这个先放到后面处理我怕等会儿忘了,LLM_SYNTHETIC_SPOKEN_BASE,SYNTHETIC_TEXT
m3sbv1_015216,可能看看能不能换成小份，你们这边好安排,LLM_SYNTHETIC_SPOKEN_BASE,SYNTHETIC_TEXT
m3sbv1_015217,晚一点麻烦你确认一下退房时间是几点别弄错了,LLM_SYNTHETIC_SPOKEN_BASE,SYNTHETIC_TEXT
m3sbv1_015218,你今天帮我换一个安静一点的位置我有点不确定,LLM_SYNTHETIC_SPOKEN_BASE,SYNTHETIC_TEXT
m3sbv1_015219,公司这边没别的要求，看一下这个是不是放错地方了就可以,LLM_SYNTHETIC_SPOKEN_BASE,SYNTHETIC_TEXT
m3sbv1_015220,店里最近看看能不能把时间往后挪一点别弄错了,LLM_SYNTHETIC_SPOKEN_BASE,SYNTHETIC_TEXT
m3sbv1_015221,那边这边没别的要求，看看这个版本是不是最新的就可以,LLM_SYNTHETIC_SPOKEN_BASE,SYNTHETIC_TEXT
m3sbv1_015222,现场昨天看看是不是还少了什么吧,LLM_SYNTHETIC_SPOKEN_BASE,SYNTHETIC_TEXT
m3sbv1_015223,晚一点我记得看看这个接口是不是又报错了我怕等会儿忘了,LLM_SYNTHETIC_SPOKEN_BASE,SYNTHETIC_TEXT
m3sbv1_015224,那边我确认一下看一下这个是不是放错地方了，免得后面又要重新弄,LLM_SYNTHETIC_SPOKEN_BASE,SYNTHETIC_TEXT
m3sbv1_015225,刚才先别急，先别取消我再确认一下再继续,LLM_SYNTHETIC_SPOKEN_BASE,SYNTHETIC_TEXT
m3sbv1_015226,我们到时候看看是不是选错选项了我有点不确定,LLM_SYNTHETIC_SPOKEN_BASE,SYNTHETIC_TEXT
m3sbv1_015227,你我想问一下看看能不能多拿一条毛巾，免得后面又要重新弄,LLM_SYNTHETIC_SPOKEN_BASE,SYNTHETIC_TEXT
m3sbv1_015228,先看一下这个是不是放错地方了，我确认完再跟你说,LLM_SYNTHETIC_SPOKEN_BASE,SYNTHETIC_TEXT
m3sbv1_015229,店里最近确认一下退房时间是几点我有点不确定,LLM_SYNTHETIC_SPOKEN_BASE,SYNTHETIC_TEXT
m3sbv1_015230,刚才帮我查一下刚才是哪一步失败了，我确认完再跟你说,LLM_SYNTHETIC_SPOKEN_BASE,SYNTHETIC_TEXT
m3sbv1_015231,后面可能先等等我马上就过来，免得后面又要重新弄,LLM_SYNTHETIC_SPOKEN_BASE,SYNTHETIC_TEXT
m3sbv1_015232,最近确认一下服务有没有启动，我确认完再跟你说,LLM_SYNTHETIC_SPOKEN_BASE,SYNTHETIC_TEXT
m3sbv1_015233,明天先别急，看看这个结果和昨天是不是一样再继续,LLM_SYNTHETIC_SPOKEN_BASE,SYNTHETIC_TEXT
m3sbv1_015234,我估计看看有没有更早一点的时间，这边这边好安排,LLM_SYNTHETIC_SPOKEN_BASE,SYNTHETIC_TEXT
m3sbv1_015235,现在看看是不是配置没有生效，我确认完再跟你说,LLM_SYNTHETIC_SPOKEN_BASE,SYNTHETIC_TEXT
m3sbv1_015236,感觉把最新版本发给我看一下，我刚才没听太清楚,LLM_SYNTHETIC_SPOKEN_BASE,SYNTHETIC_TEXT
m3sbv1_015237,你们刚才确认一下测试结果有没有更新我有点不确定,LLM_SYNTHETIC_SPOKEN_BASE,SYNTHETIC_TEXT
m3sbv1_015238,这两天麻烦你确认一下要不要提前预约吧,LLM_SYNTHETIC_SPOKEN_BASE,SYNTHETIC_TEXT
m3sbv1_015239,家里之前看一下这个是不是放错地方了然后告诉我,LLM_SYNTHETIC_SPOKEN_BASE,SYNTHETIC_TEXT
m3sbv1_015240,店里现在别着急我们按顺序来然后告诉我,LLM_SYNTHETIC_SPOKEN_BASE,SYNTHETIC_TEXT
m3sbv1_015241,晚一点先别急，帮我确认一下负责人是谁再继续,LLM_SYNTHETIC_SPOKEN_BASE,SYNTHETIC_TEXT
m3sbv1_015242,之前先别急，确认一下灯是不是都关了再继续,LLM_SYNTHETIC_SPOKEN_BASE,SYNTHETIC_TEXT
m3sbv1_015243,刚才麻烦你看看数据是不是重复了我想先确认清楚,LLM_SYNTHETIC_SPOKEN_BASE,SYNTHETIC_TEXT
m3sbv1_015244,现在麻烦你看看这个版本是不是最新的行不行,LLM_SYNTHETIC_SPOKEN_BASE,SYNTHETIC_TEXT
m3sbv1_015245,后面我估计试一下重新打开能不能用，免得后面又要重新弄,LLM_SYNTHETIC_SPOKEN_BASE,SYNTHETIC_TEXT
m3sbv1_015246,现场我觉得到的时候给我发个消息，免得后面又要重新弄,LLM_SYNTHETIC_SPOKEN_BASE,SYNTHETIC_TEXT
m3sbv1_015247,后面晚一点帮我看看附近有没有停车位行不行,LLM_SYNTHETIC_SPOKEN_BASE,SYNTHETIC_TEXT
m3sbv1_015248,他麻烦你确认一下测试结果有没有更新，免得后面又要重新弄,LLM_SYNTHETIC_SPOKEN_BASE,SYNTHETIC_TEXT
m3sbv1_015249,我确认一下把这个先放到后面处理，你们这边好安排,LLM_SYNTHETIC_SPOKEN_BASE,SYNTHETIC_TEXT
m3sbv1_015250,等一下好像看看能不能多拿一条毛巾我怕等会儿忘了,LLM_SYNTHETIC_SPOKEN_BASE,SYNTHETIC_TEXT
m3sbv1_015251,那边今天帮我拿一下旁边那个袋子然后告诉我,LLM_SYNTHETIC_SPOKEN_BASE,SYNTHETIC_TEXT
m3sbv1_015252,她一会儿看看这个结果和昨天是不是一样我怕等会儿忘了,LLM_SYNTHETIC_SPOKEN_BASE,SYNTHETIC_TEXT
m3sbv1_015253,我们晚一点帮我查一下刚才是哪一步失败了然后告诉我,LLM_SYNTHETIC_SPOKEN_BASE,SYNTHETIC_TEXT
m3sbv1_015254,感觉看看这个价格有没有包含费用，我刚才没听太清楚,LLM_SYNTHETIC_SPOKEN_BASE,SYNTHETIC_TEXT
m3sbv1_015255,现在我听说把位置发给我我自己过去行不行,LLM_SYNTHETIC_SPOKEN_BASE,SYNTHETIC_TEXT
m3sbv1_015256,我听说把地址再确认一下，这边这边好安排,LLM_SYNTHETIC_SPOKEN_BASE,SYNTHETIC_TEXT
m3sbv1_015257,我想问一下看看油还够不够，现场这边好安排,LLM_SYNTHETIC_SPOKEN_BASE,SYNTHETIC_TEXT
m3sbv1_015258,先确认一下停车要不要付费，我确认完再跟你说,LLM_SYNTHETIC_SPOKEN_BASE,SYNTHETIC_TEXT
m3sbv1_015259,今天我确认一下确认一下时间有没有改别弄错了,LLM_SYNTHETIC_SPOKEN_BASE,SYNTHETIC_TEXT
m3sbv1_015260,后面等一下帮我换一个安静一点的位置我想先确认清楚,LLM_SYNTHETIC_SPOKEN_BASE,SYNTHETIC_TEXT
m3sbv1_015261,先看起来把位置发给我我自己过去我再决定,LLM_SYNTHETIC_SPOKEN_BASE,SYNTHETIC_TEXT
m3sbv1_015262,家里我听说先把这个问题单独记录下来，免得后面又要重新弄,LLM_SYNTHETIC_SPOKEN_BASE,SYNTHETIC_TEXT
m3sbv1_015263,我觉得先把旧的那套逻辑放一边，我们这边好安排,LLM_SYNTHETIC_SPOKEN_BASE,SYNTHETIC_TEXT
m3sbv1_015264,麻烦你确认一下是不是已经付过了，他们这边好安排,LLM_SYNTHETIC_SPOKEN_BASE,SYNTHETIC_TEXT
m3sbv1_015265,可能试一下重新打开能不能用，我刚才没听太清楚,LLM_SYNTHETIC_SPOKEN_BASE,SYNTHETIC_TEXT
m3sbv1_015266,之前好像看看前面能不能掉头就行,LLM_SYNTHETIC_SPOKEN_BASE,SYNTHETIC_TEXT
m3sbv1_015267,看起来帮我看看为什么还没收到，我刚才没听太清楚,LLM_SYNTHETIC_SPOKEN_BASE,SYNTHETIC_TEXT
m3sbv1_015268,这两天感觉把刚才那条消息再发我一次吧,LLM_SYNTHETIC_SPOKEN_BASE,SYNTHETIC_TEXT
m3sbv1_015269,我记得别着急我们按顺序来，我刚才没听太清楚,LLM_SYNTHETIC_SPOKEN_BASE,SYNTHETIC_TEXT
m3sbv1_015270,你们这边没别的要求，看看导航是不是带错路了就可以,LLM_SYNTHETIC_SPOKEN_BASE,SYNTHETIC_TEXT
m3sbv1_015271,我记得确认一下测试结果有没有更新，我刚才没听太清楚,LLM_SYNTHETIC_SPOKEN_BASE,SYNTHETIC_TEXT
m3sbv1_015272,那边这边没别的要求，帮我把水再加一点就可以,LLM_SYNTHETIC_SPOKEN_BASE,SYNTHETIC_TEXT
m3sbv1_015273,我记得看看是不是选错选项了，我这边好安排,LLM_SYNTHETIC_SPOKEN_BASE,SYNTHETIC_TEXT
m3sbv1_015274,后面麻烦你确认一下测试结果有没有更新，免得后面又要重新弄,LLM_SYNTHETIC_SPOKEN_BASE,SYNTHETIC_TEXT
m3sbv1_015275,晚一点麻烦你问一下他们什么时候能到然后告诉我,LLM_SYNTHETIC_SPOKEN_BASE,SYNTHETIC_TEXT
m3sbv1_015276,家里我想问一下帮我找一下刚才那个页面，免得后面又要重新弄,LLM_SYNTHETIC_SPOKEN_BASE,SYNTHETIC_TEXT
m3sbv1_015277,现在我听说看看钥匙是不是还在车里我有点不确定,LLM_SYNTHETIC_SPOKEN_BASE,SYNTHETIC_TEXT
m3sbv1_015278,他们先再检查一遍有没有问题我怕等会儿忘了,LLM_SYNTHETIC_SPOKEN_BASE,SYNTHETIC_TEXT
m3sbv1_015279,我估计看看这个东西应该放哪里，我刚才没听太清楚,LLM_SYNTHETIC_SPOKEN_BASE,SYNTHETIC_TEXT
m3sbv1_015280,他们我确认一下帮我拿一下旁边那个袋子，免得后面又要重新弄,LLM_SYNTHETIC_SPOKEN_BASE,SYNTHETIC_TEXT
m3sbv1_015281,我想问一下帮我看看为什么还没收到，我刚才没听太清楚,LLM_SYNTHETIC_SPOKEN_BASE,SYNTHETIC_TEXT
m3sbv1_015282,看起来看看这个杯子是不是我的，后面这边好安排,LLM_SYNTHETIC_SPOKEN_BASE,SYNTHETIC_TEXT
m3sbv1_015283,他晚一点帮我看看这个菜里面有没有辣椒可以吗,LLM_SYNTHETIC_SPOKEN_BASE,SYNTHETIC_TEXT
m3sbv1_015284,他这边没别的要求，看看还有没有漏掉的步骤就可以,LLM_SYNTHETIC_SPOKEN_BASE,SYNTHETIC_TEXT
m3sbv1_015285,一会儿先别急，确认一下是不是从这里集合再继续,LLM_SYNTHETIC_SPOKEN_BASE,SYNTHETIC_TEXT
m3sbv1_015286,这边这边没别的要求，帮我查一下刚才是哪一步失败了就可以,LLM_SYNTHETIC_SPOKEN_BASE,SYNTHETIC_TEXT
m3sbv1_015287,这两天我觉得确认一下文件有没有传成功然后告诉我,LLM_SYNTHETIC_SPOKEN_BASE,SYNTHETIC_TEXT
m3sbv1_015288,等一下把刚才说的重点再讲一遍，我确认完再跟你说,LLM_SYNTHETIC_SPOKEN_BASE,SYNTHETIC_TEXT
m3sbv1_015289,最近麻烦你帮我把水再加一点行不行,LLM_SYNTHETIC_SPOKEN_BASE,SYNTHETIC_TEXT
m3sbv1_015290,等一下我记得帮我把需要验证的地方列出来可以吗,LLM_SYNTHETIC_SPOKEN_BASE,SYNTHETIC_TEXT
m3sbv1_015291,把地址再确认一下，如果不行就先别改,LLM_SYNTHETIC_SPOKEN_BASE,SYNTHETIC_TEXT
m3sbv1_015292,我记得看看还有没有漏掉的步骤，你们这边好安排,LLM_SYNTHETIC_SPOKEN_BASE,SYNTHETIC_TEXT
m3sbv1_015293,好像帮我确认一下下一站在哪里，前面这边好安排,LLM_SYNTHETIC_SPOKEN_BASE,SYNTHETIC_TEXT
m3sbv1_015294,把这个先放到后面处理，如果不行就先别改,LLM_SYNTHETIC_SPOKEN_BASE,SYNTHETIC_TEXT
m3sbv1_015295,你们我听说帮我问一下现在还能不能改，免得后面又要重新弄,LLM_SYNTHETIC_SPOKEN_BASE,SYNTHETIC_TEXT
m3sbv1_015296,之前我确认一下帮我看看日志里有没有异常我怕等会儿忘了,LLM_SYNTHETIC_SPOKEN_BASE,SYNTHETIC_TEXT
m3sbv1_015297,家里麻烦你先把旧的那套逻辑放一边，免得后面又要重新弄,LLM_SYNTHETIC_SPOKEN_BASE,SYNTHETIC_TEXT
m3sbv1_015298,先我觉得先别取消我再确认一下是不是,LLM_SYNTHETIC_SPOKEN_BASE,SYNTHETIC_TEXT
m3sbv1_015299,这两天我记得问一下能不能晚一点回来可以吗,LLM_SYNTHETIC_SPOKEN_BASE,SYNTHETIC_TEXT
m3sbv1_015300,早一点看看前面是不是要左转，我确认完再跟你说,LLM_SYNTHETIC_SPOKEN_BASE,SYNTHETIC_TEXT
m3sbv1_015301,前面明天告诉我大概还要多久我有点不确定,LLM_SYNTHETIC_SPOKEN_BASE,SYNTHETIC_TEXT
m3sbv1_015302,到时候先别急，看看这个接口是不是又报错了再继续,LLM_SYNTHETIC_SPOKEN_BASE,SYNTHETIC_TEXT
m3sbv1_015303,可能确认一下文件有没有传成功，店里这边好安排,LLM_SYNTHETIC_SPOKEN_BASE,SYNTHETIC_TEXT
m3sbv1_015304,我觉得确认一下名字有没有写错，我刚才没听太清楚,LLM_SYNTHETIC_SPOKEN_BASE,SYNTHETIC_TEXT
m3sbv1_015305,我记得确认一下是不是已经付过了，我刚才没听太清楚,LLM_SYNTHETIC_SPOKEN_BASE,SYNTHETIC_TEXT
m3sbv1_015306,那边先确认一下测试结果有没有更新别弄错了,LLM_SYNTHETIC_SPOKEN_BASE,SYNTHETIC_TEXT
m3sbv1_015307,我觉得帮我确认一下负责人是谁，你这边好安排,LLM_SYNTHETIC_SPOKEN_BASE,SYNTHETIC_TEXT
m3sbv1_015308,我觉得看看是不是网络又断了，我刚才没听太清楚,LLM_SYNTHETIC_SPOKEN_BASE,SYNTHETIC_TEXT
m3sbv1_015309,一会儿麻烦你帮我换一个安静一点的位置我怕等会儿忘了,LLM_SYNTHETIC_SPOKEN_BASE,SYNTHETIC_TEXT
m3sbv1_015310,前面感觉试一下重新打开能不能用，免得后面又要重新弄,LLM_SYNTHETIC_SPOKEN_BASE,SYNTHETIC_TEXT
m3sbv1_015311,现场一会儿先把旧的那套逻辑放一边我想先确认清楚,LLM_SYNTHETIC_SPOKEN_BASE,SYNTHETIC_TEXT
m3sbv1_015312,那边我确认一下确认一下时间有没有改，免得后面又要重新弄,LLM_SYNTHETIC_SPOKEN_BASE,SYNTHETIC_TEXT
m3sbv1_015313,最近我想问一下把这个先放到后面处理可以吗,LLM_SYNTHETIC_SPOKEN_BASE,SYNTHETIC_TEXT
m3sbv1_015314,那边这边没别的要求，确认一下这个功能是不是已经关掉了就可以,LLM_SYNTHETIC_SPOKEN_BASE,SYNTHETIC_TEXT
m3sbv1_015315,那边等一下先等等我马上就过来行不行,LLM_SYNTHETIC_SPOKEN_BASE,SYNTHETIC_TEXT
m3sbv1_015316,你到时候看看前面能不能掉头行不行,LLM_SYNTHETIC_SPOKEN_BASE,SYNTHETIC_TEXT
m3sbv1_015317,晚一点我听说问一下回来的车几点出发我怕等会儿忘了,LLM_SYNTHETIC_SPOKEN_BASE,SYNTHETIC_TEXT
m3sbv1_015318,早一点我确认一下到的时候给我发个消息我想先确认清楚,LLM_SYNTHETIC_SPOKEN_BASE,SYNTHETIC_TEXT
m3sbv1_015319,她早一点先把现在的结果保存下来我再决定,LLM_SYNTHETIC_SPOKEN_BASE,SYNTHETIC_TEXT
m3sbv1_015320,这两天先别急，把声音稍微调小一点再继续,LLM_SYNTHETIC_SPOKEN_BASE,SYNTHETIC_TEXT
m3sbv1_015321,看起来看看空调能不能调高一点，我刚才没听太清楚,LLM_SYNTHETIC_SPOKEN_BASE,SYNTHETIC_TEXT
m3sbv1_015322,这边先看看前面是不是要左转是不是,LLM_SYNTHETIC_SPOKEN_BASE,SYNTHETIC_TEXT
m3sbv1_015323,你们这边没别的要求，把刚才那条消息再发我一次就可以,LLM_SYNTHETIC_SPOKEN_BASE,SYNTHETIC_TEXT
m3sbv1_015324,到时候先别急，帮我把重复的内容删掉再继续,LLM_SYNTHETIC_SPOKEN_BASE,SYNTHETIC_TEXT
m3sbv1_015325,他们现在别着急我们按顺序来别弄错了,LLM_SYNTHETIC_SPOKEN_BASE,SYNTHETIC_TEXT
m3sbv1_015326,他们可能看看这个价格有没有包含费用，免得后面又要重新弄,LLM_SYNTHETIC_SPOKEN_BASE,SYNTHETIC_TEXT
m3sbv1_015327,我估计确认一下是不是已经付过了，这边这边好安排,LLM_SYNTHETIC_SPOKEN_BASE,SYNTHETIC_TEXT
m3sbv1_015328,现场这两天看看导航是不是带错路了行不行,LLM_SYNTHETIC_SPOKEN_BASE,SYNTHETIC_TEXT
m3sbv1_015329,可能先把这一项记下来，那边这边好安排,LLM_SYNTHETIC_SPOKEN_BASE,SYNTHETIC_TEXT
m3sbv1_015330,今天我听说看看这个杯子是不是我的,LLM_SYNTHETIC_SPOKEN_BASE,SYNTHETIC_TEXT
m3sbv1_015331,感觉帮我确认一下房间准备好了没有，家里这边好安排,LLM_SYNTHETIC_SPOKEN_BASE,SYNTHETIC_TEXT
m3sbv1_015332,店里晚一点帮我看看日志里有没有异常可以吗,LLM_SYNTHETIC_SPOKEN_BASE,SYNTHETIC_TEXT
m3sbv1_015333,到时候好像帮我把水再加一点可以吗,LLM_SYNTHETIC_SPOKEN_BASE,SYNTHETIC_TEXT
m3sbv1_015334,先先把这一项记下来，我确认完再跟你说,LLM_SYNTHETIC_SPOKEN_BASE,SYNTHETIC_TEXT
m3sbv1_015335,感觉再检查一遍有没有问题，后面这边好安排,LLM_SYNTHETIC_SPOKEN_BASE,SYNTHETIC_TEXT
m3sbv1_015336,我们一会儿看看数据是不是重复了然后告诉我,LLM_SYNTHETIC_SPOKEN_BASE,SYNTHETIC_TEXT
m3sbv1_015337,那边我听说确认一下这份文件是不是最终版，免得后面又要重新弄,LLM_SYNTHETIC_SPOKEN_BASE,SYNTHETIC_TEXT
m3sbv1_015338,后面好像确认一下这次只改这一部分，免得后面又要重新弄,LLM_SYNTHETIC_SPOKEN_BASE,SYNTHETIC_TEXT
m3sbv1_015339,我听说确认一下车是不是停在外面，我刚才没听太清楚,LLM_SYNTHETIC_SPOKEN_BASE,SYNTHETIC_TEXT
m3sbv1_015340,公司这边没别的要求，问一下还能不能加一个人就可以,LLM_SYNTHETIC_SPOKEN_BASE,SYNTHETIC_TEXT
m3sbv1_015341,你这边没别的要求，帮我找一下充电线放哪了就可以,LLM_SYNTHETIC_SPOKEN_BASE,SYNTHETIC_TEXT
m3sbv1_015342,现场刚才把门先关一下有点冷然后告诉我,LLM_SYNTHETIC_SPOKEN_BASE,SYNTHETIC_TEXT
m3sbv1_015343,我估计确认一下入口是不是在这边，后面这边好安排,LLM_SYNTHETIC_SPOKEN_BASE,SYNTHETIC_TEXT
m3sbv1_015344,先先别急，看看钥匙是不是还在车里再继续,LLM_SYNTHETIC_SPOKEN_BASE,SYNTHETIC_TEXT
m3sbv1_015345,这两天帮我问一下还有没有空位，我确认完再跟你说,LLM_SYNTHETIC_SPOKEN_BASE,SYNTHETIC_TEXT
m3sbv1_015346,我我估计帮我拿一下旁边那个袋子，免得后面又要重新弄,LLM_SYNTHETIC_SPOKEN_BASE,SYNTHETIC_TEXT
m3sbv1_015347,店里最近看看空调能不能调高一点别弄错了,LLM_SYNTHETIC_SPOKEN_BASE,SYNTHETIC_TEXT
m3sbv1_015348,感觉看看能不能多拿一条毛巾，这边这边好安排,LLM_SYNTHETIC_SPOKEN_BASE,SYNTHETIC_TEXT
m3sbv1_015349,她看起来看看谁还没有回复，免得后面又要重新弄,LLM_SYNTHETIC_SPOKEN_BASE,SYNTHETIC_TEXT
m3sbv1_015350,刚才我觉得先等等我马上就过来,LLM_SYNTHETIC_SPOKEN_BASE,SYNTHETIC_TEXT
m3sbv1_015351,先可能确认一下这次只改这一部分然后告诉我,LLM_SYNTHETIC_SPOKEN_BASE,SYNTHETIC_TEXT
m3sbv1_015352,晚一点应该把刚才那条消息再发我一次我怕等会儿忘了,LLM_SYNTHETIC_SPOKEN_BASE,SYNTHETIC_TEXT
m3sbv1_015353,应该把声音稍微调小一点，我刚才没听太清楚,LLM_SYNTHETIC_SPOKEN_BASE,SYNTHETIC_TEXT
m3sbv1_015354,昨天帮我找一下刚才那个页面，我确认完再跟你说,LLM_SYNTHETIC_SPOKEN_BASE,SYNTHETIC_TEXT
m3sbv1_015355,他我听说帮我看看这个菜里面有没有辣椒，免得后面又要重新弄,LLM_SYNTHETIC_SPOKEN_BASE,SYNTHETIC_TEXT
m3sbv1_015356,我觉得帮我看看日志里有没有异常，我刚才没听太清楚,LLM_SYNTHETIC_SPOKEN_BASE,SYNTHETIC_TEXT
m3sbv1_015357,先帮我查一下刚才是哪一步失败了，我确认完再跟你说,LLM_SYNTHETIC_SPOKEN_BASE,SYNTHETIC_TEXT
m3sbv1_015358,你们这边没别的要求，确认一下会议是不是改到下午了就可以,LLM_SYNTHETIC_SPOKEN_BASE,SYNTHETIC_TEXT
m3sbv1_015359,我记得看看这个杯子是不是我的，他们这边好安排,LLM_SYNTHETIC_SPOKEN_BASE,SYNTHETIC_TEXT
m3sbv1_015360,明天帮我看看为什么还没收到，我确认完再跟你说,LLM_SYNTHETIC_SPOKEN_BASE,SYNTHETIC_TEXT
m3sbv1_015361,今天感觉看看这个接口是不是又报错了,LLM_SYNTHETIC_SPOKEN_BASE,SYNTHETIC_TEXT
m3sbv1_015362,感觉确认一下入口是不是在这边，他们这边好安排,LLM_SYNTHETIC_SPOKEN_BASE,SYNTHETIC_TEXT
m3sbv1_015363,我估计先把现在的结果保存下来，我这边好安排,LLM_SYNTHETIC_SPOKEN_BASE,SYNTHETIC_TEXT
m3sbv1_015364,我我想问一下帮我把重复的内容删掉，免得后面又要重新弄,LLM_SYNTHETIC_SPOKEN_BASE,SYNTHETIC_TEXT
m3sbv1_015365,我听说看看有没有更早一点的时间，前面这边好安排,LLM_SYNTHETIC_SPOKEN_BASE,SYNTHETIC_TEXT
m3sbv1_015366,晚一点看一下这个是不是放错地方了，我确认完再跟你说,LLM_SYNTHETIC_SPOKEN_BASE,SYNTHETIC_TEXT
m3sbv1_015367,感觉看看有没有更早一点的时间，我刚才没听太清楚,LLM_SYNTHETIC_SPOKEN_BASE,SYNTHETIC_TEXT
m3sbv1_015368,先可能确认一下今天是不是正常营业我怕等会儿忘了,LLM_SYNTHETIC_SPOKEN_BASE,SYNTHETIC_TEXT
m3sbv1_015369,他们这边没别的要求，帮我问一下现在还能不能改就可以,LLM_SYNTHETIC_SPOKEN_BASE,SYNTHETIC_TEXT
m3sbv1_015370,这两天看起来看看有没有不用排队的办法我想先确认清楚,LLM_SYNTHETIC_SPOKEN_BASE,SYNTHETIC_TEXT
m3sbv1_015371,刚才再检查一遍有没有问题，我确认完再跟你说,LLM_SYNTHETIC_SPOKEN_BASE,SYNTHETIC_TEXT
m3sbv1_015372,你们这边没别的要求，帮我看看附近有没有停车位就可以,LLM_SYNTHETIC_SPOKEN_BASE,SYNTHETIC_TEXT
m3sbv1_015373,刚才先别急，问一下能不能晚一点回来再继续,LLM_SYNTHETIC_SPOKEN_BASE,SYNTHETIC_TEXT
m3sbv1_015374,后面明天确认一下是不是从这里集合就行,LLM_SYNTHETIC_SPOKEN_BASE,SYNTHETIC_TEXT
m3sbv1_015375,他这两天确认一下车是不是停在外面然后告诉我,LLM_SYNTHETIC_SPOKEN_BASE,SYNTHETIC_TEXT
m3sbv1_015376,现在先别急，看看这个结果和昨天是不是一样再继续,LLM_SYNTHETIC_SPOKEN_BASE,SYNTHETIC_TEXT
m3sbv1_015377,一会儿我想问一下先把旧的那套逻辑放一边我有点不确定,LLM_SYNTHETIC_SPOKEN_BASE,SYNTHETIC_TEXT
m3sbv1_015378,店里这两天把这个先留着别动别弄错了,LLM_SYNTHETIC_SPOKEN_BASE,SYNTHETIC_TEXT
m3sbv1_015379,要是方便的话先把旧的那套逻辑放一边，不用特意等我,LLM_SYNTHETIC_SPOKEN_BASE,SYNTHETIC_TEXT
m3sbv1_015380,等一下看起来确认一下是不是已经付过了我怕等会儿忘了,LLM_SYNTHETIC_SPOKEN_BASE,SYNTHETIC_TEXT
m3sbv1_015381,今天帮我看看这个零件是不是松了，我确认完再跟你说,LLM_SYNTHETIC_SPOKEN_BASE,SYNTHETIC_TEXT
m3sbv1_015382,昨天我想问一下告诉我大概还要多久然后告诉我,LLM_SYNTHETIC_SPOKEN_BASE,SYNTHETIC_TEXT
m3sbv1_015383,你们晚一点把这个问题先记到清单里别弄错了,LLM_SYNTHETIC_SPOKEN_BASE,SYNTHETIC_TEXT
m3sbv1_015384,应该再检查一遍有没有问题，他这边好安排,LLM_SYNTHETIC_SPOKEN_BASE,SYNTHETIC_TEXT
m3sbv1_015385,我这边没别的要求，看看是不是网络又断了就可以,LLM_SYNTHETIC_SPOKEN_BASE,SYNTHETIC_TEXT
m3sbv1_015386,看起来确认一下今天是不是正常营业，她这边好安排,LLM_SYNTHETIC_SPOKEN_BASE,SYNTHETIC_TEXT
m3sbv1_015387,麻烦你看看数据是不是重复了，我刚才没听太清楚,LLM_SYNTHETIC_SPOKEN_BASE,SYNTHETIC_TEXT
m3sbv1_015388,等一下确认一下是不是已经下单了，我确认完再跟你说,LLM_SYNTHETIC_SPOKEN_BASE,SYNTHETIC_TEXT
m3sbv1_015389,可能确认一下会议是不是改到下午了，我刚才没听太清楚,LLM_SYNTHETIC_SPOKEN_BASE,SYNTHETIC_TEXT
m3sbv1_015390,她我想问一下把门先关一下有点冷，免得后面又要重新弄,LLM_SYNTHETIC_SPOKEN_BASE,SYNTHETIC_TEXT
m3sbv1_015391,我记得看看这个价格有没有包含费用，我刚才没听太清楚,LLM_SYNTHETIC_SPOKEN_BASE,SYNTHETIC_TEXT
m3sbv1_015392,应该帮我确认一下房间准备好了没有，我刚才没听太清楚,LLM_SYNTHETIC_SPOKEN_BASE,SYNTHETIC_TEXT
m3sbv1_015393,我这边没别的要求，确认一下是不是同一个订单就可以,LLM_SYNTHETIC_SPOKEN_BASE,SYNTHETIC_TEXT
m3sbv1_015394,这边这边没别的要求，把这个先留着别动就可以,LLM_SYNTHETIC_SPOKEN_BASE,SYNTHETIC_TEXT
m3sbv1_015395,他们这两天把这个问题先记到清单里我再决定,LLM_SYNTHETIC_SPOKEN_BASE,SYNTHETIC_TEXT
m3sbv1_015396,你这边没别的要求，确认一下要不要提前预约就可以,LLM_SYNTHETIC_SPOKEN_BASE,SYNTHETIC_TEXT
m3sbv1_015397,我估计看看数据是不是重复了，现场这边好安排,LLM_SYNTHETIC_SPOKEN_BASE,SYNTHETIC_TEXT
m3sbv1_015398,我想问一下帮我确认一下负责人是谁，家里这边好安排,LLM_SYNTHETIC_SPOKEN_BASE,SYNTHETIC_TEXT
m3sbv1_015399,后面我听说帮我找一下充电线放哪了，免得后面又要重新弄,LLM_SYNTHETIC_SPOKEN_BASE,SYNTHETIC_TEXT
m3sbv1_015400,我确认一下到的时候给我发个消息，我这边好安排,LLM_SYNTHETIC_SPOKEN_BASE,SYNTHETIC_TEXT
m3sbv1_015401,我估计确认一下今天是不是正常营业，你这边好安排,LLM_SYNTHETIC_SPOKEN_BASE,SYNTHETIC_TEXT
m3sbv1_015402,我确认一下确认一下轮胎是不是有点软，后面这边好安排,LLM_SYNTHETIC_SPOKEN_BASE,SYNTHETIC_TEXT
m3sbv1_015403,公司看起来看看还有没有漏掉的步骤，免得后面又要重新弄,LLM_SYNTHETIC_SPOKEN_BASE,SYNTHETIC_TEXT
m3sbv1_015404,我听说看看能不能多拿一条毛巾，我刚才没听太清楚,LLM_SYNTHETIC_SPOKEN_BASE,SYNTHETIC_TEXT
m3sbv1_015405,好像先把旧的那套逻辑放一边，我刚才没听太清楚,LLM_SYNTHETIC_SPOKEN_BASE,SYNTHETIC_TEXT
m3sbv1_015406,明天我估计帮我看看行李放在哪里是不是,LLM_SYNTHETIC_SPOKEN_BASE,SYNTHETIC_TEXT
m3sbv1_015407,你好像先把这一项记下来，免得后面又要重新弄,LLM_SYNTHETIC_SPOKEN_BASE,SYNTHETIC_TEXT
m3sbv1_015408,我觉得看看前面能不能掉头，你们这边好安排,LLM_SYNTHETIC_SPOKEN_BASE,SYNTHETIC_TEXT
m3sbv1_015409,他这两天看看数据是不是重复了是不是,LLM_SYNTHETIC_SPOKEN_BASE,SYNTHETIC_TEXT
m3sbv1_015410,前面到时候帮我换一个安静一点的位置是不是,LLM_SYNTHETIC_SPOKEN_BASE,SYNTHETIC_TEXT
m3sbv1_015411,我们现在把声音稍微调小一点我想先确认清楚,LLM_SYNTHETIC_SPOKEN_BASE,SYNTHETIC_TEXT
m3sbv1_015412,现场刚才把位置发给我我自己过去我想先确认清楚,LLM_SYNTHETIC_SPOKEN_BASE,SYNTHETIC_TEXT
m3sbv1_015413,先我想问一下到的时候给我发个消息,LLM_SYNTHETIC_SPOKEN_BASE,SYNTHETIC_TEXT
m3sbv1_015414,现在我记得确认一下测试结果有没有更新我想先确认清楚,LLM_SYNTHETIC_SPOKEN_BASE,SYNTHETIC_TEXT
m3sbv1_015415,你之前把声音稍微调小一点我有点不确定,LLM_SYNTHETIC_SPOKEN_BASE,SYNTHETIC_TEXT
m3sbv1_015416,昨天帮我听一下这个声音正不正常，我确认完再跟你说,LLM_SYNTHETIC_SPOKEN_BASE,SYNTHETIC_TEXT
m3sbv1_015417,她这边没别的要求，确认一下是不是从这里集合就可以,LLM_SYNTHETIC_SPOKEN_BASE,SYNTHETIC_TEXT
m3sbv1_015418,我确认一下把这个先留着别动，她这边好安排,LLM_SYNTHETIC_SPOKEN_BASE,SYNTHETIC_TEXT
m3sbv1_015419,这两天看看这个杯子是不是我的，我确认完再跟你说,LLM_SYNTHETIC_SPOKEN_BASE,SYNTHETIC_TEXT
m3sbv1_015420,我确认一下确认一下灯是不是都关了，公司这边好安排,LLM_SYNTHETIC_SPOKEN_BASE,SYNTHETIC_TEXT
m3sbv1_015421,之前我确认一下帮我看看附近有没有停车位我有点不确定,LLM_SYNTHETIC_SPOKEN_BASE,SYNTHETIC_TEXT
m3sbv1_015422,我们这边没别的要求，看看这个结果和昨天是不是一样就可以,LLM_SYNTHETIC_SPOKEN_BASE,SYNTHETIC_TEXT
m3sbv1_015423,可能看看空调能不能调高一点，她这边好安排,LLM_SYNTHETIC_SPOKEN_BASE,SYNTHETIC_TEXT
m3sbv1_015424,家里我估计帮我看看附近有没有停车位，免得后面又要重新弄,LLM_SYNTHETIC_SPOKEN_BASE,SYNTHETIC_TEXT
m3sbv1_015425,刚才先别急，看看能不能多拿一条毛巾再继续,LLM_SYNTHETIC_SPOKEN_BASE,SYNTHETIC_TEXT
m3sbv1_015426,店里我听说问一下他们什么时候能到，免得后面又要重新弄,LLM_SYNTHETIC_SPOKEN_BASE,SYNTHETIC_TEXT
m3sbv1_015427,他们应该先把这一项记下来，免得后面又要重新弄,LLM_SYNTHETIC_SPOKEN_BASE,SYNTHETIC_TEXT
m3sbv1_015428,应该确认一下名字有没有写错，我刚才没听太清楚,LLM_SYNTHETIC_SPOKEN_BASE,SYNTHETIC_TEXT
m3sbv1_015429,之前我想问一下确认一下时间有没有改我想先确认清楚,LLM_SYNTHETIC_SPOKEN_BASE,SYNTHETIC_TEXT
m3sbv1_015430,店里刚才告诉我大概还要多久就行,LLM_SYNTHETIC_SPOKEN_BASE,SYNTHETIC_TEXT
m3sbv1_015431,应该把刚才说的重点再讲一遍，你这边好安排,LLM_SYNTHETIC_SPOKEN_BASE,SYNTHETIC_TEXT
m3sbv1_015432,刚才我估计看看有没有影响到别的模块是不是,LLM_SYNTHETIC_SPOKEN_BASE,SYNTHETIC_TEXT
m3sbv1_015433,昨天看看能不能多拿一条毛巾，我确认完再跟你说,LLM_SYNTHETIC_SPOKEN_BASE,SYNTHETIC_TEXT
m3sbv1_015434,后面这两天看看前面能不能掉头我想先确认清楚,LLM_SYNTHETIC_SPOKEN_BASE,SYNTHETIC_TEXT
m3sbv1_015435,她先帮我查一下刚才是哪一步失败了然后告诉我,LLM_SYNTHETIC_SPOKEN_BASE,SYNTHETIC_TEXT
m3sbv1_015436,现场早一点确认一下灯是不是都关了,LLM_SYNTHETIC_SPOKEN_BASE,SYNTHETIC_TEXT
m3sbv1_015437,可能把这个先留着别动，我这边好安排,LLM_SYNTHETIC_SPOKEN_BASE,SYNTHETIC_TEXT
m3sbv1_015438,明天好像确认一下灯是不是都关了我再决定,LLM_SYNTHETIC_SPOKEN_BASE,SYNTHETIC_TEXT
m3sbv1_015439,现场我估计帮我确认一下负责人是谁，免得后面又要重新弄,LLM_SYNTHETIC_SPOKEN_BASE,SYNTHETIC_TEXT
m3sbv1_015440,今天我觉得帮我把水再加一点我有点不确定,LLM_SYNTHETIC_SPOKEN_BASE,SYNTHETIC_TEXT
m3sbv1_015441,最近感觉再检查一遍有没有问题吧,LLM_SYNTHETIC_SPOKEN_BASE,SYNTHETIC_TEXT
m3sbv1_015442,之前先别急，确认一下要不要提前预约再继续,LLM_SYNTHETIC_SPOKEN_BASE,SYNTHETIC_TEXT
m3sbv1_015443,晚一点我记得确认一下是不是已经下单了就行,LLM_SYNTHETIC_SPOKEN_BASE,SYNTHETIC_TEXT
m3sbv1_015444,现在先别急，帮我把水再加一点再继续,LLM_SYNTHETIC_SPOKEN_BASE,SYNTHETIC_TEXT
m3sbv1_015445,前面刚才看看这个东西应该放哪里是不是,LLM_SYNTHETIC_SPOKEN_BASE,SYNTHETIC_TEXT
m3sbv1_015446,他们这边没别的要求，看看这个东西应该放哪里就可以,LLM_SYNTHETIC_SPOKEN_BASE,SYNTHETIC_TEXT
m3sbv1_015447,前面这两天确认一下是不是已经下单了可以吗,LLM_SYNTHETIC_SPOKEN_BASE,SYNTHETIC_TEXT
m3sbv1_015448,好像帮我问一下还有没有空位，那边这边好安排,LLM_SYNTHETIC_SPOKEN_BASE,SYNTHETIC_TEXT
m3sbv1_015449,感觉帮我确认一下字段有没有变，现场这边好安排,LLM_SYNTHETIC_SPOKEN_BASE,SYNTHETIC_TEXT
m3sbv1_015450,我估计先别取消我再确认一下，你这边好安排,LLM_SYNTHETIC_SPOKEN_BASE,SYNTHETIC_TEXT
m3sbv1_015451,我确认一下看看能不能多拿一条毛巾，那边这边好安排,LLM_SYNTHETIC_SPOKEN_BASE,SYNTHETIC_TEXT
m3sbv1_015452,现在麻烦你看看这个接口是不是又报错了然后告诉我,LLM_SYNTHETIC_SPOKEN_BASE,SYNTHETIC_TEXT
m3sbv1_015453,现场明天看看这个结果和昨天是不是一样然后告诉我,LLM_SYNTHETIC_SPOKEN_BASE,SYNTHETIC_TEXT
m3sbv1_015454,应该看看谁还没有回复，这边这边好安排,LLM_SYNTHETIC_SPOKEN_BASE,SYNTHETIC_TEXT
m3sbv1_015455,先我觉得帮我看看行李放在哪里我再决定,LLM_SYNTHETIC_SPOKEN_BASE,SYNTHETIC_TEXT
m3sbv1_015456,后面感觉把这个先放到后面处理，免得后面又要重新弄,LLM_SYNTHETIC_SPOKEN_BASE,SYNTHETIC_TEXT
m3sbv1_015457,这边我确认一下确认一下车是不是停在外面，免得后面又要重新弄,LLM_SYNTHETIC_SPOKEN_BASE,SYNTHETIC_TEXT
m3sbv1_015458,等一下看看能不能把时间往后挪一点，我确认完再跟你说,LLM_SYNTHETIC_SPOKEN_BASE,SYNTHETIC_TEXT
m3sbv1_015459,这边这边没别的要求，告诉我大概还要多久就可以,LLM_SYNTHETIC_SPOKEN_BASE,SYNTHETIC_TEXT
m3sbv1_015460,他们一会儿问一下能不能晚一点回来别弄错了,LLM_SYNTHETIC_SPOKEN_BASE,SYNTHETIC_TEXT
m3sbv1_015461,等一下我确认一下确认一下名字有没有写错就行,LLM_SYNTHETIC_SPOKEN_BASE,SYNTHETIC_TEXT
m3sbv1_015462,他先看看谁还没有回复然后告诉我,LLM_SYNTHETIC_SPOKEN_BASE,SYNTHETIC_TEXT
m3sbv1_015463,后面这边没别的要求，帮我确认一下负责人是谁就可以,LLM_SYNTHETIC_SPOKEN_BASE,SYNTHETIC_TEXT
m3sbv1_015464,现在先等等我马上就过来，我确认完再跟你说,LLM_SYNTHETIC_SPOKEN_BASE,SYNTHETIC_TEXT
m3sbv1_015465,今天看看能不能把时间往后挪一点，我确认完再跟你说,LLM_SYNTHETIC_SPOKEN_BASE,SYNTHETIC_TEXT
m3sbv1_015466,你们现在看看前面是不是要左转别弄错了,LLM_SYNTHETIC_SPOKEN_BASE,SYNTHETIC_TEXT
m3sbv1_015467,我觉得把位置发给我我自己过去，你们这边好安排,LLM_SYNTHETIC_SPOKEN_BASE,SYNTHETIC_TEXT
m3sbv1_015468,刚才我确认一下帮我看看这个号码对不对就行,LLM_SYNTHETIC_SPOKEN_BASE,SYNTHETIC_TEXT
m3sbv1_015469,最近看起来帮我问一下还有没有空位就行,LLM_SYNTHETIC_SPOKEN_BASE,SYNTHETIC_TEXT
m3sbv1_015470,一会儿先别急，看看前面是不是要左转再继续,LLM_SYNTHETIC_SPOKEN_BASE,SYNTHETIC_TEXT
m3sbv1_015471,我想问一下告诉我大概还要多久，前面这边好安排,LLM_SYNTHETIC_SPOKEN_BASE,SYNTHETIC_TEXT
m3sbv1_015472,我想问一下帮我看看日志里有没有异常，你这边好安排,LLM_SYNTHETIC_SPOKEN_BASE,SYNTHETIC_TEXT
m3sbv1_015473,昨天确认一下这次只改这一部分，我确认完再跟你说,LLM_SYNTHETIC_SPOKEN_BASE,SYNTHETIC_TEXT
m3sbv1_015474,家里刚才确认一下是不是同一个订单我想先确认清楚,LLM_SYNTHETIC_SPOKEN_BASE,SYNTHETIC_TEXT
m3sbv1_015475,现在再检查一遍有没有问题，我确认完再跟你说,LLM_SYNTHETIC_SPOKEN_BASE,SYNTHETIC_TEXT
m3sbv1_015476,昨天我确认一下确认一下服务有没有启动然后告诉我,LLM_SYNTHETIC_SPOKEN_BASE,SYNTHETIC_TEXT
m3sbv1_015477,好像帮我查一下刚才是哪一步失败了，我刚才没听太清楚,LLM_SYNTHETIC_SPOKEN_BASE,SYNTHETIC_TEXT
m3sbv1_015478,等一下我觉得帮我把水再加一点然后告诉我,LLM_SYNTHETIC_SPOKEN_BASE,SYNTHETIC_TEXT
m3sbv1_015479,今天先别急，确认一下这次只改这一部分再继续,LLM_SYNTHETIC_SPOKEN_BASE,SYNTHETIC_TEXT
m3sbv1_015480,我确认一下确认一下今天是不是正常营业，我刚才没听太清楚,LLM_SYNTHETIC_SPOKEN_BASE,SYNTHETIC_TEXT
m3sbv1_015481,家里这边没别的要求，确认一下要不要提前预约就可以,LLM_SYNTHETIC_SPOKEN_BASE,SYNTHETIC_TEXT
m3sbv1_015482,早一点确认一下入口是不是在这边，我确认完再跟你说,LLM_SYNTHETIC_SPOKEN_BASE,SYNTHETIC_TEXT
m3sbv1_015483,看起来看看钥匙是不是还在车里，我这边好安排,LLM_SYNTHETIC_SPOKEN_BASE,SYNTHETIC_TEXT
m3sbv1_015484,要是方便的话确认一下这个功能是不是已经关掉了，不用特意等我,LLM_SYNTHETIC_SPOKEN_BASE,SYNTHETIC_TEXT
m3sbv1_015485,我想问一下把位置发给我我自己过去，那边这边好安排,LLM_SYNTHETIC_SPOKEN_BASE,SYNTHETIC_TEXT
m3sbv1_015486,前面早一点看看能不能多拿一条毛巾,LLM_SYNTHETIC_SPOKEN_BASE,SYNTHETIC_TEXT
m3sbv1_015487,我记得看看能不能多拿一条毛巾，我这边好安排,LLM_SYNTHETIC_SPOKEN_BASE,SYNTHETIC_TEXT
m3sbv1_015488,明天先别急，把声音稍微调小一点再继续,LLM_SYNTHETIC_SPOKEN_BASE,SYNTHETIC_TEXT
m3sbv1_015489,看起来确认一下灯是不是都关了，我刚才没听太清楚,LLM_SYNTHETIC_SPOKEN_BASE,SYNTHETIC_TEXT
m3sbv1_015490,现场好像帮我看看这个零件是不是松了，免得后面又要重新弄,LLM_SYNTHETIC_SPOKEN_BASE,SYNTHETIC_TEXT
m3sbv1_015491,昨天先别急，先等等我马上就过来再继续,LLM_SYNTHETIC_SPOKEN_BASE,SYNTHETIC_TEXT
m3sbv1_015492,我觉得确认一下车是不是停在外面，我这边好安排,LLM_SYNTHETIC_SPOKEN_BASE,SYNTHETIC_TEXT
m3sbv1_015493,那边我估计把门先关一下有点冷，免得后面又要重新弄,LLM_SYNTHETIC_SPOKEN_BASE,SYNTHETIC_TEXT
m3sbv1_015494,我们应该看看有没有更早一点的时间，免得后面又要重新弄,LLM_SYNTHETIC_SPOKEN_BASE,SYNTHETIC_TEXT
m3sbv1_015495,你们现在看看是不是网络又断了然后告诉我,LLM_SYNTHETIC_SPOKEN_BASE,SYNTHETIC_TEXT
m3sbv1_015496,我确认一下先把现在的结果保存下来，她这边好安排,LLM_SYNTHETIC_SPOKEN_BASE,SYNTHETIC_TEXT
m3sbv1_015497,你们到时候别着急我们按顺序来吧,LLM_SYNTHETIC_SPOKEN_BASE,SYNTHETIC_TEXT
m3sbv1_015498,他这边没别的要求，帮我问一下现在还能不能改就可以,LLM_SYNTHETIC_SPOKEN_BASE,SYNTHETIC_TEXT
m3sbv1_015499,现在应该确认一下轮胎是不是有点软可以吗,LLM_SYNTHETIC_SPOKEN_BASE,SYNTHETIC_TEXT
m3sbv1_015500,前面晚一点看看导航是不是带错路了吧,LLM_SYNTHETIC_SPOKEN_BASE,SYNTHETIC_TEXT
m3sbv1_015501,你应该看看有没有影响到别的模块，免得后面又要重新弄,LLM_SYNTHETIC_SPOKEN_BASE,SYNTHETIC_TEXT
m3sbv1_015502,家里等一下确认一下时间有没有改行不行,LLM_SYNTHETIC_SPOKEN_BASE,SYNTHETIC_TEXT
m3sbv1_015503,看看数据是不是重复了，如果不行就先别改,LLM_SYNTHETIC_SPOKEN_BASE,SYNTHETIC_TEXT
m3sbv1_015504,今天先别急，试一下重新打开能不能用再继续,LLM_SYNTHETIC_SPOKEN_BASE,SYNTHETIC_TEXT
m3sbv1_015505,后面刚才看看这个价格有没有包含费用行不行,LLM_SYNTHETIC_SPOKEN_BASE,SYNTHETIC_TEXT
m3sbv1_015506,晚一点可能看一下这个是不是放错地方了就行,LLM_SYNTHETIC_SPOKEN_BASE,SYNTHETIC_TEXT
m3sbv1_015507,你们一会儿确认一下会议是不是改到下午了我再决定,LLM_SYNTHETIC_SPOKEN_BASE,SYNTHETIC_TEXT
m3sbv1_015508,确认一下是不是从这里集合以后跟我说一声就行,LLM_SYNTHETIC_SPOKEN_BASE,SYNTHETIC_TEXT
m3sbv1_015509,今天帮我找一下刚才那个页面，我确认完再跟你说,LLM_SYNTHETIC_SPOKEN_BASE,SYNTHETIC_TEXT
m3sbv1_015510,早一点帮我看看这个零件是不是松了，我确认完再跟你说,LLM_SYNTHETIC_SPOKEN_BASE,SYNTHETIC_TEXT
m3sbv1_015511,我这边没别的要求，确认一下灯是不是都关了就可以,LLM_SYNTHETIC_SPOKEN_BASE,SYNTHETIC_TEXT
m3sbv1_015512,他们这边没别的要求，帮我查一下刚才是哪一步失败了就可以,LLM_SYNTHETIC_SPOKEN_BASE,SYNTHETIC_TEXT
m3sbv1_015513,家里可能帮我找一下刚才那个页面，免得后面又要重新弄,LLM_SYNTHETIC_SPOKEN_BASE,SYNTHETIC_TEXT
m3sbv1_015514,好像把声音稍微调小一点，你这边好安排,LLM_SYNTHETIC_SPOKEN_BASE,SYNTHETIC_TEXT
m3sbv1_015515,先先别急，帮我查一下刚才是哪一步失败了再继续,LLM_SYNTHETIC_SPOKEN_BASE,SYNTHETIC_TEXT
m3sbv1_015516,他们可能先等等我马上就过来，免得后面又要重新弄,LLM_SYNTHETIC_SPOKEN_BASE,SYNTHETIC_TEXT
m3sbv1_015517,等一下我听说看看数据是不是重复了然后告诉我,LLM_SYNTHETIC_SPOKEN_BASE,SYNTHETIC_TEXT
m3sbv1_015518,我听说看看油还够不够，公司这边好安排,LLM_SYNTHETIC_SPOKEN_BASE,SYNTHETIC_TEXT
m3sbv1_015519,昨天可能看看是不是选错选项了就行,LLM_SYNTHETIC_SPOKEN_BASE,SYNTHETIC_TEXT
m3sbv1_015520,看起来把这个先留着别动，我刚才没听太清楚,LLM_SYNTHETIC_SPOKEN_BASE,SYNTHETIC_TEXT
m3sbv1_015521,我确认一下看看是不是网络又断了，他这边好安排,LLM_SYNTHETIC_SPOKEN_BASE,SYNTHETIC_TEXT
m3sbv1_015522,今天我听说确认一下服务有没有启动可以吗,LLM_SYNTHETIC_SPOKEN_BASE,SYNTHETIC_TEXT
m3sbv1_015523,你看起来试一下重新打开能不能用，免得后面又要重新弄,LLM_SYNTHETIC_SPOKEN_BASE,SYNTHETIC_TEXT
m3sbv1_015524,后面昨天问一下能不能晚一点回来我再决定,LLM_SYNTHETIC_SPOKEN_BASE,SYNTHETIC_TEXT
m3sbv1_015525,你我想问一下帮我确认一下下一站在哪里，免得后面又要重新弄,LLM_SYNTHETIC_SPOKEN_BASE,SYNTHETIC_TEXT
m3sbv1_015526,家里我确认一下帮我查一下刚才是哪一步失败了，免得后面又要重新弄,LLM_SYNTHETIC_SPOKEN_BASE,SYNTHETIC_TEXT
m3sbv1_015527,看看有没有影响到别的模块，如果不行就先别改,LLM_SYNTHETIC_SPOKEN_BASE,SYNTHETIC_TEXT
m3sbv1_015528,公司明天把这个问题先记到清单里然后告诉我,LLM_SYNTHETIC_SPOKEN_BASE,SYNTHETIC_TEXT
m3sbv1_015529,我觉得看看钥匙是不是还在车里，我刚才没听太清楚,LLM_SYNTHETIC_SPOKEN_BASE,SYNTHETIC_TEXT
m3sbv1_015530,家里我记得先把这个问题单独记录下来，免得后面又要重新弄,LLM_SYNTHETIC_SPOKEN_BASE,SYNTHETIC_TEXT
m3sbv1_015531,这边这边没别的要求，帮我看看附近有没有停车位就可以,LLM_SYNTHETIC_SPOKEN_BASE,SYNTHETIC_TEXT
m3sbv1_015532,好像看看是不是还少了什么，这边这边好安排,LLM_SYNTHETIC_SPOKEN_BASE,SYNTHETIC_TEXT
m3sbv1_015533,我一会儿看看前面能不能掉头我怕等会儿忘了,LLM_SYNTHETIC_SPOKEN_BASE,SYNTHETIC_TEXT
m3sbv1_015534,刚才帮我看看这个菜里面有没有辣椒，我确认完再跟你说,LLM_SYNTHETIC_SPOKEN_BASE,SYNTHETIC_TEXT
m3sbv1_015535,确认一下要不要提前预约以后跟我说一声就行,LLM_SYNTHETIC_SPOKEN_BASE,SYNTHETIC_TEXT
m3sbv1_015536,我听说看看钥匙是不是还在车里，后面这边好安排,LLM_SYNTHETIC_SPOKEN_BASE,SYNTHETIC_TEXT
m3sbv1_015537,之前先别急，先等等我马上就过来再继续,LLM_SYNTHETIC_SPOKEN_BASE,SYNTHETIC_TEXT
m3sbv1_015538,我记得帮我找一下充电线放哪了，这边这边好安排,LLM_SYNTHETIC_SPOKEN_BASE,SYNTHETIC_TEXT
m3sbv1_015539,那边等一下看看这个接口是不是又报错了就行,LLM_SYNTHETIC_SPOKEN_BASE,SYNTHETIC_TEXT
m3sbv1_015540,他们我确认一下看看有没有不用排队的办法，免得后面又要重新弄,LLM_SYNTHETIC_SPOKEN_BASE,SYNTHETIC_TEXT
m3sbv1_015541,麻烦你把这个先留着别动，我刚才没听太清楚,LLM_SYNTHETIC_SPOKEN_BASE,SYNTHETIC_TEXT
m3sbv1_015542,一会儿麻烦你确认一下轮胎是不是有点软可以吗,LLM_SYNTHETIC_SPOKEN_BASE,SYNTHETIC_TEXT
m3sbv1_015543,可能看看前面能不能掉头，后面这边好安排,LLM_SYNTHETIC_SPOKEN_BASE,SYNTHETIC_TEXT
m3sbv1_015544,最近先别急，帮我查一下刚才是哪一步失败了再继续,LLM_SYNTHETIC_SPOKEN_BASE,SYNTHETIC_TEXT
m3sbv1_015545,现场到时候确认一下退房时间是几点吧,LLM_SYNTHETIC_SPOKEN_BASE,SYNTHETIC_TEXT
m3sbv1_015546,晚一点麻烦你先把这个问题单独记录下来我再决定,LLM_SYNTHETIC_SPOKEN_BASE,SYNTHETIC_TEXT
m3sbv1_015547,这边一会儿看看这个接口是不是又报错了,LLM_SYNTHETIC_SPOKEN_BASE,SYNTHETIC_TEXT
m3sbv1_015548,之前我想问一下看看这个结果和昨天是不是一样别弄错了,LLM_SYNTHETIC_SPOKEN_BASE,SYNTHETIC_TEXT
m3sbv1_015549,前面早一点把声音稍微调小一点,LLM_SYNTHETIC_SPOKEN_BASE,SYNTHETIC_TEXT
m3sbv1_015550,店里晚一点看看前面是不是要左转吧,LLM_SYNTHETIC_SPOKEN_BASE,SYNTHETIC_TEXT
m3sbv1_015551,店里我记得确认一下要不要提前预约，免得后面又要重新弄,LLM_SYNTHETIC_SPOKEN_BASE,SYNTHETIC_TEXT
m3sbv1_015552,我确认一下看看有没有影响到别的模块，我这边好安排,LLM_SYNTHETIC_SPOKEN_BASE,SYNTHETIC_TEXT
m3sbv1_015553,晚一点我估计看一下这个是不是放错地方了别弄错了,LLM_SYNTHETIC_SPOKEN_BASE,SYNTHETIC_TEXT
m3sbv1_015554,你们等一下帮我问一下还有没有空位我怕等会儿忘了,LLM_SYNTHETIC_SPOKEN_BASE,SYNTHETIC_TEXT
m3sbv1_015555,你们可能帮我听一下这个声音正不正常，免得后面又要重新弄,LLM_SYNTHETIC_SPOKEN_BASE,SYNTHETIC_TEXT
m3sbv1_015556,他晚一点看看有没有不用排队的办法就行,LLM_SYNTHETIC_SPOKEN_BASE,SYNTHETIC_TEXT
m3sbv1_015557,现在先别急，到的时候给我发个消息再继续,LLM_SYNTHETIC_SPOKEN_BASE,SYNTHETIC_TEXT
m3sbv1_015558,你们昨天问一下回来的车几点出发是不是,LLM_SYNTHETIC_SPOKEN_BASE,SYNTHETIC_TEXT
m3sbv1_015559,我估计问一下能不能晚一点回来，他这边好安排,LLM_SYNTHETIC_SPOKEN_BASE,SYNTHETIC_TEXT
m3sbv1_015560,店里这边没别的要求，把声音稍微调小一点就可以,LLM_SYNTHETIC_SPOKEN_BASE,SYNTHETIC_TEXT
m3sbv1_015561,公司我确认一下看看有没有更早一点的时间，免得后面又要重新弄,LLM_SYNTHETIC_SPOKEN_BASE,SYNTHETIC_TEXT
m3sbv1_015562,我们我想问一下确认一下是不是已经付过了，免得后面又要重新弄,LLM_SYNTHETIC_SPOKEN_BASE,SYNTHETIC_TEXT
m3sbv1_015563,好像到的时候给我发个消息，我这边好安排,LLM_SYNTHETIC_SPOKEN_BASE,SYNTHETIC_TEXT
m3sbv1_015564,我觉得确认一下退房时间是几点，那边这边好安排,LLM_SYNTHETIC_SPOKEN_BASE,SYNTHETIC_TEXT
m3sbv1_015565,他晚一点看看这个版本是不是最新的吧,LLM_SYNTHETIC_SPOKEN_BASE,SYNTHETIC_TEXT
m3sbv1_015566,看起来看看是不是配置没有生效，我们这边好安排,LLM_SYNTHETIC_SPOKEN_BASE,SYNTHETIC_TEXT
m3sbv1_015567,现在先别急，确认一下这份文件是不是最终版再继续,LLM_SYNTHETIC_SPOKEN_BASE,SYNTHETIC_TEXT
m3sbv1_015568,我确认一下帮我听一下这个声音正不正常，我刚才没听太清楚,LLM_SYNTHETIC_SPOKEN_BASE,SYNTHETIC_TEXT
m3sbv1_015569,我我听说确认一下名字有没有写错，免得后面又要重新弄,LLM_SYNTHETIC_SPOKEN_BASE,SYNTHETIC_TEXT
m3sbv1_015570,麻烦你看看有没有更早一点的时间，他们这边好安排,LLM_SYNTHETIC_SPOKEN_BASE,SYNTHETIC_TEXT
m3sbv1_015571,今天先别急，帮我问一下现在还能不能改再继续,LLM_SYNTHETIC_SPOKEN_BASE,SYNTHETIC_TEXT
m3sbv1_015572,今天应该问一下他们什么时候能到可以吗,LLM_SYNTHETIC_SPOKEN_BASE,SYNTHETIC_TEXT
m3sbv1_015573,她我觉得先别取消我再确认一下，免得后面又要重新弄,LLM_SYNTHETIC_SPOKEN_BASE,SYNTHETIC_TEXT
m3sbv1_015574,店里现在把最新版本发给我看一下别弄错了,LLM_SYNTHETIC_SPOKEN_BASE,SYNTHETIC_TEXT
m3sbv1_015575,一会儿我觉得看看是不是网络又断了别弄错了,LLM_SYNTHETIC_SPOKEN_BASE,SYNTHETIC_TEXT
m3sbv1_015576,后面之前看看有没有更早一点的时间是不是,LLM_SYNTHETIC_SPOKEN_BASE,SYNTHETIC_TEXT
m3sbv1_015577,明天我记得帮我看看这个菜里面有没有辣椒,LLM_SYNTHETIC_SPOKEN_BASE,SYNTHETIC_TEXT
m3sbv1_015578,要是方便的话把这个先留着别动，不用特意等我,LLM_SYNTHETIC_SPOKEN_BASE,SYNTHETIC_TEXT
m3sbv1_015579,我感觉确认一下入口是不是在这边，免得后面又要重新弄,LLM_SYNTHETIC_SPOKEN_BASE,SYNTHETIC_TEXT
m3sbv1_015580,可能看看谁还没有回复，公司这边好安排,LLM_SYNTHETIC_SPOKEN_BASE,SYNTHETIC_TEXT
m3sbv1_015581,我听说问一下他们什么时候能到，你们这边好安排,LLM_SYNTHETIC_SPOKEN_BASE,SYNTHETIC_TEXT
m3sbv1_015582,家里现在看看能不能多拿一条毛巾行不行,LLM_SYNTHETIC_SPOKEN_BASE,SYNTHETIC_TEXT
m3sbv1_015583,看起来确认一下文件有没有传成功，前面这边好安排,LLM_SYNTHETIC_SPOKEN_BASE,SYNTHETIC_TEXT
m3sbv1_015584,那边我估计先把这一项记下来，免得后面又要重新弄,LLM_SYNTHETIC_SPOKEN_BASE,SYNTHETIC_TEXT
m3sbv1_015585,我听说确认一下是不是已经付过了，我这边好安排,LLM_SYNTHETIC_SPOKEN_BASE,SYNTHETIC_TEXT
m3sbv1_015586,那边我听说问一下还能不能加一个人，免得后面又要重新弄,LLM_SYNTHETIC_SPOKEN_BASE,SYNTHETIC_TEXT
m3sbv1_015587,我估计确认一下文件有没有传成功，我刚才没听太清楚,LLM_SYNTHETIC_SPOKEN_BASE,SYNTHETIC_TEXT
m3sbv1_015588,先把旧的那套逻辑放一边，如果不行就先别改,LLM_SYNTHETIC_SPOKEN_BASE,SYNTHETIC_TEXT
m3sbv1_015589,这边我确认一下帮我看看这个号码对不对，免得后面又要重新弄,LLM_SYNTHETIC_SPOKEN_BASE,SYNTHETIC_TEXT
m3sbv1_015590,好像别着急我们按顺序来，家里这边好安排,LLM_SYNTHETIC_SPOKEN_BASE,SYNTHETIC_TEXT
m3sbv1_015591,一会儿先别急，帮我看看这个菜里面有没有辣椒再继续,LLM_SYNTHETIC_SPOKEN_BASE,SYNTHETIC_TEXT
m3sbv1_015592,好像确认一下名字有没有写错，我刚才没听太清楚,LLM_SYNTHETIC_SPOKEN_BASE,SYNTHETIC_TEXT
m3sbv1_015593,我应该确认一下是不是同一个订单，免得后面又要重新弄,LLM_SYNTHETIC_SPOKEN_BASE,SYNTHETIC_TEXT
m3sbv1_015594,那边麻烦你帮我看看这个号码对不对，免得后面又要重新弄,LLM_SYNTHETIC_SPOKEN_BASE,SYNTHETIC_TEXT
m3sbv1_015595,现场我记得确认一下是不是从这里集合，免得后面又要重新弄,LLM_SYNTHETIC_SPOKEN_BASE,SYNTHETIC_TEXT
m3sbv1_015596,明天看起来看看这个价格有没有包含费用我再决定,LLM_SYNTHETIC_SPOKEN_BASE,SYNTHETIC_TEXT
m3sbv1_015597,家里感觉把这个先留着别动，免得后面又要重新弄,LLM_SYNTHETIC_SPOKEN_BASE,SYNTHETIC_TEXT
m3sbv1_015598,晚一点麻烦你确认一下灯是不是都关了吧,LLM_SYNTHETIC_SPOKEN_BASE,SYNTHETIC_TEXT
m3sbv1_015599,今天感觉看看这个价格有没有包含费用是不是,LLM_SYNTHETIC_SPOKEN_BASE,SYNTHETIC_TEXT
m3sbv1_015600,你现在确认一下今天是不是正常营业就行,LLM_SYNTHETIC_SPOKEN_BASE,SYNTHETIC_TEXT
m3sbv1_015601,公司这边没别的要求，帮我确认一下负责人是谁就可以,LLM_SYNTHETIC_SPOKEN_BASE,SYNTHETIC_TEXT
m3sbv1_015602,这两天确认一下是不是同一个订单，我确认完再跟你说,LLM_SYNTHETIC_SPOKEN_BASE,SYNTHETIC_TEXT
m3sbv1_015603,他感觉帮我看看这个零件是不是松了，免得后面又要重新弄,LLM_SYNTHETIC_SPOKEN_BASE,SYNTHETIC_TEXT
m3sbv1_015604,我确认一下看看空调能不能调高一点，他这边好安排,LLM_SYNTHETIC_SPOKEN_BASE,SYNTHETIC_TEXT
m3sbv1_015605,等一下先别急，帮我查一下刚才是哪一步失败了再继续,LLM_SYNTHETIC_SPOKEN_BASE,SYNTHETIC_TEXT
m3sbv1_015606,那边看起来帮我确认一下房间准备好了没有，免得后面又要重新弄,LLM_SYNTHETIC_SPOKEN_BASE,SYNTHETIC_TEXT
m3sbv1_015607,等一下我估计帮我看看这个菜里面有没有辣椒,LLM_SYNTHETIC_SPOKEN_BASE,SYNTHETIC_TEXT
m3sbv1_015608,晚一点感觉看看这个价格有没有包含费用我想先确认清楚,LLM_SYNTHETIC_SPOKEN_BASE,SYNTHETIC_TEXT
m3sbv1_015609,我觉得帮我问一下还有没有空位，你这边好安排,LLM_SYNTHETIC_SPOKEN_BASE,SYNTHETIC_TEXT
m3sbv1_015610,公司晚一点看看是不是网络又断了然后告诉我,LLM_SYNTHETIC_SPOKEN_BASE,SYNTHETIC_TEXT
m3sbv1_015611,他好像确认一下退房时间是几点，免得后面又要重新弄,LLM_SYNTHETIC_SPOKEN_BASE,SYNTHETIC_TEXT
m3sbv1_015612,你们好像看一下这个是不是放错地方了，免得后面又要重新弄,LLM_SYNTHETIC_SPOKEN_BASE,SYNTHETIC_TEXT
m3sbv1_015613,家里晚一点看看能不能多拿一条毛巾别弄错了,LLM_SYNTHETIC_SPOKEN_BASE,SYNTHETIC_TEXT
m3sbv1_015614,确认一下退房时间是几点，有变化的话提前告诉我,LLM_SYNTHETIC_SPOKEN_BASE,SYNTHETIC_TEXT
m3sbv1_015615,现场昨天确认一下轮胎是不是有点软行不行,LLM_SYNTHETIC_SPOKEN_BASE,SYNTHETIC_TEXT
m3sbv1_015616,你们我觉得把最新版本发给我看一下，免得后面又要重新弄,LLM_SYNTHETIC_SPOKEN_BASE,SYNTHETIC_TEXT
m3sbv1_015617,后面我觉得帮我换一个安静一点的位置，免得后面又要重新弄,LLM_SYNTHETIC_SPOKEN_BASE,SYNTHETIC_TEXT
m3sbv1_015618,后面晚一点把刚才说的重点再讲一遍吧,LLM_SYNTHETIC_SPOKEN_BASE,SYNTHETIC_TEXT
m3sbv1_015619,现场我觉得先把这一项记下来，免得后面又要重新弄,LLM_SYNTHETIC_SPOKEN_BASE,SYNTHETIC_TEXT
m3sbv1_015620,后面我觉得确认一下入口是不是在这边，免得后面又要重新弄,LLM_SYNTHETIC_SPOKEN_BASE,SYNTHETIC_TEXT
m3sbv1_015621,应该看看是不是还少了什么，我刚才没听太清楚,LLM_SYNTHETIC_SPOKEN_BASE,SYNTHETIC_TEXT
m3sbv1_015622,店里感觉看看这个杯子是不是我的，免得后面又要重新弄,LLM_SYNTHETIC_SPOKEN_BASE,SYNTHETIC_TEXT
m3sbv1_015623,这边现在先把这一项记下来行不行,LLM_SYNTHETIC_SPOKEN_BASE,SYNTHETIC_TEXT
m3sbv1_015624,现在我记得确认一下车是不是停在外面就行,LLM_SYNTHETIC_SPOKEN_BASE,SYNTHETIC_TEXT
m3sbv1_015625,昨天看起来把地址再确认一下别弄错了,LLM_SYNTHETIC_SPOKEN_BASE,SYNTHETIC_TEXT
m3sbv1_015626,这边晚一点看看有没有影响到别的模块可以吗,LLM_SYNTHETIC_SPOKEN_BASE,SYNTHETIC_TEXT
m3sbv1_015627,应该先等等我马上就过来，前面这边好安排,LLM_SYNTHETIC_SPOKEN_BASE,SYNTHETIC_TEXT
m3sbv1_015628,他这边没别的要求，帮我看看为什么还没收到就可以,LLM_SYNTHETIC_SPOKEN_BASE,SYNTHETIC_TEXT
m3sbv1_015629,我这边没别的要求，帮我换一个安静一点的位置就可以,LLM_SYNTHETIC_SPOKEN_BASE,SYNTHETIC_TEXT
m3sbv1_015630,早一点我确认一下帮我看看为什么还没收到我有点不确定,LLM_SYNTHETIC_SPOKEN_BASE,SYNTHETIC_TEXT
m3sbv1_015631,感觉问一下早餐几点开始，她这边好安排,LLM_SYNTHETIC_SPOKEN_BASE,SYNTHETIC_TEXT
m3sbv1_015632,好像看看能不能多拿一条毛巾，店里这边好安排,LLM_SYNTHETIC_SPOKEN_BASE,SYNTHETIC_TEXT
m3sbv1_015633,看起来确认一下轮胎是不是有点软，我刚才没听太清楚,LLM_SYNTHETIC_SPOKEN_BASE,SYNTHETIC_TEXT
m3sbv1_015634,早一点我觉得先把旧的那套逻辑放一边可以吗,LLM_SYNTHETIC_SPOKEN_BASE,SYNTHETIC_TEXT
m3sbv1_015635,那边先看看是不是选错选项了然后告诉我,LLM_SYNTHETIC_SPOKEN_BASE,SYNTHETIC_TEXT
m3sbv1_015636,前面看起来帮我找一下充电线放哪了，免得后面又要重新弄,LLM_SYNTHETIC_SPOKEN_BASE,SYNTHETIC_TEXT
m3sbv1_015637,这两天我确认一下看看能不能换成小份就行,LLM_SYNTHETIC_SPOKEN_BASE,SYNTHETIC_TEXT
m3sbv1_015638,他们这边没别的要求，看一下这个是不是放错地方了就可以,LLM_SYNTHETIC_SPOKEN_BASE,SYNTHETIC_TEXT
m3sbv1_015639,我记得确认一下是不是同一个订单，家里这边好安排,LLM_SYNTHETIC_SPOKEN_BASE,SYNTHETIC_TEXT
m3sbv1_015640,你我确认一下问一下他们什么时候能到，免得后面又要重新弄,LLM_SYNTHETIC_SPOKEN_BASE,SYNTHETIC_TEXT
m3sbv1_015641,那边看起来帮我确认一下下一站在哪里，免得后面又要重新弄,LLM_SYNTHETIC_SPOKEN_BASE,SYNTHETIC_TEXT
m3sbv1_015642,他看起来确认一下是不是同一个订单，免得后面又要重新弄,LLM_SYNTHETIC_SPOKEN_BASE,SYNTHETIC_TEXT
m3sbv1_015643,我想问一下把刚才说的重点再讲一遍，家里这边好安排,LLM_SYNTHETIC_SPOKEN_BASE,SYNTHETIC_TEXT
m3sbv1_015644,先先别急，先把这一项记下来再继续,LLM_SYNTHETIC_SPOKEN_BASE,SYNTHETIC_TEXT
m3sbv1_015645,到时候确认一下停车要不要付费，我确认完再跟你说,LLM_SYNTHETIC_SPOKEN_BASE,SYNTHETIC_TEXT
m3sbv1_015646,家里先帮我看看为什么还没收到我有点不确定,LLM_SYNTHETIC_SPOKEN_BASE,SYNTHETIC_TEXT
m3sbv1_015647,现场我觉得看看能不能多拿一条毛巾，免得后面又要重新弄,LLM_SYNTHETIC_SPOKEN_BASE,SYNTHETIC_TEXT
m3sbv1_015648,他们今天确认一下今天是不是正常营业我有点不确定,LLM_SYNTHETIC_SPOKEN_BASE,SYNTHETIC_TEXT
m3sbv1_015649,我确认一下看看油还够不够，你这边好安排,LLM_SYNTHETIC_SPOKEN_BASE,SYNTHETIC_TEXT
m3sbv1_015650,这边这边没别的要求，确认一下停车要不要付费就可以,LLM_SYNTHETIC_SPOKEN_BASE,SYNTHETIC_TEXT
m3sbv1_015651,可能看看这个杯子是不是我的，后面这边好安排,LLM_SYNTHETIC_SPOKEN_BASE,SYNTHETIC_TEXT
m3sbv1_015652,最近我记得确认一下是不是已经下单了我有点不确定,LLM_SYNTHETIC_SPOKEN_BASE,SYNTHETIC_TEXT
m3sbv1_015653,她今天问一下早餐几点开始就行,LLM_SYNTHETIC_SPOKEN_BASE,SYNTHETIC_TEXT
m3sbv1_015654,前面这边没别的要求，先把这一项记下来就可以,LLM_SYNTHETIC_SPOKEN_BASE,SYNTHETIC_TEXT
m3sbv1_015655,早一点好像帮我看看行李放在哪里,LLM_SYNTHETIC_SPOKEN_BASE,SYNTHETIC_TEXT
m3sbv1_015656,家里看起来看看这个价格有没有包含费用，免得后面又要重新弄,LLM_SYNTHETIC_SPOKEN_BASE,SYNTHETIC_TEXT
m3sbv1_015657,现在先别急，别着急我们按顺序来再继续,LLM_SYNTHETIC_SPOKEN_BASE,SYNTHETIC_TEXT
m3sbv1_015658,一会儿先别急，确认一下是不是同一个订单再继续,LLM_SYNTHETIC_SPOKEN_BASE,SYNTHETIC_TEXT
m3sbv1_015659,你们之前问一下这个能不能少放一点盐,LLM_SYNTHETIC_SPOKEN_BASE,SYNTHETIC_TEXT
m3sbv1_015660,昨天帮我确认一下下一站在哪里，我确认完再跟你说,LLM_SYNTHETIC_SPOKEN_BASE,SYNTHETIC_TEXT
m3sbv1_015661,看看谁还没有回复，有变化的话提前告诉我,LLM_SYNTHETIC_SPOKEN_BASE,SYNTHETIC_TEXT
m3sbv1_015662,看起来先把旧的那套逻辑放一边，公司这边好安排,LLM_SYNTHETIC_SPOKEN_BASE,SYNTHETIC_TEXT
m3sbv1_015663,先先别急，帮我找一下刚才那个页面再继续,LLM_SYNTHETIC_SPOKEN_BASE,SYNTHETIC_TEXT
m3sbv1_015664,我估计确认一下轮胎是不是有点软，你们这边好安排,LLM_SYNTHETIC_SPOKEN_BASE,SYNTHETIC_TEXT
m3sbv1_015665,晚一点可能把门先关一下有点冷然后告诉我,LLM_SYNTHETIC_SPOKEN_BASE,SYNTHETIC_TEXT
m3sbv1_015666,那边好像把位置发给我我自己过去，免得后面又要重新弄,LLM_SYNTHETIC_SPOKEN_BASE,SYNTHETIC_TEXT
m3sbv1_015667,公司这两天帮我查一下刚才是哪一步失败了就行,LLM_SYNTHETIC_SPOKEN_BASE,SYNTHETIC_TEXT
m3sbv1_015668,最近我记得确认一下停车要不要付费我再决定,LLM_SYNTHETIC_SPOKEN_BASE,SYNTHETIC_TEXT
m3sbv1_015669,今天我确认一下帮我看看日志里有没有异常可以吗,LLM_SYNTHETIC_SPOKEN_BASE,SYNTHETIC_TEXT
m3sbv1_015670,那边看起来帮我把需要验证的地方列出来，免得后面又要重新弄,LLM_SYNTHETIC_SPOKEN_BASE,SYNTHETIC_TEXT
m3sbv1_015671,公司可能把这个问题先记到清单里，免得后面又要重新弄,LLM_SYNTHETIC_SPOKEN_BASE,SYNTHETIC_TEXT
m3sbv1_015672,现场明天看看是不是还少了什么吧,LLM_SYNTHETIC_SPOKEN_BASE,SYNTHETIC_TEXT
m3sbv1_015673,看起来确认一下是不是已经下单了，你这边好安排,LLM_SYNTHETIC_SPOKEN_BASE,SYNTHETIC_TEXT
m3sbv1_015674,店里看起来问一下能不能晚一点回来，免得后面又要重新弄,LLM_SYNTHETIC_SPOKEN_BASE,SYNTHETIC_TEXT
m3sbv1_015675,我们这边没别的要求，看看油还够不够就可以,LLM_SYNTHETIC_SPOKEN_BASE,SYNTHETIC_TEXT
m3sbv1_015676,晚一点先别急，帮我问一下还有没有空位再继续,LLM_SYNTHETIC_SPOKEN_BASE,SYNTHETIC_TEXT
m3sbv1_015677,你这边没别的要求，到的时候给我发个消息就可以,LLM_SYNTHETIC_SPOKEN_BASE,SYNTHETIC_TEXT
m3sbv1_015678,后面到时候帮我看看这个号码对不对是不是,LLM_SYNTHETIC_SPOKEN_BASE,SYNTHETIC_TEXT
m3sbv1_015679,这边这边没别的要求，先把旧的那套逻辑放一边就可以,LLM_SYNTHETIC_SPOKEN_BASE,SYNTHETIC_TEXT
m3sbv1_015680,前面这边没别的要求，问一下他们什么时候能到就可以,LLM_SYNTHETIC_SPOKEN_BASE,SYNTHETIC_TEXT
m3sbv1_015681,好像确认一下会议是不是改到下午了，他们这边好安排,LLM_SYNTHETIC_SPOKEN_BASE,SYNTHETIC_TEXT
m3sbv1_015682,一会儿好像确认一下会议是不是改到下午了,LLM_SYNTHETIC_SPOKEN_BASE,SYNTHETIC_TEXT
m3sbv1_015683,公司我觉得确认一下是不是同一个订单，免得后面又要重新弄,LLM_SYNTHETIC_SPOKEN_BASE,SYNTHETIC_TEXT
m3sbv1_015684,你们现在确认一下车是不是停在外面就行,LLM_SYNTHETIC_SPOKEN_BASE,SYNTHETIC_TEXT
m3sbv1_015685,别着急我们按顺序来，如果不行就先别改,LLM_SYNTHETIC_SPOKEN_BASE,SYNTHETIC_TEXT
m3sbv1_015686,公司这边没别的要求，把刚才说的重点再讲一遍就可以,LLM_SYNTHETIC_SPOKEN_BASE,SYNTHETIC_TEXT
m3sbv1_015687,看起来看看油还够不够，前面这边好安排,LLM_SYNTHETIC_SPOKEN_BASE,SYNTHETIC_TEXT
m3sbv1_015688,明天先别急，看看这个版本是不是最新的再继续,LLM_SYNTHETIC_SPOKEN_BASE,SYNTHETIC_TEXT
m3sbv1_015689,我确认一下看看有没有影响到别的模块，这边这边好安排,LLM_SYNTHETIC_SPOKEN_BASE,SYNTHETIC_TEXT
m3sbv1_015690,你们这边没别的要求，帮我确认一下房间准备好了没有就可以,LLM_SYNTHETIC_SPOKEN_BASE,SYNTHETIC_TEXT
m3sbv1_015691,我麻烦你确认一下是不是同一个订单，免得后面又要重新弄,LLM_SYNTHETIC_SPOKEN_BASE,SYNTHETIC_TEXT
m3sbv1_015692,你我确认一下看看有没有影响到别的模块，免得后面又要重新弄,LLM_SYNTHETIC_SPOKEN_BASE,SYNTHETIC_TEXT
m3sbv1_015693,早一点我估计别着急我们按顺序来就行,LLM_SYNTHETIC_SPOKEN_BASE,SYNTHETIC_TEXT
m3sbv1_015694,你们今天先把这个问题单独记录下来可以吗,LLM_SYNTHETIC_SPOKEN_BASE,SYNTHETIC_TEXT
m3sbv1_015695,我刚才先把这个问题单独记录下来别弄错了,LLM_SYNTHETIC_SPOKEN_BASE,SYNTHETIC_TEXT
m3sbv1_015696,今天我觉得确认一下会议是不是改到下午了,LLM_SYNTHETIC_SPOKEN_BASE,SYNTHETIC_TEXT
m3sbv1_015697,看看空调能不能调高一点，如果不行就先别改,LLM_SYNTHETIC_SPOKEN_BASE,SYNTHETIC_TEXT
m3sbv1_015698,我们我觉得先别取消我再确认一下，免得后面又要重新弄,LLM_SYNTHETIC_SPOKEN_BASE,SYNTHETIC_TEXT
m3sbv1_015699,前面早一点先把这个问题单独记录下来行不行,LLM_SYNTHETIC_SPOKEN_BASE,SYNTHETIC_TEXT
m3sbv1_015700,我听说看看有没有更早一点的时间，我们这边好安排,LLM_SYNTHETIC_SPOKEN_BASE,SYNTHETIC_TEXT
m3sbv1_015701,他今天确认一下轮胎是不是有点软吧,LLM_SYNTHETIC_SPOKEN_BASE,SYNTHETIC_TEXT
m3sbv1_015702,我估计帮我问一下还有没有空位，我刚才没听太清楚,LLM_SYNTHETIC_SPOKEN_BASE,SYNTHETIC_TEXT
m3sbv1_015703,到时候可能看看前面能不能掉头可以吗,LLM_SYNTHETIC_SPOKEN_BASE,SYNTHETIC_TEXT
m3sbv1_015704,现在先别急，看看谁还没有回复再继续,LLM_SYNTHETIC_SPOKEN_BASE,SYNTHETIC_TEXT
m3sbv1_015705,我们早一点看看是不是配置没有生效就行,LLM_SYNTHETIC_SPOKEN_BASE,SYNTHETIC_TEXT
m3sbv1_015706,麻烦你确认一下时间有没有改，我刚才没听太清楚,LLM_SYNTHETIC_SPOKEN_BASE,SYNTHETIC_TEXT
m3sbv1_015707,我们早一点确认一下名字有没有写错吧,LLM_SYNTHETIC_SPOKEN_BASE,SYNTHETIC_TEXT
m3sbv1_015708,一会儿我记得先把这个问题单独记录下来别弄错了,LLM_SYNTHETIC_SPOKEN_BASE,SYNTHETIC_TEXT
m3sbv1_015709,我们麻烦你确认一下灯是不是都关了，免得后面又要重新弄,LLM_SYNTHETIC_SPOKEN_BASE,SYNTHETIC_TEXT
m3sbv1_015710,先我记得看看这个东西应该放哪里可以吗,LLM_SYNTHETIC_SPOKEN_BASE,SYNTHETIC_TEXT
m3sbv1_015711,店里最近确认一下名字有没有写错是不是,LLM_SYNTHETIC_SPOKEN_BASE,SYNTHETIC_TEXT
m3sbv1_015712,麻烦你把这个先放到后面处理，现场这边好安排,LLM_SYNTHETIC_SPOKEN_BASE,SYNTHETIC_TEXT
m3sbv1_015713,我记得帮我确认一下字段有没有变，我刚才没听太清楚,LLM_SYNTHETIC_SPOKEN_BASE,SYNTHETIC_TEXT
m3sbv1_015714,她应该看看是不是选错选项了，免得后面又要重新弄,LLM_SYNTHETIC_SPOKEN_BASE,SYNTHETIC_TEXT
m3sbv1_015715,他们刚才帮我看看这个零件是不是松了我再决定,LLM_SYNTHETIC_SPOKEN_BASE,SYNTHETIC_TEXT
m3sbv1_015716,明天好像再检查一遍有没有问题行不行,LLM_SYNTHETIC_SPOKEN_BASE,SYNTHETIC_TEXT
m3sbv1_015717,他我听说把最新版本发给我看一下，免得后面又要重新弄,LLM_SYNTHETIC_SPOKEN_BASE,SYNTHETIC_TEXT
m3sbv1_015718,晚一点我听说把刚才那条消息再发我一次可以吗,LLM_SYNTHETIC_SPOKEN_BASE,SYNTHETIC_TEXT
m3sbv1_015719,我估计把这个先放到后面处理，公司这边好安排,LLM_SYNTHETIC_SPOKEN_BASE,SYNTHETIC_TEXT
m3sbv1_015720,我估计看看空调能不能调高一点，公司这边好安排,LLM_SYNTHETIC_SPOKEN_BASE,SYNTHETIC_TEXT
m3sbv1_015721,公司昨天把刚才那条消息再发我一次我想先确认清楚,LLM_SYNTHETIC_SPOKEN_BASE,SYNTHETIC_TEXT
m3sbv1_015722,我我估计看看是不是选错选项了，免得后面又要重新弄,LLM_SYNTHETIC_SPOKEN_BASE,SYNTHETIC_TEXT
m3sbv1_015723,明天应该帮我把需要验证的地方列出来行不行,LLM_SYNTHETIC_SPOKEN_BASE,SYNTHETIC_TEXT
m3sbv1_015724,刚才好像别着急我们按顺序来我有点不确定,LLM_SYNTHETIC_SPOKEN_BASE,SYNTHETIC_TEXT
m3sbv1_015725,一会儿好像确认一下是不是已经下单了然后告诉我,LLM_SYNTHETIC_SPOKEN_BASE,SYNTHETIC_TEXT
m3sbv1_015726,感觉确认一下退房时间是几点，后面这边好安排,LLM_SYNTHETIC_SPOKEN_BASE,SYNTHETIC_TEXT
m3sbv1_015727,公司最近确认一下是不是从这里集合是不是,LLM_SYNTHETIC_SPOKEN_BASE,SYNTHETIC_TEXT
m3sbv1_015728,感觉确认一下是不是同一个订单，那边这边好安排,LLM_SYNTHETIC_SPOKEN_BASE,SYNTHETIC_TEXT
m3sbv1_015729,麻烦你先等等我马上就过来，我这边好安排,LLM_SYNTHETIC_SPOKEN_BASE,SYNTHETIC_TEXT
m3sbv1_015730,应该把这个先放到后面处理，前面这边好安排,LLM_SYNTHETIC_SPOKEN_BASE,SYNTHETIC_TEXT
m3sbv1_015731,前面我估计看看前面能不能掉头，免得后面又要重新弄,LLM_SYNTHETIC_SPOKEN_BASE,SYNTHETIC_TEXT
m3sbv1_015732,现场我确认一下确认一下退房时间是几点，免得后面又要重新弄,LLM_SYNTHETIC_SPOKEN_BASE,SYNTHETIC_TEXT
m3sbv1_015733,最近感觉看看能不能把时间往后挪一点,LLM_SYNTHETIC_SPOKEN_BASE,SYNTHETIC_TEXT
m3sbv1_015734,看起来把门先关一下有点冷，那边这边好安排,LLM_SYNTHETIC_SPOKEN_BASE,SYNTHETIC_TEXT
m3sbv1_015735,前面这边没别的要求，帮我查一下刚才是哪一步失败了就可以,LLM_SYNTHETIC_SPOKEN_BASE,SYNTHETIC_TEXT
m3sbv1_015736,你好像帮我拿一下旁边那个袋子，免得后面又要重新弄,LLM_SYNTHETIC_SPOKEN_BASE,SYNTHETIC_TEXT
m3sbv1_015737,这边我记得先把这个问题单独记录下来，免得后面又要重新弄,LLM_SYNTHETIC_SPOKEN_BASE,SYNTHETIC_TEXT
m3sbv1_015738,到时候我确认一下帮我确认一下下一站在哪里就行,LLM_SYNTHETIC_SPOKEN_BASE,SYNTHETIC_TEXT
m3sbv1_015739,我们我记得看看油还够不够，免得后面又要重新弄,LLM_SYNTHETIC_SPOKEN_BASE,SYNTHETIC_TEXT
m3sbv1_015740,这边麻烦你问一下还能不能加一个人，免得后面又要重新弄,LLM_SYNTHETIC_SPOKEN_BASE,SYNTHETIC_TEXT
m3sbv1_015741,今天先别急，看看是不是网络又断了再继续,LLM_SYNTHETIC_SPOKEN_BASE,SYNTHETIC_TEXT
m3sbv1_015742,早一点我想问一下确认一下是不是已经付过了然后告诉我,LLM_SYNTHETIC_SPOKEN_BASE,SYNTHETIC_TEXT
m3sbv1_015743,他今天确认一下测试结果有没有更新然后告诉我,LLM_SYNTHETIC_SPOKEN_BASE,SYNTHETIC_TEXT
m3sbv1_015744,前面我想问一下帮我问一下现在还能不能改，免得后面又要重新弄,LLM_SYNTHETIC_SPOKEN_BASE,SYNTHETIC_TEXT
m3sbv1_015745,他我想问一下确认一下停车要不要付费，免得后面又要重新弄,LLM_SYNTHETIC_SPOKEN_BASE,SYNTHETIC_TEXT
m3sbv1_015746,你们现在把声音稍微调小一点我怕等会儿忘了,LLM_SYNTHETIC_SPOKEN_BASE,SYNTHETIC_TEXT
m3sbv1_015747,最近帮我换一个安静一点的位置，我确认完再跟你说,LLM_SYNTHETIC_SPOKEN_BASE,SYNTHETIC_TEXT
m3sbv1_015748,家里应该帮我确认一下下一站在哪里，免得后面又要重新弄,LLM_SYNTHETIC_SPOKEN_BASE,SYNTHETIC_TEXT
m3sbv1_015749,这两天应该帮我看看这个号码对不对然后告诉我,LLM_SYNTHETIC_SPOKEN_BASE,SYNTHETIC_TEXT
m3sbv1_015750,他们我估计先把现在的结果保存下来，免得后面又要重新弄,LLM_SYNTHETIC_SPOKEN_BASE,SYNTHETIC_TEXT
m3sbv1_015751,晚一点先别急，看看钥匙是不是还在车里再继续,LLM_SYNTHETIC_SPOKEN_BASE,SYNTHETIC_TEXT
m3sbv1_015752,看起来再检查一遍有没有问题，我刚才没听太清楚,LLM_SYNTHETIC_SPOKEN_BASE,SYNTHETIC_TEXT
m3sbv1_015753,等一下我记得确认一下是不是同一个订单行不行,LLM_SYNTHETIC_SPOKEN_BASE,SYNTHETIC_TEXT
m3sbv1_015754,她我确认一下确认一下时间有没有改，免得后面又要重新弄,LLM_SYNTHETIC_SPOKEN_BASE,SYNTHETIC_TEXT
m3sbv1_015755,看起来确认一下是不是已经下单了，他这边好安排,LLM_SYNTHETIC_SPOKEN_BASE,SYNTHETIC_TEXT
m3sbv1_015756,先我觉得把这个问题先记到清单里我怕等会儿忘了,LLM_SYNTHETIC_SPOKEN_BASE,SYNTHETIC_TEXT
m3sbv1_015757,公司麻烦你帮我问一下还有没有空位，免得后面又要重新弄,LLM_SYNTHETIC_SPOKEN_BASE,SYNTHETIC_TEXT
m3sbv1_015758,可能看看是不是选错选项了，我刚才没听太清楚,LLM_SYNTHETIC_SPOKEN_BASE,SYNTHETIC_TEXT
m3sbv1_015759,现场之前看看这个杯子是不是我的我有点不确定,LLM_SYNTHETIC_SPOKEN_BASE,SYNTHETIC_TEXT
m3sbv1_015760,公司这两天帮我听一下这个声音正不正常别弄错了,LLM_SYNTHETIC_SPOKEN_BASE,SYNTHETIC_TEXT
m3sbv1_015761,那边我确认一下看看这个版本是不是最新的，免得后面又要重新弄,LLM_SYNTHETIC_SPOKEN_BASE,SYNTHETIC_TEXT
m3sbv1_015762,我们麻烦你帮我看看这个零件是不是松了，免得后面又要重新弄,LLM_SYNTHETIC_SPOKEN_BASE,SYNTHETIC_TEXT
m3sbv1_015763,感觉看看能不能多拿一条毛巾，家里这边好安排,LLM_SYNTHETIC_SPOKEN_BASE,SYNTHETIC_TEXT
m3sbv1_015764,店里这边没别的要求，确认一下轮胎是不是有点软就可以,LLM_SYNTHETIC_SPOKEN_BASE,SYNTHETIC_TEXT
m3sbv1_015765,先好像把声音稍微调小一点然后告诉我,LLM_SYNTHETIC_SPOKEN_BASE,SYNTHETIC_TEXT
m3sbv1_015766,家里好像问一下回来的车几点出发，免得后面又要重新弄,LLM_SYNTHETIC_SPOKEN_BASE,SYNTHETIC_TEXT
m3sbv1_015767,我们这两天看看能不能多拿一条毛巾我有点不确定,LLM_SYNTHETIC_SPOKEN_BASE,SYNTHETIC_TEXT
m3sbv1_015768,感觉把这个问题先记到清单里，家里这边好安排,LLM_SYNTHETIC_SPOKEN_BASE,SYNTHETIC_TEXT
m3sbv1_015769,我觉得确认一下停车要不要付费，我这边好安排,LLM_SYNTHETIC_SPOKEN_BASE,SYNTHETIC_TEXT
m3sbv1_015770,要是方便的话告诉我大概还要多久，不用特意等我,LLM_SYNTHETIC_SPOKEN_BASE,SYNTHETIC_TEXT
m3sbv1_015771,公司这边没别的要求，把位置发给我我自己过去就可以,LLM_SYNTHETIC_SPOKEN_BASE,SYNTHETIC_TEXT
m3sbv1_015772,我想问一下看看有没有不用排队的办法，他这边好安排,LLM_SYNTHETIC_SPOKEN_BASE,SYNTHETIC_TEXT
m3sbv1_015773,公司一会儿确认一下灯是不是都关了是不是,LLM_SYNTHETIC_SPOKEN_BASE,SYNTHETIC_TEXT
m3sbv1_015774,先看起来帮我看看行李放在哪里就行,LLM_SYNTHETIC_SPOKEN_BASE,SYNTHETIC_TEXT
m3sbv1_015775,他我想问一下把这个先放到后面处理，免得后面又要重新弄,LLM_SYNTHETIC_SPOKEN_BASE,SYNTHETIC_TEXT
m3sbv1_015776,家里这边没别的要求，问一下还能不能加一个人就可以,LLM_SYNTHETIC_SPOKEN_BASE,SYNTHETIC_TEXT
m3sbv1_015777,把刚才那条消息再发我一次，如果不行就先别改,LLM_SYNTHETIC_SPOKEN_BASE,SYNTHETIC_TEXT
m3sbv1_015778,现在我想问一下确认一下是不是同一个订单我有点不确定,LLM_SYNTHETIC_SPOKEN_BASE,SYNTHETIC_TEXT
m3sbv1_015779,麻烦你帮我看看这个菜里面有没有辣椒，那边这边好安排,LLM_SYNTHETIC_SPOKEN_BASE,SYNTHETIC_TEXT
m3sbv1_015780,这边之前帮我问一下现在还能不能改行不行,LLM_SYNTHETIC_SPOKEN_BASE,SYNTHETIC_TEXT
m3sbv1_015781,先可能把声音稍微调小一点我再决定,LLM_SYNTHETIC_SPOKEN_BASE,SYNTHETIC_TEXT
m3sbv1_015782,他麻烦你帮我把重复的内容删掉，免得后面又要重新弄,LLM_SYNTHETIC_SPOKEN_BASE,SYNTHETIC_TEXT
m3sbv1_015783,现场好像帮我确认一下负责人是谁，免得后面又要重新弄,LLM_SYNTHETIC_SPOKEN_BASE,SYNTHETIC_TEXT
m3sbv1_015784,他麻烦你帮我拿一下旁边那个袋子，免得后面又要重新弄,LLM_SYNTHETIC_SPOKEN_BASE,SYNTHETIC_TEXT
m3sbv1_015785,我刚才帮我看看日志里有没有异常我有点不确定,LLM_SYNTHETIC_SPOKEN_BASE,SYNTHETIC_TEXT
m3sbv1_015786,之前先别急，把刚才那条消息再发我一次再继续,LLM_SYNTHETIC_SPOKEN_BASE,SYNTHETIC_TEXT
m3sbv1_015787,应该确认一下这份文件是不是最终版，他这边好安排,LLM_SYNTHETIC_SPOKEN_BASE,SYNTHETIC_TEXT
m3sbv1_015788,她这边没别的要求，别着急我们按顺序来就可以,LLM_SYNTHETIC_SPOKEN_BASE,SYNTHETIC_TEXT
m3sbv1_015789,晚一点看看空调能不能调高一点，我确认完再跟你说,LLM_SYNTHETIC_SPOKEN_BASE,SYNTHETIC_TEXT
m3sbv1_015790,刚才我记得看看有没有影响到别的模块行不行,LLM_SYNTHETIC_SPOKEN_BASE,SYNTHETIC_TEXT
m3sbv1_015791,好像问一下这个能不能少放一点盐，我这边好安排,LLM_SYNTHETIC_SPOKEN_BASE,SYNTHETIC_TEXT
m3sbv1_015792,之前先别急，看看这个结果和昨天是不是一样再继续,LLM_SYNTHETIC_SPOKEN_BASE,SYNTHETIC_TEXT
m3sbv1_015793,看看是不是网络又断了，有变化的话提前告诉我,LLM_SYNTHETIC_SPOKEN_BASE,SYNTHETIC_TEXT
m3sbv1_015794,我想问一下看看有没有更早一点的时间，公司这边好安排,LLM_SYNTHETIC_SPOKEN_BASE,SYNTHETIC_TEXT
m3sbv1_015795,你这边没别的要求，确认一下今天是不是正常营业就可以,LLM_SYNTHETIC_SPOKEN_BASE,SYNTHETIC_TEXT
m3sbv1_015796,她这两天问一下这个能不能少放一点盐可以吗,LLM_SYNTHETIC_SPOKEN_BASE,SYNTHETIC_TEXT
m3sbv1_015797,应该看看能不能换成小份，我刚才没听太清楚,LLM_SYNTHETIC_SPOKEN_BASE,SYNTHETIC_TEXT
m3sbv1_015798,我觉得看看这个版本是不是最新的，我刚才没听太清楚,LLM_SYNTHETIC_SPOKEN_BASE,SYNTHETIC_TEXT
m3sbv1_015799,到时候应该帮我看看这个号码对不对我怕等会儿忘了,LLM_SYNTHETIC_SPOKEN_BASE,SYNTHETIC_TEXT
m3sbv1_015800,之前确认一下灯是不是都关了，我确认完再跟你说,LLM_SYNTHETIC_SPOKEN_BASE,SYNTHETIC_TEXT
m3sbv1_015801,他们这边没别的要求，先把现在的结果保存下来就可以,LLM_SYNTHETIC_SPOKEN_BASE,SYNTHETIC_TEXT
m3sbv1_015802,最近我觉得先等等我马上就过来就行,LLM_SYNTHETIC_SPOKEN_BASE,SYNTHETIC_TEXT
m3sbv1_015803,现场明天确认一下停车要不要付费吧,LLM_SYNTHETIC_SPOKEN_BASE,SYNTHETIC_TEXT
m3sbv1_015804,你们刚才确认一下名字有没有写错行不行,LLM_SYNTHETIC_SPOKEN_BASE,SYNTHETIC_TEXT
m3sbv1_015805,现在可能帮我确认一下字段有没有变我怕等会儿忘了,LLM_SYNTHETIC_SPOKEN_BASE,SYNTHETIC_TEXT
m3sbv1_015806,等一下确认一下服务有没有启动，我确认完再跟你说,LLM_SYNTHETIC_SPOKEN_BASE,SYNTHETIC_TEXT
m3sbv1_015807,这边今天看看钥匙是不是还在车里行不行,LLM_SYNTHETIC_SPOKEN_BASE,SYNTHETIC_TEXT
m3sbv1_015808,你我听说帮我找一下充电线放哪了，免得后面又要重新弄,LLM_SYNTHETIC_SPOKEN_BASE,SYNTHETIC_TEXT
m3sbv1_015809,我估计确认一下会议是不是改到下午了，我刚才没听太清楚,LLM_SYNTHETIC_SPOKEN_BASE,SYNTHETIC_TEXT
m3sbv1_015810,可能确认一下是不是已经下单了，你们这边好安排,LLM_SYNTHETIC_SPOKEN_BASE,SYNTHETIC_TEXT
m3sbv1_015811,我想问一下帮我看看附近有没有停车位，你这边好安排,LLM_SYNTHETIC_SPOKEN_BASE,SYNTHETIC_TEXT
m3sbv1_015812,她我想问一下看看能不能把时间往后挪一点，免得后面又要重新弄,LLM_SYNTHETIC_SPOKEN_BASE,SYNTHETIC_TEXT
m3sbv1_015813,明天我想问一下帮我问一下现在还能不能改我有点不确定,LLM_SYNTHETIC_SPOKEN_BASE,SYNTHETIC_TEXT
m3sbv1_015814,现场今天看看这个版本是不是最新的行不行,LLM_SYNTHETIC_SPOKEN_BASE,SYNTHETIC_TEXT
m3sbv1_015815,我我想问一下问一下回来的车几点出发，免得后面又要重新弄,LLM_SYNTHETIC_SPOKEN_BASE,SYNTHETIC_TEXT
m3sbv1_015816,现场我想问一下问一下这个能不能少放一点盐，免得后面又要重新弄,LLM_SYNTHETIC_SPOKEN_BASE,SYNTHETIC_TEXT
m3sbv1_015817,前面这边没别的要求，看看是不是网络又断了就可以,LLM_SYNTHETIC_SPOKEN_BASE,SYNTHETIC_TEXT
m3sbv1_015818,麻烦你帮我把需要验证的地方列出来，他们这边好安排,LLM_SYNTHETIC_SPOKEN_BASE,SYNTHETIC_TEXT
m3sbv1_015819,我确认一下看看谁还没有回复，你这边好安排,LLM_SYNTHETIC_SPOKEN_BASE,SYNTHETIC_TEXT
m3sbv1_015820,可能把地址再确认一下，我刚才没听太清楚,LLM_SYNTHETIC_SPOKEN_BASE,SYNTHETIC_TEXT
m3sbv1_015821,刚才我觉得帮我换一个安静一点的位置别弄错了,LLM_SYNTHETIC_SPOKEN_BASE,SYNTHETIC_TEXT
m3sbv1_015822,我记得看看这个接口是不是又报错了，现场这边好安排,LLM_SYNTHETIC_SPOKEN_BASE,SYNTHETIC_TEXT
m3sbv1_015823,这两天我记得看看是不是网络又断了吧,LLM_SYNTHETIC_SPOKEN_BASE,SYNTHETIC_TEXT
m3sbv1_015824,等一下确认一下要不要提前预约，我确认完再跟你说,LLM_SYNTHETIC_SPOKEN_BASE,SYNTHETIC_TEXT
m3sbv1_015825,你们这两天看看能不能多拿一条毛巾就行,LLM_SYNTHETIC_SPOKEN_BASE,SYNTHETIC_TEXT
m3sbv1_015826,今天应该先把这个问题单独记录下来然后告诉我,LLM_SYNTHETIC_SPOKEN_BASE,SYNTHETIC_TEXT
m3sbv1_015827,刚才可能先把旧的那套逻辑放一边就行,LLM_SYNTHETIC_SPOKEN_BASE,SYNTHETIC_TEXT
m3sbv1_015828,明天先别急，确认一下要不要提前预约再继续,LLM_SYNTHETIC_SPOKEN_BASE,SYNTHETIC_TEXT
m3sbv1_015829,这边之前确认一下服务有没有启动是不是,LLM_SYNTHETIC_SPOKEN_BASE,SYNTHETIC_TEXT
m3sbv1_015830,我先问一下能不能晚一点回来就行,LLM_SYNTHETIC_SPOKEN_BASE,SYNTHETIC_TEXT
m3sbv1_015831,前面这边没别的要求，确认一下测试结果有没有更新就可以,LLM_SYNTHETIC_SPOKEN_BASE,SYNTHETIC_TEXT
m3sbv1_015832,我听说看看能不能多拿一条毛巾，你这边好安排,LLM_SYNTHETIC_SPOKEN_BASE,SYNTHETIC_TEXT
m3sbv1_015833,家里明天看看是不是配置没有生效我再决定,LLM_SYNTHETIC_SPOKEN_BASE,SYNTHETIC_TEXT
m3sbv1_015834,家里这边没别的要求，看看还有没有漏掉的步骤就可以,LLM_SYNTHETIC_SPOKEN_BASE,SYNTHETIC_TEXT
m3sbv1_015835,看看这个杯子是不是我的，有变化的话提前告诉我,LLM_SYNTHETIC_SPOKEN_BASE,SYNTHETIC_TEXT
m3sbv1_015836,家里我估计确认一下服务有没有启动，免得后面又要重新弄,LLM_SYNTHETIC_SPOKEN_BASE,SYNTHETIC_TEXT
m3sbv1_015837,他今天确认一下文件有没有传成功就行,LLM_SYNTHETIC_SPOKEN_BASE,SYNTHETIC_TEXT
m3sbv1_015838,我确认一下告诉我大概还要多久，后面这边好安排,LLM_SYNTHETIC_SPOKEN_BASE,SYNTHETIC_TEXT
m3sbv1_015839,看起来看看这个结果和昨天是不是一样，你们这边好安排,LLM_SYNTHETIC_SPOKEN_BASE,SYNTHETIC_TEXT
m3sbv1_015840,我确认一下问一下这个能不能少放一点盐，那边这边好安排,LLM_SYNTHETIC_SPOKEN_BASE,SYNTHETIC_TEXT
m3sbv1_015841,早一点麻烦你看看是不是网络又断了别弄错了,LLM_SYNTHETIC_SPOKEN_BASE,SYNTHETIC_TEXT
m3sbv1_015842,等一下把这个先留着别动，我确认完再跟你说,LLM_SYNTHETIC_SPOKEN_BASE,SYNTHETIC_TEXT
m3sbv1_015843,麻烦你告诉我大概还要多久，这边这边好安排,LLM_SYNTHETIC_SPOKEN_BASE,SYNTHETIC_TEXT
m3sbv1_015844,你们这边没别的要求，帮我看看这个零件是不是松了就可以,LLM_SYNTHETIC_SPOKEN_BASE,SYNTHETIC_TEXT
m3sbv1_015845,等一下先别急，问一下回来的车几点出发再继续,LLM_SYNTHETIC_SPOKEN_BASE,SYNTHETIC_TEXT
m3sbv1_015846,他们这边没别的要求，帮我看看这个菜里面有没有辣椒就可以,LLM_SYNTHETIC_SPOKEN_BASE,SYNTHETIC_TEXT
m3sbv1_015847,明天先别急，帮我问一下现在还能不能改再继续,LLM_SYNTHETIC_SPOKEN_BASE,SYNTHETIC_TEXT
m3sbv1_015848,到时候我觉得确认一下停车要不要付费我再决定,LLM_SYNTHETIC_SPOKEN_BASE,SYNTHETIC_TEXT
m3sbv1_015849,他现在把声音稍微调小一点别弄错了,LLM_SYNTHETIC_SPOKEN_BASE,SYNTHETIC_TEXT
m3sbv1_015850,我听说先把这个问题单独记录下来，我刚才没听太清楚,LLM_SYNTHETIC_SPOKEN_BASE,SYNTHETIC_TEXT
m3sbv1_015851,你们昨天看看能不能把时间往后挪一点然后告诉我,LLM_SYNTHETIC_SPOKEN_BASE,SYNTHETIC_TEXT
m3sbv1_015852,我们看起来帮我看看这个零件是不是松了，免得后面又要重新弄,LLM_SYNTHETIC_SPOKEN_BASE,SYNTHETIC_TEXT
m3sbv1_015853,等一下好像看看这个结果和昨天是不是一样我再决定,LLM_SYNTHETIC_SPOKEN_BASE,SYNTHETIC_TEXT
m3sbv1_015854,等一下我想问一下把最新版本发给我看一下然后告诉我,LLM_SYNTHETIC_SPOKEN_BASE,SYNTHETIC_TEXT
m3sbv1_015855,应该把这个问题先记到清单里，你这边好安排,LLM_SYNTHETIC_SPOKEN_BASE,SYNTHETIC_TEXT
m3sbv1_015856,我麻烦你看看前面能不能掉头，免得后面又要重新弄,LLM_SYNTHETIC_SPOKEN_BASE,SYNTHETIC_TEXT
m3sbv1_015857,应该帮我看看为什么还没收到，家里这边好安排,LLM_SYNTHETIC_SPOKEN_BASE,SYNTHETIC_TEXT
m3sbv1_015858,家里刚才确认一下是不是已经下单了行不行,LLM_SYNTHETIC_SPOKEN_BASE,SYNTHETIC_TEXT
m3sbv1_015859,等一下我听说帮我把水再加一点我想先确认清楚,LLM_SYNTHETIC_SPOKEN_BASE,SYNTHETIC_TEXT
m3sbv1_015860,现在我估计看看这个结果和昨天是不是一样行不行,LLM_SYNTHETIC_SPOKEN_BASE,SYNTHETIC_TEXT
m3sbv1_015861,公司今天帮我看看这个号码对不对吧,LLM_SYNTHETIC_SPOKEN_BASE,SYNTHETIC_TEXT
m3sbv1_015862,他们早一点确认一下是不是从这里集合行不行,LLM_SYNTHETIC_SPOKEN_BASE,SYNTHETIC_TEXT
m3sbv1_015863,我估计看看导航是不是带错路了，后面这边好安排,LLM_SYNTHETIC_SPOKEN_BASE,SYNTHETIC_TEXT
m3sbv1_015864,现在先别急，看看还有没有漏掉的步骤再继续,LLM_SYNTHETIC_SPOKEN_BASE,SYNTHETIC_TEXT
m3sbv1_015865,这边麻烦你别着急我们按顺序来，免得后面又要重新弄,LLM_SYNTHETIC_SPOKEN_BASE,SYNTHETIC_TEXT
m3sbv1_015866,后面一会儿确认一下名字有没有写错我再决定,LLM_SYNTHETIC_SPOKEN_BASE,SYNTHETIC_TEXT
m3sbv1_015867,晚一点麻烦你先把这个问题单独记录下来行不行,LLM_SYNTHETIC_SPOKEN_BASE,SYNTHETIC_TEXT
m3sbv1_015868,他这边没别的要求，看看谁还没有回复就可以,LLM_SYNTHETIC_SPOKEN_BASE,SYNTHETIC_TEXT
m3sbv1_015869,看起来确认一下停车要不要付费，我这边好安排,LLM_SYNTHETIC_SPOKEN_BASE,SYNTHETIC_TEXT
m3sbv1_015870,家里这边没别的要求，试一下重新打开能不能用就可以,LLM_SYNTHETIC_SPOKEN_BASE,SYNTHETIC_TEXT
m3sbv1_015871,店里这两天看看这个版本是不是最新的我有点不确定,LLM_SYNTHETIC_SPOKEN_BASE,SYNTHETIC_TEXT
m3sbv1_015872,最近看起来先把现在的结果保存下来可以吗,LLM_SYNTHETIC_SPOKEN_BASE,SYNTHETIC_TEXT
m3sbv1_015873,他我记得确认一下轮胎是不是有点软，免得后面又要重新弄,LLM_SYNTHETIC_SPOKEN_BASE,SYNTHETIC_TEXT
m3sbv1_015874,感觉帮我看看这个菜里面有没有辣椒，他们这边好安排,LLM_SYNTHETIC_SPOKEN_BASE,SYNTHETIC_TEXT
m3sbv1_015875,现在应该看看是不是选错选项了可以吗,LLM_SYNTHETIC_SPOKEN_BASE,SYNTHETIC_TEXT
m3sbv1_015876,他这两天确认一下轮胎是不是有点软是不是,LLM_SYNTHETIC_SPOKEN_BASE,SYNTHETIC_TEXT
m3sbv1_015877,你们这两天先把这个问题单独记录下来就行,LLM_SYNTHETIC_SPOKEN_BASE,SYNTHETIC_TEXT
m3sbv1_015878,我觉得看看能不能换成小份，店里这边好安排,LLM_SYNTHETIC_SPOKEN_BASE,SYNTHETIC_TEXT
m3sbv1_015879,前面晚一点确认一下停车要不要付费吧,LLM_SYNTHETIC_SPOKEN_BASE,SYNTHETIC_TEXT
m3sbv1_015880,这两天帮我看看日志里有没有异常，我确认完再跟你说,LLM_SYNTHETIC_SPOKEN_BASE,SYNTHETIC_TEXT
m3sbv1_015881,我估计帮我把水再加一点，家里这边好安排,LLM_SYNTHETIC_SPOKEN_BASE,SYNTHETIC_TEXT
m3sbv1_015882,先看看这个版本是不是最新的，我确认完再跟你说,LLM_SYNTHETIC_SPOKEN_BASE,SYNTHETIC_TEXT
m3sbv1_015883,公司看起来把这个问题先记到清单里，免得后面又要重新弄,LLM_SYNTHETIC_SPOKEN_BASE,SYNTHETIC_TEXT
m3sbv1_015884,最近先别急，看看谁还没有回复再继续,LLM_SYNTHETIC_SPOKEN_BASE,SYNTHETIC_TEXT
m3sbv1_015885,看看能不能多拿一条毛巾以后跟我说一声就行,LLM_SYNTHETIC_SPOKEN_BASE,SYNTHETIC_TEXT
m3sbv1_015886,晚一点麻烦你问一下他们什么时候能到,LLM_SYNTHETIC_SPOKEN_BASE,SYNTHETIC_TEXT
m3sbv1_015887,店里现在看看是不是网络又断了行不行,LLM_SYNTHETIC_SPOKEN_BASE,SYNTHETIC_TEXT
m3sbv1_015888,麻烦你看看这个杯子是不是我的，我们这边好安排,LLM_SYNTHETIC_SPOKEN_BASE,SYNTHETIC_TEXT
m3sbv1_015889,昨天我确认一下帮我看看日志里有没有异常我有点不确定,LLM_SYNTHETIC_SPOKEN_BASE,SYNTHETIC_TEXT
m3sbv1_015890,刚才看看这个东西应该放哪里，我确认完再跟你说,LLM_SYNTHETIC_SPOKEN_BASE,SYNTHETIC_TEXT
m3sbv1_015891,我们今天看看这个杯子是不是我的我怕等会儿忘了,LLM_SYNTHETIC_SPOKEN_BASE,SYNTHETIC_TEXT
m3sbv1_015892,昨天先别急，确认一下这次只改这一部分再继续,LLM_SYNTHETIC_SPOKEN_BASE,SYNTHETIC_TEXT
m3sbv1_015893,今天我确认一下帮我把重复的内容删掉我再决定,LLM_SYNTHETIC_SPOKEN_BASE,SYNTHETIC_TEXT
m3sbv1_015894,我们之前看看有没有不用排队的办法我再决定,LLM_SYNTHETIC_SPOKEN_BASE,SYNTHETIC_TEXT
m3sbv1_015895,这两天先别急，帮我把需要验证的地方列出来再继续,LLM_SYNTHETIC_SPOKEN_BASE,SYNTHETIC_TEXT
m3sbv1_015896,最近先别急，确认一下入口是不是在这边再继续,LLM_SYNTHETIC_SPOKEN_BASE,SYNTHETIC_TEXT
m3sbv1_015897,我这边没别的要求，看一下这个是不是放错地方了就可以,LLM_SYNTHETIC_SPOKEN_BASE,SYNTHETIC_TEXT
m3sbv1_015898,你们晚一点确认一下是不是同一个订单然后告诉我,LLM_SYNTHETIC_SPOKEN_BASE,SYNTHETIC_TEXT
m3sbv1_015899,感觉先把旧的那套逻辑放一边，前面这边好安排,LLM_SYNTHETIC_SPOKEN_BASE,SYNTHETIC_TEXT
m3sbv1_015900,公司麻烦你确认一下入口是不是在这边，免得后面又要重新弄,LLM_SYNTHETIC_SPOKEN_BASE,SYNTHETIC_TEXT
m3sbv1_015901,刚才我觉得看看前面是不是要左转我有点不确定,LLM_SYNTHETIC_SPOKEN_BASE,SYNTHETIC_TEXT
m3sbv1_015902,明天先别急，确认一下灯是不是都关了再继续,LLM_SYNTHETIC_SPOKEN_BASE,SYNTHETIC_TEXT
m3sbv1_015903,他我听说确认一下这个功能是不是已经关掉了，免得后面又要重新弄,LLM_SYNTHETIC_SPOKEN_BASE,SYNTHETIC_TEXT
m3sbv1_015904,这边现在问一下这个能不能少放一点盐是不是,LLM_SYNTHETIC_SPOKEN_BASE,SYNTHETIC_TEXT
m3sbv1_015905,那边这边没别的要求，帮我看看行李放在哪里就可以,LLM_SYNTHETIC_SPOKEN_BASE,SYNTHETIC_TEXT
m3sbv1_015906,我记得问一下回来的车几点出发，她这边好安排,LLM_SYNTHETIC_SPOKEN_BASE,SYNTHETIC_TEXT
m3sbv1_015907,感觉帮我确认一下房间准备好了没有，前面这边好安排,LLM_SYNTHETIC_SPOKEN_BASE,SYNTHETIC_TEXT
m3sbv1_015908,明天应该确认一下这次只改这一部分是不是,LLM_SYNTHETIC_SPOKEN_BASE,SYNTHETIC_TEXT
m3sbv1_015909,他们一会儿把刚才那条消息再发我一次别弄错了,LLM_SYNTHETIC_SPOKEN_BASE,SYNTHETIC_TEXT
m3sbv1_015910,刚才确认一下时间有没有改，我确认完再跟你说,LLM_SYNTHETIC_SPOKEN_BASE,SYNTHETIC_TEXT
m3sbv1_015911,等一下感觉看看空调能不能调高一点我想先确认清楚,LLM_SYNTHETIC_SPOKEN_BASE,SYNTHETIC_TEXT
m3sbv1_015912,明天先别急，帮我把重复的内容删掉再继续,LLM_SYNTHETIC_SPOKEN_BASE,SYNTHETIC_TEXT
m3sbv1_015913,她刚才确认一下这份文件是不是最终版我怕等会儿忘了,LLM_SYNTHETIC_SPOKEN_BASE,SYNTHETIC_TEXT
m3sbv1_015914,晚一点感觉把声音稍微调小一点吧,LLM_SYNTHETIC_SPOKEN_BASE,SYNTHETIC_TEXT
m3sbv1_015915,后面最近确认一下是不是同一个订单我有点不确定,LLM_SYNTHETIC_SPOKEN_BASE,SYNTHETIC_TEXT
m3sbv1_015916,今天帮我确认一下房间准备好了没有，我确认完再跟你说,LLM_SYNTHETIC_SPOKEN_BASE,SYNTHETIC_TEXT
m3sbv1_015917,他们晚一点看看这个结果和昨天是不是一样我再决定,LLM_SYNTHETIC_SPOKEN_BASE,SYNTHETIC_TEXT
m3sbv1_015918,我记得确认一下灯是不是都关了，我刚才没听太清楚,LLM_SYNTHETIC_SPOKEN_BASE,SYNTHETIC_TEXT
m3sbv1_015919,公司我想问一下问一下能不能晚一点回来，免得后面又要重新弄,LLM_SYNTHETIC_SPOKEN_BASE,SYNTHETIC_TEXT
m3sbv1_015920,等一下我觉得确认一下测试结果有没有更新吧,LLM_SYNTHETIC_SPOKEN_BASE,SYNTHETIC_TEXT
m3sbv1_015921,现在好像确认一下退房时间是几点我怕等会儿忘了,LLM_SYNTHETIC_SPOKEN_BASE,SYNTHETIC_TEXT
m3sbv1_015922,看看油还够不够，如果不行就先别改,LLM_SYNTHETIC_SPOKEN_BASE,SYNTHETIC_TEXT
m3sbv1_015923,等一下我确认一下帮我把重复的内容删掉是不是,LLM_SYNTHETIC_SPOKEN_BASE,SYNTHETIC_TEXT
m3sbv1_015924,之前我记得先把这一项记下来可以吗,LLM_SYNTHETIC_SPOKEN_BASE,SYNTHETIC_TEXT
m3sbv1_015925,今天我觉得确认一下会议是不是改到下午了可以吗,LLM_SYNTHETIC_SPOKEN_BASE,SYNTHETIC_TEXT
m3sbv1_015926,现场这两天问一下他们什么时候能到行不行,LLM_SYNTHETIC_SPOKEN_BASE,SYNTHETIC_TEXT
m3sbv1_015927,先看看是不是网络又断了，我确认完再跟你说,LLM_SYNTHETIC_SPOKEN_BASE,SYNTHETIC_TEXT
m3sbv1_015928,店里这边没别的要求，看看前面是不是要左转就可以,LLM_SYNTHETIC_SPOKEN_BASE,SYNTHETIC_TEXT
m3sbv1_015929,早一点先别急，帮我确认一下房间准备好了没有再继续,LLM_SYNTHETIC_SPOKEN_BASE,SYNTHETIC_TEXT
m3sbv1_015930,现场今天看看导航是不是带错路了我有点不确定,LLM_SYNTHETIC_SPOKEN_BASE,SYNTHETIC_TEXT
m3sbv1_015931,早一点看起来确认一下这个功能是不是已经关掉了行不行,LLM_SYNTHETIC_SPOKEN_BASE,SYNTHETIC_TEXT
m3sbv1_015932,早一点看看油还够不够，我确认完再跟你说,LLM_SYNTHETIC_SPOKEN_BASE,SYNTHETIC_TEXT
m3sbv1_015933,一会儿我觉得看一下这个是不是放错地方了就行,LLM_SYNTHETIC_SPOKEN_BASE,SYNTHETIC_TEXT
m3sbv1_015934,到时候可能试一下重新打开能不能用是不是,LLM_SYNTHETIC_SPOKEN_BASE,SYNTHETIC_TEXT
m3sbv1_015935,店里昨天问一下还能不能加一个人我有点不确定,LLM_SYNTHETIC_SPOKEN_BASE,SYNTHETIC_TEXT
m3sbv1_015936,我估计确认一下轮胎是不是有点软，后面这边好安排,LLM_SYNTHETIC_SPOKEN_BASE,SYNTHETIC_TEXT
m3sbv1_015937,我们现在问一下回来的车几点出发可以吗,LLM_SYNTHETIC_SPOKEN_BASE,SYNTHETIC_TEXT
m3sbv1_015938,你刚才帮我看看这个零件是不是松了我再决定,LLM_SYNTHETIC_SPOKEN_BASE,SYNTHETIC_TEXT
m3sbv1_015939,现场这边没别的要求，帮我问一下现在还能不能改就可以,LLM_SYNTHETIC_SPOKEN_BASE,SYNTHETIC_TEXT
m3sbv1_015940,我们昨天确认一下文件有没有传成功然后告诉我,LLM_SYNTHETIC_SPOKEN_BASE,SYNTHETIC_TEXT
m3sbv1_015941,要是方便的话确认一下是不是已经下单了，不用特意等我,LLM_SYNTHETIC_SPOKEN_BASE,SYNTHETIC_TEXT
m3sbv1_015942,你们等一下看看前面是不是要左转我怕等会儿忘了,LLM_SYNTHETIC_SPOKEN_BASE,SYNTHETIC_TEXT
m3sbv1_015943,明天麻烦你看看能不能多拿一条毛巾我再决定,LLM_SYNTHETIC_SPOKEN_BASE,SYNTHETIC_TEXT
m3sbv1_015944,感觉问一下能不能晚一点回来，前面这边好安排,LLM_SYNTHETIC_SPOKEN_BASE,SYNTHETIC_TEXT
m3sbv1_015945,公司这边没别的要求，把这个先留着别动就可以,LLM_SYNTHETIC_SPOKEN_BASE,SYNTHETIC_TEXT
m3sbv1_015946,现在先别急，确认一下文件有没有传成功再继续,LLM_SYNTHETIC_SPOKEN_BASE,SYNTHETIC_TEXT
m3sbv1_015947,我想问一下问一下早餐几点开始，后面这边好安排,LLM_SYNTHETIC_SPOKEN_BASE,SYNTHETIC_TEXT
m3sbv1_015948,我这边没别的要求，看看这个价格有没有包含费用就可以,LLM_SYNTHETIC_SPOKEN_BASE,SYNTHETIC_TEXT
m3sbv1_015949,我觉得把地址再确认一下，我刚才没听太清楚,LLM_SYNTHETIC_SPOKEN_BASE,SYNTHETIC_TEXT
m3sbv1_015950,一会儿我记得帮我问一下现在还能不能改我怕等会儿忘了,LLM_SYNTHETIC_SPOKEN_BASE,SYNTHETIC_TEXT
m3sbv1_015951,一会儿应该把刚才那条消息再发我一次我怕等会儿忘了,LLM_SYNTHETIC_SPOKEN_BASE,SYNTHETIC_TEXT
m3sbv1_015952,后面这边没别的要求，看看能不能多拿一条毛巾就可以,LLM_SYNTHETIC_SPOKEN_BASE,SYNTHETIC_TEXT
m3sbv1_015953,你明天帮我确认一下房间准备好了没有吧,LLM_SYNTHETIC_SPOKEN_BASE,SYNTHETIC_TEXT
m3sbv1_015954,我到时候看看还有没有漏掉的步骤是不是,LLM_SYNTHETIC_SPOKEN_BASE,SYNTHETIC_TEXT
m3sbv1_015955,公司这边没别的要求，看看能不能把时间往后挪一点就可以,LLM_SYNTHETIC_SPOKEN_BASE,SYNTHETIC_TEXT
m3sbv1_015956,前面先看看能不能换成小份然后告诉我,LLM_SYNTHETIC_SPOKEN_BASE,SYNTHETIC_TEXT
m3sbv1_015957,那边好像确认一下会议是不是改到下午了，免得后面又要重新弄,LLM_SYNTHETIC_SPOKEN_BASE,SYNTHETIC_TEXT
m3sbv1_015958,她可能把这个问题先记到清单里，免得后面又要重新弄,LLM_SYNTHETIC_SPOKEN_BASE,SYNTHETIC_TEXT
m3sbv1_015959,我觉得看看能不能把时间往后挪一点，这边这边好安排,LLM_SYNTHETIC_SPOKEN_BASE,SYNTHETIC_TEXT
m3sbv1_015960,你麻烦你别着急我们按顺序来，免得后面又要重新弄,LLM_SYNTHETIC_SPOKEN_BASE,SYNTHETIC_TEXT
m3sbv1_015961,我等一下看看是不是配置没有生效别弄错了,LLM_SYNTHETIC_SPOKEN_BASE,SYNTHETIC_TEXT
m3sbv1_015962,晚一点我想问一下看看这个版本是不是最新的,LLM_SYNTHETIC_SPOKEN_BASE,SYNTHETIC_TEXT
m3sbv1_015963,刚才麻烦你看一下这个是不是放错地方了别弄错了,LLM_SYNTHETIC_SPOKEN_BASE,SYNTHETIC_TEXT
m3sbv1_015964,看起来到的时候给我发个消息，我这边好安排,LLM_SYNTHETIC_SPOKEN_BASE,SYNTHETIC_TEXT
m3sbv1_015965,确认一下是不是同一个订单，如果不行就先别改,LLM_SYNTHETIC_SPOKEN_BASE,SYNTHETIC_TEXT
m3sbv1_015966,公司晚一点帮我确认一下房间准备好了没有行不行,LLM_SYNTHETIC_SPOKEN_BASE,SYNTHETIC_TEXT
m3sbv1_015967,之前我确认一下看看前面能不能掉头可以吗,LLM_SYNTHETIC_SPOKEN_BASE,SYNTHETIC_TEXT
m3sbv1_015968,看起来帮我把水再加一点，我刚才没听太清楚,LLM_SYNTHETIC_SPOKEN_BASE,SYNTHETIC_TEXT
m3sbv1_015969,我这边没别的要求，确认一下时间有没有改就可以,LLM_SYNTHETIC_SPOKEN_BASE,SYNTHETIC_TEXT
m3sbv1_015970,那边这两天问一下这个能不能少放一点盐就行,LLM_SYNTHETIC_SPOKEN_BASE,SYNTHETIC_TEXT
m3sbv1_015971,他们我听说看看空调能不能调高一点，免得后面又要重新弄,LLM_SYNTHETIC_SPOKEN_BASE,SYNTHETIC_TEXT
m3sbv1_015972,后面我觉得看看能不能多拿一条毛巾，免得后面又要重新弄,LLM_SYNTHETIC_SPOKEN_BASE,SYNTHETIC_TEXT
m3sbv1_015973,昨天我觉得确认一下轮胎是不是有点软我有点不确定,LLM_SYNTHETIC_SPOKEN_BASE,SYNTHETIC_TEXT
m3sbv1_015974,之前把这个先留着别动，我确认完再跟你说,LLM_SYNTHETIC_SPOKEN_BASE,SYNTHETIC_TEXT
m3sbv1_015975,他晚一点帮我换一个安静一点的位置我怕等会儿忘了,LLM_SYNTHETIC_SPOKEN_BASE,SYNTHETIC_TEXT
m3sbv1_015976,现场我想问一下帮我问一下还有没有空位，免得后面又要重新弄,LLM_SYNTHETIC_SPOKEN_BASE,SYNTHETIC_TEXT
m3sbv1_015977,好像帮我找一下刚才那个页面，我刚才没听太清楚,LLM_SYNTHETIC_SPOKEN_BASE,SYNTHETIC_TEXT
m3sbv1_015978,我们到时候把门先关一下有点冷我再决定,LLM_SYNTHETIC_SPOKEN_BASE,SYNTHETIC_TEXT
m3sbv1_015979,到时候我确认一下再检查一遍有没有问题然后告诉我,LLM_SYNTHETIC_SPOKEN_BASE,SYNTHETIC_TEXT
m3sbv1_015980,我们晚一点看看导航是不是带错路了行不行,LLM_SYNTHETIC_SPOKEN_BASE,SYNTHETIC_TEXT
m3sbv1_015981,早一点确认一下会议是不是改到下午了，我确认完再跟你说,LLM_SYNTHETIC_SPOKEN_BASE,SYNTHETIC_TEXT
m3sbv1_015982,先可能看看谁还没有回复是不是,LLM_SYNTHETIC_SPOKEN_BASE,SYNTHETIC_TEXT
m3sbv1_015983,家里可能把这个问题先记到清单里，免得后面又要重新弄,LLM_SYNTHETIC_SPOKEN_BASE,SYNTHETIC_TEXT
m3sbv1_015984,看看有没有不用排队的办法以后跟我说一声就行,LLM_SYNTHETIC_SPOKEN_BASE,SYNTHETIC_TEXT
m3sbv1_015985,一会儿先别急，问一下能不能晚一点回来再继续,LLM_SYNTHETIC_SPOKEN_BASE,SYNTHETIC_TEXT
m3sbv1_015986,先确认一下今天是不是正常营业，我确认完再跟你说,LLM_SYNTHETIC_SPOKEN_BASE,SYNTHETIC_TEXT
m3sbv1_015987,一会儿我确认一下看看这个价格有没有包含费用是不是,LLM_SYNTHETIC_SPOKEN_BASE,SYNTHETIC_TEXT
m3sbv1_015988,昨天我确认一下确认一下会议是不是改到下午了我有点不确定,LLM_SYNTHETIC_SPOKEN_BASE,SYNTHETIC_TEXT
m3sbv1_015989,她感觉问一下还能不能加一个人，免得后面又要重新弄,LLM_SYNTHETIC_SPOKEN_BASE,SYNTHETIC_TEXT
m3sbv1_015990,可能看看这个东西应该放哪里，我们这边好安排,LLM_SYNTHETIC_SPOKEN_BASE,SYNTHETIC_TEXT
m3sbv1_015991,我想问一下问一下他们什么时候能到，你们这边好安排,LLM_SYNTHETIC_SPOKEN_BASE,SYNTHETIC_TEXT
m3sbv1_015992,公司晚一点确认一下这个功能是不是已经关掉了吧,LLM_SYNTHETIC_SPOKEN_BASE,SYNTHETIC_TEXT
m3sbv1_015993,他先先把旧的那套逻辑放一边别弄错了,LLM_SYNTHETIC_SPOKEN_BASE,SYNTHETIC_TEXT
m3sbv1_015994,最近先别急，看看这个结果和昨天是不是一样再继续,LLM_SYNTHETIC_SPOKEN_BASE,SYNTHETIC_TEXT
m3sbv1_015995,这两天我估计确认一下会议是不是改到下午了我再决定,LLM_SYNTHETIC_SPOKEN_BASE,SYNTHETIC_TEXT
m3sbv1_015996,他我记得看看是不是配置没有生效，免得后面又要重新弄,LLM_SYNTHETIC_SPOKEN_BASE,SYNTHETIC_TEXT
m3sbv1_015997,现场麻烦你看看这个价格有没有包含费用，免得后面又要重新弄,LLM_SYNTHETIC_SPOKEN_BASE,SYNTHETIC_TEXT
m3sbv1_015998,最近我想问一下确认一下服务有没有启动我想先确认清楚,LLM_SYNTHETIC_SPOKEN_BASE,SYNTHETIC_TEXT
m3sbv1_015999,她刚才看看前面能不能掉头就行,LLM_SYNTHETIC_SPOKEN_BASE,SYNTHETIC_TEXT
m3sbv1_016000,最近可能确认一下停车要不要付费就行,LLM_SYNTHETIC_SPOKEN_BASE,SYNTHETIC_TEXT
m3sbv1_016001,我想问一下看一下这个是不是放错地方了，前面这边好安排,LLM_SYNTHETIC_SPOKEN_BASE,SYNTHETIC_TEXT
m3sbv1_016002,后面先帮我找一下刚才那个页面吧,LLM_SYNTHETIC_SPOKEN_BASE,SYNTHETIC_TEXT
m3sbv1_016003,现场昨天帮我把水再加一点别弄错了,LLM_SYNTHETIC_SPOKEN_BASE,SYNTHETIC_TEXT
m3sbv1_016004,你感觉看看是不是还少了什么，免得后面又要重新弄,LLM_SYNTHETIC_SPOKEN_BASE,SYNTHETIC_TEXT
m3sbv1_016005,家里明天先把这一项记下来就行,LLM_SYNTHETIC_SPOKEN_BASE,SYNTHETIC_TEXT
m3sbv1_016006,我确认一下确认一下是不是已经付过了，我刚才没听太清楚,LLM_SYNTHETIC_SPOKEN_BASE,SYNTHETIC_TEXT
m3sbv1_016007,我们一会儿先把这一项记下来然后告诉我,LLM_SYNTHETIC_SPOKEN_BASE,SYNTHETIC_TEXT
m3sbv1_016008,这两天告诉我大概还要多久，我确认完再跟你说,LLM_SYNTHETIC_SPOKEN_BASE,SYNTHETIC_TEXT
m3sbv1_016009,到时候我觉得看看能不能多拿一条毛巾我有点不确定,LLM_SYNTHETIC_SPOKEN_BASE,SYNTHETIC_TEXT
m3sbv1_016010,之前应该确认一下灯是不是都关了是不是,LLM_SYNTHETIC_SPOKEN_BASE,SYNTHETIC_TEXT
m3sbv1_016011,等一下先别急，帮我把水再加一点再继续,LLM_SYNTHETIC_SPOKEN_BASE,SYNTHETIC_TEXT
m3sbv1_016012,感觉确认一下要不要提前预约，你这边好安排,LLM_SYNTHETIC_SPOKEN_BASE,SYNTHETIC_TEXT
m3sbv1_016013,我这两天帮我看看为什么还没收到是不是,LLM_SYNTHETIC_SPOKEN_BASE,SYNTHETIC_TEXT
m3sbv1_016014,他好像确认一下时间有没有改，免得后面又要重新弄,LLM_SYNTHETIC_SPOKEN_BASE,SYNTHETIC_TEXT
m3sbv1_016015,早一点应该帮我找一下充电线放哪了我想先确认清楚,LLM_SYNTHETIC_SPOKEN_BASE,SYNTHETIC_TEXT
m3sbv1_016016,你这边没别的要求，确认一下是不是已经付过了就可以,LLM_SYNTHETIC_SPOKEN_BASE,SYNTHETIC_TEXT
m3sbv1_016017,现场今天问一下回来的车几点出发,LLM_SYNTHETIC_SPOKEN_BASE,SYNTHETIC_TEXT
m3sbv1_016018,早一点感觉确认一下名字有没有写错我怕等会儿忘了,LLM_SYNTHETIC_SPOKEN_BASE,SYNTHETIC_TEXT
m3sbv1_016019,你刚才帮我看看行李放在哪里行不行,LLM_SYNTHETIC_SPOKEN_BASE,SYNTHETIC_TEXT
m3sbv1_016020,后面我记得把位置发给我我自己过去，免得后面又要重新弄,LLM_SYNTHETIC_SPOKEN_BASE,SYNTHETIC_TEXT
m3sbv1_016021,感觉先把这个问题单独记录下来，你们这边好安排,LLM_SYNTHETIC_SPOKEN_BASE,SYNTHETIC_TEXT
m3sbv1_016022,我们今天先等等我马上就过来我再决定,LLM_SYNTHETIC_SPOKEN_BASE,SYNTHETIC_TEXT
m3sbv1_016023,等一下我记得帮我听一下这个声音正不正常可以吗,LLM_SYNTHETIC_SPOKEN_BASE,SYNTHETIC_TEXT
m3sbv1_016024,现在麻烦你帮我确认一下负责人是谁行不行,LLM_SYNTHETIC_SPOKEN_BASE,SYNTHETIC_TEXT
m3sbv1_016025,公司我觉得帮我看看这个号码对不对，免得后面又要重新弄,LLM_SYNTHETIC_SPOKEN_BASE,SYNTHETIC_TEXT
m3sbv1_016026,你们最近帮我看看为什么还没收到我有点不确定,LLM_SYNTHETIC_SPOKEN_BASE,SYNTHETIC_TEXT
m3sbv1_016027,他等一下看看是不是选错选项了,LLM_SYNTHETIC_SPOKEN_BASE,SYNTHETIC_TEXT
m3sbv1_016028,最近看起来确认一下入口是不是在这边我怕等会儿忘了,LLM_SYNTHETIC_SPOKEN_BASE,SYNTHETIC_TEXT
m3sbv1_016029,之前先别急，确认一下是不是已经付过了再继续,LLM_SYNTHETIC_SPOKEN_BASE,SYNTHETIC_TEXT
m3sbv1_016030,公司麻烦你帮我问一下现在还能不能改，免得后面又要重新弄,LLM_SYNTHETIC_SPOKEN_BASE,SYNTHETIC_TEXT
m3sbv1_016031,她这边没别的要求，看看有没有不用排队的办法就可以,LLM_SYNTHETIC_SPOKEN_BASE,SYNTHETIC_TEXT
m3sbv1_016032,我想问一下确认一下会议是不是改到下午了，他们这边好安排,LLM_SYNTHETIC_SPOKEN_BASE,SYNTHETIC_TEXT
m3sbv1_016033,刚才好像确认一下这次只改这一部分我有点不确定,LLM_SYNTHETIC_SPOKEN_BASE,SYNTHETIC_TEXT
m3sbv1_016034,刚才我听说把刚才说的重点再讲一遍吧,LLM_SYNTHETIC_SPOKEN_BASE,SYNTHETIC_TEXT
m3sbv1_016035,后面昨天帮我拿一下旁边那个袋子行不行,LLM_SYNTHETIC_SPOKEN_BASE,SYNTHETIC_TEXT
m3sbv1_016036,他这边没别的要求，确认一下是不是已经下单了就可以,LLM_SYNTHETIC_SPOKEN_BASE,SYNTHETIC_TEXT
m3sbv1_016037,昨天我想问一下看看有没有不用排队的办法吧,LLM_SYNTHETIC_SPOKEN_BASE,SYNTHETIC_TEXT
m3sbv1_016038,那边看起来把这个问题先记到清单里，免得后面又要重新弄,LLM_SYNTHETIC_SPOKEN_BASE,SYNTHETIC_TEXT
m3sbv1_016039,应该帮我找一下刚才那个页面，后面这边好安排,LLM_SYNTHETIC_SPOKEN_BASE,SYNTHETIC_TEXT
m3sbv1_016040,我确认一下看看还有没有漏掉的步骤，家里这边好安排,LLM_SYNTHETIC_SPOKEN_BASE,SYNTHETIC_TEXT
m3sbv1_016041,明天可能帮我换一个安静一点的位置是不是,LLM_SYNTHETIC_SPOKEN_BASE,SYNTHETIC_TEXT
m3sbv1_016042,好像看看油还够不够，后面这边好安排,LLM_SYNTHETIC_SPOKEN_BASE,SYNTHETIC_TEXT
m3sbv1_016043,她这边没别的要求，看看导航是不是带错路了就可以,LLM_SYNTHETIC_SPOKEN_BASE,SYNTHETIC_TEXT
m3sbv1_016044,感觉别着急我们按顺序来，我刚才没听太清楚,LLM_SYNTHETIC_SPOKEN_BASE,SYNTHETIC_TEXT
m3sbv1_016045,到时候好像帮我确认一下字段有没有变可以吗,LLM_SYNTHETIC_SPOKEN_BASE,SYNTHETIC_TEXT
m3sbv1_016046,可能确认一下时间有没有改，公司这边好安排,LLM_SYNTHETIC_SPOKEN_BASE,SYNTHETIC_TEXT
m3sbv1_016047,现场这边没别的要求，看看是不是配置没有生效就可以,LLM_SYNTHETIC_SPOKEN_BASE,SYNTHETIC_TEXT
m3sbv1_016048,现在确认一下停车要不要付费，我确认完再跟你说,LLM_SYNTHETIC_SPOKEN_BASE,SYNTHETIC_TEXT
m3sbv1_016049,我们刚才确认一下服务有没有启动就行,LLM_SYNTHETIC_SPOKEN_BASE,SYNTHETIC_TEXT
m3sbv1_016050,你今天帮我把需要验证的地方列出来我想先确认清楚,LLM_SYNTHETIC_SPOKEN_BASE,SYNTHETIC_TEXT
m3sbv1_016051,他到时候帮我拿一下旁边那个袋子就行,LLM_SYNTHETIC_SPOKEN_BASE,SYNTHETIC_TEXT
m3sbv1_016052,现场等一下确认一下是不是已经下单了我再决定,LLM_SYNTHETIC_SPOKEN_BASE,SYNTHETIC_TEXT
m3sbv1_016053,最近我确认一下问一下能不能晚一点回来然后告诉我,LLM_SYNTHETIC_SPOKEN_BASE,SYNTHETIC_TEXT
m3sbv1_016054,她这边没别的要求，先把这个问题单独记录下来就可以,LLM_SYNTHETIC_SPOKEN_BASE,SYNTHETIC_TEXT
m3sbv1_016055,之前先别急，帮我看看行李放在哪里再继续,LLM_SYNTHETIC_SPOKEN_BASE,SYNTHETIC_TEXT
m3sbv1_016056,晚一点把最新版本发给我看一下，我确认完再跟你说,LLM_SYNTHETIC_SPOKEN_BASE,SYNTHETIC_TEXT
m3sbv1_016057,刚才我估计看看这个版本是不是最新的就行,LLM_SYNTHETIC_SPOKEN_BASE,SYNTHETIC_TEXT
m3sbv1_016058,现场感觉看看还有没有漏掉的步骤，免得后面又要重新弄,LLM_SYNTHETIC_SPOKEN_BASE,SYNTHETIC_TEXT
m3sbv1_016059,昨天先别急，看看还有没有漏掉的步骤再继续,LLM_SYNTHETIC_SPOKEN_BASE,SYNTHETIC_TEXT
m3sbv1_016060,早一点麻烦你帮我确认一下房间准备好了没有,LLM_SYNTHETIC_SPOKEN_BASE,SYNTHETIC_TEXT
m3sbv1_016061,公司我听说看看有没有影响到别的模块，免得后面又要重新弄,LLM_SYNTHETIC_SPOKEN_BASE,SYNTHETIC_TEXT
m3sbv1_016062,好像看看能不能多拿一条毛巾，他们这边好安排,LLM_SYNTHETIC_SPOKEN_BASE,SYNTHETIC_TEXT
m3sbv1_016063,今天看看谁还没有回复，我确认完再跟你说,LLM_SYNTHETIC_SPOKEN_BASE,SYNTHETIC_TEXT
m3sbv1_016064,现在麻烦你看看这个价格有没有包含费用我有点不确定,LLM_SYNTHETIC_SPOKEN_BASE,SYNTHETIC_TEXT
m3sbv1_016065,这两天可能把门先关一下有点冷是不是,LLM_SYNTHETIC_SPOKEN_BASE,SYNTHETIC_TEXT
m3sbv1_016066,之前好像看看油还够不够我有点不确定,LLM_SYNTHETIC_SPOKEN_BASE,SYNTHETIC_TEXT
m3sbv1_016067,今天感觉把门先关一下有点冷就行,LLM_SYNTHETIC_SPOKEN_BASE,SYNTHETIC_TEXT
m3sbv1_016068,到时候我觉得看看前面是不是要左转是不是,LLM_SYNTHETIC_SPOKEN_BASE,SYNTHETIC_TEXT
m3sbv1_016069,现在先别急，把最新版本发给我看一下再继续,LLM_SYNTHETIC_SPOKEN_BASE,SYNTHETIC_TEXT
m3sbv1_016070,之前可能看看有没有不用排队的办法我再决定,LLM_SYNTHETIC_SPOKEN_BASE,SYNTHETIC_TEXT
m3sbv1_016071,我觉得先把现在的结果保存下来，他们这边好安排,LLM_SYNTHETIC_SPOKEN_BASE,SYNTHETIC_TEXT
m3sbv1_016072,之前先把这个问题单独记录下来，我确认完再跟你说,LLM_SYNTHETIC_SPOKEN_BASE,SYNTHETIC_TEXT
m3sbv1_016073,我这边没别的要求，帮我把水再加一点就可以,LLM_SYNTHETIC_SPOKEN_BASE,SYNTHETIC_TEXT
m3sbv1_016074,后面刚才帮我看看行李放在哪里别弄错了,LLM_SYNTHETIC_SPOKEN_BASE,SYNTHETIC_TEXT
m3sbv1_016075,他们好像确认一下轮胎是不是有点软，免得后面又要重新弄,LLM_SYNTHETIC_SPOKEN_BASE,SYNTHETIC_TEXT
m3sbv1_016076,好像确认一下名字有没有写错，我们这边好安排,LLM_SYNTHETIC_SPOKEN_BASE,SYNTHETIC_TEXT
m3sbv1_016077,我可能问一下早餐几点开始，免得后面又要重新弄,LLM_SYNTHETIC_SPOKEN_BASE,SYNTHETIC_TEXT
m3sbv1_016078,可能别着急我们按顺序来，这边这边好安排,LLM_SYNTHETIC_SPOKEN_BASE,SYNTHETIC_TEXT
m3sbv1_016079,先看看导航是不是带错路了，我确认完再跟你说,LLM_SYNTHETIC_SPOKEN_BASE,SYNTHETIC_TEXT
m3sbv1_016080,我记得看看导航是不是带错路了，我刚才没听太清楚,LLM_SYNTHETIC_SPOKEN_BASE,SYNTHETIC_TEXT
m3sbv1_016081,最近我确认一下帮我确认一下字段有没有变我想先确认清楚,LLM_SYNTHETIC_SPOKEN_BASE,SYNTHETIC_TEXT
m3sbv1_016082,晚一点先别急，告诉我大概还要多久再继续,LLM_SYNTHETIC_SPOKEN_BASE,SYNTHETIC_TEXT
m3sbv1_016083,一会儿把位置发给我我自己过去，我确认完再跟你说,LLM_SYNTHETIC_SPOKEN_BASE,SYNTHETIC_TEXT
m3sbv1_016084,我们这边没别的要求，看看这个杯子是不是我的就可以,LLM_SYNTHETIC_SPOKEN_BASE,SYNTHETIC_TEXT
m3sbv1_016085,我们刚才确认一下是不是同一个订单我有点不确定,LLM_SYNTHETIC_SPOKEN_BASE,SYNTHETIC_TEXT
m3sbv1_016086,我记得确认一下文件有没有传成功，公司这边好安排,LLM_SYNTHETIC_SPOKEN_BASE,SYNTHETIC_TEXT
m3sbv1_016087,家里昨天看看能不能换成小份可以吗,LLM_SYNTHETIC_SPOKEN_BASE,SYNTHETIC_TEXT
m3sbv1_016088,我觉得确认一下名字有没有写错，后面这边好安排,LLM_SYNTHETIC_SPOKEN_BASE,SYNTHETIC_TEXT
m3sbv1_016089,你我想问一下告诉我大概还要多久，免得后面又要重新弄,LLM_SYNTHETIC_SPOKEN_BASE,SYNTHETIC_TEXT
m3sbv1_016090,公司先看看是不是网络又断了吧,LLM_SYNTHETIC_SPOKEN_BASE,SYNTHETIC_TEXT
m3sbv1_016091,我听说看看还有没有漏掉的步骤，我刚才没听太清楚,LLM_SYNTHETIC_SPOKEN_BASE,SYNTHETIC_TEXT
m3sbv1_016092,店里我觉得看看这个东西应该放哪里，免得后面又要重新弄,LLM_SYNTHETIC_SPOKEN_BASE,SYNTHETIC_TEXT
m3sbv1_016093,我觉得看看这个版本是不是最新的，他们这边好安排,LLM_SYNTHETIC_SPOKEN_BASE,SYNTHETIC_TEXT
m3sbv1_016094,他们我觉得看看这个结果和昨天是不是一样，免得后面又要重新弄,LLM_SYNTHETIC_SPOKEN_BASE,SYNTHETIC_TEXT
m3sbv1_016095,这两天看看油还够不够，我确认完再跟你说,LLM_SYNTHETIC_SPOKEN_BASE,SYNTHETIC_TEXT
m3sbv1_016096,我想问一下问一下还能不能加一个人，家里这边好安排,LLM_SYNTHETIC_SPOKEN_BASE,SYNTHETIC_TEXT
m3sbv1_016097,他们我想问一下看看油还够不够，免得后面又要重新弄,LLM_SYNTHETIC_SPOKEN_BASE,SYNTHETIC_TEXT
m3sbv1_016098,我估计确认一下灯是不是都关了，你这边好安排,LLM_SYNTHETIC_SPOKEN_BASE,SYNTHETIC_TEXT
m3sbv1_016099,这边这边没别的要求，看看有没有不用排队的办法就可以,LLM_SYNTHETIC_SPOKEN_BASE,SYNTHETIC_TEXT
m3sbv1_016100,后面这边没别的要求，把声音稍微调小一点就可以,LLM_SYNTHETIC_SPOKEN_BASE,SYNTHETIC_TEXT
m3sbv1_016101,麻烦你帮我找一下刚才那个页面，你这边好安排,LLM_SYNTHETIC_SPOKEN_BASE,SYNTHETIC_TEXT
m3sbv1_016102,公司我觉得看看有没有更早一点的时间，免得后面又要重新弄,LLM_SYNTHETIC_SPOKEN_BASE,SYNTHETIC_TEXT
m3sbv1_016103,她这边没别的要求，确认一下名字有没有写错就可以,LLM_SYNTHETIC_SPOKEN_BASE,SYNTHETIC_TEXT
m3sbv1_016104,先应该看一下这个是不是放错地方了就行,LLM_SYNTHETIC_SPOKEN_BASE,SYNTHETIC_TEXT
m3sbv1_016105,我估计看看能不能把时间往后挪一点，你们这边好安排,LLM_SYNTHETIC_SPOKEN_BASE,SYNTHETIC_TEXT
m3sbv1_016106,先看起来再检查一遍有没有问题然后告诉我,LLM_SYNTHETIC_SPOKEN_BASE,SYNTHETIC_TEXT
m3sbv1_016107,刚才看起来看看这个价格有没有包含费用别弄错了,LLM_SYNTHETIC_SPOKEN_BASE,SYNTHETIC_TEXT
m3sbv1_016108,我记得看一下这个是不是放错地方了，他这边好安排,LLM_SYNTHETIC_SPOKEN_BASE,SYNTHETIC_TEXT
m3sbv1_016109,这边我想问一下看看还有没有漏掉的步骤，免得后面又要重新弄,LLM_SYNTHETIC_SPOKEN_BASE,SYNTHETIC_TEXT
m3sbv1_016110,前面这两天帮我看看日志里有没有异常就行,LLM_SYNTHETIC_SPOKEN_BASE,SYNTHETIC_TEXT
m3sbv1_016111,我估计先把现在的结果保存下来，家里这边好安排,LLM_SYNTHETIC_SPOKEN_BASE,SYNTHETIC_TEXT
m3sbv1_016112,你们一会儿看一下这个是不是放错地方了行不行,LLM_SYNTHETIC_SPOKEN_BASE,SYNTHETIC_TEXT
m3sbv1_016113,感觉帮我查一下刚才是哪一步失败了，现场这边好安排,LLM_SYNTHETIC_SPOKEN_BASE,SYNTHETIC_TEXT
m3sbv1_016114,等一下先别急，问一下还能不能加一个人再继续,LLM_SYNTHETIC_SPOKEN_BASE,SYNTHETIC_TEXT
m3sbv1_016115,明天看起来确认一下文件有没有传成功我再决定,LLM_SYNTHETIC_SPOKEN_BASE,SYNTHETIC_TEXT
m3sbv1_016116,店里到时候确认一下这次只改这一部分我想先确认清楚,LLM_SYNTHETIC_SPOKEN_BASE,SYNTHETIC_TEXT
m3sbv1_016117,要是方便的话确认一下轮胎是不是有点软，不用特意等我,LLM_SYNTHETIC_SPOKEN_BASE,SYNTHETIC_TEXT
m3sbv1_016118,好像确认一下要不要提前预约，家里这边好安排,LLM_SYNTHETIC_SPOKEN_BASE,SYNTHETIC_TEXT
m3sbv1_016119,现场我听说确认一下名字有没有写错，免得后面又要重新弄,LLM_SYNTHETIC_SPOKEN_BASE,SYNTHETIC_TEXT
m3sbv1_016120,刚才我听说先等等我马上就过来别弄错了,LLM_SYNTHETIC_SPOKEN_BASE,SYNTHETIC_TEXT
m3sbv1_016121,那边现在把最新版本发给我看一下别弄错了,LLM_SYNTHETIC_SPOKEN_BASE,SYNTHETIC_TEXT
m3sbv1_016122,我这边没别的要求，看看这个东西应该放哪里就可以,LLM_SYNTHETIC_SPOKEN_BASE,SYNTHETIC_TEXT
m3sbv1_016123,早一点先别急，再检查一遍有没有问题再继续,LLM_SYNTHETIC_SPOKEN_BASE,SYNTHETIC_TEXT
m3sbv1_016124,到时候帮我确认一下负责人是谁，我确认完再跟你说,LLM_SYNTHETIC_SPOKEN_BASE,SYNTHETIC_TEXT
m3sbv1_016125,他们可能确认一下停车要不要付费，免得后面又要重新弄,LLM_SYNTHETIC_SPOKEN_BASE,SYNTHETIC_TEXT
m3sbv1_016126,刚才我估计看看空调能不能调高一点然后告诉我,LLM_SYNTHETIC_SPOKEN_BASE,SYNTHETIC_TEXT
m3sbv1_016127,刚才看看能不能换成小份，我确认完再跟你说,LLM_SYNTHETIC_SPOKEN_BASE,SYNTHETIC_TEXT
m3sbv1_016128,一会儿麻烦你问一下他们什么时候能到我怕等会儿忘了,LLM_SYNTHETIC_SPOKEN_BASE,SYNTHETIC_TEXT
m3sbv1_016129,前面我记得看看油还够不够，免得后面又要重新弄,LLM_SYNTHETIC_SPOKEN_BASE,SYNTHETIC_TEXT
m3sbv1_016130,前面刚才看看这个杯子是不是我的然后告诉我,LLM_SYNTHETIC_SPOKEN_BASE,SYNTHETIC_TEXT
m3sbv1_016131,我想问一下确认一下轮胎是不是有点软，他这边好安排,LLM_SYNTHETIC_SPOKEN_BASE,SYNTHETIC_TEXT
m3sbv1_016132,早一点问一下他们什么时候能到，我确认完再跟你说,LLM_SYNTHETIC_SPOKEN_BASE,SYNTHETIC_TEXT
m3sbv1_016133,明天先别急，确认一下是不是已经下单了再继续,LLM_SYNTHETIC_SPOKEN_BASE,SYNTHETIC_TEXT
m3sbv1_016134,等一下先别急，到的时候给我发个消息再继续,LLM_SYNTHETIC_SPOKEN_BASE,SYNTHETIC_TEXT
m3sbv1_016135,感觉确认一下要不要提前预约，我刚才没听太清楚,LLM_SYNTHETIC_SPOKEN_BASE,SYNTHETIC_TEXT
m3sbv1_016136,我确认一下看看导航是不是带错路了，我刚才没听太清楚,LLM_SYNTHETIC_SPOKEN_BASE,SYNTHETIC_TEXT
m3sbv1_016137,他昨天看看谁还没有回复我想先确认清楚,LLM_SYNTHETIC_SPOKEN_BASE,SYNTHETIC_TEXT
m3sbv1_016138,你这边没别的要求，确认一下是不是从这里集合就可以,LLM_SYNTHETIC_SPOKEN_BASE,SYNTHETIC_TEXT
m3sbv1_016139,之前我确认一下看看这个杯子是不是我的我怕等会儿忘了,LLM_SYNTHETIC_SPOKEN_BASE,SYNTHETIC_TEXT
m3sbv1_016140,把最新版本发给我看一下，有变化的话提前告诉我,LLM_SYNTHETIC_SPOKEN_BASE,SYNTHETIC_TEXT
m3sbv1_016141,他们这两天确认一下退房时间是几点我再决定,LLM_SYNTHETIC_SPOKEN_BASE,SYNTHETIC_TEXT
m3sbv1_016142,最近我觉得确认一下是不是同一个订单我怕等会儿忘了,LLM_SYNTHETIC_SPOKEN_BASE,SYNTHETIC_TEXT
m3sbv1_016143,我这两天帮我看看这个号码对不对行不行,LLM_SYNTHETIC_SPOKEN_BASE,SYNTHETIC_TEXT
m3sbv1_016144,家里可能帮我把重复的内容删掉，免得后面又要重新弄,LLM_SYNTHETIC_SPOKEN_BASE,SYNTHETIC_TEXT
m3sbv1_016145,麻烦你看看还有没有漏掉的步骤，我刚才没听太清楚,LLM_SYNTHETIC_SPOKEN_BASE,SYNTHETIC_TEXT
m3sbv1_016146,明天应该帮我看看为什么还没收到然后告诉我,LLM_SYNTHETIC_SPOKEN_BASE,SYNTHETIC_TEXT
m3sbv1_016147,她这边没别的要求，问一下还能不能加一个人就可以,LLM_SYNTHETIC_SPOKEN_BASE,SYNTHETIC_TEXT
m3sbv1_016148,到时候帮我确认一下房间准备好了没有，我确认完再跟你说,LLM_SYNTHETIC_SPOKEN_BASE,SYNTHETIC_TEXT
m3sbv1_016149,先先别急，帮我确认一下字段有没有变再继续,LLM_SYNTHETIC_SPOKEN_BASE,SYNTHETIC_TEXT
m3sbv1_016150,我觉得帮我确认一下字段有没有变，我刚才没听太清楚,LLM_SYNTHETIC_SPOKEN_BASE,SYNTHETIC_TEXT
m3sbv1_016151,最近我听说帮我看看这个零件是不是松了我想先确认清楚,LLM_SYNTHETIC_SPOKEN_BASE,SYNTHETIC_TEXT
m3sbv1_016152,现在先别急，确认一下名字有没有写错再继续,LLM_SYNTHETIC_SPOKEN_BASE,SYNTHETIC_TEXT
m3sbv1_016153,我估计先把这个问题单独记录下来，你们这边好安排,LLM_SYNTHETIC_SPOKEN_BASE,SYNTHETIC_TEXT
m3sbv1_016154,刚才麻烦你告诉我大概还要多久我想先确认清楚,LLM_SYNTHETIC_SPOKEN_BASE,SYNTHETIC_TEXT
m3sbv1_016155,晚一点我觉得确认一下这份文件是不是最终版然后告诉我,LLM_SYNTHETIC_SPOKEN_BASE,SYNTHETIC_TEXT
m3sbv1_016156,晚一点我确认一下把地址再确认一下就行,LLM_SYNTHETIC_SPOKEN_BASE,SYNTHETIC_TEXT
m3sbv1_016157,最近好像帮我找一下充电线放哪了然后告诉我,LLM_SYNTHETIC_SPOKEN_BASE,SYNTHETIC_TEXT
m3sbv1_016158,看起来帮我确认一下字段有没有变，后面这边好安排,LLM_SYNTHETIC_SPOKEN_BASE,SYNTHETIC_TEXT
m3sbv1_016159,我们这边没别的要求，问一下还能不能加一个人就可以,LLM_SYNTHETIC_SPOKEN_BASE,SYNTHETIC_TEXT
m3sbv1_016160,我想问一下确认一下车是不是停在外面，现场这边好安排,LLM_SYNTHETIC_SPOKEN_BASE,SYNTHETIC_TEXT
m3sbv1_016161,前面之前别着急我们按顺序来我怕等会儿忘了,LLM_SYNTHETIC_SPOKEN_BASE,SYNTHETIC_TEXT
m3sbv1_016162,你们我听说帮我看看为什么还没收到，免得后面又要重新弄,LLM_SYNTHETIC_SPOKEN_BASE,SYNTHETIC_TEXT
m3sbv1_016163,店里最近确认一下退房时间是几点行不行,LLM_SYNTHETIC_SPOKEN_BASE,SYNTHETIC_TEXT
m3sbv1_016164,现在先别急，确认一下今天是不是正常营业再继续,LLM_SYNTHETIC_SPOKEN_BASE,SYNTHETIC_TEXT
m3sbv1_016165,我们晚一点帮我看看为什么还没收到我想先确认清楚,LLM_SYNTHETIC_SPOKEN_BASE,SYNTHETIC_TEXT
m3sbv1_016166,应该看看能不能换成小份，我这边好安排,LLM_SYNTHETIC_SPOKEN_BASE,SYNTHETIC_TEXT
m3sbv1_016167,明天看起来帮我确认一下下一站在哪里然后告诉我,LLM_SYNTHETIC_SPOKEN_BASE,SYNTHETIC_TEXT
m3sbv1_016168,后面这边没别的要求，问一下早餐几点开始就可以,LLM_SYNTHETIC_SPOKEN_BASE,SYNTHETIC_TEXT
m3sbv1_016169,家里我记得确认一下会议是不是改到下午了，免得后面又要重新弄,LLM_SYNTHETIC_SPOKEN_BASE,SYNTHETIC_TEXT
m3sbv1_016170,我估计确认一下是不是从这里集合，我刚才没听太清楚,LLM_SYNTHETIC_SPOKEN_BASE,SYNTHETIC_TEXT
m3sbv1_016171,昨天我确认一下帮我问一下还有没有空位别弄错了,LLM_SYNTHETIC_SPOKEN_BASE,SYNTHETIC_TEXT
m3sbv1_016172,明天先别急，看看这个价格有没有包含费用再继续,LLM_SYNTHETIC_SPOKEN_BASE,SYNTHETIC_TEXT
m3sbv1_016173,我们昨天看看是不是网络又断了然后告诉我,LLM_SYNTHETIC_SPOKEN_BASE,SYNTHETIC_TEXT
m3sbv1_016174,我我记得先把现在的结果保存下来，免得后面又要重新弄,LLM_SYNTHETIC_SPOKEN_BASE,SYNTHETIC_TEXT
m3sbv1_016175,到时候应该看看这个价格有没有包含费用别弄错了,LLM_SYNTHETIC_SPOKEN_BASE,SYNTHETIC_TEXT
m3sbv1_016176,那边我觉得确认一下车是不是停在外面，免得后面又要重新弄,LLM_SYNTHETIC_SPOKEN_BASE,SYNTHETIC_TEXT
m3sbv1_016177,你们好像看看这个杯子是不是我的，免得后面又要重新弄,LLM_SYNTHETIC_SPOKEN_BASE,SYNTHETIC_TEXT
m3sbv1_016178,公司刚才帮我把重复的内容删掉我怕等会儿忘了,LLM_SYNTHETIC_SPOKEN_BASE,SYNTHETIC_TEXT
m3sbv1_016179,他我记得看看这个版本是不是最新的，免得后面又要重新弄,LLM_SYNTHETIC_SPOKEN_BASE,SYNTHETIC_TEXT
m3sbv1_016180,她好像看看有没有不用排队的办法，免得后面又要重新弄,LLM_SYNTHETIC_SPOKEN_BASE,SYNTHETIC_TEXT
m3sbv1_016181,今天看起来看看能不能多拿一条毛巾可以吗,LLM_SYNTHETIC_SPOKEN_BASE,SYNTHETIC_TEXT
m3sbv1_016182,我估计帮我确认一下字段有没有变，你们这边好安排,LLM_SYNTHETIC_SPOKEN_BASE,SYNTHETIC_TEXT
m3sbv1_016183,我听说看看这个接口是不是又报错了，这边这边好安排,LLM_SYNTHETIC_SPOKEN_BASE,SYNTHETIC_TEXT
m3sbv1_016184,等一下确认一下灯是不是都关了，我确认完再跟你说,LLM_SYNTHETIC_SPOKEN_BASE,SYNTHETIC_TEXT
m3sbv1_016185,帮我确认一下下一站在哪里，如果不行就先别改,LLM_SYNTHETIC_SPOKEN_BASE,SYNTHETIC_TEXT
m3sbv1_016186,最近好像确认一下是不是同一个订单我再决定,LLM_SYNTHETIC_SPOKEN_BASE,SYNTHETIC_TEXT
m3sbv1_016187,公司先帮我换一个安静一点的位置我怕等会儿忘了,LLM_SYNTHETIC_SPOKEN_BASE,SYNTHETIC_TEXT
m3sbv1_016188,我到时候把这个先放到后面处理然后告诉我,LLM_SYNTHETIC_SPOKEN_BASE,SYNTHETIC_TEXT
m3sbv1_016189,最近我想问一下别着急我们按顺序来我有点不确定,LLM_SYNTHETIC_SPOKEN_BASE,SYNTHETIC_TEXT
m3sbv1_016190,我确认一下帮我确认一下下一站在哪里，店里这边好安排,LLM_SYNTHETIC_SPOKEN_BASE,SYNTHETIC_TEXT
m3sbv1_016191,看看这个价格有没有包含费用以后跟我说一声就行,LLM_SYNTHETIC_SPOKEN_BASE,SYNTHETIC_TEXT
m3sbv1_016192,他我估计帮我看看为什么还没收到，免得后面又要重新弄,LLM_SYNTHETIC_SPOKEN_BASE,SYNTHETIC_TEXT
m3sbv1_016193,昨天我觉得帮我找一下刚才那个页面吧,LLM_SYNTHETIC_SPOKEN_BASE,SYNTHETIC_TEXT
m3sbv1_016194,明天麻烦你告诉我大概还要多久我有点不确定,LLM_SYNTHETIC_SPOKEN_BASE,SYNTHETIC_TEXT
m3sbv1_016195,早一点我记得看看这个杯子是不是我的我怕等会儿忘了,LLM_SYNTHETIC_SPOKEN_BASE,SYNTHETIC_TEXT
m3sbv1_016196,昨天先别急，帮我确认一下字段有没有变再继续,LLM_SYNTHETIC_SPOKEN_BASE,SYNTHETIC_TEXT
m3sbv1_016197,店里明天看看有没有不用排队的办法我想先确认清楚,LLM_SYNTHETIC_SPOKEN_BASE,SYNTHETIC_TEXT
m3sbv1_016198,我应该别着急我们按顺序来，免得后面又要重新弄,LLM_SYNTHETIC_SPOKEN_BASE,SYNTHETIC_TEXT
m3sbv1_016199,等一下我确认一下问一下早餐几点开始然后告诉我,LLM_SYNTHETIC_SPOKEN_BASE,SYNTHETIC_TEXT
m3sbv1_016200,可能确认一下服务有没有启动，我刚才没听太清楚,LLM_SYNTHETIC_SPOKEN_BASE,SYNTHETIC_TEXT
m3sbv1_016201,应该帮我听一下这个声音正不正常，我刚才没听太清楚,LLM_SYNTHETIC_SPOKEN_BASE,SYNTHETIC_TEXT
m3sbv1_016202,你这边没别的要求，帮我看看附近有没有停车位就可以,LLM_SYNTHETIC_SPOKEN_BASE,SYNTHETIC_TEXT
m3sbv1_016203,你看起来看看能不能多拿一条毛巾，免得后面又要重新弄,LLM_SYNTHETIC_SPOKEN_BASE,SYNTHETIC_TEXT
m3sbv1_016204,先我听说确认一下停车要不要付费我再决定,LLM_SYNTHETIC_SPOKEN_BASE,SYNTHETIC_TEXT
m3sbv1_016205,我记得帮我找一下充电线放哪了，你们这边好安排,LLM_SYNTHETIC_SPOKEN_BASE,SYNTHETIC_TEXT
m3sbv1_016206,现场刚才确认一下是不是从这里集合可以吗,LLM_SYNTHETIC_SPOKEN_BASE,SYNTHETIC_TEXT
m3sbv1_016207,看一下这个是不是放错地方了，如果不行就先别改,LLM_SYNTHETIC_SPOKEN_BASE,SYNTHETIC_TEXT
m3sbv1_016208,现在看看有没有不用排队的办法，我确认完再跟你说,LLM_SYNTHETIC_SPOKEN_BASE,SYNTHETIC_TEXT
m3sbv1_016209,感觉看看是不是还少了什么，现场这边好安排,LLM_SYNTHETIC_SPOKEN_BASE,SYNTHETIC_TEXT
m3sbv1_016210,她这边没别的要求，帮我看看这个菜里面有没有辣椒就可以,LLM_SYNTHETIC_SPOKEN_BASE,SYNTHETIC_TEXT
m3sbv1_016211,等一下可能把位置发给我我自己过去然后告诉我,LLM_SYNTHETIC_SPOKEN_BASE,SYNTHETIC_TEXT
m3sbv1_016212,我觉得确认一下要不要提前预约，家里这边好安排,LLM_SYNTHETIC_SPOKEN_BASE,SYNTHETIC_TEXT
m3sbv1_016213,昨天别着急我们按顺序来，我确认完再跟你说,LLM_SYNTHETIC_SPOKEN_BASE,SYNTHETIC_TEXT
m3sbv1_016214,先可能确认一下入口是不是在这边就行,LLM_SYNTHETIC_SPOKEN_BASE,SYNTHETIC_TEXT
m3sbv1_016215,麻烦你先别取消我再确认一下，我刚才没听太清楚,LLM_SYNTHETIC_SPOKEN_BASE,SYNTHETIC_TEXT
m3sbv1_016216,刚才好像帮我看看这个号码对不对然后告诉我,LLM_SYNTHETIC_SPOKEN_BASE,SYNTHETIC_TEXT
m3sbv1_016217,我想问一下看看这个接口是不是又报错了，你这边好安排,LLM_SYNTHETIC_SPOKEN_BASE,SYNTHETIC_TEXT
m3sbv1_016218,可能问一下还能不能加一个人，前面这边好安排,LLM_SYNTHETIC_SPOKEN_BASE,SYNTHETIC_TEXT
m3sbv1_016219,公司早一点确认一下会议是不是改到下午了我怕等会儿忘了,LLM_SYNTHETIC_SPOKEN_BASE,SYNTHETIC_TEXT
m3sbv1_016220,我们等一下确认一下是不是已经付过了就行,LLM_SYNTHETIC_SPOKEN_BASE,SYNTHETIC_TEXT
m3sbv1_016221,我们麻烦你看看是不是配置没有生效，免得后面又要重新弄,LLM_SYNTHETIC_SPOKEN_BASE,SYNTHETIC_TEXT
m3sbv1_016222,我估计帮我确认一下字段有没有变，他这边好安排,LLM_SYNTHETIC_SPOKEN_BASE,SYNTHETIC_TEXT
m3sbv1_016223,现在感觉把这个问题先记到清单里吧,LLM_SYNTHETIC_SPOKEN_BASE,SYNTHETIC_TEXT
m3sbv1_016224,应该问一下能不能晚一点回来，他们这边好安排,LLM_SYNTHETIC_SPOKEN_BASE,SYNTHETIC_TEXT
m3sbv1_016225,应该帮我确认一下下一站在哪里，你这边好安排,LLM_SYNTHETIC_SPOKEN_BASE,SYNTHETIC_TEXT
m3sbv1_016226,你我听说确认一下是不是已经付过了，免得后面又要重新弄,LLM_SYNTHETIC_SPOKEN_BASE,SYNTHETIC_TEXT
m3sbv1_016227,你最近问一下早餐几点开始我有点不确定,LLM_SYNTHETIC_SPOKEN_BASE,SYNTHETIC_TEXT
m3sbv1_016228,现场好像帮我确认一下下一站在哪里，免得后面又要重新弄,LLM_SYNTHETIC_SPOKEN_BASE,SYNTHETIC_TEXT
m3sbv1_016229,等一下先别急，确认一下灯是不是都关了再继续,LLM_SYNTHETIC_SPOKEN_BASE,SYNTHETIC_TEXT
m3sbv1_016230,一会儿麻烦你看看能不能把时间往后挪一点我想先确认清楚,LLM_SYNTHETIC_SPOKEN_BASE,SYNTHETIC_TEXT
m3sbv1_016231,前面到时候帮我问一下还有没有空位可以吗,LLM_SYNTHETIC_SPOKEN_BASE,SYNTHETIC_TEXT
m3sbv1_016232,刚才我记得帮我确认一下房间准备好了没有可以吗,LLM_SYNTHETIC_SPOKEN_BASE,SYNTHETIC_TEXT
m3sbv1_016233,晚一点我记得帮我问一下现在还能不能改行不行,LLM_SYNTHETIC_SPOKEN_BASE,SYNTHETIC_TEXT
m3sbv1_016234,昨天我记得看看是不是选错选项了我怕等会儿忘了,LLM_SYNTHETIC_SPOKEN_BASE,SYNTHETIC_TEXT
m3sbv1_016235,我现在问一下还能不能加一个人然后告诉我,LLM_SYNTHETIC_SPOKEN_BASE,SYNTHETIC_TEXT
m3sbv1_016236,昨天我觉得问一下早餐几点开始是不是,LLM_SYNTHETIC_SPOKEN_BASE,SYNTHETIC_TEXT
m3sbv1_016237,我想问一下帮我确认一下字段有没有变，我刚才没听太清楚,LLM_SYNTHETIC_SPOKEN_BASE,SYNTHETIC_TEXT
m3sbv1_016238,先我估计帮我把水再加一点我有点不确定,LLM_SYNTHETIC_SPOKEN_BASE,SYNTHETIC_TEXT
m3sbv1_016239,麻烦你帮我把需要验证的地方列出来，你们这边好安排,LLM_SYNTHETIC_SPOKEN_BASE,SYNTHETIC_TEXT
m3sbv1_016240,这边之前帮我查一下刚才是哪一步失败了,LLM_SYNTHETIC_SPOKEN_BASE,SYNTHETIC_TEXT
m3sbv1_016241,感觉问一下回来的车几点出发，我刚才没听太清楚,LLM_SYNTHETIC_SPOKEN_BASE,SYNTHETIC_TEXT
m3sbv1_016242,你我估计问一下回来的车几点出发，免得后面又要重新弄,LLM_SYNTHETIC_SPOKEN_BASE,SYNTHETIC_TEXT
m3sbv1_016243,他们应该看看能不能把时间往后挪一点，免得后面又要重新弄,LLM_SYNTHETIC_SPOKEN_BASE,SYNTHETIC_TEXT
m3sbv1_016244,我记得问一下这个能不能少放一点盐，他们这边好安排,LLM_SYNTHETIC_SPOKEN_BASE,SYNTHETIC_TEXT
m3sbv1_016245,到时候我想问一下帮我看看这个菜里面有没有辣椒行不行,LLM_SYNTHETIC_SPOKEN_BASE,SYNTHETIC_TEXT
m3sbv1_016246,这边麻烦你看看能不能多拿一条毛巾，免得后面又要重新弄,LLM_SYNTHETIC_SPOKEN_BASE,SYNTHETIC_TEXT
m3sbv1_016247,好像把地址再确认一下，这边这边好安排,LLM_SYNTHETIC_SPOKEN_BASE,SYNTHETIC_TEXT
m3sbv1_016248,一会儿先别取消我再确认一下，我确认完再跟你说,LLM_SYNTHETIC_SPOKEN_BASE,SYNTHETIC_TEXT
m3sbv1_016249,先可能确认一下是不是已经付过了别弄错了,LLM_SYNTHETIC_SPOKEN_BASE,SYNTHETIC_TEXT
m3sbv1_016250,你应该帮我找一下充电线放哪了，免得后面又要重新弄,LLM_SYNTHETIC_SPOKEN_BASE,SYNTHETIC_TEXT
m3sbv1_016251,你这边没别的要求，帮我把重复的内容删掉就可以,LLM_SYNTHETIC_SPOKEN_BASE,SYNTHETIC_TEXT
m3sbv1_016252,现在我想问一下确认一下停车要不要付费就行,LLM_SYNTHETIC_SPOKEN_BASE,SYNTHETIC_TEXT
m3sbv1_016253,等一下应该确认一下是不是已经付过了我再决定,LLM_SYNTHETIC_SPOKEN_BASE,SYNTHETIC_TEXT
m3sbv1_016254,我听说看看有没有更早一点的时间，后面这边好安排,LLM_SYNTHETIC_SPOKEN_BASE,SYNTHETIC_TEXT
m3sbv1_016255,后面刚才看看能不能把时间往后挪一点我想先确认清楚,LLM_SYNTHETIC_SPOKEN_BASE,SYNTHETIC_TEXT
m3sbv1_016256,现在确认一下要不要提前预约，我确认完再跟你说,LLM_SYNTHETIC_SPOKEN_BASE,SYNTHETIC_TEXT
m3sbv1_016257,我想问一下看看有没有更早一点的时间，他这边好安排,LLM_SYNTHETIC_SPOKEN_BASE,SYNTHETIC_TEXT
m3sbv1_016258,之前好像把这个问题先记到清单里我再决定,LLM_SYNTHETIC_SPOKEN_BASE,SYNTHETIC_TEXT
m3sbv1_016259,店里这边没别的要求，帮我问一下现在还能不能改就可以,LLM_SYNTHETIC_SPOKEN_BASE,SYNTHETIC_TEXT
m3sbv1_016260,等一下把刚才那条消息再发我一次，我确认完再跟你说,LLM_SYNTHETIC_SPOKEN_BASE,SYNTHETIC_TEXT
m3sbv1_016261,帮我看看这个号码对不对以后跟我说一声就行,LLM_SYNTHETIC_SPOKEN_BASE,SYNTHETIC_TEXT
m3sbv1_016262,我估计确认一下名字有没有写错，我刚才没听太清楚,LLM_SYNTHETIC_SPOKEN_BASE,SYNTHETIC_TEXT
m3sbv1_016263,应该帮我找一下充电线放哪了，现场这边好安排,LLM_SYNTHETIC_SPOKEN_BASE,SYNTHETIC_TEXT
m3sbv1_016264,店里这边没别的要求，告诉我大概还要多久就可以,LLM_SYNTHETIC_SPOKEN_BASE,SYNTHETIC_TEXT
m3sbv1_016265,这两天确认一下文件有没有传成功，我确认完再跟你说,LLM_SYNTHETIC_SPOKEN_BASE,SYNTHETIC_TEXT
m3sbv1_016266,我们昨天看看有没有影响到别的模块别弄错了,LLM_SYNTHETIC_SPOKEN_BASE,SYNTHETIC_TEXT
m3sbv1_016267,我确认一下再检查一遍有没有问题，后面这边好安排,LLM_SYNTHETIC_SPOKEN_BASE,SYNTHETIC_TEXT
m3sbv1_016268,我觉得确认一下要不要提前预约，这边这边好安排,LLM_SYNTHETIC_SPOKEN_BASE,SYNTHETIC_TEXT
m3sbv1_016269,我估计问一下还能不能加一个人，后面这边好安排,LLM_SYNTHETIC_SPOKEN_BASE,SYNTHETIC_TEXT
m3sbv1_016270,麻烦你确认一下车是不是停在外面，公司这边好安排,LLM_SYNTHETIC_SPOKEN_BASE,SYNTHETIC_TEXT
m3sbv1_016271,等一下麻烦你帮我看看这个菜里面有没有辣椒我有点不确定,LLM_SYNTHETIC_SPOKEN_BASE,SYNTHETIC_TEXT
m3sbv1_016272,我们麻烦你确认一下测试结果有没有更新，免得后面又要重新弄,LLM_SYNTHETIC_SPOKEN_BASE,SYNTHETIC_TEXT
m3sbv1_016273,应该确认一下入口是不是在这边，我刚才没听太清楚,LLM_SYNTHETIC_SPOKEN_BASE,SYNTHETIC_TEXT
m3sbv1_016274,我麻烦你确认一下退房时间是几点，免得后面又要重新弄,LLM_SYNTHETIC_SPOKEN_BASE,SYNTHETIC_TEXT
m3sbv1_016275,我这两天看看这个版本是不是最新的就行,LLM_SYNTHETIC_SPOKEN_BASE,SYNTHETIC_TEXT
m3sbv1_016276,家里我记得先把旧的那套逻辑放一边，免得后面又要重新弄,LLM_SYNTHETIC_SPOKEN_BASE,SYNTHETIC_TEXT
m3sbv1_016277,我们看起来帮我换一个安静一点的位置，免得后面又要重新弄,LLM_SYNTHETIC_SPOKEN_BASE,SYNTHETIC_TEXT
m3sbv1_016278,我听说看看前面是不是要左转，她这边好安排,LLM_SYNTHETIC_SPOKEN_BASE,SYNTHETIC_TEXT
m3sbv1_016279,可能看看是不是还少了什么，我刚才没听太清楚,LLM_SYNTHETIC_SPOKEN_BASE,SYNTHETIC_TEXT
m3sbv1_016280,店里到时候问一下这个能不能少放一点盐,LLM_SYNTHETIC_SPOKEN_BASE,SYNTHETIC_TEXT
m3sbv1_016281,你我听说看一下这个是不是放错地方了，免得后面又要重新弄,LLM_SYNTHETIC_SPOKEN_BASE,SYNTHETIC_TEXT
m3sbv1_016282,前面昨天帮我确认一下负责人是谁行不行,LLM_SYNTHETIC_SPOKEN_BASE,SYNTHETIC_TEXT
m3sbv1_016283,家里这边没别的要求，确认一下这个功能是不是已经关掉了就可以,LLM_SYNTHETIC_SPOKEN_BASE,SYNTHETIC_TEXT
m3sbv1_016284,家里这边没别的要求，确认一下是不是同一个订单就可以,LLM_SYNTHETIC_SPOKEN_BASE,SYNTHETIC_TEXT
m3sbv1_016285,应该帮我看看这个号码对不对，他们这边好安排,LLM_SYNTHETIC_SPOKEN_BASE,SYNTHETIC_TEXT
m3sbv1_016286,昨天先别急，帮我问一下现在还能不能改再继续,LLM_SYNTHETIC_SPOKEN_BASE,SYNTHETIC_TEXT
m3sbv1_016287,店里这边没别的要求，确认一下入口是不是在这边就可以,LLM_SYNTHETIC_SPOKEN_BASE,SYNTHETIC_TEXT
m3sbv1_016288,这两天确认一下入口是不是在这边，我确认完再跟你说,LLM_SYNTHETIC_SPOKEN_BASE,SYNTHETIC_TEXT
m3sbv1_016289,我想问一下确认一下灯是不是都关了，后面这边好安排,LLM_SYNTHETIC_SPOKEN_BASE,SYNTHETIC_TEXT
m3sbv1_016290,家里这边没别的要求，帮我查一下刚才是哪一步失败了就可以,LLM_SYNTHETIC_SPOKEN_BASE,SYNTHETIC_TEXT
m3sbv1_016291,这边明天看看这个接口是不是又报错了是不是,LLM_SYNTHETIC_SPOKEN_BASE,SYNTHETIC_TEXT
m3sbv1_016292,昨天我确认一下确认一下这份文件是不是最终版,LLM_SYNTHETIC_SPOKEN_BASE,SYNTHETIC_TEXT
m3sbv1_016293,我觉得确认一下退房时间是几点，前面这边好安排,LLM_SYNTHETIC_SPOKEN_BASE,SYNTHETIC_TEXT
m3sbv1_016294,看起来把这个先留着别动，我们这边好安排,LLM_SYNTHETIC_SPOKEN_BASE,SYNTHETIC_TEXT
m3sbv1_016295,家里早一点先把这一项记下来我有点不确定,LLM_SYNTHETIC_SPOKEN_BASE,SYNTHETIC_TEXT
m3sbv1_016296,他们我记得确认一下名字有没有写错，免得后面又要重新弄,LLM_SYNTHETIC_SPOKEN_BASE,SYNTHETIC_TEXT
m3sbv1_016297,先确认一下是不是从这里集合，我确认完再跟你说,LLM_SYNTHETIC_SPOKEN_BASE,SYNTHETIC_TEXT
m3sbv1_016298,我这边没别的要求，确认一下停车要不要付费就可以,LLM_SYNTHETIC_SPOKEN_BASE,SYNTHETIC_TEXT
m3sbv1_016299,我们这两天把这个问题先记到清单里可以吗,LLM_SYNTHETIC_SPOKEN_BASE,SYNTHETIC_TEXT
m3sbv1_016300,家里刚才帮我看看日志里有没有异常然后告诉我,LLM_SYNTHETIC_SPOKEN_BASE,SYNTHETIC_TEXT
m3sbv1_016301,今天我确认一下看看能不能把时间往后挪一点然后告诉我,LLM_SYNTHETIC_SPOKEN_BASE,SYNTHETIC_TEXT
m3sbv1_016302,她这边没别的要求，到的时候给我发个消息就可以,LLM_SYNTHETIC_SPOKEN_BASE,SYNTHETIC_TEXT
m3sbv1_016303,我早一点看看钥匙是不是还在车里我有点不确定,LLM_SYNTHETIC_SPOKEN_BASE,SYNTHETIC_TEXT
m3sbv1_016304,看起来帮我看看这个零件是不是松了，她这边好安排,LLM_SYNTHETIC_SPOKEN_BASE,SYNTHETIC_TEXT
m3sbv1_016305,现在好像把这个问题先记到清单里是不是,LLM_SYNTHETIC_SPOKEN_BASE,SYNTHETIC_TEXT
m3sbv1_016306,我估计看看前面能不能掉头，我刚才没听太清楚,LLM_SYNTHETIC_SPOKEN_BASE,SYNTHETIC_TEXT
m3sbv1_016307,昨天麻烦你帮我看看行李放在哪里别弄错了,LLM_SYNTHETIC_SPOKEN_BASE,SYNTHETIC_TEXT
m3sbv1_016308,家里最近看看有没有不用排队的办法然后告诉我,LLM_SYNTHETIC_SPOKEN_BASE,SYNTHETIC_TEXT
m3sbv1_016309,明天麻烦你确认一下名字有没有写错是不是,LLM_SYNTHETIC_SPOKEN_BASE,SYNTHETIC_TEXT
m3sbv1_016310,我听说再检查一遍有没有问题，我刚才没听太清楚,LLM_SYNTHETIC_SPOKEN_BASE,SYNTHETIC_TEXT
m3sbv1_016311,先先别急，看看是不是选错选项了再继续,LLM_SYNTHETIC_SPOKEN_BASE,SYNTHETIC_TEXT
m3sbv1_016312,我我确认一下确认一下车是不是停在外面，免得后面又要重新弄,LLM_SYNTHETIC_SPOKEN_BASE,SYNTHETIC_TEXT
m3sbv1_016313,我想问一下帮我看看附近有没有停车位，店里这边好安排,LLM_SYNTHETIC_SPOKEN_BASE,SYNTHETIC_TEXT
m3sbv1_016314,我们到时候看看能不能把时间往后挪一点我有点不确定,LLM_SYNTHETIC_SPOKEN_BASE,SYNTHETIC_TEXT
m3sbv1_016315,你们感觉看看能不能换成小份，免得后面又要重新弄,LLM_SYNTHETIC_SPOKEN_BASE,SYNTHETIC_TEXT
m3sbv1_016316,麻烦你确认一下今天是不是正常营业，我刚才没听太清楚,LLM_SYNTHETIC_SPOKEN_BASE,SYNTHETIC_TEXT
m3sbv1_016317,现场晚一点先把这个问题单独记录下来别弄错了,LLM_SYNTHETIC_SPOKEN_BASE,SYNTHETIC_TEXT
m3sbv1_016318,最近好像确认一下这次只改这一部分是不是,LLM_SYNTHETIC_SPOKEN_BASE,SYNTHETIC_TEXT
m3sbv1_016319,之前我觉得确认一下要不要提前预约然后告诉我,LLM_SYNTHETIC_SPOKEN_BASE,SYNTHETIC_TEXT
m3sbv1_016320,我我听说再检查一遍有没有问题，免得后面又要重新弄,LLM_SYNTHETIC_SPOKEN_BASE,SYNTHETIC_TEXT
m3sbv1_016321,我听说确认一下今天是不是正常营业，我们这边好安排,LLM_SYNTHETIC_SPOKEN_BASE,SYNTHETIC_TEXT
m3sbv1_016322,先感觉告诉我大概还要多久我有点不确定,LLM_SYNTHETIC_SPOKEN_BASE,SYNTHETIC_TEXT
m3sbv1_016323,我估计先把这个问题单独记录下来，我刚才没听太清楚,LLM_SYNTHETIC_SPOKEN_BASE,SYNTHETIC_TEXT
m3sbv1_016324,她麻烦你帮我找一下充电线放哪了，免得后面又要重新弄,LLM_SYNTHETIC_SPOKEN_BASE,SYNTHETIC_TEXT
m3sbv1_016325,昨天麻烦你看看导航是不是带错路了我再决定,LLM_SYNTHETIC_SPOKEN_BASE,SYNTHETIC_TEXT
m3sbv1_016326,后面可能确认一下会议是不是改到下午了，免得后面又要重新弄,LLM_SYNTHETIC_SPOKEN_BASE,SYNTHETIC_TEXT
m3sbv1_016327,后面我听说确认一下轮胎是不是有点软，免得后面又要重新弄,LLM_SYNTHETIC_SPOKEN_BASE,SYNTHETIC_TEXT
m3sbv1_016328,我麻烦你看看这个东西应该放哪里，免得后面又要重新弄,LLM_SYNTHETIC_SPOKEN_BASE,SYNTHETIC_TEXT
m3sbv1_016329,那边最近把位置发给我我自己过去行不行,LLM_SYNTHETIC_SPOKEN_BASE,SYNTHETIC_TEXT
m3sbv1_016330,他刚才确认一下轮胎是不是有点软我再决定,LLM_SYNTHETIC_SPOKEN_BASE,SYNTHETIC_TEXT
m3sbv1_016331,这两天我确认一下看看有没有不用排队的办法别弄错了,LLM_SYNTHETIC_SPOKEN_BASE,SYNTHETIC_TEXT
m3sbv1_016332,麻烦你确认一下车是不是停在外面，店里这边好安排,LLM_SYNTHETIC_SPOKEN_BASE,SYNTHETIC_TEXT
m3sbv1_016333,我确认一下把这个先放到后面处理，店里这边好安排,LLM_SYNTHETIC_SPOKEN_BASE,SYNTHETIC_TEXT
m3sbv1_016334,公司明天帮我看看为什么还没收到我想先确认清楚,LLM_SYNTHETIC_SPOKEN_BASE,SYNTHETIC_TEXT
m3sbv1_016335,店里好像帮我看看这个零件是不是松了，免得后面又要重新弄,LLM_SYNTHETIC_SPOKEN_BASE,SYNTHETIC_TEXT
m3sbv1_016336,我觉得看看谁还没有回复，现场这边好安排,LLM_SYNTHETIC_SPOKEN_BASE,SYNTHETIC_TEXT
m3sbv1_016337,我估计把声音稍微调小一点，你们这边好安排,LLM_SYNTHETIC_SPOKEN_BASE,SYNTHETIC_TEXT
m3sbv1_016338,现在感觉问一下能不能晚一点回来就行,LLM_SYNTHETIC_SPOKEN_BASE,SYNTHETIC_TEXT
m3sbv1_016339,公司一会儿确认一下是不是从这里集合可以吗,LLM_SYNTHETIC_SPOKEN_BASE,SYNTHETIC_TEXT
m3sbv1_016340,好像确认一下今天是不是正常营业，我刚才没听太清楚,LLM_SYNTHETIC_SPOKEN_BASE,SYNTHETIC_TEXT
m3sbv1_016341,他这边没别的要求，先把这一项记下来就可以,LLM_SYNTHETIC_SPOKEN_BASE,SYNTHETIC_TEXT
m3sbv1_016342,先可能确认一下退房时间是几点我怕等会儿忘了,LLM_SYNTHETIC_SPOKEN_BASE,SYNTHETIC_TEXT
m3sbv1_016343,现在先别急，看看这个价格有没有包含费用再继续,LLM_SYNTHETIC_SPOKEN_BASE,SYNTHETIC_TEXT
m3sbv1_016344,你我记得先把这一项记下来，免得后面又要重新弄,LLM_SYNTHETIC_SPOKEN_BASE,SYNTHETIC_TEXT
m3sbv1_016345,昨天先别急，确认一下这个功能是不是已经关掉了再继续,LLM_SYNTHETIC_SPOKEN_BASE,SYNTHETIC_TEXT
m3sbv1_016346,到时候看起来帮我看看行李放在哪里是不是,LLM_SYNTHETIC_SPOKEN_BASE,SYNTHETIC_TEXT
m3sbv1_016347,感觉帮我看看这个菜里面有没有辣椒，前面这边好安排,LLM_SYNTHETIC_SPOKEN_BASE,SYNTHETIC_TEXT
m3sbv1_016348,你们早一点帮我把水再加一点然后告诉我,LLM_SYNTHETIC_SPOKEN_BASE,SYNTHETIC_TEXT
m3sbv1_016349,到时候可能看看这个接口是不是又报错了吧,LLM_SYNTHETIC_SPOKEN_BASE,SYNTHETIC_TEXT
m3sbv1_016350,公司今天问一下早餐几点开始我怕等会儿忘了,LLM_SYNTHETIC_SPOKEN_BASE,SYNTHETIC_TEXT
m3sbv1_016351,他们晚一点看看油还够不够就行,LLM_SYNTHETIC_SPOKEN_BASE,SYNTHETIC_TEXT
m3sbv1_016352,可能看看是不是选错选项了，这边这边好安排,LLM_SYNTHETIC_SPOKEN_BASE,SYNTHETIC_TEXT
m3sbv1_016353,麻烦你确认一下这次只改这一部分，我们这边好安排,LLM_SYNTHETIC_SPOKEN_BASE,SYNTHETIC_TEXT
m3sbv1_016354,她麻烦你把这个先留着别动，免得后面又要重新弄,LLM_SYNTHETIC_SPOKEN_BASE,SYNTHETIC_TEXT
m3sbv1_016355,那边这边没别的要求，问一下能不能晚一点回来就可以,LLM_SYNTHETIC_SPOKEN_BASE,SYNTHETIC_TEXT
m3sbv1_016356,先我觉得帮我看看日志里有没有异常我再决定,LLM_SYNTHETIC_SPOKEN_BASE,SYNTHETIC_TEXT
m3sbv1_016357,麻烦你先把这个问题单独记录下来，我这边好安排,LLM_SYNTHETIC_SPOKEN_BASE,SYNTHETIC_TEXT
m3sbv1_016358,他们这边没别的要求，看看油还够不够就可以,LLM_SYNTHETIC_SPOKEN_BASE,SYNTHETIC_TEXT
m3sbv1_016359,家里可能把这个先留着别动，免得后面又要重新弄,LLM_SYNTHETIC_SPOKEN_BASE,SYNTHETIC_TEXT
m3sbv1_016360,我确认一下看看前面能不能掉头，他这边好安排,LLM_SYNTHETIC_SPOKEN_BASE,SYNTHETIC_TEXT
m3sbv1_016361,她一会儿问一下早餐几点开始,LLM_SYNTHETIC_SPOKEN_BASE,SYNTHETIC_TEXT
m3sbv1_016362,这两天先别急，问一下他们什么时候能到再继续,LLM_SYNTHETIC_SPOKEN_BASE,SYNTHETIC_TEXT
m3sbv1_016363,他今天看看是不是网络又断了我有点不确定,LLM_SYNTHETIC_SPOKEN_BASE,SYNTHETIC_TEXT
m3sbv1_016364,后面我记得把声音稍微调小一点，免得后面又要重新弄,LLM_SYNTHETIC_SPOKEN_BASE,SYNTHETIC_TEXT
m3sbv1_016365,现在把这个先放到后面处理，我确认完再跟你说,LLM_SYNTHETIC_SPOKEN_BASE,SYNTHETIC_TEXT
m3sbv1_016366,感觉帮我确认一下下一站在哪里，我刚才没听太清楚,LLM_SYNTHETIC_SPOKEN_BASE,SYNTHETIC_TEXT
m3sbv1_016367,看起来确认一下这个功能是不是已经关掉了，他这边好安排,LLM_SYNTHETIC_SPOKEN_BASE,SYNTHETIC_TEXT
m3sbv1_016368,我们感觉帮我把需要验证的地方列出来，免得后面又要重新弄,LLM_SYNTHETIC_SPOKEN_BASE,SYNTHETIC_TEXT
m3sbv1_016369,你好像再检查一遍有没有问题，免得后面又要重新弄,LLM_SYNTHETIC_SPOKEN_BASE,SYNTHETIC_TEXT
m3sbv1_016370,先等等我马上就过来，如果不行就先别改,LLM_SYNTHETIC_SPOKEN_BASE,SYNTHETIC_TEXT
m3sbv1_016371,店里先看看是不是网络又断了吧,LLM_SYNTHETIC_SPOKEN_BASE,SYNTHETIC_TEXT
m3sbv1_016372,公司看起来确认一下停车要不要付费，免得后面又要重新弄,LLM_SYNTHETIC_SPOKEN_BASE,SYNTHETIC_TEXT
m3sbv1_016373,我这边没别的要求，看看是不是配置没有生效就可以,LLM_SYNTHETIC_SPOKEN_BASE,SYNTHETIC_TEXT
m3sbv1_016374,麻烦你看看有没有更早一点的时间，我这边好安排,LLM_SYNTHETIC_SPOKEN_BASE,SYNTHETIC_TEXT
m3sbv1_016375,可能先把这个问题单独记录下来，他这边好安排,LLM_SYNTHETIC_SPOKEN_BASE,SYNTHETIC_TEXT
m3sbv1_016376,这边我听说看看空调能不能调高一点，免得后面又要重新弄,LLM_SYNTHETIC_SPOKEN_BASE,SYNTHETIC_TEXT
m3sbv1_016377,看起来确认一下轮胎是不是有点软，现场这边好安排,LLM_SYNTHETIC_SPOKEN_BASE,SYNTHETIC_TEXT
m3sbv1_016378,等一下先别急，看看这个版本是不是最新的再继续,LLM_SYNTHETIC_SPOKEN_BASE,SYNTHETIC_TEXT
m3sbv1_016379,现在看一下这个是不是放错地方了，我确认完再跟你说,LLM_SYNTHETIC_SPOKEN_BASE,SYNTHETIC_TEXT
m3sbv1_016380,到时候我确认一下看看这个价格有没有包含费用我有点不确定,LLM_SYNTHETIC_SPOKEN_BASE,SYNTHETIC_TEXT
m3sbv1_016381,我听说先把现在的结果保存下来，我刚才没听太清楚,LLM_SYNTHETIC_SPOKEN_BASE,SYNTHETIC_TEXT
m3sbv1_016382,好像帮我听一下这个声音正不正常，你们这边好安排,LLM_SYNTHETIC_SPOKEN_BASE,SYNTHETIC_TEXT
m3sbv1_016383,好像确认一下灯是不是都关了，我刚才没听太清楚,LLM_SYNTHETIC_SPOKEN_BASE,SYNTHETIC_TEXT
m3sbv1_016384,晚一点帮我看看行李放在哪里，我确认完再跟你说,LLM_SYNTHETIC_SPOKEN_BASE,SYNTHETIC_TEXT
m3sbv1_016385,现在看起来帮我看看附近有没有停车位就行,LLM_SYNTHETIC_SPOKEN_BASE,SYNTHETIC_TEXT
m3sbv1_016386,感觉帮我问一下现在还能不能改，我这边好安排,LLM_SYNTHETIC_SPOKEN_BASE,SYNTHETIC_TEXT
m3sbv1_016387,感觉帮我拿一下旁边那个袋子，那边这边好安排,LLM_SYNTHETIC_SPOKEN_BASE,SYNTHETIC_TEXT
m3sbv1_016388,我这两天确认一下退房时间是几点我想先确认清楚,LLM_SYNTHETIC_SPOKEN_BASE,SYNTHETIC_TEXT
m3sbv1_016389,先我估计帮我看看行李放在哪里就行,LLM_SYNTHETIC_SPOKEN_BASE,SYNTHETIC_TEXT
m3sbv1_016390,今天先别急，帮我看看这个菜里面有没有辣椒再继续,LLM_SYNTHETIC_SPOKEN_BASE,SYNTHETIC_TEXT
m3sbv1_016391,到时候先别急，看看还有没有漏掉的步骤再继续,LLM_SYNTHETIC_SPOKEN_BASE,SYNTHETIC_TEXT
m3sbv1_016392,现场我听说问一下回来的车几点出发，免得后面又要重新弄,LLM_SYNTHETIC_SPOKEN_BASE,SYNTHETIC_TEXT
m3sbv1_016393,早一点问一下能不能晚一点回来，我确认完再跟你说,LLM_SYNTHETIC_SPOKEN_BASE,SYNTHETIC_TEXT
m3sbv1_016394,店里这边没别的要求，看看钥匙是不是还在车里就可以,LLM_SYNTHETIC_SPOKEN_BASE,SYNTHETIC_TEXT
m3sbv1_016395,家里明天先把现在的结果保存下来可以吗,LLM_SYNTHETIC_SPOKEN_BASE,SYNTHETIC_TEXT
m3sbv1_016396,昨天可能确认一下是不是已经付过了别弄错了,LLM_SYNTHETIC_SPOKEN_BASE,SYNTHETIC_TEXT
m3sbv1_016397,家里感觉确认一下这个功能是不是已经关掉了，免得后面又要重新弄,LLM_SYNTHETIC_SPOKEN_BASE,SYNTHETIC_TEXT
m3sbv1_016398,到时候先别急，确认一下入口是不是在这边再继续,LLM_SYNTHETIC_SPOKEN_BASE,SYNTHETIC_TEXT
m3sbv1_016399,公司先帮我听一下这个声音正不正常是不是,LLM_SYNTHETIC_SPOKEN_BASE,SYNTHETIC_TEXT
m3sbv1_016400,我之前看看这个结果和昨天是不是一样行不行,LLM_SYNTHETIC_SPOKEN_BASE,SYNTHETIC_TEXT
m3sbv1_016401,我们好像帮我看看行李放在哪里，免得后面又要重新弄,LLM_SYNTHETIC_SPOKEN_BASE,SYNTHETIC_TEXT
m3sbv1_016402,现场这边没别的要求，到的时候给我发个消息就可以,LLM_SYNTHETIC_SPOKEN_BASE,SYNTHETIC_TEXT
m3sbv1_016403,这边应该确认一下停车要不要付费，免得后面又要重新弄,LLM_SYNTHETIC_SPOKEN_BASE,SYNTHETIC_TEXT
m3sbv1_016404,现场现在确认一下停车要不要付费然后告诉我,LLM_SYNTHETIC_SPOKEN_BASE,SYNTHETIC_TEXT
m3sbv1_016405,你们我想问一下确认一下入口是不是在这边，免得后面又要重新弄,LLM_SYNTHETIC_SPOKEN_BASE,SYNTHETIC_TEXT
m3sbv1_016406,现场最近帮我看看这个号码对不对,LLM_SYNTHETIC_SPOKEN_BASE,SYNTHETIC_TEXT
m3sbv1_016407,我听说确认一下会议是不是改到下午了，我刚才没听太清楚,LLM_SYNTHETIC_SPOKEN_BASE,SYNTHETIC_TEXT
m3sbv1_016408,今天先别急，看看谁还没有回复再继续,LLM_SYNTHETIC_SPOKEN_BASE,SYNTHETIC_TEXT
m3sbv1_016409,等一下应该把这个先留着别动我怕等会儿忘了,LLM_SYNTHETIC_SPOKEN_BASE,SYNTHETIC_TEXT
m3sbv1_016410,我们我确认一下把门先关一下有点冷，免得后面又要重新弄,LLM_SYNTHETIC_SPOKEN_BASE,SYNTHETIC_TEXT
m3sbv1_016411,店里之前看看前面能不能掉头行不行,LLM_SYNTHETIC_SPOKEN_BASE,SYNTHETIC_TEXT
m3sbv1_016412,应该看看钥匙是不是还在车里，我刚才没听太清楚,LLM_SYNTHETIC_SPOKEN_BASE,SYNTHETIC_TEXT
m3sbv1_016413,他麻烦你确认一下这份文件是不是最终版，免得后面又要重新弄,LLM_SYNTHETIC_SPOKEN_BASE,SYNTHETIC_TEXT
m3sbv1_016414,他昨天把这个问题先记到清单里我想先确认清楚,LLM_SYNTHETIC_SPOKEN_BASE,SYNTHETIC_TEXT
m3sbv1_016415,可能确认一下入口是不是在这边，我们这边好安排,LLM_SYNTHETIC_SPOKEN_BASE,SYNTHETIC_TEXT
m3sbv1_016416,要是方便的话看一下这个是不是放错地方了，不用特意等我,LLM_SYNTHETIC_SPOKEN_BASE,SYNTHETIC_TEXT
m3sbv1_016417,之前看起来把这个先放到后面处理就行,LLM_SYNTHETIC_SPOKEN_BASE,SYNTHETIC_TEXT
m3sbv1_016418,他们这边没别的要求，看看能不能多拿一条毛巾就可以,LLM_SYNTHETIC_SPOKEN_BASE,SYNTHETIC_TEXT
m3sbv1_016419,家里我估计帮我找一下刚才那个页面，免得后面又要重新弄,LLM_SYNTHETIC_SPOKEN_BASE,SYNTHETIC_TEXT
m3sbv1_016420,昨天好像先别取消我再确认一下然后告诉我,LLM_SYNTHETIC_SPOKEN_BASE,SYNTHETIC_TEXT
m3sbv1_016421,家里感觉看看能不能换成小份，免得后面又要重新弄,LLM_SYNTHETIC_SPOKEN_BASE,SYNTHETIC_TEXT
m3sbv1_016422,明天帮我听一下这个声音正不正常，我确认完再跟你说,LLM_SYNTHETIC_SPOKEN_BASE,SYNTHETIC_TEXT
m3sbv1_016423,现场可能看看能不能换成小份，免得后面又要重新弄,LLM_SYNTHETIC_SPOKEN_BASE,SYNTHETIC_TEXT
m3sbv1_016424,我等一下帮我听一下这个声音正不正常我有点不确定,LLM_SYNTHETIC_SPOKEN_BASE,SYNTHETIC_TEXT
m3sbv1_016425,我今天确认一下是不是从这里集合我怕等会儿忘了,LLM_SYNTHETIC_SPOKEN_BASE,SYNTHETIC_TEXT
m3sbv1_016426,等一下我想问一下把最新版本发给我看一下就行,LLM_SYNTHETIC_SPOKEN_BASE,SYNTHETIC_TEXT
m3sbv1_016427,店里我听说帮我确认一下下一站在哪里，免得后面又要重新弄,LLM_SYNTHETIC_SPOKEN_BASE,SYNTHETIC_TEXT
m3sbv1_016428,他好像看看能不能把时间往后挪一点，免得后面又要重新弄,LLM_SYNTHETIC_SPOKEN_BASE,SYNTHETIC_TEXT
m3sbv1_016429,一会儿麻烦你帮我找一下刚才那个页面我怕等会儿忘了,LLM_SYNTHETIC_SPOKEN_BASE,SYNTHETIC_TEXT
m3sbv1_016430,今天好像问一下能不能晚一点回来就行,LLM_SYNTHETIC_SPOKEN_BASE,SYNTHETIC_TEXT
m3sbv1_016431,感觉先等等我马上就过来，后面这边好安排,LLM_SYNTHETIC_SPOKEN_BASE,SYNTHETIC_TEXT
m3sbv1_016432,这边好像看看这个结果和昨天是不是一样，免得后面又要重新弄,LLM_SYNTHETIC_SPOKEN_BASE,SYNTHETIC_TEXT
m3sbv1_016433,昨天先把现在的结果保存下来，我确认完再跟你说,LLM_SYNTHETIC_SPOKEN_BASE,SYNTHETIC_TEXT
m3sbv1_016434,我想问一下看看有没有不用排队的办法，我刚才没听太清楚,LLM_SYNTHETIC_SPOKEN_BASE,SYNTHETIC_TEXT
m3sbv1_016435,昨天感觉确认一下是不是从这里集合是不是,LLM_SYNTHETIC_SPOKEN_BASE,SYNTHETIC_TEXT
m3sbv1_016436,店里感觉看看钥匙是不是还在车里，免得后面又要重新弄,LLM_SYNTHETIC_SPOKEN_BASE,SYNTHETIC_TEXT
m3sbv1_016437,好像确认一下退房时间是几点，我刚才没听太清楚,LLM_SYNTHETIC_SPOKEN_BASE,SYNTHETIC_TEXT
m3sbv1_016438,等一下我记得把门先关一下有点冷然后告诉我,LLM_SYNTHETIC_SPOKEN_BASE,SYNTHETIC_TEXT
m3sbv1_016439,我感觉确认一下轮胎是不是有点软，免得后面又要重新弄,LLM_SYNTHETIC_SPOKEN_BASE,SYNTHETIC_TEXT
m3sbv1_016440,他我记得帮我看看行李放在哪里，免得后面又要重新弄,LLM_SYNTHETIC_SPOKEN_BASE,SYNTHETIC_TEXT
m3sbv1_016441,晚一点麻烦你问一下这个能不能少放一点盐就行,LLM_SYNTHETIC_SPOKEN_BASE,SYNTHETIC_TEXT
m3sbv1_016442,她等一下确认一下测试结果有没有更新行不行,LLM_SYNTHETIC_SPOKEN_BASE,SYNTHETIC_TEXT
m3sbv1_016443,我麻烦你确认一下会议是不是改到下午了，免得后面又要重新弄,LLM_SYNTHETIC_SPOKEN_BASE,SYNTHETIC_TEXT
m3sbv1_016444,他到时候帮我把需要验证的地方列出来然后告诉我,LLM_SYNTHETIC_SPOKEN_BASE,SYNTHETIC_TEXT
m3sbv1_016445,等一下我估计确认一下这份文件是不是最终版我再决定,LLM_SYNTHETIC_SPOKEN_BASE,SYNTHETIC_TEXT
m3sbv1_016446,一会儿我觉得帮我听一下这个声音正不正常行不行,LLM_SYNTHETIC_SPOKEN_BASE,SYNTHETIC_TEXT
m3sbv1_016447,这两天先别急，确认一下会议是不是改到下午了再继续,LLM_SYNTHETIC_SPOKEN_BASE,SYNTHETIC_TEXT
m3sbv1_016448,看起来问一下还能不能加一个人，你这边好安排,LLM_SYNTHETIC_SPOKEN_BASE,SYNTHETIC_TEXT
m3sbv1_016449,一会儿感觉看看油还够不够吧,LLM_SYNTHETIC_SPOKEN_BASE,SYNTHETIC_TEXT
m3sbv1_016450,看起来看看是不是选错选项了，我们这边好安排,LLM_SYNTHETIC_SPOKEN_BASE,SYNTHETIC_TEXT
m3sbv1_016451,后面这边没别的要求，帮我查一下刚才是哪一步失败了就可以,LLM_SYNTHETIC_SPOKEN_BASE,SYNTHETIC_TEXT
m3sbv1_016452,刚才确认一下是不是从这里集合，我确认完再跟你说,LLM_SYNTHETIC_SPOKEN_BASE,SYNTHETIC_TEXT
m3sbv1_016453,早一点确认一下灯是不是都关了，我确认完再跟你说,LLM_SYNTHETIC_SPOKEN_BASE,SYNTHETIC_TEXT
m3sbv1_016454,这两天把门先关一下有点冷，我确认完再跟你说,LLM_SYNTHETIC_SPOKEN_BASE,SYNTHETIC_TEXT
m3sbv1_016455,麻烦你看看是不是网络又断了，现场这边好安排,LLM_SYNTHETIC_SPOKEN_BASE,SYNTHETIC_TEXT
m3sbv1_016456,先先别急，问一下还能不能加一个人再继续,LLM_SYNTHETIC_SPOKEN_BASE,SYNTHETIC_TEXT
m3sbv1_016457,我听说看看谁还没有回复，你们这边好安排,LLM_SYNTHETIC_SPOKEN_BASE,SYNTHETIC_TEXT
m3sbv1_016458,现在看起来把声音稍微调小一点吧,LLM_SYNTHETIC_SPOKEN_BASE,SYNTHETIC_TEXT
m3sbv1_016459,现在先别急，问一下还能不能加一个人再继续,LLM_SYNTHETIC_SPOKEN_BASE,SYNTHETIC_TEXT
m3sbv1_016460,这边昨天看看前面能不能掉头吧,LLM_SYNTHETIC_SPOKEN_BASE,SYNTHETIC_TEXT
m3sbv1_016461,现场我听说帮我确认一下下一站在哪里，免得后面又要重新弄,LLM_SYNTHETIC_SPOKEN_BASE,SYNTHETIC_TEXT
m3sbv1_016462,你们现在帮我看看行李放在哪里是不是,LLM_SYNTHETIC_SPOKEN_BASE,SYNTHETIC_TEXT
m3sbv1_016463,她一会儿帮我确认一下字段有没有变行不行,LLM_SYNTHETIC_SPOKEN_BASE,SYNTHETIC_TEXT
m3sbv1_016464,我们这边没别的要求，把门先关一下有点冷就可以,LLM_SYNTHETIC_SPOKEN_BASE,SYNTHETIC_TEXT
m3sbv1_016465,公司这边没别的要求，把这个先放到后面处理就可以,LLM_SYNTHETIC_SPOKEN_BASE,SYNTHETIC_TEXT
m3sbv1_016466,我听说确认一下今天是不是正常营业，她这边好安排,LLM_SYNTHETIC_SPOKEN_BASE,SYNTHETIC_TEXT
m3sbv1_016467,我们可能把地址再确认一下，免得后面又要重新弄,LLM_SYNTHETIC_SPOKEN_BASE,SYNTHETIC_TEXT
m3sbv1_016468,好像问一下这个能不能少放一点盐，我们这边好安排,LLM_SYNTHETIC_SPOKEN_BASE,SYNTHETIC_TEXT
m3sbv1_016469,现在我确认一下确认一下是不是同一个订单是不是,LLM_SYNTHETIC_SPOKEN_BASE,SYNTHETIC_TEXT
m3sbv1_016470,最近我觉得帮我换一个安静一点的位置我怕等会儿忘了,LLM_SYNTHETIC_SPOKEN_BASE,SYNTHETIC_TEXT
m3sbv1_016471,他昨天确认一下是不是从这里集合行不行,LLM_SYNTHETIC_SPOKEN_BASE,SYNTHETIC_TEXT
m3sbv1_016472,店里我想问一下看看这个杯子是不是我的，免得后面又要重新弄,LLM_SYNTHETIC_SPOKEN_BASE,SYNTHETIC_TEXT
m3sbv1_016473,店里麻烦你看看是不是选错选项了，免得后面又要重新弄,LLM_SYNTHETIC_SPOKEN_BASE,SYNTHETIC_TEXT
m3sbv1_016474,公司早一点确认一下车是不是停在外面行不行,LLM_SYNTHETIC_SPOKEN_BASE,SYNTHETIC_TEXT
m3sbv1_016475,先把旧的那套逻辑放一边以后跟我说一声就行,LLM_SYNTHETIC_SPOKEN_BASE,SYNTHETIC_TEXT
m3sbv1_016476,感觉把这个先放到后面处理，这边这边好安排,LLM_SYNTHETIC_SPOKEN_BASE,SYNTHETIC_TEXT
m3sbv1_016477,可能确认一下要不要提前预约，我刚才没听太清楚,LLM_SYNTHETIC_SPOKEN_BASE,SYNTHETIC_TEXT
m3sbv1_016478,那边这边没别的要求，帮我找一下刚才那个页面就可以,LLM_SYNTHETIC_SPOKEN_BASE,SYNTHETIC_TEXT
m3sbv1_016479,看起来确认一下名字有没有写错，我们这边好安排,LLM_SYNTHETIC_SPOKEN_BASE,SYNTHETIC_TEXT
m3sbv1_016480,店里这边没别的要求，先把这个问题单独记录下来就可以,LLM_SYNTHETIC_SPOKEN_BASE,SYNTHETIC_TEXT
m3sbv1_016481,他到时候别着急我们按顺序来吧,LLM_SYNTHETIC_SPOKEN_BASE,SYNTHETIC_TEXT
m3sbv1_016482,我我觉得问一下他们什么时候能到，免得后面又要重新弄,LLM_SYNTHETIC_SPOKEN_BASE,SYNTHETIC_TEXT
m3sbv1_016483,一会儿确认一下是不是从这里集合，我确认完再跟你说,LLM_SYNTHETIC_SPOKEN_BASE,SYNTHETIC_TEXT
m3sbv1_016484,可能帮我看看为什么还没收到，我刚才没听太清楚,LLM_SYNTHETIC_SPOKEN_BASE,SYNTHETIC_TEXT
m3sbv1_016485,早一点把声音稍微调小一点，我确认完再跟你说,LLM_SYNTHETIC_SPOKEN_BASE,SYNTHETIC_TEXT
m3sbv1_016486,等一下先把这个问题单独记录下来，我确认完再跟你说,LLM_SYNTHETIC_SPOKEN_BASE,SYNTHETIC_TEXT
m3sbv1_016487,现场先到的时候给我发个消息我怕等会儿忘了,LLM_SYNTHETIC_SPOKEN_BASE,SYNTHETIC_TEXT
m3sbv1_016488,我想问一下把地址再确认一下，你这边好安排,LLM_SYNTHETIC_SPOKEN_BASE,SYNTHETIC_TEXT
m3sbv1_016489,刚才先别急，确认一下服务有没有启动再继续,LLM_SYNTHETIC_SPOKEN_BASE,SYNTHETIC_TEXT
m3sbv1_016490,我觉得确认一下车是不是停在外面，后面这边好安排,LLM_SYNTHETIC_SPOKEN_BASE,SYNTHETIC_TEXT
m3sbv1_016491,后面之前确认一下停车要不要付费我想先确认清楚,LLM_SYNTHETIC_SPOKEN_BASE,SYNTHETIC_TEXT
m3sbv1_016492,先看起来把门先关一下有点冷行不行,LLM_SYNTHETIC_SPOKEN_BASE,SYNTHETIC_TEXT
m3sbv1_016493,后面麻烦你帮我问一下还有没有空位，免得后面又要重新弄,LLM_SYNTHETIC_SPOKEN_BASE,SYNTHETIC_TEXT
m3sbv1_016494,店里一会儿看看导航是不是带错路了行不行,LLM_SYNTHETIC_SPOKEN_BASE,SYNTHETIC_TEXT
m3sbv1_016495,他感觉看看是不是还少了什么，免得后面又要重新弄,LLM_SYNTHETIC_SPOKEN_BASE,SYNTHETIC_TEXT
m3sbv1_016496,最近我估计帮我看看行李放在哪里吧,LLM_SYNTHETIC_SPOKEN_BASE,SYNTHETIC_TEXT
m3sbv1_016497,昨天看起来确认一下今天是不是正常营业别弄错了,LLM_SYNTHETIC_SPOKEN_BASE,SYNTHETIC_TEXT
m3sbv1_016498,我记得先把这个问题单独记录下来，她这边好安排,LLM_SYNTHETIC_SPOKEN_BASE,SYNTHETIC_TEXT
m3sbv1_016499,一会儿先别急，看看有没有不用排队的办法再继续,LLM_SYNTHETIC_SPOKEN_BASE,SYNTHETIC_TEXT
m3sbv1_016500,先应该帮我看看附近有没有停车位我怕等会儿忘了,LLM_SYNTHETIC_SPOKEN_BASE,SYNTHETIC_TEXT
m3sbv1_016501,看起来看看油还够不够，你们这边好安排,LLM_SYNTHETIC_SPOKEN_BASE,SYNTHETIC_TEXT
m3sbv1_016502,这边我想问一下先等等我马上就过来，免得后面又要重新弄,LLM_SYNTHETIC_SPOKEN_BASE,SYNTHETIC_TEXT
m3sbv1_016503,她感觉问一下早餐几点开始，免得后面又要重新弄,LLM_SYNTHETIC_SPOKEN_BASE,SYNTHETIC_TEXT
m3sbv1_016504,他们我听说确认一下服务有没有启动，免得后面又要重新弄,LLM_SYNTHETIC_SPOKEN_BASE,SYNTHETIC_TEXT
m3sbv1_016505,我想问一下帮我问一下还有没有空位，我刚才没听太清楚,LLM_SYNTHETIC_SPOKEN_BASE,SYNTHETIC_TEXT
m3sbv1_016506,应该看看导航是不是带错路了，你这边好安排,LLM_SYNTHETIC_SPOKEN_BASE,SYNTHETIC_TEXT
m3sbv1_016507,我们明天确认一下今天是不是正常营业可以吗,LLM_SYNTHETIC_SPOKEN_BASE,SYNTHETIC_TEXT
m3sbv1_016508,今天我确认一下帮我把需要验证的地方列出来我怕等会儿忘了,LLM_SYNTHETIC_SPOKEN_BASE,SYNTHETIC_TEXT
m3sbv1_016509,前面麻烦你帮我确认一下负责人是谁，免得后面又要重新弄,LLM_SYNTHETIC_SPOKEN_BASE,SYNTHETIC_TEXT
m3sbv1_016510,之前先别急，确认一下是不是从这里集合再继续,LLM_SYNTHETIC_SPOKEN_BASE,SYNTHETIC_TEXT
m3sbv1_016511,这两天确认一下退房时间是几点，我确认完再跟你说,LLM_SYNTHETIC_SPOKEN_BASE,SYNTHETIC_TEXT
m3sbv1_016512,她这边没别的要求，帮我找一下刚才那个页面就可以,LLM_SYNTHETIC_SPOKEN_BASE,SYNTHETIC_TEXT
m3sbv1_016513,昨天我听说看看是不是还少了什么可以吗,LLM_SYNTHETIC_SPOKEN_BASE,SYNTHETIC_TEXT
m3sbv1_016514,之前先别取消我再确认一下，我确认完再跟你说,LLM_SYNTHETIC_SPOKEN_BASE,SYNTHETIC_TEXT
m3sbv1_016515,等一下看看谁还没有回复，我确认完再跟你说,LLM_SYNTHETIC_SPOKEN_BASE,SYNTHETIC_TEXT
m3sbv1_016516,家里这边没别的要求，帮我看看附近有没有停车位就可以,LLM_SYNTHETIC_SPOKEN_BASE,SYNTHETIC_TEXT
m3sbv1_016517,感觉看看前面是不是要左转，我刚才没听太清楚,LLM_SYNTHETIC_SPOKEN_BASE,SYNTHETIC_TEXT
m3sbv1_016518,店里可能帮我找一下充电线放哪了，免得后面又要重新弄,LLM_SYNTHETIC_SPOKEN_BASE,SYNTHETIC_TEXT
m3sbv1_016519,她等一下看看能不能多拿一条毛巾我有点不确定,LLM_SYNTHETIC_SPOKEN_BASE,SYNTHETIC_TEXT
m3sbv1_016520,你麻烦你确认一下这个功能是不是已经关掉了，免得后面又要重新弄,LLM_SYNTHETIC_SPOKEN_BASE,SYNTHETIC_TEXT
m3sbv1_016521,可能看看还有没有漏掉的步骤，我刚才没听太清楚,LLM_SYNTHETIC_SPOKEN_BASE,SYNTHETIC_TEXT
m3sbv1_016522,我们最近问一下能不能晚一点回来,LLM_SYNTHETIC_SPOKEN_BASE,SYNTHETIC_TEXT
m3sbv1_016523,那边这边没别的要求，问一下这个能不能少放一点盐就可以,LLM_SYNTHETIC_SPOKEN_BASE,SYNTHETIC_TEXT
m3sbv1_016524,看起来把最新版本发给我看一下，我刚才没听太清楚,LLM_SYNTHETIC_SPOKEN_BASE,SYNTHETIC_TEXT
m3sbv1_016525,明天确认一下这份文件是不是最终版，我确认完再跟你说,LLM_SYNTHETIC_SPOKEN_BASE,SYNTHETIC_TEXT
m3sbv1_016526,一会儿我估计别着急我们按顺序来,LLM_SYNTHETIC_SPOKEN_BASE,SYNTHETIC_TEXT
m3sbv1_016527,你们我确认一下看看这个价格有没有包含费用，免得后面又要重新弄,LLM_SYNTHETIC_SPOKEN_BASE,SYNTHETIC_TEXT
m3sbv1_016528,这两天看起来帮我看看这个零件是不是松了别弄错了,LLM_SYNTHETIC_SPOKEN_BASE,SYNTHETIC_TEXT
m3sbv1_016529,她明天看看能不能把时间往后挪一点可以吗,LLM_SYNTHETIC_SPOKEN_BASE,SYNTHETIC_TEXT
m3sbv1_016530,感觉帮我换一个安静一点的位置，他们这边好安排,LLM_SYNTHETIC_SPOKEN_BASE,SYNTHETIC_TEXT
m3sbv1_016531,这边这两天看看能不能换成小份吧,LLM_SYNTHETIC_SPOKEN_BASE,SYNTHETIC_TEXT
m3sbv1_016532,她刚才看看是不是选错选项了我想先确认清楚,LLM_SYNTHETIC_SPOKEN_BASE,SYNTHETIC_TEXT
m3sbv1_016533,他好像看看有没有不用排队的办法，免得后面又要重新弄,LLM_SYNTHETIC_SPOKEN_BASE,SYNTHETIC_TEXT
m3sbv1_016534,我晚一点帮我把重复的内容删掉我想先确认清楚,LLM_SYNTHETIC_SPOKEN_BASE,SYNTHETIC_TEXT
m3sbv1_016535,现场感觉帮我拿一下旁边那个袋子，免得后面又要重新弄,LLM_SYNTHETIC_SPOKEN_BASE,SYNTHETIC_TEXT
m3sbv1_016536,我听说看看能不能换成小份，我刚才没听太清楚,LLM_SYNTHETIC_SPOKEN_BASE,SYNTHETIC_TEXT
m3sbv1_016537,这两天先别急，帮我确认一下负责人是谁再继续,LLM_SYNTHETIC_SPOKEN_BASE,SYNTHETIC_TEXT
m3sbv1_016538,他们好像帮我问一下还有没有空位，免得后面又要重新弄,LLM_SYNTHETIC_SPOKEN_BASE,SYNTHETIC_TEXT
m3sbv1_016539,我麻烦你问一下早餐几点开始，免得后面又要重新弄,LLM_SYNTHETIC_SPOKEN_BASE,SYNTHETIC_TEXT
m3sbv1_016540,我们我觉得看看这个结果和昨天是不是一样，免得后面又要重新弄,LLM_SYNTHETIC_SPOKEN_BASE,SYNTHETIC_TEXT
m3sbv1_016541,看起来帮我听一下这个声音正不正常，现场这边好安排,LLM_SYNTHETIC_SPOKEN_BASE,SYNTHETIC_TEXT
m3sbv1_016542,现在我想问一下帮我看看为什么还没收到吧,LLM_SYNTHETIC_SPOKEN_BASE,SYNTHETIC_TEXT
m3sbv1_016543,明天我听说看看是不是还少了什么我怕等会儿忘了,LLM_SYNTHETIC_SPOKEN_BASE,SYNTHETIC_TEXT
m3sbv1_016544,好像看看是不是网络又断了，我刚才没听太清楚,LLM_SYNTHETIC_SPOKEN_BASE,SYNTHETIC_TEXT
m3sbv1_016545,之前先别急，帮我看看这个号码对不对再继续,LLM_SYNTHETIC_SPOKEN_BASE,SYNTHETIC_TEXT
m3sbv1_016546,之前我听说看看前面是不是要左转然后告诉我,LLM_SYNTHETIC_SPOKEN_BASE,SYNTHETIC_TEXT
m3sbv1_016547,家里麻烦你看看空调能不能调高一点，免得后面又要重新弄,LLM_SYNTHETIC_SPOKEN_BASE,SYNTHETIC_TEXT
m3sbv1_016548,我觉得帮我看看这个菜里面有没有辣椒，她这边好安排,LLM_SYNTHETIC_SPOKEN_BASE,SYNTHETIC_TEXT
m3sbv1_016549,今天麻烦你帮我查一下刚才是哪一步失败了别弄错了,LLM_SYNTHETIC_SPOKEN_BASE,SYNTHETIC_TEXT
m3sbv1_016550,到时候我想问一下帮我听一下这个声音正不正常别弄错了,LLM_SYNTHETIC_SPOKEN_BASE,SYNTHETIC_TEXT
m3sbv1_016551,晚一点麻烦你确认一下会议是不是改到下午了别弄错了,LLM_SYNTHETIC_SPOKEN_BASE,SYNTHETIC_TEXT
m3sbv1_016552,公司这边没别的要求，确认一下名字有没有写错就可以,LLM_SYNTHETIC_SPOKEN_BASE,SYNTHETIC_TEXT
m3sbv1_016553,昨天先别取消我再确认一下，我确认完再跟你说,LLM_SYNTHETIC_SPOKEN_BASE,SYNTHETIC_TEXT
m3sbv1_016554,刚才先别急，确认一下轮胎是不是有点软再继续,LLM_SYNTHETIC_SPOKEN_BASE,SYNTHETIC_TEXT
m3sbv1_016555,今天可能看看这个价格有没有包含费用我怕等会儿忘了,LLM_SYNTHETIC_SPOKEN_BASE,SYNTHETIC_TEXT
m3sbv1_016556,到时候看起来帮我看看这个号码对不对行不行,LLM_SYNTHETIC_SPOKEN_BASE,SYNTHETIC_TEXT
m3sbv1_016557,后面晚一点帮我换一个安静一点的位置是不是,LLM_SYNTHETIC_SPOKEN_BASE,SYNTHETIC_TEXT
m3sbv1_016558,我觉得确认一下这份文件是不是最终版，我刚才没听太清楚,LLM_SYNTHETIC_SPOKEN_BASE,SYNTHETIC_TEXT
m3sbv1_016559,看起来帮我把重复的内容删掉，这边这边好安排,LLM_SYNTHETIC_SPOKEN_BASE,SYNTHETIC_TEXT
m3sbv1_016560,前面昨天把刚才那条消息再发我一次行不行,LLM_SYNTHETIC_SPOKEN_BASE,SYNTHETIC_TEXT
m3sbv1_016561,把声音稍微调小一点以后跟我说一声就行,LLM_SYNTHETIC_SPOKEN_BASE,SYNTHETIC_TEXT
m3sbv1_016562,好像先把旧的那套逻辑放一边，我们这边好安排,LLM_SYNTHETIC_SPOKEN_BASE,SYNTHETIC_TEXT
m3sbv1_016563,早一点应该把最新版本发给我看一下可以吗,LLM_SYNTHETIC_SPOKEN_BASE,SYNTHETIC_TEXT
m3sbv1_016564,家里好像告诉我大概还要多久，免得后面又要重新弄,LLM_SYNTHETIC_SPOKEN_BASE,SYNTHETIC_TEXT
m3sbv1_016565,他先确认一下时间有没有改就行,LLM_SYNTHETIC_SPOKEN_BASE,SYNTHETIC_TEXT
m3sbv1_016566,他我记得帮我换一个安静一点的位置，免得后面又要重新弄,LLM_SYNTHETIC_SPOKEN_BASE,SYNTHETIC_TEXT
m3sbv1_016567,看看前面是不是要左转，有变化的话提前告诉我,LLM_SYNTHETIC_SPOKEN_BASE,SYNTHETIC_TEXT
m3sbv1_016568,她应该把最新版本发给我看一下，免得后面又要重新弄,LLM_SYNTHETIC_SPOKEN_BASE,SYNTHETIC_TEXT
m3sbv1_016569,店里这边没别的要求，确认一下灯是不是都关了就可以,LLM_SYNTHETIC_SPOKEN_BASE,SYNTHETIC_TEXT
m3sbv1_016570,一会儿应该看看能不能把时间往后挪一点然后告诉我,LLM_SYNTHETIC_SPOKEN_BASE,SYNTHETIC_TEXT
m3sbv1_016571,明天先别急，帮我看看这个菜里面有没有辣椒再继续,LLM_SYNTHETIC_SPOKEN_BASE,SYNTHETIC_TEXT
m3sbv1_016572,他们这边没别的要求，把刚才那条消息再发我一次就可以,LLM_SYNTHETIC_SPOKEN_BASE,SYNTHETIC_TEXT
m3sbv1_016573,公司这边没别的要求，看看这个杯子是不是我的就可以,LLM_SYNTHETIC_SPOKEN_BASE,SYNTHETIC_TEXT
m3sbv1_016574,今天好像看看这个东西应该放哪里我有点不确定,LLM_SYNTHETIC_SPOKEN_BASE,SYNTHETIC_TEXT
m3sbv1_016575,我记得问一下还能不能加一个人，我刚才没听太清楚,LLM_SYNTHETIC_SPOKEN_BASE,SYNTHETIC_TEXT
m3sbv1_016576,好像确认一下这个功能是不是已经关掉了，店里这边好安排,LLM_SYNTHETIC_SPOKEN_BASE,SYNTHETIC_TEXT
m3sbv1_016577,前面这边没别的要求，问一下还能不能加一个人就可以,LLM_SYNTHETIC_SPOKEN_BASE,SYNTHETIC_TEXT
m3sbv1_016578,感觉帮我换一个安静一点的位置，她这边好安排,LLM_SYNTHETIC_SPOKEN_BASE,SYNTHETIC_TEXT
m3sbv1_016579,我明天看看有没有不用排队的办法就行,LLM_SYNTHETIC_SPOKEN_BASE,SYNTHETIC_TEXT
m3sbv1_016580,最近我觉得帮我确认一下房间准备好了没有是不是,LLM_SYNTHETIC_SPOKEN_BASE,SYNTHETIC_TEXT
m3sbv1_016581,之前好像先把旧的那套逻辑放一边我再决定,LLM_SYNTHETIC_SPOKEN_BASE,SYNTHETIC_TEXT
m3sbv1_016582,之前好像把这个先放到后面处理我怕等会儿忘了,LLM_SYNTHETIC_SPOKEN_BASE,SYNTHETIC_TEXT
m3sbv1_016583,那边可能先把现在的结果保存下来，免得后面又要重新弄,LLM_SYNTHETIC_SPOKEN_BASE,SYNTHETIC_TEXT
m3sbv1_016584,今天我想问一下告诉我大概还要多久就行,LLM_SYNTHETIC_SPOKEN_BASE,SYNTHETIC_TEXT
m3sbv1_016585,后面我估计确认一下这个功能是不是已经关掉了，免得后面又要重新弄,LLM_SYNTHETIC_SPOKEN_BASE,SYNTHETIC_TEXT
m3sbv1_016586,公司这边没别的要求，确认一下这份文件是不是最终版就可以,LLM_SYNTHETIC_SPOKEN_BASE,SYNTHETIC_TEXT
m3sbv1_016587,后面这边没别的要求，确认一下车是不是停在外面就可以,LLM_SYNTHETIC_SPOKEN_BASE,SYNTHETIC_TEXT
m3sbv1_016588,家里这边没别的要求，再检查一遍有没有问题就可以,LLM_SYNTHETIC_SPOKEN_BASE,SYNTHETIC_TEXT
m3sbv1_016589,先把最新版本发给我看一下，我确认完再跟你说,LLM_SYNTHETIC_SPOKEN_BASE,SYNTHETIC_TEXT
m3sbv1_016590,你看起来确认一下是不是已经付过了，免得后面又要重新弄,LLM_SYNTHETIC_SPOKEN_BASE,SYNTHETIC_TEXT
m3sbv1_016591,应该问一下他们什么时候能到，家里这边好安排,LLM_SYNTHETIC_SPOKEN_BASE,SYNTHETIC_TEXT
m3sbv1_016592,前面明天确认一下服务有没有启动行不行,LLM_SYNTHETIC_SPOKEN_BASE,SYNTHETIC_TEXT
m3sbv1_016593,我们我听说看看这个接口是不是又报错了，免得后面又要重新弄,LLM_SYNTHETIC_SPOKEN_BASE,SYNTHETIC_TEXT
m3sbv1_016594,公司早一点确认一下时间有没有改我有点不确定,LLM_SYNTHETIC_SPOKEN_BASE,SYNTHETIC_TEXT
m3sbv1_016595,我想问一下先把这一项记下来，这边这边好安排,LLM_SYNTHETIC_SPOKEN_BASE,SYNTHETIC_TEXT
m3sbv1_016596,你先帮我听一下这个声音正不正常然后告诉我,LLM_SYNTHETIC_SPOKEN_BASE,SYNTHETIC_TEXT
m3sbv1_016597,我记得先把旧的那套逻辑放一边，我刚才没听太清楚,LLM_SYNTHETIC_SPOKEN_BASE,SYNTHETIC_TEXT
m3sbv1_016598,现场这边没别的要求，把位置发给我我自己过去就可以,LLM_SYNTHETIC_SPOKEN_BASE,SYNTHETIC_TEXT
m3sbv1_016599,我觉得把位置发给我我自己过去，我刚才没听太清楚,LLM_SYNTHETIC_SPOKEN_BASE,SYNTHETIC_TEXT
m3sbv1_016600,我听说帮我看看这个菜里面有没有辣椒，那边这边好安排,LLM_SYNTHETIC_SPOKEN_BASE,SYNTHETIC_TEXT
m3sbv1_016601,你一会儿确认一下灯是不是都关了我再决定,LLM_SYNTHETIC_SPOKEN_BASE,SYNTHETIC_TEXT
m3sbv1_016602,我们我记得帮我问一下现在还能不能改，免得后面又要重新弄,LLM_SYNTHETIC_SPOKEN_BASE,SYNTHETIC_TEXT
m3sbv1_016603,晚一点先别急，帮我确认一下下一站在哪里再继续,LLM_SYNTHETIC_SPOKEN_BASE,SYNTHETIC_TEXT
m3sbv1_016604,刚才先别急，确认一下这份文件是不是最终版再继续,LLM_SYNTHETIC_SPOKEN_BASE,SYNTHETIC_TEXT
m3sbv1_016605,他这边没别的要求，确认一下名字有没有写错就可以,LLM_SYNTHETIC_SPOKEN_BASE,SYNTHETIC_TEXT
m3sbv1_016606,现在我觉得确认一下会议是不是改到下午了我想先确认清楚,LLM_SYNTHETIC_SPOKEN_BASE,SYNTHETIC_TEXT
m3sbv1_016607,这边这边没别的要求，看看这个版本是不是最新的就可以,LLM_SYNTHETIC_SPOKEN_BASE,SYNTHETIC_TEXT
m3sbv1_016608,这边看起来确认一下是不是已经付过了，免得后面又要重新弄,LLM_SYNTHETIC_SPOKEN_BASE,SYNTHETIC_TEXT
m3sbv1_016609,你我想问一下确认一下服务有没有启动，免得后面又要重新弄,LLM_SYNTHETIC_SPOKEN_BASE,SYNTHETIC_TEXT
m3sbv1_016610,前面最近帮我听一下这个声音正不正常我怕等会儿忘了,LLM_SYNTHETIC_SPOKEN_BASE,SYNTHETIC_TEXT
m3sbv1_016611,麻烦你帮我换一个安静一点的位置，他这边好安排,LLM_SYNTHETIC_SPOKEN_BASE,SYNTHETIC_TEXT
m3sbv1_016612,明天我确认一下帮我看看附近有没有停车位是不是,LLM_SYNTHETIC_SPOKEN_BASE,SYNTHETIC_TEXT
m3sbv1_016613,昨天我听说确认一下是不是已经下单了我再决定,LLM_SYNTHETIC_SPOKEN_BASE,SYNTHETIC_TEXT
m3sbv1_016614,家里现在把位置发给我我自己过去然后告诉我,LLM_SYNTHETIC_SPOKEN_BASE,SYNTHETIC_TEXT
m3sbv1_016615,店里我听说帮我看看为什么还没收到，免得后面又要重新弄,LLM_SYNTHETIC_SPOKEN_BASE,SYNTHETIC_TEXT
m3sbv1_016616,你最近确认一下停车要不要付费就行,LLM_SYNTHETIC_SPOKEN_BASE,SYNTHETIC_TEXT
m3sbv1_016617,你们看起来帮我看看这个号码对不对，免得后面又要重新弄,LLM_SYNTHETIC_SPOKEN_BASE,SYNTHETIC_TEXT
m3sbv1_016618,一会儿帮我听一下这个声音正不正常，我确认完再跟你说,LLM_SYNTHETIC_SPOKEN_BASE,SYNTHETIC_TEXT
m3sbv1_016619,感觉看看还有没有漏掉的步骤，我刚才没听太清楚,LLM_SYNTHETIC_SPOKEN_BASE,SYNTHETIC_TEXT
m3sbv1_016620,那边到时候问一下还能不能加一个人我想先确认清楚,LLM_SYNTHETIC_SPOKEN_BASE,SYNTHETIC_TEXT
m3sbv1_016621,他们先确认一下时间有没有改是不是,LLM_SYNTHETIC_SPOKEN_BASE,SYNTHETIC_TEXT
m3sbv1_016622,你一会儿帮我查一下刚才是哪一步失败了,LLM_SYNTHETIC_SPOKEN_BASE,SYNTHETIC_TEXT
m3sbv1_016623,你们我确认一下先把这个问题单独记录下来，免得后面又要重新弄,LLM_SYNTHETIC_SPOKEN_BASE,SYNTHETIC_TEXT
m3sbv1_016624,应该帮我问一下现在还能不能改，她这边好安排,LLM_SYNTHETIC_SPOKEN_BASE,SYNTHETIC_TEXT
m3sbv1_016625,晚一点我觉得把刚才说的重点再讲一遍就行,LLM_SYNTHETIC_SPOKEN_BASE,SYNTHETIC_TEXT
m3sbv1_016626,他们可能看看数据是不是重复了，免得后面又要重新弄,LLM_SYNTHETIC_SPOKEN_BASE,SYNTHETIC_TEXT
m3sbv1_016627,我记得看看这个版本是不是最新的，那边这边好安排,LLM_SYNTHETIC_SPOKEN_BASE,SYNTHETIC_TEXT
m3sbv1_016628,感觉帮我找一下刚才那个页面，她这边好安排,LLM_SYNTHETIC_SPOKEN_BASE,SYNTHETIC_TEXT
m3sbv1_016629,我估计看看数据是不是重复了，你这边好安排,LLM_SYNTHETIC_SPOKEN_BASE,SYNTHETIC_TEXT
m3sbv1_016630,家里我觉得确认一下轮胎是不是有点软，免得后面又要重新弄,LLM_SYNTHETIC_SPOKEN_BASE,SYNTHETIC_TEXT
m3sbv1_016631,晚一点感觉确认一下今天是不是正常营业就行,LLM_SYNTHETIC_SPOKEN_BASE,SYNTHETIC_TEXT
m3sbv1_016632,这边明天先等等我马上就过来就行,LLM_SYNTHETIC_SPOKEN_BASE,SYNTHETIC_TEXT
m3sbv1_016633,我确认一下确认一下名字有没有写错，现场这边好安排,LLM_SYNTHETIC_SPOKEN_BASE,SYNTHETIC_TEXT
m3sbv1_016634,今天我想问一下确认一下要不要提前预约我再决定,LLM_SYNTHETIC_SPOKEN_BASE,SYNTHETIC_TEXT
m3sbv1_016635,今天看看钥匙是不是还在车里，我确认完再跟你说,LLM_SYNTHETIC_SPOKEN_BASE,SYNTHETIC_TEXT
m3sbv1_016636,感觉确认一下这份文件是不是最终版，他们这边好安排,LLM_SYNTHETIC_SPOKEN_BASE,SYNTHETIC_TEXT
m3sbv1_016637,我这边没别的要求，试一下重新打开能不能用就可以,LLM_SYNTHETIC_SPOKEN_BASE,SYNTHETIC_TEXT
m3sbv1_016638,家里早一点别着急我们按顺序来我再决定,LLM_SYNTHETIC_SPOKEN_BASE,SYNTHETIC_TEXT
m3sbv1_016639,麻烦你先把这一项记下来，他这边好安排,LLM_SYNTHETIC_SPOKEN_BASE,SYNTHETIC_TEXT
m3sbv1_016640,应该看看空调能不能调高一点，我刚才没听太清楚,LLM_SYNTHETIC_SPOKEN_BASE,SYNTHETIC_TEXT
m3sbv1_016641,这边应该问一下回来的车几点出发，免得后面又要重新弄,LLM_SYNTHETIC_SPOKEN_BASE,SYNTHETIC_TEXT
m3sbv1_016642,他们这边没别的要求，确认一下时间有没有改就可以,LLM_SYNTHETIC_SPOKEN_BASE,SYNTHETIC_TEXT
m3sbv1_016643,这边应该看看这个接口是不是又报错了，免得后面又要重新弄,LLM_SYNTHETIC_SPOKEN_BASE,SYNTHETIC_TEXT
m3sbv1_016644,家里可能帮我问一下还有没有空位，免得后面又要重新弄,LLM_SYNTHETIC_SPOKEN_BASE,SYNTHETIC_TEXT
m3sbv1_016645,我觉得帮我把重复的内容删掉，那边这边好安排,LLM_SYNTHETIC_SPOKEN_BASE,SYNTHETIC_TEXT
m3sbv1_016646,一会儿先别急，看看能不能多拿一条毛巾再继续,LLM_SYNTHETIC_SPOKEN_BASE,SYNTHETIC_TEXT
m3sbv1_016647,我这两天看看能不能换成小份,LLM_SYNTHETIC_SPOKEN_BASE,SYNTHETIC_TEXT
m3sbv1_016648,一会儿应该帮我看看附近有没有停车位吧,LLM_SYNTHETIC_SPOKEN_BASE,SYNTHETIC_TEXT
m3sbv1_016649,公司我确认一下确认一下是不是已经付过了，免得后面又要重新弄,LLM_SYNTHETIC_SPOKEN_BASE,SYNTHETIC_TEXT
m3sbv1_016650,现场这边没别的要求，确认一下是不是已经下单了就可以,LLM_SYNTHETIC_SPOKEN_BASE,SYNTHETIC_TEXT
m3sbv1_016651,晚一点麻烦你确认一下今天是不是正常营业行不行,LLM_SYNTHETIC_SPOKEN_BASE,SYNTHETIC_TEXT
m3sbv1_016652,家里等一下看看这个接口是不是又报错了,LLM_SYNTHETIC_SPOKEN_BASE,SYNTHETIC_TEXT
m3sbv1_016653,现场这边没别的要求，确认一下入口是不是在这边就可以,LLM_SYNTHETIC_SPOKEN_BASE,SYNTHETIC_TEXT
m3sbv1_016654,家里今天先把旧的那套逻辑放一边我想先确认清楚,LLM_SYNTHETIC_SPOKEN_BASE,SYNTHETIC_TEXT
m3sbv1_016655,一会儿麻烦你帮我看看附近有没有停车位我想先确认清楚,LLM_SYNTHETIC_SPOKEN_BASE,SYNTHETIC_TEXT
m3sbv1_016656,可能把这个先放到后面处理，我们这边好安排,LLM_SYNTHETIC_SPOKEN_BASE,SYNTHETIC_TEXT
m3sbv1_016657,麻烦你确认一下停车要不要付费，这边这边好安排,LLM_SYNTHETIC_SPOKEN_BASE,SYNTHETIC_TEXT
m3sbv1_016658,晚一点可能帮我确认一下字段有没有变可以吗,LLM_SYNTHETIC_SPOKEN_BASE,SYNTHETIC_TEXT
m3sbv1_016659,早一点应该帮我看看附近有没有停车位行不行,LLM_SYNTHETIC_SPOKEN_BASE,SYNTHETIC_TEXT
m3sbv1_016660,我这边没别的要求，确认一下服务有没有启动就可以,LLM_SYNTHETIC_SPOKEN_BASE,SYNTHETIC_TEXT
m3sbv1_016661,这两天帮我看看这个菜里面有没有辣椒，我确认完再跟你说,LLM_SYNTHETIC_SPOKEN_BASE,SYNTHETIC_TEXT
m3sbv1_016662,公司这边没别的要求，看看是不是选错选项了就可以,LLM_SYNTHETIC_SPOKEN_BASE,SYNTHETIC_TEXT
m3sbv1_016663,今天先别急，先把这一项记下来再继续,LLM_SYNTHETIC_SPOKEN_BASE,SYNTHETIC_TEXT
m3sbv1_016664,他们现在把地址再确认一下我怕等会儿忘了,LLM_SYNTHETIC_SPOKEN_BASE,SYNTHETIC_TEXT
m3sbv1_016665,我昨天看看是不是选错选项了是不是,LLM_SYNTHETIC_SPOKEN_BASE,SYNTHETIC_TEXT
m3sbv1_016666,这边看起来帮我找一下刚才那个页面，免得后面又要重新弄,LLM_SYNTHETIC_SPOKEN_BASE,SYNTHETIC_TEXT
m3sbv1_016667,之前可能到的时候给我发个消息可以吗,LLM_SYNTHETIC_SPOKEN_BASE,SYNTHETIC_TEXT
m3sbv1_016668,应该看看空调能不能调高一点，他这边好安排,LLM_SYNTHETIC_SPOKEN_BASE,SYNTHETIC_TEXT
m3sbv1_016669,应该确认一下这次只改这一部分，我刚才没听太清楚,LLM_SYNTHETIC_SPOKEN_BASE,SYNTHETIC_TEXT
m3sbv1_016670,他们一会儿确认一下文件有没有传成功就行,LLM_SYNTHETIC_SPOKEN_BASE,SYNTHETIC_TEXT
m3sbv1_016671,她今天确认一下服务有没有启动我想先确认清楚,LLM_SYNTHETIC_SPOKEN_BASE,SYNTHETIC_TEXT
m3sbv1_016672,这两天先别急，把这个先放到后面处理再继续,LLM_SYNTHETIC_SPOKEN_BASE,SYNTHETIC_TEXT
m3sbv1_016673,我想问一下看看这个版本是不是最新的，我们这边好安排,LLM_SYNTHETIC_SPOKEN_BASE,SYNTHETIC_TEXT
m3sbv1_016674,等一下先别急，帮我看看为什么还没收到再继续,LLM_SYNTHETIC_SPOKEN_BASE,SYNTHETIC_TEXT
m3sbv1_016675,他麻烦你看看前面是不是要左转，免得后面又要重新弄,LLM_SYNTHETIC_SPOKEN_BASE,SYNTHETIC_TEXT
m3sbv1_016676,麻烦你确认一下服务有没有启动，我刚才没听太清楚,LLM_SYNTHETIC_SPOKEN_BASE,SYNTHETIC_TEXT
m3sbv1_016677,前面我确认一下帮我看看这个零件是不是松了，免得后面又要重新弄,LLM_SYNTHETIC_SPOKEN_BASE,SYNTHETIC_TEXT
m3sbv1_016678,他们一会儿看看空调能不能调高一点我有点不确定,LLM_SYNTHETIC_SPOKEN_BASE,SYNTHETIC_TEXT
m3sbv1_016679,家里这边没别的要求，帮我确认一下房间准备好了没有就可以,LLM_SYNTHETIC_SPOKEN_BASE,SYNTHETIC_TEXT
m3sbv1_016680,应该确认一下车是不是停在外面，前面这边好安排,LLM_SYNTHETIC_SPOKEN_BASE,SYNTHETIC_TEXT
m3sbv1_016681,我觉得确认一下要不要提前预约，我刚才没听太清楚,LLM_SYNTHETIC_SPOKEN_BASE,SYNTHETIC_TEXT
m3sbv1_016682,麻烦你确认一下轮胎是不是有点软，我刚才没听太清楚,LLM_SYNTHETIC_SPOKEN_BASE,SYNTHETIC_TEXT
m3sbv1_016683,要是方便的话把声音稍微调小一点，不用特意等我,LLM_SYNTHETIC_SPOKEN_BASE,SYNTHETIC_TEXT
m3sbv1_016684,那边一会儿把刚才那条消息再发我一次可以吗,LLM_SYNTHETIC_SPOKEN_BASE,SYNTHETIC_TEXT
m3sbv1_016685,好像确认一下入口是不是在这边，前面这边好安排,LLM_SYNTHETIC_SPOKEN_BASE,SYNTHETIC_TEXT
m3sbv1_016686,公司这两天把声音稍微调小一点我再决定,LLM_SYNTHETIC_SPOKEN_BASE,SYNTHETIC_TEXT
m3sbv1_016687,他我听说到的时候给我发个消息，免得后面又要重新弄,LLM_SYNTHETIC_SPOKEN_BASE,SYNTHETIC_TEXT
m3sbv1_016688,等一下麻烦你帮我看看为什么还没收到就行,LLM_SYNTHETIC_SPOKEN_BASE,SYNTHETIC_TEXT
m3sbv1_016689,感觉试一下重新打开能不能用，前面这边好安排,LLM_SYNTHETIC_SPOKEN_BASE,SYNTHETIC_TEXT
m3sbv1_016690,公司我估计把最新版本发给我看一下，免得后面又要重新弄,LLM_SYNTHETIC_SPOKEN_BASE,SYNTHETIC_TEXT
m3sbv1_016691,昨天可能帮我查一下刚才是哪一步失败了我怕等会儿忘了,LLM_SYNTHETIC_SPOKEN_BASE,SYNTHETIC_TEXT
m3sbv1_016692,家里等一下帮我确认一下下一站在哪里我有点不确定,LLM_SYNTHETIC_SPOKEN_BASE,SYNTHETIC_TEXT
m3sbv1_016693,麻烦你看看是不是网络又断了，我刚才没听太清楚,LLM_SYNTHETIC_SPOKEN_BASE,SYNTHETIC_TEXT
m3sbv1_016694,我这边没别的要求，帮我找一下刚才那个页面就可以,LLM_SYNTHETIC_SPOKEN_BASE,SYNTHETIC_TEXT
m3sbv1_016695,早一点我记得确认一下会议是不是改到下午了我再决定,LLM_SYNTHETIC_SPOKEN_BASE,SYNTHETIC_TEXT
m3sbv1_016696,店里早一点看看这个杯子是不是我的可以吗,LLM_SYNTHETIC_SPOKEN_BASE,SYNTHETIC_TEXT
m3sbv1_016697,晚一点我听说帮我确认一下字段有没有变然后告诉我,LLM_SYNTHETIC_SPOKEN_BASE,SYNTHETIC_TEXT
m3sbv1_016698,我应该告诉我大概还要多久，免得后面又要重新弄,LLM_SYNTHETIC_SPOKEN_BASE,SYNTHETIC_TEXT
m3sbv1_016699,晚一点好像确认一下是不是从这里集合吧,LLM_SYNTHETIC_SPOKEN_BASE,SYNTHETIC_TEXT
m3sbv1_016700,他们到时候问一下能不能晚一点回来我再决定,LLM_SYNTHETIC_SPOKEN_BASE,SYNTHETIC_TEXT
m3sbv1_016701,这边我估计看看这个杯子是不是我的，免得后面又要重新弄,LLM_SYNTHETIC_SPOKEN_BASE,SYNTHETIC_TEXT
m3sbv1_016702,你晚一点看看这个杯子是不是我的别弄错了,LLM_SYNTHETIC_SPOKEN_BASE,SYNTHETIC_TEXT
m3sbv1_016703,最近我听说看看谁还没有回复别弄错了,LLM_SYNTHETIC_SPOKEN_BASE,SYNTHETIC_TEXT
m3sbv1_016704,刚才我确认一下看一下这个是不是放错地方了是不是,LLM_SYNTHETIC_SPOKEN_BASE,SYNTHETIC_TEXT
m3sbv1_016705,他这边没别的要求，问一下这个能不能少放一点盐就可以,LLM_SYNTHETIC_SPOKEN_BASE,SYNTHETIC_TEXT
m3sbv1_016706,我确认一下帮我把需要验证的地方列出来，后面这边好安排,LLM_SYNTHETIC_SPOKEN_BASE,SYNTHETIC_TEXT
m3sbv1_016707,到时候我想问一下帮我找一下刚才那个页面吧,LLM_SYNTHETIC_SPOKEN_BASE,SYNTHETIC_TEXT
m3sbv1_016708,一会儿确认一下服务有没有启动，我确认完再跟你说,LLM_SYNTHETIC_SPOKEN_BASE,SYNTHETIC_TEXT
m3sbv1_016709,我好像把刚才说的重点再讲一遍，免得后面又要重新弄,LLM_SYNTHETIC_SPOKEN_BASE,SYNTHETIC_TEXT
m3sbv1_016710,你们晚一点确认一下灯是不是都关了我怕等会儿忘了,LLM_SYNTHETIC_SPOKEN_BASE,SYNTHETIC_TEXT
m3sbv1_016711,那边这两天帮我看看行李放在哪里别弄错了,LLM_SYNTHETIC_SPOKEN_BASE,SYNTHETIC_TEXT
m3sbv1_016712,帮我拿一下旁边那个袋子以后跟我说一声就行,LLM_SYNTHETIC_SPOKEN_BASE,SYNTHETIC_TEXT
m3sbv1_016713,我确认一下把这个问题先记到清单里，我这边好安排,LLM_SYNTHETIC_SPOKEN_BASE,SYNTHETIC_TEXT
m3sbv1_016714,这边昨天帮我确认一下下一站在哪里我再决定,LLM_SYNTHETIC_SPOKEN_BASE,SYNTHETIC_TEXT
m3sbv1_016715,最近我觉得确认一下是不是已经下单了我想先确认清楚,LLM_SYNTHETIC_SPOKEN_BASE,SYNTHETIC_TEXT
m3sbv1_016716,我们这边没别的要求，看看数据是不是重复了就可以,LLM_SYNTHETIC_SPOKEN_BASE,SYNTHETIC_TEXT
m3sbv1_016717,到时候看起来看看这个版本是不是最新的然后告诉我,LLM_SYNTHETIC_SPOKEN_BASE,SYNTHETIC_TEXT
m3sbv1_016718,好像确认一下停车要不要付费，家里这边好安排,LLM_SYNTHETIC_SPOKEN_BASE,SYNTHETIC_TEXT
m3sbv1_016719,前面这边没别的要求，先别取消我再确认一下就可以,LLM_SYNTHETIC_SPOKEN_BASE,SYNTHETIC_TEXT
m3sbv1_016720,之前看看能不能多拿一条毛巾，我确认完再跟你说,LLM_SYNTHETIC_SPOKEN_BASE,SYNTHETIC_TEXT
m3sbv1_016721,我们今天帮我确认一下下一站在哪里是不是,LLM_SYNTHETIC_SPOKEN_BASE,SYNTHETIC_TEXT
m3sbv1_016722,一会儿先别急，看看有没有更早一点的时间再继续,LLM_SYNTHETIC_SPOKEN_BASE,SYNTHETIC_TEXT
m3sbv1_016723,刚才把声音稍微调小一点，我确认完再跟你说,LLM_SYNTHETIC_SPOKEN_BASE,SYNTHETIC_TEXT
m3sbv1_016724,我应该把地址再确认一下，免得后面又要重新弄,LLM_SYNTHETIC_SPOKEN_BASE,SYNTHETIC_TEXT
m3sbv1_016725,刚才我确认一下帮我找一下充电线放哪了就行,LLM_SYNTHETIC_SPOKEN_BASE,SYNTHETIC_TEXT
m3sbv1_016726,麻烦你把门先关一下有点冷，店里这边好安排,LLM_SYNTHETIC_SPOKEN_BASE,SYNTHETIC_TEXT
m3sbv1_016727,先我确认一下确认一下文件有没有传成功我想先确认清楚,LLM_SYNTHETIC_SPOKEN_BASE,SYNTHETIC_TEXT
m3sbv1_016728,家里我估计把这个先留着别动，免得后面又要重新弄,LLM_SYNTHETIC_SPOKEN_BASE,SYNTHETIC_TEXT
m3sbv1_016729,之前我想问一下把这个先放到后面处理我想先确认清楚,LLM_SYNTHETIC_SPOKEN_BASE,SYNTHETIC_TEXT
m3sbv1_016730,早一点可能帮我确认一下下一站在哪里我怕等会儿忘了,LLM_SYNTHETIC_SPOKEN_BASE,SYNTHETIC_TEXT
m3sbv1_016731,后面今天帮我确认一下负责人是谁,LLM_SYNTHETIC_SPOKEN_BASE,SYNTHETIC_TEXT
m3sbv1_016732,公司早一点看一下这个是不是放错地方了别弄错了,LLM_SYNTHETIC_SPOKEN_BASE,SYNTHETIC_TEXT
m3sbv1_016733,看看是不是网络又断了，如果不行就先别改,LLM_SYNTHETIC_SPOKEN_BASE,SYNTHETIC_TEXT
m3sbv1_016734,那边这边没别的要求，看看有没有影响到别的模块就可以,LLM_SYNTHETIC_SPOKEN_BASE,SYNTHETIC_TEXT
m3sbv1_016735,前面昨天确认一下这次只改这一部分就行,LLM_SYNTHETIC_SPOKEN_BASE,SYNTHETIC_TEXT
m3sbv1_016736,这两天我觉得看看有没有更早一点的时间行不行,LLM_SYNTHETIC_SPOKEN_BASE,SYNTHETIC_TEXT
m3sbv1_016737,你看起来帮我看看这个菜里面有没有辣椒，免得后面又要重新弄,LLM_SYNTHETIC_SPOKEN_BASE,SYNTHETIC_TEXT
m3sbv1_016738,晚一点先别急，确认一下这次只改这一部分再继续,LLM_SYNTHETIC_SPOKEN_BASE,SYNTHETIC_TEXT
m3sbv1_016739,好像帮我看看这个零件是不是松了，你这边好安排,LLM_SYNTHETIC_SPOKEN_BASE,SYNTHETIC_TEXT
m3sbv1_016740,家里明天确认一下这份文件是不是最终版我怕等会儿忘了,LLM_SYNTHETIC_SPOKEN_BASE,SYNTHETIC_TEXT
m3sbv1_016741,刚才确认一下退房时间是几点，我确认完再跟你说,LLM_SYNTHETIC_SPOKEN_BASE,SYNTHETIC_TEXT
m3sbv1_016742,早一点应该先等等我马上就过来我想先确认清楚,LLM_SYNTHETIC_SPOKEN_BASE,SYNTHETIC_TEXT
m3sbv1_016743,我确认一下确认一下这个功能是不是已经关掉了，我刚才没听太清楚,LLM_SYNTHETIC_SPOKEN_BASE,SYNTHETIC_TEXT
m3sbv1_016744,你先把最新版本发给我看一下我怕等会儿忘了,LLM_SYNTHETIC_SPOKEN_BASE,SYNTHETIC_TEXT
m3sbv1_016745,等一下试一下重新打开能不能用，我确认完再跟你说,LLM_SYNTHETIC_SPOKEN_BASE,SYNTHETIC_TEXT
m3sbv1_016746,这两天先别急，看看油还够不够再继续,LLM_SYNTHETIC_SPOKEN_BASE,SYNTHETIC_TEXT
m3sbv1_016747,应该看看这个杯子是不是我的，他这边好安排,LLM_SYNTHETIC_SPOKEN_BASE,SYNTHETIC_TEXT
m3sbv1_016748,我们看起来把这个问题先记到清单里，免得后面又要重新弄,LLM_SYNTHETIC_SPOKEN_BASE,SYNTHETIC_TEXT
m3sbv1_016749,感觉帮我看看日志里有没有异常，你这边好安排,LLM_SYNTHETIC_SPOKEN_BASE,SYNTHETIC_TEXT
m3sbv1_016750,现在看看油还够不够，我确认完再跟你说,LLM_SYNTHETIC_SPOKEN_BASE,SYNTHETIC_TEXT
m3sbv1_016751,我晚一点别着急我们按顺序来吧,LLM_SYNTHETIC_SPOKEN_BASE,SYNTHETIC_TEXT
m3sbv1_016752,我确认一下看看有没有不用排队的办法，我刚才没听太清楚,LLM_SYNTHETIC_SPOKEN_BASE,SYNTHETIC_TEXT
m3sbv1_016753,家里我听说帮我查一下刚才是哪一步失败了，免得后面又要重新弄,LLM_SYNTHETIC_SPOKEN_BASE,SYNTHETIC_TEXT
m3sbv1_016754,明天先把现在的结果保存下来，我确认完再跟你说,LLM_SYNTHETIC_SPOKEN_BASE,SYNTHETIC_TEXT
m3sbv1_016755,一会儿应该把这个问题先记到清单里别弄错了,LLM_SYNTHETIC_SPOKEN_BASE,SYNTHETIC_TEXT
m3sbv1_016756,我听说看看是不是配置没有生效，我刚才没听太清楚,LLM_SYNTHETIC_SPOKEN_BASE,SYNTHETIC_TEXT
m3sbv1_016757,店里好像告诉我大概还要多久，免得后面又要重新弄,LLM_SYNTHETIC_SPOKEN_BASE,SYNTHETIC_TEXT
m3sbv1_016758,他们这边没别的要求，把门先关一下有点冷就可以,LLM_SYNTHETIC_SPOKEN_BASE,SYNTHETIC_TEXT
m3sbv1_016759,麻烦你看看有没有影响到别的模块，我这边好安排,LLM_SYNTHETIC_SPOKEN_BASE,SYNTHETIC_TEXT
m3sbv1_016760,等一下看看导航是不是带错路了，我确认完再跟你说,LLM_SYNTHETIC_SPOKEN_BASE,SYNTHETIC_TEXT
m3sbv1_016761,之前我记得看看是不是配置没有生效吧,LLM_SYNTHETIC_SPOKEN_BASE,SYNTHETIC_TEXT
m3sbv1_016762,今天我记得确认一下退房时间是几点,LLM_SYNTHETIC_SPOKEN_BASE,SYNTHETIC_TEXT
m3sbv1_016763,今天我觉得帮我拿一下旁边那个袋子别弄错了,LLM_SYNTHETIC_SPOKEN_BASE,SYNTHETIC_TEXT
m3sbv1_016764,家里好像把这个问题先记到清单里，免得后面又要重新弄,LLM_SYNTHETIC_SPOKEN_BASE,SYNTHETIC_TEXT
m3sbv1_016765,那边明天确认一下这个功能是不是已经关掉了,LLM_SYNTHETIC_SPOKEN_BASE,SYNTHETIC_TEXT
m3sbv1_016766,感觉别着急我们按顺序来，店里这边好安排,LLM_SYNTHETIC_SPOKEN_BASE,SYNTHETIC_TEXT
m3sbv1_016767,我估计问一下他们什么时候能到，我这边好安排,LLM_SYNTHETIC_SPOKEN_BASE,SYNTHETIC_TEXT
m3sbv1_016768,前面这两天确认一下是不是同一个订单吧,LLM_SYNTHETIC_SPOKEN_BASE,SYNTHETIC_TEXT
m3sbv1_016769,看起来看看是不是还少了什么，后面这边好安排,LLM_SYNTHETIC_SPOKEN_BASE,SYNTHETIC_TEXT
m3sbv1_016770,这边感觉帮我确认一下房间准备好了没有，免得后面又要重新弄,LLM_SYNTHETIC_SPOKEN_BASE,SYNTHETIC_TEXT
m3sbv1_016771,这边最近看看有没有不用排队的办法就行,LLM_SYNTHETIC_SPOKEN_BASE,SYNTHETIC_TEXT
m3sbv1_016772,她看起来确认一下停车要不要付费，免得后面又要重新弄,LLM_SYNTHETIC_SPOKEN_BASE,SYNTHETIC_TEXT
m3sbv1_016773,晚一点我听说看看有没有更早一点的时间行不行,LLM_SYNTHETIC_SPOKEN_BASE,SYNTHETIC_TEXT
m3sbv1_016774,最近先别急，确认一下要不要提前预约再继续,LLM_SYNTHETIC_SPOKEN_BASE,SYNTHETIC_TEXT
m3sbv1_016775,把这个先留着别动以后跟我说一声就行,LLM_SYNTHETIC_SPOKEN_BASE,SYNTHETIC_TEXT
m3sbv1_016776,那边这边没别的要求，看看是不是配置没有生效就可以,LLM_SYNTHETIC_SPOKEN_BASE,SYNTHETIC_TEXT
m3sbv1_016777,等一下可能帮我听一下这个声音正不正常然后告诉我,LLM_SYNTHETIC_SPOKEN_BASE,SYNTHETIC_TEXT
m3sbv1_016778,看起来帮我看看这个零件是不是松了，我刚才没听太清楚,LLM_SYNTHETIC_SPOKEN_BASE,SYNTHETIC_TEXT
m3sbv1_016779,我们这边没别的要求，帮我看看行李放在哪里就可以,LLM_SYNTHETIC_SPOKEN_BASE,SYNTHETIC_TEXT
m3sbv1_016780,应该确认一下服务有没有启动，我这边好安排,LLM_SYNTHETIC_SPOKEN_BASE,SYNTHETIC_TEXT
m3sbv1_016781,这边这边没别的要求，确认一下这份文件是不是最终版就可以,LLM_SYNTHETIC_SPOKEN_BASE,SYNTHETIC_TEXT
m3sbv1_016782,要是方便的话问一下回来的车几点出发，不用特意等我,LLM_SYNTHETIC_SPOKEN_BASE,SYNTHETIC_TEXT
m3sbv1_016783,看起来再检查一遍有没有问题，你这边好安排,LLM_SYNTHETIC_SPOKEN_BASE,SYNTHETIC_TEXT
m3sbv1_016784,早一点我觉得帮我看看日志里有没有异常就行,LLM_SYNTHETIC_SPOKEN_BASE,SYNTHETIC_TEXT
m3sbv1_016785,现场今天帮我换一个安静一点的位置我怕等会儿忘了,LLM_SYNTHETIC_SPOKEN_BASE,SYNTHETIC_TEXT
m3sbv1_016786,一会儿先别急，确认一下是不是已经下单了再继续,LLM_SYNTHETIC_SPOKEN_BASE,SYNTHETIC_TEXT
m3sbv1_016787,我觉得帮我把重复的内容删掉，现场这边好安排,LLM_SYNTHETIC_SPOKEN_BASE,SYNTHETIC_TEXT
m3sbv1_016788,这边一会儿帮我看看这个零件是不是松了我想先确认清楚,LLM_SYNTHETIC_SPOKEN_BASE,SYNTHETIC_TEXT
m3sbv1_016789,他我确认一下看看是不是还少了什么，免得后面又要重新弄,LLM_SYNTHETIC_SPOKEN_BASE,SYNTHETIC_TEXT
m3sbv1_016790,现在可能把位置发给我我自己过去,LLM_SYNTHETIC_SPOKEN_BASE,SYNTHETIC_TEXT
m3sbv1_016791,公司今天帮我确认一下字段有没有变,LLM_SYNTHETIC_SPOKEN_BASE,SYNTHETIC_TEXT
m3sbv1_016792,你感觉确认一下这份文件是不是最终版，免得后面又要重新弄,LLM_SYNTHETIC_SPOKEN_BASE,SYNTHETIC_TEXT
m3sbv1_016793,我记得问一下能不能晚一点回来，我这边好安排,LLM_SYNTHETIC_SPOKEN_BASE,SYNTHETIC_TEXT
m3sbv1_016794,我听说帮我把需要验证的地方列出来，我刚才没听太清楚,LLM_SYNTHETIC_SPOKEN_BASE,SYNTHETIC_TEXT
m3sbv1_016795,昨天好像帮我找一下充电线放哪了我有点不确定,LLM_SYNTHETIC_SPOKEN_BASE,SYNTHETIC_TEXT
m3sbv1_016796,等一下我觉得看看这个东西应该放哪里是不是,LLM_SYNTHETIC_SPOKEN_BASE,SYNTHETIC_TEXT
m3sbv1_016797,那边一会儿帮我听一下这个声音正不正常是不是,LLM_SYNTHETIC_SPOKEN_BASE,SYNTHETIC_TEXT
m3sbv1_016798,可能先等等我马上就过来，这边这边好安排,LLM_SYNTHETIC_SPOKEN_BASE,SYNTHETIC_TEXT
m3sbv1_016799,看起来帮我问一下现在还能不能改，我这边好安排,LLM_SYNTHETIC_SPOKEN_BASE,SYNTHETIC_TEXT
m3sbv1_016800,最近好像把这个先放到后面处理别弄错了,LLM_SYNTHETIC_SPOKEN_BASE,SYNTHETIC_TEXT
m3sbv1_016801,晚一点先别急，看看空调能不能调高一点再继续,LLM_SYNTHETIC_SPOKEN_BASE,SYNTHETIC_TEXT
m3sbv1_016802,应该帮我查一下刚才是哪一步失败了，我们这边好安排,LLM_SYNTHETIC_SPOKEN_BASE,SYNTHETIC_TEXT
m3sbv1_016803,应该试一下重新打开能不能用，公司这边好安排,LLM_SYNTHETIC_SPOKEN_BASE,SYNTHETIC_TEXT
m3sbv1_016804,她一会儿看看还有没有漏掉的步骤别弄错了,LLM_SYNTHETIC_SPOKEN_BASE,SYNTHETIC_TEXT
m3sbv1_016805,今天我听说帮我问一下现在还能不能改行不行,LLM_SYNTHETIC_SPOKEN_BASE,SYNTHETIC_TEXT
m3sbv1_016806,你们麻烦你看看钥匙是不是还在车里，免得后面又要重新弄,LLM_SYNTHETIC_SPOKEN_BASE,SYNTHETIC_TEXT
m3sbv1_016807,我一会儿先别取消我再确认一下然后告诉我,LLM_SYNTHETIC_SPOKEN_BASE,SYNTHETIC_TEXT
m3sbv1_016808,他们我觉得确认一下这份文件是不是最终版，免得后面又要重新弄,LLM_SYNTHETIC_SPOKEN_BASE,SYNTHETIC_TEXT
m3sbv1_016809,等一下看看这个结果和昨天是不是一样，我确认完再跟你说,LLM_SYNTHETIC_SPOKEN_BASE,SYNTHETIC_TEXT
m3sbv1_016810,可能把位置发给我我自己过去，我刚才没听太清楚,LLM_SYNTHETIC_SPOKEN_BASE,SYNTHETIC_TEXT
m3sbv1_016811,现场好像确认一下会议是不是改到下午了，免得后面又要重新弄,LLM_SYNTHETIC_SPOKEN_BASE,SYNTHETIC_TEXT
m3sbv1_016812,我们昨天看看是不是选错选项了,LLM_SYNTHETIC_SPOKEN_BASE,SYNTHETIC_TEXT
m3sbv1_016813,你们这边没别的要求，帮我拿一下旁边那个袋子就可以,LLM_SYNTHETIC_SPOKEN_BASE,SYNTHETIC_TEXT
m3sbv1_016814,我刚才看看导航是不是带错路了吧,LLM_SYNTHETIC_SPOKEN_BASE,SYNTHETIC_TEXT
m3sbv1_016815,家里应该帮我把重复的内容删掉，免得后面又要重新弄,LLM_SYNTHETIC_SPOKEN_BASE,SYNTHETIC_TEXT
m3sbv1_016816,先看看是不是还少了什么，我确认完再跟你说,LLM_SYNTHETIC_SPOKEN_BASE,SYNTHETIC_TEXT
m3sbv1_016817,这边现在帮我看看这个零件是不是松了我怕等会儿忘了,LLM_SYNTHETIC_SPOKEN_BASE,SYNTHETIC_TEXT
m3sbv1_016818,店里我估计看看是不是选错选项了，免得后面又要重新弄,LLM_SYNTHETIC_SPOKEN_BASE,SYNTHETIC_TEXT
m3sbv1_016819,我记得确认一下车是不是停在外面，后面这边好安排,LLM_SYNTHETIC_SPOKEN_BASE,SYNTHETIC_TEXT
m3sbv1_016820,之前感觉看看钥匙是不是还在车里行不行,LLM_SYNTHETIC_SPOKEN_BASE,SYNTHETIC_TEXT
m3sbv1_016821,一会儿我想问一下看看有没有不用排队的办法我想先确认清楚,LLM_SYNTHETIC_SPOKEN_BASE,SYNTHETIC_TEXT
m3sbv1_016822,我可能问一下还能不能加一个人，免得后面又要重新弄,LLM_SYNTHETIC_SPOKEN_BASE,SYNTHETIC_TEXT
m3sbv1_016823,感觉确认一下今天是不是正常营业，我刚才没听太清楚,LLM_SYNTHETIC_SPOKEN_BASE,SYNTHETIC_TEXT
m3sbv1_016824,看起来帮我确认一下下一站在哪里，那边这边好安排,LLM_SYNTHETIC_SPOKEN_BASE,SYNTHETIC_TEXT
m3sbv1_016825,你们可能确认一下入口是不是在这边，免得后面又要重新弄,LLM_SYNTHETIC_SPOKEN_BASE,SYNTHETIC_TEXT
m3sbv1_016826,今天应该确认一下入口是不是在这边我有点不确定,LLM_SYNTHETIC_SPOKEN_BASE,SYNTHETIC_TEXT
m3sbv1_016827,她我确认一下确认一下退房时间是几点，免得后面又要重新弄,LLM_SYNTHETIC_SPOKEN_BASE,SYNTHETIC_TEXT
m3sbv1_016828,我们现在确认一下这个功能是不是已经关掉了我怕等会儿忘了,LLM_SYNTHETIC_SPOKEN_BASE,SYNTHETIC_TEXT
m3sbv1_016829,明天应该帮我换一个安静一点的位置我怕等会儿忘了,LLM_SYNTHETIC_SPOKEN_BASE,SYNTHETIC_TEXT
m3sbv1_016830,今天我觉得帮我确认一下字段有没有变就行,LLM_SYNTHETIC_SPOKEN_BASE,SYNTHETIC_TEXT
m3sbv1_016831,明天我觉得看看前面能不能掉头我想先确认清楚,LLM_SYNTHETIC_SPOKEN_BASE,SYNTHETIC_TEXT
m3sbv1_016832,他们现在帮我把水再加一点行不行,LLM_SYNTHETIC_SPOKEN_BASE,SYNTHETIC_TEXT
m3sbv1_016833,我想问一下帮我确认一下字段有没有变，这边这边好安排,LLM_SYNTHETIC_SPOKEN_BASE,SYNTHETIC_TEXT
m3sbv1_016834,感觉帮我问一下现在还能不能改，这边这边好安排,LLM_SYNTHETIC_SPOKEN_BASE,SYNTHETIC_TEXT
m3sbv1_016835,后面明天帮我把重复的内容删掉是不是,LLM_SYNTHETIC_SPOKEN_BASE,SYNTHETIC_TEXT
m3sbv1_016836,我听说帮我拿一下旁边那个袋子，那边这边好安排,LLM_SYNTHETIC_SPOKEN_BASE,SYNTHETIC_TEXT
m3sbv1_016837,我早一点别着急我们按顺序来吧,LLM_SYNTHETIC_SPOKEN_BASE,SYNTHETIC_TEXT
m3sbv1_016838,我确认一下先别取消我再确认一下，我们这边好安排,LLM_SYNTHETIC_SPOKEN_BASE,SYNTHETIC_TEXT
m3sbv1_016839,那边等一下看看能不能把时间往后挪一点我有点不确定,LLM_SYNTHETIC_SPOKEN_BASE,SYNTHETIC_TEXT
m3sbv1_016840,我现在帮我把水再加一点别弄错了,LLM_SYNTHETIC_SPOKEN_BASE,SYNTHETIC_TEXT
m3sbv1_016841,她这边没别的要求，问一下回来的车几点出发就可以,LLM_SYNTHETIC_SPOKEN_BASE,SYNTHETIC_TEXT
m3sbv1_016842,他们晚一点确认一下车是不是停在外面,LLM_SYNTHETIC_SPOKEN_BASE,SYNTHETIC_TEXT
m3sbv1_016843,公司一会儿看看这个价格有没有包含费用,LLM_SYNTHETIC_SPOKEN_BASE,SYNTHETIC_TEXT
m3sbv1_016844,明天先别急，确认一下测试结果有没有更新再继续,LLM_SYNTHETIC_SPOKEN_BASE,SYNTHETIC_TEXT
m3sbv1_016845,他我想问一下确认一下这个功能是不是已经关掉了，免得后面又要重新弄,LLM_SYNTHETIC_SPOKEN_BASE,SYNTHETIC_TEXT
m3sbv1_016846,等一下先别急，看看有没有更早一点的时间再继续,LLM_SYNTHETIC_SPOKEN_BASE,SYNTHETIC_TEXT
m3sbv1_016847,她好像告诉我大概还要多久，免得后面又要重新弄,LLM_SYNTHETIC_SPOKEN_BASE,SYNTHETIC_TEXT
m3sbv1_016848,公司我听说帮我问一下现在还能不能改，免得后面又要重新弄,LLM_SYNTHETIC_SPOKEN_BASE,SYNTHETIC_TEXT
m3sbv1_016849,前面这边没别的要求，把刚才那条消息再发我一次就可以,LLM_SYNTHETIC_SPOKEN_BASE,SYNTHETIC_TEXT
m3sbv1_016850,现在先别急，确认一下这次只改这一部分再继续,LLM_SYNTHETIC_SPOKEN_BASE,SYNTHETIC_TEXT
m3sbv1_016851,她今天确认一下今天是不是正常营业我有点不确定,LLM_SYNTHETIC_SPOKEN_BASE,SYNTHETIC_TEXT
m3sbv1_016852,晚一点看看前面是不是要左转，我确认完再跟你说,LLM_SYNTHETIC_SPOKEN_BASE,SYNTHETIC_TEXT
m3sbv1_016853,现在麻烦你看看空调能不能调高一点别弄错了,LLM_SYNTHETIC_SPOKEN_BASE,SYNTHETIC_TEXT
m3sbv1_016854,店里之前把这个先留着别动吧,LLM_SYNTHETIC_SPOKEN_BASE,SYNTHETIC_TEXT
m3sbv1_016855,感觉帮我确认一下房间准备好了没有，你这边好安排,LLM_SYNTHETIC_SPOKEN_BASE,SYNTHETIC_TEXT
m3sbv1_016856,我记得把这个问题先记到清单里，店里这边好安排,LLM_SYNTHETIC_SPOKEN_BASE,SYNTHETIC_TEXT
m3sbv1_016857,到时候好像看看油还够不够是不是,LLM_SYNTHETIC_SPOKEN_BASE,SYNTHETIC_TEXT
m3sbv1_016858,明天先别急，帮我问一下还有没有空位再继续,LLM_SYNTHETIC_SPOKEN_BASE,SYNTHETIC_TEXT
m3sbv1_016859,后面昨天问一下他们什么时候能到是不是,LLM_SYNTHETIC_SPOKEN_BASE,SYNTHETIC_TEXT
m3sbv1_016860,昨天我听说问一下早餐几点开始吧,LLM_SYNTHETIC_SPOKEN_BASE,SYNTHETIC_TEXT
m3sbv1_016861,早一点我想问一下看看数据是不是重复了我想先确认清楚,LLM_SYNTHETIC_SPOKEN_BASE,SYNTHETIC_TEXT
m3sbv1_016862,我看起来确认一下车是不是停在外面，免得后面又要重新弄,LLM_SYNTHETIC_SPOKEN_BASE,SYNTHETIC_TEXT
m3sbv1_016863,我听说看看有没有不用排队的办法，他们这边好安排,LLM_SYNTHETIC_SPOKEN_BASE,SYNTHETIC_TEXT
m3sbv1_016864,可能看看是不是还少了什么，你们这边好安排,LLM_SYNTHETIC_SPOKEN_BASE,SYNTHETIC_TEXT
m3sbv1_016865,早一点我听说看看是不是选错选项了我想先确认清楚,LLM_SYNTHETIC_SPOKEN_BASE,SYNTHETIC_TEXT
m3sbv1_016866,等一下我确认一下问一下早餐几点开始,LLM_SYNTHETIC_SPOKEN_BASE,SYNTHETIC_TEXT
m3sbv1_016867,看起来看看能不能把时间往后挪一点，我刚才没听太清楚,LLM_SYNTHETIC_SPOKEN_BASE,SYNTHETIC_TEXT
m3sbv1_016868,感觉先别取消我再确认一下，家里这边好安排,LLM_SYNTHETIC_SPOKEN_BASE,SYNTHETIC_TEXT
m3sbv1_016869,最近应该看看能不能多拿一条毛巾我再决定,LLM_SYNTHETIC_SPOKEN_BASE,SYNTHETIC_TEXT
m3sbv1_016870,前面这边没别的要求，再检查一遍有没有问题就可以,LLM_SYNTHETIC_SPOKEN_BASE,SYNTHETIC_TEXT
m3sbv1_016871,好像看看能不能换成小份，这边这边好安排,LLM_SYNTHETIC_SPOKEN_BASE,SYNTHETIC_TEXT
m3sbv1_016872,之前先别急，帮我确认一下字段有没有变再继续,LLM_SYNTHETIC_SPOKEN_BASE,SYNTHETIC_TEXT
m3sbv1_016873,现场我想问一下问一下早餐几点开始，免得后面又要重新弄,LLM_SYNTHETIC_SPOKEN_BASE,SYNTHETIC_TEXT
m3sbv1_016874,等一下看起来别着急我们按顺序来我怕等会儿忘了,LLM_SYNTHETIC_SPOKEN_BASE,SYNTHETIC_TEXT
m3sbv1_016875,麻烦你确认一下是不是从这里集合，我刚才没听太清楚,LLM_SYNTHETIC_SPOKEN_BASE,SYNTHETIC_TEXT
m3sbv1_016876,家里到时候看看能不能换成小份吧,LLM_SYNTHETIC_SPOKEN_BASE,SYNTHETIC_TEXT
m3sbv1_016877,刚才我觉得帮我确认一下下一站在哪里可以吗,LLM_SYNTHETIC_SPOKEN_BASE,SYNTHETIC_TEXT
m3sbv1_016878,你们可能看看前面是不是要左转，免得后面又要重新弄,LLM_SYNTHETIC_SPOKEN_BASE,SYNTHETIC_TEXT
m3sbv1_016879,他们我想问一下把位置发给我我自己过去，免得后面又要重新弄,LLM_SYNTHETIC_SPOKEN_BASE,SYNTHETIC_TEXT
m3sbv1_016880,这边这两天看看能不能把时间往后挪一点然后告诉我,LLM_SYNTHETIC_SPOKEN_BASE,SYNTHETIC_TEXT
m3sbv1_016881,我想问一下把声音稍微调小一点，现场这边好安排,LLM_SYNTHETIC_SPOKEN_BASE,SYNTHETIC_TEXT
m3sbv1_016882,好像问一下回来的车几点出发，我刚才没听太清楚,LLM_SYNTHETIC_SPOKEN_BASE,SYNTHETIC_TEXT
m3sbv1_016883,我估计看看能不能把时间往后挪一点，你这边好安排,LLM_SYNTHETIC_SPOKEN_BASE,SYNTHETIC_TEXT
m3sbv1_016884,现在看看这个结果和昨天是不是一样，我确认完再跟你说,LLM_SYNTHETIC_SPOKEN_BASE,SYNTHETIC_TEXT
m3sbv1_016885,要是方便的话帮我确认一下下一站在哪里，不用特意等我,LLM_SYNTHETIC_SPOKEN_BASE,SYNTHETIC_TEXT
m3sbv1_016886,应该看看这个版本是不是最新的，我刚才没听太清楚,LLM_SYNTHETIC_SPOKEN_BASE,SYNTHETIC_TEXT
m3sbv1_016887,昨天帮我看看这个菜里面有没有辣椒，我确认完再跟你说,LLM_SYNTHETIC_SPOKEN_BASE,SYNTHETIC_TEXT
m3sbv1_016888,今天我想问一下看看是不是选错选项了行不行,LLM_SYNTHETIC_SPOKEN_BASE,SYNTHETIC_TEXT
m3sbv1_016889,现场我想问一下确认一下名字有没有写错，免得后面又要重新弄,LLM_SYNTHETIC_SPOKEN_BASE,SYNTHETIC_TEXT
m3sbv1_016890,我想问一下确认一下名字有没有写错，现场这边好安排,LLM_SYNTHETIC_SPOKEN_BASE,SYNTHETIC_TEXT
m3sbv1_016891,这两天可能把最新版本发给我看一下可以吗,LLM_SYNTHETIC_SPOKEN_BASE,SYNTHETIC_TEXT
m3sbv1_016892,公司好像确认一下这份文件是不是最终版，免得后面又要重新弄,LLM_SYNTHETIC_SPOKEN_BASE,SYNTHETIC_TEXT
m3sbv1_016893,家里这边没别的要求，确认一下灯是不是都关了就可以,LLM_SYNTHETIC_SPOKEN_BASE,SYNTHETIC_TEXT
m3sbv1_016894,现场好像把最新版本发给我看一下，免得后面又要重新弄,LLM_SYNTHETIC_SPOKEN_BASE,SYNTHETIC_TEXT
m3sbv1_016895,之前先别急，先把旧的那套逻辑放一边再继续,LLM_SYNTHETIC_SPOKEN_BASE,SYNTHETIC_TEXT
m3sbv1_016896,晚一点先别急，看看是不是网络又断了再继续,LLM_SYNTHETIC_SPOKEN_BASE,SYNTHETIC_TEXT
m3sbv1_016897,现在我觉得确认一下这次只改这一部分别弄错了,LLM_SYNTHETIC_SPOKEN_BASE,SYNTHETIC_TEXT
m3sbv1_016898,可能帮我找一下刚才那个页面，我刚才没听太清楚,LLM_SYNTHETIC_SPOKEN_BASE,SYNTHETIC_TEXT
m3sbv1_016899,公司等一下把位置发给我我自己过去我有点不确定,LLM_SYNTHETIC_SPOKEN_BASE,SYNTHETIC_TEXT
m3sbv1_016900,感觉确认一下时间有没有改，她这边好安排,LLM_SYNTHETIC_SPOKEN_BASE,SYNTHETIC_TEXT
m3sbv1_016901,明天我记得看看这个结果和昨天是不是一样我再决定,LLM_SYNTHETIC_SPOKEN_BASE,SYNTHETIC_TEXT
m3sbv1_016902,刚才看起来确认一下是不是已经付过了吧,LLM_SYNTHETIC_SPOKEN_BASE,SYNTHETIC_TEXT
m3sbv1_016903,你们我估计问一下能不能晚一点回来，免得后面又要重新弄,LLM_SYNTHETIC_SPOKEN_BASE,SYNTHETIC_TEXT
m3sbv1_016904,那边之前确认一下名字有没有写错然后告诉我,LLM_SYNTHETIC_SPOKEN_BASE,SYNTHETIC_TEXT
m3sbv1_016905,他这边没别的要求，帮我把水再加一点就可以,LLM_SYNTHETIC_SPOKEN_BASE,SYNTHETIC_TEXT
m3sbv1_016906,到时候帮我问一下现在还能不能改，我确认完再跟你说,LLM_SYNTHETIC_SPOKEN_BASE,SYNTHETIC_TEXT
m3sbv1_016907,今天好像确认一下是不是从这里集合别弄错了,LLM_SYNTHETIC_SPOKEN_BASE,SYNTHETIC_TEXT
m3sbv1_016908,我记得看看有没有更早一点的时间，家里这边好安排,LLM_SYNTHETIC_SPOKEN_BASE,SYNTHETIC_TEXT
m3sbv1_016909,家里今天确认一下这次只改这一部分我怕等会儿忘了,LLM_SYNTHETIC_SPOKEN_BASE,SYNTHETIC_TEXT
m3sbv1_016910,我估计帮我听一下这个声音正不正常，我刚才没听太清楚,LLM_SYNTHETIC_SPOKEN_BASE,SYNTHETIC_TEXT
m3sbv1_016911,公司晚一点看看油还够不够别弄错了,LLM_SYNTHETIC_SPOKEN_BASE,SYNTHETIC_TEXT
m3sbv1_016912,一会儿先别急，确认一下是不是已经付过了再继续,LLM_SYNTHETIC_SPOKEN_BASE,SYNTHETIC_TEXT
m3sbv1_016913,后面我想问一下看看能不能多拿一条毛巾，免得后面又要重新弄,LLM_SYNTHETIC_SPOKEN_BASE,SYNTHETIC_TEXT
m3sbv1_016914,前面这两天确认一下服务有没有启动行不行,LLM_SYNTHETIC_SPOKEN_BASE,SYNTHETIC_TEXT
m3sbv1_016915,店里现在先把这个问题单独记录下来行不行,LLM_SYNTHETIC_SPOKEN_BASE,SYNTHETIC_TEXT
m3sbv1_016916,现在我确认一下确认一下服务有没有启动我怕等会儿忘了,LLM_SYNTHETIC_SPOKEN_BASE,SYNTHETIC_TEXT
m3sbv1_016917,我们刚才确认一下今天是不是正常营业,LLM_SYNTHETIC_SPOKEN_BASE,SYNTHETIC_TEXT
m3sbv1_016918,你们我听说先把这个问题单独记录下来，免得后面又要重新弄,LLM_SYNTHETIC_SPOKEN_BASE,SYNTHETIC_TEXT
m3sbv1_016919,他们应该看看是不是配置没有生效，免得后面又要重新弄,LLM_SYNTHETIC_SPOKEN_BASE,SYNTHETIC_TEXT
m3sbv1_016920,前面这边没别的要求，帮我确认一下房间准备好了没有就可以,LLM_SYNTHETIC_SPOKEN_BASE,SYNTHETIC_TEXT
m3sbv1_016921,这两天看看是不是网络又断了，我确认完再跟你说,LLM_SYNTHETIC_SPOKEN_BASE,SYNTHETIC_TEXT
m3sbv1_016922,明天看起来帮我确认一下字段有没有变然后告诉我,LLM_SYNTHETIC_SPOKEN_BASE,SYNTHETIC_TEXT
m3sbv1_016923,现在感觉帮我听一下这个声音正不正常是不是,LLM_SYNTHETIC_SPOKEN_BASE,SYNTHETIC_TEXT
m3sbv1_016924,那边应该确认一下退房时间是几点，免得后面又要重新弄,LLM_SYNTHETIC_SPOKEN_BASE,SYNTHETIC_TEXT
m3sbv1_016925,我等一下试一下重新打开能不能用别弄错了,LLM_SYNTHETIC_SPOKEN_BASE,SYNTHETIC_TEXT
m3sbv1_016926,前面昨天看看谁还没有回复我想先确认清楚,LLM_SYNTHETIC_SPOKEN_BASE,SYNTHETIC_TEXT
m3sbv1_016927,后面等一下看看有没有不用排队的办法可以吗,LLM_SYNTHETIC_SPOKEN_BASE,SYNTHETIC_TEXT
m3sbv1_016928,感觉看看谁还没有回复，店里这边好安排,LLM_SYNTHETIC_SPOKEN_BASE,SYNTHETIC_TEXT
m3sbv1_016929,你之前看看这个版本是不是最新的,LLM_SYNTHETIC_SPOKEN_BASE,SYNTHETIC_TEXT
m3sbv1_016930,他们到时候确认一下今天是不是正常营业行不行,LLM_SYNTHETIC_SPOKEN_BASE,SYNTHETIC_TEXT
m3sbv1_016931,好像看看是不是还少了什么，我刚才没听太清楚,LLM_SYNTHETIC_SPOKEN_BASE,SYNTHETIC_TEXT
m3sbv1_016932,刚才感觉把这个问题先记到清单里别弄错了,LLM_SYNTHETIC_SPOKEN_BASE,SYNTHETIC_TEXT
m3sbv1_016933,他一会儿看一下这个是不是放错地方了我再决定,LLM_SYNTHETIC_SPOKEN_BASE,SYNTHETIC_TEXT
m3sbv1_016934,等一下我想问一下帮我确认一下房间准备好了没有是不是,LLM_SYNTHETIC_SPOKEN_BASE,SYNTHETIC_TEXT
m3sbv1_016935,昨天感觉确认一下测试结果有没有更新可以吗,LLM_SYNTHETIC_SPOKEN_BASE,SYNTHETIC_TEXT
m3sbv1_016936,我们明天确认一下是不是已经下单了可以吗,LLM_SYNTHETIC_SPOKEN_BASE,SYNTHETIC_TEXT
m3sbv1_016937,后面晚一点看看导航是不是带错路了吧,LLM_SYNTHETIC_SPOKEN_BASE,SYNTHETIC_TEXT
m3sbv1_016938,昨天麻烦你帮我拿一下旁边那个袋子行不行,LLM_SYNTHETIC_SPOKEN_BASE,SYNTHETIC_TEXT
m3sbv1_016939,之前看起来先把现在的结果保存下来行不行,LLM_SYNTHETIC_SPOKEN_BASE,SYNTHETIC_TEXT
m3sbv1_016940,感觉把最新版本发给我看一下，公司这边好安排,LLM_SYNTHETIC_SPOKEN_BASE,SYNTHETIC_TEXT
m3sbv1_016941,刚才我估计帮我把需要验证的地方列出来然后告诉我,LLM_SYNTHETIC_SPOKEN_BASE,SYNTHETIC_TEXT
m3sbv1_016942,一会儿感觉帮我看看日志里有没有异常我怕等会儿忘了,LLM_SYNTHETIC_SPOKEN_BASE,SYNTHETIC_TEXT
m3sbv1_016943,昨天应该帮我把重复的内容删掉是不是,LLM_SYNTHETIC_SPOKEN_BASE,SYNTHETIC_TEXT
m3sbv1_016944,今天麻烦你问一下他们什么时候能到我怕等会儿忘了,LLM_SYNTHETIC_SPOKEN_BASE,SYNTHETIC_TEXT
m3sbv1_016945,他们应该把地址再确认一下，免得后面又要重新弄,LLM_SYNTHETIC_SPOKEN_BASE,SYNTHETIC_TEXT
m3sbv1_016946,后面早一点看看谁还没有回复吧,LLM_SYNTHETIC_SPOKEN_BASE,SYNTHETIC_TEXT
m3sbv1_016947,早一点感觉帮我确认一下字段有没有变,LLM_SYNTHETIC_SPOKEN_BASE,SYNTHETIC_TEXT
m3sbv1_016948,后面看起来试一下重新打开能不能用，免得后面又要重新弄,LLM_SYNTHETIC_SPOKEN_BASE,SYNTHETIC_TEXT
m3sbv1_016949,我们应该帮我听一下这个声音正不正常，免得后面又要重新弄,LLM_SYNTHETIC_SPOKEN_BASE,SYNTHETIC_TEXT
m3sbv1_016950,我记得先把这一项记下来，他们这边好安排,LLM_SYNTHETIC_SPOKEN_BASE,SYNTHETIC_TEXT
m3sbv1_016951,先看看钥匙是不是还在车里，我确认完再跟你说,LLM_SYNTHETIC_SPOKEN_BASE,SYNTHETIC_TEXT
m3sbv1_016952,我们我估计把这个先放到后面处理，免得后面又要重新弄,LLM_SYNTHETIC_SPOKEN_BASE,SYNTHETIC_TEXT
m3sbv1_016953,我听说帮我确认一下下一站在哪里，我们这边好安排,LLM_SYNTHETIC_SPOKEN_BASE,SYNTHETIC_TEXT
m3sbv1_016954,明天看起来看看这个杯子是不是我的我想先确认清楚,LLM_SYNTHETIC_SPOKEN_BASE,SYNTHETIC_TEXT
m3sbv1_016955,麻烦你问一下这个能不能少放一点盐，店里这边好安排,LLM_SYNTHETIC_SPOKEN_BASE,SYNTHETIC_TEXT
m3sbv1_016956,可能到的时候给我发个消息，我这边好安排,LLM_SYNTHETIC_SPOKEN_BASE,SYNTHETIC_TEXT
m3sbv1_016957,昨天我听说帮我确认一下字段有没有变是不是,LLM_SYNTHETIC_SPOKEN_BASE,SYNTHETIC_TEXT
m3sbv1_016958,你们明天看看这个结果和昨天是不是一样行不行,LLM_SYNTHETIC_SPOKEN_BASE,SYNTHETIC_TEXT
m3sbv1_016959,一会儿看起来帮我看看这个零件是不是松了就行,LLM_SYNTHETIC_SPOKEN_BASE,SYNTHETIC_TEXT
m3sbv1_016960,我确认一下帮我问一下还有没有空位，后面这边好安排,LLM_SYNTHETIC_SPOKEN_BASE,SYNTHETIC_TEXT
m3sbv1_016961,后面等一下帮我确认一下下一站在哪里行不行,LLM_SYNTHETIC_SPOKEN_BASE,SYNTHETIC_TEXT
m3sbv1_016962,晚一点先别急，到的时候给我发个消息再继续,LLM_SYNTHETIC_SPOKEN_BASE,SYNTHETIC_TEXT
m3sbv1_016963,她现在帮我查一下刚才是哪一步失败了别弄错了,LLM_SYNTHETIC_SPOKEN_BASE,SYNTHETIC_TEXT
m3sbv1_016964,一会儿好像问一下回来的车几点出发,LLM_SYNTHETIC_SPOKEN_BASE,SYNTHETIC_TEXT
m3sbv1_016965,前面刚才看看谁还没有回复我想先确认清楚,LLM_SYNTHETIC_SPOKEN_BASE,SYNTHETIC_TEXT
m3sbv1_016966,后面昨天帮我问一下现在还能不能改吧,LLM_SYNTHETIC_SPOKEN_BASE,SYNTHETIC_TEXT
m3sbv1_016967,一会儿我听说帮我确认一下负责人是谁就行,LLM_SYNTHETIC_SPOKEN_BASE,SYNTHETIC_TEXT
m3sbv1_016968,这两天我记得确认一下测试结果有没有更新行不行,LLM_SYNTHETIC_SPOKEN_BASE,SYNTHETIC_TEXT
m3sbv1_016969,之前先别急，问一下还能不能加一个人再继续,LLM_SYNTHETIC_SPOKEN_BASE,SYNTHETIC_TEXT
m3sbv1_016970,到时候可能把最新版本发给我看一下我有点不确定,LLM_SYNTHETIC_SPOKEN_BASE,SYNTHETIC_TEXT
m3sbv1_016971,我听说把地址再确认一下，我刚才没听太清楚,LLM_SYNTHETIC_SPOKEN_BASE,SYNTHETIC_TEXT
m3sbv1_016972,感觉帮我确认一下负责人是谁，店里这边好安排,LLM_SYNTHETIC_SPOKEN_BASE,SYNTHETIC_TEXT
m3sbv1_016973,到时候先别急，看看是不是选错选项了再继续,LLM_SYNTHETIC_SPOKEN_BASE,SYNTHETIC_TEXT
m3sbv1_016974,先麻烦你确认一下退房时间是几点我有点不确定,LLM_SYNTHETIC_SPOKEN_BASE,SYNTHETIC_TEXT
m3sbv1_016975,店里麻烦你帮我拿一下旁边那个袋子，免得后面又要重新弄,LLM_SYNTHETIC_SPOKEN_BASE,SYNTHETIC_TEXT
m3sbv1_016976,感觉帮我问一下还有没有空位，他们这边好安排,LLM_SYNTHETIC_SPOKEN_BASE,SYNTHETIC_TEXT
m3sbv1_016977,好像看看这个版本是不是最新的，我这边好安排,LLM_SYNTHETIC_SPOKEN_BASE,SYNTHETIC_TEXT
m3sbv1_016978,明天我觉得看看这个结果和昨天是不是一样我怕等会儿忘了,LLM_SYNTHETIC_SPOKEN_BASE,SYNTHETIC_TEXT
m3sbv1_016979,店里现在确认一下退房时间是几点我怕等会儿忘了,LLM_SYNTHETIC_SPOKEN_BASE,SYNTHETIC_TEXT
m3sbv1_016980,现场我想问一下帮我找一下充电线放哪了，免得后面又要重新弄,LLM_SYNTHETIC_SPOKEN_BASE,SYNTHETIC_TEXT
m3sbv1_016981,我确认一下帮我确认一下负责人是谁，我们这边好安排,LLM_SYNTHETIC_SPOKEN_BASE,SYNTHETIC_TEXT
m3sbv1_016982,应该看看导航是不是带错路了，我刚才没听太清楚,LLM_SYNTHETIC_SPOKEN_BASE,SYNTHETIC_TEXT
m3sbv1_016983,他们早一点帮我看看日志里有没有异常别弄错了,LLM_SYNTHETIC_SPOKEN_BASE,SYNTHETIC_TEXT
m3sbv1_016984,你昨天帮我听一下这个声音正不正常我有点不确定,LLM_SYNTHETIC_SPOKEN_BASE,SYNTHETIC_TEXT
m3sbv1_016985,这两天好像问一下能不能晚一点回来我再决定,LLM_SYNTHETIC_SPOKEN_BASE,SYNTHETIC_TEXT
m3sbv1_016986,昨天看起来看看有没有更早一点的时间,LLM_SYNTHETIC_SPOKEN_BASE,SYNTHETIC_TEXT
m3sbv1_016987,这两天先别急，确认一下这个功能是不是已经关掉了再继续,LLM_SYNTHETIC_SPOKEN_BASE,SYNTHETIC_TEXT
m3sbv1_016988,你看起来帮我看看行李放在哪里，免得后面又要重新弄,LLM_SYNTHETIC_SPOKEN_BASE,SYNTHETIC_TEXT
m3sbv1_016989,刚才应该帮我看看这个菜里面有没有辣椒别弄错了,LLM_SYNTHETIC_SPOKEN_BASE,SYNTHETIC_TEXT
m3sbv1_016990,昨天帮我看看这个号码对不对，我确认完再跟你说,LLM_SYNTHETIC_SPOKEN_BASE,SYNTHETIC_TEXT
m3sbv1_016991,我觉得把地址再确认一下，他们这边好安排,LLM_SYNTHETIC_SPOKEN_BASE,SYNTHETIC_TEXT
m3sbv1_016992,先先别急，帮我看看这个号码对不对再继续,LLM_SYNTHETIC_SPOKEN_BASE,SYNTHETIC_TEXT
m3sbv1_016993,昨天我听说先把这一项记下来可以吗,LLM_SYNTHETIC_SPOKEN_BASE,SYNTHETIC_TEXT
m3sbv1_016994,前面我想问一下确认一下是不是同一个订单，免得后面又要重新弄,LLM_SYNTHETIC_SPOKEN_BASE,SYNTHETIC_TEXT
m3sbv1_016995,店里之前帮我确认一下负责人是谁我怕等会儿忘了,LLM_SYNTHETIC_SPOKEN_BASE,SYNTHETIC_TEXT
m3sbv1_016996,你们这边没别的要求，先把这一项记下来就可以,LLM_SYNTHETIC_SPOKEN_BASE,SYNTHETIC_TEXT
m3sbv1_016997,店里昨天把这个先放到后面处理就行,LLM_SYNTHETIC_SPOKEN_BASE,SYNTHETIC_TEXT
m3sbv1_016998,她好像看看是不是还少了什么，免得后面又要重新弄,LLM_SYNTHETIC_SPOKEN_BASE,SYNTHETIC_TEXT
m3sbv1_016999,我估计看看这个杯子是不是我的，那边这边好安排,LLM_SYNTHETIC_SPOKEN_BASE,SYNTHETIC_TEXT
m3sbv1_017000,那边我记得帮我找一下刚才那个页面，免得后面又要重新弄,LLM_SYNTHETIC_SPOKEN_BASE,SYNTHETIC_TEXT
m3sbv1_017001,家里这边没别的要求，问一下早餐几点开始就可以,LLM_SYNTHETIC_SPOKEN_BASE,SYNTHETIC_TEXT
m3sbv1_017002,看起来看看这个接口是不是又报错了，我刚才没听太清楚,LLM_SYNTHETIC_SPOKEN_BASE,SYNTHETIC_TEXT
m3sbv1_017003,等一下我想问一下看看油还够不够,LLM_SYNTHETIC_SPOKEN_BASE,SYNTHETIC_TEXT
m3sbv1_017004,那边现在帮我确认一下房间准备好了没有就行,LLM_SYNTHETIC_SPOKEN_BASE,SYNTHETIC_TEXT
m3sbv1_017005,他我觉得问一下能不能晚一点回来，免得后面又要重新弄,LLM_SYNTHETIC_SPOKEN_BASE,SYNTHETIC_TEXT
m3sbv1_017006,后面我想问一下确认一下是不是已经付过了，免得后面又要重新弄,LLM_SYNTHETIC_SPOKEN_BASE,SYNTHETIC_TEXT
m3sbv1_017007,早一点好像看看有没有影响到别的模块然后告诉我,LLM_SYNTHETIC_SPOKEN_BASE,SYNTHETIC_TEXT
m3sbv1_017008,我想问一下问一下回来的车几点出发，我刚才没听太清楚,LLM_SYNTHETIC_SPOKEN_BASE,SYNTHETIC_TEXT
m3sbv1_017009,最近我确认一下看看是不是配置没有生效是不是,LLM_SYNTHETIC_SPOKEN_BASE,SYNTHETIC_TEXT
m3sbv1_017010,晚一点先别急，先把这一项记下来再继续,LLM_SYNTHETIC_SPOKEN_BASE,SYNTHETIC_TEXT
m3sbv1_017011,我想问一下帮我看看这个号码对不对，他这边好安排,LLM_SYNTHETIC_SPOKEN_BASE,SYNTHETIC_TEXT
m3sbv1_017012,昨天先别急，确认一下要不要提前预约再继续,LLM_SYNTHETIC_SPOKEN_BASE,SYNTHETIC_TEXT
m3sbv1_017013,晚一点我估计看看能不能多拿一条毛巾我再决定,LLM_SYNTHETIC_SPOKEN_BASE,SYNTHETIC_TEXT
m3sbv1_017014,店里早一点确认一下名字有没有写错别弄错了,LLM_SYNTHETIC_SPOKEN_BASE,SYNTHETIC_TEXT
m3sbv1_017015,早一点我确认一下确认一下今天是不是正常营业我有点不确定,LLM_SYNTHETIC_SPOKEN_BASE,SYNTHETIC_TEXT
m3sbv1_017016,应该帮我换一个安静一点的位置，后面这边好安排,LLM_SYNTHETIC_SPOKEN_BASE,SYNTHETIC_TEXT
m3sbv1_017017,应该帮我看看这个号码对不对，这边这边好安排,LLM_SYNTHETIC_SPOKEN_BASE,SYNTHETIC_TEXT
m3sbv1_017018,家里我估计问一下还能不能加一个人，免得后面又要重新弄,LLM_SYNTHETIC_SPOKEN_BASE,SYNTHETIC_TEXT
m3sbv1_017019,一会儿好像问一下还能不能加一个人我再决定,LLM_SYNTHETIC_SPOKEN_BASE,SYNTHETIC_TEXT
m3sbv1_017020,现场这边没别的要求，看看谁还没有回复就可以,LLM_SYNTHETIC_SPOKEN_BASE,SYNTHETIC_TEXT
m3sbv1_017021,我们这边没别的要求，看看是不是配置没有生效就可以,LLM_SYNTHETIC_SPOKEN_BASE,SYNTHETIC_TEXT
m3sbv1_017022,明天先别急，把这个问题先记到清单里再继续,LLM_SYNTHETIC_SPOKEN_BASE,SYNTHETIC_TEXT
m3sbv1_017023,现场现在先把现在的结果保存下来可以吗,LLM_SYNTHETIC_SPOKEN_BASE,SYNTHETIC_TEXT
m3sbv1_017024,她我估计确认一下灯是不是都关了，免得后面又要重新弄,LLM_SYNTHETIC_SPOKEN_BASE,SYNTHETIC_TEXT
m3sbv1_017025,现在麻烦你帮我把水再加一点别弄错了,LLM_SYNTHETIC_SPOKEN_BASE,SYNTHETIC_TEXT
m3sbv1_017026,公司晚一点确认一下是不是已经下单了然后告诉我,LLM_SYNTHETIC_SPOKEN_BASE,SYNTHETIC_TEXT
m3sbv1_017027,到时候我觉得看看是不是还少了什么我怕等会儿忘了,LLM_SYNTHETIC_SPOKEN_BASE,SYNTHETIC_TEXT
m3sbv1_017028,现在问一下他们什么时候能到，我确认完再跟你说,LLM_SYNTHETIC_SPOKEN_BASE,SYNTHETIC_TEXT
m3sbv1_017029,这两天可能看看谁还没有回复我怕等会儿忘了,LLM_SYNTHETIC_SPOKEN_BASE,SYNTHETIC_TEXT
m3sbv1_017030,我记得确认一下这次只改这一部分，你这边好安排,LLM_SYNTHETIC_SPOKEN_BASE,SYNTHETIC_TEXT
m3sbv1_017031,等一下帮我把重复的内容删掉，我确认完再跟你说,LLM_SYNTHETIC_SPOKEN_BASE,SYNTHETIC_TEXT
m3sbv1_017032,这边刚才确认一下服务有没有启动是不是,LLM_SYNTHETIC_SPOKEN_BASE,SYNTHETIC_TEXT
m3sbv1_017033,店里我想问一下确认一下时间有没有改，免得后面又要重新弄,LLM_SYNTHETIC_SPOKEN_BASE,SYNTHETIC_TEXT
m3sbv1_017034,这两天我估计问一下他们什么时候能到是不是,LLM_SYNTHETIC_SPOKEN_BASE,SYNTHETIC_TEXT
m3sbv1_017035,我觉得看看有没有影响到别的模块，我们这边好安排,LLM_SYNTHETIC_SPOKEN_BASE,SYNTHETIC_TEXT
m3sbv1_017036,现场看起来看看能不能多拿一条毛巾，免得后面又要重新弄,LLM_SYNTHETIC_SPOKEN_BASE,SYNTHETIC_TEXT
m3sbv1_017037,可能帮我问一下还有没有空位，现场这边好安排,LLM_SYNTHETIC_SPOKEN_BASE,SYNTHETIC_TEXT
m3sbv1_017038,他这边没别的要求，帮我确认一下字段有没有变就可以,LLM_SYNTHETIC_SPOKEN_BASE,SYNTHETIC_TEXT
m3sbv1_017039,店里看起来确认一下测试结果有没有更新，免得后面又要重新弄,LLM_SYNTHETIC_SPOKEN_BASE,SYNTHETIC_TEXT
m3sbv1_017040,她我觉得看看谁还没有回复，免得后面又要重新弄,LLM_SYNTHETIC_SPOKEN_BASE,SYNTHETIC_TEXT
m3sbv1_017041,感觉把声音稍微调小一点，我刚才没听太清楚,LLM_SYNTHETIC_SPOKEN_BASE,SYNTHETIC_TEXT
m3sbv1_017042,家里我确认一下帮我问一下现在还能不能改，免得后面又要重新弄,LLM_SYNTHETIC_SPOKEN_BASE,SYNTHETIC_TEXT
m3sbv1_017043,你可能看一下这个是不是放错地方了，免得后面又要重新弄,LLM_SYNTHETIC_SPOKEN_BASE,SYNTHETIC_TEXT
m3sbv1_017044,我觉得先把这一项记下来，我刚才没听太清楚,LLM_SYNTHETIC_SPOKEN_BASE,SYNTHETIC_TEXT
m3sbv1_017045,明天我确认一下确认一下是不是从这里集合吧,LLM_SYNTHETIC_SPOKEN_BASE,SYNTHETIC_TEXT
m3sbv1_017046,今天先别急，确认一下时间有没有改再继续,LLM_SYNTHETIC_SPOKEN_BASE,SYNTHETIC_TEXT
m3sbv1_017047,我这边没别的要求，确认一下退房时间是几点就可以,LLM_SYNTHETIC_SPOKEN_BASE,SYNTHETIC_TEXT
m3sbv1_017048,我们我想问一下确认一下测试结果有没有更新，免得后面又要重新弄,LLM_SYNTHETIC_SPOKEN_BASE,SYNTHETIC_TEXT
m3sbv1_017049,好像看看这个价格有没有包含费用，你们这边好安排,LLM_SYNTHETIC_SPOKEN_BASE,SYNTHETIC_TEXT
m3sbv1_017050,我这两天把地址再确认一下是不是,LLM_SYNTHETIC_SPOKEN_BASE,SYNTHETIC_TEXT
m3sbv1_017051,你们我记得看看有没有影响到别的模块，免得后面又要重新弄,LLM_SYNTHETIC_SPOKEN_BASE,SYNTHETIC_TEXT
m3sbv1_017052,应该帮我问一下现在还能不能改，店里这边好安排,LLM_SYNTHETIC_SPOKEN_BASE,SYNTHETIC_TEXT
m3sbv1_017053,后面现在帮我确认一下下一站在哪里是不是,LLM_SYNTHETIC_SPOKEN_BASE,SYNTHETIC_TEXT
m3sbv1_017054,你感觉确认一下是不是从这里集合，免得后面又要重新弄,LLM_SYNTHETIC_SPOKEN_BASE,SYNTHETIC_TEXT
m3sbv1_017055,我想问一下把门先关一下有点冷，你这边好安排,LLM_SYNTHETIC_SPOKEN_BASE,SYNTHETIC_TEXT
m3sbv1_017056,可能把这个先放到后面处理，店里这边好安排,LLM_SYNTHETIC_SPOKEN_BASE,SYNTHETIC_TEXT
m3sbv1_017057,店里早一点确认一下是不是从这里集合我再决定,LLM_SYNTHETIC_SPOKEN_BASE,SYNTHETIC_TEXT
m3sbv1_017058,我这边没别的要求，把最新版本发给我看一下就可以,LLM_SYNTHETIC_SPOKEN_BASE,SYNTHETIC_TEXT
m3sbv1_017059,早一点先别急，看看这个杯子是不是我的再继续,LLM_SYNTHETIC_SPOKEN_BASE,SYNTHETIC_TEXT
m3sbv1_017060,等一下先别急，问一下他们什么时候能到再继续,LLM_SYNTHETIC_SPOKEN_BASE,SYNTHETIC_TEXT
m3sbv1_017061,公司今天看看是不是还少了什么可以吗,LLM_SYNTHETIC_SPOKEN_BASE,SYNTHETIC_TEXT
m3sbv1_017062,昨天应该确认一下服务有没有启动然后告诉我,LLM_SYNTHETIC_SPOKEN_BASE,SYNTHETIC_TEXT
m3sbv1_017063,晚一点麻烦你确认一下要不要提前预约然后告诉我,LLM_SYNTHETIC_SPOKEN_BASE,SYNTHETIC_TEXT
m3sbv1_017064,前面这边没别的要求，看看这个杯子是不是我的就可以,LLM_SYNTHETIC_SPOKEN_BASE,SYNTHETIC_TEXT
m3sbv1_017065,我记得确认一下是不是从这里集合，我刚才没听太清楚,LLM_SYNTHETIC_SPOKEN_BASE,SYNTHETIC_TEXT
m3sbv1_017066,我这边没别的要求，看看这个接口是不是又报错了就可以,LLM_SYNTHETIC_SPOKEN_BASE,SYNTHETIC_TEXT
m3sbv1_017067,我确认一下告诉我大概还要多久，这边这边好安排,LLM_SYNTHETIC_SPOKEN_BASE,SYNTHETIC_TEXT
m3sbv1_017068,我觉得帮我查一下刚才是哪一步失败了，我刚才没听太清楚,LLM_SYNTHETIC_SPOKEN_BASE,SYNTHETIC_TEXT
m3sbv1_017069,应该确认一下要不要提前预约，那边这边好安排,LLM_SYNTHETIC_SPOKEN_BASE,SYNTHETIC_TEXT
m3sbv1_017070,你可能看看前面能不能掉头，免得后面又要重新弄,LLM_SYNTHETIC_SPOKEN_BASE,SYNTHETIC_TEXT
m3sbv1_017071,我听说看看这个接口是不是又报错了，我刚才没听太清楚,LLM_SYNTHETIC_SPOKEN_BASE,SYNTHETIC_TEXT
m3sbv1_017072,他们明天帮我看看这个菜里面有没有辣椒别弄错了,LLM_SYNTHETIC_SPOKEN_BASE,SYNTHETIC_TEXT
m3sbv1_017073,前面我估计把最新版本发给我看一下，免得后面又要重新弄,LLM_SYNTHETIC_SPOKEN_BASE,SYNTHETIC_TEXT
m3sbv1_017074,刚才先别急，试一下重新打开能不能用再继续,LLM_SYNTHETIC_SPOKEN_BASE,SYNTHETIC_TEXT
m3sbv1_017075,这边我记得看看是不是选错选项了，免得后面又要重新弄,LLM_SYNTHETIC_SPOKEN_BASE,SYNTHETIC_TEXT
m3sbv1_017076,昨天先别急，看看数据是不是重复了再继续,LLM_SYNTHETIC_SPOKEN_BASE,SYNTHETIC_TEXT
m3sbv1_017077,早一点看起来看看能不能把时间往后挪一点我再决定,LLM_SYNTHETIC_SPOKEN_BASE,SYNTHETIC_TEXT
m3sbv1_017078,晚一点我记得看看是不是网络又断了我有点不确定,LLM_SYNTHETIC_SPOKEN_BASE,SYNTHETIC_TEXT
m3sbv1_017079,早一点我听说看看有没有影响到别的模块就行,LLM_SYNTHETIC_SPOKEN_BASE,SYNTHETIC_TEXT
m3sbv1_017080,我确认一下确认一下服务有没有启动，你这边好安排,LLM_SYNTHETIC_SPOKEN_BASE,SYNTHETIC_TEXT
m3sbv1_017081,昨天先别急，帮我把水再加一点再继续,LLM_SYNTHETIC_SPOKEN_BASE,SYNTHETIC_TEXT
m3sbv1_017082,我想问一下确认一下是不是从这里集合，现场这边好安排,LLM_SYNTHETIC_SPOKEN_BASE,SYNTHETIC_TEXT
m3sbv1_017083,昨天确认一下退房时间是几点，我确认完再跟你说,LLM_SYNTHETIC_SPOKEN_BASE,SYNTHETIC_TEXT
m3sbv1_017084,刚才可能确认一下会议是不是改到下午了就行,LLM_SYNTHETIC_SPOKEN_BASE,SYNTHETIC_TEXT
m3sbv1_017085,看看这个版本是不是最新的，如果不行就先别改,LLM_SYNTHETIC_SPOKEN_BASE,SYNTHETIC_TEXT
m3sbv1_017086,等一下我记得看看这个东西应该放哪里别弄错了,LLM_SYNTHETIC_SPOKEN_BASE,SYNTHETIC_TEXT
m3sbv1_017087,我确认一下把这个问题先记到清单里，那边这边好安排,LLM_SYNTHETIC_SPOKEN_BASE,SYNTHETIC_TEXT
m3sbv1_017088,明天帮我确认一下房间准备好了没有，我确认完再跟你说,LLM_SYNTHETIC_SPOKEN_BASE,SYNTHETIC_TEXT
m3sbv1_017089,我记得看看是不是网络又断了，你们这边好安排,LLM_SYNTHETIC_SPOKEN_BASE,SYNTHETIC_TEXT
m3sbv1_017090,她好像帮我看看这个号码对不对，免得后面又要重新弄,LLM_SYNTHETIC_SPOKEN_BASE,SYNTHETIC_TEXT
m3sbv1_017091,你们可能看看是不是网络又断了，免得后面又要重新弄,LLM_SYNTHETIC_SPOKEN_BASE,SYNTHETIC_TEXT
m3sbv1_017092,麻烦你看看是不是网络又断了，家里这边好安排,LLM_SYNTHETIC_SPOKEN_BASE,SYNTHETIC_TEXT
m3sbv1_017093,感觉确认一下轮胎是不是有点软，你这边好安排,LLM_SYNTHETIC_SPOKEN_BASE,SYNTHETIC_TEXT
m3sbv1_017094,前面我估计确认一下这个功能是不是已经关掉了，免得后面又要重新弄,LLM_SYNTHETIC_SPOKEN_BASE,SYNTHETIC_TEXT
m3sbv1_017095,应该看看这个东西应该放哪里，我刚才没听太清楚,LLM_SYNTHETIC_SPOKEN_BASE,SYNTHETIC_TEXT
m3sbv1_017096,明天先别急，帮我看看这个零件是不是松了再继续,LLM_SYNTHETIC_SPOKEN_BASE,SYNTHETIC_TEXT
m3sbv1_017097,我听说确认一下这次只改这一部分，你这边好安排,LLM_SYNTHETIC_SPOKEN_BASE,SYNTHETIC_TEXT
m3sbv1_017098,可能看看这个结果和昨天是不是一样，那边这边好安排,LLM_SYNTHETIC_SPOKEN_BASE,SYNTHETIC_TEXT
m3sbv1_017099,前面明天先把现在的结果保存下来我怕等会儿忘了,LLM_SYNTHETIC_SPOKEN_BASE,SYNTHETIC_TEXT
m3sbv1_017100,麻烦你看看油还够不够，我刚才没听太清楚,LLM_SYNTHETIC_SPOKEN_BASE,SYNTHETIC_TEXT
m3sbv1_017101,店里我估计看看钥匙是不是还在车里，免得后面又要重新弄,LLM_SYNTHETIC_SPOKEN_BASE,SYNTHETIC_TEXT
m3sbv1_017102,之前麻烦你帮我查一下刚才是哪一步失败了我想先确认清楚,LLM_SYNTHETIC_SPOKEN_BASE,SYNTHETIC_TEXT
m3sbv1_017103,昨天麻烦你看看这个东西应该放哪里行不行,LLM_SYNTHETIC_SPOKEN_BASE,SYNTHETIC_TEXT
m3sbv1_017104,我麻烦你确认一下灯是不是都关了，免得后面又要重新弄,LLM_SYNTHETIC_SPOKEN_BASE,SYNTHETIC_TEXT
m3sbv1_017105,晚一点看起来确认一下这次只改这一部分别弄错了,LLM_SYNTHETIC_SPOKEN_BASE,SYNTHETIC_TEXT
m3sbv1_017106,你们我听说帮我把重复的内容删掉，免得后面又要重新弄,LLM_SYNTHETIC_SPOKEN_BASE,SYNTHETIC_TEXT
m3sbv1_017107,我估计确认一下这份文件是不是最终版，你们这边好安排,LLM_SYNTHETIC_SPOKEN_BASE,SYNTHETIC_TEXT
m3sbv1_017108,我估计帮我问一下现在还能不能改，我刚才没听太清楚,LLM_SYNTHETIC_SPOKEN_BASE,SYNTHETIC_TEXT
m3sbv1_017109,我觉得帮我听一下这个声音正不正常，那边这边好安排,LLM_SYNTHETIC_SPOKEN_BASE,SYNTHETIC_TEXT
m3sbv1_017110,应该帮我拿一下旁边那个袋子，前面这边好安排,LLM_SYNTHETIC_SPOKEN_BASE,SYNTHETIC_TEXT
m3sbv1_017111,我确认一下帮我问一下现在还能不能改，你这边好安排,LLM_SYNTHETIC_SPOKEN_BASE,SYNTHETIC_TEXT
m3sbv1_017112,这边最近问一下回来的车几点出发我怕等会儿忘了,LLM_SYNTHETIC_SPOKEN_BASE,SYNTHETIC_TEXT
m3sbv1_017113,我估计问一下这个能不能少放一点盐，你们这边好安排,LLM_SYNTHETIC_SPOKEN_BASE,SYNTHETIC_TEXT
m3sbv1_017114,早一点麻烦你确认一下服务有没有启动是不是,LLM_SYNTHETIC_SPOKEN_BASE,SYNTHETIC_TEXT
m3sbv1_017115,你现在确认一下要不要提前预约行不行,LLM_SYNTHETIC_SPOKEN_BASE,SYNTHETIC_TEXT
m3sbv1_017116,你们应该看看能不能把时间往后挪一点，免得后面又要重新弄,LLM_SYNTHETIC_SPOKEN_BASE,SYNTHETIC_TEXT
m3sbv1_017117,他们之前帮我找一下充电线放哪了,LLM_SYNTHETIC_SPOKEN_BASE,SYNTHETIC_TEXT
m3sbv1_017118,今天把这个先放到后面处理，我确认完再跟你说,LLM_SYNTHETIC_SPOKEN_BASE,SYNTHETIC_TEXT
m3sbv1_017119,我听说确认一下会议是不是改到下午了，他们这边好安排,LLM_SYNTHETIC_SPOKEN_BASE,SYNTHETIC_TEXT
m3sbv1_017120,你应该确认一下时间有没有改，免得后面又要重新弄,LLM_SYNTHETIC_SPOKEN_BASE,SYNTHETIC_TEXT
m3sbv1_017121,他们刚才确认一下这个功能是不是已经关掉了我想先确认清楚,LLM_SYNTHETIC_SPOKEN_BASE,SYNTHETIC_TEXT
m3sbv1_017122,公司我记得帮我问一下现在还能不能改，免得后面又要重新弄,LLM_SYNTHETIC_SPOKEN_BASE,SYNTHETIC_TEXT
m3sbv1_017123,麻烦你帮我把重复的内容删掉，我刚才没听太清楚,LLM_SYNTHETIC_SPOKEN_BASE,SYNTHETIC_TEXT
m3sbv1_017124,先感觉帮我换一个安静一点的位置我想先确认清楚,LLM_SYNTHETIC_SPOKEN_BASE,SYNTHETIC_TEXT
m3sbv1_017125,刚才我觉得看看是不是选错选项了就行,LLM_SYNTHETIC_SPOKEN_BASE,SYNTHETIC_TEXT
m3sbv1_017126,店里好像看看还有没有漏掉的步骤，免得后面又要重新弄,LLM_SYNTHETIC_SPOKEN_BASE,SYNTHETIC_TEXT
m3sbv1_017127,现在好像帮我看看这个菜里面有没有辣椒别弄错了,LLM_SYNTHETIC_SPOKEN_BASE,SYNTHETIC_TEXT
m3sbv1_017128,你我听说先把这个问题单独记录下来，免得后面又要重新弄,LLM_SYNTHETIC_SPOKEN_BASE,SYNTHETIC_TEXT
m3sbv1_017129,明天感觉帮我看看为什么还没收到我有点不确定,LLM_SYNTHETIC_SPOKEN_BASE,SYNTHETIC_TEXT
m3sbv1_017130,公司感觉确认一下今天是不是正常营业，免得后面又要重新弄,LLM_SYNTHETIC_SPOKEN_BASE,SYNTHETIC_TEXT
m3sbv1_017131,可能先等等我马上就过来，我这边好安排,LLM_SYNTHETIC_SPOKEN_BASE,SYNTHETIC_TEXT
m3sbv1_017132,麻烦你确认一下今天是不是正常营业，现场这边好安排,LLM_SYNTHETIC_SPOKEN_BASE,SYNTHETIC_TEXT
m3sbv1_017133,我想问一下帮我确认一下下一站在哪里，你这边好安排,LLM_SYNTHETIC_SPOKEN_BASE,SYNTHETIC_TEXT
m3sbv1_017134,我们刚才看看能不能把时间往后挪一点我再决定,LLM_SYNTHETIC_SPOKEN_BASE,SYNTHETIC_TEXT
m3sbv1_017135,现在帮我找一下充电线放哪了，我确认完再跟你说,LLM_SYNTHETIC_SPOKEN_BASE,SYNTHETIC_TEXT
m3sbv1_017136,这边早一点看看这个结果和昨天是不是一样可以吗,LLM_SYNTHETIC_SPOKEN_BASE,SYNTHETIC_TEXT
m3sbv1_017137,我估计确认一下是不是已经下单了，我刚才没听太清楚,LLM_SYNTHETIC_SPOKEN_BASE,SYNTHETIC_TEXT
m3sbv1_017138,前面这边没别的要求，先把这个问题单独记录下来就可以,LLM_SYNTHETIC_SPOKEN_BASE,SYNTHETIC_TEXT
m3sbv1_017139,昨天我觉得看看这个杯子是不是我的,LLM_SYNTHETIC_SPOKEN_BASE,SYNTHETIC_TEXT
m3sbv1_017140,应该帮我把需要验证的地方列出来，我刚才没听太清楚,LLM_SYNTHETIC_SPOKEN_BASE,SYNTHETIC_TEXT
m3sbv1_017141,这边今天把最新版本发给我看一下我怕等会儿忘了,LLM_SYNTHETIC_SPOKEN_BASE,SYNTHETIC_TEXT
m3sbv1_017142,最近先别急，确认一下是不是已经付过了再继续,LLM_SYNTHETIC_SPOKEN_BASE,SYNTHETIC_TEXT
m3sbv1_017143,要是方便的话看看有没有影响到别的模块，不用特意等我,LLM_SYNTHETIC_SPOKEN_BASE,SYNTHETIC_TEXT
m3sbv1_017144,家里早一点先别取消我再确认一下我怕等会儿忘了,LLM_SYNTHETIC_SPOKEN_BASE,SYNTHETIC_TEXT
m3sbv1_017145,店里看起来先把这个问题单独记录下来，免得后面又要重新弄,LLM_SYNTHETIC_SPOKEN_BASE,SYNTHETIC_TEXT
m3sbv1_017146,早一点先别急，看看数据是不是重复了再继续,LLM_SYNTHETIC_SPOKEN_BASE,SYNTHETIC_TEXT
m3sbv1_017147,今天感觉帮我把水再加一点可以吗,LLM_SYNTHETIC_SPOKEN_BASE,SYNTHETIC_TEXT
m3sbv1_017148,我们早一点确认一下灯是不是都关了是不是,LLM_SYNTHETIC_SPOKEN_BASE,SYNTHETIC_TEXT
m3sbv1_017149,我听说确认一下是不是同一个订单，后面这边好安排,LLM_SYNTHETIC_SPOKEN_BASE,SYNTHETIC_TEXT
m3sbv1_017150,好像先别取消我再确认一下，我刚才没听太清楚,LLM_SYNTHETIC_SPOKEN_BASE,SYNTHETIC_TEXT
m3sbv1_017151,我觉得问一下他们什么时候能到，我刚才没听太清楚,LLM_SYNTHETIC_SPOKEN_BASE,SYNTHETIC_TEXT
m3sbv1_017152,一会儿我估计别着急我们按顺序来别弄错了,LLM_SYNTHETIC_SPOKEN_BASE,SYNTHETIC_TEXT
m3sbv1_017153,你们我想问一下看看能不能把时间往后挪一点，免得后面又要重新弄,LLM_SYNTHETIC_SPOKEN_BASE,SYNTHETIC_TEXT
m3sbv1_017154,明天我确认一下帮我确认一下字段有没有变行不行,LLM_SYNTHETIC_SPOKEN_BASE,SYNTHETIC_TEXT
m3sbv1_017155,他们这边没别的要求，把声音稍微调小一点就可以,LLM_SYNTHETIC_SPOKEN_BASE,SYNTHETIC_TEXT
m3sbv1_017156,后面感觉确认一下这次只改这一部分，免得后面又要重新弄,LLM_SYNTHETIC_SPOKEN_BASE,SYNTHETIC_TEXT
m3sbv1_017157,昨天看起来帮我找一下刚才那个页面我再决定,LLM_SYNTHETIC_SPOKEN_BASE,SYNTHETIC_TEXT
m3sbv1_017158,刚才感觉看看这个杯子是不是我的我怕等会儿忘了,LLM_SYNTHETIC_SPOKEN_BASE,SYNTHETIC_TEXT
m3sbv1_017159,我觉得帮我找一下充电线放哪了，店里这边好安排,LLM_SYNTHETIC_SPOKEN_BASE,SYNTHETIC_TEXT
m3sbv1_017160,后面这边没别的要求，看看有没有影响到别的模块就可以,LLM_SYNTHETIC_SPOKEN_BASE,SYNTHETIC_TEXT
m3sbv1_017161,等一下我记得看看这个价格有没有包含费用我再决定,LLM_SYNTHETIC_SPOKEN_BASE,SYNTHETIC_TEXT
m3sbv1_017162,先看起来帮我看看行李放在哪里别弄错了,LLM_SYNTHETIC_SPOKEN_BASE,SYNTHETIC_TEXT
m3sbv1_017163,她这边没别的要求，问一下他们什么时候能到就可以,LLM_SYNTHETIC_SPOKEN_BASE,SYNTHETIC_TEXT
m3sbv1_017164,店里昨天问一下这个能不能少放一点盐就行,LLM_SYNTHETIC_SPOKEN_BASE,SYNTHETIC_TEXT
m3sbv1_017165,刚才应该看看有没有影响到别的模块然后告诉我,LLM_SYNTHETIC_SPOKEN_BASE,SYNTHETIC_TEXT
m3sbv1_017166,现场应该帮我看看这个零件是不是松了，免得后面又要重新弄,LLM_SYNTHETIC_SPOKEN_BASE,SYNTHETIC_TEXT
m3sbv1_017167,好像帮我看看行李放在哪里，我这边好安排,LLM_SYNTHETIC_SPOKEN_BASE,SYNTHETIC_TEXT
m3sbv1_017168,前面现在把声音稍微调小一点是不是,LLM_SYNTHETIC_SPOKEN_BASE,SYNTHETIC_TEXT
m3sbv1_017169,一会儿我想问一下到的时候给我发个消息可以吗,LLM_SYNTHETIC_SPOKEN_BASE,SYNTHETIC_TEXT
m3sbv1_017170,我们我记得看看空调能不能调高一点，免得后面又要重新弄,LLM_SYNTHETIC_SPOKEN_BASE,SYNTHETIC_TEXT
m3sbv1_017171,我确认一下看看这个接口是不是又报错了，店里这边好安排,LLM_SYNTHETIC_SPOKEN_BASE,SYNTHETIC_TEXT
m3sbv1_017172,我这边没别的要求，先把旧的那套逻辑放一边就可以,LLM_SYNTHETIC_SPOKEN_BASE,SYNTHETIC_TEXT
m3sbv1_017173,刚才先别急，看看前面能不能掉头再继续,LLM_SYNTHETIC_SPOKEN_BASE,SYNTHETIC_TEXT
m3sbv1_017174,他们这边没别的要求，帮我看看为什么还没收到就可以,LLM_SYNTHETIC_SPOKEN_BASE,SYNTHETIC_TEXT
m3sbv1_017175,最近我确认一下看看这个版本是不是最新的然后告诉我,LLM_SYNTHETIC_SPOKEN_BASE,SYNTHETIC_TEXT
m3sbv1_017176,那边现在帮我找一下刚才那个页面然后告诉我,LLM_SYNTHETIC_SPOKEN_BASE,SYNTHETIC_TEXT
m3sbv1_017177,帮我看看行李放在哪里，有变化的话提前告诉我,LLM_SYNTHETIC_SPOKEN_BASE,SYNTHETIC_TEXT
m3sbv1_017178,早一点感觉帮我查一下刚才是哪一步失败了行不行,LLM_SYNTHETIC_SPOKEN_BASE,SYNTHETIC_TEXT
m3sbv1_017179,他们明天问一下早餐几点开始,LLM_SYNTHETIC_SPOKEN_BASE,SYNTHETIC_TEXT
m3sbv1_017180,他之前把刚才那条消息再发我一次行不行,LLM_SYNTHETIC_SPOKEN_BASE,SYNTHETIC_TEXT
m3sbv1_017181,我们我记得先把现在的结果保存下来，免得后面又要重新弄,LLM_SYNTHETIC_SPOKEN_BASE,SYNTHETIC_TEXT
m3sbv1_017182,明天帮我换一个安静一点的位置，我确认完再跟你说,LLM_SYNTHETIC_SPOKEN_BASE,SYNTHETIC_TEXT
m3sbv1_017183,可能先等等我马上就过来，我刚才没听太清楚,LLM_SYNTHETIC_SPOKEN_BASE,SYNTHETIC_TEXT
m3sbv1_017184,我们麻烦你确认一下服务有没有启动，免得后面又要重新弄,LLM_SYNTHETIC_SPOKEN_BASE,SYNTHETIC_TEXT
m3sbv1_017185,公司我确认一下看看是不是配置没有生效，免得后面又要重新弄,LLM_SYNTHETIC_SPOKEN_BASE,SYNTHETIC_TEXT
m3sbv1_017186,我想问一下再检查一遍有没有问题，我刚才没听太清楚,LLM_SYNTHETIC_SPOKEN_BASE,SYNTHETIC_TEXT
m3sbv1_017187,看起来帮我看看日志里有没有异常，我刚才没听太清楚,LLM_SYNTHETIC_SPOKEN_BASE,SYNTHETIC_TEXT
m3sbv1_017188,晚一点感觉问一下还能不能加一个人我想先确认清楚,LLM_SYNTHETIC_SPOKEN_BASE,SYNTHETIC_TEXT
m3sbv1_017189,公司先问一下回来的车几点出发然后告诉我,LLM_SYNTHETIC_SPOKEN_BASE,SYNTHETIC_TEXT
m3sbv1_017190,一会儿问一下这个能不能少放一点盐，我确认完再跟你说,LLM_SYNTHETIC_SPOKEN_BASE,SYNTHETIC_TEXT
m3sbv1_017191,现场明天看看有没有更早一点的时间我再决定,LLM_SYNTHETIC_SPOKEN_BASE,SYNTHETIC_TEXT
m3sbv1_017192,她麻烦你看看这个接口是不是又报错了，免得后面又要重新弄,LLM_SYNTHETIC_SPOKEN_BASE,SYNTHETIC_TEXT
m3sbv1_017193,那边早一点看看谁还没有回复我怕等会儿忘了,LLM_SYNTHETIC_SPOKEN_BASE,SYNTHETIC_TEXT
m3sbv1_017194,你们今天帮我看看这个菜里面有没有辣椒吧,LLM_SYNTHETIC_SPOKEN_BASE,SYNTHETIC_TEXT
m3sbv1_017195,最近我记得帮我确认一下房间准备好了没有我想先确认清楚,LLM_SYNTHETIC_SPOKEN_BASE,SYNTHETIC_TEXT
m3sbv1_017196,你到时候把刚才说的重点再讲一遍我怕等会儿忘了,LLM_SYNTHETIC_SPOKEN_BASE,SYNTHETIC_TEXT
m3sbv1_017197,我觉得确认一下会议是不是改到下午了，后面这边好安排,LLM_SYNTHETIC_SPOKEN_BASE,SYNTHETIC_TEXT
m3sbv1_017198,可能帮我问一下现在还能不能改，我刚才没听太清楚,LLM_SYNTHETIC_SPOKEN_BASE,SYNTHETIC_TEXT
m3sbv1_017199,店里感觉把声音稍微调小一点，免得后面又要重新弄,LLM_SYNTHETIC_SPOKEN_BASE,SYNTHETIC_TEXT
m3sbv1_017200,我觉得确认一下时间有没有改，家里这边好安排,LLM_SYNTHETIC_SPOKEN_BASE,SYNTHETIC_TEXT
m3sbv1_017201,公司我记得把位置发给我我自己过去，免得后面又要重新弄,LLM_SYNTHETIC_SPOKEN_BASE,SYNTHETIC_TEXT
m3sbv1_017202,最近先别急，确认一下这次只改这一部分再继续,LLM_SYNTHETIC_SPOKEN_BASE,SYNTHETIC_TEXT
m3sbv1_017203,等一下我确认一下看看这个版本是不是最新的我再决定,LLM_SYNTHETIC_SPOKEN_BASE,SYNTHETIC_TEXT
m3sbv1_017204,我估计看看是不是还少了什么，后面这边好安排,LLM_SYNTHETIC_SPOKEN_BASE,SYNTHETIC_TEXT
m3sbv1_017205,这边我记得看看导航是不是带错路了，免得后面又要重新弄,LLM_SYNTHETIC_SPOKEN_BASE,SYNTHETIC_TEXT
m3sbv1_017206,他到时候帮我把需要验证的地方列出来行不行,LLM_SYNTHETIC_SPOKEN_BASE,SYNTHETIC_TEXT
m3sbv1_017207,这两天我确认一下看看前面能不能掉头,LLM_SYNTHETIC_SPOKEN_BASE,SYNTHETIC_TEXT
m3sbv1_017208,先看起来看看这个东西应该放哪里就行,LLM_SYNTHETIC_SPOKEN_BASE,SYNTHETIC_TEXT
m3sbv1_017209,试一下重新打开能不能用以后跟我说一声就行,LLM_SYNTHETIC_SPOKEN_BASE,SYNTHETIC_TEXT
m3sbv1_017210,我可能确认一下停车要不要付费，免得后面又要重新弄,LLM_SYNTHETIC_SPOKEN_BASE,SYNTHETIC_TEXT
m3sbv1_017211,家里刚才帮我听一下这个声音正不正常我想先确认清楚,LLM_SYNTHETIC_SPOKEN_BASE,SYNTHETIC_TEXT
m3sbv1_017212,明天应该帮我看看这个菜里面有没有辣椒我有点不确定,LLM_SYNTHETIC_SPOKEN_BASE,SYNTHETIC_TEXT
m3sbv1_017213,要是方便的话确认一下测试结果有没有更新，不用特意等我,LLM_SYNTHETIC_SPOKEN_BASE,SYNTHETIC_TEXT
m3sbv1_017214,我好像帮我确认一下字段有没有变，免得后面又要重新弄,LLM_SYNTHETIC_SPOKEN_BASE,SYNTHETIC_TEXT
m3sbv1_017215,我觉得确认一下入口是不是在这边，后面这边好安排,LLM_SYNTHETIC_SPOKEN_BASE,SYNTHETIC_TEXT
m3sbv1_017216,帮我把水再加一点，有变化的话提前告诉我,LLM_SYNTHETIC_SPOKEN_BASE,SYNTHETIC_TEXT
m3sbv1_017217,今天我想问一下帮我拿一下旁边那个袋子别弄错了,LLM_SYNTHETIC_SPOKEN_BASE,SYNTHETIC_TEXT
m3sbv1_017218,我们可能看看这个版本是不是最新的，免得后面又要重新弄,LLM_SYNTHETIC_SPOKEN_BASE,SYNTHETIC_TEXT
m3sbv1_017219,麻烦你帮我查一下刚才是哪一步失败了，你们这边好安排,LLM_SYNTHETIC_SPOKEN_BASE,SYNTHETIC_TEXT
m3sbv1_017220,那边我估计看看能不能换成小份，免得后面又要重新弄,LLM_SYNTHETIC_SPOKEN_BASE,SYNTHETIC_TEXT
m3sbv1_017221,你们这边没别的要求，确认一下是不是已经付过了就可以,LLM_SYNTHETIC_SPOKEN_BASE,SYNTHETIC_TEXT
m3sbv1_017222,你们一会儿确认一下停车要不要付费可以吗,LLM_SYNTHETIC_SPOKEN_BASE,SYNTHETIC_TEXT
m3sbv1_017223,我想问一下别着急我们按顺序来，他这边好安排,LLM_SYNTHETIC_SPOKEN_BASE,SYNTHETIC_TEXT
m3sbv1_017224,现在我听说确认一下入口是不是在这边别弄错了,LLM_SYNTHETIC_SPOKEN_BASE,SYNTHETIC_TEXT
m3sbv1_017225,他今天帮我拿一下旁边那个袋子然后告诉我,LLM_SYNTHETIC_SPOKEN_BASE,SYNTHETIC_TEXT
m3sbv1_017226,晚一点先别急，帮我把需要验证的地方列出来再继续,LLM_SYNTHETIC_SPOKEN_BASE,SYNTHETIC_TEXT
m3sbv1_017227,这两天好像先把这一项记下来可以吗,LLM_SYNTHETIC_SPOKEN_BASE,SYNTHETIC_TEXT
m3sbv1_017228,你之前先等等我马上就过来我再决定,LLM_SYNTHETIC_SPOKEN_BASE,SYNTHETIC_TEXT
m3sbv1_017229,刚才我觉得确认一下是不是同一个订单行不行,LLM_SYNTHETIC_SPOKEN_BASE,SYNTHETIC_TEXT
m3sbv1_017230,看起来确认一下入口是不是在这边，那边这边好安排,LLM_SYNTHETIC_SPOKEN_BASE,SYNTHETIC_TEXT
m3sbv1_017231,公司刚才帮我问一下现在还能不能改我想先确认清楚,LLM_SYNTHETIC_SPOKEN_BASE,SYNTHETIC_TEXT
m3sbv1_017232,可能看看这个价格有没有包含费用，我这边好安排,LLM_SYNTHETIC_SPOKEN_BASE,SYNTHETIC_TEXT
m3sbv1_017233,后面最近看看钥匙是不是还在车里我有点不确定,LLM_SYNTHETIC_SPOKEN_BASE,SYNTHETIC_TEXT
m3sbv1_017234,先把现在的结果保存下来，有变化的话提前告诉我,LLM_SYNTHETIC_SPOKEN_BASE,SYNTHETIC_TEXT
m3sbv1_017235,一会儿我确认一下帮我确认一下下一站在哪里然后告诉我,LLM_SYNTHETIC_SPOKEN_BASE,SYNTHETIC_TEXT
m3sbv1_017236,最近感觉问一下能不能晚一点回来是不是,LLM_SYNTHETIC_SPOKEN_BASE,SYNTHETIC_TEXT
m3sbv1_017237,前面我记得帮我看看这个菜里面有没有辣椒，免得后面又要重新弄,LLM_SYNTHETIC_SPOKEN_BASE,SYNTHETIC_TEXT
m3sbv1_017238,刚才可能帮我拿一下旁边那个袋子是不是,LLM_SYNTHETIC_SPOKEN_BASE,SYNTHETIC_TEXT
m3sbv1_017239,好像确认一下是不是已经付过了，店里这边好安排,LLM_SYNTHETIC_SPOKEN_BASE,SYNTHETIC_TEXT
m3sbv1_017240,麻烦你到的时候给我发个消息，店里这边好安排,LLM_SYNTHETIC_SPOKEN_BASE,SYNTHETIC_TEXT
m3sbv1_017241,等一下先别急，看看有没有影响到别的模块再继续,LLM_SYNTHETIC_SPOKEN_BASE,SYNTHETIC_TEXT
m3sbv1_017242,我估计看看这个价格有没有包含费用，公司这边好安排,LLM_SYNTHETIC_SPOKEN_BASE,SYNTHETIC_TEXT
m3sbv1_017243,到时候麻烦你确认一下退房时间是几点行不行,LLM_SYNTHETIC_SPOKEN_BASE,SYNTHETIC_TEXT
m3sbv1_017244,你我确认一下先把旧的那套逻辑放一边，免得后面又要重新弄,LLM_SYNTHETIC_SPOKEN_BASE,SYNTHETIC_TEXT
m3sbv1_017245,明天看看有没有不用排队的办法，我确认完再跟你说,LLM_SYNTHETIC_SPOKEN_BASE,SYNTHETIC_TEXT
m3sbv1_017246,今天我估计再检查一遍有没有问题是不是,LLM_SYNTHETIC_SPOKEN_BASE,SYNTHETIC_TEXT
m3sbv1_017247,她看起来把这个先留着别动，免得后面又要重新弄,LLM_SYNTHETIC_SPOKEN_BASE,SYNTHETIC_TEXT
m3sbv1_017248,看起来看看谁还没有回复，你们这边好安排,LLM_SYNTHETIC_SPOKEN_BASE,SYNTHETIC_TEXT
m3sbv1_017249,我这边没别的要求，帮我找一下充电线放哪了就可以,LLM_SYNTHETIC_SPOKEN_BASE,SYNTHETIC_TEXT
m3sbv1_017250,她先把这个问题先记到清单里是不是,LLM_SYNTHETIC_SPOKEN_BASE,SYNTHETIC_TEXT
m3sbv1_017251,他们到时候看看有没有不用排队的办法就行,LLM_SYNTHETIC_SPOKEN_BASE,SYNTHETIC_TEXT
m3sbv1_017252,等一下看看有没有更早一点的时间，我确认完再跟你说,LLM_SYNTHETIC_SPOKEN_BASE,SYNTHETIC_TEXT
m3sbv1_017253,之前先别急，看看能不能把时间往后挪一点再继续,LLM_SYNTHETIC_SPOKEN_BASE,SYNTHETIC_TEXT
m3sbv1_017254,他看起来帮我找一下刚才那个页面，免得后面又要重新弄,LLM_SYNTHETIC_SPOKEN_BASE,SYNTHETIC_TEXT
m3sbv1_017255,后面到时候看看能不能换成小份我想先确认清楚,LLM_SYNTHETIC_SPOKEN_BASE,SYNTHETIC_TEXT
m3sbv1_017256,我们之前帮我看看附近有没有停车位,LLM_SYNTHETIC_SPOKEN_BASE,SYNTHETIC_TEXT
m3sbv1_017257,那边我觉得看看这个结果和昨天是不是一样，免得后面又要重新弄,LLM_SYNTHETIC_SPOKEN_BASE,SYNTHETIC_TEXT
m3sbv1_017258,帮我查一下刚才是哪一步失败了，如果不行就先别改,LLM_SYNTHETIC_SPOKEN_BASE,SYNTHETIC_TEXT
m3sbv1_017259,她好像确认一下服务有没有启动，免得后面又要重新弄,LLM_SYNTHETIC_SPOKEN_BASE,SYNTHETIC_TEXT
m3sbv1_017260,今天好像到的时候给我发个消息然后告诉我,LLM_SYNTHETIC_SPOKEN_BASE,SYNTHETIC_TEXT
m3sbv1_017261,刚才我听说确认一下灯是不是都关了可以吗,LLM_SYNTHETIC_SPOKEN_BASE,SYNTHETIC_TEXT
m3sbv1_017262,前面好像帮我看看这个菜里面有没有辣椒，免得后面又要重新弄,LLM_SYNTHETIC_SPOKEN_BASE,SYNTHETIC_TEXT
m3sbv1_017263,应该确认一下会议是不是改到下午了，我刚才没听太清楚,LLM_SYNTHETIC_SPOKEN_BASE,SYNTHETIC_TEXT
m3sbv1_017264,刚才我觉得把位置发给我我自己过去吧,LLM_SYNTHETIC_SPOKEN_BASE,SYNTHETIC_TEXT
m3sbv1_017265,公司我想问一下把位置发给我我自己过去，免得后面又要重新弄,LLM_SYNTHETIC_SPOKEN_BASE,SYNTHETIC_TEXT
m3sbv1_017266,他们看起来试一下重新打开能不能用，免得后面又要重新弄,LLM_SYNTHETIC_SPOKEN_BASE,SYNTHETIC_TEXT
m3sbv1_017267,那边今天再检查一遍有没有问题我有点不确定,LLM_SYNTHETIC_SPOKEN_BASE,SYNTHETIC_TEXT
m3sbv1_017268,明天可能看看这个接口是不是又报错了我想先确认清楚,LLM_SYNTHETIC_SPOKEN_BASE,SYNTHETIC_TEXT
m3sbv1_017269,好像帮我换一个安静一点的位置，我刚才没听太清楚,LLM_SYNTHETIC_SPOKEN_BASE,SYNTHETIC_TEXT
m3sbv1_017270,现在可能看看数据是不是重复了别弄错了,LLM_SYNTHETIC_SPOKEN_BASE,SYNTHETIC_TEXT
m3sbv1_017271,感觉确认一下是不是已经付过了，前面这边好安排,LLM_SYNTHETIC_SPOKEN_BASE,SYNTHETIC_TEXT
m3sbv1_017272,早一点确认一下轮胎是不是有点软，我确认完再跟你说,LLM_SYNTHETIC_SPOKEN_BASE,SYNTHETIC_TEXT
m3sbv1_017273,我这边没别的要求，看看钥匙是不是还在车里就可以,LLM_SYNTHETIC_SPOKEN_BASE,SYNTHETIC_TEXT
m3sbv1_017274,店里我想问一下看看能不能多拿一条毛巾，免得后面又要重新弄,LLM_SYNTHETIC_SPOKEN_BASE,SYNTHETIC_TEXT
m3sbv1_017275,到时候可能看看是不是还少了什么我怕等会儿忘了,LLM_SYNTHETIC_SPOKEN_BASE,SYNTHETIC_TEXT
m3sbv1_017276,我看起来帮我看看行李放在哪里，免得后面又要重新弄,LLM_SYNTHETIC_SPOKEN_BASE,SYNTHETIC_TEXT
m3sbv1_017277,店里我记得看看这个接口是不是又报错了，免得后面又要重新弄,LLM_SYNTHETIC_SPOKEN_BASE,SYNTHETIC_TEXT
m3sbv1_017278,你这边没别的要求，看看这个结果和昨天是不是一样就可以,LLM_SYNTHETIC_SPOKEN_BASE,SYNTHETIC_TEXT
m3sbv1_017279,我记得把刚才那条消息再发我一次，我刚才没听太清楚,LLM_SYNTHETIC_SPOKEN_BASE,SYNTHETIC_TEXT
m3sbv1_017280,我确认一下问一下能不能晚一点回来，他们这边好安排,LLM_SYNTHETIC_SPOKEN_BASE,SYNTHETIC_TEXT
m3sbv1_017281,现在可能帮我看看日志里有没有异常是不是,LLM_SYNTHETIC_SPOKEN_BASE,SYNTHETIC_TEXT
m3sbv1_017282,要是方便的话问一下能不能晚一点回来，不用特意等我,LLM_SYNTHETIC_SPOKEN_BASE,SYNTHETIC_TEXT
m3sbv1_017283,我确认一下帮我看看日志里有没有异常，他这边好安排,LLM_SYNTHETIC_SPOKEN_BASE,SYNTHETIC_TEXT
m3sbv1_017284,早一点我想问一下确认一下文件有没有传成功,LLM_SYNTHETIC_SPOKEN_BASE,SYNTHETIC_TEXT
m3sbv1_017285,感觉到的时候给我发个消息，我刚才没听太清楚,LLM_SYNTHETIC_SPOKEN_BASE,SYNTHETIC_TEXT
m3sbv1_017286,昨天先别急，先把现在的结果保存下来再继续,LLM_SYNTHETIC_SPOKEN_BASE,SYNTHETIC_TEXT
m3sbv1_017287,他晚一点看看能不能换成小份我怕等会儿忘了,LLM_SYNTHETIC_SPOKEN_BASE,SYNTHETIC_TEXT
m3sbv1_017288,到时候应该看看这个结果和昨天是不是一样然后告诉我,LLM_SYNTHETIC_SPOKEN_BASE,SYNTHETIC_TEXT
m3sbv1_017289,你们这边没别的要求，确认一下停车要不要付费就可以,LLM_SYNTHETIC_SPOKEN_BASE,SYNTHETIC_TEXT
m3sbv1_017290,先我觉得先等等我马上就过来,LLM_SYNTHETIC_SPOKEN_BASE,SYNTHETIC_TEXT
m3sbv1_017291,麻烦你先别取消我再确认一下，前面这边好安排,LLM_SYNTHETIC_SPOKEN_BASE,SYNTHETIC_TEXT
m3sbv1_017292,昨天先别急，告诉我大概还要多久再继续,LLM_SYNTHETIC_SPOKEN_BASE,SYNTHETIC_TEXT
m3sbv1_017293,她看起来帮我拿一下旁边那个袋子，免得后面又要重新弄,LLM_SYNTHETIC_SPOKEN_BASE,SYNTHETIC_TEXT
m3sbv1_017294,店里现在把位置发给我我自己过去我再决定,LLM_SYNTHETIC_SPOKEN_BASE,SYNTHETIC_TEXT
m3sbv1_017295,她麻烦你帮我确认一下房间准备好了没有，免得后面又要重新弄,LLM_SYNTHETIC_SPOKEN_BASE,SYNTHETIC_TEXT
m3sbv1_017296,我确认一下问一下还能不能加一个人，我们这边好安排,LLM_SYNTHETIC_SPOKEN_BASE,SYNTHETIC_TEXT
m3sbv1_017297,这两天我确认一下把位置发给我我自己过去可以吗,LLM_SYNTHETIC_SPOKEN_BASE,SYNTHETIC_TEXT
m3sbv1_017298,那边麻烦你帮我看看行李放在哪里，免得后面又要重新弄,LLM_SYNTHETIC_SPOKEN_BASE,SYNTHETIC_TEXT
m3sbv1_017299,我估计看看有没有不用排队的办法，你这边好安排,LLM_SYNTHETIC_SPOKEN_BASE,SYNTHETIC_TEXT
m3sbv1_017300,到时候我听说先把现在的结果保存下来我再决定,LLM_SYNTHETIC_SPOKEN_BASE,SYNTHETIC_TEXT
m3sbv1_017301,那边这边没别的要求，看看能不能换成小份就可以,LLM_SYNTHETIC_SPOKEN_BASE,SYNTHETIC_TEXT
m3sbv1_017302,她应该确认一下入口是不是在这边，免得后面又要重新弄,LLM_SYNTHETIC_SPOKEN_BASE,SYNTHETIC_TEXT
m3sbv1_017303,那边我估计帮我看看这个零件是不是松了，免得后面又要重新弄,LLM_SYNTHETIC_SPOKEN_BASE,SYNTHETIC_TEXT
m3sbv1_017304,我记得确认一下这次只改这一部分，现场这边好安排,LLM_SYNTHETIC_SPOKEN_BASE,SYNTHETIC_TEXT
m3sbv1_017305,之前好像问一下回来的车几点出发是不是,LLM_SYNTHETIC_SPOKEN_BASE,SYNTHETIC_TEXT
m3sbv1_017306,这两天我想问一下看看这个东西应该放哪里然后告诉我,LLM_SYNTHETIC_SPOKEN_BASE,SYNTHETIC_TEXT
m3sbv1_017307,好像帮我确认一下字段有没有变，她这边好安排,LLM_SYNTHETIC_SPOKEN_BASE,SYNTHETIC_TEXT
m3sbv1_017308,明天我觉得看看这个版本是不是最新的然后告诉我,LLM_SYNTHETIC_SPOKEN_BASE,SYNTHETIC_TEXT
m3sbv1_017309,他们这边没别的要求，看看是不是还少了什么就可以,LLM_SYNTHETIC_SPOKEN_BASE,SYNTHETIC_TEXT
m3sbv1_017310,昨天我确认一下帮我拿一下旁边那个袋子我想先确认清楚,LLM_SYNTHETIC_SPOKEN_BASE,SYNTHETIC_TEXT
m3sbv1_017311,应该确认一下这次只改这一部分，这边这边好安排,LLM_SYNTHETIC_SPOKEN_BASE,SYNTHETIC_TEXT
m3sbv1_017312,要是方便的话把位置发给我我自己过去，不用特意等我,LLM_SYNTHETIC_SPOKEN_BASE,SYNTHETIC_TEXT
m3sbv1_017313,好像再检查一遍有没有问题，家里这边好安排,LLM_SYNTHETIC_SPOKEN_BASE,SYNTHETIC_TEXT
m3sbv1_017314,刚才我记得确认一下是不是从这里集合别弄错了,LLM_SYNTHETIC_SPOKEN_BASE,SYNTHETIC_TEXT
m3sbv1_017315,我听说看看这个版本是不是最新的，我刚才没听太清楚,LLM_SYNTHETIC_SPOKEN_BASE,SYNTHETIC_TEXT
m3sbv1_017316,今天好像把门先关一下有点冷我怕等会儿忘了,LLM_SYNTHETIC_SPOKEN_BASE,SYNTHETIC_TEXT
m3sbv1_017317,感觉确认一下退房时间是几点，你们这边好安排,LLM_SYNTHETIC_SPOKEN_BASE,SYNTHETIC_TEXT
m3sbv1_017318,她我想问一下把这个先留着别动，免得后面又要重新弄,LLM_SYNTHETIC_SPOKEN_BASE,SYNTHETIC_TEXT
m3sbv1_017319,我估计确认一下时间有没有改，我刚才没听太清楚,LLM_SYNTHETIC_SPOKEN_BASE,SYNTHETIC_TEXT
m3sbv1_017320,感觉把这个问题先记到清单里，你这边好安排,LLM_SYNTHETIC_SPOKEN_BASE,SYNTHETIC_TEXT
m3sbv1_017321,我我估计到的时候给我发个消息，免得后面又要重新弄,LLM_SYNTHETIC_SPOKEN_BASE,SYNTHETIC_TEXT
m3sbv1_017322,今天应该看看有没有不用排队的办法是不是,LLM_SYNTHETIC_SPOKEN_BASE,SYNTHETIC_TEXT
m3sbv1_017323,刚才先别急，确认一下退房时间是几点再继续,LLM_SYNTHETIC_SPOKEN_BASE,SYNTHETIC_TEXT
m3sbv1_017324,之前先别急，帮我拿一下旁边那个袋子再继续,LLM_SYNTHETIC_SPOKEN_BASE,SYNTHETIC_TEXT
m3sbv1_017325,早一点应该确认一下测试结果有没有更新我怕等会儿忘了,LLM_SYNTHETIC_SPOKEN_BASE,SYNTHETIC_TEXT
m3sbv1_017326,之前我听说问一下早餐几点开始我想先确认清楚,LLM_SYNTHETIC_SPOKEN_BASE,SYNTHETIC_TEXT
m3sbv1_017327,我估计看看导航是不是带错路了，那边这边好安排,LLM_SYNTHETIC_SPOKEN_BASE,SYNTHETIC_TEXT
m3sbv1_017328,我最近帮我拿一下旁边那个袋子是不是,LLM_SYNTHETIC_SPOKEN_BASE,SYNTHETIC_TEXT
m3sbv1_017329,一会儿先别急，确认一下会议是不是改到下午了再继续,LLM_SYNTHETIC_SPOKEN_BASE,SYNTHETIC_TEXT
m3sbv1_017330,我觉得看看这个价格有没有包含费用，我刚才没听太清楚,LLM_SYNTHETIC_SPOKEN_BASE,SYNTHETIC_TEXT
m3sbv1_017331,等一下先别急，看看前面是不是要左转再继续,LLM_SYNTHETIC_SPOKEN_BASE,SYNTHETIC_TEXT
m3sbv1_017332,最近问一下他们什么时候能到，我确认完再跟你说,LLM_SYNTHETIC_SPOKEN_BASE,SYNTHETIC_TEXT
m3sbv1_017333,应该问一下还能不能加一个人，她这边好安排,LLM_SYNTHETIC_SPOKEN_BASE,SYNTHETIC_TEXT
m3sbv1_017334,店里最近看看油还够不够我想先确认清楚,LLM_SYNTHETIC_SPOKEN_BASE,SYNTHETIC_TEXT
m3sbv1_017335,这边麻烦你帮我看看为什么还没收到，免得后面又要重新弄,LLM_SYNTHETIC_SPOKEN_BASE,SYNTHETIC_TEXT
m3sbv1_017336,后面最近先把旧的那套逻辑放一边我想先确认清楚,LLM_SYNTHETIC_SPOKEN_BASE,SYNTHETIC_TEXT
m3sbv1_017337,好像看看这个版本是不是最新的，公司这边好安排,LLM_SYNTHETIC_SPOKEN_BASE,SYNTHETIC_TEXT
m3sbv1_017338,那边到时候看看能不能把时间往后挪一点我怕等会儿忘了,LLM_SYNTHETIC_SPOKEN_BASE,SYNTHETIC_TEXT
m3sbv1_017339,晚一点先别急，先等等我马上就过来再继续,LLM_SYNTHETIC_SPOKEN_BASE,SYNTHETIC_TEXT
m3sbv1_017340,晚一点我觉得确认一下轮胎是不是有点软可以吗,LLM_SYNTHETIC_SPOKEN_BASE,SYNTHETIC_TEXT
m3sbv1_017341,他这边没别的要求，确认一下退房时间是几点就可以,LLM_SYNTHETIC_SPOKEN_BASE,SYNTHETIC_TEXT
m3sbv1_017342,应该帮我把重复的内容删掉，这边这边好安排,LLM_SYNTHETIC_SPOKEN_BASE,SYNTHETIC_TEXT
m3sbv1_017343,后面刚才帮我问一下还有没有空位我再决定,LLM_SYNTHETIC_SPOKEN_BASE,SYNTHETIC_TEXT
m3sbv1_017344,这边应该确认一下是不是已经付过了，免得后面又要重新弄,LLM_SYNTHETIC_SPOKEN_BASE,SYNTHETIC_TEXT
m3sbv1_017345,我们这两天把刚才说的重点再讲一遍我有点不确定,LLM_SYNTHETIC_SPOKEN_BASE,SYNTHETIC_TEXT
m3sbv1_017346,刚才我听说看看这个接口是不是又报错了行不行,LLM_SYNTHETIC_SPOKEN_BASE,SYNTHETIC_TEXT
m3sbv1_017347,现场刚才看看能不能换成小份我怕等会儿忘了,LLM_SYNTHETIC_SPOKEN_BASE,SYNTHETIC_TEXT
m3sbv1_017348,家里这边没别的要求，先把旧的那套逻辑放一边就可以,LLM_SYNTHETIC_SPOKEN_BASE,SYNTHETIC_TEXT
m3sbv1_017349,晚一点先别急，看一下这个是不是放错地方了再继续,LLM_SYNTHETIC_SPOKEN_BASE,SYNTHETIC_TEXT
m3sbv1_017350,我记得确认一下轮胎是不是有点软，我们这边好安排,LLM_SYNTHETIC_SPOKEN_BASE,SYNTHETIC_TEXT
m3sbv1_017351,看起来帮我拿一下旁边那个袋子，那边这边好安排,LLM_SYNTHETIC_SPOKEN_BASE,SYNTHETIC_TEXT
m3sbv1_017352,明天感觉先把这个问题单独记录下来我怕等会儿忘了,LLM_SYNTHETIC_SPOKEN_BASE,SYNTHETIC_TEXT
m3sbv1_017353,好像看看油还够不够，我刚才没听太清楚,LLM_SYNTHETIC_SPOKEN_BASE,SYNTHETIC_TEXT
m3sbv1_017354,我们应该确认一下要不要提前预约，免得后面又要重新弄,LLM_SYNTHETIC_SPOKEN_BASE,SYNTHETIC_TEXT
m3sbv1_017355,现场应该帮我把需要验证的地方列出来，免得后面又要重新弄,LLM_SYNTHETIC_SPOKEN_BASE,SYNTHETIC_TEXT
m3sbv1_017356,后面等一下看看是不是网络又断了行不行,LLM_SYNTHETIC_SPOKEN_BASE,SYNTHETIC_TEXT
m3sbv1_017357,早一点应该问一下他们什么时候能到我怕等会儿忘了,LLM_SYNTHETIC_SPOKEN_BASE,SYNTHETIC_TEXT
m3sbv1_017358,我记得看看这个杯子是不是我的，他这边好安排,LLM_SYNTHETIC_SPOKEN_BASE,SYNTHETIC_TEXT
m3sbv1_017359,他们我觉得先别取消我再确认一下，免得后面又要重新弄,LLM_SYNTHETIC_SPOKEN_BASE,SYNTHETIC_TEXT
m3sbv1_017360,我这两天看看有没有影响到别的模块然后告诉我,LLM_SYNTHETIC_SPOKEN_BASE,SYNTHETIC_TEXT
m3sbv1_017361,我记得把刚才说的重点再讲一遍，我们这边好安排,LLM_SYNTHETIC_SPOKEN_BASE,SYNTHETIC_TEXT
m3sbv1_017362,现场这边没别的要求，看看有没有更早一点的时间就可以,LLM_SYNTHETIC_SPOKEN_BASE,SYNTHETIC_TEXT
m3sbv1_017363,可能先把这一项记下来，我刚才没听太清楚,LLM_SYNTHETIC_SPOKEN_BASE,SYNTHETIC_TEXT
m3sbv1_017364,等一下好像帮我问一下还有没有空位是不是,LLM_SYNTHETIC_SPOKEN_BASE,SYNTHETIC_TEXT
m3sbv1_017365,家里这边没别的要求，确认一下车是不是停在外面就可以,LLM_SYNTHETIC_SPOKEN_BASE,SYNTHETIC_TEXT
m3sbv1_017366,最近麻烦你看看谁还没有回复我再决定,LLM_SYNTHETIC_SPOKEN_BASE,SYNTHETIC_TEXT
m3sbv1_017367,他感觉看看这个接口是不是又报错了，免得后面又要重新弄,LLM_SYNTHETIC_SPOKEN_BASE,SYNTHETIC_TEXT
m3sbv1_017368,我确认一下看看这个结果和昨天是不是一样，我刚才没听太清楚,LLM_SYNTHETIC_SPOKEN_BASE,SYNTHETIC_TEXT
m3sbv1_017369,晚一点我确认一下帮我找一下充电线放哪了然后告诉我,LLM_SYNTHETIC_SPOKEN_BASE,SYNTHETIC_TEXT
m3sbv1_017370,感觉确认一下这份文件是不是最终版，家里这边好安排,LLM_SYNTHETIC_SPOKEN_BASE,SYNTHETIC_TEXT
m3sbv1_017371,前面明天看看是不是网络又断了可以吗,LLM_SYNTHETIC_SPOKEN_BASE,SYNTHETIC_TEXT
m3sbv1_017372,她我想问一下确认一下是不是已经付过了，免得后面又要重新弄,LLM_SYNTHETIC_SPOKEN_BASE,SYNTHETIC_TEXT
m3sbv1_017373,我们这边没别的要求，帮我找一下充电线放哪了就可以,LLM_SYNTHETIC_SPOKEN_BASE,SYNTHETIC_TEXT
m3sbv1_017374,我们可能帮我把需要验证的地方列出来，免得后面又要重新弄,LLM_SYNTHETIC_SPOKEN_BASE,SYNTHETIC_TEXT
m3sbv1_017375,这边这边没别的要求，看看这个接口是不是又报错了就可以,LLM_SYNTHETIC_SPOKEN_BASE,SYNTHETIC_TEXT
m3sbv1_017376,好像确认一下会议是不是改到下午了，他这边好安排,LLM_SYNTHETIC_SPOKEN_BASE,SYNTHETIC_TEXT
m3sbv1_017377,感觉确认一下测试结果有没有更新，我刚才没听太清楚,LLM_SYNTHETIC_SPOKEN_BASE,SYNTHETIC_TEXT
m3sbv1_017378,感觉把这个问题先记到清单里，我这边好安排,LLM_SYNTHETIC_SPOKEN_BASE,SYNTHETIC_TEXT
m3sbv1_017379,他们这边没别的要求，确认一下灯是不是都关了就可以,LLM_SYNTHETIC_SPOKEN_BASE,SYNTHETIC_TEXT
m3sbv1_017380,那边这两天确认一下这个功能是不是已经关掉了行不行,LLM_SYNTHETIC_SPOKEN_BASE,SYNTHETIC_TEXT
m3sbv1_017381,我确认一下把刚才那条消息再发我一次，我刚才没听太清楚,LLM_SYNTHETIC_SPOKEN_BASE,SYNTHETIC_TEXT
m3sbv1_017382,一会儿感觉帮我看看这个零件是不是松了就行,LLM_SYNTHETIC_SPOKEN_BASE,SYNTHETIC_TEXT
m3sbv1_017383,应该确认一下要不要提前预约，前面这边好安排,LLM_SYNTHETIC_SPOKEN_BASE,SYNTHETIC_TEXT
m3sbv1_017384,先试一下重新打开能不能用，我确认完再跟你说,LLM_SYNTHETIC_SPOKEN_BASE,SYNTHETIC_TEXT
m3sbv1_017385,他可能帮我看看这个菜里面有没有辣椒，免得后面又要重新弄,LLM_SYNTHETIC_SPOKEN_BASE,SYNTHETIC_TEXT
m3sbv1_017386,等一下我记得帮我确认一下房间准备好了没有,LLM_SYNTHETIC_SPOKEN_BASE,SYNTHETIC_TEXT
m3sbv1_017387,到时候麻烦你确认一下这个功能是不是已经关掉了我想先确认清楚,LLM_SYNTHETIC_SPOKEN_BASE,SYNTHETIC_TEXT
m3sbv1_017388,后面等一下看看数据是不是重复了我怕等会儿忘了,LLM_SYNTHETIC_SPOKEN_BASE,SYNTHETIC_TEXT
m3sbv1_017389,晚一点确认一下服务有没有启动，我确认完再跟你说,LLM_SYNTHETIC_SPOKEN_BASE,SYNTHETIC_TEXT
m3sbv1_017390,我确认一下问一下早餐几点开始，我刚才没听太清楚,LLM_SYNTHETIC_SPOKEN_BASE,SYNTHETIC_TEXT
m3sbv1_017391,公司我觉得看看是不是配置没有生效，免得后面又要重新弄,LLM_SYNTHETIC_SPOKEN_BASE,SYNTHETIC_TEXT
m3sbv1_017392,麻烦你看看能不能多拿一条毛巾，前面这边好安排,LLM_SYNTHETIC_SPOKEN_BASE,SYNTHETIC_TEXT
m3sbv1_017393,一会儿确认一下测试结果有没有更新，我确认完再跟你说,LLM_SYNTHETIC_SPOKEN_BASE,SYNTHETIC_TEXT
m3sbv1_017394,现在先别急，帮我确认一下负责人是谁再继续,LLM_SYNTHETIC_SPOKEN_BASE,SYNTHETIC_TEXT
m3sbv1_017395,我想问一下看看这个版本是不是最新的，后面这边好安排,LLM_SYNTHETIC_SPOKEN_BASE,SYNTHETIC_TEXT
m3sbv1_017396,到时候先别急，确认一下文件有没有传成功再继续,LLM_SYNTHETIC_SPOKEN_BASE,SYNTHETIC_TEXT
m3sbv1_017397,你们最近确认一下文件有没有传成功是不是,LLM_SYNTHETIC_SPOKEN_BASE,SYNTHETIC_TEXT
m3sbv1_017398,可能确认一下退房时间是几点，我们这边好安排,LLM_SYNTHETIC_SPOKEN_BASE,SYNTHETIC_TEXT
m3sbv1_017399,可能看看空调能不能调高一点，我刚才没听太清楚,LLM_SYNTHETIC_SPOKEN_BASE,SYNTHETIC_TEXT
m3sbv1_017400,好像帮我看看行李放在哪里，我刚才没听太清楚,LLM_SYNTHETIC_SPOKEN_BASE,SYNTHETIC_TEXT
m3sbv1_017401,之前我记得再检查一遍有没有问题我怕等会儿忘了,LLM_SYNTHETIC_SPOKEN_BASE,SYNTHETIC_TEXT
m3sbv1_017402,一会儿我记得看看这个东西应该放哪里可以吗,LLM_SYNTHETIC_SPOKEN_BASE,SYNTHETIC_TEXT
m3sbv1_017403,后面感觉帮我问一下现在还能不能改，免得后面又要重新弄,LLM_SYNTHETIC_SPOKEN_BASE,SYNTHETIC_TEXT
m3sbv1_017404,今天我确认一下帮我找一下充电线放哪了我有点不确定,LLM_SYNTHETIC_SPOKEN_BASE,SYNTHETIC_TEXT
m3sbv1_017405,你麻烦你帮我拿一下旁边那个袋子，免得后面又要重新弄,LLM_SYNTHETIC_SPOKEN_BASE,SYNTHETIC_TEXT
m3sbv1_017406,麻烦你帮我问一下现在还能不能改，他们这边好安排,LLM_SYNTHETIC_SPOKEN_BASE,SYNTHETIC_TEXT
m3sbv1_017407,先确认一下入口是不是在这边，我确认完再跟你说,LLM_SYNTHETIC_SPOKEN_BASE,SYNTHETIC_TEXT
m3sbv1_017408,明天我觉得再检查一遍有没有问题吧,LLM_SYNTHETIC_SPOKEN_BASE,SYNTHETIC_TEXT
m3sbv1_017409,他们这两天看看油还够不够我怕等会儿忘了,LLM_SYNTHETIC_SPOKEN_BASE,SYNTHETIC_TEXT
m3sbv1_017410,我想问一下看一下这个是不是放错地方了，后面这边好安排,LLM_SYNTHETIC_SPOKEN_BASE,SYNTHETIC_TEXT
m3sbv1_017411,明天我记得问一下能不能晚一点回来吧,LLM_SYNTHETIC_SPOKEN_BASE,SYNTHETIC_TEXT
m3sbv1_017412,看起来帮我看看这个菜里面有没有辣椒，她这边好安排,LLM_SYNTHETIC_SPOKEN_BASE,SYNTHETIC_TEXT
m3sbv1_017413,早一点看起来先等等我马上就过来我再决定,LLM_SYNTHETIC_SPOKEN_BASE,SYNTHETIC_TEXT
m3sbv1_017414,明天先别急，把刚才说的重点再讲一遍再继续,LLM_SYNTHETIC_SPOKEN_BASE,SYNTHETIC_TEXT
m3sbv1_017415,可能帮我查一下刚才是哪一步失败了，我这边好安排,LLM_SYNTHETIC_SPOKEN_BASE,SYNTHETIC_TEXT
m3sbv1_017416,后面等一下问一下这个能不能少放一点盐别弄错了,LLM_SYNTHETIC_SPOKEN_BASE,SYNTHETIC_TEXT
m3sbv1_017417,明天帮我看看这个号码对不对，我确认完再跟你说,LLM_SYNTHETIC_SPOKEN_BASE,SYNTHETIC_TEXT
m3sbv1_017418,感觉看看能不能把时间往后挪一点，你这边好安排,LLM_SYNTHETIC_SPOKEN_BASE,SYNTHETIC_TEXT
m3sbv1_017419,店里可能看看钥匙是不是还在车里，免得后面又要重新弄,LLM_SYNTHETIC_SPOKEN_BASE,SYNTHETIC_TEXT
m3sbv1_017420,刚才好像帮我找一下充电线放哪了我有点不确定,LLM_SYNTHETIC_SPOKEN_BASE,SYNTHETIC_TEXT
m3sbv1_017421,你早一点再检查一遍有没有问题我怕等会儿忘了,LLM_SYNTHETIC_SPOKEN_BASE,SYNTHETIC_TEXT
m3sbv1_017422,我想问一下看看能不能把时间往后挪一点，现场这边好安排,LLM_SYNTHETIC_SPOKEN_BASE,SYNTHETIC_TEXT
m3sbv1_017423,应该确认一下会议是不是改到下午了，家里这边好安排,LLM_SYNTHETIC_SPOKEN_BASE,SYNTHETIC_TEXT
m3sbv1_017424,前面我听说看看钥匙是不是还在车里，免得后面又要重新弄,LLM_SYNTHETIC_SPOKEN_BASE,SYNTHETIC_TEXT
m3sbv1_017425,前面我想问一下确认一下退房时间是几点，免得后面又要重新弄,LLM_SYNTHETIC_SPOKEN_BASE,SYNTHETIC_TEXT
m3sbv1_017426,你们我想问一下看看前面是不是要左转，免得后面又要重新弄,LLM_SYNTHETIC_SPOKEN_BASE,SYNTHETIC_TEXT
m3sbv1_017427,感觉问一下能不能晚一点回来，那边这边好安排,LLM_SYNTHETIC_SPOKEN_BASE,SYNTHETIC_TEXT
m3sbv1_017428,到时候确认一下文件有没有传成功，我确认完再跟你说,LLM_SYNTHETIC_SPOKEN_BASE,SYNTHETIC_TEXT
m3sbv1_017429,刚才我记得看看这个结果和昨天是不是一样我怕等会儿忘了,LLM_SYNTHETIC_SPOKEN_BASE,SYNTHETIC_TEXT
m3sbv1_017430,他我确认一下看看这个结果和昨天是不是一样，免得后面又要重新弄,LLM_SYNTHETIC_SPOKEN_BASE,SYNTHETIC_TEXT
m3sbv1_017431,晚一点好像确认一下轮胎是不是有点软吧,LLM_SYNTHETIC_SPOKEN_BASE,SYNTHETIC_TEXT
m3sbv1_017432,明天应该看看导航是不是带错路了可以吗,LLM_SYNTHETIC_SPOKEN_BASE,SYNTHETIC_TEXT
m3sbv1_017433,晚一点我觉得帮我找一下刚才那个页面我再决定,LLM_SYNTHETIC_SPOKEN_BASE,SYNTHETIC_TEXT
m3sbv1_017434,他们我觉得先把这一项记下来，免得后面又要重新弄,LLM_SYNTHETIC_SPOKEN_BASE,SYNTHETIC_TEXT
m3sbv1_017435,明天我觉得看看钥匙是不是还在车里我怕等会儿忘了,LLM_SYNTHETIC_SPOKEN_BASE,SYNTHETIC_TEXT
m3sbv1_017436,早一点帮我看看这个号码对不对，我确认完再跟你说,LLM_SYNTHETIC_SPOKEN_BASE,SYNTHETIC_TEXT
m3sbv1_017437,现场我觉得把声音稍微调小一点，免得后面又要重新弄,LLM_SYNTHETIC_SPOKEN_BASE,SYNTHETIC_TEXT
m3sbv1_017438,最近好像确认一下服务有没有启动行不行,LLM_SYNTHETIC_SPOKEN_BASE,SYNTHETIC_TEXT
m3sbv1_017439,一会儿先别急，确认一下车是不是停在外面再继续,LLM_SYNTHETIC_SPOKEN_BASE,SYNTHETIC_TEXT
m3sbv1_017440,早一点我估计把刚才说的重点再讲一遍别弄错了,LLM_SYNTHETIC_SPOKEN_BASE,SYNTHETIC_TEXT
m3sbv1_017441,先我估计看看导航是不是带错路了就行,LLM_SYNTHETIC_SPOKEN_BASE,SYNTHETIC_TEXT
m3sbv1_017442,你们最近先把旧的那套逻辑放一边行不行,LLM_SYNTHETIC_SPOKEN_BASE,SYNTHETIC_TEXT
m3sbv1_017443,早一点先别急，确认一下入口是不是在这边再继续,LLM_SYNTHETIC_SPOKEN_BASE,SYNTHETIC_TEXT
m3sbv1_017444,昨天看起来帮我把重复的内容删掉是不是,LLM_SYNTHETIC_SPOKEN_BASE,SYNTHETIC_TEXT
m3sbv1_017445,这边我确认一下帮我问一下还有没有空位，免得后面又要重新弄,LLM_SYNTHETIC_SPOKEN_BASE,SYNTHETIC_TEXT
m3sbv1_017446,到时候好像看看还有没有漏掉的步骤行不行,LLM_SYNTHETIC_SPOKEN_BASE,SYNTHETIC_TEXT
m3sbv1_017447,我记得看看能不能多拿一条毛巾，家里这边好安排,LLM_SYNTHETIC_SPOKEN_BASE,SYNTHETIC_TEXT
m3sbv1_017448,那边这边没别的要求，确认一下是不是同一个订单就可以,LLM_SYNTHETIC_SPOKEN_BASE,SYNTHETIC_TEXT
m3sbv1_017449,这两天帮我找一下刚才那个页面，我确认完再跟你说,LLM_SYNTHETIC_SPOKEN_BASE,SYNTHETIC_TEXT
m3sbv1_017450,家里今天帮我找一下刚才那个页面,LLM_SYNTHETIC_SPOKEN_BASE,SYNTHETIC_TEXT
m3sbv1_017451,我应该确认一下车是不是停在外面，免得后面又要重新弄,LLM_SYNTHETIC_SPOKEN_BASE,SYNTHETIC_TEXT
m3sbv1_017452,今天感觉确认一下是不是已经下单了我再决定,LLM_SYNTHETIC_SPOKEN_BASE,SYNTHETIC_TEXT
m3sbv1_017453,店里可能看看前面能不能掉头，免得后面又要重新弄,LLM_SYNTHETIC_SPOKEN_BASE,SYNTHETIC_TEXT
m3sbv1_017454,她我想问一下确认一下名字有没有写错，免得后面又要重新弄,LLM_SYNTHETIC_SPOKEN_BASE,SYNTHETIC_TEXT
m3sbv1_017455,早一点应该看一下这个是不是放错地方了就行,LLM_SYNTHETIC_SPOKEN_BASE,SYNTHETIC_TEXT
m3sbv1_017456,看一下这个是不是放错地方了，有变化的话提前告诉我,LLM_SYNTHETIC_SPOKEN_BASE,SYNTHETIC_TEXT
m3sbv1_017457,先我听说帮我确认一下下一站在哪里可以吗,LLM_SYNTHETIC_SPOKEN_BASE,SYNTHETIC_TEXT
m3sbv1_017458,我估计看看前面是不是要左转，那边这边好安排,LLM_SYNTHETIC_SPOKEN_BASE,SYNTHETIC_TEXT
m3sbv1_017459,他应该问一下能不能晚一点回来，免得后面又要重新弄,LLM_SYNTHETIC_SPOKEN_BASE,SYNTHETIC_TEXT
m3sbv1_017460,看起来确认一下这份文件是不是最终版，公司这边好安排,LLM_SYNTHETIC_SPOKEN_BASE,SYNTHETIC_TEXT
m3sbv1_017461,昨天我听说帮我把重复的内容删掉就行,LLM_SYNTHETIC_SPOKEN_BASE,SYNTHETIC_TEXT
m3sbv1_017462,好像看看这个杯子是不是我的，他们这边好安排,LLM_SYNTHETIC_SPOKEN_BASE,SYNTHETIC_TEXT
m3sbv1_017463,我确认一下帮我看看这个零件是不是松了，我们这边好安排,LLM_SYNTHETIC_SPOKEN_BASE,SYNTHETIC_TEXT
m3sbv1_017464,早一点我觉得先把旧的那套逻辑放一边然后告诉我,LLM_SYNTHETIC_SPOKEN_BASE,SYNTHETIC_TEXT
m3sbv1_017465,她现在把地址再确认一下可以吗,LLM_SYNTHETIC_SPOKEN_BASE,SYNTHETIC_TEXT
m3sbv1_017466,应该看看能不能多拿一条毛巾，我刚才没听太清楚,LLM_SYNTHETIC_SPOKEN_BASE,SYNTHETIC_TEXT
m3sbv1_017467,今天把最新版本发给我看一下，我确认完再跟你说,LLM_SYNTHETIC_SPOKEN_BASE,SYNTHETIC_TEXT
m3sbv1_017468,前面我记得确认一下灯是不是都关了，免得后面又要重新弄,LLM_SYNTHETIC_SPOKEN_BASE,SYNTHETIC_TEXT
m3sbv1_017469,问一下还能不能加一个人，如果不行就先别改,LLM_SYNTHETIC_SPOKEN_BASE,SYNTHETIC_TEXT
m3sbv1_017470,店里晚一点帮我查一下刚才是哪一步失败了是不是,LLM_SYNTHETIC_SPOKEN_BASE,SYNTHETIC_TEXT
m3sbv1_017471,我们刚才帮我把水再加一点我再决定,LLM_SYNTHETIC_SPOKEN_BASE,SYNTHETIC_TEXT
m3sbv1_017472,现场早一点看看能不能换成小份别弄错了,LLM_SYNTHETIC_SPOKEN_BASE,SYNTHETIC_TEXT
m3sbv1_017473,要是方便的话帮我找一下刚才那个页面，不用特意等我,LLM_SYNTHETIC_SPOKEN_BASE,SYNTHETIC_TEXT
m3sbv1_017474,我们这边没别的要求，试一下重新打开能不能用就可以,LLM_SYNTHETIC_SPOKEN_BASE,SYNTHETIC_TEXT
m3sbv1_017475,先先别急，看看油还够不够再继续,LLM_SYNTHETIC_SPOKEN_BASE,SYNTHETIC_TEXT
m3sbv1_017476,店里我想问一下帮我把需要验证的地方列出来，免得后面又要重新弄,LLM_SYNTHETIC_SPOKEN_BASE,SYNTHETIC_TEXT
m3sbv1_017477,他麻烦你帮我找一下刚才那个页面，免得后面又要重新弄,LLM_SYNTHETIC_SPOKEN_BASE,SYNTHETIC_TEXT
m3sbv1_017478,应该帮我把需要验证的地方列出来，后面这边好安排,LLM_SYNTHETIC_SPOKEN_BASE,SYNTHETIC_TEXT
m3sbv1_017479,她早一点到的时候给我发个消息,LLM_SYNTHETIC_SPOKEN_BASE,SYNTHETIC_TEXT
m3sbv1_017480,帮我拿一下旁边那个袋子，如果不行就先别改,LLM_SYNTHETIC_SPOKEN_BASE,SYNTHETIC_TEXT
m3sbv1_017481,后面这边没别的要求，确认一下灯是不是都关了就可以,LLM_SYNTHETIC_SPOKEN_BASE,SYNTHETIC_TEXT
m3sbv1_017482,他这边没别的要求，看看前面是不是要左转就可以,LLM_SYNTHETIC_SPOKEN_BASE,SYNTHETIC_TEXT
m3sbv1_017483,他们这边没别的要求，确认一下退房时间是几点就可以,LLM_SYNTHETIC_SPOKEN_BASE,SYNTHETIC_TEXT
m3sbv1_017484,最近把这个先放到后面处理，我确认完再跟你说,LLM_SYNTHETIC_SPOKEN_BASE,SYNTHETIC_TEXT
m3sbv1_017485,昨天先别急，确认一下这份文件是不是最终版再继续,LLM_SYNTHETIC_SPOKEN_BASE,SYNTHETIC_TEXT
m3sbv1_017486,后面应该看看有没有更早一点的时间，免得后面又要重新弄,LLM_SYNTHETIC_SPOKEN_BASE,SYNTHETIC_TEXT
m3sbv1_017487,家里到时候看看能不能把时间往后挪一点是不是,LLM_SYNTHETIC_SPOKEN_BASE,SYNTHETIC_TEXT
m3sbv1_017488,我觉得把最新版本发给我看一下，他这边好安排,LLM_SYNTHETIC_SPOKEN_BASE,SYNTHETIC_TEXT
m3sbv1_017489,店里先确认一下是不是同一个订单可以吗,LLM_SYNTHETIC_SPOKEN_BASE,SYNTHETIC_TEXT
m3sbv1_017490,等一下问一下他们什么时候能到，我确认完再跟你说,LLM_SYNTHETIC_SPOKEN_BASE,SYNTHETIC_TEXT
m3sbv1_017491,现场这边没别的要求，确认一下停车要不要付费就可以,LLM_SYNTHETIC_SPOKEN_BASE,SYNTHETIC_TEXT
m3sbv1_017492,先帮我拿一下旁边那个袋子，我确认完再跟你说,LLM_SYNTHETIC_SPOKEN_BASE,SYNTHETIC_TEXT
m3sbv1_017493,我确认一下看看有没有影响到别的模块，我刚才没听太清楚,LLM_SYNTHETIC_SPOKEN_BASE,SYNTHETIC_TEXT
m3sbv1_017494,感觉先把旧的那套逻辑放一边，店里这边好安排,LLM_SYNTHETIC_SPOKEN_BASE,SYNTHETIC_TEXT
m3sbv1_017495,店里看起来帮我看看日志里有没有异常，免得后面又要重新弄,LLM_SYNTHETIC_SPOKEN_BASE,SYNTHETIC_TEXT
m3sbv1_017496,他感觉看看钥匙是不是还在车里，免得后面又要重新弄,LLM_SYNTHETIC_SPOKEN_BASE,SYNTHETIC_TEXT
m3sbv1_017497,要是方便的话看看这个杯子是不是我的，不用特意等我,LLM_SYNTHETIC_SPOKEN_BASE,SYNTHETIC_TEXT
m3sbv1_017498,你们之前帮我把需要验证的地方列出来可以吗,LLM_SYNTHETIC_SPOKEN_BASE,SYNTHETIC_TEXT
m3sbv1_017499,他这边没别的要求，看看能不能换成小份就可以,LLM_SYNTHETIC_SPOKEN_BASE,SYNTHETIC_TEXT
m3sbv1_017500,我估计看看是不是选错选项了，我刚才没听太清楚,LLM_SYNTHETIC_SPOKEN_BASE,SYNTHETIC_TEXT
m3sbv1_017501,他们应该确认一下退房时间是几点，免得后面又要重新弄,LLM_SYNTHETIC_SPOKEN_BASE,SYNTHETIC_TEXT
m3sbv1_017502,昨天先别急，把声音稍微调小一点再继续,LLM_SYNTHETIC_SPOKEN_BASE,SYNTHETIC_TEXT
m3sbv1_017503,前面我估计确认一下退房时间是几点，免得后面又要重新弄,LLM_SYNTHETIC_SPOKEN_BASE,SYNTHETIC_TEXT
m3sbv1_017504,先好像确认一下会议是不是改到下午了就行,LLM_SYNTHETIC_SPOKEN_BASE,SYNTHETIC_TEXT
m3sbv1_017505,你们这两天确认一下这份文件是不是最终版可以吗,LLM_SYNTHETIC_SPOKEN_BASE,SYNTHETIC_TEXT
m3sbv1_017506,后面之前再检查一遍有没有问题然后告诉我,LLM_SYNTHETIC_SPOKEN_BASE,SYNTHETIC_TEXT
m3sbv1_017507,店里我记得把门先关一下有点冷，免得后面又要重新弄,LLM_SYNTHETIC_SPOKEN_BASE,SYNTHETIC_TEXT
m3sbv1_017508,到时候问一下早餐几点开始，我确认完再跟你说,LLM_SYNTHETIC_SPOKEN_BASE,SYNTHETIC_TEXT
m3sbv1_017509,后面我觉得帮我问一下现在还能不能改，免得后面又要重新弄,LLM_SYNTHETIC_SPOKEN_BASE,SYNTHETIC_TEXT
m3sbv1_017510,他们这边没别的要求，看看这个价格有没有包含费用就可以,LLM_SYNTHETIC_SPOKEN_BASE,SYNTHETIC_TEXT
m3sbv1_017511,晚一点先别急，确认一下这份文件是不是最终版再继续,LLM_SYNTHETIC_SPOKEN_BASE,SYNTHETIC_TEXT
m3sbv1_017512,麻烦你看看这个结果和昨天是不是一样，我刚才没听太清楚,LLM_SYNTHETIC_SPOKEN_BASE,SYNTHETIC_TEXT
m3sbv1_017513,这两天把刚才那条消息再发我一次，我确认完再跟你说,LLM_SYNTHETIC_SPOKEN_BASE,SYNTHETIC_TEXT
m3sbv1_017514,我估计帮我查一下刚才是哪一步失败了，公司这边好安排,LLM_SYNTHETIC_SPOKEN_BASE,SYNTHETIC_TEXT
m3sbv1_017515,你这边没别的要求，先把这个问题单独记录下来就可以,LLM_SYNTHETIC_SPOKEN_BASE,SYNTHETIC_TEXT
m3sbv1_017516,我确认一下把位置发给我我自己过去，现场这边好安排,LLM_SYNTHETIC_SPOKEN_BASE,SYNTHETIC_TEXT
m3sbv1_017517,晚一点先别急，确认一下轮胎是不是有点软再继续,LLM_SYNTHETIC_SPOKEN_BASE,SYNTHETIC_TEXT
m3sbv1_017518,店里可能问一下这个能不能少放一点盐，免得后面又要重新弄,LLM_SYNTHETIC_SPOKEN_BASE,SYNTHETIC_TEXT
m3sbv1_017519,昨天我估计帮我确认一下负责人是谁我再决定,LLM_SYNTHETIC_SPOKEN_BASE,SYNTHETIC_TEXT
m3sbv1_017520,先看看谁还没有回复，我确认完再跟你说,LLM_SYNTHETIC_SPOKEN_BASE,SYNTHETIC_TEXT
m3sbv1_017521,店里我觉得确认一下这个功能是不是已经关掉了，免得后面又要重新弄,LLM_SYNTHETIC_SPOKEN_BASE,SYNTHETIC_TEXT
m3sbv1_017522,早一点我记得看看还有没有漏掉的步骤我怕等会儿忘了,LLM_SYNTHETIC_SPOKEN_BASE,SYNTHETIC_TEXT
m3sbv1_017523,感觉问一下能不能晚一点回来，你们这边好安排,LLM_SYNTHETIC_SPOKEN_BASE,SYNTHETIC_TEXT
m3sbv1_017524,你们一会儿问一下这个能不能少放一点盐可以吗,LLM_SYNTHETIC_SPOKEN_BASE,SYNTHETIC_TEXT
m3sbv1_017525,这边这边没别的要求，帮我确认一下负责人是谁就可以,LLM_SYNTHETIC_SPOKEN_BASE,SYNTHETIC_TEXT
m3sbv1_017526,公司今天帮我看看这个号码对不对就行,LLM_SYNTHETIC_SPOKEN_BASE,SYNTHETIC_TEXT
m3sbv1_017527,你们我听说帮我确认一下房间准备好了没有，免得后面又要重新弄,LLM_SYNTHETIC_SPOKEN_BASE,SYNTHETIC_TEXT
m3sbv1_017528,我想问一下先等等我马上就过来，我刚才没听太清楚,LLM_SYNTHETIC_SPOKEN_BASE,SYNTHETIC_TEXT
m3sbv1_017529,帮我看看附近有没有停车位，如果不行就先别改,LLM_SYNTHETIC_SPOKEN_BASE,SYNTHETIC_TEXT
m3sbv1_017530,先先别急，帮我拿一下旁边那个袋子再继续,LLM_SYNTHETIC_SPOKEN_BASE,SYNTHETIC_TEXT
m3sbv1_017531,我听说确认一下停车要不要付费，店里这边好安排,LLM_SYNTHETIC_SPOKEN_BASE,SYNTHETIC_TEXT
m3sbv1_017532,你们我听说帮我看看这个零件是不是松了，免得后面又要重新弄,LLM_SYNTHETIC_SPOKEN_BASE,SYNTHETIC_TEXT
m3sbv1_017533,家里刚才看看是不是还少了什么就行,LLM_SYNTHETIC_SPOKEN_BASE,SYNTHETIC_TEXT
m3sbv1_017534,后面一会儿试一下重新打开能不能用是不是,LLM_SYNTHETIC_SPOKEN_BASE,SYNTHETIC_TEXT
m3sbv1_017535,之前先别急，把这个先留着别动再继续,LLM_SYNTHETIC_SPOKEN_BASE,SYNTHETIC_TEXT
m3sbv1_017536,这边我估计确认一下名字有没有写错，免得后面又要重新弄,LLM_SYNTHETIC_SPOKEN_BASE,SYNTHETIC_TEXT
m3sbv1_017537,我想问一下把门先关一下有点冷，我刚才没听太清楚,LLM_SYNTHETIC_SPOKEN_BASE,SYNTHETIC_TEXT
m3sbv1_017538,我记得帮我确认一下负责人是谁，我刚才没听太清楚,LLM_SYNTHETIC_SPOKEN_BASE,SYNTHETIC_TEXT
m3sbv1_017539,看起来确认一下这个功能是不是已经关掉了，我这边好安排,LLM_SYNTHETIC_SPOKEN_BASE,SYNTHETIC_TEXT
m3sbv1_017540,到时候我确认一下帮我确认一下字段有没有变我再决定,LLM_SYNTHETIC_SPOKEN_BASE,SYNTHETIC_TEXT
m3sbv1_017541,那边感觉看看油还够不够，免得后面又要重新弄,LLM_SYNTHETIC_SPOKEN_BASE,SYNTHETIC_TEXT
m3sbv1_017542,我想问一下帮我问一下现在还能不能改，你们这边好安排,LLM_SYNTHETIC_SPOKEN_BASE,SYNTHETIC_TEXT
m3sbv1_017543,这边我记得帮我看看为什么还没收到，免得后面又要重新弄,LLM_SYNTHETIC_SPOKEN_BASE,SYNTHETIC_TEXT
m3sbv1_017544,到时候先别急，确认一下时间有没有改再继续,LLM_SYNTHETIC_SPOKEN_BASE,SYNTHETIC_TEXT
m3sbv1_017545,到时候先别急，看看钥匙是不是还在车里再继续,LLM_SYNTHETIC_SPOKEN_BASE,SYNTHETIC_TEXT
m3sbv1_017546,我们昨天确认一下轮胎是不是有点软我有点不确定,LLM_SYNTHETIC_SPOKEN_BASE,SYNTHETIC_TEXT
m3sbv1_017547,我确认一下帮我换一个安静一点的位置，我刚才没听太清楚,LLM_SYNTHETIC_SPOKEN_BASE,SYNTHETIC_TEXT
m3sbv1_017548,那边这边没别的要求，确认一下是不是已经下单了就可以,LLM_SYNTHETIC_SPOKEN_BASE,SYNTHETIC_TEXT
m3sbv1_017549,后面这边没别的要求，看看这个价格有没有包含费用就可以,LLM_SYNTHETIC_SPOKEN_BASE,SYNTHETIC_TEXT
m3sbv1_017550,之前我确认一下确认一下这个功能是不是已经关掉了可以吗,LLM_SYNTHETIC_SPOKEN_BASE,SYNTHETIC_TEXT
m3sbv1_017551,我们看起来看看这个接口是不是又报错了，免得后面又要重新弄,LLM_SYNTHETIC_SPOKEN_BASE,SYNTHETIC_TEXT
m3sbv1_017552,前面感觉确认一下时间有没有改，免得后面又要重新弄,LLM_SYNTHETIC_SPOKEN_BASE,SYNTHETIC_TEXT
m3sbv1_017553,昨天我听说帮我问一下还有没有空位行不行,LLM_SYNTHETIC_SPOKEN_BASE,SYNTHETIC_TEXT
m3sbv1_017554,他们这边没别的要求，帮我看看附近有没有停车位就可以,LLM_SYNTHETIC_SPOKEN_BASE,SYNTHETIC_TEXT
m3sbv1_017555,后面这边没别的要求，确认一下轮胎是不是有点软就可以,LLM_SYNTHETIC_SPOKEN_BASE,SYNTHETIC_TEXT
m3sbv1_017556,等一下看起来先别取消我再确认一下行不行,LLM_SYNTHETIC_SPOKEN_BASE,SYNTHETIC_TEXT
m3sbv1_017557,现场这两天确认一下文件有没有传成功吧,LLM_SYNTHETIC_SPOKEN_BASE,SYNTHETIC_TEXT
m3sbv1_017558,我们到时候帮我问一下现在还能不能改就行,LLM_SYNTHETIC_SPOKEN_BASE,SYNTHETIC_TEXT
m3sbv1_017559,你们晚一点帮我看看这个菜里面有没有辣椒我想先确认清楚,LLM_SYNTHETIC_SPOKEN_BASE,SYNTHETIC_TEXT
m3sbv1_017560,我们看起来帮我看看日志里有没有异常，免得后面又要重新弄,LLM_SYNTHETIC_SPOKEN_BASE,SYNTHETIC_TEXT
m3sbv1_017561,我听说把门先关一下有点冷，你们这边好安排,LLM_SYNTHETIC_SPOKEN_BASE,SYNTHETIC_TEXT
m3sbv1_017562,晚一点我听说看看有没有不用排队的办法别弄错了,LLM_SYNTHETIC_SPOKEN_BASE,SYNTHETIC_TEXT
m3sbv1_017563,等一下好像帮我问一下还有没有空位然后告诉我,LLM_SYNTHETIC_SPOKEN_BASE,SYNTHETIC_TEXT
m3sbv1_017564,明天麻烦你帮我换一个安静一点的位置我怕等会儿忘了,LLM_SYNTHETIC_SPOKEN_BASE,SYNTHETIC_TEXT
m3sbv1_017565,他们可能确认一下测试结果有没有更新，免得后面又要重新弄,LLM_SYNTHETIC_SPOKEN_BASE,SYNTHETIC_TEXT
m3sbv1_017566,应该看看这个价格有没有包含费用，我刚才没听太清楚,LLM_SYNTHETIC_SPOKEN_BASE,SYNTHETIC_TEXT
m3sbv1_017567,现在感觉确认一下会议是不是改到下午了吧,LLM_SYNTHETIC_SPOKEN_BASE,SYNTHETIC_TEXT
m3sbv1_017568,那边应该确认一下时间有没有改，免得后面又要重新弄,LLM_SYNTHETIC_SPOKEN_BASE,SYNTHETIC_TEXT
m3sbv1_017569,你我估计看看谁还没有回复，免得后面又要重新弄,LLM_SYNTHETIC_SPOKEN_BASE,SYNTHETIC_TEXT
m3sbv1_017570,应该看看油还够不够，我这边好安排,LLM_SYNTHETIC_SPOKEN_BASE,SYNTHETIC_TEXT
m3sbv1_017571,我一会儿帮我把需要验证的地方列出来,LLM_SYNTHETIC_SPOKEN_BASE,SYNTHETIC_TEXT
m3sbv1_017572,一会儿先别急，确认一下灯是不是都关了再继续,LLM_SYNTHETIC_SPOKEN_BASE,SYNTHETIC_TEXT
m3sbv1_017573,我们我记得看看还有没有漏掉的步骤，免得后面又要重新弄,LLM_SYNTHETIC_SPOKEN_BASE,SYNTHETIC_TEXT
m3sbv1_017574,看看有没有不用排队的办法，有变化的话提前告诉我,LLM_SYNTHETIC_SPOKEN_BASE,SYNTHETIC_TEXT
m3sbv1_017575,他应该帮我问一下还有没有空位，免得后面又要重新弄,LLM_SYNTHETIC_SPOKEN_BASE,SYNTHETIC_TEXT
m3sbv1_017576,先先把这个问题单独记录下来，我确认完再跟你说,LLM_SYNTHETIC_SPOKEN_BASE,SYNTHETIC_TEXT
m3sbv1_017577,昨天我估计看看是不是选错选项了别弄错了,LLM_SYNTHETIC_SPOKEN_BASE,SYNTHETIC_TEXT
m3sbv1_017578,这两天麻烦你帮我查一下刚才是哪一步失败了,LLM_SYNTHETIC_SPOKEN_BASE,SYNTHETIC_TEXT
m3sbv1_017579,他们我确认一下先把这一项记下来，免得后面又要重新弄,LLM_SYNTHETIC_SPOKEN_BASE,SYNTHETIC_TEXT
m3sbv1_017580,店里最近看看能不能多拿一条毛巾可以吗,LLM_SYNTHETIC_SPOKEN_BASE,SYNTHETIC_TEXT
m3sbv1_017581,那边晚一点确认一下灯是不是都关了别弄错了,LLM_SYNTHETIC_SPOKEN_BASE,SYNTHETIC_TEXT
m3sbv1_017582,我记得看看是不是网络又断了，现场这边好安排,LLM_SYNTHETIC_SPOKEN_BASE,SYNTHETIC_TEXT
m3sbv1_017583,到时候感觉确认一下是不是同一个订单行不行,LLM_SYNTHETIC_SPOKEN_BASE,SYNTHETIC_TEXT
m3sbv1_017584,她我想问一下试一下重新打开能不能用，免得后面又要重新弄,LLM_SYNTHETIC_SPOKEN_BASE,SYNTHETIC_TEXT
m3sbv1_017585,最近可能看看有没有不用排队的办法,LLM_SYNTHETIC_SPOKEN_BASE,SYNTHETIC_TEXT
m3sbv1_017586,看起来看看还有没有漏掉的步骤，那边这边好安排,LLM_SYNTHETIC_SPOKEN_BASE,SYNTHETIC_TEXT
m3sbv1_017587,最近我想问一下看看数据是不是重复了我想先确认清楚,LLM_SYNTHETIC_SPOKEN_BASE,SYNTHETIC_TEXT
m3sbv1_017588,家里好像确认一下文件有没有传成功，免得后面又要重新弄,LLM_SYNTHETIC_SPOKEN_BASE,SYNTHETIC_TEXT
m3sbv1_017589,家里晚一点先把现在的结果保存下来,LLM_SYNTHETIC_SPOKEN_BASE,SYNTHETIC_TEXT
m3sbv1_017590,现在我确认一下问一下能不能晚一点回来我想先确认清楚,LLM_SYNTHETIC_SPOKEN_BASE,SYNTHETIC_TEXT
m3sbv1_017591,你们这两天确认一下这份文件是不是最终版我有点不确定,LLM_SYNTHETIC_SPOKEN_BASE,SYNTHETIC_TEXT
m3sbv1_017592,我听说看看能不能多拿一条毛巾，她这边好安排,LLM_SYNTHETIC_SPOKEN_BASE,SYNTHETIC_TEXT
m3sbv1_017593,你们这边没别的要求，确认一下这次只改这一部分就可以,LLM_SYNTHETIC_SPOKEN_BASE,SYNTHETIC_TEXT
m3sbv1_017594,这两天看起来看看是不是网络又断了是不是,LLM_SYNTHETIC_SPOKEN_BASE,SYNTHETIC_TEXT
m3sbv1_017595,现场明天帮我确认一下字段有没有变我想先确认清楚,LLM_SYNTHETIC_SPOKEN_BASE,SYNTHETIC_TEXT
m3sbv1_017596,他应该把这个先放到后面处理，免得后面又要重新弄,LLM_SYNTHETIC_SPOKEN_BASE,SYNTHETIC_TEXT
m3sbv1_017597,昨天我确认一下确认一下这次只改这一部分我怕等会儿忘了,LLM_SYNTHETIC_SPOKEN_BASE,SYNTHETIC_TEXT
m3sbv1_017598,我确认一下看看谁还没有回复，公司这边好安排,LLM_SYNTHETIC_SPOKEN_BASE,SYNTHETIC_TEXT
m3sbv1_017599,晚一点应该帮我确认一下负责人是谁,LLM_SYNTHETIC_SPOKEN_BASE,SYNTHETIC_TEXT
m3sbv1_017600,今天帮我把水再加一点，我确认完再跟你说,LLM_SYNTHETIC_SPOKEN_BASE,SYNTHETIC_TEXT
m3sbv1_017601,一会儿看看空调能不能调高一点，我确认完再跟你说,LLM_SYNTHETIC_SPOKEN_BASE,SYNTHETIC_TEXT
m3sbv1_017602,晚一点把地址再确认一下，我确认完再跟你说,LLM_SYNTHETIC_SPOKEN_BASE,SYNTHETIC_TEXT
m3sbv1_017603,好像看看有没有更早一点的时间，那边这边好安排,LLM_SYNTHETIC_SPOKEN_BASE,SYNTHETIC_TEXT
m3sbv1_017604,他们我估计帮我问一下现在还能不能改，免得后面又要重新弄,LLM_SYNTHETIC_SPOKEN_BASE,SYNTHETIC_TEXT
m3sbv1_017605,现在看起来问一下他们什么时候能到我有点不确定,LLM_SYNTHETIC_SPOKEN_BASE,SYNTHETIC_TEXT
m3sbv1_017606,公司明天看看是不是选错选项了可以吗,LLM_SYNTHETIC_SPOKEN_BASE,SYNTHETIC_TEXT
m3sbv1_017607,等一下确认一下退房时间是几点，我确认完再跟你说,LLM_SYNTHETIC_SPOKEN_BASE,SYNTHETIC_TEXT
m3sbv1_017608,明天先别急，看看这个东西应该放哪里再继续,LLM_SYNTHETIC_SPOKEN_BASE,SYNTHETIC_TEXT
m3sbv1_017609,之前我听说帮我拿一下旁边那个袋子我怕等会儿忘了,LLM_SYNTHETIC_SPOKEN_BASE,SYNTHETIC_TEXT
m3sbv1_017610,前面这边没别的要求，确认一下轮胎是不是有点软就可以,LLM_SYNTHETIC_SPOKEN_BASE,SYNTHETIC_TEXT
m3sbv1_017611,到时候先别急，看看空调能不能调高一点再继续,LLM_SYNTHETIC_SPOKEN_BASE,SYNTHETIC_TEXT
m3sbv1_017612,现场这边没别的要求，帮我问一下还有没有空位就可以,LLM_SYNTHETIC_SPOKEN_BASE,SYNTHETIC_TEXT
m3sbv1_017613,晚一点看起来确认一下服务有没有启动行不行,LLM_SYNTHETIC_SPOKEN_BASE,SYNTHETIC_TEXT
m3sbv1_017614,你们我听说确认一下是不是从这里集合，免得后面又要重新弄,LLM_SYNTHETIC_SPOKEN_BASE,SYNTHETIC_TEXT
m3sbv1_017615,这边明天帮我看看这个号码对不对别弄错了,LLM_SYNTHETIC_SPOKEN_BASE,SYNTHETIC_TEXT
m3sbv1_017616,这两天再检查一遍有没有问题，我确认完再跟你说,LLM_SYNTHETIC_SPOKEN_BASE,SYNTHETIC_TEXT
m3sbv1_017617,今天我确认一下看看油还够不够我怕等会儿忘了,LLM_SYNTHETIC_SPOKEN_BASE,SYNTHETIC_TEXT
m3sbv1_017618,现在我记得把这个问题先记到清单里我怕等会儿忘了,LLM_SYNTHETIC_SPOKEN_BASE,SYNTHETIC_TEXT
m3sbv1_017619,昨天看起来确认一下是不是从这里集合然后告诉我,LLM_SYNTHETIC_SPOKEN_BASE,SYNTHETIC_TEXT
m3sbv1_017620,你们现在把地址再确认一下就行,LLM_SYNTHETIC_SPOKEN_BASE,SYNTHETIC_TEXT
m3sbv1_017621,现场最近看看这个版本是不是最新的是不是,LLM_SYNTHETIC_SPOKEN_BASE,SYNTHETIC_TEXT
m3sbv1_017622,麻烦你帮我问一下还有没有空位，你们这边好安排,LLM_SYNTHETIC_SPOKEN_BASE,SYNTHETIC_TEXT
m3sbv1_017623,我想问一下确认一下入口是不是在这边，我刚才没听太清楚,LLM_SYNTHETIC_SPOKEN_BASE,SYNTHETIC_TEXT
m3sbv1_017624,先我记得告诉我大概还要多久吧,LLM_SYNTHETIC_SPOKEN_BASE,SYNTHETIC_TEXT
m3sbv1_017625,公司我听说看看有没有更早一点的时间，免得后面又要重新弄,LLM_SYNTHETIC_SPOKEN_BASE,SYNTHETIC_TEXT
m3sbv1_017626,看起来看一下这个是不是放错地方了，现场这边好安排,LLM_SYNTHETIC_SPOKEN_BASE,SYNTHETIC_TEXT
m3sbv1_017627,你们最近看看谁还没有回复就行,LLM_SYNTHETIC_SPOKEN_BASE,SYNTHETIC_TEXT
m3sbv1_017628,之前应该确认一下名字有没有写错是不是,LLM_SYNTHETIC_SPOKEN_BASE,SYNTHETIC_TEXT
m3sbv1_017629,我我想问一下先把旧的那套逻辑放一边，免得后面又要重新弄,LLM_SYNTHETIC_SPOKEN_BASE,SYNTHETIC_TEXT
m3sbv1_017630,好像帮我看看行李放在哪里，这边这边好安排,LLM_SYNTHETIC_SPOKEN_BASE,SYNTHETIC_TEXT
m3sbv1_017631,到时候我觉得先把现在的结果保存下来行不行,LLM_SYNTHETIC_SPOKEN_BASE,SYNTHETIC_TEXT
m3sbv1_017632,店里晚一点帮我把水再加一点别弄错了,LLM_SYNTHETIC_SPOKEN_BASE,SYNTHETIC_TEXT
m3sbv1_017633,等一下我确认一下看一下这个是不是放错地方了就行,LLM_SYNTHETIC_SPOKEN_BASE,SYNTHETIC_TEXT
m3sbv1_017634,刚才先别急，看看这个价格有没有包含费用再继续,LLM_SYNTHETIC_SPOKEN_BASE,SYNTHETIC_TEXT
m3sbv1_017635,我们我听说问一下这个能不能少放一点盐，免得后面又要重新弄,LLM_SYNTHETIC_SPOKEN_BASE,SYNTHETIC_TEXT
m3sbv1_017636,我这边没别的要求，确认一下是不是已经下单了就可以,LLM_SYNTHETIC_SPOKEN_BASE,SYNTHETIC_TEXT
m3sbv1_017637,你们这边没别的要求，看看这个杯子是不是我的就可以,LLM_SYNTHETIC_SPOKEN_BASE,SYNTHETIC_TEXT
m3sbv1_017638,看看能不能换成小份，如果不行就先别改,LLM_SYNTHETIC_SPOKEN_BASE,SYNTHETIC_TEXT
m3sbv1_017639,之前我确认一下确认一下是不是已经下单了然后告诉我,LLM_SYNTHETIC_SPOKEN_BASE,SYNTHETIC_TEXT
m3sbv1_017640,你们我想问一下告诉我大概还要多久，免得后面又要重新弄,LLM_SYNTHETIC_SPOKEN_BASE,SYNTHETIC_TEXT
m3sbv1_017641,到时候可能看看这个杯子是不是我的就行,LLM_SYNTHETIC_SPOKEN_BASE,SYNTHETIC_TEXT
m3sbv1_017642,等一下确认一下测试结果有没有更新，我确认完再跟你说,LLM_SYNTHETIC_SPOKEN_BASE,SYNTHETIC_TEXT
m3sbv1_017643,早一点先别急，看看能不能换成小份再继续,LLM_SYNTHETIC_SPOKEN_BASE,SYNTHETIC_TEXT
m3sbv1_017644,早一点帮我查一下刚才是哪一步失败了，我确认完再跟你说,LLM_SYNTHETIC_SPOKEN_BASE,SYNTHETIC_TEXT
m3sbv1_017645,她我估计看看有没有不用排队的办法，免得后面又要重新弄,LLM_SYNTHETIC_SPOKEN_BASE,SYNTHETIC_TEXT
m3sbv1_017646,我们先确认一下这次只改这一部分我想先确认清楚,LLM_SYNTHETIC_SPOKEN_BASE,SYNTHETIC_TEXT
m3sbv1_017647,家里我觉得先把这一项记下来，免得后面又要重新弄,LLM_SYNTHETIC_SPOKEN_BASE,SYNTHETIC_TEXT
m3sbv1_017648,我我确认一下问一下早餐几点开始，免得后面又要重新弄,LLM_SYNTHETIC_SPOKEN_BASE,SYNTHETIC_TEXT
m3sbv1_017649,看起来看看油还够不够，你这边好安排,LLM_SYNTHETIC_SPOKEN_BASE,SYNTHETIC_TEXT
m3sbv1_017650,公司现在问一下还能不能加一个人我想先确认清楚,LLM_SYNTHETIC_SPOKEN_BASE,SYNTHETIC_TEXT
m3sbv1_017651,最近可能把位置发给我我自己过去我怕等会儿忘了,LLM_SYNTHETIC_SPOKEN_BASE,SYNTHETIC_TEXT
m3sbv1_017652,最近好像看看是不是配置没有生效可以吗,LLM_SYNTHETIC_SPOKEN_BASE,SYNTHETIC_TEXT
m3sbv1_017653,她之前确认一下今天是不是正常营业是不是,LLM_SYNTHETIC_SPOKEN_BASE,SYNTHETIC_TEXT
m3sbv1_017654,我之前看看谁还没有回复我想先确认清楚,LLM_SYNTHETIC_SPOKEN_BASE,SYNTHETIC_TEXT
m3sbv1_017655,晚一点我记得帮我找一下充电线放哪了就行,LLM_SYNTHETIC_SPOKEN_BASE,SYNTHETIC_TEXT
m3sbv1_017656,这边麻烦你帮我把重复的内容删掉，免得后面又要重新弄,LLM_SYNTHETIC_SPOKEN_BASE,SYNTHETIC_TEXT
m3sbv1_017657,那边昨天确认一下要不要提前预约行不行,LLM_SYNTHETIC_SPOKEN_BASE,SYNTHETIC_TEXT
m3sbv1_017658,先告诉我大概还要多久，我确认完再跟你说,LLM_SYNTHETIC_SPOKEN_BASE,SYNTHETIC_TEXT
m3sbv1_017659,我们这边没别的要求，确认一下车是不是停在外面就可以,LLM_SYNTHETIC_SPOKEN_BASE,SYNTHETIC_TEXT
m3sbv1_017660,后面我听说帮我拿一下旁边那个袋子，免得后面又要重新弄,LLM_SYNTHETIC_SPOKEN_BASE,SYNTHETIC_TEXT
m3sbv1_017661,公司一会儿先把这一项记下来我怕等会儿忘了,LLM_SYNTHETIC_SPOKEN_BASE,SYNTHETIC_TEXT
m3sbv1_017662,麻烦你帮我问一下现在还能不能改，那边这边好安排,LLM_SYNTHETIC_SPOKEN_BASE,SYNTHETIC_TEXT
m3sbv1_017663,早一点先别急，看看是不是网络又断了再继续,LLM_SYNTHETIC_SPOKEN_BASE,SYNTHETIC_TEXT
m3sbv1_017664,她这边没别的要求，确认一下这份文件是不是最终版就可以,LLM_SYNTHETIC_SPOKEN_BASE,SYNTHETIC_TEXT
m3sbv1_017665,我们明天确认一下是不是已经下单了然后告诉我,LLM_SYNTHETIC_SPOKEN_BASE,SYNTHETIC_TEXT
m3sbv1_017666,店里晚一点看看这个杯子是不是我的,LLM_SYNTHETIC_SPOKEN_BASE,SYNTHETIC_TEXT
m3sbv1_017667,前面这边没别的要求，帮我看看为什么还没收到就可以,LLM_SYNTHETIC_SPOKEN_BASE,SYNTHETIC_TEXT
m3sbv1_017668,之前把刚才说的重点再讲一遍，我确认完再跟你说,LLM_SYNTHETIC_SPOKEN_BASE,SYNTHETIC_TEXT
m3sbv1_017669,好像确认一下名字有没有写错，你这边好安排,LLM_SYNTHETIC_SPOKEN_BASE,SYNTHETIC_TEXT
m3sbv1_017670,你们可能确认一下是不是从这里集合，免得后面又要重新弄,LLM_SYNTHETIC_SPOKEN_BASE,SYNTHETIC_TEXT
m3sbv1_017671,现在帮我看看行李放在哪里，我确认完再跟你说,LLM_SYNTHETIC_SPOKEN_BASE,SYNTHETIC_TEXT
m3sbv1_017672,前面我估计看看是不是配置没有生效，免得后面又要重新弄,LLM_SYNTHETIC_SPOKEN_BASE,SYNTHETIC_TEXT
m3sbv1_017673,可能把这个问题先记到清单里，他这边好安排,LLM_SYNTHETIC_SPOKEN_BASE,SYNTHETIC_TEXT
m3sbv1_017674,前面应该确认一下这次只改这一部分，免得后面又要重新弄,LLM_SYNTHETIC_SPOKEN_BASE,SYNTHETIC_TEXT
m3sbv1_017675,现在我觉得确认一下灯是不是都关了别弄错了,LLM_SYNTHETIC_SPOKEN_BASE,SYNTHETIC_TEXT
m3sbv1_017676,那边昨天确认一下名字有没有写错是不是,LLM_SYNTHETIC_SPOKEN_BASE,SYNTHETIC_TEXT
m3sbv1_017677,你我估计看看这个结果和昨天是不是一样，免得后面又要重新弄,LLM_SYNTHETIC_SPOKEN_BASE,SYNTHETIC_TEXT
m3sbv1_017678,现场好像看看能不能多拿一条毛巾，免得后面又要重新弄,LLM_SYNTHETIC_SPOKEN_BASE,SYNTHETIC_TEXT
m3sbv1_017679,家里我估计告诉我大概还要多久，免得后面又要重新弄,LLM_SYNTHETIC_SPOKEN_BASE,SYNTHETIC_TEXT
m3sbv1_017680,到时候麻烦你先把这个问题单独记录下来是不是,LLM_SYNTHETIC_SPOKEN_BASE,SYNTHETIC_TEXT
m3sbv1_017681,可能确认一下是不是已经付过了，你们这边好安排,LLM_SYNTHETIC_SPOKEN_BASE,SYNTHETIC_TEXT
m3sbv1_017682,你们今天看看能不能把时间往后挪一点吧,LLM_SYNTHETIC_SPOKEN_BASE,SYNTHETIC_TEXT
m3sbv1_017683,他们昨天看看有没有影响到别的模块是不是,LLM_SYNTHETIC_SPOKEN_BASE,SYNTHETIC_TEXT
m3sbv1_017684,一会儿我想问一下确认一下今天是不是正常营业,LLM_SYNTHETIC_SPOKEN_BASE,SYNTHETIC_TEXT
m3sbv1_017685,我记得先把这一项记下来，我刚才没听太清楚,LLM_SYNTHETIC_SPOKEN_BASE,SYNTHETIC_TEXT
m3sbv1_017686,晚一点先别急，帮我把水再加一点再继续,LLM_SYNTHETIC_SPOKEN_BASE,SYNTHETIC_TEXT
m3sbv1_017687,店里感觉先把这个问题单独记录下来，免得后面又要重新弄,LLM_SYNTHETIC_SPOKEN_BASE,SYNTHETIC_TEXT
m3sbv1_017688,他们刚才确认一下是不是从这里集合行不行,LLM_SYNTHETIC_SPOKEN_BASE,SYNTHETIC_TEXT
m3sbv1_017689,她到时候把门先关一下有点冷我再决定,LLM_SYNTHETIC_SPOKEN_BASE,SYNTHETIC_TEXT
m3sbv1_017690,后面等一下看看是不是配置没有生效我想先确认清楚,LLM_SYNTHETIC_SPOKEN_BASE,SYNTHETIC_TEXT
m3sbv1_017691,等一下我觉得帮我看看这个菜里面有没有辣椒然后告诉我,LLM_SYNTHETIC_SPOKEN_BASE,SYNTHETIC_TEXT
m3sbv1_017692,等一下看起来把位置发给我我自己过去,LLM_SYNTHETIC_SPOKEN_BASE,SYNTHETIC_TEXT
m3sbv1_017693,看起来看看油还够不够，我这边好安排,LLM_SYNTHETIC_SPOKEN_BASE,SYNTHETIC_TEXT
m3sbv1_017694,我觉得帮我看看为什么还没收到，我刚才没听太清楚,LLM_SYNTHETIC_SPOKEN_BASE,SYNTHETIC_TEXT
m3sbv1_017695,这边刚才确认一下轮胎是不是有点软我有点不确定,LLM_SYNTHETIC_SPOKEN_BASE,SYNTHETIC_TEXT
m3sbv1_017696,刚才应该帮我听一下这个声音正不正常,LLM_SYNTHETIC_SPOKEN_BASE,SYNTHETIC_TEXT
m3sbv1_017697,刚才先别急，看看这个版本是不是最新的再继续,LLM_SYNTHETIC_SPOKEN_BASE,SYNTHETIC_TEXT
m3sbv1_017698,感觉先把这一项记下来，你们这边好安排,LLM_SYNTHETIC_SPOKEN_BASE,SYNTHETIC_TEXT
m3sbv1_017699,明天看看导航是不是带错路了，我确认完再跟你说,LLM_SYNTHETIC_SPOKEN_BASE,SYNTHETIC_TEXT
m3sbv1_017700,感觉看看这个东西应该放哪里，他这边好安排,LLM_SYNTHETIC_SPOKEN_BASE,SYNTHETIC_TEXT
m3sbv1_017701,你们麻烦你看看能不能多拿一条毛巾，免得后面又要重新弄,LLM_SYNTHETIC_SPOKEN_BASE,SYNTHETIC_TEXT
m3sbv1_017702,我确认一下帮我看看行李放在哪里，你这边好安排,LLM_SYNTHETIC_SPOKEN_BASE,SYNTHETIC_TEXT
m3sbv1_017703,今天我听说把刚才那条消息再发我一次我怕等会儿忘了,LLM_SYNTHETIC_SPOKEN_BASE,SYNTHETIC_TEXT
m3sbv1_017704,现场一会儿把刚才说的重点再讲一遍我想先确认清楚,LLM_SYNTHETIC_SPOKEN_BASE,SYNTHETIC_TEXT
m3sbv1_017705,我我想问一下问一下这个能不能少放一点盐，免得后面又要重新弄,LLM_SYNTHETIC_SPOKEN_BASE,SYNTHETIC_TEXT
m3sbv1_017706,最近先别急，帮我看看行李放在哪里再继续,LLM_SYNTHETIC_SPOKEN_BASE,SYNTHETIC_TEXT
m3sbv1_017707,到时候看起来把这个先放到后面处理别弄错了,LLM_SYNTHETIC_SPOKEN_BASE,SYNTHETIC_TEXT
m3sbv1_017708,公司早一点确认一下是不是已经下单了可以吗,LLM_SYNTHETIC_SPOKEN_BASE,SYNTHETIC_TEXT
m3sbv1_017709,我记得帮我把重复的内容删掉，我刚才没听太清楚,LLM_SYNTHETIC_SPOKEN_BASE,SYNTHETIC_TEXT
m3sbv1_017710,好像帮我把重复的内容删掉，店里这边好安排,LLM_SYNTHETIC_SPOKEN_BASE,SYNTHETIC_TEXT
m3sbv1_017711,等一下看看是不是还少了什么，我确认完再跟你说,LLM_SYNTHETIC_SPOKEN_BASE,SYNTHETIC_TEXT
m3sbv1_017712,今天再检查一遍有没有问题，我确认完再跟你说,LLM_SYNTHETIC_SPOKEN_BASE,SYNTHETIC_TEXT
m3sbv1_017713,今天可能看看钥匙是不是还在车里可以吗,LLM_SYNTHETIC_SPOKEN_BASE,SYNTHETIC_TEXT
m3sbv1_017714,他晚一点看看能不能换成小份别弄错了,LLM_SYNTHETIC_SPOKEN_BASE,SYNTHETIC_TEXT
m3sbv1_017715,那边这边没别的要求，帮我看看这个零件是不是松了就可以,LLM_SYNTHETIC_SPOKEN_BASE,SYNTHETIC_TEXT
m3sbv1_017716,晚一点确认一下这次只改这一部分，我确认完再跟你说,LLM_SYNTHETIC_SPOKEN_BASE,SYNTHETIC_TEXT
m3sbv1_017717,确认一下是不是已经下单了以后跟我说一声就行,LLM_SYNTHETIC_SPOKEN_BASE,SYNTHETIC_TEXT
m3sbv1_017718,麻烦你帮我问一下还有没有空位，你这边好安排,LLM_SYNTHETIC_SPOKEN_BASE,SYNTHETIC_TEXT
m3sbv1_017719,等一下看看油还够不够，我确认完再跟你说,LLM_SYNTHETIC_SPOKEN_BASE,SYNTHETIC_TEXT
m3sbv1_017720,最近帮我查一下刚才是哪一步失败了，我确认完再跟你说,LLM_SYNTHETIC_SPOKEN_BASE,SYNTHETIC_TEXT
m3sbv1_017721,看起来确认一下是不是已经付过了，公司这边好安排,LLM_SYNTHETIC_SPOKEN_BASE,SYNTHETIC_TEXT
m3sbv1_017722,等一下麻烦你帮我确认一下负责人是谁是不是,LLM_SYNTHETIC_SPOKEN_BASE,SYNTHETIC_TEXT
m3sbv1_017723,明天我记得确认一下是不是已经下单了是不是,LLM_SYNTHETIC_SPOKEN_BASE,SYNTHETIC_TEXT
m3sbv1_017724,刚才先别急，帮我把需要验证的地方列出来再继续,LLM_SYNTHETIC_SPOKEN_BASE,SYNTHETIC_TEXT
m3sbv1_017725,现场这边没别的要求，看看是不是网络又断了就可以,LLM_SYNTHETIC_SPOKEN_BASE,SYNTHETIC_TEXT
m3sbv1_017726,看看空调能不能调高一点以后跟我说一声就行,LLM_SYNTHETIC_SPOKEN_BASE,SYNTHETIC_TEXT
m3sbv1_017727,后面等一下看看能不能多拿一条毛巾,LLM_SYNTHETIC_SPOKEN_BASE,SYNTHETIC_TEXT
m3sbv1_017728,麻烦你把声音稍微调小一点，我刚才没听太清楚,LLM_SYNTHETIC_SPOKEN_BASE,SYNTHETIC_TEXT
m3sbv1_017729,他之前帮我确认一下字段有没有变可以吗,LLM_SYNTHETIC_SPOKEN_BASE,SYNTHETIC_TEXT
m3sbv1_017730,这两天我估计帮我换一个安静一点的位置我再决定,LLM_SYNTHETIC_SPOKEN_BASE,SYNTHETIC_TEXT
m3sbv1_017731,你我想问一下先把现在的结果保存下来，免得后面又要重新弄,LLM_SYNTHETIC_SPOKEN_BASE,SYNTHETIC_TEXT
m3sbv1_017732,今天可能帮我看看日志里有没有异常我有点不确定,LLM_SYNTHETIC_SPOKEN_BASE,SYNTHETIC_TEXT
m3sbv1_017733,昨天我记得帮我看看日志里有没有异常行不行,LLM_SYNTHETIC_SPOKEN_BASE,SYNTHETIC_TEXT
m3sbv1_017734,今天先别急，把这个问题先记到清单里再继续,LLM_SYNTHETIC_SPOKEN_BASE,SYNTHETIC_TEXT
m3sbv1_017735,等一下问一下这个能不能少放一点盐，我确认完再跟你说,LLM_SYNTHETIC_SPOKEN_BASE,SYNTHETIC_TEXT
m3sbv1_017736,我听说看看这个价格有没有包含费用，我刚才没听太清楚,LLM_SYNTHETIC_SPOKEN_BASE,SYNTHETIC_TEXT
m3sbv1_017737,早一点把门先关一下有点冷，我确认完再跟你说,LLM_SYNTHETIC_SPOKEN_BASE,SYNTHETIC_TEXT
m3sbv1_017738,前面明天帮我把需要验证的地方列出来吧,LLM_SYNTHETIC_SPOKEN_BASE,SYNTHETIC_TEXT
m3sbv1_017739,麻烦你确认一下车是不是停在外面，你这边好安排,LLM_SYNTHETIC_SPOKEN_BASE,SYNTHETIC_TEXT
m3sbv1_017740,我想问一下确认一下是不是已经付过了，前面这边好安排,LLM_SYNTHETIC_SPOKEN_BASE,SYNTHETIC_TEXT
m3sbv1_017741,家里等一下问一下回来的车几点出发我再决定,LLM_SYNTHETIC_SPOKEN_BASE,SYNTHETIC_TEXT
m3sbv1_017742,昨天把位置发给我我自己过去，我确认完再跟你说,LLM_SYNTHETIC_SPOKEN_BASE,SYNTHETIC_TEXT
m3sbv1_017743,我确认一下看看有没有更早一点的时间，我刚才没听太清楚,LLM_SYNTHETIC_SPOKEN_BASE,SYNTHETIC_TEXT
m3sbv1_017744,公司刚才看看这个价格有没有包含费用别弄错了,LLM_SYNTHETIC_SPOKEN_BASE,SYNTHETIC_TEXT
m3sbv1_017745,现场今天问一下回来的车几点出发是不是,LLM_SYNTHETIC_SPOKEN_BASE,SYNTHETIC_TEXT
m3sbv1_017746,前面我记得帮我听一下这个声音正不正常，免得后面又要重新弄,LLM_SYNTHETIC_SPOKEN_BASE,SYNTHETIC_TEXT
m3sbv1_017747,公司现在把这个先留着别动我有点不确定,LLM_SYNTHETIC_SPOKEN_BASE,SYNTHETIC_TEXT
m3sbv1_017748,我想问一下帮我听一下这个声音正不正常，你这边好安排,LLM_SYNTHETIC_SPOKEN_BASE,SYNTHETIC_TEXT
m3sbv1_017749,刚才我觉得试一下重新打开能不能用是不是,LLM_SYNTHETIC_SPOKEN_BASE,SYNTHETIC_TEXT
m3sbv1_017750,店里等一下帮我确认一下字段有没有变我有点不确定,LLM_SYNTHETIC_SPOKEN_BASE,SYNTHETIC_TEXT
m3sbv1_017751,现场好像帮我问一下现在还能不能改，免得后面又要重新弄,LLM_SYNTHETIC_SPOKEN_BASE,SYNTHETIC_TEXT
m3sbv1_017752,现在看起来看看空调能不能调高一点然后告诉我,LLM_SYNTHETIC_SPOKEN_BASE,SYNTHETIC_TEXT
m3sbv1_017753,今天帮我看看为什么还没收到，我确认完再跟你说,LLM_SYNTHETIC_SPOKEN_BASE,SYNTHETIC_TEXT
m3sbv1_017754,看起来帮我看看行李放在哪里，你这边好安排,LLM_SYNTHETIC_SPOKEN_BASE,SYNTHETIC_TEXT
m3sbv1_017755,感觉把地址再确认一下，他们这边好安排,LLM_SYNTHETIC_SPOKEN_BASE,SYNTHETIC_TEXT
m3sbv1_017756,先应该确认一下停车要不要付费然后告诉我,LLM_SYNTHETIC_SPOKEN_BASE,SYNTHETIC_TEXT
m3sbv1_017757,昨天我确认一下看看前面能不能掉头可以吗,LLM_SYNTHETIC_SPOKEN_BASE,SYNTHETIC_TEXT
m3sbv1_017758,他这边没别的要求，再检查一遍有没有问题就可以,LLM_SYNTHETIC_SPOKEN_BASE,SYNTHETIC_TEXT
m3sbv1_017759,我记得确认一下退房时间是几点，我刚才没听太清楚,LLM_SYNTHETIC_SPOKEN_BASE,SYNTHETIC_TEXT
m3sbv1_017760,早一点麻烦你看看能不能换成小份,LLM_SYNTHETIC_SPOKEN_BASE,SYNTHETIC_TEXT
m3sbv1_017761,应该确认一下时间有没有改，我刚才没听太清楚,LLM_SYNTHETIC_SPOKEN_BASE,SYNTHETIC_TEXT
m3sbv1_017762,前面应该确认一下名字有没有写错，免得后面又要重新弄,LLM_SYNTHETIC_SPOKEN_BASE,SYNTHETIC_TEXT
m3sbv1_017763,应该帮我看看为什么还没收到，后面这边好安排,LLM_SYNTHETIC_SPOKEN_BASE,SYNTHETIC_TEXT
m3sbv1_017764,我估计确认一下测试结果有没有更新，前面这边好安排,LLM_SYNTHETIC_SPOKEN_BASE,SYNTHETIC_TEXT
m3sbv1_017765,那边好像看看前面是不是要左转，免得后面又要重新弄,LLM_SYNTHETIC_SPOKEN_BASE,SYNTHETIC_TEXT
m3sbv1_017766,我觉得帮我看看附近有没有停车位，我刚才没听太清楚,LLM_SYNTHETIC_SPOKEN_BASE,SYNTHETIC_TEXT
m3sbv1_017767,公司我确认一下帮我看看这个号码对不对，免得后面又要重新弄,LLM_SYNTHETIC_SPOKEN_BASE,SYNTHETIC_TEXT
m3sbv1_017768,我看起来看看还有没有漏掉的步骤，免得后面又要重新弄,LLM_SYNTHETIC_SPOKEN_BASE,SYNTHETIC_TEXT
m3sbv1_017769,我想问一下到的时候给我发个消息，我们这边好安排,LLM_SYNTHETIC_SPOKEN_BASE,SYNTHETIC_TEXT
m3sbv1_017770,刚才先别急，帮我看看这个零件是不是松了再继续,LLM_SYNTHETIC_SPOKEN_BASE,SYNTHETIC_TEXT
m3sbv1_017771,我这边没别的要求，帮我确认一下负责人是谁就可以,LLM_SYNTHETIC_SPOKEN_BASE,SYNTHETIC_TEXT
m3sbv1_017772,这边我估计确认一下入口是不是在这边，免得后面又要重新弄,LLM_SYNTHETIC_SPOKEN_BASE,SYNTHETIC_TEXT
m3sbv1_017773,一会儿我记得看看能不能换成小份吧,LLM_SYNTHETIC_SPOKEN_BASE,SYNTHETIC_TEXT
m3sbv1_017774,可能看看这个版本是不是最新的，前面这边好安排,LLM_SYNTHETIC_SPOKEN_BASE,SYNTHETIC_TEXT
m3sbv1_017775,这边等一下问一下这个能不能少放一点盐我有点不确定,LLM_SYNTHETIC_SPOKEN_BASE,SYNTHETIC_TEXT
m3sbv1_017776,你们刚才帮我查一下刚才是哪一步失败了我怕等会儿忘了,LLM_SYNTHETIC_SPOKEN_BASE,SYNTHETIC_TEXT
m3sbv1_017777,这边最近帮我找一下刚才那个页面是不是,LLM_SYNTHETIC_SPOKEN_BASE,SYNTHETIC_TEXT
m3sbv1_017778,家里晚一点帮我换一个安静一点的位置行不行,LLM_SYNTHETIC_SPOKEN_BASE,SYNTHETIC_TEXT
m3sbv1_017779,你我确认一下帮我看看为什么还没收到，免得后面又要重新弄,LLM_SYNTHETIC_SPOKEN_BASE,SYNTHETIC_TEXT
m3sbv1_017780,应该确认一下时间有没有改，她这边好安排,LLM_SYNTHETIC_SPOKEN_BASE,SYNTHETIC_TEXT
m3sbv1_017781,我想问一下看看这个东西应该放哪里，我刚才没听太清楚,LLM_SYNTHETIC_SPOKEN_BASE,SYNTHETIC_TEXT
m3sbv1_017782,他们先问一下这个能不能少放一点盐我再决定,LLM_SYNTHETIC_SPOKEN_BASE,SYNTHETIC_TEXT
m3sbv1_017783,这边我觉得帮我看看为什么还没收到，免得后面又要重新弄,LLM_SYNTHETIC_SPOKEN_BASE,SYNTHETIC_TEXT
m3sbv1_017784,看起来看看有没有不用排队的办法，前面这边好安排,LLM_SYNTHETIC_SPOKEN_BASE,SYNTHETIC_TEXT
m3sbv1_017785,麻烦你帮我确认一下下一站在哪里，前面这边好安排,LLM_SYNTHETIC_SPOKEN_BASE,SYNTHETIC_TEXT
m3sbv1_017786,一会儿先别急，把门先关一下有点冷再继续,LLM_SYNTHETIC_SPOKEN_BASE,SYNTHETIC_TEXT
m3sbv1_017787,今天告诉我大概还要多久，我确认完再跟你说,LLM_SYNTHETIC_SPOKEN_BASE,SYNTHETIC_TEXT
m3sbv1_017788,晚一点我估计看看有没有不用排队的办法我有点不确定,LLM_SYNTHETIC_SPOKEN_BASE,SYNTHETIC_TEXT
m3sbv1_017789,他这边没别的要求，把刚才说的重点再讲一遍就可以,LLM_SYNTHETIC_SPOKEN_BASE,SYNTHETIC_TEXT
m3sbv1_017790,我确认一下确认一下这个功能是不是已经关掉了，她这边好安排,LLM_SYNTHETIC_SPOKEN_BASE,SYNTHETIC_TEXT
m3sbv1_017791,那边这两天确认一下停车要不要付费我有点不确定,LLM_SYNTHETIC_SPOKEN_BASE,SYNTHETIC_TEXT
m3sbv1_017792,我麻烦你看看这个结果和昨天是不是一样，免得后面又要重新弄,LLM_SYNTHETIC_SPOKEN_BASE,SYNTHETIC_TEXT
m3sbv1_017793,我记得看看是不是还少了什么，我刚才没听太清楚,LLM_SYNTHETIC_SPOKEN_BASE,SYNTHETIC_TEXT
m3sbv1_017794,昨天好像帮我把重复的内容删掉我有点不确定,LLM_SYNTHETIC_SPOKEN_BASE,SYNTHETIC_TEXT
m3sbv1_017795,公司看起来确认一下灯是不是都关了，免得后面又要重新弄,LLM_SYNTHETIC_SPOKEN_BASE,SYNTHETIC_TEXT
m3sbv1_017796,家里我确认一下确认一下文件有没有传成功，免得后面又要重新弄,LLM_SYNTHETIC_SPOKEN_BASE,SYNTHETIC_TEXT
m3sbv1_017797,现场等一下帮我问一下现在还能不能改我怕等会儿忘了,LLM_SYNTHETIC_SPOKEN_BASE,SYNTHETIC_TEXT
m3sbv1_017798,今天我确认一下看看前面是不是要左转吧,LLM_SYNTHETIC_SPOKEN_BASE,SYNTHETIC_TEXT
m3sbv1_017799,早一点先别急，看看钥匙是不是还在车里再继续,LLM_SYNTHETIC_SPOKEN_BASE,SYNTHETIC_TEXT
m3sbv1_017800,公司这边没别的要求，确认一下退房时间是几点就可以,LLM_SYNTHETIC_SPOKEN_BASE,SYNTHETIC_TEXT
m3sbv1_017801,我们这边没别的要求，把这个先放到后面处理就可以,LLM_SYNTHETIC_SPOKEN_BASE,SYNTHETIC_TEXT
m3sbv1_017802,明天先别急，看看有没有不用排队的办法再继续,LLM_SYNTHETIC_SPOKEN_BASE,SYNTHETIC_TEXT
m3sbv1_017803,后面这边没别的要求，帮我看看这个号码对不对就可以,LLM_SYNTHETIC_SPOKEN_BASE,SYNTHETIC_TEXT
m3sbv1_017804,我觉得看看是不是网络又断了，店里这边好安排,LLM_SYNTHETIC_SPOKEN_BASE,SYNTHETIC_TEXT
m3sbv1_017805,你们这边没别的要求，确认一下入口是不是在这边就可以,LLM_SYNTHETIC_SPOKEN_BASE,SYNTHETIC_TEXT
m3sbv1_017806,他们好像帮我看看为什么还没收到，免得后面又要重新弄,LLM_SYNTHETIC_SPOKEN_BASE,SYNTHETIC_TEXT
m3sbv1_017807,我觉得先把这一项记下来，前面这边好安排,LLM_SYNTHETIC_SPOKEN_BASE,SYNTHETIC_TEXT
m3sbv1_017808,先先别急，看看是不是配置没有生效再继续,LLM_SYNTHETIC_SPOKEN_BASE,SYNTHETIC_TEXT
m3sbv1_017809,今天应该确认一下会议是不是改到下午了我怕等会儿忘了,LLM_SYNTHETIC_SPOKEN_BASE,SYNTHETIC_TEXT
m3sbv1_017810,我觉得先把这一项记下来，这边这边好安排,LLM_SYNTHETIC_SPOKEN_BASE,SYNTHETIC_TEXT
m3sbv1_017811,到时候先别急，帮我确认一下字段有没有变再继续,LLM_SYNTHETIC_SPOKEN_BASE,SYNTHETIC_TEXT
m3sbv1_017812,之前确认一下这份文件是不是最终版，我确认完再跟你说,LLM_SYNTHETIC_SPOKEN_BASE,SYNTHETIC_TEXT
m3sbv1_017813,我确认一下先把现在的结果保存下来，那边这边好安排,LLM_SYNTHETIC_SPOKEN_BASE,SYNTHETIC_TEXT
m3sbv1_017814,感觉看看这个版本是不是最新的，这边这边好安排,LLM_SYNTHETIC_SPOKEN_BASE,SYNTHETIC_TEXT
m3sbv1_017815,我确认一下看一下这个是不是放错地方了，我刚才没听太清楚,LLM_SYNTHETIC_SPOKEN_BASE,SYNTHETIC_TEXT
m3sbv1_017816,看起来确认一下要不要提前预约，她这边好安排,LLM_SYNTHETIC_SPOKEN_BASE,SYNTHETIC_TEXT
m3sbv1_017817,公司麻烦你先把旧的那套逻辑放一边，免得后面又要重新弄,LLM_SYNTHETIC_SPOKEN_BASE,SYNTHETIC_TEXT
m3sbv1_017818,后面现在问一下早餐几点开始行不行,LLM_SYNTHETIC_SPOKEN_BASE,SYNTHETIC_TEXT
m3sbv1_017819,看看前面能不能掉头，有变化的话提前告诉我,LLM_SYNTHETIC_SPOKEN_BASE,SYNTHETIC_TEXT
m3sbv1_017820,到时候确认一下要不要提前预约，我确认完再跟你说,LLM_SYNTHETIC_SPOKEN_BASE,SYNTHETIC_TEXT
m3sbv1_017821,之前先把这一项记下来，我确认完再跟你说,LLM_SYNTHETIC_SPOKEN_BASE,SYNTHETIC_TEXT
m3sbv1_017822,那边这边没别的要求，先等等我马上就过来就可以,LLM_SYNTHETIC_SPOKEN_BASE,SYNTHETIC_TEXT
m3sbv1_017823,现场麻烦你确认一下停车要不要付费，免得后面又要重新弄,LLM_SYNTHETIC_SPOKEN_BASE,SYNTHETIC_TEXT
m3sbv1_017824,明天确认一下是不是已经下单了，我确认完再跟你说,LLM_SYNTHETIC_SPOKEN_BASE,SYNTHETIC_TEXT
m3sbv1_017825,好像看看这个结果和昨天是不是一样，我们这边好安排,LLM_SYNTHETIC_SPOKEN_BASE,SYNTHETIC_TEXT
m3sbv1_017826,一会儿我估计把这个问题先记到清单里我想先确认清楚,LLM_SYNTHETIC_SPOKEN_BASE,SYNTHETIC_TEXT
m3sbv1_017827,前面感觉到的时候给我发个消息，免得后面又要重新弄,LLM_SYNTHETIC_SPOKEN_BASE,SYNTHETIC_TEXT
m3sbv1_017828,今天应该帮我找一下刚才那个页面就行,LLM_SYNTHETIC_SPOKEN_BASE,SYNTHETIC_TEXT
m3sbv1_017829,刚才我听说看看这个接口是不是又报错了我想先确认清楚,LLM_SYNTHETIC_SPOKEN_BASE,SYNTHETIC_TEXT
m3sbv1_017830,家里我确认一下问一下回来的车几点出发，免得后面又要重新弄,LLM_SYNTHETIC_SPOKEN_BASE,SYNTHETIC_TEXT
m3sbv1_017831,刚才先别急，问一下这个能不能少放一点盐再继续,LLM_SYNTHETIC_SPOKEN_BASE,SYNTHETIC_TEXT
m3sbv1_017832,那边这边没别的要求，看看空调能不能调高一点就可以,LLM_SYNTHETIC_SPOKEN_BASE,SYNTHETIC_TEXT
m3sbv1_017833,应该看看谁还没有回复，我刚才没听太清楚,LLM_SYNTHETIC_SPOKEN_BASE,SYNTHETIC_TEXT
m3sbv1_017834,后面应该先把这一项记下来，免得后面又要重新弄,LLM_SYNTHETIC_SPOKEN_BASE,SYNTHETIC_TEXT
m3sbv1_017835,我觉得看看导航是不是带错路了，你们这边好安排,LLM_SYNTHETIC_SPOKEN_BASE,SYNTHETIC_TEXT
m3sbv1_017836,好像看看导航是不是带错路了，我们这边好安排,LLM_SYNTHETIC_SPOKEN_BASE,SYNTHETIC_TEXT
m3sbv1_017837,我看起来问一下他们什么时候能到，免得后面又要重新弄,LLM_SYNTHETIC_SPOKEN_BASE,SYNTHETIC_TEXT
m3sbv1_017838,我确认一下确认一下时间有没有改，我刚才没听太清楚,LLM_SYNTHETIC_SPOKEN_BASE,SYNTHETIC_TEXT
m3sbv1_017839,店里我确认一下确认一下文件有没有传成功，免得后面又要重新弄,LLM_SYNTHETIC_SPOKEN_BASE,SYNTHETIC_TEXT
m3sbv1_017840,晚一点看看数据是不是重复了，我确认完再跟你说,LLM_SYNTHETIC_SPOKEN_BASE,SYNTHETIC_TEXT
m3sbv1_017841,明天我觉得看看导航是不是带错路了我有点不确定,LLM_SYNTHETIC_SPOKEN_BASE,SYNTHETIC_TEXT
m3sbv1_017842,我想问一下问一下回来的车几点出发，这边这边好安排,LLM_SYNTHETIC_SPOKEN_BASE,SYNTHETIC_TEXT
m3sbv1_017843,店里看起来确认一下是不是从这里集合，免得后面又要重新弄,LLM_SYNTHETIC_SPOKEN_BASE,SYNTHETIC_TEXT
m3sbv1_017844,早一点看看导航是不是带错路了，我确认完再跟你说,LLM_SYNTHETIC_SPOKEN_BASE,SYNTHETIC_TEXT
m3sbv1_017845,那边我觉得看看这个价格有没有包含费用，免得后面又要重新弄,LLM_SYNTHETIC_SPOKEN_BASE,SYNTHETIC_TEXT
m3sbv1_017846,前面早一点试一下重新打开能不能用然后告诉我,LLM_SYNTHETIC_SPOKEN_BASE,SYNTHETIC_TEXT
m3sbv1_017847,他我确认一下把刚才那条消息再发我一次，免得后面又要重新弄,LLM_SYNTHETIC_SPOKEN_BASE,SYNTHETIC_TEXT
m3sbv1_017848,后面等一下帮我拿一下旁边那个袋子我怕等会儿忘了,LLM_SYNTHETIC_SPOKEN_BASE,SYNTHETIC_TEXT
m3sbv1_017849,等一下先别急，先把这个问题单独记录下来再继续,LLM_SYNTHETIC_SPOKEN_BASE,SYNTHETIC_TEXT
m3sbv1_017850,可能问一下他们什么时候能到，这边这边好安排,LLM_SYNTHETIC_SPOKEN_BASE,SYNTHETIC_TEXT
m3sbv1_017851,看起来告诉我大概还要多久，我这边好安排,LLM_SYNTHETIC_SPOKEN_BASE,SYNTHETIC_TEXT
m3sbv1_017852,今天我确认一下先别取消我再确认一下行不行,LLM_SYNTHETIC_SPOKEN_BASE,SYNTHETIC_TEXT
m3sbv1_017853,他一会儿先把现在的结果保存下来吧,LLM_SYNTHETIC_SPOKEN_BASE,SYNTHETIC_TEXT
m3sbv1_017854,一会儿感觉确认一下要不要提前预约行不行,LLM_SYNTHETIC_SPOKEN_BASE,SYNTHETIC_TEXT
m3sbv1_017855,家里这边没别的要求，把门先关一下有点冷就可以,LLM_SYNTHETIC_SPOKEN_BASE,SYNTHETIC_TEXT
m3sbv1_017856,昨天应该帮我看看日志里有没有异常我有点不确定,LLM_SYNTHETIC_SPOKEN_BASE,SYNTHETIC_TEXT
m3sbv1_017857,店里我想问一下确认一下今天是不是正常营业，免得后面又要重新弄,LLM_SYNTHETIC_SPOKEN_BASE,SYNTHETIC_TEXT
m3sbv1_017858,公司这边没别的要求，看看这个价格有没有包含费用就可以,LLM_SYNTHETIC_SPOKEN_BASE,SYNTHETIC_TEXT
m3sbv1_017859,到时候先把旧的那套逻辑放一边，我确认完再跟你说,LLM_SYNTHETIC_SPOKEN_BASE,SYNTHETIC_TEXT
m3sbv1_017860,你们最近确认一下是不是从这里集合可以吗,LLM_SYNTHETIC_SPOKEN_BASE,SYNTHETIC_TEXT
m3sbv1_017861,看起来看看这个价格有没有包含费用，店里这边好安排,LLM_SYNTHETIC_SPOKEN_BASE,SYNTHETIC_TEXT
m3sbv1_017862,你们昨天把最新版本发给我看一下我想先确认清楚,LLM_SYNTHETIC_SPOKEN_BASE,SYNTHETIC_TEXT
m3sbv1_017863,我感觉看看这个杯子是不是我的，免得后面又要重新弄,LLM_SYNTHETIC_SPOKEN_BASE,SYNTHETIC_TEXT
m3sbv1_017864,一会儿麻烦你把位置发给我我自己过去是不是,LLM_SYNTHETIC_SPOKEN_BASE,SYNTHETIC_TEXT
m3sbv1_017865,刚才麻烦你先把这个问题单独记录下来我有点不确定,LLM_SYNTHETIC_SPOKEN_BASE,SYNTHETIC_TEXT
m3sbv1_017866,你们早一点帮我听一下这个声音正不正常可以吗,LLM_SYNTHETIC_SPOKEN_BASE,SYNTHETIC_TEXT
m3sbv1_017867,应该把刚才说的重点再讲一遍，你们这边好安排,LLM_SYNTHETIC_SPOKEN_BASE,SYNTHETIC_TEXT
m3sbv1_017868,现场之前看看有没有更早一点的时间是不是,LLM_SYNTHETIC_SPOKEN_BASE,SYNTHETIC_TEXT
m3sbv1_017869,先感觉确认一下文件有没有传成功是不是,LLM_SYNTHETIC_SPOKEN_BASE,SYNTHETIC_TEXT
m3sbv1_017870,之前我觉得帮我确认一下字段有没有变我有点不确定,LLM_SYNTHETIC_SPOKEN_BASE,SYNTHETIC_TEXT
m3sbv1_017871,她现在别着急我们按顺序来我有点不确定,LLM_SYNTHETIC_SPOKEN_BASE,SYNTHETIC_TEXT
m3sbv1_017872,现在应该确认一下这个功能是不是已经关掉了我怕等会儿忘了,LLM_SYNTHETIC_SPOKEN_BASE,SYNTHETIC_TEXT
m3sbv1_017873,到时候我记得帮我把重复的内容删掉可以吗,LLM_SYNTHETIC_SPOKEN_BASE,SYNTHETIC_TEXT
m3sbv1_017874,昨天先别急，看看有没有不用排队的办法再继续,LLM_SYNTHETIC_SPOKEN_BASE,SYNTHETIC_TEXT
m3sbv1_017875,要是方便的话帮我看看这个零件是不是松了，不用特意等我,LLM_SYNTHETIC_SPOKEN_BASE,SYNTHETIC_TEXT
m3sbv1_017876,那边刚才帮我确认一下字段有没有变然后告诉我,LLM_SYNTHETIC_SPOKEN_BASE,SYNTHETIC_TEXT
m3sbv1_017877,一会儿麻烦你帮我确认一下负责人是谁然后告诉我,LLM_SYNTHETIC_SPOKEN_BASE,SYNTHETIC_TEXT
m3sbv1_017878,家里感觉帮我找一下充电线放哪了，免得后面又要重新弄,LLM_SYNTHETIC_SPOKEN_BASE,SYNTHETIC_TEXT
m3sbv1_017879,公司晚一点帮我看看附近有没有停车位,LLM_SYNTHETIC_SPOKEN_BASE,SYNTHETIC_TEXT
m3sbv1_017880,一会儿麻烦你帮我拿一下旁边那个袋子可以吗,LLM_SYNTHETIC_SPOKEN_BASE,SYNTHETIC_TEXT
m3sbv1_017881,感觉问一下他们什么时候能到，那边这边好安排,LLM_SYNTHETIC_SPOKEN_BASE,SYNTHETIC_TEXT
m3sbv1_017882,一会儿可能看看这个结果和昨天是不是一样别弄错了,LLM_SYNTHETIC_SPOKEN_BASE,SYNTHETIC_TEXT
m3sbv1_017883,她明天到的时候给我发个消息我有点不确定,LLM_SYNTHETIC_SPOKEN_BASE,SYNTHETIC_TEXT
m3sbv1_017884,后面感觉看看是不是选错选项了，免得后面又要重新弄,LLM_SYNTHETIC_SPOKEN_BASE,SYNTHETIC_TEXT
m3sbv1_017885,前面晚一点看看钥匙是不是还在车里就行,LLM_SYNTHETIC_SPOKEN_BASE,SYNTHETIC_TEXT
m3sbv1_017886,可能问一下这个能不能少放一点盐，我这边好安排,LLM_SYNTHETIC_SPOKEN_BASE,SYNTHETIC_TEXT
m3sbv1_017887,之前看起来把地址再确认一下别弄错了,LLM_SYNTHETIC_SPOKEN_BASE,SYNTHETIC_TEXT
m3sbv1_017888,我觉得帮我找一下充电线放哪了，我刚才没听太清楚,LLM_SYNTHETIC_SPOKEN_BASE,SYNTHETIC_TEXT
m3sbv1_017889,后面我想问一下帮我把需要验证的地方列出来，免得后面又要重新弄,LLM_SYNTHETIC_SPOKEN_BASE,SYNTHETIC_TEXT
m3sbv1_017890,刚才我觉得告诉我大概还要多久就行,LLM_SYNTHETIC_SPOKEN_BASE,SYNTHETIC_TEXT
m3sbv1_017891,你等一下看看能不能多拿一条毛巾我想先确认清楚,LLM_SYNTHETIC_SPOKEN_BASE,SYNTHETIC_TEXT
m3sbv1_017892,这边现在确认一下是不是从这里集合我有点不确定,LLM_SYNTHETIC_SPOKEN_BASE,SYNTHETIC_TEXT
m3sbv1_017893,先我觉得看看前面能不能掉头,LLM_SYNTHETIC_SPOKEN_BASE,SYNTHETIC_TEXT
m3sbv1_017894,我确认一下把这个先留着别动，你这边好安排,LLM_SYNTHETIC_SPOKEN_BASE,SYNTHETIC_TEXT
m3sbv1_017895,看看这个东西应该放哪里以后跟我说一声就行,LLM_SYNTHETIC_SPOKEN_BASE,SYNTHETIC_TEXT
m3sbv1_017896,可能帮我查一下刚才是哪一步失败了，我刚才没听太清楚,LLM_SYNTHETIC_SPOKEN_BASE,SYNTHETIC_TEXT
m3sbv1_017897,晚一点问一下早餐几点开始，我确认完再跟你说,LLM_SYNTHETIC_SPOKEN_BASE,SYNTHETIC_TEXT
m3sbv1_017898,我们麻烦你先把旧的那套逻辑放一边，免得后面又要重新弄,LLM_SYNTHETIC_SPOKEN_BASE,SYNTHETIC_TEXT
m3sbv1_017899,早一点我记得确认一下这个功能是不是已经关掉了别弄错了,LLM_SYNTHETIC_SPOKEN_BASE,SYNTHETIC_TEXT
m3sbv1_017900,我确认一下看看能不能换成小份，我刚才没听太清楚,LLM_SYNTHETIC_SPOKEN_BASE,SYNTHETIC_TEXT
m3sbv1_017901,好像看看这个结果和昨天是不是一样，公司这边好安排,LLM_SYNTHETIC_SPOKEN_BASE,SYNTHETIC_TEXT
m3sbv1_017902,晚一点麻烦你把位置发给我我自己过去我想先确认清楚,LLM_SYNTHETIC_SPOKEN_BASE,SYNTHETIC_TEXT
m3sbv1_017903,你最近先把旧的那套逻辑放一边,LLM_SYNTHETIC_SPOKEN_BASE,SYNTHETIC_TEXT
m3sbv1_017904,那边我估计帮我换一个安静一点的位置，免得后面又要重新弄,LLM_SYNTHETIC_SPOKEN_BASE,SYNTHETIC_TEXT
m3sbv1_017905,她好像看看是不是配置没有生效，免得后面又要重新弄,LLM_SYNTHETIC_SPOKEN_BASE,SYNTHETIC_TEXT
m3sbv1_017906,后面到时候看看是不是网络又断了,LLM_SYNTHETIC_SPOKEN_BASE,SYNTHETIC_TEXT
m3sbv1_017907,到时候先别急，帮我把水再加一点再继续,LLM_SYNTHETIC_SPOKEN_BASE,SYNTHETIC_TEXT
m3sbv1_017908,我记得帮我看看日志里有没有异常，他们这边好安排,LLM_SYNTHETIC_SPOKEN_BASE,SYNTHETIC_TEXT
m3sbv1_017909,那边现在确认一下名字有没有写错可以吗,LLM_SYNTHETIC_SPOKEN_BASE,SYNTHETIC_TEXT
m3sbv1_017910,她我记得确认一下是不是同一个订单，免得后面又要重新弄,LLM_SYNTHETIC_SPOKEN_BASE,SYNTHETIC_TEXT
m3sbv1_017911,昨天先别急，先把旧的那套逻辑放一边再继续,LLM_SYNTHETIC_SPOKEN_BASE,SYNTHETIC_TEXT
m3sbv1_017912,那边今天帮我确认一下房间准备好了没有我想先确认清楚,LLM_SYNTHETIC_SPOKEN_BASE,SYNTHETIC_TEXT
m3sbv1_017913,感觉帮我查一下刚才是哪一步失败了，他这边好安排,LLM_SYNTHETIC_SPOKEN_BASE,SYNTHETIC_TEXT
m3sbv1_017914,麻烦你把刚才说的重点再讲一遍，我刚才没听太清楚,LLM_SYNTHETIC_SPOKEN_BASE,SYNTHETIC_TEXT
m3sbv1_017915,我记得确认一下这份文件是不是最终版，他们这边好安排,LLM_SYNTHETIC_SPOKEN_BASE,SYNTHETIC_TEXT
m3sbv1_017916,他明天确认一下今天是不是正常营业,LLM_SYNTHETIC_SPOKEN_BASE,SYNTHETIC_TEXT
m3sbv1_017917,一会儿感觉确认一下灯是不是都关了我有点不确定,LLM_SYNTHETIC_SPOKEN_BASE,SYNTHETIC_TEXT
m3sbv1_017918,可能告诉我大概还要多久，现场这边好安排,LLM_SYNTHETIC_SPOKEN_BASE,SYNTHETIC_TEXT
m3sbv1_017919,你们应该看看数据是不是重复了，免得后面又要重新弄,LLM_SYNTHETIC_SPOKEN_BASE,SYNTHETIC_TEXT
m3sbv1_017920,你一会儿帮我查一下刚才是哪一步失败了可以吗,LLM_SYNTHETIC_SPOKEN_BASE,SYNTHETIC_TEXT
m3sbv1_017921,刚才先别急，帮我问一下还有没有空位再继续,LLM_SYNTHETIC_SPOKEN_BASE,SYNTHETIC_TEXT
m3sbv1_017922,前面刚才确认一下会议是不是改到下午了,LLM_SYNTHETIC_SPOKEN_BASE,SYNTHETIC_TEXT
m3sbv1_017923,他麻烦你帮我把水再加一点，免得后面又要重新弄,LLM_SYNTHETIC_SPOKEN_BASE,SYNTHETIC_TEXT
m3sbv1_017924,昨天告诉我大概还要多久，我确认完再跟你说,LLM_SYNTHETIC_SPOKEN_BASE,SYNTHETIC_TEXT
m3sbv1_017925,现在先别急，把这个问题先记到清单里再继续,LLM_SYNTHETIC_SPOKEN_BASE,SYNTHETIC_TEXT
m3sbv1_017926,公司到时候帮我看看这个号码对不对就行,LLM_SYNTHETIC_SPOKEN_BASE,SYNTHETIC_TEXT
m3sbv1_017927,先我确认一下确认一下时间有没有改我怕等会儿忘了,LLM_SYNTHETIC_SPOKEN_BASE,SYNTHETIC_TEXT
m3sbv1_017928,你我估计确认一下服务有没有启动，免得后面又要重新弄,LLM_SYNTHETIC_SPOKEN_BASE,SYNTHETIC_TEXT
m3sbv1_017929,我们看起来确认一下灯是不是都关了，免得后面又要重新弄,LLM_SYNTHETIC_SPOKEN_BASE,SYNTHETIC_TEXT
m3sbv1_017930,麻烦你先把现在的结果保存下来，我刚才没听太清楚,LLM_SYNTHETIC_SPOKEN_BASE,SYNTHETIC_TEXT
m3sbv1_017931,我估计把最新版本发给我看一下，我刚才没听太清楚,LLM_SYNTHETIC_SPOKEN_BASE,SYNTHETIC_TEXT
m3sbv1_017932,晚一点先别急，看看是不是选错选项了再继续,LLM_SYNTHETIC_SPOKEN_BASE,SYNTHETIC_TEXT
m3sbv1_017933,我估计看看这个价格有没有包含费用，你这边好安排,LLM_SYNTHETIC_SPOKEN_BASE,SYNTHETIC_TEXT
m3sbv1_017934,这边到时候确认一下是不是已经付过了然后告诉我,LLM_SYNTHETIC_SPOKEN_BASE,SYNTHETIC_TEXT
m3sbv1_017935,这边现在看看这个东西应该放哪里别弄错了,LLM_SYNTHETIC_SPOKEN_BASE,SYNTHETIC_TEXT
m3sbv1_017936,晚一点先别急，确认一下入口是不是在这边再继续,LLM_SYNTHETIC_SPOKEN_BASE,SYNTHETIC_TEXT
m3sbv1_017937,可能确认一下这次只改这一部分，那边这边好安排,LLM_SYNTHETIC_SPOKEN_BASE,SYNTHETIC_TEXT
m3sbv1_017938,我们好像看看是不是还少了什么，免得后面又要重新弄,LLM_SYNTHETIC_SPOKEN_BASE,SYNTHETIC_TEXT
m3sbv1_017939,麻烦你问一下这个能不能少放一点盐，我刚才没听太清楚,LLM_SYNTHETIC_SPOKEN_BASE,SYNTHETIC_TEXT
m3sbv1_017940,他这两天帮我找一下充电线放哪了就行,LLM_SYNTHETIC_SPOKEN_BASE,SYNTHETIC_TEXT
m3sbv1_017941,我记得帮我把重复的内容删掉，他们这边好安排,LLM_SYNTHETIC_SPOKEN_BASE,SYNTHETIC_TEXT
m3sbv1_017942,一会儿先别急，确认一下要不要提前预约再继续,LLM_SYNTHETIC_SPOKEN_BASE,SYNTHETIC_TEXT
m3sbv1_017943,这两天先别急，看一下这个是不是放错地方了再继续,LLM_SYNTHETIC_SPOKEN_BASE,SYNTHETIC_TEXT
m3sbv1_017944,他这边没别的要求，帮我看看这个菜里面有没有辣椒就可以,LLM_SYNTHETIC_SPOKEN_BASE,SYNTHETIC_TEXT
m3sbv1_017945,应该帮我看看这个零件是不是松了，我们这边好安排,LLM_SYNTHETIC_SPOKEN_BASE,SYNTHETIC_TEXT
m3sbv1_017946,这边刚才看看空调能不能调高一点我怕等会儿忘了,LLM_SYNTHETIC_SPOKEN_BASE,SYNTHETIC_TEXT
m3sbv1_017947,我听说帮我找一下充电线放哪了，她这边好安排,LLM_SYNTHETIC_SPOKEN_BASE,SYNTHETIC_TEXT
m3sbv1_017948,看起来帮我找一下刚才那个页面，我刚才没听太清楚,LLM_SYNTHETIC_SPOKEN_BASE,SYNTHETIC_TEXT
m3sbv1_017949,到时候先别急，看看数据是不是重复了再继续,LLM_SYNTHETIC_SPOKEN_BASE,SYNTHETIC_TEXT
m3sbv1_017950,她刚才问一下这个能不能少放一点盐就行,LLM_SYNTHETIC_SPOKEN_BASE,SYNTHETIC_TEXT
m3sbv1_017951,那边今天确认一下是不是从这里集合我有点不确定,LLM_SYNTHETIC_SPOKEN_BASE,SYNTHETIC_TEXT
m3sbv1_017952,后面先确认一下测试结果有没有更新是不是,LLM_SYNTHETIC_SPOKEN_BASE,SYNTHETIC_TEXT
m3sbv1_017953,我们我确认一下看看谁还没有回复，免得后面又要重新弄,LLM_SYNTHETIC_SPOKEN_BASE,SYNTHETIC_TEXT
m3sbv1_017954,她我记得看看钥匙是不是还在车里，免得后面又要重新弄,LLM_SYNTHETIC_SPOKEN_BASE,SYNTHETIC_TEXT
m3sbv1_017955,我觉得看看这个接口是不是又报错了，我刚才没听太清楚,LLM_SYNTHETIC_SPOKEN_BASE,SYNTHETIC_TEXT
m3sbv1_017956,你今天帮我查一下刚才是哪一步失败了,LLM_SYNTHETIC_SPOKEN_BASE,SYNTHETIC_TEXT
m3sbv1_017957,现在麻烦你看看是不是配置没有生效我想先确认清楚,LLM_SYNTHETIC_SPOKEN_BASE,SYNTHETIC_TEXT
m3sbv1_017958,这边一会儿确认一下是不是从这里集合行不行,LLM_SYNTHETIC_SPOKEN_BASE,SYNTHETIC_TEXT
m3sbv1_017959,麻烦你看看前面能不能掉头，我刚才没听太清楚,LLM_SYNTHETIC_SPOKEN_BASE,SYNTHETIC_TEXT
m3sbv1_017960,晚一点先别急，帮我找一下刚才那个页面再继续,LLM_SYNTHETIC_SPOKEN_BASE,SYNTHETIC_TEXT
m3sbv1_017961,你们明天问一下他们什么时候能到可以吗,LLM_SYNTHETIC_SPOKEN_BASE,SYNTHETIC_TEXT
m3sbv1_017962,我确认一下确认一下是不是已经付过了，那边这边好安排,LLM_SYNTHETIC_SPOKEN_BASE,SYNTHETIC_TEXT
m3sbv1_017963,后面最近确认一下文件有没有传成功行不行,LLM_SYNTHETIC_SPOKEN_BASE,SYNTHETIC_TEXT
m3sbv1_017964,早一点我想问一下看看前面是不是要左转是不是,LLM_SYNTHETIC_SPOKEN_BASE,SYNTHETIC_TEXT
m3sbv1_017965,现在好像看看这个接口是不是又报错了别弄错了,LLM_SYNTHETIC_SPOKEN_BASE,SYNTHETIC_TEXT
m3sbv1_017966,昨天看起来问一下早餐几点开始我想先确认清楚,LLM_SYNTHETIC_SPOKEN_BASE,SYNTHETIC_TEXT
m3sbv1_017967,我们刚才看看油还够不够我怕等会儿忘了,LLM_SYNTHETIC_SPOKEN_BASE,SYNTHETIC_TEXT
m3sbv1_017968,现在确认一下名字有没有写错，我确认完再跟你说,LLM_SYNTHETIC_SPOKEN_BASE,SYNTHETIC_TEXT
m3sbv1_017969,先应该看看这个价格有没有包含费用,LLM_SYNTHETIC_SPOKEN_BASE,SYNTHETIC_TEXT
m3sbv1_017970,你们可能到的时候给我发个消息，免得后面又要重新弄,LLM_SYNTHETIC_SPOKEN_BASE,SYNTHETIC_TEXT
m3sbv1_017971,现场我想问一下帮我看看这个零件是不是松了，免得后面又要重新弄,LLM_SYNTHETIC_SPOKEN_BASE,SYNTHETIC_TEXT
m3sbv1_017972,店里麻烦你问一下回来的车几点出发，免得后面又要重新弄,LLM_SYNTHETIC_SPOKEN_BASE,SYNTHETIC_TEXT
m3sbv1_017973,昨天我估计确认一下测试结果有没有更新是不是,LLM_SYNTHETIC_SPOKEN_BASE,SYNTHETIC_TEXT
m3sbv1_017974,看起来帮我确认一下下一站在哪里，我这边好安排,LLM_SYNTHETIC_SPOKEN_BASE,SYNTHETIC_TEXT
m3sbv1_017975,你们我记得看看能不能多拿一条毛巾，免得后面又要重新弄,LLM_SYNTHETIC_SPOKEN_BASE,SYNTHETIC_TEXT
m3sbv1_017976,先我听说确认一下测试结果有没有更新是不是,LLM_SYNTHETIC_SPOKEN_BASE,SYNTHETIC_TEXT
m3sbv1_017977,最近可能确认一下是不是已经下单了我想先确认清楚,LLM_SYNTHETIC_SPOKEN_BASE,SYNTHETIC_TEXT
m3sbv1_017978,这边好像看看这个版本是不是最新的，免得后面又要重新弄,LLM_SYNTHETIC_SPOKEN_BASE,SYNTHETIC_TEXT
m3sbv1_017979,家里这边没别的要求，帮我看看这个号码对不对就可以,LLM_SYNTHETIC_SPOKEN_BASE,SYNTHETIC_TEXT
m3sbv1_017980,早一点我想问一下帮我看看为什么还没收到吧,LLM_SYNTHETIC_SPOKEN_BASE,SYNTHETIC_TEXT
m3sbv1_017981,这边昨天看看是不是还少了什么吧,LLM_SYNTHETIC_SPOKEN_BASE,SYNTHETIC_TEXT
m3sbv1_017982,好像把这个先留着别动，他们这边好安排,LLM_SYNTHETIC_SPOKEN_BASE,SYNTHETIC_TEXT
m3sbv1_017983,你们先看看能不能换成小份就行,LLM_SYNTHETIC_SPOKEN_BASE,SYNTHETIC_TEXT
m3sbv1_017984,应该看看有没有影响到别的模块，店里这边好安排,LLM_SYNTHETIC_SPOKEN_BASE,SYNTHETIC_TEXT
m3sbv1_017985,我估计帮我找一下刚才那个页面，你们这边好安排,LLM_SYNTHETIC_SPOKEN_BASE,SYNTHETIC_TEXT
m3sbv1_017986,公司我觉得确认一下要不要提前预约，免得后面又要重新弄,LLM_SYNTHETIC_SPOKEN_BASE,SYNTHETIC_TEXT
m3sbv1_017987,我估计看看是不是配置没有生效，公司这边好安排,LLM_SYNTHETIC_SPOKEN_BASE,SYNTHETIC_TEXT
m3sbv1_017988,我可能确认一下测试结果有没有更新，免得后面又要重新弄,LLM_SYNTHETIC_SPOKEN_BASE,SYNTHETIC_TEXT
m3sbv1_017989,现在先别急，看看前面能不能掉头再继续,LLM_SYNTHETIC_SPOKEN_BASE,SYNTHETIC_TEXT
m3sbv1_017990,先我确认一下告诉我大概还要多久行不行,LLM_SYNTHETIC_SPOKEN_BASE,SYNTHETIC_TEXT
m3sbv1_017991,刚才看看能不能多拿一条毛巾，我确认完再跟你说,LLM_SYNTHETIC_SPOKEN_BASE,SYNTHETIC_TEXT
m3sbv1_017992,到时候应该先别取消我再确认一下我有点不确定,LLM_SYNTHETIC_SPOKEN_BASE,SYNTHETIC_TEXT
m3sbv1_017993,前面麻烦你看看这个结果和昨天是不是一样，免得后面又要重新弄,LLM_SYNTHETIC_SPOKEN_BASE,SYNTHETIC_TEXT
m3sbv1_017994,我估计帮我找一下刚才那个页面，这边这边好安排,LLM_SYNTHETIC_SPOKEN_BASE,SYNTHETIC_TEXT
m3sbv1_017995,公司我听说确认一下这次只改这一部分，免得后面又要重新弄,LLM_SYNTHETIC_SPOKEN_BASE,SYNTHETIC_TEXT
m3sbv1_017996,后面之前确认一下要不要提前预约我再决定,LLM_SYNTHETIC_SPOKEN_BASE,SYNTHETIC_TEXT
m3sbv1_017997,我觉得先等等我马上就过来，公司这边好安排,LLM_SYNTHETIC_SPOKEN_BASE,SYNTHETIC_TEXT
m3sbv1_017998,早一点先把旧的那套逻辑放一边，我确认完再跟你说,LLM_SYNTHETIC_SPOKEN_BASE,SYNTHETIC_TEXT
m3sbv1_017999,看起来确认一下测试结果有没有更新，我刚才没听太清楚,LLM_SYNTHETIC_SPOKEN_BASE,SYNTHETIC_TEXT
m3sbv1_018000,后面早一点确认一下是不是已经下单了我怕等会儿忘了,LLM_SYNTHETIC_SPOKEN_BASE,SYNTHETIC_TEXT
