source_sentence_id,text,source_type,evidence_level
m3sbv1_003001,我们这边没别的要求，先把现在的结果保存下来就可以,LLM_SYNTHETIC_SPOKEN_BASE,SYNTHETIC_TEXT
m3sbv1_003002,看起来确认一下会议是不是改到下午了，这边这边好安排,LLM_SYNTHETIC_SPOKEN_BASE,SYNTHETIC_TEXT
m3sbv1_003003,到时候先别急，把最新版本发给我看一下再继续,LLM_SYNTHETIC_SPOKEN_BASE,SYNTHETIC_TEXT
m3sbv1_003004,她好像帮我看看这个零件是不是松了，免得后面又要重新弄,LLM_SYNTHETIC_SPOKEN_BASE,SYNTHETIC_TEXT
m3sbv1_003005,公司这边没别的要求，帮我确认一下房间准备好了没有就可以,LLM_SYNTHETIC_SPOKEN_BASE,SYNTHETIC_TEXT
m3sbv1_003006,我觉得到的时候给我发个消息，她这边好安排,LLM_SYNTHETIC_SPOKEN_BASE,SYNTHETIC_TEXT
m3sbv1_003007,这边这边没别的要求，把门先关一下有点冷就可以,LLM_SYNTHETIC_SPOKEN_BASE,SYNTHETIC_TEXT
m3sbv1_003008,我想问一下问一下还能不能加一个人，现场这边好安排,LLM_SYNTHETIC_SPOKEN_BASE,SYNTHETIC_TEXT
m3sbv1_003009,你们好像确认一下是不是同一个订单，免得后面又要重新弄,LLM_SYNTHETIC_SPOKEN_BASE,SYNTHETIC_TEXT
m3sbv1_003010,应该帮我问一下还有没有空位，家里这边好安排,LLM_SYNTHETIC_SPOKEN_BASE,SYNTHETIC_TEXT
m3sbv1_003011,后面我听说把这个先留着别动，免得后面又要重新弄,LLM_SYNTHETIC_SPOKEN_BASE,SYNTHETIC_TEXT
m3sbv1_003012,后面我听说帮我看看附近有没有停车位，免得后面又要重新弄,LLM_SYNTHETIC_SPOKEN_BASE,SYNTHETIC_TEXT
m3sbv1_003013,今天我觉得确认一下这次只改这一部分就行,LLM_SYNTHETIC_SPOKEN_BASE,SYNTHETIC_TEXT
m3sbv1_003014,早一点我觉得看看这个结果和昨天是不是一样行不行,LLM_SYNTHETIC_SPOKEN_BASE,SYNTHETIC_TEXT
m3sbv1_003015,先我想问一下帮我拿一下旁边那个袋子可以吗,LLM_SYNTHETIC_SPOKEN_BASE,SYNTHETIC_TEXT
m3sbv1_003016,麻烦你先把这一项记下来，我刚才没听太清楚,LLM_SYNTHETIC_SPOKEN_BASE,SYNTHETIC_TEXT
m3sbv1_003017,我听说看看能不能把时间往后挪一点，店里这边好安排,LLM_SYNTHETIC_SPOKEN_BASE,SYNTHETIC_TEXT
m3sbv1_003018,早一点感觉帮我看看日志里有没有异常我怕等会儿忘了,LLM_SYNTHETIC_SPOKEN_BASE,SYNTHETIC_TEXT
m3sbv1_003019,感觉确认一下车是不是停在外面，他这边好安排,LLM_SYNTHETIC_SPOKEN_BASE,SYNTHETIC_TEXT
m3sbv1_003020,等一下我估计看看前面能不能掉头我怕等会儿忘了,LLM_SYNTHETIC_SPOKEN_BASE,SYNTHETIC_TEXT
m3sbv1_003021,她明天确认一下名字有没有写错我再决定,LLM_SYNTHETIC_SPOKEN_BASE,SYNTHETIC_TEXT
m3sbv1_003022,公司这两天把门先关一下有点冷,LLM_SYNTHETIC_SPOKEN_BASE,SYNTHETIC_TEXT
m3sbv1_003023,我估计把刚才那条消息再发我一次，我们这边好安排,LLM_SYNTHETIC_SPOKEN_BASE,SYNTHETIC_TEXT
m3sbv1_003024,好像到的时候给我发个消息，你们这边好安排,LLM_SYNTHETIC_SPOKEN_BASE,SYNTHETIC_TEXT
m3sbv1_003025,我记得看看有没有更早一点的时间，后面这边好安排,LLM_SYNTHETIC_SPOKEN_BASE,SYNTHETIC_TEXT
m3sbv1_003026,我想问一下帮我看看这个号码对不对，那边这边好安排,LLM_SYNTHETIC_SPOKEN_BASE,SYNTHETIC_TEXT
m3sbv1_003027,她好像问一下这个能不能少放一点盐，免得后面又要重新弄,LLM_SYNTHETIC_SPOKEN_BASE,SYNTHETIC_TEXT
m3sbv1_003028,店里我记得先等等我马上就过来，免得后面又要重新弄,LLM_SYNTHETIC_SPOKEN_BASE,SYNTHETIC_TEXT
m3sbv1_003029,那边这边没别的要求，帮我看看日志里有没有异常就可以,LLM_SYNTHETIC_SPOKEN_BASE,SYNTHETIC_TEXT
m3sbv1_003030,我觉得看看钥匙是不是还在车里，后面这边好安排,LLM_SYNTHETIC_SPOKEN_BASE,SYNTHETIC_TEXT
m3sbv1_003031,看起来确认一下名字有没有写错，前面这边好安排,LLM_SYNTHETIC_SPOKEN_BASE,SYNTHETIC_TEXT
m3sbv1_003032,你我想问一下帮我看看行李放在哪里，免得后面又要重新弄,LLM_SYNTHETIC_SPOKEN_BASE,SYNTHETIC_TEXT
m3sbv1_003033,确认一下车是不是停在外面以后跟我说一声就行,LLM_SYNTHETIC_SPOKEN_BASE,SYNTHETIC_TEXT
m3sbv1_003034,刚才先别急，看看有没有不用排队的办法再继续,LLM_SYNTHETIC_SPOKEN_BASE,SYNTHETIC_TEXT
m3sbv1_003035,我想问一下确认一下停车要不要付费，她这边好安排,LLM_SYNTHETIC_SPOKEN_BASE,SYNTHETIC_TEXT
m3sbv1_003036,感觉帮我看看这个号码对不对，你这边好安排,LLM_SYNTHETIC_SPOKEN_BASE,SYNTHETIC_TEXT
m3sbv1_003037,一会儿把地址再确认一下，我确认完再跟你说,LLM_SYNTHETIC_SPOKEN_BASE,SYNTHETIC_TEXT
m3sbv1_003038,明天先把这个问题单独记录下来，我确认完再跟你说,LLM_SYNTHETIC_SPOKEN_BASE,SYNTHETIC_TEXT
m3sbv1_003039,一会儿我觉得看看能不能换成小份我再决定,LLM_SYNTHETIC_SPOKEN_BASE,SYNTHETIC_TEXT
m3sbv1_003040,我这边没别的要求，确认一下入口是不是在这边就可以,LLM_SYNTHETIC_SPOKEN_BASE,SYNTHETIC_TEXT
m3sbv1_003041,现场我估计看看这个东西应该放哪里，免得后面又要重新弄,LLM_SYNTHETIC_SPOKEN_BASE,SYNTHETIC_TEXT
m3sbv1_003042,先帮我看看这个菜里面有没有辣椒，我确认完再跟你说,LLM_SYNTHETIC_SPOKEN_BASE,SYNTHETIC_TEXT
m3sbv1_003043,麻烦你问一下还能不能加一个人，他们这边好安排,LLM_SYNTHETIC_SPOKEN_BASE,SYNTHETIC_TEXT
m3sbv1_003044,那边这边没别的要求，看看是不是选错选项了就可以,LLM_SYNTHETIC_SPOKEN_BASE,SYNTHETIC_TEXT
m3sbv1_003045,先感觉确认一下这份文件是不是最终版,LLM_SYNTHETIC_SPOKEN_BASE,SYNTHETIC_TEXT
m3sbv1_003046,他我听说试一下重新打开能不能用，免得后面又要重新弄,LLM_SYNTHETIC_SPOKEN_BASE,SYNTHETIC_TEXT
m3sbv1_003047,那边应该问一下回来的车几点出发，免得后面又要重新弄,LLM_SYNTHETIC_SPOKEN_BASE,SYNTHETIC_TEXT
m3sbv1_003048,后面我觉得看看能不能把时间往后挪一点，免得后面又要重新弄,LLM_SYNTHETIC_SPOKEN_BASE,SYNTHETIC_TEXT
m3sbv1_003049,刚才看一下这个是不是放错地方了，我确认完再跟你说,LLM_SYNTHETIC_SPOKEN_BASE,SYNTHETIC_TEXT
m3sbv1_003050,麻烦你帮我拿一下旁边那个袋子，我这边好安排,LLM_SYNTHETIC_SPOKEN_BASE,SYNTHETIC_TEXT
m3sbv1_003051,我最近看看这个结果和昨天是不是一样我想先确认清楚,LLM_SYNTHETIC_SPOKEN_BASE,SYNTHETIC_TEXT
m3sbv1_003052,我们早一点看看能不能多拿一条毛巾我想先确认清楚,LLM_SYNTHETIC_SPOKEN_BASE,SYNTHETIC_TEXT
m3sbv1_003053,我觉得试一下重新打开能不能用，那边这边好安排,LLM_SYNTHETIC_SPOKEN_BASE,SYNTHETIC_TEXT
m3sbv1_003054,我想问一下把刚才说的重点再讲一遍，你这边好安排,LLM_SYNTHETIC_SPOKEN_BASE,SYNTHETIC_TEXT
m3sbv1_003055,这边这两天帮我看看行李放在哪里就行,LLM_SYNTHETIC_SPOKEN_BASE,SYNTHETIC_TEXT
m3sbv1_003056,家里等一下确认一下这次只改这一部分别弄错了,LLM_SYNTHETIC_SPOKEN_BASE,SYNTHETIC_TEXT
m3sbv1_003057,他们现在确认一下是不是已经下单了然后告诉我,LLM_SYNTHETIC_SPOKEN_BASE,SYNTHETIC_TEXT
m3sbv1_003058,后面这边没别的要求，把位置发给我我自己过去就可以,LLM_SYNTHETIC_SPOKEN_BASE,SYNTHETIC_TEXT
m3sbv1_003059,我想问一下确认一下名字有没有写错，前面这边好安排,LLM_SYNTHETIC_SPOKEN_BASE,SYNTHETIC_TEXT
m3sbv1_003060,我想问一下帮我看看这个菜里面有没有辣椒，我们这边好安排,LLM_SYNTHETIC_SPOKEN_BASE,SYNTHETIC_TEXT
m3sbv1_003061,那边这边没别的要求，帮我看看为什么还没收到就可以,LLM_SYNTHETIC_SPOKEN_BASE,SYNTHETIC_TEXT
m3sbv1_003062,之前可能看看是不是配置没有生效我再决定,LLM_SYNTHETIC_SPOKEN_BASE,SYNTHETIC_TEXT
m3sbv1_003063,我确认一下确认一下名字有没有写错，你们这边好安排,LLM_SYNTHETIC_SPOKEN_BASE,SYNTHETIC_TEXT
m3sbv1_003064,帮我确认一下房间准备好了没有以后跟我说一声就行,LLM_SYNTHETIC_SPOKEN_BASE,SYNTHETIC_TEXT
m3sbv1_003065,我确认一下确认一下测试结果有没有更新，她这边好安排,LLM_SYNTHETIC_SPOKEN_BASE,SYNTHETIC_TEXT
m3sbv1_003066,我记得看看空调能不能调高一点，我刚才没听太清楚,LLM_SYNTHETIC_SPOKEN_BASE,SYNTHETIC_TEXT
m3sbv1_003067,晚一点我觉得看看这个价格有没有包含费用我再决定,LLM_SYNTHETIC_SPOKEN_BASE,SYNTHETIC_TEXT
m3sbv1_003068,等一下我记得确认一下时间有没有改吧,LLM_SYNTHETIC_SPOKEN_BASE,SYNTHETIC_TEXT
m3sbv1_003069,我估计问一下回来的车几点出发，前面这边好安排,LLM_SYNTHETIC_SPOKEN_BASE,SYNTHETIC_TEXT
m3sbv1_003070,我觉得看看前面能不能掉头，家里这边好安排,LLM_SYNTHETIC_SPOKEN_BASE,SYNTHETIC_TEXT
m3sbv1_003071,你们感觉确认一下退房时间是几点，免得后面又要重新弄,LLM_SYNTHETIC_SPOKEN_BASE,SYNTHETIC_TEXT
m3sbv1_003072,看起来帮我找一下充电线放哪了，我刚才没听太清楚,LLM_SYNTHETIC_SPOKEN_BASE,SYNTHETIC_TEXT
m3sbv1_003073,我听说帮我把重复的内容删掉，我刚才没听太清楚,LLM_SYNTHETIC_SPOKEN_BASE,SYNTHETIC_TEXT
m3sbv1_003074,现场我觉得帮我查一下刚才是哪一步失败了，免得后面又要重新弄,LLM_SYNTHETIC_SPOKEN_BASE,SYNTHETIC_TEXT
m3sbv1_003075,那边到时候看看能不能换成小份别弄错了,LLM_SYNTHETIC_SPOKEN_BASE,SYNTHETIC_TEXT
m3sbv1_003076,昨天确认一下时间有没有改，我确认完再跟你说,LLM_SYNTHETIC_SPOKEN_BASE,SYNTHETIC_TEXT
m3sbv1_003077,我们我觉得到的时候给我发个消息，免得后面又要重新弄,LLM_SYNTHETIC_SPOKEN_BASE,SYNTHETIC_TEXT
m3sbv1_003078,一会儿先别急，到的时候给我发个消息再继续,LLM_SYNTHETIC_SPOKEN_BASE,SYNTHETIC_TEXT
m3sbv1_003079,他等一下别着急我们按顺序来就行,LLM_SYNTHETIC_SPOKEN_BASE,SYNTHETIC_TEXT
m3sbv1_003080,这边可能看看能不能换成小份，免得后面又要重新弄,LLM_SYNTHETIC_SPOKEN_BASE,SYNTHETIC_TEXT
m3sbv1_003081,感觉先把旧的那套逻辑放一边，我刚才没听太清楚,LLM_SYNTHETIC_SPOKEN_BASE,SYNTHETIC_TEXT
m3sbv1_003082,明天好像帮我看看行李放在哪里我想先确认清楚,LLM_SYNTHETIC_SPOKEN_BASE,SYNTHETIC_TEXT
m3sbv1_003083,早一点帮我看看行李放在哪里，我确认完再跟你说,LLM_SYNTHETIC_SPOKEN_BASE,SYNTHETIC_TEXT
m3sbv1_003084,等一下先别急，把这个先放到后面处理再继续,LLM_SYNTHETIC_SPOKEN_BASE,SYNTHETIC_TEXT
m3sbv1_003085,他们明天帮我把水再加一点我有点不确定,LLM_SYNTHETIC_SPOKEN_BASE,SYNTHETIC_TEXT
m3sbv1_003086,他们我记得帮我把水再加一点，免得后面又要重新弄,LLM_SYNTHETIC_SPOKEN_BASE,SYNTHETIC_TEXT
m3sbv1_003087,那边今天看看这个价格有没有包含费用可以吗,LLM_SYNTHETIC_SPOKEN_BASE,SYNTHETIC_TEXT
m3sbv1_003088,刚才帮我听一下这个声音正不正常，我确认完再跟你说,LLM_SYNTHETIC_SPOKEN_BASE,SYNTHETIC_TEXT
m3sbv1_003089,应该确认一下这个功能是不是已经关掉了，公司这边好安排,LLM_SYNTHETIC_SPOKEN_BASE,SYNTHETIC_TEXT
m3sbv1_003090,我记得看看能不能多拿一条毛巾，我刚才没听太清楚,LLM_SYNTHETIC_SPOKEN_BASE,SYNTHETIC_TEXT
m3sbv1_003091,明天我记得到的时候给我发个消息,LLM_SYNTHETIC_SPOKEN_BASE,SYNTHETIC_TEXT
m3sbv1_003092,家里明天把地址再确认一下可以吗,LLM_SYNTHETIC_SPOKEN_BASE,SYNTHETIC_TEXT
m3sbv1_003093,这边我估计帮我看看日志里有没有异常，免得后面又要重新弄,LLM_SYNTHETIC_SPOKEN_BASE,SYNTHETIC_TEXT
m3sbv1_003094,我听说确认一下是不是从这里集合，我们这边好安排,LLM_SYNTHETIC_SPOKEN_BASE,SYNTHETIC_TEXT
m3sbv1_003095,那边一会儿确认一下要不要提前预约别弄错了,LLM_SYNTHETIC_SPOKEN_BASE,SYNTHETIC_TEXT
m3sbv1_003096,现场我听说确认一下车是不是停在外面，免得后面又要重新弄,LLM_SYNTHETIC_SPOKEN_BASE,SYNTHETIC_TEXT
m3sbv1_003097,她我听说帮我找一下充电线放哪了，免得后面又要重新弄,LLM_SYNTHETIC_SPOKEN_BASE,SYNTHETIC_TEXT
m3sbv1_003098,可能把声音稍微调小一点，你这边好安排,LLM_SYNTHETIC_SPOKEN_BASE,SYNTHETIC_TEXT
m3sbv1_003099,前面一会儿帮我看看这个号码对不对我想先确认清楚,LLM_SYNTHETIC_SPOKEN_BASE,SYNTHETIC_TEXT
m3sbv1_003100,她刚才确认一下测试结果有没有更新我想先确认清楚,LLM_SYNTHETIC_SPOKEN_BASE,SYNTHETIC_TEXT
m3sbv1_003101,他之前看看这个版本是不是最新的别弄错了,LLM_SYNTHETIC_SPOKEN_BASE,SYNTHETIC_TEXT
m3sbv1_003102,家里这边没别的要求，把刚才说的重点再讲一遍就可以,LLM_SYNTHETIC_SPOKEN_BASE,SYNTHETIC_TEXT
m3sbv1_003103,等一下先别急，确认一下这次只改这一部分再继续,LLM_SYNTHETIC_SPOKEN_BASE,SYNTHETIC_TEXT
m3sbv1_003104,等一下先别急，确认一下退房时间是几点再继续,LLM_SYNTHETIC_SPOKEN_BASE,SYNTHETIC_TEXT
m3sbv1_003105,麻烦你看看是不是网络又断了，前面这边好安排,LLM_SYNTHETIC_SPOKEN_BASE,SYNTHETIC_TEXT
m3sbv1_003106,看起来确认一下灯是不是都关了，公司这边好安排,LLM_SYNTHETIC_SPOKEN_BASE,SYNTHETIC_TEXT
m3sbv1_003107,看起来先把现在的结果保存下来，他这边好安排,LLM_SYNTHETIC_SPOKEN_BASE,SYNTHETIC_TEXT
m3sbv1_003108,等一下我想问一下把声音稍微调小一点,LLM_SYNTHETIC_SPOKEN_BASE,SYNTHETIC_TEXT
m3sbv1_003109,早一点可能看看数据是不是重复了就行,LLM_SYNTHETIC_SPOKEN_BASE,SYNTHETIC_TEXT
m3sbv1_003110,到时候确认一下会议是不是改到下午了，我确认完再跟你说,LLM_SYNTHETIC_SPOKEN_BASE,SYNTHETIC_TEXT
m3sbv1_003111,你这两天确认一下是不是已经付过了我想先确认清楚,LLM_SYNTHETIC_SPOKEN_BASE,SYNTHETIC_TEXT
m3sbv1_003112,最近我觉得帮我问一下现在还能不能改行不行,LLM_SYNTHETIC_SPOKEN_BASE,SYNTHETIC_TEXT
m3sbv1_003113,感觉看看这个接口是不是又报错了，你们这边好安排,LLM_SYNTHETIC_SPOKEN_BASE,SYNTHETIC_TEXT
m3sbv1_003114,家里我记得问一下这个能不能少放一点盐，免得后面又要重新弄,LLM_SYNTHETIC_SPOKEN_BASE,SYNTHETIC_TEXT
m3sbv1_003115,我觉得帮我看看这个号码对不对，我刚才没听太清楚,LLM_SYNTHETIC_SPOKEN_BASE,SYNTHETIC_TEXT
m3sbv1_003116,她我估计帮我把需要验证的地方列出来，免得后面又要重新弄,LLM_SYNTHETIC_SPOKEN_BASE,SYNTHETIC_TEXT
m3sbv1_003117,他可能看看前面是不是要左转，免得后面又要重新弄,LLM_SYNTHETIC_SPOKEN_BASE,SYNTHETIC_TEXT
m3sbv1_003118,一会儿先别急，问一下回来的车几点出发再继续,LLM_SYNTHETIC_SPOKEN_BASE,SYNTHETIC_TEXT
m3sbv1_003119,之前帮我确认一下房间准备好了没有，我确认完再跟你说,LLM_SYNTHETIC_SPOKEN_BASE,SYNTHETIC_TEXT
m3sbv1_003120,刚才我确认一下帮我听一下这个声音正不正常我怕等会儿忘了,LLM_SYNTHETIC_SPOKEN_BASE,SYNTHETIC_TEXT
m3sbv1_003121,先看起来看看能不能换成小份我再决定,LLM_SYNTHETIC_SPOKEN_BASE,SYNTHETIC_TEXT
m3sbv1_003122,公司早一点再检查一遍有没有问题可以吗,LLM_SYNTHETIC_SPOKEN_BASE,SYNTHETIC_TEXT
m3sbv1_003123,现场这边没别的要求，帮我查一下刚才是哪一步失败了就可以,LLM_SYNTHETIC_SPOKEN_BASE,SYNTHETIC_TEXT
m3sbv1_003124,他今天把声音稍微调小一点然后告诉我,LLM_SYNTHETIC_SPOKEN_BASE,SYNTHETIC_TEXT
m3sbv1_003125,最近帮我把重复的内容删掉，我确认完再跟你说,LLM_SYNTHETIC_SPOKEN_BASE,SYNTHETIC_TEXT
m3sbv1_003126,那边这边没别的要求，把这个先放到后面处理就可以,LLM_SYNTHETIC_SPOKEN_BASE,SYNTHETIC_TEXT
m3sbv1_003127,早一点我估计帮我听一下这个声音正不正常就行,LLM_SYNTHETIC_SPOKEN_BASE,SYNTHETIC_TEXT
m3sbv1_003128,我记得看看是不是网络又断了，我这边好安排,LLM_SYNTHETIC_SPOKEN_BASE,SYNTHETIC_TEXT
m3sbv1_003129,我这边没别的要求，帮我查一下刚才是哪一步失败了就可以,LLM_SYNTHETIC_SPOKEN_BASE,SYNTHETIC_TEXT
m3sbv1_003130,麻烦你帮我确认一下字段有没有变，我刚才没听太清楚,LLM_SYNTHETIC_SPOKEN_BASE,SYNTHETIC_TEXT
m3sbv1_003131,店里今天看看这个价格有没有包含费用吧,LLM_SYNTHETIC_SPOKEN_BASE,SYNTHETIC_TEXT
m3sbv1_003132,这两天我想问一下帮我确认一下房间准备好了没有然后告诉我,LLM_SYNTHETIC_SPOKEN_BASE,SYNTHETIC_TEXT
m3sbv1_003133,店里这边没别的要求，先把旧的那套逻辑放一边就可以,LLM_SYNTHETIC_SPOKEN_BASE,SYNTHETIC_TEXT
m3sbv1_003134,现在我听说帮我看看这个菜里面有没有辣椒行不行,LLM_SYNTHETIC_SPOKEN_BASE,SYNTHETIC_TEXT
m3sbv1_003135,前面这边没别的要求，确认一下是不是已经付过了就可以,LLM_SYNTHETIC_SPOKEN_BASE,SYNTHETIC_TEXT
m3sbv1_003136,好像看看这个价格有没有包含费用，我刚才没听太清楚,LLM_SYNTHETIC_SPOKEN_BASE,SYNTHETIC_TEXT
m3sbv1_003137,等一下应该帮我换一个安静一点的位置可以吗,LLM_SYNTHETIC_SPOKEN_BASE,SYNTHETIC_TEXT
m3sbv1_003138,麻烦你别着急我们按顺序来，现场这边好安排,LLM_SYNTHETIC_SPOKEN_BASE,SYNTHETIC_TEXT
m3sbv1_003139,我觉得帮我把需要验证的地方列出来，我刚才没听太清楚,LLM_SYNTHETIC_SPOKEN_BASE,SYNTHETIC_TEXT
m3sbv1_003140,我估计帮我把水再加一点，公司这边好安排,LLM_SYNTHETIC_SPOKEN_BASE,SYNTHETIC_TEXT
m3sbv1_003141,晚一点我估计看看能不能换成小份可以吗,LLM_SYNTHETIC_SPOKEN_BASE,SYNTHETIC_TEXT
m3sbv1_003142,晚一点帮我听一下这个声音正不正常，我确认完再跟你说,LLM_SYNTHETIC_SPOKEN_BASE,SYNTHETIC_TEXT
m3sbv1_003143,现场现在确认一下是不是已经下单了我再决定,LLM_SYNTHETIC_SPOKEN_BASE,SYNTHETIC_TEXT
m3sbv1_003144,我到时候帮我拿一下旁边那个袋子就行,LLM_SYNTHETIC_SPOKEN_BASE,SYNTHETIC_TEXT
m3sbv1_003145,店里好像帮我看看附近有没有停车位，免得后面又要重新弄,LLM_SYNTHETIC_SPOKEN_BASE,SYNTHETIC_TEXT
m3sbv1_003146,确认一下灯是不是都关了，如果不行就先别改,LLM_SYNTHETIC_SPOKEN_BASE,SYNTHETIC_TEXT
m3sbv1_003147,晚一点先别急，帮我看看这个零件是不是松了再继续,LLM_SYNTHETIC_SPOKEN_BASE,SYNTHETIC_TEXT
m3sbv1_003148,这边晚一点看看是不是选错选项了行不行,LLM_SYNTHETIC_SPOKEN_BASE,SYNTHETIC_TEXT
m3sbv1_003149,现场刚才先把现在的结果保存下来是不是,LLM_SYNTHETIC_SPOKEN_BASE,SYNTHETIC_TEXT
m3sbv1_003150,先帮我看看这个零件是不是松了，我确认完再跟你说,LLM_SYNTHETIC_SPOKEN_BASE,SYNTHETIC_TEXT
m3sbv1_003151,麻烦你确认一下时间有没有改，我这边好安排,LLM_SYNTHETIC_SPOKEN_BASE,SYNTHETIC_TEXT
m3sbv1_003152,这两天麻烦你把这个先留着别动我想先确认清楚,LLM_SYNTHETIC_SPOKEN_BASE,SYNTHETIC_TEXT
m3sbv1_003153,这两天先别急，帮我看看附近有没有停车位再继续,LLM_SYNTHETIC_SPOKEN_BASE,SYNTHETIC_TEXT
m3sbv1_003154,可能确认一下退房时间是几点，我刚才没听太清楚,LLM_SYNTHETIC_SPOKEN_BASE,SYNTHETIC_TEXT
m3sbv1_003155,现在先别急，问一下早餐几点开始再继续,LLM_SYNTHETIC_SPOKEN_BASE,SYNTHETIC_TEXT
m3sbv1_003156,他们看起来看看还有没有漏掉的步骤，免得后面又要重新弄,LLM_SYNTHETIC_SPOKEN_BASE,SYNTHETIC_TEXT
m3sbv1_003157,现场昨天看看是不是选错选项了我有点不确定,LLM_SYNTHETIC_SPOKEN_BASE,SYNTHETIC_TEXT
m3sbv1_003158,先麻烦你先把这个问题单独记录下来吧,LLM_SYNTHETIC_SPOKEN_BASE,SYNTHETIC_TEXT
m3sbv1_003159,最近可能别着急我们按顺序来就行,LLM_SYNTHETIC_SPOKEN_BASE,SYNTHETIC_TEXT
m3sbv1_003160,他们我听说确认一下名字有没有写错，免得后面又要重新弄,LLM_SYNTHETIC_SPOKEN_BASE,SYNTHETIC_TEXT
m3sbv1_003161,麻烦你看看能不能多拿一条毛巾，我刚才没听太清楚,LLM_SYNTHETIC_SPOKEN_BASE,SYNTHETIC_TEXT
m3sbv1_003162,公司一会儿看看还有没有漏掉的步骤吧,LLM_SYNTHETIC_SPOKEN_BASE,SYNTHETIC_TEXT
m3sbv1_003163,我我确认一下先等等我马上就过来，免得后面又要重新弄,LLM_SYNTHETIC_SPOKEN_BASE,SYNTHETIC_TEXT
m3sbv1_003164,早一点可能把刚才那条消息再发我一次我有点不确定,LLM_SYNTHETIC_SPOKEN_BASE,SYNTHETIC_TEXT
m3sbv1_003165,你们这边没别的要求，帮我看看这个号码对不对就可以,LLM_SYNTHETIC_SPOKEN_BASE,SYNTHETIC_TEXT
m3sbv1_003166,感觉把刚才说的重点再讲一遍，我刚才没听太清楚,LLM_SYNTHETIC_SPOKEN_BASE,SYNTHETIC_TEXT
m3sbv1_003167,晚一点我想问一下看看有没有影响到别的模块,LLM_SYNTHETIC_SPOKEN_BASE,SYNTHETIC_TEXT
m3sbv1_003168,早一点我听说把刚才说的重点再讲一遍我怕等会儿忘了,LLM_SYNTHETIC_SPOKEN_BASE,SYNTHETIC_TEXT
m3sbv1_003169,后面先确认一下时间有没有改别弄错了,LLM_SYNTHETIC_SPOKEN_BASE,SYNTHETIC_TEXT
m3sbv1_003170,我记得看看能不能换成小份，家里这边好安排,LLM_SYNTHETIC_SPOKEN_BASE,SYNTHETIC_TEXT
m3sbv1_003171,他早一点把这个先放到后面处理就行,LLM_SYNTHETIC_SPOKEN_BASE,SYNTHETIC_TEXT
m3sbv1_003172,她之前先把这个问题单独记录下来是不是,LLM_SYNTHETIC_SPOKEN_BASE,SYNTHETIC_TEXT
m3sbv1_003173,这边今天帮我看看附近有没有停车位然后告诉我,LLM_SYNTHETIC_SPOKEN_BASE,SYNTHETIC_TEXT
m3sbv1_003174,现场一会儿确认一下这次只改这一部分我想先确认清楚,LLM_SYNTHETIC_SPOKEN_BASE,SYNTHETIC_TEXT
m3sbv1_003175,晚一点确认一下车是不是停在外面，我确认完再跟你说,LLM_SYNTHETIC_SPOKEN_BASE,SYNTHETIC_TEXT
m3sbv1_003176,我确认一下先把这一项记下来，我这边好安排,LLM_SYNTHETIC_SPOKEN_BASE,SYNTHETIC_TEXT
m3sbv1_003177,现场一会儿看看能不能把时间往后挪一点我怕等会儿忘了,LLM_SYNTHETIC_SPOKEN_BASE,SYNTHETIC_TEXT
m3sbv1_003178,麻烦你看看数据是不是重复了，你这边好安排,LLM_SYNTHETIC_SPOKEN_BASE,SYNTHETIC_TEXT
m3sbv1_003179,确认一下停车要不要付费，有变化的话提前告诉我,LLM_SYNTHETIC_SPOKEN_BASE,SYNTHETIC_TEXT
m3sbv1_003180,你我听说确认一下会议是不是改到下午了，免得后面又要重新弄,LLM_SYNTHETIC_SPOKEN_BASE,SYNTHETIC_TEXT
m3sbv1_003181,我我想问一下先把现在的结果保存下来，免得后面又要重新弄,LLM_SYNTHETIC_SPOKEN_BASE,SYNTHETIC_TEXT
m3sbv1_003182,前面今天把声音稍微调小一点行不行,LLM_SYNTHETIC_SPOKEN_BASE,SYNTHETIC_TEXT
m3sbv1_003183,我早一点帮我确认一下负责人是谁我有点不确定,LLM_SYNTHETIC_SPOKEN_BASE,SYNTHETIC_TEXT
m3sbv1_003184,好像看看是不是还少了什么，现场这边好安排,LLM_SYNTHETIC_SPOKEN_BASE,SYNTHETIC_TEXT
m3sbv1_003185,昨天看看这个杯子是不是我的，我确认完再跟你说,LLM_SYNTHETIC_SPOKEN_BASE,SYNTHETIC_TEXT
m3sbv1_003186,我们我估计帮我看看行李放在哪里，免得后面又要重新弄,LLM_SYNTHETIC_SPOKEN_BASE,SYNTHETIC_TEXT
m3sbv1_003187,我确认一下确认一下轮胎是不是有点软，我这边好安排,LLM_SYNTHETIC_SPOKEN_BASE,SYNTHETIC_TEXT
m3sbv1_003188,他们应该确认一下这次只改这一部分，免得后面又要重新弄,LLM_SYNTHETIC_SPOKEN_BASE,SYNTHETIC_TEXT
m3sbv1_003189,晚一点先别急，帮我看看附近有没有停车位再继续,LLM_SYNTHETIC_SPOKEN_BASE,SYNTHETIC_TEXT
m3sbv1_003190,他麻烦你帮我看看行李放在哪里，免得后面又要重新弄,LLM_SYNTHETIC_SPOKEN_BASE,SYNTHETIC_TEXT
m3sbv1_003191,等一下帮我看看行李放在哪里，我确认完再跟你说,LLM_SYNTHETIC_SPOKEN_BASE,SYNTHETIC_TEXT
m3sbv1_003192,那边这边没别的要求，帮我把重复的内容删掉就可以,LLM_SYNTHETIC_SPOKEN_BASE,SYNTHETIC_TEXT
m3sbv1_003193,公司看起来看看这个价格有没有包含费用，免得后面又要重新弄,LLM_SYNTHETIC_SPOKEN_BASE,SYNTHETIC_TEXT
m3sbv1_003194,这边先确认一下这个功能是不是已经关掉了别弄错了,LLM_SYNTHETIC_SPOKEN_BASE,SYNTHETIC_TEXT
m3sbv1_003195,现在好像看看导航是不是带错路了然后告诉我,LLM_SYNTHETIC_SPOKEN_BASE,SYNTHETIC_TEXT
m3sbv1_003196,你看起来问一下他们什么时候能到，免得后面又要重新弄,LLM_SYNTHETIC_SPOKEN_BASE,SYNTHETIC_TEXT
m3sbv1_003197,后面到时候确认一下测试结果有没有更新我想先确认清楚,LLM_SYNTHETIC_SPOKEN_BASE,SYNTHETIC_TEXT
m3sbv1_003198,她到时候确认一下这份文件是不是最终版,LLM_SYNTHETIC_SPOKEN_BASE,SYNTHETIC_TEXT
m3sbv1_003199,先我记得看看有没有不用排队的办法,LLM_SYNTHETIC_SPOKEN_BASE,SYNTHETIC_TEXT
m3sbv1_003200,麻烦你先把现在的结果保存下来，她这边好安排,LLM_SYNTHETIC_SPOKEN_BASE,SYNTHETIC_TEXT
m3sbv1_003201,明天我觉得帮我确认一下房间准备好了没有我再决定,LLM_SYNTHETIC_SPOKEN_BASE,SYNTHETIC_TEXT
m3sbv1_003202,家里晚一点确认一下车是不是停在外面吧,LLM_SYNTHETIC_SPOKEN_BASE,SYNTHETIC_TEXT
m3sbv1_003203,昨天我确认一下看看这个结果和昨天是不是一样吧,LLM_SYNTHETIC_SPOKEN_BASE,SYNTHETIC_TEXT
m3sbv1_003204,你到时候确认一下入口是不是在这边就行,LLM_SYNTHETIC_SPOKEN_BASE,SYNTHETIC_TEXT
m3sbv1_003205,公司到时候帮我看看附近有没有停车位我有点不确定,LLM_SYNTHETIC_SPOKEN_BASE,SYNTHETIC_TEXT
m3sbv1_003206,应该确认一下这个功能是不是已经关掉了，这边这边好安排,LLM_SYNTHETIC_SPOKEN_BASE,SYNTHETIC_TEXT
m3sbv1_003207,你们应该确认一下今天是不是正常营业，免得后面又要重新弄,LLM_SYNTHETIC_SPOKEN_BASE,SYNTHETIC_TEXT
m3sbv1_003208,刚才看看这个价格有没有包含费用，我确认完再跟你说,LLM_SYNTHETIC_SPOKEN_BASE,SYNTHETIC_TEXT
m3sbv1_003209,麻烦你帮我把重复的内容删掉，你这边好安排,LLM_SYNTHETIC_SPOKEN_BASE,SYNTHETIC_TEXT
m3sbv1_003210,早一点确认一下车是不是停在外面，我确认完再跟你说,LLM_SYNTHETIC_SPOKEN_BASE,SYNTHETIC_TEXT
m3sbv1_003211,我们应该先等等我马上就过来，免得后面又要重新弄,LLM_SYNTHETIC_SPOKEN_BASE,SYNTHETIC_TEXT
m3sbv1_003212,帮我确认一下房间准备好了没有，有变化的话提前告诉我,LLM_SYNTHETIC_SPOKEN_BASE,SYNTHETIC_TEXT
m3sbv1_003213,刚才我听说把最新版本发给我看一下行不行,LLM_SYNTHETIC_SPOKEN_BASE,SYNTHETIC_TEXT
m3sbv1_003214,我想问一下告诉我大概还要多久，他这边好安排,LLM_SYNTHETIC_SPOKEN_BASE,SYNTHETIC_TEXT
m3sbv1_003215,这两天帮我确认一下房间准备好了没有，我确认完再跟你说,LLM_SYNTHETIC_SPOKEN_BASE,SYNTHETIC_TEXT
m3sbv1_003216,你麻烦你帮我看看这个零件是不是松了，免得后面又要重新弄,LLM_SYNTHETIC_SPOKEN_BASE,SYNTHETIC_TEXT
m3sbv1_003217,麻烦你帮我找一下充电线放哪了，他们这边好安排,LLM_SYNTHETIC_SPOKEN_BASE,SYNTHETIC_TEXT
m3sbv1_003218,麻烦你把这个先留着别动，这边这边好安排,LLM_SYNTHETIC_SPOKEN_BASE,SYNTHETIC_TEXT
m3sbv1_003219,他这边没别的要求，看看空调能不能调高一点就可以,LLM_SYNTHETIC_SPOKEN_BASE,SYNTHETIC_TEXT
m3sbv1_003220,应该帮我把重复的内容删掉，我刚才没听太清楚,LLM_SYNTHETIC_SPOKEN_BASE,SYNTHETIC_TEXT
m3sbv1_003221,他这边没别的要求，确认一下会议是不是改到下午了就可以,LLM_SYNTHETIC_SPOKEN_BASE,SYNTHETIC_TEXT
m3sbv1_003222,我想问一下看看是不是网络又断了，公司这边好安排,LLM_SYNTHETIC_SPOKEN_BASE,SYNTHETIC_TEXT
m3sbv1_003223,这两天先把现在的结果保存下来，我确认完再跟你说,LLM_SYNTHETIC_SPOKEN_BASE,SYNTHETIC_TEXT
m3sbv1_003224,他们到时候把这个先放到后面处理可以吗,LLM_SYNTHETIC_SPOKEN_BASE,SYNTHETIC_TEXT
m3sbv1_003225,等一下确认一下这个功能是不是已经关掉了，我确认完再跟你说,LLM_SYNTHETIC_SPOKEN_BASE,SYNTHETIC_TEXT
m3sbv1_003226,这边我听说问一下早餐几点开始，免得后面又要重新弄,LLM_SYNTHETIC_SPOKEN_BASE,SYNTHETIC_TEXT
m3sbv1_003227,后面应该帮我把水再加一点，免得后面又要重新弄,LLM_SYNTHETIC_SPOKEN_BASE,SYNTHETIC_TEXT
m3sbv1_003228,那边今天帮我确认一下房间准备好了没有别弄错了,LLM_SYNTHETIC_SPOKEN_BASE,SYNTHETIC_TEXT
m3sbv1_003229,现在应该看看能不能多拿一条毛巾,LLM_SYNTHETIC_SPOKEN_BASE,SYNTHETIC_TEXT
m3sbv1_003230,这两天问一下还能不能加一个人，我确认完再跟你说,LLM_SYNTHETIC_SPOKEN_BASE,SYNTHETIC_TEXT
m3sbv1_003231,我刚才确认一下时间有没有改我想先确认清楚,LLM_SYNTHETIC_SPOKEN_BASE,SYNTHETIC_TEXT
m3sbv1_003232,你到时候先把旧的那套逻辑放一边是不是,LLM_SYNTHETIC_SPOKEN_BASE,SYNTHETIC_TEXT
m3sbv1_003233,先先别急，试一下重新打开能不能用再继续,LLM_SYNTHETIC_SPOKEN_BASE,SYNTHETIC_TEXT
m3sbv1_003234,可能看看前面是不是要左转，家里这边好安排,LLM_SYNTHETIC_SPOKEN_BASE,SYNTHETIC_TEXT
m3sbv1_003235,你这边没别的要求，看看有没有更早一点的时间就可以,LLM_SYNTHETIC_SPOKEN_BASE,SYNTHETIC_TEXT
m3sbv1_003236,公司昨天确认一下要不要提前预约别弄错了,LLM_SYNTHETIC_SPOKEN_BASE,SYNTHETIC_TEXT
m3sbv1_003237,可能先等等我马上就过来，他们这边好安排,LLM_SYNTHETIC_SPOKEN_BASE,SYNTHETIC_TEXT
m3sbv1_003238,我们这边没别的要求，先等等我马上就过来就可以,LLM_SYNTHETIC_SPOKEN_BASE,SYNTHETIC_TEXT
m3sbv1_003239,确认一下会议是不是改到下午了，有变化的话提前告诉我,LLM_SYNTHETIC_SPOKEN_BASE,SYNTHETIC_TEXT
m3sbv1_003240,前面我觉得帮我把重复的内容删掉，免得后面又要重新弄,LLM_SYNTHETIC_SPOKEN_BASE,SYNTHETIC_TEXT
m3sbv1_003241,我听说帮我确认一下下一站在哪里，你这边好安排,LLM_SYNTHETIC_SPOKEN_BASE,SYNTHETIC_TEXT
m3sbv1_003242,这边这边没别的要求，看看导航是不是带错路了就可以,LLM_SYNTHETIC_SPOKEN_BASE,SYNTHETIC_TEXT
m3sbv1_003243,后面看起来告诉我大概还要多久，免得后面又要重新弄,LLM_SYNTHETIC_SPOKEN_BASE,SYNTHETIC_TEXT
m3sbv1_003244,可能帮我问一下还有没有空位，他这边好安排,LLM_SYNTHETIC_SPOKEN_BASE,SYNTHETIC_TEXT
m3sbv1_003245,他们我听说先等等我马上就过来，免得后面又要重新弄,LLM_SYNTHETIC_SPOKEN_BASE,SYNTHETIC_TEXT
m3sbv1_003246,好像帮我查一下刚才是哪一步失败了，前面这边好安排,LLM_SYNTHETIC_SPOKEN_BASE,SYNTHETIC_TEXT
m3sbv1_003247,到时候先别急，把这个问题先记到清单里再继续,LLM_SYNTHETIC_SPOKEN_BASE,SYNTHETIC_TEXT
m3sbv1_003248,好像先把这一项记下来，我刚才没听太清楚,LLM_SYNTHETIC_SPOKEN_BASE,SYNTHETIC_TEXT
m3sbv1_003249,看起来确认一下会议是不是改到下午了，他这边好安排,LLM_SYNTHETIC_SPOKEN_BASE,SYNTHETIC_TEXT
m3sbv1_003250,你等一下再检查一遍有没有问题吧,LLM_SYNTHETIC_SPOKEN_BASE,SYNTHETIC_TEXT
m3sbv1_003251,我们看起来帮我确认一下负责人是谁，免得后面又要重新弄,LLM_SYNTHETIC_SPOKEN_BASE,SYNTHETIC_TEXT
m3sbv1_003252,晚一点麻烦你确认一下名字有没有写错是不是,LLM_SYNTHETIC_SPOKEN_BASE,SYNTHETIC_TEXT
m3sbv1_003253,明天先别急，问一下还能不能加一个人再继续,LLM_SYNTHETIC_SPOKEN_BASE,SYNTHETIC_TEXT
m3sbv1_003254,家里早一点问一下回来的车几点出发可以吗,LLM_SYNTHETIC_SPOKEN_BASE,SYNTHETIC_TEXT
m3sbv1_003255,好像帮我找一下充电线放哪了，他们这边好安排,LLM_SYNTHETIC_SPOKEN_BASE,SYNTHETIC_TEXT
m3sbv1_003256,现场我确认一下帮我看看为什么还没收到，免得后面又要重新弄,LLM_SYNTHETIC_SPOKEN_BASE,SYNTHETIC_TEXT
m3sbv1_003257,应该帮我确认一下负责人是谁，他这边好安排,LLM_SYNTHETIC_SPOKEN_BASE,SYNTHETIC_TEXT
m3sbv1_003258,店里晚一点再检查一遍有没有问题,LLM_SYNTHETIC_SPOKEN_BASE,SYNTHETIC_TEXT
m3sbv1_003259,早一点到的时候给我发个消息，我确认完再跟你说,LLM_SYNTHETIC_SPOKEN_BASE,SYNTHETIC_TEXT
m3sbv1_003260,早一点我听说帮我换一个安静一点的位置别弄错了,LLM_SYNTHETIC_SPOKEN_BASE,SYNTHETIC_TEXT
m3sbv1_003261,先确认一下要不要提前预约，我确认完再跟你说,LLM_SYNTHETIC_SPOKEN_BASE,SYNTHETIC_TEXT
m3sbv1_003262,先我想问一下看一下这个是不是放错地方了然后告诉我,LLM_SYNTHETIC_SPOKEN_BASE,SYNTHETIC_TEXT
m3sbv1_003263,好像帮我确认一下字段有没有变，那边这边好安排,LLM_SYNTHETIC_SPOKEN_BASE,SYNTHETIC_TEXT
m3sbv1_003264,现在先别急，看看有没有影响到别的模块再继续,LLM_SYNTHETIC_SPOKEN_BASE,SYNTHETIC_TEXT
m3sbv1_003265,一会儿我想问一下确认一下这个功能是不是已经关掉了可以吗,LLM_SYNTHETIC_SPOKEN_BASE,SYNTHETIC_TEXT
m3sbv1_003266,可能帮我确认一下下一站在哪里，我刚才没听太清楚,LLM_SYNTHETIC_SPOKEN_BASE,SYNTHETIC_TEXT
m3sbv1_003267,你我觉得把刚才那条消息再发我一次，免得后面又要重新弄,LLM_SYNTHETIC_SPOKEN_BASE,SYNTHETIC_TEXT
m3sbv1_003268,我记得帮我看看为什么还没收到，我刚才没听太清楚,LLM_SYNTHETIC_SPOKEN_BASE,SYNTHETIC_TEXT
m3sbv1_003269,我刚才问一下回来的车几点出发然后告诉我,LLM_SYNTHETIC_SPOKEN_BASE,SYNTHETIC_TEXT
m3sbv1_003270,这边这边没别的要求，确认一下是不是从这里集合就可以,LLM_SYNTHETIC_SPOKEN_BASE,SYNTHETIC_TEXT
m3sbv1_003271,我今天先把这个问题单独记录下来可以吗,LLM_SYNTHETIC_SPOKEN_BASE,SYNTHETIC_TEXT
m3sbv1_003272,我确认一下帮我问一下现在还能不能改，现场这边好安排,LLM_SYNTHETIC_SPOKEN_BASE,SYNTHETIC_TEXT
m3sbv1_003273,你我觉得问一下还能不能加一个人，免得后面又要重新弄,LLM_SYNTHETIC_SPOKEN_BASE,SYNTHETIC_TEXT
m3sbv1_003274,我们我听说帮我看看这个菜里面有没有辣椒，免得后面又要重新弄,LLM_SYNTHETIC_SPOKEN_BASE,SYNTHETIC_TEXT
m3sbv1_003275,我记得问一下能不能晚一点回来，你这边好安排,LLM_SYNTHETIC_SPOKEN_BASE,SYNTHETIC_TEXT
m3sbv1_003276,看看这个东西应该放哪里，有变化的话提前告诉我,LLM_SYNTHETIC_SPOKEN_BASE,SYNTHETIC_TEXT
m3sbv1_003277,晚一点我确认一下看看能不能多拿一条毛巾我有点不确定,LLM_SYNTHETIC_SPOKEN_BASE,SYNTHETIC_TEXT
m3sbv1_003278,那边晚一点确认一下会议是不是改到下午了就行,LLM_SYNTHETIC_SPOKEN_BASE,SYNTHETIC_TEXT
m3sbv1_003279,最近把地址再确认一下，我确认完再跟你说,LLM_SYNTHETIC_SPOKEN_BASE,SYNTHETIC_TEXT
m3sbv1_003280,那边一会儿再检查一遍有没有问题行不行,LLM_SYNTHETIC_SPOKEN_BASE,SYNTHETIC_TEXT
m3sbv1_003281,前面我觉得把声音稍微调小一点，免得后面又要重新弄,LLM_SYNTHETIC_SPOKEN_BASE,SYNTHETIC_TEXT
m3sbv1_003282,我们这边没别的要求，帮我看看这个菜里面有没有辣椒就可以,LLM_SYNTHETIC_SPOKEN_BASE,SYNTHETIC_TEXT
m3sbv1_003283,我记得帮我把需要验证的地方列出来，后面这边好安排,LLM_SYNTHETIC_SPOKEN_BASE,SYNTHETIC_TEXT
m3sbv1_003284,店里可能看看是不是选错选项了，免得后面又要重新弄,LLM_SYNTHETIC_SPOKEN_BASE,SYNTHETIC_TEXT
m3sbv1_003285,我们这边没别的要求，把这个先留着别动就可以,LLM_SYNTHETIC_SPOKEN_BASE,SYNTHETIC_TEXT
m3sbv1_003286,你应该把门先关一下有点冷，免得后面又要重新弄,LLM_SYNTHETIC_SPOKEN_BASE,SYNTHETIC_TEXT
m3sbv1_003287,他们我确认一下确认一下是不是已经付过了，免得后面又要重新弄,LLM_SYNTHETIC_SPOKEN_BASE,SYNTHETIC_TEXT
m3sbv1_003288,我听说看看这个接口是不是又报错了，店里这边好安排,LLM_SYNTHETIC_SPOKEN_BASE,SYNTHETIC_TEXT
m3sbv1_003289,我估计看看这个接口是不是又报错了，家里这边好安排,LLM_SYNTHETIC_SPOKEN_BASE,SYNTHETIC_TEXT
m3sbv1_003290,昨天应该别着急我们按顺序来是不是,LLM_SYNTHETIC_SPOKEN_BASE,SYNTHETIC_TEXT
m3sbv1_003291,感觉确认一下灯是不是都关了，你们这边好安排,LLM_SYNTHETIC_SPOKEN_BASE,SYNTHETIC_TEXT
m3sbv1_003292,应该告诉我大概还要多久，我刚才没听太清楚,LLM_SYNTHETIC_SPOKEN_BASE,SYNTHETIC_TEXT
m3sbv1_003293,我听说把最新版本发给我看一下，我刚才没听太清楚,LLM_SYNTHETIC_SPOKEN_BASE,SYNTHETIC_TEXT
m3sbv1_003294,家里晚一点确认一下停车要不要付费我怕等会儿忘了,LLM_SYNTHETIC_SPOKEN_BASE,SYNTHETIC_TEXT
m3sbv1_003295,我我确认一下帮我看看附近有没有停车位，免得后面又要重新弄,LLM_SYNTHETIC_SPOKEN_BASE,SYNTHETIC_TEXT
m3sbv1_003296,家里这边没别的要求，看看有没有不用排队的办法就可以,LLM_SYNTHETIC_SPOKEN_BASE,SYNTHETIC_TEXT
m3sbv1_003297,到时候我估计帮我找一下刚才那个页面我怕等会儿忘了,LLM_SYNTHETIC_SPOKEN_BASE,SYNTHETIC_TEXT
m3sbv1_003298,我觉得确认一下服务有没有启动，我们这边好安排,LLM_SYNTHETIC_SPOKEN_BASE,SYNTHETIC_TEXT
m3sbv1_003299,店里这边没别的要求，把这个先放到后面处理就可以,LLM_SYNTHETIC_SPOKEN_BASE,SYNTHETIC_TEXT
m3sbv1_003300,他们感觉帮我看看为什么还没收到，免得后面又要重新弄,LLM_SYNTHETIC_SPOKEN_BASE,SYNTHETIC_TEXT
m3sbv1_003301,你们这边没别的要求，先别取消我再确认一下就可以,LLM_SYNTHETIC_SPOKEN_BASE,SYNTHETIC_TEXT
m3sbv1_003302,早一点先别急，看看谁还没有回复再继续,LLM_SYNTHETIC_SPOKEN_BASE,SYNTHETIC_TEXT
m3sbv1_003303,我刚才帮我拿一下旁边那个袋子别弄错了,LLM_SYNTHETIC_SPOKEN_BASE,SYNTHETIC_TEXT
m3sbv1_003304,可能把地址再确认一下，店里这边好安排,LLM_SYNTHETIC_SPOKEN_BASE,SYNTHETIC_TEXT
m3sbv1_003305,他们我觉得把最新版本发给我看一下，免得后面又要重新弄,LLM_SYNTHETIC_SPOKEN_BASE,SYNTHETIC_TEXT
m3sbv1_003306,麻烦你看看是不是网络又断了，他们这边好安排,LLM_SYNTHETIC_SPOKEN_BASE,SYNTHETIC_TEXT
m3sbv1_003307,店里好像确认一下文件有没有传成功，免得后面又要重新弄,LLM_SYNTHETIC_SPOKEN_BASE,SYNTHETIC_TEXT
m3sbv1_003308,店里这两天帮我看看行李放在哪里别弄错了,LLM_SYNTHETIC_SPOKEN_BASE,SYNTHETIC_TEXT
m3sbv1_003309,这两天好像确认一下退房时间是几点我有点不确定,LLM_SYNTHETIC_SPOKEN_BASE,SYNTHETIC_TEXT
m3sbv1_003310,我听说帮我问一下还有没有空位，后面这边好安排,LLM_SYNTHETIC_SPOKEN_BASE,SYNTHETIC_TEXT
m3sbv1_003311,前面一会儿帮我确认一下下一站在哪里我想先确认清楚,LLM_SYNTHETIC_SPOKEN_BASE,SYNTHETIC_TEXT
m3sbv1_003312,后面我听说看看是不是网络又断了，免得后面又要重新弄,LLM_SYNTHETIC_SPOKEN_BASE,SYNTHETIC_TEXT
m3sbv1_003313,家里刚才帮我问一下还有没有空位我想先确认清楚,LLM_SYNTHETIC_SPOKEN_BASE,SYNTHETIC_TEXT
m3sbv1_003314,一会儿看起来看看能不能把时间往后挪一点,LLM_SYNTHETIC_SPOKEN_BASE,SYNTHETIC_TEXT
m3sbv1_003315,我想问一下确认一下是不是已经付过了，他这边好安排,LLM_SYNTHETIC_SPOKEN_BASE,SYNTHETIC_TEXT
m3sbv1_003316,应该确认一下要不要提前预约，现场这边好安排,LLM_SYNTHETIC_SPOKEN_BASE,SYNTHETIC_TEXT
m3sbv1_003317,他们我觉得看看谁还没有回复，免得后面又要重新弄,LLM_SYNTHETIC_SPOKEN_BASE,SYNTHETIC_TEXT
m3sbv1_003318,我估计看看空调能不能调高一点，那边这边好安排,LLM_SYNTHETIC_SPOKEN_BASE,SYNTHETIC_TEXT
m3sbv1_003319,今天我听说问一下他们什么时候能到吧,LLM_SYNTHETIC_SPOKEN_BASE,SYNTHETIC_TEXT
m3sbv1_003320,早一点看看这个东西应该放哪里，我确认完再跟你说,LLM_SYNTHETIC_SPOKEN_BASE,SYNTHETIC_TEXT
m3sbv1_003321,晚一点我想问一下确认一下轮胎是不是有点软别弄错了,LLM_SYNTHETIC_SPOKEN_BASE,SYNTHETIC_TEXT
m3sbv1_003322,一会儿先别急，先把旧的那套逻辑放一边再继续,LLM_SYNTHETIC_SPOKEN_BASE,SYNTHETIC_TEXT
m3sbv1_003323,应该看看这个价格有没有包含费用，后面这边好安排,LLM_SYNTHETIC_SPOKEN_BASE,SYNTHETIC_TEXT
m3sbv1_003324,公司这边没别的要求，确认一下轮胎是不是有点软就可以,LLM_SYNTHETIC_SPOKEN_BASE,SYNTHETIC_TEXT
m3sbv1_003325,到时候麻烦你把最新版本发给我看一下我再决定,LLM_SYNTHETIC_SPOKEN_BASE,SYNTHETIC_TEXT
m3sbv1_003326,她这边没别的要求，确认一下服务有没有启动就可以,LLM_SYNTHETIC_SPOKEN_BASE,SYNTHETIC_TEXT
m3sbv1_003327,晚一点把声音稍微调小一点，我确认完再跟你说,LLM_SYNTHETIC_SPOKEN_BASE,SYNTHETIC_TEXT
m3sbv1_003328,后面等一下先把现在的结果保存下来行不行,LLM_SYNTHETIC_SPOKEN_BASE,SYNTHETIC_TEXT
m3sbv1_003329,我们这边没别的要求，看看这个接口是不是又报错了就可以,LLM_SYNTHETIC_SPOKEN_BASE,SYNTHETIC_TEXT
m3sbv1_003330,我估计问一下回来的车几点出发，我刚才没听太清楚,LLM_SYNTHETIC_SPOKEN_BASE,SYNTHETIC_TEXT
m3sbv1_003331,我们这边没别的要求，先别取消我再确认一下就可以,LLM_SYNTHETIC_SPOKEN_BASE,SYNTHETIC_TEXT
m3sbv1_003332,之前应该确认一下今天是不是正常营业然后告诉我,LLM_SYNTHETIC_SPOKEN_BASE,SYNTHETIC_TEXT
m3sbv1_003333,先可能先把这一项记下来别弄错了,LLM_SYNTHETIC_SPOKEN_BASE,SYNTHETIC_TEXT
m3sbv1_003334,他们昨天看看是不是网络又断了,LLM_SYNTHETIC_SPOKEN_BASE,SYNTHETIC_TEXT
m3sbv1_003335,昨天先别急，帮我确认一下负责人是谁再继续,LLM_SYNTHETIC_SPOKEN_BASE,SYNTHETIC_TEXT
m3sbv1_003336,一会儿先别急，帮我找一下充电线放哪了再继续,LLM_SYNTHETIC_SPOKEN_BASE,SYNTHETIC_TEXT
m3sbv1_003337,我明天把刚才说的重点再讲一遍是不是,LLM_SYNTHETIC_SPOKEN_BASE,SYNTHETIC_TEXT
m3sbv1_003338,我我觉得看看前面是不是要左转，免得后面又要重新弄,LLM_SYNTHETIC_SPOKEN_BASE,SYNTHETIC_TEXT
m3sbv1_003339,到时候先别急，帮我看看这个菜里面有没有辣椒再继续,LLM_SYNTHETIC_SPOKEN_BASE,SYNTHETIC_TEXT
m3sbv1_003340,早一点看看还有没有漏掉的步骤，我确认完再跟你说,LLM_SYNTHETIC_SPOKEN_BASE,SYNTHETIC_TEXT
m3sbv1_003341,他好像把这个先放到后面处理，免得后面又要重新弄,LLM_SYNTHETIC_SPOKEN_BASE,SYNTHETIC_TEXT
m3sbv1_003342,他们我觉得确认一下车是不是停在外面，免得后面又要重新弄,LLM_SYNTHETIC_SPOKEN_BASE,SYNTHETIC_TEXT
m3sbv1_003343,等一下先别急，帮我确认一下负责人是谁再继续,LLM_SYNTHETIC_SPOKEN_BASE,SYNTHETIC_TEXT
m3sbv1_003344,这边一会儿先把现在的结果保存下来我有点不确定,LLM_SYNTHETIC_SPOKEN_BASE,SYNTHETIC_TEXT
m3sbv1_003345,她这两天帮我看看日志里有没有异常然后告诉我,LLM_SYNTHETIC_SPOKEN_BASE,SYNTHETIC_TEXT
m3sbv1_003346,我觉得先等等我马上就过来，你这边好安排,LLM_SYNTHETIC_SPOKEN_BASE,SYNTHETIC_TEXT
m3sbv1_003347,前面今天先把旧的那套逻辑放一边是不是,LLM_SYNTHETIC_SPOKEN_BASE,SYNTHETIC_TEXT
m3sbv1_003348,我觉得帮我把水再加一点，店里这边好安排,LLM_SYNTHETIC_SPOKEN_BASE,SYNTHETIC_TEXT
m3sbv1_003349,先把这一项记下来，有变化的话提前告诉我,LLM_SYNTHETIC_SPOKEN_BASE,SYNTHETIC_TEXT
m3sbv1_003350,晚一点先别急，看看导航是不是带错路了再继续,LLM_SYNTHETIC_SPOKEN_BASE,SYNTHETIC_TEXT
m3sbv1_003351,我想问一下看看能不能把时间往后挪一点，店里这边好安排,LLM_SYNTHETIC_SPOKEN_BASE,SYNTHETIC_TEXT
m3sbv1_003352,感觉帮我把水再加一点，他这边好安排,LLM_SYNTHETIC_SPOKEN_BASE,SYNTHETIC_TEXT
m3sbv1_003353,她可能确认一下是不是从这里集合，免得后面又要重新弄,LLM_SYNTHETIC_SPOKEN_BASE,SYNTHETIC_TEXT
m3sbv1_003354,这边看起来把最新版本发给我看一下，免得后面又要重新弄,LLM_SYNTHETIC_SPOKEN_BASE,SYNTHETIC_TEXT
m3sbv1_003355,刚才帮我看看这个号码对不对，我确认完再跟你说,LLM_SYNTHETIC_SPOKEN_BASE,SYNTHETIC_TEXT
m3sbv1_003356,店里一会儿把门先关一下有点冷我再决定,LLM_SYNTHETIC_SPOKEN_BASE,SYNTHETIC_TEXT
m3sbv1_003357,之前先别急，看看这个接口是不是又报错了再继续,LLM_SYNTHETIC_SPOKEN_BASE,SYNTHETIC_TEXT
m3sbv1_003358,现场这边没别的要求，看看导航是不是带错路了就可以,LLM_SYNTHETIC_SPOKEN_BASE,SYNTHETIC_TEXT
m3sbv1_003359,她最近看看有没有更早一点的时间行不行,LLM_SYNTHETIC_SPOKEN_BASE,SYNTHETIC_TEXT
m3sbv1_003360,我好像帮我看看行李放在哪里，免得后面又要重新弄,LLM_SYNTHETIC_SPOKEN_BASE,SYNTHETIC_TEXT
m3sbv1_003361,你这边没别的要求，试一下重新打开能不能用就可以,LLM_SYNTHETIC_SPOKEN_BASE,SYNTHETIC_TEXT
m3sbv1_003362,我想问一下确认一下是不是同一个订单，他们这边好安排,LLM_SYNTHETIC_SPOKEN_BASE,SYNTHETIC_TEXT
m3sbv1_003363,我估计到的时候给我发个消息，现场这边好安排,LLM_SYNTHETIC_SPOKEN_BASE,SYNTHETIC_TEXT
m3sbv1_003364,他我记得看看是不是还少了什么，免得后面又要重新弄,LLM_SYNTHETIC_SPOKEN_BASE,SYNTHETIC_TEXT
m3sbv1_003365,我记得帮我确认一下下一站在哪里，我刚才没听太清楚,LLM_SYNTHETIC_SPOKEN_BASE,SYNTHETIC_TEXT
m3sbv1_003366,昨天可能看看是不是网络又断了别弄错了,LLM_SYNTHETIC_SPOKEN_BASE,SYNTHETIC_TEXT
m3sbv1_003367,现在看看有没有更早一点的时间，我确认完再跟你说,LLM_SYNTHETIC_SPOKEN_BASE,SYNTHETIC_TEXT
m3sbv1_003368,我觉得看看还有没有漏掉的步骤，她这边好安排,LLM_SYNTHETIC_SPOKEN_BASE,SYNTHETIC_TEXT
m3sbv1_003369,你们之前帮我看看这个号码对不对,LLM_SYNTHETIC_SPOKEN_BASE,SYNTHETIC_TEXT
m3sbv1_003370,我觉得把声音稍微调小一点，他这边好安排,LLM_SYNTHETIC_SPOKEN_BASE,SYNTHETIC_TEXT
m3sbv1_003371,他应该帮我确认一下负责人是谁，免得后面又要重新弄,LLM_SYNTHETIC_SPOKEN_BASE,SYNTHETIC_TEXT
m3sbv1_003372,我确认一下看看这个版本是不是最新的，她这边好安排,LLM_SYNTHETIC_SPOKEN_BASE,SYNTHETIC_TEXT
m3sbv1_003373,等一下先别急，看一下这个是不是放错地方了再继续,LLM_SYNTHETIC_SPOKEN_BASE,SYNTHETIC_TEXT
m3sbv1_003374,到时候我确认一下别着急我们按顺序来我怕等会儿忘了,LLM_SYNTHETIC_SPOKEN_BASE,SYNTHETIC_TEXT
m3sbv1_003375,他昨天问一下能不能晚一点回来行不行,LLM_SYNTHETIC_SPOKEN_BASE,SYNTHETIC_TEXT
m3sbv1_003376,我们这边没别的要求，确认一下退房时间是几点就可以,LLM_SYNTHETIC_SPOKEN_BASE,SYNTHETIC_TEXT
m3sbv1_003377,今天我估计确认一下是不是同一个订单行不行,LLM_SYNTHETIC_SPOKEN_BASE,SYNTHETIC_TEXT
m3sbv1_003378,后面麻烦你看看有没有不用排队的办法，免得后面又要重新弄,LLM_SYNTHETIC_SPOKEN_BASE,SYNTHETIC_TEXT
m3sbv1_003379,现场这边没别的要求，帮我找一下刚才那个页面就可以,LLM_SYNTHETIC_SPOKEN_BASE,SYNTHETIC_TEXT
m3sbv1_003380,我估计把位置发给我我自己过去，家里这边好安排,LLM_SYNTHETIC_SPOKEN_BASE,SYNTHETIC_TEXT
m3sbv1_003381,家里我觉得看看有没有影响到别的模块，免得后面又要重新弄,LLM_SYNTHETIC_SPOKEN_BASE,SYNTHETIC_TEXT
m3sbv1_003382,前面明天帮我问一下现在还能不能改我再决定,LLM_SYNTHETIC_SPOKEN_BASE,SYNTHETIC_TEXT
m3sbv1_003383,前面我估计把刚才那条消息再发我一次，免得后面又要重新弄,LLM_SYNTHETIC_SPOKEN_BASE,SYNTHETIC_TEXT
m3sbv1_003384,明天我估计把地址再确认一下我怕等会儿忘了,LLM_SYNTHETIC_SPOKEN_BASE,SYNTHETIC_TEXT
m3sbv1_003385,前面应该问一下这个能不能少放一点盐，免得后面又要重新弄,LLM_SYNTHETIC_SPOKEN_BASE,SYNTHETIC_TEXT
m3sbv1_003386,好像帮我查一下刚才是哪一步失败了，那边这边好安排,LLM_SYNTHETIC_SPOKEN_BASE,SYNTHETIC_TEXT
m3sbv1_003387,昨天看看这个价格有没有包含费用，我确认完再跟你说,LLM_SYNTHETIC_SPOKEN_BASE,SYNTHETIC_TEXT
m3sbv1_003388,晚一点我估计看看油还够不够我再决定,LLM_SYNTHETIC_SPOKEN_BASE,SYNTHETIC_TEXT
m3sbv1_003389,现场看起来帮我把重复的内容删掉，免得后面又要重新弄,LLM_SYNTHETIC_SPOKEN_BASE,SYNTHETIC_TEXT
m3sbv1_003390,我听说确认一下是不是已经付过了，他这边好安排,LLM_SYNTHETIC_SPOKEN_BASE,SYNTHETIC_TEXT
m3sbv1_003391,我确认一下确认一下是不是从这里集合，你们这边好安排,LLM_SYNTHETIC_SPOKEN_BASE,SYNTHETIC_TEXT
m3sbv1_003392,明天先别急，先把现在的结果保存下来再继续,LLM_SYNTHETIC_SPOKEN_BASE,SYNTHETIC_TEXT
m3sbv1_003393,麻烦你看看这个价格有没有包含费用，我刚才没听太清楚,LLM_SYNTHETIC_SPOKEN_BASE,SYNTHETIC_TEXT
m3sbv1_003394,晚一点看看是不是选错选项了，我确认完再跟你说,LLM_SYNTHETIC_SPOKEN_BASE,SYNTHETIC_TEXT
m3sbv1_003395,等一下帮我确认一下下一站在哪里，我确认完再跟你说,LLM_SYNTHETIC_SPOKEN_BASE,SYNTHETIC_TEXT
m3sbv1_003396,感觉看看数据是不是重复了，我刚才没听太清楚,LLM_SYNTHETIC_SPOKEN_BASE,SYNTHETIC_TEXT
m3sbv1_003397,一会儿我估计确认一下停车要不要付费别弄错了,LLM_SYNTHETIC_SPOKEN_BASE,SYNTHETIC_TEXT
m3sbv1_003398,到时候麻烦你把声音稍微调小一点行不行,LLM_SYNTHETIC_SPOKEN_BASE,SYNTHETIC_TEXT
m3sbv1_003399,他应该把位置发给我我自己过去，免得后面又要重新弄,LLM_SYNTHETIC_SPOKEN_BASE,SYNTHETIC_TEXT
m3sbv1_003400,要是方便的话帮我看看这个菜里面有没有辣椒，不用特意等我,LLM_SYNTHETIC_SPOKEN_BASE,SYNTHETIC_TEXT
m3sbv1_003401,到时候我听说把这个先留着别动我怕等会儿忘了,LLM_SYNTHETIC_SPOKEN_BASE,SYNTHETIC_TEXT
m3sbv1_003402,这边之前看看前面能不能掉头可以吗,LLM_SYNTHETIC_SPOKEN_BASE,SYNTHETIC_TEXT
m3sbv1_003403,她感觉帮我拿一下旁边那个袋子，免得后面又要重新弄,LLM_SYNTHETIC_SPOKEN_BASE,SYNTHETIC_TEXT
m3sbv1_003404,我听说帮我看看这个号码对不对，我刚才没听太清楚,LLM_SYNTHETIC_SPOKEN_BASE,SYNTHETIC_TEXT
m3sbv1_003405,现场早一点帮我看看行李放在哪里就行,LLM_SYNTHETIC_SPOKEN_BASE,SYNTHETIC_TEXT
m3sbv1_003406,后面这边没别的要求，确认一下是不是从这里集合就可以,LLM_SYNTHETIC_SPOKEN_BASE,SYNTHETIC_TEXT
m3sbv1_003407,后面晚一点确认一下服务有没有启动我有点不确定,LLM_SYNTHETIC_SPOKEN_BASE,SYNTHETIC_TEXT
m3sbv1_003408,家里一会儿看看前面是不是要左转,LLM_SYNTHETIC_SPOKEN_BASE,SYNTHETIC_TEXT
m3sbv1_003409,她这边没别的要求，帮我看看附近有没有停车位就可以,LLM_SYNTHETIC_SPOKEN_BASE,SYNTHETIC_TEXT
m3sbv1_003410,你们我觉得帮我找一下充电线放哪了，免得后面又要重新弄,LLM_SYNTHETIC_SPOKEN_BASE,SYNTHETIC_TEXT
m3sbv1_003411,晚一点确认一下这个功能是不是已经关掉了，我确认完再跟你说,LLM_SYNTHETIC_SPOKEN_BASE,SYNTHETIC_TEXT
m3sbv1_003412,明天我想问一下帮我看看这个菜里面有没有辣椒行不行,LLM_SYNTHETIC_SPOKEN_BASE,SYNTHETIC_TEXT
m3sbv1_003413,你们昨天帮我看看附近有没有停车位吧,LLM_SYNTHETIC_SPOKEN_BASE,SYNTHETIC_TEXT
m3sbv1_003414,看起来别着急我们按顺序来，我刚才没听太清楚,LLM_SYNTHETIC_SPOKEN_BASE,SYNTHETIC_TEXT
m3sbv1_003415,我想问一下帮我找一下刚才那个页面，他这边好安排,LLM_SYNTHETIC_SPOKEN_BASE,SYNTHETIC_TEXT
m3sbv1_003416,应该看看这个结果和昨天是不是一样，我们这边好安排,LLM_SYNTHETIC_SPOKEN_BASE,SYNTHETIC_TEXT
m3sbv1_003417,店里好像看看这个接口是不是又报错了，免得后面又要重新弄,LLM_SYNTHETIC_SPOKEN_BASE,SYNTHETIC_TEXT
m3sbv1_003418,现在我估计看看导航是不是带错路了行不行,LLM_SYNTHETIC_SPOKEN_BASE,SYNTHETIC_TEXT
m3sbv1_003419,看起来把刚才那条消息再发我一次，我们这边好安排,LLM_SYNTHETIC_SPOKEN_BASE,SYNTHETIC_TEXT
m3sbv1_003420,今天确认一下入口是不是在这边，我确认完再跟你说,LLM_SYNTHETIC_SPOKEN_BASE,SYNTHETIC_TEXT
m3sbv1_003421,一会儿我记得问一下这个能不能少放一点盐我怕等会儿忘了,LLM_SYNTHETIC_SPOKEN_BASE,SYNTHETIC_TEXT
m3sbv1_003422,应该帮我确认一下房间准备好了没有，前面这边好安排,LLM_SYNTHETIC_SPOKEN_BASE,SYNTHETIC_TEXT
m3sbv1_003423,我听说看看数据是不是重复了，我刚才没听太清楚,LLM_SYNTHETIC_SPOKEN_BASE,SYNTHETIC_TEXT
m3sbv1_003424,你到时候看看前面是不是要左转行不行,LLM_SYNTHETIC_SPOKEN_BASE,SYNTHETIC_TEXT
m3sbv1_003425,那边昨天看看数据是不是重复了是不是,LLM_SYNTHETIC_SPOKEN_BASE,SYNTHETIC_TEXT
m3sbv1_003426,她明天看看是不是配置没有生效我怕等会儿忘了,LLM_SYNTHETIC_SPOKEN_BASE,SYNTHETIC_TEXT
m3sbv1_003427,等一下先把现在的结果保存下来，我确认完再跟你说,LLM_SYNTHETIC_SPOKEN_BASE,SYNTHETIC_TEXT
m3sbv1_003428,我们一会儿确认一下轮胎是不是有点软吧,LLM_SYNTHETIC_SPOKEN_BASE,SYNTHETIC_TEXT
m3sbv1_003429,今天我想问一下确认一下时间有没有改别弄错了,LLM_SYNTHETIC_SPOKEN_BASE,SYNTHETIC_TEXT
m3sbv1_003430,前面我确认一下帮我把需要验证的地方列出来，免得后面又要重新弄,LLM_SYNTHETIC_SPOKEN_BASE,SYNTHETIC_TEXT
m3sbv1_003431,到时候看一下这个是不是放错地方了，我确认完再跟你说,LLM_SYNTHETIC_SPOKEN_BASE,SYNTHETIC_TEXT
m3sbv1_003432,晚一点我估计帮我确认一下负责人是谁我有点不确定,LLM_SYNTHETIC_SPOKEN_BASE,SYNTHETIC_TEXT
m3sbv1_003433,明天我听说看看前面能不能掉头就行,LLM_SYNTHETIC_SPOKEN_BASE,SYNTHETIC_TEXT
m3sbv1_003434,家里我确认一下确认一下是不是同一个订单，免得后面又要重新弄,LLM_SYNTHETIC_SPOKEN_BASE,SYNTHETIC_TEXT
m3sbv1_003435,好像帮我问一下还有没有空位，我刚才没听太清楚,LLM_SYNTHETIC_SPOKEN_BASE,SYNTHETIC_TEXT
m3sbv1_003436,他我记得确认一下是不是从这里集合，免得后面又要重新弄,LLM_SYNTHETIC_SPOKEN_BASE,SYNTHETIC_TEXT
m3sbv1_003437,我确认一下看看前面能不能掉头，我刚才没听太清楚,LLM_SYNTHETIC_SPOKEN_BASE,SYNTHETIC_TEXT
m3sbv1_003438,那边早一点帮我看看这个号码对不对我怕等会儿忘了,LLM_SYNTHETIC_SPOKEN_BASE,SYNTHETIC_TEXT
m3sbv1_003439,店里这边没别的要求，帮我看看这个零件是不是松了就可以,LLM_SYNTHETIC_SPOKEN_BASE,SYNTHETIC_TEXT
m3sbv1_003440,最近麻烦你确认一下车是不是停在外面就行,LLM_SYNTHETIC_SPOKEN_BASE,SYNTHETIC_TEXT
m3sbv1_003441,感觉问一下回来的车几点出发，家里这边好安排,LLM_SYNTHETIC_SPOKEN_BASE,SYNTHETIC_TEXT
m3sbv1_003442,这边这边没别的要求，确认一下测试结果有没有更新就可以,LLM_SYNTHETIC_SPOKEN_BASE,SYNTHETIC_TEXT
m3sbv1_003443,明天我想问一下看看是不是网络又断了行不行,LLM_SYNTHETIC_SPOKEN_BASE,SYNTHETIC_TEXT
m3sbv1_003444,后面好像把刚才说的重点再讲一遍，免得后面又要重新弄,LLM_SYNTHETIC_SPOKEN_BASE,SYNTHETIC_TEXT
m3sbv1_003445,那边我想问一下帮我换一个安静一点的位置，免得后面又要重新弄,LLM_SYNTHETIC_SPOKEN_BASE,SYNTHETIC_TEXT
m3sbv1_003446,晚一点看看能不能把时间往后挪一点，我确认完再跟你说,LLM_SYNTHETIC_SPOKEN_BASE,SYNTHETIC_TEXT
m3sbv1_003447,家里早一点帮我看看为什么还没收到行不行,LLM_SYNTHETIC_SPOKEN_BASE,SYNTHETIC_TEXT
m3sbv1_003448,这两天应该确认一下这个功能是不是已经关掉了我想先确认清楚,LLM_SYNTHETIC_SPOKEN_BASE,SYNTHETIC_TEXT
m3sbv1_003449,店里这边没别的要求，帮我确认一下房间准备好了没有就可以,LLM_SYNTHETIC_SPOKEN_BASE,SYNTHETIC_TEXT
m3sbv1_003450,好像看看是不是网络又断了，我们这边好安排,LLM_SYNTHETIC_SPOKEN_BASE,SYNTHETIC_TEXT
m3sbv1_003451,我们我确认一下确认一下这个功能是不是已经关掉了，免得后面又要重新弄,LLM_SYNTHETIC_SPOKEN_BASE,SYNTHETIC_TEXT
m3sbv1_003452,昨天我听说帮我换一个安静一点的位置可以吗,LLM_SYNTHETIC_SPOKEN_BASE,SYNTHETIC_TEXT
m3sbv1_003453,你我听说问一下能不能晚一点回来，免得后面又要重新弄,LLM_SYNTHETIC_SPOKEN_BASE,SYNTHETIC_TEXT
m3sbv1_003454,现场这边没别的要求，把最新版本发给我看一下就可以,LLM_SYNTHETIC_SPOKEN_BASE,SYNTHETIC_TEXT
m3sbv1_003455,你看起来确认一下车是不是停在外面，免得后面又要重新弄,LLM_SYNTHETIC_SPOKEN_BASE,SYNTHETIC_TEXT
m3sbv1_003456,晚一点我听说看看油还够不够别弄错了,LLM_SYNTHETIC_SPOKEN_BASE,SYNTHETIC_TEXT
m3sbv1_003457,前面我记得帮我把需要验证的地方列出来，免得后面又要重新弄,LLM_SYNTHETIC_SPOKEN_BASE,SYNTHETIC_TEXT
m3sbv1_003458,晚一点应该看看能不能多拿一条毛巾我再决定,LLM_SYNTHETIC_SPOKEN_BASE,SYNTHETIC_TEXT
m3sbv1_003459,她这边没别的要求，看看这个结果和昨天是不是一样就可以,LLM_SYNTHETIC_SPOKEN_BASE,SYNTHETIC_TEXT
m3sbv1_003460,明天好像确认一下入口是不是在这边,LLM_SYNTHETIC_SPOKEN_BASE,SYNTHETIC_TEXT
m3sbv1_003461,先我确认一下确认一下入口是不是在这边我怕等会儿忘了,LLM_SYNTHETIC_SPOKEN_BASE,SYNTHETIC_TEXT
m3sbv1_003462,晚一点先别急，确认一下是不是从这里集合再继续,LLM_SYNTHETIC_SPOKEN_BASE,SYNTHETIC_TEXT
m3sbv1_003463,你们我听说帮我把需要验证的地方列出来，免得后面又要重新弄,LLM_SYNTHETIC_SPOKEN_BASE,SYNTHETIC_TEXT
m3sbv1_003464,他们这边没别的要求，看看导航是不是带错路了就可以,LLM_SYNTHETIC_SPOKEN_BASE,SYNTHETIC_TEXT
m3sbv1_003465,到时候我听说看看是不是网络又断了我再决定,LLM_SYNTHETIC_SPOKEN_BASE,SYNTHETIC_TEXT
m3sbv1_003466,可能帮我听一下这个声音正不正常，我刚才没听太清楚,LLM_SYNTHETIC_SPOKEN_BASE,SYNTHETIC_TEXT
m3sbv1_003467,现场到时候看看油还够不够是不是,LLM_SYNTHETIC_SPOKEN_BASE,SYNTHETIC_TEXT
m3sbv1_003468,我听说帮我看看为什么还没收到，我刚才没听太清楚,LLM_SYNTHETIC_SPOKEN_BASE,SYNTHETIC_TEXT
m3sbv1_003469,最近我估计看看这个版本是不是最新的我怕等会儿忘了,LLM_SYNTHETIC_SPOKEN_BASE,SYNTHETIC_TEXT
m3sbv1_003470,你感觉看看有没有不用排队的办法，免得后面又要重新弄,LLM_SYNTHETIC_SPOKEN_BASE,SYNTHETIC_TEXT
m3sbv1_003471,明天应该帮我看看这个号码对不对别弄错了,LLM_SYNTHETIC_SPOKEN_BASE,SYNTHETIC_TEXT
m3sbv1_003472,家里这边没别的要求，确认一下停车要不要付费就可以,LLM_SYNTHETIC_SPOKEN_BASE,SYNTHETIC_TEXT
m3sbv1_003473,她我估计看看能不能换成小份，免得后面又要重新弄,LLM_SYNTHETIC_SPOKEN_BASE,SYNTHETIC_TEXT
m3sbv1_003474,他们我确认一下把声音稍微调小一点，免得后面又要重新弄,LLM_SYNTHETIC_SPOKEN_BASE,SYNTHETIC_TEXT
m3sbv1_003475,先帮我确认一下房间准备好了没有，我确认完再跟你说,LLM_SYNTHETIC_SPOKEN_BASE,SYNTHETIC_TEXT
m3sbv1_003476,我现在看看空调能不能调高一点别弄错了,LLM_SYNTHETIC_SPOKEN_BASE,SYNTHETIC_TEXT
m3sbv1_003477,之前我觉得把这个先留着别动我再决定,LLM_SYNTHETIC_SPOKEN_BASE,SYNTHETIC_TEXT
m3sbv1_003478,应该看看是不是网络又断了，前面这边好安排,LLM_SYNTHETIC_SPOKEN_BASE,SYNTHETIC_TEXT
m3sbv1_003479,可能看看能不能换成小份，家里这边好安排,LLM_SYNTHETIC_SPOKEN_BASE,SYNTHETIC_TEXT
m3sbv1_003480,后面现在看看能不能换成小份我想先确认清楚,LLM_SYNTHETIC_SPOKEN_BASE,SYNTHETIC_TEXT
m3sbv1_003481,早一点看起来帮我换一个安静一点的位置吧,LLM_SYNTHETIC_SPOKEN_BASE,SYNTHETIC_TEXT
m3sbv1_003482,现场我确认一下先把这一项记下来，免得后面又要重新弄,LLM_SYNTHETIC_SPOKEN_BASE,SYNTHETIC_TEXT
m3sbv1_003483,今天看起来先把这个问题单独记录下来然后告诉我,LLM_SYNTHETIC_SPOKEN_BASE,SYNTHETIC_TEXT
m3sbv1_003484,应该帮我找一下充电线放哪了，我刚才没听太清楚,LLM_SYNTHETIC_SPOKEN_BASE,SYNTHETIC_TEXT
m3sbv1_003485,我觉得确认一下停车要不要付费，我刚才没听太清楚,LLM_SYNTHETIC_SPOKEN_BASE,SYNTHETIC_TEXT
m3sbv1_003486,昨天我觉得看看这个版本是不是最新的我想先确认清楚,LLM_SYNTHETIC_SPOKEN_BASE,SYNTHETIC_TEXT
m3sbv1_003487,你们我想问一下帮我看看这个零件是不是松了，免得后面又要重新弄,LLM_SYNTHETIC_SPOKEN_BASE,SYNTHETIC_TEXT
m3sbv1_003488,应该把声音稍微调小一点，你这边好安排,LLM_SYNTHETIC_SPOKEN_BASE,SYNTHETIC_TEXT
m3sbv1_003489,我想问一下看一下这个是不是放错地方了，你们这边好安排,LLM_SYNTHETIC_SPOKEN_BASE,SYNTHETIC_TEXT
m3sbv1_003490,我确认一下帮我把重复的内容删掉，他们这边好安排,LLM_SYNTHETIC_SPOKEN_BASE,SYNTHETIC_TEXT
m3sbv1_003491,好像先把现在的结果保存下来，我们这边好安排,LLM_SYNTHETIC_SPOKEN_BASE,SYNTHETIC_TEXT
m3sbv1_003492,你们这边没别的要求，问一下回来的车几点出发就可以,LLM_SYNTHETIC_SPOKEN_BASE,SYNTHETIC_TEXT
m3sbv1_003493,早一点先别急，确认一下轮胎是不是有点软再继续,LLM_SYNTHETIC_SPOKEN_BASE,SYNTHETIC_TEXT
m3sbv1_003494,看起来把这个先放到后面处理，我刚才没听太清楚,LLM_SYNTHETIC_SPOKEN_BASE,SYNTHETIC_TEXT
m3sbv1_003495,一会儿我想问一下确认一下入口是不是在这边我想先确认清楚,LLM_SYNTHETIC_SPOKEN_BASE,SYNTHETIC_TEXT
m3sbv1_003496,我估计看看还有没有漏掉的步骤，你们这边好安排,LLM_SYNTHETIC_SPOKEN_BASE,SYNTHETIC_TEXT
m3sbv1_003497,她感觉确认一下是不是从这里集合，免得后面又要重新弄,LLM_SYNTHETIC_SPOKEN_BASE,SYNTHETIC_TEXT
m3sbv1_003498,我应该看看这个杯子是不是我的，免得后面又要重新弄,LLM_SYNTHETIC_SPOKEN_BASE,SYNTHETIC_TEXT
m3sbv1_003499,刚才我记得确认一下今天是不是正常营业我想先确认清楚,LLM_SYNTHETIC_SPOKEN_BASE,SYNTHETIC_TEXT
m3sbv1_003500,到时候好像把这个先留着别动我想先确认清楚,LLM_SYNTHETIC_SPOKEN_BASE,SYNTHETIC_TEXT
m3sbv1_003501,帮我把需要验证的地方列出来以后跟我说一声就行,LLM_SYNTHETIC_SPOKEN_BASE,SYNTHETIC_TEXT
m3sbv1_003502,她早一点确认一下这个功能是不是已经关掉了然后告诉我,LLM_SYNTHETIC_SPOKEN_BASE,SYNTHETIC_TEXT
m3sbv1_003503,我应该帮我看看附近有没有停车位，免得后面又要重新弄,LLM_SYNTHETIC_SPOKEN_BASE,SYNTHETIC_TEXT
m3sbv1_003504,等一下我听说确认一下轮胎是不是有点软是不是,LLM_SYNTHETIC_SPOKEN_BASE,SYNTHETIC_TEXT
m3sbv1_003505,那边今天把刚才那条消息再发我一次我有点不确定,LLM_SYNTHETIC_SPOKEN_BASE,SYNTHETIC_TEXT
m3sbv1_003506,明天我确认一下确认一下是不是已经付过了就行,LLM_SYNTHETIC_SPOKEN_BASE,SYNTHETIC_TEXT
m3sbv1_003507,她看起来问一下能不能晚一点回来，免得后面又要重新弄,LLM_SYNTHETIC_SPOKEN_BASE,SYNTHETIC_TEXT
m3sbv1_003508,前面昨天先把这一项记下来行不行,LLM_SYNTHETIC_SPOKEN_BASE,SYNTHETIC_TEXT
m3sbv1_003509,好像帮我找一下刚才那个页面，店里这边好安排,LLM_SYNTHETIC_SPOKEN_BASE,SYNTHETIC_TEXT
m3sbv1_003510,我听说确认一下入口是不是在这边，我这边好安排,LLM_SYNTHETIC_SPOKEN_BASE,SYNTHETIC_TEXT
m3sbv1_003511,我估计帮我确认一下负责人是谁，那边这边好安排,LLM_SYNTHETIC_SPOKEN_BASE,SYNTHETIC_TEXT
m3sbv1_003512,他们一会儿帮我问一下现在还能不能改是不是,LLM_SYNTHETIC_SPOKEN_BASE,SYNTHETIC_TEXT
m3sbv1_003513,等一下把这个先放到后面处理，我确认完再跟你说,LLM_SYNTHETIC_SPOKEN_BASE,SYNTHETIC_TEXT
m3sbv1_003514,到时候帮我确认一下字段有没有变，我确认完再跟你说,LLM_SYNTHETIC_SPOKEN_BASE,SYNTHETIC_TEXT
m3sbv1_003515,之前我记得帮我看看这个零件是不是松了我怕等会儿忘了,LLM_SYNTHETIC_SPOKEN_BASE,SYNTHETIC_TEXT
m3sbv1_003516,先先别急，看看导航是不是带错路了再继续,LLM_SYNTHETIC_SPOKEN_BASE,SYNTHETIC_TEXT
m3sbv1_003517,好像看看前面能不能掉头，我刚才没听太清楚,LLM_SYNTHETIC_SPOKEN_BASE,SYNTHETIC_TEXT
m3sbv1_003518,昨天确认一下这个功能是不是已经关掉了，我确认完再跟你说,LLM_SYNTHETIC_SPOKEN_BASE,SYNTHETIC_TEXT
m3sbv1_003519,之前看起来问一下早餐几点开始我怕等会儿忘了,LLM_SYNTHETIC_SPOKEN_BASE,SYNTHETIC_TEXT
m3sbv1_003520,我估计确认一下是不是已经付过了，家里这边好安排,LLM_SYNTHETIC_SPOKEN_BASE,SYNTHETIC_TEXT
m3sbv1_003521,现在我估计确认一下要不要提前预约别弄错了,LLM_SYNTHETIC_SPOKEN_BASE,SYNTHETIC_TEXT
m3sbv1_003522,应该问一下能不能晚一点回来，你们这边好安排,LLM_SYNTHETIC_SPOKEN_BASE,SYNTHETIC_TEXT
m3sbv1_003523,好像看看这个接口是不是又报错了，我刚才没听太清楚,LLM_SYNTHETIC_SPOKEN_BASE,SYNTHETIC_TEXT
m3sbv1_003524,我想问一下看看能不能把时间往后挪一点，我们这边好安排,LLM_SYNTHETIC_SPOKEN_BASE,SYNTHETIC_TEXT
m3sbv1_003525,店里应该帮我把水再加一点，免得后面又要重新弄,LLM_SYNTHETIC_SPOKEN_BASE,SYNTHETIC_TEXT
m3sbv1_003526,她现在看看有没有更早一点的时间然后告诉我,LLM_SYNTHETIC_SPOKEN_BASE,SYNTHETIC_TEXT
m3sbv1_003527,我这两天看看油还够不够可以吗,LLM_SYNTHETIC_SPOKEN_BASE,SYNTHETIC_TEXT
m3sbv1_003528,我们先确认一下轮胎是不是有点软然后告诉我,LLM_SYNTHETIC_SPOKEN_BASE,SYNTHETIC_TEXT
m3sbv1_003529,到时候我估计看看谁还没有回复,LLM_SYNTHETIC_SPOKEN_BASE,SYNTHETIC_TEXT
m3sbv1_003530,我想问一下帮我把重复的内容删掉，店里这边好安排,LLM_SYNTHETIC_SPOKEN_BASE,SYNTHETIC_TEXT
m3sbv1_003531,我听说确认一下车是不是停在外面，我这边好安排,LLM_SYNTHETIC_SPOKEN_BASE,SYNTHETIC_TEXT
m3sbv1_003532,我们早一点看看数据是不是重复了我怕等会儿忘了,LLM_SYNTHETIC_SPOKEN_BASE,SYNTHETIC_TEXT
m3sbv1_003533,这边我确认一下问一下能不能晚一点回来，免得后面又要重新弄,LLM_SYNTHETIC_SPOKEN_BASE,SYNTHETIC_TEXT
m3sbv1_003534,他们晚一点帮我看看这个号码对不对然后告诉我,LLM_SYNTHETIC_SPOKEN_BASE,SYNTHETIC_TEXT
m3sbv1_003535,她麻烦你帮我看看这个菜里面有没有辣椒，免得后面又要重新弄,LLM_SYNTHETIC_SPOKEN_BASE,SYNTHETIC_TEXT
m3sbv1_003536,那边这边没别的要求，看看是不是网络又断了就可以,LLM_SYNTHETIC_SPOKEN_BASE,SYNTHETIC_TEXT
m3sbv1_003537,一会儿看看能不能把时间往后挪一点，我确认完再跟你说,LLM_SYNTHETIC_SPOKEN_BASE,SYNTHETIC_TEXT
m3sbv1_003538,最近好像帮我问一下现在还能不能改我有点不确定,LLM_SYNTHETIC_SPOKEN_BASE,SYNTHETIC_TEXT
m3sbv1_003539,我听说把刚才说的重点再讲一遍，那边这边好安排,LLM_SYNTHETIC_SPOKEN_BASE,SYNTHETIC_TEXT
m3sbv1_003540,我们一会儿帮我看看这个号码对不对我想先确认清楚,LLM_SYNTHETIC_SPOKEN_BASE,SYNTHETIC_TEXT
m3sbv1_003541,我估计看看还有没有漏掉的步骤，我刚才没听太清楚,LLM_SYNTHETIC_SPOKEN_BASE,SYNTHETIC_TEXT
m3sbv1_003542,麻烦你确认一下入口是不是在这边，这边这边好安排,LLM_SYNTHETIC_SPOKEN_BASE,SYNTHETIC_TEXT
m3sbv1_003543,等一下到的时候给我发个消息，我确认完再跟你说,LLM_SYNTHETIC_SPOKEN_BASE,SYNTHETIC_TEXT
m3sbv1_003544,这边昨天帮我确认一下字段有没有变可以吗,LLM_SYNTHETIC_SPOKEN_BASE,SYNTHETIC_TEXT
m3sbv1_003545,之前麻烦你帮我确认一下下一站在哪里可以吗,LLM_SYNTHETIC_SPOKEN_BASE,SYNTHETIC_TEXT
m3sbv1_003546,明天可能看看数据是不是重复了我有点不确定,LLM_SYNTHETIC_SPOKEN_BASE,SYNTHETIC_TEXT
m3sbv1_003547,现在我听说看看这个结果和昨天是不是一样行不行,LLM_SYNTHETIC_SPOKEN_BASE,SYNTHETIC_TEXT
m3sbv1_003548,这边麻烦你问一下回来的车几点出发，免得后面又要重新弄,LLM_SYNTHETIC_SPOKEN_BASE,SYNTHETIC_TEXT
m3sbv1_003549,他们晚一点问一下能不能晚一点回来,LLM_SYNTHETIC_SPOKEN_BASE,SYNTHETIC_TEXT
m3sbv1_003550,我听说看看是不是还少了什么，他们这边好安排,LLM_SYNTHETIC_SPOKEN_BASE,SYNTHETIC_TEXT
m3sbv1_003551,看起来帮我听一下这个声音正不正常，我刚才没听太清楚,LLM_SYNTHETIC_SPOKEN_BASE,SYNTHETIC_TEXT
m3sbv1_003552,他们这边没别的要求，先把旧的那套逻辑放一边就可以,LLM_SYNTHETIC_SPOKEN_BASE,SYNTHETIC_TEXT
m3sbv1_003553,那边这边没别的要求，看看这个接口是不是又报错了就可以,LLM_SYNTHETIC_SPOKEN_BASE,SYNTHETIC_TEXT
m3sbv1_003554,我觉得问一下这个能不能少放一点盐，店里这边好安排,LLM_SYNTHETIC_SPOKEN_BASE,SYNTHETIC_TEXT
m3sbv1_003555,应该看看有没有更早一点的时间，这边这边好安排,LLM_SYNTHETIC_SPOKEN_BASE,SYNTHETIC_TEXT
m3sbv1_003556,前面这边没别的要求，看看钥匙是不是还在车里就可以,LLM_SYNTHETIC_SPOKEN_BASE,SYNTHETIC_TEXT
m3sbv1_003557,家里之前确认一下这份文件是不是最终版是不是,LLM_SYNTHETIC_SPOKEN_BASE,SYNTHETIC_TEXT
m3sbv1_003558,我确认一下确认一下是不是从这里集合，我刚才没听太清楚,LLM_SYNTHETIC_SPOKEN_BASE,SYNTHETIC_TEXT
m3sbv1_003559,好像帮我把重复的内容删掉，他这边好安排,LLM_SYNTHETIC_SPOKEN_BASE,SYNTHETIC_TEXT
m3sbv1_003560,我听说看看能不能把时间往后挪一点，我刚才没听太清楚,LLM_SYNTHETIC_SPOKEN_BASE,SYNTHETIC_TEXT
m3sbv1_003561,明天先别急，确认一下轮胎是不是有点软再继续,LLM_SYNTHETIC_SPOKEN_BASE,SYNTHETIC_TEXT
m3sbv1_003562,他麻烦你问一下他们什么时候能到，免得后面又要重新弄,LLM_SYNTHETIC_SPOKEN_BASE,SYNTHETIC_TEXT
m3sbv1_003563,我觉得帮我找一下刚才那个页面，这边这边好安排,LLM_SYNTHETIC_SPOKEN_BASE,SYNTHETIC_TEXT
m3sbv1_003564,家里感觉确认一下文件有没有传成功，免得后面又要重新弄,LLM_SYNTHETIC_SPOKEN_BASE,SYNTHETIC_TEXT
m3sbv1_003565,他们我记得确认一下入口是不是在这边，免得后面又要重新弄,LLM_SYNTHETIC_SPOKEN_BASE,SYNTHETIC_TEXT
m3sbv1_003566,你这边没别的要求，看看前面是不是要左转就可以,LLM_SYNTHETIC_SPOKEN_BASE,SYNTHETIC_TEXT
m3sbv1_003567,你可能确认一下会议是不是改到下午了，免得后面又要重新弄,LLM_SYNTHETIC_SPOKEN_BASE,SYNTHETIC_TEXT
m3sbv1_003568,到时候我想问一下帮我查一下刚才是哪一步失败了然后告诉我,LLM_SYNTHETIC_SPOKEN_BASE,SYNTHETIC_TEXT
m3sbv1_003569,到时候看看这个接口是不是又报错了，我确认完再跟你说,LLM_SYNTHETIC_SPOKEN_BASE,SYNTHETIC_TEXT
m3sbv1_003570,家里可能看看这个接口是不是又报错了，免得后面又要重新弄,LLM_SYNTHETIC_SPOKEN_BASE,SYNTHETIC_TEXT
m3sbv1_003571,帮我把需要验证的地方列出来，有变化的话提前告诉我,LLM_SYNTHETIC_SPOKEN_BASE,SYNTHETIC_TEXT
m3sbv1_003572,我想问一下确认一下今天是不是正常营业，我刚才没听太清楚,LLM_SYNTHETIC_SPOKEN_BASE,SYNTHETIC_TEXT
m3sbv1_003573,昨天先别急，把门先关一下有点冷再继续,LLM_SYNTHETIC_SPOKEN_BASE,SYNTHETIC_TEXT
m3sbv1_003574,他这边没别的要求，告诉我大概还要多久就可以,LLM_SYNTHETIC_SPOKEN_BASE,SYNTHETIC_TEXT
m3sbv1_003575,今天好像把最新版本发给我看一下是不是,LLM_SYNTHETIC_SPOKEN_BASE,SYNTHETIC_TEXT
m3sbv1_003576,看起来看看这个接口是不是又报错了，店里这边好安排,LLM_SYNTHETIC_SPOKEN_BASE,SYNTHETIC_TEXT
m3sbv1_003577,前面好像帮我确认一下房间准备好了没有，免得后面又要重新弄,LLM_SYNTHETIC_SPOKEN_BASE,SYNTHETIC_TEXT
m3sbv1_003578,我记得先别取消我再确认一下，现场这边好安排,LLM_SYNTHETIC_SPOKEN_BASE,SYNTHETIC_TEXT
m3sbv1_003579,应该问一下他们什么时候能到，我刚才没听太清楚,LLM_SYNTHETIC_SPOKEN_BASE,SYNTHETIC_TEXT
m3sbv1_003580,现场今天帮我找一下充电线放哪了别弄错了,LLM_SYNTHETIC_SPOKEN_BASE,SYNTHETIC_TEXT
m3sbv1_003581,明天我想问一下看看这个东西应该放哪里是不是,LLM_SYNTHETIC_SPOKEN_BASE,SYNTHETIC_TEXT
m3sbv1_003582,她我听说帮我拿一下旁边那个袋子，免得后面又要重新弄,LLM_SYNTHETIC_SPOKEN_BASE,SYNTHETIC_TEXT
m3sbv1_003583,之前好像看看前面是不是要左转别弄错了,LLM_SYNTHETIC_SPOKEN_BASE,SYNTHETIC_TEXT
m3sbv1_003584,我确认一下确认一下测试结果有没有更新，那边这边好安排,LLM_SYNTHETIC_SPOKEN_BASE,SYNTHETIC_TEXT
m3sbv1_003585,他等一下确认一下会议是不是改到下午了,LLM_SYNTHETIC_SPOKEN_BASE,SYNTHETIC_TEXT
m3sbv1_003586,现在先别急，确认一下轮胎是不是有点软再继续,LLM_SYNTHETIC_SPOKEN_BASE,SYNTHETIC_TEXT
m3sbv1_003587,到时候我确认一下告诉我大概还要多久是不是,LLM_SYNTHETIC_SPOKEN_BASE,SYNTHETIC_TEXT
m3sbv1_003588,到时候感觉把这个问题先记到清单里我怕等会儿忘了,LLM_SYNTHETIC_SPOKEN_BASE,SYNTHETIC_TEXT
m3sbv1_003589,这两天先别急，先把这个问题单独记录下来再继续,LLM_SYNTHETIC_SPOKEN_BASE,SYNTHETIC_TEXT
m3sbv1_003590,一会儿问一下早餐几点开始，我确认完再跟你说,LLM_SYNTHETIC_SPOKEN_BASE,SYNTHETIC_TEXT
m3sbv1_003591,到时候看看前面是不是要左转，我确认完再跟你说,LLM_SYNTHETIC_SPOKEN_BASE,SYNTHETIC_TEXT
m3sbv1_003592,家里昨天问一下还能不能加一个人我怕等会儿忘了,LLM_SYNTHETIC_SPOKEN_BASE,SYNTHETIC_TEXT
m3sbv1_003593,他这两天把这个先留着别动就行,LLM_SYNTHETIC_SPOKEN_BASE,SYNTHETIC_TEXT
m3sbv1_003594,现在先别急，确认一下时间有没有改再继续,LLM_SYNTHETIC_SPOKEN_BASE,SYNTHETIC_TEXT
m3sbv1_003595,我估计看看这个接口是不是又报错了，前面这边好安排,LLM_SYNTHETIC_SPOKEN_BASE,SYNTHETIC_TEXT
m3sbv1_003596,等一下我听说帮我看看为什么还没收到是不是,LLM_SYNTHETIC_SPOKEN_BASE,SYNTHETIC_TEXT
m3sbv1_003597,晚一点先别急，确认一下今天是不是正常营业再继续,LLM_SYNTHETIC_SPOKEN_BASE,SYNTHETIC_TEXT
m3sbv1_003598,他们到时候帮我把水再加一点我有点不确定,LLM_SYNTHETIC_SPOKEN_BASE,SYNTHETIC_TEXT
m3sbv1_003599,这边麻烦你看看有没有影响到别的模块，免得后面又要重新弄,LLM_SYNTHETIC_SPOKEN_BASE,SYNTHETIC_TEXT
m3sbv1_003600,好像帮我看看为什么还没收到，她这边好安排,LLM_SYNTHETIC_SPOKEN_BASE,SYNTHETIC_TEXT
m3sbv1_003601,我想问一下确认一下入口是不是在这边，我们这边好安排,LLM_SYNTHETIC_SPOKEN_BASE,SYNTHETIC_TEXT
m3sbv1_003602,他这边没别的要求，看看这个接口是不是又报错了就可以,LLM_SYNTHETIC_SPOKEN_BASE,SYNTHETIC_TEXT
m3sbv1_003603,那边我记得看看这个结果和昨天是不是一样，免得后面又要重新弄,LLM_SYNTHETIC_SPOKEN_BASE,SYNTHETIC_TEXT
m3sbv1_003604,我们我确认一下确认一下是不是同一个订单，免得后面又要重新弄,LLM_SYNTHETIC_SPOKEN_BASE,SYNTHETIC_TEXT
m3sbv1_003605,我记得看看是不是配置没有生效，他们这边好安排,LLM_SYNTHETIC_SPOKEN_BASE,SYNTHETIC_TEXT
m3sbv1_003606,明天看看是不是配置没有生效，我确认完再跟你说,LLM_SYNTHETIC_SPOKEN_BASE,SYNTHETIC_TEXT
m3sbv1_003607,现场看起来帮我把需要验证的地方列出来，免得后面又要重新弄,LLM_SYNTHETIC_SPOKEN_BASE,SYNTHETIC_TEXT
m3sbv1_003608,我想问一下看看还有没有漏掉的步骤，公司这边好安排,LLM_SYNTHETIC_SPOKEN_BASE,SYNTHETIC_TEXT
m3sbv1_003609,我觉得把声音稍微调小一点，店里这边好安排,LLM_SYNTHETIC_SPOKEN_BASE,SYNTHETIC_TEXT
m3sbv1_003610,最近看看油还够不够，我确认完再跟你说,LLM_SYNTHETIC_SPOKEN_BASE,SYNTHETIC_TEXT
m3sbv1_003611,先感觉问一下这个能不能少放一点盐我想先确认清楚,LLM_SYNTHETIC_SPOKEN_BASE,SYNTHETIC_TEXT
m3sbv1_003612,麻烦你看看有没有更早一点的时间，后面这边好安排,LLM_SYNTHETIC_SPOKEN_BASE,SYNTHETIC_TEXT
m3sbv1_003613,感觉帮我听一下这个声音正不正常，我刚才没听太清楚,LLM_SYNTHETIC_SPOKEN_BASE,SYNTHETIC_TEXT
m3sbv1_003614,他这边没别的要求，确认一下是不是已经付过了就可以,LLM_SYNTHETIC_SPOKEN_BASE,SYNTHETIC_TEXT
m3sbv1_003615,麻烦你看看能不能换成小份，我刚才没听太清楚,LLM_SYNTHETIC_SPOKEN_BASE,SYNTHETIC_TEXT
m3sbv1_003616,我们这边没别的要求，帮我换一个安静一点的位置就可以,LLM_SYNTHETIC_SPOKEN_BASE,SYNTHETIC_TEXT
m3sbv1_003617,一会儿看起来确认一下服务有没有启动我再决定,LLM_SYNTHETIC_SPOKEN_BASE,SYNTHETIC_TEXT
m3sbv1_003618,我听说确认一下入口是不是在这边，公司这边好安排,LLM_SYNTHETIC_SPOKEN_BASE,SYNTHETIC_TEXT
m3sbv1_003619,一会儿我觉得帮我把水再加一点我有点不确定,LLM_SYNTHETIC_SPOKEN_BASE,SYNTHETIC_TEXT
m3sbv1_003620,店里这边没别的要求，确认一下文件有没有传成功就可以,LLM_SYNTHETIC_SPOKEN_BASE,SYNTHETIC_TEXT
m3sbv1_003621,一会儿可能确认一下这个功能是不是已经关掉了别弄错了,LLM_SYNTHETIC_SPOKEN_BASE,SYNTHETIC_TEXT
m3sbv1_003622,我估计看看能不能换成小份，公司这边好安排,LLM_SYNTHETIC_SPOKEN_BASE,SYNTHETIC_TEXT
m3sbv1_003623,刚才先别急，先把这一项记下来再继续,LLM_SYNTHETIC_SPOKEN_BASE,SYNTHETIC_TEXT
m3sbv1_003624,到时候我记得把刚才那条消息再发我一次可以吗,LLM_SYNTHETIC_SPOKEN_BASE,SYNTHETIC_TEXT
m3sbv1_003625,先可能看看谁还没有回复,LLM_SYNTHETIC_SPOKEN_BASE,SYNTHETIC_TEXT
m3sbv1_003626,他这两天把地址再确认一下我再决定,LLM_SYNTHETIC_SPOKEN_BASE,SYNTHETIC_TEXT
m3sbv1_003627,我估计问一下还能不能加一个人，我刚才没听太清楚,LLM_SYNTHETIC_SPOKEN_BASE,SYNTHETIC_TEXT
m3sbv1_003628,店里这边没别的要求，确认一下停车要不要付费就可以,LLM_SYNTHETIC_SPOKEN_BASE,SYNTHETIC_TEXT
m3sbv1_003629,前面应该确认一下会议是不是改到下午了，免得后面又要重新弄,LLM_SYNTHETIC_SPOKEN_BASE,SYNTHETIC_TEXT
m3sbv1_003630,一会儿先别急，看看能不能换成小份再继续,LLM_SYNTHETIC_SPOKEN_BASE,SYNTHETIC_TEXT
m3sbv1_003631,店里先看看前面能不能掉头我想先确认清楚,LLM_SYNTHETIC_SPOKEN_BASE,SYNTHETIC_TEXT
m3sbv1_003632,看起来把刚才说的重点再讲一遍，我刚才没听太清楚,LLM_SYNTHETIC_SPOKEN_BASE,SYNTHETIC_TEXT
m3sbv1_003633,看起来把刚才说的重点再讲一遍，那边这边好安排,LLM_SYNTHETIC_SPOKEN_BASE,SYNTHETIC_TEXT
m3sbv1_003634,这两天先别急，看看这个接口是不是又报错了再继续,LLM_SYNTHETIC_SPOKEN_BASE,SYNTHETIC_TEXT
m3sbv1_003635,我记得确认一下停车要不要付费，他这边好安排,LLM_SYNTHETIC_SPOKEN_BASE,SYNTHETIC_TEXT
m3sbv1_003636,店里这边没别的要求，帮我把需要验证的地方列出来就可以,LLM_SYNTHETIC_SPOKEN_BASE,SYNTHETIC_TEXT
m3sbv1_003637,我想问一下确认一下服务有没有启动，我刚才没听太清楚,LLM_SYNTHETIC_SPOKEN_BASE,SYNTHETIC_TEXT
m3sbv1_003638,我确认一下问一下能不能晚一点回来，我刚才没听太清楚,LLM_SYNTHETIC_SPOKEN_BASE,SYNTHETIC_TEXT
m3sbv1_003639,后面这边没别的要求，确认一下名字有没有写错就可以,LLM_SYNTHETIC_SPOKEN_BASE,SYNTHETIC_TEXT
m3sbv1_003640,这边刚才确认一下今天是不是正常营业行不行,LLM_SYNTHETIC_SPOKEN_BASE,SYNTHETIC_TEXT
m3sbv1_003641,他等一下确认一下服务有没有启动行不行,LLM_SYNTHETIC_SPOKEN_BASE,SYNTHETIC_TEXT
m3sbv1_003642,现在我确认一下看看能不能多拿一条毛巾然后告诉我,LLM_SYNTHETIC_SPOKEN_BASE,SYNTHETIC_TEXT
m3sbv1_003643,你这边没别的要求，看看钥匙是不是还在车里就可以,LLM_SYNTHETIC_SPOKEN_BASE,SYNTHETIC_TEXT
m3sbv1_003644,刚才先别急，帮我换一个安静一点的位置再继续,LLM_SYNTHETIC_SPOKEN_BASE,SYNTHETIC_TEXT
m3sbv1_003645,一会儿我听说帮我把重复的内容删掉可以吗,LLM_SYNTHETIC_SPOKEN_BASE,SYNTHETIC_TEXT
m3sbv1_003646,一会儿帮我看看日志里有没有异常，我确认完再跟你说,LLM_SYNTHETIC_SPOKEN_BASE,SYNTHETIC_TEXT
m3sbv1_003647,我听说先把现在的结果保存下来，这边这边好安排,LLM_SYNTHETIC_SPOKEN_BASE,SYNTHETIC_TEXT
m3sbv1_003648,家里等一下帮我看看这个号码对不对然后告诉我,LLM_SYNTHETIC_SPOKEN_BASE,SYNTHETIC_TEXT
m3sbv1_003649,那边感觉把位置发给我我自己过去，免得后面又要重新弄,LLM_SYNTHETIC_SPOKEN_BASE,SYNTHETIC_TEXT
m3sbv1_003650,先可能帮我把需要验证的地方列出来是不是,LLM_SYNTHETIC_SPOKEN_BASE,SYNTHETIC_TEXT
m3sbv1_003651,看起来看看能不能多拿一条毛巾，后面这边好安排,LLM_SYNTHETIC_SPOKEN_BASE,SYNTHETIC_TEXT
m3sbv1_003652,一会儿确认一下这次只改这一部分，我确认完再跟你说,LLM_SYNTHETIC_SPOKEN_BASE,SYNTHETIC_TEXT
m3sbv1_003653,我想问一下看看有没有更早一点的时间，我刚才没听太清楚,LLM_SYNTHETIC_SPOKEN_BASE,SYNTHETIC_TEXT
m3sbv1_003654,这边应该确认一下是不是从这里集合，免得后面又要重新弄,LLM_SYNTHETIC_SPOKEN_BASE,SYNTHETIC_TEXT
m3sbv1_003655,麻烦你看看有没有更早一点的时间，你这边好安排,LLM_SYNTHETIC_SPOKEN_BASE,SYNTHETIC_TEXT
m3sbv1_003656,店里到时候把声音稍微调小一点别弄错了,LLM_SYNTHETIC_SPOKEN_BASE,SYNTHETIC_TEXT
m3sbv1_003657,最近我听说确认一下会议是不是改到下午了别弄错了,LLM_SYNTHETIC_SPOKEN_BASE,SYNTHETIC_TEXT
m3sbv1_003658,他们现在帮我确认一下字段有没有变我怕等会儿忘了,LLM_SYNTHETIC_SPOKEN_BASE,SYNTHETIC_TEXT
m3sbv1_003659,之前感觉把这个问题先记到清单里就行,LLM_SYNTHETIC_SPOKEN_BASE,SYNTHETIC_TEXT
m3sbv1_003660,现场这边没别的要求，帮我看看这个号码对不对就可以,LLM_SYNTHETIC_SPOKEN_BASE,SYNTHETIC_TEXT
m3sbv1_003661,我估计先把这一项记下来，这边这边好安排,LLM_SYNTHETIC_SPOKEN_BASE,SYNTHETIC_TEXT
m3sbv1_003662,家里我估计帮我看看这个号码对不对，免得后面又要重新弄,LLM_SYNTHETIC_SPOKEN_BASE,SYNTHETIC_TEXT
m3sbv1_003663,他们这边没别的要求，帮我把重复的内容删掉就可以,LLM_SYNTHETIC_SPOKEN_BASE,SYNTHETIC_TEXT
m3sbv1_003664,你们之前看看这个接口是不是又报错了然后告诉我,LLM_SYNTHETIC_SPOKEN_BASE,SYNTHETIC_TEXT
m3sbv1_003665,她应该确认一下退房时间是几点，免得后面又要重新弄,LLM_SYNTHETIC_SPOKEN_BASE,SYNTHETIC_TEXT
m3sbv1_003666,公司应该看看前面能不能掉头，免得后面又要重新弄,LLM_SYNTHETIC_SPOKEN_BASE,SYNTHETIC_TEXT
m3sbv1_003667,前面今天告诉我大概还要多久我再决定,LLM_SYNTHETIC_SPOKEN_BASE,SYNTHETIC_TEXT
m3sbv1_003668,这两天好像看看这个价格有没有包含费用我有点不确定,LLM_SYNTHETIC_SPOKEN_BASE,SYNTHETIC_TEXT
m3sbv1_003669,最近把刚才那条消息再发我一次，我确认完再跟你说,LLM_SYNTHETIC_SPOKEN_BASE,SYNTHETIC_TEXT
m3sbv1_003670,他我确认一下看看钥匙是不是还在车里，免得后面又要重新弄,LLM_SYNTHETIC_SPOKEN_BASE,SYNTHETIC_TEXT
m3sbv1_003671,他早一点看看导航是不是带错路了,LLM_SYNTHETIC_SPOKEN_BASE,SYNTHETIC_TEXT
m3sbv1_003672,那边我想问一下确认一下这个功能是不是已经关掉了，免得后面又要重新弄,LLM_SYNTHETIC_SPOKEN_BASE,SYNTHETIC_TEXT
m3sbv1_003673,店里等一下帮我把水再加一点别弄错了,LLM_SYNTHETIC_SPOKEN_BASE,SYNTHETIC_TEXT
m3sbv1_003674,一会儿看起来帮我把需要验证的地方列出来是不是,LLM_SYNTHETIC_SPOKEN_BASE,SYNTHETIC_TEXT
m3sbv1_003675,应该先别取消我再确认一下，你们这边好安排,LLM_SYNTHETIC_SPOKEN_BASE,SYNTHETIC_TEXT
m3sbv1_003676,刚才我觉得帮我听一下这个声音正不正常,LLM_SYNTHETIC_SPOKEN_BASE,SYNTHETIC_TEXT
m3sbv1_003677,她现在确认一下时间有没有改,LLM_SYNTHETIC_SPOKEN_BASE,SYNTHETIC_TEXT
m3sbv1_003678,今天我确认一下看看油还够不够可以吗,LLM_SYNTHETIC_SPOKEN_BASE,SYNTHETIC_TEXT
m3sbv1_003679,我们明天确认一下时间有没有改然后告诉我,LLM_SYNTHETIC_SPOKEN_BASE,SYNTHETIC_TEXT
m3sbv1_003680,刚才应该确认一下时间有没有改我再决定,LLM_SYNTHETIC_SPOKEN_BASE,SYNTHETIC_TEXT
m3sbv1_003681,应该帮我看看行李放在哪里，现场这边好安排,LLM_SYNTHETIC_SPOKEN_BASE,SYNTHETIC_TEXT
m3sbv1_003682,晚一点我想问一下先等等我马上就过来别弄错了,LLM_SYNTHETIC_SPOKEN_BASE,SYNTHETIC_TEXT
m3sbv1_003683,后面等一下帮我确认一下房间准备好了没有别弄错了,LLM_SYNTHETIC_SPOKEN_BASE,SYNTHETIC_TEXT
m3sbv1_003684,我我觉得看看空调能不能调高一点，免得后面又要重新弄,LLM_SYNTHETIC_SPOKEN_BASE,SYNTHETIC_TEXT
m3sbv1_003685,后面我想问一下帮我问一下现在还能不能改，免得后面又要重新弄,LLM_SYNTHETIC_SPOKEN_BASE,SYNTHETIC_TEXT
m3sbv1_003686,店里可能帮我问一下现在还能不能改，免得后面又要重新弄,LLM_SYNTHETIC_SPOKEN_BASE,SYNTHETIC_TEXT
m3sbv1_003687,看起来帮我确认一下下一站在哪里，他这边好安排,LLM_SYNTHETIC_SPOKEN_BASE,SYNTHETIC_TEXT
m3sbv1_003688,我我听说帮我听一下这个声音正不正常，免得后面又要重新弄,LLM_SYNTHETIC_SPOKEN_BASE,SYNTHETIC_TEXT
m3sbv1_003689,我这边没别的要求，把刚才说的重点再讲一遍就可以,LLM_SYNTHETIC_SPOKEN_BASE,SYNTHETIC_TEXT
m3sbv1_003690,一会儿我确认一下再检查一遍有没有问题,LLM_SYNTHETIC_SPOKEN_BASE,SYNTHETIC_TEXT
m3sbv1_003691,好像把位置发给我我自己过去，这边这边好安排,LLM_SYNTHETIC_SPOKEN_BASE,SYNTHETIC_TEXT
m3sbv1_003692,最近把这个问题先记到清单里，我确认完再跟你说,LLM_SYNTHETIC_SPOKEN_BASE,SYNTHETIC_TEXT
m3sbv1_003693,之前先别急，看看能不能换成小份再继续,LLM_SYNTHETIC_SPOKEN_BASE,SYNTHETIC_TEXT
m3sbv1_003694,一会儿应该问一下能不能晚一点回来别弄错了,LLM_SYNTHETIC_SPOKEN_BASE,SYNTHETIC_TEXT
m3sbv1_003695,看起来确认一下这份文件是不是最终版，我刚才没听太清楚,LLM_SYNTHETIC_SPOKEN_BASE,SYNTHETIC_TEXT
m3sbv1_003696,后面麻烦你问一下他们什么时候能到，免得后面又要重新弄,LLM_SYNTHETIC_SPOKEN_BASE,SYNTHETIC_TEXT
m3sbv1_003697,家里先看看这个价格有没有包含费用可以吗,LLM_SYNTHETIC_SPOKEN_BASE,SYNTHETIC_TEXT
m3sbv1_003698,我记得看看谁还没有回复，店里这边好安排,LLM_SYNTHETIC_SPOKEN_BASE,SYNTHETIC_TEXT
m3sbv1_003699,家里我估计问一下回来的车几点出发，免得后面又要重新弄,LLM_SYNTHETIC_SPOKEN_BASE,SYNTHETIC_TEXT
m3sbv1_003700,我想问一下帮我把水再加一点，我们这边好安排,LLM_SYNTHETIC_SPOKEN_BASE,SYNTHETIC_TEXT
m3sbv1_003701,她我记得帮我看看行李放在哪里，免得后面又要重新弄,LLM_SYNTHETIC_SPOKEN_BASE,SYNTHETIC_TEXT
m3sbv1_003702,公司看起来帮我看看这个菜里面有没有辣椒，免得后面又要重新弄,LLM_SYNTHETIC_SPOKEN_BASE,SYNTHETIC_TEXT
m3sbv1_003703,感觉确认一下退房时间是几点，我刚才没听太清楚,LLM_SYNTHETIC_SPOKEN_BASE,SYNTHETIC_TEXT
m3sbv1_003704,现在我觉得确认一下测试结果有没有更新我有点不确定,LLM_SYNTHETIC_SPOKEN_BASE,SYNTHETIC_TEXT
m3sbv1_003705,告诉我大概还要多久以后跟我说一声就行,LLM_SYNTHETIC_SPOKEN_BASE,SYNTHETIC_TEXT
m3sbv1_003706,我估计确认一下灯是不是都关了，他们这边好安排,LLM_SYNTHETIC_SPOKEN_BASE,SYNTHETIC_TEXT
m3sbv1_003707,现在先别取消我再确认一下，我确认完再跟你说,LLM_SYNTHETIC_SPOKEN_BASE,SYNTHETIC_TEXT
m3sbv1_003708,之前感觉确认一下灯是不是都关了我怕等会儿忘了,LLM_SYNTHETIC_SPOKEN_BASE,SYNTHETIC_TEXT
m3sbv1_003709,她先帮我问一下现在还能不能改吧,LLM_SYNTHETIC_SPOKEN_BASE,SYNTHETIC_TEXT
m3sbv1_003710,她这边没别的要求，确认一下要不要提前预约就可以,LLM_SYNTHETIC_SPOKEN_BASE,SYNTHETIC_TEXT
m3sbv1_003711,应该帮我问一下现在还能不能改，他们这边好安排,LLM_SYNTHETIC_SPOKEN_BASE,SYNTHETIC_TEXT
m3sbv1_003712,现场感觉帮我看看为什么还没收到，免得后面又要重新弄,LLM_SYNTHETIC_SPOKEN_BASE,SYNTHETIC_TEXT
m3sbv1_003713,店里先先把这个问题单独记录下来吧,LLM_SYNTHETIC_SPOKEN_BASE,SYNTHETIC_TEXT
m3sbv1_003714,晚一点看起来帮我看看为什么还没收到行不行,LLM_SYNTHETIC_SPOKEN_BASE,SYNTHETIC_TEXT
m3sbv1_003715,明天我听说看看这个杯子是不是我的我想先确认清楚,LLM_SYNTHETIC_SPOKEN_BASE,SYNTHETIC_TEXT
m3sbv1_003716,今天可能把刚才那条消息再发我一次别弄错了,LLM_SYNTHETIC_SPOKEN_BASE,SYNTHETIC_TEXT
m3sbv1_003717,早一点先把这个问题单独记录下来，我确认完再跟你说,LLM_SYNTHETIC_SPOKEN_BASE,SYNTHETIC_TEXT
m3sbv1_003718,晚一点再检查一遍有没有问题，我确认完再跟你说,LLM_SYNTHETIC_SPOKEN_BASE,SYNTHETIC_TEXT
m3sbv1_003719,现场最近看看这个杯子是不是我的可以吗,LLM_SYNTHETIC_SPOKEN_BASE,SYNTHETIC_TEXT
m3sbv1_003720,这边可能问一下这个能不能少放一点盐，免得后面又要重新弄,LLM_SYNTHETIC_SPOKEN_BASE,SYNTHETIC_TEXT
m3sbv1_003721,后面现在确认一下时间有没有改行不行,LLM_SYNTHETIC_SPOKEN_BASE,SYNTHETIC_TEXT
m3sbv1_003722,你们我估计帮我看看日志里有没有异常，免得后面又要重新弄,LLM_SYNTHETIC_SPOKEN_BASE,SYNTHETIC_TEXT
m3sbv1_003723,我估计把声音稍微调小一点，我刚才没听太清楚,LLM_SYNTHETIC_SPOKEN_BASE,SYNTHETIC_TEXT
m3sbv1_003724,看看油还够不够以后跟我说一声就行,LLM_SYNTHETIC_SPOKEN_BASE,SYNTHETIC_TEXT
m3sbv1_003725,前面我确认一下看看空调能不能调高一点，免得后面又要重新弄,LLM_SYNTHETIC_SPOKEN_BASE,SYNTHETIC_TEXT
m3sbv1_003726,看看是不是还少了什么，如果不行就先别改,LLM_SYNTHETIC_SPOKEN_BASE,SYNTHETIC_TEXT
m3sbv1_003727,你们这边没别的要求，确认一下是不是同一个订单就可以,LLM_SYNTHETIC_SPOKEN_BASE,SYNTHETIC_TEXT
m3sbv1_003728,这两天我估计确认一下是不是从这里集合我想先确认清楚,LLM_SYNTHETIC_SPOKEN_BASE,SYNTHETIC_TEXT
m3sbv1_003729,明天我觉得确认一下文件有没有传成功别弄错了,LLM_SYNTHETIC_SPOKEN_BASE,SYNTHETIC_TEXT
m3sbv1_003730,现在先别急，把位置发给我我自己过去再继续,LLM_SYNTHETIC_SPOKEN_BASE,SYNTHETIC_TEXT
m3sbv1_003731,感觉问一下这个能不能少放一点盐，我刚才没听太清楚,LLM_SYNTHETIC_SPOKEN_BASE,SYNTHETIC_TEXT
m3sbv1_003732,家里现在确认一下车是不是停在外面就行,LLM_SYNTHETIC_SPOKEN_BASE,SYNTHETIC_TEXT
m3sbv1_003733,晚一点先别急，帮我看看这个菜里面有没有辣椒再继续,LLM_SYNTHETIC_SPOKEN_BASE,SYNTHETIC_TEXT
m3sbv1_003734,我记得先把旧的那套逻辑放一边，我们这边好安排,LLM_SYNTHETIC_SPOKEN_BASE,SYNTHETIC_TEXT
m3sbv1_003735,可能帮我把需要验证的地方列出来，他这边好安排,LLM_SYNTHETIC_SPOKEN_BASE,SYNTHETIC_TEXT
m3sbv1_003736,店里这边没别的要求，帮我把重复的内容删掉就可以,LLM_SYNTHETIC_SPOKEN_BASE,SYNTHETIC_TEXT
m3sbv1_003737,早一点我觉得确认一下灯是不是都关了,LLM_SYNTHETIC_SPOKEN_BASE,SYNTHETIC_TEXT
m3sbv1_003738,那边这边没别的要求，把这个问题先记到清单里就可以,LLM_SYNTHETIC_SPOKEN_BASE,SYNTHETIC_TEXT
m3sbv1_003739,先等等我马上就过来以后跟我说一声就行,LLM_SYNTHETIC_SPOKEN_BASE,SYNTHETIC_TEXT
m3sbv1_003740,明天先别急，帮我找一下充电线放哪了再继续,LLM_SYNTHETIC_SPOKEN_BASE,SYNTHETIC_TEXT
m3sbv1_003741,后面我想问一下确认一下这个功能是不是已经关掉了，免得后面又要重新弄,LLM_SYNTHETIC_SPOKEN_BASE,SYNTHETIC_TEXT
m3sbv1_003742,家里之前看看能不能多拿一条毛巾可以吗,LLM_SYNTHETIC_SPOKEN_BASE,SYNTHETIC_TEXT
m3sbv1_003743,最近先别急，问一下他们什么时候能到再继续,LLM_SYNTHETIC_SPOKEN_BASE,SYNTHETIC_TEXT
m3sbv1_003744,店里先确认一下是不是从这里集合我再决定,LLM_SYNTHETIC_SPOKEN_BASE,SYNTHETIC_TEXT
m3sbv1_003745,你们明天确认一下是不是已经下单了可以吗,LLM_SYNTHETIC_SPOKEN_BASE,SYNTHETIC_TEXT
m3sbv1_003746,他们应该把刚才那条消息再发我一次，免得后面又要重新弄,LLM_SYNTHETIC_SPOKEN_BASE,SYNTHETIC_TEXT
m3sbv1_003747,麻烦你试一下重新打开能不能用，我刚才没听太清楚,LLM_SYNTHETIC_SPOKEN_BASE,SYNTHETIC_TEXT
m3sbv1_003748,麻烦你把刚才那条消息再发我一次，后面这边好安排,LLM_SYNTHETIC_SPOKEN_BASE,SYNTHETIC_TEXT
m3sbv1_003749,她到时候帮我问一下现在还能不能改我怕等会儿忘了,LLM_SYNTHETIC_SPOKEN_BASE,SYNTHETIC_TEXT
m3sbv1_003750,他最近确认一下测试结果有没有更新我再决定,LLM_SYNTHETIC_SPOKEN_BASE,SYNTHETIC_TEXT
m3sbv1_003751,他们晚一点把位置发给我我自己过去吧,LLM_SYNTHETIC_SPOKEN_BASE,SYNTHETIC_TEXT
m3sbv1_003752,我这边没别的要求，把地址再确认一下就可以,LLM_SYNTHETIC_SPOKEN_BASE,SYNTHETIC_TEXT
m3sbv1_003753,晚一点先别急，帮我看看为什么还没收到再继续,LLM_SYNTHETIC_SPOKEN_BASE,SYNTHETIC_TEXT
m3sbv1_003754,现场早一点帮我看看为什么还没收到我想先确认清楚,LLM_SYNTHETIC_SPOKEN_BASE,SYNTHETIC_TEXT
m3sbv1_003755,她我记得帮我把需要验证的地方列出来，免得后面又要重新弄,LLM_SYNTHETIC_SPOKEN_BASE,SYNTHETIC_TEXT
m3sbv1_003756,到时候我想问一下确认一下这次只改这一部分行不行,LLM_SYNTHETIC_SPOKEN_BASE,SYNTHETIC_TEXT
m3sbv1_003757,这两天我觉得问一下他们什么时候能到可以吗,LLM_SYNTHETIC_SPOKEN_BASE,SYNTHETIC_TEXT
m3sbv1_003758,感觉帮我确认一下字段有没有变，我刚才没听太清楚,LLM_SYNTHETIC_SPOKEN_BASE,SYNTHETIC_TEXT
m3sbv1_003759,后面最近帮我确认一下下一站在哪里是不是,LLM_SYNTHETIC_SPOKEN_BASE,SYNTHETIC_TEXT
m3sbv1_003760,昨天我想问一下看看谁还没有回复行不行,LLM_SYNTHETIC_SPOKEN_BASE,SYNTHETIC_TEXT
m3sbv1_003761,那边看起来确认一下是不是已经付过了，免得后面又要重新弄,LLM_SYNTHETIC_SPOKEN_BASE,SYNTHETIC_TEXT
m3sbv1_003762,先我估计帮我找一下充电线放哪了就行,LLM_SYNTHETIC_SPOKEN_BASE,SYNTHETIC_TEXT
m3sbv1_003763,可能看看有没有更早一点的时间，你这边好安排,LLM_SYNTHETIC_SPOKEN_BASE,SYNTHETIC_TEXT
m3sbv1_003764,明天帮我看看这个菜里面有没有辣椒，我确认完再跟你说,LLM_SYNTHETIC_SPOKEN_BASE,SYNTHETIC_TEXT
m3sbv1_003765,家里我觉得先等等我马上就过来，免得后面又要重新弄,LLM_SYNTHETIC_SPOKEN_BASE,SYNTHETIC_TEXT
m3sbv1_003766,要是方便的话帮我把需要验证的地方列出来，不用特意等我,LLM_SYNTHETIC_SPOKEN_BASE,SYNTHETIC_TEXT
m3sbv1_003767,他刚才把这个先放到后面处理然后告诉我,LLM_SYNTHETIC_SPOKEN_BASE,SYNTHETIC_TEXT
m3sbv1_003768,他们等一下看看是不是网络又断了我有点不确定,LLM_SYNTHETIC_SPOKEN_BASE,SYNTHETIC_TEXT
m3sbv1_003769,店里这边没别的要求，帮我看看为什么还没收到就可以,LLM_SYNTHETIC_SPOKEN_BASE,SYNTHETIC_TEXT
m3sbv1_003770,刚才感觉帮我看看这个零件是不是松了可以吗,LLM_SYNTHETIC_SPOKEN_BASE,SYNTHETIC_TEXT
m3sbv1_003771,你这边没别的要求，确认一下测试结果有没有更新就可以,LLM_SYNTHETIC_SPOKEN_BASE,SYNTHETIC_TEXT
m3sbv1_003772,我觉得试一下重新打开能不能用，他这边好安排,LLM_SYNTHETIC_SPOKEN_BASE,SYNTHETIC_TEXT
m3sbv1_003773,早一点我记得把位置发给我我自己过去行不行,LLM_SYNTHETIC_SPOKEN_BASE,SYNTHETIC_TEXT
m3sbv1_003774,他明天确认一下这个功能是不是已经关掉了我想先确认清楚,LLM_SYNTHETIC_SPOKEN_BASE,SYNTHETIC_TEXT
m3sbv1_003775,我确认一下看看是不是还少了什么，你这边好安排,LLM_SYNTHETIC_SPOKEN_BASE,SYNTHETIC_TEXT
m3sbv1_003776,你最近先把现在的结果保存下来就行,LLM_SYNTHETIC_SPOKEN_BASE,SYNTHETIC_TEXT
m3sbv1_003777,现场我觉得看看油还够不够，免得后面又要重新弄,LLM_SYNTHETIC_SPOKEN_BASE,SYNTHETIC_TEXT
m3sbv1_003778,现在感觉问一下回来的车几点出发我怕等会儿忘了,LLM_SYNTHETIC_SPOKEN_BASE,SYNTHETIC_TEXT
m3sbv1_003779,店里我估计帮我看看日志里有没有异常，免得后面又要重新弄,LLM_SYNTHETIC_SPOKEN_BASE,SYNTHETIC_TEXT
m3sbv1_003780,应该确认一下是不是已经付过了，我刚才没听太清楚,LLM_SYNTHETIC_SPOKEN_BASE,SYNTHETIC_TEXT
m3sbv1_003781,家里明天把地址再确认一下我想先确认清楚,LLM_SYNTHETIC_SPOKEN_BASE,SYNTHETIC_TEXT
m3sbv1_003782,你早一点问一下他们什么时候能到我想先确认清楚,LLM_SYNTHETIC_SPOKEN_BASE,SYNTHETIC_TEXT
m3sbv1_003783,公司感觉问一下还能不能加一个人，免得后面又要重新弄,LLM_SYNTHETIC_SPOKEN_BASE,SYNTHETIC_TEXT
m3sbv1_003784,前面这边没别的要求，看看有没有影响到别的模块就可以,LLM_SYNTHETIC_SPOKEN_BASE,SYNTHETIC_TEXT
m3sbv1_003785,等一下好像问一下他们什么时候能到别弄错了,LLM_SYNTHETIC_SPOKEN_BASE,SYNTHETIC_TEXT
m3sbv1_003786,现场这边没别的要求，先把旧的那套逻辑放一边就可以,LLM_SYNTHETIC_SPOKEN_BASE,SYNTHETIC_TEXT
m3sbv1_003787,我确认一下帮我把需要验证的地方列出来，你们这边好安排,LLM_SYNTHETIC_SPOKEN_BASE,SYNTHETIC_TEXT
m3sbv1_003788,公司晚一点帮我问一下现在还能不能改我想先确认清楚,LLM_SYNTHETIC_SPOKEN_BASE,SYNTHETIC_TEXT
m3sbv1_003789,我们先先把这一项记下来别弄错了,LLM_SYNTHETIC_SPOKEN_BASE,SYNTHETIC_TEXT
m3sbv1_003790,公司最近帮我看看为什么还没收到行不行,LLM_SYNTHETIC_SPOKEN_BASE,SYNTHETIC_TEXT
m3sbv1_003791,我今天把这个问题先记到清单里我再决定,LLM_SYNTHETIC_SPOKEN_BASE,SYNTHETIC_TEXT
m3sbv1_003792,家里我想问一下确认一下是不是从这里集合，免得后面又要重新弄,LLM_SYNTHETIC_SPOKEN_BASE,SYNTHETIC_TEXT
m3sbv1_003793,我觉得确认一下是不是同一个订单，你们这边好安排,LLM_SYNTHETIC_SPOKEN_BASE,SYNTHETIC_TEXT
m3sbv1_003794,一会儿我听说帮我拿一下旁边那个袋子可以吗,LLM_SYNTHETIC_SPOKEN_BASE,SYNTHETIC_TEXT
m3sbv1_003795,我我想问一下看看是不是网络又断了，免得后面又要重新弄,LLM_SYNTHETIC_SPOKEN_BASE,SYNTHETIC_TEXT
m3sbv1_003796,晚一点先别急，帮我确认一下字段有没有变再继续,LLM_SYNTHETIC_SPOKEN_BASE,SYNTHETIC_TEXT
m3sbv1_003797,晚一点帮我把水再加一点，我确认完再跟你说,LLM_SYNTHETIC_SPOKEN_BASE,SYNTHETIC_TEXT
m3sbv1_003798,麻烦你看看能不能把时间往后挪一点，我刚才没听太清楚,LLM_SYNTHETIC_SPOKEN_BASE,SYNTHETIC_TEXT
m3sbv1_003799,你们好像确认一下会议是不是改到下午了，免得后面又要重新弄,LLM_SYNTHETIC_SPOKEN_BASE,SYNTHETIC_TEXT
m3sbv1_003800,现在我记得帮我找一下充电线放哪了然后告诉我,LLM_SYNTHETIC_SPOKEN_BASE,SYNTHETIC_TEXT
m3sbv1_003801,昨天把这个先留着别动，我确认完再跟你说,LLM_SYNTHETIC_SPOKEN_BASE,SYNTHETIC_TEXT
m3sbv1_003802,现场现在先把旧的那套逻辑放一边是不是,LLM_SYNTHETIC_SPOKEN_BASE,SYNTHETIC_TEXT
m3sbv1_003803,我估计帮我看看这个号码对不对，我刚才没听太清楚,LLM_SYNTHETIC_SPOKEN_BASE,SYNTHETIC_TEXT
m3sbv1_003804,我听说把声音稍微调小一点，家里这边好安排,LLM_SYNTHETIC_SPOKEN_BASE,SYNTHETIC_TEXT
m3sbv1_003805,今天我想问一下确认一下退房时间是几点吧,LLM_SYNTHETIC_SPOKEN_BASE,SYNTHETIC_TEXT
m3sbv1_003806,可能看看谁还没有回复，前面这边好安排,LLM_SYNTHETIC_SPOKEN_BASE,SYNTHETIC_TEXT
m3sbv1_003807,我们这边没别的要求，看看钥匙是不是还在车里就可以,LLM_SYNTHETIC_SPOKEN_BASE,SYNTHETIC_TEXT
m3sbv1_003808,先我听说看看导航是不是带错路了可以吗,LLM_SYNTHETIC_SPOKEN_BASE,SYNTHETIC_TEXT
m3sbv1_003809,他好像看看这个结果和昨天是不是一样，免得后面又要重新弄,LLM_SYNTHETIC_SPOKEN_BASE,SYNTHETIC_TEXT
m3sbv1_003810,店里我听说先别取消我再确认一下，免得后面又要重新弄,LLM_SYNTHETIC_SPOKEN_BASE,SYNTHETIC_TEXT
m3sbv1_003811,后面早一点看看是不是网络又断了行不行,LLM_SYNTHETIC_SPOKEN_BASE,SYNTHETIC_TEXT
m3sbv1_003812,最近我确认一下看看有没有不用排队的办法吧,LLM_SYNTHETIC_SPOKEN_BASE,SYNTHETIC_TEXT
m3sbv1_003813,你这边没别的要求，把刚才那条消息再发我一次就可以,LLM_SYNTHETIC_SPOKEN_BASE,SYNTHETIC_TEXT
m3sbv1_003814,我觉得看看前面能不能掉头，我这边好安排,LLM_SYNTHETIC_SPOKEN_BASE,SYNTHETIC_TEXT
m3sbv1_003815,应该确认一下今天是不是正常营业，他们这边好安排,LLM_SYNTHETIC_SPOKEN_BASE,SYNTHETIC_TEXT
m3sbv1_003816,看看能不能把时间往后挪一点以后跟我说一声就行,LLM_SYNTHETIC_SPOKEN_BASE,SYNTHETIC_TEXT
m3sbv1_003817,可能看看油还够不够，我刚才没听太清楚,LLM_SYNTHETIC_SPOKEN_BASE,SYNTHETIC_TEXT
m3sbv1_003818,看起来把这个先留着别动，现场这边好安排,LLM_SYNTHETIC_SPOKEN_BASE,SYNTHETIC_TEXT
m3sbv1_003819,后面等一下问一下回来的车几点出发别弄错了,LLM_SYNTHETIC_SPOKEN_BASE,SYNTHETIC_TEXT
m3sbv1_003820,到时候先别急，确认一下这个功能是不是已经关掉了再继续,LLM_SYNTHETIC_SPOKEN_BASE,SYNTHETIC_TEXT
m3sbv1_003821,现场这边没别的要求，确认一下是不是同一个订单就可以,LLM_SYNTHETIC_SPOKEN_BASE,SYNTHETIC_TEXT
m3sbv1_003822,后面先确认一下服务有没有启动可以吗,LLM_SYNTHETIC_SPOKEN_BASE,SYNTHETIC_TEXT
m3sbv1_003823,昨天先别急，问一下能不能晚一点回来再继续,LLM_SYNTHETIC_SPOKEN_BASE,SYNTHETIC_TEXT
m3sbv1_003824,这边明天帮我找一下充电线放哪了然后告诉我,LLM_SYNTHETIC_SPOKEN_BASE,SYNTHETIC_TEXT
m3sbv1_003825,好像问一下能不能晚一点回来，现场这边好安排,LLM_SYNTHETIC_SPOKEN_BASE,SYNTHETIC_TEXT
m3sbv1_003826,我们可能帮我确认一下房间准备好了没有，免得后面又要重新弄,LLM_SYNTHETIC_SPOKEN_BASE,SYNTHETIC_TEXT
m3sbv1_003827,到时候帮我找一下充电线放哪了，我确认完再跟你说,LLM_SYNTHETIC_SPOKEN_BASE,SYNTHETIC_TEXT
m3sbv1_003828,公司昨天把最新版本发给我看一下我有点不确定,LLM_SYNTHETIC_SPOKEN_BASE,SYNTHETIC_TEXT
m3sbv1_003829,一会儿先别急，把位置发给我我自己过去再继续,LLM_SYNTHETIC_SPOKEN_BASE,SYNTHETIC_TEXT
m3sbv1_003830,应该帮我看看这个零件是不是松了，那边这边好安排,LLM_SYNTHETIC_SPOKEN_BASE,SYNTHETIC_TEXT
m3sbv1_003831,感觉把最新版本发给我看一下，我这边好安排,LLM_SYNTHETIC_SPOKEN_BASE,SYNTHETIC_TEXT
m3sbv1_003832,前面我听说看一下这个是不是放错地方了，免得后面又要重新弄,LLM_SYNTHETIC_SPOKEN_BASE,SYNTHETIC_TEXT
m3sbv1_003833,你这边没别的要求，帮我看看这个零件是不是松了就可以,LLM_SYNTHETIC_SPOKEN_BASE,SYNTHETIC_TEXT
m3sbv1_003834,我们一会儿看看这个东西应该放哪里吧,LLM_SYNTHETIC_SPOKEN_BASE,SYNTHETIC_TEXT
m3sbv1_003835,最近看看能不能多拿一条毛巾，我确认完再跟你说,LLM_SYNTHETIC_SPOKEN_BASE,SYNTHETIC_TEXT
m3sbv1_003836,现场好像帮我把水再加一点，免得后面又要重新弄,LLM_SYNTHETIC_SPOKEN_BASE,SYNTHETIC_TEXT
m3sbv1_003837,我晚一点把声音稍微调小一点是不是,LLM_SYNTHETIC_SPOKEN_BASE,SYNTHETIC_TEXT
m3sbv1_003838,前面我想问一下帮我查一下刚才是哪一步失败了，免得后面又要重新弄,LLM_SYNTHETIC_SPOKEN_BASE,SYNTHETIC_TEXT
m3sbv1_003839,我觉得把这个先放到后面处理，我这边好安排,LLM_SYNTHETIC_SPOKEN_BASE,SYNTHETIC_TEXT
m3sbv1_003840,我估计帮我换一个安静一点的位置，公司这边好安排,LLM_SYNTHETIC_SPOKEN_BASE,SYNTHETIC_TEXT
m3sbv1_003841,麻烦你再检查一遍有没有问题，你这边好安排,LLM_SYNTHETIC_SPOKEN_BASE,SYNTHETIC_TEXT
m3sbv1_003842,之前我听说把刚才说的重点再讲一遍我想先确认清楚,LLM_SYNTHETIC_SPOKEN_BASE,SYNTHETIC_TEXT
m3sbv1_003843,家里早一点问一下他们什么时候能到是不是,LLM_SYNTHETIC_SPOKEN_BASE,SYNTHETIC_TEXT
m3sbv1_003844,明天我想问一下确认一下这个功能是不是已经关掉了我怕等会儿忘了,LLM_SYNTHETIC_SPOKEN_BASE,SYNTHETIC_TEXT
m3sbv1_003845,今天麻烦你帮我问一下现在还能不能改别弄错了,LLM_SYNTHETIC_SPOKEN_BASE,SYNTHETIC_TEXT
m3sbv1_003846,我估计帮我看看这个菜里面有没有辣椒，我们这边好安排,LLM_SYNTHETIC_SPOKEN_BASE,SYNTHETIC_TEXT
m3sbv1_003847,这边感觉看看有没有不用排队的办法，免得后面又要重新弄,LLM_SYNTHETIC_SPOKEN_BASE,SYNTHETIC_TEXT
m3sbv1_003848,他我确认一下看看有没有不用排队的办法，免得后面又要重新弄,LLM_SYNTHETIC_SPOKEN_BASE,SYNTHETIC_TEXT
m3sbv1_003849,一会儿我觉得问一下他们什么时候能到是不是,LLM_SYNTHETIC_SPOKEN_BASE,SYNTHETIC_TEXT
m3sbv1_003850,看起来看看是不是配置没有生效，你们这边好安排,LLM_SYNTHETIC_SPOKEN_BASE,SYNTHETIC_TEXT
m3sbv1_003851,家里晚一点帮我把重复的内容删掉就行,LLM_SYNTHETIC_SPOKEN_BASE,SYNTHETIC_TEXT
m3sbv1_003852,现场我听说帮我看看这个菜里面有没有辣椒，免得后面又要重新弄,LLM_SYNTHETIC_SPOKEN_BASE,SYNTHETIC_TEXT
m3sbv1_003853,我估计帮我把需要验证的地方列出来，他们这边好安排,LLM_SYNTHETIC_SPOKEN_BASE,SYNTHETIC_TEXT
m3sbv1_003854,先可能看看谁还没有回复别弄错了,LLM_SYNTHETIC_SPOKEN_BASE,SYNTHETIC_TEXT
m3sbv1_003855,店里我听说把这个先放到后面处理，免得后面又要重新弄,LLM_SYNTHETIC_SPOKEN_BASE,SYNTHETIC_TEXT
m3sbv1_003856,前面现在问一下早餐几点开始我想先确认清楚,LLM_SYNTHETIC_SPOKEN_BASE,SYNTHETIC_TEXT
m3sbv1_003857,这边这边没别的要求，看看前面是不是要左转就可以,LLM_SYNTHETIC_SPOKEN_BASE,SYNTHETIC_TEXT
m3sbv1_003858,刚才先别急，帮我确认一下字段有没有变再继续,LLM_SYNTHETIC_SPOKEN_BASE,SYNTHETIC_TEXT
m3sbv1_003859,应该看看有没有影响到别的模块，他们这边好安排,LLM_SYNTHETIC_SPOKEN_BASE,SYNTHETIC_TEXT
m3sbv1_003860,看起来把这个问题先记到清单里，我刚才没听太清楚,LLM_SYNTHETIC_SPOKEN_BASE,SYNTHETIC_TEXT
m3sbv1_003861,今天先别急，告诉我大概还要多久再继续,LLM_SYNTHETIC_SPOKEN_BASE,SYNTHETIC_TEXT
m3sbv1_003862,公司昨天看看导航是不是带错路了是不是,LLM_SYNTHETIC_SPOKEN_BASE,SYNTHETIC_TEXT
m3sbv1_003863,我确认一下确认一下要不要提前预约，我刚才没听太清楚,LLM_SYNTHETIC_SPOKEN_BASE,SYNTHETIC_TEXT
m3sbv1_003864,她今天把声音稍微调小一点可以吗,LLM_SYNTHETIC_SPOKEN_BASE,SYNTHETIC_TEXT
m3sbv1_003865,先先别急，帮我看看日志里有没有异常再继续,LLM_SYNTHETIC_SPOKEN_BASE,SYNTHETIC_TEXT
m3sbv1_003866,我们麻烦你帮我找一下刚才那个页面，免得后面又要重新弄,LLM_SYNTHETIC_SPOKEN_BASE,SYNTHETIC_TEXT
m3sbv1_003867,我估计看看这个价格有没有包含费用，她这边好安排,LLM_SYNTHETIC_SPOKEN_BASE,SYNTHETIC_TEXT
m3sbv1_003868,那边这边没别的要求，问一下还能不能加一个人就可以,LLM_SYNTHETIC_SPOKEN_BASE,SYNTHETIC_TEXT
m3sbv1_003869,我最近看看是不是选错选项了行不行,LLM_SYNTHETIC_SPOKEN_BASE,SYNTHETIC_TEXT
m3sbv1_003870,晚一点我确认一下确认一下车是不是停在外面我有点不确定,LLM_SYNTHETIC_SPOKEN_BASE,SYNTHETIC_TEXT
m3sbv1_003871,我听说把这个先放到后面处理，我刚才没听太清楚,LLM_SYNTHETIC_SPOKEN_BASE,SYNTHETIC_TEXT
m3sbv1_003872,你们好像看看前面能不能掉头，免得后面又要重新弄,LLM_SYNTHETIC_SPOKEN_BASE,SYNTHETIC_TEXT
m3sbv1_003873,家里到时候看看这个杯子是不是我的我想先确认清楚,LLM_SYNTHETIC_SPOKEN_BASE,SYNTHETIC_TEXT
m3sbv1_003874,现在我记得确认一下这个功能是不是已经关掉了别弄错了,LLM_SYNTHETIC_SPOKEN_BASE,SYNTHETIC_TEXT
m3sbv1_003875,今天先把旧的那套逻辑放一边，我确认完再跟你说,LLM_SYNTHETIC_SPOKEN_BASE,SYNTHETIC_TEXT
m3sbv1_003876,后面我觉得看看还有没有漏掉的步骤，免得后面又要重新弄,LLM_SYNTHETIC_SPOKEN_BASE,SYNTHETIC_TEXT
m3sbv1_003877,好像看看钥匙是不是还在车里，那边这边好安排,LLM_SYNTHETIC_SPOKEN_BASE,SYNTHETIC_TEXT
m3sbv1_003878,等一下帮我看看日志里有没有异常，我确认完再跟你说,LLM_SYNTHETIC_SPOKEN_BASE,SYNTHETIC_TEXT
m3sbv1_003879,她现在确认一下这份文件是不是最终版我想先确认清楚,LLM_SYNTHETIC_SPOKEN_BASE,SYNTHETIC_TEXT
m3sbv1_003880,我记得问一下回来的车几点出发，这边这边好安排,LLM_SYNTHETIC_SPOKEN_BASE,SYNTHETIC_TEXT
m3sbv1_003881,家里可能确认一下测试结果有没有更新，免得后面又要重新弄,LLM_SYNTHETIC_SPOKEN_BASE,SYNTHETIC_TEXT
m3sbv1_003882,最近先别急，问一下能不能晚一点回来再继续,LLM_SYNTHETIC_SPOKEN_BASE,SYNTHETIC_TEXT
m3sbv1_003883,那边昨天把门先关一下有点冷我再决定,LLM_SYNTHETIC_SPOKEN_BASE,SYNTHETIC_TEXT
m3sbv1_003884,感觉确认一下文件有没有传成功，他们这边好安排,LLM_SYNTHETIC_SPOKEN_BASE,SYNTHETIC_TEXT
m3sbv1_003885,确认一下名字有没有写错，有变化的话提前告诉我,LLM_SYNTHETIC_SPOKEN_BASE,SYNTHETIC_TEXT
m3sbv1_003886,你们可能看看这个杯子是不是我的，免得后面又要重新弄,LLM_SYNTHETIC_SPOKEN_BASE,SYNTHETIC_TEXT
m3sbv1_003887,明天应该确认一下文件有没有传成功我有点不确定,LLM_SYNTHETIC_SPOKEN_BASE,SYNTHETIC_TEXT
m3sbv1_003888,最近好像看看空调能不能调高一点我怕等会儿忘了,LLM_SYNTHETIC_SPOKEN_BASE,SYNTHETIC_TEXT
m3sbv1_003889,之前看看油还够不够，我确认完再跟你说,LLM_SYNTHETIC_SPOKEN_BASE,SYNTHETIC_TEXT
m3sbv1_003890,那边可能确认一下文件有没有传成功，免得后面又要重新弄,LLM_SYNTHETIC_SPOKEN_BASE,SYNTHETIC_TEXT
m3sbv1_003891,一会儿可能把刚才那条消息再发我一次就行,LLM_SYNTHETIC_SPOKEN_BASE,SYNTHETIC_TEXT
m3sbv1_003892,现场我觉得确认一下要不要提前预约，免得后面又要重新弄,LLM_SYNTHETIC_SPOKEN_BASE,SYNTHETIC_TEXT
m3sbv1_003893,公司我记得告诉我大概还要多久，免得后面又要重新弄,LLM_SYNTHETIC_SPOKEN_BASE,SYNTHETIC_TEXT
m3sbv1_003894,她早一点先等等我马上就过来是不是,LLM_SYNTHETIC_SPOKEN_BASE,SYNTHETIC_TEXT
m3sbv1_003895,感觉问一下他们什么时候能到，现场这边好安排,LLM_SYNTHETIC_SPOKEN_BASE,SYNTHETIC_TEXT
m3sbv1_003896,早一点我觉得确认一下是不是已经付过了然后告诉我,LLM_SYNTHETIC_SPOKEN_BASE,SYNTHETIC_TEXT
m3sbv1_003897,等一下看起来先把这一项记下来我怕等会儿忘了,LLM_SYNTHETIC_SPOKEN_BASE,SYNTHETIC_TEXT
m3sbv1_003898,最近感觉把刚才那条消息再发我一次然后告诉我,LLM_SYNTHETIC_SPOKEN_BASE,SYNTHETIC_TEXT
m3sbv1_003899,她我想问一下看看前面是不是要左转，免得后面又要重新弄,LLM_SYNTHETIC_SPOKEN_BASE,SYNTHETIC_TEXT
m3sbv1_003900,一会儿先别急，把最新版本发给我看一下再继续,LLM_SYNTHETIC_SPOKEN_BASE,SYNTHETIC_TEXT
m3sbv1_003901,公司早一点确认一下入口是不是在这边我再决定,LLM_SYNTHETIC_SPOKEN_BASE,SYNTHETIC_TEXT
m3sbv1_003902,你应该问一下能不能晚一点回来，免得后面又要重新弄,LLM_SYNTHETIC_SPOKEN_BASE,SYNTHETIC_TEXT
m3sbv1_003903,早一点我确认一下帮我看看行李放在哪里别弄错了,LLM_SYNTHETIC_SPOKEN_BASE,SYNTHETIC_TEXT
m3sbv1_003904,她之前看看能不能把时间往后挪一点我有点不确定,LLM_SYNTHETIC_SPOKEN_BASE,SYNTHETIC_TEXT
m3sbv1_003905,一会儿问一下还能不能加一个人，我确认完再跟你说,LLM_SYNTHETIC_SPOKEN_BASE,SYNTHETIC_TEXT
m3sbv1_003906,我我想问一下看看油还够不够，免得后面又要重新弄,LLM_SYNTHETIC_SPOKEN_BASE,SYNTHETIC_TEXT
m3sbv1_003907,好像看一下这个是不是放错地方了，公司这边好安排,LLM_SYNTHETIC_SPOKEN_BASE,SYNTHETIC_TEXT
m3sbv1_003908,早一点先别急，别着急我们按顺序来再继续,LLM_SYNTHETIC_SPOKEN_BASE,SYNTHETIC_TEXT
m3sbv1_003909,晚一点先别急，确认一下退房时间是几点再继续,LLM_SYNTHETIC_SPOKEN_BASE,SYNTHETIC_TEXT
m3sbv1_003910,昨天先别急，帮我看看行李放在哪里再继续,LLM_SYNTHETIC_SPOKEN_BASE,SYNTHETIC_TEXT
m3sbv1_003911,到时候先别急，确认一下会议是不是改到下午了再继续,LLM_SYNTHETIC_SPOKEN_BASE,SYNTHETIC_TEXT
m3sbv1_003912,一会儿我想问一下确认一下名字有没有写错可以吗,LLM_SYNTHETIC_SPOKEN_BASE,SYNTHETIC_TEXT
m3sbv1_003913,我确认一下确认一下是不是同一个订单，你这边好安排,LLM_SYNTHETIC_SPOKEN_BASE,SYNTHETIC_TEXT
m3sbv1_003914,早一点先别急，告诉我大概还要多久再继续,LLM_SYNTHETIC_SPOKEN_BASE,SYNTHETIC_TEXT
m3sbv1_003915,早一点先别急，确认一下是不是已经付过了再继续,LLM_SYNTHETIC_SPOKEN_BASE,SYNTHETIC_TEXT
m3sbv1_003916,我确认一下确认一下轮胎是不是有点软，我刚才没听太清楚,LLM_SYNTHETIC_SPOKEN_BASE,SYNTHETIC_TEXT
m3sbv1_003917,你们一会儿帮我看看附近有没有停车位是不是,LLM_SYNTHETIC_SPOKEN_BASE,SYNTHETIC_TEXT
m3sbv1_003918,他们一会儿帮我确认一下下一站在哪里我有点不确定,LLM_SYNTHETIC_SPOKEN_BASE,SYNTHETIC_TEXT
m3sbv1_003919,我确认一下看看这个接口是不是又报错了，家里这边好安排,LLM_SYNTHETIC_SPOKEN_BASE,SYNTHETIC_TEXT
m3sbv1_003920,前面可能帮我问一下现在还能不能改，免得后面又要重新弄,LLM_SYNTHETIC_SPOKEN_BASE,SYNTHETIC_TEXT
m3sbv1_003921,现场我记得帮我确认一下负责人是谁，免得后面又要重新弄,LLM_SYNTHETIC_SPOKEN_BASE,SYNTHETIC_TEXT
m3sbv1_003922,一会儿先别急，问一下还能不能加一个人再继续,LLM_SYNTHETIC_SPOKEN_BASE,SYNTHETIC_TEXT
m3sbv1_003923,应该看看导航是不是带错路了，那边这边好安排,LLM_SYNTHETIC_SPOKEN_BASE,SYNTHETIC_TEXT
m3sbv1_003924,她我记得告诉我大概还要多久，免得后面又要重新弄,LLM_SYNTHETIC_SPOKEN_BASE,SYNTHETIC_TEXT
m3sbv1_003925,前面我确认一下确认一下名字有没有写错，免得后面又要重新弄,LLM_SYNTHETIC_SPOKEN_BASE,SYNTHETIC_TEXT
m3sbv1_003926,晚一点我确认一下看看是不是选错选项了别弄错了,LLM_SYNTHETIC_SPOKEN_BASE,SYNTHETIC_TEXT
m3sbv1_003927,一会儿可能问一下他们什么时候能到然后告诉我,LLM_SYNTHETIC_SPOKEN_BASE,SYNTHETIC_TEXT
m3sbv1_003928,你这边没别的要求，帮我查一下刚才是哪一步失败了就可以,LLM_SYNTHETIC_SPOKEN_BASE,SYNTHETIC_TEXT
m3sbv1_003929,我们之前看看这个杯子是不是我的就行,LLM_SYNTHETIC_SPOKEN_BASE,SYNTHETIC_TEXT
m3sbv1_003930,最近先别急，确认一下这份文件是不是最终版再继续,LLM_SYNTHETIC_SPOKEN_BASE,SYNTHETIC_TEXT
m3sbv1_003931,现在我听说看看还有没有漏掉的步骤就行,LLM_SYNTHETIC_SPOKEN_BASE,SYNTHETIC_TEXT
m3sbv1_003932,明天好像再检查一遍有没有问题我想先确认清楚,LLM_SYNTHETIC_SPOKEN_BASE,SYNTHETIC_TEXT
m3sbv1_003933,刚才我确认一下帮我把水再加一点吧,LLM_SYNTHETIC_SPOKEN_BASE,SYNTHETIC_TEXT
m3sbv1_003934,早一点确认一下是不是从这里集合，我确认完再跟你说,LLM_SYNTHETIC_SPOKEN_BASE,SYNTHETIC_TEXT
m3sbv1_003935,早一点我听说看看油还够不够,LLM_SYNTHETIC_SPOKEN_BASE,SYNTHETIC_TEXT
m3sbv1_003936,昨天帮我看看日志里有没有异常，我确认完再跟你说,LLM_SYNTHETIC_SPOKEN_BASE,SYNTHETIC_TEXT
m3sbv1_003937,明天我估计确认一下时间有没有改吧,LLM_SYNTHETIC_SPOKEN_BASE,SYNTHETIC_TEXT
m3sbv1_003938,应该问一下能不能晚一点回来，我刚才没听太清楚,LLM_SYNTHETIC_SPOKEN_BASE,SYNTHETIC_TEXT
m3sbv1_003939,家里这边没别的要求，看看这个价格有没有包含费用就可以,LLM_SYNTHETIC_SPOKEN_BASE,SYNTHETIC_TEXT
m3sbv1_003940,早一点我觉得看看这个接口是不是又报错了吧,LLM_SYNTHETIC_SPOKEN_BASE,SYNTHETIC_TEXT
m3sbv1_003941,前面现在看看有没有更早一点的时间行不行,LLM_SYNTHETIC_SPOKEN_BASE,SYNTHETIC_TEXT
m3sbv1_003942,应该问一下他们什么时候能到，我这边好安排,LLM_SYNTHETIC_SPOKEN_BASE,SYNTHETIC_TEXT
m3sbv1_003943,之前好像看看这个接口是不是又报错了我怕等会儿忘了,LLM_SYNTHETIC_SPOKEN_BASE,SYNTHETIC_TEXT
m3sbv1_003944,今天我觉得帮我换一个安静一点的位置我再决定,LLM_SYNTHETIC_SPOKEN_BASE,SYNTHETIC_TEXT
m3sbv1_003945,家里先看看导航是不是带错路了然后告诉我,LLM_SYNTHETIC_SPOKEN_BASE,SYNTHETIC_TEXT
m3sbv1_003946,可能把声音稍微调小一点，我刚才没听太清楚,LLM_SYNTHETIC_SPOKEN_BASE,SYNTHETIC_TEXT
m3sbv1_003947,可能告诉我大概还要多久，你这边好安排,LLM_SYNTHETIC_SPOKEN_BASE,SYNTHETIC_TEXT
m3sbv1_003948,到时候感觉帮我确认一下下一站在哪里我再决定,LLM_SYNTHETIC_SPOKEN_BASE,SYNTHETIC_TEXT
m3sbv1_003949,现在先别急，帮我看看这个零件是不是松了再继续,LLM_SYNTHETIC_SPOKEN_BASE,SYNTHETIC_TEXT
m3sbv1_003950,后面先看看是不是选错选项了吧,LLM_SYNTHETIC_SPOKEN_BASE,SYNTHETIC_TEXT
m3sbv1_003951,晚一点我听说帮我找一下刚才那个页面,LLM_SYNTHETIC_SPOKEN_BASE,SYNTHETIC_TEXT
m3sbv1_003952,先帮我问一下还有没有空位，我确认完再跟你说,LLM_SYNTHETIC_SPOKEN_BASE,SYNTHETIC_TEXT
m3sbv1_003953,一会儿可能把刚才那条消息再发我一次然后告诉我,LLM_SYNTHETIC_SPOKEN_BASE,SYNTHETIC_TEXT
m3sbv1_003954,我听说问一下回来的车几点出发，前面这边好安排,LLM_SYNTHETIC_SPOKEN_BASE,SYNTHETIC_TEXT
m3sbv1_003955,晚一点看看是不是网络又断了，我确认完再跟你说,LLM_SYNTHETIC_SPOKEN_BASE,SYNTHETIC_TEXT
m3sbv1_003956,她这边没别的要求，把门先关一下有点冷就可以,LLM_SYNTHETIC_SPOKEN_BASE,SYNTHETIC_TEXT
m3sbv1_003957,帮我看看日志里有没有异常以后跟我说一声就行,LLM_SYNTHETIC_SPOKEN_BASE,SYNTHETIC_TEXT
m3sbv1_003958,我想问一下看看油还够不够，家里这边好安排,LLM_SYNTHETIC_SPOKEN_BASE,SYNTHETIC_TEXT
m3sbv1_003959,这边看起来问一下还能不能加一个人，免得后面又要重新弄,LLM_SYNTHETIC_SPOKEN_BASE,SYNTHETIC_TEXT
m3sbv1_003960,他们之前看看能不能换成小份可以吗,LLM_SYNTHETIC_SPOKEN_BASE,SYNTHETIC_TEXT
m3sbv1_003961,他这边没别的要求，把位置发给我我自己过去就可以,LLM_SYNTHETIC_SPOKEN_BASE,SYNTHETIC_TEXT
m3sbv1_003962,到时候别着急我们按顺序来，我确认完再跟你说,LLM_SYNTHETIC_SPOKEN_BASE,SYNTHETIC_TEXT
m3sbv1_003963,要是方便的话看看钥匙是不是还在车里，不用特意等我,LLM_SYNTHETIC_SPOKEN_BASE,SYNTHETIC_TEXT
m3sbv1_003964,到时候看起来再检查一遍有没有问题我想先确认清楚,LLM_SYNTHETIC_SPOKEN_BASE,SYNTHETIC_TEXT
m3sbv1_003965,我听说帮我拿一下旁边那个袋子，我这边好安排,LLM_SYNTHETIC_SPOKEN_BASE,SYNTHETIC_TEXT
m3sbv1_003966,我估计告诉我大概还要多久，我刚才没听太清楚,LLM_SYNTHETIC_SPOKEN_BASE,SYNTHETIC_TEXT
m3sbv1_003967,这边刚才确认一下是不是已经付过了我有点不确定,LLM_SYNTHETIC_SPOKEN_BASE,SYNTHETIC_TEXT
m3sbv1_003968,那边这边没别的要求，试一下重新打开能不能用就可以,LLM_SYNTHETIC_SPOKEN_BASE,SYNTHETIC_TEXT
m3sbv1_003969,后面这边没别的要求，看看前面是不是要左转就可以,LLM_SYNTHETIC_SPOKEN_BASE,SYNTHETIC_TEXT
m3sbv1_003970,今天麻烦你确认一下这份文件是不是最终版我想先确认清楚,LLM_SYNTHETIC_SPOKEN_BASE,SYNTHETIC_TEXT
m3sbv1_003971,我想问一下把这个先留着别动，她这边好安排,LLM_SYNTHETIC_SPOKEN_BASE,SYNTHETIC_TEXT
m3sbv1_003972,麻烦你告诉我大概还要多久，你们这边好安排,LLM_SYNTHETIC_SPOKEN_BASE,SYNTHETIC_TEXT
m3sbv1_003973,一会儿我听说问一下能不能晚一点回来我怕等会儿忘了,LLM_SYNTHETIC_SPOKEN_BASE,SYNTHETIC_TEXT
m3sbv1_003974,现在先别急，看看是不是选错选项了再继续,LLM_SYNTHETIC_SPOKEN_BASE,SYNTHETIC_TEXT
m3sbv1_003975,店里这边没别的要求，确认一下是不是从这里集合就可以,LLM_SYNTHETIC_SPOKEN_BASE,SYNTHETIC_TEXT
m3sbv1_003976,我们明天别着急我们按顺序来就行,LLM_SYNTHETIC_SPOKEN_BASE,SYNTHETIC_TEXT
m3sbv1_003977,这两天先别急，确认一下名字有没有写错再继续,LLM_SYNTHETIC_SPOKEN_BASE,SYNTHETIC_TEXT
m3sbv1_003978,今天先别急，先等等我马上就过来再继续,LLM_SYNTHETIC_SPOKEN_BASE,SYNTHETIC_TEXT
m3sbv1_003979,感觉把刚才那条消息再发我一次，我这边好安排,LLM_SYNTHETIC_SPOKEN_BASE,SYNTHETIC_TEXT
m3sbv1_003980,店里之前帮我换一个安静一点的位置我再决定,LLM_SYNTHETIC_SPOKEN_BASE,SYNTHETIC_TEXT
m3sbv1_003981,后面这两天看看谁还没有回复可以吗,LLM_SYNTHETIC_SPOKEN_BASE,SYNTHETIC_TEXT
m3sbv1_003982,我估计确认一下要不要提前预约，我刚才没听太清楚,LLM_SYNTHETIC_SPOKEN_BASE,SYNTHETIC_TEXT
m3sbv1_003983,先先别急，看看有没有不用排队的办法再继续,LLM_SYNTHETIC_SPOKEN_BASE,SYNTHETIC_TEXT
m3sbv1_003984,这边麻烦你帮我听一下这个声音正不正常，免得后面又要重新弄,LLM_SYNTHETIC_SPOKEN_BASE,SYNTHETIC_TEXT
m3sbv1_003985,看起来试一下重新打开能不能用，我们这边好安排,LLM_SYNTHETIC_SPOKEN_BASE,SYNTHETIC_TEXT
m3sbv1_003986,我到时候帮我换一个安静一点的位置我再决定,LLM_SYNTHETIC_SPOKEN_BASE,SYNTHETIC_TEXT
m3sbv1_003987,到时候先别急，看看这个东西应该放哪里再继续,LLM_SYNTHETIC_SPOKEN_BASE,SYNTHETIC_TEXT
m3sbv1_003988,可能帮我看看为什么还没收到，这边这边好安排,LLM_SYNTHETIC_SPOKEN_BASE,SYNTHETIC_TEXT
m3sbv1_003989,先麻烦你看看是不是配置没有生效别弄错了,LLM_SYNTHETIC_SPOKEN_BASE,SYNTHETIC_TEXT
m3sbv1_003990,那边今天确认一下测试结果有没有更新然后告诉我,LLM_SYNTHETIC_SPOKEN_BASE,SYNTHETIC_TEXT
m3sbv1_003991,昨天先别急，确认一下轮胎是不是有点软再继续,LLM_SYNTHETIC_SPOKEN_BASE,SYNTHETIC_TEXT
m3sbv1_003992,前面昨天到的时候给我发个消息我怕等会儿忘了,LLM_SYNTHETIC_SPOKEN_BASE,SYNTHETIC_TEXT
m3sbv1_003993,到时候我记得确认一下停车要不要付费是不是,LLM_SYNTHETIC_SPOKEN_BASE,SYNTHETIC_TEXT
m3sbv1_003994,前面我听说看看是不是选错选项了，免得后面又要重新弄,LLM_SYNTHETIC_SPOKEN_BASE,SYNTHETIC_TEXT
m3sbv1_003995,她我想问一下看看前面能不能掉头，免得后面又要重新弄,LLM_SYNTHETIC_SPOKEN_BASE,SYNTHETIC_TEXT
m3sbv1_003996,麻烦你确认一下退房时间是几点，这边这边好安排,LLM_SYNTHETIC_SPOKEN_BASE,SYNTHETIC_TEXT
m3sbv1_003997,你们到时候问一下回来的车几点出发我怕等会儿忘了,LLM_SYNTHETIC_SPOKEN_BASE,SYNTHETIC_TEXT
m3sbv1_003998,店里这边没别的要求，帮我确认一下下一站在哪里就可以,LLM_SYNTHETIC_SPOKEN_BASE,SYNTHETIC_TEXT
m3sbv1_003999,刚才好像先把旧的那套逻辑放一边就行,LLM_SYNTHETIC_SPOKEN_BASE,SYNTHETIC_TEXT
m3sbv1_004000,你们感觉把地址再确认一下，免得后面又要重新弄,LLM_SYNTHETIC_SPOKEN_BASE,SYNTHETIC_TEXT
m3sbv1_004001,我我听说看看油还够不够，免得后面又要重新弄,LLM_SYNTHETIC_SPOKEN_BASE,SYNTHETIC_TEXT
m3sbv1_004002,我我确认一下确认一下是不是从这里集合，免得后面又要重新弄,LLM_SYNTHETIC_SPOKEN_BASE,SYNTHETIC_TEXT
m3sbv1_004003,昨天帮我找一下充电线放哪了，我确认完再跟你说,LLM_SYNTHETIC_SPOKEN_BASE,SYNTHETIC_TEXT
m3sbv1_004004,确认一下是不是已经下单了，有变化的话提前告诉我,LLM_SYNTHETIC_SPOKEN_BASE,SYNTHETIC_TEXT
m3sbv1_004005,先可能把刚才说的重点再讲一遍就行,LLM_SYNTHETIC_SPOKEN_BASE,SYNTHETIC_TEXT
m3sbv1_004006,晚一点我想问一下把这个问题先记到清单里别弄错了,LLM_SYNTHETIC_SPOKEN_BASE,SYNTHETIC_TEXT
m3sbv1_004007,帮我看看为什么还没收到以后跟我说一声就行,LLM_SYNTHETIC_SPOKEN_BASE,SYNTHETIC_TEXT
m3sbv1_004008,我确认一下帮我查一下刚才是哪一步失败了，我刚才没听太清楚,LLM_SYNTHETIC_SPOKEN_BASE,SYNTHETIC_TEXT
m3sbv1_004009,我我记得看看前面是不是要左转，免得后面又要重新弄,LLM_SYNTHETIC_SPOKEN_BASE,SYNTHETIC_TEXT
m3sbv1_004010,我感觉确认一下是不是已经下单了，免得后面又要重新弄,LLM_SYNTHETIC_SPOKEN_BASE,SYNTHETIC_TEXT
m3sbv1_004011,一会儿感觉看看油还够不够是不是,LLM_SYNTHETIC_SPOKEN_BASE,SYNTHETIC_TEXT
m3sbv1_004012,我听说确认一下入口是不是在这边，现场这边好安排,LLM_SYNTHETIC_SPOKEN_BASE,SYNTHETIC_TEXT
m3sbv1_004013,你今天帮我确认一下字段有没有变我怕等会儿忘了,LLM_SYNTHETIC_SPOKEN_BASE,SYNTHETIC_TEXT
m3sbv1_004014,她这边没别的要求，确认一下入口是不是在这边就可以,LLM_SYNTHETIC_SPOKEN_BASE,SYNTHETIC_TEXT
m3sbv1_004015,前面这边没别的要求，把最新版本发给我看一下就可以,LLM_SYNTHETIC_SPOKEN_BASE,SYNTHETIC_TEXT
m3sbv1_004016,看起来帮我换一个安静一点的位置，前面这边好安排,LLM_SYNTHETIC_SPOKEN_BASE,SYNTHETIC_TEXT
m3sbv1_004017,我记得看看是不是配置没有生效，我刚才没听太清楚,LLM_SYNTHETIC_SPOKEN_BASE,SYNTHETIC_TEXT
m3sbv1_004018,我这两天帮我看看这个零件是不是松了我怕等会儿忘了,LLM_SYNTHETIC_SPOKEN_BASE,SYNTHETIC_TEXT
m3sbv1_004019,我听说确认一下名字有没有写错，我刚才没听太清楚,LLM_SYNTHETIC_SPOKEN_BASE,SYNTHETIC_TEXT
m3sbv1_004020,她麻烦你看看这个价格有没有包含费用，免得后面又要重新弄,LLM_SYNTHETIC_SPOKEN_BASE,SYNTHETIC_TEXT
m3sbv1_004021,一会儿好像把声音稍微调小一点,LLM_SYNTHETIC_SPOKEN_BASE,SYNTHETIC_TEXT
m3sbv1_004022,这边这边没别的要求，把刚才说的重点再讲一遍就可以,LLM_SYNTHETIC_SPOKEN_BASE,SYNTHETIC_TEXT
m3sbv1_004023,我确认一下看看这个价格有没有包含费用，我这边好安排,LLM_SYNTHETIC_SPOKEN_BASE,SYNTHETIC_TEXT
m3sbv1_004024,公司可能帮我换一个安静一点的位置，免得后面又要重新弄,LLM_SYNTHETIC_SPOKEN_BASE,SYNTHETIC_TEXT
m3sbv1_004025,我这两天试一下重新打开能不能用可以吗,LLM_SYNTHETIC_SPOKEN_BASE,SYNTHETIC_TEXT
m3sbv1_004026,后面到时候帮我找一下充电线放哪了行不行,LLM_SYNTHETIC_SPOKEN_BASE,SYNTHETIC_TEXT
m3sbv1_004027,你们麻烦你帮我看看这个号码对不对，免得后面又要重新弄,LLM_SYNTHETIC_SPOKEN_BASE,SYNTHETIC_TEXT
m3sbv1_004028,最近先别急，看看导航是不是带错路了再继续,LLM_SYNTHETIC_SPOKEN_BASE,SYNTHETIC_TEXT
m3sbv1_004029,前面我记得确认一下是不是已经下单了，免得后面又要重新弄,LLM_SYNTHETIC_SPOKEN_BASE,SYNTHETIC_TEXT
m3sbv1_004030,应该看看空调能不能调高一点，现场这边好安排,LLM_SYNTHETIC_SPOKEN_BASE,SYNTHETIC_TEXT
m3sbv1_004031,最近帮我看看行李放在哪里，我确认完再跟你说,LLM_SYNTHETIC_SPOKEN_BASE,SYNTHETIC_TEXT
m3sbv1_004032,这两天把这个问题先记到清单里，我确认完再跟你说,LLM_SYNTHETIC_SPOKEN_BASE,SYNTHETIC_TEXT
m3sbv1_004033,最近我确认一下看看这个结果和昨天是不是一样,LLM_SYNTHETIC_SPOKEN_BASE,SYNTHETIC_TEXT
m3sbv1_004034,刚才帮我换一个安静一点的位置，我确认完再跟你说,LLM_SYNTHETIC_SPOKEN_BASE,SYNTHETIC_TEXT
m3sbv1_004035,明天确认一下会议是不是改到下午了，我确认完再跟你说,LLM_SYNTHETIC_SPOKEN_BASE,SYNTHETIC_TEXT
m3sbv1_004036,看起来确认一下会议是不是改到下午了，后面这边好安排,LLM_SYNTHETIC_SPOKEN_BASE,SYNTHETIC_TEXT
m3sbv1_004037,家里我记得把门先关一下有点冷，免得后面又要重新弄,LLM_SYNTHETIC_SPOKEN_BASE,SYNTHETIC_TEXT
m3sbv1_004038,等一下先别急，看看前面能不能掉头再继续,LLM_SYNTHETIC_SPOKEN_BASE,SYNTHETIC_TEXT
m3sbv1_004039,应该帮我问一下还有没有空位，前面这边好安排,LLM_SYNTHETIC_SPOKEN_BASE,SYNTHETIC_TEXT
m3sbv1_004040,这两天应该看看前面能不能掉头我怕等会儿忘了,LLM_SYNTHETIC_SPOKEN_BASE,SYNTHETIC_TEXT
m3sbv1_004041,帮我找一下充电线放哪了，如果不行就先别改,LLM_SYNTHETIC_SPOKEN_BASE,SYNTHETIC_TEXT
m3sbv1_004042,家里一会儿先把现在的结果保存下来我再决定,LLM_SYNTHETIC_SPOKEN_BASE,SYNTHETIC_TEXT
m3sbv1_004043,那边昨天看看这个价格有没有包含费用然后告诉我,LLM_SYNTHETIC_SPOKEN_BASE,SYNTHETIC_TEXT
m3sbv1_004044,你应该帮我听一下这个声音正不正常，免得后面又要重新弄,LLM_SYNTHETIC_SPOKEN_BASE,SYNTHETIC_TEXT
m3sbv1_004045,他们应该试一下重新打开能不能用，免得后面又要重新弄,LLM_SYNTHETIC_SPOKEN_BASE,SYNTHETIC_TEXT
m3sbv1_004046,我这边没别的要求，看看能不能换成小份就可以,LLM_SYNTHETIC_SPOKEN_BASE,SYNTHETIC_TEXT
m3sbv1_004047,他们这边没别的要求，看看数据是不是重复了就可以,LLM_SYNTHETIC_SPOKEN_BASE,SYNTHETIC_TEXT
m3sbv1_004048,后面我估计帮我确认一下房间准备好了没有，免得后面又要重新弄,LLM_SYNTHETIC_SPOKEN_BASE,SYNTHETIC_TEXT
m3sbv1_004049,现在我想问一下把这个先留着别动可以吗,LLM_SYNTHETIC_SPOKEN_BASE,SYNTHETIC_TEXT
m3sbv1_004050,之前感觉确认一下这次只改这一部分,LLM_SYNTHETIC_SPOKEN_BASE,SYNTHETIC_TEXT
m3sbv1_004051,家里这边没别的要求，看看钥匙是不是还在车里就可以,LLM_SYNTHETIC_SPOKEN_BASE,SYNTHETIC_TEXT
m3sbv1_004052,可能帮我看看这个零件是不是松了，我刚才没听太清楚,LLM_SYNTHETIC_SPOKEN_BASE,SYNTHETIC_TEXT
m3sbv1_004053,昨天我听说确认一下是不是同一个订单,LLM_SYNTHETIC_SPOKEN_BASE,SYNTHETIC_TEXT
m3sbv1_004054,家里我觉得看看有没有更早一点的时间，免得后面又要重新弄,LLM_SYNTHETIC_SPOKEN_BASE,SYNTHETIC_TEXT
m3sbv1_004055,感觉看看这个杯子是不是我的，后面这边好安排,LLM_SYNTHETIC_SPOKEN_BASE,SYNTHETIC_TEXT
m3sbv1_004056,你们等一下确认一下会议是不是改到下午了行不行,LLM_SYNTHETIC_SPOKEN_BASE,SYNTHETIC_TEXT
m3sbv1_004057,明天确认一下文件有没有传成功，我确认完再跟你说,LLM_SYNTHETIC_SPOKEN_BASE,SYNTHETIC_TEXT
m3sbv1_004058,那边到时候看看前面能不能掉头行不行,LLM_SYNTHETIC_SPOKEN_BASE,SYNTHETIC_TEXT
m3sbv1_004059,现场这边没别的要求，确认一下这份文件是不是最终版就可以,LLM_SYNTHETIC_SPOKEN_BASE,SYNTHETIC_TEXT
m3sbv1_004060,前面我想问一下确认一下测试结果有没有更新，免得后面又要重新弄,LLM_SYNTHETIC_SPOKEN_BASE,SYNTHETIC_TEXT
m3sbv1_004061,那边麻烦你看看钥匙是不是还在车里，免得后面又要重新弄,LLM_SYNTHETIC_SPOKEN_BASE,SYNTHETIC_TEXT
m3sbv1_004062,他应该帮我查一下刚才是哪一步失败了，免得后面又要重新弄,LLM_SYNTHETIC_SPOKEN_BASE,SYNTHETIC_TEXT
m3sbv1_004063,我估计确认一下文件有没有传成功，这边这边好安排,LLM_SYNTHETIC_SPOKEN_BASE,SYNTHETIC_TEXT
m3sbv1_004064,昨天先别急，看看谁还没有回复再继续,LLM_SYNTHETIC_SPOKEN_BASE,SYNTHETIC_TEXT
m3sbv1_004065,现场我记得帮我看看行李放在哪里，免得后面又要重新弄,LLM_SYNTHETIC_SPOKEN_BASE,SYNTHETIC_TEXT
m3sbv1_004066,店里可能看看这个结果和昨天是不是一样，免得后面又要重新弄,LLM_SYNTHETIC_SPOKEN_BASE,SYNTHETIC_TEXT
m3sbv1_004067,现在别着急我们按顺序来，我确认完再跟你说,LLM_SYNTHETIC_SPOKEN_BASE,SYNTHETIC_TEXT
m3sbv1_004068,那边这边没别的要求，先把这个问题单独记录下来就可以,LLM_SYNTHETIC_SPOKEN_BASE,SYNTHETIC_TEXT
m3sbv1_004069,昨天把刚才那条消息再发我一次，我确认完再跟你说,LLM_SYNTHETIC_SPOKEN_BASE,SYNTHETIC_TEXT
m3sbv1_004070,这两天确认一下会议是不是改到下午了，我确认完再跟你说,LLM_SYNTHETIC_SPOKEN_BASE,SYNTHETIC_TEXT
m3sbv1_004071,我先帮我听一下这个声音正不正常然后告诉我,LLM_SYNTHETIC_SPOKEN_BASE,SYNTHETIC_TEXT
m3sbv1_004072,最近我记得确认一下测试结果有没有更新就行,LLM_SYNTHETIC_SPOKEN_BASE,SYNTHETIC_TEXT
m3sbv1_004073,公司这边没别的要求，问一下他们什么时候能到就可以,LLM_SYNTHETIC_SPOKEN_BASE,SYNTHETIC_TEXT
m3sbv1_004074,我想问一下确认一下文件有没有传成功，我刚才没听太清楚,LLM_SYNTHETIC_SPOKEN_BASE,SYNTHETIC_TEXT
m3sbv1_004075,可能确认一下这次只改这一部分，现场这边好安排,LLM_SYNTHETIC_SPOKEN_BASE,SYNTHETIC_TEXT
m3sbv1_004076,你感觉看看有没有影响到别的模块，免得后面又要重新弄,LLM_SYNTHETIC_SPOKEN_BASE,SYNTHETIC_TEXT
m3sbv1_004077,这边最近把声音稍微调小一点,LLM_SYNTHETIC_SPOKEN_BASE,SYNTHETIC_TEXT
m3sbv1_004078,我这边没别的要求，确认一下名字有没有写错就可以,LLM_SYNTHETIC_SPOKEN_BASE,SYNTHETIC_TEXT
m3sbv1_004079,现在感觉看看能不能换成小份我再决定,LLM_SYNTHETIC_SPOKEN_BASE,SYNTHETIC_TEXT
m3sbv1_004080,后面昨天帮我看看这个菜里面有没有辣椒就行,LLM_SYNTHETIC_SPOKEN_BASE,SYNTHETIC_TEXT
m3sbv1_004081,你晚一点看看有没有更早一点的时间我有点不确定,LLM_SYNTHETIC_SPOKEN_BASE,SYNTHETIC_TEXT
m3sbv1_004082,那边明天看看钥匙是不是还在车里就行,LLM_SYNTHETIC_SPOKEN_BASE,SYNTHETIC_TEXT
m3sbv1_004083,我确认一下先把这一项记下来，我刚才没听太清楚,LLM_SYNTHETIC_SPOKEN_BASE,SYNTHETIC_TEXT
m3sbv1_004084,他们感觉先别取消我再确认一下，免得后面又要重新弄,LLM_SYNTHETIC_SPOKEN_BASE,SYNTHETIC_TEXT
m3sbv1_004085,她麻烦你帮我听一下这个声音正不正常，免得后面又要重新弄,LLM_SYNTHETIC_SPOKEN_BASE,SYNTHETIC_TEXT
m3sbv1_004086,明天看看前面能不能掉头，我确认完再跟你说,LLM_SYNTHETIC_SPOKEN_BASE,SYNTHETIC_TEXT
m3sbv1_004087,刚才感觉确认一下服务有没有启动我有点不确定,LLM_SYNTHETIC_SPOKEN_BASE,SYNTHETIC_TEXT
m3sbv1_004088,店里一会儿把地址再确认一下别弄错了,LLM_SYNTHETIC_SPOKEN_BASE,SYNTHETIC_TEXT
m3sbv1_004089,他昨天确认一下时间有没有改我再决定,LLM_SYNTHETIC_SPOKEN_BASE,SYNTHETIC_TEXT
m3sbv1_004090,你感觉确认一下灯是不是都关了，免得后面又要重新弄,LLM_SYNTHETIC_SPOKEN_BASE,SYNTHETIC_TEXT
m3sbv1_004091,我们这两天先把这个问题单独记录下来我有点不确定,LLM_SYNTHETIC_SPOKEN_BASE,SYNTHETIC_TEXT
m3sbv1_004092,我估计把刚才那条消息再发我一次，他们这边好安排,LLM_SYNTHETIC_SPOKEN_BASE,SYNTHETIC_TEXT
m3sbv1_004093,麻烦你帮我看看这个零件是不是松了，她这边好安排,LLM_SYNTHETIC_SPOKEN_BASE,SYNTHETIC_TEXT
m3sbv1_004094,到时候帮我问一下还有没有空位，我确认完再跟你说,LLM_SYNTHETIC_SPOKEN_BASE,SYNTHETIC_TEXT
m3sbv1_004095,等一下先别急，看看能不能多拿一条毛巾再继续,LLM_SYNTHETIC_SPOKEN_BASE,SYNTHETIC_TEXT
m3sbv1_004096,店里这两天问一下他们什么时候能到,LLM_SYNTHETIC_SPOKEN_BASE,SYNTHETIC_TEXT
m3sbv1_004097,这两天确认一下轮胎是不是有点软，我确认完再跟你说,LLM_SYNTHETIC_SPOKEN_BASE,SYNTHETIC_TEXT
m3sbv1_004098,今天先别急，帮我找一下充电线放哪了再继续,LLM_SYNTHETIC_SPOKEN_BASE,SYNTHETIC_TEXT
m3sbv1_004099,家里等一下看看有没有不用排队的办法我有点不确定,LLM_SYNTHETIC_SPOKEN_BASE,SYNTHETIC_TEXT
m3sbv1_004100,之前感觉把最新版本发给我看一下,LLM_SYNTHETIC_SPOKEN_BASE,SYNTHETIC_TEXT
m3sbv1_004101,后面等一下告诉我大概还要多久我再决定,LLM_SYNTHETIC_SPOKEN_BASE,SYNTHETIC_TEXT
m3sbv1_004102,一会儿确认一下是不是已经付过了，我确认完再跟你说,LLM_SYNTHETIC_SPOKEN_BASE,SYNTHETIC_TEXT
m3sbv1_004103,我觉得帮我找一下充电线放哪了，前面这边好安排,LLM_SYNTHETIC_SPOKEN_BASE,SYNTHETIC_TEXT
m3sbv1_004104,我们我估计帮我查一下刚才是哪一步失败了，免得后面又要重新弄,LLM_SYNTHETIC_SPOKEN_BASE,SYNTHETIC_TEXT
m3sbv1_004105,前面这边没别的要求，把这个先留着别动就可以,LLM_SYNTHETIC_SPOKEN_BASE,SYNTHETIC_TEXT
m3sbv1_004106,公司应该问一下回来的车几点出发，免得后面又要重新弄,LLM_SYNTHETIC_SPOKEN_BASE,SYNTHETIC_TEXT
m3sbv1_004107,昨天先别急，再检查一遍有没有问题再继续,LLM_SYNTHETIC_SPOKEN_BASE,SYNTHETIC_TEXT
m3sbv1_004108,店里等一下帮我找一下充电线放哪了我再决定,LLM_SYNTHETIC_SPOKEN_BASE,SYNTHETIC_TEXT
m3sbv1_004109,我到时候帮我查一下刚才是哪一步失败了就行,LLM_SYNTHETIC_SPOKEN_BASE,SYNTHETIC_TEXT
m3sbv1_004110,今天先别急，看看这个接口是不是又报错了再继续,LLM_SYNTHETIC_SPOKEN_BASE,SYNTHETIC_TEXT
m3sbv1_004111,好像看看数据是不是重复了，我刚才没听太清楚,LLM_SYNTHETIC_SPOKEN_BASE,SYNTHETIC_TEXT
m3sbv1_004112,之前我估计告诉我大概还要多久我再决定,LLM_SYNTHETIC_SPOKEN_BASE,SYNTHETIC_TEXT
m3sbv1_004113,我想问一下看看导航是不是带错路了，我刚才没听太清楚,LLM_SYNTHETIC_SPOKEN_BASE,SYNTHETIC_TEXT
m3sbv1_004114,我听说确认一下这个功能是不是已经关掉了，这边这边好安排,LLM_SYNTHETIC_SPOKEN_BASE,SYNTHETIC_TEXT
m3sbv1_004115,家里今天看看这个价格有没有包含费用我有点不确定,LLM_SYNTHETIC_SPOKEN_BASE,SYNTHETIC_TEXT
m3sbv1_004116,他我记得看看谁还没有回复，免得后面又要重新弄,LLM_SYNTHETIC_SPOKEN_BASE,SYNTHETIC_TEXT
m3sbv1_004117,这边这边没别的要求，问一下回来的车几点出发就可以,LLM_SYNTHETIC_SPOKEN_BASE,SYNTHETIC_TEXT
m3sbv1_004118,前面看起来告诉我大概还要多久，免得后面又要重新弄,LLM_SYNTHETIC_SPOKEN_BASE,SYNTHETIC_TEXT
m3sbv1_004119,你感觉问一下早餐几点开始，免得后面又要重新弄,LLM_SYNTHETIC_SPOKEN_BASE,SYNTHETIC_TEXT
m3sbv1_004120,我想问一下看看前面是不是要左转，后面这边好安排,LLM_SYNTHETIC_SPOKEN_BASE,SYNTHETIC_TEXT
m3sbv1_004121,到时候看看是不是选错选项了，我确认完再跟你说,LLM_SYNTHETIC_SPOKEN_BASE,SYNTHETIC_TEXT
m3sbv1_004122,先感觉先把旧的那套逻辑放一边我怕等会儿忘了,LLM_SYNTHETIC_SPOKEN_BASE,SYNTHETIC_TEXT
m3sbv1_004123,刚才我听说问一下能不能晚一点回来我怕等会儿忘了,LLM_SYNTHETIC_SPOKEN_BASE,SYNTHETIC_TEXT
m3sbv1_004124,应该帮我确认一下下一站在哪里，现场这边好安排,LLM_SYNTHETIC_SPOKEN_BASE,SYNTHETIC_TEXT
m3sbv1_004125,一会儿看看这个东西应该放哪里，我确认完再跟你说,LLM_SYNTHETIC_SPOKEN_BASE,SYNTHETIC_TEXT
m3sbv1_004126,之前我听说确认一下文件有没有传成功我想先确认清楚,LLM_SYNTHETIC_SPOKEN_BASE,SYNTHETIC_TEXT
m3sbv1_004127,那边今天把这个问题先记到清单里行不行,LLM_SYNTHETIC_SPOKEN_BASE,SYNTHETIC_TEXT
m3sbv1_004128,先可能确认一下退房时间是几点,LLM_SYNTHETIC_SPOKEN_BASE,SYNTHETIC_TEXT
m3sbv1_004129,最近好像确认一下是不是已经付过了我再决定,LLM_SYNTHETIC_SPOKEN_BASE,SYNTHETIC_TEXT
m3sbv1_004130,我记得看看能不能换成小份，我刚才没听太清楚,LLM_SYNTHETIC_SPOKEN_BASE,SYNTHETIC_TEXT
m3sbv1_004131,感觉看看是不是配置没有生效，我刚才没听太清楚,LLM_SYNTHETIC_SPOKEN_BASE,SYNTHETIC_TEXT
m3sbv1_004132,麻烦你看看这个接口是不是又报错了，我刚才没听太清楚,LLM_SYNTHETIC_SPOKEN_BASE,SYNTHETIC_TEXT
m3sbv1_004133,现场现在先把现在的结果保存下来吧,LLM_SYNTHETIC_SPOKEN_BASE,SYNTHETIC_TEXT
m3sbv1_004134,我想问一下确认一下时间有没有改，这边这边好安排,LLM_SYNTHETIC_SPOKEN_BASE,SYNTHETIC_TEXT
m3sbv1_004135,要是方便的话别着急我们按顺序来，不用特意等我,LLM_SYNTHETIC_SPOKEN_BASE,SYNTHETIC_TEXT
m3sbv1_004136,他们这边没别的要求，确认一下要不要提前预约就可以,LLM_SYNTHETIC_SPOKEN_BASE,SYNTHETIC_TEXT
m3sbv1_004137,我确认一下确认一下测试结果有没有更新，公司这边好安排,LLM_SYNTHETIC_SPOKEN_BASE,SYNTHETIC_TEXT
m3sbv1_004138,她我想问一下帮我查一下刚才是哪一步失败了，免得后面又要重新弄,LLM_SYNTHETIC_SPOKEN_BASE,SYNTHETIC_TEXT
m3sbv1_004139,后面最近帮我找一下充电线放哪了,LLM_SYNTHETIC_SPOKEN_BASE,SYNTHETIC_TEXT
m3sbv1_004140,刚才我记得问一下回来的车几点出发可以吗,LLM_SYNTHETIC_SPOKEN_BASE,SYNTHETIC_TEXT
m3sbv1_004141,刚才帮我看看行李放在哪里，我确认完再跟你说,LLM_SYNTHETIC_SPOKEN_BASE,SYNTHETIC_TEXT
m3sbv1_004142,我想问一下确认一下灯是不是都关了，他这边好安排,LLM_SYNTHETIC_SPOKEN_BASE,SYNTHETIC_TEXT
m3sbv1_004143,最近我记得确认一下停车要不要付费是不是,LLM_SYNTHETIC_SPOKEN_BASE,SYNTHETIC_TEXT
m3sbv1_004144,现场这边没别的要求，确认一下是不是已经付过了就可以,LLM_SYNTHETIC_SPOKEN_BASE,SYNTHETIC_TEXT
m3sbv1_004145,现在先别急，看看能不能多拿一条毛巾再继续,LLM_SYNTHETIC_SPOKEN_BASE,SYNTHETIC_TEXT
m3sbv1_004146,他们麻烦你问一下这个能不能少放一点盐，免得后面又要重新弄,LLM_SYNTHETIC_SPOKEN_BASE,SYNTHETIC_TEXT
m3sbv1_004147,店里我想问一下先把这一项记下来，免得后面又要重新弄,LLM_SYNTHETIC_SPOKEN_BASE,SYNTHETIC_TEXT
m3sbv1_004148,你们一会儿告诉我大概还要多久我想先确认清楚,LLM_SYNTHETIC_SPOKEN_BASE,SYNTHETIC_TEXT
m3sbv1_004149,后面刚才看看数据是不是重复了行不行,LLM_SYNTHETIC_SPOKEN_BASE,SYNTHETIC_TEXT
m3sbv1_004150,先确认一下服务有没有启动，我确认完再跟你说,LLM_SYNTHETIC_SPOKEN_BASE,SYNTHETIC_TEXT
m3sbv1_004151,应该问一下回来的车几点出发，他这边好安排,LLM_SYNTHETIC_SPOKEN_BASE,SYNTHETIC_TEXT
m3sbv1_004152,前面应该把刚才那条消息再发我一次，免得后面又要重新弄,LLM_SYNTHETIC_SPOKEN_BASE,SYNTHETIC_TEXT
m3sbv1_004153,我我记得先把这个问题单独记录下来，免得后面又要重新弄,LLM_SYNTHETIC_SPOKEN_BASE,SYNTHETIC_TEXT
m3sbv1_004154,我确认一下帮我问一下还有没有空位，那边这边好安排,LLM_SYNTHETIC_SPOKEN_BASE,SYNTHETIC_TEXT
m3sbv1_004155,我估计确认一下入口是不是在这边，我刚才没听太清楚,LLM_SYNTHETIC_SPOKEN_BASE,SYNTHETIC_TEXT
m3sbv1_004156,店里等一下确认一下灯是不是都关了别弄错了,LLM_SYNTHETIC_SPOKEN_BASE,SYNTHETIC_TEXT
m3sbv1_004157,可能确认一下灯是不是都关了，后面这边好安排,LLM_SYNTHETIC_SPOKEN_BASE,SYNTHETIC_TEXT
m3sbv1_004158,我听说看看还有没有漏掉的步骤，现场这边好安排,LLM_SYNTHETIC_SPOKEN_BASE,SYNTHETIC_TEXT
m3sbv1_004159,店里这边没别的要求，先别取消我再确认一下就可以,LLM_SYNTHETIC_SPOKEN_BASE,SYNTHETIC_TEXT
m3sbv1_004160,她我听说帮我确认一下负责人是谁，免得后面又要重新弄,LLM_SYNTHETIC_SPOKEN_BASE,SYNTHETIC_TEXT
m3sbv1_004161,我们我觉得确认一下测试结果有没有更新，免得后面又要重新弄,LLM_SYNTHETIC_SPOKEN_BASE,SYNTHETIC_TEXT
m3sbv1_004162,这边之前帮我确认一下下一站在哪里可以吗,LLM_SYNTHETIC_SPOKEN_BASE,SYNTHETIC_TEXT
m3sbv1_004163,这边这边没别的要求，问一下这个能不能少放一点盐就可以,LLM_SYNTHETIC_SPOKEN_BASE,SYNTHETIC_TEXT
m3sbv1_004164,家里昨天帮我确认一下字段有没有变吧,LLM_SYNTHETIC_SPOKEN_BASE,SYNTHETIC_TEXT
m3sbv1_004165,麻烦你问一下能不能晚一点回来，我刚才没听太清楚,LLM_SYNTHETIC_SPOKEN_BASE,SYNTHETIC_TEXT
m3sbv1_004166,这边最近帮我把重复的内容删掉,LLM_SYNTHETIC_SPOKEN_BASE,SYNTHETIC_TEXT
m3sbv1_004167,现在应该把刚才说的重点再讲一遍,LLM_SYNTHETIC_SPOKEN_BASE,SYNTHETIC_TEXT
m3sbv1_004168,我想问一下看一下这个是不是放错地方了，我们这边好安排,LLM_SYNTHETIC_SPOKEN_BASE,SYNTHETIC_TEXT
m3sbv1_004169,之前先别急，问一下他们什么时候能到再继续,LLM_SYNTHETIC_SPOKEN_BASE,SYNTHETIC_TEXT
m3sbv1_004170,到时候我确认一下问一下回来的车几点出发我想先确认清楚,LLM_SYNTHETIC_SPOKEN_BASE,SYNTHETIC_TEXT
m3sbv1_004171,那边这边没别的要求，确认一下要不要提前预约就可以,LLM_SYNTHETIC_SPOKEN_BASE,SYNTHETIC_TEXT
m3sbv1_004172,现在看看这个版本是不是最新的，我确认完再跟你说,LLM_SYNTHETIC_SPOKEN_BASE,SYNTHETIC_TEXT
m3sbv1_004173,好像看看这个价格有没有包含费用，后面这边好安排,LLM_SYNTHETIC_SPOKEN_BASE,SYNTHETIC_TEXT
m3sbv1_004174,我感觉帮我看看这个号码对不对，免得后面又要重新弄,LLM_SYNTHETIC_SPOKEN_BASE,SYNTHETIC_TEXT
m3sbv1_004175,家里今天把声音稍微调小一点我有点不确定,LLM_SYNTHETIC_SPOKEN_BASE,SYNTHETIC_TEXT
m3sbv1_004176,我确认一下问一下他们什么时候能到，你们这边好安排,LLM_SYNTHETIC_SPOKEN_BASE,SYNTHETIC_TEXT
m3sbv1_004177,家里我觉得看看这个东西应该放哪里，免得后面又要重新弄,LLM_SYNTHETIC_SPOKEN_BASE,SYNTHETIC_TEXT
m3sbv1_004178,公司看起来再检查一遍有没有问题，免得后面又要重新弄,LLM_SYNTHETIC_SPOKEN_BASE,SYNTHETIC_TEXT
m3sbv1_004179,我们看起来帮我把需要验证的地方列出来，免得后面又要重新弄,LLM_SYNTHETIC_SPOKEN_BASE,SYNTHETIC_TEXT
m3sbv1_004180,他们我记得帮我拿一下旁边那个袋子，免得后面又要重新弄,LLM_SYNTHETIC_SPOKEN_BASE,SYNTHETIC_TEXT
m3sbv1_004181,今天我确认一下看一下这个是不是放错地方了我想先确认清楚,LLM_SYNTHETIC_SPOKEN_BASE,SYNTHETIC_TEXT
m3sbv1_004182,这两天我记得问一下还能不能加一个人我怕等会儿忘了,LLM_SYNTHETIC_SPOKEN_BASE,SYNTHETIC_TEXT
m3sbv1_004183,早一点好像看看前面是不是要左转可以吗,LLM_SYNTHETIC_SPOKEN_BASE,SYNTHETIC_TEXT
m3sbv1_004184,看起来问一下这个能不能少放一点盐，我们这边好安排,LLM_SYNTHETIC_SPOKEN_BASE,SYNTHETIC_TEXT
m3sbv1_004185,你等一下把最新版本发给我看一下我再决定,LLM_SYNTHETIC_SPOKEN_BASE,SYNTHETIC_TEXT
m3sbv1_004186,到时候我估计帮我找一下充电线放哪了我有点不确定,LLM_SYNTHETIC_SPOKEN_BASE,SYNTHETIC_TEXT
m3sbv1_004187,麻烦你帮我确认一下负责人是谁，我刚才没听太清楚,LLM_SYNTHETIC_SPOKEN_BASE,SYNTHETIC_TEXT
m3sbv1_004188,现在先别急，确认一下是不是已经付过了再继续,LLM_SYNTHETIC_SPOKEN_BASE,SYNTHETIC_TEXT
m3sbv1_004189,我觉得看看这个杯子是不是我的，现场这边好安排,LLM_SYNTHETIC_SPOKEN_BASE,SYNTHETIC_TEXT
m3sbv1_004190,好像帮我确认一下字段有没有变，家里这边好安排,LLM_SYNTHETIC_SPOKEN_BASE,SYNTHETIC_TEXT
m3sbv1_004191,感觉告诉我大概还要多久，前面这边好安排,LLM_SYNTHETIC_SPOKEN_BASE,SYNTHETIC_TEXT
m3sbv1_004192,一会儿看看这个杯子是不是我的，我确认完再跟你说,LLM_SYNTHETIC_SPOKEN_BASE,SYNTHETIC_TEXT
m3sbv1_004193,看起来看看谁还没有回复，我刚才没听太清楚,LLM_SYNTHETIC_SPOKEN_BASE,SYNTHETIC_TEXT
m3sbv1_004194,这两天帮我换一个安静一点的位置，我确认完再跟你说,LLM_SYNTHETIC_SPOKEN_BASE,SYNTHETIC_TEXT
m3sbv1_004195,这两天我想问一下问一下能不能晚一点回来我再决定,LLM_SYNTHETIC_SPOKEN_BASE,SYNTHETIC_TEXT
m3sbv1_004196,我听说看看数据是不是重复了，他们这边好安排,LLM_SYNTHETIC_SPOKEN_BASE,SYNTHETIC_TEXT
m3sbv1_004197,你这两天确认一下退房时间是几点行不行,LLM_SYNTHETIC_SPOKEN_BASE,SYNTHETIC_TEXT
m3sbv1_004198,店里刚才帮我把重复的内容删掉我想先确认清楚,LLM_SYNTHETIC_SPOKEN_BASE,SYNTHETIC_TEXT
m3sbv1_004199,这两天麻烦你问一下他们什么时候能到是不是,LLM_SYNTHETIC_SPOKEN_BASE,SYNTHETIC_TEXT
m3sbv1_004200,现场今天确认一下是不是同一个订单我有点不确定,LLM_SYNTHETIC_SPOKEN_BASE,SYNTHETIC_TEXT
m3sbv1_004201,我们我确认一下问一下这个能不能少放一点盐，免得后面又要重新弄,LLM_SYNTHETIC_SPOKEN_BASE,SYNTHETIC_TEXT
m3sbv1_004202,店里现在把刚才那条消息再发我一次行不行,LLM_SYNTHETIC_SPOKEN_BASE,SYNTHETIC_TEXT
m3sbv1_004203,你们我觉得把门先关一下有点冷，免得后面又要重新弄,LLM_SYNTHETIC_SPOKEN_BASE,SYNTHETIC_TEXT
m3sbv1_004204,我听说把刚才说的重点再讲一遍，这边这边好安排,LLM_SYNTHETIC_SPOKEN_BASE,SYNTHETIC_TEXT
m3sbv1_004205,现场等一下确认一下车是不是停在外面我怕等会儿忘了,LLM_SYNTHETIC_SPOKEN_BASE,SYNTHETIC_TEXT
m3sbv1_004206,你晚一点问一下早餐几点开始就行,LLM_SYNTHETIC_SPOKEN_BASE,SYNTHETIC_TEXT
m3sbv1_004207,我早一点确认一下要不要提前预约,LLM_SYNTHETIC_SPOKEN_BASE,SYNTHETIC_TEXT
m3sbv1_004208,晚一点我确认一下确认一下是不是已经下单了是不是,LLM_SYNTHETIC_SPOKEN_BASE,SYNTHETIC_TEXT
m3sbv1_004209,现在可能看看有没有影响到别的模块我怕等会儿忘了,LLM_SYNTHETIC_SPOKEN_BASE,SYNTHETIC_TEXT
m3sbv1_004210,我们可能看看是不是选错选项了，免得后面又要重新弄,LLM_SYNTHETIC_SPOKEN_BASE,SYNTHETIC_TEXT
m3sbv1_004211,这两天先别急，帮我查一下刚才是哪一步失败了再继续,LLM_SYNTHETIC_SPOKEN_BASE,SYNTHETIC_TEXT
m3sbv1_004212,我觉得确认一下测试结果有没有更新，你这边好安排,LLM_SYNTHETIC_SPOKEN_BASE,SYNTHETIC_TEXT
m3sbv1_004213,公司好像帮我看看这个号码对不对，免得后面又要重新弄,LLM_SYNTHETIC_SPOKEN_BASE,SYNTHETIC_TEXT
m3sbv1_004214,我们看起来再检查一遍有没有问题，免得后面又要重新弄,LLM_SYNTHETIC_SPOKEN_BASE,SYNTHETIC_TEXT
m3sbv1_004215,看起来确认一下车是不是停在外面，我这边好安排,LLM_SYNTHETIC_SPOKEN_BASE,SYNTHETIC_TEXT
m3sbv1_004216,晚一点看起来把地址再确认一下我再决定,LLM_SYNTHETIC_SPOKEN_BASE,SYNTHETIC_TEXT
m3sbv1_004217,刚才先别急，确认一下是不是已经下单了再继续,LLM_SYNTHETIC_SPOKEN_BASE,SYNTHETIC_TEXT
m3sbv1_004218,你一会儿看看是不是网络又断了别弄错了,LLM_SYNTHETIC_SPOKEN_BASE,SYNTHETIC_TEXT
m3sbv1_004219,他们我估计看看导航是不是带错路了，免得后面又要重新弄,LLM_SYNTHETIC_SPOKEN_BASE,SYNTHETIC_TEXT
m3sbv1_004220,我觉得看看有没有影响到别的模块，你这边好安排,LLM_SYNTHETIC_SPOKEN_BASE,SYNTHETIC_TEXT
m3sbv1_004221,等一下麻烦你把声音稍微调小一点我想先确认清楚,LLM_SYNTHETIC_SPOKEN_BASE,SYNTHETIC_TEXT
m3sbv1_004222,一会儿先把旧的那套逻辑放一边，我确认完再跟你说,LLM_SYNTHETIC_SPOKEN_BASE,SYNTHETIC_TEXT
m3sbv1_004223,那边之前把最新版本发给我看一下,LLM_SYNTHETIC_SPOKEN_BASE,SYNTHETIC_TEXT
m3sbv1_004224,一会儿好像看看导航是不是带错路了我想先确认清楚,LLM_SYNTHETIC_SPOKEN_BASE,SYNTHETIC_TEXT
m3sbv1_004225,后面我估计把这个问题先记到清单里，免得后面又要重新弄,LLM_SYNTHETIC_SPOKEN_BASE,SYNTHETIC_TEXT
m3sbv1_004226,我们好像先把旧的那套逻辑放一边，免得后面又要重新弄,LLM_SYNTHETIC_SPOKEN_BASE,SYNTHETIC_TEXT
m3sbv1_004227,她这边没别的要求，看看能不能换成小份就可以,LLM_SYNTHETIC_SPOKEN_BASE,SYNTHETIC_TEXT
m3sbv1_004228,我们刚才看看谁还没有回复可以吗,LLM_SYNTHETIC_SPOKEN_BASE,SYNTHETIC_TEXT
m3sbv1_004229,那边这边没别的要求，确认一下是不是从这里集合就可以,LLM_SYNTHETIC_SPOKEN_BASE,SYNTHETIC_TEXT
m3sbv1_004230,好像看看空调能不能调高一点，我这边好安排,LLM_SYNTHETIC_SPOKEN_BASE,SYNTHETIC_TEXT
m3sbv1_004231,公司早一点到的时候给我发个消息我想先确认清楚,LLM_SYNTHETIC_SPOKEN_BASE,SYNTHETIC_TEXT
m3sbv1_004232,到时候我确认一下帮我把水再加一点我怕等会儿忘了,LLM_SYNTHETIC_SPOKEN_BASE,SYNTHETIC_TEXT
m3sbv1_004233,我确认一下看看有没有影响到别的模块，他这边好安排,LLM_SYNTHETIC_SPOKEN_BASE,SYNTHETIC_TEXT
m3sbv1_004234,晚一点看看这个结果和昨天是不是一样，我确认完再跟你说,LLM_SYNTHETIC_SPOKEN_BASE,SYNTHETIC_TEXT
m3sbv1_004235,我想问一下问一下能不能晚一点回来，家里这边好安排,LLM_SYNTHETIC_SPOKEN_BASE,SYNTHETIC_TEXT
m3sbv1_004236,我记得帮我问一下还有没有空位，我刚才没听太清楚,LLM_SYNTHETIC_SPOKEN_BASE,SYNTHETIC_TEXT
m3sbv1_004237,昨天先别急，看看能不能换成小份再继续,LLM_SYNTHETIC_SPOKEN_BASE,SYNTHETIC_TEXT
m3sbv1_004238,我记得帮我确认一下房间准备好了没有，她这边好安排,LLM_SYNTHETIC_SPOKEN_BASE,SYNTHETIC_TEXT
m3sbv1_004239,等一下我听说看看是不是选错选项了我有点不确定,LLM_SYNTHETIC_SPOKEN_BASE,SYNTHETIC_TEXT
m3sbv1_004240,先确认一下这次只改这一部分，我确认完再跟你说,LLM_SYNTHETIC_SPOKEN_BASE,SYNTHETIC_TEXT
m3sbv1_004241,现场这边没别的要求，确认一下服务有没有启动就可以,LLM_SYNTHETIC_SPOKEN_BASE,SYNTHETIC_TEXT
m3sbv1_004242,现场这边没别的要求，确认一下这次只改这一部分就可以,LLM_SYNTHETIC_SPOKEN_BASE,SYNTHETIC_TEXT
m3sbv1_004243,到时候告诉我大概还要多久，我确认完再跟你说,LLM_SYNTHETIC_SPOKEN_BASE,SYNTHETIC_TEXT
m3sbv1_004244,我想问一下帮我拿一下旁边那个袋子，现场这边好安排,LLM_SYNTHETIC_SPOKEN_BASE,SYNTHETIC_TEXT
m3sbv1_004245,看起来确认一下服务有没有启动，家里这边好安排,LLM_SYNTHETIC_SPOKEN_BASE,SYNTHETIC_TEXT
m3sbv1_004246,我昨天把位置发给我我自己过去可以吗,LLM_SYNTHETIC_SPOKEN_BASE,SYNTHETIC_TEXT
m3sbv1_004247,明天先别急，把门先关一下有点冷再继续,LLM_SYNTHETIC_SPOKEN_BASE,SYNTHETIC_TEXT
m3sbv1_004248,一会儿麻烦你确认一下测试结果有没有更新行不行,LLM_SYNTHETIC_SPOKEN_BASE,SYNTHETIC_TEXT
m3sbv1_004249,看起来问一下还能不能加一个人，我们这边好安排,LLM_SYNTHETIC_SPOKEN_BASE,SYNTHETIC_TEXT
m3sbv1_004250,这边好像看看油还够不够，免得后面又要重新弄,LLM_SYNTHETIC_SPOKEN_BASE,SYNTHETIC_TEXT
m3sbv1_004251,我记得确认一下这次只改这一部分，她这边好安排,LLM_SYNTHETIC_SPOKEN_BASE,SYNTHETIC_TEXT
m3sbv1_004252,后面到时候确认一下是不是已经付过了吧,LLM_SYNTHETIC_SPOKEN_BASE,SYNTHETIC_TEXT
m3sbv1_004253,公司昨天确认一下名字有没有写错可以吗,LLM_SYNTHETIC_SPOKEN_BASE,SYNTHETIC_TEXT
m3sbv1_004254,我们可能确认一下服务有没有启动，免得后面又要重新弄,LLM_SYNTHETIC_SPOKEN_BASE,SYNTHETIC_TEXT
m3sbv1_004255,昨天问一下回来的车几点出发，我确认完再跟你说,LLM_SYNTHETIC_SPOKEN_BASE,SYNTHETIC_TEXT
m3sbv1_004256,看起来看看这个版本是不是最新的，现场这边好安排,LLM_SYNTHETIC_SPOKEN_BASE,SYNTHETIC_TEXT
m3sbv1_004257,到时候帮我换一个安静一点的位置，我确认完再跟你说,LLM_SYNTHETIC_SPOKEN_BASE,SYNTHETIC_TEXT
m3sbv1_004258,他最近帮我看看行李放在哪里我想先确认清楚,LLM_SYNTHETIC_SPOKEN_BASE,SYNTHETIC_TEXT
m3sbv1_004259,昨天先别急，把刚才说的重点再讲一遍再继续,LLM_SYNTHETIC_SPOKEN_BASE,SYNTHETIC_TEXT
m3sbv1_004260,他之前看看是不是网络又断了我怕等会儿忘了,LLM_SYNTHETIC_SPOKEN_BASE,SYNTHETIC_TEXT
m3sbv1_004261,我听说帮我看看附近有没有停车位，公司这边好安排,LLM_SYNTHETIC_SPOKEN_BASE,SYNTHETIC_TEXT
m3sbv1_004262,到时候看起来帮我确认一下负责人是谁,LLM_SYNTHETIC_SPOKEN_BASE,SYNTHETIC_TEXT
m3sbv1_004263,前面看起来看看有没有不用排队的办法，免得后面又要重新弄,LLM_SYNTHETIC_SPOKEN_BASE,SYNTHETIC_TEXT
m3sbv1_004264,他这边没别的要求，帮我看看这个号码对不对就可以,LLM_SYNTHETIC_SPOKEN_BASE,SYNTHETIC_TEXT
m3sbv1_004265,我感觉看看这个价格有没有包含费用，免得后面又要重新弄,LLM_SYNTHETIC_SPOKEN_BASE,SYNTHETIC_TEXT
m3sbv1_004266,感觉确认一下车是不是停在外面，现场这边好安排,LLM_SYNTHETIC_SPOKEN_BASE,SYNTHETIC_TEXT
m3sbv1_004267,明天先别急，看看导航是不是带错路了再继续,LLM_SYNTHETIC_SPOKEN_BASE,SYNTHETIC_TEXT
m3sbv1_004268,店里我觉得确认一下退房时间是几点，免得后面又要重新弄,LLM_SYNTHETIC_SPOKEN_BASE,SYNTHETIC_TEXT
m3sbv1_004269,你们我记得帮我看看为什么还没收到，免得后面又要重新弄,LLM_SYNTHETIC_SPOKEN_BASE,SYNTHETIC_TEXT
m3sbv1_004270,现在看看这个杯子是不是我的，我确认完再跟你说,LLM_SYNTHETIC_SPOKEN_BASE,SYNTHETIC_TEXT
m3sbv1_004271,我一会儿确认一下今天是不是正常营业行不行,LLM_SYNTHETIC_SPOKEN_BASE,SYNTHETIC_TEXT
m3sbv1_004272,现在应该帮我看看日志里有没有异常是不是,LLM_SYNTHETIC_SPOKEN_BASE,SYNTHETIC_TEXT
m3sbv1_004273,我想问一下别着急我们按顺序来，我这边好安排,LLM_SYNTHETIC_SPOKEN_BASE,SYNTHETIC_TEXT
m3sbv1_004274,她好像别着急我们按顺序来，免得后面又要重新弄,LLM_SYNTHETIC_SPOKEN_BASE,SYNTHETIC_TEXT
m3sbv1_004275,昨天看看是不是网络又断了，我确认完再跟你说,LLM_SYNTHETIC_SPOKEN_BASE,SYNTHETIC_TEXT
m3sbv1_004276,你们刚才确认一下是不是已经付过了吧,LLM_SYNTHETIC_SPOKEN_BASE,SYNTHETIC_TEXT
m3sbv1_004277,应该看看有没有不用排队的办法，店里这边好安排,LLM_SYNTHETIC_SPOKEN_BASE,SYNTHETIC_TEXT
m3sbv1_004278,我可能确认一下灯是不是都关了，免得后面又要重新弄,LLM_SYNTHETIC_SPOKEN_BASE,SYNTHETIC_TEXT
m3sbv1_004279,可能帮我确认一下下一站在哪里，他这边好安排,LLM_SYNTHETIC_SPOKEN_BASE,SYNTHETIC_TEXT
m3sbv1_004280,她一会儿把位置发给我我自己过去可以吗,LLM_SYNTHETIC_SPOKEN_BASE,SYNTHETIC_TEXT
m3sbv1_004281,问一下回来的车几点出发以后跟我说一声就行,LLM_SYNTHETIC_SPOKEN_BASE,SYNTHETIC_TEXT
m3sbv1_004282,先麻烦你看看能不能换成小份,LLM_SYNTHETIC_SPOKEN_BASE,SYNTHETIC_TEXT
m3sbv1_004283,早一点可能帮我看看日志里有没有异常就行,LLM_SYNTHETIC_SPOKEN_BASE,SYNTHETIC_TEXT
m3sbv1_004284,家里这两天帮我看看这个零件是不是松了就行,LLM_SYNTHETIC_SPOKEN_BASE,SYNTHETIC_TEXT
m3sbv1_004285,前面看起来问一下回来的车几点出发，免得后面又要重新弄,LLM_SYNTHETIC_SPOKEN_BASE,SYNTHETIC_TEXT
m3sbv1_004286,昨天看起来看看能不能换成小份是不是,LLM_SYNTHETIC_SPOKEN_BASE,SYNTHETIC_TEXT
m3sbv1_004287,公司可能问一下早餐几点开始，免得后面又要重新弄,LLM_SYNTHETIC_SPOKEN_BASE,SYNTHETIC_TEXT
m3sbv1_004288,我听说试一下重新打开能不能用，家里这边好安排,LLM_SYNTHETIC_SPOKEN_BASE,SYNTHETIC_TEXT
m3sbv1_004289,明天确认一下这个功能是不是已经关掉了，我确认完再跟你说,LLM_SYNTHETIC_SPOKEN_BASE,SYNTHETIC_TEXT
m3sbv1_004290,前面麻烦你看看钥匙是不是还在车里，免得后面又要重新弄,LLM_SYNTHETIC_SPOKEN_BASE,SYNTHETIC_TEXT
m3sbv1_004291,等一下先别急，看看谁还没有回复再继续,LLM_SYNTHETIC_SPOKEN_BASE,SYNTHETIC_TEXT
m3sbv1_004292,他今天帮我看看日志里有没有异常我想先确认清楚,LLM_SYNTHETIC_SPOKEN_BASE,SYNTHETIC_TEXT
m3sbv1_004293,等一下看看有没有影响到别的模块，我确认完再跟你说,LLM_SYNTHETIC_SPOKEN_BASE,SYNTHETIC_TEXT
m3sbv1_004294,我觉得确认一下服务有没有启动，我刚才没听太清楚,LLM_SYNTHETIC_SPOKEN_BASE,SYNTHETIC_TEXT
m3sbv1_004295,那边我估计帮我确认一下下一站在哪里，免得后面又要重新弄,LLM_SYNTHETIC_SPOKEN_BASE,SYNTHETIC_TEXT
m3sbv1_004296,晚一点好像帮我拿一下旁边那个袋子吧,LLM_SYNTHETIC_SPOKEN_BASE,SYNTHETIC_TEXT
m3sbv1_004297,应该看看前面是不是要左转，现场这边好安排,LLM_SYNTHETIC_SPOKEN_BASE,SYNTHETIC_TEXT
m3sbv1_004298,我们昨天先把现在的结果保存下来行不行,LLM_SYNTHETIC_SPOKEN_BASE,SYNTHETIC_TEXT
m3sbv1_004299,我觉得看看能不能把时间往后挪一点，公司这边好安排,LLM_SYNTHETIC_SPOKEN_BASE,SYNTHETIC_TEXT
m3sbv1_004300,可能帮我看看这个零件是不是松了，后面这边好安排,LLM_SYNTHETIC_SPOKEN_BASE,SYNTHETIC_TEXT
m3sbv1_004301,他昨天帮我把水再加一点我怕等会儿忘了,LLM_SYNTHETIC_SPOKEN_BASE,SYNTHETIC_TEXT
m3sbv1_004302,你这两天看看是不是配置没有生效然后告诉我,LLM_SYNTHETIC_SPOKEN_BASE,SYNTHETIC_TEXT
m3sbv1_004303,现场现在帮我把重复的内容删掉,LLM_SYNTHETIC_SPOKEN_BASE,SYNTHETIC_TEXT
m3sbv1_004304,公司刚才帮我确认一下负责人是谁就行,LLM_SYNTHETIC_SPOKEN_BASE,SYNTHETIC_TEXT
m3sbv1_004305,我听说把位置发给我我自己过去，后面这边好安排,LLM_SYNTHETIC_SPOKEN_BASE,SYNTHETIC_TEXT
m3sbv1_004306,后面我记得看看数据是不是重复了，免得后面又要重新弄,LLM_SYNTHETIC_SPOKEN_BASE,SYNTHETIC_TEXT
m3sbv1_004307,我听说看看有没有更早一点的时间，我刚才没听太清楚,LLM_SYNTHETIC_SPOKEN_BASE,SYNTHETIC_TEXT
m3sbv1_004308,感觉帮我确认一下房间准备好了没有，我刚才没听太清楚,LLM_SYNTHETIC_SPOKEN_BASE,SYNTHETIC_TEXT
m3sbv1_004309,现场一会儿看看这个接口是不是又报错了我再决定,LLM_SYNTHETIC_SPOKEN_BASE,SYNTHETIC_TEXT
m3sbv1_004310,先我听说先等等我马上就过来行不行,LLM_SYNTHETIC_SPOKEN_BASE,SYNTHETIC_TEXT
m3sbv1_004311,今天先别急，看看这个版本是不是最新的再继续,LLM_SYNTHETIC_SPOKEN_BASE,SYNTHETIC_TEXT
m3sbv1_004312,这边等一下看看能不能多拿一条毛巾然后告诉我,LLM_SYNTHETIC_SPOKEN_BASE,SYNTHETIC_TEXT
m3sbv1_004313,昨天先别急，确认一下今天是不是正常营业再继续,LLM_SYNTHETIC_SPOKEN_BASE,SYNTHETIC_TEXT
m3sbv1_004314,先我听说帮我看看行李放在哪里我有点不确定,LLM_SYNTHETIC_SPOKEN_BASE,SYNTHETIC_TEXT
m3sbv1_004315,他们这边没别的要求，问一下回来的车几点出发就可以,LLM_SYNTHETIC_SPOKEN_BASE,SYNTHETIC_TEXT
m3sbv1_004316,好像先别取消我再确认一下，他们这边好安排,LLM_SYNTHETIC_SPOKEN_BASE,SYNTHETIC_TEXT
m3sbv1_004317,最近看看这个版本是不是最新的，我确认完再跟你说,LLM_SYNTHETIC_SPOKEN_BASE,SYNTHETIC_TEXT
m3sbv1_004318,明天我确认一下看看空调能不能调高一点就行,LLM_SYNTHETIC_SPOKEN_BASE,SYNTHETIC_TEXT
m3sbv1_004319,这边现在确认一下名字有没有写错就行,LLM_SYNTHETIC_SPOKEN_BASE,SYNTHETIC_TEXT
m3sbv1_004320,她看起来看看油还够不够，免得后面又要重新弄,LLM_SYNTHETIC_SPOKEN_BASE,SYNTHETIC_TEXT
m3sbv1_004321,我记得看看油还够不够，我刚才没听太清楚,LLM_SYNTHETIC_SPOKEN_BASE,SYNTHETIC_TEXT
m3sbv1_004322,麻烦你到的时候给我发个消息，我刚才没听太清楚,LLM_SYNTHETIC_SPOKEN_BASE,SYNTHETIC_TEXT
m3sbv1_004323,现在看看导航是不是带错路了，我确认完再跟你说,LLM_SYNTHETIC_SPOKEN_BASE,SYNTHETIC_TEXT
m3sbv1_004324,她好像确认一下时间有没有改，免得后面又要重新弄,LLM_SYNTHETIC_SPOKEN_BASE,SYNTHETIC_TEXT
m3sbv1_004325,早一点可能告诉我大概还要多久行不行,LLM_SYNTHETIC_SPOKEN_BASE,SYNTHETIC_TEXT
m3sbv1_004326,昨天感觉确认一下入口是不是在这边是不是,LLM_SYNTHETIC_SPOKEN_BASE,SYNTHETIC_TEXT
m3sbv1_004327,我听说确认一下今天是不是正常营业，这边这边好安排,LLM_SYNTHETIC_SPOKEN_BASE,SYNTHETIC_TEXT
m3sbv1_004328,她应该帮我拿一下旁边那个袋子，免得后面又要重新弄,LLM_SYNTHETIC_SPOKEN_BASE,SYNTHETIC_TEXT
m3sbv1_004329,我想问一下看看能不能多拿一条毛巾，我刚才没听太清楚,LLM_SYNTHETIC_SPOKEN_BASE,SYNTHETIC_TEXT
m3sbv1_004330,应该帮我看看这个号码对不对，店里这边好安排,LLM_SYNTHETIC_SPOKEN_BASE,SYNTHETIC_TEXT
m3sbv1_004331,现在我想问一下看看这个价格有没有包含费用就行,LLM_SYNTHETIC_SPOKEN_BASE,SYNTHETIC_TEXT
m3sbv1_004332,好像看看有没有不用排队的办法，我刚才没听太清楚,LLM_SYNTHETIC_SPOKEN_BASE,SYNTHETIC_TEXT
m3sbv1_004333,那边我确认一下确认一下轮胎是不是有点软，免得后面又要重新弄,LLM_SYNTHETIC_SPOKEN_BASE,SYNTHETIC_TEXT
m3sbv1_004334,感觉帮我问一下还有没有空位，他这边好安排,LLM_SYNTHETIC_SPOKEN_BASE,SYNTHETIC_TEXT
m3sbv1_004335,等一下把这个问题先记到清单里，我确认完再跟你说,LLM_SYNTHETIC_SPOKEN_BASE,SYNTHETIC_TEXT
m3sbv1_004336,刚才我记得看看导航是不是带错路了是不是,LLM_SYNTHETIC_SPOKEN_BASE,SYNTHETIC_TEXT
m3sbv1_004337,这边我听说确认一下车是不是停在外面，免得后面又要重新弄,LLM_SYNTHETIC_SPOKEN_BASE,SYNTHETIC_TEXT
m3sbv1_004338,明天帮我把水再加一点，我确认完再跟你说,LLM_SYNTHETIC_SPOKEN_BASE,SYNTHETIC_TEXT
m3sbv1_004339,那边感觉先把旧的那套逻辑放一边，免得后面又要重新弄,LLM_SYNTHETIC_SPOKEN_BASE,SYNTHETIC_TEXT
m3sbv1_004340,这边最近看看数据是不是重复了吧,LLM_SYNTHETIC_SPOKEN_BASE,SYNTHETIC_TEXT
m3sbv1_004341,后面先确认一下停车要不要付费吧,LLM_SYNTHETIC_SPOKEN_BASE,SYNTHETIC_TEXT
m3sbv1_004342,我记得把这个问题先记到清单里，现场这边好安排,LLM_SYNTHETIC_SPOKEN_BASE,SYNTHETIC_TEXT
m3sbv1_004343,这边今天问一下他们什么时候能到就行,LLM_SYNTHETIC_SPOKEN_BASE,SYNTHETIC_TEXT
m3sbv1_004344,公司现在把声音稍微调小一点就行,LLM_SYNTHETIC_SPOKEN_BASE,SYNTHETIC_TEXT
m3sbv1_004345,家里我记得先等等我马上就过来，免得后面又要重新弄,LLM_SYNTHETIC_SPOKEN_BASE,SYNTHETIC_TEXT
m3sbv1_004346,现在确认一下入口是不是在这边，我确认完再跟你说,LLM_SYNTHETIC_SPOKEN_BASE,SYNTHETIC_TEXT
m3sbv1_004347,你们我确认一下再检查一遍有没有问题，免得后面又要重新弄,LLM_SYNTHETIC_SPOKEN_BASE,SYNTHETIC_TEXT
m3sbv1_004348,麻烦你确认一下时间有没有改，他这边好安排,LLM_SYNTHETIC_SPOKEN_BASE,SYNTHETIC_TEXT
m3sbv1_004349,他一会儿确认一下车是不是停在外面别弄错了,LLM_SYNTHETIC_SPOKEN_BASE,SYNTHETIC_TEXT
m3sbv1_004350,今天好像看看是不是网络又断了可以吗,LLM_SYNTHETIC_SPOKEN_BASE,SYNTHETIC_TEXT
m3sbv1_004351,我听说看看导航是不是带错路了，你们这边好安排,LLM_SYNTHETIC_SPOKEN_BASE,SYNTHETIC_TEXT
m3sbv1_004352,我觉得看看是不是还少了什么，那边这边好安排,LLM_SYNTHETIC_SPOKEN_BASE,SYNTHETIC_TEXT
m3sbv1_004353,我听说帮我把需要验证的地方列出来，他们这边好安排,LLM_SYNTHETIC_SPOKEN_BASE,SYNTHETIC_TEXT
m3sbv1_004354,我这边没别的要求，确认一下这个功能是不是已经关掉了就可以,LLM_SYNTHETIC_SPOKEN_BASE,SYNTHETIC_TEXT
m3sbv1_004355,昨天我记得问一下他们什么时候能到我怕等会儿忘了,LLM_SYNTHETIC_SPOKEN_BASE,SYNTHETIC_TEXT
m3sbv1_004356,我记得帮我看看这个零件是不是松了，那边这边好安排,LLM_SYNTHETIC_SPOKEN_BASE,SYNTHETIC_TEXT
m3sbv1_004357,后面先把地址再确认一下我怕等会儿忘了,LLM_SYNTHETIC_SPOKEN_BASE,SYNTHETIC_TEXT
m3sbv1_004358,你到时候帮我问一下还有没有空位然后告诉我,LLM_SYNTHETIC_SPOKEN_BASE,SYNTHETIC_TEXT
m3sbv1_004359,最近先别急，帮我问一下还有没有空位再继续,LLM_SYNTHETIC_SPOKEN_BASE,SYNTHETIC_TEXT
m3sbv1_004360,现在我听说问一下能不能晚一点回来就行,LLM_SYNTHETIC_SPOKEN_BASE,SYNTHETIC_TEXT
m3sbv1_004361,我估计帮我找一下刚才那个页面，他们这边好安排,LLM_SYNTHETIC_SPOKEN_BASE,SYNTHETIC_TEXT
m3sbv1_004362,这边今天看看能不能换成小份就行,LLM_SYNTHETIC_SPOKEN_BASE,SYNTHETIC_TEXT
m3sbv1_004363,一会儿我估计看看有没有影响到别的模块吧,LLM_SYNTHETIC_SPOKEN_BASE,SYNTHETIC_TEXT
m3sbv1_004364,看起来帮我找一下刚才那个页面，他们这边好安排,LLM_SYNTHETIC_SPOKEN_BASE,SYNTHETIC_TEXT
m3sbv1_004365,这边感觉把刚才说的重点再讲一遍，免得后面又要重新弄,LLM_SYNTHETIC_SPOKEN_BASE,SYNTHETIC_TEXT
m3sbv1_004366,我记得帮我看看这个号码对不对，我刚才没听太清楚,LLM_SYNTHETIC_SPOKEN_BASE,SYNTHETIC_TEXT
m3sbv1_004367,你们可能看看钥匙是不是还在车里，免得后面又要重新弄,LLM_SYNTHETIC_SPOKEN_BASE,SYNTHETIC_TEXT
m3sbv1_004368,现场一会儿确认一下测试结果有没有更新吧,LLM_SYNTHETIC_SPOKEN_BASE,SYNTHETIC_TEXT
m3sbv1_004369,这边现在帮我看看这个号码对不对然后告诉我,LLM_SYNTHETIC_SPOKEN_BASE,SYNTHETIC_TEXT
m3sbv1_004370,刚才可能确认一下是不是从这里集合是不是,LLM_SYNTHETIC_SPOKEN_BASE,SYNTHETIC_TEXT
m3sbv1_004371,我们之前确认一下这个功能是不是已经关掉了是不是,LLM_SYNTHETIC_SPOKEN_BASE,SYNTHETIC_TEXT
m3sbv1_004372,我觉得告诉我大概还要多久，后面这边好安排,LLM_SYNTHETIC_SPOKEN_BASE,SYNTHETIC_TEXT
m3sbv1_004373,他们这两天看看能不能把时间往后挪一点就行,LLM_SYNTHETIC_SPOKEN_BASE,SYNTHETIC_TEXT
m3sbv1_004374,最近感觉把刚才那条消息再发我一次就行,LLM_SYNTHETIC_SPOKEN_BASE,SYNTHETIC_TEXT
m3sbv1_004375,我先把这个先放到后面处理行不行,LLM_SYNTHETIC_SPOKEN_BASE,SYNTHETIC_TEXT
m3sbv1_004376,可能确认一下灯是不是都关了，家里这边好安排,LLM_SYNTHETIC_SPOKEN_BASE,SYNTHETIC_TEXT
m3sbv1_004377,我们我记得把地址再确认一下，免得后面又要重新弄,LLM_SYNTHETIC_SPOKEN_BASE,SYNTHETIC_TEXT
m3sbv1_004378,昨天看起来把最新版本发给我看一下我怕等会儿忘了,LLM_SYNTHETIC_SPOKEN_BASE,SYNTHETIC_TEXT
m3sbv1_004379,后面这两天看看有没有影响到别的模块就行,LLM_SYNTHETIC_SPOKEN_BASE,SYNTHETIC_TEXT
m3sbv1_004380,现场最近把最新版本发给我看一下我怕等会儿忘了,LLM_SYNTHETIC_SPOKEN_BASE,SYNTHETIC_TEXT
m3sbv1_004381,他我听说看看前面是不是要左转，免得后面又要重新弄,LLM_SYNTHETIC_SPOKEN_BASE,SYNTHETIC_TEXT
m3sbv1_004382,家里我估计先等等我马上就过来，免得后面又要重新弄,LLM_SYNTHETIC_SPOKEN_BASE,SYNTHETIC_TEXT
m3sbv1_004383,公司可能看看能不能把时间往后挪一点，免得后面又要重新弄,LLM_SYNTHETIC_SPOKEN_BASE,SYNTHETIC_TEXT
m3sbv1_004384,公司应该看看油还够不够，免得后面又要重新弄,LLM_SYNTHETIC_SPOKEN_BASE,SYNTHETIC_TEXT
m3sbv1_004385,昨天好像把声音稍微调小一点是不是,LLM_SYNTHETIC_SPOKEN_BASE,SYNTHETIC_TEXT
m3sbv1_004386,到时候看起来问一下他们什么时候能到是不是,LLM_SYNTHETIC_SPOKEN_BASE,SYNTHETIC_TEXT
m3sbv1_004387,这两天先别急，看看这个杯子是不是我的再继续,LLM_SYNTHETIC_SPOKEN_BASE,SYNTHETIC_TEXT
m3sbv1_004388,我想问一下确认一下轮胎是不是有点软，我刚才没听太清楚,LLM_SYNTHETIC_SPOKEN_BASE,SYNTHETIC_TEXT
m3sbv1_004389,这两天看看数据是不是重复了，我确认完再跟你说,LLM_SYNTHETIC_SPOKEN_BASE,SYNTHETIC_TEXT
m3sbv1_004390,可能帮我把重复的内容删掉，我刚才没听太清楚,LLM_SYNTHETIC_SPOKEN_BASE,SYNTHETIC_TEXT
m3sbv1_004391,好像看看钥匙是不是还在车里，这边这边好安排,LLM_SYNTHETIC_SPOKEN_BASE,SYNTHETIC_TEXT
m3sbv1_004392,这边看起来确认一下这次只改这一部分，免得后面又要重新弄,LLM_SYNTHETIC_SPOKEN_BASE,SYNTHETIC_TEXT
m3sbv1_004393,到时候帮我看看这个菜里面有没有辣椒，我确认完再跟你说,LLM_SYNTHETIC_SPOKEN_BASE,SYNTHETIC_TEXT
m3sbv1_004394,看起来看看能不能换成小份，后面这边好安排,LLM_SYNTHETIC_SPOKEN_BASE,SYNTHETIC_TEXT
m3sbv1_004395,之前我确认一下看看还有没有漏掉的步骤就行,LLM_SYNTHETIC_SPOKEN_BASE,SYNTHETIC_TEXT
m3sbv1_004396,现场看起来看看有没有不用排队的办法，免得后面又要重新弄,LLM_SYNTHETIC_SPOKEN_BASE,SYNTHETIC_TEXT
m3sbv1_004397,最近先别急，确认一下停车要不要付费再继续,LLM_SYNTHETIC_SPOKEN_BASE,SYNTHETIC_TEXT
m3sbv1_004398,她我想问一下告诉我大概还要多久，免得后面又要重新弄,LLM_SYNTHETIC_SPOKEN_BASE,SYNTHETIC_TEXT
m3sbv1_004399,我昨天帮我看看附近有没有停车位行不行,LLM_SYNTHETIC_SPOKEN_BASE,SYNTHETIC_TEXT
m3sbv1_004400,一会儿先别急，问一下他们什么时候能到再继续,LLM_SYNTHETIC_SPOKEN_BASE,SYNTHETIC_TEXT
m3sbv1_004401,他们我确认一下确认一下会议是不是改到下午了，免得后面又要重新弄,LLM_SYNTHETIC_SPOKEN_BASE,SYNTHETIC_TEXT
m3sbv1_004402,这两天先别急，确认一下这份文件是不是最终版再继续,LLM_SYNTHETIC_SPOKEN_BASE,SYNTHETIC_TEXT
m3sbv1_004403,刚才我觉得帮我看看附近有没有停车位然后告诉我,LLM_SYNTHETIC_SPOKEN_BASE,SYNTHETIC_TEXT
m3sbv1_004404,公司到时候先把旧的那套逻辑放一边行不行,LLM_SYNTHETIC_SPOKEN_BASE,SYNTHETIC_TEXT
m3sbv1_004405,等一下我记得确认一下服务有没有启动我再决定,LLM_SYNTHETIC_SPOKEN_BASE,SYNTHETIC_TEXT
m3sbv1_004406,看起来帮我看看这个菜里面有没有辣椒，他们这边好安排,LLM_SYNTHETIC_SPOKEN_BASE,SYNTHETIC_TEXT
m3sbv1_004407,公司我觉得别着急我们按顺序来，免得后面又要重新弄,LLM_SYNTHETIC_SPOKEN_BASE,SYNTHETIC_TEXT
m3sbv1_004408,他这边没别的要求，看看油还够不够就可以,LLM_SYNTHETIC_SPOKEN_BASE,SYNTHETIC_TEXT
m3sbv1_004409,这边等一下看看这个结果和昨天是不是一样,LLM_SYNTHETIC_SPOKEN_BASE,SYNTHETIC_TEXT
m3sbv1_004410,公司这边没别的要求，看看钥匙是不是还在车里就可以,LLM_SYNTHETIC_SPOKEN_BASE,SYNTHETIC_TEXT
m3sbv1_004411,你们这边没别的要求，先把这个问题单独记录下来就可以,LLM_SYNTHETIC_SPOKEN_BASE,SYNTHETIC_TEXT
m3sbv1_004412,你这边没别的要求，告诉我大概还要多久就可以,LLM_SYNTHETIC_SPOKEN_BASE,SYNTHETIC_TEXT
m3sbv1_004413,你感觉先把现在的结果保存下来，免得后面又要重新弄,LLM_SYNTHETIC_SPOKEN_BASE,SYNTHETIC_TEXT
m3sbv1_004414,明天我估计把声音稍微调小一点我再决定,LLM_SYNTHETIC_SPOKEN_BASE,SYNTHETIC_TEXT
m3sbv1_004415,店里应该看看前面是不是要左转，免得后面又要重新弄,LLM_SYNTHETIC_SPOKEN_BASE,SYNTHETIC_TEXT
m3sbv1_004416,这两天可能把声音稍微调小一点我想先确认清楚,LLM_SYNTHETIC_SPOKEN_BASE,SYNTHETIC_TEXT
m3sbv1_004417,这边这边没别的要求，看看空调能不能调高一点就可以,LLM_SYNTHETIC_SPOKEN_BASE,SYNTHETIC_TEXT
m3sbv1_004418,我听说看看这个杯子是不是我的，店里这边好安排,LLM_SYNTHETIC_SPOKEN_BASE,SYNTHETIC_TEXT
m3sbv1_004419,她今天看看是不是配置没有生效可以吗,LLM_SYNTHETIC_SPOKEN_BASE,SYNTHETIC_TEXT
m3sbv1_004420,现场到时候确认一下测试结果有没有更新然后告诉我,LLM_SYNTHETIC_SPOKEN_BASE,SYNTHETIC_TEXT
m3sbv1_004421,我觉得把刚才说的重点再讲一遍，我刚才没听太清楚,LLM_SYNTHETIC_SPOKEN_BASE,SYNTHETIC_TEXT
m3sbv1_004422,最近先别急，帮我确认一下房间准备好了没有再继续,LLM_SYNTHETIC_SPOKEN_BASE,SYNTHETIC_TEXT
m3sbv1_004423,麻烦你问一下这个能不能少放一点盐，家里这边好安排,LLM_SYNTHETIC_SPOKEN_BASE,SYNTHETIC_TEXT
m3sbv1_004424,他们这边没别的要求，别着急我们按顺序来就可以,LLM_SYNTHETIC_SPOKEN_BASE,SYNTHETIC_TEXT
m3sbv1_004425,你们感觉看看还有没有漏掉的步骤，免得后面又要重新弄,LLM_SYNTHETIC_SPOKEN_BASE,SYNTHETIC_TEXT
m3sbv1_004426,最近看看前面能不能掉头，我确认完再跟你说,LLM_SYNTHETIC_SPOKEN_BASE,SYNTHETIC_TEXT
m3sbv1_004427,可能试一下重新打开能不能用，他们这边好安排,LLM_SYNTHETIC_SPOKEN_BASE,SYNTHETIC_TEXT
m3sbv1_004428,你们刚才帮我看看这个号码对不对吧,LLM_SYNTHETIC_SPOKEN_BASE,SYNTHETIC_TEXT
m3sbv1_004429,她我听说看看前面是不是要左转，免得后面又要重新弄,LLM_SYNTHETIC_SPOKEN_BASE,SYNTHETIC_TEXT
m3sbv1_004430,先先别急，把这个问题先记到清单里再继续,LLM_SYNTHETIC_SPOKEN_BASE,SYNTHETIC_TEXT
m3sbv1_004431,晚一点麻烦你帮我看看为什么还没收到我怕等会儿忘了,LLM_SYNTHETIC_SPOKEN_BASE,SYNTHETIC_TEXT
m3sbv1_004432,你们我确认一下把这个问题先记到清单里，免得后面又要重新弄,LLM_SYNTHETIC_SPOKEN_BASE,SYNTHETIC_TEXT
m3sbv1_004433,我我听说看一下这个是不是放错地方了，免得后面又要重新弄,LLM_SYNTHETIC_SPOKEN_BASE,SYNTHETIC_TEXT
m3sbv1_004434,那边这两天看看能不能换成小份是不是,LLM_SYNTHETIC_SPOKEN_BASE,SYNTHETIC_TEXT
m3sbv1_004435,我一会儿看看前面是不是要左转我想先确认清楚,LLM_SYNTHETIC_SPOKEN_BASE,SYNTHETIC_TEXT
m3sbv1_004436,他晚一点确认一下停车要不要付费行不行,LLM_SYNTHETIC_SPOKEN_BASE,SYNTHETIC_TEXT
m3sbv1_004437,明天应该把声音稍微调小一点行不行,LLM_SYNTHETIC_SPOKEN_BASE,SYNTHETIC_TEXT
m3sbv1_004438,你我确认一下看看这个东西应该放哪里，免得后面又要重新弄,LLM_SYNTHETIC_SPOKEN_BASE,SYNTHETIC_TEXT
m3sbv1_004439,公司这边没别的要求，帮我查一下刚才是哪一步失败了就可以,LLM_SYNTHETIC_SPOKEN_BASE,SYNTHETIC_TEXT
m3sbv1_004440,早一点先别急，把这个问题先记到清单里再继续,LLM_SYNTHETIC_SPOKEN_BASE,SYNTHETIC_TEXT
m3sbv1_004441,你们我觉得帮我换一个安静一点的位置，免得后面又要重新弄,LLM_SYNTHETIC_SPOKEN_BASE,SYNTHETIC_TEXT
m3sbv1_004442,你早一点把地址再确认一下我再决定,LLM_SYNTHETIC_SPOKEN_BASE,SYNTHETIC_TEXT
m3sbv1_004443,家里我听说问一下早餐几点开始，免得后面又要重新弄,LLM_SYNTHETIC_SPOKEN_BASE,SYNTHETIC_TEXT
m3sbv1_004444,之前看起来问一下他们什么时候能到我想先确认清楚,LLM_SYNTHETIC_SPOKEN_BASE,SYNTHETIC_TEXT
m3sbv1_004445,帮我看看这个菜里面有没有辣椒以后跟我说一声就行,LLM_SYNTHETIC_SPOKEN_BASE,SYNTHETIC_TEXT
m3sbv1_004446,早一点问一下早餐几点开始，我确认完再跟你说,LLM_SYNTHETIC_SPOKEN_BASE,SYNTHETIC_TEXT
m3sbv1_004447,他这两天看看油还够不够就行,LLM_SYNTHETIC_SPOKEN_BASE,SYNTHETIC_TEXT
m3sbv1_004448,这两天我估计帮我听一下这个声音正不正常就行,LLM_SYNTHETIC_SPOKEN_BASE,SYNTHETIC_TEXT
m3sbv1_004449,家里好像看看这个杯子是不是我的，免得后面又要重新弄,LLM_SYNTHETIC_SPOKEN_BASE,SYNTHETIC_TEXT
m3sbv1_004450,公司我想问一下看看这个价格有没有包含费用，免得后面又要重新弄,LLM_SYNTHETIC_SPOKEN_BASE,SYNTHETIC_TEXT
m3sbv1_004451,后面今天问一下回来的车几点出发然后告诉我,LLM_SYNTHETIC_SPOKEN_BASE,SYNTHETIC_TEXT
m3sbv1_004452,之前应该帮我查一下刚才是哪一步失败了别弄错了,LLM_SYNTHETIC_SPOKEN_BASE,SYNTHETIC_TEXT
m3sbv1_004453,公司麻烦你问一下能不能晚一点回来，免得后面又要重新弄,LLM_SYNTHETIC_SPOKEN_BASE,SYNTHETIC_TEXT
m3sbv1_004454,后面等一下帮我看看附近有没有停车位我怕等会儿忘了,LLM_SYNTHETIC_SPOKEN_BASE,SYNTHETIC_TEXT
m3sbv1_004455,公司这两天帮我确认一下房间准备好了没有行不行,LLM_SYNTHETIC_SPOKEN_BASE,SYNTHETIC_TEXT
m3sbv1_004456,刚才感觉确认一下名字有没有写错是不是,LLM_SYNTHETIC_SPOKEN_BASE,SYNTHETIC_TEXT
m3sbv1_004457,先可能看看这个结果和昨天是不是一样然后告诉我,LLM_SYNTHETIC_SPOKEN_BASE,SYNTHETIC_TEXT
m3sbv1_004458,今天好像别着急我们按顺序来我怕等会儿忘了,LLM_SYNTHETIC_SPOKEN_BASE,SYNTHETIC_TEXT
m3sbv1_004459,我确认一下帮我看看日志里有没有异常，公司这边好安排,LLM_SYNTHETIC_SPOKEN_BASE,SYNTHETIC_TEXT
m3sbv1_004460,一会儿我确认一下确认一下退房时间是几点可以吗,LLM_SYNTHETIC_SPOKEN_BASE,SYNTHETIC_TEXT
m3sbv1_004461,后面我确认一下确认一下要不要提前预约，免得后面又要重新弄,LLM_SYNTHETIC_SPOKEN_BASE,SYNTHETIC_TEXT
m3sbv1_004462,我确认一下先把这个问题单独记录下来，我刚才没听太清楚,LLM_SYNTHETIC_SPOKEN_BASE,SYNTHETIC_TEXT
m3sbv1_004463,现场感觉确认一下文件有没有传成功，免得后面又要重新弄,LLM_SYNTHETIC_SPOKEN_BASE,SYNTHETIC_TEXT
m3sbv1_004464,他们我估计别着急我们按顺序来，免得后面又要重新弄,LLM_SYNTHETIC_SPOKEN_BASE,SYNTHETIC_TEXT
m3sbv1_004465,到时候我确认一下把声音稍微调小一点我怕等会儿忘了,LLM_SYNTHETIC_SPOKEN_BASE,SYNTHETIC_TEXT
m3sbv1_004466,先好像确认一下灯是不是都关了我想先确认清楚,LLM_SYNTHETIC_SPOKEN_BASE,SYNTHETIC_TEXT
m3sbv1_004467,昨天先别急，确认一下是不是已经付过了再继续,LLM_SYNTHETIC_SPOKEN_BASE,SYNTHETIC_TEXT
m3sbv1_004468,先我记得帮我看看这个零件是不是松了然后告诉我,LLM_SYNTHETIC_SPOKEN_BASE,SYNTHETIC_TEXT
m3sbv1_004469,之前帮我确认一下下一站在哪里，我确认完再跟你说,LLM_SYNTHETIC_SPOKEN_BASE,SYNTHETIC_TEXT
m3sbv1_004470,最近可能看看前面是不是要左转我想先确认清楚,LLM_SYNTHETIC_SPOKEN_BASE,SYNTHETIC_TEXT
m3sbv1_004471,晚一点应该帮我看看这个号码对不对行不行,LLM_SYNTHETIC_SPOKEN_BASE,SYNTHETIC_TEXT
m3sbv1_004472,后面一会儿看看还有没有漏掉的步骤,LLM_SYNTHETIC_SPOKEN_BASE,SYNTHETIC_TEXT
m3sbv1_004473,她一会儿把门先关一下有点冷我怕等会儿忘了,LLM_SYNTHETIC_SPOKEN_BASE,SYNTHETIC_TEXT
m3sbv1_004474,我记得告诉我大概还要多久，我刚才没听太清楚,LLM_SYNTHETIC_SPOKEN_BASE,SYNTHETIC_TEXT
m3sbv1_004475,这两天先别急，帮我看看为什么还没收到再继续,LLM_SYNTHETIC_SPOKEN_BASE,SYNTHETIC_TEXT
m3sbv1_004476,家里这两天告诉我大概还要多久可以吗,LLM_SYNTHETIC_SPOKEN_BASE,SYNTHETIC_TEXT
m3sbv1_004477,刚才我想问一下看看导航是不是带错路了行不行,LLM_SYNTHETIC_SPOKEN_BASE,SYNTHETIC_TEXT
m3sbv1_004478,她今天确认一下文件有没有传成功是不是,LLM_SYNTHETIC_SPOKEN_BASE,SYNTHETIC_TEXT
m3sbv1_004479,一会儿帮我问一下还有没有空位，我确认完再跟你说,LLM_SYNTHETIC_SPOKEN_BASE,SYNTHETIC_TEXT
m3sbv1_004480,刚才确认一下服务有没有启动，我确认完再跟你说,LLM_SYNTHETIC_SPOKEN_BASE,SYNTHETIC_TEXT
m3sbv1_004481,最近我听说把位置发给我我自己过去我有点不确定,LLM_SYNTHETIC_SPOKEN_BASE,SYNTHETIC_TEXT
m3sbv1_004482,后面这边没别的要求，看看谁还没有回复就可以,LLM_SYNTHETIC_SPOKEN_BASE,SYNTHETIC_TEXT
m3sbv1_004483,你到时候试一下重新打开能不能用我有点不确定,LLM_SYNTHETIC_SPOKEN_BASE,SYNTHETIC_TEXT
m3sbv1_004484,我听说看看空调能不能调高一点，我刚才没听太清楚,LLM_SYNTHETIC_SPOKEN_BASE,SYNTHETIC_TEXT
m3sbv1_004485,他们明天看看钥匙是不是还在车里可以吗,LLM_SYNTHETIC_SPOKEN_BASE,SYNTHETIC_TEXT
m3sbv1_004486,应该确认一下服务有没有启动，她这边好安排,LLM_SYNTHETIC_SPOKEN_BASE,SYNTHETIC_TEXT
m3sbv1_004487,一会儿我估计帮我看看这个号码对不对可以吗,LLM_SYNTHETIC_SPOKEN_BASE,SYNTHETIC_TEXT
m3sbv1_004488,现场最近先把现在的结果保存下来可以吗,LLM_SYNTHETIC_SPOKEN_BASE,SYNTHETIC_TEXT
m3sbv1_004489,先先别取消我再确认一下，我确认完再跟你说,LLM_SYNTHETIC_SPOKEN_BASE,SYNTHETIC_TEXT
m3sbv1_004490,这边我觉得帮我问一下现在还能不能改，免得后面又要重新弄,LLM_SYNTHETIC_SPOKEN_BASE,SYNTHETIC_TEXT
m3sbv1_004491,到时候帮我把水再加一点，我确认完再跟你说,LLM_SYNTHETIC_SPOKEN_BASE,SYNTHETIC_TEXT
m3sbv1_004492,家里这边没别的要求，确认一下文件有没有传成功就可以,LLM_SYNTHETIC_SPOKEN_BASE,SYNTHETIC_TEXT
m3sbv1_004493,现在我想问一下看看数据是不是重复了行不行,LLM_SYNTHETIC_SPOKEN_BASE,SYNTHETIC_TEXT
m3sbv1_004494,我现在先等等我马上就过来就行,LLM_SYNTHETIC_SPOKEN_BASE,SYNTHETIC_TEXT
m3sbv1_004495,那边这边没别的要求，看看导航是不是带错路了就可以,LLM_SYNTHETIC_SPOKEN_BASE,SYNTHETIC_TEXT
m3sbv1_004496,前面好像看看钥匙是不是还在车里，免得后面又要重新弄,LLM_SYNTHETIC_SPOKEN_BASE,SYNTHETIC_TEXT
m3sbv1_004497,明天感觉确认一下是不是同一个订单我再决定,LLM_SYNTHETIC_SPOKEN_BASE,SYNTHETIC_TEXT
m3sbv1_004498,公司麻烦你把位置发给我我自己过去，免得后面又要重新弄,LLM_SYNTHETIC_SPOKEN_BASE,SYNTHETIC_TEXT
m3sbv1_004499,这边明天确认一下名字有没有写错我再决定,LLM_SYNTHETIC_SPOKEN_BASE,SYNTHETIC_TEXT
m3sbv1_004500,她我觉得告诉我大概还要多久，免得后面又要重新弄,LLM_SYNTHETIC_SPOKEN_BASE,SYNTHETIC_TEXT
m3sbv1_004501,店里这边没别的要求，帮我看看日志里有没有异常就可以,LLM_SYNTHETIC_SPOKEN_BASE,SYNTHETIC_TEXT
m3sbv1_004502,之前应该确认一下是不是从这里集合我想先确认清楚,LLM_SYNTHETIC_SPOKEN_BASE,SYNTHETIC_TEXT
m3sbv1_004503,家里这边没别的要求，看看谁还没有回复就可以,LLM_SYNTHETIC_SPOKEN_BASE,SYNTHETIC_TEXT
m3sbv1_004504,明天我确认一下帮我问一下还有没有空位别弄错了,LLM_SYNTHETIC_SPOKEN_BASE,SYNTHETIC_TEXT
m3sbv1_004505,他们感觉确认一下是不是同一个订单，免得后面又要重新弄,LLM_SYNTHETIC_SPOKEN_BASE,SYNTHETIC_TEXT
m3sbv1_004506,你这边没别的要求，看看是不是选错选项了就可以,LLM_SYNTHETIC_SPOKEN_BASE,SYNTHETIC_TEXT
m3sbv1_004507,我想问一下先把这一项记下来，我刚才没听太清楚,LLM_SYNTHETIC_SPOKEN_BASE,SYNTHETIC_TEXT
m3sbv1_004508,家里我听说帮我问一下还有没有空位，免得后面又要重新弄,LLM_SYNTHETIC_SPOKEN_BASE,SYNTHETIC_TEXT
m3sbv1_004509,我先看看导航是不是带错路了可以吗,LLM_SYNTHETIC_SPOKEN_BASE,SYNTHETIC_TEXT
m3sbv1_004510,她这边没别的要求，帮我确认一下字段有没有变就可以,LLM_SYNTHETIC_SPOKEN_BASE,SYNTHETIC_TEXT
m3sbv1_004511,公司等一下帮我换一个安静一点的位置吧,LLM_SYNTHETIC_SPOKEN_BASE,SYNTHETIC_TEXT
m3sbv1_004512,这边这边没别的要求，看看能不能换成小份就可以,LLM_SYNTHETIC_SPOKEN_BASE,SYNTHETIC_TEXT
m3sbv1_004513,现场明天看看有没有不用排队的办法是不是,LLM_SYNTHETIC_SPOKEN_BASE,SYNTHETIC_TEXT
m3sbv1_004514,这两天麻烦你帮我找一下充电线放哪了我有点不确定,LLM_SYNTHETIC_SPOKEN_BASE,SYNTHETIC_TEXT
m3sbv1_004515,之前先别急，确认一下今天是不是正常营业再继续,LLM_SYNTHETIC_SPOKEN_BASE,SYNTHETIC_TEXT
m3sbv1_004516,这边我估计问一下能不能晚一点回来，免得后面又要重新弄,LLM_SYNTHETIC_SPOKEN_BASE,SYNTHETIC_TEXT
m3sbv1_004517,我一会儿看看是不是配置没有生效吧,LLM_SYNTHETIC_SPOKEN_BASE,SYNTHETIC_TEXT
m3sbv1_004518,后面这边没别的要求，把最新版本发给我看一下就可以,LLM_SYNTHETIC_SPOKEN_BASE,SYNTHETIC_TEXT
m3sbv1_004519,应该问一下回来的车几点出发，我刚才没听太清楚,LLM_SYNTHETIC_SPOKEN_BASE,SYNTHETIC_TEXT
m3sbv1_004520,这边感觉问一下能不能晚一点回来，免得后面又要重新弄,LLM_SYNTHETIC_SPOKEN_BASE,SYNTHETIC_TEXT
m3sbv1_004521,我记得看看这个接口是不是又报错了，这边这边好安排,LLM_SYNTHETIC_SPOKEN_BASE,SYNTHETIC_TEXT
m3sbv1_004522,现在确认一下这次只改这一部分，我确认完再跟你说,LLM_SYNTHETIC_SPOKEN_BASE,SYNTHETIC_TEXT
m3sbv1_004523,他之前看看前面能不能掉头,LLM_SYNTHETIC_SPOKEN_BASE,SYNTHETIC_TEXT
m3sbv1_004524,最近我听说问一下早餐几点开始,LLM_SYNTHETIC_SPOKEN_BASE,SYNTHETIC_TEXT
m3sbv1_004525,现场好像确认一下要不要提前预约，免得后面又要重新弄,LLM_SYNTHETIC_SPOKEN_BASE,SYNTHETIC_TEXT
m3sbv1_004526,看起来把刚才那条消息再发我一次，我刚才没听太清楚,LLM_SYNTHETIC_SPOKEN_BASE,SYNTHETIC_TEXT
m3sbv1_004527,看起来确认一下是不是同一个订单，公司这边好安排,LLM_SYNTHETIC_SPOKEN_BASE,SYNTHETIC_TEXT
m3sbv1_004528,我觉得确认一下入口是不是在这边，我刚才没听太清楚,LLM_SYNTHETIC_SPOKEN_BASE,SYNTHETIC_TEXT
m3sbv1_004529,明天麻烦你看看能不能把时间往后挪一点然后告诉我,LLM_SYNTHETIC_SPOKEN_BASE,SYNTHETIC_TEXT
m3sbv1_004530,后面我听说帮我听一下这个声音正不正常，免得后面又要重新弄,LLM_SYNTHETIC_SPOKEN_BASE,SYNTHETIC_TEXT
m3sbv1_004531,我最近确认一下入口是不是在这边然后告诉我,LLM_SYNTHETIC_SPOKEN_BASE,SYNTHETIC_TEXT
m3sbv1_004532,要是方便的话把这个先放到后面处理，不用特意等我,LLM_SYNTHETIC_SPOKEN_BASE,SYNTHETIC_TEXT
m3sbv1_004533,明天好像帮我看看附近有没有停车位我怕等会儿忘了,LLM_SYNTHETIC_SPOKEN_BASE,SYNTHETIC_TEXT
m3sbv1_004534,好像确认一下灯是不是都关了，家里这边好安排,LLM_SYNTHETIC_SPOKEN_BASE,SYNTHETIC_TEXT
m3sbv1_004535,好像看看这个杯子是不是我的，我们这边好安排,LLM_SYNTHETIC_SPOKEN_BASE,SYNTHETIC_TEXT
m3sbv1_004536,那边好像别着急我们按顺序来，免得后面又要重新弄,LLM_SYNTHETIC_SPOKEN_BASE,SYNTHETIC_TEXT
m3sbv1_004537,昨天我听说看看前面能不能掉头行不行,LLM_SYNTHETIC_SPOKEN_BASE,SYNTHETIC_TEXT
m3sbv1_004538,现场这边没别的要求，看看还有没有漏掉的步骤就可以,LLM_SYNTHETIC_SPOKEN_BASE,SYNTHETIC_TEXT
m3sbv1_004539,那边好像把这个先留着别动，免得后面又要重新弄,LLM_SYNTHETIC_SPOKEN_BASE,SYNTHETIC_TEXT
m3sbv1_004540,最近先别急，把这个先放到后面处理再继续,LLM_SYNTHETIC_SPOKEN_BASE,SYNTHETIC_TEXT
m3sbv1_004541,现在我估计确认一下是不是从这里集合我怕等会儿忘了,LLM_SYNTHETIC_SPOKEN_BASE,SYNTHETIC_TEXT
m3sbv1_004542,你们这边没别的要求，确认一下灯是不是都关了就可以,LLM_SYNTHETIC_SPOKEN_BASE,SYNTHETIC_TEXT
m3sbv1_004543,家里明天看看能不能换成小份,LLM_SYNTHETIC_SPOKEN_BASE,SYNTHETIC_TEXT
m3sbv1_004544,刚才先别急，帮我把水再加一点再继续,LLM_SYNTHETIC_SPOKEN_BASE,SYNTHETIC_TEXT
m3sbv1_004545,前面我确认一下把最新版本发给我看一下，免得后面又要重新弄,LLM_SYNTHETIC_SPOKEN_BASE,SYNTHETIC_TEXT
m3sbv1_004546,明天帮我确认一下字段有没有变，我确认完再跟你说,LLM_SYNTHETIC_SPOKEN_BASE,SYNTHETIC_TEXT
m3sbv1_004547,好像到的时候给我发个消息，后面这边好安排,LLM_SYNTHETIC_SPOKEN_BASE,SYNTHETIC_TEXT
m3sbv1_004548,今天我确认一下看看有没有更早一点的时间是不是,LLM_SYNTHETIC_SPOKEN_BASE,SYNTHETIC_TEXT
m3sbv1_004549,我确认一下到的时候给我发个消息，现场这边好安排,LLM_SYNTHETIC_SPOKEN_BASE,SYNTHETIC_TEXT
m3sbv1_004550,麻烦你看看能不能多拿一条毛巾，我们这边好安排,LLM_SYNTHETIC_SPOKEN_BASE,SYNTHETIC_TEXT
m3sbv1_004551,店里最近帮我找一下充电线放哪了是不是,LLM_SYNTHETIC_SPOKEN_BASE,SYNTHETIC_TEXT
m3sbv1_004552,先看看能不能换成小份，我确认完再跟你说,LLM_SYNTHETIC_SPOKEN_BASE,SYNTHETIC_TEXT
m3sbv1_004553,之前感觉先等等我马上就过来别弄错了,LLM_SYNTHETIC_SPOKEN_BASE,SYNTHETIC_TEXT
m3sbv1_004554,可能先别取消我再确认一下，我刚才没听太清楚,LLM_SYNTHETIC_SPOKEN_BASE,SYNTHETIC_TEXT
m3sbv1_004555,店里到时候帮我看看这个菜里面有没有辣椒我再决定,LLM_SYNTHETIC_SPOKEN_BASE,SYNTHETIC_TEXT
m3sbv1_004556,后面到时候看看钥匙是不是还在车里别弄错了,LLM_SYNTHETIC_SPOKEN_BASE,SYNTHETIC_TEXT
m3sbv1_004557,你刚才看看前面是不是要左转就行,LLM_SYNTHETIC_SPOKEN_BASE,SYNTHETIC_TEXT
m3sbv1_004558,前面早一点帮我拿一下旁边那个袋子我再决定,LLM_SYNTHETIC_SPOKEN_BASE,SYNTHETIC_TEXT
m3sbv1_004559,家里最近把位置发给我我自己过去吧,LLM_SYNTHETIC_SPOKEN_BASE,SYNTHETIC_TEXT
m3sbv1_004560,好像看看前面是不是要左转，店里这边好安排,LLM_SYNTHETIC_SPOKEN_BASE,SYNTHETIC_TEXT
m3sbv1_004561,店里我听说帮我看看这个零件是不是松了，免得后面又要重新弄,LLM_SYNTHETIC_SPOKEN_BASE,SYNTHETIC_TEXT
m3sbv1_004562,应该看看是不是网络又断了，她这边好安排,LLM_SYNTHETIC_SPOKEN_BASE,SYNTHETIC_TEXT
m3sbv1_004563,你麻烦你帮我确认一下下一站在哪里，免得后面又要重新弄,LLM_SYNTHETIC_SPOKEN_BASE,SYNTHETIC_TEXT
m3sbv1_004564,可能帮我确认一下字段有没有变，我刚才没听太清楚,LLM_SYNTHETIC_SPOKEN_BASE,SYNTHETIC_TEXT
m3sbv1_004565,家里感觉确认一下轮胎是不是有点软，免得后面又要重新弄,LLM_SYNTHETIC_SPOKEN_BASE,SYNTHETIC_TEXT
m3sbv1_004566,店里我觉得确认一下测试结果有没有更新，免得后面又要重新弄,LLM_SYNTHETIC_SPOKEN_BASE,SYNTHETIC_TEXT
m3sbv1_004567,你们感觉看看能不能把时间往后挪一点，免得后面又要重新弄,LLM_SYNTHETIC_SPOKEN_BASE,SYNTHETIC_TEXT
m3sbv1_004568,你这边没别的要求，确认一下文件有没有传成功就可以,LLM_SYNTHETIC_SPOKEN_BASE,SYNTHETIC_TEXT
m3sbv1_004569,你一会儿确认一下这份文件是不是最终版,LLM_SYNTHETIC_SPOKEN_BASE,SYNTHETIC_TEXT
m3sbv1_004570,现在我觉得确认一下这份文件是不是最终版可以吗,LLM_SYNTHETIC_SPOKEN_BASE,SYNTHETIC_TEXT
m3sbv1_004571,早一点问一下回来的车几点出发，我确认完再跟你说,LLM_SYNTHETIC_SPOKEN_BASE,SYNTHETIC_TEXT
m3sbv1_004572,晚一点看起来把声音稍微调小一点我想先确认清楚,LLM_SYNTHETIC_SPOKEN_BASE,SYNTHETIC_TEXT
m3sbv1_004573,她晚一点问一下能不能晚一点回来就行,LLM_SYNTHETIC_SPOKEN_BASE,SYNTHETIC_TEXT
m3sbv1_004574,到时候应该看看是不是网络又断了可以吗,LLM_SYNTHETIC_SPOKEN_BASE,SYNTHETIC_TEXT
m3sbv1_004575,你之前把门先关一下有点冷我想先确认清楚,LLM_SYNTHETIC_SPOKEN_BASE,SYNTHETIC_TEXT
m3sbv1_004576,我记得帮我看看为什么还没收到，家里这边好安排,LLM_SYNTHETIC_SPOKEN_BASE,SYNTHETIC_TEXT
m3sbv1_004577,你麻烦你确认一下测试结果有没有更新，免得后面又要重新弄,LLM_SYNTHETIC_SPOKEN_BASE,SYNTHETIC_TEXT
m3sbv1_004578,刚才可能先把现在的结果保存下来是不是,LLM_SYNTHETIC_SPOKEN_BASE,SYNTHETIC_TEXT
m3sbv1_004579,应该看看能不能多拿一条毛巾，这边这边好安排,LLM_SYNTHETIC_SPOKEN_BASE,SYNTHETIC_TEXT
m3sbv1_004580,一会儿感觉试一下重新打开能不能用我怕等会儿忘了,LLM_SYNTHETIC_SPOKEN_BASE,SYNTHETIC_TEXT
m3sbv1_004581,看起来看看这个杯子是不是我的，公司这边好安排,LLM_SYNTHETIC_SPOKEN_BASE,SYNTHETIC_TEXT
m3sbv1_004582,昨天感觉看看有没有更早一点的时间我想先确认清楚,LLM_SYNTHETIC_SPOKEN_BASE,SYNTHETIC_TEXT
m3sbv1_004583,好像确认一下测试结果有没有更新，我们这边好安排,LLM_SYNTHETIC_SPOKEN_BASE,SYNTHETIC_TEXT
m3sbv1_004584,最近先别急，看看还有没有漏掉的步骤再继续,LLM_SYNTHETIC_SPOKEN_BASE,SYNTHETIC_TEXT
m3sbv1_004585,先我估计看看油还够不够可以吗,LLM_SYNTHETIC_SPOKEN_BASE,SYNTHETIC_TEXT
m3sbv1_004586,晚一点可能确认一下文件有没有传成功我怕等会儿忘了,LLM_SYNTHETIC_SPOKEN_BASE,SYNTHETIC_TEXT
m3sbv1_004587,先我记得把这个先放到后面处理我怕等会儿忘了,LLM_SYNTHETIC_SPOKEN_BASE,SYNTHETIC_TEXT
m3sbv1_004588,他一会儿帮我看看这个零件是不是松了我想先确认清楚,LLM_SYNTHETIC_SPOKEN_BASE,SYNTHETIC_TEXT
m3sbv1_004589,这两天麻烦你看看空调能不能调高一点就行,LLM_SYNTHETIC_SPOKEN_BASE,SYNTHETIC_TEXT
m3sbv1_004590,晚一点帮我问一下现在还能不能改，我确认完再跟你说,LLM_SYNTHETIC_SPOKEN_BASE,SYNTHETIC_TEXT
m3sbv1_004591,昨天先别急，看看是不是配置没有生效再继续,LLM_SYNTHETIC_SPOKEN_BASE,SYNTHETIC_TEXT
m3sbv1_004592,你们最近看看这个杯子是不是我的我再决定,LLM_SYNTHETIC_SPOKEN_BASE,SYNTHETIC_TEXT
m3sbv1_004593,等一下我记得帮我拿一下旁边那个袋子别弄错了,LLM_SYNTHETIC_SPOKEN_BASE,SYNTHETIC_TEXT
m3sbv1_004594,店里现在帮我看看这个号码对不对我有点不确定,LLM_SYNTHETIC_SPOKEN_BASE,SYNTHETIC_TEXT
m3sbv1_004595,之前我觉得看看前面能不能掉头我想先确认清楚,LLM_SYNTHETIC_SPOKEN_BASE,SYNTHETIC_TEXT
m3sbv1_004596,现场现在别着急我们按顺序来我再决定,LLM_SYNTHETIC_SPOKEN_BASE,SYNTHETIC_TEXT
m3sbv1_004597,我听说把最新版本发给我看一下，他这边好安排,LLM_SYNTHETIC_SPOKEN_BASE,SYNTHETIC_TEXT
m3sbv1_004598,家里这边没别的要求，看看这个接口是不是又报错了就可以,LLM_SYNTHETIC_SPOKEN_BASE,SYNTHETIC_TEXT
m3sbv1_004599,可能帮我确认一下负责人是谁，这边这边好安排,LLM_SYNTHETIC_SPOKEN_BASE,SYNTHETIC_TEXT
m3sbv1_004600,他们最近确认一下文件有没有传成功是不是,LLM_SYNTHETIC_SPOKEN_BASE,SYNTHETIC_TEXT
m3sbv1_004601,公司可能别着急我们按顺序来，免得后面又要重新弄,LLM_SYNTHETIC_SPOKEN_BASE,SYNTHETIC_TEXT
m3sbv1_004602,到时候我想问一下问一下还能不能加一个人我再决定,LLM_SYNTHETIC_SPOKEN_BASE,SYNTHETIC_TEXT
m3sbv1_004603,早一点先别急，看看能不能多拿一条毛巾再继续,LLM_SYNTHETIC_SPOKEN_BASE,SYNTHETIC_TEXT
m3sbv1_004604,一会儿我觉得看看这个接口是不是又报错了我有点不确定,LLM_SYNTHETIC_SPOKEN_BASE,SYNTHETIC_TEXT
m3sbv1_004605,公司晚一点先把这个问题单独记录下来然后告诉我,LLM_SYNTHETIC_SPOKEN_BASE,SYNTHETIC_TEXT
m3sbv1_004606,可能帮我把需要验证的地方列出来，现场这边好安排,LLM_SYNTHETIC_SPOKEN_BASE,SYNTHETIC_TEXT
m3sbv1_004607,之前好像帮我把水再加一点,LLM_SYNTHETIC_SPOKEN_BASE,SYNTHETIC_TEXT
m3sbv1_004608,她这两天帮我把重复的内容删掉我想先确认清楚,LLM_SYNTHETIC_SPOKEN_BASE,SYNTHETIC_TEXT
m3sbv1_004609,我觉得看看这个东西应该放哪里，现场这边好安排,LLM_SYNTHETIC_SPOKEN_BASE,SYNTHETIC_TEXT
m3sbv1_004610,我估计把刚才那条消息再发我一次，公司这边好安排,LLM_SYNTHETIC_SPOKEN_BASE,SYNTHETIC_TEXT
m3sbv1_004611,到时候我确认一下确认一下会议是不是改到下午了我怕等会儿忘了,LLM_SYNTHETIC_SPOKEN_BASE,SYNTHETIC_TEXT
m3sbv1_004612,他早一点看看有没有影响到别的模块我再决定,LLM_SYNTHETIC_SPOKEN_BASE,SYNTHETIC_TEXT
m3sbv1_004613,店里等一下确认一下是不是已经下单了我怕等会儿忘了,LLM_SYNTHETIC_SPOKEN_BASE,SYNTHETIC_TEXT
m3sbv1_004614,你们晚一点把声音稍微调小一点我再决定,LLM_SYNTHETIC_SPOKEN_BASE,SYNTHETIC_TEXT
m3sbv1_004615,今天确认一下这次只改这一部分，我确认完再跟你说,LLM_SYNTHETIC_SPOKEN_BASE,SYNTHETIC_TEXT
m3sbv1_004616,我觉得把刚才那条消息再发我一次，我刚才没听太清楚,LLM_SYNTHETIC_SPOKEN_BASE,SYNTHETIC_TEXT
m3sbv1_004617,这两天我想问一下帮我找一下充电线放哪了吧,LLM_SYNTHETIC_SPOKEN_BASE,SYNTHETIC_TEXT
m3sbv1_004618,我想问一下确认一下测试结果有没有更新，前面这边好安排,LLM_SYNTHETIC_SPOKEN_BASE,SYNTHETIC_TEXT
m3sbv1_004619,等一下我确认一下看看这个杯子是不是我的行不行,LLM_SYNTHETIC_SPOKEN_BASE,SYNTHETIC_TEXT
m3sbv1_004620,我听说确认一下这次只改这一部分，她这边好安排,LLM_SYNTHETIC_SPOKEN_BASE,SYNTHETIC_TEXT
m3sbv1_004621,早一点我听说把这个问题先记到清单里行不行,LLM_SYNTHETIC_SPOKEN_BASE,SYNTHETIC_TEXT
m3sbv1_004622,你们这边没别的要求，先把现在的结果保存下来就可以,LLM_SYNTHETIC_SPOKEN_BASE,SYNTHETIC_TEXT
m3sbv1_004623,感觉帮我确认一下下一站在哪里，公司这边好安排,LLM_SYNTHETIC_SPOKEN_BASE,SYNTHETIC_TEXT
m3sbv1_004624,感觉帮我查一下刚才是哪一步失败了，前面这边好安排,LLM_SYNTHETIC_SPOKEN_BASE,SYNTHETIC_TEXT
m3sbv1_004625,好像先把现在的结果保存下来，那边这边好安排,LLM_SYNTHETIC_SPOKEN_BASE,SYNTHETIC_TEXT
m3sbv1_004626,我昨天看看钥匙是不是还在车里,LLM_SYNTHETIC_SPOKEN_BASE,SYNTHETIC_TEXT
m3sbv1_004627,我们今天看看谁还没有回复我怕等会儿忘了,LLM_SYNTHETIC_SPOKEN_BASE,SYNTHETIC_TEXT
m3sbv1_004628,这两天我觉得帮我看看这个号码对不对就行,LLM_SYNTHETIC_SPOKEN_BASE,SYNTHETIC_TEXT
m3sbv1_004629,早一点我听说确认一下这个功能是不是已经关掉了行不行,LLM_SYNTHETIC_SPOKEN_BASE,SYNTHETIC_TEXT
m3sbv1_004630,你这边没别的要求，把最新版本发给我看一下就可以,LLM_SYNTHETIC_SPOKEN_BASE,SYNTHETIC_TEXT
m3sbv1_004631,这边晚一点看看数据是不是重复了行不行,LLM_SYNTHETIC_SPOKEN_BASE,SYNTHETIC_TEXT
m3sbv1_004632,刚才好像确认一下入口是不是在这边我再决定,LLM_SYNTHETIC_SPOKEN_BASE,SYNTHETIC_TEXT
m3sbv1_004633,她我确认一下看看钥匙是不是还在车里，免得后面又要重新弄,LLM_SYNTHETIC_SPOKEN_BASE,SYNTHETIC_TEXT
m3sbv1_004634,要是方便的话帮我换一个安静一点的位置，不用特意等我,LLM_SYNTHETIC_SPOKEN_BASE,SYNTHETIC_TEXT
m3sbv1_004635,他这边没别的要求，帮我把重复的内容删掉就可以,LLM_SYNTHETIC_SPOKEN_BASE,SYNTHETIC_TEXT
m3sbv1_004636,这边看起来确认一下轮胎是不是有点软，免得后面又要重新弄,LLM_SYNTHETIC_SPOKEN_BASE,SYNTHETIC_TEXT
m3sbv1_004637,这边我记得帮我拿一下旁边那个袋子，免得后面又要重新弄,LLM_SYNTHETIC_SPOKEN_BASE,SYNTHETIC_TEXT
m3sbv1_004638,你们我确认一下确认一下是不是已经付过了，免得后面又要重新弄,LLM_SYNTHETIC_SPOKEN_BASE,SYNTHETIC_TEXT
m3sbv1_004639,这两天我记得把位置发给我我自己过去别弄错了,LLM_SYNTHETIC_SPOKEN_BASE,SYNTHETIC_TEXT
m3sbv1_004640,最近先别急，把最新版本发给我看一下再继续,LLM_SYNTHETIC_SPOKEN_BASE,SYNTHETIC_TEXT
m3sbv1_004641,早一点可能看看是不是还少了什么,LLM_SYNTHETIC_SPOKEN_BASE,SYNTHETIC_TEXT
m3sbv1_004642,公司这边没别的要求，把刚才那条消息再发我一次就可以,LLM_SYNTHETIC_SPOKEN_BASE,SYNTHETIC_TEXT
m3sbv1_004643,明天先别急，帮我确认一下字段有没有变再继续,LLM_SYNTHETIC_SPOKEN_BASE,SYNTHETIC_TEXT
m3sbv1_004644,这两天我觉得确认一下停车要不要付费吧,LLM_SYNTHETIC_SPOKEN_BASE,SYNTHETIC_TEXT
m3sbv1_004645,她这边没别的要求，看看这个杯子是不是我的就可以,LLM_SYNTHETIC_SPOKEN_BASE,SYNTHETIC_TEXT
m3sbv1_004646,公司现在看看这个东西应该放哪里是不是,LLM_SYNTHETIC_SPOKEN_BASE,SYNTHETIC_TEXT
m3sbv1_004647,感觉看看前面能不能掉头，他们这边好安排,LLM_SYNTHETIC_SPOKEN_BASE,SYNTHETIC_TEXT
m3sbv1_004648,昨天我确认一下帮我把水再加一点我有点不确定,LLM_SYNTHETIC_SPOKEN_BASE,SYNTHETIC_TEXT
m3sbv1_004649,刚才先别急，把地址再确认一下再继续,LLM_SYNTHETIC_SPOKEN_BASE,SYNTHETIC_TEXT
m3sbv1_004650,公司麻烦你把刚才说的重点再讲一遍，免得后面又要重新弄,LLM_SYNTHETIC_SPOKEN_BASE,SYNTHETIC_TEXT
m3sbv1_004651,好像帮我看看这个号码对不对，我这边好安排,LLM_SYNTHETIC_SPOKEN_BASE,SYNTHETIC_TEXT
m3sbv1_004652,他我记得先别取消我再确认一下，免得后面又要重新弄,LLM_SYNTHETIC_SPOKEN_BASE,SYNTHETIC_TEXT
m3sbv1_004653,公司我觉得问一下能不能晚一点回来，免得后面又要重新弄,LLM_SYNTHETIC_SPOKEN_BASE,SYNTHETIC_TEXT
m3sbv1_004654,公司先确认一下名字有没有写错,LLM_SYNTHETIC_SPOKEN_BASE,SYNTHETIC_TEXT
m3sbv1_004655,家里之前帮我找一下刚才那个页面我再决定,LLM_SYNTHETIC_SPOKEN_BASE,SYNTHETIC_TEXT
m3sbv1_004656,他们这边没别的要求，先把这一项记下来就可以,LLM_SYNTHETIC_SPOKEN_BASE,SYNTHETIC_TEXT
m3sbv1_004657,现在看看前面能不能掉头，我确认完再跟你说,LLM_SYNTHETIC_SPOKEN_BASE,SYNTHETIC_TEXT
m3sbv1_004658,这边之前帮我换一个安静一点的位置我想先确认清楚,LLM_SYNTHETIC_SPOKEN_BASE,SYNTHETIC_TEXT
m3sbv1_004659,这边早一点帮我把重复的内容删掉行不行,LLM_SYNTHETIC_SPOKEN_BASE,SYNTHETIC_TEXT
m3sbv1_004660,现在把这个问题先记到清单里，我确认完再跟你说,LLM_SYNTHETIC_SPOKEN_BASE,SYNTHETIC_TEXT
m3sbv1_004661,刚才应该帮我把需要验证的地方列出来我有点不确定,LLM_SYNTHETIC_SPOKEN_BASE,SYNTHETIC_TEXT
m3sbv1_004662,前面这两天再检查一遍有没有问题我再决定,LLM_SYNTHETIC_SPOKEN_BASE,SYNTHETIC_TEXT
m3sbv1_004663,最近看看这个东西应该放哪里，我确认完再跟你说,LLM_SYNTHETIC_SPOKEN_BASE,SYNTHETIC_TEXT
m3sbv1_004664,他到时候把刚才说的重点再讲一遍是不是,LLM_SYNTHETIC_SPOKEN_BASE,SYNTHETIC_TEXT
m3sbv1_004665,我觉得确认一下今天是不是正常营业，前面这边好安排,LLM_SYNTHETIC_SPOKEN_BASE,SYNTHETIC_TEXT
m3sbv1_004666,先我觉得确认一下是不是已经下单了然后告诉我,LLM_SYNTHETIC_SPOKEN_BASE,SYNTHETIC_TEXT
m3sbv1_004667,你们我确认一下帮我看看行李放在哪里，免得后面又要重新弄,LLM_SYNTHETIC_SPOKEN_BASE,SYNTHETIC_TEXT
m3sbv1_004668,他应该帮我看看附近有没有停车位，免得后面又要重新弄,LLM_SYNTHETIC_SPOKEN_BASE,SYNTHETIC_TEXT
m3sbv1_004669,我觉得帮我看看日志里有没有异常，他们这边好安排,LLM_SYNTHETIC_SPOKEN_BASE,SYNTHETIC_TEXT
m3sbv1_004670,那边明天看看油还够不够我再决定,LLM_SYNTHETIC_SPOKEN_BASE,SYNTHETIC_TEXT
m3sbv1_004671,那边我觉得帮我确认一下房间准备好了没有，免得后面又要重新弄,LLM_SYNTHETIC_SPOKEN_BASE,SYNTHETIC_TEXT
m3sbv1_004672,前面刚才帮我查一下刚才是哪一步失败了别弄错了,LLM_SYNTHETIC_SPOKEN_BASE,SYNTHETIC_TEXT
m3sbv1_004673,这边应该看看空调能不能调高一点，免得后面又要重新弄,LLM_SYNTHETIC_SPOKEN_BASE,SYNTHETIC_TEXT
m3sbv1_004674,店里刚才问一下早餐几点开始吧,LLM_SYNTHETIC_SPOKEN_BASE,SYNTHETIC_TEXT
m3sbv1_004675,他之前问一下能不能晚一点回来然后告诉我,LLM_SYNTHETIC_SPOKEN_BASE,SYNTHETIC_TEXT
m3sbv1_004676,她这边没别的要求，看看是不是配置没有生效就可以,LLM_SYNTHETIC_SPOKEN_BASE,SYNTHETIC_TEXT
m3sbv1_004677,到时候看起来帮我把水再加一点可以吗,LLM_SYNTHETIC_SPOKEN_BASE,SYNTHETIC_TEXT
m3sbv1_004678,一会儿帮我确认一下负责人是谁，我确认完再跟你说,LLM_SYNTHETIC_SPOKEN_BASE,SYNTHETIC_TEXT
m3sbv1_004679,看起来把位置发给我我自己过去，我刚才没听太清楚,LLM_SYNTHETIC_SPOKEN_BASE,SYNTHETIC_TEXT
m3sbv1_004680,麻烦你先别取消我再确认一下，他们这边好安排,LLM_SYNTHETIC_SPOKEN_BASE,SYNTHETIC_TEXT
m3sbv1_004681,我确认一下看看导航是不是带错路了，你们这边好安排,LLM_SYNTHETIC_SPOKEN_BASE,SYNTHETIC_TEXT
m3sbv1_004682,公司最近问一下还能不能加一个人别弄错了,LLM_SYNTHETIC_SPOKEN_BASE,SYNTHETIC_TEXT
m3sbv1_004683,到时候帮我找一下刚才那个页面，我确认完再跟你说,LLM_SYNTHETIC_SPOKEN_BASE,SYNTHETIC_TEXT
m3sbv1_004684,今天我估计问一下早餐几点开始是不是,LLM_SYNTHETIC_SPOKEN_BASE,SYNTHETIC_TEXT
m3sbv1_004685,那边麻烦你把声音稍微调小一点，免得后面又要重新弄,LLM_SYNTHETIC_SPOKEN_BASE,SYNTHETIC_TEXT
m3sbv1_004686,后面之前看看谁还没有回复可以吗,LLM_SYNTHETIC_SPOKEN_BASE,SYNTHETIC_TEXT
m3sbv1_004687,他之前告诉我大概还要多久我有点不确定,LLM_SYNTHETIC_SPOKEN_BASE,SYNTHETIC_TEXT
m3sbv1_004688,麻烦你问一下早餐几点开始，现场这边好安排,LLM_SYNTHETIC_SPOKEN_BASE,SYNTHETIC_TEXT
m3sbv1_004689,后面好像看看是不是网络又断了，免得后面又要重新弄,LLM_SYNTHETIC_SPOKEN_BASE,SYNTHETIC_TEXT
m3sbv1_004690,看起来帮我确认一下下一站在哪里，我刚才没听太清楚,LLM_SYNTHETIC_SPOKEN_BASE,SYNTHETIC_TEXT
m3sbv1_004691,早一点麻烦你看看油还够不够是不是,LLM_SYNTHETIC_SPOKEN_BASE,SYNTHETIC_TEXT
m3sbv1_004692,要是方便的话看看导航是不是带错路了，不用特意等我,LLM_SYNTHETIC_SPOKEN_BASE,SYNTHETIC_TEXT
m3sbv1_004693,公司我估计把这个问题先记到清单里，免得后面又要重新弄,LLM_SYNTHETIC_SPOKEN_BASE,SYNTHETIC_TEXT
m3sbv1_004694,感觉帮我找一下充电线放哪了，家里这边好安排,LLM_SYNTHETIC_SPOKEN_BASE,SYNTHETIC_TEXT
m3sbv1_004695,我觉得确认一下这次只改这一部分，他这边好安排,LLM_SYNTHETIC_SPOKEN_BASE,SYNTHETIC_TEXT
m3sbv1_004696,晚一点我听说帮我看看日志里有没有异常行不行,LLM_SYNTHETIC_SPOKEN_BASE,SYNTHETIC_TEXT
m3sbv1_004697,后面这边没别的要求，帮我拿一下旁边那个袋子就可以,LLM_SYNTHETIC_SPOKEN_BASE,SYNTHETIC_TEXT
m3sbv1_004698,我确认一下看一下这个是不是放错地方了，现场这边好安排,LLM_SYNTHETIC_SPOKEN_BASE,SYNTHETIC_TEXT
m3sbv1_004699,店里看起来确认一下这份文件是不是最终版，免得后面又要重新弄,LLM_SYNTHETIC_SPOKEN_BASE,SYNTHETIC_TEXT
m3sbv1_004700,这两天看起来问一下早餐几点开始然后告诉我,LLM_SYNTHETIC_SPOKEN_BASE,SYNTHETIC_TEXT
m3sbv1_004701,等一下看看前面能不能掉头，我确认完再跟你说,LLM_SYNTHETIC_SPOKEN_BASE,SYNTHETIC_TEXT
m3sbv1_004702,刚才把位置发给我我自己过去，我确认完再跟你说,LLM_SYNTHETIC_SPOKEN_BASE,SYNTHETIC_TEXT
m3sbv1_004703,昨天我记得帮我看看这个菜里面有没有辣椒行不行,LLM_SYNTHETIC_SPOKEN_BASE,SYNTHETIC_TEXT
m3sbv1_004704,晚一点我听说先把这一项记下来我想先确认清楚,LLM_SYNTHETIC_SPOKEN_BASE,SYNTHETIC_TEXT
m3sbv1_004705,昨天看看有没有不用排队的办法，我确认完再跟你说,LLM_SYNTHETIC_SPOKEN_BASE,SYNTHETIC_TEXT
m3sbv1_004706,我记得确认一下要不要提前预约，她这边好安排,LLM_SYNTHETIC_SPOKEN_BASE,SYNTHETIC_TEXT
m3sbv1_004707,我们先告诉我大概还要多久别弄错了,LLM_SYNTHETIC_SPOKEN_BASE,SYNTHETIC_TEXT
m3sbv1_004708,今天看看油还够不够，我确认完再跟你说,LLM_SYNTHETIC_SPOKEN_BASE,SYNTHETIC_TEXT
m3sbv1_004709,那边一会儿问一下还能不能加一个人然后告诉我,LLM_SYNTHETIC_SPOKEN_BASE,SYNTHETIC_TEXT
m3sbv1_004710,我早一点看看油还够不够我想先确认清楚,LLM_SYNTHETIC_SPOKEN_BASE,SYNTHETIC_TEXT
m3sbv1_004711,现在先别急，看看是不是网络又断了再继续,LLM_SYNTHETIC_SPOKEN_BASE,SYNTHETIC_TEXT
m3sbv1_004712,家里现在把这个问题先记到清单里就行,LLM_SYNTHETIC_SPOKEN_BASE,SYNTHETIC_TEXT
m3sbv1_004713,看起来帮我把需要验证的地方列出来，我刚才没听太清楚,LLM_SYNTHETIC_SPOKEN_BASE,SYNTHETIC_TEXT
m3sbv1_004714,晚一点看看前面能不能掉头，我确认完再跟你说,LLM_SYNTHETIC_SPOKEN_BASE,SYNTHETIC_TEXT
m3sbv1_004715,我想问一下先把现在的结果保存下来，我刚才没听太清楚,LLM_SYNTHETIC_SPOKEN_BASE,SYNTHETIC_TEXT
m3sbv1_004716,看看是不是选错选项了，如果不行就先别改,LLM_SYNTHETIC_SPOKEN_BASE,SYNTHETIC_TEXT
m3sbv1_004717,我听说看看这个结果和昨天是不是一样，现场这边好安排,LLM_SYNTHETIC_SPOKEN_BASE,SYNTHETIC_TEXT
m3sbv1_004718,你一会儿问一下回来的车几点出发然后告诉我,LLM_SYNTHETIC_SPOKEN_BASE,SYNTHETIC_TEXT
m3sbv1_004719,那边昨天把门先关一下有点冷,LLM_SYNTHETIC_SPOKEN_BASE,SYNTHETIC_TEXT
m3sbv1_004720,之前看看钥匙是不是还在车里，我确认完再跟你说,LLM_SYNTHETIC_SPOKEN_BASE,SYNTHETIC_TEXT
m3sbv1_004721,昨天感觉先把旧的那套逻辑放一边可以吗,LLM_SYNTHETIC_SPOKEN_BASE,SYNTHETIC_TEXT
m3sbv1_004722,一会儿应该先把现在的结果保存下来别弄错了,LLM_SYNTHETIC_SPOKEN_BASE,SYNTHETIC_TEXT
m3sbv1_004723,感觉问一下这个能不能少放一点盐，我这边好安排,LLM_SYNTHETIC_SPOKEN_BASE,SYNTHETIC_TEXT
m3sbv1_004724,这边这边没别的要求，看看是不是选错选项了就可以,LLM_SYNTHETIC_SPOKEN_BASE,SYNTHETIC_TEXT
m3sbv1_004725,先好像帮我看看附近有没有停车位我有点不确定,LLM_SYNTHETIC_SPOKEN_BASE,SYNTHETIC_TEXT
m3sbv1_004726,公司这两天帮我看看为什么还没收到就行,LLM_SYNTHETIC_SPOKEN_BASE,SYNTHETIC_TEXT
m3sbv1_004727,晚一点先把旧的那套逻辑放一边，我确认完再跟你说,LLM_SYNTHETIC_SPOKEN_BASE,SYNTHETIC_TEXT
m3sbv1_004728,现在帮我确认一下负责人是谁，我确认完再跟你说,LLM_SYNTHETIC_SPOKEN_BASE,SYNTHETIC_TEXT
m3sbv1_004729,你们最近帮我找一下刚才那个页面我有点不确定,LLM_SYNTHETIC_SPOKEN_BASE,SYNTHETIC_TEXT
m3sbv1_004730,要是方便的话看看能不能多拿一条毛巾，不用特意等我,LLM_SYNTHETIC_SPOKEN_BASE,SYNTHETIC_TEXT
m3sbv1_004731,她我觉得把声音稍微调小一点，免得后面又要重新弄,LLM_SYNTHETIC_SPOKEN_BASE,SYNTHETIC_TEXT
m3sbv1_004732,之前我确认一下确认一下退房时间是几点我想先确认清楚,LLM_SYNTHETIC_SPOKEN_BASE,SYNTHETIC_TEXT
m3sbv1_004733,我感觉把地址再确认一下，免得后面又要重新弄,LLM_SYNTHETIC_SPOKEN_BASE,SYNTHETIC_TEXT
m3sbv1_004734,麻烦你先把旧的那套逻辑放一边，你这边好安排,LLM_SYNTHETIC_SPOKEN_BASE,SYNTHETIC_TEXT
m3sbv1_004735,公司先试一下重新打开能不能用吧,LLM_SYNTHETIC_SPOKEN_BASE,SYNTHETIC_TEXT
m3sbv1_004736,我觉得看看有没有更早一点的时间，你们这边好安排,LLM_SYNTHETIC_SPOKEN_BASE,SYNTHETIC_TEXT
m3sbv1_004737,刚才先别急，看看是不是还少了什么再继续,LLM_SYNTHETIC_SPOKEN_BASE,SYNTHETIC_TEXT
m3sbv1_004738,你们我想问一下帮我看看为什么还没收到，免得后面又要重新弄,LLM_SYNTHETIC_SPOKEN_BASE,SYNTHETIC_TEXT
m3sbv1_004739,到时候先别急，看看前面能不能掉头再继续,LLM_SYNTHETIC_SPOKEN_BASE,SYNTHETIC_TEXT
m3sbv1_004740,晚一点先别急，先把旧的那套逻辑放一边再继续,LLM_SYNTHETIC_SPOKEN_BASE,SYNTHETIC_TEXT
m3sbv1_004741,后面我觉得帮我确认一下房间准备好了没有，免得后面又要重新弄,LLM_SYNTHETIC_SPOKEN_BASE,SYNTHETIC_TEXT
m3sbv1_004742,他们这两天看看是不是配置没有生效行不行,LLM_SYNTHETIC_SPOKEN_BASE,SYNTHETIC_TEXT
m3sbv1_004743,这两天好像把刚才说的重点再讲一遍吧,LLM_SYNTHETIC_SPOKEN_BASE,SYNTHETIC_TEXT
m3sbv1_004744,昨天先别急，帮我找一下刚才那个页面再继续,LLM_SYNTHETIC_SPOKEN_BASE,SYNTHETIC_TEXT
m3sbv1_004745,后面一会儿先别取消我再确认一下我再决定,LLM_SYNTHETIC_SPOKEN_BASE,SYNTHETIC_TEXT
m3sbv1_004746,那边到时候试一下重新打开能不能用就行,LLM_SYNTHETIC_SPOKEN_BASE,SYNTHETIC_TEXT
m3sbv1_004747,公司我觉得确认一下轮胎是不是有点软，免得后面又要重新弄,LLM_SYNTHETIC_SPOKEN_BASE,SYNTHETIC_TEXT
m3sbv1_004748,到时候先别急，看看能不能多拿一条毛巾再继续,LLM_SYNTHETIC_SPOKEN_BASE,SYNTHETIC_TEXT
m3sbv1_004749,到时候看看能不能多拿一条毛巾，我确认完再跟你说,LLM_SYNTHETIC_SPOKEN_BASE,SYNTHETIC_TEXT
m3sbv1_004750,好像帮我看看行李放在哪里，你们这边好安排,LLM_SYNTHETIC_SPOKEN_BASE,SYNTHETIC_TEXT
m3sbv1_004751,最近我记得帮我看看这个菜里面有没有辣椒就行,LLM_SYNTHETIC_SPOKEN_BASE,SYNTHETIC_TEXT
m3sbv1_004752,这两天我确认一下帮我把水再加一点然后告诉我,LLM_SYNTHETIC_SPOKEN_BASE,SYNTHETIC_TEXT
m3sbv1_004753,我想问一下确认一下会议是不是改到下午了，他这边好安排,LLM_SYNTHETIC_SPOKEN_BASE,SYNTHETIC_TEXT
m3sbv1_004754,她我听说看看能不能把时间往后挪一点，免得后面又要重新弄,LLM_SYNTHETIC_SPOKEN_BASE,SYNTHETIC_TEXT
m3sbv1_004755,麻烦你把声音稍微调小一点，公司这边好安排,LLM_SYNTHETIC_SPOKEN_BASE,SYNTHETIC_TEXT
m3sbv1_004756,我们这边没别的要求，帮我把重复的内容删掉就可以,LLM_SYNTHETIC_SPOKEN_BASE,SYNTHETIC_TEXT
m3sbv1_004757,我记得确认一下这个功能是不是已经关掉了，我刚才没听太清楚,LLM_SYNTHETIC_SPOKEN_BASE,SYNTHETIC_TEXT
m3sbv1_004758,刚才看看钥匙是不是还在车里，我确认完再跟你说,LLM_SYNTHETIC_SPOKEN_BASE,SYNTHETIC_TEXT
m3sbv1_004759,先把现在的结果保存下来，如果不行就先别改,LLM_SYNTHETIC_SPOKEN_BASE,SYNTHETIC_TEXT
m3sbv1_004760,你昨天看看前面能不能掉头,LLM_SYNTHETIC_SPOKEN_BASE,SYNTHETIC_TEXT
m3sbv1_004761,到时候先等等我马上就过来，我确认完再跟你说,LLM_SYNTHETIC_SPOKEN_BASE,SYNTHETIC_TEXT
m3sbv1_004762,我觉得把这个先放到后面处理，他们这边好安排,LLM_SYNTHETIC_SPOKEN_BASE,SYNTHETIC_TEXT
m3sbv1_004763,我听说帮我看看行李放在哪里，我刚才没听太清楚,LLM_SYNTHETIC_SPOKEN_BASE,SYNTHETIC_TEXT
m3sbv1_004764,应该把声音稍微调小一点，家里这边好安排,LLM_SYNTHETIC_SPOKEN_BASE,SYNTHETIC_TEXT
m3sbv1_004765,这两天我确认一下先把这一项记下来吧,LLM_SYNTHETIC_SPOKEN_BASE,SYNTHETIC_TEXT
m3sbv1_004766,她可能确认一下是不是已经付过了，免得后面又要重新弄,LLM_SYNTHETIC_SPOKEN_BASE,SYNTHETIC_TEXT
m3sbv1_004767,她之前确认一下灯是不是都关了是不是,LLM_SYNTHETIC_SPOKEN_BASE,SYNTHETIC_TEXT
m3sbv1_004768,现场早一点看看这个结果和昨天是不是一样我想先确认清楚,LLM_SYNTHETIC_SPOKEN_BASE,SYNTHETIC_TEXT
m3sbv1_004769,我们我觉得帮我问一下还有没有空位，免得后面又要重新弄,LLM_SYNTHETIC_SPOKEN_BASE,SYNTHETIC_TEXT
m3sbv1_004770,你们这边没别的要求，确认一下文件有没有传成功就可以,LLM_SYNTHETIC_SPOKEN_BASE,SYNTHETIC_TEXT
m3sbv1_004771,你们晚一点看看是不是网络又断了就行,LLM_SYNTHETIC_SPOKEN_BASE,SYNTHETIC_TEXT
m3sbv1_004772,店里看起来确认一下要不要提前预约，免得后面又要重新弄,LLM_SYNTHETIC_SPOKEN_BASE,SYNTHETIC_TEXT
m3sbv1_004773,明天我想问一下确认一下这次只改这一部分我想先确认清楚,LLM_SYNTHETIC_SPOKEN_BASE,SYNTHETIC_TEXT
m3sbv1_004774,他看起来先把这一项记下来，免得后面又要重新弄,LLM_SYNTHETIC_SPOKEN_BASE,SYNTHETIC_TEXT
m3sbv1_004775,店里最近确认一下入口是不是在这边吧,LLM_SYNTHETIC_SPOKEN_BASE,SYNTHETIC_TEXT
m3sbv1_004776,我想问一下试一下重新打开能不能用，前面这边好安排,LLM_SYNTHETIC_SPOKEN_BASE,SYNTHETIC_TEXT
m3sbv1_004777,现在我觉得看看能不能把时间往后挪一点我有点不确定,LLM_SYNTHETIC_SPOKEN_BASE,SYNTHETIC_TEXT
m3sbv1_004778,我们先帮我看看为什么还没收到就行,LLM_SYNTHETIC_SPOKEN_BASE,SYNTHETIC_TEXT
m3sbv1_004779,家里一会儿看看是不是网络又断了我再决定,LLM_SYNTHETIC_SPOKEN_BASE,SYNTHETIC_TEXT
m3sbv1_004780,我觉得把刚才说的重点再讲一遍，我这边好安排,LLM_SYNTHETIC_SPOKEN_BASE,SYNTHETIC_TEXT
m3sbv1_004781,这边这边没别的要求，看看这个结果和昨天是不是一样就可以,LLM_SYNTHETIC_SPOKEN_BASE,SYNTHETIC_TEXT
m3sbv1_004782,刚才问一下早餐几点开始，我确认完再跟你说,LLM_SYNTHETIC_SPOKEN_BASE,SYNTHETIC_TEXT
m3sbv1_004783,晚一点我确认一下确认一下这份文件是不是最终版然后告诉我,LLM_SYNTHETIC_SPOKEN_BASE,SYNTHETIC_TEXT
m3sbv1_004784,公司这边没别的要求，确认一下灯是不是都关了就可以,LLM_SYNTHETIC_SPOKEN_BASE,SYNTHETIC_TEXT
m3sbv1_004785,我我想问一下看看能不能多拿一条毛巾，免得后面又要重新弄,LLM_SYNTHETIC_SPOKEN_BASE,SYNTHETIC_TEXT
m3sbv1_004786,明天先别急，确认一下是不是同一个订单再继续,LLM_SYNTHETIC_SPOKEN_BASE,SYNTHETIC_TEXT
m3sbv1_004787,昨天先别急，帮我确认一下下一站在哪里再继续,LLM_SYNTHETIC_SPOKEN_BASE,SYNTHETIC_TEXT
m3sbv1_004788,要是方便的话确认一下退房时间是几点，不用特意等我,LLM_SYNTHETIC_SPOKEN_BASE,SYNTHETIC_TEXT
m3sbv1_004789,他们这边没别的要求，帮我确认一下下一站在哪里就可以,LLM_SYNTHETIC_SPOKEN_BASE,SYNTHETIC_TEXT
m3sbv1_004790,明天看起来把位置发给我我自己过去我再决定,LLM_SYNTHETIC_SPOKEN_BASE,SYNTHETIC_TEXT
m3sbv1_004791,他应该看看前面能不能掉头，免得后面又要重新弄,LLM_SYNTHETIC_SPOKEN_BASE,SYNTHETIC_TEXT
m3sbv1_004792,那边最近帮我问一下还有没有空位我有点不确定,LLM_SYNTHETIC_SPOKEN_BASE,SYNTHETIC_TEXT
m3sbv1_004793,昨天麻烦你帮我拿一下旁边那个袋子吧,LLM_SYNTHETIC_SPOKEN_BASE,SYNTHETIC_TEXT
m3sbv1_004794,前面我确认一下帮我确认一下字段有没有变，免得后面又要重新弄,LLM_SYNTHETIC_SPOKEN_BASE,SYNTHETIC_TEXT
m3sbv1_004795,他们这边没别的要求，确认一下轮胎是不是有点软就可以,LLM_SYNTHETIC_SPOKEN_BASE,SYNTHETIC_TEXT
m3sbv1_004796,这边等一下确认一下是不是同一个订单我想先确认清楚,LLM_SYNTHETIC_SPOKEN_BASE,SYNTHETIC_TEXT
m3sbv1_004797,刚才应该别着急我们按顺序来,LLM_SYNTHETIC_SPOKEN_BASE,SYNTHETIC_TEXT
m3sbv1_004798,好像问一下能不能晚一点回来，他们这边好安排,LLM_SYNTHETIC_SPOKEN_BASE,SYNTHETIC_TEXT
m3sbv1_004799,他们这边没别的要求，看看还有没有漏掉的步骤就可以,LLM_SYNTHETIC_SPOKEN_BASE,SYNTHETIC_TEXT
m3sbv1_004800,晚一点看起来看看这个版本是不是最新的我怕等会儿忘了,LLM_SYNTHETIC_SPOKEN_BASE,SYNTHETIC_TEXT
m3sbv1_004801,他们感觉看看油还够不够，免得后面又要重新弄,LLM_SYNTHETIC_SPOKEN_BASE,SYNTHETIC_TEXT
m3sbv1_004802,麻烦你确认一下是不是同一个订单，我刚才没听太清楚,LLM_SYNTHETIC_SPOKEN_BASE,SYNTHETIC_TEXT
m3sbv1_004803,那边我想问一下确认一下入口是不是在这边，免得后面又要重新弄,LLM_SYNTHETIC_SPOKEN_BASE,SYNTHETIC_TEXT
m3sbv1_004804,他们先把位置发给我我自己过去我再决定,LLM_SYNTHETIC_SPOKEN_BASE,SYNTHETIC_TEXT
m3sbv1_004805,看起来先把这个问题单独记录下来，他们这边好安排,LLM_SYNTHETIC_SPOKEN_BASE,SYNTHETIC_TEXT
m3sbv1_004806,公司这边没别的要求，把最新版本发给我看一下就可以,LLM_SYNTHETIC_SPOKEN_BASE,SYNTHETIC_TEXT
m3sbv1_004807,可能先等等我马上就过来，后面这边好安排,LLM_SYNTHETIC_SPOKEN_BASE,SYNTHETIC_TEXT
m3sbv1_004808,家里早一点看看能不能多拿一条毛巾我想先确认清楚,LLM_SYNTHETIC_SPOKEN_BASE,SYNTHETIC_TEXT
m3sbv1_004809,前面这边没别的要求，看看这个版本是不是最新的就可以,LLM_SYNTHETIC_SPOKEN_BASE,SYNTHETIC_TEXT
m3sbv1_004810,先我记得确认一下会议是不是改到下午了我想先确认清楚,LLM_SYNTHETIC_SPOKEN_BASE,SYNTHETIC_TEXT
m3sbv1_004811,刚才看看有没有不用排队的办法，我确认完再跟你说,LLM_SYNTHETIC_SPOKEN_BASE,SYNTHETIC_TEXT
m3sbv1_004812,我记得试一下重新打开能不能用，你这边好安排,LLM_SYNTHETIC_SPOKEN_BASE,SYNTHETIC_TEXT
m3sbv1_004813,后面我确认一下帮我确认一下房间准备好了没有，免得后面又要重新弄,LLM_SYNTHETIC_SPOKEN_BASE,SYNTHETIC_TEXT
m3sbv1_004814,这边这边没别的要求，帮我拿一下旁边那个袋子就可以,LLM_SYNTHETIC_SPOKEN_BASE,SYNTHETIC_TEXT
m3sbv1_004815,昨天我估计帮我查一下刚才是哪一步失败了可以吗,LLM_SYNTHETIC_SPOKEN_BASE,SYNTHETIC_TEXT
m3sbv1_004816,我到时候告诉我大概还要多久,LLM_SYNTHETIC_SPOKEN_BASE,SYNTHETIC_TEXT
m3sbv1_004817,你们现在帮我看看行李放在哪里吧,LLM_SYNTHETIC_SPOKEN_BASE,SYNTHETIC_TEXT
m3sbv1_004818,应该确认一下灯是不是都关了，现场这边好安排,LLM_SYNTHETIC_SPOKEN_BASE,SYNTHETIC_TEXT
m3sbv1_004819,最近麻烦你到的时候给我发个消息可以吗,LLM_SYNTHETIC_SPOKEN_BASE,SYNTHETIC_TEXT
m3sbv1_004820,家里感觉看看数据是不是重复了，免得后面又要重新弄,LLM_SYNTHETIC_SPOKEN_BASE,SYNTHETIC_TEXT
m3sbv1_004821,你们这边没别的要求，问一下能不能晚一点回来就可以,LLM_SYNTHETIC_SPOKEN_BASE,SYNTHETIC_TEXT
m3sbv1_004822,这两天帮我把水再加一点，我确认完再跟你说,LLM_SYNTHETIC_SPOKEN_BASE,SYNTHETIC_TEXT
m3sbv1_004823,昨天应该确认一下这个功能是不是已经关掉了就行,LLM_SYNTHETIC_SPOKEN_BASE,SYNTHETIC_TEXT
m3sbv1_004824,一会儿先别急，看看能不能把时间往后挪一点再继续,LLM_SYNTHETIC_SPOKEN_BASE,SYNTHETIC_TEXT
m3sbv1_004825,后面好像帮我确认一下房间准备好了没有，免得后面又要重新弄,LLM_SYNTHETIC_SPOKEN_BASE,SYNTHETIC_TEXT
m3sbv1_004826,你到时候看看能不能多拿一条毛巾我再决定,LLM_SYNTHETIC_SPOKEN_BASE,SYNTHETIC_TEXT
m3sbv1_004827,昨天先别急，确认一下会议是不是改到下午了再继续,LLM_SYNTHETIC_SPOKEN_BASE,SYNTHETIC_TEXT
m3sbv1_004828,现场我想问一下把门先关一下有点冷，免得后面又要重新弄,LLM_SYNTHETIC_SPOKEN_BASE,SYNTHETIC_TEXT
m3sbv1_004829,她这边没别的要求，看看是不是选错选项了就可以,LLM_SYNTHETIC_SPOKEN_BASE,SYNTHETIC_TEXT
m3sbv1_004830,现场我记得看看谁还没有回复，免得后面又要重新弄,LLM_SYNTHETIC_SPOKEN_BASE,SYNTHETIC_TEXT
m3sbv1_004831,公司好像确认一下退房时间是几点，免得后面又要重新弄,LLM_SYNTHETIC_SPOKEN_BASE,SYNTHETIC_TEXT
m3sbv1_004832,明天我听说看看能不能把时间往后挪一点我再决定,LLM_SYNTHETIC_SPOKEN_BASE,SYNTHETIC_TEXT
m3sbv1_004833,公司现在看看前面能不能掉头可以吗,LLM_SYNTHETIC_SPOKEN_BASE,SYNTHETIC_TEXT
m3sbv1_004834,应该把位置发给我我自己过去，那边这边好安排,LLM_SYNTHETIC_SPOKEN_BASE,SYNTHETIC_TEXT
m3sbv1_004835,那边我确认一下看看这个价格有没有包含费用，免得后面又要重新弄,LLM_SYNTHETIC_SPOKEN_BASE,SYNTHETIC_TEXT
m3sbv1_004836,刚才我估计看看是不是还少了什么行不行,LLM_SYNTHETIC_SPOKEN_BASE,SYNTHETIC_TEXT
m3sbv1_004837,一会儿看起来看看空调能不能调高一点我有点不确定,LLM_SYNTHETIC_SPOKEN_BASE,SYNTHETIC_TEXT
m3sbv1_004838,后面到时候看看前面能不能掉头行不行,LLM_SYNTHETIC_SPOKEN_BASE,SYNTHETIC_TEXT
m3sbv1_004839,等一下我记得问一下还能不能加一个人可以吗,LLM_SYNTHETIC_SPOKEN_BASE,SYNTHETIC_TEXT
m3sbv1_004840,晚一点确认一下是不是已经下单了，我确认完再跟你说,LLM_SYNTHETIC_SPOKEN_BASE,SYNTHETIC_TEXT
m3sbv1_004841,今天帮我确认一下下一站在哪里，我确认完再跟你说,LLM_SYNTHETIC_SPOKEN_BASE,SYNTHETIC_TEXT
m3sbv1_004842,今天应该看看有没有不用排队的办法我怕等会儿忘了,LLM_SYNTHETIC_SPOKEN_BASE,SYNTHETIC_TEXT
m3sbv1_004843,帮我换一个安静一点的位置，有变化的话提前告诉我,LLM_SYNTHETIC_SPOKEN_BASE,SYNTHETIC_TEXT
m3sbv1_004844,到时候问一下他们什么时候能到，我确认完再跟你说,LLM_SYNTHETIC_SPOKEN_BASE,SYNTHETIC_TEXT
m3sbv1_004845,这两天我想问一下先把这个问题单独记录下来我有点不确定,LLM_SYNTHETIC_SPOKEN_BASE,SYNTHETIC_TEXT
m3sbv1_004846,我记得帮我确认一下字段有没有变，前面这边好安排,LLM_SYNTHETIC_SPOKEN_BASE,SYNTHETIC_TEXT
m3sbv1_004847,我估计帮我确认一下字段有没有变，现场这边好安排,LLM_SYNTHETIC_SPOKEN_BASE,SYNTHETIC_TEXT
m3sbv1_004848,这两天看看有没有影响到别的模块，我确认完再跟你说,LLM_SYNTHETIC_SPOKEN_BASE,SYNTHETIC_TEXT
m3sbv1_004849,我想问一下帮我听一下这个声音正不正常，那边这边好安排,LLM_SYNTHETIC_SPOKEN_BASE,SYNTHETIC_TEXT
m3sbv1_004850,家里我估计试一下重新打开能不能用，免得后面又要重新弄,LLM_SYNTHETIC_SPOKEN_BASE,SYNTHETIC_TEXT
m3sbv1_004851,好像确认一下要不要提前预约，后面这边好安排,LLM_SYNTHETIC_SPOKEN_BASE,SYNTHETIC_TEXT
m3sbv1_004852,等一下我听说告诉我大概还要多久然后告诉我,LLM_SYNTHETIC_SPOKEN_BASE,SYNTHETIC_TEXT
m3sbv1_004853,前面可能看看有没有不用排队的办法，免得后面又要重新弄,LLM_SYNTHETIC_SPOKEN_BASE,SYNTHETIC_TEXT
m3sbv1_004854,店里今天把最新版本发给我看一下我再决定,LLM_SYNTHETIC_SPOKEN_BASE,SYNTHETIC_TEXT
m3sbv1_004855,我觉得问一下能不能晚一点回来，这边这边好安排,LLM_SYNTHETIC_SPOKEN_BASE,SYNTHETIC_TEXT
m3sbv1_004856,等一下先别急，先等等我马上就过来再继续,LLM_SYNTHETIC_SPOKEN_BASE,SYNTHETIC_TEXT
m3sbv1_004857,先帮我把重复的内容删掉，我确认完再跟你说,LLM_SYNTHETIC_SPOKEN_BASE,SYNTHETIC_TEXT
m3sbv1_004858,应该看看谁还没有回复，那边这边好安排,LLM_SYNTHETIC_SPOKEN_BASE,SYNTHETIC_TEXT
m3sbv1_004859,现在看起来帮我听一下这个声音正不正常是不是,LLM_SYNTHETIC_SPOKEN_BASE,SYNTHETIC_TEXT
m3sbv1_004860,现在先别急，把门先关一下有点冷再继续,LLM_SYNTHETIC_SPOKEN_BASE,SYNTHETIC_TEXT
m3sbv1_004861,一会儿感觉告诉我大概还要多久我怕等会儿忘了,LLM_SYNTHETIC_SPOKEN_BASE,SYNTHETIC_TEXT
m3sbv1_004862,我们我估计看看油还够不够，免得后面又要重新弄,LLM_SYNTHETIC_SPOKEN_BASE,SYNTHETIC_TEXT
m3sbv1_004863,他这边没别的要求，把地址再确认一下就可以,LLM_SYNTHETIC_SPOKEN_BASE,SYNTHETIC_TEXT
m3sbv1_004864,好像帮我查一下刚才是哪一步失败了，她这边好安排,LLM_SYNTHETIC_SPOKEN_BASE,SYNTHETIC_TEXT
m3sbv1_004865,最近先别急，告诉我大概还要多久再继续,LLM_SYNTHETIC_SPOKEN_BASE,SYNTHETIC_TEXT
m3sbv1_004866,现场早一点帮我看看这个菜里面有没有辣椒是不是,LLM_SYNTHETIC_SPOKEN_BASE,SYNTHETIC_TEXT
m3sbv1_004867,可能到的时候给我发个消息，前面这边好安排,LLM_SYNTHETIC_SPOKEN_BASE,SYNTHETIC_TEXT
m3sbv1_004868,这边我听说确认一下要不要提前预约，免得后面又要重新弄,LLM_SYNTHETIC_SPOKEN_BASE,SYNTHETIC_TEXT
m3sbv1_004869,我听说问一下能不能晚一点回来，后面这边好安排,LLM_SYNTHETIC_SPOKEN_BASE,SYNTHETIC_TEXT
m3sbv1_004870,早一点可能确认一下会议是不是改到下午了我再决定,LLM_SYNTHETIC_SPOKEN_BASE,SYNTHETIC_TEXT
m3sbv1_004871,他们应该先把现在的结果保存下来，免得后面又要重新弄,LLM_SYNTHETIC_SPOKEN_BASE,SYNTHETIC_TEXT
m3sbv1_004872,确认一下这个功能是不是已经关掉了，有变化的话提前告诉我,LLM_SYNTHETIC_SPOKEN_BASE,SYNTHETIC_TEXT
m3sbv1_004873,她先把刚才那条消息再发我一次我再决定,LLM_SYNTHETIC_SPOKEN_BASE,SYNTHETIC_TEXT
m3sbv1_004874,之前先别急，把这个问题先记到清单里再继续,LLM_SYNTHETIC_SPOKEN_BASE,SYNTHETIC_TEXT
m3sbv1_004875,我我觉得看看有没有更早一点的时间，免得后面又要重新弄,LLM_SYNTHETIC_SPOKEN_BASE,SYNTHETIC_TEXT
m3sbv1_004876,我想问一下看看有没有影响到别的模块，他这边好安排,LLM_SYNTHETIC_SPOKEN_BASE,SYNTHETIC_TEXT
m3sbv1_004877,先麻烦你看看这个价格有没有包含费用我怕等会儿忘了,LLM_SYNTHETIC_SPOKEN_BASE,SYNTHETIC_TEXT
m3sbv1_004878,她我觉得问一下这个能不能少放一点盐，免得后面又要重新弄,LLM_SYNTHETIC_SPOKEN_BASE,SYNTHETIC_TEXT
m3sbv1_004879,感觉确认一下车是不是停在外面，我们这边好安排,LLM_SYNTHETIC_SPOKEN_BASE,SYNTHETIC_TEXT
m3sbv1_004880,一会儿我想问一下看看这个版本是不是最新的,LLM_SYNTHETIC_SPOKEN_BASE,SYNTHETIC_TEXT
m3sbv1_004881,他晚一点帮我看看这个菜里面有没有辣椒我有点不确定,LLM_SYNTHETIC_SPOKEN_BASE,SYNTHETIC_TEXT
m3sbv1_004882,一会儿我听说看看谁还没有回复是不是,LLM_SYNTHETIC_SPOKEN_BASE,SYNTHETIC_TEXT
m3sbv1_004883,这两天我想问一下帮我问一下还有没有空位我怕等会儿忘了,LLM_SYNTHETIC_SPOKEN_BASE,SYNTHETIC_TEXT
m3sbv1_004884,看起来确认一下文件有没有传成功，我刚才没听太清楚,LLM_SYNTHETIC_SPOKEN_BASE,SYNTHETIC_TEXT
m3sbv1_004885,到时候应该看看谁还没有回复我想先确认清楚,LLM_SYNTHETIC_SPOKEN_BASE,SYNTHETIC_TEXT
m3sbv1_004886,刚才麻烦你看看这个接口是不是又报错了然后告诉我,LLM_SYNTHETIC_SPOKEN_BASE,SYNTHETIC_TEXT
m3sbv1_004887,刚才看看还有没有漏掉的步骤，我确认完再跟你说,LLM_SYNTHETIC_SPOKEN_BASE,SYNTHETIC_TEXT
m3sbv1_004888,现场明天看看能不能把时间往后挪一点我想先确认清楚,LLM_SYNTHETIC_SPOKEN_BASE,SYNTHETIC_TEXT
m3sbv1_004889,我觉得把刚才说的重点再讲一遍，前面这边好安排,LLM_SYNTHETIC_SPOKEN_BASE,SYNTHETIC_TEXT
m3sbv1_004890,我确认一下问一下回来的车几点出发，我刚才没听太清楚,LLM_SYNTHETIC_SPOKEN_BASE,SYNTHETIC_TEXT
m3sbv1_004891,可能帮我把需要验证的地方列出来，我刚才没听太清楚,LLM_SYNTHETIC_SPOKEN_BASE,SYNTHETIC_TEXT
m3sbv1_004892,这边最近帮我看看附近有没有停车位行不行,LLM_SYNTHETIC_SPOKEN_BASE,SYNTHETIC_TEXT
m3sbv1_004893,你们感觉看看有没有不用排队的办法，免得后面又要重新弄,LLM_SYNTHETIC_SPOKEN_BASE,SYNTHETIC_TEXT
m3sbv1_004894,麻烦你帮我拿一下旁边那个袋子，现场这边好安排,LLM_SYNTHETIC_SPOKEN_BASE,SYNTHETIC_TEXT
m3sbv1_004895,他这边没别的要求，看看数据是不是重复了就可以,LLM_SYNTHETIC_SPOKEN_BASE,SYNTHETIC_TEXT
m3sbv1_004896,好像帮我看看日志里有没有异常，店里这边好安排,LLM_SYNTHETIC_SPOKEN_BASE,SYNTHETIC_TEXT
m3sbv1_004897,麻烦你问一下早餐几点开始，那边这边好安排,LLM_SYNTHETIC_SPOKEN_BASE,SYNTHETIC_TEXT
m3sbv1_004898,感觉把这个先留着别动，我刚才没听太清楚,LLM_SYNTHETIC_SPOKEN_BASE,SYNTHETIC_TEXT
m3sbv1_004899,一会儿看起来确认一下测试结果有没有更新可以吗,LLM_SYNTHETIC_SPOKEN_BASE,SYNTHETIC_TEXT
m3sbv1_004900,昨天先别急，看看有没有影响到别的模块再继续,LLM_SYNTHETIC_SPOKEN_BASE,SYNTHETIC_TEXT
m3sbv1_004901,现场我听说确认一下要不要提前预约，免得后面又要重新弄,LLM_SYNTHETIC_SPOKEN_BASE,SYNTHETIC_TEXT
m3sbv1_004902,可能看看还有没有漏掉的步骤，现场这边好安排,LLM_SYNTHETIC_SPOKEN_BASE,SYNTHETIC_TEXT
m3sbv1_004903,之前应该确认一下要不要提前预约然后告诉我,LLM_SYNTHETIC_SPOKEN_BASE,SYNTHETIC_TEXT
m3sbv1_004904,等一下可能帮我看看行李放在哪里吧,LLM_SYNTHETIC_SPOKEN_BASE,SYNTHETIC_TEXT
m3sbv1_004905,你们最近帮我确认一下负责人是谁我有点不确定,LLM_SYNTHETIC_SPOKEN_BASE,SYNTHETIC_TEXT
m3sbv1_004906,这边之前确认一下服务有没有启动吧,LLM_SYNTHETIC_SPOKEN_BASE,SYNTHETIC_TEXT
m3sbv1_004907,晚一点先别急，看看这个价格有没有包含费用再继续,LLM_SYNTHETIC_SPOKEN_BASE,SYNTHETIC_TEXT
m3sbv1_004908,早一点先别急，问一下早餐几点开始再继续,LLM_SYNTHETIC_SPOKEN_BASE,SYNTHETIC_TEXT
m3sbv1_004909,我确认一下看看这个东西应该放哪里，公司这边好安排,LLM_SYNTHETIC_SPOKEN_BASE,SYNTHETIC_TEXT
m3sbv1_004910,他现在确认一下测试结果有没有更新,LLM_SYNTHETIC_SPOKEN_BASE,SYNTHETIC_TEXT
m3sbv1_004911,店里这边没别的要求，帮我听一下这个声音正不正常就可以,LLM_SYNTHETIC_SPOKEN_BASE,SYNTHETIC_TEXT
m3sbv1_004912,今天我听说把刚才说的重点再讲一遍别弄错了,LLM_SYNTHETIC_SPOKEN_BASE,SYNTHETIC_TEXT
m3sbv1_004913,我们一会儿看看谁还没有回复吧,LLM_SYNTHETIC_SPOKEN_BASE,SYNTHETIC_TEXT
m3sbv1_004914,确认一下车是不是停在外面，如果不行就先别改,LLM_SYNTHETIC_SPOKEN_BASE,SYNTHETIC_TEXT
m3sbv1_004915,我确认一下看看有没有更早一点的时间，这边这边好安排,LLM_SYNTHETIC_SPOKEN_BASE,SYNTHETIC_TEXT
m3sbv1_004916,我记得确认一下是不是已经下单了，我们这边好安排,LLM_SYNTHETIC_SPOKEN_BASE,SYNTHETIC_TEXT
m3sbv1_004917,麻烦你先别取消我再确认一下，家里这边好安排,LLM_SYNTHETIC_SPOKEN_BASE,SYNTHETIC_TEXT
m3sbv1_004918,最近先别急，确认一下是不是已经下单了再继续,LLM_SYNTHETIC_SPOKEN_BASE,SYNTHETIC_TEXT
m3sbv1_004919,到时候先别急，确认一下灯是不是都关了再继续,LLM_SYNTHETIC_SPOKEN_BASE,SYNTHETIC_TEXT
m3sbv1_004920,我记得帮我听一下这个声音正不正常，那边这边好安排,LLM_SYNTHETIC_SPOKEN_BASE,SYNTHETIC_TEXT
m3sbv1_004921,麻烦你帮我看看这个菜里面有没有辣椒，公司这边好安排,LLM_SYNTHETIC_SPOKEN_BASE,SYNTHETIC_TEXT
m3sbv1_004922,早一点确认一下是不是同一个订单，我确认完再跟你说,LLM_SYNTHETIC_SPOKEN_BASE,SYNTHETIC_TEXT
m3sbv1_004923,我听说看看这个东西应该放哪里，我刚才没听太清楚,LLM_SYNTHETIC_SPOKEN_BASE,SYNTHETIC_TEXT
m3sbv1_004924,家里一会儿看看这个东西应该放哪里然后告诉我,LLM_SYNTHETIC_SPOKEN_BASE,SYNTHETIC_TEXT
m3sbv1_004925,我们明天确认一下这个功能是不是已经关掉了可以吗,LLM_SYNTHETIC_SPOKEN_BASE,SYNTHETIC_TEXT
m3sbv1_004926,她一会儿帮我换一个安静一点的位置别弄错了,LLM_SYNTHETIC_SPOKEN_BASE,SYNTHETIC_TEXT
m3sbv1_004927,我觉得看看这个价格有没有包含费用，你这边好安排,LLM_SYNTHETIC_SPOKEN_BASE,SYNTHETIC_TEXT
m3sbv1_004928,前面刚才确认一下文件有没有传成功是不是,LLM_SYNTHETIC_SPOKEN_BASE,SYNTHETIC_TEXT
m3sbv1_004929,他们这边没别的要求，看看这个杯子是不是我的就可以,LLM_SYNTHETIC_SPOKEN_BASE,SYNTHETIC_TEXT
m3sbv1_004930,好像把最新版本发给我看一下，店里这边好安排,LLM_SYNTHETIC_SPOKEN_BASE,SYNTHETIC_TEXT
m3sbv1_004931,我们这两天问一下这个能不能少放一点盐我再决定,LLM_SYNTHETIC_SPOKEN_BASE,SYNTHETIC_TEXT
m3sbv1_004932,他们今天问一下早餐几点开始别弄错了,LLM_SYNTHETIC_SPOKEN_BASE,SYNTHETIC_TEXT
m3sbv1_004933,我们我想问一下到的时候给我发个消息，免得后面又要重新弄,LLM_SYNTHETIC_SPOKEN_BASE,SYNTHETIC_TEXT
m3sbv1_004934,看起来问一下能不能晚一点回来，公司这边好安排,LLM_SYNTHETIC_SPOKEN_BASE,SYNTHETIC_TEXT
m3sbv1_004935,后面这边没别的要求，看看有没有更早一点的时间就可以,LLM_SYNTHETIC_SPOKEN_BASE,SYNTHETIC_TEXT
m3sbv1_004936,他我确认一下看看是不是网络又断了，免得后面又要重新弄,LLM_SYNTHETIC_SPOKEN_BASE,SYNTHETIC_TEXT
m3sbv1_004937,店里我估计帮我找一下刚才那个页面，免得后面又要重新弄,LLM_SYNTHETIC_SPOKEN_BASE,SYNTHETIC_TEXT
m3sbv1_004938,我确认一下先把这一项记下来，他们这边好安排,LLM_SYNTHETIC_SPOKEN_BASE,SYNTHETIC_TEXT
m3sbv1_004939,前面麻烦你确认一下入口是不是在这边，免得后面又要重新弄,LLM_SYNTHETIC_SPOKEN_BASE,SYNTHETIC_TEXT
m3sbv1_004940,你们到时候看看空调能不能调高一点我有点不确定,LLM_SYNTHETIC_SPOKEN_BASE,SYNTHETIC_TEXT
m3sbv1_004941,后面先确认一下这次只改这一部分然后告诉我,LLM_SYNTHETIC_SPOKEN_BASE,SYNTHETIC_TEXT
m3sbv1_004942,感觉看看前面是不是要左转，我这边好安排,LLM_SYNTHETIC_SPOKEN_BASE,SYNTHETIC_TEXT
m3sbv1_004943,之前我想问一下把刚才说的重点再讲一遍吧,LLM_SYNTHETIC_SPOKEN_BASE,SYNTHETIC_TEXT
m3sbv1_004944,我们好像把门先关一下有点冷，免得后面又要重新弄,LLM_SYNTHETIC_SPOKEN_BASE,SYNTHETIC_TEXT
m3sbv1_004945,昨天先别急，把刚才那条消息再发我一次再继续,LLM_SYNTHETIC_SPOKEN_BASE,SYNTHETIC_TEXT
m3sbv1_004946,前面我想问一下看看这个接口是不是又报错了，免得后面又要重新弄,LLM_SYNTHETIC_SPOKEN_BASE,SYNTHETIC_TEXT
m3sbv1_004947,她今天确认一下时间有没有改可以吗,LLM_SYNTHETIC_SPOKEN_BASE,SYNTHETIC_TEXT
m3sbv1_004948,晚一点我想问一下把位置发给我我自己过去我有点不确定,LLM_SYNTHETIC_SPOKEN_BASE,SYNTHETIC_TEXT
m3sbv1_004949,感觉看看能不能多拿一条毛巾，我们这边好安排,LLM_SYNTHETIC_SPOKEN_BASE,SYNTHETIC_TEXT
m3sbv1_004950,这两天看看能不能多拿一条毛巾，我确认完再跟你说,LLM_SYNTHETIC_SPOKEN_BASE,SYNTHETIC_TEXT
m3sbv1_004951,我们可能看看这个东西应该放哪里，免得后面又要重新弄,LLM_SYNTHETIC_SPOKEN_BASE,SYNTHETIC_TEXT
m3sbv1_004952,我们我听说先把现在的结果保存下来，免得后面又要重新弄,LLM_SYNTHETIC_SPOKEN_BASE,SYNTHETIC_TEXT
m3sbv1_004953,他们明天帮我把水再加一点,LLM_SYNTHETIC_SPOKEN_BASE,SYNTHETIC_TEXT
m3sbv1_004954,先先别急，把最新版本发给我看一下再继续,LLM_SYNTHETIC_SPOKEN_BASE,SYNTHETIC_TEXT
m3sbv1_004955,刚才可能确认一下是不是已经付过了行不行,LLM_SYNTHETIC_SPOKEN_BASE,SYNTHETIC_TEXT
m3sbv1_004956,刚才看起来问一下他们什么时候能到,LLM_SYNTHETIC_SPOKEN_BASE,SYNTHETIC_TEXT
m3sbv1_004957,现在感觉确认一下服务有没有启动我再决定,LLM_SYNTHETIC_SPOKEN_BASE,SYNTHETIC_TEXT
m3sbv1_004958,前面今天确认一下名字有没有写错,LLM_SYNTHETIC_SPOKEN_BASE,SYNTHETIC_TEXT
m3sbv1_004959,后面现在帮我问一下现在还能不能改行不行,LLM_SYNTHETIC_SPOKEN_BASE,SYNTHETIC_TEXT
m3sbv1_004960,昨天可能把地址再确认一下可以吗,LLM_SYNTHETIC_SPOKEN_BASE,SYNTHETIC_TEXT
m3sbv1_004961,看起来帮我换一个安静一点的位置，我刚才没听太清楚,LLM_SYNTHETIC_SPOKEN_BASE,SYNTHETIC_TEXT
m3sbv1_004962,家里先确认一下入口是不是在这边是不是,LLM_SYNTHETIC_SPOKEN_BASE,SYNTHETIC_TEXT
m3sbv1_004963,那边现在看看能不能多拿一条毛巾别弄错了,LLM_SYNTHETIC_SPOKEN_BASE,SYNTHETIC_TEXT
m3sbv1_004964,到时候看起来确认一下是不是同一个订单就行,LLM_SYNTHETIC_SPOKEN_BASE,SYNTHETIC_TEXT
m3sbv1_004965,这边感觉确认一下名字有没有写错，免得后面又要重新弄,LLM_SYNTHETIC_SPOKEN_BASE,SYNTHETIC_TEXT
m3sbv1_004966,她我觉得看看是不是选错选项了，免得后面又要重新弄,LLM_SYNTHETIC_SPOKEN_BASE,SYNTHETIC_TEXT
m3sbv1_004967,家里这边没别的要求，确认一下是不是从这里集合就可以,LLM_SYNTHETIC_SPOKEN_BASE,SYNTHETIC_TEXT
m3sbv1_004968,我应该看看数据是不是重复了，免得后面又要重新弄,LLM_SYNTHETIC_SPOKEN_BASE,SYNTHETIC_TEXT
m3sbv1_004969,这两天先别急，把门先关一下有点冷再继续,LLM_SYNTHETIC_SPOKEN_BASE,SYNTHETIC_TEXT
m3sbv1_004970,我估计帮我看看行李放在哪里，前面这边好安排,LLM_SYNTHETIC_SPOKEN_BASE,SYNTHETIC_TEXT
m3sbv1_004971,刚才麻烦你把声音稍微调小一点,LLM_SYNTHETIC_SPOKEN_BASE,SYNTHETIC_TEXT
m3sbv1_004972,我想问一下帮我问一下还有没有空位，店里这边好安排,LLM_SYNTHETIC_SPOKEN_BASE,SYNTHETIC_TEXT
m3sbv1_004973,前面早一点问一下这个能不能少放一点盐行不行,LLM_SYNTHETIC_SPOKEN_BASE,SYNTHETIC_TEXT
m3sbv1_004974,先看看能不能把时间往后挪一点，我确认完再跟你说,LLM_SYNTHETIC_SPOKEN_BASE,SYNTHETIC_TEXT
m3sbv1_004975,你我听说看看油还够不够，免得后面又要重新弄,LLM_SYNTHETIC_SPOKEN_BASE,SYNTHETIC_TEXT
m3sbv1_004976,麻烦你帮我听一下这个声音正不正常，他们这边好安排,LLM_SYNTHETIC_SPOKEN_BASE,SYNTHETIC_TEXT
m3sbv1_004977,看起来把门先关一下有点冷，我刚才没听太清楚,LLM_SYNTHETIC_SPOKEN_BASE,SYNTHETIC_TEXT
m3sbv1_004978,我觉得确认一下名字有没有写错，我这边好安排,LLM_SYNTHETIC_SPOKEN_BASE,SYNTHETIC_TEXT
m3sbv1_004979,他感觉问一下他们什么时候能到，免得后面又要重新弄,LLM_SYNTHETIC_SPOKEN_BASE,SYNTHETIC_TEXT
m3sbv1_004980,晚一点麻烦你看看有没有不用排队的办法我有点不确定,LLM_SYNTHETIC_SPOKEN_BASE,SYNTHETIC_TEXT
m3sbv1_004981,公司先确认一下是不是同一个订单吧,LLM_SYNTHETIC_SPOKEN_BASE,SYNTHETIC_TEXT
m3sbv1_004982,前面我听说确认一下入口是不是在这边，免得后面又要重新弄,LLM_SYNTHETIC_SPOKEN_BASE,SYNTHETIC_TEXT
m3sbv1_004983,应该确认一下服务有没有启动，我刚才没听太清楚,LLM_SYNTHETIC_SPOKEN_BASE,SYNTHETIC_TEXT
m3sbv1_004984,你们先确认一下名字有没有写错行不行,LLM_SYNTHETIC_SPOKEN_BASE,SYNTHETIC_TEXT
m3sbv1_004985,这边先先别取消我再确认一下我想先确认清楚,LLM_SYNTHETIC_SPOKEN_BASE,SYNTHETIC_TEXT
m3sbv1_004986,前面应该把刚才说的重点再讲一遍，免得后面又要重新弄,LLM_SYNTHETIC_SPOKEN_BASE,SYNTHETIC_TEXT
m3sbv1_004987,麻烦你帮我查一下刚才是哪一步失败了，店里这边好安排,LLM_SYNTHETIC_SPOKEN_BASE,SYNTHETIC_TEXT
m3sbv1_004988,我估计先把旧的那套逻辑放一边，你们这边好安排,LLM_SYNTHETIC_SPOKEN_BASE,SYNTHETIC_TEXT
m3sbv1_004989,一会儿我听说帮我确认一下负责人是谁可以吗,LLM_SYNTHETIC_SPOKEN_BASE,SYNTHETIC_TEXT
m3sbv1_004990,明天可能看看前面能不能掉头是不是,LLM_SYNTHETIC_SPOKEN_BASE,SYNTHETIC_TEXT
m3sbv1_004991,麻烦你看看油还够不够，他们这边好安排,LLM_SYNTHETIC_SPOKEN_BASE,SYNTHETIC_TEXT
m3sbv1_004992,感觉确认一下轮胎是不是有点软，公司这边好安排,LLM_SYNTHETIC_SPOKEN_BASE,SYNTHETIC_TEXT
m3sbv1_004993,家里这边没别的要求，确认一下会议是不是改到下午了就可以,LLM_SYNTHETIC_SPOKEN_BASE,SYNTHETIC_TEXT
m3sbv1_004994,早一点麻烦你确认一下是不是已经付过了,LLM_SYNTHETIC_SPOKEN_BASE,SYNTHETIC_TEXT
m3sbv1_004995,店里今天帮我看看这个菜里面有没有辣椒就行,LLM_SYNTHETIC_SPOKEN_BASE,SYNTHETIC_TEXT
m3sbv1_004996,明天看起来看一下这个是不是放错地方了可以吗,LLM_SYNTHETIC_SPOKEN_BASE,SYNTHETIC_TEXT
m3sbv1_004997,我想问一下看看还有没有漏掉的步骤，我刚才没听太清楚,LLM_SYNTHETIC_SPOKEN_BASE,SYNTHETIC_TEXT
m3sbv1_004998,到时候先别急，帮我换一个安静一点的位置再继续,LLM_SYNTHETIC_SPOKEN_BASE,SYNTHETIC_TEXT
m3sbv1_004999,我们我听说问一下能不能晚一点回来，免得后面又要重新弄,LLM_SYNTHETIC_SPOKEN_BASE,SYNTHETIC_TEXT
m3sbv1_005000,你到时候先把这一项记下来别弄错了,LLM_SYNTHETIC_SPOKEN_BASE,SYNTHETIC_TEXT
m3sbv1_005001,他这边没别的要求，问一下还能不能加一个人就可以,LLM_SYNTHETIC_SPOKEN_BASE,SYNTHETIC_TEXT
m3sbv1_005002,公司这边没别的要求，帮我看看附近有没有停车位就可以,LLM_SYNTHETIC_SPOKEN_BASE,SYNTHETIC_TEXT
m3sbv1_005003,他昨天帮我找一下刚才那个页面我有点不确定,LLM_SYNTHETIC_SPOKEN_BASE,SYNTHETIC_TEXT
m3sbv1_005004,好像确认一下这份文件是不是最终版，我们这边好安排,LLM_SYNTHETIC_SPOKEN_BASE,SYNTHETIC_TEXT
m3sbv1_005005,她这两天确认一下是不是从这里集合我有点不确定,LLM_SYNTHETIC_SPOKEN_BASE,SYNTHETIC_TEXT
m3sbv1_005006,看起来把这个先放到后面处理，她这边好安排,LLM_SYNTHETIC_SPOKEN_BASE,SYNTHETIC_TEXT
m3sbv1_005007,那边到时候先把现在的结果保存下来可以吗,LLM_SYNTHETIC_SPOKEN_BASE,SYNTHETIC_TEXT
m3sbv1_005008,前面这边没别的要求，确认一下停车要不要付费就可以,LLM_SYNTHETIC_SPOKEN_BASE,SYNTHETIC_TEXT
m3sbv1_005009,我想问一下帮我找一下充电线放哪了，我刚才没听太清楚,LLM_SYNTHETIC_SPOKEN_BASE,SYNTHETIC_TEXT
m3sbv1_005010,一会儿看看是不是选错选项了，我确认完再跟你说,LLM_SYNTHETIC_SPOKEN_BASE,SYNTHETIC_TEXT
m3sbv1_005011,这两天我想问一下确认一下是不是从这里集合吧,LLM_SYNTHETIC_SPOKEN_BASE,SYNTHETIC_TEXT
m3sbv1_005012,我觉得看看数据是不是重复了，公司这边好安排,LLM_SYNTHETIC_SPOKEN_BASE,SYNTHETIC_TEXT
m3sbv1_005013,先我记得看看数据是不是重复了行不行,LLM_SYNTHETIC_SPOKEN_BASE,SYNTHETIC_TEXT
m3sbv1_005014,看起来确认一下这次只改这一部分，我刚才没听太清楚,LLM_SYNTHETIC_SPOKEN_BASE,SYNTHETIC_TEXT
m3sbv1_005015,明天帮我看看行李放在哪里，我确认完再跟你说,LLM_SYNTHETIC_SPOKEN_BASE,SYNTHETIC_TEXT
m3sbv1_005016,你们最近帮我看看为什么还没收到我怕等会儿忘了,LLM_SYNTHETIC_SPOKEN_BASE,SYNTHETIC_TEXT
m3sbv1_005017,我记得看看前面是不是要左转，那边这边好安排,LLM_SYNTHETIC_SPOKEN_BASE,SYNTHETIC_TEXT
m3sbv1_005018,这两天确认一下这次只改这一部分，我确认完再跟你说,LLM_SYNTHETIC_SPOKEN_BASE,SYNTHETIC_TEXT
m3sbv1_005019,应该确认一下是不是从这里集合，她这边好安排,LLM_SYNTHETIC_SPOKEN_BASE,SYNTHETIC_TEXT
m3sbv1_005020,我想问一下帮我问一下现在还能不能改，公司这边好安排,LLM_SYNTHETIC_SPOKEN_BASE,SYNTHETIC_TEXT
m3sbv1_005021,我我估计看看是不是还少了什么，免得后面又要重新弄,LLM_SYNTHETIC_SPOKEN_BASE,SYNTHETIC_TEXT
m3sbv1_005022,一会儿我估计帮我看看日志里有没有异常是不是,LLM_SYNTHETIC_SPOKEN_BASE,SYNTHETIC_TEXT
m3sbv1_005023,到时候看起来把这个问题先记到清单里就行,LLM_SYNTHETIC_SPOKEN_BASE,SYNTHETIC_TEXT
m3sbv1_005024,我想问一下别着急我们按顺序来，那边这边好安排,LLM_SYNTHETIC_SPOKEN_BASE,SYNTHETIC_TEXT
m3sbv1_005025,这边好像帮我找一下充电线放哪了，免得后面又要重新弄,LLM_SYNTHETIC_SPOKEN_BASE,SYNTHETIC_TEXT
m3sbv1_005026,这边我听说看看是不是还少了什么，免得后面又要重新弄,LLM_SYNTHETIC_SPOKEN_BASE,SYNTHETIC_TEXT
m3sbv1_005027,可能把这个问题先记到清单里，我们这边好安排,LLM_SYNTHETIC_SPOKEN_BASE,SYNTHETIC_TEXT
m3sbv1_005028,他们我记得帮我看看这个菜里面有没有辣椒，免得后面又要重新弄,LLM_SYNTHETIC_SPOKEN_BASE,SYNTHETIC_TEXT
m3sbv1_005029,现在先别急，帮我把重复的内容删掉再继续,LLM_SYNTHETIC_SPOKEN_BASE,SYNTHETIC_TEXT
m3sbv1_005030,早一点帮我把重复的内容删掉，我确认完再跟你说,LLM_SYNTHETIC_SPOKEN_BASE,SYNTHETIC_TEXT
m3sbv1_005031,到时候看起来确认一下时间有没有改然后告诉我,LLM_SYNTHETIC_SPOKEN_BASE,SYNTHETIC_TEXT
m3sbv1_005032,最近确认一下停车要不要付费，我确认完再跟你说,LLM_SYNTHETIC_SPOKEN_BASE,SYNTHETIC_TEXT
m3sbv1_005033,后面麻烦你确认一下这份文件是不是最终版，免得后面又要重新弄,LLM_SYNTHETIC_SPOKEN_BASE,SYNTHETIC_TEXT
m3sbv1_005034,等一下把最新版本发给我看一下，我确认完再跟你说,LLM_SYNTHETIC_SPOKEN_BASE,SYNTHETIC_TEXT
m3sbv1_005035,我们到时候帮我听一下这个声音正不正常我再决定,LLM_SYNTHETIC_SPOKEN_BASE,SYNTHETIC_TEXT
m3sbv1_005036,晚一点我想问一下看看这个版本是不是最新的吧,LLM_SYNTHETIC_SPOKEN_BASE,SYNTHETIC_TEXT
m3sbv1_005037,后面我觉得确认一下停车要不要付费，免得后面又要重新弄,LLM_SYNTHETIC_SPOKEN_BASE,SYNTHETIC_TEXT
m3sbv1_005038,之前看看这个结果和昨天是不是一样，我确认完再跟你说,LLM_SYNTHETIC_SPOKEN_BASE,SYNTHETIC_TEXT
m3sbv1_005039,昨天先别急，确认一下退房时间是几点再继续,LLM_SYNTHETIC_SPOKEN_BASE,SYNTHETIC_TEXT
m3sbv1_005040,我们我估计先别取消我再确认一下，免得后面又要重新弄,LLM_SYNTHETIC_SPOKEN_BASE,SYNTHETIC_TEXT
m3sbv1_005041,先麻烦你确认一下是不是已经下单了我怕等会儿忘了,LLM_SYNTHETIC_SPOKEN_BASE,SYNTHETIC_TEXT
m3sbv1_005042,你我确认一下确认一下是不是从这里集合，免得后面又要重新弄,LLM_SYNTHETIC_SPOKEN_BASE,SYNTHETIC_TEXT
m3sbv1_005043,家里看起来先等等我马上就过来，免得后面又要重新弄,LLM_SYNTHETIC_SPOKEN_BASE,SYNTHETIC_TEXT
m3sbv1_005044,我确认一下帮我看看行李放在哪里，我刚才没听太清楚,LLM_SYNTHETIC_SPOKEN_BASE,SYNTHETIC_TEXT
m3sbv1_005045,最近我确认一下看看这个接口是不是又报错了吧,LLM_SYNTHETIC_SPOKEN_BASE,SYNTHETIC_TEXT
m3sbv1_005046,家里到时候看看有没有不用排队的办法吧,LLM_SYNTHETIC_SPOKEN_BASE,SYNTHETIC_TEXT
m3sbv1_005047,他们早一点把地址再确认一下然后告诉我,LLM_SYNTHETIC_SPOKEN_BASE,SYNTHETIC_TEXT
m3sbv1_005048,我确认一下帮我问一下还有没有空位，我这边好安排,LLM_SYNTHETIC_SPOKEN_BASE,SYNTHETIC_TEXT
m3sbv1_005049,最近我确认一下把刚才那条消息再发我一次,LLM_SYNTHETIC_SPOKEN_BASE,SYNTHETIC_TEXT
m3sbv1_005050,现场看起来问一下早餐几点开始，免得后面又要重新弄,LLM_SYNTHETIC_SPOKEN_BASE,SYNTHETIC_TEXT
m3sbv1_005051,我这边没别的要求，先把这一项记下来就可以,LLM_SYNTHETIC_SPOKEN_BASE,SYNTHETIC_TEXT
m3sbv1_005052,他昨天帮我看看这个零件是不是松了吧,LLM_SYNTHETIC_SPOKEN_BASE,SYNTHETIC_TEXT
m3sbv1_005053,我们这边没别的要求，确认一下会议是不是改到下午了就可以,LLM_SYNTHETIC_SPOKEN_BASE,SYNTHETIC_TEXT
m3sbv1_005054,明天我觉得帮我问一下现在还能不能改是不是,LLM_SYNTHETIC_SPOKEN_BASE,SYNTHETIC_TEXT
m3sbv1_005055,家里好像确认一下测试结果有没有更新，免得后面又要重新弄,LLM_SYNTHETIC_SPOKEN_BASE,SYNTHETIC_TEXT
m3sbv1_005056,你们早一点看看钥匙是不是还在车里我想先确认清楚,LLM_SYNTHETIC_SPOKEN_BASE,SYNTHETIC_TEXT
m3sbv1_005057,麻烦你确认一下这个功能是不是已经关掉了，你们这边好安排,LLM_SYNTHETIC_SPOKEN_BASE,SYNTHETIC_TEXT
m3sbv1_005058,一会儿我觉得帮我确认一下负责人是谁然后告诉我,LLM_SYNTHETIC_SPOKEN_BASE,SYNTHETIC_TEXT
m3sbv1_005059,公司我估计先把这一项记下来，免得后面又要重新弄,LLM_SYNTHETIC_SPOKEN_BASE,SYNTHETIC_TEXT
m3sbv1_005060,我估计确认一下灯是不是都关了，我刚才没听太清楚,LLM_SYNTHETIC_SPOKEN_BASE,SYNTHETIC_TEXT
m3sbv1_005061,看起来把地址再确认一下，我刚才没听太清楚,LLM_SYNTHETIC_SPOKEN_BASE,SYNTHETIC_TEXT
m3sbv1_005062,家里这边没别的要求，先等等我马上就过来就可以,LLM_SYNTHETIC_SPOKEN_BASE,SYNTHETIC_TEXT
m3sbv1_005063,那边这边没别的要求，告诉我大概还要多久就可以,LLM_SYNTHETIC_SPOKEN_BASE,SYNTHETIC_TEXT
m3sbv1_005064,可能先别取消我再确认一下，你这边好安排,LLM_SYNTHETIC_SPOKEN_BASE,SYNTHETIC_TEXT
m3sbv1_005065,你们这边没别的要求，帮我查一下刚才是哪一步失败了就可以,LLM_SYNTHETIC_SPOKEN_BASE,SYNTHETIC_TEXT
m3sbv1_005066,我想问一下看看有没有影响到别的模块，现场这边好安排,LLM_SYNTHETIC_SPOKEN_BASE,SYNTHETIC_TEXT
m3sbv1_005067,我们早一点先等等我马上就过来可以吗,LLM_SYNTHETIC_SPOKEN_BASE,SYNTHETIC_TEXT
m3sbv1_005068,现场麻烦你确认一下是不是从这里集合，免得后面又要重新弄,LLM_SYNTHETIC_SPOKEN_BASE,SYNTHETIC_TEXT
m3sbv1_005069,早一点先别急，帮我找一下充电线放哪了再继续,LLM_SYNTHETIC_SPOKEN_BASE,SYNTHETIC_TEXT
m3sbv1_005070,这两天帮我看看附近有没有停车位，我确认完再跟你说,LLM_SYNTHETIC_SPOKEN_BASE,SYNTHETIC_TEXT
m3sbv1_005071,好像看看有没有更早一点的时间，这边这边好安排,LLM_SYNTHETIC_SPOKEN_BASE,SYNTHETIC_TEXT
m3sbv1_005072,家里麻烦你帮我问一下现在还能不能改，免得后面又要重新弄,LLM_SYNTHETIC_SPOKEN_BASE,SYNTHETIC_TEXT
m3sbv1_005073,现场这边没别的要求，别着急我们按顺序来就可以,LLM_SYNTHETIC_SPOKEN_BASE,SYNTHETIC_TEXT
m3sbv1_005074,他们昨天看看是不是配置没有生效,LLM_SYNTHETIC_SPOKEN_BASE,SYNTHETIC_TEXT
m3sbv1_005075,我们看起来看看这个结果和昨天是不是一样，免得后面又要重新弄,LLM_SYNTHETIC_SPOKEN_BASE,SYNTHETIC_TEXT
m3sbv1_005076,他可能看看这个价格有没有包含费用，免得后面又要重新弄,LLM_SYNTHETIC_SPOKEN_BASE,SYNTHETIC_TEXT
m3sbv1_005077,等一下帮我换一个安静一点的位置，我确认完再跟你说,LLM_SYNTHETIC_SPOKEN_BASE,SYNTHETIC_TEXT
m3sbv1_005078,你们看起来问一下早餐几点开始，免得后面又要重新弄,LLM_SYNTHETIC_SPOKEN_BASE,SYNTHETIC_TEXT
m3sbv1_005079,她我觉得试一下重新打开能不能用，免得后面又要重新弄,LLM_SYNTHETIC_SPOKEN_BASE,SYNTHETIC_TEXT
m3sbv1_005080,他我听说把刚才那条消息再发我一次，免得后面又要重新弄,LLM_SYNTHETIC_SPOKEN_BASE,SYNTHETIC_TEXT
m3sbv1_005081,之前看起来看看有没有影响到别的模块我怕等会儿忘了,LLM_SYNTHETIC_SPOKEN_BASE,SYNTHETIC_TEXT
m3sbv1_005082,之前感觉看看是不是配置没有生效就行,LLM_SYNTHETIC_SPOKEN_BASE,SYNTHETIC_TEXT
m3sbv1_005083,现在先别急，看一下这个是不是放错地方了再继续,LLM_SYNTHETIC_SPOKEN_BASE,SYNTHETIC_TEXT
m3sbv1_005084,别着急我们按顺序来以后跟我说一声就行,LLM_SYNTHETIC_SPOKEN_BASE,SYNTHETIC_TEXT
m3sbv1_005085,我觉得帮我换一个安静一点的位置，后面这边好安排,LLM_SYNTHETIC_SPOKEN_BASE,SYNTHETIC_TEXT
m3sbv1_005086,麻烦你把刚才那条消息再发我一次，家里这边好安排,LLM_SYNTHETIC_SPOKEN_BASE,SYNTHETIC_TEXT
m3sbv1_005087,后面我确认一下问一下这个能不能少放一点盐，免得后面又要重新弄,LLM_SYNTHETIC_SPOKEN_BASE,SYNTHETIC_TEXT
m3sbv1_005088,应该确认一下这份文件是不是最终版，前面这边好安排,LLM_SYNTHETIC_SPOKEN_BASE,SYNTHETIC_TEXT
m3sbv1_005089,我想问一下看看钥匙是不是还在车里，我刚才没听太清楚,LLM_SYNTHETIC_SPOKEN_BASE,SYNTHETIC_TEXT
m3sbv1_005090,现场看起来再检查一遍有没有问题，免得后面又要重新弄,LLM_SYNTHETIC_SPOKEN_BASE,SYNTHETIC_TEXT
m3sbv1_005091,这两天我估计确认一下是不是已经付过了吧,LLM_SYNTHETIC_SPOKEN_BASE,SYNTHETIC_TEXT
m3sbv1_005092,你应该把这个问题先记到清单里，免得后面又要重新弄,LLM_SYNTHETIC_SPOKEN_BASE,SYNTHETIC_TEXT
m3sbv1_005093,可能帮我确认一下字段有没有变，她这边好安排,LLM_SYNTHETIC_SPOKEN_BASE,SYNTHETIC_TEXT
m3sbv1_005094,等一下帮我看看这个菜里面有没有辣椒，我确认完再跟你说,LLM_SYNTHETIC_SPOKEN_BASE,SYNTHETIC_TEXT
m3sbv1_005095,现在感觉帮我问一下还有没有空位我有点不确定,LLM_SYNTHETIC_SPOKEN_BASE,SYNTHETIC_TEXT
m3sbv1_005096,后面现在看看钥匙是不是还在车里可以吗,LLM_SYNTHETIC_SPOKEN_BASE,SYNTHETIC_TEXT
m3sbv1_005097,刚才好像确认一下测试结果有没有更新吧,LLM_SYNTHETIC_SPOKEN_BASE,SYNTHETIC_TEXT
m3sbv1_005098,我确认一下先把旧的那套逻辑放一边，我刚才没听太清楚,LLM_SYNTHETIC_SPOKEN_BASE,SYNTHETIC_TEXT
m3sbv1_005099,晚一点我估计帮我拿一下旁边那个袋子吧,LLM_SYNTHETIC_SPOKEN_BASE,SYNTHETIC_TEXT
m3sbv1_005100,先先别急，看看谁还没有回复再继续,LLM_SYNTHETIC_SPOKEN_BASE,SYNTHETIC_TEXT
m3sbv1_005101,等一下把地址再确认一下，我确认完再跟你说,LLM_SYNTHETIC_SPOKEN_BASE,SYNTHETIC_TEXT
m3sbv1_005102,到时候先别急，确认一下这次只改这一部分再继续,LLM_SYNTHETIC_SPOKEN_BASE,SYNTHETIC_TEXT
m3sbv1_005103,一会儿我估计帮我问一下还有没有空位我怕等会儿忘了,LLM_SYNTHETIC_SPOKEN_BASE,SYNTHETIC_TEXT
m3sbv1_005104,前面明天看看能不能换成小份是不是,LLM_SYNTHETIC_SPOKEN_BASE,SYNTHETIC_TEXT
m3sbv1_005105,刚才我听说帮我看看这个号码对不对我有点不确定,LLM_SYNTHETIC_SPOKEN_BASE,SYNTHETIC_TEXT
m3sbv1_005106,我们这边没别的要求，把刚才说的重点再讲一遍就可以,LLM_SYNTHETIC_SPOKEN_BASE,SYNTHETIC_TEXT
m3sbv1_005107,先问一下这个能不能少放一点盐，我确认完再跟你说,LLM_SYNTHETIC_SPOKEN_BASE,SYNTHETIC_TEXT
m3sbv1_005108,看起来确认一下要不要提前预约，我刚才没听太清楚,LLM_SYNTHETIC_SPOKEN_BASE,SYNTHETIC_TEXT
m3sbv1_005109,他我觉得帮我看看这个号码对不对，免得后面又要重新弄,LLM_SYNTHETIC_SPOKEN_BASE,SYNTHETIC_TEXT
m3sbv1_005110,她到时候帮我找一下刚才那个页面我有点不确定,LLM_SYNTHETIC_SPOKEN_BASE,SYNTHETIC_TEXT
m3sbv1_005111,现在可能看看这个杯子是不是我的可以吗,LLM_SYNTHETIC_SPOKEN_BASE,SYNTHETIC_TEXT
m3sbv1_005112,等一下我听说问一下还能不能加一个人就行,LLM_SYNTHETIC_SPOKEN_BASE,SYNTHETIC_TEXT
m3sbv1_005113,你我听说看看数据是不是重复了，免得后面又要重新弄,LLM_SYNTHETIC_SPOKEN_BASE,SYNTHETIC_TEXT
m3sbv1_005114,一会儿我记得看看谁还没有回复,LLM_SYNTHETIC_SPOKEN_BASE,SYNTHETIC_TEXT
m3sbv1_005115,他可能看看是不是配置没有生效，免得后面又要重新弄,LLM_SYNTHETIC_SPOKEN_BASE,SYNTHETIC_TEXT
m3sbv1_005116,麻烦你帮我看看这个零件是不是松了，后面这边好安排,LLM_SYNTHETIC_SPOKEN_BASE,SYNTHETIC_TEXT
m3sbv1_005117,公司可能把位置发给我我自己过去，免得后面又要重新弄,LLM_SYNTHETIC_SPOKEN_BASE,SYNTHETIC_TEXT
m3sbv1_005118,好像帮我看看这个菜里面有没有辣椒，后面这边好安排,LLM_SYNTHETIC_SPOKEN_BASE,SYNTHETIC_TEXT
m3sbv1_005119,现场可能看看前面能不能掉头，免得后面又要重新弄,LLM_SYNTHETIC_SPOKEN_BASE,SYNTHETIC_TEXT
m3sbv1_005120,好像帮我看看日志里有没有异常，公司这边好安排,LLM_SYNTHETIC_SPOKEN_BASE,SYNTHETIC_TEXT
m3sbv1_005121,家里我估计把地址再确认一下，免得后面又要重新弄,LLM_SYNTHETIC_SPOKEN_BASE,SYNTHETIC_TEXT
m3sbv1_005122,晚一点我想问一下看看这个结果和昨天是不是一样我怕等会儿忘了,LLM_SYNTHETIC_SPOKEN_BASE,SYNTHETIC_TEXT
m3sbv1_005123,这边到时候确认一下退房时间是几点就行,LLM_SYNTHETIC_SPOKEN_BASE,SYNTHETIC_TEXT
m3sbv1_005124,之前感觉帮我拿一下旁边那个袋子我想先确认清楚,LLM_SYNTHETIC_SPOKEN_BASE,SYNTHETIC_TEXT
m3sbv1_005125,确认一下这份文件是不是最终版，有变化的话提前告诉我,LLM_SYNTHETIC_SPOKEN_BASE,SYNTHETIC_TEXT
m3sbv1_005126,他到时候看看前面能不能掉头是不是,LLM_SYNTHETIC_SPOKEN_BASE,SYNTHETIC_TEXT
m3sbv1_005127,家里这边没别的要求，确认一下服务有没有启动就可以,LLM_SYNTHETIC_SPOKEN_BASE,SYNTHETIC_TEXT
m3sbv1_005128,今天好像帮我问一下还有没有空位可以吗,LLM_SYNTHETIC_SPOKEN_BASE,SYNTHETIC_TEXT
m3sbv1_005129,先我估计帮我找一下刚才那个页面就行,LLM_SYNTHETIC_SPOKEN_BASE,SYNTHETIC_TEXT
m3sbv1_005130,公司昨天把这个先放到后面处理,LLM_SYNTHETIC_SPOKEN_BASE,SYNTHETIC_TEXT
m3sbv1_005131,看一下这个是不是放错地方了以后跟我说一声就行,LLM_SYNTHETIC_SPOKEN_BASE,SYNTHETIC_TEXT
m3sbv1_005132,我听说看一下这个是不是放错地方了，这边这边好安排,LLM_SYNTHETIC_SPOKEN_BASE,SYNTHETIC_TEXT
m3sbv1_005133,先把地址再确认一下，我确认完再跟你说,LLM_SYNTHETIC_SPOKEN_BASE,SYNTHETIC_TEXT
m3sbv1_005134,等一下我估计别着急我们按顺序来别弄错了,LLM_SYNTHETIC_SPOKEN_BASE,SYNTHETIC_TEXT
m3sbv1_005135,前面麻烦你看看有没有更早一点的时间，免得后面又要重新弄,LLM_SYNTHETIC_SPOKEN_BASE,SYNTHETIC_TEXT
m3sbv1_005136,你今天看看有没有更早一点的时间别弄错了,LLM_SYNTHETIC_SPOKEN_BASE,SYNTHETIC_TEXT
m3sbv1_005137,公司我确认一下看看这个价格有没有包含费用，免得后面又要重新弄,LLM_SYNTHETIC_SPOKEN_BASE,SYNTHETIC_TEXT
m3sbv1_005138,先应该帮我找一下充电线放哪了吧,LLM_SYNTHETIC_SPOKEN_BASE,SYNTHETIC_TEXT
m3sbv1_005139,我现在看看是不是还少了什么行不行,LLM_SYNTHETIC_SPOKEN_BASE,SYNTHETIC_TEXT
m3sbv1_005140,他们等一下看看前面能不能掉头别弄错了,LLM_SYNTHETIC_SPOKEN_BASE,SYNTHETIC_TEXT
m3sbv1_005141,他们等一下确认一下是不是同一个订单可以吗,LLM_SYNTHETIC_SPOKEN_BASE,SYNTHETIC_TEXT
m3sbv1_005142,我们这边没别的要求，帮我问一下现在还能不能改就可以,LLM_SYNTHETIC_SPOKEN_BASE,SYNTHETIC_TEXT
m3sbv1_005143,麻烦你看看钥匙是不是还在车里，我这边好安排,LLM_SYNTHETIC_SPOKEN_BASE,SYNTHETIC_TEXT
m3sbv1_005144,这边应该确认一下入口是不是在这边，免得后面又要重新弄,LLM_SYNTHETIC_SPOKEN_BASE,SYNTHETIC_TEXT
m3sbv1_005145,我估计看看能不能多拿一条毛巾，我这边好安排,LLM_SYNTHETIC_SPOKEN_BASE,SYNTHETIC_TEXT
m3sbv1_005146,我记得确认一下是不是同一个订单，这边这边好安排,LLM_SYNTHETIC_SPOKEN_BASE,SYNTHETIC_TEXT
m3sbv1_005147,一会儿我觉得把声音稍微调小一点是不是,LLM_SYNTHETIC_SPOKEN_BASE,SYNTHETIC_TEXT
m3sbv1_005148,公司我听说再检查一遍有没有问题，免得后面又要重新弄,LLM_SYNTHETIC_SPOKEN_BASE,SYNTHETIC_TEXT
m3sbv1_005149,明天我估计确认一下这次只改这一部分是不是,LLM_SYNTHETIC_SPOKEN_BASE,SYNTHETIC_TEXT
m3sbv1_005150,他们麻烦你帮我确认一下房间准备好了没有，免得后面又要重新弄,LLM_SYNTHETIC_SPOKEN_BASE,SYNTHETIC_TEXT
m3sbv1_005151,我觉得帮我把重复的内容删掉，店里这边好安排,LLM_SYNTHETIC_SPOKEN_BASE,SYNTHETIC_TEXT
m3sbv1_005152,明天先别急，把地址再确认一下再继续,LLM_SYNTHETIC_SPOKEN_BASE,SYNTHETIC_TEXT
m3sbv1_005153,他早一点把这个先留着别动是不是,LLM_SYNTHETIC_SPOKEN_BASE,SYNTHETIC_TEXT
m3sbv1_005154,刚才看起来先把现在的结果保存下来我有点不确定,LLM_SYNTHETIC_SPOKEN_BASE,SYNTHETIC_TEXT
m3sbv1_005155,你们一会儿确认一下是不是已经付过了我有点不确定,LLM_SYNTHETIC_SPOKEN_BASE,SYNTHETIC_TEXT
m3sbv1_005156,之前我听说帮我看看日志里有没有异常我想先确认清楚,LLM_SYNTHETIC_SPOKEN_BASE,SYNTHETIC_TEXT
m3sbv1_005157,晚一点别着急我们按顺序来，我确认完再跟你说,LLM_SYNTHETIC_SPOKEN_BASE,SYNTHETIC_TEXT
m3sbv1_005158,昨天看起来看看这个接口是不是又报错了别弄错了,LLM_SYNTHETIC_SPOKEN_BASE,SYNTHETIC_TEXT
m3sbv1_005159,今天问一下能不能晚一点回来，我确认完再跟你说,LLM_SYNTHETIC_SPOKEN_BASE,SYNTHETIC_TEXT
m3sbv1_005160,应该把位置发给我我自己过去，我刚才没听太清楚,LLM_SYNTHETIC_SPOKEN_BASE,SYNTHETIC_TEXT
m3sbv1_005161,我确认一下把最新版本发给我看一下，我刚才没听太清楚,LLM_SYNTHETIC_SPOKEN_BASE,SYNTHETIC_TEXT
m3sbv1_005162,问一下早餐几点开始，如果不行就先别改,LLM_SYNTHETIC_SPOKEN_BASE,SYNTHETIC_TEXT
m3sbv1_005163,现场我听说看看油还够不够，免得后面又要重新弄,LLM_SYNTHETIC_SPOKEN_BASE,SYNTHETIC_TEXT
m3sbv1_005164,到时候先别急，把位置发给我我自己过去再继续,LLM_SYNTHETIC_SPOKEN_BASE,SYNTHETIC_TEXT
m3sbv1_005165,我觉得帮我看看行李放在哪里，家里这边好安排,LLM_SYNTHETIC_SPOKEN_BASE,SYNTHETIC_TEXT
m3sbv1_005166,先好像确认一下车是不是停在外面就行,LLM_SYNTHETIC_SPOKEN_BASE,SYNTHETIC_TEXT
m3sbv1_005167,我我听说把最新版本发给我看一下，免得后面又要重新弄,LLM_SYNTHETIC_SPOKEN_BASE,SYNTHETIC_TEXT
m3sbv1_005168,感觉先别取消我再确认一下，我这边好安排,LLM_SYNTHETIC_SPOKEN_BASE,SYNTHETIC_TEXT
m3sbv1_005169,你们这边没别的要求，把声音稍微调小一点就可以,LLM_SYNTHETIC_SPOKEN_BASE,SYNTHETIC_TEXT
m3sbv1_005170,公司昨天确认一下文件有没有传成功我想先确认清楚,LLM_SYNTHETIC_SPOKEN_BASE,SYNTHETIC_TEXT
m3sbv1_005171,麻烦你帮我看看日志里有没有异常，他这边好安排,LLM_SYNTHETIC_SPOKEN_BASE,SYNTHETIC_TEXT
m3sbv1_005172,我确认一下确认一下服务有没有启动，那边这边好安排,LLM_SYNTHETIC_SPOKEN_BASE,SYNTHETIC_TEXT
m3sbv1_005173,家里好像看看这个版本是不是最新的，免得后面又要重新弄,LLM_SYNTHETIC_SPOKEN_BASE,SYNTHETIC_TEXT
m3sbv1_005174,这边感觉把位置发给我我自己过去，免得后面又要重新弄,LLM_SYNTHETIC_SPOKEN_BASE,SYNTHETIC_TEXT
m3sbv1_005175,他们我记得确认一下文件有没有传成功，免得后面又要重新弄,LLM_SYNTHETIC_SPOKEN_BASE,SYNTHETIC_TEXT
m3sbv1_005176,最近帮我看看为什么还没收到，我确认完再跟你说,LLM_SYNTHETIC_SPOKEN_BASE,SYNTHETIC_TEXT
m3sbv1_005177,家里这边没别的要求，帮我把水再加一点就可以,LLM_SYNTHETIC_SPOKEN_BASE,SYNTHETIC_TEXT
m3sbv1_005178,明天先别急，先把旧的那套逻辑放一边再继续,LLM_SYNTHETIC_SPOKEN_BASE,SYNTHETIC_TEXT
m3sbv1_005179,昨天我听说确认一下是不是从这里集合我有点不确定,LLM_SYNTHETIC_SPOKEN_BASE,SYNTHETIC_TEXT
m3sbv1_005180,前面我想问一下看看空调能不能调高一点，免得后面又要重新弄,LLM_SYNTHETIC_SPOKEN_BASE,SYNTHETIC_TEXT
m3sbv1_005181,店里这边没别的要求，确认一下服务有没有启动就可以,LLM_SYNTHETIC_SPOKEN_BASE,SYNTHETIC_TEXT
m3sbv1_005182,等一下可能帮我问一下现在还能不能改,LLM_SYNTHETIC_SPOKEN_BASE,SYNTHETIC_TEXT
m3sbv1_005183,你们这边没别的要求，看看能不能换成小份就可以,LLM_SYNTHETIC_SPOKEN_BASE,SYNTHETIC_TEXT
m3sbv1_005184,好像看看是不是配置没有生效，前面这边好安排,LLM_SYNTHETIC_SPOKEN_BASE,SYNTHETIC_TEXT
m3sbv1_005185,前面这边没别的要求，问一下这个能不能少放一点盐就可以,LLM_SYNTHETIC_SPOKEN_BASE,SYNTHETIC_TEXT
m3sbv1_005186,现场这边没别的要求，确认一下车是不是停在外面就可以,LLM_SYNTHETIC_SPOKEN_BASE,SYNTHETIC_TEXT
m3sbv1_005187,应该看看这个杯子是不是我的，那边这边好安排,LLM_SYNTHETIC_SPOKEN_BASE,SYNTHETIC_TEXT
m3sbv1_005188,前面刚才看看这个结果和昨天是不是一样我想先确认清楚,LLM_SYNTHETIC_SPOKEN_BASE,SYNTHETIC_TEXT
m3sbv1_005189,公司看起来先别取消我再确认一下，免得后面又要重新弄,LLM_SYNTHETIC_SPOKEN_BASE,SYNTHETIC_TEXT
m3sbv1_005190,我确认一下问一下还能不能加一个人，后面这边好安排,LLM_SYNTHETIC_SPOKEN_BASE,SYNTHETIC_TEXT
m3sbv1_005191,前面可能确认一下停车要不要付费，免得后面又要重新弄,LLM_SYNTHETIC_SPOKEN_BASE,SYNTHETIC_TEXT
m3sbv1_005192,昨天看看这个接口是不是又报错了，我确认完再跟你说,LLM_SYNTHETIC_SPOKEN_BASE,SYNTHETIC_TEXT
m3sbv1_005193,应该确认一下要不要提前预约，家里这边好安排,LLM_SYNTHETIC_SPOKEN_BASE,SYNTHETIC_TEXT
m3sbv1_005194,他昨天帮我问一下现在还能不能改行不行,LLM_SYNTHETIC_SPOKEN_BASE,SYNTHETIC_TEXT
m3sbv1_005195,你们之前问一下还能不能加一个人我有点不确定,LLM_SYNTHETIC_SPOKEN_BASE,SYNTHETIC_TEXT
m3sbv1_005196,等一下先别急，帮我看看这个号码对不对再继续,LLM_SYNTHETIC_SPOKEN_BASE,SYNTHETIC_TEXT
m3sbv1_005197,感觉把最新版本发给我看一下，她这边好安排,LLM_SYNTHETIC_SPOKEN_BASE,SYNTHETIC_TEXT
m3sbv1_005198,我觉得确认一下会议是不是改到下午了，我刚才没听太清楚,LLM_SYNTHETIC_SPOKEN_BASE,SYNTHETIC_TEXT
m3sbv1_005199,前面麻烦你确认一下停车要不要付费，免得后面又要重新弄,LLM_SYNTHETIC_SPOKEN_BASE,SYNTHETIC_TEXT
m3sbv1_005200,感觉确认一下轮胎是不是有点软，前面这边好安排,LLM_SYNTHETIC_SPOKEN_BASE,SYNTHETIC_TEXT
m3sbv1_005201,现在应该帮我换一个安静一点的位置行不行,LLM_SYNTHETIC_SPOKEN_BASE,SYNTHETIC_TEXT
m3sbv1_005202,最近先别急，问一下早餐几点开始再继续,LLM_SYNTHETIC_SPOKEN_BASE,SYNTHETIC_TEXT
m3sbv1_005203,公司应该帮我查一下刚才是哪一步失败了，免得后面又要重新弄,LLM_SYNTHETIC_SPOKEN_BASE,SYNTHETIC_TEXT
m3sbv1_005204,最近先别急，帮我把重复的内容删掉再继续,LLM_SYNTHETIC_SPOKEN_BASE,SYNTHETIC_TEXT
m3sbv1_005205,我这边没别的要求，看看油还够不够就可以,LLM_SYNTHETIC_SPOKEN_BASE,SYNTHETIC_TEXT
m3sbv1_005206,我确认一下看看数据是不是重复了，前面这边好安排,LLM_SYNTHETIC_SPOKEN_BASE,SYNTHETIC_TEXT
m3sbv1_005207,现在先别急，看看这个版本是不是最新的再继续,LLM_SYNTHETIC_SPOKEN_BASE,SYNTHETIC_TEXT
m3sbv1_005208,后面先先等等我马上就过来我再决定,LLM_SYNTHETIC_SPOKEN_BASE,SYNTHETIC_TEXT
m3sbv1_005209,前面现在先把这个问题单独记录下来别弄错了,LLM_SYNTHETIC_SPOKEN_BASE,SYNTHETIC_TEXT
m3sbv1_005210,早一点先别急，先等等我马上就过来再继续,LLM_SYNTHETIC_SPOKEN_BASE,SYNTHETIC_TEXT
m3sbv1_005211,我确认一下看看这个东西应该放哪里，她这边好安排,LLM_SYNTHETIC_SPOKEN_BASE,SYNTHETIC_TEXT
m3sbv1_005212,先先别急，确认一下车是不是停在外面再继续,LLM_SYNTHETIC_SPOKEN_BASE,SYNTHETIC_TEXT
m3sbv1_005213,晚一点我确认一下确认一下是不是从这里集合行不行,LLM_SYNTHETIC_SPOKEN_BASE,SYNTHETIC_TEXT
m3sbv1_005214,店里这边没别的要求，问一下还能不能加一个人就可以,LLM_SYNTHETIC_SPOKEN_BASE,SYNTHETIC_TEXT
m3sbv1_005215,你们晚一点帮我查一下刚才是哪一步失败了就行,LLM_SYNTHETIC_SPOKEN_BASE,SYNTHETIC_TEXT
m3sbv1_005216,晚一点我觉得确认一下是不是已经付过了行不行,LLM_SYNTHETIC_SPOKEN_BASE,SYNTHETIC_TEXT
m3sbv1_005217,你们这边没别的要求，确认一下时间有没有改就可以,LLM_SYNTHETIC_SPOKEN_BASE,SYNTHETIC_TEXT
m3sbv1_005218,感觉帮我找一下充电线放哪了，前面这边好安排,LLM_SYNTHETIC_SPOKEN_BASE,SYNTHETIC_TEXT
m3sbv1_005219,我觉得确认一下要不要提前预约，你这边好安排,LLM_SYNTHETIC_SPOKEN_BASE,SYNTHETIC_TEXT
m3sbv1_005220,那边我记得确认一下测试结果有没有更新，免得后面又要重新弄,LLM_SYNTHETIC_SPOKEN_BASE,SYNTHETIC_TEXT
m3sbv1_005221,我听说把这个先留着别动，那边这边好安排,LLM_SYNTHETIC_SPOKEN_BASE,SYNTHETIC_TEXT
m3sbv1_005222,你我估计看看有没有更早一点的时间，免得后面又要重新弄,LLM_SYNTHETIC_SPOKEN_BASE,SYNTHETIC_TEXT
m3sbv1_005223,你们这边没别的要求，帮我找一下充电线放哪了就可以,LLM_SYNTHETIC_SPOKEN_BASE,SYNTHETIC_TEXT
m3sbv1_005224,你我估计看看前面能不能掉头，免得后面又要重新弄,LLM_SYNTHETIC_SPOKEN_BASE,SYNTHETIC_TEXT
m3sbv1_005225,他们这边没别的要求，看看前面能不能掉头就可以,LLM_SYNTHETIC_SPOKEN_BASE,SYNTHETIC_TEXT
m3sbv1_005226,等一下我听说确认一下停车要不要付费我想先确认清楚,LLM_SYNTHETIC_SPOKEN_BASE,SYNTHETIC_TEXT
m3sbv1_005227,等一下先别急，帮我问一下现在还能不能改再继续,LLM_SYNTHETIC_SPOKEN_BASE,SYNTHETIC_TEXT
m3sbv1_005228,好像看看是不是配置没有生效，你们这边好安排,LLM_SYNTHETIC_SPOKEN_BASE,SYNTHETIC_TEXT
m3sbv1_005229,刚才看看导航是不是带错路了，我确认完再跟你说,LLM_SYNTHETIC_SPOKEN_BASE,SYNTHETIC_TEXT
m3sbv1_005230,我听说看看这个杯子是不是我的，前面这边好安排,LLM_SYNTHETIC_SPOKEN_BASE,SYNTHETIC_TEXT
m3sbv1_005231,家里麻烦你看看是不是还少了什么，免得后面又要重新弄,LLM_SYNTHETIC_SPOKEN_BASE,SYNTHETIC_TEXT
m3sbv1_005232,家里这两天看看能不能多拿一条毛巾行不行,LLM_SYNTHETIC_SPOKEN_BASE,SYNTHETIC_TEXT
m3sbv1_005233,他们现在先把这个问题单独记录下来别弄错了,LLM_SYNTHETIC_SPOKEN_BASE,SYNTHETIC_TEXT
m3sbv1_005234,之前麻烦你帮我把水再加一点是不是,LLM_SYNTHETIC_SPOKEN_BASE,SYNTHETIC_TEXT
m3sbv1_005235,现在确认一下是不是从这里集合，我确认完再跟你说,LLM_SYNTHETIC_SPOKEN_BASE,SYNTHETIC_TEXT
m3sbv1_005236,感觉别着急我们按顺序来，我们这边好安排,LLM_SYNTHETIC_SPOKEN_BASE,SYNTHETIC_TEXT
m3sbv1_005237,你看起来帮我把重复的内容删掉，免得后面又要重新弄,LLM_SYNTHETIC_SPOKEN_BASE,SYNTHETIC_TEXT
m3sbv1_005238,先麻烦你确认一下要不要提前预约别弄错了,LLM_SYNTHETIC_SPOKEN_BASE,SYNTHETIC_TEXT
m3sbv1_005239,家里这边没别的要求，看看是不是还少了什么就可以,LLM_SYNTHETIC_SPOKEN_BASE,SYNTHETIC_TEXT
m3sbv1_005240,前面今天看看谁还没有回复是不是,LLM_SYNTHETIC_SPOKEN_BASE,SYNTHETIC_TEXT
m3sbv1_005241,晚一点先别急，确认一下服务有没有启动再继续,LLM_SYNTHETIC_SPOKEN_BASE,SYNTHETIC_TEXT
m3sbv1_005242,店里这边没别的要求，先等等我马上就过来就可以,LLM_SYNTHETIC_SPOKEN_BASE,SYNTHETIC_TEXT
m3sbv1_005243,我一会儿确认一下会议是不是改到下午了我怕等会儿忘了,LLM_SYNTHETIC_SPOKEN_BASE,SYNTHETIC_TEXT
m3sbv1_005244,他们我觉得看看有没有影响到别的模块，免得后面又要重新弄,LLM_SYNTHETIC_SPOKEN_BASE,SYNTHETIC_TEXT
m3sbv1_005245,店里我听说确认一下入口是不是在这边，免得后面又要重新弄,LLM_SYNTHETIC_SPOKEN_BASE,SYNTHETIC_TEXT
m3sbv1_005246,后面刚才先等等我马上就过来我怕等会儿忘了,LLM_SYNTHETIC_SPOKEN_BASE,SYNTHETIC_TEXT
m3sbv1_005247,公司这边没别的要求，帮我换一个安静一点的位置就可以,LLM_SYNTHETIC_SPOKEN_BASE,SYNTHETIC_TEXT
m3sbv1_005248,感觉看看这个版本是不是最新的，你这边好安排,LLM_SYNTHETIC_SPOKEN_BASE,SYNTHETIC_TEXT
m3sbv1_005249,我记得帮我找一下充电线放哪了，前面这边好安排,LLM_SYNTHETIC_SPOKEN_BASE,SYNTHETIC_TEXT
m3sbv1_005250,麻烦你帮我听一下这个声音正不正常，她这边好安排,LLM_SYNTHETIC_SPOKEN_BASE,SYNTHETIC_TEXT
m3sbv1_005251,他我确认一下问一下还能不能加一个人，免得后面又要重新弄,LLM_SYNTHETIC_SPOKEN_BASE,SYNTHETIC_TEXT
m3sbv1_005252,他现在看看是不是网络又断了,LLM_SYNTHETIC_SPOKEN_BASE,SYNTHETIC_TEXT
m3sbv1_005253,后面到时候帮我看看这个号码对不对然后告诉我,LLM_SYNTHETIC_SPOKEN_BASE,SYNTHETIC_TEXT
m3sbv1_005254,最近我想问一下确认一下文件有没有传成功行不行,LLM_SYNTHETIC_SPOKEN_BASE,SYNTHETIC_TEXT
m3sbv1_005255,刚才我记得确认一下测试结果有没有更新就行,LLM_SYNTHETIC_SPOKEN_BASE,SYNTHETIC_TEXT
m3sbv1_005256,帮我听一下这个声音正不正常，如果不行就先别改,LLM_SYNTHETIC_SPOKEN_BASE,SYNTHETIC_TEXT
m3sbv1_005257,等一下感觉帮我确认一下字段有没有变然后告诉我,LLM_SYNTHETIC_SPOKEN_BASE,SYNTHETIC_TEXT
m3sbv1_005258,店里这边没别的要求，把刚才说的重点再讲一遍就可以,LLM_SYNTHETIC_SPOKEN_BASE,SYNTHETIC_TEXT
m3sbv1_005259,这两天先别急，问一下这个能不能少放一点盐再继续,LLM_SYNTHETIC_SPOKEN_BASE,SYNTHETIC_TEXT
m3sbv1_005260,这边我记得帮我找一下充电线放哪了，免得后面又要重新弄,LLM_SYNTHETIC_SPOKEN_BASE,SYNTHETIC_TEXT
m3sbv1_005261,这两天先别急，把这个问题先记到清单里再继续,LLM_SYNTHETIC_SPOKEN_BASE,SYNTHETIC_TEXT
m3sbv1_005262,公司等一下把这个先留着别动行不行,LLM_SYNTHETIC_SPOKEN_BASE,SYNTHETIC_TEXT
m3sbv1_005263,那边到时候确认一下轮胎是不是有点软,LLM_SYNTHETIC_SPOKEN_BASE,SYNTHETIC_TEXT
m3sbv1_005264,店里这两天问一下他们什么时候能到是不是,LLM_SYNTHETIC_SPOKEN_BASE,SYNTHETIC_TEXT
m3sbv1_005265,应该把这个先留着别动，他这边好安排,LLM_SYNTHETIC_SPOKEN_BASE,SYNTHETIC_TEXT
m3sbv1_005266,这两天先别急，看看能不能换成小份再继续,LLM_SYNTHETIC_SPOKEN_BASE,SYNTHETIC_TEXT
m3sbv1_005267,现场今天把地址再确认一下,LLM_SYNTHETIC_SPOKEN_BASE,SYNTHETIC_TEXT
m3sbv1_005268,你们这边没别的要求，帮我把重复的内容删掉就可以,LLM_SYNTHETIC_SPOKEN_BASE,SYNTHETIC_TEXT
m3sbv1_005269,应该帮我确认一下下一站在哪里，前面这边好安排,LLM_SYNTHETIC_SPOKEN_BASE,SYNTHETIC_TEXT
m3sbv1_005270,店里一会儿确认一下名字有没有写错,LLM_SYNTHETIC_SPOKEN_BASE,SYNTHETIC_TEXT
m3sbv1_005271,我确认一下帮我把水再加一点，后面这边好安排,LLM_SYNTHETIC_SPOKEN_BASE,SYNTHETIC_TEXT
m3sbv1_005272,后面这边没别的要求，看看这个杯子是不是我的就可以,LLM_SYNTHETIC_SPOKEN_BASE,SYNTHETIC_TEXT
m3sbv1_005273,公司我听说试一下重新打开能不能用，免得后面又要重新弄,LLM_SYNTHETIC_SPOKEN_BASE,SYNTHETIC_TEXT
m3sbv1_005274,现在先把这个问题单独记录下来，我确认完再跟你说,LLM_SYNTHETIC_SPOKEN_BASE,SYNTHETIC_TEXT
m3sbv1_005275,店里我觉得看看这个版本是不是最新的，免得后面又要重新弄,LLM_SYNTHETIC_SPOKEN_BASE,SYNTHETIC_TEXT
m3sbv1_005276,现场今天看看前面是不是要左转然后告诉我,LLM_SYNTHETIC_SPOKEN_BASE,SYNTHETIC_TEXT
m3sbv1_005277,前面这两天看看油还够不够行不行,LLM_SYNTHETIC_SPOKEN_BASE,SYNTHETIC_TEXT
m3sbv1_005278,前面看起来看看前面是不是要左转，免得后面又要重新弄,LLM_SYNTHETIC_SPOKEN_BASE,SYNTHETIC_TEXT
m3sbv1_005279,他们这边没别的要求，帮我找一下充电线放哪了就可以,LLM_SYNTHETIC_SPOKEN_BASE,SYNTHETIC_TEXT
m3sbv1_005280,到时候麻烦你把最新版本发给我看一下吧,LLM_SYNTHETIC_SPOKEN_BASE,SYNTHETIC_TEXT
m3sbv1_005281,他们麻烦你看看有没有更早一点的时间，免得后面又要重新弄,LLM_SYNTHETIC_SPOKEN_BASE,SYNTHETIC_TEXT
m3sbv1_005282,一会儿帮我看看行李放在哪里，我确认完再跟你说,LLM_SYNTHETIC_SPOKEN_BASE,SYNTHETIC_TEXT
m3sbv1_005283,公司这边没别的要求，帮我拿一下旁边那个袋子就可以,LLM_SYNTHETIC_SPOKEN_BASE,SYNTHETIC_TEXT
m3sbv1_005284,现场好像看看能不能换成小份，免得后面又要重新弄,LLM_SYNTHETIC_SPOKEN_BASE,SYNTHETIC_TEXT
m3sbv1_005285,前面看起来到的时候给我发个消息，免得后面又要重新弄,LLM_SYNTHETIC_SPOKEN_BASE,SYNTHETIC_TEXT
m3sbv1_005286,晚一点可能确认一下要不要提前预约,LLM_SYNTHETIC_SPOKEN_BASE,SYNTHETIC_TEXT
m3sbv1_005287,店里这边没别的要求，看看这个价格有没有包含费用就可以,LLM_SYNTHETIC_SPOKEN_BASE,SYNTHETIC_TEXT
m3sbv1_005288,好像确认一下是不是已经付过了，你这边好安排,LLM_SYNTHETIC_SPOKEN_BASE,SYNTHETIC_TEXT
m3sbv1_005289,我觉得确认一下这份文件是不是最终版，我们这边好安排,LLM_SYNTHETIC_SPOKEN_BASE,SYNTHETIC_TEXT
m3sbv1_005290,今天可能告诉我大概还要多久,LLM_SYNTHETIC_SPOKEN_BASE,SYNTHETIC_TEXT
m3sbv1_005291,她现在先别取消我再确认一下吧,LLM_SYNTHETIC_SPOKEN_BASE,SYNTHETIC_TEXT
m3sbv1_005292,感觉看看是不是网络又断了，这边这边好安排,LLM_SYNTHETIC_SPOKEN_BASE,SYNTHETIC_TEXT
m3sbv1_005293,我确认一下帮我确认一下下一站在哪里，我刚才没听太清楚,LLM_SYNTHETIC_SPOKEN_BASE,SYNTHETIC_TEXT
m3sbv1_005294,先先别急，把位置发给我我自己过去再继续,LLM_SYNTHETIC_SPOKEN_BASE,SYNTHETIC_TEXT
m3sbv1_005295,那边我记得确认一下会议是不是改到下午了，免得后面又要重新弄,LLM_SYNTHETIC_SPOKEN_BASE,SYNTHETIC_TEXT
m3sbv1_005296,公司我听说帮我找一下刚才那个页面，免得后面又要重新弄,LLM_SYNTHETIC_SPOKEN_BASE,SYNTHETIC_TEXT
m3sbv1_005297,我们现在确认一下是不是同一个订单我想先确认清楚,LLM_SYNTHETIC_SPOKEN_BASE,SYNTHETIC_TEXT
m3sbv1_005298,最近感觉帮我看看这个菜里面有没有辣椒行不行,LLM_SYNTHETIC_SPOKEN_BASE,SYNTHETIC_TEXT
m3sbv1_005299,我们麻烦你先把这个问题单独记录下来，免得后面又要重新弄,LLM_SYNTHETIC_SPOKEN_BASE,SYNTHETIC_TEXT
m3sbv1_005300,早一点先别急，确认一下时间有没有改再继续,LLM_SYNTHETIC_SPOKEN_BASE,SYNTHETIC_TEXT
m3sbv1_005301,那边我估计帮我找一下充电线放哪了，免得后面又要重新弄,LLM_SYNTHETIC_SPOKEN_BASE,SYNTHETIC_TEXT
m3sbv1_005302,她之前帮我看看附近有没有停车位吧,LLM_SYNTHETIC_SPOKEN_BASE,SYNTHETIC_TEXT
m3sbv1_005303,我们看起来看看能不能把时间往后挪一点，免得后面又要重新弄,LLM_SYNTHETIC_SPOKEN_BASE,SYNTHETIC_TEXT
m3sbv1_005304,确认一下今天是不是正常营业，如果不行就先别改,LLM_SYNTHETIC_SPOKEN_BASE,SYNTHETIC_TEXT
m3sbv1_005305,你刚才帮我换一个安静一点的位置我再决定,LLM_SYNTHETIC_SPOKEN_BASE,SYNTHETIC_TEXT
m3sbv1_005306,前面之前先把这个问题单独记录下来我想先确认清楚,LLM_SYNTHETIC_SPOKEN_BASE,SYNTHETIC_TEXT
m3sbv1_005307,最近看看空调能不能调高一点，我确认完再跟你说,LLM_SYNTHETIC_SPOKEN_BASE,SYNTHETIC_TEXT
m3sbv1_005308,一会儿确认一下入口是不是在这边，我确认完再跟你说,LLM_SYNTHETIC_SPOKEN_BASE,SYNTHETIC_TEXT
m3sbv1_005309,等一下先别急，确认一下要不要提前预约再继续,LLM_SYNTHETIC_SPOKEN_BASE,SYNTHETIC_TEXT
m3sbv1_005310,家里到时候帮我找一下刚才那个页面行不行,LLM_SYNTHETIC_SPOKEN_BASE,SYNTHETIC_TEXT
m3sbv1_005311,那边我记得帮我把需要验证的地方列出来，免得后面又要重新弄,LLM_SYNTHETIC_SPOKEN_BASE,SYNTHETIC_TEXT
m3sbv1_005312,问一下回来的车几点出发，如果不行就先别改,LLM_SYNTHETIC_SPOKEN_BASE,SYNTHETIC_TEXT
m3sbv1_005313,一会儿我听说帮我看看这个号码对不对我想先确认清楚,LLM_SYNTHETIC_SPOKEN_BASE,SYNTHETIC_TEXT
m3sbv1_005314,家里这两天看看还有没有漏掉的步骤我怕等会儿忘了,LLM_SYNTHETIC_SPOKEN_BASE,SYNTHETIC_TEXT
m3sbv1_005315,这边先看看谁还没有回复吧,LLM_SYNTHETIC_SPOKEN_BASE,SYNTHETIC_TEXT
m3sbv1_005316,他们这边没别的要求，帮我确认一下字段有没有变就可以,LLM_SYNTHETIC_SPOKEN_BASE,SYNTHETIC_TEXT
m3sbv1_005317,店里等一下确认一下这份文件是不是最终版我有点不确定,LLM_SYNTHETIC_SPOKEN_BASE,SYNTHETIC_TEXT
m3sbv1_005318,她昨天问一下回来的车几点出发然后告诉我,LLM_SYNTHETIC_SPOKEN_BASE,SYNTHETIC_TEXT
m3sbv1_005319,公司这边没别的要求，帮我看看行李放在哪里就可以,LLM_SYNTHETIC_SPOKEN_BASE,SYNTHETIC_TEXT
m3sbv1_005320,今天我觉得先把现在的结果保存下来,LLM_SYNTHETIC_SPOKEN_BASE,SYNTHETIC_TEXT
m3sbv1_005321,等一下可能看看还有没有漏掉的步骤就行,LLM_SYNTHETIC_SPOKEN_BASE,SYNTHETIC_TEXT
m3sbv1_005322,我们这边没别的要求，确认一下时间有没有改就可以,LLM_SYNTHETIC_SPOKEN_BASE,SYNTHETIC_TEXT
m3sbv1_005323,到时候看起来帮我拿一下旁边那个袋子,LLM_SYNTHETIC_SPOKEN_BASE,SYNTHETIC_TEXT
m3sbv1_005324,那边我确认一下帮我确认一下下一站在哪里，免得后面又要重新弄,LLM_SYNTHETIC_SPOKEN_BASE,SYNTHETIC_TEXT
m3sbv1_005325,店里这边没别的要求，帮我找一下刚才那个页面就可以,LLM_SYNTHETIC_SPOKEN_BASE,SYNTHETIC_TEXT
m3sbv1_005326,这边等一下确认一下服务有没有启动我想先确认清楚,LLM_SYNTHETIC_SPOKEN_BASE,SYNTHETIC_TEXT
m3sbv1_005327,好像确认一下入口是不是在这边，我刚才没听太清楚,LLM_SYNTHETIC_SPOKEN_BASE,SYNTHETIC_TEXT
m3sbv1_005328,后面这边没别的要求，帮我问一下现在还能不能改就可以,LLM_SYNTHETIC_SPOKEN_BASE,SYNTHETIC_TEXT
m3sbv1_005329,我觉得看看导航是不是带错路了，这边这边好安排,LLM_SYNTHETIC_SPOKEN_BASE,SYNTHETIC_TEXT
m3sbv1_005330,我记得先把这一项记下来，后面这边好安排,LLM_SYNTHETIC_SPOKEN_BASE,SYNTHETIC_TEXT
m3sbv1_005331,他们一会儿确认一下这份文件是不是最终版可以吗,LLM_SYNTHETIC_SPOKEN_BASE,SYNTHETIC_TEXT
m3sbv1_005332,他这两天看看是不是还少了什么行不行,LLM_SYNTHETIC_SPOKEN_BASE,SYNTHETIC_TEXT
m3sbv1_005333,到时候应该看看前面能不能掉头别弄错了,LLM_SYNTHETIC_SPOKEN_BASE,SYNTHETIC_TEXT
m3sbv1_005334,明天我听说看看能不能换成小份行不行,LLM_SYNTHETIC_SPOKEN_BASE,SYNTHETIC_TEXT
m3sbv1_005335,他们感觉看看这个版本是不是最新的，免得后面又要重新弄,LLM_SYNTHETIC_SPOKEN_BASE,SYNTHETIC_TEXT
m3sbv1_005336,我想问一下看看有没有更早一点的时间，她这边好安排,LLM_SYNTHETIC_SPOKEN_BASE,SYNTHETIC_TEXT
m3sbv1_005337,看起来看一下这个是不是放错地方了，我刚才没听太清楚,LLM_SYNTHETIC_SPOKEN_BASE,SYNTHETIC_TEXT
m3sbv1_005338,那边这两天确认一下停车要不要付费我怕等会儿忘了,LLM_SYNTHETIC_SPOKEN_BASE,SYNTHETIC_TEXT
m3sbv1_005339,今天先别急，帮我拿一下旁边那个袋子再继续,LLM_SYNTHETIC_SPOKEN_BASE,SYNTHETIC_TEXT
m3sbv1_005340,这边这边没别的要求，确认一下是不是已经付过了就可以,LLM_SYNTHETIC_SPOKEN_BASE,SYNTHETIC_TEXT
m3sbv1_005341,我们之前帮我看看这个零件是不是松了可以吗,LLM_SYNTHETIC_SPOKEN_BASE,SYNTHETIC_TEXT
m3sbv1_005342,前面等一下把位置发给我我自己过去我再决定,LLM_SYNTHETIC_SPOKEN_BASE,SYNTHETIC_TEXT
m3sbv1_005343,一会儿我听说确认一下是不是同一个订单可以吗,LLM_SYNTHETIC_SPOKEN_BASE,SYNTHETIC_TEXT
m3sbv1_005344,最近先别急，问一下这个能不能少放一点盐再继续,LLM_SYNTHETIC_SPOKEN_BASE,SYNTHETIC_TEXT
m3sbv1_005345,你们我记得问一下回来的车几点出发，免得后面又要重新弄,LLM_SYNTHETIC_SPOKEN_BASE,SYNTHETIC_TEXT
m3sbv1_005346,公司可能看看是不是还少了什么，免得后面又要重新弄,LLM_SYNTHETIC_SPOKEN_BASE,SYNTHETIC_TEXT
m3sbv1_005347,他们今天帮我拿一下旁边那个袋子,LLM_SYNTHETIC_SPOKEN_BASE,SYNTHETIC_TEXT
m3sbv1_005348,我觉得确认一下灯是不是都关了，那边这边好安排,LLM_SYNTHETIC_SPOKEN_BASE,SYNTHETIC_TEXT
m3sbv1_005349,店里之前帮我把重复的内容删掉可以吗,LLM_SYNTHETIC_SPOKEN_BASE,SYNTHETIC_TEXT
m3sbv1_005350,早一点应该把这个问题先记到清单里就行,LLM_SYNTHETIC_SPOKEN_BASE,SYNTHETIC_TEXT
m3sbv1_005351,我我确认一下看看这个接口是不是又报错了，免得后面又要重新弄,LLM_SYNTHETIC_SPOKEN_BASE,SYNTHETIC_TEXT
m3sbv1_005352,家里我听说看看空调能不能调高一点，免得后面又要重新弄,LLM_SYNTHETIC_SPOKEN_BASE,SYNTHETIC_TEXT
m3sbv1_005353,我估计看看有没有更早一点的时间，我这边好安排,LLM_SYNTHETIC_SPOKEN_BASE,SYNTHETIC_TEXT
m3sbv1_005354,前面我确认一下确认一下这次只改这一部分，免得后面又要重新弄,LLM_SYNTHETIC_SPOKEN_BASE,SYNTHETIC_TEXT
m3sbv1_005355,晚一点先别急，帮我找一下充电线放哪了再继续,LLM_SYNTHETIC_SPOKEN_BASE,SYNTHETIC_TEXT
m3sbv1_005356,她一会儿确认一下是不是已经付过了是不是,LLM_SYNTHETIC_SPOKEN_BASE,SYNTHETIC_TEXT
m3sbv1_005357,后面我想问一下帮我换一个安静一点的位置，免得后面又要重新弄,LLM_SYNTHETIC_SPOKEN_BASE,SYNTHETIC_TEXT
m3sbv1_005358,刚才把这个先放到后面处理，我确认完再跟你说,LLM_SYNTHETIC_SPOKEN_BASE,SYNTHETIC_TEXT
m3sbv1_005359,这两天我确认一下帮我看看行李放在哪里就行,LLM_SYNTHETIC_SPOKEN_BASE,SYNTHETIC_TEXT
m3sbv1_005360,明天先别急，帮我看看为什么还没收到再继续,LLM_SYNTHETIC_SPOKEN_BASE,SYNTHETIC_TEXT
m3sbv1_005361,家里我记得看看是不是网络又断了，免得后面又要重新弄,LLM_SYNTHETIC_SPOKEN_BASE,SYNTHETIC_TEXT
m3sbv1_005362,最近我确认一下把门先关一下有点冷就行,LLM_SYNTHETIC_SPOKEN_BASE,SYNTHETIC_TEXT
m3sbv1_005363,可能确认一下轮胎是不是有点软，你们这边好安排,LLM_SYNTHETIC_SPOKEN_BASE,SYNTHETIC_TEXT
m3sbv1_005364,麻烦你问一下回来的车几点出发，家里这边好安排,LLM_SYNTHETIC_SPOKEN_BASE,SYNTHETIC_TEXT
m3sbv1_005365,昨天好像看看是不是配置没有生效别弄错了,LLM_SYNTHETIC_SPOKEN_BASE,SYNTHETIC_TEXT
m3sbv1_005366,后面我确认一下帮我看看日志里有没有异常，免得后面又要重新弄,LLM_SYNTHETIC_SPOKEN_BASE,SYNTHETIC_TEXT
m3sbv1_005367,你我记得问一下还能不能加一个人，免得后面又要重新弄,LLM_SYNTHETIC_SPOKEN_BASE,SYNTHETIC_TEXT
m3sbv1_005368,先先别急，确认一下这份文件是不是最终版再继续,LLM_SYNTHETIC_SPOKEN_BASE,SYNTHETIC_TEXT
m3sbv1_005369,你们麻烦你帮我看看行李放在哪里，免得后面又要重新弄,LLM_SYNTHETIC_SPOKEN_BASE,SYNTHETIC_TEXT
m3sbv1_005370,前面等一下先把这一项记下来是不是,LLM_SYNTHETIC_SPOKEN_BASE,SYNTHETIC_TEXT
m3sbv1_005371,确认一下这次只改这一部分，有变化的话提前告诉我,LLM_SYNTHETIC_SPOKEN_BASE,SYNTHETIC_TEXT
m3sbv1_005372,现场可能帮我问一下现在还能不能改，免得后面又要重新弄,LLM_SYNTHETIC_SPOKEN_BASE,SYNTHETIC_TEXT
m3sbv1_005373,后面我想问一下看看这个杯子是不是我的，免得后面又要重新弄,LLM_SYNTHETIC_SPOKEN_BASE,SYNTHETIC_TEXT
m3sbv1_005374,看看是不是网络又断了以后跟我说一声就行,LLM_SYNTHETIC_SPOKEN_BASE,SYNTHETIC_TEXT
m3sbv1_005375,现在先别急，帮我确认一下房间准备好了没有再继续,LLM_SYNTHETIC_SPOKEN_BASE,SYNTHETIC_TEXT
m3sbv1_005376,现在问一下能不能晚一点回来，我确认完再跟你说,LLM_SYNTHETIC_SPOKEN_BASE,SYNTHETIC_TEXT
m3sbv1_005377,我记得告诉我大概还要多久，她这边好安排,LLM_SYNTHETIC_SPOKEN_BASE,SYNTHETIC_TEXT
m3sbv1_005378,刚才可能把门先关一下有点冷我怕等会儿忘了,LLM_SYNTHETIC_SPOKEN_BASE,SYNTHETIC_TEXT
m3sbv1_005379,等一下可能看看前面能不能掉头,LLM_SYNTHETIC_SPOKEN_BASE,SYNTHETIC_TEXT
m3sbv1_005380,你晚一点确认一下轮胎是不是有点软我怕等会儿忘了,LLM_SYNTHETIC_SPOKEN_BASE,SYNTHETIC_TEXT
m3sbv1_005381,明天我想问一下帮我确认一下下一站在哪里是不是,LLM_SYNTHETIC_SPOKEN_BASE,SYNTHETIC_TEXT
m3sbv1_005382,我听说把这个问题先记到清单里，前面这边好安排,LLM_SYNTHETIC_SPOKEN_BASE,SYNTHETIC_TEXT
m3sbv1_005383,你我确认一下确认一下是不是已经下单了，免得后面又要重新弄,LLM_SYNTHETIC_SPOKEN_BASE,SYNTHETIC_TEXT
m3sbv1_005384,店里早一点看看能不能多拿一条毛巾行不行,LLM_SYNTHETIC_SPOKEN_BASE,SYNTHETIC_TEXT
m3sbv1_005385,他看起来帮我看看附近有没有停车位，免得后面又要重新弄,LLM_SYNTHETIC_SPOKEN_BASE,SYNTHETIC_TEXT
m3sbv1_005386,一会儿我确认一下确认一下名字有没有写错我想先确认清楚,LLM_SYNTHETIC_SPOKEN_BASE,SYNTHETIC_TEXT
m3sbv1_005387,刚才我记得把声音稍微调小一点我怕等会儿忘了,LLM_SYNTHETIC_SPOKEN_BASE,SYNTHETIC_TEXT
m3sbv1_005388,之前可能帮我查一下刚才是哪一步失败了,LLM_SYNTHETIC_SPOKEN_BASE,SYNTHETIC_TEXT
m3sbv1_005389,店里感觉确认一下这次只改这一部分，免得后面又要重新弄,LLM_SYNTHETIC_SPOKEN_BASE,SYNTHETIC_TEXT
m3sbv1_005390,他们这边没别的要求，帮我拿一下旁边那个袋子就可以,LLM_SYNTHETIC_SPOKEN_BASE,SYNTHETIC_TEXT
m3sbv1_005391,现在可能把声音稍微调小一点我怕等会儿忘了,LLM_SYNTHETIC_SPOKEN_BASE,SYNTHETIC_TEXT
m3sbv1_005392,晚一点感觉看看有没有更早一点的时间吧,LLM_SYNTHETIC_SPOKEN_BASE,SYNTHETIC_TEXT
m3sbv1_005393,他我记得看看这个东西应该放哪里，免得后面又要重新弄,LLM_SYNTHETIC_SPOKEN_BASE,SYNTHETIC_TEXT
m3sbv1_005394,之前先别急，帮我问一下还有没有空位再继续,LLM_SYNTHETIC_SPOKEN_BASE,SYNTHETIC_TEXT
m3sbv1_005395,我想问一下帮我换一个安静一点的位置，我这边好安排,LLM_SYNTHETIC_SPOKEN_BASE,SYNTHETIC_TEXT
m3sbv1_005396,你们我觉得把这个先留着别动，免得后面又要重新弄,LLM_SYNTHETIC_SPOKEN_BASE,SYNTHETIC_TEXT
m3sbv1_005397,这两天看看这个结果和昨天是不是一样，我确认完再跟你说,LLM_SYNTHETIC_SPOKEN_BASE,SYNTHETIC_TEXT
m3sbv1_005398,我觉得帮我把需要验证的地方列出来，你们这边好安排,LLM_SYNTHETIC_SPOKEN_BASE,SYNTHETIC_TEXT
m3sbv1_005399,那边这边没别的要求，确认一下时间有没有改就可以,LLM_SYNTHETIC_SPOKEN_BASE,SYNTHETIC_TEXT
m3sbv1_005400,晚一点先别急，看看油还够不够再继续,LLM_SYNTHETIC_SPOKEN_BASE,SYNTHETIC_TEXT
m3sbv1_005401,我觉得确认一下名字有没有写错，现场这边好安排,LLM_SYNTHETIC_SPOKEN_BASE,SYNTHETIC_TEXT
m3sbv1_005402,店里好像看看前面是不是要左转，免得后面又要重新弄,LLM_SYNTHETIC_SPOKEN_BASE,SYNTHETIC_TEXT
m3sbv1_005403,现场这两天看看这个结果和昨天是不是一样我想先确认清楚,LLM_SYNTHETIC_SPOKEN_BASE,SYNTHETIC_TEXT
m3sbv1_005404,她一会儿先别取消我再确认一下我再决定,LLM_SYNTHETIC_SPOKEN_BASE,SYNTHETIC_TEXT
m3sbv1_005405,后面好像看看是不是还少了什么，免得后面又要重新弄,LLM_SYNTHETIC_SPOKEN_BASE,SYNTHETIC_TEXT
m3sbv1_005406,现在确认一下今天是不是正常营业，我确认完再跟你说,LLM_SYNTHETIC_SPOKEN_BASE,SYNTHETIC_TEXT
m3sbv1_005407,那边昨天先把旧的那套逻辑放一边我怕等会儿忘了,LLM_SYNTHETIC_SPOKEN_BASE,SYNTHETIC_TEXT
m3sbv1_005408,到时候看起来帮我看看行李放在哪里然后告诉我,LLM_SYNTHETIC_SPOKEN_BASE,SYNTHETIC_TEXT
m3sbv1_005409,前面这边没别的要求，帮我看看这个菜里面有没有辣椒就可以,LLM_SYNTHETIC_SPOKEN_BASE,SYNTHETIC_TEXT
m3sbv1_005410,等一下看起来先把这个问题单独记录下来别弄错了,LLM_SYNTHETIC_SPOKEN_BASE,SYNTHETIC_TEXT
m3sbv1_005411,你这边没别的要求，问一下回来的车几点出发就可以,LLM_SYNTHETIC_SPOKEN_BASE,SYNTHETIC_TEXT
m3sbv1_005412,先我记得确认一下停车要不要付费,LLM_SYNTHETIC_SPOKEN_BASE,SYNTHETIC_TEXT
m3sbv1_005413,店里这边没别的要求，别着急我们按顺序来就可以,LLM_SYNTHETIC_SPOKEN_BASE,SYNTHETIC_TEXT
m3sbv1_005414,感觉帮我找一下充电线放哪了，我刚才没听太清楚,LLM_SYNTHETIC_SPOKEN_BASE,SYNTHETIC_TEXT
m3sbv1_005415,晚一点我记得帮我换一个安静一点的位置可以吗,LLM_SYNTHETIC_SPOKEN_BASE,SYNTHETIC_TEXT
m3sbv1_005416,后面可能帮我换一个安静一点的位置，免得后面又要重新弄,LLM_SYNTHETIC_SPOKEN_BASE,SYNTHETIC_TEXT
m3sbv1_005417,我确认一下把刚才那条消息再发我一次，他们这边好安排,LLM_SYNTHETIC_SPOKEN_BASE,SYNTHETIC_TEXT
m3sbv1_005418,看起来问一下回来的车几点出发，她这边好安排,LLM_SYNTHETIC_SPOKEN_BASE,SYNTHETIC_TEXT
m3sbv1_005419,我们这边没别的要求，看看有没有更早一点的时间就可以,LLM_SYNTHETIC_SPOKEN_BASE,SYNTHETIC_TEXT
m3sbv1_005420,我估计再检查一遍有没有问题，你这边好安排,LLM_SYNTHETIC_SPOKEN_BASE,SYNTHETIC_TEXT
m3sbv1_005421,我想问一下先把旧的那套逻辑放一边，我刚才没听太清楚,LLM_SYNTHETIC_SPOKEN_BASE,SYNTHETIC_TEXT
m3sbv1_005422,现在先别急，帮我找一下刚才那个页面再继续,LLM_SYNTHETIC_SPOKEN_BASE,SYNTHETIC_TEXT
m3sbv1_005423,昨天我想问一下看看这个杯子是不是我的我再决定,LLM_SYNTHETIC_SPOKEN_BASE,SYNTHETIC_TEXT
m3sbv1_005424,你早一点看看前面能不能掉头我怕等会儿忘了,LLM_SYNTHETIC_SPOKEN_BASE,SYNTHETIC_TEXT
m3sbv1_005425,前面晚一点问一下这个能不能少放一点盐行不行,LLM_SYNTHETIC_SPOKEN_BASE,SYNTHETIC_TEXT
m3sbv1_005426,后面这边没别的要求，把刚才说的重点再讲一遍就可以,LLM_SYNTHETIC_SPOKEN_BASE,SYNTHETIC_TEXT
m3sbv1_005427,这两天应该帮我确认一下字段有没有变然后告诉我,LLM_SYNTHETIC_SPOKEN_BASE,SYNTHETIC_TEXT
m3sbv1_005428,早一点麻烦你看看前面是不是要左转我想先确认清楚,LLM_SYNTHETIC_SPOKEN_BASE,SYNTHETIC_TEXT
m3sbv1_005429,麻烦你确认一下时间有没有改，这边这边好安排,LLM_SYNTHETIC_SPOKEN_BASE,SYNTHETIC_TEXT
m3sbv1_005430,那边看起来帮我问一下还有没有空位，免得后面又要重新弄,LLM_SYNTHETIC_SPOKEN_BASE,SYNTHETIC_TEXT
m3sbv1_005431,我觉得帮我查一下刚才是哪一步失败了，后面这边好安排,LLM_SYNTHETIC_SPOKEN_BASE,SYNTHETIC_TEXT
m3sbv1_005432,等一下我听说帮我把水再加一点行不行,LLM_SYNTHETIC_SPOKEN_BASE,SYNTHETIC_TEXT
m3sbv1_005433,早一点确认一下服务有没有启动，我确认完再跟你说,LLM_SYNTHETIC_SPOKEN_BASE,SYNTHETIC_TEXT
m3sbv1_005434,你们现在确认一下是不是从这里集合然后告诉我,LLM_SYNTHETIC_SPOKEN_BASE,SYNTHETIC_TEXT
m3sbv1_005435,他们我想问一下看看有没有影响到别的模块，免得后面又要重新弄,LLM_SYNTHETIC_SPOKEN_BASE,SYNTHETIC_TEXT
m3sbv1_005436,我确认一下帮我看看这个号码对不对，我们这边好安排,LLM_SYNTHETIC_SPOKEN_BASE,SYNTHETIC_TEXT
m3sbv1_005437,那边先帮我确认一下负责人是谁是不是,LLM_SYNTHETIC_SPOKEN_BASE,SYNTHETIC_TEXT
m3sbv1_005438,我听说告诉我大概还要多久，你们这边好安排,LLM_SYNTHETIC_SPOKEN_BASE,SYNTHETIC_TEXT
m3sbv1_005439,昨天我想问一下看看这个杯子是不是我的我怕等会儿忘了,LLM_SYNTHETIC_SPOKEN_BASE,SYNTHETIC_TEXT
m3sbv1_005440,看看数据是不是重复了，有变化的话提前告诉我,LLM_SYNTHETIC_SPOKEN_BASE,SYNTHETIC_TEXT
m3sbv1_005441,麻烦你确认一下今天是不是正常营业，后面这边好安排,LLM_SYNTHETIC_SPOKEN_BASE,SYNTHETIC_TEXT
m3sbv1_005442,好像别着急我们按顺序来，店里这边好安排,LLM_SYNTHETIC_SPOKEN_BASE,SYNTHETIC_TEXT
m3sbv1_005443,我确认一下帮我确认一下房间准备好了没有，那边这边好安排,LLM_SYNTHETIC_SPOKEN_BASE,SYNTHETIC_TEXT
m3sbv1_005444,到时候我想问一下确认一下这次只改这一部分是不是,LLM_SYNTHETIC_SPOKEN_BASE,SYNTHETIC_TEXT
m3sbv1_005445,我觉得问一下这个能不能少放一点盐，后面这边好安排,LLM_SYNTHETIC_SPOKEN_BASE,SYNTHETIC_TEXT
m3sbv1_005446,店里一会儿看看油还够不够然后告诉我,LLM_SYNTHETIC_SPOKEN_BASE,SYNTHETIC_TEXT
m3sbv1_005447,昨天先别急，看看钥匙是不是还在车里再继续,LLM_SYNTHETIC_SPOKEN_BASE,SYNTHETIC_TEXT
m3sbv1_005448,他先确认一下名字有没有写错我再决定,LLM_SYNTHETIC_SPOKEN_BASE,SYNTHETIC_TEXT
m3sbv1_005449,现在我确认一下再检查一遍有没有问题行不行,LLM_SYNTHETIC_SPOKEN_BASE,SYNTHETIC_TEXT
m3sbv1_005450,一会儿我记得确认一下入口是不是在这边别弄错了,LLM_SYNTHETIC_SPOKEN_BASE,SYNTHETIC_TEXT
m3sbv1_005451,明天我觉得确认一下停车要不要付费是不是,LLM_SYNTHETIC_SPOKEN_BASE,SYNTHETIC_TEXT
m3sbv1_005452,刚才可能看看这个版本是不是最新的我再决定,LLM_SYNTHETIC_SPOKEN_BASE,SYNTHETIC_TEXT
m3sbv1_005453,最近看起来把刚才那条消息再发我一次我有点不确定,LLM_SYNTHETIC_SPOKEN_BASE,SYNTHETIC_TEXT
m3sbv1_005454,后面等一下确认一下会议是不是改到下午了吧,LLM_SYNTHETIC_SPOKEN_BASE,SYNTHETIC_TEXT
m3sbv1_005455,他感觉帮我看看附近有没有停车位，免得后面又要重新弄,LLM_SYNTHETIC_SPOKEN_BASE,SYNTHETIC_TEXT
m3sbv1_005456,那边刚才把声音稍微调小一点,LLM_SYNTHETIC_SPOKEN_BASE,SYNTHETIC_TEXT
m3sbv1_005457,我估计看看是不是还少了什么，我刚才没听太清楚,LLM_SYNTHETIC_SPOKEN_BASE,SYNTHETIC_TEXT
m3sbv1_005458,这边看起来确认一下是不是已经下单了，免得后面又要重新弄,LLM_SYNTHETIC_SPOKEN_BASE,SYNTHETIC_TEXT
m3sbv1_005459,你到时候确认一下服务有没有启动,LLM_SYNTHETIC_SPOKEN_BASE,SYNTHETIC_TEXT
m3sbv1_005460,我听说问一下能不能晚一点回来，她这边好安排,LLM_SYNTHETIC_SPOKEN_BASE,SYNTHETIC_TEXT
m3sbv1_005461,这边这边没别的要求，看看谁还没有回复就可以,LLM_SYNTHETIC_SPOKEN_BASE,SYNTHETIC_TEXT
m3sbv1_005462,现场我觉得把位置发给我我自己过去，免得后面又要重新弄,LLM_SYNTHETIC_SPOKEN_BASE,SYNTHETIC_TEXT
m3sbv1_005463,之前确认一下文件有没有传成功，我确认完再跟你说,LLM_SYNTHETIC_SPOKEN_BASE,SYNTHETIC_TEXT
m3sbv1_005464,你们这边没别的要求，确认一下是不是已经下单了就可以,LLM_SYNTHETIC_SPOKEN_BASE,SYNTHETIC_TEXT
m3sbv1_005465,我听说帮我问一下还有没有空位，那边这边好安排,LLM_SYNTHETIC_SPOKEN_BASE,SYNTHETIC_TEXT
m3sbv1_005466,明天我想问一下确认一下要不要提前预约我再决定,LLM_SYNTHETIC_SPOKEN_BASE,SYNTHETIC_TEXT
m3sbv1_005467,他们好像帮我拿一下旁边那个袋子，免得后面又要重新弄,LLM_SYNTHETIC_SPOKEN_BASE,SYNTHETIC_TEXT
m3sbv1_005468,后面这边没别的要求，看看是不是选错选项了就可以,LLM_SYNTHETIC_SPOKEN_BASE,SYNTHETIC_TEXT
m3sbv1_005469,前面昨天帮我确认一下房间准备好了没有别弄错了,LLM_SYNTHETIC_SPOKEN_BASE,SYNTHETIC_TEXT
m3sbv1_005470,感觉确认一下这个功能是不是已经关掉了，前面这边好安排,LLM_SYNTHETIC_SPOKEN_BASE,SYNTHETIC_TEXT
m3sbv1_005471,公司我估计确认一下车是不是停在外面，免得后面又要重新弄,LLM_SYNTHETIC_SPOKEN_BASE,SYNTHETIC_TEXT
m3sbv1_005472,我觉得帮我看看附近有没有停车位，你这边好安排,LLM_SYNTHETIC_SPOKEN_BASE,SYNTHETIC_TEXT
m3sbv1_005473,等一下麻烦你确认一下要不要提前预约别弄错了,LLM_SYNTHETIC_SPOKEN_BASE,SYNTHETIC_TEXT
m3sbv1_005474,他等一下确认一下会议是不是改到下午了是不是,LLM_SYNTHETIC_SPOKEN_BASE,SYNTHETIC_TEXT
m3sbv1_005475,现场我记得看看钥匙是不是还在车里，免得后面又要重新弄,LLM_SYNTHETIC_SPOKEN_BASE,SYNTHETIC_TEXT
m3sbv1_005476,现在先别急，确认一下是不是已经下单了再继续,LLM_SYNTHETIC_SPOKEN_BASE,SYNTHETIC_TEXT
m3sbv1_005477,她等一下把刚才那条消息再发我一次我怕等会儿忘了,LLM_SYNTHETIC_SPOKEN_BASE,SYNTHETIC_TEXT
m3sbv1_005478,店里麻烦你看看有没有更早一点的时间，免得后面又要重新弄,LLM_SYNTHETIC_SPOKEN_BASE,SYNTHETIC_TEXT
m3sbv1_005479,他我觉得帮我确认一下负责人是谁，免得后面又要重新弄,LLM_SYNTHETIC_SPOKEN_BASE,SYNTHETIC_TEXT
m3sbv1_005480,家里我听说看看这个版本是不是最新的，免得后面又要重新弄,LLM_SYNTHETIC_SPOKEN_BASE,SYNTHETIC_TEXT
m3sbv1_005481,等一下感觉帮我确认一下房间准备好了没有,LLM_SYNTHETIC_SPOKEN_BASE,SYNTHETIC_TEXT
m3sbv1_005482,之前试一下重新打开能不能用，我确认完再跟你说,LLM_SYNTHETIC_SPOKEN_BASE,SYNTHETIC_TEXT
m3sbv1_005483,前面这边没别的要求，看看导航是不是带错路了就可以,LLM_SYNTHETIC_SPOKEN_BASE,SYNTHETIC_TEXT
m3sbv1_005484,到时候把这个问题先记到清单里，我确认完再跟你说,LLM_SYNTHETIC_SPOKEN_BASE,SYNTHETIC_TEXT
m3sbv1_005485,公司现在确认一下入口是不是在这边就行,LLM_SYNTHETIC_SPOKEN_BASE,SYNTHETIC_TEXT
m3sbv1_005486,之前麻烦你帮我看看这个号码对不对别弄错了,LLM_SYNTHETIC_SPOKEN_BASE,SYNTHETIC_TEXT
m3sbv1_005487,她我想问一下帮我找一下刚才那个页面，免得后面又要重新弄,LLM_SYNTHETIC_SPOKEN_BASE,SYNTHETIC_TEXT
m3sbv1_005488,昨天我觉得确认一下是不是已经付过了然后告诉我,LLM_SYNTHETIC_SPOKEN_BASE,SYNTHETIC_TEXT
m3sbv1_005489,那边我听说帮我把需要验证的地方列出来，免得后面又要重新弄,LLM_SYNTHETIC_SPOKEN_BASE,SYNTHETIC_TEXT
m3sbv1_005490,等一下别着急我们按顺序来，我确认完再跟你说,LLM_SYNTHETIC_SPOKEN_BASE,SYNTHETIC_TEXT
m3sbv1_005491,今天确认一下停车要不要付费，我确认完再跟你说,LLM_SYNTHETIC_SPOKEN_BASE,SYNTHETIC_TEXT
m3sbv1_005492,我们之前确认一下这份文件是不是最终版然后告诉我,LLM_SYNTHETIC_SPOKEN_BASE,SYNTHETIC_TEXT
m3sbv1_005493,你到时候确认一下退房时间是几点然后告诉我,LLM_SYNTHETIC_SPOKEN_BASE,SYNTHETIC_TEXT
m3sbv1_005494,我想问一下帮我找一下刚才那个页面，那边这边好安排,LLM_SYNTHETIC_SPOKEN_BASE,SYNTHETIC_TEXT
m3sbv1_005495,公司到时候把门先关一下有点冷吧,LLM_SYNTHETIC_SPOKEN_BASE,SYNTHETIC_TEXT
m3sbv1_005496,晚一点我确认一下告诉我大概还要多久,LLM_SYNTHETIC_SPOKEN_BASE,SYNTHETIC_TEXT
m3sbv1_005497,我记得确认一下服务有没有启动，你这边好安排,LLM_SYNTHETIC_SPOKEN_BASE,SYNTHETIC_TEXT
m3sbv1_005498,之前先别急，帮我换一个安静一点的位置再继续,LLM_SYNTHETIC_SPOKEN_BASE,SYNTHETIC_TEXT
m3sbv1_005499,晚一点问一下他们什么时候能到，我确认完再跟你说,LLM_SYNTHETIC_SPOKEN_BASE,SYNTHETIC_TEXT
m3sbv1_005500,后面等一下看一下这个是不是放错地方了是不是,LLM_SYNTHETIC_SPOKEN_BASE,SYNTHETIC_TEXT
m3sbv1_005501,感觉看看导航是不是带错路了，你这边好安排,LLM_SYNTHETIC_SPOKEN_BASE,SYNTHETIC_TEXT
m3sbv1_005502,你们我确认一下问一下早餐几点开始，免得后面又要重新弄,LLM_SYNTHETIC_SPOKEN_BASE,SYNTHETIC_TEXT
m3sbv1_005503,这两天先别急，把地址再确认一下再继续,LLM_SYNTHETIC_SPOKEN_BASE,SYNTHETIC_TEXT
m3sbv1_005504,之前我记得问一下回来的车几点出发可以吗,LLM_SYNTHETIC_SPOKEN_BASE,SYNTHETIC_TEXT
m3sbv1_005505,现在先别急，问一下能不能晚一点回来再继续,LLM_SYNTHETIC_SPOKEN_BASE,SYNTHETIC_TEXT
m3sbv1_005506,我想问一下看看这个价格有没有包含费用，我刚才没听太清楚,LLM_SYNTHETIC_SPOKEN_BASE,SYNTHETIC_TEXT
m3sbv1_005507,家里这边没别的要求，确认一下测试结果有没有更新就可以,LLM_SYNTHETIC_SPOKEN_BASE,SYNTHETIC_TEXT
m3sbv1_005508,他看起来帮我把重复的内容删掉，免得后面又要重新弄,LLM_SYNTHETIC_SPOKEN_BASE,SYNTHETIC_TEXT
m3sbv1_005509,刚才我估计确认一下是不是已经付过了我再决定,LLM_SYNTHETIC_SPOKEN_BASE,SYNTHETIC_TEXT
m3sbv1_005510,我们刚才帮我拿一下旁边那个袋子我有点不确定,LLM_SYNTHETIC_SPOKEN_BASE,SYNTHETIC_TEXT
m3sbv1_005511,我估计先把旧的那套逻辑放一边，我刚才没听太清楚,LLM_SYNTHETIC_SPOKEN_BASE,SYNTHETIC_TEXT
m3sbv1_005512,可能确认一下会议是不是改到下午了，前面这边好安排,LLM_SYNTHETIC_SPOKEN_BASE,SYNTHETIC_TEXT
m3sbv1_005513,等一下麻烦你把这个先放到后面处理我怕等会儿忘了,LLM_SYNTHETIC_SPOKEN_BASE,SYNTHETIC_TEXT
m3sbv1_005514,这两天看起来看看是不是网络又断了我想先确认清楚,LLM_SYNTHETIC_SPOKEN_BASE,SYNTHETIC_TEXT
m3sbv1_005515,刚才看起来帮我换一个安静一点的位置然后告诉我,LLM_SYNTHETIC_SPOKEN_BASE,SYNTHETIC_TEXT
m3sbv1_005516,我记得看看钥匙是不是还在车里，你这边好安排,LLM_SYNTHETIC_SPOKEN_BASE,SYNTHETIC_TEXT
m3sbv1_005517,好像帮我看看这个号码对不对，你这边好安排,LLM_SYNTHETIC_SPOKEN_BASE,SYNTHETIC_TEXT
m3sbv1_005518,明天感觉帮我把重复的内容删掉可以吗,LLM_SYNTHETIC_SPOKEN_BASE,SYNTHETIC_TEXT
m3sbv1_005519,这边昨天帮我确认一下负责人是谁我怕等会儿忘了,LLM_SYNTHETIC_SPOKEN_BASE,SYNTHETIC_TEXT
m3sbv1_005520,先看起来帮我听一下这个声音正不正常可以吗,LLM_SYNTHETIC_SPOKEN_BASE,SYNTHETIC_TEXT
m3sbv1_005521,我想问一下看看能不能把时间往后挪一点，家里这边好安排,LLM_SYNTHETIC_SPOKEN_BASE,SYNTHETIC_TEXT
m3sbv1_005522,家里现在帮我问一下还有没有空位,LLM_SYNTHETIC_SPOKEN_BASE,SYNTHETIC_TEXT
m3sbv1_005523,今天把地址再确认一下，我确认完再跟你说,LLM_SYNTHETIC_SPOKEN_BASE,SYNTHETIC_TEXT
m3sbv1_005524,我我确认一下帮我看看这个菜里面有没有辣椒，免得后面又要重新弄,LLM_SYNTHETIC_SPOKEN_BASE,SYNTHETIC_TEXT
m3sbv1_005525,等一下先别急，看看是不是还少了什么再继续,LLM_SYNTHETIC_SPOKEN_BASE,SYNTHETIC_TEXT
m3sbv1_005526,麻烦你确认一下车是不是停在外面，我刚才没听太清楚,LLM_SYNTHETIC_SPOKEN_BASE,SYNTHETIC_TEXT
m3sbv1_005527,我确认一下看看导航是不是带错路了，这边这边好安排,LLM_SYNTHETIC_SPOKEN_BASE,SYNTHETIC_TEXT
m3sbv1_005528,这两天看看这个接口是不是又报错了，我确认完再跟你说,LLM_SYNTHETIC_SPOKEN_BASE,SYNTHETIC_TEXT
m3sbv1_005529,一会儿好像帮我看看为什么还没收到就行,LLM_SYNTHETIC_SPOKEN_BASE,SYNTHETIC_TEXT
m3sbv1_005530,早一点好像帮我看看附近有没有停车位就行,LLM_SYNTHETIC_SPOKEN_BASE,SYNTHETIC_TEXT
m3sbv1_005531,我觉得看看这个接口是不是又报错了，我们这边好安排,LLM_SYNTHETIC_SPOKEN_BASE,SYNTHETIC_TEXT
m3sbv1_005532,他麻烦你把这个先放到后面处理，免得后面又要重新弄,LLM_SYNTHETIC_SPOKEN_BASE,SYNTHETIC_TEXT
m3sbv1_005533,现在把这个先留着别动，我确认完再跟你说,LLM_SYNTHETIC_SPOKEN_BASE,SYNTHETIC_TEXT
m3sbv1_005534,可能把声音稍微调小一点，我们这边好安排,LLM_SYNTHETIC_SPOKEN_BASE,SYNTHETIC_TEXT
m3sbv1_005535,现场看起来看看这个价格有没有包含费用，免得后面又要重新弄,LLM_SYNTHETIC_SPOKEN_BASE,SYNTHETIC_TEXT
m3sbv1_005536,一会儿我确认一下帮我确认一下负责人是谁然后告诉我,LLM_SYNTHETIC_SPOKEN_BASE,SYNTHETIC_TEXT
m3sbv1_005537,看起来先把现在的结果保存下来，我刚才没听太清楚,LLM_SYNTHETIC_SPOKEN_BASE,SYNTHETIC_TEXT
m3sbv1_005538,早一点我觉得把声音稍微调小一点就行,LLM_SYNTHETIC_SPOKEN_BASE,SYNTHETIC_TEXT
m3sbv1_005539,这边昨天看看能不能换成小份可以吗,LLM_SYNTHETIC_SPOKEN_BASE,SYNTHETIC_TEXT
m3sbv1_005540,公司明天确认一下文件有没有传成功,LLM_SYNTHETIC_SPOKEN_BASE,SYNTHETIC_TEXT
m3sbv1_005541,明天感觉看看这个杯子是不是我的可以吗,LLM_SYNTHETIC_SPOKEN_BASE,SYNTHETIC_TEXT
m3sbv1_005542,前面晚一点问一下还能不能加一个人吧,LLM_SYNTHETIC_SPOKEN_BASE,SYNTHETIC_TEXT
m3sbv1_005543,前面一会儿先等等我马上就过来就行,LLM_SYNTHETIC_SPOKEN_BASE,SYNTHETIC_TEXT
m3sbv1_005544,先别取消我再确认一下以后跟我说一声就行,LLM_SYNTHETIC_SPOKEN_BASE,SYNTHETIC_TEXT
m3sbv1_005545,早一点我确认一下把位置发给我我自己过去吧,LLM_SYNTHETIC_SPOKEN_BASE,SYNTHETIC_TEXT
m3sbv1_005546,帮我换一个安静一点的位置以后跟我说一声就行,LLM_SYNTHETIC_SPOKEN_BASE,SYNTHETIC_TEXT
m3sbv1_005547,我觉得把门先关一下有点冷，这边这边好安排,LLM_SYNTHETIC_SPOKEN_BASE,SYNTHETIC_TEXT
m3sbv1_005548,他可能确认一下是不是已经下单了，免得后面又要重新弄,LLM_SYNTHETIC_SPOKEN_BASE,SYNTHETIC_TEXT
m3sbv1_005549,前面这边没别的要求，看看是不是配置没有生效就可以,LLM_SYNTHETIC_SPOKEN_BASE,SYNTHETIC_TEXT
m3sbv1_005550,到时候我估计帮我看看这个菜里面有没有辣椒我有点不确定,LLM_SYNTHETIC_SPOKEN_BASE,SYNTHETIC_TEXT
m3sbv1_005551,之前先别急，再检查一遍有没有问题再继续,LLM_SYNTHETIC_SPOKEN_BASE,SYNTHETIC_TEXT
m3sbv1_005552,现在确认一下会议是不是改到下午了，我确认完再跟你说,LLM_SYNTHETIC_SPOKEN_BASE,SYNTHETIC_TEXT
m3sbv1_005553,明天感觉帮我确认一下房间准备好了没有可以吗,LLM_SYNTHETIC_SPOKEN_BASE,SYNTHETIC_TEXT
m3sbv1_005554,一会儿确认一下要不要提前预约，我确认完再跟你说,LLM_SYNTHETIC_SPOKEN_BASE,SYNTHETIC_TEXT
m3sbv1_005555,我晚一点确认一下车是不是停在外面是不是,LLM_SYNTHETIC_SPOKEN_BASE,SYNTHETIC_TEXT
m3sbv1_005556,我觉得把刚才说的重点再讲一遍，店里这边好安排,LLM_SYNTHETIC_SPOKEN_BASE,SYNTHETIC_TEXT
m3sbv1_005557,等一下好像看看有没有更早一点的时间我怕等会儿忘了,LLM_SYNTHETIC_SPOKEN_BASE,SYNTHETIC_TEXT
m3sbv1_005558,感觉确认一下时间有没有改，家里这边好安排,LLM_SYNTHETIC_SPOKEN_BASE,SYNTHETIC_TEXT
m3sbv1_005559,先确认一下轮胎是不是有点软，我确认完再跟你说,LLM_SYNTHETIC_SPOKEN_BASE,SYNTHETIC_TEXT
m3sbv1_005560,昨天看起来先把旧的那套逻辑放一边别弄错了,LLM_SYNTHETIC_SPOKEN_BASE,SYNTHETIC_TEXT
m3sbv1_005561,我想问一下帮我看看日志里有没有异常，我刚才没听太清楚,LLM_SYNTHETIC_SPOKEN_BASE,SYNTHETIC_TEXT
m3sbv1_005562,刚才看起来看看有没有不用排队的办法可以吗,LLM_SYNTHETIC_SPOKEN_BASE,SYNTHETIC_TEXT
m3sbv1_005563,可能看看这个价格有没有包含费用，她这边好安排,LLM_SYNTHETIC_SPOKEN_BASE,SYNTHETIC_TEXT
m3sbv1_005564,我听说把这个问题先记到清单里，后面这边好安排,LLM_SYNTHETIC_SPOKEN_BASE,SYNTHETIC_TEXT
m3sbv1_005565,今天看起来看看能不能把时间往后挪一点就行,LLM_SYNTHETIC_SPOKEN_BASE,SYNTHETIC_TEXT
m3sbv1_005566,我觉得看看油还够不够，家里这边好安排,LLM_SYNTHETIC_SPOKEN_BASE,SYNTHETIC_TEXT
m3sbv1_005567,明天先别急，先把这一项记下来再继续,LLM_SYNTHETIC_SPOKEN_BASE,SYNTHETIC_TEXT
m3sbv1_005568,我们应该确认一下今天是不是正常营业，免得后面又要重新弄,LLM_SYNTHETIC_SPOKEN_BASE,SYNTHETIC_TEXT
m3sbv1_005569,我看起来确认一下是不是从这里集合，免得后面又要重新弄,LLM_SYNTHETIC_SPOKEN_BASE,SYNTHETIC_TEXT
m3sbv1_005570,感觉把门先关一下有点冷，我刚才没听太清楚,LLM_SYNTHETIC_SPOKEN_BASE,SYNTHETIC_TEXT
m3sbv1_005571,公司这两天帮我看看这个号码对不对我想先确认清楚,LLM_SYNTHETIC_SPOKEN_BASE,SYNTHETIC_TEXT
m3sbv1_005572,我们我听说确认一下这次只改这一部分，免得后面又要重新弄,LLM_SYNTHETIC_SPOKEN_BASE,SYNTHETIC_TEXT
m3sbv1_005573,后面看起来看看是不是选错选项了，免得后面又要重新弄,LLM_SYNTHETIC_SPOKEN_BASE,SYNTHETIC_TEXT
m3sbv1_005574,可能再检查一遍有没有问题，公司这边好安排,LLM_SYNTHETIC_SPOKEN_BASE,SYNTHETIC_TEXT
m3sbv1_005575,前面晚一点看看能不能把时间往后挪一点行不行,LLM_SYNTHETIC_SPOKEN_BASE,SYNTHETIC_TEXT
m3sbv1_005576,公司先别着急我们按顺序来我再决定,LLM_SYNTHETIC_SPOKEN_BASE,SYNTHETIC_TEXT
m3sbv1_005577,晚一点先别急，把门先关一下有点冷再继续,LLM_SYNTHETIC_SPOKEN_BASE,SYNTHETIC_TEXT
m3sbv1_005578,现在我觉得看看能不能换成小份行不行,LLM_SYNTHETIC_SPOKEN_BASE,SYNTHETIC_TEXT
m3sbv1_005579,今天我想问一下帮我把水再加一点别弄错了,LLM_SYNTHETIC_SPOKEN_BASE,SYNTHETIC_TEXT
m3sbv1_005580,这两天先别急，先把这一项记下来再继续,LLM_SYNTHETIC_SPOKEN_BASE,SYNTHETIC_TEXT
m3sbv1_005581,应该确认一下要不要提前预约，我刚才没听太清楚,LLM_SYNTHETIC_SPOKEN_BASE,SYNTHETIC_TEXT
m3sbv1_005582,早一点先别急，问一下还能不能加一个人再继续,LLM_SYNTHETIC_SPOKEN_BASE,SYNTHETIC_TEXT
m3sbv1_005583,我想问一下帮我看看为什么还没收到，那边这边好安排,LLM_SYNTHETIC_SPOKEN_BASE,SYNTHETIC_TEXT
m3sbv1_005584,现在帮我确认一下房间准备好了没有，我确认完再跟你说,LLM_SYNTHETIC_SPOKEN_BASE,SYNTHETIC_TEXT
m3sbv1_005585,到时候我听说看看这个价格有没有包含费用可以吗,LLM_SYNTHETIC_SPOKEN_BASE,SYNTHETIC_TEXT
m3sbv1_005586,现在感觉看看这个结果和昨天是不是一样我再决定,LLM_SYNTHETIC_SPOKEN_BASE,SYNTHETIC_TEXT
m3sbv1_005587,这边现在问一下还能不能加一个人就行,LLM_SYNTHETIC_SPOKEN_BASE,SYNTHETIC_TEXT
m3sbv1_005588,之前我想问一下确认一下名字有没有写错行不行,LLM_SYNTHETIC_SPOKEN_BASE,SYNTHETIC_TEXT
m3sbv1_005589,早一点看起来确认一下服务有没有启动是不是,LLM_SYNTHETIC_SPOKEN_BASE,SYNTHETIC_TEXT
m3sbv1_005590,好像先把现在的结果保存下来，后面这边好安排,LLM_SYNTHETIC_SPOKEN_BASE,SYNTHETIC_TEXT
m3sbv1_005591,刚才感觉看看这个版本是不是最新的可以吗,LLM_SYNTHETIC_SPOKEN_BASE,SYNTHETIC_TEXT
m3sbv1_005592,这两天应该把门先关一下有点冷,LLM_SYNTHETIC_SPOKEN_BASE,SYNTHETIC_TEXT
m3sbv1_005593,这两天看一下这个是不是放错地方了，我确认完再跟你说,LLM_SYNTHETIC_SPOKEN_BASE,SYNTHETIC_TEXT
m3sbv1_005594,那边到时候帮我看看为什么还没收到我想先确认清楚,LLM_SYNTHETIC_SPOKEN_BASE,SYNTHETIC_TEXT
m3sbv1_005595,后面刚才再检查一遍有没有问题我想先确认清楚,LLM_SYNTHETIC_SPOKEN_BASE,SYNTHETIC_TEXT
m3sbv1_005596,家里这边没别的要求，把最新版本发给我看一下就可以,LLM_SYNTHETIC_SPOKEN_BASE,SYNTHETIC_TEXT
m3sbv1_005597,我听说看看前面能不能掉头，你们这边好安排,LLM_SYNTHETIC_SPOKEN_BASE,SYNTHETIC_TEXT
m3sbv1_005598,那边这边没别的要求，到的时候给我发个消息就可以,LLM_SYNTHETIC_SPOKEN_BASE,SYNTHETIC_TEXT
m3sbv1_005599,我晚一点看看是不是网络又断了可以吗,LLM_SYNTHETIC_SPOKEN_BASE,SYNTHETIC_TEXT
m3sbv1_005600,你我估计把这个先放到后面处理，免得后面又要重新弄,LLM_SYNTHETIC_SPOKEN_BASE,SYNTHETIC_TEXT
m3sbv1_005601,昨天帮我换一个安静一点的位置，我确认完再跟你说,LLM_SYNTHETIC_SPOKEN_BASE,SYNTHETIC_TEXT
m3sbv1_005602,我们明天确认一下会议是不是改到下午了我想先确认清楚,LLM_SYNTHETIC_SPOKEN_BASE,SYNTHETIC_TEXT
m3sbv1_005603,刚才帮我把需要验证的地方列出来，我确认完再跟你说,LLM_SYNTHETIC_SPOKEN_BASE,SYNTHETIC_TEXT
m3sbv1_005604,一会儿我确认一下确认一下是不是从这里集合,LLM_SYNTHETIC_SPOKEN_BASE,SYNTHETIC_TEXT
m3sbv1_005605,刚才确认一下是不是同一个订单，我确认完再跟你说,LLM_SYNTHETIC_SPOKEN_BASE,SYNTHETIC_TEXT
m3sbv1_005606,后面到时候确认一下是不是从这里集合然后告诉我,LLM_SYNTHETIC_SPOKEN_BASE,SYNTHETIC_TEXT
m3sbv1_005607,我想问一下看看这个结果和昨天是不是一样，这边这边好安排,LLM_SYNTHETIC_SPOKEN_BASE,SYNTHETIC_TEXT
m3sbv1_005608,麻烦你问一下回来的车几点出发，我们这边好安排,LLM_SYNTHETIC_SPOKEN_BASE,SYNTHETIC_TEXT
m3sbv1_005609,应该把这个问题先记到清单里，我刚才没听太清楚,LLM_SYNTHETIC_SPOKEN_BASE,SYNTHETIC_TEXT
m3sbv1_005610,把刚才那条消息再发我一次，有变化的话提前告诉我,LLM_SYNTHETIC_SPOKEN_BASE,SYNTHETIC_TEXT
m3sbv1_005611,这边昨天帮我问一下还有没有空位我怕等会儿忘了,LLM_SYNTHETIC_SPOKEN_BASE,SYNTHETIC_TEXT
m3sbv1_005612,他们今天帮我找一下充电线放哪了行不行,LLM_SYNTHETIC_SPOKEN_BASE,SYNTHETIC_TEXT
m3sbv1_005613,这边这边没别的要求，帮我看看这个号码对不对就可以,LLM_SYNTHETIC_SPOKEN_BASE,SYNTHETIC_TEXT
m3sbv1_005614,今天看起来把这个先放到后面处理我想先确认清楚,LLM_SYNTHETIC_SPOKEN_BASE,SYNTHETIC_TEXT
m3sbv1_005615,你们这边没别的要求，看看数据是不是重复了就可以,LLM_SYNTHETIC_SPOKEN_BASE,SYNTHETIC_TEXT
m3sbv1_005616,可能确认一下时间有没有改，我刚才没听太清楚,LLM_SYNTHETIC_SPOKEN_BASE,SYNTHETIC_TEXT
m3sbv1_005617,一会儿感觉问一下还能不能加一个人,LLM_SYNTHETIC_SPOKEN_BASE,SYNTHETIC_TEXT
m3sbv1_005618,早一点我估计帮我听一下这个声音正不正常别弄错了,LLM_SYNTHETIC_SPOKEN_BASE,SYNTHETIC_TEXT
m3sbv1_005619,好像把位置发给我我自己过去，我刚才没听太清楚,LLM_SYNTHETIC_SPOKEN_BASE,SYNTHETIC_TEXT
m3sbv1_005620,那边早一点把地址再确认一下是不是,LLM_SYNTHETIC_SPOKEN_BASE,SYNTHETIC_TEXT
m3sbv1_005621,现场早一点帮我看看行李放在哪里是不是,LLM_SYNTHETIC_SPOKEN_BASE,SYNTHETIC_TEXT
m3sbv1_005622,昨天确认一下名字有没有写错，我确认完再跟你说,LLM_SYNTHETIC_SPOKEN_BASE,SYNTHETIC_TEXT
m3sbv1_005623,等一下可能帮我把重复的内容删掉我再决定,LLM_SYNTHETIC_SPOKEN_BASE,SYNTHETIC_TEXT
m3sbv1_005624,现场感觉帮我换一个安静一点的位置，免得后面又要重新弄,LLM_SYNTHETIC_SPOKEN_BASE,SYNTHETIC_TEXT
m3sbv1_005625,他们这边没别的要求，帮我问一下还有没有空位就可以,LLM_SYNTHETIC_SPOKEN_BASE,SYNTHETIC_TEXT
m3sbv1_005626,这边我想问一下帮我确认一下字段有没有变，免得后面又要重新弄,LLM_SYNTHETIC_SPOKEN_BASE,SYNTHETIC_TEXT
m3sbv1_005627,后面这边没别的要求，看看导航是不是带错路了就可以,LLM_SYNTHETIC_SPOKEN_BASE,SYNTHETIC_TEXT
m3sbv1_005628,今天确认一下是不是同一个订单，我确认完再跟你说,LLM_SYNTHETIC_SPOKEN_BASE,SYNTHETIC_TEXT
m3sbv1_005629,等一下麻烦你帮我问一下现在还能不能改行不行,LLM_SYNTHETIC_SPOKEN_BASE,SYNTHETIC_TEXT
m3sbv1_005630,他一会儿确认一下会议是不是改到下午了然后告诉我,LLM_SYNTHETIC_SPOKEN_BASE,SYNTHETIC_TEXT
m3sbv1_005631,到时候先别急，别着急我们按顺序来再继续,LLM_SYNTHETIC_SPOKEN_BASE,SYNTHETIC_TEXT
m3sbv1_005632,这两天我想问一下看看能不能多拿一条毛巾然后告诉我,LLM_SYNTHETIC_SPOKEN_BASE,SYNTHETIC_TEXT
m3sbv1_005633,明天应该帮我把水再加一点然后告诉我,LLM_SYNTHETIC_SPOKEN_BASE,SYNTHETIC_TEXT
m3sbv1_005634,她今天帮我看看为什么还没收到别弄错了,LLM_SYNTHETIC_SPOKEN_BASE,SYNTHETIC_TEXT
m3sbv1_005635,最近先别急，再检查一遍有没有问题再继续,LLM_SYNTHETIC_SPOKEN_BASE,SYNTHETIC_TEXT
m3sbv1_005636,刚才先别急，再检查一遍有没有问题再继续,LLM_SYNTHETIC_SPOKEN_BASE,SYNTHETIC_TEXT
m3sbv1_005637,应该看看导航是不是带错路了，我们这边好安排,LLM_SYNTHETIC_SPOKEN_BASE,SYNTHETIC_TEXT
m3sbv1_005638,家里应该看看这个接口是不是又报错了，免得后面又要重新弄,LLM_SYNTHETIC_SPOKEN_BASE,SYNTHETIC_TEXT
m3sbv1_005639,公司最近先别取消我再确认一下我再决定,LLM_SYNTHETIC_SPOKEN_BASE,SYNTHETIC_TEXT
m3sbv1_005640,昨天我估计看看能不能多拿一条毛巾别弄错了,LLM_SYNTHETIC_SPOKEN_BASE,SYNTHETIC_TEXT
m3sbv1_005641,前面先到的时候给我发个消息吧,LLM_SYNTHETIC_SPOKEN_BASE,SYNTHETIC_TEXT
m3sbv1_005642,这边现在确认一下轮胎是不是有点软我再决定,LLM_SYNTHETIC_SPOKEN_BASE,SYNTHETIC_TEXT
m3sbv1_005643,后面我估计到的时候给我发个消息，免得后面又要重新弄,LLM_SYNTHETIC_SPOKEN_BASE,SYNTHETIC_TEXT
m3sbv1_005644,先我确认一下看看还有没有漏掉的步骤我有点不确定,LLM_SYNTHETIC_SPOKEN_BASE,SYNTHETIC_TEXT
m3sbv1_005645,前面我想问一下帮我看看这个号码对不对，免得后面又要重新弄,LLM_SYNTHETIC_SPOKEN_BASE,SYNTHETIC_TEXT
m3sbv1_005646,那边看起来确认一下这次只改这一部分，免得后面又要重新弄,LLM_SYNTHETIC_SPOKEN_BASE,SYNTHETIC_TEXT
m3sbv1_005647,好像看看有没有不用排队的办法，你们这边好安排,LLM_SYNTHETIC_SPOKEN_BASE,SYNTHETIC_TEXT
m3sbv1_005648,她这边没别的要求，把这个先留着别动就可以,LLM_SYNTHETIC_SPOKEN_BASE,SYNTHETIC_TEXT
m3sbv1_005649,他这边没别的要求，把这个先留着别动就可以,LLM_SYNTHETIC_SPOKEN_BASE,SYNTHETIC_TEXT
m3sbv1_005650,最近我想问一下到的时候给我发个消息我想先确认清楚,LLM_SYNTHETIC_SPOKEN_BASE,SYNTHETIC_TEXT
m3sbv1_005651,感觉帮我把需要验证的地方列出来，我刚才没听太清楚,LLM_SYNTHETIC_SPOKEN_BASE,SYNTHETIC_TEXT
m3sbv1_005652,我估计帮我看看这个菜里面有没有辣椒，你们这边好安排,LLM_SYNTHETIC_SPOKEN_BASE,SYNTHETIC_TEXT
m3sbv1_005653,到时候我估计看看能不能换成小份行不行,LLM_SYNTHETIC_SPOKEN_BASE,SYNTHETIC_TEXT
m3sbv1_005654,最近先别急，确认一下车是不是停在外面再继续,LLM_SYNTHETIC_SPOKEN_BASE,SYNTHETIC_TEXT
m3sbv1_005655,家里等一下看看有没有影响到别的模块我有点不确定,LLM_SYNTHETIC_SPOKEN_BASE,SYNTHETIC_TEXT
m3sbv1_005656,我记得把地址再确认一下，你们这边好安排,LLM_SYNTHETIC_SPOKEN_BASE,SYNTHETIC_TEXT
m3sbv1_005657,明天帮我看看这个零件是不是松了，我确认完再跟你说,LLM_SYNTHETIC_SPOKEN_BASE,SYNTHETIC_TEXT
m3sbv1_005658,我记得帮我问一下现在还能不能改，他们这边好安排,LLM_SYNTHETIC_SPOKEN_BASE,SYNTHETIC_TEXT
m3sbv1_005659,确认一下是不是从这里集合，如果不行就先别改,LLM_SYNTHETIC_SPOKEN_BASE,SYNTHETIC_TEXT
m3sbv1_005660,麻烦你把声音稍微调小一点，我们这边好安排,LLM_SYNTHETIC_SPOKEN_BASE,SYNTHETIC_TEXT
m3sbv1_005661,之前先别急，确认一下会议是不是改到下午了再继续,LLM_SYNTHETIC_SPOKEN_BASE,SYNTHETIC_TEXT
m3sbv1_005662,现在先别急，看看这个东西应该放哪里再继续,LLM_SYNTHETIC_SPOKEN_BASE,SYNTHETIC_TEXT
m3sbv1_005663,前面这边没别的要求，确认一下服务有没有启动就可以,LLM_SYNTHETIC_SPOKEN_BASE,SYNTHETIC_TEXT
m3sbv1_005664,感觉确认一下是不是已经付过了，那边这边好安排,LLM_SYNTHETIC_SPOKEN_BASE,SYNTHETIC_TEXT
m3sbv1_005665,到时候我记得确认一下这次只改这一部分吧,LLM_SYNTHETIC_SPOKEN_BASE,SYNTHETIC_TEXT
m3sbv1_005666,麻烦你看看能不能把时间往后挪一点，店里这边好安排,LLM_SYNTHETIC_SPOKEN_BASE,SYNTHETIC_TEXT
m3sbv1_005667,你先到的时候给我发个消息行不行,LLM_SYNTHETIC_SPOKEN_BASE,SYNTHETIC_TEXT
m3sbv1_005668,我估计确认一下测试结果有没有更新，我们这边好安排,LLM_SYNTHETIC_SPOKEN_BASE,SYNTHETIC_TEXT
m3sbv1_005669,我记得看看有没有不用排队的办法，家里这边好安排,LLM_SYNTHETIC_SPOKEN_BASE,SYNTHETIC_TEXT
m3sbv1_005670,一会儿可能再检查一遍有没有问题我怕等会儿忘了,LLM_SYNTHETIC_SPOKEN_BASE,SYNTHETIC_TEXT
m3sbv1_005671,好像再检查一遍有没有问题，那边这边好安排,LLM_SYNTHETIC_SPOKEN_BASE,SYNTHETIC_TEXT
m3sbv1_005672,看起来看看这个结果和昨天是不是一样，我们这边好安排,LLM_SYNTHETIC_SPOKEN_BASE,SYNTHETIC_TEXT
m3sbv1_005673,她我听说帮我问一下现在还能不能改，免得后面又要重新弄,LLM_SYNTHETIC_SPOKEN_BASE,SYNTHETIC_TEXT
m3sbv1_005674,早一点先别急，先把这一项记下来再继续,LLM_SYNTHETIC_SPOKEN_BASE,SYNTHETIC_TEXT
m3sbv1_005675,我们这边没别的要求，确认一下这次只改这一部分就可以,LLM_SYNTHETIC_SPOKEN_BASE,SYNTHETIC_TEXT
m3sbv1_005676,那边之前把这个先留着别动我有点不确定,LLM_SYNTHETIC_SPOKEN_BASE,SYNTHETIC_TEXT
m3sbv1_005677,这边我听说确认一下是不是同一个订单，免得后面又要重新弄,LLM_SYNTHETIC_SPOKEN_BASE,SYNTHETIC_TEXT
m3sbv1_005678,我们可能看看这个接口是不是又报错了，免得后面又要重新弄,LLM_SYNTHETIC_SPOKEN_BASE,SYNTHETIC_TEXT
m3sbv1_005679,之前先别急，看看数据是不是重复了再继续,LLM_SYNTHETIC_SPOKEN_BASE,SYNTHETIC_TEXT
m3sbv1_005680,我记得帮我确认一下字段有没有变，家里这边好安排,LLM_SYNTHETIC_SPOKEN_BASE,SYNTHETIC_TEXT
m3sbv1_005681,这边昨天确认一下文件有没有传成功可以吗,LLM_SYNTHETIC_SPOKEN_BASE,SYNTHETIC_TEXT
m3sbv1_005682,那边明天看看有没有不用排队的办法吧,LLM_SYNTHETIC_SPOKEN_BASE,SYNTHETIC_TEXT
m3sbv1_005683,刚才可能看看是不是还少了什么行不行,LLM_SYNTHETIC_SPOKEN_BASE,SYNTHETIC_TEXT
m3sbv1_005684,那边到时候看看能不能换成小份我有点不确定,LLM_SYNTHETIC_SPOKEN_BASE,SYNTHETIC_TEXT
m3sbv1_005685,一会儿先别急，确认一下这次只改这一部分再继续,LLM_SYNTHETIC_SPOKEN_BASE,SYNTHETIC_TEXT
m3sbv1_005686,今天把这个问题先记到清单里，我确认完再跟你说,LLM_SYNTHETIC_SPOKEN_BASE,SYNTHETIC_TEXT
m3sbv1_005687,你们这边没别的要求，帮我换一个安静一点的位置就可以,LLM_SYNTHETIC_SPOKEN_BASE,SYNTHETIC_TEXT
m3sbv1_005688,现场晚一点问一下能不能晚一点回来可以吗,LLM_SYNTHETIC_SPOKEN_BASE,SYNTHETIC_TEXT
m3sbv1_005689,我估计帮我拿一下旁边那个袋子，我刚才没听太清楚,LLM_SYNTHETIC_SPOKEN_BASE,SYNTHETIC_TEXT
m3sbv1_005690,公司晚一点确认一下服务有没有启动我怕等会儿忘了,LLM_SYNTHETIC_SPOKEN_BASE,SYNTHETIC_TEXT
m3sbv1_005691,明天看看是不是选错选项了，我确认完再跟你说,LLM_SYNTHETIC_SPOKEN_BASE,SYNTHETIC_TEXT
m3sbv1_005692,我估计帮我确认一下负责人是谁，后面这边好安排,LLM_SYNTHETIC_SPOKEN_BASE,SYNTHETIC_TEXT
m3sbv1_005693,这边我觉得看看是不是还少了什么，免得后面又要重新弄,LLM_SYNTHETIC_SPOKEN_BASE,SYNTHETIC_TEXT
m3sbv1_005694,这两天确认一下是不是从这里集合，我确认完再跟你说,LLM_SYNTHETIC_SPOKEN_BASE,SYNTHETIC_TEXT
m3sbv1_005695,我早一点看看有没有更早一点的时间是不是,LLM_SYNTHETIC_SPOKEN_BASE,SYNTHETIC_TEXT
m3sbv1_005696,前面我听说别着急我们按顺序来，免得后面又要重新弄,LLM_SYNTHETIC_SPOKEN_BASE,SYNTHETIC_TEXT
m3sbv1_005697,昨天可能别着急我们按顺序来我想先确认清楚,LLM_SYNTHETIC_SPOKEN_BASE,SYNTHETIC_TEXT
m3sbv1_005698,那边之前确认一下文件有没有传成功行不行,LLM_SYNTHETIC_SPOKEN_BASE,SYNTHETIC_TEXT
m3sbv1_005699,昨天我估计看看钥匙是不是还在车里吧,LLM_SYNTHETIC_SPOKEN_BASE,SYNTHETIC_TEXT
m3sbv1_005700,昨天我估计问一下这个能不能少放一点盐就行,LLM_SYNTHETIC_SPOKEN_BASE,SYNTHETIC_TEXT
m3sbv1_005701,明天可能确认一下文件有没有传成功我想先确认清楚,LLM_SYNTHETIC_SPOKEN_BASE,SYNTHETIC_TEXT
m3sbv1_005702,早一点确认一下这个功能是不是已经关掉了，我确认完再跟你说,LLM_SYNTHETIC_SPOKEN_BASE,SYNTHETIC_TEXT
m3sbv1_005703,后面最近问一下还能不能加一个人行不行,LLM_SYNTHETIC_SPOKEN_BASE,SYNTHETIC_TEXT
m3sbv1_005704,之前确认一下是不是从这里集合，我确认完再跟你说,LLM_SYNTHETIC_SPOKEN_BASE,SYNTHETIC_TEXT
m3sbv1_005705,现场昨天帮我确认一下房间准备好了没有可以吗,LLM_SYNTHETIC_SPOKEN_BASE,SYNTHETIC_TEXT
m3sbv1_005706,我确认一下把地址再确认一下，前面这边好安排,LLM_SYNTHETIC_SPOKEN_BASE,SYNTHETIC_TEXT
m3sbv1_005707,昨天我想问一下再检查一遍有没有问题我有点不确定,LLM_SYNTHETIC_SPOKEN_BASE,SYNTHETIC_TEXT
m3sbv1_005708,现场这边没别的要求，帮我看看行李放在哪里就可以,LLM_SYNTHETIC_SPOKEN_BASE,SYNTHETIC_TEXT
m3sbv1_005709,今天先别急，看看导航是不是带错路了再继续,LLM_SYNTHETIC_SPOKEN_BASE,SYNTHETIC_TEXT
m3sbv1_005710,之前先别急，看看这个东西应该放哪里再继续,LLM_SYNTHETIC_SPOKEN_BASE,SYNTHETIC_TEXT
m3sbv1_005711,可能把位置发给我我自己过去，他这边好安排,LLM_SYNTHETIC_SPOKEN_BASE,SYNTHETIC_TEXT
m3sbv1_005712,先我觉得先把这个问题单独记录下来就行,LLM_SYNTHETIC_SPOKEN_BASE,SYNTHETIC_TEXT
m3sbv1_005713,他们刚才看看这个接口是不是又报错了我再决定,LLM_SYNTHETIC_SPOKEN_BASE,SYNTHETIC_TEXT
m3sbv1_005714,最近先别急，帮我看看日志里有没有异常再继续,LLM_SYNTHETIC_SPOKEN_BASE,SYNTHETIC_TEXT
m3sbv1_005715,看起来确认一下停车要不要付费，前面这边好安排,LLM_SYNTHETIC_SPOKEN_BASE,SYNTHETIC_TEXT
m3sbv1_005716,早一点我确认一下问一下能不能晚一点回来我有点不确定,LLM_SYNTHETIC_SPOKEN_BASE,SYNTHETIC_TEXT
m3sbv1_005717,晚一点先把现在的结果保存下来，我确认完再跟你说,LLM_SYNTHETIC_SPOKEN_BASE,SYNTHETIC_TEXT
m3sbv1_005718,好像帮我听一下这个声音正不正常，我刚才没听太清楚,LLM_SYNTHETIC_SPOKEN_BASE,SYNTHETIC_TEXT
m3sbv1_005719,你好像确认一下入口是不是在这边，免得后面又要重新弄,LLM_SYNTHETIC_SPOKEN_BASE,SYNTHETIC_TEXT
m3sbv1_005720,可能先别取消我再确认一下，现场这边好安排,LLM_SYNTHETIC_SPOKEN_BASE,SYNTHETIC_TEXT
m3sbv1_005721,店里麻烦你确认一下退房时间是几点，免得后面又要重新弄,LLM_SYNTHETIC_SPOKEN_BASE,SYNTHETIC_TEXT
m3sbv1_005722,店里之前看看能不能换成小份然后告诉我,LLM_SYNTHETIC_SPOKEN_BASE,SYNTHETIC_TEXT
m3sbv1_005723,这两天我确认一下看看油还够不够我怕等会儿忘了,LLM_SYNTHETIC_SPOKEN_BASE,SYNTHETIC_TEXT
m3sbv1_005724,明天可能看看空调能不能调高一点别弄错了,LLM_SYNTHETIC_SPOKEN_BASE,SYNTHETIC_TEXT
m3sbv1_005725,明天我听说帮我看看日志里有没有异常我有点不确定,LLM_SYNTHETIC_SPOKEN_BASE,SYNTHETIC_TEXT
m3sbv1_005726,前面好像确认一下退房时间是几点，免得后面又要重新弄,LLM_SYNTHETIC_SPOKEN_BASE,SYNTHETIC_TEXT
m3sbv1_005727,公司先问一下能不能晚一点回来可以吗,LLM_SYNTHETIC_SPOKEN_BASE,SYNTHETIC_TEXT
m3sbv1_005728,我听说先别取消我再确认一下，我刚才没听太清楚,LLM_SYNTHETIC_SPOKEN_BASE,SYNTHETIC_TEXT
m3sbv1_005729,这边麻烦你把最新版本发给我看一下，免得后面又要重新弄,LLM_SYNTHETIC_SPOKEN_BASE,SYNTHETIC_TEXT
m3sbv1_005730,现在我想问一下问一下早餐几点开始就行,LLM_SYNTHETIC_SPOKEN_BASE,SYNTHETIC_TEXT
m3sbv1_005731,好像把刚才那条消息再发我一次，家里这边好安排,LLM_SYNTHETIC_SPOKEN_BASE,SYNTHETIC_TEXT
m3sbv1_005732,麻烦你看看还有没有漏掉的步骤，家里这边好安排,LLM_SYNTHETIC_SPOKEN_BASE,SYNTHETIC_TEXT
m3sbv1_005733,我们早一点问一下这个能不能少放一点盐吧,LLM_SYNTHETIC_SPOKEN_BASE,SYNTHETIC_TEXT
m3sbv1_005734,她等一下看看是不是选错选项了我想先确认清楚,LLM_SYNTHETIC_SPOKEN_BASE,SYNTHETIC_TEXT
m3sbv1_005735,刚才可能确认一下是不是同一个订单我怕等会儿忘了,LLM_SYNTHETIC_SPOKEN_BASE,SYNTHETIC_TEXT
m3sbv1_005736,我们我估计看看这个接口是不是又报错了，免得后面又要重新弄,LLM_SYNTHETIC_SPOKEN_BASE,SYNTHETIC_TEXT
m3sbv1_005737,公司今天先等等我马上就过来行不行,LLM_SYNTHETIC_SPOKEN_BASE,SYNTHETIC_TEXT
m3sbv1_005738,公司麻烦你看看这个结果和昨天是不是一样，免得后面又要重新弄,LLM_SYNTHETIC_SPOKEN_BASE,SYNTHETIC_TEXT
m3sbv1_005739,你可能帮我看看行李放在哪里，免得后面又要重新弄,LLM_SYNTHETIC_SPOKEN_BASE,SYNTHETIC_TEXT
m3sbv1_005740,那边先确认一下是不是已经付过了我再决定,LLM_SYNTHETIC_SPOKEN_BASE,SYNTHETIC_TEXT
m3sbv1_005741,我记得确认一下停车要不要付费，这边这边好安排,LLM_SYNTHETIC_SPOKEN_BASE,SYNTHETIC_TEXT
m3sbv1_005742,我确认一下试一下重新打开能不能用，家里这边好安排,LLM_SYNTHETIC_SPOKEN_BASE,SYNTHETIC_TEXT
m3sbv1_005743,好像确认一下这份文件是不是最终版，我刚才没听太清楚,LLM_SYNTHETIC_SPOKEN_BASE,SYNTHETIC_TEXT
m3sbv1_005744,今天看起来先等等我马上就过来,LLM_SYNTHETIC_SPOKEN_BASE,SYNTHETIC_TEXT
m3sbv1_005745,前面可能先把现在的结果保存下来，免得后面又要重新弄,LLM_SYNTHETIC_SPOKEN_BASE,SYNTHETIC_TEXT
m3sbv1_005746,现在先别急，帮我看看日志里有没有异常再继续,LLM_SYNTHETIC_SPOKEN_BASE,SYNTHETIC_TEXT
m3sbv1_005747,感觉看看这个结果和昨天是不是一样，公司这边好安排,LLM_SYNTHETIC_SPOKEN_BASE,SYNTHETIC_TEXT
m3sbv1_005748,前面早一点帮我确认一下字段有没有变行不行,LLM_SYNTHETIC_SPOKEN_BASE,SYNTHETIC_TEXT
m3sbv1_005749,公司我想问一下看看能不能换成小份，免得后面又要重新弄,LLM_SYNTHETIC_SPOKEN_BASE,SYNTHETIC_TEXT
m3sbv1_005750,你我觉得看看还有没有漏掉的步骤，免得后面又要重新弄,LLM_SYNTHETIC_SPOKEN_BASE,SYNTHETIC_TEXT
m3sbv1_005751,现在先别急，帮我听一下这个声音正不正常再继续,LLM_SYNTHETIC_SPOKEN_BASE,SYNTHETIC_TEXT
m3sbv1_005752,他早一点帮我把需要验证的地方列出来我怕等会儿忘了,LLM_SYNTHETIC_SPOKEN_BASE,SYNTHETIC_TEXT
m3sbv1_005753,我估计看看能不能多拿一条毛巾，现场这边好安排,LLM_SYNTHETIC_SPOKEN_BASE,SYNTHETIC_TEXT
m3sbv1_005754,感觉看看是不是还少了什么，你们这边好安排,LLM_SYNTHETIC_SPOKEN_BASE,SYNTHETIC_TEXT
m3sbv1_005755,刚才先别急，确认一下车是不是停在外面再继续,LLM_SYNTHETIC_SPOKEN_BASE,SYNTHETIC_TEXT
m3sbv1_005756,我昨天确认一下停车要不要付费我怕等会儿忘了,LLM_SYNTHETIC_SPOKEN_BASE,SYNTHETIC_TEXT
m3sbv1_005757,问一下还能不能加一个人以后跟我说一声就行,LLM_SYNTHETIC_SPOKEN_BASE,SYNTHETIC_TEXT
m3sbv1_005758,前面这边没别的要求，确认一下退房时间是几点就可以,LLM_SYNTHETIC_SPOKEN_BASE,SYNTHETIC_TEXT
m3sbv1_005759,这边我觉得看看谁还没有回复，免得后面又要重新弄,LLM_SYNTHETIC_SPOKEN_BASE,SYNTHETIC_TEXT
m3sbv1_005760,你这边没别的要求，确认一下会议是不是改到下午了就可以,LLM_SYNTHETIC_SPOKEN_BASE,SYNTHETIC_TEXT
m3sbv1_005761,这两天看看这个东西应该放哪里，我确认完再跟你说,LLM_SYNTHETIC_SPOKEN_BASE,SYNTHETIC_TEXT
m3sbv1_005762,感觉先等等我马上就过来，她这边好安排,LLM_SYNTHETIC_SPOKEN_BASE,SYNTHETIC_TEXT
m3sbv1_005763,今天好像把地址再确认一下可以吗,LLM_SYNTHETIC_SPOKEN_BASE,SYNTHETIC_TEXT
m3sbv1_005764,公司之前再检查一遍有没有问题我有点不确定,LLM_SYNTHETIC_SPOKEN_BASE,SYNTHETIC_TEXT
m3sbv1_005765,后面这边没别的要求，把这个先留着别动就可以,LLM_SYNTHETIC_SPOKEN_BASE,SYNTHETIC_TEXT
m3sbv1_005766,我确认一下看看能不能多拿一条毛巾，她这边好安排,LLM_SYNTHETIC_SPOKEN_BASE,SYNTHETIC_TEXT
m3sbv1_005767,你们我觉得确认一下服务有没有启动，免得后面又要重新弄,LLM_SYNTHETIC_SPOKEN_BASE,SYNTHETIC_TEXT
m3sbv1_005768,她这边没别的要求，看看钥匙是不是还在车里就可以,LLM_SYNTHETIC_SPOKEN_BASE,SYNTHETIC_TEXT
m3sbv1_005769,后面先确认一下测试结果有没有更新我想先确认清楚,LLM_SYNTHETIC_SPOKEN_BASE,SYNTHETIC_TEXT
m3sbv1_005770,之前我觉得帮我把需要验证的地方列出来就行,LLM_SYNTHETIC_SPOKEN_BASE,SYNTHETIC_TEXT
m3sbv1_005771,店里先问一下回来的车几点出发就行,LLM_SYNTHETIC_SPOKEN_BASE,SYNTHETIC_TEXT
m3sbv1_005772,晚一点应该确认一下是不是同一个订单行不行,LLM_SYNTHETIC_SPOKEN_BASE,SYNTHETIC_TEXT
m3sbv1_005773,你们这边没别的要求，帮我找一下刚才那个页面就可以,LLM_SYNTHETIC_SPOKEN_BASE,SYNTHETIC_TEXT
m3sbv1_005774,麻烦你看看这个版本是不是最新的，你这边好安排,LLM_SYNTHETIC_SPOKEN_BASE,SYNTHETIC_TEXT
m3sbv1_005775,明天先把这一项记下来，我确认完再跟你说,LLM_SYNTHETIC_SPOKEN_BASE,SYNTHETIC_TEXT
m3sbv1_005776,明天看起来问一下回来的车几点出发我再决定,LLM_SYNTHETIC_SPOKEN_BASE,SYNTHETIC_TEXT
m3sbv1_005777,我听说把这个先放到后面处理，你这边好安排,LLM_SYNTHETIC_SPOKEN_BASE,SYNTHETIC_TEXT
m3sbv1_005778,我想问一下看看这个东西应该放哪里，前面这边好安排,LLM_SYNTHETIC_SPOKEN_BASE,SYNTHETIC_TEXT
m3sbv1_005779,他们今天看看有没有影响到别的模块行不行,LLM_SYNTHETIC_SPOKEN_BASE,SYNTHETIC_TEXT
m3sbv1_005780,我觉得确认一下退房时间是几点，我刚才没听太清楚,LLM_SYNTHETIC_SPOKEN_BASE,SYNTHETIC_TEXT
m3sbv1_005781,前面现在帮我听一下这个声音正不正常可以吗,LLM_SYNTHETIC_SPOKEN_BASE,SYNTHETIC_TEXT
m3sbv1_005782,一会儿我听说问一下回来的车几点出发我有点不确定,LLM_SYNTHETIC_SPOKEN_BASE,SYNTHETIC_TEXT
m3sbv1_005783,前面我觉得把地址再确认一下，免得后面又要重新弄,LLM_SYNTHETIC_SPOKEN_BASE,SYNTHETIC_TEXT
m3sbv1_005784,麻烦你到的时候给我发个消息，后面这边好安排,LLM_SYNTHETIC_SPOKEN_BASE,SYNTHETIC_TEXT
m3sbv1_005785,他们我记得先把旧的那套逻辑放一边，免得后面又要重新弄,LLM_SYNTHETIC_SPOKEN_BASE,SYNTHETIC_TEXT
m3sbv1_005786,晚一点可能看看这个价格有没有包含费用我再决定,LLM_SYNTHETIC_SPOKEN_BASE,SYNTHETIC_TEXT
m3sbv1_005787,昨天我想问一下看看这个结果和昨天是不是一样然后告诉我,LLM_SYNTHETIC_SPOKEN_BASE,SYNTHETIC_TEXT
m3sbv1_005788,你这边没别的要求，帮我确认一下负责人是谁就可以,LLM_SYNTHETIC_SPOKEN_BASE,SYNTHETIC_TEXT
m3sbv1_005789,之前我确认一下看看这个结果和昨天是不是一样别弄错了,LLM_SYNTHETIC_SPOKEN_BASE,SYNTHETIC_TEXT
m3sbv1_005790,现场好像看看前面是不是要左转，免得后面又要重新弄,LLM_SYNTHETIC_SPOKEN_BASE,SYNTHETIC_TEXT
m3sbv1_005791,到时候看起来确认一下会议是不是改到下午了别弄错了,LLM_SYNTHETIC_SPOKEN_BASE,SYNTHETIC_TEXT
m3sbv1_005792,可能确认一下测试结果有没有更新，他们这边好安排,LLM_SYNTHETIC_SPOKEN_BASE,SYNTHETIC_TEXT
m3sbv1_005793,感觉确认一下测试结果有没有更新，前面这边好安排,LLM_SYNTHETIC_SPOKEN_BASE,SYNTHETIC_TEXT
m3sbv1_005794,他们一会儿先别取消我再确认一下吧,LLM_SYNTHETIC_SPOKEN_BASE,SYNTHETIC_TEXT
m3sbv1_005795,好像帮我查一下刚才是哪一步失败了，现场这边好安排,LLM_SYNTHETIC_SPOKEN_BASE,SYNTHETIC_TEXT
m3sbv1_005796,我们明天试一下重新打开能不能用是不是,LLM_SYNTHETIC_SPOKEN_BASE,SYNTHETIC_TEXT
m3sbv1_005797,看起来看看导航是不是带错路了，我刚才没听太清楚,LLM_SYNTHETIC_SPOKEN_BASE,SYNTHETIC_TEXT
m3sbv1_005798,店里感觉确认一下要不要提前预约，免得后面又要重新弄,LLM_SYNTHETIC_SPOKEN_BASE,SYNTHETIC_TEXT
m3sbv1_005799,他刚才帮我确认一下房间准备好了没有,LLM_SYNTHETIC_SPOKEN_BASE,SYNTHETIC_TEXT
m3sbv1_005800,家里明天看看这个杯子是不是我的吧,LLM_SYNTHETIC_SPOKEN_BASE,SYNTHETIC_TEXT
m3sbv1_005801,我们现在把这个先放到后面处理我想先确认清楚,LLM_SYNTHETIC_SPOKEN_BASE,SYNTHETIC_TEXT
m3sbv1_005802,你现在问一下他们什么时候能到我有点不确定,LLM_SYNTHETIC_SPOKEN_BASE,SYNTHETIC_TEXT
m3sbv1_005803,我们可能把刚才那条消息再发我一次，免得后面又要重新弄,LLM_SYNTHETIC_SPOKEN_BASE,SYNTHETIC_TEXT
m3sbv1_005804,之前我想问一下看看空调能不能调高一点我再决定,LLM_SYNTHETIC_SPOKEN_BASE,SYNTHETIC_TEXT
m3sbv1_005805,之前我记得确认一下时间有没有改我想先确认清楚,LLM_SYNTHETIC_SPOKEN_BASE,SYNTHETIC_TEXT
m3sbv1_005806,应该先把这个问题单独记录下来，我刚才没听太清楚,LLM_SYNTHETIC_SPOKEN_BASE,SYNTHETIC_TEXT
m3sbv1_005807,应该帮我看看为什么还没收到，公司这边好安排,LLM_SYNTHETIC_SPOKEN_BASE,SYNTHETIC_TEXT
m3sbv1_005808,店里这边没别的要求，看看能不能换成小份就可以,LLM_SYNTHETIC_SPOKEN_BASE,SYNTHETIC_TEXT
m3sbv1_005809,店里明天帮我看看这个菜里面有没有辣椒,LLM_SYNTHETIC_SPOKEN_BASE,SYNTHETIC_TEXT
m3sbv1_005810,看起来先等等我马上就过来，店里这边好安排,LLM_SYNTHETIC_SPOKEN_BASE,SYNTHETIC_TEXT
m3sbv1_005811,最近我觉得把这个问题先记到清单里然后告诉我,LLM_SYNTHETIC_SPOKEN_BASE,SYNTHETIC_TEXT
m3sbv1_005812,等一下可能问一下这个能不能少放一点盐是不是,LLM_SYNTHETIC_SPOKEN_BASE,SYNTHETIC_TEXT
m3sbv1_005813,家里先把刚才那条消息再发我一次,LLM_SYNTHETIC_SPOKEN_BASE,SYNTHETIC_TEXT
m3sbv1_005814,你到时候问一下还能不能加一个人行不行,LLM_SYNTHETIC_SPOKEN_BASE,SYNTHETIC_TEXT
m3sbv1_005815,应该确认一下测试结果有没有更新，现场这边好安排,LLM_SYNTHETIC_SPOKEN_BASE,SYNTHETIC_TEXT
m3sbv1_005816,现场可能帮我听一下这个声音正不正常，免得后面又要重新弄,LLM_SYNTHETIC_SPOKEN_BASE,SYNTHETIC_TEXT
m3sbv1_005817,你这边没别的要求，先别取消我再确认一下就可以,LLM_SYNTHETIC_SPOKEN_BASE,SYNTHETIC_TEXT
m3sbv1_005818,一会儿看一下这个是不是放错地方了，我确认完再跟你说,LLM_SYNTHETIC_SPOKEN_BASE,SYNTHETIC_TEXT
m3sbv1_005819,我觉得帮我看看这个菜里面有没有辣椒，你这边好安排,LLM_SYNTHETIC_SPOKEN_BASE,SYNTHETIC_TEXT
m3sbv1_005820,可能试一下重新打开能不能用，后面这边好安排,LLM_SYNTHETIC_SPOKEN_BASE,SYNTHETIC_TEXT
m3sbv1_005821,前面昨天看一下这个是不是放错地方了我想先确认清楚,LLM_SYNTHETIC_SPOKEN_BASE,SYNTHETIC_TEXT
m3sbv1_005822,公司这边没别的要求，看看前面是不是要左转就可以,LLM_SYNTHETIC_SPOKEN_BASE,SYNTHETIC_TEXT
m3sbv1_005823,明天我记得问一下这个能不能少放一点盐我怕等会儿忘了,LLM_SYNTHETIC_SPOKEN_BASE,SYNTHETIC_TEXT
m3sbv1_005824,我估计别着急我们按顺序来，他们这边好安排,LLM_SYNTHETIC_SPOKEN_BASE,SYNTHETIC_TEXT
m3sbv1_005825,我记得确认一下要不要提前预约，我刚才没听太清楚,LLM_SYNTHETIC_SPOKEN_BASE,SYNTHETIC_TEXT
m3sbv1_005826,我想问一下把这个先留着别动，店里这边好安排,LLM_SYNTHETIC_SPOKEN_BASE,SYNTHETIC_TEXT
m3sbv1_005827,后面可能问一下早餐几点开始，免得后面又要重新弄,LLM_SYNTHETIC_SPOKEN_BASE,SYNTHETIC_TEXT
m3sbv1_005828,这边昨天把这个问题先记到清单里吧,LLM_SYNTHETIC_SPOKEN_BASE,SYNTHETIC_TEXT
m3sbv1_005829,我可能看看数据是不是重复了，免得后面又要重新弄,LLM_SYNTHETIC_SPOKEN_BASE,SYNTHETIC_TEXT
m3sbv1_005830,现场我记得确认一下是不是同一个订单，免得后面又要重新弄,LLM_SYNTHETIC_SPOKEN_BASE,SYNTHETIC_TEXT
m3sbv1_005831,麻烦你问一下能不能晚一点回来，店里这边好安排,LLM_SYNTHETIC_SPOKEN_BASE,SYNTHETIC_TEXT
m3sbv1_005832,现场这边没别的要求，先别取消我再确认一下就可以,LLM_SYNTHETIC_SPOKEN_BASE,SYNTHETIC_TEXT
m3sbv1_005833,昨天我想问一下把地址再确认一下别弄错了,LLM_SYNTHETIC_SPOKEN_BASE,SYNTHETIC_TEXT
m3sbv1_005834,我等一下把这个先放到后面处理,LLM_SYNTHETIC_SPOKEN_BASE,SYNTHETIC_TEXT
m3sbv1_005835,你可能看看前面是不是要左转，免得后面又要重新弄,LLM_SYNTHETIC_SPOKEN_BASE,SYNTHETIC_TEXT
m3sbv1_005836,这边刚才确认一下文件有没有传成功可以吗,LLM_SYNTHETIC_SPOKEN_BASE,SYNTHETIC_TEXT
m3sbv1_005837,那边我估计帮我看看为什么还没收到，免得后面又要重新弄,LLM_SYNTHETIC_SPOKEN_BASE,SYNTHETIC_TEXT
m3sbv1_005838,他们明天帮我把重复的内容删掉我有点不确定,LLM_SYNTHETIC_SPOKEN_BASE,SYNTHETIC_TEXT
m3sbv1_005839,他我确认一下帮我查一下刚才是哪一步失败了，免得后面又要重新弄,LLM_SYNTHETIC_SPOKEN_BASE,SYNTHETIC_TEXT
m3sbv1_005840,你这边没别的要求，帮我看看为什么还没收到就可以,LLM_SYNTHETIC_SPOKEN_BASE,SYNTHETIC_TEXT
m3sbv1_005841,这两天看看钥匙是不是还在车里，我确认完再跟你说,LLM_SYNTHETIC_SPOKEN_BASE,SYNTHETIC_TEXT
m3sbv1_005842,刚才我记得把这个问题先记到清单里我再决定,LLM_SYNTHETIC_SPOKEN_BASE,SYNTHETIC_TEXT
m3sbv1_005843,感觉帮我确认一下下一站在哪里，这边这边好安排,LLM_SYNTHETIC_SPOKEN_BASE,SYNTHETIC_TEXT
m3sbv1_005844,今天我记得确认一下退房时间是几点可以吗,LLM_SYNTHETIC_SPOKEN_BASE,SYNTHETIC_TEXT
m3sbv1_005845,那边我估计把位置发给我我自己过去，免得后面又要重新弄,LLM_SYNTHETIC_SPOKEN_BASE,SYNTHETIC_TEXT
m3sbv1_005846,今天好像把这个先留着别动可以吗,LLM_SYNTHETIC_SPOKEN_BASE,SYNTHETIC_TEXT
m3sbv1_005847,到时候麻烦你把最新版本发给我看一下我怕等会儿忘了,LLM_SYNTHETIC_SPOKEN_BASE,SYNTHETIC_TEXT
m3sbv1_005848,他麻烦你确认一下是不是已经下单了，免得后面又要重新弄,LLM_SYNTHETIC_SPOKEN_BASE,SYNTHETIC_TEXT
m3sbv1_005849,感觉确认一下是不是已经下单了，我刚才没听太清楚,LLM_SYNTHETIC_SPOKEN_BASE,SYNTHETIC_TEXT
m3sbv1_005850,感觉把刚才说的重点再讲一遍，那边这边好安排,LLM_SYNTHETIC_SPOKEN_BASE,SYNTHETIC_TEXT
m3sbv1_005851,她这边没别的要求，帮我看看行李放在哪里就可以,LLM_SYNTHETIC_SPOKEN_BASE,SYNTHETIC_TEXT
m3sbv1_005852,早一点我记得把地址再确认一下我有点不确定,LLM_SYNTHETIC_SPOKEN_BASE,SYNTHETIC_TEXT
m3sbv1_005853,公司这边没别的要求，确认一下是不是已经付过了就可以,LLM_SYNTHETIC_SPOKEN_BASE,SYNTHETIC_TEXT
m3sbv1_005854,到时候我觉得先把现在的结果保存下来可以吗,LLM_SYNTHETIC_SPOKEN_BASE,SYNTHETIC_TEXT
m3sbv1_005855,麻烦你试一下重新打开能不能用，公司这边好安排,LLM_SYNTHETIC_SPOKEN_BASE,SYNTHETIC_TEXT
m3sbv1_005856,可能帮我确认一下下一站在哪里，我这边好安排,LLM_SYNTHETIC_SPOKEN_BASE,SYNTHETIC_TEXT
m3sbv1_005857,应该看看这个版本是不是最新的，现场这边好安排,LLM_SYNTHETIC_SPOKEN_BASE,SYNTHETIC_TEXT
m3sbv1_005858,要是方便的话帮我找一下充电线放哪了，不用特意等我,LLM_SYNTHETIC_SPOKEN_BASE,SYNTHETIC_TEXT
m3sbv1_005859,你这边没别的要求，确认一下停车要不要付费就可以,LLM_SYNTHETIC_SPOKEN_BASE,SYNTHETIC_TEXT
m3sbv1_005860,后面这两天先把这个问题单独记录下来我想先确认清楚,LLM_SYNTHETIC_SPOKEN_BASE,SYNTHETIC_TEXT
m3sbv1_005861,公司好像确认一下是不是从这里集合，免得后面又要重新弄,LLM_SYNTHETIC_SPOKEN_BASE,SYNTHETIC_TEXT
m3sbv1_005862,她我想问一下问一下能不能晚一点回来，免得后面又要重新弄,LLM_SYNTHETIC_SPOKEN_BASE,SYNTHETIC_TEXT
m3sbv1_005863,我觉得帮我看看这个零件是不是松了，家里这边好安排,LLM_SYNTHETIC_SPOKEN_BASE,SYNTHETIC_TEXT
m3sbv1_005864,之前我估计帮我确认一下负责人是谁就行,LLM_SYNTHETIC_SPOKEN_BASE,SYNTHETIC_TEXT
m3sbv1_005865,他们早一点先别取消我再确认一下吧,LLM_SYNTHETIC_SPOKEN_BASE,SYNTHETIC_TEXT
m3sbv1_005866,早一点麻烦你确认一下这个功能是不是已经关掉了是不是,LLM_SYNTHETIC_SPOKEN_BASE,SYNTHETIC_TEXT
m3sbv1_005867,我估计帮我听一下这个声音正不正常，他这边好安排,LLM_SYNTHETIC_SPOKEN_BASE,SYNTHETIC_TEXT
m3sbv1_005868,家里我想问一下先把旧的那套逻辑放一边，免得后面又要重新弄,LLM_SYNTHETIC_SPOKEN_BASE,SYNTHETIC_TEXT
m3sbv1_005869,最近好像确认一下灯是不是都关了我想先确认清楚,LLM_SYNTHETIC_SPOKEN_BASE,SYNTHETIC_TEXT
m3sbv1_005870,麻烦你把刚才那条消息再发我一次，公司这边好安排,LLM_SYNTHETIC_SPOKEN_BASE,SYNTHETIC_TEXT
m3sbv1_005871,那边今天看看前面能不能掉头然后告诉我,LLM_SYNTHETIC_SPOKEN_BASE,SYNTHETIC_TEXT
m3sbv1_005872,她我确认一下帮我把重复的内容删掉，免得后面又要重新弄,LLM_SYNTHETIC_SPOKEN_BASE,SYNTHETIC_TEXT
m3sbv1_005873,一会儿先别急，把这个问题先记到清单里再继续,LLM_SYNTHETIC_SPOKEN_BASE,SYNTHETIC_TEXT
m3sbv1_005874,你这边没别的要求，帮我换一个安静一点的位置就可以,LLM_SYNTHETIC_SPOKEN_BASE,SYNTHETIC_TEXT
m3sbv1_005875,我确认一下先别取消我再确认一下，你这边好安排,LLM_SYNTHETIC_SPOKEN_BASE,SYNTHETIC_TEXT
m3sbv1_005876,到时候帮我看看行李放在哪里，我确认完再跟你说,LLM_SYNTHETIC_SPOKEN_BASE,SYNTHETIC_TEXT
m3sbv1_005877,我听说帮我看看这个零件是不是松了，店里这边好安排,LLM_SYNTHETIC_SPOKEN_BASE,SYNTHETIC_TEXT
m3sbv1_005878,晚一点看看钥匙是不是还在车里，我确认完再跟你说,LLM_SYNTHETIC_SPOKEN_BASE,SYNTHETIC_TEXT
m3sbv1_005879,可能看看能不能多拿一条毛巾，他这边好安排,LLM_SYNTHETIC_SPOKEN_BASE,SYNTHETIC_TEXT
m3sbv1_005880,麻烦你帮我找一下充电线放哪了，我刚才没听太清楚,LLM_SYNTHETIC_SPOKEN_BASE,SYNTHETIC_TEXT
m3sbv1_005881,这边等一下确认一下车是不是停在外面是不是,LLM_SYNTHETIC_SPOKEN_BASE,SYNTHETIC_TEXT
m3sbv1_005882,先看看有没有不用排队的办法，我确认完再跟你说,LLM_SYNTHETIC_SPOKEN_BASE,SYNTHETIC_TEXT
m3sbv1_005883,麻烦你看看是不是配置没有生效，我刚才没听太清楚,LLM_SYNTHETIC_SPOKEN_BASE,SYNTHETIC_TEXT
m3sbv1_005884,公司昨天确认一下车是不是停在外面可以吗,LLM_SYNTHETIC_SPOKEN_BASE,SYNTHETIC_TEXT
m3sbv1_005885,后面明天看一下这个是不是放错地方了,LLM_SYNTHETIC_SPOKEN_BASE,SYNTHETIC_TEXT
m3sbv1_005886,我听说确认一下服务有没有启动，你们这边好安排,LLM_SYNTHETIC_SPOKEN_BASE,SYNTHETIC_TEXT
m3sbv1_005887,等一下我估计问一下早餐几点开始,LLM_SYNTHETIC_SPOKEN_BASE,SYNTHETIC_TEXT
m3sbv1_005888,明天先别急，看看能不能多拿一条毛巾再继续,LLM_SYNTHETIC_SPOKEN_BASE,SYNTHETIC_TEXT
m3sbv1_005889,刚才我记得看看是不是配置没有生效行不行,LLM_SYNTHETIC_SPOKEN_BASE,SYNTHETIC_TEXT
m3sbv1_005890,好像确认一下服务有没有启动，他们这边好安排,LLM_SYNTHETIC_SPOKEN_BASE,SYNTHETIC_TEXT
m3sbv1_005891,现场我听说看看谁还没有回复，免得后面又要重新弄,LLM_SYNTHETIC_SPOKEN_BASE,SYNTHETIC_TEXT
m3sbv1_005892,明天先别急，把位置发给我我自己过去再继续,LLM_SYNTHETIC_SPOKEN_BASE,SYNTHETIC_TEXT
m3sbv1_005893,麻烦你帮我看看日志里有没有异常，现场这边好安排,LLM_SYNTHETIC_SPOKEN_BASE,SYNTHETIC_TEXT
m3sbv1_005894,之前到的时候给我发个消息，我确认完再跟你说,LLM_SYNTHETIC_SPOKEN_BASE,SYNTHETIC_TEXT
m3sbv1_005895,我好像问一下回来的车几点出发，免得后面又要重新弄,LLM_SYNTHETIC_SPOKEN_BASE,SYNTHETIC_TEXT
m3sbv1_005896,他这边没别的要求，问一下早餐几点开始就可以,LLM_SYNTHETIC_SPOKEN_BASE,SYNTHETIC_TEXT
m3sbv1_005897,这边我记得看看这个东西应该放哪里，免得后面又要重新弄,LLM_SYNTHETIC_SPOKEN_BASE,SYNTHETIC_TEXT
m3sbv1_005898,先我记得把这个问题先记到清单里我想先确认清楚,LLM_SYNTHETIC_SPOKEN_BASE,SYNTHETIC_TEXT
m3sbv1_005899,你们这边没别的要求，帮我确认一下下一站在哪里就可以,LLM_SYNTHETIC_SPOKEN_BASE,SYNTHETIC_TEXT
m3sbv1_005900,明天先别急，看一下这个是不是放错地方了再继续,LLM_SYNTHETIC_SPOKEN_BASE,SYNTHETIC_TEXT
m3sbv1_005901,应该确认一下这次只改这一部分，我这边好安排,LLM_SYNTHETIC_SPOKEN_BASE,SYNTHETIC_TEXT
m3sbv1_005902,我觉得帮我确认一下房间准备好了没有，我刚才没听太清楚,LLM_SYNTHETIC_SPOKEN_BASE,SYNTHETIC_TEXT
m3sbv1_005903,家里这边没别的要求，看看这个杯子是不是我的就可以,LLM_SYNTHETIC_SPOKEN_BASE,SYNTHETIC_TEXT
m3sbv1_005904,你们我觉得确认一下是不是已经付过了，免得后面又要重新弄,LLM_SYNTHETIC_SPOKEN_BASE,SYNTHETIC_TEXT
m3sbv1_005905,家里早一点帮我拿一下旁边那个袋子就行,LLM_SYNTHETIC_SPOKEN_BASE,SYNTHETIC_TEXT
m3sbv1_005906,你好像确认一下这次只改这一部分，免得后面又要重新弄,LLM_SYNTHETIC_SPOKEN_BASE,SYNTHETIC_TEXT
m3sbv1_005907,早一点我确认一下确认一下会议是不是改到下午了我想先确认清楚,LLM_SYNTHETIC_SPOKEN_BASE,SYNTHETIC_TEXT
m3sbv1_005908,前面我觉得看看前面是不是要左转，免得后面又要重新弄,LLM_SYNTHETIC_SPOKEN_BASE,SYNTHETIC_TEXT
m3sbv1_005909,我想问一下看看油还够不够，你们这边好安排,LLM_SYNTHETIC_SPOKEN_BASE,SYNTHETIC_TEXT
m3sbv1_005910,你们我记得告诉我大概还要多久，免得后面又要重新弄,LLM_SYNTHETIC_SPOKEN_BASE,SYNTHETIC_TEXT
m3sbv1_005911,我想问一下看看是不是配置没有生效，前面这边好安排,LLM_SYNTHETIC_SPOKEN_BASE,SYNTHETIC_TEXT
m3sbv1_005912,我记得别着急我们按顺序来，我们这边好安排,LLM_SYNTHETIC_SPOKEN_BASE,SYNTHETIC_TEXT
m3sbv1_005913,我确认一下试一下重新打开能不能用，我们这边好安排,LLM_SYNTHETIC_SPOKEN_BASE,SYNTHETIC_TEXT
m3sbv1_005914,看起来问一下早餐几点开始，他们这边好安排,LLM_SYNTHETIC_SPOKEN_BASE,SYNTHETIC_TEXT
m3sbv1_005915,帮我查一下刚才是哪一步失败了以后跟我说一声就行,LLM_SYNTHETIC_SPOKEN_BASE,SYNTHETIC_TEXT
m3sbv1_005916,最近看起来帮我把需要验证的地方列出来我再决定,LLM_SYNTHETIC_SPOKEN_BASE,SYNTHETIC_TEXT
m3sbv1_005917,我记得确认一下退房时间是几点，他们这边好安排,LLM_SYNTHETIC_SPOKEN_BASE,SYNTHETIC_TEXT
m3sbv1_005918,现在可能帮我查一下刚才是哪一步失败了就行,LLM_SYNTHETIC_SPOKEN_BASE,SYNTHETIC_TEXT
m3sbv1_005919,之前我确认一下确认一下会议是不是改到下午了别弄错了,LLM_SYNTHETIC_SPOKEN_BASE,SYNTHETIC_TEXT
m3sbv1_005920,他我听说确认一下这次只改这一部分，免得后面又要重新弄,LLM_SYNTHETIC_SPOKEN_BASE,SYNTHETIC_TEXT
m3sbv1_005921,好像看看空调能不能调高一点，公司这边好安排,LLM_SYNTHETIC_SPOKEN_BASE,SYNTHETIC_TEXT
m3sbv1_005922,之前我确认一下看看是不是选错选项了行不行,LLM_SYNTHETIC_SPOKEN_BASE,SYNTHETIC_TEXT
m3sbv1_005923,等一下先别急，看看这个价格有没有包含费用再继续,LLM_SYNTHETIC_SPOKEN_BASE,SYNTHETIC_TEXT
m3sbv1_005924,麻烦你把门先关一下有点冷，你这边好安排,LLM_SYNTHETIC_SPOKEN_BASE,SYNTHETIC_TEXT
m3sbv1_005925,前面等一下帮我问一下现在还能不能改可以吗,LLM_SYNTHETIC_SPOKEN_BASE,SYNTHETIC_TEXT
m3sbv1_005926,你们明天看看有没有更早一点的时间可以吗,LLM_SYNTHETIC_SPOKEN_BASE,SYNTHETIC_TEXT
m3sbv1_005927,之前我确认一下看看钥匙是不是还在车里我有点不确定,LLM_SYNTHETIC_SPOKEN_BASE,SYNTHETIC_TEXT
m3sbv1_005928,明天麻烦你试一下重新打开能不能用行不行,LLM_SYNTHETIC_SPOKEN_BASE,SYNTHETIC_TEXT
m3sbv1_005929,他们先帮我看看为什么还没收到我想先确认清楚,LLM_SYNTHETIC_SPOKEN_BASE,SYNTHETIC_TEXT
m3sbv1_005930,店里今天问一下早餐几点开始就行,LLM_SYNTHETIC_SPOKEN_BASE,SYNTHETIC_TEXT
m3sbv1_005931,我确认一下看看这个价格有没有包含费用，公司这边好安排,LLM_SYNTHETIC_SPOKEN_BASE,SYNTHETIC_TEXT
m3sbv1_005932,明天先别急，帮我找一下刚才那个页面再继续,LLM_SYNTHETIC_SPOKEN_BASE,SYNTHETIC_TEXT
m3sbv1_005933,到时候好像先把旧的那套逻辑放一边我有点不确定,LLM_SYNTHETIC_SPOKEN_BASE,SYNTHETIC_TEXT
m3sbv1_005934,你们明天帮我找一下刚才那个页面吧,LLM_SYNTHETIC_SPOKEN_BASE,SYNTHETIC_TEXT
m3sbv1_005935,昨天应该问一下早餐几点开始我再决定,LLM_SYNTHETIC_SPOKEN_BASE,SYNTHETIC_TEXT
m3sbv1_005936,现场我确认一下看看是不是选错选项了，免得后面又要重新弄,LLM_SYNTHETIC_SPOKEN_BASE,SYNTHETIC_TEXT
m3sbv1_005937,一会儿好像确认一下这次只改这一部分,LLM_SYNTHETIC_SPOKEN_BASE,SYNTHETIC_TEXT
m3sbv1_005938,后面好像帮我确认一下负责人是谁，免得后面又要重新弄,LLM_SYNTHETIC_SPOKEN_BASE,SYNTHETIC_TEXT
m3sbv1_005939,早一点确认一下今天是不是正常营业，我确认完再跟你说,LLM_SYNTHETIC_SPOKEN_BASE,SYNTHETIC_TEXT
m3sbv1_005940,今天我觉得把最新版本发给我看一下是不是,LLM_SYNTHETIC_SPOKEN_BASE,SYNTHETIC_TEXT
m3sbv1_005941,这边这两天先把这一项记下来行不行,LLM_SYNTHETIC_SPOKEN_BASE,SYNTHETIC_TEXT
m3sbv1_005942,你我估计确认一下这个功能是不是已经关掉了，免得后面又要重新弄,LLM_SYNTHETIC_SPOKEN_BASE,SYNTHETIC_TEXT
m3sbv1_005943,先感觉确认一下是不是已经付过了我再决定,LLM_SYNTHETIC_SPOKEN_BASE,SYNTHETIC_TEXT
m3sbv1_005944,一会儿感觉看看能不能多拿一条毛巾是不是,LLM_SYNTHETIC_SPOKEN_BASE,SYNTHETIC_TEXT
m3sbv1_005945,现场我觉得帮我看看这个零件是不是松了，免得后面又要重新弄,LLM_SYNTHETIC_SPOKEN_BASE,SYNTHETIC_TEXT
m3sbv1_005946,后面到时候确认一下退房时间是几点吧,LLM_SYNTHETIC_SPOKEN_BASE,SYNTHETIC_TEXT
m3sbv1_005947,昨天麻烦你帮我把重复的内容删掉我怕等会儿忘了,LLM_SYNTHETIC_SPOKEN_BASE,SYNTHETIC_TEXT
m3sbv1_005948,到时候感觉试一下重新打开能不能用我再决定,LLM_SYNTHETIC_SPOKEN_BASE,SYNTHETIC_TEXT
m3sbv1_005949,我之前确认一下是不是同一个订单行不行,LLM_SYNTHETIC_SPOKEN_BASE,SYNTHETIC_TEXT
m3sbv1_005950,晚一点可能看看是不是还少了什么行不行,LLM_SYNTHETIC_SPOKEN_BASE,SYNTHETIC_TEXT
m3sbv1_005951,之前先别急，看看是不是还少了什么再继续,LLM_SYNTHETIC_SPOKEN_BASE,SYNTHETIC_TEXT
m3sbv1_005952,现在我记得确认一下要不要提前预约我怕等会儿忘了,LLM_SYNTHETIC_SPOKEN_BASE,SYNTHETIC_TEXT
m3sbv1_005953,他们刚才确认一下要不要提前预约是不是,LLM_SYNTHETIC_SPOKEN_BASE,SYNTHETIC_TEXT
m3sbv1_005954,我想问一下确认一下入口是不是在这边，他们这边好安排,LLM_SYNTHETIC_SPOKEN_BASE,SYNTHETIC_TEXT
m3sbv1_005955,明天应该确认一下是不是从这里集合我再决定,LLM_SYNTHETIC_SPOKEN_BASE,SYNTHETIC_TEXT
m3sbv1_005956,等一下先别急，帮我听一下这个声音正不正常再继续,LLM_SYNTHETIC_SPOKEN_BASE,SYNTHETIC_TEXT
m3sbv1_005957,晚一点先别急，把位置发给我我自己过去再继续,LLM_SYNTHETIC_SPOKEN_BASE,SYNTHETIC_TEXT
m3sbv1_005958,刚才先别急，确认一下会议是不是改到下午了再继续,LLM_SYNTHETIC_SPOKEN_BASE,SYNTHETIC_TEXT
m3sbv1_005959,家里我确认一下看看能不能多拿一条毛巾，免得后面又要重新弄,LLM_SYNTHETIC_SPOKEN_BASE,SYNTHETIC_TEXT
m3sbv1_005960,昨天我觉得帮我把水再加一点,LLM_SYNTHETIC_SPOKEN_BASE,SYNTHETIC_TEXT
m3sbv1_005961,一会儿我听说确认一下是不是已经下单了行不行,LLM_SYNTHETIC_SPOKEN_BASE,SYNTHETIC_TEXT
m3sbv1_005962,好像问一下他们什么时候能到，前面这边好安排,LLM_SYNTHETIC_SPOKEN_BASE,SYNTHETIC_TEXT
m3sbv1_005963,店里我估计确认一下灯是不是都关了，免得后面又要重新弄,LLM_SYNTHETIC_SPOKEN_BASE,SYNTHETIC_TEXT
m3sbv1_005964,早一点确认一下是不是已经付过了，我确认完再跟你说,LLM_SYNTHETIC_SPOKEN_BASE,SYNTHETIC_TEXT
m3sbv1_005965,今天麻烦你看看这个版本是不是最新的我想先确认清楚,LLM_SYNTHETIC_SPOKEN_BASE,SYNTHETIC_TEXT
m3sbv1_005966,他们我想问一下问一下这个能不能少放一点盐，免得后面又要重新弄,LLM_SYNTHETIC_SPOKEN_BASE,SYNTHETIC_TEXT
m3sbv1_005967,现场我确认一下看看这个杯子是不是我的，免得后面又要重新弄,LLM_SYNTHETIC_SPOKEN_BASE,SYNTHETIC_TEXT
m3sbv1_005968,感觉看看能不能多拿一条毛巾，我这边好安排,LLM_SYNTHETIC_SPOKEN_BASE,SYNTHETIC_TEXT
m3sbv1_005969,公司刚才看看有没有影响到别的模块可以吗,LLM_SYNTHETIC_SPOKEN_BASE,SYNTHETIC_TEXT
m3sbv1_005970,现场刚才看看谁还没有回复我再决定,LLM_SYNTHETIC_SPOKEN_BASE,SYNTHETIC_TEXT
m3sbv1_005971,现场我记得把声音稍微调小一点，免得后面又要重新弄,LLM_SYNTHETIC_SPOKEN_BASE,SYNTHETIC_TEXT
m3sbv1_005972,我记得看看是不是选错选项了，我刚才没听太清楚,LLM_SYNTHETIC_SPOKEN_BASE,SYNTHETIC_TEXT
m3sbv1_005973,我记得看看谁还没有回复，你这边好安排,LLM_SYNTHETIC_SPOKEN_BASE,SYNTHETIC_TEXT
m3sbv1_005974,先确认一下是不是已经下单了，我确认完再跟你说,LLM_SYNTHETIC_SPOKEN_BASE,SYNTHETIC_TEXT
m3sbv1_005975,等一下我确认一下帮我把水再加一点,LLM_SYNTHETIC_SPOKEN_BASE,SYNTHETIC_TEXT
m3sbv1_005976,现在看看是不是还少了什么，我确认完再跟你说,LLM_SYNTHETIC_SPOKEN_BASE,SYNTHETIC_TEXT
m3sbv1_005977,感觉把这个先留着别动，我这边好安排,LLM_SYNTHETIC_SPOKEN_BASE,SYNTHETIC_TEXT
m3sbv1_005978,先先别急，看看这个结果和昨天是不是一样再继续,LLM_SYNTHETIC_SPOKEN_BASE,SYNTHETIC_TEXT
m3sbv1_005979,她先看看这个接口是不是又报错了我再决定,LLM_SYNTHETIC_SPOKEN_BASE,SYNTHETIC_TEXT
m3sbv1_005980,我听说确认一下退房时间是几点，我刚才没听太清楚,LLM_SYNTHETIC_SPOKEN_BASE,SYNTHETIC_TEXT
m3sbv1_005981,我确认一下确认一下会议是不是改到下午了，他这边好安排,LLM_SYNTHETIC_SPOKEN_BASE,SYNTHETIC_TEXT
m3sbv1_005982,店里我想问一下看看油还够不够，免得后面又要重新弄,LLM_SYNTHETIC_SPOKEN_BASE,SYNTHETIC_TEXT
m3sbv1_005983,到时候感觉帮我问一下还有没有空位然后告诉我,LLM_SYNTHETIC_SPOKEN_BASE,SYNTHETIC_TEXT
m3sbv1_005984,麻烦你帮我把重复的内容删掉，你们这边好安排,LLM_SYNTHETIC_SPOKEN_BASE,SYNTHETIC_TEXT
m3sbv1_005985,早一点我想问一下帮我把需要验证的地方列出来然后告诉我,LLM_SYNTHETIC_SPOKEN_BASE,SYNTHETIC_TEXT
m3sbv1_005986,店里我觉得确认一下是不是从这里集合，免得后面又要重新弄,LLM_SYNTHETIC_SPOKEN_BASE,SYNTHETIC_TEXT
m3sbv1_005987,晚一点可能把这个问题先记到清单里我再决定,LLM_SYNTHETIC_SPOKEN_BASE,SYNTHETIC_TEXT
m3sbv1_005988,我想问一下看看前面是不是要左转，那边这边好安排,LLM_SYNTHETIC_SPOKEN_BASE,SYNTHETIC_TEXT
m3sbv1_005989,这边这边没别的要求，确认一下是不是已经下单了就可以,LLM_SYNTHETIC_SPOKEN_BASE,SYNTHETIC_TEXT
m3sbv1_005990,等一下先别急，帮我看看日志里有没有异常再继续,LLM_SYNTHETIC_SPOKEN_BASE,SYNTHETIC_TEXT
m3sbv1_005991,你们这边没别的要求，帮我看看行李放在哪里就可以,LLM_SYNTHETIC_SPOKEN_BASE,SYNTHETIC_TEXT
m3sbv1_005992,一会儿看起来确认一下会议是不是改到下午了行不行,LLM_SYNTHETIC_SPOKEN_BASE,SYNTHETIC_TEXT
m3sbv1_005993,她麻烦你别着急我们按顺序来，免得后面又要重新弄,LLM_SYNTHETIC_SPOKEN_BASE,SYNTHETIC_TEXT
m3sbv1_005994,看起来看看有没有不用排队的办法，我这边好安排,LLM_SYNTHETIC_SPOKEN_BASE,SYNTHETIC_TEXT
m3sbv1_005995,可能先别取消我再确认一下，公司这边好安排,LLM_SYNTHETIC_SPOKEN_BASE,SYNTHETIC_TEXT
m3sbv1_005996,我想问一下帮我确认一下下一站在哪里，你们这边好安排,LLM_SYNTHETIC_SPOKEN_BASE,SYNTHETIC_TEXT
m3sbv1_005997,那边晚一点确认一下要不要提前预约行不行,LLM_SYNTHETIC_SPOKEN_BASE,SYNTHETIC_TEXT
m3sbv1_005998,这边今天帮我找一下充电线放哪了就行,LLM_SYNTHETIC_SPOKEN_BASE,SYNTHETIC_TEXT
m3sbv1_005999,看起来别着急我们按顺序来，那边这边好安排,LLM_SYNTHETIC_SPOKEN_BASE,SYNTHETIC_TEXT
m3sbv1_006000,我今天确认一下入口是不是在这边,LLM_SYNTHETIC_SPOKEN_BASE,SYNTHETIC_TEXT
