source_sentence_id,text,source_type,evidence_level
m3sbv1_012001,我确认一下帮我换一个安静一点的位置，你这边好安排,LLM_SYNTHETIC_SPOKEN_BASE,SYNTHETIC_TEXT
m3sbv1_012002,我觉得帮我把水再加一点，现场这边好安排,LLM_SYNTHETIC_SPOKEN_BASE,SYNTHETIC_TEXT
m3sbv1_012003,他们我听说问一下还能不能加一个人，免得后面又要重新弄,LLM_SYNTHETIC_SPOKEN_BASE,SYNTHETIC_TEXT
m3sbv1_012004,我记得确认一下服务有没有启动，店里这边好安排,LLM_SYNTHETIC_SPOKEN_BASE,SYNTHETIC_TEXT
m3sbv1_012005,应该看看是不是选错选项了，她这边好安排,LLM_SYNTHETIC_SPOKEN_BASE,SYNTHETIC_TEXT
m3sbv1_012006,家里这边没别的要求，问一下这个能不能少放一点盐就可以,LLM_SYNTHETIC_SPOKEN_BASE,SYNTHETIC_TEXT
m3sbv1_012007,你们这边没别的要求，看看还有没有漏掉的步骤就可以,LLM_SYNTHETIC_SPOKEN_BASE,SYNTHETIC_TEXT
m3sbv1_012008,晚一点帮我看看这个号码对不对，我确认完再跟你说,LLM_SYNTHETIC_SPOKEN_BASE,SYNTHETIC_TEXT
m3sbv1_012009,前面现在看看这个接口是不是又报错了可以吗,LLM_SYNTHETIC_SPOKEN_BASE,SYNTHETIC_TEXT
m3sbv1_012010,帮我把重复的内容删掉，如果不行就先别改,LLM_SYNTHETIC_SPOKEN_BASE,SYNTHETIC_TEXT
m3sbv1_012011,等一下看起来告诉我大概还要多久吧,LLM_SYNTHETIC_SPOKEN_BASE,SYNTHETIC_TEXT
m3sbv1_012012,麻烦你问一下早餐几点开始，他们这边好安排,LLM_SYNTHETIC_SPOKEN_BASE,SYNTHETIC_TEXT
m3sbv1_012013,感觉看看谁还没有回复，你们这边好安排,LLM_SYNTHETIC_SPOKEN_BASE,SYNTHETIC_TEXT
m3sbv1_012014,你晚一点把这个先放到后面处理别弄错了,LLM_SYNTHETIC_SPOKEN_BASE,SYNTHETIC_TEXT
m3sbv1_012015,店里这两天确认一下测试结果有没有更新吧,LLM_SYNTHETIC_SPOKEN_BASE,SYNTHETIC_TEXT
m3sbv1_012016,好像帮我看看这个零件是不是松了，我刚才没听太清楚,LLM_SYNTHETIC_SPOKEN_BASE,SYNTHETIC_TEXT
m3sbv1_012017,我记得帮我确认一下负责人是谁，店里这边好安排,LLM_SYNTHETIC_SPOKEN_BASE,SYNTHETIC_TEXT
m3sbv1_012018,到时候我估计看看这个结果和昨天是不是一样可以吗,LLM_SYNTHETIC_SPOKEN_BASE,SYNTHETIC_TEXT
m3sbv1_012019,那边我估计帮我把水再加一点，免得后面又要重新弄,LLM_SYNTHETIC_SPOKEN_BASE,SYNTHETIC_TEXT
m3sbv1_012020,他们先看一下这个是不是放错地方了,LLM_SYNTHETIC_SPOKEN_BASE,SYNTHETIC_TEXT
m3sbv1_012021,最近感觉看看是不是网络又断了然后告诉我,LLM_SYNTHETIC_SPOKEN_BASE,SYNTHETIC_TEXT
m3sbv1_012022,这两天先别急，看看是不是网络又断了再继续,LLM_SYNTHETIC_SPOKEN_BASE,SYNTHETIC_TEXT
m3sbv1_012023,今天好像先等等我马上就过来我再决定,LLM_SYNTHETIC_SPOKEN_BASE,SYNTHETIC_TEXT
m3sbv1_012024,这边明天再检查一遍有没有问题我想先确认清楚,LLM_SYNTHETIC_SPOKEN_BASE,SYNTHETIC_TEXT
m3sbv1_012025,后面这边没别的要求，帮我听一下这个声音正不正常就可以,LLM_SYNTHETIC_SPOKEN_BASE,SYNTHETIC_TEXT
m3sbv1_012026,我记得帮我看看这个号码对不对，后面这边好安排,LLM_SYNTHETIC_SPOKEN_BASE,SYNTHETIC_TEXT
m3sbv1_012027,昨天我听说看看这个价格有没有包含费用,LLM_SYNTHETIC_SPOKEN_BASE,SYNTHETIC_TEXT
m3sbv1_012028,后面我想问一下把这个问题先记到清单里，免得后面又要重新弄,LLM_SYNTHETIC_SPOKEN_BASE,SYNTHETIC_TEXT
m3sbv1_012029,我好像看看这个结果和昨天是不是一样，免得后面又要重新弄,LLM_SYNTHETIC_SPOKEN_BASE,SYNTHETIC_TEXT
m3sbv1_012030,店里我确认一下先把旧的那套逻辑放一边，免得后面又要重新弄,LLM_SYNTHETIC_SPOKEN_BASE,SYNTHETIC_TEXT
m3sbv1_012031,店里这边没别的要求，帮我看看行李放在哪里就可以,LLM_SYNTHETIC_SPOKEN_BASE,SYNTHETIC_TEXT
m3sbv1_012032,我想问一下帮我换一个安静一点的位置，我刚才没听太清楚,LLM_SYNTHETIC_SPOKEN_BASE,SYNTHETIC_TEXT
m3sbv1_012033,看起来看看是不是选错选项了，店里这边好安排,LLM_SYNTHETIC_SPOKEN_BASE,SYNTHETIC_TEXT
m3sbv1_012034,我听说看看是不是还少了什么，我刚才没听太清楚,LLM_SYNTHETIC_SPOKEN_BASE,SYNTHETIC_TEXT
m3sbv1_012035,昨天看看能不能把时间往后挪一点，我确认完再跟你说,LLM_SYNTHETIC_SPOKEN_BASE,SYNTHETIC_TEXT
m3sbv1_012036,最近可能帮我把重复的内容删掉行不行,LLM_SYNTHETIC_SPOKEN_BASE,SYNTHETIC_TEXT
m3sbv1_012037,我估计确认一下是不是已经下单了，他这边好安排,LLM_SYNTHETIC_SPOKEN_BASE,SYNTHETIC_TEXT
m3sbv1_012038,今天看起来看看有没有影响到别的模块我想先确认清楚,LLM_SYNTHETIC_SPOKEN_BASE,SYNTHETIC_TEXT
m3sbv1_012039,我觉得帮我拿一下旁边那个袋子，我刚才没听太清楚,LLM_SYNTHETIC_SPOKEN_BASE,SYNTHETIC_TEXT
m3sbv1_012040,我应该看看这个东西应该放哪里，免得后面又要重新弄,LLM_SYNTHETIC_SPOKEN_BASE,SYNTHETIC_TEXT
m3sbv1_012041,你们之前帮我换一个安静一点的位置行不行,LLM_SYNTHETIC_SPOKEN_BASE,SYNTHETIC_TEXT
m3sbv1_012042,家里明天看看这个结果和昨天是不是一样别弄错了,LLM_SYNTHETIC_SPOKEN_BASE,SYNTHETIC_TEXT
m3sbv1_012043,好像先把这个问题单独记录下来，家里这边好安排,LLM_SYNTHETIC_SPOKEN_BASE,SYNTHETIC_TEXT
m3sbv1_012044,感觉看看是不是网络又断了，前面这边好安排,LLM_SYNTHETIC_SPOKEN_BASE,SYNTHETIC_TEXT
m3sbv1_012045,之前先别急，告诉我大概还要多久再继续,LLM_SYNTHETIC_SPOKEN_BASE,SYNTHETIC_TEXT
m3sbv1_012046,家里看起来问一下能不能晚一点回来，免得后面又要重新弄,LLM_SYNTHETIC_SPOKEN_BASE,SYNTHETIC_TEXT
m3sbv1_012047,早一点好像看看前面是不是要左转我怕等会儿忘了,LLM_SYNTHETIC_SPOKEN_BASE,SYNTHETIC_TEXT
m3sbv1_012048,最近我觉得问一下这个能不能少放一点盐行不行,LLM_SYNTHETIC_SPOKEN_BASE,SYNTHETIC_TEXT
m3sbv1_012049,后面可能帮我把重复的内容删掉，免得后面又要重新弄,LLM_SYNTHETIC_SPOKEN_BASE,SYNTHETIC_TEXT
m3sbv1_012050,我记得看一下这个是不是放错地方了，我这边好安排,LLM_SYNTHETIC_SPOKEN_BASE,SYNTHETIC_TEXT
m3sbv1_012051,我我听说看看数据是不是重复了，免得后面又要重新弄,LLM_SYNTHETIC_SPOKEN_BASE,SYNTHETIC_TEXT
m3sbv1_012052,这边这两天确认一下车是不是停在外面我有点不确定,LLM_SYNTHETIC_SPOKEN_BASE,SYNTHETIC_TEXT
m3sbv1_012053,前面之前帮我看看行李放在哪里我想先确认清楚,LLM_SYNTHETIC_SPOKEN_BASE,SYNTHETIC_TEXT
m3sbv1_012054,好像确认一下是不是从这里集合，我刚才没听太清楚,LLM_SYNTHETIC_SPOKEN_BASE,SYNTHETIC_TEXT
m3sbv1_012055,等一下可能看看有没有更早一点的时间然后告诉我,LLM_SYNTHETIC_SPOKEN_BASE,SYNTHETIC_TEXT
m3sbv1_012056,感觉看看导航是不是带错路了，公司这边好安排,LLM_SYNTHETIC_SPOKEN_BASE,SYNTHETIC_TEXT
m3sbv1_012057,到时候我听说确认一下这次只改这一部分吧,LLM_SYNTHETIC_SPOKEN_BASE,SYNTHETIC_TEXT
m3sbv1_012058,先看看这个价格有没有包含费用，我确认完再跟你说,LLM_SYNTHETIC_SPOKEN_BASE,SYNTHETIC_TEXT
m3sbv1_012059,我想问一下看看钥匙是不是还在车里，我这边好安排,LLM_SYNTHETIC_SPOKEN_BASE,SYNTHETIC_TEXT
m3sbv1_012060,我觉得看看这个东西应该放哪里，我刚才没听太清楚,LLM_SYNTHETIC_SPOKEN_BASE,SYNTHETIC_TEXT
m3sbv1_012061,现场这边没别的要求，确认一下轮胎是不是有点软就可以,LLM_SYNTHETIC_SPOKEN_BASE,SYNTHETIC_TEXT
m3sbv1_012062,我听说看看这个版本是不是最新的，他们这边好安排,LLM_SYNTHETIC_SPOKEN_BASE,SYNTHETIC_TEXT
m3sbv1_012063,我们先试一下重新打开能不能用我有点不确定,LLM_SYNTHETIC_SPOKEN_BASE,SYNTHETIC_TEXT
m3sbv1_012064,明天我觉得把最新版本发给我看一下别弄错了,LLM_SYNTHETIC_SPOKEN_BASE,SYNTHETIC_TEXT
m3sbv1_012065,先看看这个接口是不是又报错了，我确认完再跟你说,LLM_SYNTHETIC_SPOKEN_BASE,SYNTHETIC_TEXT
m3sbv1_012066,我觉得看看是不是配置没有生效，前面这边好安排,LLM_SYNTHETIC_SPOKEN_BASE,SYNTHETIC_TEXT
m3sbv1_012067,早一点先别急，把这个先留着别动再继续,LLM_SYNTHETIC_SPOKEN_BASE,SYNTHETIC_TEXT
m3sbv1_012068,你们现在把刚才说的重点再讲一遍,LLM_SYNTHETIC_SPOKEN_BASE,SYNTHETIC_TEXT
m3sbv1_012069,我到时候看看导航是不是带错路了然后告诉我,LLM_SYNTHETIC_SPOKEN_BASE,SYNTHETIC_TEXT
m3sbv1_012070,到时候先别急，帮我确认一下负责人是谁再继续,LLM_SYNTHETIC_SPOKEN_BASE,SYNTHETIC_TEXT
m3sbv1_012071,现场我确认一下确认一下是不是已经下单了，免得后面又要重新弄,LLM_SYNTHETIC_SPOKEN_BASE,SYNTHETIC_TEXT
m3sbv1_012072,这边刚才确认一下要不要提前预约我怕等会儿忘了,LLM_SYNTHETIC_SPOKEN_BASE,SYNTHETIC_TEXT
m3sbv1_012073,现场可能帮我确认一下负责人是谁，免得后面又要重新弄,LLM_SYNTHETIC_SPOKEN_BASE,SYNTHETIC_TEXT
m3sbv1_012074,他一会儿把门先关一下有点冷行不行,LLM_SYNTHETIC_SPOKEN_BASE,SYNTHETIC_TEXT
m3sbv1_012075,今天我估计确认一下名字有没有写错就行,LLM_SYNTHETIC_SPOKEN_BASE,SYNTHETIC_TEXT
m3sbv1_012076,公司一会儿看看是不是配置没有生效我再决定,LLM_SYNTHETIC_SPOKEN_BASE,SYNTHETIC_TEXT
m3sbv1_012077,看起来帮我把重复的内容删掉，我这边好安排,LLM_SYNTHETIC_SPOKEN_BASE,SYNTHETIC_TEXT
m3sbv1_012078,你早一点确认一下是不是已经下单了是不是,LLM_SYNTHETIC_SPOKEN_BASE,SYNTHETIC_TEXT
m3sbv1_012079,之前先别急，把门先关一下有点冷再继续,LLM_SYNTHETIC_SPOKEN_BASE,SYNTHETIC_TEXT
m3sbv1_012080,我最近确认一下测试结果有没有更新我怕等会儿忘了,LLM_SYNTHETIC_SPOKEN_BASE,SYNTHETIC_TEXT
m3sbv1_012081,要是方便的话帮我看看日志里有没有异常，不用特意等我,LLM_SYNTHETIC_SPOKEN_BASE,SYNTHETIC_TEXT
m3sbv1_012082,她看起来到的时候给我发个消息，免得后面又要重新弄,LLM_SYNTHETIC_SPOKEN_BASE,SYNTHETIC_TEXT
m3sbv1_012083,这边早一点确认一下这份文件是不是最终版别弄错了,LLM_SYNTHETIC_SPOKEN_BASE,SYNTHETIC_TEXT
m3sbv1_012084,他们麻烦你看看导航是不是带错路了，免得后面又要重新弄,LLM_SYNTHETIC_SPOKEN_BASE,SYNTHETIC_TEXT
m3sbv1_012085,今天先别急，把这个先留着别动再继续,LLM_SYNTHETIC_SPOKEN_BASE,SYNTHETIC_TEXT
m3sbv1_012086,我听说帮我找一下充电线放哪了，我刚才没听太清楚,LLM_SYNTHETIC_SPOKEN_BASE,SYNTHETIC_TEXT
m3sbv1_012087,她我估计问一下能不能晚一点回来，免得后面又要重新弄,LLM_SYNTHETIC_SPOKEN_BASE,SYNTHETIC_TEXT
m3sbv1_012088,最近好像确认一下这份文件是不是最终版可以吗,LLM_SYNTHETIC_SPOKEN_BASE,SYNTHETIC_TEXT
m3sbv1_012089,他这边没别的要求，问一下他们什么时候能到就可以,LLM_SYNTHETIC_SPOKEN_BASE,SYNTHETIC_TEXT
m3sbv1_012090,前面刚才确认一下这次只改这一部分我想先确认清楚,LLM_SYNTHETIC_SPOKEN_BASE,SYNTHETIC_TEXT
m3sbv1_012091,这边刚才看看谁还没有回复行不行,LLM_SYNTHETIC_SPOKEN_BASE,SYNTHETIC_TEXT
m3sbv1_012092,早一点我确认一下确认一下轮胎是不是有点软就行,LLM_SYNTHETIC_SPOKEN_BASE,SYNTHETIC_TEXT
m3sbv1_012093,可能帮我拿一下旁边那个袋子，我刚才没听太清楚,LLM_SYNTHETIC_SPOKEN_BASE,SYNTHETIC_TEXT
m3sbv1_012094,看起来确认一下车是不是停在外面，那边这边好安排,LLM_SYNTHETIC_SPOKEN_BASE,SYNTHETIC_TEXT
m3sbv1_012095,之前看看这个东西应该放哪里，我确认完再跟你说,LLM_SYNTHETIC_SPOKEN_BASE,SYNTHETIC_TEXT
m3sbv1_012096,现在我确认一下问一下还能不能加一个人,LLM_SYNTHETIC_SPOKEN_BASE,SYNTHETIC_TEXT
m3sbv1_012097,我们这边没别的要求，帮我听一下这个声音正不正常就可以,LLM_SYNTHETIC_SPOKEN_BASE,SYNTHETIC_TEXT
m3sbv1_012098,等一下先别急，确认一下会议是不是改到下午了再继续,LLM_SYNTHETIC_SPOKEN_BASE,SYNTHETIC_TEXT
m3sbv1_012099,那边现在确认一下轮胎是不是有点软就行,LLM_SYNTHETIC_SPOKEN_BASE,SYNTHETIC_TEXT
m3sbv1_012100,好像确认一下入口是不是在这边，他们这边好安排,LLM_SYNTHETIC_SPOKEN_BASE,SYNTHETIC_TEXT
m3sbv1_012101,最近先别急，先把现在的结果保存下来再继续,LLM_SYNTHETIC_SPOKEN_BASE,SYNTHETIC_TEXT
m3sbv1_012102,昨天好像别着急我们按顺序来是不是,LLM_SYNTHETIC_SPOKEN_BASE,SYNTHETIC_TEXT
m3sbv1_012103,最近我估计帮我确认一下下一站在哪里吧,LLM_SYNTHETIC_SPOKEN_BASE,SYNTHETIC_TEXT
m3sbv1_012104,晚一点先别急，帮我看看日志里有没有异常再继续,LLM_SYNTHETIC_SPOKEN_BASE,SYNTHETIC_TEXT
m3sbv1_012105,后面这边没别的要求，看一下这个是不是放错地方了就可以,LLM_SYNTHETIC_SPOKEN_BASE,SYNTHETIC_TEXT
m3sbv1_012106,这两天看看前面是不是要左转，我确认完再跟你说,LLM_SYNTHETIC_SPOKEN_BASE,SYNTHETIC_TEXT
m3sbv1_012107,你们最近帮我找一下充电线放哪了吧,LLM_SYNTHETIC_SPOKEN_BASE,SYNTHETIC_TEXT
m3sbv1_012108,家里我估计看看是不是配置没有生效，免得后面又要重新弄,LLM_SYNTHETIC_SPOKEN_BASE,SYNTHETIC_TEXT
m3sbv1_012109,那边感觉把最新版本发给我看一下，免得后面又要重新弄,LLM_SYNTHETIC_SPOKEN_BASE,SYNTHETIC_TEXT
m3sbv1_012110,那边我听说帮我看看附近有没有停车位，免得后面又要重新弄,LLM_SYNTHETIC_SPOKEN_BASE,SYNTHETIC_TEXT
m3sbv1_012111,等一下应该看一下这个是不是放错地方了别弄错了,LLM_SYNTHETIC_SPOKEN_BASE,SYNTHETIC_TEXT
m3sbv1_012112,我想问一下把门先关一下有点冷，前面这边好安排,LLM_SYNTHETIC_SPOKEN_BASE,SYNTHETIC_TEXT
m3sbv1_012113,现在先别急，确认一下退房时间是几点再继续,LLM_SYNTHETIC_SPOKEN_BASE,SYNTHETIC_TEXT
m3sbv1_012114,可能确认一下车是不是停在外面，我们这边好安排,LLM_SYNTHETIC_SPOKEN_BASE,SYNTHETIC_TEXT
m3sbv1_012115,我想问一下帮我找一下充电线放哪了，他们这边好安排,LLM_SYNTHETIC_SPOKEN_BASE,SYNTHETIC_TEXT
m3sbv1_012116,应该帮我确认一下负责人是谁，她这边好安排,LLM_SYNTHETIC_SPOKEN_BASE,SYNTHETIC_TEXT
m3sbv1_012117,现在先别急，看看钥匙是不是还在车里再继续,LLM_SYNTHETIC_SPOKEN_BASE,SYNTHETIC_TEXT
m3sbv1_012118,那边到时候看看是不是还少了什么吧,LLM_SYNTHETIC_SPOKEN_BASE,SYNTHETIC_TEXT
m3sbv1_012119,前面感觉确认一下是不是同一个订单，免得后面又要重新弄,LLM_SYNTHETIC_SPOKEN_BASE,SYNTHETIC_TEXT
m3sbv1_012120,可能确认一下轮胎是不是有点软，你这边好安排,LLM_SYNTHETIC_SPOKEN_BASE,SYNTHETIC_TEXT
m3sbv1_012121,你们我记得先把这一项记下来，免得后面又要重新弄,LLM_SYNTHETIC_SPOKEN_BASE,SYNTHETIC_TEXT
m3sbv1_012122,前面这边没别的要求，把这个先放到后面处理就可以,LLM_SYNTHETIC_SPOKEN_BASE,SYNTHETIC_TEXT
m3sbv1_012123,应该看看导航是不是带错路了，现场这边好安排,LLM_SYNTHETIC_SPOKEN_BASE,SYNTHETIC_TEXT
m3sbv1_012124,我听说确认一下这次只改这一部分，我刚才没听太清楚,LLM_SYNTHETIC_SPOKEN_BASE,SYNTHETIC_TEXT
m3sbv1_012125,我觉得先别取消我再确认一下，我刚才没听太清楚,LLM_SYNTHETIC_SPOKEN_BASE,SYNTHETIC_TEXT
m3sbv1_012126,他我确认一下确认一下轮胎是不是有点软，免得后面又要重新弄,LLM_SYNTHETIC_SPOKEN_BASE,SYNTHETIC_TEXT
m3sbv1_012127,我明天把这个先放到后面处理是不是,LLM_SYNTHETIC_SPOKEN_BASE,SYNTHETIC_TEXT
m3sbv1_012128,刚才先把这个问题单独记录下来，我确认完再跟你说,LLM_SYNTHETIC_SPOKEN_BASE,SYNTHETIC_TEXT
m3sbv1_012129,先看看是不是配置没有生效，我确认完再跟你说,LLM_SYNTHETIC_SPOKEN_BASE,SYNTHETIC_TEXT
m3sbv1_012130,我想问一下看一下这个是不是放错地方了，她这边好安排,LLM_SYNTHETIC_SPOKEN_BASE,SYNTHETIC_TEXT
m3sbv1_012131,现场看起来看看是不是网络又断了，免得后面又要重新弄,LLM_SYNTHETIC_SPOKEN_BASE,SYNTHETIC_TEXT
m3sbv1_012132,我觉得帮我换一个安静一点的位置，现场这边好安排,LLM_SYNTHETIC_SPOKEN_BASE,SYNTHETIC_TEXT
m3sbv1_012133,这边昨天问一下还能不能加一个人就行,LLM_SYNTHETIC_SPOKEN_BASE,SYNTHETIC_TEXT
m3sbv1_012134,我估计看看钥匙是不是还在车里，你这边好安排,LLM_SYNTHETIC_SPOKEN_BASE,SYNTHETIC_TEXT
m3sbv1_012135,店里我确认一下把声音稍微调小一点，免得后面又要重新弄,LLM_SYNTHETIC_SPOKEN_BASE,SYNTHETIC_TEXT
m3sbv1_012136,你们这边没别的要求，帮我把需要验证的地方列出来就可以,LLM_SYNTHETIC_SPOKEN_BASE,SYNTHETIC_TEXT
m3sbv1_012137,他们晚一点确认一下这次只改这一部分,LLM_SYNTHETIC_SPOKEN_BASE,SYNTHETIC_TEXT
m3sbv1_012138,等一下感觉帮我确认一下负责人是谁然后告诉我,LLM_SYNTHETIC_SPOKEN_BASE,SYNTHETIC_TEXT
m3sbv1_012139,家里最近看看油还够不够可以吗,LLM_SYNTHETIC_SPOKEN_BASE,SYNTHETIC_TEXT
m3sbv1_012140,我们早一点先把这个问题单独记录下来我有点不确定,LLM_SYNTHETIC_SPOKEN_BASE,SYNTHETIC_TEXT
m3sbv1_012141,我觉得看看导航是不是带错路了，我们这边好安排,LLM_SYNTHETIC_SPOKEN_BASE,SYNTHETIC_TEXT
m3sbv1_012142,我想问一下确认一下服务有没有启动，前面这边好安排,LLM_SYNTHETIC_SPOKEN_BASE,SYNTHETIC_TEXT
m3sbv1_012143,我觉得先别取消我再确认一下，你这边好安排,LLM_SYNTHETIC_SPOKEN_BASE,SYNTHETIC_TEXT
m3sbv1_012144,感觉看看数据是不是重复了，你这边好安排,LLM_SYNTHETIC_SPOKEN_BASE,SYNTHETIC_TEXT
m3sbv1_012145,你们我估计把这个问题先记到清单里，免得后面又要重新弄,LLM_SYNTHETIC_SPOKEN_BASE,SYNTHETIC_TEXT
m3sbv1_012146,我听说看看有没有不用排队的办法，你这边好安排,LLM_SYNTHETIC_SPOKEN_BASE,SYNTHETIC_TEXT
m3sbv1_012147,你们我估计帮我看看这个菜里面有没有辣椒，免得后面又要重新弄,LLM_SYNTHETIC_SPOKEN_BASE,SYNTHETIC_TEXT
m3sbv1_012148,昨天好像帮我问一下现在还能不能改是不是,LLM_SYNTHETIC_SPOKEN_BASE,SYNTHETIC_TEXT
m3sbv1_012149,我想问一下确认一下要不要提前预约，公司这边好安排,LLM_SYNTHETIC_SPOKEN_BASE,SYNTHETIC_TEXT
m3sbv1_012150,我觉得帮我查一下刚才是哪一步失败了，他这边好安排,LLM_SYNTHETIC_SPOKEN_BASE,SYNTHETIC_TEXT
m3sbv1_012151,那边明天看看前面是不是要左转我有点不确定,LLM_SYNTHETIC_SPOKEN_BASE,SYNTHETIC_TEXT
m3sbv1_012152,家里这两天把这个先留着别动吧,LLM_SYNTHETIC_SPOKEN_BASE,SYNTHETIC_TEXT
m3sbv1_012153,刚才好像帮我问一下现在还能不能改我想先确认清楚,LLM_SYNTHETIC_SPOKEN_BASE,SYNTHETIC_TEXT
m3sbv1_012154,感觉确认一下是不是已经下单了，我这边好安排,LLM_SYNTHETIC_SPOKEN_BASE,SYNTHETIC_TEXT
m3sbv1_012155,昨天我想问一下先把现在的结果保存下来然后告诉我,LLM_SYNTHETIC_SPOKEN_BASE,SYNTHETIC_TEXT
m3sbv1_012156,先帮我确认一下下一站在哪里，我确认完再跟你说,LLM_SYNTHETIC_SPOKEN_BASE,SYNTHETIC_TEXT
m3sbv1_012157,明天好像确认一下这个功能是不是已经关掉了,LLM_SYNTHETIC_SPOKEN_BASE,SYNTHETIC_TEXT
m3sbv1_012158,家里早一点看看能不能多拿一条毛巾就行,LLM_SYNTHETIC_SPOKEN_BASE,SYNTHETIC_TEXT
m3sbv1_012159,感觉帮我确认一下负责人是谁，家里这边好安排,LLM_SYNTHETIC_SPOKEN_BASE,SYNTHETIC_TEXT
m3sbv1_012160,他们可能确认一下入口是不是在这边，免得后面又要重新弄,LLM_SYNTHETIC_SPOKEN_BASE,SYNTHETIC_TEXT
m3sbv1_012161,家里等一下看看前面是不是要左转别弄错了,LLM_SYNTHETIC_SPOKEN_BASE,SYNTHETIC_TEXT
m3sbv1_012162,到时候麻烦你先把旧的那套逻辑放一边我怕等会儿忘了,LLM_SYNTHETIC_SPOKEN_BASE,SYNTHETIC_TEXT
m3sbv1_012163,好像确认一下要不要提前预约，她这边好安排,LLM_SYNTHETIC_SPOKEN_BASE,SYNTHETIC_TEXT
m3sbv1_012164,家里这边没别的要求，看看导航是不是带错路了就可以,LLM_SYNTHETIC_SPOKEN_BASE,SYNTHETIC_TEXT
m3sbv1_012165,这边我觉得把这个先留着别动，免得后面又要重新弄,LLM_SYNTHETIC_SPOKEN_BASE,SYNTHETIC_TEXT
m3sbv1_012166,我们一会儿把刚才说的重点再讲一遍我怕等会儿忘了,LLM_SYNTHETIC_SPOKEN_BASE,SYNTHETIC_TEXT
m3sbv1_012167,那边看起来看看这个版本是不是最新的，免得后面又要重新弄,LLM_SYNTHETIC_SPOKEN_BASE,SYNTHETIC_TEXT
m3sbv1_012168,晚一点我确认一下告诉我大概还要多久是不是,LLM_SYNTHETIC_SPOKEN_BASE,SYNTHETIC_TEXT
m3sbv1_012169,前面我觉得确认一下是不是已经付过了，免得后面又要重新弄,LLM_SYNTHETIC_SPOKEN_BASE,SYNTHETIC_TEXT
m3sbv1_012170,我们我听说确认一下测试结果有没有更新，免得后面又要重新弄,LLM_SYNTHETIC_SPOKEN_BASE,SYNTHETIC_TEXT
m3sbv1_012171,等一下看看钥匙是不是还在车里，我确认完再跟你说,LLM_SYNTHETIC_SPOKEN_BASE,SYNTHETIC_TEXT
m3sbv1_012172,这两天好像帮我看看这个菜里面有没有辣椒我想先确认清楚,LLM_SYNTHETIC_SPOKEN_BASE,SYNTHETIC_TEXT
m3sbv1_012173,我听说把门先关一下有点冷，他们这边好安排,LLM_SYNTHETIC_SPOKEN_BASE,SYNTHETIC_TEXT
m3sbv1_012174,我我估计确认一下是不是已经付过了，免得后面又要重新弄,LLM_SYNTHETIC_SPOKEN_BASE,SYNTHETIC_TEXT
m3sbv1_012175,我觉得把位置发给我我自己过去，现场这边好安排,LLM_SYNTHETIC_SPOKEN_BASE,SYNTHETIC_TEXT
m3sbv1_012176,后面我听说把这个问题先记到清单里，免得后面又要重新弄,LLM_SYNTHETIC_SPOKEN_BASE,SYNTHETIC_TEXT
m3sbv1_012177,我们早一点看看是不是选错选项了行不行,LLM_SYNTHETIC_SPOKEN_BASE,SYNTHETIC_TEXT
m3sbv1_012178,我记得看看是不是配置没有生效，后面这边好安排,LLM_SYNTHETIC_SPOKEN_BASE,SYNTHETIC_TEXT
m3sbv1_012179,现在我确认一下看看这个杯子是不是我的我想先确认清楚,LLM_SYNTHETIC_SPOKEN_BASE,SYNTHETIC_TEXT
m3sbv1_012180,先把这个问题先记到清单里，我确认完再跟你说,LLM_SYNTHETIC_SPOKEN_BASE,SYNTHETIC_TEXT
m3sbv1_012181,我们我估计确认一下停车要不要付费，免得后面又要重新弄,LLM_SYNTHETIC_SPOKEN_BASE,SYNTHETIC_TEXT
m3sbv1_012182,前面明天看看这个杯子是不是我的就行,LLM_SYNTHETIC_SPOKEN_BASE,SYNTHETIC_TEXT
m3sbv1_012183,明天我听说确认一下会议是不是改到下午了,LLM_SYNTHETIC_SPOKEN_BASE,SYNTHETIC_TEXT
m3sbv1_012184,问一下这个能不能少放一点盐，有变化的话提前告诉我,LLM_SYNTHETIC_SPOKEN_BASE,SYNTHETIC_TEXT
m3sbv1_012185,后面麻烦你帮我拿一下旁边那个袋子，免得后面又要重新弄,LLM_SYNTHETIC_SPOKEN_BASE,SYNTHETIC_TEXT
m3sbv1_012186,早一点可能把这个问题先记到清单里我想先确认清楚,LLM_SYNTHETIC_SPOKEN_BASE,SYNTHETIC_TEXT
m3sbv1_012187,刚才应该告诉我大概还要多久我有点不确定,LLM_SYNTHETIC_SPOKEN_BASE,SYNTHETIC_TEXT
m3sbv1_012188,她好像看看油还够不够，免得后面又要重新弄,LLM_SYNTHETIC_SPOKEN_BASE,SYNTHETIC_TEXT
m3sbv1_012189,前面我确认一下看看还有没有漏掉的步骤，免得后面又要重新弄,LLM_SYNTHETIC_SPOKEN_BASE,SYNTHETIC_TEXT
m3sbv1_012190,现场应该问一下这个能不能少放一点盐，免得后面又要重新弄,LLM_SYNTHETIC_SPOKEN_BASE,SYNTHETIC_TEXT
m3sbv1_012191,昨天先别急，先别取消我再确认一下再继续,LLM_SYNTHETIC_SPOKEN_BASE,SYNTHETIC_TEXT
m3sbv1_012192,等一下帮我看看这个号码对不对，我确认完再跟你说,LLM_SYNTHETIC_SPOKEN_BASE,SYNTHETIC_TEXT
m3sbv1_012193,我应该确认一下时间有没有改，免得后面又要重新弄,LLM_SYNTHETIC_SPOKEN_BASE,SYNTHETIC_TEXT
m3sbv1_012194,公司看起来看看空调能不能调高一点，免得后面又要重新弄,LLM_SYNTHETIC_SPOKEN_BASE,SYNTHETIC_TEXT
m3sbv1_012195,我觉得告诉我大概还要多久，家里这边好安排,LLM_SYNTHETIC_SPOKEN_BASE,SYNTHETIC_TEXT
m3sbv1_012196,可能试一下重新打开能不能用，她这边好安排,LLM_SYNTHETIC_SPOKEN_BASE,SYNTHETIC_TEXT
m3sbv1_012197,感觉看看油还够不够，公司这边好安排,LLM_SYNTHETIC_SPOKEN_BASE,SYNTHETIC_TEXT
m3sbv1_012198,我今天再检查一遍有没有问题我有点不确定,LLM_SYNTHETIC_SPOKEN_BASE,SYNTHETIC_TEXT
m3sbv1_012199,我觉得看看这个版本是不是最新的，我这边好安排,LLM_SYNTHETIC_SPOKEN_BASE,SYNTHETIC_TEXT
m3sbv1_012200,之前可能看看有没有更早一点的时间是不是,LLM_SYNTHETIC_SPOKEN_BASE,SYNTHETIC_TEXT
m3sbv1_012201,最近好像帮我确认一下字段有没有变我怕等会儿忘了,LLM_SYNTHETIC_SPOKEN_BASE,SYNTHETIC_TEXT
m3sbv1_012202,这边我记得看看能不能把时间往后挪一点，免得后面又要重新弄,LLM_SYNTHETIC_SPOKEN_BASE,SYNTHETIC_TEXT
m3sbv1_012203,公司应该帮我确认一下负责人是谁，免得后面又要重新弄,LLM_SYNTHETIC_SPOKEN_BASE,SYNTHETIC_TEXT
m3sbv1_012204,现场我想问一下问一下还能不能加一个人，免得后面又要重新弄,LLM_SYNTHETIC_SPOKEN_BASE,SYNTHETIC_TEXT
m3sbv1_012205,今天我想问一下看看是不是还少了什么是不是,LLM_SYNTHETIC_SPOKEN_BASE,SYNTHETIC_TEXT
m3sbv1_012206,他早一点帮我听一下这个声音正不正常就行,LLM_SYNTHETIC_SPOKEN_BASE,SYNTHETIC_TEXT
m3sbv1_012207,现场一会儿确认一下是不是已经付过了别弄错了,LLM_SYNTHETIC_SPOKEN_BASE,SYNTHETIC_TEXT
m3sbv1_012208,今天先别急，看看还有没有漏掉的步骤再继续,LLM_SYNTHETIC_SPOKEN_BASE,SYNTHETIC_TEXT
m3sbv1_012209,这边一会儿帮我看看这个零件是不是松了就行,LLM_SYNTHETIC_SPOKEN_BASE,SYNTHETIC_TEXT
m3sbv1_012210,最近应该看看是不是网络又断了是不是,LLM_SYNTHETIC_SPOKEN_BASE,SYNTHETIC_TEXT
m3sbv1_012211,那边晚一点帮我看看附近有没有停车位我怕等会儿忘了,LLM_SYNTHETIC_SPOKEN_BASE,SYNTHETIC_TEXT
m3sbv1_012212,现场到时候先别取消我再确认一下吧,LLM_SYNTHETIC_SPOKEN_BASE,SYNTHETIC_TEXT
m3sbv1_012213,我听说帮我问一下现在还能不能改，我刚才没听太清楚,LLM_SYNTHETIC_SPOKEN_BASE,SYNTHETIC_TEXT
m3sbv1_012214,你们这边没别的要求，帮我看看为什么还没收到就可以,LLM_SYNTHETIC_SPOKEN_BASE,SYNTHETIC_TEXT
m3sbv1_012215,好像问一下能不能晚一点回来，后面这边好安排,LLM_SYNTHETIC_SPOKEN_BASE,SYNTHETIC_TEXT
m3sbv1_012216,晚一点我记得先把这个问题单独记录下来行不行,LLM_SYNTHETIC_SPOKEN_BASE,SYNTHETIC_TEXT
m3sbv1_012217,店里我估计到的时候给我发个消息，免得后面又要重新弄,LLM_SYNTHETIC_SPOKEN_BASE,SYNTHETIC_TEXT
m3sbv1_012218,这两天应该把这个先留着别动就行,LLM_SYNTHETIC_SPOKEN_BASE,SYNTHETIC_TEXT
m3sbv1_012219,公司明天看看是不是还少了什么吧,LLM_SYNTHETIC_SPOKEN_BASE,SYNTHETIC_TEXT
m3sbv1_012220,那边一会儿帮我确认一下房间准备好了没有然后告诉我,LLM_SYNTHETIC_SPOKEN_BASE,SYNTHETIC_TEXT
m3sbv1_012221,现在我估计帮我听一下这个声音正不正常我再决定,LLM_SYNTHETIC_SPOKEN_BASE,SYNTHETIC_TEXT
m3sbv1_012222,先应该帮我看看日志里有没有异常我再决定,LLM_SYNTHETIC_SPOKEN_BASE,SYNTHETIC_TEXT
m3sbv1_012223,我最近看看这个版本是不是最新的然后告诉我,LLM_SYNTHETIC_SPOKEN_BASE,SYNTHETIC_TEXT
m3sbv1_012224,这两天麻烦你看看有没有更早一点的时间我想先确认清楚,LLM_SYNTHETIC_SPOKEN_BASE,SYNTHETIC_TEXT
m3sbv1_012225,先先别急，看一下这个是不是放错地方了再继续,LLM_SYNTHETIC_SPOKEN_BASE,SYNTHETIC_TEXT
m3sbv1_012226,麻烦你看看这个价格有没有包含费用，那边这边好安排,LLM_SYNTHETIC_SPOKEN_BASE,SYNTHETIC_TEXT
m3sbv1_012227,应该帮我看看行李放在哪里，这边这边好安排,LLM_SYNTHETIC_SPOKEN_BASE,SYNTHETIC_TEXT
m3sbv1_012228,今天麻烦你确认一下服务有没有启动吧,LLM_SYNTHETIC_SPOKEN_BASE,SYNTHETIC_TEXT
m3sbv1_012229,我记得确认一下会议是不是改到下午了，他这边好安排,LLM_SYNTHETIC_SPOKEN_BASE,SYNTHETIC_TEXT
m3sbv1_012230,我估计问一下能不能晚一点回来，她这边好安排,LLM_SYNTHETIC_SPOKEN_BASE,SYNTHETIC_TEXT
m3sbv1_012231,我估计帮我看看附近有没有停车位，店里这边好安排,LLM_SYNTHETIC_SPOKEN_BASE,SYNTHETIC_TEXT
m3sbv1_012232,他们我记得试一下重新打开能不能用，免得后面又要重新弄,LLM_SYNTHETIC_SPOKEN_BASE,SYNTHETIC_TEXT
m3sbv1_012233,你们麻烦你问一下回来的车几点出发，免得后面又要重新弄,LLM_SYNTHETIC_SPOKEN_BASE,SYNTHETIC_TEXT
m3sbv1_012234,公司我听说把门先关一下有点冷，免得后面又要重新弄,LLM_SYNTHETIC_SPOKEN_BASE,SYNTHETIC_TEXT
m3sbv1_012235,看起来看看这个东西应该放哪里，我刚才没听太清楚,LLM_SYNTHETIC_SPOKEN_BASE,SYNTHETIC_TEXT
m3sbv1_012236,我们这边没别的要求，看看谁还没有回复就可以,LLM_SYNTHETIC_SPOKEN_BASE,SYNTHETIC_TEXT
m3sbv1_012237,我估计确认一下这次只改这一部分，那边这边好安排,LLM_SYNTHETIC_SPOKEN_BASE,SYNTHETIC_TEXT
m3sbv1_012238,我们可能问一下回来的车几点出发，免得后面又要重新弄,LLM_SYNTHETIC_SPOKEN_BASE,SYNTHETIC_TEXT
m3sbv1_012239,感觉看看空调能不能调高一点，店里这边好安排,LLM_SYNTHETIC_SPOKEN_BASE,SYNTHETIC_TEXT
m3sbv1_012240,应该到的时候给我发个消息，你这边好安排,LLM_SYNTHETIC_SPOKEN_BASE,SYNTHETIC_TEXT
m3sbv1_012241,昨天好像看看有没有更早一点的时间我再决定,LLM_SYNTHETIC_SPOKEN_BASE,SYNTHETIC_TEXT
m3sbv1_012242,到时候先别急，看看是不是还少了什么再继续,LLM_SYNTHETIC_SPOKEN_BASE,SYNTHETIC_TEXT
m3sbv1_012243,后面我听说问一下能不能晚一点回来，免得后面又要重新弄,LLM_SYNTHETIC_SPOKEN_BASE,SYNTHETIC_TEXT
m3sbv1_012244,明天看起来把这个问题先记到清单里我怕等会儿忘了,LLM_SYNTHETIC_SPOKEN_BASE,SYNTHETIC_TEXT
m3sbv1_012245,我记得看看是不是选错选项了，后面这边好安排,LLM_SYNTHETIC_SPOKEN_BASE,SYNTHETIC_TEXT
m3sbv1_012246,早一点我记得先把现在的结果保存下来是不是,LLM_SYNTHETIC_SPOKEN_BASE,SYNTHETIC_TEXT
m3sbv1_012247,那边感觉别着急我们按顺序来，免得后面又要重新弄,LLM_SYNTHETIC_SPOKEN_BASE,SYNTHETIC_TEXT
m3sbv1_012248,家里好像看看是不是网络又断了，免得后面又要重新弄,LLM_SYNTHETIC_SPOKEN_BASE,SYNTHETIC_TEXT
m3sbv1_012249,店里这两天看看是不是选错选项了就行,LLM_SYNTHETIC_SPOKEN_BASE,SYNTHETIC_TEXT
m3sbv1_012250,好像把地址再确认一下，公司这边好安排,LLM_SYNTHETIC_SPOKEN_BASE,SYNTHETIC_TEXT
m3sbv1_012251,应该帮我看看行李放在哪里，我刚才没听太清楚,LLM_SYNTHETIC_SPOKEN_BASE,SYNTHETIC_TEXT
m3sbv1_012252,她一会儿帮我找一下刚才那个页面行不行,LLM_SYNTHETIC_SPOKEN_BASE,SYNTHETIC_TEXT
m3sbv1_012253,看看空调能不能调高一点，有变化的话提前告诉我,LLM_SYNTHETIC_SPOKEN_BASE,SYNTHETIC_TEXT
m3sbv1_012254,你我确认一下帮我确认一下负责人是谁，免得后面又要重新弄,LLM_SYNTHETIC_SPOKEN_BASE,SYNTHETIC_TEXT
m3sbv1_012255,前面一会儿看看空调能不能调高一点是不是,LLM_SYNTHETIC_SPOKEN_BASE,SYNTHETIC_TEXT
m3sbv1_012256,他麻烦你确认一下停车要不要付费，免得后面又要重新弄,LLM_SYNTHETIC_SPOKEN_BASE,SYNTHETIC_TEXT
m3sbv1_012257,我们我想问一下先别取消我再确认一下，免得后面又要重新弄,LLM_SYNTHETIC_SPOKEN_BASE,SYNTHETIC_TEXT
m3sbv1_012258,早一点先别急，看看有没有更早一点的时间再继续,LLM_SYNTHETIC_SPOKEN_BASE,SYNTHETIC_TEXT
m3sbv1_012259,你们之前帮我看看日志里有没有异常就行,LLM_SYNTHETIC_SPOKEN_BASE,SYNTHETIC_TEXT
m3sbv1_012260,帮我找一下充电线放哪了以后跟我说一声就行,LLM_SYNTHETIC_SPOKEN_BASE,SYNTHETIC_TEXT
m3sbv1_012261,看起来看看导航是不是带错路了，我这边好安排,LLM_SYNTHETIC_SPOKEN_BASE,SYNTHETIC_TEXT
m3sbv1_012262,我想问一下问一下他们什么时候能到，我刚才没听太清楚,LLM_SYNTHETIC_SPOKEN_BASE,SYNTHETIC_TEXT
m3sbv1_012263,今天帮我看看日志里有没有异常，我确认完再跟你说,LLM_SYNTHETIC_SPOKEN_BASE,SYNTHETIC_TEXT
m3sbv1_012264,我们我听说帮我确认一下负责人是谁，免得后面又要重新弄,LLM_SYNTHETIC_SPOKEN_BASE,SYNTHETIC_TEXT
m3sbv1_012265,我听说确认一下文件有没有传成功，后面这边好安排,LLM_SYNTHETIC_SPOKEN_BASE,SYNTHETIC_TEXT
m3sbv1_012266,刚才确认一下轮胎是不是有点软，我确认完再跟你说,LLM_SYNTHETIC_SPOKEN_BASE,SYNTHETIC_TEXT
m3sbv1_012267,刚才可能再检查一遍有没有问题就行,LLM_SYNTHETIC_SPOKEN_BASE,SYNTHETIC_TEXT
m3sbv1_012268,先先别急，帮我看看这个零件是不是松了再继续,LLM_SYNTHETIC_SPOKEN_BASE,SYNTHETIC_TEXT
m3sbv1_012269,他早一点看看还有没有漏掉的步骤可以吗,LLM_SYNTHETIC_SPOKEN_BASE,SYNTHETIC_TEXT
m3sbv1_012270,我记得确认一下退房时间是几点，那边这边好安排,LLM_SYNTHETIC_SPOKEN_BASE,SYNTHETIC_TEXT
m3sbv1_012271,家里可能先把这一项记下来，免得后面又要重新弄,LLM_SYNTHETIC_SPOKEN_BASE,SYNTHETIC_TEXT
m3sbv1_012272,现场晚一点看看这个版本是不是最新的然后告诉我,LLM_SYNTHETIC_SPOKEN_BASE,SYNTHETIC_TEXT
m3sbv1_012273,现在我记得问一下还能不能加一个人我有点不确定,LLM_SYNTHETIC_SPOKEN_BASE,SYNTHETIC_TEXT
m3sbv1_012274,早一点帮我找一下充电线放哪了，我确认完再跟你说,LLM_SYNTHETIC_SPOKEN_BASE,SYNTHETIC_TEXT
m3sbv1_012275,晚一点好像别着急我们按顺序来我怕等会儿忘了,LLM_SYNTHETIC_SPOKEN_BASE,SYNTHETIC_TEXT
m3sbv1_012276,我确认一下帮我把需要验证的地方列出来，她这边好安排,LLM_SYNTHETIC_SPOKEN_BASE,SYNTHETIC_TEXT
m3sbv1_012277,公司麻烦你看看有没有更早一点的时间，免得后面又要重新弄,LLM_SYNTHETIC_SPOKEN_BASE,SYNTHETIC_TEXT
m3sbv1_012278,这边我确认一下确认一下是不是已经下单了，免得后面又要重新弄,LLM_SYNTHETIC_SPOKEN_BASE,SYNTHETIC_TEXT
m3sbv1_012279,他今天确认一下这份文件是不是最终版可以吗,LLM_SYNTHETIC_SPOKEN_BASE,SYNTHETIC_TEXT
m3sbv1_012280,他们这边没别的要求，确认一下文件有没有传成功就可以,LLM_SYNTHETIC_SPOKEN_BASE,SYNTHETIC_TEXT
m3sbv1_012281,现场早一点确认一下是不是已经付过了可以吗,LLM_SYNTHETIC_SPOKEN_BASE,SYNTHETIC_TEXT
m3sbv1_012282,前面好像试一下重新打开能不能用，免得后面又要重新弄,LLM_SYNTHETIC_SPOKEN_BASE,SYNTHETIC_TEXT
m3sbv1_012283,我想问一下确认一下测试结果有没有更新，我们这边好安排,LLM_SYNTHETIC_SPOKEN_BASE,SYNTHETIC_TEXT
m3sbv1_012284,昨天确认一下会议是不是改到下午了，我确认完再跟你说,LLM_SYNTHETIC_SPOKEN_BASE,SYNTHETIC_TEXT
m3sbv1_012285,你们之前看看前面能不能掉头然后告诉我,LLM_SYNTHETIC_SPOKEN_BASE,SYNTHETIC_TEXT
m3sbv1_012286,到时候看看谁还没有回复，我确认完再跟你说,LLM_SYNTHETIC_SPOKEN_BASE,SYNTHETIC_TEXT
m3sbv1_012287,前面到时候确认一下是不是已经付过了我有点不确定,LLM_SYNTHETIC_SPOKEN_BASE,SYNTHETIC_TEXT
m3sbv1_012288,他们今天看看前面是不是要左转就行,LLM_SYNTHETIC_SPOKEN_BASE,SYNTHETIC_TEXT
m3sbv1_012289,昨天先别急，把最新版本发给我看一下再继续,LLM_SYNTHETIC_SPOKEN_BASE,SYNTHETIC_TEXT
m3sbv1_012290,这两天先把旧的那套逻辑放一边，我确认完再跟你说,LLM_SYNTHETIC_SPOKEN_BASE,SYNTHETIC_TEXT
m3sbv1_012291,我估计确认一下这个功能是不是已经关掉了，他这边好安排,LLM_SYNTHETIC_SPOKEN_BASE,SYNTHETIC_TEXT
m3sbv1_012292,你我想问一下看看油还够不够，免得后面又要重新弄,LLM_SYNTHETIC_SPOKEN_BASE,SYNTHETIC_TEXT
m3sbv1_012293,好像帮我把重复的内容删掉，她这边好安排,LLM_SYNTHETIC_SPOKEN_BASE,SYNTHETIC_TEXT
m3sbv1_012294,这两天可能问一下他们什么时候能到行不行,LLM_SYNTHETIC_SPOKEN_BASE,SYNTHETIC_TEXT
m3sbv1_012295,我估计确认一下是不是已经下单了，我们这边好安排,LLM_SYNTHETIC_SPOKEN_BASE,SYNTHETIC_TEXT
m3sbv1_012296,可能确认一下退房时间是几点，前面这边好安排,LLM_SYNTHETIC_SPOKEN_BASE,SYNTHETIC_TEXT
m3sbv1_012297,好像确认一下服务有没有启动，我刚才没听太清楚,LLM_SYNTHETIC_SPOKEN_BASE,SYNTHETIC_TEXT
m3sbv1_012298,我想问一下确认一下这次只改这一部分，店里这边好安排,LLM_SYNTHETIC_SPOKEN_BASE,SYNTHETIC_TEXT
m3sbv1_012299,等一下好像看看谁还没有回复然后告诉我,LLM_SYNTHETIC_SPOKEN_BASE,SYNTHETIC_TEXT
m3sbv1_012300,我觉得看看钥匙是不是还在车里，前面这边好安排,LLM_SYNTHETIC_SPOKEN_BASE,SYNTHETIC_TEXT
m3sbv1_012301,看起来把地址再确认一下，公司这边好安排,LLM_SYNTHETIC_SPOKEN_BASE,SYNTHETIC_TEXT
m3sbv1_012302,他这边没别的要求，确认一下文件有没有传成功就可以,LLM_SYNTHETIC_SPOKEN_BASE,SYNTHETIC_TEXT
m3sbv1_012303,店里这边没别的要求，帮我看看这个菜里面有没有辣椒就可以,LLM_SYNTHETIC_SPOKEN_BASE,SYNTHETIC_TEXT
m3sbv1_012304,晚一点应该看看是不是配置没有生效可以吗,LLM_SYNTHETIC_SPOKEN_BASE,SYNTHETIC_TEXT
m3sbv1_012305,帮我换一个安静一点的位置，如果不行就先别改,LLM_SYNTHETIC_SPOKEN_BASE,SYNTHETIC_TEXT
m3sbv1_012306,感觉看看钥匙是不是还在车里，我刚才没听太清楚,LLM_SYNTHETIC_SPOKEN_BASE,SYNTHETIC_TEXT
m3sbv1_012307,你这边没别的要求，确认一下是不是已经下单了就可以,LLM_SYNTHETIC_SPOKEN_BASE,SYNTHETIC_TEXT
m3sbv1_012308,他们明天把这个问题先记到清单里别弄错了,LLM_SYNTHETIC_SPOKEN_BASE,SYNTHETIC_TEXT
m3sbv1_012309,看起来看看这个结果和昨天是不是一样，她这边好安排,LLM_SYNTHETIC_SPOKEN_BASE,SYNTHETIC_TEXT
m3sbv1_012310,现场之前帮我看看这个零件是不是松了然后告诉我,LLM_SYNTHETIC_SPOKEN_BASE,SYNTHETIC_TEXT
m3sbv1_012311,昨天好像问一下回来的车几点出发我怕等会儿忘了,LLM_SYNTHETIC_SPOKEN_BASE,SYNTHETIC_TEXT
m3sbv1_012312,等一下我觉得看看这个杯子是不是我的吧,LLM_SYNTHETIC_SPOKEN_BASE,SYNTHETIC_TEXT
m3sbv1_012313,要是方便的话看看能不能换成小份，不用特意等我,LLM_SYNTHETIC_SPOKEN_BASE,SYNTHETIC_TEXT
m3sbv1_012314,明天先别急，到的时候给我发个消息再继续,LLM_SYNTHETIC_SPOKEN_BASE,SYNTHETIC_TEXT
m3sbv1_012315,帮我看看日志里有没有异常，如果不行就先别改,LLM_SYNTHETIC_SPOKEN_BASE,SYNTHETIC_TEXT
m3sbv1_012316,现在看看有没有影响到别的模块，我确认完再跟你说,LLM_SYNTHETIC_SPOKEN_BASE,SYNTHETIC_TEXT
m3sbv1_012317,我记得帮我问一下现在还能不能改，我刚才没听太清楚,LLM_SYNTHETIC_SPOKEN_BASE,SYNTHETIC_TEXT
m3sbv1_012318,家里我确认一下看看这个接口是不是又报错了，免得后面又要重新弄,LLM_SYNTHETIC_SPOKEN_BASE,SYNTHETIC_TEXT
m3sbv1_012319,昨天我记得看看有没有更早一点的时间我想先确认清楚,LLM_SYNTHETIC_SPOKEN_BASE,SYNTHETIC_TEXT
m3sbv1_012320,一会儿麻烦你确认一下轮胎是不是有点软吧,LLM_SYNTHETIC_SPOKEN_BASE,SYNTHETIC_TEXT
m3sbv1_012321,她等一下帮我找一下刚才那个页面我想先确认清楚,LLM_SYNTHETIC_SPOKEN_BASE,SYNTHETIC_TEXT
m3sbv1_012322,前面刚才帮我看看这个零件是不是松了行不行,LLM_SYNTHETIC_SPOKEN_BASE,SYNTHETIC_TEXT
m3sbv1_012323,我想问一下帮我看看这个零件是不是松了，你这边好安排,LLM_SYNTHETIC_SPOKEN_BASE,SYNTHETIC_TEXT
m3sbv1_012324,店里我听说试一下重新打开能不能用，免得后面又要重新弄,LLM_SYNTHETIC_SPOKEN_BASE,SYNTHETIC_TEXT
m3sbv1_012325,店里这边没别的要求，确认一下会议是不是改到下午了就可以,LLM_SYNTHETIC_SPOKEN_BASE,SYNTHETIC_TEXT
m3sbv1_012326,确认一下是不是同一个订单，有变化的话提前告诉我,LLM_SYNTHETIC_SPOKEN_BASE,SYNTHETIC_TEXT
m3sbv1_012327,他这边没别的要求，帮我找一下充电线放哪了就可以,LLM_SYNTHETIC_SPOKEN_BASE,SYNTHETIC_TEXT
m3sbv1_012328,前面我确认一下把位置发给我我自己过去，免得后面又要重新弄,LLM_SYNTHETIC_SPOKEN_BASE,SYNTHETIC_TEXT
m3sbv1_012329,现在应该看看油还够不够行不行,LLM_SYNTHETIC_SPOKEN_BASE,SYNTHETIC_TEXT
m3sbv1_012330,晚一点先别急，问一下他们什么时候能到再继续,LLM_SYNTHETIC_SPOKEN_BASE,SYNTHETIC_TEXT
m3sbv1_012331,我可能把这个问题先记到清单里，免得后面又要重新弄,LLM_SYNTHETIC_SPOKEN_BASE,SYNTHETIC_TEXT
m3sbv1_012332,一会儿我记得确认一下这次只改这一部分就行,LLM_SYNTHETIC_SPOKEN_BASE,SYNTHETIC_TEXT
m3sbv1_012333,先把这个先放到后面处理，我确认完再跟你说,LLM_SYNTHETIC_SPOKEN_BASE,SYNTHETIC_TEXT
m3sbv1_012334,这边我听说确认一下文件有没有传成功，免得后面又要重新弄,LLM_SYNTHETIC_SPOKEN_BASE,SYNTHETIC_TEXT
m3sbv1_012335,这边看起来看看这个版本是不是最新的，免得后面又要重新弄,LLM_SYNTHETIC_SPOKEN_BASE,SYNTHETIC_TEXT
m3sbv1_012336,最近可能把门先关一下有点冷吧,LLM_SYNTHETIC_SPOKEN_BASE,SYNTHETIC_TEXT
m3sbv1_012337,我觉得看看钥匙是不是还在车里，店里这边好安排,LLM_SYNTHETIC_SPOKEN_BASE,SYNTHETIC_TEXT
m3sbv1_012338,现场晚一点看看前面能不能掉头行不行,LLM_SYNTHETIC_SPOKEN_BASE,SYNTHETIC_TEXT
m3sbv1_012339,那边先先把这个问题单独记录下来行不行,LLM_SYNTHETIC_SPOKEN_BASE,SYNTHETIC_TEXT
m3sbv1_012340,先先别急，看看能不能多拿一条毛巾再继续,LLM_SYNTHETIC_SPOKEN_BASE,SYNTHETIC_TEXT
m3sbv1_012341,公司这两天把这个先放到后面处理是不是,LLM_SYNTHETIC_SPOKEN_BASE,SYNTHETIC_TEXT
m3sbv1_012342,我估计把这个先留着别动，你们这边好安排,LLM_SYNTHETIC_SPOKEN_BASE,SYNTHETIC_TEXT
m3sbv1_012343,今天我觉得看看空调能不能调高一点是不是,LLM_SYNTHETIC_SPOKEN_BASE,SYNTHETIC_TEXT
m3sbv1_012344,之前看看能不能把时间往后挪一点，我确认完再跟你说,LLM_SYNTHETIC_SPOKEN_BASE,SYNTHETIC_TEXT
m3sbv1_012345,确认一下入口是不是在这边以后跟我说一声就行,LLM_SYNTHETIC_SPOKEN_BASE,SYNTHETIC_TEXT
m3sbv1_012346,晚一点我确认一下看看这个结果和昨天是不是一样我想先确认清楚,LLM_SYNTHETIC_SPOKEN_BASE,SYNTHETIC_TEXT
m3sbv1_012347,要是方便的话问一下他们什么时候能到，不用特意等我,LLM_SYNTHETIC_SPOKEN_BASE,SYNTHETIC_TEXT
m3sbv1_012348,晚一点感觉看看这个结果和昨天是不是一样,LLM_SYNTHETIC_SPOKEN_BASE,SYNTHETIC_TEXT
m3sbv1_012349,感觉帮我查一下刚才是哪一步失败了，你这边好安排,LLM_SYNTHETIC_SPOKEN_BASE,SYNTHETIC_TEXT
m3sbv1_012350,前面我确认一下看看这个结果和昨天是不是一样，免得后面又要重新弄,LLM_SYNTHETIC_SPOKEN_BASE,SYNTHETIC_TEXT
m3sbv1_012351,你们麻烦你先把这个问题单独记录下来，免得后面又要重新弄,LLM_SYNTHETIC_SPOKEN_BASE,SYNTHETIC_TEXT
m3sbv1_012352,他我觉得把门先关一下有点冷，免得后面又要重新弄,LLM_SYNTHETIC_SPOKEN_BASE,SYNTHETIC_TEXT
m3sbv1_012353,昨天好像确认一下轮胎是不是有点软我有点不确定,LLM_SYNTHETIC_SPOKEN_BASE,SYNTHETIC_TEXT
m3sbv1_012354,今天先别急，再检查一遍有没有问题再继续,LLM_SYNTHETIC_SPOKEN_BASE,SYNTHETIC_TEXT
m3sbv1_012355,刚才感觉看看谁还没有回复是不是,LLM_SYNTHETIC_SPOKEN_BASE,SYNTHETIC_TEXT
m3sbv1_012356,店里好像再检查一遍有没有问题，免得后面又要重新弄,LLM_SYNTHETIC_SPOKEN_BASE,SYNTHETIC_TEXT
m3sbv1_012357,麻烦你看一下这个是不是放错地方了，后面这边好安排,LLM_SYNTHETIC_SPOKEN_BASE,SYNTHETIC_TEXT
m3sbv1_012358,后面这两天看一下这个是不是放错地方了然后告诉我,LLM_SYNTHETIC_SPOKEN_BASE,SYNTHETIC_TEXT
m3sbv1_012359,到时候感觉确认一下轮胎是不是有点软是不是,LLM_SYNTHETIC_SPOKEN_BASE,SYNTHETIC_TEXT
m3sbv1_012360,这边这边没别的要求，帮我把水再加一点就可以,LLM_SYNTHETIC_SPOKEN_BASE,SYNTHETIC_TEXT
m3sbv1_012361,今天看起来看看是不是还少了什么是不是,LLM_SYNTHETIC_SPOKEN_BASE,SYNTHETIC_TEXT
m3sbv1_012362,最近好像帮我问一下还有没有空位我有点不确定,LLM_SYNTHETIC_SPOKEN_BASE,SYNTHETIC_TEXT
m3sbv1_012363,这两天先别急，看看是不是配置没有生效再继续,LLM_SYNTHETIC_SPOKEN_BASE,SYNTHETIC_TEXT
m3sbv1_012364,现在我觉得帮我听一下这个声音正不正常别弄错了,LLM_SYNTHETIC_SPOKEN_BASE,SYNTHETIC_TEXT
m3sbv1_012365,她这两天帮我问一下还有没有空位,LLM_SYNTHETIC_SPOKEN_BASE,SYNTHETIC_TEXT
m3sbv1_012366,她现在先把这一项记下来是不是,LLM_SYNTHETIC_SPOKEN_BASE,SYNTHETIC_TEXT
m3sbv1_012367,早一点看看是不是配置没有生效，我确认完再跟你说,LLM_SYNTHETIC_SPOKEN_BASE,SYNTHETIC_TEXT
m3sbv1_012368,可能帮我换一个安静一点的位置，我刚才没听太清楚,LLM_SYNTHETIC_SPOKEN_BASE,SYNTHETIC_TEXT
m3sbv1_012369,我觉得帮我把水再加一点，我刚才没听太清楚,LLM_SYNTHETIC_SPOKEN_BASE,SYNTHETIC_TEXT
m3sbv1_012370,现场我估计先别取消我再确认一下，免得后面又要重新弄,LLM_SYNTHETIC_SPOKEN_BASE,SYNTHETIC_TEXT
m3sbv1_012371,到时候我估计看看这个东西应该放哪里我再决定,LLM_SYNTHETIC_SPOKEN_BASE,SYNTHETIC_TEXT
m3sbv1_012372,我确认一下确认一下文件有没有传成功，你们这边好安排,LLM_SYNTHETIC_SPOKEN_BASE,SYNTHETIC_TEXT
m3sbv1_012373,最近我估计看看前面能不能掉头行不行,LLM_SYNTHETIC_SPOKEN_BASE,SYNTHETIC_TEXT
m3sbv1_012374,我估计帮我找一下刚才那个页面，那边这边好安排,LLM_SYNTHETIC_SPOKEN_BASE,SYNTHETIC_TEXT
m3sbv1_012375,他这边没别的要求，先别取消我再确认一下就可以,LLM_SYNTHETIC_SPOKEN_BASE,SYNTHETIC_TEXT
m3sbv1_012376,前面这边没别的要求，确认一下灯是不是都关了就可以,LLM_SYNTHETIC_SPOKEN_BASE,SYNTHETIC_TEXT
m3sbv1_012377,早一点看起来看看这个结果和昨天是不是一样可以吗,LLM_SYNTHETIC_SPOKEN_BASE,SYNTHETIC_TEXT
m3sbv1_012378,看起来帮我把重复的内容删掉，我刚才没听太清楚,LLM_SYNTHETIC_SPOKEN_BASE,SYNTHETIC_TEXT
m3sbv1_012379,我听说把最新版本发给我看一下，这边这边好安排,LLM_SYNTHETIC_SPOKEN_BASE,SYNTHETIC_TEXT
m3sbv1_012380,她我确认一下确认一下服务有没有启动，免得后面又要重新弄,LLM_SYNTHETIC_SPOKEN_BASE,SYNTHETIC_TEXT
m3sbv1_012381,现场到时候把声音稍微调小一点我怕等会儿忘了,LLM_SYNTHETIC_SPOKEN_BASE,SYNTHETIC_TEXT
m3sbv1_012382,明天我估计确认一下服务有没有启动就行,LLM_SYNTHETIC_SPOKEN_BASE,SYNTHETIC_TEXT
m3sbv1_012383,我确认一下问一下他们什么时候能到，你这边好安排,LLM_SYNTHETIC_SPOKEN_BASE,SYNTHETIC_TEXT
m3sbv1_012384,现场我觉得确认一下这份文件是不是最终版，免得后面又要重新弄,LLM_SYNTHETIC_SPOKEN_BASE,SYNTHETIC_TEXT
m3sbv1_012385,家里应该把声音稍微调小一点，免得后面又要重新弄,LLM_SYNTHETIC_SPOKEN_BASE,SYNTHETIC_TEXT
m3sbv1_012386,明天我估计看看是不是网络又断了我想先确认清楚,LLM_SYNTHETIC_SPOKEN_BASE,SYNTHETIC_TEXT
m3sbv1_012387,麻烦你问一下还能不能加一个人，你们这边好安排,LLM_SYNTHETIC_SPOKEN_BASE,SYNTHETIC_TEXT
m3sbv1_012388,我们之前确认一下退房时间是几点我有点不确定,LLM_SYNTHETIC_SPOKEN_BASE,SYNTHETIC_TEXT
m3sbv1_012389,明天先别取消我再确认一下，我确认完再跟你说,LLM_SYNTHETIC_SPOKEN_BASE,SYNTHETIC_TEXT
m3sbv1_012390,后面我想问一下看看是不是还少了什么，免得后面又要重新弄,LLM_SYNTHETIC_SPOKEN_BASE,SYNTHETIC_TEXT
m3sbv1_012391,他现在确认一下停车要不要付费可以吗,LLM_SYNTHETIC_SPOKEN_BASE,SYNTHETIC_TEXT
m3sbv1_012392,我想问一下确认一下是不是同一个订单，家里这边好安排,LLM_SYNTHETIC_SPOKEN_BASE,SYNTHETIC_TEXT
m3sbv1_012393,现在麻烦你确认一下会议是不是改到下午了我有点不确定,LLM_SYNTHETIC_SPOKEN_BASE,SYNTHETIC_TEXT
m3sbv1_012394,等一下先别急，看看空调能不能调高一点再继续,LLM_SYNTHETIC_SPOKEN_BASE,SYNTHETIC_TEXT
m3sbv1_012395,我们刚才帮我听一下这个声音正不正常我再决定,LLM_SYNTHETIC_SPOKEN_BASE,SYNTHETIC_TEXT
m3sbv1_012396,他们这边没别的要求，看看谁还没有回复就可以,LLM_SYNTHETIC_SPOKEN_BASE,SYNTHETIC_TEXT
m3sbv1_012397,家里我听说看看这个杯子是不是我的，免得后面又要重新弄,LLM_SYNTHETIC_SPOKEN_BASE,SYNTHETIC_TEXT
m3sbv1_012398,你刚才帮我把水再加一点我有点不确定,LLM_SYNTHETIC_SPOKEN_BASE,SYNTHETIC_TEXT
m3sbv1_012399,后面这边没别的要求，帮我看看为什么还没收到就可以,LLM_SYNTHETIC_SPOKEN_BASE,SYNTHETIC_TEXT
m3sbv1_012400,你感觉确认一下服务有没有启动，免得后面又要重新弄,LLM_SYNTHETIC_SPOKEN_BASE,SYNTHETIC_TEXT
m3sbv1_012401,今天看看是不是配置没有生效，我确认完再跟你说,LLM_SYNTHETIC_SPOKEN_BASE,SYNTHETIC_TEXT
m3sbv1_012402,后面最近看看数据是不是重复了然后告诉我,LLM_SYNTHETIC_SPOKEN_BASE,SYNTHETIC_TEXT
m3sbv1_012403,先把这一项记下来，如果不行就先别改,LLM_SYNTHETIC_SPOKEN_BASE,SYNTHETIC_TEXT
m3sbv1_012404,她我想问一下把刚才说的重点再讲一遍，免得后面又要重新弄,LLM_SYNTHETIC_SPOKEN_BASE,SYNTHETIC_TEXT
m3sbv1_012405,你这边没别的要求，确认一下名字有没有写错就可以,LLM_SYNTHETIC_SPOKEN_BASE,SYNTHETIC_TEXT
m3sbv1_012406,晚一点先别急，看看前面是不是要左转再继续,LLM_SYNTHETIC_SPOKEN_BASE,SYNTHETIC_TEXT
m3sbv1_012407,你之前看看这个接口是不是又报错了然后告诉我,LLM_SYNTHETIC_SPOKEN_BASE,SYNTHETIC_TEXT
m3sbv1_012408,我确认一下确认一下退房时间是几点，家里这边好安排,LLM_SYNTHETIC_SPOKEN_BASE,SYNTHETIC_TEXT
m3sbv1_012409,我觉得先把这个问题单独记录下来，我这边好安排,LLM_SYNTHETIC_SPOKEN_BASE,SYNTHETIC_TEXT
m3sbv1_012410,我晚一点帮我看看附近有没有停车位然后告诉我,LLM_SYNTHETIC_SPOKEN_BASE,SYNTHETIC_TEXT
m3sbv1_012411,晚一点先别急，试一下重新打开能不能用再继续,LLM_SYNTHETIC_SPOKEN_BASE,SYNTHETIC_TEXT
m3sbv1_012412,家里现在确认一下这份文件是不是最终版我有点不确定,LLM_SYNTHETIC_SPOKEN_BASE,SYNTHETIC_TEXT
m3sbv1_012413,前面这边没别的要求，看看有没有不用排队的办法就可以,LLM_SYNTHETIC_SPOKEN_BASE,SYNTHETIC_TEXT
m3sbv1_012414,刚才我估计帮我把需要验证的地方列出来我怕等会儿忘了,LLM_SYNTHETIC_SPOKEN_BASE,SYNTHETIC_TEXT
m3sbv1_012415,我估计把这个问题先记到清单里，家里这边好安排,LLM_SYNTHETIC_SPOKEN_BASE,SYNTHETIC_TEXT
m3sbv1_012416,明天问一下回来的车几点出发，我确认完再跟你说,LLM_SYNTHETIC_SPOKEN_BASE,SYNTHETIC_TEXT
m3sbv1_012417,可能把这个问题先记到清单里，我刚才没听太清楚,LLM_SYNTHETIC_SPOKEN_BASE,SYNTHETIC_TEXT
m3sbv1_012418,这边之前试一下重新打开能不能用吧,LLM_SYNTHETIC_SPOKEN_BASE,SYNTHETIC_TEXT
m3sbv1_012419,麻烦你帮我查一下刚才是哪一步失败了，我刚才没听太清楚,LLM_SYNTHETIC_SPOKEN_BASE,SYNTHETIC_TEXT
m3sbv1_012420,早一点可能确认一下服务有没有启动吧,LLM_SYNTHETIC_SPOKEN_BASE,SYNTHETIC_TEXT
m3sbv1_012421,现场先确认一下是不是从这里集合我有点不确定,LLM_SYNTHETIC_SPOKEN_BASE,SYNTHETIC_TEXT
m3sbv1_012422,公司晚一点问一下他们什么时候能到行不行,LLM_SYNTHETIC_SPOKEN_BASE,SYNTHETIC_TEXT
m3sbv1_012423,她我想问一下确认一下测试结果有没有更新，免得后面又要重新弄,LLM_SYNTHETIC_SPOKEN_BASE,SYNTHETIC_TEXT
m3sbv1_012424,好像到的时候给我发个消息，现场这边好安排,LLM_SYNTHETIC_SPOKEN_BASE,SYNTHETIC_TEXT
m3sbv1_012425,那边刚才帮我确认一下负责人是谁吧,LLM_SYNTHETIC_SPOKEN_BASE,SYNTHETIC_TEXT
m3sbv1_012426,她应该先把这个问题单独记录下来，免得后面又要重新弄,LLM_SYNTHETIC_SPOKEN_BASE,SYNTHETIC_TEXT
m3sbv1_012427,我记得看看导航是不是带错路了，这边这边好安排,LLM_SYNTHETIC_SPOKEN_BASE,SYNTHETIC_TEXT
m3sbv1_012428,先确认一下退房时间是几点，我确认完再跟你说,LLM_SYNTHETIC_SPOKEN_BASE,SYNTHETIC_TEXT
m3sbv1_012429,那边应该确认一下这个功能是不是已经关掉了，免得后面又要重新弄,LLM_SYNTHETIC_SPOKEN_BASE,SYNTHETIC_TEXT
m3sbv1_012430,你们到时候看看有没有更早一点的时间我怕等会儿忘了,LLM_SYNTHETIC_SPOKEN_BASE,SYNTHETIC_TEXT
m3sbv1_012431,这两天我确认一下看看数据是不是重复了就行,LLM_SYNTHETIC_SPOKEN_BASE,SYNTHETIC_TEXT
m3sbv1_012432,一会儿先别急，确认一下入口是不是在这边再继续,LLM_SYNTHETIC_SPOKEN_BASE,SYNTHETIC_TEXT
m3sbv1_012433,我们应该帮我看看这个零件是不是松了，免得后面又要重新弄,LLM_SYNTHETIC_SPOKEN_BASE,SYNTHETIC_TEXT
m3sbv1_012434,店里晚一点确认一下会议是不是改到下午了可以吗,LLM_SYNTHETIC_SPOKEN_BASE,SYNTHETIC_TEXT
m3sbv1_012435,公司晚一点确认一下测试结果有没有更新吧,LLM_SYNTHETIC_SPOKEN_BASE,SYNTHETIC_TEXT
m3sbv1_012436,今天我觉得帮我看看为什么还没收到就行,LLM_SYNTHETIC_SPOKEN_BASE,SYNTHETIC_TEXT
m3sbv1_012437,你们我确认一下确认一下服务有没有启动，免得后面又要重新弄,LLM_SYNTHETIC_SPOKEN_BASE,SYNTHETIC_TEXT
m3sbv1_012438,他们现在先把这一项记下来是不是,LLM_SYNTHETIC_SPOKEN_BASE,SYNTHETIC_TEXT
m3sbv1_012439,公司我觉得先把旧的那套逻辑放一边，免得后面又要重新弄,LLM_SYNTHETIC_SPOKEN_BASE,SYNTHETIC_TEXT
m3sbv1_012440,先把门先关一下有点冷，我确认完再跟你说,LLM_SYNTHETIC_SPOKEN_BASE,SYNTHETIC_TEXT
m3sbv1_012441,先我觉得确认一下要不要提前预约可以吗,LLM_SYNTHETIC_SPOKEN_BASE,SYNTHETIC_TEXT
m3sbv1_012442,今天先别急，确认一下入口是不是在这边再继续,LLM_SYNTHETIC_SPOKEN_BASE,SYNTHETIC_TEXT
m3sbv1_012443,可能看看是不是配置没有生效，现场这边好安排,LLM_SYNTHETIC_SPOKEN_BASE,SYNTHETIC_TEXT
m3sbv1_012444,家里我想问一下确认一下轮胎是不是有点软，免得后面又要重新弄,LLM_SYNTHETIC_SPOKEN_BASE,SYNTHETIC_TEXT
m3sbv1_012445,后面先把这个先放到后面处理我有点不确定,LLM_SYNTHETIC_SPOKEN_BASE,SYNTHETIC_TEXT
m3sbv1_012446,我觉得看看谁还没有回复，我们这边好安排,LLM_SYNTHETIC_SPOKEN_BASE,SYNTHETIC_TEXT
m3sbv1_012447,早一点我确认一下确认一下是不是已经下单了别弄错了,LLM_SYNTHETIC_SPOKEN_BASE,SYNTHETIC_TEXT
m3sbv1_012448,现在我想问一下到的时候给我发个消息我想先确认清楚,LLM_SYNTHETIC_SPOKEN_BASE,SYNTHETIC_TEXT
m3sbv1_012449,我们感觉帮我看看这个零件是不是松了，免得后面又要重新弄,LLM_SYNTHETIC_SPOKEN_BASE,SYNTHETIC_TEXT
m3sbv1_012450,现在看看这个接口是不是又报错了，我确认完再跟你说,LLM_SYNTHETIC_SPOKEN_BASE,SYNTHETIC_TEXT
m3sbv1_012451,我们这边没别的要求，确认一下名字有没有写错就可以,LLM_SYNTHETIC_SPOKEN_BASE,SYNTHETIC_TEXT
m3sbv1_012452,那边这边没别的要求，看看谁还没有回复就可以,LLM_SYNTHETIC_SPOKEN_BASE,SYNTHETIC_TEXT
m3sbv1_012453,一会儿麻烦你把位置发给我我自己过去就行,LLM_SYNTHETIC_SPOKEN_BASE,SYNTHETIC_TEXT
m3sbv1_012454,我听说确认一下这个功能是不是已经关掉了，后面这边好安排,LLM_SYNTHETIC_SPOKEN_BASE,SYNTHETIC_TEXT
m3sbv1_012455,你这边没别的要求，看一下这个是不是放错地方了就可以,LLM_SYNTHETIC_SPOKEN_BASE,SYNTHETIC_TEXT
m3sbv1_012456,现在看起来帮我把需要验证的地方列出来我有点不确定,LLM_SYNTHETIC_SPOKEN_BASE,SYNTHETIC_TEXT
m3sbv1_012457,那边晚一点帮我看看日志里有没有异常是不是,LLM_SYNTHETIC_SPOKEN_BASE,SYNTHETIC_TEXT
m3sbv1_012458,他们这边没别的要求，看看有没有更早一点的时间就可以,LLM_SYNTHETIC_SPOKEN_BASE,SYNTHETIC_TEXT
m3sbv1_012459,你们我觉得看看空调能不能调高一点，免得后面又要重新弄,LLM_SYNTHETIC_SPOKEN_BASE,SYNTHETIC_TEXT
m3sbv1_012460,现场到时候问一下这个能不能少放一点盐吧,LLM_SYNTHETIC_SPOKEN_BASE,SYNTHETIC_TEXT
m3sbv1_012461,看起来确认一下会议是不是改到下午了，你们这边好安排,LLM_SYNTHETIC_SPOKEN_BASE,SYNTHETIC_TEXT
m3sbv1_012462,这边应该确认一下这次只改这一部分，免得后面又要重新弄,LLM_SYNTHETIC_SPOKEN_BASE,SYNTHETIC_TEXT
m3sbv1_012463,那边今天帮我确认一下负责人是谁是不是,LLM_SYNTHETIC_SPOKEN_BASE,SYNTHETIC_TEXT
m3sbv1_012464,刚才我记得确认一下测试结果有没有更新吧,LLM_SYNTHETIC_SPOKEN_BASE,SYNTHETIC_TEXT
m3sbv1_012465,她昨天把刚才说的重点再讲一遍我怕等会儿忘了,LLM_SYNTHETIC_SPOKEN_BASE,SYNTHETIC_TEXT
m3sbv1_012466,后面我想问一下看看有没有不用排队的办法，免得后面又要重新弄,LLM_SYNTHETIC_SPOKEN_BASE,SYNTHETIC_TEXT
m3sbv1_012467,后面这边没别的要求，确认一下服务有没有启动就可以,LLM_SYNTHETIC_SPOKEN_BASE,SYNTHETIC_TEXT
m3sbv1_012468,他们麻烦你确认一下这个功能是不是已经关掉了，免得后面又要重新弄,LLM_SYNTHETIC_SPOKEN_BASE,SYNTHETIC_TEXT
m3sbv1_012469,等一下看起来告诉我大概还要多久行不行,LLM_SYNTHETIC_SPOKEN_BASE,SYNTHETIC_TEXT
m3sbv1_012470,我记得确认一下名字有没有写错，家里这边好安排,LLM_SYNTHETIC_SPOKEN_BASE,SYNTHETIC_TEXT
m3sbv1_012471,我等一下问一下回来的车几点出发我再决定,LLM_SYNTHETIC_SPOKEN_BASE,SYNTHETIC_TEXT
m3sbv1_012472,前面我记得先把这个问题单独记录下来，免得后面又要重新弄,LLM_SYNTHETIC_SPOKEN_BASE,SYNTHETIC_TEXT
m3sbv1_012473,我这边没别的要求，问一下他们什么时候能到就可以,LLM_SYNTHETIC_SPOKEN_BASE,SYNTHETIC_TEXT
m3sbv1_012474,你们麻烦你告诉我大概还要多久，免得后面又要重新弄,LLM_SYNTHETIC_SPOKEN_BASE,SYNTHETIC_TEXT
m3sbv1_012475,最近可能看看这个杯子是不是我的可以吗,LLM_SYNTHETIC_SPOKEN_BASE,SYNTHETIC_TEXT
m3sbv1_012476,我确认一下问一下还能不能加一个人，我刚才没听太清楚,LLM_SYNTHETIC_SPOKEN_BASE,SYNTHETIC_TEXT
m3sbv1_012477,明天先别急，帮我确认一下下一站在哪里再继续,LLM_SYNTHETIC_SPOKEN_BASE,SYNTHETIC_TEXT
m3sbv1_012478,后面我估计看看这个东西应该放哪里，免得后面又要重新弄,LLM_SYNTHETIC_SPOKEN_BASE,SYNTHETIC_TEXT
m3sbv1_012479,我这边没别的要求，看看导航是不是带错路了就可以,LLM_SYNTHETIC_SPOKEN_BASE,SYNTHETIC_TEXT
m3sbv1_012480,我估计看看有没有影响到别的模块，他这边好安排,LLM_SYNTHETIC_SPOKEN_BASE,SYNTHETIC_TEXT
m3sbv1_012481,家里昨天问一下早餐几点开始可以吗,LLM_SYNTHETIC_SPOKEN_BASE,SYNTHETIC_TEXT
m3sbv1_012482,那边晚一点帮我查一下刚才是哪一步失败了就行,LLM_SYNTHETIC_SPOKEN_BASE,SYNTHETIC_TEXT
m3sbv1_012483,后面这边没别的要求，再检查一遍有没有问题就可以,LLM_SYNTHETIC_SPOKEN_BASE,SYNTHETIC_TEXT
m3sbv1_012484,麻烦你看看有没有不用排队的办法，现场这边好安排,LLM_SYNTHETIC_SPOKEN_BASE,SYNTHETIC_TEXT
m3sbv1_012485,店里这边没别的要求，把最新版本发给我看一下就可以,LLM_SYNTHETIC_SPOKEN_BASE,SYNTHETIC_TEXT
m3sbv1_012486,现场这边没别的要求，帮我把需要验证的地方列出来就可以,LLM_SYNTHETIC_SPOKEN_BASE,SYNTHETIC_TEXT
m3sbv1_012487,帮我找一下充电线放哪了，有变化的话提前告诉我,LLM_SYNTHETIC_SPOKEN_BASE,SYNTHETIC_TEXT
m3sbv1_012488,店里这边没别的要求，把门先关一下有点冷就可以,LLM_SYNTHETIC_SPOKEN_BASE,SYNTHETIC_TEXT
m3sbv1_012489,你应该把刚才那条消息再发我一次，免得后面又要重新弄,LLM_SYNTHETIC_SPOKEN_BASE,SYNTHETIC_TEXT
m3sbv1_012490,今天先把这一项记下来，我确认完再跟你说,LLM_SYNTHETIC_SPOKEN_BASE,SYNTHETIC_TEXT
m3sbv1_012491,我确认一下问一下还能不能加一个人，前面这边好安排,LLM_SYNTHETIC_SPOKEN_BASE,SYNTHETIC_TEXT
m3sbv1_012492,之前我确认一下确认一下是不是已经付过了可以吗,LLM_SYNTHETIC_SPOKEN_BASE,SYNTHETIC_TEXT
m3sbv1_012493,这两天确认一下是不是已经付过了，我确认完再跟你说,LLM_SYNTHETIC_SPOKEN_BASE,SYNTHETIC_TEXT
m3sbv1_012494,现在感觉确认一下这份文件是不是最终版我想先确认清楚,LLM_SYNTHETIC_SPOKEN_BASE,SYNTHETIC_TEXT
m3sbv1_012495,现场感觉帮我听一下这个声音正不正常，免得后面又要重新弄,LLM_SYNTHETIC_SPOKEN_BASE,SYNTHETIC_TEXT
m3sbv1_012496,后面我想问一下确认一下服务有没有启动，免得后面又要重新弄,LLM_SYNTHETIC_SPOKEN_BASE,SYNTHETIC_TEXT
m3sbv1_012497,到时候我觉得看看有没有更早一点的时间是不是,LLM_SYNTHETIC_SPOKEN_BASE,SYNTHETIC_TEXT
m3sbv1_012498,公司这边没别的要求，再检查一遍有没有问题就可以,LLM_SYNTHETIC_SPOKEN_BASE,SYNTHETIC_TEXT
m3sbv1_012499,他们明天帮我把重复的内容删掉然后告诉我,LLM_SYNTHETIC_SPOKEN_BASE,SYNTHETIC_TEXT
m3sbv1_012500,要是方便的话再检查一遍有没有问题，不用特意等我,LLM_SYNTHETIC_SPOKEN_BASE,SYNTHETIC_TEXT
m3sbv1_012501,早一点看看是不是选错选项了，我确认完再跟你说,LLM_SYNTHETIC_SPOKEN_BASE,SYNTHETIC_TEXT
m3sbv1_012502,现在看起来确认一下这份文件是不是最终版行不行,LLM_SYNTHETIC_SPOKEN_BASE,SYNTHETIC_TEXT
m3sbv1_012503,你等一下确认一下车是不是停在外面我有点不确定,LLM_SYNTHETIC_SPOKEN_BASE,SYNTHETIC_TEXT
m3sbv1_012504,家里我想问一下确认一下是不是已经付过了，免得后面又要重新弄,LLM_SYNTHETIC_SPOKEN_BASE,SYNTHETIC_TEXT
m3sbv1_012505,他们晚一点先把现在的结果保存下来是不是,LLM_SYNTHETIC_SPOKEN_BASE,SYNTHETIC_TEXT
m3sbv1_012506,等一下帮我确认一下字段有没有变，我确认完再跟你说,LLM_SYNTHETIC_SPOKEN_BASE,SYNTHETIC_TEXT
m3sbv1_012507,我估计帮我看看附近有没有停车位，家里这边好安排,LLM_SYNTHETIC_SPOKEN_BASE,SYNTHETIC_TEXT
m3sbv1_012508,我确认一下把地址再确认一下，我刚才没听太清楚,LLM_SYNTHETIC_SPOKEN_BASE,SYNTHETIC_TEXT
m3sbv1_012509,那边看起来别着急我们按顺序来，免得后面又要重新弄,LLM_SYNTHETIC_SPOKEN_BASE,SYNTHETIC_TEXT
m3sbv1_012510,家里先帮我看看日志里有没有异常我怕等会儿忘了,LLM_SYNTHETIC_SPOKEN_BASE,SYNTHETIC_TEXT
m3sbv1_012511,把门先关一下有点冷，如果不行就先别改,LLM_SYNTHETIC_SPOKEN_BASE,SYNTHETIC_TEXT
m3sbv1_012512,这边到时候确认一下要不要提前预约我再决定,LLM_SYNTHETIC_SPOKEN_BASE,SYNTHETIC_TEXT
m3sbv1_012513,早一点看起来帮我找一下充电线放哪了就行,LLM_SYNTHETIC_SPOKEN_BASE,SYNTHETIC_TEXT
m3sbv1_012514,晚一点把这个问题先记到清单里，我确认完再跟你说,LLM_SYNTHETIC_SPOKEN_BASE,SYNTHETIC_TEXT
m3sbv1_012515,刚才应该别着急我们按顺序来可以吗,LLM_SYNTHETIC_SPOKEN_BASE,SYNTHETIC_TEXT
m3sbv1_012516,她早一点帮我把水再加一点可以吗,LLM_SYNTHETIC_SPOKEN_BASE,SYNTHETIC_TEXT
m3sbv1_012517,麻烦你看看是不是还少了什么，店里这边好安排,LLM_SYNTHETIC_SPOKEN_BASE,SYNTHETIC_TEXT
m3sbv1_012518,刚才我确认一下帮我听一下这个声音正不正常可以吗,LLM_SYNTHETIC_SPOKEN_BASE,SYNTHETIC_TEXT
m3sbv1_012519,一会儿先别急，别着急我们按顺序来再继续,LLM_SYNTHETIC_SPOKEN_BASE,SYNTHETIC_TEXT
m3sbv1_012520,之前先别急，确认一下是不是同一个订单再继续,LLM_SYNTHETIC_SPOKEN_BASE,SYNTHETIC_TEXT
m3sbv1_012521,一会儿看看还有没有漏掉的步骤，我确认完再跟你说,LLM_SYNTHETIC_SPOKEN_BASE,SYNTHETIC_TEXT
m3sbv1_012522,公司我想问一下看看这个版本是不是最新的，免得后面又要重新弄,LLM_SYNTHETIC_SPOKEN_BASE,SYNTHETIC_TEXT
m3sbv1_012523,家里现在看看导航是不是带错路了我有点不确定,LLM_SYNTHETIC_SPOKEN_BASE,SYNTHETIC_TEXT
m3sbv1_012524,最近看一下这个是不是放错地方了，我确认完再跟你说,LLM_SYNTHETIC_SPOKEN_BASE,SYNTHETIC_TEXT
m3sbv1_012525,可能把这个先留着别动，我刚才没听太清楚,LLM_SYNTHETIC_SPOKEN_BASE,SYNTHETIC_TEXT
m3sbv1_012526,她刚才看看能不能把时间往后挪一点就行,LLM_SYNTHETIC_SPOKEN_BASE,SYNTHETIC_TEXT
m3sbv1_012527,那边我听说帮我换一个安静一点的位置，免得后面又要重新弄,LLM_SYNTHETIC_SPOKEN_BASE,SYNTHETIC_TEXT
m3sbv1_012528,这两天我觉得帮我看看为什么还没收到,LLM_SYNTHETIC_SPOKEN_BASE,SYNTHETIC_TEXT
m3sbv1_012529,这边这边没别的要求，问一下早餐几点开始就可以,LLM_SYNTHETIC_SPOKEN_BASE,SYNTHETIC_TEXT
m3sbv1_012530,我记得把声音稍微调小一点，店里这边好安排,LLM_SYNTHETIC_SPOKEN_BASE,SYNTHETIC_TEXT
m3sbv1_012531,麻烦你帮我看看日志里有没有异常，我刚才没听太清楚,LLM_SYNTHETIC_SPOKEN_BASE,SYNTHETIC_TEXT
m3sbv1_012532,要是方便的话先把现在的结果保存下来，不用特意等我,LLM_SYNTHETIC_SPOKEN_BASE,SYNTHETIC_TEXT
m3sbv1_012533,先我听说确认一下车是不是停在外面别弄错了,LLM_SYNTHETIC_SPOKEN_BASE,SYNTHETIC_TEXT
m3sbv1_012534,家里这边没别的要求，别着急我们按顺序来就可以,LLM_SYNTHETIC_SPOKEN_BASE,SYNTHETIC_TEXT
m3sbv1_012535,到时候麻烦你确认一下停车要不要付费吧,LLM_SYNTHETIC_SPOKEN_BASE,SYNTHETIC_TEXT
m3sbv1_012536,这边刚才把最新版本发给我看一下然后告诉我,LLM_SYNTHETIC_SPOKEN_BASE,SYNTHETIC_TEXT
m3sbv1_012537,我想问一下看看这个接口是不是又报错了，他们这边好安排,LLM_SYNTHETIC_SPOKEN_BASE,SYNTHETIC_TEXT
m3sbv1_012538,你们这边没别的要求，试一下重新打开能不能用就可以,LLM_SYNTHETIC_SPOKEN_BASE,SYNTHETIC_TEXT
m3sbv1_012539,一会儿看起来先把这个问题单独记录下来我再决定,LLM_SYNTHETIC_SPOKEN_BASE,SYNTHETIC_TEXT
m3sbv1_012540,我想问一下告诉我大概还要多久，我这边好安排,LLM_SYNTHETIC_SPOKEN_BASE,SYNTHETIC_TEXT
m3sbv1_012541,先先别急，帮我看看附近有没有停车位再继续,LLM_SYNTHETIC_SPOKEN_BASE,SYNTHETIC_TEXT
m3sbv1_012542,他们我想问一下看看谁还没有回复，免得后面又要重新弄,LLM_SYNTHETIC_SPOKEN_BASE,SYNTHETIC_TEXT
m3sbv1_012543,到时候先别急，看看有没有影响到别的模块再继续,LLM_SYNTHETIC_SPOKEN_BASE,SYNTHETIC_TEXT
m3sbv1_012544,家里我听说帮我看看这个零件是不是松了，免得后面又要重新弄,LLM_SYNTHETIC_SPOKEN_BASE,SYNTHETIC_TEXT
m3sbv1_012545,前面我确认一下确认一下车是不是停在外面，免得后面又要重新弄,LLM_SYNTHETIC_SPOKEN_BASE,SYNTHETIC_TEXT
m3sbv1_012546,麻烦你帮我看看这个零件是不是松了，我刚才没听太清楚,LLM_SYNTHETIC_SPOKEN_BASE,SYNTHETIC_TEXT
m3sbv1_012547,好像看看空调能不能调高一点，你这边好安排,LLM_SYNTHETIC_SPOKEN_BASE,SYNTHETIC_TEXT
m3sbv1_012548,他这两天看看钥匙是不是还在车里行不行,LLM_SYNTHETIC_SPOKEN_BASE,SYNTHETIC_TEXT
m3sbv1_012549,明天问一下还能不能加一个人，我确认完再跟你说,LLM_SYNTHETIC_SPOKEN_BASE,SYNTHETIC_TEXT
m3sbv1_012550,家里我确认一下确认一下测试结果有没有更新，免得后面又要重新弄,LLM_SYNTHETIC_SPOKEN_BASE,SYNTHETIC_TEXT
m3sbv1_012551,麻烦你帮我把水再加一点，你这边好安排,LLM_SYNTHETIC_SPOKEN_BASE,SYNTHETIC_TEXT
m3sbv1_012552,我们我听说帮我确认一下字段有没有变，免得后面又要重新弄,LLM_SYNTHETIC_SPOKEN_BASE,SYNTHETIC_TEXT
m3sbv1_012553,这边我觉得把这个问题先记到清单里，免得后面又要重新弄,LLM_SYNTHETIC_SPOKEN_BASE,SYNTHETIC_TEXT
m3sbv1_012554,今天确认一下是不是已经下单了，我确认完再跟你说,LLM_SYNTHETIC_SPOKEN_BASE,SYNTHETIC_TEXT
m3sbv1_012555,我记得确认一下车是不是停在外面，这边这边好安排,LLM_SYNTHETIC_SPOKEN_BASE,SYNTHETIC_TEXT
m3sbv1_012556,他们现在确认一下服务有没有启动我怕等会儿忘了,LLM_SYNTHETIC_SPOKEN_BASE,SYNTHETIC_TEXT
m3sbv1_012557,她先帮我确认一下负责人是谁可以吗,LLM_SYNTHETIC_SPOKEN_BASE,SYNTHETIC_TEXT
m3sbv1_012558,昨天我想问一下确认一下轮胎是不是有点软我怕等会儿忘了,LLM_SYNTHETIC_SPOKEN_BASE,SYNTHETIC_TEXT
m3sbv1_012559,看起来确认一下时间有没有改，她这边好安排,LLM_SYNTHETIC_SPOKEN_BASE,SYNTHETIC_TEXT
m3sbv1_012560,现在先别急，确认一下入口是不是在这边再继续,LLM_SYNTHETIC_SPOKEN_BASE,SYNTHETIC_TEXT
m3sbv1_012561,那边这边没别的要求，看看前面是不是要左转就可以,LLM_SYNTHETIC_SPOKEN_BASE,SYNTHETIC_TEXT
m3sbv1_012562,最近我确认一下看看这个接口是不是又报错了我想先确认清楚,LLM_SYNTHETIC_SPOKEN_BASE,SYNTHETIC_TEXT
m3sbv1_012563,前面我确认一下帮我找一下充电线放哪了，免得后面又要重新弄,LLM_SYNTHETIC_SPOKEN_BASE,SYNTHETIC_TEXT
m3sbv1_012564,我确认一下看看前面能不能掉头，现场这边好安排,LLM_SYNTHETIC_SPOKEN_BASE,SYNTHETIC_TEXT
m3sbv1_012565,店里等一下看看有没有更早一点的时间我再决定,LLM_SYNTHETIC_SPOKEN_BASE,SYNTHETIC_TEXT
m3sbv1_012566,麻烦你看看这个版本是不是最新的，他这边好安排,LLM_SYNTHETIC_SPOKEN_BASE,SYNTHETIC_TEXT
m3sbv1_012567,等一下先别急，问一下能不能晚一点回来再继续,LLM_SYNTHETIC_SPOKEN_BASE,SYNTHETIC_TEXT
m3sbv1_012568,早一点我确认一下看看谁还没有回复我再决定,LLM_SYNTHETIC_SPOKEN_BASE,SYNTHETIC_TEXT
m3sbv1_012569,家里这边没别的要求，确认一下时间有没有改就可以,LLM_SYNTHETIC_SPOKEN_BASE,SYNTHETIC_TEXT
m3sbv1_012570,明天先别急，帮我确认一下房间准备好了没有再继续,LLM_SYNTHETIC_SPOKEN_BASE,SYNTHETIC_TEXT
m3sbv1_012571,先我记得先别取消我再确认一下我有点不确定,LLM_SYNTHETIC_SPOKEN_BASE,SYNTHETIC_TEXT
m3sbv1_012572,他们我觉得确认一下要不要提前预约，免得后面又要重新弄,LLM_SYNTHETIC_SPOKEN_BASE,SYNTHETIC_TEXT
m3sbv1_012573,店里好像把声音稍微调小一点，免得后面又要重新弄,LLM_SYNTHETIC_SPOKEN_BASE,SYNTHETIC_TEXT
m3sbv1_012574,他们这边没别的要求，试一下重新打开能不能用就可以,LLM_SYNTHETIC_SPOKEN_BASE,SYNTHETIC_TEXT
m3sbv1_012575,我应该帮我看看这个零件是不是松了，免得后面又要重新弄,LLM_SYNTHETIC_SPOKEN_BASE,SYNTHETIC_TEXT
m3sbv1_012576,应该确认一下灯是不是都关了，前面这边好安排,LLM_SYNTHETIC_SPOKEN_BASE,SYNTHETIC_TEXT
m3sbv1_012577,她先看看是不是选错选项了我有点不确定,LLM_SYNTHETIC_SPOKEN_BASE,SYNTHETIC_TEXT
m3sbv1_012578,我估计先等等我马上就过来，公司这边好安排,LLM_SYNTHETIC_SPOKEN_BASE,SYNTHETIC_TEXT
m3sbv1_012579,现场我记得看看是不是选错选项了，免得后面又要重新弄,LLM_SYNTHETIC_SPOKEN_BASE,SYNTHETIC_TEXT
m3sbv1_012580,一会儿先别急，确认一下时间有没有改再继续,LLM_SYNTHETIC_SPOKEN_BASE,SYNTHETIC_TEXT
m3sbv1_012581,早一点先别急，问一下回来的车几点出发再继续,LLM_SYNTHETIC_SPOKEN_BASE,SYNTHETIC_TEXT
m3sbv1_012582,他好像把声音稍微调小一点，免得后面又要重新弄,LLM_SYNTHETIC_SPOKEN_BASE,SYNTHETIC_TEXT
m3sbv1_012583,后面这边没别的要求，告诉我大概还要多久就可以,LLM_SYNTHETIC_SPOKEN_BASE,SYNTHETIC_TEXT
m3sbv1_012584,刚才看起来确认一下时间有没有改我再决定,LLM_SYNTHETIC_SPOKEN_BASE,SYNTHETIC_TEXT
m3sbv1_012585,前面早一点看看这个版本是不是最新的是不是,LLM_SYNTHETIC_SPOKEN_BASE,SYNTHETIC_TEXT
m3sbv1_012586,早一点麻烦你看看有没有影响到别的模块吧,LLM_SYNTHETIC_SPOKEN_BASE,SYNTHETIC_TEXT
m3sbv1_012587,他们看起来帮我问一下还有没有空位，免得后面又要重新弄,LLM_SYNTHETIC_SPOKEN_BASE,SYNTHETIC_TEXT
m3sbv1_012588,我们刚才看看导航是不是带错路了我怕等会儿忘了,LLM_SYNTHETIC_SPOKEN_BASE,SYNTHETIC_TEXT
m3sbv1_012589,这边刚才确认一下要不要提前预约就行,LLM_SYNTHETIC_SPOKEN_BASE,SYNTHETIC_TEXT
m3sbv1_012590,我觉得确认一下服务有没有启动，你们这边好安排,LLM_SYNTHETIC_SPOKEN_BASE,SYNTHETIC_TEXT
m3sbv1_012591,之前可能帮我看看日志里有没有异常我想先确认清楚,LLM_SYNTHETIC_SPOKEN_BASE,SYNTHETIC_TEXT
m3sbv1_012592,早一点先别急，问一下能不能晚一点回来再继续,LLM_SYNTHETIC_SPOKEN_BASE,SYNTHETIC_TEXT
m3sbv1_012593,可能确认一下服务有没有启动，那边这边好安排,LLM_SYNTHETIC_SPOKEN_BASE,SYNTHETIC_TEXT
m3sbv1_012594,要是方便的话帮我问一下现在还能不能改，不用特意等我,LLM_SYNTHETIC_SPOKEN_BASE,SYNTHETIC_TEXT
m3sbv1_012595,好像确认一下这次只改这一部分，我刚才没听太清楚,LLM_SYNTHETIC_SPOKEN_BASE,SYNTHETIC_TEXT
m3sbv1_012596,最近我估计帮我听一下这个声音正不正常是不是,LLM_SYNTHETIC_SPOKEN_BASE,SYNTHETIC_TEXT
m3sbv1_012597,她刚才把这个问题先记到清单里别弄错了,LLM_SYNTHETIC_SPOKEN_BASE,SYNTHETIC_TEXT
m3sbv1_012598,感觉把刚才那条消息再发我一次，店里这边好安排,LLM_SYNTHETIC_SPOKEN_BASE,SYNTHETIC_TEXT
m3sbv1_012599,这两天先别急，帮我拿一下旁边那个袋子再继续,LLM_SYNTHETIC_SPOKEN_BASE,SYNTHETIC_TEXT
m3sbv1_012600,先先别急，看看这个东西应该放哪里再继续,LLM_SYNTHETIC_SPOKEN_BASE,SYNTHETIC_TEXT
m3sbv1_012601,他们这边没别的要求，先等等我马上就过来就可以,LLM_SYNTHETIC_SPOKEN_BASE,SYNTHETIC_TEXT
m3sbv1_012602,你之前确认一下灯是不是都关了是不是,LLM_SYNTHETIC_SPOKEN_BASE,SYNTHETIC_TEXT
m3sbv1_012603,感觉帮我问一下还有没有空位，家里这边好安排,LLM_SYNTHETIC_SPOKEN_BASE,SYNTHETIC_TEXT
m3sbv1_012604,现场早一点把这个先放到后面处理我有点不确定,LLM_SYNTHETIC_SPOKEN_BASE,SYNTHETIC_TEXT
m3sbv1_012605,公司晚一点帮我确认一下房间准备好了没有吧,LLM_SYNTHETIC_SPOKEN_BASE,SYNTHETIC_TEXT
m3sbv1_012606,公司晚一点确认一下是不是已经下单了我想先确认清楚,LLM_SYNTHETIC_SPOKEN_BASE,SYNTHETIC_TEXT
m3sbv1_012607,他这两天先把旧的那套逻辑放一边可以吗,LLM_SYNTHETIC_SPOKEN_BASE,SYNTHETIC_TEXT
m3sbv1_012608,我们到时候看看这个东西应该放哪里就行,LLM_SYNTHETIC_SPOKEN_BASE,SYNTHETIC_TEXT
m3sbv1_012609,她这边没别的要求，帮我确认一下下一站在哪里就可以,LLM_SYNTHETIC_SPOKEN_BASE,SYNTHETIC_TEXT
m3sbv1_012610,这两天感觉帮我查一下刚才是哪一步失败了行不行,LLM_SYNTHETIC_SPOKEN_BASE,SYNTHETIC_TEXT
m3sbv1_012611,明天我听说看看这个价格有没有包含费用然后告诉我,LLM_SYNTHETIC_SPOKEN_BASE,SYNTHETIC_TEXT
m3sbv1_012612,应该看看是不是配置没有生效，我这边好安排,LLM_SYNTHETIC_SPOKEN_BASE,SYNTHETIC_TEXT
m3sbv1_012613,好像问一下这个能不能少放一点盐，我刚才没听太清楚,LLM_SYNTHETIC_SPOKEN_BASE,SYNTHETIC_TEXT
m3sbv1_012614,之前问一下早餐几点开始，我确认完再跟你说,LLM_SYNTHETIC_SPOKEN_BASE,SYNTHETIC_TEXT
m3sbv1_012615,刚才可能试一下重新打开能不能用吧,LLM_SYNTHETIC_SPOKEN_BASE,SYNTHETIC_TEXT
m3sbv1_012616,他们明天看看这个东西应该放哪里然后告诉我,LLM_SYNTHETIC_SPOKEN_BASE,SYNTHETIC_TEXT
m3sbv1_012617,我到时候帮我看看行李放在哪里我想先确认清楚,LLM_SYNTHETIC_SPOKEN_BASE,SYNTHETIC_TEXT
m3sbv1_012618,感觉看看能不能多拿一条毛巾，公司这边好安排,LLM_SYNTHETIC_SPOKEN_BASE,SYNTHETIC_TEXT
m3sbv1_012619,公司我估计把刚才说的重点再讲一遍，免得后面又要重新弄,LLM_SYNTHETIC_SPOKEN_BASE,SYNTHETIC_TEXT
m3sbv1_012620,后面最近帮我看看附近有没有停车位吧,LLM_SYNTHETIC_SPOKEN_BASE,SYNTHETIC_TEXT
m3sbv1_012621,好像看看还有没有漏掉的步骤，我刚才没听太清楚,LLM_SYNTHETIC_SPOKEN_BASE,SYNTHETIC_TEXT
m3sbv1_012622,最近我觉得看看有没有更早一点的时间我再决定,LLM_SYNTHETIC_SPOKEN_BASE,SYNTHETIC_TEXT
m3sbv1_012623,现场这两天把地址再确认一下我想先确认清楚,LLM_SYNTHETIC_SPOKEN_BASE,SYNTHETIC_TEXT
m3sbv1_012624,昨天先别急，确认一下名字有没有写错再继续,LLM_SYNTHETIC_SPOKEN_BASE,SYNTHETIC_TEXT
m3sbv1_012625,晚一点先别急，把这个先留着别动再继续,LLM_SYNTHETIC_SPOKEN_BASE,SYNTHETIC_TEXT
m3sbv1_012626,先感觉把刚才说的重点再讲一遍我再决定,LLM_SYNTHETIC_SPOKEN_BASE,SYNTHETIC_TEXT
m3sbv1_012627,先先别急，把这个先放到后面处理再继续,LLM_SYNTHETIC_SPOKEN_BASE,SYNTHETIC_TEXT
m3sbv1_012628,等一下应该把位置发给我我自己过去行不行,LLM_SYNTHETIC_SPOKEN_BASE,SYNTHETIC_TEXT
m3sbv1_012629,这边早一点看看能不能把时间往后挪一点是不是,LLM_SYNTHETIC_SPOKEN_BASE,SYNTHETIC_TEXT
m3sbv1_012630,公司刚才帮我问一下现在还能不能改然后告诉我,LLM_SYNTHETIC_SPOKEN_BASE,SYNTHETIC_TEXT
m3sbv1_012631,看起来把最新版本发给我看一下，现场这边好安排,LLM_SYNTHETIC_SPOKEN_BASE,SYNTHETIC_TEXT
m3sbv1_012632,我们感觉帮我找一下刚才那个页面，免得后面又要重新弄,LLM_SYNTHETIC_SPOKEN_BASE,SYNTHETIC_TEXT
m3sbv1_012633,感觉到的时候给我发个消息，你们这边好安排,LLM_SYNTHETIC_SPOKEN_BASE,SYNTHETIC_TEXT
m3sbv1_012634,店里这边没别的要求，看看有没有不用排队的办法就可以,LLM_SYNTHETIC_SPOKEN_BASE,SYNTHETIC_TEXT
m3sbv1_012635,后面最近看看油还够不够我怕等会儿忘了,LLM_SYNTHETIC_SPOKEN_BASE,SYNTHETIC_TEXT
m3sbv1_012636,应该看看能不能把时间往后挪一点，这边这边好安排,LLM_SYNTHETIC_SPOKEN_BASE,SYNTHETIC_TEXT
m3sbv1_012637,刚才帮我确认一下负责人是谁，我确认完再跟你说,LLM_SYNTHETIC_SPOKEN_BASE,SYNTHETIC_TEXT
m3sbv1_012638,后面现在看看空调能不能调高一点我想先确认清楚,LLM_SYNTHETIC_SPOKEN_BASE,SYNTHETIC_TEXT
m3sbv1_012639,到时候先别急，问一下这个能不能少放一点盐再继续,LLM_SYNTHETIC_SPOKEN_BASE,SYNTHETIC_TEXT
m3sbv1_012640,这边可能确认一下这个功能是不是已经关掉了，免得后面又要重新弄,LLM_SYNTHETIC_SPOKEN_BASE,SYNTHETIC_TEXT
m3sbv1_012641,我这边没别的要求，确认一下文件有没有传成功就可以,LLM_SYNTHETIC_SPOKEN_BASE,SYNTHETIC_TEXT
m3sbv1_012642,到时候感觉确认一下灯是不是都关了就行,LLM_SYNTHETIC_SPOKEN_BASE,SYNTHETIC_TEXT
m3sbv1_012643,这两天先别急，帮我看看这个号码对不对再继续,LLM_SYNTHETIC_SPOKEN_BASE,SYNTHETIC_TEXT
m3sbv1_012644,早一点我记得帮我换一个安静一点的位置吧,LLM_SYNTHETIC_SPOKEN_BASE,SYNTHETIC_TEXT
m3sbv1_012645,最近我觉得帮我看看行李放在哪里行不行,LLM_SYNTHETIC_SPOKEN_BASE,SYNTHETIC_TEXT
m3sbv1_012646,你们到时候帮我确认一下下一站在哪里,LLM_SYNTHETIC_SPOKEN_BASE,SYNTHETIC_TEXT
m3sbv1_012647,好像确认一下车是不是停在外面，我这边好安排,LLM_SYNTHETIC_SPOKEN_BASE,SYNTHETIC_TEXT
m3sbv1_012648,店里今天把门先关一下有点冷可以吗,LLM_SYNTHETIC_SPOKEN_BASE,SYNTHETIC_TEXT
m3sbv1_012649,我我估计把刚才那条消息再发我一次，免得后面又要重新弄,LLM_SYNTHETIC_SPOKEN_BASE,SYNTHETIC_TEXT
m3sbv1_012650,我觉得别着急我们按顺序来，我刚才没听太清楚,LLM_SYNTHETIC_SPOKEN_BASE,SYNTHETIC_TEXT
m3sbv1_012651,现场我估计帮我查一下刚才是哪一步失败了，免得后面又要重新弄,LLM_SYNTHETIC_SPOKEN_BASE,SYNTHETIC_TEXT
m3sbv1_012652,感觉先把这一项记下来，家里这边好安排,LLM_SYNTHETIC_SPOKEN_BASE,SYNTHETIC_TEXT
m3sbv1_012653,之前先别急，帮我确认一下房间准备好了没有再继续,LLM_SYNTHETIC_SPOKEN_BASE,SYNTHETIC_TEXT
m3sbv1_012654,店里昨天把声音稍微调小一点行不行,LLM_SYNTHETIC_SPOKEN_BASE,SYNTHETIC_TEXT
m3sbv1_012655,他们早一点确认一下灯是不是都关了别弄错了,LLM_SYNTHETIC_SPOKEN_BASE,SYNTHETIC_TEXT
m3sbv1_012656,感觉帮我查一下刚才是哪一步失败了，我这边好安排,LLM_SYNTHETIC_SPOKEN_BASE,SYNTHETIC_TEXT
m3sbv1_012657,等一下我估计再检查一遍有没有问题我再决定,LLM_SYNTHETIC_SPOKEN_BASE,SYNTHETIC_TEXT
m3sbv1_012658,你明天看看有没有更早一点的时间行不行,LLM_SYNTHETIC_SPOKEN_BASE,SYNTHETIC_TEXT
m3sbv1_012659,帮我问一下现在还能不能改，如果不行就先别改,LLM_SYNTHETIC_SPOKEN_BASE,SYNTHETIC_TEXT
m3sbv1_012660,店里明天看看有没有更早一点的时间然后告诉我,LLM_SYNTHETIC_SPOKEN_BASE,SYNTHETIC_TEXT
m3sbv1_012661,好像看看这个接口是不是又报错了，家里这边好安排,LLM_SYNTHETIC_SPOKEN_BASE,SYNTHETIC_TEXT
m3sbv1_012662,应该确认一下是不是同一个订单，他这边好安排,LLM_SYNTHETIC_SPOKEN_BASE,SYNTHETIC_TEXT
m3sbv1_012663,公司明天帮我问一下还有没有空位是不是,LLM_SYNTHETIC_SPOKEN_BASE,SYNTHETIC_TEXT
m3sbv1_012664,这边今天确认一下是不是同一个订单行不行,LLM_SYNTHETIC_SPOKEN_BASE,SYNTHETIC_TEXT
m3sbv1_012665,刚才感觉看看油还够不够我有点不确定,LLM_SYNTHETIC_SPOKEN_BASE,SYNTHETIC_TEXT
m3sbv1_012666,家里早一点先把这个问题单独记录下来吧,LLM_SYNTHETIC_SPOKEN_BASE,SYNTHETIC_TEXT
m3sbv1_012667,前面感觉帮我换一个安静一点的位置，免得后面又要重新弄,LLM_SYNTHETIC_SPOKEN_BASE,SYNTHETIC_TEXT
m3sbv1_012668,明天再检查一遍有没有问题，我确认完再跟你说,LLM_SYNTHETIC_SPOKEN_BASE,SYNTHETIC_TEXT
m3sbv1_012669,最近确认一下灯是不是都关了，我确认完再跟你说,LLM_SYNTHETIC_SPOKEN_BASE,SYNTHETIC_TEXT
m3sbv1_012670,最近看起来帮我确认一下负责人是谁然后告诉我,LLM_SYNTHETIC_SPOKEN_BASE,SYNTHETIC_TEXT
m3sbv1_012671,我想问一下把声音稍微调小一点，他这边好安排,LLM_SYNTHETIC_SPOKEN_BASE,SYNTHETIC_TEXT
m3sbv1_012672,我应该帮我把重复的内容删掉，免得后面又要重新弄,LLM_SYNTHETIC_SPOKEN_BASE,SYNTHETIC_TEXT
m3sbv1_012673,现场我估计确认一下名字有没有写错，免得后面又要重新弄,LLM_SYNTHETIC_SPOKEN_BASE,SYNTHETIC_TEXT
m3sbv1_012674,等一下先别急，帮我看看附近有没有停车位再继续,LLM_SYNTHETIC_SPOKEN_BASE,SYNTHETIC_TEXT
m3sbv1_012675,他们到时候把刚才说的重点再讲一遍可以吗,LLM_SYNTHETIC_SPOKEN_BASE,SYNTHETIC_TEXT
m3sbv1_012676,麻烦你看看前面能不能掉头，这边这边好安排,LLM_SYNTHETIC_SPOKEN_BASE,SYNTHETIC_TEXT
m3sbv1_012677,我觉得把刚才说的重点再讲一遍，后面这边好安排,LLM_SYNTHETIC_SPOKEN_BASE,SYNTHETIC_TEXT
m3sbv1_012678,他麻烦你确认一下服务有没有启动，免得后面又要重新弄,LLM_SYNTHETIC_SPOKEN_BASE,SYNTHETIC_TEXT
m3sbv1_012679,昨天好像看看前面能不能掉头吧,LLM_SYNTHETIC_SPOKEN_BASE,SYNTHETIC_TEXT
m3sbv1_012680,感觉先把旧的那套逻辑放一边，你这边好安排,LLM_SYNTHETIC_SPOKEN_BASE,SYNTHETIC_TEXT
m3sbv1_012681,好像帮我把水再加一点，他这边好安排,LLM_SYNTHETIC_SPOKEN_BASE,SYNTHETIC_TEXT
m3sbv1_012682,明天看看钥匙是不是还在车里，我确认完再跟你说,LLM_SYNTHETIC_SPOKEN_BASE,SYNTHETIC_TEXT
m3sbv1_012683,他们看起来看看导航是不是带错路了，免得后面又要重新弄,LLM_SYNTHETIC_SPOKEN_BASE,SYNTHETIC_TEXT
m3sbv1_012684,我觉得把最新版本发给我看一下，她这边好安排,LLM_SYNTHETIC_SPOKEN_BASE,SYNTHETIC_TEXT
m3sbv1_012685,昨天我听说确认一下这次只改这一部分我有点不确定,LLM_SYNTHETIC_SPOKEN_BASE,SYNTHETIC_TEXT
m3sbv1_012686,公司现在帮我确认一下房间准备好了没有吧,LLM_SYNTHETIC_SPOKEN_BASE,SYNTHETIC_TEXT
m3sbv1_012687,公司感觉看看这个东西应该放哪里，免得后面又要重新弄,LLM_SYNTHETIC_SPOKEN_BASE,SYNTHETIC_TEXT
m3sbv1_012688,前面明天看看是不是选错选项了吧,LLM_SYNTHETIC_SPOKEN_BASE,SYNTHETIC_TEXT
m3sbv1_012689,我觉得帮我把水再加一点，你们这边好安排,LLM_SYNTHETIC_SPOKEN_BASE,SYNTHETIC_TEXT
m3sbv1_012690,刚才先把这一项记下来，我确认完再跟你说,LLM_SYNTHETIC_SPOKEN_BASE,SYNTHETIC_TEXT
m3sbv1_012691,麻烦你看看是不是网络又断了，你们这边好安排,LLM_SYNTHETIC_SPOKEN_BASE,SYNTHETIC_TEXT
m3sbv1_012692,家里这边没别的要求，把这个问题先记到清单里就可以,LLM_SYNTHETIC_SPOKEN_BASE,SYNTHETIC_TEXT
m3sbv1_012693,他早一点看一下这个是不是放错地方了就行,LLM_SYNTHETIC_SPOKEN_BASE,SYNTHETIC_TEXT
m3sbv1_012694,好像问一下他们什么时候能到，我刚才没听太清楚,LLM_SYNTHETIC_SPOKEN_BASE,SYNTHETIC_TEXT
m3sbv1_012695,等一下看起来看看前面能不能掉头行不行,LLM_SYNTHETIC_SPOKEN_BASE,SYNTHETIC_TEXT
m3sbv1_012696,现场等一下看看空调能不能调高一点我怕等会儿忘了,LLM_SYNTHETIC_SPOKEN_BASE,SYNTHETIC_TEXT
m3sbv1_012697,你之前试一下重新打开能不能用,LLM_SYNTHETIC_SPOKEN_BASE,SYNTHETIC_TEXT
m3sbv1_012698,我觉得把最新版本发给我看一下，店里这边好安排,LLM_SYNTHETIC_SPOKEN_BASE,SYNTHETIC_TEXT
m3sbv1_012699,感觉看看前面能不能掉头，她这边好安排,LLM_SYNTHETIC_SPOKEN_BASE,SYNTHETIC_TEXT
m3sbv1_012700,他今天看看空调能不能调高一点然后告诉我,LLM_SYNTHETIC_SPOKEN_BASE,SYNTHETIC_TEXT
m3sbv1_012701,他我觉得看看是不是网络又断了，免得后面又要重新弄,LLM_SYNTHETIC_SPOKEN_BASE,SYNTHETIC_TEXT
m3sbv1_012702,这两天先别急，看看谁还没有回复再继续,LLM_SYNTHETIC_SPOKEN_BASE,SYNTHETIC_TEXT
m3sbv1_012703,她这边没别的要求，看看谁还没有回复就可以,LLM_SYNTHETIC_SPOKEN_BASE,SYNTHETIC_TEXT
m3sbv1_012704,那边现在确认一下是不是从这里集合我有点不确定,LLM_SYNTHETIC_SPOKEN_BASE,SYNTHETIC_TEXT
m3sbv1_012705,他们到时候到的时候给我发个消息吧,LLM_SYNTHETIC_SPOKEN_BASE,SYNTHETIC_TEXT
m3sbv1_012706,感觉帮我把水再加一点，我刚才没听太清楚,LLM_SYNTHETIC_SPOKEN_BASE,SYNTHETIC_TEXT
m3sbv1_012707,明天帮我把重复的内容删掉，我确认完再跟你说,LLM_SYNTHETIC_SPOKEN_BASE,SYNTHETIC_TEXT
m3sbv1_012708,麻烦你帮我看看附近有没有停车位，前面这边好安排,LLM_SYNTHETIC_SPOKEN_BASE,SYNTHETIC_TEXT
m3sbv1_012709,一会儿好像确认一下名字有没有写错是不是,LLM_SYNTHETIC_SPOKEN_BASE,SYNTHETIC_TEXT
m3sbv1_012710,到时候先别急，看看导航是不是带错路了再继续,LLM_SYNTHETIC_SPOKEN_BASE,SYNTHETIC_TEXT
m3sbv1_012711,你们我记得看看是不是还少了什么，免得后面又要重新弄,LLM_SYNTHETIC_SPOKEN_BASE,SYNTHETIC_TEXT
m3sbv1_012712,他应该看看是不是选错选项了，免得后面又要重新弄,LLM_SYNTHETIC_SPOKEN_BASE,SYNTHETIC_TEXT
m3sbv1_012713,可能把刚才说的重点再讲一遍，我们这边好安排,LLM_SYNTHETIC_SPOKEN_BASE,SYNTHETIC_TEXT
m3sbv1_012714,公司我听说确认一下是不是已经下单了，免得后面又要重新弄,LLM_SYNTHETIC_SPOKEN_BASE,SYNTHETIC_TEXT
m3sbv1_012715,我估计帮我把水再加一点，我这边好安排,LLM_SYNTHETIC_SPOKEN_BASE,SYNTHETIC_TEXT
m3sbv1_012716,你麻烦你确认一下服务有没有启动，免得后面又要重新弄,LLM_SYNTHETIC_SPOKEN_BASE,SYNTHETIC_TEXT
m3sbv1_012717,后面昨天看看能不能换成小份就行,LLM_SYNTHETIC_SPOKEN_BASE,SYNTHETIC_TEXT
m3sbv1_012718,看起来确认一下要不要提前预约，那边这边好安排,LLM_SYNTHETIC_SPOKEN_BASE,SYNTHETIC_TEXT
m3sbv1_012719,我想问一下确认一下退房时间是几点，我刚才没听太清楚,LLM_SYNTHETIC_SPOKEN_BASE,SYNTHETIC_TEXT
m3sbv1_012720,早一点好像问一下还能不能加一个人就行,LLM_SYNTHETIC_SPOKEN_BASE,SYNTHETIC_TEXT
m3sbv1_012721,到时候先把现在的结果保存下来，我确认完再跟你说,LLM_SYNTHETIC_SPOKEN_BASE,SYNTHETIC_TEXT
m3sbv1_012722,麻烦你看看是不是配置没有生效，你们这边好安排,LLM_SYNTHETIC_SPOKEN_BASE,SYNTHETIC_TEXT
m3sbv1_012723,这两天我估计看看油还够不够行不行,LLM_SYNTHETIC_SPOKEN_BASE,SYNTHETIC_TEXT
m3sbv1_012724,店里好像确认一下会议是不是改到下午了，免得后面又要重新弄,LLM_SYNTHETIC_SPOKEN_BASE,SYNTHETIC_TEXT
m3sbv1_012725,晚一点应该看看能不能多拿一条毛巾我怕等会儿忘了,LLM_SYNTHETIC_SPOKEN_BASE,SYNTHETIC_TEXT
m3sbv1_012726,我想问一下帮我看看这个零件是不是松了，后面这边好安排,LLM_SYNTHETIC_SPOKEN_BASE,SYNTHETIC_TEXT
m3sbv1_012727,我想问一下看看有没有影响到别的模块，我们这边好安排,LLM_SYNTHETIC_SPOKEN_BASE,SYNTHETIC_TEXT
m3sbv1_012728,我记得先别取消我再确认一下，前面这边好安排,LLM_SYNTHETIC_SPOKEN_BASE,SYNTHETIC_TEXT
m3sbv1_012729,现场今天帮我听一下这个声音正不正常别弄错了,LLM_SYNTHETIC_SPOKEN_BASE,SYNTHETIC_TEXT
m3sbv1_012730,你这边没别的要求，看看能不能换成小份就可以,LLM_SYNTHETIC_SPOKEN_BASE,SYNTHETIC_TEXT
m3sbv1_012731,现在感觉看看前面是不是要左转就行,LLM_SYNTHETIC_SPOKEN_BASE,SYNTHETIC_TEXT
m3sbv1_012732,我最近确认一下车是不是停在外面是不是,LLM_SYNTHETIC_SPOKEN_BASE,SYNTHETIC_TEXT
m3sbv1_012733,后面等一下确认一下文件有没有传成功我想先确认清楚,LLM_SYNTHETIC_SPOKEN_BASE,SYNTHETIC_TEXT
m3sbv1_012734,那边这边没别的要求，确认一下今天是不是正常营业就可以,LLM_SYNTHETIC_SPOKEN_BASE,SYNTHETIC_TEXT
m3sbv1_012735,我觉得问一下早餐几点开始，我刚才没听太清楚,LLM_SYNTHETIC_SPOKEN_BASE,SYNTHETIC_TEXT
m3sbv1_012736,应该看看能不能把时间往后挪一点，我刚才没听太清楚,LLM_SYNTHETIC_SPOKEN_BASE,SYNTHETIC_TEXT
m3sbv1_012737,一会儿应该帮我看看这个号码对不对我再决定,LLM_SYNTHETIC_SPOKEN_BASE,SYNTHETIC_TEXT
m3sbv1_012738,早一点先别急，把这个先放到后面处理再继续,LLM_SYNTHETIC_SPOKEN_BASE,SYNTHETIC_TEXT
m3sbv1_012739,昨天帮我看看附近有没有停车位，我确认完再跟你说,LLM_SYNTHETIC_SPOKEN_BASE,SYNTHETIC_TEXT
m3sbv1_012740,一会儿可能确认一下车是不是停在外面然后告诉我,LLM_SYNTHETIC_SPOKEN_BASE,SYNTHETIC_TEXT
m3sbv1_012741,我先确认一下名字有没有写错别弄错了,LLM_SYNTHETIC_SPOKEN_BASE,SYNTHETIC_TEXT
m3sbv1_012742,最近先别急，看看油还够不够再继续,LLM_SYNTHETIC_SPOKEN_BASE,SYNTHETIC_TEXT
m3sbv1_012743,这两天感觉确认一下是不是已经付过了我怕等会儿忘了,LLM_SYNTHETIC_SPOKEN_BASE,SYNTHETIC_TEXT
m3sbv1_012744,好像看看是不是还少了什么，公司这边好安排,LLM_SYNTHETIC_SPOKEN_BASE,SYNTHETIC_TEXT
m3sbv1_012745,这两天我估计帮我看看日志里有没有异常我再决定,LLM_SYNTHETIC_SPOKEN_BASE,SYNTHETIC_TEXT
m3sbv1_012746,之前先别急，确认一下是不是已经下单了再继续,LLM_SYNTHETIC_SPOKEN_BASE,SYNTHETIC_TEXT
m3sbv1_012747,这两天麻烦你看看导航是不是带错路了我再决定,LLM_SYNTHETIC_SPOKEN_BASE,SYNTHETIC_TEXT
m3sbv1_012748,看起来确认一下会议是不是改到下午了，店里这边好安排,LLM_SYNTHETIC_SPOKEN_BASE,SYNTHETIC_TEXT
m3sbv1_012749,先麻烦你看看油还够不够我有点不确定,LLM_SYNTHETIC_SPOKEN_BASE,SYNTHETIC_TEXT
m3sbv1_012750,公司之前看看这个杯子是不是我的吧,LLM_SYNTHETIC_SPOKEN_BASE,SYNTHETIC_TEXT
m3sbv1_012751,公司到时候看看有没有不用排队的办法就行,LLM_SYNTHETIC_SPOKEN_BASE,SYNTHETIC_TEXT
m3sbv1_012752,昨天先别急，看看能不能把时间往后挪一点再继续,LLM_SYNTHETIC_SPOKEN_BASE,SYNTHETIC_TEXT
m3sbv1_012753,现在看起来把这个先放到后面处理吧,LLM_SYNTHETIC_SPOKEN_BASE,SYNTHETIC_TEXT
m3sbv1_012754,等一下先别急，把这个问题先记到清单里再继续,LLM_SYNTHETIC_SPOKEN_BASE,SYNTHETIC_TEXT
m3sbv1_012755,看起来问一下这个能不能少放一点盐，她这边好安排,LLM_SYNTHETIC_SPOKEN_BASE,SYNTHETIC_TEXT
m3sbv1_012756,要是方便的话问一下还能不能加一个人，不用特意等我,LLM_SYNTHETIC_SPOKEN_BASE,SYNTHETIC_TEXT
m3sbv1_012757,家里现在问一下他们什么时候能到行不行,LLM_SYNTHETIC_SPOKEN_BASE,SYNTHETIC_TEXT
m3sbv1_012758,我们这两天看看前面是不是要左转然后告诉我,LLM_SYNTHETIC_SPOKEN_BASE,SYNTHETIC_TEXT
m3sbv1_012759,他感觉帮我确认一下房间准备好了没有，免得后面又要重新弄,LLM_SYNTHETIC_SPOKEN_BASE,SYNTHETIC_TEXT
m3sbv1_012760,他们现在把这个先放到后面处理是不是,LLM_SYNTHETIC_SPOKEN_BASE,SYNTHETIC_TEXT
m3sbv1_012761,应该确认一下入口是不是在这边，那边这边好安排,LLM_SYNTHETIC_SPOKEN_BASE,SYNTHETIC_TEXT
m3sbv1_012762,之前麻烦你看看空调能不能调高一点是不是,LLM_SYNTHETIC_SPOKEN_BASE,SYNTHETIC_TEXT
m3sbv1_012763,她我记得帮我确认一下负责人是谁，免得后面又要重新弄,LLM_SYNTHETIC_SPOKEN_BASE,SYNTHETIC_TEXT
m3sbv1_012764,我听说看看是不是配置没有生效，前面这边好安排,LLM_SYNTHETIC_SPOKEN_BASE,SYNTHETIC_TEXT
m3sbv1_012765,应该帮我确认一下负责人是谁，家里这边好安排,LLM_SYNTHETIC_SPOKEN_BASE,SYNTHETIC_TEXT
m3sbv1_012766,你现在确认一下退房时间是几点就行,LLM_SYNTHETIC_SPOKEN_BASE,SYNTHETIC_TEXT
m3sbv1_012767,可能确认一下入口是不是在这边，你这边好安排,LLM_SYNTHETIC_SPOKEN_BASE,SYNTHETIC_TEXT
m3sbv1_012768,我记得先别取消我再确认一下，后面这边好安排,LLM_SYNTHETIC_SPOKEN_BASE,SYNTHETIC_TEXT
m3sbv1_012769,应该问一下早餐几点开始，她这边好安排,LLM_SYNTHETIC_SPOKEN_BASE,SYNTHETIC_TEXT
m3sbv1_012770,等一下告诉我大概还要多久，我确认完再跟你说,LLM_SYNTHETIC_SPOKEN_BASE,SYNTHETIC_TEXT
m3sbv1_012771,现在看看能不能把时间往后挪一点，我确认完再跟你说,LLM_SYNTHETIC_SPOKEN_BASE,SYNTHETIC_TEXT
m3sbv1_012772,我想问一下看看有没有不用排队的办法，这边这边好安排,LLM_SYNTHETIC_SPOKEN_BASE,SYNTHETIC_TEXT
m3sbv1_012773,刚才别着急我们按顺序来，我确认完再跟你说,LLM_SYNTHETIC_SPOKEN_BASE,SYNTHETIC_TEXT
m3sbv1_012774,我明天看看能不能把时间往后挪一点然后告诉我,LLM_SYNTHETIC_SPOKEN_BASE,SYNTHETIC_TEXT
m3sbv1_012775,我到时候帮我把水再加一点我有点不确定,LLM_SYNTHETIC_SPOKEN_BASE,SYNTHETIC_TEXT
m3sbv1_012776,前面先到的时候给我发个消息我有点不确定,LLM_SYNTHETIC_SPOKEN_BASE,SYNTHETIC_TEXT
m3sbv1_012777,之前帮我听一下这个声音正不正常，我确认完再跟你说,LLM_SYNTHETIC_SPOKEN_BASE,SYNTHETIC_TEXT
m3sbv1_012778,你们之前确认一下这份文件是不是最终版行不行,LLM_SYNTHETIC_SPOKEN_BASE,SYNTHETIC_TEXT
m3sbv1_012779,今天先别急，确认一下会议是不是改到下午了再继续,LLM_SYNTHETIC_SPOKEN_BASE,SYNTHETIC_TEXT
m3sbv1_012780,你们这边没别的要求，问一下还能不能加一个人就可以,LLM_SYNTHETIC_SPOKEN_BASE,SYNTHETIC_TEXT
m3sbv1_012781,现场先确认一下是不是从这里集合我想先确认清楚,LLM_SYNTHETIC_SPOKEN_BASE,SYNTHETIC_TEXT
m3sbv1_012782,要是方便的话帮我看看附近有没有停车位，不用特意等我,LLM_SYNTHETIC_SPOKEN_BASE,SYNTHETIC_TEXT
m3sbv1_012783,现场我想问一下帮我确认一下下一站在哪里，免得后面又要重新弄,LLM_SYNTHETIC_SPOKEN_BASE,SYNTHETIC_TEXT
m3sbv1_012784,应该帮我确认一下房间准备好了没有，家里这边好安排,LLM_SYNTHETIC_SPOKEN_BASE,SYNTHETIC_TEXT
m3sbv1_012785,好像帮我找一下充电线放哪了，我们这边好安排,LLM_SYNTHETIC_SPOKEN_BASE,SYNTHETIC_TEXT
m3sbv1_012786,应该确认一下是不是同一个订单，后面这边好安排,LLM_SYNTHETIC_SPOKEN_BASE,SYNTHETIC_TEXT
m3sbv1_012787,之前我听说试一下重新打开能不能用就行,LLM_SYNTHETIC_SPOKEN_BASE,SYNTHETIC_TEXT
m3sbv1_012788,现在先别急，帮我看看这个号码对不对再继续,LLM_SYNTHETIC_SPOKEN_BASE,SYNTHETIC_TEXT
m3sbv1_012789,一会儿我听说把这个问题先记到清单里是不是,LLM_SYNTHETIC_SPOKEN_BASE,SYNTHETIC_TEXT
m3sbv1_012790,之前把地址再确认一下，我确认完再跟你说,LLM_SYNTHETIC_SPOKEN_BASE,SYNTHETIC_TEXT
m3sbv1_012791,店里这两天帮我查一下刚才是哪一步失败了然后告诉我,LLM_SYNTHETIC_SPOKEN_BASE,SYNTHETIC_TEXT
m3sbv1_012792,我到时候看看空调能不能调高一点我再决定,LLM_SYNTHETIC_SPOKEN_BASE,SYNTHETIC_TEXT
m3sbv1_012793,我我估计确认一下是不是从这里集合，免得后面又要重新弄,LLM_SYNTHETIC_SPOKEN_BASE,SYNTHETIC_TEXT
m3sbv1_012794,刚才感觉确认一下灯是不是都关了,LLM_SYNTHETIC_SPOKEN_BASE,SYNTHETIC_TEXT
m3sbv1_012795,看起来帮我看看行李放在哪里，我刚才没听太清楚,LLM_SYNTHETIC_SPOKEN_BASE,SYNTHETIC_TEXT
m3sbv1_012796,晚一点好像帮我查一下刚才是哪一步失败了我有点不确定,LLM_SYNTHETIC_SPOKEN_BASE,SYNTHETIC_TEXT
m3sbv1_012797,公司我记得看看数据是不是重复了，免得后面又要重新弄,LLM_SYNTHETIC_SPOKEN_BASE,SYNTHETIC_TEXT
m3sbv1_012798,等一下先别急，先把现在的结果保存下来再继续,LLM_SYNTHETIC_SPOKEN_BASE,SYNTHETIC_TEXT
m3sbv1_012799,等一下看起来帮我拿一下旁边那个袋子我有点不确定,LLM_SYNTHETIC_SPOKEN_BASE,SYNTHETIC_TEXT
m3sbv1_012800,看起来再检查一遍有没有问题，后面这边好安排,LLM_SYNTHETIC_SPOKEN_BASE,SYNTHETIC_TEXT
m3sbv1_012801,到时候看看前面能不能掉头，我确认完再跟你说,LLM_SYNTHETIC_SPOKEN_BASE,SYNTHETIC_TEXT
m3sbv1_012802,我确认一下帮我把需要验证的地方列出来，我刚才没听太清楚,LLM_SYNTHETIC_SPOKEN_BASE,SYNTHETIC_TEXT
m3sbv1_012803,看起来确认一下名字有没有写错，我刚才没听太清楚,LLM_SYNTHETIC_SPOKEN_BASE,SYNTHETIC_TEXT
m3sbv1_012804,我想问一下看看能不能多拿一条毛巾，后面这边好安排,LLM_SYNTHETIC_SPOKEN_BASE,SYNTHETIC_TEXT
m3sbv1_012805,我想问一下确认一下是不是已经下单了，店里这边好安排,LLM_SYNTHETIC_SPOKEN_BASE,SYNTHETIC_TEXT
m3sbv1_012806,她这边没别的要求，帮我看看日志里有没有异常就可以,LLM_SYNTHETIC_SPOKEN_BASE,SYNTHETIC_TEXT
m3sbv1_012807,那边这边没别的要求，先把旧的那套逻辑放一边就可以,LLM_SYNTHETIC_SPOKEN_BASE,SYNTHETIC_TEXT
m3sbv1_012808,一会儿先别急，确认一下这个功能是不是已经关掉了再继续,LLM_SYNTHETIC_SPOKEN_BASE,SYNTHETIC_TEXT
m3sbv1_012809,一会儿可能帮我看看附近有没有停车位就行,LLM_SYNTHETIC_SPOKEN_BASE,SYNTHETIC_TEXT
m3sbv1_012810,这两天我觉得先等等我马上就过来吧,LLM_SYNTHETIC_SPOKEN_BASE,SYNTHETIC_TEXT
m3sbv1_012811,我想问一下问一下回来的车几点出发，现场这边好安排,LLM_SYNTHETIC_SPOKEN_BASE,SYNTHETIC_TEXT
m3sbv1_012812,你们我想问一下帮我换一个安静一点的位置，免得后面又要重新弄,LLM_SYNTHETIC_SPOKEN_BASE,SYNTHETIC_TEXT
m3sbv1_012813,他们我估计帮我看看为什么还没收到，免得后面又要重新弄,LLM_SYNTHETIC_SPOKEN_BASE,SYNTHETIC_TEXT
m3sbv1_012814,我们这边没别的要求，帮我确认一下字段有没有变就可以,LLM_SYNTHETIC_SPOKEN_BASE,SYNTHETIC_TEXT
m3sbv1_012815,我记得看看钥匙是不是还在车里，我刚才没听太清楚,LLM_SYNTHETIC_SPOKEN_BASE,SYNTHETIC_TEXT
m3sbv1_012816,可能确认一下这个功能是不是已经关掉了，我刚才没听太清楚,LLM_SYNTHETIC_SPOKEN_BASE,SYNTHETIC_TEXT
m3sbv1_012817,可能确认一下这份文件是不是最终版，我这边好安排,LLM_SYNTHETIC_SPOKEN_BASE,SYNTHETIC_TEXT
m3sbv1_012818,最近我想问一下看看数据是不是重复了是不是,LLM_SYNTHETIC_SPOKEN_BASE,SYNTHETIC_TEXT
m3sbv1_012819,店里我听说看看这个东西应该放哪里，免得后面又要重新弄,LLM_SYNTHETIC_SPOKEN_BASE,SYNTHETIC_TEXT
m3sbv1_012820,我记得到的时候给我发个消息，后面这边好安排,LLM_SYNTHETIC_SPOKEN_BASE,SYNTHETIC_TEXT
m3sbv1_012821,之前先别急，问一下能不能晚一点回来再继续,LLM_SYNTHETIC_SPOKEN_BASE,SYNTHETIC_TEXT
m3sbv1_012822,公司可能看看是不是网络又断了，免得后面又要重新弄,LLM_SYNTHETIC_SPOKEN_BASE,SYNTHETIC_TEXT
m3sbv1_012823,我想问一下先把旧的那套逻辑放一边，家里这边好安排,LLM_SYNTHETIC_SPOKEN_BASE,SYNTHETIC_TEXT
m3sbv1_012824,我觉得帮我找一下刚才那个页面，我刚才没听太清楚,LLM_SYNTHETIC_SPOKEN_BASE,SYNTHETIC_TEXT
m3sbv1_012825,后面这边没别的要求，确认一下时间有没有改就可以,LLM_SYNTHETIC_SPOKEN_BASE,SYNTHETIC_TEXT
m3sbv1_012826,我听说帮我确认一下负责人是谁，我刚才没听太清楚,LLM_SYNTHETIC_SPOKEN_BASE,SYNTHETIC_TEXT
m3sbv1_012827,等一下好像看看这个结果和昨天是不是一样,LLM_SYNTHETIC_SPOKEN_BASE,SYNTHETIC_TEXT
m3sbv1_012828,我们今天试一下重新打开能不能用然后告诉我,LLM_SYNTHETIC_SPOKEN_BASE,SYNTHETIC_TEXT
m3sbv1_012829,他等一下看看这个杯子是不是我的我怕等会儿忘了,LLM_SYNTHETIC_SPOKEN_BASE,SYNTHETIC_TEXT
m3sbv1_012830,这两天帮我把重复的内容删掉，我确认完再跟你说,LLM_SYNTHETIC_SPOKEN_BASE,SYNTHETIC_TEXT
m3sbv1_012831,现场早一点先等等我马上就过来我怕等会儿忘了,LLM_SYNTHETIC_SPOKEN_BASE,SYNTHETIC_TEXT
m3sbv1_012832,可能问一下能不能晚一点回来，你这边好安排,LLM_SYNTHETIC_SPOKEN_BASE,SYNTHETIC_TEXT
m3sbv1_012833,他这边没别的要求，看看是不是网络又断了就可以,LLM_SYNTHETIC_SPOKEN_BASE,SYNTHETIC_TEXT
m3sbv1_012834,那边刚才确认一下这个功能是不是已经关掉了,LLM_SYNTHETIC_SPOKEN_BASE,SYNTHETIC_TEXT
m3sbv1_012835,后面到时候看看这个接口是不是又报错了别弄错了,LLM_SYNTHETIC_SPOKEN_BASE,SYNTHETIC_TEXT
m3sbv1_012836,公司好像看看能不能换成小份，免得后面又要重新弄,LLM_SYNTHETIC_SPOKEN_BASE,SYNTHETIC_TEXT
m3sbv1_012837,她最近确认一下车是不是停在外面是不是,LLM_SYNTHETIC_SPOKEN_BASE,SYNTHETIC_TEXT
m3sbv1_012838,今天确认一下是不是已经付过了，我确认完再跟你说,LLM_SYNTHETIC_SPOKEN_BASE,SYNTHETIC_TEXT
m3sbv1_012839,现场到时候看看是不是网络又断了我再决定,LLM_SYNTHETIC_SPOKEN_BASE,SYNTHETIC_TEXT
m3sbv1_012840,家里这边没别的要求，看看有没有更早一点的时间就可以,LLM_SYNTHETIC_SPOKEN_BASE,SYNTHETIC_TEXT
m3sbv1_012841,晚一点我觉得确认一下这个功能是不是已经关掉了吧,LLM_SYNTHETIC_SPOKEN_BASE,SYNTHETIC_TEXT
m3sbv1_012842,这边昨天确认一下文件有没有传成功然后告诉我,LLM_SYNTHETIC_SPOKEN_BASE,SYNTHETIC_TEXT
m3sbv1_012843,先看看还有没有漏掉的步骤，我确认完再跟你说,LLM_SYNTHETIC_SPOKEN_BASE,SYNTHETIC_TEXT
m3sbv1_012844,那边我听说看看能不能换成小份，免得后面又要重新弄,LLM_SYNTHETIC_SPOKEN_BASE,SYNTHETIC_TEXT
m3sbv1_012845,你这边没别的要求，帮我看看行李放在哪里就可以,LLM_SYNTHETIC_SPOKEN_BASE,SYNTHETIC_TEXT
m3sbv1_012846,好像帮我看看为什么还没收到，我刚才没听太清楚,LLM_SYNTHETIC_SPOKEN_BASE,SYNTHETIC_TEXT
m3sbv1_012847,到时候帮我看看为什么还没收到，我确认完再跟你说,LLM_SYNTHETIC_SPOKEN_BASE,SYNTHETIC_TEXT
m3sbv1_012848,晚一点好像确认一下会议是不是改到下午了我有点不确定,LLM_SYNTHETIC_SPOKEN_BASE,SYNTHETIC_TEXT
m3sbv1_012849,我这边没别的要求，看看空调能不能调高一点就可以,LLM_SYNTHETIC_SPOKEN_BASE,SYNTHETIC_TEXT
m3sbv1_012850,一会儿先别急，确认一下测试结果有没有更新再继续,LLM_SYNTHETIC_SPOKEN_BASE,SYNTHETIC_TEXT
m3sbv1_012851,把门先关一下有点冷以后跟我说一声就行,LLM_SYNTHETIC_SPOKEN_BASE,SYNTHETIC_TEXT
m3sbv1_012852,我早一点试一下重新打开能不能用吧,LLM_SYNTHETIC_SPOKEN_BASE,SYNTHETIC_TEXT
m3sbv1_012853,要是方便的话帮我把水再加一点，不用特意等我,LLM_SYNTHETIC_SPOKEN_BASE,SYNTHETIC_TEXT
m3sbv1_012854,明天我记得帮我把重复的内容删掉行不行,LLM_SYNTHETIC_SPOKEN_BASE,SYNTHETIC_TEXT
m3sbv1_012855,我估计看看有没有影响到别的模块，我刚才没听太清楚,LLM_SYNTHETIC_SPOKEN_BASE,SYNTHETIC_TEXT
m3sbv1_012856,我觉得把刚才那条消息再发我一次，现场这边好安排,LLM_SYNTHETIC_SPOKEN_BASE,SYNTHETIC_TEXT
m3sbv1_012857,你们等一下把这个先留着别动吧,LLM_SYNTHETIC_SPOKEN_BASE,SYNTHETIC_TEXT
m3sbv1_012858,看起来确认一下文件有没有传成功，你这边好安排,LLM_SYNTHETIC_SPOKEN_BASE,SYNTHETIC_TEXT
m3sbv1_012859,她我觉得确认一下退房时间是几点，免得后面又要重新弄,LLM_SYNTHETIC_SPOKEN_BASE,SYNTHETIC_TEXT
m3sbv1_012860,感觉帮我看看这个零件是不是松了，前面这边好安排,LLM_SYNTHETIC_SPOKEN_BASE,SYNTHETIC_TEXT
m3sbv1_012861,看看能不能换成小份以后跟我说一声就行,LLM_SYNTHETIC_SPOKEN_BASE,SYNTHETIC_TEXT
m3sbv1_012862,要是方便的话看看前面能不能掉头，不用特意等我,LLM_SYNTHETIC_SPOKEN_BASE,SYNTHETIC_TEXT
m3sbv1_012863,我们我记得看看能不能把时间往后挪一点，免得后面又要重新弄,LLM_SYNTHETIC_SPOKEN_BASE,SYNTHETIC_TEXT
m3sbv1_012864,家里这边没别的要求，看看能不能把时间往后挪一点就可以,LLM_SYNTHETIC_SPOKEN_BASE,SYNTHETIC_TEXT
m3sbv1_012865,可能问一下这个能不能少放一点盐，我刚才没听太清楚,LLM_SYNTHETIC_SPOKEN_BASE,SYNTHETIC_TEXT
m3sbv1_012866,之前先别急，先把现在的结果保存下来再继续,LLM_SYNTHETIC_SPOKEN_BASE,SYNTHETIC_TEXT
m3sbv1_012867,一会儿把刚才那条消息再发我一次，我确认完再跟你说,LLM_SYNTHETIC_SPOKEN_BASE,SYNTHETIC_TEXT
m3sbv1_012868,我确认一下确认一下车是不是停在外面，家里这边好安排,LLM_SYNTHETIC_SPOKEN_BASE,SYNTHETIC_TEXT
m3sbv1_012869,店里之前确认一下退房时间是几点就行,LLM_SYNTHETIC_SPOKEN_BASE,SYNTHETIC_TEXT
m3sbv1_012870,我确认一下看看导航是不是带错路了，她这边好安排,LLM_SYNTHETIC_SPOKEN_BASE,SYNTHETIC_TEXT
m3sbv1_012871,店里我估计确认一下测试结果有没有更新，免得后面又要重新弄,LLM_SYNTHETIC_SPOKEN_BASE,SYNTHETIC_TEXT
m3sbv1_012872,麻烦你确认一下是不是同一个订单，现场这边好安排,LLM_SYNTHETIC_SPOKEN_BASE,SYNTHETIC_TEXT
m3sbv1_012873,一会儿麻烦你确认一下时间有没有改我想先确认清楚,LLM_SYNTHETIC_SPOKEN_BASE,SYNTHETIC_TEXT
m3sbv1_012874,他们昨天看看有没有更早一点的时间吧,LLM_SYNTHETIC_SPOKEN_BASE,SYNTHETIC_TEXT
m3sbv1_012875,等一下麻烦你看一下这个是不是放错地方了我有点不确定,LLM_SYNTHETIC_SPOKEN_BASE,SYNTHETIC_TEXT
m3sbv1_012876,好像看一下这个是不是放错地方了，我刚才没听太清楚,LLM_SYNTHETIC_SPOKEN_BASE,SYNTHETIC_TEXT
m3sbv1_012877,她我听说确认一下退房时间是几点，免得后面又要重新弄,LLM_SYNTHETIC_SPOKEN_BASE,SYNTHETIC_TEXT
m3sbv1_012878,我想问一下告诉我大概还要多久，我刚才没听太清楚,LLM_SYNTHETIC_SPOKEN_BASE,SYNTHETIC_TEXT
m3sbv1_012879,她我确认一下确认一下是不是已经下单了，免得后面又要重新弄,LLM_SYNTHETIC_SPOKEN_BASE,SYNTHETIC_TEXT
m3sbv1_012880,麻烦你问一下还能不能加一个人，那边这边好安排,LLM_SYNTHETIC_SPOKEN_BASE,SYNTHETIC_TEXT
m3sbv1_012881,我记得帮我把水再加一点，家里这边好安排,LLM_SYNTHETIC_SPOKEN_BASE,SYNTHETIC_TEXT
m3sbv1_012882,我确认一下看看有没有不用排队的办法，我这边好安排,LLM_SYNTHETIC_SPOKEN_BASE,SYNTHETIC_TEXT
m3sbv1_012883,等一下我觉得确认一下退房时间是几点我有点不确定,LLM_SYNTHETIC_SPOKEN_BASE,SYNTHETIC_TEXT
m3sbv1_012884,这边刚才帮我看看这个号码对不对我有点不确定,LLM_SYNTHETIC_SPOKEN_BASE,SYNTHETIC_TEXT
m3sbv1_012885,公司我听说帮我确认一下下一站在哪里，免得后面又要重新弄,LLM_SYNTHETIC_SPOKEN_BASE,SYNTHETIC_TEXT
m3sbv1_012886,我确认一下看看这个杯子是不是我的，家里这边好安排,LLM_SYNTHETIC_SPOKEN_BASE,SYNTHETIC_TEXT
m3sbv1_012887,麻烦你到的时候给我发个消息，那边这边好安排,LLM_SYNTHETIC_SPOKEN_BASE,SYNTHETIC_TEXT
m3sbv1_012888,一会儿感觉问一下这个能不能少放一点盐就行,LLM_SYNTHETIC_SPOKEN_BASE,SYNTHETIC_TEXT
m3sbv1_012889,麻烦你别着急我们按顺序来，我刚才没听太清楚,LLM_SYNTHETIC_SPOKEN_BASE,SYNTHETIC_TEXT
m3sbv1_012890,一会儿先别急，看看空调能不能调高一点再继续,LLM_SYNTHETIC_SPOKEN_BASE,SYNTHETIC_TEXT
m3sbv1_012891,你们到时候把位置发给我我自己过去我再决定,LLM_SYNTHETIC_SPOKEN_BASE,SYNTHETIC_TEXT
m3sbv1_012892,现场这边没别的要求，帮我确认一下下一站在哪里就可以,LLM_SYNTHETIC_SPOKEN_BASE,SYNTHETIC_TEXT
m3sbv1_012893,我听说确认一下名字有没有写错，那边这边好安排,LLM_SYNTHETIC_SPOKEN_BASE,SYNTHETIC_TEXT
m3sbv1_012894,我确认一下先别取消我再确认一下，我刚才没听太清楚,LLM_SYNTHETIC_SPOKEN_BASE,SYNTHETIC_TEXT
m3sbv1_012895,刚才可能问一下这个能不能少放一点盐别弄错了,LLM_SYNTHETIC_SPOKEN_BASE,SYNTHETIC_TEXT
m3sbv1_012896,到时候我觉得把刚才那条消息再发我一次我有点不确定,LLM_SYNTHETIC_SPOKEN_BASE,SYNTHETIC_TEXT
m3sbv1_012897,应该把地址再确认一下，我刚才没听太清楚,LLM_SYNTHETIC_SPOKEN_BASE,SYNTHETIC_TEXT
m3sbv1_012898,看起来确认一下车是不是停在外面，家里这边好安排,LLM_SYNTHETIC_SPOKEN_BASE,SYNTHETIC_TEXT
m3sbv1_012899,等一下我估计看看谁还没有回复吧,LLM_SYNTHETIC_SPOKEN_BASE,SYNTHETIC_TEXT
m3sbv1_012900,等一下确认一下是不是已经付过了，我确认完再跟你说,LLM_SYNTHETIC_SPOKEN_BASE,SYNTHETIC_TEXT
m3sbv1_012901,最近试一下重新打开能不能用，我确认完再跟你说,LLM_SYNTHETIC_SPOKEN_BASE,SYNTHETIC_TEXT
m3sbv1_012902,这边最近确认一下灯是不是都关了就行,LLM_SYNTHETIC_SPOKEN_BASE,SYNTHETIC_TEXT
m3sbv1_012903,昨天好像帮我查一下刚才是哪一步失败了是不是,LLM_SYNTHETIC_SPOKEN_BASE,SYNTHETIC_TEXT
m3sbv1_012904,问一下能不能晚一点回来，有变化的话提前告诉我,LLM_SYNTHETIC_SPOKEN_BASE,SYNTHETIC_TEXT
m3sbv1_012905,我听说看看谁还没有回复，我刚才没听太清楚,LLM_SYNTHETIC_SPOKEN_BASE,SYNTHETIC_TEXT
m3sbv1_012906,我确认一下试一下重新打开能不能用，这边这边好安排,LLM_SYNTHETIC_SPOKEN_BASE,SYNTHETIC_TEXT
m3sbv1_012907,晚一点先别急，别着急我们按顺序来再继续,LLM_SYNTHETIC_SPOKEN_BASE,SYNTHETIC_TEXT
m3sbv1_012908,这边这边没别的要求，确认一下文件有没有传成功就可以,LLM_SYNTHETIC_SPOKEN_BASE,SYNTHETIC_TEXT
m3sbv1_012909,昨天看看空调能不能调高一点，我确认完再跟你说,LLM_SYNTHETIC_SPOKEN_BASE,SYNTHETIC_TEXT
m3sbv1_012910,今天确认一下是不是从这里集合，我确认完再跟你说,LLM_SYNTHETIC_SPOKEN_BASE,SYNTHETIC_TEXT
m3sbv1_012911,晚一点看看有没有更早一点的时间，我确认完再跟你说,LLM_SYNTHETIC_SPOKEN_BASE,SYNTHETIC_TEXT
m3sbv1_012912,我确认一下看看能不能多拿一条毛巾，我刚才没听太清楚,LLM_SYNTHETIC_SPOKEN_BASE,SYNTHETIC_TEXT
m3sbv1_012913,感觉帮我找一下充电线放哪了，他们这边好安排,LLM_SYNTHETIC_SPOKEN_BASE,SYNTHETIC_TEXT
m3sbv1_012914,明天我觉得把刚才那条消息再发我一次,LLM_SYNTHETIC_SPOKEN_BASE,SYNTHETIC_TEXT
m3sbv1_012915,她麻烦你看看能不能换成小份，免得后面又要重新弄,LLM_SYNTHETIC_SPOKEN_BASE,SYNTHETIC_TEXT
m3sbv1_012916,最近先别急，看看这个接口是不是又报错了再继续,LLM_SYNTHETIC_SPOKEN_BASE,SYNTHETIC_TEXT
m3sbv1_012917,后面早一点帮我问一下还有没有空位我怕等会儿忘了,LLM_SYNTHETIC_SPOKEN_BASE,SYNTHETIC_TEXT
m3sbv1_012918,他早一点看看钥匙是不是还在车里可以吗,LLM_SYNTHETIC_SPOKEN_BASE,SYNTHETIC_TEXT
m3sbv1_012919,好像别着急我们按顺序来，你们这边好安排,LLM_SYNTHETIC_SPOKEN_BASE,SYNTHETIC_TEXT
m3sbv1_012920,我我确认一下确认一下入口是不是在这边，免得后面又要重新弄,LLM_SYNTHETIC_SPOKEN_BASE,SYNTHETIC_TEXT
m3sbv1_012921,最近麻烦你确认一下今天是不是正常营业,LLM_SYNTHETIC_SPOKEN_BASE,SYNTHETIC_TEXT
m3sbv1_012922,我想问一下帮我把重复的内容删掉，我刚才没听太清楚,LLM_SYNTHETIC_SPOKEN_BASE,SYNTHETIC_TEXT
m3sbv1_012923,我们昨天看看有没有影响到别的模块然后告诉我,LLM_SYNTHETIC_SPOKEN_BASE,SYNTHETIC_TEXT
m3sbv1_012924,到时候应该问一下还能不能加一个人我怕等会儿忘了,LLM_SYNTHETIC_SPOKEN_BASE,SYNTHETIC_TEXT
m3sbv1_012925,好像帮我拿一下旁边那个袋子，你们这边好安排,LLM_SYNTHETIC_SPOKEN_BASE,SYNTHETIC_TEXT
m3sbv1_012926,他们我确认一下确认一下轮胎是不是有点软，免得后面又要重新弄,LLM_SYNTHETIC_SPOKEN_BASE,SYNTHETIC_TEXT
m3sbv1_012927,我想问一下帮我把水再加一点，我刚才没听太清楚,LLM_SYNTHETIC_SPOKEN_BASE,SYNTHETIC_TEXT
m3sbv1_012928,应该确认一下这份文件是不是最终版，你这边好安排,LLM_SYNTHETIC_SPOKEN_BASE,SYNTHETIC_TEXT
m3sbv1_012929,我想问一下确认一下是不是已经下单了，我刚才没听太清楚,LLM_SYNTHETIC_SPOKEN_BASE,SYNTHETIC_TEXT
m3sbv1_012930,店里可能看看这个接口是不是又报错了，免得后面又要重新弄,LLM_SYNTHETIC_SPOKEN_BASE,SYNTHETIC_TEXT
m3sbv1_012931,看起来确认一下是不是从这里集合，那边这边好安排,LLM_SYNTHETIC_SPOKEN_BASE,SYNTHETIC_TEXT
m3sbv1_012932,等一下先别急，帮我把重复的内容删掉再继续,LLM_SYNTHETIC_SPOKEN_BASE,SYNTHETIC_TEXT
m3sbv1_012933,我现在问一下还能不能加一个人吧,LLM_SYNTHETIC_SPOKEN_BASE,SYNTHETIC_TEXT
m3sbv1_012934,现场这两天先把这个问题单独记录下来行不行,LLM_SYNTHETIC_SPOKEN_BASE,SYNTHETIC_TEXT
m3sbv1_012935,应该确认一下文件有没有传成功，我这边好安排,LLM_SYNTHETIC_SPOKEN_BASE,SYNTHETIC_TEXT
m3sbv1_012936,可能帮我看看这个零件是不是松了，我这边好安排,LLM_SYNTHETIC_SPOKEN_BASE,SYNTHETIC_TEXT
m3sbv1_012937,麻烦你别着急我们按顺序来，这边这边好安排,LLM_SYNTHETIC_SPOKEN_BASE,SYNTHETIC_TEXT
m3sbv1_012938,帮我听一下这个声音正不正常，有变化的话提前告诉我,LLM_SYNTHETIC_SPOKEN_BASE,SYNTHETIC_TEXT
m3sbv1_012939,后面这边没别的要求，帮我找一下充电线放哪了就可以,LLM_SYNTHETIC_SPOKEN_BASE,SYNTHETIC_TEXT
m3sbv1_012940,公司我想问一下帮我看看行李放在哪里，免得后面又要重新弄,LLM_SYNTHETIC_SPOKEN_BASE,SYNTHETIC_TEXT
m3sbv1_012941,后面一会儿把这个先放到后面处理别弄错了,LLM_SYNTHETIC_SPOKEN_BASE,SYNTHETIC_TEXT
m3sbv1_012942,我觉得看看有没有不用排队的办法，我刚才没听太清楚,LLM_SYNTHETIC_SPOKEN_BASE,SYNTHETIC_TEXT
m3sbv1_012943,现场我想问一下别着急我们按顺序来，免得后面又要重新弄,LLM_SYNTHETIC_SPOKEN_BASE,SYNTHETIC_TEXT
m3sbv1_012944,今天好像看看前面能不能掉头我想先确认清楚,LLM_SYNTHETIC_SPOKEN_BASE,SYNTHETIC_TEXT
m3sbv1_012945,明天应该看看有没有更早一点的时间我怕等会儿忘了,LLM_SYNTHETIC_SPOKEN_BASE,SYNTHETIC_TEXT
m3sbv1_012946,我觉得帮我把水再加一点，那边这边好安排,LLM_SYNTHETIC_SPOKEN_BASE,SYNTHETIC_TEXT
m3sbv1_012947,到时候帮我看看日志里有没有异常，我确认完再跟你说,LLM_SYNTHETIC_SPOKEN_BASE,SYNTHETIC_TEXT
m3sbv1_012948,你们早一点帮我换一个安静一点的位置我有点不确定,LLM_SYNTHETIC_SPOKEN_BASE,SYNTHETIC_TEXT
m3sbv1_012949,这边看起来帮我看看这个号码对不对，免得后面又要重新弄,LLM_SYNTHETIC_SPOKEN_BASE,SYNTHETIC_TEXT
m3sbv1_012950,我确认一下帮我看看这个零件是不是松了，店里这边好安排,LLM_SYNTHETIC_SPOKEN_BASE,SYNTHETIC_TEXT
m3sbv1_012951,现场这边没别的要求，问一下这个能不能少放一点盐就可以,LLM_SYNTHETIC_SPOKEN_BASE,SYNTHETIC_TEXT
m3sbv1_012952,她这边没别的要求，问一下能不能晚一点回来就可以,LLM_SYNTHETIC_SPOKEN_BASE,SYNTHETIC_TEXT
m3sbv1_012953,我们这边没别的要求，看看是不是还少了什么就可以,LLM_SYNTHETIC_SPOKEN_BASE,SYNTHETIC_TEXT
m3sbv1_012954,我确认一下帮我把重复的内容删掉，我刚才没听太清楚,LLM_SYNTHETIC_SPOKEN_BASE,SYNTHETIC_TEXT
m3sbv1_012955,等一下我记得看看前面能不能掉头行不行,LLM_SYNTHETIC_SPOKEN_BASE,SYNTHETIC_TEXT
m3sbv1_012956,我想问一下把刚才那条消息再发我一次，我刚才没听太清楚,LLM_SYNTHETIC_SPOKEN_BASE,SYNTHETIC_TEXT
m3sbv1_012957,前面可能帮我把重复的内容删掉，免得后面又要重新弄,LLM_SYNTHETIC_SPOKEN_BASE,SYNTHETIC_TEXT
m3sbv1_012958,好像看看有没有不用排队的办法，后面这边好安排,LLM_SYNTHETIC_SPOKEN_BASE,SYNTHETIC_TEXT
m3sbv1_012959,最近先别急，看看有没有影响到别的模块再继续,LLM_SYNTHETIC_SPOKEN_BASE,SYNTHETIC_TEXT
m3sbv1_012960,晚一点先别急，帮我看看这个号码对不对再继续,LLM_SYNTHETIC_SPOKEN_BASE,SYNTHETIC_TEXT
m3sbv1_012961,刚才先别急，把门先关一下有点冷再继续,LLM_SYNTHETIC_SPOKEN_BASE,SYNTHETIC_TEXT
m3sbv1_012962,他到时候到的时候给我发个消息我怕等会儿忘了,LLM_SYNTHETIC_SPOKEN_BASE,SYNTHETIC_TEXT
m3sbv1_012963,我想问一下看一下这个是不是放错地方了，公司这边好安排,LLM_SYNTHETIC_SPOKEN_BASE,SYNTHETIC_TEXT
m3sbv1_012964,麻烦你帮我找一下刚才那个页面，那边这边好安排,LLM_SYNTHETIC_SPOKEN_BASE,SYNTHETIC_TEXT
m3sbv1_012965,他们可能看看油还够不够，免得后面又要重新弄,LLM_SYNTHETIC_SPOKEN_BASE,SYNTHETIC_TEXT
m3sbv1_012966,现在好像帮我确认一下房间准备好了没有是不是,LLM_SYNTHETIC_SPOKEN_BASE,SYNTHETIC_TEXT
m3sbv1_012967,他们这边没别的要求，帮我看看这个号码对不对就可以,LLM_SYNTHETIC_SPOKEN_BASE,SYNTHETIC_TEXT
m3sbv1_012968,他可能看看钥匙是不是还在车里，免得后面又要重新弄,LLM_SYNTHETIC_SPOKEN_BASE,SYNTHETIC_TEXT
m3sbv1_012969,先先别急，确认一下停车要不要付费再继续,LLM_SYNTHETIC_SPOKEN_BASE,SYNTHETIC_TEXT
m3sbv1_012970,先先别急，别着急我们按顺序来再继续,LLM_SYNTHETIC_SPOKEN_BASE,SYNTHETIC_TEXT
m3sbv1_012971,我觉得看看还有没有漏掉的步骤，我刚才没听太清楚,LLM_SYNTHETIC_SPOKEN_BASE,SYNTHETIC_TEXT
m3sbv1_012972,可能确认一下这份文件是不是最终版，他这边好安排,LLM_SYNTHETIC_SPOKEN_BASE,SYNTHETIC_TEXT
m3sbv1_012973,现在看看前面是不是要左转，我确认完再跟你说,LLM_SYNTHETIC_SPOKEN_BASE,SYNTHETIC_TEXT
m3sbv1_012974,这两天感觉问一下回来的车几点出发别弄错了,LLM_SYNTHETIC_SPOKEN_BASE,SYNTHETIC_TEXT
m3sbv1_012975,你这边没别的要求，看看油还够不够就可以,LLM_SYNTHETIC_SPOKEN_BASE,SYNTHETIC_TEXT
m3sbv1_012976,帮我找一下刚才那个页面，如果不行就先别改,LLM_SYNTHETIC_SPOKEN_BASE,SYNTHETIC_TEXT
m3sbv1_012977,最近麻烦你问一下还能不能加一个人我再决定,LLM_SYNTHETIC_SPOKEN_BASE,SYNTHETIC_TEXT
m3sbv1_012978,等一下我想问一下看看前面能不能掉头行不行,LLM_SYNTHETIC_SPOKEN_BASE,SYNTHETIC_TEXT
m3sbv1_012979,我估计看看空调能不能调高一点，我刚才没听太清楚,LLM_SYNTHETIC_SPOKEN_BASE,SYNTHETIC_TEXT
m3sbv1_012980,早一点先把现在的结果保存下来，我确认完再跟你说,LLM_SYNTHETIC_SPOKEN_BASE,SYNTHETIC_TEXT
m3sbv1_012981,到时候先别急，先把旧的那套逻辑放一边再继续,LLM_SYNTHETIC_SPOKEN_BASE,SYNTHETIC_TEXT
m3sbv1_012982,明天我听说确认一下这个功能是不是已经关掉了行不行,LLM_SYNTHETIC_SPOKEN_BASE,SYNTHETIC_TEXT
m3sbv1_012983,看起来看看这个版本是不是最新的，你们这边好安排,LLM_SYNTHETIC_SPOKEN_BASE,SYNTHETIC_TEXT
m3sbv1_012984,他们感觉看看是不是网络又断了，免得后面又要重新弄,LLM_SYNTHETIC_SPOKEN_BASE,SYNTHETIC_TEXT
m3sbv1_012985,晚一点告诉我大概还要多久，我确认完再跟你说,LLM_SYNTHETIC_SPOKEN_BASE,SYNTHETIC_TEXT
m3sbv1_012986,你们一会儿看看导航是不是带错路了吧,LLM_SYNTHETIC_SPOKEN_BASE,SYNTHETIC_TEXT
m3sbv1_012987,今天可能帮我看看行李放在哪里别弄错了,LLM_SYNTHETIC_SPOKEN_BASE,SYNTHETIC_TEXT
m3sbv1_012988,后面这边没别的要求，确认一下这个功能是不是已经关掉了就可以,LLM_SYNTHETIC_SPOKEN_BASE,SYNTHETIC_TEXT
m3sbv1_012989,前面这两天看看是不是配置没有生效然后告诉我,LLM_SYNTHETIC_SPOKEN_BASE,SYNTHETIC_TEXT
m3sbv1_012990,我估计帮我找一下充电线放哪了，他这边好安排,LLM_SYNTHETIC_SPOKEN_BASE,SYNTHETIC_TEXT
m3sbv1_012991,昨天感觉看看有没有更早一点的时间行不行,LLM_SYNTHETIC_SPOKEN_BASE,SYNTHETIC_TEXT
m3sbv1_012992,最近我记得把这个问题先记到清单里行不行,LLM_SYNTHETIC_SPOKEN_BASE,SYNTHETIC_TEXT
m3sbv1_012993,他们这边没别的要求，看看是不是选错选项了就可以,LLM_SYNTHETIC_SPOKEN_BASE,SYNTHETIC_TEXT
m3sbv1_012994,先先别急，看看前面是不是要左转再继续,LLM_SYNTHETIC_SPOKEN_BASE,SYNTHETIC_TEXT
m3sbv1_012995,晚一点确认一下停车要不要付费，我确认完再跟你说,LLM_SYNTHETIC_SPOKEN_BASE,SYNTHETIC_TEXT
m3sbv1_012996,感觉先别取消我再确认一下，他这边好安排,LLM_SYNTHETIC_SPOKEN_BASE,SYNTHETIC_TEXT
m3sbv1_012997,好像把声音稍微调小一点，后面这边好安排,LLM_SYNTHETIC_SPOKEN_BASE,SYNTHETIC_TEXT
m3sbv1_012998,刚才看看有没有影响到别的模块，我确认完再跟你说,LLM_SYNTHETIC_SPOKEN_BASE,SYNTHETIC_TEXT
m3sbv1_012999,现在我估计试一下重新打开能不能用我想先确认清楚,LLM_SYNTHETIC_SPOKEN_BASE,SYNTHETIC_TEXT
m3sbv1_013000,公司之前确认一下退房时间是几点行不行,LLM_SYNTHETIC_SPOKEN_BASE,SYNTHETIC_TEXT
m3sbv1_013001,我觉得问一下还能不能加一个人，你们这边好安排,LLM_SYNTHETIC_SPOKEN_BASE,SYNTHETIC_TEXT
m3sbv1_013002,最近先别急，试一下重新打开能不能用再继续,LLM_SYNTHETIC_SPOKEN_BASE,SYNTHETIC_TEXT
m3sbv1_013003,之前麻烦你确认一下测试结果有没有更新然后告诉我,LLM_SYNTHETIC_SPOKEN_BASE,SYNTHETIC_TEXT
m3sbv1_013004,他麻烦你帮我看看这个号码对不对，免得后面又要重新弄,LLM_SYNTHETIC_SPOKEN_BASE,SYNTHETIC_TEXT
m3sbv1_013005,之前确认一下是不是已经下单了，我确认完再跟你说,LLM_SYNTHETIC_SPOKEN_BASE,SYNTHETIC_TEXT
m3sbv1_013006,我想问一下先别取消我再确认一下，你们这边好安排,LLM_SYNTHETIC_SPOKEN_BASE,SYNTHETIC_TEXT
m3sbv1_013007,现在先别急，先把这一项记下来再继续,LLM_SYNTHETIC_SPOKEN_BASE,SYNTHETIC_TEXT
m3sbv1_013008,我估计帮我换一个安静一点的位置，这边这边好安排,LLM_SYNTHETIC_SPOKEN_BASE,SYNTHETIC_TEXT
m3sbv1_013009,她这边没别的要求，帮我看看为什么还没收到就可以,LLM_SYNTHETIC_SPOKEN_BASE,SYNTHETIC_TEXT
m3sbv1_013010,应该看看数据是不是重复了，他这边好安排,LLM_SYNTHETIC_SPOKEN_BASE,SYNTHETIC_TEXT
m3sbv1_013011,你昨天看看前面是不是要左转吧,LLM_SYNTHETIC_SPOKEN_BASE,SYNTHETIC_TEXT
m3sbv1_013012,麻烦你确认一下灯是不是都关了，前面这边好安排,LLM_SYNTHETIC_SPOKEN_BASE,SYNTHETIC_TEXT
m3sbv1_013013,她晚一点看看能不能把时间往后挪一点然后告诉我,LLM_SYNTHETIC_SPOKEN_BASE,SYNTHETIC_TEXT
m3sbv1_013014,这两天先别急，确认一下退房时间是几点再继续,LLM_SYNTHETIC_SPOKEN_BASE,SYNTHETIC_TEXT
m3sbv1_013015,今天先别急，帮我看看附近有没有停车位再继续,LLM_SYNTHETIC_SPOKEN_BASE,SYNTHETIC_TEXT
m3sbv1_013016,后面我听说问一下早餐几点开始，免得后面又要重新弄,LLM_SYNTHETIC_SPOKEN_BASE,SYNTHETIC_TEXT
m3sbv1_013017,最近先别急，确认一下灯是不是都关了再继续,LLM_SYNTHETIC_SPOKEN_BASE,SYNTHETIC_TEXT
m3sbv1_013018,我记得把最新版本发给我看一下，公司这边好安排,LLM_SYNTHETIC_SPOKEN_BASE,SYNTHETIC_TEXT
m3sbv1_013019,前面早一点帮我看看行李放在哪里吧,LLM_SYNTHETIC_SPOKEN_BASE,SYNTHETIC_TEXT
m3sbv1_013020,他早一点确认一下名字有没有写错我想先确认清楚,LLM_SYNTHETIC_SPOKEN_BASE,SYNTHETIC_TEXT
m3sbv1_013021,我觉得看看谁还没有回复，后面这边好安排,LLM_SYNTHETIC_SPOKEN_BASE,SYNTHETIC_TEXT
m3sbv1_013022,前面我估计确认一下这份文件是不是最终版，免得后面又要重新弄,LLM_SYNTHETIC_SPOKEN_BASE,SYNTHETIC_TEXT
m3sbv1_013023,早一点麻烦你看看这个结果和昨天是不是一样行不行,LLM_SYNTHETIC_SPOKEN_BASE,SYNTHETIC_TEXT
m3sbv1_013024,那边最近看看有没有更早一点的时间我有点不确定,LLM_SYNTHETIC_SPOKEN_BASE,SYNTHETIC_TEXT
m3sbv1_013025,我们先先把现在的结果保存下来吧,LLM_SYNTHETIC_SPOKEN_BASE,SYNTHETIC_TEXT
m3sbv1_013026,家里最近帮我找一下刚才那个页面,LLM_SYNTHETIC_SPOKEN_BASE,SYNTHETIC_TEXT
m3sbv1_013027,麻烦你帮我问一下还有没有空位，我这边好安排,LLM_SYNTHETIC_SPOKEN_BASE,SYNTHETIC_TEXT
m3sbv1_013028,最近我确认一下确认一下车是不是停在外面是不是,LLM_SYNTHETIC_SPOKEN_BASE,SYNTHETIC_TEXT
m3sbv1_013029,后面感觉确认一下退房时间是几点，免得后面又要重新弄,LLM_SYNTHETIC_SPOKEN_BASE,SYNTHETIC_TEXT
m3sbv1_013030,这边这边没别的要求，帮我看看为什么还没收到就可以,LLM_SYNTHETIC_SPOKEN_BASE,SYNTHETIC_TEXT
m3sbv1_013031,可能确认一下是不是同一个订单，我这边好安排,LLM_SYNTHETIC_SPOKEN_BASE,SYNTHETIC_TEXT
m3sbv1_013032,你到时候先别取消我再确认一下是不是,LLM_SYNTHETIC_SPOKEN_BASE,SYNTHETIC_TEXT
m3sbv1_013033,应该问一下这个能不能少放一点盐，我刚才没听太清楚,LLM_SYNTHETIC_SPOKEN_BASE,SYNTHETIC_TEXT
m3sbv1_013034,要是方便的话帮我把重复的内容删掉，不用特意等我,LLM_SYNTHETIC_SPOKEN_BASE,SYNTHETIC_TEXT
m3sbv1_013035,这边应该试一下重新打开能不能用，免得后面又要重新弄,LLM_SYNTHETIC_SPOKEN_BASE,SYNTHETIC_TEXT
m3sbv1_013036,我确认一下确认一下会议是不是改到下午了，我刚才没听太清楚,LLM_SYNTHETIC_SPOKEN_BASE,SYNTHETIC_TEXT
m3sbv1_013037,到时候我估计确认一下要不要提前预约吧,LLM_SYNTHETIC_SPOKEN_BASE,SYNTHETIC_TEXT
m3sbv1_013038,看起来看看这个东西应该放哪里，他们这边好安排,LLM_SYNTHETIC_SPOKEN_BASE,SYNTHETIC_TEXT
m3sbv1_013039,刚才先别急，确认一下是不是同一个订单再继续,LLM_SYNTHETIC_SPOKEN_BASE,SYNTHETIC_TEXT
m3sbv1_013040,看起来确认一下入口是不是在这边，家里这边好安排,LLM_SYNTHETIC_SPOKEN_BASE,SYNTHETIC_TEXT
m3sbv1_013041,好像帮我看看行李放在哪里，店里这边好安排,LLM_SYNTHETIC_SPOKEN_BASE,SYNTHETIC_TEXT
m3sbv1_013042,你这两天帮我看看这个菜里面有没有辣椒别弄错了,LLM_SYNTHETIC_SPOKEN_BASE,SYNTHETIC_TEXT
m3sbv1_013043,家里可能帮我把需要验证的地方列出来，免得后面又要重新弄,LLM_SYNTHETIC_SPOKEN_BASE,SYNTHETIC_TEXT
m3sbv1_013044,我这两天看看谁还没有回复就行,LLM_SYNTHETIC_SPOKEN_BASE,SYNTHETIC_TEXT
m3sbv1_013045,晚一点先别急，确认一下测试结果有没有更新再继续,LLM_SYNTHETIC_SPOKEN_BASE,SYNTHETIC_TEXT
m3sbv1_013046,他感觉把最新版本发给我看一下，免得后面又要重新弄,LLM_SYNTHETIC_SPOKEN_BASE,SYNTHETIC_TEXT
m3sbv1_013047,刚才问一下能不能晚一点回来，我确认完再跟你说,LLM_SYNTHETIC_SPOKEN_BASE,SYNTHETIC_TEXT
m3sbv1_013048,早一点先别急，确认一下服务有没有启动再继续,LLM_SYNTHETIC_SPOKEN_BASE,SYNTHETIC_TEXT
m3sbv1_013049,一会儿我确认一下帮我听一下这个声音正不正常然后告诉我,LLM_SYNTHETIC_SPOKEN_BASE,SYNTHETIC_TEXT
m3sbv1_013050,后面这边没别的要求，确认一下今天是不是正常营业就可以,LLM_SYNTHETIC_SPOKEN_BASE,SYNTHETIC_TEXT
m3sbv1_013051,等一下帮我问一下还有没有空位，我确认完再跟你说,LLM_SYNTHETIC_SPOKEN_BASE,SYNTHETIC_TEXT
m3sbv1_013052,确认一下时间有没有改以后跟我说一声就行,LLM_SYNTHETIC_SPOKEN_BASE,SYNTHETIC_TEXT
m3sbv1_013053,他们等一下再检查一遍有没有问题行不行,LLM_SYNTHETIC_SPOKEN_BASE,SYNTHETIC_TEXT
m3sbv1_013054,麻烦你问一下他们什么时候能到，她这边好安排,LLM_SYNTHETIC_SPOKEN_BASE,SYNTHETIC_TEXT
m3sbv1_013055,现场这边没别的要求，帮我找一下充电线放哪了就可以,LLM_SYNTHETIC_SPOKEN_BASE,SYNTHETIC_TEXT
m3sbv1_013056,家里刚才确认一下这份文件是不是最终版吧,LLM_SYNTHETIC_SPOKEN_BASE,SYNTHETIC_TEXT
m3sbv1_013057,感觉确认一下灯是不是都关了，店里这边好安排,LLM_SYNTHETIC_SPOKEN_BASE,SYNTHETIC_TEXT
m3sbv1_013058,我觉得确认一下是不是已经下单了，店里这边好安排,LLM_SYNTHETIC_SPOKEN_BASE,SYNTHETIC_TEXT
m3sbv1_013059,他到时候帮我确认一下房间准备好了没有行不行,LLM_SYNTHETIC_SPOKEN_BASE,SYNTHETIC_TEXT
m3sbv1_013060,晚一点先别急，确认一下车是不是停在外面再继续,LLM_SYNTHETIC_SPOKEN_BASE,SYNTHETIC_TEXT
m3sbv1_013061,现在先别急，帮我确认一下下一站在哪里再继续,LLM_SYNTHETIC_SPOKEN_BASE,SYNTHETIC_TEXT
m3sbv1_013062,帮我问一下现在还能不能改以后跟我说一声就行,LLM_SYNTHETIC_SPOKEN_BASE,SYNTHETIC_TEXT
m3sbv1_013063,店里这边没别的要求，看看是不是还少了什么就可以,LLM_SYNTHETIC_SPOKEN_BASE,SYNTHETIC_TEXT
m3sbv1_013064,之前先别急，看看有没有影响到别的模块再继续,LLM_SYNTHETIC_SPOKEN_BASE,SYNTHETIC_TEXT
m3sbv1_013065,前面好像问一下还能不能加一个人，免得后面又要重新弄,LLM_SYNTHETIC_SPOKEN_BASE,SYNTHETIC_TEXT
m3sbv1_013066,看起来问一下他们什么时候能到，我刚才没听太清楚,LLM_SYNTHETIC_SPOKEN_BASE,SYNTHETIC_TEXT
m3sbv1_013067,后面到时候看看有没有更早一点的时间我想先确认清楚,LLM_SYNTHETIC_SPOKEN_BASE,SYNTHETIC_TEXT
m3sbv1_013068,她这边没别的要求，把这个问题先记到清单里就可以,LLM_SYNTHETIC_SPOKEN_BASE,SYNTHETIC_TEXT
m3sbv1_013069,我们我估计先把旧的那套逻辑放一边，免得后面又要重新弄,LLM_SYNTHETIC_SPOKEN_BASE,SYNTHETIC_TEXT
m3sbv1_013070,我听说确认一下是不是已经付过了，现场这边好安排,LLM_SYNTHETIC_SPOKEN_BASE,SYNTHETIC_TEXT
m3sbv1_013071,你刚才把门先关一下有点冷我怕等会儿忘了,LLM_SYNTHETIC_SPOKEN_BASE,SYNTHETIC_TEXT
m3sbv1_013072,你们看起来把这个先放到后面处理，免得后面又要重新弄,LLM_SYNTHETIC_SPOKEN_BASE,SYNTHETIC_TEXT
m3sbv1_013073,后面最近帮我问一下还有没有空位吧,LLM_SYNTHETIC_SPOKEN_BASE,SYNTHETIC_TEXT
m3sbv1_013074,可能先把这个问题单独记录下来，现场这边好安排,LLM_SYNTHETIC_SPOKEN_BASE,SYNTHETIC_TEXT
m3sbv1_013075,我听说看看这个结果和昨天是不是一样，我刚才没听太清楚,LLM_SYNTHETIC_SPOKEN_BASE,SYNTHETIC_TEXT
m3sbv1_013076,要是方便的话帮我拿一下旁边那个袋子，不用特意等我,LLM_SYNTHETIC_SPOKEN_BASE,SYNTHETIC_TEXT
m3sbv1_013077,最近先别急，别着急我们按顺序来再继续,LLM_SYNTHETIC_SPOKEN_BASE,SYNTHETIC_TEXT
m3sbv1_013078,她看起来帮我看看这个菜里面有没有辣椒，免得后面又要重新弄,LLM_SYNTHETIC_SPOKEN_BASE,SYNTHETIC_TEXT
m3sbv1_013079,晚一点我确认一下确认一下文件有没有传成功别弄错了,LLM_SYNTHETIC_SPOKEN_BASE,SYNTHETIC_TEXT
m3sbv1_013080,你们这边没别的要求，看看能不能把时间往后挪一点就可以,LLM_SYNTHETIC_SPOKEN_BASE,SYNTHETIC_TEXT
m3sbv1_013081,我听说确认一下是不是从这里集合，他这边好安排,LLM_SYNTHETIC_SPOKEN_BASE,SYNTHETIC_TEXT
m3sbv1_013082,你等一下帮我确认一下下一站在哪里我想先确认清楚,LLM_SYNTHETIC_SPOKEN_BASE,SYNTHETIC_TEXT
m3sbv1_013083,家里现在帮我查一下刚才是哪一步失败了吧,LLM_SYNTHETIC_SPOKEN_BASE,SYNTHETIC_TEXT
m3sbv1_013084,店里这边没别的要求，先把现在的结果保存下来就可以,LLM_SYNTHETIC_SPOKEN_BASE,SYNTHETIC_TEXT
m3sbv1_013085,前面这边没别的要求，看看前面能不能掉头就可以,LLM_SYNTHETIC_SPOKEN_BASE,SYNTHETIC_TEXT
m3sbv1_013086,昨天我记得确认一下要不要提前预约我再决定,LLM_SYNTHETIC_SPOKEN_BASE,SYNTHETIC_TEXT
m3sbv1_013087,这边我听说看看钥匙是不是还在车里，免得后面又要重新弄,LLM_SYNTHETIC_SPOKEN_BASE,SYNTHETIC_TEXT
m3sbv1_013088,最近先把这一项记下来，我确认完再跟你说,LLM_SYNTHETIC_SPOKEN_BASE,SYNTHETIC_TEXT
m3sbv1_013089,这两天我确认一下看看数据是不是重复了然后告诉我,LLM_SYNTHETIC_SPOKEN_BASE,SYNTHETIC_TEXT
m3sbv1_013090,他们等一下看看是不是网络又断了,LLM_SYNTHETIC_SPOKEN_BASE,SYNTHETIC_TEXT
m3sbv1_013091,一会儿确认一下是不是同一个订单，我确认完再跟你说,LLM_SYNTHETIC_SPOKEN_BASE,SYNTHETIC_TEXT
m3sbv1_013092,昨天我记得看看是不是选错选项了是不是,LLM_SYNTHETIC_SPOKEN_BASE,SYNTHETIC_TEXT
m3sbv1_013093,后面明天看看是不是网络又断了我怕等会儿忘了,LLM_SYNTHETIC_SPOKEN_BASE,SYNTHETIC_TEXT
m3sbv1_013094,这边先把刚才那条消息再发我一次是不是,LLM_SYNTHETIC_SPOKEN_BASE,SYNTHETIC_TEXT
m3sbv1_013095,一会儿应该帮我找一下刚才那个页面行不行,LLM_SYNTHETIC_SPOKEN_BASE,SYNTHETIC_TEXT
m3sbv1_013096,前面早一点看看数据是不是重复了我再决定,LLM_SYNTHETIC_SPOKEN_BASE,SYNTHETIC_TEXT
m3sbv1_013097,麻烦你问一下回来的车几点出发，我这边好安排,LLM_SYNTHETIC_SPOKEN_BASE,SYNTHETIC_TEXT
m3sbv1_013098,这两天先别急，告诉我大概还要多久再继续,LLM_SYNTHETIC_SPOKEN_BASE,SYNTHETIC_TEXT
m3sbv1_013099,今天先别急，确认一下是不是同一个订单再继续,LLM_SYNTHETIC_SPOKEN_BASE,SYNTHETIC_TEXT
m3sbv1_013100,麻烦你确认一下今天是不是正常营业，他们这边好安排,LLM_SYNTHETIC_SPOKEN_BASE,SYNTHETIC_TEXT
m3sbv1_013101,她我估计到的时候给我发个消息，免得后面又要重新弄,LLM_SYNTHETIC_SPOKEN_BASE,SYNTHETIC_TEXT
m3sbv1_013102,后面之前帮我看看这个号码对不对别弄错了,LLM_SYNTHETIC_SPOKEN_BASE,SYNTHETIC_TEXT
m3sbv1_013103,我确认一下把这个先留着别动，我刚才没听太清楚,LLM_SYNTHETIC_SPOKEN_BASE,SYNTHETIC_TEXT
m3sbv1_013104,麻烦你确认一下轮胎是不是有点软，这边这边好安排,LLM_SYNTHETIC_SPOKEN_BASE,SYNTHETIC_TEXT
m3sbv1_013105,刚才我估计帮我确认一下房间准备好了没有我怕等会儿忘了,LLM_SYNTHETIC_SPOKEN_BASE,SYNTHETIC_TEXT
m3sbv1_013106,家里我估计看看还有没有漏掉的步骤，免得后面又要重新弄,LLM_SYNTHETIC_SPOKEN_BASE,SYNTHETIC_TEXT
m3sbv1_013107,那边这边没别的要求，把门先关一下有点冷就可以,LLM_SYNTHETIC_SPOKEN_BASE,SYNTHETIC_TEXT
m3sbv1_013108,今天帮我确认一下负责人是谁，我确认完再跟你说,LLM_SYNTHETIC_SPOKEN_BASE,SYNTHETIC_TEXT
m3sbv1_013109,我想问一下帮我找一下刚才那个页面，我刚才没听太清楚,LLM_SYNTHETIC_SPOKEN_BASE,SYNTHETIC_TEXT
m3sbv1_013110,你们我记得确认一下是不是同一个订单，免得后面又要重新弄,LLM_SYNTHETIC_SPOKEN_BASE,SYNTHETIC_TEXT
m3sbv1_013111,刚才应该帮我问一下现在还能不能改,LLM_SYNTHETIC_SPOKEN_BASE,SYNTHETIC_TEXT
m3sbv1_013112,我听说看一下这个是不是放错地方了，我刚才没听太清楚,LLM_SYNTHETIC_SPOKEN_BASE,SYNTHETIC_TEXT
m3sbv1_013113,可能确认一下这份文件是不是最终版，我刚才没听太清楚,LLM_SYNTHETIC_SPOKEN_BASE,SYNTHETIC_TEXT
m3sbv1_013114,你这两天试一下重新打开能不能用我再决定,LLM_SYNTHETIC_SPOKEN_BASE,SYNTHETIC_TEXT
m3sbv1_013115,今天帮我听一下这个声音正不正常，我确认完再跟你说,LLM_SYNTHETIC_SPOKEN_BASE,SYNTHETIC_TEXT
m3sbv1_013116,今天先别急，帮我确认一下下一站在哪里再继续,LLM_SYNTHETIC_SPOKEN_BASE,SYNTHETIC_TEXT
m3sbv1_013117,你等一下帮我把重复的内容删掉我有点不确定,LLM_SYNTHETIC_SPOKEN_BASE,SYNTHETIC_TEXT
m3sbv1_013118,最近我想问一下看看钥匙是不是还在车里别弄错了,LLM_SYNTHETIC_SPOKEN_BASE,SYNTHETIC_TEXT
m3sbv1_013119,他们刚才确认一下要不要提前预约然后告诉我,LLM_SYNTHETIC_SPOKEN_BASE,SYNTHETIC_TEXT
m3sbv1_013120,明天先别急，看看是不是还少了什么再继续,LLM_SYNTHETIC_SPOKEN_BASE,SYNTHETIC_TEXT
m3sbv1_013121,刚才先别急，看看这个东西应该放哪里再继续,LLM_SYNTHETIC_SPOKEN_BASE,SYNTHETIC_TEXT
m3sbv1_013122,先看起来看看能不能把时间往后挪一点行不行,LLM_SYNTHETIC_SPOKEN_BASE,SYNTHETIC_TEXT
m3sbv1_013123,之前我确认一下看看油还够不够我怕等会儿忘了,LLM_SYNTHETIC_SPOKEN_BASE,SYNTHETIC_TEXT
m3sbv1_013124,看起来先把这一项记下来，他们这边好安排,LLM_SYNTHETIC_SPOKEN_BASE,SYNTHETIC_TEXT
m3sbv1_013125,晚一点我觉得帮我确认一下字段有没有变我有点不确定,LLM_SYNTHETIC_SPOKEN_BASE,SYNTHETIC_TEXT
m3sbv1_013126,家里麻烦你看看是不是配置没有生效，免得后面又要重新弄,LLM_SYNTHETIC_SPOKEN_BASE,SYNTHETIC_TEXT
m3sbv1_013127,可能确认一下退房时间是几点，店里这边好安排,LLM_SYNTHETIC_SPOKEN_BASE,SYNTHETIC_TEXT
m3sbv1_013128,后面我确认一下确认一下灯是不是都关了，免得后面又要重新弄,LLM_SYNTHETIC_SPOKEN_BASE,SYNTHETIC_TEXT
m3sbv1_013129,你们我听说看看钥匙是不是还在车里，免得后面又要重新弄,LLM_SYNTHETIC_SPOKEN_BASE,SYNTHETIC_TEXT
m3sbv1_013130,先我想问一下看看油还够不够我有点不确定,LLM_SYNTHETIC_SPOKEN_BASE,SYNTHETIC_TEXT
m3sbv1_013131,我觉得确认一下是不是从这里集合，你们这边好安排,LLM_SYNTHETIC_SPOKEN_BASE,SYNTHETIC_TEXT
m3sbv1_013132,感觉把这个先放到后面处理，我刚才没听太清楚,LLM_SYNTHETIC_SPOKEN_BASE,SYNTHETIC_TEXT
m3sbv1_013133,你们明天帮我看看这个零件是不是松了我有点不确定,LLM_SYNTHETIC_SPOKEN_BASE,SYNTHETIC_TEXT
m3sbv1_013134,到时候先别急，到的时候给我发个消息再继续,LLM_SYNTHETIC_SPOKEN_BASE,SYNTHETIC_TEXT
m3sbv1_013135,他这边没别的要求，看看能不能把时间往后挪一点就可以,LLM_SYNTHETIC_SPOKEN_BASE,SYNTHETIC_TEXT
m3sbv1_013136,到时候感觉先别取消我再确认一下我怕等会儿忘了,LLM_SYNTHETIC_SPOKEN_BASE,SYNTHETIC_TEXT
m3sbv1_013137,现在我想问一下确认一下时间有没有改就行,LLM_SYNTHETIC_SPOKEN_BASE,SYNTHETIC_TEXT
m3sbv1_013138,我记得问一下早餐几点开始，家里这边好安排,LLM_SYNTHETIC_SPOKEN_BASE,SYNTHETIC_TEXT
m3sbv1_013139,那边可能看看这个东西应该放哪里，免得后面又要重新弄,LLM_SYNTHETIC_SPOKEN_BASE,SYNTHETIC_TEXT
m3sbv1_013140,我记得先等等我马上就过来，你这边好安排,LLM_SYNTHETIC_SPOKEN_BASE,SYNTHETIC_TEXT
m3sbv1_013141,我确认一下问一下这个能不能少放一点盐，我刚才没听太清楚,LLM_SYNTHETIC_SPOKEN_BASE,SYNTHETIC_TEXT
m3sbv1_013142,他们我记得看看这个版本是不是最新的，免得后面又要重新弄,LLM_SYNTHETIC_SPOKEN_BASE,SYNTHETIC_TEXT
m3sbv1_013143,他们我听说把这个先放到后面处理，免得后面又要重新弄,LLM_SYNTHETIC_SPOKEN_BASE,SYNTHETIC_TEXT
m3sbv1_013144,家里我觉得帮我查一下刚才是哪一步失败了，免得后面又要重新弄,LLM_SYNTHETIC_SPOKEN_BASE,SYNTHETIC_TEXT
m3sbv1_013145,我感觉帮我把需要验证的地方列出来，免得后面又要重新弄,LLM_SYNTHETIC_SPOKEN_BASE,SYNTHETIC_TEXT
m3sbv1_013146,先先别急，确认一下会议是不是改到下午了再继续,LLM_SYNTHETIC_SPOKEN_BASE,SYNTHETIC_TEXT
m3sbv1_013147,你先确认一下今天是不是正常营业别弄错了,LLM_SYNTHETIC_SPOKEN_BASE,SYNTHETIC_TEXT
m3sbv1_013148,应该看看还有没有漏掉的步骤，前面这边好安排,LLM_SYNTHETIC_SPOKEN_BASE,SYNTHETIC_TEXT
m3sbv1_013149,可能帮我看看日志里有没有异常，她这边好安排,LLM_SYNTHETIC_SPOKEN_BASE,SYNTHETIC_TEXT
m3sbv1_013150,明天先别急，确认一下这个功能是不是已经关掉了再继续,LLM_SYNTHETIC_SPOKEN_BASE,SYNTHETIC_TEXT
m3sbv1_013151,晚一点帮我换一个安静一点的位置，我确认完再跟你说,LLM_SYNTHETIC_SPOKEN_BASE,SYNTHETIC_TEXT
m3sbv1_013152,等一下麻烦你看看空调能不能调高一点我想先确认清楚,LLM_SYNTHETIC_SPOKEN_BASE,SYNTHETIC_TEXT
m3sbv1_013153,我可能确认一下今天是不是正常营业，免得后面又要重新弄,LLM_SYNTHETIC_SPOKEN_BASE,SYNTHETIC_TEXT
m3sbv1_013154,早一点好像先别取消我再确认一下是不是,LLM_SYNTHETIC_SPOKEN_BASE,SYNTHETIC_TEXT
m3sbv1_013155,看起来帮我拿一下旁边那个袋子，这边这边好安排,LLM_SYNTHETIC_SPOKEN_BASE,SYNTHETIC_TEXT
m3sbv1_013156,一会儿我想问一下把这个问题先记到清单里就行,LLM_SYNTHETIC_SPOKEN_BASE,SYNTHETIC_TEXT
m3sbv1_013157,我估计帮我确认一下房间准备好了没有，家里这边好安排,LLM_SYNTHETIC_SPOKEN_BASE,SYNTHETIC_TEXT
m3sbv1_013158,等一下我记得先把现在的结果保存下来然后告诉我,LLM_SYNTHETIC_SPOKEN_BASE,SYNTHETIC_TEXT
m3sbv1_013159,家里我听说确认一下退房时间是几点，免得后面又要重新弄,LLM_SYNTHETIC_SPOKEN_BASE,SYNTHETIC_TEXT
m3sbv1_013160,我确认一下看看空调能不能调高一点，后面这边好安排,LLM_SYNTHETIC_SPOKEN_BASE,SYNTHETIC_TEXT
m3sbv1_013161,现在先别急，看看能不能把时间往后挪一点再继续,LLM_SYNTHETIC_SPOKEN_BASE,SYNTHETIC_TEXT
m3sbv1_013162,等一下我觉得把最新版本发给我看一下我有点不确定,LLM_SYNTHETIC_SPOKEN_BASE,SYNTHETIC_TEXT
m3sbv1_013163,现场我估计帮我看看行李放在哪里，免得后面又要重新弄,LLM_SYNTHETIC_SPOKEN_BASE,SYNTHETIC_TEXT
m3sbv1_013164,现场早一点看看这个结果和昨天是不是一样然后告诉我,LLM_SYNTHETIC_SPOKEN_BASE,SYNTHETIC_TEXT
m3sbv1_013165,看起来看看有没有影响到别的模块，我刚才没听太清楚,LLM_SYNTHETIC_SPOKEN_BASE,SYNTHETIC_TEXT
m3sbv1_013166,她我确认一下先把这一项记下来，免得后面又要重新弄,LLM_SYNTHETIC_SPOKEN_BASE,SYNTHETIC_TEXT
m3sbv1_013167,你们我估计看看是不是还少了什么，免得后面又要重新弄,LLM_SYNTHETIC_SPOKEN_BASE,SYNTHETIC_TEXT
m3sbv1_013168,等一下确认一下轮胎是不是有点软，我确认完再跟你说,LLM_SYNTHETIC_SPOKEN_BASE,SYNTHETIC_TEXT
m3sbv1_013169,早一点先别急，看看还有没有漏掉的步骤再继续,LLM_SYNTHETIC_SPOKEN_BASE,SYNTHETIC_TEXT
m3sbv1_013170,那边之前帮我把需要验证的地方列出来我想先确认清楚,LLM_SYNTHETIC_SPOKEN_BASE,SYNTHETIC_TEXT
m3sbv1_013171,那边昨天先把旧的那套逻辑放一边我有点不确定,LLM_SYNTHETIC_SPOKEN_BASE,SYNTHETIC_TEXT
m3sbv1_013172,现在我确认一下把刚才说的重点再讲一遍,LLM_SYNTHETIC_SPOKEN_BASE,SYNTHETIC_TEXT
m3sbv1_013173,这边感觉看看前面能不能掉头，免得后面又要重新弄,LLM_SYNTHETIC_SPOKEN_BASE,SYNTHETIC_TEXT
m3sbv1_013174,今天先别急，问一下他们什么时候能到再继续,LLM_SYNTHETIC_SPOKEN_BASE,SYNTHETIC_TEXT
m3sbv1_013175,看看能不能多拿一条毛巾，有变化的话提前告诉我,LLM_SYNTHETIC_SPOKEN_BASE,SYNTHETIC_TEXT
m3sbv1_013176,我们之前看看钥匙是不是还在车里我怕等会儿忘了,LLM_SYNTHETIC_SPOKEN_BASE,SYNTHETIC_TEXT
m3sbv1_013177,那边这边没别的要求，把位置发给我我自己过去就可以,LLM_SYNTHETIC_SPOKEN_BASE,SYNTHETIC_TEXT
m3sbv1_013178,我之前确认一下是不是已经付过了我怕等会儿忘了,LLM_SYNTHETIC_SPOKEN_BASE,SYNTHETIC_TEXT
m3sbv1_013179,店里刚才别着急我们按顺序来我怕等会儿忘了,LLM_SYNTHETIC_SPOKEN_BASE,SYNTHETIC_TEXT
m3sbv1_013180,我好像确认一下是不是已经付过了，免得后面又要重新弄,LLM_SYNTHETIC_SPOKEN_BASE,SYNTHETIC_TEXT
m3sbv1_013181,我听说确认一下停车要不要付费，前面这边好安排,LLM_SYNTHETIC_SPOKEN_BASE,SYNTHETIC_TEXT
m3sbv1_013182,后面我想问一下先把现在的结果保存下来，免得后面又要重新弄,LLM_SYNTHETIC_SPOKEN_BASE,SYNTHETIC_TEXT
m3sbv1_013183,这两天我想问一下看看前面能不能掉头行不行,LLM_SYNTHETIC_SPOKEN_BASE,SYNTHETIC_TEXT
m3sbv1_013184,他这两天帮我把需要验证的地方列出来行不行,LLM_SYNTHETIC_SPOKEN_BASE,SYNTHETIC_TEXT
m3sbv1_013185,我估计先把旧的那套逻辑放一边，那边这边好安排,LLM_SYNTHETIC_SPOKEN_BASE,SYNTHETIC_TEXT
m3sbv1_013186,好像帮我把需要验证的地方列出来，现场这边好安排,LLM_SYNTHETIC_SPOKEN_BASE,SYNTHETIC_TEXT
m3sbv1_013187,昨天先别急，帮我拿一下旁边那个袋子再继续,LLM_SYNTHETIC_SPOKEN_BASE,SYNTHETIC_TEXT
m3sbv1_013188,等一下看起来问一下回来的车几点出发就行,LLM_SYNTHETIC_SPOKEN_BASE,SYNTHETIC_TEXT
m3sbv1_013189,我想问一下看看有没有更早一点的时间，现场这边好安排,LLM_SYNTHETIC_SPOKEN_BASE,SYNTHETIC_TEXT
m3sbv1_013190,等一下麻烦你看看是不是选错选项了别弄错了,LLM_SYNTHETIC_SPOKEN_BASE,SYNTHETIC_TEXT
m3sbv1_013191,你这两天问一下早餐几点开始别弄错了,LLM_SYNTHETIC_SPOKEN_BASE,SYNTHETIC_TEXT
m3sbv1_013192,好像看看是不是网络又断了，我这边好安排,LLM_SYNTHETIC_SPOKEN_BASE,SYNTHETIC_TEXT
m3sbv1_013193,现场晚一点把声音稍微调小一点行不行,LLM_SYNTHETIC_SPOKEN_BASE,SYNTHETIC_TEXT
m3sbv1_013194,你们这边没别的要求，把这个先留着别动就可以,LLM_SYNTHETIC_SPOKEN_BASE,SYNTHETIC_TEXT
m3sbv1_013195,我确认一下看看还有没有漏掉的步骤，这边这边好安排,LLM_SYNTHETIC_SPOKEN_BASE,SYNTHETIC_TEXT
m3sbv1_013196,到时候感觉确认一下今天是不是正常营业行不行,LLM_SYNTHETIC_SPOKEN_BASE,SYNTHETIC_TEXT
m3sbv1_013197,后面晚一点问一下还能不能加一个人吧,LLM_SYNTHETIC_SPOKEN_BASE,SYNTHETIC_TEXT
m3sbv1_013198,你早一点把这个先留着别动是不是,LLM_SYNTHETIC_SPOKEN_BASE,SYNTHETIC_TEXT
m3sbv1_013199,家里明天帮我把水再加一点别弄错了,LLM_SYNTHETIC_SPOKEN_BASE,SYNTHETIC_TEXT
m3sbv1_013200,感觉问一下能不能晚一点回来，他们这边好安排,LLM_SYNTHETIC_SPOKEN_BASE,SYNTHETIC_TEXT
m3sbv1_013201,店里这边没别的要求，确认一下车是不是停在外面就可以,LLM_SYNTHETIC_SPOKEN_BASE,SYNTHETIC_TEXT
m3sbv1_013202,他今天确认一下名字有没有写错就行,LLM_SYNTHETIC_SPOKEN_BASE,SYNTHETIC_TEXT
m3sbv1_013203,他们现在确认一下名字有没有写错别弄错了,LLM_SYNTHETIC_SPOKEN_BASE,SYNTHETIC_TEXT
m3sbv1_013204,这边可能确认一下名字有没有写错，免得后面又要重新弄,LLM_SYNTHETIC_SPOKEN_BASE,SYNTHETIC_TEXT
m3sbv1_013205,我想问一下帮我确认一下字段有没有变，我这边好安排,LLM_SYNTHETIC_SPOKEN_BASE,SYNTHETIC_TEXT
m3sbv1_013206,最近我听说帮我换一个安静一点的位置,LLM_SYNTHETIC_SPOKEN_BASE,SYNTHETIC_TEXT
m3sbv1_013207,这边我确认一下先把现在的结果保存下来，免得后面又要重新弄,LLM_SYNTHETIC_SPOKEN_BASE,SYNTHETIC_TEXT
m3sbv1_013208,明天看看能不能把时间往后挪一点，我确认完再跟你说,LLM_SYNTHETIC_SPOKEN_BASE,SYNTHETIC_TEXT
m3sbv1_013209,他们我觉得帮我看看日志里有没有异常，免得后面又要重新弄,LLM_SYNTHETIC_SPOKEN_BASE,SYNTHETIC_TEXT
m3sbv1_013210,后面看起来把刚才那条消息再发我一次，免得后面又要重新弄,LLM_SYNTHETIC_SPOKEN_BASE,SYNTHETIC_TEXT
m3sbv1_013211,我觉得确认一下是不是同一个订单，店里这边好安排,LLM_SYNTHETIC_SPOKEN_BASE,SYNTHETIC_TEXT
m3sbv1_013212,等一下我确认一下看看数据是不是重复了是不是,LLM_SYNTHETIC_SPOKEN_BASE,SYNTHETIC_TEXT
m3sbv1_013213,这两天可能问一下还能不能加一个人我有点不确定,LLM_SYNTHETIC_SPOKEN_BASE,SYNTHETIC_TEXT
m3sbv1_013214,一会儿应该帮我看看这个号码对不对别弄错了,LLM_SYNTHETIC_SPOKEN_BASE,SYNTHETIC_TEXT
m3sbv1_013215,晚一点先别急，问一下回来的车几点出发再继续,LLM_SYNTHETIC_SPOKEN_BASE,SYNTHETIC_TEXT
m3sbv1_013216,我觉得确认一下车是不是停在外面，我刚才没听太清楚,LLM_SYNTHETIC_SPOKEN_BASE,SYNTHETIC_TEXT
m3sbv1_013217,这两天麻烦你问一下能不能晚一点回来我再决定,LLM_SYNTHETIC_SPOKEN_BASE,SYNTHETIC_TEXT
m3sbv1_013218,看起来先把旧的那套逻辑放一边，我刚才没听太清楚,LLM_SYNTHETIC_SPOKEN_BASE,SYNTHETIC_TEXT
m3sbv1_013219,先等等我马上就过来，有变化的话提前告诉我,LLM_SYNTHETIC_SPOKEN_BASE,SYNTHETIC_TEXT
m3sbv1_013220,我觉得确认一下测试结果有没有更新，我们这边好安排,LLM_SYNTHETIC_SPOKEN_BASE,SYNTHETIC_TEXT
m3sbv1_013221,那边我估计帮我找一下刚才那个页面，免得后面又要重新弄,LLM_SYNTHETIC_SPOKEN_BASE,SYNTHETIC_TEXT
m3sbv1_013222,他感觉把位置发给我我自己过去，免得后面又要重新弄,LLM_SYNTHETIC_SPOKEN_BASE,SYNTHETIC_TEXT
m3sbv1_013223,店里我确认一下把地址再确认一下，免得后面又要重新弄,LLM_SYNTHETIC_SPOKEN_BASE,SYNTHETIC_TEXT
m3sbv1_013224,你们这边没别的要求，把地址再确认一下就可以,LLM_SYNTHETIC_SPOKEN_BASE,SYNTHETIC_TEXT
m3sbv1_013225,最近先把旧的那套逻辑放一边，我确认完再跟你说,LLM_SYNTHETIC_SPOKEN_BASE,SYNTHETIC_TEXT
m3sbv1_013226,我听说看看前面是不是要左转，你们这边好安排,LLM_SYNTHETIC_SPOKEN_BASE,SYNTHETIC_TEXT
m3sbv1_013227,这两天先别急，把位置发给我我自己过去再继续,LLM_SYNTHETIC_SPOKEN_BASE,SYNTHETIC_TEXT
m3sbv1_013228,公司看起来先把旧的那套逻辑放一边，免得后面又要重新弄,LLM_SYNTHETIC_SPOKEN_BASE,SYNTHETIC_TEXT
m3sbv1_013229,好像看看前面是不是要左转，我刚才没听太清楚,LLM_SYNTHETIC_SPOKEN_BASE,SYNTHETIC_TEXT
m3sbv1_013230,最近好像问一下还能不能加一个人吧,LLM_SYNTHETIC_SPOKEN_BASE,SYNTHETIC_TEXT
m3sbv1_013231,看起来看看有没有不用排队的办法，你们这边好安排,LLM_SYNTHETIC_SPOKEN_BASE,SYNTHETIC_TEXT
m3sbv1_013232,我感觉确认一下是不是同一个订单，免得后面又要重新弄,LLM_SYNTHETIC_SPOKEN_BASE,SYNTHETIC_TEXT
m3sbv1_013233,他现在别着急我们按顺序来我怕等会儿忘了,LLM_SYNTHETIC_SPOKEN_BASE,SYNTHETIC_TEXT
m3sbv1_013234,可能问一下早餐几点开始，我刚才没听太清楚,LLM_SYNTHETIC_SPOKEN_BASE,SYNTHETIC_TEXT
m3sbv1_013235,我记得看一下这个是不是放错地方了，我刚才没听太清楚,LLM_SYNTHETIC_SPOKEN_BASE,SYNTHETIC_TEXT
m3sbv1_013236,你们我估计看看钥匙是不是还在车里，免得后面又要重新弄,LLM_SYNTHETIC_SPOKEN_BASE,SYNTHETIC_TEXT
m3sbv1_013237,他们之前看看这个价格有没有包含费用行不行,LLM_SYNTHETIC_SPOKEN_BASE,SYNTHETIC_TEXT
m3sbv1_013238,我估计把门先关一下有点冷，我刚才没听太清楚,LLM_SYNTHETIC_SPOKEN_BASE,SYNTHETIC_TEXT
m3sbv1_013239,这边到时候把声音稍微调小一点我想先确认清楚,LLM_SYNTHETIC_SPOKEN_BASE,SYNTHETIC_TEXT
m3sbv1_013240,我估计帮我确认一下字段有没有变，这边这边好安排,LLM_SYNTHETIC_SPOKEN_BASE,SYNTHETIC_TEXT
m3sbv1_013241,看看有没有更早一点的时间，如果不行就先别改,LLM_SYNTHETIC_SPOKEN_BASE,SYNTHETIC_TEXT
m3sbv1_013242,一会儿我记得试一下重新打开能不能用别弄错了,LLM_SYNTHETIC_SPOKEN_BASE,SYNTHETIC_TEXT
m3sbv1_013243,今天确认一下名字有没有写错，我确认完再跟你说,LLM_SYNTHETIC_SPOKEN_BASE,SYNTHETIC_TEXT
m3sbv1_013244,前面明天帮我把需要验证的地方列出来我有点不确定,LLM_SYNTHETIC_SPOKEN_BASE,SYNTHETIC_TEXT
m3sbv1_013245,你们好像把刚才说的重点再讲一遍，免得后面又要重新弄,LLM_SYNTHETIC_SPOKEN_BASE,SYNTHETIC_TEXT
m3sbv1_013246,明天感觉帮我确认一下负责人是谁我有点不确定,LLM_SYNTHETIC_SPOKEN_BASE,SYNTHETIC_TEXT
m3sbv1_013247,她这两天把刚才那条消息再发我一次吧,LLM_SYNTHETIC_SPOKEN_BASE,SYNTHETIC_TEXT
m3sbv1_013248,最近感觉看看这个接口是不是又报错了我想先确认清楚,LLM_SYNTHETIC_SPOKEN_BASE,SYNTHETIC_TEXT
m3sbv1_013249,一会儿麻烦你看看能不能换成小份我想先确认清楚,LLM_SYNTHETIC_SPOKEN_BASE,SYNTHETIC_TEXT
m3sbv1_013250,现在应该帮我换一个安静一点的位置我想先确认清楚,LLM_SYNTHETIC_SPOKEN_BASE,SYNTHETIC_TEXT
m3sbv1_013251,应该帮我看看行李放在哪里，你这边好安排,LLM_SYNTHETIC_SPOKEN_BASE,SYNTHETIC_TEXT
m3sbv1_013252,麻烦你先把这一项记下来，后面这边好安排,LLM_SYNTHETIC_SPOKEN_BASE,SYNTHETIC_TEXT
m3sbv1_013253,我好像看看是不是还少了什么，免得后面又要重新弄,LLM_SYNTHETIC_SPOKEN_BASE,SYNTHETIC_TEXT
m3sbv1_013254,现场我想问一下先把现在的结果保存下来，免得后面又要重新弄,LLM_SYNTHETIC_SPOKEN_BASE,SYNTHETIC_TEXT
m3sbv1_013255,这两天我确认一下确认一下名字有没有写错我再决定,LLM_SYNTHETIC_SPOKEN_BASE,SYNTHETIC_TEXT
m3sbv1_013256,刚才我想问一下帮我看看为什么还没收到,LLM_SYNTHETIC_SPOKEN_BASE,SYNTHETIC_TEXT
m3sbv1_013257,公司到时候看看钥匙是不是还在车里可以吗,LLM_SYNTHETIC_SPOKEN_BASE,SYNTHETIC_TEXT
m3sbv1_013258,今天先别急，帮我看看为什么还没收到再继续,LLM_SYNTHETIC_SPOKEN_BASE,SYNTHETIC_TEXT
m3sbv1_013259,看起来帮我确认一下下一站在哪里，现场这边好安排,LLM_SYNTHETIC_SPOKEN_BASE,SYNTHETIC_TEXT
m3sbv1_013260,把这个问题先记到清单里，如果不行就先别改,LLM_SYNTHETIC_SPOKEN_BASE,SYNTHETIC_TEXT
m3sbv1_013261,他我听说把声音稍微调小一点，免得后面又要重新弄,LLM_SYNTHETIC_SPOKEN_BASE,SYNTHETIC_TEXT
m3sbv1_013262,感觉看看这个接口是不是又报错了，家里这边好安排,LLM_SYNTHETIC_SPOKEN_BASE,SYNTHETIC_TEXT
m3sbv1_013263,她这边没别的要求，先等等我马上就过来就可以,LLM_SYNTHETIC_SPOKEN_BASE,SYNTHETIC_TEXT
m3sbv1_013264,我想问一下看看这个结果和昨天是不是一样，店里这边好安排,LLM_SYNTHETIC_SPOKEN_BASE,SYNTHETIC_TEXT
m3sbv1_013265,你们一会儿先把这一项记下来,LLM_SYNTHETIC_SPOKEN_BASE,SYNTHETIC_TEXT
m3sbv1_013266,现场等一下告诉我大概还要多久是不是,LLM_SYNTHETIC_SPOKEN_BASE,SYNTHETIC_TEXT
m3sbv1_013267,今天我估计确认一下今天是不是正常营业我有点不确定,LLM_SYNTHETIC_SPOKEN_BASE,SYNTHETIC_TEXT
m3sbv1_013268,后面这边没别的要求，帮我把重复的内容删掉就可以,LLM_SYNTHETIC_SPOKEN_BASE,SYNTHETIC_TEXT
m3sbv1_013269,帮我问一下还有没有空位以后跟我说一声就行,LLM_SYNTHETIC_SPOKEN_BASE,SYNTHETIC_TEXT
m3sbv1_013270,我觉得帮我看看日志里有没有异常，她这边好安排,LLM_SYNTHETIC_SPOKEN_BASE,SYNTHETIC_TEXT
m3sbv1_013271,昨天好像看一下这个是不是放错地方了,LLM_SYNTHETIC_SPOKEN_BASE,SYNTHETIC_TEXT
m3sbv1_013272,现场先帮我问一下现在还能不能改就行,LLM_SYNTHETIC_SPOKEN_BASE,SYNTHETIC_TEXT
m3sbv1_013273,他们这边没别的要求，确认一下是不是已经下单了就可以,LLM_SYNTHETIC_SPOKEN_BASE,SYNTHETIC_TEXT
m3sbv1_013274,公司到时候看看有没有不用排队的办法我有点不确定,LLM_SYNTHETIC_SPOKEN_BASE,SYNTHETIC_TEXT
m3sbv1_013275,我估计看看这个杯子是不是我的，他们这边好安排,LLM_SYNTHETIC_SPOKEN_BASE,SYNTHETIC_TEXT
m3sbv1_013276,我确认一下把位置发给我我自己过去，我刚才没听太清楚,LLM_SYNTHETIC_SPOKEN_BASE,SYNTHETIC_TEXT
m3sbv1_013277,之前我确认一下看看这个东西应该放哪里然后告诉我,LLM_SYNTHETIC_SPOKEN_BASE,SYNTHETIC_TEXT
m3sbv1_013278,我记得问一下能不能晚一点回来，那边这边好安排,LLM_SYNTHETIC_SPOKEN_BASE,SYNTHETIC_TEXT
m3sbv1_013279,你们刚才确认一下退房时间是几点我想先确认清楚,LLM_SYNTHETIC_SPOKEN_BASE,SYNTHETIC_TEXT
m3sbv1_013280,我确认一下帮我拿一下旁边那个袋子，后面这边好安排,LLM_SYNTHETIC_SPOKEN_BASE,SYNTHETIC_TEXT
m3sbv1_013281,我记得确认一下文件有没有传成功，那边这边好安排,LLM_SYNTHETIC_SPOKEN_BASE,SYNTHETIC_TEXT
m3sbv1_013282,到时候我记得帮我查一下刚才是哪一步失败了可以吗,LLM_SYNTHETIC_SPOKEN_BASE,SYNTHETIC_TEXT
m3sbv1_013283,公司到时候看看有没有更早一点的时间我怕等会儿忘了,LLM_SYNTHETIC_SPOKEN_BASE,SYNTHETIC_TEXT
m3sbv1_013284,现场可能别着急我们按顺序来，免得后面又要重新弄,LLM_SYNTHETIC_SPOKEN_BASE,SYNTHETIC_TEXT
m3sbv1_013285,这边应该帮我确认一下房间准备好了没有，免得后面又要重新弄,LLM_SYNTHETIC_SPOKEN_BASE,SYNTHETIC_TEXT
m3sbv1_013286,感觉把地址再确认一下，我刚才没听太清楚,LLM_SYNTHETIC_SPOKEN_BASE,SYNTHETIC_TEXT
m3sbv1_013287,我现在确认一下是不是同一个订单我有点不确定,LLM_SYNTHETIC_SPOKEN_BASE,SYNTHETIC_TEXT
m3sbv1_013288,现场这边没别的要求，帮我把重复的内容删掉就可以,LLM_SYNTHETIC_SPOKEN_BASE,SYNTHETIC_TEXT
m3sbv1_013289,我刚才帮我换一个安静一点的位置,LLM_SYNTHETIC_SPOKEN_BASE,SYNTHETIC_TEXT
m3sbv1_013290,我觉得看看油还够不够，她这边好安排,LLM_SYNTHETIC_SPOKEN_BASE,SYNTHETIC_TEXT
m3sbv1_013291,等一下我确认一下帮我把重复的内容删掉我再决定,LLM_SYNTHETIC_SPOKEN_BASE,SYNTHETIC_TEXT
m3sbv1_013292,最近先别急，帮我确认一下字段有没有变再继续,LLM_SYNTHETIC_SPOKEN_BASE,SYNTHETIC_TEXT
m3sbv1_013293,明天我想问一下帮我看看这个号码对不对行不行,LLM_SYNTHETIC_SPOKEN_BASE,SYNTHETIC_TEXT
m3sbv1_013294,等一下好像确认一下车是不是停在外面然后告诉我,LLM_SYNTHETIC_SPOKEN_BASE,SYNTHETIC_TEXT
m3sbv1_013295,现场感觉问一下能不能晚一点回来，免得后面又要重新弄,LLM_SYNTHETIC_SPOKEN_BASE,SYNTHETIC_TEXT
m3sbv1_013296,她晚一点看看还有没有漏掉的步骤我怕等会儿忘了,LLM_SYNTHETIC_SPOKEN_BASE,SYNTHETIC_TEXT
m3sbv1_013297,我确认一下别着急我们按顺序来，后面这边好安排,LLM_SYNTHETIC_SPOKEN_BASE,SYNTHETIC_TEXT
m3sbv1_013298,家里现在先把旧的那套逻辑放一边是不是,LLM_SYNTHETIC_SPOKEN_BASE,SYNTHETIC_TEXT
m3sbv1_013299,他这两天先等等我马上就过来我有点不确定,LLM_SYNTHETIC_SPOKEN_BASE,SYNTHETIC_TEXT
m3sbv1_013300,你们早一点确认一下轮胎是不是有点软别弄错了,LLM_SYNTHETIC_SPOKEN_BASE,SYNTHETIC_TEXT
m3sbv1_013301,那边我记得看看是不是网络又断了，免得后面又要重新弄,LLM_SYNTHETIC_SPOKEN_BASE,SYNTHETIC_TEXT
m3sbv1_013302,好像看看这个杯子是不是我的，公司这边好安排,LLM_SYNTHETIC_SPOKEN_BASE,SYNTHETIC_TEXT
m3sbv1_013303,一会儿感觉先把现在的结果保存下来可以吗,LLM_SYNTHETIC_SPOKEN_BASE,SYNTHETIC_TEXT
m3sbv1_013304,刚才好像看看能不能多拿一条毛巾然后告诉我,LLM_SYNTHETIC_SPOKEN_BASE,SYNTHETIC_TEXT
m3sbv1_013305,那边最近帮我问一下现在还能不能改我想先确认清楚,LLM_SYNTHETIC_SPOKEN_BASE,SYNTHETIC_TEXT
m3sbv1_013306,我记得再检查一遍有没有问题，前面这边好安排,LLM_SYNTHETIC_SPOKEN_BASE,SYNTHETIC_TEXT
m3sbv1_013307,早一点我估计看看这个接口是不是又报错了可以吗,LLM_SYNTHETIC_SPOKEN_BASE,SYNTHETIC_TEXT
m3sbv1_013308,明天先别急，看看前面是不是要左转再继续,LLM_SYNTHETIC_SPOKEN_BASE,SYNTHETIC_TEXT
m3sbv1_013309,家里这边没别的要求，帮我找一下刚才那个页面就可以,LLM_SYNTHETIC_SPOKEN_BASE,SYNTHETIC_TEXT
m3sbv1_013310,现场昨天把刚才那条消息再发我一次我怕等会儿忘了,LLM_SYNTHETIC_SPOKEN_BASE,SYNTHETIC_TEXT
m3sbv1_013311,前面到时候告诉我大概还要多久,LLM_SYNTHETIC_SPOKEN_BASE,SYNTHETIC_TEXT
m3sbv1_013312,可能把刚才说的重点再讲一遍，我刚才没听太清楚,LLM_SYNTHETIC_SPOKEN_BASE,SYNTHETIC_TEXT
m3sbv1_013313,这边昨天确认一下灯是不是都关了是不是,LLM_SYNTHETIC_SPOKEN_BASE,SYNTHETIC_TEXT
m3sbv1_013314,他麻烦你把门先关一下有点冷，免得后面又要重新弄,LLM_SYNTHETIC_SPOKEN_BASE,SYNTHETIC_TEXT
m3sbv1_013315,等一下帮我听一下这个声音正不正常，我确认完再跟你说,LLM_SYNTHETIC_SPOKEN_BASE,SYNTHETIC_TEXT
m3sbv1_013316,后面我觉得问一下这个能不能少放一点盐，免得后面又要重新弄,LLM_SYNTHETIC_SPOKEN_BASE,SYNTHETIC_TEXT
m3sbv1_013317,昨天看起来看看前面是不是要左转我有点不确定,LLM_SYNTHETIC_SPOKEN_BASE,SYNTHETIC_TEXT
m3sbv1_013318,我觉得试一下重新打开能不能用，我刚才没听太清楚,LLM_SYNTHETIC_SPOKEN_BASE,SYNTHETIC_TEXT
m3sbv1_013319,昨天应该确认一下是不是已经下单了行不行,LLM_SYNTHETIC_SPOKEN_BASE,SYNTHETIC_TEXT
m3sbv1_013320,他们我想问一下帮我看看这个菜里面有没有辣椒，免得后面又要重新弄,LLM_SYNTHETIC_SPOKEN_BASE,SYNTHETIC_TEXT
m3sbv1_013321,你我确认一下看看谁还没有回复，免得后面又要重新弄,LLM_SYNTHETIC_SPOKEN_BASE,SYNTHETIC_TEXT
m3sbv1_013322,刚才我想问一下看看前面能不能掉头行不行,LLM_SYNTHETIC_SPOKEN_BASE,SYNTHETIC_TEXT
m3sbv1_013323,我们好像确认一下时间有没有改，免得后面又要重新弄,LLM_SYNTHETIC_SPOKEN_BASE,SYNTHETIC_TEXT
m3sbv1_013324,我记得帮我把重复的内容删掉，她这边好安排,LLM_SYNTHETIC_SPOKEN_BASE,SYNTHETIC_TEXT
m3sbv1_013325,感觉帮我确认一下字段有没有变，他这边好安排,LLM_SYNTHETIC_SPOKEN_BASE,SYNTHETIC_TEXT
m3sbv1_013326,我这边没别的要求，看看数据是不是重复了就可以,LLM_SYNTHETIC_SPOKEN_BASE,SYNTHETIC_TEXT
m3sbv1_013327,刚才帮我找一下刚才那个页面，我确认完再跟你说,LLM_SYNTHETIC_SPOKEN_BASE,SYNTHETIC_TEXT
m3sbv1_013328,一会儿先别急，问一下这个能不能少放一点盐再继续,LLM_SYNTHETIC_SPOKEN_BASE,SYNTHETIC_TEXT
m3sbv1_013329,我们我听说看看能不能换成小份，免得后面又要重新弄,LLM_SYNTHETIC_SPOKEN_BASE,SYNTHETIC_TEXT
m3sbv1_013330,感觉帮我找一下充电线放哪了，这边这边好安排,LLM_SYNTHETIC_SPOKEN_BASE,SYNTHETIC_TEXT
m3sbv1_013331,你这边没别的要求，先把旧的那套逻辑放一边就可以,LLM_SYNTHETIC_SPOKEN_BASE,SYNTHETIC_TEXT
m3sbv1_013332,这两天可能帮我看看为什么还没收到就行,LLM_SYNTHETIC_SPOKEN_BASE,SYNTHETIC_TEXT
m3sbv1_013333,我们可能帮我看看日志里有没有异常，免得后面又要重新弄,LLM_SYNTHETIC_SPOKEN_BASE,SYNTHETIC_TEXT
m3sbv1_013334,我们这边没别的要求，帮我看看附近有没有停车位就可以,LLM_SYNTHETIC_SPOKEN_BASE,SYNTHETIC_TEXT
m3sbv1_013335,今天看看这个结果和昨天是不是一样，我确认完再跟你说,LLM_SYNTHETIC_SPOKEN_BASE,SYNTHETIC_TEXT
m3sbv1_013336,应该把最新版本发给我看一下，我们这边好安排,LLM_SYNTHETIC_SPOKEN_BASE,SYNTHETIC_TEXT
m3sbv1_013337,等一下看看能不能多拿一条毛巾，我确认完再跟你说,LLM_SYNTHETIC_SPOKEN_BASE,SYNTHETIC_TEXT
m3sbv1_013338,前面一会儿看一下这个是不是放错地方了,LLM_SYNTHETIC_SPOKEN_BASE,SYNTHETIC_TEXT
m3sbv1_013339,那边明天看看能不能多拿一条毛巾我再决定,LLM_SYNTHETIC_SPOKEN_BASE,SYNTHETIC_TEXT
m3sbv1_013340,看起来帮我找一下刚才那个页面，你们这边好安排,LLM_SYNTHETIC_SPOKEN_BASE,SYNTHETIC_TEXT
m3sbv1_013341,确认一下会议是不是改到下午了以后跟我说一声就行,LLM_SYNTHETIC_SPOKEN_BASE,SYNTHETIC_TEXT
m3sbv1_013342,他们我听说确认一下这次只改这一部分，免得后面又要重新弄,LLM_SYNTHETIC_SPOKEN_BASE,SYNTHETIC_TEXT
m3sbv1_013343,晚一点我听说帮我听一下这个声音正不正常可以吗,LLM_SYNTHETIC_SPOKEN_BASE,SYNTHETIC_TEXT
m3sbv1_013344,麻烦你先把旧的那套逻辑放一边，我刚才没听太清楚,LLM_SYNTHETIC_SPOKEN_BASE,SYNTHETIC_TEXT
m3sbv1_013345,前面这边没别的要求，问一下回来的车几点出发就可以,LLM_SYNTHETIC_SPOKEN_BASE,SYNTHETIC_TEXT
m3sbv1_013346,看看有没有更早一点的时间，有变化的话提前告诉我,LLM_SYNTHETIC_SPOKEN_BASE,SYNTHETIC_TEXT
m3sbv1_013347,我估计帮我找一下刚才那个页面，我刚才没听太清楚,LLM_SYNTHETIC_SPOKEN_BASE,SYNTHETIC_TEXT
m3sbv1_013348,好像确认一下服务有没有启动，前面这边好安排,LLM_SYNTHETIC_SPOKEN_BASE,SYNTHETIC_TEXT
m3sbv1_013349,好像把这个先放到后面处理，我刚才没听太清楚,LLM_SYNTHETIC_SPOKEN_BASE,SYNTHETIC_TEXT
m3sbv1_013350,到时候看看能不能换成小份，我确认完再跟你说,LLM_SYNTHETIC_SPOKEN_BASE,SYNTHETIC_TEXT
m3sbv1_013351,应该把这个先留着别动，这边这边好安排,LLM_SYNTHETIC_SPOKEN_BASE,SYNTHETIC_TEXT
m3sbv1_013352,我们我觉得看看是不是还少了什么，免得后面又要重新弄,LLM_SYNTHETIC_SPOKEN_BASE,SYNTHETIC_TEXT
m3sbv1_013353,晚一点应该看看这个杯子是不是我的可以吗,LLM_SYNTHETIC_SPOKEN_BASE,SYNTHETIC_TEXT
m3sbv1_013354,刚才麻烦你看看导航是不是带错路了我想先确认清楚,LLM_SYNTHETIC_SPOKEN_BASE,SYNTHETIC_TEXT
m3sbv1_013355,昨天先别急，看看前面能不能掉头再继续,LLM_SYNTHETIC_SPOKEN_BASE,SYNTHETIC_TEXT
m3sbv1_013356,这边等一下确认一下灯是不是都关了行不行,LLM_SYNTHETIC_SPOKEN_BASE,SYNTHETIC_TEXT
m3sbv1_013357,公司我估计看看前面能不能掉头，免得后面又要重新弄,LLM_SYNTHETIC_SPOKEN_BASE,SYNTHETIC_TEXT
m3sbv1_013358,他刚才确认一下轮胎是不是有点软就行,LLM_SYNTHETIC_SPOKEN_BASE,SYNTHETIC_TEXT
m3sbv1_013359,等一下先别急，帮我找一下刚才那个页面再继续,LLM_SYNTHETIC_SPOKEN_BASE,SYNTHETIC_TEXT
m3sbv1_013360,之前我觉得看看这个杯子是不是我的就行,LLM_SYNTHETIC_SPOKEN_BASE,SYNTHETIC_TEXT
m3sbv1_013361,之前看起来看看是不是选错选项了是不是,LLM_SYNTHETIC_SPOKEN_BASE,SYNTHETIC_TEXT
m3sbv1_013362,早一点先别急，看看这个版本是不是最新的再继续,LLM_SYNTHETIC_SPOKEN_BASE,SYNTHETIC_TEXT
m3sbv1_013363,后面我觉得把声音稍微调小一点，免得后面又要重新弄,LLM_SYNTHETIC_SPOKEN_BASE,SYNTHETIC_TEXT
m3sbv1_013364,家里我想问一下确认一下车是不是停在外面，免得后面又要重新弄,LLM_SYNTHETIC_SPOKEN_BASE,SYNTHETIC_TEXT
m3sbv1_013365,看起来确认一下今天是不是正常营业，这边这边好安排,LLM_SYNTHETIC_SPOKEN_BASE,SYNTHETIC_TEXT
m3sbv1_013366,等一下麻烦你把刚才那条消息再发我一次就行,LLM_SYNTHETIC_SPOKEN_BASE,SYNTHETIC_TEXT
m3sbv1_013367,现在先别急，帮我问一下现在还能不能改再继续,LLM_SYNTHETIC_SPOKEN_BASE,SYNTHETIC_TEXT
m3sbv1_013368,她看起来帮我找一下充电线放哪了，免得后面又要重新弄,LLM_SYNTHETIC_SPOKEN_BASE,SYNTHETIC_TEXT
m3sbv1_013369,家里早一点帮我看看行李放在哪里,LLM_SYNTHETIC_SPOKEN_BASE,SYNTHETIC_TEXT
m3sbv1_013370,晚一点我想问一下帮我看看为什么还没收到我有点不确定,LLM_SYNTHETIC_SPOKEN_BASE,SYNTHETIC_TEXT
m3sbv1_013371,店里这边没别的要求，看看空调能不能调高一点就可以,LLM_SYNTHETIC_SPOKEN_BASE,SYNTHETIC_TEXT
m3sbv1_013372,确认一下退房时间是几点，如果不行就先别改,LLM_SYNTHETIC_SPOKEN_BASE,SYNTHETIC_TEXT
m3sbv1_013373,最近看看是不是配置没有生效，我确认完再跟你说,LLM_SYNTHETIC_SPOKEN_BASE,SYNTHETIC_TEXT
m3sbv1_013374,晚一点先别急，帮我换一个安静一点的位置再继续,LLM_SYNTHETIC_SPOKEN_BASE,SYNTHETIC_TEXT
m3sbv1_013375,我估计先把现在的结果保存下来，她这边好安排,LLM_SYNTHETIC_SPOKEN_BASE,SYNTHETIC_TEXT
m3sbv1_013376,后面感觉把刚才说的重点再讲一遍，免得后面又要重新弄,LLM_SYNTHETIC_SPOKEN_BASE,SYNTHETIC_TEXT
m3sbv1_013377,好像看看这个结果和昨天是不是一样，你这边好安排,LLM_SYNTHETIC_SPOKEN_BASE,SYNTHETIC_TEXT
m3sbv1_013378,好像问一下还能不能加一个人，我刚才没听太清楚,LLM_SYNTHETIC_SPOKEN_BASE,SYNTHETIC_TEXT
m3sbv1_013379,这边感觉看看这个东西应该放哪里，免得后面又要重新弄,LLM_SYNTHETIC_SPOKEN_BASE,SYNTHETIC_TEXT
m3sbv1_013380,他这两天帮我看看附近有没有停车位,LLM_SYNTHETIC_SPOKEN_BASE,SYNTHETIC_TEXT
m3sbv1_013381,这两天好像先等等我马上就过来然后告诉我,LLM_SYNTHETIC_SPOKEN_BASE,SYNTHETIC_TEXT
m3sbv1_013382,这边先看看有没有影响到别的模块行不行,LLM_SYNTHETIC_SPOKEN_BASE,SYNTHETIC_TEXT
m3sbv1_013383,明天先别急，帮我看看附近有没有停车位再继续,LLM_SYNTHETIC_SPOKEN_BASE,SYNTHETIC_TEXT
m3sbv1_013384,我确认一下看看谁还没有回复，现场这边好安排,LLM_SYNTHETIC_SPOKEN_BASE,SYNTHETIC_TEXT
m3sbv1_013385,到时候我记得确认一下这个功能是不是已经关掉了行不行,LLM_SYNTHETIC_SPOKEN_BASE,SYNTHETIC_TEXT
m3sbv1_013386,现场应该把地址再确认一下，免得后面又要重新弄,LLM_SYNTHETIC_SPOKEN_BASE,SYNTHETIC_TEXT
m3sbv1_013387,我想问一下确认一下测试结果有没有更新，现场这边好安排,LLM_SYNTHETIC_SPOKEN_BASE,SYNTHETIC_TEXT
m3sbv1_013388,后面我觉得帮我看看这个号码对不对，免得后面又要重新弄,LLM_SYNTHETIC_SPOKEN_BASE,SYNTHETIC_TEXT
m3sbv1_013389,这边晚一点看看是不是配置没有生效,LLM_SYNTHETIC_SPOKEN_BASE,SYNTHETIC_TEXT
m3sbv1_013390,我今天先把这个问题单独记录下来,LLM_SYNTHETIC_SPOKEN_BASE,SYNTHETIC_TEXT
m3sbv1_013391,我听说帮我看看这个菜里面有没有辣椒，我刚才没听太清楚,LLM_SYNTHETIC_SPOKEN_BASE,SYNTHETIC_TEXT
m3sbv1_013392,晚一点问一下能不能晚一点回来，我确认完再跟你说,LLM_SYNTHETIC_SPOKEN_BASE,SYNTHETIC_TEXT
m3sbv1_013393,可能问一下这个能不能少放一点盐，公司这边好安排,LLM_SYNTHETIC_SPOKEN_BASE,SYNTHETIC_TEXT
m3sbv1_013394,他们我觉得把门先关一下有点冷，免得后面又要重新弄,LLM_SYNTHETIC_SPOKEN_BASE,SYNTHETIC_TEXT
m3sbv1_013395,家里刚才帮我问一下现在还能不能改我怕等会儿忘了,LLM_SYNTHETIC_SPOKEN_BASE,SYNTHETIC_TEXT
m3sbv1_013396,先把这个问题单独记录下来，有变化的话提前告诉我,LLM_SYNTHETIC_SPOKEN_BASE,SYNTHETIC_TEXT
m3sbv1_013397,前面这边没别的要求，确认一下会议是不是改到下午了就可以,LLM_SYNTHETIC_SPOKEN_BASE,SYNTHETIC_TEXT
m3sbv1_013398,家里明天确认一下入口是不是在这边可以吗,LLM_SYNTHETIC_SPOKEN_BASE,SYNTHETIC_TEXT
m3sbv1_013399,你们刚才看看能不能把时间往后挪一点吧,LLM_SYNTHETIC_SPOKEN_BASE,SYNTHETIC_TEXT
m3sbv1_013400,我听说把这个先放到后面处理，店里这边好安排,LLM_SYNTHETIC_SPOKEN_BASE,SYNTHETIC_TEXT
m3sbv1_013401,晚一点我估计看看油还够不够行不行,LLM_SYNTHETIC_SPOKEN_BASE,SYNTHETIC_TEXT
m3sbv1_013402,他我听说问一下这个能不能少放一点盐，免得后面又要重新弄,LLM_SYNTHETIC_SPOKEN_BASE,SYNTHETIC_TEXT
m3sbv1_013403,看起来先把这个问题单独记录下来，你这边好安排,LLM_SYNTHETIC_SPOKEN_BASE,SYNTHETIC_TEXT
m3sbv1_013404,她之前帮我确认一下负责人是谁行不行,LLM_SYNTHETIC_SPOKEN_BASE,SYNTHETIC_TEXT
m3sbv1_013405,我确认一下帮我问一下还有没有空位，我刚才没听太清楚,LLM_SYNTHETIC_SPOKEN_BASE,SYNTHETIC_TEXT
m3sbv1_013406,我觉得确认一下这份文件是不是最终版，后面这边好安排,LLM_SYNTHETIC_SPOKEN_BASE,SYNTHETIC_TEXT
m3sbv1_013407,早一点先别急，帮我看看行李放在哪里再继续,LLM_SYNTHETIC_SPOKEN_BASE,SYNTHETIC_TEXT
m3sbv1_013408,等一下先别急，问一下早餐几点开始再继续,LLM_SYNTHETIC_SPOKEN_BASE,SYNTHETIC_TEXT
m3sbv1_013409,麻烦你把刚才那条消息再发我一次，我这边好安排,LLM_SYNTHETIC_SPOKEN_BASE,SYNTHETIC_TEXT
m3sbv1_013410,现场这边没别的要求，看看是不是还少了什么就可以,LLM_SYNTHETIC_SPOKEN_BASE,SYNTHETIC_TEXT
m3sbv1_013411,之前可能看看数据是不是重复了是不是,LLM_SYNTHETIC_SPOKEN_BASE,SYNTHETIC_TEXT
m3sbv1_013412,我这边没别的要求，把这个先放到后面处理就可以,LLM_SYNTHETIC_SPOKEN_BASE,SYNTHETIC_TEXT
m3sbv1_013413,这边现在先把旧的那套逻辑放一边我再决定,LLM_SYNTHETIC_SPOKEN_BASE,SYNTHETIC_TEXT
m3sbv1_013414,我们我确认一下确认一下入口是不是在这边，免得后面又要重新弄,LLM_SYNTHETIC_SPOKEN_BASE,SYNTHETIC_TEXT
m3sbv1_013415,那边我确认一下确认一下测试结果有没有更新，免得后面又要重新弄,LLM_SYNTHETIC_SPOKEN_BASE,SYNTHETIC_TEXT
m3sbv1_013416,我确认一下看看这个价格有没有包含费用，我们这边好安排,LLM_SYNTHETIC_SPOKEN_BASE,SYNTHETIC_TEXT
m3sbv1_013417,我想问一下确认一下服务有没有启动，你们这边好安排,LLM_SYNTHETIC_SPOKEN_BASE,SYNTHETIC_TEXT
m3sbv1_013418,一会儿看起来帮我拿一下旁边那个袋子我怕等会儿忘了,LLM_SYNTHETIC_SPOKEN_BASE,SYNTHETIC_TEXT
m3sbv1_013419,我确认一下确认一下名字有没有写错，我刚才没听太清楚,LLM_SYNTHETIC_SPOKEN_BASE,SYNTHETIC_TEXT
m3sbv1_013420,前面这两天帮我看看这个号码对不对我想先确认清楚,LLM_SYNTHETIC_SPOKEN_BASE,SYNTHETIC_TEXT
m3sbv1_013421,公司现在确认一下今天是不是正常营业我怕等会儿忘了,LLM_SYNTHETIC_SPOKEN_BASE,SYNTHETIC_TEXT
m3sbv1_013422,我这边没别的要求，看看还有没有漏掉的步骤就可以,LLM_SYNTHETIC_SPOKEN_BASE,SYNTHETIC_TEXT
m3sbv1_013423,我觉得把这个先放到后面处理，我刚才没听太清楚,LLM_SYNTHETIC_SPOKEN_BASE,SYNTHETIC_TEXT
m3sbv1_013424,我记得确认一下是不是同一个订单，我刚才没听太清楚,LLM_SYNTHETIC_SPOKEN_BASE,SYNTHETIC_TEXT
m3sbv1_013425,你们我记得把门先关一下有点冷，免得后面又要重新弄,LLM_SYNTHETIC_SPOKEN_BASE,SYNTHETIC_TEXT
m3sbv1_013426,店里我确认一下别着急我们按顺序来，免得后面又要重新弄,LLM_SYNTHETIC_SPOKEN_BASE,SYNTHETIC_TEXT
m3sbv1_013427,刚才我觉得确认一下是不是同一个订单可以吗,LLM_SYNTHETIC_SPOKEN_BASE,SYNTHETIC_TEXT
m3sbv1_013428,她麻烦你帮我问一下还有没有空位，免得后面又要重新弄,LLM_SYNTHETIC_SPOKEN_BASE,SYNTHETIC_TEXT
m3sbv1_013429,明天先别急，确认一下停车要不要付费再继续,LLM_SYNTHETIC_SPOKEN_BASE,SYNTHETIC_TEXT
m3sbv1_013430,应该把这个先留着别动，那边这边好安排,LLM_SYNTHETIC_SPOKEN_BASE,SYNTHETIC_TEXT
m3sbv1_013431,她今天把门先关一下有点冷是不是,LLM_SYNTHETIC_SPOKEN_BASE,SYNTHETIC_TEXT
m3sbv1_013432,他这两天帮我查一下刚才是哪一步失败了行不行,LLM_SYNTHETIC_SPOKEN_BASE,SYNTHETIC_TEXT
m3sbv1_013433,她我觉得问一下能不能晚一点回来，免得后面又要重新弄,LLM_SYNTHETIC_SPOKEN_BASE,SYNTHETIC_TEXT
m3sbv1_013434,我记得看看这个东西应该放哪里，我刚才没听太清楚,LLM_SYNTHETIC_SPOKEN_BASE,SYNTHETIC_TEXT
m3sbv1_013435,感觉试一下重新打开能不能用，那边这边好安排,LLM_SYNTHETIC_SPOKEN_BASE,SYNTHETIC_TEXT
m3sbv1_013436,晚一点确认一下是不是已经付过了，我确认完再跟你说,LLM_SYNTHETIC_SPOKEN_BASE,SYNTHETIC_TEXT
m3sbv1_013437,前面感觉帮我找一下刚才那个页面，免得后面又要重新弄,LLM_SYNTHETIC_SPOKEN_BASE,SYNTHETIC_TEXT
m3sbv1_013438,最近先别急，看看这个杯子是不是我的再继续,LLM_SYNTHETIC_SPOKEN_BASE,SYNTHETIC_TEXT
m3sbv1_013439,看起来帮我看看这个号码对不对，我刚才没听太清楚,LLM_SYNTHETIC_SPOKEN_BASE,SYNTHETIC_TEXT
m3sbv1_013440,现在应该看看是不是网络又断了然后告诉我,LLM_SYNTHETIC_SPOKEN_BASE,SYNTHETIC_TEXT
m3sbv1_013441,家里等一下先把旧的那套逻辑放一边可以吗,LLM_SYNTHETIC_SPOKEN_BASE,SYNTHETIC_TEXT
m3sbv1_013442,你们明天帮我看看附近有没有停车位可以吗,LLM_SYNTHETIC_SPOKEN_BASE,SYNTHETIC_TEXT
m3sbv1_013443,先先别急，确认一下名字有没有写错再继续,LLM_SYNTHETIC_SPOKEN_BASE,SYNTHETIC_TEXT
m3sbv1_013444,应该帮我把重复的内容删掉，她这边好安排,LLM_SYNTHETIC_SPOKEN_BASE,SYNTHETIC_TEXT
m3sbv1_013445,这边先确认一下这份文件是不是最终版我再决定,LLM_SYNTHETIC_SPOKEN_BASE,SYNTHETIC_TEXT
m3sbv1_013446,他之前看看这个东西应该放哪里我有点不确定,LLM_SYNTHETIC_SPOKEN_BASE,SYNTHETIC_TEXT
m3sbv1_013447,感觉帮我确认一下字段有没有变，后面这边好安排,LLM_SYNTHETIC_SPOKEN_BASE,SYNTHETIC_TEXT
m3sbv1_013448,一会儿先别急，看看这个东西应该放哪里再继续,LLM_SYNTHETIC_SPOKEN_BASE,SYNTHETIC_TEXT
m3sbv1_013449,店里感觉把这个先放到后面处理，免得后面又要重新弄,LLM_SYNTHETIC_SPOKEN_BASE,SYNTHETIC_TEXT
m3sbv1_013450,昨天先别急，帮我问一下还有没有空位再继续,LLM_SYNTHETIC_SPOKEN_BASE,SYNTHETIC_TEXT
m3sbv1_013451,麻烦你帮我看看为什么还没收到，家里这边好安排,LLM_SYNTHETIC_SPOKEN_BASE,SYNTHETIC_TEXT
m3sbv1_013452,她可能看看这个东西应该放哪里，免得后面又要重新弄,LLM_SYNTHETIC_SPOKEN_BASE,SYNTHETIC_TEXT
m3sbv1_013453,公司这边没别的要求，确认一下是不是从这里集合就可以,LLM_SYNTHETIC_SPOKEN_BASE,SYNTHETIC_TEXT
m3sbv1_013454,前面现在看看还有没有漏掉的步骤然后告诉我,LLM_SYNTHETIC_SPOKEN_BASE,SYNTHETIC_TEXT
m3sbv1_013455,看起来看看数据是不是重复了，店里这边好安排,LLM_SYNTHETIC_SPOKEN_BASE,SYNTHETIC_TEXT
m3sbv1_013456,今天先别急，看看有没有影响到别的模块再继续,LLM_SYNTHETIC_SPOKEN_BASE,SYNTHETIC_TEXT
m3sbv1_013457,我我觉得帮我确认一下下一站在哪里，免得后面又要重新弄,LLM_SYNTHETIC_SPOKEN_BASE,SYNTHETIC_TEXT
m3sbv1_013458,你这边没别的要求，看看谁还没有回复就可以,LLM_SYNTHETIC_SPOKEN_BASE,SYNTHETIC_TEXT
m3sbv1_013459,那边感觉确认一下名字有没有写错，免得后面又要重新弄,LLM_SYNTHETIC_SPOKEN_BASE,SYNTHETIC_TEXT
m3sbv1_013460,等一下麻烦你确认一下服务有没有启动我想先确认清楚,LLM_SYNTHETIC_SPOKEN_BASE,SYNTHETIC_TEXT
m3sbv1_013461,你们感觉确认一下这次只改这一部分，免得后面又要重新弄,LLM_SYNTHETIC_SPOKEN_BASE,SYNTHETIC_TEXT
m3sbv1_013462,我觉得把声音稍微调小一点，那边这边好安排,LLM_SYNTHETIC_SPOKEN_BASE,SYNTHETIC_TEXT
m3sbv1_013463,等一下先别急，确认一下是不是已经下单了再继续,LLM_SYNTHETIC_SPOKEN_BASE,SYNTHETIC_TEXT
m3sbv1_013464,那边我觉得看看前面能不能掉头，免得后面又要重新弄,LLM_SYNTHETIC_SPOKEN_BASE,SYNTHETIC_TEXT
m3sbv1_013465,那边麻烦你确认一下车是不是停在外面，免得后面又要重新弄,LLM_SYNTHETIC_SPOKEN_BASE,SYNTHETIC_TEXT
m3sbv1_013466,他麻烦你看看这个东西应该放哪里，免得后面又要重新弄,LLM_SYNTHETIC_SPOKEN_BASE,SYNTHETIC_TEXT
m3sbv1_013467,之前帮我找一下充电线放哪了，我确认完再跟你说,LLM_SYNTHETIC_SPOKEN_BASE,SYNTHETIC_TEXT
m3sbv1_013468,你们我记得确认一下测试结果有没有更新，免得后面又要重新弄,LLM_SYNTHETIC_SPOKEN_BASE,SYNTHETIC_TEXT
m3sbv1_013469,明天可能把最新版本发给我看一下就行,LLM_SYNTHETIC_SPOKEN_BASE,SYNTHETIC_TEXT
m3sbv1_013470,到时候我听说看看这个结果和昨天是不是一样我怕等会儿忘了,LLM_SYNTHETIC_SPOKEN_BASE,SYNTHETIC_TEXT
m3sbv1_013471,你昨天把刚才那条消息再发我一次可以吗,LLM_SYNTHETIC_SPOKEN_BASE,SYNTHETIC_TEXT
m3sbv1_013472,今天先别急，看看这个结果和昨天是不是一样再继续,LLM_SYNTHETIC_SPOKEN_BASE,SYNTHETIC_TEXT
m3sbv1_013473,之前应该看看能不能把时间往后挪一点我有点不确定,LLM_SYNTHETIC_SPOKEN_BASE,SYNTHETIC_TEXT
m3sbv1_013474,我们我想问一下看看是不是配置没有生效，免得后面又要重新弄,LLM_SYNTHETIC_SPOKEN_BASE,SYNTHETIC_TEXT
m3sbv1_013475,你最近帮我找一下充电线放哪了是不是,LLM_SYNTHETIC_SPOKEN_BASE,SYNTHETIC_TEXT
m3sbv1_013476,一会儿先等等我马上就过来，我确认完再跟你说,LLM_SYNTHETIC_SPOKEN_BASE,SYNTHETIC_TEXT
m3sbv1_013477,我这边没别的要求，再检查一遍有没有问题就可以,LLM_SYNTHETIC_SPOKEN_BASE,SYNTHETIC_TEXT
m3sbv1_013478,晚一点应该确认一下是不是已经付过了我再决定,LLM_SYNTHETIC_SPOKEN_BASE,SYNTHETIC_TEXT
m3sbv1_013479,公司我记得确认一下今天是不是正常营业，免得后面又要重新弄,LLM_SYNTHETIC_SPOKEN_BASE,SYNTHETIC_TEXT
m3sbv1_013480,我觉得帮我看看这个菜里面有没有辣椒，我刚才没听太清楚,LLM_SYNTHETIC_SPOKEN_BASE,SYNTHETIC_TEXT
m3sbv1_013481,最近我确认一下确认一下停车要不要付费行不行,LLM_SYNTHETIC_SPOKEN_BASE,SYNTHETIC_TEXT
m3sbv1_013482,前面我觉得帮我看看这个号码对不对，免得后面又要重新弄,LLM_SYNTHETIC_SPOKEN_BASE,SYNTHETIC_TEXT
m3sbv1_013483,后面等一下先把现在的结果保存下来吧,LLM_SYNTHETIC_SPOKEN_BASE,SYNTHETIC_TEXT
m3sbv1_013484,家里今天看看这个版本是不是最新的我想先确认清楚,LLM_SYNTHETIC_SPOKEN_BASE,SYNTHETIC_TEXT
m3sbv1_013485,现场一会儿确认一下是不是从这里集合可以吗,LLM_SYNTHETIC_SPOKEN_BASE,SYNTHETIC_TEXT
m3sbv1_013486,那边早一点帮我看看这个菜里面有没有辣椒行不行,LLM_SYNTHETIC_SPOKEN_BASE,SYNTHETIC_TEXT
m3sbv1_013487,你麻烦你把声音稍微调小一点，免得后面又要重新弄,LLM_SYNTHETIC_SPOKEN_BASE,SYNTHETIC_TEXT
m3sbv1_013488,公司最近确认一下时间有没有改,LLM_SYNTHETIC_SPOKEN_BASE,SYNTHETIC_TEXT
m3sbv1_013489,家里最近把这个先放到后面处理吧,LLM_SYNTHETIC_SPOKEN_BASE,SYNTHETIC_TEXT
m3sbv1_013490,晚一点看起来看看钥匙是不是还在车里行不行,LLM_SYNTHETIC_SPOKEN_BASE,SYNTHETIC_TEXT
m3sbv1_013491,应该看看是不是选错选项了，公司这边好安排,LLM_SYNTHETIC_SPOKEN_BASE,SYNTHETIC_TEXT
m3sbv1_013492,应该看看导航是不是带错路了，家里这边好安排,LLM_SYNTHETIC_SPOKEN_BASE,SYNTHETIC_TEXT
m3sbv1_013493,他这两天看看谁还没有回复吧,LLM_SYNTHETIC_SPOKEN_BASE,SYNTHETIC_TEXT
m3sbv1_013494,等一下先别急，确认一下停车要不要付费再继续,LLM_SYNTHETIC_SPOKEN_BASE,SYNTHETIC_TEXT
m3sbv1_013495,先我听说看看导航是不是带错路了吧,LLM_SYNTHETIC_SPOKEN_BASE,SYNTHETIC_TEXT
m3sbv1_013496,店里我记得再检查一遍有没有问题，免得后面又要重新弄,LLM_SYNTHETIC_SPOKEN_BASE,SYNTHETIC_TEXT
m3sbv1_013497,我估计帮我看看这个菜里面有没有辣椒，现场这边好安排,LLM_SYNTHETIC_SPOKEN_BASE,SYNTHETIC_TEXT
m3sbv1_013498,今天帮我确认一下字段有没有变，我确认完再跟你说,LLM_SYNTHETIC_SPOKEN_BASE,SYNTHETIC_TEXT
m3sbv1_013499,好像确认一下这个功能是不是已经关掉了，家里这边好安排,LLM_SYNTHETIC_SPOKEN_BASE,SYNTHETIC_TEXT
m3sbv1_013500,我听说看看导航是不是带错路了，这边这边好安排,LLM_SYNTHETIC_SPOKEN_BASE,SYNTHETIC_TEXT
m3sbv1_013501,他这边没别的要求，先等等我马上就过来就可以,LLM_SYNTHETIC_SPOKEN_BASE,SYNTHETIC_TEXT
m3sbv1_013502,我想问一下到的时候给我发个消息，前面这边好安排,LLM_SYNTHETIC_SPOKEN_BASE,SYNTHETIC_TEXT
m3sbv1_013503,我确认一下问一下他们什么时候能到，那边这边好安排,LLM_SYNTHETIC_SPOKEN_BASE,SYNTHETIC_TEXT
m3sbv1_013504,家里今天先把旧的那套逻辑放一边行不行,LLM_SYNTHETIC_SPOKEN_BASE,SYNTHETIC_TEXT
m3sbv1_013505,我听说看看空调能不能调高一点，我们这边好安排,LLM_SYNTHETIC_SPOKEN_BASE,SYNTHETIC_TEXT
m3sbv1_013506,他们晚一点帮我换一个安静一点的位置行不行,LLM_SYNTHETIC_SPOKEN_BASE,SYNTHETIC_TEXT
m3sbv1_013507,现在好像帮我问一下还有没有空位我想先确认清楚,LLM_SYNTHETIC_SPOKEN_BASE,SYNTHETIC_TEXT
m3sbv1_013508,我估计确认一下服务有没有启动，我刚才没听太清楚,LLM_SYNTHETIC_SPOKEN_BASE,SYNTHETIC_TEXT
m3sbv1_013509,你们早一点先别取消我再确认一下就行,LLM_SYNTHETIC_SPOKEN_BASE,SYNTHETIC_TEXT
m3sbv1_013510,现场一会儿问一下早餐几点开始,LLM_SYNTHETIC_SPOKEN_BASE,SYNTHETIC_TEXT
m3sbv1_013511,好像确认一下灯是不是都关了，你这边好安排,LLM_SYNTHETIC_SPOKEN_BASE,SYNTHETIC_TEXT
m3sbv1_013512,我记得帮我问一下现在还能不能改，我们这边好安排,LLM_SYNTHETIC_SPOKEN_BASE,SYNTHETIC_TEXT
m3sbv1_013513,今天感觉帮我问一下还有没有空位就行,LLM_SYNTHETIC_SPOKEN_BASE,SYNTHETIC_TEXT
m3sbv1_013514,感觉把刚才说的重点再讲一遍，店里这边好安排,LLM_SYNTHETIC_SPOKEN_BASE,SYNTHETIC_TEXT
m3sbv1_013515,他我想问一下确认一下服务有没有启动，免得后面又要重新弄,LLM_SYNTHETIC_SPOKEN_BASE,SYNTHETIC_TEXT
m3sbv1_013516,我听说先把这一项记下来，你这边好安排,LLM_SYNTHETIC_SPOKEN_BASE,SYNTHETIC_TEXT
m3sbv1_013517,店里可能把这个先放到后面处理，免得后面又要重新弄,LLM_SYNTHETIC_SPOKEN_BASE,SYNTHETIC_TEXT
m3sbv1_013518,之前先把旧的那套逻辑放一边，我确认完再跟你说,LLM_SYNTHETIC_SPOKEN_BASE,SYNTHETIC_TEXT
m3sbv1_013519,他们我记得帮我确认一下字段有没有变，免得后面又要重新弄,LLM_SYNTHETIC_SPOKEN_BASE,SYNTHETIC_TEXT
m3sbv1_013520,今天看起来看看油还够不够就行,LLM_SYNTHETIC_SPOKEN_BASE,SYNTHETIC_TEXT
m3sbv1_013521,到时候我想问一下确认一下入口是不是在这边我想先确认清楚,LLM_SYNTHETIC_SPOKEN_BASE,SYNTHETIC_TEXT
m3sbv1_013522,现场最近先把这个问题单独记录下来可以吗,LLM_SYNTHETIC_SPOKEN_BASE,SYNTHETIC_TEXT
m3sbv1_013523,应该帮我把水再加一点，现场这边好安排,LLM_SYNTHETIC_SPOKEN_BASE,SYNTHETIC_TEXT
m3sbv1_013524,我想问一下确认一下时间有没有改，他们这边好安排,LLM_SYNTHETIC_SPOKEN_BASE,SYNTHETIC_TEXT
m3sbv1_013525,你等一下试一下重新打开能不能用可以吗,LLM_SYNTHETIC_SPOKEN_BASE,SYNTHETIC_TEXT
m3sbv1_013526,前面我记得把声音稍微调小一点，免得后面又要重新弄,LLM_SYNTHETIC_SPOKEN_BASE,SYNTHETIC_TEXT
m3sbv1_013527,今天我确认一下问一下能不能晚一点回来行不行,LLM_SYNTHETIC_SPOKEN_BASE,SYNTHETIC_TEXT
m3sbv1_013528,我记得帮我看看行李放在哪里，你们这边好安排,LLM_SYNTHETIC_SPOKEN_BASE,SYNTHETIC_TEXT
m3sbv1_013529,最近先别急，帮我确认一下负责人是谁再继续,LLM_SYNTHETIC_SPOKEN_BASE,SYNTHETIC_TEXT
m3sbv1_013530,他今天到的时候给我发个消息别弄错了,LLM_SYNTHETIC_SPOKEN_BASE,SYNTHETIC_TEXT
m3sbv1_013531,我觉得问一下回来的车几点出发，我刚才没听太清楚,LLM_SYNTHETIC_SPOKEN_BASE,SYNTHETIC_TEXT
m3sbv1_013532,感觉看看数据是不是重复了，前面这边好安排,LLM_SYNTHETIC_SPOKEN_BASE,SYNTHETIC_TEXT
m3sbv1_013533,明天确认一下要不要提前预约，我确认完再跟你说,LLM_SYNTHETIC_SPOKEN_BASE,SYNTHETIC_TEXT
m3sbv1_013534,你感觉把这个先留着别动，免得后面又要重新弄,LLM_SYNTHETIC_SPOKEN_BASE,SYNTHETIC_TEXT
m3sbv1_013535,你麻烦你先把旧的那套逻辑放一边，免得后面又要重新弄,LLM_SYNTHETIC_SPOKEN_BASE,SYNTHETIC_TEXT
m3sbv1_013536,后面明天看看钥匙是不是还在车里我想先确认清楚,LLM_SYNTHETIC_SPOKEN_BASE,SYNTHETIC_TEXT
m3sbv1_013537,一会儿麻烦你看看这个结果和昨天是不是一样我有点不确定,LLM_SYNTHETIC_SPOKEN_BASE,SYNTHETIC_TEXT
m3sbv1_013538,前面麻烦你看看是不是网络又断了，免得后面又要重新弄,LLM_SYNTHETIC_SPOKEN_BASE,SYNTHETIC_TEXT
m3sbv1_013539,你们晚一点确认一下这份文件是不是最终版就行,LLM_SYNTHETIC_SPOKEN_BASE,SYNTHETIC_TEXT
m3sbv1_013540,那边昨天确认一下文件有没有传成功我想先确认清楚,LLM_SYNTHETIC_SPOKEN_BASE,SYNTHETIC_TEXT
m3sbv1_013541,晚一点我确认一下帮我确认一下房间准备好了没有是不是,LLM_SYNTHETIC_SPOKEN_BASE,SYNTHETIC_TEXT
m3sbv1_013542,前面我听说确认一下车是不是停在外面，免得后面又要重新弄,LLM_SYNTHETIC_SPOKEN_BASE,SYNTHETIC_TEXT
m3sbv1_013543,麻烦你看看前面是不是要左转，我刚才没听太清楚,LLM_SYNTHETIC_SPOKEN_BASE,SYNTHETIC_TEXT
m3sbv1_013544,明天先别急，问一下能不能晚一点回来再继续,LLM_SYNTHETIC_SPOKEN_BASE,SYNTHETIC_TEXT
m3sbv1_013545,先我确认一下把位置发给我我自己过去别弄错了,LLM_SYNTHETIC_SPOKEN_BASE,SYNTHETIC_TEXT
m3sbv1_013546,我们看起来帮我问一下还有没有空位，免得后面又要重新弄,LLM_SYNTHETIC_SPOKEN_BASE,SYNTHETIC_TEXT
m3sbv1_013547,那边刚才问一下还能不能加一个人然后告诉我,LLM_SYNTHETIC_SPOKEN_BASE,SYNTHETIC_TEXT
m3sbv1_013548,晚一点把刚才说的重点再讲一遍，我确认完再跟你说,LLM_SYNTHETIC_SPOKEN_BASE,SYNTHETIC_TEXT
m3sbv1_013549,公司早一点把声音稍微调小一点,LLM_SYNTHETIC_SPOKEN_BASE,SYNTHETIC_TEXT
m3sbv1_013550,可能确认一下入口是不是在这边，她这边好安排,LLM_SYNTHETIC_SPOKEN_BASE,SYNTHETIC_TEXT
m3sbv1_013551,后面早一点把声音稍微调小一点就行,LLM_SYNTHETIC_SPOKEN_BASE,SYNTHETIC_TEXT
m3sbv1_013552,好像帮我拿一下旁边那个袋子，公司这边好安排,LLM_SYNTHETIC_SPOKEN_BASE,SYNTHETIC_TEXT
m3sbv1_013553,明天麻烦你确认一下是不是已经下单了行不行,LLM_SYNTHETIC_SPOKEN_BASE,SYNTHETIC_TEXT
m3sbv1_013554,现场这边没别的要求，看看这个东西应该放哪里就可以,LLM_SYNTHETIC_SPOKEN_BASE,SYNTHETIC_TEXT
m3sbv1_013555,前面麻烦你把这个问题先记到清单里，免得后面又要重新弄,LLM_SYNTHETIC_SPOKEN_BASE,SYNTHETIC_TEXT
m3sbv1_013556,我们我觉得帮我看看日志里有没有异常，免得后面又要重新弄,LLM_SYNTHETIC_SPOKEN_BASE,SYNTHETIC_TEXT
m3sbv1_013557,我们这边没别的要求，确认一下是不是已经付过了就可以,LLM_SYNTHETIC_SPOKEN_BASE,SYNTHETIC_TEXT
m3sbv1_013558,她我确认一下先别取消我再确认一下，免得后面又要重新弄,LLM_SYNTHETIC_SPOKEN_BASE,SYNTHETIC_TEXT
m3sbv1_013559,早一点我记得看看油还够不够我想先确认清楚,LLM_SYNTHETIC_SPOKEN_BASE,SYNTHETIC_TEXT
m3sbv1_013560,家里最近问一下他们什么时候能到就行,LLM_SYNTHETIC_SPOKEN_BASE,SYNTHETIC_TEXT
m3sbv1_013561,我觉得把刚才说的重点再讲一遍，她这边好安排,LLM_SYNTHETIC_SPOKEN_BASE,SYNTHETIC_TEXT
m3sbv1_013562,先看看前面能不能掉头，我确认完再跟你说,LLM_SYNTHETIC_SPOKEN_BASE,SYNTHETIC_TEXT
m3sbv1_013563,早一点先别急，把刚才说的重点再讲一遍再继续,LLM_SYNTHETIC_SPOKEN_BASE,SYNTHETIC_TEXT
m3sbv1_013564,公司现在到的时候给我发个消息我怕等会儿忘了,LLM_SYNTHETIC_SPOKEN_BASE,SYNTHETIC_TEXT
m3sbv1_013565,可能确认一下名字有没有写错，店里这边好安排,LLM_SYNTHETIC_SPOKEN_BASE,SYNTHETIC_TEXT
m3sbv1_013566,刚才先别急，把刚才那条消息再发我一次再继续,LLM_SYNTHETIC_SPOKEN_BASE,SYNTHETIC_TEXT
m3sbv1_013567,感觉看看是不是配置没有生效，你们这边好安排,LLM_SYNTHETIC_SPOKEN_BASE,SYNTHETIC_TEXT
m3sbv1_013568,家里感觉把门先关一下有点冷，免得后面又要重新弄,LLM_SYNTHETIC_SPOKEN_BASE,SYNTHETIC_TEXT
m3sbv1_013569,今天我听说确认一下退房时间是几点,LLM_SYNTHETIC_SPOKEN_BASE,SYNTHETIC_TEXT
m3sbv1_013570,看起来确认一下是不是同一个订单，我刚才没听太清楚,LLM_SYNTHETIC_SPOKEN_BASE,SYNTHETIC_TEXT
m3sbv1_013571,先麻烦你看看前面是不是要左转我怕等会儿忘了,LLM_SYNTHETIC_SPOKEN_BASE,SYNTHETIC_TEXT
m3sbv1_013572,昨天先别急，把这个问题先记到清单里再继续,LLM_SYNTHETIC_SPOKEN_BASE,SYNTHETIC_TEXT
m3sbv1_013573,那边我听说告诉我大概还要多久，免得后面又要重新弄,LLM_SYNTHETIC_SPOKEN_BASE,SYNTHETIC_TEXT
m3sbv1_013574,她我想问一下别着急我们按顺序来，免得后面又要重新弄,LLM_SYNTHETIC_SPOKEN_BASE,SYNTHETIC_TEXT
m3sbv1_013575,店里可能帮我查一下刚才是哪一步失败了，免得后面又要重新弄,LLM_SYNTHETIC_SPOKEN_BASE,SYNTHETIC_TEXT
m3sbv1_013576,好像确认一下会议是不是改到下午了，我刚才没听太清楚,LLM_SYNTHETIC_SPOKEN_BASE,SYNTHETIC_TEXT
m3sbv1_013577,店里我记得确认一下今天是不是正常营业，免得后面又要重新弄,LLM_SYNTHETIC_SPOKEN_BASE,SYNTHETIC_TEXT
m3sbv1_013578,他们应该看看空调能不能调高一点，免得后面又要重新弄,LLM_SYNTHETIC_SPOKEN_BASE,SYNTHETIC_TEXT
m3sbv1_013579,晚一点好像看看数据是不是重复了是不是,LLM_SYNTHETIC_SPOKEN_BASE,SYNTHETIC_TEXT
m3sbv1_013580,这边这两天确认一下是不是已经下单了可以吗,LLM_SYNTHETIC_SPOKEN_BASE,SYNTHETIC_TEXT
m3sbv1_013581,我记得看看前面是不是要左转，后面这边好安排,LLM_SYNTHETIC_SPOKEN_BASE,SYNTHETIC_TEXT
m3sbv1_013582,麻烦你确认一下服务有没有启动，店里这边好安排,LLM_SYNTHETIC_SPOKEN_BASE,SYNTHETIC_TEXT
m3sbv1_013583,应该确认一下名字有没有写错，你们这边好安排,LLM_SYNTHETIC_SPOKEN_BASE,SYNTHETIC_TEXT
m3sbv1_013584,那边我确认一下先别取消我再确认一下，免得后面又要重新弄,LLM_SYNTHETIC_SPOKEN_BASE,SYNTHETIC_TEXT
m3sbv1_013585,麻烦你看看钥匙是不是还在车里，他们这边好安排,LLM_SYNTHETIC_SPOKEN_BASE,SYNTHETIC_TEXT
m3sbv1_013586,家里好像确认一下灯是不是都关了，免得后面又要重新弄,LLM_SYNTHETIC_SPOKEN_BASE,SYNTHETIC_TEXT
m3sbv1_013587,早一点可能帮我看看这个零件是不是松了然后告诉我,LLM_SYNTHETIC_SPOKEN_BASE,SYNTHETIC_TEXT
m3sbv1_013588,公司麻烦你把门先关一下有点冷，免得后面又要重新弄,LLM_SYNTHETIC_SPOKEN_BASE,SYNTHETIC_TEXT
m3sbv1_013589,我确认一下确认一下时间有没有改，他这边好安排,LLM_SYNTHETIC_SPOKEN_BASE,SYNTHETIC_TEXT
m3sbv1_013590,这两天先别急，确认一下这次只改这一部分再继续,LLM_SYNTHETIC_SPOKEN_BASE,SYNTHETIC_TEXT
m3sbv1_013591,昨天可能先把现在的结果保存下来我怕等会儿忘了,LLM_SYNTHETIC_SPOKEN_BASE,SYNTHETIC_TEXT
m3sbv1_013592,我等一下帮我确认一下房间准备好了没有行不行,LLM_SYNTHETIC_SPOKEN_BASE,SYNTHETIC_TEXT
m3sbv1_013593,他们之前看看这个杯子是不是我的,LLM_SYNTHETIC_SPOKEN_BASE,SYNTHETIC_TEXT
m3sbv1_013594,这边这边没别的要求，看看是不是网络又断了就可以,LLM_SYNTHETIC_SPOKEN_BASE,SYNTHETIC_TEXT
m3sbv1_013595,感觉看看这个结果和昨天是不是一样，我刚才没听太清楚,LLM_SYNTHETIC_SPOKEN_BASE,SYNTHETIC_TEXT
m3sbv1_013596,这两天确认一下服务有没有启动，我确认完再跟你说,LLM_SYNTHETIC_SPOKEN_BASE,SYNTHETIC_TEXT
m3sbv1_013597,店里先帮我确认一下下一站在哪里我怕等会儿忘了,LLM_SYNTHETIC_SPOKEN_BASE,SYNTHETIC_TEXT
m3sbv1_013598,后面晚一点帮我查一下刚才是哪一步失败了是不是,LLM_SYNTHETIC_SPOKEN_BASE,SYNTHETIC_TEXT
m3sbv1_013599,我记得问一下能不能晚一点回来，我刚才没听太清楚,LLM_SYNTHETIC_SPOKEN_BASE,SYNTHETIC_TEXT
m3sbv1_013600,最近看看这个结果和昨天是不是一样，我确认完再跟你说,LLM_SYNTHETIC_SPOKEN_BASE,SYNTHETIC_TEXT
m3sbv1_013601,这边应该帮我换一个安静一点的位置，免得后面又要重新弄,LLM_SYNTHETIC_SPOKEN_BASE,SYNTHETIC_TEXT
m3sbv1_013602,先先别急，确认一下这次只改这一部分再继续,LLM_SYNTHETIC_SPOKEN_BASE,SYNTHETIC_TEXT
m3sbv1_013603,可能看看还有没有漏掉的步骤，前面这边好安排,LLM_SYNTHETIC_SPOKEN_BASE,SYNTHETIC_TEXT
m3sbv1_013604,我等一下确认一下要不要提前预约我怕等会儿忘了,LLM_SYNTHETIC_SPOKEN_BASE,SYNTHETIC_TEXT
m3sbv1_013605,麻烦你帮我看看日志里有没有异常，店里这边好安排,LLM_SYNTHETIC_SPOKEN_BASE,SYNTHETIC_TEXT
m3sbv1_013606,家里早一点帮我把水再加一点,LLM_SYNTHETIC_SPOKEN_BASE,SYNTHETIC_TEXT
m3sbv1_013607,我们这边没别的要求，帮我找一下刚才那个页面就可以,LLM_SYNTHETIC_SPOKEN_BASE,SYNTHETIC_TEXT
m3sbv1_013608,最近先别急，看看这个版本是不是最新的再继续,LLM_SYNTHETIC_SPOKEN_BASE,SYNTHETIC_TEXT
m3sbv1_013609,看起来看看是不是还少了什么，我这边好安排,LLM_SYNTHETIC_SPOKEN_BASE,SYNTHETIC_TEXT
m3sbv1_013610,昨天我记得确认一下退房时间是几点然后告诉我,LLM_SYNTHETIC_SPOKEN_BASE,SYNTHETIC_TEXT
m3sbv1_013611,之前我记得先把这个问题单独记录下来别弄错了,LLM_SYNTHETIC_SPOKEN_BASE,SYNTHETIC_TEXT
m3sbv1_013612,看看钥匙是不是还在车里以后跟我说一声就行,LLM_SYNTHETIC_SPOKEN_BASE,SYNTHETIC_TEXT
m3sbv1_013613,你们先确认一下停车要不要付费是不是,LLM_SYNTHETIC_SPOKEN_BASE,SYNTHETIC_TEXT
m3sbv1_013614,好像别着急我们按顺序来，后面这边好安排,LLM_SYNTHETIC_SPOKEN_BASE,SYNTHETIC_TEXT
m3sbv1_013615,可能再检查一遍有没有问题，你这边好安排,LLM_SYNTHETIC_SPOKEN_BASE,SYNTHETIC_TEXT
m3sbv1_013616,早一点应该把声音稍微调小一点是不是,LLM_SYNTHETIC_SPOKEN_BASE,SYNTHETIC_TEXT
m3sbv1_013617,好像告诉我大概还要多久，公司这边好安排,LLM_SYNTHETIC_SPOKEN_BASE,SYNTHETIC_TEXT
m3sbv1_013618,现场之前确认一下是不是同一个订单别弄错了,LLM_SYNTHETIC_SPOKEN_BASE,SYNTHETIC_TEXT
m3sbv1_013619,我可能帮我看看附近有没有停车位，免得后面又要重新弄,LLM_SYNTHETIC_SPOKEN_BASE,SYNTHETIC_TEXT
m3sbv1_013620,把最新版本发给我看一下，如果不行就先别改,LLM_SYNTHETIC_SPOKEN_BASE,SYNTHETIC_TEXT
m3sbv1_013621,好像看看这个结果和昨天是不是一样，我刚才没听太清楚,LLM_SYNTHETIC_SPOKEN_BASE,SYNTHETIC_TEXT
m3sbv1_013622,后面这边没别的要求，确认一下停车要不要付费就可以,LLM_SYNTHETIC_SPOKEN_BASE,SYNTHETIC_TEXT
m3sbv1_013623,你们我确认一下先等等我马上就过来，免得后面又要重新弄,LLM_SYNTHETIC_SPOKEN_BASE,SYNTHETIC_TEXT
m3sbv1_013624,这两天先别急，看看是不是选错选项了再继续,LLM_SYNTHETIC_SPOKEN_BASE,SYNTHETIC_TEXT
m3sbv1_013625,公司这边没别的要求，帮我找一下充电线放哪了就可以,LLM_SYNTHETIC_SPOKEN_BASE,SYNTHETIC_TEXT
m3sbv1_013626,今天先别急，帮我看看这个零件是不是松了再继续,LLM_SYNTHETIC_SPOKEN_BASE,SYNTHETIC_TEXT
m3sbv1_013627,我这边没别的要求，看看有没有不用排队的办法就可以,LLM_SYNTHETIC_SPOKEN_BASE,SYNTHETIC_TEXT
m3sbv1_013628,感觉确认一下会议是不是改到下午了，我刚才没听太清楚,LLM_SYNTHETIC_SPOKEN_BASE,SYNTHETIC_TEXT
m3sbv1_013629,感觉帮我换一个安静一点的位置，我刚才没听太清楚,LLM_SYNTHETIC_SPOKEN_BASE,SYNTHETIC_TEXT
m3sbv1_013630,刚才帮我把重复的内容删掉，我确认完再跟你说,LLM_SYNTHETIC_SPOKEN_BASE,SYNTHETIC_TEXT
m3sbv1_013631,现在麻烦你帮我把重复的内容删掉我想先确认清楚,LLM_SYNTHETIC_SPOKEN_BASE,SYNTHETIC_TEXT
m3sbv1_013632,她我觉得确认一下时间有没有改，免得后面又要重新弄,LLM_SYNTHETIC_SPOKEN_BASE,SYNTHETIC_TEXT
m3sbv1_013633,一会儿感觉看看前面是不是要左转我怕等会儿忘了,LLM_SYNTHETIC_SPOKEN_BASE,SYNTHETIC_TEXT
m3sbv1_013634,最近应该看看还有没有漏掉的步骤可以吗,LLM_SYNTHETIC_SPOKEN_BASE,SYNTHETIC_TEXT
m3sbv1_013635,他我听说看看导航是不是带错路了，免得后面又要重新弄,LLM_SYNTHETIC_SPOKEN_BASE,SYNTHETIC_TEXT
m3sbv1_013636,好像看看这个接口是不是又报错了，公司这边好安排,LLM_SYNTHETIC_SPOKEN_BASE,SYNTHETIC_TEXT
m3sbv1_013637,我好像先把旧的那套逻辑放一边，免得后面又要重新弄,LLM_SYNTHETIC_SPOKEN_BASE,SYNTHETIC_TEXT
m3sbv1_013638,家里刚才把这个先放到后面处理可以吗,LLM_SYNTHETIC_SPOKEN_BASE,SYNTHETIC_TEXT
m3sbv1_013639,帮我确认一下字段有没有变，有变化的话提前告诉我,LLM_SYNTHETIC_SPOKEN_BASE,SYNTHETIC_TEXT
m3sbv1_013640,看看前面能不能掉头，如果不行就先别改,LLM_SYNTHETIC_SPOKEN_BASE,SYNTHETIC_TEXT
m3sbv1_013641,之前好像确认一下文件有没有传成功我再决定,LLM_SYNTHETIC_SPOKEN_BASE,SYNTHETIC_TEXT
m3sbv1_013642,现场之前把这个问题先记到清单里我再决定,LLM_SYNTHETIC_SPOKEN_BASE,SYNTHETIC_TEXT
m3sbv1_013643,之前我估计确认一下是不是同一个订单就行,LLM_SYNTHETIC_SPOKEN_BASE,SYNTHETIC_TEXT
m3sbv1_013644,看看导航是不是带错路了以后跟我说一声就行,LLM_SYNTHETIC_SPOKEN_BASE,SYNTHETIC_TEXT
m3sbv1_013645,我应该帮我看看这个菜里面有没有辣椒，免得后面又要重新弄,LLM_SYNTHETIC_SPOKEN_BASE,SYNTHETIC_TEXT
m3sbv1_013646,最近先别急，看看能不能把时间往后挪一点再继续,LLM_SYNTHETIC_SPOKEN_BASE,SYNTHETIC_TEXT
m3sbv1_013647,你们这边没别的要求，确认一下这个功能是不是已经关掉了就可以,LLM_SYNTHETIC_SPOKEN_BASE,SYNTHETIC_TEXT
m3sbv1_013648,早一点把刚才那条消息再发我一次，我确认完再跟你说,LLM_SYNTHETIC_SPOKEN_BASE,SYNTHETIC_TEXT
m3sbv1_013649,麻烦你问一下早餐几点开始，家里这边好安排,LLM_SYNTHETIC_SPOKEN_BASE,SYNTHETIC_TEXT
m3sbv1_013650,我觉得确认一下这个功能是不是已经关掉了，前面这边好安排,LLM_SYNTHETIC_SPOKEN_BASE,SYNTHETIC_TEXT
m3sbv1_013651,店里先帮我问一下还有没有空位吧,LLM_SYNTHETIC_SPOKEN_BASE,SYNTHETIC_TEXT
m3sbv1_013652,后面我估计问一下这个能不能少放一点盐，免得后面又要重新弄,LLM_SYNTHETIC_SPOKEN_BASE,SYNTHETIC_TEXT
m3sbv1_013653,他刚才看看油还够不够就行,LLM_SYNTHETIC_SPOKEN_BASE,SYNTHETIC_TEXT
m3sbv1_013654,感觉确认一下要不要提前预约，前面这边好安排,LLM_SYNTHETIC_SPOKEN_BASE,SYNTHETIC_TEXT
m3sbv1_013655,她一会儿看看还有没有漏掉的步骤然后告诉我,LLM_SYNTHETIC_SPOKEN_BASE,SYNTHETIC_TEXT
m3sbv1_013656,明天先别急，确认一下名字有没有写错再继续,LLM_SYNTHETIC_SPOKEN_BASE,SYNTHETIC_TEXT
m3sbv1_013657,我们明天看看有没有不用排队的办法吧,LLM_SYNTHETIC_SPOKEN_BASE,SYNTHETIC_TEXT
m3sbv1_013658,你可能先把现在的结果保存下来，免得后面又要重新弄,LLM_SYNTHETIC_SPOKEN_BASE,SYNTHETIC_TEXT
m3sbv1_013659,前面感觉帮我把重复的内容删掉，免得后面又要重新弄,LLM_SYNTHETIC_SPOKEN_BASE,SYNTHETIC_TEXT
m3sbv1_013660,我确认一下问一下还能不能加一个人，她这边好安排,LLM_SYNTHETIC_SPOKEN_BASE,SYNTHETIC_TEXT
m3sbv1_013661,他早一点先把这一项记下来是不是,LLM_SYNTHETIC_SPOKEN_BASE,SYNTHETIC_TEXT
m3sbv1_013662,我记得确认一下会议是不是改到下午了，我刚才没听太清楚,LLM_SYNTHETIC_SPOKEN_BASE,SYNTHETIC_TEXT
m3sbv1_013663,我想问一下确认一下名字有没有写错，我这边好安排,LLM_SYNTHETIC_SPOKEN_BASE,SYNTHETIC_TEXT
m3sbv1_013664,明天看看这个接口是不是又报错了，我确认完再跟你说,LLM_SYNTHETIC_SPOKEN_BASE,SYNTHETIC_TEXT
m3sbv1_013665,她早一点帮我把需要验证的地方列出来吧,LLM_SYNTHETIC_SPOKEN_BASE,SYNTHETIC_TEXT
m3sbv1_013666,你们明天确认一下文件有没有传成功行不行,LLM_SYNTHETIC_SPOKEN_BASE,SYNTHETIC_TEXT
m3sbv1_013667,麻烦你问一下早餐几点开始，我刚才没听太清楚,LLM_SYNTHETIC_SPOKEN_BASE,SYNTHETIC_TEXT
m3sbv1_013668,我好像再检查一遍有没有问题，免得后面又要重新弄,LLM_SYNTHETIC_SPOKEN_BASE,SYNTHETIC_TEXT
m3sbv1_013669,现场现在确认一下要不要提前预约我有点不确定,LLM_SYNTHETIC_SPOKEN_BASE,SYNTHETIC_TEXT
m3sbv1_013670,最近我觉得问一下早餐几点开始行不行,LLM_SYNTHETIC_SPOKEN_BASE,SYNTHETIC_TEXT
m3sbv1_013671,你好像先把这个问题单独记录下来，免得后面又要重新弄,LLM_SYNTHETIC_SPOKEN_BASE,SYNTHETIC_TEXT
m3sbv1_013672,之前我想问一下看看能不能多拿一条毛巾我想先确认清楚,LLM_SYNTHETIC_SPOKEN_BASE,SYNTHETIC_TEXT
m3sbv1_013673,现场我想问一下确认一下是不是同一个订单，免得后面又要重新弄,LLM_SYNTHETIC_SPOKEN_BASE,SYNTHETIC_TEXT
m3sbv1_013674,家里最近帮我看看这个零件是不是松了我有点不确定,LLM_SYNTHETIC_SPOKEN_BASE,SYNTHETIC_TEXT
m3sbv1_013675,你们到时候确认一下轮胎是不是有点软就行,LLM_SYNTHETIC_SPOKEN_BASE,SYNTHETIC_TEXT
m3sbv1_013676,之前确认一下服务有没有启动，我确认完再跟你说,LLM_SYNTHETIC_SPOKEN_BASE,SYNTHETIC_TEXT
m3sbv1_013677,早一点先别急，看看前面是不是要左转再继续,LLM_SYNTHETIC_SPOKEN_BASE,SYNTHETIC_TEXT
m3sbv1_013678,一会儿看看导航是不是带错路了，我确认完再跟你说,LLM_SYNTHETIC_SPOKEN_BASE,SYNTHETIC_TEXT
m3sbv1_013679,这两天看看能不能把时间往后挪一点，我确认完再跟你说,LLM_SYNTHETIC_SPOKEN_BASE,SYNTHETIC_TEXT
m3sbv1_013680,应该确认一下是不是同一个订单，我刚才没听太清楚,LLM_SYNTHETIC_SPOKEN_BASE,SYNTHETIC_TEXT
m3sbv1_013681,到时候看看这个价格有没有包含费用，我确认完再跟你说,LLM_SYNTHETIC_SPOKEN_BASE,SYNTHETIC_TEXT
m3sbv1_013682,晚一点可能看看这个杯子是不是我的我再决定,LLM_SYNTHETIC_SPOKEN_BASE,SYNTHETIC_TEXT
m3sbv1_013683,等一下我想问一下帮我看看行李放在哪里我有点不确定,LLM_SYNTHETIC_SPOKEN_BASE,SYNTHETIC_TEXT
m3sbv1_013684,最近先别急，帮我找一下刚才那个页面再继续,LLM_SYNTHETIC_SPOKEN_BASE,SYNTHETIC_TEXT
m3sbv1_013685,现场我确认一下看看前面能不能掉头，免得后面又要重新弄,LLM_SYNTHETIC_SPOKEN_BASE,SYNTHETIC_TEXT
m3sbv1_013686,要是方便的话确认一下入口是不是在这边，不用特意等我,LLM_SYNTHETIC_SPOKEN_BASE,SYNTHETIC_TEXT
m3sbv1_013687,看起来确认一下是不是已经下单了，现场这边好安排,LLM_SYNTHETIC_SPOKEN_BASE,SYNTHETIC_TEXT
m3sbv1_013688,昨天麻烦你帮我看看日志里有没有异常我怕等会儿忘了,LLM_SYNTHETIC_SPOKEN_BASE,SYNTHETIC_TEXT
m3sbv1_013689,现在看看能不能换成小份，我确认完再跟你说,LLM_SYNTHETIC_SPOKEN_BASE,SYNTHETIC_TEXT
m3sbv1_013690,家里应该帮我问一下现在还能不能改，免得后面又要重新弄,LLM_SYNTHETIC_SPOKEN_BASE,SYNTHETIC_TEXT
m3sbv1_013691,一会儿我记得看看有没有不用排队的办法我想先确认清楚,LLM_SYNTHETIC_SPOKEN_BASE,SYNTHETIC_TEXT
m3sbv1_013692,刚才我觉得确认一下是不是已经下单了别弄错了,LLM_SYNTHETIC_SPOKEN_BASE,SYNTHETIC_TEXT
m3sbv1_013693,昨天我记得看看能不能多拿一条毛巾吧,LLM_SYNTHETIC_SPOKEN_BASE,SYNTHETIC_TEXT
m3sbv1_013694,她早一点帮我查一下刚才是哪一步失败了别弄错了,LLM_SYNTHETIC_SPOKEN_BASE,SYNTHETIC_TEXT
m3sbv1_013695,到时候应该确认一下入口是不是在这边可以吗,LLM_SYNTHETIC_SPOKEN_BASE,SYNTHETIC_TEXT
m3sbv1_013696,我觉得看看是不是还少了什么，店里这边好安排,LLM_SYNTHETIC_SPOKEN_BASE,SYNTHETIC_TEXT
m3sbv1_013697,先看起来看看导航是不是带错路了可以吗,LLM_SYNTHETIC_SPOKEN_BASE,SYNTHETIC_TEXT
m3sbv1_013698,这两天看起来看看能不能多拿一条毛巾别弄错了,LLM_SYNTHETIC_SPOKEN_BASE,SYNTHETIC_TEXT
m3sbv1_013699,之前我觉得看看是不是选错选项了然后告诉我,LLM_SYNTHETIC_SPOKEN_BASE,SYNTHETIC_TEXT
m3sbv1_013700,今天可能把门先关一下有点冷我有点不确定,LLM_SYNTHETIC_SPOKEN_BASE,SYNTHETIC_TEXT
m3sbv1_013701,你应该先把现在的结果保存下来，免得后面又要重新弄,LLM_SYNTHETIC_SPOKEN_BASE,SYNTHETIC_TEXT
m3sbv1_013702,刚才我觉得确认一下退房时间是几点,LLM_SYNTHETIC_SPOKEN_BASE,SYNTHETIC_TEXT
m3sbv1_013703,我们我觉得再检查一遍有没有问题，免得后面又要重新弄,LLM_SYNTHETIC_SPOKEN_BASE,SYNTHETIC_TEXT
m3sbv1_013704,先我想问一下看看谁还没有回复我再决定,LLM_SYNTHETIC_SPOKEN_BASE,SYNTHETIC_TEXT
m3sbv1_013705,之前我听说确认一下时间有没有改我想先确认清楚,LLM_SYNTHETIC_SPOKEN_BASE,SYNTHETIC_TEXT
m3sbv1_013706,等一下可能看看有没有影响到别的模块我怕等会儿忘了,LLM_SYNTHETIC_SPOKEN_BASE,SYNTHETIC_TEXT
m3sbv1_013707,现场看起来看看有没有影响到别的模块，免得后面又要重新弄,LLM_SYNTHETIC_SPOKEN_BASE,SYNTHETIC_TEXT
m3sbv1_013708,可能确认一下是不是同一个订单，前面这边好安排,LLM_SYNTHETIC_SPOKEN_BASE,SYNTHETIC_TEXT
m3sbv1_013709,家里最近把声音稍微调小一点吧,LLM_SYNTHETIC_SPOKEN_BASE,SYNTHETIC_TEXT
m3sbv1_013710,应该帮我换一个安静一点的位置，你这边好安排,LLM_SYNTHETIC_SPOKEN_BASE,SYNTHETIC_TEXT
m3sbv1_013711,你们明天确认一下是不是同一个订单是不是,LLM_SYNTHETIC_SPOKEN_BASE,SYNTHETIC_TEXT
m3sbv1_013712,你们今天看一下这个是不是放错地方了我有点不确定,LLM_SYNTHETIC_SPOKEN_BASE,SYNTHETIC_TEXT
m3sbv1_013713,他我估计看看有没有影响到别的模块，免得后面又要重新弄,LLM_SYNTHETIC_SPOKEN_BASE,SYNTHETIC_TEXT
m3sbv1_013714,后面这边没别的要求，看看是不是网络又断了就可以,LLM_SYNTHETIC_SPOKEN_BASE,SYNTHETIC_TEXT
m3sbv1_013715,前面早一点确认一下退房时间是几点是不是,LLM_SYNTHETIC_SPOKEN_BASE,SYNTHETIC_TEXT
m3sbv1_013716,我估计看看有没有不用排队的办法，我刚才没听太清楚,LLM_SYNTHETIC_SPOKEN_BASE,SYNTHETIC_TEXT
m3sbv1_013717,后面我确认一下看看空调能不能调高一点，免得后面又要重新弄,LLM_SYNTHETIC_SPOKEN_BASE,SYNTHETIC_TEXT
m3sbv1_013718,公司麻烦你确认一下今天是不是正常营业，免得后面又要重新弄,LLM_SYNTHETIC_SPOKEN_BASE,SYNTHETIC_TEXT
m3sbv1_013719,我听说看看前面能不能掉头，店里这边好安排,LLM_SYNTHETIC_SPOKEN_BASE,SYNTHETIC_TEXT
m3sbv1_013720,到时候好像帮我拿一下旁边那个袋子,LLM_SYNTHETIC_SPOKEN_BASE,SYNTHETIC_TEXT
m3sbv1_013721,他们好像看看油还够不够，免得后面又要重新弄,LLM_SYNTHETIC_SPOKEN_BASE,SYNTHETIC_TEXT
m3sbv1_013722,等一下应该帮我确认一下负责人是谁吧,LLM_SYNTHETIC_SPOKEN_BASE,SYNTHETIC_TEXT
m3sbv1_013723,那边我估计看一下这个是不是放错地方了，免得后面又要重新弄,LLM_SYNTHETIC_SPOKEN_BASE,SYNTHETIC_TEXT
m3sbv1_013724,一会儿先别急，确认一下今天是不是正常营业再继续,LLM_SYNTHETIC_SPOKEN_BASE,SYNTHETIC_TEXT
m3sbv1_013725,我听说确认一下这份文件是不是最终版，你们这边好安排,LLM_SYNTHETIC_SPOKEN_BASE,SYNTHETIC_TEXT
m3sbv1_013726,明天别着急我们按顺序来，我确认完再跟你说,LLM_SYNTHETIC_SPOKEN_BASE,SYNTHETIC_TEXT
m3sbv1_013727,他们这边没别的要求，确认一下这次只改这一部分就可以,LLM_SYNTHETIC_SPOKEN_BASE,SYNTHETIC_TEXT
m3sbv1_013728,前面感觉看一下这个是不是放错地方了，免得后面又要重新弄,LLM_SYNTHETIC_SPOKEN_BASE,SYNTHETIC_TEXT
m3sbv1_013729,我估计看看能不能多拿一条毛巾，我刚才没听太清楚,LLM_SYNTHETIC_SPOKEN_BASE,SYNTHETIC_TEXT
m3sbv1_013730,我记得帮我看看这个号码对不对，你们这边好安排,LLM_SYNTHETIC_SPOKEN_BASE,SYNTHETIC_TEXT
m3sbv1_013731,感觉确认一下是不是从这里集合，我刚才没听太清楚,LLM_SYNTHETIC_SPOKEN_BASE,SYNTHETIC_TEXT
m3sbv1_013732,这两天看起来确认一下轮胎是不是有点软行不行,LLM_SYNTHETIC_SPOKEN_BASE,SYNTHETIC_TEXT
m3sbv1_013733,家里感觉确认一下灯是不是都关了，免得后面又要重新弄,LLM_SYNTHETIC_SPOKEN_BASE,SYNTHETIC_TEXT
m3sbv1_013734,这两天先别急，看看前面能不能掉头再继续,LLM_SYNTHETIC_SPOKEN_BASE,SYNTHETIC_TEXT
m3sbv1_013735,你这两天问一下能不能晚一点回来别弄错了,LLM_SYNTHETIC_SPOKEN_BASE,SYNTHETIC_TEXT
m3sbv1_013736,我记得帮我看看附近有没有停车位，她这边好安排,LLM_SYNTHETIC_SPOKEN_BASE,SYNTHETIC_TEXT
m3sbv1_013737,他们到时候帮我看看这个零件是不是松了,LLM_SYNTHETIC_SPOKEN_BASE,SYNTHETIC_TEXT
m3sbv1_013738,你们明天帮我查一下刚才是哪一步失败了我怕等会儿忘了,LLM_SYNTHETIC_SPOKEN_BASE,SYNTHETIC_TEXT
m3sbv1_013739,家里感觉确认一下入口是不是在这边，免得后面又要重新弄,LLM_SYNTHETIC_SPOKEN_BASE,SYNTHETIC_TEXT
m3sbv1_013740,一会儿我记得看看谁还没有回复行不行,LLM_SYNTHETIC_SPOKEN_BASE,SYNTHETIC_TEXT
m3sbv1_013741,我们我估计问一下能不能晚一点回来，免得后面又要重新弄,LLM_SYNTHETIC_SPOKEN_BASE,SYNTHETIC_TEXT
m3sbv1_013742,应该问一下这个能不能少放一点盐，前面这边好安排,LLM_SYNTHETIC_SPOKEN_BASE,SYNTHETIC_TEXT
m3sbv1_013743,你我想问一下确认一下入口是不是在这边，免得后面又要重新弄,LLM_SYNTHETIC_SPOKEN_BASE,SYNTHETIC_TEXT
m3sbv1_013744,他们应该告诉我大概还要多久，免得后面又要重新弄,LLM_SYNTHETIC_SPOKEN_BASE,SYNTHETIC_TEXT
m3sbv1_013745,到时候先别急，确认一下是不是已经付过了再继续,LLM_SYNTHETIC_SPOKEN_BASE,SYNTHETIC_TEXT
m3sbv1_013746,你我记得确认一下这份文件是不是最终版，免得后面又要重新弄,LLM_SYNTHETIC_SPOKEN_BASE,SYNTHETIC_TEXT
m3sbv1_013747,现在我确认一下看看是不是还少了什么,LLM_SYNTHETIC_SPOKEN_BASE,SYNTHETIC_TEXT
m3sbv1_013748,一会儿先把这一项记下来，我确认完再跟你说,LLM_SYNTHETIC_SPOKEN_BASE,SYNTHETIC_TEXT
m3sbv1_013749,他们麻烦你看看能不能把时间往后挪一点，免得后面又要重新弄,LLM_SYNTHETIC_SPOKEN_BASE,SYNTHETIC_TEXT
m3sbv1_013750,到时候先别急，问一下能不能晚一点回来再继续,LLM_SYNTHETIC_SPOKEN_BASE,SYNTHETIC_TEXT
m3sbv1_013751,我们到时候先把现在的结果保存下来可以吗,LLM_SYNTHETIC_SPOKEN_BASE,SYNTHETIC_TEXT
m3sbv1_013752,昨天看起来帮我问一下现在还能不能改我有点不确定,LLM_SYNTHETIC_SPOKEN_BASE,SYNTHETIC_TEXT
m3sbv1_013753,后面感觉问一下还能不能加一个人，免得后面又要重新弄,LLM_SYNTHETIC_SPOKEN_BASE,SYNTHETIC_TEXT
m3sbv1_013754,先我听说确认一下名字有没有写错我怕等会儿忘了,LLM_SYNTHETIC_SPOKEN_BASE,SYNTHETIC_TEXT
m3sbv1_013755,那边一会儿确认一下停车要不要付费我有点不确定,LLM_SYNTHETIC_SPOKEN_BASE,SYNTHETIC_TEXT
m3sbv1_013756,明天看起来别着急我们按顺序来是不是,LLM_SYNTHETIC_SPOKEN_BASE,SYNTHETIC_TEXT
m3sbv1_013757,感觉帮我拿一下旁边那个袋子，他们这边好安排,LLM_SYNTHETIC_SPOKEN_BASE,SYNTHETIC_TEXT
m3sbv1_013758,晚一点看起来帮我换一个安静一点的位置就行,LLM_SYNTHETIC_SPOKEN_BASE,SYNTHETIC_TEXT
m3sbv1_013759,我们我听说看看这个结果和昨天是不是一样，免得后面又要重新弄,LLM_SYNTHETIC_SPOKEN_BASE,SYNTHETIC_TEXT
m3sbv1_013760,我听说帮我确认一下字段有没有变，他这边好安排,LLM_SYNTHETIC_SPOKEN_BASE,SYNTHETIC_TEXT
m3sbv1_013761,现场看起来问一下还能不能加一个人，免得后面又要重新弄,LLM_SYNTHETIC_SPOKEN_BASE,SYNTHETIC_TEXT
m3sbv1_013762,前面我觉得确认一下这次只改这一部分，免得后面又要重新弄,LLM_SYNTHETIC_SPOKEN_BASE,SYNTHETIC_TEXT
m3sbv1_013763,好像确认一下停车要不要付费，我刚才没听太清楚,LLM_SYNTHETIC_SPOKEN_BASE,SYNTHETIC_TEXT
m3sbv1_013764,刚才先别急，确认一下是不是从这里集合再继续,LLM_SYNTHETIC_SPOKEN_BASE,SYNTHETIC_TEXT
m3sbv1_013765,麻烦你看看导航是不是带错路了，我刚才没听太清楚,LLM_SYNTHETIC_SPOKEN_BASE,SYNTHETIC_TEXT
m3sbv1_013766,好像确认一下时间有没有改，我刚才没听太清楚,LLM_SYNTHETIC_SPOKEN_BASE,SYNTHETIC_TEXT
m3sbv1_013767,店里我记得帮我问一下还有没有空位，免得后面又要重新弄,LLM_SYNTHETIC_SPOKEN_BASE,SYNTHETIC_TEXT
m3sbv1_013768,我早一点把这个先留着别动我再决定,LLM_SYNTHETIC_SPOKEN_BASE,SYNTHETIC_TEXT
m3sbv1_013769,可能帮我确认一下房间准备好了没有，我刚才没听太清楚,LLM_SYNTHETIC_SPOKEN_BASE,SYNTHETIC_TEXT
m3sbv1_013770,前面这边没别的要求，帮我确认一下下一站在哪里就可以,LLM_SYNTHETIC_SPOKEN_BASE,SYNTHETIC_TEXT
m3sbv1_013771,最近麻烦你看看这个结果和昨天是不是一样,LLM_SYNTHETIC_SPOKEN_BASE,SYNTHETIC_TEXT
m3sbv1_013772,现在我记得问一下回来的车几点出发我再决定,LLM_SYNTHETIC_SPOKEN_BASE,SYNTHETIC_TEXT
m3sbv1_013773,那边我觉得先把这个问题单独记录下来，免得后面又要重新弄,LLM_SYNTHETIC_SPOKEN_BASE,SYNTHETIC_TEXT
m3sbv1_013774,我确认一下确认一下退房时间是几点，公司这边好安排,LLM_SYNTHETIC_SPOKEN_BASE,SYNTHETIC_TEXT
m3sbv1_013775,最近感觉问一下能不能晚一点回来我怕等会儿忘了,LLM_SYNTHETIC_SPOKEN_BASE,SYNTHETIC_TEXT
m3sbv1_013776,今天我觉得帮我看看日志里有没有异常吧,LLM_SYNTHETIC_SPOKEN_BASE,SYNTHETIC_TEXT
m3sbv1_013777,刚才先别急，帮我找一下刚才那个页面再继续,LLM_SYNTHETIC_SPOKEN_BASE,SYNTHETIC_TEXT
m3sbv1_013778,你到时候看看能不能把时间往后挪一点行不行,LLM_SYNTHETIC_SPOKEN_BASE,SYNTHETIC_TEXT
m3sbv1_013779,现在我听说看看是不是网络又断了吧,LLM_SYNTHETIC_SPOKEN_BASE,SYNTHETIC_TEXT
m3sbv1_013780,我听说帮我看看日志里有没有异常，我刚才没听太清楚,LLM_SYNTHETIC_SPOKEN_BASE,SYNTHETIC_TEXT
m3sbv1_013781,我想问一下确认一下名字有没有写错，我刚才没听太清楚,LLM_SYNTHETIC_SPOKEN_BASE,SYNTHETIC_TEXT
m3sbv1_013782,要是方便的话把这个问题先记到清单里，不用特意等我,LLM_SYNTHETIC_SPOKEN_BASE,SYNTHETIC_TEXT
m3sbv1_013783,现在我想问一下看看有没有影响到别的模块我想先确认清楚,LLM_SYNTHETIC_SPOKEN_BASE,SYNTHETIC_TEXT
m3sbv1_013784,我确认一下确认一下是不是已经下单了，公司这边好安排,LLM_SYNTHETIC_SPOKEN_BASE,SYNTHETIC_TEXT
m3sbv1_013785,前面我想问一下别着急我们按顺序来，免得后面又要重新弄,LLM_SYNTHETIC_SPOKEN_BASE,SYNTHETIC_TEXT
m3sbv1_013786,晚一点帮我确认一下下一站在哪里，我确认完再跟你说,LLM_SYNTHETIC_SPOKEN_BASE,SYNTHETIC_TEXT
m3sbv1_013787,我估计把刚才说的重点再讲一遍，店里这边好安排,LLM_SYNTHETIC_SPOKEN_BASE,SYNTHETIC_TEXT
m3sbv1_013788,我确认一下确认一下今天是不是正常营业，公司这边好安排,LLM_SYNTHETIC_SPOKEN_BASE,SYNTHETIC_TEXT
m3sbv1_013789,你可能看看钥匙是不是还在车里，免得后面又要重新弄,LLM_SYNTHETIC_SPOKEN_BASE,SYNTHETIC_TEXT
m3sbv1_013790,我记得确认一下名字有没有写错，我们这边好安排,LLM_SYNTHETIC_SPOKEN_BASE,SYNTHETIC_TEXT
m3sbv1_013791,感觉帮我问一下现在还能不能改，我刚才没听太清楚,LLM_SYNTHETIC_SPOKEN_BASE,SYNTHETIC_TEXT
m3sbv1_013792,我最近试一下重新打开能不能用别弄错了,LLM_SYNTHETIC_SPOKEN_BASE,SYNTHETIC_TEXT
m3sbv1_013793,我确认一下帮我找一下充电线放哪了，我刚才没听太清楚,LLM_SYNTHETIC_SPOKEN_BASE,SYNTHETIC_TEXT
m3sbv1_013794,我明天确认一下轮胎是不是有点软我有点不确定,LLM_SYNTHETIC_SPOKEN_BASE,SYNTHETIC_TEXT
m3sbv1_013795,今天我记得把声音稍微调小一点我再决定,LLM_SYNTHETIC_SPOKEN_BASE,SYNTHETIC_TEXT
m3sbv1_013796,她这边没别的要求，看看是不是网络又断了就可以,LLM_SYNTHETIC_SPOKEN_BASE,SYNTHETIC_TEXT
m3sbv1_013797,我想问一下看看数据是不是重复了，店里这边好安排,LLM_SYNTHETIC_SPOKEN_BASE,SYNTHETIC_TEXT
m3sbv1_013798,昨天我想问一下确认一下这份文件是不是最终版我再决定,LLM_SYNTHETIC_SPOKEN_BASE,SYNTHETIC_TEXT
m3sbv1_013799,等一下麻烦你帮我看看附近有没有停车位就行,LLM_SYNTHETIC_SPOKEN_BASE,SYNTHETIC_TEXT
m3sbv1_013800,可能看一下这个是不是放错地方了，我刚才没听太清楚,LLM_SYNTHETIC_SPOKEN_BASE,SYNTHETIC_TEXT
m3sbv1_013801,我估计确认一下时间有没有改，后面这边好安排,LLM_SYNTHETIC_SPOKEN_BASE,SYNTHETIC_TEXT
m3sbv1_013802,你昨天把门先关一下有点冷就行,LLM_SYNTHETIC_SPOKEN_BASE,SYNTHETIC_TEXT
m3sbv1_013803,看起来帮我确认一下字段有没有变，这边这边好安排,LLM_SYNTHETIC_SPOKEN_BASE,SYNTHETIC_TEXT
m3sbv1_013804,我记得确认一下今天是不是正常营业，后面这边好安排,LLM_SYNTHETIC_SPOKEN_BASE,SYNTHETIC_TEXT
m3sbv1_013805,公司这边没别的要求，看看能不能换成小份就可以,LLM_SYNTHETIC_SPOKEN_BASE,SYNTHETIC_TEXT
m3sbv1_013806,等一下先别急，看看钥匙是不是还在车里再继续,LLM_SYNTHETIC_SPOKEN_BASE,SYNTHETIC_TEXT
m3sbv1_013807,那边最近把刚才说的重点再讲一遍然后告诉我,LLM_SYNTHETIC_SPOKEN_BASE,SYNTHETIC_TEXT
m3sbv1_013808,一会儿帮我拿一下旁边那个袋子，我确认完再跟你说,LLM_SYNTHETIC_SPOKEN_BASE,SYNTHETIC_TEXT
m3sbv1_013809,最近应该看看是不是还少了什么是不是,LLM_SYNTHETIC_SPOKEN_BASE,SYNTHETIC_TEXT
m3sbv1_013810,这两天先别急，看看前面是不是要左转再继续,LLM_SYNTHETIC_SPOKEN_BASE,SYNTHETIC_TEXT
m3sbv1_013811,他们这边没别的要求，看看有没有影响到别的模块就可以,LLM_SYNTHETIC_SPOKEN_BASE,SYNTHETIC_TEXT
m3sbv1_013812,可能看看是不是配置没有生效，家里这边好安排,LLM_SYNTHETIC_SPOKEN_BASE,SYNTHETIC_TEXT
m3sbv1_013813,现场刚才帮我查一下刚才是哪一步失败了,LLM_SYNTHETIC_SPOKEN_BASE,SYNTHETIC_TEXT
m3sbv1_013814,这两天问一下回来的车几点出发，我确认完再跟你说,LLM_SYNTHETIC_SPOKEN_BASE,SYNTHETIC_TEXT
m3sbv1_013815,你们早一点把声音稍微调小一点我想先确认清楚,LLM_SYNTHETIC_SPOKEN_BASE,SYNTHETIC_TEXT
m3sbv1_013816,看起来确认一下灯是不是都关了，现场这边好安排,LLM_SYNTHETIC_SPOKEN_BASE,SYNTHETIC_TEXT
m3sbv1_013817,我这两天看看是不是还少了什么然后告诉我,LLM_SYNTHETIC_SPOKEN_BASE,SYNTHETIC_TEXT
m3sbv1_013818,等一下把声音稍微调小一点，我确认完再跟你说,LLM_SYNTHETIC_SPOKEN_BASE,SYNTHETIC_TEXT
m3sbv1_013819,之前可能把位置发给我我自己过去是不是,LLM_SYNTHETIC_SPOKEN_BASE,SYNTHETIC_TEXT
m3sbv1_013820,之前好像告诉我大概还要多久吧,LLM_SYNTHETIC_SPOKEN_BASE,SYNTHETIC_TEXT
m3sbv1_013821,现场这边没别的要求，确认一下灯是不是都关了就可以,LLM_SYNTHETIC_SPOKEN_BASE,SYNTHETIC_TEXT
m3sbv1_013822,这边现在先把旧的那套逻辑放一边吧,LLM_SYNTHETIC_SPOKEN_BASE,SYNTHETIC_TEXT
m3sbv1_013823,昨天麻烦你问一下回来的车几点出发行不行,LLM_SYNTHETIC_SPOKEN_BASE,SYNTHETIC_TEXT
m3sbv1_013824,先我估计看看这个价格有没有包含费用我有点不确定,LLM_SYNTHETIC_SPOKEN_BASE,SYNTHETIC_TEXT
m3sbv1_013825,这两天我确认一下看看前面是不是要左转我怕等会儿忘了,LLM_SYNTHETIC_SPOKEN_BASE,SYNTHETIC_TEXT
m3sbv1_013826,店里这边没别的要求，帮我把水再加一点就可以,LLM_SYNTHETIC_SPOKEN_BASE,SYNTHETIC_TEXT
m3sbv1_013827,最近我确认一下帮我拿一下旁边那个袋子吧,LLM_SYNTHETIC_SPOKEN_BASE,SYNTHETIC_TEXT
m3sbv1_013828,前面先看看导航是不是带错路了我怕等会儿忘了,LLM_SYNTHETIC_SPOKEN_BASE,SYNTHETIC_TEXT
m3sbv1_013829,我想问一下确认一下退房时间是几点，公司这边好安排,LLM_SYNTHETIC_SPOKEN_BASE,SYNTHETIC_TEXT
m3sbv1_013830,明天可能把这个问题先记到清单里吧,LLM_SYNTHETIC_SPOKEN_BASE,SYNTHETIC_TEXT
m3sbv1_013831,明天先别急，帮我把需要验证的地方列出来再继续,LLM_SYNTHETIC_SPOKEN_BASE,SYNTHETIC_TEXT
m3sbv1_013832,我们先把刚才那条消息再发我一次我想先确认清楚,LLM_SYNTHETIC_SPOKEN_BASE,SYNTHETIC_TEXT
m3sbv1_013833,应该把位置发给我我自己过去，现场这边好安排,LLM_SYNTHETIC_SPOKEN_BASE,SYNTHETIC_TEXT
m3sbv1_013834,这两天可能帮我把需要验证的地方列出来我想先确认清楚,LLM_SYNTHETIC_SPOKEN_BASE,SYNTHETIC_TEXT
m3sbv1_013835,感觉看看数据是不是重复了，你们这边好安排,LLM_SYNTHETIC_SPOKEN_BASE,SYNTHETIC_TEXT
m3sbv1_013836,现场这边没别的要求，帮我看看日志里有没有异常就可以,LLM_SYNTHETIC_SPOKEN_BASE,SYNTHETIC_TEXT
m3sbv1_013837,你早一点看看数据是不是重复了别弄错了,LLM_SYNTHETIC_SPOKEN_BASE,SYNTHETIC_TEXT
m3sbv1_013838,你们麻烦你问一下能不能晚一点回来，免得后面又要重新弄,LLM_SYNTHETIC_SPOKEN_BASE,SYNTHETIC_TEXT
m3sbv1_013839,现在先别急，确认一下会议是不是改到下午了再继续,LLM_SYNTHETIC_SPOKEN_BASE,SYNTHETIC_TEXT
m3sbv1_013840,今天我估计到的时候给我发个消息吧,LLM_SYNTHETIC_SPOKEN_BASE,SYNTHETIC_TEXT
m3sbv1_013841,我我记得看看这个接口是不是又报错了，免得后面又要重新弄,LLM_SYNTHETIC_SPOKEN_BASE,SYNTHETIC_TEXT
m3sbv1_013842,我应该看看是不是选错选项了，免得后面又要重新弄,LLM_SYNTHETIC_SPOKEN_BASE,SYNTHETIC_TEXT
m3sbv1_013843,家里昨天确认一下服务有没有启动是不是,LLM_SYNTHETIC_SPOKEN_BASE,SYNTHETIC_TEXT
m3sbv1_013844,那边麻烦你帮我换一个安静一点的位置，免得后面又要重新弄,LLM_SYNTHETIC_SPOKEN_BASE,SYNTHETIC_TEXT
m3sbv1_013845,我估计看看这个杯子是不是我的，我们这边好安排,LLM_SYNTHETIC_SPOKEN_BASE,SYNTHETIC_TEXT
m3sbv1_013846,我估计别着急我们按顺序来，我这边好安排,LLM_SYNTHETIC_SPOKEN_BASE,SYNTHETIC_TEXT
m3sbv1_013847,应该看看有没有影响到别的模块，我刚才没听太清楚,LLM_SYNTHETIC_SPOKEN_BASE,SYNTHETIC_TEXT
m3sbv1_013848,我听说确认一下测试结果有没有更新，我刚才没听太清楚,LLM_SYNTHETIC_SPOKEN_BASE,SYNTHETIC_TEXT
m3sbv1_013849,你们这边没别的要求，帮我问一下现在还能不能改就可以,LLM_SYNTHETIC_SPOKEN_BASE,SYNTHETIC_TEXT
m3sbv1_013850,他我确认一下告诉我大概还要多久，免得后面又要重新弄,LLM_SYNTHETIC_SPOKEN_BASE,SYNTHETIC_TEXT
m3sbv1_013851,等一下看看是不是选错选项了，我确认完再跟你说,LLM_SYNTHETIC_SPOKEN_BASE,SYNTHETIC_TEXT
m3sbv1_013852,刚才可能帮我把水再加一点吧,LLM_SYNTHETIC_SPOKEN_BASE,SYNTHETIC_TEXT
m3sbv1_013853,我确认一下帮我确认一下房间准备好了没有，我们这边好安排,LLM_SYNTHETIC_SPOKEN_BASE,SYNTHETIC_TEXT
m3sbv1_013854,看看是不是选错选项了以后跟我说一声就行,LLM_SYNTHETIC_SPOKEN_BASE,SYNTHETIC_TEXT
m3sbv1_013855,你等一下确认一下这个功能是不是已经关掉了是不是,LLM_SYNTHETIC_SPOKEN_BASE,SYNTHETIC_TEXT
m3sbv1_013856,这边明天帮我听一下这个声音正不正常行不行,LLM_SYNTHETIC_SPOKEN_BASE,SYNTHETIC_TEXT
m3sbv1_013857,这两天我估计看看能不能多拿一条毛巾我怕等会儿忘了,LLM_SYNTHETIC_SPOKEN_BASE,SYNTHETIC_TEXT
m3sbv1_013858,现场现在先把这一项记下来我想先确认清楚,LLM_SYNTHETIC_SPOKEN_BASE,SYNTHETIC_TEXT
m3sbv1_013859,我听说先等等我马上就过来，公司这边好安排,LLM_SYNTHETIC_SPOKEN_BASE,SYNTHETIC_TEXT
m3sbv1_013860,早一点先别急，看一下这个是不是放错地方了再继续,LLM_SYNTHETIC_SPOKEN_BASE,SYNTHETIC_TEXT
m3sbv1_013861,她之前看看前面能不能掉头然后告诉我,LLM_SYNTHETIC_SPOKEN_BASE,SYNTHETIC_TEXT
m3sbv1_013862,你我记得问一下能不能晚一点回来，免得后面又要重新弄,LLM_SYNTHETIC_SPOKEN_BASE,SYNTHETIC_TEXT
m3sbv1_013863,你们等一下看看是不是还少了什么,LLM_SYNTHETIC_SPOKEN_BASE,SYNTHETIC_TEXT
m3sbv1_013864,好像帮我把水再加一点，家里这边好安排,LLM_SYNTHETIC_SPOKEN_BASE,SYNTHETIC_TEXT
m3sbv1_013865,我感觉帮我看看这个菜里面有没有辣椒，免得后面又要重新弄,LLM_SYNTHETIC_SPOKEN_BASE,SYNTHETIC_TEXT
m3sbv1_013866,之前我听说把地址再确认一下我想先确认清楚,LLM_SYNTHETIC_SPOKEN_BASE,SYNTHETIC_TEXT
m3sbv1_013867,我觉得确认一下是不是已经付过了，我刚才没听太清楚,LLM_SYNTHETIC_SPOKEN_BASE,SYNTHETIC_TEXT
m3sbv1_013868,家里先先等等我马上就过来我怕等会儿忘了,LLM_SYNTHETIC_SPOKEN_BASE,SYNTHETIC_TEXT
m3sbv1_013869,后面现在确认一下会议是不是改到下午了我怕等会儿忘了,LLM_SYNTHETIC_SPOKEN_BASE,SYNTHETIC_TEXT
m3sbv1_013870,他好像把门先关一下有点冷，免得后面又要重新弄,LLM_SYNTHETIC_SPOKEN_BASE,SYNTHETIC_TEXT
m3sbv1_013871,这边这边没别的要求，看看有没有更早一点的时间就可以,LLM_SYNTHETIC_SPOKEN_BASE,SYNTHETIC_TEXT
m3sbv1_013872,刚才帮我拿一下旁边那个袋子，我确认完再跟你说,LLM_SYNTHETIC_SPOKEN_BASE,SYNTHETIC_TEXT
m3sbv1_013873,晚一点我确认一下确认一下退房时间是几点我有点不确定,LLM_SYNTHETIC_SPOKEN_BASE,SYNTHETIC_TEXT
m3sbv1_013874,你们我估计把最新版本发给我看一下，免得后面又要重新弄,LLM_SYNTHETIC_SPOKEN_BASE,SYNTHETIC_TEXT
m3sbv1_013875,这边这边没别的要求，确认一下灯是不是都关了就可以,LLM_SYNTHETIC_SPOKEN_BASE,SYNTHETIC_TEXT
m3sbv1_013876,晚一点先别急，问一下还能不能加一个人再继续,LLM_SYNTHETIC_SPOKEN_BASE,SYNTHETIC_TEXT
m3sbv1_013877,我觉得问一下能不能晚一点回来，店里这边好安排,LLM_SYNTHETIC_SPOKEN_BASE,SYNTHETIC_TEXT
m3sbv1_013878,今天好像确认一下停车要不要付费我怕等会儿忘了,LLM_SYNTHETIC_SPOKEN_BASE,SYNTHETIC_TEXT
m3sbv1_013879,这边我觉得确认一下今天是不是正常营业，免得后面又要重新弄,LLM_SYNTHETIC_SPOKEN_BASE,SYNTHETIC_TEXT
m3sbv1_013880,今天帮我看看行李放在哪里，我确认完再跟你说,LLM_SYNTHETIC_SPOKEN_BASE,SYNTHETIC_TEXT
m3sbv1_013881,刚才应该到的时候给我发个消息行不行,LLM_SYNTHETIC_SPOKEN_BASE,SYNTHETIC_TEXT
m3sbv1_013882,后面我想问一下告诉我大概还要多久，免得后面又要重新弄,LLM_SYNTHETIC_SPOKEN_BASE,SYNTHETIC_TEXT
m3sbv1_013883,等一下应该确认一下今天是不是正常营业我怕等会儿忘了,LLM_SYNTHETIC_SPOKEN_BASE,SYNTHETIC_TEXT
m3sbv1_013884,你们刚才问一下早餐几点开始就行,LLM_SYNTHETIC_SPOKEN_BASE,SYNTHETIC_TEXT
m3sbv1_013885,之前我想问一下到的时候给我发个消息我再决定,LLM_SYNTHETIC_SPOKEN_BASE,SYNTHETIC_TEXT
m3sbv1_013886,我们晚一点看看是不是还少了什么可以吗,LLM_SYNTHETIC_SPOKEN_BASE,SYNTHETIC_TEXT
m3sbv1_013887,早一点先别急，问一下他们什么时候能到再继续,LLM_SYNTHETIC_SPOKEN_BASE,SYNTHETIC_TEXT
m3sbv1_013888,你这边没别的要求，帮我看看这个菜里面有没有辣椒就可以,LLM_SYNTHETIC_SPOKEN_BASE,SYNTHETIC_TEXT
m3sbv1_013889,晚一点麻烦你帮我拿一下旁边那个袋子别弄错了,LLM_SYNTHETIC_SPOKEN_BASE,SYNTHETIC_TEXT
m3sbv1_013890,我确认一下确认一下这份文件是不是最终版，现场这边好安排,LLM_SYNTHETIC_SPOKEN_BASE,SYNTHETIC_TEXT
m3sbv1_013891,你麻烦你问一下还能不能加一个人，免得后面又要重新弄,LLM_SYNTHETIC_SPOKEN_BASE,SYNTHETIC_TEXT
m3sbv1_013892,看起来确认一下停车要不要付费，公司这边好安排,LLM_SYNTHETIC_SPOKEN_BASE,SYNTHETIC_TEXT
m3sbv1_013893,他们感觉把位置发给我我自己过去，免得后面又要重新弄,LLM_SYNTHETIC_SPOKEN_BASE,SYNTHETIC_TEXT
m3sbv1_013894,我估计确认一下要不要提前预约，公司这边好安排,LLM_SYNTHETIC_SPOKEN_BASE,SYNTHETIC_TEXT
m3sbv1_013895,昨天应该问一下还能不能加一个人别弄错了,LLM_SYNTHETIC_SPOKEN_BASE,SYNTHETIC_TEXT
m3sbv1_013896,现在好像帮我把需要验证的地方列出来就行,LLM_SYNTHETIC_SPOKEN_BASE,SYNTHETIC_TEXT
m3sbv1_013897,我们感觉确认一下这个功能是不是已经关掉了，免得后面又要重新弄,LLM_SYNTHETIC_SPOKEN_BASE,SYNTHETIC_TEXT
m3sbv1_013898,到时候先别急，把这个先留着别动再继续,LLM_SYNTHETIC_SPOKEN_BASE,SYNTHETIC_TEXT
m3sbv1_013899,看看有没有不用排队的办法，如果不行就先别改,LLM_SYNTHETIC_SPOKEN_BASE,SYNTHETIC_TEXT
m3sbv1_013900,家里刚才帮我把水再加一点吧,LLM_SYNTHETIC_SPOKEN_BASE,SYNTHETIC_TEXT
m3sbv1_013901,你们我觉得确认一下这次只改这一部分，免得后面又要重新弄,LLM_SYNTHETIC_SPOKEN_BASE,SYNTHETIC_TEXT
m3sbv1_013902,我这两天看一下这个是不是放错地方了可以吗,LLM_SYNTHETIC_SPOKEN_BASE,SYNTHETIC_TEXT
m3sbv1_013903,我晚一点看看油还够不够我有点不确定,LLM_SYNTHETIC_SPOKEN_BASE,SYNTHETIC_TEXT
m3sbv1_013904,他们应该看看这个结果和昨天是不是一样，免得后面又要重新弄,LLM_SYNTHETIC_SPOKEN_BASE,SYNTHETIC_TEXT
m3sbv1_013905,刚才先别急，问一下他们什么时候能到再继续,LLM_SYNTHETIC_SPOKEN_BASE,SYNTHETIC_TEXT
m3sbv1_013906,应该把门先关一下有点冷，我刚才没听太清楚,LLM_SYNTHETIC_SPOKEN_BASE,SYNTHETIC_TEXT
m3sbv1_013907,刚才问一下还能不能加一个人，我确认完再跟你说,LLM_SYNTHETIC_SPOKEN_BASE,SYNTHETIC_TEXT
m3sbv1_013908,公司到时候先把旧的那套逻辑放一边吧,LLM_SYNTHETIC_SPOKEN_BASE,SYNTHETIC_TEXT
m3sbv1_013909,我估计帮我确认一下下一站在哪里，店里这边好安排,LLM_SYNTHETIC_SPOKEN_BASE,SYNTHETIC_TEXT
m3sbv1_013910,她最近帮我把需要验证的地方列出来,LLM_SYNTHETIC_SPOKEN_BASE,SYNTHETIC_TEXT
m3sbv1_013911,家里这边没别的要求，帮我看看这个零件是不是松了就可以,LLM_SYNTHETIC_SPOKEN_BASE,SYNTHETIC_TEXT
m3sbv1_013912,刚才我想问一下确认一下服务有没有启动行不行,LLM_SYNTHETIC_SPOKEN_BASE,SYNTHETIC_TEXT
m3sbv1_013913,好像问一下能不能晚一点回来，我刚才没听太清楚,LLM_SYNTHETIC_SPOKEN_BASE,SYNTHETIC_TEXT
m3sbv1_013914,刚才感觉看看谁还没有回复行不行,LLM_SYNTHETIC_SPOKEN_BASE,SYNTHETIC_TEXT
m3sbv1_013915,她这边没别的要求，看看这个价格有没有包含费用就可以,LLM_SYNTHETIC_SPOKEN_BASE,SYNTHETIC_TEXT
m3sbv1_013916,现场这边没别的要求，确认一下测试结果有没有更新就可以,LLM_SYNTHETIC_SPOKEN_BASE,SYNTHETIC_TEXT
m3sbv1_013917,我听说帮我换一个安静一点的位置，我刚才没听太清楚,LLM_SYNTHETIC_SPOKEN_BASE,SYNTHETIC_TEXT
m3sbv1_013918,前面我确认一下帮我把重复的内容删掉，免得后面又要重新弄,LLM_SYNTHETIC_SPOKEN_BASE,SYNTHETIC_TEXT
m3sbv1_013919,我确认一下确认一下名字有没有写错，公司这边好安排,LLM_SYNTHETIC_SPOKEN_BASE,SYNTHETIC_TEXT
m3sbv1_013920,店里早一点看看能不能多拿一条毛巾我怕等会儿忘了,LLM_SYNTHETIC_SPOKEN_BASE,SYNTHETIC_TEXT
m3sbv1_013921,我觉得看看数据是不是重复了，店里这边好安排,LLM_SYNTHETIC_SPOKEN_BASE,SYNTHETIC_TEXT
m3sbv1_013922,可能看看这个价格有没有包含费用，我们这边好安排,LLM_SYNTHETIC_SPOKEN_BASE,SYNTHETIC_TEXT
m3sbv1_013923,我听说把刚才说的重点再讲一遍，我刚才没听太清楚,LLM_SYNTHETIC_SPOKEN_BASE,SYNTHETIC_TEXT
m3sbv1_013924,你之前帮我把需要验证的地方列出来别弄错了,LLM_SYNTHETIC_SPOKEN_BASE,SYNTHETIC_TEXT
m3sbv1_013925,等一下确认一下文件有没有传成功，我确认完再跟你说,LLM_SYNTHETIC_SPOKEN_BASE,SYNTHETIC_TEXT
m3sbv1_013926,先好像把最新版本发给我看一下就行,LLM_SYNTHETIC_SPOKEN_BASE,SYNTHETIC_TEXT
m3sbv1_013927,家里一会儿帮我问一下还有没有空位,LLM_SYNTHETIC_SPOKEN_BASE,SYNTHETIC_TEXT
m3sbv1_013928,我们晚一点看看有没有更早一点的时间行不行,LLM_SYNTHETIC_SPOKEN_BASE,SYNTHETIC_TEXT
m3sbv1_013929,今天先别急，看看数据是不是重复了再继续,LLM_SYNTHETIC_SPOKEN_BASE,SYNTHETIC_TEXT
m3sbv1_013930,我记得帮我看看日志里有没有异常，店里这边好安排,LLM_SYNTHETIC_SPOKEN_BASE,SYNTHETIC_TEXT
m3sbv1_013931,到时候先别急，确认一下退房时间是几点再继续,LLM_SYNTHETIC_SPOKEN_BASE,SYNTHETIC_TEXT
m3sbv1_013932,晚一点可能看看这个版本是不是最新的我有点不确定,LLM_SYNTHETIC_SPOKEN_BASE,SYNTHETIC_TEXT
m3sbv1_013933,好像把刚才那条消息再发我一次，公司这边好安排,LLM_SYNTHETIC_SPOKEN_BASE,SYNTHETIC_TEXT
m3sbv1_013934,他们晚一点确认一下时间有没有改然后告诉我,LLM_SYNTHETIC_SPOKEN_BASE,SYNTHETIC_TEXT
m3sbv1_013935,帮我找一下刚才那个页面以后跟我说一声就行,LLM_SYNTHETIC_SPOKEN_BASE,SYNTHETIC_TEXT
m3sbv1_013936,这两天先别急，确认一下轮胎是不是有点软再继续,LLM_SYNTHETIC_SPOKEN_BASE,SYNTHETIC_TEXT
m3sbv1_013937,你等一下看看谁还没有回复就行,LLM_SYNTHETIC_SPOKEN_BASE,SYNTHETIC_TEXT
m3sbv1_013938,我们这边没别的要求，问一下回来的车几点出发就可以,LLM_SYNTHETIC_SPOKEN_BASE,SYNTHETIC_TEXT
m3sbv1_013939,我估计把这个先放到后面处理，你这边好安排,LLM_SYNTHETIC_SPOKEN_BASE,SYNTHETIC_TEXT
m3sbv1_013940,我估计看看前面是不是要左转，她这边好安排,LLM_SYNTHETIC_SPOKEN_BASE,SYNTHETIC_TEXT
m3sbv1_013941,这边之前把这个先放到后面处理吧,LLM_SYNTHETIC_SPOKEN_BASE,SYNTHETIC_TEXT
m3sbv1_013942,他们晚一点看看是不是网络又断了可以吗,LLM_SYNTHETIC_SPOKEN_BASE,SYNTHETIC_TEXT
m3sbv1_013943,这两天我听说看看谁还没有回复我有点不确定,LLM_SYNTHETIC_SPOKEN_BASE,SYNTHETIC_TEXT
m3sbv1_013944,我记得把这个先留着别动，我刚才没听太清楚,LLM_SYNTHETIC_SPOKEN_BASE,SYNTHETIC_TEXT
m3sbv1_013945,我确认一下看看这个东西应该放哪里，现场这边好安排,LLM_SYNTHETIC_SPOKEN_BASE,SYNTHETIC_TEXT
m3sbv1_013946,等一下先别急，先把旧的那套逻辑放一边再继续,LLM_SYNTHETIC_SPOKEN_BASE,SYNTHETIC_TEXT
m3sbv1_013947,我觉得问一下还能不能加一个人，公司这边好安排,LLM_SYNTHETIC_SPOKEN_BASE,SYNTHETIC_TEXT
m3sbv1_013948,昨天先别急，问一下回来的车几点出发再继续,LLM_SYNTHETIC_SPOKEN_BASE,SYNTHETIC_TEXT
m3sbv1_013949,看起来问一下早餐几点开始，店里这边好安排,LLM_SYNTHETIC_SPOKEN_BASE,SYNTHETIC_TEXT
m3sbv1_013950,应该帮我把水再加一点，他这边好安排,LLM_SYNTHETIC_SPOKEN_BASE,SYNTHETIC_TEXT
m3sbv1_013951,我等一下看看能不能把时间往后挪一点吧,LLM_SYNTHETIC_SPOKEN_BASE,SYNTHETIC_TEXT
m3sbv1_013952,今天我想问一下帮我看看日志里有没有异常,LLM_SYNTHETIC_SPOKEN_BASE,SYNTHETIC_TEXT
m3sbv1_013953,可能帮我看看附近有没有停车位，我刚才没听太清楚,LLM_SYNTHETIC_SPOKEN_BASE,SYNTHETIC_TEXT
m3sbv1_013954,麻烦你看看这个价格有没有包含费用，公司这边好安排,LLM_SYNTHETIC_SPOKEN_BASE,SYNTHETIC_TEXT
m3sbv1_013955,我估计别着急我们按顺序来，我们这边好安排,LLM_SYNTHETIC_SPOKEN_BASE,SYNTHETIC_TEXT
m3sbv1_013956,昨天我确认一下看看数据是不是重复了吧,LLM_SYNTHETIC_SPOKEN_BASE,SYNTHETIC_TEXT
m3sbv1_013957,晚一点我估计先别取消我再确认一下行不行,LLM_SYNTHETIC_SPOKEN_BASE,SYNTHETIC_TEXT
m3sbv1_013958,应该看看是不是选错选项了，我们这边好安排,LLM_SYNTHETIC_SPOKEN_BASE,SYNTHETIC_TEXT
m3sbv1_013959,我估计确认一下这个功能是不是已经关掉了，公司这边好安排,LLM_SYNTHETIC_SPOKEN_BASE,SYNTHETIC_TEXT
m3sbv1_013960,麻烦你看看这个东西应该放哪里，我刚才没听太清楚,LLM_SYNTHETIC_SPOKEN_BASE,SYNTHETIC_TEXT
m3sbv1_013961,这边麻烦你试一下重新打开能不能用，免得后面又要重新弄,LLM_SYNTHETIC_SPOKEN_BASE,SYNTHETIC_TEXT
m3sbv1_013962,一会儿我估计确认一下时间有没有改我怕等会儿忘了,LLM_SYNTHETIC_SPOKEN_BASE,SYNTHETIC_TEXT
m3sbv1_013963,可能帮我看看这个菜里面有没有辣椒，公司这边好安排,LLM_SYNTHETIC_SPOKEN_BASE,SYNTHETIC_TEXT
m3sbv1_013964,我们感觉确认一下名字有没有写错，免得后面又要重新弄,LLM_SYNTHETIC_SPOKEN_BASE,SYNTHETIC_TEXT
m3sbv1_013965,这边晚一点帮我换一个安静一点的位置我怕等会儿忘了,LLM_SYNTHETIC_SPOKEN_BASE,SYNTHETIC_TEXT
m3sbv1_013966,可能看看数据是不是重复了，公司这边好安排,LLM_SYNTHETIC_SPOKEN_BASE,SYNTHETIC_TEXT
m3sbv1_013967,我确认一下看看能不能把时间往后挪一点，我刚才没听太清楚,LLM_SYNTHETIC_SPOKEN_BASE,SYNTHETIC_TEXT
m3sbv1_013968,看起来看看谁还没有回复，我们这边好安排,LLM_SYNTHETIC_SPOKEN_BASE,SYNTHETIC_TEXT
m3sbv1_013969,你们这边没别的要求，帮我看看这个菜里面有没有辣椒就可以,LLM_SYNTHETIC_SPOKEN_BASE,SYNTHETIC_TEXT
m3sbv1_013970,我确认一下看一下这个是不是放错地方了，前面这边好安排,LLM_SYNTHETIC_SPOKEN_BASE,SYNTHETIC_TEXT
m3sbv1_013971,后面这边没别的要求，帮我问一下还有没有空位就可以,LLM_SYNTHETIC_SPOKEN_BASE,SYNTHETIC_TEXT
m3sbv1_013972,前面昨天帮我找一下刚才那个页面是不是,LLM_SYNTHETIC_SPOKEN_BASE,SYNTHETIC_TEXT
m3sbv1_013973,后面现在帮我看看为什么还没收到吧,LLM_SYNTHETIC_SPOKEN_BASE,SYNTHETIC_TEXT
m3sbv1_013974,先我想问一下先等等我马上就过来然后告诉我,LLM_SYNTHETIC_SPOKEN_BASE,SYNTHETIC_TEXT
m3sbv1_013975,最近确认一下是不是已经付过了，我确认完再跟你说,LLM_SYNTHETIC_SPOKEN_BASE,SYNTHETIC_TEXT
m3sbv1_013976,看起来确认一下车是不是停在外面，后面这边好安排,LLM_SYNTHETIC_SPOKEN_BASE,SYNTHETIC_TEXT
m3sbv1_013977,我确认一下看看是不是配置没有生效，前面这边好安排,LLM_SYNTHETIC_SPOKEN_BASE,SYNTHETIC_TEXT
m3sbv1_013978,麻烦你问一下回来的车几点出发，这边这边好安排,LLM_SYNTHETIC_SPOKEN_BASE,SYNTHETIC_TEXT
m3sbv1_013979,我估计帮我看看这个零件是不是松了，他们这边好安排,LLM_SYNTHETIC_SPOKEN_BASE,SYNTHETIC_TEXT
m3sbv1_013980,这边应该看看这个价格有没有包含费用，免得后面又要重新弄,LLM_SYNTHETIC_SPOKEN_BASE,SYNTHETIC_TEXT
m3sbv1_013981,前面刚才看看是不是网络又断了行不行,LLM_SYNTHETIC_SPOKEN_BASE,SYNTHETIC_TEXT
m3sbv1_013982,这边我觉得帮我看看这个零件是不是松了，免得后面又要重新弄,LLM_SYNTHETIC_SPOKEN_BASE,SYNTHETIC_TEXT
m3sbv1_013983,看看这个结果和昨天是不是一样，有变化的话提前告诉我,LLM_SYNTHETIC_SPOKEN_BASE,SYNTHETIC_TEXT
m3sbv1_013984,到时候确认一下是不是同一个订单，我确认完再跟你说,LLM_SYNTHETIC_SPOKEN_BASE,SYNTHETIC_TEXT
m3sbv1_013985,这边早一点先别取消我再确认一下行不行,LLM_SYNTHETIC_SPOKEN_BASE,SYNTHETIC_TEXT
m3sbv1_013986,之前我听说问一下还能不能加一个人是不是,LLM_SYNTHETIC_SPOKEN_BASE,SYNTHETIC_TEXT
m3sbv1_013987,先感觉帮我看看这个号码对不对我有点不确定,LLM_SYNTHETIC_SPOKEN_BASE,SYNTHETIC_TEXT
m3sbv1_013988,我觉得看看前面能不能掉头，现场这边好安排,LLM_SYNTHETIC_SPOKEN_BASE,SYNTHETIC_TEXT
m3sbv1_013989,今天先别急，看一下这个是不是放错地方了再继续,LLM_SYNTHETIC_SPOKEN_BASE,SYNTHETIC_TEXT
m3sbv1_013990,看起来确认一下车是不是停在外面，我刚才没听太清楚,LLM_SYNTHETIC_SPOKEN_BASE,SYNTHETIC_TEXT
m3sbv1_013991,等一下我记得帮我问一下现在还能不能改别弄错了,LLM_SYNTHETIC_SPOKEN_BASE,SYNTHETIC_TEXT
m3sbv1_013992,你们昨天别着急我们按顺序来可以吗,LLM_SYNTHETIC_SPOKEN_BASE,SYNTHETIC_TEXT
m3sbv1_013993,早一点看看有没有影响到别的模块，我确认完再跟你说,LLM_SYNTHETIC_SPOKEN_BASE,SYNTHETIC_TEXT
m3sbv1_013994,那边早一点确认一下是不是从这里集合然后告诉我,LLM_SYNTHETIC_SPOKEN_BASE,SYNTHETIC_TEXT
m3sbv1_013995,感觉帮我拿一下旁边那个袋子，我刚才没听太清楚,LLM_SYNTHETIC_SPOKEN_BASE,SYNTHETIC_TEXT
m3sbv1_013996,我确认一下看看能不能换成小份，你们这边好安排,LLM_SYNTHETIC_SPOKEN_BASE,SYNTHETIC_TEXT
m3sbv1_013997,一会儿我确认一下帮我找一下充电线放哪了我有点不确定,LLM_SYNTHETIC_SPOKEN_BASE,SYNTHETIC_TEXT
m3sbv1_013998,他可能帮我换一个安静一点的位置，免得后面又要重新弄,LLM_SYNTHETIC_SPOKEN_BASE,SYNTHETIC_TEXT
m3sbv1_013999,现在先别急，问一下回来的车几点出发再继续,LLM_SYNTHETIC_SPOKEN_BASE,SYNTHETIC_TEXT
m3sbv1_014000,这边最近帮我找一下充电线放哪了我怕等会儿忘了,LLM_SYNTHETIC_SPOKEN_BASE,SYNTHETIC_TEXT
m3sbv1_014001,我们这边没别的要求，看看前面是不是要左转就可以,LLM_SYNTHETIC_SPOKEN_BASE,SYNTHETIC_TEXT
m3sbv1_014002,之前感觉问一下还能不能加一个人我再决定,LLM_SYNTHETIC_SPOKEN_BASE,SYNTHETIC_TEXT
m3sbv1_014003,我觉得看看有没有不用排队的办法，这边这边好安排,LLM_SYNTHETIC_SPOKEN_BASE,SYNTHETIC_TEXT
m3sbv1_014004,他今天帮我问一下现在还能不能改吧,LLM_SYNTHETIC_SPOKEN_BASE,SYNTHETIC_TEXT
m3sbv1_014005,明天我记得看看空调能不能调高一点是不是,LLM_SYNTHETIC_SPOKEN_BASE,SYNTHETIC_TEXT
m3sbv1_014006,那边早一点把刚才说的重点再讲一遍我有点不确定,LLM_SYNTHETIC_SPOKEN_BASE,SYNTHETIC_TEXT
m3sbv1_014007,现场我听说确认一下停车要不要付费，免得后面又要重新弄,LLM_SYNTHETIC_SPOKEN_BASE,SYNTHETIC_TEXT
m3sbv1_014008,明天感觉告诉我大概还要多久,LLM_SYNTHETIC_SPOKEN_BASE,SYNTHETIC_TEXT
m3sbv1_014009,他一会儿看看数据是不是重复了我有点不确定,LLM_SYNTHETIC_SPOKEN_BASE,SYNTHETIC_TEXT
m3sbv1_014010,到时候问一下回来的车几点出发，我确认完再跟你说,LLM_SYNTHETIC_SPOKEN_BASE,SYNTHETIC_TEXT
m3sbv1_014011,好像确认一下这份文件是不是最终版，店里这边好安排,LLM_SYNTHETIC_SPOKEN_BASE,SYNTHETIC_TEXT
m3sbv1_014012,明天先别急，先等等我马上就过来再继续,LLM_SYNTHETIC_SPOKEN_BASE,SYNTHETIC_TEXT
m3sbv1_014013,你等一下看看这个东西应该放哪里,LLM_SYNTHETIC_SPOKEN_BASE,SYNTHETIC_TEXT
m3sbv1_014014,这边先问一下早餐几点开始别弄错了,LLM_SYNTHETIC_SPOKEN_BASE,SYNTHETIC_TEXT
m3sbv1_014015,家里之前确认一下退房时间是几点吧,LLM_SYNTHETIC_SPOKEN_BASE,SYNTHETIC_TEXT
m3sbv1_014016,先帮我把水再加一点，我确认完再跟你说,LLM_SYNTHETIC_SPOKEN_BASE,SYNTHETIC_TEXT
m3sbv1_014017,昨天好像看看这个杯子是不是我的我再决定,LLM_SYNTHETIC_SPOKEN_BASE,SYNTHETIC_TEXT
m3sbv1_014018,我听说看看钥匙是不是还在车里，公司这边好安排,LLM_SYNTHETIC_SPOKEN_BASE,SYNTHETIC_TEXT
m3sbv1_014019,你们这边没别的要求，看看有没有更早一点的时间就可以,LLM_SYNTHETIC_SPOKEN_BASE,SYNTHETIC_TEXT
m3sbv1_014020,前面最近把门先关一下有点冷然后告诉我,LLM_SYNTHETIC_SPOKEN_BASE,SYNTHETIC_TEXT
m3sbv1_014021,现场麻烦你看看这个接口是不是又报错了，免得后面又要重新弄,LLM_SYNTHETIC_SPOKEN_BASE,SYNTHETIC_TEXT
m3sbv1_014022,这边明天看看是不是还少了什么我有点不确定,LLM_SYNTHETIC_SPOKEN_BASE,SYNTHETIC_TEXT
m3sbv1_014023,你明天帮我听一下这个声音正不正常我再决定,LLM_SYNTHETIC_SPOKEN_BASE,SYNTHETIC_TEXT
m3sbv1_014024,先可能帮我换一个安静一点的位置就行,LLM_SYNTHETIC_SPOKEN_BASE,SYNTHETIC_TEXT
m3sbv1_014025,今天我记得看看数据是不是重复了行不行,LLM_SYNTHETIC_SPOKEN_BASE,SYNTHETIC_TEXT
m3sbv1_014026,那边我估计确认一下车是不是停在外面，免得后面又要重新弄,LLM_SYNTHETIC_SPOKEN_BASE,SYNTHETIC_TEXT
m3sbv1_014027,一会儿我觉得问一下他们什么时候能到就行,LLM_SYNTHETIC_SPOKEN_BASE,SYNTHETIC_TEXT
m3sbv1_014028,他可能看看有没有不用排队的办法，免得后面又要重新弄,LLM_SYNTHETIC_SPOKEN_BASE,SYNTHETIC_TEXT
m3sbv1_014029,这边麻烦你看看导航是不是带错路了，免得后面又要重新弄,LLM_SYNTHETIC_SPOKEN_BASE,SYNTHETIC_TEXT
m3sbv1_014030,他好像帮我听一下这个声音正不正常，免得后面又要重新弄,LLM_SYNTHETIC_SPOKEN_BASE,SYNTHETIC_TEXT
m3sbv1_014031,等一下先别急，问一下这个能不能少放一点盐再继续,LLM_SYNTHETIC_SPOKEN_BASE,SYNTHETIC_TEXT
m3sbv1_014032,你我确认一下把门先关一下有点冷，免得后面又要重新弄,LLM_SYNTHETIC_SPOKEN_BASE,SYNTHETIC_TEXT
m3sbv1_014033,那边应该问一下还能不能加一个人，免得后面又要重新弄,LLM_SYNTHETIC_SPOKEN_BASE,SYNTHETIC_TEXT
m3sbv1_014034,店里这边没别的要求，看看是不是配置没有生效就可以,LLM_SYNTHETIC_SPOKEN_BASE,SYNTHETIC_TEXT
m3sbv1_014035,你今天帮我问一下现在还能不能改我怕等会儿忘了,LLM_SYNTHETIC_SPOKEN_BASE,SYNTHETIC_TEXT
m3sbv1_014036,他们到时候看看有没有更早一点的时间就行,LLM_SYNTHETIC_SPOKEN_BASE,SYNTHETIC_TEXT
m3sbv1_014037,晚一点我确认一下确认一下是不是同一个订单然后告诉我,LLM_SYNTHETIC_SPOKEN_BASE,SYNTHETIC_TEXT
m3sbv1_014038,昨天我听说确认一下停车要不要付费可以吗,LLM_SYNTHETIC_SPOKEN_BASE,SYNTHETIC_TEXT
m3sbv1_014039,他昨天把地址再确认一下就行,LLM_SYNTHETIC_SPOKEN_BASE,SYNTHETIC_TEXT
m3sbv1_014040,这边明天确认一下这次只改这一部分就行,LLM_SYNTHETIC_SPOKEN_BASE,SYNTHETIC_TEXT
m3sbv1_014041,我到时候帮我问一下还有没有空位,LLM_SYNTHETIC_SPOKEN_BASE,SYNTHETIC_TEXT
m3sbv1_014042,刚才我想问一下先等等我马上就过来,LLM_SYNTHETIC_SPOKEN_BASE,SYNTHETIC_TEXT
m3sbv1_014043,好像确认一下这个功能是不是已经关掉了，前面这边好安排,LLM_SYNTHETIC_SPOKEN_BASE,SYNTHETIC_TEXT
m3sbv1_014044,一会儿好像告诉我大概还要多久行不行,LLM_SYNTHETIC_SPOKEN_BASE,SYNTHETIC_TEXT
m3sbv1_014045,麻烦你帮我找一下刚才那个页面，后面这边好安排,LLM_SYNTHETIC_SPOKEN_BASE,SYNTHETIC_TEXT
m3sbv1_014046,刚才确认一下是不是已经付过了，我确认完再跟你说,LLM_SYNTHETIC_SPOKEN_BASE,SYNTHETIC_TEXT
m3sbv1_014047,一会儿先别急，看一下这个是不是放错地方了再继续,LLM_SYNTHETIC_SPOKEN_BASE,SYNTHETIC_TEXT
m3sbv1_014048,店里麻烦你帮我确认一下字段有没有变，免得后面又要重新弄,LLM_SYNTHETIC_SPOKEN_BASE,SYNTHETIC_TEXT
m3sbv1_014049,看起来帮我听一下这个声音正不正常，你们这边好安排,LLM_SYNTHETIC_SPOKEN_BASE,SYNTHETIC_TEXT
m3sbv1_014050,刚才可能看看数据是不是重复了我再决定,LLM_SYNTHETIC_SPOKEN_BASE,SYNTHETIC_TEXT
m3sbv1_014051,这边这边没别的要求，确认一下退房时间是几点就可以,LLM_SYNTHETIC_SPOKEN_BASE,SYNTHETIC_TEXT
m3sbv1_014052,我们这两天把刚才说的重点再讲一遍行不行,LLM_SYNTHETIC_SPOKEN_BASE,SYNTHETIC_TEXT
m3sbv1_014053,好像帮我确认一下下一站在哪里，公司这边好安排,LLM_SYNTHETIC_SPOKEN_BASE,SYNTHETIC_TEXT
m3sbv1_014054,我记得看看有没有影响到别的模块，公司这边好安排,LLM_SYNTHETIC_SPOKEN_BASE,SYNTHETIC_TEXT
m3sbv1_014055,明天看起来帮我确认一下字段有没有变我想先确认清楚,LLM_SYNTHETIC_SPOKEN_BASE,SYNTHETIC_TEXT
m3sbv1_014056,公司明天确认一下灯是不是都关了我再决定,LLM_SYNTHETIC_SPOKEN_BASE,SYNTHETIC_TEXT
m3sbv1_014057,最近好像看看是不是配置没有生效我怕等会儿忘了,LLM_SYNTHETIC_SPOKEN_BASE,SYNTHETIC_TEXT
m3sbv1_014058,现场这两天先把旧的那套逻辑放一边是不是,LLM_SYNTHETIC_SPOKEN_BASE,SYNTHETIC_TEXT
m3sbv1_014059,我觉得告诉我大概还要多久，那边这边好安排,LLM_SYNTHETIC_SPOKEN_BASE,SYNTHETIC_TEXT
m3sbv1_014060,现在先别急，看看能不能换成小份再继续,LLM_SYNTHETIC_SPOKEN_BASE,SYNTHETIC_TEXT
m3sbv1_014061,店里刚才帮我看看日志里有没有异常可以吗,LLM_SYNTHETIC_SPOKEN_BASE,SYNTHETIC_TEXT
m3sbv1_014062,感觉帮我找一下刚才那个页面，我刚才没听太清楚,LLM_SYNTHETIC_SPOKEN_BASE,SYNTHETIC_TEXT
m3sbv1_014063,他到时候看看这个价格有没有包含费用我怕等会儿忘了,LLM_SYNTHETIC_SPOKEN_BASE,SYNTHETIC_TEXT
m3sbv1_014064,家里这边没别的要求，问一下回来的车几点出发就可以,LLM_SYNTHETIC_SPOKEN_BASE,SYNTHETIC_TEXT
m3sbv1_014065,家里麻烦你帮我确认一下房间准备好了没有，免得后面又要重新弄,LLM_SYNTHETIC_SPOKEN_BASE,SYNTHETIC_TEXT
m3sbv1_014066,等一下可能看看这个价格有没有包含费用,LLM_SYNTHETIC_SPOKEN_BASE,SYNTHETIC_TEXT
m3sbv1_014067,最近应该帮我确认一下负责人是谁吧,LLM_SYNTHETIC_SPOKEN_BASE,SYNTHETIC_TEXT
m3sbv1_014068,可能先把这个问题单独记录下来，那边这边好安排,LLM_SYNTHETIC_SPOKEN_BASE,SYNTHETIC_TEXT
m3sbv1_014069,她我确认一下帮我看看日志里有没有异常，免得后面又要重新弄,LLM_SYNTHETIC_SPOKEN_BASE,SYNTHETIC_TEXT
m3sbv1_014070,店里感觉确认一下文件有没有传成功，免得后面又要重新弄,LLM_SYNTHETIC_SPOKEN_BASE,SYNTHETIC_TEXT
m3sbv1_014071,店里感觉确认一下是不是同一个订单，免得后面又要重新弄,LLM_SYNTHETIC_SPOKEN_BASE,SYNTHETIC_TEXT
m3sbv1_014072,后面我听说先把这一项记下来，免得后面又要重新弄,LLM_SYNTHETIC_SPOKEN_BASE,SYNTHETIC_TEXT
m3sbv1_014073,到时候麻烦你把这个先留着别动,LLM_SYNTHETIC_SPOKEN_BASE,SYNTHETIC_TEXT
m3sbv1_014074,先确认一下时间有没有改，我确认完再跟你说,LLM_SYNTHETIC_SPOKEN_BASE,SYNTHETIC_TEXT
m3sbv1_014075,公司我想问一下到的时候给我发个消息，免得后面又要重新弄,LLM_SYNTHETIC_SPOKEN_BASE,SYNTHETIC_TEXT
m3sbv1_014076,先再检查一遍有没有问题，我确认完再跟你说,LLM_SYNTHETIC_SPOKEN_BASE,SYNTHETIC_TEXT
m3sbv1_014077,麻烦你帮我把重复的内容删掉，他们这边好安排,LLM_SYNTHETIC_SPOKEN_BASE,SYNTHETIC_TEXT
m3sbv1_014078,明天我听说帮我听一下这个声音正不正常我想先确认清楚,LLM_SYNTHETIC_SPOKEN_BASE,SYNTHETIC_TEXT
m3sbv1_014079,这两天可能帮我看看为什么还没收到吧,LLM_SYNTHETIC_SPOKEN_BASE,SYNTHETIC_TEXT
m3sbv1_014080,店里这边没别的要求，帮我确认一下负责人是谁就可以,LLM_SYNTHETIC_SPOKEN_BASE,SYNTHETIC_TEXT
m3sbv1_014081,好像先把这个问题单独记录下来，店里这边好安排,LLM_SYNTHETIC_SPOKEN_BASE,SYNTHETIC_TEXT
m3sbv1_014082,应该看看谁还没有回复，店里这边好安排,LLM_SYNTHETIC_SPOKEN_BASE,SYNTHETIC_TEXT
m3sbv1_014083,我估计帮我拿一下旁边那个袋子，店里这边好安排,LLM_SYNTHETIC_SPOKEN_BASE,SYNTHETIC_TEXT
m3sbv1_014084,你们可能帮我看看附近有没有停车位，免得后面又要重新弄,LLM_SYNTHETIC_SPOKEN_BASE,SYNTHETIC_TEXT
m3sbv1_014085,一会儿帮我看看这个零件是不是松了，我确认完再跟你说,LLM_SYNTHETIC_SPOKEN_BASE,SYNTHETIC_TEXT
m3sbv1_014086,要是方便的话到的时候给我发个消息，不用特意等我,LLM_SYNTHETIC_SPOKEN_BASE,SYNTHETIC_TEXT
m3sbv1_014087,我听说看看能不能把时间往后挪一点，她这边好安排,LLM_SYNTHETIC_SPOKEN_BASE,SYNTHETIC_TEXT
m3sbv1_014088,我看起来看看这个东西应该放哪里，免得后面又要重新弄,LLM_SYNTHETIC_SPOKEN_BASE,SYNTHETIC_TEXT
m3sbv1_014089,这两天试一下重新打开能不能用，我确认完再跟你说,LLM_SYNTHETIC_SPOKEN_BASE,SYNTHETIC_TEXT
m3sbv1_014090,这两天可能看看这个版本是不是最新的别弄错了,LLM_SYNTHETIC_SPOKEN_BASE,SYNTHETIC_TEXT
m3sbv1_014091,我确认一下看看还有没有漏掉的步骤，我刚才没听太清楚,LLM_SYNTHETIC_SPOKEN_BASE,SYNTHETIC_TEXT
m3sbv1_014092,现在先别急，问一下他们什么时候能到再继续,LLM_SYNTHETIC_SPOKEN_BASE,SYNTHETIC_TEXT
m3sbv1_014093,他好像看看前面是不是要左转，免得后面又要重新弄,LLM_SYNTHETIC_SPOKEN_BASE,SYNTHETIC_TEXT
m3sbv1_014094,他们我记得帮我问一下还有没有空位，免得后面又要重新弄,LLM_SYNTHETIC_SPOKEN_BASE,SYNTHETIC_TEXT
m3sbv1_014095,我今天确认一下是不是同一个订单就行,LLM_SYNTHETIC_SPOKEN_BASE,SYNTHETIC_TEXT
m3sbv1_014096,刚才我记得帮我换一个安静一点的位置就行,LLM_SYNTHETIC_SPOKEN_BASE,SYNTHETIC_TEXT
m3sbv1_014097,她晚一点确认一下是不是已经付过了行不行,LLM_SYNTHETIC_SPOKEN_BASE,SYNTHETIC_TEXT
m3sbv1_014098,等一下好像问一下回来的车几点出发就行,LLM_SYNTHETIC_SPOKEN_BASE,SYNTHETIC_TEXT
m3sbv1_014099,感觉把地址再确认一下，他这边好安排,LLM_SYNTHETIC_SPOKEN_BASE,SYNTHETIC_TEXT
m3sbv1_014100,昨天感觉先等等我马上就过来别弄错了,LLM_SYNTHETIC_SPOKEN_BASE,SYNTHETIC_TEXT
m3sbv1_014101,等一下帮我看看这个零件是不是松了，我确认完再跟你说,LLM_SYNTHETIC_SPOKEN_BASE,SYNTHETIC_TEXT
m3sbv1_014102,我可能问一下回来的车几点出发，免得后面又要重新弄,LLM_SYNTHETIC_SPOKEN_BASE,SYNTHETIC_TEXT
m3sbv1_014103,可能把最新版本发给我看一下，我刚才没听太清楚,LLM_SYNTHETIC_SPOKEN_BASE,SYNTHETIC_TEXT
m3sbv1_014104,公司明天看看导航是不是带错路了我想先确认清楚,LLM_SYNTHETIC_SPOKEN_BASE,SYNTHETIC_TEXT
m3sbv1_014105,明天我记得看看有没有更早一点的时间然后告诉我,LLM_SYNTHETIC_SPOKEN_BASE,SYNTHETIC_TEXT
m3sbv1_014106,之前先别急，把地址再确认一下再继续,LLM_SYNTHETIC_SPOKEN_BASE,SYNTHETIC_TEXT
m3sbv1_014107,晚一点我听说帮我看看附近有没有停车位,LLM_SYNTHETIC_SPOKEN_BASE,SYNTHETIC_TEXT
m3sbv1_014108,前面之前帮我确认一下负责人是谁,LLM_SYNTHETIC_SPOKEN_BASE,SYNTHETIC_TEXT
m3sbv1_014109,麻烦你看看这个价格有没有包含费用，他们这边好安排,LLM_SYNTHETIC_SPOKEN_BASE,SYNTHETIC_TEXT
m3sbv1_014110,到时候我确认一下确认一下这个功能是不是已经关掉了我想先确认清楚,LLM_SYNTHETIC_SPOKEN_BASE,SYNTHETIC_TEXT
m3sbv1_014111,刚才帮我确认一下字段有没有变，我确认完再跟你说,LLM_SYNTHETIC_SPOKEN_BASE,SYNTHETIC_TEXT
m3sbv1_014112,后面我觉得问一下还能不能加一个人，免得后面又要重新弄,LLM_SYNTHETIC_SPOKEN_BASE,SYNTHETIC_TEXT
m3sbv1_014113,晚一点我觉得试一下重新打开能不能用我再决定,LLM_SYNTHETIC_SPOKEN_BASE,SYNTHETIC_TEXT
m3sbv1_014114,刚才可能看看空调能不能调高一点就行,LLM_SYNTHETIC_SPOKEN_BASE,SYNTHETIC_TEXT
m3sbv1_014115,我确认一下看看是不是选错选项了，我刚才没听太清楚,LLM_SYNTHETIC_SPOKEN_BASE,SYNTHETIC_TEXT
m3sbv1_014116,我觉得把这个先放到后面处理，他这边好安排,LLM_SYNTHETIC_SPOKEN_BASE,SYNTHETIC_TEXT
m3sbv1_014117,你晚一点帮我听一下这个声音正不正常是不是,LLM_SYNTHETIC_SPOKEN_BASE,SYNTHETIC_TEXT
m3sbv1_014118,之前应该问一下早餐几点开始吧,LLM_SYNTHETIC_SPOKEN_BASE,SYNTHETIC_TEXT
m3sbv1_014119,现在确认一下是不是已经付过了，我确认完再跟你说,LLM_SYNTHETIC_SPOKEN_BASE,SYNTHETIC_TEXT
m3sbv1_014120,这边现在帮我确认一下房间准备好了没有吧,LLM_SYNTHETIC_SPOKEN_BASE,SYNTHETIC_TEXT
m3sbv1_014121,他这边没别的要求，试一下重新打开能不能用就可以,LLM_SYNTHETIC_SPOKEN_BASE,SYNTHETIC_TEXT
m3sbv1_014122,她我确认一下问一下还能不能加一个人，免得后面又要重新弄,LLM_SYNTHETIC_SPOKEN_BASE,SYNTHETIC_TEXT
m3sbv1_014123,一会儿我听说确认一下名字有没有写错可以吗,LLM_SYNTHETIC_SPOKEN_BASE,SYNTHETIC_TEXT
m3sbv1_014124,你们这边没别的要求，看看谁还没有回复就可以,LLM_SYNTHETIC_SPOKEN_BASE,SYNTHETIC_TEXT
m3sbv1_014125,我们刚才确认一下测试结果有没有更新别弄错了,LLM_SYNTHETIC_SPOKEN_BASE,SYNTHETIC_TEXT
m3sbv1_014126,这两天我记得确认一下入口是不是在这边然后告诉我,LLM_SYNTHETIC_SPOKEN_BASE,SYNTHETIC_TEXT
m3sbv1_014127,我估计确认一下轮胎是不是有点软，公司这边好安排,LLM_SYNTHETIC_SPOKEN_BASE,SYNTHETIC_TEXT
m3sbv1_014128,前面我想问一下看看这个杯子是不是我的，免得后面又要重新弄,LLM_SYNTHETIC_SPOKEN_BASE,SYNTHETIC_TEXT
m3sbv1_014129,后面感觉确认一下入口是不是在这边，免得后面又要重新弄,LLM_SYNTHETIC_SPOKEN_BASE,SYNTHETIC_TEXT
m3sbv1_014130,他们这边没别的要求，确认一下是不是同一个订单就可以,LLM_SYNTHETIC_SPOKEN_BASE,SYNTHETIC_TEXT
m3sbv1_014131,后面我记得问一下早餐几点开始，免得后面又要重新弄,LLM_SYNTHETIC_SPOKEN_BASE,SYNTHETIC_TEXT
m3sbv1_014132,我确认一下看看是不是网络又断了，我刚才没听太清楚,LLM_SYNTHETIC_SPOKEN_BASE,SYNTHETIC_TEXT
m3sbv1_014133,等一下我确认一下看看这个杯子是不是我的我有点不确定,LLM_SYNTHETIC_SPOKEN_BASE,SYNTHETIC_TEXT
m3sbv1_014134,昨天帮我拿一下旁边那个袋子，我确认完再跟你说,LLM_SYNTHETIC_SPOKEN_BASE,SYNTHETIC_TEXT
m3sbv1_014135,最近确认一下要不要提前预约，我确认完再跟你说,LLM_SYNTHETIC_SPOKEN_BASE,SYNTHETIC_TEXT
m3sbv1_014136,我们现在确认一下这次只改这一部分可以吗,LLM_SYNTHETIC_SPOKEN_BASE,SYNTHETIC_TEXT
m3sbv1_014137,公司今天先把旧的那套逻辑放一边就行,LLM_SYNTHETIC_SPOKEN_BASE,SYNTHETIC_TEXT
m3sbv1_014138,后面刚才确认一下名字有没有写错可以吗,LLM_SYNTHETIC_SPOKEN_BASE,SYNTHETIC_TEXT
m3sbv1_014139,我明天确认一下要不要提前预约然后告诉我,LLM_SYNTHETIC_SPOKEN_BASE,SYNTHETIC_TEXT
m3sbv1_014140,今天麻烦你确认一下时间有没有改就行,LLM_SYNTHETIC_SPOKEN_BASE,SYNTHETIC_TEXT
m3sbv1_014141,感觉把这个问题先记到清单里，我刚才没听太清楚,LLM_SYNTHETIC_SPOKEN_BASE,SYNTHETIC_TEXT
m3sbv1_014142,等一下先别急，看看这个接口是不是又报错了再继续,LLM_SYNTHETIC_SPOKEN_BASE,SYNTHETIC_TEXT
m3sbv1_014143,看看这个结果和昨天是不是一样，如果不行就先别改,LLM_SYNTHETIC_SPOKEN_BASE,SYNTHETIC_TEXT
m3sbv1_014144,今天我确认一下把这个问题先记到清单里,LLM_SYNTHETIC_SPOKEN_BASE,SYNTHETIC_TEXT
m3sbv1_014145,现在我确认一下看看是不是网络又断了行不行,LLM_SYNTHETIC_SPOKEN_BASE,SYNTHETIC_TEXT
m3sbv1_014146,等一下好像确认一下是不是已经付过了,LLM_SYNTHETIC_SPOKEN_BASE,SYNTHETIC_TEXT
m3sbv1_014147,他早一点帮我看看附近有没有停车位吧,LLM_SYNTHETIC_SPOKEN_BASE,SYNTHETIC_TEXT
m3sbv1_014148,现场到时候看看数据是不是重复了可以吗,LLM_SYNTHETIC_SPOKEN_BASE,SYNTHETIC_TEXT
m3sbv1_014149,现场这边没别的要求，看看这个结果和昨天是不是一样就可以,LLM_SYNTHETIC_SPOKEN_BASE,SYNTHETIC_TEXT
m3sbv1_014150,我记得看看油还够不够，后面这边好安排,LLM_SYNTHETIC_SPOKEN_BASE,SYNTHETIC_TEXT
m3sbv1_014151,你们最近先把这一项记下来我怕等会儿忘了,LLM_SYNTHETIC_SPOKEN_BASE,SYNTHETIC_TEXT
m3sbv1_014152,好像确认一下这个功能是不是已经关掉了，我刚才没听太清楚,LLM_SYNTHETIC_SPOKEN_BASE,SYNTHETIC_TEXT
m3sbv1_014153,现场我估计看看是不是还少了什么，免得后面又要重新弄,LLM_SYNTHETIC_SPOKEN_BASE,SYNTHETIC_TEXT
m3sbv1_014154,他们最近试一下重新打开能不能用就行,LLM_SYNTHETIC_SPOKEN_BASE,SYNTHETIC_TEXT
m3sbv1_014155,到时候先别急，看看这个杯子是不是我的再继续,LLM_SYNTHETIC_SPOKEN_BASE,SYNTHETIC_TEXT
m3sbv1_014156,明天先别急，看看能不能把时间往后挪一点再继续,LLM_SYNTHETIC_SPOKEN_BASE,SYNTHETIC_TEXT
m3sbv1_014157,你们可能看看这个价格有没有包含费用，免得后面又要重新弄,LLM_SYNTHETIC_SPOKEN_BASE,SYNTHETIC_TEXT
m3sbv1_014158,你们先问一下还能不能加一个人行不行,LLM_SYNTHETIC_SPOKEN_BASE,SYNTHETIC_TEXT
m3sbv1_014159,刚才好像别着急我们按顺序来我想先确认清楚,LLM_SYNTHETIC_SPOKEN_BASE,SYNTHETIC_TEXT
m3sbv1_014160,明天我觉得别着急我们按顺序来我想先确认清楚,LLM_SYNTHETIC_SPOKEN_BASE,SYNTHETIC_TEXT
m3sbv1_014161,我估计看看这个结果和昨天是不是一样，后面这边好安排,LLM_SYNTHETIC_SPOKEN_BASE,SYNTHETIC_TEXT
m3sbv1_014162,你们好像帮我看看为什么还没收到，免得后面又要重新弄,LLM_SYNTHETIC_SPOKEN_BASE,SYNTHETIC_TEXT
m3sbv1_014163,到时候我确认一下帮我拿一下旁边那个袋子我想先确认清楚,LLM_SYNTHETIC_SPOKEN_BASE,SYNTHETIC_TEXT
m3sbv1_014164,前面先帮我把水再加一点我想先确认清楚,LLM_SYNTHETIC_SPOKEN_BASE,SYNTHETIC_TEXT
m3sbv1_014165,他先帮我看看这个零件是不是松了然后告诉我,LLM_SYNTHETIC_SPOKEN_BASE,SYNTHETIC_TEXT
m3sbv1_014166,我听说确认一下是不是从这里集合，我刚才没听太清楚,LLM_SYNTHETIC_SPOKEN_BASE,SYNTHETIC_TEXT
m3sbv1_014167,麻烦你把这个先留着别动，我这边好安排,LLM_SYNTHETIC_SPOKEN_BASE,SYNTHETIC_TEXT
m3sbv1_014168,你早一点看看这个东西应该放哪里就行,LLM_SYNTHETIC_SPOKEN_BASE,SYNTHETIC_TEXT
m3sbv1_014169,家里现在看看这个价格有没有包含费用行不行,LLM_SYNTHETIC_SPOKEN_BASE,SYNTHETIC_TEXT
m3sbv1_014170,应该确认一下时间有没有改，公司这边好安排,LLM_SYNTHETIC_SPOKEN_BASE,SYNTHETIC_TEXT
m3sbv1_014171,先先别急，看看数据是不是重复了再继续,LLM_SYNTHETIC_SPOKEN_BASE,SYNTHETIC_TEXT
m3sbv1_014172,你们之前看看数据是不是重复了然后告诉我,LLM_SYNTHETIC_SPOKEN_BASE,SYNTHETIC_TEXT
m3sbv1_014173,这两天先别急，看看能不能多拿一条毛巾再继续,LLM_SYNTHETIC_SPOKEN_BASE,SYNTHETIC_TEXT
m3sbv1_014174,你们我确认一下确认一下车是不是停在外面，免得后面又要重新弄,LLM_SYNTHETIC_SPOKEN_BASE,SYNTHETIC_TEXT
m3sbv1_014175,他今天看看钥匙是不是还在车里然后告诉我,LLM_SYNTHETIC_SPOKEN_BASE,SYNTHETIC_TEXT
m3sbv1_014176,我想问一下把地址再确认一下，我刚才没听太清楚,LLM_SYNTHETIC_SPOKEN_BASE,SYNTHETIC_TEXT
m3sbv1_014177,你们现在帮我查一下刚才是哪一步失败了别弄错了,LLM_SYNTHETIC_SPOKEN_BASE,SYNTHETIC_TEXT
m3sbv1_014178,这边现在确认一下停车要不要付费就行,LLM_SYNTHETIC_SPOKEN_BASE,SYNTHETIC_TEXT
m3sbv1_014179,我我确认一下把刚才那条消息再发我一次，免得后面又要重新弄,LLM_SYNTHETIC_SPOKEN_BASE,SYNTHETIC_TEXT
m3sbv1_014180,我听说先把现在的结果保存下来，店里这边好安排,LLM_SYNTHETIC_SPOKEN_BASE,SYNTHETIC_TEXT
m3sbv1_014181,可能帮我问一下还有没有空位，我刚才没听太清楚,LLM_SYNTHETIC_SPOKEN_BASE,SYNTHETIC_TEXT
m3sbv1_014182,家里看起来确认一下灯是不是都关了，免得后面又要重新弄,LLM_SYNTHETIC_SPOKEN_BASE,SYNTHETIC_TEXT
m3sbv1_014183,昨天看看谁还没有回复，我确认完再跟你说,LLM_SYNTHETIC_SPOKEN_BASE,SYNTHETIC_TEXT
m3sbv1_014184,公司这边没别的要求，确认一下这次只改这一部分就可以,LLM_SYNTHETIC_SPOKEN_BASE,SYNTHETIC_TEXT
m3sbv1_014185,早一点我觉得看看是不是配置没有生效我怕等会儿忘了,LLM_SYNTHETIC_SPOKEN_BASE,SYNTHETIC_TEXT
m3sbv1_014186,我听说帮我确认一下房间准备好了没有，我刚才没听太清楚,LLM_SYNTHETIC_SPOKEN_BASE,SYNTHETIC_TEXT
m3sbv1_014187,早一点帮我看看为什么还没收到，我确认完再跟你说,LLM_SYNTHETIC_SPOKEN_BASE,SYNTHETIC_TEXT
m3sbv1_014188,麻烦你看看前面能不能掉头，现场这边好安排,LLM_SYNTHETIC_SPOKEN_BASE,SYNTHETIC_TEXT
m3sbv1_014189,要是方便的话看看有没有不用排队的办法，不用特意等我,LLM_SYNTHETIC_SPOKEN_BASE,SYNTHETIC_TEXT
m3sbv1_014190,早一点先别急，看看是不是还少了什么再继续,LLM_SYNTHETIC_SPOKEN_BASE,SYNTHETIC_TEXT
m3sbv1_014191,现场先先把现在的结果保存下来就行,LLM_SYNTHETIC_SPOKEN_BASE,SYNTHETIC_TEXT
m3sbv1_014192,我记得帮我看看附近有没有停车位，前面这边好安排,LLM_SYNTHETIC_SPOKEN_BASE,SYNTHETIC_TEXT
m3sbv1_014193,店里这两天看看导航是不是带错路了就行,LLM_SYNTHETIC_SPOKEN_BASE,SYNTHETIC_TEXT
m3sbv1_014194,他们我想问一下看看能不能换成小份，免得后面又要重新弄,LLM_SYNTHETIC_SPOKEN_BASE,SYNTHETIC_TEXT
m3sbv1_014195,家里看起来帮我换一个安静一点的位置，免得后面又要重新弄,LLM_SYNTHETIC_SPOKEN_BASE,SYNTHETIC_TEXT
m3sbv1_014196,我先确认一下退房时间是几点,LLM_SYNTHETIC_SPOKEN_BASE,SYNTHETIC_TEXT
m3sbv1_014197,我觉得确认一下会议是不是改到下午了，你这边好安排,LLM_SYNTHETIC_SPOKEN_BASE,SYNTHETIC_TEXT
m3sbv1_014198,你们这边没别的要求，看看空调能不能调高一点就可以,LLM_SYNTHETIC_SPOKEN_BASE,SYNTHETIC_TEXT
m3sbv1_014199,一会儿看看钥匙是不是还在车里，我确认完再跟你说,LLM_SYNTHETIC_SPOKEN_BASE,SYNTHETIC_TEXT
m3sbv1_014200,最近先别急，把这个问题先记到清单里再继续,LLM_SYNTHETIC_SPOKEN_BASE,SYNTHETIC_TEXT
m3sbv1_014201,一会儿我确认一下先把现在的结果保存下来就行,LLM_SYNTHETIC_SPOKEN_BASE,SYNTHETIC_TEXT
m3sbv1_014202,后面先帮我确认一下下一站在哪里是不是,LLM_SYNTHETIC_SPOKEN_BASE,SYNTHETIC_TEXT
m3sbv1_014203,好像看看是不是网络又断了，家里这边好安排,LLM_SYNTHETIC_SPOKEN_BASE,SYNTHETIC_TEXT
m3sbv1_014204,我我记得确认一下停车要不要付费，免得后面又要重新弄,LLM_SYNTHETIC_SPOKEN_BASE,SYNTHETIC_TEXT
m3sbv1_014205,我晚一点帮我问一下还有没有空位我怕等会儿忘了,LLM_SYNTHETIC_SPOKEN_BASE,SYNTHETIC_TEXT
m3sbv1_014206,早一点先别急，帮我看看附近有没有停车位再继续,LLM_SYNTHETIC_SPOKEN_BASE,SYNTHETIC_TEXT
m3sbv1_014207,看看钥匙是不是还在车里，如果不行就先别改,LLM_SYNTHETIC_SPOKEN_BASE,SYNTHETIC_TEXT
m3sbv1_014208,家里看起来确认一下文件有没有传成功，免得后面又要重新弄,LLM_SYNTHETIC_SPOKEN_BASE,SYNTHETIC_TEXT
m3sbv1_014209,这两天可能把声音稍微调小一点然后告诉我,LLM_SYNTHETIC_SPOKEN_BASE,SYNTHETIC_TEXT
m3sbv1_014210,家里好像别着急我们按顺序来，免得后面又要重新弄,LLM_SYNTHETIC_SPOKEN_BASE,SYNTHETIC_TEXT
m3sbv1_014211,这两天先把这个问题单独记录下来，我确认完再跟你说,LLM_SYNTHETIC_SPOKEN_BASE,SYNTHETIC_TEXT
m3sbv1_014212,他我想问一下确认一下是不是从这里集合，免得后面又要重新弄,LLM_SYNTHETIC_SPOKEN_BASE,SYNTHETIC_TEXT
m3sbv1_014213,看起来看看还有没有漏掉的步骤，我们这边好安排,LLM_SYNTHETIC_SPOKEN_BASE,SYNTHETIC_TEXT
m3sbv1_014214,一会儿先别急，看看是不是网络又断了再继续,LLM_SYNTHETIC_SPOKEN_BASE,SYNTHETIC_TEXT
m3sbv1_014215,你们好像看看导航是不是带错路了，免得后面又要重新弄,LLM_SYNTHETIC_SPOKEN_BASE,SYNTHETIC_TEXT
m3sbv1_014216,我记得帮我看看附近有没有停车位，你们这边好安排,LLM_SYNTHETIC_SPOKEN_BASE,SYNTHETIC_TEXT
m3sbv1_014217,可能确认一下轮胎是不是有点软，我刚才没听太清楚,LLM_SYNTHETIC_SPOKEN_BASE,SYNTHETIC_TEXT
m3sbv1_014218,你昨天确认一下测试结果有没有更新我有点不确定,LLM_SYNTHETIC_SPOKEN_BASE,SYNTHETIC_TEXT
m3sbv1_014219,店里麻烦你确认一下要不要提前预约，免得后面又要重新弄,LLM_SYNTHETIC_SPOKEN_BASE,SYNTHETIC_TEXT
m3sbv1_014220,感觉把声音稍微调小一点，家里这边好安排,LLM_SYNTHETIC_SPOKEN_BASE,SYNTHETIC_TEXT
m3sbv1_014221,昨天先别急，看看能不能多拿一条毛巾再继续,LLM_SYNTHETIC_SPOKEN_BASE,SYNTHETIC_TEXT
m3sbv1_014222,他们这边没别的要求，看看空调能不能调高一点就可以,LLM_SYNTHETIC_SPOKEN_BASE,SYNTHETIC_TEXT
m3sbv1_014223,等一下先等等我马上就过来，我确认完再跟你说,LLM_SYNTHETIC_SPOKEN_BASE,SYNTHETIC_TEXT
m3sbv1_014224,我觉得问一下还能不能加一个人，我刚才没听太清楚,LLM_SYNTHETIC_SPOKEN_BASE,SYNTHETIC_TEXT
m3sbv1_014225,应该帮我看看这个号码对不对，我刚才没听太清楚,LLM_SYNTHETIC_SPOKEN_BASE,SYNTHETIC_TEXT
m3sbv1_014226,现场这边没别的要求，把门先关一下有点冷就可以,LLM_SYNTHETIC_SPOKEN_BASE,SYNTHETIC_TEXT
m3sbv1_014227,到时候我听说把地址再确认一下吧,LLM_SYNTHETIC_SPOKEN_BASE,SYNTHETIC_TEXT
m3sbv1_014228,我听说看看谁还没有回复，前面这边好安排,LLM_SYNTHETIC_SPOKEN_BASE,SYNTHETIC_TEXT
m3sbv1_014229,我们早一点看看是不是选错选项了我怕等会儿忘了,LLM_SYNTHETIC_SPOKEN_BASE,SYNTHETIC_TEXT
m3sbv1_014230,等一下我想问一下把声音稍微调小一点是不是,LLM_SYNTHETIC_SPOKEN_BASE,SYNTHETIC_TEXT
m3sbv1_014231,他刚才帮我把需要验证的地方列出来别弄错了,LLM_SYNTHETIC_SPOKEN_BASE,SYNTHETIC_TEXT
m3sbv1_014232,这两天我觉得帮我看看行李放在哪里,LLM_SYNTHETIC_SPOKEN_BASE,SYNTHETIC_TEXT
m3sbv1_014233,应该帮我问一下现在还能不能改，你这边好安排,LLM_SYNTHETIC_SPOKEN_BASE,SYNTHETIC_TEXT
m3sbv1_014234,他现在看看前面是不是要左转别弄错了,LLM_SYNTHETIC_SPOKEN_BASE,SYNTHETIC_TEXT
m3sbv1_014235,明天好像确认一下停车要不要付费行不行,LLM_SYNTHETIC_SPOKEN_BASE,SYNTHETIC_TEXT
m3sbv1_014236,公司到时候看看能不能把时间往后挪一点是不是,LLM_SYNTHETIC_SPOKEN_BASE,SYNTHETIC_TEXT
m3sbv1_014237,可能确认一下这份文件是不是最终版，家里这边好安排,LLM_SYNTHETIC_SPOKEN_BASE,SYNTHETIC_TEXT
m3sbv1_014238,晚一点可能确认一下入口是不是在这边吧,LLM_SYNTHETIC_SPOKEN_BASE,SYNTHETIC_TEXT
m3sbv1_014239,最近我确认一下帮我找一下充电线放哪了可以吗,LLM_SYNTHETIC_SPOKEN_BASE,SYNTHETIC_TEXT
m3sbv1_014240,感觉帮我确认一下负责人是谁，她这边好安排,LLM_SYNTHETIC_SPOKEN_BASE,SYNTHETIC_TEXT
m3sbv1_014241,明天看看空调能不能调高一点，我确认完再跟你说,LLM_SYNTHETIC_SPOKEN_BASE,SYNTHETIC_TEXT
m3sbv1_014242,你们明天把这个先放到后面处理吧,LLM_SYNTHETIC_SPOKEN_BASE,SYNTHETIC_TEXT
m3sbv1_014243,看起来帮我看看附近有没有停车位，我刚才没听太清楚,LLM_SYNTHETIC_SPOKEN_BASE,SYNTHETIC_TEXT
m3sbv1_014244,家里今天帮我看看日志里有没有异常行不行,LLM_SYNTHETIC_SPOKEN_BASE,SYNTHETIC_TEXT
m3sbv1_014245,看看有没有影响到别的模块以后跟我说一声就行,LLM_SYNTHETIC_SPOKEN_BASE,SYNTHETIC_TEXT
m3sbv1_014246,我确认一下确认一下是不是从这里集合，公司这边好安排,LLM_SYNTHETIC_SPOKEN_BASE,SYNTHETIC_TEXT
m3sbv1_014247,后面这两天帮我把水再加一点我想先确认清楚,LLM_SYNTHETIC_SPOKEN_BASE,SYNTHETIC_TEXT
m3sbv1_014248,刚才先别急，确认一下停车要不要付费再继续,LLM_SYNTHETIC_SPOKEN_BASE,SYNTHETIC_TEXT
m3sbv1_014249,这边应该告诉我大概还要多久，免得后面又要重新弄,LLM_SYNTHETIC_SPOKEN_BASE,SYNTHETIC_TEXT
m3sbv1_014250,昨天再检查一遍有没有问题，我确认完再跟你说,LLM_SYNTHETIC_SPOKEN_BASE,SYNTHETIC_TEXT
m3sbv1_014251,早一点先别急，确认一下这份文件是不是最终版再继续,LLM_SYNTHETIC_SPOKEN_BASE,SYNTHETIC_TEXT
m3sbv1_014252,应该看看前面是不是要左转，她这边好安排,LLM_SYNTHETIC_SPOKEN_BASE,SYNTHETIC_TEXT
m3sbv1_014253,那边感觉帮我换一个安静一点的位置，免得后面又要重新弄,LLM_SYNTHETIC_SPOKEN_BASE,SYNTHETIC_TEXT
m3sbv1_014254,家里这边没别的要求，把声音稍微调小一点就可以,LLM_SYNTHETIC_SPOKEN_BASE,SYNTHETIC_TEXT
m3sbv1_014255,确认一下名字有没有写错，如果不行就先别改,LLM_SYNTHETIC_SPOKEN_BASE,SYNTHETIC_TEXT
m3sbv1_014256,公司一会儿看看能不能把时间往后挪一点是不是,LLM_SYNTHETIC_SPOKEN_BASE,SYNTHETIC_TEXT
m3sbv1_014257,最近好像先把这一项记下来我再决定,LLM_SYNTHETIC_SPOKEN_BASE,SYNTHETIC_TEXT
m3sbv1_014258,应该把这个问题先记到清单里，他们这边好安排,LLM_SYNTHETIC_SPOKEN_BASE,SYNTHETIC_TEXT
m3sbv1_014259,他我确认一下把这个先放到后面处理，免得后面又要重新弄,LLM_SYNTHETIC_SPOKEN_BASE,SYNTHETIC_TEXT
m3sbv1_014260,那边这边没别的要求，帮我确认一下负责人是谁就可以,LLM_SYNTHETIC_SPOKEN_BASE,SYNTHETIC_TEXT
m3sbv1_014261,你应该确认一下停车要不要付费，免得后面又要重新弄,LLM_SYNTHETIC_SPOKEN_BASE,SYNTHETIC_TEXT
m3sbv1_014262,那边这边没别的要求，问一下他们什么时候能到就可以,LLM_SYNTHETIC_SPOKEN_BASE,SYNTHETIC_TEXT
m3sbv1_014263,我确认一下问一下他们什么时候能到，这边这边好安排,LLM_SYNTHETIC_SPOKEN_BASE,SYNTHETIC_TEXT
m3sbv1_014264,他们之前问一下还能不能加一个人我怕等会儿忘了,LLM_SYNTHETIC_SPOKEN_BASE,SYNTHETIC_TEXT
m3sbv1_014265,可能问一下早餐几点开始，我们这边好安排,LLM_SYNTHETIC_SPOKEN_BASE,SYNTHETIC_TEXT
m3sbv1_014266,店里麻烦你帮我看看这个菜里面有没有辣椒，免得后面又要重新弄,LLM_SYNTHETIC_SPOKEN_BASE,SYNTHETIC_TEXT
m3sbv1_014267,好像确认一下今天是不是正常营业，公司这边好安排,LLM_SYNTHETIC_SPOKEN_BASE,SYNTHETIC_TEXT
m3sbv1_014268,麻烦你确认一下车是不是停在外面，前面这边好安排,LLM_SYNTHETIC_SPOKEN_BASE,SYNTHETIC_TEXT
m3sbv1_014269,之前好像把刚才那条消息再发我一次吧,LLM_SYNTHETIC_SPOKEN_BASE,SYNTHETIC_TEXT
m3sbv1_014270,可能确认一下车是不是停在外面，我刚才没听太清楚,LLM_SYNTHETIC_SPOKEN_BASE,SYNTHETIC_TEXT
m3sbv1_014271,等一下麻烦你看看这个版本是不是最新的行不行,LLM_SYNTHETIC_SPOKEN_BASE,SYNTHETIC_TEXT
m3sbv1_014272,店里这边没别的要求，帮我看看附近有没有停车位就可以,LLM_SYNTHETIC_SPOKEN_BASE,SYNTHETIC_TEXT
m3sbv1_014273,我想问一下试一下重新打开能不能用，店里这边好安排,LLM_SYNTHETIC_SPOKEN_BASE,SYNTHETIC_TEXT
m3sbv1_014274,家里好像把声音稍微调小一点，免得后面又要重新弄,LLM_SYNTHETIC_SPOKEN_BASE,SYNTHETIC_TEXT
m3sbv1_014275,麻烦你确认一下名字有没有写错，我刚才没听太清楚,LLM_SYNTHETIC_SPOKEN_BASE,SYNTHETIC_TEXT
m3sbv1_014276,确认一下是不是已经付过了，如果不行就先别改,LLM_SYNTHETIC_SPOKEN_BASE,SYNTHETIC_TEXT
m3sbv1_014277,他先帮我确认一下负责人是谁我再决定,LLM_SYNTHETIC_SPOKEN_BASE,SYNTHETIC_TEXT
m3sbv1_014278,看起来看看空调能不能调高一点，我这边好安排,LLM_SYNTHETIC_SPOKEN_BASE,SYNTHETIC_TEXT
m3sbv1_014279,你们最近帮我看看行李放在哪里我有点不确定,LLM_SYNTHETIC_SPOKEN_BASE,SYNTHETIC_TEXT
m3sbv1_014280,晚一点可能把门先关一下有点冷就行,LLM_SYNTHETIC_SPOKEN_BASE,SYNTHETIC_TEXT
m3sbv1_014281,先先别急，确认一下是不是从这里集合再继续,LLM_SYNTHETIC_SPOKEN_BASE,SYNTHETIC_TEXT
m3sbv1_014282,你们刚才确认一下是不是已经付过了我怕等会儿忘了,LLM_SYNTHETIC_SPOKEN_BASE,SYNTHETIC_TEXT
m3sbv1_014283,我们早一点先把这一项记下来我有点不确定,LLM_SYNTHETIC_SPOKEN_BASE,SYNTHETIC_TEXT
m3sbv1_014284,前面刚才先别取消我再确认一下然后告诉我,LLM_SYNTHETIC_SPOKEN_BASE,SYNTHETIC_TEXT
m3sbv1_014285,他们这边没别的要求，把刚才说的重点再讲一遍就可以,LLM_SYNTHETIC_SPOKEN_BASE,SYNTHETIC_TEXT
m3sbv1_014286,我想问一下问一下回来的车几点出发，你这边好安排,LLM_SYNTHETIC_SPOKEN_BASE,SYNTHETIC_TEXT
m3sbv1_014287,先好像确认一下是不是已经付过了就行,LLM_SYNTHETIC_SPOKEN_BASE,SYNTHETIC_TEXT
m3sbv1_014288,我觉得把刚才那条消息再发我一次，你们这边好安排,LLM_SYNTHETIC_SPOKEN_BASE,SYNTHETIC_TEXT
m3sbv1_014289,那边早一点帮我问一下现在还能不能改别弄错了,LLM_SYNTHETIC_SPOKEN_BASE,SYNTHETIC_TEXT
m3sbv1_014290,店里之前确认一下要不要提前预约别弄错了,LLM_SYNTHETIC_SPOKEN_BASE,SYNTHETIC_TEXT
m3sbv1_014291,昨天看看是不是还少了什么，我确认完再跟你说,LLM_SYNTHETIC_SPOKEN_BASE,SYNTHETIC_TEXT
m3sbv1_014292,这两天帮我拿一下旁边那个袋子，我确认完再跟你说,LLM_SYNTHETIC_SPOKEN_BASE,SYNTHETIC_TEXT
m3sbv1_014293,我记得帮我看看这个零件是不是松了，前面这边好安排,LLM_SYNTHETIC_SPOKEN_BASE,SYNTHETIC_TEXT
m3sbv1_014294,前面这边没别的要求，帮我确认一下字段有没有变就可以,LLM_SYNTHETIC_SPOKEN_BASE,SYNTHETIC_TEXT
m3sbv1_014295,现在我记得告诉我大概还要多久,LLM_SYNTHETIC_SPOKEN_BASE,SYNTHETIC_TEXT
m3sbv1_014296,你们一会儿看看这个东西应该放哪里我再决定,LLM_SYNTHETIC_SPOKEN_BASE,SYNTHETIC_TEXT
m3sbv1_014297,我这边没别的要求，帮我看看这个菜里面有没有辣椒就可以,LLM_SYNTHETIC_SPOKEN_BASE,SYNTHETIC_TEXT
m3sbv1_014298,我确认一下确认一下这份文件是不是最终版，我们这边好安排,LLM_SYNTHETIC_SPOKEN_BASE,SYNTHETIC_TEXT
m3sbv1_014299,那边这边没别的要求，确认一下入口是不是在这边就可以,LLM_SYNTHETIC_SPOKEN_BASE,SYNTHETIC_TEXT
m3sbv1_014300,我觉得看看能不能多拿一条毛巾，这边这边好安排,LLM_SYNTHETIC_SPOKEN_BASE,SYNTHETIC_TEXT
m3sbv1_014301,公司我想问一下确认一下名字有没有写错，免得后面又要重新弄,LLM_SYNTHETIC_SPOKEN_BASE,SYNTHETIC_TEXT
m3sbv1_014302,晚一点我觉得帮我换一个安静一点的位置吧,LLM_SYNTHETIC_SPOKEN_BASE,SYNTHETIC_TEXT
m3sbv1_014303,我确认一下把这个先留着别动，那边这边好安排,LLM_SYNTHETIC_SPOKEN_BASE,SYNTHETIC_TEXT
m3sbv1_014304,后面到时候看看是不是选错选项了行不行,LLM_SYNTHETIC_SPOKEN_BASE,SYNTHETIC_TEXT
m3sbv1_014305,我听说再检查一遍有没有问题，我这边好安排,LLM_SYNTHETIC_SPOKEN_BASE,SYNTHETIC_TEXT
m3sbv1_014306,等一下先别急，看看这个结果和昨天是不是一样再继续,LLM_SYNTHETIC_SPOKEN_BASE,SYNTHETIC_TEXT
m3sbv1_014307,要是方便的话先别取消我再确认一下，不用特意等我,LLM_SYNTHETIC_SPOKEN_BASE,SYNTHETIC_TEXT
m3sbv1_014308,感觉试一下重新打开能不能用，我刚才没听太清楚,LLM_SYNTHETIC_SPOKEN_BASE,SYNTHETIC_TEXT
m3sbv1_014309,现在我想问一下确认一下会议是不是改到下午了我想先确认清楚,LLM_SYNTHETIC_SPOKEN_BASE,SYNTHETIC_TEXT
m3sbv1_014310,后面最近看看能不能换成小份我有点不确定,LLM_SYNTHETIC_SPOKEN_BASE,SYNTHETIC_TEXT
m3sbv1_014311,家里一会儿确认一下服务有没有启动然后告诉我,LLM_SYNTHETIC_SPOKEN_BASE,SYNTHETIC_TEXT
m3sbv1_014312,可能看看还有没有漏掉的步骤，公司这边好安排,LLM_SYNTHETIC_SPOKEN_BASE,SYNTHETIC_TEXT
m3sbv1_014313,她晚一点看看能不能把时间往后挪一点吧,LLM_SYNTHETIC_SPOKEN_BASE,SYNTHETIC_TEXT
m3sbv1_014314,我估计帮我看看这个菜里面有没有辣椒，他们这边好安排,LLM_SYNTHETIC_SPOKEN_BASE,SYNTHETIC_TEXT
m3sbv1_014315,早一点好像帮我看看日志里有没有异常我怕等会儿忘了,LLM_SYNTHETIC_SPOKEN_BASE,SYNTHETIC_TEXT
m3sbv1_014316,一会儿我确认一下先把这一项记下来我想先确认清楚,LLM_SYNTHETIC_SPOKEN_BASE,SYNTHETIC_TEXT
m3sbv1_014317,后面我听说看看有没有不用排队的办法，免得后面又要重新弄,LLM_SYNTHETIC_SPOKEN_BASE,SYNTHETIC_TEXT
m3sbv1_014318,你昨天告诉我大概还要多久然后告诉我,LLM_SYNTHETIC_SPOKEN_BASE,SYNTHETIC_TEXT
m3sbv1_014319,她一会儿帮我看看为什么还没收到我再决定,LLM_SYNTHETIC_SPOKEN_BASE,SYNTHETIC_TEXT
m3sbv1_014320,她这边没别的要求，帮我确认一下负责人是谁就可以,LLM_SYNTHETIC_SPOKEN_BASE,SYNTHETIC_TEXT
m3sbv1_014321,一会儿先别急，帮我把需要验证的地方列出来再继续,LLM_SYNTHETIC_SPOKEN_BASE,SYNTHETIC_TEXT
m3sbv1_014322,看起来把地址再确认一下，他们这边好安排,LLM_SYNTHETIC_SPOKEN_BASE,SYNTHETIC_TEXT
m3sbv1_014323,一会儿帮我确认一下房间准备好了没有，我确认完再跟你说,LLM_SYNTHETIC_SPOKEN_BASE,SYNTHETIC_TEXT
m3sbv1_014324,最近麻烦你帮我拿一下旁边那个袋子是不是,LLM_SYNTHETIC_SPOKEN_BASE,SYNTHETIC_TEXT
m3sbv1_014325,你我确认一下帮我确认一下字段有没有变，免得后面又要重新弄,LLM_SYNTHETIC_SPOKEN_BASE,SYNTHETIC_TEXT
m3sbv1_014326,这边现在看一下这个是不是放错地方了可以吗,LLM_SYNTHETIC_SPOKEN_BASE,SYNTHETIC_TEXT
m3sbv1_014327,之前好像确认一下是不是从这里集合我想先确认清楚,LLM_SYNTHETIC_SPOKEN_BASE,SYNTHETIC_TEXT
m3sbv1_014328,今天先别急，确认一下车是不是停在外面再继续,LLM_SYNTHETIC_SPOKEN_BASE,SYNTHETIC_TEXT
m3sbv1_014329,我们看起来确认一下是不是同一个订单，免得后面又要重新弄,LLM_SYNTHETIC_SPOKEN_BASE,SYNTHETIC_TEXT
m3sbv1_014330,最近麻烦你看看油还够不够我再决定,LLM_SYNTHETIC_SPOKEN_BASE,SYNTHETIC_TEXT
m3sbv1_014331,今天我觉得确认一下灯是不是都关了我想先确认清楚,LLM_SYNTHETIC_SPOKEN_BASE,SYNTHETIC_TEXT
m3sbv1_014332,你晚一点确认一下车是不是停在外面别弄错了,LLM_SYNTHETIC_SPOKEN_BASE,SYNTHETIC_TEXT
m3sbv1_014333,我确认一下帮我确认一下字段有没有变，这边这边好安排,LLM_SYNTHETIC_SPOKEN_BASE,SYNTHETIC_TEXT
m3sbv1_014334,我们现在看看谁还没有回复然后告诉我,LLM_SYNTHETIC_SPOKEN_BASE,SYNTHETIC_TEXT
m3sbv1_014335,看起来看看能不能多拿一条毛巾，公司这边好安排,LLM_SYNTHETIC_SPOKEN_BASE,SYNTHETIC_TEXT
m3sbv1_014336,等一下先别急，确认一下入口是不是在这边再继续,LLM_SYNTHETIC_SPOKEN_BASE,SYNTHETIC_TEXT
m3sbv1_014337,后面这边没别的要求，确认一下退房时间是几点就可以,LLM_SYNTHETIC_SPOKEN_BASE,SYNTHETIC_TEXT
m3sbv1_014338,之前看起来确认一下时间有没有改我想先确认清楚,LLM_SYNTHETIC_SPOKEN_BASE,SYNTHETIC_TEXT
m3sbv1_014339,先先别急，确认一下今天是不是正常营业再继续,LLM_SYNTHETIC_SPOKEN_BASE,SYNTHETIC_TEXT
m3sbv1_014340,应该确认一下车是不是停在外面，那边这边好安排,LLM_SYNTHETIC_SPOKEN_BASE,SYNTHETIC_TEXT
m3sbv1_014341,你们这边没别的要求，看看是不是网络又断了就可以,LLM_SYNTHETIC_SPOKEN_BASE,SYNTHETIC_TEXT
m3sbv1_014342,昨天我记得先把旧的那套逻辑放一边我想先确认清楚,LLM_SYNTHETIC_SPOKEN_BASE,SYNTHETIC_TEXT
m3sbv1_014343,我记得确认一下这次只改这一部分，后面这边好安排,LLM_SYNTHETIC_SPOKEN_BASE,SYNTHETIC_TEXT
m3sbv1_014344,今天麻烦你帮我找一下充电线放哪了,LLM_SYNTHETIC_SPOKEN_BASE,SYNTHETIC_TEXT
m3sbv1_014345,晚一点看看这个价格有没有包含费用，我确认完再跟你说,LLM_SYNTHETIC_SPOKEN_BASE,SYNTHETIC_TEXT
m3sbv1_014346,等一下先别急，把刚才说的重点再讲一遍再继续,LLM_SYNTHETIC_SPOKEN_BASE,SYNTHETIC_TEXT
m3sbv1_014347,这两天先别急，确认一下服务有没有启动再继续,LLM_SYNTHETIC_SPOKEN_BASE,SYNTHETIC_TEXT
m3sbv1_014348,家里今天看看钥匙是不是还在车里吧,LLM_SYNTHETIC_SPOKEN_BASE,SYNTHETIC_TEXT
m3sbv1_014349,我们这边没别的要求，帮我拿一下旁边那个袋子就可以,LLM_SYNTHETIC_SPOKEN_BASE,SYNTHETIC_TEXT
m3sbv1_014350,刚才把地址再确认一下，我确认完再跟你说,LLM_SYNTHETIC_SPOKEN_BASE,SYNTHETIC_TEXT
m3sbv1_014351,刚才我听说先把这个问题单独记录下来是不是,LLM_SYNTHETIC_SPOKEN_BASE,SYNTHETIC_TEXT
m3sbv1_014352,他一会儿看看能不能把时间往后挪一点是不是,LLM_SYNTHETIC_SPOKEN_BASE,SYNTHETIC_TEXT
m3sbv1_014353,早一点先别急，看看有没有不用排队的办法再继续,LLM_SYNTHETIC_SPOKEN_BASE,SYNTHETIC_TEXT
m3sbv1_014354,一会儿我记得把最新版本发给我看一下可以吗,LLM_SYNTHETIC_SPOKEN_BASE,SYNTHETIC_TEXT
m3sbv1_014355,现在我估计把这个先放到后面处理我有点不确定,LLM_SYNTHETIC_SPOKEN_BASE,SYNTHETIC_TEXT
m3sbv1_014356,最近先别急，帮我把水再加一点再继续,LLM_SYNTHETIC_SPOKEN_BASE,SYNTHETIC_TEXT
m3sbv1_014357,刚才可能确认一下这份文件是不是最终版我再决定,LLM_SYNTHETIC_SPOKEN_BASE,SYNTHETIC_TEXT
m3sbv1_014358,好像看看是不是配置没有生效，我刚才没听太清楚,LLM_SYNTHETIC_SPOKEN_BASE,SYNTHETIC_TEXT
m3sbv1_014359,这两天我觉得看看谁还没有回复别弄错了,LLM_SYNTHETIC_SPOKEN_BASE,SYNTHETIC_TEXT
m3sbv1_014360,前面之前帮我问一下还有没有空位是不是,LLM_SYNTHETIC_SPOKEN_BASE,SYNTHETIC_TEXT
m3sbv1_014361,先先别急，确认一下这个功能是不是已经关掉了再继续,LLM_SYNTHETIC_SPOKEN_BASE,SYNTHETIC_TEXT
m3sbv1_014362,我我听说看看这个东西应该放哪里，免得后面又要重新弄,LLM_SYNTHETIC_SPOKEN_BASE,SYNTHETIC_TEXT
m3sbv1_014363,晚一点感觉看看这个杯子是不是我的吧,LLM_SYNTHETIC_SPOKEN_BASE,SYNTHETIC_TEXT
m3sbv1_014364,公司晚一点问一下早餐几点开始行不行,LLM_SYNTHETIC_SPOKEN_BASE,SYNTHETIC_TEXT
m3sbv1_014365,我觉得把地址再确认一下，这边这边好安排,LLM_SYNTHETIC_SPOKEN_BASE,SYNTHETIC_TEXT
m3sbv1_014366,前面这边没别的要求，看看还有没有漏掉的步骤就可以,LLM_SYNTHETIC_SPOKEN_BASE,SYNTHETIC_TEXT
m3sbv1_014367,可能把声音稍微调小一点，我这边好安排,LLM_SYNTHETIC_SPOKEN_BASE,SYNTHETIC_TEXT
m3sbv1_014368,早一点我想问一下帮我找一下刚才那个页面我怕等会儿忘了,LLM_SYNTHETIC_SPOKEN_BASE,SYNTHETIC_TEXT
m3sbv1_014369,应该看看这个杯子是不是我的，我刚才没听太清楚,LLM_SYNTHETIC_SPOKEN_BASE,SYNTHETIC_TEXT
m3sbv1_014370,我先确认一下今天是不是正常营业我再决定,LLM_SYNTHETIC_SPOKEN_BASE,SYNTHETIC_TEXT
m3sbv1_014371,早一点看一下这个是不是放错地方了，我确认完再跟你说,LLM_SYNTHETIC_SPOKEN_BASE,SYNTHETIC_TEXT
m3sbv1_014372,可能看看这个价格有没有包含费用，我刚才没听太清楚,LLM_SYNTHETIC_SPOKEN_BASE,SYNTHETIC_TEXT
m3sbv1_014373,这两天麻烦你确认一下这份文件是不是最终版吧,LLM_SYNTHETIC_SPOKEN_BASE,SYNTHETIC_TEXT
m3sbv1_014374,再检查一遍有没有问题，如果不行就先别改,LLM_SYNTHETIC_SPOKEN_BASE,SYNTHETIC_TEXT
m3sbv1_014375,我们我记得把刚才说的重点再讲一遍，免得后面又要重新弄,LLM_SYNTHETIC_SPOKEN_BASE,SYNTHETIC_TEXT
m3sbv1_014376,她之前问一下回来的车几点出发行不行,LLM_SYNTHETIC_SPOKEN_BASE,SYNTHETIC_TEXT
m3sbv1_014377,后面到时候确认一下入口是不是在这边我怕等会儿忘了,LLM_SYNTHETIC_SPOKEN_BASE,SYNTHETIC_TEXT
m3sbv1_014378,我确认一下看看这个接口是不是又报错了，我刚才没听太清楚,LLM_SYNTHETIC_SPOKEN_BASE,SYNTHETIC_TEXT
m3sbv1_014379,今天看起来确认一下是不是已经下单了我有点不确定,LLM_SYNTHETIC_SPOKEN_BASE,SYNTHETIC_TEXT
m3sbv1_014380,我听说看看空调能不能调高一点，后面这边好安排,LLM_SYNTHETIC_SPOKEN_BASE,SYNTHETIC_TEXT
m3sbv1_014381,前面这两天先别取消我再确认一下我有点不确定,LLM_SYNTHETIC_SPOKEN_BASE,SYNTHETIC_TEXT
m3sbv1_014382,现场这边没别的要求，看看前面能不能掉头就可以,LLM_SYNTHETIC_SPOKEN_BASE,SYNTHETIC_TEXT
m3sbv1_014383,我估计看看能不能换成小份，她这边好安排,LLM_SYNTHETIC_SPOKEN_BASE,SYNTHETIC_TEXT
m3sbv1_014384,感觉看看谁还没有回复，我们这边好安排,LLM_SYNTHETIC_SPOKEN_BASE,SYNTHETIC_TEXT
m3sbv1_014385,明天感觉帮我拿一下旁边那个袋子然后告诉我,LLM_SYNTHETIC_SPOKEN_BASE,SYNTHETIC_TEXT
m3sbv1_014386,一会儿我觉得确认一下是不是同一个订单我想先确认清楚,LLM_SYNTHETIC_SPOKEN_BASE,SYNTHETIC_TEXT
m3sbv1_014387,可能看看谁还没有回复，我这边好安排,LLM_SYNTHETIC_SPOKEN_BASE,SYNTHETIC_TEXT
m3sbv1_014388,公司好像看看还有没有漏掉的步骤，免得后面又要重新弄,LLM_SYNTHETIC_SPOKEN_BASE,SYNTHETIC_TEXT
m3sbv1_014389,我这边没别的要求，别着急我们按顺序来就可以,LLM_SYNTHETIC_SPOKEN_BASE,SYNTHETIC_TEXT
m3sbv1_014390,我们这边没别的要求，把这个问题先记到清单里就可以,LLM_SYNTHETIC_SPOKEN_BASE,SYNTHETIC_TEXT
m3sbv1_014391,麻烦你把这个问题先记到清单里，我刚才没听太清楚,LLM_SYNTHETIC_SPOKEN_BASE,SYNTHETIC_TEXT
m3sbv1_014392,可能告诉我大概还要多久，我刚才没听太清楚,LLM_SYNTHETIC_SPOKEN_BASE,SYNTHETIC_TEXT
m3sbv1_014393,我记得试一下重新打开能不能用，我刚才没听太清楚,LLM_SYNTHETIC_SPOKEN_BASE,SYNTHETIC_TEXT
m3sbv1_014394,她这边没别的要求，先把这一项记下来就可以,LLM_SYNTHETIC_SPOKEN_BASE,SYNTHETIC_TEXT
m3sbv1_014395,她这边没别的要求，帮我把需要验证的地方列出来就可以,LLM_SYNTHETIC_SPOKEN_BASE,SYNTHETIC_TEXT
m3sbv1_014396,今天我听说确认一下退房时间是几点然后告诉我,LLM_SYNTHETIC_SPOKEN_BASE,SYNTHETIC_TEXT
m3sbv1_014397,你们到时候确认一下测试结果有没有更新吧,LLM_SYNTHETIC_SPOKEN_BASE,SYNTHETIC_TEXT
m3sbv1_014398,应该先把旧的那套逻辑放一边，他这边好安排,LLM_SYNTHETIC_SPOKEN_BASE,SYNTHETIC_TEXT
m3sbv1_014399,之前好像把这个先放到后面处理是不是,LLM_SYNTHETIC_SPOKEN_BASE,SYNTHETIC_TEXT
m3sbv1_014400,我们我想问一下看看是不是选错选项了，免得后面又要重新弄,LLM_SYNTHETIC_SPOKEN_BASE,SYNTHETIC_TEXT
m3sbv1_014401,今天先别急，把这个先放到后面处理再继续,LLM_SYNTHETIC_SPOKEN_BASE,SYNTHETIC_TEXT
m3sbv1_014402,今天先别急，看看前面能不能掉头再继续,LLM_SYNTHETIC_SPOKEN_BASE,SYNTHETIC_TEXT
m3sbv1_014403,那边我听说问一下他们什么时候能到，免得后面又要重新弄,LLM_SYNTHETIC_SPOKEN_BASE,SYNTHETIC_TEXT
m3sbv1_014404,麻烦你看看还有没有漏掉的步骤，你这边好安排,LLM_SYNTHETIC_SPOKEN_BASE,SYNTHETIC_TEXT
m3sbv1_014405,你们现在帮我找一下充电线放哪了我想先确认清楚,LLM_SYNTHETIC_SPOKEN_BASE,SYNTHETIC_TEXT
m3sbv1_014406,今天先别急，确认一下是不是从这里集合再继续,LLM_SYNTHETIC_SPOKEN_BASE,SYNTHETIC_TEXT
m3sbv1_014407,后面看起来看看有没有影响到别的模块，免得后面又要重新弄,LLM_SYNTHETIC_SPOKEN_BASE,SYNTHETIC_TEXT
m3sbv1_014408,他我记得帮我看看这个号码对不对，免得后面又要重新弄,LLM_SYNTHETIC_SPOKEN_BASE,SYNTHETIC_TEXT
m3sbv1_014409,我想问一下把这个问题先记到清单里，她这边好安排,LLM_SYNTHETIC_SPOKEN_BASE,SYNTHETIC_TEXT
m3sbv1_014410,感觉确认一下车是不是停在外面，我刚才没听太清楚,LLM_SYNTHETIC_SPOKEN_BASE,SYNTHETIC_TEXT
m3sbv1_014411,等一下可能看看还有没有漏掉的步骤,LLM_SYNTHETIC_SPOKEN_BASE,SYNTHETIC_TEXT
m3sbv1_014412,他们我觉得把刚才说的重点再讲一遍，免得后面又要重新弄,LLM_SYNTHETIC_SPOKEN_BASE,SYNTHETIC_TEXT
m3sbv1_014413,今天把位置发给我我自己过去，我确认完再跟你说,LLM_SYNTHETIC_SPOKEN_BASE,SYNTHETIC_TEXT
m3sbv1_014414,明天我确认一下问一下他们什么时候能到我想先确认清楚,LLM_SYNTHETIC_SPOKEN_BASE,SYNTHETIC_TEXT
m3sbv1_014415,店里我估计看看是不是配置没有生效，免得后面又要重新弄,LLM_SYNTHETIC_SPOKEN_BASE,SYNTHETIC_TEXT
m3sbv1_014416,我确认一下帮我确认一下负责人是谁，公司这边好安排,LLM_SYNTHETIC_SPOKEN_BASE,SYNTHETIC_TEXT
m3sbv1_014417,看看这个版本是不是最新的，有变化的话提前告诉我,LLM_SYNTHETIC_SPOKEN_BASE,SYNTHETIC_TEXT
m3sbv1_014418,一会儿我觉得看看有没有不用排队的办法,LLM_SYNTHETIC_SPOKEN_BASE,SYNTHETIC_TEXT
m3sbv1_014419,麻烦你帮我听一下这个声音正不正常，前面这边好安排,LLM_SYNTHETIC_SPOKEN_BASE,SYNTHETIC_TEXT
m3sbv1_014420,我听说看看这个结果和昨天是不是一样，我这边好安排,LLM_SYNTHETIC_SPOKEN_BASE,SYNTHETIC_TEXT
m3sbv1_014421,现在我记得先等等我马上就过来然后告诉我,LLM_SYNTHETIC_SPOKEN_BASE,SYNTHETIC_TEXT
m3sbv1_014422,我早一点确认一下服务有没有启动是不是,LLM_SYNTHETIC_SPOKEN_BASE,SYNTHETIC_TEXT
m3sbv1_014423,看起来帮我把重复的内容删掉，我们这边好安排,LLM_SYNTHETIC_SPOKEN_BASE,SYNTHETIC_TEXT
m3sbv1_014424,确认一下名字有没有写错以后跟我说一声就行,LLM_SYNTHETIC_SPOKEN_BASE,SYNTHETIC_TEXT
m3sbv1_014425,最近可能看看这个结果和昨天是不是一样就行,LLM_SYNTHETIC_SPOKEN_BASE,SYNTHETIC_TEXT
m3sbv1_014426,我估计帮我听一下这个声音正不正常，家里这边好安排,LLM_SYNTHETIC_SPOKEN_BASE,SYNTHETIC_TEXT
m3sbv1_014427,晚一点先把这个问题单独记录下来，我确认完再跟你说,LLM_SYNTHETIC_SPOKEN_BASE,SYNTHETIC_TEXT
m3sbv1_014428,昨天我记得别着急我们按顺序来然后告诉我,LLM_SYNTHETIC_SPOKEN_BASE,SYNTHETIC_TEXT
m3sbv1_014429,家里这边没别的要求，确认一下这次只改这一部分就可以,LLM_SYNTHETIC_SPOKEN_BASE,SYNTHETIC_TEXT
m3sbv1_014430,要是方便的话帮我看看为什么还没收到，不用特意等我,LLM_SYNTHETIC_SPOKEN_BASE,SYNTHETIC_TEXT
m3sbv1_014431,现场看起来帮我找一下刚才那个页面，免得后面又要重新弄,LLM_SYNTHETIC_SPOKEN_BASE,SYNTHETIC_TEXT
m3sbv1_014432,先先等等我马上就过来，我确认完再跟你说,LLM_SYNTHETIC_SPOKEN_BASE,SYNTHETIC_TEXT
m3sbv1_014433,他们我想问一下帮我看看日志里有没有异常，免得后面又要重新弄,LLM_SYNTHETIC_SPOKEN_BASE,SYNTHETIC_TEXT
m3sbv1_014434,早一点好像帮我看看这个零件是不是松了我怕等会儿忘了,LLM_SYNTHETIC_SPOKEN_BASE,SYNTHETIC_TEXT
m3sbv1_014435,我听说把声音稍微调小一点，店里这边好安排,LLM_SYNTHETIC_SPOKEN_BASE,SYNTHETIC_TEXT
m3sbv1_014436,到时候我估计看看导航是不是带错路了就行,LLM_SYNTHETIC_SPOKEN_BASE,SYNTHETIC_TEXT
m3sbv1_014437,早一点先别急，把声音稍微调小一点再继续,LLM_SYNTHETIC_SPOKEN_BASE,SYNTHETIC_TEXT
m3sbv1_014438,他最近问一下还能不能加一个人然后告诉我,LLM_SYNTHETIC_SPOKEN_BASE,SYNTHETIC_TEXT
m3sbv1_014439,早一点先别急，确认一下是不是已经下单了再继续,LLM_SYNTHETIC_SPOKEN_BASE,SYNTHETIC_TEXT
m3sbv1_014440,到时候可能帮我确认一下房间准备好了没有我再决定,LLM_SYNTHETIC_SPOKEN_BASE,SYNTHETIC_TEXT
m3sbv1_014441,现在先别急，再检查一遍有没有问题再继续,LLM_SYNTHETIC_SPOKEN_BASE,SYNTHETIC_TEXT
m3sbv1_014442,晚一点麻烦你先把这个问题单独记录下来我有点不确定,LLM_SYNTHETIC_SPOKEN_BASE,SYNTHETIC_TEXT
m3sbv1_014443,你这边没别的要求，帮我确认一下字段有没有变就可以,LLM_SYNTHETIC_SPOKEN_BASE,SYNTHETIC_TEXT
m3sbv1_014444,昨天看看是不是选错选项了，我确认完再跟你说,LLM_SYNTHETIC_SPOKEN_BASE,SYNTHETIC_TEXT
m3sbv1_014445,我这边没别的要求，先把现在的结果保存下来就可以,LLM_SYNTHETIC_SPOKEN_BASE,SYNTHETIC_TEXT
m3sbv1_014446,他们麻烦你问一下他们什么时候能到，免得后面又要重新弄,LLM_SYNTHETIC_SPOKEN_BASE,SYNTHETIC_TEXT
m3sbv1_014447,我想问一下帮我确认一下下一站在哪里，我刚才没听太清楚,LLM_SYNTHETIC_SPOKEN_BASE,SYNTHETIC_TEXT
m3sbv1_014448,好像确认一下这次只改这一部分，公司这边好安排,LLM_SYNTHETIC_SPOKEN_BASE,SYNTHETIC_TEXT
m3sbv1_014449,他们早一点把刚才那条消息再发我一次别弄错了,LLM_SYNTHETIC_SPOKEN_BASE,SYNTHETIC_TEXT
m3sbv1_014450,麻烦你确认一下停车要不要付费，我刚才没听太清楚,LLM_SYNTHETIC_SPOKEN_BASE,SYNTHETIC_TEXT
m3sbv1_014451,现场明天确认一下入口是不是在这边可以吗,LLM_SYNTHETIC_SPOKEN_BASE,SYNTHETIC_TEXT
m3sbv1_014452,这边这边没别的要求，看看能不能把时间往后挪一点就可以,LLM_SYNTHETIC_SPOKEN_BASE,SYNTHETIC_TEXT
m3sbv1_014453,应该看看有没有不用排队的办法，他们这边好安排,LLM_SYNTHETIC_SPOKEN_BASE,SYNTHETIC_TEXT
m3sbv1_014454,他现在帮我看看这个号码对不对别弄错了,LLM_SYNTHETIC_SPOKEN_BASE,SYNTHETIC_TEXT
m3sbv1_014455,我到时候帮我确认一下负责人是谁行不行,LLM_SYNTHETIC_SPOKEN_BASE,SYNTHETIC_TEXT
m3sbv1_014456,先感觉确认一下这次只改这一部分我有点不确定,LLM_SYNTHETIC_SPOKEN_BASE,SYNTHETIC_TEXT
m3sbv1_014457,公司现在确认一下是不是已经付过了别弄错了,LLM_SYNTHETIC_SPOKEN_BASE,SYNTHETIC_TEXT
m3sbv1_014458,前面看起来帮我看看日志里有没有异常，免得后面又要重新弄,LLM_SYNTHETIC_SPOKEN_BASE,SYNTHETIC_TEXT
m3sbv1_014459,我估计看看数据是不是重复了，我刚才没听太清楚,LLM_SYNTHETIC_SPOKEN_BASE,SYNTHETIC_TEXT
m3sbv1_014460,现场这两天帮我看看日志里有没有异常我再决定,LLM_SYNTHETIC_SPOKEN_BASE,SYNTHETIC_TEXT
m3sbv1_014461,昨天我想问一下帮我看看这个号码对不对我怕等会儿忘了,LLM_SYNTHETIC_SPOKEN_BASE,SYNTHETIC_TEXT
m3sbv1_014462,他们等一下把这个先留着别动然后告诉我,LLM_SYNTHETIC_SPOKEN_BASE,SYNTHETIC_TEXT
m3sbv1_014463,等一下好像看看能不能多拿一条毛巾可以吗,LLM_SYNTHETIC_SPOKEN_BASE,SYNTHETIC_TEXT
m3sbv1_014464,前面这边没别的要求，别着急我们按顺序来就可以,LLM_SYNTHETIC_SPOKEN_BASE,SYNTHETIC_TEXT
m3sbv1_014465,他们一会儿帮我看看这个菜里面有没有辣椒可以吗,LLM_SYNTHETIC_SPOKEN_BASE,SYNTHETIC_TEXT
m3sbv1_014466,之前应该试一下重新打开能不能用我想先确认清楚,LLM_SYNTHETIC_SPOKEN_BASE,SYNTHETIC_TEXT
m3sbv1_014467,昨天感觉帮我把重复的内容删掉就行,LLM_SYNTHETIC_SPOKEN_BASE,SYNTHETIC_TEXT
m3sbv1_014468,店里好像确认一下这个功能是不是已经关掉了，免得后面又要重新弄,LLM_SYNTHETIC_SPOKEN_BASE,SYNTHETIC_TEXT
m3sbv1_014469,麻烦你确认一下会议是不是改到下午了，你们这边好安排,LLM_SYNTHETIC_SPOKEN_BASE,SYNTHETIC_TEXT
m3sbv1_014470,明天把这个先留着别动，我确认完再跟你说,LLM_SYNTHETIC_SPOKEN_BASE,SYNTHETIC_TEXT
m3sbv1_014471,今天可能帮我把水再加一点我想先确认清楚,LLM_SYNTHETIC_SPOKEN_BASE,SYNTHETIC_TEXT
m3sbv1_014472,这两天先别急，别着急我们按顺序来再继续,LLM_SYNTHETIC_SPOKEN_BASE,SYNTHETIC_TEXT
m3sbv1_014473,我听说看看空调能不能调高一点，前面这边好安排,LLM_SYNTHETIC_SPOKEN_BASE,SYNTHETIC_TEXT
m3sbv1_014474,那边应该看看油还够不够，免得后面又要重新弄,LLM_SYNTHETIC_SPOKEN_BASE,SYNTHETIC_TEXT
m3sbv1_014475,看起来看看这个结果和昨天是不是一样，我刚才没听太清楚,LLM_SYNTHETIC_SPOKEN_BASE,SYNTHETIC_TEXT
m3sbv1_014476,最近我记得确认一下服务有没有启动然后告诉我,LLM_SYNTHETIC_SPOKEN_BASE,SYNTHETIC_TEXT
m3sbv1_014477,他这边没别的要求，看看能不能多拿一条毛巾就可以,LLM_SYNTHETIC_SPOKEN_BASE,SYNTHETIC_TEXT
m3sbv1_014478,后面现在确认一下是不是从这里集合可以吗,LLM_SYNTHETIC_SPOKEN_BASE,SYNTHETIC_TEXT
m3sbv1_014479,他们等一下确认一下测试结果有没有更新我想先确认清楚,LLM_SYNTHETIC_SPOKEN_BASE,SYNTHETIC_TEXT
m3sbv1_014480,现在先别急，看看是不是还少了什么再继续,LLM_SYNTHETIC_SPOKEN_BASE,SYNTHETIC_TEXT
m3sbv1_014481,最近好像看看是不是网络又断了就行,LLM_SYNTHETIC_SPOKEN_BASE,SYNTHETIC_TEXT
m3sbv1_014482,我我估计先把这个问题单独记录下来，免得后面又要重新弄,LLM_SYNTHETIC_SPOKEN_BASE,SYNTHETIC_TEXT
m3sbv1_014483,现在应该把位置发给我我自己过去行不行,LLM_SYNTHETIC_SPOKEN_BASE,SYNTHETIC_TEXT
m3sbv1_014484,先确认一下灯是不是都关了，我确认完再跟你说,LLM_SYNTHETIC_SPOKEN_BASE,SYNTHETIC_TEXT
m3sbv1_014485,你我估计问一下能不能晚一点回来，免得后面又要重新弄,LLM_SYNTHETIC_SPOKEN_BASE,SYNTHETIC_TEXT
m3sbv1_014486,晚一点可能帮我看看这个菜里面有没有辣椒行不行,LLM_SYNTHETIC_SPOKEN_BASE,SYNTHETIC_TEXT
m3sbv1_014487,前面这两天把最新版本发给我看一下我怕等会儿忘了,LLM_SYNTHETIC_SPOKEN_BASE,SYNTHETIC_TEXT
m3sbv1_014488,今天我确认一下把这个先放到后面处理行不行,LLM_SYNTHETIC_SPOKEN_BASE,SYNTHETIC_TEXT
m3sbv1_014489,最近麻烦你确认一下是不是已经付过了行不行,LLM_SYNTHETIC_SPOKEN_BASE,SYNTHETIC_TEXT
m3sbv1_014490,最近告诉我大概还要多久，我确认完再跟你说,LLM_SYNTHETIC_SPOKEN_BASE,SYNTHETIC_TEXT
m3sbv1_014491,晚一点看起来再检查一遍有没有问题我再决定,LLM_SYNTHETIC_SPOKEN_BASE,SYNTHETIC_TEXT
m3sbv1_014492,你们我想问一下看看前面能不能掉头，免得后面又要重新弄,LLM_SYNTHETIC_SPOKEN_BASE,SYNTHETIC_TEXT
m3sbv1_014493,后面好像把地址再确认一下，免得后面又要重新弄,LLM_SYNTHETIC_SPOKEN_BASE,SYNTHETIC_TEXT
m3sbv1_014494,刚才我记得把最新版本发给我看一下,LLM_SYNTHETIC_SPOKEN_BASE,SYNTHETIC_TEXT
m3sbv1_014495,我确认一下确认一下这个功能是不是已经关掉了，公司这边好安排,LLM_SYNTHETIC_SPOKEN_BASE,SYNTHETIC_TEXT
m3sbv1_014496,到时候确认一下名字有没有写错，我确认完再跟你说,LLM_SYNTHETIC_SPOKEN_BASE,SYNTHETIC_TEXT
m3sbv1_014497,你们我记得帮我看看这个菜里面有没有辣椒，免得后面又要重新弄,LLM_SYNTHETIC_SPOKEN_BASE,SYNTHETIC_TEXT
m3sbv1_014498,我们我确认一下把刚才说的重点再讲一遍，免得后面又要重新弄,LLM_SYNTHETIC_SPOKEN_BASE,SYNTHETIC_TEXT
m3sbv1_014499,一会儿先别急，看看钥匙是不是还在车里再继续,LLM_SYNTHETIC_SPOKEN_BASE,SYNTHETIC_TEXT
m3sbv1_014500,他我确认一下确认一下测试结果有没有更新，免得后面又要重新弄,LLM_SYNTHETIC_SPOKEN_BASE,SYNTHETIC_TEXT
m3sbv1_014501,昨天先别急，帮我换一个安静一点的位置再继续,LLM_SYNTHETIC_SPOKEN_BASE,SYNTHETIC_TEXT
m3sbv1_014502,我估计确认一下今天是不是正常营业，我刚才没听太清楚,LLM_SYNTHETIC_SPOKEN_BASE,SYNTHETIC_TEXT
m3sbv1_014503,可能看看前面能不能掉头，我刚才没听太清楚,LLM_SYNTHETIC_SPOKEN_BASE,SYNTHETIC_TEXT
m3sbv1_014504,现场应该帮我找一下充电线放哪了，免得后面又要重新弄,LLM_SYNTHETIC_SPOKEN_BASE,SYNTHETIC_TEXT
m3sbv1_014505,我确认一下确认一下入口是不是在这边，她这边好安排,LLM_SYNTHETIC_SPOKEN_BASE,SYNTHETIC_TEXT
m3sbv1_014506,应该确认一下这个功能是不是已经关掉了，我们这边好安排,LLM_SYNTHETIC_SPOKEN_BASE,SYNTHETIC_TEXT
m3sbv1_014507,你这两天帮我查一下刚才是哪一步失败了我再决定,LLM_SYNTHETIC_SPOKEN_BASE,SYNTHETIC_TEXT
m3sbv1_014508,我们这两天把这个先放到后面处理就行,LLM_SYNTHETIC_SPOKEN_BASE,SYNTHETIC_TEXT
m3sbv1_014509,等一下看起来问一下还能不能加一个人我再决定,LLM_SYNTHETIC_SPOKEN_BASE,SYNTHETIC_TEXT
m3sbv1_014510,昨天好像看看这个价格有没有包含费用行不行,LLM_SYNTHETIC_SPOKEN_BASE,SYNTHETIC_TEXT
m3sbv1_014511,她看起来确认一下今天是不是正常营业，免得后面又要重新弄,LLM_SYNTHETIC_SPOKEN_BASE,SYNTHETIC_TEXT
m3sbv1_014512,今天先别急，帮我确认一下字段有没有变再继续,LLM_SYNTHETIC_SPOKEN_BASE,SYNTHETIC_TEXT
m3sbv1_014513,现场我估计确认一下灯是不是都关了，免得后面又要重新弄,LLM_SYNTHETIC_SPOKEN_BASE,SYNTHETIC_TEXT
m3sbv1_014514,他们我估计看看能不能把时间往后挪一点，免得后面又要重新弄,LLM_SYNTHETIC_SPOKEN_BASE,SYNTHETIC_TEXT
m3sbv1_014515,等一下看起来帮我看看这个零件是不是松了吧,LLM_SYNTHETIC_SPOKEN_BASE,SYNTHETIC_TEXT
m3sbv1_014516,那边刚才确认一下轮胎是不是有点软我有点不确定,LLM_SYNTHETIC_SPOKEN_BASE,SYNTHETIC_TEXT
m3sbv1_014517,你们麻烦你先别取消我再确认一下，免得后面又要重新弄,LLM_SYNTHETIC_SPOKEN_BASE,SYNTHETIC_TEXT
m3sbv1_014518,现场昨天先把这一项记下来我想先确认清楚,LLM_SYNTHETIC_SPOKEN_BASE,SYNTHETIC_TEXT
m3sbv1_014519,晚一点麻烦你看看有没有更早一点的时间,LLM_SYNTHETIC_SPOKEN_BASE,SYNTHETIC_TEXT
m3sbv1_014520,你们最近先别取消我再确认一下吧,LLM_SYNTHETIC_SPOKEN_BASE,SYNTHETIC_TEXT
m3sbv1_014521,看起来确认一下是不是已经付过了，店里这边好安排,LLM_SYNTHETIC_SPOKEN_BASE,SYNTHETIC_TEXT
m3sbv1_014522,现在先别急，把声音稍微调小一点再继续,LLM_SYNTHETIC_SPOKEN_BASE,SYNTHETIC_TEXT
m3sbv1_014523,把这个先留着别动，有变化的话提前告诉我,LLM_SYNTHETIC_SPOKEN_BASE,SYNTHETIC_TEXT
m3sbv1_014524,好像把最新版本发给我看一下，那边这边好安排,LLM_SYNTHETIC_SPOKEN_BASE,SYNTHETIC_TEXT
m3sbv1_014525,感觉帮我看看这个号码对不对，那边这边好安排,LLM_SYNTHETIC_SPOKEN_BASE,SYNTHETIC_TEXT
m3sbv1_014526,一会儿可能确认一下是不是已经付过了行不行,LLM_SYNTHETIC_SPOKEN_BASE,SYNTHETIC_TEXT
m3sbv1_014527,先麻烦你别着急我们按顺序来我怕等会儿忘了,LLM_SYNTHETIC_SPOKEN_BASE,SYNTHETIC_TEXT
m3sbv1_014528,之前我听说确认一下这次只改这一部分然后告诉我,LLM_SYNTHETIC_SPOKEN_BASE,SYNTHETIC_TEXT
m3sbv1_014529,家里刚才试一下重新打开能不能用,LLM_SYNTHETIC_SPOKEN_BASE,SYNTHETIC_TEXT
m3sbv1_014530,这两天我记得先把旧的那套逻辑放一边行不行,LLM_SYNTHETIC_SPOKEN_BASE,SYNTHETIC_TEXT
m3sbv1_014531,到时候我想问一下看看能不能换成小份我有点不确定,LLM_SYNTHETIC_SPOKEN_BASE,SYNTHETIC_TEXT
m3sbv1_014532,公司麻烦你确认一下是不是从这里集合，免得后面又要重新弄,LLM_SYNTHETIC_SPOKEN_BASE,SYNTHETIC_TEXT
m3sbv1_014533,我们这边没别的要求，再检查一遍有没有问题就可以,LLM_SYNTHETIC_SPOKEN_BASE,SYNTHETIC_TEXT
m3sbv1_014534,你昨天确认一下轮胎是不是有点软我再决定,LLM_SYNTHETIC_SPOKEN_BASE,SYNTHETIC_TEXT
m3sbv1_014535,现场应该帮我看看为什么还没收到，免得后面又要重新弄,LLM_SYNTHETIC_SPOKEN_BASE,SYNTHETIC_TEXT
m3sbv1_014536,前面我觉得帮我看看这个菜里面有没有辣椒，免得后面又要重新弄,LLM_SYNTHETIC_SPOKEN_BASE,SYNTHETIC_TEXT
m3sbv1_014537,先把这一项记下来以后跟我说一声就行,LLM_SYNTHETIC_SPOKEN_BASE,SYNTHETIC_TEXT
m3sbv1_014538,我我记得看看数据是不是重复了，免得后面又要重新弄,LLM_SYNTHETIC_SPOKEN_BASE,SYNTHETIC_TEXT
m3sbv1_014539,最近可能确认一下轮胎是不是有点软然后告诉我,LLM_SYNTHETIC_SPOKEN_BASE,SYNTHETIC_TEXT
m3sbv1_014540,你等一下把刚才那条消息再发我一次我怕等会儿忘了,LLM_SYNTHETIC_SPOKEN_BASE,SYNTHETIC_TEXT
m3sbv1_014541,今天我估计帮我问一下还有没有空位可以吗,LLM_SYNTHETIC_SPOKEN_BASE,SYNTHETIC_TEXT
m3sbv1_014542,现场到时候看看是不是还少了什么我怕等会儿忘了,LLM_SYNTHETIC_SPOKEN_BASE,SYNTHETIC_TEXT
m3sbv1_014543,我听说问一下早餐几点开始，他们这边好安排,LLM_SYNTHETIC_SPOKEN_BASE,SYNTHETIC_TEXT
m3sbv1_014544,我听说把刚才那条消息再发我一次，我刚才没听太清楚,LLM_SYNTHETIC_SPOKEN_BASE,SYNTHETIC_TEXT
m3sbv1_014545,一会儿看起来帮我问一下现在还能不能改吧,LLM_SYNTHETIC_SPOKEN_BASE,SYNTHETIC_TEXT
m3sbv1_014546,你们我听说问一下还能不能加一个人，免得后面又要重新弄,LLM_SYNTHETIC_SPOKEN_BASE,SYNTHETIC_TEXT
m3sbv1_014547,店里感觉先等等我马上就过来，免得后面又要重新弄,LLM_SYNTHETIC_SPOKEN_BASE,SYNTHETIC_TEXT
m3sbv1_014548,明天我估计先把这一项记下来我想先确认清楚,LLM_SYNTHETIC_SPOKEN_BASE,SYNTHETIC_TEXT
m3sbv1_014549,我们先确认一下是不是从这里集合,LLM_SYNTHETIC_SPOKEN_BASE,SYNTHETIC_TEXT
m3sbv1_014550,我记得看看是不是选错选项了，你这边好安排,LLM_SYNTHETIC_SPOKEN_BASE,SYNTHETIC_TEXT
m3sbv1_014551,店里一会儿确认一下退房时间是几点我想先确认清楚,LLM_SYNTHETIC_SPOKEN_BASE,SYNTHETIC_TEXT
m3sbv1_014552,好像看看是不是网络又断了，那边这边好安排,LLM_SYNTHETIC_SPOKEN_BASE,SYNTHETIC_TEXT
m3sbv1_014553,今天我确认一下看看这个版本是不是最新的可以吗,LLM_SYNTHETIC_SPOKEN_BASE,SYNTHETIC_TEXT
m3sbv1_014554,之前先别急，看看有没有不用排队的办法再继续,LLM_SYNTHETIC_SPOKEN_BASE,SYNTHETIC_TEXT
m3sbv1_014555,可能先把现在的结果保存下来，后面这边好安排,LLM_SYNTHETIC_SPOKEN_BASE,SYNTHETIC_TEXT
m3sbv1_014556,到时候再检查一遍有没有问题，我确认完再跟你说,LLM_SYNTHETIC_SPOKEN_BASE,SYNTHETIC_TEXT
m3sbv1_014557,这两天我记得看看能不能把时间往后挪一点可以吗,LLM_SYNTHETIC_SPOKEN_BASE,SYNTHETIC_TEXT
m3sbv1_014558,我记得确认一下服务有没有启动，这边这边好安排,LLM_SYNTHETIC_SPOKEN_BASE,SYNTHETIC_TEXT
m3sbv1_014559,到时候问一下能不能晚一点回来，我确认完再跟你说,LLM_SYNTHETIC_SPOKEN_BASE,SYNTHETIC_TEXT
m3sbv1_014560,前面看起来帮我确认一下字段有没有变，免得后面又要重新弄,LLM_SYNTHETIC_SPOKEN_BASE,SYNTHETIC_TEXT
m3sbv1_014561,我记得帮我把需要验证的地方列出来，店里这边好安排,LLM_SYNTHETIC_SPOKEN_BASE,SYNTHETIC_TEXT
m3sbv1_014562,这边最近确认一下停车要不要付费是不是,LLM_SYNTHETIC_SPOKEN_BASE,SYNTHETIC_TEXT
m3sbv1_014563,前面晚一点看看这个价格有没有包含费用我怕等会儿忘了,LLM_SYNTHETIC_SPOKEN_BASE,SYNTHETIC_TEXT
m3sbv1_014564,你们早一点看看前面是不是要左转吧,LLM_SYNTHETIC_SPOKEN_BASE,SYNTHETIC_TEXT
m3sbv1_014565,这边明天把这个问题先记到清单里我怕等会儿忘了,LLM_SYNTHETIC_SPOKEN_BASE,SYNTHETIC_TEXT
m3sbv1_014566,前面我确认一下帮我看看日志里有没有异常，免得后面又要重新弄,LLM_SYNTHETIC_SPOKEN_BASE,SYNTHETIC_TEXT
m3sbv1_014567,家里一会儿看一下这个是不是放错地方了就行,LLM_SYNTHETIC_SPOKEN_BASE,SYNTHETIC_TEXT
m3sbv1_014568,早一点先别急，先把现在的结果保存下来再继续,LLM_SYNTHETIC_SPOKEN_BASE,SYNTHETIC_TEXT
m3sbv1_014569,现在我估计看看这个版本是不是最新的是不是,LLM_SYNTHETIC_SPOKEN_BASE,SYNTHETIC_TEXT
m3sbv1_014570,后面昨天帮我确认一下字段有没有变我怕等会儿忘了,LLM_SYNTHETIC_SPOKEN_BASE,SYNTHETIC_TEXT
m3sbv1_014571,麻烦你确认一下是不是同一个订单，公司这边好安排,LLM_SYNTHETIC_SPOKEN_BASE,SYNTHETIC_TEXT
m3sbv1_014572,昨天问一下早餐几点开始，我确认完再跟你说,LLM_SYNTHETIC_SPOKEN_BASE,SYNTHETIC_TEXT
m3sbv1_014573,你们之前把门先关一下有点冷别弄错了,LLM_SYNTHETIC_SPOKEN_BASE,SYNTHETIC_TEXT
m3sbv1_014574,刚才我确认一下看看有没有不用排队的办法然后告诉我,LLM_SYNTHETIC_SPOKEN_BASE,SYNTHETIC_TEXT
m3sbv1_014575,他先帮我换一个安静一点的位置可以吗,LLM_SYNTHETIC_SPOKEN_BASE,SYNTHETIC_TEXT
m3sbv1_014576,早一点确认一下这份文件是不是最终版，我确认完再跟你说,LLM_SYNTHETIC_SPOKEN_BASE,SYNTHETIC_TEXT
m3sbv1_014577,店里晚一点看看这个结果和昨天是不是一样吧,LLM_SYNTHETIC_SPOKEN_BASE,SYNTHETIC_TEXT
m3sbv1_014578,麻烦你把声音稍微调小一点，家里这边好安排,LLM_SYNTHETIC_SPOKEN_BASE,SYNTHETIC_TEXT
m3sbv1_014579,他们我听说确认一下是不是从这里集合，免得后面又要重新弄,LLM_SYNTHETIC_SPOKEN_BASE,SYNTHETIC_TEXT
m3sbv1_014580,感觉看看这个接口是不是又报错了，我们这边好安排,LLM_SYNTHETIC_SPOKEN_BASE,SYNTHETIC_TEXT
m3sbv1_014581,看起来试一下重新打开能不能用，她这边好安排,LLM_SYNTHETIC_SPOKEN_BASE,SYNTHETIC_TEXT
m3sbv1_014582,店里可能把最新版本发给我看一下，免得后面又要重新弄,LLM_SYNTHETIC_SPOKEN_BASE,SYNTHETIC_TEXT
m3sbv1_014583,你们这边没别的要求，看看这个版本是不是最新的就可以,LLM_SYNTHETIC_SPOKEN_BASE,SYNTHETIC_TEXT
m3sbv1_014584,最近我记得先把这一项记下来我怕等会儿忘了,LLM_SYNTHETIC_SPOKEN_BASE,SYNTHETIC_TEXT
m3sbv1_014585,先看看有没有更早一点的时间，我确认完再跟你说,LLM_SYNTHETIC_SPOKEN_BASE,SYNTHETIC_TEXT
m3sbv1_014586,前面我听说看看这个接口是不是又报错了，免得后面又要重新弄,LLM_SYNTHETIC_SPOKEN_BASE,SYNTHETIC_TEXT
m3sbv1_014587,明天我估计告诉我大概还要多久别弄错了,LLM_SYNTHETIC_SPOKEN_BASE,SYNTHETIC_TEXT
m3sbv1_014588,今天问一下还能不能加一个人，我确认完再跟你说,LLM_SYNTHETIC_SPOKEN_BASE,SYNTHETIC_TEXT
m3sbv1_014589,一会儿看看前面能不能掉头，我确认完再跟你说,LLM_SYNTHETIC_SPOKEN_BASE,SYNTHETIC_TEXT
m3sbv1_014590,到时候感觉看看导航是不是带错路了可以吗,LLM_SYNTHETIC_SPOKEN_BASE,SYNTHETIC_TEXT
m3sbv1_014591,我估计帮我看看这个号码对不对，他这边好安排,LLM_SYNTHETIC_SPOKEN_BASE,SYNTHETIC_TEXT
m3sbv1_014592,那边这边没别的要求，看看数据是不是重复了就可以,LLM_SYNTHETIC_SPOKEN_BASE,SYNTHETIC_TEXT
m3sbv1_014593,帮我看看为什么还没收到，有变化的话提前告诉我,LLM_SYNTHETIC_SPOKEN_BASE,SYNTHETIC_TEXT
m3sbv1_014594,最近先别急，帮我看看这个号码对不对再继续,LLM_SYNTHETIC_SPOKEN_BASE,SYNTHETIC_TEXT
m3sbv1_014595,我确认一下看看前面是不是要左转，你们这边好安排,LLM_SYNTHETIC_SPOKEN_BASE,SYNTHETIC_TEXT
m3sbv1_014596,前面之前问一下回来的车几点出发,LLM_SYNTHETIC_SPOKEN_BASE,SYNTHETIC_TEXT
m3sbv1_014597,看起来帮我确认一下负责人是谁，店里这边好安排,LLM_SYNTHETIC_SPOKEN_BASE,SYNTHETIC_TEXT
m3sbv1_014598,好像看看有没有不用排队的办法，前面这边好安排,LLM_SYNTHETIC_SPOKEN_BASE,SYNTHETIC_TEXT
m3sbv1_014599,感觉帮我找一下刚才那个页面，前面这边好安排,LLM_SYNTHETIC_SPOKEN_BASE,SYNTHETIC_TEXT
m3sbv1_014600,晚一点确认一下灯是不是都关了，我确认完再跟你说,LLM_SYNTHETIC_SPOKEN_BASE,SYNTHETIC_TEXT
m3sbv1_014601,晚一点可能把这个问题先记到清单里然后告诉我,LLM_SYNTHETIC_SPOKEN_BASE,SYNTHETIC_TEXT
m3sbv1_014602,之前先别急，到的时候给我发个消息再继续,LLM_SYNTHETIC_SPOKEN_BASE,SYNTHETIC_TEXT
m3sbv1_014603,他明天看看这个结果和昨天是不是一样我想先确认清楚,LLM_SYNTHETIC_SPOKEN_BASE,SYNTHETIC_TEXT
m3sbv1_014604,你今天把刚才说的重点再讲一遍我再决定,LLM_SYNTHETIC_SPOKEN_BASE,SYNTHETIC_TEXT
m3sbv1_014605,他现在帮我确认一下字段有没有变我怕等会儿忘了,LLM_SYNTHETIC_SPOKEN_BASE,SYNTHETIC_TEXT
m3sbv1_014606,晚一点先别急，看看有没有不用排队的办法再继续,LLM_SYNTHETIC_SPOKEN_BASE,SYNTHETIC_TEXT
m3sbv1_014607,他最近确认一下会议是不是改到下午了,LLM_SYNTHETIC_SPOKEN_BASE,SYNTHETIC_TEXT
m3sbv1_014608,感觉帮我查一下刚才是哪一步失败了，你们这边好安排,LLM_SYNTHETIC_SPOKEN_BASE,SYNTHETIC_TEXT
m3sbv1_014609,现场早一点看看这个接口是不是又报错了别弄错了,LLM_SYNTHETIC_SPOKEN_BASE,SYNTHETIC_TEXT
m3sbv1_014610,我确认一下确认一下停车要不要付费，我刚才没听太清楚,LLM_SYNTHETIC_SPOKEN_BASE,SYNTHETIC_TEXT
m3sbv1_014611,晚一点我觉得确认一下是不是从这里集合我有点不确定,LLM_SYNTHETIC_SPOKEN_BASE,SYNTHETIC_TEXT
m3sbv1_014612,我估计帮我确认一下下一站在哪里，这边这边好安排,LLM_SYNTHETIC_SPOKEN_BASE,SYNTHETIC_TEXT
m3sbv1_014613,我感觉看看有没有影响到别的模块，免得后面又要重新弄,LLM_SYNTHETIC_SPOKEN_BASE,SYNTHETIC_TEXT
m3sbv1_014614,现在我记得看看这个杯子是不是我的我怕等会儿忘了,LLM_SYNTHETIC_SPOKEN_BASE,SYNTHETIC_TEXT
m3sbv1_014615,后面好像先把旧的那套逻辑放一边，免得后面又要重新弄,LLM_SYNTHETIC_SPOKEN_BASE,SYNTHETIC_TEXT
m3sbv1_014616,公司麻烦你看看数据是不是重复了，免得后面又要重新弄,LLM_SYNTHETIC_SPOKEN_BASE,SYNTHETIC_TEXT
m3sbv1_014617,等一下好像帮我看看这个零件是不是松了行不行,LLM_SYNTHETIC_SPOKEN_BASE,SYNTHETIC_TEXT
m3sbv1_014618,她我觉得看看能不能把时间往后挪一点，免得后面又要重新弄,LLM_SYNTHETIC_SPOKEN_BASE,SYNTHETIC_TEXT
m3sbv1_014619,家里这边没别的要求，把这个先留着别动就可以,LLM_SYNTHETIC_SPOKEN_BASE,SYNTHETIC_TEXT
m3sbv1_014620,家里我想问一下到的时候给我发个消息，免得后面又要重新弄,LLM_SYNTHETIC_SPOKEN_BASE,SYNTHETIC_TEXT
m3sbv1_014621,之前帮我把需要验证的地方列出来，我确认完再跟你说,LLM_SYNTHETIC_SPOKEN_BASE,SYNTHETIC_TEXT
m3sbv1_014622,后面这边没别的要求，看看钥匙是不是还在车里就可以,LLM_SYNTHETIC_SPOKEN_BASE,SYNTHETIC_TEXT
m3sbv1_014623,最近我听说看看能不能换成小份是不是,LLM_SYNTHETIC_SPOKEN_BASE,SYNTHETIC_TEXT
m3sbv1_014624,现场这边没别的要求，帮我把水再加一点就可以,LLM_SYNTHETIC_SPOKEN_BASE,SYNTHETIC_TEXT
m3sbv1_014625,明天我听说看看数据是不是重复了可以吗,LLM_SYNTHETIC_SPOKEN_BASE,SYNTHETIC_TEXT
m3sbv1_014626,明天先别急，看看能不能换成小份再继续,LLM_SYNTHETIC_SPOKEN_BASE,SYNTHETIC_TEXT
m3sbv1_014627,看起来再检查一遍有没有问题，他们这边好安排,LLM_SYNTHETIC_SPOKEN_BASE,SYNTHETIC_TEXT
m3sbv1_014628,你这边没别的要求，确认一下入口是不是在这边就可以,LLM_SYNTHETIC_SPOKEN_BASE,SYNTHETIC_TEXT
m3sbv1_014629,公司之前确认一下这次只改这一部分,LLM_SYNTHETIC_SPOKEN_BASE,SYNTHETIC_TEXT
m3sbv1_014630,今天把声音稍微调小一点，我确认完再跟你说,LLM_SYNTHETIC_SPOKEN_BASE,SYNTHETIC_TEXT
m3sbv1_014631,早一点帮我看看日志里有没有异常，我确认完再跟你说,LLM_SYNTHETIC_SPOKEN_BASE,SYNTHETIC_TEXT
m3sbv1_014632,一会儿麻烦你看看是不是还少了什么我怕等会儿忘了,LLM_SYNTHETIC_SPOKEN_BASE,SYNTHETIC_TEXT
m3sbv1_014633,等一下先别急，把门先关一下有点冷再继续,LLM_SYNTHETIC_SPOKEN_BASE,SYNTHETIC_TEXT
m3sbv1_014634,他们应该帮我找一下刚才那个页面，免得后面又要重新弄,LLM_SYNTHETIC_SPOKEN_BASE,SYNTHETIC_TEXT
m3sbv1_014635,现在我确认一下看看这个杯子是不是我的行不行,LLM_SYNTHETIC_SPOKEN_BASE,SYNTHETIC_TEXT
m3sbv1_014636,最近我记得帮我看看这个菜里面有没有辣椒我怕等会儿忘了,LLM_SYNTHETIC_SPOKEN_BASE,SYNTHETIC_TEXT
m3sbv1_014637,他这边没别的要求，把最新版本发给我看一下就可以,LLM_SYNTHETIC_SPOKEN_BASE,SYNTHETIC_TEXT
m3sbv1_014638,这边我觉得把门先关一下有点冷，免得后面又要重新弄,LLM_SYNTHETIC_SPOKEN_BASE,SYNTHETIC_TEXT
m3sbv1_014639,应该帮我拿一下旁边那个袋子，店里这边好安排,LLM_SYNTHETIC_SPOKEN_BASE,SYNTHETIC_TEXT
m3sbv1_014640,明天感觉看看这个版本是不是最新的吧,LLM_SYNTHETIC_SPOKEN_BASE,SYNTHETIC_TEXT
m3sbv1_014641,感觉帮我看看日志里有没有异常，我刚才没听太清楚,LLM_SYNTHETIC_SPOKEN_BASE,SYNTHETIC_TEXT
m3sbv1_014642,我们这边没别的要求，问一下这个能不能少放一点盐就可以,LLM_SYNTHETIC_SPOKEN_BASE,SYNTHETIC_TEXT
m3sbv1_014643,我们我估计把最新版本发给我看一下，免得后面又要重新弄,LLM_SYNTHETIC_SPOKEN_BASE,SYNTHETIC_TEXT
m3sbv1_014644,先感觉帮我查一下刚才是哪一步失败了行不行,LLM_SYNTHETIC_SPOKEN_BASE,SYNTHETIC_TEXT
m3sbv1_014645,早一点先别急，帮我把水再加一点再继续,LLM_SYNTHETIC_SPOKEN_BASE,SYNTHETIC_TEXT
m3sbv1_014646,之前先别急，问一下回来的车几点出发再继续,LLM_SYNTHETIC_SPOKEN_BASE,SYNTHETIC_TEXT
m3sbv1_014647,好像确认一下是不是从这里集合，她这边好安排,LLM_SYNTHETIC_SPOKEN_BASE,SYNTHETIC_TEXT
m3sbv1_014648,到时候先别急，帮我查一下刚才是哪一步失败了再继续,LLM_SYNTHETIC_SPOKEN_BASE,SYNTHETIC_TEXT
m3sbv1_014649,那边一会儿先把旧的那套逻辑放一边我再决定,LLM_SYNTHETIC_SPOKEN_BASE,SYNTHETIC_TEXT
m3sbv1_014650,这两天我记得帮我把水再加一点别弄错了,LLM_SYNTHETIC_SPOKEN_BASE,SYNTHETIC_TEXT
m3sbv1_014651,这边明天再检查一遍有没有问题我再决定,LLM_SYNTHETIC_SPOKEN_BASE,SYNTHETIC_TEXT
m3sbv1_014652,明天帮我把需要验证的地方列出来，我确认完再跟你说,LLM_SYNTHETIC_SPOKEN_BASE,SYNTHETIC_TEXT
m3sbv1_014653,我看起来确认一下文件有没有传成功，免得后面又要重新弄,LLM_SYNTHETIC_SPOKEN_BASE,SYNTHETIC_TEXT
m3sbv1_014654,这两天帮我确认一下负责人是谁，我确认完再跟你说,LLM_SYNTHETIC_SPOKEN_BASE,SYNTHETIC_TEXT
m3sbv1_014655,晚一点好像把最新版本发给我看一下我怕等会儿忘了,LLM_SYNTHETIC_SPOKEN_BASE,SYNTHETIC_TEXT
m3sbv1_014656,昨天确认一下今天是不是正常营业，我确认完再跟你说,LLM_SYNTHETIC_SPOKEN_BASE,SYNTHETIC_TEXT
m3sbv1_014657,刚才确认一下停车要不要付费，我确认完再跟你说,LLM_SYNTHETIC_SPOKEN_BASE,SYNTHETIC_TEXT
m3sbv1_014658,家里感觉帮我确认一下字段有没有变，免得后面又要重新弄,LLM_SYNTHETIC_SPOKEN_BASE,SYNTHETIC_TEXT
m3sbv1_014659,一会儿看看有没有不用排队的办法，我确认完再跟你说,LLM_SYNTHETIC_SPOKEN_BASE,SYNTHETIC_TEXT
m3sbv1_014660,要是方便的话把门先关一下有点冷，不用特意等我,LLM_SYNTHETIC_SPOKEN_BASE,SYNTHETIC_TEXT
m3sbv1_014661,早一点先别急，先把这个问题单独记录下来再继续,LLM_SYNTHETIC_SPOKEN_BASE,SYNTHETIC_TEXT
m3sbv1_014662,这两天感觉看看导航是不是带错路了吧,LLM_SYNTHETIC_SPOKEN_BASE,SYNTHETIC_TEXT
m3sbv1_014663,等一下感觉确认一下停车要不要付费可以吗,LLM_SYNTHETIC_SPOKEN_BASE,SYNTHETIC_TEXT
m3sbv1_014664,这两天好像确认一下是不是已经付过了行不行,LLM_SYNTHETIC_SPOKEN_BASE,SYNTHETIC_TEXT
m3sbv1_014665,最近应该问一下早餐几点开始就行,LLM_SYNTHETIC_SPOKEN_BASE,SYNTHETIC_TEXT
m3sbv1_014666,感觉确认一下是不是从这里集合，他们这边好安排,LLM_SYNTHETIC_SPOKEN_BASE,SYNTHETIC_TEXT
m3sbv1_014667,这两天我觉得帮我看看日志里有没有异常可以吗,LLM_SYNTHETIC_SPOKEN_BASE,SYNTHETIC_TEXT
m3sbv1_014668,看看还有没有漏掉的步骤，如果不行就先别改,LLM_SYNTHETIC_SPOKEN_BASE,SYNTHETIC_TEXT
m3sbv1_014669,这两天帮我找一下充电线放哪了，我确认完再跟你说,LLM_SYNTHETIC_SPOKEN_BASE,SYNTHETIC_TEXT
m3sbv1_014670,我记得看看数据是不是重复了，这边这边好安排,LLM_SYNTHETIC_SPOKEN_BASE,SYNTHETIC_TEXT
m3sbv1_014671,现在我想问一下看看油还够不够我再决定,LLM_SYNTHETIC_SPOKEN_BASE,SYNTHETIC_TEXT
m3sbv1_014672,他我想问一下看看有没有影响到别的模块，免得后面又要重新弄,LLM_SYNTHETIC_SPOKEN_BASE,SYNTHETIC_TEXT
m3sbv1_014673,这边昨天确认一下轮胎是不是有点软我再决定,LLM_SYNTHETIC_SPOKEN_BASE,SYNTHETIC_TEXT
m3sbv1_014674,我昨天确认一下入口是不是在这边行不行,LLM_SYNTHETIC_SPOKEN_BASE,SYNTHETIC_TEXT
m3sbv1_014675,等一下看看有没有不用排队的办法，我确认完再跟你说,LLM_SYNTHETIC_SPOKEN_BASE,SYNTHETIC_TEXT
m3sbv1_014676,你刚才帮我问一下还有没有空位吧,LLM_SYNTHETIC_SPOKEN_BASE,SYNTHETIC_TEXT
m3sbv1_014677,我估计先等等我马上就过来，这边这边好安排,LLM_SYNTHETIC_SPOKEN_BASE,SYNTHETIC_TEXT
m3sbv1_014678,最近看看前面是不是要左转，我确认完再跟你说,LLM_SYNTHETIC_SPOKEN_BASE,SYNTHETIC_TEXT
m3sbv1_014679,我想问一下确认一下服务有没有启动，她这边好安排,LLM_SYNTHETIC_SPOKEN_BASE,SYNTHETIC_TEXT
m3sbv1_014680,我可能看看能不能换成小份，免得后面又要重新弄,LLM_SYNTHETIC_SPOKEN_BASE,SYNTHETIC_TEXT
m3sbv1_014681,后面可能先把旧的那套逻辑放一边，免得后面又要重新弄,LLM_SYNTHETIC_SPOKEN_BASE,SYNTHETIC_TEXT
m3sbv1_014682,最近麻烦你帮我问一下现在还能不能改行不行,LLM_SYNTHETIC_SPOKEN_BASE,SYNTHETIC_TEXT
m3sbv1_014683,昨天看看前面是不是要左转，我确认完再跟你说,LLM_SYNTHETIC_SPOKEN_BASE,SYNTHETIC_TEXT
m3sbv1_014684,他这边没别的要求，帮我看看日志里有没有异常就可以,LLM_SYNTHETIC_SPOKEN_BASE,SYNTHETIC_TEXT
m3sbv1_014685,我先确认一下车是不是停在外面,LLM_SYNTHETIC_SPOKEN_BASE,SYNTHETIC_TEXT
m3sbv1_014686,我刚才确认一下轮胎是不是有点软然后告诉我,LLM_SYNTHETIC_SPOKEN_BASE,SYNTHETIC_TEXT
m3sbv1_014687,帮我确认一下房间准备好了没有，如果不行就先别改,LLM_SYNTHETIC_SPOKEN_BASE,SYNTHETIC_TEXT
m3sbv1_014688,一会儿先别急，确认一下文件有没有传成功再继续,LLM_SYNTHETIC_SPOKEN_BASE,SYNTHETIC_TEXT
m3sbv1_014689,最近帮我看看这个零件是不是松了，我确认完再跟你说,LLM_SYNTHETIC_SPOKEN_BASE,SYNTHETIC_TEXT
m3sbv1_014690,告诉我大概还要多久，如果不行就先别改,LLM_SYNTHETIC_SPOKEN_BASE,SYNTHETIC_TEXT
m3sbv1_014691,公司感觉问一下能不能晚一点回来，免得后面又要重新弄,LLM_SYNTHETIC_SPOKEN_BASE,SYNTHETIC_TEXT
m3sbv1_014692,我估计看看这个价格有没有包含费用，我刚才没听太清楚,LLM_SYNTHETIC_SPOKEN_BASE,SYNTHETIC_TEXT
m3sbv1_014693,我听说帮我确认一下下一站在哪里，这边这边好安排,LLM_SYNTHETIC_SPOKEN_BASE,SYNTHETIC_TEXT
m3sbv1_014694,她我想问一下看看有没有不用排队的办法，免得后面又要重新弄,LLM_SYNTHETIC_SPOKEN_BASE,SYNTHETIC_TEXT
m3sbv1_014695,他们可能帮我把需要验证的地方列出来，免得后面又要重新弄,LLM_SYNTHETIC_SPOKEN_BASE,SYNTHETIC_TEXT
m3sbv1_014696,你们这边没别的要求，帮我确认一下负责人是谁就可以,LLM_SYNTHETIC_SPOKEN_BASE,SYNTHETIC_TEXT
m3sbv1_014697,他们麻烦你看看有没有不用排队的办法，免得后面又要重新弄,LLM_SYNTHETIC_SPOKEN_BASE,SYNTHETIC_TEXT
m3sbv1_014698,这边这边没别的要求，把刚才那条消息再发我一次就可以,LLM_SYNTHETIC_SPOKEN_BASE,SYNTHETIC_TEXT
m3sbv1_014699,家里这边没别的要求，看看这个东西应该放哪里就可以,LLM_SYNTHETIC_SPOKEN_BASE,SYNTHETIC_TEXT
m3sbv1_014700,我之前看看这个版本是不是最新的吧,LLM_SYNTHETIC_SPOKEN_BASE,SYNTHETIC_TEXT
m3sbv1_014701,现场最近确认一下入口是不是在这边行不行,LLM_SYNTHETIC_SPOKEN_BASE,SYNTHETIC_TEXT
m3sbv1_014702,我听说问一下早餐几点开始，我刚才没听太清楚,LLM_SYNTHETIC_SPOKEN_BASE,SYNTHETIC_TEXT
m3sbv1_014703,感觉先等等我马上就过来，你这边好安排,LLM_SYNTHETIC_SPOKEN_BASE,SYNTHETIC_TEXT
m3sbv1_014704,之前我想问一下帮我把重复的内容删掉我再决定,LLM_SYNTHETIC_SPOKEN_BASE,SYNTHETIC_TEXT
m3sbv1_014705,公司晚一点帮我把水再加一点然后告诉我,LLM_SYNTHETIC_SPOKEN_BASE,SYNTHETIC_TEXT
m3sbv1_014706,可能看看这个东西应该放哪里，我刚才没听太清楚,LLM_SYNTHETIC_SPOKEN_BASE,SYNTHETIC_TEXT
m3sbv1_014707,他们感觉看看能不能把时间往后挪一点，免得后面又要重新弄,LLM_SYNTHETIC_SPOKEN_BASE,SYNTHETIC_TEXT
m3sbv1_014708,这两天先别急，到的时候给我发个消息再继续,LLM_SYNTHETIC_SPOKEN_BASE,SYNTHETIC_TEXT
m3sbv1_014709,后面我估计看看有没有不用排队的办法，免得后面又要重新弄,LLM_SYNTHETIC_SPOKEN_BASE,SYNTHETIC_TEXT
m3sbv1_014710,一会儿应该把声音稍微调小一点我再决定,LLM_SYNTHETIC_SPOKEN_BASE,SYNTHETIC_TEXT
m3sbv1_014711,我听说问一下还能不能加一个人，他这边好安排,LLM_SYNTHETIC_SPOKEN_BASE,SYNTHETIC_TEXT
m3sbv1_014712,家里应该确认一下测试结果有没有更新，免得后面又要重新弄,LLM_SYNTHETIC_SPOKEN_BASE,SYNTHETIC_TEXT
m3sbv1_014713,那边我确认一下看看钥匙是不是还在车里，免得后面又要重新弄,LLM_SYNTHETIC_SPOKEN_BASE,SYNTHETIC_TEXT
m3sbv1_014714,感觉看看还有没有漏掉的步骤，家里这边好安排,LLM_SYNTHETIC_SPOKEN_BASE,SYNTHETIC_TEXT
m3sbv1_014715,我确认一下帮我看看这个号码对不对，我刚才没听太清楚,LLM_SYNTHETIC_SPOKEN_BASE,SYNTHETIC_TEXT
m3sbv1_014716,早一点帮我拿一下旁边那个袋子，我确认完再跟你说,LLM_SYNTHETIC_SPOKEN_BASE,SYNTHETIC_TEXT
m3sbv1_014717,之前看看前面是不是要左转，我确认完再跟你说,LLM_SYNTHETIC_SPOKEN_BASE,SYNTHETIC_TEXT
m3sbv1_014718,我可能帮我看看这个号码对不对，免得后面又要重新弄,LLM_SYNTHETIC_SPOKEN_BASE,SYNTHETIC_TEXT
m3sbv1_014719,家里之前帮我听一下这个声音正不正常我想先确认清楚,LLM_SYNTHETIC_SPOKEN_BASE,SYNTHETIC_TEXT
m3sbv1_014720,明天可能把这个问题先记到清单里行不行,LLM_SYNTHETIC_SPOKEN_BASE,SYNTHETIC_TEXT
m3sbv1_014721,昨天可能帮我找一下充电线放哪了吧,LLM_SYNTHETIC_SPOKEN_BASE,SYNTHETIC_TEXT
m3sbv1_014722,你们好像帮我确认一下下一站在哪里，免得后面又要重新弄,LLM_SYNTHETIC_SPOKEN_BASE,SYNTHETIC_TEXT
m3sbv1_014723,前面我听说确认一下是不是同一个订单，免得后面又要重新弄,LLM_SYNTHETIC_SPOKEN_BASE,SYNTHETIC_TEXT
m3sbv1_014724,他先问一下这个能不能少放一点盐我想先确认清楚,LLM_SYNTHETIC_SPOKEN_BASE,SYNTHETIC_TEXT
m3sbv1_014725,前面好像确认一下测试结果有没有更新，免得后面又要重新弄,LLM_SYNTHETIC_SPOKEN_BASE,SYNTHETIC_TEXT
m3sbv1_014726,我听说看看这个结果和昨天是不是一样，她这边好安排,LLM_SYNTHETIC_SPOKEN_BASE,SYNTHETIC_TEXT
m3sbv1_014727,最近先别急，看看有没有更早一点的时间再继续,LLM_SYNTHETIC_SPOKEN_BASE,SYNTHETIC_TEXT
m3sbv1_014728,可能看看空调能不能调高一点，店里这边好安排,LLM_SYNTHETIC_SPOKEN_BASE,SYNTHETIC_TEXT
m3sbv1_014729,这边早一点帮我看看行李放在哪里,LLM_SYNTHETIC_SPOKEN_BASE,SYNTHETIC_TEXT
m3sbv1_014730,先我记得帮我看看附近有没有停车位我怕等会儿忘了,LLM_SYNTHETIC_SPOKEN_BASE,SYNTHETIC_TEXT
m3sbv1_014731,我之前确认一下灯是不是都关了我怕等会儿忘了,LLM_SYNTHETIC_SPOKEN_BASE,SYNTHETIC_TEXT
m3sbv1_014732,你们一会儿看看能不能换成小份,LLM_SYNTHETIC_SPOKEN_BASE,SYNTHETIC_TEXT
m3sbv1_014733,这边我觉得看看这个价格有没有包含费用，免得后面又要重新弄,LLM_SYNTHETIC_SPOKEN_BASE,SYNTHETIC_TEXT
m3sbv1_014734,最近先别急，把刚才那条消息再发我一次再继续,LLM_SYNTHETIC_SPOKEN_BASE,SYNTHETIC_TEXT
m3sbv1_014735,家里之前看看这个杯子是不是我的行不行,LLM_SYNTHETIC_SPOKEN_BASE,SYNTHETIC_TEXT
m3sbv1_014736,他们好像确认一下测试结果有没有更新，免得后面又要重新弄,LLM_SYNTHETIC_SPOKEN_BASE,SYNTHETIC_TEXT
m3sbv1_014737,公司我记得帮我找一下刚才那个页面，免得后面又要重新弄,LLM_SYNTHETIC_SPOKEN_BASE,SYNTHETIC_TEXT
m3sbv1_014738,我觉得问一下回来的车几点出发，你这边好安排,LLM_SYNTHETIC_SPOKEN_BASE,SYNTHETIC_TEXT
m3sbv1_014739,现在可能帮我看看附近有没有停车位我怕等会儿忘了,LLM_SYNTHETIC_SPOKEN_BASE,SYNTHETIC_TEXT
m3sbv1_014740,她明天确认一下是不是已经付过了我再决定,LLM_SYNTHETIC_SPOKEN_BASE,SYNTHETIC_TEXT
m3sbv1_014741,他等一下确认一下服务有没有启动吧,LLM_SYNTHETIC_SPOKEN_BASE,SYNTHETIC_TEXT
m3sbv1_014742,我觉得确认一下这份文件是不是最终版，现场这边好安排,LLM_SYNTHETIC_SPOKEN_BASE,SYNTHETIC_TEXT
m3sbv1_014743,早一点应该先把这个问题单独记录下来可以吗,LLM_SYNTHETIC_SPOKEN_BASE,SYNTHETIC_TEXT
m3sbv1_014744,我估计看看能不能把时间往后挪一点，他这边好安排,LLM_SYNTHETIC_SPOKEN_BASE,SYNTHETIC_TEXT
m3sbv1_014745,之前帮我看看行李放在哪里，我确认完再跟你说,LLM_SYNTHETIC_SPOKEN_BASE,SYNTHETIC_TEXT
m3sbv1_014746,好像问一下他们什么时候能到，后面这边好安排,LLM_SYNTHETIC_SPOKEN_BASE,SYNTHETIC_TEXT
m3sbv1_014747,我记得问一下能不能晚一点回来，前面这边好安排,LLM_SYNTHETIC_SPOKEN_BASE,SYNTHETIC_TEXT
m3sbv1_014748,我觉得看看是不是网络又断了，我这边好安排,LLM_SYNTHETIC_SPOKEN_BASE,SYNTHETIC_TEXT
m3sbv1_014749,早一点看看是不是网络又断了，我确认完再跟你说,LLM_SYNTHETIC_SPOKEN_BASE,SYNTHETIC_TEXT
m3sbv1_014750,感觉看看是不是选错选项了，我刚才没听太清楚,LLM_SYNTHETIC_SPOKEN_BASE,SYNTHETIC_TEXT
m3sbv1_014751,刚才看看是不是网络又断了，我确认完再跟你说,LLM_SYNTHETIC_SPOKEN_BASE,SYNTHETIC_TEXT
m3sbv1_014752,公司现在帮我看看这个菜里面有没有辣椒我有点不确定,LLM_SYNTHETIC_SPOKEN_BASE,SYNTHETIC_TEXT
m3sbv1_014753,这两天先别急，把刚才说的重点再讲一遍再继续,LLM_SYNTHETIC_SPOKEN_BASE,SYNTHETIC_TEXT
m3sbv1_014754,我记得再检查一遍有没有问题，后面这边好安排,LLM_SYNTHETIC_SPOKEN_BASE,SYNTHETIC_TEXT
m3sbv1_014755,家里我记得看看是不是还少了什么，免得后面又要重新弄,LLM_SYNTHETIC_SPOKEN_BASE,SYNTHETIC_TEXT
m3sbv1_014756,你们等一下看看数据是不是重复了,LLM_SYNTHETIC_SPOKEN_BASE,SYNTHETIC_TEXT
m3sbv1_014757,这边这边没别的要求，到的时候给我发个消息就可以,LLM_SYNTHETIC_SPOKEN_BASE,SYNTHETIC_TEXT
m3sbv1_014758,前面到时候别着急我们按顺序来然后告诉我,LLM_SYNTHETIC_SPOKEN_BASE,SYNTHETIC_TEXT
m3sbv1_014759,前面一会儿看看是不是配置没有生效我怕等会儿忘了,LLM_SYNTHETIC_SPOKEN_BASE,SYNTHETIC_TEXT
m3sbv1_014760,后面这边没别的要求，确认一下这份文件是不是最终版就可以,LLM_SYNTHETIC_SPOKEN_BASE,SYNTHETIC_TEXT
m3sbv1_014761,这边这两天帮我看看日志里有没有异常我怕等会儿忘了,LLM_SYNTHETIC_SPOKEN_BASE,SYNTHETIC_TEXT
m3sbv1_014762,我估计看看还有没有漏掉的步骤，你这边好安排,LLM_SYNTHETIC_SPOKEN_BASE,SYNTHETIC_TEXT
m3sbv1_014763,之前麻烦你帮我把需要验证的地方列出来我怕等会儿忘了,LLM_SYNTHETIC_SPOKEN_BASE,SYNTHETIC_TEXT
m3sbv1_014764,我们我想问一下帮我确认一下负责人是谁，免得后面又要重新弄,LLM_SYNTHETIC_SPOKEN_BASE,SYNTHETIC_TEXT
m3sbv1_014765,她应该确认一下今天是不是正常营业，免得后面又要重新弄,LLM_SYNTHETIC_SPOKEN_BASE,SYNTHETIC_TEXT
m3sbv1_014766,先先别急，看看前面能不能掉头再继续,LLM_SYNTHETIC_SPOKEN_BASE,SYNTHETIC_TEXT
m3sbv1_014767,后面我估计帮我找一下充电线放哪了，免得后面又要重新弄,LLM_SYNTHETIC_SPOKEN_BASE,SYNTHETIC_TEXT
m3sbv1_014768,今天帮我换一个安静一点的位置，我确认完再跟你说,LLM_SYNTHETIC_SPOKEN_BASE,SYNTHETIC_TEXT
m3sbv1_014769,我记得帮我问一下现在还能不能改，店里这边好安排,LLM_SYNTHETIC_SPOKEN_BASE,SYNTHETIC_TEXT
m3sbv1_014770,我记得确认一下文件有没有传成功，后面这边好安排,LLM_SYNTHETIC_SPOKEN_BASE,SYNTHETIC_TEXT
m3sbv1_014771,等一下先别急，确认一下是不是从这里集合再继续,LLM_SYNTHETIC_SPOKEN_BASE,SYNTHETIC_TEXT
m3sbv1_014772,我想问一下把最新版本发给我看一下，前面这边好安排,LLM_SYNTHETIC_SPOKEN_BASE,SYNTHETIC_TEXT
m3sbv1_014773,我今天确认一下是不是已经下单了吧,LLM_SYNTHETIC_SPOKEN_BASE,SYNTHETIC_TEXT
m3sbv1_014774,明天帮我看看附近有没有停车位，我确认完再跟你说,LLM_SYNTHETIC_SPOKEN_BASE,SYNTHETIC_TEXT
m3sbv1_014775,麻烦你先等等我马上就过来，后面这边好安排,LLM_SYNTHETIC_SPOKEN_BASE,SYNTHETIC_TEXT
m3sbv1_014776,可能确认一下是不是已经付过了，我刚才没听太清楚,LLM_SYNTHETIC_SPOKEN_BASE,SYNTHETIC_TEXT
m3sbv1_014777,应该帮我找一下充电线放哪了，店里这边好安排,LLM_SYNTHETIC_SPOKEN_BASE,SYNTHETIC_TEXT
m3sbv1_014778,昨天麻烦你把声音稍微调小一点就行,LLM_SYNTHETIC_SPOKEN_BASE,SYNTHETIC_TEXT
m3sbv1_014779,昨天帮我问一下现在还能不能改，我确认完再跟你说,LLM_SYNTHETIC_SPOKEN_BASE,SYNTHETIC_TEXT
m3sbv1_014780,我觉得确认一下时间有没有改，后面这边好安排,LLM_SYNTHETIC_SPOKEN_BASE,SYNTHETIC_TEXT
m3sbv1_014781,现场最近帮我看看为什么还没收到可以吗,LLM_SYNTHETIC_SPOKEN_BASE,SYNTHETIC_TEXT
m3sbv1_014782,那边我听说看看前面能不能掉头，免得后面又要重新弄,LLM_SYNTHETIC_SPOKEN_BASE,SYNTHETIC_TEXT
m3sbv1_014783,看起来看看是不是配置没有生效，我刚才没听太清楚,LLM_SYNTHETIC_SPOKEN_BASE,SYNTHETIC_TEXT
m3sbv1_014784,公司我听说帮我看看这个号码对不对，免得后面又要重新弄,LLM_SYNTHETIC_SPOKEN_BASE,SYNTHETIC_TEXT
m3sbv1_014785,我估计帮我找一下充电线放哪了，我刚才没听太清楚,LLM_SYNTHETIC_SPOKEN_BASE,SYNTHETIC_TEXT
m3sbv1_014786,应该把门先关一下有点冷，公司这边好安排,LLM_SYNTHETIC_SPOKEN_BASE,SYNTHETIC_TEXT
m3sbv1_014787,我麻烦你帮我看看为什么还没收到，免得后面又要重新弄,LLM_SYNTHETIC_SPOKEN_BASE,SYNTHETIC_TEXT
m3sbv1_014788,我记得帮我换一个安静一点的位置，后面这边好安排,LLM_SYNTHETIC_SPOKEN_BASE,SYNTHETIC_TEXT
m3sbv1_014789,公司今天确认一下服务有没有启动,LLM_SYNTHETIC_SPOKEN_BASE,SYNTHETIC_TEXT
m3sbv1_014790,现场这边没别的要求，确认一下时间有没有改就可以,LLM_SYNTHETIC_SPOKEN_BASE,SYNTHETIC_TEXT
m3sbv1_014791,到时候先别急，看看前面是不是要左转再继续,LLM_SYNTHETIC_SPOKEN_BASE,SYNTHETIC_TEXT
m3sbv1_014792,我们这边没别的要求，把刚才那条消息再发我一次就可以,LLM_SYNTHETIC_SPOKEN_BASE,SYNTHETIC_TEXT
m3sbv1_014793,一会儿看看这个接口是不是又报错了，我确认完再跟你说,LLM_SYNTHETIC_SPOKEN_BASE,SYNTHETIC_TEXT
m3sbv1_014794,前面这两天看看前面是不是要左转然后告诉我,LLM_SYNTHETIC_SPOKEN_BASE,SYNTHETIC_TEXT
m3sbv1_014795,我想问一下帮我看看为什么还没收到，前面这边好安排,LLM_SYNTHETIC_SPOKEN_BASE,SYNTHETIC_TEXT
m3sbv1_014796,今天我确认一下帮我拿一下旁边那个袋子就行,LLM_SYNTHETIC_SPOKEN_BASE,SYNTHETIC_TEXT
m3sbv1_014797,后面我记得确认一下是不是已经付过了，免得后面又要重新弄,LLM_SYNTHETIC_SPOKEN_BASE,SYNTHETIC_TEXT
m3sbv1_014798,公司到时候把这个先留着别动吧,LLM_SYNTHETIC_SPOKEN_BASE,SYNTHETIC_TEXT
m3sbv1_014799,最近我确认一下看一下这个是不是放错地方了可以吗,LLM_SYNTHETIC_SPOKEN_BASE,SYNTHETIC_TEXT
m3sbv1_014800,明天我估计把位置发给我我自己过去我有点不确定,LLM_SYNTHETIC_SPOKEN_BASE,SYNTHETIC_TEXT
m3sbv1_014801,那边这两天看看前面能不能掉头行不行,LLM_SYNTHETIC_SPOKEN_BASE,SYNTHETIC_TEXT
m3sbv1_014802,他现在帮我问一下还有没有空位是不是,LLM_SYNTHETIC_SPOKEN_BASE,SYNTHETIC_TEXT
m3sbv1_014803,我听说把位置发给我我自己过去，她这边好安排,LLM_SYNTHETIC_SPOKEN_BASE,SYNTHETIC_TEXT
m3sbv1_014804,现在我估计把刚才说的重点再讲一遍我有点不确定,LLM_SYNTHETIC_SPOKEN_BASE,SYNTHETIC_TEXT
m3sbv1_014805,店里我记得把位置发给我我自己过去，免得后面又要重新弄,LLM_SYNTHETIC_SPOKEN_BASE,SYNTHETIC_TEXT
m3sbv1_014806,我记得把这个问题先记到清单里，她这边好安排,LLM_SYNTHETIC_SPOKEN_BASE,SYNTHETIC_TEXT
m3sbv1_014807,我听说帮我确认一下房间准备好了没有，他们这边好安排,LLM_SYNTHETIC_SPOKEN_BASE,SYNTHETIC_TEXT
m3sbv1_014808,那边这边没别的要求，看看是不是还少了什么就可以,LLM_SYNTHETIC_SPOKEN_BASE,SYNTHETIC_TEXT
m3sbv1_014809,公司好像再检查一遍有没有问题，免得后面又要重新弄,LLM_SYNTHETIC_SPOKEN_BASE,SYNTHETIC_TEXT
m3sbv1_014810,今天先别急，确认一下退房时间是几点再继续,LLM_SYNTHETIC_SPOKEN_BASE,SYNTHETIC_TEXT
m3sbv1_014811,他们看起来确认一下是不是已经下单了，免得后面又要重新弄,LLM_SYNTHETIC_SPOKEN_BASE,SYNTHETIC_TEXT
m3sbv1_014812,明天先别急，看看是不是配置没有生效再继续,LLM_SYNTHETIC_SPOKEN_BASE,SYNTHETIC_TEXT
m3sbv1_014813,最近先别取消我再确认一下，我确认完再跟你说,LLM_SYNTHETIC_SPOKEN_BASE,SYNTHETIC_TEXT
m3sbv1_014814,等一下我记得确认一下今天是不是正常营业是不是,LLM_SYNTHETIC_SPOKEN_BASE,SYNTHETIC_TEXT
m3sbv1_014815,最近我估计把这个问题先记到清单里别弄错了,LLM_SYNTHETIC_SPOKEN_BASE,SYNTHETIC_TEXT
m3sbv1_014816,那边麻烦你看看空调能不能调高一点，免得后面又要重新弄,LLM_SYNTHETIC_SPOKEN_BASE,SYNTHETIC_TEXT
m3sbv1_014817,这边我想问一下帮我看看这个零件是不是松了，免得后面又要重新弄,LLM_SYNTHETIC_SPOKEN_BASE,SYNTHETIC_TEXT
m3sbv1_014818,我我觉得看看能不能多拿一条毛巾，免得后面又要重新弄,LLM_SYNTHETIC_SPOKEN_BASE,SYNTHETIC_TEXT
m3sbv1_014819,感觉把位置发给我我自己过去，现场这边好安排,LLM_SYNTHETIC_SPOKEN_BASE,SYNTHETIC_TEXT
m3sbv1_014820,你我估计看看能不能换成小份，免得后面又要重新弄,LLM_SYNTHETIC_SPOKEN_BASE,SYNTHETIC_TEXT
m3sbv1_014821,她应该问一下能不能晚一点回来，免得后面又要重新弄,LLM_SYNTHETIC_SPOKEN_BASE,SYNTHETIC_TEXT
m3sbv1_014822,我们这两天确认一下灯是不是都关了我再决定,LLM_SYNTHETIC_SPOKEN_BASE,SYNTHETIC_TEXT
m3sbv1_014823,我想问一下问一下能不能晚一点回来，这边这边好安排,LLM_SYNTHETIC_SPOKEN_BASE,SYNTHETIC_TEXT
m3sbv1_014824,他现在帮我看看日志里有没有异常行不行,LLM_SYNTHETIC_SPOKEN_BASE,SYNTHETIC_TEXT
m3sbv1_014825,家里可能看看油还够不够，免得后面又要重新弄,LLM_SYNTHETIC_SPOKEN_BASE,SYNTHETIC_TEXT
m3sbv1_014826,我确认一下看看有没有影响到别的模块，后面这边好安排,LLM_SYNTHETIC_SPOKEN_BASE,SYNTHETIC_TEXT
m3sbv1_014827,公司这边没别的要求，告诉我大概还要多久就可以,LLM_SYNTHETIC_SPOKEN_BASE,SYNTHETIC_TEXT
m3sbv1_014828,家里这边没别的要求，把这个先放到后面处理就可以,LLM_SYNTHETIC_SPOKEN_BASE,SYNTHETIC_TEXT
m3sbv1_014829,我早一点确认一下文件有没有传成功就行,LLM_SYNTHETIC_SPOKEN_BASE,SYNTHETIC_TEXT
m3sbv1_014830,我刚才先把这一项记下来然后告诉我,LLM_SYNTHETIC_SPOKEN_BASE,SYNTHETIC_TEXT
m3sbv1_014831,后面明天帮我把重复的内容删掉然后告诉我,LLM_SYNTHETIC_SPOKEN_BASE,SYNTHETIC_TEXT
m3sbv1_014832,店里我记得先把旧的那套逻辑放一边，免得后面又要重新弄,LLM_SYNTHETIC_SPOKEN_BASE,SYNTHETIC_TEXT
m3sbv1_014833,我记得帮我把水再加一点，我刚才没听太清楚,LLM_SYNTHETIC_SPOKEN_BASE,SYNTHETIC_TEXT
m3sbv1_014834,好像确认一下名字有没有写错，她这边好安排,LLM_SYNTHETIC_SPOKEN_BASE,SYNTHETIC_TEXT
m3sbv1_014835,你们晚一点确认一下车是不是停在外面别弄错了,LLM_SYNTHETIC_SPOKEN_BASE,SYNTHETIC_TEXT
m3sbv1_014836,前面这边没别的要求，看看这个接口是不是又报错了就可以,LLM_SYNTHETIC_SPOKEN_BASE,SYNTHETIC_TEXT
m3sbv1_014837,昨天好像问一下能不能晚一点回来我想先确认清楚,LLM_SYNTHETIC_SPOKEN_BASE,SYNTHETIC_TEXT
m3sbv1_014838,我觉得帮我看看附近有没有停车位，她这边好安排,LLM_SYNTHETIC_SPOKEN_BASE,SYNTHETIC_TEXT
m3sbv1_014839,前面这边没别的要求，帮我把水再加一点就可以,LLM_SYNTHETIC_SPOKEN_BASE,SYNTHETIC_TEXT
m3sbv1_014840,看起来再检查一遍有没有问题，现场这边好安排,LLM_SYNTHETIC_SPOKEN_BASE,SYNTHETIC_TEXT
m3sbv1_014841,他这两天确认一下名字有没有写错是不是,LLM_SYNTHETIC_SPOKEN_BASE,SYNTHETIC_TEXT
m3sbv1_014842,我们麻烦你先等等我马上就过来，免得后面又要重新弄,LLM_SYNTHETIC_SPOKEN_BASE,SYNTHETIC_TEXT
m3sbv1_014843,店里现在把这个问题先记到清单里我有点不确定,LLM_SYNTHETIC_SPOKEN_BASE,SYNTHETIC_TEXT
m3sbv1_014844,家里早一点确认一下入口是不是在这边吧,LLM_SYNTHETIC_SPOKEN_BASE,SYNTHETIC_TEXT
m3sbv1_014845,这边到时候帮我确认一下字段有没有变我有点不确定,LLM_SYNTHETIC_SPOKEN_BASE,SYNTHETIC_TEXT
m3sbv1_014846,先麻烦你看看是不是还少了什么就行,LLM_SYNTHETIC_SPOKEN_BASE,SYNTHETIC_TEXT
m3sbv1_014847,这边这边没别的要求，确认一下这次只改这一部分就可以,LLM_SYNTHETIC_SPOKEN_BASE,SYNTHETIC_TEXT
m3sbv1_014848,家里晚一点看看油还够不够我有点不确定,LLM_SYNTHETIC_SPOKEN_BASE,SYNTHETIC_TEXT
m3sbv1_014849,我记得看看还有没有漏掉的步骤，店里这边好安排,LLM_SYNTHETIC_SPOKEN_BASE,SYNTHETIC_TEXT
m3sbv1_014850,今天我听说把刚才那条消息再发我一次是不是,LLM_SYNTHETIC_SPOKEN_BASE,SYNTHETIC_TEXT
m3sbv1_014851,后面先确认一下入口是不是在这边可以吗,LLM_SYNTHETIC_SPOKEN_BASE,SYNTHETIC_TEXT
m3sbv1_014852,应该帮我看看这个零件是不是松了，后面这边好安排,LLM_SYNTHETIC_SPOKEN_BASE,SYNTHETIC_TEXT
m3sbv1_014853,我估计确认一下时间有没有改，前面这边好安排,LLM_SYNTHETIC_SPOKEN_BASE,SYNTHETIC_TEXT
m3sbv1_014854,我想问一下问一下这个能不能少放一点盐，我刚才没听太清楚,LLM_SYNTHETIC_SPOKEN_BASE,SYNTHETIC_TEXT
m3sbv1_014855,到时候麻烦你看看谁还没有回复然后告诉我,LLM_SYNTHETIC_SPOKEN_BASE,SYNTHETIC_TEXT
m3sbv1_014856,你之前看看数据是不是重复了我再决定,LLM_SYNTHETIC_SPOKEN_BASE,SYNTHETIC_TEXT
m3sbv1_014857,他这边没别的要求，确认一下这次只改这一部分就可以,LLM_SYNTHETIC_SPOKEN_BASE,SYNTHETIC_TEXT
m3sbv1_014858,明天应该帮我问一下现在还能不能改行不行,LLM_SYNTHETIC_SPOKEN_BASE,SYNTHETIC_TEXT
m3sbv1_014859,我确认一下看看这个杯子是不是我的，我刚才没听太清楚,LLM_SYNTHETIC_SPOKEN_BASE,SYNTHETIC_TEXT
m3sbv1_014860,他这边没别的要求，确认一下轮胎是不是有点软就可以,LLM_SYNTHETIC_SPOKEN_BASE,SYNTHETIC_TEXT
m3sbv1_014861,前面先帮我确认一下房间准备好了没有就行,LLM_SYNTHETIC_SPOKEN_BASE,SYNTHETIC_TEXT
m3sbv1_014862,刚才我想问一下确认一下会议是不是改到下午了是不是,LLM_SYNTHETIC_SPOKEN_BASE,SYNTHETIC_TEXT
m3sbv1_014863,晚一点应该看看能不能多拿一条毛巾然后告诉我,LLM_SYNTHETIC_SPOKEN_BASE,SYNTHETIC_TEXT
m3sbv1_014864,店里一会儿看看导航是不是带错路了是不是,LLM_SYNTHETIC_SPOKEN_BASE,SYNTHETIC_TEXT
m3sbv1_014865,之前先别急，把这个先放到后面处理再继续,LLM_SYNTHETIC_SPOKEN_BASE,SYNTHETIC_TEXT
m3sbv1_014866,前面这边没别的要求，把位置发给我我自己过去就可以,LLM_SYNTHETIC_SPOKEN_BASE,SYNTHETIC_TEXT
m3sbv1_014867,家里应该确认一下是不是同一个订单，免得后面又要重新弄,LLM_SYNTHETIC_SPOKEN_BASE,SYNTHETIC_TEXT
m3sbv1_014868,早一点帮我换一个安静一点的位置，我确认完再跟你说,LLM_SYNTHETIC_SPOKEN_BASE,SYNTHETIC_TEXT
m3sbv1_014869,家里麻烦你帮我换一个安静一点的位置，免得后面又要重新弄,LLM_SYNTHETIC_SPOKEN_BASE,SYNTHETIC_TEXT
m3sbv1_014870,他们我记得先把这一项记下来，免得后面又要重新弄,LLM_SYNTHETIC_SPOKEN_BASE,SYNTHETIC_TEXT
m3sbv1_014871,看看这个杯子是不是我的以后跟我说一声就行,LLM_SYNTHETIC_SPOKEN_BASE,SYNTHETIC_TEXT
m3sbv1_014872,我估计先别取消我再确认一下，我刚才没听太清楚,LLM_SYNTHETIC_SPOKEN_BASE,SYNTHETIC_TEXT
m3sbv1_014873,你这边没别的要求，看看有没有不用排队的办法就可以,LLM_SYNTHETIC_SPOKEN_BASE,SYNTHETIC_TEXT
m3sbv1_014874,现在我记得先把旧的那套逻辑放一边行不行,LLM_SYNTHETIC_SPOKEN_BASE,SYNTHETIC_TEXT
m3sbv1_014875,前面这边没别的要求，确认一下入口是不是在这边就可以,LLM_SYNTHETIC_SPOKEN_BASE,SYNTHETIC_TEXT
m3sbv1_014876,到时候应该确认一下这份文件是不是最终版是不是,LLM_SYNTHETIC_SPOKEN_BASE,SYNTHETIC_TEXT
m3sbv1_014877,前面我觉得问一下还能不能加一个人，免得后面又要重新弄,LLM_SYNTHETIC_SPOKEN_BASE,SYNTHETIC_TEXT
m3sbv1_014878,应该帮我把水再加一点，她这边好安排,LLM_SYNTHETIC_SPOKEN_BASE,SYNTHETIC_TEXT
m3sbv1_014879,现场我记得确认一下是不是已经下单了，免得后面又要重新弄,LLM_SYNTHETIC_SPOKEN_BASE,SYNTHETIC_TEXT
m3sbv1_014880,你这两天帮我找一下充电线放哪了,LLM_SYNTHETIC_SPOKEN_BASE,SYNTHETIC_TEXT
m3sbv1_014881,看起来帮我拿一下旁边那个袋子，你们这边好安排,LLM_SYNTHETIC_SPOKEN_BASE,SYNTHETIC_TEXT
m3sbv1_014882,这两天先别急，帮我把重复的内容删掉再继续,LLM_SYNTHETIC_SPOKEN_BASE,SYNTHETIC_TEXT
m3sbv1_014883,他们看起来看看是不是网络又断了，免得后面又要重新弄,LLM_SYNTHETIC_SPOKEN_BASE,SYNTHETIC_TEXT
m3sbv1_014884,之前我估计帮我问一下还有没有空位我想先确认清楚,LLM_SYNTHETIC_SPOKEN_BASE,SYNTHETIC_TEXT
m3sbv1_014885,现场感觉试一下重新打开能不能用，免得后面又要重新弄,LLM_SYNTHETIC_SPOKEN_BASE,SYNTHETIC_TEXT
m3sbv1_014886,店里先确认一下是不是已经付过了,LLM_SYNTHETIC_SPOKEN_BASE,SYNTHETIC_TEXT
m3sbv1_014887,我听说帮我把需要验证的地方列出来，你这边好安排,LLM_SYNTHETIC_SPOKEN_BASE,SYNTHETIC_TEXT
m3sbv1_014888,感觉把位置发给我我自己过去，我刚才没听太清楚,LLM_SYNTHETIC_SPOKEN_BASE,SYNTHETIC_TEXT
m3sbv1_014889,他们这边没别的要求，确认一下服务有没有启动就可以,LLM_SYNTHETIC_SPOKEN_BASE,SYNTHETIC_TEXT
m3sbv1_014890,你们这边没别的要求，问一下他们什么时候能到就可以,LLM_SYNTHETIC_SPOKEN_BASE,SYNTHETIC_TEXT
m3sbv1_014891,这边昨天看看是不是选错选项了我想先确认清楚,LLM_SYNTHETIC_SPOKEN_BASE,SYNTHETIC_TEXT
m3sbv1_014892,早一点先别急，帮我看看为什么还没收到再继续,LLM_SYNTHETIC_SPOKEN_BASE,SYNTHETIC_TEXT
m3sbv1_014893,我觉得看看能不能换成小份，他这边好安排,LLM_SYNTHETIC_SPOKEN_BASE,SYNTHETIC_TEXT
m3sbv1_014894,我估计确认一下这个功能是不是已经关掉了，我刚才没听太清楚,LLM_SYNTHETIC_SPOKEN_BASE,SYNTHETIC_TEXT
m3sbv1_014895,应该帮我查一下刚才是哪一步失败了，你们这边好安排,LLM_SYNTHETIC_SPOKEN_BASE,SYNTHETIC_TEXT
m3sbv1_014896,等一下看看还有没有漏掉的步骤，我确认完再跟你说,LLM_SYNTHETIC_SPOKEN_BASE,SYNTHETIC_TEXT
m3sbv1_014897,她等一下看看导航是不是带错路了吧,LLM_SYNTHETIC_SPOKEN_BASE,SYNTHETIC_TEXT
m3sbv1_014898,我听说看看这个版本是不是最新的，我们这边好安排,LLM_SYNTHETIC_SPOKEN_BASE,SYNTHETIC_TEXT
m3sbv1_014899,刚才感觉帮我找一下充电线放哪了我有点不确定,LLM_SYNTHETIC_SPOKEN_BASE,SYNTHETIC_TEXT
m3sbv1_014900,她晚一点帮我看看附近有没有停车位我再决定,LLM_SYNTHETIC_SPOKEN_BASE,SYNTHETIC_TEXT
m3sbv1_014901,早一点帮我确认一下字段有没有变，我确认完再跟你说,LLM_SYNTHETIC_SPOKEN_BASE,SYNTHETIC_TEXT
m3sbv1_014902,这两天好像把这个先放到后面处理可以吗,LLM_SYNTHETIC_SPOKEN_BASE,SYNTHETIC_TEXT
m3sbv1_014903,今天试一下重新打开能不能用，我确认完再跟你说,LLM_SYNTHETIC_SPOKEN_BASE,SYNTHETIC_TEXT
m3sbv1_014904,前面我想问一下先把现在的结果保存下来，免得后面又要重新弄,LLM_SYNTHETIC_SPOKEN_BASE,SYNTHETIC_TEXT
m3sbv1_014905,我记得先把现在的结果保存下来，家里这边好安排,LLM_SYNTHETIC_SPOKEN_BASE,SYNTHETIC_TEXT
m3sbv1_014906,她之前确认一下轮胎是不是有点软是不是,LLM_SYNTHETIC_SPOKEN_BASE,SYNTHETIC_TEXT
m3sbv1_014907,他感觉帮我看看为什么还没收到，免得后面又要重新弄,LLM_SYNTHETIC_SPOKEN_BASE,SYNTHETIC_TEXT
m3sbv1_014908,我确认一下看看能不能把时间往后挪一点，后面这边好安排,LLM_SYNTHETIC_SPOKEN_BASE,SYNTHETIC_TEXT
m3sbv1_014909,我听说确认一下是不是从这里集合，现场这边好安排,LLM_SYNTHETIC_SPOKEN_BASE,SYNTHETIC_TEXT
m3sbv1_014910,到时候我觉得看看这个价格有没有包含费用我想先确认清楚,LLM_SYNTHETIC_SPOKEN_BASE,SYNTHETIC_TEXT
m3sbv1_014911,公司这边没别的要求，别着急我们按顺序来就可以,LLM_SYNTHETIC_SPOKEN_BASE,SYNTHETIC_TEXT
m3sbv1_014912,看起来帮我找一下刚才那个页面，那边这边好安排,LLM_SYNTHETIC_SPOKEN_BASE,SYNTHETIC_TEXT
m3sbv1_014913,晚一点先别急，看看这个结果和昨天是不是一样再继续,LLM_SYNTHETIC_SPOKEN_BASE,SYNTHETIC_TEXT
m3sbv1_014914,我们我听说把声音稍微调小一点，免得后面又要重新弄,LLM_SYNTHETIC_SPOKEN_BASE,SYNTHETIC_TEXT
m3sbv1_014915,这两天应该问一下回来的车几点出发行不行,LLM_SYNTHETIC_SPOKEN_BASE,SYNTHETIC_TEXT
m3sbv1_014916,晚一点我记得确认一下是不是同一个订单我有点不确定,LLM_SYNTHETIC_SPOKEN_BASE,SYNTHETIC_TEXT
m3sbv1_014917,现在看看这个东西应该放哪里，我确认完再跟你说,LLM_SYNTHETIC_SPOKEN_BASE,SYNTHETIC_TEXT
m3sbv1_014918,公司我想问一下看看这个杯子是不是我的，免得后面又要重新弄,LLM_SYNTHETIC_SPOKEN_BASE,SYNTHETIC_TEXT
m3sbv1_014919,我听说看看这个杯子是不是我的，那边这边好安排,LLM_SYNTHETIC_SPOKEN_BASE,SYNTHETIC_TEXT
m3sbv1_014920,我听说到的时候给我发个消息，他们这边好安排,LLM_SYNTHETIC_SPOKEN_BASE,SYNTHETIC_TEXT
m3sbv1_014921,我觉得先把这个问题单独记录下来，他们这边好安排,LLM_SYNTHETIC_SPOKEN_BASE,SYNTHETIC_TEXT
m3sbv1_014922,你一会儿先把旧的那套逻辑放一边就行,LLM_SYNTHETIC_SPOKEN_BASE,SYNTHETIC_TEXT
m3sbv1_014923,明天先别急，看看是不是选错选项了再继续,LLM_SYNTHETIC_SPOKEN_BASE,SYNTHETIC_TEXT
m3sbv1_014924,我想问一下问一下能不能晚一点回来，我们这边好安排,LLM_SYNTHETIC_SPOKEN_BASE,SYNTHETIC_TEXT
m3sbv1_014925,公司到时候看看前面能不能掉头别弄错了,LLM_SYNTHETIC_SPOKEN_BASE,SYNTHETIC_TEXT
m3sbv1_014926,最近麻烦你确认一下是不是同一个订单可以吗,LLM_SYNTHETIC_SPOKEN_BASE,SYNTHETIC_TEXT
m3sbv1_014927,你们之前帮我看看这个号码对不对吧,LLM_SYNTHETIC_SPOKEN_BASE,SYNTHETIC_TEXT
m3sbv1_014928,明天我听说确认一下车是不是停在外面我再决定,LLM_SYNTHETIC_SPOKEN_BASE,SYNTHETIC_TEXT
m3sbv1_014929,早一点可能帮我问一下现在还能不能改我有点不确定,LLM_SYNTHETIC_SPOKEN_BASE,SYNTHETIC_TEXT
m3sbv1_014930,这边这边没别的要求，再检查一遍有没有问题就可以,LLM_SYNTHETIC_SPOKEN_BASE,SYNTHETIC_TEXT
m3sbv1_014931,我估计帮我确认一下字段有没有变，我刚才没听太清楚,LLM_SYNTHETIC_SPOKEN_BASE,SYNTHETIC_TEXT
m3sbv1_014932,店里之前帮我看看这个菜里面有没有辣椒可以吗,LLM_SYNTHETIC_SPOKEN_BASE,SYNTHETIC_TEXT
m3sbv1_014933,晚一点可能先把这一项记下来行不行,LLM_SYNTHETIC_SPOKEN_BASE,SYNTHETIC_TEXT
m3sbv1_014934,后面感觉帮我看看为什么还没收到，免得后面又要重新弄,LLM_SYNTHETIC_SPOKEN_BASE,SYNTHETIC_TEXT
m3sbv1_014935,看起来帮我把重复的内容删掉，后面这边好安排,LLM_SYNTHETIC_SPOKEN_BASE,SYNTHETIC_TEXT
m3sbv1_014936,我记得问一下这个能不能少放一点盐，你们这边好安排,LLM_SYNTHETIC_SPOKEN_BASE,SYNTHETIC_TEXT
m3sbv1_014937,最近看起来看看这个杯子是不是我的别弄错了,LLM_SYNTHETIC_SPOKEN_BASE,SYNTHETIC_TEXT
m3sbv1_014938,我听说问一下能不能晚一点回来，我这边好安排,LLM_SYNTHETIC_SPOKEN_BASE,SYNTHETIC_TEXT
m3sbv1_014939,昨天把最新版本发给我看一下，我确认完再跟你说,LLM_SYNTHETIC_SPOKEN_BASE,SYNTHETIC_TEXT
m3sbv1_014940,可能帮我换一个安静一点的位置，家里这边好安排,LLM_SYNTHETIC_SPOKEN_BASE,SYNTHETIC_TEXT
m3sbv1_014941,最近我估计帮我把需要验证的地方列出来我有点不确定,LLM_SYNTHETIC_SPOKEN_BASE,SYNTHETIC_TEXT
m3sbv1_014942,她我听说把这个先放到后面处理，免得后面又要重新弄,LLM_SYNTHETIC_SPOKEN_BASE,SYNTHETIC_TEXT
m3sbv1_014943,感觉看看导航是不是带错路了，这边这边好安排,LLM_SYNTHETIC_SPOKEN_BASE,SYNTHETIC_TEXT
m3sbv1_014944,那边这边没别的要求，看看有没有不用排队的办法就可以,LLM_SYNTHETIC_SPOKEN_BASE,SYNTHETIC_TEXT
m3sbv1_014945,你们今天帮我确认一下房间准备好了没有别弄错了,LLM_SYNTHETIC_SPOKEN_BASE,SYNTHETIC_TEXT
m3sbv1_014946,我记得再检查一遍有没有问题，我刚才没听太清楚,LLM_SYNTHETIC_SPOKEN_BASE,SYNTHETIC_TEXT
m3sbv1_014947,明天我记得帮我看看这个菜里面有没有辣椒是不是,LLM_SYNTHETIC_SPOKEN_BASE,SYNTHETIC_TEXT
m3sbv1_014948,我确认一下先等等我马上就过来，现场这边好安排,LLM_SYNTHETIC_SPOKEN_BASE,SYNTHETIC_TEXT
m3sbv1_014949,今天看起来看看有没有更早一点的时间我想先确认清楚,LLM_SYNTHETIC_SPOKEN_BASE,SYNTHETIC_TEXT
m3sbv1_014950,这边今天把最新版本发给我看一下吧,LLM_SYNTHETIC_SPOKEN_BASE,SYNTHETIC_TEXT
m3sbv1_014951,一会儿我估计看看是不是配置没有生效我再决定,LLM_SYNTHETIC_SPOKEN_BASE,SYNTHETIC_TEXT
m3sbv1_014952,晚一点可能帮我看看附近有没有停车位,LLM_SYNTHETIC_SPOKEN_BASE,SYNTHETIC_TEXT
m3sbv1_014953,公司这边没别的要求，帮我看看这个零件是不是松了就可以,LLM_SYNTHETIC_SPOKEN_BASE,SYNTHETIC_TEXT
m3sbv1_014954,这边今天确认一下是不是已经付过了吧,LLM_SYNTHETIC_SPOKEN_BASE,SYNTHETIC_TEXT
m3sbv1_014955,感觉看看有没有不用排队的办法，我刚才没听太清楚,LLM_SYNTHETIC_SPOKEN_BASE,SYNTHETIC_TEXT
m3sbv1_014956,先我听说确认一下时间有没有改我怕等会儿忘了,LLM_SYNTHETIC_SPOKEN_BASE,SYNTHETIC_TEXT
m3sbv1_014957,麻烦你帮我看看行李放在哪里，店里这边好安排,LLM_SYNTHETIC_SPOKEN_BASE,SYNTHETIC_TEXT
m3sbv1_014958,后面这边没别的要求，确认一下是不是已经付过了就可以,LLM_SYNTHETIC_SPOKEN_BASE,SYNTHETIC_TEXT
m3sbv1_014959,先别着急我们按顺序来，我确认完再跟你说,LLM_SYNTHETIC_SPOKEN_BASE,SYNTHETIC_TEXT
m3sbv1_014960,前面一会儿确认一下文件有没有传成功我再决定,LLM_SYNTHETIC_SPOKEN_BASE,SYNTHETIC_TEXT
m3sbv1_014961,我想问一下确认一下退房时间是几点，这边这边好安排,LLM_SYNTHETIC_SPOKEN_BASE,SYNTHETIC_TEXT
m3sbv1_014962,之前我估计确认一下停车要不要付费我想先确认清楚,LLM_SYNTHETIC_SPOKEN_BASE,SYNTHETIC_TEXT
m3sbv1_014963,那边明天先把这个问题单独记录下来我想先确认清楚,LLM_SYNTHETIC_SPOKEN_BASE,SYNTHETIC_TEXT
m3sbv1_014964,我觉得帮我问一下现在还能不能改，我刚才没听太清楚,LLM_SYNTHETIC_SPOKEN_BASE,SYNTHETIC_TEXT
m3sbv1_014965,后面我想问一下帮我问一下还有没有空位，免得后面又要重新弄,LLM_SYNTHETIC_SPOKEN_BASE,SYNTHETIC_TEXT
m3sbv1_014966,我记得帮我查一下刚才是哪一步失败了，后面这边好安排,LLM_SYNTHETIC_SPOKEN_BASE,SYNTHETIC_TEXT
m3sbv1_014967,公司明天确认一下是不是已经付过了我想先确认清楚,LLM_SYNTHETIC_SPOKEN_BASE,SYNTHETIC_TEXT
m3sbv1_014968,他刚才帮我听一下这个声音正不正常可以吗,LLM_SYNTHETIC_SPOKEN_BASE,SYNTHETIC_TEXT
m3sbv1_014969,现场我估计把这个先留着别动，免得后面又要重新弄,LLM_SYNTHETIC_SPOKEN_BASE,SYNTHETIC_TEXT
m3sbv1_014970,可能看看这个版本是不是最新的，我刚才没听太清楚,LLM_SYNTHETIC_SPOKEN_BASE,SYNTHETIC_TEXT
m3sbv1_014971,昨天先别急，看看这个结果和昨天是不是一样再继续,LLM_SYNTHETIC_SPOKEN_BASE,SYNTHETIC_TEXT
m3sbv1_014972,前面明天确认一下车是不是停在外面然后告诉我,LLM_SYNTHETIC_SPOKEN_BASE,SYNTHETIC_TEXT
m3sbv1_014973,之前我确认一下看看是不是网络又断了然后告诉我,LLM_SYNTHETIC_SPOKEN_BASE,SYNTHETIC_TEXT
m3sbv1_014974,好像确认一下这份文件是不是最终版，这边这边好安排,LLM_SYNTHETIC_SPOKEN_BASE,SYNTHETIC_TEXT
m3sbv1_014975,现场这两天把刚才那条消息再发我一次我想先确认清楚,LLM_SYNTHETIC_SPOKEN_BASE,SYNTHETIC_TEXT
m3sbv1_014976,晚一点先别急，把声音稍微调小一点再继续,LLM_SYNTHETIC_SPOKEN_BASE,SYNTHETIC_TEXT
m3sbv1_014977,之前先别急，看看这个杯子是不是我的再继续,LLM_SYNTHETIC_SPOKEN_BASE,SYNTHETIC_TEXT
m3sbv1_014978,店里这边没别的要求，把这个问题先记到清单里就可以,LLM_SYNTHETIC_SPOKEN_BASE,SYNTHETIC_TEXT
m3sbv1_014979,先别取消我再确认一下，有变化的话提前告诉我,LLM_SYNTHETIC_SPOKEN_BASE,SYNTHETIC_TEXT
m3sbv1_014980,最近我确认一下帮我确认一下字段有没有变我有点不确定,LLM_SYNTHETIC_SPOKEN_BASE,SYNTHETIC_TEXT
m3sbv1_014981,我估计确认一下是不是已经付过了，公司这边好安排,LLM_SYNTHETIC_SPOKEN_BASE,SYNTHETIC_TEXT
m3sbv1_014982,好像确认一下是不是已经下单了，前面这边好安排,LLM_SYNTHETIC_SPOKEN_BASE,SYNTHETIC_TEXT
m3sbv1_014983,昨天先别急，确认一下服务有没有启动再继续,LLM_SYNTHETIC_SPOKEN_BASE,SYNTHETIC_TEXT
m3sbv1_014984,我估计帮我拿一下旁边那个袋子，后面这边好安排,LLM_SYNTHETIC_SPOKEN_BASE,SYNTHETIC_TEXT
m3sbv1_014985,你之前帮我换一个安静一点的位置别弄错了,LLM_SYNTHETIC_SPOKEN_BASE,SYNTHETIC_TEXT
m3sbv1_014986,我确认一下把声音稍微调小一点，前面这边好安排,LLM_SYNTHETIC_SPOKEN_BASE,SYNTHETIC_TEXT
m3sbv1_014987,我早一点把这个先放到后面处理可以吗,LLM_SYNTHETIC_SPOKEN_BASE,SYNTHETIC_TEXT
m3sbv1_014988,之前我觉得帮我看看行李放在哪里我有点不确定,LLM_SYNTHETIC_SPOKEN_BASE,SYNTHETIC_TEXT
m3sbv1_014989,等一下看一下这个是不是放错地方了，我确认完再跟你说,LLM_SYNTHETIC_SPOKEN_BASE,SYNTHETIC_TEXT
m3sbv1_014990,他这边没别的要求，到的时候给我发个消息就可以,LLM_SYNTHETIC_SPOKEN_BASE,SYNTHETIC_TEXT
m3sbv1_014991,昨天先别急，看看导航是不是带错路了再继续,LLM_SYNTHETIC_SPOKEN_BASE,SYNTHETIC_TEXT
m3sbv1_014992,我听说确认一下这次只改这一部分，他这边好安排,LLM_SYNTHETIC_SPOKEN_BASE,SYNTHETIC_TEXT
m3sbv1_014993,前面我记得把地址再确认一下，免得后面又要重新弄,LLM_SYNTHETIC_SPOKEN_BASE,SYNTHETIC_TEXT
m3sbv1_014994,这边我想问一下确认一下会议是不是改到下午了，免得后面又要重新弄,LLM_SYNTHETIC_SPOKEN_BASE,SYNTHETIC_TEXT
m3sbv1_014995,我想问一下确认一下今天是不是正常营业，他这边好安排,LLM_SYNTHETIC_SPOKEN_BASE,SYNTHETIC_TEXT
m3sbv1_014996,他麻烦你看看前面能不能掉头，免得后面又要重新弄,LLM_SYNTHETIC_SPOKEN_BASE,SYNTHETIC_TEXT
m3sbv1_014997,之前我听说帮我看看行李放在哪里我有点不确定,LLM_SYNTHETIC_SPOKEN_BASE,SYNTHETIC_TEXT
m3sbv1_014998,他们这两天帮我看看这个菜里面有没有辣椒别弄错了,LLM_SYNTHETIC_SPOKEN_BASE,SYNTHETIC_TEXT
m3sbv1_014999,这边这边没别的要求，问一下能不能晚一点回来就可以,LLM_SYNTHETIC_SPOKEN_BASE,SYNTHETIC_TEXT
m3sbv1_015000,现场晚一点确认一下服务有没有启动是不是,LLM_SYNTHETIC_SPOKEN_BASE,SYNTHETIC_TEXT
