case,source,surface,start,end,seqIndex,seqLen,isAnchor,anchorSource,span_len_log1p,span_rel_position,first_pass_cand_log1p,current_cjk_len_log1p,pinyin_channel_avail,cand_count_used,cand_note,margin_reinfer_offline_feat,decision_reinfer_offline_feat,margin_recorded_live,decision_recorded_live,prev3,next3,path_id
d002,OFFLINE_DUMP_REINFER_REALDIST,麻,,,0,15,0,STORED,0.693147,0.0,0.0,0.693147,1.0,0,DEFAULTED_0,-19.623091,KEEP,,,,烦|帮|我,9b521bd3771884f9a62faa5535b34881ea73934cfad7f5e5cee05a81c4ba9300
d002,OFFLINE_DUMP_REINFER_REALDIST,烦,,,1,15,0,STORED,0.693147,0.071429,0.0,0.693147,1.0,0,DEFAULTED_0,-13.872454,KEEP,,,麻,帮|我|做,9b521bd3771884f9a62faa5535b34881ea73934cfad7f5e5cee05a81c4ba9300
d002,OFFLINE_DUMP_REINFER_REALDIST,帮,,,2,15,0,STORED,0.693147,0.142857,0.0,0.693147,1.0,0,DEFAULTED_0,-19.993751,KEEP,,,麻|烦,我|做|一,9b521bd3771884f9a62faa5535b34881ea73934cfad7f5e5cee05a81c4ba9300
d002,OFFLINE_DUMP_REINFER_REALDIST,我,,,3,15,0,STORED,0.693147,0.214286,0.0,0.693147,1.0,0,DEFAULTED_0,-19.863515,KEEP,,,麻|烦|帮,做|一|杯,9b521bd3771884f9a62faa5535b34881ea73934cfad7f5e5cee05a81c4ba9300
d002,OFFLINE_DUMP_REINFER_REALDIST,做,,,4,15,0,STORED,0.693147,0.285714,0.0,0.693147,1.0,0,DEFAULTED_0,-14.663169,KEEP,,,烦|帮|我,一|杯|美,9b521bd3771884f9a62faa5535b34881ea73934cfad7f5e5cee05a81c4ba9300
d002,OFFLINE_DUMP_REINFER_REALDIST,一,,,5,15,0,STORED,0.693147,0.357143,0.0,0.693147,1.0,0,DEFAULTED_0,-18.127385,KEEP,,,帮|我|做,杯|美|走,9b521bd3771884f9a62faa5535b34881ea73934cfad7f5e5cee05a81c4ba9300
d002,OFFLINE_DUMP_REINFER_REALDIST,杯,,,6,15,0,STORED,0.693147,0.428571,0.0,0.693147,1.0,0,DEFAULTED_0,-20.130272,KEEP,,,我|做|一,美|走|大,9b521bd3771884f9a62faa5535b34881ea73934cfad7f5e5cee05a81c4ba9300
d002,OFFLINE_DUMP_REINFER_REALDIST,美,,,7,15,0,STORED,0.693147,0.5,0.0,0.693147,1.0,0,DEFAULTED_0,-12.306043,KEEP,,,做|一|杯,走|大|背,9b521bd3771884f9a62faa5535b34881ea73934cfad7f5e5cee05a81c4ba9300
d002,OFFLINE_DUMP_REINFER_REALDIST,走,,,8,15,0,STORED,0.693147,0.571429,0.0,0.693147,1.0,0,DEFAULTED_0,-20.323219,KEEP,,,一|杯|美,大|背|就,9b521bd3771884f9a62faa5535b34881ea73934cfad7f5e5cee05a81c4ba9300
d002,OFFLINE_DUMP_REINFER_REALDIST,大,,,9,15,0,STORED,0.693147,0.642857,0.0,0.693147,1.0,0,DEFAULTED_0,-13.765392,KEEP,,,杯|美|走,背|就|行,9b521bd3771884f9a62faa5535b34881ea73934cfad7f5e5cee05a81c4ba9300
d002,OFFLINE_DUMP_REINFER_REALDIST,背,,,10,15,0,STORED,0.693147,0.714286,0.0,0.693147,1.0,0,DEFAULTED_0,2.099888,RETRY,,,美|走|大,就|行|谢,9b521bd3771884f9a62faa5535b34881ea73934cfad7f5e5cee05a81c4ba9300
d002,OFFLINE_DUMP_REINFER_REALDIST,就,,,11,15,0,STORED,0.693147,0.785714,0.0,0.693147,1.0,0,DEFAULTED_0,-14.912438,KEEP,,,走|大|背,行|谢|谢,9b521bd3771884f9a62faa5535b34881ea73934cfad7f5e5cee05a81c4ba9300
d002,OFFLINE_DUMP_REINFER_REALDIST,行,,,12,15,0,STORED,0.693147,0.857143,0.0,0.693147,1.0,0,DEFAULTED_0,-14.882411,KEEP,,,大|背|就,谢|谢,9b521bd3771884f9a62faa5535b34881ea73934cfad7f5e5cee05a81c4ba9300
d002,OFFLINE_DUMP_REINFER_REALDIST,谢,,,13,15,0,STORED,0.693147,0.928571,0.0,0.693147,1.0,0,DEFAULTED_0,-11.899548,KEEP,,,背|就|行,谢,9b521bd3771884f9a62faa5535b34881ea73934cfad7f5e5cee05a81c4ba9300
d002,OFFLINE_DUMP_REINFER_REALDIST,谢,,,14,15,0,STORED,0.693147,1.0,0.0,0.693147,1.0,0,DEFAULTED_0,-11.184856,KEEP,,,就|行|谢,,9b521bd3771884f9a62faa5535b34881ea73934cfad7f5e5cee05a81c4ba9300
d002,LIVE_PRIMARY_REINFER_OFFLINE_FEAT_DEFAULTS,麻,,,0,15,0,LIVE_TRACE,0.693147,0.0,0.0,0.693147,1.0,0,UNKNOWN_IN_TRACE,-19.604437,KEEP,,,,烦|帮|我,1ff853294abaa92522bd1f74e24e1523522571dd575d20d3cc71abe29649a5ef
d002,LIVE_PRIMARY_REINFER_OFFLINE_FEAT_DEFAULTS,烦,,,1,15,0,LIVE_TRACE,0.693147,0.071429,0.0,0.693147,1.0,0,UNKNOWN_IN_TRACE,-13.842302,KEEP,,,麻,帮|我|做,1ff853294abaa92522bd1f74e24e1523522571dd575d20d3cc71abe29649a5ef
d002,LIVE_PRIMARY_REINFER_OFFLINE_FEAT_DEFAULTS,帮,,,2,15,0,LIVE_TRACE,0.693147,0.142857,0.0,0.693147,1.0,0,UNKNOWN_IN_TRACE,-19.975148,KEEP,,,麻|烦,我|做|一,1ff853294abaa92522bd1f74e24e1523522571dd575d20d3cc71abe29649a5ef
d002,LIVE_PRIMARY_REINFER_OFFLINE_FEAT_DEFAULTS,我,,,3,15,0,LIVE_TRACE,0.693147,0.214286,0.0,0.693147,1.0,0,UNKNOWN_IN_TRACE,-19.847201,KEEP,,,麻|烦|帮,做|一|杯,1ff853294abaa92522bd1f74e24e1523522571dd575d20d3cc71abe29649a5ef
d002,LIVE_PRIMARY_REINFER_OFFLINE_FEAT_DEFAULTS,做,,,4,15,0,LIVE_TRACE,0.693147,0.285714,0.0,0.693147,1.0,0,UNKNOWN_IN_TRACE,-14.632787,KEEP,,,烦|帮|我,一|杯|带,1ff853294abaa92522bd1f74e24e1523522571dd575d20d3cc71abe29649a5ef
d002,LIVE_PRIMARY_REINFER_OFFLINE_FEAT_DEFAULTS,一,,,5,15,0,LIVE_TRACE,0.693147,0.357143,0.0,0.693147,1.0,0,UNKNOWN_IN_TRACE,-18.146589,KEEP,,,帮|我|做,杯|带|走,1ff853294abaa92522bd1f74e24e1523522571dd575d20d3cc71abe29649a5ef
d002,LIVE_PRIMARY_REINFER_OFFLINE_FEAT_DEFAULTS,杯,,,6,15,0,LIVE_TRACE,0.693147,0.428571,0.0,0.693147,1.0,0,UNKNOWN_IN_TRACE,-19.341767,KEEP,,,我|做|一,带|走|大,1ff853294abaa92522bd1f74e24e1523522571dd575d20d3cc71abe29649a5ef
d002,LIVE_PRIMARY_REINFER_OFFLINE_FEAT_DEFAULTS,带,,,7,15,0,LIVE_TRACE,0.693147,0.5,0.0,0.693147,1.0,0,UNKNOWN_IN_TRACE,-14.391857,KEEP,,,做|一|杯,走|大|背,1ff853294abaa92522bd1f74e24e1523522571dd575d20d3cc71abe29649a5ef
d002,LIVE_PRIMARY_REINFER_OFFLINE_FEAT_DEFAULTS,走,,,8,15,0,LIVE_TRACE,0.693147,0.571429,0.0,0.693147,1.0,0,UNKNOWN_IN_TRACE,-19.538368,KEEP,,,一|杯|带,大|背|就,1ff853294abaa92522bd1f74e24e1523522571dd575d20d3cc71abe29649a5ef
d002,LIVE_PRIMARY_REINFER_OFFLINE_FEAT_DEFAULTS,大,,,9,15,0,LIVE_TRACE,0.693147,0.642857,0.0,0.693147,1.0,0,UNKNOWN_IN_TRACE,-13.348136,KEEP,,,杯|带|走,背|就|行,1ff853294abaa92522bd1f74e24e1523522571dd575d20d3cc71abe29649a5ef
d002,LIVE_PRIMARY_REINFER_OFFLINE_FEAT_DEFAULTS,背,,,10,15,0,LIVE_TRACE,0.693147,0.714286,0.0,0.693147,1.0,0,UNKNOWN_IN_TRACE,1.296597,RETRY,,,带|走|大,就|行|谢,1ff853294abaa92522bd1f74e24e1523522571dd575d20d3cc71abe29649a5ef
d002,LIVE_PRIMARY_REINFER_OFFLINE_FEAT_DEFAULTS,就,,,11,15,0,LIVE_TRACE,0.693147,0.785714,0.0,0.693147,1.0,0,UNKNOWN_IN_TRACE,-14.850315,KEEP,,,走|大|背,行|谢|谢,1ff853294abaa92522bd1f74e24e1523522571dd575d20d3cc71abe29649a5ef
d002,LIVE_PRIMARY_REINFER_OFFLINE_FEAT_DEFAULTS,行,,,12,15,0,LIVE_TRACE,0.693147,0.857143,0.0,0.693147,1.0,0,UNKNOWN_IN_TRACE,-14.536107,KEEP,,,大|背|就,谢|谢,1ff853294abaa92522bd1f74e24e1523522571dd575d20d3cc71abe29649a5ef
d002,LIVE_PRIMARY_REINFER_OFFLINE_FEAT_DEFAULTS,谢,,,13,15,0,LIVE_TRACE,0.693147,0.928571,0.0,0.693147,1.0,0,UNKNOWN_IN_TRACE,-12.080527,KEEP,,,背|就|行,谢,1ff853294abaa92522bd1f74e24e1523522571dd575d20d3cc71abe29649a5ef
d002,LIVE_PRIMARY_REINFER_OFFLINE_FEAT_DEFAULTS,谢,,,14,15,0,LIVE_TRACE,0.693147,1.0,0.0,0.693147,1.0,0,UNKNOWN_IN_TRACE,-11.150013,KEEP,,,就|行|谢,,1ff853294abaa92522bd1f74e24e1523522571dd575d20d3cc71abe29649a5ef
d002,LIVE_RECORDED,麻,,,0,15,0,LIVE_TRACE,0.693147,0.0,UNKNOWN_NOT_IN_TRACE,0.693147,UNKNOWN_NOT_IN_TRACE,,NOT_PERSISTED_IN_DIALOG200_TRACE,,,-16.505075454711914,KEEP,,烦|帮|我,1ff853294abaa92522bd1f74e24e1523522571dd575d20d3cc71abe29649a5ef
d002,LIVE_RECORDED,烦,,,1,15,0,LIVE_TRACE,0.693147,0.071429,UNKNOWN_NOT_IN_TRACE,0.693147,UNKNOWN_NOT_IN_TRACE,,NOT_PERSISTED_IN_DIALOG200_TRACE,,,-14.639573574066162,KEEP,麻,帮|我|做,1ff853294abaa92522bd1f74e24e1523522571dd575d20d3cc71abe29649a5ef
d002,LIVE_RECORDED,帮,,,2,15,0,LIVE_TRACE,0.693147,0.142857,UNKNOWN_NOT_IN_TRACE,0.693147,UNKNOWN_NOT_IN_TRACE,,NOT_PERSISTED_IN_DIALOG200_TRACE,,,-15.775525093078613,KEEP,麻|烦,我|做|一,1ff853294abaa92522bd1f74e24e1523522571dd575d20d3cc71abe29649a5ef
d002,LIVE_RECORDED,我,,,3,15,0,LIVE_TRACE,0.693147,0.214286,UNKNOWN_NOT_IN_TRACE,0.693147,UNKNOWN_NOT_IN_TRACE,,NOT_PERSISTED_IN_DIALOG200_TRACE,,,-15.6974515914917,KEEP,麻|烦|帮,做|一|杯,1ff853294abaa92522bd1f74e24e1523522571dd575d20d3cc71abe29649a5ef
d002,LIVE_RECORDED,做,,,4,15,0,LIVE_TRACE,0.693147,0.285714,UNKNOWN_NOT_IN_TRACE,0.693147,UNKNOWN_NOT_IN_TRACE,,NOT_PERSISTED_IN_DIALOG200_TRACE,,,-10.082683563232422,KEEP,烦|帮|我,一|杯|带,1ff853294abaa92522bd1f74e24e1523522571dd575d20d3cc71abe29649a5ef
d002,LIVE_RECORDED,一,,,5,15,0,LIVE_TRACE,0.693147,0.357143,UNKNOWN_NOT_IN_TRACE,0.693147,UNKNOWN_NOT_IN_TRACE,,NOT_PERSISTED_IN_DIALOG200_TRACE,,,-10.472058296203613,KEEP,帮|我|做,杯|带|走,1ff853294abaa92522bd1f74e24e1523522571dd575d20d3cc71abe29649a5ef
d002,LIVE_RECORDED,杯,,,6,15,0,LIVE_TRACE,0.693147,0.428571,UNKNOWN_NOT_IN_TRACE,0.693147,UNKNOWN_NOT_IN_TRACE,,NOT_PERSISTED_IN_DIALOG200_TRACE,,,-9.587677955627441,KEEP,我|做|一,带|走|大,1ff853294abaa92522bd1f74e24e1523522571dd575d20d3cc71abe29649a5ef
d002,LIVE_RECORDED,带,,,7,15,0,LIVE_TRACE,0.693147,0.5,UNKNOWN_NOT_IN_TRACE,0.693147,UNKNOWN_NOT_IN_TRACE,,NOT_PERSISTED_IN_DIALOG200_TRACE,,,-14.552443504333496,KEEP,做|一|杯,走|大|背,1ff853294abaa92522bd1f74e24e1523522571dd575d20d3cc71abe29649a5ef
d002,LIVE_RECORDED,走,,,8,15,0,LIVE_TRACE,0.693147,0.571429,UNKNOWN_NOT_IN_TRACE,0.693147,UNKNOWN_NOT_IN_TRACE,,NOT_PERSISTED_IN_DIALOG200_TRACE,,,-14.077098369598389,KEEP,一|杯|带,大|背|就,1ff853294abaa92522bd1f74e24e1523522571dd575d20d3cc71abe29649a5ef
d002,LIVE_RECORDED,大,,,9,15,0,LIVE_TRACE,0.693147,0.642857,UNKNOWN_NOT_IN_TRACE,0.693147,UNKNOWN_NOT_IN_TRACE,,NOT_PERSISTED_IN_DIALOG200_TRACE,,,-14.43711805343628,KEEP,杯|带|走,背|就|行,1ff853294abaa92522bd1f74e24e1523522571dd575d20d3cc71abe29649a5ef
d002,LIVE_RECORDED,背,,,10,15,0,LIVE_TRACE,0.693147,0.714286,UNKNOWN_NOT_IN_TRACE,0.693147,UNKNOWN_NOT_IN_TRACE,,NOT_PERSISTED_IN_DIALOG200_TRACE,,,-15.243701457977295,KEEP,带|走|大,就|行|谢,1ff853294abaa92522bd1f74e24e1523522571dd575d20d3cc71abe29649a5ef
d002,LIVE_RECORDED,就,,,11,15,0,LIVE_TRACE,0.693147,0.785714,UNKNOWN_NOT_IN_TRACE,0.693147,UNKNOWN_NOT_IN_TRACE,,NOT_PERSISTED_IN_DIALOG200_TRACE,,,-11.457369327545166,KEEP,走|大|背,行|谢|谢,1ff853294abaa92522bd1f74e24e1523522571dd575d20d3cc71abe29649a5ef
d002,LIVE_RECORDED,行,,,12,15,0,LIVE_TRACE,0.693147,0.857143,UNKNOWN_NOT_IN_TRACE,0.693147,UNKNOWN_NOT_IN_TRACE,,NOT_PERSISTED_IN_DIALOG200_TRACE,,,-15.878597736358643,KEEP,大|背|就,谢|谢,1ff853294abaa92522bd1f74e24e1523522571dd575d20d3cc71abe29649a5ef
d002,LIVE_RECORDED,谢,,,13,15,0,LIVE_TRACE,0.693147,0.928571,UNKNOWN_NOT_IN_TRACE,0.693147,UNKNOWN_NOT_IN_TRACE,,NOT_PERSISTED_IN_DIALOG200_TRACE,,,-14.473938465118408,KEEP,背|就|行,谢,1ff853294abaa92522bd1f74e24e1523522571dd575d20d3cc71abe29649a5ef
d002,LIVE_RECORDED,谢,,,14,15,0,LIVE_TRACE,0.693147,1.0,UNKNOWN_NOT_IN_TRACE,0.693147,UNKNOWN_NOT_IN_TRACE,,NOT_PERSISTED_IN_DIALOG200_TRACE,,,-14.418607234954834,KEEP,就|行|谢,,1ff853294abaa92522bd1f74e24e1523522571dd575d20d3cc71abe29649a5ef
d003,OFFLINE_DUMP_REINFER_REALDIST,请,,,0,19,0,STORED,0.693147,0.0,0.0,0.693147,1.0,0,DEFAULTED_0,-19.136327,KEEP,,,,问|这|款,8abbc76111de7c632d7d17362fe9a7cda58f3c9572ab70bc308648553237b238
d003,OFFLINE_DUMP_REINFER_REALDIST,问,,,1,19,0,STORED,0.693147,0.055556,0.0,0.693147,1.0,0,DEFAULTED_0,-19.218005,KEEP,,,请,这|款|烟,8abbc76111de7c632d7d17362fe9a7cda58f3c9572ab70bc308648553237b238
d003,OFFLINE_DUMP_REINFER_REALDIST,这,,,2,19,0,STORED,0.693147,0.111111,0.0,0.693147,1.0,0,DEFAULTED_0,-20.285428,KEEP,,,请|问,款|烟|麦,8abbc76111de7c632d7d17362fe9a7cda58f3c9572ab70bc308648553237b238
d003,OFFLINE_DUMP_REINFER_REALDIST,款,,,3,19,0,STORED,0.693147,0.166667,0.0,0.693147,1.0,0,DEFAULTED_0,-13.215303,KEEP,,,请|问|这,烟|麦|拿,8abbc76111de7c632d7d17362fe9a7cda58f3c9572ab70bc308648553237b238
d003,OFFLINE_DUMP_REINFER_REALDIST,烟,,,4,19,0,STORED,0.693147,0.222222,0.0,0.693147,1.0,0,DEFAULTED_0,-15.94415,KEEP,,,问|这|款,麦|拿|铁,8abbc76111de7c632d7d17362fe9a7cda58f3c9572ab70bc308648553237b238
d003,OFFLINE_DUMP_REINFER_REALDIST,麦,,,5,19,0,STORED,0.693147,0.277778,0.0,0.693147,1.0,0,DEFAULTED_0,-16.181463,KEEP,,,这|款|烟,拿|铁|可,8abbc76111de7c632d7d17362fe9a7cda58f3c9572ab70bc308648553237b238
d003,OFFLINE_DUMP_REINFER_REALDIST,拿,,,6,19,0,STORED,0.693147,0.333333,0.0,0.693147,1.0,0,DEFAULTED_0,-16.738669,KEEP,,,款|烟|麦,铁|可|以,8abbc76111de7c632d7d17362fe9a7cda58f3c9572ab70bc308648553237b238
d003,OFFLINE_DUMP_REINFER_REALDIST,铁,,,7,19,0,STORED,0.693147,0.388889,0.0,0.693147,1.0,0,DEFAULTED_0,-16.123722,KEEP,,,烟|麦|拿,可|以|烧,8abbc76111de7c632d7d17362fe9a7cda58f3c9572ab70bc308648553237b238
d003,OFFLINE_DUMP_REINFER_REALDIST,可,,,8,19,0,STORED,0.693147,0.444444,0.0,0.693147,1.0,0,DEFAULTED_0,-14.868364,KEEP,,,麦|拿|铁,以|烧|病,8abbc76111de7c632d7d17362fe9a7cda58f3c9572ab70bc308648553237b238
d003,OFFLINE_DUMP_REINFER_REALDIST,以,,,9,19,0,STORED,0.693147,0.5,0.0,0.693147,1.0,0,DEFAULTED_0,-12.780801,KEEP,,,拿|铁|可,烧|病|吗,8abbc76111de7c632d7d17362fe9a7cda58f3c9572ab70bc308648553237b238
d003,OFFLINE_DUMP_REINFER_REALDIST,烧,,,10,19,0,STORED,0.693147,0.555556,0.0,0.693147,1.0,0,DEFAULTED_0,0.821639,RETRY,,,铁|可|以,病|吗|我,8abbc76111de7c632d7d17362fe9a7cda58f3c9572ab70bc308648553237b238
d003,OFFLINE_DUMP_REINFER_REALDIST,病,,,11,19,0,STORED,0.693147,0.611111,0.0,0.693147,1.0,0,DEFAULTED_0,-11.823575,KEEP,,,可|以|烧,吗|我|赶,8abbc76111de7c632d7d17362fe9a7cda58f3c9572ab70bc308648553237b238
d003,OFFLINE_DUMP_REINFER_REALDIST,吗,,,12,19,0,STORED,0.693147,0.666667,0.0,0.693147,1.0,0,DEFAULTED_0,-20.75105,KEEP,,,以|烧|病,我|赶|时,8abbc76111de7c632d7d17362fe9a7cda58f3c9572ab70bc308648553237b238
d003,OFFLINE_DUMP_REINFER_REALDIST,我,,,13,19,0,STORED,0.693147,0.722222,0.0,0.693147,1.0,0,DEFAULTED_0,-21.986059,KEEP,,,烧|病|吗,赶|时|间,8abbc76111de7c632d7d17362fe9a7cda58f3c9572ab70bc308648553237b238
d003,OFFLINE_DUMP_REINFER_REALDIST,赶,,,14,19,0,STORED,0.693147,0.777778,0.0,0.693147,1.0,0,DEFAULTED_0,-17.148993,KEEP,,,病|吗|我,时|间|小,8abbc76111de7c632d7d17362fe9a7cda58f3c9572ab70bc308648553237b238
d003,OFFLINE_DUMP_REINFER_REALDIST,时,,,15,19,0,STORED,0.693147,0.833333,0.0,0.693147,1.0,0,DEFAULTED_0,-19.334621,KEEP,,,吗|我|赶,间|小|背,8abbc76111de7c632d7d17362fe9a7cda58f3c9572ab70bc308648553237b238
d003,OFFLINE_DUMP_REINFER_REALDIST,间,,,16,19,0,STORED,0.693147,0.888889,0.0,0.693147,1.0,0,DEFAULTED_0,-17.675026,KEEP,,,我|赶|时,小|背,8abbc76111de7c632d7d17362fe9a7cda58f3c9572ab70bc308648553237b238
d003,OFFLINE_DUMP_REINFER_REALDIST,小,,,17,19,0,STORED,0.693147,0.944444,0.0,0.693147,1.0,0,DEFAULTED_0,-20.880198,KEEP,,,赶|时|间,背,8abbc76111de7c632d7d17362fe9a7cda58f3c9572ab70bc308648553237b238
d003,OFFLINE_DUMP_REINFER_REALDIST,背,,,18,19,0,STORED,0.693147,1.0,0.0,0.693147,1.0,0,DEFAULTED_0,-2.276785,KEEP,,,时|间|小,,8abbc76111de7c632d7d17362fe9a7cda58f3c9572ab70bc308648553237b238
d003,LIVE_PRIMARY_REINFER_OFFLINE_FEAT_DEFAULTS,请,,,0,19,0,LIVE_TRACE,0.693147,0.0,0.0,0.693147,1.0,0,UNKNOWN_IN_TRACE,-19.136327,KEEP,,,,问|这|款,8abbc76111de7c632d7d17362fe9a7cda58f3c9572ab70bc308648553237b238
d003,LIVE_PRIMARY_REINFER_OFFLINE_FEAT_DEFAULTS,问,,,1,19,0,LIVE_TRACE,0.693147,0.055556,0.0,0.693147,1.0,0,UNKNOWN_IN_TRACE,-19.218005,KEEP,,,请,这|款|烟,8abbc76111de7c632d7d17362fe9a7cda58f3c9572ab70bc308648553237b238
d003,LIVE_PRIMARY_REINFER_OFFLINE_FEAT_DEFAULTS,这,,,2,19,0,LIVE_TRACE,0.693147,0.111111,0.0,0.693147,1.0,0,UNKNOWN_IN_TRACE,-20.285428,KEEP,,,请|问,款|烟|麦,8abbc76111de7c632d7d17362fe9a7cda58f3c9572ab70bc308648553237b238
d003,LIVE_PRIMARY_REINFER_OFFLINE_FEAT_DEFAULTS,款,,,3,19,0,LIVE_TRACE,0.693147,0.166667,0.0,0.693147,1.0,0,UNKNOWN_IN_TRACE,-13.215303,KEEP,,,请|问|这,烟|麦|拿,8abbc76111de7c632d7d17362fe9a7cda58f3c9572ab70bc308648553237b238
d003,LIVE_PRIMARY_REINFER_OFFLINE_FEAT_DEFAULTS,烟,,,4,19,0,LIVE_TRACE,0.693147,0.222222,0.0,0.693147,1.0,0,UNKNOWN_IN_TRACE,-15.94415,KEEP,,,问|这|款,麦|拿|铁,8abbc76111de7c632d7d17362fe9a7cda58f3c9572ab70bc308648553237b238
d003,LIVE_PRIMARY_REINFER_OFFLINE_FEAT_DEFAULTS,麦,,,5,19,0,LIVE_TRACE,0.693147,0.277778,0.0,0.693147,1.0,0,UNKNOWN_IN_TRACE,-16.181463,KEEP,,,这|款|烟,拿|铁|可,8abbc76111de7c632d7d17362fe9a7cda58f3c9572ab70bc308648553237b238
d003,LIVE_PRIMARY_REINFER_OFFLINE_FEAT_DEFAULTS,拿,,,6,19,0,LIVE_TRACE,0.693147,0.333333,0.0,0.693147,1.0,0,UNKNOWN_IN_TRACE,-16.738669,KEEP,,,款|烟|麦,铁|可|以,8abbc76111de7c632d7d17362fe9a7cda58f3c9572ab70bc308648553237b238
d003,LIVE_PRIMARY_REINFER_OFFLINE_FEAT_DEFAULTS,铁,,,7,19,0,LIVE_TRACE,0.693147,0.388889,0.0,0.693147,1.0,0,UNKNOWN_IN_TRACE,-16.123722,KEEP,,,烟|麦|拿,可|以|烧,8abbc76111de7c632d7d17362fe9a7cda58f3c9572ab70bc308648553237b238
d003,LIVE_PRIMARY_REINFER_OFFLINE_FEAT_DEFAULTS,可,,,8,19,0,LIVE_TRACE,0.693147,0.444444,0.0,0.693147,1.0,0,UNKNOWN_IN_TRACE,-14.868364,KEEP,,,麦|拿|铁,以|烧|病,8abbc76111de7c632d7d17362fe9a7cda58f3c9572ab70bc308648553237b238
d003,LIVE_PRIMARY_REINFER_OFFLINE_FEAT_DEFAULTS,以,,,9,19,0,LIVE_TRACE,0.693147,0.5,0.0,0.693147,1.0,0,UNKNOWN_IN_TRACE,-12.780801,KEEP,,,拿|铁|可,烧|病|吗,8abbc76111de7c632d7d17362fe9a7cda58f3c9572ab70bc308648553237b238
d003,LIVE_PRIMARY_REINFER_OFFLINE_FEAT_DEFAULTS,烧,,,10,19,0,LIVE_TRACE,0.693147,0.555556,0.0,0.693147,1.0,0,UNKNOWN_IN_TRACE,0.821639,RETRY,,,铁|可|以,病|吗|我,8abbc76111de7c632d7d17362fe9a7cda58f3c9572ab70bc308648553237b238
d003,LIVE_PRIMARY_REINFER_OFFLINE_FEAT_DEFAULTS,病,,,11,19,0,LIVE_TRACE,0.693147,0.611111,0.0,0.693147,1.0,0,UNKNOWN_IN_TRACE,-11.823575,KEEP,,,可|以|烧,吗|我|赶,8abbc76111de7c632d7d17362fe9a7cda58f3c9572ab70bc308648553237b238
d003,LIVE_PRIMARY_REINFER_OFFLINE_FEAT_DEFAULTS,吗,,,12,19,0,LIVE_TRACE,0.693147,0.666667,0.0,0.693147,1.0,0,UNKNOWN_IN_TRACE,-20.75105,KEEP,,,以|烧|病,我|赶|时,8abbc76111de7c632d7d17362fe9a7cda58f3c9572ab70bc308648553237b238
d003,LIVE_PRIMARY_REINFER_OFFLINE_FEAT_DEFAULTS,我,,,13,19,0,LIVE_TRACE,0.693147,0.722222,0.0,0.693147,1.0,0,UNKNOWN_IN_TRACE,-21.986059,KEEP,,,烧|病|吗,赶|时|间,8abbc76111de7c632d7d17362fe9a7cda58f3c9572ab70bc308648553237b238
d003,LIVE_PRIMARY_REINFER_OFFLINE_FEAT_DEFAULTS,赶,,,14,19,0,LIVE_TRACE,0.693147,0.777778,0.0,0.693147,1.0,0,UNKNOWN_IN_TRACE,-17.148993,KEEP,,,病|吗|我,时|间|小,8abbc76111de7c632d7d17362fe9a7cda58f3c9572ab70bc308648553237b238
d003,LIVE_PRIMARY_REINFER_OFFLINE_FEAT_DEFAULTS,时,,,15,19,0,LIVE_TRACE,0.693147,0.833333,0.0,0.693147,1.0,0,UNKNOWN_IN_TRACE,-19.334621,KEEP,,,吗|我|赶,间|小|背,8abbc76111de7c632d7d17362fe9a7cda58f3c9572ab70bc308648553237b238
d003,LIVE_PRIMARY_REINFER_OFFLINE_FEAT_DEFAULTS,间,,,16,19,0,LIVE_TRACE,0.693147,0.888889,0.0,0.693147,1.0,0,UNKNOWN_IN_TRACE,-17.675026,KEEP,,,我|赶|时,小|背,8abbc76111de7c632d7d17362fe9a7cda58f3c9572ab70bc308648553237b238
d003,LIVE_PRIMARY_REINFER_OFFLINE_FEAT_DEFAULTS,小,,,17,19,0,LIVE_TRACE,0.693147,0.944444,0.0,0.693147,1.0,0,UNKNOWN_IN_TRACE,-20.880198,KEEP,,,赶|时|间,背,8abbc76111de7c632d7d17362fe9a7cda58f3c9572ab70bc308648553237b238
d003,LIVE_PRIMARY_REINFER_OFFLINE_FEAT_DEFAULTS,背,,,18,19,0,LIVE_TRACE,0.693147,1.0,0.0,0.693147,1.0,0,UNKNOWN_IN_TRACE,-2.276785,KEEP,,,时|间|小,,8abbc76111de7c632d7d17362fe9a7cda58f3c9572ab70bc308648553237b238
d003,LIVE_RECORDED,请,,,0,19,0,LIVE_TRACE,0.693147,0.0,UNKNOWN_NOT_IN_TRACE,0.693147,UNKNOWN_NOT_IN_TRACE,,NOT_PERSISTED_IN_DIALOG200_TRACE,,,-16.99498462677002,KEEP,,问|这|款,8abbc76111de7c632d7d17362fe9a7cda58f3c9572ab70bc308648553237b238
d003,LIVE_RECORDED,问,,,1,19,0,LIVE_TRACE,0.693147,0.055556,UNKNOWN_NOT_IN_TRACE,0.693147,UNKNOWN_NOT_IN_TRACE,,NOT_PERSISTED_IN_DIALOG200_TRACE,,,-10.359683513641357,KEEP,请,这|款|烟,8abbc76111de7c632d7d17362fe9a7cda58f3c9572ab70bc308648553237b238
d003,LIVE_RECORDED,这,,,2,19,0,LIVE_TRACE,0.693147,0.111111,UNKNOWN_NOT_IN_TRACE,0.693147,UNKNOWN_NOT_IN_TRACE,,NOT_PERSISTED_IN_DIALOG200_TRACE,,,-15.542359828948975,KEEP,请|问,款|烟|麦,8abbc76111de7c632d7d17362fe9a7cda58f3c9572ab70bc308648553237b238
d003,LIVE_RECORDED,款,,,3,19,0,LIVE_TRACE,0.693147,0.166667,UNKNOWN_NOT_IN_TRACE,0.693147,UNKNOWN_NOT_IN_TRACE,,NOT_PERSISTED_IN_DIALOG200_TRACE,,,-15.747923851013184,KEEP,请|问|这,烟|麦|拿,8abbc76111de7c632d7d17362fe9a7cda58f3c9572ab70bc308648553237b238
d003,LIVE_RECORDED,烟,,,4,19,0,LIVE_TRACE,0.693147,0.222222,UNKNOWN_NOT_IN_TRACE,0.693147,UNKNOWN_NOT_IN_TRACE,,NOT_PERSISTED_IN_DIALOG200_TRACE,,,-11.23772144317627,KEEP,问|这|款,麦|拿|铁,8abbc76111de7c632d7d17362fe9a7cda58f3c9572ab70bc308648553237b238
d003,LIVE_RECORDED,麦,,,5,19,0,LIVE_TRACE,0.693147,0.277778,UNKNOWN_NOT_IN_TRACE,0.693147,UNKNOWN_NOT_IN_TRACE,,NOT_PERSISTED_IN_DIALOG200_TRACE,,,-14.880035877227783,KEEP,这|款|烟,拿|铁|可,8abbc76111de7c632d7d17362fe9a7cda58f3c9572ab70bc308648553237b238
d003,LIVE_RECORDED,拿,,,6,19,0,LIVE_TRACE,0.693147,0.333333,UNKNOWN_NOT_IN_TRACE,0.693147,UNKNOWN_NOT_IN_TRACE,,NOT_PERSISTED_IN_DIALOG200_TRACE,,,-14.7702956199646,KEEP,款|烟|麦,铁|可|以,8abbc76111de7c632d7d17362fe9a7cda58f3c9572ab70bc308648553237b238
d003,LIVE_RECORDED,铁,,,7,19,0,LIVE_TRACE,0.693147,0.388889,UNKNOWN_NOT_IN_TRACE,0.693147,UNKNOWN_NOT_IN_TRACE,,NOT_PERSISTED_IN_DIALOG200_TRACE,,,-15.023077964782715,KEEP,烟|麦|拿,可|以|烧,8abbc76111de7c632d7d17362fe9a7cda58f3c9572ab70bc308648553237b238
d003,LIVE_RECORDED,可,,,8,19,0,LIVE_TRACE,0.693147,0.444444,UNKNOWN_NOT_IN_TRACE,0.693147,UNKNOWN_NOT_IN_TRACE,,NOT_PERSISTED_IN_DIALOG200_TRACE,,,-15.584004878997803,KEEP,麦|拿|铁,以|烧|病,8abbc76111de7c632d7d17362fe9a7cda58f3c9572ab70bc308648553237b238
d003,LIVE_RECORDED,以,,,9,19,0,LIVE_TRACE,0.693147,0.5,UNKNOWN_NOT_IN_TRACE,0.693147,UNKNOWN_NOT_IN_TRACE,,NOT_PERSISTED_IN_DIALOG200_TRACE,,,-15.928137302398682,KEEP,拿|铁|可,烧|病|吗,8abbc76111de7c632d7d17362fe9a7cda58f3c9572ab70bc308648553237b238
d003,LIVE_RECORDED,烧,,,10,19,0,LIVE_TRACE,0.693147,0.555556,UNKNOWN_NOT_IN_TRACE,0.693147,UNKNOWN_NOT_IN_TRACE,,NOT_PERSISTED_IN_DIALOG200_TRACE,,,-10.875312328338623,KEEP,铁|可|以,病|吗|我,8abbc76111de7c632d7d17362fe9a7cda58f3c9572ab70bc308648553237b238
d003,LIVE_RECORDED,病,,,11,19,0,LIVE_TRACE,0.693147,0.611111,UNKNOWN_NOT_IN_TRACE,0.693147,UNKNOWN_NOT_IN_TRACE,,NOT_PERSISTED_IN_DIALOG200_TRACE,,,-14.328023910522461,KEEP,可|以|烧,吗|我|赶,8abbc76111de7c632d7d17362fe9a7cda58f3c9572ab70bc308648553237b238
d003,LIVE_RECORDED,吗,,,12,19,0,LIVE_TRACE,0.693147,0.666667,UNKNOWN_NOT_IN_TRACE,0.693147,UNKNOWN_NOT_IN_TRACE,,NOT_PERSISTED_IN_DIALOG200_TRACE,,,-14.051006317138672,KEEP,以|烧|病,我|赶|时,8abbc76111de7c632d7d17362fe9a7cda58f3c9572ab70bc308648553237b238
d003,LIVE_RECORDED,我,,,13,19,0,LIVE_TRACE,0.693147,0.722222,UNKNOWN_NOT_IN_TRACE,0.693147,UNKNOWN_NOT_IN_TRACE,,NOT_PERSISTED_IN_DIALOG200_TRACE,,,-14.233217239379883,KEEP,烧|病|吗,赶|时|间,8abbc76111de7c632d7d17362fe9a7cda58f3c9572ab70bc308648553237b238
d003,LIVE_RECORDED,赶,,,14,19,0,LIVE_TRACE,0.693147,0.777778,UNKNOWN_NOT_IN_TRACE,0.693147,UNKNOWN_NOT_IN_TRACE,,NOT_PERSISTED_IN_DIALOG200_TRACE,,,-14.59583854675293,KEEP,病|吗|我,时|间|小,8abbc76111de7c632d7d17362fe9a7cda58f3c9572ab70bc308648553237b238
d003,LIVE_RECORDED,时,,,15,19,0,LIVE_TRACE,0.693147,0.833333,UNKNOWN_NOT_IN_TRACE,0.693147,UNKNOWN_NOT_IN_TRACE,,NOT_PERSISTED_IN_DIALOG200_TRACE,,,-15.064108848571777,KEEP,吗|我|赶,间|小|背,8abbc76111de7c632d7d17362fe9a7cda58f3c9572ab70bc308648553237b238
d003,LIVE_RECORDED,间,,,16,19,0,LIVE_TRACE,0.693147,0.888889,UNKNOWN_NOT_IN_TRACE,0.693147,UNKNOWN_NOT_IN_TRACE,,NOT_PERSISTED_IN_DIALOG200_TRACE,,,-11.950605869293213,KEEP,我|赶|时,小|背,8abbc76111de7c632d7d17362fe9a7cda58f3c9572ab70bc308648553237b238
d003,LIVE_RECORDED,小,,,17,19,0,LIVE_TRACE,0.693147,0.944444,UNKNOWN_NOT_IN_TRACE,0.693147,UNKNOWN_NOT_IN_TRACE,,NOT_PERSISTED_IN_DIALOG200_TRACE,,,-16.216551303863525,KEEP,赶|时|间,背,8abbc76111de7c632d7d17362fe9a7cda58f3c9572ab70bc308648553237b238
d003,LIVE_RECORDED,背,,,18,19,0,LIVE_TRACE,0.693147,1.0,UNKNOWN_NOT_IN_TRACE,0.693147,UNKNOWN_NOT_IN_TRACE,,NOT_PERSISTED_IN_DIALOG200_TRACE,,,-16.510367393493652,KEEP,时|间|小,,8abbc76111de7c632d7d17362fe9a7cda58f3c9572ab70bc308648553237b238
d019,OFFLINE_DUMP_REINFER_REALDIST,今,,,0,39,0,STORED,0.693147,0.0,0.0,0.693147,1.0,0,DEFAULTED_0,-19.671831,KEEP,,,,天|我|们,f728df5a8b3f053fa8acfa4803cafa5bbbbfb2423a14eca870b403ac6eb85ec7
d019,OFFLINE_DUMP_REINFER_REALDIST,天,,,1,39,0,STORED,0.693147,0.026316,0.0,0.693147,1.0,0,DEFAULTED_0,-19.078679,KEEP,,,今,我|们|团,f728df5a8b3f053fa8acfa4803cafa5bbbbfb2423a14eca870b403ac6eb85ec7
d019,OFFLINE_DUMP_REINFER_REALDIST,我,,,2,39,0,STORED,0.693147,0.052632,0.0,0.693147,1.0,0,DEFAULTED_0,-20.561039,KEEP,,,今|天,们|团|队,f728df5a8b3f053fa8acfa4803cafa5bbbbfb2423a14eca870b403ac6eb85ec7
d019,OFFLINE_DUMP_REINFER_REALDIST,们,,,3,39,0,STORED,0.693147,0.078947,0.0,0.693147,1.0,0,DEFAULTED_0,-19.072599,KEEP,,,今|天|我,团|队|对,f728df5a8b3f053fa8acfa4803cafa5bbbbfb2423a14eca870b403ac6eb85ec7
d019,OFFLINE_DUMP_REINFER_REALDIST,团,,,4,39,0,STORED,0.693147,0.105263,0.0,0.693147,1.0,0,DEFAULTED_0,-19.658481,KEEP,,,天|我|们,队|对|要,f728df5a8b3f053fa8acfa4803cafa5bbbbfb2423a14eca870b403ac6eb85ec7
d019,OFFLINE_DUMP_REINFER_REALDIST,队,,,5,39,0,STORED,0.693147,0.131579,0.0,0.693147,1.0,0,DEFAULTED_0,-19.252281,KEEP,,,我|们|团,对|要|讨,f728df5a8b3f053fa8acfa4803cafa5bbbbfb2423a14eca870b403ac6eb85ec7
d019,OFFLINE_DUMP_REINFER_REALDIST,对,,,6,39,0,STORED,0.693147,0.157895,0.0,0.693147,1.0,0,DEFAULTED_0,-18.323457,KEEP,,,们|团|队,要|讨|论,f728df5a8b3f053fa8acfa4803cafa5bbbbfb2423a14eca870b403ac6eb85ec7
d019,OFFLINE_DUMP_REINFER_REALDIST,要,,,7,39,0,STORED,0.693147,0.184211,0.0,0.693147,1.0,0,DEFAULTED_0,-19.030076,KEEP,,,团|队|对,讨|论|后,f728df5a8b3f053fa8acfa4803cafa5bbbbfb2423a14eca870b403ac6eb85ec7
d019,OFFLINE_DUMP_REINFER_REALDIST,讨,,,8,39,0,STORED,0.693147,0.210526,0.0,0.693147,1.0,0,DEFAULTED_0,-17.36118,KEEP,,,队|对|要,论|后|选,f728df5a8b3f053fa8acfa4803cafa5bbbbfb2423a14eca870b403ac6eb85ec7
d019,OFFLINE_DUMP_REINFER_REALDIST,论,,,9,39,0,STORED,0.693147,0.236842,0.0,0.693147,1.0,0,DEFAULTED_0,-18.015765,KEEP,,,对|要|讨,后|选|生,f728df5a8b3f053fa8acfa4803cafa5bbbbfb2423a14eca870b403ac6eb85ec7
d019,OFFLINE_DUMP_REINFER_REALDIST,后,,,10,39,0,STORED,0.693147,0.263158,0.0,0.693147,1.0,0,DEFAULTED_0,-10.685077,KEEP,,,要|讨|论,选|生|成,f728df5a8b3f053fa8acfa4803cafa5bbbbfb2423a14eca870b403ac6eb85ec7
d019,OFFLINE_DUMP_REINFER_REALDIST,选,,,11,39,0,STORED,0.693147,0.289474,0.0,0.693147,1.0,0,DEFAULTED_0,-8.725795,KEEP,,,讨|论|后,生|成|相,f728df5a8b3f053fa8acfa4803cafa5bbbbfb2423a14eca870b403ac6eb85ec7
d019,OFFLINE_DUMP_REINFER_REALDIST,生,,,12,39,0,STORED,0.693147,0.315789,0.0,0.693147,1.0,0,DEFAULTED_0,-10.482937,KEEP,,,论|后|选,成|相|关,f728df5a8b3f053fa8acfa4803cafa5bbbbfb2423a14eca870b403ac6eb85ec7
d019,OFFLINE_DUMP_REINFER_REALDIST,成,,,13,39,0,STORED,0.693147,0.342105,0.0,0.693147,1.0,0,DEFAULTED_0,-12.978065,KEEP,,,后|选|生,相|关|的,f728df5a8b3f053fa8acfa4803cafa5bbbbfb2423a14eca870b403ac6eb85ec7
d019,OFFLINE_DUMP_REINFER_REALDIST,相,,,14,39,0,STORED,0.693147,0.368421,0.0,0.693147,1.0,0,DEFAULTED_0,-16.693854,KEEP,,,选|生|成,关|的|后,f728df5a8b3f053fa8acfa4803cafa5bbbbfb2423a14eca870b403ac6eb85ec7
d019,OFFLINE_DUMP_REINFER_REALDIST,关,,,15,39,0,STORED,0.693147,0.394737,0.0,0.693147,1.0,0,DEFAULTED_0,-20.474965,KEEP,,,生|成|相,的|后|选,f728df5a8b3f053fa8acfa4803cafa5bbbbfb2423a14eca870b403ac6eb85ec7
d019,OFFLINE_DUMP_REINFER_REALDIST,的,,,16,39,0,STORED,0.693147,0.421053,0.0,0.693147,1.0,0,DEFAULTED_0,-21.477288,KEEP,,,成|相|关,后|选|生,f728df5a8b3f053fa8acfa4803cafa5bbbbfb2423a14eca870b403ac6eb85ec7
d019,OFFLINE_DUMP_REINFER_REALDIST,后,,,17,39,0,STORED,0.693147,0.447368,0.0,0.693147,1.0,0,DEFAULTED_0,-7.851956,KEEP,,,相|关|的,选|生|成,f728df5a8b3f053fa8acfa4803cafa5bbbbfb2423a14eca870b403ac6eb85ec7
d019,OFFLINE_DUMP_REINFER_REALDIST,选,,,18,39,0,STORED,0.693147,0.473684,0.0,0.693147,1.0,0,DEFAULTED_0,-8.040313,KEEP,,,关|的|后,生|成|流,f728df5a8b3f053fa8acfa4803cafa5bbbbfb2423a14eca870b403ac6eb85ec7
d019,OFFLINE_DUMP_REINFER_REALDIST,生,,,19,39,0,STORED,0.693147,0.5,0.0,0.693147,1.0,0,DEFAULTED_0,-12.056471,KEEP,,,的|后|选,成|流|程,f728df5a8b3f053fa8acfa4803cafa5bbbbfb2423a14eca870b403ac6eb85ec7
d019,OFFLINE_DUMP_REINFER_REALDIST,成,,,20,39,0,STORED,0.693147,0.526316,0.0,0.693147,1.0,0,DEFAULTED_0,-15.867601,KEEP,,,后|选|生,流|程|和,f728df5a8b3f053fa8acfa4803cafa5bbbbfb2423a14eca870b403ac6eb85ec7
d019,OFFLINE_DUMP_REINFER_REALDIST,流,,,21,39,0,STORED,0.693147,0.552632,0.0,0.693147,1.0,0,DEFAULTED_0,-14.709624,KEEP,,,选|生|成,程|和|上,f728df5a8b3f053fa8acfa4803cafa5bbbbfb2423a14eca870b403ac6eb85ec7
d019,OFFLINE_DUMP_REINFER_REALDIST,程,,,22,39,0,STORED,0.693147,0.578947,0.0,0.693147,1.0,0,DEFAULTED_0,-15.923338,KEEP,,,生|成|流,和|上|限,f728df5a8b3f053fa8acfa4803cafa5bbbbfb2423a14eca870b403ac6eb85ec7
d019,OFFLINE_DUMP_REINFER_REALDIST,和,,,23,39,0,STORED,0.693147,0.605263,0.0,0.693147,1.0,0,DEFAULTED_0,-16.179666,KEEP,,,成|流|程,上|限|计,f728df5a8b3f053fa8acfa4803cafa5bbbbfb2423a14eca870b403ac6eb85ec7
d019,OFFLINE_DUMP_REINFER_REALDIST,上,,,24,39,0,STORED,0.693147,0.631579,0.0,0.693147,1.0,0,DEFAULTED_0,4.421976,RETRY,,,流|程|和,限|计|划,f728df5a8b3f053fa8acfa4803cafa5bbbbfb2423a14eca870b403ac6eb85ec7
d019,OFFLINE_DUMP_REINFER_REALDIST,限,,,25,39,0,STORED,0.693147,0.657895,0.0,0.693147,1.0,0,DEFAULTED_0,2.314025,RETRY,,,程|和|上,计|划|安,f728df5a8b3f053fa8acfa4803cafa5bbbbfb2423a14eca870b403ac6eb85ec7
d019,OFFLINE_DUMP_REINFER_REALDIST,计,,,26,39,0,STORED,0.693147,0.684211,0.0,0.693147,1.0,0,DEFAULTED_0,0.090882,RETRY,,,和|上|限,划|安|排,f728df5a8b3f053fa8acfa4803cafa5bbbbfb2423a14eca870b403ac6eb85ec7
d019,OFFLINE_DUMP_REINFER_REALDIST,划,,,27,39,0,STORED,0.693147,0.710526,0.0,0.693147,1.0,0,DEFAULTED_0,-3.669683,KEEP,,,上|限|计,安|排|请,f728df5a8b3f053fa8acfa4803cafa5bbbbfb2423a14eca870b403ac6eb85ec7
d019,OFFLINE_DUMP_REINFER_REALDIST,安,,,28,39,0,STORED,0.693147,0.736842,0.0,0.693147,1.0,0,DEFAULTED_0,-17.5026,KEEP,,,限|计|划,排|请|研,f728df5a8b3f053fa8acfa4803cafa5bbbbfb2423a14eca870b403ac6eb85ec7
d019,OFFLINE_DUMP_REINFER_REALDIST,排,,,29,39,0,STORED,0.693147,0.763158,0.0,0.693147,1.0,0,DEFAULTED_0,-14.174946,KEEP,,,计|划|安,请|研|发,f728df5a8b3f053fa8acfa4803cafa5bbbbfb2423a14eca870b403ac6eb85ec7
d019,OFFLINE_DUMP_REINFER_REALDIST,请,,,30,39,0,STORED,0.693147,0.789474,0.0,0.693147,1.0,0,DEFAULTED_0,-17.943379,KEEP,,,划|安|排,研|发|一,f728df5a8b3f053fa8acfa4803cafa5bbbbfb2423a14eca870b403ac6eb85ec7
d019,OFFLINE_DUMP_REINFER_REALDIST,研,,,31,39,0,STORED,0.693147,0.815789,0.0,0.693147,1.0,0,DEFAULTED_0,-14.813857,KEEP,,,安|排|请,发|一|起,f728df5a8b3f053fa8acfa4803cafa5bbbbfb2423a14eca870b403ac6eb85ec7
d019,OFFLINE_DUMP_REINFER_REALDIST,发,,,32,39,0,STORED,0.693147,0.842105,0.0,0.693147,1.0,0,DEFAULTED_0,-17.215696,KEEP,,,排|请|研,一|起|评,f728df5a8b3f053fa8acfa4803cafa5bbbbfb2423a14eca870b403ac6eb85ec7
d019,OFFLINE_DUMP_REINFER_REALDIST,一,,,33,39,0,STORED,0.693147,0.868421,0.0,0.693147,1.0,0,DEFAULTED_0,-9.78054,KEEP,,,请|研|发,起|评|估,f728df5a8b3f053fa8acfa4803cafa5bbbbfb2423a14eca870b403ac6eb85ec7
d019,OFFLINE_DUMP_REINFER_REALDIST,起,,,34,39,0,STORED,0.693147,0.894737,0.0,0.693147,1.0,0,DEFAULTED_0,-14.194341,KEEP,,,研|发|一,评|估|风,f728df5a8b3f053fa8acfa4803cafa5bbbbfb2423a14eca870b403ac6eb85ec7
d019,OFFLINE_DUMP_REINFER_REALDIST,评,,,35,39,0,STORED,0.693147,0.921053,0.0,0.693147,1.0,0,DEFAULTED_0,-7.719522,KEEP,,,发|一|起,估|风|险,f728df5a8b3f053fa8acfa4803cafa5bbbbfb2423a14eca870b403ac6eb85ec7
d019,OFFLINE_DUMP_REINFER_REALDIST,估,,,36,39,0,STORED,0.693147,0.947368,0.0,0.693147,1.0,0,DEFAULTED_0,-15.705365,KEEP,,,一|起|评,风|险,f728df5a8b3f053fa8acfa4803cafa5bbbbfb2423a14eca870b403ac6eb85ec7
d019,OFFLINE_DUMP_REINFER_REALDIST,风,,,37,39,0,STORED,0.693147,0.973684,0.0,0.693147,1.0,0,DEFAULTED_0,-14.157969,KEEP,,,起|评|估,险,f728df5a8b3f053fa8acfa4803cafa5bbbbfb2423a14eca870b403ac6eb85ec7
d019,OFFLINE_DUMP_REINFER_REALDIST,险,,,38,39,0,STORED,0.693147,1.0,0.0,0.693147,1.0,0,DEFAULTED_0,-9.098695,KEEP,,,评|估|风,,f728df5a8b3f053fa8acfa4803cafa5bbbbfb2423a14eca870b403ac6eb85ec7
d019,LIVE_PRIMARY_REINFER_OFFLINE_FEAT_DEFAULTS,今,,,0,39,0,LIVE_TRACE,0.693147,0.0,0.0,0.693147,1.0,0,UNKNOWN_IN_TRACE,-19.671831,KEEP,,,,天|我|们,f728df5a8b3f053fa8acfa4803cafa5bbbbfb2423a14eca870b403ac6eb85ec7
d019,LIVE_PRIMARY_REINFER_OFFLINE_FEAT_DEFAULTS,天,,,1,39,0,LIVE_TRACE,0.693147,0.026316,0.0,0.693147,1.0,0,UNKNOWN_IN_TRACE,-19.078679,KEEP,,,今,我|们|团,f728df5a8b3f053fa8acfa4803cafa5bbbbfb2423a14eca870b403ac6eb85ec7
d019,LIVE_PRIMARY_REINFER_OFFLINE_FEAT_DEFAULTS,我,,,2,39,0,LIVE_TRACE,0.693147,0.052632,0.0,0.693147,1.0,0,UNKNOWN_IN_TRACE,-20.561039,KEEP,,,今|天,们|团|队,f728df5a8b3f053fa8acfa4803cafa5bbbbfb2423a14eca870b403ac6eb85ec7
d019,LIVE_PRIMARY_REINFER_OFFLINE_FEAT_DEFAULTS,们,,,3,39,0,LIVE_TRACE,0.693147,0.078947,0.0,0.693147,1.0,0,UNKNOWN_IN_TRACE,-19.072599,KEEP,,,今|天|我,团|队|对,f728df5a8b3f053fa8acfa4803cafa5bbbbfb2423a14eca870b403ac6eb85ec7
d019,LIVE_PRIMARY_REINFER_OFFLINE_FEAT_DEFAULTS,团,,,4,39,0,LIVE_TRACE,0.693147,0.105263,0.0,0.693147,1.0,0,UNKNOWN_IN_TRACE,-19.658481,KEEP,,,天|我|们,队|对|要,f728df5a8b3f053fa8acfa4803cafa5bbbbfb2423a14eca870b403ac6eb85ec7
d019,LIVE_PRIMARY_REINFER_OFFLINE_FEAT_DEFAULTS,队,,,5,39,0,LIVE_TRACE,0.693147,0.131579,0.0,0.693147,1.0,0,UNKNOWN_IN_TRACE,-19.252281,KEEP,,,我|们|团,对|要|讨,f728df5a8b3f053fa8acfa4803cafa5bbbbfb2423a14eca870b403ac6eb85ec7
d019,LIVE_PRIMARY_REINFER_OFFLINE_FEAT_DEFAULTS,对,,,6,39,0,LIVE_TRACE,0.693147,0.157895,0.0,0.693147,1.0,0,UNKNOWN_IN_TRACE,-18.323457,KEEP,,,们|团|队,要|讨|论,f728df5a8b3f053fa8acfa4803cafa5bbbbfb2423a14eca870b403ac6eb85ec7
d019,LIVE_PRIMARY_REINFER_OFFLINE_FEAT_DEFAULTS,要,,,7,39,0,LIVE_TRACE,0.693147,0.184211,0.0,0.693147,1.0,0,UNKNOWN_IN_TRACE,-19.030076,KEEP,,,团|队|对,讨|论|后,f728df5a8b3f053fa8acfa4803cafa5bbbbfb2423a14eca870b403ac6eb85ec7
d019,LIVE_PRIMARY_REINFER_OFFLINE_FEAT_DEFAULTS,讨,,,8,39,0,LIVE_TRACE,0.693147,0.210526,0.0,0.693147,1.0,0,UNKNOWN_IN_TRACE,-17.36118,KEEP,,,队|对|要,论|后|选,f728df5a8b3f053fa8acfa4803cafa5bbbbfb2423a14eca870b403ac6eb85ec7
d019,LIVE_PRIMARY_REINFER_OFFLINE_FEAT_DEFAULTS,论,,,9,39,0,LIVE_TRACE,0.693147,0.236842,0.0,0.693147,1.0,0,UNKNOWN_IN_TRACE,-18.015765,KEEP,,,对|要|讨,后|选|生,f728df5a8b3f053fa8acfa4803cafa5bbbbfb2423a14eca870b403ac6eb85ec7
d019,LIVE_PRIMARY_REINFER_OFFLINE_FEAT_DEFAULTS,后,,,10,39,0,LIVE_TRACE,0.693147,0.263158,0.0,0.693147,1.0,0,UNKNOWN_IN_TRACE,-10.685077,KEEP,,,要|讨|论,选|生|成,f728df5a8b3f053fa8acfa4803cafa5bbbbfb2423a14eca870b403ac6eb85ec7
d019,LIVE_PRIMARY_REINFER_OFFLINE_FEAT_DEFAULTS,选,,,11,39,0,LIVE_TRACE,0.693147,0.289474,0.0,0.693147,1.0,0,UNKNOWN_IN_TRACE,-8.725795,KEEP,,,讨|论|后,生|成|相,f728df5a8b3f053fa8acfa4803cafa5bbbbfb2423a14eca870b403ac6eb85ec7
d019,LIVE_PRIMARY_REINFER_OFFLINE_FEAT_DEFAULTS,生,,,12,39,0,LIVE_TRACE,0.693147,0.315789,0.0,0.693147,1.0,0,UNKNOWN_IN_TRACE,-10.482937,KEEP,,,论|后|选,成|相|关,f728df5a8b3f053fa8acfa4803cafa5bbbbfb2423a14eca870b403ac6eb85ec7
d019,LIVE_PRIMARY_REINFER_OFFLINE_FEAT_DEFAULTS,成,,,13,39,0,LIVE_TRACE,0.693147,0.342105,0.0,0.693147,1.0,0,UNKNOWN_IN_TRACE,-12.978065,KEEP,,,后|选|生,相|关|的,f728df5a8b3f053fa8acfa4803cafa5bbbbfb2423a14eca870b403ac6eb85ec7
d019,LIVE_PRIMARY_REINFER_OFFLINE_FEAT_DEFAULTS,相,,,14,39,0,LIVE_TRACE,0.693147,0.368421,0.0,0.693147,1.0,0,UNKNOWN_IN_TRACE,-16.693854,KEEP,,,选|生|成,关|的|后,f728df5a8b3f053fa8acfa4803cafa5bbbbfb2423a14eca870b403ac6eb85ec7
d019,LIVE_PRIMARY_REINFER_OFFLINE_FEAT_DEFAULTS,关,,,15,39,0,LIVE_TRACE,0.693147,0.394737,0.0,0.693147,1.0,0,UNKNOWN_IN_TRACE,-20.474965,KEEP,,,生|成|相,的|后|选,f728df5a8b3f053fa8acfa4803cafa5bbbbfb2423a14eca870b403ac6eb85ec7
d019,LIVE_PRIMARY_REINFER_OFFLINE_FEAT_DEFAULTS,的,,,16,39,0,LIVE_TRACE,0.693147,0.421053,0.0,0.693147,1.0,0,UNKNOWN_IN_TRACE,-21.477288,KEEP,,,成|相|关,后|选|生,f728df5a8b3f053fa8acfa4803cafa5bbbbfb2423a14eca870b403ac6eb85ec7
d019,LIVE_PRIMARY_REINFER_OFFLINE_FEAT_DEFAULTS,后,,,17,39,0,LIVE_TRACE,0.693147,0.447368,0.0,0.693147,1.0,0,UNKNOWN_IN_TRACE,-7.851956,KEEP,,,相|关|的,选|生|成,f728df5a8b3f053fa8acfa4803cafa5bbbbfb2423a14eca870b403ac6eb85ec7
d019,LIVE_PRIMARY_REINFER_OFFLINE_FEAT_DEFAULTS,选,,,18,39,0,LIVE_TRACE,0.693147,0.473684,0.0,0.693147,1.0,0,UNKNOWN_IN_TRACE,-8.040313,KEEP,,,关|的|后,生|成|流,f728df5a8b3f053fa8acfa4803cafa5bbbbfb2423a14eca870b403ac6eb85ec7
d019,LIVE_PRIMARY_REINFER_OFFLINE_FEAT_DEFAULTS,生,,,19,39,0,LIVE_TRACE,0.693147,0.5,0.0,0.693147,1.0,0,UNKNOWN_IN_TRACE,-12.056471,KEEP,,,的|后|选,成|流|程,f728df5a8b3f053fa8acfa4803cafa5bbbbfb2423a14eca870b403ac6eb85ec7
d019,LIVE_PRIMARY_REINFER_OFFLINE_FEAT_DEFAULTS,成,,,20,39,0,LIVE_TRACE,0.693147,0.526316,0.0,0.693147,1.0,0,UNKNOWN_IN_TRACE,-15.867601,KEEP,,,后|选|生,流|程|和,f728df5a8b3f053fa8acfa4803cafa5bbbbfb2423a14eca870b403ac6eb85ec7
d019,LIVE_PRIMARY_REINFER_OFFLINE_FEAT_DEFAULTS,流,,,21,39,0,LIVE_TRACE,0.693147,0.552632,0.0,0.693147,1.0,0,UNKNOWN_IN_TRACE,-14.709624,KEEP,,,选|生|成,程|和|上,f728df5a8b3f053fa8acfa4803cafa5bbbbfb2423a14eca870b403ac6eb85ec7
d019,LIVE_PRIMARY_REINFER_OFFLINE_FEAT_DEFAULTS,程,,,22,39,0,LIVE_TRACE,0.693147,0.578947,0.0,0.693147,1.0,0,UNKNOWN_IN_TRACE,-15.923338,KEEP,,,生|成|流,和|上|限,f728df5a8b3f053fa8acfa4803cafa5bbbbfb2423a14eca870b403ac6eb85ec7
d019,LIVE_PRIMARY_REINFER_OFFLINE_FEAT_DEFAULTS,和,,,23,39,0,LIVE_TRACE,0.693147,0.605263,0.0,0.693147,1.0,0,UNKNOWN_IN_TRACE,-16.179666,KEEP,,,成|流|程,上|限|计,f728df5a8b3f053fa8acfa4803cafa5bbbbfb2423a14eca870b403ac6eb85ec7
d019,LIVE_PRIMARY_REINFER_OFFLINE_FEAT_DEFAULTS,上,,,24,39,0,LIVE_TRACE,0.693147,0.631579,0.0,0.693147,1.0,0,UNKNOWN_IN_TRACE,4.421976,RETRY,,,流|程|和,限|计|划,f728df5a8b3f053fa8acfa4803cafa5bbbbfb2423a14eca870b403ac6eb85ec7
d019,LIVE_PRIMARY_REINFER_OFFLINE_FEAT_DEFAULTS,限,,,25,39,0,LIVE_TRACE,0.693147,0.657895,0.0,0.693147,1.0,0,UNKNOWN_IN_TRACE,2.314025,RETRY,,,程|和|上,计|划|安,f728df5a8b3f053fa8acfa4803cafa5bbbbfb2423a14eca870b403ac6eb85ec7
d019,LIVE_PRIMARY_REINFER_OFFLINE_FEAT_DEFAULTS,计,,,26,39,0,LIVE_TRACE,0.693147,0.684211,0.0,0.693147,1.0,0,UNKNOWN_IN_TRACE,0.090882,RETRY,,,和|上|限,划|安|排,f728df5a8b3f053fa8acfa4803cafa5bbbbfb2423a14eca870b403ac6eb85ec7
d019,LIVE_PRIMARY_REINFER_OFFLINE_FEAT_DEFAULTS,划,,,27,39,0,LIVE_TRACE,0.693147,0.710526,0.0,0.693147,1.0,0,UNKNOWN_IN_TRACE,-3.669683,KEEP,,,上|限|计,安|排|请,f728df5a8b3f053fa8acfa4803cafa5bbbbfb2423a14eca870b403ac6eb85ec7
d019,LIVE_PRIMARY_REINFER_OFFLINE_FEAT_DEFAULTS,安,,,28,39,0,LIVE_TRACE,0.693147,0.736842,0.0,0.693147,1.0,0,UNKNOWN_IN_TRACE,-17.5026,KEEP,,,限|计|划,排|请|研,f728df5a8b3f053fa8acfa4803cafa5bbbbfb2423a14eca870b403ac6eb85ec7
d019,LIVE_PRIMARY_REINFER_OFFLINE_FEAT_DEFAULTS,排,,,29,39,0,LIVE_TRACE,0.693147,0.763158,0.0,0.693147,1.0,0,UNKNOWN_IN_TRACE,-14.174946,KEEP,,,计|划|安,请|研|发,f728df5a8b3f053fa8acfa4803cafa5bbbbfb2423a14eca870b403ac6eb85ec7
d019,LIVE_PRIMARY_REINFER_OFFLINE_FEAT_DEFAULTS,请,,,30,39,0,LIVE_TRACE,0.693147,0.789474,0.0,0.693147,1.0,0,UNKNOWN_IN_TRACE,-17.943379,KEEP,,,划|安|排,研|发|一,f728df5a8b3f053fa8acfa4803cafa5bbbbfb2423a14eca870b403ac6eb85ec7
d019,LIVE_PRIMARY_REINFER_OFFLINE_FEAT_DEFAULTS,研,,,31,39,0,LIVE_TRACE,0.693147,0.815789,0.0,0.693147,1.0,0,UNKNOWN_IN_TRACE,-14.813857,KEEP,,,安|排|请,发|一|起,f728df5a8b3f053fa8acfa4803cafa5bbbbfb2423a14eca870b403ac6eb85ec7
d019,LIVE_PRIMARY_REINFER_OFFLINE_FEAT_DEFAULTS,发,,,32,39,0,LIVE_TRACE,0.693147,0.842105,0.0,0.693147,1.0,0,UNKNOWN_IN_TRACE,-17.215696,KEEP,,,排|请|研,一|起|评,f728df5a8b3f053fa8acfa4803cafa5bbbbfb2423a14eca870b403ac6eb85ec7
d019,LIVE_PRIMARY_REINFER_OFFLINE_FEAT_DEFAULTS,一,,,33,39,0,LIVE_TRACE,0.693147,0.868421,0.0,0.693147,1.0,0,UNKNOWN_IN_TRACE,-9.78054,KEEP,,,请|研|发,起|评|估,f728df5a8b3f053fa8acfa4803cafa5bbbbfb2423a14eca870b403ac6eb85ec7
d019,LIVE_PRIMARY_REINFER_OFFLINE_FEAT_DEFAULTS,起,,,34,39,0,LIVE_TRACE,0.693147,0.894737,0.0,0.693147,1.0,0,UNKNOWN_IN_TRACE,-14.194341,KEEP,,,研|发|一,评|估|风,f728df5a8b3f053fa8acfa4803cafa5bbbbfb2423a14eca870b403ac6eb85ec7
d019,LIVE_PRIMARY_REINFER_OFFLINE_FEAT_DEFAULTS,评,,,35,39,0,LIVE_TRACE,0.693147,0.921053,0.0,0.693147,1.0,0,UNKNOWN_IN_TRACE,-7.719522,KEEP,,,发|一|起,估|风|险,f728df5a8b3f053fa8acfa4803cafa5bbbbfb2423a14eca870b403ac6eb85ec7
d019,LIVE_PRIMARY_REINFER_OFFLINE_FEAT_DEFAULTS,估,,,36,39,0,LIVE_TRACE,0.693147,0.947368,0.0,0.693147,1.0,0,UNKNOWN_IN_TRACE,-15.705365,KEEP,,,一|起|评,风|险,f728df5a8b3f053fa8acfa4803cafa5bbbbfb2423a14eca870b403ac6eb85ec7
d019,LIVE_PRIMARY_REINFER_OFFLINE_FEAT_DEFAULTS,风,,,37,39,0,LIVE_TRACE,0.693147,0.973684,0.0,0.693147,1.0,0,UNKNOWN_IN_TRACE,-14.157969,KEEP,,,起|评|估,险,f728df5a8b3f053fa8acfa4803cafa5bbbbfb2423a14eca870b403ac6eb85ec7
d019,LIVE_PRIMARY_REINFER_OFFLINE_FEAT_DEFAULTS,险,,,38,39,0,LIVE_TRACE,0.693147,1.0,0.0,0.693147,1.0,0,UNKNOWN_IN_TRACE,-9.098695,KEEP,,,评|估|风,,f728df5a8b3f053fa8acfa4803cafa5bbbbfb2423a14eca870b403ac6eb85ec7
d019,LIVE_RECORDED,今,,,0,39,0,LIVE_TRACE,0.693147,0.0,UNKNOWN_NOT_IN_TRACE,0.693147,UNKNOWN_NOT_IN_TRACE,,NOT_PERSISTED_IN_DIALOG200_TRACE,,,-15.636539459228516,KEEP,,天|我|们,f728df5a8b3f053fa8acfa4803cafa5bbbbfb2423a14eca870b403ac6eb85ec7
d019,LIVE_RECORDED,天,,,1,39,0,LIVE_TRACE,0.693147,0.026316,UNKNOWN_NOT_IN_TRACE,0.693147,UNKNOWN_NOT_IN_TRACE,,NOT_PERSISTED_IN_DIALOG200_TRACE,,,-15.017606258392334,KEEP,今,我|们|团,f728df5a8b3f053fa8acfa4803cafa5bbbbfb2423a14eca870b403ac6eb85ec7
d019,LIVE_RECORDED,我,,,2,39,0,LIVE_TRACE,0.693147,0.052632,UNKNOWN_NOT_IN_TRACE,0.693147,UNKNOWN_NOT_IN_TRACE,,NOT_PERSISTED_IN_DIALOG200_TRACE,,,-12.769282341003418,KEEP,今|天,们|团|队,f728df5a8b3f053fa8acfa4803cafa5bbbbfb2423a14eca870b403ac6eb85ec7
d019,LIVE_RECORDED,们,,,3,39,0,LIVE_TRACE,0.693147,0.078947,UNKNOWN_NOT_IN_TRACE,0.693147,UNKNOWN_NOT_IN_TRACE,,NOT_PERSISTED_IN_DIALOG200_TRACE,,,-12.669060230255127,KEEP,今|天|我,团|队|对,f728df5a8b3f053fa8acfa4803cafa5bbbbfb2423a14eca870b403ac6eb85ec7
d019,LIVE_RECORDED,团,,,4,39,0,LIVE_TRACE,0.693147,0.105263,UNKNOWN_NOT_IN_TRACE,0.693147,UNKNOWN_NOT_IN_TRACE,,NOT_PERSISTED_IN_DIALOG200_TRACE,,,-12.779424667358398,KEEP,天|我|们,队|对|要,f728df5a8b3f053fa8acfa4803cafa5bbbbfb2423a14eca870b403ac6eb85ec7
d019,LIVE_RECORDED,队,,,5,39,0,LIVE_TRACE,0.693147,0.131579,UNKNOWN_NOT_IN_TRACE,0.693147,UNKNOWN_NOT_IN_TRACE,,NOT_PERSISTED_IN_DIALOG200_TRACE,,,-12.22087812423706,KEEP,我|们|团,对|要|讨,f728df5a8b3f053fa8acfa4803cafa5bbbbfb2423a14eca870b403ac6eb85ec7
d019,LIVE_RECORDED,对,,,6,39,0,LIVE_TRACE,0.693147,0.157895,UNKNOWN_NOT_IN_TRACE,0.693147,UNKNOWN_NOT_IN_TRACE,,NOT_PERSISTED_IN_DIALOG200_TRACE,,,-11.412853240966797,KEEP,们|团|队,要|讨|论,f728df5a8b3f053fa8acfa4803cafa5bbbbfb2423a14eca870b403ac6eb85ec7
d019,LIVE_RECORDED,要,,,7,39,0,LIVE_TRACE,0.693147,0.184211,UNKNOWN_NOT_IN_TRACE,0.693147,UNKNOWN_NOT_IN_TRACE,,NOT_PERSISTED_IN_DIALOG200_TRACE,,,-16.243207454681396,KEEP,团|队|对,讨|论|后,f728df5a8b3f053fa8acfa4803cafa5bbbbfb2423a14eca870b403ac6eb85ec7
d019,LIVE_RECORDED,讨,,,8,39,0,LIVE_TRACE,0.693147,0.210526,UNKNOWN_NOT_IN_TRACE,0.693147,UNKNOWN_NOT_IN_TRACE,,NOT_PERSISTED_IN_DIALOG200_TRACE,,,-12.327200889587402,KEEP,队|对|要,论|后|选,f728df5a8b3f053fa8acfa4803cafa5bbbbfb2423a14eca870b403ac6eb85ec7
d019,LIVE_RECORDED,论,,,9,39,0,LIVE_TRACE,0.693147,0.236842,UNKNOWN_NOT_IN_TRACE,0.693147,UNKNOWN_NOT_IN_TRACE,,NOT_PERSISTED_IN_DIALOG200_TRACE,,,-10.702499866485596,KEEP,对|要|讨,后|选|生,f728df5a8b3f053fa8acfa4803cafa5bbbbfb2423a14eca870b403ac6eb85ec7
d019,LIVE_RECORDED,后,,,10,39,0,LIVE_TRACE,0.693147,0.263158,UNKNOWN_NOT_IN_TRACE,0.693147,UNKNOWN_NOT_IN_TRACE,,NOT_PERSISTED_IN_DIALOG200_TRACE,,,-14.89135456085205,KEEP,要|讨|论,选|生|成,f728df5a8b3f053fa8acfa4803cafa5bbbbfb2423a14eca870b403ac6eb85ec7
d019,LIVE_RECORDED,选,,,11,39,0,LIVE_TRACE,0.693147,0.289474,UNKNOWN_NOT_IN_TRACE,0.693147,UNKNOWN_NOT_IN_TRACE,,NOT_PERSISTED_IN_DIALOG200_TRACE,,,-15.756158351898193,KEEP,讨|论|后,生|成|相,f728df5a8b3f053fa8acfa4803cafa5bbbbfb2423a14eca870b403ac6eb85ec7
d019,LIVE_RECORDED,生,,,12,39,0,LIVE_TRACE,0.693147,0.315789,UNKNOWN_NOT_IN_TRACE,0.693147,UNKNOWN_NOT_IN_TRACE,,NOT_PERSISTED_IN_DIALOG200_TRACE,,,-11.674441814422607,KEEP,论|后|选,成|相|关,f728df5a8b3f053fa8acfa4803cafa5bbbbfb2423a14eca870b403ac6eb85ec7
d019,LIVE_RECORDED,成,,,13,39,0,LIVE_TRACE,0.693147,0.342105,UNKNOWN_NOT_IN_TRACE,0.693147,UNKNOWN_NOT_IN_TRACE,,NOT_PERSISTED_IN_DIALOG200_TRACE,,,-16.009899139404297,KEEP,后|选|生,相|关|的,f728df5a8b3f053fa8acfa4803cafa5bbbbfb2423a14eca870b403ac6eb85ec7
d019,LIVE_RECORDED,相,,,14,39,0,LIVE_TRACE,0.693147,0.368421,UNKNOWN_NOT_IN_TRACE,0.693147,UNKNOWN_NOT_IN_TRACE,,NOT_PERSISTED_IN_DIALOG200_TRACE,,,-10.447907447814941,KEEP,选|生|成,关|的|后,f728df5a8b3f053fa8acfa4803cafa5bbbbfb2423a14eca870b403ac6eb85ec7
d019,LIVE_RECORDED,关,,,15,39,0,LIVE_TRACE,0.693147,0.394737,UNKNOWN_NOT_IN_TRACE,0.693147,UNKNOWN_NOT_IN_TRACE,,NOT_PERSISTED_IN_DIALOG200_TRACE,,,-14.318764209747314,KEEP,生|成|相,的|后|选,f728df5a8b3f053fa8acfa4803cafa5bbbbfb2423a14eca870b403ac6eb85ec7
d019,LIVE_RECORDED,的,,,16,39,0,LIVE_TRACE,0.693147,0.421053,UNKNOWN_NOT_IN_TRACE,0.693147,UNKNOWN_NOT_IN_TRACE,,NOT_PERSISTED_IN_DIALOG200_TRACE,,,-14.523476123809814,KEEP,成|相|关,后|选|生,f728df5a8b3f053fa8acfa4803cafa5bbbbfb2423a14eca870b403ac6eb85ec7
d019,LIVE_RECORDED,后,,,17,39,0,LIVE_TRACE,0.693147,0.447368,UNKNOWN_NOT_IN_TRACE,0.693147,UNKNOWN_NOT_IN_TRACE,,NOT_PERSISTED_IN_DIALOG200_TRACE,,,-15.213339805603027,KEEP,相|关|的,选|生|成,f728df5a8b3f053fa8acfa4803cafa5bbbbfb2423a14eca870b403ac6eb85ec7
d019,LIVE_RECORDED,选,,,18,39,0,LIVE_TRACE,0.693147,0.473684,UNKNOWN_NOT_IN_TRACE,0.693147,UNKNOWN_NOT_IN_TRACE,,NOT_PERSISTED_IN_DIALOG200_TRACE,,,-15.739842414855957,KEEP,关|的|后,生|成|流,f728df5a8b3f053fa8acfa4803cafa5bbbbfb2423a14eca870b403ac6eb85ec7
d019,LIVE_RECORDED,生,,,19,39,0,LIVE_TRACE,0.693147,0.5,UNKNOWN_NOT_IN_TRACE,0.693147,UNKNOWN_NOT_IN_TRACE,,NOT_PERSISTED_IN_DIALOG200_TRACE,,,-11.127384185791016,KEEP,的|后|选,成|流|程,f728df5a8b3f053fa8acfa4803cafa5bbbbfb2423a14eca870b403ac6eb85ec7
d019,LIVE_RECORDED,成,,,20,39,0,LIVE_TRACE,0.693147,0.526316,UNKNOWN_NOT_IN_TRACE,0.693147,UNKNOWN_NOT_IN_TRACE,,NOT_PERSISTED_IN_DIALOG200_TRACE,,,-15.570781230926514,KEEP,后|选|生,流|程|和,f728df5a8b3f053fa8acfa4803cafa5bbbbfb2423a14eca870b403ac6eb85ec7
d019,LIVE_RECORDED,流,,,21,39,0,LIVE_TRACE,0.693147,0.552632,UNKNOWN_NOT_IN_TRACE,0.693147,UNKNOWN_NOT_IN_TRACE,,NOT_PERSISTED_IN_DIALOG200_TRACE,,,-16.51093101501465,KEEP,选|生|成,程|和|上,f728df5a8b3f053fa8acfa4803cafa5bbbbfb2423a14eca870b403ac6eb85ec7
d019,LIVE_RECORDED,程,,,22,39,0,LIVE_TRACE,0.693147,0.578947,UNKNOWN_NOT_IN_TRACE,0.693147,UNKNOWN_NOT_IN_TRACE,,NOT_PERSISTED_IN_DIALOG200_TRACE,,,-12.674251079559326,KEEP,生|成|流,和|上|限,f728df5a8b3f053fa8acfa4803cafa5bbbbfb2423a14eca870b403ac6eb85ec7
d019,LIVE_RECORDED,和,,,23,39,0,LIVE_TRACE,0.693147,0.605263,UNKNOWN_NOT_IN_TRACE,0.693147,UNKNOWN_NOT_IN_TRACE,,NOT_PERSISTED_IN_DIALOG200_TRACE,,,-11.288634777069092,KEEP,成|流|程,上|限|计,f728df5a8b3f053fa8acfa4803cafa5bbbbfb2423a14eca870b403ac6eb85ec7
d019,LIVE_RECORDED,上,,,24,39,0,LIVE_TRACE,0.693147,0.631579,UNKNOWN_NOT_IN_TRACE,0.693147,UNKNOWN_NOT_IN_TRACE,,NOT_PERSISTED_IN_DIALOG200_TRACE,,,-15.392826557159424,KEEP,流|程|和,限|计|划,f728df5a8b3f053fa8acfa4803cafa5bbbbfb2423a14eca870b403ac6eb85ec7
d019,LIVE_RECORDED,限,,,25,39,0,LIVE_TRACE,0.693147,0.657895,UNKNOWN_NOT_IN_TRACE,0.693147,UNKNOWN_NOT_IN_TRACE,,NOT_PERSISTED_IN_DIALOG200_TRACE,,,-16.460848808288574,KEEP,程|和|上,计|划|安,f728df5a8b3f053fa8acfa4803cafa5bbbbfb2423a14eca870b403ac6eb85ec7
d019,LIVE_RECORDED,计,,,26,39,0,LIVE_TRACE,0.693147,0.684211,UNKNOWN_NOT_IN_TRACE,0.693147,UNKNOWN_NOT_IN_TRACE,,NOT_PERSISTED_IN_DIALOG200_TRACE,,,-13.671578407287598,KEEP,和|上|限,划|安|排,f728df5a8b3f053fa8acfa4803cafa5bbbbfb2423a14eca870b403ac6eb85ec7
d019,LIVE_RECORDED,划,,,27,39,0,LIVE_TRACE,0.693147,0.710526,UNKNOWN_NOT_IN_TRACE,0.693147,UNKNOWN_NOT_IN_TRACE,,NOT_PERSISTED_IN_DIALOG200_TRACE,,,-12.259594917297363,KEEP,上|限|计,安|排|请,f728df5a8b3f053fa8acfa4803cafa5bbbbfb2423a14eca870b403ac6eb85ec7
d019,LIVE_RECORDED,安,,,28,39,0,LIVE_TRACE,0.693147,0.736842,UNKNOWN_NOT_IN_TRACE,0.693147,UNKNOWN_NOT_IN_TRACE,,NOT_PERSISTED_IN_DIALOG200_TRACE,,,-10.243848323822021,KEEP,限|计|划,排|请|研,f728df5a8b3f053fa8acfa4803cafa5bbbbfb2423a14eca870b403ac6eb85ec7
d019,LIVE_RECORDED,排,,,29,39,0,LIVE_TRACE,0.693147,0.763158,UNKNOWN_NOT_IN_TRACE,0.693147,UNKNOWN_NOT_IN_TRACE,,NOT_PERSISTED_IN_DIALOG200_TRACE,,,-14.575952529907227,KEEP,计|划|安,请|研|发,f728df5a8b3f053fa8acfa4803cafa5bbbbfb2423a14eca870b403ac6eb85ec7
d019,LIVE_RECORDED,请,,,30,39,0,LIVE_TRACE,0.693147,0.789474,UNKNOWN_NOT_IN_TRACE,0.693147,UNKNOWN_NOT_IN_TRACE,,NOT_PERSISTED_IN_DIALOG200_TRACE,,,-14.953140258789062,KEEP,划|安|排,研|发|一,f728df5a8b3f053fa8acfa4803cafa5bbbbfb2423a14eca870b403ac6eb85ec7
d019,LIVE_RECORDED,研,,,31,39,0,LIVE_TRACE,0.693147,0.815789,UNKNOWN_NOT_IN_TRACE,0.693147,UNKNOWN_NOT_IN_TRACE,,NOT_PERSISTED_IN_DIALOG200_TRACE,,,-10.628868103027344,KEEP,安|排|请,发|一|起,f728df5a8b3f053fa8acfa4803cafa5bbbbfb2423a14eca870b403ac6eb85ec7
d019,LIVE_RECORDED,发,,,32,39,0,LIVE_TRACE,0.693147,0.842105,UNKNOWN_NOT_IN_TRACE,0.693147,UNKNOWN_NOT_IN_TRACE,,NOT_PERSISTED_IN_DIALOG200_TRACE,,,-14.744495868682861,KEEP,排|请|研,一|起|评,f728df5a8b3f053fa8acfa4803cafa5bbbbfb2423a14eca870b403ac6eb85ec7
d019,LIVE_RECORDED,一,,,33,39,0,LIVE_TRACE,0.693147,0.868421,UNKNOWN_NOT_IN_TRACE,0.693147,UNKNOWN_NOT_IN_TRACE,,NOT_PERSISTED_IN_DIALOG200_TRACE,,,-10.808600902557373,KEEP,请|研|发,起|评|估,f728df5a8b3f053fa8acfa4803cafa5bbbbfb2423a14eca870b403ac6eb85ec7
d019,LIVE_RECORDED,起,,,34,39,0,LIVE_TRACE,0.693147,0.894737,UNKNOWN_NOT_IN_TRACE,0.693147,UNKNOWN_NOT_IN_TRACE,,NOT_PERSISTED_IN_DIALOG200_TRACE,,,-15.141263484954834,KEEP,研|发|一,评|估|风,f728df5a8b3f053fa8acfa4803cafa5bbbbfb2423a14eca870b403ac6eb85ec7
d019,LIVE_RECORDED,评,,,35,39,0,LIVE_TRACE,0.693147,0.921053,UNKNOWN_NOT_IN_TRACE,0.693147,UNKNOWN_NOT_IN_TRACE,,NOT_PERSISTED_IN_DIALOG200_TRACE,,,-11.912878513336182,KEEP,发|一|起,估|风|险,f728df5a8b3f053fa8acfa4803cafa5bbbbfb2423a14eca870b403ac6eb85ec7
d019,LIVE_RECORDED,估,,,36,39,0,LIVE_TRACE,0.693147,0.947368,UNKNOWN_NOT_IN_TRACE,0.693147,UNKNOWN_NOT_IN_TRACE,,NOT_PERSISTED_IN_DIALOG200_TRACE,,,-12.631518840789795,KEEP,一|起|评,风|险,f728df5a8b3f053fa8acfa4803cafa5bbbbfb2423a14eca870b403ac6eb85ec7
d019,LIVE_RECORDED,风,,,37,39,0,LIVE_TRACE,0.693147,0.973684,UNKNOWN_NOT_IN_TRACE,0.693147,UNKNOWN_NOT_IN_TRACE,,NOT_PERSISTED_IN_DIALOG200_TRACE,,,-13.97539234161377,KEEP,起|评|估,险,f728df5a8b3f053fa8acfa4803cafa5bbbbfb2423a14eca870b403ac6eb85ec7
d019,LIVE_RECORDED,险,,,38,39,0,LIVE_TRACE,0.693147,1.0,UNKNOWN_NOT_IN_TRACE,0.693147,UNKNOWN_NOT_IN_TRACE,,NOT_PERSISTED_IN_DIALOG200_TRACE,,,-16.863837242126465,KEEP,评|估|风,,f728df5a8b3f053fa8acfa4803cafa5bbbbfb2423a14eca870b403ac6eb85ec7
d160,OFFLINE_DUMP_REINFER_REALDIST,请,,,0,31,0,STORED,0.693147,0.0,0.0,0.693147,1.0,0,DEFAULTED_0,-21.523601,KEEP,,,,简|单|介,e38741d94eb09dec4940720950cc863f5bccd09269e342f7b4d2fb5e4c332796
d160,OFFLINE_DUMP_REINFER_REALDIST,简,,,1,31,0,STORED,0.693147,0.033333,0.0,0.693147,1.0,0,DEFAULTED_0,-10.364283,KEEP,,,请,单|介|绍,e38741d94eb09dec4940720950cc863f5bccd09269e342f7b4d2fb5e4c332796
d160,OFFLINE_DUMP_REINFER_REALDIST,单,,,2,31,0,STORED,0.693147,0.066667,0.0,0.693147,1.0,0,DEFAULTED_0,-18.273967,KEEP,,,请|简,介|绍|一,e38741d94eb09dec4940720950cc863f5bccd09269e342f7b4d2fb5e4c332796
d160,OFFLINE_DUMP_REINFER_REALDIST,介,,,3,31,0,STORED,0.693147,0.1,0.0,0.693147,1.0,0,DEFAULTED_0,-14.753013,KEEP,,,请|简|单,绍|一|下,e38741d94eb09dec4940720950cc863f5bccd09269e342f7b4d2fb5e4c332796
d160,OFFLINE_DUMP_REINFER_REALDIST,绍,,,4,31,0,STORED,0.693147,0.133333,0.0,0.693147,1.0,0,DEFAULTED_0,-17.721785,KEEP,,,简|单|介,一|下|你,e38741d94eb09dec4940720950cc863f5bccd09269e342f7b4d2fb5e4c332796
d160,OFFLINE_DUMP_REINFER_REALDIST,一,,,5,31,0,STORED,0.693147,0.166667,0.0,0.693147,1.0,0,DEFAULTED_0,-19.365036,KEEP,,,单|介|绍,下|你|上,e38741d94eb09dec4940720950cc863f5bccd09269e342f7b4d2fb5e4c332796
d160,OFFLINE_DUMP_REINFER_REALDIST,下,,,6,31,0,STORED,0.693147,0.2,0.0,0.693147,1.0,0,DEFAULTED_0,-19.404902,KEEP,,,介|绍|一,你|上|一,e38741d94eb09dec4940720950cc863f5bccd09269e342f7b4d2fb5e4c332796
d160,OFFLINE_DUMP_REINFER_REALDIST,你,,,7,31,0,STORED,0.693147,0.233333,0.0,0.693147,1.0,0,DEFAULTED_0,-20.7749,KEEP,,,绍|一|下,上|一|段,e38741d94eb09dec4940720950cc863f5bccd09269e342f7b4d2fb5e4c332796
d160,OFFLINE_DUMP_REINFER_REALDIST,上,,,8,31,0,STORED,0.693147,0.266667,0.0,0.693147,1.0,0,DEFAULTED_0,-18.531157,KEEP,,,一|下|你,一|段|视,e38741d94eb09dec4940720950cc863f5bccd09269e342f7b4d2fb5e4c332796
d160,OFFLINE_DUMP_REINFER_REALDIST,一,,,9,31,0,STORED,0.693147,0.3,0.0,0.693147,1.0,0,DEFAULTED_0,-20.210032,KEEP,,,下|你|上,段|视|频,e38741d94eb09dec4940720950cc863f5bccd09269e342f7b4d2fb5e4c332796
d160,OFFLINE_DUMP_REINFER_REALDIST,段,,,10,31,0,STORED,0.693147,0.333333,0.0,0.693147,1.0,0,DEFAULTED_0,-20.84116,KEEP,,,你|上|一,视|频|的,e38741d94eb09dec4940720950cc863f5bccd09269e342f7b4d2fb5e4c332796
d160,OFFLINE_DUMP_REINFER_REALDIST,视,,,11,31,0,STORED,0.693147,0.366667,0.0,0.693147,1.0,0,DEFAULTED_0,-15.678778,KEEP,,,上|一|段,频|的|时,e38741d94eb09dec4940720950cc863f5bccd09269e342f7b4d2fb5e4c332796
d160,OFFLINE_DUMP_REINFER_REALDIST,频,,,12,31,0,STORED,0.693147,0.4,0.0,0.693147,1.0,0,DEFAULTED_0,-19.666878,KEEP,,,一|段|视,的|时|候,e38741d94eb09dec4940720950cc863f5bccd09269e342f7b4d2fb5e4c332796
d160,OFFLINE_DUMP_REINFER_REALDIST,的,,,13,31,0,STORED,0.693147,0.433333,0.0,0.693147,1.0,0,DEFAULTED_0,-20.795149,KEEP,,,段|视|频,时|候|顺,e38741d94eb09dec4940720950cc863f5bccd09269e342f7b4d2fb5e4c332796
d160,OFFLINE_DUMP_REINFER_REALDIST,时,,,14,31,0,STORED,0.693147,0.466667,0.0,0.693147,1.0,0,DEFAULTED_0,-19.791777,KEEP,,,视|频|的,候|顺|便,e38741d94eb09dec4940720950cc863f5bccd09269e342f7b4d2fb5e4c332796
d160,OFFLINE_DUMP_REINFER_REALDIST,候,,,15,31,0,STORED,0.693147,0.5,0.0,0.693147,1.0,0,DEFAULTED_0,-17.540787,KEEP,,,频|的|时,顺|便|向,e38741d94eb09dec4940720950cc863f5bccd09269e342f7b4d2fb5e4c332796
d160,OFFLINE_DUMP_REINFER_REALDIST,顺,,,16,31,0,STORED,0.693147,0.533333,0.0,0.693147,1.0,0,DEFAULTED_0,3.263761,RETRY,,,的|时|候,便|向|木,e38741d94eb09dec4940720950cc863f5bccd09269e342f7b4d2fb5e4c332796
d160,OFFLINE_DUMP_REINFER_REALDIST,便,,,17,31,0,STORED,0.693147,0.566667,0.0,0.693147,1.0,0,DEFAULTED_0,-0.861368,KEEP,,,时|候|顺,向|木|李,e38741d94eb09dec4940720950cc863f5bccd09269e342f7b4d2fb5e4c332796
d160,OFFLINE_DUMP_REINFER_REALDIST,向,,,18,31,0,STORED,0.693147,0.6,0.0,0.693147,1.0,0,DEFAULTED_0,1.865742,RETRY,,,候|顺|便,木|李|负,e38741d94eb09dec4940720950cc863f5bccd09269e342f7b4d2fb5e4c332796
d160,OFFLINE_DUMP_REINFER_REALDIST,木,,,19,31,0,STORED,0.693147,0.633333,0.0,0.693147,1.0,0,DEFAULTED_0,1.500646,RETRY,,,顺|便|向,李|负|责,e38741d94eb09dec4940720950cc863f5bccd09269e342f7b4d2fb5e4c332796
d160,OFFLINE_DUMP_REINFER_REALDIST,李,,,20,31,0,STORED,0.693147,0.666667,0.0,0.693147,1.0,0,DEFAULTED_0,-3.031031,KEEP,,,便|向|木,负|责|的,e38741d94eb09dec4940720950cc863f5bccd09269e342f7b4d2fb5e4c332796
d160,OFFLINE_DUMP_REINFER_REALDIST,负,,,21,31,0,STORED,0.693147,0.7,0.0,0.693147,1.0,0,DEFAULTED_0,-15.998326,KEEP,,,向|木|李,责|的|核,e38741d94eb09dec4940720950cc863f5bccd09269e342f7b4d2fb5e4c332796
d160,OFFLINE_DUMP_REINFER_REALDIST,责,,,22,31,0,STORED,0.693147,0.733333,0.0,0.693147,1.0,0,DEFAULTED_0,-12.834419,KEEP,,,木|李|负,的|核|心,e38741d94eb09dec4940720950cc863f5bccd09269e342f7b4d2fb5e4c332796
d160,OFFLINE_DUMP_REINFER_REALDIST,的,,,23,31,0,STORED,0.693147,0.766667,0.0,0.693147,1.0,0,DEFAULTED_0,-16.15145,KEEP,,,李|负|责,核|心|模,e38741d94eb09dec4940720950cc863f5bccd09269e342f7b4d2fb5e4c332796
d160,OFFLINE_DUMP_REINFER_REALDIST,核,,,24,31,0,STORED,0.693147,0.8,0.0,0.693147,1.0,0,DEFAULTED_0,-11.81968,KEEP,,,负|责|的,心|模|块,e38741d94eb09dec4940720950cc863f5bccd09269e342f7b4d2fb5e4c332796
d160,OFFLINE_DUMP_REINFER_REALDIST,心,,,25,31,0,STORED,0.693147,0.833333,0.0,0.693147,1.0,0,DEFAULTED_0,-14.490028,KEEP,,,责|的|核,模|块|和,e38741d94eb09dec4940720950cc863f5bccd09269e342f7b4d2fb5e4c332796
d160,OFFLINE_DUMP_REINFER_REALDIST,模,,,26,31,0,STORED,0.693147,0.866667,0.0,0.693147,1.0,0,DEFAULTED_0,-15.94681,KEEP,,,的|核|心,块|和|难,e38741d94eb09dec4940720950cc863f5bccd09269e342f7b4d2fb5e4c332796
d160,OFFLINE_DUMP_REINFER_REALDIST,块,,,27,31,0,STORED,0.693147,0.9,0.0,0.693147,1.0,0,DEFAULTED_0,-10.75364,KEEP,,,核|心|模,和|难|点,e38741d94eb09dec4940720950cc863f5bccd09269e342f7b4d2fb5e4c332796
d160,OFFLINE_DUMP_REINFER_REALDIST,和,,,28,31,0,STORED,0.693147,0.933333,0.0,0.693147,1.0,0,DEFAULTED_0,-14.173188,KEEP,,,心|模|块,难|点,e38741d94eb09dec4940720950cc863f5bccd09269e342f7b4d2fb5e4c332796
d160,OFFLINE_DUMP_REINFER_REALDIST,难,,,29,31,0,STORED,0.693147,0.966667,0.0,0.693147,1.0,0,DEFAULTED_0,-14.811175,KEEP,,,模|块|和,点,e38741d94eb09dec4940720950cc863f5bccd09269e342f7b4d2fb5e4c332796
d160,OFFLINE_DUMP_REINFER_REALDIST,点,,,30,31,0,STORED,0.693147,1.0,0.0,0.693147,1.0,0,DEFAULTED_0,-15.689241,KEEP,,,块|和|难,,e38741d94eb09dec4940720950cc863f5bccd09269e342f7b4d2fb5e4c332796
d160,LIVE_PRIMARY_REINFER_OFFLINE_FEAT_DEFAULTS,请,,,0,26,0,LIVE_TRACE,0.693147,0.0,0.0,0.693147,1.0,0,UNKNOWN_IN_TRACE,-22.246255,KEEP,,,,简|单|介,fc4b76954a70e7574e4da13964a086a5de3039fdc1033daec8026181581e20af
d160,LIVE_PRIMARY_REINFER_OFFLINE_FEAT_DEFAULTS,简,,,1,26,0,LIVE_TRACE,0.693147,0.04,0.0,0.693147,1.0,0,UNKNOWN_IN_TRACE,-12.120606,KEEP,,,请,单|介|绍,fc4b76954a70e7574e4da13964a086a5de3039fdc1033daec8026181581e20af
d160,LIVE_PRIMARY_REINFER_OFFLINE_FEAT_DEFAULTS,单,,,2,26,0,LIVE_TRACE,0.693147,0.08,0.0,0.693147,1.0,0,UNKNOWN_IN_TRACE,-19.492826,KEEP,,,请|简,介|绍|一,fc4b76954a70e7574e4da13964a086a5de3039fdc1033daec8026181581e20af
d160,LIVE_PRIMARY_REINFER_OFFLINE_FEAT_DEFAULTS,介,,,3,26,0,LIVE_TRACE,0.693147,0.12,0.0,0.693147,1.0,0,UNKNOWN_IN_TRACE,-16.298203,KEEP,,,请|简|单,绍|一|下,fc4b76954a70e7574e4da13964a086a5de3039fdc1033daec8026181581e20af
d160,LIVE_PRIMARY_REINFER_OFFLINE_FEAT_DEFAULTS,绍,,,4,26,0,LIVE_TRACE,0.693147,0.16,0.0,0.693147,1.0,0,UNKNOWN_IN_TRACE,-18.797421,KEEP,,,简|单|介,一|下|你,fc4b76954a70e7574e4da13964a086a5de3039fdc1033daec8026181581e20af
d160,LIVE_PRIMARY_REINFER_OFFLINE_FEAT_DEFAULTS,一,,,5,26,0,LIVE_TRACE,0.693147,0.2,0.0,0.693147,1.0,0,UNKNOWN_IN_TRACE,-20.381891,KEEP,,,单|介|绍,下|你|上,fc4b76954a70e7574e4da13964a086a5de3039fdc1033daec8026181581e20af
d160,LIVE_PRIMARY_REINFER_OFFLINE_FEAT_DEFAULTS,下,,,6,26,0,LIVE_TRACE,0.693147,0.24,0.0,0.693147,1.0,0,UNKNOWN_IN_TRACE,-20.579666,KEEP,,,介|绍|一,你|上|一,fc4b76954a70e7574e4da13964a086a5de3039fdc1033daec8026181581e20af
d160,LIVE_PRIMARY_REINFER_OFFLINE_FEAT_DEFAULTS,你,,,7,26,0,LIVE_TRACE,0.693147,0.28,0.0,0.693147,1.0,0,UNKNOWN_IN_TRACE,-21.627316,KEEP,,,绍|一|下,上|一|段,fc4b76954a70e7574e4da13964a086a5de3039fdc1033daec8026181581e20af
d160,LIVE_PRIMARY_REINFER_OFFLINE_FEAT_DEFAULTS,上,,,8,26,0,LIVE_TRACE,0.693147,0.32,0.0,0.693147,1.0,0,UNKNOWN_IN_TRACE,-19.315786,KEEP,,,一|下|你,一|段|顺,fc4b76954a70e7574e4da13964a086a5de3039fdc1033daec8026181581e20af
d160,LIVE_PRIMARY_REINFER_OFFLINE_FEAT_DEFAULTS,一,,,9,26,0,LIVE_TRACE,0.693147,0.36,0.0,0.693147,1.0,0,UNKNOWN_IN_TRACE,-20.694895,KEEP,,,下|你|上,段|顺|便,fc4b76954a70e7574e4da13964a086a5de3039fdc1033daec8026181581e20af
d160,LIVE_PRIMARY_REINFER_OFFLINE_FEAT_DEFAULTS,段,,,10,26,0,LIVE_TRACE,0.693147,0.4,0.0,0.693147,1.0,0,UNKNOWN_IN_TRACE,-18.79724,KEEP,,,你|上|一,顺|便|向,fc4b76954a70e7574e4da13964a086a5de3039fdc1033daec8026181581e20af
d160,LIVE_PRIMARY_REINFER_OFFLINE_FEAT_DEFAULTS,顺,,,11,26,0,LIVE_TRACE,0.693147,0.44,0.0,0.693147,1.0,0,UNKNOWN_IN_TRACE,3.267731,RETRY,,,上|一|段,便|向|木,fc4b76954a70e7574e4da13964a086a5de3039fdc1033daec8026181581e20af
d160,LIVE_PRIMARY_REINFER_OFFLINE_FEAT_DEFAULTS,便,,,12,26,0,LIVE_TRACE,0.693147,0.48,0.0,0.693147,1.0,0,UNKNOWN_IN_TRACE,0.844086,RETRY,,,一|段|顺,向|木|李,fc4b76954a70e7574e4da13964a086a5de3039fdc1033daec8026181581e20af
d160,LIVE_PRIMARY_REINFER_OFFLINE_FEAT_DEFAULTS,向,,,13,26,0,LIVE_TRACE,0.693147,0.52,0.0,0.693147,1.0,0,UNKNOWN_IN_TRACE,1.670118,RETRY,,,段|顺|便,木|李|负,fc4b76954a70e7574e4da13964a086a5de3039fdc1033daec8026181581e20af
d160,LIVE_PRIMARY_REINFER_OFFLINE_FEAT_DEFAULTS,木,,,14,26,0,LIVE_TRACE,0.693147,0.56,0.0,0.693147,1.0,0,UNKNOWN_IN_TRACE,1.706473,RETRY,,,顺|便|向,李|负|责,fc4b76954a70e7574e4da13964a086a5de3039fdc1033daec8026181581e20af
d160,LIVE_PRIMARY_REINFER_OFFLINE_FEAT_DEFAULTS,李,,,15,26,0,LIVE_TRACE,0.693147,0.6,0.0,0.693147,1.0,0,UNKNOWN_IN_TRACE,-2.8907,KEEP,,,便|向|木,负|责|的,fc4b76954a70e7574e4da13964a086a5de3039fdc1033daec8026181581e20af
d160,LIVE_PRIMARY_REINFER_OFFLINE_FEAT_DEFAULTS,负,,,16,26,0,LIVE_TRACE,0.693147,0.64,0.0,0.693147,1.0,0,UNKNOWN_IN_TRACE,-16.029013,KEEP,,,向|木|李,责|的|核,fc4b76954a70e7574e4da13964a086a5de3039fdc1033daec8026181581e20af
d160,LIVE_PRIMARY_REINFER_OFFLINE_FEAT_DEFAULTS,责,,,17,26,0,LIVE_TRACE,0.693147,0.68,0.0,0.693147,1.0,0,UNKNOWN_IN_TRACE,-13.069974,KEEP,,,木|李|负,的|核|心,fc4b76954a70e7574e4da13964a086a5de3039fdc1033daec8026181581e20af
d160,LIVE_PRIMARY_REINFER_OFFLINE_FEAT_DEFAULTS,的,,,18,26,0,LIVE_TRACE,0.693147,0.72,0.0,0.693147,1.0,0,UNKNOWN_IN_TRACE,-16.388366,KEEP,,,李|负|责,核|心|模,fc4b76954a70e7574e4da13964a086a5de3039fdc1033daec8026181581e20af
d160,LIVE_PRIMARY_REINFER_OFFLINE_FEAT_DEFAULTS,核,,,19,26,0,LIVE_TRACE,0.693147,0.76,0.0,0.693147,1.0,0,UNKNOWN_IN_TRACE,-11.857132,KEEP,,,负|责|的,心|模|块,fc4b76954a70e7574e4da13964a086a5de3039fdc1033daec8026181581e20af
d160,LIVE_PRIMARY_REINFER_OFFLINE_FEAT_DEFAULTS,心,,,20,26,0,LIVE_TRACE,0.693147,0.8,0.0,0.693147,1.0,0,UNKNOWN_IN_TRACE,-14.558578,KEEP,,,责|的|核,模|块|和,fc4b76954a70e7574e4da13964a086a5de3039fdc1033daec8026181581e20af
d160,LIVE_PRIMARY_REINFER_OFFLINE_FEAT_DEFAULTS,模,,,21,26,0,LIVE_TRACE,0.693147,0.84,0.0,0.693147,1.0,0,UNKNOWN_IN_TRACE,-16.056943,KEEP,,,的|核|心,块|和|难,fc4b76954a70e7574e4da13964a086a5de3039fdc1033daec8026181581e20af
d160,LIVE_PRIMARY_REINFER_OFFLINE_FEAT_DEFAULTS,块,,,22,26,0,LIVE_TRACE,0.693147,0.88,0.0,0.693147,1.0,0,UNKNOWN_IN_TRACE,-10.826964,KEEP,,,核|心|模,和|难|点,fc4b76954a70e7574e4da13964a086a5de3039fdc1033daec8026181581e20af
d160,LIVE_PRIMARY_REINFER_OFFLINE_FEAT_DEFAULTS,和,,,23,26,0,LIVE_TRACE,0.693147,0.92,0.0,0.693147,1.0,0,UNKNOWN_IN_TRACE,-14.159369,KEEP,,,心|模|块,难|点,fc4b76954a70e7574e4da13964a086a5de3039fdc1033daec8026181581e20af
d160,LIVE_PRIMARY_REINFER_OFFLINE_FEAT_DEFAULTS,难,,,24,26,0,LIVE_TRACE,0.693147,0.96,0.0,0.693147,1.0,0,UNKNOWN_IN_TRACE,-14.926033,KEEP,,,模|块|和,点,fc4b76954a70e7574e4da13964a086a5de3039fdc1033daec8026181581e20af
d160,LIVE_PRIMARY_REINFER_OFFLINE_FEAT_DEFAULTS,点,,,25,26,0,LIVE_TRACE,0.693147,1.0,0.0,0.693147,1.0,0,UNKNOWN_IN_TRACE,-15.60475,KEEP,,,块|和|难,,fc4b76954a70e7574e4da13964a086a5de3039fdc1033daec8026181581e20af
d160,LIVE_RECORDED,请,,,0,26,0,LIVE_TRACE,0.693147,0.0,UNKNOWN_NOT_IN_TRACE,0.693147,UNKNOWN_NOT_IN_TRACE,,NOT_PERSISTED_IN_DIALOG200_TRACE,,,-16.4473876953125,KEEP,,简|单|介,fc4b76954a70e7574e4da13964a086a5de3039fdc1033daec8026181581e20af
d160,LIVE_RECORDED,简,,,1,26,0,LIVE_TRACE,0.693147,0.04,UNKNOWN_NOT_IN_TRACE,0.693147,UNKNOWN_NOT_IN_TRACE,,NOT_PERSISTED_IN_DIALOG200_TRACE,,,-9.600018978118896,KEEP,请,单|介|绍,fc4b76954a70e7574e4da13964a086a5de3039fdc1033daec8026181581e20af
d160,LIVE_RECORDED,单,,,2,26,0,LIVE_TRACE,0.693147,0.08,UNKNOWN_NOT_IN_TRACE,0.693147,UNKNOWN_NOT_IN_TRACE,,NOT_PERSISTED_IN_DIALOG200_TRACE,,,-14.92896556854248,KEEP,请|简,介|绍|一,fc4b76954a70e7574e4da13964a086a5de3039fdc1033daec8026181581e20af
d160,LIVE_RECORDED,介,,,3,26,0,LIVE_TRACE,0.693147,0.12,UNKNOWN_NOT_IN_TRACE,0.693147,UNKNOWN_NOT_IN_TRACE,,NOT_PERSISTED_IN_DIALOG200_TRACE,,,-15.09525442123413,KEEP,请|简|单,绍|一|下,fc4b76954a70e7574e4da13964a086a5de3039fdc1033daec8026181581e20af
d160,LIVE_RECORDED,绍,,,4,26,0,LIVE_TRACE,0.693147,0.16,UNKNOWN_NOT_IN_TRACE,0.693147,UNKNOWN_NOT_IN_TRACE,,NOT_PERSISTED_IN_DIALOG200_TRACE,,,-10.375393867492676,KEEP,简|单|介,一|下|你,fc4b76954a70e7574e4da13964a086a5de3039fdc1033daec8026181581e20af
d160,LIVE_RECORDED,一,,,5,26,0,LIVE_TRACE,0.693147,0.2,UNKNOWN_NOT_IN_TRACE,0.693147,UNKNOWN_NOT_IN_TRACE,,NOT_PERSISTED_IN_DIALOG200_TRACE,,,-14.745644569396973,KEEP,单|介|绍,下|你|上,fc4b76954a70e7574e4da13964a086a5de3039fdc1033daec8026181581e20af
d160,LIVE_RECORDED,下,,,6,26,0,LIVE_TRACE,0.693147,0.24,UNKNOWN_NOT_IN_TRACE,0.693147,UNKNOWN_NOT_IN_TRACE,,NOT_PERSISTED_IN_DIALOG200_TRACE,,,-15.609353065490723,KEEP,介|绍|一,你|上|一,fc4b76954a70e7574e4da13964a086a5de3039fdc1033daec8026181581e20af
d160,LIVE_RECORDED,你,,,7,26,0,LIVE_TRACE,0.693147,0.28,UNKNOWN_NOT_IN_TRACE,0.693147,UNKNOWN_NOT_IN_TRACE,,NOT_PERSISTED_IN_DIALOG200_TRACE,,,-11.356713771820068,KEEP,绍|一|下,上|一|段,fc4b76954a70e7574e4da13964a086a5de3039fdc1033daec8026181581e20af
d160,LIVE_RECORDED,上,,,8,26,0,LIVE_TRACE,0.693147,0.32,UNKNOWN_NOT_IN_TRACE,0.693147,UNKNOWN_NOT_IN_TRACE,,NOT_PERSISTED_IN_DIALOG200_TRACE,,,-16.330031871795654,KEEP,一|下|你,一|段|顺,fc4b76954a70e7574e4da13964a086a5de3039fdc1033daec8026181581e20af
d160,LIVE_RECORDED,一,,,9,26,0,LIVE_TRACE,0.693147,0.36,UNKNOWN_NOT_IN_TRACE,0.693147,UNKNOWN_NOT_IN_TRACE,,NOT_PERSISTED_IN_DIALOG200_TRACE,,,-13.159926414489746,KEEP,下|你|上,段|顺|便,fc4b76954a70e7574e4da13964a086a5de3039fdc1033daec8026181581e20af
d160,LIVE_RECORDED,段,,,10,26,0,LIVE_TRACE,0.693147,0.4,UNKNOWN_NOT_IN_TRACE,0.693147,UNKNOWN_NOT_IN_TRACE,,NOT_PERSISTED_IN_DIALOG200_TRACE,,,-13.4936203956604,KEEP,你|上|一,顺|便|向,fc4b76954a70e7574e4da13964a086a5de3039fdc1033daec8026181581e20af
d160,LIVE_RECORDED,顺,,,11,26,0,LIVE_TRACE,0.693147,0.44,UNKNOWN_NOT_IN_TRACE,0.693147,UNKNOWN_NOT_IN_TRACE,,NOT_PERSISTED_IN_DIALOG200_TRACE,,,-13.318652153015137,KEEP,上|一|段,便|向|木,fc4b76954a70e7574e4da13964a086a5de3039fdc1033daec8026181581e20af
d160,LIVE_RECORDED,便,,,12,26,0,LIVE_TRACE,0.693147,0.48,UNKNOWN_NOT_IN_TRACE,0.693147,UNKNOWN_NOT_IN_TRACE,,NOT_PERSISTED_IN_DIALOG200_TRACE,,,-12.888631343841553,KEEP,一|段|顺,向|木|李,fc4b76954a70e7574e4da13964a086a5de3039fdc1033daec8026181581e20af
d160,LIVE_RECORDED,向,,,13,26,0,LIVE_TRACE,0.693147,0.52,UNKNOWN_NOT_IN_TRACE,0.693147,UNKNOWN_NOT_IN_TRACE,,NOT_PERSISTED_IN_DIALOG200_TRACE,,,-12.024410247802734,KEEP,段|顺|便,木|李|负,fc4b76954a70e7574e4da13964a086a5de3039fdc1033daec8026181581e20af
d160,LIVE_RECORDED,木,,,14,26,0,LIVE_TRACE,0.693147,0.56,UNKNOWN_NOT_IN_TRACE,0.693147,UNKNOWN_NOT_IN_TRACE,,NOT_PERSISTED_IN_DIALOG200_TRACE,,,-15.961384773254395,KEEP,顺|便|向,李|负|责,fc4b76954a70e7574e4da13964a086a5de3039fdc1033daec8026181581e20af
d160,LIVE_RECORDED,李,,,15,26,0,LIVE_TRACE,0.693147,0.6,UNKNOWN_NOT_IN_TRACE,0.693147,UNKNOWN_NOT_IN_TRACE,,NOT_PERSISTED_IN_DIALOG200_TRACE,,,-11.592158794403076,KEEP,便|向|木,负|责|的,fc4b76954a70e7574e4da13964a086a5de3039fdc1033daec8026181581e20af
d160,LIVE_RECORDED,负,,,16,26,0,LIVE_TRACE,0.693147,0.64,UNKNOWN_NOT_IN_TRACE,0.693147,UNKNOWN_NOT_IN_TRACE,,NOT_PERSISTED_IN_DIALOG200_TRACE,,,-15.72431755065918,KEEP,向|木|李,责|的|核,fc4b76954a70e7574e4da13964a086a5de3039fdc1033daec8026181581e20af
d160,LIVE_RECORDED,责,,,17,26,0,LIVE_TRACE,0.693147,0.68,UNKNOWN_NOT_IN_TRACE,0.693147,UNKNOWN_NOT_IN_TRACE,,NOT_PERSISTED_IN_DIALOG200_TRACE,,,-16.560105323791504,KEEP,木|李|负,的|核|心,fc4b76954a70e7574e4da13964a086a5de3039fdc1033daec8026181581e20af
d160,LIVE_RECORDED,的,,,18,26,0,LIVE_TRACE,0.693147,0.72,UNKNOWN_NOT_IN_TRACE,0.693147,UNKNOWN_NOT_IN_TRACE,,NOT_PERSISTED_IN_DIALOG200_TRACE,,,-13.955496311187744,KEEP,李|负|责,核|心|模,fc4b76954a70e7574e4da13964a086a5de3039fdc1033daec8026181581e20af
d160,LIVE_RECORDED,核,,,19,26,0,LIVE_TRACE,0.693147,0.76,UNKNOWN_NOT_IN_TRACE,0.693147,UNKNOWN_NOT_IN_TRACE,,NOT_PERSISTED_IN_DIALOG200_TRACE,,,-12.513911247253418,KEEP,负|责|的,心|模|块,fc4b76954a70e7574e4da13964a086a5de3039fdc1033daec8026181581e20af
d160,LIVE_RECORDED,心,,,20,26,0,LIVE_TRACE,0.693147,0.8,UNKNOWN_NOT_IN_TRACE,0.693147,UNKNOWN_NOT_IN_TRACE,,NOT_PERSISTED_IN_DIALOG200_TRACE,,,-9.945669651031494,KEEP,责|的|核,模|块|和,fc4b76954a70e7574e4da13964a086a5de3039fdc1033daec8026181581e20af
d160,LIVE_RECORDED,模,,,21,26,0,LIVE_TRACE,0.693147,0.84,UNKNOWN_NOT_IN_TRACE,0.693147,UNKNOWN_NOT_IN_TRACE,,NOT_PERSISTED_IN_DIALOG200_TRACE,,,-13.492902278900146,KEEP,的|核|心,块|和|难,fc4b76954a70e7574e4da13964a086a5de3039fdc1033daec8026181581e20af
d160,LIVE_RECORDED,块,,,22,26,0,LIVE_TRACE,0.693147,0.88,UNKNOWN_NOT_IN_TRACE,0.693147,UNKNOWN_NOT_IN_TRACE,,NOT_PERSISTED_IN_DIALOG200_TRACE,,,-13.959458827972412,KEEP,核|心|模,和|难|点,fc4b76954a70e7574e4da13964a086a5de3039fdc1033daec8026181581e20af
d160,LIVE_RECORDED,和,,,23,26,0,LIVE_TRACE,0.693147,0.92,UNKNOWN_NOT_IN_TRACE,0.693147,UNKNOWN_NOT_IN_TRACE,,NOT_PERSISTED_IN_DIALOG200_TRACE,,,-15.269200801849365,KEEP,心|模|块,难|点,fc4b76954a70e7574e4da13964a086a5de3039fdc1033daec8026181581e20af
d160,LIVE_RECORDED,难,,,24,26,0,LIVE_TRACE,0.693147,0.96,UNKNOWN_NOT_IN_TRACE,0.693147,UNKNOWN_NOT_IN_TRACE,,NOT_PERSISTED_IN_DIALOG200_TRACE,,,-13.61784029006958,KEEP,模|块|和,点,fc4b76954a70e7574e4da13964a086a5de3039fdc1033daec8026181581e20af
d160,LIVE_RECORDED,点,,,25,26,0,LIVE_TRACE,0.693147,1.0,UNKNOWN_NOT_IN_TRACE,0.693147,UNKNOWN_NOT_IN_TRACE,,NOT_PERSISTED_IN_DIALOG200_TRACE,,,-16.747989654541016,KEEP,块|和|难,,fc4b76954a70e7574e4da13964a086a5de3039fdc1033daec8026181581e20af
d179,OFFLINE_DUMP_REINFER_REALDIST,这,,,0,22,0,STORED,0.693147,0.0,0.0,0.693147,1.0,0,DEFAULTED_0,-22.138474,KEEP,,,,周|的|上,e57d10fe24a35a49777963a72ded5fcf4c672b193f940f4d2dc689d92d95fb8a
d179,OFFLINE_DUMP_REINFER_REALDIST,周,,,1,22,0,STORED,0.693147,0.047619,0.0,0.693147,1.0,0,DEFAULTED_0,-14.404662,KEEP,,,这,的|上|限,e57d10fe24a35a49777963a72ded5fcf4c672b193f940f4d2dc689d92d95fb8a
d179,OFFLINE_DUMP_REINFER_REALDIST,的,,,2,22,0,STORED,0.693147,0.095238,0.0,0.693147,1.0,0,DEFAULTED_0,-21.516459,KEEP,,,这|周,上|限|计,e57d10fe24a35a49777963a72ded5fcf4c672b193f940f4d2dc689d92d95fb8a
d179,OFFLINE_DUMP_REINFER_REALDIST,上,,,3,22,0,STORED,0.693147,0.142857,0.0,0.693147,1.0,0,DEFAULTED_0,-6.604935,KEEP,,,这|周|的,限|计|划,e57d10fe24a35a49777963a72ded5fcf4c672b193f940f4d2dc689d92d95fb8a
d179,OFFLINE_DUMP_REINFER_REALDIST,限,,,4,22,0,STORED,0.693147,0.190476,0.0,0.693147,1.0,0,DEFAULTED_0,-5.89482,KEEP,,,周|的|上,计|划|意,e57d10fe24a35a49777963a72ded5fcf4c672b193f940f4d2dc689d92d95fb8a
d179,OFFLINE_DUMP_REINFER_REALDIST,计,,,5,22,0,STORED,0.693147,0.238095,0.0,0.693147,1.0,0,DEFAULTED_0,-8.856002,KEEP,,,的|上|限,划|意|境,e57d10fe24a35a49777963a72ded5fcf4c672b193f940f4d2dc689d92d95fb8a
d179,OFFLINE_DUMP_REINFER_REALDIST,划,,,6,22,0,STORED,0.693147,0.285714,0.0,0.693147,1.0,0,DEFAULTED_0,-7.521919,KEEP,,,上|限|计,意|境|全,e57d10fe24a35a49777963a72ded5fcf4c672b193f940f4d2dc689d92d95fb8a
d179,OFFLINE_DUMP_REINFER_REALDIST,意,,,7,22,0,STORED,0.693147,0.333333,0.0,0.693147,1.0,0,DEFAULTED_0,-21.086326,KEEP,,,限|计|划,境|全|任,e57d10fe24a35a49777963a72ded5fcf4c672b193f940f4d2dc689d92d95fb8a
d179,OFFLINE_DUMP_REINFER_REALDIST,境,,,8,22,0,STORED,0.693147,0.380952,0.0,0.693147,1.0,0,DEFAULTED_0,-15.852987,KEEP,,,计|划|意,全|任|计,e57d10fe24a35a49777963a72ded5fcf4c672b193f940f4d2dc689d92d95fb8a
d179,OFFLINE_DUMP_REINFER_REALDIST,全,,,9,22,0,STORED,0.693147,0.428571,0.0,0.693147,1.0,0,DEFAULTED_0,3.226938,RETRY,,,划|意|境,任|计|划,e57d10fe24a35a49777963a72ded5fcf4c672b193f940f4d2dc689d92d95fb8a
d179,OFFLINE_DUMP_REINFER_REALDIST,任,,,10,22,0,STORED,0.693147,0.47619,0.0,0.693147,1.0,0,DEFAULTED_0,-14.23132,KEEP,,,意|境|全,计|划|评,e57d10fe24a35a49777963a72ded5fcf4c672b193f940f4d2dc689d92d95fb8a
d179,OFFLINE_DUMP_REINFER_REALDIST,计,,,11,22,0,STORED,0.693147,0.52381,0.0,0.693147,1.0,0,DEFAULTED_0,-4.2577,KEEP,,,境|全|任,划|评|审,e57d10fe24a35a49777963a72ded5fcf4c672b193f940f4d2dc689d92d95fb8a
d179,OFFLINE_DUMP_REINFER_REALDIST,划,,,12,22,0,STORED,0.693147,0.571429,0.0,0.693147,1.0,0,DEFAULTED_0,-4.676733,KEEP,,,全|任|计,评|审|安,e57d10fe24a35a49777963a72ded5fcf4c672b193f940f4d2dc689d92d95fb8a
d179,OFFLINE_DUMP_REINFER_REALDIST,评,,,13,22,0,STORED,0.693147,0.619048,0.0,0.693147,1.0,0,DEFAULTED_0,-15.988173,KEEP,,,任|计|划,审|安|排,e57d10fe24a35a49777963a72ded5fcf4c672b193f940f4d2dc689d92d95fb8a
d179,OFFLINE_DUMP_REINFER_REALDIST,审,,,14,22,0,STORED,0.693147,0.666667,0.0,0.693147,1.0,0,DEFAULTED_0,-18.392632,KEEP,,,计|划|评,安|排|在,e57d10fe24a35a49777963a72ded5fcf4c672b193f940f4d2dc689d92d95fb8a
d179,OFFLINE_DUMP_REINFER_REALDIST,安,,,15,22,0,STORED,0.693147,0.714286,0.0,0.693147,1.0,0,DEFAULTED_0,-14.462787,KEEP,,,划|评|审,排|在|周,e57d10fe24a35a49777963a72ded5fcf4c672b193f940f4d2dc689d92d95fb8a
d179,OFFLINE_DUMP_REINFER_REALDIST,排,,,16,22,0,STORED,0.693147,0.761905,0.0,0.693147,1.0,0,DEFAULTED_0,-12.828366,KEEP,,,评|审|安,在|周|四,e57d10fe24a35a49777963a72ded5fcf4c672b193f940f4d2dc689d92d95fb8a
d179,OFFLINE_DUMP_REINFER_REALDIST,在,,,17,22,0,STORED,0.693147,0.809524,0.0,0.693147,1.0,0,DEFAULTED_0,-16.279552,KEEP,,,审|安|排,周|四|上,e57d10fe24a35a49777963a72ded5fcf4c672b193f940f4d2dc689d92d95fb8a
d179,OFFLINE_DUMP_REINFER_REALDIST,周,,,18,22,0,STORED,0.693147,0.857143,0.0,0.693147,1.0,0,DEFAULTED_0,-9.901488,KEEP,,,安|排|在,四|上|午,e57d10fe24a35a49777963a72ded5fcf4c672b193f940f4d2dc689d92d95fb8a
d179,OFFLINE_DUMP_REINFER_REALDIST,四,,,19,22,0,STORED,0.693147,0.904762,0.0,0.693147,1.0,0,DEFAULTED_0,1.674544,RETRY,,,排|在|周,上|午,e57d10fe24a35a49777963a72ded5fcf4c672b193f940f4d2dc689d92d95fb8a
d179,OFFLINE_DUMP_REINFER_REALDIST,上,,,20,22,0,STORED,0.693147,0.952381,0.0,0.693147,1.0,0,DEFAULTED_0,-17.374332,KEEP,,,在|周|四,午,e57d10fe24a35a49777963a72ded5fcf4c672b193f940f4d2dc689d92d95fb8a
d179,OFFLINE_DUMP_REINFER_REALDIST,午,,,21,22,0,STORED,0.693147,1.0,0.0,0.693147,1.0,0,DEFAULTED_0,-14.413383,KEEP,,,周|四|上,,e57d10fe24a35a49777963a72ded5fcf4c672b193f940f4d2dc689d92d95fb8a
d179,LIVE_PRIMARY_REINFER_OFFLINE_FEAT_DEFAULTS,这,,,0,22,0,LIVE_TRACE,0.693147,0.0,0.0,0.693147,1.0,0,UNKNOWN_IN_TRACE,-23.862109,KEEP,,,,周|的|上,e57d10fe24a35a49777963a72ded5fcf4c672b193f940f4d2dc689d92d95fb8a
d179,LIVE_PRIMARY_REINFER_OFFLINE_FEAT_DEFAULTS,周,,,1,22,0,LIVE_TRACE,0.693147,0.047619,0.0,0.693147,1.0,0,UNKNOWN_IN_TRACE,-16.33508,KEEP,,,这,的|上|限,e57d10fe24a35a49777963a72ded5fcf4c672b193f940f4d2dc689d92d95fb8a
d179,LIVE_PRIMARY_REINFER_OFFLINE_FEAT_DEFAULTS,的,,,2,22,0,LIVE_TRACE,0.693147,0.095238,0.0,0.693147,1.0,0,UNKNOWN_IN_TRACE,-23.099011,KEEP,,,这|周,上|限|计,e57d10fe24a35a49777963a72ded5fcf4c672b193f940f4d2dc689d92d95fb8a
d179,LIVE_PRIMARY_REINFER_OFFLINE_FEAT_DEFAULTS,上,,,3,22,0,LIVE_TRACE,0.693147,0.142857,0.0,0.693147,1.0,0,UNKNOWN_IN_TRACE,-2.7201,KEEP,,,这|周|的,限|计|划,e57d10fe24a35a49777963a72ded5fcf4c672b193f940f4d2dc689d92d95fb8a
d179,LIVE_PRIMARY_REINFER_OFFLINE_FEAT_DEFAULTS,限,,,4,22,0,LIVE_TRACE,0.693147,0.190476,0.0,0.693147,1.0,0,UNKNOWN_IN_TRACE,-5.572973,KEEP,,,周|的|上,计|划|意,e57d10fe24a35a49777963a72ded5fcf4c672b193f940f4d2dc689d92d95fb8a
d179,LIVE_PRIMARY_REINFER_OFFLINE_FEAT_DEFAULTS,计,,,5,22,0,LIVE_TRACE,0.693147,0.238095,0.0,0.693147,1.0,0,UNKNOWN_IN_TRACE,-5.470356,KEEP,,,的|上|限,划|意|境,e57d10fe24a35a49777963a72ded5fcf4c672b193f940f4d2dc689d92d95fb8a
d179,LIVE_PRIMARY_REINFER_OFFLINE_FEAT_DEFAULTS,划,,,6,22,0,LIVE_TRACE,0.693147,0.285714,0.0,0.693147,1.0,0,UNKNOWN_IN_TRACE,-5.007727,KEEP,,,上|限|计,意|境|确,e57d10fe24a35a49777963a72ded5fcf4c672b193f940f4d2dc689d92d95fb8a
d179,LIVE_PRIMARY_REINFER_OFFLINE_FEAT_DEFAULTS,意,,,7,22,0,LIVE_TRACE,0.693147,0.333333,0.0,0.693147,1.0,0,UNKNOWN_IN_TRACE,-18.535399,KEEP,,,限|计|划,境|确|认,e57d10fe24a35a49777963a72ded5fcf4c672b193f940f4d2dc689d92d95fb8a
d179,LIVE_PRIMARY_REINFER_OFFLINE_FEAT_DEFAULTS,境,,,8,22,0,LIVE_TRACE,0.693147,0.380952,0.0,0.693147,1.0,0,UNKNOWN_IN_TRACE,-11.514007,KEEP,,,计|划|意,确|认|计,e57d10fe24a35a49777963a72ded5fcf4c672b193f940f4d2dc689d92d95fb8a
d179,LIVE_PRIMARY_REINFER_OFFLINE_FEAT_DEFAULTS,确,,,9,22,0,LIVE_TRACE,0.693147,0.428571,0.0,0.693147,1.0,0,UNKNOWN_IN_TRACE,-8.218135,KEEP,,,划|意|境,认|计|划,e57d10fe24a35a49777963a72ded5fcf4c672b193f940f4d2dc689d92d95fb8a
d179,LIVE_PRIMARY_REINFER_OFFLINE_FEAT_DEFAULTS,认,,,10,22,0,LIVE_TRACE,0.693147,0.47619,0.0,0.693147,1.0,0,UNKNOWN_IN_TRACE,-14.959158,KEEP,,,意|境|确,计|划|评,e57d10fe24a35a49777963a72ded5fcf4c672b193f940f4d2dc689d92d95fb8a
d179,LIVE_PRIMARY_REINFER_OFFLINE_FEAT_DEFAULTS,计,,,11,22,0,LIVE_TRACE,0.693147,0.52381,0.0,0.693147,1.0,0,UNKNOWN_IN_TRACE,-3.569917,KEEP,,,境|确|认,划|评|审,e57d10fe24a35a49777963a72ded5fcf4c672b193f940f4d2dc689d92d95fb8a
d179,LIVE_PRIMARY_REINFER_OFFLINE_FEAT_DEFAULTS,划,,,12,22,0,LIVE_TRACE,0.693147,0.571429,0.0,0.693147,1.0,0,UNKNOWN_IN_TRACE,-4.539802,KEEP,,,确|认|计,评|审|安,e57d10fe24a35a49777963a72ded5fcf4c672b193f940f4d2dc689d92d95fb8a
d179,LIVE_PRIMARY_REINFER_OFFLINE_FEAT_DEFAULTS,评,,,13,22,0,LIVE_TRACE,0.693147,0.619048,0.0,0.693147,1.0,0,UNKNOWN_IN_TRACE,-15.845887,KEEP,,,认|计|划,审|安|排,e57d10fe24a35a49777963a72ded5fcf4c672b193f940f4d2dc689d92d95fb8a
d179,LIVE_PRIMARY_REINFER_OFFLINE_FEAT_DEFAULTS,审,,,14,22,0,LIVE_TRACE,0.693147,0.666667,0.0,0.693147,1.0,0,UNKNOWN_IN_TRACE,-18.503774,KEEP,,,计|划|评,安|排|在,e57d10fe24a35a49777963a72ded5fcf4c672b193f940f4d2dc689d92d95fb8a
d179,LIVE_PRIMARY_REINFER_OFFLINE_FEAT_DEFAULTS,安,,,15,22,0,LIVE_TRACE,0.693147,0.714286,0.0,0.693147,1.0,0,UNKNOWN_IN_TRACE,-14.705319,KEEP,,,划|评|审,排|在|周,e57d10fe24a35a49777963a72ded5fcf4c672b193f940f4d2dc689d92d95fb8a
d179,LIVE_PRIMARY_REINFER_OFFLINE_FEAT_DEFAULTS,排,,,16,22,0,LIVE_TRACE,0.693147,0.761905,0.0,0.693147,1.0,0,UNKNOWN_IN_TRACE,-13.024281,KEEP,,,评|审|安,在|周|四,e57d10fe24a35a49777963a72ded5fcf4c672b193f940f4d2dc689d92d95fb8a
d179,LIVE_PRIMARY_REINFER_OFFLINE_FEAT_DEFAULTS,在,,,17,22,0,LIVE_TRACE,0.693147,0.809524,0.0,0.693147,1.0,0,UNKNOWN_IN_TRACE,-16.220719,KEEP,,,审|安|排,周|四|上,e57d10fe24a35a49777963a72ded5fcf4c672b193f940f4d2dc689d92d95fb8a
d179,LIVE_PRIMARY_REINFER_OFFLINE_FEAT_DEFAULTS,周,,,18,22,0,LIVE_TRACE,0.693147,0.857143,0.0,0.693147,1.0,0,UNKNOWN_IN_TRACE,-9.810039,KEEP,,,安|排|在,四|上|午,e57d10fe24a35a49777963a72ded5fcf4c672b193f940f4d2dc689d92d95fb8a
d179,LIVE_PRIMARY_REINFER_OFFLINE_FEAT_DEFAULTS,四,,,19,22,0,LIVE_TRACE,0.693147,0.904762,0.0,0.693147,1.0,0,UNKNOWN_IN_TRACE,1.7623,RETRY,,,排|在|周,上|午,e57d10fe24a35a49777963a72ded5fcf4c672b193f940f4d2dc689d92d95fb8a
d179,LIVE_PRIMARY_REINFER_OFFLINE_FEAT_DEFAULTS,上,,,20,22,0,LIVE_TRACE,0.693147,0.952381,0.0,0.693147,1.0,0,UNKNOWN_IN_TRACE,-17.450792,KEEP,,,在|周|四,午,e57d10fe24a35a49777963a72ded5fcf4c672b193f940f4d2dc689d92d95fb8a
d179,LIVE_PRIMARY_REINFER_OFFLINE_FEAT_DEFAULTS,午,,,21,22,0,LIVE_TRACE,0.693147,1.0,0.0,0.693147,1.0,0,UNKNOWN_IN_TRACE,-14.65298,KEEP,,,周|四|上,,e57d10fe24a35a49777963a72ded5fcf4c672b193f940f4d2dc689d92d95fb8a
d179,LIVE_RECORDED,这,,,0,22,0,LIVE_TRACE,0.693147,0.0,UNKNOWN_NOT_IN_TRACE,0.693147,UNKNOWN_NOT_IN_TRACE,,NOT_PERSISTED_IN_DIALOG200_TRACE,,,-14.801971435546875,KEEP,,周|的|上,e57d10fe24a35a49777963a72ded5fcf4c672b193f940f4d2dc689d92d95fb8a
d179,LIVE_RECORDED,周,,,1,22,0,LIVE_TRACE,0.693147,0.047619,UNKNOWN_NOT_IN_TRACE,0.693147,UNKNOWN_NOT_IN_TRACE,,NOT_PERSISTED_IN_DIALOG200_TRACE,,,-12.94304084777832,KEEP,这,的|上|限,e57d10fe24a35a49777963a72ded5fcf4c672b193f940f4d2dc689d92d95fb8a
d179,LIVE_RECORDED,的,,,2,22,0,LIVE_TRACE,0.693147,0.095238,UNKNOWN_NOT_IN_TRACE,0.693147,UNKNOWN_NOT_IN_TRACE,,NOT_PERSISTED_IN_DIALOG200_TRACE,,,-13.953792572021484,KEEP,这|周,上|限|计,e57d10fe24a35a49777963a72ded5fcf4c672b193f940f4d2dc689d92d95fb8a
d179,LIVE_RECORDED,上,,,3,22,0,LIVE_TRACE,0.693147,0.142857,UNKNOWN_NOT_IN_TRACE,0.693147,UNKNOWN_NOT_IN_TRACE,,NOT_PERSISTED_IN_DIALOG200_TRACE,,,-12.556861877441406,KEEP,这|周|的,限|计|划,e57d10fe24a35a49777963a72ded5fcf4c672b193f940f4d2dc689d92d95fb8a
d179,LIVE_RECORDED,限,,,4,22,0,LIVE_TRACE,0.693147,0.190476,UNKNOWN_NOT_IN_TRACE,0.693147,UNKNOWN_NOT_IN_TRACE,,NOT_PERSISTED_IN_DIALOG200_TRACE,,,-16.967512130737305,KEEP,周|的|上,计|划|意,e57d10fe24a35a49777963a72ded5fcf4c672b193f940f4d2dc689d92d95fb8a
d179,LIVE_RECORDED,计,,,5,22,0,LIVE_TRACE,0.693147,0.238095,UNKNOWN_NOT_IN_TRACE,0.693147,UNKNOWN_NOT_IN_TRACE,,NOT_PERSISTED_IN_DIALOG200_TRACE,,,-14.264157772064209,KEEP,的|上|限,划|意|境,e57d10fe24a35a49777963a72ded5fcf4c672b193f940f4d2dc689d92d95fb8a
d179,LIVE_RECORDED,划,,,6,22,0,LIVE_TRACE,0.693147,0.285714,UNKNOWN_NOT_IN_TRACE,0.693147,UNKNOWN_NOT_IN_TRACE,,NOT_PERSISTED_IN_DIALOG200_TRACE,,,-14.260413646697998,KEEP,上|限|计,意|境|确,e57d10fe24a35a49777963a72ded5fcf4c672b193f940f4d2dc689d92d95fb8a
d179,LIVE_RECORDED,意,,,7,22,0,LIVE_TRACE,0.693147,0.333333,UNKNOWN_NOT_IN_TRACE,0.693147,UNKNOWN_NOT_IN_TRACE,,NOT_PERSISTED_IN_DIALOG200_TRACE,,,-13.452704906463623,KEEP,限|计|划,境|确|认,e57d10fe24a35a49777963a72ded5fcf4c672b193f940f4d2dc689d92d95fb8a
d179,LIVE_RECORDED,境,,,8,22,0,LIVE_TRACE,0.693147,0.380952,UNKNOWN_NOT_IN_TRACE,0.693147,UNKNOWN_NOT_IN_TRACE,,NOT_PERSISTED_IN_DIALOG200_TRACE,,,-9.566216945648193,KEEP,计|划|意,确|认|计,e57d10fe24a35a49777963a72ded5fcf4c672b193f940f4d2dc689d92d95fb8a
d179,LIVE_RECORDED,确,,,9,22,0,LIVE_TRACE,0.693147,0.428571,UNKNOWN_NOT_IN_TRACE,0.693147,UNKNOWN_NOT_IN_TRACE,,NOT_PERSISTED_IN_DIALOG200_TRACE,,,-11.115084171295166,KEEP,划|意|境,认|计|划,e57d10fe24a35a49777963a72ded5fcf4c672b193f940f4d2dc689d92d95fb8a
d179,LIVE_RECORDED,认,,,10,22,0,LIVE_TRACE,0.693147,0.47619,UNKNOWN_NOT_IN_TRACE,0.693147,UNKNOWN_NOT_IN_TRACE,,NOT_PERSISTED_IN_DIALOG200_TRACE,,,-6.74403715133667,KEEP,意|境|确,计|划|评,e57d10fe24a35a49777963a72ded5fcf4c672b193f940f4d2dc689d92d95fb8a
d179,LIVE_RECORDED,计,,,11,22,0,LIVE_TRACE,0.693147,0.52381,UNKNOWN_NOT_IN_TRACE,0.693147,UNKNOWN_NOT_IN_TRACE,,NOT_PERSISTED_IN_DIALOG200_TRACE,,,-14.056235313415527,KEEP,境|确|认,划|评|审,e57d10fe24a35a49777963a72ded5fcf4c672b193f940f4d2dc689d92d95fb8a
d179,LIVE_RECORDED,划,,,12,22,0,LIVE_TRACE,0.693147,0.571429,UNKNOWN_NOT_IN_TRACE,0.693147,UNKNOWN_NOT_IN_TRACE,,NOT_PERSISTED_IN_DIALOG200_TRACE,,,-13.959375381469727,KEEP,确|认|计,评|审|安,e57d10fe24a35a49777963a72ded5fcf4c672b193f940f4d2dc689d92d95fb8a
d179,LIVE_RECORDED,评,,,13,22,0,LIVE_TRACE,0.693147,0.619048,UNKNOWN_NOT_IN_TRACE,0.693147,UNKNOWN_NOT_IN_TRACE,,NOT_PERSISTED_IN_DIALOG200_TRACE,,,-13.842252254486084,KEEP,认|计|划,审|安|排,e57d10fe24a35a49777963a72ded5fcf4c672b193f940f4d2dc689d92d95fb8a
d179,LIVE_RECORDED,审,,,14,22,0,LIVE_TRACE,0.693147,0.666667,UNKNOWN_NOT_IN_TRACE,0.693147,UNKNOWN_NOT_IN_TRACE,,NOT_PERSISTED_IN_DIALOG200_TRACE,,,-12.136632442474365,KEEP,计|划|评,安|排|在,e57d10fe24a35a49777963a72ded5fcf4c672b193f940f4d2dc689d92d95fb8a
d179,LIVE_RECORDED,安,,,15,22,0,LIVE_TRACE,0.693147,0.714286,UNKNOWN_NOT_IN_TRACE,0.693147,UNKNOWN_NOT_IN_TRACE,,NOT_PERSISTED_IN_DIALOG200_TRACE,,,-9.238214492797852,KEEP,划|评|审,排|在|周,e57d10fe24a35a49777963a72ded5fcf4c672b193f940f4d2dc689d92d95fb8a
d179,LIVE_RECORDED,排,,,16,22,0,LIVE_TRACE,0.693147,0.761905,UNKNOWN_NOT_IN_TRACE,0.693147,UNKNOWN_NOT_IN_TRACE,,NOT_PERSISTED_IN_DIALOG200_TRACE,,,-13.254690170288086,KEEP,评|审|安,在|周|四,e57d10fe24a35a49777963a72ded5fcf4c672b193f940f4d2dc689d92d95fb8a
d179,LIVE_RECORDED,在,,,17,22,0,LIVE_TRACE,0.693147,0.809524,UNKNOWN_NOT_IN_TRACE,0.693147,UNKNOWN_NOT_IN_TRACE,,NOT_PERSISTED_IN_DIALOG200_TRACE,,,-13.92167043685913,KEEP,审|安|排,周|四|上,e57d10fe24a35a49777963a72ded5fcf4c672b193f940f4d2dc689d92d95fb8a
d179,LIVE_RECORDED,周,,,18,22,0,LIVE_TRACE,0.693147,0.857143,UNKNOWN_NOT_IN_TRACE,0.693147,UNKNOWN_NOT_IN_TRACE,,NOT_PERSISTED_IN_DIALOG200_TRACE,,,-15.01821756362915,KEEP,安|排|在,四|上|午,e57d10fe24a35a49777963a72ded5fcf4c672b193f940f4d2dc689d92d95fb8a
d179,LIVE_RECORDED,四,,,19,22,0,LIVE_TRACE,0.693147,0.904762,UNKNOWN_NOT_IN_TRACE,0.693147,UNKNOWN_NOT_IN_TRACE,,NOT_PERSISTED_IN_DIALOG200_TRACE,,,-13.03033971786499,KEEP,排|在|周,上|午,e57d10fe24a35a49777963a72ded5fcf4c672b193f940f4d2dc689d92d95fb8a
d179,LIVE_RECORDED,上,,,20,22,0,LIVE_TRACE,0.693147,0.952381,UNKNOWN_NOT_IN_TRACE,0.693147,UNKNOWN_NOT_IN_TRACE,,NOT_PERSISTED_IN_DIALOG200_TRACE,,,-14.668780326843262,KEEP,在|周|四,午,e57d10fe24a35a49777963a72ded5fcf4c672b193f940f4d2dc689d92d95fb8a
d179,LIVE_RECORDED,午,,,21,22,0,LIVE_TRACE,0.693147,1.0,UNKNOWN_NOT_IN_TRACE,0.693147,UNKNOWN_NOT_IN_TRACE,,NOT_PERSISTED_IN_DIALOG200_TRACE,,,-14.705642700195312,KEEP,周|四|上,,e57d10fe24a35a49777963a72ded5fcf4c672b193f940f4d2dc689d92d95fb8a
d181,OFFLINE_DUMP_REINFER_REALDIST,你,,,0,27,0,STORED,0.693147,0.0,0.0,0.693147,1.0,0,DEFAULTED_0,-21.601569,KEEP,,,,好|我|想,87b378e518149227e0820a66f609bdc82e0a021d09c05eaad8962e0fd131f881
d181,OFFLINE_DUMP_REINFER_REALDIST,好,,,1,27,0,STORED,0.693147,0.038462,0.0,0.693147,1.0,0,DEFAULTED_0,-19.872249,KEEP,,,你,我|想|点,87b378e518149227e0820a66f609bdc82e0a021d09c05eaad8962e0fd131f881
d181,OFFLINE_DUMP_REINFER_REALDIST,我,,,2,27,0,STORED,0.693147,0.076923,0.0,0.693147,1.0,0,DEFAULTED_0,-22.884018,KEEP,,,你|好,想|点|一,87b378e518149227e0820a66f609bdc82e0a021d09c05eaad8962e0fd131f881
d181,OFFLINE_DUMP_REINFER_REALDIST,想,,,3,27,0,STORED,0.693147,0.115385,0.0,0.693147,1.0,0,DEFAULTED_0,-17.807124,KEEP,,,你|好|我,点|一|杯,87b378e518149227e0820a66f609bdc82e0a021d09c05eaad8962e0fd131f881
d181,OFFLINE_DUMP_REINFER_REALDIST,点,,,4,27,0,STORED,0.693147,0.153846,0.0,0.693147,1.0,0,DEFAULTED_0,-20.739139,KEEP,,,好|我|想,一|杯|冰,87b378e518149227e0820a66f609bdc82e0a021d09c05eaad8962e0fd131f881
d181,OFFLINE_DUMP_REINFER_REALDIST,一,,,5,27,0,STORED,0.693147,0.192308,0.0,0.693147,1.0,0,DEFAULTED_0,-18.382533,KEEP,,,我|想|点,杯|冰|中,87b378e518149227e0820a66f609bdc82e0a021d09c05eaad8962e0fd131f881
d181,OFFLINE_DUMP_REINFER_REALDIST,杯,,,6,27,0,STORED,0.693147,0.230769,0.0,0.693147,1.0,0,DEFAULTED_0,-22.65711,KEEP,,,想|点|一,冰|中|贝,87b378e518149227e0820a66f609bdc82e0a021d09c05eaad8962e0fd131f881
d181,OFFLINE_DUMP_REINFER_REALDIST,冰,,,7,27,0,STORED,0.693147,0.269231,0.0,0.693147,1.0,0,DEFAULTED_0,-17.440722,KEEP,,,点|一|杯,中|贝|少,87b378e518149227e0820a66f609bdc82e0a021d09c05eaad8962e0fd131f881
d181,OFFLINE_DUMP_REINFER_REALDIST,中,,,8,27,0,STORED,0.693147,0.307692,0.0,0.693147,1.0,0,DEFAULTED_0,-13.745449,KEEP,,,一|杯|冰,贝|少|糖,87b378e518149227e0820a66f609bdc82e0a021d09c05eaad8962e0fd131f881
d181,OFFLINE_DUMP_REINFER_REALDIST,贝,,,9,27,0,STORED,0.693147,0.346154,0.0,0.693147,1.0,0,DEFAULTED_0,-17.748687,KEEP,,,杯|冰|中,少|糖|顺,87b378e518149227e0820a66f609bdc82e0a021d09c05eaad8962e0fd131f881
d181,OFFLINE_DUMP_REINFER_REALDIST,少,,,10,27,0,STORED,0.693147,0.384615,0.0,0.693147,1.0,0,DEFAULTED_0,-21.526441,KEEP,,,冰|中|贝,糖|顺|便,87b378e518149227e0820a66f609bdc82e0a021d09c05eaad8962e0fd131f881
d181,OFFLINE_DUMP_REINFER_REALDIST,糖,,,11,27,0,STORED,0.693147,0.423077,0.0,0.693147,1.0,0,DEFAULTED_0,-17.647638,KEEP,,,中|贝|少,顺|便|温,87b378e518149227e0820a66f609bdc82e0a021d09c05eaad8962e0fd131f881
d181,OFFLINE_DUMP_REINFER_REALDIST,顺,,,12,27,0,STORED,0.693147,0.461538,0.0,0.693147,1.0,0,DEFAULTED_0,-10.582967,KEEP,,,贝|少|糖,便|温|习,87b378e518149227e0820a66f609bdc82e0a021d09c05eaad8962e0fd131f881
d181,OFFLINE_DUMP_REINFER_REALDIST,便,,,13,27,0,STORED,0.693147,0.5,0.0,0.693147,1.0,0,DEFAULTED_0,-19.547228,KEEP,,,少|糖|顺,温|习|一,87b378e518149227e0820a66f609bdc82e0a021d09c05eaad8962e0fd131f881
d181,OFFLINE_DUMP_REINFER_REALDIST,温,,,14,27,0,STORED,0.693147,0.538462,0.0,0.693147,1.0,0,DEFAULTED_0,0.918715,RETRY,,,糖|顺|便,习|一|下,87b378e518149227e0820a66f609bdc82e0a021d09c05eaad8962e0fd131f881
d181,OFFLINE_DUMP_REINFER_REALDIST,习,,,15,27,0,STORED,0.693147,0.576923,0.0,0.693147,1.0,0,DEFAULTED_0,-5.71777,KEEP,,,顺|便|温,一|下|以,87b378e518149227e0820a66f609bdc82e0a021d09c05eaad8962e0fd131f881
d181,OFFLINE_DUMP_REINFER_REALDIST,一,,,16,27,0,STORED,0.693147,0.615385,0.0,0.693147,1.0,0,DEFAULTED_0,-6.97477,KEEP,,,便|温|习,下|以|下,87b378e518149227e0820a66f609bdc82e0a021d09c05eaad8962e0fd131f881
d181,OFFLINE_DUMP_REINFER_REALDIST,下,,,17,27,0,STORED,0.693147,0.653846,0.0,0.693147,1.0,0,DEFAULTED_0,-9.502014,KEEP,,,温|习|一,以|下|今,87b378e518149227e0820a66f609bdc82e0a021d09c05eaad8962e0fd131f881
d181,OFFLINE_DUMP_REINFER_REALDIST,以,,,18,27,0,STORED,0.693147,0.692308,0.0,0.693147,1.0,0,DEFAULTED_0,-8.272526,KEEP,,,习|一|下,下|今|天,87b378e518149227e0820a66f609bdc82e0a021d09c05eaad8962e0fd131f881
d181,OFFLINE_DUMP_REINFER_REALDIST,下,,,19,27,0,STORED,0.693147,0.730769,0.0,0.693147,1.0,0,DEFAULTED_0,-10.619087,KEEP,,,一|下|以,今|天|有,87b378e518149227e0820a66f609bdc82e0a021d09c05eaad8962e0fd131f881
d181,OFFLINE_DUMP_REINFER_REALDIST,今,,,20,27,0,STORED,0.693147,0.769231,0.0,0.693147,1.0,0,DEFAULTED_0,-18.116408,KEEP,,,下|以|下,天|有|蓝莓,87b378e518149227e0820a66f609bdc82e0a021d09c05eaad8962e0fd131f881
d181,OFFLINE_DUMP_REINFER_REALDIST,天,,,21,27,0,STORED,0.693147,0.807692,0.0,0.693147,1.0,0,DEFAULTED_0,-14.688178,KEEP,,,以|下|今,有|蓝莓|马,87b378e518149227e0820a66f609bdc82e0a021d09c05eaad8962e0fd131f881
d181,OFFLINE_DUMP_REINFER_REALDIST,有,,,22,27,0,STORED,0.693147,0.846154,0.0,0.693147,1.0,0,DEFAULTED_0,-11.526916,KEEP,,,下|今|天,蓝莓|马|芬,87b378e518149227e0820a66f609bdc82e0a021d09c05eaad8962e0fd131f881
d181,OFFLINE_DUMP_REINFER_REALDIST,蓝莓,,,23,27,0,STORED,1.098612,0.884615,0.0,1.098612,1.0,0,DEFAULTED_0,-8.091116,KEEP,,,今|天|有,马|芬|吗,87b378e518149227e0820a66f609bdc82e0a021d09c05eaad8962e0fd131f881
d181,OFFLINE_DUMP_REINFER_REALDIST,马,,,24,27,0,STORED,0.693147,0.923077,0.0,0.693147,1.0,0,DEFAULTED_0,-16.204016,KEEP,,,天|有|蓝莓,芬|吗,87b378e518149227e0820a66f609bdc82e0a021d09c05eaad8962e0fd131f881
d181,OFFLINE_DUMP_REINFER_REALDIST,芬,,,25,27,0,STORED,0.693147,0.961538,0.0,0.693147,1.0,0,DEFAULTED_0,-15.226876,KEEP,,,有|蓝莓|马,吗,87b378e518149227e0820a66f609bdc82e0a021d09c05eaad8962e0fd131f881
d181,OFFLINE_DUMP_REINFER_REALDIST,吗,,,26,27,0,STORED,0.693147,1.0,0.0,0.693147,1.0,0,DEFAULTED_0,-16.551615,KEEP,,,蓝莓|马|芬,,87b378e518149227e0820a66f609bdc82e0a021d09c05eaad8962e0fd131f881
d181,LIVE_PRIMARY_REINFER_OFFLINE_FEAT_DEFAULTS,你,,,0,27,0,LIVE_TRACE,0.693147,0.0,0.0,0.693147,1.0,0,UNKNOWN_IN_TRACE,-21.601569,KEEP,,,,好|我|想,87b378e518149227e0820a66f609bdc82e0a021d09c05eaad8962e0fd131f881
d181,LIVE_PRIMARY_REINFER_OFFLINE_FEAT_DEFAULTS,好,,,1,27,0,LIVE_TRACE,0.693147,0.038462,0.0,0.693147,1.0,0,UNKNOWN_IN_TRACE,-19.872249,KEEP,,,你,我|想|点,87b378e518149227e0820a66f609bdc82e0a021d09c05eaad8962e0fd131f881
d181,LIVE_PRIMARY_REINFER_OFFLINE_FEAT_DEFAULTS,我,,,2,27,0,LIVE_TRACE,0.693147,0.076923,0.0,0.693147,1.0,0,UNKNOWN_IN_TRACE,-22.884018,KEEP,,,你|好,想|点|一,87b378e518149227e0820a66f609bdc82e0a021d09c05eaad8962e0fd131f881
d181,LIVE_PRIMARY_REINFER_OFFLINE_FEAT_DEFAULTS,想,,,3,27,0,LIVE_TRACE,0.693147,0.115385,0.0,0.693147,1.0,0,UNKNOWN_IN_TRACE,-17.807124,KEEP,,,你|好|我,点|一|杯,87b378e518149227e0820a66f609bdc82e0a021d09c05eaad8962e0fd131f881
d181,LIVE_PRIMARY_REINFER_OFFLINE_FEAT_DEFAULTS,点,,,4,27,0,LIVE_TRACE,0.693147,0.153846,0.0,0.693147,1.0,0,UNKNOWN_IN_TRACE,-20.739139,KEEP,,,好|我|想,一|杯|冰,87b378e518149227e0820a66f609bdc82e0a021d09c05eaad8962e0fd131f881
d181,LIVE_PRIMARY_REINFER_OFFLINE_FEAT_DEFAULTS,一,,,5,27,0,LIVE_TRACE,0.693147,0.192308,0.0,0.693147,1.0,0,UNKNOWN_IN_TRACE,-18.382533,KEEP,,,我|想|点,杯|冰|中,87b378e518149227e0820a66f609bdc82e0a021d09c05eaad8962e0fd131f881
d181,LIVE_PRIMARY_REINFER_OFFLINE_FEAT_DEFAULTS,杯,,,6,27,0,LIVE_TRACE,0.693147,0.230769,0.0,0.693147,1.0,0,UNKNOWN_IN_TRACE,-22.65711,KEEP,,,想|点|一,冰|中|贝,87b378e518149227e0820a66f609bdc82e0a021d09c05eaad8962e0fd131f881
d181,LIVE_PRIMARY_REINFER_OFFLINE_FEAT_DEFAULTS,冰,,,7,27,0,LIVE_TRACE,0.693147,0.269231,0.0,0.693147,1.0,0,UNKNOWN_IN_TRACE,-17.440722,KEEP,,,点|一|杯,中|贝|少,87b378e518149227e0820a66f609bdc82e0a021d09c05eaad8962e0fd131f881
d181,LIVE_PRIMARY_REINFER_OFFLINE_FEAT_DEFAULTS,中,,,8,27,0,LIVE_TRACE,0.693147,0.307692,0.0,0.693147,1.0,0,UNKNOWN_IN_TRACE,-13.745449,KEEP,,,一|杯|冰,贝|少|糖,87b378e518149227e0820a66f609bdc82e0a021d09c05eaad8962e0fd131f881
d181,LIVE_PRIMARY_REINFER_OFFLINE_FEAT_DEFAULTS,贝,,,9,27,0,LIVE_TRACE,0.693147,0.346154,0.0,0.693147,1.0,0,UNKNOWN_IN_TRACE,-17.748687,KEEP,,,杯|冰|中,少|糖|顺,87b378e518149227e0820a66f609bdc82e0a021d09c05eaad8962e0fd131f881
d181,LIVE_PRIMARY_REINFER_OFFLINE_FEAT_DEFAULTS,少,,,10,27,0,LIVE_TRACE,0.693147,0.384615,0.0,0.693147,1.0,0,UNKNOWN_IN_TRACE,-21.526441,KEEP,,,冰|中|贝,糖|顺|便,87b378e518149227e0820a66f609bdc82e0a021d09c05eaad8962e0fd131f881
d181,LIVE_PRIMARY_REINFER_OFFLINE_FEAT_DEFAULTS,糖,,,11,27,0,LIVE_TRACE,0.693147,0.423077,0.0,0.693147,1.0,0,UNKNOWN_IN_TRACE,-17.647638,KEEP,,,中|贝|少,顺|便|温,87b378e518149227e0820a66f609bdc82e0a021d09c05eaad8962e0fd131f881
d181,LIVE_PRIMARY_REINFER_OFFLINE_FEAT_DEFAULTS,顺,,,12,27,0,LIVE_TRACE,0.693147,0.461538,0.0,0.693147,1.0,0,UNKNOWN_IN_TRACE,-10.582967,KEEP,,,贝|少|糖,便|温|习,87b378e518149227e0820a66f609bdc82e0a021d09c05eaad8962e0fd131f881
d181,LIVE_PRIMARY_REINFER_OFFLINE_FEAT_DEFAULTS,便,,,13,27,0,LIVE_TRACE,0.693147,0.5,0.0,0.693147,1.0,0,UNKNOWN_IN_TRACE,-19.547228,KEEP,,,少|糖|顺,温|习|一,87b378e518149227e0820a66f609bdc82e0a021d09c05eaad8962e0fd131f881
d181,LIVE_PRIMARY_REINFER_OFFLINE_FEAT_DEFAULTS,温,,,14,27,0,LIVE_TRACE,0.693147,0.538462,0.0,0.693147,1.0,0,UNKNOWN_IN_TRACE,0.918715,RETRY,,,糖|顺|便,习|一|下,87b378e518149227e0820a66f609bdc82e0a021d09c05eaad8962e0fd131f881
d181,LIVE_PRIMARY_REINFER_OFFLINE_FEAT_DEFAULTS,习,,,15,27,0,LIVE_TRACE,0.693147,0.576923,0.0,0.693147,1.0,0,UNKNOWN_IN_TRACE,-5.71777,KEEP,,,顺|便|温,一|下|以,87b378e518149227e0820a66f609bdc82e0a021d09c05eaad8962e0fd131f881
d181,LIVE_PRIMARY_REINFER_OFFLINE_FEAT_DEFAULTS,一,,,16,27,0,LIVE_TRACE,0.693147,0.615385,0.0,0.693147,1.0,0,UNKNOWN_IN_TRACE,-6.97477,KEEP,,,便|温|习,下|以|下,87b378e518149227e0820a66f609bdc82e0a021d09c05eaad8962e0fd131f881
d181,LIVE_PRIMARY_REINFER_OFFLINE_FEAT_DEFAULTS,下,,,17,27,0,LIVE_TRACE,0.693147,0.653846,0.0,0.693147,1.0,0,UNKNOWN_IN_TRACE,-9.502014,KEEP,,,温|习|一,以|下|今,87b378e518149227e0820a66f609bdc82e0a021d09c05eaad8962e0fd131f881
d181,LIVE_PRIMARY_REINFER_OFFLINE_FEAT_DEFAULTS,以,,,18,27,0,LIVE_TRACE,0.693147,0.692308,0.0,0.693147,1.0,0,UNKNOWN_IN_TRACE,-8.272526,KEEP,,,习|一|下,下|今|天,87b378e518149227e0820a66f609bdc82e0a021d09c05eaad8962e0fd131f881
d181,LIVE_PRIMARY_REINFER_OFFLINE_FEAT_DEFAULTS,下,,,19,27,0,LIVE_TRACE,0.693147,0.730769,0.0,0.693147,1.0,0,UNKNOWN_IN_TRACE,-10.619087,KEEP,,,一|下|以,今|天|有,87b378e518149227e0820a66f609bdc82e0a021d09c05eaad8962e0fd131f881
d181,LIVE_PRIMARY_REINFER_OFFLINE_FEAT_DEFAULTS,今,,,20,27,0,LIVE_TRACE,0.693147,0.769231,0.0,0.693147,1.0,0,UNKNOWN_IN_TRACE,-18.116408,KEEP,,,下|以|下,天|有|蓝莓,87b378e518149227e0820a66f609bdc82e0a021d09c05eaad8962e0fd131f881
d181,LIVE_PRIMARY_REINFER_OFFLINE_FEAT_DEFAULTS,天,,,21,27,0,LIVE_TRACE,0.693147,0.807692,0.0,0.693147,1.0,0,UNKNOWN_IN_TRACE,-14.688178,KEEP,,,以|下|今,有|蓝莓|马,87b378e518149227e0820a66f609bdc82e0a021d09c05eaad8962e0fd131f881
d181,LIVE_PRIMARY_REINFER_OFFLINE_FEAT_DEFAULTS,有,,,22,27,0,LIVE_TRACE,0.693147,0.846154,0.0,0.693147,1.0,0,UNKNOWN_IN_TRACE,-11.526916,KEEP,,,下|今|天,蓝莓|马|芬,87b378e518149227e0820a66f609bdc82e0a021d09c05eaad8962e0fd131f881
d181,LIVE_PRIMARY_REINFER_OFFLINE_FEAT_DEFAULTS,蓝莓,,,23,27,0,LIVE_TRACE,1.098612,0.884615,0.0,1.098612,1.0,0,UNKNOWN_IN_TRACE,-8.091116,KEEP,,,今|天|有,马|芬|吗,87b378e518149227e0820a66f609bdc82e0a021d09c05eaad8962e0fd131f881
d181,LIVE_PRIMARY_REINFER_OFFLINE_FEAT_DEFAULTS,马,,,24,27,0,LIVE_TRACE,0.693147,0.923077,0.0,0.693147,1.0,0,UNKNOWN_IN_TRACE,-16.204016,KEEP,,,天|有|蓝莓,芬|吗,87b378e518149227e0820a66f609bdc82e0a021d09c05eaad8962e0fd131f881
d181,LIVE_PRIMARY_REINFER_OFFLINE_FEAT_DEFAULTS,芬,,,25,27,0,LIVE_TRACE,0.693147,0.961538,0.0,0.693147,1.0,0,UNKNOWN_IN_TRACE,-15.226876,KEEP,,,有|蓝莓|马,吗,87b378e518149227e0820a66f609bdc82e0a021d09c05eaad8962e0fd131f881
d181,LIVE_PRIMARY_REINFER_OFFLINE_FEAT_DEFAULTS,吗,,,26,27,0,LIVE_TRACE,0.693147,1.0,0.0,0.693147,1.0,0,UNKNOWN_IN_TRACE,-16.551615,KEEP,,,蓝莓|马|芬,,87b378e518149227e0820a66f609bdc82e0a021d09c05eaad8962e0fd131f881
d181,LIVE_RECORDED,你,,,0,27,0,LIVE_TRACE,0.693147,0.0,UNKNOWN_NOT_IN_TRACE,0.693147,UNKNOWN_NOT_IN_TRACE,,NOT_PERSISTED_IN_DIALOG200_TRACE,,,-12.270772457122803,KEEP,,好|我|想,87b378e518149227e0820a66f609bdc82e0a021d09c05eaad8962e0fd131f881
d181,LIVE_RECORDED,好,,,1,27,0,LIVE_TRACE,0.693147,0.038462,UNKNOWN_NOT_IN_TRACE,0.693147,UNKNOWN_NOT_IN_TRACE,,NOT_PERSISTED_IN_DIALOG200_TRACE,,,-14.121986389160156,KEEP,你,我|想|点,87b378e518149227e0820a66f609bdc82e0a021d09c05eaad8962e0fd131f881
d181,LIVE_RECORDED,我,,,2,27,0,LIVE_TRACE,0.693147,0.076923,UNKNOWN_NOT_IN_TRACE,0.693147,UNKNOWN_NOT_IN_TRACE,,NOT_PERSISTED_IN_DIALOG200_TRACE,,,-15.726598739624023,KEEP,你|好,想|点|一,87b378e518149227e0820a66f609bdc82e0a021d09c05eaad8962e0fd131f881
d181,LIVE_RECORDED,想,,,3,27,0,LIVE_TRACE,0.693147,0.115385,UNKNOWN_NOT_IN_TRACE,0.693147,UNKNOWN_NOT_IN_TRACE,,NOT_PERSISTED_IN_DIALOG200_TRACE,,,-15.82253646850586,KEEP,你|好|我,点|一|杯,87b378e518149227e0820a66f609bdc82e0a021d09c05eaad8962e0fd131f881
d181,LIVE_RECORDED,点,,,4,27,0,LIVE_TRACE,0.693147,0.153846,UNKNOWN_NOT_IN_TRACE,0.693147,UNKNOWN_NOT_IN_TRACE,,NOT_PERSISTED_IN_DIALOG200_TRACE,,,-12.175771713256836,KEEP,好|我|想,一|杯|冰,87b378e518149227e0820a66f609bdc82e0a021d09c05eaad8962e0fd131f881
d181,LIVE_RECORDED,一,,,5,27,0,LIVE_TRACE,0.693147,0.192308,UNKNOWN_NOT_IN_TRACE,0.693147,UNKNOWN_NOT_IN_TRACE,,NOT_PERSISTED_IN_DIALOG200_TRACE,,,-10.189483165740967,KEEP,我|想|点,杯|冰|中,87b378e518149227e0820a66f609bdc82e0a021d09c05eaad8962e0fd131f881
d181,LIVE_RECORDED,杯,,,6,27,0,LIVE_TRACE,0.693147,0.230769,UNKNOWN_NOT_IN_TRACE,0.693147,UNKNOWN_NOT_IN_TRACE,,NOT_PERSISTED_IN_DIALOG200_TRACE,,,-11.183996677398682,KEEP,想|点|一,冰|中|贝,87b378e518149227e0820a66f609bdc82e0a021d09c05eaad8962e0fd131f881
d181,LIVE_RECORDED,冰,,,7,27,0,LIVE_TRACE,0.693147,0.269231,UNKNOWN_NOT_IN_TRACE,0.693147,UNKNOWN_NOT_IN_TRACE,,NOT_PERSISTED_IN_DIALOG200_TRACE,,,-6.667853593826294,KEEP,点|一|杯,中|贝|少,87b378e518149227e0820a66f609bdc82e0a021d09c05eaad8962e0fd131f881
d181,LIVE_RECORDED,中,,,8,27,0,LIVE_TRACE,0.693147,0.307692,UNKNOWN_NOT_IN_TRACE,0.693147,UNKNOWN_NOT_IN_TRACE,,NOT_PERSISTED_IN_DIALOG200_TRACE,,,-16.826027870178223,KEEP,一|杯|冰,贝|少|糖,87b378e518149227e0820a66f609bdc82e0a021d09c05eaad8962e0fd131f881
d181,LIVE_RECORDED,贝,,,9,27,0,LIVE_TRACE,0.693147,0.346154,UNKNOWN_NOT_IN_TRACE,0.693147,UNKNOWN_NOT_IN_TRACE,,NOT_PERSISTED_IN_DIALOG200_TRACE,,,-12.044986724853516,KEEP,杯|冰|中,少|糖|顺,87b378e518149227e0820a66f609bdc82e0a021d09c05eaad8962e0fd131f881
d181,LIVE_RECORDED,少,,,10,27,0,LIVE_TRACE,0.693147,0.384615,UNKNOWN_NOT_IN_TRACE,0.693147,UNKNOWN_NOT_IN_TRACE,,NOT_PERSISTED_IN_DIALOG200_TRACE,,,-11.438027381896973,KEEP,冰|中|贝,糖|顺|便,87b378e518149227e0820a66f609bdc82e0a021d09c05eaad8962e0fd131f881
d181,LIVE_RECORDED,糖,,,11,27,0,LIVE_TRACE,0.693147,0.423077,UNKNOWN_NOT_IN_TRACE,0.693147,UNKNOWN_NOT_IN_TRACE,,NOT_PERSISTED_IN_DIALOG200_TRACE,,,-16.20708179473877,KEEP,中|贝|少,顺|便|温,87b378e518149227e0820a66f609bdc82e0a021d09c05eaad8962e0fd131f881
d181,LIVE_RECORDED,顺,,,12,27,0,LIVE_TRACE,0.693147,0.461538,UNKNOWN_NOT_IN_TRACE,0.693147,UNKNOWN_NOT_IN_TRACE,,NOT_PERSISTED_IN_DIALOG200_TRACE,,,-13.19891357421875,KEEP,贝|少|糖,便|温|习,87b378e518149227e0820a66f609bdc82e0a021d09c05eaad8962e0fd131f881
d181,LIVE_RECORDED,便,,,13,27,0,LIVE_TRACE,0.693147,0.5,UNKNOWN_NOT_IN_TRACE,0.693147,UNKNOWN_NOT_IN_TRACE,,NOT_PERSISTED_IN_DIALOG200_TRACE,,,-13.40029525756836,KEEP,少|糖|顺,温|习|一,87b378e518149227e0820a66f609bdc82e0a021d09c05eaad8962e0fd131f881
d181,LIVE_RECORDED,温,,,14,27,0,LIVE_TRACE,0.693147,0.538462,UNKNOWN_NOT_IN_TRACE,0.693147,UNKNOWN_NOT_IN_TRACE,,NOT_PERSISTED_IN_DIALOG200_TRACE,,,-13.447888374328613,KEEP,糖|顺|便,习|一|下,87b378e518149227e0820a66f609bdc82e0a021d09c05eaad8962e0fd131f881
d181,LIVE_RECORDED,习,,,15,27,0,LIVE_TRACE,0.693147,0.576923,UNKNOWN_NOT_IN_TRACE,0.693147,UNKNOWN_NOT_IN_TRACE,,NOT_PERSISTED_IN_DIALOG200_TRACE,,,-13.699090957641602,KEEP,顺|便|温,一|下|以,87b378e518149227e0820a66f609bdc82e0a021d09c05eaad8962e0fd131f881
d181,LIVE_RECORDED,一,,,16,27,0,LIVE_TRACE,0.693147,0.615385,UNKNOWN_NOT_IN_TRACE,0.693147,UNKNOWN_NOT_IN_TRACE,,NOT_PERSISTED_IN_DIALOG200_TRACE,,,-13.847111225128174,KEEP,便|温|习,下|以|下,87b378e518149227e0820a66f609bdc82e0a021d09c05eaad8962e0fd131f881
d181,LIVE_RECORDED,下,,,17,27,0,LIVE_TRACE,0.693147,0.653846,UNKNOWN_NOT_IN_TRACE,0.693147,UNKNOWN_NOT_IN_TRACE,,NOT_PERSISTED_IN_DIALOG200_TRACE,,,-12.890601634979248,KEEP,温|习|一,以|下|今,87b378e518149227e0820a66f609bdc82e0a021d09c05eaad8962e0fd131f881
d181,LIVE_RECORDED,以,,,18,27,0,LIVE_TRACE,0.693147,0.692308,UNKNOWN_NOT_IN_TRACE,0.693147,UNKNOWN_NOT_IN_TRACE,,NOT_PERSISTED_IN_DIALOG200_TRACE,,,-11.35044813156128,KEEP,习|一|下,下|今|天,87b378e518149227e0820a66f609bdc82e0a021d09c05eaad8962e0fd131f881
d181,LIVE_RECORDED,下,,,19,27,0,LIVE_TRACE,0.693147,0.730769,UNKNOWN_NOT_IN_TRACE,0.693147,UNKNOWN_NOT_IN_TRACE,,NOT_PERSISTED_IN_DIALOG200_TRACE,,,-15.09911298751831,KEEP,一|下|以,今|天|有,87b378e518149227e0820a66f609bdc82e0a021d09c05eaad8962e0fd131f881
d181,LIVE_RECORDED,今,,,20,27,0,LIVE_TRACE,0.693147,0.769231,UNKNOWN_NOT_IN_TRACE,0.693147,UNKNOWN_NOT_IN_TRACE,,NOT_PERSISTED_IN_DIALOG200_TRACE,,,-16.542580604553223,KEEP,下|以|下,天|有|蓝莓,87b378e518149227e0820a66f609bdc82e0a021d09c05eaad8962e0fd131f881
d181,LIVE_RECORDED,天,,,21,27,0,LIVE_TRACE,0.693147,0.807692,UNKNOWN_NOT_IN_TRACE,0.693147,UNKNOWN_NOT_IN_TRACE,,NOT_PERSISTED_IN_DIALOG200_TRACE,,,-14.832719802856445,KEEP,以|下|今,有|蓝莓|马,87b378e518149227e0820a66f609bdc82e0a021d09c05eaad8962e0fd131f881
d181,LIVE_RECORDED,有,,,22,27,0,LIVE_TRACE,0.693147,0.846154,UNKNOWN_NOT_IN_TRACE,0.693147,UNKNOWN_NOT_IN_TRACE,,NOT_PERSISTED_IN_DIALOG200_TRACE,,,-5.943739891052246,KEEP,下|今|天,蓝莓|马|芬,87b378e518149227e0820a66f609bdc82e0a021d09c05eaad8962e0fd131f881
d181,LIVE_RECORDED,蓝莓,,,23,27,0,LIVE_TRACE,1.098612,0.884615,UNKNOWN_NOT_IN_TRACE,1.098612,UNKNOWN_NOT_IN_TRACE,,NOT_PERSISTED_IN_DIALOG200_TRACE,,,-15.035695552825928,KEEP,今|天|有,马|芬|吗,87b378e518149227e0820a66f609bdc82e0a021d09c05eaad8962e0fd131f881
d181,LIVE_RECORDED,马,,,24,27,0,LIVE_TRACE,0.693147,0.923077,UNKNOWN_NOT_IN_TRACE,0.693147,UNKNOWN_NOT_IN_TRACE,,NOT_PERSISTED_IN_DIALOG200_TRACE,,,-15.451336860656738,KEEP,天|有|蓝莓,芬|吗,87b378e518149227e0820a66f609bdc82e0a021d09c05eaad8962e0fd131f881
d181,LIVE_RECORDED,芬,,,25,27,0,LIVE_TRACE,0.693147,0.961538,UNKNOWN_NOT_IN_TRACE,0.693147,UNKNOWN_NOT_IN_TRACE,,NOT_PERSISTED_IN_DIALOG200_TRACE,,,-14.1042799949646,KEEP,有|蓝莓|马,吗,87b378e518149227e0820a66f609bdc82e0a021d09c05eaad8962e0fd131f881
d181,LIVE_RECORDED,吗,,,26,27,0,LIVE_TRACE,0.693147,1.0,UNKNOWN_NOT_IN_TRACE,0.693147,UNKNOWN_NOT_IN_TRACE,,NOT_PERSISTED_IN_DIALOG200_TRACE,,,-16.19152545928955,KEEP,蓝莓|马|芬,,87b378e518149227e0820a66f609bdc82e0a021d09c05eaad8962e0fd131f881
d195,OFFLINE_DUMP_REINFER_REALDIST,我,,,0,26,0,STORED,0.693147,0.0,0.0,0.693147,1.0,0,DEFAULTED_0,-25.052936,KEEP,,,,想|对|比,68ffa88b9c1ad7ec7f455e0a5a46ac93b8c9cb3280a61c4561b7694c617a248d
d195,OFFLINE_DUMP_REINFER_REALDIST,想,,,1,26,0,STORED,0.693147,0.04,0.0,0.693147,1.0,0,DEFAULTED_0,-19.101272,KEEP,,,我,对|比|一,68ffa88b9c1ad7ec7f455e0a5a46ac93b8c9cb3280a61c4561b7694c617a248d
d195,OFFLINE_DUMP_REINFER_REALDIST,对,,,2,26,0,STORED,0.693147,0.08,0.0,0.693147,1.0,0,DEFAULTED_0,7.236333,RETRY,,,我|想,比|一|下,68ffa88b9c1ad7ec7f455e0a5a46ac93b8c9cb3280a61c4561b7694c617a248d
d195,OFFLINE_DUMP_REINFER_REALDIST,比,,,3,26,0,STORED,0.693147,0.12,0.0,0.693147,1.0,0,DEFAULTED_0,-1.121791,KEEP,,,我|想|对,一|下|这,68ffa88b9c1ad7ec7f455e0a5a46ac93b8c9cb3280a61c4561b7694c617a248d
d195,OFFLINE_DUMP_REINFER_REALDIST,一,,,4,26,0,STORED,0.693147,0.16,0.0,0.693147,1.0,0,DEFAULTED_0,-13.026793,KEEP,,,想|对|比,下|这|两,68ffa88b9c1ad7ec7f455e0a5a46ac93b8c9cb3280a61c4561b7694c617a248d
d195,OFFLINE_DUMP_REINFER_REALDIST,下,,,5,26,0,STORED,0.693147,0.2,0.0,0.693147,1.0,0,DEFAULTED_0,-13.163146,KEEP,,,对|比|一,这|两|款,68ffa88b9c1ad7ec7f455e0a5a46ac93b8c9cb3280a61c4561b7694c617a248d
d195,OFFLINE_DUMP_REINFER_REALDIST,这,,,6,26,0,STORED,0.693147,0.24,0.0,0.693147,1.0,0,DEFAULTED_0,-17.375933,KEEP,,,比|一|下,两|款|在,68ffa88b9c1ad7ec7f455e0a5a46ac93b8c9cb3280a61c4561b7694c617a248d
d195,OFFLINE_DUMP_REINFER_REALDIST,两,,,7,26,0,STORED,0.693147,0.28,0.0,0.693147,1.0,0,DEFAULTED_0,-14.59797,KEEP,,,一|下|这,款|在|点,68ffa88b9c1ad7ec7f455e0a5a46ac93b8c9cb3280a61c4561b7694c617a248d
d195,OFFLINE_DUMP_REINFER_REALDIST,款,,,8,26,0,STORED,0.693147,0.32,0.0,0.693147,1.0,0,DEFAULTED_0,-13.808256,KEEP,,,下|这|两,在|点|赞,68ffa88b9c1ad7ec7f455e0a5a46ac93b8c9cb3280a61c4561b7694c617a248d
d195,OFFLINE_DUMP_REINFER_REALDIST,在,,,9,26,0,STORED,0.693147,0.36,0.0,0.693147,1.0,0,DEFAULTED_0,-17.16468,KEEP,,,这|两|款,点|赞|订,68ffa88b9c1ad7ec7f455e0a5a46ac93b8c9cb3280a61c4561b7694c617a248d
d195,OFFLINE_DUMP_REINFER_REALDIST,点,,,10,26,0,STORED,0.693147,0.4,0.0,0.693147,1.0,0,DEFAULTED_0,-16.014112,KEEP,,,两|款|在,赞|订|单,68ffa88b9c1ad7ec7f455e0a5a46ac93b8c9cb3280a61c4561b7694c617a248d
d195,OFFLINE_DUMP_REINFER_REALDIST,赞,,,11,26,0,STORED,0.693147,0.44,0.0,0.693147,1.0,0,DEFAULTED_0,-17.637666,KEEP,,,款|在|点,订|单|中,68ffa88b9c1ad7ec7f455e0a5a46ac93b8c9cb3280a61c4561b7694c617a248d
d195,OFFLINE_DUMP_REINFER_REALDIST,订,,,12,26,0,STORED,0.693147,0.48,0.0,0.693147,1.0,0,DEFAULTED_0,-15.634664,KEEP,,,在|点|赞,单|中|排,68ffa88b9c1ad7ec7f455e0a5a46ac93b8c9cb3280a61c4561b7694c617a248d
d195,OFFLINE_DUMP_REINFER_REALDIST,单,,,13,26,0,STORED,0.693147,0.52,0.0,0.693147,1.0,0,DEFAULTED_0,-16.863975,KEEP,,,点|赞|订,中|排|的,68ffa88b9c1ad7ec7f455e0a5a46ac93b8c9cb3280a61c4561b7694c617a248d
d195,OFFLINE_DUMP_REINFER_REALDIST,中,,,14,26,0,STORED,0.693147,0.56,0.0,0.693147,1.0,0,DEFAULTED_0,-9.003958,KEEP,,,赞|订|单,排|的|加,68ffa88b9c1ad7ec7f455e0a5a46ac93b8c9cb3280a61c4561b7694c617a248d
d195,OFFLINE_DUMP_REINFER_REALDIST,排,,,15,26,0,STORED,0.693147,0.6,0.0,0.693147,1.0,0,DEFAULTED_0,-14.828139,KEEP,,,订|单|中,的|加|个,68ffa88b9c1ad7ec7f455e0a5a46ac93b8c9cb3280a61c4561b7694c617a248d
d195,OFFLINE_DUMP_REINFER_REALDIST,的,,,16,26,0,STORED,0.693147,0.64,0.0,0.693147,1.0,0,DEFAULTED_0,-16.21918,KEEP,,,单|中|排,加|个|会,68ffa88b9c1ad7ec7f455e0a5a46ac93b8c9cb3280a61c4561b7694c617a248d
d195,OFFLINE_DUMP_REINFER_REALDIST,加,,,17,26,0,STORED,0.693147,0.68,0.0,0.693147,1.0,0,DEFAULTED_0,-11.689895,KEEP,,,中|排|的,个|会|员,68ffa88b9c1ad7ec7f455e0a5a46ac93b8c9cb3280a61c4561b7694c617a248d
d195,OFFLINE_DUMP_REINFER_REALDIST,个,,,18,26,0,STORED,0.693147,0.72,0.0,0.693147,1.0,0,DEFAULTED_0,-17.09107,KEEP,,,排|的|加,会|员|日,68ffa88b9c1ad7ec7f455e0a5a46ac93b8c9cb3280a61c4561b7694c617a248d
d195,OFFLINE_DUMP_REINFER_REALDIST,会,,,19,26,0,STORED,0.693147,0.76,0.0,0.693147,1.0,0,DEFAULTED_0,-16.586896,KEEP,,,的|加|个,员|日|能,68ffa88b9c1ad7ec7f455e0a5a46ac93b8c9cb3280a61c4561b7694c617a248d
d195,OFFLINE_DUMP_REINFER_REALDIST,员,,,20,26,0,STORED,0.693147,0.8,0.0,0.693147,1.0,0,DEFAULTED_0,-10.260274,KEEP,,,加|个|会,日|能|再,68ffa88b9c1ad7ec7f455e0a5a46ac93b8c9cb3280a61c4561b7694c617a248d
d195,OFFLINE_DUMP_REINFER_REALDIST,日,,,21,26,0,STORED,0.693147,0.84,0.0,0.693147,1.0,0,DEFAULTED_0,-15.213469,KEEP,,,个|会|员,能|再|点,68ffa88b9c1ad7ec7f455e0a5a46ac93b8c9cb3280a61c4561b7694c617a248d
d195,OFFLINE_DUMP_REINFER_REALDIST,能,,,22,26,0,STORED,0.693147,0.88,0.0,0.693147,1.0,0,DEFAULTED_0,-14.254554,KEEP,,,会|员|日,再|点|吗,68ffa88b9c1ad7ec7f455e0a5a46ac93b8c9cb3280a61c4561b7694c617a248d
d195,OFFLINE_DUMP_REINFER_REALDIST,再,,,23,26,0,STORED,0.693147,0.92,0.0,0.693147,1.0,0,DEFAULTED_0,-13.282496,KEEP,,,员|日|能,点|吗,68ffa88b9c1ad7ec7f455e0a5a46ac93b8c9cb3280a61c4561b7694c617a248d
d195,OFFLINE_DUMP_REINFER_REALDIST,点,,,24,26,0,STORED,0.693147,0.96,0.0,0.693147,1.0,0,DEFAULTED_0,-17.498452,KEEP,,,日|能|再,吗,68ffa88b9c1ad7ec7f455e0a5a46ac93b8c9cb3280a61c4561b7694c617a248d
d195,OFFLINE_DUMP_REINFER_REALDIST,吗,,,25,26,0,STORED,0.693147,1.0,0.0,0.693147,1.0,0,DEFAULTED_0,-15.228264,KEEP,,,能|再|点,,68ffa88b9c1ad7ec7f455e0a5a46ac93b8c9cb3280a61c4561b7694c617a248d
d195,LIVE_PRIMARY_REINFER_OFFLINE_FEAT_DEFAULTS,我,,,0,29,0,LIVE_TRACE,0.693147,0.0,0.0,0.693147,1.0,0,UNKNOWN_IN_TRACE,-25.070938,KEEP,,,,想|对|比,765cef0cd9829b043a696603577ce4d09b0b55e28529456f05042ef11d0dd98c
d195,LIVE_PRIMARY_REINFER_OFFLINE_FEAT_DEFAULTS,想,,,1,29,0,LIVE_TRACE,0.693147,0.035714,0.0,0.693147,1.0,0,UNKNOWN_IN_TRACE,-19.674727,KEEP,,,我,对|比|一,765cef0cd9829b043a696603577ce4d09b0b55e28529456f05042ef11d0dd98c
d195,LIVE_PRIMARY_REINFER_OFFLINE_FEAT_DEFAULTS,对,,,2,29,0,LIVE_TRACE,0.693147,0.071429,0.0,0.693147,1.0,0,UNKNOWN_IN_TRACE,6.096183,RETRY,,,我|想,比|一|下,765cef0cd9829b043a696603577ce4d09b0b55e28529456f05042ef11d0dd98c
d195,LIVE_PRIMARY_REINFER_OFFLINE_FEAT_DEFAULTS,比,,,3,29,0,LIVE_TRACE,0.693147,0.107143,0.0,0.693147,1.0,0,UNKNOWN_IN_TRACE,-1.918678,KEEP,,,我|想|对,一|下|这,765cef0cd9829b043a696603577ce4d09b0b55e28529456f05042ef11d0dd98c
d195,LIVE_PRIMARY_REINFER_OFFLINE_FEAT_DEFAULTS,一,,,4,29,0,LIVE_TRACE,0.693147,0.142857,0.0,0.693147,1.0,0,UNKNOWN_IN_TRACE,-14.586888,KEEP,,,想|对|比,下|这|两,765cef0cd9829b043a696603577ce4d09b0b55e28529456f05042ef11d0dd98c
d195,LIVE_PRIMARY_REINFER_OFFLINE_FEAT_DEFAULTS,下,,,5,29,0,LIVE_TRACE,0.693147,0.178571,0.0,0.693147,1.0,0,UNKNOWN_IN_TRACE,-14.206923,KEEP,,,对|比|一,这|两|款,765cef0cd9829b043a696603577ce4d09b0b55e28529456f05042ef11d0dd98c
d195,LIVE_PRIMARY_REINFER_OFFLINE_FEAT_DEFAULTS,这,,,6,29,0,LIVE_TRACE,0.693147,0.214286,0.0,0.693147,1.0,0,UNKNOWN_IN_TRACE,-17.944514,KEEP,,,比|一|下,两|款|定,765cef0cd9829b043a696603577ce4d09b0b55e28529456f05042ef11d0dd98c
d195,LIVE_PRIMARY_REINFER_OFFLINE_FEAT_DEFAULTS,两,,,7,29,0,LIVE_TRACE,0.693147,0.25,0.0,0.693147,1.0,0,UNKNOWN_IN_TRACE,-15.159268,KEEP,,,一|下|这,款|定|制,765cef0cd9829b043a696603577ce4d09b0b55e28529456f05042ef11d0dd98c
d195,LIVE_PRIMARY_REINFER_OFFLINE_FEAT_DEFAULTS,款,,,8,29,0,LIVE_TRACE,0.693147,0.285714,0.0,0.693147,1.0,0,UNKNOWN_IN_TRACE,-15.138715,KEEP,,,下|这|两,定|制|器,765cef0cd9829b043a696603577ce4d09b0b55e28529456f05042ef11d0dd98c
d195,LIVE_PRIMARY_REINFER_OFFLINE_FEAT_DEFAULTS,定,,,9,29,0,LIVE_TRACE,0.693147,0.321429,0.0,0.693147,1.0,0,UNKNOWN_IN_TRACE,-13.58211,KEEP,,,这|两|款,制|器|在,765cef0cd9829b043a696603577ce4d09b0b55e28529456f05042ef11d0dd98c
d195,LIVE_PRIMARY_REINFER_OFFLINE_FEAT_DEFAULTS,制,,,10,29,0,LIVE_TRACE,0.693147,0.357143,0.0,0.693147,1.0,0,UNKNOWN_IN_TRACE,-12.516029,KEEP,,,两|款|定,器|在|平,765cef0cd9829b043a696603577ce4d09b0b55e28529456f05042ef11d0dd98c
d195,LIVE_PRIMARY_REINFER_OFFLINE_FEAT_DEFAULTS,器,,,11,29,0,LIVE_TRACE,0.693147,0.392857,0.0,0.693147,1.0,0,UNKNOWN_IN_TRACE,-18.452616,KEEP,,,款|定|制,在|平|淡,765cef0cd9829b043a696603577ce4d09b0b55e28529456f05042ef11d0dd98c
d195,LIVE_PRIMARY_REINFER_OFFLINE_FEAT_DEFAULTS,在,,,12,29,0,LIVE_TRACE,0.693147,0.428571,0.0,0.693147,1.0,0,UNKNOWN_IN_TRACE,-14.892441,KEEP,,,定|制|器,平|淡|中,765cef0cd9829b043a696603577ce4d09b0b55e28529456f05042ef11d0dd98c
d195,LIVE_PRIMARY_REINFER_OFFLINE_FEAT_DEFAULTS,平,,,13,29,0,LIVE_TRACE,0.693147,0.464286,0.0,0.693147,1.0,0,UNKNOWN_IN_TRACE,-13.866966,KEEP,,,制|器|在,淡|中|台,765cef0cd9829b043a696603577ce4d09b0b55e28529456f05042ef11d0dd98c
d195,LIVE_PRIMARY_REINFER_OFFLINE_FEAT_DEFAULTS,淡,,,14,29,0,LIVE_TRACE,0.693147,0.5,0.0,0.693147,1.0,0,UNKNOWN_IN_TRACE,-16.604769,KEEP,,,器|在|平,中|台|的,765cef0cd9829b043a696603577ce4d09b0b55e28529456f05042ef11d0dd98c
d195,LIVE_PRIMARY_REINFER_OFFLINE_FEAT_DEFAULTS,中,,,15,29,0,LIVE_TRACE,0.693147,0.535714,0.0,0.693147,1.0,0,UNKNOWN_IN_TRACE,-10.462814,KEEP,,,在|平|淡,台|的|加,765cef0cd9829b043a696603577ce4d09b0b55e28529456f05042ef11d0dd98c
d195,LIVE_PRIMARY_REINFER_OFFLINE_FEAT_DEFAULTS,台,,,16,29,0,LIVE_TRACE,0.693147,0.571429,0.0,0.693147,1.0,0,UNKNOWN_IN_TRACE,-14.050952,KEEP,,,平|淡|中,的|加|格,765cef0cd9829b043a696603577ce4d09b0b55e28529456f05042ef11d0dd98c
d195,LIVE_PRIMARY_REINFER_OFFLINE_FEAT_DEFAULTS,的,,,17,29,0,LIVE_TRACE,0.693147,0.607143,0.0,0.693147,1.0,0,UNKNOWN_IN_TRACE,-13.92134,KEEP,,,淡|中|台,加|格|会,765cef0cd9829b043a696603577ce4d09b0b55e28529456f05042ef11d0dd98c
d195,LIVE_PRIMARY_REINFER_OFFLINE_FEAT_DEFAULTS,加,,,18,29,0,LIVE_TRACE,0.693147,0.642857,0.0,0.693147,1.0,0,UNKNOWN_IN_TRACE,-15.087195,KEEP,,,中|台|的,格|会|员,765cef0cd9829b043a696603577ce4d09b0b55e28529456f05042ef11d0dd98c
d195,LIVE_PRIMARY_REINFER_OFFLINE_FEAT_DEFAULTS,格,,,19,29,0,LIVE_TRACE,0.693147,0.678571,0.0,0.693147,1.0,0,UNKNOWN_IN_TRACE,-13.373827,KEEP,,,台|的|加,会|员|日,765cef0cd9829b043a696603577ce4d09b0b55e28529456f05042ef11d0dd98c
d195,LIVE_PRIMARY_REINFER_OFFLINE_FEAT_DEFAULTS,会,,,20,29,0,LIVE_TRACE,0.693147,0.714286,0.0,0.693147,1.0,0,UNKNOWN_IN_TRACE,-16.989307,KEEP,,,的|加|格,员|日|能,765cef0cd9829b043a696603577ce4d09b0b55e28529456f05042ef11d0dd98c
d195,LIVE_PRIMARY_REINFER_OFFLINE_FEAT_DEFAULTS,员,,,21,29,0,LIVE_TRACE,0.693147,0.75,0.0,0.693147,1.0,0,UNKNOWN_IN_TRACE,-11.213496,KEEP,,,加|格|会,日|能|再,765cef0cd9829b043a696603577ce4d09b0b55e28529456f05042ef11d0dd98c
d195,LIVE_PRIMARY_REINFER_OFFLINE_FEAT_DEFAULTS,日,,,22,29,0,LIVE_TRACE,0.693147,0.785714,0.0,0.693147,1.0,0,UNKNOWN_IN_TRACE,-15.108849,KEEP,,,格|会|员,能|再|减,765cef0cd9829b043a696603577ce4d09b0b55e28529456f05042ef11d0dd98c
d195,LIVE_PRIMARY_REINFER_OFFLINE_FEAT_DEFAULTS,能,,,23,29,0,LIVE_TRACE,0.693147,0.821429,0.0,0.693147,1.0,0,UNKNOWN_IN_TRACE,-14.710369,KEEP,,,会|员|日,再|减|一,765cef0cd9829b043a696603577ce4d09b0b55e28529456f05042ef11d0dd98c
d195,LIVE_PRIMARY_REINFER_OFFLINE_FEAT_DEFAULTS,再,,,24,29,0,LIVE_TRACE,0.693147,0.857143,0.0,0.693147,1.0,0,UNKNOWN_IN_TRACE,-12.404844,KEEP,,,员|日|能,减|一|点,765cef0cd9829b043a696603577ce4d09b0b55e28529456f05042ef11d0dd98c
d195,LIVE_PRIMARY_REINFER_OFFLINE_FEAT_DEFAULTS,减,,,25,29,0,LIVE_TRACE,0.693147,0.892857,0.0,0.693147,1.0,0,UNKNOWN_IN_TRACE,-13.617036,KEEP,,,日|能|再,一|点|吗,765cef0cd9829b043a696603577ce4d09b0b55e28529456f05042ef11d0dd98c
d195,LIVE_PRIMARY_REINFER_OFFLINE_FEAT_DEFAULTS,一,,,26,29,0,LIVE_TRACE,0.693147,0.928571,0.0,0.693147,1.0,0,UNKNOWN_IN_TRACE,-12.595741,KEEP,,,能|再|减,点|吗,765cef0cd9829b043a696603577ce4d09b0b55e28529456f05042ef11d0dd98c
d195,LIVE_PRIMARY_REINFER_OFFLINE_FEAT_DEFAULTS,点,,,27,29,0,LIVE_TRACE,0.693147,0.964286,0.0,0.693147,1.0,0,UNKNOWN_IN_TRACE,-17.293507,KEEP,,,再|减|一,吗,765cef0cd9829b043a696603577ce4d09b0b55e28529456f05042ef11d0dd98c
d195,LIVE_PRIMARY_REINFER_OFFLINE_FEAT_DEFAULTS,吗,,,28,29,0,LIVE_TRACE,0.693147,1.0,0.0,0.693147,1.0,0,UNKNOWN_IN_TRACE,-15.522816,KEEP,,,减|一|点,,765cef0cd9829b043a696603577ce4d09b0b55e28529456f05042ef11d0dd98c
d195,LIVE_RECORDED,我,,,0,29,0,LIVE_TRACE,0.693147,0.0,UNKNOWN_NOT_IN_TRACE,0.693147,UNKNOWN_NOT_IN_TRACE,,NOT_PERSISTED_IN_DIALOG200_TRACE,,,-15.12604570388794,KEEP,,想|对|比,765cef0cd9829b043a696603577ce4d09b0b55e28529456f05042ef11d0dd98c
d195,LIVE_RECORDED,想,,,1,29,0,LIVE_TRACE,0.693147,0.035714,UNKNOWN_NOT_IN_TRACE,0.693147,UNKNOWN_NOT_IN_TRACE,,NOT_PERSISTED_IN_DIALOG200_TRACE,,,-13.503530502319336,KEEP,我,对|比|一,765cef0cd9829b043a696603577ce4d09b0b55e28529456f05042ef11d0dd98c
d195,LIVE_RECORDED,对,,,2,29,0,LIVE_TRACE,0.693147,0.071429,UNKNOWN_NOT_IN_TRACE,0.693147,UNKNOWN_NOT_IN_TRACE,,NOT_PERSISTED_IN_DIALOG200_TRACE,,,-15.052044868469238,KEEP,我|想,比|一|下,765cef0cd9829b043a696603577ce4d09b0b55e28529456f05042ef11d0dd98c
d195,LIVE_RECORDED,比,,,3,29,0,LIVE_TRACE,0.693147,0.107143,UNKNOWN_NOT_IN_TRACE,0.693147,UNKNOWN_NOT_IN_TRACE,,NOT_PERSISTED_IN_DIALOG200_TRACE,,,-15.443841457366943,KEEP,我|想|对,一|下|这,765cef0cd9829b043a696603577ce4d09b0b55e28529456f05042ef11d0dd98c
d195,LIVE_RECORDED,一,,,4,29,0,LIVE_TRACE,0.693147,0.142857,UNKNOWN_NOT_IN_TRACE,0.693147,UNKNOWN_NOT_IN_TRACE,,NOT_PERSISTED_IN_DIALOG200_TRACE,,,-10.449332237243652,KEEP,想|对|比,下|这|两,765cef0cd9829b043a696603577ce4d09b0b55e28529456f05042ef11d0dd98c
d195,LIVE_RECORDED,下,,,5,29,0,LIVE_TRACE,0.693147,0.178571,UNKNOWN_NOT_IN_TRACE,0.693147,UNKNOWN_NOT_IN_TRACE,,NOT_PERSISTED_IN_DIALOG200_TRACE,,,-14.29684829711914,KEEP,对|比|一,这|两|款,765cef0cd9829b043a696603577ce4d09b0b55e28529456f05042ef11d0dd98c
d195,LIVE_RECORDED,这,,,6,29,0,LIVE_TRACE,0.693147,0.214286,UNKNOWN_NOT_IN_TRACE,0.693147,UNKNOWN_NOT_IN_TRACE,,NOT_PERSISTED_IN_DIALOG200_TRACE,,,-14.177227020263672,KEEP,比|一|下,两|款|定,765cef0cd9829b043a696603577ce4d09b0b55e28529456f05042ef11d0dd98c
d195,LIVE_RECORDED,两,,,7,29,0,LIVE_TRACE,0.693147,0.25,UNKNOWN_NOT_IN_TRACE,0.693147,UNKNOWN_NOT_IN_TRACE,,NOT_PERSISTED_IN_DIALOG200_TRACE,,,-14.397276401519775,KEEP,一|下|这,款|定|制,765cef0cd9829b043a696603577ce4d09b0b55e28529456f05042ef11d0dd98c
d195,LIVE_RECORDED,款,,,8,29,0,LIVE_TRACE,0.693147,0.285714,UNKNOWN_NOT_IN_TRACE,0.693147,UNKNOWN_NOT_IN_TRACE,,NOT_PERSISTED_IN_DIALOG200_TRACE,,,-15.077842235565186,KEEP,下|这|两,定|制|器,765cef0cd9829b043a696603577ce4d09b0b55e28529456f05042ef11d0dd98c
d195,LIVE_RECORDED,定,,,9,29,0,LIVE_TRACE,0.693147,0.321429,UNKNOWN_NOT_IN_TRACE,0.693147,UNKNOWN_NOT_IN_TRACE,,NOT_PERSISTED_IN_DIALOG200_TRACE,,,-16.27717113494873,KEEP,这|两|款,制|器|在,765cef0cd9829b043a696603577ce4d09b0b55e28529456f05042ef11d0dd98c
d195,LIVE_RECORDED,制,,,10,29,0,LIVE_TRACE,0.693147,0.357143,UNKNOWN_NOT_IN_TRACE,0.693147,UNKNOWN_NOT_IN_TRACE,,NOT_PERSISTED_IN_DIALOG200_TRACE,,,-13.077640533447266,KEEP,两|款|定,器|在|平,765cef0cd9829b043a696603577ce4d09b0b55e28529456f05042ef11d0dd98c
d195,LIVE_RECORDED,器,,,11,29,0,LIVE_TRACE,0.693147,0.392857,UNKNOWN_NOT_IN_TRACE,0.693147,UNKNOWN_NOT_IN_TRACE,,NOT_PERSISTED_IN_DIALOG200_TRACE,,,-12.73756742477417,KEEP,款|定|制,在|平|淡,765cef0cd9829b043a696603577ce4d09b0b55e28529456f05042ef11d0dd98c
d195,LIVE_RECORDED,在,,,12,29,0,LIVE_TRACE,0.693147,0.428571,UNKNOWN_NOT_IN_TRACE,0.693147,UNKNOWN_NOT_IN_TRACE,,NOT_PERSISTED_IN_DIALOG200_TRACE,,,-11.559813499450684,KEEP,定|制|器,平|淡|中,765cef0cd9829b043a696603577ce4d09b0b55e28529456f05042ef11d0dd98c
d195,LIVE_RECORDED,平,,,13,29,0,LIVE_TRACE,0.693147,0.464286,UNKNOWN_NOT_IN_TRACE,0.693147,UNKNOWN_NOT_IN_TRACE,,NOT_PERSISTED_IN_DIALOG200_TRACE,,,-15.498880386352539,KEEP,制|器|在,淡|中|台,765cef0cd9829b043a696603577ce4d09b0b55e28529456f05042ef11d0dd98c
d195,LIVE_RECORDED,淡,,,14,29,0,LIVE_TRACE,0.693147,0.5,UNKNOWN_NOT_IN_TRACE,0.693147,UNKNOWN_NOT_IN_TRACE,,NOT_PERSISTED_IN_DIALOG200_TRACE,,,-10.534730911254883,KEEP,器|在|平,中|台|的,765cef0cd9829b043a696603577ce4d09b0b55e28529456f05042ef11d0dd98c
d195,LIVE_RECORDED,中,,,15,29,0,LIVE_TRACE,0.693147,0.535714,UNKNOWN_NOT_IN_TRACE,0.693147,UNKNOWN_NOT_IN_TRACE,,NOT_PERSISTED_IN_DIALOG200_TRACE,,,-14.970752239227295,KEEP,在|平|淡,台|的|加,765cef0cd9829b043a696603577ce4d09b0b55e28529456f05042ef11d0dd98c
d195,LIVE_RECORDED,台,,,16,29,0,LIVE_TRACE,0.693147,0.571429,UNKNOWN_NOT_IN_TRACE,0.693147,UNKNOWN_NOT_IN_TRACE,,NOT_PERSISTED_IN_DIALOG200_TRACE,,,-15.414935111999512,KEEP,平|淡|中,的|加|格,765cef0cd9829b043a696603577ce4d09b0b55e28529456f05042ef11d0dd98c
d195,LIVE_RECORDED,的,,,17,29,0,LIVE_TRACE,0.693147,0.607143,UNKNOWN_NOT_IN_TRACE,0.693147,UNKNOWN_NOT_IN_TRACE,,NOT_PERSISTED_IN_DIALOG200_TRACE,,,-11.233402252197266,KEEP,淡|中|台,加|格|会,765cef0cd9829b043a696603577ce4d09b0b55e28529456f05042ef11d0dd98c
d195,LIVE_RECORDED,加,,,18,29,0,LIVE_TRACE,0.693147,0.642857,UNKNOWN_NOT_IN_TRACE,0.693147,UNKNOWN_NOT_IN_TRACE,,NOT_PERSISTED_IN_DIALOG200_TRACE,,,-15.314767837524414,KEEP,中|台|的,格|会|员,765cef0cd9829b043a696603577ce4d09b0b55e28529456f05042ef11d0dd98c
d195,LIVE_RECORDED,格,,,19,29,0,LIVE_TRACE,0.693147,0.678571,UNKNOWN_NOT_IN_TRACE,0.693147,UNKNOWN_NOT_IN_TRACE,,NOT_PERSISTED_IN_DIALOG200_TRACE,,,-10.750080108642578,KEEP,台|的|加,会|员|日,765cef0cd9829b043a696603577ce4d09b0b55e28529456f05042ef11d0dd98c
d195,LIVE_RECORDED,会,,,20,29,0,LIVE_TRACE,0.693147,0.714286,UNKNOWN_NOT_IN_TRACE,0.693147,UNKNOWN_NOT_IN_TRACE,,NOT_PERSISTED_IN_DIALOG200_TRACE,,,-14.828836441040039,KEEP,的|加|格,员|日|能,765cef0cd9829b043a696603577ce4d09b0b55e28529456f05042ef11d0dd98c
d195,LIVE_RECORDED,员,,,21,29,0,LIVE_TRACE,0.693147,0.75,UNKNOWN_NOT_IN_TRACE,0.693147,UNKNOWN_NOT_IN_TRACE,,NOT_PERSISTED_IN_DIALOG200_TRACE,,,-10.665496349334717,KEEP,加|格|会,日|能|再,765cef0cd9829b043a696603577ce4d09b0b55e28529456f05042ef11d0dd98c
d195,LIVE_RECORDED,日,,,22,29,0,LIVE_TRACE,0.693147,0.785714,UNKNOWN_NOT_IN_TRACE,0.693147,UNKNOWN_NOT_IN_TRACE,,NOT_PERSISTED_IN_DIALOG200_TRACE,,,-15.486918926239014,KEEP,格|会|员,能|再|减,765cef0cd9829b043a696603577ce4d09b0b55e28529456f05042ef11d0dd98c
d195,LIVE_RECORDED,能,,,23,29,0,LIVE_TRACE,0.693147,0.821429,UNKNOWN_NOT_IN_TRACE,0.693147,UNKNOWN_NOT_IN_TRACE,,NOT_PERSISTED_IN_DIALOG200_TRACE,,,-12.299288749694824,KEEP,会|员|日,再|减|一,765cef0cd9829b043a696603577ce4d09b0b55e28529456f05042ef11d0dd98c
d195,LIVE_RECORDED,再,,,24,29,0,LIVE_TRACE,0.693147,0.857143,UNKNOWN_NOT_IN_TRACE,0.693147,UNKNOWN_NOT_IN_TRACE,,NOT_PERSISTED_IN_DIALOG200_TRACE,,,-12.063677787780762,KEEP,员|日|能,减|一|点,765cef0cd9829b043a696603577ce4d09b0b55e28529456f05042ef11d0dd98c
d195,LIVE_RECORDED,减,,,25,29,0,LIVE_TRACE,0.693147,0.892857,UNKNOWN_NOT_IN_TRACE,0.693147,UNKNOWN_NOT_IN_TRACE,,NOT_PERSISTED_IN_DIALOG200_TRACE,,,-12.241550922393799,KEEP,日|能|再,一|点|吗,765cef0cd9829b043a696603577ce4d09b0b55e28529456f05042ef11d0dd98c
d195,LIVE_RECORDED,一,,,26,29,0,LIVE_TRACE,0.693147,0.928571,UNKNOWN_NOT_IN_TRACE,0.693147,UNKNOWN_NOT_IN_TRACE,,NOT_PERSISTED_IN_DIALOG200_TRACE,,,-13.132445812225342,KEEP,能|再|减,点|吗,765cef0cd9829b043a696603577ce4d09b0b55e28529456f05042ef11d0dd98c
d195,LIVE_RECORDED,点,,,27,29,0,LIVE_TRACE,0.693147,0.964286,UNKNOWN_NOT_IN_TRACE,0.693147,UNKNOWN_NOT_IN_TRACE,,NOT_PERSISTED_IN_DIALOG200_TRACE,,,-14.780652523040771,KEEP,再|减|一,吗,765cef0cd9829b043a696603577ce4d09b0b55e28529456f05042ef11d0dd98c
d195,LIVE_RECORDED,吗,,,28,29,0,LIVE_TRACE,0.693147,1.0,UNKNOWN_NOT_IN_TRACE,0.693147,UNKNOWN_NOT_IN_TRACE,,NOT_PERSISTED_IN_DIALOG200_TRACE,,,-14.864488124847412,KEEP,减|一|点,,765cef0cd9829b043a696603577ce4d09b0b55e28529456f05042ef11d0dd98c
d137,OFFLINE_DUMP_REINFER_REALDIST,麻,,,0,16,0,STORED,0.693147,0.0,0.0,0.693147,1.0,0,DEFAULTED_0,-19.424346,KEEP,,,,烦|帮|我,eb798f3b41733d6a73d84a693a1dd37d5eac24c80d1e734610722b68b57f64d0
d137,OFFLINE_DUMP_REINFER_REALDIST,烦,,,1,16,0,STORED,0.693147,0.066667,0.0,0.693147,1.0,0,DEFAULTED_0,-13.661224,KEEP,,,麻,帮|我|做,eb798f3b41733d6a73d84a693a1dd37d5eac24c80d1e734610722b68b57f64d0
d137,OFFLINE_DUMP_REINFER_REALDIST,帮,,,2,16,0,STORED,0.693147,0.133333,0.0,0.693147,1.0,0,DEFAULTED_0,-19.866454,KEEP,,,麻|烦,我|做|一,eb798f3b41733d6a73d84a693a1dd37d5eac24c80d1e734610722b68b57f64d0
d137,OFFLINE_DUMP_REINFER_REALDIST,我,,,3,16,0,STORED,0.693147,0.2,0.0,0.693147,1.0,0,DEFAULTED_0,-19.781398,KEEP,,,麻|烦|帮,做|一|杯,eb798f3b41733d6a73d84a693a1dd37d5eac24c80d1e734610722b68b57f64d0
d137,OFFLINE_DUMP_REINFER_REALDIST,做,,,4,16,0,STORED,0.693147,0.266667,0.0,0.693147,1.0,0,DEFAULTED_0,-14.534848,KEEP,,,烦|帮|我,一|杯|热,eb798f3b41733d6a73d84a693a1dd37d5eac24c80d1e734610722b68b57f64d0
d137,OFFLINE_DUMP_REINFER_REALDIST,一,,,5,16,0,STORED,0.693147,0.333333,0.0,0.693147,1.0,0,DEFAULTED_0,-17.971089,KEEP,,,帮|我|做,杯|热|带,eb798f3b41733d6a73d84a693a1dd37d5eac24c80d1e734610722b68b57f64d0
d137,OFFLINE_DUMP_REINFER_REALDIST,杯,,,6,16,0,STORED,0.693147,0.4,0.0,0.693147,1.0,0,DEFAULTED_0,-20.210637,KEEP,,,我|做|一,热|带|走,eb798f3b41733d6a73d84a693a1dd37d5eac24c80d1e734610722b68b57f64d0
d137,OFFLINE_DUMP_REINFER_REALDIST,热,,,7,16,0,STORED,0.693147,0.466667,0.0,0.693147,1.0,0,DEFAULTED_0,-18.175376,KEEP,,,做|一|杯,带|走|大,eb798f3b41733d6a73d84a693a1dd37d5eac24c80d1e734610722b68b57f64d0
d137,OFFLINE_DUMP_REINFER_REALDIST,带,,,8,16,0,STORED,0.693147,0.533333,0.0,0.693147,1.0,0,DEFAULTED_0,-13.794644,KEEP,,,一|杯|热,走|大|背,eb798f3b41733d6a73d84a693a1dd37d5eac24c80d1e734610722b68b57f64d0
d137,OFFLINE_DUMP_REINFER_REALDIST,走,,,9,16,0,STORED,0.693147,0.6,0.0,0.693147,1.0,0,DEFAULTED_0,-20.265607,KEEP,,,杯|热|带,大|背|就,eb798f3b41733d6a73d84a693a1dd37d5eac24c80d1e734610722b68b57f64d0
d137,OFFLINE_DUMP_REINFER_REALDIST,大,,,10,16,0,STORED,0.693147,0.666667,0.0,0.693147,1.0,0,DEFAULTED_0,-13.053369,KEEP,,,热|带|走,背|就|行,eb798f3b41733d6a73d84a693a1dd37d5eac24c80d1e734610722b68b57f64d0
d137,OFFLINE_DUMP_REINFER_REALDIST,背,,,11,16,0,STORED,0.693147,0.733333,0.0,0.693147,1.0,0,DEFAULTED_0,1.611794,RETRY,,,带|走|大,就|行|谢,eb798f3b41733d6a73d84a693a1dd37d5eac24c80d1e734610722b68b57f64d0
d137,OFFLINE_DUMP_REINFER_REALDIST,就,,,12,16,0,STORED,0.693147,0.8,0.0,0.693147,1.0,0,DEFAULTED_0,-14.917494,KEEP,,,走|大|背,行|谢|谢,eb798f3b41733d6a73d84a693a1dd37d5eac24c80d1e734610722b68b57f64d0
d137,OFFLINE_DUMP_REINFER_REALDIST,行,,,13,16,0,STORED,0.693147,0.866667,0.0,0.693147,1.0,0,DEFAULTED_0,-14.549255,KEEP,,,大|背|就,谢|谢,eb798f3b41733d6a73d84a693a1dd37d5eac24c80d1e734610722b68b57f64d0
d137,OFFLINE_DUMP_REINFER_REALDIST,谢,,,14,16,0,STORED,0.693147,0.933333,0.0,0.693147,1.0,0,DEFAULTED_0,-12.063258,KEEP,,,背|就|行,谢,eb798f3b41733d6a73d84a693a1dd37d5eac24c80d1e734610722b68b57f64d0
d137,OFFLINE_DUMP_REINFER_REALDIST,谢,,,15,16,0,STORED,0.693147,1.0,0.0,0.693147,1.0,0,DEFAULTED_0,-11.16116,KEEP,,,就|行|谢,,eb798f3b41733d6a73d84a693a1dd37d5eac24c80d1e734610722b68b57f64d0
d137,LIVE_PRIMARY_REINFER_OFFLINE_FEAT_DEFAULTS,麻,,,0,16,0,LIVE_TRACE,0.693147,0.0,0.0,0.693147,1.0,0,UNKNOWN_IN_TRACE,-19.424346,KEEP,,,,烦|帮|我,eb798f3b41733d6a73d84a693a1dd37d5eac24c80d1e734610722b68b57f64d0
d137,LIVE_PRIMARY_REINFER_OFFLINE_FEAT_DEFAULTS,烦,,,1,16,0,LIVE_TRACE,0.693147,0.066667,0.0,0.693147,1.0,0,UNKNOWN_IN_TRACE,-13.661224,KEEP,,,麻,帮|我|做,eb798f3b41733d6a73d84a693a1dd37d5eac24c80d1e734610722b68b57f64d0
d137,LIVE_PRIMARY_REINFER_OFFLINE_FEAT_DEFAULTS,帮,,,2,16,0,LIVE_TRACE,0.693147,0.133333,0.0,0.693147,1.0,0,UNKNOWN_IN_TRACE,-19.866454,KEEP,,,麻|烦,我|做|一,eb798f3b41733d6a73d84a693a1dd37d5eac24c80d1e734610722b68b57f64d0
d137,LIVE_PRIMARY_REINFER_OFFLINE_FEAT_DEFAULTS,我,,,3,16,0,LIVE_TRACE,0.693147,0.2,0.0,0.693147,1.0,0,UNKNOWN_IN_TRACE,-19.781398,KEEP,,,麻|烦|帮,做|一|杯,eb798f3b41733d6a73d84a693a1dd37d5eac24c80d1e734610722b68b57f64d0
d137,LIVE_PRIMARY_REINFER_OFFLINE_FEAT_DEFAULTS,做,,,4,16,0,LIVE_TRACE,0.693147,0.266667,0.0,0.693147,1.0,0,UNKNOWN_IN_TRACE,-14.534848,KEEP,,,烦|帮|我,一|杯|热,eb798f3b41733d6a73d84a693a1dd37d5eac24c80d1e734610722b68b57f64d0
d137,LIVE_PRIMARY_REINFER_OFFLINE_FEAT_DEFAULTS,一,,,5,16,0,LIVE_TRACE,0.693147,0.333333,0.0,0.693147,1.0,0,UNKNOWN_IN_TRACE,-17.971089,KEEP,,,帮|我|做,杯|热|带,eb798f3b41733d6a73d84a693a1dd37d5eac24c80d1e734610722b68b57f64d0
d137,LIVE_PRIMARY_REINFER_OFFLINE_FEAT_DEFAULTS,杯,,,6,16,0,LIVE_TRACE,0.693147,0.4,0.0,0.693147,1.0,0,UNKNOWN_IN_TRACE,-20.210637,KEEP,,,我|做|一,热|带|走,eb798f3b41733d6a73d84a693a1dd37d5eac24c80d1e734610722b68b57f64d0
d137,LIVE_PRIMARY_REINFER_OFFLINE_FEAT_DEFAULTS,热,,,7,16,0,LIVE_TRACE,0.693147,0.466667,0.0,0.693147,1.0,0,UNKNOWN_IN_TRACE,-18.175376,KEEP,,,做|一|杯,带|走|大,eb798f3b41733d6a73d84a693a1dd37d5eac24c80d1e734610722b68b57f64d0
d137,LIVE_PRIMARY_REINFER_OFFLINE_FEAT_DEFAULTS,带,,,8,16,0,LIVE_TRACE,0.693147,0.533333,0.0,0.693147,1.0,0,UNKNOWN_IN_TRACE,-13.794644,KEEP,,,一|杯|热,走|大|背,eb798f3b41733d6a73d84a693a1dd37d5eac24c80d1e734610722b68b57f64d0
d137,LIVE_PRIMARY_REINFER_OFFLINE_FEAT_DEFAULTS,走,,,9,16,0,LIVE_TRACE,0.693147,0.6,0.0,0.693147,1.0,0,UNKNOWN_IN_TRACE,-20.265607,KEEP,,,杯|热|带,大|背|就,eb798f3b41733d6a73d84a693a1dd37d5eac24c80d1e734610722b68b57f64d0
d137,LIVE_PRIMARY_REINFER_OFFLINE_FEAT_DEFAULTS,大,,,10,16,0,LIVE_TRACE,0.693147,0.666667,0.0,0.693147,1.0,0,UNKNOWN_IN_TRACE,-13.053369,KEEP,,,热|带|走,背|就|行,eb798f3b41733d6a73d84a693a1dd37d5eac24c80d1e734610722b68b57f64d0
d137,LIVE_PRIMARY_REINFER_OFFLINE_FEAT_DEFAULTS,背,,,11,16,0,LIVE_TRACE,0.693147,0.733333,0.0,0.693147,1.0,0,UNKNOWN_IN_TRACE,1.611794,RETRY,,,带|走|大,就|行|谢,eb798f3b41733d6a73d84a693a1dd37d5eac24c80d1e734610722b68b57f64d0
d137,LIVE_PRIMARY_REINFER_OFFLINE_FEAT_DEFAULTS,就,,,12,16,0,LIVE_TRACE,0.693147,0.8,0.0,0.693147,1.0,0,UNKNOWN_IN_TRACE,-14.917494,KEEP,,,走|大|背,行|谢|谢,eb798f3b41733d6a73d84a693a1dd37d5eac24c80d1e734610722b68b57f64d0
d137,LIVE_PRIMARY_REINFER_OFFLINE_FEAT_DEFAULTS,行,,,13,16,0,LIVE_TRACE,0.693147,0.866667,0.0,0.693147,1.0,0,UNKNOWN_IN_TRACE,-14.549255,KEEP,,,大|背|就,谢|谢,eb798f3b41733d6a73d84a693a1dd37d5eac24c80d1e734610722b68b57f64d0
d137,LIVE_PRIMARY_REINFER_OFFLINE_FEAT_DEFAULTS,谢,,,14,16,0,LIVE_TRACE,0.693147,0.933333,0.0,0.693147,1.0,0,UNKNOWN_IN_TRACE,-12.063258,KEEP,,,背|就|行,谢,eb798f3b41733d6a73d84a693a1dd37d5eac24c80d1e734610722b68b57f64d0
d137,LIVE_PRIMARY_REINFER_OFFLINE_FEAT_DEFAULTS,谢,,,15,16,0,LIVE_TRACE,0.693147,1.0,0.0,0.693147,1.0,0,UNKNOWN_IN_TRACE,-11.16116,KEEP,,,就|行|谢,,eb798f3b41733d6a73d84a693a1dd37d5eac24c80d1e734610722b68b57f64d0
d137,LIVE_RECORDED,麻,,,0,16,0,LIVE_TRACE,0.693147,0.0,UNKNOWN_NOT_IN_TRACE,0.693147,UNKNOWN_NOT_IN_TRACE,,NOT_PERSISTED_IN_DIALOG200_TRACE,,,-17.816155433654785,KEEP,,烦|帮|我,eb798f3b41733d6a73d84a693a1dd37d5eac24c80d1e734610722b68b57f64d0
d137,LIVE_RECORDED,烦,,,1,16,0,LIVE_TRACE,0.693147,0.066667,UNKNOWN_NOT_IN_TRACE,0.693147,UNKNOWN_NOT_IN_TRACE,,NOT_PERSISTED_IN_DIALOG200_TRACE,,,-15.836273193359375,KEEP,麻,帮|我|做,eb798f3b41733d6a73d84a693a1dd37d5eac24c80d1e734610722b68b57f64d0
d137,LIVE_RECORDED,帮,,,2,16,0,LIVE_TRACE,0.693147,0.133333,UNKNOWN_NOT_IN_TRACE,0.693147,UNKNOWN_NOT_IN_TRACE,,NOT_PERSISTED_IN_DIALOG200_TRACE,,,-17.091967582702637,KEEP,麻|烦,我|做|一,eb798f3b41733d6a73d84a693a1dd37d5eac24c80d1e734610722b68b57f64d0
d137,LIVE_RECORDED,我,,,3,16,0,LIVE_TRACE,0.693147,0.2,UNKNOWN_NOT_IN_TRACE,0.693147,UNKNOWN_NOT_IN_TRACE,,NOT_PERSISTED_IN_DIALOG200_TRACE,,,-17.314096450805664,KEEP,麻|烦|帮,做|一|杯,eb798f3b41733d6a73d84a693a1dd37d5eac24c80d1e734610722b68b57f64d0
d137,LIVE_RECORDED,做,,,4,16,0,LIVE_TRACE,0.693147,0.266667,UNKNOWN_NOT_IN_TRACE,0.693147,UNKNOWN_NOT_IN_TRACE,,NOT_PERSISTED_IN_DIALOG200_TRACE,,,-14.49124813079834,KEEP,烦|帮|我,一|杯|热,eb798f3b41733d6a73d84a693a1dd37d5eac24c80d1e734610722b68b57f64d0
d137,LIVE_RECORDED,一,,,5,16,0,LIVE_TRACE,0.693147,0.333333,UNKNOWN_NOT_IN_TRACE,0.693147,UNKNOWN_NOT_IN_TRACE,,NOT_PERSISTED_IN_DIALOG200_TRACE,,,-7.657751560211182,KEEP,帮|我|做,杯|热|带,eb798f3b41733d6a73d84a693a1dd37d5eac24c80d1e734610722b68b57f64d0
d137,LIVE_RECORDED,杯,,,6,16,0,LIVE_TRACE,0.693147,0.4,UNKNOWN_NOT_IN_TRACE,0.693147,UNKNOWN_NOT_IN_TRACE,,NOT_PERSISTED_IN_DIALOG200_TRACE,,,-8.297130584716797,KEEP,我|做|一,热|带|走,eb798f3b41733d6a73d84a693a1dd37d5eac24c80d1e734610722b68b57f64d0
d137,LIVE_RECORDED,热,,,7,16,0,LIVE_TRACE,0.693147,0.466667,UNKNOWN_NOT_IN_TRACE,0.693147,UNKNOWN_NOT_IN_TRACE,,NOT_PERSISTED_IN_DIALOG200_TRACE,,,-10.67094087600708,KEEP,做|一|杯,带|走|大,eb798f3b41733d6a73d84a693a1dd37d5eac24c80d1e734610722b68b57f64d0
d137,LIVE_RECORDED,带,,,8,16,0,LIVE_TRACE,0.693147,0.533333,UNKNOWN_NOT_IN_TRACE,0.693147,UNKNOWN_NOT_IN_TRACE,,NOT_PERSISTED_IN_DIALOG200_TRACE,,,-15.0857515335083,KEEP,一|杯|热,走|大|背,eb798f3b41733d6a73d84a693a1dd37d5eac24c80d1e734610722b68b57f64d0
d137,LIVE_RECORDED,走,,,9,16,0,LIVE_TRACE,0.693147,0.6,UNKNOWN_NOT_IN_TRACE,0.693147,UNKNOWN_NOT_IN_TRACE,,NOT_PERSISTED_IN_DIALOG200_TRACE,,,-13.756207942962646,KEEP,杯|热|带,大|背|就,eb798f3b41733d6a73d84a693a1dd37d5eac24c80d1e734610722b68b57f64d0
d137,LIVE_RECORDED,大,,,10,16,0,LIVE_TRACE,0.693147,0.666667,UNKNOWN_NOT_IN_TRACE,0.693147,UNKNOWN_NOT_IN_TRACE,,NOT_PERSISTED_IN_DIALOG200_TRACE,,,-13.865368366241455,KEEP,热|带|走,背|就|行,eb798f3b41733d6a73d84a693a1dd37d5eac24c80d1e734610722b68b57f64d0
d137,LIVE_RECORDED,背,,,11,16,0,LIVE_TRACE,0.693147,0.733333,UNKNOWN_NOT_IN_TRACE,0.693147,UNKNOWN_NOT_IN_TRACE,,NOT_PERSISTED_IN_DIALOG200_TRACE,,,-14.042197227478027,KEEP,带|走|大,就|行|谢,eb798f3b41733d6a73d84a693a1dd37d5eac24c80d1e734610722b68b57f64d0
d137,LIVE_RECORDED,就,,,12,16,0,LIVE_TRACE,0.693147,0.8,UNKNOWN_NOT_IN_TRACE,0.693147,UNKNOWN_NOT_IN_TRACE,,NOT_PERSISTED_IN_DIALOG200_TRACE,,,-14.58899450302124,KEEP,走|大|背,行|谢|谢,eb798f3b41733d6a73d84a693a1dd37d5eac24c80d1e734610722b68b57f64d0
d137,LIVE_RECORDED,行,,,13,16,0,LIVE_TRACE,0.693147,0.866667,UNKNOWN_NOT_IN_TRACE,0.693147,UNKNOWN_NOT_IN_TRACE,,NOT_PERSISTED_IN_DIALOG200_TRACE,,,-15.664580345153809,KEEP,大|背|就,谢|谢,eb798f3b41733d6a73d84a693a1dd37d5eac24c80d1e734610722b68b57f64d0
d137,LIVE_RECORDED,谢,,,14,16,0,LIVE_TRACE,0.693147,0.933333,UNKNOWN_NOT_IN_TRACE,0.693147,UNKNOWN_NOT_IN_TRACE,,NOT_PERSISTED_IN_DIALOG200_TRACE,,,-14.391239166259766,KEEP,背|就|行,谢,eb798f3b41733d6a73d84a693a1dd37d5eac24c80d1e734610722b68b57f64d0
d137,LIVE_RECORDED,谢,,,15,16,0,LIVE_TRACE,0.693147,1.0,UNKNOWN_NOT_IN_TRACE,0.693147,UNKNOWN_NOT_IN_TRACE,,NOT_PERSISTED_IN_DIALOG200_TRACE,,,-14.400355815887451,KEEP,就|行|谢,,eb798f3b41733d6a73d84a693a1dd37d5eac24c80d1e734610722b68b57f64d0
