caseId,currentText,reference,baselineFinal,s3Final,rawRetry,logicalRetryApprox,retryRegions,regionJson,retryReturned,maxMargin,kenlmPoolBase,kenlmPoolS3,outcome
d001,"你好,我想點一杯熱拿鐵中貝少糖 今天有蓝没马分吗?",你好，我想点一杯热拿铁，中杯，少糖。顺便问一下今天有蓝莓马芬吗？,"你好,我想点一杯热拿铁中贝少糖 今天有蓝没马分吗?","你好,我想点一杯热拿铁中贝少糖 今天有蓝没马分吗?",8,8,4,"[{""retryRegionId"": ""m3rr:fine:e65b595b67561130d2cfbed1f9b53d7bb95a74bb6cbe7730017dada720c35a69:10:fine:e65b595b67561130d2cfbed1f9b53d7bb95a74bb6cbe7730017dada720c35a69:11"", ""sourceSpanIds"": [""fine:e65b595b67561130d2cfbed1f9b53d7bb95a74bb6cbe7730017dada720c35a69:10"", ""fine:e65b595b67561130d2cfbed1f9b53d7bb95a74bb6cbe7730017dada720c35a69:11""], ""rawStart"": 11, ""rawEnd"": 13, ""syllableStart"": 10, ""syllableEnd"": 12, ""oldLocalSpanSurfaces"": [""中"", ""贝""], ""newLocalSpanSurfaces"": [""中"", ""贝""], ""regionMergedF",4,8.665590286254883,2,2,UNCHANGED_RETRY_NO_EFFECT
d002,麻烦帮我做一杯美式带走大背就行谢谢,麻烦帮我做一杯美式带走，大杯就行，谢谢。,麻烦帮我做一杯美式带走大背就行谢谢,麻烦帮我做一杯美式带走大背就行谢谢,11,11,7,"[{""retryRegionId"": ""m3rr:fine:1ff853294abaa92522bd1f74e24e1523522571dd575d20d3cc71abe29649a5ef:4:fine:1ff853294abaa92522bd1f74e24e1523522571dd575d20d3cc71abe29649a5ef:4"", ""sourceSpanIds"": [""fine:1ff853294abaa92522bd1f74e24e1523522571dd575d20d3cc71abe29649a5ef:4""], ""rawStart"": 4, ""rawEnd"": 5, ""syllableStart"": 4, ""syllableEnd"": 5, ""oldLocalSpanSurfaces"": [""做""], ""newLocalSpanSurfaces"": [""做""], ""regionMergedFromAdjacentRetry"": false, ""recallCandidatesReturned"": 0, ""candidateBudgetAfter"": 0, ""secondDo",5,8.986138343811035,1,1,UNCHANGED_RETRY_NO_EFFECT
d003,"请问,这款烟麦拿铁可以烧病吗? 我赶时间小背",请问这款燕麦拿铁可以少冰吗？我赶时间，小杯。,"请问,这款烟麦拿铁可以烧病吗?我赶时间小背","请问,这款烟麦拿铁可以烧病吗? 我赶时间小背",7,7,6,"[{""retryRegionId"": ""m3rr:fine:8abbc76111de7c632d7d17362fe9a7cda58f3c9572ab70bc308648553237b238:4:fine:8abbc76111de7c632d7d17362fe9a7cda58f3c9572ab70bc308648553237b238:5"", ""sourceSpanIds"": [""fine:8abbc76111de7c632d7d17362fe9a7cda58f3c9572ab70bc308648553237b238:4"", ""fine:8abbc76111de7c632d7d17362fe9a7cda58f3c9572ab70bc308648553237b238:5""], ""rawStart"": 5, ""rawEnd"": 7, ""syllableStart"": 4, ""syllableEnd"": 6, ""oldLocalSpanSurfaces"": [""烟"", ""麦""], ""newLocalSpanSurfaces"": [""烟"", ""麦""], ""regionMergedFromAdjac",5,6.103139400482178,1,1,UNCHANGED_RETRY_NO_EFFECT
d004,小臣客户反馈翻译引擎接口报错 我们能不能加缓存下午 三点前 把结论发群里,小陈，客户反馈翻译引擎接口报错，我们能不能加缓存，下午三点前把结论发群里？,小城客户反馈翻译引擎接口报错 我们能不能加缓存下午三点前 把结论发群里,小臣客户反馈翻译引擎接口报错 我们能不能加缓存下午 三点前 把结论发群里,11,11,7,"[{""retryRegionId"": ""m3rr:fine:4b41bd370144a17469b3db7503f4b0699cd7564e8cd9d7cac8385f82a7974ed2:1:fine:4b41bd370144a17469b3db7503f4b0699cd7564e8cd9d7cac8385f82a7974ed2:1"", ""sourceSpanIds"": [""fine:4b41bd370144a17469b3db7503f4b0699cd7564e8cd9d7cac8385f82a7974ed2:1""], ""rawStart"": 1, ""rawEnd"": 2, ""syllableStart"": 1, ""syllableEnd"": 2, ""oldLocalSpanSurfaces"": [""臣""], ""newLocalSpanSurfaces"": [""臣""], ""regionMergedFromAdjacentRetry"": false, ""recallCandidatesReturned"": 0, ""candidateBudgetAfter"": 0, ""secondDo",5,5.484721899032593,2,2,INDETERMINATE
d005,"今天德湛会现过一下定,但中台 进度内存占用高折块需要先留保护 大家看一下风险",今天的站会先过一下订单中台进度，内存占用高这块需要限流保护，大家看一下风险。,"今天德湛会现贵一下定,但中台 近都内存站用高折块需要先留保护大家看一下风险","今天德湛会现过一下定,但中台 进度内存占用高折块需要先留保护 大家看一下风险",48,48,40,"[{""retryRegionId"": ""m3rr:fine:e7b474d7cf6e4f2b79ef60926cb20e3c0ac0e68185e96c3f8052a2682620ab04:2:fine:e7b474d7cf6e4f2b79ef60926cb20e3c0ac0e68185e96c3f8052a2682620ab04:2"", ""sourceSpanIds"": [""fine:e7b474d7cf6e4f2b79ef60926cb20e3c0ac0e68185e96c3f8052a2682620ab04:2""], ""rawStart"": 2, ""rawEnd"": 3, ""syllableStart"": 2, ""syllableEnd"": 3, ""oldLocalSpanSurfaces"": [""德""], ""newLocalSpanSurfaces"": [""德""], ""regionMergedFromAdjacentRetry"": false, ""recallCandidatesReturned"": 0, ""candidateBudgetAfter"": 0, ""secondDo",32,12.567230224609375,1,1,IMPROVED
d006,跟会员系统相关的需求我整理了一板八点钱请大家帮忙评审一下,跟会员系统相关的需求我整理了一版，八点前请大家帮忙评审一下。,跟会员系统相关的需求我整理了一板八点钱请大家帮忙评审一下,跟会员系统相关的需求我整理了一板八点钱请大家帮忙评审一下,5,5,4,"[{""retryRegionId"": ""m3rr:fine:68ffa88b9c1ad7ec7f455e0a5a46ac93b8c9cb3280a61c4561b7694c617a248d:5:fine:68ffa88b9c1ad7ec7f455e0a5a46ac93b8c9cb3280a61c4561b7694c617a248d:5"", ""sourceSpanIds"": [""fine:68ffa88b9c1ad7ec7f455e0a5a46ac93b8c9cb3280a61c4561b7694c617a248d:5""], ""rawStart"": 5, ""rawEnd"": 6, ""syllableStart"": 5, ""syllableEnd"": 6, ""oldLocalSpanSurfaces"": [""相""], ""newLocalSpanSurfaces"": [""相""], ""regionMergedFromAdjacentRetry"": false, ""recallCandidatesReturned"": 0, ""candidateBudgetAfter"": 0, ""secondDo",3,12.107037544250488,1,1,UNCHANGED_RETRY_NO_EFFECT
d007,市副局仲官村軟件遠走機場告訴 我幹 9点半的回药师赌车宁提前跟我说,师傅，去中关村软件园，走机场高速。我赶九点半的会，要是堵车您提前跟我说。,市副局仲观村软件远走机场告诉 我干 9点半的回药师赌车您提前跟我说,市副局仲官村软件远走机场告诉 我干 9点半的回药师赌车宁提前跟我说,9,9,6,"[{""retryRegionId"": ""m3rr:fine:9fe199822a73ec49789f752c07f1805f7a3af8ffc179017705e231a169c58d6f:0:fine:9fe199822a73ec49789f752c07f1805f7a3af8ffc179017705e231a169c58d6f:2"", ""sourceSpanIds"": [""fine:9fe199822a73ec49789f752c07f1805f7a3af8ffc179017705e231a169c58d6f:0"", ""fine:9fe199822a73ec49789f752c07f1805f7a3af8ffc179017705e231a169c58d6f:1"", ""fine:9fe199822a73ec49789f752c07f1805f7a3af8ffc179017705e231a169c58d6f:2""], ""rawStart"": 0, ""rawEnd"": 3, ""syllableStart"": 0, ""syllableEnd"": 3, ""oldLocalSpanSurfac",6,12.239006519317627,1,1,REGRESSED
d008,麻烦送我到国贸散清南门大该多久能到 我是点声 十分有隔电话会,麻烦送我到国贸三期南门，大概多久能到？我十点十分有个电话会。,麻烦送我到国贸散清南门大该多久能到 我十点 十分有隔电话会,麻烦送我到国贸散清南门大该多久能到 我是点声 十分有隔电话会,12,12,9,"[{""retryRegionId"": ""m3rr:fine:1f78d5b31f8081f1298f70e10d85ff837bc08d16d8416f17d70ce71d983b3cd9:11:fine:1f78d5b31f8081f1298f70e10d85ff837bc08d16d8416f17d70ce71d983b3cd9:11"", ""sourceSpanIds"": [""fine:1f78d5b31f8081f1298f70e10d85ff837bc08d16d8416f17d70ce71d983b3cd9:11""], ""rawStart"": 11, ""rawEnd"": 12, ""syllableStart"": 11, ""syllableEnd"": 12, ""oldLocalSpanSurfaces"": [""大""], ""newLocalSpanSurfaces"": [""大""], ""regionMergedFromAdjacentRetry"": false, ""recallCandidatesReturned"": 1, ""candidateBudgetAfter"": 1, ""s",12,6.864004611968994,2,6,REGRESSED
d009,去望金色和不走私环可以吗?那贬现在赌不赌?,去望京SOHO，不走四环可以吗？那边现在堵不堵？,去望金色和不走私环可以吗?那贬现在赌不赌?,去望金色和不走私环可以吗?那贬现在赌不赌?,38,38,16,"[{""retryRegionId"": ""m3rr:fine:8abbc76111de7c632d7d17362fe9a7cda58f3c9572ab70bc308648553237b238:0:fine:8abbc76111de7c632d7d17362fe9a7cda58f3c9572ab70bc308648553237b238:2"", ""sourceSpanIds"": [""fine:8abbc76111de7c632d7d17362fe9a7cda58f3c9572ab70bc308648553237b238:0"", ""fine:8abbc76111de7c632d7d17362fe9a7cda58f3c9572ab70bc308648553237b238:1"", ""fine:8abbc76111de7c632d7d17362fe9a7cda58f3c9572ab70bc308648553237b238:2""], ""rawStart"": 0, ""rawEnd"": 3, ""syllableStart"": 0, ""syllableEnd"": 3, ""oldLocalSpanSurfac",23,8.007845401763916,4,4,UNCHANGED_RETRY_NO_EFFECT
d010,"醫生您好,我這兩天頭痛想開點,要並做個些常規",医生您好，我这两天头痛，想开点药并做个血常规。,"医生您好,我这两天头痛想开点,要并做个些常规","医生您好,我这两天头痛想开点,要并做个些常规",4,4,3,"[{""retryRegionId"": ""m3rr:fine:9f843916adc4857fd809f5b8cfb8393bf736b7548f0a09f9ff591a1904faa071:0:fine:9f843916adc4857fd809f5b8cfb8393bf736b7548f0a09f9ff591a1904faa071:0"", ""sourceSpanIds"": [""fine:9f843916adc4857fd809f5b8cfb8393bf736b7548f0a09f9ff591a1904faa071:0""], ""rawStart"": 0, ""rawEnd"": 1, ""syllableStart"": 0, ""syllableEnd"": 1, ""oldLocalSpanSurfaces"": [""医""], ""newLocalSpanSurfaces"": [""医""], ""regionMergedFromAdjacentRetry"": false, ""recallCandidatesReturned"": 0, ""candidateBudgetAfter"": 0, ""secondDo",2,8.441983222961426,1,1,UNCHANGED_RETRY_NO_EFFECT
d011,挂号出请问 内客还有号码 我微不舒服昨晚开始的,挂号处请问内科还有号吗？我胃不舒服，昨晚开始的。,括号出请问内客还有号码 我微不舒服昨晚开始的,挂号出请问 内客还有号码 我微不舒服昨晚开始的,1,1,1,"[{""retryRegionId"": ""m3rr:fine:3307ab6daaf81c913472de81e786edfd329d5f52575440585082265d5f9f92e5:12:fine:3307ab6daaf81c913472de81e786edfd329d5f52575440585082265d5f9f92e5:12"", ""sourceSpanIds"": [""fine:3307ab6daaf81c913472de81e786edfd329d5f52575440585082265d5f9f92e5:12""], ""rawStart"": 14, ""rawEnd"": 15, ""syllableStart"": 12, ""syllableEnd"": 13, ""oldLocalSpanSurfaces"": [""微""], ""newLocalSpanSurfaces"": [""微""], ""regionMergedFromAdjacentRetry"": false, ""recallCandidatesReturned"": 0, ""candidateBudgetAfter"": 0, ""s",0,4.1560986042022705,1,2,IMPROVED
d013,"这件外套能试穿吗?我穿中码,买两件有没有折扣?",这件外套能试穿吗？我穿中码。买两件有没有折扣？,"这件外套能试穿吗?我穿中码,买两件有没有折扣?","这件外套能试穿吗?我穿中码,买两件有没有折扣?",2,2,2,"[{""retryRegionId"": ""m3rr:fine:9f843916adc4857fd809f5b8cfb8393bf736b7548f0a09f9ff591a1904faa071:6:fine:9f843916adc4857fd809f5b8cfb8393bf736b7548f0a09f9ff591a1904faa071:6"", ""sourceSpanIds"": [""fine:9f843916adc4857fd809f5b8cfb8393bf736b7548f0a09f9ff591a1904faa071:6""], ""rawStart"": 6, ""rawEnd"": 7, ""syllableStart"": 6, ""syllableEnd"": 7, ""oldLocalSpanSurfaces"": [""穿""], ""newLocalSpanSurfaces"": [""穿""], ""regionMergedFromAdjacentRetry"": false, ""recallCandidatesReturned"": 1, ""candidateBudgetAfter"": 1, ""secondDo",2,2.823015809059143,1,1,UNCHANGED_RETRY_NO_EFFECT
d015,"我想对比 这两款订单中台的价格会员日,能再减一点吗?",我想对比一下这两款订单中台的价格，会员日能再减一点吗？,"我想对比 这两款订单中台的价格会员日,能再减一点吗?","我想对比 这两款订单中台的价格会员日,能再减一点吗?",5,5,5,"[{""retryRegionId"": ""m3rr:fine:ef362a7409d257efe1af2da13a738a0d169e7c13cebf78fc693f2e600087c365:3:fine:ef362a7409d257efe1af2da13a738a0d169e7c13cebf78fc693f2e600087c365:3"", ""sourceSpanIds"": [""fine:ef362a7409d257efe1af2da13a738a0d169e7c13cebf78fc693f2e600087c365:3""], ""rawStart"": 3, ""rawEnd"": 4, ""syllableStart"": 3, ""syllableEnd"": 4, ""oldLocalSpanSurfaces"": [""比""], ""newLocalSpanSurfaces"": [""比""], ""regionMergedFromAdjacentRetry"": false, ""recallCandidatesReturned"": 1, ""candidateBudgetAfter"": 1, ""secondDo",3,10.916484832763672,1,1,UNCHANGED_RETRY_NO_EFFECT
d016,"周末要不要去江边骑行? 天气预报说,周日多云 记得带水",周末要不要去江边骑行？天气预报说周日多云，记得带水。,"周末要不要去江边骑行? 天气预报说,周日多云 记得带水","周末要不要去江边骑行? 天气预报说,周日多云 记得带水",14,14,10,"[{""retryRegionId"": ""m3rr:fine:2fc4ca82917b37a50cc6dff192cf3dca8d607b24845443c526e9e63f3780dfba:0:fine:2fc4ca82917b37a50cc6dff192cf3dca8d607b24845443c526e9e63f3780dfba:0"", ""sourceSpanIds"": [""fine:2fc4ca82917b37a50cc6dff192cf3dca8d607b24845443c526e9e63f3780dfba:0""], ""rawStart"": 0, ""rawEnd"": 1, ""syllableStart"": 0, ""syllableEnd"": 1, ""oldLocalSpanSurfaces"": [""周""], ""newLocalSpanSurfaces"": [""周""], ""regionMergedFromAdjacentRetry"": false, ""recallCandidatesReturned"": 0, ""candidateBudgetAfter"": 0, ""secondDo",6,14.892085552215576,1,1,UNCHANGED_RETRY_NO_EFFECT
d017,晚上一起吃饭嘛 我知道一家川菜 不错大概起点到,晚上一起吃饭吗？我知道一家川菜不错，大概七点到。,晚上一起吃饭嘛 我知道一家川菜 不错大概起点到,晚上一起吃饭嘛 我知道一家川菜 不错大概起点到,6,6,4,"[{""retryRegionId"": ""m3rr:fine:37367286bf78ef457c58421ac1cc51772b81498372ff6046875c912bacb0a3ca:6:fine:37367286bf78ef457c58421ac1cc51772b81498372ff6046875c912bacb0a3ca:6"", ""sourceSpanIds"": [""fine:37367286bf78ef457c58421ac1cc51772b81498372ff6046875c912bacb0a3ca:6""], ""rawStart"": 6, ""rawEnd"": 7, ""syllableStart"": 6, ""syllableEnd"": 7, ""oldLocalSpanSurfaces"": [""嘛""], ""newLocalSpanSurfaces"": [""嘛""], ""regionMergedFromAdjacentRetry"": false, ""recallCandidatesReturned"": 1, ""candidateBudgetAfter"": 1, ""secondDo",4,6.666677951812744,1,1,UNCHANGED_RETRY_NO_EFFECT
d019,"今天,我們團體 要讨论后选生成相关的后选生成流程和上限计划安排请研发一起评估风险",今天我们团队要讨论后选生城相关的后选生城流程和上线计化安排，请研发一起评估风险。,"今天,我们团结 对要讨论后选生成相关的后选生成流程和上限计划安排请研发一起评估风险","今天,我们团体 要讨论后选生成相关的后选生成流程和上限计划安排请研发一起评估风险",30,30,22,"[{""retryRegionId"": ""m3rr:fine:f882a75ad40f5a0a5847cfcf04f216bf82f5df37795e1d5ce32adfe1c9bdfe7f:5:fine:f882a75ad40f5a0a5847cfcf04f216bf82f5df37795e1d5ce32adfe1c9bdfe7f:5"", ""sourceSpanIds"": [""fine:f882a75ad40f5a0a5847cfcf04f216bf82f5df37795e1d5ce32adfe1c9bdfe7f:5""], ""rawStart"": 6, ""rawEnd"": 7, ""syllableStart"": 5, ""syllableEnd"": 6, ""oldLocalSpanSurfaces"": [""体""], ""newLocalSpanSurfaces"": [""体""], ""regionMergedFromAdjacentRetry"": false, ""recallCandidatesReturned"": 0, ""candidateBudgetAfter"": 0, ""secondDo",8,8.917912483215332,2,2,IMPROVED
d020,"这次发布我们线,对其商线计划窗口后选生成模块需要连掉别漏掉回归",这次发布我们先对齐上线计划窗口，后选生城模块需要联调，别漏掉回归。,"这次发布我们线,对其商线计划窗口后选生成模块需要连掉别漏掉回归","这次发布我们线,对其商线计划窗口后选生成模块需要连掉别漏掉回归",16,16,12,"[{""retryRegionId"": ""m3rr:fine:9fe199822a73ec49789f752c07f1805f7a3af8ffc179017705e231a169c58d6f:6:fine:9fe199822a73ec49789f752c07f1805f7a3af8ffc179017705e231a169c58d6f:6"", ""sourceSpanIds"": [""fine:9fe199822a73ec49789f752c07f1805f7a3af8ffc179017705e231a169c58d6f:6""], ""rawStart"": 6, ""rawEnd"": 7, ""syllableStart"": 6, ""syllableEnd"": 7, ""oldLocalSpanSurfaces"": [""线""], ""newLocalSpanSurfaces"": [""线""], ""regionMergedFromAdjacentRetry"": false, ""recallCandidatesReturned"": 1, ""candidateBudgetAfter"": 1, ""secondDo",16,10.461798191070557,2,2,UNCHANGED_RETRY_NO_EFFECT
d021,會上提到候選生成連路 要加監控 通上限期画文当我下午更新一版,会上提到候选生成链路要加监控，上线计划文档我下午更新一版。,会上提到候选生成连路 要加监控 通上限期画文当我下午更新一版,会上提到候选生成连路 要加监控 通上限期画文当我下午更新一版,6,6,3,"[{""retryRegionId"": ""m3rr:fine:dfaf65110ada9ebc87f7a30ca64311663665f048f22310330c98e65ac7ae4031:7:fine:dfaf65110ada9ebc87f7a30ca64311663665f048f22310330c98e65ac7ae4031:7"", ""sourceSpanIds"": [""fine:dfaf65110ada9ebc87f7a30ca64311663665f048f22310330c98e65ac7ae4031:7""], ""rawStart"": 7, ""rawEnd"": 8, ""syllableStart"": 7, ""syllableEnd"": 8, ""oldLocalSpanSurfaces"": [""成""], ""newLocalSpanSurfaces"": [""成""], ""regionMergedFromAdjacentRetry"": false, ""recallCandidatesReturned"": 0, ""candidateBudgetAfter"": 0, ""secondDo",1,13.07425594329834,1,4,UNCHANGED_RETRY_NO_EFFECT
d022,"您好我定,但顯示已發貨,但務留三天。 今天美更新能幫我查一下嗎?",您好，我订单显示已发货但物流三天没更新，能帮我查一下吗？,"您好我定,但显示已发货,但务留三天。 今天美更新能帮我查一下吗?","您好我定,但显示已发货,但务留三天。 今天美更新能帮我查一下吗?",8,8,8,"[{""retryRegionId"": ""m3rr:fine:5e9009eef0d21f74596c5a09a2e424e9bd26bcd10a32e19a58a4e393c518fd80:0:fine:5e9009eef0d21f74596c5a09a2e424e9bd26bcd10a32e19a58a4e393c518fd80:0"", ""sourceSpanIds"": [""fine:5e9009eef0d21f74596c5a09a2e424e9bd26bcd10a32e19a58a4e393c518fd80:0""], ""rawStart"": 0, ""rawEnd"": 1, ""syllableStart"": 0, ""syllableEnd"": 1, ""oldLocalSpanSurfaces"": [""您""], ""newLocalSpanSurfaces"": [""您""], ""regionMergedFromAdjacentRetry"": false, ""recallCandidatesReturned"": 1, ""candidateBudgetAfter"": 1, ""secondDo",4,10.860983848571777,1,1,UNCHANGED_RETRY_NO_EFFECT
d023,想改一下收货地址还来得及吗? 麻烦尽快处理谢谢,想改一下收货地址，还来得及吗？麻烦尽快处理，谢谢。,想改一下收货地址还来得及吗? 麻烦尽快处理谢谢,想改一下收货地址还来得及吗? 麻烦尽快处理谢谢,10,10,7,"[{""retryRegionId"": ""m3rr:fine:ac54b5338e2d4fdede7075efb8b2804dda03658ded972be94d2d5edca04fb480:4:fine:ac54b5338e2d4fdede7075efb8b2804dda03658ded972be94d2d5edca04fb480:4"", ""sourceSpanIds"": [""fine:ac54b5338e2d4fdede7075efb8b2804dda03658ded972be94d2d5edca04fb480:4""], ""rawStart"": 4, ""rawEnd"": 5, ""syllableStart"": 4, ""syllableEnd"": 5, ""oldLocalSpanSurfaces"": [""收""], ""newLocalSpanSurfaces"": [""收""], ""regionMergedFromAdjacentRetry"": false, ""recallCandidatesReturned"": 1, ""candidateBudgetAfter"": 1, ""secondDo",10,7.508291959762573,2,2,UNCHANGED_RETRY_NO_EFFECT
d024,发票抬头开错了能重新开具电子发票吗,发票抬头开错了，能重新开具电子发票吗？,发票抬头开错了能重新开具电子发票码,发票抬头开错了能重新开具电子发票吗,6,6,4,"[{""retryRegionId"": ""m3rr:fine:a327c0bdf2ae2ab2cee727d2d486aa5910179ff197b04c527f91d56e5336f8c7:10:fine:a327c0bdf2ae2ab2cee727d2d486aa5910179ff197b04c527f91d56e5336f8c7:11"", ""sourceSpanIds"": [""fine:a327c0bdf2ae2ab2cee727d2d486aa5910179ff197b04c527f91d56e5336f8c7:10"", ""fine:a327c0bdf2ae2ab2cee727d2d486aa5910179ff197b04c527f91d56e5336f8c7:11""], ""rawStart"": 11, ""rawEnd"": 14, ""syllableStart"": 11, ""syllableEnd"": 14, ""oldLocalSpanSurfaces"": [""具"", ""电子""], ""newLocalSpanSurfaces"": [""具"", ""电子""], ""regionMerge",6,4.826045989990234,1,1,IMPROVED
d025,请简单介绍一下 你上一段时间 一段项目里负责的核心模块和难点,请简单介绍一下你上一段项目里负责的核心模块和难点。,请简单介绍一下 你上一段视频 项目里负责的核心模块和难点,请简单介绍一下 你上一段时间 一段项目里负责的核心模块和难点,12,12,8,"[{""retryRegionId"": ""m3rr:fine:aeb1768d5e7e4d2fb6e0b6a4f07e31eae7b1746e0829fe87dd0b6f017f0337af:1:fine:aeb1768d5e7e4d2fb6e0b6a4f07e31eae7b1746e0829fe87dd0b6f017f0337af:1"", ""sourceSpanIds"": [""fine:aeb1768d5e7e4d2fb6e0b6a4f07e31eae7b1746e0829fe87dd0b6f017f0337af:1""], ""rawStart"": 1, ""rawEnd"": 2, ""syllableStart"": 1, ""syllableEnd"": 2, ""oldLocalSpanSurfaces"": [""简""], ""newLocalSpanSurfaces"": [""简""], ""regionMergedFromAdjacentRetry"": false, ""recallCandidatesReturned"": 0, ""candidateBudgetAfter"": 0, ""secondDo",2,13.907403469085693,1,1,REGRESSED
d026,"你如何看待夸团队协作,遇到需求边更一般怎么处理?",你如何看待跨团队协作？遇到需求变更一般怎么处理？,"你如何看待夸团队协作,遇到需求边更一般怎么处理?","你如何看待夸团队协作,遇到需求边更一般怎么处理?",26,26,26,"[{""retryRegionId"": ""m3rr:fine:92e22ec6690ef93cd430ffce2a74363b8f0df0d149aeb517884025eb63a938dc:2:fine:92e22ec6690ef93cd430ffce2a74363b8f0df0d149aeb517884025eb63a938dc:2"", ""sourceSpanIds"": [""fine:92e22ec6690ef93cd430ffce2a74363b8f0df0d149aeb517884025eb63a938dc:2""], ""rawStart"": 2, ""rawEnd"": 3, ""syllableStart"": 2, ""syllableEnd"": 3, ""oldLocalSpanSurfaces"": [""何""], ""newLocalSpanSurfaces"": [""何""], ""regionMergedFromAdjacentRetry"": false, ""recallCandidatesReturned"": 1, ""candidateBudgetAfter"": 1, ""secondDo",26,15.47568941116333,4,4,UNCHANGED_RETRY_NO_EFFECT
d027,期望性自这块我们可以再沟通你最快什么时候能入职,期望薪资这块我们可以再沟通，你最快什么时候能入职？,期望星字这块我们可以再沟通你最快什么时候能入职,期望性自这块我们可以再沟通你最快什么时候能入职,16,16,8,"[{""retryRegionId"": ""m3rr:fine:ef362a7409d257efe1af2da13a738a0d169e7c13cebf78fc693f2e600087c365:0:fine:ef362a7409d257efe1af2da13a738a0d169e7c13cebf78fc693f2e600087c365:3"", ""sourceSpanIds"": [""fine:ef362a7409d257efe1af2da13a738a0d169e7c13cebf78fc693f2e600087c365:0"", ""fine:ef362a7409d257efe1af2da13a738a0d169e7c13cebf78fc693f2e600087c365:1"", ""fine:ef362a7409d257efe1af2da13a738a0d169e7c13cebf78fc693f2e600087c365:2"", ""fine:ef362a7409d257efe1af2da13a738a0d169e7c13cebf78fc693f2e600087c365:3""], ""rawStart""",12,12.333701610565186,1,1,INDETERMINATE
d028,"老師這道題的解題步,中能不能解解? 我没听懂第二点",老师，这道题的解题步骤能不能再讲一遍？我没听懂第二点。,"老师这道题的解题步,中能不能解解? 我没听懂第二点","老师这道题的解题步,中能不能解解? 我没听懂第二点",6,6,3,"[{""retryRegionId"": ""m3rr:fine:e65b595b67561130d2cfbed1f9b53d7bb95a74bb6cbe7730017dada720c35a69:0:fine:e65b595b67561130d2cfbed1f9b53d7bb95a74bb6cbe7730017dada720c35a69:1"", ""sourceSpanIds"": [""fine:e65b595b67561130d2cfbed1f9b53d7bb95a74bb6cbe7730017dada720c35a69:0"", ""fine:e65b595b67561130d2cfbed1f9b53d7bb95a74bb6cbe7730017dada720c35a69:1""], ""rawStart"": 0, ""rawEnd"": 2, ""syllableStart"": 0, ""syllableEnd"": 2, ""oldLocalSpanSurfaces"": [""老"", ""师""], ""newLocalSpanSurfaces"": [""老"", ""师""], ""regionMergedFromAdjac",3,6.6111226081848145,1,1,UNCHANGED_RETRY_NO_EFFECT
d029,"作业是狭州以下五叫码,可以电子板提叫码",作业是下周一下午交吗？可以电子版提交吗？,"作业是狭州以下五叫码,可以电子板提叫码。","作业是狭州以下五叫码,可以电子板提叫码",6,6,3,"[{""retryRegionId"": ""m3rr:fine:973b1af9a783aa7707c48f38b9fa56cd157195dbfa41409fe89c426ae484696e:3:fine:973b1af9a783aa7707c48f38b9fa56cd157195dbfa41409fe89c426ae484696e:4"", ""sourceSpanIds"": [""fine:973b1af9a783aa7707c48f38b9fa56cd157195dbfa41409fe89c426ae484696e:3"", ""fine:973b1af9a783aa7707c48f38b9fa56cd157195dbfa41409fe89c426ae484696e:4""], ""rawStart"": 3, ""rawEnd"": 5, ""syllableStart"": 3, ""syllableEnd"": 5, ""oldLocalSpanSurfaces"": [""狭"", ""州""], ""newLocalSpanSurfaces"": [""狭"", ""州""], ""regionMergedFromAdjac",2,9.170145988464355,1,1,UNCHANGED_RETRY_NO_EFFECT
d030,请问这门客期末是开卷还是闭卷? 终点会话吗?,请问这门课期末是开卷还是闭卷？重点会划吗？,请问这门客期末是开卷还是闭卷? 终点汇化吗?,请问这门客期末是开卷还是闭卷? 终点会话吗?,2,2,1,"[{""retryRegionId"": ""m3rr:fine:d5ca3c92c6ea263992cb0037ad0333d7dbcfd2dd88c8986a005728008d4c8303:4:fine:d5ca3c92c6ea263992cb0037ad0333d7dbcfd2dd88c8986a005728008d4c8303:5"", ""sourceSpanIds"": [""fine:d5ca3c92c6ea263992cb0037ad0333d7dbcfd2dd88c8986a005728008d4c8303:4"", ""fine:d5ca3c92c6ea263992cb0037ad0333d7dbcfd2dd88c8986a005728008d4c8303:5""], ""rawStart"": 4, ""rawEnd"": 6, ""syllableStart"": 4, ""syllableEnd"": 6, ""oldLocalSpanSurfaces"": [""客"", ""期""], ""newLocalSpanSurfaces"": [""客"", ""期""], ""regionMergedFromAdjac",2,11.571499824523926,4,4,IMPROVED
d031,我预定的十大床房能安排安静一点的楼层吗?,我预订的是大床房，能安排安静一点的楼层吗？,我预定的十大床房能安排安静一点的楼层吗?,我预定的十大床房能安排安静一点的楼层吗?,10,10,2,"[{""retryRegionId"": ""m3rr:fine:8abbc76111de7c632d7d17362fe9a7cda58f3c9572ab70bc308648553237b238:1:fine:8abbc76111de7c632d7d17362fe9a7cda58f3c9572ab70bc308648553237b238:5"", ""sourceSpanIds"": [""fine:8abbc76111de7c632d7d17362fe9a7cda58f3c9572ab70bc308648553237b238:1"", ""fine:8abbc76111de7c632d7d17362fe9a7cda58f3c9572ab70bc308648553237b238:2"", ""fine:8abbc76111de7c632d7d17362fe9a7cda58f3c9572ab70bc308648553237b238:3"", ""fine:8abbc76111de7c632d7d17362fe9a7cda58f3c9572ab70bc308648553237b238:4"", ""fine:8abbc",4,11.877764225006104,1,1,UNCHANGED_RETRY_NO_EFFECT
d032,早餐祭典开始 推广可以延迟到下午两点吗,早餐几点开始？退房可以延迟到下午两点吗？,早餐祭典开始 退房可以延迟到下午两点吗?,早餐祭典开始 推广可以延迟到下午两点吗,4,4,3,"[{""retryRegionId"": ""m3rr:fine:973b1af9a783aa7707c48f38b9fa56cd157195dbfa41409fe89c426ae484696e:2:fine:973b1af9a783aa7707c48f38b9fa56cd157195dbfa41409fe89c426ae484696e:3"", ""sourceSpanIds"": [""fine:973b1af9a783aa7707c48f38b9fa56cd157195dbfa41409fe89c426ae484696e:2"", ""fine:973b1af9a783aa7707c48f38b9fa56cd157195dbfa41409fe89c426ae484696e:3""], ""rawStart"": 2, ""rawEnd"": 4, ""syllableStart"": 2, ""syllableEnd"": 4, ""oldLocalSpanSurfaces"": [""祭"", ""典""], ""newLocalSpanSurfaces"": [""祭"", ""典""], ""regionMergedFromAdjac",2,9.470550537109375,1,1,REGRESSED
d033,房间空调不太知冷能派人上来看一下吗?,房间空调不太制冷，能派人上来看一下吗？,房间空调不太知冷能派人上来看一下吗?,房间空调不太知冷能派人上来看一下吗?,5,5,3,"[{""retryRegionId"": ""m3rr:fine:d193928a9af449ee16fe1c194b21bf986da9b308803bfbf0f69de6d97c1a5899:0:fine:d193928a9af449ee16fe1c194b21bf986da9b308803bfbf0f69de6d97c1a5899:0"", ""sourceSpanIds"": [""fine:d193928a9af449ee16fe1c194b21bf986da9b308803bfbf0f69de6d97c1a5899:0""], ""rawStart"": 0, ""rawEnd"": 1, ""syllableStart"": 0, ""syllableEnd"": 1, ""oldLocalSpanSurfaces"": [""房""], ""newLocalSpanSurfaces"": [""房""], ""regionMergedFromAdjacentRetry"": false, ""recallCandidatesReturned"": 1, ""candidateBudgetAfter"": 1, ""secondDo",3,2.21645325422287,1,1,UNCHANGED_RETRY_NO_EFFECT
d034,"我想,开通短信提醒需要带什么证件",我想开通短信提醒，需要带什么证件？,"我想,开通短信提醒需要带什么证件","我想,开通短信提醒需要带什么证件",3,3,2,"[{""retryRegionId"": ""m3rr:fine:bc81ae8b47a4f84f7b1f04019dcf0a6be33eb5b5f86b744c972292726dd5d68a:5:fine:bc81ae8b47a4f84f7b1f04019dcf0a6be33eb5b5f86b744c972292726dd5d68a:5"", ""sourceSpanIds"": [""fine:bc81ae8b47a4f84f7b1f04019dcf0a6be33eb5b5f86b744c972292726dd5d68a:5""], ""rawStart"": 6, ""rawEnd"": 7, ""syllableStart"": 5, ""syllableEnd"": 6, ""oldLocalSpanSurfaces"": [""信""], ""newLocalSpanSurfaces"": [""信""], ""regionMergedFromAdjacentRetry"": false, ""recallCandidatesReturned"": 0, ""candidateBudgetAfter"": 0, ""secondDo",1,3.6612465381622314,1,1,UNCHANGED_RETRY_NO_EFFECT
d035,这笔转账显示处理中大概多久能到账,这笔转账显示处理中，大概多久能到账？,这笔转帐显示处理中大概多久能到帐,这笔转账显示处理中大概多久能到账,4,4,2,"[{""retryRegionId"": ""m3rr:fine:ebe1592f9d7e7273be9ef6a770bf8760823acefecb47762a89de5c3e60add12b:1:fine:ebe1592f9d7e7273be9ef6a770bf8760823acefecb47762a89de5c3e60add12b:2"", ""sourceSpanIds"": [""fine:ebe1592f9d7e7273be9ef6a770bf8760823acefecb47762a89de5c3e60add12b:1"", ""fine:ebe1592f9d7e7273be9ef6a770bf8760823acefecb47762a89de5c3e60add12b:2""], ""rawStart"": 1, ""rawEnd"": 3, ""syllableStart"": 1, ""syllableEnd"": 3, ""oldLocalSpanSurfaces"": [""笔"", ""转""], ""newLocalSpanSurfaces"": [""笔"", ""转""], ""regionMergedFromAdjac",2,5.56378173828125,2,4,IMPROVED
d037,两位靠窗有位直麻 不要像蔡薇拉就行,两位，靠窗有位置吗？不要香菜，微辣就行。,两位靠窗有位直麻 不要像蔡薇拉就行,两位靠窗有位直麻 不要像蔡薇拉就行,3,3,1,"[{""retryRegionId"": ""m3rr:fine:5315807d4ed34a3e686939b6a1da7f75e3faed54ffd51c0b3eb96b237aa98b3c:3:fine:5315807d4ed34a3e686939b6a1da7f75e3faed54ffd51c0b3eb96b237aa98b3c:5"", ""sourceSpanIds"": [""fine:5315807d4ed34a3e686939b6a1da7f75e3faed54ffd51c0b3eb96b237aa98b3c:3"", ""fine:5315807d4ed34a3e686939b6a1da7f75e3faed54ffd51c0b3eb96b237aa98b3c:4"", ""fine:5315807d4ed34a3e686939b6a1da7f75e3faed54ffd51c0b3eb96b237aa98b3c:5""], ""rawStart"": 3, ""rawEnd"": 7, ""syllableStart"": 3, ""syllableEnd"": 7, ""oldLocalSpanSurfac",3,10.404247283935547,2,2,UNCHANGED_RETRY_NO_EFFECT
d038,这道菜大概要等多久? 我们先点一份凉菜和一壶茶,这道菜大概要等多久？我们先点一份凉菜和一壶茶。,这道菜大概要等多久 我们先点一份凉菜和一壶茶,这道菜大概要等多久? 我们先点一份凉菜和一壶茶,2,2,2,"[{""retryRegionId"": ""m3rr:fine:37367286bf78ef457c58421ac1cc51772b81498372ff6046875c912bacb0a3ca:1:fine:37367286bf78ef457c58421ac1cc51772b81498372ff6046875c912bacb0a3ca:1"", ""sourceSpanIds"": [""fine:37367286bf78ef457c58421ac1cc51772b81498372ff6046875c912bacb0a3ca:1""], ""rawStart"": 1, ""rawEnd"": 2, ""syllableStart"": 1, ""syllableEnd"": 2, ""oldLocalSpanSurfaces"": [""道""], ""newLocalSpanSurfaces"": [""道""], ""regionMergedFromAdjacentRetry"": false, ""recallCandidatesReturned"": 1, ""candidateBudgetAfter"": 1, ""secondDo",2,12.53074312210083,1,1,UNCHANGED_RETRY_NO_EFFECT
d039,可以打爆嗎? 順便解一下張能掃馬支付嗎?,可以打包吗？顺便结一下账，能扫码支付吗？,可以打爆吗? 顺便解一下张能扫马支付吗?,可以打爆吗? 顺便解一下张能扫马支付吗?,4,4,4,"[{""retryRegionId"": ""m3rr:fine:f03f9ad462e840cf9f69c2a851b6b74bdc71fcfdec7952f0300700c96faf2878:3:fine:f03f9ad462e840cf9f69c2a851b6b74bdc71fcfdec7952f0300700c96faf2878:3"", ""sourceSpanIds"": [""fine:f03f9ad462e840cf9f69c2a851b6b74bdc71fcfdec7952f0300700c96faf2878:3""], ""rawStart"": 3, ""rawEnd"": 4, ""syllableStart"": 3, ""syllableEnd"": 4, ""oldLocalSpanSurfaces"": [""爆""], ""newLocalSpanSurfaces"": [""爆""], ""regionMergedFromAdjacentRetry"": false, ""recallCandidatesReturned"": 0, ""candidateBudgetAfter"": 0, ""secondDo",1,13.951275825500488,2,2,UNCHANGED_RETRY_NO_EFFECT
d040,"自教课还剩几次,能帮我约明天晚上7点吗?",私教课还剩几次？能帮我约明天晚上七点吗？,自教课还剩几次 能帮我约明天晚上7点吗?,"自教课还剩几次,能帮我约明天晚上7点吗?",4,4,2,"[{""retryRegionId"": ""m3rr:fine:d193928a9af449ee16fe1c194b21bf986da9b308803bfbf0f69de6d97c1a5899:1:fine:d193928a9af449ee16fe1c194b21bf986da9b308803bfbf0f69de6d97c1a5899:2"", ""sourceSpanIds"": [""fine:d193928a9af449ee16fe1c194b21bf986da9b308803bfbf0f69de6d97c1a5899:1"", ""fine:d193928a9af449ee16fe1c194b21bf986da9b308803bfbf0f69de6d97c1a5899:2""], ""rawStart"": 1, ""rawEnd"": 3, ""syllableStart"": 1, ""syllableEnd"": 3, ""oldLocalSpanSurfaces"": [""教"", ""课""], ""newLocalSpanSurfaces"": [""教"", ""课""], ""regionMergedFromAdjac",2,10.53479290008545,1,1,UNCHANGED_RETRY_NO_EFFECT
d041,更易是龟仔钥匙找不到了前台 能帮忙开一下吗,更衣室柜子钥匙找不到了，前台能帮忙开一下吗？,更易是龟仔钥匙找不到了前台 能帮忙开一下吗,更易是龟仔钥匙找不到了前台 能帮忙开一下吗,6,6,2,"[{""retryRegionId"": ""m3rr:fine:9f843916adc4857fd809f5b8cfb8393bf736b7548f0a09f9ff591a1904faa071:2:fine:9f843916adc4857fd809f5b8cfb8393bf736b7548f0a09f9ff591a1904faa071:4"", ""sourceSpanIds"": [""fine:9f843916adc4857fd809f5b8cfb8393bf736b7548f0a09f9ff591a1904faa071:2"", ""fine:9f843916adc4857fd809f5b8cfb8393bf736b7548f0a09f9ff591a1904faa071:3"", ""fine:9f843916adc4857fd809f5b8cfb8393bf736b7548f0a09f9ff591a1904faa071:4""], ""rawStart"": 2, ""rawEnd"": 5, ""syllableStart"": 2, ""syllableEnd"": 5, ""oldLocalSpanSurfac",5,11.160097122192383,1,3,UNCHANGED_RETRY_NO_EFFECT
d042,游泳自卡本月月底到期是非有優惠嗎?,游泳次卡本月月底到期，续费有优惠吗？,游泳自卡本月月底到期是非有优惠吗?,游泳自卡本月月底到期是非有优惠吗?,9,9,6,"[{""retryRegionId"": ""m3rr:fine:a11519a0a6b805c16c3242918d0e30f13d8a99cebe7578a68fe2fabb883c6c96:5:fine:a11519a0a6b805c16c3242918d0e30f13d8a99cebe7578a68fe2fabb883c6c96:7"", ""sourceSpanIds"": [""fine:a11519a0a6b805c16c3242918d0e30f13d8a99cebe7578a68fe2fabb883c6c96:5"", ""fine:a11519a0a6b805c16c3242918d0e30f13d8a99cebe7578a68fe2fabb883c6c96:6"", ""fine:a11519a0a6b805c16c3242918d0e30f13d8a99cebe7578a68fe2fabb883c6c96:7""], ""rawStart"": 5, ""rawEnd"": 8, ""syllableStart"": 5, ""syllableEnd"": 8, ""oldLocalSpanSurfac",7,17.02973461151123,1,1,UNCHANGED_RETRY_NO_EFFECT
d043,"我们下午讨论后,选生呈方安线吧! 成的借口文章補齊",我们下午讨论后选声城方案，先把候选生成的接口文档补齐。,"我们下午讨论后,选生呈方安线吧。 成的借口文章补齐","我们下午讨论后,选生呈方安线吧! 成的借口文章补齐",12,12,8,"[{""retryRegionId"": ""m3rr:fine:e65b595b67561130d2cfbed1f9b53d7bb95a74bb6cbe7730017dada720c35a69:9:fine:e65b595b67561130d2cfbed1f9b53d7bb95a74bb6cbe7730017dada720c35a69:10"", ""sourceSpanIds"": [""fine:e65b595b67561130d2cfbed1f9b53d7bb95a74bb6cbe7730017dada720c35a69:9"", ""fine:e65b595b67561130d2cfbed1f9b53d7bb95a74bb6cbe7730017dada720c35a69:10""], ""rawStart"": 10, ""rawEnd"": 12, ""syllableStart"": 9, ""syllableEnd"": 11, ""oldLocalSpanSurfaces"": [""呈"", ""方""], ""newLocalSpanSurfaces"": [""呈"", ""方""], ""regionMergedFrom",6,7.1199140548706055,1,1,UNCHANGED_RETRY_NO_EFFECT
d044,这周的上限计划已经全任上限计划评审安排在周四上午,这周的上线计花已经确认，上线计划评审安排在周四上午。,这周的上线计划已经全任上线计划评审安排在周四上午,这周的上限计划已经全任上限计划评审安排在周四上午,10,10,6,"[{""retryRegionId"": ""m3rr:fine:1c409d8f6131faa9fc20d6ca3c8911bc863ca7db5fb5df65e6fd14d73cb58462:1:fine:1c409d8f6131faa9fc20d6ca3c8911bc863ca7db5fb5df65e6fd14d73cb58462:1"", ""sourceSpanIds"": [""fine:1c409d8f6131faa9fc20d6ca3c8911bc863ca7db5fb5df65e6fd14d73cb58462:1""], ""rawStart"": 1, ""rawEnd"": 2, ""syllableStart"": 1, ""syllableEnd"": 2, ""oldLocalSpanSurfaces"": [""周""], ""newLocalSpanSurfaces"": [""周""], ""regionMergedFromAdjacentRetry"": false, ""recallCandidatesReturned"": 1, ""candidateBudgetAfter"": 1, ""secondDo",7,10.592931747436523,1,1,REGRESSED
d045,"關於後,選生成為 和上限计划请安上限计划执行有问题群里说",关于后选生城和上线计化，请按上线计划执行，有问题群里说。,"关于后,选生成为一位大学生。 和上限计划请按上限计划执行有问题群里说","关于后,选生成为 和上线计划请安上线计划执行有问题群里说",5,5,3,"[{""retryRegionId"": ""m3rr:fine:dedbb84828dc01febc23958a037684508f3fbdefe041531e2c5e8dd4d52bed9e:5:fine:dedbb84828dc01febc23958a037684508f3fbdefe041531e2c5e8dd4d52bed9e:6"", ""sourceSpanIds"": [""fine:dedbb84828dc01febc23958a037684508f3fbdefe041531e2c5e8dd4d52bed9e:5"", ""fine:dedbb84828dc01febc23958a037684508f3fbdefe041531e2c5e8dd4d52bed9e:6""], ""rawStart"": 6, ""rawEnd"": 8, ""syllableStart"": 5, ""syllableEnd"": 7, ""oldLocalSpanSurfaces"": [""成"", ""为""], ""newLocalSpanSurfaces"": [""成"", ""为""], ""regionMergedFromAdjac",3,12.782151222229004,4,8,IMPROVED
d046,你好 我想点一杯卡布奇诺中贝珍长糖 顺便问一下 今天有知识蛋糕吗?,你好，我想点一杯卡布奇诺，中杯，正常糖。顺便问一下今天有芝士蛋糕吗？,你好 我想点一杯卡布奇诺中倍珍长糖 顺便问一下 今天有知识蛋糕吗?,你好 我想点一杯卡布奇诺中贝珍长糖 顺便问一下 今天有知识蛋糕吗?,14,14,8,"[{""retryRegionId"": ""m3rr:fine:765cef0cd9829b043a696603577ce4d09b0b55e28529456f05042ef11d0dd98c:9:fine:765cef0cd9829b043a696603577ce4d09b0b55e28529456f05042ef11d0dd98c:9"", ""sourceSpanIds"": [""fine:765cef0cd9829b043a696603577ce4d09b0b55e28529456f05042ef11d0dd98c:9""], ""rawStart"": 10, ""rawEnd"": 11, ""syllableStart"": 9, ""syllableEnd"": 10, ""oldLocalSpanSurfaces"": [""奇""], ""newLocalSpanSurfaces"": [""奇""], ""regionMergedFromAdjacentRetry"": false, ""recallCandidatesReturned"": 0, ""candidateBudgetAfter"": 0, ""secon",4,11.088857650756836,2,1,INDETERMINATE
d047,麻烦帮我做一杯红茶带走大背就行谢谢,麻烦帮我做一杯红茶带走，大杯就行，谢谢。,麻烦帮我做一杯红茶带走大背就行谢谢,麻烦帮我做一杯红茶带走大背就行谢谢,9,9,6,"[{""retryRegionId"": ""m3rr:fine:d193928a9af449ee16fe1c194b21bf986da9b308803bfbf0f69de6d97c1a5899:4:fine:d193928a9af449ee16fe1c194b21bf986da9b308803bfbf0f69de6d97c1a5899:4"", ""sourceSpanIds"": [""fine:d193928a9af449ee16fe1c194b21bf986da9b308803bfbf0f69de6d97c1a5899:4""], ""rawStart"": 4, ""rawEnd"": 5, ""syllableStart"": 4, ""syllableEnd"": 5, ""oldLocalSpanSurfaces"": [""做""], ""newLocalSpanSurfaces"": [""做""], ""regionMergedFromAdjacentRetry"": false, ""recallCandidatesReturned"": 0, ""candidateBudgetAfter"": 0, ""secondDo",7,8.065971374511719,1,1,UNCHANGED_RETRY_NO_EFFECT
d048,"请问,这款热巧克力可以少病吗?我赶时间小杯",请问这款热巧克力可以少冰吗？我赶时间，小杯。,"请问,这款热巧克力可以少病吗?我赶时间小杯","请问,这款热巧克力可以少病吗?我赶时间小杯",8,8,6,"[{""retryRegionId"": ""m3rr:fine:8abbc76111de7c632d7d17362fe9a7cda58f3c9572ab70bc308648553237b238:5:fine:8abbc76111de7c632d7d17362fe9a7cda58f3c9572ab70bc308648553237b238:7"", ""sourceSpanIds"": [""fine:8abbc76111de7c632d7d17362fe9a7cda58f3c9572ab70bc308648553237b238:5"", ""fine:8abbc76111de7c632d7d17362fe9a7cda58f3c9572ab70bc308648553237b238:6"", ""fine:8abbc76111de7c632d7d17362fe9a7cda58f3c9572ab70bc308648553237b238:7""], ""rawStart"": 6, ""rawEnd"": 9, ""syllableStart"": 5, ""syllableEnd"": 8, ""oldLocalSpanSurfac",6,14.558860778808594,1,1,UNCHANGED_RETRY_NO_EFFECT
d049,理工科互反馈翻译引擎接口包错 我们能够 不能加缓存下午3点前把结论发群里,李工，客户反馈翻译引擎接口报错，我们能不能加缓存，下午三点前把结论发群里？,理工科互反馈翻译引擎接口包错 我们能够 不能加缓存下午3点前把结论发群里,理工科互反馈翻译引擎接口包错 我们能够 不能加缓存下午3点前把结论发群里,6,6,4,"[{""retryRegionId"": ""m3rr:fine:9a06a2fde971df28f78baadf4ad0a2c7d305529a81d3711282a0438b375181c2:0:fine:9a06a2fde971df28f78baadf4ad0a2c7d305529a81d3711282a0438b375181c2:0"", ""sourceSpanIds"": [""fine:9a06a2fde971df28f78baadf4ad0a2c7d305529a81d3711282a0438b375181c2:0""], ""rawStart"": 0, ""rawEnd"": 1, ""syllableStart"": 0, ""syllableEnd"": 1, ""oldLocalSpanSurfaces"": [""理""], ""newLocalSpanSurfaces"": [""理""], ""regionMergedFromAdjacentRetry"": false, ""recallCandidatesReturned"": 1, ""candidateBudgetAfter"": 1, ""secondDo",4,5.744114398956299,2,2,UNCHANGED_RETRY_NO_EFFECT
d050,今天的站会献过一下订单 中台 进度内存占用高着快 需要先留保护大家看一下风险,今天的站会先过一下订单中台进度，内存占用高这块需要限流保护，大家看一下风险。,今天的站会献过一下订单 中台 进度内存占用高着快 需要先留保护大家看一下风险,今天的站会献过一下订单 中台 进度内存占用高着快 需要先留保护大家看一下风险,7,7,7,"[{""retryRegionId"": ""m3rr:fine:c2a13fb69baf73573f1b426c091880cd2bf60eff7d4dd628315e11ab40417585:5:fine:c2a13fb69baf73573f1b426c091880cd2bf60eff7d4dd628315e11ab40417585:5"", ""sourceSpanIds"": [""fine:c2a13fb69baf73573f1b426c091880cd2bf60eff7d4dd628315e11ab40417585:5""], ""rawStart"": 5, ""rawEnd"": 6, ""syllableStart"": 5, ""syllableEnd"": 6, ""oldLocalSpanSurfaces"": [""献""], ""newLocalSpanSurfaces"": [""献""], ""regionMergedFromAdjacentRetry"": false, ""recallCandidatesReturned"": 1, ""candidateBudgetAfter"": 1, ""secondDo",5,13.34646224975586,2,2,UNCHANGED_RETRY_NO_EFFECT
d051,跟會員系統相關的訊息 我整理了一版8点前请大家帮忙评审一下,跟会员系统相关的需求我整理了一版，八点前请大家帮忙评审一下。,跟会员系统相关的讯息 我整理了一版8点前请大家帮忙评审一下,跟会员系统相关的讯息 我整理了一版8点前请大家帮忙评审一下,4,4,3,"[{""retryRegionId"": ""m3rr:fine:d939c26b8b99bb6adcb9654d4c8068b0b59da0593704a315d88d410f95eaef95:5:fine:d939c26b8b99bb6adcb9654d4c8068b0b59da0593704a315d88d410f95eaef95:5"", ""sourceSpanIds"": [""fine:d939c26b8b99bb6adcb9654d4c8068b0b59da0593704a315d88d410f95eaef95:5""], ""rawStart"": 5, ""rawEnd"": 6, ""syllableStart"": 5, ""syllableEnd"": 6, ""oldLocalSpanSurfaces"": [""相""], ""newLocalSpanSurfaces"": [""相""], ""regionMergedFromAdjacentRetry"": false, ""recallCandidatesReturned"": 0, ""candidateBudgetAfter"": 0, ""secondDo",2,14.319003105163574,1,1,UNCHANGED_RETRY_NO_EFFECT
d052,市府区浦东张江走沿岸路高架 涡干 9点半的回药师赌车宁提前跟我说,师傅，去浦东张江，走延安路高架。我赶九点半的会，要是堵车您提前跟我说。,市府区浦东张江走沿岸路高架 涡干 9点半的回药师赌车宁提前跟我说,市府区浦东张江走沿岸路高架 涡干 9点半的回药师赌车宁提前跟我说,30,30,20,"[{""retryRegionId"": ""m3rr:fine:e260f3aa882ab5eb5c5e92574c4d85ceb6194ac643832803534228b934f64a9f:0:fine:e260f3aa882ab5eb5c5e92574c4d85ceb6194ac643832803534228b934f64a9f:1"", ""sourceSpanIds"": [""fine:e260f3aa882ab5eb5c5e92574c4d85ceb6194ac643832803534228b934f64a9f:0"", ""fine:e260f3aa882ab5eb5c5e92574c4d85ceb6194ac643832803534228b934f64a9f:1""], ""rawStart"": 0, ""rawEnd"": 2, ""syllableStart"": 0, ""syllableEnd"": 2, ""oldLocalSpanSurfaces"": [""市"", ""府""], ""newLocalSpanSurfaces"": [""市"", ""府""], ""regionMergedFromAdjac",20,10.21522045135498,1,1,UNCHANGED_RETRY_NO_EFFECT
d053,麻烦送我到深圳南山科技园南门大概多久能到 我十点十分有隔电话会,麻烦送我到深圳南山科技园南门，大概多久能到？我十点十分有个电话会。,麻烦送我到深圳南山科技园南门大概多久能到 我十点十分有隔电话会,麻烦送我到深圳南山科技园南门大概多久能到 我十点十分有隔电话会,10,10,5,"[{""retryRegionId"": ""m3rr:fine:9fe199822a73ec49789f752c07f1805f7a3af8ffc179017705e231a169c58d6f:5:fine:9fe199822a73ec49789f752c07f1805f7a3af8ffc179017705e231a169c58d6f:6"", ""sourceSpanIds"": [""fine:9fe199822a73ec49789f752c07f1805f7a3af8ffc179017705e231a169c58d6f:5"", ""fine:9fe199822a73ec49789f752c07f1805f7a3af8ffc179017705e231a169c58d6f:6""], ""rawStart"": 5, ""rawEnd"": 7, ""syllableStart"": 5, ""syllableEnd"": 7, ""oldLocalSpanSurfaces"": [""深"", ""圳""], ""newLocalSpanSurfaces"": [""深"", ""圳""], ""regionMergedFromAdjac",4,13.21654987335205,1,1,UNCHANGED_RETRY_NO_EFFECT
d054,去杭州戲戲不走三環 可以嗎?那扁現在賭不賭?,去杭州西溪，不走三环可以吗？那边现在堵不堵？,去杭州戏戏不走三环 可以吗 那贬现在赌不赌,去杭州戏戏不走三环 可以吗?那扁现在赌不赌?,3,3,2,"[{""retryRegionId"": ""m3rr:fine:8abbc76111de7c632d7d17362fe9a7cda58f3c9572ab70bc308648553237b238:1:fine:8abbc76111de7c632d7d17362fe9a7cda58f3c9572ab70bc308648553237b238:2"", ""sourceSpanIds"": [""fine:8abbc76111de7c632d7d17362fe9a7cda58f3c9572ab70bc308648553237b238:1"", ""fine:8abbc76111de7c632d7d17362fe9a7cda58f3c9572ab70bc308648553237b238:2""], ""rawStart"": 1, ""rawEnd"": 3, ""syllableStart"": 1, ""syllableEnd"": 3, ""oldLocalSpanSurfaces"": [""杭"", ""州""], ""newLocalSpanSurfaces"": [""杭"", ""州""], ""regionMergedFromAdjac",0,12.90643310546875,2,1,INDETERMINATE
d055,一生您好我这两天嗓子疼想开店要并做各些常规,医生您好，我这两天嗓子疼，想开点药并做个血常规。,一生您好我这两天嗓子疼想开店要并做各些常规,一生您好我这两天嗓子疼想开店要并做各些常规,2,2,2,"[{""retryRegionId"": ""m3rr:fine:37367286bf78ef457c58421ac1cc51772b81498372ff6046875c912bacb0a3ca:2:fine:37367286bf78ef457c58421ac1cc51772b81498372ff6046875c912bacb0a3ca:2"", ""sourceSpanIds"": [""fine:37367286bf78ef457c58421ac1cc51772b81498372ff6046875c912bacb0a3ca:2""], ""rawStart"": 2, ""rawEnd"": 3, ""syllableStart"": 2, ""syllableEnd"": 3, ""oldLocalSpanSurfaces"": [""您""], ""newLocalSpanSurfaces"": [""您""], ""regionMergedFromAdjacentRetry"": false, ""recallCandidatesReturned"": 1, ""candidateBudgetAfter"": 1, ""secondDo",2,8.179641246795654,1,1,UNCHANGED_RETRY_NO_EFFECT
d056,挂号出请问 内刻还有号码 我低哨昨晚开始的,挂号处请问内科还有号吗？我低烧，昨晚开始的。,挂号出请问 内刻还有号码 我低哨昨晚开始的,挂号出请问 内刻还有号码 我低哨昨晚开始的,2,2,2,"[{""retryRegionId"": ""m3rr:fine:8abbc76111de7c632d7d17362fe9a7cda58f3c9572ab70bc308648553237b238:6:fine:8abbc76111de7c632d7d17362fe9a7cda58f3c9572ab70bc308648553237b238:6"", ""sourceSpanIds"": [""fine:8abbc76111de7c632d7d17362fe9a7cda58f3c9572ab70bc308648553237b238:6""], ""rawStart"": 7, ""rawEnd"": 8, ""syllableStart"": 6, ""syllableEnd"": 7, ""oldLocalSpanSurfaces"": [""刻""], ""newLocalSpanSurfaces"": [""刻""], ""regionMergedFromAdjacentRetry"": false, ""recallCandidatesReturned"": 1, ""candidateBudgetAfter"": 1, ""secondDo",1,7.905601978302002,1,1,UNCHANGED_RETRY_NO_EFFECT
d058,"这件外套能试穿吗?我穿中码,买两件有没有折扣?",这件外套能试穿吗？我穿中码。买两件有没有折扣？,"这件外套能试穿吗?我穿中码,买两件有没有折扣?","这件外套能试穿吗?我穿中码,买两件有没有折扣?",2,2,2,"[{""retryRegionId"": ""m3rr:fine:cdbc9b8eeaa37edf1925471f74e8f662ef8fe2ea9f711d74354b87682745bac9:6:fine:cdbc9b8eeaa37edf1925471f74e8f662ef8fe2ea9f711d74354b87682745bac9:6"", ""sourceSpanIds"": [""fine:cdbc9b8eeaa37edf1925471f74e8f662ef8fe2ea9f711d74354b87682745bac9:6""], ""rawStart"": 6, ""rawEnd"": 7, ""syllableStart"": 6, ""syllableEnd"": 7, ""oldLocalSpanSurfaces"": [""穿""], ""newLocalSpanSurfaces"": [""穿""], ""regionMergedFromAdjacentRetry"": false, ""recallCandidatesReturned"": 1, ""candidateBudgetAfter"": 1, ""secondDo",2,3.106305718421936,2,2,UNCHANGED_RETRY_NO_EFFECT
d060,"我想对比一下,这两款定制的 平均單中台的加格會員日能再減一點嗎?",我想对比一下这两款订单中台的价格，会员日能再减一点吗？,"我想对比一下,这两款定制的 在订单中台的加格会员日能再减一点吗?","我想对比一下,这两款定制的 平均单中台的加格会员日能再减一点吗?",4,4,4,"[{""retryRegionId"": ""m3rr:fine:765cef0cd9829b043a696603577ce4d09b0b55e28529456f05042ef11d0dd98c:3:fine:765cef0cd9829b043a696603577ce4d09b0b55e28529456f05042ef11d0dd98c:3"", ""sourceSpanIds"": [""fine:765cef0cd9829b043a696603577ce4d09b0b55e28529456f05042ef11d0dd98c:3""], ""rawStart"": 3, ""rawEnd"": 4, ""syllableStart"": 3, ""syllableEnd"": 4, ""oldLocalSpanSurfaces"": [""比""], ""newLocalSpanSurfaces"": [""比""], ""regionMergedFromAdjacentRetry"": false, ""recallCandidatesReturned"": 1, ""candidateBudgetAfter"": 1, ""secondDo",1,12.195481777191162,1,1,REGRESSED
d061,众莫要不要去降边骑行 天气预报 周日多云记得带水,周末要不要去江边骑行？天气预报说周日多云，记得带水。,众莫要不要去降边骑行 天气预报 周日多云积的带水,众莫要不要去降边骑行 天气预报 周日多云记得带水,7,7,5,"[{""retryRegionId"": ""m3rr:fine:5a15aa6a773b7feff288e4c8a7da39118bce464123e9bf87e566a67eda6d0249:0:fine:5a15aa6a773b7feff288e4c8a7da39118bce464123e9bf87e566a67eda6d0249:1"", ""sourceSpanIds"": [""fine:5a15aa6a773b7feff288e4c8a7da39118bce464123e9bf87e566a67eda6d0249:0"", ""fine:5a15aa6a773b7feff288e4c8a7da39118bce464123e9bf87e566a67eda6d0249:1""], ""rawStart"": 0, ""rawEnd"": 2, ""syllableStart"": 0, ""syllableEnd"": 2, ""oldLocalSpanSurfaces"": [""众"", ""莫""], ""newLocalSpanSurfaces"": [""众"", ""莫""], ""regionMergedFromAdjac",4,15.575520515441895,1,1,IMPROVED
d062,"晚上 一起吃饭嘛 我知道一家川菜,不错大概起点到",晚上一起吃饭吗？我知道一家川菜不错，大概七点到。,"晚上 一起吃饭嘛,我知道一家川菜,不错大概起点到","晚上 一起吃饭嘛 我知道一家川菜,不错大概起点到",3,3,2,"[{""retryRegionId"": ""m3rr:fine:37367286bf78ef457c58421ac1cc51772b81498372ff6046875c912bacb0a3ca:6:fine:37367286bf78ef457c58421ac1cc51772b81498372ff6046875c912bacb0a3ca:6"", ""sourceSpanIds"": [""fine:37367286bf78ef457c58421ac1cc51772b81498372ff6046875c912bacb0a3ca:6""], ""rawStart"": 7, ""rawEnd"": 8, ""syllableStart"": 6, ""syllableEnd"": 7, ""oldLocalSpanSurfaces"": [""嘛""], ""newLocalSpanSurfaces"": [""嘛""], ""regionMergedFromAdjacentRetry"": false, ""recallCandidatesReturned"": 1, ""candidateBudgetAfter"": 1, ""secondDo",2,6.544320821762085,1,1,UNCHANGED_RETRY_NO_EFFECT
d063,"你最近忙不忙,想找你看下手机备分怎么设置",你最近忙不忙？想找你看下手机备份怎么设置。,"你最近忙不忙,想找你看下手机备分怎么设置","你最近忙不忙,想找你看下手机备分怎么设置",3,3,3,"[{""retryRegionId"": ""m3rr:fine:8abbc76111de7c632d7d17362fe9a7cda58f3c9572ab70bc308648553237b238:15:fine:8abbc76111de7c632d7d17362fe9a7cda58f3c9572ab70bc308648553237b238:15"", ""sourceSpanIds"": [""fine:8abbc76111de7c632d7d17362fe9a7cda58f3c9572ab70bc308648553237b238:15""], ""rawStart"": 16, ""rawEnd"": 17, ""syllableStart"": 15, ""syllableEnd"": 16, ""oldLocalSpanSurfaces"": [""怎""], ""newLocalSpanSurfaces"": [""怎""], ""regionMergedFromAdjacentRetry"": false, ""recallCandidatesReturned"": 1, ""candidateBudgetAfter"": 1, ""s",3,1.8040210604667664,1,1,UNCHANGED_RETRY_NO_EFFECT
d064,"今天,我们团队要讨论候选生成相关的候选生成流程和商线计划安排请研发一起评估风险",今天我们团队要讨论后选生城相关的后选生城流程和上线计化安排，请研发一起评估风险。,"今天,我们团队要讨论候选生成相关的候选生成流程和商线计划安排请研发一起评估风险","今天,我们团队要讨论候选生成相关的候选生成流程和商线计划安排请研发一起评估风险",50,50,32,"[{""retryRegionId"": ""m3rr:fine:4ec4e6cb615a60da876e90037b3a6b71fd3135343b2715a41ef6115d5cba6601:12:fine:4ec4e6cb615a60da876e90037b3a6b71fd3135343b2715a41ef6115d5cba6601:12"", ""sourceSpanIds"": [""fine:4ec4e6cb615a60da876e90037b3a6b71fd3135343b2715a41ef6115d5cba6601:12""], ""rawStart"": 14, ""rawEnd"": 15, ""syllableStart"": 13, ""syllableEnd"": 14, ""oldLocalSpanSurfaces"": [""相""], ""newLocalSpanSurfaces"": [""相""], ""regionMergedFromAdjacentRetry"": false, ""recallCandidatesReturned"": 1, ""candidateBudgetAfter"": 1, ""s",41,8.86609172821045,2,2,UNCHANGED_RETRY_NO_EFFECT
d065,"這次發布我們線,對其上述 当线计划窗口后学生,成模快需要连掉别漏掉回归",这次发布我们先对齐上线计划窗口，后选生城模块需要联调，别漏掉回归。,"这次发布我们线对其上述 上限激化窗口后学生,成模块需要连掉别漏掉回归","这次发布我们线,对其上述 当线计划窗口后学生,成模快需要连掉别漏掉回归",5,5,4,"[{""retryRegionId"": ""m3rr:fine:3d3c31c5c5e654870493acd5aff35b8f7b6d09e378bccf9157c9f9cca7fa5359:6:fine:3d3c31c5c5e654870493acd5aff35b8f7b6d09e378bccf9157c9f9cca7fa5359:6"", ""sourceSpanIds"": [""fine:3d3c31c5c5e654870493acd5aff35b8f7b6d09e378bccf9157c9f9cca7fa5359:6""], ""rawStart"": 6, ""rawEnd"": 7, ""syllableStart"": 6, ""syllableEnd"": 7, ""oldLocalSpanSurfaces"": [""线""], ""newLocalSpanSurfaces"": [""线""], ""regionMergedFromAdjacentRetry"": false, ""recallCandidatesReturned"": 0, ""candidateBudgetAfter"": 0, ""secondDo",3,13.067708969116211,1,2,IMPROVED
d066,"会上提到 候选生陈列露,要加件空上线即画文当我下午更新一版",会上提到候选生成链路要加监控，上线计划文档我下午更新一版。,"会上提到 候选生陈列露,要加件空上线级画文当我下午更新一版","会上提到 候选生陈列露,要加件空上线即画文当我下午更新一版",5,5,1,"[{""retryRegionId"": ""m3rr:fine:e813dc5244aca273ab80c996bd018028b701c567ceb82883084857fd6df9d920:14:fine:e813dc5244aca273ab80c996bd018028b701c567ceb82883084857fd6df9d920:18"", ""sourceSpanIds"": [""fine:e813dc5244aca273ab80c996bd018028b701c567ceb82883084857fd6df9d920:14"", ""fine:e813dc5244aca273ab80c996bd018028b701c567ceb82883084857fd6df9d920:15"", ""fine:e813dc5244aca273ab80c996bd018028b701c567ceb82883084857fd6df9d920:16"", ""fine:e813dc5244aca273ab80c996bd018028b701c567ceb82883084857fd6df9d920:17"", ""fine",2,14.79512071609497,1,1,INDETERMINATE
d067,"您好,我定位了 但顯示已發貨,但物流三天沒更新能幫我查一下嗎?",您好，我订单显示已发货但物流三天没更新，能帮我查一下吗？,您好我弟 但显示已发货 但物流三天没更新能帮我查一下吗?,"您好,我定位了 但显示已发货,但物流三天没更新能帮我查一下吗?",12,12,9,"[{""retryRegionId"": ""m3rr:fine:5e9009eef0d21f74596c5a09a2e424e9bd26bcd10a32e19a58a4e393c518fd80:0:fine:5e9009eef0d21f74596c5a09a2e424e9bd26bcd10a32e19a58a4e393c518fd80:0"", ""sourceSpanIds"": [""fine:5e9009eef0d21f74596c5a09a2e424e9bd26bcd10a32e19a58a4e393c518fd80:0""], ""rawStart"": 0, ""rawEnd"": 1, ""syllableStart"": 0, ""syllableEnd"": 1, ""oldLocalSpanSurfaces"": [""您""], ""newLocalSpanSurfaces"": [""您""], ""regionMergedFromAdjacentRetry"": false, ""recallCandidatesReturned"": 1, ""candidateBudgetAfter"": 1, ""secondDo",6,13.881014823913574,1,1,REGRESSED
d068,"想改一下收货地址还来得及吗? 麻烦尽快处理,谢谢!",想改一下收货地址，还来得及吗？麻烦尽快处理，谢谢。,"想改一下收货地址还来得及吗? 麻烦尽快处理,谢谢!","想改一下收货地址还来得及吗? 麻烦尽快处理,谢谢!",10,10,7,"[{""retryRegionId"": ""m3rr:fine:ac54b5338e2d4fdede7075efb8b2804dda03658ded972be94d2d5edca04fb480:4:fine:ac54b5338e2d4fdede7075efb8b2804dda03658ded972be94d2d5edca04fb480:4"", ""sourceSpanIds"": [""fine:ac54b5338e2d4fdede7075efb8b2804dda03658ded972be94d2d5edca04fb480:4""], ""rawStart"": 4, ""rawEnd"": 5, ""syllableStart"": 4, ""syllableEnd"": 5, ""oldLocalSpanSurfaces"": [""收""], ""newLocalSpanSurfaces"": [""收""], ""regionMergedFromAdjacentRetry"": false, ""recallCandidatesReturned"": 1, ""candidateBudgetAfter"": 1, ""secondDo",10,6.245349884033203,4,4,UNCHANGED_RETRY_NO_EFFECT
d069,发票抬头开错了能重新开具电子发票吗,发票抬头开错了，能重新开具电子发票吗？,发票抬头开错了能重新开具电子发票吗,发票抬头开错了能重新开具电子发票吗,4,4,4,"[{""retryRegionId"": ""m3rr:fine:34dea697c6fe8397fe55610267215a8d77eda23faa2c04afceeca48e677bb5b6:10:fine:34dea697c6fe8397fe55610267215a8d77eda23faa2c04afceeca48e677bb5b6:10"", ""sourceSpanIds"": [""fine:34dea697c6fe8397fe55610267215a8d77eda23faa2c04afceeca48e677bb5b6:10""], ""rawStart"": 12, ""rawEnd"": 14, ""syllableStart"": 12, ""syllableEnd"": 14, ""oldLocalSpanSurfaces"": [""电子""], ""newLocalSpanSurfaces"": [""电子""], ""regionMergedFromAdjacentRetry"": false, ""recallCandidatesReturned"": 1, ""candidateBudgetAfter"": 1, ",4,3.1401909589767456,1,1,UNCHANGED_RETRY_NO_EFFECT
d070,请简单介绍一下你上一段项目里负责的核心模块和难点,请简单介绍一下你上一段项目里负责的核心模块和难点。,"请简单介绍一下,你上一段项目里负责的核心模块和难点。",请简单介绍一下你上一段项目里负责的核心模块和难点,10,10,6,"[{""retryRegionId"": ""m3rr:fine:b3589d0dbeae9b0c987941faeff6fbb603f03d7665c138222679f3e4843b5cac:2:fine:b3589d0dbeae9b0c987941faeff6fbb603f03d7665c138222679f3e4843b5cac:3"", ""sourceSpanIds"": [""fine:b3589d0dbeae9b0c987941faeff6fbb603f03d7665c138222679f3e4843b5cac:2"", ""fine:b3589d0dbeae9b0c987941faeff6fbb603f03d7665c138222679f3e4843b5cac:3""], ""rawStart"": 3, ""rawEnd"": 5, ""syllableStart"": 3, ""syllableEnd"": 5, ""oldLocalSpanSurfaces"": [""介"", ""绍""], ""newLocalSpanSurfaces"": [""介"", ""绍""], ""regionMergedFromAdjac",4,14.81039810180664,1,1,UNCHANGED_RETRY_NO_EFFECT
d071,"你如何看待夸团队写作,遇到需求边更一般怎么处理?",你如何看待跨团队协作？遇到需求变更一般怎么处理？,"你如何看待夸团队写作,遇到需求边更一般怎么处理?","你如何看待夸团队写作,遇到需求边更一般怎么处理?",26,26,26,"[{""retryRegionId"": ""m3rr:fine:afc5820355a8ec67422267e778bcb34b39cc68a0f8c834dcd25b94ba273dfdc1:2:fine:afc5820355a8ec67422267e778bcb34b39cc68a0f8c834dcd25b94ba273dfdc1:2"", ""sourceSpanIds"": [""fine:afc5820355a8ec67422267e778bcb34b39cc68a0f8c834dcd25b94ba273dfdc1:2""], ""rawStart"": 2, ""rawEnd"": 3, ""syllableStart"": 2, ""syllableEnd"": 3, ""oldLocalSpanSurfaces"": [""何""], ""newLocalSpanSurfaces"": [""何""], ""regionMergedFromAdjacentRetry"": false, ""recallCandidatesReturned"": 1, ""candidateBudgetAfter"": 1, ""secondDo",32,9.46168041229248,1,1,UNCHANGED_RETRY_NO_EFFECT
d072,"期望星,自这块我们可以再沟通你最快什么时候能入职",期望薪资这块我们可以再沟通，你最快什么时候能入职？,"期望星,自这块我们可以再沟通你最快什么时候能入职","期望星,自这块我们可以再沟通你最快什么时候能入职",16,16,12,"[{""retryRegionId"": ""m3rr:fine:ef362a7409d257efe1af2da13a738a0d169e7c13cebf78fc693f2e600087c365:0:fine:ef362a7409d257efe1af2da13a738a0d169e7c13cebf78fc693f2e600087c365:2"", ""sourceSpanIds"": [""fine:ef362a7409d257efe1af2da13a738a0d169e7c13cebf78fc693f2e600087c365:0"", ""fine:ef362a7409d257efe1af2da13a738a0d169e7c13cebf78fc693f2e600087c365:1"", ""fine:ef362a7409d257efe1af2da13a738a0d169e7c13cebf78fc693f2e600087c365:2""], ""rawStart"": 0, ""rawEnd"": 3, ""syllableStart"": 0, ""syllableEnd"": 3, ""oldLocalSpanSurfac",8,11.684506893157959,1,1,UNCHANGED_RETRY_NO_EFFECT
d073,"老是這道題的解題步,周能不能解解? 我没听懂第二点",老师，这道题的解题步骤能不能再讲一遍？我没听懂第二点。,"老是这道题的解题步,周能不能解解? 我没听懂第二点","老是这道题的解题步,周能不能解解? 我没听懂第二点",5,5,4,"[{""retryRegionId"": ""m3rr:fine:e65b595b67561130d2cfbed1f9b53d7bb95a74bb6cbe7730017dada720c35a69:3:fine:e65b595b67561130d2cfbed1f9b53d7bb95a74bb6cbe7730017dada720c35a69:4"", ""sourceSpanIds"": [""fine:e65b595b67561130d2cfbed1f9b53d7bb95a74bb6cbe7730017dada720c35a69:3"", ""fine:e65b595b67561130d2cfbed1f9b53d7bb95a74bb6cbe7730017dada720c35a69:4""], ""rawStart"": 3, ""rawEnd"": 5, ""syllableStart"": 3, ""syllableEnd"": 5, ""oldLocalSpanSurfaces"": [""道"", ""题""], ""newLocalSpanSurfaces"": [""道"", ""题""], ""regionMergedFromAdjac",3,9.837868690490723,1,1,UNCHANGED_RETRY_NO_EFFECT
d074,"作业是下周一下午较码,可以电子版提较码",作业是下周一下午交吗？可以电子版提交吗？,"作业是下周一下午较码,可以电子版提较码。","作业是下周一下午较码,可以电子版提较码",3,3,2,"[{""retryRegionId"": ""m3rr:fine:04cdd3b25c1671b6e1472c6bc83662a2a3ab133848449116c505af616c369109:3:fine:04cdd3b25c1671b6e1472c6bc83662a2a3ab133848449116c505af616c369109:4"", ""sourceSpanIds"": [""fine:04cdd3b25c1671b6e1472c6bc83662a2a3ab133848449116c505af616c369109:3"", ""fine:04cdd3b25c1671b6e1472c6bc83662a2a3ab133848449116c505af616c369109:4""], ""rawStart"": 3, ""rawEnd"": 5, ""syllableStart"": 3, ""syllableEnd"": 5, ""oldLocalSpanSurfaces"": [""下"", ""周""], ""newLocalSpanSurfaces"": [""下"", ""周""], ""regionMergedFromAdjac",1,8.622905254364014,1,2,UNCHANGED_RETRY_NO_EFFECT
d075,请问这门客期末是开卷还是闭卷? 终点汇化吗?,请问这门课期末是开卷还是闭卷？重点会划吗？,请问这门客期末是开卷还是闭卷? 终点会话吗?,请问这门客期末是开卷还是闭卷? 终点汇化吗?,5,5,3,"[{""retryRegionId"": ""m3rr:fine:4dde7af713f95d45d6dea876d0042eb35b773855f40ac90a8045d024e66f5401:4:fine:4dde7af713f95d45d6dea876d0042eb35b773855f40ac90a8045d024e66f5401:5"", ""sourceSpanIds"": [""fine:4dde7af713f95d45d6dea876d0042eb35b773855f40ac90a8045d024e66f5401:4"", ""fine:4dde7af713f95d45d6dea876d0042eb35b773855f40ac90a8045d024e66f5401:5""], ""rawStart"": 4, ""rawEnd"": 6, ""syllableStart"": 4, ""syllableEnd"": 6, ""oldLocalSpanSurfaces"": [""客"", ""期""], ""newLocalSpanSurfaces"": [""客"", ""期""], ""regionMergedFromAdjac",5,10.762116432189941,4,4,REGRESSED
d076,我预定的是搭床房能安排安静一点的楼层吗,我预订的是大床房，能安排安静一点的楼层吗？,我预定的是搭床房能安排安静一点的楼层吗,我预定的是搭床房能安排安静一点的楼层吗,4,4,3,"[{""retryRegionId"": ""m3rr:fine:8abbc76111de7c632d7d17362fe9a7cda58f3c9572ab70bc308648553237b238:2:fine:8abbc76111de7c632d7d17362fe9a7cda58f3c9572ab70bc308648553237b238:3"", ""sourceSpanIds"": [""fine:8abbc76111de7c632d7d17362fe9a7cda58f3c9572ab70bc308648553237b238:2"", ""fine:8abbc76111de7c632d7d17362fe9a7cda58f3c9572ab70bc308648553237b238:3""], ""rawStart"": 2, ""rawEnd"": 4, ""syllableStart"": 2, ""syllableEnd"": 4, ""oldLocalSpanSurfaces"": [""定"", ""的""], ""newLocalSpanSurfaces"": [""定"", ""的""], ""regionMergedFromAdjac",3,8.100038528442383,1,1,UNCHANGED_RETRY_NO_EFFECT
d077,早餐几点开始?退房可以延迟到下午2点吗?,早餐几点开始？退房可以延迟到下午两点吗？,早餐几点开始?退房可以延迟到下午2点吗?,早餐几点开始?退房可以延迟到下午2点吗?,3,3,3,"[{""retryRegionId"": ""m3rr:fine:2fd838c697c2cdb5a53cfa50feb97aa7fafc16b22bc9db56665a18cb92f72a37:7:fine:2fd838c697c2cdb5a53cfa50feb97aa7fafc16b22bc9db56665a18cb92f72a37:7"", ""sourceSpanIds"": [""fine:2fd838c697c2cdb5a53cfa50feb97aa7fafc16b22bc9db56665a18cb92f72a37:7""], ""rawStart"": 8, ""rawEnd"": 9, ""syllableStart"": 7, ""syllableEnd"": 8, ""oldLocalSpanSurfaces"": [""房""], ""newLocalSpanSurfaces"": [""房""], ""regionMergedFromAdjacentRetry"": false, ""recallCandidatesReturned"": 1, ""candidateBudgetAfter"": 1, ""secondDo",2,0.7712910026311874,1,1,UNCHANGED_RETRY_NO_EFFECT
d078,房间空调不太知冷能派人上来看一下嘛,房间空调不太制冷，能派人上来看一下吗？,房间空调不太知冷能派人上来看一下嘛,房间空调不太知冷能派人上来看一下嘛,18,18,13,"[{""retryRegionId"": ""m3rr:fine:d193928a9af449ee16fe1c194b21bf986da9b308803bfbf0f69de6d97c1a5899:0:fine:d193928a9af449ee16fe1c194b21bf986da9b308803bfbf0f69de6d97c1a5899:0"", ""sourceSpanIds"": [""fine:d193928a9af449ee16fe1c194b21bf986da9b308803bfbf0f69de6d97c1a5899:0""], ""rawStart"": 0, ""rawEnd"": 1, ""syllableStart"": 0, ""syllableEnd"": 1, ""oldLocalSpanSurfaces"": [""房""], ""newLocalSpanSurfaces"": [""房""], ""regionMergedFromAdjacentRetry"": false, ""recallCandidatesReturned"": 1, ""candidateBudgetAfter"": 1, ""secondDo",12,2.150440037250519,1,1,UNCHANGED_RETRY_NO_EFFECT
d079,我想开通短信提醒需要带什么证件,我想开通短信提醒，需要带什么证件？,我想开通短信提醒需要带什么证件,我想开通短信提醒需要带什么证件,3,3,2,"[{""retryRegionId"": ""m3rr:fine:bc81ae8b47a4f84f7b1f04019dcf0a6be33eb5b5f86b744c972292726dd5d68a:5:fine:bc81ae8b47a4f84f7b1f04019dcf0a6be33eb5b5f86b744c972292726dd5d68a:5"", ""sourceSpanIds"": [""fine:bc81ae8b47a4f84f7b1f04019dcf0a6be33eb5b5f86b744c972292726dd5d68a:5""], ""rawStart"": 5, ""rawEnd"": 6, ""syllableStart"": 5, ""syllableEnd"": 6, ""oldLocalSpanSurfaces"": [""信""], ""newLocalSpanSurfaces"": [""信""], ""regionMergedFromAdjacentRetry"": false, ""recallCandidatesReturned"": 0, ""candidateBudgetAfter"": 0, ""secondDo",1,3.6612465381622314,1,1,UNCHANGED_RETRY_NO_EFFECT
d080,这笔转账显示处理中大概 多久能到账,这笔转账显示处理中，大概多久能到账？,这笔转帐显示处理中大概多久能到帐,这笔转账显示处理中大概 多久能到账,3,3,2,"[{""retryRegionId"": ""m3rr:fine:7048f00dc4da2e1af859b8645c62165e11eae0e8190a9b507cbdbb7fef0fe045:1:fine:7048f00dc4da2e1af859b8645c62165e11eae0e8190a9b507cbdbb7fef0fe045:1"", ""sourceSpanIds"": [""fine:7048f00dc4da2e1af859b8645c62165e11eae0e8190a9b507cbdbb7fef0fe045:1""], ""rawStart"": 1, ""rawEnd"": 2, ""syllableStart"": 1, ""syllableEnd"": 2, ""oldLocalSpanSurfaces"": [""笔""], ""newLocalSpanSurfaces"": [""笔""], ""regionMergedFromAdjacentRetry"": false, ""recallCandidatesReturned"": 1, ""candidateBudgetAfter"": 1, ""secondDo",2,4.3972086906433105,1,1,IMPROVED
d082,两位靠窗有位置吗? 不要像蔡薇娜就行,两位，靠窗有位置吗？不要香菜，微辣就行。,两位靠窗有位置吗? 不要像蔡薇娜就行,两位靠窗有位置吗? 不要像蔡薇娜就行,2,2,1,"[{""retryRegionId"": ""m3rr:fine:7048f00dc4da2e1af859b8645c62165e11eae0e8190a9b507cbdbb7fef0fe045:3:fine:7048f00dc4da2e1af859b8645c62165e11eae0e8190a9b507cbdbb7fef0fe045:4"", ""sourceSpanIds"": [""fine:7048f00dc4da2e1af859b8645c62165e11eae0e8190a9b507cbdbb7fef0fe045:3"", ""fine:7048f00dc4da2e1af859b8645c62165e11eae0e8190a9b507cbdbb7fef0fe045:4""], ""rawStart"": 3, ""rawEnd"": 6, ""syllableStart"": 3, ""syllableEnd"": 6, ""oldLocalSpanSurfaces"": [""窗"", ""有位""], ""newLocalSpanSurfaces"": [""窗"", ""有位""], ""regionMergedFromAdj",2,11.268717765808105,1,2,UNCHANGED_RETRY_NO_EFFECT
d083,這道菜大概要等多久 我們先點一份涼菜和一壺茶,这道菜大概要等多久？我们先点一份凉菜和一壶茶。,这道菜大概要等多久 我们先点一份凉菜和一壶茶,这道菜大概要等多久 我们先点一份凉菜和一壶茶,1,1,1,"[{""retryRegionId"": ""m3rr:fine:37367286bf78ef457c58421ac1cc51772b81498372ff6046875c912bacb0a3ca:1:fine:37367286bf78ef457c58421ac1cc51772b81498372ff6046875c912bacb0a3ca:1"", ""sourceSpanIds"": [""fine:37367286bf78ef457c58421ac1cc51772b81498372ff6046875c912bacb0a3ca:1""], ""rawStart"": 1, ""rawEnd"": 2, ""syllableStart"": 1, ""syllableEnd"": 2, ""oldLocalSpanSurfaces"": [""道""], ""newLocalSpanSurfaces"": [""道""], ""regionMergedFromAdjacentRetry"": false, ""recallCandidatesReturned"": 1, ""candidateBudgetAfter"": 1, ""secondDo",1,12.093167781829834,1,1,UNCHANGED_RETRY_NO_EFFECT
d084,可以打爆麻 顺便结一下张能扫马支付吗?,可以打包吗？顺便结一下账，能扫码支付吗？,可以打爆麻 顺便结一下张能扫马支付吗?,可以打爆麻 顺便结一下张能扫码支付吗?,8,8,8,"[{""retryRegionId"": ""m3rr:fine:d193928a9af449ee16fe1c194b21bf986da9b308803bfbf0f69de6d97c1a5899:1:fine:d193928a9af449ee16fe1c194b21bf986da9b308803bfbf0f69de6d97c1a5899:1"", ""sourceSpanIds"": [""fine:d193928a9af449ee16fe1c194b21bf986da9b308803bfbf0f69de6d97c1a5899:1""], ""rawStart"": 1, ""rawEnd"": 2, ""syllableStart"": 1, ""syllableEnd"": 2, ""oldLocalSpanSurfaces"": [""以""], ""newLocalSpanSurfaces"": [""以""], ""regionMergedFromAdjacentRetry"": false, ""recallCandidatesReturned"": 0, ""candidateBudgetAfter"": 0, ""secondDo",4,17.077556610107422,1,2,IMPROVED
d085,"自教课还剩几次,能帮我约明天晚上7点吗?",私教课还剩几次？能帮我约明天晚上七点吗？,自教课还剩几次 能帮我约明天晚上7点吗?,"自教课还剩几次,能帮我约明天晚上7点吗?",2,2,1,"[{""retryRegionId"": ""m3rr:fine:d193928a9af449ee16fe1c194b21bf986da9b308803bfbf0f69de6d97c1a5899:1:fine:d193928a9af449ee16fe1c194b21bf986da9b308803bfbf0f69de6d97c1a5899:2"", ""sourceSpanIds"": [""fine:d193928a9af449ee16fe1c194b21bf986da9b308803bfbf0f69de6d97c1a5899:1"", ""fine:d193928a9af449ee16fe1c194b21bf986da9b308803bfbf0f69de6d97c1a5899:2""], ""rawStart"": 1, ""rawEnd"": 3, ""syllableStart"": 1, ""syllableEnd"": 3, ""oldLocalSpanSurfaces"": [""教"", ""课""], ""newLocalSpanSurfaces"": [""教"", ""课""], ""regionMergedFromAdjac",1,10.597638130187988,1,1,UNCHANGED_RETRY_NO_EFFECT
d086,更易是龟仔钥匙找不到了前台 能帮忙开一下吗?,更衣室柜子钥匙找不到了，前台能帮忙开一下吗？,更易是龟仔钥匙找不到了前台 能帮忙开一下吗,更易是龟仔钥匙找不到了前台 能帮忙开一下吗?,12,12,4,"[{""retryRegionId"": ""m3rr:fine:9f843916adc4857fd809f5b8cfb8393bf736b7548f0a09f9ff591a1904faa071:2:fine:9f843916adc4857fd809f5b8cfb8393bf736b7548f0a09f9ff591a1904faa071:4"", ""sourceSpanIds"": [""fine:9f843916adc4857fd809f5b8cfb8393bf736b7548f0a09f9ff591a1904faa071:2"", ""fine:9f843916adc4857fd809f5b8cfb8393bf736b7548f0a09f9ff591a1904faa071:3"", ""fine:9f843916adc4857fd809f5b8cfb8393bf736b7548f0a09f9ff591a1904faa071:4""], ""rawStart"": 2, ""rawEnd"": 5, ""syllableStart"": 2, ""syllableEnd"": 5, ""oldLocalSpanSurfac",12,11.93102741241455,3,3,UNCHANGED_RETRY_NO_EFFECT
d087,"游泳自卡本月月底到期續飛遊,又會嗎?",游泳次卡本月月底到期，续费有优惠吗？,"游泳自卡本月月底到期续飞游,又会吗?","游泳自卡本月月底到期续飞游,又会吗?",6,6,2,"[{""retryRegionId"": ""m3rr:fine:a11519a0a6b805c16c3242918d0e30f13d8a99cebe7578a68fe2fabb883c6c96:5:fine:a11519a0a6b805c16c3242918d0e30f13d8a99cebe7578a68fe2fabb883c6c96:7"", ""sourceSpanIds"": [""fine:a11519a0a6b805c16c3242918d0e30f13d8a99cebe7578a68fe2fabb883c6c96:5"", ""fine:a11519a0a6b805c16c3242918d0e30f13d8a99cebe7578a68fe2fabb883c6c96:6"", ""fine:a11519a0a6b805c16c3242918d0e30f13d8a99cebe7578a68fe2fabb883c6c96:7""], ""rawStart"": 5, ""rawEnd"": 8, ""syllableStart"": 5, ""syllableEnd"": 8, ""oldLocalSpanSurfac",3,13.4971923828125,1,1,UNCHANGED_RETRY_NO_EFFECT
d088,"我们下午讨论后,选生成福 方安线把候选生成的借口文当补齐",我们下午讨论后选声城方案，先把候选生成的接口文档补齐。,"我们下午讨论后,选生成福 方安线把候选生成的借口文当补齐","我们下午讨论后,选生成福 方安线把候选生成的借口文当补齐",8,8,8,"[{""retryRegionId"": ""m3rr:fine:f3bf764a447987a5fc7f1b69a7c9bba4d5faa50ba65b6fac0bae7245a73800db:11:fine:f3bf764a447987a5fc7f1b69a7c9bba4d5faa50ba65b6fac0bae7245a73800db:11"", ""sourceSpanIds"": [""fine:f3bf764a447987a5fc7f1b69a7c9bba4d5faa50ba65b6fac0bae7245a73800db:11""], ""rawStart"": 13, ""rawEnd"": 14, ""syllableStart"": 11, ""syllableEnd"": 12, ""oldLocalSpanSurfaces"": [""方""], ""newLocalSpanSurfaces"": [""方""], ""regionMergedFromAdjacentRetry"": false, ""recallCandidatesReturned"": 1, ""candidateBudgetAfter"": 1, ""s",6,9.02027702331543,2,2,UNCHANGED_RETRY_NO_EFFECT
d089,这周的上限计划已经确认上限计划评审安排在周四上午,这周的上线计花已经确认，上线计划评审安排在周四上午。,这周的上限计划已经确认上限计划评审安排在周四上午,这周的上限计划已经确认上限计划评审安排在周四上午,14,14,9,"[{""retryRegionId"": ""m3rr:fine:97a9c642a72c779ee4b67ea2c5728c84c04c99c9ff9c0a244c72fe8d803ad2e6:1:fine:97a9c642a72c779ee4b67ea2c5728c84c04c99c9ff9c0a244c72fe8d803ad2e6:1"", ""sourceSpanIds"": [""fine:97a9c642a72c779ee4b67ea2c5728c84c04c99c9ff9c0a244c72fe8d803ad2e6:1""], ""rawStart"": 1, ""rawEnd"": 2, ""syllableStart"": 1, ""syllableEnd"": 2, ""oldLocalSpanSurfaces"": [""周""], ""newLocalSpanSurfaces"": [""周""], ""regionMergedFromAdjacentRetry"": false, ""recallCandidatesReturned"": 1, ""candidateBudgetAfter"": 1, ""secondDo",12,18.101161003112793,1,1,UNCHANGED_RETRY_NO_EFFECT
d090,關於後選生成為 和上限計劃請按上限計劃執行有問題 群里說,关于后选生城和上线计化，请按上线计划执行，有问题群里说。,"关于后,选生成为 和上限计划请按上限计划执行有问题 群里说",关于后选生成为 和上限计划请按上限计划执行有问题 群里说,4,4,3,"[{""retryRegionId"": ""m3rr:fine:acb0fdb45b22e6bbd1cde71d14544bc31c0e888c785a091c2225ab1238b194db:5:fine:acb0fdb45b22e6bbd1cde71d14544bc31c0e888c785a091c2225ab1238b194db:6"", ""sourceSpanIds"": [""fine:acb0fdb45b22e6bbd1cde71d14544bc31c0e888c785a091c2225ab1238b194db:5"", ""fine:acb0fdb45b22e6bbd1cde71d14544bc31c0e888c785a091c2225ab1238b194db:6""], ""rawStart"": 5, ""rawEnd"": 7, ""syllableStart"": 5, ""syllableEnd"": 7, ""oldLocalSpanSurfaces"": [""成"", ""为""], ""newLocalSpanSurfaces"": [""成"", ""为""], ""regionMergedFromAdjac",2,13.200063228607178,4,2,UNCHANGED_RETRY_NO_EFFECT
d091,"你好,我想点一杯烟麦拿铁中备无糖 今天有被裹嗎?",你好，我想点一杯燕麦拿铁，中杯，无糖。顺便问一下今天有贝果吗？,"你好,我想点一杯烟麦拿铁中备无糖 参变温宜 今天有被裹吗?","你好,我想点一杯烟麦拿铁中备无糖 今天有被裹吗?",2,2,2,"[{""retryRegionId"": ""m3rr:fine:37367286bf78ef457c58421ac1cc51772b81498372ff6046875c912bacb0a3ca:7:fine:37367286bf78ef457c58421ac1cc51772b81498372ff6046875c912bacb0a3ca:7"", ""sourceSpanIds"": [""fine:37367286bf78ef457c58421ac1cc51772b81498372ff6046875c912bacb0a3ca:7""], ""rawStart"": 8, ""rawEnd"": 9, ""syllableStart"": 7, ""syllableEnd"": 8, ""oldLocalSpanSurfaces"": [""烟""], ""newLocalSpanSurfaces"": [""烟""], ""regionMergedFromAdjacentRetry"": false, ""recallCandidatesReturned"": 0, ""candidateBudgetAfter"": 0, ""secondDo",0,2.192271888256073,1,1,INDETERMINATE
d092,麻煩幫我做一杯抹茶拿鐵帶走大 北九行謝謝,麻烦帮我做一杯抹茶拿铁带走，大杯就行，谢谢。,麻烦帮我做一杯抹茶拿铁带走大 北洲行谢谢,麻烦帮我做一杯抹茶拿铁带走大 北九行谢谢,4,4,3,"[{""retryRegionId"": ""m3rr:fine:19b9d6220e7c8bdb030c8fa3f26d33251077fc24c9a1349d10bb9d9e2d4ac612:4:fine:19b9d6220e7c8bdb030c8fa3f26d33251077fc24c9a1349d10bb9d9e2d4ac612:4"", ""sourceSpanIds"": [""fine:19b9d6220e7c8bdb030c8fa3f26d33251077fc24c9a1349d10bb9d9e2d4ac612:4""], ""rawStart"": 4, ""rawEnd"": 5, ""syllableStart"": 4, ""syllableEnd"": 5, ""oldLocalSpanSurfaces"": [""做""], ""newLocalSpanSurfaces"": [""做""], ""regionMergedFromAdjacentRetry"": false, ""recallCandidatesReturned"": 0, ""candidateBudgetAfter"": 0, ""secondDo",1,3.4352498054504395,2,2,INDETERMINATE
d093,"请问,这款病美是可以少病吗?我赶时间小呗",请问这款冰美式可以少冰吗？我赶时间，小杯。,"请问,这款病美是可以少病吗?我赶时间小呗!","请问,这款病美是可以少病吗?我赶时间小呗",3,3,3,"[{""retryRegionId"": ""m3rr:fine:973b1af9a783aa7707c48f38b9fa56cd157195dbfa41409fe89c426ae484696e:4:fine:973b1af9a783aa7707c48f38b9fa56cd157195dbfa41409fe89c426ae484696e:4"", ""sourceSpanIds"": [""fine:973b1af9a783aa7707c48f38b9fa56cd157195dbfa41409fe89c426ae484696e:4""], ""rawStart"": 5, ""rawEnd"": 6, ""syllableStart"": 4, ""syllableEnd"": 5, ""oldLocalSpanSurfaces"": [""病""], ""newLocalSpanSurfaces"": [""病""], ""regionMergedFromAdjacentRetry"": false, ""recallCandidatesReturned"": 1, ""candidateBudgetAfter"": 1, ""secondDo",3,7.542302370071411,1,1,UNCHANGED_RETRY_NO_EFFECT
d094,"小成科互反馈翻译引擎接口报错 我们能 不能加緩存下午,3點前把結論發群裡",小陈，客户反馈翻译引擎接口报错，我们能不能加缓存，下午三点前把结论发群里？,小成客户反馈翻译引擎接口报错 我们能 不能加缓存下午3点前把结论发群里,"小成客户反馈翻译引擎接口报错 我们能 不能加缓存下午,3点前把结论发群里",3,3,2,"[{""retryRegionId"": ""m3rr:fine:0a6a0d316059bacef762bc299ba0bd777c4d819b6b25418e07babe3460ec2ed1:2:fine:0a6a0d316059bacef762bc299ba0bd777c4d819b6b25418e07babe3460ec2ed1:2"", ""sourceSpanIds"": [""fine:0a6a0d316059bacef762bc299ba0bd777c4d819b6b25418e07babe3460ec2ed1:2""], ""rawStart"": 2, ""rawEnd"": 4, ""syllableStart"": 2, ""syllableEnd"": 4, ""oldLocalSpanSurfaces"": [""科互""], ""newLocalSpanSurfaces"": [""科互""], ""regionMergedFromAdjacentRetry"": false, ""recallCandidatesReturned"": 1, ""candidateBudgetAfter"": 1, ""second",2,5.91345477104187,4,4,UNCHANGED_RETRY_NO_EFFECT
d095,"今天,德湛会献过一下订单 中台,进都内 存占用高折块需要先留保护 大家看一下风险",今天的站会先过一下订单中台进度，内存占用高这块需要限流保护，大家看一下风险。,"今天,德湛会献过一下订单 中台,进都内 占用高折块需要先留保护大家看一下风险","今天,德湛会献过一下订单 中台,进都内 存占用高折块需要先留保护 大家看一下风险",40,40,40,"[{""retryRegionId"": ""m3rr:fine:e7b474d7cf6e4f2b79ef60926cb20e3c0ac0e68185e96c3f8052a2682620ab04:2:fine:e7b474d7cf6e4f2b79ef60926cb20e3c0ac0e68185e96c3f8052a2682620ab04:2"", ""sourceSpanIds"": [""fine:e7b474d7cf6e4f2b79ef60926cb20e3c0ac0e68185e96c3f8052a2682620ab04:2""], ""rawStart"": 3, ""rawEnd"": 4, ""syllableStart"": 2, ""syllableEnd"": 3, ""oldLocalSpanSurfaces"": [""德""], ""newLocalSpanSurfaces"": [""德""], ""regionMergedFromAdjacentRetry"": false, ""recallCandidatesReturned"": 0, ""candidateBudgetAfter"": 0, ""secondDo",24,13.422554016113281,1,2,IMPROVED
d096,跟会员系统相关的需求 我整理了一版八点前请大家帮忙评审一下,跟会员系统相关的需求我整理了一版，八点前请大家帮忙评审一下。,跟会员系统相关的需求 我整理了一版八点前请大家帮忙评审一下,跟会员系统相关的需求 我整理了一版八点前请大家帮忙评审一下,5,5,4,"[{""retryRegionId"": ""m3rr:fine:7ef64a58b6e9c3df8b4f9f62d951e447902139129e52c4b1536cca00a1b33b9a:5:fine:7ef64a58b6e9c3df8b4f9f62d951e447902139129e52c4b1536cca00a1b33b9a:5"", ""sourceSpanIds"": [""fine:7ef64a58b6e9c3df8b4f9f62d951e447902139129e52c4b1536cca00a1b33b9a:5""], ""rawStart"": 5, ""rawEnd"": 6, ""syllableStart"": 5, ""syllableEnd"": 6, ""oldLocalSpanSurfaces"": [""相""], ""newLocalSpanSurfaces"": [""相""], ""regionMergedFromAdjacentRetry"": false, ""recallCandidatesReturned"": 0, ""candidateBudgetAfter"": 0, ""secondDo",3,12.708083152770996,2,2,UNCHANGED_RETRY_NO_EFFECT
d097,是付去中官村軟件遠走私環 我幹 9点半的会要是堵车 您提前跟我说,师傅，去中关村软件园，走四环。我赶九点半的会，要是堵车您提前跟我说。,是付去中官村软件远走私环 我干 9点半的会要是堵车 您提前跟我说,是付去中官村软件远走私环 我干 9点半的会要是堵车 您提前跟我说,9,9,9,"[{""retryRegionId"": ""m3rr:fine:aeb1768d5e7e4d2fb6e0b6a4f07e31eae7b1746e0829fe87dd0b6f017f0337af:4:fine:aeb1768d5e7e4d2fb6e0b6a4f07e31eae7b1746e0829fe87dd0b6f017f0337af:4"", ""sourceSpanIds"": [""fine:aeb1768d5e7e4d2fb6e0b6a4f07e31eae7b1746e0829fe87dd0b6f017f0337af:4""], ""rawStart"": 4, ""rawEnd"": 5, ""syllableStart"": 4, ""syllableEnd"": 5, ""oldLocalSpanSurfaces"": [""官""], ""newLocalSpanSurfaces"": [""官""], ""regionMergedFromAdjacentRetry"": false, ""recallCandidatesReturned"": 1, ""candidateBudgetAfter"": 1, ""secondDo",5,9.14832878112793,1,1,UNCHANGED_RETRY_NO_EFFECT
d098,麻烦送我到国贸三庆南门大概多久能到 我失点 十分有隔電話會,麻烦送我到国贸三期南门，大概多久能到？我十点十分有个电话会。,麻烦送我到国贸三庆南门大概多久能到 我是点 十分有隔电话会,麻烦送我到国贸三庆南门大概多久能到 我失点 十分有隔电话会,6,6,4,"[{""retryRegionId"": ""m3rr:fine:a7948a41d9e39413f01287cbc0bdb342a77b7f805b774266b09e9d6b1169fe3d:2:fine:a7948a41d9e39413f01287cbc0bdb342a77b7f805b774266b09e9d6b1169fe3d:2"", ""sourceSpanIds"": [""fine:a7948a41d9e39413f01287cbc0bdb342a77b7f805b774266b09e9d6b1169fe3d:2""], ""rawStart"": 2, ""rawEnd"": 3, ""syllableStart"": 2, ""syllableEnd"": 3, ""oldLocalSpanSurfaces"": [""送""], ""newLocalSpanSurfaces"": [""送""], ""regionMergedFromAdjacentRetry"": false, ""recallCandidatesReturned"": 1, ""candidateBudgetAfter"": 1, ""secondDo",4,12.835990905761719,2,2,INDETERMINATE
d099,去望京苏和步走机场高速可以吗?那变现在赌不赌?,去望京SOHO，不走机场高速可以吗？那边现在堵不堵？,去望京苏和步走机场高速可以吗?那变现在赌不赌?,去望京苏和步走机场高速可以吗?那变现在赌不赌?,30,30,18,"[{""retryRegionId"": ""m3rr:fine:37367286bf78ef457c58421ac1cc51772b81498372ff6046875c912bacb0a3ca:0:fine:37367286bf78ef457c58421ac1cc51772b81498372ff6046875c912bacb0a3ca:1"", ""sourceSpanIds"": [""fine:37367286bf78ef457c58421ac1cc51772b81498372ff6046875c912bacb0a3ca:0"", ""fine:37367286bf78ef457c58421ac1cc51772b81498372ff6046875c912bacb0a3ca:1""], ""rawStart"": 0, ""rawEnd"": 2, ""syllableStart"": 0, ""syllableEnd"": 2, ""oldLocalSpanSurfaces"": [""去"", ""望""], ""newLocalSpanSurfaces"": [""去"", ""望""], ""regionMergedFromAdjac",9,10.431709289550781,2,2,UNCHANGED_RETRY_NO_EFFECT
d100,"医生您好,我这两天头痛想开点,咬病做隔斜常规",医生您好，我这两天头痛，想开点药并做个血常规。,"医生您好,我这两天头痛想开点,要病做隔斜常规","医生您好,我这两天头痛想开点,咬病做隔斜常规",7,7,3,"[{""retryRegionId"": ""m3rr:fine:9f843916adc4857fd809f5b8cfb8393bf736b7548f0a09f9ff591a1904faa071:0:fine:9f843916adc4857fd809f5b8cfb8393bf736b7548f0a09f9ff591a1904faa071:2"", ""sourceSpanIds"": [""fine:9f843916adc4857fd809f5b8cfb8393bf736b7548f0a09f9ff591a1904faa071:0"", ""fine:9f843916adc4857fd809f5b8cfb8393bf736b7548f0a09f9ff591a1904faa071:1"", ""fine:9f843916adc4857fd809f5b8cfb8393bf736b7548f0a09f9ff591a1904faa071:2""], ""rawStart"": 0, ""rawEnd"": 3, ""syllableStart"": 0, ""syllableEnd"": 3, ""oldLocalSpanSurfac",3,18.248098373413086,1,1,INDETERMINATE
d101,"刮號出請問,內客還在嗎? 还有号码 我微不舒服昨晚开始的",挂号处请问内科还有号吗？我胃不舒服，昨晚开始的。,"刮号出请问,内课还要再加一段时间吗? 还有号码,我微不舒服昨晚开始的","刮号出请问,内客还在吗? 还有号码 我微不舒服昨晚开始的",1,1,1,"[{""retryRegionId"": ""m3rr:fine:a0a8cb0e30ac09709943645ffc7d562ca07bebbb5b7938c15c0642cc00821da1:15:fine:a0a8cb0e30ac09709943645ffc7d562ca07bebbb5b7938c15c0642cc00821da1:15"", ""sourceSpanIds"": [""fine:a0a8cb0e30ac09709943645ffc7d562ca07bebbb5b7938c15c0642cc00821da1:15""], ""rawStart"": 19, ""rawEnd"": 20, ""syllableStart"": 15, ""syllableEnd"": 16, ""oldLocalSpanSurfaces"": [""微""], ""newLocalSpanSurfaces"": [""微""], ""regionMergedFromAdjacentRetry"": false, ""recallCandidatesReturned"": 0, ""candidateBudgetAfter"": 0, ""s",0,8.909265041351318,1,1,IMPROVED
d102,這個檢查報告什麼時候能出? 我過敏 需要請假休息嗎?,这个检查报告什么时候能出？我过敏发痒，需要请假休息吗？,这个检查报告什么时候能出? 我过敏 需要请假休息吗?,这个检查报告什么时候能出? 我过敏 需要请假休息吗?,1,1,1,"[{""retryRegionId"": ""m3rr:fine:e65b595b67561130d2cfbed1f9b53d7bb95a74bb6cbe7730017dada720c35a69:2:fine:e65b595b67561130d2cfbed1f9b53d7bb95a74bb6cbe7730017dada720c35a69:2"", ""sourceSpanIds"": [""fine:e65b595b67561130d2cfbed1f9b53d7bb95a74bb6cbe7730017dada720c35a69:2""], ""rawStart"": 2, ""rawEnd"": 3, ""syllableStart"": 2, ""syllableEnd"": 3, ""oldLocalSpanSurfaces"": [""检""], ""newLocalSpanSurfaces"": [""检""], ""regionMergedFromAdjacentRetry"": false, ""recallCandidatesReturned"": 0, ""candidateBudgetAfter"": 0, ""secondDo",0,0.09348256886005402,1,1,UNCHANGED_RETRY_NO_EFFECT
d103,"这件外套能试穿吗?我穿中码,买两件有没有折扣?",这件外套能试穿吗？我穿中码。买两件有没有折扣？,"这件外套能试穿吗?我穿中码,买两件有没有折扣?","这件外套能试穿吗?我穿中码,买两件有没有折扣?",1,1,1,"[{""retryRegionId"": ""m3rr:fine:cdbc9b8eeaa37edf1925471f74e8f662ef8fe2ea9f711d74354b87682745bac9:6:fine:cdbc9b8eeaa37edf1925471f74e8f662ef8fe2ea9f711d74354b87682745bac9:6"", ""sourceSpanIds"": [""fine:cdbc9b8eeaa37edf1925471f74e8f662ef8fe2ea9f711d74354b87682745bac9:6""], ""rawStart"": 6, ""rawEnd"": 7, ""syllableStart"": 6, ""syllableEnd"": 7, ""oldLocalSpanSurfaces"": [""穿""], ""newLocalSpanSurfaces"": [""穿""], ""regionMergedFromAdjacentRetry"": false, ""recallCandidatesReturned"": 1, ""candidateBudgetAfter"": 1, ""secondDo",1,3.587419033050537,2,2,UNCHANGED_RETRY_NO_EFFECT
d104,"请问,这双鞋有40码吗?不合适三天内可以退换吧?",请问这双鞋有四十码吗？不合适三天内可以退换吧？,"请问,这双鞋有40码吗?不合适三天内可以退换吧?","请问,这双鞋有40码吗?不合适三天内可以退换吧?",1,1,1,"[{""retryRegionId"": ""m3rr:fine:24b04f38092ca6ed676a00d4c179a8cdb212023e79b5db7f78a1cc3ce0d9c1b2:15:fine:24b04f38092ca6ed676a00d4c179a8cdb212023e79b5db7f78a1cc3ce0d9c1b2:15"", ""sourceSpanIds"": [""fine:24b04f38092ca6ed676a00d4c179a8cdb212023e79b5db7f78a1cc3ce0d9c1b2:15""], ""rawStart"": 20, ""rawEnd"": 21, ""syllableStart"": 16, ""syllableEnd"": 17, ""oldLocalSpanSurfaces"": [""退""], ""newLocalSpanSurfaces"": [""退""], ""regionMergedFromAdjacentRetry"": false, ""recallCandidatesReturned"": 1, ""candidateBudgetAfter"": 1, ""s",1,0.1411007158458233,1,1,UNCHANGED_RETRY_NO_EFFECT
d105,我想对比一下这两款 在名单中抬的加格会员日能再减一点吗?,我想对比一下这两款订单中台的价格，会员日能再减一点吗？,我想对比一下这两款 在名单中台的加格会员日能再减一点吗?,我想对比一下这两款 在名单中抬的加格会员日能再减一点吗?,3,3,3,"[{""retryRegionId"": ""m3rr:fine:fc4b76954a70e7574e4da13964a086a5de3039fdc1033daec8026181581e20af:3:fine:fc4b76954a70e7574e4da13964a086a5de3039fdc1033daec8026181581e20af:3"", ""sourceSpanIds"": [""fine:fc4b76954a70e7574e4da13964a086a5de3039fdc1033daec8026181581e20af:3""], ""rawStart"": 3, ""rawEnd"": 4, ""syllableStart"": 3, ""syllableEnd"": 4, ""oldLocalSpanSurfaces"": [""比""], ""newLocalSpanSurfaces"": [""比""], ""regionMergedFromAdjacentRetry"": false, ""recallCandidatesReturned"": 1, ""candidateBudgetAfter"": 1, ""secondDo",1,13.19687795639038,2,1,REGRESSED
d106,众默亚 就不要去降边骑行 天气预报说 周日多云记得带水,周末要不要去江边骑行？天气预报说周日多云，记得带水。,众默亚 就不要去降边骑行 天气预报说 周日多云记得带水,众默亚 就不要去降边骑行 天气预报说 周日多云记得带水,19,19,10,"[{""retryRegionId"": ""m3rr:fine:1c409d8f6131faa9fc20d6ca3c8911bc863ca7db5fb5df65e6fd14d73cb58462:0:fine:1c409d8f6131faa9fc20d6ca3c8911bc863ca7db5fb5df65e6fd14d73cb58462:2"", ""sourceSpanIds"": [""fine:1c409d8f6131faa9fc20d6ca3c8911bc863ca7db5fb5df65e6fd14d73cb58462:0"", ""fine:1c409d8f6131faa9fc20d6ca3c8911bc863ca7db5fb5df65e6fd14d73cb58462:1"", ""fine:1c409d8f6131faa9fc20d6ca3c8911bc863ca7db5fb5df65e6fd14d73cb58462:2""], ""rawStart"": 0, ""rawEnd"": 3, ""syllableStart"": 0, ""syllableEnd"": 3, ""oldLocalSpanSurfac",8,14.283994197845459,1,1,UNCHANGED_RETRY_NO_EFFECT
d107,晚上一起吃饭嘛 我知道一家串菜 不错大概期点到,晚上一起吃饭吗？我知道一家川菜不错，大概七点到。,晚上一起吃饭嘛 我知道一家串菜 不错大概期点到,晚上一起吃饭嘛 我知道一家串菜 不错大概期点到,5,5,4,"[{""retryRegionId"": ""m3rr:fine:37367286bf78ef457c58421ac1cc51772b81498372ff6046875c912bacb0a3ca:6:fine:37367286bf78ef457c58421ac1cc51772b81498372ff6046875c912bacb0a3ca:6"", ""sourceSpanIds"": [""fine:37367286bf78ef457c58421ac1cc51772b81498372ff6046875c912bacb0a3ca:6""], ""rawStart"": 6, ""rawEnd"": 7, ""syllableStart"": 6, ""syllableEnd"": 7, ""oldLocalSpanSurfaces"": [""嘛""], ""newLocalSpanSurfaces"": [""嘛""], ""regionMergedFromAdjacentRetry"": false, ""recallCandidatesReturned"": 1, ""candidateBudgetAfter"": 1, ""secondDo",3,6.51760458946228,1,1,UNCHANGED_RETRY_NO_EFFECT
d108,"你最近忙不忙,想找你看下手机备份怎么设置?",你最近忙不忙？想找你看下手机备份怎么设置。,"你最近忙不忙,想找你看,下手机备分怎么设置?","你最近忙不忙,想找你看下手机备份怎么设置?",3,3,3,"[{""retryRegionId"": ""m3rr:fine:0f37d68c5cfb735a8f36f01529a289522b30ddf8b25c8187c7d667820ffc23c7:12:fine:0f37d68c5cfb735a8f36f01529a289522b30ddf8b25c8187c7d667820ffc23c7:12"", ""sourceSpanIds"": [""fine:0f37d68c5cfb735a8f36f01529a289522b30ddf8b25c8187c7d667820ffc23c7:12""], ""rawStart"": 13, ""rawEnd"": 14, ""syllableStart"": 12, ""syllableEnd"": 13, ""oldLocalSpanSurfaces"": [""机""], ""newLocalSpanSurfaces"": [""机""], ""regionMergedFromAdjacentRetry"": false, ""recallCandidatesReturned"": 0, ""candidateBudgetAfter"": 0, ""s",0,0.8753546476364136,1,1,IMPROVED
d109,"今天,我们团队要讨论候选生成相关的候选生成流程和上线计划安排,请研发一起评估风险。",今天我们团队要讨论后选生城相关的后选生城流程和上线计化安排，请研发一起评估风险。,"今天,我们团队要讨论候选生成相关的候选生成流程和上线计划安排,请研发一起评估风险。","今天,我们团队要讨论候选生成相关的候选生成流程和上线计划安排,请研发一起评估风险。",44,44,24,"[{""retryRegionId"": ""m3rr:fine:f882a75ad40f5a0a5847cfcf04f216bf82f5df37795e1d5ce32adfe1c9bdfe7f:13:fine:f882a75ad40f5a0a5847cfcf04f216bf82f5df37795e1d5ce32adfe1c9bdfe7f:13"", ""sourceSpanIds"": [""fine:f882a75ad40f5a0a5847cfcf04f216bf82f5df37795e1d5ce32adfe1c9bdfe7f:13""], ""rawStart"": 14, ""rawEnd"": 15, ""syllableStart"": 13, ""syllableEnd"": 14, ""oldLocalSpanSurfaces"": [""相""], ""newLocalSpanSurfaces"": [""相""], ""regionMergedFromAdjacentRetry"": false, ""recallCandidatesReturned"": 1, ""candidateBudgetAfter"": 1, ""s",32,9.543485641479492,2,2,UNCHANGED_RETRY_NO_EFFECT
d110,這次發布 我们线对其商线激化窗口后选生成模块需要连掉别漏掉回归,这次发布我们先对齐上线计划窗口，后选生城模块需要联调，别漏掉回归。,这次发布 我们线对其商线激化窗口后选生成模块需要连掉别漏掉回归,这次发布 我们线对其商线激化窗口后选生成模块需要连掉别漏掉回归,22,22,16,"[{""retryRegionId"": ""m3rr:fine:9fe199822a73ec49789f752c07f1805f7a3af8ffc179017705e231a169c58d6f:6:fine:9fe199822a73ec49789f752c07f1805f7a3af8ffc179017705e231a169c58d6f:6"", ""sourceSpanIds"": [""fine:9fe199822a73ec49789f752c07f1805f7a3af8ffc179017705e231a169c58d6f:6""], ""rawStart"": 7, ""rawEnd"": 8, ""syllableStart"": 6, ""syllableEnd"": 7, ""oldLocalSpanSurfaces"": [""线""], ""newLocalSpanSurfaces"": [""线""], ""regionMergedFromAdjacentRetry"": false, ""recallCandidatesReturned"": 1, ""candidateBudgetAfter"": 1, ""secondDo",23,10.749901294708252,4,2,UNCHANGED_RETRY_NO_EFFECT
d111,会上提到候选生陈恋禄 要加监控 空上限期画文当我下午更新一版,会上提到候选生成链路要加监控，上线计划文档我下午更新一版。,会上提到候选生陈恋禄 要加监控 空上限期画文当我下午更新一版,会上提到候选生陈恋禄 要加监控 空上限期画文当我下午更新一版,12,12,4,"[{""retryRegionId"": ""m3rr:fine:aeb1768d5e7e4d2fb6e0b6a4f07e31eae7b1746e0829fe87dd0b6f017f0337af:12:fine:aeb1768d5e7e4d2fb6e0b6a4f07e31eae7b1746e0829fe87dd0b6f017f0337af:12"", ""sourceSpanIds"": [""fine:aeb1768d5e7e4d2fb6e0b6a4f07e31eae7b1746e0829fe87dd0b6f017f0337af:12""], ""rawStart"": 13, ""rawEnd"": 14, ""syllableStart"": 12, ""syllableEnd"": 13, ""oldLocalSpanSurfaces"": [""监""], ""newLocalSpanSurfaces"": [""监""], ""regionMergedFromAdjacentRetry"": false, ""recallCandidatesReturned"": 0, ""candidateBudgetAfter"": 0, ""s",4,14.062345504760742,1,1,UNCHANGED_RETRY_NO_EFFECT
d112,您好我定但顯示已發貨 今天没更新能帮我查一下吗?,您好，我订单显示已发货但物流三天没更新，能帮我查一下吗？,您好我定但显示已发货 今天没更新能帮我查一下吗?,您好我定但显示已发货 今天没更新能帮我查一下吗?,8,8,4,"[{""retryRegionId"": ""m3rr:fine:2a42445e9fb6835e2cd53a5df2362ebdf798f3678d2e6eb6ffb71cc5f9c60ee0:0:fine:2a42445e9fb6835e2cd53a5df2362ebdf798f3678d2e6eb6ffb71cc5f9c60ee0:0"", ""sourceSpanIds"": [""fine:2a42445e9fb6835e2cd53a5df2362ebdf798f3678d2e6eb6ffb71cc5f9c60ee0:0""], ""rawStart"": 0, ""rawEnd"": 1, ""syllableStart"": 0, ""syllableEnd"": 1, ""oldLocalSpanSurfaces"": [""您""], ""newLocalSpanSurfaces"": [""您""], ""regionMergedFromAdjacentRetry"": false, ""recallCandidatesReturned"": 1, ""candidateBudgetAfter"": 1, ""secondDo",6,10.27599811553955,1,3,UNCHANGED_RETRY_NO_EFFECT
d113,想改一下收货地址还来得及吗? 麻烦尽快处理谢谢,想改一下收货地址，还来得及吗？麻烦尽快处理，谢谢。,"想改一下收货地址还来得及吗? 麻烦尽快处理,谢谢!",想改一下收货地址还来得及吗? 麻烦尽快处理谢谢,11,11,8,"[{""retryRegionId"": ""m3rr:fine:ef96b9fba66ee0b903f1b53d7980b3b4cd2647c61c3da2d53a13f33ff0d0db5f:4:fine:ef96b9fba66ee0b903f1b53d7980b3b4cd2647c61c3da2d53a13f33ff0d0db5f:4"", ""sourceSpanIds"": [""fine:ef96b9fba66ee0b903f1b53d7980b3b4cd2647c61c3da2d53a13f33ff0d0db5f:4""], ""rawStart"": 4, ""rawEnd"": 5, ""syllableStart"": 4, ""syllableEnd"": 5, ""oldLocalSpanSurfaces"": [""收""], ""newLocalSpanSurfaces"": [""收""], ""regionMergedFromAdjacentRetry"": false, ""recallCandidatesReturned"": 1, ""candidateBudgetAfter"": 1, ""secondDo",11,11.005167007446289,4,4,UNCHANGED_RETRY_NO_EFFECT
d114,發票台頭開錯了能重新開具電子發票嗎,发票抬头开错了，能重新开具电子发票吗？,发票台头开错了能重新开具电子发票吗,发票台头开错了能重新开具电子发票吗,4,4,2,"[{""retryRegionId"": ""m3rr:fine:9b521bd3771884f9a62faa5535b34881ea73934cfad7f5e5cee05a81c4ba9300:10:fine:9b521bd3771884f9a62faa5535b34881ea73934cfad7f5e5cee05a81c4ba9300:11"", ""sourceSpanIds"": [""fine:9b521bd3771884f9a62faa5535b34881ea73934cfad7f5e5cee05a81c4ba9300:10"", ""fine:9b521bd3771884f9a62faa5535b34881ea73934cfad7f5e5cee05a81c4ba9300:11""], ""rawStart"": 11, ""rawEnd"": 13, ""syllableStart"": 11, ""syllableEnd"": 13, ""oldLocalSpanSurfaces"": [""具"", ""电""], ""newLocalSpanSurfaces"": [""具"", ""电""], ""regionMergedF",2,5.987976312637329,1,1,UNCHANGED_RETRY_NO_EFFECT
d115,请简单介绍一下你上一段项目里负责的核心模块和难点,请简单介绍一下你上一段项目里负责的核心模块和难点。,请简单介绍一下你上一段项目里负责的核心模块和难点,请简单介绍一下你上一段项目里负责的核心模块和难点,12,12,8,"[{""retryRegionId"": ""m3rr:fine:1c409d8f6131faa9fc20d6ca3c8911bc863ca7db5fb5df65e6fd14d73cb58462:1:fine:1c409d8f6131faa9fc20d6ca3c8911bc863ca7db5fb5df65e6fd14d73cb58462:1"", ""sourceSpanIds"": [""fine:1c409d8f6131faa9fc20d6ca3c8911bc863ca7db5fb5df65e6fd14d73cb58462:1""], ""rawStart"": 1, ""rawEnd"": 2, ""syllableStart"": 1, ""syllableEnd"": 2, ""oldLocalSpanSurfaces"": [""简""], ""newLocalSpanSurfaces"": [""简""], ""regionMergedFromAdjacentRetry"": false, ""recallCandidatesReturned"": 0, ""candidateBudgetAfter"": 0, ""secondDo",2,14.276114463806152,1,1,UNCHANGED_RETRY_NO_EFFECT
d116,"你如何看待夸团队写作? 遇到需求的夸团队,你会如何看待夸团队? 球边更一般怎么处理",你如何看待跨团队协作？遇到需求变更一般怎么处理？,你如何看待夸团队写作? 遇到需求的夸团队 要求边更一般怎么处理,"你如何看待夸团队写作? 遇到需求的夸团队,你会如何看待夸团队? 球边更一般怎么处理",14,14,14,"[{""retryRegionId"": ""m3rr:fine:5202c49cbddffe9bfe0e5abecbb08237a9453e7f93c7dc2be3f807f8b5feff9b:2:fine:5202c49cbddffe9bfe0e5abecbb08237a9453e7f93c7dc2be3f807f8b5feff9b:2"", ""sourceSpanIds"": [""fine:5202c49cbddffe9bfe0e5abecbb08237a9453e7f93c7dc2be3f807f8b5feff9b:2""], ""rawStart"": 2, ""rawEnd"": 3, ""syllableStart"": 2, ""syllableEnd"": 3, ""oldLocalSpanSurfaces"": [""何""], ""newLocalSpanSurfaces"": [""何""], ""regionMergedFromAdjacentRetry"": false, ""recallCandidatesReturned"": 1, ""candidateBudgetAfter"": 1, ""secondDo",4,9.434639930725098,1,2,REGRESSED
d117,期望星字這塊我們可以再溝通你最快什麼時候能入職,期望薪资这块我们可以再沟通，你最快什么时候能入职？,期望新自这块我们可以再沟通你最快什么时候能入职,期望星字这块我们可以再沟通你最快什么时候能入职,5,5,2,"[{""retryRegionId"": ""m3rr:fine:ef362a7409d257efe1af2da13a738a0d169e7c13cebf78fc693f2e600087c365:0:fine:ef362a7409d257efe1af2da13a738a0d169e7c13cebf78fc693f2e600087c365:3"", ""sourceSpanIds"": [""fine:ef362a7409d257efe1af2da13a738a0d169e7c13cebf78fc693f2e600087c365:0"", ""fine:ef362a7409d257efe1af2da13a738a0d169e7c13cebf78fc693f2e600087c365:1"", ""fine:ef362a7409d257efe1af2da13a738a0d169e7c13cebf78fc693f2e600087c365:2"", ""fine:ef362a7409d257efe1af2da13a738a0d169e7c13cebf78fc693f2e600087c365:3""], ""rawStart""",2,9.24741506576538,1,1,INDETERMINATE
d118,老是知道提的解題步 周能不能 我没听懂第二点,老师，这道题的解题步骤能不能再讲一遍？我没听懂第二点。,"老是知道提的几题不,终能不能 我没听懂第二点",老是知道提的解题步 周能不能 我没听懂第二点,4,4,4,"[{""retryRegionId"": ""m3rr:fine:a12d4ccb9480b085d19a33d073f4b188887b43d4ed2957123639f19fd72840be:2:fine:a12d4ccb9480b085d19a33d073f4b188887b43d4ed2957123639f19fd72840be:2"", ""sourceSpanIds"": [""fine:a12d4ccb9480b085d19a33d073f4b188887b43d4ed2957123639f19fd72840be:2""], ""rawStart"": 2, ""rawEnd"": 4, ""syllableStart"": 2, ""syllableEnd"": 4, ""oldLocalSpanSurfaces"": [""知道""], ""newLocalSpanSurfaces"": [""知道""], ""regionMergedFromAdjacentRetry"": false, ""recallCandidatesReturned"": 1, ""candidateBudgetAfter"": 1, ""second",4,13.421679496765137,2,2,IMPROVED
d119,作业时下周一下午叫码 可以电子板提叫码,作业是下周一下午交吗？可以电子版提交吗？,作业时下周一下午叫吗?可以电子板提叫吗?,作业时下周一下午叫码 可以电子板提叫码,7,7,3,"[{""retryRegionId"": ""m3rr:fine:808e3dfd933392bb0adb0e768bb106c231039a65d9a411fcd4074d479a7c4314:2:fine:808e3dfd933392bb0adb0e768bb106c231039a65d9a411fcd4074d479a7c4314:4"", ""sourceSpanIds"": [""fine:808e3dfd933392bb0adb0e768bb106c231039a65d9a411fcd4074d479a7c4314:2"", ""fine:808e3dfd933392bb0adb0e768bb106c231039a65d9a411fcd4074d479a7c4314:3"", ""fine:808e3dfd933392bb0adb0e768bb106c231039a65d9a411fcd4074d479a7c4314:4""], ""rawStart"": 2, ""rawEnd"": 5, ""syllableStart"": 2, ""syllableEnd"": 5, ""oldLocalSpanSurfac",4,11.261685848236084,1,1,REGRESSED
d120,请问这门客期末是开卷还是闭卷? 终点汇化码,请问这门课期末是开卷还是闭卷？重点会划吗？,请问这门客期末是开卷还是闭卷? 终点汇化码,请问这门客期末是开卷还是闭卷? 终点汇化码,4,4,2,"[{""retryRegionId"": ""m3rr:fine:406369b69d20013642b051317595e528c850c41df8ca93640fce6b7e57486447:4:fine:406369b69d20013642b051317595e528c850c41df8ca93640fce6b7e57486447:5"", ""sourceSpanIds"": [""fine:406369b69d20013642b051317595e528c850c41df8ca93640fce6b7e57486447:4"", ""fine:406369b69d20013642b051317595e528c850c41df8ca93640fce6b7e57486447:5""], ""rawStart"": 4, ""rawEnd"": 6, ""syllableStart"": 4, ""syllableEnd"": 6, ""oldLocalSpanSurfaces"": [""客"", ""期""], ""newLocalSpanSurfaces"": [""客"", ""期""], ""regionMergedFromAdjac",4,9.90877389907837,4,4,UNCHANGED_RETRY_NO_EFFECT
d121,我预定的是搭床房能安排安静一点的楼层吗,我预订的是大床房，能安排安静一点的楼层吗？,我预定的是搭床房能安排安静一点的楼层吗,我预定的是搭床房能安排安静一点的楼层吗,4,4,2,"[{""retryRegionId"": ""m3rr:fine:adfa18c98183c9435eb13dd76b200a70de49500e7a422805d0d4faa9f0114e18:2:fine:adfa18c98183c9435eb13dd76b200a70de49500e7a422805d0d4faa9f0114e18:4"", ""sourceSpanIds"": [""fine:adfa18c98183c9435eb13dd76b200a70de49500e7a422805d0d4faa9f0114e18:2"", ""fine:adfa18c98183c9435eb13dd76b200a70de49500e7a422805d0d4faa9f0114e18:3"", ""fine:adfa18c98183c9435eb13dd76b200a70de49500e7a422805d0d4faa9f0114e18:4""], ""rawStart"": 3, ""rawEnd"": 6, ""syllableStart"": 3, ""syllableEnd"": 6, ""oldLocalSpanSurfac",3,2.9427056312561035,1,2,UNCHANGED_RETRY_NO_EFFECT
d122,早餐几点开始?退房可以延迟到下午两点吗?,早餐几点开始？退房可以延迟到下午两点吗？,早餐几点开始?退房可以延迟到下午两点吗?,早餐几点开始?退房可以延迟到下午两点吗?,4,4,4,"[{""retryRegionId"": ""m3rr:fine:34428bef62ef0b340aaf979fcfd2b9fc714bea485d43eef55ce24d3fbf0485a3:7:fine:34428bef62ef0b340aaf979fcfd2b9fc714bea485d43eef55ce24d3fbf0485a3:7"", ""sourceSpanIds"": [""fine:34428bef62ef0b340aaf979fcfd2b9fc714bea485d43eef55ce24d3fbf0485a3:7""], ""rawStart"": 8, ""rawEnd"": 9, ""syllableStart"": 7, ""syllableEnd"": 8, ""oldLocalSpanSurfaces"": [""房""], ""newLocalSpanSurfaces"": [""房""], ""regionMergedFromAdjacentRetry"": false, ""recallCandidatesReturned"": 1, ""candidateBudgetAfter"": 1, ""secondDo",2,1.278362512588501,1,1,UNCHANGED_RETRY_NO_EFFECT
d123,房间空调不太知冷能派人上来看一下吗?,房间空调不太制冷，能派人上来看一下吗？,房间空调不太知冷能派人上来看一下吗?,房间空调不太知冷能派人上来看一下吗?,4,4,3,"[{""retryRegionId"": ""m3rr:fine:d193928a9af449ee16fe1c194b21bf986da9b308803bfbf0f69de6d97c1a5899:0:fine:d193928a9af449ee16fe1c194b21bf986da9b308803bfbf0f69de6d97c1a5899:0"", ""sourceSpanIds"": [""fine:d193928a9af449ee16fe1c194b21bf986da9b308803bfbf0f69de6d97c1a5899:0""], ""rawStart"": 0, ""rawEnd"": 1, ""syllableStart"": 0, ""syllableEnd"": 1, ""oldLocalSpanSurfaces"": [""房""], ""newLocalSpanSurfaces"": [""房""], ""regionMergedFromAdjacentRetry"": false, ""recallCandidatesReturned"": 1, ""candidateBudgetAfter"": 1, ""secondDo",2,2.2653807401657104,1,1,UNCHANGED_RETRY_NO_EFFECT
d124,"我想,開通短信提醒需要帶什麼證件",我想开通短信提醒，需要带什么证件？,"我想,开通短信提醒需要带什么证件","我想,开通短信提醒需要带什么证件",1,1,1,"[{""retryRegionId"": ""m3rr:fine:bc81ae8b47a4f84f7b1f04019dcf0a6be33eb5b5f86b744c972292726dd5d68a:5:fine:bc81ae8b47a4f84f7b1f04019dcf0a6be33eb5b5f86b744c972292726dd5d68a:5"", ""sourceSpanIds"": [""fine:bc81ae8b47a4f84f7b1f04019dcf0a6be33eb5b5f86b744c972292726dd5d68a:5""], ""rawStart"": 6, ""rawEnd"": 7, ""syllableStart"": 5, ""syllableEnd"": 6, ""oldLocalSpanSurfaces"": [""信""], ""newLocalSpanSurfaces"": [""信""], ""regionMergedFromAdjacentRetry"": false, ""recallCandidatesReturned"": 0, ""candidateBudgetAfter"": 0, ""secondDo",0,2.1705756187438965,1,1,UNCHANGED_RETRY_NO_EFFECT
d125,这笔转账显示处理中大概多久能到账,这笔转账显示处理中，大概多久能到账？,这笔转账显示处理中大概多久能到账,这笔转账显示处理中大概多久能到账,4,4,2,"[{""retryRegionId"": ""m3rr:fine:7048f00dc4da2e1af859b8645c62165e11eae0e8190a9b507cbdbb7fef0fe045:1:fine:7048f00dc4da2e1af859b8645c62165e11eae0e8190a9b507cbdbb7fef0fe045:2"", ""sourceSpanIds"": [""fine:7048f00dc4da2e1af859b8645c62165e11eae0e8190a9b507cbdbb7fef0fe045:1"", ""fine:7048f00dc4da2e1af859b8645c62165e11eae0e8190a9b507cbdbb7fef0fe045:2""], ""rawStart"": 1, ""rawEnd"": 3, ""syllableStart"": 1, ""syllableEnd"": 3, ""oldLocalSpanSurfaces"": [""笔"", ""转""], ""newLocalSpanSurfaces"": [""笔"", ""转""], ""regionMergedFromAdjac",2,4.484903573989868,2,2,UNCHANGED_RETRY_NO_EFFECT
d127,兩位靠窗有位置嘛 不要像蔡薇拉就行,两位，靠窗有位置吗？不要香菜，微辣就行。,两位靠窗有位置嘛 不要像蔡薇拉就行,两位靠窗有位置嘛 不要像蔡薇拉就行,3,3,3,"[{""retryRegionId"": ""m3rr:fine:a11519a0a6b805c16c3242918d0e30f13d8a99cebe7578a68fe2fabb883c6c96:3:fine:a11519a0a6b805c16c3242918d0e30f13d8a99cebe7578a68fe2fabb883c6c96:3"", ""sourceSpanIds"": [""fine:a11519a0a6b805c16c3242918d0e30f13d8a99cebe7578a68fe2fabb883c6c96:3""], ""rawStart"": 3, ""rawEnd"": 4, ""syllableStart"": 3, ""syllableEnd"": 4, ""oldLocalSpanSurfaces"": [""窗""], ""newLocalSpanSurfaces"": [""窗""], ""regionMergedFromAdjacentRetry"": false, ""recallCandidatesReturned"": 1, ""candidateBudgetAfter"": 1, ""secondDo",2,7.3217387199401855,1,1,UNCHANGED_RETRY_NO_EFFECT
d128,这道菜大概要等多久 我们先点一份凉菜和一壶茶,这道菜大概要等多久？我们先点一份凉菜和一壶茶。,这道菜大概要等多久 我们先点一份凉菜和一壶茶,这道菜大概要等多久 我们先点一份凉菜和一壶茶,2,2,2,"[{""retryRegionId"": ""m3rr:fine:8ce70500ef30964592fc0016074814447deb74e793420467be2e21522b7614f7:1:fine:8ce70500ef30964592fc0016074814447deb74e793420467be2e21522b7614f7:1"", ""sourceSpanIds"": [""fine:8ce70500ef30964592fc0016074814447deb74e793420467be2e21522b7614f7:1""], ""rawStart"": 1, ""rawEnd"": 2, ""syllableStart"": 1, ""syllableEnd"": 2, ""oldLocalSpanSurfaces"": [""道""], ""newLocalSpanSurfaces"": [""道""], ""regionMergedFromAdjacentRetry"": false, ""recallCandidatesReturned"": 1, ""candidateBudgetAfter"": 1, ""secondDo",2,12.498259544372559,2,2,UNCHANGED_RETRY_NO_EFFECT
d129,可以打爆马 顺便结一下账能扫马支付吗?,可以打包吗？顺便结一下账，能扫码支付吗？,可以打爆马 顺便解一下张能扫马支付吗?,可以打爆马 顺便结一下账能扫马支付吗?,12,12,12,"[{""retryRegionId"": ""m3rr:fine:d193928a9af449ee16fe1c194b21bf986da9b308803bfbf0f69de6d97c1a5899:1:fine:d193928a9af449ee16fe1c194b21bf986da9b308803bfbf0f69de6d97c1a5899:1"", ""sourceSpanIds"": [""fine:d193928a9af449ee16fe1c194b21bf986da9b308803bfbf0f69de6d97c1a5899:1""], ""rawStart"": 1, ""rawEnd"": 2, ""syllableStart"": 1, ""syllableEnd"": 2, ""oldLocalSpanSurfaces"": [""以""], ""newLocalSpanSurfaces"": [""以""], ""regionMergedFromAdjacentRetry"": false, ""recallCandidatesReturned"": 0, ""candidateBudgetAfter"": 0, ""secondDo",8,18.004298210144043,2,2,IMPROVED
d130,私教课还剩几次 能帮我约明天晚上7点吗?,私教课还剩几次？能帮我约明天晚上七点吗？,私教课还剩几次 能帮我约明天晚上7点吗?,私教课还剩几次 能帮我约明天晚上7点吗?,6,6,2,"[{""retryRegionId"": ""m3rr:fine:d193928a9af449ee16fe1c194b21bf986da9b308803bfbf0f69de6d97c1a5899:0:fine:d193928a9af449ee16fe1c194b21bf986da9b308803bfbf0f69de6d97c1a5899:2"", ""sourceSpanIds"": [""fine:d193928a9af449ee16fe1c194b21bf986da9b308803bfbf0f69de6d97c1a5899:0"", ""fine:d193928a9af449ee16fe1c194b21bf986da9b308803bfbf0f69de6d97c1a5899:1"", ""fine:d193928a9af449ee16fe1c194b21bf986da9b308803bfbf0f69de6d97c1a5899:2""], ""rawStart"": 0, ""rawEnd"": 3, ""syllableStart"": 0, ""syllableEnd"": 3, ""oldLocalSpanSurfac",4,11.361950874328613,1,1,UNCHANGED_RETRY_NO_EFFECT
d131,"更意識規則要是找不到了前台,能幫忙看一下嗎?",更衣室柜子钥匙找不到了，前台能帮忙开一下吗？,更意识规则要是找不到了前台 能帮忙看一下吗,"更意识规则要是找不到了前台,能帮忙看一下吗?",6,6,2,"[{""retryRegionId"": ""m3rr:fine:9f843916adc4857fd809f5b8cfb8393bf736b7548f0a09f9ff591a1904faa071:2:fine:9f843916adc4857fd809f5b8cfb8393bf736b7548f0a09f9ff591a1904faa071:4"", ""sourceSpanIds"": [""fine:9f843916adc4857fd809f5b8cfb8393bf736b7548f0a09f9ff591a1904faa071:2"", ""fine:9f843916adc4857fd809f5b8cfb8393bf736b7548f0a09f9ff591a1904faa071:3"", ""fine:9f843916adc4857fd809f5b8cfb8393bf736b7548f0a09f9ff591a1904faa071:4""], ""rawStart"": 2, ""rawEnd"": 5, ""syllableStart"": 2, ""syllableEnd"": 5, ""oldLocalSpanSurfac",0,7.56297492980957,1,1,UNCHANGED_RETRY_NO_EFFECT
d132,游泳自卡本月月底到期续飞游优惠吗?,游泳次卡本月月底到期，续费有优惠吗？,"游泳自卡本月月底到汽水飞游,有会吗?",游泳自卡本月月底到期续飞游优惠吗?,12,12,4,"[{""retryRegionId"": ""m3rr:fine:a11519a0a6b805c16c3242918d0e30f13d8a99cebe7578a68fe2fabb883c6c96:5:fine:a11519a0a6b805c16c3242918d0e30f13d8a99cebe7578a68fe2fabb883c6c96:7"", ""sourceSpanIds"": [""fine:a11519a0a6b805c16c3242918d0e30f13d8a99cebe7578a68fe2fabb883c6c96:5"", ""fine:a11519a0a6b805c16c3242918d0e30f13d8a99cebe7578a68fe2fabb883c6c96:6"", ""fine:a11519a0a6b805c16c3242918d0e30f13d8a99cebe7578a68fe2fabb883c6c96:7""], ""rawStart"": 5, ""rawEnd"": 8, ""syllableStart"": 5, ""syllableEnd"": 8, ""oldLocalSpanSurfac",8,13.000441551208496,1,1,IMPROVED
d133,我们下午讨论后选生成方安现吧 后选生成方安现吧 完成的借口文當補齊,我们下午讨论后选声城方案，先把候选生成的接口文档补齐。,我们下午讨论后选生成方安现吧 完成的借口文当补齐,我们下午讨论后选生成方安现吧 后选生成方安现吧 完成的借口文当补齐,31,31,24,"[{""retryRegionId"": ""m3rr:fine:c9342e146d30d1e76895f83c799eefbf4525c32c76c0b2f2f4b8ccfa3630ef29:5:fine:c9342e146d30d1e76895f83c799eefbf4525c32c76c0b2f2f4b8ccfa3630ef29:5"", ""sourceSpanIds"": [""fine:c9342e146d30d1e76895f83c799eefbf4525c32c76c0b2f2f4b8ccfa3630ef29:5""], ""rawStart"": 6, ""rawEnd"": 7, ""syllableStart"": 6, ""syllableEnd"": 7, ""oldLocalSpanSurfaces"": [""后""], ""newLocalSpanSurfaces"": [""后""], ""regionMergedFromAdjacentRetry"": false, ""recallCandidatesReturned"": 1, ""candidateBudgetAfter"": 1, ""secondDo",8,8.026487827301025,1,2,REGRESSED
d134,这周的上限计划已经确认上限计划评审安排在周四上午,这周的上线计花已经确认，上线计划评审安排在周四上午。,这周的上限计划已经确认上限计划评审安排在周四上午,这周的上限计划已经确认上限计划评审安排在周四上午,16,16,10,"[{""retryRegionId"": ""m3rr:fine:1c409d8f6131faa9fc20d6ca3c8911bc863ca7db5fb5df65e6fd14d73cb58462:1:fine:1c409d8f6131faa9fc20d6ca3c8911bc863ca7db5fb5df65e6fd14d73cb58462:1"", ""sourceSpanIds"": [""fine:1c409d8f6131faa9fc20d6ca3c8911bc863ca7db5fb5df65e6fd14d73cb58462:1""], ""rawStart"": 1, ""rawEnd"": 2, ""syllableStart"": 1, ""syllableEnd"": 2, ""oldLocalSpanSurfaces"": [""周""], ""newLocalSpanSurfaces"": [""周""], ""regionMergedFromAdjacentRetry"": false, ""recallCandidatesReturned"": 1, ""candidateBudgetAfter"": 1, ""secondDo",9,11.171294212341309,1,1,UNCHANGED_RETRY_NO_EFFECT
d135,"關於後,選生成 和上限計劃請按上限計劃執行有問題 群裡說",关于后选生城和上线计化，请按上线计划执行，有问题群里说。,"关于后,选生成 和上限计划请按上限计划执行有问题 群里说","关于后,选生成 和上限计划请按上限计划执行有问题 群里说",8,8,8,"[{""retryRegionId"": ""m3rr:fine:27043b1d49e1b37b4fe3209425a6b02b3ad48c7cf135aa4909d3c3b2c7c6f84d:5:fine:27043b1d49e1b37b4fe3209425a6b02b3ad48c7cf135aa4909d3c3b2c7c6f84d:5"", ""sourceSpanIds"": [""fine:27043b1d49e1b37b4fe3209425a6b02b3ad48c7cf135aa4909d3c3b2c7c6f84d:5""], ""rawStart"": 6, ""rawEnd"": 7, ""syllableStart"": 5, ""syllableEnd"": 6, ""oldLocalSpanSurfaces"": [""成""], ""newLocalSpanSurfaces"": [""成""], ""regionMergedFromAdjacentRetry"": false, ""recallCandidatesReturned"": 1, ""candidateBudgetAfter"": 1, ""secondDo",8,11.898932456970215,1,1,UNCHANGED_RETRY_NO_EFFECT
d136,"你好,我想点一杯热巧克力中备班糖 今天有趣奇嗎?",你好，我想点一杯热巧克力，中杯，半糖。顺便问一下今天有曲奇吗？,"你好,我想点一杯热巧克力中备班糖 今天有趣奇吗?","你好,我想点一杯热巧克力中备班糖 今天有趣奇吗?",4,4,2,"[{""retryRegionId"": ""m3rr:fine:006026e0895a5809f9e0ea1756f2b8fcb30c217edb1667578d0c25ff63fe0e4d:8:fine:006026e0895a5809f9e0ea1756f2b8fcb30c217edb1667578d0c25ff63fe0e4d:8"", ""sourceSpanIds"": [""fine:006026e0895a5809f9e0ea1756f2b8fcb30c217edb1667578d0c25ff63fe0e4d:8""], ""rawStart"": 9, ""rawEnd"": 12, ""syllableStart"": 8, ""syllableEnd"": 11, ""oldLocalSpanSurfaces"": [""巧克力""], ""newLocalSpanSurfaces"": [""巧克力""], ""regionMergedFromAdjacentRetry"": false, ""recallCandidatesReturned"": 1, ""candidateBudgetAfter"": 1, ""se",4,16.801712036132812,1,1,UNCHANGED_RETRY_NO_EFFECT
d137,麻烦帮我做一杯热拿铁带走大背就行谢谢,麻烦帮我做一杯热拿铁带走，大杯就行，谢谢。,麻烦帮我做一杯热拿铁带走大背就行谢谢,麻烦帮我做一杯热拿铁带走大背就行谢谢,20,20,15,"[{""retryRegionId"": ""m3rr:fine:eb798f3b41733d6a73d84a693a1dd37d5eac24c80d1e734610722b68b57f64d0:4:fine:eb798f3b41733d6a73d84a693a1dd37d5eac24c80d1e734610722b68b57f64d0:4"", ""sourceSpanIds"": [""fine:eb798f3b41733d6a73d84a693a1dd37d5eac24c80d1e734610722b68b57f64d0:4""], ""rawStart"": 4, ""rawEnd"": 5, ""syllableStart"": 4, ""syllableEnd"": 5, ""oldLocalSpanSurfaces"": [""做""], ""newLocalSpanSurfaces"": [""做""], ""regionMergedFromAdjacentRetry"": false, ""recallCandidatesReturned"": 0, ""candidateBudgetAfter"": 0, ""secondDo",8,7.73691201210022,1,1,UNCHANGED_RETRY_NO_EFFECT
d138,"请问,这款美式可以少病吗?我赶时间小背。",请问这款美式可以少冰吗？我赶时间，小杯。,"请问,这款美式可以少病吗?我赶时间小背。","请问,这款美式可以少病吗?我赶时间小背。",3,3,3,"[{""retryRegionId"": ""m3rr:fine:d193928a9af449ee16fe1c194b21bf986da9b308803bfbf0f69de6d97c1a5899:5:fine:d193928a9af449ee16fe1c194b21bf986da9b308803bfbf0f69de6d97c1a5899:5"", ""sourceSpanIds"": [""fine:d193928a9af449ee16fe1c194b21bf986da9b308803bfbf0f69de6d97c1a5899:5""], ""rawStart"": 6, ""rawEnd"": 7, ""syllableStart"": 5, ""syllableEnd"": 6, ""oldLocalSpanSurfaces"": [""式""], ""newLocalSpanSurfaces"": [""式""], ""regionMergedFromAdjacentRetry"": false, ""recallCandidatesReturned"": 0, ""candidateBudgetAfter"": 0, ""secondDo",2,6.585254669189453,1,1,UNCHANGED_RETRY_NO_EFFECT
d139,理工科互反規範易引擎接口包錯 我們能不能 能加缓存下午3点前把结论发群里,李工，客户反馈翻译引擎接口报错，我们能不能加缓存，下午三点前把结论发群里？,理工科互反规范易引擎接口包错 我们能不能 能加缓存下午3点前把结论发群里,理工科互反规范易引擎接口包错 我们能不能 能加缓存下午3点前把结论发群里,8,8,4,"[{""retryRegionId"": ""m3rr:fine:61158fd3e11bfd73794d58916642fb208de58bc8e325ae044d5b5662bddd3baa:0:fine:61158fd3e11bfd73794d58916642fb208de58bc8e325ae044d5b5662bddd3baa:0"", ""sourceSpanIds"": [""fine:61158fd3e11bfd73794d58916642fb208de58bc8e325ae044d5b5662bddd3baa:0""], ""rawStart"": 0, ""rawEnd"": 1, ""syllableStart"": 0, ""syllableEnd"": 1, ""oldLocalSpanSurfaces"": [""理""], ""newLocalSpanSurfaces"": [""理""], ""regionMergedFromAdjacentRetry"": false, ""recallCandidatesReturned"": 0, ""candidateBudgetAfter"": 0, ""secondDo",0,6.486445903778076,4,4,UNCHANGED_RETRY_NO_EFFECT
d140,"今天,德站会先过一下顶蛋,中台,进都内存,占用高着快需要先留保护大家看一下风险",今天的站会先过一下订单中台进度，内存占用高这块需要限流保护，大家看一下风险。,今天 德站会先过一下丁淡 中台 进都内存 占用高折块需要先留保护 大家看一下风险,"今天,德站会先过一下顶蛋,中台,进都内存,占用高着快需要先留保护大家看一下风险",51,51,42,"[{""retryRegionId"": ""m3rr:fine:c2a13fb69baf73573f1b426c091880cd2bf60eff7d4dd628315e11ab40417585:2:fine:c2a13fb69baf73573f1b426c091880cd2bf60eff7d4dd628315e11ab40417585:2"", ""sourceSpanIds"": [""fine:c2a13fb69baf73573f1b426c091880cd2bf60eff7d4dd628315e11ab40417585:2""], ""rawStart"": 3, ""rawEnd"": 4, ""syllableStart"": 2, ""syllableEnd"": 3, ""oldLocalSpanSurfaces"": [""德""], ""newLocalSpanSurfaces"": [""德""], ""regionMergedFromAdjacentRetry"": false, ""recallCandidatesReturned"": 1, ""candidateBudgetAfter"": 1, ""secondDo",33,12.392858505249023,4,4,REGRESSED
d141,"更會員 相关的需求,我整理了一版八点前请大家帮忙评审一下",跟会员系统相关的需求我整理了一版，八点前请大家帮忙评审一下。,"更会员 相关的需求,我整理了一版八点前请大家帮忙评审一下","更会员 相关的需求,我整理了一版八点前请大家帮忙评审一下",5,5,4,"[{""retryRegionId"": ""m3rr:fine:6752090d3cf53f5167bba05fe8f396b26b0afe2c505f12cd70d239f034918449:2:fine:6752090d3cf53f5167bba05fe8f396b26b0afe2c505f12cd70d239f034918449:2"", ""sourceSpanIds"": [""fine:6752090d3cf53f5167bba05fe8f396b26b0afe2c505f12cd70d239f034918449:2""], ""rawStart"": 2, ""rawEnd"": 3, ""syllableStart"": 2, ""syllableEnd"": 3, ""oldLocalSpanSurfaces"": [""员""], ""newLocalSpanSurfaces"": [""员""], ""regionMergedFromAdjacentRetry"": false, ""recallCandidatesReturned"": 0, ""candidateBudgetAfter"": 0, ""secondDo",2,13.182685852050781,1,1,UNCHANGED_RETRY_NO_EFFECT
d142,市府区浦洞张江走三环 我敢 九点半的回药师赌车您提前跟我说,师傅，去浦东张江，走三环。我赶九点半的会，要是堵车您提前跟我说。,市府区浦洞张江走三环 我敢 九点半的回药师赌春宁提前跟我说,市府区浦洞张江走三环 我敢 九点半的回药师赌车您提前跟我说,8,8,5,"[{""retryRegionId"": ""m3rr:fine:850e1470a5c0ff7b825518edca94b454195e8404cdbf8387fb7c9ebbfa4cec9c:0:fine:850e1470a5c0ff7b825518edca94b454195e8404cdbf8387fb7c9ebbfa4cec9c:1"", ""sourceSpanIds"": [""fine:850e1470a5c0ff7b825518edca94b454195e8404cdbf8387fb7c9ebbfa4cec9c:0"", ""fine:850e1470a5c0ff7b825518edca94b454195e8404cdbf8387fb7c9ebbfa4cec9c:1""], ""rawStart"": 0, ""rawEnd"": 2, ""syllableStart"": 0, ""syllableEnd"": 2, ""oldLocalSpanSurfaces"": [""市"", ""府""], ""newLocalSpanSurfaces"": [""市"", ""府""], ""regionMergedFromAdjac",4,10.24366283416748,2,2,IMPROVED
d143,麻煩送我到深圳南善科技園南門大概多久能到? 我是點心 十分有隔電話會,麻烦送我到深圳南山科技园南门，大概多久能到？我十点十分有个电话会。,麻烦送我到深圳南善科技园南门大概多久能到 我是点声 十分有隔电话会,麻烦送我到深圳南善科技园南门大概多久能到? 我是点心 十分有隔电话会,16,16,10,"[{""retryRegionId"": ""m3rr:fine:c678bf97cc136cf45fbfc51d674a0f8e07495db7006cd9865fc7d22a418c4d5a:5:fine:c678bf97cc136cf45fbfc51d674a0f8e07495db7006cd9865fc7d22a418c4d5a:6"", ""sourceSpanIds"": [""fine:c678bf97cc136cf45fbfc51d674a0f8e07495db7006cd9865fc7d22a418c4d5a:5"", ""fine:c678bf97cc136cf45fbfc51d674a0f8e07495db7006cd9865fc7d22a418c4d5a:6""], ""rawStart"": 5, ""rawEnd"": 7, ""syllableStart"": 5, ""syllableEnd"": 7, ""oldLocalSpanSurfaces"": [""深"", ""圳""], ""newLocalSpanSurfaces"": [""深"", ""圳""], ""regionMergedFromAdjac",8,18.20928955078125,6,2,INDETERMINATE
d144,去杭州系 系不走沿岸路高架可以吗?那边现在赌不赌?,去杭州西溪，不走延安路高架可以吗？那边现在堵不堵？,"去杭州系,西部走沿岸路高架可以吗?那边现在赌不赌?",去杭州系 系不走沿岸路高架可以吗?那边现在赌不赌?,9,9,3,"[{""retryRegionId"": ""m3rr:fine:4d20902956446e7768c9d9e38b7851ea17485a1a28de3c48a2c6f7ac35ba9bf0:0:fine:4d20902956446e7768c9d9e38b7851ea17485a1a28de3c48a2c6f7ac35ba9bf0:2"", ""sourceSpanIds"": [""fine:4d20902956446e7768c9d9e38b7851ea17485a1a28de3c48a2c6f7ac35ba9bf0:0"", ""fine:4d20902956446e7768c9d9e38b7851ea17485a1a28de3c48a2c6f7ac35ba9bf0:1"", ""fine:4d20902956446e7768c9d9e38b7851ea17485a1a28de3c48a2c6f7ac35ba9bf0:2""], ""rawStart"": 0, ""rawEnd"": 3, ""syllableStart"": 0, ""syllableEnd"": 3, ""oldLocalSpanSurfac",3,7.9376935958862305,2,2,IMPROVED
d145,醫生您好我這兩天嗓子疼想開店要並做隔斜常規,医生您好，我这两天嗓子疼，想开点药并做个血常规。,医生您好我这两天嗓子疼想开店要并做隔斜常规,医生您好我这两天嗓子疼想开店要并做隔斜常规,6,6,4,"[{""retryRegionId"": ""m3rr:fine:37367286bf78ef457c58421ac1cc51772b81498372ff6046875c912bacb0a3ca:0:fine:37367286bf78ef457c58421ac1cc51772b81498372ff6046875c912bacb0a3ca:0"", ""sourceSpanIds"": [""fine:37367286bf78ef457c58421ac1cc51772b81498372ff6046875c912bacb0a3ca:0""], ""rawStart"": 0, ""rawEnd"": 1, ""syllableStart"": 0, ""syllableEnd"": 1, ""oldLocalSpanSurfaces"": [""医""], ""newLocalSpanSurfaces"": [""医""], ""regionMergedFromAdjacentRetry"": false, ""recallCandidatesReturned"": 0, ""candidateBudgetAfter"": 0, ""secondDo",4,14.15539264678955,1,1,UNCHANGED_RETRY_NO_EFFECT
d146,挂号出请问 内刻还有号码 我低哨昨晚开始的,挂号处请问内科还有号吗？我低烧，昨晚开始的。,挂号出请问 内刻还有号码 我低哨昨晚开始的,挂号出请问 内刻还有号码 我低哨昨晚开始的,1,1,1,"[{""retryRegionId"": ""m3rr:fine:406369b69d20013642b051317595e528c850c41df8ca93640fce6b7e57486447:6:fine:406369b69d20013642b051317595e528c850c41df8ca93640fce6b7e57486447:6"", ""sourceSpanIds"": [""fine:406369b69d20013642b051317595e528c850c41df8ca93640fce6b7e57486447:6""], ""rawStart"": 7, ""rawEnd"": 8, ""syllableStart"": 6, ""syllableEnd"": 7, ""oldLocalSpanSurfaces"": [""刻""], ""newLocalSpanSurfaces"": [""刻""], ""regionMergedFromAdjacentRetry"": false, ""recallCandidatesReturned"": 1, ""candidateBudgetAfter"": 1, ""secondDo",1,7.536648511886597,1,1,UNCHANGED_RETRY_NO_EFFECT
d147,這個檢查報告什麼時候能出 我咳嗽需要請假休息嗎,这个检查报告什么时候能出？我咳嗽，需要请假休息吗？,这个检查报告什么时候能出 我咳嗽需要请假休息吗,这个检查报告什么时候能出 我咳嗽需要请假休息吗,1,1,1,"[{""retryRegionId"": ""m3rr:fine:e65b595b67561130d2cfbed1f9b53d7bb95a74bb6cbe7730017dada720c35a69:2:fine:e65b595b67561130d2cfbed1f9b53d7bb95a74bb6cbe7730017dada720c35a69:2"", ""sourceSpanIds"": [""fine:e65b595b67561130d2cfbed1f9b53d7bb95a74bb6cbe7730017dada720c35a69:2""], ""rawStart"": 2, ""rawEnd"": 3, ""syllableStart"": 2, ""syllableEnd"": 3, ""oldLocalSpanSurfaces"": [""检""], ""newLocalSpanSurfaces"": [""检""], ""regionMergedFromAdjacentRetry"": false, ""recallCandidatesReturned"": 0, ""candidateBudgetAfter"": 0, ""secondDo",0,0.1338883638381958,1,1,UNCHANGED_RETRY_NO_EFFECT
d148,"这件外套能试穿吗? 我穿中码,买两件有没有折扣?",这件外套能试穿吗？我穿中码。买两件有没有折扣？,"这件外套能试穿吗? 我穿中码,买两件有没有折扣?","这件外套能试穿吗? 我穿中码,买两件有没有折扣?",2,2,2,"[{""retryRegionId"": ""m3rr:fine:9f843916adc4857fd809f5b8cfb8393bf736b7548f0a09f9ff591a1904faa071:6:fine:9f843916adc4857fd809f5b8cfb8393bf736b7548f0a09f9ff591a1904faa071:6"", ""sourceSpanIds"": [""fine:9f843916adc4857fd809f5b8cfb8393bf736b7548f0a09f9ff591a1904faa071:6""], ""rawStart"": 6, ""rawEnd"": 7, ""syllableStart"": 6, ""syllableEnd"": 7, ""oldLocalSpanSurfaces"": [""穿""], ""newLocalSpanSurfaces"": [""穿""], ""regionMergedFromAdjacentRetry"": false, ""recallCandidatesReturned"": 1, ""candidateBudgetAfter"": 1, ""secondDo",2,2.414945125579834,1,1,UNCHANGED_RETRY_NO_EFFECT
d149,"請問,這雙鞋 不合是三天内可以退换吧",请问这双鞋有四十码吗？不合适三天内可以退换吧？,"请问,这双鞋 有私始麻麻不合是三天内可以退换吧","请问,这双鞋 不合是三天内可以退换吧",2,2,2,"[{""retryRegionId"": ""m3rr:fine:a11519a0a6b805c16c3242918d0e30f13d8a99cebe7578a68fe2fabb883c6c96:13:fine:a11519a0a6b805c16c3242918d0e30f13d8a99cebe7578a68fe2fabb883c6c96:13"", ""sourceSpanIds"": [""fine:a11519a0a6b805c16c3242918d0e30f13d8a99cebe7578a68fe2fabb883c6c96:13""], ""rawStart"": 15, ""rawEnd"": 16, ""syllableStart"": 13, ""syllableEnd"": 14, ""oldLocalSpanSurfaces"": [""退""], ""newLocalSpanSurfaces"": [""退""], ""regionMergedFromAdjacentRetry"": false, ""recallCandidatesReturned"": 1, ""candidateBudgetAfter"": 1, ""s",2,0.30813591182231903,2,2,REGRESSED
d150,我想对比一下这两款电脑 在訂單中抬的價格會員日能再減一點嗎?,我想对比一下这两款订单中台的价格，会员日能再减一点吗？,我想对比一下这两款电子电子电子电子电子电子电子电子电子电子电子电子电子电子电子电子电子电子电子电子电子电子电子电子电子电子电子电子电子电子电子电子电子电子电子电子电子电子电子电子电子电子电子电子电子电子电子电子电子电子电子电子电子电子电子电子电子电子电子电子电子电子电子电子电子电子电子电子电子电子电子电子电子电子电子电子电子电子电子电子电子电子电子电子电子电子电子电子电子电子电子电子电子电子电子电子电子电子电子电子电子电子电子电子电子电子电子电子 订单中抬的加个会员日能再减一点吗?,我想对比一下这两款电脑 在订单中抬的价格会员日能再减一点吗?,5,5,5,"[{""retryRegionId"": ""m3rr:fine:aeb1768d5e7e4d2fb6e0b6a4f07e31eae7b1746e0829fe87dd0b6f017f0337af:3:fine:aeb1768d5e7e4d2fb6e0b6a4f07e31eae7b1746e0829fe87dd0b6f017f0337af:3"", ""sourceSpanIds"": [""fine:aeb1768d5e7e4d2fb6e0b6a4f07e31eae7b1746e0829fe87dd0b6f017f0337af:3""], ""rawStart"": 3, ""rawEnd"": 4, ""syllableStart"": 3, ""syllableEnd"": 4, ""oldLocalSpanSurfaces"": [""比""], ""newLocalSpanSurfaces"": [""比""], ""regionMergedFromAdjacentRetry"": false, ""recallCandidatesReturned"": 1, ""candidateBudgetAfter"": 1, ""secondDo",1,13.139147758483887,1,1,IMPROVED
d151,周末 要不要去江邊騎行 天氣預報說 周日多雲記得帶水,周末要不要去江边骑行？天气预报说周日多云，记得带水。,周末 要不要去江边骑行 天气预报说 周日多云记得带水,周末 要不要去江边骑行 天气预报说 周日多云记得带水,7,7,5,"[{""retryRegionId"": ""m3rr:fine:ef362a7409d257efe1af2da13a738a0d169e7c13cebf78fc693f2e600087c365:0:fine:ef362a7409d257efe1af2da13a738a0d169e7c13cebf78fc693f2e600087c365:0"", ""sourceSpanIds"": [""fine:ef362a7409d257efe1af2da13a738a0d169e7c13cebf78fc693f2e600087c365:0""], ""rawStart"": 0, ""rawEnd"": 1, ""syllableStart"": 0, ""syllableEnd"": 1, ""oldLocalSpanSurfaces"": [""周""], ""newLocalSpanSurfaces"": [""周""], ""regionMergedFromAdjacentRetry"": false, ""recallCandidatesReturned"": 1, ""candidateBudgetAfter"": 1, ""secondDo",2,13.49358081817627,1,1,UNCHANGED_RETRY_NO_EFFECT
d154,"今天,我们团队要讨论候选生成相关的候选生成流程和上线计划安排,请研发一起评估风险。",今天我们团队要讨论后选生城相关的后选生城流程和上线计化安排，请研发一起评估风险。,"今天,我们团队要讨论后选生成相关的后选生成流程和上线计划安排,请研发一起评估风险。","今天,我们团队要讨论候选生成相关的候选生成流程和上线计划安排,请研发一起评估风险。",20,20,16,"[{""retryRegionId"": ""m3rr:fine:f882a75ad40f5a0a5847cfcf04f216bf82f5df37795e1d5ce32adfe1c9bdfe7f:13:fine:f882a75ad40f5a0a5847cfcf04f216bf82f5df37795e1d5ce32adfe1c9bdfe7f:13"", ""sourceSpanIds"": [""fine:f882a75ad40f5a0a5847cfcf04f216bf82f5df37795e1d5ce32adfe1c9bdfe7f:13""], ""rawStart"": 14, ""rawEnd"": 15, ""syllableStart"": 13, ""syllableEnd"": 14, ""oldLocalSpanSurfaces"": [""相""], ""newLocalSpanSurfaces"": [""相""], ""regionMergedFromAdjacentRetry"": false, ""recallCandidatesReturned"": 0, ""candidateBudgetAfter"": 0, ""s",8,7.509051084518433,2,1,REGRESSED
d155,這次發布我們現對其商量 線機畫窗口後選生成模塊需要連掉別漏掉回歸,这次发布我们先对齐上线计划窗口，后选生城模块需要联调，别漏掉回归。,这次发布我们现对其商量 建基化窗口后选生成模块需要连掉别漏掉回归,这次发布我们现对其商量 线机画窗口后选生成模块需要连掉别漏掉回归,28,28,14,"[{""retryRegionId"": ""m3rr:fine:e38741d94eb09dec4940720950cc863f5bccd09269e342f7b4d2fb5e4c332796:9:fine:e38741d94eb09dec4940720950cc863f5bccd09269e342f7b4d2fb5e4c332796:9"", ""sourceSpanIds"": [""fine:e38741d94eb09dec4940720950cc863f5bccd09269e342f7b4d2fb5e4c332796:9""], ""rawStart"": 9, ""rawEnd"": 10, ""syllableStart"": 9, ""syllableEnd"": 10, ""oldLocalSpanSurfaces"": [""商""], ""newLocalSpanSurfaces"": [""商""], ""regionMergedFromAdjacentRetry"": false, ""recallCandidatesReturned"": 1, ""candidateBudgetAfter"": 1, ""second",8,12.06391191482544,1,1,IMPROVED
d156,會上提到候選生成戀路 要加監控 控商限集画文当我下午更新一版,会上提到候选生成链路要加监控，上线计划文档我下午更新一版。,会上提到候选生成恋路 要加监控 控商县级画文档我下午更新一版,会上提到候选生成恋路 要加监控 控商县级画文档我下午更新一版,13,13,6,"[{""retryRegionId"": ""m3rr:fine:64b7962e3deb526bf019f11b23e5f09636e619c8e14390303a485ad0cbf17c5f:6:fine:64b7962e3deb526bf019f11b23e5f09636e619c8e14390303a485ad0cbf17c5f:6"", ""sourceSpanIds"": [""fine:64b7962e3deb526bf019f11b23e5f09636e619c8e14390303a485ad0cbf17c5f:6""], ""rawStart"": 6, ""rawEnd"": 7, ""syllableStart"": 6, ""syllableEnd"": 7, ""oldLocalSpanSurfaces"": [""生""], ""newLocalSpanSurfaces"": [""生""], ""regionMergedFromAdjacentRetry"": false, ""recallCandidatesReturned"": 0, ""candidateBudgetAfter"": 0, ""secondDo",7,13.535301685333252,4,4,UNCHANGED_RETRY_NO_EFFECT
d157,"您好我定,但顯示 但物流三天沒更新能幫我查一下嗎?",您好，我订单显示已发货但物流三天没更新，能帮我查一下吗？,"您好我定,但显示 但物流三天,美更新能帮我查一下吗?","您好我定,但显示 但物流三天没更新能帮我查一下吗?",12,12,9,"[{""retryRegionId"": ""m3rr:fine:92e22ec6690ef93cd430ffce2a74363b8f0df0d149aeb517884025eb63a938dc:0:fine:92e22ec6690ef93cd430ffce2a74363b8f0df0d149aeb517884025eb63a938dc:0"", ""sourceSpanIds"": [""fine:92e22ec6690ef93cd430ffce2a74363b8f0df0d149aeb517884025eb63a938dc:0""], ""rawStart"": 0, ""rawEnd"": 1, ""syllableStart"": 0, ""syllableEnd"": 1, ""oldLocalSpanSurfaces"": [""您""], ""newLocalSpanSurfaces"": [""您""], ""regionMergedFromAdjacentRetry"": false, ""recallCandidatesReturned"": 1, ""candidateBudgetAfter"": 1, ""secondDo",6,12.257906436920166,1,1,IMPROVED
d158,想改一下收货地址还来得及吗? 麻烦尽快处理谢谢,想改一下收货地址，还来得及吗？麻烦尽快处理，谢谢。,想改一下收货地址还来得及吗? 麻烦尽快处理谢谢,想改一下收货地址还来得及吗? 麻烦尽快处理谢谢,12,12,9,"[{""retryRegionId"": ""m3rr:fine:ef96b9fba66ee0b903f1b53d7980b3b4cd2647c61c3da2d53a13f33ff0d0db5f:4:fine:ef96b9fba66ee0b903f1b53d7980b3b4cd2647c61c3da2d53a13f33ff0d0db5f:4"", ""sourceSpanIds"": [""fine:ef96b9fba66ee0b903f1b53d7980b3b4cd2647c61c3da2d53a13f33ff0d0db5f:4""], ""rawStart"": 4, ""rawEnd"": 5, ""syllableStart"": 4, ""syllableEnd"": 5, ""oldLocalSpanSurfaces"": [""收""], ""newLocalSpanSurfaces"": [""收""], ""regionMergedFromAdjacentRetry"": false, ""recallCandidatesReturned"": 1, ""candidateBudgetAfter"": 1, ""secondDo",6,9.352548599243164,4,2,UNCHANGED_RETRY_NO_EFFECT
d159,發票抬頭開錯了能重新開具電子發票嗎?,发票抬头开错了，能重新开具电子发票吗？,发票抬头开错了能重新开具电子发票吗?,发票抬头开错了能重新开具电子发票吗?,2,2,1,"[{""retryRegionId"": ""m3rr:fine:d193928a9af449ee16fe1c194b21bf986da9b308803bfbf0f69de6d97c1a5899:11:fine:d193928a9af449ee16fe1c194b21bf986da9b308803bfbf0f69de6d97c1a5899:12"", ""sourceSpanIds"": [""fine:d193928a9af449ee16fe1c194b21bf986da9b308803bfbf0f69de6d97c1a5899:11"", ""fine:d193928a9af449ee16fe1c194b21bf986da9b308803bfbf0f69de6d97c1a5899:12""], ""rawStart"": 11, ""rawEnd"": 13, ""syllableStart"": 11, ""syllableEnd"": 13, ""oldLocalSpanSurfaces"": [""具"", ""电""], ""newLocalSpanSurfaces"": [""具"", ""电""], ""regionMergedF",1,6.768657684326172,1,1,UNCHANGED_RETRY_NO_EFFECT
d160,请简单介绍一下 你上一段视频的时候 顺便向木李负责的核心模块和难点,请简单介绍一下你上一段项目里负责的核心模块和难点。,请简单介绍一下 你上一段 顺便向木李负责的核心模块和难点,请简单介绍一下 你上一段视频的时候 顺便向木李负责的核心模块和难点,22,22,12,"[{""retryRegionId"": ""m3rr:fine:e38741d94eb09dec4940720950cc863f5bccd09269e342f7b4d2fb5e4c332796:1:fine:e38741d94eb09dec4940720950cc863f5bccd09269e342f7b4d2fb5e4c332796:1"", ""sourceSpanIds"": [""fine:e38741d94eb09dec4940720950cc863f5bccd09269e342f7b4d2fb5e4c332796:1""], ""rawStart"": 1, ""rawEnd"": 2, ""syllableStart"": 1, ""syllableEnd"": 2, ""oldLocalSpanSurfaces"": [""简""], ""newLocalSpanSurfaces"": [""简""], ""regionMergedFromAdjacentRetry"": false, ""recallCandidatesReturned"": 0, ""candidateBudgetAfter"": 0, ""secondDo",4,13.159438133239746,1,1,REGRESSED
d161,"你如何看待夸团队协作,遇到续成 球边更一般怎么处理",你如何看待跨团队协作？遇到需求变更一般怎么处理？,"你如何看待夸团队协作,遇到续成 这些球边更一般怎么处理","你如何看待夸团队协作,遇到续成 球边更一般怎么处理",16,16,16,"[{""retryRegionId"": ""m3rr:fine:06eb9e6fa3cf22806c9d22fb9a2b417b73c8518d8cf82d34e3934a4c4570586c:2:fine:06eb9e6fa3cf22806c9d22fb9a2b417b73c8518d8cf82d34e3934a4c4570586c:2"", ""sourceSpanIds"": [""fine:06eb9e6fa3cf22806c9d22fb9a2b417b73c8518d8cf82d34e3934a4c4570586c:2""], ""rawStart"": 2, ""rawEnd"": 3, ""syllableStart"": 2, ""syllableEnd"": 3, ""oldLocalSpanSurfaces"": [""何""], ""newLocalSpanSurfaces"": [""何""], ""regionMergedFromAdjacentRetry"": false, ""recallCandidatesReturned"": 1, ""candidateBudgetAfter"": 1, ""secondDo",14,12.042308807373047,4,4,IMPROVED
d162,"期望性,自这块我们可以再沟通你最快什么时候能入职",期望薪资这块我们可以再沟通，你最快什么时候能入职？,"期望性,自这块我们可以再沟通你最快什么时候能入职","期望性,自这块我们可以再沟通你最快什么时候能入职",40,40,24,"[{""retryRegionId"": ""m3rr:fine:d6f147a5ec2715da35a344c74eebf42aaa1a4fbe4450c88f1d82a23ad117439f:0:fine:d6f147a5ec2715da35a344c74eebf42aaa1a4fbe4450c88f1d82a23ad117439f:2"", ""sourceSpanIds"": [""fine:d6f147a5ec2715da35a344c74eebf42aaa1a4fbe4450c88f1d82a23ad117439f:0"", ""fine:d6f147a5ec2715da35a344c74eebf42aaa1a4fbe4450c88f1d82a23ad117439f:1"", ""fine:d6f147a5ec2715da35a344c74eebf42aaa1a4fbe4450c88f1d82a23ad117439f:2""], ""rawStart"": 0, ""rawEnd"": 3, ""syllableStart"": 0, ""syllableEnd"": 3, ""oldLocalSpanSurfac",32,14.504327774047852,1,2,UNCHANGED_RETRY_NO_EFFECT
d163,"老是知道提的解题不,中能不能再讲一遍? 我没听懂 感谢观众第二点",老师，这道题的解题步骤能不能再讲一遍？我没听懂第二点。,老是知道提的解题不 周能不能再讲一遍 我没听 感谢观众第二点,"老是知道提的解题不,中能不能再讲一遍? 我没听懂 感谢观众第二点",4,4,4,"[{""retryRegionId"": ""m3rr:fine:d5ca8e1b24251d4ed13a79870528cfa0a76aaac6971006a40d3380a0b4bccc3b:2:fine:d5ca8e1b24251d4ed13a79870528cfa0a76aaac6971006a40d3380a0b4bccc3b:2"", ""sourceSpanIds"": [""fine:d5ca8e1b24251d4ed13a79870528cfa0a76aaac6971006a40d3380a0b4bccc3b:2""], ""rawStart"": 2, ""rawEnd"": 4, ""syllableStart"": 2, ""syllableEnd"": 4, ""oldLocalSpanSurfaces"": [""知道""], ""newLocalSpanSurfaces"": [""知道""], ""regionMergedFromAdjacentRetry"": false, ""recallCandidatesReturned"": 1, ""candidateBudgetAfter"": 1, ""second",3,12.498927116394043,2,2,INDETERMINATE
d164,"作业时下周以下午叫码,可以电子版提叫码",作业是下周一下午交吗？可以电子版提交吗？,作业时下周以下午叫码 可以电子版提叫码,"作业时下周以下午叫码,可以电子版提叫码",4,4,3,"[{""retryRegionId"": ""m3rr:fine:33c1af6e50d43068c19f469c0d0abd86f60f3c93344e27f138bcbfd783da9a07:1:fine:33c1af6e50d43068c19f469c0d0abd86f60f3c93344e27f138bcbfd783da9a07:1"", ""sourceSpanIds"": [""fine:33c1af6e50d43068c19f469c0d0abd86f60f3c93344e27f138bcbfd783da9a07:1""], ""rawStart"": 2, ""rawEnd"": 3, ""syllableStart"": 2, ""syllableEnd"": 3, ""oldLocalSpanSurfaces"": [""时""], ""newLocalSpanSurfaces"": [""时""], ""regionMergedFromAdjacentRetry"": false, ""recallCandidatesReturned"": 0, ""candidateBudgetAfter"": 0, ""secondDo",0,11.384459495544434,1,1,UNCHANGED_RETRY_NO_EFFECT
d165,请问这门客期末是开卷还是闭卷? 终点会话吗?,请问这门课期末是开卷还是闭卷？重点会划吗？,请问这门客期末是开卷还是闭卷? 终点会话吗?,请问这门客期末是开卷还是闭卷? 终点会话吗?,4,4,2,"[{""retryRegionId"": ""m3rr:fine:406369b69d20013642b051317595e528c850c41df8ca93640fce6b7e57486447:4:fine:406369b69d20013642b051317595e528c850c41df8ca93640fce6b7e57486447:5"", ""sourceSpanIds"": [""fine:406369b69d20013642b051317595e528c850c41df8ca93640fce6b7e57486447:4"", ""fine:406369b69d20013642b051317595e528c850c41df8ca93640fce6b7e57486447:5""], ""rawStart"": 4, ""rawEnd"": 6, ""syllableStart"": 4, ""syllableEnd"": 6, ""oldLocalSpanSurfaces"": [""客"", ""期""], ""newLocalSpanSurfaces"": [""客"", ""期""], ""regionMergedFromAdjac",4,10.770256042480469,4,4,UNCHANGED_RETRY_NO_EFFECT
d166,我预定的是搭床房能安排安静一点的楼层吗?,我预订的是大床房，能安排安静一点的楼层吗？,我预定的是搭床房能安排安静一点的楼层吗,我预定的是搭床房能安排安静一点的楼层吗?,4,4,3,"[{""retryRegionId"": ""m3rr:fine:8abbc76111de7c632d7d17362fe9a7cda58f3c9572ab70bc308648553237b238:2:fine:8abbc76111de7c632d7d17362fe9a7cda58f3c9572ab70bc308648553237b238:3"", ""sourceSpanIds"": [""fine:8abbc76111de7c632d7d17362fe9a7cda58f3c9572ab70bc308648553237b238:2"", ""fine:8abbc76111de7c632d7d17362fe9a7cda58f3c9572ab70bc308648553237b238:3""], ""rawStart"": 2, ""rawEnd"": 4, ""syllableStart"": 2, ""syllableEnd"": 4, ""oldLocalSpanSurfaces"": [""定"", ""的""], ""newLocalSpanSurfaces"": [""定"", ""的""], ""regionMergedFromAdjac",2,8.359970092773438,1,1,UNCHANGED_RETRY_NO_EFFECT
d167,早餐几点开始?退房可以延迟到下午2点吗?,早餐几点开始？退房可以延迟到下午两点吗？,早餐几点开始?退房可以延迟到下午2点吗?,早餐几点开始?退房可以延迟到下午2点吗?,1,1,1,"[{""retryRegionId"": ""m3rr:fine:d193928a9af449ee16fe1c194b21bf986da9b308803bfbf0f69de6d97c1a5899:10:fine:d193928a9af449ee16fe1c194b21bf986da9b308803bfbf0f69de6d97c1a5899:10"", ""sourceSpanIds"": [""fine:d193928a9af449ee16fe1c194b21bf986da9b308803bfbf0f69de6d97c1a5899:10""], ""rawStart"": 11, ""rawEnd"": 12, ""syllableStart"": 10, ""syllableEnd"": 11, ""oldLocalSpanSurfaces"": [""延""], ""newLocalSpanSurfaces"": [""延""], ""regionMergedFromAdjacentRetry"": false, ""recallCandidatesReturned"": 0, ""candidateBudgetAfter"": 0, ""s",0,2.2574198246002197,1,1,UNCHANGED_RETRY_NO_EFFECT
d168,房间空调不太知冷能派人上来看一下吗?,房间空调不太制冷，能派人上来看一下吗？,房间空调不太知冷能派人上来看一下吗?,房间空调不太知冷能派人上来看一下吗?,5,5,3,"[{""retryRegionId"": ""m3rr:fine:d193928a9af449ee16fe1c194b21bf986da9b308803bfbf0f69de6d97c1a5899:0:fine:d193928a9af449ee16fe1c194b21bf986da9b308803bfbf0f69de6d97c1a5899:0"", ""sourceSpanIds"": [""fine:d193928a9af449ee16fe1c194b21bf986da9b308803bfbf0f69de6d97c1a5899:0""], ""rawStart"": 0, ""rawEnd"": 1, ""syllableStart"": 0, ""syllableEnd"": 1, ""oldLocalSpanSurfaces"": [""房""], ""newLocalSpanSurfaces"": [""房""], ""regionMergedFromAdjacentRetry"": false, ""recallCandidatesReturned"": 1, ""candidateBudgetAfter"": 1, ""secondDo",3,1.8620518445968628,1,1,UNCHANGED_RETRY_NO_EFFECT
d169,"我想,开通短信提醒需要带什么证件?",我想开通短信提醒，需要带什么证件？,"我想,开通短信提醒需要带什么证件","我想,开通短信提醒需要带什么证件?",3,3,2,"[{""retryRegionId"": ""m3rr:fine:bc81ae8b47a4f84f7b1f04019dcf0a6be33eb5b5f86b744c972292726dd5d68a:5:fine:bc81ae8b47a4f84f7b1f04019dcf0a6be33eb5b5f86b744c972292726dd5d68a:5"", ""sourceSpanIds"": [""fine:bc81ae8b47a4f84f7b1f04019dcf0a6be33eb5b5f86b744c972292726dd5d68a:5""], ""rawStart"": 6, ""rawEnd"": 7, ""syllableStart"": 5, ""syllableEnd"": 6, ""oldLocalSpanSurfaces"": [""信""], ""newLocalSpanSurfaces"": [""信""], ""regionMergedFromAdjacentRetry"": false, ""recallCandidatesReturned"": 0, ""candidateBudgetAfter"": 0, ""secondDo",1,3.816730260848999,1,1,UNCHANGED_RETRY_NO_EFFECT
d170,这笔转账显示处理中大概多久能到账,这笔转账显示处理中，大概多久能到账？,这笔转账显示处理中大概多久能到账,这笔转账显示处理中大概多久能到账,3,3,2,"[{""retryRegionId"": ""m3rr:fine:7048f00dc4da2e1af859b8645c62165e11eae0e8190a9b507cbdbb7fef0fe045:1:fine:7048f00dc4da2e1af859b8645c62165e11eae0e8190a9b507cbdbb7fef0fe045:1"", ""sourceSpanIds"": [""fine:7048f00dc4da2e1af859b8645c62165e11eae0e8190a9b507cbdbb7fef0fe045:1""], ""rawStart"": 1, ""rawEnd"": 2, ""syllableStart"": 1, ""syllableEnd"": 2, ""oldLocalSpanSurfaces"": [""笔""], ""newLocalSpanSurfaces"": [""笔""], ""regionMergedFromAdjacentRetry"": false, ""recallCandidatesReturned"": 1, ""candidateBudgetAfter"": 1, ""secondDo",2,4.426343202590942,2,2,UNCHANGED_RETRY_NO_EFFECT
d171,请问理财产品的风险等急在哪里查看,请问理财产品的风险等级在哪里查看？,请问理财产品的风险等急在哪里查看,请问理财产品的风险等急在哪里查看,1,1,1,"[{""retryRegionId"": ""m3rr:fine:48029afd530daca5a8e723a2a8461bc45665a55ac1a0e827955f3cf6006584c8:4:fine:48029afd530daca5a8e723a2a8461bc45665a55ac1a0e827955f3cf6006584c8:4"", ""sourceSpanIds"": [""fine:48029afd530daca5a8e723a2a8461bc45665a55ac1a0e827955f3cf6006584c8:4""], ""rawStart"": 5, ""rawEnd"": 6, ""syllableStart"": 5, ""syllableEnd"": 6, ""oldLocalSpanSurfaces"": [""品""], ""newLocalSpanSurfaces"": [""品""], ""regionMergedFromAdjacentRetry"": false, ""recallCandidatesReturned"": 0, ""candidateBudgetAfter"": 0, ""secondDo",0,1.6554010510444641,1,1,UNCHANGED_RETRY_NO_EFFECT
d172,兩位靠窗有位置嘛 不要像蔡薇娜就行,两位，靠窗有位置吗？不要香菜，微辣就行。,两位靠窗有威脂嘛 不要像蔡薇娜就行,两位靠窗有位置嘛 不要像蔡薇娜就行,3,3,3,"[{""retryRegionId"": ""m3rr:fine:a11519a0a6b805c16c3242918d0e30f13d8a99cebe7578a68fe2fabb883c6c96:3:fine:a11519a0a6b805c16c3242918d0e30f13d8a99cebe7578a68fe2fabb883c6c96:3"", ""sourceSpanIds"": [""fine:a11519a0a6b805c16c3242918d0e30f13d8a99cebe7578a68fe2fabb883c6c96:3""], ""rawStart"": 3, ""rawEnd"": 4, ""syllableStart"": 3, ""syllableEnd"": 4, ""oldLocalSpanSurfaces"": [""窗""], ""newLocalSpanSurfaces"": [""窗""], ""regionMergedFromAdjacentRetry"": false, ""recallCandidatesReturned"": 1, ""candidateBudgetAfter"": 1, ""secondDo",2,7.6177942752838135,1,1,IMPROVED
d173,這道菜大概要等多久 我們先點一份涼菜和一壺茶,这道菜大概要等多久？我们先点一份凉菜和一壶茶。,这道菜大概要等多久 我们先点一份凉菜和一壶茶,这道菜大概要等多久 我们先点一份凉菜和一壶茶,2,2,2,"[{""retryRegionId"": ""m3rr:fine:37367286bf78ef457c58421ac1cc51772b81498372ff6046875c912bacb0a3ca:1:fine:37367286bf78ef457c58421ac1cc51772b81498372ff6046875c912bacb0a3ca:1"", ""sourceSpanIds"": [""fine:37367286bf78ef457c58421ac1cc51772b81498372ff6046875c912bacb0a3ca:1""], ""rawStart"": 1, ""rawEnd"": 2, ""syllableStart"": 1, ""syllableEnd"": 2, ""oldLocalSpanSurfaces"": [""道""], ""newLocalSpanSurfaces"": [""道""], ""regionMergedFromAdjacentRetry"": false, ""recallCandidatesReturned"": 0, ""candidateBudgetAfter"": 0, ""secondDo",0,12.082592010498047,1,1,UNCHANGED_RETRY_NO_EFFECT
d174,可以打爆麻 顺便解一下张能扫马之腹吗,可以打包吗？顺便结一下账，能扫码支付吗？,可以打爆麻 顺便解一下张能扫马之腹吗?,可以打爆麻 顺便解一下张能扫马之腹吗,5,5,5,"[{""retryRegionId"": ""m3rr:fine:f03f9ad462e840cf9f69c2a851b6b74bdc71fcfdec7952f0300700c96faf2878:1:fine:f03f9ad462e840cf9f69c2a851b6b74bdc71fcfdec7952f0300700c96faf2878:1"", ""sourceSpanIds"": [""fine:f03f9ad462e840cf9f69c2a851b6b74bdc71fcfdec7952f0300700c96faf2878:1""], ""rawStart"": 1, ""rawEnd"": 2, ""syllableStart"": 1, ""syllableEnd"": 2, ""oldLocalSpanSurfaces"": [""以""], ""newLocalSpanSurfaces"": [""以""], ""regionMergedFromAdjacentRetry"": false, ""recallCandidatesReturned"": 0, ""candidateBudgetAfter"": 0, ""secondDo",4,17.02140235900879,2,2,UNCHANGED_RETRY_NO_EFFECT
d175,"自教课还剩几次,能帮我约明天晚上7点吗?",私教课还剩几次？能帮我约明天晚上七点吗？,自教课还剩几次 能帮我约明天晚上7点吗?,"自教课还剩几次,能帮我约明天晚上7点吗?",2,2,1,"[{""retryRegionId"": ""m3rr:fine:d193928a9af449ee16fe1c194b21bf986da9b308803bfbf0f69de6d97c1a5899:1:fine:d193928a9af449ee16fe1c194b21bf986da9b308803bfbf0f69de6d97c1a5899:2"", ""sourceSpanIds"": [""fine:d193928a9af449ee16fe1c194b21bf986da9b308803bfbf0f69de6d97c1a5899:1"", ""fine:d193928a9af449ee16fe1c194b21bf986da9b308803bfbf0f69de6d97c1a5899:2""], ""rawStart"": 1, ""rawEnd"": 3, ""syllableStart"": 1, ""syllableEnd"": 3, ""oldLocalSpanSurfaces"": [""教"", ""课""], ""newLocalSpanSurfaces"": [""教"", ""课""], ""regionMergedFromAdjac",1,10.743799209594727,1,1,UNCHANGED_RETRY_NO_EFFECT
d176,更意識規則要是找不到了前台 能幫忙開一下嗎,更衣室柜子钥匙找不到了，前台能帮忙开一下吗？,更意识规则要是找不到了前台 能帮忙开一下吗,更意识规则要是找不到了前台 能帮忙开一下吗,6,6,2,"[{""retryRegionId"": ""m3rr:fine:9f843916adc4857fd809f5b8cfb8393bf736b7548f0a09f9ff591a1904faa071:2:fine:9f843916adc4857fd809f5b8cfb8393bf736b7548f0a09f9ff591a1904faa071:4"", ""sourceSpanIds"": [""fine:9f843916adc4857fd809f5b8cfb8393bf736b7548f0a09f9ff591a1904faa071:2"", ""fine:9f843916adc4857fd809f5b8cfb8393bf736b7548f0a09f9ff591a1904faa071:3"", ""fine:9f843916adc4857fd809f5b8cfb8393bf736b7548f0a09f9ff591a1904faa071:4""], ""rawStart"": 2, ""rawEnd"": 5, ""syllableStart"": 2, ""syllableEnd"": 5, ""oldLocalSpanSurfac",0,7.05154275894165,1,1,UNCHANGED_RETRY_NO_EFFECT
d177,游泳次卡本月月底到期是非有优惠吗?,游泳次卡本月月底到期，续费有优惠吗？,游泳次卡本月月底到期是非有优惠吗?,游泳次卡本月月底到期是非有优惠吗?,9,9,6,"[{""retryRegionId"": ""m3rr:fine:a11519a0a6b805c16c3242918d0e30f13d8a99cebe7578a68fe2fabb883c6c96:5:fine:a11519a0a6b805c16c3242918d0e30f13d8a99cebe7578a68fe2fabb883c6c96:7"", ""sourceSpanIds"": [""fine:a11519a0a6b805c16c3242918d0e30f13d8a99cebe7578a68fe2fabb883c6c96:5"", ""fine:a11519a0a6b805c16c3242918d0e30f13d8a99cebe7578a68fe2fabb883c6c96:6"", ""fine:a11519a0a6b805c16c3242918d0e30f13d8a99cebe7578a68fe2fabb883c6c96:7""], ""rawStart"": 5, ""rawEnd"": 8, ""syllableStart"": 5, ""syllableEnd"": 8, ""oldLocalSpanSurfac",5,17.8109712600708,1,1,UNCHANGED_RETRY_NO_EFFECT
d178,"我們下午討論後 选生成方安线吧,后选生成的接口文当补齐。",我们下午讨论后选声城方案，先把候选生成的接口文档补齐。,"我们下午讨论后 选生成方安线吧,后选生成的接口文当补齐。","我们下午讨论后 选生成方安线吧,后选生成的接口文当补齐。",5,5,4,"[{""retryRegionId"": ""m3rr:fine:27043b1d49e1b37b4fe3209425a6b02b3ad48c7cf135aa4909d3c3b2c7c6f84d:6:fine:27043b1d49e1b37b4fe3209425a6b02b3ad48c7cf135aa4909d3c3b2c7c6f84d:6"", ""sourceSpanIds"": [""fine:27043b1d49e1b37b4fe3209425a6b02b3ad48c7cf135aa4909d3c3b2c7c6f84d:6""], ""rawStart"": 6, ""rawEnd"": 7, ""syllableStart"": 6, ""syllableEnd"": 7, ""oldLocalSpanSurfaces"": [""后""], ""newLocalSpanSurfaces"": [""后""], ""regionMergedFromAdjacentRetry"": false, ""recallCandidatesReturned"": 0, ""candidateBudgetAfter"": 0, ""secondDo",3,8.819235801696777,1,1,UNCHANGED_RETRY_NO_EFFECT
d179,"這周的上限計劃意境,確認上限計劃評審安排在周四上午",这周的上线计花已经确认，上线计划评审安排在周四上午。,这周的上限计划意境 全任上限计划评审安排在周四上午,"这周的上限计划意境,确认上限计划评审安排在周四上午",9,9,5,"[{""retryRegionId"": ""m3rr:fine:e57d10fe24a35a49777963a72ded5fcf4c672b193f940f4d2dc689d92d95fb8a:1:fine:e57d10fe24a35a49777963a72ded5fcf4c672b193f940f4d2dc689d92d95fb8a:1"", ""sourceSpanIds"": [""fine:e57d10fe24a35a49777963a72ded5fcf4c672b193f940f4d2dc689d92d95fb8a:1""], ""rawStart"": 1, ""rawEnd"": 2, ""syllableStart"": 1, ""syllableEnd"": 2, ""oldLocalSpanSurfaces"": [""周""], ""newLocalSpanSurfaces"": [""周""], ""regionMergedFromAdjacentRetry"": false, ""recallCandidatesReturned"": 0, ""candidateBudgetAfter"": 0, ""secondDo",3,10.802597999572754,2,2,IMPROVED
d180,"關於後,選生成功 请按上线计划执行有问题群里说",关于后选生城和上线计化，请按上线计划执行，有问题群里说。,"关于后,选生成功 请按上限计划执行有问题群里说","关于后,选生成功 请按上线计划执行有问题群里说",4,4,4,"[{""retryRegionId"": ""m3rr:fine:24a69cc4facf6b58505655a52f41e5a17fa2bef23a64a96f8263d72b14fb1845:2:fine:24a69cc4facf6b58505655a52f41e5a17fa2bef23a64a96f8263d72b14fb1845:2"", ""sourceSpanIds"": [""fine:24a69cc4facf6b58505655a52f41e5a17fa2bef23a64a96f8263d72b14fb1845:2""], ""rawStart"": 2, ""rawEnd"": 3, ""syllableStart"": 2, ""syllableEnd"": 3, ""oldLocalSpanSurfaces"": [""后""], ""newLocalSpanSurfaces"": [""后""], ""regionMergedFromAdjacentRetry"": false, ""recallCandidatesReturned"": 0, ""candidateBudgetAfter"": 0, ""secondDo",2,5.135345935821533,1,2,IMPROVED
d181,"你好,我想點一杯冰美式中貝少糖 順便溫習一下 今天有蓝莓马芬吗?",你好，我想点一杯冰美式，中杯，少糖。顺便问一下今天有蓝莓马芬吗？,"你好,我想点一杯冰美式中贝少糖 顺便温习一下 以下今天有蓝莓马芬吗","你好,我想点一杯冰美式中贝少糖 顺便温习一下 今天有蓝莓马芬吗?",5,5,3,"[{""retryRegionId"": ""m3rr:fine:fd1ea8fe68758d6e0566fe582be11a9be71ad2f8fec0650467f4973f66c4aa27:9:fine:fd1ea8fe68758d6e0566fe582be11a9be71ad2f8fec0650467f4973f66c4aa27:10"", ""sourceSpanIds"": [""fine:fd1ea8fe68758d6e0566fe582be11a9be71ad2f8fec0650467f4973f66c4aa27:9"", ""fine:fd1ea8fe68758d6e0566fe582be11a9be71ad2f8fec0650467f4973f66c4aa27:10""], ""rawStart"": 11, ""rawEnd"": 13, ""syllableStart"": 10, ""syllableEnd"": 12, ""oldLocalSpanSurfaces"": [""中"", ""贝""], ""newLocalSpanSurfaces"": [""中"", ""贝""], ""regionMergedFro",3,16.015575885772705,1,2,IMPROVED
d182,"麻烦,帮我做一杯卡布其诺带走大背就行谢谢",麻烦帮我做一杯卡布奇诺带走，大杯就行，谢谢。,"麻烦,帮我做一杯卡布其诺带走大背就行谢谢","麻烦,帮我做一杯卡布其诺带走大背就行谢谢",18,18,12,"[{""retryRegionId"": ""m3rr:fine:8abbc76111de7c632d7d17362fe9a7cda58f3c9572ab70bc308648553237b238:4:fine:8abbc76111de7c632d7d17362fe9a7cda58f3c9572ab70bc308648553237b238:4"", ""sourceSpanIds"": [""fine:8abbc76111de7c632d7d17362fe9a7cda58f3c9572ab70bc308648553237b238:4""], ""rawStart"": 5, ""rawEnd"": 6, ""syllableStart"": 4, ""syllableEnd"": 5, ""oldLocalSpanSurfaces"": [""做""], ""newLocalSpanSurfaces"": [""做""], ""regionMergedFromAdjacentRetry"": false, ""recallCandidatesReturned"": 0, ""candidateBudgetAfter"": 0, ""secondDo",14,8.318925380706787,1,1,UNCHANGED_RETRY_NO_EFFECT
d184,小乘客互反馈翻译引擎接口 包错我们能不能加换存下物 三点钱 在我们百节论发群里,小陈，客户反馈翻译引擎接口报错，我们能不能加缓存，下午三点前把结论发群里？,小乘客户反馈翻译引擎接口 包错我们能不能加换存下物 三点钱 在我们把结论发群里,小乘客户反馈翻译引擎接口 包错我们能不能加换存下物 三点钱 在我们百节论发群里,5,5,3,"[{""retryRegionId"": ""m3rr:fine:fecb0273a82dbb22cfbc2e5a29372bea78a74829f0aeaf5bc3c1b2a08d73a66b:1:fine:fecb0273a82dbb22cfbc2e5a29372bea78a74829f0aeaf5bc3c1b2a08d73a66b:1"", ""sourceSpanIds"": [""fine:fecb0273a82dbb22cfbc2e5a29372bea78a74829f0aeaf5bc3c1b2a08d73a66b:1""], ""rawStart"": 1, ""rawEnd"": 2, ""syllableStart"": 1, ""syllableEnd"": 2, ""oldLocalSpanSurfaces"": [""乘""], ""newLocalSpanSurfaces"": [""乘""], ""regionMergedFromAdjacentRetry"": false, ""recallCandidatesReturned"": 1, ""candidateBudgetAfter"": 1, ""secondDo",4,6.252268552780151,4,4,REGRESSED
d185,"今天,德湛会献过一下订单,中台。 京都内存占用高着快需要先留保护大家看一下风险",今天的站会先过一下订单中台进度，内存占用高这块需要限流保护，大家看一下风险。,"今天,德战会献过一下订单,中台! 京都内存占用高着快需要先留保护大家看一下风险","今天,德湛会献过一下订单,中台。 京都内存占用高着快需要先留保护大家看一下风险",37,37,37,"[{""retryRegionId"": ""m3rr:fine:e7b474d7cf6e4f2b79ef60926cb20e3c0ac0e68185e96c3f8052a2682620ab04:2:fine:e7b474d7cf6e4f2b79ef60926cb20e3c0ac0e68185e96c3f8052a2682620ab04:2"", ""sourceSpanIds"": [""fine:e7b474d7cf6e4f2b79ef60926cb20e3c0ac0e68185e96c3f8052a2682620ab04:2""], ""rawStart"": 3, ""rawEnd"": 4, ""syllableStart"": 2, ""syllableEnd"": 3, ""oldLocalSpanSurfaces"": [""德""], ""newLocalSpanSurfaces"": [""德""], ""regionMergedFromAdjacentRetry"": false, ""recallCandidatesReturned"": 0, ""candidateBudgetAfter"": 0, ""secondDo",21,14.291406154632568,2,2,INDETERMINATE
d186,跟会员系统相关的需求 我整理了一板8点钱请大家帮忙评审一下,跟会员系统相关的需求我整理了一版，八点前请大家帮忙评审一下。,跟会员系统相关的需求 我整理了一板8点钱请大家帮忙评审一下,跟会员系统相关的需求 我整理了一板8点钱请大家帮忙评审一下,5,5,4,"[{""retryRegionId"": ""m3rr:fine:d939c26b8b99bb6adcb9654d4c8068b0b59da0593704a315d88d410f95eaef95:5:fine:d939c26b8b99bb6adcb9654d4c8068b0b59da0593704a315d88d410f95eaef95:5"", ""sourceSpanIds"": [""fine:d939c26b8b99bb6adcb9654d4c8068b0b59da0593704a315d88d410f95eaef95:5""], ""rawStart"": 5, ""rawEnd"": 6, ""syllableStart"": 5, ""syllableEnd"": 6, ""oldLocalSpanSurfaces"": [""相""], ""newLocalSpanSurfaces"": [""相""], ""regionMergedFromAdjacentRetry"": false, ""recallCandidatesReturned"": 0, ""candidateBudgetAfter"": 0, ""secondDo",3,12.345921039581299,1,1,UNCHANGED_RETRY_NO_EFFECT
d187,市副局仲觀村軟件遠走機場告訴 我幹 9点半的回药师堵车 您提前跟我说,师傅，去中关村软件园，走机场高速。我赶九点半的会，要是堵车您提前跟我说。,市富渠仲观村软件远走机场告诉 我干 9点半的回药师堵车 您提前跟我说,市副局仲观村软件远走机场告诉 我干 9点半的回药师堵车 您提前跟我说,9,9,6,"[{""retryRegionId"": ""m3rr:fine:9fe199822a73ec49789f752c07f1805f7a3af8ffc179017705e231a169c58d6f:0:fine:9fe199822a73ec49789f752c07f1805f7a3af8ffc179017705e231a169c58d6f:2"", ""sourceSpanIds"": [""fine:9fe199822a73ec49789f752c07f1805f7a3af8ffc179017705e231a169c58d6f:0"", ""fine:9fe199822a73ec49789f752c07f1805f7a3af8ffc179017705e231a169c58d6f:1"", ""fine:9fe199822a73ec49789f752c07f1805f7a3af8ffc179017705e231a169c58d6f:2""], ""rawStart"": 0, ""rawEnd"": 3, ""syllableStart"": 0, ""syllableEnd"": 3, ""oldLocalSpanSurfac",5,11.688966751098633,1,1,INDETERMINATE
d188,麻烦送我到国贸三清 南门大概多久能到? 我十点 点十分有个电话会,麻烦送我到国贸三期南门，大概多久能到？我十点十分有个电话会。,麻烦送我到国贸三清 南门大概多久能到? 我十点 点十分有个电话会,麻烦送我到国贸三清 南门大概多久能到? 我十点 点十分有个电话会,2,2,2,"[{""retryRegionId"": ""m3rr:fine:aeb1768d5e7e4d2fb6e0b6a4f07e31eae7b1746e0829fe87dd0b6f017f0337af:18:fine:aeb1768d5e7e4d2fb6e0b6a4f07e31eae7b1746e0829fe87dd0b6f017f0337af:18"", ""sourceSpanIds"": [""fine:aeb1768d5e7e4d2fb6e0b6a4f07e31eae7b1746e0829fe87dd0b6f017f0337af:18""], ""rawStart"": 21, ""rawEnd"": 22, ""syllableStart"": 18, ""syllableEnd"": 19, ""oldLocalSpanSurfaces"": [""十""], ""newLocalSpanSurfaces"": [""十""], ""regionMergedFromAdjacentRetry"": false, ""recallCandidatesReturned"": 0, ""candidateBudgetAfter"": 0, ""s",0,5.774911880493164,1,1,UNCHANGED_RETRY_NO_EFFECT
d189,去往金蘇赫布走私環可以嗎?那扁現在賭不賭?,去望京SOHO，不走四环可以吗？那边现在堵不堵？,去往金苏赫布走私环可以吗?那扁现在赌不赌?,去往金苏赫布走私环可以吗?那扁现在赌不赌?,6,6,2,"[{""retryRegionId"": ""m3rr:fine:a62a5f3f9bb639948924d3d7c00b3872290b69fe4f5cf1cb5fec6f4f9ef995ac:2:fine:a62a5f3f9bb639948924d3d7c00b3872290b69fe4f5cf1cb5fec6f4f9ef995ac:6"", ""sourceSpanIds"": [""fine:a62a5f3f9bb639948924d3d7c00b3872290b69fe4f5cf1cb5fec6f4f9ef995ac:2"", ""fine:a62a5f3f9bb639948924d3d7c00b3872290b69fe4f5cf1cb5fec6f4f9ef995ac:3"", ""fine:a62a5f3f9bb639948924d3d7c00b3872290b69fe4f5cf1cb5fec6f4f9ef995ac:4"", ""fine:a62a5f3f9bb639948924d3d7c00b3872290b69fe4f5cf1cb5fec6f4f9ef995ac:5"", ""fine:a62a5",3,13.034219741821289,1,1,UNCHANGED_RETRY_NO_EFFECT
d190,"醫生您好,我這兩天頭通想開店,要病做個些常規",医生您好，我这两天头痛，想开点药并做个血常规。,"医生您好,我这两天头通想开店,要病做个些常规","医生您好,我这两天头通想开店,要病做个些常规",4,4,4,"[{""retryRegionId"": ""m3rr:fine:9f843916adc4857fd809f5b8cfb8393bf736b7548f0a09f9ff591a1904faa071:0:fine:9f843916adc4857fd809f5b8cfb8393bf736b7548f0a09f9ff591a1904faa071:0"", ""sourceSpanIds"": [""fine:9f843916adc4857fd809f5b8cfb8393bf736b7548f0a09f9ff591a1904faa071:0""], ""rawStart"": 0, ""rawEnd"": 1, ""syllableStart"": 0, ""syllableEnd"": 1, ""oldLocalSpanSurfaces"": [""医""], ""newLocalSpanSurfaces"": [""医""], ""regionMergedFromAdjacentRetry"": false, ""recallCandidatesReturned"": 0, ""candidateBudgetAfter"": 0, ""secondDo",2,8.366960048675537,1,1,UNCHANGED_RETRY_NO_EFFECT
d191,刮号出请问 内刻还有号码 我微不舒服昨晚开始的,挂号处请问内科还有号吗？我胃不舒服，昨晚开始的。,"刮号出请问,内客还有号码,我微不舒服昨晚开始的。",刮号出请问 内刻还有号码 我微不舒服昨晚开始的,2,2,2,"[{""retryRegionId"": ""m3rr:fine:3307ab6daaf81c913472de81e786edfd329d5f52575440585082265d5f9f92e5:6:fine:3307ab6daaf81c913472de81e786edfd329d5f52575440585082265d5f9f92e5:6"", ""sourceSpanIds"": [""fine:3307ab6daaf81c913472de81e786edfd329d5f52575440585082265d5f9f92e5:6""], ""rawStart"": 7, ""rawEnd"": 8, ""syllableStart"": 6, ""syllableEnd"": 7, ""oldLocalSpanSurfaces"": [""刻""], ""newLocalSpanSurfaces"": [""刻""], ""regionMergedFromAdjacentRetry"": false, ""recallCandidatesReturned"": 1, ""candidateBudgetAfter"": 1, ""secondDo",1,8.102773666381836,2,2,INDETERMINATE
d192,這個檢查報告什麼時候能出 我過敏發炎 阿洋需要请假休息吗?,这个检查报告什么时候能出？我过敏发痒，需要请假休息吗？,这个检查报告什么时候能出 我过敏发炎 阿洋需要请假休息吗?,这个检查报告什么时候能出 我过敏发炎 阿洋需要请假休息吗?,2,2,2,"[{""retryRegionId"": ""m3rr:fine:fc4b76954a70e7574e4da13964a086a5de3039fdc1033daec8026181581e20af:16:fine:fc4b76954a70e7574e4da13964a086a5de3039fdc1033daec8026181581e20af:16"", ""sourceSpanIds"": [""fine:fc4b76954a70e7574e4da13964a086a5de3039fdc1033daec8026181581e20af:16""], ""rawStart"": 17, ""rawEnd"": 18, ""syllableStart"": 16, ""syllableEnd"": 17, ""oldLocalSpanSurfaces"": [""炎""], ""newLocalSpanSurfaces"": [""炎""], ""regionMergedFromAdjacentRetry"": false, ""recallCandidatesReturned"": 0, ""candidateBudgetAfter"": 0, ""s",1,3.5288147926330566,1,1,UNCHANGED_RETRY_NO_EFFECT
d193,"这件外套能试穿吗?我串中码,买两件有没有折扣?",这件外套能试穿吗？我穿中码。买两件有没有折扣？,"这件外套能试穿吗?我串中码,买两件有没有折扣?","这件外套能试穿吗?我串中码,买两件有没有折扣?",2,2,2,"[{""retryRegionId"": ""m3rr:fine:9f843916adc4857fd809f5b8cfb8393bf736b7548f0a09f9ff591a1904faa071:6:fine:9f843916adc4857fd809f5b8cfb8393bf736b7548f0a09f9ff591a1904faa071:6"", ""sourceSpanIds"": [""fine:9f843916adc4857fd809f5b8cfb8393bf736b7548f0a09f9ff591a1904faa071:6""], ""rawStart"": 6, ""rawEnd"": 7, ""syllableStart"": 6, ""syllableEnd"": 7, ""oldLocalSpanSurfaces"": [""穿""], ""newLocalSpanSurfaces"": [""穿""], ""regionMergedFromAdjacentRetry"": false, ""recallCandidatesReturned"": 1, ""candidateBudgetAfter"": 1, ""secondDo",2,3.6439220905303955,1,1,UNCHANGED_RETRY_NO_EFFECT
d195,"我想对比一下,这两款 在这一定当中,台的加格会员日能再减一点吗?",我想对比一下这两款订单中台的价格，会员日能再减一点吗？,"我想对比一下,这两款 在点赞订单中排的加个会员日能再减一点吗?","我想对比一下,这两款 在这一定当中,台的加格会员日能再减一点吗?",5,5,5,"[{""retryRegionId"": ""m3rr:fine:aeb1768d5e7e4d2fb6e0b6a4f07e31eae7b1746e0829fe87dd0b6f017f0337af:3:fine:aeb1768d5e7e4d2fb6e0b6a4f07e31eae7b1746e0829fe87dd0b6f017f0337af:3"", ""sourceSpanIds"": [""fine:aeb1768d5e7e4d2fb6e0b6a4f07e31eae7b1746e0829fe87dd0b6f017f0337af:3""], ""rawStart"": 3, ""rawEnd"": 4, ""syllableStart"": 3, ""syllableEnd"": 4, ""oldLocalSpanSurfaces"": [""比""], ""newLocalSpanSurfaces"": [""比""], ""regionMergedFromAdjacentRetry"": false, ""recallCandidatesReturned"": 1, ""candidateBudgetAfter"": 1, ""secondDo",1,13.36023759841919,1,1,INDETERMINATE
d196,周末要不要去江邊騎行 天氣預報 周日多云记得带水,周末要不要去江边骑行？天气预报说周日多云，记得带水。,周末要不要去江边骑行? 天气预报 周日多云记得带水,周末要不要去江边骑行 天气预报 周日多云记得带水,6,6,5,"[{""retryRegionId"": ""m3rr:fine:e65b595b67561130d2cfbed1f9b53d7bb95a74bb6cbe7730017dada720c35a69:0:fine:e65b595b67561130d2cfbed1f9b53d7bb95a74bb6cbe7730017dada720c35a69:0"", ""sourceSpanIds"": [""fine:e65b595b67561130d2cfbed1f9b53d7bb95a74bb6cbe7730017dada720c35a69:0""], ""rawStart"": 0, ""rawEnd"": 1, ""syllableStart"": 0, ""syllableEnd"": 1, ""oldLocalSpanSurfaces"": [""周""], ""newLocalSpanSurfaces"": [""周""], ""regionMergedFromAdjacentRetry"": false, ""recallCandidatesReturned"": 0, ""candidateBudgetAfter"": 0, ""secondDo",1,15.10646915435791,1,1,UNCHANGED_RETRY_NO_EFFECT
d197,晚上一起吃饭嘛 我知道一家川菜 不错大概 17點到,晚上一起吃饭吗？我知道一家川菜不错，大概七点到。,"晚上一起吃饭嘛 我知道一家川菜,不错大概 17点到",晚上一起吃饭嘛 我知道一家川菜 不错大概 17点到,2,2,2,"[{""retryRegionId"": ""m3rr:fine:b683b4efb311c76d369adf90d7fac3337f45bd8151599c94c0b816085da27a1e:6:fine:b683b4efb311c76d369adf90d7fac3337f45bd8151599c94c0b816085da27a1e:6"", ""sourceSpanIds"": [""fine:b683b4efb311c76d369adf90d7fac3337f45bd8151599c94c0b816085da27a1e:6""], ""rawStart"": 6, ""rawEnd"": 7, ""syllableStart"": 6, ""syllableEnd"": 7, ""oldLocalSpanSurfaces"": [""嘛""], ""newLocalSpanSurfaces"": [""嘛""], ""regionMergedFromAdjacentRetry"": false, ""recallCandidatesReturned"": 0, ""candidateBudgetAfter"": 0, ""secondDo",1,13.505795955657959,1,2,UNCHANGED_RETRY_NO_EFFECT
d198,"你最近忙不忙,想找你看下手机备份怎么设置",你最近忙不忙？想找你看下手机备份怎么设置。,"你最近忙不忙,想找你看下手机备份怎么设置?","你最近忙不忙,想找你看下手机备份怎么设置",2,2,2,"[{""retryRegionId"": ""m3rr:fine:8abbc76111de7c632d7d17362fe9a7cda58f3c9572ab70bc308648553237b238:12:fine:8abbc76111de7c632d7d17362fe9a7cda58f3c9572ab70bc308648553237b238:12"", ""sourceSpanIds"": [""fine:8abbc76111de7c632d7d17362fe9a7cda58f3c9572ab70bc308648553237b238:12""], ""rawStart"": 13, ""rawEnd"": 14, ""syllableStart"": 12, ""syllableEnd"": 13, ""oldLocalSpanSurfaces"": [""机""], ""newLocalSpanSurfaces"": [""机""], ""regionMergedFromAdjacentRetry"": false, ""recallCandidatesReturned"": 1, ""candidateBudgetAfter"": 1, ""s",2,1.3557810187339783,1,1,UNCHANGED_RETRY_NO_EFFECT
d199,"今天,我们团队要讨论后选生成相关的后选生成、流程和上线计划安排请研发一起评估风险",今天我们团队要讨论后选生城相关的后选生城流程和上线计化安排，请研发一起评估风险。,"今天,我们团队要讨论后选生成相关的后选生成、流程和上线计划安排请严发一起评估风险","今天,我们团队要讨论后选生成相关的后选生成、流程和上线计划安排请研发一起评估风险",20,20,16,"[{""retryRegionId"": ""m3rr:fine:f882a75ad40f5a0a5847cfcf04f216bf82f5df37795e1d5ce32adfe1c9bdfe7f:13:fine:f882a75ad40f5a0a5847cfcf04f216bf82f5df37795e1d5ce32adfe1c9bdfe7f:13"", ""sourceSpanIds"": [""fine:f882a75ad40f5a0a5847cfcf04f216bf82f5df37795e1d5ce32adfe1c9bdfe7f:13""], ""rawStart"": 14, ""rawEnd"": 15, ""syllableStart"": 13, ""syllableEnd"": 14, ""oldLocalSpanSurfaces"": [""相""], ""newLocalSpanSurfaces"": [""相""], ""regionMergedFromAdjacentRetry"": false, ""recallCandidatesReturned"": 0, ""candidateBudgetAfter"": 0, ""s",8,7.39801025390625,2,2,IMPROVED
d200,"这次发布我们线,对其商线计划窗口后选生成模快需要连掉别漏掉回归",这次发布我们先对齐上线计划窗口，后选生城模块需要联调，别漏掉回归。,"这次发布我们线,对其商线计划窗口后选生成模快需要连掉别漏掉回归","这次发布我们线,对其商线计划窗口后选生成模快需要连掉别漏掉回归",20,20,16,"[{""retryRegionId"": ""m3rr:fine:9fe199822a73ec49789f752c07f1805f7a3af8ffc179017705e231a169c58d6f:6:fine:9fe199822a73ec49789f752c07f1805f7a3af8ffc179017705e231a169c58d6f:6"", ""sourceSpanIds"": [""fine:9fe199822a73ec49789f752c07f1805f7a3af8ffc179017705e231a169c58d6f:6""], ""rawStart"": 6, ""rawEnd"": 7, ""syllableStart"": 6, ""syllableEnd"": 7, ""oldLocalSpanSurfaces"": [""线""], ""newLocalSpanSurfaces"": [""线""], ""regionMergedFromAdjacentRetry"": false, ""recallCandidatesReturned"": 1, ""candidateBudgetAfter"": 1, ""secondDo",16,7.792165517807007,2,1,UNCHANGED_RETRY_NO_EFFECT
