caseId,regionId,repairEventId,targetId,lexicalTarget,targetIdentitySource,targetConfidence,mechanismPrev,querySubPrev,targetStart,targetEnd,diffCoreStart,diffCoreEnd,overlapChars,changedElementsCovered,targetRole,mechanismFinal,querySubFinal,structuralFamilyKey,notes,inAuthoritativeLexicon
d001,r0,d001:r0:e0,r0:t1,热拿铁,EXISTING_LEXICON_TERM,HIGH,RECALL_TARGET_MISS,,8,11,6,9,1,1,PRIMARY_MINIMAL,RECALL_TARGET_MISS,,RECALL_TARGET_MISS|NA|L3|COVERS_CHANGE|EXISTING_LEXICON_TERM|RAW_MISS,,True
d001,r0,d001:r0:e0,r0:t1:n1,热,EXISTING_LEXICON_TERM,HIGH,RECALL_TARGET_MISS,,8,9,6,9,1,1,PARTIAL_INSUFFICIENT,OUTSIDE_CURRENT_CONTRACT,,OUTSIDE_CURRENT_CONTRACT|NA|L1|COVERS_CHANGE|EXISTING_LEXICON_TERM|OTHER_STAGE,,True
d001,r1,d001:r1:e0,r1:t1,热拿铁,EXISTING_LEXICON_TERM,HIGH,QUERY_NOT_REPAIR_CAPABLE,RETRY_REGION_PARTIAL_COVERAGE,8,11,9,13,1,1,SUPERSET_REDUNDANT,OUTSIDE_CURRENT_CONTRACT,,OUTSIDE_CURRENT_CONTRACT|NA|L3|COVERS_CHANGE|EXISTING_LEXICON_TERM|OTHER_STAGE,,True
d001,r1,d001:r1:e0,r1:t1:n1,铁,EXISTING_LEXICON_TERM,HIGH,QUERY_NOT_REPAIR_CAPABLE,RETRY_REGION_PARTIAL_COVERAGE,10,11,9,13,1,1,PARTIAL_INSUFFICIENT,OUTSIDE_CURRENT_CONTRACT,,OUTSIDE_CURRENT_CONTRACT|NA|L1|COVERS_CHANGE|EXISTING_LEXICON_TERM|OTHER_STAGE,,True
d001,r1,d001:r1:e0,r1:t1:n2,拿铁,EXISTING_LEXICON_TERM,HIGH,QUERY_NOT_REPAIR_CAPABLE,RETRY_REGION_PARTIAL_COVERAGE,9,11,9,13,1,1,PRIMARY_MINIMAL,QUERY_NOT_REPAIR_CAPABLE,RETRY_REGION_PARTIAL_COVERAGE,QUERY_NOT_REPAIR_CAPABLE|RETRY_REGION_PARTIAL_COVERAGE|L2|COVERS_CHANGE|EXISTING_LEXICON_TERM|QUERY_FAIL,,True
d001,r2,d001:r2:e0,r2:t1,中杯,EXISTING_LEXICON_TERM,HIGH,QUERY_NOT_REPAIR_CAPABLE,RETRY_REGION_PARTIAL_COVERAGE,12,14,12,16,1,1,PRIMARY_MINIMAL,QUERY_NOT_REPAIR_CAPABLE,RETRY_REGION_PARTIAL_COVERAGE,QUERY_NOT_REPAIR_CAPABLE|RETRY_REGION_PARTIAL_COVERAGE|L2|COVERS_CHANGE|EXISTING_LEXICON_TERM|QUERY_FAIL,,True
d001,r2,d001:r2:e0,r2:t1:n1,杯,EXISTING_LEXICON_TERM,HIGH,QUERY_NOT_REPAIR_CAPABLE,RETRY_REGION_PARTIAL_COVERAGE,13,14,12,16,1,1,PARTIAL_INSUFFICIENT,OUTSIDE_CURRENT_CONTRACT,,OUTSIDE_CURRENT_CONTRACT|NA|L1|COVERS_CHANGE|EXISTING_LEXICON_TERM|OTHER_STAGE,,True
d001,r3,d001:r3:e0,r3:t1,问一下,EXISTING_LEXICON_TERM,HIGH,QUERY_NOT_REPAIR_CAPABLE,RETRY_REGION_PARTIAL_COVERAGE,20,23,17,23,3,1,PARTIAL_INSUFFICIENT,OUTSIDE_CURRENT_CONTRACT,,OUTSIDE_CURRENT_CONTRACT|NA|L3|COVERS_CHANGE|EXISTING_LEXICON_TERM|OTHER_STAGE,,True
d001,r3,d001:r3:e0,r3:t2,顺便,EXISTING_LEXICON_TERM,HIGH,QUERY_NOT_REPAIR_CAPABLE,RETRY_REGION_PARTIAL_COVERAGE,18,20,17,23,2,1,PRIMARY_MINIMAL,QUERY_NOT_REPAIR_CAPABLE,RETRY_REGION_PARTIAL_COVERAGE,QUERY_NOT_REPAIR_CAPABLE|RETRY_REGION_PARTIAL_COVERAGE|L2|COVERS_CHANGE|EXISTING_LEXICON_TERM|QUERY_FAIL,,True
d001,r3,d001:r3:e0,r3:t1:n1,问,EXISTING_LEXICON_TERM,HIGH,QUERY_NOT_REPAIR_CAPABLE,RETRY_REGION_PARTIAL_COVERAGE,20,21,17,23,1,1,PARTIAL_INSUFFICIENT,OUTSIDE_CURRENT_CONTRACT,,OUTSIDE_CURRENT_CONTRACT|NA|L1|COVERS_CHANGE|EXISTING_LEXICON_TERM|OTHER_STAGE,,True
d001,r3,d001:r3:e0,r3:t1:n2,一,EXISTING_LEXICON_TERM,HIGH,QUERY_NOT_REPAIR_CAPABLE,RETRY_REGION_PARTIAL_COVERAGE,21,22,17,23,1,1,PARTIAL_INSUFFICIENT,OUTSIDE_CURRENT_CONTRACT,,OUTSIDE_CURRENT_CONTRACT|NA|L1|COVERS_CHANGE|EXISTING_LEXICON_TERM|OTHER_STAGE,,True
d001,r3,d001:r3:e0,r3:t1:n3,下,EXISTING_LEXICON_TERM,HIGH,QUERY_NOT_REPAIR_CAPABLE,RETRY_REGION_PARTIAL_COVERAGE,22,23,17,23,1,1,PARTIAL_INSUFFICIENT,OUTSIDE_CURRENT_CONTRACT,,OUTSIDE_CURRENT_CONTRACT|NA|L1|COVERS_CHANGE|EXISTING_LEXICON_TERM|OTHER_STAGE,,True
d001,r3,d001:r3:e0,r3:t2:n4,顺,EXISTING_LEXICON_TERM,HIGH,QUERY_NOT_REPAIR_CAPABLE,RETRY_REGION_PARTIAL_COVERAGE,18,19,17,23,1,1,PARTIAL_INSUFFICIENT,OUTSIDE_CURRENT_CONTRACT,,OUTSIDE_CURRENT_CONTRACT|NA|L1|COVERS_CHANGE|EXISTING_LEXICON_TERM|OTHER_STAGE,,True
d001,r3,d001:r3:e0,r3:t2:n5,便,EXISTING_LEXICON_TERM,HIGH,QUERY_NOT_REPAIR_CAPABLE,RETRY_REGION_PARTIAL_COVERAGE,19,20,17,23,1,1,PARTIAL_INSUFFICIENT,OUTSIDE_CURRENT_CONTRACT,,OUTSIDE_CURRENT_CONTRACT|NA|L1|COVERS_CHANGE|EXISTING_LEXICON_TERM|OTHER_STAGE,,True
d001,r4,d001:r4:e0,r4:t1,蓝莓,EXISTING_LEXICON_TERM,HIGH,KENLM_TARGET_NOT_SELECTED,,26,28,25,28,1,1,PRIMARY_MINIMAL,KENLM_TARGET_NOT_SELECTED,,KENLM_TARGET_NOT_SELECTED|NA|L2|COVERS_CHANGE|EXISTING_LEXICON_TERM|OTHER_STAGE,,True
d001,r5,d001:r5:e0,r5:t1,马芬,EXISTING_LEXICON_TERM,HIGH,QUERY_NOT_REPAIR_CAPABLE,RETRY_REGION_PARTIAL_COVERAGE,28,30,28,31,1,1,PRIMARY_MINIMAL,QUERY_NOT_REPAIR_CAPABLE,RETRY_REGION_PARTIAL_COVERAGE,QUERY_NOT_REPAIR_CAPABLE|RETRY_REGION_PARTIAL_COVERAGE|L2|COVERS_CHANGE|EXISTING_LEXICON_TERM|QUERY_FAIL,,True
d002,r0,d002:r0:e0,r0:t1,大杯,EXISTING_LEXICON_TERM,HIGH,QUERY_NOT_REPAIR_CAPABLE,RETRY_REGION_PARTIAL_COVERAGE,12,14,12,15,1,1,PRIMARY_MINIMAL,QUERY_NOT_REPAIR_CAPABLE,RETRY_REGION_PARTIAL_COVERAGE,QUERY_NOT_REPAIR_CAPABLE|RETRY_REGION_PARTIAL_COVERAGE|L2|COVERS_CHANGE|EXISTING_LEXICON_TERM|QUERY_FAIL,,True
d002,r0,d002:r0:e0,r0:t1:n1,杯,EXISTING_LEXICON_TERM,HIGH,QUERY_NOT_REPAIR_CAPABLE,RETRY_REGION_PARTIAL_COVERAGE,13,14,12,15,1,1,PARTIAL_INSUFFICIENT,OUTSIDE_CURRENT_CONTRACT,,OUTSIDE_CURRENT_CONTRACT|NA|L1|COVERS_CHANGE|EXISTING_LEXICON_TERM|OTHER_STAGE,,True
d003,r0,d003:r0:e0,r0:t1,燕麦,EXISTING_LEXICON_TERM,HIGH,RECALL_TARGET_MISS,,4,6,2,5,1,1,PRIMARY_MINIMAL,RECALL_TARGET_MISS,,RECALL_TARGET_MISS|NA|L2|COVERS_CHANGE|EXISTING_LEXICON_TERM|RAW_MISS,,True
d003,r1,d003:r1:e0,r1:t1,少冰,EXISTING_LEXICON_TERM,HIGH,QUERY_NOT_REPAIR_CAPABLE,RETRY_REGION_PARTIAL_COVERAGE,10,12,10,12,2,1,PRIMARY_MINIMAL,QUERY_NOT_REPAIR_CAPABLE,RETRY_REGION_PARTIAL_COVERAGE,QUERY_NOT_REPAIR_CAPABLE|RETRY_REGION_PARTIAL_COVERAGE|L2|COVERS_CHANGE|EXISTING_LEXICON_TERM|QUERY_FAIL,,True
d003,r1,d003:r1:e0,r1:t1:n1,少,EXISTING_LEXICON_TERM,HIGH,QUERY_NOT_REPAIR_CAPABLE,RETRY_REGION_PARTIAL_COVERAGE,10,11,10,12,1,1,PARTIAL_INSUFFICIENT,OUTSIDE_CURRENT_CONTRACT,,OUTSIDE_CURRENT_CONTRACT|NA|L1|COVERS_CHANGE|EXISTING_LEXICON_TERM|OTHER_STAGE,,True
d003,r1,d003:r1:e0,r1:t1:n2,冰,EXISTING_LEXICON_TERM,HIGH,QUERY_NOT_REPAIR_CAPABLE,RETRY_REGION_PARTIAL_COVERAGE,11,12,10,12,1,1,PARTIAL_INSUFFICIENT,OUTSIDE_CURRENT_CONTRACT,,OUTSIDE_CURRENT_CONTRACT|NA|L1|COVERS_CHANGE|EXISTING_LEXICON_TERM|OTHER_STAGE,,True
d003,r2,d003:r2:e0,r2:t1,小杯,EXISTING_LEXICON_TERM,HIGH,QUERY_NOT_REPAIR_CAPABLE,RETRY_REGION_PARTIAL_COVERAGE,19,21,19,22,1,1,PRIMARY_MINIMAL,QUERY_NOT_REPAIR_CAPABLE,RETRY_REGION_PARTIAL_COVERAGE,QUERY_NOT_REPAIR_CAPABLE|RETRY_REGION_PARTIAL_COVERAGE|L2|COVERS_CHANGE|EXISTING_LEXICON_TERM|QUERY_FAIL,,True
d003,r2,d003:r2:e0,r2:t1:n1,杯,EXISTING_LEXICON_TERM,HIGH,QUERY_NOT_REPAIR_CAPABLE,RETRY_REGION_PARTIAL_COVERAGE,20,21,19,22,1,1,PARTIAL_INSUFFICIENT,OUTSIDE_CURRENT_CONTRACT,,OUTSIDE_CURRENT_CONTRACT|NA|L1|COVERS_CHANGE|EXISTING_LEXICON_TERM|OTHER_STAGE,,True
d005,r0,d005:r0:e0,r0:t1,天的站,STRUCTURAL_COMPOSITION_SUPPORTED,HIGH,TARGET_NOT_IN_LEXICON,,1,4,2,4,2,1,INVALID_LEXICAL_TARGET,OUTSIDE_CURRENT_CONTRACT,,OUTSIDE_CURRENT_CONTRACT|NA|L3|COVERS_CHANGE|STRUCTURAL_COMPOSITION_SUPPORTED|OTHER_STAGE,structural_composition_lacks_independent_lexical_identity,False
d005,r1,d005:r1:e0,r1:t1,先过,STRUCTURAL_COMPOSITION_SUPPORTED,HIGH,TARGET_NOT_IN_LEXICON,,5,7,5,7,2,1,INVALID_LEXICAL_TARGET,OUTSIDE_CURRENT_CONTRACT,,OUTSIDE_CURRENT_CONTRACT|NA|L2|COVERS_CHANGE|STRUCTURAL_COMPOSITION_SUPPORTED|OTHER_STAGE,structural_composition_lacks_independent_lexical_identity,False
d005,r2,d005:r2:e0,r2:t1,订单,EXISTING_LEXICON_TERM,HIGH,QUERY_NOT_REPAIR_CAPABLE,RETRY_REGION_PARTIAL_COVERAGE,9,11,9,11,2,1,PRIMARY_MINIMAL,QUERY_NOT_REPAIR_CAPABLE,RETRY_REGION_PARTIAL_COVERAGE,QUERY_NOT_REPAIR_CAPABLE|RETRY_REGION_PARTIAL_COVERAGE|L2|COVERS_CHANGE|EXISTING_LEXICON_TERM|QUERY_FAIL,,True
d005,r2,d005:r2:e0,r2:t1:n1,订,EXISTING_LEXICON_TERM,HIGH,QUERY_NOT_REPAIR_CAPABLE,RETRY_REGION_PARTIAL_COVERAGE,9,10,9,11,1,1,PARTIAL_INSUFFICIENT,OUTSIDE_CURRENT_CONTRACT,,OUTSIDE_CURRENT_CONTRACT|NA|L1|COVERS_CHANGE|EXISTING_LEXICON_TERM|OTHER_STAGE,,True
d005,r2,d005:r2:e0,r2:t1:n2,单,EXISTING_LEXICON_TERM,HIGH,QUERY_NOT_REPAIR_CAPABLE,RETRY_REGION_PARTIAL_COVERAGE,10,11,9,11,1,1,PARTIAL_INSUFFICIENT,OUTSIDE_CURRENT_CONTRACT,,OUTSIDE_CURRENT_CONTRACT|NA|L1|COVERS_CHANGE|EXISTING_LEXICON_TERM|OTHER_STAGE,,True
d005,r4,d005:r4:e0,r4:t1,用高这,STRUCTURAL_COMPOSITION_SUPPORTED,HIGH,TARGET_NOT_IN_LEXICON,,19,22,19,22,1,1,INVALID_LEXICAL_TARGET,OUTSIDE_CURRENT_CONTRACT,,OUTSIDE_CURRENT_CONTRACT|NA|L3|COVERS_CHANGE|STRUCTURAL_COMPOSITION_SUPPORTED|OTHER_STAGE,structural_composition_lacks_independent_lexical_identity,False
d005,r5,d005:r5:e0,r5:t1,限流,EXISTING_LEXICON_TERM,HIGH,QUERY_NOT_REPAIR_CAPABLE,RETRY_REGION_PARTIAL_COVERAGE,25,27,25,27,2,1,PRIMARY_MINIMAL,QUERY_NOT_REPAIR_CAPABLE,RETRY_REGION_PARTIAL_COVERAGE,QUERY_NOT_REPAIR_CAPABLE|RETRY_REGION_PARTIAL_COVERAGE|L2|COVERS_CHANGE|EXISTING_LEXICON_TERM|QUERY_FAIL,,True
d005,r5,d005:r5:e0,r5:t1:n1,流,EXISTING_LEXICON_TERM,HIGH,QUERY_NOT_REPAIR_CAPABLE,RETRY_REGION_PARTIAL_COVERAGE,26,27,25,27,1,1,PARTIAL_INSUFFICIENT,OUTSIDE_CURRENT_CONTRACT,,OUTSIDE_CURRENT_CONTRACT|NA|L1|COVERS_CHANGE|EXISTING_LEXICON_TERM|OTHER_STAGE,,True
d006,r1,d006:r1:e0,r1:t1,八点前,STRUCTURAL_COMPOSITION_SUPPORTED,HIGH,TARGET_NOT_IN_LEXICON,,17,20,17,20,1,1,INVALID_LEXICAL_TARGET,OUTSIDE_CURRENT_CONTRACT,,OUTSIDE_CURRENT_CONTRACT|NA|L3|COVERS_CHANGE|STRUCTURAL_COMPOSITION_SUPPORTED|OTHER_STAGE,structural_composition_lacks_independent_lexical_identity,False
d007,r1,d007:r1:e0,r1:t1,软件,EXISTING_LEXICON_TERM,HIGH,QUERY_NOT_REPAIR_CAPABLE,RETRY_REGION_PARTIAL_COVERAGE,7,9,7,11,1,1,PRIMARY_MINIMAL,QUERY_NOT_REPAIR_CAPABLE,RETRY_REGION_PARTIAL_COVERAGE,QUERY_NOT_REPAIR_CAPABLE|RETRY_REGION_PARTIAL_COVERAGE|L2|COVERS_CHANGE|EXISTING_LEXICON_TERM|QUERY_FAIL,,True
d007,r1,d007:r1:e0,r1:t1:n1,软,EXISTING_LEXICON_TERM,HIGH,QUERY_NOT_REPAIR_CAPABLE,RETRY_REGION_PARTIAL_COVERAGE,7,8,7,11,1,1,PARTIAL_INSUFFICIENT,OUTSIDE_CURRENT_CONTRACT,,OUTSIDE_CURRENT_CONTRACT|NA|L1|COVERS_CHANGE|EXISTING_LEXICON_TERM|OTHER_STAGE,,True
d007,r2,d007:r2:e0,r2:t1,机场,EXISTING_LEXICON_TERM,HIGH,QUERY_NOT_REPAIR_CAPABLE,RETRY_REGION_PARTIAL_COVERAGE,12,14,12,17,2,1,ALTERNATIVE_MINIMAL,QUERY_NOT_REPAIR_CAPABLE,RETRY_REGION_PARTIAL_COVERAGE,QUERY_NOT_REPAIR_CAPABLE|RETRY_REGION_PARTIAL_COVERAGE|L2|COVERS_CHANGE|EXISTING_LEXICON_TERM|QUERY_FAIL,,True
d007,r2,d007:r2:e0,r2:t2,高速,EXISTING_LEXICON_TERM,HIGH,QUERY_NOT_REPAIR_CAPABLE,RETRY_REGION_PARTIAL_COVERAGE,14,16,12,17,2,1,ALTERNATIVE_MINIMAL,QUERY_NOT_REPAIR_CAPABLE,RETRY_REGION_PARTIAL_COVERAGE,QUERY_NOT_REPAIR_CAPABLE|RETRY_REGION_PARTIAL_COVERAGE|L2|COVERS_CHANGE|EXISTING_LEXICON_TERM|QUERY_FAIL,,True
d007,r2,d007:r2:e0,r2:t1:n1,机,EXISTING_LEXICON_TERM,HIGH,QUERY_NOT_REPAIR_CAPABLE,RETRY_REGION_PARTIAL_COVERAGE,12,13,12,17,1,1,PARTIAL_INSUFFICIENT,OUTSIDE_CURRENT_CONTRACT,,OUTSIDE_CURRENT_CONTRACT|NA|L1|COVERS_CHANGE|EXISTING_LEXICON_TERM|OTHER_STAGE,,True
d007,r2,d007:r2:e0,r2:t1:n2,场,EXISTING_LEXICON_TERM,HIGH,QUERY_NOT_REPAIR_CAPABLE,RETRY_REGION_PARTIAL_COVERAGE,13,14,12,17,1,1,PARTIAL_INSUFFICIENT,OUTSIDE_CURRENT_CONTRACT,,OUTSIDE_CURRENT_CONTRACT|NA|L1|COVERS_CHANGE|EXISTING_LEXICON_TERM|OTHER_STAGE,,True
d007,r2,d007:r2:e0,r2:t2:n3,高,EXISTING_LEXICON_TERM,HIGH,QUERY_NOT_REPAIR_CAPABLE,RETRY_REGION_PARTIAL_COVERAGE,14,15,12,17,1,1,PARTIAL_INSUFFICIENT,OUTSIDE_CURRENT_CONTRACT,,OUTSIDE_CURRENT_CONTRACT|NA|L1|COVERS_CHANGE|EXISTING_LEXICON_TERM|OTHER_STAGE,,True
d007,r2,d007:r2:e0,r2:t2:n4,速,EXISTING_LEXICON_TERM,HIGH,QUERY_NOT_REPAIR_CAPABLE,RETRY_REGION_PARTIAL_COVERAGE,15,16,12,17,1,1,PARTIAL_INSUFFICIENT,OUTSIDE_CURRENT_CONTRACT,,OUTSIDE_CURRENT_CONTRACT|NA|L1|COVERS_CHANGE|EXISTING_LEXICON_TERM|OTHER_STAGE,,True
d007,r3,d007:r3:e0,r3:t1,赶九,STRUCTURAL_COMPOSITION_SUPPORTED,HIGH,TARGET_NOT_IN_LEXICON,,18,20,18,20,2,1,INVALID_LEXICAL_TARGET,OUTSIDE_CURRENT_CONTRACT,,OUTSIDE_CURRENT_CONTRACT|NA|L2|COVERS_CHANGE|STRUCTURAL_COMPOSITION_SUPPORTED|OTHER_STAGE,structural_composition_lacks_independent_lexical_identity,False
d008,r0,d008:r0:e0,r0:t1,三期,STRUCTURAL_COMPOSITION_SUPPORTED,HIGH,TARGET_NOT_IN_LEXICON,,7,9,7,9,2,1,INVALID_LEXICAL_TARGET,OUTSIDE_CURRENT_CONTRACT,,OUTSIDE_CURRENT_CONTRACT|NA|L2|COVERS_CHANGE|STRUCTURAL_COMPOSITION_SUPPORTED|OTHER_STAGE,structural_composition_lacks_independent_lexical_identity,False
d008,r1,d008:r1:e0,r1:t1,大概,EXISTING_LEXICON_TERM,HIGH,QUERY_NOT_REPAIR_CAPABLE,RETRY_REGION_PARTIAL_COVERAGE,12,14,12,15,1,1,PRIMARY_MINIMAL,QUERY_NOT_REPAIR_CAPABLE,RETRY_REGION_PARTIAL_COVERAGE,QUERY_NOT_REPAIR_CAPABLE|RETRY_REGION_PARTIAL_COVERAGE|L2|COVERS_CHANGE|EXISTING_LEXICON_TERM|QUERY_FAIL,,True
d008,r2,d008:r2:e0,r2:t1,分有个,STRUCTURAL_COMPOSITION_SUPPORTED,HIGH,TARGET_NOT_IN_LEXICON,,23,26,23,26,1,1,INVALID_LEXICAL_TARGET,OUTSIDE_CURRENT_CONTRACT,,OUTSIDE_CURRENT_CONTRACT|NA|L3|COVERS_CHANGE|STRUCTURAL_COMPOSITION_SUPPORTED|OTHER_STAGE,structural_composition_lacks_independent_lexical_identity,False
d009,r0,d009:r0:e0,r0:t1,望京,EXISTING_LEXICON_TERM,HIGH,RECALL_TARGET_MISS,,1,3,2,8,1,1,PRIMARY_MINIMAL,RECALL_TARGET_MISS,,RECALL_TARGET_MISS|NA|L2|COVERS_CHANGE|EXISTING_LEXICON_TERM|RAW_MISS,,True
d009,r1,d009:r1:e0,r1:t1,四环,EXISTING_LEXICON_TERM,HIGH,KENLM_TARGET_NOT_SELECTED,,10,12,8,11,1,1,PRIMARY_MINIMAL,KENLM_TARGET_NOT_SELECTED,,KENLM_TARGET_NOT_SELECTED|NA|L2|COVERS_CHANGE|EXISTING_LEXICON_TERM|OTHER_STAGE,,True
d009,r1,d009:r1:e0,r1:t1:n1,四,EXISTING_LEXICON_TERM,HIGH,KENLM_TARGET_NOT_SELECTED,,10,11,8,11,1,1,PARTIAL_INSUFFICIENT,OUTSIDE_CURRENT_CONTRACT,,OUTSIDE_CURRENT_CONTRACT|NA|L1|COVERS_CHANGE|EXISTING_LEXICON_TERM|OTHER_STAGE,,True
d009,r2,d009:r2:eX,r2:t1,现在,EXISTING_LEXICON_TERM,HIGH,QUERY_NOT_REPAIR_CAPABLE,RETRY_REGION_PARTIAL_COVERAGE,18,20,16,19,0,0,CONTEXT_SUPPORT,OUTSIDE_CURRENT_CONTRACT,,OUTSIDE_CURRENT_CONTRACT|NA|L2|NO_CHANGE_OV|EXISTING_LEXICON_TERM|OTHER_STAGE,zero_changed_element_overlap,True
d009,r3,d009:r3:eX,r3:t1,现在,EXISTING_LEXICON_TERM,HIGH,QUERY_NOT_REPAIR_CAPABLE,RETRY_REGION_PARTIAL_COVERAGE,18,20,18,21,0,0,CONTEXT_SUPPORT,OUTSIDE_CURRENT_CONTRACT,,OUTSIDE_CURRENT_CONTRACT|NA|L2|NO_CHANGE_OV|EXISTING_LEXICON_TERM|OTHER_STAGE,zero_changed_element_overlap,True
d010,r0,d010:r0:e0,r0:t1,头痛,EXISTING_LEXICON_TERM,HIGH,QUERY_NOT_REPAIR_CAPABLE,RETRY_REGION_PARTIAL_COVERAGE,9,11,7,10,1,1,PRIMARY_MINIMAL,QUERY_NOT_REPAIR_CAPABLE,RETRY_REGION_PARTIAL_COVERAGE,QUERY_NOT_REPAIR_CAPABLE|RETRY_REGION_PARTIAL_COVERAGE|L2|COVERS_CHANGE|EXISTING_LEXICON_TERM|QUERY_FAIL,,True
d010,r0,d010:r0:e0,r0:t1:n1,头,EXISTING_LEXICON_TERM,HIGH,QUERY_NOT_REPAIR_CAPABLE,RETRY_REGION_PARTIAL_COVERAGE,9,10,7,10,1,1,PARTIAL_INSUFFICIENT,OUTSIDE_CURRENT_CONTRACT,,OUTSIDE_CURRENT_CONTRACT|NA|L1|COVERS_CHANGE|EXISTING_LEXICON_TERM|OTHER_STAGE,,True
d010,r1,d010:r1:e0,r1:t1,开点药并,STRUCTURAL_COMPOSITION_SUPPORTED,HIGH,TARGET_NOT_IN_LEXICON,,13,17,13,17,4,1,INVALID_LEXICAL_TARGET,OUTSIDE_CURRENT_CONTRACT,,OUTSIDE_CURRENT_CONTRACT|NA|L4p|COVERS_CHANGE|STRUCTURAL_COMPOSITION_SUPPORTED|OTHER_STAGE,structural_composition_lacks_independent_lexical_identity,False
d010,r2,d010:r2:e0,r2:t1,个血,STRUCTURAL_COMPOSITION_SUPPORTED,HIGH,TARGET_NOT_IN_LEXICON,,18,20,18,20,2,1,INVALID_LEXICAL_TARGET,OUTSIDE_CURRENT_CONTRACT,,OUTSIDE_CURRENT_CONTRACT|NA|L2|COVERS_CHANGE|STRUCTURAL_COMPOSITION_SUPPORTED|OTHER_STAGE,structural_composition_lacks_independent_lexical_identity,False
d010,r3,d010:r3:e0,r3:t1,常规,EXISTING_LEXICON_TERM,HIGH,QUERY_NOT_REPAIR_CAPABLE,RETRY_REGION_PARTIAL_COVERAGE,20,22,20,23,1,1,PRIMARY_MINIMAL,QUERY_NOT_REPAIR_CAPABLE,RETRY_REGION_PARTIAL_COVERAGE,QUERY_NOT_REPAIR_CAPABLE|RETRY_REGION_PARTIAL_COVERAGE|L2|COVERS_CHANGE|EXISTING_LEXICON_TERM|QUERY_FAIL,,True
d011,r0,d011:r0:e0,r0:t1,挂号处,EXISTING_LEXICON_TERM,HIGH,RECALL_TARGET_MISS,,-1,3,-1,8,3,1,SUPERSET_REDUNDANT,OUTSIDE_CURRENT_CONTRACT,,OUTSIDE_CURRENT_CONTRACT|NA|L3|COVERS_CHANGE|EXISTING_LEXICON_TERM|OTHER_STAGE,,True
d011,r0,d011:r0:e0,r0:t2,内科,EXISTING_LEXICON_TERM,HIGH,RECALL_TARGET_MISS,,5,7,-1,8,2,1,ALTERNATIVE_MINIMAL,RECALL_TARGET_MISS,,RECALL_TARGET_MISS|NA|L2|COVERS_CHANGE|EXISTING_LEXICON_TERM|RAW_MISS,,True
d011,r0,d011:r0:e0,r0:t1:n1,挂,EXISTING_LEXICON_TERM,HIGH,RECALL_TARGET_MISS,,-1,1,-1,8,1,1,PARTIAL_INSUFFICIENT,OUTSIDE_CURRENT_CONTRACT,,OUTSIDE_CURRENT_CONTRACT|NA|L1|COVERS_CHANGE|EXISTING_LEXICON_TERM|OTHER_STAGE,,True
d011,r0,d011:r0:e0,r0:t1:n2,号,EXISTING_LEXICON_TERM,HIGH,RECALL_TARGET_MISS,,1,2,-1,8,1,1,PARTIAL_INSUFFICIENT,OUTSIDE_CURRENT_CONTRACT,,OUTSIDE_CURRENT_CONTRACT|NA|L1|COVERS_CHANGE|EXISTING_LEXICON_TERM|OTHER_STAGE,,True
d011,r0,d011:r0:e0,r0:t1:n3,处,EXISTING_LEXICON_TERM,HIGH,RECALL_TARGET_MISS,,2,3,-1,8,1,1,PARTIAL_INSUFFICIENT,OUTSIDE_CURRENT_CONTRACT,,OUTSIDE_CURRENT_CONTRACT|NA|L1|COVERS_CHANGE|EXISTING_LEXICON_TERM|OTHER_STAGE,,True
d011,r0,d011:r0:e0,r0:t1:n4,挂号,EXISTING_LEXICON_TERM,HIGH,RECALL_TARGET_MISS,,-1,2,-1,8,2,1,ALTERNATIVE_MINIMAL,RECALL_TARGET_MISS,,RECALL_TARGET_MISS|NA|L2|COVERS_CHANGE|EXISTING_LEXICON_TERM|RAW_MISS,,True
d011,r0,d011:r0:e0,r0:t2:n5,内,EXISTING_LEXICON_TERM,HIGH,RECALL_TARGET_MISS,,5,6,-1,8,1,1,PARTIAL_INSUFFICIENT,OUTSIDE_CURRENT_CONTRACT,,OUTSIDE_CURRENT_CONTRACT|NA|L1|COVERS_CHANGE|EXISTING_LEXICON_TERM|OTHER_STAGE,,True
d011,r0,d011:r0:e0,r0:t2:n6,科,EXISTING_LEXICON_TERM,HIGH,RECALL_TARGET_MISS,,6,7,-1,8,1,1,PARTIAL_INSUFFICIENT,OUTSIDE_CURRENT_CONTRACT,,OUTSIDE_CURRENT_CONTRACT|NA|L1|COVERS_CHANGE|EXISTING_LEXICON_TERM|OTHER_STAGE,,True
d011,r2,d011:r2:e0,r2:t1,我胃不,STRUCTURAL_COMPOSITION_SUPPORTED,HIGH,TARGET_NOT_IN_LEXICON,,12,15,12,15,1,1,INVALID_LEXICAL_TARGET,OUTSIDE_CURRENT_CONTRACT,,OUTSIDE_CURRENT_CONTRACT|NA|L3|COVERS_CHANGE|STRUCTURAL_COMPOSITION_SUPPORTED|OTHER_STAGE,structural_composition_lacks_independent_lexical_identity,False
d014,r0,d014:r0:e0,r0:t1,四十码,EXISTING_LEXICON_TERM,HIGH,QUERY_NOT_REPAIR_CAPABLE,RETRY_REGION_PARTIAL_COVERAGE,6,9,6,8,2,1,PRIMARY_MINIMAL,QUERY_NOT_REPAIR_CAPABLE,RETRY_REGION_PARTIAL_COVERAGE,QUERY_NOT_REPAIR_CAPABLE|RETRY_REGION_PARTIAL_COVERAGE|L3|COVERS_CHANGE|EXISTING_LEXICON_TERM|QUERY_FAIL,,True
d014,r0,d014:r0:e0,r0:t1:n1,四,EXISTING_LEXICON_TERM,HIGH,QUERY_NOT_REPAIR_CAPABLE,RETRY_REGION_PARTIAL_COVERAGE,6,7,6,8,1,1,PARTIAL_INSUFFICIENT,OUTSIDE_CURRENT_CONTRACT,,OUTSIDE_CURRENT_CONTRACT|NA|L1|COVERS_CHANGE|EXISTING_LEXICON_TERM|OTHER_STAGE,,True
d014,r0,d014:r0:e0,r0:t1:n2,十,EXISTING_LEXICON_TERM,HIGH,QUERY_NOT_REPAIR_CAPABLE,RETRY_REGION_PARTIAL_COVERAGE,7,8,6,8,1,1,PARTIAL_INSUFFICIENT,OUTSIDE_CURRENT_CONTRACT,,OUTSIDE_CURRENT_CONTRACT|NA|L1|COVERS_CHANGE|EXISTING_LEXICON_TERM|OTHER_STAGE,,True
d014,r1,d014:r1:e0,r1:t1,合适,EXISTING_LEXICON_TERM,HIGH,QUERY_NOT_REPAIR_CAPABLE,RETRY_REGION_PARTIAL_COVERAGE,12,14,11,14,1,1,PRIMARY_MINIMAL,QUERY_NOT_REPAIR_CAPABLE,RETRY_REGION_PARTIAL_COVERAGE,QUERY_NOT_REPAIR_CAPABLE|RETRY_REGION_PARTIAL_COVERAGE|L2|COVERS_CHANGE|EXISTING_LEXICON_TERM|QUERY_FAIL,,True
d015,r0,d015:r0:e0,r0:t1,一下,STRUCTURAL_COMPOSITION_SUPPORTED,HIGH,TARGET_NOT_IN_LEXICON,,4,6,4,6,2,1,INVALID_LEXICAL_TARGET,OUTSIDE_CURRENT_CONTRACT,,OUTSIDE_CURRENT_CONTRACT|NA|L2|COVERS_CHANGE|STRUCTURAL_COMPOSITION_SUPPORTED|OTHER_STAGE,structural_composition_lacks_independent_lexical_identity,False
d017,r0,d017:r0:eX,r0:t1,吃饭,EXISTING_LEXICON_TERM,HIGH,RECALL_TARGET_MISS,,4,6,4,8,0,0,CONTEXT_SUPPORT,OUTSIDE_CURRENT_CONTRACT,,OUTSIDE_CURRENT_CONTRACT|NA|L2|NO_CHANGE_OV|EXISTING_LEXICON_TERM|OTHER_STAGE,zero_changed_element_overlap,True
d018,r0,d018:r0:eX,r0:t1,手机,EXISTING_LEXICON_TERM,HIGH,QUERY_NOT_REPAIR_CAPABLE,RETRY_REGION_PARTIAL_COVERAGE,12,14,13,16,0,0,CONTEXT_SUPPORT,OUTSIDE_CURRENT_CONTRACT,,OUTSIDE_CURRENT_CONTRACT|NA|L2|NO_CHANGE_OV|EXISTING_LEXICON_TERM|OTHER_STAGE,zero_changed_element_overlap,True
d019,r0,d019:r0:e0,r0:t1,团队,EXISTING_LEXICON_TERM,HIGH,RECALL_TARGET_MISS,,4,6,3,6,2,1,PRIMARY_MINIMAL,RECALL_TARGET_MISS,,RECALL_TARGET_MISS|NA|L2|COVERS_CHANGE|EXISTING_LEXICON_TERM|RAW_MISS,,True
d019,r0,d019:r0:e0,r0:t1:n1,团,EXISTING_LEXICON_TERM,HIGH,RECALL_TARGET_MISS,,4,5,3,6,1,1,PARTIAL_INSUFFICIENT,OUTSIDE_CURRENT_CONTRACT,,OUTSIDE_CURRENT_CONTRACT|NA|L1|COVERS_CHANGE|EXISTING_LEXICON_TERM|OTHER_STAGE,,True
d019,r0,d019:r0:e0,r0:t1:n2,队,EXISTING_LEXICON_TERM,HIGH,RECALL_TARGET_MISS,,5,6,3,6,1,1,PARTIAL_INSUFFICIENT,OUTSIDE_CURRENT_CONTRACT,,OUTSIDE_CURRENT_CONTRACT|NA|L1|COVERS_CHANGE|EXISTING_LEXICON_TERM|OTHER_STAGE,,True
d019,r1,d019:r1:e0,r1:t1,选生城,STRUCTURAL_COMPOSITION_SUPPORTED,HIGH,TARGET_NOT_IN_LEXICON,,10,13,10,13,1,1,INVALID_LEXICAL_TARGET,OUTSIDE_CURRENT_CONTRACT,,OUTSIDE_CURRENT_CONTRACT|NA|L3|COVERS_CHANGE|STRUCTURAL_COMPOSITION_SUPPORTED|OTHER_STAGE,structural_composition_lacks_independent_lexical_identity,False
d019,r2,d019:r2:e0,r2:t1,选生城,STRUCTURAL_COMPOSITION_SUPPORTED,HIGH,TARGET_NOT_IN_LEXICON,,17,20,17,20,1,1,INVALID_LEXICAL_TARGET,OUTSIDE_CURRENT_CONTRACT,,OUTSIDE_CURRENT_CONTRACT|NA|L3|COVERS_CHANGE|STRUCTURAL_COMPOSITION_SUPPORTED|OTHER_STAGE,structural_composition_lacks_independent_lexical_identity,False
d019,r3,d019:r3:e0,r3:t1,上线,EXISTING_LEXICON_TERM,HIGH,QUERY_NOT_REPAIR_CAPABLE,RETRY_REGION_PARTIAL_COVERAGE,23,25,22,25,1,1,PRIMARY_MINIMAL,QUERY_NOT_REPAIR_CAPABLE,RETRY_REGION_PARTIAL_COVERAGE,QUERY_NOT_REPAIR_CAPABLE|RETRY_REGION_PARTIAL_COVERAGE|L2|COVERS_CHANGE|EXISTING_LEXICON_TERM|QUERY_FAIL,,True
d019,r3,d019:r3:e0,r3:t1:n1,线,EXISTING_LEXICON_TERM,HIGH,QUERY_NOT_REPAIR_CAPABLE,RETRY_REGION_PARTIAL_COVERAGE,24,25,22,25,1,1,PARTIAL_INSUFFICIENT,OUTSIDE_CURRENT_CONTRACT,,OUTSIDE_CURRENT_CONTRACT|NA|L1|COVERS_CHANGE|EXISTING_LEXICON_TERM|OTHER_STAGE,,True
d019,r4,d019:r4:eX,r4:t1,安排,EXISTING_LEXICON_TERM,HIGH,QUERY_NOT_REPAIR_CAPABLE,RETRY_REGION_PARTIAL_COVERAGE,27,29,25,28,0,0,CONTEXT_SUPPORT,OUTSIDE_CURRENT_CONTRACT,,OUTSIDE_CURRENT_CONTRACT|NA|L2|NO_CHANGE_OV|EXISTING_LEXICON_TERM|OTHER_STAGE,zero_changed_element_overlap,True
d020,r0,d020:r0:e0,r0:t1,我们先,STRUCTURAL_COMPOSITION_SUPPORTED,HIGH,TARGET_NOT_IN_LEXICON,,4,7,4,7,1,1,INVALID_LEXICAL_TARGET,OUTSIDE_CURRENT_CONTRACT,,OUTSIDE_CURRENT_CONTRACT|NA|L3|COVERS_CHANGE|STRUCTURAL_COMPOSITION_SUPPORTED|OTHER_STAGE,structural_composition_lacks_independent_lexical_identity,False
d020,r1,d020:r1:e0,r1:t1,上线,EXISTING_LEXICON_TERM,HIGH,QUERY_NOT_REPAIR_CAPABLE,RETRY_REGION_PARTIAL_COVERAGE,9,11,8,10,1,1,PRIMARY_MINIMAL,QUERY_NOT_REPAIR_CAPABLE,RETRY_REGION_PARTIAL_COVERAGE,QUERY_NOT_REPAIR_CAPABLE|RETRY_REGION_PARTIAL_COVERAGE|L2|COVERS_CHANGE|EXISTING_LEXICON_TERM|QUERY_FAIL,,True
d020,r1,d020:r1:e0,r1:t1:n1,上,EXISTING_LEXICON_TERM,HIGH,QUERY_NOT_REPAIR_CAPABLE,RETRY_REGION_PARTIAL_COVERAGE,9,10,8,10,1,1,PARTIAL_INSUFFICIENT,OUTSIDE_CURRENT_CONTRACT,,OUTSIDE_CURRENT_CONTRACT|NA|L1|COVERS_CHANGE|EXISTING_LEXICON_TERM|OTHER_STAGE,,True
d020,r2,d020:r2:e0,r2:t1,选生城,STRUCTURAL_COMPOSITION_SUPPORTED,HIGH,TARGET_NOT_IN_LEXICON,,17,20,17,20,1,1,INVALID_LEXICAL_TARGET,OUTSIDE_CURRENT_CONTRACT,,OUTSIDE_CURRENT_CONTRACT|NA|L3|COVERS_CHANGE|STRUCTURAL_COMPOSITION_SUPPORTED|OTHER_STAGE,structural_composition_lacks_independent_lexical_identity,False
d020,r3,d020:r3:e0,r3:t1,联调,EXISTING_LEXICON_TERM,HIGH,QUERY_NOT_REPAIR_CAPABLE,RETRY_REGION_PARTIAL_COVERAGE,24,26,24,27,2,1,PRIMARY_MINIMAL,QUERY_NOT_REPAIR_CAPABLE,RETRY_REGION_PARTIAL_COVERAGE,QUERY_NOT_REPAIR_CAPABLE|RETRY_REGION_PARTIAL_COVERAGE|L2|COVERS_CHANGE|EXISTING_LEXICON_TERM|QUERY_FAIL,,True
d020,r3,d020:r3:e0,r3:t1:n1,调,EXISTING_LEXICON_TERM,HIGH,QUERY_NOT_REPAIR_CAPABLE,RETRY_REGION_PARTIAL_COVERAGE,25,26,24,27,1,1,PARTIAL_INSUFFICIENT,OUTSIDE_CURRENT_CONTRACT,,OUTSIDE_CURRENT_CONTRACT|NA|L1|COVERS_CHANGE|EXISTING_LEXICON_TERM|OTHER_STAGE,,True
d021,r0,d021:r0:e0,r0:t2,链路,EXISTING_LEXICON_TERM,HIGH,QUERY_NOT_REPAIR_CAPABLE,RETRY_REGION_PARTIAL_COVERAGE,8,10,6,9,1,1,PRIMARY_MINIMAL,QUERY_NOT_REPAIR_CAPABLE,RETRY_REGION_PARTIAL_COVERAGE,QUERY_NOT_REPAIR_CAPABLE|RETRY_REGION_PARTIAL_COVERAGE|L2|COVERS_CHANGE|EXISTING_LEXICON_TERM|QUERY_FAIL,,True
d021,r0,d021:r0:eX,r0:t1,生成,EXISTING_LEXICON_TERM,HIGH,QUERY_NOT_REPAIR_CAPABLE,RETRY_REGION_PARTIAL_COVERAGE,6,8,6,9,0,0,CONTEXT_SUPPORT,OUTSIDE_CURRENT_CONTRACT,,OUTSIDE_CURRENT_CONTRACT|NA|L2|NO_CHANGE_OV|EXISTING_LEXICON_TERM|OTHER_STAGE,zero_changed_element_overlap,True
d021,r1,d021:r1:e0,r1:t1,监控,EXISTING_LEXICON_TERM,HIGH,QUERY_NOT_REPAIR_CAPABLE,RETRY_REGION_PARTIAL_COVERAGE,12,14,10,13,1,1,PRIMARY_MINIMAL,QUERY_NOT_REPAIR_CAPABLE,RETRY_REGION_PARTIAL_COVERAGE,QUERY_NOT_REPAIR_CAPABLE|RETRY_REGION_PARTIAL_COVERAGE|L2|COVERS_CHANGE|EXISTING_LEXICON_TERM|QUERY_FAIL,,True
d021,r2,d021:r2:eX,r2:t1,监控,EXISTING_LEXICON_TERM,HIGH,QUERY_NOT_REPAIR_CAPABLE,RETRY_REGION_PARTIAL_COVERAGE,12,14,13,16,0,0,CONTEXT_SUPPORT,OUTSIDE_CURRENT_CONTRACT,,OUTSIDE_CURRENT_CONTRACT|NA|L2|NO_CHANGE_OV|EXISTING_LEXICON_TERM|OTHER_STAGE,zero_changed_element_overlap,True
d021,r3,d021:r3:e0,r3:t1,上线,EXISTING_LEXICON_TERM,HIGH,QUERY_NOT_REPAIR_CAPABLE,RETRY_REGION_PARTIAL_COVERAGE,15,17,16,19,1,1,ALTERNATIVE_MINIMAL,QUERY_NOT_REPAIR_CAPABLE,RETRY_REGION_PARTIAL_COVERAGE,QUERY_NOT_REPAIR_CAPABLE|RETRY_REGION_PARTIAL_COVERAGE|L2|COVERS_CHANGE|EXISTING_LEXICON_TERM|QUERY_FAIL,,True
d021,r3,d021:r3:e0,r3:t2,计划,EXISTING_LEXICON_TERM,HIGH,QUERY_NOT_REPAIR_CAPABLE,RETRY_REGION_PARTIAL_COVERAGE,17,19,16,19,2,1,ALTERNATIVE_MINIMAL,QUERY_NOT_REPAIR_CAPABLE,RETRY_REGION_PARTIAL_COVERAGE,QUERY_NOT_REPAIR_CAPABLE|RETRY_REGION_PARTIAL_COVERAGE|L2|COVERS_CHANGE|EXISTING_LEXICON_TERM|QUERY_FAIL,,True
d021,r3,d021:r3:e0,r3:t1:n1,线,EXISTING_LEXICON_TERM,HIGH,QUERY_NOT_REPAIR_CAPABLE,RETRY_REGION_PARTIAL_COVERAGE,16,17,16,19,1,1,PARTIAL_INSUFFICIENT,OUTSIDE_CURRENT_CONTRACT,,OUTSIDE_CURRENT_CONTRACT|NA|L1|COVERS_CHANGE|EXISTING_LEXICON_TERM|OTHER_STAGE,,True
d021,r3,d021:r3:e0,r3:t2:n2,计,EXISTING_LEXICON_TERM,HIGH,QUERY_NOT_REPAIR_CAPABLE,RETRY_REGION_PARTIAL_COVERAGE,17,18,16,19,1,1,PARTIAL_INSUFFICIENT,OUTSIDE_CURRENT_CONTRACT,,OUTSIDE_CURRENT_CONTRACT|NA|L1|COVERS_CHANGE|EXISTING_LEXICON_TERM|OTHER_STAGE,,True
d021,r3,d021:r3:e0,r3:t2:n3,划,EXISTING_LEXICON_TERM,HIGH,QUERY_NOT_REPAIR_CAPABLE,RETRY_REGION_PARTIAL_COVERAGE,18,19,16,19,1,1,PARTIAL_INSUFFICIENT,OUTSIDE_CURRENT_CONTRACT,,OUTSIDE_CURRENT_CONTRACT|NA|L1|COVERS_CHANGE|EXISTING_LEXICON_TERM|OTHER_STAGE,,True
d021,r4,d021:r4:e0,r4:t1,文档,EXISTING_LEXICON_TERM,HIGH,QUERY_NOT_REPAIR_CAPABLE,RETRY_REGION_PARTIAL_COVERAGE,19,21,19,22,1,1,PRIMARY_MINIMAL,QUERY_NOT_REPAIR_CAPABLE,RETRY_REGION_PARTIAL_COVERAGE,QUERY_NOT_REPAIR_CAPABLE|RETRY_REGION_PARTIAL_COVERAGE|L2|COVERS_CHANGE|EXISTING_LEXICON_TERM|QUERY_FAIL,,True
d021,r4,d021:r4:e0,r4:t1:n1,档,EXISTING_LEXICON_TERM,HIGH,QUERY_NOT_REPAIR_CAPABLE,RETRY_REGION_PARTIAL_COVERAGE,20,21,19,22,1,1,PARTIAL_INSUFFICIENT,OUTSIDE_CURRENT_CONTRACT,,OUTSIDE_CURRENT_CONTRACT|NA|L1|COVERS_CHANGE|EXISTING_LEXICON_TERM|OTHER_STAGE,,True
d022,r0,d022:r0:e0,r0:t1,订单,EXISTING_LEXICON_TERM,HIGH,RECALL_TARGET_MISS,,4,6,4,7,2,1,ALTERNATIVE_MINIMAL,RECALL_TARGET_MISS,,RECALL_TARGET_MISS|NA|L2|COVERS_CHANGE|EXISTING_LEXICON_TERM|RAW_MISS,,True
d022,r0,d022:r0:e0,r0:t2,显示,EXISTING_LEXICON_TERM,HIGH,RECALL_TARGET_MISS,,6,8,4,7,1,1,ALTERNATIVE_MINIMAL,RECALL_TARGET_MISS,,RECALL_TARGET_MISS|NA|L2|COVERS_CHANGE|EXISTING_LEXICON_TERM|RAW_MISS,,True
d022,r0,d022:r0:e0,r0:t1:n1,订,EXISTING_LEXICON_TERM,HIGH,RECALL_TARGET_MISS,,4,5,4,7,1,1,PARTIAL_INSUFFICIENT,OUTSIDE_CURRENT_CONTRACT,,OUTSIDE_CURRENT_CONTRACT|NA|L1|COVERS_CHANGE|EXISTING_LEXICON_TERM|OTHER_STAGE,,True
d022,r0,d022:r0:e0,r0:t1:n2,单,EXISTING_LEXICON_TERM,HIGH,RECALL_TARGET_MISS,,5,6,4,7,1,1,PARTIAL_INSUFFICIENT,OUTSIDE_CURRENT_CONTRACT,,OUTSIDE_CURRENT_CONTRACT|NA|L1|COVERS_CHANGE|EXISTING_LEXICON_TERM|OTHER_STAGE,,True
d022,r1,d022:r1:e0,r1:t1,物流,EXISTING_LEXICON_TERM,HIGH,QUERY_NOT_REPAIR_CAPABLE,RETRY_REGION_PARTIAL_COVERAGE,12,14,12,14,2,1,PRIMARY_MINIMAL,QUERY_NOT_REPAIR_CAPABLE,RETRY_REGION_PARTIAL_COVERAGE,QUERY_NOT_REPAIR_CAPABLE|RETRY_REGION_PARTIAL_COVERAGE|L2|COVERS_CHANGE|EXISTING_LEXICON_TERM|QUERY_FAIL,,True
d022,r1,d022:r1:e0,r1:t1:n1,物,EXISTING_LEXICON_TERM,HIGH,QUERY_NOT_REPAIR_CAPABLE,RETRY_REGION_PARTIAL_COVERAGE,12,13,12,14,1,1,PARTIAL_INSUFFICIENT,OUTSIDE_CURRENT_CONTRACT,,OUTSIDE_CURRENT_CONTRACT|NA|L1|COVERS_CHANGE|EXISTING_LEXICON_TERM|OTHER_STAGE,,True
d022,r1,d022:r1:e0,r1:t1:n2,流,EXISTING_LEXICON_TERM,HIGH,QUERY_NOT_REPAIR_CAPABLE,RETRY_REGION_PARTIAL_COVERAGE,13,14,12,14,1,1,PARTIAL_INSUFFICIENT,OUTSIDE_CURRENT_CONTRACT,,OUTSIDE_CURRENT_CONTRACT|NA|L1|COVERS_CHANGE|EXISTING_LEXICON_TERM|OTHER_STAGE,,True
d022,r2,d022:r2:e0,r2:t1,三天没,STRUCTURAL_COMPOSITION_SUPPORTED,HIGH,TARGET_NOT_IN_LEXICON,,14,17,14,17,1,1,INVALID_LEXICAL_TARGET,OUTSIDE_CURRENT_CONTRACT,,OUTSIDE_CURRENT_CONTRACT|NA|L3|COVERS_CHANGE|STRUCTURAL_COMPOSITION_SUPPORTED|OTHER_STAGE,structural_composition_lacks_independent_lexical_identity,False
d022,r3,d022:r3:e0,r3:t1,能帮我,STRUCTURAL_COMPOSITION_SUPPORTED,HIGH,TARGET_NOT_IN_LEXICON,,20,23,20,23,1,1,INVALID_LEXICAL_TARGET,OUTSIDE_CURRENT_CONTRACT,,OUTSIDE_CURRENT_CONTRACT|NA|L3|COVERS_CHANGE|STRUCTURAL_COMPOSITION_SUPPORTED|OTHER_STAGE,structural_composition_lacks_independent_lexical_identity,False
d024,r0,d024:r0:eX,r0:t1,发票,EXISTING_LEXICON_TERM,HIGH,QUERY_NOT_REPAIR_CAPABLE,RETRY_REGION_PARTIAL_COVERAGE,15,17,15,19,0,0,CONTEXT_SUPPORT,OUTSIDE_CURRENT_CONTRACT,,OUTSIDE_CURRENT_CONTRACT|NA|L2|NO_CHANGE_OV|EXISTING_LEXICON_TERM|OTHER_STAGE,zero_changed_element_overlap,True
d025,r0,d025:r0:e0,r0:t1,项目,EXISTING_LEXICON_TERM,HIGH,RECALL_TARGET_MISS,,11,13,9,12,1,1,PRIMARY_MINIMAL,RECALL_TARGET_MISS,,RECALL_TARGET_MISS|NA|L2|COVERS_CHANGE|EXISTING_LEXICON_TERM|RAW_MISS,,True
d025,r0,d025:r0:e0,r0:t1:n1,项,EXISTING_LEXICON_TERM,HIGH,RECALL_TARGET_MISS,,11,12,9,12,1,1,PARTIAL_INSUFFICIENT,OUTSIDE_CURRENT_CONTRACT,,OUTSIDE_CURRENT_CONTRACT|NA|L1|COVERS_CHANGE|EXISTING_LEXICON_TERM|OTHER_STAGE,,True
d025,r1,d025:r1:e0,r1:t1,负责,EXISTING_LEXICON_TERM,HIGH,QUERY_NOT_REPAIR_CAPABLE,RETRY_REGION_PARTIAL_COVERAGE,14,16,13,16,2,1,PRIMARY_MINIMAL,QUERY_NOT_REPAIR_CAPABLE,RETRY_REGION_PARTIAL_COVERAGE,QUERY_NOT_REPAIR_CAPABLE|RETRY_REGION_PARTIAL_COVERAGE|L2|COVERS_CHANGE|EXISTING_LEXICON_TERM|QUERY_FAIL,,True
d025,r1,d025:r1:e0,r1:t1:n1,负,EXISTING_LEXICON_TERM,HIGH,QUERY_NOT_REPAIR_CAPABLE,RETRY_REGION_PARTIAL_COVERAGE,14,15,13,16,1,1,PARTIAL_INSUFFICIENT,OUTSIDE_CURRENT_CONTRACT,,OUTSIDE_CURRENT_CONTRACT|NA|L1|COVERS_CHANGE|EXISTING_LEXICON_TERM|OTHER_STAGE,,True
d026,r0,d026:r0:eX,r0:t1,看待,EXISTING_LEXICON_TERM,HIGH,RECALL_TARGET_MISS,,3,5,3,6,0,0,CONTEXT_SUPPORT,OUTSIDE_CURRENT_CONTRACT,,OUTSIDE_CURRENT_CONTRACT|NA|L2|NO_CHANGE_OV|EXISTING_LEXICON_TERM|OTHER_STAGE,zero_changed_element_overlap,True
d026,r1,d026:r1:e0,r1:t2,变更,EXISTING_LEXICON_TERM,HIGH,QUERY_NOT_REPAIR_CAPABLE,RETRY_REGION_PARTIAL_COVERAGE,15,17,13,16,1,1,PRIMARY_MINIMAL,QUERY_NOT_REPAIR_CAPABLE,RETRY_REGION_PARTIAL_COVERAGE,QUERY_NOT_REPAIR_CAPABLE|RETRY_REGION_PARTIAL_COVERAGE|L2|COVERS_CHANGE|EXISTING_LEXICON_TERM|QUERY_FAIL,,True
d026,r1,d026:r1:e0,r1:t2:n1,变,EXISTING_LEXICON_TERM,HIGH,QUERY_NOT_REPAIR_CAPABLE,RETRY_REGION_PARTIAL_COVERAGE,15,16,13,16,1,1,PARTIAL_INSUFFICIENT,OUTSIDE_CURRENT_CONTRACT,,OUTSIDE_CURRENT_CONTRACT|NA|L1|COVERS_CHANGE|EXISTING_LEXICON_TERM|OTHER_STAGE,,True
d026,r1,d026:r1:eX,r1:t1,需求,EXISTING_LEXICON_TERM,HIGH,QUERY_NOT_REPAIR_CAPABLE,RETRY_REGION_PARTIAL_COVERAGE,13,15,13,16,0,0,CONTEXT_SUPPORT,OUTSIDE_CURRENT_CONTRACT,,OUTSIDE_CURRENT_CONTRACT|NA|L2|NO_CHANGE_OV|EXISTING_LEXICON_TERM|OTHER_STAGE,zero_changed_element_overlap,True
d027,r0,d027:r0:e0,r0:t1,薪资,STRUCTURAL_COMPOSITION_SUPPORTED,HIGH,TARGET_NOT_IN_LEXICON,,2,4,2,4,2,1,INVALID_LEXICAL_TARGET,OUTSIDE_CURRENT_CONTRACT,,OUTSIDE_CURRENT_CONTRACT|NA|L2|COVERS_CHANGE|STRUCTURAL_COMPOSITION_SUPPORTED|OTHER_STAGE,structural_composition_lacks_independent_lexical_identity,False
d028,r0,d028:r0:e0,r0:t1,老师,EXISTING_LEXICON_TERM,HIGH,RECALL_TARGET_MISS,,-1,2,1,4,1,1,PRIMARY_MINIMAL,RECALL_TARGET_MISS,,RECALL_TARGET_MISS|NA|L2|COVERS_CHANGE|EXISTING_LEXICON_TERM|RAW_MISS,,True
d028,r1,d028:r1:e0,r1:t1,步骤,EXISTING_LEXICON_TERM,HIGH,QUERY_NOT_REPAIR_CAPABLE,RETRY_REGION_PARTIAL_COVERAGE,9,11,8,11,1,1,PRIMARY_MINIMAL,QUERY_NOT_REPAIR_CAPABLE,RETRY_REGION_PARTIAL_COVERAGE,QUERY_NOT_REPAIR_CAPABLE|RETRY_REGION_PARTIAL_COVERAGE|L2|COVERS_CHANGE|EXISTING_LEXICON_TERM|QUERY_FAIL,,True
d029,r0,d029:r0:eX,r0:t1,作业,EXISTING_LEXICON_TERM,HIGH,RECALL_TARGET_MISS,,-1,2,-1,3,0,0,CONTEXT_SUPPORT,OUTSIDE_CURRENT_CONTRACT,,OUTSIDE_CURRENT_CONTRACT|NA|L2|NO_CHANGE_OV|EXISTING_LEXICON_TERM|OTHER_STAGE,zero_changed_element_overlap,True
d029,r1,d029:r1:e0,r1:t1,下午,EXISTING_LEXICON_TERM,HIGH,QUERY_NOT_REPAIR_CAPABLE,RETRY_REGION_PARTIAL_COVERAGE,6,8,4,11,2,1,PRIMARY_MINIMAL,QUERY_NOT_REPAIR_CAPABLE,RETRY_REGION_PARTIAL_COVERAGE,QUERY_NOT_REPAIR_CAPABLE|RETRY_REGION_PARTIAL_COVERAGE|L2|COVERS_CHANGE|EXISTING_LEXICON_TERM|QUERY_FAIL,,True
d029,r1,d029:r1:e0,r1:t1:n1,下,EXISTING_LEXICON_TERM,HIGH,QUERY_NOT_REPAIR_CAPABLE,RETRY_REGION_PARTIAL_COVERAGE,6,7,4,11,1,1,PARTIAL_INSUFFICIENT,OUTSIDE_CURRENT_CONTRACT,,OUTSIDE_CURRENT_CONTRACT|NA|L1|COVERS_CHANGE|EXISTING_LEXICON_TERM|OTHER_STAGE,,True
d029,r2,d029:r2:eX,r2:t1,电子,EXISTING_LEXICON_TERM,HIGH,QUERY_NOT_REPAIR_CAPABLE,RETRY_REGION_PARTIAL_COVERAGE,13,15,13,16,0,0,CONTEXT_SUPPORT,OUTSIDE_CURRENT_CONTRACT,,OUTSIDE_CURRENT_CONTRACT|NA|L2|NO_CHANGE_OV|EXISTING_LEXICON_TERM|OTHER_STAGE,zero_changed_element_overlap,True
d029,r3,d029:r3:e0,r3:t1,提交,EXISTING_LEXICON_TERM,HIGH,QUERY_NOT_REPAIR_CAPABLE,RETRY_REGION_PARTIAL_COVERAGE,16,18,17,20,1,1,PRIMARY_MINIMAL,QUERY_NOT_REPAIR_CAPABLE,RETRY_REGION_PARTIAL_COVERAGE,QUERY_NOT_REPAIR_CAPABLE|RETRY_REGION_PARTIAL_COVERAGE|L2|COVERS_CHANGE|EXISTING_LEXICON_TERM|QUERY_FAIL,,True
d029,r3,d029:r3:e0,r3:t1:n1,交,EXISTING_LEXICON_TERM,HIGH,QUERY_NOT_REPAIR_CAPABLE,RETRY_REGION_PARTIAL_COVERAGE,17,18,17,20,1,1,PARTIAL_INSUFFICIENT,OUTSIDE_CURRENT_CONTRACT,,OUTSIDE_CURRENT_CONTRACT|NA|L1|COVERS_CHANGE|EXISTING_LEXICON_TERM|OTHER_STAGE,,True
d030,r0,d030:r0:e0,r0:t1,这门课,STRUCTURAL_COMPOSITION_SUPPORTED,HIGH,TARGET_NOT_IN_LEXICON,,2,5,2,5,1,1,INVALID_LEXICAL_TARGET,OUTSIDE_CURRENT_CONTRACT,,OUTSIDE_CURRENT_CONTRACT|NA|L3|COVERS_CHANGE|STRUCTURAL_COMPOSITION_SUPPORTED|OTHER_STAGE,structural_composition_lacks_independent_lexical_identity,False
d030,r2,d030:r2:e0,r2:t1,会划,STRUCTURAL_COMPOSITION_SUPPORTED,HIGH,TARGET_NOT_IN_LEXICON,,17,19,17,19,2,1,INVALID_LEXICAL_TARGET,OUTSIDE_CURRENT_CONTRACT,,OUTSIDE_CURRENT_CONTRACT|NA|L2|COVERS_CHANGE|STRUCTURAL_COMPOSITION_SUPPORTED|OTHER_STAGE,structural_composition_lacks_independent_lexical_identity,False
d031,r0,d031:r0:e0,r0:t1,预订,EXISTING_LEXICON_TERM,HIGH,RECALL_TARGET_MISS,,1,3,-1,3,1,1,PRIMARY_MINIMAL,RECALL_TARGET_MISS,,RECALL_TARGET_MISS|NA|L2|COVERS_CHANGE|EXISTING_LEXICON_TERM|RAW_MISS,,True
d031,r0,d031:r0:e0,r0:t1:n1,订,EXISTING_LEXICON_TERM,HIGH,RECALL_TARGET_MISS,,2,3,-1,3,1,1,PARTIAL_INSUFFICIENT,OUTSIDE_CURRENT_CONTRACT,,OUTSIDE_CURRENT_CONTRACT|NA|L1|COVERS_CHANGE|EXISTING_LEXICON_TERM|OTHER_STAGE,,True
d031,r1,d031:r1:eX,r1:t1,大床房,EXISTING_LEXICON_TERM,HIGH,RECALL_TARGET_MISS,,5,8,3,6,0,0,CONTEXT_SUPPORT,OUTSIDE_CURRENT_CONTRACT,,OUTSIDE_CURRENT_CONTRACT|NA|L3|NO_CHANGE_OV|EXISTING_LEXICON_TERM|OTHER_STAGE,zero_changed_element_overlap,True
d032,r0,d032:r0:e0,r0:t1,几点,STRUCTURAL_COMPOSITION_SUPPORTED,HIGH,TARGET_NOT_IN_LEXICON,,2,4,2,4,2,1,INVALID_LEXICAL_TARGET,OUTSIDE_CURRENT_CONTRACT,,OUTSIDE_CURRENT_CONTRACT|NA|L2|COVERS_CHANGE|STRUCTURAL_COMPOSITION_SUPPORTED|OTHER_STAGE,structural_composition_lacks_independent_lexical_identity,False
d033,r0,d033:r0:e0,r0:t1,不太制,STRUCTURAL_COMPOSITION_SUPPORTED,HIGH,TARGET_NOT_IN_LEXICON,,4,7,4,7,1,1,INVALID_LEXICAL_TARGET,OUTSIDE_CURRENT_CONTRACT,,OUTSIDE_CURRENT_CONTRACT|NA|L3|COVERS_CHANGE|STRUCTURAL_COMPOSITION_SUPPORTED|OTHER_STAGE,structural_composition_lacks_independent_lexical_identity,False
d034,r0,d034:r0:e0,r0:t1,需要带,STRUCTURAL_COMPOSITION_SUPPORTED,HIGH,TARGET_NOT_IN_LEXICON,,9,12,9,12,1,1,INVALID_LEXICAL_TARGET,OUTSIDE_CURRENT_CONTRACT,,OUTSIDE_CURRENT_CONTRACT|NA|L3|COVERS_CHANGE|STRUCTURAL_COMPOSITION_SUPPORTED|OTHER_STAGE,structural_composition_lacks_independent_lexical_identity,False
d034,r1,d034:r1:e0,r1:t1,证件,EXISTING_LEXICON_TERM,HIGH,QUERY_NOT_REPAIR_CAPABLE,RETRY_REGION_PARTIAL_COVERAGE,14,16,13,15,1,1,PRIMARY_MINIMAL,QUERY_NOT_REPAIR_CAPABLE,RETRY_REGION_PARTIAL_COVERAGE,QUERY_NOT_REPAIR_CAPABLE|RETRY_REGION_PARTIAL_COVERAGE|L2|COVERS_CHANGE|EXISTING_LEXICON_TERM|QUERY_FAIL,,True
d035,r0,d035:r0:e0,r0:t1,显示,EXISTING_LEXICON_TERM,HIGH,QUERY_NOT_REPAIR_CAPABLE,NO_RAW_RECALL_REGION,4,6,-1,5,1,1,PRIMARY_MINIMAL,QUERY_NOT_REPAIR_CAPABLE,NO_RAW_RECALL_REGION,QUERY_NOT_REPAIR_CAPABLE|NO_RAW_RECALL_REGION|L2|COVERS_CHANGE|EXISTING_LEXICON_TERM|QUERY_FAIL,,True
d036,r0,d036:r0:e0,r0:t1,理财,EXISTING_LEXICON_TERM,HIGH,QUERY_NOT_REPAIR_CAPABLE,NO_RAW_RECALL_REGION,2,4,3,5,1,1,ALTERNATIVE_MINIMAL,QUERY_NOT_REPAIR_CAPABLE,NO_RAW_RECALL_REGION,QUERY_NOT_REPAIR_CAPABLE|NO_RAW_RECALL_REGION|L2|COVERS_CHANGE|EXISTING_LEXICON_TERM|QUERY_FAIL,,True
d036,r0,d036:r0:e0,r0:t2,财产,EXISTING_LEXICON_TERM,HIGH,QUERY_NOT_REPAIR_CAPABLE,NO_RAW_RECALL_REGION,3,5,3,5,2,1,ALTERNATIVE_MINIMAL,QUERY_NOT_REPAIR_CAPABLE,NO_RAW_RECALL_REGION,QUERY_NOT_REPAIR_CAPABLE|NO_RAW_RECALL_REGION|L2|COVERS_CHANGE|EXISTING_LEXICON_TERM|QUERY_FAIL,,True
d036,r0,d036:r0:e0,r0:t3,产品,EXISTING_LEXICON_TERM,HIGH,QUERY_NOT_REPAIR_CAPABLE,NO_RAW_RECALL_REGION,4,6,3,5,1,1,ALTERNATIVE_MINIMAL,QUERY_NOT_REPAIR_CAPABLE,NO_RAW_RECALL_REGION,QUERY_NOT_REPAIR_CAPABLE|NO_RAW_RECALL_REGION|L2|COVERS_CHANGE|EXISTING_LEXICON_TERM|QUERY_FAIL,,True
d036,r1,d036:r1:e0,r1:t1,风险,EXISTING_LEXICON_TERM,HIGH,QUERY_NOT_REPAIR_CAPABLE,NO_RAW_RECALL_REGION,7,9,7,9,2,1,PRIMARY_MINIMAL,QUERY_NOT_REPAIR_CAPABLE,NO_RAW_RECALL_REGION,QUERY_NOT_REPAIR_CAPABLE|NO_RAW_RECALL_REGION|L2|COVERS_CHANGE|EXISTING_LEXICON_TERM|QUERY_FAIL,,True
d036,r1,d036:r1:e0,r1:t1:n1,风,EXISTING_LEXICON_TERM,HIGH,QUERY_NOT_REPAIR_CAPABLE,NO_RAW_RECALL_REGION,7,8,7,9,1,1,PARTIAL_INSUFFICIENT,OUTSIDE_CURRENT_CONTRACT,,OUTSIDE_CURRENT_CONTRACT|NA|L1|COVERS_CHANGE|EXISTING_LEXICON_TERM|OTHER_STAGE,,True
d036,r2,d036:r2:e0,r2:t1,等级,EXISTING_LEXICON_TERM,HIGH,QUERY_NOT_REPAIR_CAPABLE,NO_RAW_RECALL_REGION,9,11,9,12,1,1,PRIMARY_MINIMAL,QUERY_NOT_REPAIR_CAPABLE,NO_RAW_RECALL_REGION,QUERY_NOT_REPAIR_CAPABLE|NO_RAW_RECALL_REGION|L2|COVERS_CHANGE|EXISTING_LEXICON_TERM|QUERY_FAIL,,True
d036,r2,d036:r2:e0,r2:t1:n1,级,EXISTING_LEXICON_TERM,HIGH,QUERY_NOT_REPAIR_CAPABLE,NO_RAW_RECALL_REGION,10,11,9,12,1,1,PARTIAL_INSUFFICIENT,OUTSIDE_CURRENT_CONTRACT,,OUTSIDE_CURRENT_CONTRACT|NA|L1|COVERS_CHANGE|EXISTING_LEXICON_TERM|OTHER_STAGE,,True
d037,r0,d037:r0:e0,r0:t1,位置,EXISTING_LEXICON_TERM,HIGH,RECALL_TARGET_MISS,,6,8,7,10,1,1,PRIMARY_MINIMAL,RECALL_TARGET_MISS,,RECALL_TARGET_MISS|NA|L2|COVERS_CHANGE|EXISTING_LEXICON_TERM|RAW_MISS,,True
d037,r1,d037:r1:e0,r1:t1,香菜,EXISTING_LEXICON_TERM,HIGH,QUERY_NOT_REPAIR_CAPABLE,RETRY_REGION_PARTIAL_COVERAGE,12,14,12,17,2,1,PRIMARY_MINIMAL,QUERY_NOT_REPAIR_CAPABLE,RETRY_REGION_PARTIAL_COVERAGE,QUERY_NOT_REPAIR_CAPABLE|RETRY_REGION_PARTIAL_COVERAGE|L2|COVERS_CHANGE|EXISTING_LEXICON_TERM|QUERY_FAIL,,True
d037,r1,d037:r1:e0,r1:t1:n1,香,EXISTING_LEXICON_TERM,HIGH,QUERY_NOT_REPAIR_CAPABLE,RETRY_REGION_PARTIAL_COVERAGE,12,13,12,17,1,1,PARTIAL_INSUFFICIENT,OUTSIDE_CURRENT_CONTRACT,,OUTSIDE_CURRENT_CONTRACT|NA|L1|COVERS_CHANGE|EXISTING_LEXICON_TERM|OTHER_STAGE,,True
d037,r1,d037:r1:e0,r1:t1:n2,菜,EXISTING_LEXICON_TERM,HIGH,QUERY_NOT_REPAIR_CAPABLE,RETRY_REGION_PARTIAL_COVERAGE,13,14,12,17,1,1,PARTIAL_INSUFFICIENT,OUTSIDE_CURRENT_CONTRACT,,OUTSIDE_CURRENT_CONTRACT|NA|L1|COVERS_CHANGE|EXISTING_LEXICON_TERM|OTHER_STAGE,,True
d039,r0,d039:r0:e0,r0:t1,打包,EXISTING_LEXICON_TERM,HIGH,RECALL_TARGET_MISS,,2,4,3,7,1,1,PRIMARY_MINIMAL,RECALL_TARGET_MISS,,RECALL_TARGET_MISS|NA|L2|COVERS_CHANGE|EXISTING_LEXICON_TERM|RAW_MISS,,True
d039,r0,d039:r0:e0,r0:t1:n1,包,EXISTING_LEXICON_TERM,HIGH,RECALL_TARGET_MISS,,3,4,3,7,1,1,PARTIAL_INSUFFICIENT,OUTSIDE_CURRENT_CONTRACT,,OUTSIDE_CURRENT_CONTRACT|NA|L1|COVERS_CHANGE|EXISTING_LEXICON_TERM|OTHER_STAGE,,True
d039,r1,d039:r1:eX,r1:t1,顺便,EXISTING_LEXICON_TERM,HIGH,RECALL_TARGET_MISS,,6,8,7,10,0,0,CONTEXT_SUPPORT,OUTSIDE_CURRENT_CONTRACT,,OUTSIDE_CURRENT_CONTRACT|NA|L2|NO_CHANGE_OV|EXISTING_LEXICON_TERM|OTHER_STAGE,zero_changed_element_overlap,True
d039,r3,d039:r3:e0,r3:t1,扫码,EXISTING_LEXICON_TERM,HIGH,QUERY_NOT_REPAIR_CAPABLE,RETRY_REGION_PARTIAL_COVERAGE,14,16,14,16,2,1,PRIMARY_MINIMAL,QUERY_NOT_REPAIR_CAPABLE,RETRY_REGION_PARTIAL_COVERAGE,QUERY_NOT_REPAIR_CAPABLE|RETRY_REGION_PARTIAL_COVERAGE|L2|COVERS_CHANGE|EXISTING_LEXICON_TERM|QUERY_FAIL,,True
d039,r3,d039:r3:e0,r3:t1:n1,扫,EXISTING_LEXICON_TERM,HIGH,QUERY_NOT_REPAIR_CAPABLE,RETRY_REGION_PARTIAL_COVERAGE,14,15,14,16,1,1,PARTIAL_INSUFFICIENT,OUTSIDE_CURRENT_CONTRACT,,OUTSIDE_CURRENT_CONTRACT|NA|L1|COVERS_CHANGE|EXISTING_LEXICON_TERM|OTHER_STAGE,,True
d039,r3,d039:r3:e0,r3:t1:n2,码,EXISTING_LEXICON_TERM,HIGH,QUERY_NOT_REPAIR_CAPABLE,RETRY_REGION_PARTIAL_COVERAGE,15,16,14,16,1,1,PARTIAL_INSUFFICIENT,OUTSIDE_CURRENT_CONTRACT,,OUTSIDE_CURRENT_CONTRACT|NA|L1|COVERS_CHANGE|EXISTING_LEXICON_TERM|OTHER_STAGE,,True
d040,r0,d040:r0:e0,r0:t1,私教课,STRUCTURAL_COMPOSITION_SUPPORTED,HIGH,TARGET_NOT_IN_LEXICON,,-1,3,-1,3,1,1,INVALID_LEXICAL_TARGET,OUTSIDE_CURRENT_CONTRACT,,OUTSIDE_CURRENT_CONTRACT|NA|L3|COVERS_CHANGE|STRUCTURAL_COMPOSITION_SUPPORTED|OTHER_STAGE,structural_composition_lacks_independent_lexical_identity,False
d041,r0,d041:r0:e0,r0:t1,衣室柜子,STRUCTURAL_COMPOSITION_SUPPORTED,HIGH,TARGET_NOT_IN_LEXICON,,1,5,1,5,4,1,INVALID_LEXICAL_TARGET,OUTSIDE_CURRENT_CONTRACT,,OUTSIDE_CURRENT_CONTRACT|NA|L4p|COVERS_CHANGE|STRUCTURAL_COMPOSITION_SUPPORTED|OTHER_STAGE,structural_composition_lacks_independent_lexical_identity,False
d042,r0,d042:r0:eX,r0:t1,游泳,EXISTING_LEXICON_TERM,HIGH,RECALL_TARGET_MISS,,-1,2,-1,3,0,0,CONTEXT_SUPPORT,OUTSIDE_CURRENT_CONTRACT,,OUTSIDE_CURRENT_CONTRACT|NA|L2|NO_CHANGE_OV|EXISTING_LEXICON_TERM|OTHER_STAGE,zero_changed_element_overlap,True
d043,r0,d043:r0:e0,r0:t1,方案,EXISTING_LEXICON_TERM,HIGH,QUERY_NOT_REPAIR_CAPABLE,RETRY_REGION_PARTIAL_COVERAGE,10,12,7,16,2,1,PRIMARY_MINIMAL,QUERY_NOT_REPAIR_CAPABLE,RETRY_REGION_PARTIAL_COVERAGE,QUERY_NOT_REPAIR_CAPABLE|RETRY_REGION_PARTIAL_COVERAGE|L2|COVERS_CHANGE|EXISTING_LEXICON_TERM|QUERY_FAIL,,True
d043,r0,d043:r0:e0,r0:t1:n1,方,EXISTING_LEXICON_TERM,HIGH,QUERY_NOT_REPAIR_CAPABLE,RETRY_REGION_PARTIAL_COVERAGE,10,11,7,16,1,1,PARTIAL_INSUFFICIENT,OUTSIDE_CURRENT_CONTRACT,,OUTSIDE_CURRENT_CONTRACT|NA|L1|COVERS_CHANGE|EXISTING_LEXICON_TERM|OTHER_STAGE,,True
d043,r0,d043:r0:e0,r0:t1:n2,案,EXISTING_LEXICON_TERM,HIGH,QUERY_NOT_REPAIR_CAPABLE,RETRY_REGION_PARTIAL_COVERAGE,11,12,7,16,1,1,PARTIAL_INSUFFICIENT,OUTSIDE_CURRENT_CONTRACT,,OUTSIDE_CURRENT_CONTRACT|NA|L1|COVERS_CHANGE|EXISTING_LEXICON_TERM|OTHER_STAGE,,True
d043,r1,d043:r1:e0,r1:t2,生成,EXISTING_LEXICON_TERM,HIGH,QUERY_NOT_REPAIR_CAPABLE,RETRY_REGION_PARTIAL_COVERAGE,17,19,16,19,1,1,PRIMARY_MINIMAL,QUERY_NOT_REPAIR_CAPABLE,RETRY_REGION_PARTIAL_COVERAGE,QUERY_NOT_REPAIR_CAPABLE|RETRY_REGION_PARTIAL_COVERAGE|L2|COVERS_CHANGE|EXISTING_LEXICON_TERM|QUERY_FAIL,,True
d043,r1,d043:r1:e0,r1:t2:n1,生,EXISTING_LEXICON_TERM,HIGH,QUERY_NOT_REPAIR_CAPABLE,RETRY_REGION_PARTIAL_COVERAGE,17,18,16,19,1,1,PARTIAL_INSUFFICIENT,OUTSIDE_CURRENT_CONTRACT,,OUTSIDE_CURRENT_CONTRACT|NA|L1|COVERS_CHANGE|EXISTING_LEXICON_TERM|OTHER_STAGE,,True
d043,r1,d043:r1:e0,r1:t2:n2,成,EXISTING_LEXICON_TERM,HIGH,QUERY_NOT_REPAIR_CAPABLE,RETRY_REGION_PARTIAL_COVERAGE,18,19,16,19,1,1,PARTIAL_INSUFFICIENT,OUTSIDE_CURRENT_CONTRACT,,OUTSIDE_CURRENT_CONTRACT|NA|L1|COVERS_CHANGE|EXISTING_LEXICON_TERM|OTHER_STAGE,,True
d043,r1,d043:r1:eX,r1:t1,候选,EXISTING_LEXICON_TERM,HIGH,QUERY_NOT_REPAIR_CAPABLE,RETRY_REGION_PARTIAL_COVERAGE,15,17,16,19,0,0,CONTEXT_SUPPORT,OUTSIDE_CURRENT_CONTRACT,,OUTSIDE_CURRENT_CONTRACT|NA|L2|NO_CHANGE_OV|EXISTING_LEXICON_TERM|OTHER_STAGE,zero_changed_element_overlap,True
d043,r2,d043:r2:e0,r2:t2,接口,EXISTING_LEXICON_TERM,HIGH,QUERY_NOT_REPAIR_CAPABLE,RETRY_REGION_PARTIAL_COVERAGE,20,22,18,21,1,1,PRIMARY_MINIMAL,QUERY_NOT_REPAIR_CAPABLE,RETRY_REGION_PARTIAL_COVERAGE,QUERY_NOT_REPAIR_CAPABLE|RETRY_REGION_PARTIAL_COVERAGE|L2|COVERS_CHANGE|EXISTING_LEXICON_TERM|QUERY_FAIL,,True
d043,r2,d043:r2:e0,r2:t2:n1,接,EXISTING_LEXICON_TERM,HIGH,QUERY_NOT_REPAIR_CAPABLE,RETRY_REGION_PARTIAL_COVERAGE,20,21,18,21,1,1,PARTIAL_INSUFFICIENT,OUTSIDE_CURRENT_CONTRACT,,OUTSIDE_CURRENT_CONTRACT|NA|L1|COVERS_CHANGE|EXISTING_LEXICON_TERM|OTHER_STAGE,,True
d043,r2,d043:r2:eX,r2:t1,生成,EXISTING_LEXICON_TERM,HIGH,QUERY_NOT_REPAIR_CAPABLE,RETRY_REGION_PARTIAL_COVERAGE,17,19,18,21,0,0,CONTEXT_SUPPORT,OUTSIDE_CURRENT_CONTRACT,,OUTSIDE_CURRENT_CONTRACT|NA|L2|NO_CHANGE_OV|EXISTING_LEXICON_TERM|OTHER_STAGE,zero_changed_element_overlap,True
d043,r3,d043:r3:e0,r3:t1,文档,EXISTING_LEXICON_TERM,HIGH,QUERY_NOT_REPAIR_CAPABLE,RETRY_REGION_PARTIAL_COVERAGE,22,24,23,27,1,1,PRIMARY_MINIMAL,QUERY_NOT_REPAIR_CAPABLE,RETRY_REGION_PARTIAL_COVERAGE,QUERY_NOT_REPAIR_CAPABLE|RETRY_REGION_PARTIAL_COVERAGE|L2|COVERS_CHANGE|EXISTING_LEXICON_TERM|QUERY_FAIL,,True
d043,r3,d043:r3:e0,r3:t1:n1,档,EXISTING_LEXICON_TERM,HIGH,QUERY_NOT_REPAIR_CAPABLE,RETRY_REGION_PARTIAL_COVERAGE,23,24,23,27,1,1,PARTIAL_INSUFFICIENT,OUTSIDE_CURRENT_CONTRACT,,OUTSIDE_CURRENT_CONTRACT|NA|L1|COVERS_CHANGE|EXISTING_LEXICON_TERM|OTHER_STAGE,,True
d044,r0,d044:r0:eX,r0:t1,上线,EXISTING_LEXICON_TERM,HIGH,RECALL_TARGET_MISS,,3,5,4,7,0,0,CONTEXT_SUPPORT,OUTSIDE_CURRENT_CONTRACT,,OUTSIDE_CURRENT_CONTRACT|NA|L2|NO_CHANGE_OV|EXISTING_LEXICON_TERM|OTHER_STAGE,zero_changed_element_overlap,True
d045,r0,d045:r0:e0,r0:t1,选生城,STRUCTURAL_COMPOSITION_SUPPORTED,HIGH,TARGET_NOT_IN_LEXICON,,3,6,3,6,2,2,INVALID_LEXICAL_TARGET,OUTSIDE_CURRENT_CONTRACT,,OUTSIDE_CURRENT_CONTRACT|NA|L3|COVERS_CHANGE|STRUCTURAL_COMPOSITION_SUPPORTED|OTHER_STAGE,structural_composition_lacks_independent_lexical_identity,False
d045,r2,d045:r2:e0,r2:t1,上线,EXISTING_LEXICON_TERM,HIGH,QUERY_NOT_REPAIR_CAPABLE,RETRY_REGION_PARTIAL_COVERAGE,14,16,13,16,1,1,PRIMARY_MINIMAL,QUERY_NOT_REPAIR_CAPABLE,RETRY_REGION_PARTIAL_COVERAGE,QUERY_NOT_REPAIR_CAPABLE|RETRY_REGION_PARTIAL_COVERAGE|L2|COVERS_CHANGE|EXISTING_LEXICON_TERM|QUERY_FAIL,,True
d045,r2,d045:r2:e0,r2:t1:n1,线,EXISTING_LEXICON_TERM,HIGH,QUERY_NOT_REPAIR_CAPABLE,RETRY_REGION_PARTIAL_COVERAGE,15,16,13,16,1,1,PARTIAL_INSUFFICIENT,OUTSIDE_CURRENT_CONTRACT,,OUTSIDE_CURRENT_CONTRACT|NA|L1|COVERS_CHANGE|EXISTING_LEXICON_TERM|OTHER_STAGE,,True
d046,r0,d046:r0:e0,r0:t1,中杯,EXISTING_LEXICON_TERM,HIGH,QUERY_NOT_REPAIR_CAPABLE,RETRY_REGION_PARTIAL_COVERAGE,13,15,14,18,1,1,PRIMARY_MINIMAL,QUERY_NOT_REPAIR_CAPABLE,RETRY_REGION_PARTIAL_COVERAGE,QUERY_NOT_REPAIR_CAPABLE|RETRY_REGION_PARTIAL_COVERAGE|L2|COVERS_CHANGE|EXISTING_LEXICON_TERM|QUERY_FAIL,,True
d046,r0,d046:r0:e0,r0:t1:n1,杯,EXISTING_LEXICON_TERM,HIGH,QUERY_NOT_REPAIR_CAPABLE,RETRY_REGION_PARTIAL_COVERAGE,14,15,14,18,1,1,PARTIAL_INSUFFICIENT,OUTSIDE_CURRENT_CONTRACT,,OUTSIDE_CURRENT_CONTRACT|NA|L1|COVERS_CHANGE|EXISTING_LEXICON_TERM|OTHER_STAGE,,True
d046,r1,d046:r1:e0,r1:t1,芝士,EXISTING_LEXICON_TERM,HIGH,QUERY_NOT_REPAIR_CAPABLE,RETRY_REGION_PARTIAL_COVERAGE,28,30,28,30,2,1,PRIMARY_MINIMAL,QUERY_NOT_REPAIR_CAPABLE,RETRY_REGION_PARTIAL_COVERAGE,QUERY_NOT_REPAIR_CAPABLE|RETRY_REGION_PARTIAL_COVERAGE|L2|COVERS_CHANGE|EXISTING_LEXICON_TERM|QUERY_FAIL,,True
d047,r0,d047:r0:e0,r0:t1,大杯,EXISTING_LEXICON_TERM,HIGH,QUERY_NOT_REPAIR_CAPABLE,RETRY_REGION_PARTIAL_COVERAGE,12,14,12,15,1,1,PRIMARY_MINIMAL,QUERY_NOT_REPAIR_CAPABLE,RETRY_REGION_PARTIAL_COVERAGE,QUERY_NOT_REPAIR_CAPABLE|RETRY_REGION_PARTIAL_COVERAGE|L2|COVERS_CHANGE|EXISTING_LEXICON_TERM|QUERY_FAIL,,True
d047,r0,d047:r0:e0,r0:t1:n1,杯,EXISTING_LEXICON_TERM,HIGH,QUERY_NOT_REPAIR_CAPABLE,RETRY_REGION_PARTIAL_COVERAGE,13,14,12,15,1,1,PARTIAL_INSUFFICIENT,OUTSIDE_CURRENT_CONTRACT,,OUTSIDE_CURRENT_CONTRACT|NA|L1|COVERS_CHANGE|EXISTING_LEXICON_TERM|OTHER_STAGE,,True
d048,r0,d048:r0:e0,r0:t1,少冰,EXISTING_LEXICON_TERM,HIGH,QUERY_NOT_REPAIR_CAPABLE,RETRY_REGION_PARTIAL_COVERAGE,10,12,9,12,1,1,PRIMARY_MINIMAL,QUERY_NOT_REPAIR_CAPABLE,RETRY_REGION_PARTIAL_COVERAGE,QUERY_NOT_REPAIR_CAPABLE|RETRY_REGION_PARTIAL_COVERAGE|L2|COVERS_CHANGE|EXISTING_LEXICON_TERM|QUERY_FAIL,,True
d048,r0,d048:r0:e0,r0:t1:n1,冰,EXISTING_LEXICON_TERM,HIGH,QUERY_NOT_REPAIR_CAPABLE,RETRY_REGION_PARTIAL_COVERAGE,11,12,9,12,1,1,PARTIAL_INSUFFICIENT,OUTSIDE_CURRENT_CONTRACT,,OUTSIDE_CURRENT_CONTRACT|NA|L1|COVERS_CHANGE|EXISTING_LEXICON_TERM|OTHER_STAGE,,True
d049,r0,d049:r0:e0,r0:t1,李工,STRUCTURAL_COMPOSITION_SUPPORTED,HIGH,TARGET_NOT_IN_LEXICON,,-1,2,-1,2,1,1,INVALID_LEXICAL_TARGET,OUTSIDE_CURRENT_CONTRACT,,OUTSIDE_CURRENT_CONTRACT|NA|L2|COVERS_CHANGE|STRUCTURAL_COMPOSITION_SUPPORTED|OTHER_STAGE,structural_composition_lacks_independent_lexical_identity,False
d049,r1,d049:r1:e0,r1:t1,客户,EXISTING_LEXICON_TERM,HIGH,RECALL_TARGET_MISS,,3,5,2,5,2,1,PRIMARY_MINIMAL,RECALL_TARGET_MISS,,RECALL_TARGET_MISS|NA|L2|COVERS_CHANGE|EXISTING_LEXICON_TERM|RAW_MISS,,True
d049,r1,d049:r1:e0,r1:t1:n1,客,EXISTING_LEXICON_TERM,HIGH,RECALL_TARGET_MISS,,3,4,2,5,1,1,PARTIAL_INSUFFICIENT,OUTSIDE_CURRENT_CONTRACT,,OUTSIDE_CURRENT_CONTRACT|NA|L1|COVERS_CHANGE|EXISTING_LEXICON_TERM|OTHER_STAGE,,True
d049,r1,d049:r1:e0,r1:t1:n2,户,EXISTING_LEXICON_TERM,HIGH,RECALL_TARGET_MISS,,4,5,2,5,1,1,PARTIAL_INSUFFICIENT,OUTSIDE_CURRENT_CONTRACT,,OUTSIDE_CURRENT_CONTRACT|NA|L1|COVERS_CHANGE|EXISTING_LEXICON_TERM|OTHER_STAGE,,True
d049,r2,d049:r2:eX,r2:t1,接口,EXISTING_LEXICON_TERM,HIGH,RECALL_TARGET_MISS,,11,13,11,14,0,0,CONTEXT_SUPPORT,OUTSIDE_CURRENT_CONTRACT,,OUTSIDE_CURRENT_CONTRACT|NA|L2|NO_CHANGE_OV|EXISTING_LEXICON_TERM|OTHER_STAGE,zero_changed_element_overlap,True
d049,r3,d049:r3:e0,r3:t1,我们能,STRUCTURAL_COMPOSITION_SUPPORTED,HIGH,TARGET_NOT_IN_LEXICON,,16,19,16,19,1,1,INVALID_LEXICAL_TARGET,OUTSIDE_CURRENT_CONTRACT,,OUTSIDE_CURRENT_CONTRACT|NA|L3|COVERS_CHANGE|STRUCTURAL_COMPOSITION_SUPPORTED|OTHER_STAGE,structural_composition_lacks_independent_lexical_identity,False
d050,r0,d050:r0:e0,r0:t1,站会先,STRUCTURAL_COMPOSITION_SUPPORTED,HIGH,TARGET_NOT_IN_LEXICON,,3,6,3,6,1,1,INVALID_LEXICAL_TARGET,OUTSIDE_CURRENT_CONTRACT,,OUTSIDE_CURRENT_CONTRACT|NA|L3|COVERS_CHANGE|STRUCTURAL_COMPOSITION_SUPPORTED|OTHER_STAGE,structural_composition_lacks_independent_lexical_identity,False
d050,r1,d050:r1:e0,r1:t1,高这块,STRUCTURAL_COMPOSITION_SUPPORTED,HIGH,TARGET_NOT_IN_LEXICON,,20,23,21,23,2,1,INVALID_LEXICAL_TARGET,OUTSIDE_CURRENT_CONTRACT,,OUTSIDE_CURRENT_CONTRACT|NA|L3|COVERS_CHANGE|STRUCTURAL_COMPOSITION_SUPPORTED|OTHER_STAGE,structural_composition_lacks_independent_lexical_identity,False
d050,r2,d050:r2:e0,r2:t1,限流,EXISTING_LEXICON_TERM,HIGH,QUERY_NOT_REPAIR_CAPABLE,RETRY_REGION_PARTIAL_COVERAGE,25,27,25,27,2,1,PRIMARY_MINIMAL,QUERY_NOT_REPAIR_CAPABLE,RETRY_REGION_PARTIAL_COVERAGE,QUERY_NOT_REPAIR_CAPABLE|RETRY_REGION_PARTIAL_COVERAGE|L2|COVERS_CHANGE|EXISTING_LEXICON_TERM|QUERY_FAIL,,True
d050,r2,d050:r2:e0,r2:t1:n1,流,EXISTING_LEXICON_TERM,HIGH,QUERY_NOT_REPAIR_CAPABLE,RETRY_REGION_PARTIAL_COVERAGE,26,27,25,27,1,1,PARTIAL_INSUFFICIENT,OUTSIDE_CURRENT_CONTRACT,,OUTSIDE_CURRENT_CONTRACT|NA|L1|COVERS_CHANGE|EXISTING_LEXICON_TERM|OTHER_STAGE,,True
d051,r0,d051:r0:e0,r0:t1,会员,EXISTING_LEXICON_TERM,HIGH,RECALL_TARGET_MISS,,1,3,2,5,1,1,ALTERNATIVE_MINIMAL,RECALL_TARGET_MISS,,RECALL_TARGET_MISS|NA|L2|COVERS_CHANGE|EXISTING_LEXICON_TERM|RAW_MISS,,True
d051,r0,d051:r0:e0,r0:t2,系统,EXISTING_LEXICON_TERM,HIGH,RECALL_TARGET_MISS,,3,5,2,5,1,1,ALTERNATIVE_MINIMAL,RECALL_TARGET_MISS,,RECALL_TARGET_MISS|NA|L2|COVERS_CHANGE|EXISTING_LEXICON_TERM|RAW_MISS,,True
d051,r1,d051:r1:e0,r1:t1,需求,EXISTING_LEXICON_TERM,HIGH,QUERY_NOT_REPAIR_CAPABLE,RETRY_REGION_PARTIAL_COVERAGE,8,10,8,10,2,1,PRIMARY_MINIMAL,QUERY_NOT_REPAIR_CAPABLE,RETRY_REGION_PARTIAL_COVERAGE,QUERY_NOT_REPAIR_CAPABLE|RETRY_REGION_PARTIAL_COVERAGE|L2|COVERS_CHANGE|EXISTING_LEXICON_TERM|QUERY_FAIL,,True
d051,r1,d051:r1:e0,r1:t1:n1,需,EXISTING_LEXICON_TERM,HIGH,QUERY_NOT_REPAIR_CAPABLE,RETRY_REGION_PARTIAL_COVERAGE,8,9,8,10,1,1,PARTIAL_INSUFFICIENT,OUTSIDE_CURRENT_CONTRACT,,OUTSIDE_CURRENT_CONTRACT|NA|L1|COVERS_CHANGE|EXISTING_LEXICON_TERM|OTHER_STAGE,,True
d051,r1,d051:r1:e0,r1:t1:n2,求,EXISTING_LEXICON_TERM,HIGH,QUERY_NOT_REPAIR_CAPABLE,RETRY_REGION_PARTIAL_COVERAGE,9,10,8,10,1,1,PARTIAL_INSUFFICIENT,OUTSIDE_CURRENT_CONTRACT,,OUTSIDE_CURRENT_CONTRACT|NA|L1|COVERS_CHANGE|EXISTING_LEXICON_TERM|OTHER_STAGE,,True
d052,r1,d052:r1:e0,r1:t1,延安,STRUCTURAL_COMPOSITION_SUPPORTED,HIGH,TARGET_NOT_IN_LEXICON,,10,12,10,12,2,1,INVALID_LEXICAL_TARGET,OUTSIDE_CURRENT_CONTRACT,,OUTSIDE_CURRENT_CONTRACT|NA|L2|COVERS_CHANGE|STRUCTURAL_COMPOSITION_SUPPORTED|OTHER_STAGE,structural_composition_lacks_independent_lexical_identity,False
d052,r4,d052:r4:eX,r4:t1,堵车,EXISTING_LEXICON_TERM,HIGH,QUERY_NOT_REPAIR_CAPABLE,RETRY_REGION_PARTIAL_COVERAGE,26,28,27,30,0,0,CONTEXT_SUPPORT,OUTSIDE_CURRENT_CONTRACT,,OUTSIDE_CURRENT_CONTRACT|NA|L2|NO_CHANGE_OV|EXISTING_LEXICON_TERM|OTHER_STAGE,zero_changed_element_overlap,True
d052,r4,d052:r4:eX,r4:t2,提前,EXISTING_LEXICON_TERM,HIGH,QUERY_NOT_REPAIR_CAPABLE,RETRY_REGION_PARTIAL_COVERAGE,29,31,27,30,0,0,CONTEXT_SUPPORT,OUTSIDE_CURRENT_CONTRACT,,OUTSIDE_CURRENT_CONTRACT|NA|L2|NO_CHANGE_OV|EXISTING_LEXICON_TERM|OTHER_STAGE,zero_changed_element_overlap,True
d053,r0,d053:r0:e0,r0:t1,分有个,STRUCTURAL_COMPOSITION_SUPPORTED,HIGH,TARGET_NOT_IN_LEXICON,,26,29,26,29,1,1,INVALID_LEXICAL_TARGET,OUTSIDE_CURRENT_CONTRACT,,OUTSIDE_CURRENT_CONTRACT|NA|L3|COVERS_CHANGE|STRUCTURAL_COMPOSITION_SUPPORTED|OTHER_STAGE,structural_composition_lacks_independent_lexical_identity,False
d054,r0,d054:r0:e0,r0:t1,西溪,EXISTING_LEXICON_TERM,HIGH,RECALL_TARGET_MISS,,3,5,3,6,2,1,PRIMARY_MINIMAL,RECALL_TARGET_MISS,,RECALL_TARGET_MISS|NA|L2|COVERS_CHANGE|EXISTING_LEXICON_TERM|RAW_MISS,,True
d054,r0,d054:r0:e0,r0:t1:n1,西,EXISTING_LEXICON_TERM,HIGH,RECALL_TARGET_MISS,,3,4,3,6,1,1,PARTIAL_INSUFFICIENT,OUTSIDE_CURRENT_CONTRACT,,OUTSIDE_CURRENT_CONTRACT|NA|L1|COVERS_CHANGE|EXISTING_LEXICON_TERM|OTHER_STAGE,,True
d054,r1,d054:r1:eX,r1:t1,现在,EXISTING_LEXICON_TERM,HIGH,QUERY_NOT_REPAIR_CAPABLE,RETRY_REGION_PARTIAL_COVERAGE,16,18,14,17,0,0,CONTEXT_SUPPORT,OUTSIDE_CURRENT_CONTRACT,,OUTSIDE_CURRENT_CONTRACT|NA|L2|NO_CHANGE_OV|EXISTING_LEXICON_TERM|OTHER_STAGE,zero_changed_element_overlap,True
d054,r2,d054:r2:eX,r2:t1,现在,EXISTING_LEXICON_TERM,HIGH,QUERY_NOT_REPAIR_CAPABLE,RETRY_REGION_PARTIAL_COVERAGE,16,18,16,19,0,0,CONTEXT_SUPPORT,OUTSIDE_CURRENT_CONTRACT,,OUTSIDE_CURRENT_CONTRACT|NA|L2|NO_CHANGE_OV|EXISTING_LEXICON_TERM|OTHER_STAGE,zero_changed_element_overlap,True
d055,r0,d055:r0:e0,r0:t1,医生,EXISTING_LEXICON_TERM,HIGH,RECALL_TARGET_MISS,,-1,2,-1,3,1,1,PRIMARY_MINIMAL,RECALL_TARGET_MISS,,RECALL_TARGET_MISS|NA|L2|COVERS_CHANGE|EXISTING_LEXICON_TERM|RAW_MISS,,True
d055,r1,d055:r1:e0,r1:t1,点药,STRUCTURAL_COMPOSITION_SUPPORTED,HIGH,TARGET_NOT_IN_LEXICON,,15,17,15,17,2,1,INVALID_LEXICAL_TARGET,OUTSIDE_CURRENT_CONTRACT,,OUTSIDE_CURRENT_CONTRACT|NA|L2|COVERS_CHANGE|STRUCTURAL_COMPOSITION_SUPPORTED|OTHER_STAGE,structural_composition_lacks_independent_lexical_identity,False
d055,r2,d055:r2:e0,r2:t1,个血,STRUCTURAL_COMPOSITION_SUPPORTED,HIGH,TARGET_NOT_IN_LEXICON,,19,21,19,21,2,1,INVALID_LEXICAL_TARGET,OUTSIDE_CURRENT_CONTRACT,,OUTSIDE_CURRENT_CONTRACT|NA|L2|COVERS_CHANGE|STRUCTURAL_COMPOSITION_SUPPORTED|OTHER_STAGE,structural_composition_lacks_independent_lexical_identity,False
d056,r0,d056:r0:e0,r0:t1,挂号处,EXISTING_LEXICON_TERM,HIGH,RECALL_TARGET_MISS,,-1,3,-1,3,1,1,PRIMARY_MINIMAL,RECALL_TARGET_MISS,,RECALL_TARGET_MISS|NA|L3|COVERS_CHANGE|EXISTING_LEXICON_TERM|RAW_MISS,,True
d056,r0,d056:r0:e0,r0:t1:n1,处,EXISTING_LEXICON_TERM,HIGH,RECALL_TARGET_MISS,,2,3,-1,3,1,1,PARTIAL_INSUFFICIENT,OUTSIDE_CURRENT_CONTRACT,,OUTSIDE_CURRENT_CONTRACT|NA|L1|COVERS_CHANGE|EXISTING_LEXICON_TERM|OTHER_STAGE,,True
d056,r1,d056:r1:e0,r1:t1,内科,EXISTING_LEXICON_TERM,HIGH,QUERY_NOT_REPAIR_CAPABLE,RETRY_REGION_PARTIAL_COVERAGE,5,7,5,8,1,1,PRIMARY_MINIMAL,QUERY_NOT_REPAIR_CAPABLE,RETRY_REGION_PARTIAL_COVERAGE,QUERY_NOT_REPAIR_CAPABLE|RETRY_REGION_PARTIAL_COVERAGE|L2|COVERS_CHANGE|EXISTING_LEXICON_TERM|QUERY_FAIL,,True
d056,r1,d056:r1:e0,r1:t1:n1,科,EXISTING_LEXICON_TERM,HIGH,QUERY_NOT_REPAIR_CAPABLE,RETRY_REGION_PARTIAL_COVERAGE,6,7,5,8,1,1,PARTIAL_INSUFFICIENT,OUTSIDE_CURRENT_CONTRACT,,OUTSIDE_CURRENT_CONTRACT|NA|L1|COVERS_CHANGE|EXISTING_LEXICON_TERM|OTHER_STAGE,,True
d059,r0,d059:r0:e0,r0:t1,四十码,EXISTING_LEXICON_TERM,HIGH,QUERY_NOT_REPAIR_CAPABLE,RETRY_REGION_PARTIAL_COVERAGE,6,9,6,8,2,1,PRIMARY_MINIMAL,QUERY_NOT_REPAIR_CAPABLE,RETRY_REGION_PARTIAL_COVERAGE,QUERY_NOT_REPAIR_CAPABLE|RETRY_REGION_PARTIAL_COVERAGE|L3|COVERS_CHANGE|EXISTING_LEXICON_TERM|QUERY_FAIL,,True
d059,r0,d059:r0:e0,r0:t1:n1,四,EXISTING_LEXICON_TERM,HIGH,QUERY_NOT_REPAIR_CAPABLE,RETRY_REGION_PARTIAL_COVERAGE,6,7,6,8,1,1,PARTIAL_INSUFFICIENT,OUTSIDE_CURRENT_CONTRACT,,OUTSIDE_CURRENT_CONTRACT|NA|L1|COVERS_CHANGE|EXISTING_LEXICON_TERM|OTHER_STAGE,,True
d059,r0,d059:r0:e0,r0:t1:n2,十,EXISTING_LEXICON_TERM,HIGH,QUERY_NOT_REPAIR_CAPABLE,RETRY_REGION_PARTIAL_COVERAGE,7,8,6,8,1,1,PARTIAL_INSUFFICIENT,OUTSIDE_CURRENT_CONTRACT,,OUTSIDE_CURRENT_CONTRACT|NA|L1|COVERS_CHANGE|EXISTING_LEXICON_TERM|OTHER_STAGE,,True
d059,r1,d059:r1:eX,r1:t1,四十码,EXISTING_LEXICON_TERM,HIGH,QUERY_NOT_REPAIR_CAPABLE,RETRY_REGION_PARTIAL_COVERAGE,6,9,8,12,0,0,CONTEXT_SUPPORT,OUTSIDE_CURRENT_CONTRACT,,OUTSIDE_CURRENT_CONTRACT|NA|L3|NO_CHANGE_OV|EXISTING_LEXICON_TERM|OTHER_STAGE,zero_changed_element_overlap,True
d059,r2,d059:r2:e0,r2:t1,合适,EXISTING_LEXICON_TERM,HIGH,QUERY_NOT_REPAIR_CAPABLE,RETRY_REGION_PARTIAL_COVERAGE,12,14,11,14,1,1,PRIMARY_MINIMAL,QUERY_NOT_REPAIR_CAPABLE,RETRY_REGION_PARTIAL_COVERAGE,QUERY_NOT_REPAIR_CAPABLE|RETRY_REGION_PARTIAL_COVERAGE|L2|COVERS_CHANGE|EXISTING_LEXICON_TERM|QUERY_FAIL,,True
d059,r3,d059:r3:e0,r3:t1,可以退,STRUCTURAL_COMPOSITION_SUPPORTED,HIGH,TARGET_NOT_IN_LEXICON,,17,20,17,20,1,1,INVALID_LEXICAL_TARGET,OUTSIDE_CURRENT_CONTRACT,,OUTSIDE_CURRENT_CONTRACT|NA|L3|COVERS_CHANGE|STRUCTURAL_COMPOSITION_SUPPORTED|OTHER_STAGE,structural_composition_lacks_independent_lexical_identity,False
d060,r0,d060:r0:e0,r0:t1,订单,EXISTING_LEXICON_TERM,HIGH,QUERY_NOT_REPAIR_CAPABLE,RETRY_REGION_PARTIAL_COVERAGE,9,11,9,11,2,1,PRIMARY_MINIMAL,QUERY_NOT_REPAIR_CAPABLE,RETRY_REGION_PARTIAL_COVERAGE,QUERY_NOT_REPAIR_CAPABLE|RETRY_REGION_PARTIAL_COVERAGE|L2|COVERS_CHANGE|EXISTING_LEXICON_TERM|QUERY_FAIL,,True
d060,r0,d060:r0:e0,r0:t1:n1,订,EXISTING_LEXICON_TERM,HIGH,QUERY_NOT_REPAIR_CAPABLE,RETRY_REGION_PARTIAL_COVERAGE,9,10,9,11,1,1,PARTIAL_INSUFFICIENT,OUTSIDE_CURRENT_CONTRACT,,OUTSIDE_CURRENT_CONTRACT|NA|L1|COVERS_CHANGE|EXISTING_LEXICON_TERM|OTHER_STAGE,,True
d060,r0,d060:r0:e0,r0:t1:n2,单,EXISTING_LEXICON_TERM,HIGH,QUERY_NOT_REPAIR_CAPABLE,RETRY_REGION_PARTIAL_COVERAGE,10,11,9,11,1,1,PARTIAL_INSUFFICIENT,OUTSIDE_CURRENT_CONTRACT,,OUTSIDE_CURRENT_CONTRACT|NA|L1|COVERS_CHANGE|EXISTING_LEXICON_TERM|OTHER_STAGE,,True
d060,r1,d060:r1:e0,r1:t1,价格,EXISTING_LEXICON_TERM,HIGH,QUERY_NOT_REPAIR_CAPABLE,RETRY_REGION_PARTIAL_COVERAGE,14,16,12,15,1,1,PRIMARY_MINIMAL,QUERY_NOT_REPAIR_CAPABLE,RETRY_REGION_PARTIAL_COVERAGE,QUERY_NOT_REPAIR_CAPABLE|RETRY_REGION_PARTIAL_COVERAGE|L2|COVERS_CHANGE|EXISTING_LEXICON_TERM|QUERY_FAIL,,True
d060,r1,d060:r1:e0,r1:t1:n1,价,EXISTING_LEXICON_TERM,HIGH,QUERY_NOT_REPAIR_CAPABLE,RETRY_REGION_PARTIAL_COVERAGE,14,15,12,15,1,1,PARTIAL_INSUFFICIENT,OUTSIDE_CURRENT_CONTRACT,,OUTSIDE_CURRENT_CONTRACT|NA|L1|COVERS_CHANGE|EXISTING_LEXICON_TERM|OTHER_STAGE,,True
d060,r2,d060:r2:e0,r2:t1,能再减,STRUCTURAL_COMPOSITION_SUPPORTED,HIGH,TARGET_NOT_IN_LEXICON,,20,23,20,23,1,1,INVALID_LEXICAL_TARGET,OUTSIDE_CURRENT_CONTRACT,,OUTSIDE_CURRENT_CONTRACT|NA|L3|COVERS_CHANGE|STRUCTURAL_COMPOSITION_SUPPORTED|OTHER_STAGE,structural_composition_lacks_independent_lexical_identity,False
d061,r0,d061:r0:e0,r0:t1,周末,EXISTING_LEXICON_TERM,HIGH,QUERY_NOT_REPAIR_CAPABLE,RETRY_REGION_PARTIAL_COVERAGE,-1,2,-1,2,2,1,PRIMARY_MINIMAL,QUERY_NOT_REPAIR_CAPABLE,RETRY_REGION_PARTIAL_COVERAGE,QUERY_NOT_REPAIR_CAPABLE|RETRY_REGION_PARTIAL_COVERAGE|L2|COVERS_CHANGE|EXISTING_LEXICON_TERM|QUERY_FAIL,,True
d061,r0,d061:r0:e0,r0:t1:n1,周,EXISTING_LEXICON_TERM,HIGH,QUERY_NOT_REPAIR_CAPABLE,RETRY_REGION_PARTIAL_COVERAGE,-1,1,-1,2,1,1,PARTIAL_INSUFFICIENT,OUTSIDE_CURRENT_CONTRACT,,OUTSIDE_CURRENT_CONTRACT|NA|L1|COVERS_CHANGE|EXISTING_LEXICON_TERM|OTHER_STAGE,,True
d061,r1,d061:r1:eX,r1:t1,不要,EXISTING_LEXICON_TERM,HIGH,RECALL_TARGET_MISS,,3,5,4,7,0,0,CONTEXT_SUPPORT,OUTSIDE_CURRENT_CONTRACT,,OUTSIDE_CURRENT_CONTRACT|NA|L2|NO_CHANGE_OV|EXISTING_LEXICON_TERM|OTHER_STAGE,zero_changed_element_overlap,True
d061,r2,d061:r2:eX,r2:t1,预报,EXISTING_LEXICON_TERM,HIGH,QUERY_NOT_REPAIR_CAPABLE,RETRY_REGION_PARTIAL_COVERAGE,13,15,13,16,0,0,CONTEXT_SUPPORT,OUTSIDE_CURRENT_CONTRACT,,OUTSIDE_CURRENT_CONTRACT|NA|L2|NO_CHANGE_OV|EXISTING_LEXICON_TERM|OTHER_STAGE,zero_changed_element_overlap,True
d061,r3,d061:r3:e0,r3:t1,记得,EXISTING_LEXICON_TERM,HIGH,QUERY_NOT_REPAIR_CAPABLE,RETRY_REGION_PARTIAL_COVERAGE,21,23,20,23,2,1,PRIMARY_MINIMAL,QUERY_NOT_REPAIR_CAPABLE,RETRY_REGION_PARTIAL_COVERAGE,QUERY_NOT_REPAIR_CAPABLE|RETRY_REGION_PARTIAL_COVERAGE|L2|COVERS_CHANGE|EXISTING_LEXICON_TERM|QUERY_FAIL,,True
d061,r3,d061:r3:e0,r3:t1:n1,记,EXISTING_LEXICON_TERM,HIGH,QUERY_NOT_REPAIR_CAPABLE,RETRY_REGION_PARTIAL_COVERAGE,21,22,20,23,1,1,PARTIAL_INSUFFICIENT,OUTSIDE_CURRENT_CONTRACT,,OUTSIDE_CURRENT_CONTRACT|NA|L1|COVERS_CHANGE|EXISTING_LEXICON_TERM|OTHER_STAGE,,True
d061,r3,d061:r3:e0,r3:t1:n2,得,EXISTING_LEXICON_TERM,HIGH,QUERY_NOT_REPAIR_CAPABLE,RETRY_REGION_PARTIAL_COVERAGE,22,23,20,23,1,1,PARTIAL_INSUFFICIENT,OUTSIDE_CURRENT_CONTRACT,,OUTSIDE_CURRENT_CONTRACT|NA|L1|COVERS_CHANGE|EXISTING_LEXICON_TERM|OTHER_STAGE,,True
d062,r0,d062:r0:eX,r0:t1,吃饭,EXISTING_LEXICON_TERM,HIGH,RECALL_TARGET_MISS,,4,6,4,8,0,0,CONTEXT_SUPPORT,OUTSIDE_CURRENT_CONTRACT,,OUTSIDE_CURRENT_CONTRACT|NA|L2|NO_CHANGE_OV|EXISTING_LEXICON_TERM|OTHER_STAGE,zero_changed_element_overlap,True
d062,r1,d062:r1:eX,r1:t1,大概,EXISTING_LEXICON_TERM,HIGH,RECALL_TARGET_MISS,,18,20,18,21,0,0,CONTEXT_SUPPORT,OUTSIDE_CURRENT_CONTRACT,,OUTSIDE_CURRENT_CONTRACT|NA|L2|NO_CHANGE_OV|EXISTING_LEXICON_TERM|OTHER_STAGE,zero_changed_element_overlap,True
d063,r0,d063:r0:eX,r0:t1,手机,EXISTING_LEXICON_TERM,HIGH,QUERY_NOT_REPAIR_CAPABLE,RETRY_REGION_PARTIAL_COVERAGE,12,14,13,16,0,0,CONTEXT_SUPPORT,OUTSIDE_CURRENT_CONTRACT,,OUTSIDE_CURRENT_CONTRACT|NA|L2|NO_CHANGE_OV|EXISTING_LEXICON_TERM|OTHER_STAGE,zero_changed_element_overlap,True
d064,r0,d064:r0:e0,r0:t1,选生城,STRUCTURAL_COMPOSITION_SUPPORTED,HIGH,TARGET_NOT_IN_LEXICON,,10,13,10,13,1,1,INVALID_LEXICAL_TARGET,OUTSIDE_CURRENT_CONTRACT,,OUTSIDE_CURRENT_CONTRACT|NA|L3|COVERS_CHANGE|STRUCTURAL_COMPOSITION_SUPPORTED|OTHER_STAGE,structural_composition_lacks_independent_lexical_identity,False
d064,r1,d064:r1:eX,r1:t1,相关,EXISTING_LEXICON_TERM,HIGH,QUERY_NOT_REPAIR_CAPABLE,RETRY_REGION_PARTIAL_COVERAGE,13,15,14,17,0,0,CONTEXT_SUPPORT,OUTSIDE_CURRENT_CONTRACT,,OUTSIDE_CURRENT_CONTRACT|NA|L2|NO_CHANGE_OV|EXISTING_LEXICON_TERM|OTHER_STAGE,zero_changed_element_overlap,True
d064,r2,d064:r2:e0,r2:t1,选生城,STRUCTURAL_COMPOSITION_SUPPORTED,HIGH,TARGET_NOT_IN_LEXICON,,17,20,17,20,1,1,INVALID_LEXICAL_TARGET,OUTSIDE_CURRENT_CONTRACT,,OUTSIDE_CURRENT_CONTRACT|NA|L3|COVERS_CHANGE|STRUCTURAL_COMPOSITION_SUPPORTED|OTHER_STAGE,structural_composition_lacks_independent_lexical_identity,False
d064,r3,d064:r3:e0,r3:t1,上线,EXISTING_LEXICON_TERM,HIGH,QUERY_NOT_REPAIR_CAPABLE,RETRY_REGION_PARTIAL_COVERAGE,23,25,21,24,1,1,PRIMARY_MINIMAL,QUERY_NOT_REPAIR_CAPABLE,RETRY_REGION_PARTIAL_COVERAGE,QUERY_NOT_REPAIR_CAPABLE|RETRY_REGION_PARTIAL_COVERAGE|L2|COVERS_CHANGE|EXISTING_LEXICON_TERM|QUERY_FAIL,,True
d064,r3,d064:r3:e0,r3:t1:n1,上,EXISTING_LEXICON_TERM,HIGH,QUERY_NOT_REPAIR_CAPABLE,RETRY_REGION_PARTIAL_COVERAGE,23,24,21,24,1,1,PARTIAL_INSUFFICIENT,OUTSIDE_CURRENT_CONTRACT,,OUTSIDE_CURRENT_CONTRACT|NA|L1|COVERS_CHANGE|EXISTING_LEXICON_TERM|OTHER_STAGE,,True
d064,r4,d064:r4:eX,r4:t1,上线,EXISTING_LEXICON_TERM,HIGH,QUERY_NOT_REPAIR_CAPABLE,RETRY_REGION_PARTIAL_COVERAGE,23,25,24,27,0,0,CONTEXT_SUPPORT,OUTSIDE_CURRENT_CONTRACT,,OUTSIDE_CURRENT_CONTRACT|NA|L2|NO_CHANGE_OV|EXISTING_LEXICON_TERM|OTHER_STAGE,zero_changed_element_overlap,True
d065,r0,d065:r0:e0,r0:t1,们先对齐,STRUCTURAL_COMPOSITION_SUPPORTED,HIGH,TARGET_NOT_IN_LEXICON,,5,9,5,9,4,1,INVALID_LEXICAL_TARGET,OUTSIDE_CURRENT_CONTRACT,,OUTSIDE_CURRENT_CONTRACT|NA|L4p|COVERS_CHANGE|STRUCTURAL_COMPOSITION_SUPPORTED|OTHER_STAGE,structural_composition_lacks_independent_lexical_identity,False
d065,r1,d065:r1:e0,r1:t1,上线,EXISTING_LEXICON_TERM,HIGH,QUERY_NOT_REPAIR_CAPABLE,RETRY_REGION_PARTIAL_COVERAGE,9,11,10,13,1,1,ALTERNATIVE_MINIMAL,QUERY_NOT_REPAIR_CAPABLE,RETRY_REGION_PARTIAL_COVERAGE,QUERY_NOT_REPAIR_CAPABLE|RETRY_REGION_PARTIAL_COVERAGE|L2|COVERS_CHANGE|EXISTING_LEXICON_TERM|QUERY_FAIL,,True
d065,r1,d065:r1:e0,r1:t2,计划,EXISTING_LEXICON_TERM,HIGH,QUERY_NOT_REPAIR_CAPABLE,RETRY_REGION_PARTIAL_COVERAGE,11,13,10,13,2,1,ALTERNATIVE_MINIMAL,QUERY_NOT_REPAIR_CAPABLE,RETRY_REGION_PARTIAL_COVERAGE,QUERY_NOT_REPAIR_CAPABLE|RETRY_REGION_PARTIAL_COVERAGE|L2|COVERS_CHANGE|EXISTING_LEXICON_TERM|QUERY_FAIL,,True
d065,r1,d065:r1:e0,r1:t1:n1,线,EXISTING_LEXICON_TERM,HIGH,QUERY_NOT_REPAIR_CAPABLE,RETRY_REGION_PARTIAL_COVERAGE,10,11,10,13,1,1,PARTIAL_INSUFFICIENT,OUTSIDE_CURRENT_CONTRACT,,OUTSIDE_CURRENT_CONTRACT|NA|L1|COVERS_CHANGE|EXISTING_LEXICON_TERM|OTHER_STAGE,,True
d065,r1,d065:r1:e0,r1:t2:n2,计,EXISTING_LEXICON_TERM,HIGH,QUERY_NOT_REPAIR_CAPABLE,RETRY_REGION_PARTIAL_COVERAGE,11,12,10,13,1,1,PARTIAL_INSUFFICIENT,OUTSIDE_CURRENT_CONTRACT,,OUTSIDE_CURRENT_CONTRACT|NA|L1|COVERS_CHANGE|EXISTING_LEXICON_TERM|OTHER_STAGE,,True
d065,r1,d065:r1:e0,r1:t2:n3,划,EXISTING_LEXICON_TERM,HIGH,QUERY_NOT_REPAIR_CAPABLE,RETRY_REGION_PARTIAL_COVERAGE,12,13,10,13,1,1,PARTIAL_INSUFFICIENT,OUTSIDE_CURRENT_CONTRACT,,OUTSIDE_CURRENT_CONTRACT|NA|L1|COVERS_CHANGE|EXISTING_LEXICON_TERM|OTHER_STAGE,,True
d065,r2,d065:r2:e0,r2:t1,后选生,STRUCTURAL_COMPOSITION_SUPPORTED,HIGH,TARGET_NOT_IN_LEXICON,,16,19,16,19,1,1,INVALID_LEXICAL_TARGET,OUTSIDE_CURRENT_CONTRACT,,OUTSIDE_CURRENT_CONTRACT|NA|L3|COVERS_CHANGE|STRUCTURAL_COMPOSITION_SUPPORTED|OTHER_STAGE,structural_composition_lacks_independent_lexical_identity,False
d065,r3,d065:r3:e0,r3:t1,生城模,STRUCTURAL_COMPOSITION_SUPPORTED,HIGH,TARGET_NOT_IN_LEXICON,,18,21,18,21,1,1,INVALID_LEXICAL_TARGET,OUTSIDE_CURRENT_CONTRACT,,OUTSIDE_CURRENT_CONTRACT|NA|L3|COVERS_CHANGE|STRUCTURAL_COMPOSITION_SUPPORTED|OTHER_STAGE,structural_composition_lacks_independent_lexical_identity,False
d065,r4,d065:r4:e0,r4:t1,联调,EXISTING_LEXICON_TERM,HIGH,QUERY_NOT_REPAIR_CAPABLE,RETRY_REGION_PARTIAL_COVERAGE,24,26,24,27,2,1,PRIMARY_MINIMAL,QUERY_NOT_REPAIR_CAPABLE,RETRY_REGION_PARTIAL_COVERAGE,QUERY_NOT_REPAIR_CAPABLE|RETRY_REGION_PARTIAL_COVERAGE|L2|COVERS_CHANGE|EXISTING_LEXICON_TERM|QUERY_FAIL,,True
d065,r4,d065:r4:e0,r4:t1:n1,调,EXISTING_LEXICON_TERM,HIGH,QUERY_NOT_REPAIR_CAPABLE,RETRY_REGION_PARTIAL_COVERAGE,25,26,24,27,1,1,PARTIAL_INSUFFICIENT,OUTSIDE_CURRENT_CONTRACT,,OUTSIDE_CURRENT_CONTRACT|NA|L1|COVERS_CHANGE|EXISTING_LEXICON_TERM|OTHER_STAGE,,True
d066,r0,d066:r0:e0,r0:t1,生成,EXISTING_LEXICON_TERM,HIGH,RECALL_TARGET_MISS,,6,8,7,10,1,1,ALTERNATIVE_MINIMAL,RECALL_TARGET_MISS,,RECALL_TARGET_MISS|NA|L2|COVERS_CHANGE|EXISTING_LEXICON_TERM|RAW_MISS,,True
d066,r0,d066:r0:e0,r0:t2,链路,EXISTING_LEXICON_TERM,HIGH,RECALL_TARGET_MISS,,8,10,7,10,2,1,ALTERNATIVE_MINIMAL,RECALL_TARGET_MISS,,RECALL_TARGET_MISS|NA|L2|COVERS_CHANGE|EXISTING_LEXICON_TERM|RAW_MISS,,True
d066,r0,d066:r0:e0,r0:t1:n1,成,EXISTING_LEXICON_TERM,HIGH,RECALL_TARGET_MISS,,7,8,7,10,1,1,PARTIAL_INSUFFICIENT,OUTSIDE_CURRENT_CONTRACT,,OUTSIDE_CURRENT_CONTRACT|NA|L1|COVERS_CHANGE|EXISTING_LEXICON_TERM|OTHER_STAGE,,True
d066,r0,d066:r0:e0,r0:t2:n2,路,EXISTING_LEXICON_TERM,HIGH,RECALL_TARGET_MISS,,9,10,7,10,1,1,PARTIAL_INSUFFICIENT,OUTSIDE_CURRENT_CONTRACT,,OUTSIDE_CURRENT_CONTRACT|NA|L1|COVERS_CHANGE|EXISTING_LEXICON_TERM|OTHER_STAGE,,True
d066,r1,d066:r1:e0,r1:t1,监控,EXISTING_LEXICON_TERM,HIGH,QUERY_NOT_REPAIR_CAPABLE,RETRY_REGION_PARTIAL_COVERAGE,12,14,12,15,2,1,PRIMARY_MINIMAL,QUERY_NOT_REPAIR_CAPABLE,RETRY_REGION_PARTIAL_COVERAGE,QUERY_NOT_REPAIR_CAPABLE|RETRY_REGION_PARTIAL_COVERAGE|L2|COVERS_CHANGE|EXISTING_LEXICON_TERM|QUERY_FAIL,,True
d066,r1,d066:r1:e0,r1:t1:n1,控,EXISTING_LEXICON_TERM,HIGH,QUERY_NOT_REPAIR_CAPABLE,RETRY_REGION_PARTIAL_COVERAGE,13,14,12,15,1,1,PARTIAL_INSUFFICIENT,OUTSIDE_CURRENT_CONTRACT,,OUTSIDE_CURRENT_CONTRACT|NA|L1|COVERS_CHANGE|EXISTING_LEXICON_TERM|OTHER_STAGE,,True
d066,r2,d066:r2:e0,r2:t1,计划,EXISTING_LEXICON_TERM,HIGH,QUERY_NOT_REPAIR_CAPABLE,RETRY_REGION_PARTIAL_COVERAGE,17,19,17,19,2,1,PRIMARY_MINIMAL,QUERY_NOT_REPAIR_CAPABLE,RETRY_REGION_PARTIAL_COVERAGE,QUERY_NOT_REPAIR_CAPABLE|RETRY_REGION_PARTIAL_COVERAGE|L2|COVERS_CHANGE|EXISTING_LEXICON_TERM|QUERY_FAIL,,True
d066,r2,d066:r2:e0,r2:t1:n1,计,EXISTING_LEXICON_TERM,HIGH,QUERY_NOT_REPAIR_CAPABLE,RETRY_REGION_PARTIAL_COVERAGE,17,18,17,19,1,1,PARTIAL_INSUFFICIENT,OUTSIDE_CURRENT_CONTRACT,,OUTSIDE_CURRENT_CONTRACT|NA|L1|COVERS_CHANGE|EXISTING_LEXICON_TERM|OTHER_STAGE,,True
d066,r2,d066:r2:e0,r2:t1:n2,划,EXISTING_LEXICON_TERM,HIGH,QUERY_NOT_REPAIR_CAPABLE,RETRY_REGION_PARTIAL_COVERAGE,18,19,17,19,1,1,PARTIAL_INSUFFICIENT,OUTSIDE_CURRENT_CONTRACT,,OUTSIDE_CURRENT_CONTRACT|NA|L1|COVERS_CHANGE|EXISTING_LEXICON_TERM|OTHER_STAGE,,True
d066,r3,d066:r3:e0,r3:t1,文档,EXISTING_LEXICON_TERM,HIGH,QUERY_NOT_REPAIR_CAPABLE,RETRY_REGION_PARTIAL_COVERAGE,19,21,19,22,1,1,PRIMARY_MINIMAL,QUERY_NOT_REPAIR_CAPABLE,RETRY_REGION_PARTIAL_COVERAGE,QUERY_NOT_REPAIR_CAPABLE|RETRY_REGION_PARTIAL_COVERAGE|L2|COVERS_CHANGE|EXISTING_LEXICON_TERM|QUERY_FAIL,,True
d066,r3,d066:r3:e0,r3:t1:n1,档,EXISTING_LEXICON_TERM,HIGH,QUERY_NOT_REPAIR_CAPABLE,RETRY_REGION_PARTIAL_COVERAGE,20,21,19,22,1,1,PARTIAL_INSUFFICIENT,OUTSIDE_CURRENT_CONTRACT,,OUTSIDE_CURRENT_CONTRACT|NA|L1|COVERS_CHANGE|EXISTING_LEXICON_TERM|OTHER_STAGE,,True
d067,r0,d067:r0:e0,r0:t1,订单,EXISTING_LEXICON_TERM,HIGH,RECALL_TARGET_MISS,,4,6,4,7,2,1,ALTERNATIVE_MINIMAL,RECALL_TARGET_MISS,,RECALL_TARGET_MISS|NA|L2|COVERS_CHANGE|EXISTING_LEXICON_TERM|RAW_MISS,,True
d067,r0,d067:r0:e0,r0:t2,显示,EXISTING_LEXICON_TERM,HIGH,RECALL_TARGET_MISS,,6,8,4,7,1,1,ALTERNATIVE_MINIMAL,RECALL_TARGET_MISS,,RECALL_TARGET_MISS|NA|L2|COVERS_CHANGE|EXISTING_LEXICON_TERM|RAW_MISS,,True
d067,r0,d067:r0:e0,r0:t1:n1,订,EXISTING_LEXICON_TERM,HIGH,RECALL_TARGET_MISS,,4,5,4,7,1,1,PARTIAL_INSUFFICIENT,OUTSIDE_CURRENT_CONTRACT,,OUTSIDE_CURRENT_CONTRACT|NA|L1|COVERS_CHANGE|EXISTING_LEXICON_TERM|OTHER_STAGE,,True
d067,r0,d067:r0:e0,r0:t1:n2,单,EXISTING_LEXICON_TERM,HIGH,RECALL_TARGET_MISS,,5,6,4,7,1,1,PARTIAL_INSUFFICIENT,OUTSIDE_CURRENT_CONTRACT,,OUTSIDE_CURRENT_CONTRACT|NA|L1|COVERS_CHANGE|EXISTING_LEXICON_TERM|OTHER_STAGE,,True
d067,r1,d067:r1:e0,r1:t1,能帮我,STRUCTURAL_COMPOSITION_SUPPORTED,HIGH,TARGET_NOT_IN_LEXICON,,20,23,20,23,1,1,INVALID_LEXICAL_TARGET,OUTSIDE_CURRENT_CONTRACT,,OUTSIDE_CURRENT_CONTRACT|NA|L3|COVERS_CHANGE|STRUCTURAL_COMPOSITION_SUPPORTED|OTHER_STAGE,structural_composition_lacks_independent_lexical_identity,False
d071,r0,d071:r0:eX,r0:t1,看待,EXISTING_LEXICON_TERM,HIGH,RECALL_TARGET_MISS,,3,5,3,6,0,0,CONTEXT_SUPPORT,OUTSIDE_CURRENT_CONTRACT,,OUTSIDE_CURRENT_CONTRACT|NA|L2|NO_CHANGE_OV|EXISTING_LEXICON_TERM|OTHER_STAGE,zero_changed_element_overlap,True
d071,r1,d071:r1:e0,r1:t2,协作,EXISTING_LEXICON_TERM,HIGH,RECALL_TARGET_MISS,,8,10,6,9,1,1,PRIMARY_MINIMAL,RECALL_TARGET_MISS,,RECALL_TARGET_MISS|NA|L2|COVERS_CHANGE|EXISTING_LEXICON_TERM|RAW_MISS,,True
d071,r1,d071:r1:eX,r1:t1,团队,EXISTING_LEXICON_TERM,HIGH,RECALL_TARGET_MISS,,6,8,6,9,0,0,CONTEXT_SUPPORT,OUTSIDE_CURRENT_CONTRACT,,OUTSIDE_CURRENT_CONTRACT|NA|L2|NO_CHANGE_OV|EXISTING_LEXICON_TERM|OTHER_STAGE,zero_changed_element_overlap,True
d071,r2,d071:r2:e0,r2:t2,变更,EXISTING_LEXICON_TERM,HIGH,QUERY_NOT_REPAIR_CAPABLE,RETRY_REGION_PARTIAL_COVERAGE,15,17,13,16,1,1,PRIMARY_MINIMAL,QUERY_NOT_REPAIR_CAPABLE,RETRY_REGION_PARTIAL_COVERAGE,QUERY_NOT_REPAIR_CAPABLE|RETRY_REGION_PARTIAL_COVERAGE|L2|COVERS_CHANGE|EXISTING_LEXICON_TERM|QUERY_FAIL,,True
d071,r2,d071:r2:e0,r2:t2:n1,变,EXISTING_LEXICON_TERM,HIGH,QUERY_NOT_REPAIR_CAPABLE,RETRY_REGION_PARTIAL_COVERAGE,15,16,13,16,1,1,PARTIAL_INSUFFICIENT,OUTSIDE_CURRENT_CONTRACT,,OUTSIDE_CURRENT_CONTRACT|NA|L1|COVERS_CHANGE|EXISTING_LEXICON_TERM|OTHER_STAGE,,True
d071,r2,d071:r2:eX,r2:t1,需求,EXISTING_LEXICON_TERM,HIGH,QUERY_NOT_REPAIR_CAPABLE,RETRY_REGION_PARTIAL_COVERAGE,13,15,13,16,0,0,CONTEXT_SUPPORT,OUTSIDE_CURRENT_CONTRACT,,OUTSIDE_CURRENT_CONTRACT|NA|L2|NO_CHANGE_OV|EXISTING_LEXICON_TERM|OTHER_STAGE,zero_changed_element_overlap,True
d072,r0,d072:r0:e0,r0:t1,薪资,STRUCTURAL_COMPOSITION_SUPPORTED,HIGH,TARGET_NOT_IN_LEXICON,,2,4,2,4,2,1,INVALID_LEXICAL_TARGET,OUTSIDE_CURRENT_CONTRACT,,OUTSIDE_CURRENT_CONTRACT|NA|L2|COVERS_CHANGE|STRUCTURAL_COMPOSITION_SUPPORTED|OTHER_STAGE,structural_composition_lacks_independent_lexical_identity,False
d073,r0,d073:r0:e0,r0:t1,老师,EXISTING_LEXICON_TERM,HIGH,RECALL_TARGET_MISS,,-1,2,1,4,1,1,PRIMARY_MINIMAL,RECALL_TARGET_MISS,,RECALL_TARGET_MISS|NA|L2|COVERS_CHANGE|EXISTING_LEXICON_TERM|RAW_MISS,,True
d073,r1,d073:r1:e0,r1:t1,步骤,EXISTING_LEXICON_TERM,HIGH,QUERY_NOT_REPAIR_CAPABLE,RETRY_REGION_PARTIAL_COVERAGE,9,11,8,11,1,1,PRIMARY_MINIMAL,QUERY_NOT_REPAIR_CAPABLE,RETRY_REGION_PARTIAL_COVERAGE,QUERY_NOT_REPAIR_CAPABLE|RETRY_REGION_PARTIAL_COVERAGE|L2|COVERS_CHANGE|EXISTING_LEXICON_TERM|QUERY_FAIL,,True
d074,r1,d074:r1:e0,r1:t1,提交,EXISTING_LEXICON_TERM,HIGH,QUERY_NOT_REPAIR_CAPABLE,RETRY_REGION_PARTIAL_COVERAGE,16,18,17,20,1,1,PRIMARY_MINIMAL,QUERY_NOT_REPAIR_CAPABLE,RETRY_REGION_PARTIAL_COVERAGE,QUERY_NOT_REPAIR_CAPABLE|RETRY_REGION_PARTIAL_COVERAGE|L2|COVERS_CHANGE|EXISTING_LEXICON_TERM|QUERY_FAIL,,True
d074,r1,d074:r1:e0,r1:t1:n1,交,EXISTING_LEXICON_TERM,HIGH,QUERY_NOT_REPAIR_CAPABLE,RETRY_REGION_PARTIAL_COVERAGE,17,18,17,20,1,1,PARTIAL_INSUFFICIENT,OUTSIDE_CURRENT_CONTRACT,,OUTSIDE_CURRENT_CONTRACT|NA|L1|COVERS_CHANGE|EXISTING_LEXICON_TERM|OTHER_STAGE,,True
d075,r0,d075:r0:e0,r0:t1,这门课,STRUCTURAL_COMPOSITION_SUPPORTED,HIGH,TARGET_NOT_IN_LEXICON,,2,5,2,5,1,1,INVALID_LEXICAL_TARGET,OUTSIDE_CURRENT_CONTRACT,,OUTSIDE_CURRENT_CONTRACT|NA|L3|COVERS_CHANGE|STRUCTURAL_COMPOSITION_SUPPORTED|OTHER_STAGE,structural_composition_lacks_independent_lexical_identity,False
d075,r2,d075:r2:eX,r2:t1,重点,EXISTING_LEXICON_TERM,HIGH,QUERY_NOT_REPAIR_CAPABLE,RETRY_REGION_PARTIAL_COVERAGE,15,17,16,19,0,0,CONTEXT_SUPPORT,OUTSIDE_CURRENT_CONTRACT,,OUTSIDE_CURRENT_CONTRACT|NA|L2|NO_CHANGE_OV|EXISTING_LEXICON_TERM|OTHER_STAGE,zero_changed_element_overlap,True
d076,r0,d076:r0:e0,r0:t1,预订,EXISTING_LEXICON_TERM,HIGH,RECALL_TARGET_MISS,,1,3,-1,3,1,1,PRIMARY_MINIMAL,RECALL_TARGET_MISS,,RECALL_TARGET_MISS|NA|L2|COVERS_CHANGE|EXISTING_LEXICON_TERM|RAW_MISS,,True
d076,r0,d076:r0:e0,r0:t1:n1,订,EXISTING_LEXICON_TERM,HIGH,RECALL_TARGET_MISS,,2,3,-1,3,1,1,PARTIAL_INSUFFICIENT,OUTSIDE_CURRENT_CONTRACT,,OUTSIDE_CURRENT_CONTRACT|NA|L1|COVERS_CHANGE|EXISTING_LEXICON_TERM|OTHER_STAGE,,True
d076,r1,d076:r1:e0,r1:t1,大床房,EXISTING_LEXICON_TERM,HIGH,RECALL_TARGET_MISS,,5,8,3,6,1,1,SUPERSET_REDUNDANT,OUTSIDE_CURRENT_CONTRACT,,OUTSIDE_CURRENT_CONTRACT|NA|L3|COVERS_CHANGE|EXISTING_LEXICON_TERM|OTHER_STAGE,,True
d076,r1,d076:r1:e0,r1:t1:n1,大,EXISTING_LEXICON_TERM,HIGH,RECALL_TARGET_MISS,,5,6,3,6,1,1,PARTIAL_INSUFFICIENT,OUTSIDE_CURRENT_CONTRACT,,OUTSIDE_CURRENT_CONTRACT|NA|L1|COVERS_CHANGE|EXISTING_LEXICON_TERM|OTHER_STAGE,,True
d076,r1,d076:r1:e0,r1:t1:n2,大床,EXISTING_LEXICON_TERM,HIGH,RECALL_TARGET_MISS,,5,7,3,6,1,1,PRIMARY_MINIMAL,RECALL_TARGET_MISS,,RECALL_TARGET_MISS|NA|L2|COVERS_CHANGE|EXISTING_LEXICON_TERM|RAW_MISS,,True
d078,r0,d078:r0:e0,r0:t1,不太制,STRUCTURAL_COMPOSITION_SUPPORTED,HIGH,TARGET_NOT_IN_LEXICON,,4,7,4,7,1,1,INVALID_LEXICAL_TARGET,OUTSIDE_CURRENT_CONTRACT,,OUTSIDE_CURRENT_CONTRACT|NA|L3|COVERS_CHANGE|STRUCTURAL_COMPOSITION_SUPPORTED|OTHER_STAGE,structural_composition_lacks_independent_lexical_identity,False
d080,r0,d080:r0:e0,r0:t1,显示,EXISTING_LEXICON_TERM,HIGH,RECALL_TARGET_MISS,,4,6,-1,5,1,1,PRIMARY_MINIMAL,RECALL_TARGET_MISS,,RECALL_TARGET_MISS|NA|L2|COVERS_CHANGE|EXISTING_LEXICON_TERM|RAW_MISS,,True
d081,r0,d081:r0:e0,r0:t1,理财,EXISTING_LEXICON_TERM,HIGH,RECALL_TARGET_MISS,,2,4,3,5,1,1,ALTERNATIVE_MINIMAL,RECALL_TARGET_MISS,,RECALL_TARGET_MISS|NA|L2|COVERS_CHANGE|EXISTING_LEXICON_TERM|RAW_MISS,,True
d081,r0,d081:r0:e0,r0:t2,财产,EXISTING_LEXICON_TERM,HIGH,RECALL_TARGET_MISS,,3,5,3,5,2,1,ALTERNATIVE_MINIMAL,RECALL_TARGET_MISS,,RECALL_TARGET_MISS|NA|L2|COVERS_CHANGE|EXISTING_LEXICON_TERM|RAW_MISS,,True
d081,r0,d081:r0:e0,r0:t3,产品,EXISTING_LEXICON_TERM,HIGH,RECALL_TARGET_MISS,,4,6,3,5,1,1,ALTERNATIVE_MINIMAL,RECALL_TARGET_MISS,,RECALL_TARGET_MISS|NA|L2|COVERS_CHANGE|EXISTING_LEXICON_TERM|RAW_MISS,,True
d081,r1,d081:r1:e0,r1:t1,风险,EXISTING_LEXICON_TERM,HIGH,QUERY_NOT_REPAIR_CAPABLE,RETRY_REGION_PARTIAL_COVERAGE,7,9,7,9,2,1,PRIMARY_MINIMAL,QUERY_NOT_REPAIR_CAPABLE,RETRY_REGION_PARTIAL_COVERAGE,QUERY_NOT_REPAIR_CAPABLE|RETRY_REGION_PARTIAL_COVERAGE|L2|COVERS_CHANGE|EXISTING_LEXICON_TERM|QUERY_FAIL,,True
d081,r1,d081:r1:e0,r1:t1:n1,风,EXISTING_LEXICON_TERM,HIGH,QUERY_NOT_REPAIR_CAPABLE,RETRY_REGION_PARTIAL_COVERAGE,7,8,7,9,1,1,PARTIAL_INSUFFICIENT,OUTSIDE_CURRENT_CONTRACT,,OUTSIDE_CURRENT_CONTRACT|NA|L1|COVERS_CHANGE|EXISTING_LEXICON_TERM|OTHER_STAGE,,True
d081,r2,d081:r2:e0,r2:t1,等级,EXISTING_LEXICON_TERM,HIGH,QUERY_NOT_REPAIR_CAPABLE,RETRY_REGION_PARTIAL_COVERAGE,9,11,9,12,1,1,PRIMARY_MINIMAL,QUERY_NOT_REPAIR_CAPABLE,RETRY_REGION_PARTIAL_COVERAGE,QUERY_NOT_REPAIR_CAPABLE|RETRY_REGION_PARTIAL_COVERAGE|L2|COVERS_CHANGE|EXISTING_LEXICON_TERM|QUERY_FAIL,,True
d081,r2,d081:r2:e0,r2:t1:n1,级,EXISTING_LEXICON_TERM,HIGH,QUERY_NOT_REPAIR_CAPABLE,RETRY_REGION_PARTIAL_COVERAGE,10,11,9,12,1,1,PARTIAL_INSUFFICIENT,OUTSIDE_CURRENT_CONTRACT,,OUTSIDE_CURRENT_CONTRACT|NA|L1|COVERS_CHANGE|EXISTING_LEXICON_TERM|OTHER_STAGE,,True
d082,r0,d082:r0:e0,r0:t1,香菜,EXISTING_LEXICON_TERM,HIGH,QUERY_NOT_REPAIR_CAPABLE,RETRY_REGION_PARTIAL_COVERAGE,12,14,12,17,2,1,PRIMARY_MINIMAL,QUERY_NOT_REPAIR_CAPABLE,RETRY_REGION_PARTIAL_COVERAGE,QUERY_NOT_REPAIR_CAPABLE|RETRY_REGION_PARTIAL_COVERAGE|L2|COVERS_CHANGE|EXISTING_LEXICON_TERM|QUERY_FAIL,,True
d082,r0,d082:r0:e0,r0:t1:n1,香,EXISTING_LEXICON_TERM,HIGH,QUERY_NOT_REPAIR_CAPABLE,RETRY_REGION_PARTIAL_COVERAGE,12,13,12,17,1,1,PARTIAL_INSUFFICIENT,OUTSIDE_CURRENT_CONTRACT,,OUTSIDE_CURRENT_CONTRACT|NA|L1|COVERS_CHANGE|EXISTING_LEXICON_TERM|OTHER_STAGE,,True
d082,r0,d082:r0:e0,r0:t1:n2,菜,EXISTING_LEXICON_TERM,HIGH,QUERY_NOT_REPAIR_CAPABLE,RETRY_REGION_PARTIAL_COVERAGE,13,14,12,17,1,1,PARTIAL_INSUFFICIENT,OUTSIDE_CURRENT_CONTRACT,,OUTSIDE_CURRENT_CONTRACT|NA|L1|COVERS_CHANGE|EXISTING_LEXICON_TERM|OTHER_STAGE,,True
d083,r0,d083:r0:e0,r0:t1,一份凉,STRUCTURAL_COMPOSITION_SUPPORTED,HIGH,TARGET_NOT_IN_LEXICON,,14,17,14,17,1,1,INVALID_LEXICAL_TARGET,OUTSIDE_CURRENT_CONTRACT,,OUTSIDE_CURRENT_CONTRACT|NA|L3|COVERS_CHANGE|STRUCTURAL_COMPOSITION_SUPPORTED|OTHER_STAGE,structural_composition_lacks_independent_lexical_identity,False
d083,r1,d083:r1:e0,r1:t1,和一壶,STRUCTURAL_COMPOSITION_SUPPORTED,HIGH,TARGET_NOT_IN_LEXICON,,18,21,18,21,1,1,INVALID_LEXICAL_TARGET,OUTSIDE_CURRENT_CONTRACT,,OUTSIDE_CURRENT_CONTRACT|NA|L3|COVERS_CHANGE|STRUCTURAL_COMPOSITION_SUPPORTED|OTHER_STAGE,structural_composition_lacks_independent_lexical_identity,False
d084,r0,d084:r0:e0,r0:t1,打包,EXISTING_LEXICON_TERM,HIGH,RECALL_TARGET_MISS,,2,4,3,6,1,1,PRIMARY_MINIMAL,RECALL_TARGET_MISS,,RECALL_TARGET_MISS|NA|L2|COVERS_CHANGE|EXISTING_LEXICON_TERM|RAW_MISS,,True
d084,r0,d084:r0:e0,r0:t1:n1,包,EXISTING_LEXICON_TERM,HIGH,RECALL_TARGET_MISS,,3,4,3,6,1,1,PARTIAL_INSUFFICIENT,OUTSIDE_CURRENT_CONTRACT,,OUTSIDE_CURRENT_CONTRACT|NA|L1|COVERS_CHANGE|EXISTING_LEXICON_TERM|OTHER_STAGE,,True
d084,r2,d084:r2:e0,r2:t1,扫码,EXISTING_LEXICON_TERM,HIGH,QUERY_NOT_REPAIR_CAPABLE,RETRY_REGION_PARTIAL_COVERAGE,14,16,13,16,1,1,PRIMARY_MINIMAL,QUERY_NOT_REPAIR_CAPABLE,RETRY_REGION_PARTIAL_COVERAGE,QUERY_NOT_REPAIR_CAPABLE|RETRY_REGION_PARTIAL_COVERAGE|L2|COVERS_CHANGE|EXISTING_LEXICON_TERM|QUERY_FAIL,,True
d084,r2,d084:r2:e0,r2:t1:n1,码,EXISTING_LEXICON_TERM,HIGH,QUERY_NOT_REPAIR_CAPABLE,RETRY_REGION_PARTIAL_COVERAGE,15,16,13,16,1,1,PARTIAL_INSUFFICIENT,OUTSIDE_CURRENT_CONTRACT,,OUTSIDE_CURRENT_CONTRACT|NA|L1|COVERS_CHANGE|EXISTING_LEXICON_TERM|OTHER_STAGE,,True
d085,r0,d085:r0:e0,r0:t1,私教课,STRUCTURAL_COMPOSITION_SUPPORTED,HIGH,TARGET_NOT_IN_LEXICON,,-1,3,-1,3,1,1,INVALID_LEXICAL_TARGET,OUTSIDE_CURRENT_CONTRACT,,OUTSIDE_CURRENT_CONTRACT|NA|L3|COVERS_CHANGE|STRUCTURAL_COMPOSITION_SUPPORTED|OTHER_STAGE,structural_composition_lacks_independent_lexical_identity,False
d086,r0,d086:r0:e0,r0:t1,衣室柜子,STRUCTURAL_COMPOSITION_SUPPORTED,HIGH,TARGET_NOT_IN_LEXICON,,1,5,1,5,4,1,INVALID_LEXICAL_TARGET,OUTSIDE_CURRENT_CONTRACT,,OUTSIDE_CURRENT_CONTRACT|NA|L4p|COVERS_CHANGE|STRUCTURAL_COMPOSITION_SUPPORTED|OTHER_STAGE,structural_composition_lacks_independent_lexical_identity,False
d087,r0,d087:r0:eX,r0:t1,游泳,EXISTING_LEXICON_TERM,HIGH,RECALL_TARGET_MISS,,-1,2,-1,3,0,0,CONTEXT_SUPPORT,OUTSIDE_CURRENT_CONTRACT,,OUTSIDE_CURRENT_CONTRACT|NA|L2|NO_CHANGE_OV|EXISTING_LEXICON_TERM|OTHER_STAGE,zero_changed_element_overlap,True
d087,r1,d087:r1:e0,r1:t1,优惠,EXISTING_LEXICON_TERM,HIGH,QUERY_NOT_REPAIR_CAPABLE,RETRY_REGION_PARTIAL_COVERAGE,14,16,10,18,2,1,PRIMARY_MINIMAL,QUERY_NOT_REPAIR_CAPABLE,RETRY_REGION_PARTIAL_COVERAGE,QUERY_NOT_REPAIR_CAPABLE|RETRY_REGION_PARTIAL_COVERAGE|L2|COVERS_CHANGE|EXISTING_LEXICON_TERM|QUERY_FAIL,,True
d088,r0,d088:r0:e0,r0:t1,声城,STRUCTURAL_COMPOSITION_SUPPORTED,HIGH,TARGET_NOT_IN_LEXICON,,8,10,8,10,2,1,INVALID_LEXICAL_TARGET,OUTSIDE_CURRENT_CONTRACT,,OUTSIDE_CURRENT_CONTRACT|NA|L2|COVERS_CHANGE|STRUCTURAL_COMPOSITION_SUPPORTED|OTHER_STAGE,structural_composition_lacks_independent_lexical_identity,False
d088,r1,d088:r1:e0,r1:t1,方案,EXISTING_LEXICON_TERM,HIGH,QUERY_NOT_REPAIR_CAPABLE,RETRY_REGION_PARTIAL_COVERAGE,10,12,11,14,1,1,PRIMARY_MINIMAL,QUERY_NOT_REPAIR_CAPABLE,RETRY_REGION_PARTIAL_COVERAGE,QUERY_NOT_REPAIR_CAPABLE|RETRY_REGION_PARTIAL_COVERAGE|L2|COVERS_CHANGE|EXISTING_LEXICON_TERM|QUERY_FAIL,,True
d088,r1,d088:r1:e0,r1:t1:n1,案,EXISTING_LEXICON_TERM,HIGH,QUERY_NOT_REPAIR_CAPABLE,RETRY_REGION_PARTIAL_COVERAGE,11,12,11,14,1,1,PARTIAL_INSUFFICIENT,OUTSIDE_CURRENT_CONTRACT,,OUTSIDE_CURRENT_CONTRACT|NA|L1|COVERS_CHANGE|EXISTING_LEXICON_TERM|OTHER_STAGE,,True
d088,r2,d088:r2:e0,r2:t2,接口,EXISTING_LEXICON_TERM,HIGH,QUERY_NOT_REPAIR_CAPABLE,RETRY_REGION_PARTIAL_COVERAGE,20,22,18,21,1,1,PRIMARY_MINIMAL,QUERY_NOT_REPAIR_CAPABLE,RETRY_REGION_PARTIAL_COVERAGE,QUERY_NOT_REPAIR_CAPABLE|RETRY_REGION_PARTIAL_COVERAGE|L2|COVERS_CHANGE|EXISTING_LEXICON_TERM|QUERY_FAIL,,True
d088,r2,d088:r2:e0,r2:t2:n1,接,EXISTING_LEXICON_TERM,HIGH,QUERY_NOT_REPAIR_CAPABLE,RETRY_REGION_PARTIAL_COVERAGE,20,21,18,21,1,1,PARTIAL_INSUFFICIENT,OUTSIDE_CURRENT_CONTRACT,,OUTSIDE_CURRENT_CONTRACT|NA|L1|COVERS_CHANGE|EXISTING_LEXICON_TERM|OTHER_STAGE,,True
d088,r2,d088:r2:eX,r2:t1,生成,EXISTING_LEXICON_TERM,HIGH,QUERY_NOT_REPAIR_CAPABLE,RETRY_REGION_PARTIAL_COVERAGE,17,19,18,21,0,0,CONTEXT_SUPPORT,OUTSIDE_CURRENT_CONTRACT,,OUTSIDE_CURRENT_CONTRACT|NA|L2|NO_CHANGE_OV|EXISTING_LEXICON_TERM|OTHER_STAGE,zero_changed_element_overlap,True
d088,r3,d088:r3:e0,r3:t2,文档,EXISTING_LEXICON_TERM,HIGH,QUERY_NOT_REPAIR_CAPABLE,RETRY_REGION_PARTIAL_COVERAGE,22,24,21,24,1,1,PRIMARY_MINIMAL,QUERY_NOT_REPAIR_CAPABLE,RETRY_REGION_PARTIAL_COVERAGE,QUERY_NOT_REPAIR_CAPABLE|RETRY_REGION_PARTIAL_COVERAGE|L2|COVERS_CHANGE|EXISTING_LEXICON_TERM|QUERY_FAIL,,True
d088,r3,d088:r3:e0,r3:t2:n1,档,EXISTING_LEXICON_TERM,HIGH,QUERY_NOT_REPAIR_CAPABLE,RETRY_REGION_PARTIAL_COVERAGE,23,24,21,24,1,1,PARTIAL_INSUFFICIENT,OUTSIDE_CURRENT_CONTRACT,,OUTSIDE_CURRENT_CONTRACT|NA|L1|COVERS_CHANGE|EXISTING_LEXICON_TERM|OTHER_STAGE,,True
d088,r3,d088:r3:eX,r3:t1,接口,EXISTING_LEXICON_TERM,HIGH,QUERY_NOT_REPAIR_CAPABLE,RETRY_REGION_PARTIAL_COVERAGE,20,22,21,24,0,0,CONTEXT_SUPPORT,OUTSIDE_CURRENT_CONTRACT,,OUTSIDE_CURRENT_CONTRACT|NA|L2|NO_CHANGE_OV|EXISTING_LEXICON_TERM|OTHER_STAGE,zero_changed_element_overlap,True
d089,r0,d089:r0:e0,r0:t1,上线,EXISTING_LEXICON_TERM,HIGH,RECALL_TARGET_MISS,,3,5,2,5,1,1,PRIMARY_MINIMAL,RECALL_TARGET_MISS,,RECALL_TARGET_MISS|NA|L2|COVERS_CHANGE|EXISTING_LEXICON_TERM|RAW_MISS,,True
d089,r0,d089:r0:e0,r0:t1:n1,线,EXISTING_LEXICON_TERM,HIGH,RECALL_TARGET_MISS,,4,5,2,5,1,1,PARTIAL_INSUFFICIENT,OUTSIDE_CURRENT_CONTRACT,,OUTSIDE_CURRENT_CONTRACT|NA|L1|COVERS_CHANGE|EXISTING_LEXICON_TERM|OTHER_STAGE,,True
d089,r1,d089:r1:e0,r1:t1,计花已,STRUCTURAL_COMPOSITION_SUPPORTED,HIGH,TARGET_NOT_IN_LEXICON,,5,8,5,8,1,1,INVALID_LEXICAL_TARGET,OUTSIDE_CURRENT_CONTRACT,,OUTSIDE_CURRENT_CONTRACT|NA|L3|COVERS_CHANGE|STRUCTURAL_COMPOSITION_SUPPORTED|OTHER_STAGE,structural_composition_lacks_independent_lexical_identity,False
d089,r2,d089:r2:e0,r2:t1,上线,EXISTING_LEXICON_TERM,HIGH,RECALL_TARGET_MISS,,12,14,12,15,1,1,PRIMARY_MINIMAL,RECALL_TARGET_MISS,,RECALL_TARGET_MISS|NA|L2|COVERS_CHANGE|EXISTING_LEXICON_TERM|RAW_MISS,,True
d089,r2,d089:r2:e0,r2:t1:n1,线,EXISTING_LEXICON_TERM,HIGH,RECALL_TARGET_MISS,,13,14,12,15,1,1,PARTIAL_INSUFFICIENT,OUTSIDE_CURRENT_CONTRACT,,OUTSIDE_CURRENT_CONTRACT|NA|L1|COVERS_CHANGE|EXISTING_LEXICON_TERM|OTHER_STAGE,,True
d089,r2,d089:r2:eX,r2:t2,计划,EXISTING_LEXICON_TERM,HIGH,RECALL_TARGET_MISS,,14,16,12,15,0,0,CONTEXT_SUPPORT,OUTSIDE_CURRENT_CONTRACT,,OUTSIDE_CURRENT_CONTRACT|NA|L2|NO_CHANGE_OV|EXISTING_LEXICON_TERM|OTHER_STAGE,zero_changed_element_overlap,True
d090,r0,d090:r0:e0,r0:t1,选生城,STRUCTURAL_COMPOSITION_SUPPORTED,HIGH,TARGET_NOT_IN_LEXICON,,3,6,3,6,2,2,INVALID_LEXICAL_TARGET,OUTSIDE_CURRENT_CONTRACT,,OUTSIDE_CURRENT_CONTRACT|NA|L3|COVERS_CHANGE|STRUCTURAL_COMPOSITION_SUPPORTED|OTHER_STAGE,structural_composition_lacks_independent_lexical_identity,False
d090,r1,d090:r1:e0,r1:t1,上线,EXISTING_LEXICON_TERM,HIGH,QUERY_NOT_REPAIR_CAPABLE,RETRY_REGION_PARTIAL_COVERAGE,7,9,6,9,1,1,PRIMARY_MINIMAL,QUERY_NOT_REPAIR_CAPABLE,RETRY_REGION_PARTIAL_COVERAGE,QUERY_NOT_REPAIR_CAPABLE|RETRY_REGION_PARTIAL_COVERAGE|L2|COVERS_CHANGE|EXISTING_LEXICON_TERM|QUERY_FAIL,,True
d090,r1,d090:r1:e0,r1:t1:n1,线,EXISTING_LEXICON_TERM,HIGH,QUERY_NOT_REPAIR_CAPABLE,RETRY_REGION_PARTIAL_COVERAGE,8,9,6,9,1,1,PARTIAL_INSUFFICIENT,OUTSIDE_CURRENT_CONTRACT,,OUTSIDE_CURRENT_CONTRACT|NA|L1|COVERS_CHANGE|EXISTING_LEXICON_TERM|OTHER_STAGE,,True
d091,r0,d091:r0:e0,r0:t1,燕麦,EXISTING_LEXICON_TERM,HIGH,RECALL_TARGET_MISS,,8,10,6,9,1,1,PRIMARY_MINIMAL,RECALL_TARGET_MISS,,RECALL_TARGET_MISS|NA|L2|COVERS_CHANGE|EXISTING_LEXICON_TERM|RAW_MISS,,True
d091,r1,d091:r1:e0,r1:t1,中杯,EXISTING_LEXICON_TERM,HIGH,QUERY_NOT_REPAIR_CAPABLE,RETRY_REGION_PARTIAL_COVERAGE,13,15,13,17,1,1,PRIMARY_MINIMAL,QUERY_NOT_REPAIR_CAPABLE,RETRY_REGION_PARTIAL_COVERAGE,QUERY_NOT_REPAIR_CAPABLE|RETRY_REGION_PARTIAL_COVERAGE|L2|COVERS_CHANGE|EXISTING_LEXICON_TERM|QUERY_FAIL,,True
d091,r1,d091:r1:e0,r1:t1:n1,杯,EXISTING_LEXICON_TERM,HIGH,QUERY_NOT_REPAIR_CAPABLE,RETRY_REGION_PARTIAL_COVERAGE,14,15,13,17,1,1,PARTIAL_INSUFFICIENT,OUTSIDE_CURRENT_CONTRACT,,OUTSIDE_CURRENT_CONTRACT|NA|L1|COVERS_CHANGE|EXISTING_LEXICON_TERM|OTHER_STAGE,,True
d091,r2,d091:r2:e0,r2:t1,问一下,EXISTING_LEXICON_TERM,HIGH,QUERY_NOT_REPAIR_CAPABLE,RETRY_REGION_PARTIAL_COVERAGE,21,24,18,24,3,1,PARTIAL_INSUFFICIENT,OUTSIDE_CURRENT_CONTRACT,,OUTSIDE_CURRENT_CONTRACT|NA|L3|COVERS_CHANGE|EXISTING_LEXICON_TERM|OTHER_STAGE,,True
d091,r2,d091:r2:e0,r2:t2,顺便,EXISTING_LEXICON_TERM,HIGH,QUERY_NOT_REPAIR_CAPABLE,RETRY_REGION_PARTIAL_COVERAGE,19,21,18,24,2,1,PRIMARY_MINIMAL,QUERY_NOT_REPAIR_CAPABLE,RETRY_REGION_PARTIAL_COVERAGE,QUERY_NOT_REPAIR_CAPABLE|RETRY_REGION_PARTIAL_COVERAGE|L2|COVERS_CHANGE|EXISTING_LEXICON_TERM|QUERY_FAIL,,True
d091,r2,d091:r2:e0,r2:t1:n1,问,EXISTING_LEXICON_TERM,HIGH,QUERY_NOT_REPAIR_CAPABLE,RETRY_REGION_PARTIAL_COVERAGE,21,22,18,24,1,1,PARTIAL_INSUFFICIENT,OUTSIDE_CURRENT_CONTRACT,,OUTSIDE_CURRENT_CONTRACT|NA|L1|COVERS_CHANGE|EXISTING_LEXICON_TERM|OTHER_STAGE,,True
d091,r2,d091:r2:e0,r2:t1:n2,一,EXISTING_LEXICON_TERM,HIGH,QUERY_NOT_REPAIR_CAPABLE,RETRY_REGION_PARTIAL_COVERAGE,22,23,18,24,1,1,PARTIAL_INSUFFICIENT,OUTSIDE_CURRENT_CONTRACT,,OUTSIDE_CURRENT_CONTRACT|NA|L1|COVERS_CHANGE|EXISTING_LEXICON_TERM|OTHER_STAGE,,True
d091,r2,d091:r2:e0,r2:t1:n3,下,EXISTING_LEXICON_TERM,HIGH,QUERY_NOT_REPAIR_CAPABLE,RETRY_REGION_PARTIAL_COVERAGE,23,24,18,24,1,1,PARTIAL_INSUFFICIENT,OUTSIDE_CURRENT_CONTRACT,,OUTSIDE_CURRENT_CONTRACT|NA|L1|COVERS_CHANGE|EXISTING_LEXICON_TERM|OTHER_STAGE,,True
d091,r2,d091:r2:e0,r2:t2:n4,顺,EXISTING_LEXICON_TERM,HIGH,QUERY_NOT_REPAIR_CAPABLE,RETRY_REGION_PARTIAL_COVERAGE,19,20,18,24,1,1,PARTIAL_INSUFFICIENT,OUTSIDE_CURRENT_CONTRACT,,OUTSIDE_CURRENT_CONTRACT|NA|L1|COVERS_CHANGE|EXISTING_LEXICON_TERM|OTHER_STAGE,,True
d091,r2,d091:r2:e0,r2:t2:n5,便,EXISTING_LEXICON_TERM,HIGH,QUERY_NOT_REPAIR_CAPABLE,RETRY_REGION_PARTIAL_COVERAGE,20,21,18,24,1,1,PARTIAL_INSUFFICIENT,OUTSIDE_CURRENT_CONTRACT,,OUTSIDE_CURRENT_CONTRACT|NA|L1|COVERS_CHANGE|EXISTING_LEXICON_TERM|OTHER_STAGE,,True
d091,r3,d091:r3:e0,r3:t1,贝果,EXISTING_LEXICON_TERM,HIGH,QUERY_NOT_REPAIR_CAPABLE,RETRY_REGION_PARTIAL_COVERAGE,27,29,27,31,2,1,PRIMARY_MINIMAL,QUERY_NOT_REPAIR_CAPABLE,RETRY_REGION_PARTIAL_COVERAGE,QUERY_NOT_REPAIR_CAPABLE|RETRY_REGION_PARTIAL_COVERAGE|L2|COVERS_CHANGE|EXISTING_LEXICON_TERM|QUERY_FAIL,,True
d091,r3,d091:r3:e0,r3:t1:n1,果,EXISTING_LEXICON_TERM,HIGH,QUERY_NOT_REPAIR_CAPABLE,RETRY_REGION_PARTIAL_COVERAGE,28,29,27,31,1,1,PARTIAL_INSUFFICIENT,OUTSIDE_CURRENT_CONTRACT,,OUTSIDE_CURRENT_CONTRACT|NA|L1|COVERS_CHANGE|EXISTING_LEXICON_TERM|OTHER_STAGE,,True
d092,r0,d092:r0:e0,r0:t1,麻烦,EXISTING_LEXICON_TERM,HIGH,RECALL_TARGET_MISS,,-1,2,1,3,1,1,PRIMARY_MINIMAL,RECALL_TARGET_MISS,,RECALL_TARGET_MISS|NA|L2|COVERS_CHANGE|EXISTING_LEXICON_TERM|RAW_MISS,,True
d092,r0,d092:r0:e0,r0:t1:n1,烦,EXISTING_LEXICON_TERM,HIGH,RECALL_TARGET_MISS,,1,2,1,3,1,1,PARTIAL_INSUFFICIENT,OUTSIDE_CURRENT_CONTRACT,,OUTSIDE_CURRENT_CONTRACT|NA|L1|COVERS_CHANGE|EXISTING_LEXICON_TERM|OTHER_STAGE,,True
d092,r1,d092:r1:e0,r1:t1,拿铁,EXISTING_LEXICON_TERM,HIGH,QUERY_NOT_REPAIR_CAPABLE,RETRY_REGION_PARTIAL_COVERAGE,9,11,10,12,1,1,ALTERNATIVE_MINIMAL,QUERY_NOT_REPAIR_CAPABLE,RETRY_REGION_PARTIAL_COVERAGE,QUERY_NOT_REPAIR_CAPABLE|RETRY_REGION_PARTIAL_COVERAGE|L2|COVERS_CHANGE|EXISTING_LEXICON_TERM|QUERY_FAIL,,True
d092,r1,d092:r1:e0,r1:t2,带走,EXISTING_LEXICON_TERM,HIGH,QUERY_NOT_REPAIR_CAPABLE,RETRY_REGION_PARTIAL_COVERAGE,11,13,10,12,1,1,ALTERNATIVE_MINIMAL,QUERY_NOT_REPAIR_CAPABLE,RETRY_REGION_PARTIAL_COVERAGE,QUERY_NOT_REPAIR_CAPABLE|RETRY_REGION_PARTIAL_COVERAGE|L2|COVERS_CHANGE|EXISTING_LEXICON_TERM|QUERY_FAIL,,True
d092,r1,d092:r1:e0,r1:t1:n1,铁,EXISTING_LEXICON_TERM,HIGH,QUERY_NOT_REPAIR_CAPABLE,RETRY_REGION_PARTIAL_COVERAGE,10,11,10,12,1,1,PARTIAL_INSUFFICIENT,OUTSIDE_CURRENT_CONTRACT,,OUTSIDE_CURRENT_CONTRACT|NA|L1|COVERS_CHANGE|EXISTING_LEXICON_TERM|OTHER_STAGE,,True
d092,r1,d092:r1:e0,r1:t2:n2,带,EXISTING_LEXICON_TERM,HIGH,QUERY_NOT_REPAIR_CAPABLE,RETRY_REGION_PARTIAL_COVERAGE,11,12,10,12,1,1,PARTIAL_INSUFFICIENT,OUTSIDE_CURRENT_CONTRACT,,OUTSIDE_CURRENT_CONTRACT|NA|L1|COVERS_CHANGE|EXISTING_LEXICON_TERM|OTHER_STAGE,,True
d092,r2,d092:r2:e0,r2:t1,大杯,EXISTING_LEXICON_TERM,HIGH,QUERY_NOT_REPAIR_CAPABLE,RETRY_REGION_PARTIAL_COVERAGE,14,16,15,17,1,1,PRIMARY_MINIMAL,QUERY_NOT_REPAIR_CAPABLE,RETRY_REGION_PARTIAL_COVERAGE,QUERY_NOT_REPAIR_CAPABLE|RETRY_REGION_PARTIAL_COVERAGE|L2|COVERS_CHANGE|EXISTING_LEXICON_TERM|QUERY_FAIL,,True
d092,r2,d092:r2:e0,r2:t1:n1,杯,EXISTING_LEXICON_TERM,HIGH,QUERY_NOT_REPAIR_CAPABLE,RETRY_REGION_PARTIAL_COVERAGE,15,16,15,17,1,1,PARTIAL_INSUFFICIENT,OUTSIDE_CURRENT_CONTRACT,,OUTSIDE_CURRENT_CONTRACT|NA|L1|COVERS_CHANGE|EXISTING_LEXICON_TERM|OTHER_STAGE,,True
d093,r0,d093:r0:e0,r0:t1,冰美式,EXISTING_LEXICON_TERM,HIGH,RECALL_TARGET_MISS,,4,7,2,5,1,1,PRIMARY_MINIMAL,RECALL_TARGET_MISS,,RECALL_TARGET_MISS|NA|L3|COVERS_CHANGE|EXISTING_LEXICON_TERM|RAW_MISS,,True
d093,r0,d093:r0:e0,r0:t1:n1,冰,EXISTING_LEXICON_TERM,HIGH,RECALL_TARGET_MISS,,4,5,2,5,1,1,PARTIAL_INSUFFICIENT,OUTSIDE_CURRENT_CONTRACT,,OUTSIDE_CURRENT_CONTRACT|NA|L1|COVERS_CHANGE|EXISTING_LEXICON_TERM|OTHER_STAGE,,True
d093,r1,d093:r1:e0,r1:t1,冰美式,EXISTING_LEXICON_TERM,HIGH,QUERY_NOT_REPAIR_CAPABLE,RETRY_REGION_PARTIAL_COVERAGE,4,7,5,8,1,1,SUPERSET_REDUNDANT,OUTSIDE_CURRENT_CONTRACT,,OUTSIDE_CURRENT_CONTRACT|NA|L3|COVERS_CHANGE|EXISTING_LEXICON_TERM|OTHER_STAGE,,True
d093,r1,d093:r1:e0,r1:t1:n1,美式,EXISTING_LEXICON_TERM,HIGH,QUERY_NOT_REPAIR_CAPABLE,RETRY_REGION_PARTIAL_COVERAGE,5,7,5,8,1,1,PRIMARY_MINIMAL,QUERY_NOT_REPAIR_CAPABLE,RETRY_REGION_PARTIAL_COVERAGE,QUERY_NOT_REPAIR_CAPABLE|RETRY_REGION_PARTIAL_COVERAGE|L2|COVERS_CHANGE|EXISTING_LEXICON_TERM|QUERY_FAIL,,True
d093,r2,d093:r2:e0,r2:t1,少冰,EXISTING_LEXICON_TERM,HIGH,QUERY_NOT_REPAIR_CAPABLE,RETRY_REGION_PARTIAL_COVERAGE,9,11,8,11,1,1,PRIMARY_MINIMAL,QUERY_NOT_REPAIR_CAPABLE,RETRY_REGION_PARTIAL_COVERAGE,QUERY_NOT_REPAIR_CAPABLE|RETRY_REGION_PARTIAL_COVERAGE|L2|COVERS_CHANGE|EXISTING_LEXICON_TERM|QUERY_FAIL,,True
d093,r2,d093:r2:e0,r2:t1:n1,冰,EXISTING_LEXICON_TERM,HIGH,QUERY_NOT_REPAIR_CAPABLE,RETRY_REGION_PARTIAL_COVERAGE,10,11,8,11,1,1,PARTIAL_INSUFFICIENT,OUTSIDE_CURRENT_CONTRACT,,OUTSIDE_CURRENT_CONTRACT|NA|L1|COVERS_CHANGE|EXISTING_LEXICON_TERM|OTHER_STAGE,,True
d093,r3,d093:r3:e0,r3:t1,小杯,EXISTING_LEXICON_TERM,HIGH,QUERY_NOT_REPAIR_CAPABLE,RETRY_REGION_PARTIAL_COVERAGE,18,20,18,21,1,1,PRIMARY_MINIMAL,QUERY_NOT_REPAIR_CAPABLE,RETRY_REGION_PARTIAL_COVERAGE,QUERY_NOT_REPAIR_CAPABLE|RETRY_REGION_PARTIAL_COVERAGE|L2|COVERS_CHANGE|EXISTING_LEXICON_TERM|QUERY_FAIL,,True
d093,r3,d093:r3:e0,r3:t1:n1,杯,EXISTING_LEXICON_TERM,HIGH,QUERY_NOT_REPAIR_CAPABLE,RETRY_REGION_PARTIAL_COVERAGE,19,20,18,21,1,1,PARTIAL_INSUFFICIENT,OUTSIDE_CURRENT_CONTRACT,,OUTSIDE_CURRENT_CONTRACT|NA|L1|COVERS_CHANGE|EXISTING_LEXICON_TERM|OTHER_STAGE,,True
d094,r1,d094:r1:e0,r1:t1,结论,EXISTING_LEXICON_TERM,HIGH,QUERY_NOT_REPAIR_CAPABLE,RETRY_REGION_PARTIAL_COVERAGE,31,33,31,34,2,1,PRIMARY_MINIMAL,QUERY_NOT_REPAIR_CAPABLE,RETRY_REGION_PARTIAL_COVERAGE,QUERY_NOT_REPAIR_CAPABLE|RETRY_REGION_PARTIAL_COVERAGE|L2|COVERS_CHANGE|EXISTING_LEXICON_TERM|QUERY_FAIL,,True
d094,r1,d094:r1:e0,r1:t1:n1,结,EXISTING_LEXICON_TERM,HIGH,QUERY_NOT_REPAIR_CAPABLE,RETRY_REGION_PARTIAL_COVERAGE,31,32,31,34,1,1,PARTIAL_INSUFFICIENT,OUTSIDE_CURRENT_CONTRACT,,OUTSIDE_CURRENT_CONTRACT|NA|L1|COVERS_CHANGE|EXISTING_LEXICON_TERM|OTHER_STAGE,,True
d094,r1,d094:r1:e0,r1:t1:n2,论,EXISTING_LEXICON_TERM,HIGH,QUERY_NOT_REPAIR_CAPABLE,RETRY_REGION_PARTIAL_COVERAGE,32,33,31,34,1,1,PARTIAL_INSUFFICIENT,OUTSIDE_CURRENT_CONTRACT,,OUTSIDE_CURRENT_CONTRACT|NA|L1|COVERS_CHANGE|EXISTING_LEXICON_TERM|OTHER_STAGE,,True
d095,r2,d095:r2:e0,r2:t1,用高这,STRUCTURAL_COMPOSITION_SUPPORTED,HIGH,TARGET_NOT_IN_LEXICON,,19,22,19,22,1,1,INVALID_LEXICAL_TARGET,OUTSIDE_CURRENT_CONTRACT,,OUTSIDE_CURRENT_CONTRACT|NA|L3|COVERS_CHANGE|STRUCTURAL_COMPOSITION_SUPPORTED|OTHER_STAGE,structural_composition_lacks_independent_lexical_identity,False
d095,r3,d095:r3:e0,r3:t1,限流,EXISTING_LEXICON_TERM,HIGH,QUERY_NOT_REPAIR_CAPABLE,RETRY_REGION_PARTIAL_COVERAGE,25,27,25,27,2,1,PRIMARY_MINIMAL,QUERY_NOT_REPAIR_CAPABLE,RETRY_REGION_PARTIAL_COVERAGE,QUERY_NOT_REPAIR_CAPABLE|RETRY_REGION_PARTIAL_COVERAGE|L2|COVERS_CHANGE|EXISTING_LEXICON_TERM|QUERY_FAIL,,True
d095,r3,d095:r3:e0,r3:t1:n1,流,EXISTING_LEXICON_TERM,HIGH,QUERY_NOT_REPAIR_CAPABLE,RETRY_REGION_PARTIAL_COVERAGE,26,27,25,27,1,1,PARTIAL_INSUFFICIENT,OUTSIDE_CURRENT_CONTRACT,,OUTSIDE_CURRENT_CONTRACT|NA|L1|COVERS_CHANGE|EXISTING_LEXICON_TERM|OTHER_STAGE,,True
d097,r1,d097:r1:e0,r1:t1,中关村,EXISTING_LEXICON_TERM,HIGH,RECALL_TARGET_MISS,,4,7,3,6,1,1,PRIMARY_MINIMAL,RECALL_TARGET_MISS,,RECALL_TARGET_MISS|NA|L3|COVERS_CHANGE|EXISTING_LEXICON_TERM|RAW_MISS,,True
d097,r1,d097:r1:e0,r1:t1:n1,关,EXISTING_LEXICON_TERM,HIGH,RECALL_TARGET_MISS,,5,6,3,6,1,1,PARTIAL_INSUFFICIENT,OUTSIDE_CURRENT_CONTRACT,,OUTSIDE_CURRENT_CONTRACT|NA|L1|COVERS_CHANGE|EXISTING_LEXICON_TERM|OTHER_STAGE,,True
d097,r2,d097:r2:e0,r2:t1,软件,EXISTING_LEXICON_TERM,HIGH,QUERY_NOT_REPAIR_CAPABLE,RETRY_REGION_PARTIAL_COVERAGE,7,9,7,11,1,1,PRIMARY_MINIMAL,QUERY_NOT_REPAIR_CAPABLE,RETRY_REGION_PARTIAL_COVERAGE,QUERY_NOT_REPAIR_CAPABLE|RETRY_REGION_PARTIAL_COVERAGE|L2|COVERS_CHANGE|EXISTING_LEXICON_TERM|QUERY_FAIL,,True
d097,r2,d097:r2:e0,r2:t1:n1,软,EXISTING_LEXICON_TERM,HIGH,QUERY_NOT_REPAIR_CAPABLE,RETRY_REGION_PARTIAL_COVERAGE,7,8,7,11,1,1,PARTIAL_INSUFFICIENT,OUTSIDE_CURRENT_CONTRACT,,OUTSIDE_CURRENT_CONTRACT|NA|L1|COVERS_CHANGE|EXISTING_LEXICON_TERM|OTHER_STAGE,,True
d097,r3,d097:r3:e0,r3:t1,四环,EXISTING_LEXICON_TERM,HIGH,QUERY_NOT_REPAIR_CAPABLE,RETRY_REGION_PARTIAL_COVERAGE,12,14,12,15,2,1,PRIMARY_MINIMAL,QUERY_NOT_REPAIR_CAPABLE,RETRY_REGION_PARTIAL_COVERAGE,QUERY_NOT_REPAIR_CAPABLE|RETRY_REGION_PARTIAL_COVERAGE|L2|COVERS_CHANGE|EXISTING_LEXICON_TERM|QUERY_FAIL,,True
d097,r3,d097:r3:e0,r3:t1:n1,四,EXISTING_LEXICON_TERM,HIGH,QUERY_NOT_REPAIR_CAPABLE,RETRY_REGION_PARTIAL_COVERAGE,12,13,12,15,1,1,PARTIAL_INSUFFICIENT,OUTSIDE_CURRENT_CONTRACT,,OUTSIDE_CURRENT_CONTRACT|NA|L1|COVERS_CHANGE|EXISTING_LEXICON_TERM|OTHER_STAGE,,True
d097,r3,d097:r3:e0,r3:t1:n2,环,EXISTING_LEXICON_TERM,HIGH,QUERY_NOT_REPAIR_CAPABLE,RETRY_REGION_PARTIAL_COVERAGE,13,14,12,15,1,1,PARTIAL_INSUFFICIENT,OUTSIDE_CURRENT_CONTRACT,,OUTSIDE_CURRENT_CONTRACT|NA|L1|COVERS_CHANGE|EXISTING_LEXICON_TERM|OTHER_STAGE,,True
d097,r4,d097:r4:e0,r4:t1,赶九,STRUCTURAL_COMPOSITION_SUPPORTED,HIGH,TARGET_NOT_IN_LEXICON,,16,18,16,18,2,1,INVALID_LEXICAL_TARGET,OUTSIDE_CURRENT_CONTRACT,,OUTSIDE_CURRENT_CONTRACT|NA|L2|COVERS_CHANGE|STRUCTURAL_COMPOSITION_SUPPORTED|OTHER_STAGE,structural_composition_lacks_independent_lexical_identity,False
d098,r0,d098:r0:e0,r0:t1,贸三期,STRUCTURAL_COMPOSITION_SUPPORTED,HIGH,TARGET_NOT_IN_LEXICON,,6,9,6,9,1,1,INVALID_LEXICAL_TARGET,OUTSIDE_CURRENT_CONTRACT,,OUTSIDE_CURRENT_CONTRACT|NA|L3|COVERS_CHANGE|STRUCTURAL_COMPOSITION_SUPPORTED|OTHER_STAGE,structural_composition_lacks_independent_lexical_identity,False
d098,r1,d098:r1:e0,r1:t1,我十点,STRUCTURAL_COMPOSITION_SUPPORTED,HIGH,TARGET_NOT_IN_LEXICON,,19,22,19,22,1,1,INVALID_LEXICAL_TARGET,OUTSIDE_CURRENT_CONTRACT,,OUTSIDE_CURRENT_CONTRACT|NA|L3|COVERS_CHANGE|STRUCTURAL_COMPOSITION_SUPPORTED|OTHER_STAGE,structural_composition_lacks_independent_lexical_identity,False
d098,r2,d098:r2:e0,r2:t1,电话,EXISTING_LEXICON_TERM,HIGH,QUERY_NOT_REPAIR_CAPABLE,RETRY_REGION_PARTIAL_COVERAGE,26,28,25,30,2,1,PRIMARY_MINIMAL,QUERY_NOT_REPAIR_CAPABLE,RETRY_REGION_PARTIAL_COVERAGE,QUERY_NOT_REPAIR_CAPABLE|RETRY_REGION_PARTIAL_COVERAGE|L2|COVERS_CHANGE|EXISTING_LEXICON_TERM|QUERY_FAIL,,True
d098,r2,d098:r2:e0,r2:t1:n1,电,EXISTING_LEXICON_TERM,HIGH,QUERY_NOT_REPAIR_CAPABLE,RETRY_REGION_PARTIAL_COVERAGE,26,27,25,30,1,1,PARTIAL_INSUFFICIENT,OUTSIDE_CURRENT_CONTRACT,,OUTSIDE_CURRENT_CONTRACT|NA|L1|COVERS_CHANGE|EXISTING_LEXICON_TERM|OTHER_STAGE,,True
d098,r2,d098:r2:e0,r2:t1:n2,话,EXISTING_LEXICON_TERM,HIGH,QUERY_NOT_REPAIR_CAPABLE,RETRY_REGION_PARTIAL_COVERAGE,27,28,25,30,1,1,PARTIAL_INSUFFICIENT,OUTSIDE_CURRENT_CONTRACT,,OUTSIDE_CURRENT_CONTRACT|NA|L1|COVERS_CHANGE|EXISTING_LEXICON_TERM|OTHER_STAGE,,True
d099,r1,d099:r1:eX,r1:t1,现在,EXISTING_LEXICON_TERM,HIGH,QUERY_NOT_REPAIR_CAPABLE,RETRY_REGION_PARTIAL_COVERAGE,20,22,18,21,0,0,CONTEXT_SUPPORT,OUTSIDE_CURRENT_CONTRACT,,OUTSIDE_CURRENT_CONTRACT|NA|L2|NO_CHANGE_OV|EXISTING_LEXICON_TERM|OTHER_STAGE,zero_changed_element_overlap,True
d099,r2,d099:r2:eX,r2:t1,现在,EXISTING_LEXICON_TERM,HIGH,QUERY_NOT_REPAIR_CAPABLE,RETRY_REGION_PARTIAL_COVERAGE,20,22,20,23,0,0,CONTEXT_SUPPORT,OUTSIDE_CURRENT_CONTRACT,,OUTSIDE_CURRENT_CONTRACT|NA|L2|NO_CHANGE_OV|EXISTING_LEXICON_TERM|OTHER_STAGE,zero_changed_element_overlap,True
d100,r0,d100:r0:e0,r0:t1,头痛,EXISTING_LEXICON_TERM,HIGH,QUERY_NOT_REPAIR_CAPABLE,RETRY_REGION_PARTIAL_COVERAGE,9,11,7,10,1,1,PRIMARY_MINIMAL,QUERY_NOT_REPAIR_CAPABLE,RETRY_REGION_PARTIAL_COVERAGE,QUERY_NOT_REPAIR_CAPABLE|RETRY_REGION_PARTIAL_COVERAGE|L2|COVERS_CHANGE|EXISTING_LEXICON_TERM|QUERY_FAIL,,True
d100,r0,d100:r0:e0,r0:t1:n1,头,EXISTING_LEXICON_TERM,HIGH,QUERY_NOT_REPAIR_CAPABLE,RETRY_REGION_PARTIAL_COVERAGE,9,10,7,10,1,1,PARTIAL_INSUFFICIENT,OUTSIDE_CURRENT_CONTRACT,,OUTSIDE_CURRENT_CONTRACT|NA|L1|COVERS_CHANGE|EXISTING_LEXICON_TERM|OTHER_STAGE,,True
d100,r1,d100:r1:e0,r1:t1,开点药并,STRUCTURAL_COMPOSITION_SUPPORTED,HIGH,TARGET_NOT_IN_LEXICON,,13,17,13,17,4,1,INVALID_LEXICAL_TARGET,OUTSIDE_CURRENT_CONTRACT,,OUTSIDE_CURRENT_CONTRACT|NA|L4p|COVERS_CHANGE|STRUCTURAL_COMPOSITION_SUPPORTED|OTHER_STAGE,structural_composition_lacks_independent_lexical_identity,False
d100,r2,d100:r2:e0,r2:t1,个血,STRUCTURAL_COMPOSITION_SUPPORTED,HIGH,TARGET_NOT_IN_LEXICON,,18,20,18,20,2,1,INVALID_LEXICAL_TARGET,OUTSIDE_CURRENT_CONTRACT,,OUTSIDE_CURRENT_CONTRACT|NA|L2|COVERS_CHANGE|STRUCTURAL_COMPOSITION_SUPPORTED|OTHER_STAGE,structural_composition_lacks_independent_lexical_identity,False
d100,r3,d100:r3:e0,r3:t1,常规,EXISTING_LEXICON_TERM,HIGH,QUERY_NOT_REPAIR_CAPABLE,RETRY_REGION_PARTIAL_COVERAGE,20,22,20,23,1,1,PRIMARY_MINIMAL,QUERY_NOT_REPAIR_CAPABLE,RETRY_REGION_PARTIAL_COVERAGE,QUERY_NOT_REPAIR_CAPABLE|RETRY_REGION_PARTIAL_COVERAGE|L2|COVERS_CHANGE|EXISTING_LEXICON_TERM|QUERY_FAIL,,True
d101,r0,d101:r0:e0,r0:t1,挂号处,EXISTING_LEXICON_TERM,HIGH,RECALL_TARGET_MISS,,-1,3,-1,7,3,1,SUPERSET_REDUNDANT,OUTSIDE_CURRENT_CONTRACT,,OUTSIDE_CURRENT_CONTRACT|NA|L3|COVERS_CHANGE|EXISTING_LEXICON_TERM|OTHER_STAGE,,True
d101,r0,d101:r0:e0,r0:t2,内科,EXISTING_LEXICON_TERM,HIGH,RECALL_TARGET_MISS,,5,7,-1,7,2,1,ALTERNATIVE_MINIMAL,RECALL_TARGET_MISS,,RECALL_TARGET_MISS|NA|L2|COVERS_CHANGE|EXISTING_LEXICON_TERM|RAW_MISS,,True
d101,r0,d101:r0:e0,r0:t1:n1,挂,EXISTING_LEXICON_TERM,HIGH,RECALL_TARGET_MISS,,-1,1,-1,7,1,1,PARTIAL_INSUFFICIENT,OUTSIDE_CURRENT_CONTRACT,,OUTSIDE_CURRENT_CONTRACT|NA|L1|COVERS_CHANGE|EXISTING_LEXICON_TERM|OTHER_STAGE,,True
d101,r0,d101:r0:e0,r0:t1:n2,号,EXISTING_LEXICON_TERM,HIGH,RECALL_TARGET_MISS,,1,2,-1,7,1,1,PARTIAL_INSUFFICIENT,OUTSIDE_CURRENT_CONTRACT,,OUTSIDE_CURRENT_CONTRACT|NA|L1|COVERS_CHANGE|EXISTING_LEXICON_TERM|OTHER_STAGE,,True
d101,r0,d101:r0:e0,r0:t1:n3,处,EXISTING_LEXICON_TERM,HIGH,RECALL_TARGET_MISS,,2,3,-1,7,1,1,PARTIAL_INSUFFICIENT,OUTSIDE_CURRENT_CONTRACT,,OUTSIDE_CURRENT_CONTRACT|NA|L1|COVERS_CHANGE|EXISTING_LEXICON_TERM|OTHER_STAGE,,True
d101,r0,d101:r0:e0,r0:t1:n4,挂号,EXISTING_LEXICON_TERM,HIGH,RECALL_TARGET_MISS,,-1,2,-1,7,2,1,ALTERNATIVE_MINIMAL,RECALL_TARGET_MISS,,RECALL_TARGET_MISS|NA|L2|COVERS_CHANGE|EXISTING_LEXICON_TERM|RAW_MISS,,True
d101,r0,d101:r0:e0,r0:t2:n5,内,EXISTING_LEXICON_TERM,HIGH,RECALL_TARGET_MISS,,5,6,-1,7,1,1,PARTIAL_INSUFFICIENT,OUTSIDE_CURRENT_CONTRACT,,OUTSIDE_CURRENT_CONTRACT|NA|L1|COVERS_CHANGE|EXISTING_LEXICON_TERM|OTHER_STAGE,,True
d101,r0,d101:r0:e0,r0:t2:n6,科,EXISTING_LEXICON_TERM,HIGH,RECALL_TARGET_MISS,,6,7,-1,7,1,1,PARTIAL_INSUFFICIENT,OUTSIDE_CURRENT_CONTRACT,,OUTSIDE_CURRENT_CONTRACT|NA|L1|COVERS_CHANGE|EXISTING_LEXICON_TERM|OTHER_STAGE,,True
d101,r2,d101:r2:e0,r2:t1,我胃不,STRUCTURAL_COMPOSITION_SUPPORTED,HIGH,TARGET_NOT_IN_LEXICON,,12,15,12,15,1,1,INVALID_LEXICAL_TARGET,OUTSIDE_CURRENT_CONTRACT,,OUTSIDE_CURRENT_CONTRACT|NA|L3|COVERS_CHANGE|STRUCTURAL_COMPOSITION_SUPPORTED|OTHER_STAGE,structural_composition_lacks_independent_lexical_identity,False
d104,r0,d104:r0:e0,r0:t1,四十码,EXISTING_LEXICON_TERM,HIGH,QUERY_NOT_REPAIR_CAPABLE,RETRY_REGION_PARTIAL_COVERAGE,6,9,6,8,2,1,PRIMARY_MINIMAL,QUERY_NOT_REPAIR_CAPABLE,RETRY_REGION_PARTIAL_COVERAGE,QUERY_NOT_REPAIR_CAPABLE|RETRY_REGION_PARTIAL_COVERAGE|L3|COVERS_CHANGE|EXISTING_LEXICON_TERM|QUERY_FAIL,,True
d104,r0,d104:r0:e0,r0:t1:n1,四,EXISTING_LEXICON_TERM,HIGH,QUERY_NOT_REPAIR_CAPABLE,RETRY_REGION_PARTIAL_COVERAGE,6,7,6,8,1,1,PARTIAL_INSUFFICIENT,OUTSIDE_CURRENT_CONTRACT,,OUTSIDE_CURRENT_CONTRACT|NA|L1|COVERS_CHANGE|EXISTING_LEXICON_TERM|OTHER_STAGE,,True
d104,r0,d104:r0:e0,r0:t1:n2,十,EXISTING_LEXICON_TERM,HIGH,QUERY_NOT_REPAIR_CAPABLE,RETRY_REGION_PARTIAL_COVERAGE,7,8,6,8,1,1,PARTIAL_INSUFFICIENT,OUTSIDE_CURRENT_CONTRACT,,OUTSIDE_CURRENT_CONTRACT|NA|L1|COVERS_CHANGE|EXISTING_LEXICON_TERM|OTHER_STAGE,,True
d105,r0,d105:r0:e0,r0:t1,订单,EXISTING_LEXICON_TERM,HIGH,QUERY_NOT_REPAIR_CAPABLE,RETRY_REGION_PARTIAL_COVERAGE,9,11,7,10,1,1,PRIMARY_MINIMAL,QUERY_NOT_REPAIR_CAPABLE,RETRY_REGION_PARTIAL_COVERAGE,QUERY_NOT_REPAIR_CAPABLE|RETRY_REGION_PARTIAL_COVERAGE|L2|COVERS_CHANGE|EXISTING_LEXICON_TERM|QUERY_FAIL,,True
d105,r0,d105:r0:e0,r0:t1:n1,订,EXISTING_LEXICON_TERM,HIGH,QUERY_NOT_REPAIR_CAPABLE,RETRY_REGION_PARTIAL_COVERAGE,9,10,7,10,1,1,PARTIAL_INSUFFICIENT,OUTSIDE_CURRENT_CONTRACT,,OUTSIDE_CURRENT_CONTRACT|NA|L1|COVERS_CHANGE|EXISTING_LEXICON_TERM|OTHER_STAGE,,True
d105,r1,d105:r1:e0,r1:t1,价格,EXISTING_LEXICON_TERM,HIGH,QUERY_NOT_REPAIR_CAPABLE,RETRY_REGION_PARTIAL_COVERAGE,14,16,12,15,1,1,PRIMARY_MINIMAL,QUERY_NOT_REPAIR_CAPABLE,RETRY_REGION_PARTIAL_COVERAGE,QUERY_NOT_REPAIR_CAPABLE|RETRY_REGION_PARTIAL_COVERAGE|L2|COVERS_CHANGE|EXISTING_LEXICON_TERM|QUERY_FAIL,,True
d105,r1,d105:r1:e0,r1:t1:n1,价,EXISTING_LEXICON_TERM,HIGH,QUERY_NOT_REPAIR_CAPABLE,RETRY_REGION_PARTIAL_COVERAGE,14,15,12,15,1,1,PARTIAL_INSUFFICIENT,OUTSIDE_CURRENT_CONTRACT,,OUTSIDE_CURRENT_CONTRACT|NA|L1|COVERS_CHANGE|EXISTING_LEXICON_TERM|OTHER_STAGE,,True
d106,r0,d106:r0:e0,r0:t1,周末,EXISTING_LEXICON_TERM,HIGH,RECALL_TARGET_MISS,,-1,2,-1,3,2,1,PRIMARY_MINIMAL,RECALL_TARGET_MISS,,RECALL_TARGET_MISS|NA|L2|COVERS_CHANGE|EXISTING_LEXICON_TERM|RAW_MISS,,True
d106,r0,d106:r0:e0,r0:t1:n1,周,EXISTING_LEXICON_TERM,HIGH,RECALL_TARGET_MISS,,-1,1,-1,3,1,1,PARTIAL_INSUFFICIENT,OUTSIDE_CURRENT_CONTRACT,,OUTSIDE_CURRENT_CONTRACT|NA|L1|COVERS_CHANGE|EXISTING_LEXICON_TERM|OTHER_STAGE,,True
d106,r1,d106:r1:eX,r1:t1,不要,EXISTING_LEXICON_TERM,HIGH,RECALL_TARGET_MISS,,3,5,4,7,0,0,CONTEXT_SUPPORT,OUTSIDE_CURRENT_CONTRACT,,OUTSIDE_CURRENT_CONTRACT|NA|L2|NO_CHANGE_OV|EXISTING_LEXICON_TERM|OTHER_STAGE,zero_changed_element_overlap,True
d107,r0,d107:r0:eX,r0:t1,吃饭,EXISTING_LEXICON_TERM,HIGH,RECALL_TARGET_MISS,,4,6,4,8,0,0,CONTEXT_SUPPORT,OUTSIDE_CURRENT_CONTRACT,,OUTSIDE_CURRENT_CONTRACT|NA|L2|NO_CHANGE_OV|EXISTING_LEXICON_TERM|OTHER_STAGE,zero_changed_element_overlap,True
d107,r1,d107:r1:e0,r1:t1,一家川,STRUCTURAL_COMPOSITION_SUPPORTED,HIGH,TARGET_NOT_IN_LEXICON,,11,14,11,14,1,1,INVALID_LEXICAL_TARGET,OUTSIDE_CURRENT_CONTRACT,,OUTSIDE_CURRENT_CONTRACT|NA|L3|COVERS_CHANGE|STRUCTURAL_COMPOSITION_SUPPORTED|OTHER_STAGE,structural_composition_lacks_independent_lexical_identity,False
d107,r2,d107:r2:eX,r2:t1,大概,EXISTING_LEXICON_TERM,HIGH,QUERY_NOT_REPAIR_CAPABLE,RETRY_REGION_PARTIAL_COVERAGE,18,20,18,21,0,0,CONTEXT_SUPPORT,OUTSIDE_CURRENT_CONTRACT,,OUTSIDE_CURRENT_CONTRACT|NA|L2|NO_CHANGE_OV|EXISTING_LEXICON_TERM|OTHER_STAGE,zero_changed_element_overlap,True
d108,r0,d108:r0:eX,r0:t1,手机,EXISTING_LEXICON_TERM,HIGH,QUERY_NOT_REPAIR_CAPABLE,RETRY_REGION_PARTIAL_COVERAGE,12,14,13,16,0,0,CONTEXT_SUPPORT,OUTSIDE_CURRENT_CONTRACT,,OUTSIDE_CURRENT_CONTRACT|NA|L2|NO_CHANGE_OV|EXISTING_LEXICON_TERM|OTHER_STAGE,zero_changed_element_overlap,True
d109,r0,d109:r0:eX,r0:t1,讨论,EXISTING_LEXICON_TERM,HIGH,QUERY_NOT_REPAIR_CAPABLE,RETRY_REGION_PARTIAL_COVERAGE,7,9,7,10,0,0,CONTEXT_SUPPORT,OUTSIDE_CURRENT_CONTRACT,,OUTSIDE_CURRENT_CONTRACT|NA|L2|NO_CHANGE_OV|EXISTING_LEXICON_TERM|OTHER_STAGE,zero_changed_element_overlap,True
d109,r1,d109:r1:e0,r1:t1,选生城,STRUCTURAL_COMPOSITION_SUPPORTED,HIGH,TARGET_NOT_IN_LEXICON,,10,13,10,13,1,1,INVALID_LEXICAL_TARGET,OUTSIDE_CURRENT_CONTRACT,,OUTSIDE_CURRENT_CONTRACT|NA|L3|COVERS_CHANGE|STRUCTURAL_COMPOSITION_SUPPORTED|OTHER_STAGE,structural_composition_lacks_independent_lexical_identity,False
d109,r2,d109:r2:eX,r2:t1,相关,EXISTING_LEXICON_TERM,HIGH,QUERY_NOT_REPAIR_CAPABLE,RETRY_REGION_PARTIAL_COVERAGE,13,15,14,17,0,0,CONTEXT_SUPPORT,OUTSIDE_CURRENT_CONTRACT,,OUTSIDE_CURRENT_CONTRACT|NA|L2|NO_CHANGE_OV|EXISTING_LEXICON_TERM|OTHER_STAGE,zero_changed_element_overlap,True
d109,r3,d109:r3:e0,r3:t1,选生城,STRUCTURAL_COMPOSITION_SUPPORTED,HIGH,TARGET_NOT_IN_LEXICON,,17,20,17,20,1,1,INVALID_LEXICAL_TARGET,OUTSIDE_CURRENT_CONTRACT,,OUTSIDE_CURRENT_CONTRACT|NA|L3|COVERS_CHANGE|STRUCTURAL_COMPOSITION_SUPPORTED|OTHER_STAGE,structural_composition_lacks_independent_lexical_identity,False
d109,r4,d109:r4:eX,r4:t1,上线,EXISTING_LEXICON_TERM,HIGH,QUERY_NOT_REPAIR_CAPABLE,RETRY_REGION_PARTIAL_COVERAGE,23,25,24,27,0,0,CONTEXT_SUPPORT,OUTSIDE_CURRENT_CONTRACT,,OUTSIDE_CURRENT_CONTRACT|NA|L2|NO_CHANGE_OV|EXISTING_LEXICON_TERM|OTHER_STAGE,zero_changed_element_overlap,True
d110,r0,d110:r0:e0,r0:t1,计划,EXISTING_LEXICON_TERM,HIGH,QUERY_NOT_REPAIR_CAPABLE,RETRY_REGION_PARTIAL_COVERAGE,11,13,11,13,2,1,PRIMARY_MINIMAL,QUERY_NOT_REPAIR_CAPABLE,RETRY_REGION_PARTIAL_COVERAGE,QUERY_NOT_REPAIR_CAPABLE|RETRY_REGION_PARTIAL_COVERAGE|L2|COVERS_CHANGE|EXISTING_LEXICON_TERM|QUERY_FAIL,,True
d110,r0,d110:r0:e0,r0:t1:n1,计,EXISTING_LEXICON_TERM,HIGH,QUERY_NOT_REPAIR_CAPABLE,RETRY_REGION_PARTIAL_COVERAGE,11,12,11,13,1,1,PARTIAL_INSUFFICIENT,OUTSIDE_CURRENT_CONTRACT,,OUTSIDE_CURRENT_CONTRACT|NA|L1|COVERS_CHANGE|EXISTING_LEXICON_TERM|OTHER_STAGE,,True
d110,r0,d110:r0:e0,r0:t1:n2,划,EXISTING_LEXICON_TERM,HIGH,QUERY_NOT_REPAIR_CAPABLE,RETRY_REGION_PARTIAL_COVERAGE,12,13,11,13,1,1,PARTIAL_INSUFFICIENT,OUTSIDE_CURRENT_CONTRACT,,OUTSIDE_CURRENT_CONTRACT|NA|L1|COVERS_CHANGE|EXISTING_LEXICON_TERM|OTHER_STAGE,,True
d110,r1,d110:r1:e0,r1:t1,选生城,STRUCTURAL_COMPOSITION_SUPPORTED,HIGH,TARGET_NOT_IN_LEXICON,,17,20,17,20,1,1,INVALID_LEXICAL_TARGET,OUTSIDE_CURRENT_CONTRACT,,OUTSIDE_CURRENT_CONTRACT|NA|L3|COVERS_CHANGE|STRUCTURAL_COMPOSITION_SUPPORTED|OTHER_STAGE,structural_composition_lacks_independent_lexical_identity,False
d110,r2,d110:r2:e0,r2:t1,联调,EXISTING_LEXICON_TERM,HIGH,QUERY_NOT_REPAIR_CAPABLE,RETRY_REGION_PARTIAL_COVERAGE,24,26,24,27,2,1,PRIMARY_MINIMAL,QUERY_NOT_REPAIR_CAPABLE,RETRY_REGION_PARTIAL_COVERAGE,QUERY_NOT_REPAIR_CAPABLE|RETRY_REGION_PARTIAL_COVERAGE|L2|COVERS_CHANGE|EXISTING_LEXICON_TERM|QUERY_FAIL,,True
d110,r2,d110:r2:e0,r2:t1:n1,调,EXISTING_LEXICON_TERM,HIGH,QUERY_NOT_REPAIR_CAPABLE,RETRY_REGION_PARTIAL_COVERAGE,25,26,24,27,1,1,PARTIAL_INSUFFICIENT,OUTSIDE_CURRENT_CONTRACT,,OUTSIDE_CURRENT_CONTRACT|NA|L1|COVERS_CHANGE|EXISTING_LEXICON_TERM|OTHER_STAGE,,True
d111,r0,d111:r0:e0,r0:t1,生成,EXISTING_LEXICON_TERM,HIGH,RECALL_TARGET_MISS,,6,8,7,10,1,1,ALTERNATIVE_MINIMAL,RECALL_TARGET_MISS,,RECALL_TARGET_MISS|NA|L2|COVERS_CHANGE|EXISTING_LEXICON_TERM|RAW_MISS,,True
d111,r0,d111:r0:e0,r0:t2,链路,EXISTING_LEXICON_TERM,HIGH,RECALL_TARGET_MISS,,8,10,7,10,2,1,ALTERNATIVE_MINIMAL,RECALL_TARGET_MISS,,RECALL_TARGET_MISS|NA|L2|COVERS_CHANGE|EXISTING_LEXICON_TERM|RAW_MISS,,True
d111,r0,d111:r0:e0,r0:t1:n1,成,EXISTING_LEXICON_TERM,HIGH,RECALL_TARGET_MISS,,7,8,7,10,1,1,PARTIAL_INSUFFICIENT,OUTSIDE_CURRENT_CONTRACT,,OUTSIDE_CURRENT_CONTRACT|NA|L1|COVERS_CHANGE|EXISTING_LEXICON_TERM|OTHER_STAGE,,True
d111,r0,d111:r0:e0,r0:t2:n2,路,EXISTING_LEXICON_TERM,HIGH,RECALL_TARGET_MISS,,9,10,7,10,1,1,PARTIAL_INSUFFICIENT,OUTSIDE_CURRENT_CONTRACT,,OUTSIDE_CURRENT_CONTRACT|NA|L1|COVERS_CHANGE|EXISTING_LEXICON_TERM|OTHER_STAGE,,True
d111,r1,d111:r1:eX,r1:t1,监控,EXISTING_LEXICON_TERM,HIGH,QUERY_NOT_REPAIR_CAPABLE,RETRY_REGION_PARTIAL_COVERAGE,12,14,11,15,0,0,CONTEXT_SUPPORT,OUTSIDE_CURRENT_CONTRACT,,OUTSIDE_CURRENT_CONTRACT|NA|L2|NO_CHANGE_OV|EXISTING_LEXICON_TERM|OTHER_STAGE,zero_changed_element_overlap,True
d111,r2,d111:r2:e0,r2:t1,上线,EXISTING_LEXICON_TERM,HIGH,QUERY_NOT_REPAIR_CAPABLE,RETRY_REGION_PARTIAL_COVERAGE,15,17,16,19,1,1,ALTERNATIVE_MINIMAL,QUERY_NOT_REPAIR_CAPABLE,RETRY_REGION_PARTIAL_COVERAGE,QUERY_NOT_REPAIR_CAPABLE|RETRY_REGION_PARTIAL_COVERAGE|L2|COVERS_CHANGE|EXISTING_LEXICON_TERM|QUERY_FAIL,,True
d111,r2,d111:r2:e0,r2:t2,计划,EXISTING_LEXICON_TERM,HIGH,QUERY_NOT_REPAIR_CAPABLE,RETRY_REGION_PARTIAL_COVERAGE,17,19,16,19,2,1,ALTERNATIVE_MINIMAL,QUERY_NOT_REPAIR_CAPABLE,RETRY_REGION_PARTIAL_COVERAGE,QUERY_NOT_REPAIR_CAPABLE|RETRY_REGION_PARTIAL_COVERAGE|L2|COVERS_CHANGE|EXISTING_LEXICON_TERM|QUERY_FAIL,,True
d111,r2,d111:r2:e0,r2:t1:n1,线,EXISTING_LEXICON_TERM,HIGH,QUERY_NOT_REPAIR_CAPABLE,RETRY_REGION_PARTIAL_COVERAGE,16,17,16,19,1,1,PARTIAL_INSUFFICIENT,OUTSIDE_CURRENT_CONTRACT,,OUTSIDE_CURRENT_CONTRACT|NA|L1|COVERS_CHANGE|EXISTING_LEXICON_TERM|OTHER_STAGE,,True
d111,r2,d111:r2:e0,r2:t2:n2,计,EXISTING_LEXICON_TERM,HIGH,QUERY_NOT_REPAIR_CAPABLE,RETRY_REGION_PARTIAL_COVERAGE,17,18,16,19,1,1,PARTIAL_INSUFFICIENT,OUTSIDE_CURRENT_CONTRACT,,OUTSIDE_CURRENT_CONTRACT|NA|L1|COVERS_CHANGE|EXISTING_LEXICON_TERM|OTHER_STAGE,,True
d111,r2,d111:r2:e0,r2:t2:n3,划,EXISTING_LEXICON_TERM,HIGH,QUERY_NOT_REPAIR_CAPABLE,RETRY_REGION_PARTIAL_COVERAGE,18,19,16,19,1,1,PARTIAL_INSUFFICIENT,OUTSIDE_CURRENT_CONTRACT,,OUTSIDE_CURRENT_CONTRACT|NA|L1|COVERS_CHANGE|EXISTING_LEXICON_TERM|OTHER_STAGE,,True
d111,r3,d111:r3:e0,r3:t1,文档,EXISTING_LEXICON_TERM,HIGH,QUERY_NOT_REPAIR_CAPABLE,RETRY_REGION_PARTIAL_COVERAGE,19,21,19,22,1,1,PRIMARY_MINIMAL,QUERY_NOT_REPAIR_CAPABLE,RETRY_REGION_PARTIAL_COVERAGE,QUERY_NOT_REPAIR_CAPABLE|RETRY_REGION_PARTIAL_COVERAGE|L2|COVERS_CHANGE|EXISTING_LEXICON_TERM|QUERY_FAIL,,True
d111,r3,d111:r3:e0,r3:t1:n1,档,EXISTING_LEXICON_TERM,HIGH,QUERY_NOT_REPAIR_CAPABLE,RETRY_REGION_PARTIAL_COVERAGE,20,21,19,22,1,1,PARTIAL_INSUFFICIENT,OUTSIDE_CURRENT_CONTRACT,,OUTSIDE_CURRENT_CONTRACT|NA|L1|COVERS_CHANGE|EXISTING_LEXICON_TERM|OTHER_STAGE,,True
d112,r0,d112:r0:e0,r0:t1,订单,EXISTING_LEXICON_TERM,HIGH,RECALL_TARGET_MISS,,4,6,4,7,2,1,ALTERNATIVE_MINIMAL,RECALL_TARGET_MISS,,RECALL_TARGET_MISS|NA|L2|COVERS_CHANGE|EXISTING_LEXICON_TERM|RAW_MISS,,True
d112,r0,d112:r0:e0,r0:t2,显示,EXISTING_LEXICON_TERM,HIGH,RECALL_TARGET_MISS,,6,8,4,7,1,1,ALTERNATIVE_MINIMAL,RECALL_TARGET_MISS,,RECALL_TARGET_MISS|NA|L2|COVERS_CHANGE|EXISTING_LEXICON_TERM|RAW_MISS,,True
d112,r0,d112:r0:e0,r0:t1:n1,订,EXISTING_LEXICON_TERM,HIGH,RECALL_TARGET_MISS,,4,5,4,7,1,1,PARTIAL_INSUFFICIENT,OUTSIDE_CURRENT_CONTRACT,,OUTSIDE_CURRENT_CONTRACT|NA|L1|COVERS_CHANGE|EXISTING_LEXICON_TERM|OTHER_STAGE,,True
d112,r0,d112:r0:e0,r0:t1:n2,单,EXISTING_LEXICON_TERM,HIGH,RECALL_TARGET_MISS,,5,6,4,7,1,1,PARTIAL_INSUFFICIENT,OUTSIDE_CURRENT_CONTRACT,,OUTSIDE_CURRENT_CONTRACT|NA|L1|COVERS_CHANGE|EXISTING_LEXICON_TERM|OTHER_STAGE,,True
d112,r1,d112:r1:e0,r1:t1,物流,EXISTING_LEXICON_TERM,HIGH,QUERY_NOT_REPAIR_CAPABLE,RETRY_REGION_PARTIAL_COVERAGE,12,14,9,15,2,1,PRIMARY_MINIMAL,QUERY_NOT_REPAIR_CAPABLE,RETRY_REGION_PARTIAL_COVERAGE,QUERY_NOT_REPAIR_CAPABLE|RETRY_REGION_PARTIAL_COVERAGE|L2|COVERS_CHANGE|EXISTING_LEXICON_TERM|QUERY_FAIL,,True
d112,r1,d112:r1:e0,r1:t1:n1,物,EXISTING_LEXICON_TERM,HIGH,QUERY_NOT_REPAIR_CAPABLE,RETRY_REGION_PARTIAL_COVERAGE,12,13,9,15,1,1,PARTIAL_INSUFFICIENT,OUTSIDE_CURRENT_CONTRACT,,OUTSIDE_CURRENT_CONTRACT|NA|L1|COVERS_CHANGE|EXISTING_LEXICON_TERM|OTHER_STAGE,,True
d112,r1,d112:r1:e0,r1:t1:n2,流,EXISTING_LEXICON_TERM,HIGH,QUERY_NOT_REPAIR_CAPABLE,RETRY_REGION_PARTIAL_COVERAGE,13,14,9,15,1,1,PARTIAL_INSUFFICIENT,OUTSIDE_CURRENT_CONTRACT,,OUTSIDE_CURRENT_CONTRACT|NA|L1|COVERS_CHANGE|EXISTING_LEXICON_TERM|OTHER_STAGE,,True
d114,r0,d114:r0:e0,r0:t1,抬头,EXISTING_LEXICON_TERM,HIGH,RECALL_TARGET_MISS,,2,4,2,6,2,1,PRIMARY_MINIMAL,RECALL_TARGET_MISS,,RECALL_TARGET_MISS|NA|L2|COVERS_CHANGE|EXISTING_LEXICON_TERM|RAW_MISS,,True
d114,r0,d114:r0:e0,r0:t1:n1,头,EXISTING_LEXICON_TERM,HIGH,RECALL_TARGET_MISS,,3,4,2,6,1,1,PARTIAL_INSUFFICIENT,OUTSIDE_CURRENT_CONTRACT,,OUTSIDE_CURRENT_CONTRACT|NA|L1|COVERS_CHANGE|EXISTING_LEXICON_TERM|OTHER_STAGE,,True
d116,r0,d116:r0:eX,r0:t1,看待,EXISTING_LEXICON_TERM,HIGH,RECALL_TARGET_MISS,,3,5,3,6,0,0,CONTEXT_SUPPORT,OUTSIDE_CURRENT_CONTRACT,,OUTSIDE_CURRENT_CONTRACT|NA|L2|NO_CHANGE_OV|EXISTING_LEXICON_TERM|OTHER_STAGE,zero_changed_element_overlap,True
d116,r1,d116:r1:e0,r1:t2,协作,EXISTING_LEXICON_TERM,HIGH,QUERY_NOT_REPAIR_CAPABLE,RETRY_REGION_PARTIAL_COVERAGE,8,10,6,9,1,1,PRIMARY_MINIMAL,QUERY_NOT_REPAIR_CAPABLE,RETRY_REGION_PARTIAL_COVERAGE,QUERY_NOT_REPAIR_CAPABLE|RETRY_REGION_PARTIAL_COVERAGE|L2|COVERS_CHANGE|EXISTING_LEXICON_TERM|QUERY_FAIL,,True
d116,r1,d116:r1:eX,r1:t1,团队,EXISTING_LEXICON_TERM,HIGH,QUERY_NOT_REPAIR_CAPABLE,RETRY_REGION_PARTIAL_COVERAGE,6,8,6,9,0,0,CONTEXT_SUPPORT,OUTSIDE_CURRENT_CONTRACT,,OUTSIDE_CURRENT_CONTRACT|NA|L2|NO_CHANGE_OV|EXISTING_LEXICON_TERM|OTHER_STAGE,zero_changed_element_overlap,True
d116,r2,d116:r2:e0,r2:t2,变更,EXISTING_LEXICON_TERM,HIGH,RECALL_TARGET_MISS,,15,17,13,16,1,1,PRIMARY_MINIMAL,RECALL_TARGET_MISS,,RECALL_TARGET_MISS|NA|L2|COVERS_CHANGE|EXISTING_LEXICON_TERM|RAW_MISS,,True
d116,r2,d116:r2:e0,r2:t2:n1,变,EXISTING_LEXICON_TERM,HIGH,RECALL_TARGET_MISS,,15,16,13,16,1,1,PARTIAL_INSUFFICIENT,OUTSIDE_CURRENT_CONTRACT,,OUTSIDE_CURRENT_CONTRACT|NA|L1|COVERS_CHANGE|EXISTING_LEXICON_TERM|OTHER_STAGE,,True
d116,r2,d116:r2:eX,r2:t1,需求,EXISTING_LEXICON_TERM,HIGH,RECALL_TARGET_MISS,,13,15,13,16,0,0,CONTEXT_SUPPORT,OUTSIDE_CURRENT_CONTRACT,,OUTSIDE_CURRENT_CONTRACT|NA|L2|NO_CHANGE_OV|EXISTING_LEXICON_TERM|OTHER_STAGE,zero_changed_element_overlap,True
d117,r0,d117:r0:e0,r0:t1,薪资,STRUCTURAL_COMPOSITION_SUPPORTED,HIGH,TARGET_NOT_IN_LEXICON,,2,4,2,4,2,1,INVALID_LEXICAL_TARGET,OUTSIDE_CURRENT_CONTRACT,,OUTSIDE_CURRENT_CONTRACT|NA|L2|COVERS_CHANGE|STRUCTURAL_COMPOSITION_SUPPORTED|OTHER_STAGE,structural_composition_lacks_independent_lexical_identity,False
d118,r0,d118:r0:e0,r0:t1,老师,EXISTING_LEXICON_TERM,HIGH,RECALL_TARGET_MISS,,-1,2,1,4,1,1,PRIMARY_MINIMAL,RECALL_TARGET_MISS,,RECALL_TARGET_MISS|NA|L2|COVERS_CHANGE|EXISTING_LEXICON_TERM|RAW_MISS,,True
d118,r1,d118:r1:e0,r1:t1,道题的,STRUCTURAL_COMPOSITION_SUPPORTED,HIGH,TARGET_NOT_IN_LEXICON,,4,7,4,7,1,1,INVALID_LEXICAL_TARGET,OUTSIDE_CURRENT_CONTRACT,,OUTSIDE_CURRENT_CONTRACT|NA|L3|COVERS_CHANGE|STRUCTURAL_COMPOSITION_SUPPORTED|OTHER_STAGE,structural_composition_lacks_independent_lexical_identity,False
d118,r2,d118:r2:e0,r2:t1,步骤,EXISTING_LEXICON_TERM,HIGH,QUERY_NOT_REPAIR_CAPABLE,RETRY_REGION_PARTIAL_COVERAGE,9,11,7,11,2,1,PRIMARY_MINIMAL,QUERY_NOT_REPAIR_CAPABLE,RETRY_REGION_PARTIAL_COVERAGE,QUERY_NOT_REPAIR_CAPABLE|RETRY_REGION_PARTIAL_COVERAGE|L2|COVERS_CHANGE|EXISTING_LEXICON_TERM|QUERY_FAIL,,True
d118,r2,d118:r2:e0,r2:t1:n1,步,EXISTING_LEXICON_TERM,HIGH,QUERY_NOT_REPAIR_CAPABLE,RETRY_REGION_PARTIAL_COVERAGE,9,10,7,11,1,1,PARTIAL_INSUFFICIENT,OUTSIDE_CURRENT_CONTRACT,,OUTSIDE_CURRENT_CONTRACT|NA|L1|COVERS_CHANGE|EXISTING_LEXICON_TERM|OTHER_STAGE,,True
d119,r0,d119:r0:eX,r0:t1,作业,EXISTING_LEXICON_TERM,HIGH,QUERY_NOT_REPAIR_CAPABLE,RETRY_REGION_PARTIAL_COVERAGE,-1,2,-1,3,0,0,CONTEXT_SUPPORT,OUTSIDE_CURRENT_CONTRACT,,OUTSIDE_CURRENT_CONTRACT|NA|L2|NO_CHANGE_OV|EXISTING_LEXICON_TERM|OTHER_STAGE,zero_changed_element_overlap,True
d119,r1,d119:r1:eX,r1:t1,下午,EXISTING_LEXICON_TERM,HIGH,TARGET_SURVIVED_NO_FINAL_IMPROVEMENT,,6,8,6,9,0,0,CONTEXT_SUPPORT,OUTSIDE_CURRENT_CONTRACT,,OUTSIDE_CURRENT_CONTRACT|NA|L2|NO_CHANGE_OV|EXISTING_LEXICON_TERM|OTHER_STAGE,zero_changed_element_overlap,True
d119,r2,d119:r2:eX,r2:t1,电子,EXISTING_LEXICON_TERM,HIGH,QUERY_NOT_REPAIR_CAPABLE,RETRY_REGION_PARTIAL_COVERAGE,13,15,13,16,0,0,CONTEXT_SUPPORT,OUTSIDE_CURRENT_CONTRACT,,OUTSIDE_CURRENT_CONTRACT|NA|L2|NO_CHANGE_OV|EXISTING_LEXICON_TERM|OTHER_STAGE,zero_changed_element_overlap,True
d119,r3,d119:r3:e0,r3:t1,提交,EXISTING_LEXICON_TERM,HIGH,QUERY_NOT_REPAIR_CAPABLE,RETRY_REGION_PARTIAL_COVERAGE,16,18,16,19,1,1,PRIMARY_MINIMAL,QUERY_NOT_REPAIR_CAPABLE,RETRY_REGION_PARTIAL_COVERAGE,QUERY_NOT_REPAIR_CAPABLE|RETRY_REGION_PARTIAL_COVERAGE|L2|COVERS_CHANGE|EXISTING_LEXICON_TERM|QUERY_FAIL,,True
d119,r3,d119:r3:e0,r3:t1:n1,交,EXISTING_LEXICON_TERM,HIGH,QUERY_NOT_REPAIR_CAPABLE,RETRY_REGION_PARTIAL_COVERAGE,17,18,16,19,1,1,PARTIAL_INSUFFICIENT,OUTSIDE_CURRENT_CONTRACT,,OUTSIDE_CURRENT_CONTRACT|NA|L1|COVERS_CHANGE|EXISTING_LEXICON_TERM|OTHER_STAGE,,True
d120,r0,d120:r0:e0,r0:t1,这门课,STRUCTURAL_COMPOSITION_SUPPORTED,HIGH,TARGET_NOT_IN_LEXICON,,2,5,2,5,1,1,INVALID_LEXICAL_TARGET,OUTSIDE_CURRENT_CONTRACT,,OUTSIDE_CURRENT_CONTRACT|NA|L3|COVERS_CHANGE|STRUCTURAL_COMPOSITION_SUPPORTED|OTHER_STAGE,structural_composition_lacks_independent_lexical_identity,False
d121,r0,d121:r0:e0,r0:t1,预订,EXISTING_LEXICON_TERM,HIGH,QUERY_NOT_REPAIR_CAPABLE,RETRY_REGION_PARTIAL_COVERAGE,1,3,-1,3,1,1,PRIMARY_MINIMAL,QUERY_NOT_REPAIR_CAPABLE,RETRY_REGION_PARTIAL_COVERAGE,QUERY_NOT_REPAIR_CAPABLE|RETRY_REGION_PARTIAL_COVERAGE|L2|COVERS_CHANGE|EXISTING_LEXICON_TERM|QUERY_FAIL,,True
d121,r0,d121:r0:e0,r0:t1:n1,订,EXISTING_LEXICON_TERM,HIGH,QUERY_NOT_REPAIR_CAPABLE,RETRY_REGION_PARTIAL_COVERAGE,2,3,-1,3,1,1,PARTIAL_INSUFFICIENT,OUTSIDE_CURRENT_CONTRACT,,OUTSIDE_CURRENT_CONTRACT|NA|L1|COVERS_CHANGE|EXISTING_LEXICON_TERM|OTHER_STAGE,,True
d121,r1,d121:r1:e0,r1:t1,大床房,EXISTING_LEXICON_TERM,HIGH,RECALL_TARGET_MISS,,5,8,3,6,1,1,SUPERSET_REDUNDANT,OUTSIDE_CURRENT_CONTRACT,,OUTSIDE_CURRENT_CONTRACT|NA|L3|COVERS_CHANGE|EXISTING_LEXICON_TERM|OTHER_STAGE,,True
d121,r1,d121:r1:e0,r1:t1:n1,大,EXISTING_LEXICON_TERM,HIGH,RECALL_TARGET_MISS,,5,6,3,6,1,1,PARTIAL_INSUFFICIENT,OUTSIDE_CURRENT_CONTRACT,,OUTSIDE_CURRENT_CONTRACT|NA|L1|COVERS_CHANGE|EXISTING_LEXICON_TERM|OTHER_STAGE,,True
d121,r1,d121:r1:e0,r1:t1:n2,大床,EXISTING_LEXICON_TERM,HIGH,RECALL_TARGET_MISS,,5,7,3,6,1,1,PRIMARY_MINIMAL,RECALL_TARGET_MISS,,RECALL_TARGET_MISS|NA|L2|COVERS_CHANGE|EXISTING_LEXICON_TERM|RAW_MISS,,True
d123,r0,d123:r0:e0,r0:t1,不太制,STRUCTURAL_COMPOSITION_SUPPORTED,HIGH,TARGET_NOT_IN_LEXICON,,4,7,4,7,1,1,INVALID_LEXICAL_TARGET,OUTSIDE_CURRENT_CONTRACT,,OUTSIDE_CURRENT_CONTRACT|NA|L3|COVERS_CHANGE|STRUCTURAL_COMPOSITION_SUPPORTED|OTHER_STAGE,structural_composition_lacks_independent_lexical_identity,False
d124,r0,d124:r0:e0,r0:t1,需要带,STRUCTURAL_COMPOSITION_SUPPORTED,HIGH,TARGET_NOT_IN_LEXICON,,9,12,9,12,1,1,INVALID_LEXICAL_TARGET,OUTSIDE_CURRENT_CONTRACT,,OUTSIDE_CURRENT_CONTRACT|NA|L3|COVERS_CHANGE|STRUCTURAL_COMPOSITION_SUPPORTED|OTHER_STAGE,structural_composition_lacks_independent_lexical_identity,False
d124,r1,d124:r1:e0,r1:t1,证件,EXISTING_LEXICON_TERM,HIGH,QUERY_NOT_REPAIR_CAPABLE,RETRY_REGION_PARTIAL_COVERAGE,14,16,13,15,1,1,PRIMARY_MINIMAL,QUERY_NOT_REPAIR_CAPABLE,RETRY_REGION_PARTIAL_COVERAGE,QUERY_NOT_REPAIR_CAPABLE|RETRY_REGION_PARTIAL_COVERAGE|L2|COVERS_CHANGE|EXISTING_LEXICON_TERM|QUERY_FAIL,,True
d126,r0,d126:r0:e0,r0:t1,理财,EXISTING_LEXICON_TERM,HIGH,RECALL_TARGET_MISS,,2,4,3,5,1,1,ALTERNATIVE_MINIMAL,RECALL_TARGET_MISS,,RECALL_TARGET_MISS|NA|L2|COVERS_CHANGE|EXISTING_LEXICON_TERM|RAW_MISS,,True
d126,r0,d126:r0:e0,r0:t2,财产,EXISTING_LEXICON_TERM,HIGH,RECALL_TARGET_MISS,,3,5,3,5,2,1,ALTERNATIVE_MINIMAL,RECALL_TARGET_MISS,,RECALL_TARGET_MISS|NA|L2|COVERS_CHANGE|EXISTING_LEXICON_TERM|RAW_MISS,,True
d126,r0,d126:r0:e0,r0:t3,产品,EXISTING_LEXICON_TERM,HIGH,RECALL_TARGET_MISS,,4,6,3,5,1,1,ALTERNATIVE_MINIMAL,RECALL_TARGET_MISS,,RECALL_TARGET_MISS|NA|L2|COVERS_CHANGE|EXISTING_LEXICON_TERM|RAW_MISS,,True
d126,r1,d126:r1:e0,r1:t1,风险,EXISTING_LEXICON_TERM,HIGH,QUERY_NOT_REPAIR_CAPABLE,RETRY_REGION_PARTIAL_COVERAGE,7,9,7,9,2,1,PRIMARY_MINIMAL,QUERY_NOT_REPAIR_CAPABLE,RETRY_REGION_PARTIAL_COVERAGE,QUERY_NOT_REPAIR_CAPABLE|RETRY_REGION_PARTIAL_COVERAGE|L2|COVERS_CHANGE|EXISTING_LEXICON_TERM|QUERY_FAIL,,True
d126,r1,d126:r1:e0,r1:t1:n1,风,EXISTING_LEXICON_TERM,HIGH,QUERY_NOT_REPAIR_CAPABLE,RETRY_REGION_PARTIAL_COVERAGE,7,8,7,9,1,1,PARTIAL_INSUFFICIENT,OUTSIDE_CURRENT_CONTRACT,,OUTSIDE_CURRENT_CONTRACT|NA|L1|COVERS_CHANGE|EXISTING_LEXICON_TERM|OTHER_STAGE,,True
d126,r2,d126:r2:e0,r2:t1,等级,EXISTING_LEXICON_TERM,HIGH,QUERY_NOT_REPAIR_CAPABLE,RETRY_REGION_PARTIAL_COVERAGE,9,11,9,12,1,1,PRIMARY_MINIMAL,QUERY_NOT_REPAIR_CAPABLE,RETRY_REGION_PARTIAL_COVERAGE,QUERY_NOT_REPAIR_CAPABLE|RETRY_REGION_PARTIAL_COVERAGE|L2|COVERS_CHANGE|EXISTING_LEXICON_TERM|QUERY_FAIL,,True
d126,r2,d126:r2:e0,r2:t1:n1,级,EXISTING_LEXICON_TERM,HIGH,QUERY_NOT_REPAIR_CAPABLE,RETRY_REGION_PARTIAL_COVERAGE,10,11,9,12,1,1,PARTIAL_INSUFFICIENT,OUTSIDE_CURRENT_CONTRACT,,OUTSIDE_CURRENT_CONTRACT|NA|L1|COVERS_CHANGE|EXISTING_LEXICON_TERM|OTHER_STAGE,,True
d127,r0,d127:r0:eX,r0:t1,位置,EXISTING_LEXICON_TERM,HIGH,QUERY_NOT_REPAIR_CAPABLE,NO_RAW_RECALL_REGION,6,8,6,10,0,0,CONTEXT_SUPPORT,OUTSIDE_CURRENT_CONTRACT,,OUTSIDE_CURRENT_CONTRACT|NA|L2|NO_CHANGE_OV|EXISTING_LEXICON_TERM|OTHER_STAGE,zero_changed_element_overlap,True
d127,r1,d127:r1:e0,r1:t1,香菜,EXISTING_LEXICON_TERM,HIGH,QUERY_NOT_REPAIR_CAPABLE,NO_RAW_RECALL_REGION,12,14,12,17,2,1,PRIMARY_MINIMAL,QUERY_NOT_REPAIR_CAPABLE,NO_RAW_RECALL_REGION,QUERY_NOT_REPAIR_CAPABLE|NO_RAW_RECALL_REGION|L2|COVERS_CHANGE|EXISTING_LEXICON_TERM|QUERY_FAIL,,True
d127,r1,d127:r1:e0,r1:t1:n1,香,EXISTING_LEXICON_TERM,HIGH,QUERY_NOT_REPAIR_CAPABLE,NO_RAW_RECALL_REGION,12,13,12,17,1,1,PARTIAL_INSUFFICIENT,OUTSIDE_CURRENT_CONTRACT,,OUTSIDE_CURRENT_CONTRACT|NA|L1|COVERS_CHANGE|EXISTING_LEXICON_TERM|OTHER_STAGE,,True
d127,r1,d127:r1:e0,r1:t1:n2,菜,EXISTING_LEXICON_TERM,HIGH,QUERY_NOT_REPAIR_CAPABLE,NO_RAW_RECALL_REGION,13,14,12,17,1,1,PARTIAL_INSUFFICIENT,OUTSIDE_CURRENT_CONTRACT,,OUTSIDE_CURRENT_CONTRACT|NA|L1|COVERS_CHANGE|EXISTING_LEXICON_TERM|OTHER_STAGE,,True
d129,r0,d129:r0:e0,r0:t1,打包,EXISTING_LEXICON_TERM,HIGH,RECALL_TARGET_MISS,,2,4,3,6,1,1,PRIMARY_MINIMAL,RECALL_TARGET_MISS,,RECALL_TARGET_MISS|NA|L2|COVERS_CHANGE|EXISTING_LEXICON_TERM|RAW_MISS,,True
d129,r0,d129:r0:e0,r0:t1:n1,包,EXISTING_LEXICON_TERM,HIGH,RECALL_TARGET_MISS,,3,4,3,6,1,1,PARTIAL_INSUFFICIENT,OUTSIDE_CURRENT_CONTRACT,,OUTSIDE_CURRENT_CONTRACT|NA|L1|COVERS_CHANGE|EXISTING_LEXICON_TERM|OTHER_STAGE,,True
d129,r1,d129:r1:eX,r1:t1,顺便,EXISTING_LEXICON_TERM,HIGH,RECALL_TARGET_MISS,,6,8,6,9,0,0,CONTEXT_SUPPORT,OUTSIDE_CURRENT_CONTRACT,,OUTSIDE_CURRENT_CONTRACT|NA|L2|NO_CHANGE_OV|EXISTING_LEXICON_TERM|OTHER_STAGE,zero_changed_element_overlap,True
d129,r3,d129:r3:e0,r3:t1,扫码,EXISTING_LEXICON_TERM,HIGH,RECALL_TARGET_MISS,,14,16,13,16,1,1,PRIMARY_MINIMAL,RECALL_TARGET_MISS,,RECALL_TARGET_MISS|NA|L2|COVERS_CHANGE|EXISTING_LEXICON_TERM|RAW_MISS,,True
d129,r3,d129:r3:e0,r3:t1:n1,码,EXISTING_LEXICON_TERM,HIGH,RECALL_TARGET_MISS,,15,16,13,16,1,1,PARTIAL_INSUFFICIENT,OUTSIDE_CURRENT_CONTRACT,,OUTSIDE_CURRENT_CONTRACT|NA|L1|COVERS_CHANGE|EXISTING_LEXICON_TERM|OTHER_STAGE,,True
d131,r0,d131:r0:e0,r0:t1,钥匙,EXISTING_LEXICON_TERM,HIGH,RECALL_TARGET_MISS,,5,7,1,7,2,1,PRIMARY_MINIMAL,RECALL_TARGET_MISS,,RECALL_TARGET_MISS|NA|L2|COVERS_CHANGE|EXISTING_LEXICON_TERM|RAW_MISS,,True
d131,r1,d131:r1:e0,r1:t1,帮忙,EXISTING_LEXICON_TERM,HIGH,QUERY_NOT_REPAIR_CAPABLE,RETRY_REGION_PARTIAL_COVERAGE,15,17,14,17,1,1,PRIMARY_MINIMAL,QUERY_NOT_REPAIR_CAPABLE,RETRY_REGION_PARTIAL_COVERAGE,QUERY_NOT_REPAIR_CAPABLE|RETRY_REGION_PARTIAL_COVERAGE|L2|COVERS_CHANGE|EXISTING_LEXICON_TERM|QUERY_FAIL,,True
d131,r1,d131:r1:e0,r1:t1:n1,帮,EXISTING_LEXICON_TERM,HIGH,QUERY_NOT_REPAIR_CAPABLE,RETRY_REGION_PARTIAL_COVERAGE,15,16,14,17,1,1,PARTIAL_INSUFFICIENT,OUTSIDE_CURRENT_CONTRACT,,OUTSIDE_CURRENT_CONTRACT|NA|L1|COVERS_CHANGE|EXISTING_LEXICON_TERM|OTHER_STAGE,,True
d131,r2,d131:r2:eX,r2:t1,帮忙,EXISTING_LEXICON_TERM,HIGH,QUERY_NOT_REPAIR_CAPABLE,RETRY_REGION_PARTIAL_COVERAGE,15,17,16,19,0,0,CONTEXT_SUPPORT,OUTSIDE_CURRENT_CONTRACT,,OUTSIDE_CURRENT_CONTRACT|NA|L2|NO_CHANGE_OV|EXISTING_LEXICON_TERM|OTHER_STAGE,zero_changed_element_overlap,True
d132,r0,d132:r0:eX,r0:t1,游泳,EXISTING_LEXICON_TERM,HIGH,RECALL_TARGET_MISS,,-1,2,-1,3,0,0,CONTEXT_SUPPORT,OUTSIDE_CURRENT_CONTRACT,,OUTSIDE_CURRENT_CONTRACT|NA|L2|NO_CHANGE_OV|EXISTING_LEXICON_TERM|OTHER_STAGE,zero_changed_element_overlap,True
d132,r2,d132:r2:e0,r2:t1,优惠,EXISTING_LEXICON_TERM,HIGH,QUERY_NOT_REPAIR_CAPABLE,RETRY_REGION_PARTIAL_COVERAGE,14,16,14,18,2,1,PRIMARY_MINIMAL,QUERY_NOT_REPAIR_CAPABLE,RETRY_REGION_PARTIAL_COVERAGE,QUERY_NOT_REPAIR_CAPABLE|RETRY_REGION_PARTIAL_COVERAGE|L2|COVERS_CHANGE|EXISTING_LEXICON_TERM|QUERY_FAIL,,True
d133,r0,d133:r0:e0,r0:t2,生成,EXISTING_LEXICON_TERM,HIGH,RECALL_TARGET_MISS,,17,19,16,19,1,1,PRIMARY_MINIMAL,RECALL_TARGET_MISS,,RECALL_TARGET_MISS|NA|L2|COVERS_CHANGE|EXISTING_LEXICON_TERM|RAW_MISS,,True
d133,r0,d133:r0:e0,r0:t2:n1,成,EXISTING_LEXICON_TERM,HIGH,RECALL_TARGET_MISS,,18,19,16,19,1,1,PARTIAL_INSUFFICIENT,OUTSIDE_CURRENT_CONTRACT,,OUTSIDE_CURRENT_CONTRACT|NA|L1|COVERS_CHANGE|EXISTING_LEXICON_TERM|OTHER_STAGE,,True
d133,r0,d133:r0:eX,r0:t1,候选,EXISTING_LEXICON_TERM,HIGH,RECALL_TARGET_MISS,,15,17,16,19,0,0,CONTEXT_SUPPORT,OUTSIDE_CURRENT_CONTRACT,,OUTSIDE_CURRENT_CONTRACT|NA|L2|NO_CHANGE_OV|EXISTING_LEXICON_TERM|OTHER_STAGE,zero_changed_element_overlap,True
d133,r1,d133:r1:e0,r1:t2,接口,EXISTING_LEXICON_TERM,HIGH,QUERY_NOT_REPAIR_CAPABLE,RETRY_REGION_PARTIAL_COVERAGE,20,22,18,21,1,1,PRIMARY_MINIMAL,QUERY_NOT_REPAIR_CAPABLE,RETRY_REGION_PARTIAL_COVERAGE,QUERY_NOT_REPAIR_CAPABLE|RETRY_REGION_PARTIAL_COVERAGE|L2|COVERS_CHANGE|EXISTING_LEXICON_TERM|QUERY_FAIL,,True
d133,r1,d133:r1:e0,r1:t2:n1,接,EXISTING_LEXICON_TERM,HIGH,QUERY_NOT_REPAIR_CAPABLE,RETRY_REGION_PARTIAL_COVERAGE,20,21,18,21,1,1,PARTIAL_INSUFFICIENT,OUTSIDE_CURRENT_CONTRACT,,OUTSIDE_CURRENT_CONTRACT|NA|L1|COVERS_CHANGE|EXISTING_LEXICON_TERM|OTHER_STAGE,,True
d133,r1,d133:r1:eX,r1:t1,生成,EXISTING_LEXICON_TERM,HIGH,QUERY_NOT_REPAIR_CAPABLE,RETRY_REGION_PARTIAL_COVERAGE,17,19,18,21,0,0,CONTEXT_SUPPORT,OUTSIDE_CURRENT_CONTRACT,,OUTSIDE_CURRENT_CONTRACT|NA|L2|NO_CHANGE_OV|EXISTING_LEXICON_TERM|OTHER_STAGE,zero_changed_element_overlap,True
d133,r2,d133:r2:e0,r2:t1,文档,EXISTING_LEXICON_TERM,HIGH,QUERY_NOT_REPAIR_CAPABLE,RETRY_REGION_PARTIAL_COVERAGE,22,24,23,27,1,1,PRIMARY_MINIMAL,QUERY_NOT_REPAIR_CAPABLE,RETRY_REGION_PARTIAL_COVERAGE,QUERY_NOT_REPAIR_CAPABLE|RETRY_REGION_PARTIAL_COVERAGE|L2|COVERS_CHANGE|EXISTING_LEXICON_TERM|QUERY_FAIL,,True
d133,r2,d133:r2:e0,r2:t1:n1,档,EXISTING_LEXICON_TERM,HIGH,QUERY_NOT_REPAIR_CAPABLE,RETRY_REGION_PARTIAL_COVERAGE,23,24,23,27,1,1,PARTIAL_INSUFFICIENT,OUTSIDE_CURRENT_CONTRACT,,OUTSIDE_CURRENT_CONTRACT|NA|L1|COVERS_CHANGE|EXISTING_LEXICON_TERM|OTHER_STAGE,,True
d134,r0,d134:r0:e0,r0:t1,上线,EXISTING_LEXICON_TERM,HIGH,RECALL_TARGET_MISS,,3,5,2,5,1,1,PRIMARY_MINIMAL,RECALL_TARGET_MISS,,RECALL_TARGET_MISS|NA|L2|COVERS_CHANGE|EXISTING_LEXICON_TERM|RAW_MISS,,True
d134,r0,d134:r0:e0,r0:t1:n1,线,EXISTING_LEXICON_TERM,HIGH,RECALL_TARGET_MISS,,4,5,2,5,1,1,PARTIAL_INSUFFICIENT,OUTSIDE_CURRENT_CONTRACT,,OUTSIDE_CURRENT_CONTRACT|NA|L1|COVERS_CHANGE|EXISTING_LEXICON_TERM|OTHER_STAGE,,True
d134,r1,d134:r1:e0,r1:t1,计花已,STRUCTURAL_COMPOSITION_SUPPORTED,HIGH,TARGET_NOT_IN_LEXICON,,5,8,5,8,1,1,INVALID_LEXICAL_TARGET,OUTSIDE_CURRENT_CONTRACT,,OUTSIDE_CURRENT_CONTRACT|NA|L3|COVERS_CHANGE|STRUCTURAL_COMPOSITION_SUPPORTED|OTHER_STAGE,structural_composition_lacks_independent_lexical_identity,False
d134,r2,d134:r2:e0,r2:t1,上线,EXISTING_LEXICON_TERM,HIGH,RECALL_TARGET_MISS,,12,14,12,15,1,1,PRIMARY_MINIMAL,RECALL_TARGET_MISS,,RECALL_TARGET_MISS|NA|L2|COVERS_CHANGE|EXISTING_LEXICON_TERM|RAW_MISS,,True
d134,r2,d134:r2:e0,r2:t1:n1,线,EXISTING_LEXICON_TERM,HIGH,RECALL_TARGET_MISS,,13,14,12,15,1,1,PARTIAL_INSUFFICIENT,OUTSIDE_CURRENT_CONTRACT,,OUTSIDE_CURRENT_CONTRACT|NA|L1|COVERS_CHANGE|EXISTING_LEXICON_TERM|OTHER_STAGE,,True
d134,r2,d134:r2:eX,r2:t2,计划,EXISTING_LEXICON_TERM,HIGH,RECALL_TARGET_MISS,,14,16,12,15,0,0,CONTEXT_SUPPORT,OUTSIDE_CURRENT_CONTRACT,,OUTSIDE_CURRENT_CONTRACT|NA|L2|NO_CHANGE_OV|EXISTING_LEXICON_TERM|OTHER_STAGE,zero_changed_element_overlap,True
d135,r0,d135:r0:e0,r0:t1,选生城,STRUCTURAL_COMPOSITION_SUPPORTED,HIGH,TARGET_NOT_IN_LEXICON,,3,6,3,6,2,2,INVALID_LEXICAL_TARGET,OUTSIDE_CURRENT_CONTRACT,,OUTSIDE_CURRENT_CONTRACT|NA|L3|COVERS_CHANGE|STRUCTURAL_COMPOSITION_SUPPORTED|OTHER_STAGE,structural_composition_lacks_independent_lexical_identity,False
d135,r1,d135:r1:e0,r1:t1,上线,EXISTING_LEXICON_TERM,HIGH,QUERY_NOT_REPAIR_CAPABLE,RETRY_REGION_PARTIAL_COVERAGE,7,9,8,13,1,1,PRIMARY_MINIMAL,QUERY_NOT_REPAIR_CAPABLE,RETRY_REGION_PARTIAL_COVERAGE,QUERY_NOT_REPAIR_CAPABLE|RETRY_REGION_PARTIAL_COVERAGE|L2|COVERS_CHANGE|EXISTING_LEXICON_TERM|QUERY_FAIL,,True
d135,r1,d135:r1:e0,r1:t1:n1,线,EXISTING_LEXICON_TERM,HIGH,QUERY_NOT_REPAIR_CAPABLE,RETRY_REGION_PARTIAL_COVERAGE,8,9,8,13,1,1,PARTIAL_INSUFFICIENT,OUTSIDE_CURRENT_CONTRACT,,OUTSIDE_CURRENT_CONTRACT|NA|L1|COVERS_CHANGE|EXISTING_LEXICON_TERM|OTHER_STAGE,,True
d135,r2,d135:r2:e0,r2:t1,上线,EXISTING_LEXICON_TERM,HIGH,QUERY_NOT_REPAIR_CAPABLE,RETRY_REGION_PARTIAL_COVERAGE,14,16,15,19,1,1,ALTERNATIVE_MINIMAL,QUERY_NOT_REPAIR_CAPABLE,RETRY_REGION_PARTIAL_COVERAGE,QUERY_NOT_REPAIR_CAPABLE|RETRY_REGION_PARTIAL_COVERAGE|L2|COVERS_CHANGE|EXISTING_LEXICON_TERM|QUERY_FAIL,,True
d135,r2,d135:r2:e0,r2:t2,计划,EXISTING_LEXICON_TERM,HIGH,QUERY_NOT_REPAIR_CAPABLE,RETRY_REGION_PARTIAL_COVERAGE,16,18,15,19,2,1,ALTERNATIVE_MINIMAL,QUERY_NOT_REPAIR_CAPABLE,RETRY_REGION_PARTIAL_COVERAGE,QUERY_NOT_REPAIR_CAPABLE|RETRY_REGION_PARTIAL_COVERAGE|L2|COVERS_CHANGE|EXISTING_LEXICON_TERM|QUERY_FAIL,,True
d135,r2,d135:r2:e0,r2:t3,执行,EXISTING_LEXICON_TERM,HIGH,QUERY_NOT_REPAIR_CAPABLE,RETRY_REGION_PARTIAL_COVERAGE,18,20,15,19,1,1,ALTERNATIVE_MINIMAL,QUERY_NOT_REPAIR_CAPABLE,RETRY_REGION_PARTIAL_COVERAGE,QUERY_NOT_REPAIR_CAPABLE|RETRY_REGION_PARTIAL_COVERAGE|L2|COVERS_CHANGE|EXISTING_LEXICON_TERM|QUERY_FAIL,,True
d135,r2,d135:r2:e0,r2:t1:n1,线,EXISTING_LEXICON_TERM,HIGH,QUERY_NOT_REPAIR_CAPABLE,RETRY_REGION_PARTIAL_COVERAGE,15,16,15,19,1,1,PARTIAL_INSUFFICIENT,OUTSIDE_CURRENT_CONTRACT,,OUTSIDE_CURRENT_CONTRACT|NA|L1|COVERS_CHANGE|EXISTING_LEXICON_TERM|OTHER_STAGE,,True
d135,r2,d135:r2:e0,r2:t2:n2,计,EXISTING_LEXICON_TERM,HIGH,QUERY_NOT_REPAIR_CAPABLE,RETRY_REGION_PARTIAL_COVERAGE,16,17,15,19,1,1,PARTIAL_INSUFFICIENT,OUTSIDE_CURRENT_CONTRACT,,OUTSIDE_CURRENT_CONTRACT|NA|L1|COVERS_CHANGE|EXISTING_LEXICON_TERM|OTHER_STAGE,,True
d135,r2,d135:r2:e0,r2:t2:n3,划,EXISTING_LEXICON_TERM,HIGH,QUERY_NOT_REPAIR_CAPABLE,RETRY_REGION_PARTIAL_COVERAGE,17,18,15,19,1,1,PARTIAL_INSUFFICIENT,OUTSIDE_CURRENT_CONTRACT,,OUTSIDE_CURRENT_CONTRACT|NA|L1|COVERS_CHANGE|EXISTING_LEXICON_TERM|OTHER_STAGE,,True
d136,r0,d136:r0:e0,r0:t1,中杯,EXISTING_LEXICON_TERM,HIGH,QUERY_NOT_REPAIR_CAPABLE,RETRY_REGION_PARTIAL_COVERAGE,13,15,14,17,1,1,PRIMARY_MINIMAL,QUERY_NOT_REPAIR_CAPABLE,RETRY_REGION_PARTIAL_COVERAGE,QUERY_NOT_REPAIR_CAPABLE|RETRY_REGION_PARTIAL_COVERAGE|L2|COVERS_CHANGE|EXISTING_LEXICON_TERM|QUERY_FAIL,,True
d136,r0,d136:r0:e0,r0:t1:n1,杯,EXISTING_LEXICON_TERM,HIGH,QUERY_NOT_REPAIR_CAPABLE,RETRY_REGION_PARTIAL_COVERAGE,14,15,14,17,1,1,PARTIAL_INSUFFICIENT,OUTSIDE_CURRENT_CONTRACT,,OUTSIDE_CURRENT_CONTRACT|NA|L1|COVERS_CHANGE|EXISTING_LEXICON_TERM|OTHER_STAGE,,True
d136,r1,d136:r1:e0,r1:t1,问一下,EXISTING_LEXICON_TERM,HIGH,QUERY_NOT_REPAIR_CAPABLE,RETRY_REGION_PARTIAL_COVERAGE,21,24,18,24,3,1,PARTIAL_INSUFFICIENT,OUTSIDE_CURRENT_CONTRACT,,OUTSIDE_CURRENT_CONTRACT|NA|L3|COVERS_CHANGE|EXISTING_LEXICON_TERM|OTHER_STAGE,,True
d136,r1,d136:r1:e0,r1:t2,顺便,EXISTING_LEXICON_TERM,HIGH,QUERY_NOT_REPAIR_CAPABLE,RETRY_REGION_PARTIAL_COVERAGE,19,21,18,24,2,1,PRIMARY_MINIMAL,QUERY_NOT_REPAIR_CAPABLE,RETRY_REGION_PARTIAL_COVERAGE,QUERY_NOT_REPAIR_CAPABLE|RETRY_REGION_PARTIAL_COVERAGE|L2|COVERS_CHANGE|EXISTING_LEXICON_TERM|QUERY_FAIL,,True
d136,r1,d136:r1:e0,r1:t1:n1,问,EXISTING_LEXICON_TERM,HIGH,QUERY_NOT_REPAIR_CAPABLE,RETRY_REGION_PARTIAL_COVERAGE,21,22,18,24,1,1,PARTIAL_INSUFFICIENT,OUTSIDE_CURRENT_CONTRACT,,OUTSIDE_CURRENT_CONTRACT|NA|L1|COVERS_CHANGE|EXISTING_LEXICON_TERM|OTHER_STAGE,,True
d136,r1,d136:r1:e0,r1:t1:n2,一,EXISTING_LEXICON_TERM,HIGH,QUERY_NOT_REPAIR_CAPABLE,RETRY_REGION_PARTIAL_COVERAGE,22,23,18,24,1,1,PARTIAL_INSUFFICIENT,OUTSIDE_CURRENT_CONTRACT,,OUTSIDE_CURRENT_CONTRACT|NA|L1|COVERS_CHANGE|EXISTING_LEXICON_TERM|OTHER_STAGE,,True
d136,r1,d136:r1:e0,r1:t1:n3,下,EXISTING_LEXICON_TERM,HIGH,QUERY_NOT_REPAIR_CAPABLE,RETRY_REGION_PARTIAL_COVERAGE,23,24,18,24,1,1,PARTIAL_INSUFFICIENT,OUTSIDE_CURRENT_CONTRACT,,OUTSIDE_CURRENT_CONTRACT|NA|L1|COVERS_CHANGE|EXISTING_LEXICON_TERM|OTHER_STAGE,,True
d136,r1,d136:r1:e0,r1:t2:n4,顺,EXISTING_LEXICON_TERM,HIGH,QUERY_NOT_REPAIR_CAPABLE,RETRY_REGION_PARTIAL_COVERAGE,19,20,18,24,1,1,PARTIAL_INSUFFICIENT,OUTSIDE_CURRENT_CONTRACT,,OUTSIDE_CURRENT_CONTRACT|NA|L1|COVERS_CHANGE|EXISTING_LEXICON_TERM|OTHER_STAGE,,True
d136,r1,d136:r1:e0,r1:t2:n5,便,EXISTING_LEXICON_TERM,HIGH,QUERY_NOT_REPAIR_CAPABLE,RETRY_REGION_PARTIAL_COVERAGE,20,21,18,24,1,1,PARTIAL_INSUFFICIENT,OUTSIDE_CURRENT_CONTRACT,,OUTSIDE_CURRENT_CONTRACT|NA|L1|COVERS_CHANGE|EXISTING_LEXICON_TERM|OTHER_STAGE,,True
d136,r2,d136:r2:e0,r2:t2,曲奇,EXISTING_LEXICON_TERM,HIGH,QUERY_NOT_REPAIR_CAPABLE,RETRY_REGION_PARTIAL_COVERAGE,27,29,25,28,1,1,PRIMARY_MINIMAL,QUERY_NOT_REPAIR_CAPABLE,RETRY_REGION_PARTIAL_COVERAGE,QUERY_NOT_REPAIR_CAPABLE|RETRY_REGION_PARTIAL_COVERAGE|L2|COVERS_CHANGE|EXISTING_LEXICON_TERM|QUERY_FAIL,,True
d136,r2,d136:r2:e0,r2:t2:n1,曲,EXISTING_LEXICON_TERM,HIGH,QUERY_NOT_REPAIR_CAPABLE,RETRY_REGION_PARTIAL_COVERAGE,27,28,25,28,1,1,PARTIAL_INSUFFICIENT,OUTSIDE_CURRENT_CONTRACT,,OUTSIDE_CURRENT_CONTRACT|NA|L1|COVERS_CHANGE|EXISTING_LEXICON_TERM|OTHER_STAGE,,True
d136,r2,d136:r2:eX,r2:t1,今天,EXISTING_LEXICON_TERM,HIGH,QUERY_NOT_REPAIR_CAPABLE,RETRY_REGION_PARTIAL_COVERAGE,24,26,25,28,0,0,CONTEXT_SUPPORT,OUTSIDE_CURRENT_CONTRACT,,OUTSIDE_CURRENT_CONTRACT|NA|L2|NO_CHANGE_OV|EXISTING_LEXICON_TERM|OTHER_STAGE,zero_changed_element_overlap,True
d137,r0,d137:r0:e0,r0:t1,大杯,EXISTING_LEXICON_TERM,HIGH,QUERY_NOT_REPAIR_CAPABLE,RETRY_REGION_PARTIAL_COVERAGE,13,15,13,16,1,1,PRIMARY_MINIMAL,QUERY_NOT_REPAIR_CAPABLE,RETRY_REGION_PARTIAL_COVERAGE,QUERY_NOT_REPAIR_CAPABLE|RETRY_REGION_PARTIAL_COVERAGE|L2|COVERS_CHANGE|EXISTING_LEXICON_TERM|QUERY_FAIL,,True
d137,r0,d137:r0:e0,r0:t1:n1,杯,EXISTING_LEXICON_TERM,HIGH,QUERY_NOT_REPAIR_CAPABLE,RETRY_REGION_PARTIAL_COVERAGE,14,15,13,16,1,1,PARTIAL_INSUFFICIENT,OUTSIDE_CURRENT_CONTRACT,,OUTSIDE_CURRENT_CONTRACT|NA|L1|COVERS_CHANGE|EXISTING_LEXICON_TERM|OTHER_STAGE,,True
d138,r0,d138:r0:e0,r0:t1,少冰,EXISTING_LEXICON_TERM,HIGH,QUERY_NOT_REPAIR_CAPABLE,RETRY_REGION_PARTIAL_COVERAGE,8,10,7,10,1,1,PRIMARY_MINIMAL,QUERY_NOT_REPAIR_CAPABLE,RETRY_REGION_PARTIAL_COVERAGE,QUERY_NOT_REPAIR_CAPABLE|RETRY_REGION_PARTIAL_COVERAGE|L2|COVERS_CHANGE|EXISTING_LEXICON_TERM|QUERY_FAIL,,True
d138,r0,d138:r0:e0,r0:t1:n1,冰,EXISTING_LEXICON_TERM,HIGH,QUERY_NOT_REPAIR_CAPABLE,RETRY_REGION_PARTIAL_COVERAGE,9,10,7,10,1,1,PARTIAL_INSUFFICIENT,OUTSIDE_CURRENT_CONTRACT,,OUTSIDE_CURRENT_CONTRACT|NA|L1|COVERS_CHANGE|EXISTING_LEXICON_TERM|OTHER_STAGE,,True
d138,r1,d138:r1:e0,r1:t1,小杯,EXISTING_LEXICON_TERM,HIGH,QUERY_NOT_REPAIR_CAPABLE,RETRY_REGION_PARTIAL_COVERAGE,17,19,17,20,1,1,PRIMARY_MINIMAL,QUERY_NOT_REPAIR_CAPABLE,RETRY_REGION_PARTIAL_COVERAGE,QUERY_NOT_REPAIR_CAPABLE|RETRY_REGION_PARTIAL_COVERAGE|L2|COVERS_CHANGE|EXISTING_LEXICON_TERM|QUERY_FAIL,,True
d138,r1,d138:r1:e0,r1:t1:n1,杯,EXISTING_LEXICON_TERM,HIGH,QUERY_NOT_REPAIR_CAPABLE,RETRY_REGION_PARTIAL_COVERAGE,18,19,17,20,1,1,PARTIAL_INSUFFICIENT,OUTSIDE_CURRENT_CONTRACT,,OUTSIDE_CURRENT_CONTRACT|NA|L1|COVERS_CHANGE|EXISTING_LEXICON_TERM|OTHER_STAGE,,True
d139,r0,d139:r0:e0,r0:t1,李工,STRUCTURAL_COMPOSITION_SUPPORTED,HIGH,TARGET_NOT_IN_LEXICON,,-1,2,-1,2,1,1,INVALID_LEXICAL_TARGET,OUTSIDE_CURRENT_CONTRACT,,OUTSIDE_CURRENT_CONTRACT|NA|L2|COVERS_CHANGE|STRUCTURAL_COMPOSITION_SUPPORTED|OTHER_STAGE,structural_composition_lacks_independent_lexical_identity,False
d139,r1,d139:r1:e0,r1:t1,客户,EXISTING_LEXICON_TERM,HIGH,KENLM_TARGET_NOT_SELECTED,,3,5,2,5,2,1,PRIMARY_MINIMAL,KENLM_TARGET_NOT_SELECTED,,KENLM_TARGET_NOT_SELECTED|NA|L2|COVERS_CHANGE|EXISTING_LEXICON_TERM|OTHER_STAGE,,True
d139,r1,d139:r1:e0,r1:t1:n1,客,EXISTING_LEXICON_TERM,HIGH,KENLM_TARGET_NOT_SELECTED,,3,4,2,5,1,1,PARTIAL_INSUFFICIENT,OUTSIDE_CURRENT_CONTRACT,,OUTSIDE_CURRENT_CONTRACT|NA|L1|COVERS_CHANGE|EXISTING_LEXICON_TERM|OTHER_STAGE,,True
d139,r1,d139:r1:e0,r1:t1:n2,户,EXISTING_LEXICON_TERM,HIGH,KENLM_TARGET_NOT_SELECTED,,4,5,2,5,1,1,PARTIAL_INSUFFICIENT,OUTSIDE_CURRENT_CONTRACT,,OUTSIDE_CURRENT_CONTRACT|NA|L1|COVERS_CHANGE|EXISTING_LEXICON_TERM|OTHER_STAGE,,True
d139,r2,d139:r2:e0,r2:t1,翻译,EXISTING_LEXICON_TERM,HIGH,RECALL_TARGET_MISS,,7,9,6,9,2,1,PRIMARY_MINIMAL,RECALL_TARGET_MISS,,RECALL_TARGET_MISS|NA|L2|COVERS_CHANGE|EXISTING_LEXICON_TERM|RAW_MISS,,True
d139,r2,d139:r2:e0,r2:t1:n1,翻,EXISTING_LEXICON_TERM,HIGH,RECALL_TARGET_MISS,,7,8,6,9,1,1,PARTIAL_INSUFFICIENT,OUTSIDE_CURRENT_CONTRACT,,OUTSIDE_CURRENT_CONTRACT|NA|L1|COVERS_CHANGE|EXISTING_LEXICON_TERM|OTHER_STAGE,,True
d139,r4,d139:r4:e1,r4:t1,不能,EXISTING_LEXICON_TERM,HIGH,QUERY_NOT_REPAIR_CAPABLE,RETRY_REGION_PARTIAL_COVERAGE,19,21,17,20,1,1,PRIMARY_MINIMAL,QUERY_NOT_REPAIR_CAPABLE,RETRY_REGION_PARTIAL_COVERAGE,QUERY_NOT_REPAIR_CAPABLE|RETRY_REGION_PARTIAL_COVERAGE|L2|COVERS_CHANGE|EXISTING_LEXICON_TERM|QUERY_FAIL,,True
d139,r4,d139:r4:e1,r4:t1:n1,不,EXISTING_LEXICON_TERM,HIGH,QUERY_NOT_REPAIR_CAPABLE,RETRY_REGION_PARTIAL_COVERAGE,19,20,17,20,1,1,PARTIAL_INSUFFICIENT,OUTSIDE_CURRENT_CONTRACT,,OUTSIDE_CURRENT_CONTRACT|NA|L1|COVERS_CHANGE|EXISTING_LEXICON_TERM|OTHER_STAGE,,True
d139,r4,d139:r4:e1,r4:t1:n2,能,EXISTING_LEXICON_TERM,HIGH,QUERY_NOT_REPAIR_CAPABLE,RETRY_REGION_PARTIAL_COVERAGE,20,21,17,20,1,1,PARTIAL_INSUFFICIENT,OUTSIDE_CURRENT_CONTRACT,,OUTSIDE_CURRENT_CONTRACT|NA|L1|COVERS_CHANGE|EXISTING_LEXICON_TERM|OTHER_STAGE,,True
d140,r0,d140:r0:eX,r0:t1,今天,EXISTING_LEXICON_TERM,HIGH,RECALL_TARGET_MISS,,-1,2,-1,3,0,0,CONTEXT_SUPPORT,OUTSIDE_CURRENT_CONTRACT,,OUTSIDE_CURRENT_CONTRACT|NA|L2|NO_CHANGE_OV|EXISTING_LEXICON_TERM|OTHER_STAGE,zero_changed_element_overlap,True
d140,r1,d140:r1:e0,r1:t1,订单,EXISTING_LEXICON_TERM,HIGH,QUERY_NOT_REPAIR_CAPABLE,RETRY_REGION_PARTIAL_COVERAGE,9,11,9,11,2,1,PRIMARY_MINIMAL,QUERY_NOT_REPAIR_CAPABLE,RETRY_REGION_PARTIAL_COVERAGE,QUERY_NOT_REPAIR_CAPABLE|RETRY_REGION_PARTIAL_COVERAGE|L2|COVERS_CHANGE|EXISTING_LEXICON_TERM|QUERY_FAIL,,True
d140,r1,d140:r1:e0,r1:t1:n1,订,EXISTING_LEXICON_TERM,HIGH,QUERY_NOT_REPAIR_CAPABLE,RETRY_REGION_PARTIAL_COVERAGE,9,10,9,11,1,1,PARTIAL_INSUFFICIENT,OUTSIDE_CURRENT_CONTRACT,,OUTSIDE_CURRENT_CONTRACT|NA|L1|COVERS_CHANGE|EXISTING_LEXICON_TERM|OTHER_STAGE,,True
d140,r1,d140:r1:e0,r1:t1:n2,单,EXISTING_LEXICON_TERM,HIGH,QUERY_NOT_REPAIR_CAPABLE,RETRY_REGION_PARTIAL_COVERAGE,10,11,9,11,1,1,PARTIAL_INSUFFICIENT,OUTSIDE_CURRENT_CONTRACT,,OUTSIDE_CURRENT_CONTRACT|NA|L1|COVERS_CHANGE|EXISTING_LEXICON_TERM|OTHER_STAGE,,True
d140,r3,d140:r3:e0,r3:t1,用高这,STRUCTURAL_COMPOSITION_SUPPORTED,HIGH,TARGET_NOT_IN_LEXICON,,19,22,19,22,1,1,INVALID_LEXICAL_TARGET,OUTSIDE_CURRENT_CONTRACT,,OUTSIDE_CURRENT_CONTRACT|NA|L3|COVERS_CHANGE|STRUCTURAL_COMPOSITION_SUPPORTED|OTHER_STAGE,structural_composition_lacks_independent_lexical_identity,False
d140,r4,d140:r4:e0,r4:t1,限流,EXISTING_LEXICON_TERM,HIGH,RECALL_TARGET_MISS,,25,27,25,27,2,1,PRIMARY_MINIMAL,RECALL_TARGET_MISS,,RECALL_TARGET_MISS|NA|L2|COVERS_CHANGE|EXISTING_LEXICON_TERM|RAW_MISS,,True
d140,r4,d140:r4:e0,r4:t1:n1,流,EXISTING_LEXICON_TERM,HIGH,RECALL_TARGET_MISS,,26,27,25,27,1,1,PARTIAL_INSUFFICIENT,OUTSIDE_CURRENT_CONTRACT,,OUTSIDE_CURRENT_CONTRACT|NA|L1|COVERS_CHANGE|EXISTING_LEXICON_TERM|OTHER_STAGE,,True
d141,r0,d141:r0:e0,r0:t1,会员,EXISTING_LEXICON_TERM,HIGH,RECALL_TARGET_MISS,,1,3,-1,5,2,1,ALTERNATIVE_MINIMAL,RECALL_TARGET_MISS,,RECALL_TARGET_MISS|NA|L2|COVERS_CHANGE|EXISTING_LEXICON_TERM|RAW_MISS,,True
d141,r0,d141:r0:e0,r0:t2,系统,EXISTING_LEXICON_TERM,HIGH,RECALL_TARGET_MISS,,3,5,-1,5,2,1,ALTERNATIVE_MINIMAL,RECALL_TARGET_MISS,,RECALL_TARGET_MISS|NA|L2|COVERS_CHANGE|EXISTING_LEXICON_TERM|RAW_MISS,,True
d141,r0,d141:r0:e0,r0:t1:n1,会,EXISTING_LEXICON_TERM,HIGH,RECALL_TARGET_MISS,,1,2,-1,5,1,1,PARTIAL_INSUFFICIENT,OUTSIDE_CURRENT_CONTRACT,,OUTSIDE_CURRENT_CONTRACT|NA|L1|COVERS_CHANGE|EXISTING_LEXICON_TERM|OTHER_STAGE,,True
d141,r0,d141:r0:e0,r0:t2:n2,系,EXISTING_LEXICON_TERM,HIGH,RECALL_TARGET_MISS,,3,4,-1,5,1,1,PARTIAL_INSUFFICIENT,OUTSIDE_CURRENT_CONTRACT,,OUTSIDE_CURRENT_CONTRACT|NA|L1|COVERS_CHANGE|EXISTING_LEXICON_TERM|OTHER_STAGE,,True
d141,r1,d141:r1:e0,r1:t2,帮忙,EXISTING_LEXICON_TERM,HIGH,QUERY_NOT_REPAIR_CAPABLE,RETRY_REGION_PARTIAL_COVERAGE,23,25,21,24,1,1,PRIMARY_MINIMAL,QUERY_NOT_REPAIR_CAPABLE,RETRY_REGION_PARTIAL_COVERAGE,QUERY_NOT_REPAIR_CAPABLE|RETRY_REGION_PARTIAL_COVERAGE|L2|COVERS_CHANGE|EXISTING_LEXICON_TERM|QUERY_FAIL,,True
d141,r1,d141:r1:e0,r1:t2:n1,帮,EXISTING_LEXICON_TERM,HIGH,QUERY_NOT_REPAIR_CAPABLE,RETRY_REGION_PARTIAL_COVERAGE,23,24,21,24,1,1,PARTIAL_INSUFFICIENT,OUTSIDE_CURRENT_CONTRACT,,OUTSIDE_CURRENT_CONTRACT|NA|L1|COVERS_CHANGE|EXISTING_LEXICON_TERM|OTHER_STAGE,,True
d141,r1,d141:r1:eX,r1:t1,大家,EXISTING_LEXICON_TERM,HIGH,QUERY_NOT_REPAIR_CAPABLE,RETRY_REGION_PARTIAL_COVERAGE,21,23,21,24,0,0,CONTEXT_SUPPORT,OUTSIDE_CURRENT_CONTRACT,,OUTSIDE_CURRENT_CONTRACT|NA|L2|NO_CHANGE_OV|EXISTING_LEXICON_TERM|OTHER_STAGE,zero_changed_element_overlap,True
d141,r2,d141:r2:e0,r2:t1,评审,EXISTING_LEXICON_TERM,HIGH,QUERY_NOT_REPAIR_CAPABLE,RETRY_REGION_PARTIAL_COVERAGE,25,27,25,27,2,1,PRIMARY_MINIMAL,QUERY_NOT_REPAIR_CAPABLE,RETRY_REGION_PARTIAL_COVERAGE,QUERY_NOT_REPAIR_CAPABLE|RETRY_REGION_PARTIAL_COVERAGE|L2|COVERS_CHANGE|EXISTING_LEXICON_TERM|QUERY_FAIL,,True
d142,r1,d142:r1:e0,r1:t1,浦东,EXISTING_LEXICON_TERM,HIGH,RECALL_TARGET_MISS,,4,6,5,7,1,1,ALTERNATIVE_MINIMAL,RECALL_TARGET_MISS,,RECALL_TARGET_MISS|NA|L2|COVERS_CHANGE|EXISTING_LEXICON_TERM|RAW_MISS,,True
d142,r1,d142:r1:e0,r1:t2,张江,EXISTING_LEXICON_TERM,HIGH,RECALL_TARGET_MISS,,6,8,5,7,1,1,ALTERNATIVE_MINIMAL,RECALL_TARGET_MISS,,RECALL_TARGET_MISS|NA|L2|COVERS_CHANGE|EXISTING_LEXICON_TERM|RAW_MISS,,True
d142,r1,d142:r1:e0,r1:t1:n1,东,EXISTING_LEXICON_TERM,HIGH,RECALL_TARGET_MISS,,5,6,5,7,1,1,PARTIAL_INSUFFICIENT,OUTSIDE_CURRENT_CONTRACT,,OUTSIDE_CURRENT_CONTRACT|NA|L1|COVERS_CHANGE|EXISTING_LEXICON_TERM|OTHER_STAGE,,True
d142,r1,d142:r1:e0,r1:t2:n2,张,EXISTING_LEXICON_TERM,HIGH,RECALL_TARGET_MISS,,6,7,5,7,1,1,PARTIAL_INSUFFICIENT,OUTSIDE_CURRENT_CONTRACT,,OUTSIDE_CURRENT_CONTRACT|NA|L1|COVERS_CHANGE|EXISTING_LEXICON_TERM|OTHER_STAGE,,True
d142,r2,d142:r2:e0,r2:t1,我赶九,STRUCTURAL_COMPOSITION_SUPPORTED,HIGH,TARGET_NOT_IN_LEXICON,,13,16,13,16,1,1,INVALID_LEXICAL_TARGET,OUTSIDE_CURRENT_CONTRACT,,OUTSIDE_CURRENT_CONTRACT|NA|L3|COVERS_CHANGE|STRUCTURAL_COMPOSITION_SUPPORTED|OTHER_STAGE,structural_composition_lacks_independent_lexical_identity,False
d143,r0,d143:r0:e0,r0:t1,圳南山,STRUCTURAL_COMPOSITION_SUPPORTED,HIGH,TARGET_NOT_IN_LEXICON,,6,9,6,9,1,1,INVALID_LEXICAL_TARGET,OUTSIDE_CURRENT_CONTRACT,,OUTSIDE_CURRENT_CONTRACT|NA|L3|COVERS_CHANGE|STRUCTURAL_COMPOSITION_SUPPORTED|OTHER_STAGE,structural_composition_lacks_independent_lexical_identity,False
d143,r1,d143:r1:e0,r1:t1,我十点,STRUCTURAL_COMPOSITION_SUPPORTED,HIGH,TARGET_NOT_IN_LEXICON,,22,25,22,25,1,1,INVALID_LEXICAL_TARGET,OUTSIDE_CURRENT_CONTRACT,,OUTSIDE_CURRENT_CONTRACT|NA|L3|COVERS_CHANGE|STRUCTURAL_COMPOSITION_SUPPORTED|OTHER_STAGE,structural_composition_lacks_independent_lexical_identity,False
d143,r2,d143:r2:e0,r2:t1,点十分,STRUCTURAL_COMPOSITION_SUPPORTED,HIGH,TARGET_NOT_IN_LEXICON,,24,27,24,27,1,1,INVALID_LEXICAL_TARGET,OUTSIDE_CURRENT_CONTRACT,,OUTSIDE_CURRENT_CONTRACT|NA|L3|COVERS_CHANGE|STRUCTURAL_COMPOSITION_SUPPORTED|OTHER_STAGE,structural_composition_lacks_independent_lexical_identity,False
d143,r3,d143:r3:e0,r3:t1,分有个,STRUCTURAL_COMPOSITION_SUPPORTED,HIGH,TARGET_NOT_IN_LEXICON,,26,29,26,29,1,1,INVALID_LEXICAL_TARGET,OUTSIDE_CURRENT_CONTRACT,,OUTSIDE_CURRENT_CONTRACT|NA|L3|COVERS_CHANGE|STRUCTURAL_COMPOSITION_SUPPORTED|OTHER_STAGE,structural_composition_lacks_independent_lexical_identity,False
d144,r0,d144:r0:e0,r0:t1,去杭州,STRUCTURAL_COMPOSITION_SUPPORTED,HIGH,TARGET_NOT_IN_LEXICON,,-1,3,-1,3,1,1,INVALID_LEXICAL_TARGET,OUTSIDE_CURRENT_CONTRACT,,OUTSIDE_CURRENT_CONTRACT|NA|L3|COVERS_CHANGE|STRUCTURAL_COMPOSITION_SUPPORTED|OTHER_STAGE,structural_composition_lacks_independent_lexical_identity,False
d144,r1,d144:r1:e0,r1:t1,西溪,EXISTING_LEXICON_TERM,HIGH,QUERY_NOT_REPAIR_CAPABLE,RETRY_REGION_PARTIAL_COVERAGE,3,5,4,7,1,1,PRIMARY_MINIMAL,QUERY_NOT_REPAIR_CAPABLE,RETRY_REGION_PARTIAL_COVERAGE,QUERY_NOT_REPAIR_CAPABLE|RETRY_REGION_PARTIAL_COVERAGE|L2|COVERS_CHANGE|EXISTING_LEXICON_TERM|QUERY_FAIL,,True
d144,r2,d144:r2:e0,r2:t1,延安,STRUCTURAL_COMPOSITION_SUPPORTED,HIGH,TARGET_NOT_IN_LEXICON,,8,10,8,10,2,1,INVALID_LEXICAL_TARGET,OUTSIDE_CURRENT_CONTRACT,,OUTSIDE_CURRENT_CONTRACT|NA|L2|COVERS_CHANGE|STRUCTURAL_COMPOSITION_SUPPORTED|OTHER_STAGE,structural_composition_lacks_independent_lexical_identity,False
d144,r3,d144:r3:eX,r3:t1,现在,EXISTING_LEXICON_TERM,HIGH,QUERY_NOT_REPAIR_CAPABLE,RETRY_REGION_PARTIAL_COVERAGE,19,21,19,22,0,0,CONTEXT_SUPPORT,OUTSIDE_CURRENT_CONTRACT,,OUTSIDE_CURRENT_CONTRACT|NA|L2|NO_CHANGE_OV|EXISTING_LEXICON_TERM|OTHER_STAGE,zero_changed_element_overlap,True
d145,r0,d145:r0:e0,r0:t1,开点药并,STRUCTURAL_COMPOSITION_SUPPORTED,HIGH,TARGET_NOT_IN_LEXICON,,14,18,14,18,4,1,INVALID_LEXICAL_TARGET,OUTSIDE_CURRENT_CONTRACT,,OUTSIDE_CURRENT_CONTRACT|NA|L4p|COVERS_CHANGE|STRUCTURAL_COMPOSITION_SUPPORTED|OTHER_STAGE,structural_composition_lacks_independent_lexical_identity,False
d145,r1,d145:r1:e0,r1:t1,个血,STRUCTURAL_COMPOSITION_SUPPORTED,HIGH,TARGET_NOT_IN_LEXICON,,19,21,19,21,2,1,INVALID_LEXICAL_TARGET,OUTSIDE_CURRENT_CONTRACT,,OUTSIDE_CURRENT_CONTRACT|NA|L2|COVERS_CHANGE|STRUCTURAL_COMPOSITION_SUPPORTED|OTHER_STAGE,structural_composition_lacks_independent_lexical_identity,False
d145,r2,d145:r2:e0,r2:t1,常规,EXISTING_LEXICON_TERM,HIGH,QUERY_NOT_REPAIR_CAPABLE,RETRY_REGION_PARTIAL_COVERAGE,21,23,21,24,1,1,PRIMARY_MINIMAL,QUERY_NOT_REPAIR_CAPABLE,RETRY_REGION_PARTIAL_COVERAGE,QUERY_NOT_REPAIR_CAPABLE|RETRY_REGION_PARTIAL_COVERAGE|L2|COVERS_CHANGE|EXISTING_LEXICON_TERM|QUERY_FAIL,,True
d146,r0,d146:r0:e0,r0:t1,挂号处,EXISTING_LEXICON_TERM,HIGH,RECALL_TARGET_MISS,,-1,3,-1,3,1,1,PRIMARY_MINIMAL,RECALL_TARGET_MISS,,RECALL_TARGET_MISS|NA|L3|COVERS_CHANGE|EXISTING_LEXICON_TERM|RAW_MISS,,True
d146,r0,d146:r0:e0,r0:t1:n1,处,EXISTING_LEXICON_TERM,HIGH,RECALL_TARGET_MISS,,2,3,-1,3,1,1,PARTIAL_INSUFFICIENT,OUTSIDE_CURRENT_CONTRACT,,OUTSIDE_CURRENT_CONTRACT|NA|L1|COVERS_CHANGE|EXISTING_LEXICON_TERM|OTHER_STAGE,,True
d146,r1,d146:r1:e0,r1:t1,内科,EXISTING_LEXICON_TERM,HIGH,QUERY_NOT_REPAIR_CAPABLE,RETRY_REGION_PARTIAL_COVERAGE,5,7,5,8,1,1,PRIMARY_MINIMAL,QUERY_NOT_REPAIR_CAPABLE,RETRY_REGION_PARTIAL_COVERAGE,QUERY_NOT_REPAIR_CAPABLE|RETRY_REGION_PARTIAL_COVERAGE|L2|COVERS_CHANGE|EXISTING_LEXICON_TERM|QUERY_FAIL,,True
d146,r1,d146:r1:e0,r1:t1:n1,科,EXISTING_LEXICON_TERM,HIGH,QUERY_NOT_REPAIR_CAPABLE,RETRY_REGION_PARTIAL_COVERAGE,6,7,5,8,1,1,PARTIAL_INSUFFICIENT,OUTSIDE_CURRENT_CONTRACT,,OUTSIDE_CURRENT_CONTRACT|NA|L1|COVERS_CHANGE|EXISTING_LEXICON_TERM|OTHER_STAGE,,True
d149,r0,d149:r0:e0,r0:t1,请问这双,STRUCTURAL_COMPOSITION_SUPPORTED,HIGH,TARGET_NOT_IN_LEXICON,,-1,4,-1,4,4,1,INVALID_LEXICAL_TARGET,OUTSIDE_CURRENT_CONTRACT,,OUTSIDE_CURRENT_CONTRACT|NA|L4p|COVERS_CHANGE|STRUCTURAL_COMPOSITION_SUPPORTED|OTHER_STAGE,structural_composition_lacks_independent_lexical_identity,False
d149,r1,d149:r1:e0,r1:t1,四十码,EXISTING_LEXICON_TERM,HIGH,QUERY_NOT_REPAIR_CAPABLE,RETRY_REGION_PARTIAL_COVERAGE,6,9,6,11,3,1,PRIMARY_MINIMAL,QUERY_NOT_REPAIR_CAPABLE,RETRY_REGION_PARTIAL_COVERAGE,QUERY_NOT_REPAIR_CAPABLE|RETRY_REGION_PARTIAL_COVERAGE|L3|COVERS_CHANGE|EXISTING_LEXICON_TERM|QUERY_FAIL,,True
d149,r1,d149:r1:e0,r1:t1:n1,四,EXISTING_LEXICON_TERM,HIGH,QUERY_NOT_REPAIR_CAPABLE,RETRY_REGION_PARTIAL_COVERAGE,6,7,6,11,1,1,PARTIAL_INSUFFICIENT,OUTSIDE_CURRENT_CONTRACT,,OUTSIDE_CURRENT_CONTRACT|NA|L1|COVERS_CHANGE|EXISTING_LEXICON_TERM|OTHER_STAGE,,True
d149,r1,d149:r1:e0,r1:t1:n2,十,EXISTING_LEXICON_TERM,HIGH,QUERY_NOT_REPAIR_CAPABLE,RETRY_REGION_PARTIAL_COVERAGE,7,8,6,11,1,1,PARTIAL_INSUFFICIENT,OUTSIDE_CURRENT_CONTRACT,,OUTSIDE_CURRENT_CONTRACT|NA|L1|COVERS_CHANGE|EXISTING_LEXICON_TERM|OTHER_STAGE,,True
d149,r1,d149:r1:e0,r1:t1:n3,码,EXISTING_LEXICON_TERM,HIGH,QUERY_NOT_REPAIR_CAPABLE,RETRY_REGION_PARTIAL_COVERAGE,8,9,6,11,1,1,PARTIAL_INSUFFICIENT,OUTSIDE_CURRENT_CONTRACT,,OUTSIDE_CURRENT_CONTRACT|NA|L1|COVERS_CHANGE|EXISTING_LEXICON_TERM|OTHER_STAGE,,True
d149,r2,d149:r2:e0,r2:t1,合适,EXISTING_LEXICON_TERM,HIGH,QUERY_NOT_REPAIR_CAPABLE,RETRY_REGION_PARTIAL_COVERAGE,12,14,11,14,1,1,PRIMARY_MINIMAL,QUERY_NOT_REPAIR_CAPABLE,RETRY_REGION_PARTIAL_COVERAGE,QUERY_NOT_REPAIR_CAPABLE|RETRY_REGION_PARTIAL_COVERAGE|L2|COVERS_CHANGE|EXISTING_LEXICON_TERM|QUERY_FAIL,,True
d150,r0,d150:r0:e0,r0:t1,订单,EXISTING_LEXICON_TERM,HIGH,RECALL_TARGET_MISS,,9,11,9,11,2,1,PRIMARY_MINIMAL,RECALL_TARGET_MISS,,RECALL_TARGET_MISS|NA|L2|COVERS_CHANGE|EXISTING_LEXICON_TERM|RAW_MISS,,True
d150,r0,d150:r0:e0,r0:t1:n1,订,EXISTING_LEXICON_TERM,HIGH,RECALL_TARGET_MISS,,9,10,9,11,1,1,PARTIAL_INSUFFICIENT,OUTSIDE_CURRENT_CONTRACT,,OUTSIDE_CURRENT_CONTRACT|NA|L1|COVERS_CHANGE|EXISTING_LEXICON_TERM|OTHER_STAGE,,True
d150,r0,d150:r0:e0,r0:t1:n2,单,EXISTING_LEXICON_TERM,HIGH,RECALL_TARGET_MISS,,10,11,9,11,1,1,PARTIAL_INSUFFICIENT,OUTSIDE_CURRENT_CONTRACT,,OUTSIDE_CURRENT_CONTRACT|NA|L1|COVERS_CHANGE|EXISTING_LEXICON_TERM|OTHER_STAGE,,True
d150,r1,d150:r1:e0,r1:t1,订单,EXISTING_LEXICON_TERM,HIGH,QUERY_NOT_REPAIR_CAPABLE,RETRY_REGION_PARTIAL_COVERAGE,9,11,10,13,1,1,PRIMARY_MINIMAL,QUERY_NOT_REPAIR_CAPABLE,RETRY_REGION_PARTIAL_COVERAGE,QUERY_NOT_REPAIR_CAPABLE|RETRY_REGION_PARTIAL_COVERAGE|L2|COVERS_CHANGE|EXISTING_LEXICON_TERM|QUERY_FAIL,,True
d150,r1,d150:r1:e0,r1:t1:n1,单,EXISTING_LEXICON_TERM,HIGH,QUERY_NOT_REPAIR_CAPABLE,RETRY_REGION_PARTIAL_COVERAGE,10,11,10,13,1,1,PARTIAL_INSUFFICIENT,OUTSIDE_CURRENT_CONTRACT,,OUTSIDE_CURRENT_CONTRACT|NA|L1|COVERS_CHANGE|EXISTING_LEXICON_TERM|OTHER_STAGE,,True
d150,r2,d150:r2:e0,r2:t1,价格,EXISTING_LEXICON_TERM,HIGH,QUERY_NOT_REPAIR_CAPABLE,RETRY_REGION_PARTIAL_COVERAGE,14,16,14,19,2,1,PRIMARY_MINIMAL,QUERY_NOT_REPAIR_CAPABLE,RETRY_REGION_PARTIAL_COVERAGE,QUERY_NOT_REPAIR_CAPABLE|RETRY_REGION_PARTIAL_COVERAGE|L2|COVERS_CHANGE|EXISTING_LEXICON_TERM|QUERY_FAIL,,True
d150,r2,d150:r2:e0,r2:t1:n1,价,EXISTING_LEXICON_TERM,HIGH,QUERY_NOT_REPAIR_CAPABLE,RETRY_REGION_PARTIAL_COVERAGE,14,15,14,19,1,1,PARTIAL_INSUFFICIENT,OUTSIDE_CURRENT_CONTRACT,,OUTSIDE_CURRENT_CONTRACT|NA|L1|COVERS_CHANGE|EXISTING_LEXICON_TERM|OTHER_STAGE,,True
d150,r2,d150:r2:e0,r2:t1:n2,格,EXISTING_LEXICON_TERM,HIGH,QUERY_NOT_REPAIR_CAPABLE,RETRY_REGION_PARTIAL_COVERAGE,15,16,14,19,1,1,PARTIAL_INSUFFICIENT,OUTSIDE_CURRENT_CONTRACT,,OUTSIDE_CURRENT_CONTRACT|NA|L1|COVERS_CHANGE|EXISTING_LEXICON_TERM|OTHER_STAGE,,True
d150,r3,d150:r3:e0,r3:t1,能再减,STRUCTURAL_COMPOSITION_SUPPORTED,HIGH,TARGET_NOT_IN_LEXICON,,20,23,20,23,1,1,INVALID_LEXICAL_TARGET,OUTSIDE_CURRENT_CONTRACT,,OUTSIDE_CURRENT_CONTRACT|NA|L3|COVERS_CHANGE|STRUCTURAL_COMPOSITION_SUPPORTED|OTHER_STAGE,structural_composition_lacks_independent_lexical_identity,False
d152,r0,d152:r0:e0,r0:t1,吃饭,EXISTING_LEXICON_TERM,HIGH,QUERY_NOT_REPAIR_CAPABLE,RETRY_REGION_PARTIAL_COVERAGE,4,6,5,11,1,1,PRIMARY_MINIMAL,QUERY_NOT_REPAIR_CAPABLE,RETRY_REGION_PARTIAL_COVERAGE,QUERY_NOT_REPAIR_CAPABLE|RETRY_REGION_PARTIAL_COVERAGE|L2|COVERS_CHANGE|EXISTING_LEXICON_TERM|QUERY_FAIL,,True
d152,r0,d152:r0:e0,r0:t1:n1,饭,EXISTING_LEXICON_TERM,HIGH,QUERY_NOT_REPAIR_CAPABLE,RETRY_REGION_PARTIAL_COVERAGE,5,6,5,11,1,1,PARTIAL_INSUFFICIENT,OUTSIDE_CURRENT_CONTRACT,,OUTSIDE_CURRENT_CONTRACT|NA|L1|COVERS_CHANGE|EXISTING_LEXICON_TERM|OTHER_STAGE,,True
d152,r1,d152:r1:eX,r1:t1,大概,EXISTING_LEXICON_TERM,HIGH,QUERY_NOT_REPAIR_CAPABLE,RETRY_REGION_PARTIAL_COVERAGE,18,20,18,21,0,0,CONTEXT_SUPPORT,OUTSIDE_CURRENT_CONTRACT,,OUTSIDE_CURRENT_CONTRACT|NA|L2|NO_CHANGE_OV|EXISTING_LEXICON_TERM|OTHER_STAGE,zero_changed_element_overlap,True
d153,r0,d153:r0:eX,r0:t1,手机,EXISTING_LEXICON_TERM,HIGH,QUERY_NOT_REPAIR_CAPABLE,RETRY_REGION_PARTIAL_COVERAGE,12,14,13,16,0,0,CONTEXT_SUPPORT,OUTSIDE_CURRENT_CONTRACT,,OUTSIDE_CURRENT_CONTRACT|NA|L2|NO_CHANGE_OV|EXISTING_LEXICON_TERM|OTHER_STAGE,zero_changed_element_overlap,True
d154,r0,d154:r0:e0,r0:t1,选生城,STRUCTURAL_COMPOSITION_SUPPORTED,HIGH,TARGET_NOT_IN_LEXICON,,10,13,10,13,1,1,INVALID_LEXICAL_TARGET,OUTSIDE_CURRENT_CONTRACT,,OUTSIDE_CURRENT_CONTRACT|NA|L3|COVERS_CHANGE|STRUCTURAL_COMPOSITION_SUPPORTED|OTHER_STAGE,structural_composition_lacks_independent_lexical_identity,False
d154,r1,d154:r1:e0,r1:t1,选生城,STRUCTURAL_COMPOSITION_SUPPORTED,HIGH,TARGET_NOT_IN_LEXICON,,17,20,17,20,1,1,INVALID_LEXICAL_TARGET,OUTSIDE_CURRENT_CONTRACT,,OUTSIDE_CURRENT_CONTRACT|NA|L3|COVERS_CHANGE|STRUCTURAL_COMPOSITION_SUPPORTED|OTHER_STAGE,structural_composition_lacks_independent_lexical_identity,False
d154,r2,d154:r2:eX,r2:t1,上线,EXISTING_LEXICON_TERM,HIGH,QUERY_NOT_REPAIR_CAPABLE,RETRY_REGION_PARTIAL_COVERAGE,23,25,24,27,0,0,CONTEXT_SUPPORT,OUTSIDE_CURRENT_CONTRACT,,OUTSIDE_CURRENT_CONTRACT|NA|L2|NO_CHANGE_OV|EXISTING_LEXICON_TERM|OTHER_STAGE,zero_changed_element_overlap,True
d155,r0,d155:r0:e0,r0:t1,上线,EXISTING_LEXICON_TERM,HIGH,RECALL_TARGET_MISS,,9,11,5,13,2,1,ALTERNATIVE_MINIMAL,RECALL_TARGET_MISS,,RECALL_TARGET_MISS|NA|L2|COVERS_CHANGE|EXISTING_LEXICON_TERM|RAW_MISS,,True
d155,r0,d155:r0:e0,r0:t2,计划,EXISTING_LEXICON_TERM,HIGH,RECALL_TARGET_MISS,,11,13,5,13,2,1,ALTERNATIVE_MINIMAL,RECALL_TARGET_MISS,,RECALL_TARGET_MISS|NA|L2|COVERS_CHANGE|EXISTING_LEXICON_TERM|RAW_MISS,,True
d155,r0,d155:r0:e0,r0:t1:n1,上,EXISTING_LEXICON_TERM,HIGH,RECALL_TARGET_MISS,,9,10,5,13,1,1,PARTIAL_INSUFFICIENT,OUTSIDE_CURRENT_CONTRACT,,OUTSIDE_CURRENT_CONTRACT|NA|L1|COVERS_CHANGE|EXISTING_LEXICON_TERM|OTHER_STAGE,,True
d155,r0,d155:r0:e0,r0:t1:n2,线,EXISTING_LEXICON_TERM,HIGH,RECALL_TARGET_MISS,,10,11,5,13,1,1,PARTIAL_INSUFFICIENT,OUTSIDE_CURRENT_CONTRACT,,OUTSIDE_CURRENT_CONTRACT|NA|L1|COVERS_CHANGE|EXISTING_LEXICON_TERM|OTHER_STAGE,,True
d155,r0,d155:r0:e0,r0:t2:n3,计,EXISTING_LEXICON_TERM,HIGH,RECALL_TARGET_MISS,,11,12,5,13,1,1,PARTIAL_INSUFFICIENT,OUTSIDE_CURRENT_CONTRACT,,OUTSIDE_CURRENT_CONTRACT|NA|L1|COVERS_CHANGE|EXISTING_LEXICON_TERM|OTHER_STAGE,,True
d155,r0,d155:r0:e0,r0:t2:n4,划,EXISTING_LEXICON_TERM,HIGH,RECALL_TARGET_MISS,,12,13,5,13,1,1,PARTIAL_INSUFFICIENT,OUTSIDE_CURRENT_CONTRACT,,OUTSIDE_CURRENT_CONTRACT|NA|L1|COVERS_CHANGE|EXISTING_LEXICON_TERM|OTHER_STAGE,,True
d155,r1,d155:r1:e0,r1:t1,选生城,STRUCTURAL_COMPOSITION_SUPPORTED,HIGH,TARGET_NOT_IN_LEXICON,,17,20,17,20,1,1,INVALID_LEXICAL_TARGET,OUTSIDE_CURRENT_CONTRACT,,OUTSIDE_CURRENT_CONTRACT|NA|L3|COVERS_CHANGE|STRUCTURAL_COMPOSITION_SUPPORTED|OTHER_STAGE,structural_composition_lacks_independent_lexical_identity,False
d155,r2,d155:r2:e0,r2:t1,联调,EXISTING_LEXICON_TERM,HIGH,QUERY_NOT_REPAIR_CAPABLE,RETRY_REGION_PARTIAL_COVERAGE,24,26,24,27,2,1,PRIMARY_MINIMAL,QUERY_NOT_REPAIR_CAPABLE,RETRY_REGION_PARTIAL_COVERAGE,QUERY_NOT_REPAIR_CAPABLE|RETRY_REGION_PARTIAL_COVERAGE|L2|COVERS_CHANGE|EXISTING_LEXICON_TERM|QUERY_FAIL,,True
d155,r2,d155:r2:e0,r2:t1:n1,调,EXISTING_LEXICON_TERM,HIGH,QUERY_NOT_REPAIR_CAPABLE,RETRY_REGION_PARTIAL_COVERAGE,25,26,24,27,1,1,PARTIAL_INSUFFICIENT,OUTSIDE_CURRENT_CONTRACT,,OUTSIDE_CURRENT_CONTRACT|NA|L1|COVERS_CHANGE|EXISTING_LEXICON_TERM|OTHER_STAGE,,True
d156,r0,d156:r0:e0,r0:t2,链路,EXISTING_LEXICON_TERM,HIGH,QUERY_NOT_REPAIR_CAPABLE,RETRY_REGION_PARTIAL_COVERAGE,8,10,6,9,1,1,PRIMARY_MINIMAL,QUERY_NOT_REPAIR_CAPABLE,RETRY_REGION_PARTIAL_COVERAGE,QUERY_NOT_REPAIR_CAPABLE|RETRY_REGION_PARTIAL_COVERAGE|L2|COVERS_CHANGE|EXISTING_LEXICON_TERM|QUERY_FAIL,,True
d156,r0,d156:r0:eX,r0:t1,生成,EXISTING_LEXICON_TERM,HIGH,QUERY_NOT_REPAIR_CAPABLE,RETRY_REGION_PARTIAL_COVERAGE,6,8,6,9,0,0,CONTEXT_SUPPORT,OUTSIDE_CURRENT_CONTRACT,,OUTSIDE_CURRENT_CONTRACT|NA|L2|NO_CHANGE_OV|EXISTING_LEXICON_TERM|OTHER_STAGE,zero_changed_element_overlap,True
d156,r1,d156:r1:e0,r1:t1,监控,EXISTING_LEXICON_TERM,HIGH,QUERY_NOT_REPAIR_CAPABLE,RETRY_REGION_PARTIAL_COVERAGE,12,14,10,13,1,1,PRIMARY_MINIMAL,QUERY_NOT_REPAIR_CAPABLE,RETRY_REGION_PARTIAL_COVERAGE,QUERY_NOT_REPAIR_CAPABLE|RETRY_REGION_PARTIAL_COVERAGE|L2|COVERS_CHANGE|EXISTING_LEXICON_TERM|QUERY_FAIL,,True
d156,r2,d156:r2:e0,r2:t1,上线,EXISTING_LEXICON_TERM,HIGH,QUERY_NOT_REPAIR_CAPABLE,RETRY_REGION_PARTIAL_COVERAGE,15,17,14,19,2,1,ALTERNATIVE_MINIMAL,QUERY_NOT_REPAIR_CAPABLE,RETRY_REGION_PARTIAL_COVERAGE,QUERY_NOT_REPAIR_CAPABLE|RETRY_REGION_PARTIAL_COVERAGE|L2|COVERS_CHANGE|EXISTING_LEXICON_TERM|QUERY_FAIL,,True
d156,r2,d156:r2:e0,r2:t2,计划,EXISTING_LEXICON_TERM,HIGH,QUERY_NOT_REPAIR_CAPABLE,RETRY_REGION_PARTIAL_COVERAGE,17,19,14,19,2,1,ALTERNATIVE_MINIMAL,QUERY_NOT_REPAIR_CAPABLE,RETRY_REGION_PARTIAL_COVERAGE,QUERY_NOT_REPAIR_CAPABLE|RETRY_REGION_PARTIAL_COVERAGE|L2|COVERS_CHANGE|EXISTING_LEXICON_TERM|QUERY_FAIL,,True
d156,r2,d156:r2:e0,r2:t1:n1,上,EXISTING_LEXICON_TERM,HIGH,QUERY_NOT_REPAIR_CAPABLE,RETRY_REGION_PARTIAL_COVERAGE,15,16,14,19,1,1,PARTIAL_INSUFFICIENT,OUTSIDE_CURRENT_CONTRACT,,OUTSIDE_CURRENT_CONTRACT|NA|L1|COVERS_CHANGE|EXISTING_LEXICON_TERM|OTHER_STAGE,,True
d156,r2,d156:r2:e0,r2:t1:n2,线,EXISTING_LEXICON_TERM,HIGH,QUERY_NOT_REPAIR_CAPABLE,RETRY_REGION_PARTIAL_COVERAGE,16,17,14,19,1,1,PARTIAL_INSUFFICIENT,OUTSIDE_CURRENT_CONTRACT,,OUTSIDE_CURRENT_CONTRACT|NA|L1|COVERS_CHANGE|EXISTING_LEXICON_TERM|OTHER_STAGE,,True
d156,r2,d156:r2:e0,r2:t2:n3,计,EXISTING_LEXICON_TERM,HIGH,QUERY_NOT_REPAIR_CAPABLE,RETRY_REGION_PARTIAL_COVERAGE,17,18,14,19,1,1,PARTIAL_INSUFFICIENT,OUTSIDE_CURRENT_CONTRACT,,OUTSIDE_CURRENT_CONTRACT|NA|L1|COVERS_CHANGE|EXISTING_LEXICON_TERM|OTHER_STAGE,,True
d156,r2,d156:r2:e0,r2:t2:n4,划,EXISTING_LEXICON_TERM,HIGH,QUERY_NOT_REPAIR_CAPABLE,RETRY_REGION_PARTIAL_COVERAGE,18,19,14,19,1,1,PARTIAL_INSUFFICIENT,OUTSIDE_CURRENT_CONTRACT,,OUTSIDE_CURRENT_CONTRACT|NA|L1|COVERS_CHANGE|EXISTING_LEXICON_TERM|OTHER_STAGE,,True
d156,r3,d156:r3:e0,r3:t1,文档,EXISTING_LEXICON_TERM,HIGH,QUERY_NOT_REPAIR_CAPABLE,RETRY_REGION_PARTIAL_COVERAGE,19,21,19,22,1,1,PRIMARY_MINIMAL,QUERY_NOT_REPAIR_CAPABLE,RETRY_REGION_PARTIAL_COVERAGE,QUERY_NOT_REPAIR_CAPABLE|RETRY_REGION_PARTIAL_COVERAGE|L2|COVERS_CHANGE|EXISTING_LEXICON_TERM|QUERY_FAIL,,True
d156,r3,d156:r3:e0,r3:t1:n1,档,EXISTING_LEXICON_TERM,HIGH,QUERY_NOT_REPAIR_CAPABLE,RETRY_REGION_PARTIAL_COVERAGE,20,21,19,22,1,1,PARTIAL_INSUFFICIENT,OUTSIDE_CURRENT_CONTRACT,,OUTSIDE_CURRENT_CONTRACT|NA|L1|COVERS_CHANGE|EXISTING_LEXICON_TERM|OTHER_STAGE,,True
d157,r0,d157:r0:e0,r0:t1,订单,EXISTING_LEXICON_TERM,HIGH,RECALL_TARGET_MISS,,4,6,4,7,2,1,ALTERNATIVE_MINIMAL,RECALL_TARGET_MISS,,RECALL_TARGET_MISS|NA|L2|COVERS_CHANGE|EXISTING_LEXICON_TERM|RAW_MISS,,True
d157,r0,d157:r0:e0,r0:t2,显示,EXISTING_LEXICON_TERM,HIGH,RECALL_TARGET_MISS,,6,8,4,7,1,1,ALTERNATIVE_MINIMAL,RECALL_TARGET_MISS,,RECALL_TARGET_MISS|NA|L2|COVERS_CHANGE|EXISTING_LEXICON_TERM|RAW_MISS,,True
d157,r0,d157:r0:e0,r0:t1:n1,订,EXISTING_LEXICON_TERM,HIGH,RECALL_TARGET_MISS,,4,5,4,7,1,1,PARTIAL_INSUFFICIENT,OUTSIDE_CURRENT_CONTRACT,,OUTSIDE_CURRENT_CONTRACT|NA|L1|COVERS_CHANGE|EXISTING_LEXICON_TERM|OTHER_STAGE,,True
d157,r0,d157:r0:e0,r0:t1:n2,单,EXISTING_LEXICON_TERM,HIGH,RECALL_TARGET_MISS,,5,6,4,7,1,1,PARTIAL_INSUFFICIENT,OUTSIDE_CURRENT_CONTRACT,,OUTSIDE_CURRENT_CONTRACT|NA|L1|COVERS_CHANGE|EXISTING_LEXICON_TERM|OTHER_STAGE,,True
d157,r1,d157:r1:e0,r1:t1,已发货,STRUCTURAL_COMPOSITION_SUPPORTED,HIGH,TARGET_NOT_IN_LEXICON,,8,11,8,11,3,1,INVALID_LEXICAL_TARGET,OUTSIDE_CURRENT_CONTRACT,,OUTSIDE_CURRENT_CONTRACT|NA|L3|COVERS_CHANGE|STRUCTURAL_COMPOSITION_SUPPORTED|OTHER_STAGE,structural_composition_lacks_independent_lexical_identity,False
d157,r2,d157:r2:e0,r2:t1,三天没,STRUCTURAL_COMPOSITION_SUPPORTED,HIGH,TARGET_NOT_IN_LEXICON,,14,17,14,17,1,1,INVALID_LEXICAL_TARGET,OUTSIDE_CURRENT_CONTRACT,,OUTSIDE_CURRENT_CONTRACT|NA|L3|COVERS_CHANGE|STRUCTURAL_COMPOSITION_SUPPORTED|OTHER_STAGE,structural_composition_lacks_independent_lexical_identity,False
d157,r3,d157:r3:e0,r3:t1,能帮我,STRUCTURAL_COMPOSITION_SUPPORTED,HIGH,TARGET_NOT_IN_LEXICON,,20,23,20,23,1,1,INVALID_LEXICAL_TARGET,OUTSIDE_CURRENT_CONTRACT,,OUTSIDE_CURRENT_CONTRACT|NA|L3|COVERS_CHANGE|STRUCTURAL_COMPOSITION_SUPPORTED|OTHER_STAGE,structural_composition_lacks_independent_lexical_identity,False
d159,r0,d159:r0:e0,r0:t1,抬头,EXISTING_LEXICON_TERM,HIGH,RECALL_TARGET_MISS,,2,4,3,6,1,1,PRIMARY_MINIMAL,RECALL_TARGET_MISS,,RECALL_TARGET_MISS|NA|L2|COVERS_CHANGE|EXISTING_LEXICON_TERM|RAW_MISS,,True
d159,r0,d159:r0:e0,r0:t1:n1,头,EXISTING_LEXICON_TERM,HIGH,RECALL_TARGET_MISS,,3,4,3,6,1,1,PARTIAL_INSUFFICIENT,OUTSIDE_CURRENT_CONTRACT,,OUTSIDE_CURRENT_CONTRACT|NA|L1|COVERS_CHANGE|EXISTING_LEXICON_TERM|OTHER_STAGE,,True
d160,r0,d160:r0:e0,r0:t1,项目,EXISTING_LEXICON_TERM,HIGH,QUERY_NOT_REPAIR_CAPABLE,RETRY_REGION_PARTIAL_COVERAGE,11,13,11,14,2,1,PRIMARY_MINIMAL,QUERY_NOT_REPAIR_CAPABLE,RETRY_REGION_PARTIAL_COVERAGE,QUERY_NOT_REPAIR_CAPABLE|RETRY_REGION_PARTIAL_COVERAGE|L2|COVERS_CHANGE|EXISTING_LEXICON_TERM|QUERY_FAIL,,True
d160,r0,d160:r0:e0,r0:t1:n1,项,EXISTING_LEXICON_TERM,HIGH,QUERY_NOT_REPAIR_CAPABLE,RETRY_REGION_PARTIAL_COVERAGE,11,12,11,14,1,1,PARTIAL_INSUFFICIENT,OUTSIDE_CURRENT_CONTRACT,,OUTSIDE_CURRENT_CONTRACT|NA|L1|COVERS_CHANGE|EXISTING_LEXICON_TERM|OTHER_STAGE,,True
d161,r0,d161:r0:eX,r0:t1,看待,EXISTING_LEXICON_TERM,HIGH,RECALL_TARGET_MISS,,3,5,3,6,0,0,CONTEXT_SUPPORT,OUTSIDE_CURRENT_CONTRACT,,OUTSIDE_CURRENT_CONTRACT|NA|L2|NO_CHANGE_OV|EXISTING_LEXICON_TERM|OTHER_STAGE,zero_changed_element_overlap,True
d161,r1,d161:r1:e0,r1:t1,需求,EXISTING_LEXICON_TERM,HIGH,QUERY_NOT_REPAIR_CAPABLE,RETRY_REGION_PARTIAL_COVERAGE,13,15,13,16,2,1,ALTERNATIVE_MINIMAL,QUERY_NOT_REPAIR_CAPABLE,RETRY_REGION_PARTIAL_COVERAGE,QUERY_NOT_REPAIR_CAPABLE|RETRY_REGION_PARTIAL_COVERAGE|L2|COVERS_CHANGE|EXISTING_LEXICON_TERM|QUERY_FAIL,,True
d161,r1,d161:r1:e0,r1:t2,变更,EXISTING_LEXICON_TERM,HIGH,QUERY_NOT_REPAIR_CAPABLE,RETRY_REGION_PARTIAL_COVERAGE,15,17,13,16,1,1,ALTERNATIVE_MINIMAL,QUERY_NOT_REPAIR_CAPABLE,RETRY_REGION_PARTIAL_COVERAGE,QUERY_NOT_REPAIR_CAPABLE|RETRY_REGION_PARTIAL_COVERAGE|L2|COVERS_CHANGE|EXISTING_LEXICON_TERM|QUERY_FAIL,,True
d161,r1,d161:r1:e0,r1:t1:n1,需,EXISTING_LEXICON_TERM,HIGH,QUERY_NOT_REPAIR_CAPABLE,RETRY_REGION_PARTIAL_COVERAGE,13,14,13,16,1,1,PARTIAL_INSUFFICIENT,OUTSIDE_CURRENT_CONTRACT,,OUTSIDE_CURRENT_CONTRACT|NA|L1|COVERS_CHANGE|EXISTING_LEXICON_TERM|OTHER_STAGE,,True
d161,r1,d161:r1:e0,r1:t1:n2,求,EXISTING_LEXICON_TERM,HIGH,QUERY_NOT_REPAIR_CAPABLE,RETRY_REGION_PARTIAL_COVERAGE,14,15,13,16,1,1,PARTIAL_INSUFFICIENT,OUTSIDE_CURRENT_CONTRACT,,OUTSIDE_CURRENT_CONTRACT|NA|L1|COVERS_CHANGE|EXISTING_LEXICON_TERM|OTHER_STAGE,,True
d161,r1,d161:r1:e0,r1:t2:n3,变,EXISTING_LEXICON_TERM,HIGH,QUERY_NOT_REPAIR_CAPABLE,RETRY_REGION_PARTIAL_COVERAGE,15,16,13,16,1,1,PARTIAL_INSUFFICIENT,OUTSIDE_CURRENT_CONTRACT,,OUTSIDE_CURRENT_CONTRACT|NA|L1|COVERS_CHANGE|EXISTING_LEXICON_TERM|OTHER_STAGE,,True
d162,r0,d162:r0:e0,r0:t1,薪资,STRUCTURAL_COMPOSITION_SUPPORTED,HIGH,TARGET_NOT_IN_LEXICON,,2,4,2,4,2,1,INVALID_LEXICAL_TARGET,OUTSIDE_CURRENT_CONTRACT,,OUTSIDE_CURRENT_CONTRACT|NA|L2|COVERS_CHANGE|STRUCTURAL_COMPOSITION_SUPPORTED|OTHER_STAGE,structural_composition_lacks_independent_lexical_identity,False
d163,r0,d163:r0:e0,r0:t1,老师,EXISTING_LEXICON_TERM,HIGH,RECALL_TARGET_MISS,,-1,2,1,4,1,1,PRIMARY_MINIMAL,RECALL_TARGET_MISS,,RECALL_TARGET_MISS|NA|L2|COVERS_CHANGE|EXISTING_LEXICON_TERM|RAW_MISS,,True
d163,r1,d163:r1:e0,r1:t1,道题的,STRUCTURAL_COMPOSITION_SUPPORTED,HIGH,TARGET_NOT_IN_LEXICON,,4,7,4,7,1,1,INVALID_LEXICAL_TARGET,OUTSIDE_CURRENT_CONTRACT,,OUTSIDE_CURRENT_CONTRACT|NA|L3|COVERS_CHANGE|STRUCTURAL_COMPOSITION_SUPPORTED|OTHER_STAGE,structural_composition_lacks_independent_lexical_identity,False
d163,r2,d163:r2:e0,r2:t1,步骤,EXISTING_LEXICON_TERM,HIGH,QUERY_NOT_REPAIR_CAPABLE,RETRY_REGION_PARTIAL_COVERAGE,9,11,9,11,2,1,PRIMARY_MINIMAL,QUERY_NOT_REPAIR_CAPABLE,RETRY_REGION_PARTIAL_COVERAGE,QUERY_NOT_REPAIR_CAPABLE|RETRY_REGION_PARTIAL_COVERAGE|L2|COVERS_CHANGE|EXISTING_LEXICON_TERM|QUERY_FAIL,,True
d163,r2,d163:r2:e0,r2:t1:n1,步,EXISTING_LEXICON_TERM,HIGH,QUERY_NOT_REPAIR_CAPABLE,RETRY_REGION_PARTIAL_COVERAGE,9,10,9,11,1,1,PARTIAL_INSUFFICIENT,OUTSIDE_CURRENT_CONTRACT,,OUTSIDE_CURRENT_CONTRACT|NA|L1|COVERS_CHANGE|EXISTING_LEXICON_TERM|OTHER_STAGE,,True
d163,r3,d163:r3:e0,r3:t1,没听懂,STRUCTURAL_COMPOSITION_SUPPORTED,HIGH,TARGET_NOT_IN_LEXICON,,20,23,20,23,1,1,INVALID_LEXICAL_TARGET,OUTSIDE_CURRENT_CONTRACT,,OUTSIDE_CURRENT_CONTRACT|NA|L3|COVERS_CHANGE|STRUCTURAL_COMPOSITION_SUPPORTED|OTHER_STAGE,structural_composition_lacks_independent_lexical_identity,False
d164,r0,d164:r0:eX,r0:t1,作业,EXISTING_LEXICON_TERM,HIGH,RECALL_TARGET_MISS,,-1,2,-1,3,0,0,CONTEXT_SUPPORT,OUTSIDE_CURRENT_CONTRACT,,OUTSIDE_CURRENT_CONTRACT|NA|L2|NO_CHANGE_OV|EXISTING_LEXICON_TERM|OTHER_STAGE,zero_changed_element_overlap,True
d164,r1,d164:r1:e0,r1:t1,下周一,STRUCTURAL_COMPOSITION_SUPPORTED,HIGH,TARGET_NOT_IN_LEXICON,,3,6,3,6,1,1,INVALID_LEXICAL_TARGET,OUTSIDE_CURRENT_CONTRACT,,OUTSIDE_CURRENT_CONTRACT|NA|L3|COVERS_CHANGE|STRUCTURAL_COMPOSITION_SUPPORTED|OTHER_STAGE,structural_composition_lacks_independent_lexical_identity,False
d164,r3,d164:r3:e0,r3:t1,提交,EXISTING_LEXICON_TERM,HIGH,QUERY_NOT_REPAIR_CAPABLE,RETRY_REGION_PARTIAL_COVERAGE,16,18,17,20,1,1,PRIMARY_MINIMAL,QUERY_NOT_REPAIR_CAPABLE,RETRY_REGION_PARTIAL_COVERAGE,QUERY_NOT_REPAIR_CAPABLE|RETRY_REGION_PARTIAL_COVERAGE|L2|COVERS_CHANGE|EXISTING_LEXICON_TERM|QUERY_FAIL,,True
d164,r3,d164:r3:e0,r3:t1:n1,交,EXISTING_LEXICON_TERM,HIGH,QUERY_NOT_REPAIR_CAPABLE,RETRY_REGION_PARTIAL_COVERAGE,17,18,17,20,1,1,PARTIAL_INSUFFICIENT,OUTSIDE_CURRENT_CONTRACT,,OUTSIDE_CURRENT_CONTRACT|NA|L1|COVERS_CHANGE|EXISTING_LEXICON_TERM|OTHER_STAGE,,True
d165,r0,d165:r0:e0,r0:t1,这门课,STRUCTURAL_COMPOSITION_SUPPORTED,HIGH,TARGET_NOT_IN_LEXICON,,2,5,2,5,1,1,INVALID_LEXICAL_TARGET,OUTSIDE_CURRENT_CONTRACT,,OUTSIDE_CURRENT_CONTRACT|NA|L3|COVERS_CHANGE|STRUCTURAL_COMPOSITION_SUPPORTED|OTHER_STAGE,structural_composition_lacks_independent_lexical_identity,False
d165,r2,d165:r2:eX,r2:t1,重点,EXISTING_LEXICON_TERM,HIGH,QUERY_NOT_REPAIR_CAPABLE,RETRY_REGION_PARTIAL_COVERAGE,15,17,16,19,0,0,CONTEXT_SUPPORT,OUTSIDE_CURRENT_CONTRACT,,OUTSIDE_CURRENT_CONTRACT|NA|L2|NO_CHANGE_OV|EXISTING_LEXICON_TERM|OTHER_STAGE,zero_changed_element_overlap,True
d166,r0,d166:r0:e0,r0:t1,预订,EXISTING_LEXICON_TERM,HIGH,RECALL_TARGET_MISS,,1,3,-1,3,1,1,PRIMARY_MINIMAL,RECALL_TARGET_MISS,,RECALL_TARGET_MISS|NA|L2|COVERS_CHANGE|EXISTING_LEXICON_TERM|RAW_MISS,,True
d166,r0,d166:r0:e0,r0:t1:n1,订,EXISTING_LEXICON_TERM,HIGH,RECALL_TARGET_MISS,,2,3,-1,3,1,1,PARTIAL_INSUFFICIENT,OUTSIDE_CURRENT_CONTRACT,,OUTSIDE_CURRENT_CONTRACT|NA|L1|COVERS_CHANGE|EXISTING_LEXICON_TERM|OTHER_STAGE,,True
d166,r1,d166:r1:e0,r1:t1,大床房,EXISTING_LEXICON_TERM,HIGH,RECALL_TARGET_MISS,,5,8,3,6,1,1,SUPERSET_REDUNDANT,OUTSIDE_CURRENT_CONTRACT,,OUTSIDE_CURRENT_CONTRACT|NA|L3|COVERS_CHANGE|EXISTING_LEXICON_TERM|OTHER_STAGE,,True
d166,r1,d166:r1:e0,r1:t1:n1,大,EXISTING_LEXICON_TERM,HIGH,RECALL_TARGET_MISS,,5,6,3,6,1,1,PARTIAL_INSUFFICIENT,OUTSIDE_CURRENT_CONTRACT,,OUTSIDE_CURRENT_CONTRACT|NA|L1|COVERS_CHANGE|EXISTING_LEXICON_TERM|OTHER_STAGE,,True
d166,r1,d166:r1:e0,r1:t1:n2,大床,EXISTING_LEXICON_TERM,HIGH,RECALL_TARGET_MISS,,5,7,3,6,1,1,PRIMARY_MINIMAL,RECALL_TARGET_MISS,,RECALL_TARGET_MISS|NA|L2|COVERS_CHANGE|EXISTING_LEXICON_TERM|RAW_MISS,,True
d168,r0,d168:r0:e0,r0:t1,不太制,STRUCTURAL_COMPOSITION_SUPPORTED,HIGH,TARGET_NOT_IN_LEXICON,,4,7,4,7,1,1,INVALID_LEXICAL_TARGET,OUTSIDE_CURRENT_CONTRACT,,OUTSIDE_CURRENT_CONTRACT|NA|L3|COVERS_CHANGE|STRUCTURAL_COMPOSITION_SUPPORTED|OTHER_STAGE,structural_composition_lacks_independent_lexical_identity,False
d171,r0,d171:r0:e0,r0:t2,等级,EXISTING_LEXICON_TERM,HIGH,QUERY_NOT_REPAIR_CAPABLE,RETRY_REGION_PARTIAL_COVERAGE,9,11,8,11,1,1,PRIMARY_MINIMAL,QUERY_NOT_REPAIR_CAPABLE,RETRY_REGION_PARTIAL_COVERAGE,QUERY_NOT_REPAIR_CAPABLE|RETRY_REGION_PARTIAL_COVERAGE|L2|COVERS_CHANGE|EXISTING_LEXICON_TERM|QUERY_FAIL,,True
d171,r0,d171:r0:e0,r0:t2:n1,级,EXISTING_LEXICON_TERM,HIGH,QUERY_NOT_REPAIR_CAPABLE,RETRY_REGION_PARTIAL_COVERAGE,10,11,8,11,1,1,PARTIAL_INSUFFICIENT,OUTSIDE_CURRENT_CONTRACT,,OUTSIDE_CURRENT_CONTRACT|NA|L1|COVERS_CHANGE|EXISTING_LEXICON_TERM|OTHER_STAGE,,True
d171,r0,d171:r0:eX,r0:t1,风险,EXISTING_LEXICON_TERM,HIGH,QUERY_NOT_REPAIR_CAPABLE,RETRY_REGION_PARTIAL_COVERAGE,7,9,8,11,0,0,CONTEXT_SUPPORT,OUTSIDE_CURRENT_CONTRACT,,OUTSIDE_CURRENT_CONTRACT|NA|L2|NO_CHANGE_OV|EXISTING_LEXICON_TERM|OTHER_STAGE,zero_changed_element_overlap,True
d172,r0,d172:r0:e0,r0:t1,位置,EXISTING_LEXICON_TERM,HIGH,QUERY_NOT_REPAIR_CAPABLE,NO_RAW_RECALL_REGION,6,8,6,10,2,1,PRIMARY_MINIMAL,QUERY_NOT_REPAIR_CAPABLE,NO_RAW_RECALL_REGION,QUERY_NOT_REPAIR_CAPABLE|NO_RAW_RECALL_REGION|L2|COVERS_CHANGE|EXISTING_LEXICON_TERM|QUERY_FAIL,,True
d172,r0,d172:r0:e0,r0:t1:n1,位,EXISTING_LEXICON_TERM,HIGH,QUERY_NOT_REPAIR_CAPABLE,NO_RAW_RECALL_REGION,6,7,6,10,1,1,PARTIAL_INSUFFICIENT,OUTSIDE_CURRENT_CONTRACT,,OUTSIDE_CURRENT_CONTRACT|NA|L1|COVERS_CHANGE|EXISTING_LEXICON_TERM|OTHER_STAGE,,True
d172,r1,d172:r1:e0,r1:t1,香菜,EXISTING_LEXICON_TERM,HIGH,QUERY_NOT_REPAIR_CAPABLE,NO_RAW_RECALL_REGION,12,14,12,17,2,1,PRIMARY_MINIMAL,QUERY_NOT_REPAIR_CAPABLE,NO_RAW_RECALL_REGION,QUERY_NOT_REPAIR_CAPABLE|NO_RAW_RECALL_REGION|L2|COVERS_CHANGE|EXISTING_LEXICON_TERM|QUERY_FAIL,,True
d172,r1,d172:r1:e0,r1:t1:n1,香,EXISTING_LEXICON_TERM,HIGH,QUERY_NOT_REPAIR_CAPABLE,NO_RAW_RECALL_REGION,12,13,12,17,1,1,PARTIAL_INSUFFICIENT,OUTSIDE_CURRENT_CONTRACT,,OUTSIDE_CURRENT_CONTRACT|NA|L1|COVERS_CHANGE|EXISTING_LEXICON_TERM|OTHER_STAGE,,True
d172,r1,d172:r1:e0,r1:t1:n2,菜,EXISTING_LEXICON_TERM,HIGH,QUERY_NOT_REPAIR_CAPABLE,NO_RAW_RECALL_REGION,13,14,12,17,1,1,PARTIAL_INSUFFICIENT,OUTSIDE_CURRENT_CONTRACT,,OUTSIDE_CURRENT_CONTRACT|NA|L1|COVERS_CHANGE|EXISTING_LEXICON_TERM|OTHER_STAGE,,True
d173,r0,d173:r0:e0,r0:t1,一份凉,STRUCTURAL_COMPOSITION_SUPPORTED,HIGH,TARGET_NOT_IN_LEXICON,,14,17,14,17,1,1,INVALID_LEXICAL_TARGET,OUTSIDE_CURRENT_CONTRACT,,OUTSIDE_CURRENT_CONTRACT|NA|L3|COVERS_CHANGE|STRUCTURAL_COMPOSITION_SUPPORTED|OTHER_STAGE,structural_composition_lacks_independent_lexical_identity,False
d173,r1,d173:r1:e0,r1:t1,和一壶,STRUCTURAL_COMPOSITION_SUPPORTED,HIGH,TARGET_NOT_IN_LEXICON,,18,21,18,21,1,1,INVALID_LEXICAL_TARGET,OUTSIDE_CURRENT_CONTRACT,,OUTSIDE_CURRENT_CONTRACT|NA|L3|COVERS_CHANGE|STRUCTURAL_COMPOSITION_SUPPORTED|OTHER_STAGE,structural_composition_lacks_independent_lexical_identity,False
d174,r0,d174:r0:e0,r0:t1,打包,EXISTING_LEXICON_TERM,HIGH,RECALL_TARGET_MISS,,2,4,3,6,1,1,PRIMARY_MINIMAL,RECALL_TARGET_MISS,,RECALL_TARGET_MISS|NA|L2|COVERS_CHANGE|EXISTING_LEXICON_TERM|RAW_MISS,,True
d174,r0,d174:r0:e0,r0:t1:n1,包,EXISTING_LEXICON_TERM,HIGH,RECALL_TARGET_MISS,,3,4,3,6,1,1,PARTIAL_INSUFFICIENT,OUTSIDE_CURRENT_CONTRACT,,OUTSIDE_CURRENT_CONTRACT|NA|L1|COVERS_CHANGE|EXISTING_LEXICON_TERM|OTHER_STAGE,,True
d174,r1,d174:r1:eX,r1:t1,顺便,EXISTING_LEXICON_TERM,HIGH,RECALL_TARGET_MISS,,6,8,6,9,0,0,CONTEXT_SUPPORT,OUTSIDE_CURRENT_CONTRACT,,OUTSIDE_CURRENT_CONTRACT|NA|L2|NO_CHANGE_OV|EXISTING_LEXICON_TERM|OTHER_STAGE,zero_changed_element_overlap,True
d174,r3,d174:r3:e0,r3:t1,扫码,EXISTING_LEXICON_TERM,HIGH,QUERY_NOT_REPAIR_CAPABLE,RETRY_REGION_PARTIAL_COVERAGE,14,16,15,18,1,1,ALTERNATIVE_MINIMAL,QUERY_NOT_REPAIR_CAPABLE,RETRY_REGION_PARTIAL_COVERAGE,QUERY_NOT_REPAIR_CAPABLE|RETRY_REGION_PARTIAL_COVERAGE|L2|COVERS_CHANGE|EXISTING_LEXICON_TERM|QUERY_FAIL,,True
d174,r3,d174:r3:e0,r3:t2,支付,EXISTING_LEXICON_TERM,HIGH,QUERY_NOT_REPAIR_CAPABLE,RETRY_REGION_PARTIAL_COVERAGE,16,18,15,18,2,1,ALTERNATIVE_MINIMAL,QUERY_NOT_REPAIR_CAPABLE,RETRY_REGION_PARTIAL_COVERAGE,QUERY_NOT_REPAIR_CAPABLE|RETRY_REGION_PARTIAL_COVERAGE|L2|COVERS_CHANGE|EXISTING_LEXICON_TERM|QUERY_FAIL,,True
d174,r3,d174:r3:e0,r3:t1:n1,码,EXISTING_LEXICON_TERM,HIGH,QUERY_NOT_REPAIR_CAPABLE,RETRY_REGION_PARTIAL_COVERAGE,15,16,15,18,1,1,PARTIAL_INSUFFICIENT,OUTSIDE_CURRENT_CONTRACT,,OUTSIDE_CURRENT_CONTRACT|NA|L1|COVERS_CHANGE|EXISTING_LEXICON_TERM|OTHER_STAGE,,True
d174,r3,d174:r3:e0,r3:t2:n2,支,EXISTING_LEXICON_TERM,HIGH,QUERY_NOT_REPAIR_CAPABLE,RETRY_REGION_PARTIAL_COVERAGE,16,17,15,18,1,1,PARTIAL_INSUFFICIENT,OUTSIDE_CURRENT_CONTRACT,,OUTSIDE_CURRENT_CONTRACT|NA|L1|COVERS_CHANGE|EXISTING_LEXICON_TERM|OTHER_STAGE,,True
d174,r3,d174:r3:e0,r3:t2:n3,付,EXISTING_LEXICON_TERM,HIGH,QUERY_NOT_REPAIR_CAPABLE,RETRY_REGION_PARTIAL_COVERAGE,17,18,15,18,1,1,PARTIAL_INSUFFICIENT,OUTSIDE_CURRENT_CONTRACT,,OUTSIDE_CURRENT_CONTRACT|NA|L1|COVERS_CHANGE|EXISTING_LEXICON_TERM|OTHER_STAGE,,True
d175,r0,d175:r0:e0,r0:t1,私教课,STRUCTURAL_COMPOSITION_SUPPORTED,HIGH,TARGET_NOT_IN_LEXICON,,-1,3,-1,3,1,1,INVALID_LEXICAL_TARGET,OUTSIDE_CURRENT_CONTRACT,,OUTSIDE_CURRENT_CONTRACT|NA|L3|COVERS_CHANGE|STRUCTURAL_COMPOSITION_SUPPORTED|OTHER_STAGE,structural_composition_lacks_independent_lexical_identity,False
d176,r0,d176:r0:e0,r0:t1,钥匙,EXISTING_LEXICON_TERM,HIGH,RECALL_TARGET_MISS,,5,7,1,7,2,1,PRIMARY_MINIMAL,RECALL_TARGET_MISS,,RECALL_TARGET_MISS|NA|L2|COVERS_CHANGE|EXISTING_LEXICON_TERM|RAW_MISS,,True
d176,r1,d176:r1:e0,r1:t1,帮忙,EXISTING_LEXICON_TERM,HIGH,QUERY_NOT_REPAIR_CAPABLE,RETRY_REGION_PARTIAL_COVERAGE,15,17,14,17,1,1,PRIMARY_MINIMAL,QUERY_NOT_REPAIR_CAPABLE,RETRY_REGION_PARTIAL_COVERAGE,QUERY_NOT_REPAIR_CAPABLE|RETRY_REGION_PARTIAL_COVERAGE|L2|COVERS_CHANGE|EXISTING_LEXICON_TERM|QUERY_FAIL,,True
d176,r1,d176:r1:e0,r1:t1:n1,帮,EXISTING_LEXICON_TERM,HIGH,QUERY_NOT_REPAIR_CAPABLE,RETRY_REGION_PARTIAL_COVERAGE,15,16,14,17,1,1,PARTIAL_INSUFFICIENT,OUTSIDE_CURRENT_CONTRACT,,OUTSIDE_CURRENT_CONTRACT|NA|L1|COVERS_CHANGE|EXISTING_LEXICON_TERM|OTHER_STAGE,,True
d178,r0,d178:r0:e0,r0:t1,讨论,EXISTING_LEXICON_TERM,HIGH,RECALL_TARGET_MISS,,4,6,4,7,2,1,PRIMARY_MINIMAL,RECALL_TARGET_MISS,,RECALL_TARGET_MISS|NA|L2|COVERS_CHANGE|EXISTING_LEXICON_TERM|RAW_MISS,,True
d178,r0,d178:r0:e0,r0:t1:n1,论,EXISTING_LEXICON_TERM,HIGH,RECALL_TARGET_MISS,,5,6,4,7,1,1,PARTIAL_INSUFFICIENT,OUTSIDE_CURRENT_CONTRACT,,OUTSIDE_CURRENT_CONTRACT|NA|L1|COVERS_CHANGE|EXISTING_LEXICON_TERM|OTHER_STAGE,,True
d178,r1,d178:r1:e0,r1:t1,声城,STRUCTURAL_COMPOSITION_SUPPORTED,HIGH,TARGET_NOT_IN_LEXICON,,8,10,8,10,2,1,INVALID_LEXICAL_TARGET,OUTSIDE_CURRENT_CONTRACT,,OUTSIDE_CURRENT_CONTRACT|NA|L2|COVERS_CHANGE|STRUCTURAL_COMPOSITION_SUPPORTED|OTHER_STAGE,structural_composition_lacks_independent_lexical_identity,False
d178,r2,d178:r2:e0,r2:t1,方案,EXISTING_LEXICON_TERM,HIGH,QUERY_NOT_REPAIR_CAPABLE,RETRY_REGION_PARTIAL_COVERAGE,10,12,11,16,1,1,PRIMARY_MINIMAL,QUERY_NOT_REPAIR_CAPABLE,RETRY_REGION_PARTIAL_COVERAGE,QUERY_NOT_REPAIR_CAPABLE|RETRY_REGION_PARTIAL_COVERAGE|L2|COVERS_CHANGE|EXISTING_LEXICON_TERM|QUERY_FAIL,,True
d178,r2,d178:r2:e0,r2:t1:n1,案,EXISTING_LEXICON_TERM,HIGH,QUERY_NOT_REPAIR_CAPABLE,RETRY_REGION_PARTIAL_COVERAGE,11,12,11,16,1,1,PARTIAL_INSUFFICIENT,OUTSIDE_CURRENT_CONTRACT,,OUTSIDE_CURRENT_CONTRACT|NA|L1|COVERS_CHANGE|EXISTING_LEXICON_TERM|OTHER_STAGE,,True
d178,r3,d178:r3:e0,r3:t2,文档,EXISTING_LEXICON_TERM,HIGH,QUERY_NOT_REPAIR_CAPABLE,RETRY_REGION_PARTIAL_COVERAGE,22,24,21,24,1,1,PRIMARY_MINIMAL,QUERY_NOT_REPAIR_CAPABLE,RETRY_REGION_PARTIAL_COVERAGE,QUERY_NOT_REPAIR_CAPABLE|RETRY_REGION_PARTIAL_COVERAGE|L2|COVERS_CHANGE|EXISTING_LEXICON_TERM|QUERY_FAIL,,True
d178,r3,d178:r3:e0,r3:t2:n1,档,EXISTING_LEXICON_TERM,HIGH,QUERY_NOT_REPAIR_CAPABLE,RETRY_REGION_PARTIAL_COVERAGE,23,24,21,24,1,1,PARTIAL_INSUFFICIENT,OUTSIDE_CURRENT_CONTRACT,,OUTSIDE_CURRENT_CONTRACT|NA|L1|COVERS_CHANGE|EXISTING_LEXICON_TERM|OTHER_STAGE,,True
d178,r3,d178:r3:eX,r3:t1,接口,EXISTING_LEXICON_TERM,HIGH,QUERY_NOT_REPAIR_CAPABLE,RETRY_REGION_PARTIAL_COVERAGE,20,22,21,24,0,0,CONTEXT_SUPPORT,OUTSIDE_CURRENT_CONTRACT,,OUTSIDE_CURRENT_CONTRACT|NA|L2|NO_CHANGE_OV|EXISTING_LEXICON_TERM|OTHER_STAGE,zero_changed_element_overlap,True
d179,r0,d179:r0:e0,r0:t1,上线,EXISTING_LEXICON_TERM,HIGH,RECALL_TARGET_MISS,,3,5,4,12,1,1,PRIMARY_MINIMAL,RECALL_TARGET_MISS,,RECALL_TARGET_MISS|NA|L2|COVERS_CHANGE|EXISTING_LEXICON_TERM|RAW_MISS,,True
d179,r0,d179:r0:e0,r0:t1:n1,线,EXISTING_LEXICON_TERM,HIGH,RECALL_TARGET_MISS,,4,5,4,12,1,1,PARTIAL_INSUFFICIENT,OUTSIDE_CURRENT_CONTRACT,,OUTSIDE_CURRENT_CONTRACT|NA|L1|COVERS_CHANGE|EXISTING_LEXICON_TERM|OTHER_STAGE,,True
d179,r1,d179:r1:e0,r1:t1,上线,EXISTING_LEXICON_TERM,HIGH,QUERY_NOT_REPAIR_CAPABLE,RETRY_REGION_PARTIAL_COVERAGE,12,14,13,18,1,1,ALTERNATIVE_MINIMAL,QUERY_NOT_REPAIR_CAPABLE,RETRY_REGION_PARTIAL_COVERAGE,QUERY_NOT_REPAIR_CAPABLE|RETRY_REGION_PARTIAL_COVERAGE|L2|COVERS_CHANGE|EXISTING_LEXICON_TERM|QUERY_FAIL,,True
d179,r1,d179:r1:e0,r1:t2,计划,EXISTING_LEXICON_TERM,HIGH,QUERY_NOT_REPAIR_CAPABLE,RETRY_REGION_PARTIAL_COVERAGE,14,16,13,18,2,1,ALTERNATIVE_MINIMAL,QUERY_NOT_REPAIR_CAPABLE,RETRY_REGION_PARTIAL_COVERAGE,QUERY_NOT_REPAIR_CAPABLE|RETRY_REGION_PARTIAL_COVERAGE|L2|COVERS_CHANGE|EXISTING_LEXICON_TERM|QUERY_FAIL,,True
d179,r1,d179:r1:e0,r1:t3,评审,EXISTING_LEXICON_TERM,HIGH,QUERY_NOT_REPAIR_CAPABLE,RETRY_REGION_PARTIAL_COVERAGE,16,18,13,18,2,1,ALTERNATIVE_MINIMAL,QUERY_NOT_REPAIR_CAPABLE,RETRY_REGION_PARTIAL_COVERAGE,QUERY_NOT_REPAIR_CAPABLE|RETRY_REGION_PARTIAL_COVERAGE|L2|COVERS_CHANGE|EXISTING_LEXICON_TERM|QUERY_FAIL,,True
d179,r1,d179:r1:e0,r1:t1:n1,线,EXISTING_LEXICON_TERM,HIGH,QUERY_NOT_REPAIR_CAPABLE,RETRY_REGION_PARTIAL_COVERAGE,13,14,13,18,1,1,PARTIAL_INSUFFICIENT,OUTSIDE_CURRENT_CONTRACT,,OUTSIDE_CURRENT_CONTRACT|NA|L1|COVERS_CHANGE|EXISTING_LEXICON_TERM|OTHER_STAGE,,True
d179,r1,d179:r1:e0,r1:t2:n2,计,EXISTING_LEXICON_TERM,HIGH,QUERY_NOT_REPAIR_CAPABLE,RETRY_REGION_PARTIAL_COVERAGE,14,15,13,18,1,1,PARTIAL_INSUFFICIENT,OUTSIDE_CURRENT_CONTRACT,,OUTSIDE_CURRENT_CONTRACT|NA|L1|COVERS_CHANGE|EXISTING_LEXICON_TERM|OTHER_STAGE,,True
d179,r1,d179:r1:e0,r1:t2:n3,划,EXISTING_LEXICON_TERM,HIGH,QUERY_NOT_REPAIR_CAPABLE,RETRY_REGION_PARTIAL_COVERAGE,15,16,13,18,1,1,PARTIAL_INSUFFICIENT,OUTSIDE_CURRENT_CONTRACT,,OUTSIDE_CURRENT_CONTRACT|NA|L1|COVERS_CHANGE|EXISTING_LEXICON_TERM|OTHER_STAGE,,True
d180,r0,d180:r0:e0,r0:t1,上线,EXISTING_LEXICON_TERM,HIGH,RECALL_TARGET_MISS,,7,9,5,13,2,1,PRIMARY_MINIMAL,RECALL_TARGET_MISS,,RECALL_TARGET_MISS|NA|L2|COVERS_CHANGE|EXISTING_LEXICON_TERM|RAW_MISS,,True
d180,r0,d180:r0:e0,r0:t1:n1,上,EXISTING_LEXICON_TERM,HIGH,RECALL_TARGET_MISS,,7,8,5,13,1,1,PARTIAL_INSUFFICIENT,OUTSIDE_CURRENT_CONTRACT,,OUTSIDE_CURRENT_CONTRACT|NA|L1|COVERS_CHANGE|EXISTING_LEXICON_TERM|OTHER_STAGE,,True
d180,r0,d180:r0:e0,r0:t1:n2,线,EXISTING_LEXICON_TERM,HIGH,RECALL_TARGET_MISS,,8,9,5,13,1,1,PARTIAL_INSUFFICIENT,OUTSIDE_CURRENT_CONTRACT,,OUTSIDE_CURRENT_CONTRACT|NA|L1|COVERS_CHANGE|EXISTING_LEXICON_TERM|OTHER_STAGE,,True
d180,r1,d180:r1:e0,r1:t1,上线,EXISTING_LEXICON_TERM,HIGH,QUERY_NOT_REPAIR_CAPABLE,RETRY_REGION_PARTIAL_COVERAGE,14,16,15,19,1,1,ALTERNATIVE_MINIMAL,QUERY_NOT_REPAIR_CAPABLE,RETRY_REGION_PARTIAL_COVERAGE,QUERY_NOT_REPAIR_CAPABLE|RETRY_REGION_PARTIAL_COVERAGE|L2|COVERS_CHANGE|EXISTING_LEXICON_TERM|QUERY_FAIL,,True
d180,r1,d180:r1:e0,r1:t2,计划,EXISTING_LEXICON_TERM,HIGH,QUERY_NOT_REPAIR_CAPABLE,RETRY_REGION_PARTIAL_COVERAGE,16,18,15,19,2,1,ALTERNATIVE_MINIMAL,QUERY_NOT_REPAIR_CAPABLE,RETRY_REGION_PARTIAL_COVERAGE,QUERY_NOT_REPAIR_CAPABLE|RETRY_REGION_PARTIAL_COVERAGE|L2|COVERS_CHANGE|EXISTING_LEXICON_TERM|QUERY_FAIL,,True
d180,r1,d180:r1:e0,r1:t3,执行,EXISTING_LEXICON_TERM,HIGH,QUERY_NOT_REPAIR_CAPABLE,RETRY_REGION_PARTIAL_COVERAGE,18,20,15,19,1,1,ALTERNATIVE_MINIMAL,QUERY_NOT_REPAIR_CAPABLE,RETRY_REGION_PARTIAL_COVERAGE,QUERY_NOT_REPAIR_CAPABLE|RETRY_REGION_PARTIAL_COVERAGE|L2|COVERS_CHANGE|EXISTING_LEXICON_TERM|QUERY_FAIL,,True
d180,r1,d180:r1:e0,r1:t1:n1,线,EXISTING_LEXICON_TERM,HIGH,QUERY_NOT_REPAIR_CAPABLE,RETRY_REGION_PARTIAL_COVERAGE,15,16,15,19,1,1,PARTIAL_INSUFFICIENT,OUTSIDE_CURRENT_CONTRACT,,OUTSIDE_CURRENT_CONTRACT|NA|L1|COVERS_CHANGE|EXISTING_LEXICON_TERM|OTHER_STAGE,,True
d180,r1,d180:r1:e0,r1:t2:n2,计,EXISTING_LEXICON_TERM,HIGH,QUERY_NOT_REPAIR_CAPABLE,RETRY_REGION_PARTIAL_COVERAGE,16,17,15,19,1,1,PARTIAL_INSUFFICIENT,OUTSIDE_CURRENT_CONTRACT,,OUTSIDE_CURRENT_CONTRACT|NA|L1|COVERS_CHANGE|EXISTING_LEXICON_TERM|OTHER_STAGE,,True
d180,r1,d180:r1:e0,r1:t2:n3,划,EXISTING_LEXICON_TERM,HIGH,QUERY_NOT_REPAIR_CAPABLE,RETRY_REGION_PARTIAL_COVERAGE,17,18,15,19,1,1,PARTIAL_INSUFFICIENT,OUTSIDE_CURRENT_CONTRACT,,OUTSIDE_CURRENT_CONTRACT|NA|L1|COVERS_CHANGE|EXISTING_LEXICON_TERM|OTHER_STAGE,,True
d181,r0,d181:r0:e0,r0:t1,中杯,EXISTING_LEXICON_TERM,HIGH,QUERY_NOT_REPAIR_CAPABLE,RETRY_REGION_PARTIAL_COVERAGE,12,14,12,16,1,1,PRIMARY_MINIMAL,QUERY_NOT_REPAIR_CAPABLE,RETRY_REGION_PARTIAL_COVERAGE,QUERY_NOT_REPAIR_CAPABLE|RETRY_REGION_PARTIAL_COVERAGE|L2|COVERS_CHANGE|EXISTING_LEXICON_TERM|QUERY_FAIL,,True
d181,r0,d181:r0:e0,r0:t1:n1,杯,EXISTING_LEXICON_TERM,HIGH,QUERY_NOT_REPAIR_CAPABLE,RETRY_REGION_PARTIAL_COVERAGE,13,14,12,16,1,1,PARTIAL_INSUFFICIENT,OUTSIDE_CURRENT_CONTRACT,,OUTSIDE_CURRENT_CONTRACT|NA|L1|COVERS_CHANGE|EXISTING_LEXICON_TERM|OTHER_STAGE,,True
d181,r1,d181:r1:eX,r1:t1,少糖,EXISTING_LEXICON_TERM,HIGH,QUERY_NOT_REPAIR_CAPABLE,RETRY_REGION_PARTIAL_COVERAGE,15,17,15,19,0,0,CONTEXT_SUPPORT,OUTSIDE_CURRENT_CONTRACT,,OUTSIDE_CURRENT_CONTRACT|NA|L2|NO_CHANGE_OV|EXISTING_LEXICON_TERM|OTHER_STAGE,zero_changed_element_overlap,True
d181,r2,d181:r2:e0,r2:t1,问一下,EXISTING_LEXICON_TERM,HIGH,RECALL_TARGET_MISS,,20,23,19,22,1,1,PRIMARY_MINIMAL,RECALL_TARGET_MISS,,RECALL_TARGET_MISS|NA|L3|COVERS_CHANGE|EXISTING_LEXICON_TERM|RAW_MISS,,True
d181,r2,d181:r2:e0,r2:t1:n1,问,EXISTING_LEXICON_TERM,HIGH,RECALL_TARGET_MISS,,20,21,19,22,1,1,PARTIAL_INSUFFICIENT,OUTSIDE_CURRENT_CONTRACT,,OUTSIDE_CURRENT_CONTRACT|NA|L1|COVERS_CHANGE|EXISTING_LEXICON_TERM|OTHER_STAGE,,True
d181,r2,d181:r2:eX,r2:t2,顺便,EXISTING_LEXICON_TERM,HIGH,RECALL_TARGET_MISS,,18,20,19,22,0,0,CONTEXT_SUPPORT,OUTSIDE_CURRENT_CONTRACT,,OUTSIDE_CURRENT_CONTRACT|NA|L2|NO_CHANGE_OV|EXISTING_LEXICON_TERM|OTHER_STAGE,zero_changed_element_overlap,True
d181,r3,d181:r3:e0,r3:t1,问一下,EXISTING_LEXICON_TERM,HIGH,RECALL_TARGET_MISS,,20,23,21,24,1,1,PARTIAL_INSUFFICIENT,OUTSIDE_CURRENT_CONTRACT,,OUTSIDE_CURRENT_CONTRACT|NA|L3|COVERS_CHANGE|EXISTING_LEXICON_TERM|OTHER_STAGE,,True
d181,r3,d181:r3:e0,r3:t2,今天,EXISTING_LEXICON_TERM,HIGH,RECALL_TARGET_MISS,,23,25,21,24,1,1,PRIMARY_MINIMAL,RECALL_TARGET_MISS,,RECALL_TARGET_MISS|NA|L2|COVERS_CHANGE|EXISTING_LEXICON_TERM|RAW_MISS,,True
d181,r3,d181:r3:e0,r3:t1:n1,下,EXISTING_LEXICON_TERM,HIGH,RECALL_TARGET_MISS,,22,23,21,24,1,1,PARTIAL_INSUFFICIENT,OUTSIDE_CURRENT_CONTRACT,,OUTSIDE_CURRENT_CONTRACT|NA|L1|COVERS_CHANGE|EXISTING_LEXICON_TERM|OTHER_STAGE,,True
d181,r3,d181:r3:e0,r3:t2:n2,今,EXISTING_LEXICON_TERM,HIGH,RECALL_TARGET_MISS,,23,24,21,24,1,1,PARTIAL_INSUFFICIENT,OUTSIDE_CURRENT_CONTRACT,,OUTSIDE_CURRENT_CONTRACT|NA|L1|COVERS_CHANGE|EXISTING_LEXICON_TERM|OTHER_STAGE,,True
d182,r0,d182:r0:eX,r0:t1,卡布,EXISTING_LEXICON_TERM,HIGH,QUERY_NOT_REPAIR_CAPABLE,RETRY_REGION_PARTIAL_COVERAGE,7,9,7,10,0,0,CONTEXT_SUPPORT,OUTSIDE_CURRENT_CONTRACT,,OUTSIDE_CURRENT_CONTRACT|NA|L2|NO_CHANGE_OV|EXISTING_LEXICON_TERM|OTHER_STAGE,zero_changed_element_overlap,True
d182,r1,d182:r1:e0,r1:t1,大杯,EXISTING_LEXICON_TERM,HIGH,QUERY_NOT_REPAIR_CAPABLE,RETRY_REGION_PARTIAL_COVERAGE,14,16,14,17,1,1,PRIMARY_MINIMAL,QUERY_NOT_REPAIR_CAPABLE,RETRY_REGION_PARTIAL_COVERAGE,QUERY_NOT_REPAIR_CAPABLE|RETRY_REGION_PARTIAL_COVERAGE|L2|COVERS_CHANGE|EXISTING_LEXICON_TERM|QUERY_FAIL,,True
d182,r1,d182:r1:e0,r1:t1:n1,杯,EXISTING_LEXICON_TERM,HIGH,QUERY_NOT_REPAIR_CAPABLE,RETRY_REGION_PARTIAL_COVERAGE,15,16,14,17,1,1,PARTIAL_INSUFFICIENT,OUTSIDE_CURRENT_CONTRACT,,OUTSIDE_CURRENT_CONTRACT|NA|L1|COVERS_CHANGE|EXISTING_LEXICON_TERM|OTHER_STAGE,,True
d183,r0,d183:r0:e0,r0:t1,小杯,EXISTING_LEXICON_TERM,HIGH,QUERY_NOT_REPAIR_CAPABLE,RETRY_REGION_PARTIAL_COVERAGE,17,19,17,20,1,1,PRIMARY_MINIMAL,QUERY_NOT_REPAIR_CAPABLE,RETRY_REGION_PARTIAL_COVERAGE,QUERY_NOT_REPAIR_CAPABLE|RETRY_REGION_PARTIAL_COVERAGE|L2|COVERS_CHANGE|EXISTING_LEXICON_TERM|QUERY_FAIL,,True
d183,r0,d183:r0:e0,r0:t1:n1,杯,EXISTING_LEXICON_TERM,HIGH,QUERY_NOT_REPAIR_CAPABLE,RETRY_REGION_PARTIAL_COVERAGE,18,19,17,20,1,1,PARTIAL_INSUFFICIENT,OUTSIDE_CURRENT_CONTRACT,,OUTSIDE_CURRENT_CONTRACT|NA|L1|COVERS_CHANGE|EXISTING_LEXICON_TERM|OTHER_STAGE,,True
d184,r1,d184:r1:e0,r1:t1,客户,EXISTING_LEXICON_TERM,HIGH,TARGET_SURVIVED_NO_FINAL_IMPROVEMENT,,3,5,3,6,1,1,PRIMARY_MINIMAL,TARGET_SURVIVED_NO_FINAL_IMPROVEMENT,,TARGET_SURVIVED_NO_FINAL_IMPROVEMENT|NA|L2|COVERS_CHANGE|EXISTING_LEXICON_TERM|OTHER_STAGE,,True
d184,r1,d184:r1:e0,r1:t1:n1,户,EXISTING_LEXICON_TERM,HIGH,TARGET_SURVIVED_NO_FINAL_IMPROVEMENT,,4,5,3,6,1,1,PARTIAL_INSUFFICIENT,OUTSIDE_CURRENT_CONTRACT,,OUTSIDE_CURRENT_CONTRACT|NA|L1|COVERS_CHANGE|EXISTING_LEXICON_TERM|OTHER_STAGE,,True
d184,r2,d184:r2:eX,r2:t1,接口,EXISTING_LEXICON_TERM,HIGH,RECALL_TARGET_MISS,,11,13,11,14,0,0,CONTEXT_SUPPORT,OUTSIDE_CURRENT_CONTRACT,,OUTSIDE_CURRENT_CONTRACT|NA|L2|NO_CHANGE_OV|EXISTING_LEXICON_TERM|OTHER_STAGE,zero_changed_element_overlap,True
d184,r3,d184:r3:e0,r3:t2,缓存,EXISTING_LEXICON_TERM,HIGH,QUERY_NOT_REPAIR_CAPABLE,RETRY_REGION_PARTIAL_COVERAGE,22,24,20,23,1,1,PRIMARY_MINIMAL,QUERY_NOT_REPAIR_CAPABLE,RETRY_REGION_PARTIAL_COVERAGE,QUERY_NOT_REPAIR_CAPABLE|RETRY_REGION_PARTIAL_COVERAGE|L2|COVERS_CHANGE|EXISTING_LEXICON_TERM|QUERY_FAIL,,True
d184,r3,d184:r3:eX,r3:t1,不能,EXISTING_LEXICON_TERM,HIGH,QUERY_NOT_REPAIR_CAPABLE,RETRY_REGION_PARTIAL_COVERAGE,19,21,20,23,0,0,CONTEXT_SUPPORT,OUTSIDE_CURRENT_CONTRACT,,OUTSIDE_CURRENT_CONTRACT|NA|L2|NO_CHANGE_OV|EXISTING_LEXICON_TERM|OTHER_STAGE,zero_changed_element_overlap,True
d184,r4,d184:r4:e0,r4:t1,下午,EXISTING_LEXICON_TERM,HIGH,QUERY_NOT_REPAIR_CAPABLE,RETRY_REGION_PARTIAL_COVERAGE,25,27,25,28,1,1,PRIMARY_MINIMAL,QUERY_NOT_REPAIR_CAPABLE,RETRY_REGION_PARTIAL_COVERAGE,QUERY_NOT_REPAIR_CAPABLE|RETRY_REGION_PARTIAL_COVERAGE|L2|COVERS_CHANGE|EXISTING_LEXICON_TERM|QUERY_FAIL,,True
d184,r5,d184:r5:e0,r5:t1,三点前,STRUCTURAL_COMPOSITION_SUPPORTED,HIGH,TARGET_NOT_IN_LEXICON,,27,30,27,30,1,1,INVALID_LEXICAL_TARGET,OUTSIDE_CURRENT_CONTRACT,,OUTSIDE_CURRENT_CONTRACT|NA|L3|COVERS_CHANGE|STRUCTURAL_COMPOSITION_SUPPORTED|OTHER_STAGE,structural_composition_lacks_independent_lexical_identity,False
d184,r6,d184:r6:e0,r6:t1,结论,EXISTING_LEXICON_TERM,HIGH,QUERY_NOT_REPAIR_CAPABLE,RETRY_REGION_PARTIAL_COVERAGE,31,33,31,34,2,1,PRIMARY_MINIMAL,QUERY_NOT_REPAIR_CAPABLE,RETRY_REGION_PARTIAL_COVERAGE,QUERY_NOT_REPAIR_CAPABLE|RETRY_REGION_PARTIAL_COVERAGE|L2|COVERS_CHANGE|EXISTING_LEXICON_TERM|QUERY_FAIL,,True
d184,r6,d184:r6:e0,r6:t1:n1,结,EXISTING_LEXICON_TERM,HIGH,QUERY_NOT_REPAIR_CAPABLE,RETRY_REGION_PARTIAL_COVERAGE,31,32,31,34,1,1,PARTIAL_INSUFFICIENT,OUTSIDE_CURRENT_CONTRACT,,OUTSIDE_CURRENT_CONTRACT|NA|L1|COVERS_CHANGE|EXISTING_LEXICON_TERM|OTHER_STAGE,,True
d184,r6,d184:r6:e0,r6:t1:n2,论,EXISTING_LEXICON_TERM,HIGH,QUERY_NOT_REPAIR_CAPABLE,RETRY_REGION_PARTIAL_COVERAGE,32,33,31,34,1,1,PARTIAL_INSUFFICIENT,OUTSIDE_CURRENT_CONTRACT,,OUTSIDE_CURRENT_CONTRACT|NA|L1|COVERS_CHANGE|EXISTING_LEXICON_TERM|OTHER_STAGE,,True
d185,r2,d185:r2:e0,r2:t1,高这块,STRUCTURAL_COMPOSITION_SUPPORTED,HIGH,TARGET_NOT_IN_LEXICON,,20,23,21,23,2,1,INVALID_LEXICAL_TARGET,OUTSIDE_CURRENT_CONTRACT,,OUTSIDE_CURRENT_CONTRACT|NA|L3|COVERS_CHANGE|STRUCTURAL_COMPOSITION_SUPPORTED|OTHER_STAGE,structural_composition_lacks_independent_lexical_identity,False
d185,r3,d185:r3:e0,r3:t1,限流,EXISTING_LEXICON_TERM,HIGH,QUERY_NOT_REPAIR_CAPABLE,RETRY_REGION_PARTIAL_COVERAGE,25,27,25,27,2,1,PRIMARY_MINIMAL,QUERY_NOT_REPAIR_CAPABLE,RETRY_REGION_PARTIAL_COVERAGE,QUERY_NOT_REPAIR_CAPABLE|RETRY_REGION_PARTIAL_COVERAGE|L2|COVERS_CHANGE|EXISTING_LEXICON_TERM|QUERY_FAIL,,True
d185,r3,d185:r3:e0,r3:t1:n1,流,EXISTING_LEXICON_TERM,HIGH,QUERY_NOT_REPAIR_CAPABLE,RETRY_REGION_PARTIAL_COVERAGE,26,27,25,27,1,1,PARTIAL_INSUFFICIENT,OUTSIDE_CURRENT_CONTRACT,,OUTSIDE_CURRENT_CONTRACT|NA|L1|COVERS_CHANGE|EXISTING_LEXICON_TERM|OTHER_STAGE,,True
d186,r1,d186:r1:e0,r1:t1,点前请,STRUCTURAL_COMPOSITION_SUPPORTED,HIGH,TARGET_NOT_IN_LEXICON,,18,21,18,21,1,1,INVALID_LEXICAL_TARGET,OUTSIDE_CURRENT_CONTRACT,,OUTSIDE_CURRENT_CONTRACT|NA|L3|COVERS_CHANGE|STRUCTURAL_COMPOSITION_SUPPORTED|OTHER_STAGE,structural_composition_lacks_independent_lexical_identity,False
d187,r1,d187:r1:e0,r1:t1,软件,EXISTING_LEXICON_TERM,HIGH,QUERY_NOT_REPAIR_CAPABLE,RETRY_REGION_PARTIAL_COVERAGE,7,9,7,11,1,1,PRIMARY_MINIMAL,QUERY_NOT_REPAIR_CAPABLE,RETRY_REGION_PARTIAL_COVERAGE,QUERY_NOT_REPAIR_CAPABLE|RETRY_REGION_PARTIAL_COVERAGE|L2|COVERS_CHANGE|EXISTING_LEXICON_TERM|QUERY_FAIL,,True
d187,r1,d187:r1:e0,r1:t1:n1,软,EXISTING_LEXICON_TERM,HIGH,QUERY_NOT_REPAIR_CAPABLE,RETRY_REGION_PARTIAL_COVERAGE,7,8,7,11,1,1,PARTIAL_INSUFFICIENT,OUTSIDE_CURRENT_CONTRACT,,OUTSIDE_CURRENT_CONTRACT|NA|L1|COVERS_CHANGE|EXISTING_LEXICON_TERM|OTHER_STAGE,,True
d187,r2,d187:r2:e0,r2:t1,机场,EXISTING_LEXICON_TERM,HIGH,QUERY_NOT_REPAIR_CAPABLE,RETRY_REGION_PARTIAL_COVERAGE,12,14,12,17,2,1,ALTERNATIVE_MINIMAL,QUERY_NOT_REPAIR_CAPABLE,RETRY_REGION_PARTIAL_COVERAGE,QUERY_NOT_REPAIR_CAPABLE|RETRY_REGION_PARTIAL_COVERAGE|L2|COVERS_CHANGE|EXISTING_LEXICON_TERM|QUERY_FAIL,,True
d187,r2,d187:r2:e0,r2:t2,高速,EXISTING_LEXICON_TERM,HIGH,QUERY_NOT_REPAIR_CAPABLE,RETRY_REGION_PARTIAL_COVERAGE,14,16,12,17,2,1,ALTERNATIVE_MINIMAL,QUERY_NOT_REPAIR_CAPABLE,RETRY_REGION_PARTIAL_COVERAGE,QUERY_NOT_REPAIR_CAPABLE|RETRY_REGION_PARTIAL_COVERAGE|L2|COVERS_CHANGE|EXISTING_LEXICON_TERM|QUERY_FAIL,,True
d187,r2,d187:r2:e0,r2:t1:n1,机,EXISTING_LEXICON_TERM,HIGH,QUERY_NOT_REPAIR_CAPABLE,RETRY_REGION_PARTIAL_COVERAGE,12,13,12,17,1,1,PARTIAL_INSUFFICIENT,OUTSIDE_CURRENT_CONTRACT,,OUTSIDE_CURRENT_CONTRACT|NA|L1|COVERS_CHANGE|EXISTING_LEXICON_TERM|OTHER_STAGE,,True
d187,r2,d187:r2:e0,r2:t1:n2,场,EXISTING_LEXICON_TERM,HIGH,QUERY_NOT_REPAIR_CAPABLE,RETRY_REGION_PARTIAL_COVERAGE,13,14,12,17,1,1,PARTIAL_INSUFFICIENT,OUTSIDE_CURRENT_CONTRACT,,OUTSIDE_CURRENT_CONTRACT|NA|L1|COVERS_CHANGE|EXISTING_LEXICON_TERM|OTHER_STAGE,,True
d187,r2,d187:r2:e0,r2:t2:n3,高,EXISTING_LEXICON_TERM,HIGH,QUERY_NOT_REPAIR_CAPABLE,RETRY_REGION_PARTIAL_COVERAGE,14,15,12,17,1,1,PARTIAL_INSUFFICIENT,OUTSIDE_CURRENT_CONTRACT,,OUTSIDE_CURRENT_CONTRACT|NA|L1|COVERS_CHANGE|EXISTING_LEXICON_TERM|OTHER_STAGE,,True
d187,r2,d187:r2:e0,r2:t2:n4,速,EXISTING_LEXICON_TERM,HIGH,QUERY_NOT_REPAIR_CAPABLE,RETRY_REGION_PARTIAL_COVERAGE,15,16,12,17,1,1,PARTIAL_INSUFFICIENT,OUTSIDE_CURRENT_CONTRACT,,OUTSIDE_CURRENT_CONTRACT|NA|L1|COVERS_CHANGE|EXISTING_LEXICON_TERM|OTHER_STAGE,,True
d187,r3,d187:r3:e0,r3:t1,赶九,STRUCTURAL_COMPOSITION_SUPPORTED,HIGH,TARGET_NOT_IN_LEXICON,,18,20,18,20,2,1,INVALID_LEXICAL_TARGET,OUTSIDE_CURRENT_CONTRACT,,OUTSIDE_CURRENT_CONTRACT|NA|L2|COVERS_CHANGE|STRUCTURAL_COMPOSITION_SUPPORTED|OTHER_STAGE,structural_composition_lacks_independent_lexical_identity,False
d188,r0,d188:r0:e0,r0:t1,贸三期,STRUCTURAL_COMPOSITION_SUPPORTED,HIGH,TARGET_NOT_IN_LEXICON,,6,9,6,9,1,1,INVALID_LEXICAL_TARGET,OUTSIDE_CURRENT_CONTRACT,,OUTSIDE_CURRENT_CONTRACT|NA|L3|COVERS_CHANGE|STRUCTURAL_COMPOSITION_SUPPORTED|OTHER_STAGE,structural_composition_lacks_independent_lexical_identity,False
d188,r1,d188:r1:e0,r1:t1,我十点,STRUCTURAL_COMPOSITION_SUPPORTED,HIGH,TARGET_NOT_IN_LEXICON,,19,22,19,22,1,1,INVALID_LEXICAL_TARGET,OUTSIDE_CURRENT_CONTRACT,,OUTSIDE_CURRENT_CONTRACT|NA|L3|COVERS_CHANGE|STRUCTURAL_COMPOSITION_SUPPORTED|OTHER_STAGE,structural_composition_lacks_independent_lexical_identity,False
d189,r0,d189:r0:e0,r0:t1,望京,EXISTING_LEXICON_TERM,HIGH,RECALL_TARGET_MISS,,1,3,1,9,2,1,PRIMARY_MINIMAL,RECALL_TARGET_MISS,,RECALL_TARGET_MISS|NA|L2|COVERS_CHANGE|EXISTING_LEXICON_TERM|RAW_MISS,,True
d189,r0,d189:r0:e0,r0:t1:n1,望,EXISTING_LEXICON_TERM,HIGH,RECALL_TARGET_MISS,,1,2,1,9,1,1,PARTIAL_INSUFFICIENT,OUTSIDE_CURRENT_CONTRACT,,OUTSIDE_CURRENT_CONTRACT|NA|L1|COVERS_CHANGE|EXISTING_LEXICON_TERM|OTHER_STAGE,,True
d189,r1,d189:r1:e0,r1:t1,四环,EXISTING_LEXICON_TERM,HIGH,QUERY_NOT_REPAIR_CAPABLE,RETRY_REGION_PARTIAL_COVERAGE,10,12,10,12,2,1,PRIMARY_MINIMAL,QUERY_NOT_REPAIR_CAPABLE,RETRY_REGION_PARTIAL_COVERAGE,QUERY_NOT_REPAIR_CAPABLE|RETRY_REGION_PARTIAL_COVERAGE|L2|COVERS_CHANGE|EXISTING_LEXICON_TERM|QUERY_FAIL,,True
d189,r1,d189:r1:e0,r1:t1:n1,四,EXISTING_LEXICON_TERM,HIGH,QUERY_NOT_REPAIR_CAPABLE,RETRY_REGION_PARTIAL_COVERAGE,10,11,10,12,1,1,PARTIAL_INSUFFICIENT,OUTSIDE_CURRENT_CONTRACT,,OUTSIDE_CURRENT_CONTRACT|NA|L1|COVERS_CHANGE|EXISTING_LEXICON_TERM|OTHER_STAGE,,True
d189,r1,d189:r1:e0,r1:t1:n2,环,EXISTING_LEXICON_TERM,HIGH,QUERY_NOT_REPAIR_CAPABLE,RETRY_REGION_PARTIAL_COVERAGE,11,12,10,12,1,1,PARTIAL_INSUFFICIENT,OUTSIDE_CURRENT_CONTRACT,,OUTSIDE_CURRENT_CONTRACT|NA|L1|COVERS_CHANGE|EXISTING_LEXICON_TERM|OTHER_STAGE,,True
d189,r2,d189:r2:e0,r2:t1,现在,EXISTING_LEXICON_TERM,HIGH,QUERY_NOT_REPAIR_CAPABLE,RETRY_REGION_PARTIAL_COVERAGE,18,20,17,19,1,1,PRIMARY_MINIMAL,QUERY_NOT_REPAIR_CAPABLE,RETRY_REGION_PARTIAL_COVERAGE,QUERY_NOT_REPAIR_CAPABLE|RETRY_REGION_PARTIAL_COVERAGE|L2|COVERS_CHANGE|EXISTING_LEXICON_TERM|QUERY_FAIL,,True
d189,r2,d189:r2:e0,r2:t1:n1,现,EXISTING_LEXICON_TERM,HIGH,QUERY_NOT_REPAIR_CAPABLE,RETRY_REGION_PARTIAL_COVERAGE,18,19,17,19,1,1,PARTIAL_INSUFFICIENT,OUTSIDE_CURRENT_CONTRACT,,OUTSIDE_CURRENT_CONTRACT|NA|L1|COVERS_CHANGE|EXISTING_LEXICON_TERM|OTHER_STAGE,,True
d189,r3,d189:r3:e0,r3:t1,现在,EXISTING_LEXICON_TERM,HIGH,QUERY_NOT_REPAIR_CAPABLE,RETRY_REGION_PARTIAL_COVERAGE,18,20,18,21,1,1,PRIMARY_MINIMAL,QUERY_NOT_REPAIR_CAPABLE,RETRY_REGION_PARTIAL_COVERAGE,QUERY_NOT_REPAIR_CAPABLE|RETRY_REGION_PARTIAL_COVERAGE|L2|COVERS_CHANGE|EXISTING_LEXICON_TERM|QUERY_FAIL,,True
d189,r3,d189:r3:e0,r3:t1:n1,现,EXISTING_LEXICON_TERM,HIGH,QUERY_NOT_REPAIR_CAPABLE,RETRY_REGION_PARTIAL_COVERAGE,18,19,18,21,1,1,PARTIAL_INSUFFICIENT,OUTSIDE_CURRENT_CONTRACT,,OUTSIDE_CURRENT_CONTRACT|NA|L1|COVERS_CHANGE|EXISTING_LEXICON_TERM|OTHER_STAGE,,True
d190,r0,d190:r0:e0,r0:t1,头痛,EXISTING_LEXICON_TERM,HIGH,QUERY_NOT_REPAIR_CAPABLE,RETRY_REGION_PARTIAL_COVERAGE,9,11,9,12,2,1,PRIMARY_MINIMAL,QUERY_NOT_REPAIR_CAPABLE,RETRY_REGION_PARTIAL_COVERAGE,QUERY_NOT_REPAIR_CAPABLE|RETRY_REGION_PARTIAL_COVERAGE|L2|COVERS_CHANGE|EXISTING_LEXICON_TERM|QUERY_FAIL,,True
d190,r0,d190:r0:e0,r0:t1:n1,头,EXISTING_LEXICON_TERM,HIGH,QUERY_NOT_REPAIR_CAPABLE,RETRY_REGION_PARTIAL_COVERAGE,9,10,9,12,1,1,PARTIAL_INSUFFICIENT,OUTSIDE_CURRENT_CONTRACT,,OUTSIDE_CURRENT_CONTRACT|NA|L1|COVERS_CHANGE|EXISTING_LEXICON_TERM|OTHER_STAGE,,True
d190,r0,d190:r0:e0,r0:t1:n2,痛,EXISTING_LEXICON_TERM,HIGH,QUERY_NOT_REPAIR_CAPABLE,RETRY_REGION_PARTIAL_COVERAGE,10,11,9,12,1,1,PARTIAL_INSUFFICIENT,OUTSIDE_CURRENT_CONTRACT,,OUTSIDE_CURRENT_CONTRACT|NA|L1|COVERS_CHANGE|EXISTING_LEXICON_TERM|OTHER_STAGE,,True
d190,r1,d190:r1:e0,r1:t1,开点药并,STRUCTURAL_COMPOSITION_SUPPORTED,HIGH,TARGET_NOT_IN_LEXICON,,13,17,13,17,4,1,INVALID_LEXICAL_TARGET,OUTSIDE_CURRENT_CONTRACT,,OUTSIDE_CURRENT_CONTRACT|NA|L4p|COVERS_CHANGE|STRUCTURAL_COMPOSITION_SUPPORTED|OTHER_STAGE,structural_composition_lacks_independent_lexical_identity,False
d190,r2,d190:r2:e0,r2:t1,个血,STRUCTURAL_COMPOSITION_SUPPORTED,HIGH,TARGET_NOT_IN_LEXICON,,18,20,18,20,2,1,INVALID_LEXICAL_TARGET,OUTSIDE_CURRENT_CONTRACT,,OUTSIDE_CURRENT_CONTRACT|NA|L2|COVERS_CHANGE|STRUCTURAL_COMPOSITION_SUPPORTED|OTHER_STAGE,structural_composition_lacks_independent_lexical_identity,False
d190,r3,d190:r3:e0,r3:t1,常规,EXISTING_LEXICON_TERM,HIGH,QUERY_NOT_REPAIR_CAPABLE,RETRY_REGION_PARTIAL_COVERAGE,20,22,20,23,1,1,PRIMARY_MINIMAL,QUERY_NOT_REPAIR_CAPABLE,RETRY_REGION_PARTIAL_COVERAGE,QUERY_NOT_REPAIR_CAPABLE|RETRY_REGION_PARTIAL_COVERAGE|L2|COVERS_CHANGE|EXISTING_LEXICON_TERM|QUERY_FAIL,,True
d191,r0,d191:r0:e0,r0:t1,挂号处,EXISTING_LEXICON_TERM,HIGH,QUERY_NOT_REPAIR_CAPABLE,RETRY_REGION_PARTIAL_COVERAGE,-1,3,-1,2,1,1,SUPERSET_REDUNDANT,OUTSIDE_CURRENT_CONTRACT,,OUTSIDE_CURRENT_CONTRACT|NA|L3|COVERS_CHANGE|EXISTING_LEXICON_TERM|OTHER_STAGE,,True
d191,r0,d191:r0:e0,r0:t1:n1,挂,EXISTING_LEXICON_TERM,HIGH,QUERY_NOT_REPAIR_CAPABLE,RETRY_REGION_PARTIAL_COVERAGE,-1,1,-1,2,1,1,PARTIAL_INSUFFICIENT,OUTSIDE_CURRENT_CONTRACT,,OUTSIDE_CURRENT_CONTRACT|NA|L1|COVERS_CHANGE|EXISTING_LEXICON_TERM|OTHER_STAGE,,True
d191,r0,d191:r0:e0,r0:t1:n2,挂号,EXISTING_LEXICON_TERM,HIGH,QUERY_NOT_REPAIR_CAPABLE,RETRY_REGION_PARTIAL_COVERAGE,-1,2,-1,2,1,1,PRIMARY_MINIMAL,QUERY_NOT_REPAIR_CAPABLE,RETRY_REGION_PARTIAL_COVERAGE,QUERY_NOT_REPAIR_CAPABLE|RETRY_REGION_PARTIAL_COVERAGE|L2|COVERS_CHANGE|EXISTING_LEXICON_TERM|QUERY_FAIL,,True
d191,r1,d191:r1:e0,r1:t1,挂号处,EXISTING_LEXICON_TERM,HIGH,RECALL_TARGET_MISS,,-1,3,1,4,1,1,PRIMARY_MINIMAL,RECALL_TARGET_MISS,,RECALL_TARGET_MISS|NA|L3|COVERS_CHANGE|EXISTING_LEXICON_TERM|RAW_MISS,,True
d191,r1,d191:r1:e0,r1:t1:n1,处,EXISTING_LEXICON_TERM,HIGH,RECALL_TARGET_MISS,,2,3,1,4,1,1,PARTIAL_INSUFFICIENT,OUTSIDE_CURRENT_CONTRACT,,OUTSIDE_CURRENT_CONTRACT|NA|L1|COVERS_CHANGE|EXISTING_LEXICON_TERM|OTHER_STAGE,,True
d191,r2,d191:r2:e0,r2:t1,内科,EXISTING_LEXICON_TERM,HIGH,QUERY_NOT_REPAIR_CAPABLE,RETRY_REGION_PARTIAL_COVERAGE,5,7,5,8,1,1,PRIMARY_MINIMAL,QUERY_NOT_REPAIR_CAPABLE,RETRY_REGION_PARTIAL_COVERAGE,QUERY_NOT_REPAIR_CAPABLE|RETRY_REGION_PARTIAL_COVERAGE|L2|COVERS_CHANGE|EXISTING_LEXICON_TERM|QUERY_FAIL,,True
d191,r2,d191:r2:e0,r2:t1:n1,科,EXISTING_LEXICON_TERM,HIGH,QUERY_NOT_REPAIR_CAPABLE,RETRY_REGION_PARTIAL_COVERAGE,6,7,5,8,1,1,PARTIAL_INSUFFICIENT,OUTSIDE_CURRENT_CONTRACT,,OUTSIDE_CURRENT_CONTRACT|NA|L1|COVERS_CHANGE|EXISTING_LEXICON_TERM|OTHER_STAGE,,True
d191,r4,d191:r4:e0,r4:t1,我胃不,STRUCTURAL_COMPOSITION_SUPPORTED,HIGH,TARGET_NOT_IN_LEXICON,,12,15,12,15,1,1,INVALID_LEXICAL_TARGET,OUTSIDE_CURRENT_CONTRACT,,OUTSIDE_CURRENT_CONTRACT|NA|L3|COVERS_CHANGE|STRUCTURAL_COMPOSITION_SUPPORTED|OTHER_STAGE,structural_composition_lacks_independent_lexical_identity,False
d193,r0,d193:r0:e0,r0:t1,我穿中,STRUCTURAL_COMPOSITION_SUPPORTED,HIGH,TARGET_NOT_IN_LEXICON,,9,12,9,12,1,1,INVALID_LEXICAL_TARGET,OUTSIDE_CURRENT_CONTRACT,,OUTSIDE_CURRENT_CONTRACT|NA|L3|COVERS_CHANGE|STRUCTURAL_COMPOSITION_SUPPORTED|OTHER_STAGE,structural_composition_lacks_independent_lexical_identity,False
d194,r0,d194:r0:e0,r0:t1,四十码,EXISTING_LEXICON_TERM,HIGH,QUERY_NOT_REPAIR_CAPABLE,RETRY_REGION_PARTIAL_COVERAGE,6,9,6,8,2,1,PRIMARY_MINIMAL,QUERY_NOT_REPAIR_CAPABLE,RETRY_REGION_PARTIAL_COVERAGE,QUERY_NOT_REPAIR_CAPABLE|RETRY_REGION_PARTIAL_COVERAGE|L3|COVERS_CHANGE|EXISTING_LEXICON_TERM|QUERY_FAIL,,True
d194,r0,d194:r0:e0,r0:t1:n1,四,EXISTING_LEXICON_TERM,HIGH,QUERY_NOT_REPAIR_CAPABLE,RETRY_REGION_PARTIAL_COVERAGE,6,7,6,8,1,1,PARTIAL_INSUFFICIENT,OUTSIDE_CURRENT_CONTRACT,,OUTSIDE_CURRENT_CONTRACT|NA|L1|COVERS_CHANGE|EXISTING_LEXICON_TERM|OTHER_STAGE,,True
d194,r0,d194:r0:e0,r0:t1:n2,十,EXISTING_LEXICON_TERM,HIGH,QUERY_NOT_REPAIR_CAPABLE,RETRY_REGION_PARTIAL_COVERAGE,7,8,6,8,1,1,PARTIAL_INSUFFICIENT,OUTSIDE_CURRENT_CONTRACT,,OUTSIDE_CURRENT_CONTRACT|NA|L1|COVERS_CHANGE|EXISTING_LEXICON_TERM|OTHER_STAGE,,True
d194,r1,d194:r1:e0,r1:t1,可以退,STRUCTURAL_COMPOSITION_SUPPORTED,HIGH,TARGET_NOT_IN_LEXICON,,17,20,17,20,1,1,INVALID_LEXICAL_TARGET,OUTSIDE_CURRENT_CONTRACT,,OUTSIDE_CURRENT_CONTRACT|NA|L3|COVERS_CHANGE|STRUCTURAL_COMPOSITION_SUPPORTED|OTHER_STAGE,structural_composition_lacks_independent_lexical_identity,False
d195,r0,d195:r0:e0,r0:t1,这两款,STRUCTURAL_COMPOSITION_SUPPORTED,HIGH,TARGET_NOT_IN_LEXICON,,6,9,6,9,1,1,INVALID_LEXICAL_TARGET,OUTSIDE_CURRENT_CONTRACT,,OUTSIDE_CURRENT_CONTRACT|NA|L3|COVERS_CHANGE|STRUCTURAL_COMPOSITION_SUPPORTED|OTHER_STAGE,structural_composition_lacks_independent_lexical_identity,False
d195,r1,d195:r1:eX,r1:t1,订单,EXISTING_LEXICON_TERM,HIGH,QUERY_NOT_REPAIR_CAPABLE,RETRY_REGION_PARTIAL_COVERAGE,9,11,10,13,0,0,CONTEXT_SUPPORT,OUTSIDE_CURRENT_CONTRACT,,OUTSIDE_CURRENT_CONTRACT|NA|L2|NO_CHANGE_OV|EXISTING_LEXICON_TERM|OTHER_STAGE,zero_changed_element_overlap,True
d195,r2,d195:r2:e0,r2:t1,价格,EXISTING_LEXICON_TERM,HIGH,QUERY_NOT_REPAIR_CAPABLE,RETRY_REGION_PARTIAL_COVERAGE,14,16,14,17,2,1,PRIMARY_MINIMAL,QUERY_NOT_REPAIR_CAPABLE,RETRY_REGION_PARTIAL_COVERAGE,QUERY_NOT_REPAIR_CAPABLE|RETRY_REGION_PARTIAL_COVERAGE|L2|COVERS_CHANGE|EXISTING_LEXICON_TERM|QUERY_FAIL,,True
d195,r2,d195:r2:e0,r2:t1:n1,价,EXISTING_LEXICON_TERM,HIGH,QUERY_NOT_REPAIR_CAPABLE,RETRY_REGION_PARTIAL_COVERAGE,14,15,14,17,1,1,PARTIAL_INSUFFICIENT,OUTSIDE_CURRENT_CONTRACT,,OUTSIDE_CURRENT_CONTRACT|NA|L1|COVERS_CHANGE|EXISTING_LEXICON_TERM|OTHER_STAGE,,True
d195,r2,d195:r2:e0,r2:t1:n2,格,EXISTING_LEXICON_TERM,HIGH,QUERY_NOT_REPAIR_CAPABLE,RETRY_REGION_PARTIAL_COVERAGE,15,16,14,17,1,1,PARTIAL_INSUFFICIENT,OUTSIDE_CURRENT_CONTRACT,,OUTSIDE_CURRENT_CONTRACT|NA|L1|COVERS_CHANGE|EXISTING_LEXICON_TERM|OTHER_STAGE,,True
d196,r0,d196:r0:eX,r0:t1,预报,EXISTING_LEXICON_TERM,HIGH,QUERY_NOT_REPAIR_CAPABLE,RETRY_REGION_PARTIAL_COVERAGE,13,15,13,16,0,0,CONTEXT_SUPPORT,OUTSIDE_CURRENT_CONTRACT,,OUTSIDE_CURRENT_CONTRACT|NA|L2|NO_CHANGE_OV|EXISTING_LEXICON_TERM|OTHER_STAGE,zero_changed_element_overlap,True
d197,r0,d197:r0:eX,r0:t1,吃饭,EXISTING_LEXICON_TERM,HIGH,RECALL_TARGET_MISS,,4,6,4,8,0,0,CONTEXT_SUPPORT,OUTSIDE_CURRENT_CONTRACT,,OUTSIDE_CURRENT_CONTRACT|NA|L2|NO_CHANGE_OV|EXISTING_LEXICON_TERM|OTHER_STAGE,zero_changed_element_overlap,True
d197,r1,d197:r1:e0,r1:t1,七点,STRUCTURAL_COMPOSITION_SUPPORTED,HIGH,TARGET_NOT_IN_LEXICON,,20,22,20,22,2,1,INVALID_LEXICAL_TARGET,OUTSIDE_CURRENT_CONTRACT,,OUTSIDE_CURRENT_CONTRACT|NA|L2|COVERS_CHANGE|STRUCTURAL_COMPOSITION_SUPPORTED|OTHER_STAGE,structural_composition_lacks_independent_lexical_identity,False
d199,r0,d199:r0:e0,r0:t1,选生城,STRUCTURAL_COMPOSITION_SUPPORTED,HIGH,TARGET_NOT_IN_LEXICON,,10,13,10,13,1,1,INVALID_LEXICAL_TARGET,OUTSIDE_CURRENT_CONTRACT,,OUTSIDE_CURRENT_CONTRACT|NA|L3|COVERS_CHANGE|STRUCTURAL_COMPOSITION_SUPPORTED|OTHER_STAGE,structural_composition_lacks_independent_lexical_identity,False
d199,r1,d199:r1:e0,r1:t1,选生城,STRUCTURAL_COMPOSITION_SUPPORTED,HIGH,TARGET_NOT_IN_LEXICON,,17,20,17,20,1,1,INVALID_LEXICAL_TARGET,OUTSIDE_CURRENT_CONTRACT,,OUTSIDE_CURRENT_CONTRACT|NA|L3|COVERS_CHANGE|STRUCTURAL_COMPOSITION_SUPPORTED|OTHER_STAGE,structural_composition_lacks_independent_lexical_identity,False
d199,r2,d199:r2:eX,r2:t1,上线,EXISTING_LEXICON_TERM,HIGH,QUERY_NOT_REPAIR_CAPABLE,RETRY_REGION_PARTIAL_COVERAGE,23,25,24,27,0,0,CONTEXT_SUPPORT,OUTSIDE_CURRENT_CONTRACT,,OUTSIDE_CURRENT_CONTRACT|NA|L2|NO_CHANGE_OV|EXISTING_LEXICON_TERM|OTHER_STAGE,zero_changed_element_overlap,True
d199,r3,d199:r3:e0,r3:t1,研发,EXISTING_LEXICON_TERM,HIGH,QUERY_NOT_REPAIR_CAPABLE,RETRY_REGION_PARTIAL_COVERAGE,31,33,30,33,1,1,PRIMARY_MINIMAL,QUERY_NOT_REPAIR_CAPABLE,RETRY_REGION_PARTIAL_COVERAGE,QUERY_NOT_REPAIR_CAPABLE|RETRY_REGION_PARTIAL_COVERAGE|L2|COVERS_CHANGE|EXISTING_LEXICON_TERM|QUERY_FAIL,,True
d200,r0,d200:r0:e0,r0:t1,我们先,STRUCTURAL_COMPOSITION_SUPPORTED,HIGH,TARGET_NOT_IN_LEXICON,,4,7,4,7,1,1,INVALID_LEXICAL_TARGET,OUTSIDE_CURRENT_CONTRACT,,OUTSIDE_CURRENT_CONTRACT|NA|L3|COVERS_CHANGE|STRUCTURAL_COMPOSITION_SUPPORTED|OTHER_STAGE,structural_composition_lacks_independent_lexical_identity,False
d200,r1,d200:r1:e0,r1:t1,上线,EXISTING_LEXICON_TERM,HIGH,QUERY_NOT_REPAIR_CAPABLE,RETRY_REGION_PARTIAL_COVERAGE,9,11,8,10,1,1,PRIMARY_MINIMAL,QUERY_NOT_REPAIR_CAPABLE,RETRY_REGION_PARTIAL_COVERAGE,QUERY_NOT_REPAIR_CAPABLE|RETRY_REGION_PARTIAL_COVERAGE|L2|COVERS_CHANGE|EXISTING_LEXICON_TERM|QUERY_FAIL,,True
d200,r1,d200:r1:e0,r1:t1:n1,上,EXISTING_LEXICON_TERM,HIGH,QUERY_NOT_REPAIR_CAPABLE,RETRY_REGION_PARTIAL_COVERAGE,9,10,8,10,1,1,PARTIAL_INSUFFICIENT,OUTSIDE_CURRENT_CONTRACT,,OUTSIDE_CURRENT_CONTRACT|NA|L1|COVERS_CHANGE|EXISTING_LEXICON_TERM|OTHER_STAGE,,True
d200,r2,d200:r2:e0,r2:t1,选生城,STRUCTURAL_COMPOSITION_SUPPORTED,HIGH,TARGET_NOT_IN_LEXICON,,17,20,17,20,1,1,INVALID_LEXICAL_TARGET,OUTSIDE_CURRENT_CONTRACT,,OUTSIDE_CURRENT_CONTRACT|NA|L3|COVERS_CHANGE|STRUCTURAL_COMPOSITION_SUPPORTED|OTHER_STAGE,structural_composition_lacks_independent_lexical_identity,False
d200,r3,d200:r3:e0,r3:t1,模块需,STRUCTURAL_COMPOSITION_SUPPORTED,HIGH,TARGET_NOT_IN_LEXICON,,20,23,20,23,1,1,INVALID_LEXICAL_TARGET,OUTSIDE_CURRENT_CONTRACT,,OUTSIDE_CURRENT_CONTRACT|NA|L3|COVERS_CHANGE|STRUCTURAL_COMPOSITION_SUPPORTED|OTHER_STAGE,structural_composition_lacks_independent_lexical_identity,False
d200,r4,d200:r4:e0,r4:t1,联调,EXISTING_LEXICON_TERM,HIGH,QUERY_NOT_REPAIR_CAPABLE,RETRY_REGION_PARTIAL_COVERAGE,24,26,24,27,2,1,PRIMARY_MINIMAL,QUERY_NOT_REPAIR_CAPABLE,RETRY_REGION_PARTIAL_COVERAGE,QUERY_NOT_REPAIR_CAPABLE|RETRY_REGION_PARTIAL_COVERAGE|L2|COVERS_CHANGE|EXISTING_LEXICON_TERM|QUERY_FAIL,,True
d200,r4,d200:r4:e0,r4:t1:n1,调,EXISTING_LEXICON_TERM,HIGH,QUERY_NOT_REPAIR_CAPABLE,RETRY_REGION_PARTIAL_COVERAGE,25,26,24,27,1,1,PARTIAL_INSUFFICIENT,OUTSIDE_CURRENT_CONTRACT,,OUTSIDE_CURRENT_CONTRACT|NA|L1|COVERS_CHANGE|EXISTING_LEXICON_TERM|OTHER_STAGE,,True
