term,normalized,length,term_class,base_or_domain,domain_tags,pinyin,tone,source,source_authority,reason,dialog200_seen,general_source_supported
一,一,1,single_char,base,,yi,yi1,common-standard-level-1+pinyin-data,docs/pinyin-v2/import/single_char_dictionary.tsv,FROZEN_DESIGN_DATA_MISSING restore general-purpose single-char base lexicon,true,true
乙,乙,1,single_char,base,,yi,yi3,common-standard-level-1+pinyin-data,docs/pinyin-v2/import/single_char_dictionary.tsv,FROZEN_DESIGN_DATA_MISSING restore general-purpose single-char base lexicon,false,true
二,二,1,single_char,base,,er,er4,common-standard-level-1+pinyin-data,docs/pinyin-v2/import/single_char_dictionary.tsv,FROZEN_DESIGN_DATA_MISSING restore general-purpose single-char base lexicon,false,true
十,十,1,single_char,base,,shi,shi2,common-standard-level-1+pinyin-data,docs/pinyin-v2/import/single_char_dictionary.tsv,FROZEN_DESIGN_DATA_MISSING restore general-purpose single-char base lexicon,true,true
丁,丁,1,single_char,base,,ding,ding1,common-standard-level-1+pinyin-data,docs/pinyin-v2/import/single_char_dictionary.tsv,FROZEN_DESIGN_DATA_MISSING restore general-purpose single-char base lexicon,false,true
厂,厂,1,single_char,base,,chang,chang3,common-standard-level-1+pinyin-data,docs/pinyin-v2/import/single_char_dictionary.tsv,FROZEN_DESIGN_DATA_MISSING restore general-purpose single-char base lexicon,false,true
七,七,1,single_char,base,,qi,qi1,common-standard-level-1+pinyin-data,docs/pinyin-v2/import/single_char_dictionary.tsv,FROZEN_DESIGN_DATA_MISSING restore general-purpose single-char base lexicon,true,true
卜,卜,1,single_char,base,,bo,bo,common-standard-level-1+pinyin-data,docs/pinyin-v2/import/single_char_dictionary.tsv,FROZEN_DESIGN_DATA_MISSING restore general-purpose single-char base lexicon,false,true
八,八,1,single_char,base,,ba,ba1,common-standard-level-1+pinyin-data,docs/pinyin-v2/import/single_char_dictionary.tsv,FROZEN_DESIGN_DATA_MISSING restore general-purpose single-char base lexicon,true,true
人,人,1,single_char,base,,ren,ren2,common-standard-level-1+pinyin-data,docs/pinyin-v2/import/single_char_dictionary.tsv,FROZEN_DESIGN_DATA_MISSING restore general-purpose single-char base lexicon,false,true
入,入,1,single_char,base,,ru,ru4,common-standard-level-1+pinyin-data,docs/pinyin-v2/import/single_char_dictionary.tsv,FROZEN_DESIGN_DATA_MISSING restore general-purpose single-char base lexicon,false,true
儿,儿,1,single_char,base,,er,er2,common-standard-level-1+pinyin-data,docs/pinyin-v2/import/single_char_dictionary.tsv,FROZEN_DESIGN_DATA_MISSING restore general-purpose single-char base lexicon,false,true
匕,匕,1,single_char,base,,bi,bi3,common-standard-level-1+pinyin-data,docs/pinyin-v2/import/single_char_dictionary.tsv,FROZEN_DESIGN_DATA_MISSING restore general-purpose single-char base lexicon,false,true
几,几,1,single_char,base,,ji,ji3,common-standard-level-1+pinyin-data,docs/pinyin-v2/import/single_char_dictionary.tsv,FROZEN_DESIGN_DATA_MISSING restore general-purpose single-char base lexicon,false,true
九,九,1,single_char,base,,jiu,jiu3,common-standard-level-1+pinyin-data,docs/pinyin-v2/import/single_char_dictionary.tsv,FROZEN_DESIGN_DATA_MISSING restore general-purpose single-char base lexicon,false,true
刁,刁,1,single_char,base,,diao,diao1,common-standard-level-1+pinyin-data,docs/pinyin-v2/import/single_char_dictionary.tsv,FROZEN_DESIGN_DATA_MISSING restore general-purpose single-char base lexicon,false,true
了,了,1,single_char,base,,le,le,common-standard-level-1+pinyin-data,docs/pinyin-v2/import/single_char_dictionary.tsv,FROZEN_DESIGN_DATA_MISSING restore general-purpose single-char base lexicon,false,true
刀,刀,1,single_char,base,,dao,dao1,common-standard-level-1+pinyin-data,docs/pinyin-v2/import/single_char_dictionary.tsv,FROZEN_DESIGN_DATA_MISSING restore general-purpose single-char base lexicon,false,true
力,力,1,single_char,base,,li,li4,common-standard-level-1+pinyin-data,docs/pinyin-v2/import/single_char_dictionary.tsv,FROZEN_DESIGN_DATA_MISSING restore general-purpose single-char base lexicon,false,true
乃,乃,1,single_char,base,,nai,nai3,common-standard-level-1+pinyin-data,docs/pinyin-v2/import/single_char_dictionary.tsv,FROZEN_DESIGN_DATA_MISSING restore general-purpose single-char base lexicon,false,true
又,又,1,single_char,base,,you,you4,common-standard-level-1+pinyin-data,docs/pinyin-v2/import/single_char_dictionary.tsv,FROZEN_DESIGN_DATA_MISSING restore general-purpose single-char base lexicon,false,true
三,三,1,single_char,base,,san,san1,common-standard-level-1+pinyin-data,docs/pinyin-v2/import/single_char_dictionary.tsv,FROZEN_DESIGN_DATA_MISSING restore general-purpose single-char base lexicon,true,true
干,干,1,single_char,base,,gan,gan4,common-standard-level-1+pinyin-data,docs/pinyin-v2/import/single_char_dictionary.tsv,FROZEN_DESIGN_DATA_MISSING restore general-purpose single-char base lexicon,false,true
于,于,1,single_char,base,,yu,yu2,common-standard-level-1+pinyin-data,docs/pinyin-v2/import/single_char_dictionary.tsv,FROZEN_DESIGN_DATA_MISSING restore general-purpose single-char base lexicon,false,true
亏,亏,1,single_char,base,,kui,kui1,common-standard-level-1+pinyin-data,docs/pinyin-v2/import/single_char_dictionary.tsv,FROZEN_DESIGN_DATA_MISSING restore general-purpose single-char base lexicon,false,true
工,工,1,single_char,base,,gong,gong1,common-standard-level-1+pinyin-data,docs/pinyin-v2/import/single_char_dictionary.tsv,FROZEN_DESIGN_DATA_MISSING restore general-purpose single-char base lexicon,false,true
土,土,1,single_char,base,,tu,tu3,common-standard-level-1+pinyin-data,docs/pinyin-v2/import/single_char_dictionary.tsv,FROZEN_DESIGN_DATA_MISSING restore general-purpose single-char base lexicon,false,true
士,士,1,single_char,base,,shi,shi4,common-standard-level-1+pinyin-data,docs/pinyin-v2/import/single_char_dictionary.tsv,FROZEN_DESIGN_DATA_MISSING restore general-purpose single-char base lexicon,false,true
才,才,1,single_char,base,,cai,cai2,common-standard-level-1+pinyin-data,docs/pinyin-v2/import/single_char_dictionary.tsv,FROZEN_DESIGN_DATA_MISSING restore general-purpose single-char base lexicon,false,true
下,下,1,single_char,base,,xia,xia4,common-standard-level-1+pinyin-data,docs/pinyin-v2/import/single_char_dictionary.tsv,FROZEN_DESIGN_DATA_MISSING restore general-purpose single-char base lexicon,false,true
寸,寸,1,single_char,base,,cun,cun4,common-standard-level-1+pinyin-data,docs/pinyin-v2/import/single_char_dictionary.tsv,FROZEN_DESIGN_DATA_MISSING restore general-purpose single-char base lexicon,false,true
大,大,1,single_char,base,,da,da4,common-standard-level-1+pinyin-data,docs/pinyin-v2/import/single_char_dictionary.tsv,FROZEN_DESIGN_DATA_MISSING restore general-purpose single-char base lexicon,true,true
丈,丈,1,single_char,base,,zhang,zhang4,common-standard-level-1+pinyin-data,docs/pinyin-v2/import/single_char_dictionary.tsv,FROZEN_DESIGN_DATA_MISSING restore general-purpose single-char base lexicon,false,true
与,与,1,single_char,base,,yu,yu3,common-standard-level-1+pinyin-data,docs/pinyin-v2/import/single_char_dictionary.tsv,FROZEN_DESIGN_DATA_MISSING restore general-purpose single-char base lexicon,false,true
万,万,1,single_char,base,,wan,wan4,common-standard-level-1+pinyin-data,docs/pinyin-v2/import/single_char_dictionary.tsv,FROZEN_DESIGN_DATA_MISSING restore general-purpose single-char base lexicon,false,true
上,上,1,single_char,base,,shang,shang4,common-standard-level-1+pinyin-data,docs/pinyin-v2/import/single_char_dictionary.tsv,FROZEN_DESIGN_DATA_MISSING restore general-purpose single-char base lexicon,false,true
小,小,1,single_char,base,,xiao,xiao3,common-standard-level-1+pinyin-data,docs/pinyin-v2/import/single_char_dictionary.tsv,FROZEN_DESIGN_DATA_MISSING restore general-purpose single-char base lexicon,false,true
口,口,1,single_char,base,,kou,kou3,common-standard-level-1+pinyin-data,docs/pinyin-v2/import/single_char_dictionary.tsv,FROZEN_DESIGN_DATA_MISSING restore general-purpose single-char base lexicon,false,true
山,山,1,single_char,base,,shan,shan1,common-standard-level-1+pinyin-data,docs/pinyin-v2/import/single_char_dictionary.tsv,FROZEN_DESIGN_DATA_MISSING restore general-purpose single-char base lexicon,true,true
巾,巾,1,single_char,base,,jin,jin1,common-standard-level-1+pinyin-data,docs/pinyin-v2/import/single_char_dictionary.tsv,FROZEN_DESIGN_DATA_MISSING restore general-purpose single-char base lexicon,false,true
千,千,1,single_char,base,,qian,qian1,common-standard-level-1+pinyin-data,docs/pinyin-v2/import/single_char_dictionary.tsv,FROZEN_DESIGN_DATA_MISSING restore general-purpose single-char base lexicon,false,true
乞,乞,1,single_char,base,,qi,qi3,common-standard-level-1+pinyin-data,docs/pinyin-v2/import/single_char_dictionary.tsv,FROZEN_DESIGN_DATA_MISSING restore general-purpose single-char base lexicon,false,true
川,川,1,single_char,base,,chuan,chuan1,common-standard-level-1+pinyin-data,docs/pinyin-v2/import/single_char_dictionary.tsv,FROZEN_DESIGN_DATA_MISSING restore general-purpose single-char base lexicon,true,true
亿,亿,1,single_char,base,,yi,yi4,common-standard-level-1+pinyin-data,docs/pinyin-v2/import/single_char_dictionary.tsv,FROZEN_DESIGN_DATA_MISSING restore general-purpose single-char base lexicon,false,true
个,个,1,single_char,base,,ge,ge4,common-standard-level-1+pinyin-data,docs/pinyin-v2/import/single_char_dictionary.tsv,FROZEN_DESIGN_DATA_MISSING restore general-purpose single-char base lexicon,false,true
夕,夕,1,single_char,base,,xi,xi1,common-standard-level-1+pinyin-data,docs/pinyin-v2/import/single_char_dictionary.tsv,FROZEN_DESIGN_DATA_MISSING restore general-purpose single-char base lexicon,false,true
久,久,1,single_char,base,,jiu,jiu3,common-standard-level-1+pinyin-data,docs/pinyin-v2/import/single_char_dictionary.tsv,FROZEN_DESIGN_DATA_MISSING restore general-purpose single-char base lexicon,false,true
么,么,1,single_char,base,,me,me,common-standard-level-1+pinyin-data,docs/pinyin-v2/import/single_char_dictionary.tsv,FROZEN_DESIGN_DATA_MISSING restore general-purpose single-char base lexicon,false,true
勺,勺,1,single_char,base,,shao,shao2,common-standard-level-1+pinyin-data,docs/pinyin-v2/import/single_char_dictionary.tsv,FROZEN_DESIGN_DATA_MISSING restore general-purpose single-char base lexicon,false,true
凡,凡,1,single_char,base,,fan,fan2,common-standard-level-1+pinyin-data,docs/pinyin-v2/import/single_char_dictionary.tsv,FROZEN_DESIGN_DATA_MISSING restore general-purpose single-char base lexicon,false,true
丸,丸,1,single_char,base,,wan,wan2,common-standard-level-1+pinyin-data,docs/pinyin-v2/import/single_char_dictionary.tsv,FROZEN_DESIGN_DATA_MISSING restore general-purpose single-char base lexicon,false,true
及,及,1,single_char,base,,ji,ji2,common-standard-level-1+pinyin-data,docs/pinyin-v2/import/single_char_dictionary.tsv,FROZEN_DESIGN_DATA_MISSING restore general-purpose single-char base lexicon,false,true
广,广,1,single_char,base,,guang,guang3,common-standard-level-1+pinyin-data,docs/pinyin-v2/import/single_char_dictionary.tsv,FROZEN_DESIGN_DATA_MISSING restore general-purpose single-char base lexicon,false,true
亡,亡,1,single_char,base,,wang,wang2,common-standard-level-1+pinyin-data,docs/pinyin-v2/import/single_char_dictionary.tsv,FROZEN_DESIGN_DATA_MISSING restore general-purpose single-char base lexicon,false,true
门,门,1,single_char,base,,men,men2,common-standard-level-1+pinyin-data,docs/pinyin-v2/import/single_char_dictionary.tsv,FROZEN_DESIGN_DATA_MISSING restore general-purpose single-char base lexicon,false,true
丫,丫,1,single_char,base,,ya,ya1,common-standard-level-1+pinyin-data,docs/pinyin-v2/import/single_char_dictionary.tsv,FROZEN_DESIGN_DATA_MISSING restore general-purpose single-char base lexicon,false,true
义,义,1,single_char,base,,yi,yi4,common-standard-level-1+pinyin-data,docs/pinyin-v2/import/single_char_dictionary.tsv,FROZEN_DESIGN_DATA_MISSING restore general-purpose single-char base lexicon,false,true
之,之,1,single_char,base,,zhi,zhi1,common-standard-level-1+pinyin-data,docs/pinyin-v2/import/single_char_dictionary.tsv,FROZEN_DESIGN_DATA_MISSING restore general-purpose single-char base lexicon,false,true
尸,尸,1,single_char,base,,shi,shi1,common-standard-level-1+pinyin-data,docs/pinyin-v2/import/single_char_dictionary.tsv,FROZEN_DESIGN_DATA_MISSING restore general-purpose single-char base lexicon,false,true
己,己,1,single_char,base,,ji,ji3,common-standard-level-1+pinyin-data,docs/pinyin-v2/import/single_char_dictionary.tsv,FROZEN_DESIGN_DATA_MISSING restore general-purpose single-char base lexicon,false,true
已,已,1,single_char,base,,yi,yi3,common-standard-level-1+pinyin-data,docs/pinyin-v2/import/single_char_dictionary.tsv,FROZEN_DESIGN_DATA_MISSING restore general-purpose single-char base lexicon,false,true
巳,巳,1,single_char,base,,si,si4,common-standard-level-1+pinyin-data,docs/pinyin-v2/import/single_char_dictionary.tsv,FROZEN_DESIGN_DATA_MISSING restore general-purpose single-char base lexicon,false,true
弓,弓,1,single_char,base,,gong,gong1,common-standard-level-1+pinyin-data,docs/pinyin-v2/import/single_char_dictionary.tsv,FROZEN_DESIGN_DATA_MISSING restore general-purpose single-char base lexicon,false,true
子,子,1,single_char,base,,zi,zi,common-standard-level-1+pinyin-data,docs/pinyin-v2/import/single_char_dictionary.tsv,FROZEN_DESIGN_DATA_MISSING restore general-purpose single-char base lexicon,false,true
卫,卫,1,single_char,base,,wei,wei4,common-standard-level-1+pinyin-data,docs/pinyin-v2/import/single_char_dictionary.tsv,FROZEN_DESIGN_DATA_MISSING restore general-purpose single-char base lexicon,false,true
也,也,1,single_char,base,,ye,ye3,common-standard-level-1+pinyin-data,docs/pinyin-v2/import/single_char_dictionary.tsv,FROZEN_DESIGN_DATA_MISSING restore general-purpose single-char base lexicon,false,true
女,女,1,single_char,base,,nv,nv3,common-standard-level-1+pinyin-data,docs/pinyin-v2/import/single_char_dictionary.tsv,FROZEN_DESIGN_DATA_MISSING restore general-purpose single-char base lexicon,false,true
刃,刃,1,single_char,base,,ren,ren4,common-standard-level-1+pinyin-data,docs/pinyin-v2/import/single_char_dictionary.tsv,FROZEN_DESIGN_DATA_MISSING restore general-purpose single-char base lexicon,false,true
飞,飞,1,single_char,base,,fei,fei1,common-standard-level-1+pinyin-data,docs/pinyin-v2/import/single_char_dictionary.tsv,FROZEN_DESIGN_DATA_MISSING restore general-purpose single-char base lexicon,false,true
习,习,1,single_char,base,,xi,xi2,common-standard-level-1+pinyin-data,docs/pinyin-v2/import/single_char_dictionary.tsv,FROZEN_DESIGN_DATA_MISSING restore general-purpose single-char base lexicon,false,true
叉,叉,1,single_char,base,,cha,cha1,common-standard-level-1+pinyin-data,docs/pinyin-v2/import/single_char_dictionary.tsv,FROZEN_DESIGN_DATA_MISSING restore general-purpose single-char base lexicon,false,true
马,马,1,single_char,base,,ma,ma3,common-standard-level-1+pinyin-data,docs/pinyin-v2/import/single_char_dictionary.tsv,FROZEN_DESIGN_DATA_MISSING restore general-purpose single-char base lexicon,false,true
乡,乡,1,single_char,base,,xiang,xiang1,common-standard-level-1+pinyin-data,docs/pinyin-v2/import/single_char_dictionary.tsv,FROZEN_DESIGN_DATA_MISSING restore general-purpose single-char base lexicon,false,true
丰,丰,1,single_char,base,,feng,feng1,common-standard-level-1+pinyin-data,docs/pinyin-v2/import/single_char_dictionary.tsv,FROZEN_DESIGN_DATA_MISSING restore general-purpose single-char base lexicon,false,true
王,王,1,single_char,base,,wang,wang2,common-standard-level-1+pinyin-data,docs/pinyin-v2/import/single_char_dictionary.tsv,FROZEN_DESIGN_DATA_MISSING restore general-purpose single-char base lexicon,false,true
开,开,1,single_char,base,,kai,kai1,common-standard-level-1+pinyin-data,docs/pinyin-v2/import/single_char_dictionary.tsv,FROZEN_DESIGN_DATA_MISSING restore general-purpose single-char base lexicon,true,true
井,井,1,single_char,base,,jing,jing3,common-standard-level-1+pinyin-data,docs/pinyin-v2/import/single_char_dictionary.tsv,FROZEN_DESIGN_DATA_MISSING restore general-purpose single-char base lexicon,false,true
天,天,1,single_char,base,,tian,tian1,common-standard-level-1+pinyin-data,docs/pinyin-v2/import/single_char_dictionary.tsv,FROZEN_DESIGN_DATA_MISSING restore general-purpose single-char base lexicon,false,true
夫,夫,1,single_char,base,,fu,fu1,common-standard-level-1+pinyin-data,docs/pinyin-v2/import/single_char_dictionary.tsv,FROZEN_DESIGN_DATA_MISSING restore general-purpose single-char base lexicon,false,true
元,元,1,single_char,base,,yuan,yuan2,common-standard-level-1+pinyin-data,docs/pinyin-v2/import/single_char_dictionary.tsv,FROZEN_DESIGN_DATA_MISSING restore general-purpose single-char base lexicon,false,true
无,无,1,single_char,base,,wu,wu2,common-standard-level-1+pinyin-data,docs/pinyin-v2/import/single_char_dictionary.tsv,FROZEN_DESIGN_DATA_MISSING restore general-purpose single-char base lexicon,false,true
云,云,1,single_char,base,,yun,yun2,common-standard-level-1+pinyin-data,docs/pinyin-v2/import/single_char_dictionary.tsv,FROZEN_DESIGN_DATA_MISSING restore general-purpose single-char base lexicon,false,true
专,专,1,single_char,base,,zhuan,zhuan1,common-standard-level-1+pinyin-data,docs/pinyin-v2/import/single_char_dictionary.tsv,FROZEN_DESIGN_DATA_MISSING restore general-purpose single-char base lexicon,false,true
丐,丐,1,single_char,base,,gai,gai4,common-standard-level-1+pinyin-data,docs/pinyin-v2/import/single_char_dictionary.tsv,FROZEN_DESIGN_DATA_MISSING restore general-purpose single-char base lexicon,false,true
扎,扎,1,single_char,base,,zha,zha1,common-standard-level-1+pinyin-data,docs/pinyin-v2/import/single_char_dictionary.tsv,FROZEN_DESIGN_DATA_MISSING restore general-purpose single-char base lexicon,false,true
艺,艺,1,single_char,base,,yi,yi4,common-standard-level-1+pinyin-data,docs/pinyin-v2/import/single_char_dictionary.tsv,FROZEN_DESIGN_DATA_MISSING restore general-purpose single-char base lexicon,false,true
木,木,1,single_char,base,,mu,mu4,common-standard-level-1+pinyin-data,docs/pinyin-v2/import/single_char_dictionary.tsv,FROZEN_DESIGN_DATA_MISSING restore general-purpose single-char base lexicon,false,true
五,五,1,single_char,base,,wu,wu3,common-standard-level-1+pinyin-data,docs/pinyin-v2/import/single_char_dictionary.tsv,FROZEN_DESIGN_DATA_MISSING restore general-purpose single-char base lexicon,false,true
支,支,1,single_char,base,,zhi,zhi1,common-standard-level-1+pinyin-data,docs/pinyin-v2/import/single_char_dictionary.tsv,FROZEN_DESIGN_DATA_MISSING restore general-purpose single-char base lexicon,false,true
厅,厅,1,single_char,base,,ting,ting1,common-standard-level-1+pinyin-data,docs/pinyin-v2/import/single_char_dictionary.tsv,FROZEN_DESIGN_DATA_MISSING restore general-purpose single-char base lexicon,false,true
不,不,1,single_char,base,,bu,bu4,common-standard-level-1+pinyin-data,docs/pinyin-v2/import/single_char_dictionary.tsv,FROZEN_DESIGN_DATA_MISSING restore general-purpose single-char base lexicon,false,true
犬,犬,1,single_char,base,,quan,quan3,common-standard-level-1+pinyin-data,docs/pinyin-v2/import/single_char_dictionary.tsv,FROZEN_DESIGN_DATA_MISSING restore general-purpose single-char base lexicon,false,true
太,太,1,single_char,base,,tai,tai4,common-standard-level-1+pinyin-data,docs/pinyin-v2/import/single_char_dictionary.tsv,FROZEN_DESIGN_DATA_MISSING restore general-purpose single-char base lexicon,false,true
区,区,1,single_char,base,,qu,qu1,common-standard-level-1+pinyin-data,docs/pinyin-v2/import/single_char_dictionary.tsv,FROZEN_DESIGN_DATA_MISSING restore general-purpose single-char base lexicon,false,true
历,历,1,single_char,base,,li,li4,common-standard-level-1+pinyin-data,docs/pinyin-v2/import/single_char_dictionary.tsv,FROZEN_DESIGN_DATA_MISSING restore general-purpose single-char base lexicon,false,true
歹,歹,1,single_char,base,,dai,dai3,common-standard-level-1+pinyin-data,docs/pinyin-v2/import/single_char_dictionary.tsv,FROZEN_DESIGN_DATA_MISSING restore general-purpose single-char base lexicon,false,true
友,友,1,single_char,base,,you,you3,common-standard-level-1+pinyin-data,docs/pinyin-v2/import/single_char_dictionary.tsv,FROZEN_DESIGN_DATA_MISSING restore general-purpose single-char base lexicon,false,true
尤,尤,1,single_char,base,,you,you2,common-standard-level-1+pinyin-data,docs/pinyin-v2/import/single_char_dictionary.tsv,FROZEN_DESIGN_DATA_MISSING restore general-purpose single-char base lexicon,false,true
匹,匹,1,single_char,base,,pi,pi3,common-standard-level-1+pinyin-data,docs/pinyin-v2/import/single_char_dictionary.tsv,FROZEN_DESIGN_DATA_MISSING restore general-purpose single-char base lexicon,false,true
车,车,1,single_char,base,,che,che1,common-standard-level-1+pinyin-data,docs/pinyin-v2/import/single_char_dictionary.tsv,FROZEN_DESIGN_DATA_MISSING restore general-purpose single-char base lexicon,false,true
巨,巨,1,single_char,base,,ju,ju4,common-standard-level-1+pinyin-data,docs/pinyin-v2/import/single_char_dictionary.tsv,FROZEN_DESIGN_DATA_MISSING restore general-purpose single-char base lexicon,false,true
牙,牙,1,single_char,base,,ya,ya2,common-standard-level-1+pinyin-data,docs/pinyin-v2/import/single_char_dictionary.tsv,FROZEN_DESIGN_DATA_MISSING restore general-purpose single-char base lexicon,false,true
屯,屯,1,single_char,base,,tun,tun2,common-standard-level-1+pinyin-data,docs/pinyin-v2/import/single_char_dictionary.tsv,FROZEN_DESIGN_DATA_MISSING restore general-purpose single-char base lexicon,false,true
戈,戈,1,single_char,base,,ge,ge1,common-standard-level-1+pinyin-data,docs/pinyin-v2/import/single_char_dictionary.tsv,FROZEN_DESIGN_DATA_MISSING restore general-purpose single-char base lexicon,false,true
比,比,1,single_char,base,,bi,bi3,common-standard-level-1+pinyin-data,docs/pinyin-v2/import/single_char_dictionary.tsv,FROZEN_DESIGN_DATA_MISSING restore general-purpose single-char base lexicon,false,true
互,互,1,single_char,base,,hu,hu4,common-standard-level-1+pinyin-data,docs/pinyin-v2/import/single_char_dictionary.tsv,FROZEN_DESIGN_DATA_MISSING restore general-purpose single-char base lexicon,false,true
切,切,1,single_char,base,,qie,qie4,common-standard-level-1+pinyin-data,docs/pinyin-v2/import/single_char_dictionary.tsv,FROZEN_DESIGN_DATA_MISSING restore general-purpose single-char base lexicon,false,true
瓦,瓦,1,single_char,base,,wa,wa3,common-standard-level-1+pinyin-data,docs/pinyin-v2/import/single_char_dictionary.tsv,FROZEN_DESIGN_DATA_MISSING restore general-purpose single-char base lexicon,false,true
止,止,1,single_char,base,,zhi,zhi3,common-standard-level-1+pinyin-data,docs/pinyin-v2/import/single_char_dictionary.tsv,FROZEN_DESIGN_DATA_MISSING restore general-purpose single-char base lexicon,false,true
少,少,1,single_char,base,,shao,shao3,common-standard-level-1+pinyin-data,docs/pinyin-v2/import/single_char_dictionary.tsv,FROZEN_DESIGN_DATA_MISSING restore general-purpose single-char base lexicon,false,true
曰,曰,1,single_char,base,,yue,yue1,common-standard-level-1+pinyin-data,docs/pinyin-v2/import/single_char_dictionary.tsv,FROZEN_DESIGN_DATA_MISSING restore general-purpose single-char base lexicon,false,true
日,日,1,single_char,base,,ri,ri4,common-standard-level-1+pinyin-data,docs/pinyin-v2/import/single_char_dictionary.tsv,FROZEN_DESIGN_DATA_MISSING restore general-purpose single-char base lexicon,false,true
中,中,1,single_char,base,,zhong,zhong1,common-standard-level-1+pinyin-data,docs/pinyin-v2/import/single_char_dictionary.tsv,FROZEN_DESIGN_DATA_MISSING restore general-purpose single-char base lexicon,false,true
贝,贝,1,single_char,base,,bei,bei4,common-standard-level-1+pinyin-data,docs/pinyin-v2/import/single_char_dictionary.tsv,FROZEN_DESIGN_DATA_MISSING restore general-purpose single-char base lexicon,false,true
冈,冈,1,single_char,base,,gang,gang1,common-standard-level-1+pinyin-data,docs/pinyin-v2/import/single_char_dictionary.tsv,FROZEN_DESIGN_DATA_MISSING restore general-purpose single-char base lexicon,false,true
内,内,1,single_char,base,,nei,nei4,common-standard-level-1+pinyin-data,docs/pinyin-v2/import/single_char_dictionary.tsv,FROZEN_DESIGN_DATA_MISSING restore general-purpose single-char base lexicon,false,true
水,水,1,single_char,base,,shui,shui3,common-standard-level-1+pinyin-data,docs/pinyin-v2/import/single_char_dictionary.tsv,FROZEN_DESIGN_DATA_MISSING restore general-purpose single-char base lexicon,false,true
见,见,1,single_char,base,,jian,jian4,common-standard-level-1+pinyin-data,docs/pinyin-v2/import/single_char_dictionary.tsv,FROZEN_DESIGN_DATA_MISSING restore general-purpose single-char base lexicon,false,true
午,午,1,single_char,base,,wu,wu3,common-standard-level-1+pinyin-data,docs/pinyin-v2/import/single_char_dictionary.tsv,FROZEN_DESIGN_DATA_MISSING restore general-purpose single-char base lexicon,true,true
牛,牛,1,single_char,base,,niu,niu2,common-standard-level-1+pinyin-data,docs/pinyin-v2/import/single_char_dictionary.tsv,FROZEN_DESIGN_DATA_MISSING restore general-purpose single-char base lexicon,false,true
手,手,1,single_char,base,,shou,shou3,common-standard-level-1+pinyin-data,docs/pinyin-v2/import/single_char_dictionary.tsv,FROZEN_DESIGN_DATA_MISSING restore general-purpose single-char base lexicon,false,true
气,气,1,single_char,base,,qi,qi4,common-standard-level-1+pinyin-data,docs/pinyin-v2/import/single_char_dictionary.tsv,FROZEN_DESIGN_DATA_MISSING restore general-purpose single-char base lexicon,false,true
毛,毛,1,single_char,base,,mao,mao2,common-standard-level-1+pinyin-data,docs/pinyin-v2/import/single_char_dictionary.tsv,FROZEN_DESIGN_DATA_MISSING restore general-purpose single-char base lexicon,false,true
壬,壬,1,single_char,base,,ren,ren2,common-standard-level-1+pinyin-data,docs/pinyin-v2/import/single_char_dictionary.tsv,FROZEN_DESIGN_DATA_MISSING restore general-purpose single-char base lexicon,false,true
升,升,1,single_char,base,,sheng,sheng1,common-standard-level-1+pinyin-data,docs/pinyin-v2/import/single_char_dictionary.tsv,FROZEN_DESIGN_DATA_MISSING restore general-purpose single-char base lexicon,false,true
夭,夭,1,single_char,base,,yao,yao1,common-standard-level-1+pinyin-data,docs/pinyin-v2/import/single_char_dictionary.tsv,FROZEN_DESIGN_DATA_MISSING restore general-purpose single-char base lexicon,false,true
长,长,1,single_char,base,,zhang,zhang3,common-standard-level-1+pinyin-data,docs/pinyin-v2/import/single_char_dictionary.tsv,FROZEN_DESIGN_DATA_MISSING restore general-purpose single-char base lexicon,false,true
仁,仁,1,single_char,base,,ren,ren2,common-standard-level-1+pinyin-data,docs/pinyin-v2/import/single_char_dictionary.tsv,FROZEN_DESIGN_DATA_MISSING restore general-purpose single-char base lexicon,false,true
什,什,1,single_char,base,,shen,shen2,common-standard-level-1+pinyin-data,docs/pinyin-v2/import/single_char_dictionary.tsv,FROZEN_DESIGN_DATA_MISSING restore general-purpose single-char base lexicon,false,true
片,片,1,single_char,base,,pian,pian4,common-standard-level-1+pinyin-data,docs/pinyin-v2/import/single_char_dictionary.tsv,FROZEN_DESIGN_DATA_MISSING restore general-purpose single-char base lexicon,false,true
仆,仆,1,single_char,base,,pu,pu1,common-standard-level-1+pinyin-data,docs/pinyin-v2/import/single_char_dictionary.tsv,FROZEN_DESIGN_DATA_MISSING restore general-purpose single-char base lexicon,false,true
化,化,1,single_char,base,,hua,hua4,common-standard-level-1+pinyin-data,docs/pinyin-v2/import/single_char_dictionary.tsv,FROZEN_DESIGN_DATA_MISSING restore general-purpose single-char base lexicon,true,true
仇,仇,1,single_char,base,,chou,chou2,common-standard-level-1+pinyin-data,docs/pinyin-v2/import/single_char_dictionary.tsv,FROZEN_DESIGN_DATA_MISSING restore general-purpose single-char base lexicon,false,true
币,币,1,single_char,base,,bi,bi4,common-standard-level-1+pinyin-data,docs/pinyin-v2/import/single_char_dictionary.tsv,FROZEN_DESIGN_DATA_MISSING restore general-purpose single-char base lexicon,false,true
仍,仍,1,single_char,base,,reng,reng2,common-standard-level-1+pinyin-data,docs/pinyin-v2/import/single_char_dictionary.tsv,FROZEN_DESIGN_DATA_MISSING restore general-purpose single-char base lexicon,false,true
仅,仅,1,single_char,base,,jin,jin3,common-standard-level-1+pinyin-data,docs/pinyin-v2/import/single_char_dictionary.tsv,FROZEN_DESIGN_DATA_MISSING restore general-purpose single-char base lexicon,false,true
斤,斤,1,single_char,base,,jin,jin1,common-standard-level-1+pinyin-data,docs/pinyin-v2/import/single_char_dictionary.tsv,FROZEN_DESIGN_DATA_MISSING restore general-purpose single-char base lexicon,false,true
爪,爪,1,single_char,base,,zhao,zhao3,common-standard-level-1+pinyin-data,docs/pinyin-v2/import/single_char_dictionary.tsv,FROZEN_DESIGN_DATA_MISSING restore general-purpose single-char base lexicon,false,true
反,反,1,single_char,base,,fan,fan3,common-standard-level-1+pinyin-data,docs/pinyin-v2/import/single_char_dictionary.tsv,FROZEN_DESIGN_DATA_MISSING restore general-purpose single-char base lexicon,false,true
介,介,1,single_char,base,,jie,jie4,common-standard-level-1+pinyin-data,docs/pinyin-v2/import/single_char_dictionary.tsv,FROZEN_DESIGN_DATA_MISSING restore general-purpose single-char base lexicon,false,true
父,父,1,single_char,base,,fu,fu4,common-standard-level-1+pinyin-data,docs/pinyin-v2/import/single_char_dictionary.tsv,FROZEN_DESIGN_DATA_MISSING restore general-purpose single-char base lexicon,false,true
从,从,1,single_char,base,,cong,cong2,common-standard-level-1+pinyin-data,docs/pinyin-v2/import/single_char_dictionary.tsv,FROZEN_DESIGN_DATA_MISSING restore general-purpose single-char base lexicon,false,true
仑,仑,1,single_char,base,,lun,lun2,common-standard-level-1+pinyin-data,docs/pinyin-v2/import/single_char_dictionary.tsv,FROZEN_DESIGN_DATA_MISSING restore general-purpose single-char base lexicon,false,true
今,今,1,single_char,base,,jin,jin1,common-standard-level-1+pinyin-data,docs/pinyin-v2/import/single_char_dictionary.tsv,FROZEN_DESIGN_DATA_MISSING restore general-purpose single-char base lexicon,false,true
凶,凶,1,single_char,base,,xiong,xiong1,common-standard-level-1+pinyin-data,docs/pinyin-v2/import/single_char_dictionary.tsv,FROZEN_DESIGN_DATA_MISSING restore general-purpose single-char base lexicon,false,true
分,分,1,single_char,base,,fen,fen1,common-standard-level-1+pinyin-data,docs/pinyin-v2/import/single_char_dictionary.tsv,FROZEN_DESIGN_DATA_MISSING restore general-purpose single-char base lexicon,false,true
乏,乏,1,single_char,base,,fa,fa2,common-standard-level-1+pinyin-data,docs/pinyin-v2/import/single_char_dictionary.tsv,FROZEN_DESIGN_DATA_MISSING restore general-purpose single-char base lexicon,false,true
公,公,1,single_char,base,,gong,gong1,common-standard-level-1+pinyin-data,docs/pinyin-v2/import/single_char_dictionary.tsv,FROZEN_DESIGN_DATA_MISSING restore general-purpose single-char base lexicon,false,true
仓,仓,1,single_char,base,,cang,cang1,common-standard-level-1+pinyin-data,docs/pinyin-v2/import/single_char_dictionary.tsv,FROZEN_DESIGN_DATA_MISSING restore general-purpose single-char base lexicon,false,true
月,月,1,single_char,base,,yue,yue4,common-standard-level-1+pinyin-data,docs/pinyin-v2/import/single_char_dictionary.tsv,FROZEN_DESIGN_DATA_MISSING restore general-purpose single-char base lexicon,false,true
氏,氏,1,single_char,base,,shi,shi4,common-standard-level-1+pinyin-data,docs/pinyin-v2/import/single_char_dictionary.tsv,FROZEN_DESIGN_DATA_MISSING restore general-purpose single-char base lexicon,false,true
勿,勿,1,single_char,base,,wu,wu4,common-standard-level-1+pinyin-data,docs/pinyin-v2/import/single_char_dictionary.tsv,FROZEN_DESIGN_DATA_MISSING restore general-purpose single-char base lexicon,false,true
欠,欠,1,single_char,base,,qian,qian4,common-standard-level-1+pinyin-data,docs/pinyin-v2/import/single_char_dictionary.tsv,FROZEN_DESIGN_DATA_MISSING restore general-purpose single-char base lexicon,false,true
风,风,1,single_char,base,,feng,feng1,common-standard-level-1+pinyin-data,docs/pinyin-v2/import/single_char_dictionary.tsv,FROZEN_DESIGN_DATA_MISSING restore general-purpose single-char base lexicon,false,true
丹,丹,1,single_char,base,,dan,dan1,common-standard-level-1+pinyin-data,docs/pinyin-v2/import/single_char_dictionary.tsv,FROZEN_DESIGN_DATA_MISSING restore general-purpose single-char base lexicon,false,true
匀,匀,1,single_char,base,,yun,yun2,common-standard-level-1+pinyin-data,docs/pinyin-v2/import/single_char_dictionary.tsv,FROZEN_DESIGN_DATA_MISSING restore general-purpose single-char base lexicon,false,true
乌,乌,1,single_char,base,,wu,wu1,common-standard-level-1+pinyin-data,docs/pinyin-v2/import/single_char_dictionary.tsv,FROZEN_DESIGN_DATA_MISSING restore general-purpose single-char base lexicon,false,true
勾,勾,1,single_char,base,,gou,gou1,common-standard-level-1+pinyin-data,docs/pinyin-v2/import/single_char_dictionary.tsv,FROZEN_DESIGN_DATA_MISSING restore general-purpose single-char base lexicon,false,true
凤,凤,1,single_char,base,,feng,feng4,common-standard-level-1+pinyin-data,docs/pinyin-v2/import/single_char_dictionary.tsv,FROZEN_DESIGN_DATA_MISSING restore general-purpose single-char base lexicon,false,true
六,六,1,single_char,base,,liu,liu4,common-standard-level-1+pinyin-data,docs/pinyin-v2/import/single_char_dictionary.tsv,FROZEN_DESIGN_DATA_MISSING restore general-purpose single-char base lexicon,false,true
文,文,1,single_char,base,,wen,wen2,common-standard-level-1+pinyin-data,docs/pinyin-v2/import/single_char_dictionary.tsv,FROZEN_DESIGN_DATA_MISSING restore general-purpose single-char base lexicon,false,true
亢,亢,1,single_char,base,,kang,kang4,common-standard-level-1+pinyin-data,docs/pinyin-v2/import/single_char_dictionary.tsv,FROZEN_DESIGN_DATA_MISSING restore general-purpose single-char base lexicon,false,true
方,方,1,single_char,base,,fang,fang1,common-standard-level-1+pinyin-data,docs/pinyin-v2/import/single_char_dictionary.tsv,FROZEN_DESIGN_DATA_MISSING restore general-purpose single-char base lexicon,false,true
火,火,1,single_char,base,,huo,huo3,common-standard-level-1+pinyin-data,docs/pinyin-v2/import/single_char_dictionary.tsv,FROZEN_DESIGN_DATA_MISSING restore general-purpose single-char base lexicon,false,true
为,为,1,single_char,base,,wei,wei4,common-standard-level-1+pinyin-data,docs/pinyin-v2/import/single_char_dictionary.tsv,FROZEN_DESIGN_DATA_MISSING restore general-purpose single-char base lexicon,false,true
斗,斗,1,single_char,base,,dou,dou4,common-standard-level-1+pinyin-data,docs/pinyin-v2/import/single_char_dictionary.tsv,FROZEN_DESIGN_DATA_MISSING restore general-purpose single-char base lexicon,false,true
忆,忆,1,single_char,base,,yi,yi4,common-standard-level-1+pinyin-data,docs/pinyin-v2/import/single_char_dictionary.tsv,FROZEN_DESIGN_DATA_MISSING restore general-purpose single-char base lexicon,false,true
计,计,1,single_char,base,,ji,ji4,common-standard-level-1+pinyin-data,docs/pinyin-v2/import/single_char_dictionary.tsv,FROZEN_DESIGN_DATA_MISSING restore general-purpose single-char base lexicon,false,true
订,订,1,single_char,base,,ding,ding4,common-standard-level-1+pinyin-data,docs/pinyin-v2/import/single_char_dictionary.tsv,FROZEN_DESIGN_DATA_MISSING restore general-purpose single-char base lexicon,true,true
户,户,1,single_char,base,,hu,hu4,common-standard-level-1+pinyin-data,docs/pinyin-v2/import/single_char_dictionary.tsv,FROZEN_DESIGN_DATA_MISSING restore general-purpose single-char base lexicon,true,true
认,认,1,single_char,base,,ren,ren4,common-standard-level-1+pinyin-data,docs/pinyin-v2/import/single_char_dictionary.tsv,FROZEN_DESIGN_DATA_MISSING restore general-purpose single-char base lexicon,false,true
冗,冗,1,single_char,base,,rong,rong3,common-standard-level-1+pinyin-data,docs/pinyin-v2/import/single_char_dictionary.tsv,FROZEN_DESIGN_DATA_MISSING restore general-purpose single-char base lexicon,false,true
讥,讥,1,single_char,base,,ji,ji1,common-standard-level-1+pinyin-data,docs/pinyin-v2/import/single_char_dictionary.tsv,FROZEN_DESIGN_DATA_MISSING restore general-purpose single-char base lexicon,false,true
心,心,1,single_char,base,,xin,xin1,common-standard-level-1+pinyin-data,docs/pinyin-v2/import/single_char_dictionary.tsv,FROZEN_DESIGN_DATA_MISSING restore general-purpose single-char base lexicon,false,true
尺,尺,1,single_char,base,,chi,chi3,common-standard-level-1+pinyin-data,docs/pinyin-v2/import/single_char_dictionary.tsv,FROZEN_DESIGN_DATA_MISSING restore general-purpose single-char base lexicon,false,true
引,引,1,single_char,base,,yin,yin3,common-standard-level-1+pinyin-data,docs/pinyin-v2/import/single_char_dictionary.tsv,FROZEN_DESIGN_DATA_MISSING restore general-purpose single-char base lexicon,false,true
丑,丑,1,single_char,base,,chou,chou3,common-standard-level-1+pinyin-data,docs/pinyin-v2/import/single_char_dictionary.tsv,FROZEN_DESIGN_DATA_MISSING restore general-purpose single-char base lexicon,false,true
巴,巴,1,single_char,base,,ba,ba1,common-standard-level-1+pinyin-data,docs/pinyin-v2/import/single_char_dictionary.tsv,FROZEN_DESIGN_DATA_MISSING restore general-purpose single-char base lexicon,false,true
孔,孔,1,single_char,base,,kong,kong3,common-standard-level-1+pinyin-data,docs/pinyin-v2/import/single_char_dictionary.tsv,FROZEN_DESIGN_DATA_MISSING restore general-purpose single-char base lexicon,false,true
队,队,1,single_char,base,,dui,dui4,common-standard-level-1+pinyin-data,docs/pinyin-v2/import/single_char_dictionary.tsv,FROZEN_DESIGN_DATA_MISSING restore general-purpose single-char base lexicon,false,true
办,办,1,single_char,base,,ban,ban4,common-standard-level-1+pinyin-data,docs/pinyin-v2/import/single_char_dictionary.tsv,FROZEN_DESIGN_DATA_MISSING restore general-purpose single-char base lexicon,false,true
以,以,1,single_char,base,,yi,yi3,common-standard-level-1+pinyin-data,docs/pinyin-v2/import/single_char_dictionary.tsv,FROZEN_DESIGN_DATA_MISSING restore general-purpose single-char base lexicon,false,true
允,允,1,single_char,base,,yun,yun3,common-standard-level-1+pinyin-data,docs/pinyin-v2/import/single_char_dictionary.tsv,FROZEN_DESIGN_DATA_MISSING restore general-purpose single-char base lexicon,false,true
予,予,1,single_char,base,,yu,yu3,common-standard-level-1+pinyin-data,docs/pinyin-v2/import/single_char_dictionary.tsv,FROZEN_DESIGN_DATA_MISSING restore general-purpose single-char base lexicon,false,true
邓,邓,1,single_char,base,,deng,deng4,common-standard-level-1+pinyin-data,docs/pinyin-v2/import/single_char_dictionary.tsv,FROZEN_DESIGN_DATA_MISSING restore general-purpose single-char base lexicon,false,true
劝,劝,1,single_char,base,,quan,quan4,common-standard-level-1+pinyin-data,docs/pinyin-v2/import/single_char_dictionary.tsv,FROZEN_DESIGN_DATA_MISSING restore general-purpose single-char base lexicon,false,true
双,双,1,single_char,base,,shuang,shuang1,common-standard-level-1+pinyin-data,docs/pinyin-v2/import/single_char_dictionary.tsv,FROZEN_DESIGN_DATA_MISSING restore general-purpose single-char base lexicon,false,true
书,书,1,single_char,base,,shu,shu1,common-standard-level-1+pinyin-data,docs/pinyin-v2/import/single_char_dictionary.tsv,FROZEN_DESIGN_DATA_MISSING restore general-purpose single-char base lexicon,false,true
幻,幻,1,single_char,base,,huan,huan4,common-standard-level-1+pinyin-data,docs/pinyin-v2/import/single_char_dictionary.tsv,FROZEN_DESIGN_DATA_MISSING restore general-purpose single-char base lexicon,false,true
玉,玉,1,single_char,base,,yu,yu4,common-standard-level-1+pinyin-data,docs/pinyin-v2/import/single_char_dictionary.tsv,FROZEN_DESIGN_DATA_MISSING restore general-purpose single-char base lexicon,false,true
刊,刊,1,single_char,base,,kan,kan1,common-standard-level-1+pinyin-data,docs/pinyin-v2/import/single_char_dictionary.tsv,FROZEN_DESIGN_DATA_MISSING restore general-purpose single-char base lexicon,false,true
未,未,1,single_char,base,,wei,wei4,common-standard-level-1+pinyin-data,docs/pinyin-v2/import/single_char_dictionary.tsv,FROZEN_DESIGN_DATA_MISSING restore general-purpose single-char base lexicon,false,true
末,末,1,single_char,base,,mo,mo4,common-standard-level-1+pinyin-data,docs/pinyin-v2/import/single_char_dictionary.tsv,FROZEN_DESIGN_DATA_MISSING restore general-purpose single-char base lexicon,false,true
示,示,1,single_char,base,,shi,shi4,common-standard-level-1+pinyin-data,docs/pinyin-v2/import/single_char_dictionary.tsv,FROZEN_DESIGN_DATA_MISSING restore general-purpose single-char base lexicon,false,true
击,击,1,single_char,base,,ji,ji1,common-standard-level-1+pinyin-data,docs/pinyin-v2/import/single_char_dictionary.tsv,FROZEN_DESIGN_DATA_MISSING restore general-purpose single-char base lexicon,false,true
打,打,1,single_char,base,,da,da3,common-standard-level-1+pinyin-data,docs/pinyin-v2/import/single_char_dictionary.tsv,FROZEN_DESIGN_DATA_MISSING restore general-purpose single-char base lexicon,false,true
巧,巧,1,single_char,base,,qiao,qiao3,common-standard-level-1+pinyin-data,docs/pinyin-v2/import/single_char_dictionary.tsv,FROZEN_DESIGN_DATA_MISSING restore general-purpose single-char base lexicon,false,true
正,正,1,single_char,base,,zheng,zheng4,common-standard-level-1+pinyin-data,docs/pinyin-v2/import/single_char_dictionary.tsv,FROZEN_DESIGN_DATA_MISSING restore general-purpose single-char base lexicon,false,true
扑,扑,1,single_char,base,,pu,pu1,common-standard-level-1+pinyin-data,docs/pinyin-v2/import/single_char_dictionary.tsv,FROZEN_DESIGN_DATA_MISSING restore general-purpose single-char base lexicon,false,true
卉,卉,1,single_char,base,,hui,hui4,common-standard-level-1+pinyin-data,docs/pinyin-v2/import/single_char_dictionary.tsv,FROZEN_DESIGN_DATA_MISSING restore general-purpose single-char base lexicon,false,true
扒,扒,1,single_char,base,,ba,ba1,common-standard-level-1+pinyin-data,docs/pinyin-v2/import/single_char_dictionary.tsv,FROZEN_DESIGN_DATA_MISSING restore general-purpose single-char base lexicon,false,true
功,功,1,single_char,base,,gong,gong1,common-standard-level-1+pinyin-data,docs/pinyin-v2/import/single_char_dictionary.tsv,FROZEN_DESIGN_DATA_MISSING restore general-purpose single-char base lexicon,false,true
扔,扔,1,single_char,base,,reng,reng1,common-standard-level-1+pinyin-data,docs/pinyin-v2/import/single_char_dictionary.tsv,FROZEN_DESIGN_DATA_MISSING restore general-purpose single-char base lexicon,false,true
去,去,1,single_char,base,,qu,qu4,common-standard-level-1+pinyin-data,docs/pinyin-v2/import/single_char_dictionary.tsv,FROZEN_DESIGN_DATA_MISSING restore general-purpose single-char base lexicon,false,true
甘,甘,1,single_char,base,,gan,gan1,common-standard-level-1+pinyin-data,docs/pinyin-v2/import/single_char_dictionary.tsv,FROZEN_DESIGN_DATA_MISSING restore general-purpose single-char base lexicon,false,true
世,世,1,single_char,base,,shi,shi4,common-standard-level-1+pinyin-data,docs/pinyin-v2/import/single_char_dictionary.tsv,FROZEN_DESIGN_DATA_MISSING restore general-purpose single-char base lexicon,false,true
艾,艾,1,single_char,base,,ai,ai4,common-standard-level-1+pinyin-data,docs/pinyin-v2/import/single_char_dictionary.tsv,FROZEN_DESIGN_DATA_MISSING restore general-purpose single-char base lexicon,false,true
古,古,1,single_char,base,,gu,gu3,common-standard-level-1+pinyin-data,docs/pinyin-v2/import/single_char_dictionary.tsv,FROZEN_DESIGN_DATA_MISSING restore general-purpose single-char base lexicon,false,true
节,节,1,single_char,base,,jie,jie2,common-standard-level-1+pinyin-data,docs/pinyin-v2/import/single_char_dictionary.tsv,FROZEN_DESIGN_DATA_MISSING restore general-purpose single-char base lexicon,false,true
本,本,1,single_char,base,,ben,ben3,common-standard-level-1+pinyin-data,docs/pinyin-v2/import/single_char_dictionary.tsv,FROZEN_DESIGN_DATA_MISSING restore general-purpose single-char base lexicon,false,true
术,术,1,single_char,base,,shu,shu4,common-standard-level-1+pinyin-data,docs/pinyin-v2/import/single_char_dictionary.tsv,FROZEN_DESIGN_DATA_MISSING restore general-purpose single-char base lexicon,false,true
可,可,1,single_char,base,,ke,ke3,common-standard-level-1+pinyin-data,docs/pinyin-v2/import/single_char_dictionary.tsv,FROZEN_DESIGN_DATA_MISSING restore general-purpose single-char base lexicon,false,true
丙,丙,1,single_char,base,,bing,bing3,common-standard-level-1+pinyin-data,docs/pinyin-v2/import/single_char_dictionary.tsv,FROZEN_DESIGN_DATA_MISSING restore general-purpose single-char base lexicon,false,true
左,左,1,single_char,base,,zuo,zuo3,common-standard-level-1+pinyin-data,docs/pinyin-v2/import/single_char_dictionary.tsv,FROZEN_DESIGN_DATA_MISSING restore general-purpose single-char base lexicon,false,true
厉,厉,1,single_char,base,,li,li4,common-standard-level-1+pinyin-data,docs/pinyin-v2/import/single_char_dictionary.tsv,FROZEN_DESIGN_DATA_MISSING restore general-purpose single-char base lexicon,false,true
石,石,1,single_char,base,,shi,shi2,common-standard-level-1+pinyin-data,docs/pinyin-v2/import/single_char_dictionary.tsv,FROZEN_DESIGN_DATA_MISSING restore general-purpose single-char base lexicon,false,true
右,右,1,single_char,base,,you,you4,common-standard-level-1+pinyin-data,docs/pinyin-v2/import/single_char_dictionary.tsv,FROZEN_DESIGN_DATA_MISSING restore general-purpose single-char base lexicon,false,true
布,布,1,single_char,base,,bu,bu4,common-standard-level-1+pinyin-data,docs/pinyin-v2/import/single_char_dictionary.tsv,FROZEN_DESIGN_DATA_MISSING restore general-purpose single-char base lexicon,false,true
夯,夯,1,single_char,base,,hang,hang1,common-standard-level-1+pinyin-data,docs/pinyin-v2/import/single_char_dictionary.tsv,FROZEN_DESIGN_DATA_MISSING restore general-purpose single-char base lexicon,false,true
戊,戊,1,single_char,base,,wu,wu4,common-standard-level-1+pinyin-data,docs/pinyin-v2/import/single_char_dictionary.tsv,FROZEN_DESIGN_DATA_MISSING restore general-purpose single-char base lexicon,false,true
龙,龙,1,single_char,base,,long,long2,common-standard-level-1+pinyin-data,docs/pinyin-v2/import/single_char_dictionary.tsv,FROZEN_DESIGN_DATA_MISSING restore general-purpose single-char base lexicon,false,true
平,平,1,single_char,base,,ping,ping2,common-standard-level-1+pinyin-data,docs/pinyin-v2/import/single_char_dictionary.tsv,FROZEN_DESIGN_DATA_MISSING restore general-purpose single-char base lexicon,false,true
灭,灭,1,single_char,base,,mie,mie4,common-standard-level-1+pinyin-data,docs/pinyin-v2/import/single_char_dictionary.tsv,FROZEN_DESIGN_DATA_MISSING restore general-purpose single-char base lexicon,false,true
轧,轧,1,single_char,base,,ya,ya4,common-standard-level-1+pinyin-data,docs/pinyin-v2/import/single_char_dictionary.tsv,FROZEN_DESIGN_DATA_MISSING restore general-purpose single-char base lexicon,false,true
东,东,1,single_char,base,,dong,dong1,common-standard-level-1+pinyin-data,docs/pinyin-v2/import/single_char_dictionary.tsv,FROZEN_DESIGN_DATA_MISSING restore general-purpose single-char base lexicon,true,true
卡,卡,1,single_char,base,,ka,ka3,common-standard-level-1+pinyin-data,docs/pinyin-v2/import/single_char_dictionary.tsv,FROZEN_DESIGN_DATA_MISSING restore general-purpose single-char base lexicon,false,true
北,北,1,single_char,base,,bei,bei3,common-standard-level-1+pinyin-data,docs/pinyin-v2/import/single_char_dictionary.tsv,FROZEN_DESIGN_DATA_MISSING restore general-purpose single-char base lexicon,false,true
占,占,1,single_char,base,,zhan,zhan4,common-standard-level-1+pinyin-data,docs/pinyin-v2/import/single_char_dictionary.tsv,FROZEN_DESIGN_DATA_MISSING restore general-purpose single-char base lexicon,true,true
凸,凸,1,single_char,base,,tu,tu1,common-standard-level-1+pinyin-data,docs/pinyin-v2/import/single_char_dictionary.tsv,FROZEN_DESIGN_DATA_MISSING restore general-purpose single-char base lexicon,false,true
卢,卢,1,single_char,base,,lu,lu2,common-standard-level-1+pinyin-data,docs/pinyin-v2/import/single_char_dictionary.tsv,FROZEN_DESIGN_DATA_MISSING restore general-purpose single-char base lexicon,false,true
业,业,1,single_char,base,,ye,ye4,common-standard-level-1+pinyin-data,docs/pinyin-v2/import/single_char_dictionary.tsv,FROZEN_DESIGN_DATA_MISSING restore general-purpose single-char base lexicon,false,true
旧,旧,1,single_char,base,,jiu,jiu4,common-standard-level-1+pinyin-data,docs/pinyin-v2/import/single_char_dictionary.tsv,FROZEN_DESIGN_DATA_MISSING restore general-purpose single-char base lexicon,false,true
帅,帅,1,single_char,base,,shuai,shuai4,common-standard-level-1+pinyin-data,docs/pinyin-v2/import/single_char_dictionary.tsv,FROZEN_DESIGN_DATA_MISSING restore general-purpose single-char base lexicon,false,true
归,归,1,single_char,base,,gui,gui1,common-standard-level-1+pinyin-data,docs/pinyin-v2/import/single_char_dictionary.tsv,FROZEN_DESIGN_DATA_MISSING restore general-purpose single-char base lexicon,false,true
旦,旦,1,single_char,base,,dan,dan4,common-standard-level-1+pinyin-data,docs/pinyin-v2/import/single_char_dictionary.tsv,FROZEN_DESIGN_DATA_MISSING restore general-purpose single-char base lexicon,false,true
目,目,1,single_char,base,,mu,mu4,common-standard-level-1+pinyin-data,docs/pinyin-v2/import/single_char_dictionary.tsv,FROZEN_DESIGN_DATA_MISSING restore general-purpose single-char base lexicon,false,true
且,且,1,single_char,base,,qie,qie3,common-standard-level-1+pinyin-data,docs/pinyin-v2/import/single_char_dictionary.tsv,FROZEN_DESIGN_DATA_MISSING restore general-purpose single-char base lexicon,false,true
叶,叶,1,single_char,base,,ye,ye4,common-standard-level-1+pinyin-data,docs/pinyin-v2/import/single_char_dictionary.tsv,FROZEN_DESIGN_DATA_MISSING restore general-purpose single-char base lexicon,false,true
甲,甲,1,single_char,base,,jia,jia3,common-standard-level-1+pinyin-data,docs/pinyin-v2/import/single_char_dictionary.tsv,FROZEN_DESIGN_DATA_MISSING restore general-purpose single-char base lexicon,false,true
申,申,1,single_char,base,,shen,shen1,common-standard-level-1+pinyin-data,docs/pinyin-v2/import/single_char_dictionary.tsv,FROZEN_DESIGN_DATA_MISSING restore general-purpose single-char base lexicon,false,true
叮,叮,1,single_char,base,,ding,ding1,common-standard-level-1+pinyin-data,docs/pinyin-v2/import/single_char_dictionary.tsv,FROZEN_DESIGN_DATA_MISSING restore general-purpose single-char base lexicon,false,true
电,电,1,single_char,base,,dian,dian4,common-standard-level-1+pinyin-data,docs/pinyin-v2/import/single_char_dictionary.tsv,FROZEN_DESIGN_DATA_MISSING restore general-purpose single-char base lexicon,false,true
号,号,1,single_char,base,,hao,hao4,common-standard-level-1+pinyin-data,docs/pinyin-v2/import/single_char_dictionary.tsv,FROZEN_DESIGN_DATA_MISSING restore general-purpose single-char base lexicon,false,true
田,田,1,single_char,base,,tian,tian2,common-standard-level-1+pinyin-data,docs/pinyin-v2/import/single_char_dictionary.tsv,FROZEN_DESIGN_DATA_MISSING restore general-purpose single-char base lexicon,false,true
由,由,1,single_char,base,,you,you2,common-standard-level-1+pinyin-data,docs/pinyin-v2/import/single_char_dictionary.tsv,FROZEN_DESIGN_DATA_MISSING restore general-purpose single-char base lexicon,false,true
只,只,1,single_char,base,,zhi,zhi3,common-standard-level-1+pinyin-data,docs/pinyin-v2/import/single_char_dictionary.tsv,FROZEN_DESIGN_DATA_MISSING restore general-purpose single-char base lexicon,false,true
叭,叭,1,single_char,base,,ba,ba1,common-standard-level-1+pinyin-data,docs/pinyin-v2/import/single_char_dictionary.tsv,FROZEN_DESIGN_DATA_MISSING restore general-purpose single-char base lexicon,false,true
史,史,1,single_char,base,,shi,shi3,common-standard-level-1+pinyin-data,docs/pinyin-v2/import/single_char_dictionary.tsv,FROZEN_DESIGN_DATA_MISSING restore general-purpose single-char base lexicon,false,true
央,央,1,single_char,base,,yang,yang1,common-standard-level-1+pinyin-data,docs/pinyin-v2/import/single_char_dictionary.tsv,FROZEN_DESIGN_DATA_MISSING restore general-purpose single-char base lexicon,false,true
兄,兄,1,single_char,base,,xiong,xiong1,common-standard-level-1+pinyin-data,docs/pinyin-v2/import/single_char_dictionary.tsv,FROZEN_DESIGN_DATA_MISSING restore general-purpose single-char base lexicon,false,true
叽,叽,1,single_char,base,,ji,ji1,common-standard-level-1+pinyin-data,docs/pinyin-v2/import/single_char_dictionary.tsv,FROZEN_DESIGN_DATA_MISSING restore general-purpose single-char base lexicon,false,true
叼,叼,1,single_char,base,,diao,diao1,common-standard-level-1+pinyin-data,docs/pinyin-v2/import/single_char_dictionary.tsv,FROZEN_DESIGN_DATA_MISSING restore general-purpose single-char base lexicon,false,true
叫,叫,1,single_char,base,,jiao,jiao4,common-standard-level-1+pinyin-data,docs/pinyin-v2/import/single_char_dictionary.tsv,FROZEN_DESIGN_DATA_MISSING restore general-purpose single-char base lexicon,false,true
叩,叩,1,single_char,base,,kou,kou4,common-standard-level-1+pinyin-data,docs/pinyin-v2/import/single_char_dictionary.tsv,FROZEN_DESIGN_DATA_MISSING restore general-purpose single-char base lexicon,false,true
叨,叨,1,single_char,base,,dao,dao1,common-standard-level-1+pinyin-data,docs/pinyin-v2/import/single_char_dictionary.tsv,FROZEN_DESIGN_DATA_MISSING restore general-purpose single-char base lexicon,false,true
另,另,1,single_char,base,,ling,ling4,common-standard-level-1+pinyin-data,docs/pinyin-v2/import/single_char_dictionary.tsv,FROZEN_DESIGN_DATA_MISSING restore general-purpose single-char base lexicon,false,true
叹,叹,1,single_char,base,,tan,tan4,common-standard-level-1+pinyin-data,docs/pinyin-v2/import/single_char_dictionary.tsv,FROZEN_DESIGN_DATA_MISSING restore general-purpose single-char base lexicon,false,true
冉,冉,1,single_char,base,,ran,ran3,common-standard-level-1+pinyin-data,docs/pinyin-v2/import/single_char_dictionary.tsv,FROZEN_DESIGN_DATA_MISSING restore general-purpose single-char base lexicon,false,true
皿,皿,1,single_char,base,,min,min3,common-standard-level-1+pinyin-data,docs/pinyin-v2/import/single_char_dictionary.tsv,FROZEN_DESIGN_DATA_MISSING restore general-purpose single-char base lexicon,false,true
凹,凹,1,single_char,base,,ao,ao1,common-standard-level-1+pinyin-data,docs/pinyin-v2/import/single_char_dictionary.tsv,FROZEN_DESIGN_DATA_MISSING restore general-purpose single-char base lexicon,false,true
囚,囚,1,single_char,base,,qiu,qiu2,common-standard-level-1+pinyin-data,docs/pinyin-v2/import/single_char_dictionary.tsv,FROZEN_DESIGN_DATA_MISSING restore general-purpose single-char base lexicon,false,true
四,四,1,single_char,base,,si,si4,common-standard-level-1+pinyin-data,docs/pinyin-v2/import/single_char_dictionary.tsv,FROZEN_DESIGN_DATA_MISSING restore general-purpose single-char base lexicon,true,true
生,生,1,single_char,base,,sheng,sheng1,common-standard-level-1+pinyin-data,docs/pinyin-v2/import/single_char_dictionary.tsv,FROZEN_DESIGN_DATA_MISSING restore general-purpose single-char base lexicon,false,true
矢,矢,1,single_char,base,,shi,shi3,common-standard-level-1+pinyin-data,docs/pinyin-v2/import/single_char_dictionary.tsv,FROZEN_DESIGN_DATA_MISSING restore general-purpose single-char base lexicon,false,true
失,失,1,single_char,base,,shi,shi1,common-standard-level-1+pinyin-data,docs/pinyin-v2/import/single_char_dictionary.tsv,FROZEN_DESIGN_DATA_MISSING restore general-purpose single-char base lexicon,false,true
乍,乍,1,single_char,base,,zha,zha4,common-standard-level-1+pinyin-data,docs/pinyin-v2/import/single_char_dictionary.tsv,FROZEN_DESIGN_DATA_MISSING restore general-purpose single-char base lexicon,false,true
禾,禾,1,single_char,base,,he,he2,common-standard-level-1+pinyin-data,docs/pinyin-v2/import/single_char_dictionary.tsv,FROZEN_DESIGN_DATA_MISSING restore general-purpose single-char base lexicon,false,true
丘,丘,1,single_char,base,,qiu,qiu1,common-standard-level-1+pinyin-data,docs/pinyin-v2/import/single_char_dictionary.tsv,FROZEN_DESIGN_DATA_MISSING restore general-purpose single-char base lexicon,false,true
付,付,1,single_char,base,,fu,fu4,common-standard-level-1+pinyin-data,docs/pinyin-v2/import/single_char_dictionary.tsv,FROZEN_DESIGN_DATA_MISSING restore general-purpose single-char base lexicon,false,true
仗,仗,1,single_char,base,,zhang,zhang4,common-standard-level-1+pinyin-data,docs/pinyin-v2/import/single_char_dictionary.tsv,FROZEN_DESIGN_DATA_MISSING restore general-purpose single-char base lexicon,false,true
代,代,1,single_char,base,,dai,dai4,common-standard-level-1+pinyin-data,docs/pinyin-v2/import/single_char_dictionary.tsv,FROZEN_DESIGN_DATA_MISSING restore general-purpose single-char base lexicon,false,true
仙,仙,1,single_char,base,,xian,xian1,common-standard-level-1+pinyin-data,docs/pinyin-v2/import/single_char_dictionary.tsv,FROZEN_DESIGN_DATA_MISSING restore general-purpose single-char base lexicon,false,true
们,们,1,single_char,base,,men,men,common-standard-level-1+pinyin-data,docs/pinyin-v2/import/single_char_dictionary.tsv,FROZEN_DESIGN_DATA_MISSING restore general-purpose single-char base lexicon,false,true
仪,仪,1,single_char,base,,yi,yi2,common-standard-level-1+pinyin-data,docs/pinyin-v2/import/single_char_dictionary.tsv,FROZEN_DESIGN_DATA_MISSING restore general-purpose single-char base lexicon,false,true
白,白,1,single_char,base,,bai,bai2,common-standard-level-1+pinyin-data,docs/pinyin-v2/import/single_char_dictionary.tsv,FROZEN_DESIGN_DATA_MISSING restore general-purpose single-char base lexicon,false,true
仔,仔,1,single_char,base,,zai,zai3,common-standard-level-1+pinyin-data,docs/pinyin-v2/import/single_char_dictionary.tsv,FROZEN_DESIGN_DATA_MISSING restore general-purpose single-char base lexicon,false,true
他,他,1,single_char,base,,ta,ta1,common-standard-level-1+pinyin-data,docs/pinyin-v2/import/single_char_dictionary.tsv,FROZEN_DESIGN_DATA_MISSING restore general-purpose single-char base lexicon,false,true
斥,斥,1,single_char,base,,chi,chi4,common-standard-level-1+pinyin-data,docs/pinyin-v2/import/single_char_dictionary.tsv,FROZEN_DESIGN_DATA_MISSING restore general-purpose single-char base lexicon,false,true
瓜,瓜,1,single_char,base,,gua,gua1,common-standard-level-1+pinyin-data,docs/pinyin-v2/import/single_char_dictionary.tsv,FROZEN_DESIGN_DATA_MISSING restore general-purpose single-char base lexicon,false,true
乎,乎,1,single_char,base,,hu,hu1,common-standard-level-1+pinyin-data,docs/pinyin-v2/import/single_char_dictionary.tsv,FROZEN_DESIGN_DATA_MISSING restore general-purpose single-char base lexicon,false,true
丛,丛,1,single_char,base,,cong,cong2,common-standard-level-1+pinyin-data,docs/pinyin-v2/import/single_char_dictionary.tsv,FROZEN_DESIGN_DATA_MISSING restore general-purpose single-char base lexicon,false,true
令,令,1,single_char,base,,ling,ling4,common-standard-level-1+pinyin-data,docs/pinyin-v2/import/single_char_dictionary.tsv,FROZEN_DESIGN_DATA_MISSING restore general-purpose single-char base lexicon,false,true
用,用,1,single_char,base,,yong,yong4,common-standard-level-1+pinyin-data,docs/pinyin-v2/import/single_char_dictionary.tsv,FROZEN_DESIGN_DATA_MISSING restore general-purpose single-char base lexicon,false,true
甩,甩,1,single_char,base,,shuai,shuai3,common-standard-level-1+pinyin-data,docs/pinyin-v2/import/single_char_dictionary.tsv,FROZEN_DESIGN_DATA_MISSING restore general-purpose single-char base lexicon,false,true
印,印,1,single_char,base,,yin,yin4,common-standard-level-1+pinyin-data,docs/pinyin-v2/import/single_char_dictionary.tsv,FROZEN_DESIGN_DATA_MISSING restore general-purpose single-char base lexicon,false,true
尔,尔,1,single_char,base,,er,er3,common-standard-level-1+pinyin-data,docs/pinyin-v2/import/single_char_dictionary.tsv,FROZEN_DESIGN_DATA_MISSING restore general-purpose single-char base lexicon,false,true
乐,乐,1,single_char,base,,le,le4,common-standard-level-1+pinyin-data,docs/pinyin-v2/import/single_char_dictionary.tsv,FROZEN_DESIGN_DATA_MISSING restore general-purpose single-char base lexicon,false,true
句,句,1,single_char,base,,ju,ju4,common-standard-level-1+pinyin-data,docs/pinyin-v2/import/single_char_dictionary.tsv,FROZEN_DESIGN_DATA_MISSING restore general-purpose single-char base lexicon,false,true
匆,匆,1,single_char,base,,cong,cong1,common-standard-level-1+pinyin-data,docs/pinyin-v2/import/single_char_dictionary.tsv,FROZEN_DESIGN_DATA_MISSING restore general-purpose single-char base lexicon,false,true
册,册,1,single_char,base,,ce,ce4,common-standard-level-1+pinyin-data,docs/pinyin-v2/import/single_char_dictionary.tsv,FROZEN_DESIGN_DATA_MISSING restore general-purpose single-char base lexicon,false,true
卯,卯,1,single_char,base,,mao,mao3,common-standard-level-1+pinyin-data,docs/pinyin-v2/import/single_char_dictionary.tsv,FROZEN_DESIGN_DATA_MISSING restore general-purpose single-char base lexicon,false,true
犯,犯,1,single_char,base,,fan,fan4,common-standard-level-1+pinyin-data,docs/pinyin-v2/import/single_char_dictionary.tsv,FROZEN_DESIGN_DATA_MISSING restore general-purpose single-char base lexicon,false,true
外,外,1,single_char,base,,wai,wai4,common-standard-level-1+pinyin-data,docs/pinyin-v2/import/single_char_dictionary.tsv,FROZEN_DESIGN_DATA_MISSING restore general-purpose single-char base lexicon,false,true
处,处,1,single_char,base,,chu,chu4,common-standard-level-1+pinyin-data,docs/pinyin-v2/import/single_char_dictionary.tsv,FROZEN_DESIGN_DATA_MISSING restore general-purpose single-char base lexicon,true,true
冬,冬,1,single_char,base,,dong,dong1,common-standard-level-1+pinyin-data,docs/pinyin-v2/import/single_char_dictionary.tsv,FROZEN_DESIGN_DATA_MISSING restore general-purpose single-char base lexicon,false,true
鸟,鸟,1,single_char,base,,niao,niao3,common-standard-level-1+pinyin-data,docs/pinyin-v2/import/single_char_dictionary.tsv,FROZEN_DESIGN_DATA_MISSING restore general-purpose single-char base lexicon,false,true
务,务,1,single_char,base,,wu,wu4,common-standard-level-1+pinyin-data,docs/pinyin-v2/import/single_char_dictionary.tsv,FROZEN_DESIGN_DATA_MISSING restore general-purpose single-char base lexicon,false,true
包,包,1,single_char,base,,bao,bao1,common-standard-level-1+pinyin-data,docs/pinyin-v2/import/single_char_dictionary.tsv,FROZEN_DESIGN_DATA_MISSING restore general-purpose single-char base lexicon,false,true
饥,饥,1,single_char,base,,ji,ji1,common-standard-level-1+pinyin-data,docs/pinyin-v2/import/single_char_dictionary.tsv,FROZEN_DESIGN_DATA_MISSING restore general-purpose single-char base lexicon,false,true
主,主,1,single_char,base,,zhu,zhu3,common-standard-level-1+pinyin-data,docs/pinyin-v2/import/single_char_dictionary.tsv,FROZEN_DESIGN_DATA_MISSING restore general-purpose single-char base lexicon,false,true
市,市,1,single_char,base,,shi,shi4,common-standard-level-1+pinyin-data,docs/pinyin-v2/import/single_char_dictionary.tsv,FROZEN_DESIGN_DATA_MISSING restore general-purpose single-char base lexicon,false,true
立,立,1,single_char,base,,li,li4,common-standard-level-1+pinyin-data,docs/pinyin-v2/import/single_char_dictionary.tsv,FROZEN_DESIGN_DATA_MISSING restore general-purpose single-char base lexicon,false,true
冯,冯,1,single_char,base,,feng,feng2,common-standard-level-1+pinyin-data,docs/pinyin-v2/import/single_char_dictionary.tsv,FROZEN_DESIGN_DATA_MISSING restore general-purpose single-char base lexicon,false,true
玄,玄,1,single_char,base,,xuan,xuan2,common-standard-level-1+pinyin-data,docs/pinyin-v2/import/single_char_dictionary.tsv,FROZEN_DESIGN_DATA_MISSING restore general-purpose single-char base lexicon,false,true
闪,闪,1,single_char,base,,shan,shan3,common-standard-level-1+pinyin-data,docs/pinyin-v2/import/single_char_dictionary.tsv,FROZEN_DESIGN_DATA_MISSING restore general-purpose single-char base lexicon,false,true
兰,兰,1,single_char,base,,lan,lan2,common-standard-level-1+pinyin-data,docs/pinyin-v2/import/single_char_dictionary.tsv,FROZEN_DESIGN_DATA_MISSING restore general-purpose single-char base lexicon,false,true
半,半,1,single_char,base,,ban,ban4,common-standard-level-1+pinyin-data,docs/pinyin-v2/import/single_char_dictionary.tsv,FROZEN_DESIGN_DATA_MISSING restore general-purpose single-char base lexicon,false,true
汁,汁,1,single_char,base,,zhi,zhi1,common-standard-level-1+pinyin-data,docs/pinyin-v2/import/single_char_dictionary.tsv,FROZEN_DESIGN_DATA_MISSING restore general-purpose single-char base lexicon,false,true
汇,汇,1,single_char,base,,hui,hui4,common-standard-level-1+pinyin-data,docs/pinyin-v2/import/single_char_dictionary.tsv,FROZEN_DESIGN_DATA_MISSING restore general-purpose single-char base lexicon,false,true
头,头,1,single_char,base,,tou,tou2,common-standard-level-1+pinyin-data,docs/pinyin-v2/import/single_char_dictionary.tsv,FROZEN_DESIGN_DATA_MISSING restore general-purpose single-char base lexicon,false,true
汉,汉,1,single_char,base,,han,han4,common-standard-level-1+pinyin-data,docs/pinyin-v2/import/single_char_dictionary.tsv,FROZEN_DESIGN_DATA_MISSING restore general-purpose single-char base lexicon,false,true
宁,宁,1,single_char,base,,ning,ning2,common-standard-level-1+pinyin-data,docs/pinyin-v2/import/single_char_dictionary.tsv,FROZEN_DESIGN_DATA_MISSING restore general-purpose single-char base lexicon,false,true
穴,穴,1,single_char,base,,xue,xue2,common-standard-level-1+pinyin-data,docs/pinyin-v2/import/single_char_dictionary.tsv,FROZEN_DESIGN_DATA_MISSING restore general-purpose single-char base lexicon,false,true
它,它,1,single_char,base,,ta,ta1,common-standard-level-1+pinyin-data,docs/pinyin-v2/import/single_char_dictionary.tsv,FROZEN_DESIGN_DATA_MISSING restore general-purpose single-char base lexicon,false,true
讨,讨,1,single_char,base,,tao,tao3,common-standard-level-1+pinyin-data,docs/pinyin-v2/import/single_char_dictionary.tsv,FROZEN_DESIGN_DATA_MISSING restore general-purpose single-char base lexicon,false,true
写,写,1,single_char,base,,xie,xie3,common-standard-level-1+pinyin-data,docs/pinyin-v2/import/single_char_dictionary.tsv,FROZEN_DESIGN_DATA_MISSING restore general-purpose single-char base lexicon,false,true
让,让,1,single_char,base,,rang,rang4,common-standard-level-1+pinyin-data,docs/pinyin-v2/import/single_char_dictionary.tsv,FROZEN_DESIGN_DATA_MISSING restore general-purpose single-char base lexicon,false,true
礼,礼,1,single_char,base,,li,li3,common-standard-level-1+pinyin-data,docs/pinyin-v2/import/single_char_dictionary.tsv,FROZEN_DESIGN_DATA_MISSING restore general-purpose single-char base lexicon,false,true
训,训,1,single_char,base,,xun,xun4,common-standard-level-1+pinyin-data,docs/pinyin-v2/import/single_char_dictionary.tsv,FROZEN_DESIGN_DATA_MISSING restore general-purpose single-char base lexicon,false,true
议,议,1,single_char,base,,yi,yi4,common-standard-level-1+pinyin-data,docs/pinyin-v2/import/single_char_dictionary.tsv,FROZEN_DESIGN_DATA_MISSING restore general-purpose single-char base lexicon,false,true
必,必,1,single_char,base,,bi,bi4,common-standard-level-1+pinyin-data,docs/pinyin-v2/import/single_char_dictionary.tsv,FROZEN_DESIGN_DATA_MISSING restore general-purpose single-char base lexicon,false,true
讯,讯,1,single_char,base,,xun,xun4,common-standard-level-1+pinyin-data,docs/pinyin-v2/import/single_char_dictionary.tsv,FROZEN_DESIGN_DATA_MISSING restore general-purpose single-char base lexicon,false,true
记,记,1,single_char,base,,ji,ji4,common-standard-level-1+pinyin-data,docs/pinyin-v2/import/single_char_dictionary.tsv,FROZEN_DESIGN_DATA_MISSING restore general-purpose single-char base lexicon,false,true
永,永,1,single_char,base,,yong,yong3,common-standard-level-1+pinyin-data,docs/pinyin-v2/import/single_char_dictionary.tsv,FROZEN_DESIGN_DATA_MISSING restore general-purpose single-char base lexicon,false,true
司,司,1,single_char,base,,si,si1,common-standard-level-1+pinyin-data,docs/pinyin-v2/import/single_char_dictionary.tsv,FROZEN_DESIGN_DATA_MISSING restore general-purpose single-char base lexicon,false,true
尼,尼,1,single_char,base,,ni,ni2,common-standard-level-1+pinyin-data,docs/pinyin-v2/import/single_char_dictionary.tsv,FROZEN_DESIGN_DATA_MISSING restore general-purpose single-char base lexicon,false,true
民,民,1,single_char,base,,min,min2,common-standard-level-1+pinyin-data,docs/pinyin-v2/import/single_char_dictionary.tsv,FROZEN_DESIGN_DATA_MISSING restore general-purpose single-char base lexicon,false,true
弗,弗,1,single_char,base,,fu,fu2,common-standard-level-1+pinyin-data,docs/pinyin-v2/import/single_char_dictionary.tsv,FROZEN_DESIGN_DATA_MISSING restore general-purpose single-char base lexicon,false,true
弘,弘,1,single_char,base,,hong,hong2,common-standard-level-1+pinyin-data,docs/pinyin-v2/import/single_char_dictionary.tsv,FROZEN_DESIGN_DATA_MISSING restore general-purpose single-char base lexicon,false,true
出,出,1,single_char,base,,chu,chu1,common-standard-level-1+pinyin-data,docs/pinyin-v2/import/single_char_dictionary.tsv,FROZEN_DESIGN_DATA_MISSING restore general-purpose single-char base lexicon,false,true
辽,辽,1,single_char,base,,liao,liao2,common-standard-level-1+pinyin-data,docs/pinyin-v2/import/single_char_dictionary.tsv,FROZEN_DESIGN_DATA_MISSING restore general-purpose single-char base lexicon,false,true
奶,奶,1,single_char,base,,nai,nai3,common-standard-level-1+pinyin-data,docs/pinyin-v2/import/single_char_dictionary.tsv,FROZEN_DESIGN_DATA_MISSING restore general-purpose single-char base lexicon,false,true
奴,奴,1,single_char,base,,nu,nu2,common-standard-level-1+pinyin-data,docs/pinyin-v2/import/single_char_dictionary.tsv,FROZEN_DESIGN_DATA_MISSING restore general-purpose single-char base lexicon,false,true
召,召,1,single_char,base,,zhao,zhao4,common-standard-level-1+pinyin-data,docs/pinyin-v2/import/single_char_dictionary.tsv,FROZEN_DESIGN_DATA_MISSING restore general-purpose single-char base lexicon,false,true
加,加,1,single_char,base,,jia,jia1,common-standard-level-1+pinyin-data,docs/pinyin-v2/import/single_char_dictionary.tsv,FROZEN_DESIGN_DATA_MISSING restore general-purpose single-char base lexicon,false,true
皮,皮,1,single_char,base,,pi,pi2,common-standard-level-1+pinyin-data,docs/pinyin-v2/import/single_char_dictionary.tsv,FROZEN_DESIGN_DATA_MISSING restore general-purpose single-char base lexicon,false,true
边,边,1,single_char,base,,bian,bian1,common-standard-level-1+pinyin-data,docs/pinyin-v2/import/single_char_dictionary.tsv,FROZEN_DESIGN_DATA_MISSING restore general-purpose single-char base lexicon,true,true
孕,孕,1,single_char,base,,yun,yun4,common-standard-level-1+pinyin-data,docs/pinyin-v2/import/single_char_dictionary.tsv,FROZEN_DESIGN_DATA_MISSING restore general-purpose single-char base lexicon,false,true
发,发,1,single_char,base,,fa,fa1,common-standard-level-1+pinyin-data,docs/pinyin-v2/import/single_char_dictionary.tsv,FROZEN_DESIGN_DATA_MISSING restore general-purpose single-char base lexicon,false,true
圣,圣,1,single_char,base,,sheng,sheng4,common-standard-level-1+pinyin-data,docs/pinyin-v2/import/single_char_dictionary.tsv,FROZEN_DESIGN_DATA_MISSING restore general-purpose single-char base lexicon,false,true
对,对,1,single_char,base,,dui,dui4,common-standard-level-1+pinyin-data,docs/pinyin-v2/import/single_char_dictionary.tsv,FROZEN_DESIGN_DATA_MISSING restore general-purpose single-char base lexicon,false,true
台,台,1,single_char,base,,tai,tai2,common-standard-level-1+pinyin-data,docs/pinyin-v2/import/single_char_dictionary.tsv,FROZEN_DESIGN_DATA_MISSING restore general-purpose single-char base lexicon,true,true
矛,矛,1,single_char,base,,mao,mao2,common-standard-level-1+pinyin-data,docs/pinyin-v2/import/single_char_dictionary.tsv,FROZEN_DESIGN_DATA_MISSING restore general-purpose single-char base lexicon,false,true
纠,纠,1,single_char,base,,jiu,jiu1,common-standard-level-1+pinyin-data,docs/pinyin-v2/import/single_char_dictionary.tsv,FROZEN_DESIGN_DATA_MISSING restore general-purpose single-char base lexicon,false,true
母,母,1,single_char,base,,mu,mu3,common-standard-level-1+pinyin-data,docs/pinyin-v2/import/single_char_dictionary.tsv,FROZEN_DESIGN_DATA_MISSING restore general-purpose single-char base lexicon,false,true
幼,幼,1,single_char,base,,you,you4,common-standard-level-1+pinyin-data,docs/pinyin-v2/import/single_char_dictionary.tsv,FROZEN_DESIGN_DATA_MISSING restore general-purpose single-char base lexicon,false,true
丝,丝,1,single_char,base,,si,si1,common-standard-level-1+pinyin-data,docs/pinyin-v2/import/single_char_dictionary.tsv,FROZEN_DESIGN_DATA_MISSING restore general-purpose single-char base lexicon,false,true
邦,邦,1,single_char,base,,bang,bang1,common-standard-level-1+pinyin-data,docs/pinyin-v2/import/single_char_dictionary.tsv,FROZEN_DESIGN_DATA_MISSING restore general-purpose single-char base lexicon,false,true
式,式,1,single_char,base,,shi,shi4,common-standard-level-1+pinyin-data,docs/pinyin-v2/import/single_char_dictionary.tsv,FROZEN_DESIGN_DATA_MISSING restore general-purpose single-char base lexicon,true,true
迂,迂,1,single_char,base,,yu,yu1,common-standard-level-1+pinyin-data,docs/pinyin-v2/import/single_char_dictionary.tsv,FROZEN_DESIGN_DATA_MISSING restore general-purpose single-char base lexicon,false,true
刑,刑,1,single_char,base,,xing,xing2,common-standard-level-1+pinyin-data,docs/pinyin-v2/import/single_char_dictionary.tsv,FROZEN_DESIGN_DATA_MISSING restore general-purpose single-char base lexicon,false,true
戎,戎,1,single_char,base,,rong,rong2,common-standard-level-1+pinyin-data,docs/pinyin-v2/import/single_char_dictionary.tsv,FROZEN_DESIGN_DATA_MISSING restore general-purpose single-char base lexicon,false,true
动,动,1,single_char,base,,dong,dong4,common-standard-level-1+pinyin-data,docs/pinyin-v2/import/single_char_dictionary.tsv,FROZEN_DESIGN_DATA_MISSING restore general-purpose single-char base lexicon,false,true
扛,扛,1,single_char,base,,kang,kang2,common-standard-level-1+pinyin-data,docs/pinyin-v2/import/single_char_dictionary.tsv,FROZEN_DESIGN_DATA_MISSING restore general-purpose single-char base lexicon,false,true
寺,寺,1,single_char,base,,si,si4,common-standard-level-1+pinyin-data,docs/pinyin-v2/import/single_char_dictionary.tsv,FROZEN_DESIGN_DATA_MISSING restore general-purpose single-char base lexicon,false,true
吉,吉,1,single_char,base,,ji,ji2,common-standard-level-1+pinyin-data,docs/pinyin-v2/import/single_char_dictionary.tsv,FROZEN_DESIGN_DATA_MISSING restore general-purpose single-char base lexicon,false,true
扣,扣,1,single_char,base,,kou,kou4,common-standard-level-1+pinyin-data,docs/pinyin-v2/import/single_char_dictionary.tsv,FROZEN_DESIGN_DATA_MISSING restore general-purpose single-char base lexicon,false,true
考,考,1,single_char,base,,kao,kao3,common-standard-level-1+pinyin-data,docs/pinyin-v2/import/single_char_dictionary.tsv,FROZEN_DESIGN_DATA_MISSING restore general-purpose single-char base lexicon,false,true
托,托,1,single_char,base,,tuo,tuo1,common-standard-level-1+pinyin-data,docs/pinyin-v2/import/single_char_dictionary.tsv,FROZEN_DESIGN_DATA_MISSING restore general-purpose single-char base lexicon,false,true
老,老,1,single_char,base,,lao,lao3,common-standard-level-1+pinyin-data,docs/pinyin-v2/import/single_char_dictionary.tsv,FROZEN_DESIGN_DATA_MISSING restore general-purpose single-char base lexicon,false,true
巩,巩,1,single_char,base,,gong,gong3,common-standard-level-1+pinyin-data,docs/pinyin-v2/import/single_char_dictionary.tsv,FROZEN_DESIGN_DATA_MISSING restore general-purpose single-char base lexicon,false,true
圾,圾,1,single_char,base,,ji,ji1,common-standard-level-1+pinyin-data,docs/pinyin-v2/import/single_char_dictionary.tsv,FROZEN_DESIGN_DATA_MISSING restore general-purpose single-char base lexicon,false,true
执,执,1,single_char,base,,zhi,zhi2,common-standard-level-1+pinyin-data,docs/pinyin-v2/import/single_char_dictionary.tsv,FROZEN_DESIGN_DATA_MISSING restore general-purpose single-char base lexicon,false,true
扩,扩,1,single_char,base,,kuo,kuo4,common-standard-level-1+pinyin-data,docs/pinyin-v2/import/single_char_dictionary.tsv,FROZEN_DESIGN_DATA_MISSING restore general-purpose single-char base lexicon,false,true
扫,扫,1,single_char,base,,sao,sao3,common-standard-level-1+pinyin-data,docs/pinyin-v2/import/single_char_dictionary.tsv,FROZEN_DESIGN_DATA_MISSING restore general-purpose single-char base lexicon,false,true
地,地,1,single_char,base,,di,di4,common-standard-level-1+pinyin-data,docs/pinyin-v2/import/single_char_dictionary.tsv,FROZEN_DESIGN_DATA_MISSING restore general-purpose single-char base lexicon,false,true
场,场,1,single_char,base,,chang,chang3,common-standard-level-1+pinyin-data,docs/pinyin-v2/import/single_char_dictionary.tsv,FROZEN_DESIGN_DATA_MISSING restore general-purpose single-char base lexicon,false,true
扬,扬,1,single_char,base,,yang,yang2,common-standard-level-1+pinyin-data,docs/pinyin-v2/import/single_char_dictionary.tsv,FROZEN_DESIGN_DATA_MISSING restore general-purpose single-char base lexicon,false,true
耳,耳,1,single_char,base,,er,er3,common-standard-level-1+pinyin-data,docs/pinyin-v2/import/single_char_dictionary.tsv,FROZEN_DESIGN_DATA_MISSING restore general-purpose single-char base lexicon,false,true
芋,芋,1,single_char,base,,yu,yu4,common-standard-level-1+pinyin-data,docs/pinyin-v2/import/single_char_dictionary.tsv,FROZEN_DESIGN_DATA_MISSING restore general-purpose single-char base lexicon,false,true
共,共,1,single_char,base,,gong,gong4,common-standard-level-1+pinyin-data,docs/pinyin-v2/import/single_char_dictionary.tsv,FROZEN_DESIGN_DATA_MISSING restore general-purpose single-char base lexicon,false,true
芒,芒,1,single_char,base,,mang,mang2,common-standard-level-1+pinyin-data,docs/pinyin-v2/import/single_char_dictionary.tsv,FROZEN_DESIGN_DATA_MISSING restore general-purpose single-char base lexicon,false,true
亚,亚,1,single_char,base,,ya,ya4,common-standard-level-1+pinyin-data,docs/pinyin-v2/import/single_char_dictionary.tsv,FROZEN_DESIGN_DATA_MISSING restore general-purpose single-char base lexicon,false,true
芝,芝,1,single_char,base,,zhi,zhi1,common-standard-level-1+pinyin-data,docs/pinyin-v2/import/single_char_dictionary.tsv,FROZEN_DESIGN_DATA_MISSING restore general-purpose single-char base lexicon,false,true
朽,朽,1,single_char,base,,xiu,xiu3,common-standard-level-1+pinyin-data,docs/pinyin-v2/import/single_char_dictionary.tsv,FROZEN_DESIGN_DATA_MISSING restore general-purpose single-char base lexicon,false,true
朴,朴,1,single_char,base,,pu,pu3,common-standard-level-1+pinyin-data,docs/pinyin-v2/import/single_char_dictionary.tsv,FROZEN_DESIGN_DATA_MISSING restore general-purpose single-char base lexicon,false,true
机,机,1,single_char,base,,ji,ji1,common-standard-level-1+pinyin-data,docs/pinyin-v2/import/single_char_dictionary.tsv,FROZEN_DESIGN_DATA_MISSING restore general-purpose single-char base lexicon,false,true
权,权,1,single_char,base,,quan,quan2,common-standard-level-1+pinyin-data,docs/pinyin-v2/import/single_char_dictionary.tsv,FROZEN_DESIGN_DATA_MISSING restore general-purpose single-char base lexicon,false,true
过,过,1,single_char,base,,guo,guo4,common-standard-level-1+pinyin-data,docs/pinyin-v2/import/single_char_dictionary.tsv,FROZEN_DESIGN_DATA_MISSING restore general-purpose single-char base lexicon,false,true
臣,臣,1,single_char,base,,chen,chen2,common-standard-level-1+pinyin-data,docs/pinyin-v2/import/single_char_dictionary.tsv,FROZEN_DESIGN_DATA_MISSING restore general-purpose single-char base lexicon,false,true
吏,吏,1,single_char,base,,li,li4,common-standard-level-1+pinyin-data,docs/pinyin-v2/import/single_char_dictionary.tsv,FROZEN_DESIGN_DATA_MISSING restore general-purpose single-char base lexicon,false,true
再,再,1,single_char,base,,zai,zai4,common-standard-level-1+pinyin-data,docs/pinyin-v2/import/single_char_dictionary.tsv,FROZEN_DESIGN_DATA_MISSING restore general-purpose single-char base lexicon,false,true
协,协,1,single_char,base,,xie,xie2,common-standard-level-1+pinyin-data,docs/pinyin-v2/import/single_char_dictionary.tsv,FROZEN_DESIGN_DATA_MISSING restore general-purpose single-char base lexicon,true,true
西,西,1,single_char,base,,xi,xi1,common-standard-level-1+pinyin-data,docs/pinyin-v2/import/single_char_dictionary.tsv,FROZEN_DESIGN_DATA_MISSING restore general-purpose single-char base lexicon,false,true
压,压,1,single_char,base,,ya,ya1,common-standard-level-1+pinyin-data,docs/pinyin-v2/import/single_char_dictionary.tsv,FROZEN_DESIGN_DATA_MISSING restore general-purpose single-char base lexicon,false,true
厌,厌,1,single_char,base,,yan,yan4,common-standard-level-1+pinyin-data,docs/pinyin-v2/import/single_char_dictionary.tsv,FROZEN_DESIGN_DATA_MISSING restore general-purpose single-char base lexicon,false,true
戌,戌,1,single_char,base,,xu,xu1,common-standard-level-1+pinyin-data,docs/pinyin-v2/import/single_char_dictionary.tsv,FROZEN_DESIGN_DATA_MISSING restore general-purpose single-char base lexicon,false,true
在,在,1,single_char,base,,zai,zai4,common-standard-level-1+pinyin-data,docs/pinyin-v2/import/single_char_dictionary.tsv,FROZEN_DESIGN_DATA_MISSING restore general-purpose single-char base lexicon,false,true
百,百,1,single_char,base,,bai,bai3,common-standard-level-1+pinyin-data,docs/pinyin-v2/import/single_char_dictionary.tsv,FROZEN_DESIGN_DATA_MISSING restore general-purpose single-char base lexicon,false,true
有,有,1,single_char,base,,you,you3,common-standard-level-1+pinyin-data,docs/pinyin-v2/import/single_char_dictionary.tsv,FROZEN_DESIGN_DATA_MISSING restore general-purpose single-char base lexicon,false,true
存,存,1,single_char,base,,cun,cun2,common-standard-level-1+pinyin-data,docs/pinyin-v2/import/single_char_dictionary.tsv,FROZEN_DESIGN_DATA_MISSING restore general-purpose single-char base lexicon,false,true
而,而,1,single_char,base,,er,er2,common-standard-level-1+pinyin-data,docs/pinyin-v2/import/single_char_dictionary.tsv,FROZEN_DESIGN_DATA_MISSING restore general-purpose single-char base lexicon,false,true
页,页,1,single_char,base,,ye,ye4,common-standard-level-1+pinyin-data,docs/pinyin-v2/import/single_char_dictionary.tsv,FROZEN_DESIGN_DATA_MISSING restore general-purpose single-char base lexicon,false,true
匠,匠,1,single_char,base,,jiang,jiang4,common-standard-level-1+pinyin-data,docs/pinyin-v2/import/single_char_dictionary.tsv,FROZEN_DESIGN_DATA_MISSING restore general-purpose single-char base lexicon,false,true
夸,夸,1,single_char,base,,kua,kua1,common-standard-level-1+pinyin-data,docs/pinyin-v2/import/single_char_dictionary.tsv,FROZEN_DESIGN_DATA_MISSING restore general-purpose single-char base lexicon,false,true
夺,夺,1,single_char,base,,duo,duo2,common-standard-level-1+pinyin-data,docs/pinyin-v2/import/single_char_dictionary.tsv,FROZEN_DESIGN_DATA_MISSING restore general-purpose single-char base lexicon,false,true
灰,灰,1,single_char,base,,hui,hui1,common-standard-level-1+pinyin-data,docs/pinyin-v2/import/single_char_dictionary.tsv,FROZEN_DESIGN_DATA_MISSING restore general-purpose single-char base lexicon,false,true
达,达,1,single_char,base,,da,da2,common-standard-level-1+pinyin-data,docs/pinyin-v2/import/single_char_dictionary.tsv,FROZEN_DESIGN_DATA_MISSING restore general-purpose single-char base lexicon,false,true
列,列,1,single_char,base,,lie,lie4,common-standard-level-1+pinyin-data,docs/pinyin-v2/import/single_char_dictionary.tsv,FROZEN_DESIGN_DATA_MISSING restore general-purpose single-char base lexicon,false,true
死,死,1,single_char,base,,si,si3,common-standard-level-1+pinyin-data,docs/pinyin-v2/import/single_char_dictionary.tsv,FROZEN_DESIGN_DATA_MISSING restore general-purpose single-char base lexicon,false,true
成,成,1,single_char,base,,cheng,cheng2,common-standard-level-1+pinyin-data,docs/pinyin-v2/import/single_char_dictionary.tsv,FROZEN_DESIGN_DATA_MISSING restore general-purpose single-char base lexicon,false,true
夹,夹,1,single_char,base,,jia,jia1,common-standard-level-1+pinyin-data,docs/pinyin-v2/import/single_char_dictionary.tsv,FROZEN_DESIGN_DATA_MISSING restore general-purpose single-char base lexicon,false,true
夷,夷,1,single_char,base,,yi,yi2,common-standard-level-1+pinyin-data,docs/pinyin-v2/import/single_char_dictionary.tsv,FROZEN_DESIGN_DATA_MISSING restore general-purpose single-char base lexicon,false,true
轨,轨,1,single_char,base,,gui,gui3,common-standard-level-1+pinyin-data,docs/pinyin-v2/import/single_char_dictionary.tsv,FROZEN_DESIGN_DATA_MISSING restore general-purpose single-char base lexicon,false,true
邪,邪,1,single_char,base,,xie,xie2,common-standard-level-1+pinyin-data,docs/pinyin-v2/import/single_char_dictionary.tsv,FROZEN_DESIGN_DATA_MISSING restore general-purpose single-char base lexicon,false,true
尧,尧,1,single_char,base,,yao,yao2,common-standard-level-1+pinyin-data,docs/pinyin-v2/import/single_char_dictionary.tsv,FROZEN_DESIGN_DATA_MISSING restore general-purpose single-char base lexicon,false,true
划,划,1,single_char,base,,hua,hua4,common-standard-level-1+pinyin-data,docs/pinyin-v2/import/single_char_dictionary.tsv,FROZEN_DESIGN_DATA_MISSING restore general-purpose single-char base lexicon,true,true
迈,迈,1,single_char,base,,mai,mai4,common-standard-level-1+pinyin-data,docs/pinyin-v2/import/single_char_dictionary.tsv,FROZEN_DESIGN_DATA_MISSING restore general-purpose single-char base lexicon,false,true
毕,毕,1,single_char,base,,bi,bi4,common-standard-level-1+pinyin-data,docs/pinyin-v2/import/single_char_dictionary.tsv,FROZEN_DESIGN_DATA_MISSING restore general-purpose single-char base lexicon,false,true
至,至,1,single_char,base,,zhi,zhi4,common-standard-level-1+pinyin-data,docs/pinyin-v2/import/single_char_dictionary.tsv,FROZEN_DESIGN_DATA_MISSING restore general-purpose single-char base lexicon,false,true
此,此,1,single_char,base,,ci,ci3,common-standard-level-1+pinyin-data,docs/pinyin-v2/import/single_char_dictionary.tsv,FROZEN_DESIGN_DATA_MISSING restore general-purpose single-char base lexicon,false,true
贞,贞,1,single_char,base,,zhen,zhen1,common-standard-level-1+pinyin-data,docs/pinyin-v2/import/single_char_dictionary.tsv,FROZEN_DESIGN_DATA_MISSING restore general-purpose single-char base lexicon,false,true
师,师,1,single_char,base,,shi,shi1,common-standard-level-1+pinyin-data,docs/pinyin-v2/import/single_char_dictionary.tsv,FROZEN_DESIGN_DATA_MISSING restore general-purpose single-char base lexicon,false,true
尘,尘,1,single_char,base,,chen,chen2,common-standard-level-1+pinyin-data,docs/pinyin-v2/import/single_char_dictionary.tsv,FROZEN_DESIGN_DATA_MISSING restore general-purpose single-char base lexicon,false,true
尖,尖,1,single_char,base,,jian,jian1,common-standard-level-1+pinyin-data,docs/pinyin-v2/import/single_char_dictionary.tsv,FROZEN_DESIGN_DATA_MISSING restore general-purpose single-char base lexicon,false,true
劣,劣,1,single_char,base,,lie,lie4,common-standard-level-1+pinyin-data,docs/pinyin-v2/import/single_char_dictionary.tsv,FROZEN_DESIGN_DATA_MISSING restore general-purpose single-char base lexicon,false,true
光,光,1,single_char,base,,guang,guang1,common-standard-level-1+pinyin-data,docs/pinyin-v2/import/single_char_dictionary.tsv,FROZEN_DESIGN_DATA_MISSING restore general-purpose single-char base lexicon,false,true
当,当,1,single_char,base,,dang,dang1,common-standard-level-1+pinyin-data,docs/pinyin-v2/import/single_char_dictionary.tsv,FROZEN_DESIGN_DATA_MISSING restore general-purpose single-char base lexicon,false,true
早,早,1,single_char,base,,zao,zao3,common-standard-level-1+pinyin-data,docs/pinyin-v2/import/single_char_dictionary.tsv,FROZEN_DESIGN_DATA_MISSING restore general-purpose single-char base lexicon,false,true
吁,吁,1,single_char,base,,xu,xu1,common-standard-level-1+pinyin-data,docs/pinyin-v2/import/single_char_dictionary.tsv,FROZEN_DESIGN_DATA_MISSING restore general-purpose single-char base lexicon,false,true
吐,吐,1,single_char,base,,tu,tu3,common-standard-level-1+pinyin-data,docs/pinyin-v2/import/single_char_dictionary.tsv,FROZEN_DESIGN_DATA_MISSING restore general-purpose single-char base lexicon,false,true
吓,吓,1,single_char,base,,xia,xia4,common-standard-level-1+pinyin-data,docs/pinyin-v2/import/single_char_dictionary.tsv,FROZEN_DESIGN_DATA_MISSING restore general-purpose single-char base lexicon,false,true
虫,虫,1,single_char,base,,chong,chong2,common-standard-level-1+pinyin-data,docs/pinyin-v2/import/single_char_dictionary.tsv,FROZEN_DESIGN_DATA_MISSING restore general-purpose single-char base lexicon,false,true
曲,曲,1,single_char,base,,qu,qu1,common-standard-level-1+pinyin-data,docs/pinyin-v2/import/single_char_dictionary.tsv,FROZEN_DESIGN_DATA_MISSING restore general-purpose single-char base lexicon,true,true
团,团,1,single_char,base,,tuan,tuan2,common-standard-level-1+pinyin-data,docs/pinyin-v2/import/single_char_dictionary.tsv,FROZEN_DESIGN_DATA_MISSING restore general-purpose single-char base lexicon,false,true
吕,吕,1,single_char,base,,lv,lv3,common-standard-level-1+pinyin-data,docs/pinyin-v2/import/single_char_dictionary.tsv,FROZEN_DESIGN_DATA_MISSING restore general-purpose single-char base lexicon,false,true
同,同,1,single_char,base,,tong,tong2,common-standard-level-1+pinyin-data,docs/pinyin-v2/import/single_char_dictionary.tsv,FROZEN_DESIGN_DATA_MISSING restore general-purpose single-char base lexicon,false,true
吊,吊,1,single_char,base,,diao,diao4,common-standard-level-1+pinyin-data,docs/pinyin-v2/import/single_char_dictionary.tsv,FROZEN_DESIGN_DATA_MISSING restore general-purpose single-char base lexicon,false,true
吃,吃,1,single_char,base,,chi,chi1,common-standard-level-1+pinyin-data,docs/pinyin-v2/import/single_char_dictionary.tsv,FROZEN_DESIGN_DATA_MISSING restore general-purpose single-char base lexicon,false,true
因,因,1,single_char,base,,yin,yin1,common-standard-level-1+pinyin-data,docs/pinyin-v2/import/single_char_dictionary.tsv,FROZEN_DESIGN_DATA_MISSING restore general-purpose single-char base lexicon,false,true
吸,吸,1,single_char,base,,xi,xi1,common-standard-level-1+pinyin-data,docs/pinyin-v2/import/single_char_dictionary.tsv,FROZEN_DESIGN_DATA_MISSING restore general-purpose single-char base lexicon,false,true
吗,吗,1,single_char,base,,ma,ma,common-standard-level-1+pinyin-data,docs/pinyin-v2/import/single_char_dictionary.tsv,FROZEN_DESIGN_DATA_MISSING restore general-purpose single-char base lexicon,false,true
吆,吆,1,single_char,base,,yao,yao1,common-standard-level-1+pinyin-data,docs/pinyin-v2/import/single_char_dictionary.tsv,FROZEN_DESIGN_DATA_MISSING restore general-purpose single-char base lexicon,false,true
屿,屿,1,single_char,base,,yu,yu3,common-standard-level-1+pinyin-data,docs/pinyin-v2/import/single_char_dictionary.tsv,FROZEN_DESIGN_DATA_MISSING restore general-purpose single-char base lexicon,false,true
屹,屹,1,single_char,base,,yi,yi4,common-standard-level-1+pinyin-data,docs/pinyin-v2/import/single_char_dictionary.tsv,FROZEN_DESIGN_DATA_MISSING restore general-purpose single-char base lexicon,false,true
岁,岁,1,single_char,base,,sui,sui4,common-standard-level-1+pinyin-data,docs/pinyin-v2/import/single_char_dictionary.tsv,FROZEN_DESIGN_DATA_MISSING restore general-purpose single-char base lexicon,false,true
帆,帆,1,single_char,base,,fan,fan1,common-standard-level-1+pinyin-data,docs/pinyin-v2/import/single_char_dictionary.tsv,FROZEN_DESIGN_DATA_MISSING restore general-purpose single-char base lexicon,false,true
回,回,1,single_char,base,,hui,hui2,common-standard-level-1+pinyin-data,docs/pinyin-v2/import/single_char_dictionary.tsv,FROZEN_DESIGN_DATA_MISSING restore general-purpose single-char base lexicon,false,true
岂,岂,1,single_char,base,,qi,qi3,common-standard-level-1+pinyin-data,docs/pinyin-v2/import/single_char_dictionary.tsv,FROZEN_DESIGN_DATA_MISSING restore general-purpose single-char base lexicon,false,true
则,则,1,single_char,base,,ze,ze2,common-standard-level-1+pinyin-data,docs/pinyin-v2/import/single_char_dictionary.tsv,FROZEN_DESIGN_DATA_MISSING restore general-purpose single-char base lexicon,false,true
刚,刚,1,single_char,base,,gang,gang1,common-standard-level-1+pinyin-data,docs/pinyin-v2/import/single_char_dictionary.tsv,FROZEN_DESIGN_DATA_MISSING restore general-purpose single-char base lexicon,false,true
网,网,1,single_char,base,,wang,wang3,common-standard-level-1+pinyin-data,docs/pinyin-v2/import/single_char_dictionary.tsv,FROZEN_DESIGN_DATA_MISSING restore general-purpose single-char base lexicon,false,true
肉,肉,1,single_char,base,,rou,rou4,common-standard-level-1+pinyin-data,docs/pinyin-v2/import/single_char_dictionary.tsv,FROZEN_DESIGN_DATA_MISSING restore general-purpose single-char base lexicon,false,true
年,年,1,single_char,base,,nian,nian2,common-standard-level-1+pinyin-data,docs/pinyin-v2/import/single_char_dictionary.tsv,FROZEN_DESIGN_DATA_MISSING restore general-purpose single-char base lexicon,false,true
朱,朱,1,single_char,base,,zhu,zhu1,common-standard-level-1+pinyin-data,docs/pinyin-v2/import/single_char_dictionary.tsv,FROZEN_DESIGN_DATA_MISSING restore general-purpose single-char base lexicon,false,true
先,先,1,single_char,base,,xian,xian1,common-standard-level-1+pinyin-data,docs/pinyin-v2/import/single_char_dictionary.tsv,FROZEN_DESIGN_DATA_MISSING restore general-purpose single-char base lexicon,true,true
丢,丢,1,single_char,base,,diu,diu1,common-standard-level-1+pinyin-data,docs/pinyin-v2/import/single_char_dictionary.tsv,FROZEN_DESIGN_DATA_MISSING restore general-purpose single-char base lexicon,false,true
廷,廷,1,single_char,base,,ting,ting2,common-standard-level-1+pinyin-data,docs/pinyin-v2/import/single_char_dictionary.tsv,FROZEN_DESIGN_DATA_MISSING restore general-purpose single-char base lexicon,false,true
舌,舌,1,single_char,base,,she,she2,common-standard-level-1+pinyin-data,docs/pinyin-v2/import/single_char_dictionary.tsv,FROZEN_DESIGN_DATA_MISSING restore general-purpose single-char base lexicon,false,true
竹,竹,1,single_char,base,,zhu,zhu2,common-standard-level-1+pinyin-data,docs/pinyin-v2/import/single_char_dictionary.tsv,FROZEN_DESIGN_DATA_MISSING restore general-purpose single-char base lexicon,false,true
迁,迁,1,single_char,base,,qian,qian1,common-standard-level-1+pinyin-data,docs/pinyin-v2/import/single_char_dictionary.tsv,FROZEN_DESIGN_DATA_MISSING restore general-purpose single-char base lexicon,false,true
乔,乔,1,single_char,base,,qiao,qiao2,common-standard-level-1+pinyin-data,docs/pinyin-v2/import/single_char_dictionary.tsv,FROZEN_DESIGN_DATA_MISSING restore general-purpose single-char base lexicon,false,true
迄,迄,1,single_char,base,,qi,qi4,common-standard-level-1+pinyin-data,docs/pinyin-v2/import/single_char_dictionary.tsv,FROZEN_DESIGN_DATA_MISSING restore general-purpose single-char base lexicon,false,true
伟,伟,1,single_char,base,,wei,wei3,common-standard-level-1+pinyin-data,docs/pinyin-v2/import/single_char_dictionary.tsv,FROZEN_DESIGN_DATA_MISSING restore general-purpose single-char base lexicon,false,true
传,传,1,single_char,base,,chuan,chuan2,common-standard-level-1+pinyin-data,docs/pinyin-v2/import/single_char_dictionary.tsv,FROZEN_DESIGN_DATA_MISSING restore general-purpose single-char base lexicon,false,true
乒,乒,1,single_char,base,,ping,ping1,common-standard-level-1+pinyin-data,docs/pinyin-v2/import/single_char_dictionary.tsv,FROZEN_DESIGN_DATA_MISSING restore general-purpose single-char base lexicon,false,true
乓,乓,1,single_char,base,,pang,pang1,common-standard-level-1+pinyin-data,docs/pinyin-v2/import/single_char_dictionary.tsv,FROZEN_DESIGN_DATA_MISSING restore general-purpose single-char base lexicon,false,true
休,休,1,single_char,base,,xiu,xiu1,common-standard-level-1+pinyin-data,docs/pinyin-v2/import/single_char_dictionary.tsv,FROZEN_DESIGN_DATA_MISSING restore general-purpose single-char base lexicon,false,true
伍,伍,1,single_char,base,,wu,wu3,common-standard-level-1+pinyin-data,docs/pinyin-v2/import/single_char_dictionary.tsv,FROZEN_DESIGN_DATA_MISSING restore general-purpose single-char base lexicon,false,true
伏,伏,1,single_char,base,,fu,fu2,common-standard-level-1+pinyin-data,docs/pinyin-v2/import/single_char_dictionary.tsv,FROZEN_DESIGN_DATA_MISSING restore general-purpose single-char base lexicon,false,true
优,优,1,single_char,base,,you,you1,common-standard-level-1+pinyin-data,docs/pinyin-v2/import/single_char_dictionary.tsv,FROZEN_DESIGN_DATA_MISSING restore general-purpose single-char base lexicon,false,true
臼,臼,1,single_char,base,,jiu,jiu4,common-standard-level-1+pinyin-data,docs/pinyin-v2/import/single_char_dictionary.tsv,FROZEN_DESIGN_DATA_MISSING restore general-purpose single-char base lexicon,false,true
伐,伐,1,single_char,base,,fa,fa2,common-standard-level-1+pinyin-data,docs/pinyin-v2/import/single_char_dictionary.tsv,FROZEN_DESIGN_DATA_MISSING restore general-purpose single-char base lexicon,false,true
延,延,1,single_char,base,,yan,yan2,common-standard-level-1+pinyin-data,docs/pinyin-v2/import/single_char_dictionary.tsv,FROZEN_DESIGN_DATA_MISSING restore general-purpose single-char base lexicon,false,true
仲,仲,1,single_char,base,,zhong,zhong4,common-standard-level-1+pinyin-data,docs/pinyin-v2/import/single_char_dictionary.tsv,FROZEN_DESIGN_DATA_MISSING restore general-purpose single-char base lexicon,false,true
件,件,1,single_char,base,,jian,jian4,common-standard-level-1+pinyin-data,docs/pinyin-v2/import/single_char_dictionary.tsv,FROZEN_DESIGN_DATA_MISSING restore general-purpose single-char base lexicon,false,true
任,任,1,single_char,base,,ren,ren4,common-standard-level-1+pinyin-data,docs/pinyin-v2/import/single_char_dictionary.tsv,FROZEN_DESIGN_DATA_MISSING restore general-purpose single-char base lexicon,false,true
伤,伤,1,single_char,base,,shang,shang1,common-standard-level-1+pinyin-data,docs/pinyin-v2/import/single_char_dictionary.tsv,FROZEN_DESIGN_DATA_MISSING restore general-purpose single-char base lexicon,false,true
价,价,1,single_char,base,,jia,jia4,common-standard-level-1+pinyin-data,docs/pinyin-v2/import/single_char_dictionary.tsv,FROZEN_DESIGN_DATA_MISSING restore general-purpose single-char base lexicon,true,true
伦,伦,1,single_char,base,,lun,lun2,common-standard-level-1+pinyin-data,docs/pinyin-v2/import/single_char_dictionary.tsv,FROZEN_DESIGN_DATA_MISSING restore general-purpose single-char base lexicon,false,true
份,份,1,single_char,base,,fen,fen4,common-standard-level-1+pinyin-data,docs/pinyin-v2/import/single_char_dictionary.tsv,FROZEN_DESIGN_DATA_MISSING restore general-purpose single-char base lexicon,true,true
华,华,1,single_char,base,,hua,hua2,common-standard-level-1+pinyin-data,docs/pinyin-v2/import/single_char_dictionary.tsv,FROZEN_DESIGN_DATA_MISSING restore general-purpose single-char base lexicon,false,true
仰,仰,1,single_char,base,,yang,yang3,common-standard-level-1+pinyin-data,docs/pinyin-v2/import/single_char_dictionary.tsv,FROZEN_DESIGN_DATA_MISSING restore general-purpose single-char base lexicon,false,true
仿,仿,1,single_char,base,,fang,fang3,common-standard-level-1+pinyin-data,docs/pinyin-v2/import/single_char_dictionary.tsv,FROZEN_DESIGN_DATA_MISSING restore general-purpose single-char base lexicon,false,true
伙,伙,1,single_char,base,,huo,huo3,common-standard-level-1+pinyin-data,docs/pinyin-v2/import/single_char_dictionary.tsv,FROZEN_DESIGN_DATA_MISSING restore general-purpose single-char base lexicon,false,true
伪,伪,1,single_char,base,,wei,wei3,common-standard-level-1+pinyin-data,docs/pinyin-v2/import/single_char_dictionary.tsv,FROZEN_DESIGN_DATA_MISSING restore general-purpose single-char base lexicon,false,true
自,自,1,single_char,base,,zi,zi4,common-standard-level-1+pinyin-data,docs/pinyin-v2/import/single_char_dictionary.tsv,FROZEN_DESIGN_DATA_MISSING restore general-purpose single-char base lexicon,false,true
伊,伊,1,single_char,base,,yi,yi1,common-standard-level-1+pinyin-data,docs/pinyin-v2/import/single_char_dictionary.tsv,FROZEN_DESIGN_DATA_MISSING restore general-purpose single-char base lexicon,false,true
血,血,1,single_char,base,,xue,xue4,common-standard-level-1+pinyin-data,docs/pinyin-v2/import/single_char_dictionary.tsv,FROZEN_DESIGN_DATA_MISSING restore general-purpose single-char base lexicon,false,true
向,向,1,single_char,base,,xiang,xiang4,common-standard-level-1+pinyin-data,docs/pinyin-v2/import/single_char_dictionary.tsv,FROZEN_DESIGN_DATA_MISSING restore general-purpose single-char base lexicon,false,true
似,似,1,single_char,base,,shi,shi4,common-standard-level-1+pinyin-data,docs/pinyin-v2/import/single_char_dictionary.tsv,FROZEN_DESIGN_DATA_MISSING restore general-purpose single-char base lexicon,false,true
后,后,1,single_char,base,,hou,hou4,common-standard-level-1+pinyin-data,docs/pinyin-v2/import/single_char_dictionary.tsv,FROZEN_DESIGN_DATA_MISSING restore general-purpose single-char base lexicon,false,true
行,行,1,single_char,base,,xing,xing2,common-standard-level-1+pinyin-data,docs/pinyin-v2/import/single_char_dictionary.tsv,FROZEN_DESIGN_DATA_MISSING restore general-purpose single-char base lexicon,false,true
舟,舟,1,single_char,base,,zhou,zhou1,common-standard-level-1+pinyin-data,docs/pinyin-v2/import/single_char_dictionary.tsv,FROZEN_DESIGN_DATA_MISSING restore general-purpose single-char base lexicon,false,true
全,全,1,single_char,base,,quan,quan2,common-standard-level-1+pinyin-data,docs/pinyin-v2/import/single_char_dictionary.tsv,FROZEN_DESIGN_DATA_MISSING restore general-purpose single-char base lexicon,false,true
会,会,1,single_char,base,,hui,hui4,common-standard-level-1+pinyin-data,docs/pinyin-v2/import/single_char_dictionary.tsv,FROZEN_DESIGN_DATA_MISSING restore general-purpose single-char base lexicon,false,true
杀,杀,1,single_char,base,,sha,sha1,common-standard-level-1+pinyin-data,docs/pinyin-v2/import/single_char_dictionary.tsv,FROZEN_DESIGN_DATA_MISSING restore general-purpose single-char base lexicon,false,true
合,合,1,single_char,base,,he,he2,common-standard-level-1+pinyin-data,docs/pinyin-v2/import/single_char_dictionary.tsv,FROZEN_DESIGN_DATA_MISSING restore general-purpose single-char base lexicon,false,true
兆,兆,1,single_char,base,,zhao,zhao4,common-standard-level-1+pinyin-data,docs/pinyin-v2/import/single_char_dictionary.tsv,FROZEN_DESIGN_DATA_MISSING restore general-purpose single-char base lexicon,false,true
企,企,1,single_char,base,,qi,qi3,common-standard-level-1+pinyin-data,docs/pinyin-v2/import/single_char_dictionary.tsv,FROZEN_DESIGN_DATA_MISSING restore general-purpose single-char base lexicon,false,true
众,众,1,single_char,base,,zhong,zhong4,common-standard-level-1+pinyin-data,docs/pinyin-v2/import/single_char_dictionary.tsv,FROZEN_DESIGN_DATA_MISSING restore general-purpose single-char base lexicon,false,true
爷,爷,1,single_char,base,,ye,ye2,common-standard-level-1+pinyin-data,docs/pinyin-v2/import/single_char_dictionary.tsv,FROZEN_DESIGN_DATA_MISSING restore general-purpose single-char base lexicon,false,true
伞,伞,1,single_char,base,,san,san3,common-standard-level-1+pinyin-data,docs/pinyin-v2/import/single_char_dictionary.tsv,FROZEN_DESIGN_DATA_MISSING restore general-purpose single-char base lexicon,false,true
创,创,1,single_char,base,,chuang,chuang4,common-standard-level-1+pinyin-data,docs/pinyin-v2/import/single_char_dictionary.tsv,FROZEN_DESIGN_DATA_MISSING restore general-purpose single-char base lexicon,false,true
肌,肌,1,single_char,base,,ji,ji1,common-standard-level-1+pinyin-data,docs/pinyin-v2/import/single_char_dictionary.tsv,FROZEN_DESIGN_DATA_MISSING restore general-purpose single-char base lexicon,false,true
肋,肋,1,single_char,base,,le,le1,common-standard-level-1+pinyin-data,docs/pinyin-v2/import/single_char_dictionary.tsv,FROZEN_DESIGN_DATA_MISSING restore general-purpose single-char base lexicon,false,true
朵,朵,1,single_char,base,,duo,duo3,common-standard-level-1+pinyin-data,docs/pinyin-v2/import/single_char_dictionary.tsv,FROZEN_DESIGN_DATA_MISSING restore general-purpose single-char base lexicon,false,true
杂,杂,1,single_char,base,,za,za2,common-standard-level-1+pinyin-data,docs/pinyin-v2/import/single_char_dictionary.tsv,FROZEN_DESIGN_DATA_MISSING restore general-purpose single-char base lexicon,false,true
危,危,1,single_char,base,,wei,wei1,common-standard-level-1+pinyin-data,docs/pinyin-v2/import/single_char_dictionary.tsv,FROZEN_DESIGN_DATA_MISSING restore general-purpose single-char base lexicon,false,true
旬,旬,1,single_char,base,,xun,xun2,common-standard-level-1+pinyin-data,docs/pinyin-v2/import/single_char_dictionary.tsv,FROZEN_DESIGN_DATA_MISSING restore general-purpose single-char base lexicon,false,true
旨,旨,1,single_char,base,,zhi,zhi3,common-standard-level-1+pinyin-data,docs/pinyin-v2/import/single_char_dictionary.tsv,FROZEN_DESIGN_DATA_MISSING restore general-purpose single-char base lexicon,false,true
旭,旭,1,single_char,base,,xu,xu4,common-standard-level-1+pinyin-data,docs/pinyin-v2/import/single_char_dictionary.tsv,FROZEN_DESIGN_DATA_MISSING restore general-purpose single-char base lexicon,false,true
负,负,1,single_char,base,,fu,fu4,common-standard-level-1+pinyin-data,docs/pinyin-v2/import/single_char_dictionary.tsv,FROZEN_DESIGN_DATA_MISSING restore general-purpose single-char base lexicon,false,true
匈,匈,1,single_char,base,,xiong,xiong1,common-standard-level-1+pinyin-data,docs/pinyin-v2/import/single_char_dictionary.tsv,FROZEN_DESIGN_DATA_MISSING restore general-purpose single-char base lexicon,false,true
名,名,1,single_char,base,,ming,ming2,common-standard-level-1+pinyin-data,docs/pinyin-v2/import/single_char_dictionary.tsv,FROZEN_DESIGN_DATA_MISSING restore general-purpose single-char base lexicon,false,true
各,各,1,single_char,base,,ge,ge4,common-standard-level-1+pinyin-data,docs/pinyin-v2/import/single_char_dictionary.tsv,FROZEN_DESIGN_DATA_MISSING restore general-purpose single-char base lexicon,false,true
多,多,1,single_char,base,,duo,duo1,common-standard-level-1+pinyin-data,docs/pinyin-v2/import/single_char_dictionary.tsv,FROZEN_DESIGN_DATA_MISSING restore general-purpose single-char base lexicon,false,true
争,争,1,single_char,base,,zheng,zheng1,common-standard-level-1+pinyin-data,docs/pinyin-v2/import/single_char_dictionary.tsv,FROZEN_DESIGN_DATA_MISSING restore general-purpose single-char base lexicon,false,true
色,色,1,single_char,base,,se,se4,common-standard-level-1+pinyin-data,docs/pinyin-v2/import/single_char_dictionary.tsv,FROZEN_DESIGN_DATA_MISSING restore general-purpose single-char base lexicon,false,true
壮,壮,1,single_char,base,,zhuang,zhuang4,common-standard-level-1+pinyin-data,docs/pinyin-v2/import/single_char_dictionary.tsv,FROZEN_DESIGN_DATA_MISSING restore general-purpose single-char base lexicon,false,true
冲,冲,1,single_char,base,,chong,chong1,common-standard-level-1+pinyin-data,docs/pinyin-v2/import/single_char_dictionary.tsv,FROZEN_DESIGN_DATA_MISSING restore general-purpose single-char base lexicon,false,true
妆,妆,1,single_char,base,,zhuang,zhuang1,common-standard-level-1+pinyin-data,docs/pinyin-v2/import/single_char_dictionary.tsv,FROZEN_DESIGN_DATA_MISSING restore general-purpose single-char base lexicon,false,true
冰,冰,1,single_char,base,,bing,bing1,common-standard-level-1+pinyin-data,docs/pinyin-v2/import/single_char_dictionary.tsv,FROZEN_DESIGN_DATA_MISSING restore general-purpose single-char base lexicon,true,true
庄,庄,1,single_char,base,,zhuang,zhuang1,common-standard-level-1+pinyin-data,docs/pinyin-v2/import/single_char_dictionary.tsv,FROZEN_DESIGN_DATA_MISSING restore general-purpose single-char base lexicon,false,true
庆,庆,1,single_char,base,,qing,qing4,common-standard-level-1+pinyin-data,docs/pinyin-v2/import/single_char_dictionary.tsv,FROZEN_DESIGN_DATA_MISSING restore general-purpose single-char base lexicon,false,true
亦,亦,1,single_char,base,,yi,yi4,common-standard-level-1+pinyin-data,docs/pinyin-v2/import/single_char_dictionary.tsv,FROZEN_DESIGN_DATA_MISSING restore general-purpose single-char base lexicon,false,true
刘,刘,1,single_char,base,,liu,liu2,common-standard-level-1+pinyin-data,docs/pinyin-v2/import/single_char_dictionary.tsv,FROZEN_DESIGN_DATA_MISSING restore general-purpose single-char base lexicon,false,true
齐,齐,1,single_char,base,,qi,qi2,common-standard-level-1+pinyin-data,docs/pinyin-v2/import/single_char_dictionary.tsv,FROZEN_DESIGN_DATA_MISSING restore general-purpose single-char base lexicon,true,true
交,交,1,single_char,base,,jiao,jiao1,common-standard-level-1+pinyin-data,docs/pinyin-v2/import/single_char_dictionary.tsv,FROZEN_DESIGN_DATA_MISSING restore general-purpose single-char base lexicon,true,true
衣,衣,1,single_char,base,,yi,yi1,common-standard-level-1+pinyin-data,docs/pinyin-v2/import/single_char_dictionary.tsv,FROZEN_DESIGN_DATA_MISSING restore general-purpose single-char base lexicon,false,true
次,次,1,single_char,base,,ci,ci4,common-standard-level-1+pinyin-data,docs/pinyin-v2/import/single_char_dictionary.tsv,FROZEN_DESIGN_DATA_MISSING restore general-purpose single-char base lexicon,true,true
产,产,1,single_char,base,,chan,chan3,common-standard-level-1+pinyin-data,docs/pinyin-v2/import/single_char_dictionary.tsv,FROZEN_DESIGN_DATA_MISSING restore general-purpose single-char base lexicon,false,true
决,决,1,single_char,base,,jue,jue2,common-standard-level-1+pinyin-data,docs/pinyin-v2/import/single_char_dictionary.tsv,FROZEN_DESIGN_DATA_MISSING restore general-purpose single-char base lexicon,false,true
亥,亥,1,single_char,base,,hai,hai4,common-standard-level-1+pinyin-data,docs/pinyin-v2/import/single_char_dictionary.tsv,FROZEN_DESIGN_DATA_MISSING restore general-purpose single-char base lexicon,false,true
充,充,1,single_char,base,,chong,chong1,common-standard-level-1+pinyin-data,docs/pinyin-v2/import/single_char_dictionary.tsv,FROZEN_DESIGN_DATA_MISSING restore general-purpose single-char base lexicon,false,true
妄,妄,1,single_char,base,,wang,wang4,common-standard-level-1+pinyin-data,docs/pinyin-v2/import/single_char_dictionary.tsv,FROZEN_DESIGN_DATA_MISSING restore general-purpose single-char base lexicon,false,true
闭,闭,1,single_char,base,,bi,bi4,common-standard-level-1+pinyin-data,docs/pinyin-v2/import/single_char_dictionary.tsv,FROZEN_DESIGN_DATA_MISSING restore general-purpose single-char base lexicon,false,true
问,问,1,single_char,base,,wen,wen4,common-standard-level-1+pinyin-data,docs/pinyin-v2/import/single_char_dictionary.tsv,FROZEN_DESIGN_DATA_MISSING restore general-purpose single-char base lexicon,true,true
闯,闯,1,single_char,base,,chuang,chuang3,common-standard-level-1+pinyin-data,docs/pinyin-v2/import/single_char_dictionary.tsv,FROZEN_DESIGN_DATA_MISSING restore general-purpose single-char base lexicon,false,true
羊,羊,1,single_char,base,,yang,yang2,common-standard-level-1+pinyin-data,docs/pinyin-v2/import/single_char_dictionary.tsv,FROZEN_DESIGN_DATA_MISSING restore general-purpose single-char base lexicon,false,true
并,并,1,single_char,base,,bing,bing4,common-standard-level-1+pinyin-data,docs/pinyin-v2/import/single_char_dictionary.tsv,FROZEN_DESIGN_DATA_MISSING restore general-purpose single-char base lexicon,false,true
关,关,1,single_char,base,,guan,guan1,common-standard-level-1+pinyin-data,docs/pinyin-v2/import/single_char_dictionary.tsv,FROZEN_DESIGN_DATA_MISSING restore general-purpose single-char base lexicon,false,true
米,米,1,single_char,base,,mi,mi3,common-standard-level-1+pinyin-data,docs/pinyin-v2/import/single_char_dictionary.tsv,FROZEN_DESIGN_DATA_MISSING restore general-purpose single-char base lexicon,false,true
灯,灯,1,single_char,base,,deng,deng1,common-standard-level-1+pinyin-data,docs/pinyin-v2/import/single_char_dictionary.tsv,FROZEN_DESIGN_DATA_MISSING restore general-purpose single-char base lexicon,false,true
州,州,1,single_char,base,,zhou,zhou1,common-standard-level-1+pinyin-data,docs/pinyin-v2/import/single_char_dictionary.tsv,FROZEN_DESIGN_DATA_MISSING restore general-purpose single-char base lexicon,false,true
汗,汗,1,single_char,base,,han,han4,common-standard-level-1+pinyin-data,docs/pinyin-v2/import/single_char_dictionary.tsv,FROZEN_DESIGN_DATA_MISSING restore general-purpose single-char base lexicon,false,true
污,污,1,single_char,base,,wu,wu1,common-standard-level-1+pinyin-data,docs/pinyin-v2/import/single_char_dictionary.tsv,FROZEN_DESIGN_DATA_MISSING restore general-purpose single-char base lexicon,false,true
江,江,1,single_char,base,,jiang,jiang1,common-standard-level-1+pinyin-data,docs/pinyin-v2/import/single_char_dictionary.tsv,FROZEN_DESIGN_DATA_MISSING restore general-purpose single-char base lexicon,true,true
汛,汛,1,single_char,base,,xun,xun4,common-standard-level-1+pinyin-data,docs/pinyin-v2/import/single_char_dictionary.tsv,FROZEN_DESIGN_DATA_MISSING restore general-purpose single-char base lexicon,false,true
池,池,1,single_char,base,,chi,chi2,common-standard-level-1+pinyin-data,docs/pinyin-v2/import/single_char_dictionary.tsv,FROZEN_DESIGN_DATA_MISSING restore general-purpose single-char base lexicon,false,true
汝,汝,1,single_char,base,,ru,ru3,common-standard-level-1+pinyin-data,docs/pinyin-v2/import/single_char_dictionary.tsv,FROZEN_DESIGN_DATA_MISSING restore general-purpose single-char base lexicon,false,true
汤,汤,1,single_char,base,,tang,tang1,common-standard-level-1+pinyin-data,docs/pinyin-v2/import/single_char_dictionary.tsv,FROZEN_DESIGN_DATA_MISSING restore general-purpose single-char base lexicon,false,true
忙,忙,1,single_char,base,,mang,mang2,common-standard-level-1+pinyin-data,docs/pinyin-v2/import/single_char_dictionary.tsv,FROZEN_DESIGN_DATA_MISSING restore general-purpose single-char base lexicon,false,true
兴,兴,1,single_char,base,,xing,xing1,common-standard-level-1+pinyin-data,docs/pinyin-v2/import/single_char_dictionary.tsv,FROZEN_DESIGN_DATA_MISSING restore general-purpose single-char base lexicon,false,true
宇,宇,1,single_char,base,,yu,yu3,common-standard-level-1+pinyin-data,docs/pinyin-v2/import/single_char_dictionary.tsv,FROZEN_DESIGN_DATA_MISSING restore general-purpose single-char base lexicon,false,true
守,守,1,single_char,base,,shou,shou3,common-standard-level-1+pinyin-data,docs/pinyin-v2/import/single_char_dictionary.tsv,FROZEN_DESIGN_DATA_MISSING restore general-purpose single-char base lexicon,false,true
宅,宅,1,single_char,base,,zhai,zhai2,common-standard-level-1+pinyin-data,docs/pinyin-v2/import/single_char_dictionary.tsv,FROZEN_DESIGN_DATA_MISSING restore general-purpose single-char base lexicon,false,true
字,字,1,single_char,base,,zi,zi4,common-standard-level-1+pinyin-data,docs/pinyin-v2/import/single_char_dictionary.tsv,FROZEN_DESIGN_DATA_MISSING restore general-purpose single-char base lexicon,false,true
安,安,1,single_char,base,,an,an1,common-standard-level-1+pinyin-data,docs/pinyin-v2/import/single_char_dictionary.tsv,FROZEN_DESIGN_DATA_MISSING restore general-purpose single-char base lexicon,false,true
讲,讲,1,single_char,base,,jiang,jiang3,common-standard-level-1+pinyin-data,docs/pinyin-v2/import/single_char_dictionary.tsv,FROZEN_DESIGN_DATA_MISSING restore general-purpose single-char base lexicon,false,true
讳,讳,1,single_char,base,,hui,hui4,common-standard-level-1+pinyin-data,docs/pinyin-v2/import/single_char_dictionary.tsv,FROZEN_DESIGN_DATA_MISSING restore general-purpose single-char base lexicon,false,true
军,军,1,single_char,base,,jun,jun1,common-standard-level-1+pinyin-data,docs/pinyin-v2/import/single_char_dictionary.tsv,FROZEN_DESIGN_DATA_MISSING restore general-purpose single-char base lexicon,false,true
讶,讶,1,single_char,base,,ya,ya4,common-standard-level-1+pinyin-data,docs/pinyin-v2/import/single_char_dictionary.tsv,FROZEN_DESIGN_DATA_MISSING restore general-purpose single-char base lexicon,false,true
许,许,1,single_char,base,,xu,xu3,common-standard-level-1+pinyin-data,docs/pinyin-v2/import/single_char_dictionary.tsv,FROZEN_DESIGN_DATA_MISSING restore general-purpose single-char base lexicon,false,true
讹,讹,1,single_char,base,,e,e2,common-standard-level-1+pinyin-data,docs/pinyin-v2/import/single_char_dictionary.tsv,FROZEN_DESIGN_DATA_MISSING restore general-purpose single-char base lexicon,false,true
论,论,1,single_char,base,,lun,lun4,common-standard-level-1+pinyin-data,docs/pinyin-v2/import/single_char_dictionary.tsv,FROZEN_DESIGN_DATA_MISSING restore general-purpose single-char base lexicon,false,true
讼,讼,1,single_char,base,,song,song4,common-standard-level-1+pinyin-data,docs/pinyin-v2/import/single_char_dictionary.tsv,FROZEN_DESIGN_DATA_MISSING restore general-purpose single-char base lexicon,false,true
农,农,1,single_char,base,,nong,nong2,common-standard-level-1+pinyin-data,docs/pinyin-v2/import/single_char_dictionary.tsv,FROZEN_DESIGN_DATA_MISSING restore general-purpose single-char base lexicon,false,true
讽,讽,1,single_char,base,,feng,feng3,common-standard-level-1+pinyin-data,docs/pinyin-v2/import/single_char_dictionary.tsv,FROZEN_DESIGN_DATA_MISSING restore general-purpose single-char base lexicon,false,true
设,设,1,single_char,base,,she,she4,common-standard-level-1+pinyin-data,docs/pinyin-v2/import/single_char_dictionary.tsv,FROZEN_DESIGN_DATA_MISSING restore general-purpose single-char base lexicon,false,true
访,访,1,single_char,base,,fang,fang3,common-standard-level-1+pinyin-data,docs/pinyin-v2/import/single_char_dictionary.tsv,FROZEN_DESIGN_DATA_MISSING restore general-purpose single-char base lexicon,false,true
诀,诀,1,single_char,base,,jue,jue2,common-standard-level-1+pinyin-data,docs/pinyin-v2/import/single_char_dictionary.tsv,FROZEN_DESIGN_DATA_MISSING restore general-purpose single-char base lexicon,false,true
寻,寻,1,single_char,base,,xun,xun2,common-standard-level-1+pinyin-data,docs/pinyin-v2/import/single_char_dictionary.tsv,FROZEN_DESIGN_DATA_MISSING restore general-purpose single-char base lexicon,false,true
那,那,1,single_char,base,,na,na4,common-standard-level-1+pinyin-data,docs/pinyin-v2/import/single_char_dictionary.tsv,FROZEN_DESIGN_DATA_MISSING restore general-purpose single-char base lexicon,false,true
迅,迅,1,single_char,base,,xun,xun4,common-standard-level-1+pinyin-data,docs/pinyin-v2/import/single_char_dictionary.tsv,FROZEN_DESIGN_DATA_MISSING restore general-purpose single-char base lexicon,false,true
尽,尽,1,single_char,base,,jin,jin3,common-standard-level-1+pinyin-data,docs/pinyin-v2/import/single_char_dictionary.tsv,FROZEN_DESIGN_DATA_MISSING restore general-purpose single-char base lexicon,false,true
导,导,1,single_char,base,,dao,dao3,common-standard-level-1+pinyin-data,docs/pinyin-v2/import/single_char_dictionary.tsv,FROZEN_DESIGN_DATA_MISSING restore general-purpose single-char base lexicon,false,true
异,异,1,single_char,base,,yi,yi4,common-standard-level-1+pinyin-data,docs/pinyin-v2/import/single_char_dictionary.tsv,FROZEN_DESIGN_DATA_MISSING restore general-purpose single-char base lexicon,false,true
弛,弛,1,single_char,base,,chi,chi2,common-standard-level-1+pinyin-data,docs/pinyin-v2/import/single_char_dictionary.tsv,FROZEN_DESIGN_DATA_MISSING restore general-purpose single-char base lexicon,false,true
孙,孙,1,single_char,base,,sun,sun1,common-standard-level-1+pinyin-data,docs/pinyin-v2/import/single_char_dictionary.tsv,FROZEN_DESIGN_DATA_MISSING restore general-purpose single-char base lexicon,false,true
阵,阵,1,single_char,base,,zhen,zhen4,common-standard-level-1+pinyin-data,docs/pinyin-v2/import/single_char_dictionary.tsv,FROZEN_DESIGN_DATA_MISSING restore general-purpose single-char base lexicon,false,true
阳,阳,1,single_char,base,,yang,yang2,common-standard-level-1+pinyin-data,docs/pinyin-v2/import/single_char_dictionary.tsv,FROZEN_DESIGN_DATA_MISSING restore general-purpose single-char base lexicon,false,true
收,收,1,single_char,base,,shou,shou1,common-standard-level-1+pinyin-data,docs/pinyin-v2/import/single_char_dictionary.tsv,FROZEN_DESIGN_DATA_MISSING restore general-purpose single-char base lexicon,false,true
阶,阶,1,single_char,base,,jie,jie1,common-standard-level-1+pinyin-data,docs/pinyin-v2/import/single_char_dictionary.tsv,FROZEN_DESIGN_DATA_MISSING restore general-purpose single-char base lexicon,false,true
阴,阴,1,single_char,base,,yin,yin1,common-standard-level-1+pinyin-data,docs/pinyin-v2/import/single_char_dictionary.tsv,FROZEN_DESIGN_DATA_MISSING restore general-purpose single-char base lexicon,false,true
防,防,1,single_char,base,,fang,fang2,common-standard-level-1+pinyin-data,docs/pinyin-v2/import/single_char_dictionary.tsv,FROZEN_DESIGN_DATA_MISSING restore general-purpose single-char base lexicon,false,true
奸,奸,1,single_char,base,,jian,jian1,common-standard-level-1+pinyin-data,docs/pinyin-v2/import/single_char_dictionary.tsv,FROZEN_DESIGN_DATA_MISSING restore general-purpose single-char base lexicon,false,true
如,如,1,single_char,base,,ru,ru2,common-standard-level-1+pinyin-data,docs/pinyin-v2/import/single_char_dictionary.tsv,FROZEN_DESIGN_DATA_MISSING restore general-purpose single-char base lexicon,false,true
妇,妇,1,single_char,base,,fu,fu4,common-standard-level-1+pinyin-data,docs/pinyin-v2/import/single_char_dictionary.tsv,FROZEN_DESIGN_DATA_MISSING restore general-purpose single-char base lexicon,false,true
妃,妃,1,single_char,base,,fei,fei1,common-standard-level-1+pinyin-data,docs/pinyin-v2/import/single_char_dictionary.tsv,FROZEN_DESIGN_DATA_MISSING restore general-purpose single-char base lexicon,false,true
好,好,1,single_char,base,,hao,hao3,common-standard-level-1+pinyin-data,docs/pinyin-v2/import/single_char_dictionary.tsv,FROZEN_DESIGN_DATA_MISSING restore general-purpose single-char base lexicon,false,true
她,她,1,single_char,base,,ta,ta1,common-standard-level-1+pinyin-data,docs/pinyin-v2/import/single_char_dictionary.tsv,FROZEN_DESIGN_DATA_MISSING restore general-purpose single-char base lexicon,false,true
妈,妈,1,single_char,base,,ma,ma1,common-standard-level-1+pinyin-data,docs/pinyin-v2/import/single_char_dictionary.tsv,FROZEN_DESIGN_DATA_MISSING restore general-purpose single-char base lexicon,false,true
戏,戏,1,single_char,base,,xi,xi4,common-standard-level-1+pinyin-data,docs/pinyin-v2/import/single_char_dictionary.tsv,FROZEN_DESIGN_DATA_MISSING restore general-purpose single-char base lexicon,false,true
羽,羽,1,single_char,base,,yu,yu3,common-standard-level-1+pinyin-data,docs/pinyin-v2/import/single_char_dictionary.tsv,FROZEN_DESIGN_DATA_MISSING restore general-purpose single-char base lexicon,false,true
观,观,1,single_char,base,,guan,guan1,common-standard-level-1+pinyin-data,docs/pinyin-v2/import/single_char_dictionary.tsv,FROZEN_DESIGN_DATA_MISSING restore general-purpose single-char base lexicon,false,true
欢,欢,1,single_char,base,,huan,huan1,common-standard-level-1+pinyin-data,docs/pinyin-v2/import/single_char_dictionary.tsv,FROZEN_DESIGN_DATA_MISSING restore general-purpose single-char base lexicon,false,true
买,买,1,single_char,base,,mai,mai3,common-standard-level-1+pinyin-data,docs/pinyin-v2/import/single_char_dictionary.tsv,FROZEN_DESIGN_DATA_MISSING restore general-purpose single-char base lexicon,false,true
红,红,1,single_char,base,,hong,hong2,common-standard-level-1+pinyin-data,docs/pinyin-v2/import/single_char_dictionary.tsv,FROZEN_DESIGN_DATA_MISSING restore general-purpose single-char base lexicon,false,true
驮,驮,1,single_char,base,,tuo,tuo2,common-standard-level-1+pinyin-data,docs/pinyin-v2/import/single_char_dictionary.tsv,FROZEN_DESIGN_DATA_MISSING restore general-purpose single-char base lexicon,false,true
纤,纤,1,single_char,base,,xian,xian1,common-standard-level-1+pinyin-data,docs/pinyin-v2/import/single_char_dictionary.tsv,FROZEN_DESIGN_DATA_MISSING restore general-purpose single-char base lexicon,false,true
驯,驯,1,single_char,base,,xun,xun4,common-standard-level-1+pinyin-data,docs/pinyin-v2/import/single_char_dictionary.tsv,FROZEN_DESIGN_DATA_MISSING restore general-purpose single-char base lexicon,false,true
约,约,1,single_char,base,,yue,yue1,common-standard-level-1+pinyin-data,docs/pinyin-v2/import/single_char_dictionary.tsv,FROZEN_DESIGN_DATA_MISSING restore general-purpose single-char base lexicon,false,true
级,级,1,single_char,base,,ji,ji2,common-standard-level-1+pinyin-data,docs/pinyin-v2/import/single_char_dictionary.tsv,FROZEN_DESIGN_DATA_MISSING restore general-purpose single-char base lexicon,true,true
纪,纪,1,single_char,base,,ji,ji4,common-standard-level-1+pinyin-data,docs/pinyin-v2/import/single_char_dictionary.tsv,FROZEN_DESIGN_DATA_MISSING restore general-purpose single-char base lexicon,false,true
驰,驰,1,single_char,base,,chi,chi2,common-standard-level-1+pinyin-data,docs/pinyin-v2/import/single_char_dictionary.tsv,FROZEN_DESIGN_DATA_MISSING restore general-purpose single-char base lexicon,false,true
纫,纫,1,single_char,base,,ren,ren4,common-standard-level-1+pinyin-data,docs/pinyin-v2/import/single_char_dictionary.tsv,FROZEN_DESIGN_DATA_MISSING restore general-purpose single-char base lexicon,false,true
巡,巡,1,single_char,base,,xun,xun2,common-standard-level-1+pinyin-data,docs/pinyin-v2/import/single_char_dictionary.tsv,FROZEN_DESIGN_DATA_MISSING restore general-purpose single-char base lexicon,false,true
寿,寿,1,single_char,base,,shou,shou4,common-standard-level-1+pinyin-data,docs/pinyin-v2/import/single_char_dictionary.tsv,FROZEN_DESIGN_DATA_MISSING restore general-purpose single-char base lexicon,false,true
弄,弄,1,single_char,base,,nong,nong4,common-standard-level-1+pinyin-data,docs/pinyin-v2/import/single_char_dictionary.tsv,FROZEN_DESIGN_DATA_MISSING restore general-purpose single-char base lexicon,false,true
麦,麦,1,single_char,base,,mai,mai4,common-standard-level-1+pinyin-data,docs/pinyin-v2/import/single_char_dictionary.tsv,FROZEN_DESIGN_DATA_MISSING restore general-purpose single-char base lexicon,false,true
玖,玖,1,single_char,base,,jiu,jiu3,common-standard-level-1+pinyin-data,docs/pinyin-v2/import/single_char_dictionary.tsv,FROZEN_DESIGN_DATA_MISSING restore general-purpose single-char base lexicon,false,true
玛,玛,1,single_char,base,,ma,ma3,common-standard-level-1+pinyin-data,docs/pinyin-v2/import/single_char_dictionary.tsv,FROZEN_DESIGN_DATA_MISSING restore general-purpose single-char base lexicon,false,true
形,形,1,single_char,base,,xing,xing2,common-standard-level-1+pinyin-data,docs/pinyin-v2/import/single_char_dictionary.tsv,FROZEN_DESIGN_DATA_MISSING restore general-purpose single-char base lexicon,false,true
进,进,1,single_char,base,,jin,jin4,common-standard-level-1+pinyin-data,docs/pinyin-v2/import/single_char_dictionary.tsv,FROZEN_DESIGN_DATA_MISSING restore general-purpose single-char base lexicon,false,true
戒,戒,1,single_char,base,,jie,jie4,common-standard-level-1+pinyin-data,docs/pinyin-v2/import/single_char_dictionary.tsv,FROZEN_DESIGN_DATA_MISSING restore general-purpose single-char base lexicon,false,true
吞,吞,1,single_char,base,,tun,tun1,common-standard-level-1+pinyin-data,docs/pinyin-v2/import/single_char_dictionary.tsv,FROZEN_DESIGN_DATA_MISSING restore general-purpose single-char base lexicon,false,true
远,远,1,single_char,base,,yuan,yuan3,common-standard-level-1+pinyin-data,docs/pinyin-v2/import/single_char_dictionary.tsv,FROZEN_DESIGN_DATA_MISSING restore general-purpose single-char base lexicon,false,true
违,违,1,single_char,base,,wei,wei2,common-standard-level-1+pinyin-data,docs/pinyin-v2/import/single_char_dictionary.tsv,FROZEN_DESIGN_DATA_MISSING restore general-purpose single-char base lexicon,false,true
韧,韧,1,single_char,base,,ren,ren4,common-standard-level-1+pinyin-data,docs/pinyin-v2/import/single_char_dictionary.tsv,FROZEN_DESIGN_DATA_MISSING restore general-purpose single-char base lexicon,false,true
运,运,1,single_char,base,,yun,yun4,common-standard-level-1+pinyin-data,docs/pinyin-v2/import/single_char_dictionary.tsv,FROZEN_DESIGN_DATA_MISSING restore general-purpose single-char base lexicon,false,true
扶,扶,1,single_char,base,,fu,fu2,common-standard-level-1+pinyin-data,docs/pinyin-v2/import/single_char_dictionary.tsv,FROZEN_DESIGN_DATA_MISSING restore general-purpose single-char base lexicon,false,true
抚,抚,1,single_char,base,,fu,fu3,common-standard-level-1+pinyin-data,docs/pinyin-v2/import/single_char_dictionary.tsv,FROZEN_DESIGN_DATA_MISSING restore general-purpose single-char base lexicon,false,true
坛,坛,1,single_char,base,,tan,tan2,common-standard-level-1+pinyin-data,docs/pinyin-v2/import/single_char_dictionary.tsv,FROZEN_DESIGN_DATA_MISSING restore general-purpose single-char base lexicon,false,true
技,技,1,single_char,base,,ji,ji4,common-standard-level-1+pinyin-data,docs/pinyin-v2/import/single_char_dictionary.tsv,FROZEN_DESIGN_DATA_MISSING restore general-purpose single-char base lexicon,false,true
坏,坏,1,single_char,base,,huai,huai4,common-standard-level-1+pinyin-data,docs/pinyin-v2/import/single_char_dictionary.tsv,FROZEN_DESIGN_DATA_MISSING restore general-purpose single-char base lexicon,false,true
抠,抠,1,single_char,base,,kou,kou1,common-standard-level-1+pinyin-data,docs/pinyin-v2/import/single_char_dictionary.tsv,FROZEN_DESIGN_DATA_MISSING restore general-purpose single-char base lexicon,false,true
扰,扰,1,single_char,base,,rao,rao3,common-standard-level-1+pinyin-data,docs/pinyin-v2/import/single_char_dictionary.tsv,FROZEN_DESIGN_DATA_MISSING restore general-purpose single-char base lexicon,false,true
扼,扼,1,single_char,base,,e,e4,common-standard-level-1+pinyin-data,docs/pinyin-v2/import/single_char_dictionary.tsv,FROZEN_DESIGN_DATA_MISSING restore general-purpose single-char base lexicon,false,true
拒,拒,1,single_char,base,,ju,ju4,common-standard-level-1+pinyin-data,docs/pinyin-v2/import/single_char_dictionary.tsv,FROZEN_DESIGN_DATA_MISSING restore general-purpose single-char base lexicon,false,true
找,找,1,single_char,base,,zhao,zhao3,common-standard-level-1+pinyin-data,docs/pinyin-v2/import/single_char_dictionary.tsv,FROZEN_DESIGN_DATA_MISSING restore general-purpose single-char base lexicon,false,true
批,批,1,single_char,base,,pi,pi1,common-standard-level-1+pinyin-data,docs/pinyin-v2/import/single_char_dictionary.tsv,FROZEN_DESIGN_DATA_MISSING restore general-purpose single-char base lexicon,false,true
址,址,1,single_char,base,,zhi,zhi3,common-standard-level-1+pinyin-data,docs/pinyin-v2/import/single_char_dictionary.tsv,FROZEN_DESIGN_DATA_MISSING restore general-purpose single-char base lexicon,false,true
扯,扯,1,single_char,base,,che,che3,common-standard-level-1+pinyin-data,docs/pinyin-v2/import/single_char_dictionary.tsv,FROZEN_DESIGN_DATA_MISSING restore general-purpose single-char base lexicon,false,true
走,走,1,single_char,base,,zou,zou3,common-standard-level-1+pinyin-data,docs/pinyin-v2/import/single_char_dictionary.tsv,FROZEN_DESIGN_DATA_MISSING restore general-purpose single-char base lexicon,false,true
抄,抄,1,single_char,base,,chao,chao1,common-standard-level-1+pinyin-data,docs/pinyin-v2/import/single_char_dictionary.tsv,FROZEN_DESIGN_DATA_MISSING restore general-purpose single-char base lexicon,false,true
贡,贡,1,single_char,base,,gong,gong4,common-standard-level-1+pinyin-data,docs/pinyin-v2/import/single_char_dictionary.tsv,FROZEN_DESIGN_DATA_MISSING restore general-purpose single-char base lexicon,false,true
汞,汞,1,single_char,base,,gong,gong3,common-standard-level-1+pinyin-data,docs/pinyin-v2/import/single_char_dictionary.tsv,FROZEN_DESIGN_DATA_MISSING restore general-purpose single-char base lexicon,false,true
坝,坝,1,single_char,base,,ba,ba4,common-standard-level-1+pinyin-data,docs/pinyin-v2/import/single_char_dictionary.tsv,FROZEN_DESIGN_DATA_MISSING restore general-purpose single-char base lexicon,false,true
攻,攻,1,single_char,base,,gong,gong1,common-standard-level-1+pinyin-data,docs/pinyin-v2/import/single_char_dictionary.tsv,FROZEN_DESIGN_DATA_MISSING restore general-purpose single-char base lexicon,false,true
赤,赤,1,single_char,base,,chi,chi4,common-standard-level-1+pinyin-data,docs/pinyin-v2/import/single_char_dictionary.tsv,FROZEN_DESIGN_DATA_MISSING restore general-purpose single-char base lexicon,false,true
折,折,1,single_char,base,,zhe,zhe2,common-standard-level-1+pinyin-data,docs/pinyin-v2/import/single_char_dictionary.tsv,FROZEN_DESIGN_DATA_MISSING restore general-purpose single-char base lexicon,false,true
抓,抓,1,single_char,base,,zhua,zhua1,common-standard-level-1+pinyin-data,docs/pinyin-v2/import/single_char_dictionary.tsv,FROZEN_DESIGN_DATA_MISSING restore general-purpose single-char base lexicon,false,true
扳,扳,1,single_char,base,,ban,ban1,common-standard-level-1+pinyin-data,docs/pinyin-v2/import/single_char_dictionary.tsv,FROZEN_DESIGN_DATA_MISSING restore general-purpose single-char base lexicon,false,true
抡,抡,1,single_char,base,,lun,lun1,common-standard-level-1+pinyin-data,docs/pinyin-v2/import/single_char_dictionary.tsv,FROZEN_DESIGN_DATA_MISSING restore general-purpose single-char base lexicon,false,true
扮,扮,1,single_char,base,,ban,ban4,common-standard-level-1+pinyin-data,docs/pinyin-v2/import/single_char_dictionary.tsv,FROZEN_DESIGN_DATA_MISSING restore general-purpose single-char base lexicon,false,true
抢,抢,1,single_char,base,,qiang,qiang3,common-standard-level-1+pinyin-data,docs/pinyin-v2/import/single_char_dictionary.tsv,FROZEN_DESIGN_DATA_MISSING restore general-purpose single-char base lexicon,false,true
孝,孝,1,single_char,base,,xiao,xiao4,common-standard-level-1+pinyin-data,docs/pinyin-v2/import/single_char_dictionary.tsv,FROZEN_DESIGN_DATA_MISSING restore general-purpose single-char base lexicon,false,true
坎,坎,1,single_char,base,,kan,kan3,common-standard-level-1+pinyin-data,docs/pinyin-v2/import/single_char_dictionary.tsv,FROZEN_DESIGN_DATA_MISSING restore general-purpose single-char base lexicon,false,true
均,均,1,single_char,base,,jun,jun1,common-standard-level-1+pinyin-data,docs/pinyin-v2/import/single_char_dictionary.tsv,FROZEN_DESIGN_DATA_MISSING restore general-purpose single-char base lexicon,false,true
抑,抑,1,single_char,base,,yi,yi4,common-standard-level-1+pinyin-data,docs/pinyin-v2/import/single_char_dictionary.tsv,FROZEN_DESIGN_DATA_MISSING restore general-purpose single-char base lexicon,false,true
抛,抛,1,single_char,base,,pao,pao1,common-standard-level-1+pinyin-data,docs/pinyin-v2/import/single_char_dictionary.tsv,FROZEN_DESIGN_DATA_MISSING restore general-purpose single-char base lexicon,false,true
投,投,1,single_char,base,,tou,tou2,common-standard-level-1+pinyin-data,docs/pinyin-v2/import/single_char_dictionary.tsv,FROZEN_DESIGN_DATA_MISSING restore general-purpose single-char base lexicon,false,true
坟,坟,1,single_char,base,,fen,fen2,common-standard-level-1+pinyin-data,docs/pinyin-v2/import/single_char_dictionary.tsv,FROZEN_DESIGN_DATA_MISSING restore general-purpose single-char base lexicon,false,true
坑,坑,1,single_char,base,,keng,keng1,common-standard-level-1+pinyin-data,docs/pinyin-v2/import/single_char_dictionary.tsv,FROZEN_DESIGN_DATA_MISSING restore general-purpose single-char base lexicon,false,true
抗,抗,1,single_char,base,,kang,kang4,common-standard-level-1+pinyin-data,docs/pinyin-v2/import/single_char_dictionary.tsv,FROZEN_DESIGN_DATA_MISSING restore general-purpose single-char base lexicon,false,true
坊,坊,1,single_char,base,,fang,fang1,common-standard-level-1+pinyin-data,docs/pinyin-v2/import/single_char_dictionary.tsv,FROZEN_DESIGN_DATA_MISSING restore general-purpose single-char base lexicon,false,true
抖,抖,1,single_char,base,,dou,dou3,common-standard-level-1+pinyin-data,docs/pinyin-v2/import/single_char_dictionary.tsv,FROZEN_DESIGN_DATA_MISSING restore general-purpose single-char base lexicon,false,true
护,护,1,single_char,base,,hu,hu4,common-standard-level-1+pinyin-data,docs/pinyin-v2/import/single_char_dictionary.tsv,FROZEN_DESIGN_DATA_MISSING restore general-purpose single-char base lexicon,false,true
壳,壳,1,single_char,base,,ke,ke2,common-standard-level-1+pinyin-data,docs/pinyin-v2/import/single_char_dictionary.tsv,FROZEN_DESIGN_DATA_MISSING restore general-purpose single-char base lexicon,false,true
志,志,1,single_char,base,,zhi,zhi4,common-standard-level-1+pinyin-data,docs/pinyin-v2/import/single_char_dictionary.tsv,FROZEN_DESIGN_DATA_MISSING restore general-purpose single-char base lexicon,false,true
块,块,1,single_char,base,,kuai,kuai4,common-standard-level-1+pinyin-data,docs/pinyin-v2/import/single_char_dictionary.tsv,FROZEN_DESIGN_DATA_MISSING restore general-purpose single-char base lexicon,true,true
扭,扭,1,single_char,base,,niu,niu3,common-standard-level-1+pinyin-data,docs/pinyin-v2/import/single_char_dictionary.tsv,FROZEN_DESIGN_DATA_MISSING restore general-purpose single-char base lexicon,false,true
声,声,1,single_char,base,,sheng,sheng1,common-standard-level-1+pinyin-data,docs/pinyin-v2/import/single_char_dictionary.tsv,FROZEN_DESIGN_DATA_MISSING restore general-purpose single-char base lexicon,false,true
把,把,1,single_char,base,,ba,ba3,common-standard-level-1+pinyin-data,docs/pinyin-v2/import/single_char_dictionary.tsv,FROZEN_DESIGN_DATA_MISSING restore general-purpose single-char base lexicon,false,true
报,报,1,single_char,base,,bao,bao4,common-standard-level-1+pinyin-data,docs/pinyin-v2/import/single_char_dictionary.tsv,FROZEN_DESIGN_DATA_MISSING restore general-purpose single-char base lexicon,true,true
拟,拟,1,single_char,base,,ni,ni3,common-standard-level-1+pinyin-data,docs/pinyin-v2/import/single_char_dictionary.tsv,FROZEN_DESIGN_DATA_MISSING restore general-purpose single-char base lexicon,false,true
却,却,1,single_char,base,,que,que4,common-standard-level-1+pinyin-data,docs/pinyin-v2/import/single_char_dictionary.tsv,FROZEN_DESIGN_DATA_MISSING restore general-purpose single-char base lexicon,false,true
抒,抒,1,single_char,base,,shu,shu1,common-standard-level-1+pinyin-data,docs/pinyin-v2/import/single_char_dictionary.tsv,FROZEN_DESIGN_DATA_MISSING restore general-purpose single-char base lexicon,false,true
劫,劫,1,single_char,base,,jie,jie2,common-standard-level-1+pinyin-data,docs/pinyin-v2/import/single_char_dictionary.tsv,FROZEN_DESIGN_DATA_MISSING restore general-purpose single-char base lexicon,false,true
芙,芙,1,single_char,base,,fu,fu2,common-standard-level-1+pinyin-data,docs/pinyin-v2/import/single_char_dictionary.tsv,FROZEN_DESIGN_DATA_MISSING restore general-purpose single-char base lexicon,false,true
芜,芜,1,single_char,base,,wu,wu2,common-standard-level-1+pinyin-data,docs/pinyin-v2/import/single_char_dictionary.tsv,FROZEN_DESIGN_DATA_MISSING restore general-purpose single-char base lexicon,false,true
苇,苇,1,single_char,base,,wei,wei3,common-standard-level-1+pinyin-data,docs/pinyin-v2/import/single_char_dictionary.tsv,FROZEN_DESIGN_DATA_MISSING restore general-purpose single-char base lexicon,false,true
芽,芽,1,single_char,base,,ya,ya2,common-standard-level-1+pinyin-data,docs/pinyin-v2/import/single_char_dictionary.tsv,FROZEN_DESIGN_DATA_MISSING restore general-purpose single-char base lexicon,false,true
花,花,1,single_char,base,,hua,hua1,common-standard-level-1+pinyin-data,docs/pinyin-v2/import/single_char_dictionary.tsv,FROZEN_DESIGN_DATA_MISSING restore general-purpose single-char base lexicon,true,true
芹,芹,1,single_char,base,,qin,qin2,common-standard-level-1+pinyin-data,docs/pinyin-v2/import/single_char_dictionary.tsv,FROZEN_DESIGN_DATA_MISSING restore general-purpose single-char base lexicon,false,true
芥,芥,1,single_char,base,,jie,jie4,common-standard-level-1+pinyin-data,docs/pinyin-v2/import/single_char_dictionary.tsv,FROZEN_DESIGN_DATA_MISSING restore general-purpose single-char base lexicon,false,true
芬,芬,1,single_char,base,,fen,fen1,common-standard-level-1+pinyin-data,docs/pinyin-v2/import/single_char_dictionary.tsv,FROZEN_DESIGN_DATA_MISSING restore general-purpose single-char base lexicon,true,true
苍,苍,1,single_char,base,,cang,cang1,common-standard-level-1+pinyin-data,docs/pinyin-v2/import/single_char_dictionary.tsv,FROZEN_DESIGN_DATA_MISSING restore general-purpose single-char base lexicon,false,true
芳,芳,1,single_char,base,,fang,fang1,common-standard-level-1+pinyin-data,docs/pinyin-v2/import/single_char_dictionary.tsv,FROZEN_DESIGN_DATA_MISSING restore general-purpose single-char base lexicon,false,true
严,严,1,single_char,base,,yan,yan2,common-standard-level-1+pinyin-data,docs/pinyin-v2/import/single_char_dictionary.tsv,FROZEN_DESIGN_DATA_MISSING restore general-purpose single-char base lexicon,false,true
芦,芦,1,single_char,base,,lu,lu2,common-standard-level-1+pinyin-data,docs/pinyin-v2/import/single_char_dictionary.tsv,FROZEN_DESIGN_DATA_MISSING restore general-purpose single-char base lexicon,false,true
芯,芯,1,single_char,base,,xin,xin1,common-standard-level-1+pinyin-data,docs/pinyin-v2/import/single_char_dictionary.tsv,FROZEN_DESIGN_DATA_MISSING restore general-purpose single-char base lexicon,false,true
劳,劳,1,single_char,base,,lao,lao2,common-standard-level-1+pinyin-data,docs/pinyin-v2/import/single_char_dictionary.tsv,FROZEN_DESIGN_DATA_MISSING restore general-purpose single-char base lexicon,false,true
克,克,1,single_char,base,,ke,ke4,common-standard-level-1+pinyin-data,docs/pinyin-v2/import/single_char_dictionary.tsv,FROZEN_DESIGN_DATA_MISSING restore general-purpose single-char base lexicon,false,true
芭,芭,1,single_char,base,,ba,ba1,common-standard-level-1+pinyin-data,docs/pinyin-v2/import/single_char_dictionary.tsv,FROZEN_DESIGN_DATA_MISSING restore general-purpose single-char base lexicon,false,true
苏,苏,1,single_char,base,,su,su1,common-standard-level-1+pinyin-data,docs/pinyin-v2/import/single_char_dictionary.tsv,FROZEN_DESIGN_DATA_MISSING restore general-purpose single-char base lexicon,false,true
杆,杆,1,single_char,base,,gan,gan1,common-standard-level-1+pinyin-data,docs/pinyin-v2/import/single_char_dictionary.tsv,FROZEN_DESIGN_DATA_MISSING restore general-purpose single-char base lexicon,false,true
杠,杠,1,single_char,base,,gang,gang1,common-standard-level-1+pinyin-data,docs/pinyin-v2/import/single_char_dictionary.tsv,FROZEN_DESIGN_DATA_MISSING restore general-purpose single-char base lexicon,false,true
杜,杜,1,single_char,base,,du,du4,common-standard-level-1+pinyin-data,docs/pinyin-v2/import/single_char_dictionary.tsv,FROZEN_DESIGN_DATA_MISSING restore general-purpose single-char base lexicon,false,true
材,材,1,single_char,base,,cai,cai2,common-standard-level-1+pinyin-data,docs/pinyin-v2/import/single_char_dictionary.tsv,FROZEN_DESIGN_DATA_MISSING restore general-purpose single-char base lexicon,false,true
村,村,1,single_char,base,,cun,cun1,common-standard-level-1+pinyin-data,docs/pinyin-v2/import/single_char_dictionary.tsv,FROZEN_DESIGN_DATA_MISSING restore general-purpose single-char base lexicon,false,true
杖,杖,1,single_char,base,,zhang,zhang4,common-standard-level-1+pinyin-data,docs/pinyin-v2/import/single_char_dictionary.tsv,FROZEN_DESIGN_DATA_MISSING restore general-purpose single-char base lexicon,false,true
杏,杏,1,single_char,base,,xing,xing4,common-standard-level-1+pinyin-data,docs/pinyin-v2/import/single_char_dictionary.tsv,FROZEN_DESIGN_DATA_MISSING restore general-purpose single-char base lexicon,false,true
杉,杉,1,single_char,base,,shan,shan1,common-standard-level-1+pinyin-data,docs/pinyin-v2/import/single_char_dictionary.tsv,FROZEN_DESIGN_DATA_MISSING restore general-purpose single-char base lexicon,false,true
巫,巫,1,single_char,base,,wu,wu1,common-standard-level-1+pinyin-data,docs/pinyin-v2/import/single_char_dictionary.tsv,FROZEN_DESIGN_DATA_MISSING restore general-purpose single-char base lexicon,false,true
极,极,1,single_char,base,,ji,ji2,common-standard-level-1+pinyin-data,docs/pinyin-v2/import/single_char_dictionary.tsv,FROZEN_DESIGN_DATA_MISSING restore general-purpose single-char base lexicon,false,true
李,李,1,single_char,base,,li,li3,common-standard-level-1+pinyin-data,docs/pinyin-v2/import/single_char_dictionary.tsv,FROZEN_DESIGN_DATA_MISSING restore general-purpose single-char base lexicon,true,true
杨,杨,1,single_char,base,,yang,yang2,common-standard-level-1+pinyin-data,docs/pinyin-v2/import/single_char_dictionary.tsv,FROZEN_DESIGN_DATA_MISSING restore general-purpose single-char base lexicon,false,true
求,求,1,single_char,base,,qiu,qiu2,common-standard-level-1+pinyin-data,docs/pinyin-v2/import/single_char_dictionary.tsv,FROZEN_DESIGN_DATA_MISSING restore general-purpose single-char base lexicon,false,true
甫,甫,1,single_char,base,,fu,fu3,common-standard-level-1+pinyin-data,docs/pinyin-v2/import/single_char_dictionary.tsv,FROZEN_DESIGN_DATA_MISSING restore general-purpose single-char base lexicon,false,true
匣,匣,1,single_char,base,,xia,xia2,common-standard-level-1+pinyin-data,docs/pinyin-v2/import/single_char_dictionary.tsv,FROZEN_DESIGN_DATA_MISSING restore general-purpose single-char base lexicon,false,true
更,更,1,single_char,base,,geng,geng4,common-standard-level-1+pinyin-data,docs/pinyin-v2/import/single_char_dictionary.tsv,FROZEN_DESIGN_DATA_MISSING restore general-purpose single-char base lexicon,false,true
束,束,1,single_char,base,,shu,shu4,common-standard-level-1+pinyin-data,docs/pinyin-v2/import/single_char_dictionary.tsv,FROZEN_DESIGN_DATA_MISSING restore general-purpose single-char base lexicon,false,true
吾,吾,1,single_char,base,,wu,wu2,common-standard-level-1+pinyin-data,docs/pinyin-v2/import/single_char_dictionary.tsv,FROZEN_DESIGN_DATA_MISSING restore general-purpose single-char base lexicon,false,true
豆,豆,1,single_char,base,,dou,dou4,common-standard-level-1+pinyin-data,docs/pinyin-v2/import/single_char_dictionary.tsv,FROZEN_DESIGN_DATA_MISSING restore general-purpose single-char base lexicon,false,true
两,两,1,single_char,base,,liang,liang3,common-standard-level-1+pinyin-data,docs/pinyin-v2/import/single_char_dictionary.tsv,FROZEN_DESIGN_DATA_MISSING restore general-purpose single-char base lexicon,true,true
酉,酉,1,single_char,base,,you,you3,common-standard-level-1+pinyin-data,docs/pinyin-v2/import/single_char_dictionary.tsv,FROZEN_DESIGN_DATA_MISSING restore general-purpose single-char base lexicon,false,true
丽,丽,1,single_char,base,,li,li4,common-standard-level-1+pinyin-data,docs/pinyin-v2/import/single_char_dictionary.tsv,FROZEN_DESIGN_DATA_MISSING restore general-purpose single-char base lexicon,false,true
医,医,1,single_char,base,,yi,yi1,common-standard-level-1+pinyin-data,docs/pinyin-v2/import/single_char_dictionary.tsv,FROZEN_DESIGN_DATA_MISSING restore general-purpose single-char base lexicon,false,true
辰,辰,1,single_char,base,,chen,chen2,common-standard-level-1+pinyin-data,docs/pinyin-v2/import/single_char_dictionary.tsv,FROZEN_DESIGN_DATA_MISSING restore general-purpose single-char base lexicon,false,true
励,励,1,single_char,base,,li,li4,common-standard-level-1+pinyin-data,docs/pinyin-v2/import/single_char_dictionary.tsv,FROZEN_DESIGN_DATA_MISSING restore general-purpose single-char base lexicon,false,true
否,否,1,single_char,base,,fou,fou3,common-standard-level-1+pinyin-data,docs/pinyin-v2/import/single_char_dictionary.tsv,FROZEN_DESIGN_DATA_MISSING restore general-purpose single-char base lexicon,false,true
还,还,1,single_char,base,,hai,hai2,common-standard-level-1+pinyin-data,docs/pinyin-v2/import/single_char_dictionary.tsv,FROZEN_DESIGN_DATA_MISSING restore general-purpose single-char base lexicon,false,true
尬,尬,1,single_char,base,,ga,ga4,common-standard-level-1+pinyin-data,docs/pinyin-v2/import/single_char_dictionary.tsv,FROZEN_DESIGN_DATA_MISSING restore general-purpose single-char base lexicon,false,true
歼,歼,1,single_char,base,,jian,jian1,common-standard-level-1+pinyin-data,docs/pinyin-v2/import/single_char_dictionary.tsv,FROZEN_DESIGN_DATA_MISSING restore general-purpose single-char base lexicon,false,true
来,来,1,single_char,base,,lai,lai2,common-standard-level-1+pinyin-data,docs/pinyin-v2/import/single_char_dictionary.tsv,FROZEN_DESIGN_DATA_MISSING restore general-purpose single-char base lexicon,false,true
连,连,1,single_char,base,,lian,lian2,common-standard-level-1+pinyin-data,docs/pinyin-v2/import/single_char_dictionary.tsv,FROZEN_DESIGN_DATA_MISSING restore general-purpose single-char base lexicon,false,true
轩,轩,1,single_char,base,,xuan,xuan1,common-standard-level-1+pinyin-data,docs/pinyin-v2/import/single_char_dictionary.tsv,FROZEN_DESIGN_DATA_MISSING restore general-purpose single-char base lexicon,false,true
步,步,1,single_char,base,,bu,bu4,common-standard-level-1+pinyin-data,docs/pinyin-v2/import/single_char_dictionary.tsv,FROZEN_DESIGN_DATA_MISSING restore general-purpose single-char base lexicon,false,true
卤,卤,1,single_char,base,,lu,lu3,common-standard-level-1+pinyin-data,docs/pinyin-v2/import/single_char_dictionary.tsv,FROZEN_DESIGN_DATA_MISSING restore general-purpose single-char base lexicon,false,true
坚,坚,1,single_char,base,,jian,jian1,common-standard-level-1+pinyin-data,docs/pinyin-v2/import/single_char_dictionary.tsv,FROZEN_DESIGN_DATA_MISSING restore general-purpose single-char base lexicon,false,true
肖,肖,1,single_char,base,,xiao,xiao4,common-standard-level-1+pinyin-data,docs/pinyin-v2/import/single_char_dictionary.tsv,FROZEN_DESIGN_DATA_MISSING restore general-purpose single-char base lexicon,false,true
旱,旱,1,single_char,base,,han,han4,common-standard-level-1+pinyin-data,docs/pinyin-v2/import/single_char_dictionary.tsv,FROZEN_DESIGN_DATA_MISSING restore general-purpose single-char base lexicon,false,true
盯,盯,1,single_char,base,,ding,ding1,common-standard-level-1+pinyin-data,docs/pinyin-v2/import/single_char_dictionary.tsv,FROZEN_DESIGN_DATA_MISSING restore general-purpose single-char base lexicon,false,true
呈,呈,1,single_char,base,,cheng,cheng2,common-standard-level-1+pinyin-data,docs/pinyin-v2/import/single_char_dictionary.tsv,FROZEN_DESIGN_DATA_MISSING restore general-purpose single-char base lexicon,false,true
时,时,1,single_char,base,,shi,shi2,common-standard-level-1+pinyin-data,docs/pinyin-v2/import/single_char_dictionary.tsv,FROZEN_DESIGN_DATA_MISSING restore general-purpose single-char base lexicon,false,true
吴,吴,1,single_char,base,,wu,wu2,common-standard-level-1+pinyin-data,docs/pinyin-v2/import/single_char_dictionary.tsv,FROZEN_DESIGN_DATA_MISSING restore general-purpose single-char base lexicon,false,true
助,助,1,single_char,base,,zhu,zhu4,common-standard-level-1+pinyin-data,docs/pinyin-v2/import/single_char_dictionary.tsv,FROZEN_DESIGN_DATA_MISSING restore general-purpose single-char base lexicon,false,true
县,县,1,single_char,base,,xian,xian4,common-standard-level-1+pinyin-data,docs/pinyin-v2/import/single_char_dictionary.tsv,FROZEN_DESIGN_DATA_MISSING restore general-purpose single-char base lexicon,false,true
里,里,1,single_char,base,,li,li3,common-standard-level-1+pinyin-data,docs/pinyin-v2/import/single_char_dictionary.tsv,FROZEN_DESIGN_DATA_MISSING restore general-purpose single-char base lexicon,false,true
呆,呆,1,single_char,base,,dai,dai1,common-standard-level-1+pinyin-data,docs/pinyin-v2/import/single_char_dictionary.tsv,FROZEN_DESIGN_DATA_MISSING restore general-purpose single-char base lexicon,false,true
吱,吱,1,single_char,base,,zhi,zhi1,common-standard-level-1+pinyin-data,docs/pinyin-v2/import/single_char_dictionary.tsv,FROZEN_DESIGN_DATA_MISSING restore general-purpose single-char base lexicon,false,true
吠,吠,1,single_char,base,,fei,fei4,common-standard-level-1+pinyin-data,docs/pinyin-v2/import/single_char_dictionary.tsv,FROZEN_DESIGN_DATA_MISSING restore general-purpose single-char base lexicon,false,true
呕,呕,1,single_char,base,,ou,ou3,common-standard-level-1+pinyin-data,docs/pinyin-v2/import/single_char_dictionary.tsv,FROZEN_DESIGN_DATA_MISSING restore general-purpose single-char base lexicon,false,true
园,园,1,single_char,base,,yuan,yuan2,common-standard-level-1+pinyin-data,docs/pinyin-v2/import/single_char_dictionary.tsv,FROZEN_DESIGN_DATA_MISSING restore general-purpose single-char base lexicon,true,true
旷,旷,1,single_char,base,,kuang,kuang4,common-standard-level-1+pinyin-data,docs/pinyin-v2/import/single_char_dictionary.tsv,FROZEN_DESIGN_DATA_MISSING restore general-purpose single-char base lexicon,false,true
围,围,1,single_char,base,,wei,wei2,common-standard-level-1+pinyin-data,docs/pinyin-v2/import/single_char_dictionary.tsv,FROZEN_DESIGN_DATA_MISSING restore general-purpose single-char base lexicon,false,true
呀,呀,1,single_char,base,,ya,ya,common-standard-level-1+pinyin-data,docs/pinyin-v2/import/single_char_dictionary.tsv,FROZEN_DESIGN_DATA_MISSING restore general-purpose single-char base lexicon,false,true
吨,吨,1,single_char,base,,dun,dun1,common-standard-level-1+pinyin-data,docs/pinyin-v2/import/single_char_dictionary.tsv,FROZEN_DESIGN_DATA_MISSING restore general-purpose single-char base lexicon,false,true
足,足,1,single_char,base,,zu,zu2,common-standard-level-1+pinyin-data,docs/pinyin-v2/import/single_char_dictionary.tsv,FROZEN_DESIGN_DATA_MISSING restore general-purpose single-char base lexicon,false,true
邮,邮,1,single_char,base,,you,you2,common-standard-level-1+pinyin-data,docs/pinyin-v2/import/single_char_dictionary.tsv,FROZEN_DESIGN_DATA_MISSING restore general-purpose single-char base lexicon,false,true
男,男,1,single_char,base,,nan,nan2,common-standard-level-1+pinyin-data,docs/pinyin-v2/import/single_char_dictionary.tsv,FROZEN_DESIGN_DATA_MISSING restore general-purpose single-char base lexicon,false,true
困,困,1,single_char,base,,kun,kun4,common-standard-level-1+pinyin-data,docs/pinyin-v2/import/single_char_dictionary.tsv,FROZEN_DESIGN_DATA_MISSING restore general-purpose single-char base lexicon,false,true
吵,吵,1,single_char,base,,chao,chao3,common-standard-level-1+pinyin-data,docs/pinyin-v2/import/single_char_dictionary.tsv,FROZEN_DESIGN_DATA_MISSING restore general-purpose single-char base lexicon,false,true
串,串,1,single_char,base,,chuan,chuan4,common-standard-level-1+pinyin-data,docs/pinyin-v2/import/single_char_dictionary.tsv,FROZEN_DESIGN_DATA_MISSING restore general-purpose single-char base lexicon,false,true
员,员,1,single_char,base,,yuan,yuan2,common-standard-level-1+pinyin-data,docs/pinyin-v2/import/single_char_dictionary.tsv,FROZEN_DESIGN_DATA_MISSING restore general-purpose single-char base lexicon,false,true
呐,呐,1,single_char,base,,na,na4,common-standard-level-1+pinyin-data,docs/pinyin-v2/import/single_char_dictionary.tsv,FROZEN_DESIGN_DATA_MISSING restore general-purpose single-char base lexicon,false,true
听,听,1,single_char,base,,ting,ting1,common-standard-level-1+pinyin-data,docs/pinyin-v2/import/single_char_dictionary.tsv,FROZEN_DESIGN_DATA_MISSING restore general-purpose single-char base lexicon,false,true
吟,吟,1,single_char,base,,yin,yin2,common-standard-level-1+pinyin-data,docs/pinyin-v2/import/single_char_dictionary.tsv,FROZEN_DESIGN_DATA_MISSING restore general-purpose single-char base lexicon,false,true
吩,吩,1,single_char,base,,fen,fen1,common-standard-level-1+pinyin-data,docs/pinyin-v2/import/single_char_dictionary.tsv,FROZEN_DESIGN_DATA_MISSING restore general-purpose single-char base lexicon,false,true
呛,呛,1,single_char,base,,qiang,qiang1,common-standard-level-1+pinyin-data,docs/pinyin-v2/import/single_char_dictionary.tsv,FROZEN_DESIGN_DATA_MISSING restore general-purpose single-char base lexicon,false,true
吻,吻,1,single_char,base,,wen,wen3,common-standard-level-1+pinyin-data,docs/pinyin-v2/import/single_char_dictionary.tsv,FROZEN_DESIGN_DATA_MISSING restore general-purpose single-char base lexicon,false,true
吹,吹,1,single_char,base,,chui,chui1,common-standard-level-1+pinyin-data,docs/pinyin-v2/import/single_char_dictionary.tsv,FROZEN_DESIGN_DATA_MISSING restore general-purpose single-char base lexicon,false,true
呜,呜,1,single_char,base,,wu,wu1,common-standard-level-1+pinyin-data,docs/pinyin-v2/import/single_char_dictionary.tsv,FROZEN_DESIGN_DATA_MISSING restore general-purpose single-char base lexicon,false,true
吭,吭,1,single_char,base,,keng,keng1,common-standard-level-1+pinyin-data,docs/pinyin-v2/import/single_char_dictionary.tsv,FROZEN_DESIGN_DATA_MISSING restore general-purpose single-char base lexicon,false,true
吧,吧,1,single_char,base,,ba,ba,common-standard-level-1+pinyin-data,docs/pinyin-v2/import/single_char_dictionary.tsv,FROZEN_DESIGN_DATA_MISSING restore general-purpose single-char base lexicon,false,true
邑,邑,1,single_char,base,,yi,yi4,common-standard-level-1+pinyin-data,docs/pinyin-v2/import/single_char_dictionary.tsv,FROZEN_DESIGN_DATA_MISSING restore general-purpose single-char base lexicon,false,true
吼,吼,1,single_char,base,,hou,hou3,common-standard-level-1+pinyin-data,docs/pinyin-v2/import/single_char_dictionary.tsv,FROZEN_DESIGN_DATA_MISSING restore general-purpose single-char base lexicon,false,true
囤,囤,1,single_char,base,,dun,dun4,common-standard-level-1+pinyin-data,docs/pinyin-v2/import/single_char_dictionary.tsv,FROZEN_DESIGN_DATA_MISSING restore general-purpose single-char base lexicon,false,true
别,别,1,single_char,base,,bie,bie2,common-standard-level-1+pinyin-data,docs/pinyin-v2/import/single_char_dictionary.tsv,FROZEN_DESIGN_DATA_MISSING restore general-purpose single-char base lexicon,false,true
吮,吮,1,single_char,base,,shun,shun3,common-standard-level-1+pinyin-data,docs/pinyin-v2/import/single_char_dictionary.tsv,FROZEN_DESIGN_DATA_MISSING restore general-purpose single-char base lexicon,false,true
岖,岖,1,single_char,base,,qu,qu1,common-standard-level-1+pinyin-data,docs/pinyin-v2/import/single_char_dictionary.tsv,FROZEN_DESIGN_DATA_MISSING restore general-purpose single-char base lexicon,false,true
岗,岗,1,single_char,base,,gang,gang3,common-standard-level-1+pinyin-data,docs/pinyin-v2/import/single_char_dictionary.tsv,FROZEN_DESIGN_DATA_MISSING restore general-purpose single-char base lexicon,false,true
帐,帐,1,single_char,base,,zhang,zhang4,common-standard-level-1+pinyin-data,docs/pinyin-v2/import/single_char_dictionary.tsv,FROZEN_DESIGN_DATA_MISSING restore general-purpose single-char base lexicon,false,true
财,财,1,single_char,base,,cai,cai2,common-standard-level-1+pinyin-data,docs/pinyin-v2/import/single_char_dictionary.tsv,FROZEN_DESIGN_DATA_MISSING restore general-purpose single-char base lexicon,false,true
针,针,1,single_char,base,,zhen,zhen1,common-standard-level-1+pinyin-data,docs/pinyin-v2/import/single_char_dictionary.tsv,FROZEN_DESIGN_DATA_MISSING restore general-purpose single-char base lexicon,false,true
钉,钉,1,single_char,base,,ding,ding1,common-standard-level-1+pinyin-data,docs/pinyin-v2/import/single_char_dictionary.tsv,FROZEN_DESIGN_DATA_MISSING restore general-purpose single-char base lexicon,false,true
牡,牡,1,single_char,base,,mu,mu3,common-standard-level-1+pinyin-data,docs/pinyin-v2/import/single_char_dictionary.tsv,FROZEN_DESIGN_DATA_MISSING restore general-purpose single-char base lexicon,false,true
告,告,1,single_char,base,,gao,gao4,common-standard-level-1+pinyin-data,docs/pinyin-v2/import/single_char_dictionary.tsv,FROZEN_DESIGN_DATA_MISSING restore general-purpose single-char base lexicon,false,true
我,我,1,single_char,base,,wo,wo3,common-standard-level-1+pinyin-data,docs/pinyin-v2/import/single_char_dictionary.tsv,FROZEN_DESIGN_DATA_MISSING restore general-purpose single-char base lexicon,false,true
乱,乱,1,single_char,base,,luan,luan4,common-standard-level-1+pinyin-data,docs/pinyin-v2/import/single_char_dictionary.tsv,FROZEN_DESIGN_DATA_MISSING restore general-purpose single-char base lexicon,false,true
利,利,1,single_char,base,,li,li4,common-standard-level-1+pinyin-data,docs/pinyin-v2/import/single_char_dictionary.tsv,FROZEN_DESIGN_DATA_MISSING restore general-purpose single-char base lexicon,false,true
秃,秃,1,single_char,base,,tu,tu1,common-standard-level-1+pinyin-data,docs/pinyin-v2/import/single_char_dictionary.tsv,FROZEN_DESIGN_DATA_MISSING restore general-purpose single-char base lexicon,false,true
秀,秀,1,single_char,base,,xiu,xiu4,common-standard-level-1+pinyin-data,docs/pinyin-v2/import/single_char_dictionary.tsv,FROZEN_DESIGN_DATA_MISSING restore general-purpose single-char base lexicon,false,true
私,私,1,single_char,base,,si,si1,common-standard-level-1+pinyin-data,docs/pinyin-v2/import/single_char_dictionary.tsv,FROZEN_DESIGN_DATA_MISSING restore general-purpose single-char base lexicon,true,true
每,每,1,single_char,base,,mei,mei3,common-standard-level-1+pinyin-data,docs/pinyin-v2/import/single_char_dictionary.tsv,FROZEN_DESIGN_DATA_MISSING restore general-purpose single-char base lexicon,false,true
兵,兵,1,single_char,base,,bing,bing1,common-standard-level-1+pinyin-data,docs/pinyin-v2/import/single_char_dictionary.tsv,FROZEN_DESIGN_DATA_MISSING restore general-purpose single-char base lexicon,false,true
估,估,1,single_char,base,,gu,gu1,common-standard-level-1+pinyin-data,docs/pinyin-v2/import/single_char_dictionary.tsv,FROZEN_DESIGN_DATA_MISSING restore general-purpose single-char base lexicon,false,true
体,体,1,single_char,base,,ti,ti3,common-standard-level-1+pinyin-data,docs/pinyin-v2/import/single_char_dictionary.tsv,FROZEN_DESIGN_DATA_MISSING restore general-purpose single-char base lexicon,false,true
何,何,1,single_char,base,,he,he2,common-standard-level-1+pinyin-data,docs/pinyin-v2/import/single_char_dictionary.tsv,FROZEN_DESIGN_DATA_MISSING restore general-purpose single-char base lexicon,false,true
佐,佐,1,single_char,base,,zuo,zuo3,common-standard-level-1+pinyin-data,docs/pinyin-v2/import/single_char_dictionary.tsv,FROZEN_DESIGN_DATA_MISSING restore general-purpose single-char base lexicon,false,true
佑,佑,1,single_char,base,,you,you4,common-standard-level-1+pinyin-data,docs/pinyin-v2/import/single_char_dictionary.tsv,FROZEN_DESIGN_DATA_MISSING restore general-purpose single-char base lexicon,false,true
但,但,1,single_char,base,,dan,dan4,common-standard-level-1+pinyin-data,docs/pinyin-v2/import/single_char_dictionary.tsv,FROZEN_DESIGN_DATA_MISSING restore general-purpose single-char base lexicon,false,true
伸,伸,1,single_char,base,,shen,shen1,common-standard-level-1+pinyin-data,docs/pinyin-v2/import/single_char_dictionary.tsv,FROZEN_DESIGN_DATA_MISSING restore general-purpose single-char base lexicon,false,true
佃,佃,1,single_char,base,,dian,dian4,common-standard-level-1+pinyin-data,docs/pinyin-v2/import/single_char_dictionary.tsv,FROZEN_DESIGN_DATA_MISSING restore general-purpose single-char base lexicon,false,true
作,作,1,single_char,base,,zuo,zuo4,common-standard-level-1+pinyin-data,docs/pinyin-v2/import/single_char_dictionary.tsv,FROZEN_DESIGN_DATA_MISSING restore general-purpose single-char base lexicon,false,true
伯,伯,1,single_char,base,,bo,bo2,common-standard-level-1+pinyin-data,docs/pinyin-v2/import/single_char_dictionary.tsv,FROZEN_DESIGN_DATA_MISSING restore general-purpose single-char base lexicon,false,true
伶,伶,1,single_char,base,,ling,ling2,common-standard-level-1+pinyin-data,docs/pinyin-v2/import/single_char_dictionary.tsv,FROZEN_DESIGN_DATA_MISSING restore general-purpose single-char base lexicon,false,true
佣,佣,1,single_char,base,,yong,yong1,common-standard-level-1+pinyin-data,docs/pinyin-v2/import/single_char_dictionary.tsv,FROZEN_DESIGN_DATA_MISSING restore general-purpose single-char base lexicon,false,true
低,低,1,single_char,base,,di,di1,common-standard-level-1+pinyin-data,docs/pinyin-v2/import/single_char_dictionary.tsv,FROZEN_DESIGN_DATA_MISSING restore general-purpose single-char base lexicon,false,true
你,你,1,single_char,base,,ni,ni3,common-standard-level-1+pinyin-data,docs/pinyin-v2/import/single_char_dictionary.tsv,FROZEN_DESIGN_DATA_MISSING restore general-purpose single-char base lexicon,false,true
住,住,1,single_char,base,,zhu,zhu4,common-standard-level-1+pinyin-data,docs/pinyin-v2/import/single_char_dictionary.tsv,FROZEN_DESIGN_DATA_MISSING restore general-purpose single-char base lexicon,false,true
位,位,1,single_char,base,,wei,wei4,common-standard-level-1+pinyin-data,docs/pinyin-v2/import/single_char_dictionary.tsv,FROZEN_DESIGN_DATA_MISSING restore general-purpose single-char base lexicon,false,true
伴,伴,1,single_char,base,,ban,ban4,common-standard-level-1+pinyin-data,docs/pinyin-v2/import/single_char_dictionary.tsv,FROZEN_DESIGN_DATA_MISSING restore general-purpose single-char base lexicon,false,true
身,身,1,single_char,base,,shen,shen1,common-standard-level-1+pinyin-data,docs/pinyin-v2/import/single_char_dictionary.tsv,FROZEN_DESIGN_DATA_MISSING restore general-purpose single-char base lexicon,false,true
皂,皂,1,single_char,base,,zao,zao4,common-standard-level-1+pinyin-data,docs/pinyin-v2/import/single_char_dictionary.tsv,FROZEN_DESIGN_DATA_MISSING restore general-purpose single-char base lexicon,false,true
伺,伺,1,single_char,base,,ci,ci4,common-standard-level-1+pinyin-data,docs/pinyin-v2/import/single_char_dictionary.tsv,FROZEN_DESIGN_DATA_MISSING restore general-purpose single-char base lexicon,false,true
佛,佛,1,single_char,base,,fu,fu2,common-standard-level-1+pinyin-data,docs/pinyin-v2/import/single_char_dictionary.tsv,FROZEN_DESIGN_DATA_MISSING restore general-purpose single-char base lexicon,false,true
囱,囱,1,single_char,base,,cong,cong1,common-standard-level-1+pinyin-data,docs/pinyin-v2/import/single_char_dictionary.tsv,FROZEN_DESIGN_DATA_MISSING restore general-purpose single-char base lexicon,false,true
近,近,1,single_char,base,,jin,jin4,common-standard-level-1+pinyin-data,docs/pinyin-v2/import/single_char_dictionary.tsv,FROZEN_DESIGN_DATA_MISSING restore general-purpose single-char base lexicon,false,true
彻,彻,1,single_char,base,,che,che4,common-standard-level-1+pinyin-data,docs/pinyin-v2/import/single_char_dictionary.tsv,FROZEN_DESIGN_DATA_MISSING restore general-purpose single-char base lexicon,false,true
役,役,1,single_char,base,,yi,yi4,common-standard-level-1+pinyin-data,docs/pinyin-v2/import/single_char_dictionary.tsv,FROZEN_DESIGN_DATA_MISSING restore general-purpose single-char base lexicon,false,true
返,返,1,single_char,base,,fan,fan3,common-standard-level-1+pinyin-data,docs/pinyin-v2/import/single_char_dictionary.tsv,FROZEN_DESIGN_DATA_MISSING restore general-purpose single-char base lexicon,false,true
余,余,1,single_char,base,,yu,yu2,common-standard-level-1+pinyin-data,docs/pinyin-v2/import/single_char_dictionary.tsv,FROZEN_DESIGN_DATA_MISSING restore general-purpose single-char base lexicon,false,true
希,希,1,single_char,base,,xi,xi1,common-standard-level-1+pinyin-data,docs/pinyin-v2/import/single_char_dictionary.tsv,FROZEN_DESIGN_DATA_MISSING restore general-purpose single-char base lexicon,false,true
坐,坐,1,single_char,base,,zuo,zuo4,common-standard-level-1+pinyin-data,docs/pinyin-v2/import/single_char_dictionary.tsv,FROZEN_DESIGN_DATA_MISSING restore general-purpose single-char base lexicon,false,true
谷,谷,1,single_char,base,,gu,gu3,common-standard-level-1+pinyin-data,docs/pinyin-v2/import/single_char_dictionary.tsv,FROZEN_DESIGN_DATA_MISSING restore general-purpose single-char base lexicon,false,true
妥,妥,1,single_char,base,,tuo,tuo3,common-standard-level-1+pinyin-data,docs/pinyin-v2/import/single_char_dictionary.tsv,FROZEN_DESIGN_DATA_MISSING restore general-purpose single-char base lexicon,false,true
含,含,1,single_char,base,,han,han2,common-standard-level-1+pinyin-data,docs/pinyin-v2/import/single_char_dictionary.tsv,FROZEN_DESIGN_DATA_MISSING restore general-purpose single-char base lexicon,false,true
邻,邻,1,single_char,base,,lin,lin2,common-standard-level-1+pinyin-data,docs/pinyin-v2/import/single_char_dictionary.tsv,FROZEN_DESIGN_DATA_MISSING restore general-purpose single-char base lexicon,false,true
岔,岔,1,single_char,base,,cha,cha4,common-standard-level-1+pinyin-data,docs/pinyin-v2/import/single_char_dictionary.tsv,FROZEN_DESIGN_DATA_MISSING restore general-purpose single-char base lexicon,false,true
肝,肝,1,single_char,base,,gan,gan1,common-standard-level-1+pinyin-data,docs/pinyin-v2/import/single_char_dictionary.tsv,FROZEN_DESIGN_DATA_MISSING restore general-purpose single-char base lexicon,false,true
肛,肛,1,single_char,base,,gang,gang1,common-standard-level-1+pinyin-data,docs/pinyin-v2/import/single_char_dictionary.tsv,FROZEN_DESIGN_DATA_MISSING restore general-purpose single-char base lexicon,false,true
肚,肚,1,single_char,base,,du,du4,common-standard-level-1+pinyin-data,docs/pinyin-v2/import/single_char_dictionary.tsv,FROZEN_DESIGN_DATA_MISSING restore general-purpose single-char base lexicon,false,true
肘,肘,1,single_char,base,,zhou,zhou3,common-standard-level-1+pinyin-data,docs/pinyin-v2/import/single_char_dictionary.tsv,FROZEN_DESIGN_DATA_MISSING restore general-purpose single-char base lexicon,false,true
肠,肠,1,single_char,base,,chang,chang2,common-standard-level-1+pinyin-data,docs/pinyin-v2/import/single_char_dictionary.tsv,FROZEN_DESIGN_DATA_MISSING restore general-purpose single-char base lexicon,false,true
龟,龟,1,single_char,base,,gui,gui1,common-standard-level-1+pinyin-data,docs/pinyin-v2/import/single_char_dictionary.tsv,FROZEN_DESIGN_DATA_MISSING restore general-purpose single-char base lexicon,false,true
甸,甸,1,single_char,base,,dian,dian1,common-standard-level-1+pinyin-data,docs/pinyin-v2/import/single_char_dictionary.tsv,FROZEN_DESIGN_DATA_MISSING restore general-purpose single-char base lexicon,false,true
免,免,1,single_char,base,,mian,mian3,common-standard-level-1+pinyin-data,docs/pinyin-v2/import/single_char_dictionary.tsv,FROZEN_DESIGN_DATA_MISSING restore general-purpose single-char base lexicon,false,true
狂,狂,1,single_char,base,,kuang,kuang2,common-standard-level-1+pinyin-data,docs/pinyin-v2/import/single_char_dictionary.tsv,FROZEN_DESIGN_DATA_MISSING restore general-purpose single-char base lexicon,false,true
犹,犹,1,single_char,base,,you,you2,common-standard-level-1+pinyin-data,docs/pinyin-v2/import/single_char_dictionary.tsv,FROZEN_DESIGN_DATA_MISSING restore general-purpose single-char base lexicon,false,true
狈,狈,1,single_char,base,,bei,bei4,common-standard-level-1+pinyin-data,docs/pinyin-v2/import/single_char_dictionary.tsv,FROZEN_DESIGN_DATA_MISSING restore general-purpose single-char base lexicon,false,true
角,角,1,single_char,base,,jiao,jiao3,common-standard-level-1+pinyin-data,docs/pinyin-v2/import/single_char_dictionary.tsv,FROZEN_DESIGN_DATA_MISSING restore general-purpose single-char base lexicon,false,true
删,删,1,single_char,base,,shan,shan1,common-standard-level-1+pinyin-data,docs/pinyin-v2/import/single_char_dictionary.tsv,FROZEN_DESIGN_DATA_MISSING restore general-purpose single-char base lexicon,false,true
条,条,1,single_char,base,,tiao,tiao2,common-standard-level-1+pinyin-data,docs/pinyin-v2/import/single_char_dictionary.tsv,FROZEN_DESIGN_DATA_MISSING restore general-purpose single-char base lexicon,false,true
彤,彤,1,single_char,base,,tong,tong2,common-standard-level-1+pinyin-data,docs/pinyin-v2/import/single_char_dictionary.tsv,FROZEN_DESIGN_DATA_MISSING restore general-purpose single-char base lexicon,false,true
卵,卵,1,single_char,base,,luan,luan3,common-standard-level-1+pinyin-data,docs/pinyin-v2/import/single_char_dictionary.tsv,FROZEN_DESIGN_DATA_MISSING restore general-purpose single-char base lexicon,false,true
灸,灸,1,single_char,base,,jiu,jiu3,common-standard-level-1+pinyin-data,docs/pinyin-v2/import/single_char_dictionary.tsv,FROZEN_DESIGN_DATA_MISSING restore general-purpose single-char base lexicon,false,true
岛,岛,1,single_char,base,,dao,dao3,common-standard-level-1+pinyin-data,docs/pinyin-v2/import/single_char_dictionary.tsv,FROZEN_DESIGN_DATA_MISSING restore general-purpose single-char base lexicon,false,true
刨,刨,1,single_char,base,,pao,pao2,common-standard-level-1+pinyin-data,docs/pinyin-v2/import/single_char_dictionary.tsv,FROZEN_DESIGN_DATA_MISSING restore general-purpose single-char base lexicon,false,true
迎,迎,1,single_char,base,,ying,ying2,common-standard-level-1+pinyin-data,docs/pinyin-v2/import/single_char_dictionary.tsv,FROZEN_DESIGN_DATA_MISSING restore general-purpose single-char base lexicon,false,true
饭,饭,1,single_char,base,,fan,fan4,common-standard-level-1+pinyin-data,docs/pinyin-v2/import/single_char_dictionary.tsv,FROZEN_DESIGN_DATA_MISSING restore general-purpose single-char base lexicon,false,true
饮,饮,1,single_char,base,,yin,yin3,common-standard-level-1+pinyin-data,docs/pinyin-v2/import/single_char_dictionary.tsv,FROZEN_DESIGN_DATA_MISSING restore general-purpose single-char base lexicon,false,true
系,系,1,single_char,base,,xi,xi4,common-standard-level-1+pinyin-data,docs/pinyin-v2/import/single_char_dictionary.tsv,FROZEN_DESIGN_DATA_MISSING restore general-purpose single-char base lexicon,false,true
言,言,1,single_char,base,,yan,yan2,common-standard-level-1+pinyin-data,docs/pinyin-v2/import/single_char_dictionary.tsv,FROZEN_DESIGN_DATA_MISSING restore general-purpose single-char base lexicon,false,true
冻,冻,1,single_char,base,,dong,dong4,common-standard-level-1+pinyin-data,docs/pinyin-v2/import/single_char_dictionary.tsv,FROZEN_DESIGN_DATA_MISSING restore general-purpose single-char base lexicon,false,true
状,状,1,single_char,base,,zhuang,zhuang4,common-standard-level-1+pinyin-data,docs/pinyin-v2/import/single_char_dictionary.tsv,FROZEN_DESIGN_DATA_MISSING restore general-purpose single-char base lexicon,false,true
亩,亩,1,single_char,base,,mu,mu3,common-standard-level-1+pinyin-data,docs/pinyin-v2/import/single_char_dictionary.tsv,FROZEN_DESIGN_DATA_MISSING restore general-purpose single-char base lexicon,false,true
况,况,1,single_char,base,,kuang,kuang4,common-standard-level-1+pinyin-data,docs/pinyin-v2/import/single_char_dictionary.tsv,FROZEN_DESIGN_DATA_MISSING restore general-purpose single-char base lexicon,false,true
床,床,1,single_char,base,,chuang,chuang2,common-standard-level-1+pinyin-data,docs/pinyin-v2/import/single_char_dictionary.tsv,FROZEN_DESIGN_DATA_MISSING restore general-purpose single-char base lexicon,false,true
库,库,1,single_char,base,,ku,ku4,common-standard-level-1+pinyin-data,docs/pinyin-v2/import/single_char_dictionary.tsv,FROZEN_DESIGN_DATA_MISSING restore general-purpose single-char base lexicon,false,true
庇,庇,1,single_char,base,,bi,bi4,common-standard-level-1+pinyin-data,docs/pinyin-v2/import/single_char_dictionary.tsv,FROZEN_DESIGN_DATA_MISSING restore general-purpose single-char base lexicon,false,true
疗,疗,1,single_char,base,,liao,liao2,common-standard-level-1+pinyin-data,docs/pinyin-v2/import/single_char_dictionary.tsv,FROZEN_DESIGN_DATA_MISSING restore general-purpose single-char base lexicon,false,true
吝,吝,1,single_char,base,,lin,lin4,common-standard-level-1+pinyin-data,docs/pinyin-v2/import/single_char_dictionary.tsv,FROZEN_DESIGN_DATA_MISSING restore general-purpose single-char base lexicon,false,true
应,应,1,single_char,base,,ying,ying1,common-standard-level-1+pinyin-data,docs/pinyin-v2/import/single_char_dictionary.tsv,FROZEN_DESIGN_DATA_MISSING restore general-purpose single-char base lexicon,false,true
这,这,1,single_char,base,,zhe,zhe4,common-standard-level-1+pinyin-data,docs/pinyin-v2/import/single_char_dictionary.tsv,FROZEN_DESIGN_DATA_MISSING restore general-purpose single-char base lexicon,false,true
冷,冷,1,single_char,base,,leng,leng3,common-standard-level-1+pinyin-data,docs/pinyin-v2/import/single_char_dictionary.tsv,FROZEN_DESIGN_DATA_MISSING restore general-purpose single-char base lexicon,false,true
庐,庐,1,single_char,base,,lu,lu2,common-standard-level-1+pinyin-data,docs/pinyin-v2/import/single_char_dictionary.tsv,FROZEN_DESIGN_DATA_MISSING restore general-purpose single-char base lexicon,false,true
序,序,1,single_char,base,,xu,xu4,common-standard-level-1+pinyin-data,docs/pinyin-v2/import/single_char_dictionary.tsv,FROZEN_DESIGN_DATA_MISSING restore general-purpose single-char base lexicon,false,true
辛,辛,1,single_char,base,,xin,xin1,common-standard-level-1+pinyin-data,docs/pinyin-v2/import/single_char_dictionary.tsv,FROZEN_DESIGN_DATA_MISSING restore general-purpose single-char base lexicon,false,true
弃,弃,1,single_char,base,,qi,qi4,common-standard-level-1+pinyin-data,docs/pinyin-v2/import/single_char_dictionary.tsv,FROZEN_DESIGN_DATA_MISSING restore general-purpose single-char base lexicon,false,true
冶,冶,1,single_char,base,,ye,ye3,common-standard-level-1+pinyin-data,docs/pinyin-v2/import/single_char_dictionary.tsv,FROZEN_DESIGN_DATA_MISSING restore general-purpose single-char base lexicon,false,true
忘,忘,1,single_char,base,,wang,wang4,common-standard-level-1+pinyin-data,docs/pinyin-v2/import/single_char_dictionary.tsv,FROZEN_DESIGN_DATA_MISSING restore general-purpose single-char base lexicon,false,true
闰,闰,1,single_char,base,,run,run4,common-standard-level-1+pinyin-data,docs/pinyin-v2/import/single_char_dictionary.tsv,FROZEN_DESIGN_DATA_MISSING restore general-purpose single-char base lexicon,false,true
闲,闲,1,single_char,base,,xian,xian2,common-standard-level-1+pinyin-data,docs/pinyin-v2/import/single_char_dictionary.tsv,FROZEN_DESIGN_DATA_MISSING restore general-purpose single-char base lexicon,false,true
间,间,1,single_char,base,,jian,jian1,common-standard-level-1+pinyin-data,docs/pinyin-v2/import/single_char_dictionary.tsv,FROZEN_DESIGN_DATA_MISSING restore general-purpose single-char base lexicon,false,true
闷,闷,1,single_char,base,,men,men4,common-standard-level-1+pinyin-data,docs/pinyin-v2/import/single_char_dictionary.tsv,FROZEN_DESIGN_DATA_MISSING restore general-purpose single-char base lexicon,false,true
判,判,1,single_char,base,,pan,pan4,common-standard-level-1+pinyin-data,docs/pinyin-v2/import/single_char_dictionary.tsv,FROZEN_DESIGN_DATA_MISSING restore general-purpose single-char base lexicon,false,true
兑,兑,1,single_char,base,,dui,dui4,common-standard-level-1+pinyin-data,docs/pinyin-v2/import/single_char_dictionary.tsv,FROZEN_DESIGN_DATA_MISSING restore general-purpose single-char base lexicon,false,true
灶,灶,1,single_char,base,,zao,zao4,common-standard-level-1+pinyin-data,docs/pinyin-v2/import/single_char_dictionary.tsv,FROZEN_DESIGN_DATA_MISSING restore general-purpose single-char base lexicon,false,true
灿,灿,1,single_char,base,,can,can4,common-standard-level-1+pinyin-data,docs/pinyin-v2/import/single_char_dictionary.tsv,FROZEN_DESIGN_DATA_MISSING restore general-purpose single-char base lexicon,false,true
灼,灼,1,single_char,base,,zhuo,zhuo2,common-standard-level-1+pinyin-data,docs/pinyin-v2/import/single_char_dictionary.tsv,FROZEN_DESIGN_DATA_MISSING restore general-purpose single-char base lexicon,false,true
弟,弟,1,single_char,base,,di,di4,common-standard-level-1+pinyin-data,docs/pinyin-v2/import/single_char_dictionary.tsv,FROZEN_DESIGN_DATA_MISSING restore general-purpose single-char base lexicon,false,true
汪,汪,1,single_char,base,,wang,wang1,common-standard-level-1+pinyin-data,docs/pinyin-v2/import/single_char_dictionary.tsv,FROZEN_DESIGN_DATA_MISSING restore general-purpose single-char base lexicon,false,true
沐,沐,1,single_char,base,,mu,mu4,common-standard-level-1+pinyin-data,docs/pinyin-v2/import/single_char_dictionary.tsv,FROZEN_DESIGN_DATA_MISSING restore general-purpose single-char base lexicon,false,true
沛,沛,1,single_char,base,,pei,pei4,common-standard-level-1+pinyin-data,docs/pinyin-v2/import/single_char_dictionary.tsv,FROZEN_DESIGN_DATA_MISSING restore general-purpose single-char base lexicon,false,true
汰,汰,1,single_char,base,,tai,tai4,common-standard-level-1+pinyin-data,docs/pinyin-v2/import/single_char_dictionary.tsv,FROZEN_DESIGN_DATA_MISSING restore general-purpose single-char base lexicon,false,true
沥,沥,1,single_char,base,,li,li4,common-standard-level-1+pinyin-data,docs/pinyin-v2/import/single_char_dictionary.tsv,FROZEN_DESIGN_DATA_MISSING restore general-purpose single-char base lexicon,false,true
沙,沙,1,single_char,base,,sha,sha1,common-standard-level-1+pinyin-data,docs/pinyin-v2/import/single_char_dictionary.tsv,FROZEN_DESIGN_DATA_MISSING restore general-purpose single-char base lexicon,false,true
汽,汽,1,single_char,base,,qi,qi4,common-standard-level-1+pinyin-data,docs/pinyin-v2/import/single_char_dictionary.tsv,FROZEN_DESIGN_DATA_MISSING restore general-purpose single-char base lexicon,false,true
沃,沃,1,single_char,base,,wo,wo4,common-standard-level-1+pinyin-data,docs/pinyin-v2/import/single_char_dictionary.tsv,FROZEN_DESIGN_DATA_MISSING restore general-purpose single-char base lexicon,false,true
沦,沦,1,single_char,base,,lun,lun2,common-standard-level-1+pinyin-data,docs/pinyin-v2/import/single_char_dictionary.tsv,FROZEN_DESIGN_DATA_MISSING restore general-purpose single-char base lexicon,false,true
汹,汹,1,single_char,base,,xiong,xiong1,common-standard-level-1+pinyin-data,docs/pinyin-v2/import/single_char_dictionary.tsv,FROZEN_DESIGN_DATA_MISSING restore general-purpose single-char base lexicon,false,true
泛,泛,1,single_char,base,,fan,fan4,common-standard-level-1+pinyin-data,docs/pinyin-v2/import/single_char_dictionary.tsv,FROZEN_DESIGN_DATA_MISSING restore general-purpose single-char base lexicon,false,true
沧,沧,1,single_char,base,,cang,cang1,common-standard-level-1+pinyin-data,docs/pinyin-v2/import/single_char_dictionary.tsv,FROZEN_DESIGN_DATA_MISSING restore general-purpose single-char base lexicon,false,true
没,没,1,single_char,base,,mei,mei2,common-standard-level-1+pinyin-data,docs/pinyin-v2/import/single_char_dictionary.tsv,FROZEN_DESIGN_DATA_MISSING restore general-purpose single-char base lexicon,true,true
沟,沟,1,single_char,base,,gou,gou1,common-standard-level-1+pinyin-data,docs/pinyin-v2/import/single_char_dictionary.tsv,FROZEN_DESIGN_DATA_MISSING restore general-purpose single-char base lexicon,false,true
沪,沪,1,single_char,base,,hu,hu4,common-standard-level-1+pinyin-data,docs/pinyin-v2/import/single_char_dictionary.tsv,FROZEN_DESIGN_DATA_MISSING restore general-purpose single-char base lexicon,false,true
沈,沈,1,single_char,base,,shen,shen3,common-standard-level-1+pinyin-data,docs/pinyin-v2/import/single_char_dictionary.tsv,FROZEN_DESIGN_DATA_MISSING restore general-purpose single-char base lexicon,false,true
沉,沉,1,single_char,base,,chen,chen2,common-standard-level-1+pinyin-data,docs/pinyin-v2/import/single_char_dictionary.tsv,FROZEN_DESIGN_DATA_MISSING restore general-purpose single-char base lexicon,false,true
沁,沁,1,single_char,base,,qin,qin4,common-standard-level-1+pinyin-data,docs/pinyin-v2/import/single_char_dictionary.tsv,FROZEN_DESIGN_DATA_MISSING restore general-purpose single-char base lexicon,false,true
怀,怀,1,single_char,base,,huai,huai2,common-standard-level-1+pinyin-data,docs/pinyin-v2/import/single_char_dictionary.tsv,FROZEN_DESIGN_DATA_MISSING restore general-purpose single-char base lexicon,false,true
忧,忧,1,single_char,base,,you,you1,common-standard-level-1+pinyin-data,docs/pinyin-v2/import/single_char_dictionary.tsv,FROZEN_DESIGN_DATA_MISSING restore general-purpose single-char base lexicon,false,true
忱,忱,1,single_char,base,,chen,chen2,common-standard-level-1+pinyin-data,docs/pinyin-v2/import/single_char_dictionary.tsv,FROZEN_DESIGN_DATA_MISSING restore general-purpose single-char base lexicon,false,true
快,快,1,single_char,base,,kuai,kuai4,common-standard-level-1+pinyin-data,docs/pinyin-v2/import/single_char_dictionary.tsv,FROZEN_DESIGN_DATA_MISSING restore general-purpose single-char base lexicon,false,true
完,完,1,single_char,base,,wan,wan2,common-standard-level-1+pinyin-data,docs/pinyin-v2/import/single_char_dictionary.tsv,FROZEN_DESIGN_DATA_MISSING restore general-purpose single-char base lexicon,false,true
宋,宋,1,single_char,base,,song,song4,common-standard-level-1+pinyin-data,docs/pinyin-v2/import/single_char_dictionary.tsv,FROZEN_DESIGN_DATA_MISSING restore general-purpose single-char base lexicon,false,true
宏,宏,1,single_char,base,,hong,hong2,common-standard-level-1+pinyin-data,docs/pinyin-v2/import/single_char_dictionary.tsv,FROZEN_DESIGN_DATA_MISSING restore general-purpose single-char base lexicon,false,true
牢,牢,1,single_char,base,,lao,lao2,common-standard-level-1+pinyin-data,docs/pinyin-v2/import/single_char_dictionary.tsv,FROZEN_DESIGN_DATA_MISSING restore general-purpose single-char base lexicon,false,true
究,究,1,single_char,base,,jiu,jiu1,common-standard-level-1+pinyin-data,docs/pinyin-v2/import/single_char_dictionary.tsv,FROZEN_DESIGN_DATA_MISSING restore general-purpose single-char base lexicon,false,true
穷,穷,1,single_char,base,,qiong,qiong2,common-standard-level-1+pinyin-data,docs/pinyin-v2/import/single_char_dictionary.tsv,FROZEN_DESIGN_DATA_MISSING restore general-purpose single-char base lexicon,false,true
灾,灾,1,single_char,base,,zai,zai1,common-standard-level-1+pinyin-data,docs/pinyin-v2/import/single_char_dictionary.tsv,FROZEN_DESIGN_DATA_MISSING restore general-purpose single-char base lexicon,false,true
良,良,1,single_char,base,,liang,liang2,common-standard-level-1+pinyin-data,docs/pinyin-v2/import/single_char_dictionary.tsv,FROZEN_DESIGN_DATA_MISSING restore general-purpose single-char base lexicon,false,true
证,证,1,single_char,base,,zheng,zheng4,common-standard-level-1+pinyin-data,docs/pinyin-v2/import/single_char_dictionary.tsv,FROZEN_DESIGN_DATA_MISSING restore general-purpose single-char base lexicon,false,true
启,启,1,single_char,base,,qi,qi3,common-standard-level-1+pinyin-data,docs/pinyin-v2/import/single_char_dictionary.tsv,FROZEN_DESIGN_DATA_MISSING restore general-purpose single-char base lexicon,false,true
评,评,1,single_char,base,,ping,ping2,common-standard-level-1+pinyin-data,docs/pinyin-v2/import/single_char_dictionary.tsv,FROZEN_DESIGN_DATA_MISSING restore general-purpose single-char base lexicon,false,true
补,补,1,single_char,base,,bu,bu3,common-standard-level-1+pinyin-data,docs/pinyin-v2/import/single_char_dictionary.tsv,FROZEN_DESIGN_DATA_MISSING restore general-purpose single-char base lexicon,false,true
初,初,1,single_char,base,,chu,chu1,common-standard-level-1+pinyin-data,docs/pinyin-v2/import/single_char_dictionary.tsv,FROZEN_DESIGN_DATA_MISSING restore general-purpose single-char base lexicon,false,true
社,社,1,single_char,base,,she,she4,common-standard-level-1+pinyin-data,docs/pinyin-v2/import/single_char_dictionary.tsv,FROZEN_DESIGN_DATA_MISSING restore general-purpose single-char base lexicon,false,true
祀,祀,1,single_char,base,,si,si4,common-standard-level-1+pinyin-data,docs/pinyin-v2/import/single_char_dictionary.tsv,FROZEN_DESIGN_DATA_MISSING restore general-purpose single-char base lexicon,false,true
识,识,1,single_char,base,,shi,shi2,common-standard-level-1+pinyin-data,docs/pinyin-v2/import/single_char_dictionary.tsv,FROZEN_DESIGN_DATA_MISSING restore general-purpose single-char base lexicon,false,true
诈,诈,1,single_char,base,,zha,zha4,common-standard-level-1+pinyin-data,docs/pinyin-v2/import/single_char_dictionary.tsv,FROZEN_DESIGN_DATA_MISSING restore general-purpose single-char base lexicon,false,true
诉,诉,1,single_char,base,,su,su4,common-standard-level-1+pinyin-data,docs/pinyin-v2/import/single_char_dictionary.tsv,FROZEN_DESIGN_DATA_MISSING restore general-purpose single-char base lexicon,false,true
罕,罕,1,single_char,base,,han,han3,common-standard-level-1+pinyin-data,docs/pinyin-v2/import/single_char_dictionary.tsv,FROZEN_DESIGN_DATA_MISSING restore general-purpose single-char base lexicon,false,true
诊,诊,1,single_char,base,,zhen,zhen3,common-standard-level-1+pinyin-data,docs/pinyin-v2/import/single_char_dictionary.tsv,FROZEN_DESIGN_DATA_MISSING restore general-purpose single-char base lexicon,false,true
词,词,1,single_char,base,,ci,ci2,common-standard-level-1+pinyin-data,docs/pinyin-v2/import/single_char_dictionary.tsv,FROZEN_DESIGN_DATA_MISSING restore general-purpose single-char base lexicon,false,true
译,译,1,single_char,base,,yi,yi4,common-standard-level-1+pinyin-data,docs/pinyin-v2/import/single_char_dictionary.tsv,FROZEN_DESIGN_DATA_MISSING restore general-purpose single-char base lexicon,false,true
君,君,1,single_char,base,,jun,jun1,common-standard-level-1+pinyin-data,docs/pinyin-v2/import/single_char_dictionary.tsv,FROZEN_DESIGN_DATA_MISSING restore general-purpose single-char base lexicon,false,true
灵,灵,1,single_char,base,,ling,ling2,common-standard-level-1+pinyin-data,docs/pinyin-v2/import/single_char_dictionary.tsv,FROZEN_DESIGN_DATA_MISSING restore general-purpose single-char base lexicon,false,true
即,即,1,single_char,base,,ji,ji2,common-standard-level-1+pinyin-data,docs/pinyin-v2/import/single_char_dictionary.tsv,FROZEN_DESIGN_DATA_MISSING restore general-purpose single-char base lexicon,false,true
层,层,1,single_char,base,,ceng,ceng2,common-standard-level-1+pinyin-data,docs/pinyin-v2/import/single_char_dictionary.tsv,FROZEN_DESIGN_DATA_MISSING restore general-purpose single-char base lexicon,false,true
屁,屁,1,single_char,base,,pi,pi4,common-standard-level-1+pinyin-data,docs/pinyin-v2/import/single_char_dictionary.tsv,FROZEN_DESIGN_DATA_MISSING restore general-purpose single-char base lexicon,false,true
尿,尿,1,single_char,base,,niao,niao4,common-standard-level-1+pinyin-data,docs/pinyin-v2/import/single_char_dictionary.tsv,FROZEN_DESIGN_DATA_MISSING restore general-purpose single-char base lexicon,false,true
尾,尾,1,single_char,base,,wei,wei3,common-standard-level-1+pinyin-data,docs/pinyin-v2/import/single_char_dictionary.tsv,FROZEN_DESIGN_DATA_MISSING restore general-purpose single-char base lexicon,false,true
迟,迟,1,single_char,base,,chi,chi2,common-standard-level-1+pinyin-data,docs/pinyin-v2/import/single_char_dictionary.tsv,FROZEN_DESIGN_DATA_MISSING restore general-purpose single-char base lexicon,false,true
局,局,1,single_char,base,,ju,ju2,common-standard-level-1+pinyin-data,docs/pinyin-v2/import/single_char_dictionary.tsv,FROZEN_DESIGN_DATA_MISSING restore general-purpose single-char base lexicon,false,true
改,改,1,single_char,base,,gai,gai3,common-standard-level-1+pinyin-data,docs/pinyin-v2/import/single_char_dictionary.tsv,FROZEN_DESIGN_DATA_MISSING restore general-purpose single-char base lexicon,false,true
张,张,1,single_char,base,,zhang,zhang1,common-standard-level-1+pinyin-data,docs/pinyin-v2/import/single_char_dictionary.tsv,FROZEN_DESIGN_DATA_MISSING restore general-purpose single-char base lexicon,false,true
忌,忌,1,single_char,base,,ji,ji4,common-standard-level-1+pinyin-data,docs/pinyin-v2/import/single_char_dictionary.tsv,FROZEN_DESIGN_DATA_MISSING restore general-purpose single-char base lexicon,false,true
际,际,1,single_char,base,,ji,ji4,common-standard-level-1+pinyin-data,docs/pinyin-v2/import/single_char_dictionary.tsv,FROZEN_DESIGN_DATA_MISSING restore general-purpose single-char base lexicon,false,true
陆,陆,1,single_char,base,,lu,lu4,common-standard-level-1+pinyin-data,docs/pinyin-v2/import/single_char_dictionary.tsv,FROZEN_DESIGN_DATA_MISSING restore general-purpose single-char base lexicon,false,true
阿,阿,1,single_char,base,,a,a1,common-standard-level-1+pinyin-data,docs/pinyin-v2/import/single_char_dictionary.tsv,FROZEN_DESIGN_DATA_MISSING restore general-purpose single-char base lexicon,false,true
陈,陈,1,single_char,base,,chen,chen2,common-standard-level-1+pinyin-data,docs/pinyin-v2/import/single_char_dictionary.tsv,FROZEN_DESIGN_DATA_MISSING restore general-purpose single-char base lexicon,true,true
阻,阻,1,single_char,base,,zu,zu3,common-standard-level-1+pinyin-data,docs/pinyin-v2/import/single_char_dictionary.tsv,FROZEN_DESIGN_DATA_MISSING restore general-purpose single-char base lexicon,false,true
附,附,1,single_char,base,,fu,fu4,common-standard-level-1+pinyin-data,docs/pinyin-v2/import/single_char_dictionary.tsv,FROZEN_DESIGN_DATA_MISSING restore general-purpose single-char base lexicon,false,true
坠,坠,1,single_char,base,,zhui,zhui4,common-standard-level-1+pinyin-data,docs/pinyin-v2/import/single_char_dictionary.tsv,FROZEN_DESIGN_DATA_MISSING restore general-purpose single-char base lexicon,false,true
妓,妓,1,single_char,base,,ji,ji4,common-standard-level-1+pinyin-data,docs/pinyin-v2/import/single_char_dictionary.tsv,FROZEN_DESIGN_DATA_MISSING restore general-purpose single-char base lexicon,false,true
妙,妙,1,single_char,base,,miao,miao4,common-standard-level-1+pinyin-data,docs/pinyin-v2/import/single_char_dictionary.tsv,FROZEN_DESIGN_DATA_MISSING restore general-purpose single-char base lexicon,false,true
妖,妖,1,single_char,base,,yao,yao1,common-standard-level-1+pinyin-data,docs/pinyin-v2/import/single_char_dictionary.tsv,FROZEN_DESIGN_DATA_MISSING restore general-purpose single-char base lexicon,false,true
姊,姊,1,single_char,base,,zi,zi3,common-standard-level-1+pinyin-data,docs/pinyin-v2/import/single_char_dictionary.tsv,FROZEN_DESIGN_DATA_MISSING restore general-purpose single-char base lexicon,false,true
妨,妨,1,single_char,base,,fang,fang2,common-standard-level-1+pinyin-data,docs/pinyin-v2/import/single_char_dictionary.tsv,FROZEN_DESIGN_DATA_MISSING restore general-purpose single-char base lexicon,false,true
妒,妒,1,single_char,base,,du,du4,common-standard-level-1+pinyin-data,docs/pinyin-v2/import/single_char_dictionary.tsv,FROZEN_DESIGN_DATA_MISSING restore general-purpose single-char base lexicon,false,true
努,努,1,single_char,base,,nu,nu3,common-standard-level-1+pinyin-data,docs/pinyin-v2/import/single_char_dictionary.tsv,FROZEN_DESIGN_DATA_MISSING restore general-purpose single-char base lexicon,false,true
忍,忍,1,single_char,base,,ren,ren3,common-standard-level-1+pinyin-data,docs/pinyin-v2/import/single_char_dictionary.tsv,FROZEN_DESIGN_DATA_MISSING restore general-purpose single-char base lexicon,false,true
劲,劲,1,single_char,base,,jin,jin4,common-standard-level-1+pinyin-data,docs/pinyin-v2/import/single_char_dictionary.tsv,FROZEN_DESIGN_DATA_MISSING restore general-purpose single-char base lexicon,false,true
矣,矣,1,single_char,base,,yi,yi3,common-standard-level-1+pinyin-data,docs/pinyin-v2/import/single_char_dictionary.tsv,FROZEN_DESIGN_DATA_MISSING restore general-purpose single-char base lexicon,false,true
鸡,鸡,1,single_char,base,,ji,ji1,common-standard-level-1+pinyin-data,docs/pinyin-v2/import/single_char_dictionary.tsv,FROZEN_DESIGN_DATA_MISSING restore general-purpose single-char base lexicon,false,true
纬,纬,1,single_char,base,,wei,wei3,common-standard-level-1+pinyin-data,docs/pinyin-v2/import/single_char_dictionary.tsv,FROZEN_DESIGN_DATA_MISSING restore general-purpose single-char base lexicon,false,true
驱,驱,1,single_char,base,,qu,qu1,common-standard-level-1+pinyin-data,docs/pinyin-v2/import/single_char_dictionary.tsv,FROZEN_DESIGN_DATA_MISSING restore general-purpose single-char base lexicon,false,true
纯,纯,1,single_char,base,,chun,chun2,common-standard-level-1+pinyin-data,docs/pinyin-v2/import/single_char_dictionary.tsv,FROZEN_DESIGN_DATA_MISSING restore general-purpose single-char base lexicon,false,true
纱,纱,1,single_char,base,,sha,sha1,common-standard-level-1+pinyin-data,docs/pinyin-v2/import/single_char_dictionary.tsv,FROZEN_DESIGN_DATA_MISSING restore general-purpose single-char base lexicon,false,true
纲,纲,1,single_char,base,,gang,gang1,common-standard-level-1+pinyin-data,docs/pinyin-v2/import/single_char_dictionary.tsv,FROZEN_DESIGN_DATA_MISSING restore general-purpose single-char base lexicon,false,true
纳,纳,1,single_char,base,,na,na4,common-standard-level-1+pinyin-data,docs/pinyin-v2/import/single_char_dictionary.tsv,FROZEN_DESIGN_DATA_MISSING restore general-purpose single-char base lexicon,false,true
驳,驳,1,single_char,base,,bo,bo2,common-standard-level-1+pinyin-data,docs/pinyin-v2/import/single_char_dictionary.tsv,FROZEN_DESIGN_DATA_MISSING restore general-purpose single-char base lexicon,false,true
纵,纵,1,single_char,base,,zong,zong4,common-standard-level-1+pinyin-data,docs/pinyin-v2/import/single_char_dictionary.tsv,FROZEN_DESIGN_DATA_MISSING restore general-purpose single-char base lexicon,false,true
纷,纷,1,single_char,base,,fen,fen1,common-standard-level-1+pinyin-data,docs/pinyin-v2/import/single_char_dictionary.tsv,FROZEN_DESIGN_DATA_MISSING restore general-purpose single-char base lexicon,false,true
纸,纸,1,single_char,base,,zhi,zhi3,common-standard-level-1+pinyin-data,docs/pinyin-v2/import/single_char_dictionary.tsv,FROZEN_DESIGN_DATA_MISSING restore general-purpose single-char base lexicon,false,true
纹,纹,1,single_char,base,,wen,wen2,common-standard-level-1+pinyin-data,docs/pinyin-v2/import/single_char_dictionary.tsv,FROZEN_DESIGN_DATA_MISSING restore general-purpose single-char base lexicon,false,true
纺,纺,1,single_char,base,,fang,fang3,common-standard-level-1+pinyin-data,docs/pinyin-v2/import/single_char_dictionary.tsv,FROZEN_DESIGN_DATA_MISSING restore general-purpose single-char base lexicon,false,true
驴,驴,1,single_char,base,,lv,lv2,common-standard-level-1+pinyin-data,docs/pinyin-v2/import/single_char_dictionary.tsv,FROZEN_DESIGN_DATA_MISSING restore general-purpose single-char base lexicon,false,true
纽,纽,1,single_char,base,,niu,niu3,common-standard-level-1+pinyin-data,docs/pinyin-v2/import/single_char_dictionary.tsv,FROZEN_DESIGN_DATA_MISSING restore general-purpose single-char base lexicon,false,true
奉,奉,1,single_char,base,,feng,feng4,common-standard-level-1+pinyin-data,docs/pinyin-v2/import/single_char_dictionary.tsv,FROZEN_DESIGN_DATA_MISSING restore general-purpose single-char base lexicon,false,true
玩,玩,1,single_char,base,,wan,wan2,common-standard-level-1+pinyin-data,docs/pinyin-v2/import/single_char_dictionary.tsv,FROZEN_DESIGN_DATA_MISSING restore general-purpose single-char base lexicon,false,true
环,环,1,single_char,base,,huan,huan2,common-standard-level-1+pinyin-data,docs/pinyin-v2/import/single_char_dictionary.tsv,FROZEN_DESIGN_DATA_MISSING restore general-purpose single-char base lexicon,false,true
武,武,1,single_char,base,,wu,wu3,common-standard-level-1+pinyin-data,docs/pinyin-v2/import/single_char_dictionary.tsv,FROZEN_DESIGN_DATA_MISSING restore general-purpose single-char base lexicon,false,true
青,青,1,single_char,base,,qing,qing1,common-standard-level-1+pinyin-data,docs/pinyin-v2/import/single_char_dictionary.tsv,FROZEN_DESIGN_DATA_MISSING restore general-purpose single-char base lexicon,false,true
责,责,1,single_char,base,,ze,ze2,common-standard-level-1+pinyin-data,docs/pinyin-v2/import/single_char_dictionary.tsv,FROZEN_DESIGN_DATA_MISSING restore general-purpose single-char base lexicon,false,true
现,现,1,single_char,base,,xian,xian4,common-standard-level-1+pinyin-data,docs/pinyin-v2/import/single_char_dictionary.tsv,FROZEN_DESIGN_DATA_MISSING restore general-purpose single-char base lexicon,false,true
玫,玫,1,single_char,base,,mei,mei2,common-standard-level-1+pinyin-data,docs/pinyin-v2/import/single_char_dictionary.tsv,FROZEN_DESIGN_DATA_MISSING restore general-purpose single-char base lexicon,false,true
表,表,1,single_char,base,,biao,biao3,common-standard-level-1+pinyin-data,docs/pinyin-v2/import/single_char_dictionary.tsv,FROZEN_DESIGN_DATA_MISSING restore general-purpose single-char base lexicon,false,true
规,规,1,single_char,base,,gui,gui1,common-standard-level-1+pinyin-data,docs/pinyin-v2/import/single_char_dictionary.tsv,FROZEN_DESIGN_DATA_MISSING restore general-purpose single-char base lexicon,false,true
抹,抹,1,single_char,base,,mo,mo3,common-standard-level-1+pinyin-data,docs/pinyin-v2/import/single_char_dictionary.tsv,FROZEN_DESIGN_DATA_MISSING restore general-purpose single-char base lexicon,false,true
卦,卦,1,single_char,base,,gua,gua4,common-standard-level-1+pinyin-data,docs/pinyin-v2/import/single_char_dictionary.tsv,FROZEN_DESIGN_DATA_MISSING restore general-purpose single-char base lexicon,false,true
坷,坷,1,single_char,base,,ke,ke3,common-standard-level-1+pinyin-data,docs/pinyin-v2/import/single_char_dictionary.tsv,FROZEN_DESIGN_DATA_MISSING restore general-purpose single-char base lexicon,false,true
坯,坯,1,single_char,base,,pi,pi1,common-standard-level-1+pinyin-data,docs/pinyin-v2/import/single_char_dictionary.tsv,FROZEN_DESIGN_DATA_MISSING restore general-purpose single-char base lexicon,false,true
拓,拓,1,single_char,base,,tuo,tuo4,common-standard-level-1+pinyin-data,docs/pinyin-v2/import/single_char_dictionary.tsv,FROZEN_DESIGN_DATA_MISSING restore general-purpose single-char base lexicon,false,true
拢,拢,1,single_char,base,,long,long3,common-standard-level-1+pinyin-data,docs/pinyin-v2/import/single_char_dictionary.tsv,FROZEN_DESIGN_DATA_MISSING restore general-purpose single-char base lexicon,false,true
拔,拔,1,single_char,base,,ba,ba2,common-standard-level-1+pinyin-data,docs/pinyin-v2/import/single_char_dictionary.tsv,FROZEN_DESIGN_DATA_MISSING restore general-purpose single-char base lexicon,false,true
坪,坪,1,single_char,base,,ping,ping2,common-standard-level-1+pinyin-data,docs/pinyin-v2/import/single_char_dictionary.tsv,FROZEN_DESIGN_DATA_MISSING restore general-purpose single-char base lexicon,false,true
拣,拣,1,single_char,base,,jian,jian3,common-standard-level-1+pinyin-data,docs/pinyin-v2/import/single_char_dictionary.tsv,FROZEN_DESIGN_DATA_MISSING restore general-purpose single-char base lexicon,false,true
坦,坦,1,single_char,base,,tan,tan3,common-standard-level-1+pinyin-data,docs/pinyin-v2/import/single_char_dictionary.tsv,FROZEN_DESIGN_DATA_MISSING restore general-purpose single-char base lexicon,false,true
担,担,1,single_char,base,,dan,dan1,common-standard-level-1+pinyin-data,docs/pinyin-v2/import/single_char_dictionary.tsv,FROZEN_DESIGN_DATA_MISSING restore general-purpose single-char base lexicon,false,true
坤,坤,1,single_char,base,,kun,kun1,common-standard-level-1+pinyin-data,docs/pinyin-v2/import/single_char_dictionary.tsv,FROZEN_DESIGN_DATA_MISSING restore general-purpose single-char base lexicon,false,true
押,押,1,single_char,base,,ya,ya1,common-standard-level-1+pinyin-data,docs/pinyin-v2/import/single_char_dictionary.tsv,FROZEN_DESIGN_DATA_MISSING restore general-purpose single-char base lexicon,false,true
抽,抽,1,single_char,base,,chou,chou1,common-standard-level-1+pinyin-data,docs/pinyin-v2/import/single_char_dictionary.tsv,FROZEN_DESIGN_DATA_MISSING restore general-purpose single-char base lexicon,false,true
拐,拐,1,single_char,base,,guai,guai3,common-standard-level-1+pinyin-data,docs/pinyin-v2/import/single_char_dictionary.tsv,FROZEN_DESIGN_DATA_MISSING restore general-purpose single-char base lexicon,false,true
拖,拖,1,single_char,base,,tuo,tuo1,common-standard-level-1+pinyin-data,docs/pinyin-v2/import/single_char_dictionary.tsv,FROZEN_DESIGN_DATA_MISSING restore general-purpose single-char base lexicon,false,true
者,者,1,single_char,base,,zhe,zhe3,common-standard-level-1+pinyin-data,docs/pinyin-v2/import/single_char_dictionary.tsv,FROZEN_DESIGN_DATA_MISSING restore general-purpose single-char base lexicon,false,true
拍,拍,1,single_char,base,,pai,pai1,common-standard-level-1+pinyin-data,docs/pinyin-v2/import/single_char_dictionary.tsv,FROZEN_DESIGN_DATA_MISSING restore general-purpose single-char base lexicon,false,true
顶,顶,1,single_char,base,,ding,ding3,common-standard-level-1+pinyin-data,docs/pinyin-v2/import/single_char_dictionary.tsv,FROZEN_DESIGN_DATA_MISSING restore general-purpose single-char base lexicon,false,true
拆,拆,1,single_char,base,,chai,chai1,common-standard-level-1+pinyin-data,docs/pinyin-v2/import/single_char_dictionary.tsv,FROZEN_DESIGN_DATA_MISSING restore general-purpose single-char base lexicon,false,true
拎,拎,1,single_char,base,,lin,lin1,common-standard-level-1+pinyin-data,docs/pinyin-v2/import/single_char_dictionary.tsv,FROZEN_DESIGN_DATA_MISSING restore general-purpose single-char base lexicon,false,true
拥,拥,1,single_char,base,,yong,yong1,common-standard-level-1+pinyin-data,docs/pinyin-v2/import/single_char_dictionary.tsv,FROZEN_DESIGN_DATA_MISSING restore general-purpose single-char base lexicon,false,true
抵,抵,1,single_char,base,,di,di3,common-standard-level-1+pinyin-data,docs/pinyin-v2/import/single_char_dictionary.tsv,FROZEN_DESIGN_DATA_MISSING restore general-purpose single-char base lexicon,false,true
拘,拘,1,single_char,base,,ju,ju1,common-standard-level-1+pinyin-data,docs/pinyin-v2/import/single_char_dictionary.tsv,FROZEN_DESIGN_DATA_MISSING restore general-purpose single-char base lexicon,false,true
势,势,1,single_char,base,,shi,shi4,common-standard-level-1+pinyin-data,docs/pinyin-v2/import/single_char_dictionary.tsv,FROZEN_DESIGN_DATA_MISSING restore general-purpose single-char base lexicon,false,true
抱,抱,1,single_char,base,,bao,bao4,common-standard-level-1+pinyin-data,docs/pinyin-v2/import/single_char_dictionary.tsv,FROZEN_DESIGN_DATA_MISSING restore general-purpose single-char base lexicon,false,true
拄,拄,1,single_char,base,,zhu,zhu3,common-standard-level-1+pinyin-data,docs/pinyin-v2/import/single_char_dictionary.tsv,FROZEN_DESIGN_DATA_MISSING restore general-purpose single-char base lexicon,false,true
垃,垃,1,single_char,base,,la,la1,common-standard-level-1+pinyin-data,docs/pinyin-v2/import/single_char_dictionary.tsv,FROZEN_DESIGN_DATA_MISSING restore general-purpose single-char base lexicon,false,true
拉,拉,1,single_char,base,,la,la1,common-standard-level-1+pinyin-data,docs/pinyin-v2/import/single_char_dictionary.tsv,FROZEN_DESIGN_DATA_MISSING restore general-purpose single-char base lexicon,false,true
拦,拦,1,single_char,base,,lan,lan2,common-standard-level-1+pinyin-data,docs/pinyin-v2/import/single_char_dictionary.tsv,FROZEN_DESIGN_DATA_MISSING restore general-purpose single-char base lexicon,false,true
幸,幸,1,single_char,base,,xing,xing4,common-standard-level-1+pinyin-data,docs/pinyin-v2/import/single_char_dictionary.tsv,FROZEN_DESIGN_DATA_MISSING restore general-purpose single-char base lexicon,false,true
拌,拌,1,single_char,base,,ban,ban4,common-standard-level-1+pinyin-data,docs/pinyin-v2/import/single_char_dictionary.tsv,FROZEN_DESIGN_DATA_MISSING restore general-purpose single-char base lexicon,false,true
拧,拧,1,single_char,base,,ning,ning2,common-standard-level-1+pinyin-data,docs/pinyin-v2/import/single_char_dictionary.tsv,FROZEN_DESIGN_DATA_MISSING restore general-purpose single-char base lexicon,false,true
拂,拂,1,single_char,base,,fu,fu2,common-standard-level-1+pinyin-data,docs/pinyin-v2/import/single_char_dictionary.tsv,FROZEN_DESIGN_DATA_MISSING restore general-purpose single-char base lexicon,false,true
拙,拙,1,single_char,base,,zhuo,zhuo1,common-standard-level-1+pinyin-data,docs/pinyin-v2/import/single_char_dictionary.tsv,FROZEN_DESIGN_DATA_MISSING restore general-purpose single-char base lexicon,false,true
招,招,1,single_char,base,,zhao,zhao1,common-standard-level-1+pinyin-data,docs/pinyin-v2/import/single_char_dictionary.tsv,FROZEN_DESIGN_DATA_MISSING restore general-purpose single-char base lexicon,false,true
坡,坡,1,single_char,base,,po,po1,common-standard-level-1+pinyin-data,docs/pinyin-v2/import/single_char_dictionary.tsv,FROZEN_DESIGN_DATA_MISSING restore general-purpose single-char base lexicon,false,true
披,披,1,single_char,base,,pi,pi1,common-standard-level-1+pinyin-data,docs/pinyin-v2/import/single_char_dictionary.tsv,FROZEN_DESIGN_DATA_MISSING restore general-purpose single-char base lexicon,false,true
拨,拨,1,single_char,base,,bo,bo1,common-standard-level-1+pinyin-data,docs/pinyin-v2/import/single_char_dictionary.tsv,FROZEN_DESIGN_DATA_MISSING restore general-purpose single-char base lexicon,false,true
择,择,1,single_char,base,,ze,ze2,common-standard-level-1+pinyin-data,docs/pinyin-v2/import/single_char_dictionary.tsv,FROZEN_DESIGN_DATA_MISSING restore general-purpose single-char base lexicon,false,true
抬,抬,1,single_char,base,,tai,tai2,common-standard-level-1+pinyin-data,docs/pinyin-v2/import/single_char_dictionary.tsv,FROZEN_DESIGN_DATA_MISSING restore general-purpose single-char base lexicon,true,true
拇,拇,1,single_char,base,,mu,mu3,common-standard-level-1+pinyin-data,docs/pinyin-v2/import/single_char_dictionary.tsv,FROZEN_DESIGN_DATA_MISSING restore general-purpose single-char base lexicon,false,true
拗,拗,1,single_char,base,,ao,ao3,common-standard-level-1+pinyin-data,docs/pinyin-v2/import/single_char_dictionary.tsv,FROZEN_DESIGN_DATA_MISSING restore general-purpose single-char base lexicon,false,true
其,其,1,single_char,base,,qi,qi2,common-standard-level-1+pinyin-data,docs/pinyin-v2/import/single_char_dictionary.tsv,FROZEN_DESIGN_DATA_MISSING restore general-purpose single-char base lexicon,false,true
取,取,1,single_char,base,,qu,qu3,common-standard-level-1+pinyin-data,docs/pinyin-v2/import/single_char_dictionary.tsv,FROZEN_DESIGN_DATA_MISSING restore general-purpose single-char base lexicon,false,true
茉,茉,1,single_char,base,,mo,mo4,common-standard-level-1+pinyin-data,docs/pinyin-v2/import/single_char_dictionary.tsv,FROZEN_DESIGN_DATA_MISSING restore general-purpose single-char base lexicon,false,true
苦,苦,1,single_char,base,,ku,ku3,common-standard-level-1+pinyin-data,docs/pinyin-v2/import/single_char_dictionary.tsv,FROZEN_DESIGN_DATA_MISSING restore general-purpose single-char base lexicon,false,true
昔,昔,1,single_char,base,,xi,xi1,common-standard-level-1+pinyin-data,docs/pinyin-v2/import/single_char_dictionary.tsv,FROZEN_DESIGN_DATA_MISSING restore general-purpose single-char base lexicon,false,true
苛,苛,1,single_char,base,,ke,ke1,common-standard-level-1+pinyin-data,docs/pinyin-v2/import/single_char_dictionary.tsv,FROZEN_DESIGN_DATA_MISSING restore general-purpose single-char base lexicon,false,true
若,若,1,single_char,base,,ruo,ruo4,common-standard-level-1+pinyin-data,docs/pinyin-v2/import/single_char_dictionary.tsv,FROZEN_DESIGN_DATA_MISSING restore general-purpose single-char base lexicon,false,true
茂,茂,1,single_char,base,,mao,mao4,common-standard-level-1+pinyin-data,docs/pinyin-v2/import/single_char_dictionary.tsv,FROZEN_DESIGN_DATA_MISSING restore general-purpose single-char base lexicon,false,true
苹,苹,1,single_char,base,,ping,ping2,common-standard-level-1+pinyin-data,docs/pinyin-v2/import/single_char_dictionary.tsv,FROZEN_DESIGN_DATA_MISSING restore general-purpose single-char base lexicon,false,true
苗,苗,1,single_char,base,,miao,miao2,common-standard-level-1+pinyin-data,docs/pinyin-v2/import/single_char_dictionary.tsv,FROZEN_DESIGN_DATA_MISSING restore general-purpose single-char base lexicon,false,true
英,英,1,single_char,base,,ying,ying1,common-standard-level-1+pinyin-data,docs/pinyin-v2/import/single_char_dictionary.tsv,FROZEN_DESIGN_DATA_MISSING restore general-purpose single-char base lexicon,false,true
苟,苟,1,single_char,base,,gou,gou3,common-standard-level-1+pinyin-data,docs/pinyin-v2/import/single_char_dictionary.tsv,FROZEN_DESIGN_DATA_MISSING restore general-purpose single-char base lexicon,false,true
苑,苑,1,single_char,base,,yuan,yuan4,common-standard-level-1+pinyin-data,docs/pinyin-v2/import/single_char_dictionary.tsv,FROZEN_DESIGN_DATA_MISSING restore general-purpose single-char base lexicon,false,true
苞,苞,1,single_char,base,,bao,bao1,common-standard-level-1+pinyin-data,docs/pinyin-v2/import/single_char_dictionary.tsv,FROZEN_DESIGN_DATA_MISSING restore general-purpose single-char base lexicon,false,true
范,范,1,single_char,base,,fan,fan4,common-standard-level-1+pinyin-data,docs/pinyin-v2/import/single_char_dictionary.tsv,FROZEN_DESIGN_DATA_MISSING restore general-purpose single-char base lexicon,false,true
直,直,1,single_char,base,,zhi,zhi2,common-standard-level-1+pinyin-data,docs/pinyin-v2/import/single_char_dictionary.tsv,FROZEN_DESIGN_DATA_MISSING restore general-purpose single-char base lexicon,false,true
茁,茁,1,single_char,base,,zhuo,zhuo2,common-standard-level-1+pinyin-data,docs/pinyin-v2/import/single_char_dictionary.tsv,FROZEN_DESIGN_DATA_MISSING restore general-purpose single-char base lexicon,false,true
茄,茄,1,single_char,base,,jia,jia1,common-standard-level-1+pinyin-data,docs/pinyin-v2/import/single_char_dictionary.tsv,FROZEN_DESIGN_DATA_MISSING restore general-purpose single-char base lexicon,false,true
茎,茎,1,single_char,base,,jing,jing1,common-standard-level-1+pinyin-data,docs/pinyin-v2/import/single_char_dictionary.tsv,FROZEN_DESIGN_DATA_MISSING restore general-purpose single-char base lexicon,false,true
苔,苔,1,single_char,base,,tai,tai2,common-standard-level-1+pinyin-data,docs/pinyin-v2/import/single_char_dictionary.tsv,FROZEN_DESIGN_DATA_MISSING restore general-purpose single-char base lexicon,false,true
茅,茅,1,single_char,base,,mao,mao2,common-standard-level-1+pinyin-data,docs/pinyin-v2/import/single_char_dictionary.tsv,FROZEN_DESIGN_DATA_MISSING restore general-purpose single-char base lexicon,false,true
枉,枉,1,single_char,base,,wang,wang3,common-standard-level-1+pinyin-data,docs/pinyin-v2/import/single_char_dictionary.tsv,FROZEN_DESIGN_DATA_MISSING restore general-purpose single-char base lexicon,false,true
林,林,1,single_char,base,,lin,lin2,common-standard-level-1+pinyin-data,docs/pinyin-v2/import/single_char_dictionary.tsv,FROZEN_DESIGN_DATA_MISSING restore general-purpose single-char base lexicon,false,true
枝,枝,1,single_char,base,,zhi,zhi1,common-standard-level-1+pinyin-data,docs/pinyin-v2/import/single_char_dictionary.tsv,FROZEN_DESIGN_DATA_MISSING restore general-purpose single-char base lexicon,false,true
杯,杯,1,single_char,base,,bei,bei1,common-standard-level-1+pinyin-data,docs/pinyin-v2/import/single_char_dictionary.tsv,FROZEN_DESIGN_DATA_MISSING restore general-purpose single-char base lexicon,true,true
枢,枢,1,single_char,base,,shu,shu1,common-standard-level-1+pinyin-data,docs/pinyin-v2/import/single_char_dictionary.tsv,FROZEN_DESIGN_DATA_MISSING restore general-purpose single-char base lexicon,false,true
柜,柜,1,single_char,base,,gui,gui4,common-standard-level-1+pinyin-data,docs/pinyin-v2/import/single_char_dictionary.tsv,FROZEN_DESIGN_DATA_MISSING restore general-purpose single-char base lexicon,false,true
枚,枚,1,single_char,base,,mei,mei2,common-standard-level-1+pinyin-data,docs/pinyin-v2/import/single_char_dictionary.tsv,FROZEN_DESIGN_DATA_MISSING restore general-purpose single-char base lexicon,false,true
析,析,1,single_char,base,,xi,xi1,common-standard-level-1+pinyin-data,docs/pinyin-v2/import/single_char_dictionary.tsv,FROZEN_DESIGN_DATA_MISSING restore general-purpose single-char base lexicon,false,true
板,板,1,single_char,base,,ban,ban3,common-standard-level-1+pinyin-data,docs/pinyin-v2/import/single_char_dictionary.tsv,FROZEN_DESIGN_DATA_MISSING restore general-purpose single-char base lexicon,false,true
松,松,1,single_char,base,,song,song1,common-standard-level-1+pinyin-data,docs/pinyin-v2/import/single_char_dictionary.tsv,FROZEN_DESIGN_DATA_MISSING restore general-purpose single-char base lexicon,false,true
枪,枪,1,single_char,base,,qiang,qiang1,common-standard-level-1+pinyin-data,docs/pinyin-v2/import/single_char_dictionary.tsv,FROZEN_DESIGN_DATA_MISSING restore general-purpose single-char base lexicon,false,true
枫,枫,1,single_char,base,,feng,feng1,common-standard-level-1+pinyin-data,docs/pinyin-v2/import/single_char_dictionary.tsv,FROZEN_DESIGN_DATA_MISSING restore general-purpose single-char base lexicon,false,true
构,构,1,single_char,base,,gou,gou4,common-standard-level-1+pinyin-data,docs/pinyin-v2/import/single_char_dictionary.tsv,FROZEN_DESIGN_DATA_MISSING restore general-purpose single-char base lexicon,false,true
杭,杭,1,single_char,base,,hang,hang2,common-standard-level-1+pinyin-data,docs/pinyin-v2/import/single_char_dictionary.tsv,FROZEN_DESIGN_DATA_MISSING restore general-purpose single-char base lexicon,false,true
杰,杰,1,single_char,base,,jie,jie2,common-standard-level-1+pinyin-data,docs/pinyin-v2/import/single_char_dictionary.tsv,FROZEN_DESIGN_DATA_MISSING restore general-purpose single-char base lexicon,false,true
述,述,1,single_char,base,,shu,shu4,common-standard-level-1+pinyin-data,docs/pinyin-v2/import/single_char_dictionary.tsv,FROZEN_DESIGN_DATA_MISSING restore general-purpose single-char base lexicon,false,true
枕,枕,1,single_char,base,,zhen,zhen3,common-standard-level-1+pinyin-data,docs/pinyin-v2/import/single_char_dictionary.tsv,FROZEN_DESIGN_DATA_MISSING restore general-purpose single-char base lexicon,false,true
丧,丧,1,single_char,base,,sang,sang4,common-standard-level-1+pinyin-data,docs/pinyin-v2/import/single_char_dictionary.tsv,FROZEN_DESIGN_DATA_MISSING restore general-purpose single-char base lexicon,false,true
或,或,1,single_char,base,,huo,huo4,common-standard-level-1+pinyin-data,docs/pinyin-v2/import/single_char_dictionary.tsv,FROZEN_DESIGN_DATA_MISSING restore general-purpose single-char base lexicon,false,true
画,画,1,single_char,base,,hua,hua4,common-standard-level-1+pinyin-data,docs/pinyin-v2/import/single_char_dictionary.tsv,FROZEN_DESIGN_DATA_MISSING restore general-purpose single-char base lexicon,false,true
卧,卧,1,single_char,base,,wo,wo4,common-standard-level-1+pinyin-data,docs/pinyin-v2/import/single_char_dictionary.tsv,FROZEN_DESIGN_DATA_MISSING restore general-purpose single-char base lexicon,false,true
事,事,1,single_char,base,,shi,shi4,common-standard-level-1+pinyin-data,docs/pinyin-v2/import/single_char_dictionary.tsv,FROZEN_DESIGN_DATA_MISSING restore general-purpose single-char base lexicon,false,true
刺,刺,1,single_char,base,,ci,ci4,common-standard-level-1+pinyin-data,docs/pinyin-v2/import/single_char_dictionary.tsv,FROZEN_DESIGN_DATA_MISSING restore general-purpose single-char base lexicon,false,true
枣,枣,1,single_char,base,,zao,zao3,common-standard-level-1+pinyin-data,docs/pinyin-v2/import/single_char_dictionary.tsv,FROZEN_DESIGN_DATA_MISSING restore general-purpose single-char base lexicon,false,true
雨,雨,1,single_char,base,,yu,yu3,common-standard-level-1+pinyin-data,docs/pinyin-v2/import/single_char_dictionary.tsv,FROZEN_DESIGN_DATA_MISSING restore general-purpose single-char base lexicon,false,true
卖,卖,1,single_char,base,,mai,mai4,common-standard-level-1+pinyin-data,docs/pinyin-v2/import/single_char_dictionary.tsv,FROZEN_DESIGN_DATA_MISSING restore general-purpose single-char base lexicon,false,true
郁,郁,1,single_char,base,,yu,yu4,common-standard-level-1+pinyin-data,docs/pinyin-v2/import/single_char_dictionary.tsv,FROZEN_DESIGN_DATA_MISSING restore general-purpose single-char base lexicon,false,true
矾,矾,1,single_char,base,,fan,fan2,common-standard-level-1+pinyin-data,docs/pinyin-v2/import/single_char_dictionary.tsv,FROZEN_DESIGN_DATA_MISSING restore general-purpose single-char base lexicon,false,true
矿,矿,1,single_char,base,,kuang,kuang4,common-standard-level-1+pinyin-data,docs/pinyin-v2/import/single_char_dictionary.tsv,FROZEN_DESIGN_DATA_MISSING restore general-purpose single-char base lexicon,false,true
码,码,1,single_char,base,,ma,ma3,common-standard-level-1+pinyin-data,docs/pinyin-v2/import/single_char_dictionary.tsv,FROZEN_DESIGN_DATA_MISSING restore general-purpose single-char base lexicon,true,true
厕,厕,1,single_char,base,,ce,ce4,common-standard-level-1+pinyin-data,docs/pinyin-v2/import/single_char_dictionary.tsv,FROZEN_DESIGN_DATA_MISSING restore general-purpose single-char base lexicon,false,true
奈,奈,1,single_char,base,,nai,nai4,common-standard-level-1+pinyin-data,docs/pinyin-v2/import/single_char_dictionary.tsv,FROZEN_DESIGN_DATA_MISSING restore general-purpose single-char base lexicon,false,true
奔,奔,1,single_char,base,,ben,ben1,common-standard-level-1+pinyin-data,docs/pinyin-v2/import/single_char_dictionary.tsv,FROZEN_DESIGN_DATA_MISSING restore general-purpose single-char base lexicon,false,true
奇,奇,1,single_char,base,,qi,qi2,common-standard-level-1+pinyin-data,docs/pinyin-v2/import/single_char_dictionary.tsv,FROZEN_DESIGN_DATA_MISSING restore general-purpose single-char base lexicon,true,true
奋,奋,1,single_char,base,,fen,fen4,common-standard-level-1+pinyin-data,docs/pinyin-v2/import/single_char_dictionary.tsv,FROZEN_DESIGN_DATA_MISSING restore general-purpose single-char base lexicon,false,true
态,态,1,single_char,base,,tai,tai4,common-standard-level-1+pinyin-data,docs/pinyin-v2/import/single_char_dictionary.tsv,FROZEN_DESIGN_DATA_MISSING restore general-purpose single-char base lexicon,false,true
欧,欧,1,single_char,base,,ou,ou1,common-standard-level-1+pinyin-data,docs/pinyin-v2/import/single_char_dictionary.tsv,FROZEN_DESIGN_DATA_MISSING restore general-purpose single-char base lexicon,false,true
殴,殴,1,single_char,base,,ou,ou1,common-standard-level-1+pinyin-data,docs/pinyin-v2/import/single_char_dictionary.tsv,FROZEN_DESIGN_DATA_MISSING restore general-purpose single-char base lexicon,false,true
垄,垄,1,single_char,base,,long,long3,common-standard-level-1+pinyin-data,docs/pinyin-v2/import/single_char_dictionary.tsv,FROZEN_DESIGN_DATA_MISSING restore general-purpose single-char base lexicon,false,true
妻,妻,1,single_char,base,,qi,qi1,common-standard-level-1+pinyin-data,docs/pinyin-v2/import/single_char_dictionary.tsv,FROZEN_DESIGN_DATA_MISSING restore general-purpose single-char base lexicon,false,true
轰,轰,1,single_char,base,,hong,hong1,common-standard-level-1+pinyin-data,docs/pinyin-v2/import/single_char_dictionary.tsv,FROZEN_DESIGN_DATA_MISSING restore general-purpose single-char base lexicon,false,true
顷,顷,1,single_char,base,,qing,qing3,common-standard-level-1+pinyin-data,docs/pinyin-v2/import/single_char_dictionary.tsv,FROZEN_DESIGN_DATA_MISSING restore general-purpose single-char base lexicon,false,true
转,转,1,single_char,base,,zhuan,zhuan3,common-standard-level-1+pinyin-data,docs/pinyin-v2/import/single_char_dictionary.tsv,FROZEN_DESIGN_DATA_MISSING restore general-purpose single-char base lexicon,false,true
斩,斩,1,single_char,base,,zhan,zhan3,common-standard-level-1+pinyin-data,docs/pinyin-v2/import/single_char_dictionary.tsv,FROZEN_DESIGN_DATA_MISSING restore general-purpose single-char base lexicon,false,true
轮,轮,1,single_char,base,,lun,lun2,common-standard-level-1+pinyin-data,docs/pinyin-v2/import/single_char_dictionary.tsv,FROZEN_DESIGN_DATA_MISSING restore general-purpose single-char base lexicon,false,true
软,软,1,single_char,base,,ruan,ruan3,common-standard-level-1+pinyin-data,docs/pinyin-v2/import/single_char_dictionary.tsv,FROZEN_DESIGN_DATA_MISSING restore general-purpose single-char base lexicon,false,true
到,到,1,single_char,base,,dao,dao4,common-standard-level-1+pinyin-data,docs/pinyin-v2/import/single_char_dictionary.tsv,FROZEN_DESIGN_DATA_MISSING restore general-purpose single-char base lexicon,false,true
非,非,1,single_char,base,,fei,fei1,common-standard-level-1+pinyin-data,docs/pinyin-v2/import/single_char_dictionary.tsv,FROZEN_DESIGN_DATA_MISSING restore general-purpose single-char base lexicon,false,true
叔,叔,1,single_char,base,,shu,shu1,common-standard-level-1+pinyin-data,docs/pinyin-v2/import/single_char_dictionary.tsv,FROZEN_DESIGN_DATA_MISSING restore general-purpose single-char base lexicon,false,true
歧,歧,1,single_char,base,,qi,qi2,common-standard-level-1+pinyin-data,docs/pinyin-v2/import/single_char_dictionary.tsv,FROZEN_DESIGN_DATA_MISSING restore general-purpose single-char base lexicon,false,true
肯,肯,1,single_char,base,,ken,ken3,common-standard-level-1+pinyin-data,docs/pinyin-v2/import/single_char_dictionary.tsv,FROZEN_DESIGN_DATA_MISSING restore general-purpose single-char base lexicon,false,true
齿,齿,1,single_char,base,,chi,chi3,common-standard-level-1+pinyin-data,docs/pinyin-v2/import/single_char_dictionary.tsv,FROZEN_DESIGN_DATA_MISSING restore general-purpose single-char base lexicon,false,true
些,些,1,single_char,base,,xie,xie1,common-standard-level-1+pinyin-data,docs/pinyin-v2/import/single_char_dictionary.tsv,FROZEN_DESIGN_DATA_MISSING restore general-purpose single-char base lexicon,false,true
卓,卓,1,single_char,base,,zhuo,zhuo2,common-standard-level-1+pinyin-data,docs/pinyin-v2/import/single_char_dictionary.tsv,FROZEN_DESIGN_DATA_MISSING restore general-purpose single-char base lexicon,false,true
虎,虎,1,single_char,base,,hu,hu3,common-standard-level-1+pinyin-data,docs/pinyin-v2/import/single_char_dictionary.tsv,FROZEN_DESIGN_DATA_MISSING restore general-purpose single-char base lexicon,false,true
虏,虏,1,single_char,base,,lu,lu3,common-standard-level-1+pinyin-data,docs/pinyin-v2/import/single_char_dictionary.tsv,FROZEN_DESIGN_DATA_MISSING restore general-purpose single-char base lexicon,false,true
肾,肾,1,single_char,base,,shen,shen4,common-standard-level-1+pinyin-data,docs/pinyin-v2/import/single_char_dictionary.tsv,FROZEN_DESIGN_DATA_MISSING restore general-purpose single-char base lexicon,false,true
贤,贤,1,single_char,base,,xian,xian2,common-standard-level-1+pinyin-data,docs/pinyin-v2/import/single_char_dictionary.tsv,FROZEN_DESIGN_DATA_MISSING restore general-purpose single-char base lexicon,false,true
尚,尚,1,single_char,base,,shang,shang4,common-standard-level-1+pinyin-data,docs/pinyin-v2/import/single_char_dictionary.tsv,FROZEN_DESIGN_DATA_MISSING restore general-purpose single-char base lexicon,false,true
旺,旺,1,single_char,base,,wang,wang4,common-standard-level-1+pinyin-data,docs/pinyin-v2/import/single_char_dictionary.tsv,FROZEN_DESIGN_DATA_MISSING restore general-purpose single-char base lexicon,false,true
具,具,1,single_char,base,,ju,ju4,common-standard-level-1+pinyin-data,docs/pinyin-v2/import/single_char_dictionary.tsv,FROZEN_DESIGN_DATA_MISSING restore general-purpose single-char base lexicon,false,true
味,味,1,single_char,base,,wei,wei4,common-standard-level-1+pinyin-data,docs/pinyin-v2/import/single_char_dictionary.tsv,FROZEN_DESIGN_DATA_MISSING restore general-purpose single-char base lexicon,false,true
果,果,1,single_char,base,,guo,guo3,common-standard-level-1+pinyin-data,docs/pinyin-v2/import/single_char_dictionary.tsv,FROZEN_DESIGN_DATA_MISSING restore general-purpose single-char base lexicon,false,true
昆,昆,1,single_char,base,,kun,kun1,common-standard-level-1+pinyin-data,docs/pinyin-v2/import/single_char_dictionary.tsv,FROZEN_DESIGN_DATA_MISSING restore general-purpose single-char base lexicon,false,true
国,国,1,single_char,base,,guo,guo2,common-standard-level-1+pinyin-data,docs/pinyin-v2/import/single_char_dictionary.tsv,FROZEN_DESIGN_DATA_MISSING restore general-purpose single-char base lexicon,false,true
哎,哎,1,single_char,base,,ai,ai1,common-standard-level-1+pinyin-data,docs/pinyin-v2/import/single_char_dictionary.tsv,FROZEN_DESIGN_DATA_MISSING restore general-purpose single-char base lexicon,false,true
咕,咕,1,single_char,base,,gu,gu1,common-standard-level-1+pinyin-data,docs/pinyin-v2/import/single_char_dictionary.tsv,FROZEN_DESIGN_DATA_MISSING restore general-purpose single-char base lexicon,false,true
昌,昌,1,single_char,base,,chang,chang1,common-standard-level-1+pinyin-data,docs/pinyin-v2/import/single_char_dictionary.tsv,FROZEN_DESIGN_DATA_MISSING restore general-purpose single-char base lexicon,false,true
呵,呵,1,single_char,base,,he,he1,common-standard-level-1+pinyin-data,docs/pinyin-v2/import/single_char_dictionary.tsv,FROZEN_DESIGN_DATA_MISSING restore general-purpose single-char base lexicon,false,true
畅,畅,1,single_char,base,,chang,chang4,common-standard-level-1+pinyin-data,docs/pinyin-v2/import/single_char_dictionary.tsv,FROZEN_DESIGN_DATA_MISSING restore general-purpose single-char base lexicon,false,true
明,明,1,single_char,base,,ming,ming2,common-standard-level-1+pinyin-data,docs/pinyin-v2/import/single_char_dictionary.tsv,FROZEN_DESIGN_DATA_MISSING restore general-purpose single-char base lexicon,false,true
易,易,1,single_char,base,,yi,yi4,common-standard-level-1+pinyin-data,docs/pinyin-v2/import/single_char_dictionary.tsv,FROZEN_DESIGN_DATA_MISSING restore general-purpose single-char base lexicon,false,true
咙,咙,1,single_char,base,,long,long2,common-standard-level-1+pinyin-data,docs/pinyin-v2/import/single_char_dictionary.tsv,FROZEN_DESIGN_DATA_MISSING restore general-purpose single-char base lexicon,false,true
昂,昂,1,single_char,base,,ang,ang2,common-standard-level-1+pinyin-data,docs/pinyin-v2/import/single_char_dictionary.tsv,FROZEN_DESIGN_DATA_MISSING restore general-purpose single-char base lexicon,false,true
迪,迪,1,single_char,base,,di,di2,common-standard-level-1+pinyin-data,docs/pinyin-v2/import/single_char_dictionary.tsv,FROZEN_DESIGN_DATA_MISSING restore general-purpose single-char base lexicon,false,true
典,典,1,single_char,base,,dian,dian3,common-standard-level-1+pinyin-data,docs/pinyin-v2/import/single_char_dictionary.tsv,FROZEN_DESIGN_DATA_MISSING restore general-purpose single-char base lexicon,false,true
固,固,1,single_char,base,,gu,gu4,common-standard-level-1+pinyin-data,docs/pinyin-v2/import/single_char_dictionary.tsv,FROZEN_DESIGN_DATA_MISSING restore general-purpose single-char base lexicon,false,true
忠,忠,1,single_char,base,,zhong,zhong1,common-standard-level-1+pinyin-data,docs/pinyin-v2/import/single_char_dictionary.tsv,FROZEN_DESIGN_DATA_MISSING restore general-purpose single-char base lexicon,false,true
呻,呻,1,single_char,base,,shen,shen1,common-standard-level-1+pinyin-data,docs/pinyin-v2/import/single_char_dictionary.tsv,FROZEN_DESIGN_DATA_MISSING restore general-purpose single-char base lexicon,false,true
咒,咒,1,single_char,base,,zhou,zhou4,common-standard-level-1+pinyin-data,docs/pinyin-v2/import/single_char_dictionary.tsv,FROZEN_DESIGN_DATA_MISSING restore general-purpose single-char base lexicon,false,true
咋,咋,1,single_char,base,,za,za3,common-standard-level-1+pinyin-data,docs/pinyin-v2/import/single_char_dictionary.tsv,FROZEN_DESIGN_DATA_MISSING restore general-purpose single-char base lexicon,false,true
咐,咐,1,single_char,base,,fu,fu4,common-standard-level-1+pinyin-data,docs/pinyin-v2/import/single_char_dictionary.tsv,FROZEN_DESIGN_DATA_MISSING restore general-purpose single-char base lexicon,false,true
呼,呼,1,single_char,base,,hu,hu1,common-standard-level-1+pinyin-data,docs/pinyin-v2/import/single_char_dictionary.tsv,FROZEN_DESIGN_DATA_MISSING restore general-purpose single-char base lexicon,false,true
鸣,鸣,1,single_char,base,,ming,ming2,common-standard-level-1+pinyin-data,docs/pinyin-v2/import/single_char_dictionary.tsv,FROZEN_DESIGN_DATA_MISSING restore general-purpose single-char base lexicon,false,true
咏,咏,1,single_char,base,,yong,yong3,common-standard-level-1+pinyin-data,docs/pinyin-v2/import/single_char_dictionary.tsv,FROZEN_DESIGN_DATA_MISSING restore general-purpose single-char base lexicon,false,true
呢,呢,1,single_char,base,,ne,ne,common-standard-level-1+pinyin-data,docs/pinyin-v2/import/single_char_dictionary.tsv,FROZEN_DESIGN_DATA_MISSING restore general-purpose single-char base lexicon,false,true
咄,咄,1,single_char,base,,duo,duo1,common-standard-level-1+pinyin-data,docs/pinyin-v2/import/single_char_dictionary.tsv,FROZEN_DESIGN_DATA_MISSING restore general-purpose single-char base lexicon,false,true
咖,咖,1,single_char,base,,ka,ka1,common-standard-level-1+pinyin-data,docs/pinyin-v2/import/single_char_dictionary.tsv,FROZEN_DESIGN_DATA_MISSING restore general-purpose single-char base lexicon,false,true
岸,岸,1,single_char,base,,an,an4,common-standard-level-1+pinyin-data,docs/pinyin-v2/import/single_char_dictionary.tsv,FROZEN_DESIGN_DATA_MISSING restore general-purpose single-char base lexicon,false,true
岩,岩,1,single_char,base,,yan,yan2,common-standard-level-1+pinyin-data,docs/pinyin-v2/import/single_char_dictionary.tsv,FROZEN_DESIGN_DATA_MISSING restore general-purpose single-char base lexicon,false,true
帖,帖,1,single_char,base,,tie,tie1,common-standard-level-1+pinyin-data,docs/pinyin-v2/import/single_char_dictionary.tsv,FROZEN_DESIGN_DATA_MISSING restore general-purpose single-char base lexicon,false,true
罗,罗,1,single_char,base,,luo,luo2,common-standard-level-1+pinyin-data,docs/pinyin-v2/import/single_char_dictionary.tsv,FROZEN_DESIGN_DATA_MISSING restore general-purpose single-char base lexicon,false,true
帜,帜,1,single_char,base,,zhi,zhi4,common-standard-level-1+pinyin-data,docs/pinyin-v2/import/single_char_dictionary.tsv,FROZEN_DESIGN_DATA_MISSING restore general-purpose single-char base lexicon,false,true
帕,帕,1,single_char,base,,pa,pa4,common-standard-level-1+pinyin-data,docs/pinyin-v2/import/single_char_dictionary.tsv,FROZEN_DESIGN_DATA_MISSING restore general-purpose single-char base lexicon,false,true
岭,岭,1,single_char,base,,ling,ling3,common-standard-level-1+pinyin-data,docs/pinyin-v2/import/single_char_dictionary.tsv,FROZEN_DESIGN_DATA_MISSING restore general-purpose single-char base lexicon,false,true
凯,凯,1,single_char,base,,kai,kai3,common-standard-level-1+pinyin-data,docs/pinyin-v2/import/single_char_dictionary.tsv,FROZEN_DESIGN_DATA_MISSING restore general-purpose single-char base lexicon,false,true
败,败,1,single_char,base,,bai,bai4,common-standard-level-1+pinyin-data,docs/pinyin-v2/import/single_char_dictionary.tsv,FROZEN_DESIGN_DATA_MISSING restore general-purpose single-char base lexicon,false,true
账,账,1,single_char,base,,zhang,zhang4,common-standard-level-1+pinyin-data,docs/pinyin-v2/import/single_char_dictionary.tsv,FROZEN_DESIGN_DATA_MISSING restore general-purpose single-char base lexicon,true,true
贩,贩,1,single_char,base,,fan,fan4,common-standard-level-1+pinyin-data,docs/pinyin-v2/import/single_char_dictionary.tsv,FROZEN_DESIGN_DATA_MISSING restore general-purpose single-char base lexicon,false,true
贬,贬,1,single_char,base,,bian,bian3,common-standard-level-1+pinyin-data,docs/pinyin-v2/import/single_char_dictionary.tsv,FROZEN_DESIGN_DATA_MISSING restore general-purpose single-char base lexicon,false,true
购,购,1,single_char,base,,gou,gou4,common-standard-level-1+pinyin-data,docs/pinyin-v2/import/single_char_dictionary.tsv,FROZEN_DESIGN_DATA_MISSING restore general-purpose single-char base lexicon,false,true
贮,贮,1,single_char,base,,zhu,zhu4,common-standard-level-1+pinyin-data,docs/pinyin-v2/import/single_char_dictionary.tsv,FROZEN_DESIGN_DATA_MISSING restore general-purpose single-char base lexicon,false,true
图,图,1,single_char,base,,tu,tu2,common-standard-level-1+pinyin-data,docs/pinyin-v2/import/single_char_dictionary.tsv,FROZEN_DESIGN_DATA_MISSING restore general-purpose single-char base lexicon,false,true
钓,钓,1,single_char,base,,diao,diao4,common-standard-level-1+pinyin-data,docs/pinyin-v2/import/single_char_dictionary.tsv,FROZEN_DESIGN_DATA_MISSING restore general-purpose single-char base lexicon,false,true
制,制,1,single_char,base,,zhi,zhi4,common-standard-level-1+pinyin-data,docs/pinyin-v2/import/single_char_dictionary.tsv,FROZEN_DESIGN_DATA_MISSING restore general-purpose single-char base lexicon,true,true
知,知,1,single_char,base,,zhi,zhi1,common-standard-level-1+pinyin-data,docs/pinyin-v2/import/single_char_dictionary.tsv,FROZEN_DESIGN_DATA_MISSING restore general-purpose single-char base lexicon,false,true
迭,迭,1,single_char,base,,die,die2,common-standard-level-1+pinyin-data,docs/pinyin-v2/import/single_char_dictionary.tsv,FROZEN_DESIGN_DATA_MISSING restore general-purpose single-char base lexicon,false,true
氛,氛,1,single_char,base,,fen,fen1,common-standard-level-1+pinyin-data,docs/pinyin-v2/import/single_char_dictionary.tsv,FROZEN_DESIGN_DATA_MISSING restore general-purpose single-char base lexicon,false,true
垂,垂,1,single_char,base,,chui,chui2,common-standard-level-1+pinyin-data,docs/pinyin-v2/import/single_char_dictionary.tsv,FROZEN_DESIGN_DATA_MISSING restore general-purpose single-char base lexicon,false,true
牧,牧,1,single_char,base,,mu,mu4,common-standard-level-1+pinyin-data,docs/pinyin-v2/import/single_char_dictionary.tsv,FROZEN_DESIGN_DATA_MISSING restore general-purpose single-char base lexicon,false,true
物,物,1,single_char,base,,wu,wu4,common-standard-level-1+pinyin-data,docs/pinyin-v2/import/single_char_dictionary.tsv,FROZEN_DESIGN_DATA_MISSING restore general-purpose single-char base lexicon,false,true
乖,乖,1,single_char,base,,guai,guai1,common-standard-level-1+pinyin-data,docs/pinyin-v2/import/single_char_dictionary.tsv,FROZEN_DESIGN_DATA_MISSING restore general-purpose single-char base lexicon,false,true
刮,刮,1,single_char,base,,gua,gua1,common-standard-level-1+pinyin-data,docs/pinyin-v2/import/single_char_dictionary.tsv,FROZEN_DESIGN_DATA_MISSING restore general-purpose single-char base lexicon,false,true
秆,秆,1,single_char,base,,gan,gan3,common-standard-level-1+pinyin-data,docs/pinyin-v2/import/single_char_dictionary.tsv,FROZEN_DESIGN_DATA_MISSING restore general-purpose single-char base lexicon,false,true
和,和,1,single_char,base,,he,he2,common-standard-level-1+pinyin-data,docs/pinyin-v2/import/single_char_dictionary.tsv,FROZEN_DESIGN_DATA_MISSING restore general-purpose single-char base lexicon,false,true
季,季,1,single_char,base,,ji,ji4,common-standard-level-1+pinyin-data,docs/pinyin-v2/import/single_char_dictionary.tsv,FROZEN_DESIGN_DATA_MISSING restore general-purpose single-char base lexicon,false,true
委,委,1,single_char,base,,wei,wei3,common-standard-level-1+pinyin-data,docs/pinyin-v2/import/single_char_dictionary.tsv,FROZEN_DESIGN_DATA_MISSING restore general-purpose single-char base lexicon,false,true
秉,秉,1,single_char,base,,bing,bing3,common-standard-level-1+pinyin-data,docs/pinyin-v2/import/single_char_dictionary.tsv,FROZEN_DESIGN_DATA_MISSING restore general-purpose single-char base lexicon,false,true
佳,佳,1,single_char,base,,jia,jia1,common-standard-level-1+pinyin-data,docs/pinyin-v2/import/single_char_dictionary.tsv,FROZEN_DESIGN_DATA_MISSING restore general-purpose single-char base lexicon,false,true
侍,侍,1,single_char,base,,shi,shi4,common-standard-level-1+pinyin-data,docs/pinyin-v2/import/single_char_dictionary.tsv,FROZEN_DESIGN_DATA_MISSING restore general-purpose single-char base lexicon,false,true
岳,岳,1,single_char,base,,yue,yue4,common-standard-level-1+pinyin-data,docs/pinyin-v2/import/single_char_dictionary.tsv,FROZEN_DESIGN_DATA_MISSING restore general-purpose single-char base lexicon,false,true
供,供,1,single_char,base,,gong,gong1,common-standard-level-1+pinyin-data,docs/pinyin-v2/import/single_char_dictionary.tsv,FROZEN_DESIGN_DATA_MISSING restore general-purpose single-char base lexicon,false,true
使,使,1,single_char,base,,shi,shi3,common-standard-level-1+pinyin-data,docs/pinyin-v2/import/single_char_dictionary.tsv,FROZEN_DESIGN_DATA_MISSING restore general-purpose single-char base lexicon,false,true
例,例,1,single_char,base,,li,li4,common-standard-level-1+pinyin-data,docs/pinyin-v2/import/single_char_dictionary.tsv,FROZEN_DESIGN_DATA_MISSING restore general-purpose single-char base lexicon,false,true
侠,侠,1,single_char,base,,xia,xia2,common-standard-level-1+pinyin-data,docs/pinyin-v2/import/single_char_dictionary.tsv,FROZEN_DESIGN_DATA_MISSING restore general-purpose single-char base lexicon,false,true
侥,侥,1,single_char,base,,jiao,jiao3,common-standard-level-1+pinyin-data,docs/pinyin-v2/import/single_char_dictionary.tsv,FROZEN_DESIGN_DATA_MISSING restore general-purpose single-char base lexicon,false,true
版,版,1,single_char,base,,ban,ban3,common-standard-level-1+pinyin-data,docs/pinyin-v2/import/single_char_dictionary.tsv,FROZEN_DESIGN_DATA_MISSING restore general-purpose single-char base lexicon,true,true
侄,侄,1,single_char,base,,zhi,zhi2,common-standard-level-1+pinyin-data,docs/pinyin-v2/import/single_char_dictionary.tsv,FROZEN_DESIGN_DATA_MISSING restore general-purpose single-char base lexicon,false,true
侦,侦,1,single_char,base,,zhen,zhen1,common-standard-level-1+pinyin-data,docs/pinyin-v2/import/single_char_dictionary.tsv,FROZEN_DESIGN_DATA_MISSING restore general-purpose single-char base lexicon,false,true
侣,侣,1,single_char,base,,lv,lv3,common-standard-level-1+pinyin-data,docs/pinyin-v2/import/single_char_dictionary.tsv,FROZEN_DESIGN_DATA_MISSING restore general-purpose single-char base lexicon,false,true
侧,侧,1,single_char,base,,ce,ce4,common-standard-level-1+pinyin-data,docs/pinyin-v2/import/single_char_dictionary.tsv,FROZEN_DESIGN_DATA_MISSING restore general-purpose single-char base lexicon,false,true
凭,凭,1,single_char,base,,ping,ping2,common-standard-level-1+pinyin-data,docs/pinyin-v2/import/single_char_dictionary.tsv,FROZEN_DESIGN_DATA_MISSING restore general-purpose single-char base lexicon,false,true
侨,侨,1,single_char,base,,qiao,qiao2,common-standard-level-1+pinyin-data,docs/pinyin-v2/import/single_char_dictionary.tsv,FROZEN_DESIGN_DATA_MISSING restore general-purpose single-char base lexicon,false,true
佩,佩,1,single_char,base,,pei,pei4,common-standard-level-1+pinyin-data,docs/pinyin-v2/import/single_char_dictionary.tsv,FROZEN_DESIGN_DATA_MISSING restore general-purpose single-char base lexicon,false,true
货,货,1,single_char,base,,huo,huo4,common-standard-level-1+pinyin-data,docs/pinyin-v2/import/single_char_dictionary.tsv,FROZEN_DESIGN_DATA_MISSING restore general-purpose single-char base lexicon,false,true
侈,侈,1,single_char,base,,chi,chi3,common-standard-level-1+pinyin-data,docs/pinyin-v2/import/single_char_dictionary.tsv,FROZEN_DESIGN_DATA_MISSING restore general-purpose single-char base lexicon,false,true
依,依,1,single_char,base,,yi,yi1,common-standard-level-1+pinyin-data,docs/pinyin-v2/import/single_char_dictionary.tsv,FROZEN_DESIGN_DATA_MISSING restore general-purpose single-char base lexicon,false,true
卑,卑,1,single_char,base,,bei,bei1,common-standard-level-1+pinyin-data,docs/pinyin-v2/import/single_char_dictionary.tsv,FROZEN_DESIGN_DATA_MISSING restore general-purpose single-char base lexicon,false,true
的,的,1,single_char,base,,de,de,common-standard-level-1+pinyin-data,docs/pinyin-v2/import/single_char_dictionary.tsv,FROZEN_DESIGN_DATA_MISSING restore general-purpose single-char base lexicon,false,true
迫,迫,1,single_char,base,,po,po4,common-standard-level-1+pinyin-data,docs/pinyin-v2/import/single_char_dictionary.tsv,FROZEN_DESIGN_DATA_MISSING restore general-purpose single-char base lexicon,false,true
质,质,1,single_char,base,,zhi,zhi4,common-standard-level-1+pinyin-data,docs/pinyin-v2/import/single_char_dictionary.tsv,FROZEN_DESIGN_DATA_MISSING restore general-purpose single-char base lexicon,false,true
欣,欣,1,single_char,base,,xin,xin1,common-standard-level-1+pinyin-data,docs/pinyin-v2/import/single_char_dictionary.tsv,FROZEN_DESIGN_DATA_MISSING restore general-purpose single-char base lexicon,false,true
征,征,1,single_char,base,,zheng,zheng1,common-standard-level-1+pinyin-data,docs/pinyin-v2/import/single_char_dictionary.tsv,FROZEN_DESIGN_DATA_MISSING restore general-purpose single-char base lexicon,false,true
往,往,1,single_char,base,,wang,wang3,common-standard-level-1+pinyin-data,docs/pinyin-v2/import/single_char_dictionary.tsv,FROZEN_DESIGN_DATA_MISSING restore general-purpose single-char base lexicon,false,true
爬,爬,1,single_char,base,,pa,pa2,common-standard-level-1+pinyin-data,docs/pinyin-v2/import/single_char_dictionary.tsv,FROZEN_DESIGN_DATA_MISSING restore general-purpose single-char base lexicon,false,true
彼,彼,1,single_char,base,,bi,bi3,common-standard-level-1+pinyin-data,docs/pinyin-v2/import/single_char_dictionary.tsv,FROZEN_DESIGN_DATA_MISSING restore general-purpose single-char base lexicon,false,true
径,径,1,single_char,base,,jing,jing4,common-standard-level-1+pinyin-data,docs/pinyin-v2/import/single_char_dictionary.tsv,FROZEN_DESIGN_DATA_MISSING restore general-purpose single-char base lexicon,false,true
所,所,1,single_char,base,,suo,suo3,common-standard-level-1+pinyin-data,docs/pinyin-v2/import/single_char_dictionary.tsv,FROZEN_DESIGN_DATA_MISSING restore general-purpose single-char base lexicon,false,true
舍,舍,1,single_char,base,,she,she3,common-standard-level-1+pinyin-data,docs/pinyin-v2/import/single_char_dictionary.tsv,FROZEN_DESIGN_DATA_MISSING restore general-purpose single-char base lexicon,false,true
金,金,1,single_char,base,,jin,jin1,common-standard-level-1+pinyin-data,docs/pinyin-v2/import/single_char_dictionary.tsv,FROZEN_DESIGN_DATA_MISSING restore general-purpose single-char base lexicon,false,true
刹,刹,1,single_char,base,,sha,sha1,common-standard-level-1+pinyin-data,docs/pinyin-v2/import/single_char_dictionary.tsv,FROZEN_DESIGN_DATA_MISSING restore general-purpose single-char base lexicon,false,true
命,命,1,single_char,base,,ming,ming4,common-standard-level-1+pinyin-data,docs/pinyin-v2/import/single_char_dictionary.tsv,FROZEN_DESIGN_DATA_MISSING restore general-purpose single-char base lexicon,false,true
肴,肴,1,single_char,base,,yao,yao2,common-standard-level-1+pinyin-data,docs/pinyin-v2/import/single_char_dictionary.tsv,FROZEN_DESIGN_DATA_MISSING restore general-purpose single-char base lexicon,false,true
斧,斧,1,single_char,base,,fu,fu3,common-standard-level-1+pinyin-data,docs/pinyin-v2/import/single_char_dictionary.tsv,FROZEN_DESIGN_DATA_MISSING restore general-purpose single-char base lexicon,false,true
爸,爸,1,single_char,base,,ba,ba4,common-standard-level-1+pinyin-data,docs/pinyin-v2/import/single_char_dictionary.tsv,FROZEN_DESIGN_DATA_MISSING restore general-purpose single-char base lexicon,false,true
采,采,1,single_char,base,,cai,cai3,common-standard-level-1+pinyin-data,docs/pinyin-v2/import/single_char_dictionary.tsv,FROZEN_DESIGN_DATA_MISSING restore general-purpose single-char base lexicon,false,true
觅,觅,1,single_char,base,,mi,mi4,common-standard-level-1+pinyin-data,docs/pinyin-v2/import/single_char_dictionary.tsv,FROZEN_DESIGN_DATA_MISSING restore general-purpose single-char base lexicon,false,true
受,受,1,single_char,base,,shou,shou4,common-standard-level-1+pinyin-data,docs/pinyin-v2/import/single_char_dictionary.tsv,FROZEN_DESIGN_DATA_MISSING restore general-purpose single-char base lexicon,false,true
乳,乳,1,single_char,base,,ru,ru3,common-standard-level-1+pinyin-data,docs/pinyin-v2/import/single_char_dictionary.tsv,FROZEN_DESIGN_DATA_MISSING restore general-purpose single-char base lexicon,false,true
贪,贪,1,single_char,base,,tan,tan1,common-standard-level-1+pinyin-data,docs/pinyin-v2/import/single_char_dictionary.tsv,FROZEN_DESIGN_DATA_MISSING restore general-purpose single-char base lexicon,false,true
念,念,1,single_char,base,,nian,nian4,common-standard-level-1+pinyin-data,docs/pinyin-v2/import/single_char_dictionary.tsv,FROZEN_DESIGN_DATA_MISSING restore general-purpose single-char base lexicon,false,true
贫,贫,1,single_char,base,,pin,pin2,common-standard-level-1+pinyin-data,docs/pinyin-v2/import/single_char_dictionary.tsv,FROZEN_DESIGN_DATA_MISSING restore general-purpose single-char base lexicon,false,true
忿,忿,1,single_char,base,,fen,fen4,common-standard-level-1+pinyin-data,docs/pinyin-v2/import/single_char_dictionary.tsv,FROZEN_DESIGN_DATA_MISSING restore general-purpose single-char base lexicon,false,true
肤,肤,1,single_char,base,,fu,fu1,common-standard-level-1+pinyin-data,docs/pinyin-v2/import/single_char_dictionary.tsv,FROZEN_DESIGN_DATA_MISSING restore general-purpose single-char base lexicon,false,true
肺,肺,1,single_char,base,,fei,fei4,common-standard-level-1+pinyin-data,docs/pinyin-v2/import/single_char_dictionary.tsv,FROZEN_DESIGN_DATA_MISSING restore general-purpose single-char base lexicon,false,true
肢,肢,1,single_char,base,,zhi,zhi1,common-standard-level-1+pinyin-data,docs/pinyin-v2/import/single_char_dictionary.tsv,FROZEN_DESIGN_DATA_MISSING restore general-purpose single-char base lexicon,false,true
肿,肿,1,single_char,base,,zhong,zhong3,common-standard-level-1+pinyin-data,docs/pinyin-v2/import/single_char_dictionary.tsv,FROZEN_DESIGN_DATA_MISSING restore general-purpose single-char base lexicon,false,true
胀,胀,1,single_char,base,,zhang,zhang4,common-standard-level-1+pinyin-data,docs/pinyin-v2/import/single_char_dictionary.tsv,FROZEN_DESIGN_DATA_MISSING restore general-purpose single-char base lexicon,false,true
朋,朋,1,single_char,base,,peng,peng2,common-standard-level-1+pinyin-data,docs/pinyin-v2/import/single_char_dictionary.tsv,FROZEN_DESIGN_DATA_MISSING restore general-purpose single-char base lexicon,false,true
股,股,1,single_char,base,,gu,gu3,common-standard-level-1+pinyin-data,docs/pinyin-v2/import/single_char_dictionary.tsv,FROZEN_DESIGN_DATA_MISSING restore general-purpose single-char base lexicon,false,true
肮,肮,1,single_char,base,,ang,ang1,common-standard-level-1+pinyin-data,docs/pinyin-v2/import/single_char_dictionary.tsv,FROZEN_DESIGN_DATA_MISSING restore general-purpose single-char base lexicon,false,true
肪,肪,1,single_char,base,,fang,fang2,common-standard-level-1+pinyin-data,docs/pinyin-v2/import/single_char_dictionary.tsv,FROZEN_DESIGN_DATA_MISSING restore general-purpose single-char base lexicon,false,true
肥,肥,1,single_char,base,,fei,fei2,common-standard-level-1+pinyin-data,docs/pinyin-v2/import/single_char_dictionary.tsv,FROZEN_DESIGN_DATA_MISSING restore general-purpose single-char base lexicon,false,true
服,服,1,single_char,base,,fu,fu2,common-standard-level-1+pinyin-data,docs/pinyin-v2/import/single_char_dictionary.tsv,FROZEN_DESIGN_DATA_MISSING restore general-purpose single-char base lexicon,false,true
胁,胁,1,single_char,base,,xie,xie2,common-standard-level-1+pinyin-data,docs/pinyin-v2/import/single_char_dictionary.tsv,FROZEN_DESIGN_DATA_MISSING restore general-purpose single-char base lexicon,false,true
周,周,1,single_char,base,,zhou,zhou1,common-standard-level-1+pinyin-data,docs/pinyin-v2/import/single_char_dictionary.tsv,FROZEN_DESIGN_DATA_MISSING restore general-purpose single-char base lexicon,false,true
昏,昏,1,single_char,base,,hun,hun1,common-standard-level-1+pinyin-data,docs/pinyin-v2/import/single_char_dictionary.tsv,FROZEN_DESIGN_DATA_MISSING restore general-purpose single-char base lexicon,false,true
鱼,鱼,1,single_char,base,,yu,yu2,common-standard-level-1+pinyin-data,docs/pinyin-v2/import/single_char_dictionary.tsv,FROZEN_DESIGN_DATA_MISSING restore general-purpose single-char base lexicon,false,true
兔,兔,1,single_char,base,,tu,tu4,common-standard-level-1+pinyin-data,docs/pinyin-v2/import/single_char_dictionary.tsv,FROZEN_DESIGN_DATA_MISSING restore general-purpose single-char base lexicon,false,true
狐,狐,1,single_char,base,,hu,hu2,common-standard-level-1+pinyin-data,docs/pinyin-v2/import/single_char_dictionary.tsv,FROZEN_DESIGN_DATA_MISSING restore general-purpose single-char base lexicon,false,true
忽,忽,1,single_char,base,,hu,hu1,common-standard-level-1+pinyin-data,docs/pinyin-v2/import/single_char_dictionary.tsv,FROZEN_DESIGN_DATA_MISSING restore general-purpose single-char base lexicon,false,true
狗,狗,1,single_char,base,,gou,gou3,common-standard-level-1+pinyin-data,docs/pinyin-v2/import/single_char_dictionary.tsv,FROZEN_DESIGN_DATA_MISSING restore general-purpose single-char base lexicon,false,true
狞,狞,1,single_char,base,,ning,ning2,common-standard-level-1+pinyin-data,docs/pinyin-v2/import/single_char_dictionary.tsv,FROZEN_DESIGN_DATA_MISSING restore general-purpose single-char base lexicon,false,true
备,备,1,single_char,base,,bei,bei4,common-standard-level-1+pinyin-data,docs/pinyin-v2/import/single_char_dictionary.tsv,FROZEN_DESIGN_DATA_MISSING restore general-purpose single-char base lexicon,false,true
饰,饰,1,single_char,base,,shi,shi4,common-standard-level-1+pinyin-data,docs/pinyin-v2/import/single_char_dictionary.tsv,FROZEN_DESIGN_DATA_MISSING restore general-purpose single-char base lexicon,false,true
饱,饱,1,single_char,base,,bao,bao3,common-standard-level-1+pinyin-data,docs/pinyin-v2/import/single_char_dictionary.tsv,FROZEN_DESIGN_DATA_MISSING restore general-purpose single-char base lexicon,false,true
饲,饲,1,single_char,base,,si,si4,common-standard-level-1+pinyin-data,docs/pinyin-v2/import/single_char_dictionary.tsv,FROZEN_DESIGN_DATA_MISSING restore general-purpose single-char base lexicon,false,true
变,变,1,single_char,base,,bian,bian4,common-standard-level-1+pinyin-data,docs/pinyin-v2/import/single_char_dictionary.tsv,FROZEN_DESIGN_DATA_MISSING restore general-purpose single-char base lexicon,true,true
京,京,1,single_char,base,,jing,jing1,common-standard-level-1+pinyin-data,docs/pinyin-v2/import/single_char_dictionary.tsv,FROZEN_DESIGN_DATA_MISSING restore general-purpose single-char base lexicon,false,true
享,享,1,single_char,base,,xiang,xiang3,common-standard-level-1+pinyin-data,docs/pinyin-v2/import/single_char_dictionary.tsv,FROZEN_DESIGN_DATA_MISSING restore general-purpose single-char base lexicon,false,true
庞,庞,1,single_char,base,,pang,pang2,common-standard-level-1+pinyin-data,docs/pinyin-v2/import/single_char_dictionary.tsv,FROZEN_DESIGN_DATA_MISSING restore general-purpose single-char base lexicon,false,true
店,店,1,single_char,base,,dian,dian4,common-standard-level-1+pinyin-data,docs/pinyin-v2/import/single_char_dictionary.tsv,FROZEN_DESIGN_DATA_MISSING restore general-purpose single-char base lexicon,false,true
夜,夜,1,single_char,base,,ye,ye4,common-standard-level-1+pinyin-data,docs/pinyin-v2/import/single_char_dictionary.tsv,FROZEN_DESIGN_DATA_MISSING restore general-purpose single-char base lexicon,false,true
庙,庙,1,single_char,base,,miao,miao4,common-standard-level-1+pinyin-data,docs/pinyin-v2/import/single_char_dictionary.tsv,FROZEN_DESIGN_DATA_MISSING restore general-purpose single-char base lexicon,false,true
府,府,1,single_char,base,,fu,fu3,common-standard-level-1+pinyin-data,docs/pinyin-v2/import/single_char_dictionary.tsv,FROZEN_DESIGN_DATA_MISSING restore general-purpose single-char base lexicon,false,true
底,底,1,single_char,base,,di,di3,common-standard-level-1+pinyin-data,docs/pinyin-v2/import/single_char_dictionary.tsv,FROZEN_DESIGN_DATA_MISSING restore general-purpose single-char base lexicon,false,true
疟,疟,1,single_char,base,,nve,nve4,common-standard-level-1+pinyin-data,docs/pinyin-v2/import/single_char_dictionary.tsv,FROZEN_DESIGN_DATA_MISSING restore general-purpose single-char base lexicon,false,true
疙,疙,1,single_char,base,,ge,ge1,common-standard-level-1+pinyin-data,docs/pinyin-v2/import/single_char_dictionary.tsv,FROZEN_DESIGN_DATA_MISSING restore general-purpose single-char base lexicon,false,true
疚,疚,1,single_char,base,,jiu,jiu4,common-standard-level-1+pinyin-data,docs/pinyin-v2/import/single_char_dictionary.tsv,FROZEN_DESIGN_DATA_MISSING restore general-purpose single-char base lexicon,false,true
剂,剂,1,single_char,base,,ji,ji4,common-standard-level-1+pinyin-data,docs/pinyin-v2/import/single_char_dictionary.tsv,FROZEN_DESIGN_DATA_MISSING restore general-purpose single-char base lexicon,false,true
卒,卒,1,single_char,base,,zu,zu2,common-standard-level-1+pinyin-data,docs/pinyin-v2/import/single_char_dictionary.tsv,FROZEN_DESIGN_DATA_MISSING restore general-purpose single-char base lexicon,false,true
郊,郊,1,single_char,base,,jiao,jiao1,common-standard-level-1+pinyin-data,docs/pinyin-v2/import/single_char_dictionary.tsv,FROZEN_DESIGN_DATA_MISSING restore general-purpose single-char base lexicon,false,true
庚,庚,1,single_char,base,,geng,geng1,common-standard-level-1+pinyin-data,docs/pinyin-v2/import/single_char_dictionary.tsv,FROZEN_DESIGN_DATA_MISSING restore general-purpose single-char base lexicon,false,true
废,废,1,single_char,base,,fei,fei4,common-standard-level-1+pinyin-data,docs/pinyin-v2/import/single_char_dictionary.tsv,FROZEN_DESIGN_DATA_MISSING restore general-purpose single-char base lexicon,false,true
净,净,1,single_char,base,,jing,jing4,common-standard-level-1+pinyin-data,docs/pinyin-v2/import/single_char_dictionary.tsv,FROZEN_DESIGN_DATA_MISSING restore general-purpose single-char base lexicon,false,true
盲,盲,1,single_char,base,,mang,mang2,common-standard-level-1+pinyin-data,docs/pinyin-v2/import/single_char_dictionary.tsv,FROZEN_DESIGN_DATA_MISSING restore general-purpose single-char base lexicon,false,true
放,放,1,single_char,base,,fang,fang4,common-standard-level-1+pinyin-data,docs/pinyin-v2/import/single_char_dictionary.tsv,FROZEN_DESIGN_DATA_MISSING restore general-purpose single-char base lexicon,false,true
刻,刻,1,single_char,base,,ke,ke4,common-standard-level-1+pinyin-data,docs/pinyin-v2/import/single_char_dictionary.tsv,FROZEN_DESIGN_DATA_MISSING restore general-purpose single-char base lexicon,false,true
育,育,1,single_char,base,,yu,yu4,common-standard-level-1+pinyin-data,docs/pinyin-v2/import/single_char_dictionary.tsv,FROZEN_DESIGN_DATA_MISSING restore general-purpose single-char base lexicon,false,true
氓,氓,1,single_char,base,,mang,mang2,common-standard-level-1+pinyin-data,docs/pinyin-v2/import/single_char_dictionary.tsv,FROZEN_DESIGN_DATA_MISSING restore general-purpose single-char base lexicon,false,true
闸,闸,1,single_char,base,,zha,zha2,common-standard-level-1+pinyin-data,docs/pinyin-v2/import/single_char_dictionary.tsv,FROZEN_DESIGN_DATA_MISSING restore general-purpose single-char base lexicon,false,true
闹,闹,1,single_char,base,,nao,nao4,common-standard-level-1+pinyin-data,docs/pinyin-v2/import/single_char_dictionary.tsv,FROZEN_DESIGN_DATA_MISSING restore general-purpose single-char base lexicon,false,true
郑,郑,1,single_char,base,,zheng,zheng4,common-standard-level-1+pinyin-data,docs/pinyin-v2/import/single_char_dictionary.tsv,FROZEN_DESIGN_DATA_MISSING restore general-purpose single-char base lexicon,false,true
券,券,1,single_char,base,,quan,quan4,common-standard-level-1+pinyin-data,docs/pinyin-v2/import/single_char_dictionary.tsv,FROZEN_DESIGN_DATA_MISSING restore general-purpose single-char base lexicon,false,true
卷,卷,1,single_char,base,,juan,juan3,common-standard-level-1+pinyin-data,docs/pinyin-v2/import/single_char_dictionary.tsv,FROZEN_DESIGN_DATA_MISSING restore general-purpose single-char base lexicon,true,true
单,单,1,single_char,base,,dan,dan1,common-standard-level-1+pinyin-data,docs/pinyin-v2/import/single_char_dictionary.tsv,FROZEN_DESIGN_DATA_MISSING restore general-purpose single-char base lexicon,false,true
炬,炬,1,single_char,base,,ju,ju4,common-standard-level-1+pinyin-data,docs/pinyin-v2/import/single_char_dictionary.tsv,FROZEN_DESIGN_DATA_MISSING restore general-purpose single-char base lexicon,false,true
炒,炒,1,single_char,base,,chao,chao3,common-standard-level-1+pinyin-data,docs/pinyin-v2/import/single_char_dictionary.tsv,FROZEN_DESIGN_DATA_MISSING restore general-purpose single-char base lexicon,false,true
炊,炊,1,single_char,base,,chui,chui1,common-standard-level-1+pinyin-data,docs/pinyin-v2/import/single_char_dictionary.tsv,FROZEN_DESIGN_DATA_MISSING restore general-purpose single-char base lexicon,false,true
炕,炕,1,single_char,base,,kang,kang4,common-standard-level-1+pinyin-data,docs/pinyin-v2/import/single_char_dictionary.tsv,FROZEN_DESIGN_DATA_MISSING restore general-purpose single-char base lexicon,false,true
炎,炎,1,single_char,base,,yan,yan2,common-standard-level-1+pinyin-data,docs/pinyin-v2/import/single_char_dictionary.tsv,FROZEN_DESIGN_DATA_MISSING restore general-purpose single-char base lexicon,false,true
炉,炉,1,single_char,base,,lu,lu2,common-standard-level-1+pinyin-data,docs/pinyin-v2/import/single_char_dictionary.tsv,FROZEN_DESIGN_DATA_MISSING restore general-purpose single-char base lexicon,false,true
沫,沫,1,single_char,base,,mo,mo4,common-standard-level-1+pinyin-data,docs/pinyin-v2/import/single_char_dictionary.tsv,FROZEN_DESIGN_DATA_MISSING restore general-purpose single-char base lexicon,false,true
浅,浅,1,single_char,base,,qian,qian3,common-standard-level-1+pinyin-data,docs/pinyin-v2/import/single_char_dictionary.tsv,FROZEN_DESIGN_DATA_MISSING restore general-purpose single-char base lexicon,false,true
法,法,1,single_char,base,,fa,fa3,common-standard-level-1+pinyin-data,docs/pinyin-v2/import/single_char_dictionary.tsv,FROZEN_DESIGN_DATA_MISSING restore general-purpose single-char base lexicon,false,true
泄,泄,1,single_char,base,,xie,xie4,common-standard-level-1+pinyin-data,docs/pinyin-v2/import/single_char_dictionary.tsv,FROZEN_DESIGN_DATA_MISSING restore general-purpose single-char base lexicon,false,true
沽,沽,1,single_char,base,,gu,gu1,common-standard-level-1+pinyin-data,docs/pinyin-v2/import/single_char_dictionary.tsv,FROZEN_DESIGN_DATA_MISSING restore general-purpose single-char base lexicon,false,true
河,河,1,single_char,base,,he,he2,common-standard-level-1+pinyin-data,docs/pinyin-v2/import/single_char_dictionary.tsv,FROZEN_DESIGN_DATA_MISSING restore general-purpose single-char base lexicon,false,true
沾,沾,1,single_char,base,,zhan,zhan1,common-standard-level-1+pinyin-data,docs/pinyin-v2/import/single_char_dictionary.tsv,FROZEN_DESIGN_DATA_MISSING restore general-purpose single-char base lexicon,false,true
泪,泪,1,single_char,base,,lei,lei4,common-standard-level-1+pinyin-data,docs/pinyin-v2/import/single_char_dictionary.tsv,FROZEN_DESIGN_DATA_MISSING restore general-purpose single-char base lexicon,false,true
沮,沮,1,single_char,base,,ju,ju3,common-standard-level-1+pinyin-data,docs/pinyin-v2/import/single_char_dictionary.tsv,FROZEN_DESIGN_DATA_MISSING restore general-purpose single-char base lexicon,false,true
油,油,1,single_char,base,,you,you2,common-standard-level-1+pinyin-data,docs/pinyin-v2/import/single_char_dictionary.tsv,FROZEN_DESIGN_DATA_MISSING restore general-purpose single-char base lexicon,false,true
泊,泊,1,single_char,base,,po,po1,common-standard-level-1+pinyin-data,docs/pinyin-v2/import/single_char_dictionary.tsv,FROZEN_DESIGN_DATA_MISSING restore general-purpose single-char base lexicon,false,true
沿,沿,1,single_char,base,,yan,yan2,common-standard-level-1+pinyin-data,docs/pinyin-v2/import/single_char_dictionary.tsv,FROZEN_DESIGN_DATA_MISSING restore general-purpose single-char base lexicon,false,true
泡,泡,1,single_char,base,,pao,pao4,common-standard-level-1+pinyin-data,docs/pinyin-v2/import/single_char_dictionary.tsv,FROZEN_DESIGN_DATA_MISSING restore general-purpose single-char base lexicon,false,true
注,注,1,single_char,base,,zhu,zhu4,common-standard-level-1+pinyin-data,docs/pinyin-v2/import/single_char_dictionary.tsv,FROZEN_DESIGN_DATA_MISSING restore general-purpose single-char base lexicon,false,true
泣,泣,1,single_char,base,,qi,qi4,common-standard-level-1+pinyin-data,docs/pinyin-v2/import/single_char_dictionary.tsv,FROZEN_DESIGN_DATA_MISSING restore general-purpose single-char base lexicon,false,true
泞,泞,1,single_char,base,,ning,ning4,common-standard-level-1+pinyin-data,docs/pinyin-v2/import/single_char_dictionary.tsv,FROZEN_DESIGN_DATA_MISSING restore general-purpose single-char base lexicon,false,true
泻,泻,1,single_char,base,,xie,xie4,common-standard-level-1+pinyin-data,docs/pinyin-v2/import/single_char_dictionary.tsv,FROZEN_DESIGN_DATA_MISSING restore general-purpose single-char base lexicon,false,true
泌,泌,1,single_char,base,,mi,mi4,common-standard-level-1+pinyin-data,docs/pinyin-v2/import/single_char_dictionary.tsv,FROZEN_DESIGN_DATA_MISSING restore general-purpose single-char base lexicon,false,true
泳,泳,1,single_char,base,,yong,yong3,common-standard-level-1+pinyin-data,docs/pinyin-v2/import/single_char_dictionary.tsv,FROZEN_DESIGN_DATA_MISSING restore general-purpose single-char base lexicon,false,true
泥,泥,1,single_char,base,,ni,ni2,common-standard-level-1+pinyin-data,docs/pinyin-v2/import/single_char_dictionary.tsv,FROZEN_DESIGN_DATA_MISSING restore general-purpose single-char base lexicon,false,true
沸,沸,1,single_char,base,,fei,fei4,common-standard-level-1+pinyin-data,docs/pinyin-v2/import/single_char_dictionary.tsv,FROZEN_DESIGN_DATA_MISSING restore general-purpose single-char base lexicon,false,true
沼,沼,1,single_char,base,,zhao,zhao3,common-standard-level-1+pinyin-data,docs/pinyin-v2/import/single_char_dictionary.tsv,FROZEN_DESIGN_DATA_MISSING restore general-purpose single-char base lexicon,false,true
波,波,1,single_char,base,,bo,bo1,common-standard-level-1+pinyin-data,docs/pinyin-v2/import/single_char_dictionary.tsv,FROZEN_DESIGN_DATA_MISSING restore general-purpose single-char base lexicon,false,true
泼,泼,1,single_char,base,,po,po1,common-standard-level-1+pinyin-data,docs/pinyin-v2/import/single_char_dictionary.tsv,FROZEN_DESIGN_DATA_MISSING restore general-purpose single-char base lexicon,false,true
泽,泽,1,single_char,base,,ze,ze2,common-standard-level-1+pinyin-data,docs/pinyin-v2/import/single_char_dictionary.tsv,FROZEN_DESIGN_DATA_MISSING restore general-purpose single-char base lexicon,false,true
治,治,1,single_char,base,,zhi,zhi4,common-standard-level-1+pinyin-data,docs/pinyin-v2/import/single_char_dictionary.tsv,FROZEN_DESIGN_DATA_MISSING restore general-purpose single-char base lexicon,false,true
怔,怔,1,single_char,base,,zheng,zheng1,common-standard-level-1+pinyin-data,docs/pinyin-v2/import/single_char_dictionary.tsv,FROZEN_DESIGN_DATA_MISSING restore general-purpose single-char base lexicon,false,true
怯,怯,1,single_char,base,,qie,qie4,common-standard-level-1+pinyin-data,docs/pinyin-v2/import/single_char_dictionary.tsv,FROZEN_DESIGN_DATA_MISSING restore general-purpose single-char base lexicon,false,true
怖,怖,1,single_char,base,,bu,bu4,common-standard-level-1+pinyin-data,docs/pinyin-v2/import/single_char_dictionary.tsv,FROZEN_DESIGN_DATA_MISSING restore general-purpose single-char base lexicon,false,true
性,性,1,single_char,base,,xing,xing4,common-standard-level-1+pinyin-data,docs/pinyin-v2/import/single_char_dictionary.tsv,FROZEN_DESIGN_DATA_MISSING restore general-purpose single-char base lexicon,false,true
怕,怕,1,single_char,base,,pa,pa4,common-standard-level-1+pinyin-data,docs/pinyin-v2/import/single_char_dictionary.tsv,FROZEN_DESIGN_DATA_MISSING restore general-purpose single-char base lexicon,false,true
怜,怜,1,single_char,base,,lian,lian2,common-standard-level-1+pinyin-data,docs/pinyin-v2/import/single_char_dictionary.tsv,FROZEN_DESIGN_DATA_MISSING restore general-purpose single-char base lexicon,false,true
怪,怪,1,single_char,base,,guai,guai4,common-standard-level-1+pinyin-data,docs/pinyin-v2/import/single_char_dictionary.tsv,FROZEN_DESIGN_DATA_MISSING restore general-purpose single-char base lexicon,false,true
怡,怡,1,single_char,base,,yi,yi2,common-standard-level-1+pinyin-data,docs/pinyin-v2/import/single_char_dictionary.tsv,FROZEN_DESIGN_DATA_MISSING restore general-purpose single-char base lexicon,false,true
学,学,1,single_char,base,,xue,xue2,common-standard-level-1+pinyin-data,docs/pinyin-v2/import/single_char_dictionary.tsv,FROZEN_DESIGN_DATA_MISSING restore general-purpose single-char base lexicon,false,true
宝,宝,1,single_char,base,,bao,bao3,common-standard-level-1+pinyin-data,docs/pinyin-v2/import/single_char_dictionary.tsv,FROZEN_DESIGN_DATA_MISSING restore general-purpose single-char base lexicon,false,true
宗,宗,1,single_char,base,,zong,zong1,common-standard-level-1+pinyin-data,docs/pinyin-v2/import/single_char_dictionary.tsv,FROZEN_DESIGN_DATA_MISSING restore general-purpose single-char base lexicon,false,true
定,定,1,single_char,base,,ding,ding4,common-standard-level-1+pinyin-data,docs/pinyin-v2/import/single_char_dictionary.tsv,FROZEN_DESIGN_DATA_MISSING restore general-purpose single-char base lexicon,false,true
宠,宠,1,single_char,base,,chong,chong3,common-standard-level-1+pinyin-data,docs/pinyin-v2/import/single_char_dictionary.tsv,FROZEN_DESIGN_DATA_MISSING restore general-purpose single-char base lexicon,false,true
宜,宜,1,single_char,base,,yi,yi2,common-standard-level-1+pinyin-data,docs/pinyin-v2/import/single_char_dictionary.tsv,FROZEN_DESIGN_DATA_MISSING restore general-purpose single-char base lexicon,false,true
审,审,1,single_char,base,,shen,shen3,common-standard-level-1+pinyin-data,docs/pinyin-v2/import/single_char_dictionary.tsv,FROZEN_DESIGN_DATA_MISSING restore general-purpose single-char base lexicon,false,true
宙,宙,1,single_char,base,,zhou,zhou4,common-standard-level-1+pinyin-data,docs/pinyin-v2/import/single_char_dictionary.tsv,FROZEN_DESIGN_DATA_MISSING restore general-purpose single-char base lexicon,false,true
官,官,1,single_char,base,,guan,guan1,common-standard-level-1+pinyin-data,docs/pinyin-v2/import/single_char_dictionary.tsv,FROZEN_DESIGN_DATA_MISSING restore general-purpose single-char base lexicon,false,true
空,空,1,single_char,base,,kong,kong1,common-standard-level-1+pinyin-data,docs/pinyin-v2/import/single_char_dictionary.tsv,FROZEN_DESIGN_DATA_MISSING restore general-purpose single-char base lexicon,false,true
帘,帘,1,single_char,base,,lian,lian2,common-standard-level-1+pinyin-data,docs/pinyin-v2/import/single_char_dictionary.tsv,FROZEN_DESIGN_DATA_MISSING restore general-purpose single-char base lexicon,false,true
宛,宛,1,single_char,base,,wan,wan3,common-standard-level-1+pinyin-data,docs/pinyin-v2/import/single_char_dictionary.tsv,FROZEN_DESIGN_DATA_MISSING restore general-purpose single-char base lexicon,false,true
实,实,1,single_char,base,,shi,shi2,common-standard-level-1+pinyin-data,docs/pinyin-v2/import/single_char_dictionary.tsv,FROZEN_DESIGN_DATA_MISSING restore general-purpose single-char base lexicon,false,true
试,试,1,single_char,base,,shi,shi4,common-standard-level-1+pinyin-data,docs/pinyin-v2/import/single_char_dictionary.tsv,FROZEN_DESIGN_DATA_MISSING restore general-purpose single-char base lexicon,false,true
郎,郎,1,single_char,base,,lang,lang2,common-standard-level-1+pinyin-data,docs/pinyin-v2/import/single_char_dictionary.tsv,FROZEN_DESIGN_DATA_MISSING restore general-purpose single-char base lexicon,false,true
诗,诗,1,single_char,base,,shi,shi1,common-standard-level-1+pinyin-data,docs/pinyin-v2/import/single_char_dictionary.tsv,FROZEN_DESIGN_DATA_MISSING restore general-purpose single-char base lexicon,false,true
肩,肩,1,single_char,base,,jian,jian1,common-standard-level-1+pinyin-data,docs/pinyin-v2/import/single_char_dictionary.tsv,FROZEN_DESIGN_DATA_MISSING restore general-purpose single-char base lexicon,false,true
房,房,1,single_char,base,,fang,fang2,common-standard-level-1+pinyin-data,docs/pinyin-v2/import/single_char_dictionary.tsv,FROZEN_DESIGN_DATA_MISSING restore general-purpose single-char base lexicon,false,true
诚,诚,1,single_char,base,,cheng,cheng2,common-standard-level-1+pinyin-data,docs/pinyin-v2/import/single_char_dictionary.tsv,FROZEN_DESIGN_DATA_MISSING restore general-purpose single-char base lexicon,false,true
衬,衬,1,single_char,base,,chen,chen4,common-standard-level-1+pinyin-data,docs/pinyin-v2/import/single_char_dictionary.tsv,FROZEN_DESIGN_DATA_MISSING restore general-purpose single-char base lexicon,false,true
衫,衫,1,single_char,base,,shan,shan1,common-standard-level-1+pinyin-data,docs/pinyin-v2/import/single_char_dictionary.tsv,FROZEN_DESIGN_DATA_MISSING restore general-purpose single-char base lexicon,false,true
视,视,1,single_char,base,,shi,shi4,common-standard-level-1+pinyin-data,docs/pinyin-v2/import/single_char_dictionary.tsv,FROZEN_DESIGN_DATA_MISSING restore general-purpose single-char base lexicon,false,true
祈,祈,1,single_char,base,,qi,qi2,common-standard-level-1+pinyin-data,docs/pinyin-v2/import/single_char_dictionary.tsv,FROZEN_DESIGN_DATA_MISSING restore general-purpose single-char base lexicon,false,true
话,话,1,single_char,base,,hua,hua4,common-standard-level-1+pinyin-data,docs/pinyin-v2/import/single_char_dictionary.tsv,FROZEN_DESIGN_DATA_MISSING restore general-purpose single-char base lexicon,false,true
诞,诞,1,single_char,base,,dan,dan4,common-standard-level-1+pinyin-data,docs/pinyin-v2/import/single_char_dictionary.tsv,FROZEN_DESIGN_DATA_MISSING restore general-purpose single-char base lexicon,false,true
诡,诡,1,single_char,base,,gui,gui3,common-standard-level-1+pinyin-data,docs/pinyin-v2/import/single_char_dictionary.tsv,FROZEN_DESIGN_DATA_MISSING restore general-purpose single-char base lexicon,false,true
询,询,1,single_char,base,,xun,xun2,common-standard-level-1+pinyin-data,docs/pinyin-v2/import/single_char_dictionary.tsv,FROZEN_DESIGN_DATA_MISSING restore general-purpose single-char base lexicon,false,true
该,该,1,single_char,base,,gai,gai1,common-standard-level-1+pinyin-data,docs/pinyin-v2/import/single_char_dictionary.tsv,FROZEN_DESIGN_DATA_MISSING restore general-purpose single-char base lexicon,false,true
详,详,1,single_char,base,,xiang,xiang2,common-standard-level-1+pinyin-data,docs/pinyin-v2/import/single_char_dictionary.tsv,FROZEN_DESIGN_DATA_MISSING restore general-purpose single-char base lexicon,false,true
建,建,1,single_char,base,,jian,jian4,common-standard-level-1+pinyin-data,docs/pinyin-v2/import/single_char_dictionary.tsv,FROZEN_DESIGN_DATA_MISSING restore general-purpose single-char base lexicon,false,true
肃,肃,1,single_char,base,,su,su4,common-standard-level-1+pinyin-data,docs/pinyin-v2/import/single_char_dictionary.tsv,FROZEN_DESIGN_DATA_MISSING restore general-purpose single-char base lexicon,false,true
录,录,1,single_char,base,,lu,lu4,common-standard-level-1+pinyin-data,docs/pinyin-v2/import/single_char_dictionary.tsv,FROZEN_DESIGN_DATA_MISSING restore general-purpose single-char base lexicon,false,true
隶,隶,1,single_char,base,,li,li4,common-standard-level-1+pinyin-data,docs/pinyin-v2/import/single_char_dictionary.tsv,FROZEN_DESIGN_DATA_MISSING restore general-purpose single-char base lexicon,false,true
帚,帚,1,single_char,base,,zhou,zhou3,common-standard-level-1+pinyin-data,docs/pinyin-v2/import/single_char_dictionary.tsv,FROZEN_DESIGN_DATA_MISSING restore general-purpose single-char base lexicon,false,true
屉,屉,1,single_char,base,,ti,ti4,common-standard-level-1+pinyin-data,docs/pinyin-v2/import/single_char_dictionary.tsv,FROZEN_DESIGN_DATA_MISSING restore general-purpose single-char base lexicon,false,true
居,居,1,single_char,base,,ju,ju1,common-standard-level-1+pinyin-data,docs/pinyin-v2/import/single_char_dictionary.tsv,FROZEN_DESIGN_DATA_MISSING restore general-purpose single-char base lexicon,false,true
届,届,1,single_char,base,,jie,jie4,common-standard-level-1+pinyin-data,docs/pinyin-v2/import/single_char_dictionary.tsv,FROZEN_DESIGN_DATA_MISSING restore general-purpose single-char base lexicon,false,true
刷,刷,1,single_char,base,,shua,shua1,common-standard-level-1+pinyin-data,docs/pinyin-v2/import/single_char_dictionary.tsv,FROZEN_DESIGN_DATA_MISSING restore general-purpose single-char base lexicon,false,true
屈,屈,1,single_char,base,,qu,qu1,common-standard-level-1+pinyin-data,docs/pinyin-v2/import/single_char_dictionary.tsv,FROZEN_DESIGN_DATA_MISSING restore general-purpose single-char base lexicon,false,true
弧,弧,1,single_char,base,,hu,hu2,common-standard-level-1+pinyin-data,docs/pinyin-v2/import/single_char_dictionary.tsv,FROZEN_DESIGN_DATA_MISSING restore general-purpose single-char base lexicon,false,true
弥,弥,1,single_char,base,,mi,mi2,common-standard-level-1+pinyin-data,docs/pinyin-v2/import/single_char_dictionary.tsv,FROZEN_DESIGN_DATA_MISSING restore general-purpose single-char base lexicon,false,true
弦,弦,1,single_char,base,,xian,xian2,common-standard-level-1+pinyin-data,docs/pinyin-v2/import/single_char_dictionary.tsv,FROZEN_DESIGN_DATA_MISSING restore general-purpose single-char base lexicon,false,true
承,承,1,single_char,base,,cheng,cheng2,common-standard-level-1+pinyin-data,docs/pinyin-v2/import/single_char_dictionary.tsv,FROZEN_DESIGN_DATA_MISSING restore general-purpose single-char base lexicon,false,true
孟,孟,1,single_char,base,,meng,meng4,common-standard-level-1+pinyin-data,docs/pinyin-v2/import/single_char_dictionary.tsv,FROZEN_DESIGN_DATA_MISSING restore general-purpose single-char base lexicon,false,true
陋,陋,1,single_char,base,,lou,lou4,common-standard-level-1+pinyin-data,docs/pinyin-v2/import/single_char_dictionary.tsv,FROZEN_DESIGN_DATA_MISSING restore general-purpose single-char base lexicon,false,true
陌,陌,1,single_char,base,,mo,mo4,common-standard-level-1+pinyin-data,docs/pinyin-v2/import/single_char_dictionary.tsv,FROZEN_DESIGN_DATA_MISSING restore general-purpose single-char base lexicon,false,true
孤,孤,1,single_char,base,,gu,gu1,common-standard-level-1+pinyin-data,docs/pinyin-v2/import/single_char_dictionary.tsv,FROZEN_DESIGN_DATA_MISSING restore general-purpose single-char base lexicon,false,true
陕,陕,1,single_char,base,,shan,shan3,common-standard-level-1+pinyin-data,docs/pinyin-v2/import/single_char_dictionary.tsv,FROZEN_DESIGN_DATA_MISSING restore general-purpose single-char base lexicon,false,true
降,降,1,single_char,base,,jiang,jiang4,common-standard-level-1+pinyin-data,docs/pinyin-v2/import/single_char_dictionary.tsv,FROZEN_DESIGN_DATA_MISSING restore general-purpose single-char base lexicon,false,true
函,函,1,single_char,base,,han,han2,common-standard-level-1+pinyin-data,docs/pinyin-v2/import/single_char_dictionary.tsv,FROZEN_DESIGN_DATA_MISSING restore general-purpose single-char base lexicon,false,true
限,限,1,single_char,base,,xian,xian4,common-standard-level-1+pinyin-data,docs/pinyin-v2/import/single_char_dictionary.tsv,FROZEN_DESIGN_DATA_MISSING restore general-purpose single-char base lexicon,false,true
妹,妹,1,single_char,base,,mei,mei4,common-standard-level-1+pinyin-data,docs/pinyin-v2/import/single_char_dictionary.tsv,FROZEN_DESIGN_DATA_MISSING restore general-purpose single-char base lexicon,false,true
姑,姑,1,single_char,base,,gu,gu1,common-standard-level-1+pinyin-data,docs/pinyin-v2/import/single_char_dictionary.tsv,FROZEN_DESIGN_DATA_MISSING restore general-purpose single-char base lexicon,false,true
姐,姐,1,single_char,base,,jie,jie3,common-standard-level-1+pinyin-data,docs/pinyin-v2/import/single_char_dictionary.tsv,FROZEN_DESIGN_DATA_MISSING restore general-purpose single-char base lexicon,false,true
姓,姓,1,single_char,base,,xing,xing4,common-standard-level-1+pinyin-data,docs/pinyin-v2/import/single_char_dictionary.tsv,FROZEN_DESIGN_DATA_MISSING restore general-purpose single-char base lexicon,false,true
妮,妮,1,single_char,base,,ni,ni1,common-standard-level-1+pinyin-data,docs/pinyin-v2/import/single_char_dictionary.tsv,FROZEN_DESIGN_DATA_MISSING restore general-purpose single-char base lexicon,false,true
始,始,1,single_char,base,,shi,shi3,common-standard-level-1+pinyin-data,docs/pinyin-v2/import/single_char_dictionary.tsv,FROZEN_DESIGN_DATA_MISSING restore general-purpose single-char base lexicon,false,true
姆,姆,1,single_char,base,,mu,mu3,common-standard-level-1+pinyin-data,docs/pinyin-v2/import/single_char_dictionary.tsv,FROZEN_DESIGN_DATA_MISSING restore general-purpose single-char base lexicon,false,true
迢,迢,1,single_char,base,,tiao,tiao2,common-standard-level-1+pinyin-data,docs/pinyin-v2/import/single_char_dictionary.tsv,FROZEN_DESIGN_DATA_MISSING restore general-purpose single-char base lexicon,false,true
驾,驾,1,single_char,base,,jia,jia4,common-standard-level-1+pinyin-data,docs/pinyin-v2/import/single_char_dictionary.tsv,FROZEN_DESIGN_DATA_MISSING restore general-purpose single-char base lexicon,false,true
叁,叁,1,single_char,base,,san,san1,common-standard-level-1+pinyin-data,docs/pinyin-v2/import/single_char_dictionary.tsv,FROZEN_DESIGN_DATA_MISSING restore general-purpose single-char base lexicon,false,true
参,参,1,single_char,base,,can,can1,common-standard-level-1+pinyin-data,docs/pinyin-v2/import/single_char_dictionary.tsv,FROZEN_DESIGN_DATA_MISSING restore general-purpose single-char base lexicon,false,true
艰,艰,1,single_char,base,,jian,jian1,common-standard-level-1+pinyin-data,docs/pinyin-v2/import/single_char_dictionary.tsv,FROZEN_DESIGN_DATA_MISSING restore general-purpose single-char base lexicon,false,true
线,线,1,single_char,base,,xian,xian4,common-standard-level-1+pinyin-data,docs/pinyin-v2/import/single_char_dictionary.tsv,FROZEN_DESIGN_DATA_MISSING restore general-purpose single-char base lexicon,true,true
练,练,1,single_char,base,,lian,lian4,common-standard-level-1+pinyin-data,docs/pinyin-v2/import/single_char_dictionary.tsv,FROZEN_DESIGN_DATA_MISSING restore general-purpose single-char base lexicon,false,true
组,组,1,single_char,base,,zu,zu3,common-standard-level-1+pinyin-data,docs/pinyin-v2/import/single_char_dictionary.tsv,FROZEN_DESIGN_DATA_MISSING restore general-purpose single-char base lexicon,false,true
绅,绅,1,single_char,base,,shen,shen1,common-standard-level-1+pinyin-data,docs/pinyin-v2/import/single_char_dictionary.tsv,FROZEN_DESIGN_DATA_MISSING restore general-purpose single-char base lexicon,false,true
细,细,1,single_char,base,,xi,xi4,common-standard-level-1+pinyin-data,docs/pinyin-v2/import/single_char_dictionary.tsv,FROZEN_DESIGN_DATA_MISSING restore general-purpose single-char base lexicon,false,true
驶,驶,1,single_char,base,,shi,shi3,common-standard-level-1+pinyin-data,docs/pinyin-v2/import/single_char_dictionary.tsv,FROZEN_DESIGN_DATA_MISSING restore general-purpose single-char base lexicon,false,true
织,织,1,single_char,base,,zhi,zhi1,common-standard-level-1+pinyin-data,docs/pinyin-v2/import/single_char_dictionary.tsv,FROZEN_DESIGN_DATA_MISSING restore general-purpose single-char base lexicon,false,true
驹,驹,1,single_char,base,,ju,ju1,common-standard-level-1+pinyin-data,docs/pinyin-v2/import/single_char_dictionary.tsv,FROZEN_DESIGN_DATA_MISSING restore general-purpose single-char base lexicon,false,true
终,终,1,single_char,base,,zhong,zhong1,common-standard-level-1+pinyin-data,docs/pinyin-v2/import/single_char_dictionary.tsv,FROZEN_DESIGN_DATA_MISSING restore general-purpose single-char base lexicon,false,true
驻,驻,1,single_char,base,,zhu,zhu4,common-standard-level-1+pinyin-data,docs/pinyin-v2/import/single_char_dictionary.tsv,FROZEN_DESIGN_DATA_MISSING restore general-purpose single-char base lexicon,false,true
绊,绊,1,single_char,base,,ban,ban4,common-standard-level-1+pinyin-data,docs/pinyin-v2/import/single_char_dictionary.tsv,FROZEN_DESIGN_DATA_MISSING restore general-purpose single-char base lexicon,false,true
驼,驼,1,single_char,base,,tuo,tuo2,common-standard-level-1+pinyin-data,docs/pinyin-v2/import/single_char_dictionary.tsv,FROZEN_DESIGN_DATA_MISSING restore general-purpose single-char base lexicon,false,true
绍,绍,1,single_char,base,,shao,shao4,common-standard-level-1+pinyin-data,docs/pinyin-v2/import/single_char_dictionary.tsv,FROZEN_DESIGN_DATA_MISSING restore general-purpose single-char base lexicon,false,true
绎,绎,1,single_char,base,,yi,yi4,common-standard-level-1+pinyin-data,docs/pinyin-v2/import/single_char_dictionary.tsv,FROZEN_DESIGN_DATA_MISSING restore general-purpose single-char base lexicon,false,true
经,经,1,single_char,base,,jing,jing1,common-standard-level-1+pinyin-data,docs/pinyin-v2/import/single_char_dictionary.tsv,FROZEN_DESIGN_DATA_MISSING restore general-purpose single-char base lexicon,false,true
贯,贯,1,single_char,base,,guan,guan4,common-standard-level-1+pinyin-data,docs/pinyin-v2/import/single_char_dictionary.tsv,FROZEN_DESIGN_DATA_MISSING restore general-purpose single-char base lexicon,false,true
契,契,1,single_char,base,,qi,qi4,common-standard-level-1+pinyin-data,docs/pinyin-v2/import/single_char_dictionary.tsv,FROZEN_DESIGN_DATA_MISSING restore general-purpose single-char base lexicon,false,true
贰,贰,1,single_char,base,,er,er4,common-standard-level-1+pinyin-data,docs/pinyin-v2/import/single_char_dictionary.tsv,FROZEN_DESIGN_DATA_MISSING restore general-purpose single-char base lexicon,false,true
奏,奏,1,single_char,base,,zou,zou4,common-standard-level-1+pinyin-data,docs/pinyin-v2/import/single_char_dictionary.tsv,FROZEN_DESIGN_DATA_MISSING restore general-purpose single-char base lexicon,false,true
春,春,1,single_char,base,,chun,chun1,common-standard-level-1+pinyin-data,docs/pinyin-v2/import/single_char_dictionary.tsv,FROZEN_DESIGN_DATA_MISSING restore general-purpose single-char base lexicon,false,true
帮,帮,1,single_char,base,,bang,bang1,common-standard-level-1+pinyin-data,docs/pinyin-v2/import/single_char_dictionary.tsv,FROZEN_DESIGN_DATA_MISSING restore general-purpose single-char base lexicon,false,true
玷,玷,1,single_char,base,,dian,dian4,common-standard-level-1+pinyin-data,docs/pinyin-v2/import/single_char_dictionary.tsv,FROZEN_DESIGN_DATA_MISSING restore general-purpose single-char base lexicon,false,true
珍,珍,1,single_char,base,,zhen,zhen1,common-standard-level-1+pinyin-data,docs/pinyin-v2/import/single_char_dictionary.tsv,FROZEN_DESIGN_DATA_MISSING restore general-purpose single-char base lexicon,false,true
玲,玲,1,single_char,base,,ling,ling2,common-standard-level-1+pinyin-data,docs/pinyin-v2/import/single_char_dictionary.tsv,FROZEN_DESIGN_DATA_MISSING restore general-purpose single-char base lexicon,false,true
珊,珊,1,single_char,base,,shan,shan1,common-standard-level-1+pinyin-data,docs/pinyin-v2/import/single_char_dictionary.tsv,FROZEN_DESIGN_DATA_MISSING restore general-purpose single-char base lexicon,false,true
玻,玻,1,single_char,base,,bo,bo1,common-standard-level-1+pinyin-data,docs/pinyin-v2/import/single_char_dictionary.tsv,FROZEN_DESIGN_DATA_MISSING restore general-purpose single-char base lexicon,false,true
毒,毒,1,single_char,base,,du,du2,common-standard-level-1+pinyin-data,docs/pinyin-v2/import/single_char_dictionary.tsv,FROZEN_DESIGN_DATA_MISSING restore general-purpose single-char base lexicon,false,true
型,型,1,single_char,base,,xing,xing2,common-standard-level-1+pinyin-data,docs/pinyin-v2/import/single_char_dictionary.tsv,FROZEN_DESIGN_DATA_MISSING restore general-purpose single-char base lexicon,false,true
拭,拭,1,single_char,base,,shi,shi4,common-standard-level-1+pinyin-data,docs/pinyin-v2/import/single_char_dictionary.tsv,FROZEN_DESIGN_DATA_MISSING restore general-purpose single-char base lexicon,false,true
挂,挂,1,single_char,base,,gua,gua4,common-standard-level-1+pinyin-data,docs/pinyin-v2/import/single_char_dictionary.tsv,FROZEN_DESIGN_DATA_MISSING restore general-purpose single-char base lexicon,true,true
封,封,1,single_char,base,,feng,feng1,common-standard-level-1+pinyin-data,docs/pinyin-v2/import/single_char_dictionary.tsv,FROZEN_DESIGN_DATA_MISSING restore general-purpose single-char base lexicon,false,true
持,持,1,single_char,base,,chi,chi2,common-standard-level-1+pinyin-data,docs/pinyin-v2/import/single_char_dictionary.tsv,FROZEN_DESIGN_DATA_MISSING restore general-purpose single-char base lexicon,false,true
拷,拷,1,single_char,base,,kao,kao3,common-standard-level-1+pinyin-data,docs/pinyin-v2/import/single_char_dictionary.tsv,FROZEN_DESIGN_DATA_MISSING restore general-purpose single-char base lexicon,false,true
拱,拱,1,single_char,base,,gong,gong3,common-standard-level-1+pinyin-data,docs/pinyin-v2/import/single_char_dictionary.tsv,FROZEN_DESIGN_DATA_MISSING restore general-purpose single-char base lexicon,false,true
项,项,1,single_char,base,,xiang,xiang4,common-standard-level-1+pinyin-data,docs/pinyin-v2/import/single_char_dictionary.tsv,FROZEN_DESIGN_DATA_MISSING restore general-purpose single-char base lexicon,false,true
垮,垮,1,single_char,base,,kua,kua3,common-standard-level-1+pinyin-data,docs/pinyin-v2/import/single_char_dictionary.tsv,FROZEN_DESIGN_DATA_MISSING restore general-purpose single-char base lexicon,false,true
挎,挎,1,single_char,base,,kua,kua4,common-standard-level-1+pinyin-data,docs/pinyin-v2/import/single_char_dictionary.tsv,FROZEN_DESIGN_DATA_MISSING restore general-purpose single-char base lexicon,false,true
城,城,1,single_char,base,,cheng,cheng2,common-standard-level-1+pinyin-data,docs/pinyin-v2/import/single_char_dictionary.tsv,FROZEN_DESIGN_DATA_MISSING restore general-purpose single-char base lexicon,true,true
挟,挟,1,single_char,base,,xie,xie2,common-standard-level-1+pinyin-data,docs/pinyin-v2/import/single_char_dictionary.tsv,FROZEN_DESIGN_DATA_MISSING restore general-purpose single-char base lexicon,false,true
挠,挠,1,single_char,base,,nao,nao2,common-standard-level-1+pinyin-data,docs/pinyin-v2/import/single_char_dictionary.tsv,FROZEN_DESIGN_DATA_MISSING restore general-purpose single-char base lexicon,false,true
政,政,1,single_char,base,,zheng,zheng4,common-standard-level-1+pinyin-data,docs/pinyin-v2/import/single_char_dictionary.tsv,FROZEN_DESIGN_DATA_MISSING restore general-purpose single-char base lexicon,false,true
赴,赴,1,single_char,base,,fu,fu4,common-standard-level-1+pinyin-data,docs/pinyin-v2/import/single_char_dictionary.tsv,FROZEN_DESIGN_DATA_MISSING restore general-purpose single-char base lexicon,false,true
赵,赵,1,single_char,base,,zhao,zhao4,common-standard-level-1+pinyin-data,docs/pinyin-v2/import/single_char_dictionary.tsv,FROZEN_DESIGN_DATA_MISSING restore general-purpose single-char base lexicon,false,true
挡,挡,1,single_char,base,,dang,dang3,common-standard-level-1+pinyin-data,docs/pinyin-v2/import/single_char_dictionary.tsv,FROZEN_DESIGN_DATA_MISSING restore general-purpose single-char base lexicon,false,true
拽,拽,1,single_char,base,,zhuai,zhuai1,common-standard-level-1+pinyin-data,docs/pinyin-v2/import/single_char_dictionary.tsv,FROZEN_DESIGN_DATA_MISSING restore general-purpose single-char base lexicon,false,true
哉,哉,1,single_char,base,,zai,zai1,common-standard-level-1+pinyin-data,docs/pinyin-v2/import/single_char_dictionary.tsv,FROZEN_DESIGN_DATA_MISSING restore general-purpose single-char base lexicon,false,true
挺,挺,1,single_char,base,,ting,ting3,common-standard-level-1+pinyin-data,docs/pinyin-v2/import/single_char_dictionary.tsv,FROZEN_DESIGN_DATA_MISSING restore general-purpose single-char base lexicon,false,true
括,括,1,single_char,base,,kuo,kuo4,common-standard-level-1+pinyin-data,docs/pinyin-v2/import/single_char_dictionary.tsv,FROZEN_DESIGN_DATA_MISSING restore general-purpose single-char base lexicon,false,true
垢,垢,1,single_char,base,,gou,gou4,common-standard-level-1+pinyin-data,docs/pinyin-v2/import/single_char_dictionary.tsv,FROZEN_DESIGN_DATA_MISSING restore general-purpose single-char base lexicon,false,true
拴,拴,1,single_char,base,,shuan,shuan1,common-standard-level-1+pinyin-data,docs/pinyin-v2/import/single_char_dictionary.tsv,FROZEN_DESIGN_DATA_MISSING restore general-purpose single-char base lexicon,false,true
拾,拾,1,single_char,base,,shi,shi2,common-standard-level-1+pinyin-data,docs/pinyin-v2/import/single_char_dictionary.tsv,FROZEN_DESIGN_DATA_MISSING restore general-purpose single-char base lexicon,false,true
挑,挑,1,single_char,base,,tiao,tiao1,common-standard-level-1+pinyin-data,docs/pinyin-v2/import/single_char_dictionary.tsv,FROZEN_DESIGN_DATA_MISSING restore general-purpose single-char base lexicon,false,true
垛,垛,1,single_char,base,,duo,duo3,common-standard-level-1+pinyin-data,docs/pinyin-v2/import/single_char_dictionary.tsv,FROZEN_DESIGN_DATA_MISSING restore general-purpose single-char base lexicon,false,true
指,指,1,single_char,base,,zhi,zhi3,common-standard-level-1+pinyin-data,docs/pinyin-v2/import/single_char_dictionary.tsv,FROZEN_DESIGN_DATA_MISSING restore general-purpose single-char base lexicon,false,true
垫,垫,1,single_char,base,,dian,dian4,common-standard-level-1+pinyin-data,docs/pinyin-v2/import/single_char_dictionary.tsv,FROZEN_DESIGN_DATA_MISSING restore general-purpose single-char base lexicon,false,true
挣,挣,1,single_char,base,,zheng,zheng1,common-standard-level-1+pinyin-data,docs/pinyin-v2/import/single_char_dictionary.tsv,FROZEN_DESIGN_DATA_MISSING restore general-purpose single-char base lexicon,false,true
挤,挤,1,single_char,base,,ji,ji3,common-standard-level-1+pinyin-data,docs/pinyin-v2/import/single_char_dictionary.tsv,FROZEN_DESIGN_DATA_MISSING restore general-purpose single-char base lexicon,false,true
拼,拼,1,single_char,base,,pin,pin1,common-standard-level-1+pinyin-data,docs/pinyin-v2/import/single_char_dictionary.tsv,FROZEN_DESIGN_DATA_MISSING restore general-purpose single-char base lexicon,false,true
挖,挖,1,single_char,base,,wa,wa1,common-standard-level-1+pinyin-data,docs/pinyin-v2/import/single_char_dictionary.tsv,FROZEN_DESIGN_DATA_MISSING restore general-purpose single-char base lexicon,false,true
按,按,1,single_char,base,,an,an4,common-standard-level-1+pinyin-data,docs/pinyin-v2/import/single_char_dictionary.tsv,FROZEN_DESIGN_DATA_MISSING restore general-purpose single-char base lexicon,true,true
挥,挥,1,single_char,base,,hui,hui1,common-standard-level-1+pinyin-data,docs/pinyin-v2/import/single_char_dictionary.tsv,FROZEN_DESIGN_DATA_MISSING restore general-purpose single-char base lexicon,false,true
挪,挪,1,single_char,base,,nuo,nuo2,common-standard-level-1+pinyin-data,docs/pinyin-v2/import/single_char_dictionary.tsv,FROZEN_DESIGN_DATA_MISSING restore general-purpose single-char base lexicon,false,true
拯,拯,1,single_char,base,,zheng,zheng3,common-standard-level-1+pinyin-data,docs/pinyin-v2/import/single_char_dictionary.tsv,FROZEN_DESIGN_DATA_MISSING restore general-purpose single-char base lexicon,false,true
某,某,1,single_char,base,,mou,mou3,common-standard-level-1+pinyin-data,docs/pinyin-v2/import/single_char_dictionary.tsv,FROZEN_DESIGN_DATA_MISSING restore general-purpose single-char base lexicon,false,true
甚,甚,1,single_char,base,,shen,shen4,common-standard-level-1+pinyin-data,docs/pinyin-v2/import/single_char_dictionary.tsv,FROZEN_DESIGN_DATA_MISSING restore general-purpose single-char base lexicon,false,true
荆,荆,1,single_char,base,,jing,jing1,common-standard-level-1+pinyin-data,docs/pinyin-v2/import/single_char_dictionary.tsv,FROZEN_DESIGN_DATA_MISSING restore general-purpose single-char base lexicon,false,true
茸,茸,1,single_char,base,,rong,rong1,common-standard-level-1+pinyin-data,docs/pinyin-v2/import/single_char_dictionary.tsv,FROZEN_DESIGN_DATA_MISSING restore general-purpose single-char base lexicon,false,true
革,革,1,single_char,base,,ge,ge2,common-standard-level-1+pinyin-data,docs/pinyin-v2/import/single_char_dictionary.tsv,FROZEN_DESIGN_DATA_MISSING restore general-purpose single-char base lexicon,false,true
茬,茬,1,single_char,base,,cha,cha2,common-standard-level-1+pinyin-data,docs/pinyin-v2/import/single_char_dictionary.tsv,FROZEN_DESIGN_DATA_MISSING restore general-purpose single-char base lexicon,false,true
荐,荐,1,single_char,base,,jian,jian4,common-standard-level-1+pinyin-data,docs/pinyin-v2/import/single_char_dictionary.tsv,FROZEN_DESIGN_DATA_MISSING restore general-purpose single-char base lexicon,false,true
巷,巷,1,single_char,base,,xiang,xiang4,common-standard-level-1+pinyin-data,docs/pinyin-v2/import/single_char_dictionary.tsv,FROZEN_DESIGN_DATA_MISSING restore general-purpose single-char base lexicon,false,true
带,带,1,single_char,base,,dai,dai4,common-standard-level-1+pinyin-data,docs/pinyin-v2/import/single_char_dictionary.tsv,FROZEN_DESIGN_DATA_MISSING restore general-purpose single-char base lexicon,false,true
草,草,1,single_char,base,,cao,cao3,common-standard-level-1+pinyin-data,docs/pinyin-v2/import/single_char_dictionary.tsv,FROZEN_DESIGN_DATA_MISSING restore general-purpose single-char base lexicon,false,true
茧,茧,1,single_char,base,,jian,jian3,common-standard-level-1+pinyin-data,docs/pinyin-v2/import/single_char_dictionary.tsv,FROZEN_DESIGN_DATA_MISSING restore general-purpose single-char base lexicon,false,true
茵,茵,1,single_char,base,,yin,yin1,common-standard-level-1+pinyin-data,docs/pinyin-v2/import/single_char_dictionary.tsv,FROZEN_DESIGN_DATA_MISSING restore general-purpose single-char base lexicon,false,true
茶,茶,1,single_char,base,,cha,cha2,common-standard-level-1+pinyin-data,docs/pinyin-v2/import/single_char_dictionary.tsv,FROZEN_DESIGN_DATA_MISSING restore general-purpose single-char base lexicon,false,true
荒,荒,1,single_char,base,,huang,huang1,common-standard-level-1+pinyin-data,docs/pinyin-v2/import/single_char_dictionary.tsv,FROZEN_DESIGN_DATA_MISSING restore general-purpose single-char base lexicon,false,true
茫,茫,1,single_char,base,,mang,mang2,common-standard-level-1+pinyin-data,docs/pinyin-v2/import/single_char_dictionary.tsv,FROZEN_DESIGN_DATA_MISSING restore general-purpose single-char base lexicon,false,true
荡,荡,1,single_char,base,,dang,dang4,common-standard-level-1+pinyin-data,docs/pinyin-v2/import/single_char_dictionary.tsv,FROZEN_DESIGN_DATA_MISSING restore general-purpose single-char base lexicon,false,true
荣,荣,1,single_char,base,,rong,rong2,common-standard-level-1+pinyin-data,docs/pinyin-v2/import/single_char_dictionary.tsv,FROZEN_DESIGN_DATA_MISSING restore general-purpose single-char base lexicon,false,true
荤,荤,1,single_char,base,,hun,hun1,common-standard-level-1+pinyin-data,docs/pinyin-v2/import/single_char_dictionary.tsv,FROZEN_DESIGN_DATA_MISSING restore general-purpose single-char base lexicon,false,true
荧,荧,1,single_char,base,,ying,ying2,common-standard-level-1+pinyin-data,docs/pinyin-v2/import/single_char_dictionary.tsv,FROZEN_DESIGN_DATA_MISSING restore general-purpose single-char base lexicon,false,true
故,故,1,single_char,base,,gu,gu4,common-standard-level-1+pinyin-data,docs/pinyin-v2/import/single_char_dictionary.tsv,FROZEN_DESIGN_DATA_MISSING restore general-purpose single-char base lexicon,false,true
胡,胡,1,single_char,base,,hu,hu2,common-standard-level-1+pinyin-data,docs/pinyin-v2/import/single_char_dictionary.tsv,FROZEN_DESIGN_DATA_MISSING restore general-purpose single-char base lexicon,false,true
荫,荫,1,single_char,base,,yin,yin1,common-standard-level-1+pinyin-data,docs/pinyin-v2/import/single_char_dictionary.tsv,FROZEN_DESIGN_DATA_MISSING restore general-purpose single-char base lexicon,false,true
荔,荔,1,single_char,base,,li,li4,common-standard-level-1+pinyin-data,docs/pinyin-v2/import/single_char_dictionary.tsv,FROZEN_DESIGN_DATA_MISSING restore general-purpose single-char base lexicon,false,true
南,南,1,single_char,base,,nan,nan2,common-standard-level-1+pinyin-data,docs/pinyin-v2/import/single_char_dictionary.tsv,FROZEN_DESIGN_DATA_MISSING restore general-purpose single-char base lexicon,false,true
药,药,1,single_char,base,,yao,yao4,common-standard-level-1+pinyin-data,docs/pinyin-v2/import/single_char_dictionary.tsv,FROZEN_DESIGN_DATA_MISSING restore general-purpose single-char base lexicon,false,true
标,标,1,single_char,base,,biao,biao1,common-standard-level-1+pinyin-data,docs/pinyin-v2/import/single_char_dictionary.tsv,FROZEN_DESIGN_DATA_MISSING restore general-purpose single-char base lexicon,false,true
栈,栈,1,single_char,base,,zhan,zhan4,common-standard-level-1+pinyin-data,docs/pinyin-v2/import/single_char_dictionary.tsv,FROZEN_DESIGN_DATA_MISSING restore general-purpose single-char base lexicon,false,true
柑,柑,1,single_char,base,,gan,gan1,common-standard-level-1+pinyin-data,docs/pinyin-v2/import/single_char_dictionary.tsv,FROZEN_DESIGN_DATA_MISSING restore general-purpose single-char base lexicon,false,true
枯,枯,1,single_char,base,,ku,ku1,common-standard-level-1+pinyin-data,docs/pinyin-v2/import/single_char_dictionary.tsv,FROZEN_DESIGN_DATA_MISSING restore general-purpose single-char base lexicon,false,true
柄,柄,1,single_char,base,,bing,bing3,common-standard-level-1+pinyin-data,docs/pinyin-v2/import/single_char_dictionary.tsv,FROZEN_DESIGN_DATA_MISSING restore general-purpose single-char base lexicon,false,true
栋,栋,1,single_char,base,,dong,dong4,common-standard-level-1+pinyin-data,docs/pinyin-v2/import/single_char_dictionary.tsv,FROZEN_DESIGN_DATA_MISSING restore general-purpose single-char base lexicon,false,true
相,相,1,single_char,base,,xiang,xiang1,common-standard-level-1+pinyin-data,docs/pinyin-v2/import/single_char_dictionary.tsv,FROZEN_DESIGN_DATA_MISSING restore general-purpose single-char base lexicon,false,true
查,查,1,single_char,base,,cha,cha2,common-standard-level-1+pinyin-data,docs/pinyin-v2/import/single_char_dictionary.tsv,FROZEN_DESIGN_DATA_MISSING restore general-purpose single-char base lexicon,false,true
柏,柏,1,single_char,base,,bai,bai3,common-standard-level-1+pinyin-data,docs/pinyin-v2/import/single_char_dictionary.tsv,FROZEN_DESIGN_DATA_MISSING restore general-purpose single-char base lexicon,false,true
栅,栅,1,single_char,base,,zha,zha4,common-standard-level-1+pinyin-data,docs/pinyin-v2/import/single_char_dictionary.tsv,FROZEN_DESIGN_DATA_MISSING restore general-purpose single-char base lexicon,false,true
柳,柳,1,single_char,base,,liu,liu3,common-standard-level-1+pinyin-data,docs/pinyin-v2/import/single_char_dictionary.tsv,FROZEN_DESIGN_DATA_MISSING restore general-purpose single-char base lexicon,false,true
柱,柱,1,single_char,base,,zhu,zhu4,common-standard-level-1+pinyin-data,docs/pinyin-v2/import/single_char_dictionary.tsv,FROZEN_DESIGN_DATA_MISSING restore general-purpose single-char base lexicon,false,true
柿,柿,1,single_char,base,,shi,shi4,common-standard-level-1+pinyin-data,docs/pinyin-v2/import/single_char_dictionary.tsv,FROZEN_DESIGN_DATA_MISSING restore general-purpose single-char base lexicon,false,true
栏,栏,1,single_char,base,,lan,lan2,common-standard-level-1+pinyin-data,docs/pinyin-v2/import/single_char_dictionary.tsv,FROZEN_DESIGN_DATA_MISSING restore general-purpose single-char base lexicon,false,true
柠,柠,1,single_char,base,,ning,ning2,common-standard-level-1+pinyin-data,docs/pinyin-v2/import/single_char_dictionary.tsv,FROZEN_DESIGN_DATA_MISSING restore general-purpose single-char base lexicon,false,true
树,树,1,single_char,base,,shu,shu4,common-standard-level-1+pinyin-data,docs/pinyin-v2/import/single_char_dictionary.tsv,FROZEN_DESIGN_DATA_MISSING restore general-purpose single-char base lexicon,false,true
勃,勃,1,single_char,base,,bo,bo2,common-standard-level-1+pinyin-data,docs/pinyin-v2/import/single_char_dictionary.tsv,FROZEN_DESIGN_DATA_MISSING restore general-purpose single-char base lexicon,false,true
要,要,1,single_char,base,,yao,yao4,common-standard-level-1+pinyin-data,docs/pinyin-v2/import/single_char_dictionary.tsv,FROZEN_DESIGN_DATA_MISSING restore general-purpose single-char base lexicon,false,true
柬,柬,1,single_char,base,,jian,jian3,common-standard-level-1+pinyin-data,docs/pinyin-v2/import/single_char_dictionary.tsv,FROZEN_DESIGN_DATA_MISSING restore general-purpose single-char base lexicon,false,true
咸,咸,1,single_char,base,,xian,xian2,common-standard-level-1+pinyin-data,docs/pinyin-v2/import/single_char_dictionary.tsv,FROZEN_DESIGN_DATA_MISSING restore general-purpose single-char base lexicon,false,true
威,威,1,single_char,base,,wei,wei1,common-standard-level-1+pinyin-data,docs/pinyin-v2/import/single_char_dictionary.tsv,FROZEN_DESIGN_DATA_MISSING restore general-purpose single-char base lexicon,false,true
歪,歪,1,single_char,base,,wai,wai1,common-standard-level-1+pinyin-data,docs/pinyin-v2/import/single_char_dictionary.tsv,FROZEN_DESIGN_DATA_MISSING restore general-purpose single-char base lexicon,false,true
研,研,1,single_char,base,,yan,yan2,common-standard-level-1+pinyin-data,docs/pinyin-v2/import/single_char_dictionary.tsv,FROZEN_DESIGN_DATA_MISSING restore general-purpose single-char base lexicon,true,true
砖,砖,1,single_char,base,,zhuan,zhuan1,common-standard-level-1+pinyin-data,docs/pinyin-v2/import/single_char_dictionary.tsv,FROZEN_DESIGN_DATA_MISSING restore general-purpose single-char base lexicon,false,true
厘,厘,1,single_char,base,,li,li2,common-standard-level-1+pinyin-data,docs/pinyin-v2/import/single_char_dictionary.tsv,FROZEN_DESIGN_DATA_MISSING restore general-purpose single-char base lexicon,false,true
厚,厚,1,single_char,base,,hou,hou4,common-standard-level-1+pinyin-data,docs/pinyin-v2/import/single_char_dictionary.tsv,FROZEN_DESIGN_DATA_MISSING restore general-purpose single-char base lexicon,false,true
砌,砌,1,single_char,base,,qi,qi4,common-standard-level-1+pinyin-data,docs/pinyin-v2/import/single_char_dictionary.tsv,FROZEN_DESIGN_DATA_MISSING restore general-purpose single-char base lexicon,false,true
砂,砂,1,single_char,base,,sha,sha1,common-standard-level-1+pinyin-data,docs/pinyin-v2/import/single_char_dictionary.tsv,FROZEN_DESIGN_DATA_MISSING restore general-purpose single-char base lexicon,false,true
泵,泵,1,single_char,base,,beng,beng4,common-standard-level-1+pinyin-data,docs/pinyin-v2/import/single_char_dictionary.tsv,FROZEN_DESIGN_DATA_MISSING restore general-purpose single-char base lexicon,false,true
砚,砚,1,single_char,base,,yan,yan4,common-standard-level-1+pinyin-data,docs/pinyin-v2/import/single_char_dictionary.tsv,FROZEN_DESIGN_DATA_MISSING restore general-purpose single-char base lexicon,false,true
砍,砍,1,single_char,base,,kan,kan3,common-standard-level-1+pinyin-data,docs/pinyin-v2/import/single_char_dictionary.tsv,FROZEN_DESIGN_DATA_MISSING restore general-purpose single-char base lexicon,false,true
面,面,1,single_char,base,,mian,mian4,common-standard-level-1+pinyin-data,docs/pinyin-v2/import/single_char_dictionary.tsv,FROZEN_DESIGN_DATA_MISSING restore general-purpose single-char base lexicon,false,true
耐,耐,1,single_char,base,,nai,nai4,common-standard-level-1+pinyin-data,docs/pinyin-v2/import/single_char_dictionary.tsv,FROZEN_DESIGN_DATA_MISSING restore general-purpose single-char base lexicon,false,true
耍,耍,1,single_char,base,,shua,shua3,common-standard-level-1+pinyin-data,docs/pinyin-v2/import/single_char_dictionary.tsv,FROZEN_DESIGN_DATA_MISSING restore general-purpose single-char base lexicon,false,true
牵,牵,1,single_char,base,,qian,qian1,common-standard-level-1+pinyin-data,docs/pinyin-v2/import/single_char_dictionary.tsv,FROZEN_DESIGN_DATA_MISSING restore general-purpose single-char base lexicon,false,true
鸥,鸥,1,single_char,base,,ou,ou1,common-standard-level-1+pinyin-data,docs/pinyin-v2/import/single_char_dictionary.tsv,FROZEN_DESIGN_DATA_MISSING restore general-purpose single-char base lexicon,false,true
残,残,1,single_char,base,,can,can2,common-standard-level-1+pinyin-data,docs/pinyin-v2/import/single_char_dictionary.tsv,FROZEN_DESIGN_DATA_MISSING restore general-purpose single-char base lexicon,false,true
殃,殃,1,single_char,base,,yang,yang1,common-standard-level-1+pinyin-data,docs/pinyin-v2/import/single_char_dictionary.tsv,FROZEN_DESIGN_DATA_MISSING restore general-purpose single-char base lexicon,false,true
轴,轴,1,single_char,base,,zhou,zhou2,common-standard-level-1+pinyin-data,docs/pinyin-v2/import/single_char_dictionary.tsv,FROZEN_DESIGN_DATA_MISSING restore general-purpose single-char base lexicon,false,true
轻,轻,1,single_char,base,,qing,qing1,common-standard-level-1+pinyin-data,docs/pinyin-v2/import/single_char_dictionary.tsv,FROZEN_DESIGN_DATA_MISSING restore general-purpose single-char base lexicon,false,true
鸦,鸦,1,single_char,base,,ya,ya1,common-standard-level-1+pinyin-data,docs/pinyin-v2/import/single_char_dictionary.tsv,FROZEN_DESIGN_DATA_MISSING restore general-purpose single-char base lexicon,false,true
皆,皆,1,single_char,base,,jie,jie1,common-standard-level-1+pinyin-data,docs/pinyin-v2/import/single_char_dictionary.tsv,FROZEN_DESIGN_DATA_MISSING restore general-purpose single-char base lexicon,false,true
韭,韭,1,single_char,base,,jiu,jiu3,common-standard-level-1+pinyin-data,docs/pinyin-v2/import/single_char_dictionary.tsv,FROZEN_DESIGN_DATA_MISSING restore general-purpose single-char base lexicon,false,true
背,背,1,single_char,base,,bei,bei4,common-standard-level-1+pinyin-data,docs/pinyin-v2/import/single_char_dictionary.tsv,FROZEN_DESIGN_DATA_MISSING restore general-purpose single-char base lexicon,false,true
战,战,1,single_char,base,,zhan,zhan4,common-standard-level-1+pinyin-data,docs/pinyin-v2/import/single_char_dictionary.tsv,FROZEN_DESIGN_DATA_MISSING restore general-purpose single-char base lexicon,false,true
点,点,1,single_char,base,,dian,dian3,common-standard-level-1+pinyin-data,docs/pinyin-v2/import/single_char_dictionary.tsv,FROZEN_DESIGN_DATA_MISSING restore general-purpose single-char base lexicon,false,true
虐,虐,1,single_char,base,,nve,nve4,common-standard-level-1+pinyin-data,docs/pinyin-v2/import/single_char_dictionary.tsv,FROZEN_DESIGN_DATA_MISSING restore general-purpose single-char base lexicon,false,true
临,临,1,single_char,base,,lin,lin2,common-standard-level-1+pinyin-data,docs/pinyin-v2/import/single_char_dictionary.tsv,FROZEN_DESIGN_DATA_MISSING restore general-purpose single-char base lexicon,false,true
览,览,1,single_char,base,,lan,lan3,common-standard-level-1+pinyin-data,docs/pinyin-v2/import/single_char_dictionary.tsv,FROZEN_DESIGN_DATA_MISSING restore general-purpose single-char base lexicon,false,true
竖,竖,1,single_char,base,,shu,shu4,common-standard-level-1+pinyin-data,docs/pinyin-v2/import/single_char_dictionary.tsv,FROZEN_DESIGN_DATA_MISSING restore general-purpose single-char base lexicon,false,true
省,省,1,single_char,base,,sheng,sheng3,common-standard-level-1+pinyin-data,docs/pinyin-v2/import/single_char_dictionary.tsv,FROZEN_DESIGN_DATA_MISSING restore general-purpose single-char base lexicon,false,true
削,削,1,single_char,base,,xue,xue1,common-standard-level-1+pinyin-data,docs/pinyin-v2/import/single_char_dictionary.tsv,FROZEN_DESIGN_DATA_MISSING restore general-purpose single-char base lexicon,false,true
尝,尝,1,single_char,base,,chang,chang2,common-standard-level-1+pinyin-data,docs/pinyin-v2/import/single_char_dictionary.tsv,FROZEN_DESIGN_DATA_MISSING restore general-purpose single-char base lexicon,false,true
昧,昧,1,single_char,base,,mei,mei4,common-standard-level-1+pinyin-data,docs/pinyin-v2/import/single_char_dictionary.tsv,FROZEN_DESIGN_DATA_MISSING restore general-purpose single-char base lexicon,false,true
盹,盹,1,single_char,base,,dun,dun3,common-standard-level-1+pinyin-data,docs/pinyin-v2/import/single_char_dictionary.tsv,FROZEN_DESIGN_DATA_MISSING restore general-purpose single-char base lexicon,false,true
是,是,1,single_char,base,,shi,shi4,common-standard-level-1+pinyin-data,docs/pinyin-v2/import/single_char_dictionary.tsv,FROZEN_DESIGN_DATA_MISSING restore general-purpose single-char base lexicon,false,true
盼,盼,1,single_char,base,,pan,pan4,common-standard-level-1+pinyin-data,docs/pinyin-v2/import/single_char_dictionary.tsv,FROZEN_DESIGN_DATA_MISSING restore general-purpose single-char base lexicon,false,true
眨,眨,1,single_char,base,,zha,zha3,common-standard-level-1+pinyin-data,docs/pinyin-v2/import/single_char_dictionary.tsv,FROZEN_DESIGN_DATA_MISSING restore general-purpose single-char base lexicon,false,true
哇,哇,1,single_char,base,,wa,wa,common-standard-level-1+pinyin-data,docs/pinyin-v2/import/single_char_dictionary.tsv,FROZEN_DESIGN_DATA_MISSING restore general-purpose single-char base lexicon,false,true
哄,哄,1,single_char,base,,hong,hong3,common-standard-level-1+pinyin-data,docs/pinyin-v2/import/single_char_dictionary.tsv,FROZEN_DESIGN_DATA_MISSING restore general-purpose single-char base lexicon,false,true
哑,哑,1,single_char,base,,ya,ya3,common-standard-level-1+pinyin-data,docs/pinyin-v2/import/single_char_dictionary.tsv,FROZEN_DESIGN_DATA_MISSING restore general-purpose single-char base lexicon,false,true
显,显,1,single_char,base,,xian,xian3,common-standard-level-1+pinyin-data,docs/pinyin-v2/import/single_char_dictionary.tsv,FROZEN_DESIGN_DATA_MISSING restore general-purpose single-char base lexicon,false,true
冒,冒,1,single_char,base,,mao,mao4,common-standard-level-1+pinyin-data,docs/pinyin-v2/import/single_char_dictionary.tsv,FROZEN_DESIGN_DATA_MISSING restore general-purpose single-char base lexicon,false,true
映,映,1,single_char,base,,ying,ying4,common-standard-level-1+pinyin-data,docs/pinyin-v2/import/single_char_dictionary.tsv,FROZEN_DESIGN_DATA_MISSING restore general-purpose single-char base lexicon,false,true
星,星,1,single_char,base,,xing,xing1,common-standard-level-1+pinyin-data,docs/pinyin-v2/import/single_char_dictionary.tsv,FROZEN_DESIGN_DATA_MISSING restore general-purpose single-char base lexicon,false,true
昨,昨,1,single_char,base,,zuo,zuo2,common-standard-level-1+pinyin-data,docs/pinyin-v2/import/single_char_dictionary.tsv,FROZEN_DESIGN_DATA_MISSING restore general-purpose single-char base lexicon,false,true
咧,咧,1,single_char,base,,lie,lie3,common-standard-level-1+pinyin-data,docs/pinyin-v2/import/single_char_dictionary.tsv,FROZEN_DESIGN_DATA_MISSING restore general-purpose single-char base lexicon,false,true
昭,昭,1,single_char,base,,zhao,zhao1,common-standard-level-1+pinyin-data,docs/pinyin-v2/import/single_char_dictionary.tsv,FROZEN_DESIGN_DATA_MISSING restore general-purpose single-char base lexicon,false,true
畏,畏,1,single_char,base,,wei,wei4,common-standard-level-1+pinyin-data,docs/pinyin-v2/import/single_char_dictionary.tsv,FROZEN_DESIGN_DATA_MISSING restore general-purpose single-char base lexicon,false,true
趴,趴,1,single_char,base,,pa,pa1,common-standard-level-1+pinyin-data,docs/pinyin-v2/import/single_char_dictionary.tsv,FROZEN_DESIGN_DATA_MISSING restore general-purpose single-char base lexicon,false,true
胃,胃,1,single_char,base,,wei,wei4,common-standard-level-1+pinyin-data,docs/pinyin-v2/import/single_char_dictionary.tsv,FROZEN_DESIGN_DATA_MISSING restore general-purpose single-char base lexicon,true,true
贵,贵,1,single_char,base,,gui,gui4,common-standard-level-1+pinyin-data,docs/pinyin-v2/import/single_char_dictionary.tsv,FROZEN_DESIGN_DATA_MISSING restore general-purpose single-char base lexicon,false,true
界,界,1,single_char,base,,jie,jie4,common-standard-level-1+pinyin-data,docs/pinyin-v2/import/single_char_dictionary.tsv,FROZEN_DESIGN_DATA_MISSING restore general-purpose single-char base lexicon,false,true
虹,虹,1,single_char,base,,hong,hong2,common-standard-level-1+pinyin-data,docs/pinyin-v2/import/single_char_dictionary.tsv,FROZEN_DESIGN_DATA_MISSING restore general-purpose single-char base lexicon,false,true
虾,虾,1,single_char,base,,xia,xia1,common-standard-level-1+pinyin-data,docs/pinyin-v2/import/single_char_dictionary.tsv,FROZEN_DESIGN_DATA_MISSING restore general-purpose single-char base lexicon,false,true
蚁,蚁,1,single_char,base,,yi,yi3,common-standard-level-1+pinyin-data,docs/pinyin-v2/import/single_char_dictionary.tsv,FROZEN_DESIGN_DATA_MISSING restore general-purpose single-char base lexicon,false,true
思,思,1,single_char,base,,si,si1,common-standard-level-1+pinyin-data,docs/pinyin-v2/import/single_char_dictionary.tsv,FROZEN_DESIGN_DATA_MISSING restore general-purpose single-char base lexicon,false,true
蚂,蚂,1,single_char,base,,ma,ma3,common-standard-level-1+pinyin-data,docs/pinyin-v2/import/single_char_dictionary.tsv,FROZEN_DESIGN_DATA_MISSING restore general-purpose single-char base lexicon,false,true
虽,虽,1,single_char,base,,sui,sui1,common-standard-level-1+pinyin-data,docs/pinyin-v2/import/single_char_dictionary.tsv,FROZEN_DESIGN_DATA_MISSING restore general-purpose single-char base lexicon,false,true
品,品,1,single_char,base,,pin,pin3,common-standard-level-1+pinyin-data,docs/pinyin-v2/import/single_char_dictionary.tsv,FROZEN_DESIGN_DATA_MISSING restore general-purpose single-char base lexicon,false,true
咽,咽,1,single_char,base,,yan,yan4,common-standard-level-1+pinyin-data,docs/pinyin-v2/import/single_char_dictionary.tsv,FROZEN_DESIGN_DATA_MISSING restore general-purpose single-char base lexicon,false,true
骂,骂,1,single_char,base,,ma,ma4,common-standard-level-1+pinyin-data,docs/pinyin-v2/import/single_char_dictionary.tsv,FROZEN_DESIGN_DATA_MISSING restore general-purpose single-char base lexicon,false,true
勋,勋,1,single_char,base,,xun,xun1,common-standard-level-1+pinyin-data,docs/pinyin-v2/import/single_char_dictionary.tsv,FROZEN_DESIGN_DATA_MISSING restore general-purpose single-char base lexicon,false,true
哗,哗,1,single_char,base,,hua,hua1,common-standard-level-1+pinyin-data,docs/pinyin-v2/import/single_char_dictionary.tsv,FROZEN_DESIGN_DATA_MISSING restore general-purpose single-char base lexicon,false,true
咱,咱,1,single_char,base,,zan,zan2,common-standard-level-1+pinyin-data,docs/pinyin-v2/import/single_char_dictionary.tsv,FROZEN_DESIGN_DATA_MISSING restore general-purpose single-char base lexicon,false,true
响,响,1,single_char,base,,xiang,xiang3,common-standard-level-1+pinyin-data,docs/pinyin-v2/import/single_char_dictionary.tsv,FROZEN_DESIGN_DATA_MISSING restore general-purpose single-char base lexicon,false,true
哈,哈,1,single_char,base,,ha,ha1,common-standard-level-1+pinyin-data,docs/pinyin-v2/import/single_char_dictionary.tsv,FROZEN_DESIGN_DATA_MISSING restore general-purpose single-char base lexicon,false,true
哆,哆,1,single_char,base,,duo,duo1,common-standard-level-1+pinyin-data,docs/pinyin-v2/import/single_char_dictionary.tsv,FROZEN_DESIGN_DATA_MISSING restore general-purpose single-char base lexicon,false,true
咬,咬,1,single_char,base,,yao,yao3,common-standard-level-1+pinyin-data,docs/pinyin-v2/import/single_char_dictionary.tsv,FROZEN_DESIGN_DATA_MISSING restore general-purpose single-char base lexicon,false,true
咳,咳,1,single_char,base,,ke,ke2,common-standard-level-1+pinyin-data,docs/pinyin-v2/import/single_char_dictionary.tsv,FROZEN_DESIGN_DATA_MISSING restore general-purpose single-char base lexicon,false,true
咪,咪,1,single_char,base,,mi,mi1,common-standard-level-1+pinyin-data,docs/pinyin-v2/import/single_char_dictionary.tsv,FROZEN_DESIGN_DATA_MISSING restore general-purpose single-char base lexicon,false,true
哪,哪,1,single_char,base,,na,na3,common-standard-level-1+pinyin-data,docs/pinyin-v2/import/single_char_dictionary.tsv,FROZEN_DESIGN_DATA_MISSING restore general-purpose single-char base lexicon,false,true
哟,哟,1,single_char,base,,yo,yo1,common-standard-level-1+pinyin-data,docs/pinyin-v2/import/single_char_dictionary.tsv,FROZEN_DESIGN_DATA_MISSING restore general-purpose single-char base lexicon,false,true
炭,炭,1,single_char,base,,tan,tan4,common-standard-level-1+pinyin-data,docs/pinyin-v2/import/single_char_dictionary.tsv,FROZEN_DESIGN_DATA_MISSING restore general-purpose single-char base lexicon,false,true
峡,峡,1,single_char,base,,xia,xia2,common-standard-level-1+pinyin-data,docs/pinyin-v2/import/single_char_dictionary.tsv,FROZEN_DESIGN_DATA_MISSING restore general-purpose single-char base lexicon,false,true
罚,罚,1,single_char,base,,fa,fa2,common-standard-level-1+pinyin-data,docs/pinyin-v2/import/single_char_dictionary.tsv,FROZEN_DESIGN_DATA_MISSING restore general-purpose single-char base lexicon,false,true
贱,贱,1,single_char,base,,jian,jian4,common-standard-level-1+pinyin-data,docs/pinyin-v2/import/single_char_dictionary.tsv,FROZEN_DESIGN_DATA_MISSING restore general-purpose single-char base lexicon,false,true
贴,贴,1,single_char,base,,tie,tie1,common-standard-level-1+pinyin-data,docs/pinyin-v2/import/single_char_dictionary.tsv,FROZEN_DESIGN_DATA_MISSING restore general-purpose single-char base lexicon,false,true
贻,贻,1,single_char,base,,yi,yi2,common-standard-level-1+pinyin-data,docs/pinyin-v2/import/single_char_dictionary.tsv,FROZEN_DESIGN_DATA_MISSING restore general-purpose single-char base lexicon,false,true
骨,骨,1,single_char,base,,gu,gu3,common-standard-level-1+pinyin-data,docs/pinyin-v2/import/single_char_dictionary.tsv,FROZEN_DESIGN_DATA_MISSING restore general-purpose single-char base lexicon,false,true
幽,幽,1,single_char,base,,you,you1,common-standard-level-1+pinyin-data,docs/pinyin-v2/import/single_char_dictionary.tsv,FROZEN_DESIGN_DATA_MISSING restore general-purpose single-char base lexicon,false,true
钙,钙,1,single_char,base,,gai,gai4,common-standard-level-1+pinyin-data,docs/pinyin-v2/import/single_char_dictionary.tsv,FROZEN_DESIGN_DATA_MISSING restore general-purpose single-char base lexicon,false,true
钝,钝,1,single_char,base,,dun,dun4,common-standard-level-1+pinyin-data,docs/pinyin-v2/import/single_char_dictionary.tsv,FROZEN_DESIGN_DATA_MISSING restore general-purpose single-char base lexicon,false,true
钞,钞,1,single_char,base,,chao,chao1,common-standard-level-1+pinyin-data,docs/pinyin-v2/import/single_char_dictionary.tsv,FROZEN_DESIGN_DATA_MISSING restore general-purpose single-char base lexicon,false,true
钟,钟,1,single_char,base,,zhong,zhong1,common-standard-level-1+pinyin-data,docs/pinyin-v2/import/single_char_dictionary.tsv,FROZEN_DESIGN_DATA_MISSING restore general-purpose single-char base lexicon,false,true
钢,钢,1,single_char,base,,gang,gang1,common-standard-level-1+pinyin-data,docs/pinyin-v2/import/single_char_dictionary.tsv,FROZEN_DESIGN_DATA_MISSING restore general-purpose single-char base lexicon,false,true
钠,钠,1,single_char,base,,na,na4,common-standard-level-1+pinyin-data,docs/pinyin-v2/import/single_char_dictionary.tsv,FROZEN_DESIGN_DATA_MISSING restore general-purpose single-char base lexicon,false,true
钥,钥,1,single_char,base,,yao,yao4,common-standard-level-1+pinyin-data,docs/pinyin-v2/import/single_char_dictionary.tsv,FROZEN_DESIGN_DATA_MISSING restore general-purpose single-char base lexicon,false,true
钦,钦,1,single_char,base,,qin,qin1,common-standard-level-1+pinyin-data,docs/pinyin-v2/import/single_char_dictionary.tsv,FROZEN_DESIGN_DATA_MISSING restore general-purpose single-char base lexicon,false,true
钧,钧,1,single_char,base,,jun,jun1,common-standard-level-1+pinyin-data,docs/pinyin-v2/import/single_char_dictionary.tsv,FROZEN_DESIGN_DATA_MISSING restore general-purpose single-char base lexicon,false,true
钩,钩,1,single_char,base,,gou,gou1,common-standard-level-1+pinyin-data,docs/pinyin-v2/import/single_char_dictionary.tsv,FROZEN_DESIGN_DATA_MISSING restore general-purpose single-char base lexicon,false,true
钮,钮,1,single_char,base,,niu,niu3,common-standard-level-1+pinyin-data,docs/pinyin-v2/import/single_char_dictionary.tsv,FROZEN_DESIGN_DATA_MISSING restore general-purpose single-char base lexicon,false,true
卸,卸,1,single_char,base,,xie,xie4,common-standard-level-1+pinyin-data,docs/pinyin-v2/import/single_char_dictionary.tsv,FROZEN_DESIGN_DATA_MISSING restore general-purpose single-char base lexicon,false,true
缸,缸,1,single_char,base,,gang,gang1,common-standard-level-1+pinyin-data,docs/pinyin-v2/import/single_char_dictionary.tsv,FROZEN_DESIGN_DATA_MISSING restore general-purpose single-char base lexicon,false,true
拜,拜,1,single_char,base,,bai,bai4,common-standard-level-1+pinyin-data,docs/pinyin-v2/import/single_char_dictionary.tsv,FROZEN_DESIGN_DATA_MISSING restore general-purpose single-char base lexicon,false,true
看,看,1,single_char,base,,kan,kan4,common-standard-level-1+pinyin-data,docs/pinyin-v2/import/single_char_dictionary.tsv,FROZEN_DESIGN_DATA_MISSING restore general-purpose single-char base lexicon,false,true
矩,矩,1,single_char,base,,ju,ju3,common-standard-level-1+pinyin-data,docs/pinyin-v2/import/single_char_dictionary.tsv,FROZEN_DESIGN_DATA_MISSING restore general-purpose single-char base lexicon,false,true
毡,毡,1,single_char,base,,zhan,zhan1,common-standard-level-1+pinyin-data,docs/pinyin-v2/import/single_char_dictionary.tsv,FROZEN_DESIGN_DATA_MISSING restore general-purpose single-char base lexicon,false,true
氢,氢,1,single_char,base,,qing,qing1,common-standard-level-1+pinyin-data,docs/pinyin-v2/import/single_char_dictionary.tsv,FROZEN_DESIGN_DATA_MISSING restore general-purpose single-char base lexicon,false,true
怎,怎,1,single_char,base,,zen,zen3,common-standard-level-1+pinyin-data,docs/pinyin-v2/import/single_char_dictionary.tsv,FROZEN_DESIGN_DATA_MISSING restore general-purpose single-char base lexicon,false,true
牲,牲,1,single_char,base,,sheng,sheng1,common-standard-level-1+pinyin-data,docs/pinyin-v2/import/single_char_dictionary.tsv,FROZEN_DESIGN_DATA_MISSING restore general-purpose single-char base lexicon,false,true
选,选,1,single_char,base,,xuan,xuan3,common-standard-level-1+pinyin-data,docs/pinyin-v2/import/single_char_dictionary.tsv,FROZEN_DESIGN_DATA_MISSING restore general-purpose single-char base lexicon,true,true
适,适,1,single_char,base,,shi,shi4,common-standard-level-1+pinyin-data,docs/pinyin-v2/import/single_char_dictionary.tsv,FROZEN_DESIGN_DATA_MISSING restore general-purpose single-char base lexicon,true,true
秒,秒,1,single_char,base,,miao,miao3,common-standard-level-1+pinyin-data,docs/pinyin-v2/import/single_char_dictionary.tsv,FROZEN_DESIGN_DATA_MISSING restore general-purpose single-char base lexicon,false,true
香,香,1,single_char,base,,xiang,xiang1,common-standard-level-1+pinyin-data,docs/pinyin-v2/import/single_char_dictionary.tsv,FROZEN_DESIGN_DATA_MISSING restore general-purpose single-char base lexicon,false,true
种,种,1,single_char,base,,zhong,zhong3,common-standard-level-1+pinyin-data,docs/pinyin-v2/import/single_char_dictionary.tsv,FROZEN_DESIGN_DATA_MISSING restore general-purpose single-char base lexicon,false,true
秋,秋,1,single_char,base,,qiu,qiu1,common-standard-level-1+pinyin-data,docs/pinyin-v2/import/single_char_dictionary.tsv,FROZEN_DESIGN_DATA_MISSING restore general-purpose single-char base lexicon,false,true
科,科,1,single_char,base,,ke,ke1,common-standard-level-1+pinyin-data,docs/pinyin-v2/import/single_char_dictionary.tsv,FROZEN_DESIGN_DATA_MISSING restore general-purpose single-char base lexicon,true,true
重,重,1,single_char,base,,zhong,zhong4,common-standard-level-1+pinyin-data,docs/pinyin-v2/import/single_char_dictionary.tsv,FROZEN_DESIGN_DATA_MISSING restore general-purpose single-char base lexicon,true,true
复,复,1,single_char,base,,fu,fu4,common-standard-level-1+pinyin-data,docs/pinyin-v2/import/single_char_dictionary.tsv,FROZEN_DESIGN_DATA_MISSING restore general-purpose single-char base lexicon,false,true
竿,竿,1,single_char,base,,gan,gan1,common-standard-level-1+pinyin-data,docs/pinyin-v2/import/single_char_dictionary.tsv,FROZEN_DESIGN_DATA_MISSING restore general-purpose single-char base lexicon,false,true
段,段,1,single_char,base,,duan,duan4,common-standard-level-1+pinyin-data,docs/pinyin-v2/import/single_char_dictionary.tsv,FROZEN_DESIGN_DATA_MISSING restore general-purpose single-char base lexicon,false,true
便,便,1,single_char,base,,bian,bian4,common-standard-level-1+pinyin-data,docs/pinyin-v2/import/single_char_dictionary.tsv,FROZEN_DESIGN_DATA_MISSING restore general-purpose single-char base lexicon,false,true
俩,俩,1,single_char,base,,lia,lia3,common-standard-level-1+pinyin-data,docs/pinyin-v2/import/single_char_dictionary.tsv,FROZEN_DESIGN_DATA_MISSING restore general-purpose single-char base lexicon,false,true
贷,贷,1,single_char,base,,dai,dai4,common-standard-level-1+pinyin-data,docs/pinyin-v2/import/single_char_dictionary.tsv,FROZEN_DESIGN_DATA_MISSING restore general-purpose single-char base lexicon,false,true
顺,顺,1,single_char,base,,shun,shun4,common-standard-level-1+pinyin-data,docs/pinyin-v2/import/single_char_dictionary.tsv,FROZEN_DESIGN_DATA_MISSING restore general-purpose single-char base lexicon,false,true
修,修,1,single_char,base,,xiu,xiu1,common-standard-level-1+pinyin-data,docs/pinyin-v2/import/single_char_dictionary.tsv,FROZEN_DESIGN_DATA_MISSING restore general-purpose single-char base lexicon,false,true
俏,俏,1,single_char,base,,qiao,qiao4,common-standard-level-1+pinyin-data,docs/pinyin-v2/import/single_char_dictionary.tsv,FROZEN_DESIGN_DATA_MISSING restore general-purpose single-char base lexicon,false,true
保,保,1,single_char,base,,bao,bao3,common-standard-level-1+pinyin-data,docs/pinyin-v2/import/single_char_dictionary.tsv,FROZEN_DESIGN_DATA_MISSING restore general-purpose single-char base lexicon,false,true
促,促,1,single_char,base,,cu,cu4,common-standard-level-1+pinyin-data,docs/pinyin-v2/import/single_char_dictionary.tsv,FROZEN_DESIGN_DATA_MISSING restore general-purpose single-char base lexicon,false,true
俄,俄,1,single_char,base,,e,e2,common-standard-level-1+pinyin-data,docs/pinyin-v2/import/single_char_dictionary.tsv,FROZEN_DESIGN_DATA_MISSING restore general-purpose single-char base lexicon,false,true
俐,俐,1,single_char,base,,li,li4,common-standard-level-1+pinyin-data,docs/pinyin-v2/import/single_char_dictionary.tsv,FROZEN_DESIGN_DATA_MISSING restore general-purpose single-char base lexicon,false,true
侮,侮,1,single_char,base,,wu,wu3,common-standard-level-1+pinyin-data,docs/pinyin-v2/import/single_char_dictionary.tsv,FROZEN_DESIGN_DATA_MISSING restore general-purpose single-char base lexicon,false,true
俭,俭,1,single_char,base,,jian,jian3,common-standard-level-1+pinyin-data,docs/pinyin-v2/import/single_char_dictionary.tsv,FROZEN_DESIGN_DATA_MISSING restore general-purpose single-char base lexicon,false,true
俗,俗,1,single_char,base,,su,su2,common-standard-level-1+pinyin-data,docs/pinyin-v2/import/single_char_dictionary.tsv,FROZEN_DESIGN_DATA_MISSING restore general-purpose single-char base lexicon,false,true
俘,俘,1,single_char,base,,fu,fu2,common-standard-level-1+pinyin-data,docs/pinyin-v2/import/single_char_dictionary.tsv,FROZEN_DESIGN_DATA_MISSING restore general-purpose single-char base lexicon,false,true
信,信,1,single_char,base,,xin,xin4,common-standard-level-1+pinyin-data,docs/pinyin-v2/import/single_char_dictionary.tsv,FROZEN_DESIGN_DATA_MISSING restore general-purpose single-char base lexicon,false,true
皇,皇,1,single_char,base,,huang,huang2,common-standard-level-1+pinyin-data,docs/pinyin-v2/import/single_char_dictionary.tsv,FROZEN_DESIGN_DATA_MISSING restore general-purpose single-char base lexicon,false,true
泉,泉,1,single_char,base,,quan,quan2,common-standard-level-1+pinyin-data,docs/pinyin-v2/import/single_char_dictionary.tsv,FROZEN_DESIGN_DATA_MISSING restore general-purpose single-char base lexicon,false,true
鬼,鬼,1,single_char,base,,gui,gui3,common-standard-level-1+pinyin-data,docs/pinyin-v2/import/single_char_dictionary.tsv,FROZEN_DESIGN_DATA_MISSING restore general-purpose single-char base lexicon,false,true
侵,侵,1,single_char,base,,qin,qin1,common-standard-level-1+pinyin-data,docs/pinyin-v2/import/single_char_dictionary.tsv,FROZEN_DESIGN_DATA_MISSING restore general-purpose single-char base lexicon,false,true
禹,禹,1,single_char,base,,yu,yu3,common-standard-level-1+pinyin-data,docs/pinyin-v2/import/single_char_dictionary.tsv,FROZEN_DESIGN_DATA_MISSING restore general-purpose single-char base lexicon,false,true
侯,侯,1,single_char,base,,hou,hou2,common-standard-level-1+pinyin-data,docs/pinyin-v2/import/single_char_dictionary.tsv,FROZEN_DESIGN_DATA_MISSING restore general-purpose single-char base lexicon,false,true
追,追,1,single_char,base,,zhui,zhui1,common-standard-level-1+pinyin-data,docs/pinyin-v2/import/single_char_dictionary.tsv,FROZEN_DESIGN_DATA_MISSING restore general-purpose single-char base lexicon,false,true
俊,俊,1,single_char,base,,jun,jun4,common-standard-level-1+pinyin-data,docs/pinyin-v2/import/single_char_dictionary.tsv,FROZEN_DESIGN_DATA_MISSING restore general-purpose single-char base lexicon,false,true
盾,盾,1,single_char,base,,dun,dun4,common-standard-level-1+pinyin-data,docs/pinyin-v2/import/single_char_dictionary.tsv,FROZEN_DESIGN_DATA_MISSING restore general-purpose single-char base lexicon,false,true
待,待,1,single_char,base,,dai,dai4,common-standard-level-1+pinyin-data,docs/pinyin-v2/import/single_char_dictionary.tsv,FROZEN_DESIGN_DATA_MISSING restore general-purpose single-char base lexicon,false,true
徊,徊,1,single_char,base,,huai,huai2,common-standard-level-1+pinyin-data,docs/pinyin-v2/import/single_char_dictionary.tsv,FROZEN_DESIGN_DATA_MISSING restore general-purpose single-char base lexicon,false,true
衍,衍,1,single_char,base,,yan,yan3,common-standard-level-1+pinyin-data,docs/pinyin-v2/import/single_char_dictionary.tsv,FROZEN_DESIGN_DATA_MISSING restore general-purpose single-char base lexicon,false,true
律,律,1,single_char,base,,lv,lv4,common-standard-level-1+pinyin-data,docs/pinyin-v2/import/single_char_dictionary.tsv,FROZEN_DESIGN_DATA_MISSING restore general-purpose single-char base lexicon,false,true
很,很,1,single_char,base,,hen,hen3,common-standard-level-1+pinyin-data,docs/pinyin-v2/import/single_char_dictionary.tsv,FROZEN_DESIGN_DATA_MISSING restore general-purpose single-char base lexicon,false,true
须,须,1,single_char,base,,xu,xu1,common-standard-level-1+pinyin-data,docs/pinyin-v2/import/single_char_dictionary.tsv,FROZEN_DESIGN_DATA_MISSING restore general-purpose single-char base lexicon,false,true
叙,叙,1,single_char,base,,xu,xu4,common-standard-level-1+pinyin-data,docs/pinyin-v2/import/single_char_dictionary.tsv,FROZEN_DESIGN_DATA_MISSING restore general-purpose single-char base lexicon,false,true
剑,剑,1,single_char,base,,jian,jian4,common-standard-level-1+pinyin-data,docs/pinyin-v2/import/single_char_dictionary.tsv,FROZEN_DESIGN_DATA_MISSING restore general-purpose single-char base lexicon,false,true
逃,逃,1,single_char,base,,tao,tao2,common-standard-level-1+pinyin-data,docs/pinyin-v2/import/single_char_dictionary.tsv,FROZEN_DESIGN_DATA_MISSING restore general-purpose single-char base lexicon,false,true
食,食,1,single_char,base,,shi,shi2,common-standard-level-1+pinyin-data,docs/pinyin-v2/import/single_char_dictionary.tsv,FROZEN_DESIGN_DATA_MISSING restore general-purpose single-char base lexicon,false,true
盆,盆,1,single_char,base,,pen,pen2,common-standard-level-1+pinyin-data,docs/pinyin-v2/import/single_char_dictionary.tsv,FROZEN_DESIGN_DATA_MISSING restore general-purpose single-char base lexicon,false,true
胚,胚,1,single_char,base,,pei,pei1,common-standard-level-1+pinyin-data,docs/pinyin-v2/import/single_char_dictionary.tsv,FROZEN_DESIGN_DATA_MISSING restore general-purpose single-char base lexicon,false,true
胧,胧,1,single_char,base,,long,long2,common-standard-level-1+pinyin-data,docs/pinyin-v2/import/single_char_dictionary.tsv,FROZEN_DESIGN_DATA_MISSING restore general-purpose single-char base lexicon,false,true
胆,胆,1,single_char,base,,dan,dan3,common-standard-level-1+pinyin-data,docs/pinyin-v2/import/single_char_dictionary.tsv,FROZEN_DESIGN_DATA_MISSING restore general-purpose single-char base lexicon,false,true
胜,胜,1,single_char,base,,sheng,sheng4,common-standard-level-1+pinyin-data,docs/pinyin-v2/import/single_char_dictionary.tsv,FROZEN_DESIGN_DATA_MISSING restore general-purpose single-char base lexicon,false,true
胞,胞,1,single_char,base,,bao,bao1,common-standard-level-1+pinyin-data,docs/pinyin-v2/import/single_char_dictionary.tsv,FROZEN_DESIGN_DATA_MISSING restore general-purpose single-char base lexicon,false,true
胖,胖,1,single_char,base,,pang,pang4,common-standard-level-1+pinyin-data,docs/pinyin-v2/import/single_char_dictionary.tsv,FROZEN_DESIGN_DATA_MISSING restore general-purpose single-char base lexicon,false,true
脉,脉,1,single_char,base,,mai,mai4,common-standard-level-1+pinyin-data,docs/pinyin-v2/import/single_char_dictionary.tsv,FROZEN_DESIGN_DATA_MISSING restore general-purpose single-char base lexicon,false,true
胎,胎,1,single_char,base,,tai,tai1,common-standard-level-1+pinyin-data,docs/pinyin-v2/import/single_char_dictionary.tsv,FROZEN_DESIGN_DATA_MISSING restore general-purpose single-char base lexicon,false,true
勉,勉,1,single_char,base,,mian,mian3,common-standard-level-1+pinyin-data,docs/pinyin-v2/import/single_char_dictionary.tsv,FROZEN_DESIGN_DATA_MISSING restore general-purpose single-char base lexicon,false,true
狭,狭,1,single_char,base,,xia,xia2,common-standard-level-1+pinyin-data,docs/pinyin-v2/import/single_char_dictionary.tsv,FROZEN_DESIGN_DATA_MISSING restore general-purpose single-char base lexicon,false,true
狮,狮,1,single_char,base,,shi,shi1,common-standard-level-1+pinyin-data,docs/pinyin-v2/import/single_char_dictionary.tsv,FROZEN_DESIGN_DATA_MISSING restore general-purpose single-char base lexicon,false,true
独,独,1,single_char,base,,du,du2,common-standard-level-1+pinyin-data,docs/pinyin-v2/import/single_char_dictionary.tsv,FROZEN_DESIGN_DATA_MISSING restore general-purpose single-char base lexicon,false,true
狰,狰,1,single_char,base,,zheng,zheng1,common-standard-level-1+pinyin-data,docs/pinyin-v2/import/single_char_dictionary.tsv,FROZEN_DESIGN_DATA_MISSING restore general-purpose single-char base lexicon,false,true
狡,狡,1,single_char,base,,jiao,jiao3,common-standard-level-1+pinyin-data,docs/pinyin-v2/import/single_char_dictionary.tsv,FROZEN_DESIGN_DATA_MISSING restore general-purpose single-char base lexicon,false,true
狱,狱,1,single_char,base,,yu,yu4,common-standard-level-1+pinyin-data,docs/pinyin-v2/import/single_char_dictionary.tsv,FROZEN_DESIGN_DATA_MISSING restore general-purpose single-char base lexicon,false,true
狠,狠,1,single_char,base,,hen,hen3,common-standard-level-1+pinyin-data,docs/pinyin-v2/import/single_char_dictionary.tsv,FROZEN_DESIGN_DATA_MISSING restore general-purpose single-char base lexicon,false,true
贸,贸,1,single_char,base,,mao,mao4,common-standard-level-1+pinyin-data,docs/pinyin-v2/import/single_char_dictionary.tsv,FROZEN_DESIGN_DATA_MISSING restore general-purpose single-char base lexicon,false,true
怨,怨,1,single_char,base,,yuan,yuan4,common-standard-level-1+pinyin-data,docs/pinyin-v2/import/single_char_dictionary.tsv,FROZEN_DESIGN_DATA_MISSING restore general-purpose single-char base lexicon,false,true
急,急,1,single_char,base,,ji,ji2,common-standard-level-1+pinyin-data,docs/pinyin-v2/import/single_char_dictionary.tsv,FROZEN_DESIGN_DATA_MISSING restore general-purpose single-char base lexicon,false,true
饵,饵,1,single_char,base,,er,er3,common-standard-level-1+pinyin-data,docs/pinyin-v2/import/single_char_dictionary.tsv,FROZEN_DESIGN_DATA_MISSING restore general-purpose single-char base lexicon,false,true
饶,饶,1,single_char,base,,rao,rao2,common-standard-level-1+pinyin-data,docs/pinyin-v2/import/single_char_dictionary.tsv,FROZEN_DESIGN_DATA_MISSING restore general-purpose single-char base lexicon,false,true
蚀,蚀,1,single_char,base,,shi,shi2,common-standard-level-1+pinyin-data,docs/pinyin-v2/import/single_char_dictionary.tsv,FROZEN_DESIGN_DATA_MISSING restore general-purpose single-char base lexicon,false,true
饺,饺,1,single_char,base,,jiao,jiao3,common-standard-level-1+pinyin-data,docs/pinyin-v2/import/single_char_dictionary.tsv,FROZEN_DESIGN_DATA_MISSING restore general-purpose single-char base lexicon,false,true
饼,饼,1,single_char,base,,bing,bing3,common-standard-level-1+pinyin-data,docs/pinyin-v2/import/single_char_dictionary.tsv,FROZEN_DESIGN_DATA_MISSING restore general-purpose single-char base lexicon,false,true
峦,峦,1,single_char,base,,luan,luan2,common-standard-level-1+pinyin-data,docs/pinyin-v2/import/single_char_dictionary.tsv,FROZEN_DESIGN_DATA_MISSING restore general-purpose single-char base lexicon,false,true
弯,弯,1,single_char,base,,wan,wan1,common-standard-level-1+pinyin-data,docs/pinyin-v2/import/single_char_dictionary.tsv,FROZEN_DESIGN_DATA_MISSING restore general-purpose single-char base lexicon,false,true
将,将,1,single_char,base,,jiang,jiang1,common-standard-level-1+pinyin-data,docs/pinyin-v2/import/single_char_dictionary.tsv,FROZEN_DESIGN_DATA_MISSING restore general-purpose single-char base lexicon,false,true
奖,奖,1,single_char,base,,jiang,jiang3,common-standard-level-1+pinyin-data,docs/pinyin-v2/import/single_char_dictionary.tsv,FROZEN_DESIGN_DATA_MISSING restore general-purpose single-char base lexicon,false,true
哀,哀,1,single_char,base,,ai,ai1,common-standard-level-1+pinyin-data,docs/pinyin-v2/import/single_char_dictionary.tsv,FROZEN_DESIGN_DATA_MISSING restore general-purpose single-char base lexicon,false,true
亭,亭,1,single_char,base,,ting,ting2,common-standard-level-1+pinyin-data,docs/pinyin-v2/import/single_char_dictionary.tsv,FROZEN_DESIGN_DATA_MISSING restore general-purpose single-char base lexicon,false,true
亮,亮,1,single_char,base,,liang,liang4,common-standard-level-1+pinyin-data,docs/pinyin-v2/import/single_char_dictionary.tsv,FROZEN_DESIGN_DATA_MISSING restore general-purpose single-char base lexicon,false,true
度,度,1,single_char,base,,du,du4,common-standard-level-1+pinyin-data,docs/pinyin-v2/import/single_char_dictionary.tsv,FROZEN_DESIGN_DATA_MISSING restore general-purpose single-char base lexicon,true,true
迹,迹,1,single_char,base,,ji,ji4,common-standard-level-1+pinyin-data,docs/pinyin-v2/import/single_char_dictionary.tsv,FROZEN_DESIGN_DATA_MISSING restore general-purpose single-char base lexicon,false,true
庭,庭,1,single_char,base,,ting,ting2,common-standard-level-1+pinyin-data,docs/pinyin-v2/import/single_char_dictionary.tsv,FROZEN_DESIGN_DATA_MISSING restore general-purpose single-char base lexicon,false,true
疮,疮,1,single_char,base,,chuang,chuang1,common-standard-level-1+pinyin-data,docs/pinyin-v2/import/single_char_dictionary.tsv,FROZEN_DESIGN_DATA_MISSING restore general-purpose single-char base lexicon,false,true
疯,疯,1,single_char,base,,feng,feng1,common-standard-level-1+pinyin-data,docs/pinyin-v2/import/single_char_dictionary.tsv,FROZEN_DESIGN_DATA_MISSING restore general-purpose single-char base lexicon,false,true
疫,疫,1,single_char,base,,yi,yi4,common-standard-level-1+pinyin-data,docs/pinyin-v2/import/single_char_dictionary.tsv,FROZEN_DESIGN_DATA_MISSING restore general-purpose single-char base lexicon,false,true
疤,疤,1,single_char,base,,ba,ba1,common-standard-level-1+pinyin-data,docs/pinyin-v2/import/single_char_dictionary.tsv,FROZEN_DESIGN_DATA_MISSING restore general-purpose single-char base lexicon,false,true
咨,咨,1,single_char,base,,zi,zi1,common-standard-level-1+pinyin-data,docs/pinyin-v2/import/single_char_dictionary.tsv,FROZEN_DESIGN_DATA_MISSING restore general-purpose single-char base lexicon,false,true
姿,姿,1,single_char,base,,zi,zi1,common-standard-level-1+pinyin-data,docs/pinyin-v2/import/single_char_dictionary.tsv,FROZEN_DESIGN_DATA_MISSING restore general-purpose single-char base lexicon,false,true
亲,亲,1,single_char,base,,qin,qin1,common-standard-level-1+pinyin-data,docs/pinyin-v2/import/single_char_dictionary.tsv,FROZEN_DESIGN_DATA_MISSING restore general-purpose single-char base lexicon,false,true
音,音,1,single_char,base,,yin,yin1,common-standard-level-1+pinyin-data,docs/pinyin-v2/import/single_char_dictionary.tsv,FROZEN_DESIGN_DATA_MISSING restore general-purpose single-char base lexicon,false,true
帝,帝,1,single_char,base,,di,di4,common-standard-level-1+pinyin-data,docs/pinyin-v2/import/single_char_dictionary.tsv,FROZEN_DESIGN_DATA_MISSING restore general-purpose single-char base lexicon,false,true
施,施,1,single_char,base,,shi,shi1,common-standard-level-1+pinyin-data,docs/pinyin-v2/import/single_char_dictionary.tsv,FROZEN_DESIGN_DATA_MISSING restore general-purpose single-char base lexicon,false,true
闺,闺,1,single_char,base,,gui,gui1,common-standard-level-1+pinyin-data,docs/pinyin-v2/import/single_char_dictionary.tsv,FROZEN_DESIGN_DATA_MISSING restore general-purpose single-char base lexicon,false,true
闻,闻,1,single_char,base,,wen,wen2,common-standard-level-1+pinyin-data,docs/pinyin-v2/import/single_char_dictionary.tsv,FROZEN_DESIGN_DATA_MISSING restore general-purpose single-char base lexicon,false,true
闽,闽,1,single_char,base,,min,min3,common-standard-level-1+pinyin-data,docs/pinyin-v2/import/single_char_dictionary.tsv,FROZEN_DESIGN_DATA_MISSING restore general-purpose single-char base lexicon,false,true
阀,阀,1,single_char,base,,fa,fa2,common-standard-level-1+pinyin-data,docs/pinyin-v2/import/single_char_dictionary.tsv,FROZEN_DESIGN_DATA_MISSING restore general-purpose single-char base lexicon,false,true
阁,阁,1,single_char,base,,ge,ge2,common-standard-level-1+pinyin-data,docs/pinyin-v2/import/single_char_dictionary.tsv,FROZEN_DESIGN_DATA_MISSING restore general-purpose single-char base lexicon,false,true
差,差,1,single_char,base,,cha,cha4,common-standard-level-1+pinyin-data,docs/pinyin-v2/import/single_char_dictionary.tsv,FROZEN_DESIGN_DATA_MISSING restore general-purpose single-char base lexicon,false,true
养,养,1,single_char,base,,yang,yang3,common-standard-level-1+pinyin-data,docs/pinyin-v2/import/single_char_dictionary.tsv,FROZEN_DESIGN_DATA_MISSING restore general-purpose single-char base lexicon,false,true
美,美,1,single_char,base,,mei,mei3,common-standard-level-1+pinyin-data,docs/pinyin-v2/import/single_char_dictionary.tsv,FROZEN_DESIGN_DATA_MISSING restore general-purpose single-char base lexicon,false,true
姜,姜,1,single_char,base,,jiang,jiang1,common-standard-level-1+pinyin-data,docs/pinyin-v2/import/single_char_dictionary.tsv,FROZEN_DESIGN_DATA_MISSING restore general-purpose single-char base lexicon,false,true
叛,叛,1,single_char,base,,pan,pan4,common-standard-level-1+pinyin-data,docs/pinyin-v2/import/single_char_dictionary.tsv,FROZEN_DESIGN_DATA_MISSING restore general-purpose single-char base lexicon,false,true
送,送,1,single_char,base,,song,song4,common-standard-level-1+pinyin-data,docs/pinyin-v2/import/single_char_dictionary.tsv,FROZEN_DESIGN_DATA_MISSING restore general-purpose single-char base lexicon,false,true
类,类,1,single_char,base,,lei,lei4,common-standard-level-1+pinyin-data,docs/pinyin-v2/import/single_char_dictionary.tsv,FROZEN_DESIGN_DATA_MISSING restore general-purpose single-char base lexicon,false,true
迷,迷,1,single_char,base,,mi,mi2,common-standard-level-1+pinyin-data,docs/pinyin-v2/import/single_char_dictionary.tsv,FROZEN_DESIGN_DATA_MISSING restore general-purpose single-char base lexicon,false,true
籽,籽,1,single_char,base,,zi,zi3,common-standard-level-1+pinyin-data,docs/pinyin-v2/import/single_char_dictionary.tsv,FROZEN_DESIGN_DATA_MISSING restore general-purpose single-char base lexicon,false,true
娄,娄,1,single_char,base,,lou,lou2,common-standard-level-1+pinyin-data,docs/pinyin-v2/import/single_char_dictionary.tsv,FROZEN_DESIGN_DATA_MISSING restore general-purpose single-char base lexicon,false,true
前,前,1,single_char,base,,qian,qian2,common-standard-level-1+pinyin-data,docs/pinyin-v2/import/single_char_dictionary.tsv,FROZEN_DESIGN_DATA_MISSING restore general-purpose single-char base lexicon,true,true
首,首,1,single_char,base,,shou,shou3,common-standard-level-1+pinyin-data,docs/pinyin-v2/import/single_char_dictionary.tsv,FROZEN_DESIGN_DATA_MISSING restore general-purpose single-char base lexicon,false,true
逆,逆,1,single_char,base,,ni,ni4,common-standard-level-1+pinyin-data,docs/pinyin-v2/import/single_char_dictionary.tsv,FROZEN_DESIGN_DATA_MISSING restore general-purpose single-char base lexicon,false,true
兹,兹,1,single_char,base,,zi,zi1,common-standard-level-1+pinyin-data,docs/pinyin-v2/import/single_char_dictionary.tsv,FROZEN_DESIGN_DATA_MISSING restore general-purpose single-char base lexicon,false,true
总,总,1,single_char,base,,zong,zong3,common-standard-level-1+pinyin-data,docs/pinyin-v2/import/single_char_dictionary.tsv,FROZEN_DESIGN_DATA_MISSING restore general-purpose single-char base lexicon,false,true
炼,炼,1,single_char,base,,lian,lian4,common-standard-level-1+pinyin-data,docs/pinyin-v2/import/single_char_dictionary.tsv,FROZEN_DESIGN_DATA_MISSING restore general-purpose single-char base lexicon,false,true
炸,炸,1,single_char,base,,zha,zha4,common-standard-level-1+pinyin-data,docs/pinyin-v2/import/single_char_dictionary.tsv,FROZEN_DESIGN_DATA_MISSING restore general-purpose single-char base lexicon,false,true
烁,烁,1,single_char,base,,shuo,shuo4,common-standard-level-1+pinyin-data,docs/pinyin-v2/import/single_char_dictionary.tsv,FROZEN_DESIGN_DATA_MISSING restore general-purpose single-char base lexicon,false,true
炮,炮,1,single_char,base,,pao,pao4,common-standard-level-1+pinyin-data,docs/pinyin-v2/import/single_char_dictionary.tsv,FROZEN_DESIGN_DATA_MISSING restore general-purpose single-char base lexicon,false,true
炫,炫,1,single_char,base,,xuan,xuan4,common-standard-level-1+pinyin-data,docs/pinyin-v2/import/single_char_dictionary.tsv,FROZEN_DESIGN_DATA_MISSING restore general-purpose single-char base lexicon,false,true
烂,烂,1,single_char,base,,lan,lan4,common-standard-level-1+pinyin-data,docs/pinyin-v2/import/single_char_dictionary.tsv,FROZEN_DESIGN_DATA_MISSING restore general-purpose single-char base lexicon,false,true
剃,剃,1,single_char,base,,ti,ti4,common-standard-level-1+pinyin-data,docs/pinyin-v2/import/single_char_dictionary.tsv,FROZEN_DESIGN_DATA_MISSING restore general-purpose single-char base lexicon,false,true
洼,洼,1,single_char,base,,wa,wa1,common-standard-level-1+pinyin-data,docs/pinyin-v2/import/single_char_dictionary.tsv,FROZEN_DESIGN_DATA_MISSING restore general-purpose single-char base lexicon,false,true
洁,洁,1,single_char,base,,jie,jie2,common-standard-level-1+pinyin-data,docs/pinyin-v2/import/single_char_dictionary.tsv,FROZEN_DESIGN_DATA_MISSING restore general-purpose single-char base lexicon,false,true
洪,洪,1,single_char,base,,hong,hong2,common-standard-level-1+pinyin-data,docs/pinyin-v2/import/single_char_dictionary.tsv,FROZEN_DESIGN_DATA_MISSING restore general-purpose single-char base lexicon,false,true
洒,洒,1,single_char,base,,sa,sa3,common-standard-level-1+pinyin-data,docs/pinyin-v2/import/single_char_dictionary.tsv,FROZEN_DESIGN_DATA_MISSING restore general-purpose single-char base lexicon,false,true
柒,柒,1,single_char,base,,qi,qi1,common-standard-level-1+pinyin-data,docs/pinyin-v2/import/single_char_dictionary.tsv,FROZEN_DESIGN_DATA_MISSING restore general-purpose single-char base lexicon,false,true
浇,浇,1,single_char,base,,jiao,jiao1,common-standard-level-1+pinyin-data,docs/pinyin-v2/import/single_char_dictionary.tsv,FROZEN_DESIGN_DATA_MISSING restore general-purpose single-char base lexicon,false,true
浊,浊,1,single_char,base,,zhuo,zhuo2,common-standard-level-1+pinyin-data,docs/pinyin-v2/import/single_char_dictionary.tsv,FROZEN_DESIGN_DATA_MISSING restore general-purpose single-char base lexicon,false,true
洞,洞,1,single_char,base,,dong,dong4,common-standard-level-1+pinyin-data,docs/pinyin-v2/import/single_char_dictionary.tsv,FROZEN_DESIGN_DATA_MISSING restore general-purpose single-char base lexicon,false,true
测,测,1,single_char,base,,ce,ce4,common-standard-level-1+pinyin-data,docs/pinyin-v2/import/single_char_dictionary.tsv,FROZEN_DESIGN_DATA_MISSING restore general-purpose single-char base lexicon,false,true
洗,洗,1,single_char,base,,xi,xi3,common-standard-level-1+pinyin-data,docs/pinyin-v2/import/single_char_dictionary.tsv,FROZEN_DESIGN_DATA_MISSING restore general-purpose single-char base lexicon,false,true
活,活,1,single_char,base,,huo,huo2,common-standard-level-1+pinyin-data,docs/pinyin-v2/import/single_char_dictionary.tsv,FROZEN_DESIGN_DATA_MISSING restore general-purpose single-char base lexicon,false,true
派,派,1,single_char,base,,pai,pai4,common-standard-level-1+pinyin-data,docs/pinyin-v2/import/single_char_dictionary.tsv,FROZEN_DESIGN_DATA_MISSING restore general-purpose single-char base lexicon,false,true
洽,洽,1,single_char,base,,qia,qia4,common-standard-level-1+pinyin-data,docs/pinyin-v2/import/single_char_dictionary.tsv,FROZEN_DESIGN_DATA_MISSING restore general-purpose single-char base lexicon,false,true
染,染,1,single_char,base,,ran,ran3,common-standard-level-1+pinyin-data,docs/pinyin-v2/import/single_char_dictionary.tsv,FROZEN_DESIGN_DATA_MISSING restore general-purpose single-char base lexicon,false,true
洛,洛,1,single_char,base,,luo,luo4,common-standard-level-1+pinyin-data,docs/pinyin-v2/import/single_char_dictionary.tsv,FROZEN_DESIGN_DATA_MISSING restore general-purpose single-char base lexicon,false,true
浏,浏,1,single_char,base,,liu,liu2,common-standard-level-1+pinyin-data,docs/pinyin-v2/import/single_char_dictionary.tsv,FROZEN_DESIGN_DATA_MISSING restore general-purpose single-char base lexicon,false,true
济,济,1,single_char,base,,ji,ji4,common-standard-level-1+pinyin-data,docs/pinyin-v2/import/single_char_dictionary.tsv,FROZEN_DESIGN_DATA_MISSING restore general-purpose single-char base lexicon,false,true
洋,洋,1,single_char,base,,yang,yang2,common-standard-level-1+pinyin-data,docs/pinyin-v2/import/single_char_dictionary.tsv,FROZEN_DESIGN_DATA_MISSING restore general-purpose single-char base lexicon,false,true
洲,洲,1,single_char,base,,zhou,zhou1,common-standard-level-1+pinyin-data,docs/pinyin-v2/import/single_char_dictionary.tsv,FROZEN_DESIGN_DATA_MISSING restore general-purpose single-char base lexicon,false,true
浑,浑,1,single_char,base,,hun,hun2,common-standard-level-1+pinyin-data,docs/pinyin-v2/import/single_char_dictionary.tsv,FROZEN_DESIGN_DATA_MISSING restore general-purpose single-char base lexicon,false,true
浓,浓,1,single_char,base,,nong,nong2,common-standard-level-1+pinyin-data,docs/pinyin-v2/import/single_char_dictionary.tsv,FROZEN_DESIGN_DATA_MISSING restore general-purpose single-char base lexicon,false,true
津,津,1,single_char,base,,jin,jin1,common-standard-level-1+pinyin-data,docs/pinyin-v2/import/single_char_dictionary.tsv,FROZEN_DESIGN_DATA_MISSING restore general-purpose single-char base lexicon,false,true
恃,恃,1,single_char,base,,shi,shi4,common-standard-level-1+pinyin-data,docs/pinyin-v2/import/single_char_dictionary.tsv,FROZEN_DESIGN_DATA_MISSING restore general-purpose single-char base lexicon,false,true
恒,恒,1,single_char,base,,heng,heng2,common-standard-level-1+pinyin-data,docs/pinyin-v2/import/single_char_dictionary.tsv,FROZEN_DESIGN_DATA_MISSING restore general-purpose single-char base lexicon,false,true
恢,恢,1,single_char,base,,hui,hui1,common-standard-level-1+pinyin-data,docs/pinyin-v2/import/single_char_dictionary.tsv,FROZEN_DESIGN_DATA_MISSING restore general-purpose single-char base lexicon,false,true
恍,恍,1,single_char,base,,huang,huang3,common-standard-level-1+pinyin-data,docs/pinyin-v2/import/single_char_dictionary.tsv,FROZEN_DESIGN_DATA_MISSING restore general-purpose single-char base lexicon,false,true
恬,恬,1,single_char,base,,tian,tian2,common-standard-level-1+pinyin-data,docs/pinyin-v2/import/single_char_dictionary.tsv,FROZEN_DESIGN_DATA_MISSING restore general-purpose single-char base lexicon,false,true
恤,恤,1,single_char,base,,xu,xu4,common-standard-level-1+pinyin-data,docs/pinyin-v2/import/single_char_dictionary.tsv,FROZEN_DESIGN_DATA_MISSING restore general-purpose single-char base lexicon,false,true
恰,恰,1,single_char,base,,qia,qia4,common-standard-level-1+pinyin-data,docs/pinyin-v2/import/single_char_dictionary.tsv,FROZEN_DESIGN_DATA_MISSING restore general-purpose single-char base lexicon,false,true
恼,恼,1,single_char,base,,nao,nao3,common-standard-level-1+pinyin-data,docs/pinyin-v2/import/single_char_dictionary.tsv,FROZEN_DESIGN_DATA_MISSING restore general-purpose single-char base lexicon,false,true
恨,恨,1,single_char,base,,hen,hen4,common-standard-level-1+pinyin-data,docs/pinyin-v2/import/single_char_dictionary.tsv,FROZEN_DESIGN_DATA_MISSING restore general-purpose single-char base lexicon,false,true
举,举,1,single_char,base,,ju,ju3,common-standard-level-1+pinyin-data,docs/pinyin-v2/import/single_char_dictionary.tsv,FROZEN_DESIGN_DATA_MISSING restore general-purpose single-char base lexicon,false,true
觉,觉,1,single_char,base,,jue,jue2,common-standard-level-1+pinyin-data,docs/pinyin-v2/import/single_char_dictionary.tsv,FROZEN_DESIGN_DATA_MISSING restore general-purpose single-char base lexicon,false,true
宣,宣,1,single_char,base,,xuan,xuan1,common-standard-level-1+pinyin-data,docs/pinyin-v2/import/single_char_dictionary.tsv,FROZEN_DESIGN_DATA_MISSING restore general-purpose single-char base lexicon,false,true
宦,宦,1,single_char,base,,huan,huan4,common-standard-level-1+pinyin-data,docs/pinyin-v2/import/single_char_dictionary.tsv,FROZEN_DESIGN_DATA_MISSING restore general-purpose single-char base lexicon,false,true
室,室,1,single_char,base,,shi,shi4,common-standard-level-1+pinyin-data,docs/pinyin-v2/import/single_char_dictionary.tsv,FROZEN_DESIGN_DATA_MISSING restore general-purpose single-char base lexicon,false,true
宫,宫,1,single_char,base,,gong,gong1,common-standard-level-1+pinyin-data,docs/pinyin-v2/import/single_char_dictionary.tsv,FROZEN_DESIGN_DATA_MISSING restore general-purpose single-char base lexicon,false,true
宪,宪,1,single_char,base,,xian,xian4,common-standard-level-1+pinyin-data,docs/pinyin-v2/import/single_char_dictionary.tsv,FROZEN_DESIGN_DATA_MISSING restore general-purpose single-char base lexicon,false,true
突,突,1,single_char,base,,tu,tu1,common-standard-level-1+pinyin-data,docs/pinyin-v2/import/single_char_dictionary.tsv,FROZEN_DESIGN_DATA_MISSING restore general-purpose single-char base lexicon,false,true
穿,穿,1,single_char,base,,chuan,chuan1,common-standard-level-1+pinyin-data,docs/pinyin-v2/import/single_char_dictionary.tsv,FROZEN_DESIGN_DATA_MISSING restore general-purpose single-char base lexicon,true,true
窃,窃,1,single_char,base,,qie,qie4,common-standard-level-1+pinyin-data,docs/pinyin-v2/import/single_char_dictionary.tsv,FROZEN_DESIGN_DATA_MISSING restore general-purpose single-char base lexicon,false,true
客,客,1,single_char,base,,ke,ke4,common-standard-level-1+pinyin-data,docs/pinyin-v2/import/single_char_dictionary.tsv,FROZEN_DESIGN_DATA_MISSING restore general-purpose single-char base lexicon,false,true
诫,诫,1,single_char,base,,jie,jie4,common-standard-level-1+pinyin-data,docs/pinyin-v2/import/single_char_dictionary.tsv,FROZEN_DESIGN_DATA_MISSING restore general-purpose single-char base lexicon,false,true
冠,冠,1,single_char,base,,guan,guan1,common-standard-level-1+pinyin-data,docs/pinyin-v2/import/single_char_dictionary.tsv,FROZEN_DESIGN_DATA_MISSING restore general-purpose single-char base lexicon,false,true
诬,诬,1,single_char,base,,wu,wu1,common-standard-level-1+pinyin-data,docs/pinyin-v2/import/single_char_dictionary.tsv,FROZEN_DESIGN_DATA_MISSING restore general-purpose single-char base lexicon,false,true
语,语,1,single_char,base,,yu,yu3,common-standard-level-1+pinyin-data,docs/pinyin-v2/import/single_char_dictionary.tsv,FROZEN_DESIGN_DATA_MISSING restore general-purpose single-char base lexicon,false,true
扁,扁,1,single_char,base,,bian,bian3,common-standard-level-1+pinyin-data,docs/pinyin-v2/import/single_char_dictionary.tsv,FROZEN_DESIGN_DATA_MISSING restore general-purpose single-char base lexicon,false,true
袄,袄,1,single_char,base,,ao,ao3,common-standard-level-1+pinyin-data,docs/pinyin-v2/import/single_char_dictionary.tsv,FROZEN_DESIGN_DATA_MISSING restore general-purpose single-char base lexicon,false,true
祖,祖,1,single_char,base,,zu,zu3,common-standard-level-1+pinyin-data,docs/pinyin-v2/import/single_char_dictionary.tsv,FROZEN_DESIGN_DATA_MISSING restore general-purpose single-char base lexicon,false,true
神,神,1,single_char,base,,shen,shen2,common-standard-level-1+pinyin-data,docs/pinyin-v2/import/single_char_dictionary.tsv,FROZEN_DESIGN_DATA_MISSING restore general-purpose single-char base lexicon,false,true
祝,祝,1,single_char,base,,zhu,zhu4,common-standard-level-1+pinyin-data,docs/pinyin-v2/import/single_char_dictionary.tsv,FROZEN_DESIGN_DATA_MISSING restore general-purpose single-char base lexicon,false,true
祠,祠,1,single_char,base,,ci,ci2,common-standard-level-1+pinyin-data,docs/pinyin-v2/import/single_char_dictionary.tsv,FROZEN_DESIGN_DATA_MISSING restore general-purpose single-char base lexicon,false,true
误,误,1,single_char,base,,wu,wu4,common-standard-level-1+pinyin-data,docs/pinyin-v2/import/single_char_dictionary.tsv,FROZEN_DESIGN_DATA_MISSING restore general-purpose single-char base lexicon,false,true
诱,诱,1,single_char,base,,you,you4,common-standard-level-1+pinyin-data,docs/pinyin-v2/import/single_char_dictionary.tsv,FROZEN_DESIGN_DATA_MISSING restore general-purpose single-char base lexicon,false,true
诲,诲,1,single_char,base,,hui,hui4,common-standard-level-1+pinyin-data,docs/pinyin-v2/import/single_char_dictionary.tsv,FROZEN_DESIGN_DATA_MISSING restore general-purpose single-char base lexicon,false,true
说,说,1,single_char,base,,shuo,shuo1,common-standard-level-1+pinyin-data,docs/pinyin-v2/import/single_char_dictionary.tsv,FROZEN_DESIGN_DATA_MISSING restore general-purpose single-char base lexicon,false,true
诵,诵,1,single_char,base,,song,song4,common-standard-level-1+pinyin-data,docs/pinyin-v2/import/single_char_dictionary.tsv,FROZEN_DESIGN_DATA_MISSING restore general-purpose single-char base lexicon,false,true
垦,垦,1,single_char,base,,ken,ken3,common-standard-level-1+pinyin-data,docs/pinyin-v2/import/single_char_dictionary.tsv,FROZEN_DESIGN_DATA_MISSING restore general-purpose single-char base lexicon,false,true
退,退,1,single_char,base,,tui,tui4,common-standard-level-1+pinyin-data,docs/pinyin-v2/import/single_char_dictionary.tsv,FROZEN_DESIGN_DATA_MISSING restore general-purpose single-char base lexicon,true,true
既,既,1,single_char,base,,ji,ji4,common-standard-level-1+pinyin-data,docs/pinyin-v2/import/single_char_dictionary.tsv,FROZEN_DESIGN_DATA_MISSING restore general-purpose single-char base lexicon,false,true
屋,屋,1,single_char,base,,wu,wu1,common-standard-level-1+pinyin-data,docs/pinyin-v2/import/single_char_dictionary.tsv,FROZEN_DESIGN_DATA_MISSING restore general-purpose single-char base lexicon,false,true
昼,昼,1,single_char,base,,zhou,zhou4,common-standard-level-1+pinyin-data,docs/pinyin-v2/import/single_char_dictionary.tsv,FROZEN_DESIGN_DATA_MISSING restore general-purpose single-char base lexicon,false,true
屏,屏,1,single_char,base,,ping,ping2,common-standard-level-1+pinyin-data,docs/pinyin-v2/import/single_char_dictionary.tsv,FROZEN_DESIGN_DATA_MISSING restore general-purpose single-char base lexicon,false,true
屎,屎,1,single_char,base,,shi,shi3,common-standard-level-1+pinyin-data,docs/pinyin-v2/import/single_char_dictionary.tsv,FROZEN_DESIGN_DATA_MISSING restore general-purpose single-char base lexicon,false,true
费,费,1,single_char,base,,fei,fei4,common-standard-level-1+pinyin-data,docs/pinyin-v2/import/single_char_dictionary.tsv,FROZEN_DESIGN_DATA_MISSING restore general-purpose single-char base lexicon,false,true
陡,陡,1,single_char,base,,dou,dou3,common-standard-level-1+pinyin-data,docs/pinyin-v2/import/single_char_dictionary.tsv,FROZEN_DESIGN_DATA_MISSING restore general-purpose single-char base lexicon,false,true
逊,逊,1,single_char,base,,xun,xun4,common-standard-level-1+pinyin-data,docs/pinyin-v2/import/single_char_dictionary.tsv,FROZEN_DESIGN_DATA_MISSING restore general-purpose single-char base lexicon,false,true
眉,眉,1,single_char,base,,mei,mei2,common-standard-level-1+pinyin-data,docs/pinyin-v2/import/single_char_dictionary.tsv,FROZEN_DESIGN_DATA_MISSING restore general-purpose single-char base lexicon,false,true
孩,孩,1,single_char,base,,hai,hai2,common-standard-level-1+pinyin-data,docs/pinyin-v2/import/single_char_dictionary.tsv,FROZEN_DESIGN_DATA_MISSING restore general-purpose single-char base lexicon,false,true
陨,陨,1,single_char,base,,yun,yun3,common-standard-level-1+pinyin-data,docs/pinyin-v2/import/single_char_dictionary.tsv,FROZEN_DESIGN_DATA_MISSING restore general-purpose single-char base lexicon,false,true
除,除,1,single_char,base,,chu,chu2,common-standard-level-1+pinyin-data,docs/pinyin-v2/import/single_char_dictionary.tsv,FROZEN_DESIGN_DATA_MISSING restore general-purpose single-char base lexicon,false,true
险,险,1,single_char,base,,xian,xian3,common-standard-level-1+pinyin-data,docs/pinyin-v2/import/single_char_dictionary.tsv,FROZEN_DESIGN_DATA_MISSING restore general-purpose single-char base lexicon,false,true
院,院,1,single_char,base,,yuan,yuan4,common-standard-level-1+pinyin-data,docs/pinyin-v2/import/single_char_dictionary.tsv,FROZEN_DESIGN_DATA_MISSING restore general-purpose single-char base lexicon,false,true
娃,娃,1,single_char,base,,wa,wa2,common-standard-level-1+pinyin-data,docs/pinyin-v2/import/single_char_dictionary.tsv,FROZEN_DESIGN_DATA_MISSING restore general-purpose single-char base lexicon,false,true
姥,姥,1,single_char,base,,lao,lao3,common-standard-level-1+pinyin-data,docs/pinyin-v2/import/single_char_dictionary.tsv,FROZEN_DESIGN_DATA_MISSING restore general-purpose single-char base lexicon,false,true
姨,姨,1,single_char,base,,yi,yi2,common-standard-level-1+pinyin-data,docs/pinyin-v2/import/single_char_dictionary.tsv,FROZEN_DESIGN_DATA_MISSING restore general-purpose single-char base lexicon,false,true
姻,姻,1,single_char,base,,yin,yin1,common-standard-level-1+pinyin-data,docs/pinyin-v2/import/single_char_dictionary.tsv,FROZEN_DESIGN_DATA_MISSING restore general-purpose single-char base lexicon,false,true
娇,娇,1,single_char,base,,jiao,jiao1,common-standard-level-1+pinyin-data,docs/pinyin-v2/import/single_char_dictionary.tsv,FROZEN_DESIGN_DATA_MISSING restore general-purpose single-char base lexicon,false,true
姚,姚,1,single_char,base,,yao,yao2,common-standard-level-1+pinyin-data,docs/pinyin-v2/import/single_char_dictionary.tsv,FROZEN_DESIGN_DATA_MISSING restore general-purpose single-char base lexicon,false,true
娜,娜,1,single_char,base,,na,na4,common-standard-level-1+pinyin-data,docs/pinyin-v2/import/single_char_dictionary.tsv,FROZEN_DESIGN_DATA_MISSING restore general-purpose single-char base lexicon,false,true
怒,怒,1,single_char,base,,nu,nu4,common-standard-level-1+pinyin-data,docs/pinyin-v2/import/single_char_dictionary.tsv,FROZEN_DESIGN_DATA_MISSING restore general-purpose single-char base lexicon,false,true
架,架,1,single_char,base,,jia,jia4,common-standard-level-1+pinyin-data,docs/pinyin-v2/import/single_char_dictionary.tsv,FROZEN_DESIGN_DATA_MISSING restore general-purpose single-char base lexicon,false,true
贺,贺,1,single_char,base,,he,he4,common-standard-level-1+pinyin-data,docs/pinyin-v2/import/single_char_dictionary.tsv,FROZEN_DESIGN_DATA_MISSING restore general-purpose single-char base lexicon,false,true
盈,盈,1,single_char,base,,ying,ying2,common-standard-level-1+pinyin-data,docs/pinyin-v2/import/single_char_dictionary.tsv,FROZEN_DESIGN_DATA_MISSING restore general-purpose single-char base lexicon,false,true
勇,勇,1,single_char,base,,yong,yong3,common-standard-level-1+pinyin-data,docs/pinyin-v2/import/single_char_dictionary.tsv,FROZEN_DESIGN_DATA_MISSING restore general-purpose single-char base lexicon,false,true
怠,怠,1,single_char,base,,dai,dai4,common-standard-level-1+pinyin-data,docs/pinyin-v2/import/single_char_dictionary.tsv,FROZEN_DESIGN_DATA_MISSING restore general-purpose single-char base lexicon,false,true
癸,癸,1,single_char,base,,gui,gui3,common-standard-level-1+pinyin-data,docs/pinyin-v2/import/single_char_dictionary.tsv,FROZEN_DESIGN_DATA_MISSING restore general-purpose single-char base lexicon,false,true
蚤,蚤,1,single_char,base,,zao,zao3,common-standard-level-1+pinyin-data,docs/pinyin-v2/import/single_char_dictionary.tsv,FROZEN_DESIGN_DATA_MISSING restore general-purpose single-char base lexicon,false,true
柔,柔,1,single_char,base,,rou,rou2,common-standard-level-1+pinyin-data,docs/pinyin-v2/import/single_char_dictionary.tsv,FROZEN_DESIGN_DATA_MISSING restore general-purpose single-char base lexicon,false,true
垒,垒,1,single_char,base,,lei,lei3,common-standard-level-1+pinyin-data,docs/pinyin-v2/import/single_char_dictionary.tsv,FROZEN_DESIGN_DATA_MISSING restore general-purpose single-char base lexicon,false,true
绑,绑,1,single_char,base,,bang,bang3,common-standard-level-1+pinyin-data,docs/pinyin-v2/import/single_char_dictionary.tsv,FROZEN_DESIGN_DATA_MISSING restore general-purpose single-char base lexicon,false,true
绒,绒,1,single_char,base,,rong,rong2,common-standard-level-1+pinyin-data,docs/pinyin-v2/import/single_char_dictionary.tsv,FROZEN_DESIGN_DATA_MISSING restore general-purpose single-char base lexicon,false,true
结,结,1,single_char,base,,jie,jie2,common-standard-level-1+pinyin-data,docs/pinyin-v2/import/single_char_dictionary.tsv,FROZEN_DESIGN_DATA_MISSING restore general-purpose single-char base lexicon,true,true
绕,绕,1,single_char,base,,rao,rao4,common-standard-level-1+pinyin-data,docs/pinyin-v2/import/single_char_dictionary.tsv,FROZEN_DESIGN_DATA_MISSING restore general-purpose single-char base lexicon,false,true
骄,骄,1,single_char,base,,jiao,jiao1,common-standard-level-1+pinyin-data,docs/pinyin-v2/import/single_char_dictionary.tsv,FROZEN_DESIGN_DATA_MISSING restore general-purpose single-char base lexicon,false,true
绘,绘,1,single_char,base,,hui,hui4,common-standard-level-1+pinyin-data,docs/pinyin-v2/import/single_char_dictionary.tsv,FROZEN_DESIGN_DATA_MISSING restore general-purpose single-char base lexicon,false,true
给,给,1,single_char,base,,gei,gei3,common-standard-level-1+pinyin-data,docs/pinyin-v2/import/single_char_dictionary.tsv,FROZEN_DESIGN_DATA_MISSING restore general-purpose single-char base lexicon,false,true
绚,绚,1,single_char,base,,xuan,xuan4,common-standard-level-1+pinyin-data,docs/pinyin-v2/import/single_char_dictionary.tsv,FROZEN_DESIGN_DATA_MISSING restore general-purpose single-char base lexicon,false,true
骆,骆,1,single_char,base,,luo,luo4,common-standard-level-1+pinyin-data,docs/pinyin-v2/import/single_char_dictionary.tsv,FROZEN_DESIGN_DATA_MISSING restore general-purpose single-char base lexicon,false,true
络,络,1,single_char,base,,luo,luo4,common-standard-level-1+pinyin-data,docs/pinyin-v2/import/single_char_dictionary.tsv,FROZEN_DESIGN_DATA_MISSING restore general-purpose single-char base lexicon,false,true
绝,绝,1,single_char,base,,jue,jue2,common-standard-level-1+pinyin-data,docs/pinyin-v2/import/single_char_dictionary.tsv,FROZEN_DESIGN_DATA_MISSING restore general-purpose single-char base lexicon,false,true
绞,绞,1,single_char,base,,jiao,jiao3,common-standard-level-1+pinyin-data,docs/pinyin-v2/import/single_char_dictionary.tsv,FROZEN_DESIGN_DATA_MISSING restore general-purpose single-char base lexicon,false,true
骇,骇,1,single_char,base,,hai,hai4,common-standard-level-1+pinyin-data,docs/pinyin-v2/import/single_char_dictionary.tsv,FROZEN_DESIGN_DATA_MISSING restore general-purpose single-char base lexicon,false,true
统,统,1,single_char,base,,tong,tong3,common-standard-level-1+pinyin-data,docs/pinyin-v2/import/single_char_dictionary.tsv,FROZEN_DESIGN_DATA_MISSING restore general-purpose single-char base lexicon,false,true
耕,耕,1,single_char,base,,geng,geng1,common-standard-level-1+pinyin-data,docs/pinyin-v2/import/single_char_dictionary.tsv,FROZEN_DESIGN_DATA_MISSING restore general-purpose single-char base lexicon,false,true
耘,耘,1,single_char,base,,yun,yun2,common-standard-level-1+pinyin-data,docs/pinyin-v2/import/single_char_dictionary.tsv,FROZEN_DESIGN_DATA_MISSING restore general-purpose single-char base lexicon,false,true
耗,耗,1,single_char,base,,hao,hao4,common-standard-level-1+pinyin-data,docs/pinyin-v2/import/single_char_dictionary.tsv,FROZEN_DESIGN_DATA_MISSING restore general-purpose single-char base lexicon,false,true
耙,耙,1,single_char,base,,ba,ba4,common-standard-level-1+pinyin-data,docs/pinyin-v2/import/single_char_dictionary.tsv,FROZEN_DESIGN_DATA_MISSING restore general-purpose single-char base lexicon,false,true
艳,艳,1,single_char,base,,yan,yan4,common-standard-level-1+pinyin-data,docs/pinyin-v2/import/single_char_dictionary.tsv,FROZEN_DESIGN_DATA_MISSING restore general-purpose single-char base lexicon,false,true
泰,泰,1,single_char,base,,tai,tai4,common-standard-level-1+pinyin-data,docs/pinyin-v2/import/single_char_dictionary.tsv,FROZEN_DESIGN_DATA_MISSING restore general-purpose single-char base lexicon,false,true
秦,秦,1,single_char,base,,qin,qin2,common-standard-level-1+pinyin-data,docs/pinyin-v2/import/single_char_dictionary.tsv,FROZEN_DESIGN_DATA_MISSING restore general-purpose single-char base lexicon,false,true
珠,珠,1,single_char,base,,zhu,zhu1,common-standard-level-1+pinyin-data,docs/pinyin-v2/import/single_char_dictionary.tsv,FROZEN_DESIGN_DATA_MISSING restore general-purpose single-char base lexicon,false,true
班,班,1,single_char,base,,ban,ban1,common-standard-level-1+pinyin-data,docs/pinyin-v2/import/single_char_dictionary.tsv,FROZEN_DESIGN_DATA_MISSING restore general-purpose single-char base lexicon,false,true
素,素,1,single_char,base,,su,su4,common-standard-level-1+pinyin-data,docs/pinyin-v2/import/single_char_dictionary.tsv,FROZEN_DESIGN_DATA_MISSING restore general-purpose single-char base lexicon,false,true
匿,匿,1,single_char,base,,ni,ni4,common-standard-level-1+pinyin-data,docs/pinyin-v2/import/single_char_dictionary.tsv,FROZEN_DESIGN_DATA_MISSING restore general-purpose single-char base lexicon,false,true
蚕,蚕,1,single_char,base,,can,can2,common-standard-level-1+pinyin-data,docs/pinyin-v2/import/single_char_dictionary.tsv,FROZEN_DESIGN_DATA_MISSING restore general-purpose single-char base lexicon,false,true
顽,顽,1,single_char,base,,wan,wan2,common-standard-level-1+pinyin-data,docs/pinyin-v2/import/single_char_dictionary.tsv,FROZEN_DESIGN_DATA_MISSING restore general-purpose single-char base lexicon,false,true
盏,盏,1,single_char,base,,zhan,zhan3,common-standard-level-1+pinyin-data,docs/pinyin-v2/import/single_char_dictionary.tsv,FROZEN_DESIGN_DATA_MISSING restore general-purpose single-char base lexicon,false,true
匪,匪,1,single_char,base,,fei,fei3,common-standard-level-1+pinyin-data,docs/pinyin-v2/import/single_char_dictionary.tsv,FROZEN_DESIGN_DATA_MISSING restore general-purpose single-char base lexicon,false,true
捞,捞,1,single_char,base,,lao,lao1,common-standard-level-1+pinyin-data,docs/pinyin-v2/import/single_char_dictionary.tsv,FROZEN_DESIGN_DATA_MISSING restore general-purpose single-char base lexicon,false,true
栽,栽,1,single_char,base,,zai,zai1,common-standard-level-1+pinyin-data,docs/pinyin-v2/import/single_char_dictionary.tsv,FROZEN_DESIGN_DATA_MISSING restore general-purpose single-char base lexicon,false,true
捕,捕,1,single_char,base,,bu,bu3,common-standard-level-1+pinyin-data,docs/pinyin-v2/import/single_char_dictionary.tsv,FROZEN_DESIGN_DATA_MISSING restore general-purpose single-char base lexicon,false,true
埂,埂,1,single_char,base,,geng,geng3,common-standard-level-1+pinyin-data,docs/pinyin-v2/import/single_char_dictionary.tsv,FROZEN_DESIGN_DATA_MISSING restore general-purpose single-char base lexicon,false,true
捂,捂,1,single_char,base,,wu,wu3,common-standard-level-1+pinyin-data,docs/pinyin-v2/import/single_char_dictionary.tsv,FROZEN_DESIGN_DATA_MISSING restore general-purpose single-char base lexicon,false,true
振,振,1,single_char,base,,zhen,zhen4,common-standard-level-1+pinyin-data,docs/pinyin-v2/import/single_char_dictionary.tsv,FROZEN_DESIGN_DATA_MISSING restore general-purpose single-char base lexicon,false,true
载,载,1,single_char,base,,zai,zai4,common-standard-level-1+pinyin-data,docs/pinyin-v2/import/single_char_dictionary.tsv,FROZEN_DESIGN_DATA_MISSING restore general-purpose single-char base lexicon,false,true
赶,赶,1,single_char,base,,gan,gan3,common-standard-level-1+pinyin-data,docs/pinyin-v2/import/single_char_dictionary.tsv,FROZEN_DESIGN_DATA_MISSING restore general-purpose single-char base lexicon,true,true
起,起,1,single_char,base,,qi,qi3,common-standard-level-1+pinyin-data,docs/pinyin-v2/import/single_char_dictionary.tsv,FROZEN_DESIGN_DATA_MISSING restore general-purpose single-char base lexicon,false,true
盐,盐,1,single_char,base,,yan,yan2,common-standard-level-1+pinyin-data,docs/pinyin-v2/import/single_char_dictionary.tsv,FROZEN_DESIGN_DATA_MISSING restore general-purpose single-char base lexicon,false,true
捎,捎,1,single_char,base,,shao,shao1,common-standard-level-1+pinyin-data,docs/pinyin-v2/import/single_char_dictionary.tsv,FROZEN_DESIGN_DATA_MISSING restore general-purpose single-char base lexicon,false,true
捍,捍,1,single_char,base,,han,han4,common-standard-level-1+pinyin-data,docs/pinyin-v2/import/single_char_dictionary.tsv,FROZEN_DESIGN_DATA_MISSING restore general-purpose single-char base lexicon,false,true
捏,捏,1,single_char,base,,nie,nie1,common-standard-level-1+pinyin-data,docs/pinyin-v2/import/single_char_dictionary.tsv,FROZEN_DESIGN_DATA_MISSING restore general-purpose single-char base lexicon,false,true
埋,埋,1,single_char,base,,mai,mai2,common-standard-level-1+pinyin-data,docs/pinyin-v2/import/single_char_dictionary.tsv,FROZEN_DESIGN_DATA_MISSING restore general-purpose single-char base lexicon,false,true
捉,捉,1,single_char,base,,zhuo,zhuo1,common-standard-level-1+pinyin-data,docs/pinyin-v2/import/single_char_dictionary.tsv,FROZEN_DESIGN_DATA_MISSING restore general-purpose single-char base lexicon,false,true
捆,捆,1,single_char,base,,kun,kun3,common-standard-level-1+pinyin-data,docs/pinyin-v2/import/single_char_dictionary.tsv,FROZEN_DESIGN_DATA_MISSING restore general-purpose single-char base lexicon,false,true
捐,捐,1,single_char,base,,juan,juan1,common-standard-level-1+pinyin-data,docs/pinyin-v2/import/single_char_dictionary.tsv,FROZEN_DESIGN_DATA_MISSING restore general-purpose single-char base lexicon,false,true
损,损,1,single_char,base,,sun,sun3,common-standard-level-1+pinyin-data,docs/pinyin-v2/import/single_char_dictionary.tsv,FROZEN_DESIGN_DATA_MISSING restore general-purpose single-char base lexicon,false,true
袁,袁,1,single_char,base,,yuan,yuan2,common-standard-level-1+pinyin-data,docs/pinyin-v2/import/single_char_dictionary.tsv,FROZEN_DESIGN_DATA_MISSING restore general-purpose single-char base lexicon,false,true
捌,捌,1,single_char,base,,ba,ba1,common-standard-level-1+pinyin-data,docs/pinyin-v2/import/single_char_dictionary.tsv,FROZEN_DESIGN_DATA_MISSING restore general-purpose single-char base lexicon,false,true
都,都,1,single_char,base,,dou,dou1,common-standard-level-1+pinyin-data,docs/pinyin-v2/import/single_char_dictionary.tsv,FROZEN_DESIGN_DATA_MISSING restore general-purpose single-char base lexicon,false,true
哲,哲,1,single_char,base,,zhe,zhe2,common-standard-level-1+pinyin-data,docs/pinyin-v2/import/single_char_dictionary.tsv,FROZEN_DESIGN_DATA_MISSING restore general-purpose single-char base lexicon,false,true
逝,逝,1,single_char,base,,shi,shi4,common-standard-level-1+pinyin-data,docs/pinyin-v2/import/single_char_dictionary.tsv,FROZEN_DESIGN_DATA_MISSING restore general-purpose single-char base lexicon,false,true
捡,捡,1,single_char,base,,jian,jian3,common-standard-level-1+pinyin-data,docs/pinyin-v2/import/single_char_dictionary.tsv,FROZEN_DESIGN_DATA_MISSING restore general-purpose single-char base lexicon,false,true
挫,挫,1,single_char,base,,cuo,cuo4,common-standard-level-1+pinyin-data,docs/pinyin-v2/import/single_char_dictionary.tsv,FROZEN_DESIGN_DATA_MISSING restore general-purpose single-char base lexicon,false,true
换,换,1,single_char,base,,huan,huan4,common-standard-level-1+pinyin-data,docs/pinyin-v2/import/single_char_dictionary.tsv,FROZEN_DESIGN_DATA_MISSING restore general-purpose single-char base lexicon,false,true
挽,挽,1,single_char,base,,wan,wan3,common-standard-level-1+pinyin-data,docs/pinyin-v2/import/single_char_dictionary.tsv,FROZEN_DESIGN_DATA_MISSING restore general-purpose single-char base lexicon,false,true
挚,挚,1,single_char,base,,zhi,zhi4,common-standard-level-1+pinyin-data,docs/pinyin-v2/import/single_char_dictionary.tsv,FROZEN_DESIGN_DATA_MISSING restore general-purpose single-char base lexicon,false,true
热,热,1,single_char,base,,re,re4,common-standard-level-1+pinyin-data,docs/pinyin-v2/import/single_char_dictionary.tsv,FROZEN_DESIGN_DATA_MISSING restore general-purpose single-char base lexicon,false,true
恐,恐,1,single_char,base,,kong,kong3,common-standard-level-1+pinyin-data,docs/pinyin-v2/import/single_char_dictionary.tsv,FROZEN_DESIGN_DATA_MISSING restore general-purpose single-char base lexicon,false,true
捣,捣,1,single_char,base,,dao,dao3,common-standard-level-1+pinyin-data,docs/pinyin-v2/import/single_char_dictionary.tsv,FROZEN_DESIGN_DATA_MISSING restore general-purpose single-char base lexicon,false,true
壶,壶,1,single_char,base,,hu,hu2,common-standard-level-1+pinyin-data,docs/pinyin-v2/import/single_char_dictionary.tsv,FROZEN_DESIGN_DATA_MISSING restore general-purpose single-char base lexicon,false,true
捅,捅,1,single_char,base,,tong,tong3,common-standard-level-1+pinyin-data,docs/pinyin-v2/import/single_char_dictionary.tsv,FROZEN_DESIGN_DATA_MISSING restore general-purpose single-char base lexicon,false,true
埃,埃,1,single_char,base,,ai,ai1,common-standard-level-1+pinyin-data,docs/pinyin-v2/import/single_char_dictionary.tsv,FROZEN_DESIGN_DATA_MISSING restore general-purpose single-char base lexicon,false,true
挨,挨,1,single_char,base,,ai,ai1,common-standard-level-1+pinyin-data,docs/pinyin-v2/import/single_char_dictionary.tsv,FROZEN_DESIGN_DATA_MISSING restore general-purpose single-char base lexicon,false,true
耻,耻,1,single_char,base,,chi,chi3,common-standard-level-1+pinyin-data,docs/pinyin-v2/import/single_char_dictionary.tsv,FROZEN_DESIGN_DATA_MISSING restore general-purpose single-char base lexicon,false,true
耿,耿,1,single_char,base,,geng,geng3,common-standard-level-1+pinyin-data,docs/pinyin-v2/import/single_char_dictionary.tsv,FROZEN_DESIGN_DATA_MISSING restore general-purpose single-char base lexicon,false,true
耽,耽,1,single_char,base,,dan,dan1,common-standard-level-1+pinyin-data,docs/pinyin-v2/import/single_char_dictionary.tsv,FROZEN_DESIGN_DATA_MISSING restore general-purpose single-char base lexicon,false,true
聂,聂,1,single_char,base,,nie,nie4,common-standard-level-1+pinyin-data,docs/pinyin-v2/import/single_char_dictionary.tsv,FROZEN_DESIGN_DATA_MISSING restore general-purpose single-char base lexicon,false,true
恭,恭,1,single_char,base,,gong,gong1,common-standard-level-1+pinyin-data,docs/pinyin-v2/import/single_char_dictionary.tsv,FROZEN_DESIGN_DATA_MISSING restore general-purpose single-char base lexicon,false,true
莽,莽,1,single_char,base,,mang,mang3,common-standard-level-1+pinyin-data,docs/pinyin-v2/import/single_char_dictionary.tsv,FROZEN_DESIGN_DATA_MISSING restore general-purpose single-char base lexicon,false,true
莱,莱,1,single_char,base,,lai,lai2,common-standard-level-1+pinyin-data,docs/pinyin-v2/import/single_char_dictionary.tsv,FROZEN_DESIGN_DATA_MISSING restore general-purpose single-char base lexicon,false,true
莲,莲,1,single_char,base,,lian,lian2,common-standard-level-1+pinyin-data,docs/pinyin-v2/import/single_char_dictionary.tsv,FROZEN_DESIGN_DATA_MISSING restore general-purpose single-char base lexicon,false,true
莫,莫,1,single_char,base,,mo,mo4,common-standard-level-1+pinyin-data,docs/pinyin-v2/import/single_char_dictionary.tsv,FROZEN_DESIGN_DATA_MISSING restore general-purpose single-char base lexicon,false,true
莉,莉,1,single_char,base,,li,li4,common-standard-level-1+pinyin-data,docs/pinyin-v2/import/single_char_dictionary.tsv,FROZEN_DESIGN_DATA_MISSING restore general-purpose single-char base lexicon,false,true
荷,荷,1,single_char,base,,he,he2,common-standard-level-1+pinyin-data,docs/pinyin-v2/import/single_char_dictionary.tsv,FROZEN_DESIGN_DATA_MISSING restore general-purpose single-char base lexicon,false,true
获,获,1,single_char,base,,huo,huo4,common-standard-level-1+pinyin-data,docs/pinyin-v2/import/single_char_dictionary.tsv,FROZEN_DESIGN_DATA_MISSING restore general-purpose single-char base lexicon,false,true
晋,晋,1,single_char,base,,jin,jin4,common-standard-level-1+pinyin-data,docs/pinyin-v2/import/single_char_dictionary.tsv,FROZEN_DESIGN_DATA_MISSING restore general-purpose single-char base lexicon,false,true
恶,恶,1,single_char,base,,e,e4,common-standard-level-1+pinyin-data,docs/pinyin-v2/import/single_char_dictionary.tsv,FROZEN_DESIGN_DATA_MISSING restore general-purpose single-char base lexicon,false,true
莹,莹,1,single_char,base,,ying,ying2,common-standard-level-1+pinyin-data,docs/pinyin-v2/import/single_char_dictionary.tsv,FROZEN_DESIGN_DATA_MISSING restore general-purpose single-char base lexicon,false,true
莺,莺,1,single_char,base,,ying,ying1,common-standard-level-1+pinyin-data,docs/pinyin-v2/import/single_char_dictionary.tsv,FROZEN_DESIGN_DATA_MISSING restore general-purpose single-char base lexicon,false,true
真,真,1,single_char,base,,zhen,zhen1,common-standard-level-1+pinyin-data,docs/pinyin-v2/import/single_char_dictionary.tsv,FROZEN_DESIGN_DATA_MISSING restore general-purpose single-char base lexicon,false,true
框,框,1,single_char,base,,kuang,kuang1,common-standard-level-1+pinyin-data,docs/pinyin-v2/import/single_char_dictionary.tsv,FROZEN_DESIGN_DATA_MISSING restore general-purpose single-char base lexicon,false,true
梆,梆,1,single_char,base,,bang,bang1,common-standard-level-1+pinyin-data,docs/pinyin-v2/import/single_char_dictionary.tsv,FROZEN_DESIGN_DATA_MISSING restore general-purpose single-char base lexicon,false,true
桂,桂,1,single_char,base,,gui,gui4,common-standard-level-1+pinyin-data,docs/pinyin-v2/import/single_char_dictionary.tsv,FROZEN_DESIGN_DATA_MISSING restore general-purpose single-char base lexicon,false,true
桔,桔,1,single_char,base,,ju,ju2,common-standard-level-1+pinyin-data,docs/pinyin-v2/import/single_char_dictionary.tsv,FROZEN_DESIGN_DATA_MISSING restore general-purpose single-char base lexicon,false,true
栖,栖,1,single_char,base,,qi,qi1,common-standard-level-1+pinyin-data,docs/pinyin-v2/import/single_char_dictionary.tsv,FROZEN_DESIGN_DATA_MISSING restore general-purpose single-char base lexicon,false,true
档,档,1,single_char,base,,dang,dang4,common-standard-level-1+pinyin-data,docs/pinyin-v2/import/single_char_dictionary.tsv,FROZEN_DESIGN_DATA_MISSING restore general-purpose single-char base lexicon,true,true
桐,桐,1,single_char,base,,tong,tong2,common-standard-level-1+pinyin-data,docs/pinyin-v2/import/single_char_dictionary.tsv,FROZEN_DESIGN_DATA_MISSING restore general-purpose single-char base lexicon,false,true
株,株,1,single_char,base,,zhu,zhu1,common-standard-level-1+pinyin-data,docs/pinyin-v2/import/single_char_dictionary.tsv,FROZEN_DESIGN_DATA_MISSING restore general-purpose single-char base lexicon,false,true
桥,桥,1,single_char,base,,qiao,qiao2,common-standard-level-1+pinyin-data,docs/pinyin-v2/import/single_char_dictionary.tsv,FROZEN_DESIGN_DATA_MISSING restore general-purpose single-char base lexicon,false,true
桦,桦,1,single_char,base,,hua,hua4,common-standard-level-1+pinyin-data,docs/pinyin-v2/import/single_char_dictionary.tsv,FROZEN_DESIGN_DATA_MISSING restore general-purpose single-char base lexicon,false,true
栓,栓,1,single_char,base,,shuan,shuan1,common-standard-level-1+pinyin-data,docs/pinyin-v2/import/single_char_dictionary.tsv,FROZEN_DESIGN_DATA_MISSING restore general-purpose single-char base lexicon,false,true
桃,桃,1,single_char,base,,tao,tao2,common-standard-level-1+pinyin-data,docs/pinyin-v2/import/single_char_dictionary.tsv,FROZEN_DESIGN_DATA_MISSING restore general-purpose single-char base lexicon,false,true
格,格,1,single_char,base,,ge,ge2,common-standard-level-1+pinyin-data,docs/pinyin-v2/import/single_char_dictionary.tsv,FROZEN_DESIGN_DATA_MISSING restore general-purpose single-char base lexicon,false,true
桩,桩,1,single_char,base,,zhuang,zhuang1,common-standard-level-1+pinyin-data,docs/pinyin-v2/import/single_char_dictionary.tsv,FROZEN_DESIGN_DATA_MISSING restore general-purpose single-char base lexicon,false,true
校,校,1,single_char,base,,xiao,xiao4,common-standard-level-1+pinyin-data,docs/pinyin-v2/import/single_char_dictionary.tsv,FROZEN_DESIGN_DATA_MISSING restore general-purpose single-char base lexicon,false,true
核,核,1,single_char,base,,he,he2,common-standard-level-1+pinyin-data,docs/pinyin-v2/import/single_char_dictionary.tsv,FROZEN_DESIGN_DATA_MISSING restore general-purpose single-char base lexicon,false,true
样,样,1,single_char,base,,yang,yang4,common-standard-level-1+pinyin-data,docs/pinyin-v2/import/single_char_dictionary.tsv,FROZEN_DESIGN_DATA_MISSING restore general-purpose single-char base lexicon,false,true
根,根,1,single_char,base,,gen,gen1,common-standard-level-1+pinyin-data,docs/pinyin-v2/import/single_char_dictionary.tsv,FROZEN_DESIGN_DATA_MISSING restore general-purpose single-char base lexicon,false,true
索,索,1,single_char,base,,suo,suo3,common-standard-level-1+pinyin-data,docs/pinyin-v2/import/single_char_dictionary.tsv,FROZEN_DESIGN_DATA_MISSING restore general-purpose single-char base lexicon,false,true
哥,哥,1,single_char,base,,ge,ge1,common-standard-level-1+pinyin-data,docs/pinyin-v2/import/single_char_dictionary.tsv,FROZEN_DESIGN_DATA_MISSING restore general-purpose single-char base lexicon,false,true
速,速,1,single_char,base,,su,su4,common-standard-level-1+pinyin-data,docs/pinyin-v2/import/single_char_dictionary.tsv,FROZEN_DESIGN_DATA_MISSING restore general-purpose single-char base lexicon,false,true
逗,逗,1,single_char,base,,dou,dou4,common-standard-level-1+pinyin-data,docs/pinyin-v2/import/single_char_dictionary.tsv,FROZEN_DESIGN_DATA_MISSING restore general-purpose single-char base lexicon,false,true
栗,栗,1,single_char,base,,li,li4,common-standard-level-1+pinyin-data,docs/pinyin-v2/import/single_char_dictionary.tsv,FROZEN_DESIGN_DATA_MISSING restore general-purpose single-char base lexicon,false,true
贾,贾,1,single_char,base,,jia,jia3,common-standard-level-1+pinyin-data,docs/pinyin-v2/import/single_char_dictionary.tsv,FROZEN_DESIGN_DATA_MISSING restore general-purpose single-char base lexicon,false,true
酌,酌,1,single_char,base,,zhuo,zhuo2,common-standard-level-1+pinyin-data,docs/pinyin-v2/import/single_char_dictionary.tsv,FROZEN_DESIGN_DATA_MISSING restore general-purpose single-char base lexicon,false,true
配,配,1,single_char,base,,pei,pei4,common-standard-level-1+pinyin-data,docs/pinyin-v2/import/single_char_dictionary.tsv,FROZEN_DESIGN_DATA_MISSING restore general-purpose single-char base lexicon,false,true
翅,翅,1,single_char,base,,chi,chi4,common-standard-level-1+pinyin-data,docs/pinyin-v2/import/single_char_dictionary.tsv,FROZEN_DESIGN_DATA_MISSING restore general-purpose single-char base lexicon,false,true
辱,辱,1,single_char,base,,ru,ru3,common-standard-level-1+pinyin-data,docs/pinyin-v2/import/single_char_dictionary.tsv,FROZEN_DESIGN_DATA_MISSING restore general-purpose single-char base lexicon,false,true
唇,唇,1,single_char,base,,chun,chun2,common-standard-level-1+pinyin-data,docs/pinyin-v2/import/single_char_dictionary.tsv,FROZEN_DESIGN_DATA_MISSING restore general-purpose single-char base lexicon,false,true
夏,夏,1,single_char,base,,xia,xia4,common-standard-level-1+pinyin-data,docs/pinyin-v2/import/single_char_dictionary.tsv,FROZEN_DESIGN_DATA_MISSING restore general-purpose single-char base lexicon,false,true
砸,砸,1,single_char,base,,za,za2,common-standard-level-1+pinyin-data,docs/pinyin-v2/import/single_char_dictionary.tsv,FROZEN_DESIGN_DATA_MISSING restore general-purpose single-char base lexicon,false,true
砰,砰,1,single_char,base,,peng,peng1,common-standard-level-1+pinyin-data,docs/pinyin-v2/import/single_char_dictionary.tsv,FROZEN_DESIGN_DATA_MISSING restore general-purpose single-char base lexicon,false,true
砾,砾,1,single_char,base,,li,li4,common-standard-level-1+pinyin-data,docs/pinyin-v2/import/single_char_dictionary.tsv,FROZEN_DESIGN_DATA_MISSING restore general-purpose single-char base lexicon,false,true
础,础,1,single_char,base,,chu,chu3,common-standard-level-1+pinyin-data,docs/pinyin-v2/import/single_char_dictionary.tsv,FROZEN_DESIGN_DATA_MISSING restore general-purpose single-char base lexicon,false,true
破,破,1,single_char,base,,po,po4,common-standard-level-1+pinyin-data,docs/pinyin-v2/import/single_char_dictionary.tsv,FROZEN_DESIGN_DATA_MISSING restore general-purpose single-char base lexicon,false,true
原,原,1,single_char,base,,yuan,yuan2,common-standard-level-1+pinyin-data,docs/pinyin-v2/import/single_char_dictionary.tsv,FROZEN_DESIGN_DATA_MISSING restore general-purpose single-char base lexicon,false,true
套,套,1,single_char,base,,tao,tao4,common-standard-level-1+pinyin-data,docs/pinyin-v2/import/single_char_dictionary.tsv,FROZEN_DESIGN_DATA_MISSING restore general-purpose single-char base lexicon,false,true
逐,逐,1,single_char,base,,zhu,zhu2,common-standard-level-1+pinyin-data,docs/pinyin-v2/import/single_char_dictionary.tsv,FROZEN_DESIGN_DATA_MISSING restore general-purpose single-char base lexicon,false,true
烈,烈,1,single_char,base,,lie,lie4,common-standard-level-1+pinyin-data,docs/pinyin-v2/import/single_char_dictionary.tsv,FROZEN_DESIGN_DATA_MISSING restore general-purpose single-char base lexicon,false,true
殊,殊,1,single_char,base,,shu,shu1,common-standard-level-1+pinyin-data,docs/pinyin-v2/import/single_char_dictionary.tsv,FROZEN_DESIGN_DATA_MISSING restore general-purpose single-char base lexicon,false,true
殉,殉,1,single_char,base,,xun,xun4,common-standard-level-1+pinyin-data,docs/pinyin-v2/import/single_char_dictionary.tsv,FROZEN_DESIGN_DATA_MISSING restore general-purpose single-char base lexicon,false,true
顾,顾,1,single_char,base,,gu,gu4,common-standard-level-1+pinyin-data,docs/pinyin-v2/import/single_char_dictionary.tsv,FROZEN_DESIGN_DATA_MISSING restore general-purpose single-char base lexicon,false,true
轿,轿,1,single_char,base,,jiao,jiao4,common-standard-level-1+pinyin-data,docs/pinyin-v2/import/single_char_dictionary.tsv,FROZEN_DESIGN_DATA_MISSING restore general-purpose single-char base lexicon,false,true
较,较,1,single_char,base,,jiao,jiao4,common-standard-level-1+pinyin-data,docs/pinyin-v2/import/single_char_dictionary.tsv,FROZEN_DESIGN_DATA_MISSING restore general-purpose single-char base lexicon,false,true
顿,顿,1,single_char,base,,dun,dun4,common-standard-level-1+pinyin-data,docs/pinyin-v2/import/single_char_dictionary.tsv,FROZEN_DESIGN_DATA_MISSING restore general-purpose single-char base lexicon,false,true
毙,毙,1,single_char,base,,bi,bi4,common-standard-level-1+pinyin-data,docs/pinyin-v2/import/single_char_dictionary.tsv,FROZEN_DESIGN_DATA_MISSING restore general-purpose single-char base lexicon,false,true
致,致,1,single_char,base,,zhi,zhi4,common-standard-level-1+pinyin-data,docs/pinyin-v2/import/single_char_dictionary.tsv,FROZEN_DESIGN_DATA_MISSING restore general-purpose single-char base lexicon,false,true
柴,柴,1,single_char,base,,chai,chai2,common-standard-level-1+pinyin-data,docs/pinyin-v2/import/single_char_dictionary.tsv,FROZEN_DESIGN_DATA_MISSING restore general-purpose single-char base lexicon,false,true
桌,桌,1,single_char,base,,zhuo,zhuo1,common-standard-level-1+pinyin-data,docs/pinyin-v2/import/single_char_dictionary.tsv,FROZEN_DESIGN_DATA_MISSING restore general-purpose single-char base lexicon,false,true
虑,虑,1,single_char,base,,lv,lv4,common-standard-level-1+pinyin-data,docs/pinyin-v2/import/single_char_dictionary.tsv,FROZEN_DESIGN_DATA_MISSING restore general-purpose single-char base lexicon,false,true
监,监,1,single_char,base,,jian,jian1,common-standard-level-1+pinyin-data,docs/pinyin-v2/import/single_char_dictionary.tsv,FROZEN_DESIGN_DATA_MISSING restore general-purpose single-char base lexicon,false,true
紧,紧,1,single_char,base,,jin,jin3,common-standard-level-1+pinyin-data,docs/pinyin-v2/import/single_char_dictionary.tsv,FROZEN_DESIGN_DATA_MISSING restore general-purpose single-char base lexicon,false,true
党,党,1,single_char,base,,dang,dang3,common-standard-level-1+pinyin-data,docs/pinyin-v2/import/single_char_dictionary.tsv,FROZEN_DESIGN_DATA_MISSING restore general-purpose single-char base lexicon,false,true
逞,逞,1,single_char,base,,cheng,cheng3,common-standard-level-1+pinyin-data,docs/pinyin-v2/import/single_char_dictionary.tsv,FROZEN_DESIGN_DATA_MISSING restore general-purpose single-char base lexicon,false,true
晒,晒,1,single_char,base,,shai,shai4,common-standard-level-1+pinyin-data,docs/pinyin-v2/import/single_char_dictionary.tsv,FROZEN_DESIGN_DATA_MISSING restore general-purpose single-char base lexicon,false,true
眠,眠,1,single_char,base,,mian,mian2,common-standard-level-1+pinyin-data,docs/pinyin-v2/import/single_char_dictionary.tsv,FROZEN_DESIGN_DATA_MISSING restore general-purpose single-char base lexicon,false,true
晓,晓,1,single_char,base,,xiao,xiao3,common-standard-level-1+pinyin-data,docs/pinyin-v2/import/single_char_dictionary.tsv,FROZEN_DESIGN_DATA_MISSING restore general-purpose single-char base lexicon,false,true
哮,哮,1,single_char,base,,xiao,xiao1,common-standard-level-1+pinyin-data,docs/pinyin-v2/import/single_char_dictionary.tsv,FROZEN_DESIGN_DATA_MISSING restore general-purpose single-char base lexicon,false,true
唠,唠,1,single_char,base,,lao,lao2,common-standard-level-1+pinyin-data,docs/pinyin-v2/import/single_char_dictionary.tsv,FROZEN_DESIGN_DATA_MISSING restore general-purpose single-char base lexicon,false,true
鸭,鸭,1,single_char,base,,ya,ya1,common-standard-level-1+pinyin-data,docs/pinyin-v2/import/single_char_dictionary.tsv,FROZEN_DESIGN_DATA_MISSING restore general-purpose single-char base lexicon,false,true
晃,晃,1,single_char,base,,huang,huang3,common-standard-level-1+pinyin-data,docs/pinyin-v2/import/single_char_dictionary.tsv,FROZEN_DESIGN_DATA_MISSING restore general-purpose single-char base lexicon,false,true
哺,哺,1,single_char,base,,bu,bu3,common-standard-level-1+pinyin-data,docs/pinyin-v2/import/single_char_dictionary.tsv,FROZEN_DESIGN_DATA_MISSING restore general-purpose single-char base lexicon,false,true
晌,晌,1,single_char,base,,shang,shang3,common-standard-level-1+pinyin-data,docs/pinyin-v2/import/single_char_dictionary.tsv,FROZEN_DESIGN_DATA_MISSING restore general-purpose single-char base lexicon,false,true
剔,剔,1,single_char,base,,ti,ti1,common-standard-level-1+pinyin-data,docs/pinyin-v2/import/single_char_dictionary.tsv,FROZEN_DESIGN_DATA_MISSING restore general-purpose single-char base lexicon,false,true
晕,晕,1,single_char,base,,yun,yun1,common-standard-level-1+pinyin-data,docs/pinyin-v2/import/single_char_dictionary.tsv,FROZEN_DESIGN_DATA_MISSING restore general-purpose single-char base lexicon,false,true
蚌,蚌,1,single_char,base,,bang,bang4,common-standard-level-1+pinyin-data,docs/pinyin-v2/import/single_char_dictionary.tsv,FROZEN_DESIGN_DATA_MISSING restore general-purpose single-char base lexicon,false,true
畔,畔,1,single_char,base,,pan,pan4,common-standard-level-1+pinyin-data,docs/pinyin-v2/import/single_char_dictionary.tsv,FROZEN_DESIGN_DATA_MISSING restore general-purpose single-char base lexicon,false,true
蚣,蚣,1,single_char,base,,gong,gong1,common-standard-level-1+pinyin-data,docs/pinyin-v2/import/single_char_dictionary.tsv,FROZEN_DESIGN_DATA_MISSING restore general-purpose single-char base lexicon,false,true
蚊,蚊,1,single_char,base,,wen,wen2,common-standard-level-1+pinyin-data,docs/pinyin-v2/import/single_char_dictionary.tsv,FROZEN_DESIGN_DATA_MISSING restore general-purpose single-char base lexicon,false,true
蚪,蚪,1,single_char,base,,dou,dou3,common-standard-level-1+pinyin-data,docs/pinyin-v2/import/single_char_dictionary.tsv,FROZEN_DESIGN_DATA_MISSING restore general-purpose single-char base lexicon,false,true
蚓,蚓,1,single_char,base,,yin,yin3,common-standard-level-1+pinyin-data,docs/pinyin-v2/import/single_char_dictionary.tsv,FROZEN_DESIGN_DATA_MISSING restore general-purpose single-char base lexicon,false,true
哨,哨,1,single_char,base,,shao,shao4,common-standard-level-1+pinyin-data,docs/pinyin-v2/import/single_char_dictionary.tsv,FROZEN_DESIGN_DATA_MISSING restore general-purpose single-char base lexicon,false,true
哩,哩,1,single_char,base,,li,li1,common-standard-level-1+pinyin-data,docs/pinyin-v2/import/single_char_dictionary.tsv,FROZEN_DESIGN_DATA_MISSING restore general-purpose single-char base lexicon,false,true
圃,圃,1,single_char,base,,pu,pu3,common-standard-level-1+pinyin-data,docs/pinyin-v2/import/single_char_dictionary.tsv,FROZEN_DESIGN_DATA_MISSING restore general-purpose single-char base lexicon,false,true
哭,哭,1,single_char,base,,ku,ku1,common-standard-level-1+pinyin-data,docs/pinyin-v2/import/single_char_dictionary.tsv,FROZEN_DESIGN_DATA_MISSING restore general-purpose single-char base lexicon,false,true
哦,哦,1,single_char,base,,o,o2,common-standard-level-1+pinyin-data,docs/pinyin-v2/import/single_char_dictionary.tsv,FROZEN_DESIGN_DATA_MISSING restore general-purpose single-char base lexicon,false,true
恩,恩,1,single_char,base,,en,en1,common-standard-level-1+pinyin-data,docs/pinyin-v2/import/single_char_dictionary.tsv,FROZEN_DESIGN_DATA_MISSING restore general-purpose single-char base lexicon,false,true
鸯,鸯,1,single_char,base,,yang,yang1,common-standard-level-1+pinyin-data,docs/pinyin-v2/import/single_char_dictionary.tsv,FROZEN_DESIGN_DATA_MISSING restore general-purpose single-char base lexicon,false,true
唤,唤,1,single_char,base,,huan,huan4,common-standard-level-1+pinyin-data,docs/pinyin-v2/import/single_char_dictionary.tsv,FROZEN_DESIGN_DATA_MISSING restore general-purpose single-char base lexicon,false,true
唁,唁,1,single_char,base,,yan,yan4,common-standard-level-1+pinyin-data,docs/pinyin-v2/import/single_char_dictionary.tsv,FROZEN_DESIGN_DATA_MISSING restore general-purpose single-char base lexicon,false,true
哼,哼,1,single_char,base,,heng,heng1,common-standard-level-1+pinyin-data,docs/pinyin-v2/import/single_char_dictionary.tsv,FROZEN_DESIGN_DATA_MISSING restore general-purpose single-char base lexicon,false,true
唧,唧,1,single_char,base,,ji,ji1,common-standard-level-1+pinyin-data,docs/pinyin-v2/import/single_char_dictionary.tsv,FROZEN_DESIGN_DATA_MISSING restore general-purpose single-char base lexicon,false,true
啊,啊,1,single_char,base,,a,a,common-standard-level-1+pinyin-data,docs/pinyin-v2/import/single_char_dictionary.tsv,FROZEN_DESIGN_DATA_MISSING restore general-purpose single-char base lexicon,false,true
唉,唉,1,single_char,base,,ai,ai1,common-standard-level-1+pinyin-data,docs/pinyin-v2/import/single_char_dictionary.tsv,FROZEN_DESIGN_DATA_MISSING restore general-purpose single-char base lexicon,false,true
唆,唆,1,single_char,base,,suo,suo1,common-standard-level-1+pinyin-data,docs/pinyin-v2/import/single_char_dictionary.tsv,FROZEN_DESIGN_DATA_MISSING restore general-purpose single-char base lexicon,false,true
罢,罢,1,single_char,base,,ba,ba4,common-standard-level-1+pinyin-data,docs/pinyin-v2/import/single_char_dictionary.tsv,FROZEN_DESIGN_DATA_MISSING restore general-purpose single-char base lexicon,false,true
峭,峭,1,single_char,base,,qiao,qiao4,common-standard-level-1+pinyin-data,docs/pinyin-v2/import/single_char_dictionary.tsv,FROZEN_DESIGN_DATA_MISSING restore general-purpose single-char base lexicon,false,true
峨,峨,1,single_char,base,,e,e2,common-standard-level-1+pinyin-data,docs/pinyin-v2/import/single_char_dictionary.tsv,FROZEN_DESIGN_DATA_MISSING restore general-purpose single-char base lexicon,false,true
峰,峰,1,single_char,base,,feng,feng1,common-standard-level-1+pinyin-data,docs/pinyin-v2/import/single_char_dictionary.tsv,FROZEN_DESIGN_DATA_MISSING restore general-purpose single-char base lexicon,false,true
圆,圆,1,single_char,base,,yuan,yuan2,common-standard-level-1+pinyin-data,docs/pinyin-v2/import/single_char_dictionary.tsv,FROZEN_DESIGN_DATA_MISSING restore general-purpose single-char base lexicon,false,true
峻,峻,1,single_char,base,,jun,jun4,common-standard-level-1+pinyin-data,docs/pinyin-v2/import/single_char_dictionary.tsv,FROZEN_DESIGN_DATA_MISSING restore general-purpose single-char base lexicon,false,true
贼,贼,1,single_char,base,,zei,zei2,common-standard-level-1+pinyin-data,docs/pinyin-v2/import/single_char_dictionary.tsv,FROZEN_DESIGN_DATA_MISSING restore general-purpose single-char base lexicon,false,true
贿,贿,1,single_char,base,,hui,hui4,common-standard-level-1+pinyin-data,docs/pinyin-v2/import/single_char_dictionary.tsv,FROZEN_DESIGN_DATA_MISSING restore general-purpose single-char base lexicon,false,true
赂,赂,1,single_char,base,,lu,lu4,common-standard-level-1+pinyin-data,docs/pinyin-v2/import/single_char_dictionary.tsv,FROZEN_DESIGN_DATA_MISSING restore general-purpose single-char base lexicon,false,true
赃,赃,1,single_char,base,,zang,zang1,common-standard-level-1+pinyin-data,docs/pinyin-v2/import/single_char_dictionary.tsv,FROZEN_DESIGN_DATA_MISSING restore general-purpose single-char base lexicon,false,true
钱,钱,1,single_char,base,,qian,qian2,common-standard-level-1+pinyin-data,docs/pinyin-v2/import/single_char_dictionary.tsv,FROZEN_DESIGN_DATA_MISSING restore general-purpose single-char base lexicon,false,true
钳,钳,1,single_char,base,,qian,qian2,common-standard-level-1+pinyin-data,docs/pinyin-v2/import/single_char_dictionary.tsv,FROZEN_DESIGN_DATA_MISSING restore general-purpose single-char base lexicon,false,true
钻,钻,1,single_char,base,,zuan,zuan1,common-standard-level-1+pinyin-data,docs/pinyin-v2/import/single_char_dictionary.tsv,FROZEN_DESIGN_DATA_MISSING restore general-purpose single-char base lexicon,false,true
钾,钾,1,single_char,base,,jia,jia3,common-standard-level-1+pinyin-data,docs/pinyin-v2/import/single_char_dictionary.tsv,FROZEN_DESIGN_DATA_MISSING restore general-purpose single-char base lexicon,false,true
铁,铁,1,single_char,base,,tie,tie3,common-standard-level-1+pinyin-data,docs/pinyin-v2/import/single_char_dictionary.tsv,FROZEN_DESIGN_DATA_MISSING restore general-purpose single-char base lexicon,false,true
铃,铃,1,single_char,base,,ling,ling2,common-standard-level-1+pinyin-data,docs/pinyin-v2/import/single_char_dictionary.tsv,FROZEN_DESIGN_DATA_MISSING restore general-purpose single-char base lexicon,false,true
铅,铅,1,single_char,base,,qian,qian1,common-standard-level-1+pinyin-data,docs/pinyin-v2/import/single_char_dictionary.tsv,FROZEN_DESIGN_DATA_MISSING restore general-purpose single-char base lexicon,false,true
缺,缺,1,single_char,base,,que,que1,common-standard-level-1+pinyin-data,docs/pinyin-v2/import/single_char_dictionary.tsv,FROZEN_DESIGN_DATA_MISSING restore general-purpose single-char base lexicon,false,true
氧,氧,1,single_char,base,,yang,yang3,common-standard-level-1+pinyin-data,docs/pinyin-v2/import/single_char_dictionary.tsv,FROZEN_DESIGN_DATA_MISSING restore general-purpose single-char base lexicon,false,true
氨,氨,1,single_char,base,,an,an1,common-standard-level-1+pinyin-data,docs/pinyin-v2/import/single_char_dictionary.tsv,FROZEN_DESIGN_DATA_MISSING restore general-purpose single-char base lexicon,false,true
特,特,1,single_char,base,,te,te4,common-standard-level-1+pinyin-data,docs/pinyin-v2/import/single_char_dictionary.tsv,FROZEN_DESIGN_DATA_MISSING restore general-purpose single-char base lexicon,false,true
牺,牺,1,single_char,base,,xi,xi1,common-standard-level-1+pinyin-data,docs/pinyin-v2/import/single_char_dictionary.tsv,FROZEN_DESIGN_DATA_MISSING restore general-purpose single-char base lexicon,false,true
造,造,1,single_char,base,,zao,zao4,common-standard-level-1+pinyin-data,docs/pinyin-v2/import/single_char_dictionary.tsv,FROZEN_DESIGN_DATA_MISSING restore general-purpose single-char base lexicon,false,true
乘,乘,1,single_char,base,,cheng,cheng2,common-standard-level-1+pinyin-data,docs/pinyin-v2/import/single_char_dictionary.tsv,FROZEN_DESIGN_DATA_MISSING restore general-purpose single-char base lexicon,false,true
敌,敌,1,single_char,base,,di,di2,common-standard-level-1+pinyin-data,docs/pinyin-v2/import/single_char_dictionary.tsv,FROZEN_DESIGN_DATA_MISSING restore general-purpose single-char base lexicon,false,true
秤,秤,1,single_char,base,,cheng,cheng4,common-standard-level-1+pinyin-data,docs/pinyin-v2/import/single_char_dictionary.tsv,FROZEN_DESIGN_DATA_MISSING restore general-purpose single-char base lexicon,false,true
租,租,1,single_char,base,,zu,zu1,common-standard-level-1+pinyin-data,docs/pinyin-v2/import/single_char_dictionary.tsv,FROZEN_DESIGN_DATA_MISSING restore general-purpose single-char base lexicon,false,true
积,积,1,single_char,base,,ji,ji1,common-standard-level-1+pinyin-data,docs/pinyin-v2/import/single_char_dictionary.tsv,FROZEN_DESIGN_DATA_MISSING restore general-purpose single-char base lexicon,false,true
秧,秧,1,single_char,base,,yang,yang1,common-standard-level-1+pinyin-data,docs/pinyin-v2/import/single_char_dictionary.tsv,FROZEN_DESIGN_DATA_MISSING restore general-purpose single-char base lexicon,false,true
秩,秩,1,single_char,base,,zhi,zhi4,common-standard-level-1+pinyin-data,docs/pinyin-v2/import/single_char_dictionary.tsv,FROZEN_DESIGN_DATA_MISSING restore general-purpose single-char base lexicon,false,true
称,称,1,single_char,base,,cheng,cheng1,common-standard-level-1+pinyin-data,docs/pinyin-v2/import/single_char_dictionary.tsv,FROZEN_DESIGN_DATA_MISSING restore general-purpose single-char base lexicon,false,true
秘,秘,1,single_char,base,,mi,mi4,common-standard-level-1+pinyin-data,docs/pinyin-v2/import/single_char_dictionary.tsv,FROZEN_DESIGN_DATA_MISSING restore general-purpose single-char base lexicon,false,true
透,透,1,single_char,base,,tou,tou4,common-standard-level-1+pinyin-data,docs/pinyin-v2/import/single_char_dictionary.tsv,FROZEN_DESIGN_DATA_MISSING restore general-purpose single-char base lexicon,false,true
笔,笔,1,single_char,base,,bi,bi3,common-standard-level-1+pinyin-data,docs/pinyin-v2/import/single_char_dictionary.tsv,FROZEN_DESIGN_DATA_MISSING restore general-purpose single-char base lexicon,false,true
笑,笑,1,single_char,base,,xiao,xiao4,common-standard-level-1+pinyin-data,docs/pinyin-v2/import/single_char_dictionary.tsv,FROZEN_DESIGN_DATA_MISSING restore general-purpose single-char base lexicon,false,true
笋,笋,1,single_char,base,,sun,sun3,common-standard-level-1+pinyin-data,docs/pinyin-v2/import/single_char_dictionary.tsv,FROZEN_DESIGN_DATA_MISSING restore general-purpose single-char base lexicon,false,true
债,债,1,single_char,base,,zhai,zhai4,common-standard-level-1+pinyin-data,docs/pinyin-v2/import/single_char_dictionary.tsv,FROZEN_DESIGN_DATA_MISSING restore general-purpose single-char base lexicon,false,true
借,借,1,single_char,base,,jie,jie4,common-standard-level-1+pinyin-data,docs/pinyin-v2/import/single_char_dictionary.tsv,FROZEN_DESIGN_DATA_MISSING restore general-purpose single-char base lexicon,false,true
值,值,1,single_char,base,,zhi,zhi2,common-standard-level-1+pinyin-data,docs/pinyin-v2/import/single_char_dictionary.tsv,FROZEN_DESIGN_DATA_MISSING restore general-purpose single-char base lexicon,false,true
倚,倚,1,single_char,base,,yi,yi3,common-standard-level-1+pinyin-data,docs/pinyin-v2/import/single_char_dictionary.tsv,FROZEN_DESIGN_DATA_MISSING restore general-purpose single-char base lexicon,false,true
俺,俺,1,single_char,base,,an,an3,common-standard-level-1+pinyin-data,docs/pinyin-v2/import/single_char_dictionary.tsv,FROZEN_DESIGN_DATA_MISSING restore general-purpose single-char base lexicon,false,true
倾,倾,1,single_char,base,,qing,qing1,common-standard-level-1+pinyin-data,docs/pinyin-v2/import/single_char_dictionary.tsv,FROZEN_DESIGN_DATA_MISSING restore general-purpose single-char base lexicon,false,true
倒,倒,1,single_char,base,,dao,dao4,common-standard-level-1+pinyin-data,docs/pinyin-v2/import/single_char_dictionary.tsv,FROZEN_DESIGN_DATA_MISSING restore general-purpose single-char base lexicon,false,true
倘,倘,1,single_char,base,,tang,tang3,common-standard-level-1+pinyin-data,docs/pinyin-v2/import/single_char_dictionary.tsv,FROZEN_DESIGN_DATA_MISSING restore general-purpose single-char base lexicon,false,true
俱,俱,1,single_char,base,,ju,ju4,common-standard-level-1+pinyin-data,docs/pinyin-v2/import/single_char_dictionary.tsv,FROZEN_DESIGN_DATA_MISSING restore general-purpose single-char base lexicon,false,true
倡,倡,1,single_char,base,,chang,chang4,common-standard-level-1+pinyin-data,docs/pinyin-v2/import/single_char_dictionary.tsv,FROZEN_DESIGN_DATA_MISSING restore general-purpose single-char base lexicon,false,true
候,候,1,single_char,base,,hou,hou4,common-standard-level-1+pinyin-data,docs/pinyin-v2/import/single_char_dictionary.tsv,FROZEN_DESIGN_DATA_MISSING restore general-purpose single-char base lexicon,false,true
赁,赁,1,single_char,base,,lin,lin4,common-standard-level-1+pinyin-data,docs/pinyin-v2/import/single_char_dictionary.tsv,FROZEN_DESIGN_DATA_MISSING restore general-purpose single-char base lexicon,false,true
俯,俯,1,single_char,base,,fu,fu3,common-standard-level-1+pinyin-data,docs/pinyin-v2/import/single_char_dictionary.tsv,FROZEN_DESIGN_DATA_MISSING restore general-purpose single-char base lexicon,false,true
倍,倍,1,single_char,base,,bei,bei4,common-standard-level-1+pinyin-data,docs/pinyin-v2/import/single_char_dictionary.tsv,FROZEN_DESIGN_DATA_MISSING restore general-purpose single-char base lexicon,false,true
倦,倦,1,single_char,base,,juan,juan4,common-standard-level-1+pinyin-data,docs/pinyin-v2/import/single_char_dictionary.tsv,FROZEN_DESIGN_DATA_MISSING restore general-purpose single-char base lexicon,false,true
健,健,1,single_char,base,,jian,jian4,common-standard-level-1+pinyin-data,docs/pinyin-v2/import/single_char_dictionary.tsv,FROZEN_DESIGN_DATA_MISSING restore general-purpose single-char base lexicon,false,true
臭,臭,1,single_char,base,,chou,chou4,common-standard-level-1+pinyin-data,docs/pinyin-v2/import/single_char_dictionary.tsv,FROZEN_DESIGN_DATA_MISSING restore general-purpose single-char base lexicon,false,true
射,射,1,single_char,base,,she,she4,common-standard-level-1+pinyin-data,docs/pinyin-v2/import/single_char_dictionary.tsv,FROZEN_DESIGN_DATA_MISSING restore general-purpose single-char base lexicon,false,true
躬,躬,1,single_char,base,,gong,gong1,common-standard-level-1+pinyin-data,docs/pinyin-v2/import/single_char_dictionary.tsv,FROZEN_DESIGN_DATA_MISSING restore general-purpose single-char base lexicon,false,true
息,息,1,single_char,base,,xi,xi1,common-standard-level-1+pinyin-data,docs/pinyin-v2/import/single_char_dictionary.tsv,FROZEN_DESIGN_DATA_MISSING restore general-purpose single-char base lexicon,false,true
倔,倔,1,single_char,base,,jue,jue2,common-standard-level-1+pinyin-data,docs/pinyin-v2/import/single_char_dictionary.tsv,FROZEN_DESIGN_DATA_MISSING restore general-purpose single-char base lexicon,false,true
徒,徒,1,single_char,base,,tu,tu2,common-standard-level-1+pinyin-data,docs/pinyin-v2/import/single_char_dictionary.tsv,FROZEN_DESIGN_DATA_MISSING restore general-purpose single-char base lexicon,false,true
徐,徐,1,single_char,base,,xu,xu2,common-standard-level-1+pinyin-data,docs/pinyin-v2/import/single_char_dictionary.tsv,FROZEN_DESIGN_DATA_MISSING restore general-purpose single-char base lexicon,false,true
殷,殷,1,single_char,base,,yin,yin1,common-standard-level-1+pinyin-data,docs/pinyin-v2/import/single_char_dictionary.tsv,FROZEN_DESIGN_DATA_MISSING restore general-purpose single-char base lexicon,false,true
舰,舰,1,single_char,base,,jian,jian4,common-standard-level-1+pinyin-data,docs/pinyin-v2/import/single_char_dictionary.tsv,FROZEN_DESIGN_DATA_MISSING restore general-purpose single-char base lexicon,false,true
舱,舱,1,single_char,base,,cang,cang1,common-standard-level-1+pinyin-data,docs/pinyin-v2/import/single_char_dictionary.tsv,FROZEN_DESIGN_DATA_MISSING restore general-purpose single-char base lexicon,false,true
般,般,1,single_char,base,,ban,ban1,common-standard-level-1+pinyin-data,docs/pinyin-v2/import/single_char_dictionary.tsv,FROZEN_DESIGN_DATA_MISSING restore general-purpose single-char base lexicon,false,true
航,航,1,single_char,base,,hang,hang2,common-standard-level-1+pinyin-data,docs/pinyin-v2/import/single_char_dictionary.tsv,FROZEN_DESIGN_DATA_MISSING restore general-purpose single-char base lexicon,false,true
途,途,1,single_char,base,,tu,tu2,common-standard-level-1+pinyin-data,docs/pinyin-v2/import/single_char_dictionary.tsv,FROZEN_DESIGN_DATA_MISSING restore general-purpose single-char base lexicon,false,true
拿,拿,1,single_char,base,,na,na2,common-standard-level-1+pinyin-data,docs/pinyin-v2/import/single_char_dictionary.tsv,FROZEN_DESIGN_DATA_MISSING restore general-purpose single-char base lexicon,false,true
耸,耸,1,single_char,base,,song,song3,common-standard-level-1+pinyin-data,docs/pinyin-v2/import/single_char_dictionary.tsv,FROZEN_DESIGN_DATA_MISSING restore general-purpose single-char base lexicon,false,true
爹,爹,1,single_char,base,,die,die1,common-standard-level-1+pinyin-data,docs/pinyin-v2/import/single_char_dictionary.tsv,FROZEN_DESIGN_DATA_MISSING restore general-purpose single-char base lexicon,false,true
舀,舀,1,single_char,base,,yao,yao3,common-standard-level-1+pinyin-data,docs/pinyin-v2/import/single_char_dictionary.tsv,FROZEN_DESIGN_DATA_MISSING restore general-purpose single-char base lexicon,false,true
爱,爱,1,single_char,base,,ai,ai4,common-standard-level-1+pinyin-data,docs/pinyin-v2/import/single_char_dictionary.tsv,FROZEN_DESIGN_DATA_MISSING restore general-purpose single-char base lexicon,false,true
豺,豺,1,single_char,base,,chai,chai2,common-standard-level-1+pinyin-data,docs/pinyin-v2/import/single_char_dictionary.tsv,FROZEN_DESIGN_DATA_MISSING restore general-purpose single-char base lexicon,false,true
豹,豹,1,single_char,base,,bao,bao4,common-standard-level-1+pinyin-data,docs/pinyin-v2/import/single_char_dictionary.tsv,FROZEN_DESIGN_DATA_MISSING restore general-purpose single-char base lexicon,false,true
颁,颁,1,single_char,base,,ban,ban1,common-standard-level-1+pinyin-data,docs/pinyin-v2/import/single_char_dictionary.tsv,FROZEN_DESIGN_DATA_MISSING restore general-purpose single-char base lexicon,false,true
颂,颂,1,single_char,base,,song,song4,common-standard-level-1+pinyin-data,docs/pinyin-v2/import/single_char_dictionary.tsv,FROZEN_DESIGN_DATA_MISSING restore general-purpose single-char base lexicon,false,true
翁,翁,1,single_char,base,,weng,weng1,common-standard-level-1+pinyin-data,docs/pinyin-v2/import/single_char_dictionary.tsv,FROZEN_DESIGN_DATA_MISSING restore general-purpose single-char base lexicon,false,true
胰,胰,1,single_char,base,,yi,yi2,common-standard-level-1+pinyin-data,docs/pinyin-v2/import/single_char_dictionary.tsv,FROZEN_DESIGN_DATA_MISSING restore general-purpose single-char base lexicon,false,true
脆,脆,1,single_char,base,,cui,cui4,common-standard-level-1+pinyin-data,docs/pinyin-v2/import/single_char_dictionary.tsv,FROZEN_DESIGN_DATA_MISSING restore general-purpose single-char base lexicon,false,true
脂,脂,1,single_char,base,,zhi,zhi1,common-standard-level-1+pinyin-data,docs/pinyin-v2/import/single_char_dictionary.tsv,FROZEN_DESIGN_DATA_MISSING restore general-purpose single-char base lexicon,false,true
胸,胸,1,single_char,base,,xiong,xiong1,common-standard-level-1+pinyin-data,docs/pinyin-v2/import/single_char_dictionary.tsv,FROZEN_DESIGN_DATA_MISSING restore general-purpose single-char base lexicon,false,true
胳,胳,1,single_char,base,,ge,ge1,common-standard-level-1+pinyin-data,docs/pinyin-v2/import/single_char_dictionary.tsv,FROZEN_DESIGN_DATA_MISSING restore general-purpose single-char base lexicon,false,true
脏,脏,1,single_char,base,,zang,zang4,common-standard-level-1+pinyin-data,docs/pinyin-v2/import/single_char_dictionary.tsv,FROZEN_DESIGN_DATA_MISSING restore general-purpose single-char base lexicon,false,true
脐,脐,1,single_char,base,,qi,qi2,common-standard-level-1+pinyin-data,docs/pinyin-v2/import/single_char_dictionary.tsv,FROZEN_DESIGN_DATA_MISSING restore general-purpose single-char base lexicon,false,true
胶,胶,1,single_char,base,,jiao,jiao1,common-standard-level-1+pinyin-data,docs/pinyin-v2/import/single_char_dictionary.tsv,FROZEN_DESIGN_DATA_MISSING restore general-purpose single-char base lexicon,false,true
脑,脑,1,single_char,base,,nao,nao3,common-standard-level-1+pinyin-data,docs/pinyin-v2/import/single_char_dictionary.tsv,FROZEN_DESIGN_DATA_MISSING restore general-purpose single-char base lexicon,false,true
脓,脓,1,single_char,base,,nong,nong2,common-standard-level-1+pinyin-data,docs/pinyin-v2/import/single_char_dictionary.tsv,FROZEN_DESIGN_DATA_MISSING restore general-purpose single-char base lexicon,false,true
逛,逛,1,single_char,base,,guang,guang4,common-standard-level-1+pinyin-data,docs/pinyin-v2/import/single_char_dictionary.tsv,FROZEN_DESIGN_DATA_MISSING restore general-purpose single-char base lexicon,false,true
狸,狸,1,single_char,base,,li,li2,common-standard-level-1+pinyin-data,docs/pinyin-v2/import/single_char_dictionary.tsv,FROZEN_DESIGN_DATA_MISSING restore general-purpose single-char base lexicon,false,true
狼,狼,1,single_char,base,,lang,lang2,common-standard-level-1+pinyin-data,docs/pinyin-v2/import/single_char_dictionary.tsv,FROZEN_DESIGN_DATA_MISSING restore general-purpose single-char base lexicon,false,true
卿,卿,1,single_char,base,,qing,qing1,common-standard-level-1+pinyin-data,docs/pinyin-v2/import/single_char_dictionary.tsv,FROZEN_DESIGN_DATA_MISSING restore general-purpose single-char base lexicon,false,true
逢,逢,1,single_char,base,,feng,feng2,common-standard-level-1+pinyin-data,docs/pinyin-v2/import/single_char_dictionary.tsv,FROZEN_DESIGN_DATA_MISSING restore general-purpose single-char base lexicon,false,true
鸵,鸵,1,single_char,base,,tuo,tuo2,common-standard-level-1+pinyin-data,docs/pinyin-v2/import/single_char_dictionary.tsv,FROZEN_DESIGN_DATA_MISSING restore general-purpose single-char base lexicon,false,true
留,留,1,single_char,base,,liu,liu2,common-standard-level-1+pinyin-data,docs/pinyin-v2/import/single_char_dictionary.tsv,FROZEN_DESIGN_DATA_MISSING restore general-purpose single-char base lexicon,false,true
鸳,鸳,1,single_char,base,,yuan,yuan1,common-standard-level-1+pinyin-data,docs/pinyin-v2/import/single_char_dictionary.tsv,FROZEN_DESIGN_DATA_MISSING restore general-purpose single-char base lexicon,false,true
皱,皱,1,single_char,base,,zhou,zhou4,common-standard-level-1+pinyin-data,docs/pinyin-v2/import/single_char_dictionary.tsv,FROZEN_DESIGN_DATA_MISSING restore general-purpose single-char base lexicon,false,true
饿,饿,1,single_char,base,,e,e4,common-standard-level-1+pinyin-data,docs/pinyin-v2/import/single_char_dictionary.tsv,FROZEN_DESIGN_DATA_MISSING restore general-purpose single-char base lexicon,false,true
馁,馁,1,single_char,base,,nei,nei3,common-standard-level-1+pinyin-data,docs/pinyin-v2/import/single_char_dictionary.tsv,FROZEN_DESIGN_DATA_MISSING restore general-purpose single-char base lexicon,false,true
凌,凌,1,single_char,base,,ling,ling2,common-standard-level-1+pinyin-data,docs/pinyin-v2/import/single_char_dictionary.tsv,FROZEN_DESIGN_DATA_MISSING restore general-purpose single-char base lexicon,false,true
凄,凄,1,single_char,base,,qi,qi1,common-standard-level-1+pinyin-data,docs/pinyin-v2/import/single_char_dictionary.tsv,FROZEN_DESIGN_DATA_MISSING restore general-purpose single-char base lexicon,false,true
恋,恋,1,single_char,base,,lian,lian4,common-standard-level-1+pinyin-data,docs/pinyin-v2/import/single_char_dictionary.tsv,FROZEN_DESIGN_DATA_MISSING restore general-purpose single-char base lexicon,false,true
桨,桨,1,single_char,base,,jiang,jiang3,common-standard-level-1+pinyin-data,docs/pinyin-v2/import/single_char_dictionary.tsv,FROZEN_DESIGN_DATA_MISSING restore general-purpose single-char base lexicon,false,true
浆,浆,1,single_char,base,,jiang,jiang1,common-standard-level-1+pinyin-data,docs/pinyin-v2/import/single_char_dictionary.tsv,FROZEN_DESIGN_DATA_MISSING restore general-purpose single-char base lexicon,false,true
衰,衰,1,single_char,base,,shuai,shuai1,common-standard-level-1+pinyin-data,docs/pinyin-v2/import/single_char_dictionary.tsv,FROZEN_DESIGN_DATA_MISSING restore general-purpose single-char base lexicon,false,true
衷,衷,1,single_char,base,,zhong,zhong1,common-standard-level-1+pinyin-data,docs/pinyin-v2/import/single_char_dictionary.tsv,FROZEN_DESIGN_DATA_MISSING restore general-purpose single-char base lexicon,false,true
高,高,1,single_char,base,,gao,gao1,common-standard-level-1+pinyin-data,docs/pinyin-v2/import/single_char_dictionary.tsv,FROZEN_DESIGN_DATA_MISSING restore general-purpose single-char base lexicon,false,true
郭,郭,1,single_char,base,,guo,guo1,common-standard-level-1+pinyin-data,docs/pinyin-v2/import/single_char_dictionary.tsv,FROZEN_DESIGN_DATA_MISSING restore general-purpose single-char base lexicon,false,true
席,席,1,single_char,base,,xi,xi2,common-standard-level-1+pinyin-data,docs/pinyin-v2/import/single_char_dictionary.tsv,FROZEN_DESIGN_DATA_MISSING restore general-purpose single-char base lexicon,false,true
准,准,1,single_char,base,,zhun,zhun3,common-standard-level-1+pinyin-data,docs/pinyin-v2/import/single_char_dictionary.tsv,FROZEN_DESIGN_DATA_MISSING restore general-purpose single-char base lexicon,false,true
座,座,1,single_char,base,,zuo,zuo4,common-standard-level-1+pinyin-data,docs/pinyin-v2/import/single_char_dictionary.tsv,FROZEN_DESIGN_DATA_MISSING restore general-purpose single-char base lexicon,false,true
症,症,1,single_char,base,,zheng,zheng4,common-standard-level-1+pinyin-data,docs/pinyin-v2/import/single_char_dictionary.tsv,FROZEN_DESIGN_DATA_MISSING restore general-purpose single-char base lexicon,false,true
病,病,1,single_char,base,,bing,bing4,common-standard-level-1+pinyin-data,docs/pinyin-v2/import/single_char_dictionary.tsv,FROZEN_DESIGN_DATA_MISSING restore general-purpose single-char base lexicon,false,true
疾,疾,1,single_char,base,,ji,ji2,common-standard-level-1+pinyin-data,docs/pinyin-v2/import/single_char_dictionary.tsv,FROZEN_DESIGN_DATA_MISSING restore general-purpose single-char base lexicon,false,true
斋,斋,1,single_char,base,,zhai,zhai1,common-standard-level-1+pinyin-data,docs/pinyin-v2/import/single_char_dictionary.tsv,FROZEN_DESIGN_DATA_MISSING restore general-purpose single-char base lexicon,false,true
疹,疹,1,single_char,base,,zhen,zhen3,common-standard-level-1+pinyin-data,docs/pinyin-v2/import/single_char_dictionary.tsv,FROZEN_DESIGN_DATA_MISSING restore general-purpose single-char base lexicon,false,true
疼,疼,1,single_char,base,,teng,teng2,common-standard-level-1+pinyin-data,docs/pinyin-v2/import/single_char_dictionary.tsv,FROZEN_DESIGN_DATA_MISSING restore general-purpose single-char base lexicon,false,true
疲,疲,1,single_char,base,,pi,pi2,common-standard-level-1+pinyin-data,docs/pinyin-v2/import/single_char_dictionary.tsv,FROZEN_DESIGN_DATA_MISSING restore general-purpose single-char base lexicon,false,true
脊,脊,1,single_char,base,,ji,ji2,common-standard-level-1+pinyin-data,docs/pinyin-v2/import/single_char_dictionary.tsv,FROZEN_DESIGN_DATA_MISSING restore general-purpose single-char base lexicon,false,true
效,效,1,single_char,base,,xiao,xiao4,common-standard-level-1+pinyin-data,docs/pinyin-v2/import/single_char_dictionary.tsv,FROZEN_DESIGN_DATA_MISSING restore general-purpose single-char base lexicon,false,true
离,离,1,single_char,base,,li,li2,common-standard-level-1+pinyin-data,docs/pinyin-v2/import/single_char_dictionary.tsv,FROZEN_DESIGN_DATA_MISSING restore general-purpose single-char base lexicon,false,true
紊,紊,1,single_char,base,,wen,wen3,common-standard-level-1+pinyin-data,docs/pinyin-v2/import/single_char_dictionary.tsv,FROZEN_DESIGN_DATA_MISSING restore general-purpose single-char base lexicon,false,true
唐,唐,1,single_char,base,,tang,tang2,common-standard-level-1+pinyin-data,docs/pinyin-v2/import/single_char_dictionary.tsv,FROZEN_DESIGN_DATA_MISSING restore general-purpose single-char base lexicon,false,true
瓷,瓷,1,single_char,base,,ci,ci2,common-standard-level-1+pinyin-data,docs/pinyin-v2/import/single_char_dictionary.tsv,FROZEN_DESIGN_DATA_MISSING restore general-purpose single-char base lexicon,false,true
资,资,1,single_char,base,,zi,zi1,common-standard-level-1+pinyin-data,docs/pinyin-v2/import/single_char_dictionary.tsv,FROZEN_DESIGN_DATA_MISSING restore general-purpose single-char base lexicon,false,true
凉,凉,1,single_char,base,,liang,liang2,common-standard-level-1+pinyin-data,docs/pinyin-v2/import/single_char_dictionary.tsv,FROZEN_DESIGN_DATA_MISSING restore general-purpose single-char base lexicon,false,true
站,站,1,single_char,base,,zhan,zhan4,common-standard-level-1+pinyin-data,docs/pinyin-v2/import/single_char_dictionary.tsv,FROZEN_DESIGN_DATA_MISSING restore general-purpose single-char base lexicon,false,true
剖,剖,1,single_char,base,,pou,pou1,common-standard-level-1+pinyin-data,docs/pinyin-v2/import/single_char_dictionary.tsv,FROZEN_DESIGN_DATA_MISSING restore general-purpose single-char base lexicon,false,true
竞,竞,1,single_char,base,,jing,jing4,common-standard-level-1+pinyin-data,docs/pinyin-v2/import/single_char_dictionary.tsv,FROZEN_DESIGN_DATA_MISSING restore general-purpose single-char base lexicon,false,true
部,部,1,single_char,base,,bu,bu4,common-standard-level-1+pinyin-data,docs/pinyin-v2/import/single_char_dictionary.tsv,FROZEN_DESIGN_DATA_MISSING restore general-purpose single-char base lexicon,false,true
旁,旁,1,single_char,base,,pang,pang2,common-standard-level-1+pinyin-data,docs/pinyin-v2/import/single_char_dictionary.tsv,FROZEN_DESIGN_DATA_MISSING restore general-purpose single-char base lexicon,false,true
旅,旅,1,single_char,base,,lv,lv3,common-standard-level-1+pinyin-data,docs/pinyin-v2/import/single_char_dictionary.tsv,FROZEN_DESIGN_DATA_MISSING restore general-purpose single-char base lexicon,false,true
畜,畜,1,single_char,base,,chu,chu4,common-standard-level-1+pinyin-data,docs/pinyin-v2/import/single_char_dictionary.tsv,FROZEN_DESIGN_DATA_MISSING restore general-purpose single-char base lexicon,false,true
阅,阅,1,single_char,base,,yue,yue4,common-standard-level-1+pinyin-data,docs/pinyin-v2/import/single_char_dictionary.tsv,FROZEN_DESIGN_DATA_MISSING restore general-purpose single-char base lexicon,false,true
羞,羞,1,single_char,base,,xiu,xiu1,common-standard-level-1+pinyin-data,docs/pinyin-v2/import/single_char_dictionary.tsv,FROZEN_DESIGN_DATA_MISSING restore general-purpose single-char base lexicon,false,true
羔,羔,1,single_char,base,,gao,gao1,common-standard-level-1+pinyin-data,docs/pinyin-v2/import/single_char_dictionary.tsv,FROZEN_DESIGN_DATA_MISSING restore general-purpose single-char base lexicon,false,true
瓶,瓶,1,single_char,base,,ping,ping2,common-standard-level-1+pinyin-data,docs/pinyin-v2/import/single_char_dictionary.tsv,FROZEN_DESIGN_DATA_MISSING restore general-purpose single-char base lexicon,false,true
拳,拳,1,single_char,base,,quan,quan2,common-standard-level-1+pinyin-data,docs/pinyin-v2/import/single_char_dictionary.tsv,FROZEN_DESIGN_DATA_MISSING restore general-purpose single-char base lexicon,false,true
粉,粉,1,single_char,base,,fen,fen3,common-standard-level-1+pinyin-data,docs/pinyin-v2/import/single_char_dictionary.tsv,FROZEN_DESIGN_DATA_MISSING restore general-purpose single-char base lexicon,false,true
料,料,1,single_char,base,,liao,liao4,common-standard-level-1+pinyin-data,docs/pinyin-v2/import/single_char_dictionary.tsv,FROZEN_DESIGN_DATA_MISSING restore general-purpose single-char base lexicon,false,true
益,益,1,single_char,base,,yi,yi4,common-standard-level-1+pinyin-data,docs/pinyin-v2/import/single_char_dictionary.tsv,FROZEN_DESIGN_DATA_MISSING restore general-purpose single-char base lexicon,false,true
兼,兼,1,single_char,base,,jian,jian1,common-standard-level-1+pinyin-data,docs/pinyin-v2/import/single_char_dictionary.tsv,FROZEN_DESIGN_DATA_MISSING restore general-purpose single-char base lexicon,false,true
烤,烤,1,single_char,base,,kao,kao3,common-standard-level-1+pinyin-data,docs/pinyin-v2/import/single_char_dictionary.tsv,FROZEN_DESIGN_DATA_MISSING restore general-purpose single-char base lexicon,false,true
烘,烘,1,single_char,base,,hong,hong1,common-standard-level-1+pinyin-data,docs/pinyin-v2/import/single_char_dictionary.tsv,FROZEN_DESIGN_DATA_MISSING restore general-purpose single-char base lexicon,false,true
烦,烦,1,single_char,base,,fan,fan2,common-standard-level-1+pinyin-data,docs/pinyin-v2/import/single_char_dictionary.tsv,FROZEN_DESIGN_DATA_MISSING restore general-purpose single-char base lexicon,false,true
烧,烧,1,single_char,base,,shao,shao1,common-standard-level-1+pinyin-data,docs/pinyin-v2/import/single_char_dictionary.tsv,FROZEN_DESIGN_DATA_MISSING restore general-purpose single-char base lexicon,true,true
烛,烛,1,single_char,base,,zhu,zhu2,common-standard-level-1+pinyin-data,docs/pinyin-v2/import/single_char_dictionary.tsv,FROZEN_DESIGN_DATA_MISSING restore general-purpose single-char base lexicon,false,true
烟,烟,1,single_char,base,,yan,yan1,common-standard-level-1+pinyin-data,docs/pinyin-v2/import/single_char_dictionary.tsv,FROZEN_DESIGN_DATA_MISSING restore general-purpose single-char base lexicon,false,true
烙,烙,1,single_char,base,,lao,lao4,common-standard-level-1+pinyin-data,docs/pinyin-v2/import/single_char_dictionary.tsv,FROZEN_DESIGN_DATA_MISSING restore general-purpose single-char base lexicon,false,true
递,递,1,single_char,base,,di,di4,common-standard-level-1+pinyin-data,docs/pinyin-v2/import/single_char_dictionary.tsv,FROZEN_DESIGN_DATA_MISSING restore general-purpose single-char base lexicon,false,true
涛,涛,1,single_char,base,,tao,tao1,common-standard-level-1+pinyin-data,docs/pinyin-v2/import/single_char_dictionary.tsv,FROZEN_DESIGN_DATA_MISSING restore general-purpose single-char base lexicon,false,true
浙,浙,1,single_char,base,,zhe,zhe4,common-standard-level-1+pinyin-data,docs/pinyin-v2/import/single_char_dictionary.tsv,FROZEN_DESIGN_DATA_MISSING restore general-purpose single-char base lexicon,false,true
涝,涝,1,single_char,base,,lao,lao4,common-standard-level-1+pinyin-data,docs/pinyin-v2/import/single_char_dictionary.tsv,FROZEN_DESIGN_DATA_MISSING restore general-purpose single-char base lexicon,false,true
浦,浦,1,single_char,base,,pu,pu3,common-standard-level-1+pinyin-data,docs/pinyin-v2/import/single_char_dictionary.tsv,FROZEN_DESIGN_DATA_MISSING restore general-purpose single-char base lexicon,false,true
酒,酒,1,single_char,base,,jiu,jiu3,common-standard-level-1+pinyin-data,docs/pinyin-v2/import/single_char_dictionary.tsv,FROZEN_DESIGN_DATA_MISSING restore general-purpose single-char base lexicon,false,true
涉,涉,1,single_char,base,,she,she4,common-standard-level-1+pinyin-data,docs/pinyin-v2/import/single_char_dictionary.tsv,FROZEN_DESIGN_DATA_MISSING restore general-purpose single-char base lexicon,false,true
消,消,1,single_char,base,,xiao,xiao1,common-standard-level-1+pinyin-data,docs/pinyin-v2/import/single_char_dictionary.tsv,FROZEN_DESIGN_DATA_MISSING restore general-purpose single-char base lexicon,false,true
涡,涡,1,single_char,base,,wo,wo1,common-standard-level-1+pinyin-data,docs/pinyin-v2/import/single_char_dictionary.tsv,FROZEN_DESIGN_DATA_MISSING restore general-purpose single-char base lexicon,false,true
浩,浩,1,single_char,base,,hao,hao4,common-standard-level-1+pinyin-data,docs/pinyin-v2/import/single_char_dictionary.tsv,FROZEN_DESIGN_DATA_MISSING restore general-purpose single-char base lexicon,false,true
海,海,1,single_char,base,,hai,hai3,common-standard-level-1+pinyin-data,docs/pinyin-v2/import/single_char_dictionary.tsv,FROZEN_DESIGN_DATA_MISSING restore general-purpose single-char base lexicon,false,true
涂,涂,1,single_char,base,,tu,tu2,common-standard-level-1+pinyin-data,docs/pinyin-v2/import/single_char_dictionary.tsv,FROZEN_DESIGN_DATA_MISSING restore general-purpose single-char base lexicon,false,true
浴,浴,1,single_char,base,,yu,yu4,common-standard-level-1+pinyin-data,docs/pinyin-v2/import/single_char_dictionary.tsv,FROZEN_DESIGN_DATA_MISSING restore general-purpose single-char base lexicon,false,true
浮,浮,1,single_char,base,,fu,fu2,common-standard-level-1+pinyin-data,docs/pinyin-v2/import/single_char_dictionary.tsv,FROZEN_DESIGN_DATA_MISSING restore general-purpose single-char base lexicon,false,true
涣,涣,1,single_char,base,,huan,huan4,common-standard-level-1+pinyin-data,docs/pinyin-v2/import/single_char_dictionary.tsv,FROZEN_DESIGN_DATA_MISSING restore general-purpose single-char base lexicon,false,true
涤,涤,1,single_char,base,,di,di2,common-standard-level-1+pinyin-data,docs/pinyin-v2/import/single_char_dictionary.tsv,FROZEN_DESIGN_DATA_MISSING restore general-purpose single-char base lexicon,false,true
流,流,1,single_char,base,,liu,liu2,common-standard-level-1+pinyin-data,docs/pinyin-v2/import/single_char_dictionary.tsv,FROZEN_DESIGN_DATA_MISSING restore general-purpose single-char base lexicon,false,true
润,润,1,single_char,base,,run,run4,common-standard-level-1+pinyin-data,docs/pinyin-v2/import/single_char_dictionary.tsv,FROZEN_DESIGN_DATA_MISSING restore general-purpose single-char base lexicon,false,true
涧,涧,1,single_char,base,,jian,jian4,common-standard-level-1+pinyin-data,docs/pinyin-v2/import/single_char_dictionary.tsv,FROZEN_DESIGN_DATA_MISSING restore general-purpose single-char base lexicon,false,true
涕,涕,1,single_char,base,,ti,ti4,common-standard-level-1+pinyin-data,docs/pinyin-v2/import/single_char_dictionary.tsv,FROZEN_DESIGN_DATA_MISSING restore general-purpose single-char base lexicon,false,true
浪,浪,1,single_char,base,,lang,lang4,common-standard-level-1+pinyin-data,docs/pinyin-v2/import/single_char_dictionary.tsv,FROZEN_DESIGN_DATA_MISSING restore general-purpose single-char base lexicon,false,true
浸,浸,1,single_char,base,,jin,jin4,common-standard-level-1+pinyin-data,docs/pinyin-v2/import/single_char_dictionary.tsv,FROZEN_DESIGN_DATA_MISSING restore general-purpose single-char base lexicon,false,true
涨,涨,1,single_char,base,,zhang,zhang3,common-standard-level-1+pinyin-data,docs/pinyin-v2/import/single_char_dictionary.tsv,FROZEN_DESIGN_DATA_MISSING restore general-purpose single-char base lexicon,false,true
烫,烫,1,single_char,base,,tang,tang4,common-standard-level-1+pinyin-data,docs/pinyin-v2/import/single_char_dictionary.tsv,FROZEN_DESIGN_DATA_MISSING restore general-purpose single-char base lexicon,false,true
涩,涩,1,single_char,base,,se,se4,common-standard-level-1+pinyin-data,docs/pinyin-v2/import/single_char_dictionary.tsv,FROZEN_DESIGN_DATA_MISSING restore general-purpose single-char base lexicon,false,true
涌,涌,1,single_char,base,,yong,yong3,common-standard-level-1+pinyin-data,docs/pinyin-v2/import/single_char_dictionary.tsv,FROZEN_DESIGN_DATA_MISSING restore general-purpose single-char base lexicon,false,true
悖,悖,1,single_char,base,,bei,bei4,common-standard-level-1+pinyin-data,docs/pinyin-v2/import/single_char_dictionary.tsv,FROZEN_DESIGN_DATA_MISSING restore general-purpose single-char base lexicon,false,true
悟,悟,1,single_char,base,,wu,wu4,common-standard-level-1+pinyin-data,docs/pinyin-v2/import/single_char_dictionary.tsv,FROZEN_DESIGN_DATA_MISSING restore general-purpose single-char base lexicon,false,true
悄,悄,1,single_char,base,,qiao,qiao1,common-standard-level-1+pinyin-data,docs/pinyin-v2/import/single_char_dictionary.tsv,FROZEN_DESIGN_DATA_MISSING restore general-purpose single-char base lexicon,false,true
悍,悍,1,single_char,base,,han,han4,common-standard-level-1+pinyin-data,docs/pinyin-v2/import/single_char_dictionary.tsv,FROZEN_DESIGN_DATA_MISSING restore general-purpose single-char base lexicon,false,true
悔,悔,1,single_char,base,,hui,hui3,common-standard-level-1+pinyin-data,docs/pinyin-v2/import/single_char_dictionary.tsv,FROZEN_DESIGN_DATA_MISSING restore general-purpose single-char base lexicon,false,true
悯,悯,1,single_char,base,,min,min3,common-standard-level-1+pinyin-data,docs/pinyin-v2/import/single_char_dictionary.tsv,FROZEN_DESIGN_DATA_MISSING restore general-purpose single-char base lexicon,false,true
悦,悦,1,single_char,base,,yue,yue4,common-standard-level-1+pinyin-data,docs/pinyin-v2/import/single_char_dictionary.tsv,FROZEN_DESIGN_DATA_MISSING restore general-purpose single-char base lexicon,false,true
害,害,1,single_char,base,,hai,hai4,common-standard-level-1+pinyin-data,docs/pinyin-v2/import/single_char_dictionary.tsv,FROZEN_DESIGN_DATA_MISSING restore general-purpose single-char base lexicon,false,true
宽,宽,1,single_char,base,,kuan,kuan1,common-standard-level-1+pinyin-data,docs/pinyin-v2/import/single_char_dictionary.tsv,FROZEN_DESIGN_DATA_MISSING restore general-purpose single-char base lexicon,false,true
家,家,1,single_char,base,,jia,jia1,common-standard-level-1+pinyin-data,docs/pinyin-v2/import/single_char_dictionary.tsv,FROZEN_DESIGN_DATA_MISSING restore general-purpose single-char base lexicon,false,true
宵,宵,1,single_char,base,,xiao,xiao1,common-standard-level-1+pinyin-data,docs/pinyin-v2/import/single_char_dictionary.tsv,FROZEN_DESIGN_DATA_MISSING restore general-purpose single-char base lexicon,false,true
宴,宴,1,single_char,base,,yan,yan4,common-standard-level-1+pinyin-data,docs/pinyin-v2/import/single_char_dictionary.tsv,FROZEN_DESIGN_DATA_MISSING restore general-purpose single-char base lexicon,false,true
宾,宾,1,single_char,base,,bin,bin1,common-standard-level-1+pinyin-data,docs/pinyin-v2/import/single_char_dictionary.tsv,FROZEN_DESIGN_DATA_MISSING restore general-purpose single-char base lexicon,false,true
窍,窍,1,single_char,base,,qiao,qiao4,common-standard-level-1+pinyin-data,docs/pinyin-v2/import/single_char_dictionary.tsv,FROZEN_DESIGN_DATA_MISSING restore general-purpose single-char base lexicon,false,true
窄,窄,1,single_char,base,,zhai,zhai3,common-standard-level-1+pinyin-data,docs/pinyin-v2/import/single_char_dictionary.tsv,FROZEN_DESIGN_DATA_MISSING restore general-purpose single-char base lexicon,false,true
容,容,1,single_char,base,,rong,rong2,common-standard-level-1+pinyin-data,docs/pinyin-v2/import/single_char_dictionary.tsv,FROZEN_DESIGN_DATA_MISSING restore general-purpose single-char base lexicon,false,true
宰,宰,1,single_char,base,,zai,zai3,common-standard-level-1+pinyin-data,docs/pinyin-v2/import/single_char_dictionary.tsv,FROZEN_DESIGN_DATA_MISSING restore general-purpose single-char base lexicon,false,true
案,案,1,single_char,base,,an,an4,common-standard-level-1+pinyin-data,docs/pinyin-v2/import/single_char_dictionary.tsv,FROZEN_DESIGN_DATA_MISSING restore general-purpose single-char base lexicon,false,true
请,请,1,single_char,base,,qing,qing3,common-standard-level-1+pinyin-data,docs/pinyin-v2/import/single_char_dictionary.tsv,FROZEN_DESIGN_DATA_MISSING restore general-purpose single-char base lexicon,false,true
朗,朗,1,single_char,base,,lang,lang3,common-standard-level-1+pinyin-data,docs/pinyin-v2/import/single_char_dictionary.tsv,FROZEN_DESIGN_DATA_MISSING restore general-purpose single-char base lexicon,false,true
诸,诸,1,single_char,base,,zhu,zhu1,common-standard-level-1+pinyin-data,docs/pinyin-v2/import/single_char_dictionary.tsv,FROZEN_DESIGN_DATA_MISSING restore general-purpose single-char base lexicon,false,true
诺,诺,1,single_char,base,,nuo,nuo4,common-standard-level-1+pinyin-data,docs/pinyin-v2/import/single_char_dictionary.tsv,FROZEN_DESIGN_DATA_MISSING restore general-purpose single-char base lexicon,false,true
读,读,1,single_char,base,,du,du2,common-standard-level-1+pinyin-data,docs/pinyin-v2/import/single_char_dictionary.tsv,FROZEN_DESIGN_DATA_MISSING restore general-purpose single-char base lexicon,false,true
扇,扇,1,single_char,base,,shan,shan4,common-standard-level-1+pinyin-data,docs/pinyin-v2/import/single_char_dictionary.tsv,FROZEN_DESIGN_DATA_MISSING restore general-purpose single-char base lexicon,false,true
诽,诽,1,single_char,base,,fei,fei3,common-standard-level-1+pinyin-data,docs/pinyin-v2/import/single_char_dictionary.tsv,FROZEN_DESIGN_DATA_MISSING restore general-purpose single-char base lexicon,false,true
袜,袜,1,single_char,base,,wa,wa4,common-standard-level-1+pinyin-data,docs/pinyin-v2/import/single_char_dictionary.tsv,FROZEN_DESIGN_DATA_MISSING restore general-purpose single-char base lexicon,false,true
袖,袖,1,single_char,base,,xiu,xiu4,common-standard-level-1+pinyin-data,docs/pinyin-v2/import/single_char_dictionary.tsv,FROZEN_DESIGN_DATA_MISSING restore general-purpose single-char base lexicon,false,true
袍,袍,1,single_char,base,,pao,pao2,common-standard-level-1+pinyin-data,docs/pinyin-v2/import/single_char_dictionary.tsv,FROZEN_DESIGN_DATA_MISSING restore general-purpose single-char base lexicon,false,true
被,被,1,single_char,base,,bei,bei4,common-standard-level-1+pinyin-data,docs/pinyin-v2/import/single_char_dictionary.tsv,FROZEN_DESIGN_DATA_MISSING restore general-purpose single-char base lexicon,false,true
祥,祥,1,single_char,base,,xiang,xiang2,common-standard-level-1+pinyin-data,docs/pinyin-v2/import/single_char_dictionary.tsv,FROZEN_DESIGN_DATA_MISSING restore general-purpose single-char base lexicon,false,true
课,课,1,single_char,base,,ke,ke4,common-standard-level-1+pinyin-data,docs/pinyin-v2/import/single_char_dictionary.tsv,FROZEN_DESIGN_DATA_MISSING restore general-purpose single-char base lexicon,true,true
冥,冥,1,single_char,base,,ming,ming2,common-standard-level-1+pinyin-data,docs/pinyin-v2/import/single_char_dictionary.tsv,FROZEN_DESIGN_DATA_MISSING restore general-purpose single-char base lexicon,false,true
谁,谁,1,single_char,base,,shui,shui2,common-standard-level-1+pinyin-data,docs/pinyin-v2/import/single_char_dictionary.tsv,FROZEN_DESIGN_DATA_MISSING restore general-purpose single-char base lexicon,false,true
调,调,1,single_char,base,,diao,diao4,common-standard-level-1+pinyin-data,docs/pinyin-v2/import/single_char_dictionary.tsv,FROZEN_DESIGN_DATA_MISSING restore general-purpose single-char base lexicon,false,true
冤,冤,1,single_char,base,,yuan,yuan1,common-standard-level-1+pinyin-data,docs/pinyin-v2/import/single_char_dictionary.tsv,FROZEN_DESIGN_DATA_MISSING restore general-purpose single-char base lexicon,false,true
谅,谅,1,single_char,base,,liang,liang4,common-standard-level-1+pinyin-data,docs/pinyin-v2/import/single_char_dictionary.tsv,FROZEN_DESIGN_DATA_MISSING restore general-purpose single-char base lexicon,false,true
谆,谆,1,single_char,base,,zhun,zhun1,common-standard-level-1+pinyin-data,docs/pinyin-v2/import/single_char_dictionary.tsv,FROZEN_DESIGN_DATA_MISSING restore general-purpose single-char base lexicon,false,true
谈,谈,1,single_char,base,,tan,tan2,common-standard-level-1+pinyin-data,docs/pinyin-v2/import/single_char_dictionary.tsv,FROZEN_DESIGN_DATA_MISSING restore general-purpose single-char base lexicon,false,true
谊,谊,1,single_char,base,,yi,yi4,common-standard-level-1+pinyin-data,docs/pinyin-v2/import/single_char_dictionary.tsv,FROZEN_DESIGN_DATA_MISSING restore general-purpose single-char base lexicon,false,true
剥,剥,1,single_char,base,,bo,bo1,common-standard-level-1+pinyin-data,docs/pinyin-v2/import/single_char_dictionary.tsv,FROZEN_DESIGN_DATA_MISSING restore general-purpose single-char base lexicon,false,true
恳,恳,1,single_char,base,,ken,ken3,common-standard-level-1+pinyin-data,docs/pinyin-v2/import/single_char_dictionary.tsv,FROZEN_DESIGN_DATA_MISSING restore general-purpose single-char base lexicon,false,true
展,展,1,single_char,base,,zhan,zhan3,common-standard-level-1+pinyin-data,docs/pinyin-v2/import/single_char_dictionary.tsv,FROZEN_DESIGN_DATA_MISSING restore general-purpose single-char base lexicon,false,true
剧,剧,1,single_char,base,,ju,ju4,common-standard-level-1+pinyin-data,docs/pinyin-v2/import/single_char_dictionary.tsv,FROZEN_DESIGN_DATA_MISSING restore general-purpose single-char base lexicon,false,true
屑,屑,1,single_char,base,,xie,xie4,common-standard-level-1+pinyin-data,docs/pinyin-v2/import/single_char_dictionary.tsv,FROZEN_DESIGN_DATA_MISSING restore general-purpose single-char base lexicon,false,true
弱,弱,1,single_char,base,,ruo,ruo4,common-standard-level-1+pinyin-data,docs/pinyin-v2/import/single_char_dictionary.tsv,FROZEN_DESIGN_DATA_MISSING restore general-purpose single-char base lexicon,false,true
陵,陵,1,single_char,base,,ling,ling2,common-standard-level-1+pinyin-data,docs/pinyin-v2/import/single_char_dictionary.tsv,FROZEN_DESIGN_DATA_MISSING restore general-purpose single-char base lexicon,false,true
祟,祟,1,single_char,base,,sui,sui4,common-standard-level-1+pinyin-data,docs/pinyin-v2/import/single_char_dictionary.tsv,FROZEN_DESIGN_DATA_MISSING restore general-purpose single-char base lexicon,false,true
陶,陶,1,single_char,base,,tao,tao2,common-standard-level-1+pinyin-data,docs/pinyin-v2/import/single_char_dictionary.tsv,FROZEN_DESIGN_DATA_MISSING restore general-purpose single-char base lexicon,false,true
陷,陷,1,single_char,base,,xian,xian4,common-standard-level-1+pinyin-data,docs/pinyin-v2/import/single_char_dictionary.tsv,FROZEN_DESIGN_DATA_MISSING restore general-purpose single-char base lexicon,false,true
陪,陪,1,single_char,base,,pei,pei2,common-standard-level-1+pinyin-data,docs/pinyin-v2/import/single_char_dictionary.tsv,FROZEN_DESIGN_DATA_MISSING restore general-purpose single-char base lexicon,false,true
娱,娱,1,single_char,base,,yu,yu2,common-standard-level-1+pinyin-data,docs/pinyin-v2/import/single_char_dictionary.tsv,FROZEN_DESIGN_DATA_MISSING restore general-purpose single-char base lexicon,false,true
娟,娟,1,single_char,base,,juan,juan1,common-standard-level-1+pinyin-data,docs/pinyin-v2/import/single_char_dictionary.tsv,FROZEN_DESIGN_DATA_MISSING restore general-purpose single-char base lexicon,false,true
恕,恕,1,single_char,base,,shu,shu4,common-standard-level-1+pinyin-data,docs/pinyin-v2/import/single_char_dictionary.tsv,FROZEN_DESIGN_DATA_MISSING restore general-purpose single-char base lexicon,false,true
娥,娥,1,single_char,base,,e,e2,common-standard-level-1+pinyin-data,docs/pinyin-v2/import/single_char_dictionary.tsv,FROZEN_DESIGN_DATA_MISSING restore general-purpose single-char base lexicon,false,true
娘,娘,1,single_char,base,,niang,niang2,common-standard-level-1+pinyin-data,docs/pinyin-v2/import/single_char_dictionary.tsv,FROZEN_DESIGN_DATA_MISSING restore general-purpose single-char base lexicon,false,true
通,通,1,single_char,base,,tong,tong1,common-standard-level-1+pinyin-data,docs/pinyin-v2/import/single_char_dictionary.tsv,FROZEN_DESIGN_DATA_MISSING restore general-purpose single-char base lexicon,false,true
能,能,1,single_char,base,,neng,neng2,common-standard-level-1+pinyin-data,docs/pinyin-v2/import/single_char_dictionary.tsv,FROZEN_DESIGN_DATA_MISSING restore general-purpose single-char base lexicon,false,true
难,难,1,single_char,base,,nan,nan2,common-standard-level-1+pinyin-data,docs/pinyin-v2/import/single_char_dictionary.tsv,FROZEN_DESIGN_DATA_MISSING restore general-purpose single-char base lexicon,false,true
预,预,1,single_char,base,,yu,yu4,common-standard-level-1+pinyin-data,docs/pinyin-v2/import/single_char_dictionary.tsv,FROZEN_DESIGN_DATA_MISSING restore general-purpose single-char base lexicon,false,true
桑,桑,1,single_char,base,,sang,sang1,common-standard-level-1+pinyin-data,docs/pinyin-v2/import/single_char_dictionary.tsv,FROZEN_DESIGN_DATA_MISSING restore general-purpose single-char base lexicon,false,true
绢,绢,1,single_char,base,,juan,juan4,common-standard-level-1+pinyin-data,docs/pinyin-v2/import/single_char_dictionary.tsv,FROZEN_DESIGN_DATA_MISSING restore general-purpose single-char base lexicon,false,true
绣,绣,1,single_char,base,,xiu,xiu4,common-standard-level-1+pinyin-data,docs/pinyin-v2/import/single_char_dictionary.tsv,FROZEN_DESIGN_DATA_MISSING restore general-purpose single-char base lexicon,false,true
验,验,1,single_char,base,,yan,yan4,common-standard-level-1+pinyin-data,docs/pinyin-v2/import/single_char_dictionary.tsv,FROZEN_DESIGN_DATA_MISSING restore general-purpose single-char base lexicon,false,true
继,继,1,single_char,base,,ji,ji4,common-standard-level-1+pinyin-data,docs/pinyin-v2/import/single_char_dictionary.tsv,FROZEN_DESIGN_DATA_MISSING restore general-purpose single-char base lexicon,false,true
骏,骏,1,single_char,base,,jun,jun4,common-standard-level-1+pinyin-data,docs/pinyin-v2/import/single_char_dictionary.tsv,FROZEN_DESIGN_DATA_MISSING restore general-purpose single-char base lexicon,false,true
球,球,1,single_char,base,,qiu,qiu2,common-standard-level-1+pinyin-data,docs/pinyin-v2/import/single_char_dictionary.tsv,FROZEN_DESIGN_DATA_MISSING restore general-purpose single-char base lexicon,false,true
琐,琐,1,single_char,base,,suo,suo3,common-standard-level-1+pinyin-data,docs/pinyin-v2/import/single_char_dictionary.tsv,FROZEN_DESIGN_DATA_MISSING restore general-purpose single-char base lexicon,false,true
理,理,1,single_char,base,,li,li3,common-standard-level-1+pinyin-data,docs/pinyin-v2/import/single_char_dictionary.tsv,FROZEN_DESIGN_DATA_MISSING restore general-purpose single-char base lexicon,false,true
琉,琉,1,single_char,base,,liu,liu2,common-standard-level-1+pinyin-data,docs/pinyin-v2/import/single_char_dictionary.tsv,FROZEN_DESIGN_DATA_MISSING restore general-purpose single-char base lexicon,false,true
琅,琅,1,single_char,base,,lang,lang2,common-standard-level-1+pinyin-data,docs/pinyin-v2/import/single_char_dictionary.tsv,FROZEN_DESIGN_DATA_MISSING restore general-purpose single-char base lexicon,false,true
捧,捧,1,single_char,base,,peng,peng3,common-standard-level-1+pinyin-data,docs/pinyin-v2/import/single_char_dictionary.tsv,FROZEN_DESIGN_DATA_MISSING restore general-purpose single-char base lexicon,false,true
堵,堵,1,single_char,base,,du,du3,common-standard-level-1+pinyin-data,docs/pinyin-v2/import/single_char_dictionary.tsv,FROZEN_DESIGN_DATA_MISSING restore general-purpose single-char base lexicon,true,true
措,措,1,single_char,base,,cuo,cuo4,common-standard-level-1+pinyin-data,docs/pinyin-v2/import/single_char_dictionary.tsv,FROZEN_DESIGN_DATA_MISSING restore general-purpose single-char base lexicon,false,true
描,描,1,single_char,base,,miao,miao2,common-standard-level-1+pinyin-data,docs/pinyin-v2/import/single_char_dictionary.tsv,FROZEN_DESIGN_DATA_MISSING restore general-purpose single-char base lexicon,false,true
域,域,1,single_char,base,,yu,yu4,common-standard-level-1+pinyin-data,docs/pinyin-v2/import/single_char_dictionary.tsv,FROZEN_DESIGN_DATA_MISSING restore general-purpose single-char base lexicon,false,true
捺,捺,1,single_char,base,,na,na4,common-standard-level-1+pinyin-data,docs/pinyin-v2/import/single_char_dictionary.tsv,FROZEN_DESIGN_DATA_MISSING restore general-purpose single-char base lexicon,false,true
掩,掩,1,single_char,base,,yan,yan3,common-standard-level-1+pinyin-data,docs/pinyin-v2/import/single_char_dictionary.tsv,FROZEN_DESIGN_DATA_MISSING restore general-purpose single-char base lexicon,false,true
捷,捷,1,single_char,base,,jie,jie2,common-standard-level-1+pinyin-data,docs/pinyin-v2/import/single_char_dictionary.tsv,FROZEN_DESIGN_DATA_MISSING restore general-purpose single-char base lexicon,false,true
排,排,1,single_char,base,,pai,pai2,common-standard-level-1+pinyin-data,docs/pinyin-v2/import/single_char_dictionary.tsv,FROZEN_DESIGN_DATA_MISSING restore general-purpose single-char base lexicon,false,true
焉,焉,1,single_char,base,,yan,yan1,common-standard-level-1+pinyin-data,docs/pinyin-v2/import/single_char_dictionary.tsv,FROZEN_DESIGN_DATA_MISSING restore general-purpose single-char base lexicon,false,true
掉,掉,1,single_char,base,,diao,diao4,common-standard-level-1+pinyin-data,docs/pinyin-v2/import/single_char_dictionary.tsv,FROZEN_DESIGN_DATA_MISSING restore general-purpose single-char base lexicon,false,true
捶,捶,1,single_char,base,,chui,chui2,common-standard-level-1+pinyin-data,docs/pinyin-v2/import/single_char_dictionary.tsv,FROZEN_DESIGN_DATA_MISSING restore general-purpose single-char base lexicon,false,true
赦,赦,1,single_char,base,,she,she4,common-standard-level-1+pinyin-data,docs/pinyin-v2/import/single_char_dictionary.tsv,FROZEN_DESIGN_DATA_MISSING restore general-purpose single-char base lexicon,false,true
堆,堆,1,single_char,base,,dui,dui1,common-standard-level-1+pinyin-data,docs/pinyin-v2/import/single_char_dictionary.tsv,FROZEN_DESIGN_DATA_MISSING restore general-purpose single-char base lexicon,false,true
推,推,1,single_char,base,,tui,tui1,common-standard-level-1+pinyin-data,docs/pinyin-v2/import/single_char_dictionary.tsv,FROZEN_DESIGN_DATA_MISSING restore general-purpose single-char base lexicon,false,true
埠,埠,1,single_char,base,,bu,bu4,common-standard-level-1+pinyin-data,docs/pinyin-v2/import/single_char_dictionary.tsv,FROZEN_DESIGN_DATA_MISSING restore general-purpose single-char base lexicon,false,true
掀,掀,1,single_char,base,,xian,xian1,common-standard-level-1+pinyin-data,docs/pinyin-v2/import/single_char_dictionary.tsv,FROZEN_DESIGN_DATA_MISSING restore general-purpose single-char base lexicon,false,true
授,授,1,single_char,base,,shou,shou4,common-standard-level-1+pinyin-data,docs/pinyin-v2/import/single_char_dictionary.tsv,FROZEN_DESIGN_DATA_MISSING restore general-purpose single-char base lexicon,false,true
捻,捻,1,single_char,base,,nian,nian3,common-standard-level-1+pinyin-data,docs/pinyin-v2/import/single_char_dictionary.tsv,FROZEN_DESIGN_DATA_MISSING restore general-purpose single-char base lexicon,false,true
教,教,1,single_char,base,,jiao,jiao4,common-standard-level-1+pinyin-data,docs/pinyin-v2/import/single_char_dictionary.tsv,FROZEN_DESIGN_DATA_MISSING restore general-purpose single-char base lexicon,false,true
掏,掏,1,single_char,base,,tao,tao1,common-standard-level-1+pinyin-data,docs/pinyin-v2/import/single_char_dictionary.tsv,FROZEN_DESIGN_DATA_MISSING restore general-purpose single-char base lexicon,false,true
掐,掐,1,single_char,base,,qia,qia1,common-standard-level-1+pinyin-data,docs/pinyin-v2/import/single_char_dictionary.tsv,FROZEN_DESIGN_DATA_MISSING restore general-purpose single-char base lexicon,false,true
掠,掠,1,single_char,base,,lve,lve4,common-standard-level-1+pinyin-data,docs/pinyin-v2/import/single_char_dictionary.tsv,FROZEN_DESIGN_DATA_MISSING restore general-purpose single-char base lexicon,false,true
掂,掂,1,single_char,base,,dian,dian1,common-standard-level-1+pinyin-data,docs/pinyin-v2/import/single_char_dictionary.tsv,FROZEN_DESIGN_DATA_MISSING restore general-purpose single-char base lexicon,false,true
培,培,1,single_char,base,,pei,pei2,common-standard-level-1+pinyin-data,docs/pinyin-v2/import/single_char_dictionary.tsv,FROZEN_DESIGN_DATA_MISSING restore general-purpose single-char base lexicon,false,true
接,接,1,single_char,base,,jie,jie1,common-standard-level-1+pinyin-data,docs/pinyin-v2/import/single_char_dictionary.tsv,FROZEN_DESIGN_DATA_MISSING restore general-purpose single-char base lexicon,true,true
掷,掷,1,single_char,base,,zhi,zhi4,common-standard-level-1+pinyin-data,docs/pinyin-v2/import/single_char_dictionary.tsv,FROZEN_DESIGN_DATA_MISSING restore general-purpose single-char base lexicon,false,true
控,控,1,single_char,base,,kong,kong4,common-standard-level-1+pinyin-data,docs/pinyin-v2/import/single_char_dictionary.tsv,FROZEN_DESIGN_DATA_MISSING restore general-purpose single-char base lexicon,false,true
探,探,1,single_char,base,,tan,tan4,common-standard-level-1+pinyin-data,docs/pinyin-v2/import/single_char_dictionary.tsv,FROZEN_DESIGN_DATA_MISSING restore general-purpose single-char base lexicon,false,true
据,据,1,single_char,base,,ju,ju4,common-standard-level-1+pinyin-data,docs/pinyin-v2/import/single_char_dictionary.tsv,FROZEN_DESIGN_DATA_MISSING restore general-purpose single-char base lexicon,false,true
掘,掘,1,single_char,base,,jue,jue2,common-standard-level-1+pinyin-data,docs/pinyin-v2/import/single_char_dictionary.tsv,FROZEN_DESIGN_DATA_MISSING restore general-purpose single-char base lexicon,false,true
掺,掺,1,single_char,base,,can,can4,common-standard-level-1+pinyin-data,docs/pinyin-v2/import/single_char_dictionary.tsv,FROZEN_DESIGN_DATA_MISSING restore general-purpose single-char base lexicon,false,true
职,职,1,single_char,base,,zhi,zhi2,common-standard-level-1+pinyin-data,docs/pinyin-v2/import/single_char_dictionary.tsv,FROZEN_DESIGN_DATA_MISSING restore general-purpose single-char base lexicon,false,true
基,基,1,single_char,base,,ji,ji1,common-standard-level-1+pinyin-data,docs/pinyin-v2/import/single_char_dictionary.tsv,FROZEN_DESIGN_DATA_MISSING restore general-purpose single-char base lexicon,false,true
聆,聆,1,single_char,base,,ling,ling2,common-standard-level-1+pinyin-data,docs/pinyin-v2/import/single_char_dictionary.tsv,FROZEN_DESIGN_DATA_MISSING restore general-purpose single-char base lexicon,false,true
勘,勘,1,single_char,base,,kan,kan1,common-standard-level-1+pinyin-data,docs/pinyin-v2/import/single_char_dictionary.tsv,FROZEN_DESIGN_DATA_MISSING restore general-purpose single-char base lexicon,false,true
聊,聊,1,single_char,base,,liao,liao2,common-standard-level-1+pinyin-data,docs/pinyin-v2/import/single_char_dictionary.tsv,FROZEN_DESIGN_DATA_MISSING restore general-purpose single-char base lexicon,false,true
娶,娶,1,single_char,base,,qu,qu3,common-standard-level-1+pinyin-data,docs/pinyin-v2/import/single_char_dictionary.tsv,FROZEN_DESIGN_DATA_MISSING restore general-purpose single-char base lexicon,false,true
著,著,1,single_char,base,,zhu,zhu4,common-standard-level-1+pinyin-data,docs/pinyin-v2/import/single_char_dictionary.tsv,FROZEN_DESIGN_DATA_MISSING restore general-purpose single-char base lexicon,false,true
菱,菱,1,single_char,base,,ling,ling2,common-standard-level-1+pinyin-data,docs/pinyin-v2/import/single_char_dictionary.tsv,FROZEN_DESIGN_DATA_MISSING restore general-purpose single-char base lexicon,false,true
勒,勒,1,single_char,base,,lei,lei1,common-standard-level-1+pinyin-data,docs/pinyin-v2/import/single_char_dictionary.tsv,FROZEN_DESIGN_DATA_MISSING restore general-purpose single-char base lexicon,false,true
黄,黄,1,single_char,base,,huang,huang2,common-standard-level-1+pinyin-data,docs/pinyin-v2/import/single_char_dictionary.tsv,FROZEN_DESIGN_DATA_MISSING restore general-purpose single-char base lexicon,false,true
菲,菲,1,single_char,base,,fei,fei1,common-standard-level-1+pinyin-data,docs/pinyin-v2/import/single_char_dictionary.tsv,FROZEN_DESIGN_DATA_MISSING restore general-purpose single-char base lexicon,false,true
萌,萌,1,single_char,base,,meng,meng2,common-standard-level-1+pinyin-data,docs/pinyin-v2/import/single_char_dictionary.tsv,FROZEN_DESIGN_DATA_MISSING restore general-purpose single-char base lexicon,false,true
萝,萝,1,single_char,base,,luo,luo2,common-standard-level-1+pinyin-data,docs/pinyin-v2/import/single_char_dictionary.tsv,FROZEN_DESIGN_DATA_MISSING restore general-purpose single-char base lexicon,false,true
菌,菌,1,single_char,base,,jun,jun1,common-standard-level-1+pinyin-data,docs/pinyin-v2/import/single_char_dictionary.tsv,FROZEN_DESIGN_DATA_MISSING restore general-purpose single-char base lexicon,false,true
萎,萎,1,single_char,base,,wei,wei1,common-standard-level-1+pinyin-data,docs/pinyin-v2/import/single_char_dictionary.tsv,FROZEN_DESIGN_DATA_MISSING restore general-purpose single-char base lexicon,false,true
菜,菜,1,single_char,base,,cai,cai4,common-standard-level-1+pinyin-data,docs/pinyin-v2/import/single_char_dictionary.tsv,FROZEN_DESIGN_DATA_MISSING restore general-purpose single-char base lexicon,false,true
萄,萄,1,single_char,base,,tao,tao2,common-standard-level-1+pinyin-data,docs/pinyin-v2/import/single_char_dictionary.tsv,FROZEN_DESIGN_DATA_MISSING restore general-purpose single-char base lexicon,false,true
菊,菊,1,single_char,base,,ju,ju2,common-standard-level-1+pinyin-data,docs/pinyin-v2/import/single_char_dictionary.tsv,FROZEN_DESIGN_DATA_MISSING restore general-purpose single-char base lexicon,false,true
菩,菩,1,single_char,base,,pu,pu2,common-standard-level-1+pinyin-data,docs/pinyin-v2/import/single_char_dictionary.tsv,FROZEN_DESIGN_DATA_MISSING restore general-purpose single-char base lexicon,false,true
萍,萍,1,single_char,base,,ping,ping2,common-standard-level-1+pinyin-data,docs/pinyin-v2/import/single_char_dictionary.tsv,FROZEN_DESIGN_DATA_MISSING restore general-purpose single-char base lexicon,false,true
菠,菠,1,single_char,base,,bo,bo1,common-standard-level-1+pinyin-data,docs/pinyin-v2/import/single_char_dictionary.tsv,FROZEN_DESIGN_DATA_MISSING restore general-purpose single-char base lexicon,false,true
萤,萤,1,single_char,base,,ying,ying2,common-standard-level-1+pinyin-data,docs/pinyin-v2/import/single_char_dictionary.tsv,FROZEN_DESIGN_DATA_MISSING restore general-purpose single-char base lexicon,false,true
营,营,1,single_char,base,,ying,ying2,common-standard-level-1+pinyin-data,docs/pinyin-v2/import/single_char_dictionary.tsv,FROZEN_DESIGN_DATA_MISSING restore general-purpose single-char base lexicon,false,true
乾,乾,1,single_char,base,,qian,qian2,common-standard-level-1+pinyin-data,docs/pinyin-v2/import/single_char_dictionary.tsv,FROZEN_DESIGN_DATA_MISSING restore general-purpose single-char base lexicon,false,true
萧,萧,1,single_char,base,,xiao,xiao1,common-standard-level-1+pinyin-data,docs/pinyin-v2/import/single_char_dictionary.tsv,FROZEN_DESIGN_DATA_MISSING restore general-purpose single-char base lexicon,false,true
萨,萨,1,single_char,base,,sa,sa4,common-standard-level-1+pinyin-data,docs/pinyin-v2/import/single_char_dictionary.tsv,FROZEN_DESIGN_DATA_MISSING restore general-purpose single-char base lexicon,false,true
菇,菇,1,single_char,base,,gu,gu1,common-standard-level-1+pinyin-data,docs/pinyin-v2/import/single_char_dictionary.tsv,FROZEN_DESIGN_DATA_MISSING restore general-purpose single-char base lexicon,false,true
械,械,1,single_char,base,,xie,xie4,common-standard-level-1+pinyin-data,docs/pinyin-v2/import/single_char_dictionary.tsv,FROZEN_DESIGN_DATA_MISSING restore general-purpose single-char base lexicon,false,true
彬,彬,1,single_char,base,,bin,bin1,common-standard-level-1+pinyin-data,docs/pinyin-v2/import/single_char_dictionary.tsv,FROZEN_DESIGN_DATA_MISSING restore general-purpose single-char base lexicon,false,true
梦,梦,1,single_char,base,,meng,meng4,common-standard-level-1+pinyin-data,docs/pinyin-v2/import/single_char_dictionary.tsv,FROZEN_DESIGN_DATA_MISSING restore general-purpose single-char base lexicon,false,true
婪,婪,1,single_char,base,,lan,lan2,common-standard-level-1+pinyin-data,docs/pinyin-v2/import/single_char_dictionary.tsv,FROZEN_DESIGN_DATA_MISSING restore general-purpose single-char base lexicon,false,true
梗,梗,1,single_char,base,,geng,geng3,common-standard-level-1+pinyin-data,docs/pinyin-v2/import/single_char_dictionary.tsv,FROZEN_DESIGN_DATA_MISSING restore general-purpose single-char base lexicon,false,true
梧,梧,1,single_char,base,,wu,wu2,common-standard-level-1+pinyin-data,docs/pinyin-v2/import/single_char_dictionary.tsv,FROZEN_DESIGN_DATA_MISSING restore general-purpose single-char base lexicon,false,true
梢,梢,1,single_char,base,,shao,shao1,common-standard-level-1+pinyin-data,docs/pinyin-v2/import/single_char_dictionary.tsv,FROZEN_DESIGN_DATA_MISSING restore general-purpose single-char base lexicon,false,true
梅,梅,1,single_char,base,,mei,mei2,common-standard-level-1+pinyin-data,docs/pinyin-v2/import/single_char_dictionary.tsv,FROZEN_DESIGN_DATA_MISSING restore general-purpose single-char base lexicon,false,true
检,检,1,single_char,base,,jian,jian3,common-standard-level-1+pinyin-data,docs/pinyin-v2/import/single_char_dictionary.tsv,FROZEN_DESIGN_DATA_MISSING restore general-purpose single-char base lexicon,false,true
梳,梳,1,single_char,base,,shu,shu1,common-standard-level-1+pinyin-data,docs/pinyin-v2/import/single_char_dictionary.tsv,FROZEN_DESIGN_DATA_MISSING restore general-purpose single-char base lexicon,false,true
梯,梯,1,single_char,base,,ti,ti1,common-standard-level-1+pinyin-data,docs/pinyin-v2/import/single_char_dictionary.tsv,FROZEN_DESIGN_DATA_MISSING restore general-purpose single-char base lexicon,false,true
桶,桶,1,single_char,base,,tong,tong3,common-standard-level-1+pinyin-data,docs/pinyin-v2/import/single_char_dictionary.tsv,FROZEN_DESIGN_DATA_MISSING restore general-purpose single-char base lexicon,false,true
梭,梭,1,single_char,base,,suo,suo1,common-standard-level-1+pinyin-data,docs/pinyin-v2/import/single_char_dictionary.tsv,FROZEN_DESIGN_DATA_MISSING restore general-purpose single-char base lexicon,false,true
救,救,1,single_char,base,,jiu,jiu4,common-standard-level-1+pinyin-data,docs/pinyin-v2/import/single_char_dictionary.tsv,FROZEN_DESIGN_DATA_MISSING restore general-purpose single-char base lexicon,false,true
曹,曹,1,single_char,base,,cao,cao2,common-standard-level-1+pinyin-data,docs/pinyin-v2/import/single_char_dictionary.tsv,FROZEN_DESIGN_DATA_MISSING restore general-purpose single-char base lexicon,false,true
副,副,1,single_char,base,,fu,fu4,common-standard-level-1+pinyin-data,docs/pinyin-v2/import/single_char_dictionary.tsv,FROZEN_DESIGN_DATA_MISSING restore general-purpose single-char base lexicon,false,true
票,票,1,single_char,base,,piao,piao4,common-standard-level-1+pinyin-data,docs/pinyin-v2/import/single_char_dictionary.tsv,FROZEN_DESIGN_DATA_MISSING restore general-purpose single-char base lexicon,false,true
酝,酝,1,single_char,base,,yun,yun4,common-standard-level-1+pinyin-data,docs/pinyin-v2/import/single_char_dictionary.tsv,FROZEN_DESIGN_DATA_MISSING restore general-purpose single-char base lexicon,false,true
酗,酗,1,single_char,base,,xu,xu4,common-standard-level-1+pinyin-data,docs/pinyin-v2/import/single_char_dictionary.tsv,FROZEN_DESIGN_DATA_MISSING restore general-purpose single-char base lexicon,false,true
厢,厢,1,single_char,base,,xiang,xiang1,common-standard-level-1+pinyin-data,docs/pinyin-v2/import/single_char_dictionary.tsv,FROZEN_DESIGN_DATA_MISSING restore general-purpose single-char base lexicon,false,true
戚,戚,1,single_char,base,,qi,qi1,common-standard-level-1+pinyin-data,docs/pinyin-v2/import/single_char_dictionary.tsv,FROZEN_DESIGN_DATA_MISSING restore general-purpose single-char base lexicon,false,true
硅,硅,1,single_char,base,,gui,gui1,common-standard-level-1+pinyin-data,docs/pinyin-v2/import/single_char_dictionary.tsv,FROZEN_DESIGN_DATA_MISSING restore general-purpose single-char base lexicon,false,true
硕,硕,1,single_char,base,,shuo,shuo4,common-standard-level-1+pinyin-data,docs/pinyin-v2/import/single_char_dictionary.tsv,FROZEN_DESIGN_DATA_MISSING restore general-purpose single-char base lexicon,false,true
奢,奢,1,single_char,base,,she,she1,common-standard-level-1+pinyin-data,docs/pinyin-v2/import/single_char_dictionary.tsv,FROZEN_DESIGN_DATA_MISSING restore general-purpose single-char base lexicon,false,true
盔,盔,1,single_char,base,,kui,kui1,common-standard-level-1+pinyin-data,docs/pinyin-v2/import/single_char_dictionary.tsv,FROZEN_DESIGN_DATA_MISSING restore general-purpose single-char base lexicon,false,true
爽,爽,1,single_char,base,,shuang,shuang3,common-standard-level-1+pinyin-data,docs/pinyin-v2/import/single_char_dictionary.tsv,FROZEN_DESIGN_DATA_MISSING restore general-purpose single-char base lexicon,false,true
聋,聋,1,single_char,base,,long,long2,common-standard-level-1+pinyin-data,docs/pinyin-v2/import/single_char_dictionary.tsv,FROZEN_DESIGN_DATA_MISSING restore general-purpose single-char base lexicon,false,true
袭,袭,1,single_char,base,,xi,xi2,common-standard-level-1+pinyin-data,docs/pinyin-v2/import/single_char_dictionary.tsv,FROZEN_DESIGN_DATA_MISSING restore general-purpose single-char base lexicon,false,true
盛,盛,1,single_char,base,,sheng,sheng4,common-standard-level-1+pinyin-data,docs/pinyin-v2/import/single_char_dictionary.tsv,FROZEN_DESIGN_DATA_MISSING restore general-purpose single-char base lexicon,false,true
匾,匾,1,single_char,base,,bian,bian3,common-standard-level-1+pinyin-data,docs/pinyin-v2/import/single_char_dictionary.tsv,FROZEN_DESIGN_DATA_MISSING restore general-purpose single-char base lexicon,false,true
雪,雪,1,single_char,base,,xue,xue3,common-standard-level-1+pinyin-data,docs/pinyin-v2/import/single_char_dictionary.tsv,FROZEN_DESIGN_DATA_MISSING restore general-purpose single-char base lexicon,false,true
辅,辅,1,single_char,base,,fu,fu3,common-standard-level-1+pinyin-data,docs/pinyin-v2/import/single_char_dictionary.tsv,FROZEN_DESIGN_DATA_MISSING restore general-purpose single-char base lexicon,false,true
辆,辆,1,single_char,base,,liang,liang4,common-standard-level-1+pinyin-data,docs/pinyin-v2/import/single_char_dictionary.tsv,FROZEN_DESIGN_DATA_MISSING restore general-purpose single-char base lexicon,false,true
颅,颅,1,single_char,base,,lu,lu2,common-standard-level-1+pinyin-data,docs/pinyin-v2/import/single_char_dictionary.tsv,FROZEN_DESIGN_DATA_MISSING restore general-purpose single-char base lexicon,false,true
虚,虚,1,single_char,base,,xu,xu1,common-standard-level-1+pinyin-data,docs/pinyin-v2/import/single_char_dictionary.tsv,FROZEN_DESIGN_DATA_MISSING restore general-purpose single-char base lexicon,false,true
彪,彪,1,single_char,base,,biao,biao1,common-standard-level-1+pinyin-data,docs/pinyin-v2/import/single_char_dictionary.tsv,FROZEN_DESIGN_DATA_MISSING restore general-purpose single-char base lexicon,false,true
雀,雀,1,single_char,base,,que,que4,common-standard-level-1+pinyin-data,docs/pinyin-v2/import/single_char_dictionary.tsv,FROZEN_DESIGN_DATA_MISSING restore general-purpose single-char base lexicon,false,true
堂,堂,1,single_char,base,,tang,tang2,common-standard-level-1+pinyin-data,docs/pinyin-v2/import/single_char_dictionary.tsv,FROZEN_DESIGN_DATA_MISSING restore general-purpose single-char base lexicon,false,true
常,常,1,single_char,base,,chang,chang2,common-standard-level-1+pinyin-data,docs/pinyin-v2/import/single_char_dictionary.tsv,FROZEN_DESIGN_DATA_MISSING restore general-purpose single-char base lexicon,false,true
眶,眶,1,single_char,base,,kuang,kuang4,common-standard-level-1+pinyin-data,docs/pinyin-v2/import/single_char_dictionary.tsv,FROZEN_DESIGN_DATA_MISSING restore general-purpose single-char base lexicon,false,true
匙,匙,1,single_char,base,,shi,shi,common-standard-level-1+pinyin-data,docs/pinyin-v2/import/single_char_dictionary.tsv,FROZEN_DESIGN_DATA_MISSING restore general-purpose single-char base lexicon,false,true
晨,晨,1,single_char,base,,chen,chen2,common-standard-level-1+pinyin-data,docs/pinyin-v2/import/single_char_dictionary.tsv,FROZEN_DESIGN_DATA_MISSING restore general-purpose single-char base lexicon,false,true
睁,睁,1,single_char,base,,zheng,zheng1,common-standard-level-1+pinyin-data,docs/pinyin-v2/import/single_char_dictionary.tsv,FROZEN_DESIGN_DATA_MISSING restore general-purpose single-char base lexicon,false,true
眯,眯,1,single_char,base,,mi,mi1,common-standard-level-1+pinyin-data,docs/pinyin-v2/import/single_char_dictionary.tsv,FROZEN_DESIGN_DATA_MISSING restore general-purpose single-char base lexicon,false,true
眼,眼,1,single_char,base,,yan,yan3,common-standard-level-1+pinyin-data,docs/pinyin-v2/import/single_char_dictionary.tsv,FROZEN_DESIGN_DATA_MISSING restore general-purpose single-char base lexicon,false,true
悬,悬,1,single_char,base,,xuan,xuan2,common-standard-level-1+pinyin-data,docs/pinyin-v2/import/single_char_dictionary.tsv,FROZEN_DESIGN_DATA_MISSING restore general-purpose single-char base lexicon,false,true
野,野,1,single_char,base,,ye,ye3,common-standard-level-1+pinyin-data,docs/pinyin-v2/import/single_char_dictionary.tsv,FROZEN_DESIGN_DATA_MISSING restore general-purpose single-char base lexicon,false,true
啪,啪,1,single_char,base,,pa,pa1,common-standard-level-1+pinyin-data,docs/pinyin-v2/import/single_char_dictionary.tsv,FROZEN_DESIGN_DATA_MISSING restore general-purpose single-char base lexicon,false,true
啦,啦,1,single_char,base,,la,la,common-standard-level-1+pinyin-data,docs/pinyin-v2/import/single_char_dictionary.tsv,FROZEN_DESIGN_DATA_MISSING restore general-purpose single-char base lexicon,false,true
曼,曼,1,single_char,base,,man,man4,common-standard-level-1+pinyin-data,docs/pinyin-v2/import/single_char_dictionary.tsv,FROZEN_DESIGN_DATA_MISSING restore general-purpose single-char base lexicon,false,true
晦,晦,1,single_char,base,,hui,hui4,common-standard-level-1+pinyin-data,docs/pinyin-v2/import/single_char_dictionary.tsv,FROZEN_DESIGN_DATA_MISSING restore general-purpose single-char base lexicon,false,true
晚,晚,1,single_char,base,,wan,wan3,common-standard-level-1+pinyin-data,docs/pinyin-v2/import/single_char_dictionary.tsv,FROZEN_DESIGN_DATA_MISSING restore general-purpose single-char base lexicon,false,true
啄,啄,1,single_char,base,,zhuo,zhuo2,common-standard-level-1+pinyin-data,docs/pinyin-v2/import/single_char_dictionary.tsv,FROZEN_DESIGN_DATA_MISSING restore general-purpose single-char base lexicon,false,true
啡,啡,1,single_char,base,,fei,fei1,common-standard-level-1+pinyin-data,docs/pinyin-v2/import/single_char_dictionary.tsv,FROZEN_DESIGN_DATA_MISSING restore general-purpose single-char base lexicon,false,true
距,距,1,single_char,base,,ju,ju4,common-standard-level-1+pinyin-data,docs/pinyin-v2/import/single_char_dictionary.tsv,FROZEN_DESIGN_DATA_MISSING restore general-purpose single-char base lexicon,false,true
趾,趾,1,single_char,base,,zhi,zhi3,common-standard-level-1+pinyin-data,docs/pinyin-v2/import/single_char_dictionary.tsv,FROZEN_DESIGN_DATA_MISSING restore general-purpose single-char base lexicon,false,true
啃,啃,1,single_char,base,,ken,ken3,common-standard-level-1+pinyin-data,docs/pinyin-v2/import/single_char_dictionary.tsv,FROZEN_DESIGN_DATA_MISSING restore general-purpose single-char base lexicon,false,true
跃,跃,1,single_char,base,,yue,yue4,common-standard-level-1+pinyin-data,docs/pinyin-v2/import/single_char_dictionary.tsv,FROZEN_DESIGN_DATA_MISSING restore general-purpose single-char base lexicon,false,true
略,略,1,single_char,base,,lve,lve4,common-standard-level-1+pinyin-data,docs/pinyin-v2/import/single_char_dictionary.tsv,FROZEN_DESIGN_DATA_MISSING restore general-purpose single-char base lexicon,false,true
蚯,蚯,1,single_char,base,,qiu,qiu1,common-standard-level-1+pinyin-data,docs/pinyin-v2/import/single_char_dictionary.tsv,FROZEN_DESIGN_DATA_MISSING restore general-purpose single-char base lexicon,false,true
蛀,蛀,1,single_char,base,,zhu,zhu4,common-standard-level-1+pinyin-data,docs/pinyin-v2/import/single_char_dictionary.tsv,FROZEN_DESIGN_DATA_MISSING restore general-purpose single-char base lexicon,false,true
蛇,蛇,1,single_char,base,,she,she2,common-standard-level-1+pinyin-data,docs/pinyin-v2/import/single_char_dictionary.tsv,FROZEN_DESIGN_DATA_MISSING restore general-purpose single-char base lexicon,false,true
唬,唬,1,single_char,base,,hu,hu3,common-standard-level-1+pinyin-data,docs/pinyin-v2/import/single_char_dictionary.tsv,FROZEN_DESIGN_DATA_MISSING restore general-purpose single-char base lexicon,false,true
累,累,1,single_char,base,,lei,lei4,common-standard-level-1+pinyin-data,docs/pinyin-v2/import/single_char_dictionary.tsv,FROZEN_DESIGN_DATA_MISSING restore general-purpose single-char base lexicon,false,true
鄂,鄂,1,single_char,base,,e,e4,common-standard-level-1+pinyin-data,docs/pinyin-v2/import/single_char_dictionary.tsv,FROZEN_DESIGN_DATA_MISSING restore general-purpose single-char base lexicon,false,true
唱,唱,1,single_char,base,,chang,chang4,common-standard-level-1+pinyin-data,docs/pinyin-v2/import/single_char_dictionary.tsv,FROZEN_DESIGN_DATA_MISSING restore general-purpose single-char base lexicon,false,true
患,患,1,single_char,base,,huan,huan4,common-standard-level-1+pinyin-data,docs/pinyin-v2/import/single_char_dictionary.tsv,FROZEN_DESIGN_DATA_MISSING restore general-purpose single-char base lexicon,false,true
啰,啰,1,single_char,base,,luo,luo1,common-standard-level-1+pinyin-data,docs/pinyin-v2/import/single_char_dictionary.tsv,FROZEN_DESIGN_DATA_MISSING restore general-purpose single-char base lexicon,false,true
唾,唾,1,single_char,base,,tuo,tuo4,common-standard-level-1+pinyin-data,docs/pinyin-v2/import/single_char_dictionary.tsv,FROZEN_DESIGN_DATA_MISSING restore general-purpose single-char base lexicon,false,true
唯,唯,1,single_char,base,,wei,wei2,common-standard-level-1+pinyin-data,docs/pinyin-v2/import/single_char_dictionary.tsv,FROZEN_DESIGN_DATA_MISSING restore general-purpose single-char base lexicon,false,true
啤,啤,1,single_char,base,,pi,pi2,common-standard-level-1+pinyin-data,docs/pinyin-v2/import/single_char_dictionary.tsv,FROZEN_DESIGN_DATA_MISSING restore general-purpose single-char base lexicon,false,true
啥,啥,1,single_char,base,,sha,sha2,common-standard-level-1+pinyin-data,docs/pinyin-v2/import/single_char_dictionary.tsv,FROZEN_DESIGN_DATA_MISSING restore general-purpose single-char base lexicon,false,true
啸,啸,1,single_char,base,,xiao,xiao4,common-standard-level-1+pinyin-data,docs/pinyin-v2/import/single_char_dictionary.tsv,FROZEN_DESIGN_DATA_MISSING restore general-purpose single-char base lexicon,false,true
崖,崖,1,single_char,base,,ya,ya2,common-standard-level-1+pinyin-data,docs/pinyin-v2/import/single_char_dictionary.tsv,FROZEN_DESIGN_DATA_MISSING restore general-purpose single-char base lexicon,false,true
崎,崎,1,single_char,base,,qi,qi2,common-standard-level-1+pinyin-data,docs/pinyin-v2/import/single_char_dictionary.tsv,FROZEN_DESIGN_DATA_MISSING restore general-purpose single-char base lexicon,false,true
崭,崭,1,single_char,base,,zhan,zhan3,common-standard-level-1+pinyin-data,docs/pinyin-v2/import/single_char_dictionary.tsv,FROZEN_DESIGN_DATA_MISSING restore general-purpose single-char base lexicon,false,true
逻,逻,1,single_char,base,,luo,luo2,common-standard-level-1+pinyin-data,docs/pinyin-v2/import/single_char_dictionary.tsv,FROZEN_DESIGN_DATA_MISSING restore general-purpose single-char base lexicon,false,true
崔,崔,1,single_char,base,,cui,cui1,common-standard-level-1+pinyin-data,docs/pinyin-v2/import/single_char_dictionary.tsv,FROZEN_DESIGN_DATA_MISSING restore general-purpose single-char base lexicon,false,true
帷,帷,1,single_char,base,,wei,wei2,common-standard-level-1+pinyin-data,docs/pinyin-v2/import/single_char_dictionary.tsv,FROZEN_DESIGN_DATA_MISSING restore general-purpose single-char base lexicon,false,true
崩,崩,1,single_char,base,,beng,beng1,common-standard-level-1+pinyin-data,docs/pinyin-v2/import/single_char_dictionary.tsv,FROZEN_DESIGN_DATA_MISSING restore general-purpose single-char base lexicon,false,true
崇,崇,1,single_char,base,,chong,chong2,common-standard-level-1+pinyin-data,docs/pinyin-v2/import/single_char_dictionary.tsv,FROZEN_DESIGN_DATA_MISSING restore general-purpose single-char base lexicon,false,true
崛,崛,1,single_char,base,,jue,jue2,common-standard-level-1+pinyin-data,docs/pinyin-v2/import/single_char_dictionary.tsv,FROZEN_DESIGN_DATA_MISSING restore general-purpose single-char base lexicon,false,true
婴,婴,1,single_char,base,,ying,ying1,common-standard-level-1+pinyin-data,docs/pinyin-v2/import/single_char_dictionary.tsv,FROZEN_DESIGN_DATA_MISSING restore general-purpose single-char base lexicon,false,true
圈,圈,1,single_char,base,,quan,quan1,common-standard-level-1+pinyin-data,docs/pinyin-v2/import/single_char_dictionary.tsv,FROZEN_DESIGN_DATA_MISSING restore general-purpose single-char base lexicon,false,true
铐,铐,1,single_char,base,,kao,kao4,common-standard-level-1+pinyin-data,docs/pinyin-v2/import/single_char_dictionary.tsv,FROZEN_DESIGN_DATA_MISSING restore general-purpose single-char base lexicon,false,true
铛,铛,1,single_char,base,,dang,dang1,common-standard-level-1+pinyin-data,docs/pinyin-v2/import/single_char_dictionary.tsv,FROZEN_DESIGN_DATA_MISSING restore general-purpose single-char base lexicon,false,true
铝,铝,1,single_char,base,,lv,lv3,common-standard-level-1+pinyin-data,docs/pinyin-v2/import/single_char_dictionary.tsv,FROZEN_DESIGN_DATA_MISSING restore general-purpose single-char base lexicon,false,true
铜,铜,1,single_char,base,,tong,tong2,common-standard-level-1+pinyin-data,docs/pinyin-v2/import/single_char_dictionary.tsv,FROZEN_DESIGN_DATA_MISSING restore general-purpose single-char base lexicon,false,true
铭,铭,1,single_char,base,,ming,ming2,common-standard-level-1+pinyin-data,docs/pinyin-v2/import/single_char_dictionary.tsv,FROZEN_DESIGN_DATA_MISSING restore general-purpose single-char base lexicon,false,true
铲,铲,1,single_char,base,,chan,chan3,common-standard-level-1+pinyin-data,docs/pinyin-v2/import/single_char_dictionary.tsv,FROZEN_DESIGN_DATA_MISSING restore general-purpose single-char base lexicon,false,true
银,银,1,single_char,base,,yin,yin2,common-standard-level-1+pinyin-data,docs/pinyin-v2/import/single_char_dictionary.tsv,FROZEN_DESIGN_DATA_MISSING restore general-purpose single-char base lexicon,false,true
矫,矫,1,single_char,base,,jiao,jiao3,common-standard-level-1+pinyin-data,docs/pinyin-v2/import/single_char_dictionary.tsv,FROZEN_DESIGN_DATA_MISSING restore general-purpose single-char base lexicon,false,true
甜,甜,1,single_char,base,,tian,tian2,common-standard-level-1+pinyin-data,docs/pinyin-v2/import/single_char_dictionary.tsv,FROZEN_DESIGN_DATA_MISSING restore general-purpose single-char base lexicon,false,true
秸,秸,1,single_char,base,,jie,jie1,common-standard-level-1+pinyin-data,docs/pinyin-v2/import/single_char_dictionary.tsv,FROZEN_DESIGN_DATA_MISSING restore general-purpose single-char base lexicon,false,true
梨,梨,1,single_char,base,,li,li2,common-standard-level-1+pinyin-data,docs/pinyin-v2/import/single_char_dictionary.tsv,FROZEN_DESIGN_DATA_MISSING restore general-purpose single-char base lexicon,false,true
犁,犁,1,single_char,base,,li,li2,common-standard-level-1+pinyin-data,docs/pinyin-v2/import/single_char_dictionary.tsv,FROZEN_DESIGN_DATA_MISSING restore general-purpose single-char base lexicon,false,true
秽,秽,1,single_char,base,,hui,hui4,common-standard-level-1+pinyin-data,docs/pinyin-v2/import/single_char_dictionary.tsv,FROZEN_DESIGN_DATA_MISSING restore general-purpose single-char base lexicon,false,true
移,移,1,single_char,base,,yi,yi2,common-standard-level-1+pinyin-data,docs/pinyin-v2/import/single_char_dictionary.tsv,FROZEN_DESIGN_DATA_MISSING restore general-purpose single-char base lexicon,false,true
笨,笨,1,single_char,base,,ben,ben4,common-standard-level-1+pinyin-data,docs/pinyin-v2/import/single_char_dictionary.tsv,FROZEN_DESIGN_DATA_MISSING restore general-purpose single-char base lexicon,false,true
笼,笼,1,single_char,base,,long,long2,common-standard-level-1+pinyin-data,docs/pinyin-v2/import/single_char_dictionary.tsv,FROZEN_DESIGN_DATA_MISSING restore general-purpose single-char base lexicon,false,true
笛,笛,1,single_char,base,,di,di2,common-standard-level-1+pinyin-data,docs/pinyin-v2/import/single_char_dictionary.tsv,FROZEN_DESIGN_DATA_MISSING restore general-purpose single-char base lexicon,false,true
笙,笙,1,single_char,base,,sheng,sheng1,common-standard-level-1+pinyin-data,docs/pinyin-v2/import/single_char_dictionary.tsv,FROZEN_DESIGN_DATA_MISSING restore general-purpose single-char base lexicon,false,true
符,符,1,single_char,base,,fu,fu2,common-standard-level-1+pinyin-data,docs/pinyin-v2/import/single_char_dictionary.tsv,FROZEN_DESIGN_DATA_MISSING restore general-purpose single-char base lexicon,false,true
第,第,1,single_char,base,,di,di4,common-standard-level-1+pinyin-data,docs/pinyin-v2/import/single_char_dictionary.tsv,FROZEN_DESIGN_DATA_MISSING restore general-purpose single-char base lexicon,false,true
敏,敏,1,single_char,base,,min,min3,common-standard-level-1+pinyin-data,docs/pinyin-v2/import/single_char_dictionary.tsv,FROZEN_DESIGN_DATA_MISSING restore general-purpose single-char base lexicon,false,true
做,做,1,single_char,base,,zuo,zuo4,common-standard-level-1+pinyin-data,docs/pinyin-v2/import/single_char_dictionary.tsv,FROZEN_DESIGN_DATA_MISSING restore general-purpose single-char base lexicon,false,true
袋,袋,1,single_char,base,,dai,dai4,common-standard-level-1+pinyin-data,docs/pinyin-v2/import/single_char_dictionary.tsv,FROZEN_DESIGN_DATA_MISSING restore general-purpose single-char base lexicon,false,true
悠,悠,1,single_char,base,,you,you1,common-standard-level-1+pinyin-data,docs/pinyin-v2/import/single_char_dictionary.tsv,FROZEN_DESIGN_DATA_MISSING restore general-purpose single-char base lexicon,false,true
偿,偿,1,single_char,base,,chang,chang2,common-standard-level-1+pinyin-data,docs/pinyin-v2/import/single_char_dictionary.tsv,FROZEN_DESIGN_DATA_MISSING restore general-purpose single-char base lexicon,false,true
偶,偶,1,single_char,base,,ou,ou3,common-standard-level-1+pinyin-data,docs/pinyin-v2/import/single_char_dictionary.tsv,FROZEN_DESIGN_DATA_MISSING restore general-purpose single-char base lexicon,false,true
偎,偎,1,single_char,base,,wei,wei1,common-standard-level-1+pinyin-data,docs/pinyin-v2/import/single_char_dictionary.tsv,FROZEN_DESIGN_DATA_MISSING restore general-purpose single-char base lexicon,false,true
偷,偷,1,single_char,base,,tou,tou1,common-standard-level-1+pinyin-data,docs/pinyin-v2/import/single_char_dictionary.tsv,FROZEN_DESIGN_DATA_MISSING restore general-purpose single-char base lexicon,false,true
您,您,1,single_char,base,,nin,nin2,common-standard-level-1+pinyin-data,docs/pinyin-v2/import/single_char_dictionary.tsv,FROZEN_DESIGN_DATA_MISSING restore general-purpose single-char base lexicon,false,true
售,售,1,single_char,base,,shou,shou4,common-standard-level-1+pinyin-data,docs/pinyin-v2/import/single_char_dictionary.tsv,FROZEN_DESIGN_DATA_MISSING restore general-purpose single-char base lexicon,false,true
停,停,1,single_char,base,,ting,ting2,common-standard-level-1+pinyin-data,docs/pinyin-v2/import/single_char_dictionary.tsv,FROZEN_DESIGN_DATA_MISSING restore general-purpose single-char base lexicon,false,true
偏,偏,1,single_char,base,,pian,pian1,common-standard-level-1+pinyin-data,docs/pinyin-v2/import/single_char_dictionary.tsv,FROZEN_DESIGN_DATA_MISSING restore general-purpose single-char base lexicon,false,true
躯,躯,1,single_char,base,,qu,qu1,common-standard-level-1+pinyin-data,docs/pinyin-v2/import/single_char_dictionary.tsv,FROZEN_DESIGN_DATA_MISSING restore general-purpose single-char base lexicon,false,true
兜,兜,1,single_char,base,,dou,dou1,common-standard-level-1+pinyin-data,docs/pinyin-v2/import/single_char_dictionary.tsv,FROZEN_DESIGN_DATA_MISSING restore general-purpose single-char base lexicon,false,true
假,假,1,single_char,base,,jia,jia3,common-standard-level-1+pinyin-data,docs/pinyin-v2/import/single_char_dictionary.tsv,FROZEN_DESIGN_DATA_MISSING restore general-purpose single-char base lexicon,false,true
衅,衅,1,single_char,base,,xin,xin4,common-standard-level-1+pinyin-data,docs/pinyin-v2/import/single_char_dictionary.tsv,FROZEN_DESIGN_DATA_MISSING restore general-purpose single-char base lexicon,false,true
徘,徘,1,single_char,base,,pai,pai2,common-standard-level-1+pinyin-data,docs/pinyin-v2/import/single_char_dictionary.tsv,FROZEN_DESIGN_DATA_MISSING restore general-purpose single-char base lexicon,false,true
徙,徙,1,single_char,base,,xi,xi3,common-standard-level-1+pinyin-data,docs/pinyin-v2/import/single_char_dictionary.tsv,FROZEN_DESIGN_DATA_MISSING restore general-purpose single-char base lexicon,false,true
得,得,1,single_char,base,,de,de2,common-standard-level-1+pinyin-data,docs/pinyin-v2/import/single_char_dictionary.tsv,FROZEN_DESIGN_DATA_MISSING restore general-purpose single-char base lexicon,false,true
衔,衔,1,single_char,base,,xian,xian2,common-standard-level-1+pinyin-data,docs/pinyin-v2/import/single_char_dictionary.tsv,FROZEN_DESIGN_DATA_MISSING restore general-purpose single-char base lexicon,false,true
盘,盘,1,single_char,base,,pan,pan2,common-standard-level-1+pinyin-data,docs/pinyin-v2/import/single_char_dictionary.tsv,FROZEN_DESIGN_DATA_MISSING restore general-purpose single-char base lexicon,false,true
舶,舶,1,single_char,base,,bo,bo2,common-standard-level-1+pinyin-data,docs/pinyin-v2/import/single_char_dictionary.tsv,FROZEN_DESIGN_DATA_MISSING restore general-purpose single-char base lexicon,false,true
船,船,1,single_char,base,,chuan,chuan2,common-standard-level-1+pinyin-data,docs/pinyin-v2/import/single_char_dictionary.tsv,FROZEN_DESIGN_DATA_MISSING restore general-purpose single-char base lexicon,false,true
舵,舵,1,single_char,base,,duo,duo4,common-standard-level-1+pinyin-data,docs/pinyin-v2/import/single_char_dictionary.tsv,FROZEN_DESIGN_DATA_MISSING restore general-purpose single-char base lexicon,false,true
斜,斜,1,single_char,base,,xie,xie2,common-standard-level-1+pinyin-data,docs/pinyin-v2/import/single_char_dictionary.tsv,FROZEN_DESIGN_DATA_MISSING restore general-purpose single-char base lexicon,false,true
盒,盒,1,single_char,base,,he,he2,common-standard-level-1+pinyin-data,docs/pinyin-v2/import/single_char_dictionary.tsv,FROZEN_DESIGN_DATA_MISSING restore general-purpose single-char base lexicon,false,true
鸽,鸽,1,single_char,base,,ge,ge1,common-standard-level-1+pinyin-data,docs/pinyin-v2/import/single_char_dictionary.tsv,FROZEN_DESIGN_DATA_MISSING restore general-purpose single-char base lexicon,false,true
敛,敛,1,single_char,base,,lian,lian3,common-standard-level-1+pinyin-data,docs/pinyin-v2/import/single_char_dictionary.tsv,FROZEN_DESIGN_DATA_MISSING restore general-purpose single-char base lexicon,false,true
悉,悉,1,single_char,base,,xi,xi1,common-standard-level-1+pinyin-data,docs/pinyin-v2/import/single_char_dictionary.tsv,FROZEN_DESIGN_DATA_MISSING restore general-purpose single-char base lexicon,false,true
欲,欲,1,single_char,base,,yu,yu4,common-standard-level-1+pinyin-data,docs/pinyin-v2/import/single_char_dictionary.tsv,FROZEN_DESIGN_DATA_MISSING restore general-purpose single-char base lexicon,false,true
彩,彩,1,single_char,base,,cai,cai3,common-standard-level-1+pinyin-data,docs/pinyin-v2/import/single_char_dictionary.tsv,FROZEN_DESIGN_DATA_MISSING restore general-purpose single-char base lexicon,false,true
领,领,1,single_char,base,,ling,ling3,common-standard-level-1+pinyin-data,docs/pinyin-v2/import/single_char_dictionary.tsv,FROZEN_DESIGN_DATA_MISSING restore general-purpose single-char base lexicon,false,true
脚,脚,1,single_char,base,,jiao,jiao3,common-standard-level-1+pinyin-data,docs/pinyin-v2/import/single_char_dictionary.tsv,FROZEN_DESIGN_DATA_MISSING restore general-purpose single-char base lexicon,false,true
脖,脖,1,single_char,base,,bo,bo2,common-standard-level-1+pinyin-data,docs/pinyin-v2/import/single_char_dictionary.tsv,FROZEN_DESIGN_DATA_MISSING restore general-purpose single-char base lexicon,false,true
脯,脯,1,single_char,base,,pu,pu2,common-standard-level-1+pinyin-data,docs/pinyin-v2/import/single_char_dictionary.tsv,FROZEN_DESIGN_DATA_MISSING restore general-purpose single-char base lexicon,false,true
豚,豚,1,single_char,base,,tun,tun2,common-standard-level-1+pinyin-data,docs/pinyin-v2/import/single_char_dictionary.tsv,FROZEN_DESIGN_DATA_MISSING restore general-purpose single-char base lexicon,false,true
脸,脸,1,single_char,base,,lian,lian3,common-standard-level-1+pinyin-data,docs/pinyin-v2/import/single_char_dictionary.tsv,FROZEN_DESIGN_DATA_MISSING restore general-purpose single-char base lexicon,false,true
脱,脱,1,single_char,base,,tuo,tuo1,common-standard-level-1+pinyin-data,docs/pinyin-v2/import/single_char_dictionary.tsv,FROZEN_DESIGN_DATA_MISSING restore general-purpose single-char base lexicon,false,true
象,象,1,single_char,base,,xiang,xiang4,common-standard-level-1+pinyin-data,docs/pinyin-v2/import/single_char_dictionary.tsv,FROZEN_DESIGN_DATA_MISSING restore general-purpose single-char base lexicon,false,true
够,够,1,single_char,base,,gou,gou4,common-standard-level-1+pinyin-data,docs/pinyin-v2/import/single_char_dictionary.tsv,FROZEN_DESIGN_DATA_MISSING restore general-purpose single-char base lexicon,false,true
逸,逸,1,single_char,base,,yi,yi4,common-standard-level-1+pinyin-data,docs/pinyin-v2/import/single_char_dictionary.tsv,FROZEN_DESIGN_DATA_MISSING restore general-purpose single-char base lexicon,false,true
猜,猜,1,single_char,base,,cai,cai1,common-standard-level-1+pinyin-data,docs/pinyin-v2/import/single_char_dictionary.tsv,FROZEN_DESIGN_DATA_MISSING restore general-purpose single-char base lexicon,false,true
猪,猪,1,single_char,base,,zhu,zhu1,common-standard-level-1+pinyin-data,docs/pinyin-v2/import/single_char_dictionary.tsv,FROZEN_DESIGN_DATA_MISSING restore general-purpose single-char base lexicon,false,true
猎,猎,1,single_char,base,,lie,lie4,common-standard-level-1+pinyin-data,docs/pinyin-v2/import/single_char_dictionary.tsv,FROZEN_DESIGN_DATA_MISSING restore general-purpose single-char base lexicon,false,true
猫,猫,1,single_char,base,,mao,mao1,common-standard-level-1+pinyin-data,docs/pinyin-v2/import/single_char_dictionary.tsv,FROZEN_DESIGN_DATA_MISSING restore general-purpose single-char base lexicon,false,true
凰,凰,1,single_char,base,,huang,huang2,common-standard-level-1+pinyin-data,docs/pinyin-v2/import/single_char_dictionary.tsv,FROZEN_DESIGN_DATA_MISSING restore general-purpose single-char base lexicon,false,true
猖,猖,1,single_char,base,,chang,chang1,common-standard-level-1+pinyin-data,docs/pinyin-v2/import/single_char_dictionary.tsv,FROZEN_DESIGN_DATA_MISSING restore general-purpose single-char base lexicon,false,true
猛,猛,1,single_char,base,,meng,meng3,common-standard-level-1+pinyin-data,docs/pinyin-v2/import/single_char_dictionary.tsv,FROZEN_DESIGN_DATA_MISSING restore general-purpose single-char base lexicon,false,true
祭,祭,1,single_char,base,,ji,ji4,common-standard-level-1+pinyin-data,docs/pinyin-v2/import/single_char_dictionary.tsv,FROZEN_DESIGN_DATA_MISSING restore general-purpose single-char base lexicon,false,true
馅,馅,1,single_char,base,,xian,xian4,common-standard-level-1+pinyin-data,docs/pinyin-v2/import/single_char_dictionary.tsv,FROZEN_DESIGN_DATA_MISSING restore general-purpose single-char base lexicon,false,true
馆,馆,1,single_char,base,,guan,guan3,common-standard-level-1+pinyin-data,docs/pinyin-v2/import/single_char_dictionary.tsv,FROZEN_DESIGN_DATA_MISSING restore general-purpose single-char base lexicon,false,true
凑,凑,1,single_char,base,,cou,cou4,common-standard-level-1+pinyin-data,docs/pinyin-v2/import/single_char_dictionary.tsv,FROZEN_DESIGN_DATA_MISSING restore general-purpose single-char base lexicon,false,true
减,减,1,single_char,base,,jian,jian3,common-standard-level-1+pinyin-data,docs/pinyin-v2/import/single_char_dictionary.tsv,FROZEN_DESIGN_DATA_MISSING restore general-purpose single-char base lexicon,false,true
毫,毫,1,single_char,base,,hao,hao2,common-standard-level-1+pinyin-data,docs/pinyin-v2/import/single_char_dictionary.tsv,FROZEN_DESIGN_DATA_MISSING restore general-purpose single-char base lexicon,false,true
烹,烹,1,single_char,base,,peng,peng1,common-standard-level-1+pinyin-data,docs/pinyin-v2/import/single_char_dictionary.tsv,FROZEN_DESIGN_DATA_MISSING restore general-purpose single-char base lexicon,false,true
庶,庶,1,single_char,base,,shu,shu4,common-standard-level-1+pinyin-data,docs/pinyin-v2/import/single_char_dictionary.tsv,FROZEN_DESIGN_DATA_MISSING restore general-purpose single-char base lexicon,false,true
麻,麻,1,single_char,base,,ma,ma2,common-standard-level-1+pinyin-data,docs/pinyin-v2/import/single_char_dictionary.tsv,FROZEN_DESIGN_DATA_MISSING restore general-purpose single-char base lexicon,false,true
庵,庵,1,single_char,base,,an,an1,common-standard-level-1+pinyin-data,docs/pinyin-v2/import/single_char_dictionary.tsv,FROZEN_DESIGN_DATA_MISSING restore general-purpose single-char base lexicon,false,true
痊,痊,1,single_char,base,,quan,quan2,common-standard-level-1+pinyin-data,docs/pinyin-v2/import/single_char_dictionary.tsv,FROZEN_DESIGN_DATA_MISSING restore general-purpose single-char base lexicon,false,true
痒,痒,1,single_char,base,,yang,yang3,common-standard-level-1+pinyin-data,docs/pinyin-v2/import/single_char_dictionary.tsv,FROZEN_DESIGN_DATA_MISSING restore general-purpose single-char base lexicon,false,true
痕,痕,1,single_char,base,,hen,hen2,common-standard-level-1+pinyin-data,docs/pinyin-v2/import/single_char_dictionary.tsv,FROZEN_DESIGN_DATA_MISSING restore general-purpose single-char base lexicon,false,true
廊,廊,1,single_char,base,,lang,lang2,common-standard-level-1+pinyin-data,docs/pinyin-v2/import/single_char_dictionary.tsv,FROZEN_DESIGN_DATA_MISSING restore general-purpose single-char base lexicon,false,true
康,康,1,single_char,base,,kang,kang1,common-standard-level-1+pinyin-data,docs/pinyin-v2/import/single_char_dictionary.tsv,FROZEN_DESIGN_DATA_MISSING restore general-purpose single-char base lexicon,false,true
庸,庸,1,single_char,base,,yong,yong1,common-standard-level-1+pinyin-data,docs/pinyin-v2/import/single_char_dictionary.tsv,FROZEN_DESIGN_DATA_MISSING restore general-purpose single-char base lexicon,false,true
鹿,鹿,1,single_char,base,,lu,lu4,common-standard-level-1+pinyin-data,docs/pinyin-v2/import/single_char_dictionary.tsv,FROZEN_DESIGN_DATA_MISSING restore general-purpose single-char base lexicon,false,true
盗,盗,1,single_char,base,,dao,dao4,common-standard-level-1+pinyin-data,docs/pinyin-v2/import/single_char_dictionary.tsv,FROZEN_DESIGN_DATA_MISSING restore general-purpose single-char base lexicon,false,true
章,章,1,single_char,base,,zhang,zhang1,common-standard-level-1+pinyin-data,docs/pinyin-v2/import/single_char_dictionary.tsv,FROZEN_DESIGN_DATA_MISSING restore general-purpose single-char base lexicon,false,true
竟,竟,1,single_char,base,,jing,jing4,common-standard-level-1+pinyin-data,docs/pinyin-v2/import/single_char_dictionary.tsv,FROZEN_DESIGN_DATA_MISSING restore general-purpose single-char base lexicon,false,true
商,商,1,single_char,base,,shang,shang1,common-standard-level-1+pinyin-data,docs/pinyin-v2/import/single_char_dictionary.tsv,FROZEN_DESIGN_DATA_MISSING restore general-purpose single-char base lexicon,false,true
族,族,1,single_char,base,,zu,zu2,common-standard-level-1+pinyin-data,docs/pinyin-v2/import/single_char_dictionary.tsv,FROZEN_DESIGN_DATA_MISSING restore general-purpose single-char base lexicon,false,true
旋,旋,1,single_char,base,,xuan,xuan2,common-standard-level-1+pinyin-data,docs/pinyin-v2/import/single_char_dictionary.tsv,FROZEN_DESIGN_DATA_MISSING restore general-purpose single-char base lexicon,false,true
望,望,1,single_char,base,,wang,wang4,common-standard-level-1+pinyin-data,docs/pinyin-v2/import/single_char_dictionary.tsv,FROZEN_DESIGN_DATA_MISSING restore general-purpose single-char base lexicon,false,true
率,率,1,single_char,base,,lv,lv4,common-standard-level-1+pinyin-data,docs/pinyin-v2/import/single_char_dictionary.tsv,FROZEN_DESIGN_DATA_MISSING restore general-purpose single-char base lexicon,false,true
阎,阎,1,single_char,base,,yan,yan2,common-standard-level-1+pinyin-data,docs/pinyin-v2/import/single_char_dictionary.tsv,FROZEN_DESIGN_DATA_MISSING restore general-purpose single-char base lexicon,false,true
阐,阐,1,single_char,base,,chan,chan3,common-standard-level-1+pinyin-data,docs/pinyin-v2/import/single_char_dictionary.tsv,FROZEN_DESIGN_DATA_MISSING restore general-purpose single-char base lexicon,false,true
着,着,1,single_char,base,,zhe,zhe,common-standard-level-1+pinyin-data,docs/pinyin-v2/import/single_char_dictionary.tsv,FROZEN_DESIGN_DATA_MISSING restore general-purpose single-char base lexicon,false,true
羚,羚,1,single_char,base,,ling,ling2,common-standard-level-1+pinyin-data,docs/pinyin-v2/import/single_char_dictionary.tsv,FROZEN_DESIGN_DATA_MISSING restore general-purpose single-char base lexicon,false,true
盖,盖,1,single_char,base,,gai,gai4,common-standard-level-1+pinyin-data,docs/pinyin-v2/import/single_char_dictionary.tsv,FROZEN_DESIGN_DATA_MISSING restore general-purpose single-char base lexicon,false,true
眷,眷,1,single_char,base,,juan,juan4,common-standard-level-1+pinyin-data,docs/pinyin-v2/import/single_char_dictionary.tsv,FROZEN_DESIGN_DATA_MISSING restore general-purpose single-char base lexicon,false,true
粘,粘,1,single_char,base,,zhan,zhan1,common-standard-level-1+pinyin-data,docs/pinyin-v2/import/single_char_dictionary.tsv,FROZEN_DESIGN_DATA_MISSING restore general-purpose single-char base lexicon,false,true
粗,粗,1,single_char,base,,cu,cu1,common-standard-level-1+pinyin-data,docs/pinyin-v2/import/single_char_dictionary.tsv,FROZEN_DESIGN_DATA_MISSING restore general-purpose single-char base lexicon,false,true
粒,粒,1,single_char,base,,li,li4,common-standard-level-1+pinyin-data,docs/pinyin-v2/import/single_char_dictionary.tsv,FROZEN_DESIGN_DATA_MISSING restore general-purpose single-char base lexicon,false,true
断,断,1,single_char,base,,duan,duan4,common-standard-level-1+pinyin-data,docs/pinyin-v2/import/single_char_dictionary.tsv,FROZEN_DESIGN_DATA_MISSING restore general-purpose single-char base lexicon,false,true
剪,剪,1,single_char,base,,jian,jian3,common-standard-level-1+pinyin-data,docs/pinyin-v2/import/single_char_dictionary.tsv,FROZEN_DESIGN_DATA_MISSING restore general-purpose single-char base lexicon,false,true
兽,兽,1,single_char,base,,shou,shou4,common-standard-level-1+pinyin-data,docs/pinyin-v2/import/single_char_dictionary.tsv,FROZEN_DESIGN_DATA_MISSING restore general-purpose single-char base lexicon,false,true
焊,焊,1,single_char,base,,han,han4,common-standard-level-1+pinyin-data,docs/pinyin-v2/import/single_char_dictionary.tsv,FROZEN_DESIGN_DATA_MISSING restore general-purpose single-char base lexicon,false,true
焕,焕,1,single_char,base,,huan,huan4,common-standard-level-1+pinyin-data,docs/pinyin-v2/import/single_char_dictionary.tsv,FROZEN_DESIGN_DATA_MISSING restore general-purpose single-char base lexicon,false,true
清,清,1,single_char,base,,qing,qing1,common-standard-level-1+pinyin-data,docs/pinyin-v2/import/single_char_dictionary.tsv,FROZEN_DESIGN_DATA_MISSING restore general-purpose single-char base lexicon,false,true
添,添,1,single_char,base,,tian,tian1,common-standard-level-1+pinyin-data,docs/pinyin-v2/import/single_char_dictionary.tsv,FROZEN_DESIGN_DATA_MISSING restore general-purpose single-char base lexicon,false,true
鸿,鸿,1,single_char,base,,hong,hong2,common-standard-level-1+pinyin-data,docs/pinyin-v2/import/single_char_dictionary.tsv,FROZEN_DESIGN_DATA_MISSING restore general-purpose single-char base lexicon,false,true
淋,淋,1,single_char,base,,lin,lin2,common-standard-level-1+pinyin-data,docs/pinyin-v2/import/single_char_dictionary.tsv,FROZEN_DESIGN_DATA_MISSING restore general-purpose single-char base lexicon,false,true
涯,涯,1,single_char,base,,ya,ya2,common-standard-level-1+pinyin-data,docs/pinyin-v2/import/single_char_dictionary.tsv,FROZEN_DESIGN_DATA_MISSING restore general-purpose single-char base lexicon,false,true
淹,淹,1,single_char,base,,yan,yan1,common-standard-level-1+pinyin-data,docs/pinyin-v2/import/single_char_dictionary.tsv,FROZEN_DESIGN_DATA_MISSING restore general-purpose single-char base lexicon,false,true
渠,渠,1,single_char,base,,qu,qu2,common-standard-level-1+pinyin-data,docs/pinyin-v2/import/single_char_dictionary.tsv,FROZEN_DESIGN_DATA_MISSING restore general-purpose single-char base lexicon,false,true
渐,渐,1,single_char,base,,jian,jian4,common-standard-level-1+pinyin-data,docs/pinyin-v2/import/single_char_dictionary.tsv,FROZEN_DESIGN_DATA_MISSING restore general-purpose single-char base lexicon,false,true
淑,淑,1,single_char,base,,shu,shu1,common-standard-level-1+pinyin-data,docs/pinyin-v2/import/single_char_dictionary.tsv,FROZEN_DESIGN_DATA_MISSING restore general-purpose single-char base lexicon,false,true
淌,淌,1,single_char,base,,tang,tang3,common-standard-level-1+pinyin-data,docs/pinyin-v2/import/single_char_dictionary.tsv,FROZEN_DESIGN_DATA_MISSING restore general-purpose single-char base lexicon,false,true
混,混,1,single_char,base,,hun,hun4,common-standard-level-1+pinyin-data,docs/pinyin-v2/import/single_char_dictionary.tsv,FROZEN_DESIGN_DATA_MISSING restore general-purpose single-char base lexicon,false,true
淮,淮,1,single_char,base,,huai,huai2,common-standard-level-1+pinyin-data,docs/pinyin-v2/import/single_char_dictionary.tsv,FROZEN_DESIGN_DATA_MISSING restore general-purpose single-char base lexicon,false,true
淆,淆,1,single_char,base,,xiao,xiao2,common-standard-level-1+pinyin-data,docs/pinyin-v2/import/single_char_dictionary.tsv,FROZEN_DESIGN_DATA_MISSING restore general-purpose single-char base lexicon,false,true
渊,渊,1,single_char,base,,yuan,yuan1,common-standard-level-1+pinyin-data,docs/pinyin-v2/import/single_char_dictionary.tsv,FROZEN_DESIGN_DATA_MISSING restore general-purpose single-char base lexicon,false,true
淫,淫,1,single_char,base,,yin,yin2,common-standard-level-1+pinyin-data,docs/pinyin-v2/import/single_char_dictionary.tsv,FROZEN_DESIGN_DATA_MISSING restore general-purpose single-char base lexicon,false,true
渔,渔,1,single_char,base,,yu,yu2,common-standard-level-1+pinyin-data,docs/pinyin-v2/import/single_char_dictionary.tsv,FROZEN_DESIGN_DATA_MISSING restore general-purpose single-char base lexicon,false,true
淘,淘,1,single_char,base,,tao,tao2,common-standard-level-1+pinyin-data,docs/pinyin-v2/import/single_char_dictionary.tsv,FROZEN_DESIGN_DATA_MISSING restore general-purpose single-char base lexicon,false,true
淳,淳,1,single_char,base,,chun,chun2,common-standard-level-1+pinyin-data,docs/pinyin-v2/import/single_char_dictionary.tsv,FROZEN_DESIGN_DATA_MISSING restore general-purpose single-char base lexicon,false,true
液,液,1,single_char,base,,ye,ye4,common-standard-level-1+pinyin-data,docs/pinyin-v2/import/single_char_dictionary.tsv,FROZEN_DESIGN_DATA_MISSING restore general-purpose single-char base lexicon,false,true
淤,淤,1,single_char,base,,yu,yu1,common-standard-level-1+pinyin-data,docs/pinyin-v2/import/single_char_dictionary.tsv,FROZEN_DESIGN_DATA_MISSING restore general-purpose single-char base lexicon,false,true
淡,淡,1,single_char,base,,dan,dan4,common-standard-level-1+pinyin-data,docs/pinyin-v2/import/single_char_dictionary.tsv,FROZEN_DESIGN_DATA_MISSING restore general-purpose single-char base lexicon,false,true
淀,淀,1,single_char,base,,dian,dian4,common-standard-level-1+pinyin-data,docs/pinyin-v2/import/single_char_dictionary.tsv,FROZEN_DESIGN_DATA_MISSING restore general-purpose single-char base lexicon,false,true
深,深,1,single_char,base,,shen,shen1,common-standard-level-1+pinyin-data,docs/pinyin-v2/import/single_char_dictionary.tsv,FROZEN_DESIGN_DATA_MISSING restore general-purpose single-char base lexicon,false,true
涮,涮,1,single_char,base,,shuan,shuan4,common-standard-level-1+pinyin-data,docs/pinyin-v2/import/single_char_dictionary.tsv,FROZEN_DESIGN_DATA_MISSING restore general-purpose single-char base lexicon,false,true
涵,涵,1,single_char,base,,han,han2,common-standard-level-1+pinyin-data,docs/pinyin-v2/import/single_char_dictionary.tsv,FROZEN_DESIGN_DATA_MISSING restore general-purpose single-char base lexicon,false,true
婆,婆,1,single_char,base,,po,po2,common-standard-level-1+pinyin-data,docs/pinyin-v2/import/single_char_dictionary.tsv,FROZEN_DESIGN_DATA_MISSING restore general-purpose single-char base lexicon,false,true
梁,梁,1,single_char,base,,liang,liang2,common-standard-level-1+pinyin-data,docs/pinyin-v2/import/single_char_dictionary.tsv,FROZEN_DESIGN_DATA_MISSING restore general-purpose single-char base lexicon,false,true
渗,渗,1,single_char,base,,shen,shen4,common-standard-level-1+pinyin-data,docs/pinyin-v2/import/single_char_dictionary.tsv,FROZEN_DESIGN_DATA_MISSING restore general-purpose single-char base lexicon,false,true
情,情,1,single_char,base,,qing,qing2,common-standard-level-1+pinyin-data,docs/pinyin-v2/import/single_char_dictionary.tsv,FROZEN_DESIGN_DATA_MISSING restore general-purpose single-char base lexicon,false,true
惜,惜,1,single_char,base,,xi,xi1,common-standard-level-1+pinyin-data,docs/pinyin-v2/import/single_char_dictionary.tsv,FROZEN_DESIGN_DATA_MISSING restore general-purpose single-char base lexicon,false,true
惭,惭,1,single_char,base,,can,can2,common-standard-level-1+pinyin-data,docs/pinyin-v2/import/single_char_dictionary.tsv,FROZEN_DESIGN_DATA_MISSING restore general-purpose single-char base lexicon,false,true
悼,悼,1,single_char,base,,dao,dao4,common-standard-level-1+pinyin-data,docs/pinyin-v2/import/single_char_dictionary.tsv,FROZEN_DESIGN_DATA_MISSING restore general-purpose single-char base lexicon,false,true
惧,惧,1,single_char,base,,ju,ju4,common-standard-level-1+pinyin-data,docs/pinyin-v2/import/single_char_dictionary.tsv,FROZEN_DESIGN_DATA_MISSING restore general-purpose single-char base lexicon,false,true
惕,惕,1,single_char,base,,ti,ti4,common-standard-level-1+pinyin-data,docs/pinyin-v2/import/single_char_dictionary.tsv,FROZEN_DESIGN_DATA_MISSING restore general-purpose single-char base lexicon,false,true
惟,惟,1,single_char,base,,wei,wei2,common-standard-level-1+pinyin-data,docs/pinyin-v2/import/single_char_dictionary.tsv,FROZEN_DESIGN_DATA_MISSING restore general-purpose single-char base lexicon,false,true
惊,惊,1,single_char,base,,jing,jing1,common-standard-level-1+pinyin-data,docs/pinyin-v2/import/single_char_dictionary.tsv,FROZEN_DESIGN_DATA_MISSING restore general-purpose single-char base lexicon,false,true
惦,惦,1,single_char,base,,dian,dian4,common-standard-level-1+pinyin-data,docs/pinyin-v2/import/single_char_dictionary.tsv,FROZEN_DESIGN_DATA_MISSING restore general-purpose single-char base lexicon,false,true
悴,悴,1,single_char,base,,cui,cui4,common-standard-level-1+pinyin-data,docs/pinyin-v2/import/single_char_dictionary.tsv,FROZEN_DESIGN_DATA_MISSING restore general-purpose single-char base lexicon,false,true
惋,惋,1,single_char,base,,wan,wan3,common-standard-level-1+pinyin-data,docs/pinyin-v2/import/single_char_dictionary.tsv,FROZEN_DESIGN_DATA_MISSING restore general-purpose single-char base lexicon,false,true
惨,惨,1,single_char,base,,can,can3,common-standard-level-1+pinyin-data,docs/pinyin-v2/import/single_char_dictionary.tsv,FROZEN_DESIGN_DATA_MISSING restore general-purpose single-char base lexicon,false,true
惯,惯,1,single_char,base,,guan,guan4,common-standard-level-1+pinyin-data,docs/pinyin-v2/import/single_char_dictionary.tsv,FROZEN_DESIGN_DATA_MISSING restore general-purpose single-char base lexicon,false,true
寇,寇,1,single_char,base,,kou,kou4,common-standard-level-1+pinyin-data,docs/pinyin-v2/import/single_char_dictionary.tsv,FROZEN_DESIGN_DATA_MISSING restore general-purpose single-char base lexicon,false,true
寅,寅,1,single_char,base,,yin,yin2,common-standard-level-1+pinyin-data,docs/pinyin-v2/import/single_char_dictionary.tsv,FROZEN_DESIGN_DATA_MISSING restore general-purpose single-char base lexicon,false,true
寄,寄,1,single_char,base,,ji,ji4,common-standard-level-1+pinyin-data,docs/pinyin-v2/import/single_char_dictionary.tsv,FROZEN_DESIGN_DATA_MISSING restore general-purpose single-char base lexicon,false,true
寂,寂,1,single_char,base,,ji,ji4,common-standard-level-1+pinyin-data,docs/pinyin-v2/import/single_char_dictionary.tsv,FROZEN_DESIGN_DATA_MISSING restore general-purpose single-char base lexicon,false,true
宿,宿,1,single_char,base,,su,su4,common-standard-level-1+pinyin-data,docs/pinyin-v2/import/single_char_dictionary.tsv,FROZEN_DESIGN_DATA_MISSING restore general-purpose single-char base lexicon,false,true
窒,窒,1,single_char,base,,zhi,zhi4,common-standard-level-1+pinyin-data,docs/pinyin-v2/import/single_char_dictionary.tsv,FROZEN_DESIGN_DATA_MISSING restore general-purpose single-char base lexicon,false,true
窑,窑,1,single_char,base,,yao,yao2,common-standard-level-1+pinyin-data,docs/pinyin-v2/import/single_char_dictionary.tsv,FROZEN_DESIGN_DATA_MISSING restore general-purpose single-char base lexicon,false,true
密,密,1,single_char,base,,mi,mi4,common-standard-level-1+pinyin-data,docs/pinyin-v2/import/single_char_dictionary.tsv,FROZEN_DESIGN_DATA_MISSING restore general-purpose single-char base lexicon,false,true
谋,谋,1,single_char,base,,mou,mou2,common-standard-level-1+pinyin-data,docs/pinyin-v2/import/single_char_dictionary.tsv,FROZEN_DESIGN_DATA_MISSING restore general-purpose single-char base lexicon,false,true
谍,谍,1,single_char,base,,die,die2,common-standard-level-1+pinyin-data,docs/pinyin-v2/import/single_char_dictionary.tsv,FROZEN_DESIGN_DATA_MISSING restore general-purpose single-char base lexicon,false,true
谎,谎,1,single_char,base,,huang,huang3,common-standard-level-1+pinyin-data,docs/pinyin-v2/import/single_char_dictionary.tsv,FROZEN_DESIGN_DATA_MISSING restore general-purpose single-char base lexicon,false,true
谐,谐,1,single_char,base,,xie,xie2,common-standard-level-1+pinyin-data,docs/pinyin-v2/import/single_char_dictionary.tsv,FROZEN_DESIGN_DATA_MISSING restore general-purpose single-char base lexicon,false,true
袱,袱,1,single_char,base,,fu,fu2,common-standard-level-1+pinyin-data,docs/pinyin-v2/import/single_char_dictionary.tsv,FROZEN_DESIGN_DATA_MISSING restore general-purpose single-char base lexicon,false,true
祷,祷,1,single_char,base,,dao,dao3,common-standard-level-1+pinyin-data,docs/pinyin-v2/import/single_char_dictionary.tsv,FROZEN_DESIGN_DATA_MISSING restore general-purpose single-char base lexicon,false,true
祸,祸,1,single_char,base,,huo,huo4,common-standard-level-1+pinyin-data,docs/pinyin-v2/import/single_char_dictionary.tsv,FROZEN_DESIGN_DATA_MISSING restore general-purpose single-char base lexicon,false,true
谓,谓,1,single_char,base,,wei,wei4,common-standard-level-1+pinyin-data,docs/pinyin-v2/import/single_char_dictionary.tsv,FROZEN_DESIGN_DATA_MISSING restore general-purpose single-char base lexicon,false,true
谚,谚,1,single_char,base,,yan,yan4,common-standard-level-1+pinyin-data,docs/pinyin-v2/import/single_char_dictionary.tsv,FROZEN_DESIGN_DATA_MISSING restore general-purpose single-char base lexicon,false,true
谜,谜,1,single_char,base,,mi,mi2,common-standard-level-1+pinyin-data,docs/pinyin-v2/import/single_char_dictionary.tsv,FROZEN_DESIGN_DATA_MISSING restore general-purpose single-char base lexicon,false,true
逮,逮,1,single_char,base,,dai,dai3,common-standard-level-1+pinyin-data,docs/pinyin-v2/import/single_char_dictionary.tsv,FROZEN_DESIGN_DATA_MISSING restore general-purpose single-char base lexicon,false,true
敢,敢,1,single_char,base,,gan,gan3,common-standard-level-1+pinyin-data,docs/pinyin-v2/import/single_char_dictionary.tsv,FROZEN_DESIGN_DATA_MISSING restore general-purpose single-char base lexicon,false,true
尉,尉,1,single_char,base,,wei,wei4,common-standard-level-1+pinyin-data,docs/pinyin-v2/import/single_char_dictionary.tsv,FROZEN_DESIGN_DATA_MISSING restore general-purpose single-char base lexicon,false,true
屠,屠,1,single_char,base,,tu,tu2,common-standard-level-1+pinyin-data,docs/pinyin-v2/import/single_char_dictionary.tsv,FROZEN_DESIGN_DATA_MISSING restore general-purpose single-char base lexicon,false,true
弹,弹,1,single_char,base,,dan,dan4,common-standard-level-1+pinyin-data,docs/pinyin-v2/import/single_char_dictionary.tsv,FROZEN_DESIGN_DATA_MISSING restore general-purpose single-char base lexicon,false,true
隋,隋,1,single_char,base,,sui,sui2,common-standard-level-1+pinyin-data,docs/pinyin-v2/import/single_char_dictionary.tsv,FROZEN_DESIGN_DATA_MISSING restore general-purpose single-char base lexicon,false,true
堕,堕,1,single_char,base,,duo,duo4,common-standard-level-1+pinyin-data,docs/pinyin-v2/import/single_char_dictionary.tsv,FROZEN_DESIGN_DATA_MISSING restore general-purpose single-char base lexicon,false,true
随,随,1,single_char,base,,sui,sui2,common-standard-level-1+pinyin-data,docs/pinyin-v2/import/single_char_dictionary.tsv,FROZEN_DESIGN_DATA_MISSING restore general-purpose single-char base lexicon,false,true
蛋,蛋,1,single_char,base,,dan,dan4,common-standard-level-1+pinyin-data,docs/pinyin-v2/import/single_char_dictionary.tsv,FROZEN_DESIGN_DATA_MISSING restore general-purpose single-char base lexicon,false,true
隅,隅,1,single_char,base,,yu,yu2,common-standard-level-1+pinyin-data,docs/pinyin-v2/import/single_char_dictionary.tsv,FROZEN_DESIGN_DATA_MISSING restore general-purpose single-char base lexicon,false,true
隆,隆,1,single_char,base,,long,long2,common-standard-level-1+pinyin-data,docs/pinyin-v2/import/single_char_dictionary.tsv,FROZEN_DESIGN_DATA_MISSING restore general-purpose single-char base lexicon,false,true
隐,隐,1,single_char,base,,yin,yin3,common-standard-level-1+pinyin-data,docs/pinyin-v2/import/single_char_dictionary.tsv,FROZEN_DESIGN_DATA_MISSING restore general-purpose single-char base lexicon,false,true
婚,婚,1,single_char,base,,hun,hun1,common-standard-level-1+pinyin-data,docs/pinyin-v2/import/single_char_dictionary.tsv,FROZEN_DESIGN_DATA_MISSING restore general-purpose single-char base lexicon,false,true
婶,婶,1,single_char,base,,shen,shen3,common-standard-level-1+pinyin-data,docs/pinyin-v2/import/single_char_dictionary.tsv,FROZEN_DESIGN_DATA_MISSING restore general-purpose single-char base lexicon,false,true
婉,婉,1,single_char,base,,wan,wan3,common-standard-level-1+pinyin-data,docs/pinyin-v2/import/single_char_dictionary.tsv,FROZEN_DESIGN_DATA_MISSING restore general-purpose single-char base lexicon,false,true
颇,颇,1,single_char,base,,po,po3,common-standard-level-1+pinyin-data,docs/pinyin-v2/import/single_char_dictionary.tsv,FROZEN_DESIGN_DATA_MISSING restore general-purpose single-char base lexicon,false,true
颈,颈,1,single_char,base,,jing,jing3,common-standard-level-1+pinyin-data,docs/pinyin-v2/import/single_char_dictionary.tsv,FROZEN_DESIGN_DATA_MISSING restore general-purpose single-char base lexicon,false,true
绩,绩,1,single_char,base,,ji,ji4,common-standard-level-1+pinyin-data,docs/pinyin-v2/import/single_char_dictionary.tsv,FROZEN_DESIGN_DATA_MISSING restore general-purpose single-char base lexicon,false,true
绪,绪,1,single_char,base,,xu,xu4,common-standard-level-1+pinyin-data,docs/pinyin-v2/import/single_char_dictionary.tsv,FROZEN_DESIGN_DATA_MISSING restore general-purpose single-char base lexicon,false,true
续,续,1,single_char,base,,xu,xu4,common-standard-level-1+pinyin-data,docs/pinyin-v2/import/single_char_dictionary.tsv,FROZEN_DESIGN_DATA_MISSING restore general-purpose single-char base lexicon,false,true
骑,骑,1,single_char,base,,qi,qi2,common-standard-level-1+pinyin-data,docs/pinyin-v2/import/single_char_dictionary.tsv,FROZEN_DESIGN_DATA_MISSING restore general-purpose single-char base lexicon,false,true
绰,绰,1,single_char,base,,chuo,chuo4,common-standard-level-1+pinyin-data,docs/pinyin-v2/import/single_char_dictionary.tsv,FROZEN_DESIGN_DATA_MISSING restore general-purpose single-char base lexicon,false,true
绳,绳,1,single_char,base,,sheng,sheng2,common-standard-level-1+pinyin-data,docs/pinyin-v2/import/single_char_dictionary.tsv,FROZEN_DESIGN_DATA_MISSING restore general-purpose single-char base lexicon,false,true
维,维,1,single_char,base,,wei,wei2,common-standard-level-1+pinyin-data,docs/pinyin-v2/import/single_char_dictionary.tsv,FROZEN_DESIGN_DATA_MISSING restore general-purpose single-char base lexicon,false,true
绵,绵,1,single_char,base,,mian,mian2,common-standard-level-1+pinyin-data,docs/pinyin-v2/import/single_char_dictionary.tsv,FROZEN_DESIGN_DATA_MISSING restore general-purpose single-char base lexicon,false,true
绷,绷,1,single_char,base,,beng,beng1,common-standard-level-1+pinyin-data,docs/pinyin-v2/import/single_char_dictionary.tsv,FROZEN_DESIGN_DATA_MISSING restore general-purpose single-char base lexicon,false,true
绸,绸,1,single_char,base,,chou,chou2,common-standard-level-1+pinyin-data,docs/pinyin-v2/import/single_char_dictionary.tsv,FROZEN_DESIGN_DATA_MISSING restore general-purpose single-char base lexicon,false,true
综,综,1,single_char,base,,zong,zong1,common-standard-level-1+pinyin-data,docs/pinyin-v2/import/single_char_dictionary.tsv,FROZEN_DESIGN_DATA_MISSING restore general-purpose single-char base lexicon,false,true
绽,绽,1,single_char,base,,zhan,zhan4,common-standard-level-1+pinyin-data,docs/pinyin-v2/import/single_char_dictionary.tsv,FROZEN_DESIGN_DATA_MISSING restore general-purpose single-char base lexicon,false,true
绿,绿,1,single_char,base,,lv,lv4,common-standard-level-1+pinyin-data,docs/pinyin-v2/import/single_char_dictionary.tsv,FROZEN_DESIGN_DATA_MISSING restore general-purpose single-char base lexicon,false,true
缀,缀,1,single_char,base,,zhui,zhui4,common-standard-level-1+pinyin-data,docs/pinyin-v2/import/single_char_dictionary.tsv,FROZEN_DESIGN_DATA_MISSING restore general-purpose single-char base lexicon,false,true
巢,巢,1,single_char,base,,chao,chao2,common-standard-level-1+pinyin-data,docs/pinyin-v2/import/single_char_dictionary.tsv,FROZEN_DESIGN_DATA_MISSING restore general-purpose single-char base lexicon,false,true
等,等,1,single_char,base,,deng,deng3,common-standard-level-1+pinyin-data-extra-function,docs/pinyin-v2/import/single_char_dictionary.tsv,FROZEN_DESIGN_DATA_MISSING restore general-purpose single-char base lexicon,false,true
街,街,1,single_char,base,,jie,jie1,common-standard-level-1+pinyin-data-extra-function,docs/pinyin-v2/import/single_char_dictionary.tsv,FROZEN_DESIGN_DATA_MISSING restore general-purpose single-char base lexicon,false,true
就,就,1,single_char,base,,jiu,jiu4,common-standard-level-1+pinyin-data-extra-function,docs/pinyin-v2/import/single_char_dictionary.tsv,FROZEN_DESIGN_DATA_MISSING restore general-purpose single-char base lexicon,false,true
想,想,1,single_char,base,,xiang,xiang3,common-standard-level-1+pinyin-data-extra-function,docs/pinyin-v2/import/single_char_dictionary.tsv,FROZEN_DESIGN_DATA_MISSING restore general-purpose single-char base lexicon,false,true
楼,楼,1,single_char,base,,lou,lou2,common-standard-level-1+pinyin-data-extra-function,docs/pinyin-v2/import/single_char_dictionary.tsv,FROZEN_DESIGN_DATA_MISSING restore general-purpose single-char base lexicon,false,true
碗,碗,1,single_char,base,,wan,wan3,common-standard-level-1+pinyin-data-extra-function,docs/pinyin-v2/import/single_char_dictionary.tsv,FROZEN_DESIGN_DATA_MISSING restore general-purpose single-char base lexicon,false,true
路,路,1,single_char,base,,lu,lu4,common-standard-level-1+pinyin-data-extra-function,docs/pinyin-v2/import/single_char_dictionary.tsv,FROZEN_DESIGN_DATA_MISSING restore general-purpose single-char base lexicon,false,true
跟,跟,1,single_char,base,,gen,gen1,common-standard-level-1+pinyin-data-extra-function,docs/pinyin-v2/import/single_char_dictionary.tsv,FROZEN_DESIGN_DATA_MISSING restore general-purpose single-char base lexicon,false,true
颗,颗,1,single_char,base,,ke,ke1,common-standard-level-1+pinyin-data-extra-function,docs/pinyin-v2/import/single_char_dictionary.tsv,FROZEN_DESIGN_DATA_MISSING restore general-purpose single-char base lexicon,false,true
趟,趟,1,single_char,base,,tang,tang4,common-standard-level-1+pinyin-data-extra-function,docs/pinyin-v2/import/single_char_dictionary.tsv,FROZEN_DESIGN_DATA_MISSING restore general-purpose single-char base lexicon,false,true
