surface,pinyin,tone_pinyin,single_char_role,frequency_rank,source,source_authority
一,yi,yi1,content_single_char,1,common-standard-level-1+pinyin-data,docs/pinyin-v2/import/single_char_dictionary.tsv
乙,yi,yi3,content_single_char,2,common-standard-level-1+pinyin-data,docs/pinyin-v2/import/single_char_dictionary.tsv
二,er,er4,content_single_char,3,common-standard-level-1+pinyin-data,docs/pinyin-v2/import/single_char_dictionary.tsv
十,shi,shi2,content_single_char,4,common-standard-level-1+pinyin-data,docs/pinyin-v2/import/single_char_dictionary.tsv
丁,ding,ding1,content_single_char,5,common-standard-level-1+pinyin-data,docs/pinyin-v2/import/single_char_dictionary.tsv
厂,chang,chang3,content_single_char,6,common-standard-level-1+pinyin-data,docs/pinyin-v2/import/single_char_dictionary.tsv
七,qi,qi1,content_single_char,7,common-standard-level-1+pinyin-data,docs/pinyin-v2/import/single_char_dictionary.tsv
卜,bo,bo,content_single_char,8,common-standard-level-1+pinyin-data,docs/pinyin-v2/import/single_char_dictionary.tsv
八,ba,ba1,content_single_char,9,common-standard-level-1+pinyin-data,docs/pinyin-v2/import/single_char_dictionary.tsv
人,ren,ren2,service_content_single_char,10,common-standard-level-1+pinyin-data,docs/pinyin-v2/import/single_char_dictionary.tsv
入,ru,ru4,content_single_char,11,common-standard-level-1+pinyin-data,docs/pinyin-v2/import/single_char_dictionary.tsv
儿,er,er2,content_single_char,12,common-standard-level-1+pinyin-data,docs/pinyin-v2/import/single_char_dictionary.tsv
匕,bi,bi3,content_single_char,13,common-standard-level-1+pinyin-data,docs/pinyin-v2/import/single_char_dictionary.tsv
几,ji,ji3,content_single_char,14,common-standard-level-1+pinyin-data,docs/pinyin-v2/import/single_char_dictionary.tsv
九,jiu,jiu3,content_single_char,15,common-standard-level-1+pinyin-data,docs/pinyin-v2/import/single_char_dictionary.tsv
刁,diao,diao1,content_single_char,16,common-standard-level-1+pinyin-data,docs/pinyin-v2/import/single_char_dictionary.tsv
了,le,le,function_single_char,17,common-standard-level-1+pinyin-data,docs/pinyin-v2/import/single_char_dictionary.tsv
刀,dao,dao1,content_single_char,18,common-standard-level-1+pinyin-data,docs/pinyin-v2/import/single_char_dictionary.tsv
力,li,li4,content_single_char,19,common-standard-level-1+pinyin-data,docs/pinyin-v2/import/single_char_dictionary.tsv
乃,nai,nai3,content_single_char,20,common-standard-level-1+pinyin-data,docs/pinyin-v2/import/single_char_dictionary.tsv
又,you,you4,content_single_char,21,common-standard-level-1+pinyin-data,docs/pinyin-v2/import/single_char_dictionary.tsv
三,san,san1,content_single_char,22,common-standard-level-1+pinyin-data,docs/pinyin-v2/import/single_char_dictionary.tsv
干,gan,gan4,content_single_char,23,common-standard-level-1+pinyin-data,docs/pinyin-v2/import/single_char_dictionary.tsv
于,yu,yu2,function_single_char,24,common-standard-level-1+pinyin-data,docs/pinyin-v2/import/single_char_dictionary.tsv
亏,kui,kui1,content_single_char,25,common-standard-level-1+pinyin-data,docs/pinyin-v2/import/single_char_dictionary.tsv
工,gong,gong1,content_single_char,26,common-standard-level-1+pinyin-data,docs/pinyin-v2/import/single_char_dictionary.tsv
土,tu,tu3,content_single_char,27,common-standard-level-1+pinyin-data,docs/pinyin-v2/import/single_char_dictionary.tsv
士,shi,shi4,content_single_char,28,common-standard-level-1+pinyin-data,docs/pinyin-v2/import/single_char_dictionary.tsv
才,cai,cai2,time_single_char,29,common-standard-level-1+pinyin-data,docs/pinyin-v2/import/single_char_dictionary.tsv
下,xia,xia4,place_direction_single_char,30,common-standard-level-1+pinyin-data,docs/pinyin-v2/import/single_char_dictionary.tsv
寸,cun,cun4,content_single_char,31,common-standard-level-1+pinyin-data,docs/pinyin-v2/import/single_char_dictionary.tsv
大,da,da4,content_single_char,32,common-standard-level-1+pinyin-data,docs/pinyin-v2/import/single_char_dictionary.tsv
丈,zhang,zhang4,content_single_char,33,common-standard-level-1+pinyin-data,docs/pinyin-v2/import/single_char_dictionary.tsv
与,yu,yu3,function_single_char,34,common-standard-level-1+pinyin-data,docs/pinyin-v2/import/single_char_dictionary.tsv
万,wan,wan4,content_single_char,35,common-standard-level-1+pinyin-data,docs/pinyin-v2/import/single_char_dictionary.tsv
上,shang,shang4,place_direction_single_char,36,common-standard-level-1+pinyin-data,docs/pinyin-v2/import/single_char_dictionary.tsv
小,xiao,xiao3,content_single_char,37,common-standard-level-1+pinyin-data,docs/pinyin-v2/import/single_char_dictionary.tsv
口,kou,kou3,place_direction_single_char,38,common-standard-level-1+pinyin-data,docs/pinyin-v2/import/single_char_dictionary.tsv
山,shan,shan1,service_content_single_char,39,common-standard-level-1+pinyin-data,docs/pinyin-v2/import/single_char_dictionary.tsv
巾,jin,jin1,content_single_char,40,common-standard-level-1+pinyin-data,docs/pinyin-v2/import/single_char_dictionary.tsv
千,qian,qian1,content_single_char,41,common-standard-level-1+pinyin-data,docs/pinyin-v2/import/single_char_dictionary.tsv
乞,qi,qi3,content_single_char,42,common-standard-level-1+pinyin-data,docs/pinyin-v2/import/single_char_dictionary.tsv
川,chuan,chuan1,content_single_char,43,common-standard-level-1+pinyin-data,docs/pinyin-v2/import/single_char_dictionary.tsv
亿,yi,yi4,content_single_char,44,common-standard-level-1+pinyin-data,docs/pinyin-v2/import/single_char_dictionary.tsv
个,ge,ge4,measure_single_char,45,common-standard-level-1+pinyin-data,docs/pinyin-v2/import/single_char_dictionary.tsv
夕,xi,xi1,content_single_char,46,common-standard-level-1+pinyin-data,docs/pinyin-v2/import/single_char_dictionary.tsv
久,jiu,jiu3,content_single_char,47,common-standard-level-1+pinyin-data,docs/pinyin-v2/import/single_char_dictionary.tsv
么,me,me,function_single_char,48,common-standard-level-1+pinyin-data,docs/pinyin-v2/import/single_char_dictionary.tsv
勺,shao,shao2,content_single_char,49,common-standard-level-1+pinyin-data,docs/pinyin-v2/import/single_char_dictionary.tsv
凡,fan,fan2,content_single_char,50,common-standard-level-1+pinyin-data,docs/pinyin-v2/import/single_char_dictionary.tsv
丸,wan,wan2,content_single_char,51,common-standard-level-1+pinyin-data,docs/pinyin-v2/import/single_char_dictionary.tsv
及,ji,ji2,function_single_char,52,common-standard-level-1+pinyin-data,docs/pinyin-v2/import/single_char_dictionary.tsv
广,guang,guang3,content_single_char,53,common-standard-level-1+pinyin-data,docs/pinyin-v2/import/single_char_dictionary.tsv
亡,wang,wang2,content_single_char,54,common-standard-level-1+pinyin-data,docs/pinyin-v2/import/single_char_dictionary.tsv
门,men,men2,place_direction_single_char,55,common-standard-level-1+pinyin-data,docs/pinyin-v2/import/single_char_dictionary.tsv
丫,ya,ya1,content_single_char,56,common-standard-level-1+pinyin-data,docs/pinyin-v2/import/single_char_dictionary.tsv
义,yi,yi4,content_single_char,57,common-standard-level-1+pinyin-data,docs/pinyin-v2/import/single_char_dictionary.tsv
之,zhi,zhi1,content_single_char,58,common-standard-level-1+pinyin-data,docs/pinyin-v2/import/single_char_dictionary.tsv
尸,shi,shi1,content_single_char,59,common-standard-level-1+pinyin-data,docs/pinyin-v2/import/single_char_dictionary.tsv
己,ji,ji3,content_single_char,60,common-standard-level-1+pinyin-data,docs/pinyin-v2/import/single_char_dictionary.tsv
已,yi,yi3,content_single_char,61,common-standard-level-1+pinyin-data,docs/pinyin-v2/import/single_char_dictionary.tsv
巳,si,si4,content_single_char,62,common-standard-level-1+pinyin-data,docs/pinyin-v2/import/single_char_dictionary.tsv
弓,gong,gong1,content_single_char,63,common-standard-level-1+pinyin-data,docs/pinyin-v2/import/single_char_dictionary.tsv
子,zi,zi,content_single_char,64,common-standard-level-1+pinyin-data,docs/pinyin-v2/import/single_char_dictionary.tsv
卫,wei,wei4,content_single_char,65,common-standard-level-1+pinyin-data,docs/pinyin-v2/import/single_char_dictionary.tsv
也,ye,ye3,function_single_char,66,common-standard-level-1+pinyin-data,docs/pinyin-v2/import/single_char_dictionary.tsv
女,nv,nv3,content_single_char,67,common-standard-level-1+pinyin-data,docs/pinyin-v2/import/single_char_dictionary.tsv
刃,ren,ren4,content_single_char,68,common-standard-level-1+pinyin-data,docs/pinyin-v2/import/single_char_dictionary.tsv
飞,fei,fei1,content_single_char,69,common-standard-level-1+pinyin-data,docs/pinyin-v2/import/single_char_dictionary.tsv
习,xi,xi2,content_single_char,70,common-standard-level-1+pinyin-data,docs/pinyin-v2/import/single_char_dictionary.tsv
叉,cha,cha1,content_single_char,71,common-standard-level-1+pinyin-data,docs/pinyin-v2/import/single_char_dictionary.tsv
马,ma,ma3,content_single_char,72,common-standard-level-1+pinyin-data,docs/pinyin-v2/import/single_char_dictionary.tsv
乡,xiang,xiang1,content_single_char,73,common-standard-level-1+pinyin-data,docs/pinyin-v2/import/single_char_dictionary.tsv
丰,feng,feng1,content_single_char,74,common-standard-level-1+pinyin-data,docs/pinyin-v2/import/single_char_dictionary.tsv
王,wang,wang2,content_single_char,75,common-standard-level-1+pinyin-data,docs/pinyin-v2/import/single_char_dictionary.tsv
开,kai,kai1,content_single_char,76,common-standard-level-1+pinyin-data,docs/pinyin-v2/import/single_char_dictionary.tsv
井,jing,jing3,content_single_char,77,common-standard-level-1+pinyin-data,docs/pinyin-v2/import/single_char_dictionary.tsv
天,tian,tian1,time_single_char,78,common-standard-level-1+pinyin-data,docs/pinyin-v2/import/single_char_dictionary.tsv
夫,fu,fu1,content_single_char,79,common-standard-level-1+pinyin-data,docs/pinyin-v2/import/single_char_dictionary.tsv
元,yuan,yuan2,measure_single_char,80,common-standard-level-1+pinyin-data,docs/pinyin-v2/import/single_char_dictionary.tsv
无,wu,wu2,content_single_char,81,common-standard-level-1+pinyin-data,docs/pinyin-v2/import/single_char_dictionary.tsv
云,yun,yun2,content_single_char,82,common-standard-level-1+pinyin-data,docs/pinyin-v2/import/single_char_dictionary.tsv
专,zhuan,zhuan1,content_single_char,83,common-standard-level-1+pinyin-data,docs/pinyin-v2/import/single_char_dictionary.tsv
丐,gai,gai4,content_single_char,84,common-standard-level-1+pinyin-data,docs/pinyin-v2/import/single_char_dictionary.tsv
扎,zha,zha1,content_single_char,85,common-standard-level-1+pinyin-data,docs/pinyin-v2/import/single_char_dictionary.tsv
艺,yi,yi4,content_single_char,86,common-standard-level-1+pinyin-data,docs/pinyin-v2/import/single_char_dictionary.tsv
木,mu,mu4,content_single_char,87,common-standard-level-1+pinyin-data,docs/pinyin-v2/import/single_char_dictionary.tsv
五,wu,wu3,content_single_char,88,common-standard-level-1+pinyin-data,docs/pinyin-v2/import/single_char_dictionary.tsv
支,zhi,zhi1,measure_single_char,89,common-standard-level-1+pinyin-data,docs/pinyin-v2/import/single_char_dictionary.tsv
厅,ting,ting1,content_single_char,90,common-standard-level-1+pinyin-data,docs/pinyin-v2/import/single_char_dictionary.tsv
不,bu,bu4,content_single_char,91,common-standard-level-1+pinyin-data,docs/pinyin-v2/import/single_char_dictionary.tsv
犬,quan,quan3,content_single_char,92,common-standard-level-1+pinyin-data,docs/pinyin-v2/import/single_char_dictionary.tsv
太,tai,tai4,content_single_char,93,common-standard-level-1+pinyin-data,docs/pinyin-v2/import/single_char_dictionary.tsv
区,qu,qu1,place_direction_single_char,94,common-standard-level-1+pinyin-data,docs/pinyin-v2/import/single_char_dictionary.tsv
历,li,li4,content_single_char,95,common-standard-level-1+pinyin-data,docs/pinyin-v2/import/single_char_dictionary.tsv
歹,dai,dai3,content_single_char,96,common-standard-level-1+pinyin-data,docs/pinyin-v2/import/single_char_dictionary.tsv
友,you,you3,content_single_char,97,common-standard-level-1+pinyin-data,docs/pinyin-v2/import/single_char_dictionary.tsv
尤,you,you2,content_single_char,98,common-standard-level-1+pinyin-data,docs/pinyin-v2/import/single_char_dictionary.tsv
匹,pi,pi3,content_single_char,99,common-standard-level-1+pinyin-data,docs/pinyin-v2/import/single_char_dictionary.tsv
车,che,che1,service_content_single_char,100,common-standard-level-1+pinyin-data,docs/pinyin-v2/import/single_char_dictionary.tsv
巨,ju,ju4,content_single_char,101,common-standard-level-1+pinyin-data,docs/pinyin-v2/import/single_char_dictionary.tsv
牙,ya,ya2,content_single_char,102,common-standard-level-1+pinyin-data,docs/pinyin-v2/import/single_char_dictionary.tsv
屯,tun,tun2,content_single_char,103,common-standard-level-1+pinyin-data,docs/pinyin-v2/import/single_char_dictionary.tsv
戈,ge,ge1,content_single_char,104,common-standard-level-1+pinyin-data,docs/pinyin-v2/import/single_char_dictionary.tsv
比,bi,bi3,function_single_char,105,common-standard-level-1+pinyin-data,docs/pinyin-v2/import/single_char_dictionary.tsv
互,hu,hu4,content_single_char,106,common-standard-level-1+pinyin-data,docs/pinyin-v2/import/single_char_dictionary.tsv
切,qie,qie4,content_single_char,107,common-standard-level-1+pinyin-data,docs/pinyin-v2/import/single_char_dictionary.tsv
瓦,wa,wa3,content_single_char,108,common-standard-level-1+pinyin-data,docs/pinyin-v2/import/single_char_dictionary.tsv
止,zhi,zhi3,content_single_char,109,common-standard-level-1+pinyin-data,docs/pinyin-v2/import/single_char_dictionary.tsv
少,shao,shao3,content_single_char,110,common-standard-level-1+pinyin-data,docs/pinyin-v2/import/single_char_dictionary.tsv
曰,yue,yue1,content_single_char,111,common-standard-level-1+pinyin-data,docs/pinyin-v2/import/single_char_dictionary.tsv
日,ri,ri4,time_single_char,112,common-standard-level-1+pinyin-data,docs/pinyin-v2/import/single_char_dictionary.tsv
中,zhong,zhong1,place_direction_single_char,113,common-standard-level-1+pinyin-data,docs/pinyin-v2/import/single_char_dictionary.tsv
贝,bei,bei4,content_single_char,114,common-standard-level-1+pinyin-data,docs/pinyin-v2/import/single_char_dictionary.tsv
冈,gang,gang1,content_single_char,115,common-standard-level-1+pinyin-data,docs/pinyin-v2/import/single_char_dictionary.tsv
内,nei,nei4,place_direction_single_char,116,common-standard-level-1+pinyin-data,docs/pinyin-v2/import/single_char_dictionary.tsv
水,shui,shui3,content_single_char,117,common-standard-level-1+pinyin-data,docs/pinyin-v2/import/single_char_dictionary.tsv
见,jian,jian4,content_single_char,118,common-standard-level-1+pinyin-data,docs/pinyin-v2/import/single_char_dictionary.tsv
午,wu,wu3,time_single_char,119,common-standard-level-1+pinyin-data,docs/pinyin-v2/import/single_char_dictionary.tsv
牛,niu,niu2,content_single_char,120,common-standard-level-1+pinyin-data,docs/pinyin-v2/import/single_char_dictionary.tsv
手,shou,shou3,content_single_char,121,common-standard-level-1+pinyin-data,docs/pinyin-v2/import/single_char_dictionary.tsv
气,qi,qi4,content_single_char,122,common-standard-level-1+pinyin-data,docs/pinyin-v2/import/single_char_dictionary.tsv
毛,mao,mao2,content_single_char,123,common-standard-level-1+pinyin-data,docs/pinyin-v2/import/single_char_dictionary.tsv
壬,ren,ren2,content_single_char,124,common-standard-level-1+pinyin-data,docs/pinyin-v2/import/single_char_dictionary.tsv
升,sheng,sheng1,measure_single_char,125,common-standard-level-1+pinyin-data,docs/pinyin-v2/import/single_char_dictionary.tsv
夭,yao,yao1,content_single_char,126,common-standard-level-1+pinyin-data,docs/pinyin-v2/import/single_char_dictionary.tsv
长,zhang,zhang3,content_single_char,127,common-standard-level-1+pinyin-data,docs/pinyin-v2/import/single_char_dictionary.tsv
仁,ren,ren2,content_single_char,128,common-standard-level-1+pinyin-data,docs/pinyin-v2/import/single_char_dictionary.tsv
什,shen,shen2,content_single_char,129,common-standard-level-1+pinyin-data,docs/pinyin-v2/import/single_char_dictionary.tsv
片,pian,pian4,measure_single_char,130,common-standard-level-1+pinyin-data,docs/pinyin-v2/import/single_char_dictionary.tsv
仆,pu,pu1,content_single_char,131,common-standard-level-1+pinyin-data,docs/pinyin-v2/import/single_char_dictionary.tsv
化,hua,hua4,content_single_char,132,common-standard-level-1+pinyin-data,docs/pinyin-v2/import/single_char_dictionary.tsv
仇,chou,chou2,content_single_char,133,common-standard-level-1+pinyin-data,docs/pinyin-v2/import/single_char_dictionary.tsv
币,bi,bi4,content_single_char,134,common-standard-level-1+pinyin-data,docs/pinyin-v2/import/single_char_dictionary.tsv
仍,reng,reng2,content_single_char,135,common-standard-level-1+pinyin-data,docs/pinyin-v2/import/single_char_dictionary.tsv
仅,jin,jin3,content_single_char,136,common-standard-level-1+pinyin-data,docs/pinyin-v2/import/single_char_dictionary.tsv
斤,jin,jin1,measure_single_char,137,common-standard-level-1+pinyin-data,docs/pinyin-v2/import/single_char_dictionary.tsv
爪,zhao,zhao3,content_single_char,138,common-standard-level-1+pinyin-data,docs/pinyin-v2/import/single_char_dictionary.tsv
反,fan,fan3,content_single_char,139,common-standard-level-1+pinyin-data,docs/pinyin-v2/import/single_char_dictionary.tsv
介,jie,jie4,content_single_char,140,common-standard-level-1+pinyin-data,docs/pinyin-v2/import/single_char_dictionary.tsv
父,fu,fu4,content_single_char,141,common-standard-level-1+pinyin-data,docs/pinyin-v2/import/single_char_dictionary.tsv
从,cong,cong2,function_single_char,142,common-standard-level-1+pinyin-data,docs/pinyin-v2/import/single_char_dictionary.tsv
仑,lun,lun2,content_single_char,143,common-standard-level-1+pinyin-data,docs/pinyin-v2/import/single_char_dictionary.tsv
今,jin,jin1,time_single_char,144,common-standard-level-1+pinyin-data,docs/pinyin-v2/import/single_char_dictionary.tsv
凶,xiong,xiong1,content_single_char,145,common-standard-level-1+pinyin-data,docs/pinyin-v2/import/single_char_dictionary.tsv
分,fen,fen1,time_single_char,146,common-standard-level-1+pinyin-data,docs/pinyin-v2/import/single_char_dictionary.tsv
乏,fa,fa2,content_single_char,147,common-standard-level-1+pinyin-data,docs/pinyin-v2/import/single_char_dictionary.tsv
公,gong,gong1,measure_single_char,148,common-standard-level-1+pinyin-data,docs/pinyin-v2/import/single_char_dictionary.tsv
仓,cang,cang1,content_single_char,149,common-standard-level-1+pinyin-data,docs/pinyin-v2/import/single_char_dictionary.tsv
月,yue,yue4,time_single_char,150,common-standard-level-1+pinyin-data,docs/pinyin-v2/import/single_char_dictionary.tsv
氏,shi,shi4,content_single_char,151,common-standard-level-1+pinyin-data,docs/pinyin-v2/import/single_char_dictionary.tsv
勿,wu,wu4,content_single_char,152,common-standard-level-1+pinyin-data,docs/pinyin-v2/import/single_char_dictionary.tsv
欠,qian,qian4,content_single_char,153,common-standard-level-1+pinyin-data,docs/pinyin-v2/import/single_char_dictionary.tsv
风,feng,feng1,content_single_char,154,common-standard-level-1+pinyin-data,docs/pinyin-v2/import/single_char_dictionary.tsv
丹,dan,dan1,content_single_char,155,common-standard-level-1+pinyin-data,docs/pinyin-v2/import/single_char_dictionary.tsv
匀,yun,yun2,content_single_char,156,common-standard-level-1+pinyin-data,docs/pinyin-v2/import/single_char_dictionary.tsv
乌,wu,wu1,content_single_char,157,common-standard-level-1+pinyin-data,docs/pinyin-v2/import/single_char_dictionary.tsv
勾,gou,gou1,content_single_char,158,common-standard-level-1+pinyin-data,docs/pinyin-v2/import/single_char_dictionary.tsv
凤,feng,feng4,content_single_char,159,common-standard-level-1+pinyin-data,docs/pinyin-v2/import/single_char_dictionary.tsv
六,liu,liu4,content_single_char,160,common-standard-level-1+pinyin-data,docs/pinyin-v2/import/single_char_dictionary.tsv
文,wen,wen2,content_single_char,161,common-standard-level-1+pinyin-data,docs/pinyin-v2/import/single_char_dictionary.tsv
亢,kang,kang4,content_single_char,162,common-standard-level-1+pinyin-data,docs/pinyin-v2/import/single_char_dictionary.tsv
方,fang,fang1,content_single_char,163,common-standard-level-1+pinyin-data,docs/pinyin-v2/import/single_char_dictionary.tsv
火,huo,huo3,content_single_char,164,common-standard-level-1+pinyin-data,docs/pinyin-v2/import/single_char_dictionary.tsv
为,wei,wei4,function_single_char,165,common-standard-level-1+pinyin-data,docs/pinyin-v2/import/single_char_dictionary.tsv
斗,dou,dou4,content_single_char,166,common-standard-level-1+pinyin-data,docs/pinyin-v2/import/single_char_dictionary.tsv
忆,yi,yi4,content_single_char,167,common-standard-level-1+pinyin-data,docs/pinyin-v2/import/single_char_dictionary.tsv
计,ji,ji4,content_single_char,168,common-standard-level-1+pinyin-data,docs/pinyin-v2/import/single_char_dictionary.tsv
订,ding,ding4,content_single_char,169,common-standard-level-1+pinyin-data,docs/pinyin-v2/import/single_char_dictionary.tsv
户,hu,hu4,content_single_char,170,common-standard-level-1+pinyin-data,docs/pinyin-v2/import/single_char_dictionary.tsv
认,ren,ren4,content_single_char,171,common-standard-level-1+pinyin-data,docs/pinyin-v2/import/single_char_dictionary.tsv
冗,rong,rong3,content_single_char,172,common-standard-level-1+pinyin-data,docs/pinyin-v2/import/single_char_dictionary.tsv
讥,ji,ji1,content_single_char,173,common-standard-level-1+pinyin-data,docs/pinyin-v2/import/single_char_dictionary.tsv
心,xin,xin1,content_single_char,174,common-standard-level-1+pinyin-data,docs/pinyin-v2/import/single_char_dictionary.tsv
尺,chi,chi3,content_single_char,175,common-standard-level-1+pinyin-data,docs/pinyin-v2/import/single_char_dictionary.tsv
引,yin,yin3,content_single_char,176,common-standard-level-1+pinyin-data,docs/pinyin-v2/import/single_char_dictionary.tsv
丑,chou,chou3,content_single_char,177,common-standard-level-1+pinyin-data,docs/pinyin-v2/import/single_char_dictionary.tsv
巴,ba,ba1,content_single_char,178,common-standard-level-1+pinyin-data,docs/pinyin-v2/import/single_char_dictionary.tsv
孔,kong,kong3,content_single_char,179,common-standard-level-1+pinyin-data,docs/pinyin-v2/import/single_char_dictionary.tsv
队,dui,dui4,content_single_char,180,common-standard-level-1+pinyin-data,docs/pinyin-v2/import/single_char_dictionary.tsv
办,ban,ban4,content_single_char,181,common-standard-level-1+pinyin-data,docs/pinyin-v2/import/single_char_dictionary.tsv
以,yi,yi3,function_single_char,182,common-standard-level-1+pinyin-data,docs/pinyin-v2/import/single_char_dictionary.tsv
允,yun,yun3,content_single_char,183,common-standard-level-1+pinyin-data,docs/pinyin-v2/import/single_char_dictionary.tsv
予,yu,yu3,content_single_char,184,common-standard-level-1+pinyin-data,docs/pinyin-v2/import/single_char_dictionary.tsv
邓,deng,deng4,content_single_char,185,common-standard-level-1+pinyin-data,docs/pinyin-v2/import/single_char_dictionary.tsv
劝,quan,quan4,content_single_char,186,common-standard-level-1+pinyin-data,docs/pinyin-v2/import/single_char_dictionary.tsv
双,shuang,shuang1,measure_single_char,187,common-standard-level-1+pinyin-data,docs/pinyin-v2/import/single_char_dictionary.tsv
书,shu,shu1,content_single_char,188,common-standard-level-1+pinyin-data,docs/pinyin-v2/import/single_char_dictionary.tsv
幻,huan,huan4,content_single_char,189,common-standard-level-1+pinyin-data,docs/pinyin-v2/import/single_char_dictionary.tsv
玉,yu,yu4,content_single_char,190,common-standard-level-1+pinyin-data,docs/pinyin-v2/import/single_char_dictionary.tsv
刊,kan,kan1,content_single_char,191,common-standard-level-1+pinyin-data,docs/pinyin-v2/import/single_char_dictionary.tsv
未,wei,wei4,content_single_char,192,common-standard-level-1+pinyin-data,docs/pinyin-v2/import/single_char_dictionary.tsv
末,mo,mo4,content_single_char,193,common-standard-level-1+pinyin-data,docs/pinyin-v2/import/single_char_dictionary.tsv
示,shi,shi4,content_single_char,194,common-standard-level-1+pinyin-data,docs/pinyin-v2/import/single_char_dictionary.tsv
击,ji,ji1,content_single_char,195,common-standard-level-1+pinyin-data,docs/pinyin-v2/import/single_char_dictionary.tsv
打,da,da3,content_single_char,196,common-standard-level-1+pinyin-data,docs/pinyin-v2/import/single_char_dictionary.tsv
巧,qiao,qiao3,content_single_char,197,common-standard-level-1+pinyin-data,docs/pinyin-v2/import/single_char_dictionary.tsv
正,zheng,zheng4,content_single_char,198,common-standard-level-1+pinyin-data,docs/pinyin-v2/import/single_char_dictionary.tsv
扑,pu,pu1,content_single_char,199,common-standard-level-1+pinyin-data,docs/pinyin-v2/import/single_char_dictionary.tsv
卉,hui,hui4,content_single_char,200,common-standard-level-1+pinyin-data,docs/pinyin-v2/import/single_char_dictionary.tsv
扒,ba,ba1,content_single_char,201,common-standard-level-1+pinyin-data,docs/pinyin-v2/import/single_char_dictionary.tsv
功,gong,gong1,content_single_char,202,common-standard-level-1+pinyin-data,docs/pinyin-v2/import/single_char_dictionary.tsv
扔,reng,reng1,content_single_char,203,common-standard-level-1+pinyin-data,docs/pinyin-v2/import/single_char_dictionary.tsv
去,qu,qu4,function_single_char,204,common-standard-level-1+pinyin-data,docs/pinyin-v2/import/single_char_dictionary.tsv
甘,gan,gan1,content_single_char,205,common-standard-level-1+pinyin-data,docs/pinyin-v2/import/single_char_dictionary.tsv
世,shi,shi4,content_single_char,206,common-standard-level-1+pinyin-data,docs/pinyin-v2/import/single_char_dictionary.tsv
艾,ai,ai4,content_single_char,207,common-standard-level-1+pinyin-data,docs/pinyin-v2/import/single_char_dictionary.tsv
古,gu,gu3,content_single_char,208,common-standard-level-1+pinyin-data,docs/pinyin-v2/import/single_char_dictionary.tsv
节,jie,jie2,content_single_char,209,common-standard-level-1+pinyin-data,docs/pinyin-v2/import/single_char_dictionary.tsv
本,ben,ben3,content_single_char,210,common-standard-level-1+pinyin-data,docs/pinyin-v2/import/single_char_dictionary.tsv
术,shu,shu4,content_single_char,211,common-standard-level-1+pinyin-data,docs/pinyin-v2/import/single_char_dictionary.tsv
可,ke,ke3,function_single_char,212,common-standard-level-1+pinyin-data,docs/pinyin-v2/import/single_char_dictionary.tsv
丙,bing,bing3,content_single_char,213,common-standard-level-1+pinyin-data,docs/pinyin-v2/import/single_char_dictionary.tsv
左,zuo,zuo3,place_direction_single_char,214,common-standard-level-1+pinyin-data,docs/pinyin-v2/import/single_char_dictionary.tsv
厉,li,li4,content_single_char,215,common-standard-level-1+pinyin-data,docs/pinyin-v2/import/single_char_dictionary.tsv
石,shi,shi2,content_single_char,216,common-standard-level-1+pinyin-data,docs/pinyin-v2/import/single_char_dictionary.tsv
右,you,you4,place_direction_single_char,217,common-standard-level-1+pinyin-data,docs/pinyin-v2/import/single_char_dictionary.tsv
布,bu,bu4,content_single_char,218,common-standard-level-1+pinyin-data,docs/pinyin-v2/import/single_char_dictionary.tsv
夯,hang,hang1,content_single_char,219,common-standard-level-1+pinyin-data,docs/pinyin-v2/import/single_char_dictionary.tsv
戊,wu,wu4,content_single_char,220,common-standard-level-1+pinyin-data,docs/pinyin-v2/import/single_char_dictionary.tsv
龙,long,long2,content_single_char,221,common-standard-level-1+pinyin-data,docs/pinyin-v2/import/single_char_dictionary.tsv
平,ping,ping2,content_single_char,222,common-standard-level-1+pinyin-data,docs/pinyin-v2/import/single_char_dictionary.tsv
灭,mie,mie4,content_single_char,223,common-standard-level-1+pinyin-data,docs/pinyin-v2/import/single_char_dictionary.tsv
轧,ya,ya4,content_single_char,224,common-standard-level-1+pinyin-data,docs/pinyin-v2/import/single_char_dictionary.tsv
东,dong,dong1,place_direction_single_char,225,common-standard-level-1+pinyin-data,docs/pinyin-v2/import/single_char_dictionary.tsv
卡,ka,ka3,service_content_single_char,226,common-standard-level-1+pinyin-data,docs/pinyin-v2/import/single_char_dictionary.tsv
北,bei,bei3,place_direction_single_char,227,common-standard-level-1+pinyin-data,docs/pinyin-v2/import/single_char_dictionary.tsv
占,zhan,zhan4,content_single_char,228,common-standard-level-1+pinyin-data,docs/pinyin-v2/import/single_char_dictionary.tsv
凸,tu,tu1,content_single_char,229,common-standard-level-1+pinyin-data,docs/pinyin-v2/import/single_char_dictionary.tsv
卢,lu,lu2,content_single_char,230,common-standard-level-1+pinyin-data,docs/pinyin-v2/import/single_char_dictionary.tsv
业,ye,ye4,content_single_char,231,common-standard-level-1+pinyin-data,docs/pinyin-v2/import/single_char_dictionary.tsv
旧,jiu,jiu4,content_single_char,232,common-standard-level-1+pinyin-data,docs/pinyin-v2/import/single_char_dictionary.tsv
帅,shuai,shuai4,content_single_char,233,common-standard-level-1+pinyin-data,docs/pinyin-v2/import/single_char_dictionary.tsv
归,gui,gui1,content_single_char,234,common-standard-level-1+pinyin-data,docs/pinyin-v2/import/single_char_dictionary.tsv
旦,dan,dan4,content_single_char,235,common-standard-level-1+pinyin-data,docs/pinyin-v2/import/single_char_dictionary.tsv
目,mu,mu4,content_single_char,236,common-standard-level-1+pinyin-data,docs/pinyin-v2/import/single_char_dictionary.tsv
且,qie,qie3,function_single_char,237,common-standard-level-1+pinyin-data,docs/pinyin-v2/import/single_char_dictionary.tsv
叶,ye,ye4,content_single_char,238,common-standard-level-1+pinyin-data,docs/pinyin-v2/import/single_char_dictionary.tsv
甲,jia,jia3,content_single_char,239,common-standard-level-1+pinyin-data,docs/pinyin-v2/import/single_char_dictionary.tsv
申,shen,shen1,content_single_char,240,common-standard-level-1+pinyin-data,docs/pinyin-v2/import/single_char_dictionary.tsv
叮,ding,ding1,content_single_char,241,common-standard-level-1+pinyin-data,docs/pinyin-v2/import/single_char_dictionary.tsv
电,dian,dian4,content_single_char,242,common-standard-level-1+pinyin-data,docs/pinyin-v2/import/single_char_dictionary.tsv
号,hao,hao4,service_content_single_char,243,common-standard-level-1+pinyin-data,docs/pinyin-v2/import/single_char_dictionary.tsv
田,tian,tian2,content_single_char,244,common-standard-level-1+pinyin-data,docs/pinyin-v2/import/single_char_dictionary.tsv
由,you,you2,function_single_char,245,common-standard-level-1+pinyin-data,docs/pinyin-v2/import/single_char_dictionary.tsv
只,zhi,zhi3,measure_single_char,246,common-standard-level-1+pinyin-data,docs/pinyin-v2/import/single_char_dictionary.tsv
叭,ba,ba1,content_single_char,247,common-standard-level-1+pinyin-data,docs/pinyin-v2/import/single_char_dictionary.tsv
史,shi,shi3,content_single_char,248,common-standard-level-1+pinyin-data,docs/pinyin-v2/import/single_char_dictionary.tsv
央,yang,yang1,content_single_char,249,common-standard-level-1+pinyin-data,docs/pinyin-v2/import/single_char_dictionary.tsv
兄,xiong,xiong1,content_single_char,250,common-standard-level-1+pinyin-data,docs/pinyin-v2/import/single_char_dictionary.tsv
叽,ji,ji1,content_single_char,251,common-standard-level-1+pinyin-data,docs/pinyin-v2/import/single_char_dictionary.tsv
叼,diao,diao1,content_single_char,252,common-standard-level-1+pinyin-data,docs/pinyin-v2/import/single_char_dictionary.tsv
叫,jiao,jiao4,content_single_char,253,common-standard-level-1+pinyin-data,docs/pinyin-v2/import/single_char_dictionary.tsv
叩,kou,kou4,content_single_char,254,common-standard-level-1+pinyin-data,docs/pinyin-v2/import/single_char_dictionary.tsv
叨,dao,dao1,content_single_char,255,common-standard-level-1+pinyin-data,docs/pinyin-v2/import/single_char_dictionary.tsv
另,ling,ling4,content_single_char,256,common-standard-level-1+pinyin-data,docs/pinyin-v2/import/single_char_dictionary.tsv
叹,tan,tan4,content_single_char,257,common-standard-level-1+pinyin-data,docs/pinyin-v2/import/single_char_dictionary.tsv
冉,ran,ran3,content_single_char,258,common-standard-level-1+pinyin-data,docs/pinyin-v2/import/single_char_dictionary.tsv
皿,min,min3,content_single_char,259,common-standard-level-1+pinyin-data,docs/pinyin-v2/import/single_char_dictionary.tsv
凹,ao,ao1,content_single_char,260,common-standard-level-1+pinyin-data,docs/pinyin-v2/import/single_char_dictionary.tsv
囚,qiu,qiu2,content_single_char,261,common-standard-level-1+pinyin-data,docs/pinyin-v2/import/single_char_dictionary.tsv
四,si,si4,content_single_char,262,common-standard-level-1+pinyin-data,docs/pinyin-v2/import/single_char_dictionary.tsv
生,sheng,sheng1,content_single_char,263,common-standard-level-1+pinyin-data,docs/pinyin-v2/import/single_char_dictionary.tsv
矢,shi,shi3,content_single_char,264,common-standard-level-1+pinyin-data,docs/pinyin-v2/import/single_char_dictionary.tsv
失,shi,shi1,content_single_char,265,common-standard-level-1+pinyin-data,docs/pinyin-v2/import/single_char_dictionary.tsv
乍,zha,zha4,content_single_char,266,common-standard-level-1+pinyin-data,docs/pinyin-v2/import/single_char_dictionary.tsv
禾,he,he2,content_single_char,267,common-standard-level-1+pinyin-data,docs/pinyin-v2/import/single_char_dictionary.tsv
丘,qiu,qiu1,content_single_char,268,common-standard-level-1+pinyin-data,docs/pinyin-v2/import/single_char_dictionary.tsv
付,fu,fu4,content_single_char,269,common-standard-level-1+pinyin-data,docs/pinyin-v2/import/single_char_dictionary.tsv
仗,zhang,zhang4,content_single_char,270,common-standard-level-1+pinyin-data,docs/pinyin-v2/import/single_char_dictionary.tsv
代,dai,dai4,content_single_char,271,common-standard-level-1+pinyin-data,docs/pinyin-v2/import/single_char_dictionary.tsv
仙,xian,xian1,content_single_char,272,common-standard-level-1+pinyin-data,docs/pinyin-v2/import/single_char_dictionary.tsv
们,men,men,content_single_char,273,common-standard-level-1+pinyin-data,docs/pinyin-v2/import/single_char_dictionary.tsv
仪,yi,yi2,content_single_char,274,common-standard-level-1+pinyin-data,docs/pinyin-v2/import/single_char_dictionary.tsv
白,bai,bai2,content_single_char,275,common-standard-level-1+pinyin-data,docs/pinyin-v2/import/single_char_dictionary.tsv
仔,zai,zai3,content_single_char,276,common-standard-level-1+pinyin-data,docs/pinyin-v2/import/single_char_dictionary.tsv
他,ta,ta1,function_single_char,277,common-standard-level-1+pinyin-data,docs/pinyin-v2/import/single_char_dictionary.tsv
斥,chi,chi4,content_single_char,278,common-standard-level-1+pinyin-data,docs/pinyin-v2/import/single_char_dictionary.tsv
瓜,gua,gua1,content_single_char,279,common-standard-level-1+pinyin-data,docs/pinyin-v2/import/single_char_dictionary.tsv
乎,hu,hu1,content_single_char,280,common-standard-level-1+pinyin-data,docs/pinyin-v2/import/single_char_dictionary.tsv
丛,cong,cong2,content_single_char,281,common-standard-level-1+pinyin-data,docs/pinyin-v2/import/single_char_dictionary.tsv
令,ling,ling4,content_single_char,282,common-standard-level-1+pinyin-data,docs/pinyin-v2/import/single_char_dictionary.tsv
用,yong,yong4,function_single_char,283,common-standard-level-1+pinyin-data,docs/pinyin-v2/import/single_char_dictionary.tsv
甩,shuai,shuai3,content_single_char,284,common-standard-level-1+pinyin-data,docs/pinyin-v2/import/single_char_dictionary.tsv
印,yin,yin4,content_single_char,285,common-standard-level-1+pinyin-data,docs/pinyin-v2/import/single_char_dictionary.tsv
尔,er,er3,content_single_char,286,common-standard-level-1+pinyin-data,docs/pinyin-v2/import/single_char_dictionary.tsv
乐,le,le4,content_single_char,287,common-standard-level-1+pinyin-data,docs/pinyin-v2/import/single_char_dictionary.tsv
句,ju,ju4,content_single_char,288,common-standard-level-1+pinyin-data,docs/pinyin-v2/import/single_char_dictionary.tsv
匆,cong,cong1,content_single_char,289,common-standard-level-1+pinyin-data,docs/pinyin-v2/import/single_char_dictionary.tsv
册,ce,ce4,content_single_char,290,common-standard-level-1+pinyin-data,docs/pinyin-v2/import/single_char_dictionary.tsv
卯,mao,mao3,content_single_char,291,common-standard-level-1+pinyin-data,docs/pinyin-v2/import/single_char_dictionary.tsv
犯,fan,fan4,content_single_char,292,common-standard-level-1+pinyin-data,docs/pinyin-v2/import/single_char_dictionary.tsv
外,wai,wai4,place_direction_single_char,293,common-standard-level-1+pinyin-data,docs/pinyin-v2/import/single_char_dictionary.tsv
处,chu,chu4,place_direction_single_char,294,common-standard-level-1+pinyin-data,docs/pinyin-v2/import/single_char_dictionary.tsv
冬,dong,dong1,content_single_char,295,common-standard-level-1+pinyin-data,docs/pinyin-v2/import/single_char_dictionary.tsv
鸟,niao,niao3,content_single_char,296,common-standard-level-1+pinyin-data,docs/pinyin-v2/import/single_char_dictionary.tsv
务,wu,wu4,content_single_char,297,common-standard-level-1+pinyin-data,docs/pinyin-v2/import/single_char_dictionary.tsv
包,bao,bao1,content_single_char,298,common-standard-level-1+pinyin-data,docs/pinyin-v2/import/single_char_dictionary.tsv
饥,ji,ji1,content_single_char,299,common-standard-level-1+pinyin-data,docs/pinyin-v2/import/single_char_dictionary.tsv
主,zhu,zhu3,content_single_char,300,common-standard-level-1+pinyin-data,docs/pinyin-v2/import/single_char_dictionary.tsv
市,shi,shi4,place_direction_single_char,301,common-standard-level-1+pinyin-data,docs/pinyin-v2/import/single_char_dictionary.tsv
立,li,li4,content_single_char,302,common-standard-level-1+pinyin-data,docs/pinyin-v2/import/single_char_dictionary.tsv
冯,feng,feng2,content_single_char,303,common-standard-level-1+pinyin-data,docs/pinyin-v2/import/single_char_dictionary.tsv
玄,xuan,xuan2,content_single_char,304,common-standard-level-1+pinyin-data,docs/pinyin-v2/import/single_char_dictionary.tsv
闪,shan,shan3,content_single_char,305,common-standard-level-1+pinyin-data,docs/pinyin-v2/import/single_char_dictionary.tsv
兰,lan,lan2,content_single_char,306,common-standard-level-1+pinyin-data,docs/pinyin-v2/import/single_char_dictionary.tsv
半,ban,ban4,content_single_char,307,common-standard-level-1+pinyin-data,docs/pinyin-v2/import/single_char_dictionary.tsv
汁,zhi,zhi1,content_single_char,308,common-standard-level-1+pinyin-data,docs/pinyin-v2/import/single_char_dictionary.tsv
汇,hui,hui4,content_single_char,309,common-standard-level-1+pinyin-data,docs/pinyin-v2/import/single_char_dictionary.tsv
头,tou,tou2,content_single_char,310,common-standard-level-1+pinyin-data,docs/pinyin-v2/import/single_char_dictionary.tsv
汉,han,han4,content_single_char,311,common-standard-level-1+pinyin-data,docs/pinyin-v2/import/single_char_dictionary.tsv
宁,ning,ning2,content_single_char,312,common-standard-level-1+pinyin-data,docs/pinyin-v2/import/single_char_dictionary.tsv
穴,xue,xue2,content_single_char,313,common-standard-level-1+pinyin-data,docs/pinyin-v2/import/single_char_dictionary.tsv
它,ta,ta1,function_single_char,314,common-standard-level-1+pinyin-data,docs/pinyin-v2/import/single_char_dictionary.tsv
讨,tao,tao3,content_single_char,315,common-standard-level-1+pinyin-data,docs/pinyin-v2/import/single_char_dictionary.tsv
写,xie,xie3,content_single_char,316,common-standard-level-1+pinyin-data,docs/pinyin-v2/import/single_char_dictionary.tsv
让,rang,rang4,function_single_char,317,common-standard-level-1+pinyin-data,docs/pinyin-v2/import/single_char_dictionary.tsv
礼,li,li3,content_single_char,318,common-standard-level-1+pinyin-data,docs/pinyin-v2/import/single_char_dictionary.tsv
训,xun,xun4,content_single_char,319,common-standard-level-1+pinyin-data,docs/pinyin-v2/import/single_char_dictionary.tsv
议,yi,yi4,content_single_char,320,common-standard-level-1+pinyin-data,docs/pinyin-v2/import/single_char_dictionary.tsv
必,bi,bi4,content_single_char,321,common-standard-level-1+pinyin-data,docs/pinyin-v2/import/single_char_dictionary.tsv
讯,xun,xun4,content_single_char,322,common-standard-level-1+pinyin-data,docs/pinyin-v2/import/single_char_dictionary.tsv
记,ji,ji4,content_single_char,323,common-standard-level-1+pinyin-data,docs/pinyin-v2/import/single_char_dictionary.tsv
永,yong,yong3,content_single_char,324,common-standard-level-1+pinyin-data,docs/pinyin-v2/import/single_char_dictionary.tsv
司,si,si1,content_single_char,325,common-standard-level-1+pinyin-data,docs/pinyin-v2/import/single_char_dictionary.tsv
尼,ni,ni2,content_single_char,326,common-standard-level-1+pinyin-data,docs/pinyin-v2/import/single_char_dictionary.tsv
民,min,min2,content_single_char,327,common-standard-level-1+pinyin-data,docs/pinyin-v2/import/single_char_dictionary.tsv
弗,fu,fu2,content_single_char,328,common-standard-level-1+pinyin-data,docs/pinyin-v2/import/single_char_dictionary.tsv
弘,hong,hong2,content_single_char,329,common-standard-level-1+pinyin-data,docs/pinyin-v2/import/single_char_dictionary.tsv
出,chu,chu1,content_single_char,330,common-standard-level-1+pinyin-data,docs/pinyin-v2/import/single_char_dictionary.tsv
辽,liao,liao2,content_single_char,331,common-standard-level-1+pinyin-data,docs/pinyin-v2/import/single_char_dictionary.tsv
奶,nai,nai3,content_single_char,332,common-standard-level-1+pinyin-data,docs/pinyin-v2/import/single_char_dictionary.tsv
奴,nu,nu2,content_single_char,333,common-standard-level-1+pinyin-data,docs/pinyin-v2/import/single_char_dictionary.tsv
召,zhao,zhao4,content_single_char,334,common-standard-level-1+pinyin-data,docs/pinyin-v2/import/single_char_dictionary.tsv
加,jia,jia1,content_single_char,335,common-standard-level-1+pinyin-data,docs/pinyin-v2/import/single_char_dictionary.tsv
皮,pi,pi2,content_single_char,336,common-standard-level-1+pinyin-data,docs/pinyin-v2/import/single_char_dictionary.tsv
边,bian,bian1,place_direction_single_char,337,common-standard-level-1+pinyin-data,docs/pinyin-v2/import/single_char_dictionary.tsv
孕,yun,yun4,content_single_char,338,common-standard-level-1+pinyin-data,docs/pinyin-v2/import/single_char_dictionary.tsv
发,fa,fa1,content_single_char,339,common-standard-level-1+pinyin-data,docs/pinyin-v2/import/single_char_dictionary.tsv
圣,sheng,sheng4,content_single_char,340,common-standard-level-1+pinyin-data,docs/pinyin-v2/import/single_char_dictionary.tsv
对,dui,dui4,function_single_char,341,common-standard-level-1+pinyin-data,docs/pinyin-v2/import/single_char_dictionary.tsv
台,tai,tai2,measure_single_char,342,common-standard-level-1+pinyin-data,docs/pinyin-v2/import/single_char_dictionary.tsv
矛,mao,mao2,content_single_char,343,common-standard-level-1+pinyin-data,docs/pinyin-v2/import/single_char_dictionary.tsv
纠,jiu,jiu1,content_single_char,344,common-standard-level-1+pinyin-data,docs/pinyin-v2/import/single_char_dictionary.tsv
母,mu,mu3,content_single_char,345,common-standard-level-1+pinyin-data,docs/pinyin-v2/import/single_char_dictionary.tsv
幼,you,you4,content_single_char,346,common-standard-level-1+pinyin-data,docs/pinyin-v2/import/single_char_dictionary.tsv
丝,si,si1,content_single_char,347,common-standard-level-1+pinyin-data,docs/pinyin-v2/import/single_char_dictionary.tsv
邦,bang,bang1,content_single_char,348,common-standard-level-1+pinyin-data,docs/pinyin-v2/import/single_char_dictionary.tsv
式,shi,shi4,content_single_char,349,common-standard-level-1+pinyin-data,docs/pinyin-v2/import/single_char_dictionary.tsv
迂,yu,yu1,content_single_char,350,common-standard-level-1+pinyin-data,docs/pinyin-v2/import/single_char_dictionary.tsv
刑,xing,xing2,content_single_char,351,common-standard-level-1+pinyin-data,docs/pinyin-v2/import/single_char_dictionary.tsv
戎,rong,rong2,content_single_char,352,common-standard-level-1+pinyin-data,docs/pinyin-v2/import/single_char_dictionary.tsv
动,dong,dong4,content_single_char,353,common-standard-level-1+pinyin-data,docs/pinyin-v2/import/single_char_dictionary.tsv
扛,kang,kang2,content_single_char,354,common-standard-level-1+pinyin-data,docs/pinyin-v2/import/single_char_dictionary.tsv
寺,si,si4,content_single_char,355,common-standard-level-1+pinyin-data,docs/pinyin-v2/import/single_char_dictionary.tsv
吉,ji,ji2,content_single_char,356,common-standard-level-1+pinyin-data,docs/pinyin-v2/import/single_char_dictionary.tsv
扣,kou,kou4,content_single_char,357,common-standard-level-1+pinyin-data,docs/pinyin-v2/import/single_char_dictionary.tsv
考,kao,kao3,content_single_char,358,common-standard-level-1+pinyin-data,docs/pinyin-v2/import/single_char_dictionary.tsv
托,tuo,tuo1,content_single_char,359,common-standard-level-1+pinyin-data,docs/pinyin-v2/import/single_char_dictionary.tsv
老,lao,lao3,content_single_char,360,common-standard-level-1+pinyin-data,docs/pinyin-v2/import/single_char_dictionary.tsv
巩,gong,gong3,content_single_char,361,common-standard-level-1+pinyin-data,docs/pinyin-v2/import/single_char_dictionary.tsv
圾,ji,ji1,content_single_char,362,common-standard-level-1+pinyin-data,docs/pinyin-v2/import/single_char_dictionary.tsv
执,zhi,zhi2,content_single_char,363,common-standard-level-1+pinyin-data,docs/pinyin-v2/import/single_char_dictionary.tsv
扩,kuo,kuo4,content_single_char,364,common-standard-level-1+pinyin-data,docs/pinyin-v2/import/single_char_dictionary.tsv
扫,sao,sao3,content_single_char,365,common-standard-level-1+pinyin-data,docs/pinyin-v2/import/single_char_dictionary.tsv
地,di,di4,place_direction_single_char,366,common-standard-level-1+pinyin-data,docs/pinyin-v2/import/single_char_dictionary.tsv
场,chang,chang3,content_single_char,367,common-standard-level-1+pinyin-data,docs/pinyin-v2/import/single_char_dictionary.tsv
扬,yang,yang2,content_single_char,368,common-standard-level-1+pinyin-data,docs/pinyin-v2/import/single_char_dictionary.tsv
耳,er,er3,content_single_char,369,common-standard-level-1+pinyin-data,docs/pinyin-v2/import/single_char_dictionary.tsv
芋,yu,yu4,content_single_char,370,common-standard-level-1+pinyin-data,docs/pinyin-v2/import/single_char_dictionary.tsv
共,gong,gong4,content_single_char,371,common-standard-level-1+pinyin-data,docs/pinyin-v2/import/single_char_dictionary.tsv
芒,mang,mang2,content_single_char,372,common-standard-level-1+pinyin-data,docs/pinyin-v2/import/single_char_dictionary.tsv
亚,ya,ya4,content_single_char,373,common-standard-level-1+pinyin-data,docs/pinyin-v2/import/single_char_dictionary.tsv
芝,zhi,zhi1,content_single_char,374,common-standard-level-1+pinyin-data,docs/pinyin-v2/import/single_char_dictionary.tsv
朽,xiu,xiu3,content_single_char,375,common-standard-level-1+pinyin-data,docs/pinyin-v2/import/single_char_dictionary.tsv
朴,pu,pu3,content_single_char,376,common-standard-level-1+pinyin-data,docs/pinyin-v2/import/single_char_dictionary.tsv
机,ji,ji1,service_content_single_char,377,common-standard-level-1+pinyin-data,docs/pinyin-v2/import/single_char_dictionary.tsv
权,quan,quan2,content_single_char,378,common-standard-level-1+pinyin-data,docs/pinyin-v2/import/single_char_dictionary.tsv
过,guo,guo4,content_single_char,379,common-standard-level-1+pinyin-data,docs/pinyin-v2/import/single_char_dictionary.tsv
臣,chen,chen2,content_single_char,380,common-standard-level-1+pinyin-data,docs/pinyin-v2/import/single_char_dictionary.tsv
吏,li,li4,content_single_char,381,common-standard-level-1+pinyin-data,docs/pinyin-v2/import/single_char_dictionary.tsv
再,zai,zai4,function_single_char,382,common-standard-level-1+pinyin-data,docs/pinyin-v2/import/single_char_dictionary.tsv
协,xie,xie2,content_single_char,383,common-standard-level-1+pinyin-data,docs/pinyin-v2/import/single_char_dictionary.tsv
西,xi,xi1,place_direction_single_char,384,common-standard-level-1+pinyin-data,docs/pinyin-v2/import/single_char_dictionary.tsv
压,ya,ya1,content_single_char,385,common-standard-level-1+pinyin-data,docs/pinyin-v2/import/single_char_dictionary.tsv
厌,yan,yan4,content_single_char,386,common-standard-level-1+pinyin-data,docs/pinyin-v2/import/single_char_dictionary.tsv
戌,xu,xu1,content_single_char,387,common-standard-level-1+pinyin-data,docs/pinyin-v2/import/single_char_dictionary.tsv
在,zai,zai4,function_single_char,388,common-standard-level-1+pinyin-data,docs/pinyin-v2/import/single_char_dictionary.tsv
百,bai,bai3,content_single_char,389,common-standard-level-1+pinyin-data,docs/pinyin-v2/import/single_char_dictionary.tsv
有,you,you3,function_single_char,390,common-standard-level-1+pinyin-data,docs/pinyin-v2/import/single_char_dictionary.tsv
存,cun,cun2,content_single_char,391,common-standard-level-1+pinyin-data,docs/pinyin-v2/import/single_char_dictionary.tsv
而,er,er2,function_single_char,392,common-standard-level-1+pinyin-data,docs/pinyin-v2/import/single_char_dictionary.tsv
页,ye,ye4,content_single_char,393,common-standard-level-1+pinyin-data,docs/pinyin-v2/import/single_char_dictionary.tsv
匠,jiang,jiang4,content_single_char,394,common-standard-level-1+pinyin-data,docs/pinyin-v2/import/single_char_dictionary.tsv
夸,kua,kua1,content_single_char,395,common-standard-level-1+pinyin-data,docs/pinyin-v2/import/single_char_dictionary.tsv
夺,duo,duo2,content_single_char,396,common-standard-level-1+pinyin-data,docs/pinyin-v2/import/single_char_dictionary.tsv
灰,hui,hui1,content_single_char,397,common-standard-level-1+pinyin-data,docs/pinyin-v2/import/single_char_dictionary.tsv
达,da,da2,content_single_char,398,common-standard-level-1+pinyin-data,docs/pinyin-v2/import/single_char_dictionary.tsv
列,lie,lie4,content_single_char,399,common-standard-level-1+pinyin-data,docs/pinyin-v2/import/single_char_dictionary.tsv
死,si,si3,content_single_char,400,common-standard-level-1+pinyin-data,docs/pinyin-v2/import/single_char_dictionary.tsv
成,cheng,cheng2,content_single_char,401,common-standard-level-1+pinyin-data,docs/pinyin-v2/import/single_char_dictionary.tsv
夹,jia,jia1,content_single_char,402,common-standard-level-1+pinyin-data,docs/pinyin-v2/import/single_char_dictionary.tsv
夷,yi,yi2,content_single_char,403,common-standard-level-1+pinyin-data,docs/pinyin-v2/import/single_char_dictionary.tsv
轨,gui,gui3,content_single_char,404,common-standard-level-1+pinyin-data,docs/pinyin-v2/import/single_char_dictionary.tsv
邪,xie,xie2,content_single_char,405,common-standard-level-1+pinyin-data,docs/pinyin-v2/import/single_char_dictionary.tsv
尧,yao,yao2,content_single_char,406,common-standard-level-1+pinyin-data,docs/pinyin-v2/import/single_char_dictionary.tsv
划,hua,hua4,content_single_char,407,common-standard-level-1+pinyin-data,docs/pinyin-v2/import/single_char_dictionary.tsv
迈,mai,mai4,content_single_char,408,common-standard-level-1+pinyin-data,docs/pinyin-v2/import/single_char_dictionary.tsv
毕,bi,bi4,content_single_char,409,common-standard-level-1+pinyin-data,docs/pinyin-v2/import/single_char_dictionary.tsv
至,zhi,zhi4,function_single_char,410,common-standard-level-1+pinyin-data,docs/pinyin-v2/import/single_char_dictionary.tsv
此,ci,ci3,content_single_char,411,common-standard-level-1+pinyin-data,docs/pinyin-v2/import/single_char_dictionary.tsv
贞,zhen,zhen1,content_single_char,412,common-standard-level-1+pinyin-data,docs/pinyin-v2/import/single_char_dictionary.tsv
师,shi,shi1,content_single_char,413,common-standard-level-1+pinyin-data,docs/pinyin-v2/import/single_char_dictionary.tsv
尘,chen,chen2,content_single_char,414,common-standard-level-1+pinyin-data,docs/pinyin-v2/import/single_char_dictionary.tsv
尖,jian,jian1,content_single_char,415,common-standard-level-1+pinyin-data,docs/pinyin-v2/import/single_char_dictionary.tsv
劣,lie,lie4,content_single_char,416,common-standard-level-1+pinyin-data,docs/pinyin-v2/import/single_char_dictionary.tsv
光,guang,guang1,content_single_char,417,common-standard-level-1+pinyin-data,docs/pinyin-v2/import/single_char_dictionary.tsv
当,dang,dang1,content_single_char,418,common-standard-level-1+pinyin-data,docs/pinyin-v2/import/single_char_dictionary.tsv
早,zao,zao3,time_single_char,419,common-standard-level-1+pinyin-data,docs/pinyin-v2/import/single_char_dictionary.tsv
吁,xu,xu1,content_single_char,420,common-standard-level-1+pinyin-data,docs/pinyin-v2/import/single_char_dictionary.tsv
吐,tu,tu3,content_single_char,421,common-standard-level-1+pinyin-data,docs/pinyin-v2/import/single_char_dictionary.tsv
吓,xia,xia4,content_single_char,422,common-standard-level-1+pinyin-data,docs/pinyin-v2/import/single_char_dictionary.tsv
虫,chong,chong2,content_single_char,423,common-standard-level-1+pinyin-data,docs/pinyin-v2/import/single_char_dictionary.tsv
曲,qu,qu1,content_single_char,424,common-standard-level-1+pinyin-data,docs/pinyin-v2/import/single_char_dictionary.tsv
团,tuan,tuan2,content_single_char,425,common-standard-level-1+pinyin-data,docs/pinyin-v2/import/single_char_dictionary.tsv
吕,lv,lv3,content_single_char,426,common-standard-level-1+pinyin-data,docs/pinyin-v2/import/single_char_dictionary.tsv
同,tong,tong2,content_single_char,427,common-standard-level-1+pinyin-data,docs/pinyin-v2/import/single_char_dictionary.tsv
吊,diao,diao4,content_single_char,428,common-standard-level-1+pinyin-data,docs/pinyin-v2/import/single_char_dictionary.tsv
吃,chi,chi1,content_single_char,429,common-standard-level-1+pinyin-data,docs/pinyin-v2/import/single_char_dictionary.tsv
因,yin,yin1,function_single_char,430,common-standard-level-1+pinyin-data,docs/pinyin-v2/import/single_char_dictionary.tsv
吸,xi,xi1,content_single_char,431,common-standard-level-1+pinyin-data,docs/pinyin-v2/import/single_char_dictionary.tsv
吗,ma,ma,function_single_char,432,common-standard-level-1+pinyin-data,docs/pinyin-v2/import/single_char_dictionary.tsv
吆,yao,yao1,content_single_char,433,common-standard-level-1+pinyin-data,docs/pinyin-v2/import/single_char_dictionary.tsv
屿,yu,yu3,content_single_char,434,common-standard-level-1+pinyin-data,docs/pinyin-v2/import/single_char_dictionary.tsv
屹,yi,yi4,content_single_char,435,common-standard-level-1+pinyin-data,docs/pinyin-v2/import/single_char_dictionary.tsv
岁,sui,sui4,content_single_char,436,common-standard-level-1+pinyin-data,docs/pinyin-v2/import/single_char_dictionary.tsv
帆,fan,fan1,content_single_char,437,common-standard-level-1+pinyin-data,docs/pinyin-v2/import/single_char_dictionary.tsv
回,hui,hui2,content_single_char,438,common-standard-level-1+pinyin-data,docs/pinyin-v2/import/single_char_dictionary.tsv
岂,qi,qi3,content_single_char,439,common-standard-level-1+pinyin-data,docs/pinyin-v2/import/single_char_dictionary.tsv
则,ze,ze2,function_single_char,440,common-standard-level-1+pinyin-data,docs/pinyin-v2/import/single_char_dictionary.tsv
刚,gang,gang1,time_single_char,441,common-standard-level-1+pinyin-data,docs/pinyin-v2/import/single_char_dictionary.tsv
网,wang,wang3,content_single_char,442,common-standard-level-1+pinyin-data,docs/pinyin-v2/import/single_char_dictionary.tsv
肉,rou,rou4,content_single_char,443,common-standard-level-1+pinyin-data,docs/pinyin-v2/import/single_char_dictionary.tsv
年,nian,nian2,time_single_char,444,common-standard-level-1+pinyin-data,docs/pinyin-v2/import/single_char_dictionary.tsv
朱,zhu,zhu1,content_single_char,445,common-standard-level-1+pinyin-data,docs/pinyin-v2/import/single_char_dictionary.tsv
先,xian,xian1,time_single_char,446,common-standard-level-1+pinyin-data,docs/pinyin-v2/import/single_char_dictionary.tsv
丢,diu,diu1,content_single_char,447,common-standard-level-1+pinyin-data,docs/pinyin-v2/import/single_char_dictionary.tsv
廷,ting,ting2,content_single_char,448,common-standard-level-1+pinyin-data,docs/pinyin-v2/import/single_char_dictionary.tsv
舌,she,she2,content_single_char,449,common-standard-level-1+pinyin-data,docs/pinyin-v2/import/single_char_dictionary.tsv
竹,zhu,zhu2,content_single_char,450,common-standard-level-1+pinyin-data,docs/pinyin-v2/import/single_char_dictionary.tsv
迁,qian,qian1,content_single_char,451,common-standard-level-1+pinyin-data,docs/pinyin-v2/import/single_char_dictionary.tsv
乔,qiao,qiao2,content_single_char,452,common-standard-level-1+pinyin-data,docs/pinyin-v2/import/single_char_dictionary.tsv
迄,qi,qi4,content_single_char,453,common-standard-level-1+pinyin-data,docs/pinyin-v2/import/single_char_dictionary.tsv
伟,wei,wei3,content_single_char,454,common-standard-level-1+pinyin-data,docs/pinyin-v2/import/single_char_dictionary.tsv
传,chuan,chuan2,content_single_char,455,common-standard-level-1+pinyin-data,docs/pinyin-v2/import/single_char_dictionary.tsv
乒,ping,ping1,content_single_char,456,common-standard-level-1+pinyin-data,docs/pinyin-v2/import/single_char_dictionary.tsv
乓,pang,pang1,content_single_char,457,common-standard-level-1+pinyin-data,docs/pinyin-v2/import/single_char_dictionary.tsv
休,xiu,xiu1,content_single_char,458,common-standard-level-1+pinyin-data,docs/pinyin-v2/import/single_char_dictionary.tsv
伍,wu,wu3,content_single_char,459,common-standard-level-1+pinyin-data,docs/pinyin-v2/import/single_char_dictionary.tsv
伏,fu,fu2,content_single_char,460,common-standard-level-1+pinyin-data,docs/pinyin-v2/import/single_char_dictionary.tsv
优,you,you1,content_single_char,461,common-standard-level-1+pinyin-data,docs/pinyin-v2/import/single_char_dictionary.tsv
臼,jiu,jiu4,content_single_char,462,common-standard-level-1+pinyin-data,docs/pinyin-v2/import/single_char_dictionary.tsv
伐,fa,fa2,content_single_char,463,common-standard-level-1+pinyin-data,docs/pinyin-v2/import/single_char_dictionary.tsv
延,yan,yan2,content_single_char,464,common-standard-level-1+pinyin-data,docs/pinyin-v2/import/single_char_dictionary.tsv
仲,zhong,zhong4,content_single_char,465,common-standard-level-1+pinyin-data,docs/pinyin-v2/import/single_char_dictionary.tsv
件,jian,jian4,measure_single_char,466,common-standard-level-1+pinyin-data,docs/pinyin-v2/import/single_char_dictionary.tsv
任,ren,ren4,content_single_char,467,common-standard-level-1+pinyin-data,docs/pinyin-v2/import/single_char_dictionary.tsv
伤,shang,shang1,content_single_char,468,common-standard-level-1+pinyin-data,docs/pinyin-v2/import/single_char_dictionary.tsv
价,jia,jia4,content_single_char,469,common-standard-level-1+pinyin-data,docs/pinyin-v2/import/single_char_dictionary.tsv
伦,lun,lun2,content_single_char,470,common-standard-level-1+pinyin-data,docs/pinyin-v2/import/single_char_dictionary.tsv
份,fen,fen4,measure_single_char,471,common-standard-level-1+pinyin-data,docs/pinyin-v2/import/single_char_dictionary.tsv
华,hua,hua2,content_single_char,472,common-standard-level-1+pinyin-data,docs/pinyin-v2/import/single_char_dictionary.tsv
仰,yang,yang3,content_single_char,473,common-standard-level-1+pinyin-data,docs/pinyin-v2/import/single_char_dictionary.tsv
仿,fang,fang3,content_single_char,474,common-standard-level-1+pinyin-data,docs/pinyin-v2/import/single_char_dictionary.tsv
伙,huo,huo3,content_single_char,475,common-standard-level-1+pinyin-data,docs/pinyin-v2/import/single_char_dictionary.tsv
伪,wei,wei3,content_single_char,476,common-standard-level-1+pinyin-data,docs/pinyin-v2/import/single_char_dictionary.tsv
自,zi,zi4,content_single_char,477,common-standard-level-1+pinyin-data,docs/pinyin-v2/import/single_char_dictionary.tsv
伊,yi,yi1,content_single_char,478,common-standard-level-1+pinyin-data,docs/pinyin-v2/import/single_char_dictionary.tsv
血,xue,xue4,service_content_single_char,479,common-standard-level-1+pinyin-data,docs/pinyin-v2/import/single_char_dictionary.tsv
向,xiang,xiang4,function_single_char,480,common-standard-level-1+pinyin-data,docs/pinyin-v2/import/single_char_dictionary.tsv
似,shi,shi4,content_single_char,481,common-standard-level-1+pinyin-data,docs/pinyin-v2/import/single_char_dictionary.tsv
后,hou,hou4,time_single_char,482,common-standard-level-1+pinyin-data,docs/pinyin-v2/import/single_char_dictionary.tsv
行,xing,xing2,content_single_char,483,common-standard-level-1+pinyin-data,docs/pinyin-v2/import/single_char_dictionary.tsv
舟,zhou,zhou1,content_single_char,484,common-standard-level-1+pinyin-data,docs/pinyin-v2/import/single_char_dictionary.tsv
全,quan,quan2,content_single_char,485,common-standard-level-1+pinyin-data,docs/pinyin-v2/import/single_char_dictionary.tsv
会,hui,hui4,function_single_char,486,common-standard-level-1+pinyin-data,docs/pinyin-v2/import/single_char_dictionary.tsv
杀,sha,sha1,content_single_char,487,common-standard-level-1+pinyin-data,docs/pinyin-v2/import/single_char_dictionary.tsv
合,he,he2,content_single_char,488,common-standard-level-1+pinyin-data,docs/pinyin-v2/import/single_char_dictionary.tsv
兆,zhao,zhao4,content_single_char,489,common-standard-level-1+pinyin-data,docs/pinyin-v2/import/single_char_dictionary.tsv
企,qi,qi3,content_single_char,490,common-standard-level-1+pinyin-data,docs/pinyin-v2/import/single_char_dictionary.tsv
众,zhong,zhong4,content_single_char,491,common-standard-level-1+pinyin-data,docs/pinyin-v2/import/single_char_dictionary.tsv
爷,ye,ye2,content_single_char,492,common-standard-level-1+pinyin-data,docs/pinyin-v2/import/single_char_dictionary.tsv
伞,san,san3,content_single_char,493,common-standard-level-1+pinyin-data,docs/pinyin-v2/import/single_char_dictionary.tsv
创,chuang,chuang4,content_single_char,494,common-standard-level-1+pinyin-data,docs/pinyin-v2/import/single_char_dictionary.tsv
肌,ji,ji1,content_single_char,495,common-standard-level-1+pinyin-data,docs/pinyin-v2/import/single_char_dictionary.tsv
肋,le,le1,content_single_char,496,common-standard-level-1+pinyin-data,docs/pinyin-v2/import/single_char_dictionary.tsv
朵,duo,duo3,content_single_char,497,common-standard-level-1+pinyin-data,docs/pinyin-v2/import/single_char_dictionary.tsv
杂,za,za2,content_single_char,498,common-standard-level-1+pinyin-data,docs/pinyin-v2/import/single_char_dictionary.tsv
危,wei,wei1,content_single_char,499,common-standard-level-1+pinyin-data,docs/pinyin-v2/import/single_char_dictionary.tsv
旬,xun,xun2,content_single_char,500,common-standard-level-1+pinyin-data,docs/pinyin-v2/import/single_char_dictionary.tsv
旨,zhi,zhi3,content_single_char,501,common-standard-level-1+pinyin-data,docs/pinyin-v2/import/single_char_dictionary.tsv
旭,xu,xu4,content_single_char,502,common-standard-level-1+pinyin-data,docs/pinyin-v2/import/single_char_dictionary.tsv
负,fu,fu4,content_single_char,503,common-standard-level-1+pinyin-data,docs/pinyin-v2/import/single_char_dictionary.tsv
匈,xiong,xiong1,content_single_char,504,common-standard-level-1+pinyin-data,docs/pinyin-v2/import/single_char_dictionary.tsv
名,ming,ming2,content_single_char,505,common-standard-level-1+pinyin-data,docs/pinyin-v2/import/single_char_dictionary.tsv
各,ge,ge4,content_single_char,506,common-standard-level-1+pinyin-data,docs/pinyin-v2/import/single_char_dictionary.tsv
多,duo,duo1,content_single_char,507,common-standard-level-1+pinyin-data,docs/pinyin-v2/import/single_char_dictionary.tsv
争,zheng,zheng1,content_single_char,508,common-standard-level-1+pinyin-data,docs/pinyin-v2/import/single_char_dictionary.tsv
色,se,se4,content_single_char,509,common-standard-level-1+pinyin-data,docs/pinyin-v2/import/single_char_dictionary.tsv
壮,zhuang,zhuang4,content_single_char,510,common-standard-level-1+pinyin-data,docs/pinyin-v2/import/single_char_dictionary.tsv
冲,chong,chong1,content_single_char,511,common-standard-level-1+pinyin-data,docs/pinyin-v2/import/single_char_dictionary.tsv
妆,zhuang,zhuang1,content_single_char,512,common-standard-level-1+pinyin-data,docs/pinyin-v2/import/single_char_dictionary.tsv
冰,bing,bing1,content_single_char,513,common-standard-level-1+pinyin-data,docs/pinyin-v2/import/single_char_dictionary.tsv
庄,zhuang,zhuang1,content_single_char,514,common-standard-level-1+pinyin-data,docs/pinyin-v2/import/single_char_dictionary.tsv
庆,qing,qing4,content_single_char,515,common-standard-level-1+pinyin-data,docs/pinyin-v2/import/single_char_dictionary.tsv
亦,yi,yi4,content_single_char,516,common-standard-level-1+pinyin-data,docs/pinyin-v2/import/single_char_dictionary.tsv
刘,liu,liu2,content_single_char,517,common-standard-level-1+pinyin-data,docs/pinyin-v2/import/single_char_dictionary.tsv
齐,qi,qi2,content_single_char,518,common-standard-level-1+pinyin-data,docs/pinyin-v2/import/single_char_dictionary.tsv
交,jiao,jiao1,content_single_char,519,common-standard-level-1+pinyin-data,docs/pinyin-v2/import/single_char_dictionary.tsv
衣,yi,yi1,content_single_char,520,common-standard-level-1+pinyin-data,docs/pinyin-v2/import/single_char_dictionary.tsv
次,ci,ci4,time_single_char,521,common-standard-level-1+pinyin-data,docs/pinyin-v2/import/single_char_dictionary.tsv
产,chan,chan3,content_single_char,522,common-standard-level-1+pinyin-data,docs/pinyin-v2/import/single_char_dictionary.tsv
决,jue,jue2,content_single_char,523,common-standard-level-1+pinyin-data,docs/pinyin-v2/import/single_char_dictionary.tsv
亥,hai,hai4,content_single_char,524,common-standard-level-1+pinyin-data,docs/pinyin-v2/import/single_char_dictionary.tsv
充,chong,chong1,content_single_char,525,common-standard-level-1+pinyin-data,docs/pinyin-v2/import/single_char_dictionary.tsv
妄,wang,wang4,content_single_char,526,common-standard-level-1+pinyin-data,docs/pinyin-v2/import/single_char_dictionary.tsv
闭,bi,bi4,content_single_char,527,common-standard-level-1+pinyin-data,docs/pinyin-v2/import/single_char_dictionary.tsv
问,wen,wen4,function_single_char,528,common-standard-level-1+pinyin-data,docs/pinyin-v2/import/single_char_dictionary.tsv
闯,chuang,chuang3,content_single_char,529,common-standard-level-1+pinyin-data,docs/pinyin-v2/import/single_char_dictionary.tsv
羊,yang,yang2,content_single_char,530,common-standard-level-1+pinyin-data,docs/pinyin-v2/import/single_char_dictionary.tsv
并,bing,bing4,function_single_char,531,common-standard-level-1+pinyin-data,docs/pinyin-v2/import/single_char_dictionary.tsv
关,guan,guan1,content_single_char,532,common-standard-level-1+pinyin-data,docs/pinyin-v2/import/single_char_dictionary.tsv
米,mi,mi3,measure_single_char,533,common-standard-level-1+pinyin-data,docs/pinyin-v2/import/single_char_dictionary.tsv
灯,deng,deng1,content_single_char,534,common-standard-level-1+pinyin-data,docs/pinyin-v2/import/single_char_dictionary.tsv
州,zhou,zhou1,content_single_char,535,common-standard-level-1+pinyin-data,docs/pinyin-v2/import/single_char_dictionary.tsv
汗,han,han4,content_single_char,536,common-standard-level-1+pinyin-data,docs/pinyin-v2/import/single_char_dictionary.tsv
污,wu,wu1,content_single_char,537,common-standard-level-1+pinyin-data,docs/pinyin-v2/import/single_char_dictionary.tsv
江,jiang,jiang1,content_single_char,538,common-standard-level-1+pinyin-data,docs/pinyin-v2/import/single_char_dictionary.tsv
汛,xun,xun4,content_single_char,539,common-standard-level-1+pinyin-data,docs/pinyin-v2/import/single_char_dictionary.tsv
池,chi,chi2,content_single_char,540,common-standard-level-1+pinyin-data,docs/pinyin-v2/import/single_char_dictionary.tsv
汝,ru,ru3,content_single_char,541,common-standard-level-1+pinyin-data,docs/pinyin-v2/import/single_char_dictionary.tsv
汤,tang,tang1,content_single_char,542,common-standard-level-1+pinyin-data,docs/pinyin-v2/import/single_char_dictionary.tsv
忙,mang,mang2,content_single_char,543,common-standard-level-1+pinyin-data,docs/pinyin-v2/import/single_char_dictionary.tsv
兴,xing,xing1,content_single_char,544,common-standard-level-1+pinyin-data,docs/pinyin-v2/import/single_char_dictionary.tsv
宇,yu,yu3,content_single_char,545,common-standard-level-1+pinyin-data,docs/pinyin-v2/import/single_char_dictionary.tsv
守,shou,shou3,content_single_char,546,common-standard-level-1+pinyin-data,docs/pinyin-v2/import/single_char_dictionary.tsv
宅,zhai,zhai2,content_single_char,547,common-standard-level-1+pinyin-data,docs/pinyin-v2/import/single_char_dictionary.tsv
字,zi,zi4,content_single_char,548,common-standard-level-1+pinyin-data,docs/pinyin-v2/import/single_char_dictionary.tsv
安,an,an1,content_single_char,549,common-standard-level-1+pinyin-data,docs/pinyin-v2/import/single_char_dictionary.tsv
讲,jiang,jiang3,content_single_char,550,common-standard-level-1+pinyin-data,docs/pinyin-v2/import/single_char_dictionary.tsv
讳,hui,hui4,content_single_char,551,common-standard-level-1+pinyin-data,docs/pinyin-v2/import/single_char_dictionary.tsv
军,jun,jun1,content_single_char,552,common-standard-level-1+pinyin-data,docs/pinyin-v2/import/single_char_dictionary.tsv
讶,ya,ya4,content_single_char,553,common-standard-level-1+pinyin-data,docs/pinyin-v2/import/single_char_dictionary.tsv
许,xu,xu3,content_single_char,554,common-standard-level-1+pinyin-data,docs/pinyin-v2/import/single_char_dictionary.tsv
讹,e,e2,content_single_char,555,common-standard-level-1+pinyin-data,docs/pinyin-v2/import/single_char_dictionary.tsv
论,lun,lun4,content_single_char,556,common-standard-level-1+pinyin-data,docs/pinyin-v2/import/single_char_dictionary.tsv
讼,song,song4,content_single_char,557,common-standard-level-1+pinyin-data,docs/pinyin-v2/import/single_char_dictionary.tsv
农,nong,nong2,content_single_char,558,common-standard-level-1+pinyin-data,docs/pinyin-v2/import/single_char_dictionary.tsv
讽,feng,feng3,content_single_char,559,common-standard-level-1+pinyin-data,docs/pinyin-v2/import/single_char_dictionary.tsv
设,she,she4,content_single_char,560,common-standard-level-1+pinyin-data,docs/pinyin-v2/import/single_char_dictionary.tsv
访,fang,fang3,content_single_char,561,common-standard-level-1+pinyin-data,docs/pinyin-v2/import/single_char_dictionary.tsv
诀,jue,jue2,content_single_char,562,common-standard-level-1+pinyin-data,docs/pinyin-v2/import/single_char_dictionary.tsv
寻,xun,xun2,content_single_char,563,common-standard-level-1+pinyin-data,docs/pinyin-v2/import/single_char_dictionary.tsv
那,na,na4,function_single_char,564,common-standard-level-1+pinyin-data,docs/pinyin-v2/import/single_char_dictionary.tsv
迅,xun,xun4,content_single_char,565,common-standard-level-1+pinyin-data,docs/pinyin-v2/import/single_char_dictionary.tsv
尽,jin,jin3,content_single_char,566,common-standard-level-1+pinyin-data,docs/pinyin-v2/import/single_char_dictionary.tsv
导,dao,dao3,content_single_char,567,common-standard-level-1+pinyin-data,docs/pinyin-v2/import/single_char_dictionary.tsv
异,yi,yi4,content_single_char,568,common-standard-level-1+pinyin-data,docs/pinyin-v2/import/single_char_dictionary.tsv
弛,chi,chi2,content_single_char,569,common-standard-level-1+pinyin-data,docs/pinyin-v2/import/single_char_dictionary.tsv
孙,sun,sun1,content_single_char,570,common-standard-level-1+pinyin-data,docs/pinyin-v2/import/single_char_dictionary.tsv
阵,zhen,zhen4,content_single_char,571,common-standard-level-1+pinyin-data,docs/pinyin-v2/import/single_char_dictionary.tsv
阳,yang,yang2,content_single_char,572,common-standard-level-1+pinyin-data,docs/pinyin-v2/import/single_char_dictionary.tsv
收,shou,shou1,content_single_char,573,common-standard-level-1+pinyin-data,docs/pinyin-v2/import/single_char_dictionary.tsv
阶,jie,jie1,content_single_char,574,common-standard-level-1+pinyin-data,docs/pinyin-v2/import/single_char_dictionary.tsv
阴,yin,yin1,content_single_char,575,common-standard-level-1+pinyin-data,docs/pinyin-v2/import/single_char_dictionary.tsv
防,fang,fang2,content_single_char,576,common-standard-level-1+pinyin-data,docs/pinyin-v2/import/single_char_dictionary.tsv
奸,jian,jian1,content_single_char,577,common-standard-level-1+pinyin-data,docs/pinyin-v2/import/single_char_dictionary.tsv
如,ru,ru2,function_single_char,578,common-standard-level-1+pinyin-data,docs/pinyin-v2/import/single_char_dictionary.tsv
妇,fu,fu4,content_single_char,579,common-standard-level-1+pinyin-data,docs/pinyin-v2/import/single_char_dictionary.tsv
妃,fei,fei1,content_single_char,580,common-standard-level-1+pinyin-data,docs/pinyin-v2/import/single_char_dictionary.tsv
好,hao,hao3,content_single_char,581,common-standard-level-1+pinyin-data,docs/pinyin-v2/import/single_char_dictionary.tsv
她,ta,ta1,function_single_char,582,common-standard-level-1+pinyin-data,docs/pinyin-v2/import/single_char_dictionary.tsv
妈,ma,ma1,content_single_char,583,common-standard-level-1+pinyin-data,docs/pinyin-v2/import/single_char_dictionary.tsv
戏,xi,xi4,content_single_char,584,common-standard-level-1+pinyin-data,docs/pinyin-v2/import/single_char_dictionary.tsv
羽,yu,yu3,content_single_char,585,common-standard-level-1+pinyin-data,docs/pinyin-v2/import/single_char_dictionary.tsv
观,guan,guan1,content_single_char,586,common-standard-level-1+pinyin-data,docs/pinyin-v2/import/single_char_dictionary.tsv
欢,huan,huan1,content_single_char,587,common-standard-level-1+pinyin-data,docs/pinyin-v2/import/single_char_dictionary.tsv
买,mai,mai3,function_single_char,588,common-standard-level-1+pinyin-data,docs/pinyin-v2/import/single_char_dictionary.tsv
红,hong,hong2,content_single_char,589,common-standard-level-1+pinyin-data,docs/pinyin-v2/import/single_char_dictionary.tsv
驮,tuo,tuo2,content_single_char,590,common-standard-level-1+pinyin-data,docs/pinyin-v2/import/single_char_dictionary.tsv
纤,xian,xian1,content_single_char,591,common-standard-level-1+pinyin-data,docs/pinyin-v2/import/single_char_dictionary.tsv
驯,xun,xun4,content_single_char,592,common-standard-level-1+pinyin-data,docs/pinyin-v2/import/single_char_dictionary.tsv
约,yue,yue1,content_single_char,593,common-standard-level-1+pinyin-data,docs/pinyin-v2/import/single_char_dictionary.tsv
级,ji,ji2,content_single_char,594,common-standard-level-1+pinyin-data,docs/pinyin-v2/import/single_char_dictionary.tsv
纪,ji,ji4,content_single_char,595,common-standard-level-1+pinyin-data,docs/pinyin-v2/import/single_char_dictionary.tsv
驰,chi,chi2,content_single_char,596,common-standard-level-1+pinyin-data,docs/pinyin-v2/import/single_char_dictionary.tsv
纫,ren,ren4,content_single_char,597,common-standard-level-1+pinyin-data,docs/pinyin-v2/import/single_char_dictionary.tsv
巡,xun,xun2,content_single_char,598,common-standard-level-1+pinyin-data,docs/pinyin-v2/import/single_char_dictionary.tsv
寿,shou,shou4,content_single_char,599,common-standard-level-1+pinyin-data,docs/pinyin-v2/import/single_char_dictionary.tsv
弄,nong,nong4,content_single_char,600,common-standard-level-1+pinyin-data,docs/pinyin-v2/import/single_char_dictionary.tsv
麦,mai,mai4,content_single_char,601,common-standard-level-1+pinyin-data,docs/pinyin-v2/import/single_char_dictionary.tsv
玖,jiu,jiu3,content_single_char,602,common-standard-level-1+pinyin-data,docs/pinyin-v2/import/single_char_dictionary.tsv
玛,ma,ma3,content_single_char,603,common-standard-level-1+pinyin-data,docs/pinyin-v2/import/single_char_dictionary.tsv
形,xing,xing2,content_single_char,604,common-standard-level-1+pinyin-data,docs/pinyin-v2/import/single_char_dictionary.tsv
进,jin,jin4,content_single_char,605,common-standard-level-1+pinyin-data,docs/pinyin-v2/import/single_char_dictionary.tsv
戒,jie,jie4,content_single_char,606,common-standard-level-1+pinyin-data,docs/pinyin-v2/import/single_char_dictionary.tsv
吞,tun,tun1,content_single_char,607,common-standard-level-1+pinyin-data,docs/pinyin-v2/import/single_char_dictionary.tsv
远,yuan,yuan3,content_single_char,608,common-standard-level-1+pinyin-data,docs/pinyin-v2/import/single_char_dictionary.tsv
违,wei,wei2,content_single_char,609,common-standard-level-1+pinyin-data,docs/pinyin-v2/import/single_char_dictionary.tsv
韧,ren,ren4,content_single_char,610,common-standard-level-1+pinyin-data,docs/pinyin-v2/import/single_char_dictionary.tsv
运,yun,yun4,content_single_char,611,common-standard-level-1+pinyin-data,docs/pinyin-v2/import/single_char_dictionary.tsv
扶,fu,fu2,content_single_char,612,common-standard-level-1+pinyin-data,docs/pinyin-v2/import/single_char_dictionary.tsv
抚,fu,fu3,content_single_char,613,common-standard-level-1+pinyin-data,docs/pinyin-v2/import/single_char_dictionary.tsv
坛,tan,tan2,content_single_char,614,common-standard-level-1+pinyin-data,docs/pinyin-v2/import/single_char_dictionary.tsv
技,ji,ji4,content_single_char,615,common-standard-level-1+pinyin-data,docs/pinyin-v2/import/single_char_dictionary.tsv
坏,huai,huai4,content_single_char,616,common-standard-level-1+pinyin-data,docs/pinyin-v2/import/single_char_dictionary.tsv
抠,kou,kou1,content_single_char,617,common-standard-level-1+pinyin-data,docs/pinyin-v2/import/single_char_dictionary.tsv
扰,rao,rao3,content_single_char,618,common-standard-level-1+pinyin-data,docs/pinyin-v2/import/single_char_dictionary.tsv
扼,e,e4,content_single_char,619,common-standard-level-1+pinyin-data,docs/pinyin-v2/import/single_char_dictionary.tsv
拒,ju,ju4,content_single_char,620,common-standard-level-1+pinyin-data,docs/pinyin-v2/import/single_char_dictionary.tsv
找,zhao,zhao3,function_single_char,621,common-standard-level-1+pinyin-data,docs/pinyin-v2/import/single_char_dictionary.tsv
批,pi,pi1,content_single_char,622,common-standard-level-1+pinyin-data,docs/pinyin-v2/import/single_char_dictionary.tsv
址,zhi,zhi3,content_single_char,623,common-standard-level-1+pinyin-data,docs/pinyin-v2/import/single_char_dictionary.tsv
扯,che,che3,content_single_char,624,common-standard-level-1+pinyin-data,docs/pinyin-v2/import/single_char_dictionary.tsv
走,zou,zou3,content_single_char,625,common-standard-level-1+pinyin-data,docs/pinyin-v2/import/single_char_dictionary.tsv
抄,chao,chao1,content_single_char,626,common-standard-level-1+pinyin-data,docs/pinyin-v2/import/single_char_dictionary.tsv
贡,gong,gong4,content_single_char,627,common-standard-level-1+pinyin-data,docs/pinyin-v2/import/single_char_dictionary.tsv
汞,gong,gong3,content_single_char,628,common-standard-level-1+pinyin-data,docs/pinyin-v2/import/single_char_dictionary.tsv
坝,ba,ba4,content_single_char,629,common-standard-level-1+pinyin-data,docs/pinyin-v2/import/single_char_dictionary.tsv
攻,gong,gong1,content_single_char,630,common-standard-level-1+pinyin-data,docs/pinyin-v2/import/single_char_dictionary.tsv
赤,chi,chi4,content_single_char,631,common-standard-level-1+pinyin-data,docs/pinyin-v2/import/single_char_dictionary.tsv
折,zhe,zhe2,content_single_char,632,common-standard-level-1+pinyin-data,docs/pinyin-v2/import/single_char_dictionary.tsv
抓,zhua,zhua1,content_single_char,633,common-standard-level-1+pinyin-data,docs/pinyin-v2/import/single_char_dictionary.tsv
扳,ban,ban1,content_single_char,634,common-standard-level-1+pinyin-data,docs/pinyin-v2/import/single_char_dictionary.tsv
抡,lun,lun1,content_single_char,635,common-standard-level-1+pinyin-data,docs/pinyin-v2/import/single_char_dictionary.tsv
扮,ban,ban4,content_single_char,636,common-standard-level-1+pinyin-data,docs/pinyin-v2/import/single_char_dictionary.tsv
抢,qiang,qiang3,content_single_char,637,common-standard-level-1+pinyin-data,docs/pinyin-v2/import/single_char_dictionary.tsv
孝,xiao,xiao4,content_single_char,638,common-standard-level-1+pinyin-data,docs/pinyin-v2/import/single_char_dictionary.tsv
坎,kan,kan3,content_single_char,639,common-standard-level-1+pinyin-data,docs/pinyin-v2/import/single_char_dictionary.tsv
均,jun,jun1,content_single_char,640,common-standard-level-1+pinyin-data,docs/pinyin-v2/import/single_char_dictionary.tsv
抑,yi,yi4,content_single_char,641,common-standard-level-1+pinyin-data,docs/pinyin-v2/import/single_char_dictionary.tsv
抛,pao,pao1,content_single_char,642,common-standard-level-1+pinyin-data,docs/pinyin-v2/import/single_char_dictionary.tsv
投,tou,tou2,content_single_char,643,common-standard-level-1+pinyin-data,docs/pinyin-v2/import/single_char_dictionary.tsv
坟,fen,fen2,content_single_char,644,common-standard-level-1+pinyin-data,docs/pinyin-v2/import/single_char_dictionary.tsv
坑,keng,keng1,content_single_char,645,common-standard-level-1+pinyin-data,docs/pinyin-v2/import/single_char_dictionary.tsv
抗,kang,kang4,content_single_char,646,common-standard-level-1+pinyin-data,docs/pinyin-v2/import/single_char_dictionary.tsv
坊,fang,fang1,content_single_char,647,common-standard-level-1+pinyin-data,docs/pinyin-v2/import/single_char_dictionary.tsv
抖,dou,dou3,content_single_char,648,common-standard-level-1+pinyin-data,docs/pinyin-v2/import/single_char_dictionary.tsv
护,hu,hu4,content_single_char,649,common-standard-level-1+pinyin-data,docs/pinyin-v2/import/single_char_dictionary.tsv
壳,ke,ke2,content_single_char,650,common-standard-level-1+pinyin-data,docs/pinyin-v2/import/single_char_dictionary.tsv
志,zhi,zhi4,content_single_char,651,common-standard-level-1+pinyin-data,docs/pinyin-v2/import/single_char_dictionary.tsv
块,kuai,kuai4,measure_single_char,652,common-standard-level-1+pinyin-data,docs/pinyin-v2/import/single_char_dictionary.tsv
扭,niu,niu3,content_single_char,653,common-standard-level-1+pinyin-data,docs/pinyin-v2/import/single_char_dictionary.tsv
声,sheng,sheng1,content_single_char,654,common-standard-level-1+pinyin-data,docs/pinyin-v2/import/single_char_dictionary.tsv
把,ba,ba3,function_single_char,655,common-standard-level-1+pinyin-data,docs/pinyin-v2/import/single_char_dictionary.tsv
报,bao,bao4,content_single_char,656,common-standard-level-1+pinyin-data,docs/pinyin-v2/import/single_char_dictionary.tsv
拟,ni,ni3,content_single_char,657,common-standard-level-1+pinyin-data,docs/pinyin-v2/import/single_char_dictionary.tsv
却,que,que4,content_single_char,658,common-standard-level-1+pinyin-data,docs/pinyin-v2/import/single_char_dictionary.tsv
抒,shu,shu1,content_single_char,659,common-standard-level-1+pinyin-data,docs/pinyin-v2/import/single_char_dictionary.tsv
劫,jie,jie2,content_single_char,660,common-standard-level-1+pinyin-data,docs/pinyin-v2/import/single_char_dictionary.tsv
芙,fu,fu2,content_single_char,661,common-standard-level-1+pinyin-data,docs/pinyin-v2/import/single_char_dictionary.tsv
芜,wu,wu2,content_single_char,662,common-standard-level-1+pinyin-data,docs/pinyin-v2/import/single_char_dictionary.tsv
苇,wei,wei3,content_single_char,663,common-standard-level-1+pinyin-data,docs/pinyin-v2/import/single_char_dictionary.tsv
芽,ya,ya2,content_single_char,664,common-standard-level-1+pinyin-data,docs/pinyin-v2/import/single_char_dictionary.tsv
花,hua,hua1,content_single_char,665,common-standard-level-1+pinyin-data,docs/pinyin-v2/import/single_char_dictionary.tsv
芹,qin,qin2,content_single_char,666,common-standard-level-1+pinyin-data,docs/pinyin-v2/import/single_char_dictionary.tsv
芥,jie,jie4,content_single_char,667,common-standard-level-1+pinyin-data,docs/pinyin-v2/import/single_char_dictionary.tsv
芬,fen,fen1,content_single_char,668,common-standard-level-1+pinyin-data,docs/pinyin-v2/import/single_char_dictionary.tsv
苍,cang,cang1,content_single_char,669,common-standard-level-1+pinyin-data,docs/pinyin-v2/import/single_char_dictionary.tsv
芳,fang,fang1,content_single_char,670,common-standard-level-1+pinyin-data,docs/pinyin-v2/import/single_char_dictionary.tsv
严,yan,yan2,content_single_char,671,common-standard-level-1+pinyin-data,docs/pinyin-v2/import/single_char_dictionary.tsv
芦,lu,lu2,content_single_char,672,common-standard-level-1+pinyin-data,docs/pinyin-v2/import/single_char_dictionary.tsv
芯,xin,xin1,content_single_char,673,common-standard-level-1+pinyin-data,docs/pinyin-v2/import/single_char_dictionary.tsv
劳,lao,lao2,content_single_char,674,common-standard-level-1+pinyin-data,docs/pinyin-v2/import/single_char_dictionary.tsv
克,ke,ke4,measure_single_char,675,common-standard-level-1+pinyin-data,docs/pinyin-v2/import/single_char_dictionary.tsv
芭,ba,ba1,content_single_char,676,common-standard-level-1+pinyin-data,docs/pinyin-v2/import/single_char_dictionary.tsv
苏,su,su1,content_single_char,677,common-standard-level-1+pinyin-data,docs/pinyin-v2/import/single_char_dictionary.tsv
杆,gan,gan1,content_single_char,678,common-standard-level-1+pinyin-data,docs/pinyin-v2/import/single_char_dictionary.tsv
杠,gang,gang1,content_single_char,679,common-standard-level-1+pinyin-data,docs/pinyin-v2/import/single_char_dictionary.tsv
杜,du,du4,content_single_char,680,common-standard-level-1+pinyin-data,docs/pinyin-v2/import/single_char_dictionary.tsv
材,cai,cai2,content_single_char,681,common-standard-level-1+pinyin-data,docs/pinyin-v2/import/single_char_dictionary.tsv
村,cun,cun1,content_single_char,682,common-standard-level-1+pinyin-data,docs/pinyin-v2/import/single_char_dictionary.tsv
杖,zhang,zhang4,content_single_char,683,common-standard-level-1+pinyin-data,docs/pinyin-v2/import/single_char_dictionary.tsv
杏,xing,xing4,content_single_char,684,common-standard-level-1+pinyin-data,docs/pinyin-v2/import/single_char_dictionary.tsv
杉,shan,shan1,content_single_char,685,common-standard-level-1+pinyin-data,docs/pinyin-v2/import/single_char_dictionary.tsv
巫,wu,wu1,content_single_char,686,common-standard-level-1+pinyin-data,docs/pinyin-v2/import/single_char_dictionary.tsv
极,ji,ji2,content_single_char,687,common-standard-level-1+pinyin-data,docs/pinyin-v2/import/single_char_dictionary.tsv
李,li,li3,content_single_char,688,common-standard-level-1+pinyin-data,docs/pinyin-v2/import/single_char_dictionary.tsv
杨,yang,yang2,content_single_char,689,common-standard-level-1+pinyin-data,docs/pinyin-v2/import/single_char_dictionary.tsv
求,qiu,qiu2,content_single_char,690,common-standard-level-1+pinyin-data,docs/pinyin-v2/import/single_char_dictionary.tsv
甫,fu,fu3,content_single_char,691,common-standard-level-1+pinyin-data,docs/pinyin-v2/import/single_char_dictionary.tsv
匣,xia,xia2,content_single_char,692,common-standard-level-1+pinyin-data,docs/pinyin-v2/import/single_char_dictionary.tsv
更,geng,geng4,content_single_char,693,common-standard-level-1+pinyin-data,docs/pinyin-v2/import/single_char_dictionary.tsv
束,shu,shu4,content_single_char,694,common-standard-level-1+pinyin-data,docs/pinyin-v2/import/single_char_dictionary.tsv
吾,wu,wu2,content_single_char,695,common-standard-level-1+pinyin-data,docs/pinyin-v2/import/single_char_dictionary.tsv
豆,dou,dou4,content_single_char,696,common-standard-level-1+pinyin-data,docs/pinyin-v2/import/single_char_dictionary.tsv
两,liang,liang3,content_single_char,697,common-standard-level-1+pinyin-data,docs/pinyin-v2/import/single_char_dictionary.tsv
酉,you,you3,content_single_char,698,common-standard-level-1+pinyin-data,docs/pinyin-v2/import/single_char_dictionary.tsv
丽,li,li4,content_single_char,699,common-standard-level-1+pinyin-data,docs/pinyin-v2/import/single_char_dictionary.tsv
医,yi,yi1,service_content_single_char,700,common-standard-level-1+pinyin-data,docs/pinyin-v2/import/single_char_dictionary.tsv
辰,chen,chen2,content_single_char,701,common-standard-level-1+pinyin-data,docs/pinyin-v2/import/single_char_dictionary.tsv
励,li,li4,content_single_char,702,common-standard-level-1+pinyin-data,docs/pinyin-v2/import/single_char_dictionary.tsv
否,fou,fou3,content_single_char,703,common-standard-level-1+pinyin-data,docs/pinyin-v2/import/single_char_dictionary.tsv
还,hai,hai2,function_single_char,704,common-standard-level-1+pinyin-data,docs/pinyin-v2/import/single_char_dictionary.tsv
尬,ga,ga4,content_single_char,705,common-standard-level-1+pinyin-data,docs/pinyin-v2/import/single_char_dictionary.tsv
歼,jian,jian1,content_single_char,706,common-standard-level-1+pinyin-data,docs/pinyin-v2/import/single_char_dictionary.tsv
来,lai,lai2,function_single_char,707,common-standard-level-1+pinyin-data,docs/pinyin-v2/import/single_char_dictionary.tsv
连,lian,lian2,content_single_char,708,common-standard-level-1+pinyin-data,docs/pinyin-v2/import/single_char_dictionary.tsv
轩,xuan,xuan1,content_single_char,709,common-standard-level-1+pinyin-data,docs/pinyin-v2/import/single_char_dictionary.tsv
步,bu,bu4,content_single_char,710,common-standard-level-1+pinyin-data,docs/pinyin-v2/import/single_char_dictionary.tsv
卤,lu,lu3,content_single_char,711,common-standard-level-1+pinyin-data,docs/pinyin-v2/import/single_char_dictionary.tsv
坚,jian,jian1,content_single_char,712,common-standard-level-1+pinyin-data,docs/pinyin-v2/import/single_char_dictionary.tsv
肖,xiao,xiao4,content_single_char,713,common-standard-level-1+pinyin-data,docs/pinyin-v2/import/single_char_dictionary.tsv
旱,han,han4,content_single_char,714,common-standard-level-1+pinyin-data,docs/pinyin-v2/import/single_char_dictionary.tsv
盯,ding,ding1,content_single_char,715,common-standard-level-1+pinyin-data,docs/pinyin-v2/import/single_char_dictionary.tsv
呈,cheng,cheng2,content_single_char,716,common-standard-level-1+pinyin-data,docs/pinyin-v2/import/single_char_dictionary.tsv
时,shi,shi2,time_single_char,717,common-standard-level-1+pinyin-data,docs/pinyin-v2/import/single_char_dictionary.tsv
吴,wu,wu2,content_single_char,718,common-standard-level-1+pinyin-data,docs/pinyin-v2/import/single_char_dictionary.tsv
助,zhu,zhu4,content_single_char,719,common-standard-level-1+pinyin-data,docs/pinyin-v2/import/single_char_dictionary.tsv
县,xian,xian4,place_direction_single_char,720,common-standard-level-1+pinyin-data,docs/pinyin-v2/import/single_char_dictionary.tsv
里,li,li3,place_direction_single_char,721,common-standard-level-1+pinyin-data,docs/pinyin-v2/import/single_char_dictionary.tsv
呆,dai,dai1,content_single_char,722,common-standard-level-1+pinyin-data,docs/pinyin-v2/import/single_char_dictionary.tsv
吱,zhi,zhi1,content_single_char,723,common-standard-level-1+pinyin-data,docs/pinyin-v2/import/single_char_dictionary.tsv
吠,fei,fei4,content_single_char,724,common-standard-level-1+pinyin-data,docs/pinyin-v2/import/single_char_dictionary.tsv
呕,ou,ou3,content_single_char,725,common-standard-level-1+pinyin-data,docs/pinyin-v2/import/single_char_dictionary.tsv
园,yuan,yuan2,content_single_char,726,common-standard-level-1+pinyin-data,docs/pinyin-v2/import/single_char_dictionary.tsv
旷,kuang,kuang4,content_single_char,727,common-standard-level-1+pinyin-data,docs/pinyin-v2/import/single_char_dictionary.tsv
围,wei,wei2,content_single_char,728,common-standard-level-1+pinyin-data,docs/pinyin-v2/import/single_char_dictionary.tsv
呀,ya,ya,content_single_char,729,common-standard-level-1+pinyin-data,docs/pinyin-v2/import/single_char_dictionary.tsv
吨,dun,dun1,content_single_char,730,common-standard-level-1+pinyin-data,docs/pinyin-v2/import/single_char_dictionary.tsv
足,zu,zu2,content_single_char,731,common-standard-level-1+pinyin-data,docs/pinyin-v2/import/single_char_dictionary.tsv
邮,you,you2,content_single_char,732,common-standard-level-1+pinyin-data,docs/pinyin-v2/import/single_char_dictionary.tsv
男,nan,nan2,content_single_char,733,common-standard-level-1+pinyin-data,docs/pinyin-v2/import/single_char_dictionary.tsv
困,kun,kun4,content_single_char,734,common-standard-level-1+pinyin-data,docs/pinyin-v2/import/single_char_dictionary.tsv
吵,chao,chao3,content_single_char,735,common-standard-level-1+pinyin-data,docs/pinyin-v2/import/single_char_dictionary.tsv
串,chuan,chuan4,content_single_char,736,common-standard-level-1+pinyin-data,docs/pinyin-v2/import/single_char_dictionary.tsv
员,yuan,yuan2,content_single_char,737,common-standard-level-1+pinyin-data,docs/pinyin-v2/import/single_char_dictionary.tsv
呐,na,na4,content_single_char,738,common-standard-level-1+pinyin-data,docs/pinyin-v2/import/single_char_dictionary.tsv
听,ting,ting1,function_single_char,739,common-standard-level-1+pinyin-data,docs/pinyin-v2/import/single_char_dictionary.tsv
吟,yin,yin2,content_single_char,740,common-standard-level-1+pinyin-data,docs/pinyin-v2/import/single_char_dictionary.tsv
吩,fen,fen1,content_single_char,741,common-standard-level-1+pinyin-data,docs/pinyin-v2/import/single_char_dictionary.tsv
呛,qiang,qiang1,content_single_char,742,common-standard-level-1+pinyin-data,docs/pinyin-v2/import/single_char_dictionary.tsv
吻,wen,wen3,content_single_char,743,common-standard-level-1+pinyin-data,docs/pinyin-v2/import/single_char_dictionary.tsv
吹,chui,chui1,content_single_char,744,common-standard-level-1+pinyin-data,docs/pinyin-v2/import/single_char_dictionary.tsv
呜,wu,wu1,content_single_char,745,common-standard-level-1+pinyin-data,docs/pinyin-v2/import/single_char_dictionary.tsv
吭,keng,keng1,content_single_char,746,common-standard-level-1+pinyin-data,docs/pinyin-v2/import/single_char_dictionary.tsv
吧,ba,ba,function_single_char,747,common-standard-level-1+pinyin-data,docs/pinyin-v2/import/single_char_dictionary.tsv
邑,yi,yi4,content_single_char,748,common-standard-level-1+pinyin-data,docs/pinyin-v2/import/single_char_dictionary.tsv
吼,hou,hou3,content_single_char,749,common-standard-level-1+pinyin-data,docs/pinyin-v2/import/single_char_dictionary.tsv
囤,dun,dun4,content_single_char,750,common-standard-level-1+pinyin-data,docs/pinyin-v2/import/single_char_dictionary.tsv
别,bie,bie2,content_single_char,751,common-standard-level-1+pinyin-data,docs/pinyin-v2/import/single_char_dictionary.tsv
吮,shun,shun3,content_single_char,752,common-standard-level-1+pinyin-data,docs/pinyin-v2/import/single_char_dictionary.tsv
岖,qu,qu1,content_single_char,753,common-standard-level-1+pinyin-data,docs/pinyin-v2/import/single_char_dictionary.tsv
岗,gang,gang3,content_single_char,754,common-standard-level-1+pinyin-data,docs/pinyin-v2/import/single_char_dictionary.tsv
帐,zhang,zhang4,content_single_char,755,common-standard-level-1+pinyin-data,docs/pinyin-v2/import/single_char_dictionary.tsv
财,cai,cai2,content_single_char,756,common-standard-level-1+pinyin-data,docs/pinyin-v2/import/single_char_dictionary.tsv
针,zhen,zhen1,content_single_char,757,common-standard-level-1+pinyin-data,docs/pinyin-v2/import/single_char_dictionary.tsv
钉,ding,ding1,content_single_char,758,common-standard-level-1+pinyin-data,docs/pinyin-v2/import/single_char_dictionary.tsv
牡,mu,mu3,content_single_char,759,common-standard-level-1+pinyin-data,docs/pinyin-v2/import/single_char_dictionary.tsv
告,gao,gao4,content_single_char,760,common-standard-level-1+pinyin-data,docs/pinyin-v2/import/single_char_dictionary.tsv
我,wo,wo3,function_single_char,761,common-standard-level-1+pinyin-data,docs/pinyin-v2/import/single_char_dictionary.tsv
乱,luan,luan4,content_single_char,762,common-standard-level-1+pinyin-data,docs/pinyin-v2/import/single_char_dictionary.tsv
利,li,li4,content_single_char,763,common-standard-level-1+pinyin-data,docs/pinyin-v2/import/single_char_dictionary.tsv
秃,tu,tu1,content_single_char,764,common-standard-level-1+pinyin-data,docs/pinyin-v2/import/single_char_dictionary.tsv
秀,xiu,xiu4,content_single_char,765,common-standard-level-1+pinyin-data,docs/pinyin-v2/import/single_char_dictionary.tsv
私,si,si1,content_single_char,766,common-standard-level-1+pinyin-data,docs/pinyin-v2/import/single_char_dictionary.tsv
每,mei,mei3,time_single_char,767,common-standard-level-1+pinyin-data,docs/pinyin-v2/import/single_char_dictionary.tsv
兵,bing,bing1,content_single_char,768,common-standard-level-1+pinyin-data,docs/pinyin-v2/import/single_char_dictionary.tsv
估,gu,gu1,content_single_char,769,common-standard-level-1+pinyin-data,docs/pinyin-v2/import/single_char_dictionary.tsv
体,ti,ti3,content_single_char,770,common-standard-level-1+pinyin-data,docs/pinyin-v2/import/single_char_dictionary.tsv
何,he,he2,function_single_char,771,common-standard-level-1+pinyin-data,docs/pinyin-v2/import/single_char_dictionary.tsv
佐,zuo,zuo3,content_single_char,772,common-standard-level-1+pinyin-data,docs/pinyin-v2/import/single_char_dictionary.tsv
佑,you,you4,content_single_char,773,common-standard-level-1+pinyin-data,docs/pinyin-v2/import/single_char_dictionary.tsv
但,dan,dan4,function_single_char,774,common-standard-level-1+pinyin-data,docs/pinyin-v2/import/single_char_dictionary.tsv
伸,shen,shen1,content_single_char,775,common-standard-level-1+pinyin-data,docs/pinyin-v2/import/single_char_dictionary.tsv
佃,dian,dian4,content_single_char,776,common-standard-level-1+pinyin-data,docs/pinyin-v2/import/single_char_dictionary.tsv
作,zuo,zuo4,content_single_char,777,common-standard-level-1+pinyin-data,docs/pinyin-v2/import/single_char_dictionary.tsv
伯,bo,bo2,content_single_char,778,common-standard-level-1+pinyin-data,docs/pinyin-v2/import/single_char_dictionary.tsv
伶,ling,ling2,content_single_char,779,common-standard-level-1+pinyin-data,docs/pinyin-v2/import/single_char_dictionary.tsv
佣,yong,yong1,content_single_char,780,common-standard-level-1+pinyin-data,docs/pinyin-v2/import/single_char_dictionary.tsv
低,di,di1,content_single_char,781,common-standard-level-1+pinyin-data,docs/pinyin-v2/import/single_char_dictionary.tsv
你,ni,ni3,function_single_char,782,common-standard-level-1+pinyin-data,docs/pinyin-v2/import/single_char_dictionary.tsv
住,zhu,zhu4,content_single_char,783,common-standard-level-1+pinyin-data,docs/pinyin-v2/import/single_char_dictionary.tsv
位,wei,wei4,content_single_char,784,common-standard-level-1+pinyin-data,docs/pinyin-v2/import/single_char_dictionary.tsv
伴,ban,ban4,content_single_char,785,common-standard-level-1+pinyin-data,docs/pinyin-v2/import/single_char_dictionary.tsv
身,shen,shen1,content_single_char,786,common-standard-level-1+pinyin-data,docs/pinyin-v2/import/single_char_dictionary.tsv
皂,zao,zao4,content_single_char,787,common-standard-level-1+pinyin-data,docs/pinyin-v2/import/single_char_dictionary.tsv
伺,ci,ci4,content_single_char,788,common-standard-level-1+pinyin-data,docs/pinyin-v2/import/single_char_dictionary.tsv
佛,fu,fu2,content_single_char,789,common-standard-level-1+pinyin-data,docs/pinyin-v2/import/single_char_dictionary.tsv
囱,cong,cong1,content_single_char,790,common-standard-level-1+pinyin-data,docs/pinyin-v2/import/single_char_dictionary.tsv
近,jin,jin4,content_single_char,791,common-standard-level-1+pinyin-data,docs/pinyin-v2/import/single_char_dictionary.tsv
彻,che,che4,content_single_char,792,common-standard-level-1+pinyin-data,docs/pinyin-v2/import/single_char_dictionary.tsv
役,yi,yi4,content_single_char,793,common-standard-level-1+pinyin-data,docs/pinyin-v2/import/single_char_dictionary.tsv
返,fan,fan3,content_single_char,794,common-standard-level-1+pinyin-data,docs/pinyin-v2/import/single_char_dictionary.tsv
余,yu,yu2,content_single_char,795,common-standard-level-1+pinyin-data,docs/pinyin-v2/import/single_char_dictionary.tsv
希,xi,xi1,content_single_char,796,common-standard-level-1+pinyin-data,docs/pinyin-v2/import/single_char_dictionary.tsv
坐,zuo,zuo4,content_single_char,797,common-standard-level-1+pinyin-data,docs/pinyin-v2/import/single_char_dictionary.tsv
谷,gu,gu3,content_single_char,798,common-standard-level-1+pinyin-data,docs/pinyin-v2/import/single_char_dictionary.tsv
妥,tuo,tuo3,content_single_char,799,common-standard-level-1+pinyin-data,docs/pinyin-v2/import/single_char_dictionary.tsv
含,han,han2,content_single_char,800,common-standard-level-1+pinyin-data,docs/pinyin-v2/import/single_char_dictionary.tsv
邻,lin,lin2,content_single_char_fallback,801,common-standard-level-1+pinyin-data,docs/pinyin-v2/import/single_char_dictionary.tsv
岔,cha,cha4,content_single_char_fallback,802,common-standard-level-1+pinyin-data,docs/pinyin-v2/import/single_char_dictionary.tsv
肝,gan,gan1,content_single_char_fallback,803,common-standard-level-1+pinyin-data,docs/pinyin-v2/import/single_char_dictionary.tsv
肛,gang,gang1,content_single_char_fallback,804,common-standard-level-1+pinyin-data,docs/pinyin-v2/import/single_char_dictionary.tsv
肚,du,du4,content_single_char_fallback,805,common-standard-level-1+pinyin-data,docs/pinyin-v2/import/single_char_dictionary.tsv
肘,zhou,zhou3,content_single_char_fallback,806,common-standard-level-1+pinyin-data,docs/pinyin-v2/import/single_char_dictionary.tsv
肠,chang,chang2,content_single_char_fallback,807,common-standard-level-1+pinyin-data,docs/pinyin-v2/import/single_char_dictionary.tsv
龟,gui,gui1,content_single_char_fallback,808,common-standard-level-1+pinyin-data,docs/pinyin-v2/import/single_char_dictionary.tsv
甸,dian,dian1,content_single_char_fallback,809,common-standard-level-1+pinyin-data,docs/pinyin-v2/import/single_char_dictionary.tsv
免,mian,mian3,content_single_char_fallback,810,common-standard-level-1+pinyin-data,docs/pinyin-v2/import/single_char_dictionary.tsv
狂,kuang,kuang2,content_single_char_fallback,811,common-standard-level-1+pinyin-data,docs/pinyin-v2/import/single_char_dictionary.tsv
犹,you,you2,content_single_char_fallback,812,common-standard-level-1+pinyin-data,docs/pinyin-v2/import/single_char_dictionary.tsv
狈,bei,bei4,content_single_char_fallback,813,common-standard-level-1+pinyin-data,docs/pinyin-v2/import/single_char_dictionary.tsv
角,jiao,jiao3,measure_single_char,814,common-standard-level-1+pinyin-data,docs/pinyin-v2/import/single_char_dictionary.tsv
删,shan,shan1,content_single_char_fallback,815,common-standard-level-1+pinyin-data,docs/pinyin-v2/import/single_char_dictionary.tsv
条,tiao,tiao2,measure_single_char,816,common-standard-level-1+pinyin-data,docs/pinyin-v2/import/single_char_dictionary.tsv
彤,tong,tong2,content_single_char_fallback,817,common-standard-level-1+pinyin-data,docs/pinyin-v2/import/single_char_dictionary.tsv
卵,luan,luan3,content_single_char_fallback,818,common-standard-level-1+pinyin-data,docs/pinyin-v2/import/single_char_dictionary.tsv
灸,jiu,jiu3,content_single_char_fallback,819,common-standard-level-1+pinyin-data,docs/pinyin-v2/import/single_char_dictionary.tsv
岛,dao,dao3,service_content_single_char,820,common-standard-level-1+pinyin-data,docs/pinyin-v2/import/single_char_dictionary.tsv
刨,pao,pao2,content_single_char_fallback,821,common-standard-level-1+pinyin-data,docs/pinyin-v2/import/single_char_dictionary.tsv
迎,ying,ying2,content_single_char_fallback,822,common-standard-level-1+pinyin-data,docs/pinyin-v2/import/single_char_dictionary.tsv
饭,fan,fan4,service_content_single_char,823,common-standard-level-1+pinyin-data,docs/pinyin-v2/import/single_char_dictionary.tsv
饮,yin,yin3,content_single_char_fallback,824,common-standard-level-1+pinyin-data,docs/pinyin-v2/import/single_char_dictionary.tsv
系,xi,xi4,content_single_char_fallback,825,common-standard-level-1+pinyin-data,docs/pinyin-v2/import/single_char_dictionary.tsv
言,yan,yan2,content_single_char_fallback,826,common-standard-level-1+pinyin-data,docs/pinyin-v2/import/single_char_dictionary.tsv
冻,dong,dong4,content_single_char_fallback,827,common-standard-level-1+pinyin-data,docs/pinyin-v2/import/single_char_dictionary.tsv
状,zhuang,zhuang4,content_single_char_fallback,828,common-standard-level-1+pinyin-data,docs/pinyin-v2/import/single_char_dictionary.tsv
亩,mu,mu3,content_single_char_fallback,829,common-standard-level-1+pinyin-data,docs/pinyin-v2/import/single_char_dictionary.tsv
况,kuang,kuang4,content_single_char_fallback,830,common-standard-level-1+pinyin-data,docs/pinyin-v2/import/single_char_dictionary.tsv
床,chuang,chuang2,service_content_single_char,831,common-standard-level-1+pinyin-data,docs/pinyin-v2/import/single_char_dictionary.tsv
库,ku,ku4,content_single_char_fallback,832,common-standard-level-1+pinyin-data,docs/pinyin-v2/import/single_char_dictionary.tsv
庇,bi,bi4,content_single_char_fallback,833,common-standard-level-1+pinyin-data,docs/pinyin-v2/import/single_char_dictionary.tsv
疗,liao,liao2,content_single_char_fallback,834,common-standard-level-1+pinyin-data,docs/pinyin-v2/import/single_char_dictionary.tsv
吝,lin,lin4,content_single_char_fallback,835,common-standard-level-1+pinyin-data,docs/pinyin-v2/import/single_char_dictionary.tsv
应,ying,ying1,content_single_char_fallback,836,common-standard-level-1+pinyin-data,docs/pinyin-v2/import/single_char_dictionary.tsv
这,zhe,zhe4,function_single_char,837,common-standard-level-1+pinyin-data,docs/pinyin-v2/import/single_char_dictionary.tsv
冷,leng,leng3,content_single_char_fallback,838,common-standard-level-1+pinyin-data,docs/pinyin-v2/import/single_char_dictionary.tsv
庐,lu,lu2,content_single_char_fallback,839,common-standard-level-1+pinyin-data,docs/pinyin-v2/import/single_char_dictionary.tsv
序,xu,xu4,content_single_char_fallback,840,common-standard-level-1+pinyin-data,docs/pinyin-v2/import/single_char_dictionary.tsv
辛,xin,xin1,content_single_char_fallback,841,common-standard-level-1+pinyin-data,docs/pinyin-v2/import/single_char_dictionary.tsv
弃,qi,qi4,content_single_char_fallback,842,common-standard-level-1+pinyin-data,docs/pinyin-v2/import/single_char_dictionary.tsv
冶,ye,ye3,content_single_char_fallback,843,common-standard-level-1+pinyin-data,docs/pinyin-v2/import/single_char_dictionary.tsv
忘,wang,wang4,content_single_char_fallback,844,common-standard-level-1+pinyin-data,docs/pinyin-v2/import/single_char_dictionary.tsv
闰,run,run4,content_single_char_fallback,845,common-standard-level-1+pinyin-data,docs/pinyin-v2/import/single_char_dictionary.tsv
闲,xian,xian2,content_single_char_fallback,846,common-standard-level-1+pinyin-data,docs/pinyin-v2/import/single_char_dictionary.tsv
间,jian,jian1,place_direction_single_char,847,common-standard-level-1+pinyin-data,docs/pinyin-v2/import/single_char_dictionary.tsv
闷,men,men4,content_single_char_fallback,848,common-standard-level-1+pinyin-data,docs/pinyin-v2/import/single_char_dictionary.tsv
判,pan,pan4,content_single_char_fallback,849,common-standard-level-1+pinyin-data,docs/pinyin-v2/import/single_char_dictionary.tsv
兑,dui,dui4,content_single_char_fallback,850,common-standard-level-1+pinyin-data,docs/pinyin-v2/import/single_char_dictionary.tsv
灶,zao,zao4,content_single_char_fallback,851,common-standard-level-1+pinyin-data,docs/pinyin-v2/import/single_char_dictionary.tsv
灿,can,can4,content_single_char_fallback,852,common-standard-level-1+pinyin-data,docs/pinyin-v2/import/single_char_dictionary.tsv
灼,zhuo,zhuo2,content_single_char_fallback,853,common-standard-level-1+pinyin-data,docs/pinyin-v2/import/single_char_dictionary.tsv
弟,di,di4,content_single_char_fallback,854,common-standard-level-1+pinyin-data,docs/pinyin-v2/import/single_char_dictionary.tsv
汪,wang,wang1,content_single_char_fallback,855,common-standard-level-1+pinyin-data,docs/pinyin-v2/import/single_char_dictionary.tsv
沐,mu,mu4,content_single_char_fallback,856,common-standard-level-1+pinyin-data,docs/pinyin-v2/import/single_char_dictionary.tsv
沛,pei,pei4,content_single_char_fallback,857,common-standard-level-1+pinyin-data,docs/pinyin-v2/import/single_char_dictionary.tsv
汰,tai,tai4,content_single_char_fallback,858,common-standard-level-1+pinyin-data,docs/pinyin-v2/import/single_char_dictionary.tsv
沥,li,li4,content_single_char_fallback,859,common-standard-level-1+pinyin-data,docs/pinyin-v2/import/single_char_dictionary.tsv
沙,sha,sha1,content_single_char_fallback,860,common-standard-level-1+pinyin-data,docs/pinyin-v2/import/single_char_dictionary.tsv
汽,qi,qi4,content_single_char_fallback,861,common-standard-level-1+pinyin-data,docs/pinyin-v2/import/single_char_dictionary.tsv
沃,wo,wo4,content_single_char_fallback,862,common-standard-level-1+pinyin-data,docs/pinyin-v2/import/single_char_dictionary.tsv
沦,lun,lun2,content_single_char_fallback,863,common-standard-level-1+pinyin-data,docs/pinyin-v2/import/single_char_dictionary.tsv
汹,xiong,xiong1,content_single_char_fallback,864,common-standard-level-1+pinyin-data,docs/pinyin-v2/import/single_char_dictionary.tsv
泛,fan,fan4,content_single_char_fallback,865,common-standard-level-1+pinyin-data,docs/pinyin-v2/import/single_char_dictionary.tsv
沧,cang,cang1,content_single_char_fallback,866,common-standard-level-1+pinyin-data,docs/pinyin-v2/import/single_char_dictionary.tsv
没,mei,mei2,content_single_char_fallback,867,common-standard-level-1+pinyin-data,docs/pinyin-v2/import/single_char_dictionary.tsv
沟,gou,gou1,content_single_char_fallback,868,common-standard-level-1+pinyin-data,docs/pinyin-v2/import/single_char_dictionary.tsv
沪,hu,hu4,content_single_char_fallback,869,common-standard-level-1+pinyin-data,docs/pinyin-v2/import/single_char_dictionary.tsv
沈,shen,shen3,content_single_char_fallback,870,common-standard-level-1+pinyin-data,docs/pinyin-v2/import/single_char_dictionary.tsv
沉,chen,chen2,content_single_char_fallback,871,common-standard-level-1+pinyin-data,docs/pinyin-v2/import/single_char_dictionary.tsv
沁,qin,qin4,content_single_char_fallback,872,common-standard-level-1+pinyin-data,docs/pinyin-v2/import/single_char_dictionary.tsv
怀,huai,huai2,content_single_char_fallback,873,common-standard-level-1+pinyin-data,docs/pinyin-v2/import/single_char_dictionary.tsv
忧,you,you1,content_single_char_fallback,874,common-standard-level-1+pinyin-data,docs/pinyin-v2/import/single_char_dictionary.tsv
忱,chen,chen2,content_single_char_fallback,875,common-standard-level-1+pinyin-data,docs/pinyin-v2/import/single_char_dictionary.tsv
快,kuai,kuai4,content_single_char_fallback,876,common-standard-level-1+pinyin-data,docs/pinyin-v2/import/single_char_dictionary.tsv
完,wan,wan2,content_single_char_fallback,877,common-standard-level-1+pinyin-data,docs/pinyin-v2/import/single_char_dictionary.tsv
宋,song,song4,content_single_char_fallback,878,common-standard-level-1+pinyin-data,docs/pinyin-v2/import/single_char_dictionary.tsv
宏,hong,hong2,content_single_char_fallback,879,common-standard-level-1+pinyin-data,docs/pinyin-v2/import/single_char_dictionary.tsv
牢,lao,lao2,content_single_char_fallback,880,common-standard-level-1+pinyin-data,docs/pinyin-v2/import/single_char_dictionary.tsv
究,jiu,jiu1,content_single_char_fallback,881,common-standard-level-1+pinyin-data,docs/pinyin-v2/import/single_char_dictionary.tsv
穷,qiong,qiong2,content_single_char_fallback,882,common-standard-level-1+pinyin-data,docs/pinyin-v2/import/single_char_dictionary.tsv
灾,zai,zai1,content_single_char_fallback,883,common-standard-level-1+pinyin-data,docs/pinyin-v2/import/single_char_dictionary.tsv
良,liang,liang2,content_single_char_fallback,884,common-standard-level-1+pinyin-data,docs/pinyin-v2/import/single_char_dictionary.tsv
证,zheng,zheng4,content_single_char_fallback,885,common-standard-level-1+pinyin-data,docs/pinyin-v2/import/single_char_dictionary.tsv
启,qi,qi3,content_single_char_fallback,886,common-standard-level-1+pinyin-data,docs/pinyin-v2/import/single_char_dictionary.tsv
评,ping,ping2,content_single_char_fallback,887,common-standard-level-1+pinyin-data,docs/pinyin-v2/import/single_char_dictionary.tsv
补,bu,bu3,content_single_char_fallback,888,common-standard-level-1+pinyin-data,docs/pinyin-v2/import/single_char_dictionary.tsv
初,chu,chu1,content_single_char_fallback,889,common-standard-level-1+pinyin-data,docs/pinyin-v2/import/single_char_dictionary.tsv
社,she,she4,content_single_char_fallback,890,common-standard-level-1+pinyin-data,docs/pinyin-v2/import/single_char_dictionary.tsv
祀,si,si4,content_single_char_fallback,891,common-standard-level-1+pinyin-data,docs/pinyin-v2/import/single_char_dictionary.tsv
识,shi,shi2,content_single_char_fallback,892,common-standard-level-1+pinyin-data,docs/pinyin-v2/import/single_char_dictionary.tsv
诈,zha,zha4,content_single_char_fallback,893,common-standard-level-1+pinyin-data,docs/pinyin-v2/import/single_char_dictionary.tsv
诉,su,su4,content_single_char_fallback,894,common-standard-level-1+pinyin-data,docs/pinyin-v2/import/single_char_dictionary.tsv
罕,han,han3,content_single_char_fallback,895,common-standard-level-1+pinyin-data,docs/pinyin-v2/import/single_char_dictionary.tsv
诊,zhen,zhen3,service_content_single_char,896,common-standard-level-1+pinyin-data,docs/pinyin-v2/import/single_char_dictionary.tsv
词,ci,ci2,content_single_char_fallback,897,common-standard-level-1+pinyin-data,docs/pinyin-v2/import/single_char_dictionary.tsv
译,yi,yi4,content_single_char_fallback,898,common-standard-level-1+pinyin-data,docs/pinyin-v2/import/single_char_dictionary.tsv
君,jun,jun1,content_single_char_fallback,899,common-standard-level-1+pinyin-data,docs/pinyin-v2/import/single_char_dictionary.tsv
灵,ling,ling2,content_single_char_fallback,900,common-standard-level-1+pinyin-data,docs/pinyin-v2/import/single_char_dictionary.tsv
即,ji,ji2,content_single_char_fallback,901,common-standard-level-1+pinyin-data,docs/pinyin-v2/import/single_char_dictionary.tsv
层,ceng,ceng2,content_single_char_fallback,902,common-standard-level-1+pinyin-data,docs/pinyin-v2/import/single_char_dictionary.tsv
屁,pi,pi4,content_single_char_fallback,903,common-standard-level-1+pinyin-data,docs/pinyin-v2/import/single_char_dictionary.tsv
尿,niao,niao4,content_single_char_fallback,904,common-standard-level-1+pinyin-data,docs/pinyin-v2/import/single_char_dictionary.tsv
尾,wei,wei3,content_single_char_fallback,905,common-standard-level-1+pinyin-data,docs/pinyin-v2/import/single_char_dictionary.tsv
迟,chi,chi2,content_single_char_fallback,906,common-standard-level-1+pinyin-data,docs/pinyin-v2/import/single_char_dictionary.tsv
局,ju,ju2,content_single_char_fallback,907,common-standard-level-1+pinyin-data,docs/pinyin-v2/import/single_char_dictionary.tsv
改,gai,gai3,content_single_char_fallback,908,common-standard-level-1+pinyin-data,docs/pinyin-v2/import/single_char_dictionary.tsv
张,zhang,zhang1,measure_single_char,909,common-standard-level-1+pinyin-data,docs/pinyin-v2/import/single_char_dictionary.tsv
忌,ji,ji4,content_single_char_fallback,910,common-standard-level-1+pinyin-data,docs/pinyin-v2/import/single_char_dictionary.tsv
际,ji,ji4,content_single_char_fallback,911,common-standard-level-1+pinyin-data,docs/pinyin-v2/import/single_char_dictionary.tsv
陆,lu,lu4,content_single_char_fallback,912,common-standard-level-1+pinyin-data,docs/pinyin-v2/import/single_char_dictionary.tsv
阿,a,a1,content_single_char_fallback,913,common-standard-level-1+pinyin-data,docs/pinyin-v2/import/single_char_dictionary.tsv
陈,chen,chen2,content_single_char_fallback,914,common-standard-level-1+pinyin-data,docs/pinyin-v2/import/single_char_dictionary.tsv
阻,zu,zu3,content_single_char_fallback,915,common-standard-level-1+pinyin-data,docs/pinyin-v2/import/single_char_dictionary.tsv
附,fu,fu4,content_single_char_fallback,916,common-standard-level-1+pinyin-data,docs/pinyin-v2/import/single_char_dictionary.tsv
坠,zhui,zhui4,content_single_char_fallback,917,common-standard-level-1+pinyin-data,docs/pinyin-v2/import/single_char_dictionary.tsv
妓,ji,ji4,content_single_char_fallback,918,common-standard-level-1+pinyin-data,docs/pinyin-v2/import/single_char_dictionary.tsv
妙,miao,miao4,content_single_char_fallback,919,common-standard-level-1+pinyin-data,docs/pinyin-v2/import/single_char_dictionary.tsv
妖,yao,yao1,content_single_char_fallback,920,common-standard-level-1+pinyin-data,docs/pinyin-v2/import/single_char_dictionary.tsv
姊,zi,zi3,content_single_char_fallback,921,common-standard-level-1+pinyin-data,docs/pinyin-v2/import/single_char_dictionary.tsv
妨,fang,fang2,content_single_char_fallback,922,common-standard-level-1+pinyin-data,docs/pinyin-v2/import/single_char_dictionary.tsv
妒,du,du4,content_single_char_fallback,923,common-standard-level-1+pinyin-data,docs/pinyin-v2/import/single_char_dictionary.tsv
努,nu,nu3,content_single_char_fallback,924,common-standard-level-1+pinyin-data,docs/pinyin-v2/import/single_char_dictionary.tsv
忍,ren,ren3,content_single_char_fallback,925,common-standard-level-1+pinyin-data,docs/pinyin-v2/import/single_char_dictionary.tsv
劲,jin,jin4,content_single_char_fallback,926,common-standard-level-1+pinyin-data,docs/pinyin-v2/import/single_char_dictionary.tsv
矣,yi,yi3,content_single_char_fallback,927,common-standard-level-1+pinyin-data,docs/pinyin-v2/import/single_char_dictionary.tsv
鸡,ji,ji1,content_single_char_fallback,928,common-standard-level-1+pinyin-data,docs/pinyin-v2/import/single_char_dictionary.tsv
纬,wei,wei3,content_single_char_fallback,929,common-standard-level-1+pinyin-data,docs/pinyin-v2/import/single_char_dictionary.tsv
驱,qu,qu1,content_single_char_fallback,930,common-standard-level-1+pinyin-data,docs/pinyin-v2/import/single_char_dictionary.tsv
纯,chun,chun2,content_single_char_fallback,931,common-standard-level-1+pinyin-data,docs/pinyin-v2/import/single_char_dictionary.tsv
纱,sha,sha1,content_single_char_fallback,932,common-standard-level-1+pinyin-data,docs/pinyin-v2/import/single_char_dictionary.tsv
纲,gang,gang1,content_single_char_fallback,933,common-standard-level-1+pinyin-data,docs/pinyin-v2/import/single_char_dictionary.tsv
纳,na,na4,content_single_char_fallback,934,common-standard-level-1+pinyin-data,docs/pinyin-v2/import/single_char_dictionary.tsv
驳,bo,bo2,content_single_char_fallback,935,common-standard-level-1+pinyin-data,docs/pinyin-v2/import/single_char_dictionary.tsv
纵,zong,zong4,content_single_char_fallback,936,common-standard-level-1+pinyin-data,docs/pinyin-v2/import/single_char_dictionary.tsv
纷,fen,fen1,content_single_char_fallback,937,common-standard-level-1+pinyin-data,docs/pinyin-v2/import/single_char_dictionary.tsv
纸,zhi,zhi3,content_single_char_fallback,938,common-standard-level-1+pinyin-data,docs/pinyin-v2/import/single_char_dictionary.tsv
纹,wen,wen2,content_single_char_fallback,939,common-standard-level-1+pinyin-data,docs/pinyin-v2/import/single_char_dictionary.tsv
纺,fang,fang3,content_single_char_fallback,940,common-standard-level-1+pinyin-data,docs/pinyin-v2/import/single_char_dictionary.tsv
驴,lv,lv2,content_single_char_fallback,941,common-standard-level-1+pinyin-data,docs/pinyin-v2/import/single_char_dictionary.tsv
纽,niu,niu3,content_single_char_fallback,942,common-standard-level-1+pinyin-data,docs/pinyin-v2/import/single_char_dictionary.tsv
奉,feng,feng4,content_single_char_fallback,943,common-standard-level-1+pinyin-data,docs/pinyin-v2/import/single_char_dictionary.tsv
玩,wan,wan2,content_single_char_fallback,944,common-standard-level-1+pinyin-data,docs/pinyin-v2/import/single_char_dictionary.tsv
环,huan,huan2,content_single_char_fallback,945,common-standard-level-1+pinyin-data,docs/pinyin-v2/import/single_char_dictionary.tsv
武,wu,wu3,content_single_char_fallback,946,common-standard-level-1+pinyin-data,docs/pinyin-v2/import/single_char_dictionary.tsv
青,qing,qing1,content_single_char_fallback,947,common-standard-level-1+pinyin-data,docs/pinyin-v2/import/single_char_dictionary.tsv
责,ze,ze2,content_single_char_fallback,948,common-standard-level-1+pinyin-data,docs/pinyin-v2/import/single_char_dictionary.tsv
现,xian,xian4,time_single_char,949,common-standard-level-1+pinyin-data,docs/pinyin-v2/import/single_char_dictionary.tsv
玫,mei,mei2,content_single_char_fallback,950,common-standard-level-1+pinyin-data,docs/pinyin-v2/import/single_char_dictionary.tsv
表,biao,biao3,content_single_char_fallback,951,common-standard-level-1+pinyin-data,docs/pinyin-v2/import/single_char_dictionary.tsv
规,gui,gui1,content_single_char_fallback,952,common-standard-level-1+pinyin-data,docs/pinyin-v2/import/single_char_dictionary.tsv
抹,mo,mo3,content_single_char_fallback,953,common-standard-level-1+pinyin-data,docs/pinyin-v2/import/single_char_dictionary.tsv
卦,gua,gua4,content_single_char_fallback,954,common-standard-level-1+pinyin-data,docs/pinyin-v2/import/single_char_dictionary.tsv
坷,ke,ke3,content_single_char_fallback,955,common-standard-level-1+pinyin-data,docs/pinyin-v2/import/single_char_dictionary.tsv
坯,pi,pi1,content_single_char_fallback,956,common-standard-level-1+pinyin-data,docs/pinyin-v2/import/single_char_dictionary.tsv
拓,tuo,tuo4,content_single_char_fallback,957,common-standard-level-1+pinyin-data,docs/pinyin-v2/import/single_char_dictionary.tsv
拢,long,long3,content_single_char_fallback,958,common-standard-level-1+pinyin-data,docs/pinyin-v2/import/single_char_dictionary.tsv
拔,ba,ba2,content_single_char_fallback,959,common-standard-level-1+pinyin-data,docs/pinyin-v2/import/single_char_dictionary.tsv
坪,ping,ping2,content_single_char_fallback,960,common-standard-level-1+pinyin-data,docs/pinyin-v2/import/single_char_dictionary.tsv
拣,jian,jian3,content_single_char_fallback,961,common-standard-level-1+pinyin-data,docs/pinyin-v2/import/single_char_dictionary.tsv
坦,tan,tan3,content_single_char_fallback,962,common-standard-level-1+pinyin-data,docs/pinyin-v2/import/single_char_dictionary.tsv
担,dan,dan1,content_single_char_fallback,963,common-standard-level-1+pinyin-data,docs/pinyin-v2/import/single_char_dictionary.tsv
坤,kun,kun1,content_single_char_fallback,964,common-standard-level-1+pinyin-data,docs/pinyin-v2/import/single_char_dictionary.tsv
押,ya,ya1,content_single_char_fallback,965,common-standard-level-1+pinyin-data,docs/pinyin-v2/import/single_char_dictionary.tsv
抽,chou,chou1,content_single_char_fallback,966,common-standard-level-1+pinyin-data,docs/pinyin-v2/import/single_char_dictionary.tsv
拐,guai,guai3,content_single_char_fallback,967,common-standard-level-1+pinyin-data,docs/pinyin-v2/import/single_char_dictionary.tsv
拖,tuo,tuo1,content_single_char_fallback,968,common-standard-level-1+pinyin-data,docs/pinyin-v2/import/single_char_dictionary.tsv
者,zhe,zhe3,content_single_char_fallback,969,common-standard-level-1+pinyin-data,docs/pinyin-v2/import/single_char_dictionary.tsv
拍,pai,pai1,content_single_char_fallback,970,common-standard-level-1+pinyin-data,docs/pinyin-v2/import/single_char_dictionary.tsv
顶,ding,ding3,content_single_char_fallback,971,common-standard-level-1+pinyin-data,docs/pinyin-v2/import/single_char_dictionary.tsv
拆,chai,chai1,content_single_char_fallback,972,common-standard-level-1+pinyin-data,docs/pinyin-v2/import/single_char_dictionary.tsv
拎,lin,lin1,content_single_char_fallback,973,common-standard-level-1+pinyin-data,docs/pinyin-v2/import/single_char_dictionary.tsv
拥,yong,yong1,content_single_char_fallback,974,common-standard-level-1+pinyin-data,docs/pinyin-v2/import/single_char_dictionary.tsv
抵,di,di3,content_single_char_fallback,975,common-standard-level-1+pinyin-data,docs/pinyin-v2/import/single_char_dictionary.tsv
拘,ju,ju1,content_single_char_fallback,976,common-standard-level-1+pinyin-data,docs/pinyin-v2/import/single_char_dictionary.tsv
势,shi,shi4,content_single_char_fallback,977,common-standard-level-1+pinyin-data,docs/pinyin-v2/import/single_char_dictionary.tsv
抱,bao,bao4,content_single_char_fallback,978,common-standard-level-1+pinyin-data,docs/pinyin-v2/import/single_char_dictionary.tsv
拄,zhu,zhu3,content_single_char_fallback,979,common-standard-level-1+pinyin-data,docs/pinyin-v2/import/single_char_dictionary.tsv
垃,la,la1,content_single_char_fallback,980,common-standard-level-1+pinyin-data,docs/pinyin-v2/import/single_char_dictionary.tsv
拉,la,la1,content_single_char_fallback,981,common-standard-level-1+pinyin-data,docs/pinyin-v2/import/single_char_dictionary.tsv
拦,lan,lan2,content_single_char_fallback,982,common-standard-level-1+pinyin-data,docs/pinyin-v2/import/single_char_dictionary.tsv
幸,xing,xing4,content_single_char_fallback,983,common-standard-level-1+pinyin-data,docs/pinyin-v2/import/single_char_dictionary.tsv
拌,ban,ban4,content_single_char_fallback,984,common-standard-level-1+pinyin-data,docs/pinyin-v2/import/single_char_dictionary.tsv
拧,ning,ning2,content_single_char_fallback,985,common-standard-level-1+pinyin-data,docs/pinyin-v2/import/single_char_dictionary.tsv
拂,fu,fu2,content_single_char_fallback,986,common-standard-level-1+pinyin-data,docs/pinyin-v2/import/single_char_dictionary.tsv
拙,zhuo,zhuo1,content_single_char_fallback,987,common-standard-level-1+pinyin-data,docs/pinyin-v2/import/single_char_dictionary.tsv
招,zhao,zhao1,content_single_char_fallback,988,common-standard-level-1+pinyin-data,docs/pinyin-v2/import/single_char_dictionary.tsv
坡,po,po1,content_single_char_fallback,989,common-standard-level-1+pinyin-data,docs/pinyin-v2/import/single_char_dictionary.tsv
披,pi,pi1,content_single_char_fallback,990,common-standard-level-1+pinyin-data,docs/pinyin-v2/import/single_char_dictionary.tsv
拨,bo,bo1,content_single_char_fallback,991,common-standard-level-1+pinyin-data,docs/pinyin-v2/import/single_char_dictionary.tsv
择,ze,ze2,content_single_char_fallback,992,common-standard-level-1+pinyin-data,docs/pinyin-v2/import/single_char_dictionary.tsv
抬,tai,tai2,content_single_char_fallback,993,common-standard-level-1+pinyin-data,docs/pinyin-v2/import/single_char_dictionary.tsv
拇,mu,mu3,content_single_char_fallback,994,common-standard-level-1+pinyin-data,docs/pinyin-v2/import/single_char_dictionary.tsv
拗,ao,ao3,content_single_char_fallback,995,common-standard-level-1+pinyin-data,docs/pinyin-v2/import/single_char_dictionary.tsv
其,qi,qi2,content_single_char_fallback,996,common-standard-level-1+pinyin-data,docs/pinyin-v2/import/single_char_dictionary.tsv
取,qu,qu3,content_single_char_fallback,997,common-standard-level-1+pinyin-data,docs/pinyin-v2/import/single_char_dictionary.tsv
茉,mo,mo4,content_single_char_fallback,998,common-standard-level-1+pinyin-data,docs/pinyin-v2/import/single_char_dictionary.tsv
苦,ku,ku3,content_single_char_fallback,999,common-standard-level-1+pinyin-data,docs/pinyin-v2/import/single_char_dictionary.tsv
昔,xi,xi1,content_single_char_fallback,1000,common-standard-level-1+pinyin-data,docs/pinyin-v2/import/single_char_dictionary.tsv
苛,ke,ke1,content_single_char_fallback,1001,common-standard-level-1+pinyin-data,docs/pinyin-v2/import/single_char_dictionary.tsv
若,ruo,ruo4,function_single_char,1002,common-standard-level-1+pinyin-data,docs/pinyin-v2/import/single_char_dictionary.tsv
茂,mao,mao4,content_single_char_fallback,1003,common-standard-level-1+pinyin-data,docs/pinyin-v2/import/single_char_dictionary.tsv
苹,ping,ping2,content_single_char_fallback,1004,common-standard-level-1+pinyin-data,docs/pinyin-v2/import/single_char_dictionary.tsv
苗,miao,miao2,content_single_char_fallback,1005,common-standard-level-1+pinyin-data,docs/pinyin-v2/import/single_char_dictionary.tsv
英,ying,ying1,content_single_char_fallback,1006,common-standard-level-1+pinyin-data,docs/pinyin-v2/import/single_char_dictionary.tsv
苟,gou,gou3,content_single_char_fallback,1007,common-standard-level-1+pinyin-data,docs/pinyin-v2/import/single_char_dictionary.tsv
苑,yuan,yuan4,content_single_char_fallback,1008,common-standard-level-1+pinyin-data,docs/pinyin-v2/import/single_char_dictionary.tsv
苞,bao,bao1,content_single_char_fallback,1009,common-standard-level-1+pinyin-data,docs/pinyin-v2/import/single_char_dictionary.tsv
范,fan,fan4,content_single_char_fallback,1010,common-standard-level-1+pinyin-data,docs/pinyin-v2/import/single_char_dictionary.tsv
直,zhi,zhi2,content_single_char_fallback,1011,common-standard-level-1+pinyin-data,docs/pinyin-v2/import/single_char_dictionary.tsv
茁,zhuo,zhuo2,content_single_char_fallback,1012,common-standard-level-1+pinyin-data,docs/pinyin-v2/import/single_char_dictionary.tsv
茄,jia,jia1,content_single_char_fallback,1013,common-standard-level-1+pinyin-data,docs/pinyin-v2/import/single_char_dictionary.tsv
茎,jing,jing1,content_single_char_fallback,1014,common-standard-level-1+pinyin-data,docs/pinyin-v2/import/single_char_dictionary.tsv
苔,tai,tai2,content_single_char_fallback,1015,common-standard-level-1+pinyin-data,docs/pinyin-v2/import/single_char_dictionary.tsv
茅,mao,mao2,content_single_char_fallback,1016,common-standard-level-1+pinyin-data,docs/pinyin-v2/import/single_char_dictionary.tsv
枉,wang,wang3,content_single_char_fallback,1017,common-standard-level-1+pinyin-data,docs/pinyin-v2/import/single_char_dictionary.tsv
林,lin,lin2,content_single_char_fallback,1018,common-standard-level-1+pinyin-data,docs/pinyin-v2/import/single_char_dictionary.tsv
枝,zhi,zhi1,content_single_char_fallback,1019,common-standard-level-1+pinyin-data,docs/pinyin-v2/import/single_char_dictionary.tsv
杯,bei,bei1,measure_single_char,1020,common-standard-level-1+pinyin-data,docs/pinyin-v2/import/single_char_dictionary.tsv
枢,shu,shu1,content_single_char_fallback,1021,common-standard-level-1+pinyin-data,docs/pinyin-v2/import/single_char_dictionary.tsv
柜,gui,gui4,content_single_char_fallback,1022,common-standard-level-1+pinyin-data,docs/pinyin-v2/import/single_char_dictionary.tsv
枚,mei,mei2,content_single_char_fallback,1023,common-standard-level-1+pinyin-data,docs/pinyin-v2/import/single_char_dictionary.tsv
析,xi,xi1,content_single_char_fallback,1024,common-standard-level-1+pinyin-data,docs/pinyin-v2/import/single_char_dictionary.tsv
板,ban,ban3,content_single_char_fallback,1025,common-standard-level-1+pinyin-data,docs/pinyin-v2/import/single_char_dictionary.tsv
松,song,song1,content_single_char_fallback,1026,common-standard-level-1+pinyin-data,docs/pinyin-v2/import/single_char_dictionary.tsv
枪,qiang,qiang1,content_single_char_fallback,1027,common-standard-level-1+pinyin-data,docs/pinyin-v2/import/single_char_dictionary.tsv
枫,feng,feng1,content_single_char_fallback,1028,common-standard-level-1+pinyin-data,docs/pinyin-v2/import/single_char_dictionary.tsv
构,gou,gou4,content_single_char_fallback,1029,common-standard-level-1+pinyin-data,docs/pinyin-v2/import/single_char_dictionary.tsv
杭,hang,hang2,content_single_char_fallback,1030,common-standard-level-1+pinyin-data,docs/pinyin-v2/import/single_char_dictionary.tsv
杰,jie,jie2,content_single_char_fallback,1031,common-standard-level-1+pinyin-data,docs/pinyin-v2/import/single_char_dictionary.tsv
述,shu,shu4,content_single_char_fallback,1032,common-standard-level-1+pinyin-data,docs/pinyin-v2/import/single_char_dictionary.tsv
枕,zhen,zhen3,content_single_char_fallback,1033,common-standard-level-1+pinyin-data,docs/pinyin-v2/import/single_char_dictionary.tsv
丧,sang,sang4,content_single_char_fallback,1034,common-standard-level-1+pinyin-data,docs/pinyin-v2/import/single_char_dictionary.tsv
或,huo,huo4,function_single_char,1035,common-standard-level-1+pinyin-data,docs/pinyin-v2/import/single_char_dictionary.tsv
画,hua,hua4,content_single_char_fallback,1036,common-standard-level-1+pinyin-data,docs/pinyin-v2/import/single_char_dictionary.tsv
卧,wo,wo4,content_single_char_fallback,1037,common-standard-level-1+pinyin-data,docs/pinyin-v2/import/single_char_dictionary.tsv
事,shi,shi4,content_single_char_fallback,1038,common-standard-level-1+pinyin-data,docs/pinyin-v2/import/single_char_dictionary.tsv
刺,ci,ci4,content_single_char_fallback,1039,common-standard-level-1+pinyin-data,docs/pinyin-v2/import/single_char_dictionary.tsv
枣,zao,zao3,content_single_char_fallback,1040,common-standard-level-1+pinyin-data,docs/pinyin-v2/import/single_char_dictionary.tsv
雨,yu,yu3,content_single_char_fallback,1041,common-standard-level-1+pinyin-data,docs/pinyin-v2/import/single_char_dictionary.tsv
卖,mai,mai4,function_single_char,1042,common-standard-level-1+pinyin-data,docs/pinyin-v2/import/single_char_dictionary.tsv
郁,yu,yu4,content_single_char_fallback,1043,common-standard-level-1+pinyin-data,docs/pinyin-v2/import/single_char_dictionary.tsv
矾,fan,fan2,content_single_char_fallback,1044,common-standard-level-1+pinyin-data,docs/pinyin-v2/import/single_char_dictionary.tsv
矿,kuang,kuang4,content_single_char_fallback,1045,common-standard-level-1+pinyin-data,docs/pinyin-v2/import/single_char_dictionary.tsv
码,ma,ma3,content_single_char_fallback,1046,common-standard-level-1+pinyin-data,docs/pinyin-v2/import/single_char_dictionary.tsv
厕,ce,ce4,content_single_char_fallback,1047,common-standard-level-1+pinyin-data,docs/pinyin-v2/import/single_char_dictionary.tsv
奈,nai,nai4,content_single_char_fallback,1048,common-standard-level-1+pinyin-data,docs/pinyin-v2/import/single_char_dictionary.tsv
奔,ben,ben1,content_single_char_fallback,1049,common-standard-level-1+pinyin-data,docs/pinyin-v2/import/single_char_dictionary.tsv
奇,qi,qi2,content_single_char_fallback,1050,common-standard-level-1+pinyin-data,docs/pinyin-v2/import/single_char_dictionary.tsv
奋,fen,fen4,content_single_char_fallback,1051,common-standard-level-1+pinyin-data,docs/pinyin-v2/import/single_char_dictionary.tsv
态,tai,tai4,content_single_char_fallback,1052,common-standard-level-1+pinyin-data,docs/pinyin-v2/import/single_char_dictionary.tsv
欧,ou,ou1,content_single_char_fallback,1053,common-standard-level-1+pinyin-data,docs/pinyin-v2/import/single_char_dictionary.tsv
殴,ou,ou1,content_single_char_fallback,1054,common-standard-level-1+pinyin-data,docs/pinyin-v2/import/single_char_dictionary.tsv
垄,long,long3,content_single_char_fallback,1055,common-standard-level-1+pinyin-data,docs/pinyin-v2/import/single_char_dictionary.tsv
妻,qi,qi1,content_single_char_fallback,1056,common-standard-level-1+pinyin-data,docs/pinyin-v2/import/single_char_dictionary.tsv
轰,hong,hong1,content_single_char_fallback,1057,common-standard-level-1+pinyin-data,docs/pinyin-v2/import/single_char_dictionary.tsv
顷,qing,qing3,content_single_char_fallback,1058,common-standard-level-1+pinyin-data,docs/pinyin-v2/import/single_char_dictionary.tsv
转,zhuan,zhuan3,content_single_char_fallback,1059,common-standard-level-1+pinyin-data,docs/pinyin-v2/import/single_char_dictionary.tsv
斩,zhan,zhan3,content_single_char_fallback,1060,common-standard-level-1+pinyin-data,docs/pinyin-v2/import/single_char_dictionary.tsv
轮,lun,lun2,content_single_char_fallback,1061,common-standard-level-1+pinyin-data,docs/pinyin-v2/import/single_char_dictionary.tsv
软,ruan,ruan3,content_single_char_fallback,1062,common-standard-level-1+pinyin-data,docs/pinyin-v2/import/single_char_dictionary.tsv
到,dao,dao4,function_single_char,1063,common-standard-level-1+pinyin-data,docs/pinyin-v2/import/single_char_dictionary.tsv
非,fei,fei1,content_single_char_fallback,1064,common-standard-level-1+pinyin-data,docs/pinyin-v2/import/single_char_dictionary.tsv
叔,shu,shu1,content_single_char_fallback,1065,common-standard-level-1+pinyin-data,docs/pinyin-v2/import/single_char_dictionary.tsv
歧,qi,qi2,content_single_char_fallback,1066,common-standard-level-1+pinyin-data,docs/pinyin-v2/import/single_char_dictionary.tsv
肯,ken,ken3,content_single_char_fallback,1067,common-standard-level-1+pinyin-data,docs/pinyin-v2/import/single_char_dictionary.tsv
齿,chi,chi3,content_single_char_fallback,1068,common-standard-level-1+pinyin-data,docs/pinyin-v2/import/single_char_dictionary.tsv
些,xie,xie1,content_single_char_fallback,1069,common-standard-level-1+pinyin-data,docs/pinyin-v2/import/single_char_dictionary.tsv
卓,zhuo,zhuo2,content_single_char_fallback,1070,common-standard-level-1+pinyin-data,docs/pinyin-v2/import/single_char_dictionary.tsv
虎,hu,hu3,content_single_char_fallback,1071,common-standard-level-1+pinyin-data,docs/pinyin-v2/import/single_char_dictionary.tsv
虏,lu,lu3,content_single_char_fallback,1072,common-standard-level-1+pinyin-data,docs/pinyin-v2/import/single_char_dictionary.tsv
肾,shen,shen4,content_single_char_fallback,1073,common-standard-level-1+pinyin-data,docs/pinyin-v2/import/single_char_dictionary.tsv
贤,xian,xian2,content_single_char_fallback,1074,common-standard-level-1+pinyin-data,docs/pinyin-v2/import/single_char_dictionary.tsv
尚,shang,shang4,content_single_char_fallback,1075,common-standard-level-1+pinyin-data,docs/pinyin-v2/import/single_char_dictionary.tsv
旺,wang,wang4,content_single_char_fallback,1076,common-standard-level-1+pinyin-data,docs/pinyin-v2/import/single_char_dictionary.tsv
具,ju,ju4,content_single_char_fallback,1077,common-standard-level-1+pinyin-data,docs/pinyin-v2/import/single_char_dictionary.tsv
味,wei,wei4,content_single_char_fallback,1078,common-standard-level-1+pinyin-data,docs/pinyin-v2/import/single_char_dictionary.tsv
果,guo,guo3,content_single_char_fallback,1079,common-standard-level-1+pinyin-data,docs/pinyin-v2/import/single_char_dictionary.tsv
昆,kun,kun1,content_single_char_fallback,1080,common-standard-level-1+pinyin-data,docs/pinyin-v2/import/single_char_dictionary.tsv
国,guo,guo2,place_direction_single_char,1081,common-standard-level-1+pinyin-data,docs/pinyin-v2/import/single_char_dictionary.tsv
哎,ai,ai1,content_single_char_fallback,1082,common-standard-level-1+pinyin-data,docs/pinyin-v2/import/single_char_dictionary.tsv
咕,gu,gu1,content_single_char_fallback,1083,common-standard-level-1+pinyin-data,docs/pinyin-v2/import/single_char_dictionary.tsv
昌,chang,chang1,content_single_char_fallback,1084,common-standard-level-1+pinyin-data,docs/pinyin-v2/import/single_char_dictionary.tsv
呵,he,he1,content_single_char_fallback,1085,common-standard-level-1+pinyin-data,docs/pinyin-v2/import/single_char_dictionary.tsv
畅,chang,chang4,content_single_char_fallback,1086,common-standard-level-1+pinyin-data,docs/pinyin-v2/import/single_char_dictionary.tsv
明,ming,ming2,time_single_char,1087,common-standard-level-1+pinyin-data,docs/pinyin-v2/import/single_char_dictionary.tsv
易,yi,yi4,content_single_char_fallback,1088,common-standard-level-1+pinyin-data,docs/pinyin-v2/import/single_char_dictionary.tsv
咙,long,long2,content_single_char_fallback,1089,common-standard-level-1+pinyin-data,docs/pinyin-v2/import/single_char_dictionary.tsv
昂,ang,ang2,content_single_char_fallback,1090,common-standard-level-1+pinyin-data,docs/pinyin-v2/import/single_char_dictionary.tsv
迪,di,di2,content_single_char_fallback,1091,common-standard-level-1+pinyin-data,docs/pinyin-v2/import/single_char_dictionary.tsv
典,dian,dian3,content_single_char_fallback,1092,common-standard-level-1+pinyin-data,docs/pinyin-v2/import/single_char_dictionary.tsv
固,gu,gu4,content_single_char_fallback,1093,common-standard-level-1+pinyin-data,docs/pinyin-v2/import/single_char_dictionary.tsv
忠,zhong,zhong1,content_single_char_fallback,1094,common-standard-level-1+pinyin-data,docs/pinyin-v2/import/single_char_dictionary.tsv
呻,shen,shen1,content_single_char_fallback,1095,common-standard-level-1+pinyin-data,docs/pinyin-v2/import/single_char_dictionary.tsv
咒,zhou,zhou4,content_single_char_fallback,1096,common-standard-level-1+pinyin-data,docs/pinyin-v2/import/single_char_dictionary.tsv
咋,za,za3,content_single_char_fallback,1097,common-standard-level-1+pinyin-data,docs/pinyin-v2/import/single_char_dictionary.tsv
咐,fu,fu4,content_single_char_fallback,1098,common-standard-level-1+pinyin-data,docs/pinyin-v2/import/single_char_dictionary.tsv
呼,hu,hu1,content_single_char_fallback,1099,common-standard-level-1+pinyin-data,docs/pinyin-v2/import/single_char_dictionary.tsv
鸣,ming,ming2,content_single_char_fallback,1100,common-standard-level-1+pinyin-data,docs/pinyin-v2/import/single_char_dictionary.tsv
咏,yong,yong3,content_single_char_fallback,1101,common-standard-level-1+pinyin-data,docs/pinyin-v2/import/single_char_dictionary.tsv
呢,ne,ne,function_single_char,1102,common-standard-level-1+pinyin-data,docs/pinyin-v2/import/single_char_dictionary.tsv
咄,duo,duo1,content_single_char_fallback,1103,common-standard-level-1+pinyin-data,docs/pinyin-v2/import/single_char_dictionary.tsv
咖,ka,ka1,content_single_char_fallback,1104,common-standard-level-1+pinyin-data,docs/pinyin-v2/import/single_char_dictionary.tsv
岸,an,an4,content_single_char_fallback,1105,common-standard-level-1+pinyin-data,docs/pinyin-v2/import/single_char_dictionary.tsv
岩,yan,yan2,content_single_char_fallback,1106,common-standard-level-1+pinyin-data,docs/pinyin-v2/import/single_char_dictionary.tsv
帖,tie,tie1,content_single_char_fallback,1107,common-standard-level-1+pinyin-data,docs/pinyin-v2/import/single_char_dictionary.tsv
罗,luo,luo2,content_single_char_fallback,1108,common-standard-level-1+pinyin-data,docs/pinyin-v2/import/single_char_dictionary.tsv
帜,zhi,zhi4,content_single_char_fallback,1109,common-standard-level-1+pinyin-data,docs/pinyin-v2/import/single_char_dictionary.tsv
帕,pa,pa4,content_single_char_fallback,1110,common-standard-level-1+pinyin-data,docs/pinyin-v2/import/single_char_dictionary.tsv
岭,ling,ling3,content_single_char_fallback,1111,common-standard-level-1+pinyin-data,docs/pinyin-v2/import/single_char_dictionary.tsv
凯,kai,kai3,content_single_char_fallback,1112,common-standard-level-1+pinyin-data,docs/pinyin-v2/import/single_char_dictionary.tsv
败,bai,bai4,content_single_char_fallback,1113,common-standard-level-1+pinyin-data,docs/pinyin-v2/import/single_char_dictionary.tsv
账,zhang,zhang4,service_content_single_char,1114,common-standard-level-1+pinyin-data,docs/pinyin-v2/import/single_char_dictionary.tsv
贩,fan,fan4,content_single_char_fallback,1115,common-standard-level-1+pinyin-data,docs/pinyin-v2/import/single_char_dictionary.tsv
贬,bian,bian3,content_single_char_fallback,1116,common-standard-level-1+pinyin-data,docs/pinyin-v2/import/single_char_dictionary.tsv
购,gou,gou4,content_single_char_fallback,1117,common-standard-level-1+pinyin-data,docs/pinyin-v2/import/single_char_dictionary.tsv
贮,zhu,zhu4,content_single_char_fallback,1118,common-standard-level-1+pinyin-data,docs/pinyin-v2/import/single_char_dictionary.tsv
图,tu,tu2,content_single_char_fallback,1119,common-standard-level-1+pinyin-data,docs/pinyin-v2/import/single_char_dictionary.tsv
钓,diao,diao4,content_single_char_fallback,1120,common-standard-level-1+pinyin-data,docs/pinyin-v2/import/single_char_dictionary.tsv
制,zhi,zhi4,content_single_char_fallback,1121,common-standard-level-1+pinyin-data,docs/pinyin-v2/import/single_char_dictionary.tsv
知,zhi,zhi1,content_single_char_fallback,1122,common-standard-level-1+pinyin-data,docs/pinyin-v2/import/single_char_dictionary.tsv
迭,die,die2,content_single_char_fallback,1123,common-standard-level-1+pinyin-data,docs/pinyin-v2/import/single_char_dictionary.tsv
氛,fen,fen1,content_single_char_fallback,1124,common-standard-level-1+pinyin-data,docs/pinyin-v2/import/single_char_dictionary.tsv
垂,chui,chui2,content_single_char_fallback,1125,common-standard-level-1+pinyin-data,docs/pinyin-v2/import/single_char_dictionary.tsv
牧,mu,mu4,content_single_char_fallback,1126,common-standard-level-1+pinyin-data,docs/pinyin-v2/import/single_char_dictionary.tsv
物,wu,wu4,content_single_char_fallback,1127,common-standard-level-1+pinyin-data,docs/pinyin-v2/import/single_char_dictionary.tsv
乖,guai,guai1,content_single_char_fallback,1128,common-standard-level-1+pinyin-data,docs/pinyin-v2/import/single_char_dictionary.tsv
刮,gua,gua1,content_single_char_fallback,1129,common-standard-level-1+pinyin-data,docs/pinyin-v2/import/single_char_dictionary.tsv
秆,gan,gan3,content_single_char_fallback,1130,common-standard-level-1+pinyin-data,docs/pinyin-v2/import/single_char_dictionary.tsv
和,he,he2,function_single_char,1131,common-standard-level-1+pinyin-data,docs/pinyin-v2/import/single_char_dictionary.tsv
季,ji,ji4,content_single_char_fallback,1132,common-standard-level-1+pinyin-data,docs/pinyin-v2/import/single_char_dictionary.tsv
委,wei,wei3,content_single_char_fallback,1133,common-standard-level-1+pinyin-data,docs/pinyin-v2/import/single_char_dictionary.tsv
秉,bing,bing3,content_single_char_fallback,1134,common-standard-level-1+pinyin-data,docs/pinyin-v2/import/single_char_dictionary.tsv
佳,jia,jia1,content_single_char_fallback,1135,common-standard-level-1+pinyin-data,docs/pinyin-v2/import/single_char_dictionary.tsv
侍,shi,shi4,content_single_char_fallback,1136,common-standard-level-1+pinyin-data,docs/pinyin-v2/import/single_char_dictionary.tsv
岳,yue,yue4,content_single_char_fallback,1137,common-standard-level-1+pinyin-data,docs/pinyin-v2/import/single_char_dictionary.tsv
供,gong,gong1,content_single_char_fallback,1138,common-standard-level-1+pinyin-data,docs/pinyin-v2/import/single_char_dictionary.tsv
使,shi,shi3,content_single_char_fallback,1139,common-standard-level-1+pinyin-data,docs/pinyin-v2/import/single_char_dictionary.tsv
例,li,li4,content_single_char_fallback,1140,common-standard-level-1+pinyin-data,docs/pinyin-v2/import/single_char_dictionary.tsv
侠,xia,xia2,content_single_char_fallback,1141,common-standard-level-1+pinyin-data,docs/pinyin-v2/import/single_char_dictionary.tsv
侥,jiao,jiao3,content_single_char_fallback,1142,common-standard-level-1+pinyin-data,docs/pinyin-v2/import/single_char_dictionary.tsv
版,ban,ban3,content_single_char_fallback,1143,common-standard-level-1+pinyin-data,docs/pinyin-v2/import/single_char_dictionary.tsv
侄,zhi,zhi2,content_single_char_fallback,1144,common-standard-level-1+pinyin-data,docs/pinyin-v2/import/single_char_dictionary.tsv
侦,zhen,zhen1,content_single_char_fallback,1145,common-standard-level-1+pinyin-data,docs/pinyin-v2/import/single_char_dictionary.tsv
侣,lv,lv3,content_single_char_fallback,1146,common-standard-level-1+pinyin-data,docs/pinyin-v2/import/single_char_dictionary.tsv
侧,ce,ce4,content_single_char_fallback,1147,common-standard-level-1+pinyin-data,docs/pinyin-v2/import/single_char_dictionary.tsv
凭,ping,ping2,content_single_char_fallback,1148,common-standard-level-1+pinyin-data,docs/pinyin-v2/import/single_char_dictionary.tsv
侨,qiao,qiao2,content_single_char_fallback,1149,common-standard-level-1+pinyin-data,docs/pinyin-v2/import/single_char_dictionary.tsv
佩,pei,pei4,content_single_char_fallback,1150,common-standard-level-1+pinyin-data,docs/pinyin-v2/import/single_char_dictionary.tsv
货,huo,huo4,content_single_char_fallback,1151,common-standard-level-1+pinyin-data,docs/pinyin-v2/import/single_char_dictionary.tsv
侈,chi,chi3,content_single_char_fallback,1152,common-standard-level-1+pinyin-data,docs/pinyin-v2/import/single_char_dictionary.tsv
依,yi,yi1,content_single_char_fallback,1153,common-standard-level-1+pinyin-data,docs/pinyin-v2/import/single_char_dictionary.tsv
卑,bei,bei1,content_single_char_fallback,1154,common-standard-level-1+pinyin-data,docs/pinyin-v2/import/single_char_dictionary.tsv
的,de,de,function_single_char,1155,common-standard-level-1+pinyin-data,docs/pinyin-v2/import/single_char_dictionary.tsv
迫,po,po4,content_single_char_fallback,1156,common-standard-level-1+pinyin-data,docs/pinyin-v2/import/single_char_dictionary.tsv
质,zhi,zhi4,content_single_char_fallback,1157,common-standard-level-1+pinyin-data,docs/pinyin-v2/import/single_char_dictionary.tsv
欣,xin,xin1,content_single_char_fallback,1158,common-standard-level-1+pinyin-data,docs/pinyin-v2/import/single_char_dictionary.tsv
征,zheng,zheng1,content_single_char_fallback,1159,common-standard-level-1+pinyin-data,docs/pinyin-v2/import/single_char_dictionary.tsv
往,wang,wang3,content_single_char_fallback,1160,common-standard-level-1+pinyin-data,docs/pinyin-v2/import/single_char_dictionary.tsv
爬,pa,pa2,content_single_char_fallback,1161,common-standard-level-1+pinyin-data,docs/pinyin-v2/import/single_char_dictionary.tsv
彼,bi,bi3,content_single_char_fallback,1162,common-standard-level-1+pinyin-data,docs/pinyin-v2/import/single_char_dictionary.tsv
径,jing,jing4,content_single_char_fallback,1163,common-standard-level-1+pinyin-data,docs/pinyin-v2/import/single_char_dictionary.tsv
所,suo,suo3,content_single_char_fallback,1164,common-standard-level-1+pinyin-data,docs/pinyin-v2/import/single_char_dictionary.tsv
舍,she,she3,content_single_char_fallback,1165,common-standard-level-1+pinyin-data,docs/pinyin-v2/import/single_char_dictionary.tsv
金,jin,jin1,content_single_char_fallback,1166,common-standard-level-1+pinyin-data,docs/pinyin-v2/import/single_char_dictionary.tsv
刹,sha,sha1,content_single_char_fallback,1167,common-standard-level-1+pinyin-data,docs/pinyin-v2/import/single_char_dictionary.tsv
命,ming,ming4,content_single_char_fallback,1168,common-standard-level-1+pinyin-data,docs/pinyin-v2/import/single_char_dictionary.tsv
肴,yao,yao2,content_single_char_fallback,1169,common-standard-level-1+pinyin-data,docs/pinyin-v2/import/single_char_dictionary.tsv
斧,fu,fu3,content_single_char_fallback,1170,common-standard-level-1+pinyin-data,docs/pinyin-v2/import/single_char_dictionary.tsv
爸,ba,ba4,content_single_char_fallback,1171,common-standard-level-1+pinyin-data,docs/pinyin-v2/import/single_char_dictionary.tsv
采,cai,cai3,content_single_char_fallback,1172,common-standard-level-1+pinyin-data,docs/pinyin-v2/import/single_char_dictionary.tsv
觅,mi,mi4,content_single_char_fallback,1173,common-standard-level-1+pinyin-data,docs/pinyin-v2/import/single_char_dictionary.tsv
受,shou,shou4,content_single_char_fallback,1174,common-standard-level-1+pinyin-data,docs/pinyin-v2/import/single_char_dictionary.tsv
乳,ru,ru3,content_single_char_fallback,1175,common-standard-level-1+pinyin-data,docs/pinyin-v2/import/single_char_dictionary.tsv
贪,tan,tan1,content_single_char_fallback,1176,common-standard-level-1+pinyin-data,docs/pinyin-v2/import/single_char_dictionary.tsv
念,nian,nian4,content_single_char_fallback,1177,common-standard-level-1+pinyin-data,docs/pinyin-v2/import/single_char_dictionary.tsv
贫,pin,pin2,content_single_char_fallback,1178,common-standard-level-1+pinyin-data,docs/pinyin-v2/import/single_char_dictionary.tsv
忿,fen,fen4,content_single_char_fallback,1179,common-standard-level-1+pinyin-data,docs/pinyin-v2/import/single_char_dictionary.tsv
肤,fu,fu1,content_single_char_fallback,1180,common-standard-level-1+pinyin-data,docs/pinyin-v2/import/single_char_dictionary.tsv
肺,fei,fei4,content_single_char_fallback,1181,common-standard-level-1+pinyin-data,docs/pinyin-v2/import/single_char_dictionary.tsv
肢,zhi,zhi1,content_single_char_fallback,1182,common-standard-level-1+pinyin-data,docs/pinyin-v2/import/single_char_dictionary.tsv
肿,zhong,zhong3,content_single_char_fallback,1183,common-standard-level-1+pinyin-data,docs/pinyin-v2/import/single_char_dictionary.tsv
胀,zhang,zhang4,content_single_char_fallback,1184,common-standard-level-1+pinyin-data,docs/pinyin-v2/import/single_char_dictionary.tsv
朋,peng,peng2,content_single_char_fallback,1185,common-standard-level-1+pinyin-data,docs/pinyin-v2/import/single_char_dictionary.tsv
股,gu,gu3,content_single_char_fallback,1186,common-standard-level-1+pinyin-data,docs/pinyin-v2/import/single_char_dictionary.tsv
肮,ang,ang1,content_single_char_fallback,1187,common-standard-level-1+pinyin-data,docs/pinyin-v2/import/single_char_dictionary.tsv
肪,fang,fang2,content_single_char_fallback,1188,common-standard-level-1+pinyin-data,docs/pinyin-v2/import/single_char_dictionary.tsv
肥,fei,fei2,content_single_char_fallback,1189,common-standard-level-1+pinyin-data,docs/pinyin-v2/import/single_char_dictionary.tsv
服,fu,fu2,content_single_char_fallback,1190,common-standard-level-1+pinyin-data,docs/pinyin-v2/import/single_char_dictionary.tsv
胁,xie,xie2,content_single_char_fallback,1191,common-standard-level-1+pinyin-data,docs/pinyin-v2/import/single_char_dictionary.tsv
周,zhou,zhou1,time_single_char,1192,common-standard-level-1+pinyin-data,docs/pinyin-v2/import/single_char_dictionary.tsv
昏,hun,hun1,content_single_char_fallback,1193,common-standard-level-1+pinyin-data,docs/pinyin-v2/import/single_char_dictionary.tsv
鱼,yu,yu2,content_single_char_fallback,1194,common-standard-level-1+pinyin-data,docs/pinyin-v2/import/single_char_dictionary.tsv
兔,tu,tu4,content_single_char_fallback,1195,common-standard-level-1+pinyin-data,docs/pinyin-v2/import/single_char_dictionary.tsv
狐,hu,hu2,content_single_char_fallback,1196,common-standard-level-1+pinyin-data,docs/pinyin-v2/import/single_char_dictionary.tsv
忽,hu,hu1,content_single_char_fallback,1197,common-standard-level-1+pinyin-data,docs/pinyin-v2/import/single_char_dictionary.tsv
狗,gou,gou3,content_single_char_fallback,1198,common-standard-level-1+pinyin-data,docs/pinyin-v2/import/single_char_dictionary.tsv
狞,ning,ning2,content_single_char_fallback,1199,common-standard-level-1+pinyin-data,docs/pinyin-v2/import/single_char_dictionary.tsv
备,bei,bei4,content_single_char_fallback,1200,common-standard-level-1+pinyin-data,docs/pinyin-v2/import/single_char_dictionary.tsv
饰,shi,shi4,content_single_char_fallback,1201,common-standard-level-1+pinyin-data,docs/pinyin-v2/import/single_char_dictionary.tsv
饱,bao,bao3,content_single_char_fallback,1202,common-standard-level-1+pinyin-data,docs/pinyin-v2/import/single_char_dictionary.tsv
饲,si,si4,content_single_char_fallback,1203,common-standard-level-1+pinyin-data,docs/pinyin-v2/import/single_char_dictionary.tsv
变,bian,bian4,content_single_char_fallback,1204,common-standard-level-1+pinyin-data,docs/pinyin-v2/import/single_char_dictionary.tsv
京,jing,jing1,content_single_char_fallback,1205,common-standard-level-1+pinyin-data,docs/pinyin-v2/import/single_char_dictionary.tsv
享,xiang,xiang3,content_single_char_fallback,1206,common-standard-level-1+pinyin-data,docs/pinyin-v2/import/single_char_dictionary.tsv
庞,pang,pang2,content_single_char_fallback,1207,common-standard-level-1+pinyin-data,docs/pinyin-v2/import/single_char_dictionary.tsv
店,dian,dian4,place_direction_single_char,1208,common-standard-level-1+pinyin-data,docs/pinyin-v2/import/single_char_dictionary.tsv
夜,ye,ye4,content_single_char_fallback,1209,common-standard-level-1+pinyin-data,docs/pinyin-v2/import/single_char_dictionary.tsv
庙,miao,miao4,content_single_char_fallback,1210,common-standard-level-1+pinyin-data,docs/pinyin-v2/import/single_char_dictionary.tsv
府,fu,fu3,content_single_char_fallback,1211,common-standard-level-1+pinyin-data,docs/pinyin-v2/import/single_char_dictionary.tsv
底,di,di3,content_single_char_fallback,1212,common-standard-level-1+pinyin-data,docs/pinyin-v2/import/single_char_dictionary.tsv
疟,nve,nve4,content_single_char_fallback,1213,common-standard-level-1+pinyin-data,docs/pinyin-v2/import/single_char_dictionary.tsv
疙,ge,ge1,content_single_char_fallback,1214,common-standard-level-1+pinyin-data,docs/pinyin-v2/import/single_char_dictionary.tsv
疚,jiu,jiu4,content_single_char_fallback,1215,common-standard-level-1+pinyin-data,docs/pinyin-v2/import/single_char_dictionary.tsv
剂,ji,ji4,content_single_char_fallback,1216,common-standard-level-1+pinyin-data,docs/pinyin-v2/import/single_char_dictionary.tsv
卒,zu,zu2,content_single_char_fallback,1217,common-standard-level-1+pinyin-data,docs/pinyin-v2/import/single_char_dictionary.tsv
郊,jiao,jiao1,content_single_char_fallback,1218,common-standard-level-1+pinyin-data,docs/pinyin-v2/import/single_char_dictionary.tsv
庚,geng,geng1,content_single_char_fallback,1219,common-standard-level-1+pinyin-data,docs/pinyin-v2/import/single_char_dictionary.tsv
废,fei,fei4,content_single_char_fallback,1220,common-standard-level-1+pinyin-data,docs/pinyin-v2/import/single_char_dictionary.tsv
净,jing,jing4,content_single_char_fallback,1221,common-standard-level-1+pinyin-data,docs/pinyin-v2/import/single_char_dictionary.tsv
盲,mang,mang2,content_single_char_fallback,1222,common-standard-level-1+pinyin-data,docs/pinyin-v2/import/single_char_dictionary.tsv
放,fang,fang4,content_single_char_fallback,1223,common-standard-level-1+pinyin-data,docs/pinyin-v2/import/single_char_dictionary.tsv
刻,ke,ke4,content_single_char_fallback,1224,common-standard-level-1+pinyin-data,docs/pinyin-v2/import/single_char_dictionary.tsv
育,yu,yu4,content_single_char_fallback,1225,common-standard-level-1+pinyin-data,docs/pinyin-v2/import/single_char_dictionary.tsv
氓,mang,mang2,content_single_char_fallback,1226,common-standard-level-1+pinyin-data,docs/pinyin-v2/import/single_char_dictionary.tsv
闸,zha,zha2,content_single_char_fallback,1227,common-standard-level-1+pinyin-data,docs/pinyin-v2/import/single_char_dictionary.tsv
闹,nao,nao4,content_single_char_fallback,1228,common-standard-level-1+pinyin-data,docs/pinyin-v2/import/single_char_dictionary.tsv
郑,zheng,zheng4,content_single_char_fallback,1229,common-standard-level-1+pinyin-data,docs/pinyin-v2/import/single_char_dictionary.tsv
券,quan,quan4,content_single_char_fallback,1230,common-standard-level-1+pinyin-data,docs/pinyin-v2/import/single_char_dictionary.tsv
卷,juan,juan3,content_single_char_fallback,1231,common-standard-level-1+pinyin-data,docs/pinyin-v2/import/single_char_dictionary.tsv
单,dan,dan1,service_content_single_char,1232,common-standard-level-1+pinyin-data,docs/pinyin-v2/import/single_char_dictionary.tsv
炬,ju,ju4,content_single_char_fallback,1233,common-standard-level-1+pinyin-data,docs/pinyin-v2/import/single_char_dictionary.tsv
炒,chao,chao3,content_single_char_fallback,1234,common-standard-level-1+pinyin-data,docs/pinyin-v2/import/single_char_dictionary.tsv
炊,chui,chui1,content_single_char_fallback,1235,common-standard-level-1+pinyin-data,docs/pinyin-v2/import/single_char_dictionary.tsv
炕,kang,kang4,content_single_char_fallback,1236,common-standard-level-1+pinyin-data,docs/pinyin-v2/import/single_char_dictionary.tsv
炎,yan,yan2,content_single_char_fallback,1237,common-standard-level-1+pinyin-data,docs/pinyin-v2/import/single_char_dictionary.tsv
炉,lu,lu2,content_single_char_fallback,1238,common-standard-level-1+pinyin-data,docs/pinyin-v2/import/single_char_dictionary.tsv
沫,mo,mo4,content_single_char_fallback,1239,common-standard-level-1+pinyin-data,docs/pinyin-v2/import/single_char_dictionary.tsv
浅,qian,qian3,content_single_char_fallback,1240,common-standard-level-1+pinyin-data,docs/pinyin-v2/import/single_char_dictionary.tsv
法,fa,fa3,content_single_char_fallback,1241,common-standard-level-1+pinyin-data,docs/pinyin-v2/import/single_char_dictionary.tsv
泄,xie,xie4,content_single_char_fallback,1242,common-standard-level-1+pinyin-data,docs/pinyin-v2/import/single_char_dictionary.tsv
沽,gu,gu1,content_single_char_fallback,1243,common-standard-level-1+pinyin-data,docs/pinyin-v2/import/single_char_dictionary.tsv
河,he,he2,content_single_char_fallback,1244,common-standard-level-1+pinyin-data,docs/pinyin-v2/import/single_char_dictionary.tsv
沾,zhan,zhan1,content_single_char_fallback,1245,common-standard-level-1+pinyin-data,docs/pinyin-v2/import/single_char_dictionary.tsv
泪,lei,lei4,content_single_char_fallback,1246,common-standard-level-1+pinyin-data,docs/pinyin-v2/import/single_char_dictionary.tsv
沮,ju,ju3,content_single_char_fallback,1247,common-standard-level-1+pinyin-data,docs/pinyin-v2/import/single_char_dictionary.tsv
油,you,you2,content_single_char_fallback,1248,common-standard-level-1+pinyin-data,docs/pinyin-v2/import/single_char_dictionary.tsv
泊,po,po1,content_single_char_fallback,1249,common-standard-level-1+pinyin-data,docs/pinyin-v2/import/single_char_dictionary.tsv
沿,yan,yan2,content_single_char_fallback,1250,common-standard-level-1+pinyin-data,docs/pinyin-v2/import/single_char_dictionary.tsv
泡,pao,pao4,content_single_char_fallback,1251,common-standard-level-1+pinyin-data,docs/pinyin-v2/import/single_char_dictionary.tsv
注,zhu,zhu4,content_single_char_fallback,1252,common-standard-level-1+pinyin-data,docs/pinyin-v2/import/single_char_dictionary.tsv
泣,qi,qi4,content_single_char_fallback,1253,common-standard-level-1+pinyin-data,docs/pinyin-v2/import/single_char_dictionary.tsv
泞,ning,ning4,content_single_char_fallback,1254,common-standard-level-1+pinyin-data,docs/pinyin-v2/import/single_char_dictionary.tsv
泻,xie,xie4,content_single_char_fallback,1255,common-standard-level-1+pinyin-data,docs/pinyin-v2/import/single_char_dictionary.tsv
泌,mi,mi4,content_single_char_fallback,1256,common-standard-level-1+pinyin-data,docs/pinyin-v2/import/single_char_dictionary.tsv
泳,yong,yong3,content_single_char_fallback,1257,common-standard-level-1+pinyin-data,docs/pinyin-v2/import/single_char_dictionary.tsv
泥,ni,ni2,content_single_char_fallback,1258,common-standard-level-1+pinyin-data,docs/pinyin-v2/import/single_char_dictionary.tsv
沸,fei,fei4,content_single_char_fallback,1259,common-standard-level-1+pinyin-data,docs/pinyin-v2/import/single_char_dictionary.tsv
沼,zhao,zhao3,content_single_char_fallback,1260,common-standard-level-1+pinyin-data,docs/pinyin-v2/import/single_char_dictionary.tsv
波,bo,bo1,content_single_char_fallback,1261,common-standard-level-1+pinyin-data,docs/pinyin-v2/import/single_char_dictionary.tsv
泼,po,po1,content_single_char_fallback,1262,common-standard-level-1+pinyin-data,docs/pinyin-v2/import/single_char_dictionary.tsv
泽,ze,ze2,content_single_char_fallback,1263,common-standard-level-1+pinyin-data,docs/pinyin-v2/import/single_char_dictionary.tsv
治,zhi,zhi4,content_single_char_fallback,1264,common-standard-level-1+pinyin-data,docs/pinyin-v2/import/single_char_dictionary.tsv
怔,zheng,zheng1,content_single_char_fallback,1265,common-standard-level-1+pinyin-data,docs/pinyin-v2/import/single_char_dictionary.tsv
怯,qie,qie4,content_single_char_fallback,1266,common-standard-level-1+pinyin-data,docs/pinyin-v2/import/single_char_dictionary.tsv
怖,bu,bu4,content_single_char_fallback,1267,common-standard-level-1+pinyin-data,docs/pinyin-v2/import/single_char_dictionary.tsv
性,xing,xing4,content_single_char_fallback,1268,common-standard-level-1+pinyin-data,docs/pinyin-v2/import/single_char_dictionary.tsv
怕,pa,pa4,content_single_char_fallback,1269,common-standard-level-1+pinyin-data,docs/pinyin-v2/import/single_char_dictionary.tsv
怜,lian,lian2,content_single_char_fallback,1270,common-standard-level-1+pinyin-data,docs/pinyin-v2/import/single_char_dictionary.tsv
怪,guai,guai4,content_single_char_fallback,1271,common-standard-level-1+pinyin-data,docs/pinyin-v2/import/single_char_dictionary.tsv
怡,yi,yi2,content_single_char_fallback,1272,common-standard-level-1+pinyin-data,docs/pinyin-v2/import/single_char_dictionary.tsv
学,xue,xue2,content_single_char_fallback,1273,common-standard-level-1+pinyin-data,docs/pinyin-v2/import/single_char_dictionary.tsv
宝,bao,bao3,content_single_char_fallback,1274,common-standard-level-1+pinyin-data,docs/pinyin-v2/import/single_char_dictionary.tsv
宗,zong,zong1,content_single_char_fallback,1275,common-standard-level-1+pinyin-data,docs/pinyin-v2/import/single_char_dictionary.tsv
定,ding,ding4,content_single_char_fallback,1276,common-standard-level-1+pinyin-data,docs/pinyin-v2/import/single_char_dictionary.tsv
宠,chong,chong3,content_single_char_fallback,1277,common-standard-level-1+pinyin-data,docs/pinyin-v2/import/single_char_dictionary.tsv
宜,yi,yi2,content_single_char_fallback,1278,common-standard-level-1+pinyin-data,docs/pinyin-v2/import/single_char_dictionary.tsv
审,shen,shen3,content_single_char_fallback,1279,common-standard-level-1+pinyin-data,docs/pinyin-v2/import/single_char_dictionary.tsv
宙,zhou,zhou4,content_single_char_fallback,1280,common-standard-level-1+pinyin-data,docs/pinyin-v2/import/single_char_dictionary.tsv
官,guan,guan1,content_single_char_fallback,1281,common-standard-level-1+pinyin-data,docs/pinyin-v2/import/single_char_dictionary.tsv
空,kong,kong1,content_single_char_fallback,1282,common-standard-level-1+pinyin-data,docs/pinyin-v2/import/single_char_dictionary.tsv
帘,lian,lian2,content_single_char_fallback,1283,common-standard-level-1+pinyin-data,docs/pinyin-v2/import/single_char_dictionary.tsv
宛,wan,wan3,content_single_char_fallback,1284,common-standard-level-1+pinyin-data,docs/pinyin-v2/import/single_char_dictionary.tsv
实,shi,shi2,content_single_char_fallback,1285,common-standard-level-1+pinyin-data,docs/pinyin-v2/import/single_char_dictionary.tsv
试,shi,shi4,content_single_char_fallback,1286,common-standard-level-1+pinyin-data,docs/pinyin-v2/import/single_char_dictionary.tsv
郎,lang,lang2,content_single_char_fallback,1287,common-standard-level-1+pinyin-data,docs/pinyin-v2/import/single_char_dictionary.tsv
诗,shi,shi1,content_single_char_fallback,1288,common-standard-level-1+pinyin-data,docs/pinyin-v2/import/single_char_dictionary.tsv
肩,jian,jian1,content_single_char_fallback,1289,common-standard-level-1+pinyin-data,docs/pinyin-v2/import/single_char_dictionary.tsv
房,fang,fang2,place_direction_single_char,1290,common-standard-level-1+pinyin-data,docs/pinyin-v2/import/single_char_dictionary.tsv
诚,cheng,cheng2,content_single_char_fallback,1291,common-standard-level-1+pinyin-data,docs/pinyin-v2/import/single_char_dictionary.tsv
衬,chen,chen4,content_single_char_fallback,1292,common-standard-level-1+pinyin-data,docs/pinyin-v2/import/single_char_dictionary.tsv
衫,shan,shan1,content_single_char_fallback,1293,common-standard-level-1+pinyin-data,docs/pinyin-v2/import/single_char_dictionary.tsv
视,shi,shi4,content_single_char_fallback,1294,common-standard-level-1+pinyin-data,docs/pinyin-v2/import/single_char_dictionary.tsv
祈,qi,qi2,content_single_char_fallback,1295,common-standard-level-1+pinyin-data,docs/pinyin-v2/import/single_char_dictionary.tsv
话,hua,hua4,content_single_char_fallback,1296,common-standard-level-1+pinyin-data,docs/pinyin-v2/import/single_char_dictionary.tsv
诞,dan,dan4,content_single_char_fallback,1297,common-standard-level-1+pinyin-data,docs/pinyin-v2/import/single_char_dictionary.tsv
诡,gui,gui3,content_single_char_fallback,1298,common-standard-level-1+pinyin-data,docs/pinyin-v2/import/single_char_dictionary.tsv
询,xun,xun2,content_single_char_fallback,1299,common-standard-level-1+pinyin-data,docs/pinyin-v2/import/single_char_dictionary.tsv
该,gai,gai1,content_single_char_fallback,1300,common-standard-level-1+pinyin-data,docs/pinyin-v2/import/single_char_dictionary.tsv
详,xiang,xiang2,content_single_char_fallback,1301,common-standard-level-1+pinyin-data,docs/pinyin-v2/import/single_char_dictionary.tsv
建,jian,jian4,content_single_char_fallback,1302,common-standard-level-1+pinyin-data,docs/pinyin-v2/import/single_char_dictionary.tsv
肃,su,su4,content_single_char_fallback,1303,common-standard-level-1+pinyin-data,docs/pinyin-v2/import/single_char_dictionary.tsv
录,lu,lu4,content_single_char_fallback,1304,common-standard-level-1+pinyin-data,docs/pinyin-v2/import/single_char_dictionary.tsv
隶,li,li4,content_single_char_fallback,1305,common-standard-level-1+pinyin-data,docs/pinyin-v2/import/single_char_dictionary.tsv
帚,zhou,zhou3,content_single_char_fallback,1306,common-standard-level-1+pinyin-data,docs/pinyin-v2/import/single_char_dictionary.tsv
屉,ti,ti4,content_single_char_fallback,1307,common-standard-level-1+pinyin-data,docs/pinyin-v2/import/single_char_dictionary.tsv
居,ju,ju1,content_single_char_fallback,1308,common-standard-level-1+pinyin-data,docs/pinyin-v2/import/single_char_dictionary.tsv
届,jie,jie4,content_single_char_fallback,1309,common-standard-level-1+pinyin-data,docs/pinyin-v2/import/single_char_dictionary.tsv
刷,shua,shua1,content_single_char_fallback,1310,common-standard-level-1+pinyin-data,docs/pinyin-v2/import/single_char_dictionary.tsv
屈,qu,qu1,content_single_char_fallback,1311,common-standard-level-1+pinyin-data,docs/pinyin-v2/import/single_char_dictionary.tsv
弧,hu,hu2,content_single_char_fallback,1312,common-standard-level-1+pinyin-data,docs/pinyin-v2/import/single_char_dictionary.tsv
弥,mi,mi2,content_single_char_fallback,1313,common-standard-level-1+pinyin-data,docs/pinyin-v2/import/single_char_dictionary.tsv
弦,xian,xian2,content_single_char_fallback,1314,common-standard-level-1+pinyin-data,docs/pinyin-v2/import/single_char_dictionary.tsv
承,cheng,cheng2,content_single_char_fallback,1315,common-standard-level-1+pinyin-data,docs/pinyin-v2/import/single_char_dictionary.tsv
孟,meng,meng4,content_single_char_fallback,1316,common-standard-level-1+pinyin-data,docs/pinyin-v2/import/single_char_dictionary.tsv
陋,lou,lou4,content_single_char_fallback,1317,common-standard-level-1+pinyin-data,docs/pinyin-v2/import/single_char_dictionary.tsv
陌,mo,mo4,content_single_char_fallback,1318,common-standard-level-1+pinyin-data,docs/pinyin-v2/import/single_char_dictionary.tsv
孤,gu,gu1,content_single_char_fallback,1319,common-standard-level-1+pinyin-data,docs/pinyin-v2/import/single_char_dictionary.tsv
陕,shan,shan3,content_single_char_fallback,1320,common-standard-level-1+pinyin-data,docs/pinyin-v2/import/single_char_dictionary.tsv
降,jiang,jiang4,content_single_char_fallback,1321,common-standard-level-1+pinyin-data,docs/pinyin-v2/import/single_char_dictionary.tsv
函,han,han2,content_single_char_fallback,1322,common-standard-level-1+pinyin-data,docs/pinyin-v2/import/single_char_dictionary.tsv
限,xian,xian4,content_single_char_fallback,1323,common-standard-level-1+pinyin-data,docs/pinyin-v2/import/single_char_dictionary.tsv
妹,mei,mei4,content_single_char_fallback,1324,common-standard-level-1+pinyin-data,docs/pinyin-v2/import/single_char_dictionary.tsv
姑,gu,gu1,content_single_char_fallback,1325,common-standard-level-1+pinyin-data,docs/pinyin-v2/import/single_char_dictionary.tsv
姐,jie,jie3,content_single_char_fallback,1326,common-standard-level-1+pinyin-data,docs/pinyin-v2/import/single_char_dictionary.tsv
姓,xing,xing4,content_single_char_fallback,1327,common-standard-level-1+pinyin-data,docs/pinyin-v2/import/single_char_dictionary.tsv
妮,ni,ni1,content_single_char_fallback,1328,common-standard-level-1+pinyin-data,docs/pinyin-v2/import/single_char_dictionary.tsv
始,shi,shi3,content_single_char_fallback,1329,common-standard-level-1+pinyin-data,docs/pinyin-v2/import/single_char_dictionary.tsv
姆,mu,mu3,content_single_char_fallback,1330,common-standard-level-1+pinyin-data,docs/pinyin-v2/import/single_char_dictionary.tsv
迢,tiao,tiao2,content_single_char_fallback,1331,common-standard-level-1+pinyin-data,docs/pinyin-v2/import/single_char_dictionary.tsv
驾,jia,jia4,content_single_char_fallback,1332,common-standard-level-1+pinyin-data,docs/pinyin-v2/import/single_char_dictionary.tsv
叁,san,san1,content_single_char_fallback,1333,common-standard-level-1+pinyin-data,docs/pinyin-v2/import/single_char_dictionary.tsv
参,can,can1,content_single_char_fallback,1334,common-standard-level-1+pinyin-data,docs/pinyin-v2/import/single_char_dictionary.tsv
艰,jian,jian1,content_single_char_fallback,1335,common-standard-level-1+pinyin-data,docs/pinyin-v2/import/single_char_dictionary.tsv
线,xian,xian4,content_single_char_fallback,1336,common-standard-level-1+pinyin-data,docs/pinyin-v2/import/single_char_dictionary.tsv
练,lian,lian4,content_single_char_fallback,1337,common-standard-level-1+pinyin-data,docs/pinyin-v2/import/single_char_dictionary.tsv
组,zu,zu3,content_single_char_fallback,1338,common-standard-level-1+pinyin-data,docs/pinyin-v2/import/single_char_dictionary.tsv
绅,shen,shen1,content_single_char_fallback,1339,common-standard-level-1+pinyin-data,docs/pinyin-v2/import/single_char_dictionary.tsv
细,xi,xi4,content_single_char_fallback,1340,common-standard-level-1+pinyin-data,docs/pinyin-v2/import/single_char_dictionary.tsv
驶,shi,shi3,content_single_char_fallback,1341,common-standard-level-1+pinyin-data,docs/pinyin-v2/import/single_char_dictionary.tsv
织,zhi,zhi1,content_single_char_fallback,1342,common-standard-level-1+pinyin-data,docs/pinyin-v2/import/single_char_dictionary.tsv
驹,ju,ju1,content_single_char_fallback,1343,common-standard-level-1+pinyin-data,docs/pinyin-v2/import/single_char_dictionary.tsv
终,zhong,zhong1,content_single_char_fallback,1344,common-standard-level-1+pinyin-data,docs/pinyin-v2/import/single_char_dictionary.tsv
驻,zhu,zhu4,content_single_char_fallback,1345,common-standard-level-1+pinyin-data,docs/pinyin-v2/import/single_char_dictionary.tsv
绊,ban,ban4,content_single_char_fallback,1346,common-standard-level-1+pinyin-data,docs/pinyin-v2/import/single_char_dictionary.tsv
驼,tuo,tuo2,content_single_char_fallback,1347,common-standard-level-1+pinyin-data,docs/pinyin-v2/import/single_char_dictionary.tsv
绍,shao,shao4,content_single_char_fallback,1348,common-standard-level-1+pinyin-data,docs/pinyin-v2/import/single_char_dictionary.tsv
绎,yi,yi4,content_single_char_fallback,1349,common-standard-level-1+pinyin-data,docs/pinyin-v2/import/single_char_dictionary.tsv
经,jing,jing1,content_single_char_fallback,1350,common-standard-level-1+pinyin-data,docs/pinyin-v2/import/single_char_dictionary.tsv
贯,guan,guan4,content_single_char_fallback,1351,common-standard-level-1+pinyin-data,docs/pinyin-v2/import/single_char_dictionary.tsv
契,qi,qi4,content_single_char_fallback,1352,common-standard-level-1+pinyin-data,docs/pinyin-v2/import/single_char_dictionary.tsv
贰,er,er4,content_single_char_fallback,1353,common-standard-level-1+pinyin-data,docs/pinyin-v2/import/single_char_dictionary.tsv
奏,zou,zou4,content_single_char_fallback,1354,common-standard-level-1+pinyin-data,docs/pinyin-v2/import/single_char_dictionary.tsv
春,chun,chun1,content_single_char_fallback,1355,common-standard-level-1+pinyin-data,docs/pinyin-v2/import/single_char_dictionary.tsv
帮,bang,bang1,function_single_char,1356,common-standard-level-1+pinyin-data,docs/pinyin-v2/import/single_char_dictionary.tsv
玷,dian,dian4,content_single_char_fallback,1357,common-standard-level-1+pinyin-data,docs/pinyin-v2/import/single_char_dictionary.tsv
珍,zhen,zhen1,content_single_char_fallback,1358,common-standard-level-1+pinyin-data,docs/pinyin-v2/import/single_char_dictionary.tsv
玲,ling,ling2,content_single_char_fallback,1359,common-standard-level-1+pinyin-data,docs/pinyin-v2/import/single_char_dictionary.tsv
珊,shan,shan1,content_single_char_fallback,1360,common-standard-level-1+pinyin-data,docs/pinyin-v2/import/single_char_dictionary.tsv
玻,bo,bo1,content_single_char_fallback,1361,common-standard-level-1+pinyin-data,docs/pinyin-v2/import/single_char_dictionary.tsv
毒,du,du2,content_single_char_fallback,1362,common-standard-level-1+pinyin-data,docs/pinyin-v2/import/single_char_dictionary.tsv
型,xing,xing2,content_single_char_fallback,1363,common-standard-level-1+pinyin-data,docs/pinyin-v2/import/single_char_dictionary.tsv
拭,shi,shi4,content_single_char_fallback,1364,common-standard-level-1+pinyin-data,docs/pinyin-v2/import/single_char_dictionary.tsv
挂,gua,gua4,content_single_char_fallback,1365,common-standard-level-1+pinyin-data,docs/pinyin-v2/import/single_char_dictionary.tsv
封,feng,feng1,content_single_char_fallback,1366,common-standard-level-1+pinyin-data,docs/pinyin-v2/import/single_char_dictionary.tsv
持,chi,chi2,content_single_char_fallback,1367,common-standard-level-1+pinyin-data,docs/pinyin-v2/import/single_char_dictionary.tsv
拷,kao,kao3,content_single_char_fallback,1368,common-standard-level-1+pinyin-data,docs/pinyin-v2/import/single_char_dictionary.tsv
拱,gong,gong3,content_single_char_fallback,1369,common-standard-level-1+pinyin-data,docs/pinyin-v2/import/single_char_dictionary.tsv
项,xiang,xiang4,content_single_char_fallback,1370,common-standard-level-1+pinyin-data,docs/pinyin-v2/import/single_char_dictionary.tsv
垮,kua,kua3,content_single_char_fallback,1371,common-standard-level-1+pinyin-data,docs/pinyin-v2/import/single_char_dictionary.tsv
挎,kua,kua4,content_single_char_fallback,1372,common-standard-level-1+pinyin-data,docs/pinyin-v2/import/single_char_dictionary.tsv
城,cheng,cheng2,content_single_char_fallback,1373,common-standard-level-1+pinyin-data,docs/pinyin-v2/import/single_char_dictionary.tsv
挟,xie,xie2,content_single_char_fallback,1374,common-standard-level-1+pinyin-data,docs/pinyin-v2/import/single_char_dictionary.tsv
挠,nao,nao2,content_single_char_fallback,1375,common-standard-level-1+pinyin-data,docs/pinyin-v2/import/single_char_dictionary.tsv
政,zheng,zheng4,content_single_char_fallback,1376,common-standard-level-1+pinyin-data,docs/pinyin-v2/import/single_char_dictionary.tsv
赴,fu,fu4,content_single_char_fallback,1377,common-standard-level-1+pinyin-data,docs/pinyin-v2/import/single_char_dictionary.tsv
赵,zhao,zhao4,content_single_char_fallback,1378,common-standard-level-1+pinyin-data,docs/pinyin-v2/import/single_char_dictionary.tsv
挡,dang,dang3,content_single_char_fallback,1379,common-standard-level-1+pinyin-data,docs/pinyin-v2/import/single_char_dictionary.tsv
拽,zhuai,zhuai1,content_single_char_fallback,1380,common-standard-level-1+pinyin-data,docs/pinyin-v2/import/single_char_dictionary.tsv
哉,zai,zai1,content_single_char_fallback,1381,common-standard-level-1+pinyin-data,docs/pinyin-v2/import/single_char_dictionary.tsv
挺,ting,ting3,content_single_char_fallback,1382,common-standard-level-1+pinyin-data,docs/pinyin-v2/import/single_char_dictionary.tsv
括,kuo,kuo4,content_single_char_fallback,1383,common-standard-level-1+pinyin-data,docs/pinyin-v2/import/single_char_dictionary.tsv
垢,gou,gou4,content_single_char_fallback,1384,common-standard-level-1+pinyin-data,docs/pinyin-v2/import/single_char_dictionary.tsv
拴,shuan,shuan1,content_single_char_fallback,1385,common-standard-level-1+pinyin-data,docs/pinyin-v2/import/single_char_dictionary.tsv
拾,shi,shi2,content_single_char_fallback,1386,common-standard-level-1+pinyin-data,docs/pinyin-v2/import/single_char_dictionary.tsv
挑,tiao,tiao1,content_single_char_fallback,1387,common-standard-level-1+pinyin-data,docs/pinyin-v2/import/single_char_dictionary.tsv
垛,duo,duo3,content_single_char_fallback,1388,common-standard-level-1+pinyin-data,docs/pinyin-v2/import/single_char_dictionary.tsv
指,zhi,zhi3,content_single_char_fallback,1389,common-standard-level-1+pinyin-data,docs/pinyin-v2/import/single_char_dictionary.tsv
垫,dian,dian4,content_single_char_fallback,1390,common-standard-level-1+pinyin-data,docs/pinyin-v2/import/single_char_dictionary.tsv
挣,zheng,zheng1,content_single_char_fallback,1391,common-standard-level-1+pinyin-data,docs/pinyin-v2/import/single_char_dictionary.tsv
挤,ji,ji3,content_single_char_fallback,1392,common-standard-level-1+pinyin-data,docs/pinyin-v2/import/single_char_dictionary.tsv
拼,pin,pin1,content_single_char_fallback,1393,common-standard-level-1+pinyin-data,docs/pinyin-v2/import/single_char_dictionary.tsv
挖,wa,wa1,content_single_char_fallback,1394,common-standard-level-1+pinyin-data,docs/pinyin-v2/import/single_char_dictionary.tsv
按,an,an4,function_single_char,1395,common-standard-level-1+pinyin-data,docs/pinyin-v2/import/single_char_dictionary.tsv
挥,hui,hui1,content_single_char_fallback,1396,common-standard-level-1+pinyin-data,docs/pinyin-v2/import/single_char_dictionary.tsv
挪,nuo,nuo2,content_single_char_fallback,1397,common-standard-level-1+pinyin-data,docs/pinyin-v2/import/single_char_dictionary.tsv
拯,zheng,zheng3,content_single_char_fallback,1398,common-standard-level-1+pinyin-data,docs/pinyin-v2/import/single_char_dictionary.tsv
某,mou,mou3,content_single_char_fallback,1399,common-standard-level-1+pinyin-data,docs/pinyin-v2/import/single_char_dictionary.tsv
甚,shen,shen4,content_single_char_fallback,1400,common-standard-level-1+pinyin-data,docs/pinyin-v2/import/single_char_dictionary.tsv
荆,jing,jing1,content_single_char_fallback,1401,common-standard-level-1+pinyin-data,docs/pinyin-v2/import/single_char_dictionary.tsv
茸,rong,rong1,content_single_char_fallback,1402,common-standard-level-1+pinyin-data,docs/pinyin-v2/import/single_char_dictionary.tsv
革,ge,ge2,content_single_char_fallback,1403,common-standard-level-1+pinyin-data,docs/pinyin-v2/import/single_char_dictionary.tsv
茬,cha,cha2,content_single_char_fallback,1404,common-standard-level-1+pinyin-data,docs/pinyin-v2/import/single_char_dictionary.tsv
荐,jian,jian4,content_single_char_fallback,1405,common-standard-level-1+pinyin-data,docs/pinyin-v2/import/single_char_dictionary.tsv
巷,xiang,xiang4,content_single_char_fallback,1406,common-standard-level-1+pinyin-data,docs/pinyin-v2/import/single_char_dictionary.tsv
带,dai,dai4,function_single_char,1407,common-standard-level-1+pinyin-data,docs/pinyin-v2/import/single_char_dictionary.tsv
草,cao,cao3,content_single_char_fallback,1408,common-standard-level-1+pinyin-data,docs/pinyin-v2/import/single_char_dictionary.tsv
茧,jian,jian3,content_single_char_fallback,1409,common-standard-level-1+pinyin-data,docs/pinyin-v2/import/single_char_dictionary.tsv
茵,yin,yin1,content_single_char_fallback,1410,common-standard-level-1+pinyin-data,docs/pinyin-v2/import/single_char_dictionary.tsv
茶,cha,cha2,service_content_single_char,1411,common-standard-level-1+pinyin-data,docs/pinyin-v2/import/single_char_dictionary.tsv
荒,huang,huang1,content_single_char_fallback,1412,common-standard-level-1+pinyin-data,docs/pinyin-v2/import/single_char_dictionary.tsv
茫,mang,mang2,content_single_char_fallback,1413,common-standard-level-1+pinyin-data,docs/pinyin-v2/import/single_char_dictionary.tsv
荡,dang,dang4,content_single_char_fallback,1414,common-standard-level-1+pinyin-data,docs/pinyin-v2/import/single_char_dictionary.tsv
荣,rong,rong2,content_single_char_fallback,1415,common-standard-level-1+pinyin-data,docs/pinyin-v2/import/single_char_dictionary.tsv
荤,hun,hun1,content_single_char_fallback,1416,common-standard-level-1+pinyin-data,docs/pinyin-v2/import/single_char_dictionary.tsv
荧,ying,ying2,content_single_char_fallback,1417,common-standard-level-1+pinyin-data,docs/pinyin-v2/import/single_char_dictionary.tsv
故,gu,gu4,content_single_char_fallback,1418,common-standard-level-1+pinyin-data,docs/pinyin-v2/import/single_char_dictionary.tsv
胡,hu,hu2,content_single_char_fallback,1419,common-standard-level-1+pinyin-data,docs/pinyin-v2/import/single_char_dictionary.tsv
荫,yin,yin1,content_single_char_fallback,1420,common-standard-level-1+pinyin-data,docs/pinyin-v2/import/single_char_dictionary.tsv
荔,li,li4,content_single_char_fallback,1421,common-standard-level-1+pinyin-data,docs/pinyin-v2/import/single_char_dictionary.tsv
南,nan,nan2,place_direction_single_char,1422,common-standard-level-1+pinyin-data,docs/pinyin-v2/import/single_char_dictionary.tsv
药,yao,yao4,service_content_single_char,1423,common-standard-level-1+pinyin-data,docs/pinyin-v2/import/single_char_dictionary.tsv
标,biao,biao1,content_single_char_fallback,1424,common-standard-level-1+pinyin-data,docs/pinyin-v2/import/single_char_dictionary.tsv
栈,zhan,zhan4,content_single_char_fallback,1425,common-standard-level-1+pinyin-data,docs/pinyin-v2/import/single_char_dictionary.tsv
柑,gan,gan1,content_single_char_fallback,1426,common-standard-level-1+pinyin-data,docs/pinyin-v2/import/single_char_dictionary.tsv
枯,ku,ku1,content_single_char_fallback,1427,common-standard-level-1+pinyin-data,docs/pinyin-v2/import/single_char_dictionary.tsv
柄,bing,bing3,content_single_char_fallback,1428,common-standard-level-1+pinyin-data,docs/pinyin-v2/import/single_char_dictionary.tsv
栋,dong,dong4,content_single_char_fallback,1429,common-standard-level-1+pinyin-data,docs/pinyin-v2/import/single_char_dictionary.tsv
相,xiang,xiang1,content_single_char_fallback,1430,common-standard-level-1+pinyin-data,docs/pinyin-v2/import/single_char_dictionary.tsv
查,cha,cha2,content_single_char_fallback,1431,common-standard-level-1+pinyin-data,docs/pinyin-v2/import/single_char_dictionary.tsv
柏,bai,bai3,content_single_char_fallback,1432,common-standard-level-1+pinyin-data,docs/pinyin-v2/import/single_char_dictionary.tsv
栅,zha,zha4,content_single_char_fallback,1433,common-standard-level-1+pinyin-data,docs/pinyin-v2/import/single_char_dictionary.tsv
柳,liu,liu3,content_single_char_fallback,1434,common-standard-level-1+pinyin-data,docs/pinyin-v2/import/single_char_dictionary.tsv
柱,zhu,zhu4,content_single_char_fallback,1435,common-standard-level-1+pinyin-data,docs/pinyin-v2/import/single_char_dictionary.tsv
柿,shi,shi4,content_single_char_fallback,1436,common-standard-level-1+pinyin-data,docs/pinyin-v2/import/single_char_dictionary.tsv
栏,lan,lan2,content_single_char_fallback,1437,common-standard-level-1+pinyin-data,docs/pinyin-v2/import/single_char_dictionary.tsv
柠,ning,ning2,content_single_char_fallback,1438,common-standard-level-1+pinyin-data,docs/pinyin-v2/import/single_char_dictionary.tsv
树,shu,shu4,content_single_char_fallback,1439,common-standard-level-1+pinyin-data,docs/pinyin-v2/import/single_char_dictionary.tsv
勃,bo,bo2,content_single_char_fallback,1440,common-standard-level-1+pinyin-data,docs/pinyin-v2/import/single_char_dictionary.tsv
要,yao,yao4,function_single_char,1441,common-standard-level-1+pinyin-data,docs/pinyin-v2/import/single_char_dictionary.tsv
柬,jian,jian3,content_single_char_fallback,1442,common-standard-level-1+pinyin-data,docs/pinyin-v2/import/single_char_dictionary.tsv
咸,xian,xian2,content_single_char_fallback,1443,common-standard-level-1+pinyin-data,docs/pinyin-v2/import/single_char_dictionary.tsv
威,wei,wei1,content_single_char_fallback,1444,common-standard-level-1+pinyin-data,docs/pinyin-v2/import/single_char_dictionary.tsv
歪,wai,wai1,content_single_char_fallback,1445,common-standard-level-1+pinyin-data,docs/pinyin-v2/import/single_char_dictionary.tsv
研,yan,yan2,content_single_char_fallback,1446,common-standard-level-1+pinyin-data,docs/pinyin-v2/import/single_char_dictionary.tsv
砖,zhuan,zhuan1,content_single_char_fallback,1447,common-standard-level-1+pinyin-data,docs/pinyin-v2/import/single_char_dictionary.tsv
厘,li,li2,measure_single_char,1448,common-standard-level-1+pinyin-data,docs/pinyin-v2/import/single_char_dictionary.tsv
厚,hou,hou4,content_single_char_fallback,1449,common-standard-level-1+pinyin-data,docs/pinyin-v2/import/single_char_dictionary.tsv
砌,qi,qi4,content_single_char_fallback,1450,common-standard-level-1+pinyin-data,docs/pinyin-v2/import/single_char_dictionary.tsv
砂,sha,sha1,content_single_char_fallback,1451,common-standard-level-1+pinyin-data,docs/pinyin-v2/import/single_char_dictionary.tsv
泵,beng,beng4,content_single_char_fallback,1452,common-standard-level-1+pinyin-data,docs/pinyin-v2/import/single_char_dictionary.tsv
砚,yan,yan4,content_single_char_fallback,1453,common-standard-level-1+pinyin-data,docs/pinyin-v2/import/single_char_dictionary.tsv
砍,kan,kan3,content_single_char_fallback,1454,common-standard-level-1+pinyin-data,docs/pinyin-v2/import/single_char_dictionary.tsv
面,mian,mian4,content_single_char_fallback,1455,common-standard-level-1+pinyin-data,docs/pinyin-v2/import/single_char_dictionary.tsv
耐,nai,nai4,content_single_char_fallback,1456,common-standard-level-1+pinyin-data,docs/pinyin-v2/import/single_char_dictionary.tsv
耍,shua,shua3,content_single_char_fallback,1457,common-standard-level-1+pinyin-data,docs/pinyin-v2/import/single_char_dictionary.tsv
牵,qian,qian1,content_single_char_fallback,1458,common-standard-level-1+pinyin-data,docs/pinyin-v2/import/single_char_dictionary.tsv
鸥,ou,ou1,content_single_char_fallback,1459,common-standard-level-1+pinyin-data,docs/pinyin-v2/import/single_char_dictionary.tsv
残,can,can2,content_single_char_fallback,1460,common-standard-level-1+pinyin-data,docs/pinyin-v2/import/single_char_dictionary.tsv
殃,yang,yang1,content_single_char_fallback,1461,common-standard-level-1+pinyin-data,docs/pinyin-v2/import/single_char_dictionary.tsv
轴,zhou,zhou2,content_single_char_fallback,1462,common-standard-level-1+pinyin-data,docs/pinyin-v2/import/single_char_dictionary.tsv
轻,qing,qing1,content_single_char_fallback,1463,common-standard-level-1+pinyin-data,docs/pinyin-v2/import/single_char_dictionary.tsv
鸦,ya,ya1,content_single_char_fallback,1464,common-standard-level-1+pinyin-data,docs/pinyin-v2/import/single_char_dictionary.tsv
皆,jie,jie1,content_single_char_fallback,1465,common-standard-level-1+pinyin-data,docs/pinyin-v2/import/single_char_dictionary.tsv
韭,jiu,jiu3,content_single_char_fallback,1466,common-standard-level-1+pinyin-data,docs/pinyin-v2/import/single_char_dictionary.tsv
背,bei,bei4,content_single_char_fallback,1467,common-standard-level-1+pinyin-data,docs/pinyin-v2/import/single_char_dictionary.tsv
战,zhan,zhan4,content_single_char_fallback,1468,common-standard-level-1+pinyin-data,docs/pinyin-v2/import/single_char_dictionary.tsv
点,dian,dian3,function_single_char,1469,common-standard-level-1+pinyin-data,docs/pinyin-v2/import/single_char_dictionary.tsv
虐,nve,nve4,content_single_char_fallback,1470,common-standard-level-1+pinyin-data,docs/pinyin-v2/import/single_char_dictionary.tsv
临,lin,lin2,content_single_char_fallback,1471,common-standard-level-1+pinyin-data,docs/pinyin-v2/import/single_char_dictionary.tsv
览,lan,lan3,content_single_char_fallback,1472,common-standard-level-1+pinyin-data,docs/pinyin-v2/import/single_char_dictionary.tsv
竖,shu,shu4,content_single_char_fallback,1473,common-standard-level-1+pinyin-data,docs/pinyin-v2/import/single_char_dictionary.tsv
省,sheng,sheng3,place_direction_single_char,1474,common-standard-level-1+pinyin-data,docs/pinyin-v2/import/single_char_dictionary.tsv
削,xue,xue1,content_single_char_fallback,1475,common-standard-level-1+pinyin-data,docs/pinyin-v2/import/single_char_dictionary.tsv
尝,chang,chang2,content_single_char_fallback,1476,common-standard-level-1+pinyin-data,docs/pinyin-v2/import/single_char_dictionary.tsv
昧,mei,mei4,content_single_char_fallback,1477,common-standard-level-1+pinyin-data,docs/pinyin-v2/import/single_char_dictionary.tsv
盹,dun,dun3,content_single_char_fallback,1478,common-standard-level-1+pinyin-data,docs/pinyin-v2/import/single_char_dictionary.tsv
是,shi,shi4,function_single_char,1479,common-standard-level-1+pinyin-data,docs/pinyin-v2/import/single_char_dictionary.tsv
盼,pan,pan4,content_single_char_fallback,1480,common-standard-level-1+pinyin-data,docs/pinyin-v2/import/single_char_dictionary.tsv
眨,zha,zha3,content_single_char_fallback,1481,common-standard-level-1+pinyin-data,docs/pinyin-v2/import/single_char_dictionary.tsv
哇,wa,wa,content_single_char_fallback,1482,common-standard-level-1+pinyin-data,docs/pinyin-v2/import/single_char_dictionary.tsv
哄,hong,hong3,content_single_char_fallback,1483,common-standard-level-1+pinyin-data,docs/pinyin-v2/import/single_char_dictionary.tsv
哑,ya,ya3,content_single_char_fallback,1484,common-standard-level-1+pinyin-data,docs/pinyin-v2/import/single_char_dictionary.tsv
显,xian,xian3,content_single_char_fallback,1485,common-standard-level-1+pinyin-data,docs/pinyin-v2/import/single_char_dictionary.tsv
冒,mao,mao4,content_single_char_fallback,1486,common-standard-level-1+pinyin-data,docs/pinyin-v2/import/single_char_dictionary.tsv
映,ying,ying4,content_single_char_fallback,1487,common-standard-level-1+pinyin-data,docs/pinyin-v2/import/single_char_dictionary.tsv
星,xing,xing1,content_single_char_fallback,1488,common-standard-level-1+pinyin-data,docs/pinyin-v2/import/single_char_dictionary.tsv
昨,zuo,zuo2,time_single_char,1489,common-standard-level-1+pinyin-data,docs/pinyin-v2/import/single_char_dictionary.tsv
咧,lie,lie3,content_single_char_fallback,1490,common-standard-level-1+pinyin-data,docs/pinyin-v2/import/single_char_dictionary.tsv
昭,zhao,zhao1,content_single_char_fallback,1491,common-standard-level-1+pinyin-data,docs/pinyin-v2/import/single_char_dictionary.tsv
畏,wei,wei4,content_single_char_fallback,1492,common-standard-level-1+pinyin-data,docs/pinyin-v2/import/single_char_dictionary.tsv
趴,pa,pa1,content_single_char_fallback,1493,common-standard-level-1+pinyin-data,docs/pinyin-v2/import/single_char_dictionary.tsv
胃,wei,wei4,content_single_char_fallback,1494,common-standard-level-1+pinyin-data,docs/pinyin-v2/import/single_char_dictionary.tsv
贵,gui,gui4,content_single_char_fallback,1495,common-standard-level-1+pinyin-data,docs/pinyin-v2/import/single_char_dictionary.tsv
界,jie,jie4,content_single_char_fallback,1496,common-standard-level-1+pinyin-data,docs/pinyin-v2/import/single_char_dictionary.tsv
虹,hong,hong2,content_single_char_fallback,1497,common-standard-level-1+pinyin-data,docs/pinyin-v2/import/single_char_dictionary.tsv
虾,xia,xia1,content_single_char_fallback,1498,common-standard-level-1+pinyin-data,docs/pinyin-v2/import/single_char_dictionary.tsv
蚁,yi,yi3,content_single_char_fallback,1499,common-standard-level-1+pinyin-data,docs/pinyin-v2/import/single_char_dictionary.tsv
思,si,si1,content_single_char_fallback,1500,common-standard-level-1+pinyin-data,docs/pinyin-v2/import/single_char_dictionary.tsv
蚂,ma,ma3,content_single_char_fallback,1501,common-standard-level-1+pinyin-data,docs/pinyin-v2/import/single_char_dictionary.tsv
虽,sui,sui1,function_single_char,1502,common-standard-level-1+pinyin-data,docs/pinyin-v2/import/single_char_dictionary.tsv
品,pin,pin3,content_single_char_fallback,1503,common-standard-level-1+pinyin-data,docs/pinyin-v2/import/single_char_dictionary.tsv
咽,yan,yan4,content_single_char_fallback,1504,common-standard-level-1+pinyin-data,docs/pinyin-v2/import/single_char_dictionary.tsv
骂,ma,ma4,content_single_char_fallback,1505,common-standard-level-1+pinyin-data,docs/pinyin-v2/import/single_char_dictionary.tsv
勋,xun,xun1,content_single_char_fallback,1506,common-standard-level-1+pinyin-data,docs/pinyin-v2/import/single_char_dictionary.tsv
哗,hua,hua1,content_single_char_fallback,1507,common-standard-level-1+pinyin-data,docs/pinyin-v2/import/single_char_dictionary.tsv
咱,zan,zan2,content_single_char_fallback,1508,common-standard-level-1+pinyin-data,docs/pinyin-v2/import/single_char_dictionary.tsv
响,xiang,xiang3,content_single_char_fallback,1509,common-standard-level-1+pinyin-data,docs/pinyin-v2/import/single_char_dictionary.tsv
哈,ha,ha1,content_single_char_fallback,1510,common-standard-level-1+pinyin-data,docs/pinyin-v2/import/single_char_dictionary.tsv
哆,duo,duo1,content_single_char_fallback,1511,common-standard-level-1+pinyin-data,docs/pinyin-v2/import/single_char_dictionary.tsv
咬,yao,yao3,content_single_char_fallback,1512,common-standard-level-1+pinyin-data,docs/pinyin-v2/import/single_char_dictionary.tsv
咳,ke,ke2,content_single_char_fallback,1513,common-standard-level-1+pinyin-data,docs/pinyin-v2/import/single_char_dictionary.tsv
咪,mi,mi1,content_single_char_fallback,1514,common-standard-level-1+pinyin-data,docs/pinyin-v2/import/single_char_dictionary.tsv
哪,na,na3,function_single_char,1515,common-standard-level-1+pinyin-data,docs/pinyin-v2/import/single_char_dictionary.tsv
哟,yo,yo1,content_single_char_fallback,1516,common-standard-level-1+pinyin-data,docs/pinyin-v2/import/single_char_dictionary.tsv
炭,tan,tan4,content_single_char_fallback,1517,common-standard-level-1+pinyin-data,docs/pinyin-v2/import/single_char_dictionary.tsv
峡,xia,xia2,content_single_char_fallback,1518,common-standard-level-1+pinyin-data,docs/pinyin-v2/import/single_char_dictionary.tsv
罚,fa,fa2,content_single_char_fallback,1519,common-standard-level-1+pinyin-data,docs/pinyin-v2/import/single_char_dictionary.tsv
贱,jian,jian4,content_single_char_fallback,1520,common-standard-level-1+pinyin-data,docs/pinyin-v2/import/single_char_dictionary.tsv
贴,tie,tie1,content_single_char_fallback,1521,common-standard-level-1+pinyin-data,docs/pinyin-v2/import/single_char_dictionary.tsv
贻,yi,yi2,content_single_char_fallback,1522,common-standard-level-1+pinyin-data,docs/pinyin-v2/import/single_char_dictionary.tsv
骨,gu,gu3,content_single_char_fallback,1523,common-standard-level-1+pinyin-data,docs/pinyin-v2/import/single_char_dictionary.tsv
幽,you,you1,content_single_char_fallback,1524,common-standard-level-1+pinyin-data,docs/pinyin-v2/import/single_char_dictionary.tsv
钙,gai,gai4,content_single_char_fallback,1525,common-standard-level-1+pinyin-data,docs/pinyin-v2/import/single_char_dictionary.tsv
钝,dun,dun4,content_single_char_fallback,1526,common-standard-level-1+pinyin-data,docs/pinyin-v2/import/single_char_dictionary.tsv
钞,chao,chao1,content_single_char_fallback,1527,common-standard-level-1+pinyin-data,docs/pinyin-v2/import/single_char_dictionary.tsv
钟,zhong,zhong1,content_single_char_fallback,1528,common-standard-level-1+pinyin-data,docs/pinyin-v2/import/single_char_dictionary.tsv
钢,gang,gang1,content_single_char_fallback,1529,common-standard-level-1+pinyin-data,docs/pinyin-v2/import/single_char_dictionary.tsv
钠,na,na4,content_single_char_fallback,1530,common-standard-level-1+pinyin-data,docs/pinyin-v2/import/single_char_dictionary.tsv
钥,yao,yao4,content_single_char_fallback,1531,common-standard-level-1+pinyin-data,docs/pinyin-v2/import/single_char_dictionary.tsv
钦,qin,qin1,content_single_char_fallback,1532,common-standard-level-1+pinyin-data,docs/pinyin-v2/import/single_char_dictionary.tsv
钧,jun,jun1,content_single_char_fallback,1533,common-standard-level-1+pinyin-data,docs/pinyin-v2/import/single_char_dictionary.tsv
钩,gou,gou1,content_single_char_fallback,1534,common-standard-level-1+pinyin-data,docs/pinyin-v2/import/single_char_dictionary.tsv
钮,niu,niu3,content_single_char_fallback,1535,common-standard-level-1+pinyin-data,docs/pinyin-v2/import/single_char_dictionary.tsv
卸,xie,xie4,content_single_char_fallback,1536,common-standard-level-1+pinyin-data,docs/pinyin-v2/import/single_char_dictionary.tsv
缸,gang,gang1,content_single_char_fallback,1537,common-standard-level-1+pinyin-data,docs/pinyin-v2/import/single_char_dictionary.tsv
拜,bai,bai4,content_single_char_fallback,1538,common-standard-level-1+pinyin-data,docs/pinyin-v2/import/single_char_dictionary.tsv
看,kan,kan4,function_single_char,1539,common-standard-level-1+pinyin-data,docs/pinyin-v2/import/single_char_dictionary.tsv
矩,ju,ju3,content_single_char_fallback,1540,common-standard-level-1+pinyin-data,docs/pinyin-v2/import/single_char_dictionary.tsv
毡,zhan,zhan1,content_single_char_fallback,1541,common-standard-level-1+pinyin-data,docs/pinyin-v2/import/single_char_dictionary.tsv
氢,qing,qing1,content_single_char_fallback,1542,common-standard-level-1+pinyin-data,docs/pinyin-v2/import/single_char_dictionary.tsv
怎,zen,zen3,content_single_char_fallback,1543,common-standard-level-1+pinyin-data,docs/pinyin-v2/import/single_char_dictionary.tsv
牲,sheng,sheng1,content_single_char_fallback,1544,common-standard-level-1+pinyin-data,docs/pinyin-v2/import/single_char_dictionary.tsv
选,xuan,xuan3,content_single_char_fallback,1545,common-standard-level-1+pinyin-data,docs/pinyin-v2/import/single_char_dictionary.tsv
适,shi,shi4,content_single_char_fallback,1546,common-standard-level-1+pinyin-data,docs/pinyin-v2/import/single_char_dictionary.tsv
秒,miao,miao3,time_single_char,1547,common-standard-level-1+pinyin-data,docs/pinyin-v2/import/single_char_dictionary.tsv
香,xiang,xiang1,content_single_char_fallback,1548,common-standard-level-1+pinyin-data,docs/pinyin-v2/import/single_char_dictionary.tsv
种,zhong,zhong3,content_single_char_fallback,1549,common-standard-level-1+pinyin-data,docs/pinyin-v2/import/single_char_dictionary.tsv
秋,qiu,qiu1,content_single_char_fallback,1550,common-standard-level-1+pinyin-data,docs/pinyin-v2/import/single_char_dictionary.tsv
科,ke,ke1,service_content_single_char,1551,common-standard-level-1+pinyin-data,docs/pinyin-v2/import/single_char_dictionary.tsv
重,zhong,zhong4,content_single_char_fallback,1552,common-standard-level-1+pinyin-data,docs/pinyin-v2/import/single_char_dictionary.tsv
复,fu,fu4,content_single_char_fallback,1553,common-standard-level-1+pinyin-data,docs/pinyin-v2/import/single_char_dictionary.tsv
竿,gan,gan1,content_single_char_fallback,1554,common-standard-level-1+pinyin-data,docs/pinyin-v2/import/single_char_dictionary.tsv
段,duan,duan4,content_single_char_fallback,1555,common-standard-level-1+pinyin-data,docs/pinyin-v2/import/single_char_dictionary.tsv
便,bian,bian4,content_single_char_fallback,1556,common-standard-level-1+pinyin-data,docs/pinyin-v2/import/single_char_dictionary.tsv
俩,lia,lia3,content_single_char_fallback,1557,common-standard-level-1+pinyin-data,docs/pinyin-v2/import/single_char_dictionary.tsv
贷,dai,dai4,content_single_char_fallback,1558,common-standard-level-1+pinyin-data,docs/pinyin-v2/import/single_char_dictionary.tsv
顺,shun,shun4,content_single_char_fallback,1559,common-standard-level-1+pinyin-data,docs/pinyin-v2/import/single_char_dictionary.tsv
修,xiu,xiu1,content_single_char_fallback,1560,common-standard-level-1+pinyin-data,docs/pinyin-v2/import/single_char_dictionary.tsv
俏,qiao,qiao4,content_single_char_fallback,1561,common-standard-level-1+pinyin-data,docs/pinyin-v2/import/single_char_dictionary.tsv
保,bao,bao3,service_content_single_char,1562,common-standard-level-1+pinyin-data,docs/pinyin-v2/import/single_char_dictionary.tsv
促,cu,cu4,content_single_char_fallback,1563,common-standard-level-1+pinyin-data,docs/pinyin-v2/import/single_char_dictionary.tsv
俄,e,e2,content_single_char_fallback,1564,common-standard-level-1+pinyin-data,docs/pinyin-v2/import/single_char_dictionary.tsv
俐,li,li4,content_single_char_fallback,1565,common-standard-level-1+pinyin-data,docs/pinyin-v2/import/single_char_dictionary.tsv
侮,wu,wu3,content_single_char_fallback,1566,common-standard-level-1+pinyin-data,docs/pinyin-v2/import/single_char_dictionary.tsv
俭,jian,jian3,content_single_char_fallback,1567,common-standard-level-1+pinyin-data,docs/pinyin-v2/import/single_char_dictionary.tsv
俗,su,su2,content_single_char_fallback,1568,common-standard-level-1+pinyin-data,docs/pinyin-v2/import/single_char_dictionary.tsv
俘,fu,fu2,content_single_char_fallback,1569,common-standard-level-1+pinyin-data,docs/pinyin-v2/import/single_char_dictionary.tsv
信,xin,xin4,content_single_char_fallback,1570,common-standard-level-1+pinyin-data,docs/pinyin-v2/import/single_char_dictionary.tsv
皇,huang,huang2,content_single_char_fallback,1571,common-standard-level-1+pinyin-data,docs/pinyin-v2/import/single_char_dictionary.tsv
泉,quan,quan2,content_single_char_fallback,1572,common-standard-level-1+pinyin-data,docs/pinyin-v2/import/single_char_dictionary.tsv
鬼,gui,gui3,content_single_char_fallback,1573,common-standard-level-1+pinyin-data,docs/pinyin-v2/import/single_char_dictionary.tsv
侵,qin,qin1,content_single_char_fallback,1574,common-standard-level-1+pinyin-data,docs/pinyin-v2/import/single_char_dictionary.tsv
禹,yu,yu3,content_single_char_fallback,1575,common-standard-level-1+pinyin-data,docs/pinyin-v2/import/single_char_dictionary.tsv
侯,hou,hou2,content_single_char_fallback,1576,common-standard-level-1+pinyin-data,docs/pinyin-v2/import/single_char_dictionary.tsv
追,zhui,zhui1,content_single_char_fallback,1577,common-standard-level-1+pinyin-data,docs/pinyin-v2/import/single_char_dictionary.tsv
俊,jun,jun4,content_single_char_fallback,1578,common-standard-level-1+pinyin-data,docs/pinyin-v2/import/single_char_dictionary.tsv
盾,dun,dun4,content_single_char_fallback,1579,common-standard-level-1+pinyin-data,docs/pinyin-v2/import/single_char_dictionary.tsv
待,dai,dai4,content_single_char_fallback,1580,common-standard-level-1+pinyin-data,docs/pinyin-v2/import/single_char_dictionary.tsv
徊,huai,huai2,content_single_char_fallback,1581,common-standard-level-1+pinyin-data,docs/pinyin-v2/import/single_char_dictionary.tsv
衍,yan,yan3,content_single_char_fallback,1582,common-standard-level-1+pinyin-data,docs/pinyin-v2/import/single_char_dictionary.tsv
律,lv,lv4,content_single_char_fallback,1583,common-standard-level-1+pinyin-data,docs/pinyin-v2/import/single_char_dictionary.tsv
很,hen,hen3,function_single_char,1584,common-standard-level-1+pinyin-data,docs/pinyin-v2/import/single_char_dictionary.tsv
须,xu,xu1,content_single_char_fallback,1585,common-standard-level-1+pinyin-data,docs/pinyin-v2/import/single_char_dictionary.tsv
叙,xu,xu4,content_single_char_fallback,1586,common-standard-level-1+pinyin-data,docs/pinyin-v2/import/single_char_dictionary.tsv
剑,jian,jian4,content_single_char_fallback,1587,common-standard-level-1+pinyin-data,docs/pinyin-v2/import/single_char_dictionary.tsv
逃,tao,tao2,content_single_char_fallback,1588,common-standard-level-1+pinyin-data,docs/pinyin-v2/import/single_char_dictionary.tsv
食,shi,shi2,content_single_char_fallback,1589,common-standard-level-1+pinyin-data,docs/pinyin-v2/import/single_char_dictionary.tsv
盆,pen,pen2,content_single_char_fallback,1590,common-standard-level-1+pinyin-data,docs/pinyin-v2/import/single_char_dictionary.tsv
胚,pei,pei1,content_single_char_fallback,1591,common-standard-level-1+pinyin-data,docs/pinyin-v2/import/single_char_dictionary.tsv
胧,long,long2,content_single_char_fallback,1592,common-standard-level-1+pinyin-data,docs/pinyin-v2/import/single_char_dictionary.tsv
胆,dan,dan3,content_single_char_fallback,1593,common-standard-level-1+pinyin-data,docs/pinyin-v2/import/single_char_dictionary.tsv
胜,sheng,sheng4,content_single_char_fallback,1594,common-standard-level-1+pinyin-data,docs/pinyin-v2/import/single_char_dictionary.tsv
胞,bao,bao1,content_single_char_fallback,1595,common-standard-level-1+pinyin-data,docs/pinyin-v2/import/single_char_dictionary.tsv
胖,pang,pang4,content_single_char_fallback,1596,common-standard-level-1+pinyin-data,docs/pinyin-v2/import/single_char_dictionary.tsv
脉,mai,mai4,content_single_char_fallback,1597,common-standard-level-1+pinyin-data,docs/pinyin-v2/import/single_char_dictionary.tsv
胎,tai,tai1,content_single_char_fallback,1598,common-standard-level-1+pinyin-data,docs/pinyin-v2/import/single_char_dictionary.tsv
勉,mian,mian3,content_single_char_fallback,1599,common-standard-level-1+pinyin-data,docs/pinyin-v2/import/single_char_dictionary.tsv
狭,xia,xia2,content_single_char_fallback,1600,common-standard-level-1+pinyin-data,docs/pinyin-v2/import/single_char_dictionary.tsv
狮,shi,shi1,content_single_char_fallback,1601,common-standard-level-1+pinyin-data,docs/pinyin-v2/import/single_char_dictionary.tsv
独,du,du2,content_single_char_fallback,1602,common-standard-level-1+pinyin-data,docs/pinyin-v2/import/single_char_dictionary.tsv
狰,zheng,zheng1,content_single_char_fallback,1603,common-standard-level-1+pinyin-data,docs/pinyin-v2/import/single_char_dictionary.tsv
狡,jiao,jiao3,content_single_char_fallback,1604,common-standard-level-1+pinyin-data,docs/pinyin-v2/import/single_char_dictionary.tsv
狱,yu,yu4,content_single_char_fallback,1605,common-standard-level-1+pinyin-data,docs/pinyin-v2/import/single_char_dictionary.tsv
狠,hen,hen3,content_single_char_fallback,1606,common-standard-level-1+pinyin-data,docs/pinyin-v2/import/single_char_dictionary.tsv
贸,mao,mao4,content_single_char_fallback,1607,common-standard-level-1+pinyin-data,docs/pinyin-v2/import/single_char_dictionary.tsv
怨,yuan,yuan4,content_single_char_fallback,1608,common-standard-level-1+pinyin-data,docs/pinyin-v2/import/single_char_dictionary.tsv
急,ji,ji2,content_single_char_fallback,1609,common-standard-level-1+pinyin-data,docs/pinyin-v2/import/single_char_dictionary.tsv
饵,er,er3,content_single_char_fallback,1610,common-standard-level-1+pinyin-data,docs/pinyin-v2/import/single_char_dictionary.tsv
饶,rao,rao2,content_single_char_fallback,1611,common-standard-level-1+pinyin-data,docs/pinyin-v2/import/single_char_dictionary.tsv
蚀,shi,shi2,content_single_char_fallback,1612,common-standard-level-1+pinyin-data,docs/pinyin-v2/import/single_char_dictionary.tsv
饺,jiao,jiao3,content_single_char_fallback,1613,common-standard-level-1+pinyin-data,docs/pinyin-v2/import/single_char_dictionary.tsv
饼,bing,bing3,content_single_char_fallback,1614,common-standard-level-1+pinyin-data,docs/pinyin-v2/import/single_char_dictionary.tsv
峦,luan,luan2,content_single_char_fallback,1615,common-standard-level-1+pinyin-data,docs/pinyin-v2/import/single_char_dictionary.tsv
弯,wan,wan1,content_single_char_fallback,1616,common-standard-level-1+pinyin-data,docs/pinyin-v2/import/single_char_dictionary.tsv
将,jiang,jiang1,function_single_char,1617,common-standard-level-1+pinyin-data,docs/pinyin-v2/import/single_char_dictionary.tsv
奖,jiang,jiang3,content_single_char_fallback,1618,common-standard-level-1+pinyin-data,docs/pinyin-v2/import/single_char_dictionary.tsv
哀,ai,ai1,content_single_char_fallback,1619,common-standard-level-1+pinyin-data,docs/pinyin-v2/import/single_char_dictionary.tsv
亭,ting,ting2,content_single_char_fallback,1620,common-standard-level-1+pinyin-data,docs/pinyin-v2/import/single_char_dictionary.tsv
亮,liang,liang4,content_single_char_fallback,1621,common-standard-level-1+pinyin-data,docs/pinyin-v2/import/single_char_dictionary.tsv
度,du,du4,content_single_char_fallback,1622,common-standard-level-1+pinyin-data,docs/pinyin-v2/import/single_char_dictionary.tsv
迹,ji,ji4,content_single_char_fallback,1623,common-standard-level-1+pinyin-data,docs/pinyin-v2/import/single_char_dictionary.tsv
庭,ting,ting2,content_single_char_fallback,1624,common-standard-level-1+pinyin-data,docs/pinyin-v2/import/single_char_dictionary.tsv
疮,chuang,chuang1,content_single_char_fallback,1625,common-standard-level-1+pinyin-data,docs/pinyin-v2/import/single_char_dictionary.tsv
疯,feng,feng1,content_single_char_fallback,1626,common-standard-level-1+pinyin-data,docs/pinyin-v2/import/single_char_dictionary.tsv
疫,yi,yi4,content_single_char_fallback,1627,common-standard-level-1+pinyin-data,docs/pinyin-v2/import/single_char_dictionary.tsv
疤,ba,ba1,content_single_char_fallback,1628,common-standard-level-1+pinyin-data,docs/pinyin-v2/import/single_char_dictionary.tsv
咨,zi,zi1,content_single_char_fallback,1629,common-standard-level-1+pinyin-data,docs/pinyin-v2/import/single_char_dictionary.tsv
姿,zi,zi1,content_single_char_fallback,1630,common-standard-level-1+pinyin-data,docs/pinyin-v2/import/single_char_dictionary.tsv
亲,qin,qin1,content_single_char_fallback,1631,common-standard-level-1+pinyin-data,docs/pinyin-v2/import/single_char_dictionary.tsv
音,yin,yin1,content_single_char_fallback,1632,common-standard-level-1+pinyin-data,docs/pinyin-v2/import/single_char_dictionary.tsv
帝,di,di4,content_single_char_fallback,1633,common-standard-level-1+pinyin-data,docs/pinyin-v2/import/single_char_dictionary.tsv
施,shi,shi1,content_single_char_fallback,1634,common-standard-level-1+pinyin-data,docs/pinyin-v2/import/single_char_dictionary.tsv
闺,gui,gui1,content_single_char_fallback,1635,common-standard-level-1+pinyin-data,docs/pinyin-v2/import/single_char_dictionary.tsv
闻,wen,wen2,content_single_char_fallback,1636,common-standard-level-1+pinyin-data,docs/pinyin-v2/import/single_char_dictionary.tsv
闽,min,min3,content_single_char_fallback,1637,common-standard-level-1+pinyin-data,docs/pinyin-v2/import/single_char_dictionary.tsv
阀,fa,fa2,content_single_char_fallback,1638,common-standard-level-1+pinyin-data,docs/pinyin-v2/import/single_char_dictionary.tsv
阁,ge,ge2,content_single_char_fallback,1639,common-standard-level-1+pinyin-data,docs/pinyin-v2/import/single_char_dictionary.tsv
差,cha,cha4,content_single_char_fallback,1640,common-standard-level-1+pinyin-data,docs/pinyin-v2/import/single_char_dictionary.tsv
养,yang,yang3,content_single_char_fallback,1641,common-standard-level-1+pinyin-data,docs/pinyin-v2/import/single_char_dictionary.tsv
美,mei,mei3,content_single_char_fallback,1642,common-standard-level-1+pinyin-data,docs/pinyin-v2/import/single_char_dictionary.tsv
姜,jiang,jiang1,content_single_char_fallback,1643,common-standard-level-1+pinyin-data,docs/pinyin-v2/import/single_char_dictionary.tsv
叛,pan,pan4,content_single_char_fallback,1644,common-standard-level-1+pinyin-data,docs/pinyin-v2/import/single_char_dictionary.tsv
送,song,song4,content_single_char_fallback,1645,common-standard-level-1+pinyin-data,docs/pinyin-v2/import/single_char_dictionary.tsv
类,lei,lei4,content_single_char_fallback,1646,common-standard-level-1+pinyin-data,docs/pinyin-v2/import/single_char_dictionary.tsv
迷,mi,mi2,content_single_char_fallback,1647,common-standard-level-1+pinyin-data,docs/pinyin-v2/import/single_char_dictionary.tsv
籽,zi,zi3,content_single_char_fallback,1648,common-standard-level-1+pinyin-data,docs/pinyin-v2/import/single_char_dictionary.tsv
娄,lou,lou2,content_single_char_fallback,1649,common-standard-level-1+pinyin-data,docs/pinyin-v2/import/single_char_dictionary.tsv
前,qian,qian2,time_single_char,1650,common-standard-level-1+pinyin-data,docs/pinyin-v2/import/single_char_dictionary.tsv
首,shou,shou3,content_single_char_fallback,1651,common-standard-level-1+pinyin-data,docs/pinyin-v2/import/single_char_dictionary.tsv
逆,ni,ni4,content_single_char_fallback,1652,common-standard-level-1+pinyin-data,docs/pinyin-v2/import/single_char_dictionary.tsv
兹,zi,zi1,content_single_char_fallback,1653,common-standard-level-1+pinyin-data,docs/pinyin-v2/import/single_char_dictionary.tsv
总,zong,zong3,content_single_char_fallback,1654,common-standard-level-1+pinyin-data,docs/pinyin-v2/import/single_char_dictionary.tsv
炼,lian,lian4,content_single_char_fallback,1655,common-standard-level-1+pinyin-data,docs/pinyin-v2/import/single_char_dictionary.tsv
炸,zha,zha4,content_single_char_fallback,1656,common-standard-level-1+pinyin-data,docs/pinyin-v2/import/single_char_dictionary.tsv
烁,shuo,shuo4,content_single_char_fallback,1657,common-standard-level-1+pinyin-data,docs/pinyin-v2/import/single_char_dictionary.tsv
炮,pao,pao4,content_single_char_fallback,1658,common-standard-level-1+pinyin-data,docs/pinyin-v2/import/single_char_dictionary.tsv
炫,xuan,xuan4,content_single_char_fallback,1659,common-standard-level-1+pinyin-data,docs/pinyin-v2/import/single_char_dictionary.tsv
烂,lan,lan4,content_single_char_fallback,1660,common-standard-level-1+pinyin-data,docs/pinyin-v2/import/single_char_dictionary.tsv
剃,ti,ti4,content_single_char_fallback,1661,common-standard-level-1+pinyin-data,docs/pinyin-v2/import/single_char_dictionary.tsv
洼,wa,wa1,content_single_char_fallback,1662,common-standard-level-1+pinyin-data,docs/pinyin-v2/import/single_char_dictionary.tsv
洁,jie,jie2,content_single_char_fallback,1663,common-standard-level-1+pinyin-data,docs/pinyin-v2/import/single_char_dictionary.tsv
洪,hong,hong2,content_single_char_fallback,1664,common-standard-level-1+pinyin-data,docs/pinyin-v2/import/single_char_dictionary.tsv
洒,sa,sa3,content_single_char_fallback,1665,common-standard-level-1+pinyin-data,docs/pinyin-v2/import/single_char_dictionary.tsv
柒,qi,qi1,content_single_char_fallback,1666,common-standard-level-1+pinyin-data,docs/pinyin-v2/import/single_char_dictionary.tsv
浇,jiao,jiao1,content_single_char_fallback,1667,common-standard-level-1+pinyin-data,docs/pinyin-v2/import/single_char_dictionary.tsv
浊,zhuo,zhuo2,content_single_char_fallback,1668,common-standard-level-1+pinyin-data,docs/pinyin-v2/import/single_char_dictionary.tsv
洞,dong,dong4,content_single_char_fallback,1669,common-standard-level-1+pinyin-data,docs/pinyin-v2/import/single_char_dictionary.tsv
测,ce,ce4,content_single_char_fallback,1670,common-standard-level-1+pinyin-data,docs/pinyin-v2/import/single_char_dictionary.tsv
洗,xi,xi3,content_single_char_fallback,1671,common-standard-level-1+pinyin-data,docs/pinyin-v2/import/single_char_dictionary.tsv
活,huo,huo2,content_single_char_fallback,1672,common-standard-level-1+pinyin-data,docs/pinyin-v2/import/single_char_dictionary.tsv
派,pai,pai4,content_single_char_fallback,1673,common-standard-level-1+pinyin-data,docs/pinyin-v2/import/single_char_dictionary.tsv
洽,qia,qia4,content_single_char_fallback,1674,common-standard-level-1+pinyin-data,docs/pinyin-v2/import/single_char_dictionary.tsv
染,ran,ran3,content_single_char_fallback,1675,common-standard-level-1+pinyin-data,docs/pinyin-v2/import/single_char_dictionary.tsv
洛,luo,luo4,content_single_char_fallback,1676,common-standard-level-1+pinyin-data,docs/pinyin-v2/import/single_char_dictionary.tsv
浏,liu,liu2,content_single_char_fallback,1677,common-standard-level-1+pinyin-data,docs/pinyin-v2/import/single_char_dictionary.tsv
济,ji,ji4,content_single_char_fallback,1678,common-standard-level-1+pinyin-data,docs/pinyin-v2/import/single_char_dictionary.tsv
洋,yang,yang2,content_single_char_fallback,1679,common-standard-level-1+pinyin-data,docs/pinyin-v2/import/single_char_dictionary.tsv
洲,zhou,zhou1,content_single_char_fallback,1680,common-standard-level-1+pinyin-data,docs/pinyin-v2/import/single_char_dictionary.tsv
浑,hun,hun2,content_single_char_fallback,1681,common-standard-level-1+pinyin-data,docs/pinyin-v2/import/single_char_dictionary.tsv
浓,nong,nong2,content_single_char_fallback,1682,common-standard-level-1+pinyin-data,docs/pinyin-v2/import/single_char_dictionary.tsv
津,jin,jin1,content_single_char_fallback,1683,common-standard-level-1+pinyin-data,docs/pinyin-v2/import/single_char_dictionary.tsv
恃,shi,shi4,content_single_char_fallback,1684,common-standard-level-1+pinyin-data,docs/pinyin-v2/import/single_char_dictionary.tsv
恒,heng,heng2,content_single_char_fallback,1685,common-standard-level-1+pinyin-data,docs/pinyin-v2/import/single_char_dictionary.tsv
恢,hui,hui1,content_single_char_fallback,1686,common-standard-level-1+pinyin-data,docs/pinyin-v2/import/single_char_dictionary.tsv
恍,huang,huang3,content_single_char_fallback,1687,common-standard-level-1+pinyin-data,docs/pinyin-v2/import/single_char_dictionary.tsv
恬,tian,tian2,content_single_char_fallback,1688,common-standard-level-1+pinyin-data,docs/pinyin-v2/import/single_char_dictionary.tsv
恤,xu,xu4,content_single_char_fallback,1689,common-standard-level-1+pinyin-data,docs/pinyin-v2/import/single_char_dictionary.tsv
恰,qia,qia4,content_single_char_fallback,1690,common-standard-level-1+pinyin-data,docs/pinyin-v2/import/single_char_dictionary.tsv
恼,nao,nao3,content_single_char_fallback,1691,common-standard-level-1+pinyin-data,docs/pinyin-v2/import/single_char_dictionary.tsv
恨,hen,hen4,content_single_char_fallback,1692,common-standard-level-1+pinyin-data,docs/pinyin-v2/import/single_char_dictionary.tsv
举,ju,ju3,content_single_char_fallback,1693,common-standard-level-1+pinyin-data,docs/pinyin-v2/import/single_char_dictionary.tsv
觉,jue,jue2,content_single_char_fallback,1694,common-standard-level-1+pinyin-data,docs/pinyin-v2/import/single_char_dictionary.tsv
宣,xuan,xuan1,content_single_char_fallback,1695,common-standard-level-1+pinyin-data,docs/pinyin-v2/import/single_char_dictionary.tsv
宦,huan,huan4,content_single_char_fallback,1696,common-standard-level-1+pinyin-data,docs/pinyin-v2/import/single_char_dictionary.tsv
室,shi,shi4,place_direction_single_char,1697,common-standard-level-1+pinyin-data,docs/pinyin-v2/import/single_char_dictionary.tsv
宫,gong,gong1,content_single_char_fallback,1698,common-standard-level-1+pinyin-data,docs/pinyin-v2/import/single_char_dictionary.tsv
宪,xian,xian4,content_single_char_fallback,1699,common-standard-level-1+pinyin-data,docs/pinyin-v2/import/single_char_dictionary.tsv
突,tu,tu1,content_single_char_fallback,1700,common-standard-level-1+pinyin-data,docs/pinyin-v2/import/single_char_dictionary.tsv
穿,chuan,chuan1,content_single_char_fallback,1701,common-standard-level-1+pinyin-data,docs/pinyin-v2/import/single_char_dictionary.tsv
窃,qie,qie4,content_single_char_fallback,1702,common-standard-level-1+pinyin-data,docs/pinyin-v2/import/single_char_dictionary.tsv
客,ke,ke4,content_single_char_fallback,1703,common-standard-level-1+pinyin-data,docs/pinyin-v2/import/single_char_dictionary.tsv
诫,jie,jie4,content_single_char_fallback,1704,common-standard-level-1+pinyin-data,docs/pinyin-v2/import/single_char_dictionary.tsv
冠,guan,guan1,content_single_char_fallback,1705,common-standard-level-1+pinyin-data,docs/pinyin-v2/import/single_char_dictionary.tsv
诬,wu,wu1,content_single_char_fallback,1706,common-standard-level-1+pinyin-data,docs/pinyin-v2/import/single_char_dictionary.tsv
语,yu,yu3,content_single_char_fallback,1707,common-standard-level-1+pinyin-data,docs/pinyin-v2/import/single_char_dictionary.tsv
扁,bian,bian3,content_single_char_fallback,1708,common-standard-level-1+pinyin-data,docs/pinyin-v2/import/single_char_dictionary.tsv
袄,ao,ao3,content_single_char_fallback,1709,common-standard-level-1+pinyin-data,docs/pinyin-v2/import/single_char_dictionary.tsv
祖,zu,zu3,content_single_char_fallback,1710,common-standard-level-1+pinyin-data,docs/pinyin-v2/import/single_char_dictionary.tsv
神,shen,shen2,content_single_char_fallback,1711,common-standard-level-1+pinyin-data,docs/pinyin-v2/import/single_char_dictionary.tsv
祝,zhu,zhu4,content_single_char_fallback,1712,common-standard-level-1+pinyin-data,docs/pinyin-v2/import/single_char_dictionary.tsv
祠,ci,ci2,content_single_char_fallback,1713,common-standard-level-1+pinyin-data,docs/pinyin-v2/import/single_char_dictionary.tsv
误,wu,wu4,content_single_char_fallback,1714,common-standard-level-1+pinyin-data,docs/pinyin-v2/import/single_char_dictionary.tsv
诱,you,you4,content_single_char_fallback,1715,common-standard-level-1+pinyin-data,docs/pinyin-v2/import/single_char_dictionary.tsv
诲,hui,hui4,content_single_char_fallback,1716,common-standard-level-1+pinyin-data,docs/pinyin-v2/import/single_char_dictionary.tsv
说,shuo,shuo1,function_single_char,1717,common-standard-level-1+pinyin-data,docs/pinyin-v2/import/single_char_dictionary.tsv
诵,song,song4,content_single_char_fallback,1718,common-standard-level-1+pinyin-data,docs/pinyin-v2/import/single_char_dictionary.tsv
垦,ken,ken3,content_single_char_fallback,1719,common-standard-level-1+pinyin-data,docs/pinyin-v2/import/single_char_dictionary.tsv
退,tui,tui4,content_single_char_fallback,1720,common-standard-level-1+pinyin-data,docs/pinyin-v2/import/single_char_dictionary.tsv
既,ji,ji4,content_single_char_fallback,1721,common-standard-level-1+pinyin-data,docs/pinyin-v2/import/single_char_dictionary.tsv
屋,wu,wu1,content_single_char_fallback,1722,common-standard-level-1+pinyin-data,docs/pinyin-v2/import/single_char_dictionary.tsv
昼,zhou,zhou4,content_single_char_fallback,1723,common-standard-level-1+pinyin-data,docs/pinyin-v2/import/single_char_dictionary.tsv
屏,ping,ping2,content_single_char_fallback,1724,common-standard-level-1+pinyin-data,docs/pinyin-v2/import/single_char_dictionary.tsv
屎,shi,shi3,content_single_char_fallback,1725,common-standard-level-1+pinyin-data,docs/pinyin-v2/import/single_char_dictionary.tsv
费,fei,fei4,service_content_single_char,1726,common-standard-level-1+pinyin-data,docs/pinyin-v2/import/single_char_dictionary.tsv
陡,dou,dou3,content_single_char_fallback,1727,common-standard-level-1+pinyin-data,docs/pinyin-v2/import/single_char_dictionary.tsv
逊,xun,xun4,content_single_char_fallback,1728,common-standard-level-1+pinyin-data,docs/pinyin-v2/import/single_char_dictionary.tsv
眉,mei,mei2,content_single_char_fallback,1729,common-standard-level-1+pinyin-data,docs/pinyin-v2/import/single_char_dictionary.tsv
孩,hai,hai2,content_single_char_fallback,1730,common-standard-level-1+pinyin-data,docs/pinyin-v2/import/single_char_dictionary.tsv
陨,yun,yun3,content_single_char_fallback,1731,common-standard-level-1+pinyin-data,docs/pinyin-v2/import/single_char_dictionary.tsv
除,chu,chu2,content_single_char_fallback,1732,common-standard-level-1+pinyin-data,docs/pinyin-v2/import/single_char_dictionary.tsv
险,xian,xian3,service_content_single_char,1733,common-standard-level-1+pinyin-data,docs/pinyin-v2/import/single_char_dictionary.tsv
院,yuan,yuan4,place_direction_single_char,1734,common-standard-level-1+pinyin-data,docs/pinyin-v2/import/single_char_dictionary.tsv
娃,wa,wa2,content_single_char_fallback,1735,common-standard-level-1+pinyin-data,docs/pinyin-v2/import/single_char_dictionary.tsv
姥,lao,lao3,content_single_char_fallback,1736,common-standard-level-1+pinyin-data,docs/pinyin-v2/import/single_char_dictionary.tsv
姨,yi,yi2,content_single_char_fallback,1737,common-standard-level-1+pinyin-data,docs/pinyin-v2/import/single_char_dictionary.tsv
姻,yin,yin1,content_single_char_fallback,1738,common-standard-level-1+pinyin-data,docs/pinyin-v2/import/single_char_dictionary.tsv
娇,jiao,jiao1,content_single_char_fallback,1739,common-standard-level-1+pinyin-data,docs/pinyin-v2/import/single_char_dictionary.tsv
姚,yao,yao2,content_single_char_fallback,1740,common-standard-level-1+pinyin-data,docs/pinyin-v2/import/single_char_dictionary.tsv
娜,na,na4,content_single_char_fallback,1741,common-standard-level-1+pinyin-data,docs/pinyin-v2/import/single_char_dictionary.tsv
怒,nu,nu4,content_single_char_fallback,1742,common-standard-level-1+pinyin-data,docs/pinyin-v2/import/single_char_dictionary.tsv
架,jia,jia4,content_single_char_fallback,1743,common-standard-level-1+pinyin-data,docs/pinyin-v2/import/single_char_dictionary.tsv
贺,he,he4,content_single_char_fallback,1744,common-standard-level-1+pinyin-data,docs/pinyin-v2/import/single_char_dictionary.tsv
盈,ying,ying2,content_single_char_fallback,1745,common-standard-level-1+pinyin-data,docs/pinyin-v2/import/single_char_dictionary.tsv
勇,yong,yong3,content_single_char_fallback,1746,common-standard-level-1+pinyin-data,docs/pinyin-v2/import/single_char_dictionary.tsv
怠,dai,dai4,content_single_char_fallback,1747,common-standard-level-1+pinyin-data,docs/pinyin-v2/import/single_char_dictionary.tsv
癸,gui,gui3,content_single_char_fallback,1748,common-standard-level-1+pinyin-data,docs/pinyin-v2/import/single_char_dictionary.tsv
蚤,zao,zao3,content_single_char_fallback,1749,common-standard-level-1+pinyin-data,docs/pinyin-v2/import/single_char_dictionary.tsv
柔,rou,rou2,content_single_char_fallback,1750,common-standard-level-1+pinyin-data,docs/pinyin-v2/import/single_char_dictionary.tsv
垒,lei,lei3,content_single_char_fallback,1751,common-standard-level-1+pinyin-data,docs/pinyin-v2/import/single_char_dictionary.tsv
绑,bang,bang3,content_single_char_fallback,1752,common-standard-level-1+pinyin-data,docs/pinyin-v2/import/single_char_dictionary.tsv
绒,rong,rong2,content_single_char_fallback,1753,common-standard-level-1+pinyin-data,docs/pinyin-v2/import/single_char_dictionary.tsv
结,jie,jie2,content_single_char_fallback,1754,common-standard-level-1+pinyin-data,docs/pinyin-v2/import/single_char_dictionary.tsv
绕,rao,rao4,content_single_char_fallback,1755,common-standard-level-1+pinyin-data,docs/pinyin-v2/import/single_char_dictionary.tsv
骄,jiao,jiao1,content_single_char_fallback,1756,common-standard-level-1+pinyin-data,docs/pinyin-v2/import/single_char_dictionary.tsv
绘,hui,hui4,content_single_char_fallback,1757,common-standard-level-1+pinyin-data,docs/pinyin-v2/import/single_char_dictionary.tsv
给,gei,gei3,function_single_char,1758,common-standard-level-1+pinyin-data,docs/pinyin-v2/import/single_char_dictionary.tsv
绚,xuan,xuan4,content_single_char_fallback,1759,common-standard-level-1+pinyin-data,docs/pinyin-v2/import/single_char_dictionary.tsv
骆,luo,luo4,content_single_char_fallback,1760,common-standard-level-1+pinyin-data,docs/pinyin-v2/import/single_char_dictionary.tsv
络,luo,luo4,content_single_char_fallback,1761,common-standard-level-1+pinyin-data,docs/pinyin-v2/import/single_char_dictionary.tsv
绝,jue,jue2,content_single_char_fallback,1762,common-standard-level-1+pinyin-data,docs/pinyin-v2/import/single_char_dictionary.tsv
绞,jiao,jiao3,content_single_char_fallback,1763,common-standard-level-1+pinyin-data,docs/pinyin-v2/import/single_char_dictionary.tsv
骇,hai,hai4,content_single_char_fallback,1764,common-standard-level-1+pinyin-data,docs/pinyin-v2/import/single_char_dictionary.tsv
统,tong,tong3,content_single_char_fallback,1765,common-standard-level-1+pinyin-data,docs/pinyin-v2/import/single_char_dictionary.tsv
耕,geng,geng1,content_single_char_fallback,1766,common-standard-level-1+pinyin-data,docs/pinyin-v2/import/single_char_dictionary.tsv
耘,yun,yun2,content_single_char_fallback,1767,common-standard-level-1+pinyin-data,docs/pinyin-v2/import/single_char_dictionary.tsv
耗,hao,hao4,content_single_char_fallback,1768,common-standard-level-1+pinyin-data,docs/pinyin-v2/import/single_char_dictionary.tsv
耙,ba,ba4,content_single_char_fallback,1769,common-standard-level-1+pinyin-data,docs/pinyin-v2/import/single_char_dictionary.tsv
艳,yan,yan4,content_single_char_fallback,1770,common-standard-level-1+pinyin-data,docs/pinyin-v2/import/single_char_dictionary.tsv
泰,tai,tai4,content_single_char_fallback,1771,common-standard-level-1+pinyin-data,docs/pinyin-v2/import/single_char_dictionary.tsv
秦,qin,qin2,content_single_char_fallback,1772,common-standard-level-1+pinyin-data,docs/pinyin-v2/import/single_char_dictionary.tsv
珠,zhu,zhu1,content_single_char_fallback,1773,common-standard-level-1+pinyin-data,docs/pinyin-v2/import/single_char_dictionary.tsv
班,ban,ban1,measure_single_char,1774,common-standard-level-1+pinyin-data,docs/pinyin-v2/import/single_char_dictionary.tsv
素,su,su4,content_single_char_fallback,1775,common-standard-level-1+pinyin-data,docs/pinyin-v2/import/single_char_dictionary.tsv
匿,ni,ni4,content_single_char_fallback,1776,common-standard-level-1+pinyin-data,docs/pinyin-v2/import/single_char_dictionary.tsv
蚕,can,can2,content_single_char_fallback,1777,common-standard-level-1+pinyin-data,docs/pinyin-v2/import/single_char_dictionary.tsv
顽,wan,wan2,content_single_char_fallback,1778,common-standard-level-1+pinyin-data,docs/pinyin-v2/import/single_char_dictionary.tsv
盏,zhan,zhan3,content_single_char_fallback,1779,common-standard-level-1+pinyin-data,docs/pinyin-v2/import/single_char_dictionary.tsv
匪,fei,fei3,content_single_char_fallback,1780,common-standard-level-1+pinyin-data,docs/pinyin-v2/import/single_char_dictionary.tsv
捞,lao,lao1,content_single_char_fallback,1781,common-standard-level-1+pinyin-data,docs/pinyin-v2/import/single_char_dictionary.tsv
栽,zai,zai1,content_single_char_fallback,1782,common-standard-level-1+pinyin-data,docs/pinyin-v2/import/single_char_dictionary.tsv
捕,bu,bu3,content_single_char_fallback,1783,common-standard-level-1+pinyin-data,docs/pinyin-v2/import/single_char_dictionary.tsv
埂,geng,geng3,content_single_char_fallback,1784,common-standard-level-1+pinyin-data,docs/pinyin-v2/import/single_char_dictionary.tsv
捂,wu,wu3,content_single_char_fallback,1785,common-standard-level-1+pinyin-data,docs/pinyin-v2/import/single_char_dictionary.tsv
振,zhen,zhen4,content_single_char_fallback,1786,common-standard-level-1+pinyin-data,docs/pinyin-v2/import/single_char_dictionary.tsv
载,zai,zai4,content_single_char_fallback,1787,common-standard-level-1+pinyin-data,docs/pinyin-v2/import/single_char_dictionary.tsv
赶,gan,gan3,content_single_char_fallback,1788,common-standard-level-1+pinyin-data,docs/pinyin-v2/import/single_char_dictionary.tsv
起,qi,qi3,content_single_char_fallback,1789,common-standard-level-1+pinyin-data,docs/pinyin-v2/import/single_char_dictionary.tsv
盐,yan,yan2,content_single_char_fallback,1790,common-standard-level-1+pinyin-data,docs/pinyin-v2/import/single_char_dictionary.tsv
捎,shao,shao1,content_single_char_fallback,1791,common-standard-level-1+pinyin-data,docs/pinyin-v2/import/single_char_dictionary.tsv
捍,han,han4,content_single_char_fallback,1792,common-standard-level-1+pinyin-data,docs/pinyin-v2/import/single_char_dictionary.tsv
捏,nie,nie1,content_single_char_fallback,1793,common-standard-level-1+pinyin-data,docs/pinyin-v2/import/single_char_dictionary.tsv
埋,mai,mai2,content_single_char_fallback,1794,common-standard-level-1+pinyin-data,docs/pinyin-v2/import/single_char_dictionary.tsv
捉,zhuo,zhuo1,content_single_char_fallback,1795,common-standard-level-1+pinyin-data,docs/pinyin-v2/import/single_char_dictionary.tsv
捆,kun,kun3,content_single_char_fallback,1796,common-standard-level-1+pinyin-data,docs/pinyin-v2/import/single_char_dictionary.tsv
捐,juan,juan1,content_single_char_fallback,1797,common-standard-level-1+pinyin-data,docs/pinyin-v2/import/single_char_dictionary.tsv
损,sun,sun3,content_single_char_fallback,1798,common-standard-level-1+pinyin-data,docs/pinyin-v2/import/single_char_dictionary.tsv
袁,yuan,yuan2,content_single_char_fallback,1799,common-standard-level-1+pinyin-data,docs/pinyin-v2/import/single_char_dictionary.tsv
捌,ba,ba1,content_single_char_fallback,1800,common-standard-level-1+pinyin-data,docs/pinyin-v2/import/single_char_dictionary.tsv
都,dou,dou1,function_single_char,1801,common-standard-level-1+pinyin-data,docs/pinyin-v2/import/single_char_dictionary.tsv
哲,zhe,zhe2,content_single_char_fallback,1802,common-standard-level-1+pinyin-data,docs/pinyin-v2/import/single_char_dictionary.tsv
逝,shi,shi4,content_single_char_fallback,1803,common-standard-level-1+pinyin-data,docs/pinyin-v2/import/single_char_dictionary.tsv
捡,jian,jian3,content_single_char_fallback,1804,common-standard-level-1+pinyin-data,docs/pinyin-v2/import/single_char_dictionary.tsv
挫,cuo,cuo4,content_single_char_fallback,1805,common-standard-level-1+pinyin-data,docs/pinyin-v2/import/single_char_dictionary.tsv
换,huan,huan4,content_single_char_fallback,1806,common-standard-level-1+pinyin-data,docs/pinyin-v2/import/single_char_dictionary.tsv
挽,wan,wan3,content_single_char_fallback,1807,common-standard-level-1+pinyin-data,docs/pinyin-v2/import/single_char_dictionary.tsv
挚,zhi,zhi4,content_single_char_fallback,1808,common-standard-level-1+pinyin-data,docs/pinyin-v2/import/single_char_dictionary.tsv
热,re,re4,content_single_char_fallback,1809,common-standard-level-1+pinyin-data,docs/pinyin-v2/import/single_char_dictionary.tsv
恐,kong,kong3,content_single_char_fallback,1810,common-standard-level-1+pinyin-data,docs/pinyin-v2/import/single_char_dictionary.tsv
捣,dao,dao3,content_single_char_fallback,1811,common-standard-level-1+pinyin-data,docs/pinyin-v2/import/single_char_dictionary.tsv
壶,hu,hu2,content_single_char_fallback,1812,common-standard-level-1+pinyin-data,docs/pinyin-v2/import/single_char_dictionary.tsv
捅,tong,tong3,content_single_char_fallback,1813,common-standard-level-1+pinyin-data,docs/pinyin-v2/import/single_char_dictionary.tsv
埃,ai,ai1,content_single_char_fallback,1814,common-standard-level-1+pinyin-data,docs/pinyin-v2/import/single_char_dictionary.tsv
挨,ai,ai1,content_single_char_fallback,1815,common-standard-level-1+pinyin-data,docs/pinyin-v2/import/single_char_dictionary.tsv
耻,chi,chi3,content_single_char_fallback,1816,common-standard-level-1+pinyin-data,docs/pinyin-v2/import/single_char_dictionary.tsv
耿,geng,geng3,content_single_char_fallback,1817,common-standard-level-1+pinyin-data,docs/pinyin-v2/import/single_char_dictionary.tsv
耽,dan,dan1,content_single_char_fallback,1818,common-standard-level-1+pinyin-data,docs/pinyin-v2/import/single_char_dictionary.tsv
聂,nie,nie4,content_single_char_fallback,1819,common-standard-level-1+pinyin-data,docs/pinyin-v2/import/single_char_dictionary.tsv
恭,gong,gong1,content_single_char_fallback,1820,common-standard-level-1+pinyin-data,docs/pinyin-v2/import/single_char_dictionary.tsv
莽,mang,mang3,content_single_char_fallback,1821,common-standard-level-1+pinyin-data,docs/pinyin-v2/import/single_char_dictionary.tsv
莱,lai,lai2,content_single_char_fallback,1822,common-standard-level-1+pinyin-data,docs/pinyin-v2/import/single_char_dictionary.tsv
莲,lian,lian2,content_single_char_fallback,1823,common-standard-level-1+pinyin-data,docs/pinyin-v2/import/single_char_dictionary.tsv
莫,mo,mo4,content_single_char_fallback,1824,common-standard-level-1+pinyin-data,docs/pinyin-v2/import/single_char_dictionary.tsv
莉,li,li4,content_single_char_fallback,1825,common-standard-level-1+pinyin-data,docs/pinyin-v2/import/single_char_dictionary.tsv
荷,he,he2,content_single_char_fallback,1826,common-standard-level-1+pinyin-data,docs/pinyin-v2/import/single_char_dictionary.tsv
获,huo,huo4,content_single_char_fallback,1827,common-standard-level-1+pinyin-data,docs/pinyin-v2/import/single_char_dictionary.tsv
晋,jin,jin4,content_single_char_fallback,1828,common-standard-level-1+pinyin-data,docs/pinyin-v2/import/single_char_dictionary.tsv
恶,e,e4,content_single_char_fallback,1829,common-standard-level-1+pinyin-data,docs/pinyin-v2/import/single_char_dictionary.tsv
莹,ying,ying2,content_single_char_fallback,1830,common-standard-level-1+pinyin-data,docs/pinyin-v2/import/single_char_dictionary.tsv
莺,ying,ying1,content_single_char_fallback,1831,common-standard-level-1+pinyin-data,docs/pinyin-v2/import/single_char_dictionary.tsv
真,zhen,zhen1,content_single_char_fallback,1832,common-standard-level-1+pinyin-data,docs/pinyin-v2/import/single_char_dictionary.tsv
框,kuang,kuang1,content_single_char_fallback,1833,common-standard-level-1+pinyin-data,docs/pinyin-v2/import/single_char_dictionary.tsv
梆,bang,bang1,content_single_char_fallback,1834,common-standard-level-1+pinyin-data,docs/pinyin-v2/import/single_char_dictionary.tsv
桂,gui,gui4,content_single_char_fallback,1835,common-standard-level-1+pinyin-data,docs/pinyin-v2/import/single_char_dictionary.tsv
桔,ju,ju2,content_single_char_fallback,1836,common-standard-level-1+pinyin-data,docs/pinyin-v2/import/single_char_dictionary.tsv
栖,qi,qi1,content_single_char_fallback,1837,common-standard-level-1+pinyin-data,docs/pinyin-v2/import/single_char_dictionary.tsv
档,dang,dang4,content_single_char_fallback,1838,common-standard-level-1+pinyin-data,docs/pinyin-v2/import/single_char_dictionary.tsv
桐,tong,tong2,content_single_char_fallback,1839,common-standard-level-1+pinyin-data,docs/pinyin-v2/import/single_char_dictionary.tsv
株,zhu,zhu1,content_single_char_fallback,1840,common-standard-level-1+pinyin-data,docs/pinyin-v2/import/single_char_dictionary.tsv
桥,qiao,qiao2,place_direction_single_char,1841,common-standard-level-1+pinyin-data,docs/pinyin-v2/import/single_char_dictionary.tsv
桦,hua,hua4,content_single_char_fallback,1842,common-standard-level-1+pinyin-data,docs/pinyin-v2/import/single_char_dictionary.tsv
栓,shuan,shuan1,content_single_char_fallback,1843,common-standard-level-1+pinyin-data,docs/pinyin-v2/import/single_char_dictionary.tsv
桃,tao,tao2,content_single_char_fallback,1844,common-standard-level-1+pinyin-data,docs/pinyin-v2/import/single_char_dictionary.tsv
格,ge,ge2,content_single_char_fallback,1845,common-standard-level-1+pinyin-data,docs/pinyin-v2/import/single_char_dictionary.tsv
桩,zhuang,zhuang1,content_single_char_fallback,1846,common-standard-level-1+pinyin-data,docs/pinyin-v2/import/single_char_dictionary.tsv
校,xiao,xiao4,content_single_char_fallback,1847,common-standard-level-1+pinyin-data,docs/pinyin-v2/import/single_char_dictionary.tsv
核,he,he2,content_single_char_fallback,1848,common-standard-level-1+pinyin-data,docs/pinyin-v2/import/single_char_dictionary.tsv
样,yang,yang4,content_single_char_fallback,1849,common-standard-level-1+pinyin-data,docs/pinyin-v2/import/single_char_dictionary.tsv
根,gen,gen1,content_single_char_fallback,1850,common-standard-level-1+pinyin-data,docs/pinyin-v2/import/single_char_dictionary.tsv
索,suo,suo3,content_single_char_fallback,1851,common-standard-level-1+pinyin-data,docs/pinyin-v2/import/single_char_dictionary.tsv
哥,ge,ge1,content_single_char_fallback,1852,common-standard-level-1+pinyin-data,docs/pinyin-v2/import/single_char_dictionary.tsv
速,su,su4,content_single_char_fallback,1853,common-standard-level-1+pinyin-data,docs/pinyin-v2/import/single_char_dictionary.tsv
逗,dou,dou4,content_single_char_fallback,1854,common-standard-level-1+pinyin-data,docs/pinyin-v2/import/single_char_dictionary.tsv
栗,li,li4,content_single_char_fallback,1855,common-standard-level-1+pinyin-data,docs/pinyin-v2/import/single_char_dictionary.tsv
贾,jia,jia3,content_single_char_fallback,1856,common-standard-level-1+pinyin-data,docs/pinyin-v2/import/single_char_dictionary.tsv
酌,zhuo,zhuo2,content_single_char_fallback,1857,common-standard-level-1+pinyin-data,docs/pinyin-v2/import/single_char_dictionary.tsv
配,pei,pei4,content_single_char_fallback,1858,common-standard-level-1+pinyin-data,docs/pinyin-v2/import/single_char_dictionary.tsv
翅,chi,chi4,content_single_char_fallback,1859,common-standard-level-1+pinyin-data,docs/pinyin-v2/import/single_char_dictionary.tsv
辱,ru,ru3,content_single_char_fallback,1860,common-standard-level-1+pinyin-data,docs/pinyin-v2/import/single_char_dictionary.tsv
唇,chun,chun2,content_single_char_fallback,1861,common-standard-level-1+pinyin-data,docs/pinyin-v2/import/single_char_dictionary.tsv
夏,xia,xia4,content_single_char_fallback,1862,common-standard-level-1+pinyin-data,docs/pinyin-v2/import/single_char_dictionary.tsv
砸,za,za2,content_single_char_fallback,1863,common-standard-level-1+pinyin-data,docs/pinyin-v2/import/single_char_dictionary.tsv
砰,peng,peng1,content_single_char_fallback,1864,common-standard-level-1+pinyin-data,docs/pinyin-v2/import/single_char_dictionary.tsv
砾,li,li4,content_single_char_fallback,1865,common-standard-level-1+pinyin-data,docs/pinyin-v2/import/single_char_dictionary.tsv
础,chu,chu3,content_single_char_fallback,1866,common-standard-level-1+pinyin-data,docs/pinyin-v2/import/single_char_dictionary.tsv
破,po,po4,content_single_char_fallback,1867,common-standard-level-1+pinyin-data,docs/pinyin-v2/import/single_char_dictionary.tsv
原,yuan,yuan2,content_single_char_fallback,1868,common-standard-level-1+pinyin-data,docs/pinyin-v2/import/single_char_dictionary.tsv
套,tao,tao4,content_single_char_fallback,1869,common-standard-level-1+pinyin-data,docs/pinyin-v2/import/single_char_dictionary.tsv
逐,zhu,zhu2,content_single_char_fallback,1870,common-standard-level-1+pinyin-data,docs/pinyin-v2/import/single_char_dictionary.tsv
烈,lie,lie4,content_single_char_fallback,1871,common-standard-level-1+pinyin-data,docs/pinyin-v2/import/single_char_dictionary.tsv
殊,shu,shu1,content_single_char_fallback,1872,common-standard-level-1+pinyin-data,docs/pinyin-v2/import/single_char_dictionary.tsv
殉,xun,xun4,content_single_char_fallback,1873,common-standard-level-1+pinyin-data,docs/pinyin-v2/import/single_char_dictionary.tsv
顾,gu,gu4,content_single_char_fallback,1874,common-standard-level-1+pinyin-data,docs/pinyin-v2/import/single_char_dictionary.tsv
轿,jiao,jiao4,content_single_char_fallback,1875,common-standard-level-1+pinyin-data,docs/pinyin-v2/import/single_char_dictionary.tsv
较,jiao,jiao4,content_single_char_fallback,1876,common-standard-level-1+pinyin-data,docs/pinyin-v2/import/single_char_dictionary.tsv
顿,dun,dun4,content_single_char_fallback,1877,common-standard-level-1+pinyin-data,docs/pinyin-v2/import/single_char_dictionary.tsv
毙,bi,bi4,content_single_char_fallback,1878,common-standard-level-1+pinyin-data,docs/pinyin-v2/import/single_char_dictionary.tsv
致,zhi,zhi4,content_single_char_fallback,1879,common-standard-level-1+pinyin-data,docs/pinyin-v2/import/single_char_dictionary.tsv
柴,chai,chai2,content_single_char_fallback,1880,common-standard-level-1+pinyin-data,docs/pinyin-v2/import/single_char_dictionary.tsv
桌,zhuo,zhuo1,service_content_single_char,1881,common-standard-level-1+pinyin-data,docs/pinyin-v2/import/single_char_dictionary.tsv
虑,lv,lv4,content_single_char_fallback,1882,common-standard-level-1+pinyin-data,docs/pinyin-v2/import/single_char_dictionary.tsv
监,jian,jian1,content_single_char_fallback,1883,common-standard-level-1+pinyin-data,docs/pinyin-v2/import/single_char_dictionary.tsv
紧,jin,jin3,content_single_char_fallback,1884,common-standard-level-1+pinyin-data,docs/pinyin-v2/import/single_char_dictionary.tsv
党,dang,dang3,content_single_char_fallback,1885,common-standard-level-1+pinyin-data,docs/pinyin-v2/import/single_char_dictionary.tsv
逞,cheng,cheng3,content_single_char_fallback,1886,common-standard-level-1+pinyin-data,docs/pinyin-v2/import/single_char_dictionary.tsv
晒,shai,shai4,content_single_char_fallback,1887,common-standard-level-1+pinyin-data,docs/pinyin-v2/import/single_char_dictionary.tsv
眠,mian,mian2,content_single_char_fallback,1888,common-standard-level-1+pinyin-data,docs/pinyin-v2/import/single_char_dictionary.tsv
晓,xiao,xiao3,content_single_char_fallback,1889,common-standard-level-1+pinyin-data,docs/pinyin-v2/import/single_char_dictionary.tsv
哮,xiao,xiao1,content_single_char_fallback,1890,common-standard-level-1+pinyin-data,docs/pinyin-v2/import/single_char_dictionary.tsv
唠,lao,lao2,content_single_char_fallback,1891,common-standard-level-1+pinyin-data,docs/pinyin-v2/import/single_char_dictionary.tsv
鸭,ya,ya1,content_single_char_fallback,1892,common-standard-level-1+pinyin-data,docs/pinyin-v2/import/single_char_dictionary.tsv
晃,huang,huang3,content_single_char_fallback,1893,common-standard-level-1+pinyin-data,docs/pinyin-v2/import/single_char_dictionary.tsv
哺,bu,bu3,content_single_char_fallback,1894,common-standard-level-1+pinyin-data,docs/pinyin-v2/import/single_char_dictionary.tsv
晌,shang,shang3,content_single_char_fallback,1895,common-standard-level-1+pinyin-data,docs/pinyin-v2/import/single_char_dictionary.tsv
剔,ti,ti1,content_single_char_fallback,1896,common-standard-level-1+pinyin-data,docs/pinyin-v2/import/single_char_dictionary.tsv
晕,yun,yun1,content_single_char_fallback,1897,common-standard-level-1+pinyin-data,docs/pinyin-v2/import/single_char_dictionary.tsv
蚌,bang,bang4,content_single_char_fallback,1898,common-standard-level-1+pinyin-data,docs/pinyin-v2/import/single_char_dictionary.tsv
畔,pan,pan4,content_single_char_fallback,1899,common-standard-level-1+pinyin-data,docs/pinyin-v2/import/single_char_dictionary.tsv
蚣,gong,gong1,content_single_char_fallback,1900,common-standard-level-1+pinyin-data,docs/pinyin-v2/import/single_char_dictionary.tsv
蚊,wen,wen2,content_single_char_fallback,1901,common-standard-level-1+pinyin-data,docs/pinyin-v2/import/single_char_dictionary.tsv
蚪,dou,dou3,content_single_char_fallback,1902,common-standard-level-1+pinyin-data,docs/pinyin-v2/import/single_char_dictionary.tsv
蚓,yin,yin3,content_single_char_fallback,1903,common-standard-level-1+pinyin-data,docs/pinyin-v2/import/single_char_dictionary.tsv
哨,shao,shao4,content_single_char_fallback,1904,common-standard-level-1+pinyin-data,docs/pinyin-v2/import/single_char_dictionary.tsv
哩,li,li1,content_single_char_fallback,1905,common-standard-level-1+pinyin-data,docs/pinyin-v2/import/single_char_dictionary.tsv
圃,pu,pu3,content_single_char_fallback,1906,common-standard-level-1+pinyin-data,docs/pinyin-v2/import/single_char_dictionary.tsv
哭,ku,ku1,content_single_char_fallback,1907,common-standard-level-1+pinyin-data,docs/pinyin-v2/import/single_char_dictionary.tsv
哦,o,o2,content_single_char_fallback,1908,common-standard-level-1+pinyin-data,docs/pinyin-v2/import/single_char_dictionary.tsv
恩,en,en1,content_single_char_fallback,1909,common-standard-level-1+pinyin-data,docs/pinyin-v2/import/single_char_dictionary.tsv
鸯,yang,yang1,content_single_char_fallback,1910,common-standard-level-1+pinyin-data,docs/pinyin-v2/import/single_char_dictionary.tsv
唤,huan,huan4,content_single_char_fallback,1911,common-standard-level-1+pinyin-data,docs/pinyin-v2/import/single_char_dictionary.tsv
唁,yan,yan4,content_single_char_fallback,1912,common-standard-level-1+pinyin-data,docs/pinyin-v2/import/single_char_dictionary.tsv
哼,heng,heng1,content_single_char_fallback,1913,common-standard-level-1+pinyin-data,docs/pinyin-v2/import/single_char_dictionary.tsv
唧,ji,ji1,content_single_char_fallback,1914,common-standard-level-1+pinyin-data,docs/pinyin-v2/import/single_char_dictionary.tsv
啊,a,a,function_single_char,1915,common-standard-level-1+pinyin-data,docs/pinyin-v2/import/single_char_dictionary.tsv
唉,ai,ai1,content_single_char_fallback,1916,common-standard-level-1+pinyin-data,docs/pinyin-v2/import/single_char_dictionary.tsv
唆,suo,suo1,content_single_char_fallback,1917,common-standard-level-1+pinyin-data,docs/pinyin-v2/import/single_char_dictionary.tsv
罢,ba,ba4,content_single_char_fallback,1918,common-standard-level-1+pinyin-data,docs/pinyin-v2/import/single_char_dictionary.tsv
峭,qiao,qiao4,content_single_char_fallback,1919,common-standard-level-1+pinyin-data,docs/pinyin-v2/import/single_char_dictionary.tsv
峨,e,e2,content_single_char_fallback,1920,common-standard-level-1+pinyin-data,docs/pinyin-v2/import/single_char_dictionary.tsv
峰,feng,feng1,content_single_char_fallback,1921,common-standard-level-1+pinyin-data,docs/pinyin-v2/import/single_char_dictionary.tsv
圆,yuan,yuan2,content_single_char_fallback,1922,common-standard-level-1+pinyin-data,docs/pinyin-v2/import/single_char_dictionary.tsv
峻,jun,jun4,content_single_char_fallback,1923,common-standard-level-1+pinyin-data,docs/pinyin-v2/import/single_char_dictionary.tsv
贼,zei,zei2,content_single_char_fallback,1924,common-standard-level-1+pinyin-data,docs/pinyin-v2/import/single_char_dictionary.tsv
贿,hui,hui4,content_single_char_fallback,1925,common-standard-level-1+pinyin-data,docs/pinyin-v2/import/single_char_dictionary.tsv
赂,lu,lu4,content_single_char_fallback,1926,common-standard-level-1+pinyin-data,docs/pinyin-v2/import/single_char_dictionary.tsv
赃,zang,zang1,content_single_char_fallback,1927,common-standard-level-1+pinyin-data,docs/pinyin-v2/import/single_char_dictionary.tsv
钱,qian,qian2,service_content_single_char,1928,common-standard-level-1+pinyin-data,docs/pinyin-v2/import/single_char_dictionary.tsv
钳,qian,qian2,content_single_char_fallback,1929,common-standard-level-1+pinyin-data,docs/pinyin-v2/import/single_char_dictionary.tsv
钻,zuan,zuan1,content_single_char_fallback,1930,common-standard-level-1+pinyin-data,docs/pinyin-v2/import/single_char_dictionary.tsv
钾,jia,jia3,content_single_char_fallback,1931,common-standard-level-1+pinyin-data,docs/pinyin-v2/import/single_char_dictionary.tsv
铁,tie,tie3,content_single_char_fallback,1932,common-standard-level-1+pinyin-data,docs/pinyin-v2/import/single_char_dictionary.tsv
铃,ling,ling2,content_single_char_fallback,1933,common-standard-level-1+pinyin-data,docs/pinyin-v2/import/single_char_dictionary.tsv
铅,qian,qian1,content_single_char_fallback,1934,common-standard-level-1+pinyin-data,docs/pinyin-v2/import/single_char_dictionary.tsv
缺,que,que1,content_single_char_fallback,1935,common-standard-level-1+pinyin-data,docs/pinyin-v2/import/single_char_dictionary.tsv
氧,yang,yang3,content_single_char_fallback,1936,common-standard-level-1+pinyin-data,docs/pinyin-v2/import/single_char_dictionary.tsv
氨,an,an1,content_single_char_fallback,1937,common-standard-level-1+pinyin-data,docs/pinyin-v2/import/single_char_dictionary.tsv
特,te,te4,content_single_char_fallback,1938,common-standard-level-1+pinyin-data,docs/pinyin-v2/import/single_char_dictionary.tsv
牺,xi,xi1,content_single_char_fallback,1939,common-standard-level-1+pinyin-data,docs/pinyin-v2/import/single_char_dictionary.tsv
造,zao,zao4,content_single_char_fallback,1940,common-standard-level-1+pinyin-data,docs/pinyin-v2/import/single_char_dictionary.tsv
乘,cheng,cheng2,content_single_char_fallback,1941,common-standard-level-1+pinyin-data,docs/pinyin-v2/import/single_char_dictionary.tsv
敌,di,di2,content_single_char_fallback,1942,common-standard-level-1+pinyin-data,docs/pinyin-v2/import/single_char_dictionary.tsv
秤,cheng,cheng4,content_single_char_fallback,1943,common-standard-level-1+pinyin-data,docs/pinyin-v2/import/single_char_dictionary.tsv
租,zu,zu1,content_single_char_fallback,1944,common-standard-level-1+pinyin-data,docs/pinyin-v2/import/single_char_dictionary.tsv
积,ji,ji1,content_single_char_fallback,1945,common-standard-level-1+pinyin-data,docs/pinyin-v2/import/single_char_dictionary.tsv
秧,yang,yang1,content_single_char_fallback,1946,common-standard-level-1+pinyin-data,docs/pinyin-v2/import/single_char_dictionary.tsv
秩,zhi,zhi4,content_single_char_fallback,1947,common-standard-level-1+pinyin-data,docs/pinyin-v2/import/single_char_dictionary.tsv
称,cheng,cheng1,content_single_char_fallback,1948,common-standard-level-1+pinyin-data,docs/pinyin-v2/import/single_char_dictionary.tsv
秘,mi,mi4,content_single_char_fallback,1949,common-standard-level-1+pinyin-data,docs/pinyin-v2/import/single_char_dictionary.tsv
透,tou,tou4,content_single_char_fallback,1950,common-standard-level-1+pinyin-data,docs/pinyin-v2/import/single_char_dictionary.tsv
笔,bi,bi3,content_single_char_fallback,1951,common-standard-level-1+pinyin-data,docs/pinyin-v2/import/single_char_dictionary.tsv
笑,xiao,xiao4,content_single_char_fallback,1952,common-standard-level-1+pinyin-data,docs/pinyin-v2/import/single_char_dictionary.tsv
笋,sun,sun3,content_single_char_fallback,1953,common-standard-level-1+pinyin-data,docs/pinyin-v2/import/single_char_dictionary.tsv
债,zhai,zhai4,content_single_char_fallback,1954,common-standard-level-1+pinyin-data,docs/pinyin-v2/import/single_char_dictionary.tsv
借,jie,jie4,content_single_char_fallback,1955,common-standard-level-1+pinyin-data,docs/pinyin-v2/import/single_char_dictionary.tsv
值,zhi,zhi2,content_single_char_fallback,1956,common-standard-level-1+pinyin-data,docs/pinyin-v2/import/single_char_dictionary.tsv
倚,yi,yi3,content_single_char_fallback,1957,common-standard-level-1+pinyin-data,docs/pinyin-v2/import/single_char_dictionary.tsv
俺,an,an3,content_single_char_fallback,1958,common-standard-level-1+pinyin-data,docs/pinyin-v2/import/single_char_dictionary.tsv
倾,qing,qing1,content_single_char_fallback,1959,common-standard-level-1+pinyin-data,docs/pinyin-v2/import/single_char_dictionary.tsv
倒,dao,dao4,content_single_char_fallback,1960,common-standard-level-1+pinyin-data,docs/pinyin-v2/import/single_char_dictionary.tsv
倘,tang,tang3,content_single_char_fallback,1961,common-standard-level-1+pinyin-data,docs/pinyin-v2/import/single_char_dictionary.tsv
俱,ju,ju4,content_single_char_fallback,1962,common-standard-level-1+pinyin-data,docs/pinyin-v2/import/single_char_dictionary.tsv
倡,chang,chang4,content_single_char_fallback,1963,common-standard-level-1+pinyin-data,docs/pinyin-v2/import/single_char_dictionary.tsv
候,hou,hou4,content_single_char_fallback,1964,common-standard-level-1+pinyin-data,docs/pinyin-v2/import/single_char_dictionary.tsv
赁,lin,lin4,content_single_char_fallback,1965,common-standard-level-1+pinyin-data,docs/pinyin-v2/import/single_char_dictionary.tsv
俯,fu,fu3,content_single_char_fallback,1966,common-standard-level-1+pinyin-data,docs/pinyin-v2/import/single_char_dictionary.tsv
倍,bei,bei4,content_single_char_fallback,1967,common-standard-level-1+pinyin-data,docs/pinyin-v2/import/single_char_dictionary.tsv
倦,juan,juan4,content_single_char_fallback,1968,common-standard-level-1+pinyin-data,docs/pinyin-v2/import/single_char_dictionary.tsv
健,jian,jian4,content_single_char_fallback,1969,common-standard-level-1+pinyin-data,docs/pinyin-v2/import/single_char_dictionary.tsv
臭,chou,chou4,content_single_char_fallback,1970,common-standard-level-1+pinyin-data,docs/pinyin-v2/import/single_char_dictionary.tsv
射,she,she4,content_single_char_fallback,1971,common-standard-level-1+pinyin-data,docs/pinyin-v2/import/single_char_dictionary.tsv
躬,gong,gong1,content_single_char_fallback,1972,common-standard-level-1+pinyin-data,docs/pinyin-v2/import/single_char_dictionary.tsv
息,xi,xi1,content_single_char_fallback,1973,common-standard-level-1+pinyin-data,docs/pinyin-v2/import/single_char_dictionary.tsv
倔,jue,jue2,content_single_char_fallback,1974,common-standard-level-1+pinyin-data,docs/pinyin-v2/import/single_char_dictionary.tsv
徒,tu,tu2,content_single_char_fallback,1975,common-standard-level-1+pinyin-data,docs/pinyin-v2/import/single_char_dictionary.tsv
徐,xu,xu2,content_single_char_fallback,1976,common-standard-level-1+pinyin-data,docs/pinyin-v2/import/single_char_dictionary.tsv
殷,yin,yin1,content_single_char_fallback,1977,common-standard-level-1+pinyin-data,docs/pinyin-v2/import/single_char_dictionary.tsv
舰,jian,jian4,content_single_char_fallback,1978,common-standard-level-1+pinyin-data,docs/pinyin-v2/import/single_char_dictionary.tsv
舱,cang,cang1,content_single_char_fallback,1979,common-standard-level-1+pinyin-data,docs/pinyin-v2/import/single_char_dictionary.tsv
般,ban,ban1,content_single_char_fallback,1980,common-standard-level-1+pinyin-data,docs/pinyin-v2/import/single_char_dictionary.tsv
航,hang,hang2,content_single_char_fallback,1981,common-standard-level-1+pinyin-data,docs/pinyin-v2/import/single_char_dictionary.tsv
途,tu,tu2,content_single_char_fallback,1982,common-standard-level-1+pinyin-data,docs/pinyin-v2/import/single_char_dictionary.tsv
拿,na,na2,function_single_char,1983,common-standard-level-1+pinyin-data,docs/pinyin-v2/import/single_char_dictionary.tsv
耸,song,song3,content_single_char_fallback,1984,common-standard-level-1+pinyin-data,docs/pinyin-v2/import/single_char_dictionary.tsv
爹,die,die1,content_single_char_fallback,1985,common-standard-level-1+pinyin-data,docs/pinyin-v2/import/single_char_dictionary.tsv
舀,yao,yao3,content_single_char_fallback,1986,common-standard-level-1+pinyin-data,docs/pinyin-v2/import/single_char_dictionary.tsv
爱,ai,ai4,content_single_char_fallback,1987,common-standard-level-1+pinyin-data,docs/pinyin-v2/import/single_char_dictionary.tsv
豺,chai,chai2,content_single_char_fallback,1988,common-standard-level-1+pinyin-data,docs/pinyin-v2/import/single_char_dictionary.tsv
豹,bao,bao4,content_single_char_fallback,1989,common-standard-level-1+pinyin-data,docs/pinyin-v2/import/single_char_dictionary.tsv
颁,ban,ban1,content_single_char_fallback,1990,common-standard-level-1+pinyin-data,docs/pinyin-v2/import/single_char_dictionary.tsv
颂,song,song4,content_single_char_fallback,1991,common-standard-level-1+pinyin-data,docs/pinyin-v2/import/single_char_dictionary.tsv
翁,weng,weng1,content_single_char_fallback,1992,common-standard-level-1+pinyin-data,docs/pinyin-v2/import/single_char_dictionary.tsv
胰,yi,yi2,content_single_char_fallback,1993,common-standard-level-1+pinyin-data,docs/pinyin-v2/import/single_char_dictionary.tsv
脆,cui,cui4,content_single_char_fallback,1994,common-standard-level-1+pinyin-data,docs/pinyin-v2/import/single_char_dictionary.tsv
脂,zhi,zhi1,content_single_char_fallback,1995,common-standard-level-1+pinyin-data,docs/pinyin-v2/import/single_char_dictionary.tsv
胸,xiong,xiong1,content_single_char_fallback,1996,common-standard-level-1+pinyin-data,docs/pinyin-v2/import/single_char_dictionary.tsv
胳,ge,ge1,content_single_char_fallback,1997,common-standard-level-1+pinyin-data,docs/pinyin-v2/import/single_char_dictionary.tsv
脏,zang,zang4,content_single_char_fallback,1998,common-standard-level-1+pinyin-data,docs/pinyin-v2/import/single_char_dictionary.tsv
脐,qi,qi2,content_single_char_fallback,1999,common-standard-level-1+pinyin-data,docs/pinyin-v2/import/single_char_dictionary.tsv
胶,jiao,jiao1,content_single_char_fallback,2000,common-standard-level-1+pinyin-data,docs/pinyin-v2/import/single_char_dictionary.tsv
脑,nao,nao3,content_single_char_fallback,2001,common-standard-level-1+pinyin-data,docs/pinyin-v2/import/single_char_dictionary.tsv
脓,nong,nong2,content_single_char_fallback,2002,common-standard-level-1+pinyin-data,docs/pinyin-v2/import/single_char_dictionary.tsv
逛,guang,guang4,content_single_char_fallback,2003,common-standard-level-1+pinyin-data,docs/pinyin-v2/import/single_char_dictionary.tsv
狸,li,li2,content_single_char_fallback,2004,common-standard-level-1+pinyin-data,docs/pinyin-v2/import/single_char_dictionary.tsv
狼,lang,lang2,content_single_char_fallback,2005,common-standard-level-1+pinyin-data,docs/pinyin-v2/import/single_char_dictionary.tsv
卿,qing,qing1,content_single_char_fallback,2006,common-standard-level-1+pinyin-data,docs/pinyin-v2/import/single_char_dictionary.tsv
逢,feng,feng2,content_single_char_fallback,2007,common-standard-level-1+pinyin-data,docs/pinyin-v2/import/single_char_dictionary.tsv
鸵,tuo,tuo2,content_single_char_fallback,2008,common-standard-level-1+pinyin-data,docs/pinyin-v2/import/single_char_dictionary.tsv
留,liu,liu2,content_single_char_fallback,2009,common-standard-level-1+pinyin-data,docs/pinyin-v2/import/single_char_dictionary.tsv
鸳,yuan,yuan1,content_single_char_fallback,2010,common-standard-level-1+pinyin-data,docs/pinyin-v2/import/single_char_dictionary.tsv
皱,zhou,zhou4,content_single_char_fallback,2011,common-standard-level-1+pinyin-data,docs/pinyin-v2/import/single_char_dictionary.tsv
饿,e,e4,content_single_char_fallback,2012,common-standard-level-1+pinyin-data,docs/pinyin-v2/import/single_char_dictionary.tsv
馁,nei,nei3,content_single_char_fallback,2013,common-standard-level-1+pinyin-data,docs/pinyin-v2/import/single_char_dictionary.tsv
凌,ling,ling2,content_single_char_fallback,2014,common-standard-level-1+pinyin-data,docs/pinyin-v2/import/single_char_dictionary.tsv
凄,qi,qi1,content_single_char_fallback,2015,common-standard-level-1+pinyin-data,docs/pinyin-v2/import/single_char_dictionary.tsv
恋,lian,lian4,content_single_char_fallback,2016,common-standard-level-1+pinyin-data,docs/pinyin-v2/import/single_char_dictionary.tsv
桨,jiang,jiang3,content_single_char_fallback,2017,common-standard-level-1+pinyin-data,docs/pinyin-v2/import/single_char_dictionary.tsv
浆,jiang,jiang1,content_single_char_fallback,2018,common-standard-level-1+pinyin-data,docs/pinyin-v2/import/single_char_dictionary.tsv
衰,shuai,shuai1,content_single_char_fallback,2019,common-standard-level-1+pinyin-data,docs/pinyin-v2/import/single_char_dictionary.tsv
衷,zhong,zhong1,content_single_char_fallback,2020,common-standard-level-1+pinyin-data,docs/pinyin-v2/import/single_char_dictionary.tsv
高,gao,gao1,content_single_char_fallback,2021,common-standard-level-1+pinyin-data,docs/pinyin-v2/import/single_char_dictionary.tsv
郭,guo,guo1,content_single_char_fallback,2022,common-standard-level-1+pinyin-data,docs/pinyin-v2/import/single_char_dictionary.tsv
席,xi,xi2,content_single_char_fallback,2023,common-standard-level-1+pinyin-data,docs/pinyin-v2/import/single_char_dictionary.tsv
准,zhun,zhun3,content_single_char_fallback,2024,common-standard-level-1+pinyin-data,docs/pinyin-v2/import/single_char_dictionary.tsv
座,zuo,zuo4,measure_single_char,2025,common-standard-level-1+pinyin-data,docs/pinyin-v2/import/single_char_dictionary.tsv
症,zheng,zheng4,content_single_char_fallback,2026,common-standard-level-1+pinyin-data,docs/pinyin-v2/import/single_char_dictionary.tsv
病,bing,bing4,service_content_single_char,2027,common-standard-level-1+pinyin-data,docs/pinyin-v2/import/single_char_dictionary.tsv
疾,ji,ji2,content_single_char_fallback,2028,common-standard-level-1+pinyin-data,docs/pinyin-v2/import/single_char_dictionary.tsv
斋,zhai,zhai1,content_single_char_fallback,2029,common-standard-level-1+pinyin-data,docs/pinyin-v2/import/single_char_dictionary.tsv
疹,zhen,zhen3,content_single_char_fallback,2030,common-standard-level-1+pinyin-data,docs/pinyin-v2/import/single_char_dictionary.tsv
疼,teng,teng2,service_content_single_char,2031,common-standard-level-1+pinyin-data,docs/pinyin-v2/import/single_char_dictionary.tsv
疲,pi,pi2,content_single_char_fallback,2032,common-standard-level-1+pinyin-data,docs/pinyin-v2/import/single_char_dictionary.tsv
脊,ji,ji2,content_single_char_fallback,2033,common-standard-level-1+pinyin-data,docs/pinyin-v2/import/single_char_dictionary.tsv
效,xiao,xiao4,content_single_char_fallback,2034,common-standard-level-1+pinyin-data,docs/pinyin-v2/import/single_char_dictionary.tsv
离,li,li2,content_single_char_fallback,2035,common-standard-level-1+pinyin-data,docs/pinyin-v2/import/single_char_dictionary.tsv
紊,wen,wen3,content_single_char_fallback,2036,common-standard-level-1+pinyin-data,docs/pinyin-v2/import/single_char_dictionary.tsv
唐,tang,tang2,content_single_char_fallback,2037,common-standard-level-1+pinyin-data,docs/pinyin-v2/import/single_char_dictionary.tsv
瓷,ci,ci2,content_single_char_fallback,2038,common-standard-level-1+pinyin-data,docs/pinyin-v2/import/single_char_dictionary.tsv
资,zi,zi1,content_single_char_fallback,2039,common-standard-level-1+pinyin-data,docs/pinyin-v2/import/single_char_dictionary.tsv
凉,liang,liang2,content_single_char_fallback,2040,common-standard-level-1+pinyin-data,docs/pinyin-v2/import/single_char_dictionary.tsv
站,zhan,zhan4,place_direction_single_char,2041,common-standard-level-1+pinyin-data,docs/pinyin-v2/import/single_char_dictionary.tsv
剖,pou,pou1,content_single_char_fallback,2042,common-standard-level-1+pinyin-data,docs/pinyin-v2/import/single_char_dictionary.tsv
竞,jing,jing4,content_single_char_fallback,2043,common-standard-level-1+pinyin-data,docs/pinyin-v2/import/single_char_dictionary.tsv
部,bu,bu4,measure_single_char,2044,common-standard-level-1+pinyin-data,docs/pinyin-v2/import/single_char_dictionary.tsv
旁,pang,pang2,place_direction_single_char,2045,common-standard-level-1+pinyin-data,docs/pinyin-v2/import/single_char_dictionary.tsv
旅,lv,lv3,content_single_char_fallback,2046,common-standard-level-1+pinyin-data,docs/pinyin-v2/import/single_char_dictionary.tsv
畜,chu,chu4,content_single_char_fallback,2047,common-standard-level-1+pinyin-data,docs/pinyin-v2/import/single_char_dictionary.tsv
阅,yue,yue4,content_single_char_fallback,2048,common-standard-level-1+pinyin-data,docs/pinyin-v2/import/single_char_dictionary.tsv
羞,xiu,xiu1,content_single_char_fallback,2049,common-standard-level-1+pinyin-data,docs/pinyin-v2/import/single_char_dictionary.tsv
羔,gao,gao1,content_single_char_fallback,2050,common-standard-level-1+pinyin-data,docs/pinyin-v2/import/single_char_dictionary.tsv
瓶,ping,ping2,measure_single_char,2051,common-standard-level-1+pinyin-data,docs/pinyin-v2/import/single_char_dictionary.tsv
拳,quan,quan2,content_single_char_fallback,2052,common-standard-level-1+pinyin-data,docs/pinyin-v2/import/single_char_dictionary.tsv
粉,fen,fen3,content_single_char_fallback,2053,common-standard-level-1+pinyin-data,docs/pinyin-v2/import/single_char_dictionary.tsv
料,liao,liao4,content_single_char_fallback,2054,common-standard-level-1+pinyin-data,docs/pinyin-v2/import/single_char_dictionary.tsv
益,yi,yi4,content_single_char_fallback,2055,common-standard-level-1+pinyin-data,docs/pinyin-v2/import/single_char_dictionary.tsv
兼,jian,jian1,content_single_char_fallback,2056,common-standard-level-1+pinyin-data,docs/pinyin-v2/import/single_char_dictionary.tsv
烤,kao,kao3,content_single_char_fallback,2057,common-standard-level-1+pinyin-data,docs/pinyin-v2/import/single_char_dictionary.tsv
烘,hong,hong1,content_single_char_fallback,2058,common-standard-level-1+pinyin-data,docs/pinyin-v2/import/single_char_dictionary.tsv
烦,fan,fan2,content_single_char_fallback,2059,common-standard-level-1+pinyin-data,docs/pinyin-v2/import/single_char_dictionary.tsv
烧,shao,shao1,content_single_char_fallback,2060,common-standard-level-1+pinyin-data,docs/pinyin-v2/import/single_char_dictionary.tsv
烛,zhu,zhu2,content_single_char_fallback,2061,common-standard-level-1+pinyin-data,docs/pinyin-v2/import/single_char_dictionary.tsv
烟,yan,yan1,content_single_char_fallback,2062,common-standard-level-1+pinyin-data,docs/pinyin-v2/import/single_char_dictionary.tsv
烙,lao,lao4,content_single_char_fallback,2063,common-standard-level-1+pinyin-data,docs/pinyin-v2/import/single_char_dictionary.tsv
递,di,di4,content_single_char_fallback,2064,common-standard-level-1+pinyin-data,docs/pinyin-v2/import/single_char_dictionary.tsv
涛,tao,tao1,content_single_char_fallback,2065,common-standard-level-1+pinyin-data,docs/pinyin-v2/import/single_char_dictionary.tsv
浙,zhe,zhe4,content_single_char_fallback,2066,common-standard-level-1+pinyin-data,docs/pinyin-v2/import/single_char_dictionary.tsv
涝,lao,lao4,content_single_char_fallback,2067,common-standard-level-1+pinyin-data,docs/pinyin-v2/import/single_char_dictionary.tsv
浦,pu,pu3,content_single_char_fallback,2068,common-standard-level-1+pinyin-data,docs/pinyin-v2/import/single_char_dictionary.tsv
酒,jiu,jiu3,service_content_single_char,2069,common-standard-level-1+pinyin-data,docs/pinyin-v2/import/single_char_dictionary.tsv
涉,she,she4,content_single_char_fallback,2070,common-standard-level-1+pinyin-data,docs/pinyin-v2/import/single_char_dictionary.tsv
消,xiao,xiao1,content_single_char_fallback,2071,common-standard-level-1+pinyin-data,docs/pinyin-v2/import/single_char_dictionary.tsv
涡,wo,wo1,content_single_char_fallback,2072,common-standard-level-1+pinyin-data,docs/pinyin-v2/import/single_char_dictionary.tsv
浩,hao,hao4,content_single_char_fallback,2073,common-standard-level-1+pinyin-data,docs/pinyin-v2/import/single_char_dictionary.tsv
海,hai,hai3,service_content_single_char,2074,common-standard-level-1+pinyin-data,docs/pinyin-v2/import/single_char_dictionary.tsv
涂,tu,tu2,content_single_char_fallback,2075,common-standard-level-1+pinyin-data,docs/pinyin-v2/import/single_char_dictionary.tsv
浴,yu,yu4,content_single_char_fallback,2076,common-standard-level-1+pinyin-data,docs/pinyin-v2/import/single_char_dictionary.tsv
浮,fu,fu2,content_single_char_fallback,2077,common-standard-level-1+pinyin-data,docs/pinyin-v2/import/single_char_dictionary.tsv
涣,huan,huan4,content_single_char_fallback,2078,common-standard-level-1+pinyin-data,docs/pinyin-v2/import/single_char_dictionary.tsv
涤,di,di2,content_single_char_fallback,2079,common-standard-level-1+pinyin-data,docs/pinyin-v2/import/single_char_dictionary.tsv
流,liu,liu2,content_single_char_fallback,2080,common-standard-level-1+pinyin-data,docs/pinyin-v2/import/single_char_dictionary.tsv
润,run,run4,content_single_char_fallback,2081,common-standard-level-1+pinyin-data,docs/pinyin-v2/import/single_char_dictionary.tsv
涧,jian,jian4,content_single_char_fallback,2082,common-standard-level-1+pinyin-data,docs/pinyin-v2/import/single_char_dictionary.tsv
涕,ti,ti4,content_single_char_fallback,2083,common-standard-level-1+pinyin-data,docs/pinyin-v2/import/single_char_dictionary.tsv
浪,lang,lang4,content_single_char_fallback,2084,common-standard-level-1+pinyin-data,docs/pinyin-v2/import/single_char_dictionary.tsv
浸,jin,jin4,content_single_char_fallback,2085,common-standard-level-1+pinyin-data,docs/pinyin-v2/import/single_char_dictionary.tsv
涨,zhang,zhang3,content_single_char_fallback,2086,common-standard-level-1+pinyin-data,docs/pinyin-v2/import/single_char_dictionary.tsv
烫,tang,tang4,content_single_char_fallback,2087,common-standard-level-1+pinyin-data,docs/pinyin-v2/import/single_char_dictionary.tsv
涩,se,se4,content_single_char_fallback,2088,common-standard-level-1+pinyin-data,docs/pinyin-v2/import/single_char_dictionary.tsv
涌,yong,yong3,content_single_char_fallback,2089,common-standard-level-1+pinyin-data,docs/pinyin-v2/import/single_char_dictionary.tsv
悖,bei,bei4,content_single_char_fallback,2090,common-standard-level-1+pinyin-data,docs/pinyin-v2/import/single_char_dictionary.tsv
悟,wu,wu4,content_single_char_fallback,2091,common-standard-level-1+pinyin-data,docs/pinyin-v2/import/single_char_dictionary.tsv
悄,qiao,qiao1,content_single_char_fallback,2092,common-standard-level-1+pinyin-data,docs/pinyin-v2/import/single_char_dictionary.tsv
悍,han,han4,content_single_char_fallback,2093,common-standard-level-1+pinyin-data,docs/pinyin-v2/import/single_char_dictionary.tsv
悔,hui,hui3,content_single_char_fallback,2094,common-standard-level-1+pinyin-data,docs/pinyin-v2/import/single_char_dictionary.tsv
悯,min,min3,content_single_char_fallback,2095,common-standard-level-1+pinyin-data,docs/pinyin-v2/import/single_char_dictionary.tsv
悦,yue,yue4,content_single_char_fallback,2096,common-standard-level-1+pinyin-data,docs/pinyin-v2/import/single_char_dictionary.tsv
害,hai,hai4,content_single_char_fallback,2097,common-standard-level-1+pinyin-data,docs/pinyin-v2/import/single_char_dictionary.tsv
宽,kuan,kuan1,content_single_char_fallback,2098,common-standard-level-1+pinyin-data,docs/pinyin-v2/import/single_char_dictionary.tsv
家,jia,jia1,content_single_char_fallback,2099,common-standard-level-1+pinyin-data,docs/pinyin-v2/import/single_char_dictionary.tsv
宵,xiao,xiao1,content_single_char_fallback,2100,common-standard-level-1+pinyin-data,docs/pinyin-v2/import/single_char_dictionary.tsv
宴,yan,yan4,content_single_char_fallback,2101,common-standard-level-1+pinyin-data,docs/pinyin-v2/import/single_char_dictionary.tsv
宾,bin,bin1,content_single_char_fallback,2102,common-standard-level-1+pinyin-data,docs/pinyin-v2/import/single_char_dictionary.tsv
窍,qiao,qiao4,content_single_char_fallback,2103,common-standard-level-1+pinyin-data,docs/pinyin-v2/import/single_char_dictionary.tsv
窄,zhai,zhai3,content_single_char_fallback,2104,common-standard-level-1+pinyin-data,docs/pinyin-v2/import/single_char_dictionary.tsv
容,rong,rong2,content_single_char_fallback,2105,common-standard-level-1+pinyin-data,docs/pinyin-v2/import/single_char_dictionary.tsv
宰,zai,zai3,content_single_char_fallback,2106,common-standard-level-1+pinyin-data,docs/pinyin-v2/import/single_char_dictionary.tsv
案,an,an4,content_single_char_fallback,2107,common-standard-level-1+pinyin-data,docs/pinyin-v2/import/single_char_dictionary.tsv
请,qing,qing3,function_single_char,2108,common-standard-level-1+pinyin-data,docs/pinyin-v2/import/single_char_dictionary.tsv
朗,lang,lang3,content_single_char_fallback,2109,common-standard-level-1+pinyin-data,docs/pinyin-v2/import/single_char_dictionary.tsv
诸,zhu,zhu1,content_single_char_fallback,2110,common-standard-level-1+pinyin-data,docs/pinyin-v2/import/single_char_dictionary.tsv
诺,nuo,nuo4,content_single_char_fallback,2111,common-standard-level-1+pinyin-data,docs/pinyin-v2/import/single_char_dictionary.tsv
读,du,du2,content_single_char_fallback,2112,common-standard-level-1+pinyin-data,docs/pinyin-v2/import/single_char_dictionary.tsv
扇,shan,shan4,content_single_char_fallback,2113,common-standard-level-1+pinyin-data,docs/pinyin-v2/import/single_char_dictionary.tsv
诽,fei,fei3,content_single_char_fallback,2114,common-standard-level-1+pinyin-data,docs/pinyin-v2/import/single_char_dictionary.tsv
袜,wa,wa4,content_single_char_fallback,2115,common-standard-level-1+pinyin-data,docs/pinyin-v2/import/single_char_dictionary.tsv
袖,xiu,xiu4,content_single_char_fallback,2116,common-standard-level-1+pinyin-data,docs/pinyin-v2/import/single_char_dictionary.tsv
袍,pao,pao2,content_single_char_fallback,2117,common-standard-level-1+pinyin-data,docs/pinyin-v2/import/single_char_dictionary.tsv
被,bei,bei4,function_single_char,2118,common-standard-level-1+pinyin-data,docs/pinyin-v2/import/single_char_dictionary.tsv
祥,xiang,xiang2,content_single_char_fallback,2119,common-standard-level-1+pinyin-data,docs/pinyin-v2/import/single_char_dictionary.tsv
课,ke,ke4,content_single_char_fallback,2120,common-standard-level-1+pinyin-data,docs/pinyin-v2/import/single_char_dictionary.tsv
冥,ming,ming2,content_single_char_fallback,2121,common-standard-level-1+pinyin-data,docs/pinyin-v2/import/single_char_dictionary.tsv
谁,shui,shui2,function_single_char,2122,common-standard-level-1+pinyin-data,docs/pinyin-v2/import/single_char_dictionary.tsv
调,diao,diao4,content_single_char_fallback,2123,common-standard-level-1+pinyin-data,docs/pinyin-v2/import/single_char_dictionary.tsv
冤,yuan,yuan1,content_single_char_fallback,2124,common-standard-level-1+pinyin-data,docs/pinyin-v2/import/single_char_dictionary.tsv
谅,liang,liang4,content_single_char_fallback,2125,common-standard-level-1+pinyin-data,docs/pinyin-v2/import/single_char_dictionary.tsv
谆,zhun,zhun1,content_single_char_fallback,2126,common-standard-level-1+pinyin-data,docs/pinyin-v2/import/single_char_dictionary.tsv
谈,tan,tan2,content_single_char_fallback,2127,common-standard-level-1+pinyin-data,docs/pinyin-v2/import/single_char_dictionary.tsv
谊,yi,yi4,content_single_char_fallback,2128,common-standard-level-1+pinyin-data,docs/pinyin-v2/import/single_char_dictionary.tsv
剥,bo,bo1,content_single_char_fallback,2129,common-standard-level-1+pinyin-data,docs/pinyin-v2/import/single_char_dictionary.tsv
恳,ken,ken3,content_single_char_fallback,2130,common-standard-level-1+pinyin-data,docs/pinyin-v2/import/single_char_dictionary.tsv
展,zhan,zhan3,content_single_char_fallback,2131,common-standard-level-1+pinyin-data,docs/pinyin-v2/import/single_char_dictionary.tsv
剧,ju,ju4,content_single_char_fallback,2132,common-standard-level-1+pinyin-data,docs/pinyin-v2/import/single_char_dictionary.tsv
屑,xie,xie4,content_single_char_fallback,2133,common-standard-level-1+pinyin-data,docs/pinyin-v2/import/single_char_dictionary.tsv
弱,ruo,ruo4,content_single_char_fallback,2134,common-standard-level-1+pinyin-data,docs/pinyin-v2/import/single_char_dictionary.tsv
陵,ling,ling2,content_single_char_fallback,2135,common-standard-level-1+pinyin-data,docs/pinyin-v2/import/single_char_dictionary.tsv
祟,sui,sui4,content_single_char_fallback,2136,common-standard-level-1+pinyin-data,docs/pinyin-v2/import/single_char_dictionary.tsv
陶,tao,tao2,content_single_char_fallback,2137,common-standard-level-1+pinyin-data,docs/pinyin-v2/import/single_char_dictionary.tsv
陷,xian,xian4,content_single_char_fallback,2138,common-standard-level-1+pinyin-data,docs/pinyin-v2/import/single_char_dictionary.tsv
陪,pei,pei2,content_single_char_fallback,2139,common-standard-level-1+pinyin-data,docs/pinyin-v2/import/single_char_dictionary.tsv
娱,yu,yu2,content_single_char_fallback,2140,common-standard-level-1+pinyin-data,docs/pinyin-v2/import/single_char_dictionary.tsv
娟,juan,juan1,content_single_char_fallback,2141,common-standard-level-1+pinyin-data,docs/pinyin-v2/import/single_char_dictionary.tsv
恕,shu,shu4,content_single_char_fallback,2142,common-standard-level-1+pinyin-data,docs/pinyin-v2/import/single_char_dictionary.tsv
娥,e,e2,content_single_char_fallback,2143,common-standard-level-1+pinyin-data,docs/pinyin-v2/import/single_char_dictionary.tsv
娘,niang,niang2,content_single_char_fallback,2144,common-standard-level-1+pinyin-data,docs/pinyin-v2/import/single_char_dictionary.tsv
通,tong,tong1,content_single_char_fallback,2145,common-standard-level-1+pinyin-data,docs/pinyin-v2/import/single_char_dictionary.tsv
能,neng,neng2,function_single_char,2146,common-standard-level-1+pinyin-data,docs/pinyin-v2/import/single_char_dictionary.tsv
难,nan,nan2,content_single_char_fallback,2147,common-standard-level-1+pinyin-data,docs/pinyin-v2/import/single_char_dictionary.tsv
预,yu,yu4,content_single_char_fallback,2148,common-standard-level-1+pinyin-data,docs/pinyin-v2/import/single_char_dictionary.tsv
桑,sang,sang1,content_single_char_fallback,2149,common-standard-level-1+pinyin-data,docs/pinyin-v2/import/single_char_dictionary.tsv
绢,juan,juan4,content_single_char_fallback,2150,common-standard-level-1+pinyin-data,docs/pinyin-v2/import/single_char_dictionary.tsv
绣,xiu,xiu4,content_single_char_fallback,2151,common-standard-level-1+pinyin-data,docs/pinyin-v2/import/single_char_dictionary.tsv
验,yan,yan4,content_single_char_fallback,2152,common-standard-level-1+pinyin-data,docs/pinyin-v2/import/single_char_dictionary.tsv
继,ji,ji4,content_single_char_fallback,2153,common-standard-level-1+pinyin-data,docs/pinyin-v2/import/single_char_dictionary.tsv
骏,jun,jun4,content_single_char_fallback,2154,common-standard-level-1+pinyin-data,docs/pinyin-v2/import/single_char_dictionary.tsv
球,qiu,qiu2,content_single_char_fallback,2155,common-standard-level-1+pinyin-data,docs/pinyin-v2/import/single_char_dictionary.tsv
琐,suo,suo3,content_single_char_fallback,2156,common-standard-level-1+pinyin-data,docs/pinyin-v2/import/single_char_dictionary.tsv
理,li,li3,content_single_char_fallback,2157,common-standard-level-1+pinyin-data,docs/pinyin-v2/import/single_char_dictionary.tsv
琉,liu,liu2,content_single_char_fallback,2158,common-standard-level-1+pinyin-data,docs/pinyin-v2/import/single_char_dictionary.tsv
琅,lang,lang2,content_single_char_fallback,2159,common-standard-level-1+pinyin-data,docs/pinyin-v2/import/single_char_dictionary.tsv
捧,peng,peng3,content_single_char_fallback,2160,common-standard-level-1+pinyin-data,docs/pinyin-v2/import/single_char_dictionary.tsv
堵,du,du3,content_single_char_fallback,2161,common-standard-level-1+pinyin-data,docs/pinyin-v2/import/single_char_dictionary.tsv
措,cuo,cuo4,content_single_char_fallback,2162,common-standard-level-1+pinyin-data,docs/pinyin-v2/import/single_char_dictionary.tsv
描,miao,miao2,content_single_char_fallback,2163,common-standard-level-1+pinyin-data,docs/pinyin-v2/import/single_char_dictionary.tsv
域,yu,yu4,content_single_char_fallback,2164,common-standard-level-1+pinyin-data,docs/pinyin-v2/import/single_char_dictionary.tsv
捺,na,na4,content_single_char_fallback,2165,common-standard-level-1+pinyin-data,docs/pinyin-v2/import/single_char_dictionary.tsv
掩,yan,yan3,content_single_char_fallback,2166,common-standard-level-1+pinyin-data,docs/pinyin-v2/import/single_char_dictionary.tsv
捷,jie,jie2,content_single_char_fallback,2167,common-standard-level-1+pinyin-data,docs/pinyin-v2/import/single_char_dictionary.tsv
排,pai,pai2,content_single_char_fallback,2168,common-standard-level-1+pinyin-data,docs/pinyin-v2/import/single_char_dictionary.tsv
焉,yan,yan1,content_single_char_fallback,2169,common-standard-level-1+pinyin-data,docs/pinyin-v2/import/single_char_dictionary.tsv
掉,diao,diao4,content_single_char_fallback,2170,common-standard-level-1+pinyin-data,docs/pinyin-v2/import/single_char_dictionary.tsv
捶,chui,chui2,content_single_char_fallback,2171,common-standard-level-1+pinyin-data,docs/pinyin-v2/import/single_char_dictionary.tsv
赦,she,she4,content_single_char_fallback,2172,common-standard-level-1+pinyin-data,docs/pinyin-v2/import/single_char_dictionary.tsv
堆,dui,dui1,content_single_char_fallback,2173,common-standard-level-1+pinyin-data,docs/pinyin-v2/import/single_char_dictionary.tsv
推,tui,tui1,content_single_char_fallback,2174,common-standard-level-1+pinyin-data,docs/pinyin-v2/import/single_char_dictionary.tsv
埠,bu,bu4,content_single_char_fallback,2175,common-standard-level-1+pinyin-data,docs/pinyin-v2/import/single_char_dictionary.tsv
掀,xian,xian1,content_single_char_fallback,2176,common-standard-level-1+pinyin-data,docs/pinyin-v2/import/single_char_dictionary.tsv
授,shou,shou4,content_single_char_fallback,2177,common-standard-level-1+pinyin-data,docs/pinyin-v2/import/single_char_dictionary.tsv
捻,nian,nian3,content_single_char_fallback,2178,common-standard-level-1+pinyin-data,docs/pinyin-v2/import/single_char_dictionary.tsv
教,jiao,jiao4,content_single_char_fallback,2179,common-standard-level-1+pinyin-data,docs/pinyin-v2/import/single_char_dictionary.tsv
掏,tao,tao1,content_single_char_fallback,2180,common-standard-level-1+pinyin-data,docs/pinyin-v2/import/single_char_dictionary.tsv
掐,qia,qia1,content_single_char_fallback,2181,common-standard-level-1+pinyin-data,docs/pinyin-v2/import/single_char_dictionary.tsv
掠,lve,lve4,content_single_char_fallback,2182,common-standard-level-1+pinyin-data,docs/pinyin-v2/import/single_char_dictionary.tsv
掂,dian,dian1,content_single_char_fallback,2183,common-standard-level-1+pinyin-data,docs/pinyin-v2/import/single_char_dictionary.tsv
培,pei,pei2,content_single_char_fallback,2184,common-standard-level-1+pinyin-data,docs/pinyin-v2/import/single_char_dictionary.tsv
接,jie,jie1,content_single_char_fallback,2185,common-standard-level-1+pinyin-data,docs/pinyin-v2/import/single_char_dictionary.tsv
掷,zhi,zhi4,content_single_char_fallback,2186,common-standard-level-1+pinyin-data,docs/pinyin-v2/import/single_char_dictionary.tsv
控,kong,kong4,content_single_char_fallback,2187,common-standard-level-1+pinyin-data,docs/pinyin-v2/import/single_char_dictionary.tsv
探,tan,tan4,content_single_char_fallback,2188,common-standard-level-1+pinyin-data,docs/pinyin-v2/import/single_char_dictionary.tsv
据,ju,ju4,content_single_char_fallback,2189,common-standard-level-1+pinyin-data,docs/pinyin-v2/import/single_char_dictionary.tsv
掘,jue,jue2,content_single_char_fallback,2190,common-standard-level-1+pinyin-data,docs/pinyin-v2/import/single_char_dictionary.tsv
掺,can,can4,content_single_char_fallback,2191,common-standard-level-1+pinyin-data,docs/pinyin-v2/import/single_char_dictionary.tsv
职,zhi,zhi2,content_single_char_fallback,2192,common-standard-level-1+pinyin-data,docs/pinyin-v2/import/single_char_dictionary.tsv
基,ji,ji1,content_single_char_fallback,2193,common-standard-level-1+pinyin-data,docs/pinyin-v2/import/single_char_dictionary.tsv
聆,ling,ling2,content_single_char_fallback,2194,common-standard-level-1+pinyin-data,docs/pinyin-v2/import/single_char_dictionary.tsv
勘,kan,kan1,content_single_char_fallback,2195,common-standard-level-1+pinyin-data,docs/pinyin-v2/import/single_char_dictionary.tsv
聊,liao,liao2,content_single_char_fallback,2196,common-standard-level-1+pinyin-data,docs/pinyin-v2/import/single_char_dictionary.tsv
娶,qu,qu3,content_single_char_fallback,2197,common-standard-level-1+pinyin-data,docs/pinyin-v2/import/single_char_dictionary.tsv
著,zhu,zhu4,content_single_char_fallback,2198,common-standard-level-1+pinyin-data,docs/pinyin-v2/import/single_char_dictionary.tsv
菱,ling,ling2,content_single_char_fallback,2199,common-standard-level-1+pinyin-data,docs/pinyin-v2/import/single_char_dictionary.tsv
勒,lei,lei1,content_single_char_fallback,2200,common-standard-level-1+pinyin-data,docs/pinyin-v2/import/single_char_dictionary.tsv
黄,huang,huang2,content_single_char_fallback,2201,common-standard-level-1+pinyin-data,docs/pinyin-v2/import/single_char_dictionary.tsv
菲,fei,fei1,content_single_char_fallback,2202,common-standard-level-1+pinyin-data,docs/pinyin-v2/import/single_char_dictionary.tsv
萌,meng,meng2,content_single_char_fallback,2203,common-standard-level-1+pinyin-data,docs/pinyin-v2/import/single_char_dictionary.tsv
萝,luo,luo2,content_single_char_fallback,2204,common-standard-level-1+pinyin-data,docs/pinyin-v2/import/single_char_dictionary.tsv
菌,jun,jun1,content_single_char_fallback,2205,common-standard-level-1+pinyin-data,docs/pinyin-v2/import/single_char_dictionary.tsv
萎,wei,wei1,content_single_char_fallback,2206,common-standard-level-1+pinyin-data,docs/pinyin-v2/import/single_char_dictionary.tsv
菜,cai,cai4,content_single_char_fallback,2207,common-standard-level-1+pinyin-data,docs/pinyin-v2/import/single_char_dictionary.tsv
萄,tao,tao2,content_single_char_fallback,2208,common-standard-level-1+pinyin-data,docs/pinyin-v2/import/single_char_dictionary.tsv
菊,ju,ju2,content_single_char_fallback,2209,common-standard-level-1+pinyin-data,docs/pinyin-v2/import/single_char_dictionary.tsv
菩,pu,pu2,content_single_char_fallback,2210,common-standard-level-1+pinyin-data,docs/pinyin-v2/import/single_char_dictionary.tsv
萍,ping,ping2,content_single_char_fallback,2211,common-standard-level-1+pinyin-data,docs/pinyin-v2/import/single_char_dictionary.tsv
菠,bo,bo1,content_single_char_fallback,2212,common-standard-level-1+pinyin-data,docs/pinyin-v2/import/single_char_dictionary.tsv
萤,ying,ying2,content_single_char_fallback,2213,common-standard-level-1+pinyin-data,docs/pinyin-v2/import/single_char_dictionary.tsv
营,ying,ying2,content_single_char_fallback,2214,common-standard-level-1+pinyin-data,docs/pinyin-v2/import/single_char_dictionary.tsv
乾,qian,qian2,content_single_char_fallback,2215,common-standard-level-1+pinyin-data,docs/pinyin-v2/import/single_char_dictionary.tsv
萧,xiao,xiao1,content_single_char_fallback,2216,common-standard-level-1+pinyin-data,docs/pinyin-v2/import/single_char_dictionary.tsv
萨,sa,sa4,content_single_char_fallback,2217,common-standard-level-1+pinyin-data,docs/pinyin-v2/import/single_char_dictionary.tsv
菇,gu,gu1,content_single_char_fallback,2218,common-standard-level-1+pinyin-data,docs/pinyin-v2/import/single_char_dictionary.tsv
械,xie,xie4,content_single_char_fallback,2219,common-standard-level-1+pinyin-data,docs/pinyin-v2/import/single_char_dictionary.tsv
彬,bin,bin1,content_single_char_fallback,2220,common-standard-level-1+pinyin-data,docs/pinyin-v2/import/single_char_dictionary.tsv
梦,meng,meng4,content_single_char_fallback,2221,common-standard-level-1+pinyin-data,docs/pinyin-v2/import/single_char_dictionary.tsv
婪,lan,lan2,content_single_char_fallback,2222,common-standard-level-1+pinyin-data,docs/pinyin-v2/import/single_char_dictionary.tsv
梗,geng,geng3,content_single_char_fallback,2223,common-standard-level-1+pinyin-data,docs/pinyin-v2/import/single_char_dictionary.tsv
梧,wu,wu2,content_single_char_fallback,2224,common-standard-level-1+pinyin-data,docs/pinyin-v2/import/single_char_dictionary.tsv
梢,shao,shao1,content_single_char_fallback,2225,common-standard-level-1+pinyin-data,docs/pinyin-v2/import/single_char_dictionary.tsv
梅,mei,mei2,content_single_char_fallback,2226,common-standard-level-1+pinyin-data,docs/pinyin-v2/import/single_char_dictionary.tsv
检,jian,jian3,content_single_char_fallback,2227,common-standard-level-1+pinyin-data,docs/pinyin-v2/import/single_char_dictionary.tsv
梳,shu,shu1,content_single_char_fallback,2228,common-standard-level-1+pinyin-data,docs/pinyin-v2/import/single_char_dictionary.tsv
梯,ti,ti1,content_single_char_fallback,2229,common-standard-level-1+pinyin-data,docs/pinyin-v2/import/single_char_dictionary.tsv
桶,tong,tong3,content_single_char_fallback,2230,common-standard-level-1+pinyin-data,docs/pinyin-v2/import/single_char_dictionary.tsv
梭,suo,suo1,content_single_char_fallback,2231,common-standard-level-1+pinyin-data,docs/pinyin-v2/import/single_char_dictionary.tsv
救,jiu,jiu4,content_single_char_fallback,2232,common-standard-level-1+pinyin-data,docs/pinyin-v2/import/single_char_dictionary.tsv
曹,cao,cao2,content_single_char_fallback,2233,common-standard-level-1+pinyin-data,docs/pinyin-v2/import/single_char_dictionary.tsv
副,fu,fu4,content_single_char_fallback,2234,common-standard-level-1+pinyin-data,docs/pinyin-v2/import/single_char_dictionary.tsv
票,piao,piao4,service_content_single_char,2235,common-standard-level-1+pinyin-data,docs/pinyin-v2/import/single_char_dictionary.tsv
酝,yun,yun4,content_single_char_fallback,2236,common-standard-level-1+pinyin-data,docs/pinyin-v2/import/single_char_dictionary.tsv
酗,xu,xu4,content_single_char_fallback,2237,common-standard-level-1+pinyin-data,docs/pinyin-v2/import/single_char_dictionary.tsv
厢,xiang,xiang1,content_single_char_fallback,2238,common-standard-level-1+pinyin-data,docs/pinyin-v2/import/single_char_dictionary.tsv
戚,qi,qi1,content_single_char_fallback,2239,common-standard-level-1+pinyin-data,docs/pinyin-v2/import/single_char_dictionary.tsv
硅,gui,gui1,content_single_char_fallback,2240,common-standard-level-1+pinyin-data,docs/pinyin-v2/import/single_char_dictionary.tsv
硕,shuo,shuo4,content_single_char_fallback,2241,common-standard-level-1+pinyin-data,docs/pinyin-v2/import/single_char_dictionary.tsv
奢,she,she1,content_single_char_fallback,2242,common-standard-level-1+pinyin-data,docs/pinyin-v2/import/single_char_dictionary.tsv
盔,kui,kui1,content_single_char_fallback,2243,common-standard-level-1+pinyin-data,docs/pinyin-v2/import/single_char_dictionary.tsv
爽,shuang,shuang3,content_single_char_fallback,2244,common-standard-level-1+pinyin-data,docs/pinyin-v2/import/single_char_dictionary.tsv
聋,long,long2,content_single_char_fallback,2245,common-standard-level-1+pinyin-data,docs/pinyin-v2/import/single_char_dictionary.tsv
袭,xi,xi2,content_single_char_fallback,2246,common-standard-level-1+pinyin-data,docs/pinyin-v2/import/single_char_dictionary.tsv
盛,sheng,sheng4,content_single_char_fallback,2247,common-standard-level-1+pinyin-data,docs/pinyin-v2/import/single_char_dictionary.tsv
匾,bian,bian3,content_single_char_fallback,2248,common-standard-level-1+pinyin-data,docs/pinyin-v2/import/single_char_dictionary.tsv
雪,xue,xue3,content_single_char_fallback,2249,common-standard-level-1+pinyin-data,docs/pinyin-v2/import/single_char_dictionary.tsv
辅,fu,fu3,content_single_char_fallback,2250,common-standard-level-1+pinyin-data,docs/pinyin-v2/import/single_char_dictionary.tsv
辆,liang,liang4,measure_single_char,2251,common-standard-level-1+pinyin-data,docs/pinyin-v2/import/single_char_dictionary.tsv
颅,lu,lu2,content_single_char_fallback,2252,common-standard-level-1+pinyin-data,docs/pinyin-v2/import/single_char_dictionary.tsv
虚,xu,xu1,content_single_char_fallback,2253,common-standard-level-1+pinyin-data,docs/pinyin-v2/import/single_char_dictionary.tsv
彪,biao,biao1,content_single_char_fallback,2254,common-standard-level-1+pinyin-data,docs/pinyin-v2/import/single_char_dictionary.tsv
雀,que,que4,content_single_char_fallback,2255,common-standard-level-1+pinyin-data,docs/pinyin-v2/import/single_char_dictionary.tsv
堂,tang,tang2,content_single_char_fallback,2256,common-standard-level-1+pinyin-data,docs/pinyin-v2/import/single_char_dictionary.tsv
常,chang,chang2,content_single_char_fallback,2257,common-standard-level-1+pinyin-data,docs/pinyin-v2/import/single_char_dictionary.tsv
眶,kuang,kuang4,content_single_char_fallback,2258,common-standard-level-1+pinyin-data,docs/pinyin-v2/import/single_char_dictionary.tsv
匙,shi,shi,content_single_char_fallback,2259,common-standard-level-1+pinyin-data,docs/pinyin-v2/import/single_char_dictionary.tsv
晨,chen,chen2,content_single_char_fallback,2260,common-standard-level-1+pinyin-data,docs/pinyin-v2/import/single_char_dictionary.tsv
睁,zheng,zheng1,content_single_char_fallback,2261,common-standard-level-1+pinyin-data,docs/pinyin-v2/import/single_char_dictionary.tsv
眯,mi,mi1,content_single_char_fallback,2262,common-standard-level-1+pinyin-data,docs/pinyin-v2/import/single_char_dictionary.tsv
眼,yan,yan3,content_single_char_fallback,2263,common-standard-level-1+pinyin-data,docs/pinyin-v2/import/single_char_dictionary.tsv
悬,xuan,xuan2,content_single_char_fallback,2264,common-standard-level-1+pinyin-data,docs/pinyin-v2/import/single_char_dictionary.tsv
野,ye,ye3,content_single_char_fallback,2265,common-standard-level-1+pinyin-data,docs/pinyin-v2/import/single_char_dictionary.tsv
啪,pa,pa1,content_single_char_fallback,2266,common-standard-level-1+pinyin-data,docs/pinyin-v2/import/single_char_dictionary.tsv
啦,la,la,content_single_char_fallback,2267,common-standard-level-1+pinyin-data,docs/pinyin-v2/import/single_char_dictionary.tsv
曼,man,man4,content_single_char_fallback,2268,common-standard-level-1+pinyin-data,docs/pinyin-v2/import/single_char_dictionary.tsv
晦,hui,hui4,content_single_char_fallback,2269,common-standard-level-1+pinyin-data,docs/pinyin-v2/import/single_char_dictionary.tsv
晚,wan,wan3,time_single_char,2270,common-standard-level-1+pinyin-data,docs/pinyin-v2/import/single_char_dictionary.tsv
啄,zhuo,zhuo2,content_single_char_fallback,2271,common-standard-level-1+pinyin-data,docs/pinyin-v2/import/single_char_dictionary.tsv
啡,fei,fei1,content_single_char_fallback,2272,common-standard-level-1+pinyin-data,docs/pinyin-v2/import/single_char_dictionary.tsv
距,ju,ju4,content_single_char_fallback,2273,common-standard-level-1+pinyin-data,docs/pinyin-v2/import/single_char_dictionary.tsv
趾,zhi,zhi3,content_single_char_fallback,2274,common-standard-level-1+pinyin-data,docs/pinyin-v2/import/single_char_dictionary.tsv
啃,ken,ken3,content_single_char_fallback,2275,common-standard-level-1+pinyin-data,docs/pinyin-v2/import/single_char_dictionary.tsv
跃,yue,yue4,content_single_char_fallback,2276,common-standard-level-1+pinyin-data,docs/pinyin-v2/import/single_char_dictionary.tsv
略,lve,lve4,content_single_char_fallback,2277,common-standard-level-1+pinyin-data,docs/pinyin-v2/import/single_char_dictionary.tsv
蚯,qiu,qiu1,content_single_char_fallback,2278,common-standard-level-1+pinyin-data,docs/pinyin-v2/import/single_char_dictionary.tsv
蛀,zhu,zhu4,content_single_char_fallback,2279,common-standard-level-1+pinyin-data,docs/pinyin-v2/import/single_char_dictionary.tsv
蛇,she,she2,content_single_char_fallback,2280,common-standard-level-1+pinyin-data,docs/pinyin-v2/import/single_char_dictionary.tsv
唬,hu,hu3,content_single_char_fallback,2281,common-standard-level-1+pinyin-data,docs/pinyin-v2/import/single_char_dictionary.tsv
累,lei,lei4,content_single_char_fallback,2282,common-standard-level-1+pinyin-data,docs/pinyin-v2/import/single_char_dictionary.tsv
鄂,e,e4,content_single_char_fallback,2283,common-standard-level-1+pinyin-data,docs/pinyin-v2/import/single_char_dictionary.tsv
唱,chang,chang4,content_single_char_fallback,2284,common-standard-level-1+pinyin-data,docs/pinyin-v2/import/single_char_dictionary.tsv
患,huan,huan4,content_single_char_fallback,2285,common-standard-level-1+pinyin-data,docs/pinyin-v2/import/single_char_dictionary.tsv
啰,luo,luo1,content_single_char_fallback,2286,common-standard-level-1+pinyin-data,docs/pinyin-v2/import/single_char_dictionary.tsv
唾,tuo,tuo4,content_single_char_fallback,2287,common-standard-level-1+pinyin-data,docs/pinyin-v2/import/single_char_dictionary.tsv
唯,wei,wei2,content_single_char_fallback,2288,common-standard-level-1+pinyin-data,docs/pinyin-v2/import/single_char_dictionary.tsv
啤,pi,pi2,content_single_char_fallback,2289,common-standard-level-1+pinyin-data,docs/pinyin-v2/import/single_char_dictionary.tsv
啥,sha,sha2,function_single_char,2290,common-standard-level-1+pinyin-data,docs/pinyin-v2/import/single_char_dictionary.tsv
啸,xiao,xiao4,content_single_char_fallback,2291,common-standard-level-1+pinyin-data,docs/pinyin-v2/import/single_char_dictionary.tsv
崖,ya,ya2,content_single_char_fallback,2292,common-standard-level-1+pinyin-data,docs/pinyin-v2/import/single_char_dictionary.tsv
崎,qi,qi2,content_single_char_fallback,2293,common-standard-level-1+pinyin-data,docs/pinyin-v2/import/single_char_dictionary.tsv
崭,zhan,zhan3,content_single_char_fallback,2294,common-standard-level-1+pinyin-data,docs/pinyin-v2/import/single_char_dictionary.tsv
逻,luo,luo2,content_single_char_fallback,2295,common-standard-level-1+pinyin-data,docs/pinyin-v2/import/single_char_dictionary.tsv
崔,cui,cui1,content_single_char_fallback,2296,common-standard-level-1+pinyin-data,docs/pinyin-v2/import/single_char_dictionary.tsv
帷,wei,wei2,content_single_char_fallback,2297,common-standard-level-1+pinyin-data,docs/pinyin-v2/import/single_char_dictionary.tsv
崩,beng,beng1,content_single_char_fallback,2298,common-standard-level-1+pinyin-data,docs/pinyin-v2/import/single_char_dictionary.tsv
崇,chong,chong2,content_single_char_fallback,2299,common-standard-level-1+pinyin-data,docs/pinyin-v2/import/single_char_dictionary.tsv
崛,jue,jue2,content_single_char_fallback,2300,common-standard-level-1+pinyin-data,docs/pinyin-v2/import/single_char_dictionary.tsv
婴,ying,ying1,content_single_char_fallback,2301,common-standard-level-1+pinyin-data,docs/pinyin-v2/import/single_char_dictionary.tsv
圈,quan,quan1,content_single_char_fallback,2302,common-standard-level-1+pinyin-data,docs/pinyin-v2/import/single_char_dictionary.tsv
铐,kao,kao4,content_single_char_fallback,2303,common-standard-level-1+pinyin-data,docs/pinyin-v2/import/single_char_dictionary.tsv
铛,dang,dang1,content_single_char_fallback,2304,common-standard-level-1+pinyin-data,docs/pinyin-v2/import/single_char_dictionary.tsv
铝,lv,lv3,content_single_char_fallback,2305,common-standard-level-1+pinyin-data,docs/pinyin-v2/import/single_char_dictionary.tsv
铜,tong,tong2,content_single_char_fallback,2306,common-standard-level-1+pinyin-data,docs/pinyin-v2/import/single_char_dictionary.tsv
铭,ming,ming2,content_single_char_fallback,2307,common-standard-level-1+pinyin-data,docs/pinyin-v2/import/single_char_dictionary.tsv
铲,chan,chan3,content_single_char_fallback,2308,common-standard-level-1+pinyin-data,docs/pinyin-v2/import/single_char_dictionary.tsv
银,yin,yin2,service_content_single_char,2309,common-standard-level-1+pinyin-data,docs/pinyin-v2/import/single_char_dictionary.tsv
矫,jiao,jiao3,content_single_char_fallback,2310,common-standard-level-1+pinyin-data,docs/pinyin-v2/import/single_char_dictionary.tsv
甜,tian,tian2,content_single_char_fallback,2311,common-standard-level-1+pinyin-data,docs/pinyin-v2/import/single_char_dictionary.tsv
秸,jie,jie1,content_single_char_fallback,2312,common-standard-level-1+pinyin-data,docs/pinyin-v2/import/single_char_dictionary.tsv
梨,li,li2,content_single_char_fallback,2313,common-standard-level-1+pinyin-data,docs/pinyin-v2/import/single_char_dictionary.tsv
犁,li,li2,content_single_char_fallback,2314,common-standard-level-1+pinyin-data,docs/pinyin-v2/import/single_char_dictionary.tsv
秽,hui,hui4,content_single_char_fallback,2315,common-standard-level-1+pinyin-data,docs/pinyin-v2/import/single_char_dictionary.tsv
移,yi,yi2,content_single_char_fallback,2316,common-standard-level-1+pinyin-data,docs/pinyin-v2/import/single_char_dictionary.tsv
笨,ben,ben4,content_single_char_fallback,2317,common-standard-level-1+pinyin-data,docs/pinyin-v2/import/single_char_dictionary.tsv
笼,long,long2,content_single_char_fallback,2318,common-standard-level-1+pinyin-data,docs/pinyin-v2/import/single_char_dictionary.tsv
笛,di,di2,content_single_char_fallback,2319,common-standard-level-1+pinyin-data,docs/pinyin-v2/import/single_char_dictionary.tsv
笙,sheng,sheng1,content_single_char_fallback,2320,common-standard-level-1+pinyin-data,docs/pinyin-v2/import/single_char_dictionary.tsv
符,fu,fu2,content_single_char_fallback,2321,common-standard-level-1+pinyin-data,docs/pinyin-v2/import/single_char_dictionary.tsv
第,di,di4,content_single_char_fallback,2322,common-standard-level-1+pinyin-data,docs/pinyin-v2/import/single_char_dictionary.tsv
敏,min,min3,content_single_char_fallback,2323,common-standard-level-1+pinyin-data,docs/pinyin-v2/import/single_char_dictionary.tsv
做,zuo,zuo4,function_single_char,2324,common-standard-level-1+pinyin-data,docs/pinyin-v2/import/single_char_dictionary.tsv
袋,dai,dai4,measure_single_char,2325,common-standard-level-1+pinyin-data,docs/pinyin-v2/import/single_char_dictionary.tsv
悠,you,you1,content_single_char_fallback,2326,common-standard-level-1+pinyin-data,docs/pinyin-v2/import/single_char_dictionary.tsv
偿,chang,chang2,content_single_char_fallback,2327,common-standard-level-1+pinyin-data,docs/pinyin-v2/import/single_char_dictionary.tsv
偶,ou,ou3,content_single_char_fallback,2328,common-standard-level-1+pinyin-data,docs/pinyin-v2/import/single_char_dictionary.tsv
偎,wei,wei1,content_single_char_fallback,2329,common-standard-level-1+pinyin-data,docs/pinyin-v2/import/single_char_dictionary.tsv
偷,tou,tou1,content_single_char_fallback,2330,common-standard-level-1+pinyin-data,docs/pinyin-v2/import/single_char_dictionary.tsv
您,nin,nin2,content_single_char_fallback,2331,common-standard-level-1+pinyin-data,docs/pinyin-v2/import/single_char_dictionary.tsv
售,shou,shou4,content_single_char_fallback,2332,common-standard-level-1+pinyin-data,docs/pinyin-v2/import/single_char_dictionary.tsv
停,ting,ting2,content_single_char_fallback,2333,common-standard-level-1+pinyin-data,docs/pinyin-v2/import/single_char_dictionary.tsv
偏,pian,pian1,content_single_char_fallback,2334,common-standard-level-1+pinyin-data,docs/pinyin-v2/import/single_char_dictionary.tsv
躯,qu,qu1,content_single_char_fallback,2335,common-standard-level-1+pinyin-data,docs/pinyin-v2/import/single_char_dictionary.tsv
兜,dou,dou1,content_single_char_fallback,2336,common-standard-level-1+pinyin-data,docs/pinyin-v2/import/single_char_dictionary.tsv
假,jia,jia3,content_single_char_fallback,2337,common-standard-level-1+pinyin-data,docs/pinyin-v2/import/single_char_dictionary.tsv
衅,xin,xin4,content_single_char_fallback,2338,common-standard-level-1+pinyin-data,docs/pinyin-v2/import/single_char_dictionary.tsv
徘,pai,pai2,content_single_char_fallback,2339,common-standard-level-1+pinyin-data,docs/pinyin-v2/import/single_char_dictionary.tsv
徙,xi,xi3,content_single_char_fallback,2340,common-standard-level-1+pinyin-data,docs/pinyin-v2/import/single_char_dictionary.tsv
得,de,de2,content_single_char_fallback,2341,common-standard-level-1+pinyin-data,docs/pinyin-v2/import/single_char_dictionary.tsv
衔,xian,xian2,content_single_char_fallback,2342,common-standard-level-1+pinyin-data,docs/pinyin-v2/import/single_char_dictionary.tsv
盘,pan,pan2,measure_single_char,2343,common-standard-level-1+pinyin-data,docs/pinyin-v2/import/single_char_dictionary.tsv
舶,bo,bo2,content_single_char_fallback,2344,common-standard-level-1+pinyin-data,docs/pinyin-v2/import/single_char_dictionary.tsv
船,chuan,chuan2,service_content_single_char,2345,common-standard-level-1+pinyin-data,docs/pinyin-v2/import/single_char_dictionary.tsv
舵,duo,duo4,content_single_char_fallback,2346,common-standard-level-1+pinyin-data,docs/pinyin-v2/import/single_char_dictionary.tsv
斜,xie,xie2,content_single_char_fallback,2347,common-standard-level-1+pinyin-data,docs/pinyin-v2/import/single_char_dictionary.tsv
盒,he,he2,measure_single_char,2348,common-standard-level-1+pinyin-data,docs/pinyin-v2/import/single_char_dictionary.tsv
鸽,ge,ge1,content_single_char_fallback,2349,common-standard-level-1+pinyin-data,docs/pinyin-v2/import/single_char_dictionary.tsv
敛,lian,lian3,content_single_char_fallback,2350,common-standard-level-1+pinyin-data,docs/pinyin-v2/import/single_char_dictionary.tsv
悉,xi,xi1,content_single_char_fallback,2351,common-standard-level-1+pinyin-data,docs/pinyin-v2/import/single_char_dictionary.tsv
欲,yu,yu4,content_single_char_fallback,2352,common-standard-level-1+pinyin-data,docs/pinyin-v2/import/single_char_dictionary.tsv
彩,cai,cai3,content_single_char_fallback,2353,common-standard-level-1+pinyin-data,docs/pinyin-v2/import/single_char_dictionary.tsv
领,ling,ling3,content_single_char_fallback,2354,common-standard-level-1+pinyin-data,docs/pinyin-v2/import/single_char_dictionary.tsv
脚,jiao,jiao3,content_single_char_fallback,2355,common-standard-level-1+pinyin-data,docs/pinyin-v2/import/single_char_dictionary.tsv
脖,bo,bo2,content_single_char_fallback,2356,common-standard-level-1+pinyin-data,docs/pinyin-v2/import/single_char_dictionary.tsv
脯,pu,pu2,content_single_char_fallback,2357,common-standard-level-1+pinyin-data,docs/pinyin-v2/import/single_char_dictionary.tsv
豚,tun,tun2,content_single_char_fallback,2358,common-standard-level-1+pinyin-data,docs/pinyin-v2/import/single_char_dictionary.tsv
脸,lian,lian3,content_single_char_fallback,2359,common-standard-level-1+pinyin-data,docs/pinyin-v2/import/single_char_dictionary.tsv
脱,tuo,tuo1,content_single_char_fallback,2360,common-standard-level-1+pinyin-data,docs/pinyin-v2/import/single_char_dictionary.tsv
象,xiang,xiang4,content_single_char_fallback,2361,common-standard-level-1+pinyin-data,docs/pinyin-v2/import/single_char_dictionary.tsv
够,gou,gou4,content_single_char_fallback,2362,common-standard-level-1+pinyin-data,docs/pinyin-v2/import/single_char_dictionary.tsv
逸,yi,yi4,content_single_char_fallback,2363,common-standard-level-1+pinyin-data,docs/pinyin-v2/import/single_char_dictionary.tsv
猜,cai,cai1,content_single_char_fallback,2364,common-standard-level-1+pinyin-data,docs/pinyin-v2/import/single_char_dictionary.tsv
猪,zhu,zhu1,content_single_char_fallback,2365,common-standard-level-1+pinyin-data,docs/pinyin-v2/import/single_char_dictionary.tsv
猎,lie,lie4,content_single_char_fallback,2366,common-standard-level-1+pinyin-data,docs/pinyin-v2/import/single_char_dictionary.tsv
猫,mao,mao1,content_single_char_fallback,2367,common-standard-level-1+pinyin-data,docs/pinyin-v2/import/single_char_dictionary.tsv
凰,huang,huang2,content_single_char_fallback,2368,common-standard-level-1+pinyin-data,docs/pinyin-v2/import/single_char_dictionary.tsv
猖,chang,chang1,content_single_char_fallback,2369,common-standard-level-1+pinyin-data,docs/pinyin-v2/import/single_char_dictionary.tsv
猛,meng,meng3,content_single_char_fallback,2370,common-standard-level-1+pinyin-data,docs/pinyin-v2/import/single_char_dictionary.tsv
祭,ji,ji4,content_single_char_fallback,2371,common-standard-level-1+pinyin-data,docs/pinyin-v2/import/single_char_dictionary.tsv
馅,xian,xian4,content_single_char_fallback,2372,common-standard-level-1+pinyin-data,docs/pinyin-v2/import/single_char_dictionary.tsv
馆,guan,guan3,content_single_char_fallback,2373,common-standard-level-1+pinyin-data,docs/pinyin-v2/import/single_char_dictionary.tsv
凑,cou,cou4,content_single_char_fallback,2374,common-standard-level-1+pinyin-data,docs/pinyin-v2/import/single_char_dictionary.tsv
减,jian,jian3,content_single_char_fallback,2375,common-standard-level-1+pinyin-data,docs/pinyin-v2/import/single_char_dictionary.tsv
毫,hao,hao2,content_single_char_fallback,2376,common-standard-level-1+pinyin-data,docs/pinyin-v2/import/single_char_dictionary.tsv
烹,peng,peng1,content_single_char_fallback,2377,common-standard-level-1+pinyin-data,docs/pinyin-v2/import/single_char_dictionary.tsv
庶,shu,shu4,content_single_char_fallback,2378,common-standard-level-1+pinyin-data,docs/pinyin-v2/import/single_char_dictionary.tsv
麻,ma,ma2,content_single_char_fallback,2379,common-standard-level-1+pinyin-data,docs/pinyin-v2/import/single_char_dictionary.tsv
庵,an,an1,content_single_char_fallback,2380,common-standard-level-1+pinyin-data,docs/pinyin-v2/import/single_char_dictionary.tsv
痊,quan,quan2,content_single_char_fallback,2381,common-standard-level-1+pinyin-data,docs/pinyin-v2/import/single_char_dictionary.tsv
痒,yang,yang3,content_single_char_fallback,2382,common-standard-level-1+pinyin-data,docs/pinyin-v2/import/single_char_dictionary.tsv
痕,hen,hen2,content_single_char_fallback,2383,common-standard-level-1+pinyin-data,docs/pinyin-v2/import/single_char_dictionary.tsv
廊,lang,lang2,content_single_char_fallback,2384,common-standard-level-1+pinyin-data,docs/pinyin-v2/import/single_char_dictionary.tsv
康,kang,kang1,content_single_char_fallback,2385,common-standard-level-1+pinyin-data,docs/pinyin-v2/import/single_char_dictionary.tsv
庸,yong,yong1,content_single_char_fallback,2386,common-standard-level-1+pinyin-data,docs/pinyin-v2/import/single_char_dictionary.tsv
鹿,lu,lu4,content_single_char_fallback,2387,common-standard-level-1+pinyin-data,docs/pinyin-v2/import/single_char_dictionary.tsv
盗,dao,dao4,content_single_char_fallback,2388,common-standard-level-1+pinyin-data,docs/pinyin-v2/import/single_char_dictionary.tsv
章,zhang,zhang1,content_single_char_fallback,2389,common-standard-level-1+pinyin-data,docs/pinyin-v2/import/single_char_dictionary.tsv
竟,jing,jing4,content_single_char_fallback,2390,common-standard-level-1+pinyin-data,docs/pinyin-v2/import/single_char_dictionary.tsv
商,shang,shang1,content_single_char_fallback,2391,common-standard-level-1+pinyin-data,docs/pinyin-v2/import/single_char_dictionary.tsv
族,zu,zu2,content_single_char_fallback,2392,common-standard-level-1+pinyin-data,docs/pinyin-v2/import/single_char_dictionary.tsv
旋,xuan,xuan2,content_single_char_fallback,2393,common-standard-level-1+pinyin-data,docs/pinyin-v2/import/single_char_dictionary.tsv
望,wang,wang4,content_single_char_fallback,2394,common-standard-level-1+pinyin-data,docs/pinyin-v2/import/single_char_dictionary.tsv
率,lv,lv4,content_single_char_fallback,2395,common-standard-level-1+pinyin-data,docs/pinyin-v2/import/single_char_dictionary.tsv
阎,yan,yan2,content_single_char_fallback,2396,common-standard-level-1+pinyin-data,docs/pinyin-v2/import/single_char_dictionary.tsv
阐,chan,chan3,content_single_char_fallback,2397,common-standard-level-1+pinyin-data,docs/pinyin-v2/import/single_char_dictionary.tsv
着,zhe,zhe,content_single_char_fallback,2398,common-standard-level-1+pinyin-data,docs/pinyin-v2/import/single_char_dictionary.tsv
羚,ling,ling2,content_single_char_fallback,2399,common-standard-level-1+pinyin-data,docs/pinyin-v2/import/single_char_dictionary.tsv
盖,gai,gai4,content_single_char_fallback,2400,common-standard-level-1+pinyin-data,docs/pinyin-v2/import/single_char_dictionary.tsv
眷,juan,juan4,content_single_char_fallback,2401,common-standard-level-1+pinyin-data,docs/pinyin-v2/import/single_char_dictionary.tsv
粘,zhan,zhan1,content_single_char_fallback,2402,common-standard-level-1+pinyin-data,docs/pinyin-v2/import/single_char_dictionary.tsv
粗,cu,cu1,content_single_char_fallback,2403,common-standard-level-1+pinyin-data,docs/pinyin-v2/import/single_char_dictionary.tsv
粒,li,li4,measure_single_char,2404,common-standard-level-1+pinyin-data,docs/pinyin-v2/import/single_char_dictionary.tsv
断,duan,duan4,content_single_char_fallback,2405,common-standard-level-1+pinyin-data,docs/pinyin-v2/import/single_char_dictionary.tsv
剪,jian,jian3,content_single_char_fallback,2406,common-standard-level-1+pinyin-data,docs/pinyin-v2/import/single_char_dictionary.tsv
兽,shou,shou4,content_single_char_fallback,2407,common-standard-level-1+pinyin-data,docs/pinyin-v2/import/single_char_dictionary.tsv
焊,han,han4,content_single_char_fallback,2408,common-standard-level-1+pinyin-data,docs/pinyin-v2/import/single_char_dictionary.tsv
焕,huan,huan4,content_single_char_fallback,2409,common-standard-level-1+pinyin-data,docs/pinyin-v2/import/single_char_dictionary.tsv
清,qing,qing1,content_single_char_fallback,2410,common-standard-level-1+pinyin-data,docs/pinyin-v2/import/single_char_dictionary.tsv
添,tian,tian1,content_single_char_fallback,2411,common-standard-level-1+pinyin-data,docs/pinyin-v2/import/single_char_dictionary.tsv
鸿,hong,hong2,content_single_char_fallback,2412,common-standard-level-1+pinyin-data,docs/pinyin-v2/import/single_char_dictionary.tsv
淋,lin,lin2,content_single_char_fallback,2413,common-standard-level-1+pinyin-data,docs/pinyin-v2/import/single_char_dictionary.tsv
涯,ya,ya2,content_single_char_fallback,2414,common-standard-level-1+pinyin-data,docs/pinyin-v2/import/single_char_dictionary.tsv
淹,yan,yan1,content_single_char_fallback,2415,common-standard-level-1+pinyin-data,docs/pinyin-v2/import/single_char_dictionary.tsv
渠,qu,qu2,content_single_char_fallback,2416,common-standard-level-1+pinyin-data,docs/pinyin-v2/import/single_char_dictionary.tsv
渐,jian,jian4,content_single_char_fallback,2417,common-standard-level-1+pinyin-data,docs/pinyin-v2/import/single_char_dictionary.tsv
淑,shu,shu1,content_single_char_fallback,2418,common-standard-level-1+pinyin-data,docs/pinyin-v2/import/single_char_dictionary.tsv
淌,tang,tang3,content_single_char_fallback,2419,common-standard-level-1+pinyin-data,docs/pinyin-v2/import/single_char_dictionary.tsv
混,hun,hun4,content_single_char_fallback,2420,common-standard-level-1+pinyin-data,docs/pinyin-v2/import/single_char_dictionary.tsv
淮,huai,huai2,content_single_char_fallback,2421,common-standard-level-1+pinyin-data,docs/pinyin-v2/import/single_char_dictionary.tsv
淆,xiao,xiao2,content_single_char_fallback,2422,common-standard-level-1+pinyin-data,docs/pinyin-v2/import/single_char_dictionary.tsv
渊,yuan,yuan1,content_single_char_fallback,2423,common-standard-level-1+pinyin-data,docs/pinyin-v2/import/single_char_dictionary.tsv
淫,yin,yin2,content_single_char_fallback,2424,common-standard-level-1+pinyin-data,docs/pinyin-v2/import/single_char_dictionary.tsv
渔,yu,yu2,content_single_char_fallback,2425,common-standard-level-1+pinyin-data,docs/pinyin-v2/import/single_char_dictionary.tsv
淘,tao,tao2,content_single_char_fallback,2426,common-standard-level-1+pinyin-data,docs/pinyin-v2/import/single_char_dictionary.tsv
淳,chun,chun2,content_single_char_fallback,2427,common-standard-level-1+pinyin-data,docs/pinyin-v2/import/single_char_dictionary.tsv
液,ye,ye4,content_single_char_fallback,2428,common-standard-level-1+pinyin-data,docs/pinyin-v2/import/single_char_dictionary.tsv
淤,yu,yu1,content_single_char_fallback,2429,common-standard-level-1+pinyin-data,docs/pinyin-v2/import/single_char_dictionary.tsv
淡,dan,dan4,content_single_char_fallback,2430,common-standard-level-1+pinyin-data,docs/pinyin-v2/import/single_char_dictionary.tsv
淀,dian,dian4,content_single_char_fallback,2431,common-standard-level-1+pinyin-data,docs/pinyin-v2/import/single_char_dictionary.tsv
深,shen,shen1,content_single_char_fallback,2432,common-standard-level-1+pinyin-data,docs/pinyin-v2/import/single_char_dictionary.tsv
涮,shuan,shuan4,content_single_char_fallback,2433,common-standard-level-1+pinyin-data,docs/pinyin-v2/import/single_char_dictionary.tsv
涵,han,han2,content_single_char_fallback,2434,common-standard-level-1+pinyin-data,docs/pinyin-v2/import/single_char_dictionary.tsv
婆,po,po2,content_single_char_fallback,2435,common-standard-level-1+pinyin-data,docs/pinyin-v2/import/single_char_dictionary.tsv
梁,liang,liang2,content_single_char_fallback,2436,common-standard-level-1+pinyin-data,docs/pinyin-v2/import/single_char_dictionary.tsv
渗,shen,shen4,content_single_char_fallback,2437,common-standard-level-1+pinyin-data,docs/pinyin-v2/import/single_char_dictionary.tsv
情,qing,qing2,content_single_char_fallback,2438,common-standard-level-1+pinyin-data,docs/pinyin-v2/import/single_char_dictionary.tsv
惜,xi,xi1,content_single_char_fallback,2439,common-standard-level-1+pinyin-data,docs/pinyin-v2/import/single_char_dictionary.tsv
惭,can,can2,content_single_char_fallback,2440,common-standard-level-1+pinyin-data,docs/pinyin-v2/import/single_char_dictionary.tsv
悼,dao,dao4,content_single_char_fallback,2441,common-standard-level-1+pinyin-data,docs/pinyin-v2/import/single_char_dictionary.tsv
惧,ju,ju4,content_single_char_fallback,2442,common-standard-level-1+pinyin-data,docs/pinyin-v2/import/single_char_dictionary.tsv
惕,ti,ti4,content_single_char_fallback,2443,common-standard-level-1+pinyin-data,docs/pinyin-v2/import/single_char_dictionary.tsv
惟,wei,wei2,content_single_char_fallback,2444,common-standard-level-1+pinyin-data,docs/pinyin-v2/import/single_char_dictionary.tsv
惊,jing,jing1,content_single_char_fallback,2445,common-standard-level-1+pinyin-data,docs/pinyin-v2/import/single_char_dictionary.tsv
惦,dian,dian4,content_single_char_fallback,2446,common-standard-level-1+pinyin-data,docs/pinyin-v2/import/single_char_dictionary.tsv
悴,cui,cui4,content_single_char_fallback,2447,common-standard-level-1+pinyin-data,docs/pinyin-v2/import/single_char_dictionary.tsv
惋,wan,wan3,content_single_char_fallback,2448,common-standard-level-1+pinyin-data,docs/pinyin-v2/import/single_char_dictionary.tsv
惨,can,can3,content_single_char_fallback,2449,common-standard-level-1+pinyin-data,docs/pinyin-v2/import/single_char_dictionary.tsv
惯,guan,guan4,content_single_char_fallback,2450,common-standard-level-1+pinyin-data,docs/pinyin-v2/import/single_char_dictionary.tsv
寇,kou,kou4,content_single_char_fallback,2451,common-standard-level-1+pinyin-data,docs/pinyin-v2/import/single_char_dictionary.tsv
寅,yin,yin2,content_single_char_fallback,2452,common-standard-level-1+pinyin-data,docs/pinyin-v2/import/single_char_dictionary.tsv
寄,ji,ji4,content_single_char_fallback,2453,common-standard-level-1+pinyin-data,docs/pinyin-v2/import/single_char_dictionary.tsv
寂,ji,ji4,content_single_char_fallback,2454,common-standard-level-1+pinyin-data,docs/pinyin-v2/import/single_char_dictionary.tsv
宿,su,su4,content_single_char_fallback,2455,common-standard-level-1+pinyin-data,docs/pinyin-v2/import/single_char_dictionary.tsv
窒,zhi,zhi4,content_single_char_fallback,2456,common-standard-level-1+pinyin-data,docs/pinyin-v2/import/single_char_dictionary.tsv
窑,yao,yao2,content_single_char_fallback,2457,common-standard-level-1+pinyin-data,docs/pinyin-v2/import/single_char_dictionary.tsv
密,mi,mi4,content_single_char_fallback,2458,common-standard-level-1+pinyin-data,docs/pinyin-v2/import/single_char_dictionary.tsv
谋,mou,mou2,content_single_char_fallback,2459,common-standard-level-1+pinyin-data,docs/pinyin-v2/import/single_char_dictionary.tsv
谍,die,die2,content_single_char_fallback,2460,common-standard-level-1+pinyin-data,docs/pinyin-v2/import/single_char_dictionary.tsv
谎,huang,huang3,content_single_char_fallback,2461,common-standard-level-1+pinyin-data,docs/pinyin-v2/import/single_char_dictionary.tsv
谐,xie,xie2,content_single_char_fallback,2462,common-standard-level-1+pinyin-data,docs/pinyin-v2/import/single_char_dictionary.tsv
袱,fu,fu2,content_single_char_fallback,2463,common-standard-level-1+pinyin-data,docs/pinyin-v2/import/single_char_dictionary.tsv
祷,dao,dao3,content_single_char_fallback,2464,common-standard-level-1+pinyin-data,docs/pinyin-v2/import/single_char_dictionary.tsv
祸,huo,huo4,content_single_char_fallback,2465,common-standard-level-1+pinyin-data,docs/pinyin-v2/import/single_char_dictionary.tsv
谓,wei,wei4,content_single_char_fallback,2466,common-standard-level-1+pinyin-data,docs/pinyin-v2/import/single_char_dictionary.tsv
谚,yan,yan4,content_single_char_fallback,2467,common-standard-level-1+pinyin-data,docs/pinyin-v2/import/single_char_dictionary.tsv
谜,mi,mi2,content_single_char_fallback,2468,common-standard-level-1+pinyin-data,docs/pinyin-v2/import/single_char_dictionary.tsv
逮,dai,dai3,content_single_char_fallback,2469,common-standard-level-1+pinyin-data,docs/pinyin-v2/import/single_char_dictionary.tsv
敢,gan,gan3,content_single_char_fallback,2470,common-standard-level-1+pinyin-data,docs/pinyin-v2/import/single_char_dictionary.tsv
尉,wei,wei4,content_single_char_fallback,2471,common-standard-level-1+pinyin-data,docs/pinyin-v2/import/single_char_dictionary.tsv
屠,tu,tu2,content_single_char_fallback,2472,common-standard-level-1+pinyin-data,docs/pinyin-v2/import/single_char_dictionary.tsv
弹,dan,dan4,content_single_char_fallback,2473,common-standard-level-1+pinyin-data,docs/pinyin-v2/import/single_char_dictionary.tsv
隋,sui,sui2,content_single_char_fallback,2474,common-standard-level-1+pinyin-data,docs/pinyin-v2/import/single_char_dictionary.tsv
堕,duo,duo4,content_single_char_fallback,2475,common-standard-level-1+pinyin-data,docs/pinyin-v2/import/single_char_dictionary.tsv
随,sui,sui2,content_single_char_fallback,2476,common-standard-level-1+pinyin-data,docs/pinyin-v2/import/single_char_dictionary.tsv
蛋,dan,dan4,content_single_char_fallback,2477,common-standard-level-1+pinyin-data,docs/pinyin-v2/import/single_char_dictionary.tsv
隅,yu,yu2,content_single_char_fallback,2478,common-standard-level-1+pinyin-data,docs/pinyin-v2/import/single_char_dictionary.tsv
隆,long,long2,content_single_char_fallback,2479,common-standard-level-1+pinyin-data,docs/pinyin-v2/import/single_char_dictionary.tsv
隐,yin,yin3,content_single_char_fallback,2480,common-standard-level-1+pinyin-data,docs/pinyin-v2/import/single_char_dictionary.tsv
婚,hun,hun1,content_single_char_fallback,2481,common-standard-level-1+pinyin-data,docs/pinyin-v2/import/single_char_dictionary.tsv
婶,shen,shen3,content_single_char_fallback,2482,common-standard-level-1+pinyin-data,docs/pinyin-v2/import/single_char_dictionary.tsv
婉,wan,wan3,content_single_char_fallback,2483,common-standard-level-1+pinyin-data,docs/pinyin-v2/import/single_char_dictionary.tsv
颇,po,po3,content_single_char_fallback,2484,common-standard-level-1+pinyin-data,docs/pinyin-v2/import/single_char_dictionary.tsv
颈,jing,jing3,content_single_char_fallback,2485,common-standard-level-1+pinyin-data,docs/pinyin-v2/import/single_char_dictionary.tsv
绩,ji,ji4,content_single_char_fallback,2486,common-standard-level-1+pinyin-data,docs/pinyin-v2/import/single_char_dictionary.tsv
绪,xu,xu4,content_single_char_fallback,2487,common-standard-level-1+pinyin-data,docs/pinyin-v2/import/single_char_dictionary.tsv
续,xu,xu4,content_single_char_fallback,2488,common-standard-level-1+pinyin-data,docs/pinyin-v2/import/single_char_dictionary.tsv
骑,qi,qi2,content_single_char_fallback,2489,common-standard-level-1+pinyin-data,docs/pinyin-v2/import/single_char_dictionary.tsv
绰,chuo,chuo4,content_single_char_fallback,2490,common-standard-level-1+pinyin-data,docs/pinyin-v2/import/single_char_dictionary.tsv
绳,sheng,sheng2,content_single_char_fallback,2491,common-standard-level-1+pinyin-data,docs/pinyin-v2/import/single_char_dictionary.tsv
维,wei,wei2,content_single_char_fallback,2492,common-standard-level-1+pinyin-data,docs/pinyin-v2/import/single_char_dictionary.tsv
绵,mian,mian2,content_single_char_fallback,2493,common-standard-level-1+pinyin-data,docs/pinyin-v2/import/single_char_dictionary.tsv
绷,beng,beng1,content_single_char_fallback,2494,common-standard-level-1+pinyin-data,docs/pinyin-v2/import/single_char_dictionary.tsv
绸,chou,chou2,content_single_char_fallback,2495,common-standard-level-1+pinyin-data,docs/pinyin-v2/import/single_char_dictionary.tsv
综,zong,zong1,content_single_char_fallback,2496,common-standard-level-1+pinyin-data,docs/pinyin-v2/import/single_char_dictionary.tsv
绽,zhan,zhan4,content_single_char_fallback,2497,common-standard-level-1+pinyin-data,docs/pinyin-v2/import/single_char_dictionary.tsv
绿,lv,lv4,content_single_char_fallback,2498,common-standard-level-1+pinyin-data,docs/pinyin-v2/import/single_char_dictionary.tsv
缀,zhui,zhui4,content_single_char_fallback,2499,common-standard-level-1+pinyin-data,docs/pinyin-v2/import/single_char_dictionary.tsv
巢,chao,chao2,content_single_char_fallback,2500,common-standard-level-1+pinyin-data,docs/pinyin-v2/import/single_char_dictionary.tsv
等,deng,deng3,function_single_char,2681,common-standard-level-1+pinyin-data-extra-function,docs/pinyin-v2/import/single_char_dictionary.tsv
街,jie,jie1,place_direction_single_char,2702,common-standard-level-1+pinyin-data-extra-function,docs/pinyin-v2/import/single_char_dictionary.tsv
就,jiu,jiu4,function_single_char,2728,common-standard-level-1+pinyin-data-extra-function,docs/pinyin-v2/import/single_char_dictionary.tsv
想,xiang,xiang3,function_single_char,2867,common-standard-level-1+pinyin-data-extra-function,docs/pinyin-v2/import/single_char_dictionary.tsv
楼,lou,lou2,place_direction_single_char,2870,common-standard-level-1+pinyin-data-extra-function,docs/pinyin-v2/import/single_char_dictionary.tsv
碗,wan,wan3,measure_single_char,2881,common-standard-level-1+pinyin-data-extra-function,docs/pinyin-v2/import/single_char_dictionary.tsv
路,lu,lu4,place_direction_single_char,2918,common-standard-level-1+pinyin-data-extra-function,docs/pinyin-v2/import/single_char_dictionary.tsv
跟,gen,gen1,function_single_char,2920,common-standard-level-1+pinyin-data-extra-function,docs/pinyin-v2/import/single_char_dictionary.tsv
颗,ke,ke1,measure_single_char,3100,common-standard-level-1+pinyin-data-extra-function,docs/pinyin-v2/import/single_char_dictionary.tsv
趟,tang,tang4,measure_single_char,3195,common-standard-level-1+pinyin-data-extra-function,docs/pinyin-v2/import/single_char_dictionary.tsv
