surface,length,termType,canBeSplit,componentTerms,exceptionType,source,active,termId,domain_id,is_alias
三文鱼寿司,5,base,LIKELY,,may_be_idiom_or_proper,industry_pack_v1,1,base-rebuild-term-e4b889e69687e9b1,,0
上海博物馆,5,base,LIKELY,,may_be_idiom_or_proper,industry_pack_v1,1,base-rebuild-term-e4b88ae6b5b7e58d,,0
个语言集合,5,base,LIKELY,,may_be_idiom_or_proper,industry_pack_v1,1,base-rebuild-term-e4b8aae8afade8a8,,0
中国大酒店,5,base,LIKELY,,may_be_idiom_or_proper,industry_pack_v1,1,base-rebuild-term-e4b8ade59bbde5a4,,0
儿童文学家,5,base,LIKELY,,may_be_idiom_or_proper,industry_pack_v1,1,base-rebuild-term-e584bfe7aba5e696,,0
先启动节点,5,base,LIKELY,,may_be_idiom_or_proper,industry_pack_v1,1,base-rebuild-term-e58588e590afe58a,,0
军事博物馆,5,base,LIKELY,,may_be_idiom_or_proper,industry_pack_v1,1,base-rebuild-term-e5869be4ba8be58d,,0
冰淇淋预约,5,base,LIKELY,,may_be_idiom_or_proper,industry_pack_v1,1,base-rebuild-term-e586b0e6b787e6b7,,0
千山风景区,5,base,LIKELY,,may_be_idiom_or_proper,industry_pack_v1,1,base-rebuild-term-e58d83e5b1b1e9a3,,0
历史博物馆,5,base,LIKELY,,may_be_idiom_or_proper,industry_pack_v1,1,base-rebuild-term-e58e86e58fb2e58d,,0
同一次发言,5,base,LIKELY,,may_be_idiom_or_proper,industry_pack_v1,1,base-rebuild-term-e5908ce4b880e6ac,,0
向量数据库,5,base,LIKELY,,may_be_idiom_or_proper,industry_pack_v1,1,base-rebuild-term-e59091e9878fe695,,0
咖啡过敏原,5,base,LIKELY,,may_be_idiom_or_proper,industry_pack_v1,1,base-rebuild-term-e59296e595a1e8bf,,0
国家博物馆,5,base,LIKELY,,may_be_idiom_or_proper,industry_pack_v1,1,base-rebuild-term-e59bbde5aeb6e58d,,0
地质博物馆,5,base,LIKELY,,may_be_idiom_or_proper,industry_pack_v1,1,base-rebuild-term-e59cb0e8b4a8e58d,,0
多任务处理,5,base,LIKELY,,may_be_idiom_or_proper,industry_pack_v1,1,base-rebuild-term-e5a49ae4bbbbe58a,,0
大英博物馆,5,base,LIKELY,,may_be_idiom_or_proper,industry_pack_v1,1,base-rebuild-term-e5a4a7e88bb1e58d,,0
太平洋保险,5,base,LIKELY,,may_be_idiom_or_proper,industry_pack_v2,1,base-rebuild-term-e5a4aae5b9b3e6b4,,0
嵌入式软件,5,base,LIKELY,,may_be_idiom_or_proper,industry_pack_v1,1,base-rebuild-term-e5b58ce585a5e5bc,,0
市场管理费,5,base,LIKELY,,may_be_idiom_or_proper,industry_pack_v1,1,base-rebuild-term-e5b882e59cbae7ae,,0
希尔顿酒店,5,base,LIKELY,,may_be_idiom_or_proper,industry_pack_v1,1,base-rebuild-term-e5b88ce5b094e9a1,,0
并发许可超,5,base,LIKELY,,may_be_idiom_or_proper,industry_pack_v1,1,base-rebuild-term-e5b9b6e58f91e8ae,,0
开放式系统,5,base,LIKELY,,may_be_idiom_or_proper,industry_pack_v1,1,base-rebuild-term-e5bc80e694bee5bc,,0
式错误处理,5,base,LIKELY,,may_be_idiom_or_proper,industry_pack_v1,1,base-rebuild-term-e5bc8fe99499e8af,,0
快速开始指,5,base,LIKELY,,may_be_idiom_or_proper,industry_pack_v1,1,base-rebuild-term-e5bfabe9809fe5bc,,0
成语言集合,5,base,LIKELY,,may_be_idiom_or_proper,industry_pack_v1,1,base-rebuild-term-e68890e8afade8a8,,0
接驳车路线,5,base,LIKELY,,may_be_idiom_or_proper,industry_pack_v1,1,base-rebuild-term-e68ea5e9a9b3e8bd,,0
放射性核素,5,base,LIKELY,,may_be_idiom_or_proper,industry_pack_v1,1,base-rebuild-term-e694bee5b084e680,,0
无花果欧包,5,base,LIKELY,,may_be_idiom_or_proper,industry_pack_v1,1,base-rebuild-term-e697a0e88ab1e69e,,0
普天间机场,5,base,LIKELY,,may_be_idiom_or_proper,industry_pack_v1,1,base-rebuild-term-e699aee5a4a9e997,,0
服务供应商,5,base,LIKELY,,may_be_idiom_or_proper,industry_pack_v2,1,base-rebuild-term-e69c8de58aa1e4be,,0
服务提供者,5,base,LIKELY,,may_be_idiom_or_proper,industry_pack_v2,1,base-rebuild-term-e69c8de58aa1e68f,,0
本行政区域,5,base,LIKELY,,may_be_idiom_or_proper,industry_pack_v2,1,base-rebuild-term-e69cace8a18ce694,,0
机场巴士排,5,base,LIKELY,,may_be_idiom_or_proper,industry_pack_v1,1,base-rebuild-term-e69cbae59cbae5b7,,0
机场送机凭,5,base,LIKELY,,may_be_idiom_or_proper,industry_pack_v1,1,base-rebuild-term-e69cbae59cbae980,,0
格尔木机场,5,base,LIKELY,,may_be_idiom_or_proper,industry_pack_v1,1,base-rebuild-term-e6a0bce5b094e69c,,0
检查当前会,5,base,LIKELY,,may_be_idiom_or_proper,industry_pack_v1,1,base-rebuild-term-e6a380e69fa5e5bd,,0
检查是否有,5,base,LIKELY,,may_be_idiom_or_proper,industry_pack_v1,1,base-rebuild-term-e6a380e69fa5e698,,0
检查暂停是,5,base,LIKELY,,may_be_idiom_or_proper,industry_pack_v1,1,base-rebuild-term-e6a380e69fa5e69a,,0
检查浏览器,5,base,LIKELY,,may_be_idiom_or_proper,industry_pack_v1,1,base-rebuild-term-e6a380e69fa5e6b5,,0
检查环境变,5,base,LIKELY,,may_be_idiom_or_proper,industry_pack_v1,1,base-rebuild-term-e6a380e69fa5e78e,,0
检查用户级,5,base,LIKELY,,may_be_idiom_or_proper,industry_pack_v1,1,base-rebuild-term-e6a380e69fa5e794,,0
检查节点端,5,base,LIKELY,,may_be_idiom_or_proper,industry_pack_v1,1,base-rebuild-term-e6a380e69fa5e88a,,0
检查调度服,5,base,LIKELY,,may_be_idiom_or_proper,industry_pack_v1,1,base-rebuild-term-e6a380e69fa5e8b0,,0
检查配置文,5,base,LIKELY,,may_be_idiom_or_proper,industry_pack_v1,1,base-rebuild-term-e6a380e69fa5e985,,0
正则表达式,5,base,LIKELY,,may_be_idiom_or_proper,industry_pack_v1,1,base-rebuild-term-e6ada3e58899e8a1,,0
正常出结果,5,base,LIKELY,,may_be_idiom_or_proper,industry_pack_v1,1,base-rebuild-term-e6ada3e5b8b8e587,,0
正常启动备,5,base,LIKELY,,may_be_idiom_or_proper,industry_pack_v1,1,base-rebuild-term-e6ada3e5b8b8e590,,0
正常情况下,5,base,LIKELY,,may_be_idiom_or_proper,industry_pack_v1,1,base-rebuild-term-e6ada3e5b8b8e683,,0
正常维护中,5,base,LIKELY,,may_be_idiom_or_proper,industry_pack_v1,1,base-rebuild-term-e6ada3e5b8b8e7bb,,0
正常运行脚,5,base,LIKELY,,may_be_idiom_or_proper,industry_pack_v1,1,base-rebuild-term-e6ada3e5b8b8e8bf,,0
正常退出测,5,base,LIKELY,,may_be_idiom_or_proper,industry_pack_v1,1,base-rebuild-term-e6ada3e5b8b8e980,,0
正常音频聚,5,base,LIKELY,,may_be_idiom_or_proper,industry_pack_v1,1,base-rebuild-term-e6ada3e5b8b8e99f,,0
温度传感器,5,base,LIKELY,,may_be_idiom_or_proper,industry_pack_v1,1,base-rebuild-term-e6b8a9e5baa6e4bc,,0
焦糖玛奇朵,5,base,LIKELY,,may_be_idiom_or_proper,domain_seed_v1,1,base-rebuild-term-e784a6e7b396e78e,,0
瓦窑堡会议,5,base,LIKELY,,may_be_idiom_or_proper,industry_pack_v1,1,base-rebuild-term-e793a6e7aa91e5a0,,0
生成时节点,5,base,LIKELY,,may_be_idiom_or_proper,industry_pack_v1,1,base-rebuild-term-e7949fe68890e697,,0
紧急联系人,5,base,LIKELY,,may_be_idiom_or_proper,industry_pack_v1,1,base-rebuild-term-e7b4a7e680a5e881,,0
紫菜蛋花汤,5,base,LIKELY,,may_be_idiom_or_proper,industry_pack_v1,1,base-rebuild-term-e7b4abe88f9ce89b,,0
结构化日志,5,base,LIKELY,,may_be_idiom_or_proper,industry_pack_v1,1,base-rebuild-term-e7bb93e69e84e58c,,0
自然保护区,5,base,LIKELY,,may_be_idiom_or_proper,industry_pack_v2,1,base-rebuild-term-e887aae784b6e4bf,,0
节点客户端,5,base,LIKELY,,may_be_idiom_or_proper,industry_pack_v1,1,base-rebuild-term-e88a82e782b9e5ae,,0
节点未注册,5,base,LIKELY,,may_be_idiom_or_proper,industry_pack_v1,1,base-rebuild-term-e88a82e782b9e69c,,0
节点计算机,5,base,LIKELY,,may_be_idiom_or_proper,industry_pack_v1,1,base-rebuild-term-e88a82e782b9e8ae,,0
葡萄干吐司,5,base,LIKELY,,may_be_idiom_or_proper,industry_pack_v1,1,base-rebuild-term-e891a1e89084e5b9,,0
蒜蓉西兰花,5,base,LIKELY,,may_be_idiom_or_proper,industry_pack_v1,1,base-rebuild-term-e8929ce89389e8a5,,0
蔓越莓曲奇,5,base,LIKELY,,may_be_idiom_or_proper,industry_pack_v1,1,base-rebuild-term-e89493e8b68ae88e,,0
近音后处理,5,base,LIKELY,,may_be_idiom_or_proper,industry_pack_v1,1,base-rebuild-term-e8bf91e99fb3e590,,0
酒店入住地,5,base,LIKELY,,may_be_idiom_or_proper,industry_pack_v1,1,base-rebuild-term-e98592e5ba97e585,,0
酸辣土豆丝,5,base,LIKELY,,may_be_idiom_or_proper,industry_pack_v1,1,base-rebuild-term-e985b8e8bea3e59c,,0
重排序模型,5,base,LIKELY,,may_be_idiom_or_proper,industry_pack_v1,1,base-rebuild-term-e9878de68e92e5ba,,0
金枪鱼寿司,5,base,LIKELY,,may_be_idiom_or_proper,industry_pack_v1,1,base-rebuild-term-e98791e69eaae9b1,,0
长城博物馆,5,base,LIKELY,,may_be_idiom_or_proper,industry_pack_v1,1,base-rebuild-term-e995bfe59f8ee58d,,0
阿萨姆红茶,5,base,LIKELY,,may_be_idiom_or_proper,industry_pack_v1,1,base-rebuild-term-e998bfe890a8e5a7,,0
雷锋纪念馆,5,base,LIKELY,,may_be_idiom_or_proper,industry_pack_v1,1,base-rebuild-term-e99bb7e9948be7ba,,0
首都博物馆,5,base,LIKELY,,may_be_idiom_or_proper,industry_pack_v1,1,base-rebuild-term-e9a696e983bde58d,,0
马克思主义,5,base,LIKELY,,may_be_idiom_or_proper,industry_pack_v2,1,base-rebuild-term-e9a9ace5858be680,,0
高频字集合,5,base,LIKELY,,may_be_idiom_or_proper,industry_pack_v1,1,base-rebuild-term-e9ab98e9a291e5ad,,0
鲁迅博物馆,5,base,LIKELY,,may_be_idiom_or_proper,industry_pack_v1,1,base-rebuild-term-e9b281e8bf85e58d,,0
一口同声,4,base,POSSIBLE,,may_be_idiom_or_compound,industry_pack_v1,1,base-rebuild-term-e4b880e58fa3e590,,0
一并处理,4,base,POSSIBLE,,may_be_idiom_or_compound,industry_pack_v1,1,base-rebuild-term-e4b880e5b9b6e5a4,,0
万用手册,4,base,POSSIBLE,,may_be_idiom_or_compound,industry_pack_v1,1,base-rebuild-term-e4b887e794a8e689,,0
万隆会议,4,base,POSSIBLE,,may_be_idiom_or_compound,industry_pack_v1,1,base-rebuild-term-e4b887e99a86e4bc,,0
三亚会议,4,base,POSSIBLE,,may_be_idiom_or_compound,industry_pack_v1,1,base-rebuild-term-e4b889e4ba9ae4bc,,0
三段萃取,4,base,POSSIBLE,,may_be_idiom_or_compound,industry_pack_v1,1,base-rebuild-term-e4b889e6aeb5e890,,0
上下同欲,4,base,POSSIBLE,,may_be_idiom_or_compound,industry_pack_v1,1,base-rebuild-term-e4b88ae4b88be590,,0
上下客区,4,base,POSSIBLE,,may_be_idiom_or_compound,industry_pack_v2,1,base-rebuild-term-e4b88ae4b88be5ae,,0
上下颠倒,4,base,POSSIBLE,,may_be_idiom_or_compound,industry_pack_v1,1,base-rebuild-term-e4b88ae4b88be9a2,,0
上线计划,4,base,POSSIBLE,,may_be_idiom_or_compound,external_full_review_supplement_v1,1,base-rebuild-term-e4b88ae7babfe8ae,,0
专家学者,4,base,POSSIBLE,,may_be_idiom_or_compound,industry_pack_v1,1,base-rebuild-term-e4b893e5aeb6e5ad,,0
专家建议,4,base,POSSIBLE,,may_be_idiom_or_compound,industry_pack_v1,1,base-rebuild-term-e4b893e5aeb6e5bb,,0
专家教授,4,base,POSSIBLE,,may_be_idiom_or_compound,industry_pack_v1,1,base-rebuild-term-e4b893e5aeb6e695,,0
专家系统,4,base,POSSIBLE,,may_be_idiom_or_compound,industry_pack_v1,1,base-rebuild-term-e4b893e5aeb6e7b3,,0
专家论证,4,base,POSSIBLE,,may_be_idiom_or_compound,industry_pack_v1,1,base-rebuild-term-e4b893e5aeb6e8ae,,0
专家门诊,4,base,POSSIBLE,,may_be_idiom_or_compound,industry_pack_v1,1,base-rebuild-term-e4b893e5aeb6e997,,0
专科门诊,4,base,POSSIBLE,,may_be_idiom_or_compound,industry_pack_v1,1,base-rebuild-term-e4b893e7a791e997,,0
专题会议,4,base,POSSIBLE,,may_be_idiom_or_compound,industry_pack_v1,1,base-rebuild-term-e4b893e9a298e4bc,,0
专题讨论,4,base,POSSIBLE,,may_be_idiom_or_compound,industry_pack_v1,1,base-rebuild-term-e4b893e9a298e8ae,,0
专题评测,4,base,POSSIBLE,,may_be_idiom_or_compound,industry_pack_v1,1,base-rebuild-term-e4b893e9a298e8af,,0
业主论坛,4,base,POSSIBLE,,may_be_idiom_or_compound,industry_pack_v1,1,base-rebuild-term-e4b89ae4b8bbe8ae,,0
东风论坛,4,base,POSSIBLE,,may_be_idiom_or_compound,industry_pack_v1,1,base-rebuild-term-e4b89ce9a38ee8ae,,0
两条路线,4,base,POSSIBLE,,may_be_idiom_or_compound,industry_pack_v1,1,base-rebuild-term-e4b8a4e69da1e8b7,,0
个人资料,4,base,POSSIBLE,,may_be_idiom_or_compound,industry_pack_v1,1,base-rebuild-term-e4b8aae4babae8b5,,0
中国护士,4,base,POSSIBLE,,may_be_idiom_or_compound,industry_pack_v1,1,base-rebuild-term-e4b8ade59bbde68a,,0
中央空调,4,base,POSSIBLE,,may_be_idiom_or_compound,industry_pack_v1,1,base-rebuild-term-e4b8ade5a4aee7a9,,0
中央酒店,4,base,POSSIBLE,,may_be_idiom_or_compound,industry_pack_v1,1,base-rebuild-term-e4b8ade5a4aee985,,0
中心注水,4,base,POSSIBLE,,may_be_idiom_or_compound,industry_pack_v1,1,base-rebuild-term-e4b8ade5bf83e6b3,,0
中文导游,4,base,POSSIBLE,,may_be_idiom_or_compound,industry_pack_v1,1,base-rebuild-term-e4b8ade69687e5af,,0
中文论坛,4,base,POSSIBLE,,may_be_idiom_or_compound,industry_pack_v1,1,base-rebuild-term-e4b8ade69687e8ae,,0
主任医师,4,base,POSSIBLE,,may_be_idiom_or_compound,industry_pack_v1,1,base-rebuild-term-e4b8bbe4bbbbe58c,,0
主任委员,4,base,POSSIBLE,,may_be_idiom_or_compound,industry_pack_v1,1,base-rebuild-term-e4b8bbe4bbbbe5a7,,0
主任科员,4,base,POSSIBLE,,may_be_idiom_or_compound,industry_pack_v1,1,base-rebuild-term-e4b8bbe4bbbbe7a7,,0
主办单位,4,base,POSSIBLE,,may_be_idiom_or_compound,industry_pack_v1,1,base-rebuild-term-e4b8bbe58a9ee58d,,0
主持会议,4,base,POSSIBLE,,may_be_idiom_or_compound,industry_pack_v1,1,base-rebuild-term-e4b8bbe68c81e4bc,,0
主持公道,4,base,POSSIBLE,,may_be_idiom_or_compound,industry_pack_v1,1,base-rebuild-term-e4b8bbe68c81e585,,0
主持正义,4,base,POSSIBLE,,may_be_idiom_or_compound,industry_pack_v1,1,base-rebuild-term-e4b8bbe68c81e6ad,,0
主题乐园,4,base,POSSIBLE,,may_be_idiom_or_compound,industry_pack_v1,1,base-rebuild-term-e4b8bbe9a298e4b9,,0
主题公园,4,base,POSSIBLE,,may_be_idiom_or_compound,industry_pack_v1,1,base-rebuild-term-e4b8bbe9a298e585,,0
主题医院,4,base,POSSIBLE,,may_be_idiom_or_compound,industry_pack_v1,1,base-rebuild-term-e4b8bbe9a298e58c,,0
举手发言,4,base,POSSIBLE,,may_be_idiom_or_compound,industry_pack_v1,1,base-rebuild-term-e4b8bee6898be58f,,0
举手表决,4,base,POSSIBLE,,may_be_idiom_or_compound,industry_pack_v1,1,base-rebuild-term-e4b8bee6898be8a1,,0
举牌接机,4,base,POSSIBLE,,may_be_idiom_or_compound,external_full_review_supplement_v1,1,base-rebuild-term-e4b8bee7898ce68e,,0
乘客电梯,4,base,POSSIBLE,,may_be_idiom_or_compound,industry_pack_v1,1,base-rebuild-term-e4b998e5aea2e794,,0
乙肝疫苗,4,base,POSSIBLE,,may_be_idiom_or_compound,industry_pack_v1,1,base-rebuild-term-e4b999e8829de796,,0
乡村面包,4,base,POSSIBLE,,may_be_idiom_or_compound,industry_pack_v1,1,base-rebuild-term-e4b9a1e69d91e99d,,0
争先发言,4,base,POSSIBLE,,may_be_idiom_or_compound,industry_pack_v1,1,base-rebuild-term-e4ba89e58588e58f,,0
二手空调,4,base,POSSIBLE,,may_be_idiom_or_compound,industry_pack_v1,1,base-rebuild-term-e4ba8ce6898be7a9,,0
二段萃取,4,base,POSSIBLE,,may_be_idiom_or_compound,industry_pack_v1,1,base-rebuild-term-e4ba8ce6aeb5e890,,0
二级缓存,4,base,POSSIBLE,,may_be_idiom_or_compound,industry_pack_v1,1,base-rebuild-term-e4ba8ce7baa7e7bc,,0
交通拥堵,4,base,POSSIBLE,,may_be_idiom_or_compound,industry_pack_v2,1,base-rebuild-term-e4baa4e9809ae68b,,0
交通路线,4,base,POSSIBLE,,may_be_idiom_or_compound,industry_pack_v1,1,base-rebuild-term-e4baa4e9809ae8b7,,0
交通违章,4,base,POSSIBLE,,may_be_idiom_or_compound,industry_pack_v2,1,base-rebuild-term-e4baa4e9809ae8bf,,0
产权酒店,4,base,POSSIBLE,,may_be_idiom_or_compound,industry_pack_v1,1,base-rebuild-term-e4baa7e69d83e985,,0
人大主任,4,base,POSSIBLE,,may_be_idiom_or_compound,industry_pack_v1,1,base-rebuild-term-e4babae5a4a7e4b8,,0
人工评审,4,base,POSSIBLE,,may_be_idiom_or_compound,industry_pack_v1,1,base-rebuild-term-e4babae5b7a5e8af,,0
从严处理,4,base,POSSIBLE,,may_be_idiom_or_compound,industry_pack_v1,1,base-rebuild-term-e4bb8ee4b8a5e5a4,,0
从轻处理,4,base,POSSIBLE,,may_be_idiom_or_compound,industry_pack_v1,1,base-rebuild-term-e4bb8ee8bdbbe5a4,,0
代价函数,4,base,POSSIBLE,,may_be_idiom_or_compound,industry_pack_v1,1,base-rebuild-term-e4bba3e4bbb7e587,,0
代码审查,4,base,POSSIBLE,,may_be_idiom_or_compound,external_full_review_supplement_v1,1,base-rebuild-term-e4bba3e7a081e5ae,,0
价值模型,4,base,POSSIBLE,,may_be_idiom_or_compound,industry_pack_v1,1,base-rebuild-term-e4bbb7e580bce6a8,,0
任务队列,4,base,POSSIBLE,,may_be_idiom_or_compound,industry_pack_v1,1,base-rebuild-term-e4bbbbe58aa1e998,,0
企业会员,4,base,POSSIBLE,,may_be_idiom_or_compound,industry_pack_v1,1,base-rebuild-term-e4bc81e4b89ae4bc,,0
休息时间,4,base,POSSIBLE,,may_be_idiom_or_compound,industry_pack_v1,1,base-rebuild-term-e4bc91e681afe697,,0
众口同声,4,base,POSSIBLE,,may_be_idiom_or_compound,industry_pack_v1,1,base-rebuild-term-e4bc97e58fa3e590,,0
优化完成,4,base,POSSIBLE,,may_be_idiom_or_compound,industry_pack_v1,1,base-rebuild-term-e4bc98e58c96e5ae,,0
优化日志,4,base,POSSIBLE,,may_be_idiom_or_compound,industry_pack_v1,1,base-rebuild-term-e4bc98e58c96e697,,0
优化算法,4,base,POSSIBLE,,may_be_idiom_or_compound,industry_pack_v1,1,base-rebuild-term-e4bc98e58c96e7ae,,0
会员中心,4,base,POSSIBLE,,may_be_idiom_or_compound,industry_pack_v1,1,base-rebuild-term-e4bc9ae59198e4b8,,0
会员单位,4,base,POSSIBLE,,may_be_idiom_or_compound,industry_pack_v1,1,base-rebuild-term-e4bc9ae59198e58d,,0
会员名单,4,base,POSSIBLE,,may_be_idiom_or_compound,industry_pack_v1,1,base-rebuild-term-e4bc9ae59198e590,,0
会员大会,4,base,POSSIBLE,,may_be_idiom_or_compound,industry_pack_v1,1,base-rebuild-term-e4bc9ae59198e5a4,,0
会员帐号,4,base,POSSIBLE,,may_be_idiom_or_compound,industry_pack_v1,1,base-rebuild-term-e4bc9ae59198e5b8,,0
会员资料,4,base,POSSIBLE,,may_be_idiom_or_compound,industry_pack_v1,1,base-rebuild-term-e4bc9ae59198e8b5,,0
会场布置,4,base,POSSIBLE,,may_be_idiom_or_compound,external_full_review_supplement_v1,1,base-rebuild-term-e4bc9ae59cbae5b8,,0
会议接待,4,base,POSSIBLE,,may_be_idiom_or_compound,external_full_review_supplement_v1,1,base-rebuild-term-e4bc9ae8aeaee68e,,0
会议签到,4,base,POSSIBLE,,may_be_idiom_or_compound,external_full_review_supplement_v1,1,base-rebuild-term-e4bc9ae8aeaee7ad,,0
会议议程,4,base,POSSIBLE,,may_be_idiom_or_compound,external_full_review_supplement_v1,1,base-rebuild-term-e4bc9ae8aeaee8ae,,0
会议资料,4,base,POSSIBLE,,may_be_idiom_or_compound,external_full_review_supplement_v1,1,base-rebuild-term-e4bc9ae8aeaee8b5,,0
会议通知,4,base,POSSIBLE,,may_be_idiom_or_compound,external_full_review_supplement_v1,1,base-rebuild-term-e4bc9ae8aeaee980,,0
会议链接,4,base,POSSIBLE,,may_be_idiom_or_compound,external_full_review_supplement_v1,1,base-rebuild-term-e4bc9ae8aeaee993,,0
会话状态,4,base,POSSIBLE,,may_be_idiom_or_compound,industry_pack_v1,1,base-rebuild-term-e4bc9ae8af9de78a,,0
会话监控,4,base,POSSIBLE,,may_be_idiom_or_compound,industry_pack_v1,1,base-rebuild-term-e4bc9ae8af9de79b,,0
伯爵红茶,4,base,POSSIBLE,,may_be_idiom_or_compound,industry_pack_v1,1,base-rebuild-term-e4bcafe788b5e7ba,,0
低秩适配,4,base,POSSIBLE,,may_be_idiom_or_compound,industry_pack_v1,1,base-rebuild-term-e4bd8ee7a7a9e980,,0
住客名册,4,base,POSSIBLE,,may_be_idiom_or_compound,industry_pack_v1,1,base-rebuild-term-e4bd8fe5aea2e590,,0
住院医师,4,base,POSSIBLE,,may_be_idiom_or_compound,industry_pack_v1,1,base-rebuild-term-e4bd8fe999a2e58c,,0
住院手续,4,base,POSSIBLE,,may_be_idiom_or_compound,industry_pack_v1,1,base-rebuild-term-e4bd8fe999a2e689,,0
住院治疗,4,base,POSSIBLE,,may_be_idiom_or_compound,industry_pack_v1,1,base-rebuild-term-e4bd8fe999a2e6b2,,0
住院病人,4,base,POSSIBLE,,may_be_idiom_or_compound,industry_pack_v1,1,base-rebuild-term-e4bd8fe999a2e797,,0
保健专家,4,base,POSSIBLE,,may_be_idiom_or_compound,industry_pack_v1,1,base-rebuild-term-e4bf9de581a5e4b8,,0
倒排索引,4,base,POSSIBLE,,may_be_idiom_or_compound,industry_pack_v1,1,base-rebuild-term-e58092e68e92e7b4,,0
假日酒店,4,base,POSSIBLE,,may_be_idiom_or_compound,industry_pack_v1,1,base-rebuild-term-e58187e697a5e985,,0
偏好对齐,4,base,POSSIBLE,,may_be_idiom_or_compound,industry_pack_v1,1,base-rebuild-term-e5818fe5a5bde5af,,0
停车换乘,4,base,POSSIBLE,,may_be_idiom_or_compound,industry_pack_v1,1,base-rebuild-term-e5819ce8bda6e68d,,0
儿科医生,4,base,POSSIBLE,,may_be_idiom_or_compound,industry_pack_v1,1,base-rebuild-term-e584bfe7a791e58c,,0
儿童不宜,4,base,POSSIBLE,,may_be_idiom_or_compound,industry_pack_v1,1,base-rebuild-term-e584bfe7aba5e4b8,,0
儿童座椅,4,base,POSSIBLE,,may_be_idiom_or_compound,industry_pack_v1,1,base-rebuild-term-e584bfe7aba5e5ba,,0
入住时间,4,base,POSSIBLE,,may_be_idiom_or_compound,external_full_review_supplement_v1,1,base-rebuild-term-e585a5e4bd8fe697,,0
入口通道,4,base,POSSIBLE,,may_be_idiom_or_compound,industry_pack_v1,1,base-rebuild-term-e585a5e58fa3e980,,0
全文如下,4,base,POSSIBLE,,may_be_idiom_or_compound,industry_pack_v2,1,base-rebuild-term-e585a8e69687e5a6,,0
全文检索,4,base,POSSIBLE,,may_be_idiom_or_compound,industry_pack_v1,1,base-rebuild-term-e585a8e69687e6a3,,0
全麦吐司,4,base,POSSIBLE,,may_be_idiom_or_compound,industry_pack_v1,1,base-rebuild-term-e585a8e9baa6e590,,0
公交接送,4,base,POSSIBLE,,may_be_idiom_or_compound,industry_pack_v1,1,base-rebuild-term-e585ace4baa4e68e,,0
公交站点,4,base,POSSIBLE,,may_be_idiom_or_compound,industry_pack_v2,1,base-rebuild-term-e585ace4baa4e7ab,,0
公交路线,4,base,POSSIBLE,,may_be_idiom_or_compound,industry_pack_v1,1,base-rebuild-term-e585ace4baa4e8b7,,0
公路接送,4,base,POSSIBLE,,may_be_idiom_or_compound,industry_pack_v1,1,base-rebuild-term-e585ace8b7afe68e,,0
公路路线,4,base,POSSIBLE,,may_be_idiom_or_compound,industry_pack_v1,1,base-rebuild-term-e585ace8b7afe8b7,,0
兰梅马芬,4,base,POSSIBLE,,may_be_idiom_or_compound,domain_seed_v1_homophone_variant,1,base-rebuild-term-e585b0e6a285e9a9,,0
内伤发热,4,base,POSSIBLE,,may_be_idiom_or_compound,industry_pack_v1,1,base-rebuild-term-e58685e4bca4e58f,,0
内存池化,4,base,POSSIBLE,,may_be_idiom_or_compound,industry_pack_v1,1,base-rebuild-term-e58685e5ad98e6b1,,0
内科主任,4,base,POSSIBLE,,may_be_idiom_or_compound,industry_pack_v1,1,base-rebuild-term-e58685e7a791e4b8,,0
内科医生,4,base,POSSIBLE,,may_be_idiom_or_compound,industry_pack_v1,1,base-rebuild-term-e58685e7a791e58c,,0
内科手术,4,base,POSSIBLE,,may_be_idiom_or_compound,industry_pack_v1,1,base-rebuild-term-e58685e7a791e689,,0
内科病人,4,base,POSSIBLE,,may_be_idiom_or_compound,industry_pack_v1,1,base-rebuild-term-e58685e7a791e797,,0
冬阴功汤,4,base,POSSIBLE,,may_be_idiom_or_compound,industry_pack_v1,1,base-rebuild-term-e586ace998b4e58a,,0
冷暖空调,4,base,POSSIBLE,,may_be_idiom_or_compound,industry_pack_v1,1,base-rebuild-term-e586b7e69a96e7a9,,0
凉拌黄瓜,4,base,POSSIBLE,,may_be_idiom_or_compound,industry_pack_v1,1,base-rebuild-term-e58789e68b8ce9bb,,0
减毒疫苗,4,base,POSSIBLE,,may_be_idiom_or_compound,industry_pack_v1,1,base-rebuild-term-e5878fe6af92e796,,0
凯撒沙拉,4,base,POSSIBLE,,may_be_idiom_or_compound,industry_pack_v1,1,base-rebuild-term-e587afe69292e6b2,,0
函数调用,4,base,POSSIBLE,,may_be_idiom_or_compound,industry_pack_v1,1,base-rebuild-term-e587bde695b0e8b0,,0
刀刮水洗,4,base,POSSIBLE,,may_be_idiom_or_compound,industry_pack_v1,1,base-rebuild-term-e58880e588aee6b0,,0
分化抗原,4,base,POSSIBLE,,may_be_idiom_or_compound,industry_pack_v1,1,base-rebuild-term-e58886e58c96e68a,,0
分布漂移,4,base,POSSIBLE,,may_be_idiom_or_compound,industry_pack_v1,1,base-rebuild-term-e58886e5b883e6bc,,0
分段注水,4,base,POSSIBLE,,may_be_idiom_or_compound,industry_pack_v1,1,base-rebuild-term-e58886e6aeb5e6b3,,0
创伤外科,4,base,POSSIBLE,,may_be_idiom_or_compound,industry_pack_v1,1,base-rebuild-term-e5889be4bca4e5a4,,0
利比里卡,4,base,POSSIBLE,,may_be_idiom_or_compound,industry_pack_v1,1,base-rebuild-term-e588a9e6af94e987,,0
剁椒鱼头,4,base,POSSIBLE,,may_be_idiom_or_compound,industry_pack_v1,1,base-rebuild-term-e58981e6a492e9b1,,0
前台信息,4,base,POSSIBLE,,may_be_idiom_or_compound,industry_pack_v1,1,base-rebuild-term-e5898de58fb0e4bf,,0
前台分区,4,base,POSSIBLE,,may_be_idiom_or_compound,industry_pack_v1,1,base-rebuild-term-e5898de58fb0e588,,0
前台地点,4,base,POSSIBLE,,may_be_idiom_or_compound,industry_pack_v1,1,base-rebuild-term-e5898de58fb0e59c,,0
前台安排,4,base,POSSIBLE,,may_be_idiom_or_compound,industry_pack_v1,1,base-rebuild-term-e5898de58fb0e5ae,,0
前缘走廊,4,base,POSSIBLE,,may_be_idiom_or_compound,industry_pack_v1,1,base-rebuild-term-e5898de7bc98e8b5,,0
前馈网络,4,base,POSSIBLE,,may_be_idiom_or_compound,industry_pack_v1,1,base-rebuild-term-e5898de9a688e7bd,,0
办理入住,4,base,POSSIBLE,,may_be_idiom_or_compound,industry_pack_v1,1,base-rebuild-term-e58a9ee79086e585,,0
办理退房,4,base,POSSIBLE,,may_be_idiom_or_compound,industry_pack_v1,1,base-rebuild-term-e58a9ee79086e980,,0
加料处理,4,base,POSSIBLE,,may_be_idiom_or_compound,industry_pack_v1,1,base-rebuild-term-e58aa0e69699e5a4,,0
加萨走廊,4,base,POSSIBLE,,may_be_idiom_or_compound,industry_pack_v1,1,base-rebuild-term-e58aa0e890a8e8b5,,0
动量算法,4,base,POSSIBLE,,may_be_idiom_or_compound,industry_pack_v1,1,base-rebuild-term-e58aa8e9878fe7ae,,0
包膜抗原,4,base,POSSIBLE,,may_be_idiom_or_compound,industry_pack_v1,1,base-rebuild-term-e58c85e8869ce68a,,0
包被抗原,4,base,POSSIBLE,,may_be_idiom_or_compound,industry_pack_v1,1,base-rebuild-term-e58c85e8a2abe68a,,0
包车地点,4,base,POSSIBLE,,may_be_idiom_or_compound,industry_pack_v1,1,base-rebuild-term-e58c85e8bda6e59c,,0
包车证明,4,base,POSSIBLE,,may_be_idiom_or_compound,industry_pack_v1,1,base-rebuild-term-e58c85e8bda6e8af,,0
医学专家,4,base,POSSIBLE,,may_be_idiom_or_compound,industry_pack_v1,1,base-rebuild-term-e58cbbe5ada6e4b8,,0
医学影像,4,base,POSSIBLE,,may_be_idiom_or_compound,industry_pack_v1,1,base-rebuild-term-e58cbbe5ada6e5bd,,0
千里无烟,4,base,POSSIBLE,,may_be_idiom_or_compound,industry_pack_v1,1,base-rebuild-term-e58d83e9878ce697,,0
半价优待,4,base,POSSIBLE,,may_be_idiom_or_compound,industry_pack_v1,1,base-rebuild-term-e58d8ae4bbb7e4bc,,0
半自动机,4,base,POSSIBLE,,may_be_idiom_or_compound,industry_pack_v1,1,base-rebuild-term-e58d8ae887aae58a,,0
协会会员,4,base,POSSIBLE,,may_be_idiom_or_compound,industry_pack_v1,1,base-rebuild-term-e58d8fe4bc9ae4bc,,0
单元测试,4,base,POSSIBLE,,may_be_idiom_or_compound,external_full_review_supplement_v1,1,base-rebuild-term-e58d95e58583e6b5,,0
南瓜吐司,4,base,POSSIBLE,,may_be_idiom_or_compound,industry_pack_v1,1,base-rebuild-term-e58d97e7939ce590,,0
博物多闻,4,base,POSSIBLE,,may_be_idiom_or_compound,industry_pack_v1,1,base-rebuild-term-e58d9ae789a9e5a4,,0
卡布奇诺,4,base,POSSIBLE,,may_be_idiom_or_compound,domain_seed_v1,1,base-rebuild-term-e58da1e5b883e5a5,,0
卷积网络,4,base,POSSIBLE,,may_be_idiom_or_compound,industry_pack_v1,1,base-rebuild-term-e58db7e7a7afe7bd,,0
参会名单,4,base,POSSIBLE,,may_be_idiom_or_compound,external_full_review_supplement_v1,1,base-rebuild-term-e58f82e4bc9ae590,,0
参数搜索,4,base,POSSIBLE,,may_be_idiom_or_compound,industry_pack_v1,1,base-rebuild-term-e58f82e695b0e690,,0
及时处理,4,base,POSSIBLE,,may_be_idiom_or_compound,industry_pack_v1,1,base-rebuild-term-e58f8ae697b6e5a4,,0
双份浓缩,4,base,POSSIBLE,,may_be_idiom_or_compound,industry_pack_v1,1,base-rebuild-term-e58f8ce4bbbde6b5,,0
双拼加加,4,base,POSSIBLE,,may_be_idiom_or_compound,industry_pack_v1,1,base-rebuild-term-e58f8ce68bbce58a,,0
变性手术,4,base,POSSIBLE,,may_be_idiom_or_compound,industry_pack_v1,1,base-rebuild-term-e58f98e680a7e689,,0
变频空调,4,base,POSSIBLE,,may_be_idiom_or_compound,industry_pack_v1,1,base-rebuild-term-e58f98e9a291e7a9,,0
口腔前庭,4,base,POSSIBLE,,may_be_idiom_or_compound,industry_pack_v1,1,base-rebuild-term-e58fa3e88594e589,,0
口腔医学,4,base,POSSIBLE,,may_be_idiom_or_compound,industry_pack_v1,1,base-rebuild-term-e58fa3e88594e58c,,0
口腔卫生,4,base,POSSIBLE,,may_be_idiom_or_compound,industry_pack_v1,1,base-rebuild-term-e58fa3e88594e58d,,0
口腔康复,4,base,POSSIBLE,,may_be_idiom_or_compound,industry_pack_v1,1,base-rebuild-term-e58fa3e88594e5ba,,0
口腔溃疡,4,base,POSSIBLE,,may_be_idiom_or_compound,industry_pack_v1,1,base-rebuild-term-e58fa3e88594e6ba,,0
口腔疾病,4,base,POSSIBLE,,may_be_idiom_or_compound,industry_pack_v1,1,base-rebuild-term-e58fa3e88594e796,,0
口腔病灶,4,base,POSSIBLE,,may_be_idiom_or_compound,industry_pack_v1,1,base-rebuild-term-e58fa3e88594e797,,0
口腔粘膜,4,base,POSSIBLE,,may_be_idiom_or_compound,industry_pack_v1,1,base-rebuild-term-e58fa3e88594e7b2,,0
口腔红斑,4,base,POSSIBLE,,may_be_idiom_or_compound,industry_pack_v1,1,base-rebuild-term-e58fa3e88594e7ba,,0
口腔褥疮,4,base,POSSIBLE,,may_be_idiom_or_compound,industry_pack_v1,1,base-rebuild-term-e58fa3e88594e8a4,,0
口腔诊所,4,base,POSSIBLE,,may_be_idiom_or_compound,industry_pack_v1,1,base-rebuild-term-e58fa3e88594e8af,,0
另案处理,4,base,POSSIBLE,,may_be_idiom_or_compound,industry_pack_v1,1,base-rebuild-term-e58fa6e6a188e5a4,,0
可乐鸡翅,4,base,POSSIBLE,,may_be_idiom_or_compound,industry_pack_v1,1,base-rebuild-term-e58fafe4b990e9b8,,0
可可吐司,4,base,POSSIBLE,,may_be_idiom_or_compound,industry_pack_v1,1,base-rebuild-term-e58fafe58fafe590,,0
可可脆片,4,base,POSSIBLE,,may_be_idiom_or_compound,industry_pack_v1,1,base-rebuild-term-e58fafe58fafe884,,0
可观测性,4,base,POSSIBLE,,may_be_idiom_or_compound,industry_pack_v1,1,base-rebuild-term-e58fafe8a782e6b5,,0
同声一辞,4,base,POSSIBLE,,may_be_idiom_or_compound,industry_pack_v1,1,base-rebuild-term-e5908ce5a3b0e4b8,,0
同声共气,4,base,POSSIBLE,,may_be_idiom_or_compound,industry_pack_v1,1,base-rebuild-term-e5908ce5a3b0e585,,0
同声同气,4,base,POSSIBLE,,may_be_idiom_or_compound,industry_pack_v1,1,base-rebuild-term-e5908ce5a3b0e590,,0
同声相应,4,base,POSSIBLE,,may_be_idiom_or_compound,industry_pack_v1,1,base-rebuild-term-e5908ce5a3b0e79b,,0
同声附和,4,base,POSSIBLE,,may_be_idiom_or_compound,industry_pack_v1,1,base-rebuild-term-e5908ce5a3b0e999,,0
名誉会员,4,base,POSSIBLE,,may_be_idiom_or_compound,industry_pack_v1,1,base-rebuild-term-e5908de8aa89e4bc,,0
吐司面包,4,base,POSSIBLE,,may_be_idiom_or_compound,industry_pack_v1,1,base-rebuild-term-e59090e58fb8e99d,,0
向量嵌入,4,base,POSSIBLE,,may_be_idiom_or_compound,industry_pack_v1,1,base-rebuild-term-e59091e9878fe5b5,,0
向量检索,4,base,POSSIBLE,,may_be_idiom_or_compound,industry_pack_v1,1,base-rebuild-term-e59091e9878fe6a3,,0
向量状态,4,base,POSSIBLE,,may_be_idiom_or_compound,industry_pack_v1,1,base-rebuild-term-e59091e9878fe78a,,0
向量索引,4,base,POSSIBLE,,may_be_idiom_or_compound,industry_pack_v1,1,base-rebuild-term-e59091e9878fe7b4,,0
吞吐能力,4,base,POSSIBLE,,may_be_idiom_or_compound,industry_pack_v1,1,base-rebuild-term-e5909ee59090e883,,0
味噌拉面,4,base,POSSIBLE,,may_be_idiom_or_compound,industry_pack_v1,1,base-rebuild-term-e591b3e5998ce68b,,0
咖啡价格,4,base,POSSIBLE,,may_be_idiom_or_compound,industry_pack_v1,1,base-rebuild-term-e59296e595a1e4bb,,0
咖啡取消,4,base,POSSIBLE,,may_be_idiom_or_compound,industry_pack_v1,1,base-rebuild-term-e59296e595a1e58f,,0
咖啡套餐,4,base,POSSIBLE,,may_be_idiom_or_compound,industry_pack_v1,1,base-rebuild-term-e59296e595a1e5a5,,0
咖啡推荐,4,base,POSSIBLE,,may_be_idiom_or_compound,industry_pack_v1,1,base-rebuild-term-e59296e595a1e68e,,0
咖啡支付,4,base,POSSIBLE,,may_be_idiom_or_compound,industry_pack_v1,1,base-rebuild-term-e59296e595a1e694,,0
咖啡时间,4,base,POSSIBLE,,may_be_idiom_or_compound,industry_pack_v1,1,base-rebuild-term-e59296e595a1e697,,0
咖啡等待,4,base,POSSIBLE,,may_be_idiom_or_compound,industry_pack_v1,1,base-rebuild-term-e59296e595a1e7ad,,0
咖啡评价,4,base,POSSIBLE,,may_be_idiom_or_compound,industry_pack_v1,1,base-rebuild-term-e59296e595a1e8af,,0
咖啡辣度,4,base,POSSIBLE,,may_be_idiom_or_compound,industry_pack_v1,1,base-rebuild-term-e59296e595a1e8be,,0
咖喱牛腩,4,base,POSSIBLE,,may_be_idiom_or_compound,industry_pack_v1,1,base-rebuild-term-e59296e596b1e789,,0
咖喱鸡饭,4,base,POSSIBLE,,may_be_idiom_or_compound,industry_pack_v1,1,base-rebuild-term-e59296e596b1e9b8,,0
商务酒店,4,base,POSSIBLE,,may_be_idiom_or_compound,industry_pack_v1,1,base-rebuild-term-e59586e58aa1e985,,0
善后处理,4,base,POSSIBLE,,may_be_idiom_or_compound,industry_pack_v1,1,base-rebuild-term-e59684e5908ee5a4,,0
四季春茶,4,base,POSSIBLE,,may_be_idiom_or_compound,industry_pack_v1,1,base-rebuild-term-e59b9be5ada3e698,,0
回归测试,4,base,POSSIBLE,,may_be_idiom_or_compound,external_full_review_supplement_v1,1,base-rebuild-term-e59b9ee5bd92e6b5,,0
团体会员,4,base,POSSIBLE,,may_be_idiom_or_compound,industry_pack_v1,1,base-rebuild-term-e59ba2e4bd93e4bc,,0
国宾酒店,4,base,POSSIBLE,,may_be_idiom_or_compound,industry_pack_v1,1,base-rebuild-term-e59bbde5aebee985,,0
图像分割,4,base,POSSIBLE,,may_be_idiom_or_compound,industry_pack_v1,1,base-rebuild-term-e59bbee5838fe588,,0
图像处理,4,base,POSSIBLE,,may_be_idiom_or_compound,industry_pack_v1,1,base-rebuild-term-e59bbee5838fe5a4,,0
图神经网,4,base,POSSIBLE,,may_be_idiom_or_compound,industry_pack_v1,1,base-rebuild-term-e59bbee7a59ee7bb,,0
土司面包,4,base,POSSIBLE,,may_be_idiom_or_compound,industry_pack_v1,1,base-rebuild-term-e59c9fe58fb8e99d,,0
在线学习,4,base,POSSIBLE,,may_be_idiom_or_compound,industry_pack_v1,1,base-rebuild-term-e59ca8e7babfe5ad,,0
在线评估,4,base,POSSIBLE,,may_be_idiom_or_compound,industry_pack_v1,1,base-rebuild-term-e59ca8e7babfe8af,,0
地图投影,4,base,POSSIBLE,,may_be_idiom_or_compound,industry_pack_v1,1,base-rebuild-term-e59cb0e59bbee68a,,0
地铁接送,4,base,POSSIBLE,,may_be_idiom_or_compound,industry_pack_v1,1,base-rebuild-term-e59cb0e99381e68e,,0
地铁路线,4,base,POSSIBLE,,may_be_idiom_or_compound,industry_pack_v1,1,base-rebuild-term-e59cb0e99381e8b7,,0
坚果欧包,4,base,POSSIBLE,,may_be_idiom_or_compound,industry_pack_v1,1,base-rebuild-term-e59d9ae69e9ce6ac,,0
城际大巴,4,base,POSSIBLE,,may_be_idiom_or_compound,industry_pack_v1,1,base-rebuild-term-e59f8ee99985e5a4,,0
城际铁路,4,base,POSSIBLE,,may_be_idiom_or_compound,industry_pack_v1,1,base-rebuild-term-e59f8ee99985e993,,0
培根披萨,4,base,POSSIBLE,,may_be_idiom_or_compound,industry_pack_v1,1,base-rebuild-term-e59fb9e6a0b9e68a,,0
基线模型,4,base,POSSIBLE,,may_be_idiom_or_compound,industry_pack_v1,1,base-rebuild-term-e59fbae7babfe6a8,,0
堵车站点,4,base,POSSIBLE,,may_be_idiom_or_compound,industry_pack_v2,1,base-rebuild-term-e5a0b5e8bda6e7ab,,0
增量学习,4,base,POSSIBLE,,may_be_idiom_or_compound,industry_pack_v1,1,base-rebuild-term-e5a29ee9878fe5ad,,0
备品备件,4,base,POSSIBLE,,may_be_idiom_or_compound,industry_pack_v1,1,base-rebuild-term-e5a487e59381e5a4,,0
外国专家,4,base,POSSIBLE,,may_be_idiom_or_compound,industry_pack_v1,1,base-rebuild-term-e5a496e59bbde4b8,,0
外科主任,4,base,POSSIBLE,,may_be_idiom_or_compound,industry_pack_v1,1,base-rebuild-term-e5a496e7a791e4b8,,0
外科医生,4,base,POSSIBLE,,may_be_idiom_or_compound,industry_pack_v1,1,base-rebuild-term-e5a496e7a791e58c,,0
外科手术,4,base,POSSIBLE,,may_be_idiom_or_compound,industry_pack_v1,1,base-rebuild-term-e5a496e7a791e689,,0
外科病人,4,base,POSSIBLE,,may_be_idiom_or_compound,industry_pack_v1,1,base-rebuild-term-e5a496e7a791e797,,0
多轮会话,4,base,POSSIBLE,,may_be_idiom_or_compound,industry_pack_v1,1,base-rebuild-term-e5a49ae8bdaee4bc,,0
大连酒店,4,base,POSSIBLE,,may_be_idiom_or_compound,industry_pack_v1,1,base-rebuild-term-e5a4a7e8bf9ee985,,0
头脑发热,4,base,POSSIBLE,,may_be_idiom_or_compound,industry_pack_v1,1,base-rebuild-term-e5a4b4e88491e58f,,0
奖励模型,4,base,POSSIBLE,,may_be_idiom_or_compound,industry_pack_v1,1,base-rebuild-term-e5a596e58ab1e6a8,,0
奥利奥碎,4,base,POSSIBLE,,may_be_idiom_or_compound,industry_pack_v1,1,base-rebuild-term-e5a5a5e588a9e5a5,,0
奶油小方,4,base,POSSIBLE,,may_be_idiom_or_compound,industry_pack_v1,1,base-rebuild-term-e5a5b6e6b2b9e5b0,,0
奶油意面,4,base,POSSIBLE,,may_be_idiom_or_compound,industry_pack_v1,1,base-rebuild-term-e5a5b6e6b2b9e684,,0
奶油泡芙,4,base,POSSIBLE,,may_be_idiom_or_compound,industry_pack_v1,1,base-rebuild-term-e5a5b6e6b2b9e6b3,,0
奶油餐包,4,base,POSSIBLE,,may_be_idiom_or_compound,industry_pack_v1,1,base-rebuild-term-e5a5b6e6b2b9e9a4,,0
奶酪丹麦,4,base,POSSIBLE,,may_be_idiom_or_compound,industry_pack_v1,1,base-rebuild-term-e5a5b6e985aae4b8,,0
奶香吐司,4,base,POSSIBLE,,may_be_idiom_or_compound,industry_pack_v1,1,base-rebuild-term-e5a5b6e9a699e590,,0
妇科医生,4,base,POSSIBLE,,may_be_idiom_or_compound,industry_pack_v1,1,base-rebuild-term-e5a687e7a791e58c,,0
妇科炎症,4,base,POSSIBLE,,may_be_idiom_or_compound,industry_pack_v1,1,base-rebuild-term-e5a687e7a791e782,,0
妇科疾病,4,base,POSSIBLE,,may_be_idiom_or_compound,industry_pack_v1,1,base-rebuild-term-e5a687e7a791e796,,0
姿态估计,4,base,POSSIBLE,,may_be_idiom_or_compound,industry_pack_v1,1,base-rebuild-term-e5a7bfe68081e4bc,,0
安检通道,4,base,POSSIBLE,,may_be_idiom_or_compound,industry_pack_v1,1,base-rebuild-term-e5ae89e6a380e980,,0
实体识别,4,base,POSSIBLE,,may_be_idiom_or_compound,industry_pack_v1,1,base-rebuild-term-e5ae9ee4bd93e8af,,0
实际处理,4,base,POSSIBLE,,may_be_idiom_or_compound,industry_pack_v1,1,base-rebuild-term-e5ae9ee99985e5a4,,0
审慎处理,4,base,POSSIBLE,,may_be_idiom_or_compound,industry_pack_v1,1,base-rebuild-term-e5aea1e6858ee5a4,,0
审计日志,4,base,POSSIBLE,,may_be_idiom_or_compound,industry_pack_v1,1,base-rebuild-term-e5aea1e8aea1e697,,0
客房服务,4,base,POSSIBLE,,may_be_idiom_or_compound,external_full_review_supplement_v1,1,base-rebuild-supp-e5aea2e688bfe69c8de58aa1,,0
室内拖鞋,4,base,POSSIBLE,,may_be_idiom_or_compound,industry_pack_v1,1,base-rebuild-term-e5aea4e58685e68b,,0
宫保鸡丁,4,base,POSSIBLE,,may_be_idiom_or_compound,industry_pack_v1,1,base-rebuild-term-e5aeabe4bf9de9b8,,0
家用空调,4,base,POSSIBLE,,may_be_idiom_or_compound,industry_pack_v1,1,base-rebuild-term-e5aeb6e794a8e7a9,,0
宽大处理,4,base,POSSIBLE,,may_be_idiom_or_compound,industry_pack_v1,1,base-rebuild-term-e5aebde5a4a7e5a4,,0
宾馆酒店,4,base,POSSIBLE,,may_be_idiom_or_compound,industry_pack_v1,1,base-rebuild-term-e5aebee9a686e985,,0
寒天晶球,4,base,POSSIBLE,,may_be_idiom_or_compound,industry_pack_v1,1,base-rebuild-term-e5af92e5a4a9e699,,0
对比学习,4,base,POSSIBLE,,may_be_idiom_or_compound,industry_pack_v1,1,base-rebuild-term-e5afb9e6af94e5ad,,0
对照实验,4,base,POSSIBLE,,may_be_idiom_or_compound,industry_pack_v1,1,base-rebuild-term-e5afb9e785a7e5ae,,0
导游保险,4,base,POSSIBLE,,may_be_idiom_or_compound,industry_pack_v1,1,base-rebuild-term-e5afbce6b8b8e4bf,,0
导航路线,4,base,POSSIBLE,,may_be_idiom_or_compound,industry_pack_v1,1,base-rebuild-term-e5afbce888aae8b7,,0
寿司排队,4,base,POSSIBLE,,may_be_idiom_or_compound,industry_pack_v1,1,base-rebuild-term-e5afbfe58fb8e68e,,0
小麦胚芽,4,base,POSSIBLE,,may_be_idiom_or_compound,industry_pack_v1,1,base-rebuild-term-e5b08fe9baa6e883,,0
履行延迟,4,base,POSSIBLE,,may_be_idiom_or_compound,industry_pack_v1,1,base-rebuild-term-e5b1a5e8a18ce5bb,,0
嵌入模型,4,base,POSSIBLE,,may_be_idiom_or_compound,industry_pack_v1,1,base-rebuild-term-e5b58ce585a5e6a8,,0
嵌入索引,4,base,POSSIBLE,,may_be_idiom_or_compound,industry_pack_v1,1,base-rebuild-term-e5b58ce585a5e7b4,,0
工业空调,4,base,POSSIBLE,,may_be_idiom_or_compound,industry_pack_v1,1,base-rebuild-term-e5b7a5e4b89ae7a9,,0
工具调用,4,base,POSSIBLE,,may_be_idiom_or_compound,industry_pack_v1,1,base-rebuild-term-e5b7a5e585b7e8b0,,0
巧克力圈,4,base,POSSIBLE,,may_be_idiom_or_compound,industry_pack_v1,1,base-rebuild-term-e5b7a7e5858be58a,,0
布里欧修,4,base,POSSIBLE,,may_be_idiom_or_compound,industry_pack_v1,1,base-rebuild-term-e5b883e9878ce6ac,,0
干性奶泡,4,base,POSSIBLE,,may_be_idiom_or_compound,industry_pack_v1,1,base-rebuild-term-e5b9b2e680a7e5a5,,0
干炒牛河,4,base,POSSIBLE,,may_be_idiom_or_compound,industry_pack_v1,1,base-rebuild-term-e5b9b2e78292e789,,0
干煸豆角,4,base,POSSIBLE,,may_be_idiom_or_compound,industry_pack_v1,1,base-rebuild-term-e5b9b2e785b8e8b1,,0
平行投影,4,base,POSSIBLE,,may_be_idiom_or_compound,industry_pack_v1,1,base-rebuild-term-e5b9b3e8a18ce68a,,0
并发模拟,4,base,POSSIBLE,,may_be_idiom_or_compound,industry_pack_v1,1,base-rebuild-term-e5b9b6e58f91e6a8,,0
座位排队,4,base,POSSIBLE,,may_be_idiom_or_compound,industry_pack_v1,1,base-rebuild-term-e5baa7e4bd8de68e,,0
康复中心,4,base,POSSIBLE,,may_be_idiom_or_compound,industry_pack_v1,1,base-rebuild-term-e5bab7e5a48de4b8,,0
康复训练,4,base,POSSIBLE,,may_be_idiom_or_compound,industry_pack_v1,1,base-rebuild-term-e5bab7e5a48de8ae,,0
延误清单,4,base,POSSIBLE,,may_be_idiom_or_compound,industry_pack_v1,1,base-rebuild-term-e5bbb6e8afafe6b8,,0
延误订单,4,base,POSSIBLE,,may_be_idiom_or_compound,industry_pack_v1,1,base-rebuild-term-e5bbb6e8afafe8ae,,0
建议处理,4,base,POSSIBLE,,may_be_idiom_or_compound,industry_pack_v1,1,base-rebuild-term-e5bbbae8aeaee5a4,,0
开刀手术,4,base,POSSIBLE,,may_be_idiom_or_compound,industry_pack_v1,1,base-rebuild-term-e5bc80e58880e689,,0
异常检测,4,base,POSSIBLE,,may_be_idiom_or_compound,industry_pack_v1,1,base-rebuild-term-e5bc82e5b8b8e6a3,,0
弹性伸缩,4,base,POSSIBLE,,may_be_idiom_or_compound,industry_pack_v1,1,base-rebuild-term-e5bcb9e680a7e4bc,,0
强化学习,4,base,POSSIBLE,,may_be_idiom_or_compound,industry_pack_v1,1,base-rebuild-term-e5bcbae58c96e5ad,,0
归一化层,4,base,POSSIBLE,,may_be_idiom_or_compound,industry_pack_v1,1,base-rebuild-term-e5bd92e4b880e58c,,0
归纳推理,4,base,POSSIBLE,,may_be_idiom_or_compound,industry_pack_v1,1,base-rebuild-term-e5bd92e7bab3e68e,,0
当前版本,4,base,POSSIBLE,,may_be_idiom_or_compound,industry_pack_v1,1,base-rebuild-term-e5bd93e5898de789,,0
影像转换,4,base,POSSIBLE,,may_be_idiom_or_compound,industry_pack_v1,1,base-rebuild-term-e5bdb1e5838fe8bd,,0
往返编码,4,base,POSSIBLE,,may_be_idiom_or_compound,industry_pack_v1,1,base-rebuild-term-e5be80e8bf94e7bc,,0
徒步地点,4,base,POSSIBLE,,may_be_idiom_or_compound,industry_pack_v1,1,base-rebuild-term-e5be92e6ada5e59c,,0
徒步路线,4,base,POSSIBLE,,may_be_idiom_or_compound,industry_pack_v1,1,base-rebuild-term-e5be92e6ada5e8b7,,0
御用专家,4,base,POSSIBLE,,may_be_idiom_or_compound,industry_pack_v1,1,base-rebuild-term-e5bea1e794a8e4b8,,0
循环网络,4,base,POSSIBLE,,may_be_idiom_or_compound,industry_pack_v1,1,base-rebuild-term-e5beaae78eafe7bd,,0
心形拉花,4,base,POSSIBLE,,may_be_idiom_or_compound,industry_pack_v1,1,base-rebuild-term-e5bf83e5bda2e68b,,0
心理专家,4,base,POSSIBLE,,may_be_idiom_or_compound,industry_pack_v1,1,base-rebuild-term-e5bf83e79086e4b8,,0
心电感应,4,base,POSSIBLE,,may_be_idiom_or_compound,industry_pack_v1,1,base-rebuild-term-e5bf83e794b5e684,,0
心电监护,4,base,POSSIBLE,,may_be_idiom_or_compound,industry_pack_v1,1,base-rebuild-term-e5bf83e794b5e79b,,0
心脏外科,4,base,POSSIBLE,,may_be_idiom_or_compound,industry_pack_v1,1,base-rebuild-term-e5bf83e8848fe5a4,,0
快捷酒店,4,base,POSSIBLE,,may_be_idiom_or_compound,industry_pack_v1,1,base-rebuild-term-e5bfabe68db7e985,,0
快速修复,4,base,POSSIBLE,,may_be_idiom_or_compound,industry_pack_v1,1,base-rebuild-term-e5bfabe9809fe4bf,,0
快速参考,4,base,POSSIBLE,,may_be_idiom_or_compound,industry_pack_v1,1,base-rebuild-term-e5bfabe9809fe58f,,0
快速完成,4,base,POSSIBLE,,may_be_idiom_or_compound,industry_pack_v1,1,base-rebuild-term-e5bfabe9809fe5ae,,0
快速测试,4,base,POSSIBLE,,may_be_idiom_or_compound,industry_pack_v1,1,base-rebuild-term-e5bfabe9809fe6b5,,0
快速通道,4,base,POSSIBLE,,may_be_idiom_or_compound,industry_pack_v1,1,base-rebuild-term-e5bfabe9809fe980,,0
急诊病人,4,base,POSSIBLE,,may_be_idiom_or_compound,industry_pack_v1,1,base-rebuild-term-e680a5e8af8ae797,,0
总统套房,4,base,POSSIBLE,,may_be_idiom_or_compound,industry_pack_v1,1,base-rebuild-term-e680bbe7bb9fe5a5,,0
总统客房,4,base,POSSIBLE,,may_be_idiom_or_compound,industry_pack_v1,1,base-rebuild-term-e680bbe7bb9fe5ae,,0
恒压萃取,4,base,POSSIBLE,,may_be_idiom_or_compound,industry_pack_v1,1,base-rebuild-term-e68192e58e8be890,,0
意图识别,4,base,POSSIBLE,,may_be_idiom_or_compound,industry_pack_v1,1,base-rebuild-term-e6848fe59bbee8af,,0
慕斯蛋糕,4,base,POSSIBLE,,may_be_idiom_or_compound,industry_pack_v1,1,base-rebuild-term-e68595e696afe89b,,0
成都酒店,4,base,POSSIBLE,,may_be_idiom_or_compound,industry_pack_v1,1,base-rebuild-term-e68890e983bde985,,0
戚风蛋糕,4,base,POSSIBLE,,may_be_idiom_or_compound,industry_pack_v1,1,base-rebuild-term-e6889ae9a38ee89b,,0
房卡入口,4,base,POSSIBLE,,may_be_idiom_or_compound,industry_pack_v1,1,base-rebuild-term-e688bfe58da1e585,,0
打扫卫生,4,base,POSSIBLE,,may_be_idiom_or_compound,industry_pack_v1,1,base-rebuild-term-e68993e689abe58d,,0
打扫战场,4,base,POSSIBLE,,may_be_idiom_or_compound,industry_pack_v1,1,base-rebuild-term-e68993e689abe688,,0
托运行李,4,base,POSSIBLE,,may_be_idiom_or_compound,industry_pack_v1,1,base-rebuild-term-e68998e8bf90e8a1,,0
扫码乘车,4,base,POSSIBLE,,may_be_idiom_or_compound,industry_pack_v1,1,base-rebuild-term-e689abe7a081e4b9,,0
扬州炒饭,4,base,POSSIBLE,,may_be_idiom_or_compound,industry_pack_v1,1,base-rebuild-term-e689ace5b79ee782,,0
批量梯度,4,base,POSSIBLE,,may_be_idiom_or_compound,industry_pack_v1,1,base-rebuild-term-e689b9e9878fe6a2,,0
投影变换,4,base,POSSIBLE,,may_be_idiom_or_compound,industry_pack_v1,1,base-rebuild-term-e68a95e5bdb1e58f,,0
护照接待,4,base,POSSIBLE,,may_be_idiom_or_compound,industry_pack_v1,1,base-rebuild-term-e68aa4e785a7e68e,,0
抹茶吐司,4,base,POSSIBLE,,may_be_idiom_or_compound,industry_pack_v1,1,base-rebuild-term-e68ab9e88cb6e590,,0
押金证明,4,base,POSSIBLE,,may_be_idiom_or_compound,industry_pack_v1,1,base-rebuild-term-e68abce98791e8af,,0
拉面排队,4,base,POSSIBLE,,may_be_idiom_or_compound,industry_pack_v1,1,base-rebuild-term-e68b89e99da2e68e,,0
招待不周,4,base,POSSIBLE,,may_be_idiom_or_compound,industry_pack_v1,1,base-rebuild-term-e68b9be5be85e4b8,,0
拿破仑酥,4,base,POSSIBLE,,may_be_idiom_or_compound,industry_pack_v1,1,base-rebuild-term-e68bbfe7a0b4e4bb,,0
拿铁推荐,4,base,POSSIBLE,,may_be_idiom_or_compound,industry_pack_v1,1,base-rebuild-term-e68bbfe99381e68e,,0
拿铁等待,4,base,POSSIBLE,,may_be_idiom_or_compound,industry_pack_v1,1,base-rebuild-term-e68bbfe99381e7ad,,0
拿铁辣度,4,base,POSSIBLE,,may_be_idiom_or_compound,industry_pack_v1,1,base-rebuild-term-e68bbfe99381e8be,,0
指令微调,4,base,POSSIBLE,,may_be_idiom_or_compound,industry_pack_v1,1,base-rebuild-term-e68c87e4bba4e5be,,0
指标看板,4,base,POSSIBLE,,may_be_idiom_or_compound,industry_pack_v1,1,base-rebuild-term-e68c87e6a087e79c,,0
挥发度计,4,base,POSSIBLE,,may_be_idiom_or_compound,industry_pack_v1,1,base-rebuild-term-e68ca5e58f91e5ba,,0
损失函数,4,base,POSSIBLE,,may_be_idiom_or_compound,industry_pack_v1,1,base-rebuild-term-e68d9fe5a4b1e587,,0
损失惨重,4,base,POSSIBLE,,may_be_idiom_or_compound,industry_pack_v1,1,base-rebuild-term-e68d9fe5a4b1e683,,0
掉头就跑,4,base,POSSIBLE,,may_be_idiom_or_compound,industry_pack_v2,1,base-rebuild-term-e68e89e5a4b4e5b0,,0
掉头鼠窜,4,base,POSSIBLE,,may_be_idiom_or_compound,industry_pack_v2,1,base-rebuild-term-e68e89e5a4b4e9bc,,0
接口文档,4,base,POSSIBLE,,may_be_idiom_or_compound,external_full_review_supplement_v1,1,base-rebuild-term-e68ea5e58fa3e696,,0
接送保险,4,base,POSSIBLE,,may_be_idiom_or_compound,industry_pack_v1,1,base-rebuild-term-e68ea5e98081e4bf,,0
接送凭证,4,base,POSSIBLE,,may_be_idiom_or_compound,industry_pack_v1,1,base-rebuild-term-e68ea5e98081e587,,0
接送时间,4,base,POSSIBLE,,may_be_idiom_or_compound,industry_pack_v1,1,base-rebuild-term-e68ea5e98081e697,,0
接送费用,4,base,POSSIBLE,,may_be_idiom_or_compound,industry_pack_v1,1,base-rebuild-term-e68ea5e98081e8b4,,0
推理加速,4,base,POSSIBLE,,may_be_idiom_or_compound,industry_pack_v1,1,base-rebuild-term-e68ea8e79086e58a,,0
推理延迟,4,base,POSSIBLE,,may_be_idiom_or_compound,industry_pack_v1,1,base-rebuild-term-e68ea8e79086e5bb,,0
推理引擎,4,base,POSSIBLE,,may_be_idiom_or_compound,industry_pack_v1,1,base-rebuild-term-e68ea8e79086e5bc,,0
推理服务,4,base,POSSIBLE,,may_be_idiom_or_compound,external_full_review_supplement_v1,1,base-rebuild-term-e68ea8e79086e69c,,0
推理框架,4,base,POSSIBLE,,may_be_idiom_or_compound,industry_pack_v1,1,base-rebuild-term-e68ea8e79086e6a1,,0
推理模型,4,base,POSSIBLE,,may_be_idiom_or_compound,industry_pack_v1,1,base-rebuild-term-e68ea8e79086e6a8,,0
推理诊断,4,base,POSSIBLE,,may_be_idiom_or_compound,industry_pack_v1,1,base-rebuild-term-e68ea8e79086e8af,,0
提前入住,4,base,POSSIBLE,,may_be_idiom_or_compound,industry_pack_v1,1,base-rebuild-term-e68f90e5898de585,,0
提拉米苏,4,base,POSSIBLE,,may_be_idiom_or_compound,industry_pack_v1,1,base-rebuild-term-e68f90e68b89e7b1,,0
提示工程,4,base,POSSIBLE,,may_be_idiom_or_compound,industry_pack_v1,1,base-rebuild-term-e68f90e7a4bae5b7,,0
提示模板,4,base,POSSIBLE,,may_be_idiom_or_compound,industry_pack_v1,1,base-rebuild-term-e68f90e7a4bae6a8,,0
擅自处理,4,base,POSSIBLE,,may_be_idiom_or_compound,industry_pack_v1,1,base-rebuild-term-e69385e887aae5a4,,0
支气管镜,4,base,POSSIBLE,,may_be_idiom_or_compound,industry_pack_v1,1,base-rebuild-term-e694afe6b094e7ae,,0
故障模拟,4,base,POSSIBLE,,may_be_idiom_or_compound,industry_pack_v1,1,base-rebuild-term-e69585e99a9ce6a8,,0
故障转移,4,base,POSSIBLE,,may_be_idiom_or_compound,industry_pack_v1,1,base-rebuild-term-e69585e99a9ce8bd,,0
散团地点,4,base,POSSIBLE,,may_be_idiom_or_compound,external_full_review_supplement_v1,1,base-rebuild-term-e695a3e59ba2e59c,,0
数据仓库,4,base,POSSIBLE,,may_be_idiom_or_compound,industry_pack_v1,1,base-rebuild-term-e695b0e68daee4bb,,0
数据处理,4,base,POSSIBLE,,may_be_idiom_or_compound,industry_pack_v1,1,base-rebuild-term-e695b0e68daee5a4,,0
数据库表,4,base,POSSIBLE,,may_be_idiom_or_compound,external_full_review_supplement_v1,1,base-rebuild-supp-e695b0e68daee5ba93e8a1a8,,0
数据湖仓,4,base,POSSIBLE,,may_be_idiom_or_compound,industry_pack_v1,1,base-rebuild-term-e695b0e68daee6b9,,0
数据漂移,4,base,POSSIBLE,,may_be_idiom_or_compound,industry_pack_v1,1,base-rebuild-term-e695b0e68daee6bc,,0
文本分类,4,base,POSSIBLE,,may_be_idiom_or_compound,industry_pack_v1,1,base-rebuild-term-e69687e69cace588,,0
文本匹配,4,base,POSSIBLE,,may_be_idiom_or_compound,industry_pack_v1,1,base-rebuild-term-e69687e69cace58c,,0
文本生成,4,base,POSSIBLE,,may_be_idiom_or_compound,industry_pack_v1,1,base-rebuild-term-e69687e69cace794,,0
文本聚类,4,base,POSSIBLE,,may_be_idiom_or_compound,industry_pack_v1,1,base-rebuild-term-e69687e69cace881,,0
文档版本,4,base,POSSIBLE,,may_be_idiom_or_compound,industry_pack_v1,1,base-rebuild-term-e69687e6a1a3e789,,0
新生儿科,4,base,POSSIBLE,,may_be_idiom_or_compound,industry_pack_v1,1,base-rebuild-term-e696b0e7949fe584,,0
旅游巴士,4,base,POSSIBLE,,may_be_idiom_or_compound,industry_pack_v1,1,base-rebuild-term-e69785e6b8b8e5b7,,0
旅游线路,4,base,POSSIBLE,,may_be_idiom_or_compound,external_full_review_supplement_v1,1,base-rebuild-term-e69785e6b8b8e7ba,,0
无烟工业,4,base,POSSIBLE,,may_be_idiom_or_compound,industry_pack_v1,1,base-rebuild-term-e697a0e7839fe5b7,,0
无烟火药,4,base,POSSIBLE,,may_be_idiom_or_compound,industry_pack_v1,1,base-rebuild-term-e697a0e7839fe781,,0
无障碍道,4,base,POSSIBLE,,may_be_idiom_or_compound,industry_pack_v1,1,base-rebuild-term-e697a0e99a9ce7a2,,0
日志恢复,4,base,POSSIBLE,,may_be_idiom_or_compound,industry_pack_v1,1,base-rebuild-term-e697a5e5bf97e681,,0
日志文件,4,base,POSSIBLE,,may_be_idiom_or_compound,industry_pack_v1,1,base-rebuild-term-e697a5e5bf97e696,,0
日志格式,4,base,POSSIBLE,,may_be_idiom_or_compound,industry_pack_v1,1,base-rebuild-term-e697a5e5bf97e6a0,,0
日志系统,4,base,POSSIBLE,,may_be_idiom_or_compound,industry_pack_v1,1,base-rebuild-term-e697a5e5bf97e7b3,,0
日志索引,4,base,POSSIBLE,,may_be_idiom_or_compound,industry_pack_v1,1,base-rebuild-term-e697a5e5bf97e7b4,,0
日志记录,4,base,POSSIBLE,,may_be_idiom_or_compound,industry_pack_v1,1,base-rebuild-term-e697a5e5bf97e8ae,,0
日晒雨淋,4,base,POSSIBLE,,may_be_idiom_or_compound,industry_pack_v1,1,base-rebuild-term-e697a5e69992e99b,,0
早停策略,4,base,POSSIBLE,,may_be_idiom_or_compound,industry_pack_v1,1,base-rebuild-term-e697a9e5819ce7ad,,0
早日康复,4,base,POSSIBLE,,may_be_idiom_or_compound,industry_pack_v1,1,base-rebuild-term-e697a9e697a5e5ba,,0
早餐座位,4,base,POSSIBLE,,may_be_idiom_or_compound,industry_pack_v1,1,base-rebuild-term-e697a9e9a490e5ba,,0
早餐推荐,4,base,POSSIBLE,,may_be_idiom_or_compound,industry_pack_v1,1,base-rebuild-term-e697a9e9a490e68e,,0
早餐时间,4,base,POSSIBLE,,may_be_idiom_or_compound,industry_pack_v1,1,base-rebuild-term-e697a9e9a490e697,,0
明修栈道,4,base,POSSIBLE,,may_be_idiom_or_compound,industry_pack_v1,1,base-rebuild-term-e6988ee4bfaee6a0,,0
星洲炒米,4,base,POSSIBLE,,may_be_idiom_or_compound,industry_pack_v1,1,base-rebuild-term-e6989fe6b4b2e782,,0
显存复用,4,base,POSSIBLE,,may_be_idiom_or_compound,industry_pack_v1,1,base-rebuild-term-e698bee5ad98e5a4,,0
显存管理,4,base,POSSIBLE,,may_be_idiom_or_compound,industry_pack_v1,1,base-rebuild-term-e698bee5ad98e7ae,,0
景区入口,4,base,POSSIBLE,,may_be_idiom_or_compound,external_full_review_supplement_v1,1,base-rebuild-term-e699afe58cbae585,,0
景区出口,4,base,POSSIBLE,,may_be_idiom_or_compound,external_full_review_supplement_v1,1,base-rebuild-term-e699afe58cbae587,,0
景点取消,4,base,POSSIBLE,,may_be_idiom_or_compound,industry_pack_v1,1,base-rebuild-term-e699afe782b9e58f,,0
景点门票,4,base,POSSIBLE,,may_be_idiom_or_compound,industry_pack_v1,1,base-rebuild-term-e699afe782b9e997,,0
智能不足,4,base,POSSIBLE,,may_be_idiom_or_compound,industry_pack_v1,1,base-rebuild-term-e699bae883bde4b8,,0
有气无烟,4,base,POSSIBLE,,may_be_idiom_or_compound,industry_pack_v1,1,base-rebuild-term-e69c89e6b094e697,,0
有轨电车,4,base,POSSIBLE,,may_be_idiom_or_compound,industry_pack_v1,1,base-rebuild-term-e69c89e8bda8e794,,0
服务列表,4,base,POSSIBLE,,may_be_idiom_or_compound,industry_pack_v2,1,base-rebuild-term-e69c8de58aa1e588,,0
服务启动,4,base,POSSIBLE,,may_be_idiom_or_compound,industry_pack_v2,1,base-rebuild-term-e69c8de58aa1e590,,0
服务必需,4,base,POSSIBLE,,may_be_idiom_or_compound,industry_pack_v2,1,base-rebuild-term-e69c8de58aa1e5bf,,0
服务接口,4,base,POSSIBLE,,may_be_idiom_or_compound,external_full_review_supplement_v1,1,base-rebuild-term-e69c8de58aa1e68e,,0
服务日志,4,base,POSSIBLE,,may_be_idiom_or_compound,industry_pack_v2,1,base-rebuild-term-e69c8de58aa1e697,,0
服务电梯,4,base,POSSIBLE,,may_be_idiom_or_compound,industry_pack_v1,1,base-rebuild-term-e69c8de58aa1e794,,0
服务管理,4,base,POSSIBLE,,may_be_idiom_or_compound,industry_pack_v2,1,base-rebuild-term-e69c8de58aa1e7ae,,0
服务类型,4,base,POSSIBLE,,may_be_idiom_or_compound,industry_pack_v2,1,base-rebuild-term-e69c8de58aa1e7b1,,0
服务编排,4,base,POSSIBLE,,may_be_idiom_or_compound,industry_pack_v1,1,base-rebuild-term-e69c8de58aa1e7bc,,0
服务网格,4,base,POSSIBLE,,may_be_idiom_or_compound,industry_pack_v1,1,base-rebuild-term-e69c8de58aa1e7bd,,0
服务重试,4,base,POSSIBLE,,may_be_idiom_or_compound,industry_pack_v2,1,base-rebuild-term-e69c8de58aa1e987,,0
机器学习,4,base,POSSIBLE,,may_be_idiom_or_compound,industry_pack_v1,1,base-rebuild-term-e69cbae599a8e5ad,,0
机场中心,4,base,POSSIBLE,,may_be_idiom_or_compound,industry_pack_v1,1,base-rebuild-term-e69cbae59cbae4b8,,0
机场信息,4,base,POSSIBLE,,may_be_idiom_or_compound,industry_pack_v1,1,base-rebuild-term-e69cbae59cbae4bf,,0
机场安排,4,base,POSSIBLE,,may_be_idiom_or_compound,industry_pack_v1,1,base-rebuild-term-e69cbae59cbae5ae,,0
机场快线,4,base,POSSIBLE,,may_be_idiom_or_compound,industry_pack_v1,1,base-rebuild-term-e69cbae59cbae5bf,,0
机场接待,4,base,POSSIBLE,,may_be_idiom_or_compound,industry_pack_v1,1,base-rebuild-term-e69cbae59cbae68e,,0
机场时间,4,base,POSSIBLE,,may_be_idiom_or_compound,industry_pack_v1,1,base-rebuild-term-e69cbae59cbae697,,0
机场费用,4,base,POSSIBLE,,may_be_idiom_or_compound,industry_pack_v1,1,base-rebuild-term-e69cbae59cbae8b4,,0
杂粮面包,4,base,POSSIBLE,,may_be_idiom_or_compound,industry_pack_v1,1,base-rebuild-term-e69d82e7b2aee99d,,0
权重衰减,4,base,POSSIBLE,,may_be_idiom_or_compound,industry_pack_v1,1,base-rebuild-term-e69d83e9878de8a1,,0
杏仁丹麦,4,base,POSSIBLE,,may_be_idiom_or_compound,industry_pack_v1,1,base-rebuild-term-e69d8fe4bb81e4b8,,0
枫糖丹麦,4,base,POSSIBLE,,may_be_idiom_or_compound,industry_pack_v1,1,base-rebuild-term-e69eabe7b396e4b8,,0
查看日志,4,base,POSSIBLE,,may_be_idiom_or_compound,industry_pack_v1,1,base-rebuild-term-e69fa5e79c8be697,,0
样本仓库,4,base,POSSIBLE,,may_be_idiom_or_compound,industry_pack_v1,1,base-rebuild-term-e6a0b7e69cace4bb,,0
核桃吐司,4,base,POSSIBLE,,may_be_idiom_or_compound,industry_pack_v1,1,base-rebuild-term-e6a0b8e6a183e590,,0
格力空调,4,base,POSSIBLE,,may_be_idiom_or_compound,industry_pack_v1,1,base-rebuild-term-e6a0bce58a9be7a9,,0
梯度累积,4,base,POSSIBLE,,may_be_idiom_or_compound,industry_pack_v1,1,base-rebuild-term-e6a2afe5baa6e7b4,,0
梯度裁剪,4,base,POSSIBLE,,may_be_idiom_or_compound,industry_pack_v1,1,base-rebuild-term-e6a2afe5baa6e8a3,,0
检查内容,4,base,POSSIBLE,,may_be_idiom_or_compound,industry_pack_v1,1,base-rebuild-term-e6a380e69fa5e586,,0
检查失败,4,base,POSSIBLE,,may_be_idiom_or_compound,industry_pack_v1,1,base-rebuild-term-e6a380e69fa5e5a4,,0
检查日志,4,base,POSSIBLE,,may_be_idiom_or_compound,industry_pack_v1,1,base-rebuild-term-e6a380e69fa5e697,,0
检查本地,4,base,POSSIBLE,,may_be_idiom_or_compound,industry_pack_v1,1,base-rebuild-term-e6a380e69fa5e69c,,0
检查清单,4,base,POSSIBLE,,may_be_idiom_or_compound,industry_pack_v1,1,base-rebuild-term-e6a380e69fa5e6b8,,0
检查进程,4,base,POSSIBLE,,may_be_idiom_or_compound,industry_pack_v1,1,base-rebuild-term-e6a380e69fa5e8bf,,0
检查通过,4,base,POSSIBLE,,may_be_idiom_or_compound,industry_pack_v1,1,base-rebuild-term-e6a380e69fa5e980,,0
椰浆鸡汤,4,base,POSSIBLE,,may_be_idiom_or_compound,industry_pack_v1,1,base-rebuild-term-e6a4b0e6b586e9b8,,0
槽位填充,4,base,POSSIBLE,,may_be_idiom_or_compound,industry_pack_v1,1,base-rebuild-term-e6a7bde4bd8de5a1,,0
模型仓库,4,base,POSSIBLE,,may_be_idiom_or_compound,industry_pack_v1,1,base-rebuild-term-e6a8a1e59e8be4bb,,0
模型卡片,4,base,POSSIBLE,,may_be_idiom_or_compound,industry_pack_v1,1,base-rebuild-term-e6a8a1e59e8be58d,,0
模型审计,4,base,POSSIBLE,,may_be_idiom_or_compound,industry_pack_v1,1,base-rebuild-term-e6a8a1e59e8be5ae,,0
模型服务,4,base,POSSIBLE,,may_be_idiom_or_compound,external_full_review_supplement_v1,1,base-rebuild-term-e6a8a1e59e8be69c,,0
模型治理,4,base,POSSIBLE,,may_be_idiom_or_compound,industry_pack_v1,1,base-rebuild-term-e6a8a1e59e8be6b2,,0
模型注册,4,base,POSSIBLE,,may_be_idiom_or_compound,industry_pack_v1,1,base-rebuild-term-e6a8a1e59e8be6b3,,0
模型漂移,4,base,POSSIBLE,,may_be_idiom_or_compound,industry_pack_v1,1,base-rebuild-term-e6a8a1e59e8be6bc,,0
模型版本,4,base,POSSIBLE,,may_be_idiom_or_compound,industry_pack_v1,1,base-rebuild-term-e6a8a1e59e8be789,,0
橄榄欧包,4,base,POSSIBLE,,may_be_idiom_or_compound,industry_pack_v1,1,base-rebuild-term-e6a984e6a684e6ac,,0
欺诈检测,4,base,POSSIBLE,,may_be_idiom_or_compound,industry_pack_v1,1,base-rebuild-term-e6acbae8af88e6a3,,0
歌剧蛋糕,4,base,POSSIBLE,,may_be_idiom_or_compound,industry_pack_v1,1,base-rebuild-term-e6ad8ce589a7e89b,,0
正交投影,4,base,POSSIBLE,,may_be_idiom_or_compound,industry_pack_v1,1,base-rebuild-term-e6ada3e4baa4e68a,,0
正则概形,4,base,POSSIBLE,,may_be_idiom_or_compound,industry_pack_v1,1,base-rebuild-term-e6ada3e58899e6a6,,0
正则策略,4,base,POSSIBLE,,may_be_idiom_or_compound,industry_pack_v1,1,base-rebuild-term-e6ada3e58899e7ad,,0
正常关闭,4,base,POSSIBLE,,may_be_idiom_or_compound,industry_pack_v1,1,base-rebuild-term-e6ada3e5b8b8e585,,0
正常工作,4,base,POSSIBLE,,may_be_idiom_or_compound,industry_pack_v1,1,base-rebuild-term-e6ada3e5b8b8e5b7,,0
正常执行,4,base,POSSIBLE,,may_be_idiom_or_compound,industry_pack_v1,1,base-rebuild-term-e6ada3e5b8b8e689,,0
正常状态,4,base,POSSIBLE,,may_be_idiom_or_compound,industry_pack_v1,1,base-rebuild-term-e6ada3e5b8b8e78a,,0
正常行为,4,base,POSSIBLE,,may_be_idiom_or_compound,industry_pack_v1,1,base-rebuild-term-e6ada3e5b8b8e8a1,,0
正常识别,4,base,POSSIBLE,,may_be_idiom_or_compound,industry_pack_v1,1,base-rebuild-term-e6ada3e5b8b8e8af,,0
残差连接,4,base,POSSIBLE,,may_be_idiom_or_compound,industry_pack_v1,1,base-rebuild-term-e6ae8be5b7aee8bf,,0
氮气咖啡,4,base,POSSIBLE,,may_be_idiom_or_compound,industry_pack_v1,1,base-rebuild-term-e6b0aee6b094e592,,0
水果沙拉,4,base,POSSIBLE,,may_be_idiom_or_compound,industry_pack_v1,1,base-rebuild-term-e6b0b4e69e9ce6b2,,0
水果蛋糕,4,base,POSSIBLE,,may_be_idiom_or_compound,industry_pack_v1,1,base-rebuild-term-e6b0b4e69e9ce89b,,0
汽车空调,4,base,POSSIBLE,,may_be_idiom_or_compound,industry_pack_v1,1,base-rebuild-term-e6b1bde8bda6e7a9,,0
河西走廊,4,base,POSSIBLE,,may_be_idiom_or_compound,industry_pack_v1,1,base-rebuild-term-e6b2b3e8a5bfe8b5,,0
油箱站点,4,base,POSSIBLE,,may_be_idiom_or_compound,industry_pack_v2,1,base-rebuild-term-e6b2b9e7aeb1e7ab,,0
注册中心,4,base,POSSIBLE,,may_be_idiom_or_compound,industry_pack_v1,1,base-rebuild-term-e6b3a8e5868ce4b8,,0
洋葱贝果,4,base,POSSIBLE,,may_be_idiom_or_compound,industry_pack_v1,1,base-rebuild-term-e6b48be891b1e8b4,,0
流式处理,4,base,POSSIBLE,,may_be_idiom_or_compound,industry_pack_v1,1,base-rebuild-term-e6b581e5bc8fe5a4,,0
流量镜像,4,base,POSSIBLE,,may_be_idiom_or_compound,industry_pack_v1,1,base-rebuild-term-e6b581e9878fe995,,0
测试数据,4,base,POSSIBLE,,may_be_idiom_or_compound,external_full_review_supplement_v1,1,base-rebuild-term-e6b58be8af95e695,,0
海盐奶盖,4,base,POSSIBLE,,may_be_idiom_or_compound,industry_pack_v1,1,base-rebuild-term-e6b5b7e79b90e5a5,,0
海绵蛋糕,4,base,POSSIBLE,,may_be_idiom_or_compound,industry_pack_v1,1,base-rebuild-term-e6b5b7e7bbb5e89b,,0
海鲜披萨,4,base,POSSIBLE,,may_be_idiom_or_compound,industry_pack_v1,1,base-rebuild-term-e6b5b7e9b29ce68a,,0
海鲜炒饭,4,base,POSSIBLE,,may_be_idiom_or_compound,industry_pack_v1,1,base-rebuild-term-e6b5b7e9b29ce782,,0
消息队列,4,base,POSSIBLE,,may_be_idiom_or_compound,industry_pack_v1,1,base-rebuild-term-e6b688e681afe998,,0
消融实验,4,base,POSSIBLE,,may_be_idiom_or_compound,industry_pack_v1,1,base-rebuild-term-e6b688e89e8de5ae,,0
消防电梯,4,base,POSSIBLE,,may_be_idiom_or_compound,industry_pack_v1,1,base-rebuild-term-e6b688e998b2e794,,0
深度学习,4,base,POSSIBLE,,may_be_idiom_or_compound,industry_pack_v1,1,base-rebuild-term-e6b7b1e5baa6e5ad,,0
混合精度,4,base,POSSIBLE,,may_be_idiom_or_compound,industry_pack_v1,1,base-rebuild-term-e6b7b7e59088e7b2,,0
清蒸鲈鱼,4,base,POSSIBLE,,may_be_idiom_or_compound,industry_pack_v1,1,base-rebuild-term-e6b885e892b8e9b2,,0
湿性奶泡,4,base,POSSIBLE,,may_be_idiom_or_compound,industry_pack_v1,1,base-rebuild-term-e6b9bfe680a7e5a5,,0
漂移检测,4,base,POSSIBLE,,may_be_idiom_or_compound,industry_pack_v1,1,base-rebuild-term-e6bc82e7a7bbe6a3,,0
激活函数,4,base,POSSIBLE,,may_be_idiom_or_compound,industry_pack_v1,1,base-rebuild-term-e6bf80e6b4bbe587,,0
火腿吐司,4,base,POSSIBLE,,may_be_idiom_or_compound,industry_pack_v1,1,base-rebuild-term-e781abe885bfe590,,0
火车保险,4,base,POSSIBLE,,may_be_idiom_or_compound,industry_pack_v2,1,base-rebuild-term-e781abe8bda6e4bf,,0
火车接送,4,base,POSSIBLE,,may_be_idiom_or_compound,industry_pack_v1,1,base-rebuild-term-e781abe8bda6e68e,,0
火车路线,4,base,POSSIBLE,,may_be_idiom_or_compound,industry_pack_v1,1,base-rebuild-term-e781abe8bda6e8b7,,0
灰度发布,4,base,POSSIBLE,,may_be_idiom_or_compound,industry_pack_v1,1,base-rebuild-term-e781b0e5baa6e58f,,0
炒饭排队,4,base,POSSIBLE,,may_be_idiom_or_compound,industry_pack_v1,1,base-rebuild-term-e78292e9a5ade68e,,0
烘焙曲线,4,base,POSSIBLE,,may_be_idiom_or_compound,industry_pack_v1,1,base-rebuild-term-e78398e78499e69b,,0
热情接待,4,base,POSSIBLE,,may_be_idiom_or_compound,industry_pack_v1,1,base-rebuild-term-e783ade68385e68e,,0
焙火乌龙,4,base,POSSIBLE,,may_be_idiom_or_compound,industry_pack_v1,1,base-rebuild-term-e78499e781abe4b9,,0
焚烧处理,4,base,POSSIBLE,,may_be_idiom_or_compound,industry_pack_v1,1,base-rebuild-term-e7849ae783a7e5a4,,0
煎饼果子,4,base,POSSIBLE,,may_be_idiom_or_compound,industry_pack_v1,1,base-rebuild-term-e7858ee9a5bce69e,,0
照烧鸡饭,4,base,POSSIBLE,,may_be_idiom_or_compound,industry_pack_v1,1,base-rebuild-term-e785a7e783a7e9b8,,0
熔断策略,4,base,POSSIBLE,,may_be_idiom_or_compound,industry_pack_v1,1,base-rebuild-term-e78694e696ade7ad,,0
燕麦曲奇,4,base,POSSIBLE,,may_be_idiom_or_compound,industry_pack_v1,1,base-rebuild-term-e78795e9baa6e69b,,0
燕麦面包,4,base,POSSIBLE,,may_be_idiom_or_compound,industry_pack_v1,1,base-rebuild-term-e78795e9baa6e99d,,0
牛奶小方,4,base,POSSIBLE,,may_be_idiom_or_compound,industry_pack_v1,1,base-rebuild-term-e7899be5a5b6e5b0,,0
牛奶面包,4,base,POSSIBLE,,may_be_idiom_or_compound,industry_pack_v1,1,base-rebuild-term-e7899be5a5b6e99d,,0
牛排排队,4,base,POSSIBLE,,may_be_idiom_or_compound,industry_pack_v1,1,base-rebuild-term-e7899be68e92e68e,,0
牛肉炒饭,4,base,POSSIBLE,,may_be_idiom_or_compound,industry_pack_v1,1,base-rebuild-term-e7899be88289e782,,0
牛角之歌,4,base,POSSIBLE,,may_be_idiom_or_compound,industry_pack_v1,1,base-rebuild-term-e7899be8a792e4b9,,0
牛角挂书,4,base,POSSIBLE,,may_be_idiom_or_compound,industry_pack_v1,1,base-rebuild-term-e7899be8a792e68c,,0
特征仓库,4,base,POSSIBLE,,may_be_idiom_or_compound,industry_pack_v1,1,base-rebuild-term-e789b9e5be81e4bb,,0
特征向量,4,base,POSSIBLE,,may_be_idiom_or_compound,industry_pack_v1,1,base-rebuild-term-e789b9e5be81e590,,0
特征工程,4,base,POSSIBLE,,may_be_idiom_or_compound,industry_pack_v1,1,base-rebuild-term-e789b9e5be81e5b7,,0
特征模型,4,base,POSSIBLE,,may_be_idiom_or_compound,industry_pack_v1,1,base-rebuild-term-e789b9e5be81e6a8,,0
玉米浓汤,4,base,POSSIBLE,,may_be_idiom_or_compound,industry_pack_v1,1,base-rebuild-term-e78e89e7b1b3e6b5,,0
环岛时间,4,base,POSSIBLE,,may_be_idiom_or_compound,industry_pack_v2,1,base-rebuild-term-e78eafe5b29be697,,0
珍珠云母,4,base,POSSIBLE,,may_be_idiom_or_compound,industry_pack_v1,1,base-rebuild-term-e78f8de78fa0e4ba,,0
珍珠奶茶,4,base,POSSIBLE,,may_be_idiom_or_compound,industry_pack_v1,1,base-rebuild-term-e78f8de78fa0e5a5,,0
珍珠粉圆,4,base,POSSIBLE,,may_be_idiom_or_compound,industry_pack_v1,1,base-rebuild-term-e78f8de78fa0e7b2,,0
珍珠项链,4,base,POSSIBLE,,may_be_idiom_or_compound,industry_pack_v1,1,base-rebuild-term-e78f8de78fa0e9a1,,0
珍珠首饰,4,base,POSSIBLE,,may_be_idiom_or_compound,industry_pack_v1,1,base-rebuild-term-e78f8de78fa0e9a6,,0
琥珀珍珠,4,base,POSSIBLE,,may_be_idiom_or_compound,industry_pack_v1,1,base-rebuild-term-e790a5e78f80e78f,,0
甜点排队,4,base,POSSIBLE,,may_be_idiom_or_compound,industry_pack_v1,1,base-rebuild-term-e7949ce782b9e68e,,0
生日蛋糕,4,base,POSSIBLE,,may_be_idiom_or_compound,industry_pack_v1,1,base-rebuild-term-e7949fe697a5e89b,,0
生理盐水,4,base,POSSIBLE,,may_be_idiom_or_compound,industry_pack_v1,1,base-rebuild-term-e7949fe79086e79b,,0
电梯公司,4,base,POSSIBLE,,may_be_idiom_or_compound,industry_pack_v1,1,base-rebuild-term-e794b5e6a2afe585,,0
电梯配件,4,base,POSSIBLE,,may_be_idiom_or_compound,industry_pack_v1,1,base-rebuild-term-e794b5e6a2afe985,,0
番茄炒蛋,4,base,POSSIBLE,,may_be_idiom_or_compound,industry_pack_v1,1,base-rebuild-term-e795aae88c84e782,,0
番茄面包,4,base,POSSIBLE,,may_be_idiom_or_compound,industry_pack_v1,1,base-rebuild-term-e795aae88c84e99d,,0
登机时间,4,base,POSSIBLE,,may_be_idiom_or_compound,industry_pack_v1,1,base-rebuild-term-e799bbe69cbae697,,0
白玉珍珠,4,base,POSSIBLE,,may_be_idiom_or_compound,industry_pack_v1,1,base-rebuild-term-e799bde78e89e78f,,0
白芝麻包,4,base,POSSIBLE,,may_be_idiom_or_compound,industry_pack_v1,1,base-rebuild-term-e799bde88a9de9ba,,0
百口同声,4,base,POSSIBLE,,may_be_idiom_or_compound,industry_pack_v1,1,base-rebuild-term-e799bee58fa3e590,,0
百慕大杯,4,base,POSSIBLE,,may_be_idiom_or_compound,industry_pack_v1,1,base-rebuild-term-e799bee68595e5a4,,0
监督学习,4,base,POSSIBLE,,may_be_idiom_or_compound,industry_pack_v1,1,base-rebuild-term-e79b91e79da3e5ad,,0
盛情接待,4,base,POSSIBLE,,may_be_idiom_or_compound,industry_pack_v1,1,base-rebuild-term-e79b9be68385e68e,,0
目标函数,4,base,POSSIBLE,,may_be_idiom_or_compound,industry_pack_v1,1,base-rebuild-term-e79baee6a087e587,,0
目标检测,4,base,POSSIBLE,,may_be_idiom_or_compound,industry_pack_v1,1,base-rebuild-term-e79baee6a087e6a3,,0
直接推理,4,base,POSSIBLE,,may_be_idiom_or_compound,industry_pack_v1,1,base-rebuild-term-e79bb4e68ea5e68e,,0
相似检索,4,base,POSSIBLE,,may_be_idiom_or_compound,industry_pack_v1,1,base-rebuild-term-e79bb8e4bcbce6a3,,0
矫形外科,4,base,POSSIBLE,,may_be_idiom_or_compound,industry_pack_v1,1,base-rebuild-term-e79fabe5bda2e5a4,,0
石锅拌饭,4,base,POSSIBLE,,may_be_idiom_or_compound,industry_pack_v1,1,base-rebuild-term-e79fb3e99485e68b,,0
砂锅米线,4,base,POSSIBLE,,may_be_idiom_or_compound,industry_pack_v1,1,base-rebuild-term-e7a082e99485e7b1,,0
神经网络,4,base,POSSIBLE,,may_be_idiom_or_compound,industry_pack_v1,1,base-rebuild-term-e7a59ee7bb8fe7bd,,0
离线学习,4,base,POSSIBLE,,may_be_idiom_or_compound,industry_pack_v1,1,base-rebuild-term-e7a6bbe7babfe5ad,,0
离线评估,4,base,POSSIBLE,,may_be_idiom_or_compound,industry_pack_v1,1,base-rebuild-term-e7a6bbe7babfe8af,,0
私人包车,4,base,POSSIBLE,,may_be_idiom_or_compound,industry_pack_v1,1,base-rebuild-term-e7a781e4babae58c,,0
租车接待,4,base,POSSIBLE,,may_be_idiom_or_compound,industry_pack_v1,1,base-rebuild-term-e7a79fe8bda6e68e,,0
租车提醒,4,base,POSSIBLE,,may_be_idiom_or_compound,industry_pack_v2,1,base-rebuild-term-e7a79fe8bda6e68f,,0
租车路线,4,base,POSSIBLE,,may_be_idiom_or_compound,industry_pack_v1,1,base-rebuild-term-e7a79fe8bda6e8b7,,0
稀疏向量,4,base,POSSIBLE,,may_be_idiom_or_compound,industry_pack_v1,1,base-rebuild-term-e7a880e7968fe590,,0
稠密向量,4,base,POSSIBLE,,may_be_idiom_or_compound,industry_pack_v1,1,base-rebuild-term-e7a8a0e5af86e590,,0
空中走廊,4,base,POSSIBLE,,may_be_idiom_or_compound,industry_pack_v1,1,base-rebuild-term-e7a9bae4b8ade8b5,,0
空调主机,4,base,POSSIBLE,,may_be_idiom_or_compound,industry_pack_v1,1,base-rebuild-term-e7a9bae8b083e4b8,,0
空调设备,4,base,POSSIBLE,,may_be_idiom_or_compound,industry_pack_v1,1,base-rebuild-term-e7a9bae8b083e8ae,,0
窗帘轨道,4,base,POSSIBLE,,may_be_idiom_or_compound,industry_pack_v1,1,base-rebuild-term-e7aa97e5b898e8bd,,0
窗式空调,4,base,POSSIBLE,,may_be_idiom_or_compound,industry_pack_v1,1,base-rebuild-term-e7aa97e5bc8fe7a9,,0
等积投影,4,base,POSSIBLE,,may_be_idiom_or_compound,industry_pack_v1,1,base-rebuild-term-e7ad89e7a7afe68a,,0
等角投影,4,base,POSSIBLE,,may_be_idiom_or_compound,industry_pack_v1,1,base-rebuild-term-e7ad89e8a792e68a,,0
策略模型,4,base,POSSIBLE,,may_be_idiom_or_compound,industry_pack_v1,1,base-rebuild-term-e7ad96e795a5e6a8,,0
签约仪式,4,base,POSSIBLE,,may_be_idiom_or_compound,industry_pack_v1,1,base-rebuild-term-e7adbee7baa6e4bb,,0
签证接待,4,base,POSSIBLE,,may_be_idiom_or_compound,industry_pack_v1,1,base-rebuild-term-e7adbee8af81e68e,,0
签证路线,4,base,POSSIBLE,,may_be_idiom_or_compound,industry_pack_v1,1,base-rebuild-term-e7adbee8af81e8b7,,0
算子融合,4,base,POSSIBLE,,may_be_idiom_or_compound,industry_pack_v1,1,base-rebuild-term-e7ae97e5ad90e89e,,0
糖醋里脊,4,base,POSSIBLE,,may_be_idiom_or_compound,industry_pack_v1,1,base-rebuild-term-e7b396e9868be987,,0
索引日志,4,base,POSSIBLE,,may_be_idiom_or_compound,industry_pack_v1,1,base-rebuild-term-e7b4a2e5bc95e697,,0
红油抄手,4,base,POSSIBLE,,may_be_idiom_or_compound,industry_pack_v1,1,base-rebuild-term-e7baa2e6b2b9e68a,,0
红烧排骨,4,base,POSSIBLE,,may_be_idiom_or_compound,industry_pack_v1,1,base-rebuild-term-e7baa2e783a7e68e,,0
红茶排队,4,base,POSSIBLE,,may_be_idiom_or_compound,industry_pack_v1,1,base-rebuild-term-e7baa2e88cb6e68e,,0
红豆吐司,4,base,POSSIBLE,,may_be_idiom_or_compound,industry_pack_v1,1,base-rebuild-term-e7baa2e8b186e590,,0
红豆相思,4,base,POSSIBLE,,may_be_idiom_or_compound,industry_pack_v1,1,base-rebuild-term-e7baa2e8b186e79b,,0
红豆越桔,4,base,POSSIBLE,,may_be_idiom_or_compound,industry_pack_v1,1,base-rebuild-term-e7baa2e8b186e8b6,,0
红豆集团,4,base,POSSIBLE,,may_be_idiom_or_compound,industry_pack_v1,1,base-rebuild-term-e7baa2e8b186e99b,,0
线上会议,4,base,POSSIBLE,,may_be_idiom_or_compound,external_full_review_supplement_v1,1,base-rebuild-term-e7babfe4b88ae4bc,,0
绕圈注水,4,base,POSSIBLE,,may_be_idiom_or_compound,industry_pack_v1,1,base-rebuild-term-e7bb95e59c88e6b3,,0
绣花枕头,4,base,POSSIBLE,,may_be_idiom_or_compound,industry_pack_v1,1,base-rebuild-term-e7bba3e88ab1e69e,,0
绵密奶泡,4,base,POSSIBLE,,may_be_idiom_or_compound,industry_pack_v1,1,base-rebuild-term-e7bbb5e5af86e5a5,,0
缆车提醒,4,base,POSSIBLE,,may_be_idiom_or_compound,industry_pack_v1,1,base-rebuild-term-e7bc86e8bda6e68f,,0
缓存命中,4,base,POSSIBLE,,may_be_idiom_or_compound,external_full_review_supplement_v1,1,base-rebuild-term-e7bc93e5ad98e591,,0
编译优化,4,base,POSSIBLE,,may_be_idiom_or_compound,industry_pack_v1,1,base-rebuild-term-e7bc96e8af91e4bc,,0
网格搜索,4,base,POSSIBLE,,may_be_idiom_or_compound,industry_pack_v1,1,base-rebuild-term-e7bd91e6a0bce690,,0
罗布斯塔,4,base,POSSIBLE,,may_be_idiom_or_compound,industry_pack_v1,1,base-rebuild-term-e7bd97e5b883e696,,0
美小面包,4,base,POSSIBLE,,may_be_idiom_or_compound,industry_pack_v1,1,base-rebuild-term-e7be8ee5b08fe99d,,0
美式咖啡,4,base,POSSIBLE,,may_be_idiom_or_compound,industry_pack_v1,1,base-rebuild-term-e7be8ee5bc8fe592,,0
美式英语,4,base,POSSIBLE,,may_be_idiom_or_compound,industry_pack_v1,1,base-rebuild-term-e7be8ee5bc8fe88b,,0
美式足球,4,base,POSSIBLE,,may_be_idiom_or_compound,industry_pack_v1,1,base-rebuild-term-e7be8ee5bc8fe8b6,,0
翻译日志,4,base,POSSIBLE,,may_be_idiom_or_compound,industry_pack_v1,1,base-rebuild-term-e7bfbbe8af91e697,,0
耳不旁听,4,base,POSSIBLE,,may_be_idiom_or_compound,industry_pack_v1,1,base-rebuild-term-e880b3e4b88de697,,0
联系电话,4,base,POSSIBLE,,may_be_idiom_or_compound,industry_pack_v1,1,base-rebuild-term-e88194e7b3bbe794,,0
联邦学习,4,base,POSSIBLE,,may_be_idiom_or_compound,industry_pack_v1,1,base-rebuild-term-e88194e982a6e5ad,,0
肉松吐司,4,base,POSSIBLE,,may_be_idiom_or_compound,industry_pack_v1,1,base-rebuild-term-e88289e69dbee590,,0
肉酱意面,4,base,POSSIBLE,,may_be_idiom_or_compound,industry_pack_v1,1,base-rebuild-term-e88289e985b1e684,,0
胡萝卜包,4,base,POSSIBLE,,may_be_idiom_or_compound,industry_pack_v1,1,base-rebuild-term-e883a1e8909de58d,,0
脱因咖啡,4,base,POSSIBLE,,may_be_idiom_or_compound,external_full_review_supplement_v1,1,base-rebuild-term-e884b1e59ba0e592,,0
自动评测,4,base,POSSIBLE,,may_be_idiom_or_compound,industry_pack_v1,1,base-rebuild-term-e887aae58aa8e8af,,0
自注意力,4,base,POSSIBLE,,may_be_idiom_or_compound,industry_pack_v1,1,base-rebuild-term-e887aae6b3a8e684,,0
航班中心,4,base,POSSIBLE,,may_be_idiom_or_compound,industry_pack_v1,1,base-rebuild-term-e888aae78fade4b8,,0
航班保险,4,base,POSSIBLE,,may_be_idiom_or_compound,industry_pack_v1,1,base-rebuild-term-e888aae78fade4bf,,0
航班凭证,4,base,POSSIBLE,,may_be_idiom_or_compound,industry_pack_v1,1,base-rebuild-term-e888aae78fade587,,0
航班升级,4,base,POSSIBLE,,may_be_idiom_or_compound,industry_pack_v1,1,base-rebuild-term-e888aae78fade58d,,0
航班咨询,4,base,POSSIBLE,,may_be_idiom_or_compound,industry_pack_v1,1,base-rebuild-term-e888aae78fade592,,0
航班地点,4,base,POSSIBLE,,may_be_idiom_or_compound,industry_pack_v1,1,base-rebuild-term-e888aae78fade59c,,0
航班安排,4,base,POSSIBLE,,may_be_idiom_or_compound,industry_pack_v1,1,base-rebuild-term-e888aae78fade5ae,,0
航班接待,4,base,POSSIBLE,,may_be_idiom_or_compound,industry_pack_v1,1,base-rebuild-term-e888aae78fade68e,,0
航班提醒,4,base,POSSIBLE,,may_be_idiom_or_compound,industry_pack_v1,1,base-rebuild-term-e888aae78fade68f,,0
航班时间,4,base,POSSIBLE,,may_be_idiom_or_compound,industry_pack_v1,1,base-rebuild-term-e888aae78fade697,,0
航班订单,4,base,POSSIBLE,,may_be_idiom_or_compound,industry_pack_v1,1,base-rebuild-term-e888aae78fade8ae,,0
航班证明,4,base,POSSIBLE,,may_be_idiom_or_compound,industry_pack_v1,1,base-rebuild-term-e888aae78fade8af,,0
航班费用,4,base,POSSIBLE,,may_be_idiom_or_compound,industry_pack_v1,1,base-rebuild-term-e888aae78fade8b4,,0
航班路线,4,base,POSSIBLE,,may_be_idiom_or_compound,industry_pack_v1,1,base-rebuild-term-e888aae78fade8b7,,0
节点处理,4,base,POSSIBLE,,may_be_idiom_or_compound,industry_pack_v1,1,base-rebuild-term-e88a82e782b9e5a4,,0
节点指标,4,base,POSSIBLE,,may_be_idiom_or_compound,industry_pack_v1,1,base-rebuild-term-e88a82e782b9e68c,,0
节点注册,4,base,POSSIBLE,,may_be_idiom_or_compound,industry_pack_v1,1,base-rebuild-term-e88a82e782b9e6b3,,0
节点索引,4,base,POSSIBLE,,may_be_idiom_or_compound,industry_pack_v1,1,base-rebuild-term-e88a82e782b9e7b4,,0
节点配置,4,base,POSSIBLE,,may_be_idiom_or_compound,industry_pack_v1,1,base-rebuild-term-e88a82e782b9e985,,0
芋泥吐司,4,base,POSSIBLE,,may_be_idiom_or_compound,industry_pack_v1,1,base-rebuild-term-e88a8be6b3a5e590,,0
芝士吐司,4,base,POSSIBLE,,may_be_idiom_or_compound,industry_pack_v1,1,base-rebuild-term-e88a9de5a3abe590,,0
芝士奶盖,4,base,POSSIBLE,,may_be_idiom_or_compound,domain_seed_v1,1,base-rebuild-term-e88a9de5a3abe5a5,,0
芝士披萨,4,base,POSSIBLE,,may_be_idiom_or_compound,industry_pack_v1,1,base-rebuild-term-e88a9de5a3abe68a,,0
芝士蛋糕,4,base,POSSIBLE,,may_be_idiom_or_compound,domain_seed_v1,1,base-rebuild-term-e88a9de5a3abe89b,,0
芝麻贝果,4,base,POSSIBLE,,may_be_idiom_or_compound,industry_pack_v1,1,base-rebuild-term-e88a9de9babbe8b4,,0
芝麻酥饼,4,base,POSSIBLE,,may_be_idiom_or_compound,industry_pack_v1,1,base-rebuild-term-e88a9de9babbe985,,0
花园酒店,4,base,POSSIBLE,,may_be_idiom_or_compound,industry_pack_v1,1,base-rebuild-term-e88ab1e59bade985,,0
苏州酒店,4,base,POSSIBLE,,may_be_idiom_or_compound,industry_pack_v1,1,base-rebuild-term-e88b8fe5b79ee985,,0
英文导游,4,base,POSSIBLE,,may_be_idiom_or_compound,industry_pack_v1,1,base-rebuild-term-e88bb1e69687e5af,,0
苹果丹麦,4,base,POSSIBLE,,may_be_idiom_or_compound,industry_pack_v1,1,base-rebuild-term-e88bb9e69e9ce4b8,,0
茉莉绿茶,4,base,POSSIBLE,,may_be_idiom_or_compound,industry_pack_v1,1,base-rebuild-term-e88c89e88e89e7bb,,0
菠菜面包,4,base,POSSIBLE,,may_be_idiom_or_compound,industry_pack_v1,1,base-rebuild-term-e88fa0e88f9ce99d,,0
菲力牛排,4,base,POSSIBLE,,may_be_idiom_or_compound,industry_pack_v1,1,base-rebuild-term-e88fb2e58a9be789,,0
营销文案,4,base,POSSIBLE,,may_be_idiom_or_compound,industry_pack_v2,1,base-rebuild-term-e890a5e99480e696,,0
葡式蛋挞,4,base,POSSIBLE,,may_be_idiom_or_compound,industry_pack_v1,1,base-rebuild-term-e891a1e5bc8fe89b,,0
葡萄糖液,4,base,POSSIBLE,,may_be_idiom_or_compound,industry_pack_v1,1,base-rebuild-term-e891a1e89084e7b3,,0
蒜蓉面包,4,base,POSSIBLE,,may_be_idiom_or_compound,industry_pack_v1,1,base-rebuild-term-e8929ce89389e99d,,0
蒜香法棍,4,base,POSSIBLE,,may_be_idiom_or_compound,industry_pack_v1,1,base-rebuild-term-e8929ce9a699e6b3,,0
蒜香面包,4,base,POSSIBLE,,may_be_idiom_or_compound,industry_pack_v1,1,base-rebuild-term-e8929ce9a699e99d,,0
蓝莓丹麦,4,base,POSSIBLE,,may_be_idiom_or_compound,industry_pack_v1,1,base-rebuild-term-e8939de88e93e4b8,,0
蓝莓贝果,4,base,POSSIBLE,,may_be_idiom_or_compound,industry_pack_v1,1,base-rebuild-term-e8939de88e93e8b4,,0
蓝莓马芬,4,base,POSSIBLE,,may_be_idiom_or_compound,domain_seed_v1,1,base-rebuild-term-e8939de88e93e9a9,,0
蓝莓麻烦,4,base,POSSIBLE,,may_be_idiom_or_compound,domain_seed_v1_homophone_variant,1,base-rebuild-term-e8939de88e93e9ba,,0
蔬菜沙拉,4,base,POSSIBLE,,may_be_idiom_or_compound,industry_pack_v1,1,base-rebuild-term-e894ace88f9ce6b2,,0
蚝油生菜,4,base,POSSIBLE,,may_be_idiom_or_compound,industry_pack_v1,1,base-rebuild-term-e89a9de6b2b9e794,,0
行李卷儿,4,base,POSSIBLE,,may_be_idiom_or_compound,industry_pack_v1,1,base-rebuild-term-e8a18ce69d8ee58d,,0
行李寄存,4,base,POSSIBLE,,may_be_idiom_or_compound,industry_pack_v1,1,base-rebuild-term-e8a18ce69d8ee5af,,0
行李标签,4,base,POSSIBLE,,may_be_idiom_or_compound,industry_pack_v1,1,base-rebuild-term-e8a18ce69d8ee6a0,,0
行李物品,4,base,POSSIBLE,,may_be_idiom_or_compound,industry_pack_v1,1,base-rebuild-term-e8a18ce69d8ee789,,0
行李订单,4,base,POSSIBLE,,may_be_idiom_or_compound,industry_pack_v1,1,base-rebuild-term-e8a18ce69d8ee8ae,,0
行程保险,4,base,POSSIBLE,,may_be_idiom_or_compound,industry_pack_v1,1,base-rebuild-term-e8a18ce7a88be4bf,,0
行程取消,4,base,POSSIBLE,,may_be_idiom_or_compound,industry_pack_v1,1,base-rebuild-term-e8a18ce7a88be58f,,0
行程订单,4,base,POSSIBLE,,may_be_idiom_or_compound,industry_pack_v1,1,base-rebuild-term-e8a18ce7a88be8ae,,0
行程证明,4,base,POSSIBLE,,may_be_idiom_or_compound,industry_pack_v1,1,base-rebuild-term-e8a18ce7a88be8af,,0
西冷牛排,4,base,POSSIBLE,,may_be_idiom_or_compound,industry_pack_v1,1,base-rebuild-term-e8a5bfe586b7e789,,0
西式早餐,4,base,POSSIBLE,,may_be_idiom_or_compound,industry_pack_v1,1,base-rebuild-term-e8a5bfe5bc8fe697,,0
西点面包,4,base,POSSIBLE,,may_be_idiom_or_compound,industry_pack_v1,1,base-rebuild-term-e8a5bfe782b9e99d,,0
西红柿汤,4,base,POSSIBLE,,may_be_idiom_or_compound,industry_pack_v1,1,base-rebuild-term-e8a5bfe7baa2e69f,,0
观光巴士,4,base,POSSIBLE,,may_be_idiom_or_compound,industry_pack_v1,1,base-rebuild-term-e8a782e58589e5b7,,0
观光电车,4,base,POSSIBLE,,may_be_idiom_or_compound,industry_pack_v1,1,base-rebuild-term-e8a782e58589e794,,0
观光证明,4,base,POSSIBLE,,may_be_idiom_or_compound,industry_pack_v1,1,base-rebuild-term-e8a782e58589e8af,,0
视频会议,4,base,POSSIBLE,,may_be_idiom_or_compound,industry_pack_v1,1,base-rebuild-term-e8a786e9a291e4bc,,0
训练数据,4,base,POSSIBLE,,may_be_idiom_or_compound,external_full_review_supplement_v1,1,base-rebuild-term-e8aeade7bb83e695,,0
训练流程,4,base,POSSIBLE,,may_be_idiom_or_compound,industry_pack_v1,1,base-rebuild-term-e8aeade7bb83e6b5,,0
训练监控,4,base,POSSIBLE,,may_be_idiom_or_compound,industry_pack_v1,1,base-rebuild-term-e8aeade7bb83e79b,,0
训练语料,4,base,POSSIBLE,,may_be_idiom_or_compound,industry_pack_v1,1,base-rebuild-term-e8aeade7bb83e8af,,0
论坛会员,4,base,POSSIBLE,,may_be_idiom_or_compound,industry_pack_v1,1,base-rebuild-term-e8aebae59d9be4bc,,0
词库日志,4,base,POSSIBLE,,may_be_idiom_or_compound,industry_pack_v1,1,base-rebuild-term-e8af8de5ba93e697,,0
语义检索,4,base,POSSIBLE,,may_be_idiom_or_compound,industry_pack_v1,1,base-rebuild-term-e8afade4b989e6a3,,0
语言模型,4,base,POSSIBLE,,may_be_idiom_or_compound,industry_pack_v1,1,base-rebuild-term-e8afade8a880e6a8,,0
语言集合,4,base,POSSIBLE,,may_be_idiom_or_compound,industry_pack_v1,1,base-rebuild-term-e8afade8a880e99b,,0
语音合成,4,base,POSSIBLE,,may_be_idiom_or_compound,industry_pack_v1,1,base-rebuild-term-e8afade99fb3e590,,0
语音识别,4,base,POSSIBLE,,may_be_idiom_or_compound,industry_pack_v1,1,base-rebuild-term-e8afade99fb3e8af,,0
课程学习,4,base,POSSIBLE,,may_be_idiom_or_compound,industry_pack_v1,1,base-rebuild-term-e8afbee7a88be5ad,,0
谷歌会议,4,base,POSSIBLE,,may_be_idiom_or_compound,industry_pack_v1,1,base-rebuild-term-e8b0b7e6ad8ce4bc,,0
豚骨拉面,4,base,POSSIBLE,,may_be_idiom_or_compound,industry_pack_v1,1,base-rebuild-term-e8b19ae9aaa8e68b,,0
贵宾通道,4,base,POSSIBLE,,may_be_idiom_or_compound,industry_pack_v1,1,base-rebuild-term-e8b4b5e5aebee980,,0
赤藓糖醇,4,base,POSSIBLE,,may_be_idiom_or_compound,industry_pack_v1,1,base-rebuild-term-e8b5a4e89793e7b3,,0
超速保险,4,base,POSSIBLE,,may_be_idiom_or_compound,industry_pack_v2,1,base-rebuild-term-e8b685e9809fe4bf,,0
超速预约,4,base,POSSIBLE,,may_be_idiom_or_compound,industry_pack_v1,1,base-rebuild-term-e8b685e9809fe9a2,,0
路线规划,4,base,POSSIBLE,,may_be_idiom_or_compound,industry_pack_v1,1,base-rebuild-term-e8b7afe7babfe8a7,,0
车票路线,4,base,POSSIBLE,,may_be_idiom_or_compound,industry_pack_v1,1,base-rebuild-term-e8bda6e7a5a8e8b7,,0
转盘保险,4,base,POSSIBLE,,may_be_idiom_or_compound,industry_pack_v1,1,base-rebuild-term-e8bdace79b98e4bf,,0
转盘出口,4,base,POSSIBLE,,may_be_idiom_or_compound,industry_pack_v1,1,base-rebuild-term-e8bdace79b98e587,,0
迁移学习,4,base,POSSIBLE,,may_be_idiom_or_compound,industry_pack_v1,1,base-rebuild-term-e8bf81e7a7bbe5ad,,0
迅即处理,4,base,POSSIBLE,,may_be_idiom_or_compound,industry_pack_v1,1,base-rebuild-term-e8bf85e58db3e5a4,,0
过去分词,4,base,POSSIBLE,,may_be_idiom_or_compound,industry_pack_v1,1,base-rebuild-term-e8bf87e58ebbe588,,0
过桥米线,4,base,POSSIBLE,,may_be_idiom_or_compound,industry_pack_v1,1,base-rebuild-term-e8bf87e6a1a5e7b1,,0
还车路线,4,base,POSSIBLE,,may_be_idiom_or_compound,industry_pack_v1,1,base-rebuild-term-e8bf98e8bda6e8b7,,0
违章处罚,4,base,POSSIBLE,,may_be_idiom_or_compound,industry_pack_v2,1,base-rebuild-term-e8bf9de7aba0e5a4,,0
追踪系统,4,base,POSSIBLE,,may_be_idiom_or_compound,industry_pack_v1,1,base-rebuild-term-e8bfbde8b8aae7b3,,0
退房时间,4,base,POSSIBLE,,may_be_idiom_or_compound,external_full_review_supplement_v1,1,base-rebuild-term-e98080e688bfe697,,0
道路路线,4,base,POSSIBLE,,may_be_idiom_or_compound,industry_pack_v1,1,base-rebuild-term-e98193e8b7afe8b7,,0
郁金香花,4,base,POSSIBLE,,may_be_idiom_or_compound,industry_pack_v1,1,base-rebuild-term-e98381e98791e9a6,,0
部署脚本,4,base,POSSIBLE,,may_be_idiom_or_compound,external_full_review_supplement_v1,1,base-rebuild-term-e983a8e7bdb2e884,,0
配置中心,4,base,POSSIBLE,,may_be_idiom_or_compound,industry_pack_v1,1,base-rebuild-term-e9858de7bdaee4b8,,0
配置推理,4,base,POSSIBLE,,may_be_idiom_or_compound,industry_pack_v1,1,base-rebuild-term-e9858de7bdaee68e,,0
配置文件,4,base,POSSIBLE,,may_be_idiom_or_compound,external_full_review_supplement_v1,1,base-rebuild-term-e9858de7bdaee696,,0
酒店安排,4,base,POSSIBLE,,may_be_idiom_or_compound,industry_pack_v1,1,base-rebuild-term-e98592e5ba97e5ae,,0
酱油拉面,4,base,POSSIBLE,,may_be_idiom_or_compound,industry_pack_v1,1,base-rebuild-term-e985b1e6b2b9e68b,,0
酸种面包,4,base,POSSIBLE,,may_be_idiom_or_compound,industry_pack_v1,1,base-rebuild-term-e985b8e7a78de99d,,0
重复处理,4,base,POSSIBLE,,may_be_idiom_or_compound,industry_pack_v1,1,base-rebuild-term-e9878de5a48de5a4,,0
重试推理,4,base,POSSIBLE,,may_be_idiom_or_compound,industry_pack_v1,1,base-rebuild-term-e9878de8af95e68e,,0
量化感知,4,base,POSSIBLE,,may_be_idiom_or_compound,industry_pack_v1,1,base-rebuild-term-e9878fe58c96e684,,0
错误处理,4,base,POSSIBLE,,may_be_idiom_or_compound,industry_pack_v1,1,base-rebuild-term-e99499e8afafe5a4,,0
锡兰红茶,4,base,POSSIBLE,,may_be_idiom_or_compound,industry_pack_v1,1,base-rebuild-term-e994a1e585b0e7ba,,0
门户开放,4,base,POSSIBLE,,may_be_idiom_or_compound,industry_pack_v1,1,base-rebuild-term-e997a8e688b7e5bc,,0
门票中心,4,base,POSSIBLE,,may_be_idiom_or_compound,industry_pack_v1,1,base-rebuild-term-e997a8e7a5a8e4b8,,0
门票价格,4,base,POSSIBLE,,may_be_idiom_or_compound,industry_pack_v1,1,base-rebuild-term-e997a8e7a5a8e4bb,,0
门票安排,4,base,POSSIBLE,,may_be_idiom_or_compound,industry_pack_v1,1,base-rebuild-term-e997a8e7a5a8e5ae,,0
闪电泡芙,4,base,POSSIBLE,,may_be_idiom_or_compound,industry_pack_v1,1,base-rebuild-term-e997aae794b5e6b3,,0
阿拉比卡,4,base,POSSIBLE,,may_be_idiom_or_compound,industry_pack_v1,1,base-rebuild-term-e998bfe68b89e6af,,0
降级策略,4,base,POSSIBLE,,may_be_idiom_or_compound,industry_pack_v1,1,base-rebuild-term-e9998de7baa7e7ad,,0
随机搜索,4,base,POSSIBLE,,may_be_idiom_or_compound,industry_pack_v1,1,base-rebuild-term-e99a8fe69cbae690,,0
随机梯度,4,base,POSSIBLE,,may_be_idiom_or_compound,industry_pack_v1,1,base-rebuild-term-e99a8fe69cbae6a2,,0
随身行李,4,base,POSSIBLE,,may_be_idiom_or_compound,industry_pack_v1,1,base-rebuild-term-e99a8fe8baabe8a1,,0
集合地点,4,base,POSSIBLE,,may_be_idiom_or_compound,industry_pack_v1,1,base-rebuild-term-e99b86e59088e59c,,0
集合时间,4,base,POSSIBLE,,may_be_idiom_or_compound,industry_pack_v1,1,base-rebuild-term-e99b86e59088e697,,0
集成测试,4,base,POSSIBLE,,may_be_idiom_or_compound,external_full_review_supplement_v1,1,base-rebuild-term-e99b86e68890e6b5,,0
雨淋日晒,4,base,POSSIBLE,,may_be_idiom_or_compound,industry_pack_v1,1,base-rebuild-term-e99ba8e6b78be697,,0
青椒肉丝,4,base,POSSIBLE,,may_be_idiom_or_compound,industry_pack_v1,1,base-rebuild-term-e99d92e6a492e882,,0
青酱意面,4,base,POSSIBLE,,may_be_idiom_or_compound,industry_pack_v1,1,base-rebuild-term-e99d92e985b1e684,,0
面包师傅,4,base,POSSIBLE,,may_be_idiom_or_compound,industry_pack_v1,1,base-rebuild-term-e99da2e58c85e5b8,,0
面包酵母,4,base,POSSIBLE,,may_be_idiom_or_compound,industry_pack_v1,1,base-rebuild-term-e99da2e58c85e985,,0
韩式拌饭,4,base,POSSIBLE,,may_be_idiom_or_compound,industry_pack_v1,1,base-rebuild-term-e99fa9e5bc8fe68b,,0
顺风使船,4,base,POSSIBLE,,may_be_idiom_or_compound,industry_pack_v2,1,base-rebuild-term-e9a1bae9a38ee4bd,,0
顺风吹火,4,base,POSSIBLE,,may_be_idiom_or_compound,industry_pack_v2,1,base-rebuild-term-e9a1bae9a38ee590,,0
顺风而呼,4,base,POSSIBLE,,may_be_idiom_or_compound,industry_pack_v2,1,base-rebuild-term-e9a1bae9a38ee880,,0
领域日志,4,base,POSSIBLE,,may_be_idiom_or_compound,industry_pack_v1,1,base-rebuild-term-e9a286e59f9fe697,,0
风吹日晒,4,base,POSSIBLE,,may_be_idiom_or_compound,industry_pack_v1,1,base-rebuild-term-e9a38ee590b9e697,,0
风味十足,4,base,POSSIBLE,,may_be_idiom_or_compound,industry_pack_v1,1,base-rebuild-term-e9a38ee591b3e58d,,0
风味小吃,4,base,POSSIBLE,,may_be_idiom_or_compound,industry_pack_v1,1,base-rebuild-term-e9a38ee591b3e5b0,,0
餐前面包,4,base,POSSIBLE,,may_be_idiom_or_compound,industry_pack_v1,1,base-rebuild-term-e9a490e5898de99d,,0
饮料预约,4,base,POSSIBLE,,may_be_idiom_or_compound,industry_pack_v1,1,base-rebuild-term-e9a5aee69699e9a2,,0
高速路线,4,base,POSSIBLE,,may_be_idiom_or_compound,industry_pack_v1,1,base-rebuild-term-e9ab98e9809fe8b7,,0
高铁预约,4,base,POSSIBLE,,may_be_idiom_or_compound,industry_pack_v1,1,base-rebuild-term-e9ab98e99381e9a2,,0
鱼香肉丝,4,base,POSSIBLE,,may_be_idiom_or_compound,industry_pack_v1,1,base-rebuild-term-e9b1bce9a699e882,,0
鲜花蛋糕,4,base,POSSIBLE,,may_be_idiom_or_compound,industry_pack_v1,1,base-rebuild-term-e9b29ce88ab1e89b,,0
鳗鱼寿司,4,base,POSSIBLE,,may_be_idiom_or_compound,industry_pack_v1,1,base-rebuild-term-e9b397e9b1bce5af,,0
麻婆豆腐,4,base,POSSIBLE,,may_be_idiom_or_compound,industry_pack_v1,1,base-rebuild-term-e9babbe5a986e8b1,,0
黄油曲奇,4,base,POSSIBLE,,may_be_idiom_or_compound,industry_pack_v1,1,base-rebuild-term-e9bb84e6b2b9e69b,,0
黄金会员,4,base,POSSIBLE,,may_be_idiom_or_compound,industry_pack_v1,1,base-rebuild-term-e9bb84e98791e4bc,,0
黑糖珍珠,4,base,POSSIBLE,,may_be_idiom_or_compound,domain_seed_v1,1,base-rebuild-term-e9bb91e7b396e78f,,0
黑芝麻包,4,base,POSSIBLE,,may_be_idiom_or_compound,industry_pack_v1,1,base-rebuild-term-e9bb91e88a9de9ba,,0
黑麦面包,4,base,POSSIBLE,,may_be_idiom_or_compound,industry_pack_v1,1,base-rebuild-term-e9bb91e9baa6e99d,,0
三文鱼寿司,5,domain,LIKELY,,may_be_idiom_or_proper,industry_pack_v1,1,term-e4b889e69687e9b1,food_order,0
上海博物馆,5,domain,LIKELY,,may_be_idiom_or_proper,industry_pack_v1,1,term-e4b88ae6b5b7e58d,tourism_route,0
中国大酒店,5,domain,LIKELY,,may_be_idiom_or_proper,industry_pack_v1,1,term-e4b8ade59bbde5a4,tourism_hotel,0
军事博物馆,5,domain,LIKELY,,may_be_idiom_or_proper,industry_pack_v1,1,term-e5869be4ba8be58d,tourism_route,0
千山风景区,5,domain,LIKELY,,may_be_idiom_or_proper,industry_pack_v1,1,term-e58d83e5b1b1e9a3,tourism_route,0
历史博物馆,5,domain,LIKELY,,may_be_idiom_or_proper,industry_pack_v1,1,term-e58e86e58fb2e58d,tourism_route,0
向量数据库,5,domain,LIKELY,,may_be_idiom_or_proper,industry_pack_v1,1,term-e59091e9878fe695,tech_ai,0
咖啡过敏原,5,domain,LIKELY,,may_be_idiom_or_proper,industry_pack_v1,1,term-e59296e595a1e8bf,coffee,0
国家博物馆,5,domain,LIKELY,,may_be_idiom_or_proper,industry_pack_v1,1,term-e59bbde5aeb6e58d,tourism_route,0
地质博物馆,5,domain,LIKELY,,may_be_idiom_or_proper,industry_pack_v1,1,term-e59cb0e8b4a8e58d,tourism_route,0
大英博物馆,5,domain,LIKELY,,may_be_idiom_or_proper,industry_pack_v1,1,term-e5a4a7e88bb1e58d,tourism_route,0
嵌入式软件,5,domain,LIKELY,,may_be_idiom_or_proper,industry_pack_v1,1,term-e5b58ce585a5e5bc,tech_ai,0
希尔顿酒店,5,domain,LIKELY,,may_be_idiom_or_proper,industry_pack_v1,1,term-e5b88ce5b094e9a1,tourism_hotel,0
接驳车路线,5,domain,LIKELY,,may_be_idiom_or_proper,industry_pack_v1,1,term-e68ea5e9a9b3e8bd,tourism_route,0
放射性核素,5,domain,LIKELY,,may_be_idiom_or_proper,industry_pack_v1,1,term-e694bee5b084e680,medical,0
无花果欧包,5,domain,LIKELY,,may_be_idiom_or_proper,industry_pack_v1,1,term-e697a0e88ab1e69e,bakery,0
普天间机场,5,domain,LIKELY,,may_be_idiom_or_proper,industry_pack_v1,1,term-e699aee5a4a9e997,tourism_transport,0
机场巴士排,5,domain,LIKELY,,may_be_idiom_or_proper,industry_pack_v1,1,term-e69cbae59cbae5b7,tourism_transport,0
机场送机凭,5,domain,LIKELY,,may_be_idiom_or_proper,industry_pack_v1,1,term-e69cbae59cbae980,tourism_pickup,0
格尔木机场,5,domain,LIKELY,,may_be_idiom_or_proper,industry_pack_v1,1,term-e6a0bce5b094e69c,tourism_transport,0
检查节点端,5,domain,LIKELY,,may_be_idiom_or_proper,industry_pack_v1,1,term-e6a380e69fa5e88a,tech_ai,0
正则表达式,5,domain,LIKELY,,may_be_idiom_or_proper,industry_pack_v1,1,term-e6ada3e58899e8a1,tech_ai,0
焦糖玛奇朵,5,domain,LIKELY,,may_be_idiom_or_proper,domain_seed_v1,1,term-e784a6e7b396e78e,coffee,0
瓦窑堡会议,5,domain,LIKELY,,may_be_idiom_or_proper,industry_pack_v1,1,term-e793a6e7aa91e5a0,meeting,0
结构化日志,5,domain,LIKELY,,may_be_idiom_or_proper,industry_pack_v1,1,term-e7bb93e69e84e58c,tech_ai,0
葡萄干吐司,5,domain,LIKELY,,may_be_idiom_or_proper,industry_pack_v1,1,term-e891a1e89084e5b9,bakery,0
蔓越莓曲奇,5,domain,LIKELY,,may_be_idiom_or_proper,industry_pack_v1,1,term-e89493e8b68ae88e,bakery,0
酒店入住地,5,domain,LIKELY,,may_be_idiom_or_proper,industry_pack_v1,1,term-e98592e5ba97e585,tourism_hotel,0
重排序模型,5,domain,LIKELY,,may_be_idiom_or_proper,industry_pack_v1,1,term-e9878de68e92e5ba,tech_ai,0
金枪鱼寿司,5,domain,LIKELY,,may_be_idiom_or_proper,industry_pack_v1,1,term-e98791e69eaae9b1,food_order,0
长城博物馆,5,domain,LIKELY,,may_be_idiom_or_proper,industry_pack_v1,1,term-e995bfe59f8ee58d,tourism_route,0
阿萨姆红茶,5,domain,LIKELY,,may_be_idiom_or_proper,industry_pack_v1,1,term-e998bfe890a8e5a7,milk_tea,0
首都博物馆,5,domain,LIKELY,,may_be_idiom_or_proper,industry_pack_v1,1,term-e9a696e983bde58d,tourism_route,0
鲁迅博物馆,5,domain,LIKELY,,may_be_idiom_or_proper,industry_pack_v1,1,term-e9b281e8bf85e58d,tourism_route,0
万隆会议,4,domain,POSSIBLE,,may_be_idiom_or_compound,industry_pack_v1,1,term-e4b887e99a86e4bc,meeting,0
三亚会议,4,domain,POSSIBLE,,may_be_idiom_or_compound,industry_pack_v1,1,term-e4b889e4ba9ae4bc,meeting,0
三段萃取,4,domain,POSSIBLE,,may_be_idiom_or_compound,industry_pack_v1,1,term-e4b889e6aeb5e890,coffee,0
上下客区,4,domain,POSSIBLE,,may_be_idiom_or_compound,industry_pack_v2,1,term-e4b88ae4b88be5ae,tourism_pickup,0
上线计划,4,domain,POSSIBLE,,may_be_idiom_or_compound,external_full_review_supplement_v1,1,term-e4b88ae7babfe8ae,tech_ai,0
专家门诊,4,domain,POSSIBLE,,may_be_idiom_or_compound,industry_pack_v1,1,term-e4b893e5aeb6e997,medical,0
专科门诊,4,domain,POSSIBLE,,may_be_idiom_or_compound,industry_pack_v1,1,term-e4b893e7a791e997,medical,0
专题会议,4,domain,POSSIBLE,,may_be_idiom_or_compound,industry_pack_v1,1,term-e4b893e9a298e4bc,meeting,0
专题评测,4,domain,POSSIBLE,,may_be_idiom_or_compound,industry_pack_v1,1,term-e4b893e9a298e8af,tech_ai,0
业主论坛,4,domain,POSSIBLE,,may_be_idiom_or_compound,industry_pack_v1,1,term-e4b89ae4b8bbe8ae,meeting,0
东风论坛,4,domain,POSSIBLE,,may_be_idiom_or_compound,industry_pack_v1,1,term-e4b89ce9a38ee8ae,meeting,0
两条路线,4,domain,POSSIBLE,,may_be_idiom_or_compound,industry_pack_v1,1,term-e4b8a4e69da1e8b7,tourism_route,0
中国护士,4,domain,POSSIBLE,,may_be_idiom_or_compound,industry_pack_v1,1,term-e4b8ade59bbde68a,medical,0
中央酒店,4,domain,POSSIBLE,,may_be_idiom_or_compound,industry_pack_v1,1,term-e4b8ade5a4aee985,tourism_hotel,0
中文导游,4,domain,POSSIBLE,,may_be_idiom_or_compound,industry_pack_v1,1,term-e4b8ade69687e5af,tourism_route,0
中文论坛,4,domain,POSSIBLE,,may_be_idiom_or_compound,industry_pack_v1,1,term-e4b8ade69687e8ae,meeting,0
主任医师,4,domain,POSSIBLE,,may_be_idiom_or_compound,industry_pack_v1,1,term-e4b8bbe4bbbbe58c,medical,0
主持会议,4,domain,POSSIBLE,,may_be_idiom_or_compound,industry_pack_v1,1,term-e4b8bbe68c81e4bc,meeting,0
主题医院,4,domain,POSSIBLE,,may_be_idiom_or_compound,industry_pack_v1,1,term-e4b8bbe9a298e58c,medical,0
举牌接机,4,domain,POSSIBLE,,may_be_idiom_or_compound,external_full_review_supplement_v1,1,term-e4b8bee7898ce68e,tourism_pickup,0
乙肝疫苗,4,domain,POSSIBLE,,may_be_idiom_or_compound,industry_pack_v1,1,term-e4b999e8829de796,medical,0
乡村面包,4,domain,POSSIBLE,,may_be_idiom_or_compound,industry_pack_v1,1,term-e4b9a1e69d91e99d,bakery,0
二段萃取,4,domain,POSSIBLE,,may_be_idiom_or_compound,industry_pack_v1,1,term-e4ba8ce6aeb5e890,coffee,0
二级缓存,4,domain,POSSIBLE,,may_be_idiom_or_compound,industry_pack_v1,1,term-e4ba8ce7baa7e7bc,tech_ai,0
交通拥堵,4,domain,POSSIBLE,,may_be_idiom_or_compound,industry_pack_v2,1,term-e4baa4e9809ae68b,tourism_transport,0
交通路线,4,domain,POSSIBLE,,may_be_idiom_or_compound,industry_pack_v1,1,term-e4baa4e9809ae8b7,tourism_route,0
产权酒店,4,domain,POSSIBLE,,may_be_idiom_or_compound,industry_pack_v1,1,term-e4baa7e69d83e985,tourism_hotel,0
代码审查,4,domain,POSSIBLE,,may_be_idiom_or_compound,external_full_review_supplement_v1,1,term-e4bba3e7a081e5ae,tech_ai,0
价值模型,4,domain,POSSIBLE,,may_be_idiom_or_compound,industry_pack_v1,1,term-e4bbb7e580bce6a8,tech_ai,0
优化日志,4,domain,POSSIBLE,,may_be_idiom_or_compound,industry_pack_v1,1,term-e4bc98e58c96e697,tech_ai,0
会场布置,4,domain,POSSIBLE,,may_be_idiom_or_compound,external_full_review_supplement_v1,1,term-e4bc9ae59cbae5b8,meeting,0
会议接待,4,domain,POSSIBLE,,may_be_idiom_or_compound,external_full_review_supplement_v1,1,term-e4bc9ae8aeaee68e,meeting,0
会议签到,4,domain,POSSIBLE,,may_be_idiom_or_compound,external_full_review_supplement_v1,1,term-e4bc9ae8aeaee7ad,meeting,0
会议议程,4,domain,POSSIBLE,,may_be_idiom_or_compound,external_full_review_supplement_v1,1,term-e4bc9ae8aeaee8ae,meeting,0
会议资料,4,domain,POSSIBLE,,may_be_idiom_or_compound,external_full_review_supplement_v1,1,term-e4bc9ae8aeaee8b5,meeting,0
会议通知,4,domain,POSSIBLE,,may_be_idiom_or_compound,external_full_review_supplement_v1,1,term-e4bc9ae8aeaee980,meeting,0
会议链接,4,domain,POSSIBLE,,may_be_idiom_or_compound,external_full_review_supplement_v1,1,term-e4bc9ae8aeaee993,meeting,0
伯爵红茶,4,domain,POSSIBLE,,may_be_idiom_or_compound,industry_pack_v1,1,term-e4bcafe788b5e7ba,milk_tea,0
住客名册,4,domain,POSSIBLE,,may_be_idiom_or_compound,industry_pack_v1,1,term-e4bd8fe5aea2e590,tourism_hotel,0
住院医师,4,domain,POSSIBLE,,may_be_idiom_or_compound,industry_pack_v1,1,term-e4bd8fe999a2e58c,medical,0
住院手续,4,domain,POSSIBLE,,may_be_idiom_or_compound,industry_pack_v1,1,term-e4bd8fe999a2e689,medical,0
住院治疗,4,domain,POSSIBLE,,may_be_idiom_or_compound,industry_pack_v1,1,term-e4bd8fe999a2e6b2,medical,0
住院病人,4,domain,POSSIBLE,,may_be_idiom_or_compound,industry_pack_v1,1,term-e4bd8fe999a2e797,medical,0
倒排索引,4,domain,POSSIBLE,,may_be_idiom_or_compound,industry_pack_v1,1,term-e58092e68e92e7b4,tech_ai,0
假日酒店,4,domain,POSSIBLE,,may_be_idiom_or_compound,industry_pack_v1,1,term-e58187e697a5e985,tourism_hotel,0
儿科医生,4,domain,POSSIBLE,,may_be_idiom_or_compound,industry_pack_v1,1,term-e584bfe7a791e58c,medical,0
入住时间,4,domain,POSSIBLE,,may_be_idiom_or_compound,external_full_review_supplement_v1,1,term-e585a5e4bd8fe697,tourism_hotel,0
全文检索,4,domain,POSSIBLE,,may_be_idiom_or_compound,industry_pack_v1,1,term-e585a8e69687e6a3,tech_ai,0
全麦吐司,4,domain,POSSIBLE,,may_be_idiom_or_compound,industry_pack_v1,1,term-e585a8e9baa6e590,bakery,0
公交接送,4,domain,POSSIBLE,,may_be_idiom_or_compound,industry_pack_v1,1,term-e585ace4baa4e68e,tourism_pickup,0
公交站点,4,domain,POSSIBLE,,may_be_idiom_or_compound,industry_pack_v2,1,term-e585ace4baa4e7ab,tourism_transport,0
公交路线,4,domain,POSSIBLE,,may_be_idiom_or_compound,industry_pack_v1,1,term-e585ace4baa4e8b7,tourism_route,0
公路接送,4,domain,POSSIBLE,,may_be_idiom_or_compound,industry_pack_v1,1,term-e585ace8b7afe68e,tourism_pickup,0
公路路线,4,domain,POSSIBLE,,may_be_idiom_or_compound,industry_pack_v1,1,term-e585ace8b7afe8b7,tourism_route,0
兰梅马芬,4,domain,POSSIBLE,,may_be_idiom_or_compound,domain_seed_v1_homophone_variant,1,term-e585b0e6a285e9a9,bakery,0
内伤发热,4,domain,POSSIBLE,,may_be_idiom_or_compound,industry_pack_v1,1,term-e58685e4bca4e58f,medical,0
内科主任,4,domain,POSSIBLE,,may_be_idiom_or_compound,industry_pack_v1,1,term-e58685e7a791e4b8,medical,0
内科医生,4,domain,POSSIBLE,,may_be_idiom_or_compound,industry_pack_v1,1,term-e58685e7a791e58c,medical,0
内科手术,4,domain,POSSIBLE,,may_be_idiom_or_compound,industry_pack_v1,1,term-e58685e7a791e689,medical,0
内科病人,4,domain,POSSIBLE,,may_be_idiom_or_compound,industry_pack_v1,1,term-e58685e7a791e797,medical,0
冬阴功汤,4,domain,POSSIBLE,,may_be_idiom_or_compound,industry_pack_v1,1,term-e586ace998b4e58a,food_order,0
凉拌黄瓜,4,domain,POSSIBLE,,may_be_idiom_or_compound,industry_pack_v1,1,term-e58789e68b8ce9bb,food_order,0
减毒疫苗,4,domain,POSSIBLE,,may_be_idiom_or_compound,industry_pack_v1,1,term-e5878fe6af92e796,medical,0
凯撒沙拉,4,domain,POSSIBLE,,may_be_idiom_or_compound,industry_pack_v1,1,term-e587afe69292e6b2,food_order,0
创伤外科,4,domain,POSSIBLE,,may_be_idiom_or_compound,industry_pack_v1,1,term-e5889be4bca4e5a4,medical,0
剁椒鱼头,4,domain,POSSIBLE,,may_be_idiom_or_compound,industry_pack_v1,1,term-e58981e6a492e9b1,food_order,0
前台信息,4,domain,POSSIBLE,,may_be_idiom_or_compound,industry_pack_v1,1,term-e5898de58fb0e4bf,tourism_hotel,0
前台分区,4,domain,POSSIBLE,,may_be_idiom_or_compound,industry_pack_v1,1,term-e5898de58fb0e588,tourism_hotel,0
前台地点,4,domain,POSSIBLE,,may_be_idiom_or_compound,industry_pack_v1,1,term-e5898de58fb0e59c,tourism_hotel,0
前台安排,4,domain,POSSIBLE,,may_be_idiom_or_compound,industry_pack_v1,1,term-e5898de58fb0e5ae,tourism_hotel,0
办理入住,4,domain,POSSIBLE,,may_be_idiom_or_compound,industry_pack_v1,1,term-e58a9ee79086e585,tourism_hotel,0
办理退房,4,domain,POSSIBLE,,may_be_idiom_or_compound,industry_pack_v1,1,term-e58a9ee79086e980,tourism_hotel,0
加料处理,4,domain,POSSIBLE,,may_be_idiom_or_compound,industry_pack_v1,1,term-e58aa0e69699e5a4,food_order,0
包车地点,4,domain,POSSIBLE,,may_be_idiom_or_compound,industry_pack_v1,1,term-e58c85e8bda6e59c,tourism_route,0
包车证明,4,domain,POSSIBLE,,may_be_idiom_or_compound,industry_pack_v1,1,term-e58c85e8bda6e8af,tourism_route,0
医学影像,4,domain,POSSIBLE,,may_be_idiom_or_compound,industry_pack_v1,1,term-e58cbbe5ada6e5bd,medical,0
单元测试,4,domain,POSSIBLE,,may_be_idiom_or_compound,external_full_review_supplement_v1,1,term-e58d95e58583e6b5,tech_ai,0
南瓜吐司,4,domain,POSSIBLE,,may_be_idiom_or_compound,industry_pack_v1,1,term-e58d97e7939ce590,bakery,0
卡布奇诺,4,domain,POSSIBLE,,may_be_idiom_or_compound,domain_seed_v1,1,term-e58da1e5b883e5a5,coffee,0
卷积网络,4,domain,POSSIBLE,,may_be_idiom_or_compound,industry_pack_v1,1,term-e58db7e7a7afe7bd,tech_ai,0
参会名单,4,domain,POSSIBLE,,may_be_idiom_or_compound,external_full_review_supplement_v1,1,term-e58f82e4bc9ae590,meeting,0
双份浓缩,4,domain,POSSIBLE,,may_be_idiom_or_compound,industry_pack_v1,1,term-e58f8ce4bbbde6b5,coffee,0
变性手术,4,domain,POSSIBLE,,may_be_idiom_or_compound,industry_pack_v1,1,term-e58f98e680a7e689,medical,0
口腔前庭,4,domain,POSSIBLE,,may_be_idiom_or_compound,industry_pack_v1,1,term-e58fa3e88594e589,medical,0
口腔医学,4,domain,POSSIBLE,,may_be_idiom_or_compound,industry_pack_v1,1,term-e58fa3e88594e58c,medical,0
口腔卫生,4,domain,POSSIBLE,,may_be_idiom_or_compound,industry_pack_v1,1,term-e58fa3e88594e58d,medical,0
口腔康复,4,domain,POSSIBLE,,may_be_idiom_or_compound,industry_pack_v1,1,term-e58fa3e88594e5ba,medical,0
口腔溃疡,4,domain,POSSIBLE,,may_be_idiom_or_compound,industry_pack_v1,1,term-e58fa3e88594e6ba,medical,0
口腔疾病,4,domain,POSSIBLE,,may_be_idiom_or_compound,industry_pack_v1,1,term-e58fa3e88594e796,medical,0
口腔病灶,4,domain,POSSIBLE,,may_be_idiom_or_compound,industry_pack_v1,1,term-e58fa3e88594e797,medical,0
口腔粘膜,4,domain,POSSIBLE,,may_be_idiom_or_compound,industry_pack_v1,1,term-e58fa3e88594e7b2,medical,0
口腔红斑,4,domain,POSSIBLE,,may_be_idiom_or_compound,industry_pack_v1,1,term-e58fa3e88594e7ba,medical,0
口腔褥疮,4,domain,POSSIBLE,,may_be_idiom_or_compound,industry_pack_v1,1,term-e58fa3e88594e8a4,medical,0
口腔诊所,4,domain,POSSIBLE,,may_be_idiom_or_compound,industry_pack_v1,1,term-e58fa3e88594e8af,medical,0
可乐鸡翅,4,domain,POSSIBLE,,may_be_idiom_or_compound,industry_pack_v1,1,term-e58fafe4b990e9b8,food_order,0
可可吐司,4,domain,POSSIBLE,,may_be_idiom_or_compound,industry_pack_v1,1,term-e58fafe58fafe590,bakery,0
吐司面包,4,domain,POSSIBLE,,may_be_idiom_or_compound,industry_pack_v1,1,term-e59090e58fb8e99d,bakery,0
向量嵌入,4,domain,POSSIBLE,,may_be_idiom_or_compound,industry_pack_v1,1,term-e59091e9878fe5b5,tech_ai,0
向量检索,4,domain,POSSIBLE,,may_be_idiom_or_compound,industry_pack_v1,1,term-e59091e9878fe6a3,tech_ai,0
向量状态,4,domain,POSSIBLE,,may_be_idiom_or_compound,industry_pack_v1,1,term-e59091e9878fe78a,tech_ai,0
向量索引,4,domain,POSSIBLE,,may_be_idiom_or_compound,industry_pack_v1,1,term-e59091e9878fe7b4,tech_ai,0
味噌拉面,4,domain,POSSIBLE,,may_be_idiom_or_compound,industry_pack_v1,1,term-e591b3e5998ce68b,food_order,0
咖啡价格,4,domain,POSSIBLE,,may_be_idiom_or_compound,industry_pack_v1,1,term-e59296e595a1e4bb,coffee,0
咖啡取消,4,domain,POSSIBLE,,may_be_idiom_or_compound,industry_pack_v1,1,term-e59296e595a1e58f,coffee,0
咖啡套餐,4,domain,POSSIBLE,,may_be_idiom_or_compound,industry_pack_v1,1,term-e59296e595a1e5a5,coffee,0
咖啡推荐,4,domain,POSSIBLE,,may_be_idiom_or_compound,industry_pack_v1,1,term-e59296e595a1e68e,coffee,0
咖啡支付,4,domain,POSSIBLE,,may_be_idiom_or_compound,industry_pack_v1,1,term-e59296e595a1e694,coffee,0
咖啡时间,4,domain,POSSIBLE,,may_be_idiom_or_compound,industry_pack_v1,1,term-e59296e595a1e697,coffee,0
咖啡等待,4,domain,POSSIBLE,,may_be_idiom_or_compound,industry_pack_v1,1,term-e59296e595a1e7ad,coffee,0
咖啡评价,4,domain,POSSIBLE,,may_be_idiom_or_compound,industry_pack_v1,1,term-e59296e595a1e8af,coffee,0
咖啡辣度,4,domain,POSSIBLE,,may_be_idiom_or_compound,industry_pack_v1,1,term-e59296e595a1e8be,coffee,0
商务酒店,4,domain,POSSIBLE,,may_be_idiom_or_compound,industry_pack_v1,1,term-e59586e58aa1e985,tourism_hotel,0
回归测试,4,domain,POSSIBLE,,may_be_idiom_or_compound,external_full_review_supplement_v1,1,term-e59b9ee5bd92e6b5,tech_ai,0
国宾酒店,4,domain,POSSIBLE,,may_be_idiom_or_compound,industry_pack_v1,1,term-e59bbde5aebee985,tourism_hotel,0
土司面包,4,domain,POSSIBLE,,may_be_idiom_or_compound,industry_pack_v1,1,term-e59c9fe58fb8e99d,bakery,0
地铁接送,4,domain,POSSIBLE,,may_be_idiom_or_compound,industry_pack_v1,1,term-e59cb0e99381e68e,tourism_pickup,0
地铁路线,4,domain,POSSIBLE,,may_be_idiom_or_compound,industry_pack_v1,1,term-e59cb0e99381e8b7,tourism_route,0
坚果欧包,4,domain,POSSIBLE,,may_be_idiom_or_compound,industry_pack_v1,1,term-e59d9ae69e9ce6ac,bakery,0
基线模型,4,domain,POSSIBLE,,may_be_idiom_or_compound,industry_pack_v1,1,term-e59fbae7babfe6a8,tech_ai,0
外科主任,4,domain,POSSIBLE,,may_be_idiom_or_compound,industry_pack_v1,1,term-e5a496e7a791e4b8,medical,0
外科医生,4,domain,POSSIBLE,,may_be_idiom_or_compound,industry_pack_v1,1,term-e5a496e7a791e58c,medical,0
外科手术,4,domain,POSSIBLE,,may_be_idiom_or_compound,industry_pack_v1,1,term-e5a496e7a791e689,medical,0
外科病人,4,domain,POSSIBLE,,may_be_idiom_or_compound,industry_pack_v1,1,term-e5a496e7a791e797,medical,0
大连酒店,4,domain,POSSIBLE,,may_be_idiom_or_compound,industry_pack_v1,1,term-e5a4a7e8bf9ee985,tourism_hotel,0
头脑发热,4,domain,POSSIBLE,,may_be_idiom_or_compound,industry_pack_v1,1,term-e5a4b4e88491e58f,medical,0
奖励模型,4,domain,POSSIBLE,,may_be_idiom_or_compound,industry_pack_v1,1,term-e5a596e58ab1e6a8,tech_ai,0
奶油泡芙,4,domain,POSSIBLE,,may_be_idiom_or_compound,industry_pack_v1,1,term-e5a5b6e6b2b9e6b3,bakery,0
奶油餐包,4,domain,POSSIBLE,,may_be_idiom_or_compound,industry_pack_v1,1,term-e5a5b6e6b2b9e9a4,bakery,0
奶香吐司,4,domain,POSSIBLE,,may_be_idiom_or_compound,industry_pack_v1,1,term-e5a5b6e9a699e590,bakery,0
妇科医生,4,domain,POSSIBLE,,may_be_idiom_or_compound,industry_pack_v1,1,term-e5a687e7a791e58c,medical,0
妇科炎症,4,domain,POSSIBLE,,may_be_idiom_or_compound,industry_pack_v1,1,term-e5a687e7a791e782,medical,0
妇科疾病,4,domain,POSSIBLE,,may_be_idiom_or_compound,industry_pack_v1,1,term-e5a687e7a791e796,medical,0
审计日志,4,domain,POSSIBLE,,may_be_idiom_or_compound,industry_pack_v1,1,term-e5aea1e8aea1e697,tech_ai,0
客房服务,4,domain,POSSIBLE,,may_be_idiom_or_compound,external_full_review_supplement_v1,1,supp-e5aea2e688bfe69c8de58aa1,tourism_hotel,0
宾馆酒店,4,domain,POSSIBLE,,may_be_idiom_or_compound,industry_pack_v1,1,term-e5aebee9a686e985,tourism_hotel,0
导游保险,4,domain,POSSIBLE,,may_be_idiom_or_compound,industry_pack_v1,1,term-e5afbce6b8b8e4bf,tourism_route,0
导航路线,4,domain,POSSIBLE,,may_be_idiom_or_compound,industry_pack_v1,1,term-e5afbce888aae8b7,tourism_route,0
寿司排队,4,domain,POSSIBLE,,may_be_idiom_or_compound,industry_pack_v1,1,term-e5afbfe58fb8e68e,food_order,0
嵌入模型,4,domain,POSSIBLE,,may_be_idiom_or_compound,industry_pack_v1,1,term-e5b58ce585a5e6a8,tech_ai,0
嵌入索引,4,domain,POSSIBLE,,may_be_idiom_or_compound,industry_pack_v1,1,term-e5b58ce585a5e7b4,tech_ai,0
布里欧修,4,domain,POSSIBLE,,may_be_idiom_or_compound,industry_pack_v1,1,term-e5b883e9878ce6ac,bakery,0
康复中心,4,domain,POSSIBLE,,may_be_idiom_or_compound,industry_pack_v1,1,term-e5bab7e5a48de4b8,medical,0
康复训练,4,domain,POSSIBLE,,may_be_idiom_or_compound,industry_pack_v1,1,term-e5bab7e5a48de8ae,medical,0
延误订单,4,domain,POSSIBLE,,may_be_idiom_or_compound,industry_pack_v1,1,term-e5bbb6e8afafe8ae,food_order,0
开刀手术,4,domain,POSSIBLE,,may_be_idiom_or_compound,industry_pack_v1,1,term-e5bc80e58880e689,medical,0
归纳推理,4,domain,POSSIBLE,,may_be_idiom_or_compound,industry_pack_v1,1,term-e5bd92e7bab3e68e,tech_ai,0
当前版本,4,domain,POSSIBLE,,may_be_idiom_or_compound,industry_pack_v1,1,term-e5bd93e5898de789,tech_ai,0
徒步地点,4,domain,POSSIBLE,,may_be_idiom_or_compound,industry_pack_v1,1,term-e5be92e6ada5e59c,tourism_route,0
徒步路线,4,domain,POSSIBLE,,may_be_idiom_or_compound,industry_pack_v1,1,term-e5be92e6ada5e8b7,tourism_route,0
心形拉花,4,domain,POSSIBLE,,may_be_idiom_or_compound,industry_pack_v1,1,term-e5bf83e5bda2e68b,coffee,0
心脏外科,4,domain,POSSIBLE,,may_be_idiom_or_compound,industry_pack_v1,1,term-e5bf83e8848fe5a4,medical,0
快捷酒店,4,domain,POSSIBLE,,may_be_idiom_or_compound,industry_pack_v1,1,term-e5bfabe68db7e985,tourism_hotel,0
急诊病人,4,domain,POSSIBLE,,may_be_idiom_or_compound,industry_pack_v1,1,term-e680a5e8af8ae797,medical,0
总统套房,4,domain,POSSIBLE,,may_be_idiom_or_compound,industry_pack_v1,1,term-e680bbe7bb9fe5a5,tourism_hotel,0
总统客房,4,domain,POSSIBLE,,may_be_idiom_or_compound,industry_pack_v1,1,term-e680bbe7bb9fe5ae,tourism_hotel,0
恒压萃取,4,domain,POSSIBLE,,may_be_idiom_or_compound,industry_pack_v1,1,term-e68192e58e8be890,coffee,0
慕斯蛋糕,4,domain,POSSIBLE,,may_be_idiom_or_compound,industry_pack_v1,1,term-e68595e696afe89b,bakery,0
成都酒店,4,domain,POSSIBLE,,may_be_idiom_or_compound,industry_pack_v1,1,term-e68890e983bde985,tourism_hotel,0
戚风蛋糕,4,domain,POSSIBLE,,may_be_idiom_or_compound,industry_pack_v1,1,term-e6889ae9a38ee89b,bakery,0
房卡入口,4,domain,POSSIBLE,,may_be_idiom_or_compound,industry_pack_v1,1,term-e688bfe58da1e585,tourism_hotel,0
批量梯度,4,domain,POSSIBLE,,may_be_idiom_or_compound,industry_pack_v1,1,term-e689b9e9878fe6a2,tech_ai,0
抹茶吐司,4,domain,POSSIBLE,,may_be_idiom_or_compound,industry_pack_v1,1,term-e68ab9e88cb6e590,bakery,0
拉面排队,4,domain,POSSIBLE,,may_be_idiom_or_compound,industry_pack_v1,1,term-e68b89e99da2e68e,food_order,0
拿铁推荐,4,domain,POSSIBLE,,may_be_idiom_or_compound,industry_pack_v1,1,term-e68bbfe99381e68e,coffee,0
拿铁等待,4,domain,POSSIBLE,,may_be_idiom_or_compound,industry_pack_v1,1,term-e68bbfe99381e7ad,coffee,0
拿铁辣度,4,domain,POSSIBLE,,may_be_idiom_or_compound,industry_pack_v1,1,term-e68bbfe99381e8be,coffee,0
指令微调,4,domain,POSSIBLE,,may_be_idiom_or_compound,industry_pack_v1,1,term-e68c87e4bba4e5be,tech_ai,0
接口文档,4,domain,POSSIBLE,,may_be_idiom_or_compound,external_full_review_supplement_v1,1,term-e68ea5e58fa3e696,tech_ai,0
接送保险,4,domain,POSSIBLE,,may_be_idiom_or_compound,industry_pack_v1,1,term-e68ea5e98081e4bf,tourism_pickup,0
接送凭证,4,domain,POSSIBLE,,may_be_idiom_or_compound,industry_pack_v1,1,term-e68ea5e98081e587,tourism_pickup,0
接送时间,4,domain,POSSIBLE,,may_be_idiom_or_compound,industry_pack_v1,1,term-e68ea5e98081e697,tourism_pickup,0
接送费用,4,domain,POSSIBLE,,may_be_idiom_or_compound,industry_pack_v1,1,term-e68ea5e98081e8b4,tourism_pickup,0
推理加速,4,domain,POSSIBLE,,may_be_idiom_or_compound,industry_pack_v1,1,term-e68ea8e79086e58a,tech_ai,0
推理延迟,4,domain,POSSIBLE,,may_be_idiom_or_compound,industry_pack_v1,1,term-e68ea8e79086e5bb,tech_ai,0
推理引擎,4,domain,POSSIBLE,,may_be_idiom_or_compound,industry_pack_v1,1,term-e68ea8e79086e5bc,tech_ai,0
推理服务,4,domain,POSSIBLE,,may_be_idiom_or_compound,external_full_review_supplement_v1,1,term-e68ea8e79086e69c,tech_ai,0
推理框架,4,domain,POSSIBLE,,may_be_idiom_or_compound,industry_pack_v1,1,term-e68ea8e79086e6a1,tech_ai,0
推理模型,4,domain,POSSIBLE,,may_be_idiom_or_compound,industry_pack_v1,1,term-e68ea8e79086e6a8,tech_ai,0
推理诊断,4,domain,POSSIBLE,,may_be_idiom_or_compound,industry_pack_v1,1,term-e68ea8e79086e8af,tech_ai,0
提前入住,4,domain,POSSIBLE,,may_be_idiom_or_compound,industry_pack_v1,1,term-e68f90e5898de585,tourism_hotel,0
提拉米苏,4,domain,POSSIBLE,,may_be_idiom_or_compound,industry_pack_v1,1,term-e68f90e68b89e7b1,bakery,0
散团地点,4,domain,POSSIBLE,,may_be_idiom_or_compound,external_full_review_supplement_v1,1,term-e695a3e59ba2e59c,tourism_route,0
数据库表,4,domain,POSSIBLE,,may_be_idiom_or_compound,external_full_review_supplement_v1,1,supp-e695b0e68daee5ba93e8a1a8,tech_ai,0
文档版本,4,domain,POSSIBLE,,may_be_idiom_or_compound,industry_pack_v1,1,term-e69687e6a1a3e789,tech_ai,0
新生儿科,4,domain,POSSIBLE,,may_be_idiom_or_compound,industry_pack_v1,1,term-e696b0e7949fe584,medical,0
旅游巴士,4,domain,POSSIBLE,,may_be_idiom_or_compound,industry_pack_v1,1,term-e69785e6b8b8e5b7,tourism_transport,0
旅游线路,4,domain,POSSIBLE,,may_be_idiom_or_compound,external_full_review_supplement_v1,1,term-e69785e6b8b8e7ba,tourism_route,0
日志恢复,4,domain,POSSIBLE,,may_be_idiom_or_compound,industry_pack_v1,1,term-e697a5e5bf97e681,tech_ai,0
日志文件,4,domain,POSSIBLE,,may_be_idiom_or_compound,industry_pack_v1,1,term-e697a5e5bf97e696,tech_ai,0
日志格式,4,domain,POSSIBLE,,may_be_idiom_or_compound,industry_pack_v1,1,term-e697a5e5bf97e6a0,tech_ai,0
日志系统,4,domain,POSSIBLE,,may_be_idiom_or_compound,industry_pack_v1,1,term-e697a5e5bf97e7b3,tech_ai,0
日志索引,4,domain,POSSIBLE,,may_be_idiom_or_compound,industry_pack_v1,1,term-e697a5e5bf97e7b4,tech_ai,0
日志记录,4,domain,POSSIBLE,,may_be_idiom_or_compound,industry_pack_v1,1,term-e697a5e5bf97e8ae,tech_ai,0
早日康复,4,domain,POSSIBLE,,may_be_idiom_or_compound,industry_pack_v1,1,term-e697a9e697a5e5ba,medical,0
早餐座位,4,domain,POSSIBLE,,may_be_idiom_or_compound,industry_pack_v1,1,term-e697a9e9a490e5ba,food_order,0
早餐推荐,4,domain,POSSIBLE,,may_be_idiom_or_compound,industry_pack_v1,1,term-e697a9e9a490e68e,food_order,0
早餐时间,4,domain,POSSIBLE,,may_be_idiom_or_compound,industry_pack_v1,1,term-e697a9e9a490e697,food_order,0
景区入口,4,domain,POSSIBLE,,may_be_idiom_or_compound,external_full_review_supplement_v1,1,term-e699afe58cbae585,tourism_route,0
景区出口,4,domain,POSSIBLE,,may_be_idiom_or_compound,external_full_review_supplement_v1,1,term-e699afe58cbae587,tourism_route,0
景点取消,4,domain,POSSIBLE,,may_be_idiom_or_compound,industry_pack_v1,1,term-e699afe782b9e58f,tourism_route,0
景点门票,4,domain,POSSIBLE,,may_be_idiom_or_compound,industry_pack_v1,1,term-e699afe782b9e997,tourism_route,0
服务接口,4,domain,POSSIBLE,,may_be_idiom_or_compound,external_full_review_supplement_v1,1,term-e69c8de58aa1e68e,tech_ai,0
服务日志,4,domain,POSSIBLE,,may_be_idiom_or_compound,industry_pack_v2,1,term-e69c8de58aa1e697,tech_ai,0
服务编排,4,domain,POSSIBLE,,may_be_idiom_or_compound,industry_pack_v1,1,term-e69c8de58aa1e7bc,tech_ai,0
机场中心,4,domain,POSSIBLE,,may_be_idiom_or_compound,industry_pack_v1,1,term-e69cbae59cbae4b8,tourism_transport,0
机场信息,4,domain,POSSIBLE,,may_be_idiom_or_compound,industry_pack_v1,1,term-e69cbae59cbae4bf,tourism_transport,0
机场安排,4,domain,POSSIBLE,,may_be_idiom_or_compound,industry_pack_v1,1,term-e69cbae59cbae5ae,tourism_transport,0
机场快线,4,domain,POSSIBLE,,may_be_idiom_or_compound,industry_pack_v1,1,term-e69cbae59cbae5bf,tourism_transport,0
机场接待,4,domain,POSSIBLE,,may_be_idiom_or_compound,industry_pack_v1,1,term-e69cbae59cbae68e,tourism_transport,0
机场时间,4,domain,POSSIBLE,,may_be_idiom_or_compound,industry_pack_v1,1,term-e69cbae59cbae697,tourism_transport,0
机场费用,4,domain,POSSIBLE,,may_be_idiom_or_compound,industry_pack_v1,1,term-e69cbae59cbae8b4,tourism_transport,0
杂粮面包,4,domain,POSSIBLE,,may_be_idiom_or_compound,industry_pack_v1,1,term-e69d82e7b2aee99d,bakery,0
查看日志,4,domain,POSSIBLE,,may_be_idiom_or_compound,industry_pack_v1,1,term-e69fa5e79c8be697,tech_ai,0
核桃吐司,4,domain,POSSIBLE,,may_be_idiom_or_compound,industry_pack_v1,1,term-e6a0b8e6a183e590,bakery,0
梯度累积,4,domain,POSSIBLE,,may_be_idiom_or_compound,industry_pack_v1,1,term-e6a2afe5baa6e7b4,tech_ai,0
梯度裁剪,4,domain,POSSIBLE,,may_be_idiom_or_compound,industry_pack_v1,1,term-e6a2afe5baa6e8a3,tech_ai,0
检查日志,4,domain,POSSIBLE,,may_be_idiom_or_compound,industry_pack_v1,1,term-e6a380e69fa5e697,tech_ai,0
模型仓库,4,domain,POSSIBLE,,may_be_idiom_or_compound,industry_pack_v1,1,term-e6a8a1e59e8be4bb,tech_ai,0
模型卡片,4,domain,POSSIBLE,,may_be_idiom_or_compound,industry_pack_v1,1,term-e6a8a1e59e8be58d,tech_ai,0
模型审计,4,domain,POSSIBLE,,may_be_idiom_or_compound,industry_pack_v1,1,term-e6a8a1e59e8be5ae,tech_ai,0
模型服务,4,domain,POSSIBLE,,may_be_idiom_or_compound,external_full_review_supplement_v1,1,term-e6a8a1e59e8be69c,tech_ai,0
模型治理,4,domain,POSSIBLE,,may_be_idiom_or_compound,industry_pack_v1,1,term-e6a8a1e59e8be6b2,tech_ai,0
模型注册,4,domain,POSSIBLE,,may_be_idiom_or_compound,industry_pack_v1,1,term-e6a8a1e59e8be6b3,tech_ai,0
模型漂移,4,domain,POSSIBLE,,may_be_idiom_or_compound,industry_pack_v1,1,term-e6a8a1e59e8be6bc,tech_ai,0
模型版本,4,domain,POSSIBLE,,may_be_idiom_or_compound,industry_pack_v1,1,term-e6a8a1e59e8be789,tech_ai,0
橄榄欧包,4,domain,POSSIBLE,,may_be_idiom_or_compound,industry_pack_v1,1,term-e6a984e6a684e6ac,bakery,0
歌剧蛋糕,4,domain,POSSIBLE,,may_be_idiom_or_compound,industry_pack_v1,1,term-e6ad8ce589a7e89b,bakery,0
氮气咖啡,4,domain,POSSIBLE,,may_be_idiom_or_compound,industry_pack_v1,1,term-e6b0aee6b094e592,coffee,0
水果蛋糕,4,domain,POSSIBLE,,may_be_idiom_or_compound,industry_pack_v1,1,term-e6b0b4e69e9ce89b,bakery,0
洋葱贝果,4,domain,POSSIBLE,,may_be_idiom_or_compound,industry_pack_v1,1,term-e6b48be891b1e8b4,bakery,0
测试数据,4,domain,POSSIBLE,,may_be_idiom_or_compound,external_full_review_supplement_v1,1,term-e6b58be8af95e695,tech_ai,0
海盐奶盖,4,domain,POSSIBLE,,may_be_idiom_or_compound,industry_pack_v1,1,term-e6b5b7e79b90e5a5,milk_tea,0
海绵蛋糕,4,domain,POSSIBLE,,may_be_idiom_or_compound,industry_pack_v1,1,term-e6b5b7e7bbb5e89b,bakery,0
消息队列,4,domain,POSSIBLE,,may_be_idiom_or_compound,industry_pack_v1,1,term-e6b688e681afe998,tech_ai,0
火腿吐司,4,domain,POSSIBLE,,may_be_idiom_or_compound,industry_pack_v1,1,term-e781abe885bfe590,bakery,0
火车接送,4,domain,POSSIBLE,,may_be_idiom_or_compound,industry_pack_v1,1,term-e781abe8bda6e68e,tourism_pickup,0
火车路线,4,domain,POSSIBLE,,may_be_idiom_or_compound,industry_pack_v1,1,term-e781abe8bda6e8b7,tourism_route,0
灰度发布,4,domain,POSSIBLE,,may_be_idiom_or_compound,industry_pack_v1,1,term-e781b0e5baa6e58f,tech_ai,0
燕麦曲奇,4,domain,POSSIBLE,,may_be_idiom_or_compound,industry_pack_v1,1,term-e78795e9baa6e69b,bakery,0
燕麦面包,4,domain,POSSIBLE,,may_be_idiom_or_compound,industry_pack_v1,1,term-e78795e9baa6e99d,bakery,0
牛奶面包,4,domain,POSSIBLE,,may_be_idiom_or_compound,industry_pack_v1,1,term-e7899be5a5b6e99d,bakery,0
特征向量,4,domain,POSSIBLE,,may_be_idiom_or_compound,industry_pack_v1,1,term-e789b9e5be81e590,tech_ai,0
特征工程,4,domain,POSSIBLE,,may_be_idiom_or_compound,industry_pack_v1,1,term-e789b9e5be81e5b7,tech_ai,0
特征模型,4,domain,POSSIBLE,,may_be_idiom_or_compound,industry_pack_v1,1,term-e789b9e5be81e6a8,tech_ai,0
珍珠奶茶,4,domain,POSSIBLE,,may_be_idiom_or_compound,industry_pack_v1,1,term-e78f8de78fa0e5a5,milk_tea,0
珍珠粉圆,4,domain,POSSIBLE,,may_be_idiom_or_compound,industry_pack_v1,1,term-e78f8de78fa0e7b2,milk_tea,0
生日蛋糕,4,domain,POSSIBLE,,may_be_idiom_or_compound,industry_pack_v1,1,term-e7949fe697a5e89b,bakery,0
番茄面包,4,domain,POSSIBLE,,may_be_idiom_or_compound,industry_pack_v1,1,term-e795aae88c84e99d,bakery,0
白玉珍珠,4,domain,POSSIBLE,,may_be_idiom_or_compound,industry_pack_v1,1,term-e799bde78e89e78f,milk_tea,0
百慕大杯,4,domain,POSSIBLE,,may_be_idiom_or_compound,industry_pack_v1,1,term-e799bee68595e5a4,food_order,0
直接推理,4,domain,POSSIBLE,,may_be_idiom_or_compound,industry_pack_v1,1,term-e79bb4e68ea5e68e,tech_ai,0
相似检索,4,domain,POSSIBLE,,may_be_idiom_or_compound,industry_pack_v1,1,term-e79bb8e4bcbce6a3,tech_ai,0
矫形外科,4,domain,POSSIBLE,,may_be_idiom_or_compound,industry_pack_v1,1,term-e79fabe5bda2e5a4,medical,0
神经网络,4,domain,POSSIBLE,,may_be_idiom_or_compound,industry_pack_v1,1,term-e7a59ee7bb8fe7bd,tech_ai,0
私人包车,4,domain,POSSIBLE,,may_be_idiom_or_compound,industry_pack_v1,1,term-e7a781e4babae58c,tourism_route,0
租车接待,4,domain,POSSIBLE,,may_be_idiom_or_compound,industry_pack_v1,1,term-e7a79fe8bda6e68e,tourism_route,0
租车提醒,4,domain,POSSIBLE,,may_be_idiom_or_compound,industry_pack_v2,1,term-e7a79fe8bda6e68f,tourism_route,0
租车路线,4,domain,POSSIBLE,,may_be_idiom_or_compound,industry_pack_v1,1,term-e7a79fe8bda6e8b7,tourism_route,0
稀疏向量,4,domain,POSSIBLE,,may_be_idiom_or_compound,industry_pack_v1,1,term-e7a880e7968fe590,tech_ai,0
稠密向量,4,domain,POSSIBLE,,may_be_idiom_or_compound,industry_pack_v1,1,term-e7a8a0e5af86e590,tech_ai,0
策略模型,4,domain,POSSIBLE,,may_be_idiom_or_compound,industry_pack_v1,1,term-e7ad96e795a5e6a8,tech_ai,0
签证路线,4,domain,POSSIBLE,,may_be_idiom_or_compound,industry_pack_v1,1,term-e7adbee8af81e8b7,tourism_route,0
索引日志,4,domain,POSSIBLE,,may_be_idiom_or_compound,industry_pack_v1,1,term-e7b4a2e5bc95e697,tech_ai,0
红豆吐司,4,domain,POSSIBLE,,may_be_idiom_or_compound,industry_pack_v1,1,term-e7baa2e8b186e590,bakery,0
线上会议,4,domain,POSSIBLE,,may_be_idiom_or_compound,external_full_review_supplement_v1,1,term-e7babfe4b88ae4bc,meeting,0
缆车提醒,4,domain,POSSIBLE,,may_be_idiom_or_compound,industry_pack_v1,1,term-e7bc86e8bda6e68f,tourism_route,0
缓存命中,4,domain,POSSIBLE,,may_be_idiom_or_compound,external_full_review_supplement_v1,1,term-e7bc93e5ad98e591,tech_ai,0
编译优化,4,domain,POSSIBLE,,may_be_idiom_or_compound,industry_pack_v1,1,term-e7bc96e8af91e4bc,tech_ai,0
罗布斯塔,4,domain,POSSIBLE,,may_be_idiom_or_compound,industry_pack_v1,1,term-e7bd97e5b883e696,coffee,0
美小面包,4,domain,POSSIBLE,,may_be_idiom_or_compound,industry_pack_v1,1,term-e7be8ee5b08fe99d,bakery,0
美式咖啡,4,domain,POSSIBLE,,may_be_idiom_or_compound,industry_pack_v1,1,term-e7be8ee5bc8fe592,coffee,0
翻译日志,4,domain,POSSIBLE,,may_be_idiom_or_compound,industry_pack_v1,1,term-e7bfbbe8af91e697,tech_ai,0
肉松吐司,4,domain,POSSIBLE,,may_be_idiom_or_compound,industry_pack_v1,1,term-e88289e69dbee590,bakery,0
脱因咖啡,4,domain,POSSIBLE,,may_be_idiom_or_compound,external_full_review_supplement_v1,1,term-e884b1e59ba0e592,coffee,0
自动评测,4,domain,POSSIBLE,,may_be_idiom_or_compound,industry_pack_v1,1,term-e887aae58aa8e8af,tech_ai,0
自注意力,4,domain,POSSIBLE,,may_be_idiom_or_compound,industry_pack_v1,1,term-e887aae6b3a8e684,tech_ai,0
航班订单,4,domain,POSSIBLE,,may_be_idiom_or_compound,industry_pack_v1,1,term-e888aae78fade8ae,food_order,0
航班路线,4,domain,POSSIBLE,,may_be_idiom_or_compound,industry_pack_v1,1,term-e888aae78fade8b7,tourism_route,0
节点索引,4,domain,POSSIBLE,,may_be_idiom_or_compound,industry_pack_v1,1,term-e88a82e782b9e7b4,tech_ai,0
芋泥吐司,4,domain,POSSIBLE,,may_be_idiom_or_compound,industry_pack_v1,1,term-e88a8be6b3a5e590,bakery,0
芝士吐司,4,domain,POSSIBLE,,may_be_idiom_or_compound,industry_pack_v1,1,term-e88a9de5a3abe590,bakery,0
芝士奶盖,4,domain,POSSIBLE,,may_be_idiom_or_compound,domain_seed_v1,1,term-e88a9de5a3abe5a5,milk_tea,0
芝士蛋糕,4,domain,POSSIBLE,,may_be_idiom_or_compound,domain_seed_v1,1,term-e88a9de5a3abe89b,bakery,0
芝麻贝果,4,domain,POSSIBLE,,may_be_idiom_or_compound,industry_pack_v1,1,term-e88a9de9babbe8b4,bakery,0
花园酒店,4,domain,POSSIBLE,,may_be_idiom_or_compound,industry_pack_v1,1,term-e88ab1e59bade985,tourism_hotel,0
苏州酒店,4,domain,POSSIBLE,,may_be_idiom_or_compound,industry_pack_v1,1,term-e88b8fe5b79ee985,tourism_hotel,0
英文导游,4,domain,POSSIBLE,,may_be_idiom_or_compound,industry_pack_v1,1,term-e88bb1e69687e5af,tourism_route,0
菠菜面包,4,domain,POSSIBLE,,may_be_idiom_or_compound,industry_pack_v1,1,term-e88fa0e88f9ce99d,bakery,0
葡式蛋挞,4,domain,POSSIBLE,,may_be_idiom_or_compound,industry_pack_v1,1,term-e891a1e5bc8fe89b,bakery,0
蒜蓉面包,4,domain,POSSIBLE,,may_be_idiom_or_compound,industry_pack_v1,1,term-e8929ce89389e99d,bakery,0
蒜香法棍,4,domain,POSSIBLE,,may_be_idiom_or_compound,industry_pack_v1,1,term-e8929ce9a699e6b3,bakery,0
蒜香面包,4,domain,POSSIBLE,,may_be_idiom_or_compound,industry_pack_v1,1,term-e8929ce9a699e99d,bakery,0
蓝莓贝果,4,domain,POSSIBLE,,may_be_idiom_or_compound,industry_pack_v1,1,term-e8939de88e93e8b4,bakery,0
蓝莓马芬,4,domain,POSSIBLE,,may_be_idiom_or_compound,domain_seed_v1,1,term-e8939de88e93e9a9,bakery,0
行李寄存,4,domain,POSSIBLE,,may_be_idiom_or_compound,industry_pack_v1,1,term-e8a18ce69d8ee5af,tourism_hotel,0
行李订单,4,domain,POSSIBLE,,may_be_idiom_or_compound,industry_pack_v1,1,term-e8a18ce69d8ee8ae,food_order,0
行程保险,4,domain,POSSIBLE,,may_be_idiom_or_compound,industry_pack_v1,1,term-e8a18ce7a88be4bf,tourism_route,0
行程取消,4,domain,POSSIBLE,,may_be_idiom_or_compound,industry_pack_v1,1,term-e8a18ce7a88be58f,tourism_route,0
行程订单,4,domain,POSSIBLE,,may_be_idiom_or_compound,industry_pack_v1,1,term-e8a18ce7a88be8ae,food_order,0
行程证明,4,domain,POSSIBLE,,may_be_idiom_or_compound,industry_pack_v1,1,term-e8a18ce7a88be8af,tourism_route,0
西式早餐,4,domain,POSSIBLE,,may_be_idiom_or_compound,industry_pack_v1,1,term-e8a5bfe5bc8fe697,food_order,0
西点面包,4,domain,POSSIBLE,,may_be_idiom_or_compound,industry_pack_v1,1,term-e8a5bfe782b9e99d,bakery,0
视频会议,4,domain,POSSIBLE,,may_be_idiom_or_compound,industry_pack_v1,1,term-e8a786e9a291e4bc,meeting,0
训练数据,4,domain,POSSIBLE,,may_be_idiom_or_compound,external_full_review_supplement_v1,1,term-e8aeade7bb83e695,tech_ai,0
训练流程,4,domain,POSSIBLE,,may_be_idiom_or_compound,industry_pack_v1,1,term-e8aeade7bb83e6b5,tech_ai,0
训练监控,4,domain,POSSIBLE,,may_be_idiom_or_compound,industry_pack_v1,1,term-e8aeade7bb83e79b,tech_ai,0
训练语料,4,domain,POSSIBLE,,may_be_idiom_or_compound,industry_pack_v1,1,term-e8aeade7bb83e8af,tech_ai,0
论坛会员,4,domain,POSSIBLE,,may_be_idiom_or_compound,industry_pack_v1,1,term-e8aebae59d9be4bc,meeting,0
词库日志,4,domain,POSSIBLE,,may_be_idiom_or_compound,industry_pack_v1,1,term-e8af8de5ba93e697,tech_ai,0
语义检索,4,domain,POSSIBLE,,may_be_idiom_or_compound,industry_pack_v1,1,term-e8afade4b989e6a3,tech_ai,0
语言模型,4,domain,POSSIBLE,,may_be_idiom_or_compound,industry_pack_v1,1,term-e8afade8a880e6a8,tech_ai,0
谷歌会议,4,domain,POSSIBLE,,may_be_idiom_or_compound,industry_pack_v1,1,term-e8b0b7e6ad8ce4bc,meeting,0
豚骨拉面,4,domain,POSSIBLE,,may_be_idiom_or_compound,industry_pack_v1,1,term-e8b19ae9aaa8e68b,food_order,0
路线规划,4,domain,POSSIBLE,,may_be_idiom_or_compound,industry_pack_v1,1,term-e8b7afe7babfe8a7,tourism_route,0
车票路线,4,domain,POSSIBLE,,may_be_idiom_or_compound,industry_pack_v1,1,term-e8bda6e7a5a8e8b7,tourism_route,0
还车路线,4,domain,POSSIBLE,,may_be_idiom_or_compound,industry_pack_v1,1,term-e8bf98e8bda6e8b7,tourism_route,0
退房时间,4,domain,POSSIBLE,,may_be_idiom_or_compound,external_full_review_supplement_v1,1,term-e98080e688bfe697,tourism_hotel,0
道路路线,4,domain,POSSIBLE,,may_be_idiom_or_compound,industry_pack_v1,1,term-e98193e8b7afe8b7,tourism_route,0
部署脚本,4,domain,POSSIBLE,,may_be_idiom_or_compound,external_full_review_supplement_v1,1,term-e983a8e7bdb2e884,tech_ai,0
配置推理,4,domain,POSSIBLE,,may_be_idiom_or_compound,industry_pack_v1,1,term-e9858de7bdaee68e,tech_ai,0
配置文件,4,domain,POSSIBLE,,may_be_idiom_or_compound,external_full_review_supplement_v1,1,term-e9858de7bdaee696,tech_ai,0
酒店安排,4,domain,POSSIBLE,,may_be_idiom_or_compound,industry_pack_v1,1,term-e98592e5ba97e5ae,tourism_hotel,0
酱油拉面,4,domain,POSSIBLE,,may_be_idiom_or_compound,industry_pack_v1,1,term-e985b1e6b2b9e68b,food_order,0
酸种面包,4,domain,POSSIBLE,,may_be_idiom_or_compound,industry_pack_v1,1,term-e985b8e7a78de99d,bakery,0
重试推理,4,domain,POSSIBLE,,may_be_idiom_or_compound,industry_pack_v1,1,term-e9878de8af95e68e,tech_ai,0
量化感知,4,domain,POSSIBLE,,may_be_idiom_or_compound,industry_pack_v1,1,term-e9878fe58c96e684,tech_ai,0
门票中心,4,domain,POSSIBLE,,may_be_idiom_or_compound,industry_pack_v1,1,term-e997a8e7a5a8e4b8,tourism_route,0
门票价格,4,domain,POSSIBLE,,may_be_idiom_or_compound,industry_pack_v1,1,term-e997a8e7a5a8e4bb,tourism_route,0
门票安排,4,domain,POSSIBLE,,may_be_idiom_or_compound,industry_pack_v1,1,term-e997a8e7a5a8e5ae,tourism_route,0
闪电泡芙,4,domain,POSSIBLE,,may_be_idiom_or_compound,industry_pack_v1,1,term-e997aae794b5e6b3,bakery,0
阿拉比卡,4,domain,POSSIBLE,,may_be_idiom_or_compound,industry_pack_v1,1,term-e998bfe68b89e6af,coffee,0
随机梯度,4,domain,POSSIBLE,,may_be_idiom_or_compound,industry_pack_v1,1,term-e99a8fe69cbae6a2,tech_ai,0
集成测试,4,domain,POSSIBLE,,may_be_idiom_or_compound,external_full_review_supplement_v1,1,term-e99b86e68890e6b5,tech_ai,0
领域日志,4,domain,POSSIBLE,,may_be_idiom_or_compound,industry_pack_v1,1,term-e9a286e59f9fe697,tech_ai,0
餐前面包,4,domain,POSSIBLE,,may_be_idiom_or_compound,industry_pack_v1,1,term-e9a490e5898de99d,bakery,0
高速路线,4,domain,POSSIBLE,,may_be_idiom_or_compound,industry_pack_v1,1,term-e9ab98e9809fe8b7,tourism_route,0
鲜花蛋糕,4,domain,POSSIBLE,,may_be_idiom_or_compound,industry_pack_v1,1,term-e9b29ce88ab1e89b,bakery,0
鳗鱼寿司,4,domain,POSSIBLE,,may_be_idiom_or_compound,industry_pack_v1,1,term-e9b397e9b1bce5af,food_order,0
黄油曲奇,4,domain,POSSIBLE,,may_be_idiom_or_compound,industry_pack_v1,1,term-e9bb84e6b2b9e69b,bakery,0
黑糖珍珠,4,domain,POSSIBLE,,may_be_idiom_or_compound,domain_seed_v1,1,term-e9bb91e7b396e78f,milk_tea,0
黑麦面包,4,domain,POSSIBLE,,may_be_idiom_or_compound,industry_pack_v1,1,term-e9bb91e9baa6e99d,bakery,0