path,classification,module,recommendedAction,declaredStatus,containsCurrentClaim
docs/acceptance/Development/FW_Repair_V4_ASR_PostProcessing_MainChain_Development_Report_2026_07_29.md,ACCEPTANCE_RECORD,acceptance,KEEP_ACCEPTANCE,:,true
docs/acceptance/Development/FW_Repair_V4_Atomicity_Closure_and_Source_Cleanup_Development_Report_2026_08_02.md,ACCEPTANCE_RECORD,acceptance,KEEP_ACCEPTANCE,:,true
docs/acceptance/Development/FW_Repair_V4_FineSpan_SoftBoundary_SessionDomainPrior_LLMCorrection_Development_Report_2026_07_22.md,ACCEPTANCE_RECORD,acceptance,KEEP_ACCEPTANCE,:,true
docs/acceptance/Development/FW_Repair_V4_FineSpan_SoftBoundary_SessionDomainPrior_LLMCorrection_P5_Blocking_Repair_Development_Report_2026_07_23.md,ACCEPTANCE_RECORD,acceptance,KEEP_ACCEPTANCE,:,true
docs/acceptance/Development/FW_Repair_V4_Lexical_Connectivity_Repair_V1_Batch1_0A_Mock_Fixture_Cleanup_Development_Report_2026_07_28.md,ACCEPTANCE_RECORD,acceptance,KEEP_ACCEPTANCE,:,true
docs/acceptance/Development/FW_Repair_V4_Lexical_Connectivity_Repair_V1_Batch1_0B_Real_SQLite_Baseline_Development_Report_2026_07_28.md,ACCEPTANCE_RECORD,acceptance,KEEP_ACCEPTANCE,:,true
docs/acceptance/Development/FW_Repair_V4_Lexical_Connectivity_Repair_V1_Batch1_0C_Base_Length1_Runtime_Gate_Alignment_Development_Report_2026_07_28.md,ACCEPTANCE_RECORD,acceptance,KEEP_ACCEPTANCE,:,true
docs/acceptance/Development/FW_Repair_V4_Lexical_Connectivity_Repair_V1_Batch1_1A_Truncation_Aware_Uniqueness_Development_Report_2026_07_28.md,ACCEPTANCE_RECORD,acceptance,KEEP_ACCEPTANCE,:,true
docs/acceptance/Development/FW_Repair_V4_Lexical_Connectivity_Repair_V1_Batch1_1B_Surface_Exact_Reachability_Development_Report_2026_07_28.md,ACCEPTANCE_RECORD,acceptance,KEEP_ACCEPTANCE,:,true
docs/acceptance/Development/FW_Repair_V4_Lexical_Connectivity_Repair_V1_Batch1_1C_Mandatory_Tone_Recall_Development_Report_2026_07_28.md,ACCEPTANCE_RECORD,acceptance,KEEP_ACCEPTANCE,:,true
docs/acceptance/Development/FW_Repair_V4_Lexical_Connectivity_Repair_V1_Batch1_Length_1_5_Recall_Chain_Alignment_Development_Report_2026_07_27.md,ACCEPTANCE_RECORD,acceptance,KEEP_ACCEPTANCE,:,true
docs/acceptance/Development/FW_Repair_V4_Lexicon_Reproducible_Full_Rebuild_Development_Report_2026_08_02.md,ACCEPTANCE_RECORD,acceptance,KEEP_ACCEPTANCE,:,true
docs/acceptance/Development/FW_Repair_V4_Multi_Path_Lexical_Lattice_V1_Phase1_B1_B2_SSOT_Repair_Development_Report_2026_07_27.md,ACCEPTANCE_RECORD,acceptance,KEEP_ACCEPTANCE,:,true
docs/acceptance/Development/FW_Repair_V4_Multi_Path_Lexical_Lattice_V1_Phase1_Window_Edge_Development_Report_2026_07_26.md,ACCEPTANCE_RECORD,acceptance,KEEP_ACCEPTANCE,:,true
docs/acceptance/Development/FW_Repair_V4_Multi_Path_Lexical_Lattice_V1_Phase2_Development_Report_2026_07_27.md,ACCEPTANCE_RECORD,acceptance,KEEP_ACCEPTANCE,:,true
docs/acceptance/Development/FW_Repair_V4_Multi_Path_Lexical_Lattice_V1_Residual_Cleanup_Development_Report_2026_07_27.md,ACCEPTANCE_RECORD,acceptance,KEEP_ACCEPTANCE,:,true
docs/acceptance/Development/FW_Repair_V4_P5_AudioChunk_DomainPrior_Ordering_Repair_Development_Report_2026_07_23.md,ACCEPTANCE_RECORD,acceptance,KEEP_ACCEPTANCE,:,true
docs/acceptance/Development/FW_Repair_V4_Parent_Fragment_Retirement_Phase1_Development_Report_2026_08_01.md,ACCEPTANCE_RECORD,acceptance,KEEP_ACCEPTANCE,:,true
docs/acceptance/Development/FW_Repair_V4_Parent_Fragment_Retirement_Phase2_3_Development_Report_2026_08_02.md,ACCEPTANCE_RECORD,acceptance,KEEP_ACCEPTANCE,:,true
docs/acceptance/Development/FW_Repair_V4_Phase0_Coordinate_SSOT_Phase1_Utterance_Cache_Development_Report_2026_07_25.md,ACCEPTANCE_RECORD,acceptance,KEEP_ACCEPTANCE,:,true
docs/acceptance/Development/FW_Repair_V4_SameDomain_Multi_Candidate_Assembly_Restoration_Development_Report_2026_07_30.md,ACCEPTANCE_RECORD,acceptance,KEEP_ACCEPTANCE,:,true
docs/acceptance/Development/FW_Repair_V4_Step1_PathFineSpan_Contract_Extraction_Development_Report_2026_07_29.md,ACCEPTANCE_RECORD,acceptance,KEEP_ACCEPTANCE,:,true
docs/acceptance/Development/FW_Repair_V4_Step2_Lattice_Production_Entry_Extraction_Development_Report_2026_07_30.md,ACCEPTANCE_RECORD,acceptance,KEEP_ACCEPTANCE,:,true
docs/acceptance/Development/FW_Repair_V4_Step3_Production_Orchestrator_Lattice_Cutover_Development_Report_2026_07_30.md,ACCEPTANCE_RECORD,acceptance,KEEP_ACCEPTANCE,:,true
docs/acceptance/Development/FW_Repair_V4_Step4_CrossPath_Merge_Dedup_GlobalCap_Development_Report_2026_07_30.md,ACCEPTANCE_RECORD,acceptance,KEEP_ACCEPTANCE,:,true
docs/acceptance/Development/FW_Repair_V4_Step6_Full_LTR_Removal_Development_Report_2026_07_30.md,ACCEPTANCE_RECORD,acceptance,KEEP_ACCEPTANCE,:,true
docs/acceptance/Development/FW_Repair_V4_ToneEvidence_SSOT_FailureAttribution_Development_Report_2026_07_29.md,ACCEPTANCE_RECORD,acceptance,KEEP_ACCEPTANCE,:,true
docs/acceptance/Development/FW_Repair_V4_Unified_Atomicity_Gate_Development_Report_2026_08_02.md,ACCEPTANCE_RECORD,acceptance,KEEP_ACCEPTANCE,:,true
docs/acceptance/Development/Lingua_Metrics_Layer_SSOT_Alignment_Development_Report_2026_07_14.md,ACCEPTANCE_RECORD,acceptance,KEEP_ACCEPTANCE,:,true
docs/acceptance/Development/Tone_V2_P10_Runtime_Direct_Replacement_Development_Report_2026_07_11.md,ACCEPTANCE_RECORD,acceptance,KEEP_ACCEPTANCE,:,true
docs/acceptance/Development/Tone_V2_Phase1_Development_Report_2026_06_29.md,ACCEPTANCE_RECORD,acceptance,KEEP_ACCEPTANCE,:,true
docs/acceptance/Development/Tone_V2_Phase3_Development_Report_2026_06_23.md,ACCEPTANCE_RECORD,acceptance,KEEP_ACCEPTANCE,:,true
docs/acceptance/Freeze/2026-08-03_Recall_Candidate_Enumeration_Audit/candidate_callgraph.md,ACCEPTANCE_RECORD,acceptance,KEEP_ACCEPTANCE,,false
docs/acceptance/Freeze/2026-08-03_Recall_Candidate_Enumeration_Audit/candidate_contract.md,ACCEPTANCE_RECORD,acceptance,KEEP_ACCEPTANCE,,false
docs/acceptance/Freeze/2026-08-03_Recall_Candidate_Enumeration_Audit/candidate_filter_trace.csv,ACCEPTANCE_RECORD,acceptance,KEEP_ACCEPTANCE,,false
docs/acceptance/Freeze/2026-08-03_Recall_Candidate_Enumeration_Audit/enumeration_trace.csv,ACCEPTANCE_RECORD,acceptance,KEEP_ACCEPTANCE,,false
docs/acceptance/Freeze/2026-08-03_Recall_Candidate_Enumeration_Audit/FW_Repair_V4_Recall_Candidate_Enumeration_Audit_2026_08_03.md,ACCEPTANCE_RECORD,acceptance,KEEP_ACCEPTANCE,,false
docs/acceptance/Freeze/2026-08-03_Recall_Candidate_Enumeration_Audit/README.md,ACCEPTANCE_RECORD,acceptance,KEEP_ACCEPTANCE,,false
docs/acceptance/Freeze/2026-08-03_Recall_Candidate_Enumeration_Audit/report.md,ACCEPTANCE_RECORD,acceptance,KEEP_ACCEPTANCE,,false
docs/acceptance/Freeze/2026-08-03_Recall_Candidate_Enumeration_Audit/sqlite_result_set.csv,ACCEPTANCE_RECORD,acceptance,KEEP_ACCEPTANCE,,false
docs/acceptance/Freeze/2026-08-03_Recall_Candidate_Enumeration_Audit/summary.json,ACCEPTANCE_RECORD,acceptance,KEEP_ACCEPTANCE,,false
docs/acceptance/Freeze/2026-08-03_Recall_Candidate_Recovery_Development/bundle_and_results.json,ACCEPTANCE_RECORD,acceptance,KEEP_ACCEPTANCE,,false
docs/acceptance/Freeze/2026-08-03_Recall_Candidate_Recovery_Development/lexicon_repairs.csv,ACCEPTANCE_RECORD,acceptance,KEEP_ACCEPTANCE,,false
docs/acceptance/Freeze/2026-08-03_Recall_Candidate_Recovery_Development/report.md,ACCEPTANCE_RECORD,acceptance,KEEP_ACCEPTANCE,,false
docs/acceptance/Freeze/2026-08-03_Recall_Candidate_Recovery_Development/runtime_assembly_candidates.csv,ACCEPTANCE_RECORD,acceptance,KEEP_ACCEPTANCE,,false
docs/acceptance/Freeze/2026-08-03_Recall_Candidate_Recovery_Development/runtime_candidate_diff.csv,ACCEPTANCE_RECORD,acceptance,KEEP_ACCEPTANCE,,false
docs/acceptance/Freeze/2026-08-03_Recall_Candidate_Recovery_Development/runtime_crosspath_candidates.csv,ACCEPTANCE_RECORD,acceptance,KEEP_ACCEPTANCE,,false
docs/acceptance/Freeze/2026-08-03_Recall_Candidate_Recovery_Development/runtime_kenlm_input.csv,ACCEPTANCE_RECORD,acceptance,KEEP_ACCEPTANCE,,false
docs/acceptance/Freeze/2026-08-03_Recall_Candidate_Recovery_Development/runtime_recall_candidates.csv,ACCEPTANCE_RECORD,acceptance,KEEP_ACCEPTANCE,,false
docs/acceptance/Freeze/2026-08-03_Recall_Query_Builder_Audit/noise_window_focus.csv,ACCEPTANCE_RECORD,acceptance,KEEP_ACCEPTANCE,,false
docs/acceptance/Freeze/2026-08-03_Recall_Query_Builder_Audit/README.md,ACCEPTANCE_RECORD,acceptance,KEEP_ACCEPTANCE,: ACCEPTANCE_RECORD,false
docs/acceptance/Freeze/2026-08-03_Recall_Query_Builder_Audit/recall_query_builder_callgraph.md,ACCEPTANCE_RECORD,acceptance,KEEP_ACCEPTANCE,,false
docs/acceptance/Freeze/2026-08-03_Recall_Query_Builder_Audit/recall_query_trace.csv,ACCEPTANCE_RECORD,acceptance,KEEP_ACCEPTANCE,,false
docs/acceptance/Freeze/2026-08-03_Recall_Query_Builder_Audit/recall_sql_trace.csv,ACCEPTANCE_RECORD,acceptance,KEEP_ACCEPTANCE,,false
docs/acceptance/Freeze/2026-08-03_Recall_Query_Builder_Audit/report.md,ACCEPTANCE_RECORD,acceptance,KEEP_ACCEPTANCE,,false
docs/acceptance/Freeze/2026-08-03_Recall_Query_Builder_Audit/summary.json,ACCEPTANCE_RECORD,acceptance,KEEP_ACCEPTANCE,,false
docs/acceptance/Freeze/2026-08-03_Recall_Query_Builder_Audit/tone_query_contract.md,ACCEPTANCE_RECORD,acceptance,KEEP_ACCEPTANCE,,false
docs/acceptance/Freeze/2026-08-03_Recall_Subsystem_Documentation_Freeze/acceptance_record_index.csv,ACCEPTANCE_RECORD,acceptance,KEEP_ACCEPTANCE,,false
docs/acceptance/Freeze/2026-08-03_Recall_Subsystem_Documentation_Freeze/document_cleanup_actions.csv,ACCEPTANCE_RECORD,acceptance,KEEP_ACCEPTANCE,,false
docs/acceptance/Freeze/2026-08-03_Recall_Subsystem_Documentation_Freeze/document_diff_summary.md,ACCEPTANCE_RECORD,acceptance,KEEP_ACCEPTANCE,,true
docs/acceptance/Freeze/2026-08-03_Recall_Subsystem_Documentation_Freeze/freeze_contract_matrix.csv,ACCEPTANCE_RECORD,acceptance,KEEP_ACCEPTANCE,,false
docs/acceptance/Freeze/2026-08-03_Recall_Subsystem_Documentation_Freeze/README.md,ACCEPTANCE_RECORD,acceptance,KEEP_ACCEPTANCE,ACCEPTANCE_RECORD,true
docs/acceptance/Freeze/2026-08-03_Recall_Subsystem_Documentation_Freeze/report.md,ACCEPTANCE_RECORD,acceptance,KEEP_ACCEPTANCE,: `FROZEN_AT_2026_08_03`,true
docs/acceptance/Freeze/2026-08-03_Recall_Subsystem_Documentation_Freeze/summary.json,ACCEPTANCE_RECORD,acceptance,KEEP_ACCEPTANCE,,false
docs/acceptance/Freeze/2026-08-03_Recall_Subsystem_Documentation_Freeze/updated_document_inventory.csv,ACCEPTANCE_RECORD,acceptance,KEEP_ACCEPTANCE,,false
docs/acceptance/Freeze/2026-08-03_Window_Boundary_Audit/boundary_contract.md,ACCEPTANCE_RECORD,acceptance,KEEP_ACCEPTANCE,,false
docs/acceptance/Freeze/2026-08-03_Window_Boundary_Audit/README.md,ACCEPTANCE_RECORD,acceptance,KEEP_ACCEPTANCE,,false
docs/acceptance/Freeze/2026-08-03_Window_Boundary_Audit/report.md,ACCEPTANCE_RECORD,acceptance,KEEP_ACCEPTANCE,,false
docs/acceptance/Freeze/2026-08-03_Window_Boundary_Audit/summary.json,ACCEPTANCE_RECORD,acceptance,KEEP_ACCEPTANCE,,false
docs/acceptance/Freeze/2026-08-03_Window_Boundary_Audit/syllable_alignment.csv,ACCEPTANCE_RECORD,acceptance,KEEP_ACCEPTANCE,,false
docs/acceptance/Freeze/2026-08-03_Window_Boundary_Audit/window_callgraph.md,ACCEPTANCE_RECORD,acceptance,KEEP_ACCEPTANCE,,false
docs/acceptance/Freeze/2026-08-03_Window_Boundary_Audit/window_pruning.csv,ACCEPTANCE_RECORD,acceptance,KEEP_ACCEPTANCE,,false
docs/acceptance/Freeze/2026-08-03_Window_Boundary_Audit/window_trace.csv,ACCEPTANCE_RECORD,acceptance,KEEP_ACCEPTANCE,,false
docs/acceptance/Freeze/candidate_generation_failure_2026_08_03/candidate_generation_candidates.csv,ACCEPTANCE_RECORD,acceptance,KEEP_ACCEPTANCE,,false
docs/acceptance/Freeze/candidate_generation_failure_2026_08_03/candidate_generation_failures.csv,ACCEPTANCE_RECORD,acceptance,KEEP_ACCEPTANCE,,false
docs/acceptance/Freeze/candidate_generation_failure_2026_08_03/candidate_generation_pipeline.csv,ACCEPTANCE_RECORD,acceptance,KEEP_ACCEPTANCE,,false
docs/acceptance/Freeze/candidate_generation_failure_2026_08_03/summary.json,ACCEPTANCE_RECORD,acceptance,KEEP_ACCEPTANCE,,false
docs/acceptance/Freeze/FW_Repair_V4_Candidate_Generation_Failure_Audit_2026_08_03.md,ACCEPTANCE_RECORD,acceptance,KEEP_ACCEPTANCE,,false
docs/acceptance/Freeze/FW_Repair_V4_KenLM_A_Class_Upstream_Candidate_Coverage_Audit_2026_08_03.md,ACCEPTANCE_RECORD,acceptance,KEEP_ACCEPTANCE,,false
docs/acceptance/Freeze/FW_Repair_V4_KenLM_Capability_Baseline_Audit_2026_08_03.md,ACCEPTANCE_RECORD,acceptance,KEEP_ACCEPTANCE,MODEL_PROVENANCE_INCOMPLETE,false
docs/acceptance/Freeze/FW_Repair_V4_Recall_Candidate_Recovery_Development_Report_2026_08_03.md,ACCEPTANCE_RECORD,acceptance,KEEP_ACCEPTANCE,,false
docs/acceptance/Freeze/FW_Repair_V4_Recall_Query_Builder_Audit_2026_08_03.md,ACCEPTANCE_RECORD,acceptance,KEEP_ACCEPTANCE,,false
docs/acceptance/Freeze/FW_V4_Documentation_Consolidation_Report_2026_08_03.md,ACCEPTANCE_RECORD,acceptance,KEEP_ACCEPTANCE,Count,true
docs/acceptance/Freeze/FW_V4_FREEZE_2026_08_03_Code_and_Documentation_Freeze_Report.md,ACCEPTANCE_RECORD,acceptance,KEEP_ACCEPTANCE,:,true
docs/acceptance/Freeze/kenlm_a_class_upstream_2026_08_03/case_traces.json,ACCEPTANCE_RECORD,acceptance,KEEP_ACCEPTANCE,,false
docs/acceptance/Freeze/kenlm_a_class_upstream_2026_08_03/kenlm_a_class_assembly_trace.csv,ACCEPTANCE_RECORD,acceptance,KEEP_ACCEPTANCE,,false
docs/acceptance/Freeze/kenlm_a_class_upstream_2026_08_03/kenlm_a_class_path_trace.csv,ACCEPTANCE_RECORD,acceptance,KEEP_ACCEPTANCE,,false
docs/acceptance/Freeze/kenlm_a_class_upstream_2026_08_03/kenlm_a_class_recall_candidates.csv,ACCEPTANCE_RECORD,acceptance,KEEP_ACCEPTANCE,,false
docs/acceptance/Freeze/kenlm_a_class_upstream_2026_08_03/kenlm_a_class_root_causes.csv,ACCEPTANCE_RECORD,acceptance,KEEP_ACCEPTANCE,,false
docs/acceptance/Freeze/kenlm_a_class_upstream_2026_08_03/kenlm_a_class_stage_funnel.csv,ACCEPTANCE_RECORD,acceptance,KEEP_ACCEPTANCE,,false
docs/acceptance/Freeze/kenlm_capability_baseline_2026_08_03/diversity_analysis.json,ACCEPTANCE_RECORD,acceptance,KEEP_ACCEPTANCE,,false
docs/acceptance/Freeze/kenlm_capability_baseline_2026_08_03/kenlm_abc_classification.csv,ACCEPTANCE_RECORD,acceptance,KEEP_ACCEPTANCE,,false
docs/acceptance/Freeze/kenlm_capability_baseline_2026_08_03/kenlm_capability_baseline_candidates.csv,ACCEPTANCE_RECORD,acceptance,KEEP_ACCEPTANCE,,false
docs/acceptance/Freeze/kenlm_capability_baseline_2026_08_03/kenlm_capability_case_summary.csv,ACCEPTANCE_RECORD,acceptance,KEEP_ACCEPTANCE,,false
docs/acceptance/Freeze/kenlm_capability_baseline_2026_08_03/kenlm_performance_baseline.csv,ACCEPTANCE_RECORD,acceptance,KEEP_ACCEPTANCE,,false
docs/acceptance/Freeze/kenlm_capability_baseline_2026_08_03/kenlm_score_distribution.csv,ACCEPTANCE_RECORD,acceptance,KEEP_ACCEPTANCE,,false
docs/acceptance/Freeze/kenlm_capability_baseline_2026_08_03/kenlm_validation_case_inventory_resolved.csv,ACCEPTANCE_RECORD,acceptance,KEEP_ACCEPTANCE,,false
docs/acceptance/Freeze/kenlm_capability_baseline_2026_08_03/summary.json,ACCEPTANCE_RECORD,acceptance,KEEP_ACCEPTANCE,,false
docs/acceptance/README.md,ACCEPTANCE_RECORD,acceptance,KEEP_ACCEPTANCE,ACCEPTANCE_RECORD,true
docs/acceptance/Regression/FW_Repair_V4_ASR_PostProcessing_MainChain_Acceptance_Audit_2026_07_29.md,ACCEPTANCE_RECORD,acceptance,KEEP_ACCEPTANCE,:,true
docs/acceptance/Regression/FW_Repair_V4_Dialog200_Span_Lattice_Sentence_Assembly_Quality_Performance_Acceptance_2026_07_30.md,ACCEPTANCE_RECORD,acceptance,KEEP_ACCEPTANCE,:,true
docs/acceptance/Regression/FW_Repair_V4_Multi_Path_Lexical_Lattice_V1_Phase1_Acceptance_Contract_CURRENT_2026_07_27.md,ACCEPTANCE_RECORD,acceptance,KEEP_ACCEPTANCE,:,true
docs/acceptance/Regression/FW_Repair_V4_Multi_Path_Lexical_Lattice_V1_Phase1_ReAcceptance_Audit_2026_07_27.md,ACCEPTANCE_RECORD,acceptance,KEEP_ACCEPTANCE,:,true
docs/acceptance/Regression/FW_Repair_V4_Multi_Path_Lexical_Lattice_V1_Phase1_Window_Edge_Acceptance_Audit_2026_07_27.md,ACCEPTANCE_RECORD,acceptance,KEEP_ACCEPTANCE,:,true
docs/acceptance/Regression/FW_Repair_V4_Pre_KenLM_16_Candidate_Sentence_Pool_Targeted_Acceptance_2026_07_30.md,ACCEPTANCE_RECORD,acceptance,KEEP_ACCEPTANCE,:,true
docs/acceptance/Regression/FW_Repair_V4_Sentence_Context_Runtime_Regression_Audit_2026_08_02.md,ACCEPTANCE_RECORD,acceptance,KEEP_ACCEPTANCE,:,true
docs/acceptance/Regression/FW_Repair_V4_Step5_Lattice_Trace_Diagnostics_Acceptance_Consolidation_Report_2026_07_30.md,ACCEPTANCE_RECORD,acceptance,KEEP_ACCEPTANCE,:,true
docs/acceptance/Regression/FW_Repair_V4_Step7_Final_Lattice_Freeze_and_Full_Acceptance_Report_2026_07_30.md,ACCEPTANCE_RECORD,acceptance,KEEP_ACCEPTANCE,:,true
docs/acceptance/Regression/Legacy_Domain_Logic_Removal_and_Real_Dialogue_Multi_Bucket_Acceptance_Report.md,ACCEPTANCE_RECORD,acceptance,KEEP_ACCEPTANCE,:,true
docs/acceptance/Regression/Lexicon_Domain_Hierarchy_Acceptance_Report.md,ACCEPTANCE_RECORD,acceptance,KEEP_ACCEPTANCE,:,true
docs/acceptance/Regression/Lexicon_Full_Rebuild_Acceptance_Report.md,ACCEPTANCE_RECORD,acceptance,KEEP_ACCEPTANCE,:,true
docs/acceptance/Regression/Lingua_Fine_Domain_Recall_and_Generated_Sentence_Quality_Acceptance_2026_07_15.md,ACCEPTANCE_RECORD,acceptance,KEEP_ACCEPTANCE,:,true
docs/acceptance/Regression/Runtime_Domain_Minimal_Repair_Real_KenLM_Acceptance_and_Final_Freeze_Report.md,ACCEPTANCE_RECORD,acceptance,KEEP_ACCEPTANCE,:,true
docs/acceptance/Regression/Runtime_Domain_Presence_Vote_Final_Acceptance_Report.md,ACCEPTANCE_RECORD,acceptance,KEEP_ACCEPTANCE,:,true
docs/acceptance/Regression/Tone_Project_Final_Freeze_and_SSOT_Acceptance_2026_07_13.md,ACCEPTANCE_RECORD,acceptance,KEEP_ACCEPTANCE,:,true
docs/acceptance/Regression/Tone_V2_P10_Runtime_Business_Effect_Acceptance_Report_2026_07_11.md,ACCEPTANCE_RECORD,acceptance,KEEP_ACCEPTANCE,:,true
docs/acceptance/Regression/Tone_V2_P8_D_V2_Training_Path_Acceptance_Report.md,ACCEPTANCE_RECORD,acceptance,KEEP_ACCEPTANCE,:,true
docs/acceptance/Regression/Tone_V2_Phase7A_AISHELL3_Full_Dataset_Acceptance_Report.md,ACCEPTANCE_RECORD,acceptance,KEEP_ACCEPTANCE,:,true
docs/acceptance/Regression/Tone_V2_Phase7B2_Canonical_Feature_Shard_Acceptance_Report.md,ACCEPTANCE_RECORD,acceptance,KEEP_ACCEPTANCE,:,true
docs/acceptance/Test/FW_Repair_V4_Atomicity_Closure_and_Source_Cleanup_Test_Report_2026_08_02.md,ACCEPTANCE_RECORD,acceptance,KEEP_ACCEPTANCE,:,true
docs/acceptance/Test/FW_Repair_V4_Lexical_Connectivity_Repair_V1_Batch1_0A_Mock_Fixture_Cleanup_Test_Report_2026_07_28.md,ACCEPTANCE_RECORD,acceptance,KEEP_ACCEPTANCE,:,true
docs/acceptance/Test/FW_Repair_V4_Lexical_Connectivity_Repair_V1_Batch1_0B_Real_SQLite_Baseline_Test_Report_2026_07_28.md,ACCEPTANCE_RECORD,acceptance,KEEP_ACCEPTANCE,:,true
docs/acceptance/Test/FW_Repair_V4_Lexical_Connectivity_Repair_V1_Batch1_0C_Base_Length1_Runtime_Gate_Alignment_Test_Report_2026_07_28.md,ACCEPTANCE_RECORD,acceptance,KEEP_ACCEPTANCE,:,true
docs/acceptance/Test/FW_Repair_V4_Lexical_Connectivity_Repair_V1_Batch1_1A_Truncation_Aware_Uniqueness_Test_Report_2026_07_28.md,ACCEPTANCE_RECORD,acceptance,KEEP_ACCEPTANCE,:,true
docs/acceptance/Test/FW_Repair_V4_Lexical_Connectivity_Repair_V1_Batch1_1B_Surface_Exact_Reachability_Functional_Test_Report_2026_07_28.md,ACCEPTANCE_RECORD,acceptance,KEEP_ACCEPTANCE,:,true
docs/acceptance/Test/FW_Repair_V4_Lexical_Connectivity_Repair_V1_Batch1_1C_Mandatory_Tone_Recall_Test_Report_2026_07_28.md,ACCEPTANCE_RECORD,acceptance,KEEP_ACCEPTANCE,:,true
docs/acceptance/Test/FW_Repair_V4_Lexical_Connectivity_Repair_V1_Batch1_Length_1_5_Recall_Chain_Alignment_Test_Report_2026_07_27.md,ACCEPTANCE_RECORD,acceptance,KEEP_ACCEPTANCE,:,true
docs/acceptance/Test/FW_Repair_V4_Lexicon_Reproducible_Full_Rebuild_Test_Report_2026_08_02.md,ACCEPTANCE_RECORD,acceptance,KEEP_ACCEPTANCE,:,true
docs/acceptance/Test/FW_Repair_V4_Parent_Fragment_Retirement_Phase1_Test_Report_2026_08_01.md,ACCEPTANCE_RECORD,acceptance,KEEP_ACCEPTANCE,:,true
docs/acceptance/Test/FW_Repair_V4_Parent_Fragment_Retirement_Phase2_3_Test_Report_2026_08_02.md,ACCEPTANCE_RECORD,acceptance,KEEP_ACCEPTANCE,:,true
docs/acceptance/Test/FW_Repair_V4_Tone_Full_Chain_Node_Runtime_Root_Cause_Audit_And_Test_Report_2026_07_29.md,ACCEPTANCE_RECORD,acceptance,KEEP_ACCEPTANCE,:,true
docs/acceptance/Test/FW_Repair_V4_Unified_Atomicity_Gate_Test_Report_2026_08_02.md,ACCEPTANCE_RECORD,acceptance,KEEP_ACCEPTANCE,:,true
docs/acceptance/Test/Tone_V2_P10_Node_Entry_Full_E2E_Runtime_Audio_Test_Report_2026_07_11.md,ACCEPTANCE_RECORD,acceptance,KEEP_ACCEPTANCE,:,true
docs/acceptance/Test/Tone_V2_Phase1_Runtime_Test_Report_2026_06_29.md,ACCEPTANCE_RECORD,acceptance,KEEP_ACCEPTANCE,:,true
docs/acceptance/Test/Tone_V2_Phase3_Node_E2E_Test_Report_2026_06_29.md,ACCEPTANCE_RECORD,acceptance,KEEP_ACCEPTANCE,:,true
docs/archive/HISTORICAL/Dialog200_Corpus_Restore_Report_2026_06_28.md,HISTORICAL,archive,KEEP_ARCHIVE,:,true
docs/archive/HISTORICAL/Dialog200_Full_Corpus_Restore_Report_2026_06_28.md,HISTORICAL,archive,KEEP_ARCHIVE,:,true
docs/archive/HISTORICAL/Fine_Span_Domain_Presence_Vote_and_Multi_Bucket_Assembly_Development_Report.md,HISTORICAL,archive,KEEP_ARCHIVE,:,true
docs/archive/HISTORICAL/Fine_Span_Presence_Runtime_Compliance_and_SSOT_Document_Repair_Audit.md,HISTORICAL,archive,KEEP_ARCHIVE,:,true
docs/archive/HISTORICAL/Freeze_Readiness_Cleanup_Plan.md,HISTORICAL,archive,KEEP_ARCHIVE,:,true
docs/archive/HISTORICAL/FW_Port_SSOT_Freeze_and_Phase1_5_Startup_Repair_Report_2026_07_12.md,HISTORICAL,archive,KEEP_ARCHIVE,:,true
docs/archive/HISTORICAL/FW_Raw_Left_To_Right_FineSpan_Compatibility_Audit.md,HISTORICAL,archive,KEEP_ARCHIVE,:,true
docs/archive/HISTORICAL/FW_Repair_V4_ASR_PostProcessing_MainChain_Development_Plan_2026_07_29.md,HISTORICAL,archive,KEEP_ARCHIVE,:,true
docs/archive/HISTORICAL/FW_Repair_V4_ASR_PostProcessing_Tone_Blockers_PreDev_Audit_2026_07_29.md,HISTORICAL,archive,KEEP_ARCHIVE,:,true
docs/archive/HISTORICAL/FW_Repair_V4_Atomicity_Batch1_High_Risk_Deletion_Revalidation_2026_08_02.md,HISTORICAL,archive,KEEP_ARCHIVE,:,true
docs/archive/HISTORICAL/FW_Repair_V4_Atomicity_REJECT_Composite_Batch1_Review_2026_08_02.md,HISTORICAL,archive,KEEP_ARCHIVE,:,true
docs/archive/HISTORICAL/FW_Repair_V4_CandidateId_Provenance_Contract_Audit_2026_08_01.md,HISTORICAL,archive,KEEP_ARCHIVE,:,true
docs/archive/HISTORICAL/FW_Repair_V4_Candidate_Domain_Tag_Historical_Residue_Audit_2026_07_26.md,HISTORICAL,archive,KEEP_ARCHIVE,:,true
docs/archive/HISTORICAL/FW_Repair_V4_Candidate_Provenance_Audit_2026_07_31.md,HISTORICAL,archive,KEEP_ARCHIVE,:,true
docs/archive/HISTORICAL/FW_Repair_V4_CoarseSpan_FineSpan_SlidingWindow_Audit_2026_07_25.md,HISTORICAL,archive,KEEP_ARCHIVE,:,true
docs/archive/HISTORICAL/FW_Repair_V4_Dialog200_All_Candidate_Sentences_Export_2026_08_01.md,HISTORICAL,archive,KEEP_ARCHIVE,:,true
docs/archive/HISTORICAL/FW_Repair_V4_Dialog200_Sentence_Assembly_Evidence_Chain_Audit_2026_08_01.md,HISTORICAL,archive,KEEP_ARCHIVE,:,true
docs/archive/HISTORICAL/FW_Repair_V4_Domain_Semantic_Atomicity_Reconciliation_Audit_2026_08_02.md,HISTORICAL,archive,KEEP_ARCHIVE,:,true
docs/archive/HISTORICAL/FW_Repair_V4_Domain_Single_Value_Residual_Audit_2026_07_31.md,HISTORICAL,archive,KEEP_ARCHIVE,:,true
docs/archive/HISTORICAL/FW_Repair_V4_Domain_Vote_Atomicity_Audit_2026_08_02.md,HISTORICAL,archive,KEEP_ARCHIVE,:,true
docs/archive/HISTORICAL/FW_Repair_V4_Domain_Vote_Evidence_Chain_Audit_2026_07_31.md,HISTORICAL,archive,KEEP_ARCHIVE,:,true
docs/archive/HISTORICAL/FW_Repair_V4_Formal_Term_Atomicity_and_Reproducible_Rebuild_Audit_2026_08_02.md,HISTORICAL,archive,KEEP_ARCHIVE,:,true
docs/archive/HISTORICAL/FW_Repair_V4_KEEP_AS_EXCEPTION_Runtime_Necessity_Audit_2026_08_02.md,HISTORICAL,archive,KEEP_ARCHIVE,:,true
docs/archive/HISTORICAL/FW_Repair_V4_KenLM_Validation_Readiness_Audit_2026_08_02.md,HISTORICAL,archive,KEEP_ARCHIVE,:,true
docs/archive/HISTORICAL/FW_Repair_V4_Lexical_Connectivity_Repair_V1_Batch1_1A_Truncation_Aware_Uniqueness_Final_Cleanup_Gate_Report_2026_07_28.md,HISTORICAL,archive,KEEP_ARCHIVE,:,true
docs/archive/HISTORICAL/FW_Repair_V4_Lexical_Connectivity_Repair_V1_Batch1_1A_Truncation_Aware_Uniqueness_Generalization_Audit_Report_2026_07_28.md,HISTORICAL,archive,KEEP_ARCHIVE,:,true
docs/archive/HISTORICAL/FW_Repair_V4_Lexical_Connectivity_Repair_V1_Batch1_1B_Surface_Exact_Reachability_Final_Gate_Report_2026_07_28.md,HISTORICAL,archive,KEEP_ARCHIVE,:,true
docs/archive/HISTORICAL/FW_Repair_V4_Lexical_Connectivity_Repair_V1_Batch1_1B_Surface_Exact_Reachability_Generalization_Audit_Report_2026_07_28.md,HISTORICAL,archive,KEEP_ARCHIVE,:,true
docs/archive/HISTORICAL/FW_Repair_V4_Lexical_Connectivity_Repair_V1_Batch1_1C_Mandatory_Tone_Recall_Final_Closure_Audit_2026_07_29.md,HISTORICAL,archive,KEEP_ARCHIVE,:,true
docs/archive/HISTORICAL/FW_Repair_V4_Lexical_Connectivity_Repair_V1_Batch1_1_Ambiguity_Tone_HardBlock_Design_Audit_Report_2026_07_28.md,HISTORICAL,archive,KEEP_ARCHIVE,:,true
docs/archive/HISTORICAL/FW_Repair_V4_Lexical_Connectivity_Repair_V1_Batch1_Generalization_And_Batch2_Readiness_Audit_2026_07_28.md,HISTORICAL,archive,KEEP_ARCHIVE,:,true
docs/archive/HISTORICAL/FW_Repair_V4_Lexical_Connectivity_Repair_V1_Length_1_5_Recall_Consistency_Audit_2026_07_27.md,HISTORICAL,archive,KEEP_ARCHIVE,:,true
docs/archive/HISTORICAL/FW_Repair_V4_Lexical_Connectivity_Repair_V1_Lexicon_Import_Interface_Audit_2026_07_27.md,HISTORICAL,archive,KEEP_ARCHIVE,:,true
docs/archive/HISTORICAL/FW_Repair_V4_Lexicon_Pollution_and_Abnormal_Candidate_Origin_Audit_2026_08_01.md,HISTORICAL,archive,KEEP_ARCHIVE,:,true
docs/archive/HISTORICAL/FW_Repair_V4_Multi_Path_Lexical_Lattice_V1_Architecture_Document_Freeze_Report_2026_07_26.md,HISTORICAL,archive,KEEP_ARCHIVE,:,true
docs/archive/HISTORICAL/FW_Repair_V4_Multi_Path_Lexical_Lattice_V1_Development_Plan_2026_07_26.md,HISTORICAL,archive,KEEP_ARCHIVE,:,true
docs/archive/HISTORICAL/FW_Repair_V4_Multi_Path_Lexical_Lattice_V1_Document_Supersession_Index_2026_07_26.md,HISTORICAL,archive,KEEP_ARCHIVE,:,true
docs/archive/HISTORICAL/FW_Repair_V4_Multi_Path_Lexical_Lattice_V1_LexicalEdge_Quality_Audit_2026_07_27.md,HISTORICAL,archive,KEEP_ARCHIVE,:,true
docs/archive/HISTORICAL/FW_Repair_V4_Multi_Path_Lexical_Lattice_V1_Phase0_5_Baseline_Seal_Report_2026_07_26.md,HISTORICAL,archive,KEEP_ARCHIVE,:,true
docs/archive/HISTORICAL/FW_Repair_V4_Multi_Path_Lexical_Lattice_V1_Phase0_Baseline_Report_2026_07_26.md,HISTORICAL,archive,KEEP_ARCHIVE,:,true
docs/archive/HISTORICAL/FW_Repair_V4_Multi_Path_Lexical_Lattice_V1_Phase1_B1_B2_SSOT_Repair_Final_Code_Verification_Audit_2026_07_27.md,HISTORICAL,archive,KEEP_ARCHIVE,:,true
docs/archive/HISTORICAL/FW_Repair_V4_Multi_Path_Lexical_Lattice_V1_Phase1_Developer_Guide_CURRENT_2026_07_27.md,HISTORICAL,archive,KEEP_ARCHIVE,:,true
docs/archive/HISTORICAL/FW_Repair_V4_Multi_Path_Lexical_Lattice_V1_Phase1_Development_PreAudit_2026_07_27.md,HISTORICAL,archive,KEEP_ARCHIVE,:,true
docs/archive/HISTORICAL/FW_Repair_V4_Multi_Path_Lexical_Lattice_V1_Phase1_Final_Closure_Report_2026_07_27.md,HISTORICAL,archive,KEEP_ARCHIVE,:,true
docs/archive/HISTORICAL/FW_Repair_V4_Multi_Path_Lexical_Lattice_V1_Phase2_Code_Verification_Node_Runtime_Audit_2026_07_27.md,HISTORICAL,archive,KEEP_ARCHIVE,:,true
docs/archive/HISTORICAL/FW_Repair_V4_Node_Runtime_End_To_End_Execution_Audit_2026_07_30.md,HISTORICAL,archive,KEEP_ARCHIVE,:,true
docs/archive/HISTORICAL/FW_Repair_V4_P5_AudioChunk_DomainPrior_Ordering_Contract_Audit_2026_07_23.md,HISTORICAL,archive,KEEP_ARCHIVE,:,true
docs/archive/HISTORICAL/FW_Repair_V4_P5_AudioChunk_Ordering_Verification_Audit_2026_07_23.md,HISTORICAL,archive,KEEP_ARCHIVE,:,true
docs/archive/HISTORICAL/FW_Repair_V4_P5_DomainPriors_TopicShift_Integration_Contract_Production_Reachability_Audit_2026_07_23.md,HISTORICAL,archive,KEEP_ARCHIVE,:,true
docs/archive/HISTORICAL/FW_Repair_V4_P5_Node_DomainPrior_MainChain_Live_E2E_Report_2026_07_24.md,HISTORICAL,archive,KEEP_ARCHIVE,:,true
docs/archive/HISTORICAL/FW_Repair_V4_P5_Production_AudioChunk_DualTurn_E2E_Continuation_Report_2026_07_24.md,HISTORICAL,archive,KEEP_ARCHIVE,:,true
docs/archive/HISTORICAL/FW_Repair_V4_P5_Production_AudioChunk_DualTurn_E2E_Report_2026_07_23.md,HISTORICAL,archive,KEEP_ARCHIVE,:,true
docs/archive/HISTORICAL/FW_Repair_V4_Phase2_Minimal_SQLite_Consolidation_Prototype_Audit_2026_07_25.md,HISTORICAL,archive,KEEP_ARCHIVE,:,true
docs/archive/HISTORICAL/FW_Repair_V4_Pre_KenLM_Candidate_Ownership_Residual_Logic_Audit_2026_07_30.md,HISTORICAL,archive,KEEP_ARCHIVE,:,true
docs/archive/HISTORICAL/FW_Repair_V4_Production_Anti_Overfitting_Audit_2026_08_01.md,HISTORICAL,archive,KEEP_ARCHIVE,:,true
docs/archive/HISTORICAL/FW_Repair_V4_Recall_DomainVote_SentenceAssembly_Mainchain_Audit_2026_07_29.md,HISTORICAL,archive,KEEP_ARCHIVE,:,true
docs/archive/HISTORICAL/FW_Repair_V4_ToneEvidence_Contract_Architecture_Audit_2026_07_29.md,HISTORICAL,archive,KEEP_ARCHIVE,:,true
docs/archive/HISTORICAL/FW_Repair_V4_ToneParticipation_RootCause_SpanSlidingWindow_Audit_2026_07_29.md,HISTORICAL,archive,KEEP_ARCHIVE,:,true
docs/archive/HISTORICAL/FW_Repair_V4_Tone_Runtime_Source_SSOT_Reconstruction_PreDev_Audit_2026_07_29.md,HISTORICAL,archive,KEEP_ARCHIVE,:,true
docs/archive/HISTORICAL/FW_Repair_V4_Utterance_Recall_Cache_Local_SQLite_Batch_Development_Plan_2026_07_25.md,HISTORICAL,archive,KEEP_ARCHIVE,:,true
docs/archive/HISTORICAL/FW_Repair_V4_WordTimeSpan_ToneSlice_MinimalOverlapContract_Audit_2026_07_29.md,HISTORICAL,archive,KEEP_ARCHIVE,:,true
docs/archive/HISTORICAL/FW_Worker_Readiness_Queue_Recovery_Repair_Report_2026_06_29.md,HISTORICAL,archive,KEEP_ARCHIVE,:,true
docs/archive/HISTORICAL/FW_Worker_Utterance_503_Readiness_Audit_2026_06_29.md,HISTORICAL,archive,KEEP_ARCHIVE,:,true
docs/archive/HISTORICAL/Lexicon_Classification_Standard_Audit_V2.md,HISTORICAL,archive,KEEP_ARCHIVE,:,true
docs/archive/HISTORICAL/Lexicon_Cleanup_Phase1_Development_Report.md,HISTORICAL,archive,KEEP_ARCHIVE,:,true
docs/archive/HISTORICAL/Lexicon_Cleanup_Phase1_Validation_Report.md,HISTORICAL,archive,KEEP_ARCHIVE,:,true
docs/archive/HISTORICAL/Lexicon_Cleanup_Phase2_Audit.md,HISTORICAL,archive,KEEP_ARCHIVE,:,true
docs/archive/HISTORICAL/Lexicon_Domain_Evidence_Full_Audit.md,HISTORICAL,archive,KEEP_ARCHIVE,:,true
docs/archive/HISTORICAL/Lexicon_Domain_Hierarchy_Completion_Report.md,HISTORICAL,archive,KEEP_ARCHIVE,:,true
docs/archive/HISTORICAL/Lexicon_Domain_Hierarchy_PreRepair_Audit.md,HISTORICAL,archive,KEEP_ARCHIVE,:,true
docs/archive/HISTORICAL/Lexicon_Full_Export_Report.md,HISTORICAL,archive,KEEP_ARCHIVE,:,true
docs/archive/HISTORICAL/Lexicon_Full_Rebuild_Report.md,HISTORICAL,archive,KEEP_ARCHIVE,:,true
docs/archive/HISTORICAL/Lexicon_Maintenance_Checklist_V1.md,HISTORICAL,archive,KEEP_ARCHIVE,:,true
docs/archive/HISTORICAL/Lexicon_Operation_Guide_V1.md,HISTORICAL,archive,KEEP_ARCHIVE,:,true
docs/archive/HISTORICAL/Lexicon_Rebuild_PreImport_Audit.md,HISTORICAL,archive,KEEP_ARCHIVE,:,true
docs/archive/HISTORICAL/Lingua_ASR_End_to_End_Recognition_Quality_Validation_Report_2026_07_14.md,HISTORICAL,archive,KEEP_ARCHIVE,:,true
docs/archive/HISTORICAL/Lingua_ASR_Repair_Success_Funnel_Audit_2026_07_14.md,HISTORICAL,archive,KEEP_ARCHIVE,:,true
docs/archive/HISTORICAL/Lingua_Conservative_Span_Evidence_Expansion_and_KenLM_Responsibility_Freeze_Development_Report.md,HISTORICAL,archive,KEEP_ARCHIVE,:,true
docs/archive/HISTORICAL/Lingua_Domain_Recall_Scope_Wiring_and_Domain_Vote_SSOT_Restoration_Development_Report.md,HISTORICAL,archive,KEEP_ARCHIVE,:,true
docs/archive/HISTORICAL/Lingua_Domain_Vote_Accuracy_and_SameDomain_Completeness_Revalidation_2026_07_17.md,HISTORICAL,archive,KEEP_ARCHIVE,:,true
docs/archive/HISTORICAL/Lingua_Domain_Vote_Correctness_and_SameDomain_Bucket_Formation_Audit_2026_07_16.md,HISTORICAL,archive,KEEP_ARCHIVE,:,true
docs/archive/HISTORICAL/Lingua_Lexicon_Base_Domain_Classification_Audit_2026_07_18.md,HISTORICAL,archive,KEEP_ARCHIVE,:,true
docs/archive/HISTORICAL/Lingua_Lexicon_Domain_Contract_Readonly_Audit_2026_07_18.md,HISTORICAL,archive,KEEP_ARCHIVE,:,true
docs/archive/HISTORICAL/Lingua_Metrics_Layer_SSOT_Constraint_Addendum.md,HISTORICAL,archive,KEEP_ARCHIVE,:,true
docs/archive/HISTORICAL/Lingua_Metrics_Layer_SSOT_Mapping.md,HISTORICAL,archive,KEEP_ARCHIVE,:,true
docs/archive/HISTORICAL/Lingua_Recall_and_Sentence_Candidate_Budget_Expansion_Experiment_2026_07_15.md,HISTORICAL,archive,KEEP_ARCHIVE,:,true
docs/archive/HISTORICAL/Lingua_Recall_Lookup_Funnel_Audit_2026_07_14.md,HISTORICAL,archive,KEEP_ARCHIVE,:,true
docs/archive/HISTORICAL/Lingua_Repair_Diagnostics_SSOT_Metrics_Audit_2026_07_14.md,HISTORICAL,archive,KEEP_ARCHIVE,:,true
docs/archive/HISTORICAL/Lingua_Repair_Framework_Final_Freeze_Verification.md,HISTORICAL,archive,KEEP_ARCHIVE,:,true
docs/archive/HISTORICAL/Lingua_Runtime_Trace_Evidence_Audit_and_Revalidation_2026_07_15.md,HISTORICAL,archive,KEEP_ARCHIVE,:,true
docs/archive/HISTORICAL/Lingua_Sentence_Assembly_Domain_Base_Mixing_Logic_Audit_2026_07_16.md,HISTORICAL,archive,KEEP_ARCHIVE,:,true
docs/archive/HISTORICAL/Lingua_Sentence_Assembly_Implementation_Conformance_Audit_2026_07_14.md,HISTORICAL,archive,KEEP_ARCHIVE,:,true
docs/archive/HISTORICAL/Multi_Domain_Candidate_Contract_Audit.md,HISTORICAL,archive,KEEP_ARCHIVE,:,true
docs/archive/HISTORICAL/Multi_Domain_Candidate_Contract_Development_Report.md,HISTORICAL,archive,KEEP_ARCHIVE,:,true
docs/archive/HISTORICAL/Multi_Domain_Runtime_Deviation_Rollback_SSOT_Audit.md,HISTORICAL,archive,KEEP_ARCHIVE,:,true
docs/archive/HISTORICAL/Multi_Domain_Vote_Semantics_Audit.md,HISTORICAL,archive,KEEP_ARCHIVE,:,true
docs/archive/HISTORICAL/README.md,HISTORICAL,archive,KEEP_ARCHIVE,:,true
docs/archive/HISTORICAL/Rollback_Plan.md,HISTORICAL,archive,KEEP_ARCHIVE,:,true
docs/archive/HISTORICAL/Runtime_dialog_200_ASR_PostProcessing_Effect_Audit_Report.md,HISTORICAL,archive,KEEP_ARCHIVE,:,true
docs/archive/HISTORICAL/Runtime_dialog_200_GT_First_Loss_PhaseA_CallGraph.md,HISTORICAL,archive,KEEP_ARCHIVE,:,true
docs/archive/HISTORICAL/Runtime_dialog_200_GT_First_Loss_Provenance_Audit_Report.md,HISTORICAL,archive,KEEP_ARCHIVE,:,true
docs/archive/HISTORICAL/Runtime_Domain_Documentation_Compliance_Audit.md,HISTORICAL,archive,KEEP_ARCHIVE,:,true
docs/archive/HISTORICAL/Runtime_Domain_Documentation_Repair_and_Final_Freeze_Report.md,HISTORICAL,archive,KEEP_ARCHIVE,:,true
docs/archive/HISTORICAL/Runtime_Domain_Presence_Vote_End_to_End_Completeness_Audit.md,HISTORICAL,archive,KEEP_ARCHIVE,:,true
docs/archive/HISTORICAL/Runtime_Domain_Presence_Vote_Freeze_and_Compatibility_Chain_Audit_Report.md,HISTORICAL,archive,KEEP_ARCHIVE,:,true
docs/archive/HISTORICAL/Runtime_SSOT_Freeze_Readiness_Development_Report.md,HISTORICAL,archive,KEEP_ARCHIVE,:,true
docs/archive/HISTORICAL/Runtime_SSOT_Recovery_Baseline_Audit.md,HISTORICAL,archive,KEEP_ARCHIVE,:,true
docs/archive/HISTORICAL/Runtime_SSOT_Recovery_Report.md,HISTORICAL,archive,KEEP_ARCHIVE,:,true
docs/archive/HISTORICAL/Tone Model V2 Production Architecture（冻结方案）.md,HISTORICAL,archive,KEEP_ARCHIVE,:,true
docs/archive/HISTORICAL/Tone V2 P8-C Feature V2 Foundation Development Specification.md,HISTORICAL,archive,KEEP_ARCHIVE,:,true
docs/archive/HISTORICAL/Tone V2 P8-C — Feature Contract Specification.md,HISTORICAL,archive,KEEP_ARCHIVE,:,true
docs/archive/HISTORICAL/Tone V2 P8-C — Feature V2 Foundation Implementation Addendum.md,HISTORICAL,archive,KEEP_ARCHIVE,:,true
docs/archive/HISTORICAL/Tone V2 Phase 1 Development Plan Supplement.md,HISTORICAL,archive,KEEP_ARCHIVE,:,true
docs/archive/HISTORICAL/Tone V2 Phase 1 Supplement — Final Contract Addendum.md,HISTORICAL,archive,KEEP_ARCHIVE,:,true
docs/archive/HISTORICAL/Tone V2 Phase 1 — Contract Freeze & Loader Foundation Development Plan.md,HISTORICAL,archive,KEEP_ARCHIVE,:,true
docs/archive/HISTORICAL/Tone V2 Phase 2 Restart Supplement Addendum.md,HISTORICAL,archive,KEEP_ARCHIVE,:,true
docs/archive/HISTORICAL/Tone V2 Phase 2 Restart Supplement — Single Service Single Model.md,HISTORICAL,archive,KEEP_ARCHIVE,:,true
docs/archive/HISTORICAL/Tone V2 Phase 3 Development Plan — Supplement Addendum.md,HISTORICAL,archive,KEEP_ARCHIVE,:,true
docs/archive/HISTORICAL/Tone V2 Phase 3 — Model Capability Development Plan.md,HISTORICAL,archive,KEEP_ARCHIVE,:,true
docs/archive/HISTORICAL/Tone V2 Phase 3 — Supplement Addendum II.md,HISTORICAL,archive,KEEP_ARCHIVE,:,true
docs/archive/HISTORICAL/Tone_Model_V2_Candidate_Business_Validation_Report_2026_07_12.md,HISTORICAL,archive,KEEP_ARCHIVE,:,true
docs/archive/HISTORICAL/Tone_Model_V2_CNN_Freeze.md,HISTORICAL,archive,KEEP_ARCHIVE,:,true
docs/archive/HISTORICAL/Tone_Model_V2_Production_CNN_Development_Report.md,HISTORICAL,archive,KEEP_ARCHIVE,:,true
docs/archive/HISTORICAL/Tone_Model_V3_CRNN_Full_Production_Training_Report_2026_07_13.md,HISTORICAL,archive,KEEP_ARCHIVE,:,true
docs/archive/HISTORICAL/Tone_Model_V3_CRNN_Pilot_Training_and_CPU_NumPy_Inference_Report_2026_07_13.md,HISTORICAL,archive,KEEP_ARCHIVE,:,true
docs/archive/HISTORICAL/Tone_Model_V3_NumPy_CRNN_Performance_Profiling_Report_2026_07_13.md,HISTORICAL,archive,KEEP_ARCHIVE,:,true
docs/archive/HISTORICAL/Tone_Model_V3_Recognition_Ceiling_Audit_2026_07_13.md,HISTORICAL,archive,KEEP_ARCHIVE,:,true
docs/archive/HISTORICAL/Tone_OpenSource_Model_Investigation_Report.md,HISTORICAL,archive,KEEP_ARCHIVE,:,true
docs/archive/HISTORICAL/Tone_V2_Contract_Freeze_Pre_Audit_2026_06_29.md,HISTORICAL,archive,KEEP_ARCHIVE,:,true
docs/archive/HISTORICAL/TONE_V2_DATASET_FOUNDATION_FREEZE.md,HISTORICAL,archive,KEEP_ARCHIVE,:,true
docs/archive/HISTORICAL/Tone_V2_Dialog200_Feasibility_Audit_2026_06_28.md,HISTORICAL,archive,KEEP_ARCHIVE,:,true
docs/archive/HISTORICAL/TONE_V2_DOCUMENTATION_STYLE_GUIDE.md,HISTORICAL,archive,KEEP_ARCHIVE,:,true
docs/archive/HISTORICAL/Tone_V2_Mean_Mel_Feature_Baseline_Root_Cause_Audit_Report.md,HISTORICAL,archive,KEEP_ARCHIVE,:,true
docs/archive/HISTORICAL/Tone_V2_Model_Architecture_Origin_and_Production_Target_Audit_2026_07_12.md,HISTORICAL,archive,KEEP_ARCHIVE,:,true
docs/archive/HISTORICAL/Tone_V2_Model_Capability_PreDev_Code_Audit_2026_06_29.md,HISTORICAL,archive,KEEP_ARCHIVE,:,true
docs/archive/HISTORICAL/Tone_V2_Model_Optimization_Readiness_Audit_2026_07_12.md,HISTORICAL,archive,KEEP_ARCHIVE,:,true
docs/archive/HISTORICAL/Tone_V2_P10_Artifact_Provenance_Training_Freeze_Audit_2026_07_11.md,HISTORICAL,archive,KEEP_ARCHIVE,:,true
docs/archive/HISTORICAL/Tone_V2_P10_Feature_Contract_SSOT_Runtime_Readiness_Audit_2026_07_11.md,HISTORICAL,archive,KEEP_ARCHIVE,:,true
docs/archive/HISTORICAL/Tone_V2_P10_Raw_WAV_vs_Node_Runtime_Audio_Impact_Audit_2026_07_11.md,HISTORICAL,archive,KEEP_ARCHIVE,:,true
docs/archive/HISTORICAL/Tone_V2_P10_Runtime_V2_Direct_Replacement_PreDev_Audit_Report.md,HISTORICAL,archive,KEEP_ARCHIVE,:,true
docs/archive/HISTORICAL/Tone_V2_P4_Node_E2E_Test_Report.md,HISTORICAL,archive,KEEP_ARCHIVE,:,true
docs/archive/HISTORICAL/Tone_V2_P4_Offline_Quality_Evaluation_Report.md,HISTORICAL,archive,KEEP_ARCHIVE,:,true
docs/archive/HISTORICAL/Tone_V2_P4_Pretrain_Readiness_Report.md,HISTORICAL,archive,KEEP_ARCHIVE,:,true
docs/archive/HISTORICAL/Tone_V2_P4_tone_cnn_p1_Model_Freeze_Audit_Report.md,HISTORICAL,archive,KEEP_ARCHIVE,:,true
docs/archive/HISTORICAL/Tone_V2_P4_Training_Report.md,HISTORICAL,archive,KEEP_ARCHIVE,:,true
docs/archive/HISTORICAL/Tone_V2_P8_0_Training_Runtime_Timestamp_Consistency_Audit_Report.md,HISTORICAL,archive,KEEP_ARCHIVE,:,true
docs/archive/HISTORICAL/Tone_V2_P8_A_Runtime_Timestamp_Contract_SSOT_Audit_Report.md,HISTORICAL,archive,KEEP_ARCHIVE,:,true
docs/archive/HISTORICAL/Tone_V2_P8_B_Feature_V2_Contract_Foundation_PreDev_Audit_Report.md,HISTORICAL,archive,KEEP_ARCHIVE,:,true
docs/archive/HISTORICAL/Tone_V2_P8_C_Feature_V2_Foundation_Development_Report.md,HISTORICAL,archive,KEEP_ARCHIVE,:,true
docs/archive/HISTORICAL/Tone_V2_P8_C_Feature_V2_Foundation_Freeze_Audit_Report.md,HISTORICAL,archive,KEEP_ARCHIVE,:,true
docs/archive/HISTORICAL/Tone_V2_P8_C_Feature_V2_Foundation_Specification_Supplement_Audit_Report.md,HISTORICAL,archive,KEEP_ARCHIVE,:,true
docs/archive/HISTORICAL/Tone_V2_P8_C_Implementation_Addendum_Supplement_Audit_Report.md,HISTORICAL,archive,KEEP_ARCHIVE,:,true
docs/archive/HISTORICAL/Tone_V2_P8_C_Scope_Drift_Audit_Report.md,HISTORICAL,archive,KEEP_ARCHIVE,:,true
docs/archive/HISTORICAL/Tone_V2_P8_FeatureV2_Syllable_Duration_Frame_Length_Audit_Report.md,HISTORICAL,archive,KEEP_ARCHIVE,:,true
docs/archive/HISTORICAL/Tone_V2_P9_A_FW_WordInfo_V2_CNN_Training_Foundation_Development_Report.md,HISTORICAL,archive,KEEP_ARCHIVE,:,true
docs/archive/HISTORICAL/Tone_V2_P9_B_FW_WordInfo_V2_CNN_1k_Pilot_Training_Report.md,HISTORICAL,archive,KEEP_ARCHIVE,:,true
docs/archive/HISTORICAL/Tone_V2_P9_C1_Internal_GPU_Training_Foundation_PreDev_Audit_Report.md,HISTORICAL,archive,KEEP_ARCHIVE,:,true
docs/archive/HISTORICAL/Tone_V2_P9_C2_Feature_Generation_Acceleration_Development_Report.md,HISTORICAL,archive,KEEP_ARCHIVE,:,true
docs/archive/HISTORICAL/Tone_V2_P9_C3_Full_Feature_Cache_GPU_CNN_Training_Report.md,HISTORICAL,archive,KEEP_ARCHIVE,:,true
docs/archive/HISTORICAL/Tone_V2_P9_C_GPU_Feature_Extraction_Training_PreDev_Audit_Report.md,HISTORICAL,archive,KEEP_ARCHIVE,:,true
docs/archive/HISTORICAL/Tone_V2_P9_V2_CNN_CRNN_Training_PreDev_Audit_Report.md,HISTORICAL,archive,KEEP_ARCHIVE,:,true
docs/archive/HISTORICAL/Tone_V2_Phase1_5_E2E_Test_Environment_Incident_Report_2026_07_12.md,HISTORICAL,archive,KEEP_ARCHIVE,:,true
docs/archive/HISTORICAL/Tone_V2_Phase1_5_Production_Baseline_Business_Validation_Report_2026_07_12.md,HISTORICAL,archive,KEEP_ARCHIVE,:,true
docs/archive/HISTORICAL/Tone_V2_Phase1_Development_Plan_Supplement_Audit_2026_06_29.md,HISTORICAL,archive,KEEP_ARCHIVE,:,true
docs/archive/HISTORICAL/Tone_V2_Phase1_Freeze_Report.md,HISTORICAL,archive,KEEP_ARCHIVE,:,true
docs/archive/HISTORICAL/Tone_V2_Phase1_Node_E2E_Runtime_Recovery_Report.md,HISTORICAL,archive,KEEP_ARCHIVE,:,true
docs/archive/HISTORICAL/Tone_V2_Phase1_Production_Baseline_Recovery_Training_Report_2026_07_12.md,HISTORICAL,archive,KEEP_ARCHIVE,:,true
docs/archive/HISTORICAL/Tone_V2_Phase1_Supplement_Document_Audit_2026_06_29.md,HISTORICAL,archive,KEEP_ARCHIVE,:,true
docs/archive/HISTORICAL/Tone_V2_Phase2_Deployment_Runbook.md,HISTORICAL,archive,KEEP_ARCHIVE,:,true
docs/archive/HISTORICAL/Tone_V2_Phase2_Development_Report.md,HISTORICAL,archive,KEEP_ARCHIVE,:,true
docs/archive/HISTORICAL/Tone_V2_Phase2_Foundation_Documentation_Update_Report_2026_06_29.md,HISTORICAL,archive,KEEP_ARCHIVE,:,true
docs/archive/HISTORICAL/Tone_V2_Phase2_Foundation_Freeze_Audit_Report_2026_06_29.md,HISTORICAL,archive,KEEP_ARCHIVE,:,true
docs/archive/HISTORICAL/Tone_V2_Phase2_Node_E2E_Test_Report.md,HISTORICAL,archive,KEEP_ARCHIVE,:,true
docs/archive/HISTORICAL/Tone_V2_Phase3_Development_Plan_Supplement_Addendum_Audit_2026_06_29.md,HISTORICAL,archive,KEEP_ARCHIVE,:,true
docs/archive/HISTORICAL/Tone_V2_Phase3_Model_Capability_Development_Plan_Supplement_Audit_2026_06_29.md,HISTORICAL,archive,KEEP_ARCHIVE,:,true
docs/archive/HISTORICAL/Tone_V2_Phase3_Model_Capability_Foundation_Freeze_Audit_Report_2026_06_29.md,HISTORICAL,archive,KEEP_ARCHIVE,:,true
docs/archive/HISTORICAL/Tone_V2_Phase6A_Model_Iteration_Platform_Cleanup_Development_Report.md,HISTORICAL,archive,KEEP_ARCHIVE,:,true
docs/archive/HISTORICAL/Tone_V2_Phase6A_Model_Iteration_Platform_Cleanup_PreDev_Audit_Report.md,HISTORICAL,archive,KEEP_ARCHIVE,:,true
docs/archive/HISTORICAL/Tone_V2_Phase6B_tone_cnn_p2_Mainline_Replacement_Report.md,HISTORICAL,archive,KEEP_ARCHIVE,:,true
docs/archive/HISTORICAL/Tone_V2_Phase6C_Training_Data_Expansion_PreDev_Audit_Report.md,HISTORICAL,archive,KEEP_ARCHIVE,:,true
docs/archive/HISTORICAL/Tone_V2_Phase6D_Dataset_Pipeline_Foundation_Development_Report.md,HISTORICAL,archive,KEEP_ARCHIVE,:,true
docs/archive/HISTORICAL/Tone_V2_Phase6D_Dataset_Pipeline_Foundation_PreDev_Audit_Report.md,HISTORICAL,archive,KEEP_ARCHIVE,:,true
docs/archive/HISTORICAL/Tone_V2_Phase6E_AISHELL3_Dataset_Adapter_Development_Report.md,HISTORICAL,archive,KEEP_ARCHIVE,:,true
docs/archive/HISTORICAL/Tone_V2_Phase6E_AISHELL3_Dataset_Adapter_PreDev_Audit_Report.md,HISTORICAL,archive,KEEP_ARCHIVE,:,true
docs/archive/HISTORICAL/Tone_V2_Phase6E_AISHELL3_Dataset_Adapter_Runbook.md,HISTORICAL,archive,KEEP_ARCHIVE,:,true
docs/archive/HISTORICAL/Tone_V2_Phase6E_Documentation_Alignment_Report.md,HISTORICAL,archive,KEEP_ARCHIVE,:,true
docs/archive/HISTORICAL/Tone_V2_Phase6_Model_Improvement_PreDev_Code_Audit_Report.md,HISTORICAL,archive,KEEP_ARCHIVE,:,true
docs/archive/HISTORICAL/Tone_V2_Phase7A_Dataset_Foundation_Freeze_Report.md,HISTORICAL,archive,KEEP_ARCHIVE,:,true
docs/archive/HISTORICAL/Tone_V2_Phase7B1_Training_IO_Engineering_Development_Plan.md,HISTORICAL,archive,KEEP_ARCHIVE,:,true
docs/archive/HISTORICAL/Tone_V2_Phase7B1_Training_IO_Engineering_Development_Report.md,HISTORICAL,archive,KEEP_ARCHIVE,:,true
docs/archive/HISTORICAL/Tone_V2_Phase7B_Training_Engineering_Freeze_Report.md,HISTORICAL,archive,KEEP_ARCHIVE,:,true
docs/archive/HISTORICAL/Tone_V2_Phase7B_Training_Engineering_PreDev_Audit_Report.md,HISTORICAL,archive,KEEP_ARCHIVE,:,true
docs/archive/HISTORICAL/Tone_V2_Phase7C_tone_cnn_p3_50Epoch_Training_Report.md,HISTORICAL,archive,KEEP_ARCHIVE,:,true
docs/archive/HISTORICAL/Tone_V2_Phase7D_Model_Quality_PreDev_Audit_Report.md,HISTORICAL,archive,KEEP_ARCHIVE,:,true
docs/archive/HISTORICAL/Tone_V2_Phase7_PreDev_Audit_Report.md,HISTORICAL,archive,KEEP_ARCHIVE,:,true
docs/archive/HISTORICAL/Tone_V2_Pre_Phase1_Runtime_Verification_Report_2026_06_28.md,HISTORICAL,archive,KEEP_ARCHIVE,:,true
docs/archive/HISTORICAL/Tone_V2_Pre_Rebuild_Cleanup_Report_2026_06_28.md,HISTORICAL,archive,KEEP_ARCHIVE,:,true
docs/archive/HISTORICAL/Tone_V2_Production_Training_Readiness_Audit_2026_07_12.md,HISTORICAL,archive,KEEP_ARCHIVE,:,true
docs/archive/HISTORICAL/TONE_V2_TERMINOLOGY.md,HISTORICAL,archive,KEEP_ARCHIVE,:,true
docs/archive/HISTORICAL/Tone_V2_Terminology_Freeze_Report.md,HISTORICAL,archive,KEEP_ARCHIVE,:,true
docs/archive/HISTORICAL/TONE_V2_TRAINING_ENGINEERING_FREEZE.md,HISTORICAL,archive,KEEP_ARCHIVE,:,true
docs/archive/HISTORICAL/TONE_V2_TRAINING_ENGINEERING_GUIDE.md,HISTORICAL,archive,KEEP_ARCHIVE,:,true
docs/archive/HISTORICAL/Tone_V2_Zero_Baseline_Rebuild_Readiness_Audit_2026_06_23.md,HISTORICAL,archive,KEEP_ARCHIVE,:,true
docs/archive/README.md,HISTORICAL,archive,KEEP_ARCHIVE,Archive hierarchy,true
docs/archive/RETIRED/FW_Repair_V4_FineSpan_SoftBoundary_SessionDomainPrior_LLMCorrection_Constraint_Addendum_2026_07_22.md,RETIRED,archive,KEEP_ARCHIVE,:,true
docs/archive/RETIRED/FW_Repair_V4_FineSpan_SoftBoundary_SessionDomainPrior_LLMCorrection_Development_Plan_2026_07_22.md,RETIRED,archive,KEEP_ARCHIVE,:,true
docs/archive/RETIRED/FW_Repair_V4_FineSpan_SoftBoundary_SessionDomainPrior_LLMCorrection_P5_Final_Architecture_Compliance_Audit_2026_07_23.md,RETIRED,archive,KEEP_ARCHIVE,:,true
docs/archive/RETIRED/FW_Repair_V4_FineSpan_SoftBoundary_SessionDomainPrior_LLMCorrection_PreDevelopment_Audit_2026_07_22.md,RETIRED,archive,KEEP_ARCHIVE,:,true
docs/archive/RETIRED/FW_Repair_V4_FineSpan_SoftBoundary_SessionDomainPrior_LLMCorrection_Supplement_2026_07_22.md,RETIRED,archive,KEEP_ARCHIVE,:,true
docs/archive/RETIRED/FW_Repair_V4_Legacy_Parent_Fragment_Recall_Retirement_Audit_2026_08_01.md,RETIRED,archive,KEEP_ARCHIVE,:,true
docs/archive/RETIRED/FW_Repair_V4_LTR_FineSpan_Performance_Audit_2026_07_25.md,RETIRED,archive,KEEP_ARCHIVE,:,true
docs/archive/RETIRED/FW_Repair_V4_LTR_Full_Replacement_Readiness_Audit_2026_07_29.md,RETIRED,archive,KEEP_ARCHIVE,:,true
docs/archive/RETIRED/FW_Repair_V4_LTR_vs_MultiPath_Lattice_Necessity_Audit_2026_07_29.md,RETIRED,archive,KEEP_ARCHIVE,:,true
docs/archive/RETIRED/FW_Repair_V4_Parent_Fragment_Full_Retirement_Pre_Implementation_Audit_2026_08_01.md,RETIRED,archive,KEEP_ARCHIVE,:,true
docs/archive/SUPERSEDED/DomainId_Full_Removal_PreDevelopment_Audit.md,SUPERSEDED,archive,KEEP_ARCHIVE,:,true
docs/archive/SUPERSEDED/FW_Repair_V4_Lexical_Connectivity_Repair_V1_Batch1_1B_Surface_Exact_Reachability_Pre_Development_Audit_Report_2026_07_28.md,SUPERSEDED,archive,KEEP_ARCHIVE,:,true
docs/archive/SUPERSEDED/FW_Repair_V4_Lexical_Connectivity_Repair_V1_Batch1_1C_Mandatory_Tone_Recall_PreDevelopment_Audit_And_Repair_Design_2026_07_28.md,SUPERSEDED,archive,KEEP_ARCHIVE,:,true
docs/archive/SUPERSEDED/FW_Repair_V4_Lexical_Connectivity_Repair_V1_Batch1_1C_Tone_Unsupported_Fallback_PreDevelopment_Audit_Report_2026_07_28.md,SUPERSEDED,archive,KEEP_ARCHIVE,:,true
docs/archive/SUPERSEDED/FW_Repair_V4_Lexical_Connectivity_Repair_V1_Length_1_5_Recall_Chain_Alignment_Pre_Development_Audit_2026_07_27.md,SUPERSEDED,archive,KEEP_ARCHIVE,:,true
docs/archive/SUPERSEDED/FW_Repair_V4_Multi_Path_Lexical_Lattice_Pre_Development_Audit_2026_07_26.md,SUPERSEDED,archive,KEEP_ARCHIVE,:,true
docs/archive/SUPERSEDED/FW_Repair_V4_Multi_Path_Lexical_Lattice_V1_Delete_Replace_Matrix_2026_07_26.md,SUPERSEDED,archive,KEEP_ARCHIVE,:,true
docs/archive/SUPERSEDED/FW_Repair_V4_Multi_Path_Lexical_Lattice_V1_Interface_Data_Contract_Draft_2026_07_26.md,SUPERSEDED,archive,KEEP_ARCHIVE,:,true
docs/archive/SUPERSEDED/FW_Repair_V4_Multi_Path_Lexical_Lattice_V1_Phase1_B1_Recall_Budget_SSOT_Refactor_PreDevelopment_Audit_2026_07_27.md,SUPERSEDED,archive,KEEP_ARCHIVE,:,true
docs/archive/SUPERSEDED/FW_Repair_V4_Multi_Path_Lexical_Lattice_V1_Phase1_B2_LexicalEdge_Evidence_SSOT_Repair_PreDevelopment_Audit_2026_07_27.md,SUPERSEDED,archive,KEEP_ARCHIVE,:,true
docs/archive/SUPERSEDED/FW_Repair_V4_Multi_Path_Lexical_Lattice_V1_Phase1_Window_Edge_PreDevelopment_Audit_2026_07_26.md,SUPERSEDED,archive,KEEP_ARCHIVE,:,true
docs/archive/SUPERSEDED/FW_Repair_V4_Multi_Path_Lexical_Lattice_V1_Phase2_Development_Plan_Supplement_2026_07_27.md,SUPERSEDED,archive,KEEP_ARCHIVE,:,true
docs/archive/SUPERSEDED/FW_Repair_V4_Multi_Path_Lexical_Lattice_V1_Phase2_PreDevelopment_Audit_2026_07_27.md,SUPERSEDED,archive,KEEP_ARCHIVE,:,true
docs/archive/SUPERSEDED/FW_Repair_V4_Multi_Path_Lexical_Lattice_V1_Residual_Cleanup_PreDevelopment_Audit_2026_07_27.md,SUPERSEDED,archive,KEEP_ARCHIVE,:,true
docs/archive/SUPERSEDED/Lingua_Metrics_Layer_SSOT_Alignment_Supplement_2026_07_14.md,SUPERSEDED,archive,KEEP_ARCHIVE,:,true
docs/archive/SUPERSEDED/Tone_V2_Phase1_Final_Addendum_PreDevelopment_Audit_2026_06_29.md,SUPERSEDED,archive,KEEP_ARCHIVE,:,true
docs/archive/SUPERSEDED/WindowCandidate_Domain_Dependency_PreDevelopment_Audit.md,SUPERSEDED,archive,KEEP_ARCHIVE,:,true
docs/changelog/CHANGELOG_2025_01.md,REFERENCE_DATA,changelog,KEEP_REFERENCE,,false
docs/CODING/Lingua Engineering Principles（Project Constitution Extension）.md,UNCLASSIFIED,CODING,REQUIRES_REVIEW,,false
docs/CODING/Lingua Project Constitution（Project SSOT）.md,UNCLASSIFIED,CODING,REQUIRES_REVIEW,,true
docs/current/INDEX.md,CURRENT_SSOT,current,KEEP_CURRENT,CURRENT,true
docs/decision/ASR与语义修复参数与PASS判定参考_2026_01.md,ARCHITECTURE_DECISION,decision,MIGRATE_TO_ARCHITECTURE_OR_ARCHIVE,,false
docs/decision/DECISION_SUMMARY_POOL_INTEGRATION.md,ARCHITECTURE_DECISION,decision,MIGRATE_TO_ARCHITECTURE_OR_ARCHIVE,,false
docs/decision/ken_lm_字符级trie模型_构建命令清单与节点端使用说明.md,ARCHITECTURE_DECISION,decision,MIGRATE_TO_ARCHITECTURE_OR_ARCHIVE,,false
docs/decision/node_punctuation_restore_ct_transformer_implementation.md,ARCHITECTURE_DECISION,decision,MIGRATE_TO_ARCHITECTURE_OR_ARCHIVE,,false
docs/decision/README.md,ARCHITECTURE_DECISION,decision,MIGRATE_TO_ARCHITECTURE_OR_ARCHIVE,,false
docs/decision/Session_Affinity与turnId_设计方案_决策审议_2026_01.md,ARCHITECTURE_DECISION,decision,MIGRATE_TO_ARCHITECTURE_OR_ARCHIVE,,false
docs/decision/下一步排查清单_文本累积与Job乱序_2026_01.md,ARCHITECTURE_DECISION,decision,MIGRATE_TO_ARCHITECTURE_OR_ARCHIVE,,false
docs/decision/决策部门审议_Job2前半句与turnId合并方向_2026_01.md,ARCHITECTURE_DECISION,decision,MIGRATE_TO_ARCHITECTURE_OR_ARCHIVE,,false
docs/decision/决策部门审议文档_新架构.md,ARCHITECTURE_DECISION,decision,MIGRATE_TO_ARCHITECTURE_OR_ARCHIVE,,false
docs/decision/决策部门文档索引.md,ARCHITECTURE_DECISION,decision,MIGRATE_TO_ARCHITECTURE_OR_ARCHIVE,,false
docs/decision/决策部门最终审议文档_新架构V2.md,ARCHITECTURE_DECISION,decision,MIGRATE_TO_ARCHITECTURE_OR_ARCHIVE,,false
docs/decision/取消跨job前向合并_技术确认与后果_2026_01.md,ARCHITECTURE_DECISION,decision,MIGRATE_TO_ARCHITECTURE_OR_ARCHIVE,,false
docs/decision/取消跨job前向合并_推荐方案说明.md,ARCHITECTURE_DECISION,decision,MIGRATE_TO_ARCHITECTURE_OR_ARCHIVE,,false
docs/decision/同音近音后处理_无词表约束_决策审议_2026_01.md,ARCHITECTURE_DECISION,decision,MIGRATE_TO_ARCHITECTURE_OR_ARCHIVE,,false
docs/decision/同音近音纠错_字符级lm打分_可执行技术方案.md,ARCHITECTURE_DECISION,decision,MIGRATE_TO_ARCHITECTURE_OR_ARCHIVE,,false
docs/decision/同音近音纠错_字符级LM打分_可行性结论与补充材料_2026_01.md,ARCHITECTURE_DECISION,decision,MIGRATE_TO_ARCHITECTURE_OR_ARCHIVE,,false
docs/decision/幽灵NMT与双Job与DUP_SEND_架构修复_2026_01.md,ARCHITECTURE_DECISION,decision,MIGRATE_TO_ARCHITECTURE_OR_ARCHIVE,,false
docs/decision/异常Job根因分析_2026_01.md,ARCHITECTURE_DECISION,decision,MIGRATE_TO_ARCHITECTURE_OR_ARCHIVE,,false
docs/decision/强制语义修复_失败即失败_实现说明_2026_01.md,ARCHITECTURE_DECISION,decision,MIGRATE_TO_ARCHITECTURE_OR_ARCHIVE,,false
docs/decision/强制语义修复_架构改动_决策审议_2026_01.md,ARCHITECTURE_DECISION,decision,MIGRATE_TO_ARCHITECTURE_OR_ARCHIVE,,false
docs/decision/强制语义修复_逐文件最小Patch清单_执行版_2026_01.md,ARCHITECTURE_DECISION,decision,MIGRATE_TO_ARCHITECTURE_OR_ARCHIVE,,false
docs/decision/用turnId进行合并_可行性说明_2026_01.md,ARCHITECTURE_DECISION,decision,MIGRATE_TO_ARCHITECTURE_OR_ARCHIVE,,false
docs/decision/节点端Job调度_AudioAggregator与Utterance聚合_调用链与重复调用审议_2026_01.md,ARCHITECTURE_DECISION,decision,MIGRATE_TO_ARCHITECTURE_OR_ARCHIVE,,false
docs/decision/节点端Job调度与聚合流程审议_2026_01.md,ARCHITECTURE_DECISION,decision,MIGRATE_TO_ARCHITECTURE_OR_ARCHIVE,,false
docs/decision/节点端_turn_id合并_技术方案（补充冻结版）.md,ARCHITECTURE_DECISION,decision,MIGRATE_TO_ARCHITECTURE_OR_ARCHIVE,,false
docs/decision/语义修复判断相关片段_semantic-repair-step与task-router_2026_01.md,ARCHITECTURE_DECISION,decision,MIGRATE_TO_ARCHITECTURE_OR_ARCHIVE,,false
docs/decision/语义修复步骤执行条件_shouldExecuteStep_2026_01.md,ARCHITECTURE_DECISION,decision,MIGRATE_TO_ARCHITECTURE_OR_ARCHIVE,,false
docs/decision/集成测试_Job2前半句丢失与空结果_决策审议_2026_01.md,ARCHITECTURE_DECISION,decision,MIGRATE_TO_ARCHITECTURE_OR_ARCHIVE,,false
docs/framework_snapshots/FRAMEWORK_FREEZE_SUMMARY.md,FRAMEWORK_SNAPSHOT,framework_snapshots,KEEP_SNAPSHOT,,true
docs/framework_snapshots/FW_V4_FREEZE_2026_08_03/01_Architecture.md,FRAMEWORK_SNAPSHOT,framework_snapshots,KEEP_SNAPSHOT,CURRENT RECOVERY BASELINE,true
docs/framework_snapshots/FW_V4_FREEZE_2026_08_03/02_Runtime.md,FRAMEWORK_SNAPSHOT,framework_snapshots,KEEP_SNAPSHOT,CURRENT RECOVERY BASELINE,true
docs/framework_snapshots/FW_V4_FREEZE_2026_08_03/03_Interface.md,FRAMEWORK_SNAPSHOT,framework_snapshots,KEEP_SNAPSHOT,,false
docs/framework_snapshots/FW_V4_FREEZE_2026_08_03/04_Data_Contract.md,FRAMEWORK_SNAPSHOT,framework_snapshots,KEEP_SNAPSHOT,,false
docs/framework_snapshots/FW_V4_FREEZE_2026_08_03/05_Runtime_Trace.md,FRAMEWORK_SNAPSHOT,framework_snapshots,KEEP_SNAPSHOT,,false
docs/framework_snapshots/FW_V4_FREEZE_2026_08_03/06_Ownership.md,FRAMEWORK_SNAPSHOT,framework_snapshots,KEEP_SNAPSHOT,,false
docs/framework_snapshots/FW_V4_FREEZE_2026_08_03/07_Atomicity.md,FRAMEWORK_SNAPSHOT,framework_snapshots,KEEP_SNAPSHOT,,false
docs/framework_snapshots/FW_V4_FREEZE_2026_08_03/08_Domain.md,FRAMEWORK_SNAPSHOT,framework_snapshots,KEEP_SNAPSHOT,,false
docs/framework_snapshots/FW_V4_FREEZE_2026_08_03/09_Diagnostics.md,FRAMEWORK_SNAPSHOT,framework_snapshots,KEEP_SNAPSHOT,,false
docs/framework_snapshots/FW_V4_FREEZE_2026_08_03/10_Performance_Baseline.md,FRAMEWORK_SNAPSHOT,framework_snapshots,KEEP_SNAPSHOT,,false
docs/framework_snapshots/FW_V4_FREEZE_2026_08_03/11_KenLM_Runtime_Boundary.md,FRAMEWORK_SNAPSHOT,framework_snapshots,KEEP_SNAPSHOT,,false
docs/framework_snapshots/FW_V4_FREEZE_2026_08_03/12_Known_Limitations.md,FRAMEWORK_SNAPSHOT,framework_snapshots,KEEP_SNAPSHOT,,false
docs/framework_snapshots/FW_V4_FREEZE_2026_08_03/13_Recovery_Guide.md,FRAMEWORK_SNAPSHOT,framework_snapshots,KEEP_SNAPSHOT,,true
docs/framework_snapshots/FW_V4_FREEZE_2026_08_03/FRAMEWORK_FREEZE_SUMMARY.md,FRAMEWORK_SNAPSHOT,framework_snapshots,KEEP_SNAPSHOT,CURRENT RECOVERY BASELINE,true
docs/framework_snapshots/FW_V4_FREEZE_2026_08_03/snapshot.json,FRAMEWORK_SNAPSHOT,framework_snapshots,KEEP_SNAPSHOT,,false
docs/fw quality audit/README.md,HISTORICAL,fw quality audit,INDEX_OR_ARCHIVE,,false
docs/fw-detector/ARCHITECTURE.md,CURRENT_SSOT,fw-detector,KEEP_CURRENT_IN_PLACE,,false
docs/fw-detector/assembly/FROZEN_V1_2.md,CURRENT_SSOT,fw-detector,KEEP_CURRENT_IN_PLACE,,true
docs/fw-detector/assembly/RANKING_V1_2.md,HISTORICAL,fw-detector,KEEP_MODULE_HISTORICAL_OR_REFERENCE,,false
docs/fw-detector/compatibility/FROZEN.md,HISTORICAL,fw-detector,KEEP_MODULE_HISTORICAL_OR_REFERENCE,,false
docs/fw-detector/CONFIG.md,HISTORICAL,fw-detector,KEEP_MODULE_HISTORICAL_OR_REFERENCE,,false
docs/fw-detector/CONTEXT_PRIOR.md,UNCLASSIFIED,fw-detector,REQUIRES_REVIEW_CURRENT_CLAIM,CURRENT,true
docs/fw-detector/diagnostics/FROZEN.md,CURRENT_SSOT,fw-detector,KEEP_CURRENT_IN_PLACE,,false
docs/fw-detector/DIAGNOSTICS_CONTRACT.md,HISTORICAL,fw-detector,KEEP_MODULE_HISTORICAL_OR_REFERENCE,,false
docs/fw-detector/DOMAIN_SOURCE_UNIFICATION.md,CURRENT_SSOT,fw-detector,KEEP_CURRENT_IN_PLACE,,false
docs/fw-detector/FRAMEWORK_FREEZE_DECLARATION.md,HISTORICAL,fw-detector,KEEP_MODULE_HISTORICAL_OR_REFERENCE,,false
docs/fw-detector/freeze/FROZEN.md,CURRENT_SSOT,fw-detector,KEEP_CURRENT_IN_PLACE,,false
docs/fw-detector/INTERFACE_FREEZE.md,CURRENT_SSOT,fw-detector,KEEP_CURRENT_IN_PLACE,,false
docs/fw-detector/kenlm/KENLM_RUNTIME.md,CURRENT_SSOT,fw-detector,KEEP_CURRENT_IN_PLACE,,false
docs/fw-detector/kenlm/SCORE_CONTRACT.md,HISTORICAL,fw-detector,KEEP_MODULE_HISTORICAL_OR_REFERENCE,,false
docs/fw-detector/README.md,HISTORICAL,fw-detector,KEEP_MODULE_HISTORICAL_OR_REFERENCE,,false
docs/fw-detector/recall/DOMAIN_RECALL.md,CURRENT_SSOT,fw-detector,KEEP_CURRENT_IN_PLACE,,true
docs/fw-detector/recall/TONE_FIRST_RECALL_FROZEN_V1_0_1.md,HISTORICAL,fw-detector,KEEP_MODULE_HISTORICAL_OR_REFERENCE,,true
docs/KenLM Audit/KenLM Audit P1 KenLM 调用链审计.md,HISTORICAL,KenLM Audit,INDEX_OR_ARCHIVE,,false
docs/KenLM Audit/KenLM Audit P2 Score 尺度审计.md,HISTORICAL,KenLM Audit,INDEX_OR_ARCHIVE,,false
docs/KenLM Audit/KenLM Audit P3 Raw_Candidate Normalization Audit.md,HISTORICAL,KenLM Audit,INDEX_OR_ARCHIVE,,false
docs/KenLM Audit/KenLM Audit P4 Candidate Quality Audit.md,HISTORICAL,KenLM Audit,INDEX_OR_ARCHIVE,,false
docs/KenLM Audit/KenLM Audit P5 Model Coverage Audit.md,HISTORICAL,KenLM Audit,INDEX_OR_ARCHIVE,,false
docs/KenLM Audit/KenLM Audit P6 Apply Decision Audit.md,HISTORICAL,KenLM Audit,INDEX_OR_ARCHIVE,,false
docs/KenLM Audit/KenLM_Audit_P1_Call_Chain.md,HISTORICAL,KenLM Audit,INDEX_OR_ARCHIVE,,false
docs/KenLM Audit/KenLM_Audit_P2_Score_Scale.md,HISTORICAL,KenLM Audit,INDEX_OR_ARCHIVE,,false
docs/KenLM Audit/KenLM_Audit_P3_Normalization.md,HISTORICAL,KenLM Audit,INDEX_OR_ARCHIVE,,false
docs/KenLM Audit/KenLM_Audit_P4_Candidate_Quality.md,HISTORICAL,KenLM Audit,INDEX_OR_ARCHIVE,,false
docs/KenLM Audit/KenLM_Audit_P5_Model_Coverage.md,HISTORICAL,KenLM Audit,INDEX_OR_ARCHIVE,,false
docs/KenLM Audit/KenLM_Audit_P6_Apply_Gate.md,HISTORICAL,KenLM Audit,INDEX_OR_ARCHIVE,,false
docs/lexicon-v3/ALIAS_OWNERSHIP_CONTRACT_FROZEN_V1_0_0.md,HISTORICAL,lexicon-v3,KEEP_MODULE_HISTORICAL_OR_REFERENCE,,false
docs/lexicon-v3/ARCHITECTURE.md,HISTORICAL,lexicon-v3,KEEP_MODULE_HISTORICAL_OR_REFERENCE,,false
docs/lexicon-v3/ILLEGAL_ALIAS_CLEANUP.md,HISTORICAL,lexicon-v3,KEEP_MODULE_HISTORICAL_OR_REFERENCE,,false
docs/lexicon-v3/LEXICON_EXPANSION_PACKAGE.md,HISTORICAL,lexicon-v3,KEEP_MODULE_HISTORICAL_OR_REFERENCE,,false
docs/lexicon-v3/LEXICON_OPERATIONS.md,HISTORICAL,lexicon-v3,KEEP_MODULE_HISTORICAL_OR_REFERENCE,,false
docs/lexicon-v3/PATCH_IMPORTER_V4.md,HISTORICAL,lexicon-v3,KEEP_MODULE_HISTORICAL_OR_REFERENCE,,false
docs/lexicon-v3/README.md,HISTORICAL,lexicon-v3,KEEP_MODULE_HISTORICAL_OR_REFERENCE,,false
docs/lexicon-v3/STORAGE_PIPELINE.md,HISTORICAL,lexicon-v3,KEEP_MODULE_HISTORICAL_OR_REFERENCE,,false
docs/lexicon-v4/README.md,HISTORICAL,lexicon-v4,KEEP_MODULE_HISTORICAL_OR_REFERENCE,,false
docs/Lexicon_Expansion/FW_Repair_V4_Industry_Expansion_Pack_V1_Development_Plan.md,HISTORICAL,Lexicon_Expansion,KEEP_MODULE_HISTORICAL_OR_REFERENCE,,false
docs/Lexicon_Expansion/FW_Repair_V4_Industry_Expansion_Pack_V1_Final_Development_Plan.md,HISTORICAL,Lexicon_Expansion,KEEP_MODULE_HISTORICAL_OR_REFERENCE,,false
docs/Lexicon_Expansion/FW_Repair_V4_Industry_Expansion_Pack_V1_Final_Development_Plan_V1.1_Addendum.md,HISTORICAL,Lexicon_Expansion,KEEP_MODULE_HISTORICAL_OR_REFERENCE,,false
docs/Lexicon_Expansion/FW_Repair_V4_Lexicon_Patch_Importer_V4_Development_Plan_V1.1_Addendum.md,HISTORICAL,Lexicon_Expansion,KEEP_MODULE_HISTORICAL_OR_REFERENCE,: Development Ready,false
docs/Lexicon_Expansion/FW_Repair_V4_Lexicon_Patch_Importer_V4_Development_Plan_V1.2_Addendum.md,HISTORICAL,Lexicon_Expansion,KEEP_MODULE_HISTORICAL_OR_REFERENCE,: Mandatory Supplement,false
docs/Lexicon_Expansion/README.md,HISTORICAL,Lexicon_Expansion,KEEP_MODULE_HISTORICAL_OR_REFERENCE,,false
docs/logging/DEVELOPMENT_READINESS.md,UNCLASSIFIED,logging,REQUIRES_REVIEW,,false
docs/logging/IMPLEMENTATION_STATUS.md,UNCLASSIFIED,logging,REQUIRES_REVIEW,,false
docs/logging/LINGUA_Logging_Observability_Spec_Consolidated_v3.1.md,UNCLASSIFIED,logging,REQUIRES_REVIEW,,false
docs/logging/README.md,UNCLASSIFIED,logging,REQUIRES_REVIEW,,false
docs/logging/STAGE_LOGGING_REQUIREMENTS.md,UNCLASSIFIED,logging,REQUIRES_REVIEW,,false
docs/logging/USAGE_GUIDE.md,UNCLASSIFIED,logging,REQUIRES_REVIEW,,false
docs/pinyin-v1/archive/ARCHIVE.md,HISTORICAL,pinyin-v1,KEEP_MODULE_HISTORICAL_OR_REFERENCE,,false
docs/pinyin-v1/archive/import/pinyin-ime-v1_single_char_dictionary_v2_2500.csv,HISTORICAL,pinyin-v1,KEEP_MODULE_HISTORICAL_OR_REFERENCE,,false
docs/pinyin-v1/archive/import/pinyin-ime-v1_single_char_dictionary_v2_2500.tsv,HISTORICAL,pinyin-v1,KEEP_MODULE_HISTORICAL_OR_REFERENCE,,false
docs/pinyin-v1/archive/import/pinyin-ime-v1_single_char_dictionary_v2_2500_manifest.json,HISTORICAL,pinyin-v1,KEEP_MODULE_HISTORICAL_OR_REFERENCE,,false
docs/pinyin-v1/archive/import/pinyin-ime-v1_single_char_dictionary_v2_2500_README.md,HISTORICAL,pinyin-v1,KEEP_MODULE_HISTORICAL_OR_REFERENCE,,false
docs/pinyin-v1/README.md,HISTORICAL,pinyin-v1,KEEP_MODULE_HISTORICAL_OR_REFERENCE,,false
docs/pinyin-v2/ARCHITECTURE.md,HISTORICAL,pinyin-v2,KEEP_MODULE_HISTORICAL_OR_REFERENCE,,false
docs/pinyin-v2/DICTIONARY.md,HISTORICAL,pinyin-v2,KEEP_MODULE_HISTORICAL_OR_REFERENCE,,false
docs/pinyin-v2/import/single_char_dictionary.tsv,HISTORICAL,pinyin-v2,KEEP_MODULE_HISTORICAL_OR_REFERENCE,,false
docs/pinyin-v2/README.md,HISTORICAL,pinyin-v2,KEEP_MODULE_HISTORICAL_OR_REFERENCE,,false
docs/project/phase3/PHASE3_IMPLEMENTATION_SUMMARY.md,UNCLASSIFIED,project,REQUIRES_REVIEW,,false
docs/project/phase3/PHASE3_TESTING_COMPLETE_FINAL.md,UNCLASSIFIED,project,REQUIRES_REVIEW,,false
docs/PROJECT_MIGRATION.md,UNCLASSIFIED,PROJECT_MIGRATION.md,REQUIRES_REVIEW,,false
docs/PROJECT_STRUCTURE.md,UNCLASSIFIED,PROJECT_STRUCTURE.md,REQUIRES_REVIEW,,false
docs/README.md,UNCLASSIFIED,README.md,REQUIRES_REVIEW,,false
docs/reference/README.md,REFERENCE_DATA,reference,KEEP_REFERENCE,,false
docs/reference/STATUS_COMPARISON.md,REFERENCE_DATA,reference,KEEP_REFERENCE,,false
docs/reference/v0.1_第一部分_概述架构与技术.md,REFERENCE_DATA,reference,KEEP_REFERENCE,,false
docs/reference/v0.1_第二部分_部署性能与结构.md,REFERENCE_DATA,reference,KEEP_REFERENCE,,false
docs/setup/CMAKE_4.2_COMPATIBILITY_FIX.md,OPERATING_GUIDE,setup,KEEP_OPERATING,,false
docs/setup/CMAKE_4.2_SOLUTION.md,OPERATING_GUIDE,setup,KEEP_OPERATING,,false
docs/setup/ENVIRONMENT_CONFIGURATION_COMPLETE.md,OPERATING_GUIDE,setup,KEEP_OPERATING,,false
docs/setup/ENVIRONMENT_SETUP.md,OPERATING_GUIDE,setup,KEEP_OPERATING,,false
docs/SHARED_FILES_PLACEMENT.md,UNCLASSIFIED,SHARED_FILES_PLACEMENT.md,REQUIRES_REVIEW,,false
docs/supporting/INDEX.md,SUPPORTING_CONTRACT,supporting,KEEP_SUPPORTING,SUPPORTING,true
docs/supporting/Recall_Subsystem_Frozen_Contract_2026_08_03.md,SUPPORTING_CONTRACT,supporting,KEEP_SUPPORTING,SUPPORTING_CONTRACT,false
docs/tone-module/ARCHITECTURE.md,HISTORICAL,tone-module,KEEP_MODULE_HISTORICAL_OR_REFERENCE,,false
docs/tone-module/README.md,HISTORICAL,tone-module,KEEP_MODULE_HISTORICAL_OR_REFERENCE,,false
docs/tone-v2/archive/audit/AUDIT_ARCHIVE_README.md,HISTORICAL,tone-v2,INDEX_OR_ARCHIVE,,true
docs/tone-v2/archive/audit/Tone V2 Phase 2A_pre audit.md,HISTORICAL,tone-v2,INDEX_OR_ARCHIVE,,false
docs/tone-v2/archive/audit/Tone_V2_Phase2_PreDev_Code_Audit_2026_06_29.md,HISTORICAL,tone-v2,INDEX_OR_ARCHIVE,,false
docs/tone-v2/archive/audit/Tone_V2_Phase2_Restart_PreDev_Code_Audit_2026_06_29.md,HISTORICAL,tone-v2,INDEX_OR_ARCHIVE,,false
docs/tone-v2/archive/audit/Tone_V2_Phase2_Restart_Supplement_Audit_2026_06_29.md,HISTORICAL,tone-v2,INDEX_OR_ARCHIVE,,false
docs/tone-v2/archive/deprecated/DEPRECATED_README.md,HISTORICAL,tone-v2,KEEP_MODULE_HISTORICAL_OR_REFERENCE,,false
docs/tone-v2/archive/deprecated/Tone_V2_Phase2A_Development_Plan_Supplement_Audit_2026_06_29.md,HISTORICAL,tone-v2,INDEX_OR_ARCHIVE,,false
docs/tone-v2/atomicity_batch1_revalidated.csv,HISTORICAL,tone-v2,KEEP_MODULE_HISTORICAL_OR_REFERENCE,,false
docs/tone-v2/atomicity_enforce_report.csv,HISTORICAL,tone-v2,INDEX_OR_ARCHIVE,,false
docs/tone-v2/atomicity_final_source_actions.csv,HISTORICAL,tone-v2,KEEP_MODULE_HISTORICAL_OR_REFERENCE,,false
docs/tone-v2/Dialog200_Corpus_Restore_Report_2026_06_28.md,SUPERSEDED,tone-v2,KEEP_POINTER_STUB,,true
docs/tone-v2/Dialog200_Full_Corpus_Restore_Report_2026_06_28.md,SUPERSEDED,tone-v2,KEEP_POINTER_STUB,,true
docs/tone-v2/dialog200_ltr_performance_probe.json,HISTORICAL,tone-v2,KEEP_MODULE_HISTORICAL_OR_REFERENCE,,false
docs/tone-v2/dialog200_post_atomicity_candidate_export.csv,HISTORICAL,tone-v2,KEEP_MODULE_HISTORICAL_OR_REFERENCE,,false
docs/tone-v2/DomainId_Full_Removal_PreDevelopment_Audit.md,SUPERSEDED,tone-v2,KEEP_POINTER_STUB,,true
docs/tone-v2/domain_semantic_atomicity_reconciliation.csv,HISTORICAL,tone-v2,KEEP_MODULE_HISTORICAL_OR_REFERENCE,,false
docs/tone-v2/exact_recall_anomalies.csv,HISTORICAL,tone-v2,KEEP_MODULE_HISTORICAL_OR_REFERENCE,,false
docs/tone-v2/Fine_Span_Domain_Presence_Vote_and_Multi_Bucket_Assembly_Development_Report.md,SUPERSEDED,tone-v2,KEEP_POINTER_STUB,,true
docs/tone-v2/Fine_Span_Presence_Runtime_Compliance_and_SSOT_Document_Repair_Audit.md,SUPERSEDED,tone-v2,KEEP_POINTER_STUB,,true
docs/tone-v2/forced_activation_six_closure.csv,HISTORICAL,tone-v2,KEEP_MODULE_HISTORICAL_OR_REFERENCE,,false
docs/tone-v2/FRAMEWORK_FREEZE_SUMMARY.md,HISTORICAL,tone-v2,KEEP_MODULE_HISTORICAL_OR_REFERENCE,,true
docs/tone-v2/Freeze_Readiness_Cleanup_Plan.md,SUPERSEDED,tone-v2,KEEP_POINTER_STUB,,true
docs/tone-v2/FW_Port_SSOT_Freeze_and_Phase1_5_Startup_Repair_Report_2026_07_12.md,SUPERSEDED,tone-v2,KEEP_POINTER_STUB,,true
docs/tone-v2/FW_Raw_Left_To_Right_FineSpan_Compatibility_Audit.md,SUPERSEDED,tone-v2,KEEP_POINTER_STUB,,true
docs/tone-v2/FW_Repair_V4_ASR_PostProcessing_MainChain_Acceptance_Audit_2026_07_29.md,SUPERSEDED,tone-v2,KEEP_POINTER_STUB,,true
docs/tone-v2/FW_Repair_V4_ASR_PostProcessing_MainChain_Development_Plan_2026_07_29.md,SUPERSEDED,tone-v2,KEEP_POINTER_STUB,,true
docs/tone-v2/FW_Repair_V4_ASR_PostProcessing_MainChain_Development_Report_2026_07_29.md,SUPERSEDED,tone-v2,KEEP_POINTER_STUB,,true
docs/tone-v2/FW_Repair_V4_ASR_PostProcessing_Tone_Blockers_PreDev_Audit_2026_07_29.md,SUPERSEDED,tone-v2,KEEP_POINTER_STUB,,true
docs/tone-v2/FW_Repair_V4_Atomicity_Batch1_High_Risk_Deletion_Revalidation_2026_08_02.md,SUPERSEDED,tone-v2,KEEP_POINTER_STUB,,true
docs/tone-v2/FW_Repair_V4_Atomicity_Closure_and_Source_Cleanup_Development_Report_2026_08_02.md,SUPERSEDED,tone-v2,KEEP_POINTER_STUB,,true
docs/tone-v2/FW_Repair_V4_Atomicity_Closure_and_Source_Cleanup_Test_Report_2026_08_02.md,SUPERSEDED,tone-v2,KEEP_POINTER_STUB,,true
docs/tone-v2/FW_Repair_V4_Atomicity_Closure_SSOT_Freeze_2026_08_02.md,CURRENT_SSOT,tone-v2,KEEP_CURRENT_IN_PLACE,CURRENT / FROZEN,true
docs/tone-v2/FW_Repair_V4_Atomicity_REJECT_Composite_Batch1_Review_2026_08_02.md,SUPERSEDED,tone-v2,KEEP_POINTER_STUB,,true
docs/tone-v2/FW_Repair_V4_CandidateId_Provenance_Contract_Audit_2026_08_01.md,SUPERSEDED,tone-v2,KEEP_POINTER_STUB,,true
docs/tone-v2/FW_Repair_V4_Candidate_Domain_Tag_Historical_Residue_Audit_2026_07_26.md,SUPERSEDED,tone-v2,KEEP_POINTER_STUB,,true
docs/tone-v2/FW_Repair_V4_Candidate_Generation_Failure_Audit_2026_08_03.md,HISTORICAL,tone-v2,INDEX_OR_ARCHIVE,,false
docs/tone-v2/FW_Repair_V4_Candidate_Provenance_Audit_2026_07_31.md,SUPERSEDED,tone-v2,KEEP_POINTER_STUB,,true
docs/tone-v2/FW_Repair_V4_CoarseSpan_FineSpan_SlidingWindow_Audit_2026_07_25.md,SUPERSEDED,tone-v2,KEEP_POINTER_STUB,,true
docs/tone-v2/FW_Repair_V4_Dialog200_All_Candidate_Sentences_Export_2026_08_01.md,SUPERSEDED,tone-v2,KEEP_POINTER_STUB,,true
docs/tone-v2/FW_Repair_V4_Dialog200_Sentence_Assembly_Evidence_Chain_Audit_2026_08_01.md,SUPERSEDED,tone-v2,KEEP_POINTER_STUB,,true
docs/tone-v2/FW_Repair_V4_Dialog200_Span_Lattice_Sentence_Assembly_Quality_Performance_Acceptance_2026_07_30.md,SUPERSEDED,tone-v2,KEEP_POINTER_STUB,,true
docs/tone-v2/FW_Repair_V4_Domain_Semantic_Atomicity_Reconciliation_Audit_2026_08_02.md,SUPERSEDED,tone-v2,KEEP_POINTER_STUB,,true
docs/tone-v2/FW_Repair_V4_Domain_Single_Value_Residual_Audit_2026_07_31.md,SUPERSEDED,tone-v2,KEEP_POINTER_STUB,,true
docs/tone-v2/FW_Repair_V4_Domain_Vote_Atomicity_Audit_2026_08_02.md,SUPERSEDED,tone-v2,KEEP_POINTER_STUB,,true
docs/tone-v2/FW_Repair_V4_Domain_Vote_Evidence_Chain_Audit_2026_07_31.md,SUPERSEDED,tone-v2,KEEP_POINTER_STUB,,true
docs/tone-v2/FW_Repair_V4_FineSpan_SoftBoundary_SessionDomainPrior_LLMCorrection_Constraint_Addendum_2026_07_22.md,SUPERSEDED,tone-v2,KEEP_POINTER_STUB,,true
docs/tone-v2/FW_Repair_V4_FineSpan_SoftBoundary_SessionDomainPrior_LLMCorrection_Development_Plan_2026_07_22.md,SUPERSEDED,tone-v2,KEEP_POINTER_STUB,,true
docs/tone-v2/FW_Repair_V4_FineSpan_SoftBoundary_SessionDomainPrior_LLMCorrection_Development_Report_2026_07_22.md,SUPERSEDED,tone-v2,KEEP_POINTER_STUB,,true
docs/tone-v2/FW_Repair_V4_FineSpan_SoftBoundary_SessionDomainPrior_LLMCorrection_P5_Blocking_Repair_Development_Report_2026_07_23.md,SUPERSEDED,tone-v2,KEEP_POINTER_STUB,,true
docs/tone-v2/FW_Repair_V4_FineSpan_SoftBoundary_SessionDomainPrior_LLMCorrection_P5_Final_Architecture_Compliance_Audit_2026_07_23.md,SUPERSEDED,tone-v2,KEEP_POINTER_STUB,,true
docs/tone-v2/FW_Repair_V4_FineSpan_SoftBoundary_SessionDomainPrior_LLMCorrection_PreDevelopment_Audit_2026_07_22.md,SUPERSEDED,tone-v2,KEEP_POINTER_STUB,,true
docs/tone-v2/FW_Repair_V4_FineSpan_SoftBoundary_SessionDomainPrior_LLMCorrection_Supplement_2026_07_22.md,SUPERSEDED,tone-v2,KEEP_POINTER_STUB,,true
docs/tone-v2/FW_Repair_V4_Formal_Term_Atomicity_and_Reproducible_Rebuild_Audit_2026_08_02.md,SUPERSEDED,tone-v2,KEEP_POINTER_STUB,,true
docs/tone-v2/FW_Repair_V4_KEEP_AS_EXCEPTION_Runtime_Necessity_Audit_2026_08_02.md,SUPERSEDED,tone-v2,KEEP_POINTER_STUB,,true
docs/tone-v2/FW_Repair_V4_KenLM_A_Class_Upstream_Candidate_Coverage_Audit_2026_08_03.md,HISTORICAL,tone-v2,INDEX_OR_ARCHIVE,,false
docs/tone-v2/FW_Repair_V4_KenLM_Capability_Baseline_Audit_2026_08_03.md,SUPERSEDED,tone-v2,KEEP_POINTER_STUB,,true
docs/tone-v2/FW_Repair_V4_KenLM_Validation_Readiness_Audit_2026_08_02.md,SUPERSEDED,tone-v2,KEEP_POINTER_STUB,,true
docs/tone-v2/FW_Repair_V4_Legacy_Parent_Fragment_Recall_Retirement_Audit_2026_08_01.md,SUPERSEDED,tone-v2,KEEP_POINTER_STUB,,true
docs/tone-v2/FW_Repair_V4_Lexical_Connectivity_Repair_V1_Batch1_0A_Mock_Fixture_Cleanup_Development_Report_2026_07_28.md,SUPERSEDED,tone-v2,KEEP_POINTER_STUB,,true
docs/tone-v2/FW_Repair_V4_Lexical_Connectivity_Repair_V1_Batch1_0A_Mock_Fixture_Cleanup_Test_Report_2026_07_28.md,SUPERSEDED,tone-v2,KEEP_POINTER_STUB,,true
docs/tone-v2/FW_Repair_V4_Lexical_Connectivity_Repair_V1_Batch1_0B_Real_SQLite_Baseline_Development_Report_2026_07_28.md,SUPERSEDED,tone-v2,KEEP_POINTER_STUB,,true
docs/tone-v2/FW_Repair_V4_Lexical_Connectivity_Repair_V1_Batch1_0B_Real_SQLite_Baseline_Test_Report_2026_07_28.md,SUPERSEDED,tone-v2,KEEP_POINTER_STUB,,true
docs/tone-v2/FW_Repair_V4_Lexical_Connectivity_Repair_V1_Batch1_0C_Base_Length1_Runtime_Gate_Alignment_Development_Report_2026_07_28.md,SUPERSEDED,tone-v2,KEEP_POINTER_STUB,,true
docs/tone-v2/FW_Repair_V4_Lexical_Connectivity_Repair_V1_Batch1_0C_Base_Length1_Runtime_Gate_Alignment_Test_Report_2026_07_28.md,SUPERSEDED,tone-v2,KEEP_POINTER_STUB,,true
docs/tone-v2/FW_Repair_V4_Lexical_Connectivity_Repair_V1_Batch1_1A_Truncation_Aware_Uniqueness_Development_Report_2026_07_28.md,SUPERSEDED,tone-v2,KEEP_POINTER_STUB,,true
docs/tone-v2/FW_Repair_V4_Lexical_Connectivity_Repair_V1_Batch1_1A_Truncation_Aware_Uniqueness_Final_Cleanup_Gate_Report_2026_07_28.md,SUPERSEDED,tone-v2,KEEP_POINTER_STUB,,true
docs/tone-v2/FW_Repair_V4_Lexical_Connectivity_Repair_V1_Batch1_1A_Truncation_Aware_Uniqueness_Generalization_Audit_Report_2026_07_28.md,SUPERSEDED,tone-v2,KEEP_POINTER_STUB,,true
docs/tone-v2/FW_Repair_V4_Lexical_Connectivity_Repair_V1_Batch1_1A_Truncation_Aware_Uniqueness_Test_Report_2026_07_28.md,SUPERSEDED,tone-v2,KEEP_POINTER_STUB,,true
docs/tone-v2/FW_Repair_V4_Lexical_Connectivity_Repair_V1_Batch1_1B_Surface_Exact_Reachability_Development_Report_2026_07_28.md,SUPERSEDED,tone-v2,KEEP_POINTER_STUB,,true
docs/tone-v2/FW_Repair_V4_Lexical_Connectivity_Repair_V1_Batch1_1B_Surface_Exact_Reachability_Final_Gate_Report_2026_07_28.md,SUPERSEDED,tone-v2,KEEP_POINTER_STUB,,true
docs/tone-v2/FW_Repair_V4_Lexical_Connectivity_Repair_V1_Batch1_1B_Surface_Exact_Reachability_Functional_Test_Report_2026_07_28.md,SUPERSEDED,tone-v2,KEEP_POINTER_STUB,,true
docs/tone-v2/FW_Repair_V4_Lexical_Connectivity_Repair_V1_Batch1_1B_Surface_Exact_Reachability_Generalization_Audit_Report_2026_07_28.md,SUPERSEDED,tone-v2,KEEP_POINTER_STUB,,true
docs/tone-v2/FW_Repair_V4_Lexical_Connectivity_Repair_V1_Batch1_1B_Surface_Exact_Reachability_Pre_Development_Audit_Report_2026_07_28.md,SUPERSEDED,tone-v2,KEEP_POINTER_STUB,,true
docs/tone-v2/FW_Repair_V4_Lexical_Connectivity_Repair_V1_Batch1_1C_Mandatory_Tone_Recall_Development_Report_2026_07_28.md,SUPERSEDED,tone-v2,KEEP_POINTER_STUB,,true
docs/tone-v2/FW_Repair_V4_Lexical_Connectivity_Repair_V1_Batch1_1C_Mandatory_Tone_Recall_Final_Closure_Audit_2026_07_29.md,SUPERSEDED,tone-v2,KEEP_POINTER_STUB,,true
docs/tone-v2/FW_Repair_V4_Lexical_Connectivity_Repair_V1_Batch1_1C_Mandatory_Tone_Recall_PreDevelopment_Audit_And_Repair_Design_2026_07_28.md,SUPERSEDED,tone-v2,KEEP_POINTER_STUB,,true
docs/tone-v2/FW_Repair_V4_Lexical_Connectivity_Repair_V1_Batch1_1C_Mandatory_Tone_Recall_Test_Report_2026_07_28.md,SUPERSEDED,tone-v2,KEEP_POINTER_STUB,,true
docs/tone-v2/FW_Repair_V4_Lexical_Connectivity_Repair_V1_Batch1_1C_Tone_Unsupported_Fallback_PreDevelopment_Audit_Report_2026_07_28.md,SUPERSEDED,tone-v2,KEEP_POINTER_STUB,,true
docs/tone-v2/FW_Repair_V4_Lexical_Connectivity_Repair_V1_Batch1_1_Ambiguity_Tone_HardBlock_Design_Audit_Report_2026_07_28.md,SUPERSEDED,tone-v2,KEEP_POINTER_STUB,,true
docs/tone-v2/FW_Repair_V4_Lexical_Connectivity_Repair_V1_Batch1_Generalization_And_Batch2_Readiness_Audit_2026_07_28.md,SUPERSEDED,tone-v2,KEEP_POINTER_STUB,,true
docs/tone-v2/FW_Repair_V4_Lexical_Connectivity_Repair_V1_Batch1_Length_1_5_Recall_Chain_Alignment_Development_Report_2026_07_27.md,SUPERSEDED,tone-v2,KEEP_POINTER_STUB,,true
docs/tone-v2/FW_Repair_V4_Lexical_Connectivity_Repair_V1_Batch1_Length_1_5_Recall_Chain_Alignment_Test_Report_2026_07_27.md,SUPERSEDED,tone-v2,KEEP_POINTER_STUB,,true
docs/tone-v2/FW_Repair_V4_Lexical_Connectivity_Repair_V1_Length_1_5_Recall_Chain_Alignment_Pre_Development_Audit_2026_07_27.md,SUPERSEDED,tone-v2,KEEP_POINTER_STUB,,true
docs/tone-v2/FW_Repair_V4_Lexical_Connectivity_Repair_V1_Length_1_5_Recall_Consistency_Audit_2026_07_27.md,SUPERSEDED,tone-v2,KEEP_POINTER_STUB,,true
docs/tone-v2/FW_Repair_V4_Lexical_Connectivity_Repair_V1_Lexicon_Import_Interface_Audit_2026_07_27.md,SUPERSEDED,tone-v2,KEEP_POINTER_STUB,,true
docs/tone-v2/FW_Repair_V4_Lexicon_Pollution_and_Abnormal_Candidate_Origin_Audit_2026_08_01.md,SUPERSEDED,tone-v2,KEEP_POINTER_STUB,,true
docs/tone-v2/FW_Repair_V4_Lexicon_Reproducible_Full_Rebuild_Development_Report_2026_08_02.md,SUPERSEDED,tone-v2,KEEP_POINTER_STUB,,true
docs/tone-v2/FW_Repair_V4_Lexicon_Reproducible_Full_Rebuild_Test_Report_2026_08_02.md,SUPERSEDED,tone-v2,KEEP_POINTER_STUB,,true
docs/tone-v2/FW_Repair_V4_LTR_FineSpan_Performance_Audit_2026_07_25.md,SUPERSEDED,tone-v2,KEEP_POINTER_STUB,,true
docs/tone-v2/FW_Repair_V4_LTR_Full_Replacement_Readiness_Audit_2026_07_29.md,SUPERSEDED,tone-v2,KEEP_POINTER_STUB,,true
docs/tone-v2/FW_Repair_V4_LTR_vs_MultiPath_Lattice_Necessity_Audit_2026_07_29.md,SUPERSEDED,tone-v2,KEEP_POINTER_STUB,,true
docs/tone-v2/FW_Repair_V4_Multi_Path_Lexical_Lattice_Architecture_V1.0.0_FROZEN.md,CURRENT_SSOT,tone-v2,KEEP_CURRENT_IN_PLACE,FROZEN FOR IMPLEMENTATION,false
docs/tone-v2/FW_Repair_V4_Multi_Path_Lexical_Lattice_Pre_Development_Audit_2026_07_26.md,SUPERSEDED,tone-v2,KEEP_POINTER_STUB,,true
docs/tone-v2/FW_Repair_V4_Multi_Path_Lexical_Lattice_V1_Architecture_Document_Freeze_Report_2026_07_26.md,SUPERSEDED,tone-v2,KEEP_POINTER_STUB,,true
docs/tone-v2/FW_Repair_V4_Multi_Path_Lexical_Lattice_V1_Delete_Replace_Matrix_2026_07_26.md,SUPERSEDED,tone-v2,KEEP_POINTER_STUB,,true
docs/tone-v2/FW_Repair_V4_Multi_Path_Lexical_Lattice_V1_Development_Plan_2026_07_26.md,SUPERSEDED,tone-v2,KEEP_POINTER_STUB,,true
docs/tone-v2/FW_Repair_V4_Multi_Path_Lexical_Lattice_V1_Document_Supersession_Index_2026_07_26.md,SUPERSEDED,tone-v2,KEEP_POINTER_STUB,,true
docs/tone-v2/FW_Repair_V4_Multi_Path_Lexical_Lattice_V1_Implementation_Contract_V1.0.0_2026_07_26.md,CURRENT_SSOT,tone-v2,KEEP_CURRENT_IN_PLACE,APPROVED FOR IMPLEMENTATION,false
docs/tone-v2/FW_Repair_V4_Multi_Path_Lexical_Lattice_V1_Interface_Data_Contract_Draft_2026_07_26.md,SUPERSEDED,tone-v2,KEEP_POINTER_STUB,,true
docs/tone-v2/FW_Repair_V4_Multi_Path_Lexical_Lattice_V1_LexicalEdge_Quality_Audit_2026_07_27.md,SUPERSEDED,tone-v2,KEEP_POINTER_STUB,,true
docs/tone-v2/FW_Repair_V4_Multi_Path_Lexical_Lattice_V1_Phase0_5_Baseline_Seal_Report_2026_07_26.md,SUPERSEDED,tone-v2,KEEP_POINTER_STUB,,true
docs/tone-v2/FW_Repair_V4_Multi_Path_Lexical_Lattice_V1_Phase0_Baseline_Report_2026_07_26.md,SUPERSEDED,tone-v2,KEEP_POINTER_STUB,,true
docs/tone-v2/FW_Repair_V4_Multi_Path_Lexical_Lattice_V1_Phase1_Acceptance_Contract_CURRENT_2026_07_27.md,SUPERSEDED,tone-v2,KEEP_POINTER_STUB,,true
docs/tone-v2/FW_Repair_V4_Multi_Path_Lexical_Lattice_V1_Phase1_B1_B2_SSOT_Repair_Development_Report_2026_07_27.md,SUPERSEDED,tone-v2,KEEP_POINTER_STUB,,true
docs/tone-v2/FW_Repair_V4_Multi_Path_Lexical_Lattice_V1_Phase1_B1_B2_SSOT_Repair_Final_Code_Verification_Audit_2026_07_27.md,SUPERSEDED,tone-v2,KEEP_POINTER_STUB,,true
docs/tone-v2/FW_Repair_V4_Multi_Path_Lexical_Lattice_V1_Phase1_B1_Recall_Budget_SSOT_Refactor_PreDevelopment_Audit_2026_07_27.md,SUPERSEDED,tone-v2,KEEP_POINTER_STUB,,true
docs/tone-v2/FW_Repair_V4_Multi_Path_Lexical_Lattice_V1_Phase1_B2_LexicalEdge_Evidence_SSOT_Repair_PreDevelopment_Audit_2026_07_27.md,SUPERSEDED,tone-v2,KEEP_POINTER_STUB,,true
docs/tone-v2/FW_Repair_V4_Multi_Path_Lexical_Lattice_V1_Phase1_Developer_Guide_CURRENT_2026_07_27.md,SUPERSEDED,tone-v2,KEEP_POINTER_STUB,,true
docs/tone-v2/FW_Repair_V4_Multi_Path_Lexical_Lattice_V1_Phase1_Development_PreAudit_2026_07_27.md,SUPERSEDED,tone-v2,KEEP_POINTER_STUB,,true
docs/tone-v2/FW_Repair_V4_Multi_Path_Lexical_Lattice_V1_Phase1_Final_Closure_Report_2026_07_27.md,SUPERSEDED,tone-v2,KEEP_POINTER_STUB,,true
docs/tone-v2/FW_Repair_V4_Multi_Path_Lexical_Lattice_V1_Phase1_ReAcceptance_Audit_2026_07_27.md,SUPERSEDED,tone-v2,KEEP_POINTER_STUB,,true
docs/tone-v2/FW_Repair_V4_Multi_Path_Lexical_Lattice_V1_Phase1_Window_Edge_Acceptance_Audit_2026_07_27.md,SUPERSEDED,tone-v2,KEEP_POINTER_STUB,,true
docs/tone-v2/FW_Repair_V4_Multi_Path_Lexical_Lattice_V1_Phase1_Window_Edge_Development_Report_2026_07_26.md,SUPERSEDED,tone-v2,KEEP_POINTER_STUB,,true
docs/tone-v2/FW_Repair_V4_Multi_Path_Lexical_Lattice_V1_Phase1_Window_Edge_PreDevelopment_Audit_2026_07_26.md,SUPERSEDED,tone-v2,KEEP_POINTER_STUB,,true
docs/tone-v2/FW_Repair_V4_Multi_Path_Lexical_Lattice_V1_Phase2_Code_Verification_Node_Runtime_Audit_2026_07_27.md,SUPERSEDED,tone-v2,KEEP_POINTER_STUB,,true
docs/tone-v2/FW_Repair_V4_Multi_Path_Lexical_Lattice_V1_Phase2_Development_Plan_Supplement_2026_07_27.md,SUPERSEDED,tone-v2,KEEP_POINTER_STUB,,true
docs/tone-v2/FW_Repair_V4_Multi_Path_Lexical_Lattice_V1_Phase2_Development_Report_2026_07_27.md,SUPERSEDED,tone-v2,KEEP_POINTER_STUB,,true
docs/tone-v2/FW_Repair_V4_Multi_Path_Lexical_Lattice_V1_Phase2_PreDevelopment_Audit_2026_07_27.md,SUPERSEDED,tone-v2,KEEP_POINTER_STUB,,true
docs/tone-v2/FW_Repair_V4_Multi_Path_Lexical_Lattice_V1_Residual_Cleanup_Development_Report_2026_07_27.md,SUPERSEDED,tone-v2,KEEP_POINTER_STUB,,true
docs/tone-v2/FW_Repair_V4_Multi_Path_Lexical_Lattice_V1_Residual_Cleanup_PreDevelopment_Audit_2026_07_27.md,SUPERSEDED,tone-v2,KEEP_POINTER_STUB,,true
docs/tone-v2/FW_Repair_V4_Node_Runtime_End_To_End_Execution_Audit_2026_07_30.md,SUPERSEDED,tone-v2,KEEP_POINTER_STUB,,true
docs/tone-v2/FW_Repair_V4_P5_AudioChunk_DomainPrior_Ordering_Contract_Audit_2026_07_23.md,SUPERSEDED,tone-v2,KEEP_POINTER_STUB,,true
docs/tone-v2/FW_Repair_V4_P5_AudioChunk_DomainPrior_Ordering_Repair_Development_Report_2026_07_23.md,SUPERSEDED,tone-v2,KEEP_POINTER_STUB,,true
docs/tone-v2/FW_Repair_V4_P5_AudioChunk_Ordering_Verification_Audit_2026_07_23.md,SUPERSEDED,tone-v2,KEEP_POINTER_STUB,,true
docs/tone-v2/FW_Repair_V4_P5_DomainPriors_TopicShift_Integration_Contract_Production_Reachability_Audit_2026_07_23.md,SUPERSEDED,tone-v2,KEEP_POINTER_STUB,,true
docs/tone-v2/FW_Repair_V4_P5_Node_DomainPrior_MainChain_Live_E2E_Report_2026_07_24.md,SUPERSEDED,tone-v2,KEEP_POINTER_STUB,,true
docs/tone-v2/FW_Repair_V4_P5_Production_AudioChunk_DualTurn_E2E_Continuation_Report_2026_07_24.md,SUPERSEDED,tone-v2,KEEP_POINTER_STUB,,true
docs/tone-v2/FW_Repair_V4_P5_Production_AudioChunk_DualTurn_E2E_Report_2026_07_23.md,SUPERSEDED,tone-v2,KEEP_POINTER_STUB,,true
docs/tone-v2/FW_Repair_V4_Parent_Fragment_Full_Retirement_Pre_Implementation_Audit_2026_08_01.md,SUPERSEDED,tone-v2,KEEP_POINTER_STUB,,true
docs/tone-v2/FW_Repair_V4_Parent_Fragment_Retirement_Phase1_Development_Report_2026_08_01.md,SUPERSEDED,tone-v2,KEEP_POINTER_STUB,,true
docs/tone-v2/FW_Repair_V4_Parent_Fragment_Retirement_Phase1_Test_Report_2026_08_01.md,SUPERSEDED,tone-v2,KEEP_POINTER_STUB,,true
docs/tone-v2/FW_Repair_V4_Parent_Fragment_Retirement_Phase2_3_Development_Report_2026_08_02.md,SUPERSEDED,tone-v2,KEEP_POINTER_STUB,,true
docs/tone-v2/FW_Repair_V4_Parent_Fragment_Retirement_Phase2_3_Test_Report_2026_08_02.md,SUPERSEDED,tone-v2,KEEP_POINTER_STUB,,true
docs/tone-v2/FW_Repair_V4_Phase0_Coordinate_SSOT_Phase1_Utterance_Cache_Development_Report_2026_07_25.md,SUPERSEDED,tone-v2,KEEP_POINTER_STUB,,true
docs/tone-v2/FW_Repair_V4_Phase2_Minimal_SQLite_Consolidation_Prototype_Audit_2026_07_25.md,SUPERSEDED,tone-v2,KEEP_POINTER_STUB,,true
docs/tone-v2/FW_Repair_V4_Pre_KenLM_16_Candidate_Sentence_Pool_Targeted_Acceptance_2026_07_30.md,SUPERSEDED,tone-v2,KEEP_POINTER_STUB,,true
docs/tone-v2/FW_Repair_V4_Pre_KenLM_Candidate_Ownership_Residual_Logic_Audit_2026_07_30.md,SUPERSEDED,tone-v2,KEEP_POINTER_STUB,,true
docs/tone-v2/FW_Repair_V4_Production_Anti_Overfitting_Audit_2026_08_01.md,SUPERSEDED,tone-v2,KEEP_POINTER_STUB,,true
docs/tone-v2/FW_Repair_V4_Recall_DomainVote_SentenceAssembly_Mainchain_Audit_2026_07_29.md,SUPERSEDED,tone-v2,KEEP_POINTER_STUB,,true
docs/tone-v2/FW_Repair_V4_SameDomain_Multi_Candidate_Assembly_Restoration_Development_Report_2026_07_30.md,SUPERSEDED,tone-v2,KEEP_POINTER_STUB,,true
docs/tone-v2/FW_Repair_V4_Sentence_Context_Runtime_Regression_Audit_2026_08_02.md,SUPERSEDED,tone-v2,KEEP_POINTER_STUB,,true
docs/tone-v2/FW_Repair_V4_Step1_PathFineSpan_Contract_Extraction_Development_Report_2026_07_29.md,SUPERSEDED,tone-v2,KEEP_POINTER_STUB,,true
docs/tone-v2/FW_Repair_V4_Step2_Lattice_Production_Entry_Extraction_Development_Report_2026_07_30.md,SUPERSEDED,tone-v2,KEEP_POINTER_STUB,,true
docs/tone-v2/FW_Repair_V4_Step3_Production_Orchestrator_Lattice_Cutover_Development_Report_2026_07_30.md,SUPERSEDED,tone-v2,KEEP_POINTER_STUB,,true
docs/tone-v2/FW_Repair_V4_Step4_CrossPath_Merge_Dedup_GlobalCap_Development_Report_2026_07_30.md,SUPERSEDED,tone-v2,KEEP_POINTER_STUB,,true
docs/tone-v2/FW_Repair_V4_Step5_Lattice_Trace_Diagnostics_Acceptance_Consolidation_Report_2026_07_30.md,SUPERSEDED,tone-v2,KEEP_POINTER_STUB,,true
docs/tone-v2/FW_Repair_V4_Step6_Full_LTR_Removal_Development_Report_2026_07_30.md,SUPERSEDED,tone-v2,KEEP_POINTER_STUB,,true
docs/tone-v2/FW_Repair_V4_Step7_Final_Lattice_Freeze_and_Full_Acceptance_Report_2026_07_30.md,SUPERSEDED,tone-v2,KEEP_POINTER_STUB,,true
docs/tone-v2/FW_Repair_V4_ToneEvidence_Contract_Architecture_Audit_2026_07_29.md,SUPERSEDED,tone-v2,KEEP_POINTER_STUB,,true
docs/tone-v2/FW_Repair_V4_ToneEvidence_Mapping_Final_Freeze_Report_2026_07_29.md,CURRENT_SSOT,tone-v2,KEEP_CURRENT_IN_PLACE,: FROZEN,true
docs/tone-v2/FW_Repair_V4_ToneEvidence_SSOT_FailureAttribution_Development_Report_2026_07_29.md,SUPERSEDED,tone-v2,KEEP_POINTER_STUB,,true
docs/tone-v2/FW_Repair_V4_ToneParticipation_RootCause_SpanSlidingWindow_Audit_2026_07_29.md,SUPERSEDED,tone-v2,KEEP_POINTER_STUB,,true
docs/tone-v2/FW_Repair_V4_Tone_Full_Chain_Node_Runtime_Root_Cause_Audit_And_Test_Report_2026_07_29.md,SUPERSEDED,tone-v2,KEEP_POINTER_STUB,,true
docs/tone-v2/FW_Repair_V4_Tone_Runtime_Source_SSOT_Reconstruction_PreDev_Audit_2026_07_29.md,SUPERSEDED,tone-v2,KEEP_POINTER_STUB,,true
docs/tone-v2/FW_Repair_V4_Unified_Atomicity_Gate_Development_Report_2026_08_02.md,SUPERSEDED,tone-v2,KEEP_POINTER_STUB,,true
docs/tone-v2/FW_Repair_V4_Unified_Atomicity_Gate_Test_Report_2026_08_02.md,SUPERSEDED,tone-v2,KEEP_POINTER_STUB,,true
docs/tone-v2/FW_Repair_V4_Utterance_Recall_Cache_Local_SQLite_Batch_Development_Plan_2026_07_25.md,SUPERSEDED,tone-v2,KEEP_POINTER_STUB,,true
docs/tone-v2/FW_Repair_V4_WordTimeSpan_ToneSlice_MinimalOverlapContract_Audit_2026_07_29.md,SUPERSEDED,tone-v2,KEEP_POINTER_STUB,,true
docs/tone-v2/FW_V4_Documentation_Consolidation_Report_2026_08_03.md,SUPERSEDED,tone-v2,KEEP_POINTER_STUB,,true
docs/tone-v2/FW_V4_FREEZE_2026_08_03_Code_and_Documentation_Freeze_Report.md,SUPERSEDED,tone-v2,KEEP_POINTER_STUB,,true
docs/tone-v2/FW_Worker_Readiness_Queue_Recovery_Repair_Report_2026_06_29.md,SUPERSEDED,tone-v2,KEEP_POINTER_STUB,,true
docs/tone-v2/fw_worker_utterance_503_readiness_audit_2026_06_29.json,HISTORICAL,tone-v2,INDEX_OR_ARCHIVE,,false
docs/tone-v2/FW_Worker_Utterance_503_Readiness_Audit_2026_06_29.md,SUPERSEDED,tone-v2,KEEP_POINTER_STUB,,true
docs/tone-v2/keep_exception_runtime_necessity.csv,HISTORICAL,tone-v2,KEEP_MODULE_HISTORICAL_OR_REFERENCE,,false
docs/tone-v2/kenlm_validation_case_inventory.csv,HISTORICAL,tone-v2,KEEP_MODULE_HISTORICAL_OR_REFERENCE,,false
docs/tone-v2/kenlm_validation_case_inventory_resolved.csv,HISTORICAL,tone-v2,KEEP_MODULE_HISTORICAL_OR_REFERENCE,,false
docs/tone-v2/Legacy_Domain_Logic_Removal_and_Real_Dialogue_Multi_Bucket_Acceptance_Report.md,SUPERSEDED,tone-v2,KEEP_POINTER_STUB,,true
docs/tone-v2/Lexicon_Classification_Standard_Audit_V2.md,SUPERSEDED,tone-v2,KEEP_POINTER_STUB,,true
docs/tone-v2/Lexicon_Cleanup_Phase1_Development_Report.md,SUPERSEDED,tone-v2,KEEP_POINTER_STUB,,true
docs/tone-v2/Lexicon_Cleanup_Phase1_Validation_Report.md,SUPERSEDED,tone-v2,KEEP_POINTER_STUB,,true
docs/tone-v2/Lexicon_Cleanup_Phase2_Audit.md,SUPERSEDED,tone-v2,KEEP_POINTER_STUB,,true
docs/tone-v2/Lexicon_Domain_Contract_Freeze_V1.md,CURRENT_SSOT,tone-v2,KEEP_CURRENT_IN_PLACE,,false
docs/tone-v2/Lexicon_Domain_Evidence_Full_Audit.md,SUPERSEDED,tone-v2,KEEP_POINTER_STUB,,true
docs/tone-v2/lexicon_domain_evidence_patch_plan.json,HISTORICAL,tone-v2,KEEP_MODULE_HISTORICAL_OR_REFERENCE,,false
docs/tone-v2/Lexicon_Domain_Hierarchy_Acceptance_Report.md,SUPERSEDED,tone-v2,KEEP_POINTER_STUB,,true
docs/tone-v2/Lexicon_Domain_Hierarchy_Completion_Report.md,SUPERSEDED,tone-v2,KEEP_POINTER_STUB,,true
docs/tone-v2/Lexicon_Domain_Hierarchy_PreRepair_Audit.md,SUPERSEDED,tone-v2,KEEP_POINTER_STUB,,true
docs/tone-v2/Lexicon_Full_Export_Report.md,SUPERSEDED,tone-v2,KEEP_POINTER_STUB,,true
docs/tone-v2/Lexicon_Full_Rebuild_Acceptance_Report.md,SUPERSEDED,tone-v2,KEEP_POINTER_STUB,,true
docs/tone-v2/Lexicon_Full_Rebuild_Report.md,SUPERSEDED,tone-v2,KEEP_POINTER_STUB,,true
docs/tone-v2/Lexicon_Maintenance_Checklist_V1.md,SUPERSEDED,tone-v2,KEEP_POINTER_STUB,,true
docs/tone-v2/Lexicon_Operation_Guide_V1.md,SUPERSEDED,tone-v2,KEEP_POINTER_STUB,,true
docs/tone-v2/Lexicon_Rebuild_PreImport_Audit.md,SUPERSEDED,tone-v2,KEEP_POINTER_STUB,,true
docs/tone-v2/Lingua_ASR_End_to_End_Recognition_Quality_Validation_Report_2026_07_14.md,SUPERSEDED,tone-v2,KEEP_POINTER_STUB,,true
docs/tone-v2/Lingua_ASR_Repair_Success_Funnel_Audit_2026_07_14.md,SUPERSEDED,tone-v2,KEEP_POINTER_STUB,,true
docs/tone-v2/Lingua_Conservative_Span_Evidence_Expansion_and_KenLM_Responsibility_Freeze_Development_Report.md,SUPERSEDED,tone-v2,KEEP_POINTER_STUB,,true
docs/tone-v2/Lingua_Domain_Recall_Scope_Wiring_and_Domain_Vote_SSOT_Restoration_Development_Report.md,SUPERSEDED,tone-v2,KEEP_POINTER_STUB,,true
docs/tone-v2/Lingua_Domain_Vote_Accuracy_and_SameDomain_Completeness_Revalidation_2026_07_17.md,SUPERSEDED,tone-v2,KEEP_POINTER_STUB,,true
docs/tone-v2/Lingua_Domain_Vote_Correctness_and_SameDomain_Bucket_Formation_Audit_2026_07_16.md,SUPERSEDED,tone-v2,KEEP_POINTER_STUB,,true
docs/tone-v2/Lingua_Fine_Domain_Recall_and_Generated_Sentence_Quality_Acceptance_2026_07_15.md,SUPERSEDED,tone-v2,KEEP_POINTER_STUB,,true
docs/tone-v2/Lingua_Lexicon_Base_Domain_Classification_Audit_2026_07_18.md,SUPERSEDED,tone-v2,KEEP_POINTER_STUB,,true
docs/tone-v2/Lingua_Lexicon_Domain_Contract_Readonly_Audit_2026_07_18.md,SUPERSEDED,tone-v2,KEEP_POINTER_STUB,,true
docs/tone-v2/Lingua_Metrics_Layer_SSOT_Alignment_Development_Report_2026_07_14.md,SUPERSEDED,tone-v2,KEEP_POINTER_STUB,,true
docs/tone-v2/Lingua_Metrics_Layer_SSOT_Alignment_Supplement_2026_07_14.md,SUPERSEDED,tone-v2,KEEP_POINTER_STUB,,true
docs/tone-v2/Lingua_Metrics_Layer_SSOT_Constraint_Addendum.md,SUPERSEDED,tone-v2,KEEP_POINTER_STUB,,true
docs/tone-v2/Lingua_Metrics_Layer_SSOT_Mapping.md,SUPERSEDED,tone-v2,KEEP_POINTER_STUB,,true
docs/tone-v2/Lingua_Recall_and_Sentence_Candidate_Budget_Expansion_Experiment_2026_07_15.md,SUPERSEDED,tone-v2,KEEP_POINTER_STUB,,true
docs/tone-v2/Lingua_Recall_Lookup_Funnel_Audit_2026_07_14.md,SUPERSEDED,tone-v2,KEEP_POINTER_STUB,,true
docs/tone-v2/Lingua_Repair_Diagnostics_SSOT_Metrics_Audit_2026_07_14.md,SUPERSEDED,tone-v2,KEEP_POINTER_STUB,,true
docs/tone-v2/Lingua_Repair_Framework_Final_Freeze_Verification.md,SUPERSEDED,tone-v2,KEEP_POINTER_STUB,,true
docs/tone-v2/Lingua_Runtime_Evolution_Rule.md,CURRENT_SSOT,tone-v2,KEEP_CURRENT_IN_PLACE,,false
docs/tone-v2/Lingua_Runtime_Trace_Evidence_Audit_and_Revalidation_2026_07_15.md,SUPERSEDED,tone-v2,KEEP_POINTER_STUB,,true
docs/tone-v2/Lingua_Sentence_Assembly_Domain_Base_Mixing_Logic_Audit_2026_07_16.md,SUPERSEDED,tone-v2,KEEP_POINTER_STUB,,true
docs/tone-v2/Lingua_Sentence_Assembly_Implementation_Conformance_Audit_2026_07_14.md,SUPERSEDED,tone-v2,KEEP_POINTER_STUB,,true
docs/tone-v2/Multi_Domain_Candidate_Contract_Audit.md,SUPERSEDED,tone-v2,KEEP_POINTER_STUB,,true
docs/tone-v2/Multi_Domain_Candidate_Contract_Development_Report.md,SUPERSEDED,tone-v2,KEEP_POINTER_STUB,,true
docs/tone-v2/Multi_Domain_Runtime_Deviation_Rollback_SSOT_Audit.md,SUPERSEDED,tone-v2,KEEP_POINTER_STUB,,true
docs/tone-v2/Multi_Domain_Vote_Semantics_Audit.md,SUPERSEDED,tone-v2,KEEP_POINTER_STUB,,true
docs/tone-v2/phase0_phase1_utterance_cache_probe.json,HISTORICAL,tone-v2,KEEP_MODULE_HISTORICAL_OR_REFERENCE,,false
docs/tone-v2/phase2_minimal_sqlite_consolidation_probe.json,HISTORICAL,tone-v2,KEEP_MODULE_HISTORICAL_OR_REFERENCE,,false
docs/tone-v2/README.md,SUPERSEDED,tone-v2,KEEP_POINTER_STUB,,true
docs/tone-v2/reject_composite_batch1_review.csv,HISTORICAL,tone-v2,KEEP_MODULE_HISTORICAL_OR_REFERENCE,,false
docs/tone-v2/review_contract_violations.csv,HISTORICAL,tone-v2,KEEP_MODULE_HISTORICAL_OR_REFERENCE,,false
docs/tone-v2/Rollback_Plan.md,SUPERSEDED,tone-v2,KEEP_POINTER_STUB,,true
docs/tone-v2/Runtime_dialog_200_ASR_PostProcessing_Effect_Audit_Report.md,SUPERSEDED,tone-v2,KEEP_POINTER_STUB,,true
docs/tone-v2/Runtime_dialog_200_GT_First_Loss_PhaseA_CallGraph.md,SUPERSEDED,tone-v2,KEEP_POINTER_STUB,,true
docs/tone-v2/Runtime_dialog_200_GT_First_Loss_Provenance_Audit_Report.md,SUPERSEDED,tone-v2,KEEP_POINTER_STUB,,true
docs/tone-v2/Runtime_Domain_Documentation_Compliance_Audit.md,SUPERSEDED,tone-v2,KEEP_POINTER_STUB,,true
docs/tone-v2/Runtime_Domain_Documentation_Repair_and_Final_Freeze_Report.md,SUPERSEDED,tone-v2,KEEP_POINTER_STUB,,true
docs/tone-v2/RUNTIME_DOMAIN_DOCUMENT_INDEX.md,CURRENT_SSOT,tone-v2,KEEP_CURRENT_IN_PLACE,CURRENT / FROZEN,true
docs/tone-v2/Runtime_Domain_Minimal_Repair_Real_KenLM_Acceptance_and_Final_Freeze_Report.md,SUPERSEDED,tone-v2,KEEP_POINTER_STUB,,true
docs/tone-v2/Runtime_Domain_Presence_Vote_End_to_End_Completeness_Audit.md,SUPERSEDED,tone-v2,KEEP_POINTER_STUB,,true
docs/tone-v2/Runtime_Domain_Presence_Vote_Final_Acceptance_Report.md,SUPERSEDED,tone-v2,KEEP_POINTER_STUB,,true
docs/tone-v2/Runtime_Domain_Presence_Vote_Freeze_and_Compatibility_Chain_Audit_Report.md,SUPERSEDED,tone-v2,KEEP_POINTER_STUB,,true
docs/tone-v2/Runtime_SSOT_Contract_Freeze.md,CURRENT_SSOT,tone-v2,KEEP_CURRENT_IN_PLACE,FROZEN,false
docs/tone-v2/Runtime_SSOT_Freeze_Readiness_Development_Report.md,SUPERSEDED,tone-v2,KEEP_POINTER_STUB,,true
docs/tone-v2/Runtime_SSOT_Recovery_Baseline_Audit.md,SUPERSEDED,tone-v2,KEEP_POINTER_STUB,,true
docs/tone-v2/Runtime_SSOT_Recovery_Report.md,SUPERSEDED,tone-v2,KEEP_POINTER_STUB,,true
docs/tone-v2/sentence_runtime_regression.csv,HISTORICAL,tone-v2,KEEP_MODULE_HISTORICAL_OR_REFERENCE,,false
docs/tone-v2/Tone Model V2 Production Architecture（冻结方案）.md,SUPERSEDED,tone-v2,KEEP_POINTER_STUB,,true
docs/tone-v2/Tone V2 P8-C Feature V2 Foundation Development Specification.md,SUPERSEDED,tone-v2,KEEP_POINTER_STUB,,true
docs/tone-v2/Tone V2 P8-C — Feature Contract Specification.md,SUPERSEDED,tone-v2,KEEP_POINTER_STUB,,true
docs/tone-v2/Tone V2 P8-C — Feature V2 Foundation Implementation Addendum.md,SUPERSEDED,tone-v2,KEEP_POINTER_STUB,,true
docs/tone-v2/Tone V2 Phase 1 Development Plan Supplement.md,SUPERSEDED,tone-v2,KEEP_POINTER_STUB,,true
docs/tone-v2/Tone V2 Phase 1 Supplement — Final Contract Addendum.md,SUPERSEDED,tone-v2,KEEP_POINTER_STUB,,true
docs/tone-v2/Tone V2 Phase 1 — Contract Freeze & Loader Foundation Development Plan.md,SUPERSEDED,tone-v2,KEEP_POINTER_STUB,,true
docs/tone-v2/Tone V2 Phase 2 Restart Supplement Addendum.md,SUPERSEDED,tone-v2,KEEP_POINTER_STUB,,true
docs/tone-v2/Tone V2 Phase 2 Restart Supplement — Single Service Single Model.md,SUPERSEDED,tone-v2,KEEP_POINTER_STUB,,true
docs/tone-v2/Tone V2 Phase 3 Development Plan — Supplement Addendum.md,SUPERSEDED,tone-v2,KEEP_POINTER_STUB,,true
docs/tone-v2/Tone V2 Phase 3 — Model Capability Development Plan.md,SUPERSEDED,tone-v2,KEEP_POINTER_STUB,,true
docs/tone-v2/Tone V2 Phase 3 — Supplement Addendum II.md,SUPERSEDED,tone-v2,KEEP_POINTER_STUB,,true
docs/tone-v2/Tone_Model_V2_Candidate_Business_Validation_Report_2026_07_12.md,SUPERSEDED,tone-v2,KEEP_POINTER_STUB,,true
docs/tone-v2/Tone_Model_V2_CNN_Freeze.md,SUPERSEDED,tone-v2,KEEP_POINTER_STUB,,true
docs/tone-v2/Tone_Model_V2_Production_CNN_Development_Report.md,SUPERSEDED,tone-v2,KEEP_POINTER_STUB,,true
docs/tone-v2/Tone_Model_V3_CRNN_Full_Production_Training_Report_2026_07_13.md,SUPERSEDED,tone-v2,KEEP_POINTER_STUB,,true
docs/tone-v2/Tone_Model_V3_CRNN_Pilot_Training_and_CPU_NumPy_Inference_Report_2026_07_13.md,SUPERSEDED,tone-v2,KEEP_POINTER_STUB,,true
docs/tone-v2/Tone_Model_V3_NumPy_CRNN_Performance_Profiling_Report_2026_07_13.md,SUPERSEDED,tone-v2,KEEP_POINTER_STUB,,true
docs/tone-v2/Tone_Model_V3_Recognition_Ceiling_Audit_2026_07_13.md,SUPERSEDED,tone-v2,KEEP_POINTER_STUB,,true
docs/tone-v2/Tone_OpenSource_Model_Investigation_Report.md,SUPERSEDED,tone-v2,KEEP_POINTER_STUB,,true
docs/tone-v2/Tone_Project_Final_Freeze_and_SSOT_Acceptance_2026_07_13.md,SUPERSEDED,tone-v2,KEEP_POINTER_STUB,,true
docs/tone-v2/TONE_V2_CONTRACT_FREEZE.md,CURRENT_SSOT,tone-v2,KEEP_CURRENT_IN_PLACE,,false
docs/tone-v2/Tone_V2_Contract_Freeze_Pre_Audit_2026_06_29.md,SUPERSEDED,tone-v2,KEEP_POINTER_STUB,,true
docs/tone-v2/TONE_V2_DATASET_FOUNDATION_FREEZE.md,SUPERSEDED,tone-v2,KEEP_POINTER_STUB,,true
docs/tone-v2/Tone_V2_Dialog200_Feasibility_Audit_2026_06_28.md,SUPERSEDED,tone-v2,KEEP_POINTER_STUB,,true
docs/tone-v2/TONE_V2_DOCUMENTATION_STYLE_GUIDE.md,SUPERSEDED,tone-v2,KEEP_POINTER_STUB,,true
docs/tone-v2/Tone_V2_Mean_Mel_Feature_Baseline_Root_Cause_Audit_Report.md,SUPERSEDED,tone-v2,KEEP_POINTER_STUB,,true
docs/tone-v2/Tone_V2_Model_Architecture_Origin_and_Production_Target_Audit_2026_07_12.md,SUPERSEDED,tone-v2,KEEP_POINTER_STUB,,true
docs/tone-v2/Tone_V2_Model_Capability_PreDev_Code_Audit_2026_06_29.md,SUPERSEDED,tone-v2,KEEP_POINTER_STUB,,true
docs/tone-v2/Tone_V2_Model_Optimization_Readiness_Audit_2026_07_12.md,SUPERSEDED,tone-v2,KEEP_POINTER_STUB,,true
docs/tone-v2/Tone_V2_P10_Artifact_Provenance_Training_Freeze_Audit_2026_07_11.md,SUPERSEDED,tone-v2,KEEP_POINTER_STUB,,true
docs/tone-v2/Tone_V2_P10_Feature_Contract_SSOT_Runtime_Readiness_Audit_2026_07_11.md,SUPERSEDED,tone-v2,KEEP_POINTER_STUB,,true
docs/tone-v2/Tone_V2_P10_Node_Entry_Full_E2E_Runtime_Audio_Test_Report_2026_07_11.md,SUPERSEDED,tone-v2,KEEP_POINTER_STUB,,true
docs/tone-v2/Tone_V2_P10_Raw_WAV_vs_Node_Runtime_Audio_Impact_Audit_2026_07_11.md,SUPERSEDED,tone-v2,KEEP_POINTER_STUB,,true
docs/tone-v2/Tone_V2_P10_Runtime_Business_Effect_Acceptance_Report_2026_07_11.md,SUPERSEDED,tone-v2,KEEP_POINTER_STUB,,true
docs/tone-v2/Tone_V2_P10_Runtime_Direct_Replacement_Development_Report_2026_07_11.md,SUPERSEDED,tone-v2,KEEP_POINTER_STUB,,true
docs/tone-v2/Tone_V2_P10_Runtime_V2_Direct_Replacement_PreDev_Audit_Report.md,SUPERSEDED,tone-v2,KEEP_POINTER_STUB,,true
docs/tone-v2/Tone_V2_P4_Node_E2E_Test_Report.md,SUPERSEDED,tone-v2,KEEP_POINTER_STUB,,true
docs/tone-v2/Tone_V2_P4_Offline_Quality_Evaluation_Report.md,SUPERSEDED,tone-v2,KEEP_POINTER_STUB,,true
docs/tone-v2/Tone_V2_P4_Pretrain_Readiness_Report.md,SUPERSEDED,tone-v2,KEEP_POINTER_STUB,,true
docs/tone-v2/Tone_V2_P4_tone_cnn_p1_Model_Freeze_Audit_Report.md,SUPERSEDED,tone-v2,KEEP_POINTER_STUB,,true
docs/tone-v2/Tone_V2_P4_Training_Report.md,SUPERSEDED,tone-v2,KEEP_POINTER_STUB,,true
docs/tone-v2/Tone_V2_P8_0_Training_Runtime_Timestamp_Consistency_Audit_Report.md,SUPERSEDED,tone-v2,KEEP_POINTER_STUB,,true
docs/tone-v2/Tone_V2_P8_A_Runtime_Timestamp_Contract_SSOT_Audit_Report.md,SUPERSEDED,tone-v2,KEEP_POINTER_STUB,,true
docs/tone-v2/Tone_V2_P8_B_Feature_V2_Contract_Foundation_PreDev_Audit_Report.md,SUPERSEDED,tone-v2,KEEP_POINTER_STUB,,true
docs/tone-v2/Tone_V2_P8_C_Feature_V2_Foundation_Development_Report.md,SUPERSEDED,tone-v2,KEEP_POINTER_STUB,,true
docs/tone-v2/Tone_V2_P8_C_Feature_V2_Foundation_Freeze_Audit_Report.md,SUPERSEDED,tone-v2,KEEP_POINTER_STUB,,true
docs/tone-v2/Tone_V2_P8_C_Feature_V2_Foundation_Specification_Supplement_Audit_Report.md,SUPERSEDED,tone-v2,KEEP_POINTER_STUB,,true
docs/tone-v2/Tone_V2_P8_C_Implementation_Addendum_Supplement_Audit_Report.md,SUPERSEDED,tone-v2,KEEP_POINTER_STUB,,true
docs/tone-v2/Tone_V2_P8_C_Scope_Drift_Audit_Report.md,SUPERSEDED,tone-v2,KEEP_POINTER_STUB,,true
docs/tone-v2/Tone_V2_P8_D_V2_Training_Path_Acceptance_Report.md,SUPERSEDED,tone-v2,KEEP_POINTER_STUB,,true
docs/tone-v2/Tone_V2_P8_FeatureV2_Syllable_Duration_Frame_Length_Audit_Report.md,SUPERSEDED,tone-v2,KEEP_POINTER_STUB,,true
docs/tone-v2/Tone_V2_P9_A_FW_WordInfo_V2_CNN_Training_Foundation_Development_Report.md,SUPERSEDED,tone-v2,KEEP_POINTER_STUB,,true
docs/tone-v2/Tone_V2_P9_B_FW_WordInfo_V2_CNN_1k_Pilot_Training_Report.md,SUPERSEDED,tone-v2,KEEP_POINTER_STUB,,true
docs/tone-v2/Tone_V2_P9_C1_Internal_GPU_Training_Foundation_PreDev_Audit_Report.md,SUPERSEDED,tone-v2,KEEP_POINTER_STUB,,true
docs/tone-v2/Tone_V2_P9_C2_Feature_Generation_Acceleration_Development_Report.md,SUPERSEDED,tone-v2,KEEP_POINTER_STUB,,true
docs/tone-v2/Tone_V2_P9_C3_Full_Feature_Cache_GPU_CNN_Training_Report.md,SUPERSEDED,tone-v2,KEEP_POINTER_STUB,,true
docs/tone-v2/Tone_V2_P9_C_GPU_Feature_Extraction_Training_PreDev_Audit_Report.md,SUPERSEDED,tone-v2,KEEP_POINTER_STUB,,true
docs/tone-v2/Tone_V2_P9_V2_CNN_CRNN_Training_PreDev_Audit_Report.md,SUPERSEDED,tone-v2,KEEP_POINTER_STUB,,true
docs/tone-v2/Tone_V2_Phase1_5_E2E_Test_Environment_Incident_Report_2026_07_12.md,SUPERSEDED,tone-v2,KEEP_POINTER_STUB,,true
docs/tone-v2/Tone_V2_Phase1_5_Production_Baseline_Business_Validation_Report_2026_07_12.md,SUPERSEDED,tone-v2,KEEP_POINTER_STUB,,true
docs/tone-v2/Tone_V2_Phase1_Development_Plan_Supplement_Audit_2026_06_29.md,SUPERSEDED,tone-v2,KEEP_POINTER_STUB,,true
docs/tone-v2/Tone_V2_Phase1_Development_Report_2026_06_29.md,SUPERSEDED,tone-v2,KEEP_POINTER_STUB,,true
docs/tone-v2/Tone_V2_Phase1_Final_Addendum_PreDevelopment_Audit_2026_06_29.md,SUPERSEDED,tone-v2,KEEP_POINTER_STUB,,true
docs/tone-v2/Tone_V2_Phase1_Freeze_Report.md,SUPERSEDED,tone-v2,KEEP_POINTER_STUB,,true
docs/tone-v2/Tone_V2_Phase1_Node_E2E_Runtime_Recovery_Report.md,SUPERSEDED,tone-v2,KEEP_POINTER_STUB,,true
docs/tone-v2/Tone_V2_Phase1_Production_Baseline_Recovery_Training_Report_2026_07_12.md,SUPERSEDED,tone-v2,KEEP_POINTER_STUB,,true
docs/tone-v2/Tone_V2_Phase1_Runtime_Test_Report_2026_06_29.md,SUPERSEDED,tone-v2,KEEP_POINTER_STUB,,true
docs/tone-v2/Tone_V2_Phase1_Supplement_Document_Audit_2026_06_29.md,SUPERSEDED,tone-v2,KEEP_POINTER_STUB,,true
docs/tone-v2/Tone_V2_Phase2_Deployment_Runbook.md,SUPERSEDED,tone-v2,KEEP_POINTER_STUB,,true
docs/tone-v2/Tone_V2_Phase2_Development_Report.md,SUPERSEDED,tone-v2,KEEP_POINTER_STUB,,true
docs/tone-v2/Tone_V2_Phase2_Foundation_Documentation_Update_Report_2026_06_29.md,SUPERSEDED,tone-v2,KEEP_POINTER_STUB,,true
docs/tone-v2/Tone_V2_Phase2_Foundation_Freeze_Audit_Report_2026_06_29.md,SUPERSEDED,tone-v2,KEEP_POINTER_STUB,,true
docs/tone-v2/Tone_V2_Phase2_Node_E2E_Test_Report.md,SUPERSEDED,tone-v2,KEEP_POINTER_STUB,,true
docs/tone-v2/Tone_V2_Phase3_Development_Plan_Supplement_Addendum_Audit_2026_06_29.md,SUPERSEDED,tone-v2,KEEP_POINTER_STUB,,true
docs/tone-v2/Tone_V2_Phase3_Development_Report_2026_06_23.md,SUPERSEDED,tone-v2,KEEP_POINTER_STUB,,true
docs/tone-v2/Tone_V2_Phase3_Model_Capability_Development_Plan_Supplement_Audit_2026_06_29.md,SUPERSEDED,tone-v2,KEEP_POINTER_STUB,,true
docs/tone-v2/Tone_V2_Phase3_Model_Capability_Foundation_Freeze_Audit_Report_2026_06_29.md,SUPERSEDED,tone-v2,KEEP_POINTER_STUB,,true
docs/tone-v2/Tone_V2_Phase3_Node_E2E_Test_Report_2026_06_29.md,SUPERSEDED,tone-v2,KEEP_POINTER_STUB,,true
docs/tone-v2/Tone_V2_Phase6A_Model_Iteration_Platform_Cleanup_Development_Report.md,SUPERSEDED,tone-v2,KEEP_POINTER_STUB,,true
docs/tone-v2/Tone_V2_Phase6A_Model_Iteration_Platform_Cleanup_PreDev_Audit_Report.md,SUPERSEDED,tone-v2,KEEP_POINTER_STUB,,true
docs/tone-v2/Tone_V2_Phase6B_tone_cnn_p2_Mainline_Replacement_Report.md,SUPERSEDED,tone-v2,KEEP_POINTER_STUB,,true
docs/tone-v2/Tone_V2_Phase6C_Training_Data_Expansion_PreDev_Audit_Report.md,SUPERSEDED,tone-v2,KEEP_POINTER_STUB,,true
docs/tone-v2/Tone_V2_Phase6D_Dataset_Pipeline_Foundation_Development_Report.md,SUPERSEDED,tone-v2,KEEP_POINTER_STUB,,true
docs/tone-v2/Tone_V2_Phase6D_Dataset_Pipeline_Foundation_PreDev_Audit_Report.md,SUPERSEDED,tone-v2,KEEP_POINTER_STUB,,true
docs/tone-v2/Tone_V2_Phase6E_AISHELL3_Dataset_Adapter_Development_Report.md,SUPERSEDED,tone-v2,KEEP_POINTER_STUB,,true
docs/tone-v2/Tone_V2_Phase6E_AISHELL3_Dataset_Adapter_PreDev_Audit_Report.md,SUPERSEDED,tone-v2,KEEP_POINTER_STUB,,true
docs/tone-v2/Tone_V2_Phase6E_AISHELL3_Dataset_Adapter_Runbook.md,SUPERSEDED,tone-v2,KEEP_POINTER_STUB,,true
docs/tone-v2/Tone_V2_Phase6E_Documentation_Alignment_Report.md,SUPERSEDED,tone-v2,KEEP_POINTER_STUB,,true
docs/tone-v2/Tone_V2_Phase6_Model_Improvement_PreDev_Code_Audit_Report.md,SUPERSEDED,tone-v2,KEEP_POINTER_STUB,,true
docs/tone-v2/Tone_V2_Phase7A_AISHELL3_Full_Dataset_Acceptance_Report.md,SUPERSEDED,tone-v2,KEEP_POINTER_STUB,,true
docs/tone-v2/Tone_V2_Phase7A_Dataset_Foundation_Freeze_Report.md,SUPERSEDED,tone-v2,KEEP_POINTER_STUB,,true
docs/tone-v2/Tone_V2_Phase7B1_Training_IO_Engineering_Development_Plan.md,SUPERSEDED,tone-v2,KEEP_POINTER_STUB,,true
docs/tone-v2/Tone_V2_Phase7B1_Training_IO_Engineering_Development_Report.md,SUPERSEDED,tone-v2,KEEP_POINTER_STUB,,true
docs/tone-v2/Tone_V2_Phase7B2_Canonical_Feature_Shard_Acceptance_Report.md,SUPERSEDED,tone-v2,KEEP_POINTER_STUB,,true
docs/tone-v2/Tone_V2_Phase7B_Training_Engineering_Freeze_Report.md,SUPERSEDED,tone-v2,KEEP_POINTER_STUB,,true
docs/tone-v2/Tone_V2_Phase7B_Training_Engineering_PreDev_Audit_Report.md,SUPERSEDED,tone-v2,KEEP_POINTER_STUB,,true
docs/tone-v2/Tone_V2_Phase7C_tone_cnn_p3_50Epoch_Training_Report.md,SUPERSEDED,tone-v2,KEEP_POINTER_STUB,,true
docs/tone-v2/Tone_V2_Phase7D_Model_Quality_PreDev_Audit_Report.md,SUPERSEDED,tone-v2,KEEP_POINTER_STUB,,true
docs/tone-v2/Tone_V2_Phase7_PreDev_Audit_Report.md,SUPERSEDED,tone-v2,KEEP_POINTER_STUB,,true
docs/tone-v2/Tone_V2_Pre_Phase1_Runtime_Verification_Report_2026_06_28.md,SUPERSEDED,tone-v2,KEEP_POINTER_STUB,,true
docs/tone-v2/Tone_V2_Pre_Rebuild_Cleanup_Report_2026_06_28.md,SUPERSEDED,tone-v2,KEEP_POINTER_STUB,,true
docs/tone-v2/Tone_V2_Production_Training_Readiness_Audit_2026_07_12.md,SUPERSEDED,tone-v2,KEEP_POINTER_STUB,,true
docs/tone-v2/TONE_V2_TERMINOLOGY.md,SUPERSEDED,tone-v2,KEEP_POINTER_STUB,,true
docs/tone-v2/Tone_V2_Terminology_Freeze_Report.md,SUPERSEDED,tone-v2,KEEP_POINTER_STUB,,true
docs/tone-v2/TONE_V2_TRAINING_ENGINEERING_FREEZE.md,SUPERSEDED,tone-v2,KEEP_POINTER_STUB,,true
docs/tone-v2/TONE_V2_TRAINING_ENGINEERING_GUIDE.md,SUPERSEDED,tone-v2,KEEP_POINTER_STUB,,true
docs/tone-v2/Tone_V2_Zero_Baseline_Rebuild_Readiness_Audit_2026_06_23.md,SUPERSEDED,tone-v2,KEEP_POINTER_STUB,,true
docs/tone-v2/utterance_recall_cache_batch_design_probe.json,HISTORICAL,tone-v2,KEEP_MODULE_HISTORICAL_OR_REFERENCE,,false
docs/tone-v2/WindowCandidate_Domain_Dependency_PreDevelopment_Audit.md,SUPERSEDED,tone-v2,KEEP_POINTER_STUB,,true
docs/tone-v2/_audit_full_corpus.json,HISTORICAL,tone-v2,INDEX_OR_ARCHIVE,,false
docs/tone-v2/_audit_phase1_runtime_trace.json,HISTORICAL,tone-v2,INDEX_OR_ARCHIVE,,false
docs/tone-v2/_audit_phase1_tokens.json,HISTORICAL,tone-v2,INDEX_OR_ARCHIVE,,false
docs/tone-v2/_audit_phase1_tokens_postfix.json,HISTORICAL,tone-v2,INDEX_OR_ARCHIVE,,false
docs/tone-v2/_audit_post_recovery.json,HISTORICAL,tone-v2,INDEX_OR_ARCHIVE,,false
docs/tone-v2/_audit_scratch/batch11c_regression.json,SCRATCH,tone-v2,KEEP_SCRATCH,,false
docs/tone-v2/_audit_scratch/batch11c_regression2.json,SCRATCH,tone-v2,KEEP_SCRATCH,,false
docs/tone-v2/_audit_scratch/batch11c_regression_fails.txt,SCRATCH,tone-v2,KEEP_SCRATCH,,false
docs/tone-v2/_audit_scratch/batch1_revalidation/atomicity_batch1_revalidated.csv,SCRATCH,tone-v2,KEEP_SCRATCH,,false
docs/tone-v2/_audit_scratch/batch1_revalidation/exact_recall_anomalies.csv,SCRATCH,tone-v2,KEEP_SCRATCH,,false
docs/tone-v2/_audit_scratch/batch1_revalidation/revalidation_payload.json,SCRATCH,tone-v2,KEEP_SCRATCH,,false
docs/tone-v2/_audit_scratch/batch1_revalidation/review_contract_violations.csv,SCRATCH,tone-v2,KEEP_SCRATCH,,false
docs/tone-v2/_audit_scratch/box_check.txt,SCRATCH,tone-v2,KEEP_SCRATCH,,false
docs/tone-v2/_audit_scratch/candidate_generation_failure_2026_08_03/candidate_generation_candidates.csv,SCRATCH,tone-v2,KEEP_SCRATCH,,false
docs/tone-v2/_audit_scratch/candidate_generation_failure_2026_08_03/candidate_generation_failures.csv,SCRATCH,tone-v2,KEEP_SCRATCH,,false
docs/tone-v2/_audit_scratch/candidate_generation_failure_2026_08_03/candidate_generation_pipeline.csv,SCRATCH,tone-v2,KEEP_SCRATCH,,false
docs/tone-v2/_audit_scratch/candidate_generation_failure_2026_08_03/summary.json,SCRATCH,tone-v2,KEEP_SCRATCH,,false
docs/tone-v2/_audit_scratch/candidate_id_provenance/001.json,SCRATCH,tone-v2,KEEP_SCRATCH,,false
docs/tone-v2/_audit_scratch/candidate_id_provenance/002.json,SCRATCH,tone-v2,KEEP_SCRATCH,,false
docs/tone-v2/_audit_scratch/candidate_id_provenance/003.json,SCRATCH,tone-v2,KEEP_SCRATCH,,false
docs/tone-v2/_audit_scratch/candidate_id_provenance/004.json,SCRATCH,tone-v2,KEEP_SCRATCH,,false
docs/tone-v2/_audit_scratch/candidate_id_provenance/005.json,SCRATCH,tone-v2,KEEP_SCRATCH,,false
docs/tone-v2/_audit_scratch/candidate_id_provenance/006.json,SCRATCH,tone-v2,KEEP_SCRATCH,,false
docs/tone-v2/_audit_scratch/candidate_id_provenance/007.json,SCRATCH,tone-v2,KEEP_SCRATCH,,false
docs/tone-v2/_audit_scratch/candidate_id_provenance/008.json,SCRATCH,tone-v2,KEEP_SCRATCH,,false
docs/tone-v2/_audit_scratch/candidate_id_provenance/009.json,SCRATCH,tone-v2,KEEP_SCRATCH,,false
docs/tone-v2/_audit_scratch/candidate_id_provenance/010.json,SCRATCH,tone-v2,KEEP_SCRATCH,,false
docs/tone-v2/_audit_scratch/candidate_id_provenance/011.json,SCRATCH,tone-v2,KEEP_SCRATCH,,false
docs/tone-v2/_audit_scratch/candidate_id_provenance/012.json,SCRATCH,tone-v2,KEEP_SCRATCH,,false
docs/tone-v2/_audit_scratch/candidate_id_provenance/013.json,SCRATCH,tone-v2,KEEP_SCRATCH,,false
docs/tone-v2/_audit_scratch/candidate_id_provenance/014.json,SCRATCH,tone-v2,KEEP_SCRATCH,,false
docs/tone-v2/_audit_scratch/candidate_id_provenance/015.json,SCRATCH,tone-v2,KEEP_SCRATCH,,false
docs/tone-v2/_audit_scratch/candidate_id_provenance/016.json,SCRATCH,tone-v2,KEEP_SCRATCH,,false
docs/tone-v2/_audit_scratch/candidate_id_provenance/017.json,SCRATCH,tone-v2,KEEP_SCRATCH,,false
docs/tone-v2/_audit_scratch/candidate_id_provenance/018.json,SCRATCH,tone-v2,KEEP_SCRATCH,,false
docs/tone-v2/_audit_scratch/candidate_id_provenance/019.json,SCRATCH,tone-v2,KEEP_SCRATCH,,false
docs/tone-v2/_audit_scratch/candidate_id_provenance/020.json,SCRATCH,tone-v2,KEEP_SCRATCH,,false
docs/tone-v2/_audit_scratch/candidate_id_provenance/021.json,SCRATCH,tone-v2,KEEP_SCRATCH,,false
docs/tone-v2/_audit_scratch/candidate_id_provenance/022.json,SCRATCH,tone-v2,KEEP_SCRATCH,,false
docs/tone-v2/_audit_scratch/candidate_id_provenance/023.json,SCRATCH,tone-v2,KEEP_SCRATCH,,false
docs/tone-v2/_audit_scratch/candidate_id_provenance/024.json,SCRATCH,tone-v2,KEEP_SCRATCH,,false
docs/tone-v2/_audit_scratch/candidate_id_provenance/025.json,SCRATCH,tone-v2,KEEP_SCRATCH,,false
docs/tone-v2/_audit_scratch/candidate_id_provenance/026.json,SCRATCH,tone-v2,KEEP_SCRATCH,,false
docs/tone-v2/_audit_scratch/candidate_id_provenance/027.json,SCRATCH,tone-v2,KEEP_SCRATCH,,false
docs/tone-v2/_audit_scratch/candidate_id_provenance/028.json,SCRATCH,tone-v2,KEEP_SCRATCH,,false
docs/tone-v2/_audit_scratch/candidate_id_provenance/029.json,SCRATCH,tone-v2,KEEP_SCRATCH,,false
docs/tone-v2/_audit_scratch/candidate_id_provenance/030.json,SCRATCH,tone-v2,KEEP_SCRATCH,,false
docs/tone-v2/_audit_scratch/candidate_id_provenance/031.json,SCRATCH,tone-v2,KEEP_SCRATCH,,false
docs/tone-v2/_audit_scratch/candidate_id_provenance/032.json,SCRATCH,tone-v2,KEEP_SCRATCH,,false
docs/tone-v2/_audit_scratch/candidate_id_provenance/033.json,SCRATCH,tone-v2,KEEP_SCRATCH,,false
docs/tone-v2/_audit_scratch/candidate_id_provenance/034.json,SCRATCH,tone-v2,KEEP_SCRATCH,,false
docs/tone-v2/_audit_scratch/candidate_id_provenance/035.json,SCRATCH,tone-v2,KEEP_SCRATCH,,false
docs/tone-v2/_audit_scratch/candidate_id_provenance/036.json,SCRATCH,tone-v2,KEEP_SCRATCH,,false
docs/tone-v2/_audit_scratch/candidate_id_provenance/037.json,SCRATCH,tone-v2,KEEP_SCRATCH,,false
docs/tone-v2/_audit_scratch/candidate_id_provenance/038.json,SCRATCH,tone-v2,KEEP_SCRATCH,,false
docs/tone-v2/_audit_scratch/candidate_id_provenance/039.json,SCRATCH,tone-v2,KEEP_SCRATCH,,false
docs/tone-v2/_audit_scratch/candidate_id_provenance/040.json,SCRATCH,tone-v2,KEEP_SCRATCH,,false
docs/tone-v2/_audit_scratch/candidate_id_provenance/041.json,SCRATCH,tone-v2,KEEP_SCRATCH,,false
docs/tone-v2/_audit_scratch/candidate_id_provenance/042.json,SCRATCH,tone-v2,KEEP_SCRATCH,,false
docs/tone-v2/_audit_scratch/candidate_id_provenance/043.json,SCRATCH,tone-v2,KEEP_SCRATCH,,false
docs/tone-v2/_audit_scratch/candidate_id_provenance/044.json,SCRATCH,tone-v2,KEEP_SCRATCH,,false
docs/tone-v2/_audit_scratch/candidate_id_provenance/045.json,SCRATCH,tone-v2,KEEP_SCRATCH,,false
docs/tone-v2/_audit_scratch/candidate_id_provenance/046.json,SCRATCH,tone-v2,KEEP_SCRATCH,,false
docs/tone-v2/_audit_scratch/candidate_id_provenance/047.json,SCRATCH,tone-v2,KEEP_SCRATCH,,false
docs/tone-v2/_audit_scratch/candidate_id_provenance/048.json,SCRATCH,tone-v2,KEEP_SCRATCH,,false
docs/tone-v2/_audit_scratch/candidate_id_provenance/049.json,SCRATCH,tone-v2,KEEP_SCRATCH,,false
docs/tone-v2/_audit_scratch/candidate_id_provenance/050.json,SCRATCH,tone-v2,KEEP_SCRATCH,,false
docs/tone-v2/_audit_scratch/candidate_id_provenance/051.json,SCRATCH,tone-v2,KEEP_SCRATCH,,false
docs/tone-v2/_audit_scratch/candidate_id_provenance/052.json,SCRATCH,tone-v2,KEEP_SCRATCH,,false
docs/tone-v2/_audit_scratch/candidate_id_provenance/053.json,SCRATCH,tone-v2,KEEP_SCRATCH,,false
docs/tone-v2/_audit_scratch/candidate_id_provenance/054.json,SCRATCH,tone-v2,KEEP_SCRATCH,,false
docs/tone-v2/_audit_scratch/candidate_id_provenance/055.json,SCRATCH,tone-v2,KEEP_SCRATCH,,false
docs/tone-v2/_audit_scratch/candidate_id_provenance/056.json,SCRATCH,tone-v2,KEEP_SCRATCH,,false
docs/tone-v2/_audit_scratch/candidate_id_provenance/057.json,SCRATCH,tone-v2,KEEP_SCRATCH,,false
docs/tone-v2/_audit_scratch/candidate_id_provenance/058.json,SCRATCH,tone-v2,KEEP_SCRATCH,,false
docs/tone-v2/_audit_scratch/candidate_id_provenance/059.json,SCRATCH,tone-v2,KEEP_SCRATCH,,false
docs/tone-v2/_audit_scratch/candidate_id_provenance/060.json,SCRATCH,tone-v2,KEEP_SCRATCH,,false
docs/tone-v2/_audit_scratch/candidate_id_provenance/061.json,SCRATCH,tone-v2,KEEP_SCRATCH,,false
docs/tone-v2/_audit_scratch/candidate_id_provenance/062.json,SCRATCH,tone-v2,KEEP_SCRATCH,,false
docs/tone-v2/_audit_scratch/candidate_id_provenance/063.json,SCRATCH,tone-v2,KEEP_SCRATCH,,false
docs/tone-v2/_audit_scratch/candidate_id_provenance/064.json,SCRATCH,tone-v2,KEEP_SCRATCH,,false
docs/tone-v2/_audit_scratch/candidate_id_provenance/065.json,SCRATCH,tone-v2,KEEP_SCRATCH,,false
docs/tone-v2/_audit_scratch/candidate_id_provenance/066.json,SCRATCH,tone-v2,KEEP_SCRATCH,,false
docs/tone-v2/_audit_scratch/candidate_id_provenance/067.json,SCRATCH,tone-v2,KEEP_SCRATCH,,false
docs/tone-v2/_audit_scratch/candidate_id_provenance/068.json,SCRATCH,tone-v2,KEEP_SCRATCH,,false
docs/tone-v2/_audit_scratch/candidate_id_provenance/069.json,SCRATCH,tone-v2,KEEP_SCRATCH,,false
docs/tone-v2/_audit_scratch/candidate_id_provenance/070.json,SCRATCH,tone-v2,KEEP_SCRATCH,,false
docs/tone-v2/_audit_scratch/candidate_id_provenance/071.json,SCRATCH,tone-v2,KEEP_SCRATCH,,false
docs/tone-v2/_audit_scratch/candidate_id_provenance/072.json,SCRATCH,tone-v2,KEEP_SCRATCH,,false
docs/tone-v2/_audit_scratch/candidate_id_provenance/073.json,SCRATCH,tone-v2,KEEP_SCRATCH,,false
docs/tone-v2/_audit_scratch/candidate_id_provenance/074.json,SCRATCH,tone-v2,KEEP_SCRATCH,,false
docs/tone-v2/_audit_scratch/candidate_id_provenance/075.json,SCRATCH,tone-v2,KEEP_SCRATCH,,false
docs/tone-v2/_audit_scratch/candidate_id_provenance/076.json,SCRATCH,tone-v2,KEEP_SCRATCH,,false
docs/tone-v2/_audit_scratch/candidate_id_provenance/077.json,SCRATCH,tone-v2,KEEP_SCRATCH,,false
docs/tone-v2/_audit_scratch/candidate_id_provenance/078.json,SCRATCH,tone-v2,KEEP_SCRATCH,,false
docs/tone-v2/_audit_scratch/candidate_id_provenance/079.json,SCRATCH,tone-v2,KEEP_SCRATCH,,false
docs/tone-v2/_audit_scratch/candidate_id_provenance/080.json,SCRATCH,tone-v2,KEEP_SCRATCH,,false
docs/tone-v2/_audit_scratch/candidate_id_provenance/081.json,SCRATCH,tone-v2,KEEP_SCRATCH,,false
docs/tone-v2/_audit_scratch/candidate_id_provenance/082.json,SCRATCH,tone-v2,KEEP_SCRATCH,,false
docs/tone-v2/_audit_scratch/candidate_id_provenance/083.json,SCRATCH,tone-v2,KEEP_SCRATCH,,false
docs/tone-v2/_audit_scratch/candidate_id_provenance/084.json,SCRATCH,tone-v2,KEEP_SCRATCH,,false
docs/tone-v2/_audit_scratch/candidate_id_provenance/085.json,SCRATCH,tone-v2,KEEP_SCRATCH,,false
docs/tone-v2/_audit_scratch/candidate_id_provenance/086.json,SCRATCH,tone-v2,KEEP_SCRATCH,,false
docs/tone-v2/_audit_scratch/candidate_id_provenance/087.json,SCRATCH,tone-v2,KEEP_SCRATCH,,false
docs/tone-v2/_audit_scratch/candidate_id_provenance/088.json,SCRATCH,tone-v2,KEEP_SCRATCH,,false
docs/tone-v2/_audit_scratch/candidate_id_provenance/089.json,SCRATCH,tone-v2,KEEP_SCRATCH,,false
docs/tone-v2/_audit_scratch/candidate_id_provenance/090.json,SCRATCH,tone-v2,KEEP_SCRATCH,,false
docs/tone-v2/_audit_scratch/candidate_id_provenance/091.json,SCRATCH,tone-v2,KEEP_SCRATCH,,false
docs/tone-v2/_audit_scratch/candidate_id_provenance/092.json,SCRATCH,tone-v2,KEEP_SCRATCH,,false
docs/tone-v2/_audit_scratch/candidate_id_provenance/093.json,SCRATCH,tone-v2,KEEP_SCRATCH,,false
docs/tone-v2/_audit_scratch/candidate_id_provenance/094.json,SCRATCH,tone-v2,KEEP_SCRATCH,,false
docs/tone-v2/_audit_scratch/candidate_id_provenance/095.json,SCRATCH,tone-v2,KEEP_SCRATCH,,false
docs/tone-v2/_audit_scratch/candidate_id_provenance/096.json,SCRATCH,tone-v2,KEEP_SCRATCH,,false
docs/tone-v2/_audit_scratch/candidate_id_provenance/097.json,SCRATCH,tone-v2,KEEP_SCRATCH,,false
docs/tone-v2/_audit_scratch/candidate_id_provenance/098.json,SCRATCH,tone-v2,KEEP_SCRATCH,,false
docs/tone-v2/_audit_scratch/candidate_id_provenance/099.json,SCRATCH,tone-v2,KEEP_SCRATCH,,false
docs/tone-v2/_audit_scratch/candidate_id_provenance/100.json,SCRATCH,tone-v2,KEEP_SCRATCH,,false
docs/tone-v2/_audit_scratch/candidate_id_provenance/101.json,SCRATCH,tone-v2,KEEP_SCRATCH,,false
docs/tone-v2/_audit_scratch/candidate_id_provenance/102.json,SCRATCH,tone-v2,KEEP_SCRATCH,,false
docs/tone-v2/_audit_scratch/candidate_id_provenance/103.json,SCRATCH,tone-v2,KEEP_SCRATCH,,false
docs/tone-v2/_audit_scratch/candidate_id_provenance/104.json,SCRATCH,tone-v2,KEEP_SCRATCH,,false
docs/tone-v2/_audit_scratch/candidate_id_provenance/105.json,SCRATCH,tone-v2,KEEP_SCRATCH,,false
docs/tone-v2/_audit_scratch/candidate_id_provenance/106.json,SCRATCH,tone-v2,KEEP_SCRATCH,,false
docs/tone-v2/_audit_scratch/candidate_id_provenance/107.json,SCRATCH,tone-v2,KEEP_SCRATCH,,false
docs/tone-v2/_audit_scratch/candidate_id_provenance/108.json,SCRATCH,tone-v2,KEEP_SCRATCH,,false
docs/tone-v2/_audit_scratch/candidate_id_provenance/109.json,SCRATCH,tone-v2,KEEP_SCRATCH,,false
docs/tone-v2/_audit_scratch/candidate_id_provenance/110.json,SCRATCH,tone-v2,KEEP_SCRATCH,,false
docs/tone-v2/_audit_scratch/candidate_id_provenance/111.json,SCRATCH,tone-v2,KEEP_SCRATCH,,false
docs/tone-v2/_audit_scratch/candidate_id_provenance/112.json,SCRATCH,tone-v2,KEEP_SCRATCH,,false
docs/tone-v2/_audit_scratch/candidate_id_provenance/113.json,SCRATCH,tone-v2,KEEP_SCRATCH,,false
docs/tone-v2/_audit_scratch/candidate_id_provenance/114.json,SCRATCH,tone-v2,KEEP_SCRATCH,,false
docs/tone-v2/_audit_scratch/candidate_id_provenance/115.json,SCRATCH,tone-v2,KEEP_SCRATCH,,false
docs/tone-v2/_audit_scratch/candidate_id_provenance/116.json,SCRATCH,tone-v2,KEEP_SCRATCH,,false
docs/tone-v2/_audit_scratch/candidate_id_provenance/117.json,SCRATCH,tone-v2,KEEP_SCRATCH,,false
docs/tone-v2/_audit_scratch/candidate_id_provenance/118.json,SCRATCH,tone-v2,KEEP_SCRATCH,,false
docs/tone-v2/_audit_scratch/candidate_id_provenance/119.json,SCRATCH,tone-v2,KEEP_SCRATCH,,false
docs/tone-v2/_audit_scratch/candidate_id_provenance/120.json,SCRATCH,tone-v2,KEEP_SCRATCH,,false
docs/tone-v2/_audit_scratch/candidate_id_provenance/121.json,SCRATCH,tone-v2,KEEP_SCRATCH,,false
docs/tone-v2/_audit_scratch/candidate_id_provenance/122.json,SCRATCH,tone-v2,KEEP_SCRATCH,,false
docs/tone-v2/_audit_scratch/candidate_id_provenance/123.json,SCRATCH,tone-v2,KEEP_SCRATCH,,false
docs/tone-v2/_audit_scratch/candidate_id_provenance/124.json,SCRATCH,tone-v2,KEEP_SCRATCH,,false
docs/tone-v2/_audit_scratch/candidate_id_provenance/125.json,SCRATCH,tone-v2,KEEP_SCRATCH,,false
docs/tone-v2/_audit_scratch/candidate_id_provenance/126.json,SCRATCH,tone-v2,KEEP_SCRATCH,,false
docs/tone-v2/_audit_scratch/candidate_id_provenance/127.json,SCRATCH,tone-v2,KEEP_SCRATCH,,false
docs/tone-v2/_audit_scratch/candidate_id_provenance/128.json,SCRATCH,tone-v2,KEEP_SCRATCH,,false
docs/tone-v2/_audit_scratch/candidate_id_provenance/129.json,SCRATCH,tone-v2,KEEP_SCRATCH,,false
docs/tone-v2/_audit_scratch/candidate_id_provenance/130.json,SCRATCH,tone-v2,KEEP_SCRATCH,,false
docs/tone-v2/_audit_scratch/candidate_id_provenance/131.json,SCRATCH,tone-v2,KEEP_SCRATCH,,false
docs/tone-v2/_audit_scratch/candidate_id_provenance/132.json,SCRATCH,tone-v2,KEEP_SCRATCH,,false
docs/tone-v2/_audit_scratch/candidate_id_provenance/133.json,SCRATCH,tone-v2,KEEP_SCRATCH,,false
docs/tone-v2/_audit_scratch/candidate_id_provenance/134.json,SCRATCH,tone-v2,KEEP_SCRATCH,,false
docs/tone-v2/_audit_scratch/candidate_id_provenance/135.json,SCRATCH,tone-v2,KEEP_SCRATCH,,false
docs/tone-v2/_audit_scratch/candidate_id_provenance/136.json,SCRATCH,tone-v2,KEEP_SCRATCH,,false
docs/tone-v2/_audit_scratch/candidate_id_provenance/137.json,SCRATCH,tone-v2,KEEP_SCRATCH,,false
docs/tone-v2/_audit_scratch/candidate_id_provenance/138.json,SCRATCH,tone-v2,KEEP_SCRATCH,,false
docs/tone-v2/_audit_scratch/candidate_id_provenance/139.json,SCRATCH,tone-v2,KEEP_SCRATCH,,false
docs/tone-v2/_audit_scratch/candidate_id_provenance/140.json,SCRATCH,tone-v2,KEEP_SCRATCH,,false
docs/tone-v2/_audit_scratch/candidate_id_provenance/141.json,SCRATCH,tone-v2,KEEP_SCRATCH,,false
docs/tone-v2/_audit_scratch/candidate_id_provenance/142.json,SCRATCH,tone-v2,KEEP_SCRATCH,,false
docs/tone-v2/_audit_scratch/candidate_id_provenance/143.json,SCRATCH,tone-v2,KEEP_SCRATCH,,false
docs/tone-v2/_audit_scratch/candidate_id_provenance/144.json,SCRATCH,tone-v2,KEEP_SCRATCH,,false
docs/tone-v2/_audit_scratch/candidate_id_provenance/145.json,SCRATCH,tone-v2,KEEP_SCRATCH,,false
docs/tone-v2/_audit_scratch/candidate_id_provenance/146.json,SCRATCH,tone-v2,KEEP_SCRATCH,,false
docs/tone-v2/_audit_scratch/candidate_id_provenance/147.json,SCRATCH,tone-v2,KEEP_SCRATCH,,false
docs/tone-v2/_audit_scratch/candidate_id_provenance/148.json,SCRATCH,tone-v2,KEEP_SCRATCH,,false
docs/tone-v2/_audit_scratch/candidate_id_provenance/149.json,SCRATCH,tone-v2,KEEP_SCRATCH,,false
docs/tone-v2/_audit_scratch/candidate_id_provenance/150.json,SCRATCH,tone-v2,KEEP_SCRATCH,,false
docs/tone-v2/_audit_scratch/candidate_id_provenance/151.json,SCRATCH,tone-v2,KEEP_SCRATCH,,false
docs/tone-v2/_audit_scratch/candidate_id_provenance/152.json,SCRATCH,tone-v2,KEEP_SCRATCH,,false
docs/tone-v2/_audit_scratch/candidate_id_provenance/153.json,SCRATCH,tone-v2,KEEP_SCRATCH,,false
docs/tone-v2/_audit_scratch/candidate_id_provenance/154.json,SCRATCH,tone-v2,KEEP_SCRATCH,,false
docs/tone-v2/_audit_scratch/candidate_id_provenance/155.json,SCRATCH,tone-v2,KEEP_SCRATCH,,false
docs/tone-v2/_audit_scratch/candidate_id_provenance/156.json,SCRATCH,tone-v2,KEEP_SCRATCH,,false
docs/tone-v2/_audit_scratch/candidate_id_provenance/157.json,SCRATCH,tone-v2,KEEP_SCRATCH,,false
docs/tone-v2/_audit_scratch/candidate_id_provenance/158.json,SCRATCH,tone-v2,KEEP_SCRATCH,,false
docs/tone-v2/_audit_scratch/candidate_id_provenance/159.json,SCRATCH,tone-v2,KEEP_SCRATCH,,false
docs/tone-v2/_audit_scratch/candidate_id_provenance/160.json,SCRATCH,tone-v2,KEEP_SCRATCH,,false
docs/tone-v2/_audit_scratch/candidate_id_provenance/161.json,SCRATCH,tone-v2,KEEP_SCRATCH,,false
docs/tone-v2/_audit_scratch/candidate_id_provenance/162.json,SCRATCH,tone-v2,KEEP_SCRATCH,,false
docs/tone-v2/_audit_scratch/candidate_id_provenance/163.json,SCRATCH,tone-v2,KEEP_SCRATCH,,false
docs/tone-v2/_audit_scratch/candidate_id_provenance/164.json,SCRATCH,tone-v2,KEEP_SCRATCH,,false
docs/tone-v2/_audit_scratch/candidate_id_provenance/165.json,SCRATCH,tone-v2,KEEP_SCRATCH,,false
docs/tone-v2/_audit_scratch/candidate_id_provenance/166.json,SCRATCH,tone-v2,KEEP_SCRATCH,,false
docs/tone-v2/_audit_scratch/candidate_id_provenance/167.json,SCRATCH,tone-v2,KEEP_SCRATCH,,false
docs/tone-v2/_audit_scratch/candidate_id_provenance/168.json,SCRATCH,tone-v2,KEEP_SCRATCH,,false
docs/tone-v2/_audit_scratch/candidate_id_provenance/169.json,SCRATCH,tone-v2,KEEP_SCRATCH,,false
docs/tone-v2/_audit_scratch/candidate_id_provenance/170.json,SCRATCH,tone-v2,KEEP_SCRATCH,,false
docs/tone-v2/_audit_scratch/candidate_id_provenance/171.json,SCRATCH,tone-v2,KEEP_SCRATCH,,false
docs/tone-v2/_audit_scratch/candidate_id_provenance/172.json,SCRATCH,tone-v2,KEEP_SCRATCH,,false
docs/tone-v2/_audit_scratch/candidate_id_provenance/173.json,SCRATCH,tone-v2,KEEP_SCRATCH,,false
docs/tone-v2/_audit_scratch/candidate_id_provenance/174.json,SCRATCH,tone-v2,KEEP_SCRATCH,,false
docs/tone-v2/_audit_scratch/candidate_id_provenance/175.json,SCRATCH,tone-v2,KEEP_SCRATCH,,false
docs/tone-v2/_audit_scratch/candidate_id_provenance/176.json,SCRATCH,tone-v2,KEEP_SCRATCH,,false
docs/tone-v2/_audit_scratch/candidate_id_provenance/177.json,SCRATCH,tone-v2,KEEP_SCRATCH,,false
docs/tone-v2/_audit_scratch/candidate_id_provenance/178.json,SCRATCH,tone-v2,KEEP_SCRATCH,,false
docs/tone-v2/_audit_scratch/candidate_id_provenance/179.json,SCRATCH,tone-v2,KEEP_SCRATCH,,false
docs/tone-v2/_audit_scratch/candidate_id_provenance/180.json,SCRATCH,tone-v2,KEEP_SCRATCH,,false
docs/tone-v2/_audit_scratch/candidate_id_provenance/181.json,SCRATCH,tone-v2,KEEP_SCRATCH,,false
docs/tone-v2/_audit_scratch/candidate_id_provenance/182.json,SCRATCH,tone-v2,KEEP_SCRATCH,,false
docs/tone-v2/_audit_scratch/candidate_id_provenance/183.json,SCRATCH,tone-v2,KEEP_SCRATCH,,false
docs/tone-v2/_audit_scratch/candidate_id_provenance/184.json,SCRATCH,tone-v2,KEEP_SCRATCH,,false
docs/tone-v2/_audit_scratch/candidate_id_provenance/185.json,SCRATCH,tone-v2,KEEP_SCRATCH,,false
docs/tone-v2/_audit_scratch/candidate_id_provenance/186.json,SCRATCH,tone-v2,KEEP_SCRATCH,,false
docs/tone-v2/_audit_scratch/candidate_id_provenance/187.json,SCRATCH,tone-v2,KEEP_SCRATCH,,false
docs/tone-v2/_audit_scratch/candidate_id_provenance/188.json,SCRATCH,tone-v2,KEEP_SCRATCH,,false
docs/tone-v2/_audit_scratch/candidate_id_provenance/189.json,SCRATCH,tone-v2,KEEP_SCRATCH,,false
docs/tone-v2/_audit_scratch/candidate_id_provenance/190.json,SCRATCH,tone-v2,KEEP_SCRATCH,,false
docs/tone-v2/_audit_scratch/candidate_id_provenance/191.json,SCRATCH,tone-v2,KEEP_SCRATCH,,false
docs/tone-v2/_audit_scratch/candidate_id_provenance/192.json,SCRATCH,tone-v2,KEEP_SCRATCH,,false
docs/tone-v2/_audit_scratch/candidate_id_provenance/193.json,SCRATCH,tone-v2,KEEP_SCRATCH,,false
docs/tone-v2/_audit_scratch/candidate_id_provenance/194.json,SCRATCH,tone-v2,KEEP_SCRATCH,,false
docs/tone-v2/_audit_scratch/candidate_id_provenance/195.json,SCRATCH,tone-v2,KEEP_SCRATCH,,false
docs/tone-v2/_audit_scratch/candidate_id_provenance/196.json,SCRATCH,tone-v2,KEEP_SCRATCH,,false
docs/tone-v2/_audit_scratch/candidate_id_provenance/197.json,SCRATCH,tone-v2,KEEP_SCRATCH,,false
docs/tone-v2/_audit_scratch/candidate_id_provenance/198.json,SCRATCH,tone-v2,KEEP_SCRATCH,,false
docs/tone-v2/_audit_scratch/candidate_id_provenance/199.json,SCRATCH,tone-v2,KEEP_SCRATCH,,false
docs/tone-v2/_audit_scratch/candidate_id_provenance/200.json,SCRATCH,tone-v2,KEEP_SCRATCH,,false
docs/tone-v2/_audit_scratch/candidate_id_provenance/candidate_id_provenance_summary.md,SCRATCH,tone-v2,KEEP_SCRATCH,,false
docs/tone-v2/_audit_scratch/candidate_id_provenance/_aggregate.json,SCRATCH,tone-v2,KEEP_SCRATCH,,false
docs/tone-v2/_audit_scratch/candidate_provenance_audit/aggregate.json,SCRATCH,tone-v2,KEEP_SCRATCH,,false
docs/tone-v2/_audit_scratch/candidate_provenance_audit/cases/001.json,SCRATCH,tone-v2,KEEP_SCRATCH,,false
docs/tone-v2/_audit_scratch/candidate_provenance_audit/cases/001.md,SCRATCH,tone-v2,KEEP_SCRATCH,,false
docs/tone-v2/_audit_scratch/candidate_provenance_audit/cases/002.json,SCRATCH,tone-v2,KEEP_SCRATCH,,false
docs/tone-v2/_audit_scratch/candidate_provenance_audit/cases/002.md,SCRATCH,tone-v2,KEEP_SCRATCH,,false
docs/tone-v2/_audit_scratch/candidate_provenance_audit/cases/003.json,SCRATCH,tone-v2,KEEP_SCRATCH,,false
docs/tone-v2/_audit_scratch/candidate_provenance_audit/cases/003.md,SCRATCH,tone-v2,KEEP_SCRATCH,,false
docs/tone-v2/_audit_scratch/candidate_provenance_audit/cases/004.json,SCRATCH,tone-v2,KEEP_SCRATCH,,false
docs/tone-v2/_audit_scratch/candidate_provenance_audit/cases/004.md,SCRATCH,tone-v2,KEEP_SCRATCH,,false
docs/tone-v2/_audit_scratch/candidate_provenance_audit/cases/005.json,SCRATCH,tone-v2,KEEP_SCRATCH,,false
docs/tone-v2/_audit_scratch/candidate_provenance_audit/cases/005.md,SCRATCH,tone-v2,KEEP_SCRATCH,,false
docs/tone-v2/_audit_scratch/candidate_provenance_audit/cases/006.json,SCRATCH,tone-v2,KEEP_SCRATCH,,false
docs/tone-v2/_audit_scratch/candidate_provenance_audit/cases/006.md,SCRATCH,tone-v2,KEEP_SCRATCH,,false
docs/tone-v2/_audit_scratch/candidate_provenance_audit/cases/007.json,SCRATCH,tone-v2,KEEP_SCRATCH,,false
docs/tone-v2/_audit_scratch/candidate_provenance_audit/cases/007.md,SCRATCH,tone-v2,KEEP_SCRATCH,,false
docs/tone-v2/_audit_scratch/candidate_provenance_audit/cases/008.json,SCRATCH,tone-v2,KEEP_SCRATCH,,false
docs/tone-v2/_audit_scratch/candidate_provenance_audit/cases/008.md,SCRATCH,tone-v2,KEEP_SCRATCH,,false
docs/tone-v2/_audit_scratch/candidate_provenance_audit/cases/009.json,SCRATCH,tone-v2,KEEP_SCRATCH,,false
docs/tone-v2/_audit_scratch/candidate_provenance_audit/cases/009.md,SCRATCH,tone-v2,KEEP_SCRATCH,,false
docs/tone-v2/_audit_scratch/candidate_provenance_audit/cases/010.json,SCRATCH,tone-v2,KEEP_SCRATCH,,false
docs/tone-v2/_audit_scratch/candidate_provenance_audit/cases/010.md,SCRATCH,tone-v2,KEEP_SCRATCH,,false
docs/tone-v2/_audit_scratch/candidate_provenance_audit/cases/011.json,SCRATCH,tone-v2,KEEP_SCRATCH,,false
docs/tone-v2/_audit_scratch/candidate_provenance_audit/cases/011.md,SCRATCH,tone-v2,KEEP_SCRATCH,,false
docs/tone-v2/_audit_scratch/candidate_provenance_audit/cases/012.json,SCRATCH,tone-v2,KEEP_SCRATCH,,false
docs/tone-v2/_audit_scratch/candidate_provenance_audit/cases/012.md,SCRATCH,tone-v2,KEEP_SCRATCH,,false
docs/tone-v2/_audit_scratch/candidate_provenance_audit/cases/013.json,SCRATCH,tone-v2,KEEP_SCRATCH,,false
docs/tone-v2/_audit_scratch/candidate_provenance_audit/cases/013.md,SCRATCH,tone-v2,KEEP_SCRATCH,,false
docs/tone-v2/_audit_scratch/candidate_provenance_audit/cases/014.json,SCRATCH,tone-v2,KEEP_SCRATCH,,false
docs/tone-v2/_audit_scratch/candidate_provenance_audit/cases/014.md,SCRATCH,tone-v2,KEEP_SCRATCH,,false
docs/tone-v2/_audit_scratch/candidate_provenance_audit/cases/015.json,SCRATCH,tone-v2,KEEP_SCRATCH,,false
docs/tone-v2/_audit_scratch/candidate_provenance_audit/cases/015.md,SCRATCH,tone-v2,KEEP_SCRATCH,,false
docs/tone-v2/_audit_scratch/candidate_provenance_audit/cases/016.json,SCRATCH,tone-v2,KEEP_SCRATCH,,false
docs/tone-v2/_audit_scratch/candidate_provenance_audit/cases/016.md,SCRATCH,tone-v2,KEEP_SCRATCH,,false
docs/tone-v2/_audit_scratch/candidate_provenance_audit/cases/017.json,SCRATCH,tone-v2,KEEP_SCRATCH,,false
docs/tone-v2/_audit_scratch/candidate_provenance_audit/cases/017.md,SCRATCH,tone-v2,KEEP_SCRATCH,,false
docs/tone-v2/_audit_scratch/candidate_provenance_audit/cases/018.json,SCRATCH,tone-v2,KEEP_SCRATCH,,false
docs/tone-v2/_audit_scratch/candidate_provenance_audit/cases/018.md,SCRATCH,tone-v2,KEEP_SCRATCH,,false
docs/tone-v2/_audit_scratch/candidate_provenance_audit/cases/019.json,SCRATCH,tone-v2,KEEP_SCRATCH,,false
docs/tone-v2/_audit_scratch/candidate_provenance_audit/cases/019.md,SCRATCH,tone-v2,KEEP_SCRATCH,,false
docs/tone-v2/_audit_scratch/candidate_provenance_audit/cases/020.json,SCRATCH,tone-v2,KEEP_SCRATCH,,false
docs/tone-v2/_audit_scratch/candidate_provenance_audit/cases/020.md,SCRATCH,tone-v2,KEEP_SCRATCH,,false
docs/tone-v2/_audit_scratch/candidate_provenance_audit/cases/021.json,SCRATCH,tone-v2,KEEP_SCRATCH,,false
docs/tone-v2/_audit_scratch/candidate_provenance_audit/cases/021.md,SCRATCH,tone-v2,KEEP_SCRATCH,,false
docs/tone-v2/_audit_scratch/candidate_provenance_audit/cases/022.json,SCRATCH,tone-v2,KEEP_SCRATCH,,false
docs/tone-v2/_audit_scratch/candidate_provenance_audit/cases/022.md,SCRATCH,tone-v2,KEEP_SCRATCH,,false
docs/tone-v2/_audit_scratch/candidate_provenance_audit/cases/023.json,SCRATCH,tone-v2,KEEP_SCRATCH,,false
docs/tone-v2/_audit_scratch/candidate_provenance_audit/cases/023.md,SCRATCH,tone-v2,KEEP_SCRATCH,,false
docs/tone-v2/_audit_scratch/candidate_provenance_audit/cases/024.json,SCRATCH,tone-v2,KEEP_SCRATCH,,false
docs/tone-v2/_audit_scratch/candidate_provenance_audit/cases/024.md,SCRATCH,tone-v2,KEEP_SCRATCH,,false
docs/tone-v2/_audit_scratch/candidate_provenance_audit/cases/025.json,SCRATCH,tone-v2,KEEP_SCRATCH,,false
docs/tone-v2/_audit_scratch/candidate_provenance_audit/cases/025.md,SCRATCH,tone-v2,KEEP_SCRATCH,,false
docs/tone-v2/_audit_scratch/candidate_provenance_audit/cases/026.json,SCRATCH,tone-v2,KEEP_SCRATCH,,false
docs/tone-v2/_audit_scratch/candidate_provenance_audit/cases/026.md,SCRATCH,tone-v2,KEEP_SCRATCH,,false
docs/tone-v2/_audit_scratch/candidate_provenance_audit/cases/027.json,SCRATCH,tone-v2,KEEP_SCRATCH,,false
docs/tone-v2/_audit_scratch/candidate_provenance_audit/cases/027.md,SCRATCH,tone-v2,KEEP_SCRATCH,,false
docs/tone-v2/_audit_scratch/candidate_provenance_audit/cases/028.json,SCRATCH,tone-v2,KEEP_SCRATCH,,false
docs/tone-v2/_audit_scratch/candidate_provenance_audit/cases/028.md,SCRATCH,tone-v2,KEEP_SCRATCH,,false
docs/tone-v2/_audit_scratch/candidate_provenance_audit/cases/029.json,SCRATCH,tone-v2,KEEP_SCRATCH,,false
docs/tone-v2/_audit_scratch/candidate_provenance_audit/cases/029.md,SCRATCH,tone-v2,KEEP_SCRATCH,,false
docs/tone-v2/_audit_scratch/candidate_provenance_audit/cases/030.json,SCRATCH,tone-v2,KEEP_SCRATCH,,false
docs/tone-v2/_audit_scratch/candidate_provenance_audit/cases/030.md,SCRATCH,tone-v2,KEEP_SCRATCH,,false
docs/tone-v2/_audit_scratch/candidate_provenance_audit/cases/031.json,SCRATCH,tone-v2,KEEP_SCRATCH,,false
docs/tone-v2/_audit_scratch/candidate_provenance_audit/cases/031.md,SCRATCH,tone-v2,KEEP_SCRATCH,,false
docs/tone-v2/_audit_scratch/candidate_provenance_audit/cases/032.json,SCRATCH,tone-v2,KEEP_SCRATCH,,false
docs/tone-v2/_audit_scratch/candidate_provenance_audit/cases/032.md,SCRATCH,tone-v2,KEEP_SCRATCH,,false
docs/tone-v2/_audit_scratch/candidate_provenance_audit/cases/033.json,SCRATCH,tone-v2,KEEP_SCRATCH,,false
docs/tone-v2/_audit_scratch/candidate_provenance_audit/cases/033.md,SCRATCH,tone-v2,KEEP_SCRATCH,,false
docs/tone-v2/_audit_scratch/candidate_provenance_audit/cases/034.json,SCRATCH,tone-v2,KEEP_SCRATCH,,false
docs/tone-v2/_audit_scratch/candidate_provenance_audit/cases/034.md,SCRATCH,tone-v2,KEEP_SCRATCH,,false
docs/tone-v2/_audit_scratch/candidate_provenance_audit/cases/035.json,SCRATCH,tone-v2,KEEP_SCRATCH,,false
docs/tone-v2/_audit_scratch/candidate_provenance_audit/cases/035.md,SCRATCH,tone-v2,KEEP_SCRATCH,,false
docs/tone-v2/_audit_scratch/candidate_provenance_audit/cases/036.json,SCRATCH,tone-v2,KEEP_SCRATCH,,false
docs/tone-v2/_audit_scratch/candidate_provenance_audit/cases/036.md,SCRATCH,tone-v2,KEEP_SCRATCH,,false
docs/tone-v2/_audit_scratch/candidate_provenance_audit/cases/037.json,SCRATCH,tone-v2,KEEP_SCRATCH,,false
docs/tone-v2/_audit_scratch/candidate_provenance_audit/cases/037.md,SCRATCH,tone-v2,KEEP_SCRATCH,,false
docs/tone-v2/_audit_scratch/candidate_provenance_audit/cases/038.json,SCRATCH,tone-v2,KEEP_SCRATCH,,false
docs/tone-v2/_audit_scratch/candidate_provenance_audit/cases/038.md,SCRATCH,tone-v2,KEEP_SCRATCH,,false
docs/tone-v2/_audit_scratch/candidate_provenance_audit/cases/039.json,SCRATCH,tone-v2,KEEP_SCRATCH,,false
docs/tone-v2/_audit_scratch/candidate_provenance_audit/cases/039.md,SCRATCH,tone-v2,KEEP_SCRATCH,,false
docs/tone-v2/_audit_scratch/candidate_provenance_audit/cases/040.json,SCRATCH,tone-v2,KEEP_SCRATCH,,false
docs/tone-v2/_audit_scratch/candidate_provenance_audit/cases/040.md,SCRATCH,tone-v2,KEEP_SCRATCH,,false
docs/tone-v2/_audit_scratch/candidate_provenance_audit/cases/041.json,SCRATCH,tone-v2,KEEP_SCRATCH,,false
docs/tone-v2/_audit_scratch/candidate_provenance_audit/cases/041.md,SCRATCH,tone-v2,KEEP_SCRATCH,,false
docs/tone-v2/_audit_scratch/candidate_provenance_audit/cases/042.json,SCRATCH,tone-v2,KEEP_SCRATCH,,false
docs/tone-v2/_audit_scratch/candidate_provenance_audit/cases/042.md,SCRATCH,tone-v2,KEEP_SCRATCH,,false
docs/tone-v2/_audit_scratch/candidate_provenance_audit/cases/043.json,SCRATCH,tone-v2,KEEP_SCRATCH,,false
docs/tone-v2/_audit_scratch/candidate_provenance_audit/cases/043.md,SCRATCH,tone-v2,KEEP_SCRATCH,,false
docs/tone-v2/_audit_scratch/candidate_provenance_audit/cases/044.json,SCRATCH,tone-v2,KEEP_SCRATCH,,false
docs/tone-v2/_audit_scratch/candidate_provenance_audit/cases/044.md,SCRATCH,tone-v2,KEEP_SCRATCH,,false
docs/tone-v2/_audit_scratch/candidate_provenance_audit/cases/045.json,SCRATCH,tone-v2,KEEP_SCRATCH,,false
docs/tone-v2/_audit_scratch/candidate_provenance_audit/cases/045.md,SCRATCH,tone-v2,KEEP_SCRATCH,,false
docs/tone-v2/_audit_scratch/candidate_provenance_audit/cases/046.json,SCRATCH,tone-v2,KEEP_SCRATCH,,false
docs/tone-v2/_audit_scratch/candidate_provenance_audit/cases/046.md,SCRATCH,tone-v2,KEEP_SCRATCH,,false
docs/tone-v2/_audit_scratch/candidate_provenance_audit/cases/047.json,SCRATCH,tone-v2,KEEP_SCRATCH,,false
docs/tone-v2/_audit_scratch/candidate_provenance_audit/cases/047.md,SCRATCH,tone-v2,KEEP_SCRATCH,,false
docs/tone-v2/_audit_scratch/candidate_provenance_audit/cases/048.json,SCRATCH,tone-v2,KEEP_SCRATCH,,false
docs/tone-v2/_audit_scratch/candidate_provenance_audit/cases/048.md,SCRATCH,tone-v2,KEEP_SCRATCH,,false
docs/tone-v2/_audit_scratch/candidate_provenance_audit/cases/049.json,SCRATCH,tone-v2,KEEP_SCRATCH,,false
docs/tone-v2/_audit_scratch/candidate_provenance_audit/cases/049.md,SCRATCH,tone-v2,KEEP_SCRATCH,,false
docs/tone-v2/_audit_scratch/candidate_provenance_audit/cases/050.json,SCRATCH,tone-v2,KEEP_SCRATCH,,false
docs/tone-v2/_audit_scratch/candidate_provenance_audit/cases/050.md,SCRATCH,tone-v2,KEEP_SCRATCH,,false
docs/tone-v2/_audit_scratch/candidate_provenance_audit/cases/051.json,SCRATCH,tone-v2,KEEP_SCRATCH,,false
docs/tone-v2/_audit_scratch/candidate_provenance_audit/cases/051.md,SCRATCH,tone-v2,KEEP_SCRATCH,,false
docs/tone-v2/_audit_scratch/candidate_provenance_audit/cases/052.json,SCRATCH,tone-v2,KEEP_SCRATCH,,false
docs/tone-v2/_audit_scratch/candidate_provenance_audit/cases/052.md,SCRATCH,tone-v2,KEEP_SCRATCH,,false
docs/tone-v2/_audit_scratch/candidate_provenance_audit/cases/053.json,SCRATCH,tone-v2,KEEP_SCRATCH,,false
docs/tone-v2/_audit_scratch/candidate_provenance_audit/cases/053.md,SCRATCH,tone-v2,KEEP_SCRATCH,,false
docs/tone-v2/_audit_scratch/candidate_provenance_audit/cases/054.json,SCRATCH,tone-v2,KEEP_SCRATCH,,false
docs/tone-v2/_audit_scratch/candidate_provenance_audit/cases/054.md,SCRATCH,tone-v2,KEEP_SCRATCH,,false
docs/tone-v2/_audit_scratch/candidate_provenance_audit/cases/055.json,SCRATCH,tone-v2,KEEP_SCRATCH,,false
docs/tone-v2/_audit_scratch/candidate_provenance_audit/cases/055.md,SCRATCH,tone-v2,KEEP_SCRATCH,,false
docs/tone-v2/_audit_scratch/candidate_provenance_audit/cases/056.json,SCRATCH,tone-v2,KEEP_SCRATCH,,false
docs/tone-v2/_audit_scratch/candidate_provenance_audit/cases/056.md,SCRATCH,tone-v2,KEEP_SCRATCH,,false
docs/tone-v2/_audit_scratch/candidate_provenance_audit/cases/057.json,SCRATCH,tone-v2,KEEP_SCRATCH,,false
docs/tone-v2/_audit_scratch/candidate_provenance_audit/cases/057.md,SCRATCH,tone-v2,KEEP_SCRATCH,,false
docs/tone-v2/_audit_scratch/candidate_provenance_audit/cases/058.json,SCRATCH,tone-v2,KEEP_SCRATCH,,false
docs/tone-v2/_audit_scratch/candidate_provenance_audit/cases/058.md,SCRATCH,tone-v2,KEEP_SCRATCH,,false
docs/tone-v2/_audit_scratch/candidate_provenance_audit/cases/059.json,SCRATCH,tone-v2,KEEP_SCRATCH,,false
docs/tone-v2/_audit_scratch/candidate_provenance_audit/cases/059.md,SCRATCH,tone-v2,KEEP_SCRATCH,,false
docs/tone-v2/_audit_scratch/candidate_provenance_audit/cases/060.json,SCRATCH,tone-v2,KEEP_SCRATCH,,false
docs/tone-v2/_audit_scratch/candidate_provenance_audit/cases/060.md,SCRATCH,tone-v2,KEEP_SCRATCH,,false
docs/tone-v2/_audit_scratch/candidate_provenance_audit/cases/061.json,SCRATCH,tone-v2,KEEP_SCRATCH,,false
docs/tone-v2/_audit_scratch/candidate_provenance_audit/cases/061.md,SCRATCH,tone-v2,KEEP_SCRATCH,,false
docs/tone-v2/_audit_scratch/candidate_provenance_audit/cases/062.json,SCRATCH,tone-v2,KEEP_SCRATCH,,false
docs/tone-v2/_audit_scratch/candidate_provenance_audit/cases/062.md,SCRATCH,tone-v2,KEEP_SCRATCH,,false
docs/tone-v2/_audit_scratch/candidate_provenance_audit/cases/063.json,SCRATCH,tone-v2,KEEP_SCRATCH,,false
docs/tone-v2/_audit_scratch/candidate_provenance_audit/cases/063.md,SCRATCH,tone-v2,KEEP_SCRATCH,,false
docs/tone-v2/_audit_scratch/candidate_provenance_audit/cases/064.json,SCRATCH,tone-v2,KEEP_SCRATCH,,false
docs/tone-v2/_audit_scratch/candidate_provenance_audit/cases/064.md,SCRATCH,tone-v2,KEEP_SCRATCH,,false
docs/tone-v2/_audit_scratch/candidate_provenance_audit/cases/065.json,SCRATCH,tone-v2,KEEP_SCRATCH,,false
docs/tone-v2/_audit_scratch/candidate_provenance_audit/cases/065.md,SCRATCH,tone-v2,KEEP_SCRATCH,,false
docs/tone-v2/_audit_scratch/candidate_provenance_audit/cases/066.json,SCRATCH,tone-v2,KEEP_SCRATCH,,false
docs/tone-v2/_audit_scratch/candidate_provenance_audit/cases/066.md,SCRATCH,tone-v2,KEEP_SCRATCH,,false
docs/tone-v2/_audit_scratch/candidate_provenance_audit/cases/067.json,SCRATCH,tone-v2,KEEP_SCRATCH,,false
docs/tone-v2/_audit_scratch/candidate_provenance_audit/cases/067.md,SCRATCH,tone-v2,KEEP_SCRATCH,,false
docs/tone-v2/_audit_scratch/candidate_provenance_audit/cases/068.json,SCRATCH,tone-v2,KEEP_SCRATCH,,false
docs/tone-v2/_audit_scratch/candidate_provenance_audit/cases/068.md,SCRATCH,tone-v2,KEEP_SCRATCH,,false
docs/tone-v2/_audit_scratch/candidate_provenance_audit/cases/069.json,SCRATCH,tone-v2,KEEP_SCRATCH,,false
docs/tone-v2/_audit_scratch/candidate_provenance_audit/cases/069.md,SCRATCH,tone-v2,KEEP_SCRATCH,,false
docs/tone-v2/_audit_scratch/candidate_provenance_audit/cases/070.json,SCRATCH,tone-v2,KEEP_SCRATCH,,false
docs/tone-v2/_audit_scratch/candidate_provenance_audit/cases/070.md,SCRATCH,tone-v2,KEEP_SCRATCH,,false
docs/tone-v2/_audit_scratch/candidate_provenance_audit/cases/071.json,SCRATCH,tone-v2,KEEP_SCRATCH,,false
docs/tone-v2/_audit_scratch/candidate_provenance_audit/cases/071.md,SCRATCH,tone-v2,KEEP_SCRATCH,,false
docs/tone-v2/_audit_scratch/candidate_provenance_audit/cases/072.json,SCRATCH,tone-v2,KEEP_SCRATCH,,false
docs/tone-v2/_audit_scratch/candidate_provenance_audit/cases/072.md,SCRATCH,tone-v2,KEEP_SCRATCH,,false
docs/tone-v2/_audit_scratch/candidate_provenance_audit/cases/073.json,SCRATCH,tone-v2,KEEP_SCRATCH,,false
docs/tone-v2/_audit_scratch/candidate_provenance_audit/cases/073.md,SCRATCH,tone-v2,KEEP_SCRATCH,,false
docs/tone-v2/_audit_scratch/candidate_provenance_audit/cases/074.json,SCRATCH,tone-v2,KEEP_SCRATCH,,false
docs/tone-v2/_audit_scratch/candidate_provenance_audit/cases/074.md,SCRATCH,tone-v2,KEEP_SCRATCH,,false
docs/tone-v2/_audit_scratch/candidate_provenance_audit/cases/075.json,SCRATCH,tone-v2,KEEP_SCRATCH,,false
docs/tone-v2/_audit_scratch/candidate_provenance_audit/cases/075.md,SCRATCH,tone-v2,KEEP_SCRATCH,,false
docs/tone-v2/_audit_scratch/candidate_provenance_audit/cases/076.json,SCRATCH,tone-v2,KEEP_SCRATCH,,false
docs/tone-v2/_audit_scratch/candidate_provenance_audit/cases/076.md,SCRATCH,tone-v2,KEEP_SCRATCH,,false
docs/tone-v2/_audit_scratch/candidate_provenance_audit/cases/077.json,SCRATCH,tone-v2,KEEP_SCRATCH,,false
docs/tone-v2/_audit_scratch/candidate_provenance_audit/cases/077.md,SCRATCH,tone-v2,KEEP_SCRATCH,,false
docs/tone-v2/_audit_scratch/candidate_provenance_audit/cases/078.json,SCRATCH,tone-v2,KEEP_SCRATCH,,false
docs/tone-v2/_audit_scratch/candidate_provenance_audit/cases/078.md,SCRATCH,tone-v2,KEEP_SCRATCH,,false
docs/tone-v2/_audit_scratch/candidate_provenance_audit/cases/079.json,SCRATCH,tone-v2,KEEP_SCRATCH,,false
docs/tone-v2/_audit_scratch/candidate_provenance_audit/cases/079.md,SCRATCH,tone-v2,KEEP_SCRATCH,,false
docs/tone-v2/_audit_scratch/candidate_provenance_audit/cases/080.json,SCRATCH,tone-v2,KEEP_SCRATCH,,false
docs/tone-v2/_audit_scratch/candidate_provenance_audit/cases/080.md,SCRATCH,tone-v2,KEEP_SCRATCH,,false
docs/tone-v2/_audit_scratch/candidate_provenance_audit/cases/081.json,SCRATCH,tone-v2,KEEP_SCRATCH,,false
docs/tone-v2/_audit_scratch/candidate_provenance_audit/cases/081.md,SCRATCH,tone-v2,KEEP_SCRATCH,,false
docs/tone-v2/_audit_scratch/candidate_provenance_audit/cases/082.json,SCRATCH,tone-v2,KEEP_SCRATCH,,false
docs/tone-v2/_audit_scratch/candidate_provenance_audit/cases/082.md,SCRATCH,tone-v2,KEEP_SCRATCH,,false
docs/tone-v2/_audit_scratch/candidate_provenance_audit/cases/083.json,SCRATCH,tone-v2,KEEP_SCRATCH,,false
docs/tone-v2/_audit_scratch/candidate_provenance_audit/cases/083.md,SCRATCH,tone-v2,KEEP_SCRATCH,,false
docs/tone-v2/_audit_scratch/candidate_provenance_audit/cases/084.json,SCRATCH,tone-v2,KEEP_SCRATCH,,false
docs/tone-v2/_audit_scratch/candidate_provenance_audit/cases/084.md,SCRATCH,tone-v2,KEEP_SCRATCH,,false
docs/tone-v2/_audit_scratch/candidate_provenance_audit/cases/085.json,SCRATCH,tone-v2,KEEP_SCRATCH,,false
docs/tone-v2/_audit_scratch/candidate_provenance_audit/cases/085.md,SCRATCH,tone-v2,KEEP_SCRATCH,,false
docs/tone-v2/_audit_scratch/candidate_provenance_audit/cases/086.json,SCRATCH,tone-v2,KEEP_SCRATCH,,false
docs/tone-v2/_audit_scratch/candidate_provenance_audit/cases/086.md,SCRATCH,tone-v2,KEEP_SCRATCH,,false
docs/tone-v2/_audit_scratch/candidate_provenance_audit/cases/087.json,SCRATCH,tone-v2,KEEP_SCRATCH,,false
docs/tone-v2/_audit_scratch/candidate_provenance_audit/cases/087.md,SCRATCH,tone-v2,KEEP_SCRATCH,,false
docs/tone-v2/_audit_scratch/candidate_provenance_audit/cases/088.json,SCRATCH,tone-v2,KEEP_SCRATCH,,false
docs/tone-v2/_audit_scratch/candidate_provenance_audit/cases/088.md,SCRATCH,tone-v2,KEEP_SCRATCH,,false
docs/tone-v2/_audit_scratch/candidate_provenance_audit/cases/089.json,SCRATCH,tone-v2,KEEP_SCRATCH,,false
docs/tone-v2/_audit_scratch/candidate_provenance_audit/cases/089.md,SCRATCH,tone-v2,KEEP_SCRATCH,,false
docs/tone-v2/_audit_scratch/candidate_provenance_audit/cases/090.json,SCRATCH,tone-v2,KEEP_SCRATCH,,false
docs/tone-v2/_audit_scratch/candidate_provenance_audit/cases/090.md,SCRATCH,tone-v2,KEEP_SCRATCH,,false
docs/tone-v2/_audit_scratch/candidate_provenance_audit/cases/091.json,SCRATCH,tone-v2,KEEP_SCRATCH,,false
docs/tone-v2/_audit_scratch/candidate_provenance_audit/cases/091.md,SCRATCH,tone-v2,KEEP_SCRATCH,,false
docs/tone-v2/_audit_scratch/candidate_provenance_audit/cases/092.json,SCRATCH,tone-v2,KEEP_SCRATCH,,false
docs/tone-v2/_audit_scratch/candidate_provenance_audit/cases/092.md,SCRATCH,tone-v2,KEEP_SCRATCH,,false
docs/tone-v2/_audit_scratch/candidate_provenance_audit/cases/093.json,SCRATCH,tone-v2,KEEP_SCRATCH,,false
docs/tone-v2/_audit_scratch/candidate_provenance_audit/cases/093.md,SCRATCH,tone-v2,KEEP_SCRATCH,,false
docs/tone-v2/_audit_scratch/candidate_provenance_audit/cases/094.json,SCRATCH,tone-v2,KEEP_SCRATCH,,false
docs/tone-v2/_audit_scratch/candidate_provenance_audit/cases/094.md,SCRATCH,tone-v2,KEEP_SCRATCH,,false
docs/tone-v2/_audit_scratch/candidate_provenance_audit/cases/095.json,SCRATCH,tone-v2,KEEP_SCRATCH,,false
docs/tone-v2/_audit_scratch/candidate_provenance_audit/cases/095.md,SCRATCH,tone-v2,KEEP_SCRATCH,,false
docs/tone-v2/_audit_scratch/candidate_provenance_audit/cases/096.json,SCRATCH,tone-v2,KEEP_SCRATCH,,false
docs/tone-v2/_audit_scratch/candidate_provenance_audit/cases/096.md,SCRATCH,tone-v2,KEEP_SCRATCH,,false
docs/tone-v2/_audit_scratch/candidate_provenance_audit/cases/097.json,SCRATCH,tone-v2,KEEP_SCRATCH,,false
docs/tone-v2/_audit_scratch/candidate_provenance_audit/cases/097.md,SCRATCH,tone-v2,KEEP_SCRATCH,,false
docs/tone-v2/_audit_scratch/candidate_provenance_audit/cases/098.json,SCRATCH,tone-v2,KEEP_SCRATCH,,false
docs/tone-v2/_audit_scratch/candidate_provenance_audit/cases/098.md,SCRATCH,tone-v2,KEEP_SCRATCH,,false
docs/tone-v2/_audit_scratch/candidate_provenance_audit/cases/099.json,SCRATCH,tone-v2,KEEP_SCRATCH,,false
docs/tone-v2/_audit_scratch/candidate_provenance_audit/cases/099.md,SCRATCH,tone-v2,KEEP_SCRATCH,,false
docs/tone-v2/_audit_scratch/candidate_provenance_audit/cases/100.json,SCRATCH,tone-v2,KEEP_SCRATCH,,false
docs/tone-v2/_audit_scratch/candidate_provenance_audit/cases/100.md,SCRATCH,tone-v2,KEEP_SCRATCH,,false
docs/tone-v2/_audit_scratch/candidate_provenance_audit/cases/101.json,SCRATCH,tone-v2,KEEP_SCRATCH,,false
docs/tone-v2/_audit_scratch/candidate_provenance_audit/cases/101.md,SCRATCH,tone-v2,KEEP_SCRATCH,,false
docs/tone-v2/_audit_scratch/candidate_provenance_audit/cases/102.json,SCRATCH,tone-v2,KEEP_SCRATCH,,false
docs/tone-v2/_audit_scratch/candidate_provenance_audit/cases/102.md,SCRATCH,tone-v2,KEEP_SCRATCH,,false
docs/tone-v2/_audit_scratch/candidate_provenance_audit/cases/103.json,SCRATCH,tone-v2,KEEP_SCRATCH,,false
docs/tone-v2/_audit_scratch/candidate_provenance_audit/cases/103.md,SCRATCH,tone-v2,KEEP_SCRATCH,,false
docs/tone-v2/_audit_scratch/candidate_provenance_audit/cases/104.json,SCRATCH,tone-v2,KEEP_SCRATCH,,false
docs/tone-v2/_audit_scratch/candidate_provenance_audit/cases/104.md,SCRATCH,tone-v2,KEEP_SCRATCH,,false
docs/tone-v2/_audit_scratch/candidate_provenance_audit/cases/105.json,SCRATCH,tone-v2,KEEP_SCRATCH,,false
docs/tone-v2/_audit_scratch/candidate_provenance_audit/cases/105.md,SCRATCH,tone-v2,KEEP_SCRATCH,,false
docs/tone-v2/_audit_scratch/candidate_provenance_audit/cases/106.json,SCRATCH,tone-v2,KEEP_SCRATCH,,false
docs/tone-v2/_audit_scratch/candidate_provenance_audit/cases/106.md,SCRATCH,tone-v2,KEEP_SCRATCH,,false
docs/tone-v2/_audit_scratch/candidate_provenance_audit/cases/107.json,SCRATCH,tone-v2,KEEP_SCRATCH,,false
docs/tone-v2/_audit_scratch/candidate_provenance_audit/cases/107.md,SCRATCH,tone-v2,KEEP_SCRATCH,,false
docs/tone-v2/_audit_scratch/candidate_provenance_audit/cases/108.json,SCRATCH,tone-v2,KEEP_SCRATCH,,false
docs/tone-v2/_audit_scratch/candidate_provenance_audit/cases/108.md,SCRATCH,tone-v2,KEEP_SCRATCH,,false
docs/tone-v2/_audit_scratch/candidate_provenance_audit/cases/109.json,SCRATCH,tone-v2,KEEP_SCRATCH,,false
docs/tone-v2/_audit_scratch/candidate_provenance_audit/cases/109.md,SCRATCH,tone-v2,KEEP_SCRATCH,,false
docs/tone-v2/_audit_scratch/candidate_provenance_audit/cases/110.json,SCRATCH,tone-v2,KEEP_SCRATCH,,false
docs/tone-v2/_audit_scratch/candidate_provenance_audit/cases/110.md,SCRATCH,tone-v2,KEEP_SCRATCH,,false
docs/tone-v2/_audit_scratch/candidate_provenance_audit/cases/111.json,SCRATCH,tone-v2,KEEP_SCRATCH,,false
docs/tone-v2/_audit_scratch/candidate_provenance_audit/cases/111.md,SCRATCH,tone-v2,KEEP_SCRATCH,,false
docs/tone-v2/_audit_scratch/candidate_provenance_audit/cases/112.json,SCRATCH,tone-v2,KEEP_SCRATCH,,false
docs/tone-v2/_audit_scratch/candidate_provenance_audit/cases/112.md,SCRATCH,tone-v2,KEEP_SCRATCH,,false
docs/tone-v2/_audit_scratch/candidate_provenance_audit/cases/113.json,SCRATCH,tone-v2,KEEP_SCRATCH,,false
docs/tone-v2/_audit_scratch/candidate_provenance_audit/cases/113.md,SCRATCH,tone-v2,KEEP_SCRATCH,,false
docs/tone-v2/_audit_scratch/candidate_provenance_audit/cases/114.json,SCRATCH,tone-v2,KEEP_SCRATCH,,false
docs/tone-v2/_audit_scratch/candidate_provenance_audit/cases/114.md,SCRATCH,tone-v2,KEEP_SCRATCH,,false
docs/tone-v2/_audit_scratch/candidate_provenance_audit/cases/115.json,SCRATCH,tone-v2,KEEP_SCRATCH,,false
docs/tone-v2/_audit_scratch/candidate_provenance_audit/cases/115.md,SCRATCH,tone-v2,KEEP_SCRATCH,,false
docs/tone-v2/_audit_scratch/candidate_provenance_audit/cases/116.json,SCRATCH,tone-v2,KEEP_SCRATCH,,false
docs/tone-v2/_audit_scratch/candidate_provenance_audit/cases/116.md,SCRATCH,tone-v2,KEEP_SCRATCH,,false
docs/tone-v2/_audit_scratch/candidate_provenance_audit/cases/117.json,SCRATCH,tone-v2,KEEP_SCRATCH,,false
docs/tone-v2/_audit_scratch/candidate_provenance_audit/cases/117.md,SCRATCH,tone-v2,KEEP_SCRATCH,,false
docs/tone-v2/_audit_scratch/candidate_provenance_audit/cases/118.json,SCRATCH,tone-v2,KEEP_SCRATCH,,false
docs/tone-v2/_audit_scratch/candidate_provenance_audit/cases/118.md,SCRATCH,tone-v2,KEEP_SCRATCH,,false
docs/tone-v2/_audit_scratch/candidate_provenance_audit/cases/119.json,SCRATCH,tone-v2,KEEP_SCRATCH,,false
docs/tone-v2/_audit_scratch/candidate_provenance_audit/cases/119.md,SCRATCH,tone-v2,KEEP_SCRATCH,,false
docs/tone-v2/_audit_scratch/candidate_provenance_audit/cases/120.json,SCRATCH,tone-v2,KEEP_SCRATCH,,false
docs/tone-v2/_audit_scratch/candidate_provenance_audit/cases/120.md,SCRATCH,tone-v2,KEEP_SCRATCH,,false
docs/tone-v2/_audit_scratch/candidate_provenance_audit/cases/121.json,SCRATCH,tone-v2,KEEP_SCRATCH,,false
docs/tone-v2/_audit_scratch/candidate_provenance_audit/cases/121.md,SCRATCH,tone-v2,KEEP_SCRATCH,,false
docs/tone-v2/_audit_scratch/candidate_provenance_audit/cases/122.json,SCRATCH,tone-v2,KEEP_SCRATCH,,false
docs/tone-v2/_audit_scratch/candidate_provenance_audit/cases/122.md,SCRATCH,tone-v2,KEEP_SCRATCH,,false
docs/tone-v2/_audit_scratch/candidate_provenance_audit/cases/123.json,SCRATCH,tone-v2,KEEP_SCRATCH,,false
docs/tone-v2/_audit_scratch/candidate_provenance_audit/cases/123.md,SCRATCH,tone-v2,KEEP_SCRATCH,,false
docs/tone-v2/_audit_scratch/candidate_provenance_audit/cases/124.json,SCRATCH,tone-v2,KEEP_SCRATCH,,false
docs/tone-v2/_audit_scratch/candidate_provenance_audit/cases/124.md,SCRATCH,tone-v2,KEEP_SCRATCH,,false
docs/tone-v2/_audit_scratch/candidate_provenance_audit/cases/125.json,SCRATCH,tone-v2,KEEP_SCRATCH,,false
docs/tone-v2/_audit_scratch/candidate_provenance_audit/cases/125.md,SCRATCH,tone-v2,KEEP_SCRATCH,,false
docs/tone-v2/_audit_scratch/candidate_provenance_audit/cases/126.json,SCRATCH,tone-v2,KEEP_SCRATCH,,false
docs/tone-v2/_audit_scratch/candidate_provenance_audit/cases/126.md,SCRATCH,tone-v2,KEEP_SCRATCH,,false
docs/tone-v2/_audit_scratch/candidate_provenance_audit/cases/127.json,SCRATCH,tone-v2,KEEP_SCRATCH,,false
docs/tone-v2/_audit_scratch/candidate_provenance_audit/cases/127.md,SCRATCH,tone-v2,KEEP_SCRATCH,,false
docs/tone-v2/_audit_scratch/candidate_provenance_audit/cases/128.json,SCRATCH,tone-v2,KEEP_SCRATCH,,false
docs/tone-v2/_audit_scratch/candidate_provenance_audit/cases/128.md,SCRATCH,tone-v2,KEEP_SCRATCH,,false
docs/tone-v2/_audit_scratch/candidate_provenance_audit/cases/129.json,SCRATCH,tone-v2,KEEP_SCRATCH,,false
docs/tone-v2/_audit_scratch/candidate_provenance_audit/cases/129.md,SCRATCH,tone-v2,KEEP_SCRATCH,,false
docs/tone-v2/_audit_scratch/candidate_provenance_audit/cases/130.json,SCRATCH,tone-v2,KEEP_SCRATCH,,false
docs/tone-v2/_audit_scratch/candidate_provenance_audit/cases/130.md,SCRATCH,tone-v2,KEEP_SCRATCH,,false
docs/tone-v2/_audit_scratch/candidate_provenance_audit/cases/131.json,SCRATCH,tone-v2,KEEP_SCRATCH,,false
docs/tone-v2/_audit_scratch/candidate_provenance_audit/cases/131.md,SCRATCH,tone-v2,KEEP_SCRATCH,,false
docs/tone-v2/_audit_scratch/candidate_provenance_audit/cases/132.json,SCRATCH,tone-v2,KEEP_SCRATCH,,false
docs/tone-v2/_audit_scratch/candidate_provenance_audit/cases/132.md,SCRATCH,tone-v2,KEEP_SCRATCH,,false
docs/tone-v2/_audit_scratch/candidate_provenance_audit/cases/133.json,SCRATCH,tone-v2,KEEP_SCRATCH,,false
docs/tone-v2/_audit_scratch/candidate_provenance_audit/cases/133.md,SCRATCH,tone-v2,KEEP_SCRATCH,,false
docs/tone-v2/_audit_scratch/candidate_provenance_audit/cases/134.json,SCRATCH,tone-v2,KEEP_SCRATCH,,false
docs/tone-v2/_audit_scratch/candidate_provenance_audit/cases/134.md,SCRATCH,tone-v2,KEEP_SCRATCH,,false
docs/tone-v2/_audit_scratch/candidate_provenance_audit/cases/135.json,SCRATCH,tone-v2,KEEP_SCRATCH,,false
docs/tone-v2/_audit_scratch/candidate_provenance_audit/cases/135.md,SCRATCH,tone-v2,KEEP_SCRATCH,,false
docs/tone-v2/_audit_scratch/candidate_provenance_audit/cases/136.json,SCRATCH,tone-v2,KEEP_SCRATCH,,false
docs/tone-v2/_audit_scratch/candidate_provenance_audit/cases/136.md,SCRATCH,tone-v2,KEEP_SCRATCH,,false
docs/tone-v2/_audit_scratch/candidate_provenance_audit/cases/137.json,SCRATCH,tone-v2,KEEP_SCRATCH,,false
docs/tone-v2/_audit_scratch/candidate_provenance_audit/cases/137.md,SCRATCH,tone-v2,KEEP_SCRATCH,,false
docs/tone-v2/_audit_scratch/candidate_provenance_audit/cases/138.json,SCRATCH,tone-v2,KEEP_SCRATCH,,false
docs/tone-v2/_audit_scratch/candidate_provenance_audit/cases/138.md,SCRATCH,tone-v2,KEEP_SCRATCH,,false
docs/tone-v2/_audit_scratch/candidate_provenance_audit/cases/139.json,SCRATCH,tone-v2,KEEP_SCRATCH,,false
docs/tone-v2/_audit_scratch/candidate_provenance_audit/cases/139.md,SCRATCH,tone-v2,KEEP_SCRATCH,,false
docs/tone-v2/_audit_scratch/candidate_provenance_audit/cases/140.json,SCRATCH,tone-v2,KEEP_SCRATCH,,false
docs/tone-v2/_audit_scratch/candidate_provenance_audit/cases/140.md,SCRATCH,tone-v2,KEEP_SCRATCH,,false
docs/tone-v2/_audit_scratch/candidate_provenance_audit/cases/141.json,SCRATCH,tone-v2,KEEP_SCRATCH,,false
docs/tone-v2/_audit_scratch/candidate_provenance_audit/cases/141.md,SCRATCH,tone-v2,KEEP_SCRATCH,,false
docs/tone-v2/_audit_scratch/candidate_provenance_audit/cases/142.json,SCRATCH,tone-v2,KEEP_SCRATCH,,false
docs/tone-v2/_audit_scratch/candidate_provenance_audit/cases/142.md,SCRATCH,tone-v2,KEEP_SCRATCH,,false
docs/tone-v2/_audit_scratch/candidate_provenance_audit/cases/143.json,SCRATCH,tone-v2,KEEP_SCRATCH,,false
docs/tone-v2/_audit_scratch/candidate_provenance_audit/cases/143.md,SCRATCH,tone-v2,KEEP_SCRATCH,,false
docs/tone-v2/_audit_scratch/candidate_provenance_audit/cases/144.json,SCRATCH,tone-v2,KEEP_SCRATCH,,false
docs/tone-v2/_audit_scratch/candidate_provenance_audit/cases/144.md,SCRATCH,tone-v2,KEEP_SCRATCH,,false
docs/tone-v2/_audit_scratch/candidate_provenance_audit/cases/145.json,SCRATCH,tone-v2,KEEP_SCRATCH,,false
docs/tone-v2/_audit_scratch/candidate_provenance_audit/cases/145.md,SCRATCH,tone-v2,KEEP_SCRATCH,,false
docs/tone-v2/_audit_scratch/candidate_provenance_audit/cases/146.json,SCRATCH,tone-v2,KEEP_SCRATCH,,false
docs/tone-v2/_audit_scratch/candidate_provenance_audit/cases/146.md,SCRATCH,tone-v2,KEEP_SCRATCH,,false
docs/tone-v2/_audit_scratch/candidate_provenance_audit/cases/147.json,SCRATCH,tone-v2,KEEP_SCRATCH,,false
docs/tone-v2/_audit_scratch/candidate_provenance_audit/cases/147.md,SCRATCH,tone-v2,KEEP_SCRATCH,,false
docs/tone-v2/_audit_scratch/candidate_provenance_audit/cases/148.json,SCRATCH,tone-v2,KEEP_SCRATCH,,false
docs/tone-v2/_audit_scratch/candidate_provenance_audit/cases/148.md,SCRATCH,tone-v2,KEEP_SCRATCH,,false
docs/tone-v2/_audit_scratch/candidate_provenance_audit/cases/149.json,SCRATCH,tone-v2,KEEP_SCRATCH,,false
docs/tone-v2/_audit_scratch/candidate_provenance_audit/cases/149.md,SCRATCH,tone-v2,KEEP_SCRATCH,,false
docs/tone-v2/_audit_scratch/candidate_provenance_audit/cases/150.json,SCRATCH,tone-v2,KEEP_SCRATCH,,false
docs/tone-v2/_audit_scratch/candidate_provenance_audit/cases/150.md,SCRATCH,tone-v2,KEEP_SCRATCH,,false
docs/tone-v2/_audit_scratch/candidate_provenance_audit/cases/151.json,SCRATCH,tone-v2,KEEP_SCRATCH,,false
docs/tone-v2/_audit_scratch/candidate_provenance_audit/cases/151.md,SCRATCH,tone-v2,KEEP_SCRATCH,,false
docs/tone-v2/_audit_scratch/candidate_provenance_audit/cases/152.json,SCRATCH,tone-v2,KEEP_SCRATCH,,false
docs/tone-v2/_audit_scratch/candidate_provenance_audit/cases/152.md,SCRATCH,tone-v2,KEEP_SCRATCH,,false
docs/tone-v2/_audit_scratch/candidate_provenance_audit/cases/153.json,SCRATCH,tone-v2,KEEP_SCRATCH,,false
docs/tone-v2/_audit_scratch/candidate_provenance_audit/cases/153.md,SCRATCH,tone-v2,KEEP_SCRATCH,,false
docs/tone-v2/_audit_scratch/candidate_provenance_audit/cases/154.json,SCRATCH,tone-v2,KEEP_SCRATCH,,false
docs/tone-v2/_audit_scratch/candidate_provenance_audit/cases/154.md,SCRATCH,tone-v2,KEEP_SCRATCH,,false
docs/tone-v2/_audit_scratch/candidate_provenance_audit/cases/155.json,SCRATCH,tone-v2,KEEP_SCRATCH,,false
docs/tone-v2/_audit_scratch/candidate_provenance_audit/cases/155.md,SCRATCH,tone-v2,KEEP_SCRATCH,,false
docs/tone-v2/_audit_scratch/candidate_provenance_audit/cases/156.json,SCRATCH,tone-v2,KEEP_SCRATCH,,false
docs/tone-v2/_audit_scratch/candidate_provenance_audit/cases/156.md,SCRATCH,tone-v2,KEEP_SCRATCH,,false
docs/tone-v2/_audit_scratch/candidate_provenance_audit/cases/157.json,SCRATCH,tone-v2,KEEP_SCRATCH,,false
docs/tone-v2/_audit_scratch/candidate_provenance_audit/cases/157.md,SCRATCH,tone-v2,KEEP_SCRATCH,,false
docs/tone-v2/_audit_scratch/candidate_provenance_audit/cases/158.json,SCRATCH,tone-v2,KEEP_SCRATCH,,false
docs/tone-v2/_audit_scratch/candidate_provenance_audit/cases/158.md,SCRATCH,tone-v2,KEEP_SCRATCH,,false
docs/tone-v2/_audit_scratch/candidate_provenance_audit/cases/159.json,SCRATCH,tone-v2,KEEP_SCRATCH,,false
docs/tone-v2/_audit_scratch/candidate_provenance_audit/cases/159.md,SCRATCH,tone-v2,KEEP_SCRATCH,,false
docs/tone-v2/_audit_scratch/candidate_provenance_audit/cases/160.json,SCRATCH,tone-v2,KEEP_SCRATCH,,false
docs/tone-v2/_audit_scratch/candidate_provenance_audit/cases/160.md,SCRATCH,tone-v2,KEEP_SCRATCH,,false
docs/tone-v2/_audit_scratch/candidate_provenance_audit/cases/161.json,SCRATCH,tone-v2,KEEP_SCRATCH,,false
docs/tone-v2/_audit_scratch/candidate_provenance_audit/cases/161.md,SCRATCH,tone-v2,KEEP_SCRATCH,,false
docs/tone-v2/_audit_scratch/candidate_provenance_audit/cases/162.json,SCRATCH,tone-v2,KEEP_SCRATCH,,false
docs/tone-v2/_audit_scratch/candidate_provenance_audit/cases/162.md,SCRATCH,tone-v2,KEEP_SCRATCH,,false
docs/tone-v2/_audit_scratch/candidate_provenance_audit/cases/163.json,SCRATCH,tone-v2,KEEP_SCRATCH,,false
docs/tone-v2/_audit_scratch/candidate_provenance_audit/cases/163.md,SCRATCH,tone-v2,KEEP_SCRATCH,,false
docs/tone-v2/_audit_scratch/candidate_provenance_audit/cases/164.json,SCRATCH,tone-v2,KEEP_SCRATCH,,false
docs/tone-v2/_audit_scratch/candidate_provenance_audit/cases/164.md,SCRATCH,tone-v2,KEEP_SCRATCH,,false
docs/tone-v2/_audit_scratch/candidate_provenance_audit/cases/165.json,SCRATCH,tone-v2,KEEP_SCRATCH,,false
docs/tone-v2/_audit_scratch/candidate_provenance_audit/cases/165.md,SCRATCH,tone-v2,KEEP_SCRATCH,,false
docs/tone-v2/_audit_scratch/candidate_provenance_audit/cases/166.json,SCRATCH,tone-v2,KEEP_SCRATCH,,false
docs/tone-v2/_audit_scratch/candidate_provenance_audit/cases/166.md,SCRATCH,tone-v2,KEEP_SCRATCH,,false
docs/tone-v2/_audit_scratch/candidate_provenance_audit/cases/167.json,SCRATCH,tone-v2,KEEP_SCRATCH,,false
docs/tone-v2/_audit_scratch/candidate_provenance_audit/cases/167.md,SCRATCH,tone-v2,KEEP_SCRATCH,,false
docs/tone-v2/_audit_scratch/candidate_provenance_audit/cases/168.json,SCRATCH,tone-v2,KEEP_SCRATCH,,false
docs/tone-v2/_audit_scratch/candidate_provenance_audit/cases/168.md,SCRATCH,tone-v2,KEEP_SCRATCH,,false
docs/tone-v2/_audit_scratch/candidate_provenance_audit/cases/169.json,SCRATCH,tone-v2,KEEP_SCRATCH,,false
docs/tone-v2/_audit_scratch/candidate_provenance_audit/cases/169.md,SCRATCH,tone-v2,KEEP_SCRATCH,,false
docs/tone-v2/_audit_scratch/candidate_provenance_audit/cases/170.json,SCRATCH,tone-v2,KEEP_SCRATCH,,false
docs/tone-v2/_audit_scratch/candidate_provenance_audit/cases/170.md,SCRATCH,tone-v2,KEEP_SCRATCH,,false
docs/tone-v2/_audit_scratch/candidate_provenance_audit/cases/171.json,SCRATCH,tone-v2,KEEP_SCRATCH,,false
docs/tone-v2/_audit_scratch/candidate_provenance_audit/cases/171.md,SCRATCH,tone-v2,KEEP_SCRATCH,,false
docs/tone-v2/_audit_scratch/candidate_provenance_audit/cases/172.json,SCRATCH,tone-v2,KEEP_SCRATCH,,false
docs/tone-v2/_audit_scratch/candidate_provenance_audit/cases/172.md,SCRATCH,tone-v2,KEEP_SCRATCH,,false
docs/tone-v2/_audit_scratch/candidate_provenance_audit/cases/173.json,SCRATCH,tone-v2,KEEP_SCRATCH,,false
docs/tone-v2/_audit_scratch/candidate_provenance_audit/cases/173.md,SCRATCH,tone-v2,KEEP_SCRATCH,,false
docs/tone-v2/_audit_scratch/candidate_provenance_audit/cases/174.json,SCRATCH,tone-v2,KEEP_SCRATCH,,false
docs/tone-v2/_audit_scratch/candidate_provenance_audit/cases/174.md,SCRATCH,tone-v2,KEEP_SCRATCH,,false
docs/tone-v2/_audit_scratch/candidate_provenance_audit/cases/175.json,SCRATCH,tone-v2,KEEP_SCRATCH,,false
docs/tone-v2/_audit_scratch/candidate_provenance_audit/cases/175.md,SCRATCH,tone-v2,KEEP_SCRATCH,,false
docs/tone-v2/_audit_scratch/candidate_provenance_audit/cases/176.json,SCRATCH,tone-v2,KEEP_SCRATCH,,false
docs/tone-v2/_audit_scratch/candidate_provenance_audit/cases/176.md,SCRATCH,tone-v2,KEEP_SCRATCH,,false
docs/tone-v2/_audit_scratch/candidate_provenance_audit/cases/177.json,SCRATCH,tone-v2,KEEP_SCRATCH,,false
docs/tone-v2/_audit_scratch/candidate_provenance_audit/cases/177.md,SCRATCH,tone-v2,KEEP_SCRATCH,,false
docs/tone-v2/_audit_scratch/candidate_provenance_audit/cases/178.json,SCRATCH,tone-v2,KEEP_SCRATCH,,false
docs/tone-v2/_audit_scratch/candidate_provenance_audit/cases/178.md,SCRATCH,tone-v2,KEEP_SCRATCH,,false
docs/tone-v2/_audit_scratch/candidate_provenance_audit/cases/179.json,SCRATCH,tone-v2,KEEP_SCRATCH,,false
docs/tone-v2/_audit_scratch/candidate_provenance_audit/cases/179.md,SCRATCH,tone-v2,KEEP_SCRATCH,,false
docs/tone-v2/_audit_scratch/candidate_provenance_audit/cases/180.json,SCRATCH,tone-v2,KEEP_SCRATCH,,false
docs/tone-v2/_audit_scratch/candidate_provenance_audit/cases/180.md,SCRATCH,tone-v2,KEEP_SCRATCH,,false
docs/tone-v2/_audit_scratch/candidate_provenance_audit/cases/181.json,SCRATCH,tone-v2,KEEP_SCRATCH,,false
docs/tone-v2/_audit_scratch/candidate_provenance_audit/cases/181.md,SCRATCH,tone-v2,KEEP_SCRATCH,,false
docs/tone-v2/_audit_scratch/candidate_provenance_audit/cases/182.json,SCRATCH,tone-v2,KEEP_SCRATCH,,false
docs/tone-v2/_audit_scratch/candidate_provenance_audit/cases/182.md,SCRATCH,tone-v2,KEEP_SCRATCH,,false
docs/tone-v2/_audit_scratch/candidate_provenance_audit/cases/183.json,SCRATCH,tone-v2,KEEP_SCRATCH,,false
docs/tone-v2/_audit_scratch/candidate_provenance_audit/cases/183.md,SCRATCH,tone-v2,KEEP_SCRATCH,,false
docs/tone-v2/_audit_scratch/candidate_provenance_audit/cases/184.json,SCRATCH,tone-v2,KEEP_SCRATCH,,false
docs/tone-v2/_audit_scratch/candidate_provenance_audit/cases/184.md,SCRATCH,tone-v2,KEEP_SCRATCH,,false
docs/tone-v2/_audit_scratch/candidate_provenance_audit/cases/185.json,SCRATCH,tone-v2,KEEP_SCRATCH,,false
docs/tone-v2/_audit_scratch/candidate_provenance_audit/cases/185.md,SCRATCH,tone-v2,KEEP_SCRATCH,,false
docs/tone-v2/_audit_scratch/candidate_provenance_audit/cases/186.json,SCRATCH,tone-v2,KEEP_SCRATCH,,false
docs/tone-v2/_audit_scratch/candidate_provenance_audit/cases/186.md,SCRATCH,tone-v2,KEEP_SCRATCH,,false
docs/tone-v2/_audit_scratch/candidate_provenance_audit/cases/187.json,SCRATCH,tone-v2,KEEP_SCRATCH,,false
docs/tone-v2/_audit_scratch/candidate_provenance_audit/cases/187.md,SCRATCH,tone-v2,KEEP_SCRATCH,,false
docs/tone-v2/_audit_scratch/candidate_provenance_audit/cases/188.json,SCRATCH,tone-v2,KEEP_SCRATCH,,false
docs/tone-v2/_audit_scratch/candidate_provenance_audit/cases/188.md,SCRATCH,tone-v2,KEEP_SCRATCH,,false
docs/tone-v2/_audit_scratch/candidate_provenance_audit/cases/189.json,SCRATCH,tone-v2,KEEP_SCRATCH,,false
docs/tone-v2/_audit_scratch/candidate_provenance_audit/cases/189.md,SCRATCH,tone-v2,KEEP_SCRATCH,,false
docs/tone-v2/_audit_scratch/candidate_provenance_audit/cases/190.json,SCRATCH,tone-v2,KEEP_SCRATCH,,false
docs/tone-v2/_audit_scratch/candidate_provenance_audit/cases/190.md,SCRATCH,tone-v2,KEEP_SCRATCH,,false
docs/tone-v2/_audit_scratch/candidate_provenance_audit/cases/191.json,SCRATCH,tone-v2,KEEP_SCRATCH,,false
docs/tone-v2/_audit_scratch/candidate_provenance_audit/cases/191.md,SCRATCH,tone-v2,KEEP_SCRATCH,,false
docs/tone-v2/_audit_scratch/candidate_provenance_audit/cases/192.json,SCRATCH,tone-v2,KEEP_SCRATCH,,false
docs/tone-v2/_audit_scratch/candidate_provenance_audit/cases/192.md,SCRATCH,tone-v2,KEEP_SCRATCH,,false
docs/tone-v2/_audit_scratch/candidate_provenance_audit/cases/193.json,SCRATCH,tone-v2,KEEP_SCRATCH,,false
docs/tone-v2/_audit_scratch/candidate_provenance_audit/cases/193.md,SCRATCH,tone-v2,KEEP_SCRATCH,,false
docs/tone-v2/_audit_scratch/candidate_provenance_audit/cases/194.json,SCRATCH,tone-v2,KEEP_SCRATCH,,false
docs/tone-v2/_audit_scratch/candidate_provenance_audit/cases/194.md,SCRATCH,tone-v2,KEEP_SCRATCH,,false
docs/tone-v2/_audit_scratch/candidate_provenance_audit/cases/195.json,SCRATCH,tone-v2,KEEP_SCRATCH,,false
docs/tone-v2/_audit_scratch/candidate_provenance_audit/cases/195.md,SCRATCH,tone-v2,KEEP_SCRATCH,,false
docs/tone-v2/_audit_scratch/candidate_provenance_audit/cases/196.json,SCRATCH,tone-v2,KEEP_SCRATCH,,false
docs/tone-v2/_audit_scratch/candidate_provenance_audit/cases/196.md,SCRATCH,tone-v2,KEEP_SCRATCH,,false
docs/tone-v2/_audit_scratch/candidate_provenance_audit/cases/197.json,SCRATCH,tone-v2,KEEP_SCRATCH,,false
docs/tone-v2/_audit_scratch/candidate_provenance_audit/cases/197.md,SCRATCH,tone-v2,KEEP_SCRATCH,,false
docs/tone-v2/_audit_scratch/candidate_provenance_audit/cases/198.json,SCRATCH,tone-v2,KEEP_SCRATCH,,false
docs/tone-v2/_audit_scratch/candidate_provenance_audit/cases/198.md,SCRATCH,tone-v2,KEEP_SCRATCH,,false
docs/tone-v2/_audit_scratch/candidate_provenance_audit/cases/199.json,SCRATCH,tone-v2,KEEP_SCRATCH,,false
docs/tone-v2/_audit_scratch/candidate_provenance_audit/cases/199.md,SCRATCH,tone-v2,KEEP_SCRATCH,,false
docs/tone-v2/_audit_scratch/candidate_provenance_audit/cases/200.json,SCRATCH,tone-v2,KEEP_SCRATCH,,false
docs/tone-v2/_audit_scratch/candidate_provenance_audit/cases/200.md,SCRATCH,tone-v2,KEEP_SCRATCH,,false
docs/tone-v2/_audit_scratch/candidate_provenance_audit/global_lists.json,SCRATCH,tone-v2,KEEP_SCRATCH,,false
docs/tone-v2/_audit_scratch/dialog200-gt-ltr-probe.out.txt,SCRATCH,tone-v2,KEEP_SCRATCH,,false
docs/tone-v2/_audit_scratch/dialog200_candidate_sentence_export/dialog200_all_candidate_sentences.csv,SCRATCH,tone-v2,KEEP_SCRATCH,,false
docs/tone-v2/_audit_scratch/dialog200_candidate_sentence_export/dialog200_all_candidate_sentences.json,SCRATCH,tone-v2,KEEP_SCRATCH,,false
docs/tone-v2/_audit_scratch/dialog200_candidate_sentence_export/dialog200_candidate_cap_cases.md,SCRATCH,tone-v2,KEEP_SCRATCH,,false
docs/tone-v2/_audit_scratch/dialog200_candidate_sentence_export/dialog200_multi_candidate_cases.md,SCRATCH,tone-v2,KEEP_SCRATCH,,false
docs/tone-v2/_audit_scratch/dialog200_gt_ltr_partition_probe.json,SCRATCH,tone-v2,KEEP_SCRATCH,,false
docs/tone-v2/_audit_scratch/dialog200_sentence_assembly_trace/001.json,SCRATCH,tone-v2,KEEP_SCRATCH,,false
docs/tone-v2/_audit_scratch/dialog200_sentence_assembly_trace/001.md,SCRATCH,tone-v2,KEEP_SCRATCH,,false
docs/tone-v2/_audit_scratch/dialog200_sentence_assembly_trace/002.json,SCRATCH,tone-v2,KEEP_SCRATCH,,false
docs/tone-v2/_audit_scratch/dialog200_sentence_assembly_trace/002.md,SCRATCH,tone-v2,KEEP_SCRATCH,,false
docs/tone-v2/_audit_scratch/dialog200_sentence_assembly_trace/003.json,SCRATCH,tone-v2,KEEP_SCRATCH,,false
docs/tone-v2/_audit_scratch/dialog200_sentence_assembly_trace/003.md,SCRATCH,tone-v2,KEEP_SCRATCH,,false
docs/tone-v2/_audit_scratch/dialog200_sentence_assembly_trace/004.json,SCRATCH,tone-v2,KEEP_SCRATCH,,false
docs/tone-v2/_audit_scratch/dialog200_sentence_assembly_trace/004.md,SCRATCH,tone-v2,KEEP_SCRATCH,,false
docs/tone-v2/_audit_scratch/dialog200_sentence_assembly_trace/005.json,SCRATCH,tone-v2,KEEP_SCRATCH,,false
docs/tone-v2/_audit_scratch/dialog200_sentence_assembly_trace/005.md,SCRATCH,tone-v2,KEEP_SCRATCH,,false
docs/tone-v2/_audit_scratch/dialog200_sentence_assembly_trace/006.json,SCRATCH,tone-v2,KEEP_SCRATCH,,false
docs/tone-v2/_audit_scratch/dialog200_sentence_assembly_trace/006.md,SCRATCH,tone-v2,KEEP_SCRATCH,,false
docs/tone-v2/_audit_scratch/dialog200_sentence_assembly_trace/007.json,SCRATCH,tone-v2,KEEP_SCRATCH,,false
docs/tone-v2/_audit_scratch/dialog200_sentence_assembly_trace/007.md,SCRATCH,tone-v2,KEEP_SCRATCH,,false
docs/tone-v2/_audit_scratch/dialog200_sentence_assembly_trace/008.json,SCRATCH,tone-v2,KEEP_SCRATCH,,false
docs/tone-v2/_audit_scratch/dialog200_sentence_assembly_trace/008.md,SCRATCH,tone-v2,KEEP_SCRATCH,,false
docs/tone-v2/_audit_scratch/dialog200_sentence_assembly_trace/009.json,SCRATCH,tone-v2,KEEP_SCRATCH,,false
docs/tone-v2/_audit_scratch/dialog200_sentence_assembly_trace/009.md,SCRATCH,tone-v2,KEEP_SCRATCH,,false
docs/tone-v2/_audit_scratch/dialog200_sentence_assembly_trace/010.json,SCRATCH,tone-v2,KEEP_SCRATCH,,false
docs/tone-v2/_audit_scratch/dialog200_sentence_assembly_trace/010.md,SCRATCH,tone-v2,KEEP_SCRATCH,,false
docs/tone-v2/_audit_scratch/dialog200_sentence_assembly_trace/011.json,SCRATCH,tone-v2,KEEP_SCRATCH,,false
docs/tone-v2/_audit_scratch/dialog200_sentence_assembly_trace/011.md,SCRATCH,tone-v2,KEEP_SCRATCH,,false
docs/tone-v2/_audit_scratch/dialog200_sentence_assembly_trace/012.json,SCRATCH,tone-v2,KEEP_SCRATCH,,false
docs/tone-v2/_audit_scratch/dialog200_sentence_assembly_trace/012.md,SCRATCH,tone-v2,KEEP_SCRATCH,,false
docs/tone-v2/_audit_scratch/dialog200_sentence_assembly_trace/013.json,SCRATCH,tone-v2,KEEP_SCRATCH,,false
docs/tone-v2/_audit_scratch/dialog200_sentence_assembly_trace/013.md,SCRATCH,tone-v2,KEEP_SCRATCH,,false
docs/tone-v2/_audit_scratch/dialog200_sentence_assembly_trace/014.json,SCRATCH,tone-v2,KEEP_SCRATCH,,false
docs/tone-v2/_audit_scratch/dialog200_sentence_assembly_trace/014.md,SCRATCH,tone-v2,KEEP_SCRATCH,,false
docs/tone-v2/_audit_scratch/dialog200_sentence_assembly_trace/015.json,SCRATCH,tone-v2,KEEP_SCRATCH,,false
docs/tone-v2/_audit_scratch/dialog200_sentence_assembly_trace/015.md,SCRATCH,tone-v2,KEEP_SCRATCH,,false
docs/tone-v2/_audit_scratch/dialog200_sentence_assembly_trace/016.json,SCRATCH,tone-v2,KEEP_SCRATCH,,false
docs/tone-v2/_audit_scratch/dialog200_sentence_assembly_trace/016.md,SCRATCH,tone-v2,KEEP_SCRATCH,,false
docs/tone-v2/_audit_scratch/dialog200_sentence_assembly_trace/017.json,SCRATCH,tone-v2,KEEP_SCRATCH,,false
docs/tone-v2/_audit_scratch/dialog200_sentence_assembly_trace/017.md,SCRATCH,tone-v2,KEEP_SCRATCH,,false
docs/tone-v2/_audit_scratch/dialog200_sentence_assembly_trace/018.json,SCRATCH,tone-v2,KEEP_SCRATCH,,false
docs/tone-v2/_audit_scratch/dialog200_sentence_assembly_trace/018.md,SCRATCH,tone-v2,KEEP_SCRATCH,,false
docs/tone-v2/_audit_scratch/dialog200_sentence_assembly_trace/019.json,SCRATCH,tone-v2,KEEP_SCRATCH,,false
docs/tone-v2/_audit_scratch/dialog200_sentence_assembly_trace/019.md,SCRATCH,tone-v2,KEEP_SCRATCH,,false
docs/tone-v2/_audit_scratch/dialog200_sentence_assembly_trace/020.json,SCRATCH,tone-v2,KEEP_SCRATCH,,false
docs/tone-v2/_audit_scratch/dialog200_sentence_assembly_trace/020.md,SCRATCH,tone-v2,KEEP_SCRATCH,,false
docs/tone-v2/_audit_scratch/dialog200_sentence_assembly_trace/021.json,SCRATCH,tone-v2,KEEP_SCRATCH,,false
docs/tone-v2/_audit_scratch/dialog200_sentence_assembly_trace/021.md,SCRATCH,tone-v2,KEEP_SCRATCH,,false
docs/tone-v2/_audit_scratch/dialog200_sentence_assembly_trace/022.json,SCRATCH,tone-v2,KEEP_SCRATCH,,false
docs/tone-v2/_audit_scratch/dialog200_sentence_assembly_trace/022.md,SCRATCH,tone-v2,KEEP_SCRATCH,,false
docs/tone-v2/_audit_scratch/dialog200_sentence_assembly_trace/023.json,SCRATCH,tone-v2,KEEP_SCRATCH,,false
docs/tone-v2/_audit_scratch/dialog200_sentence_assembly_trace/023.md,SCRATCH,tone-v2,KEEP_SCRATCH,,false
docs/tone-v2/_audit_scratch/dialog200_sentence_assembly_trace/024.json,SCRATCH,tone-v2,KEEP_SCRATCH,,false
docs/tone-v2/_audit_scratch/dialog200_sentence_assembly_trace/024.md,SCRATCH,tone-v2,KEEP_SCRATCH,,false
docs/tone-v2/_audit_scratch/dialog200_sentence_assembly_trace/025.json,SCRATCH,tone-v2,KEEP_SCRATCH,,false
docs/tone-v2/_audit_scratch/dialog200_sentence_assembly_trace/025.md,SCRATCH,tone-v2,KEEP_SCRATCH,,false
docs/tone-v2/_audit_scratch/dialog200_sentence_assembly_trace/026.json,SCRATCH,tone-v2,KEEP_SCRATCH,,false
docs/tone-v2/_audit_scratch/dialog200_sentence_assembly_trace/026.md,SCRATCH,tone-v2,KEEP_SCRATCH,,false
docs/tone-v2/_audit_scratch/dialog200_sentence_assembly_trace/027.json,SCRATCH,tone-v2,KEEP_SCRATCH,,false
docs/tone-v2/_audit_scratch/dialog200_sentence_assembly_trace/027.md,SCRATCH,tone-v2,KEEP_SCRATCH,,false
docs/tone-v2/_audit_scratch/dialog200_sentence_assembly_trace/028.json,SCRATCH,tone-v2,KEEP_SCRATCH,,false
docs/tone-v2/_audit_scratch/dialog200_sentence_assembly_trace/028.md,SCRATCH,tone-v2,KEEP_SCRATCH,,false
docs/tone-v2/_audit_scratch/dialog200_sentence_assembly_trace/029.json,SCRATCH,tone-v2,KEEP_SCRATCH,,false
docs/tone-v2/_audit_scratch/dialog200_sentence_assembly_trace/029.md,SCRATCH,tone-v2,KEEP_SCRATCH,,false
docs/tone-v2/_audit_scratch/dialog200_sentence_assembly_trace/030.json,SCRATCH,tone-v2,KEEP_SCRATCH,,false
docs/tone-v2/_audit_scratch/dialog200_sentence_assembly_trace/030.md,SCRATCH,tone-v2,KEEP_SCRATCH,,false
docs/tone-v2/_audit_scratch/dialog200_sentence_assembly_trace/031.json,SCRATCH,tone-v2,KEEP_SCRATCH,,false
docs/tone-v2/_audit_scratch/dialog200_sentence_assembly_trace/031.md,SCRATCH,tone-v2,KEEP_SCRATCH,,false
docs/tone-v2/_audit_scratch/dialog200_sentence_assembly_trace/032.json,SCRATCH,tone-v2,KEEP_SCRATCH,,false
docs/tone-v2/_audit_scratch/dialog200_sentence_assembly_trace/032.md,SCRATCH,tone-v2,KEEP_SCRATCH,,false
docs/tone-v2/_audit_scratch/dialog200_sentence_assembly_trace/033.json,SCRATCH,tone-v2,KEEP_SCRATCH,,false
docs/tone-v2/_audit_scratch/dialog200_sentence_assembly_trace/033.md,SCRATCH,tone-v2,KEEP_SCRATCH,,false
docs/tone-v2/_audit_scratch/dialog200_sentence_assembly_trace/034.json,SCRATCH,tone-v2,KEEP_SCRATCH,,false
docs/tone-v2/_audit_scratch/dialog200_sentence_assembly_trace/034.md,SCRATCH,tone-v2,KEEP_SCRATCH,,false
docs/tone-v2/_audit_scratch/dialog200_sentence_assembly_trace/035.json,SCRATCH,tone-v2,KEEP_SCRATCH,,false
docs/tone-v2/_audit_scratch/dialog200_sentence_assembly_trace/035.md,SCRATCH,tone-v2,KEEP_SCRATCH,,false
docs/tone-v2/_audit_scratch/dialog200_sentence_assembly_trace/036.json,SCRATCH,tone-v2,KEEP_SCRATCH,,false
docs/tone-v2/_audit_scratch/dialog200_sentence_assembly_trace/036.md,SCRATCH,tone-v2,KEEP_SCRATCH,,false
docs/tone-v2/_audit_scratch/dialog200_sentence_assembly_trace/037.json,SCRATCH,tone-v2,KEEP_SCRATCH,,false
docs/tone-v2/_audit_scratch/dialog200_sentence_assembly_trace/037.md,SCRATCH,tone-v2,KEEP_SCRATCH,,false
docs/tone-v2/_audit_scratch/dialog200_sentence_assembly_trace/038.json,SCRATCH,tone-v2,KEEP_SCRATCH,,false
docs/tone-v2/_audit_scratch/dialog200_sentence_assembly_trace/038.md,SCRATCH,tone-v2,KEEP_SCRATCH,,false
docs/tone-v2/_audit_scratch/dialog200_sentence_assembly_trace/039.json,SCRATCH,tone-v2,KEEP_SCRATCH,,false
docs/tone-v2/_audit_scratch/dialog200_sentence_assembly_trace/039.md,SCRATCH,tone-v2,KEEP_SCRATCH,,false
docs/tone-v2/_audit_scratch/dialog200_sentence_assembly_trace/040.json,SCRATCH,tone-v2,KEEP_SCRATCH,,false
docs/tone-v2/_audit_scratch/dialog200_sentence_assembly_trace/040.md,SCRATCH,tone-v2,KEEP_SCRATCH,,false
docs/tone-v2/_audit_scratch/dialog200_sentence_assembly_trace/041.json,SCRATCH,tone-v2,KEEP_SCRATCH,,false
docs/tone-v2/_audit_scratch/dialog200_sentence_assembly_trace/041.md,SCRATCH,tone-v2,KEEP_SCRATCH,,false
docs/tone-v2/_audit_scratch/dialog200_sentence_assembly_trace/042.json,SCRATCH,tone-v2,KEEP_SCRATCH,,false
docs/tone-v2/_audit_scratch/dialog200_sentence_assembly_trace/042.md,SCRATCH,tone-v2,KEEP_SCRATCH,,false
docs/tone-v2/_audit_scratch/dialog200_sentence_assembly_trace/043.json,SCRATCH,tone-v2,KEEP_SCRATCH,,false
docs/tone-v2/_audit_scratch/dialog200_sentence_assembly_trace/043.md,SCRATCH,tone-v2,KEEP_SCRATCH,,false
docs/tone-v2/_audit_scratch/dialog200_sentence_assembly_trace/044.json,SCRATCH,tone-v2,KEEP_SCRATCH,,false
docs/tone-v2/_audit_scratch/dialog200_sentence_assembly_trace/044.md,SCRATCH,tone-v2,KEEP_SCRATCH,,false
docs/tone-v2/_audit_scratch/dialog200_sentence_assembly_trace/045.json,SCRATCH,tone-v2,KEEP_SCRATCH,,false
docs/tone-v2/_audit_scratch/dialog200_sentence_assembly_trace/045.md,SCRATCH,tone-v2,KEEP_SCRATCH,,false
docs/tone-v2/_audit_scratch/dialog200_sentence_assembly_trace/046.json,SCRATCH,tone-v2,KEEP_SCRATCH,,false
docs/tone-v2/_audit_scratch/dialog200_sentence_assembly_trace/046.md,SCRATCH,tone-v2,KEEP_SCRATCH,,false
docs/tone-v2/_audit_scratch/dialog200_sentence_assembly_trace/047.json,SCRATCH,tone-v2,KEEP_SCRATCH,,false
docs/tone-v2/_audit_scratch/dialog200_sentence_assembly_trace/047.md,SCRATCH,tone-v2,KEEP_SCRATCH,,false
docs/tone-v2/_audit_scratch/dialog200_sentence_assembly_trace/048.json,SCRATCH,tone-v2,KEEP_SCRATCH,,false
docs/tone-v2/_audit_scratch/dialog200_sentence_assembly_trace/048.md,SCRATCH,tone-v2,KEEP_SCRATCH,,false
docs/tone-v2/_audit_scratch/dialog200_sentence_assembly_trace/049.json,SCRATCH,tone-v2,KEEP_SCRATCH,,false
docs/tone-v2/_audit_scratch/dialog200_sentence_assembly_trace/049.md,SCRATCH,tone-v2,KEEP_SCRATCH,,false
docs/tone-v2/_audit_scratch/dialog200_sentence_assembly_trace/050.json,SCRATCH,tone-v2,KEEP_SCRATCH,,false
docs/tone-v2/_audit_scratch/dialog200_sentence_assembly_trace/050.md,SCRATCH,tone-v2,KEEP_SCRATCH,,false
docs/tone-v2/_audit_scratch/dialog200_sentence_assembly_trace/051.json,SCRATCH,tone-v2,KEEP_SCRATCH,,false
docs/tone-v2/_audit_scratch/dialog200_sentence_assembly_trace/051.md,SCRATCH,tone-v2,KEEP_SCRATCH,,false
docs/tone-v2/_audit_scratch/dialog200_sentence_assembly_trace/052.json,SCRATCH,tone-v2,KEEP_SCRATCH,,false
docs/tone-v2/_audit_scratch/dialog200_sentence_assembly_trace/052.md,SCRATCH,tone-v2,KEEP_SCRATCH,,false
docs/tone-v2/_audit_scratch/dialog200_sentence_assembly_trace/053.json,SCRATCH,tone-v2,KEEP_SCRATCH,,false
docs/tone-v2/_audit_scratch/dialog200_sentence_assembly_trace/053.md,SCRATCH,tone-v2,KEEP_SCRATCH,,false
docs/tone-v2/_audit_scratch/dialog200_sentence_assembly_trace/054.json,SCRATCH,tone-v2,KEEP_SCRATCH,,false
docs/tone-v2/_audit_scratch/dialog200_sentence_assembly_trace/054.md,SCRATCH,tone-v2,KEEP_SCRATCH,,false
docs/tone-v2/_audit_scratch/dialog200_sentence_assembly_trace/055.json,SCRATCH,tone-v2,KEEP_SCRATCH,,false
docs/tone-v2/_audit_scratch/dialog200_sentence_assembly_trace/055.md,SCRATCH,tone-v2,KEEP_SCRATCH,,false
docs/tone-v2/_audit_scratch/dialog200_sentence_assembly_trace/056.json,SCRATCH,tone-v2,KEEP_SCRATCH,,false
docs/tone-v2/_audit_scratch/dialog200_sentence_assembly_trace/056.md,SCRATCH,tone-v2,KEEP_SCRATCH,,false
docs/tone-v2/_audit_scratch/dialog200_sentence_assembly_trace/057.json,SCRATCH,tone-v2,KEEP_SCRATCH,,false
docs/tone-v2/_audit_scratch/dialog200_sentence_assembly_trace/057.md,SCRATCH,tone-v2,KEEP_SCRATCH,,false
docs/tone-v2/_audit_scratch/dialog200_sentence_assembly_trace/058.json,SCRATCH,tone-v2,KEEP_SCRATCH,,false
docs/tone-v2/_audit_scratch/dialog200_sentence_assembly_trace/058.md,SCRATCH,tone-v2,KEEP_SCRATCH,,false
docs/tone-v2/_audit_scratch/dialog200_sentence_assembly_trace/059.json,SCRATCH,tone-v2,KEEP_SCRATCH,,false
docs/tone-v2/_audit_scratch/dialog200_sentence_assembly_trace/059.md,SCRATCH,tone-v2,KEEP_SCRATCH,,false
docs/tone-v2/_audit_scratch/dialog200_sentence_assembly_trace/060.json,SCRATCH,tone-v2,KEEP_SCRATCH,,false
docs/tone-v2/_audit_scratch/dialog200_sentence_assembly_trace/060.md,SCRATCH,tone-v2,KEEP_SCRATCH,,false
docs/tone-v2/_audit_scratch/dialog200_sentence_assembly_trace/061.json,SCRATCH,tone-v2,KEEP_SCRATCH,,false
docs/tone-v2/_audit_scratch/dialog200_sentence_assembly_trace/061.md,SCRATCH,tone-v2,KEEP_SCRATCH,,false
docs/tone-v2/_audit_scratch/dialog200_sentence_assembly_trace/062.json,SCRATCH,tone-v2,KEEP_SCRATCH,,false
docs/tone-v2/_audit_scratch/dialog200_sentence_assembly_trace/062.md,SCRATCH,tone-v2,KEEP_SCRATCH,,false
docs/tone-v2/_audit_scratch/dialog200_sentence_assembly_trace/063.json,SCRATCH,tone-v2,KEEP_SCRATCH,,false
docs/tone-v2/_audit_scratch/dialog200_sentence_assembly_trace/063.md,SCRATCH,tone-v2,KEEP_SCRATCH,,false
docs/tone-v2/_audit_scratch/dialog200_sentence_assembly_trace/064.json,SCRATCH,tone-v2,KEEP_SCRATCH,,false
docs/tone-v2/_audit_scratch/dialog200_sentence_assembly_trace/064.md,SCRATCH,tone-v2,KEEP_SCRATCH,,false
docs/tone-v2/_audit_scratch/dialog200_sentence_assembly_trace/065.json,SCRATCH,tone-v2,KEEP_SCRATCH,,false
docs/tone-v2/_audit_scratch/dialog200_sentence_assembly_trace/065.md,SCRATCH,tone-v2,KEEP_SCRATCH,,false
docs/tone-v2/_audit_scratch/dialog200_sentence_assembly_trace/066.json,SCRATCH,tone-v2,KEEP_SCRATCH,,false
docs/tone-v2/_audit_scratch/dialog200_sentence_assembly_trace/066.md,SCRATCH,tone-v2,KEEP_SCRATCH,,false
docs/tone-v2/_audit_scratch/dialog200_sentence_assembly_trace/067.json,SCRATCH,tone-v2,KEEP_SCRATCH,,false
docs/tone-v2/_audit_scratch/dialog200_sentence_assembly_trace/067.md,SCRATCH,tone-v2,KEEP_SCRATCH,,false
docs/tone-v2/_audit_scratch/dialog200_sentence_assembly_trace/068.json,SCRATCH,tone-v2,KEEP_SCRATCH,,false
docs/tone-v2/_audit_scratch/dialog200_sentence_assembly_trace/068.md,SCRATCH,tone-v2,KEEP_SCRATCH,,false
docs/tone-v2/_audit_scratch/dialog200_sentence_assembly_trace/069.json,SCRATCH,tone-v2,KEEP_SCRATCH,,false
docs/tone-v2/_audit_scratch/dialog200_sentence_assembly_trace/069.md,SCRATCH,tone-v2,KEEP_SCRATCH,,false
docs/tone-v2/_audit_scratch/dialog200_sentence_assembly_trace/070.json,SCRATCH,tone-v2,KEEP_SCRATCH,,false
docs/tone-v2/_audit_scratch/dialog200_sentence_assembly_trace/070.md,SCRATCH,tone-v2,KEEP_SCRATCH,,false
docs/tone-v2/_audit_scratch/dialog200_sentence_assembly_trace/071.json,SCRATCH,tone-v2,KEEP_SCRATCH,,false
docs/tone-v2/_audit_scratch/dialog200_sentence_assembly_trace/071.md,SCRATCH,tone-v2,KEEP_SCRATCH,,false
docs/tone-v2/_audit_scratch/dialog200_sentence_assembly_trace/072.json,SCRATCH,tone-v2,KEEP_SCRATCH,,false
docs/tone-v2/_audit_scratch/dialog200_sentence_assembly_trace/072.md,SCRATCH,tone-v2,KEEP_SCRATCH,,false
docs/tone-v2/_audit_scratch/dialog200_sentence_assembly_trace/073.json,SCRATCH,tone-v2,KEEP_SCRATCH,,false
docs/tone-v2/_audit_scratch/dialog200_sentence_assembly_trace/073.md,SCRATCH,tone-v2,KEEP_SCRATCH,,false
docs/tone-v2/_audit_scratch/dialog200_sentence_assembly_trace/074.json,SCRATCH,tone-v2,KEEP_SCRATCH,,false
docs/tone-v2/_audit_scratch/dialog200_sentence_assembly_trace/074.md,SCRATCH,tone-v2,KEEP_SCRATCH,,false
docs/tone-v2/_audit_scratch/dialog200_sentence_assembly_trace/075.json,SCRATCH,tone-v2,KEEP_SCRATCH,,false
docs/tone-v2/_audit_scratch/dialog200_sentence_assembly_trace/075.md,SCRATCH,tone-v2,KEEP_SCRATCH,,false
docs/tone-v2/_audit_scratch/dialog200_sentence_assembly_trace/076.json,SCRATCH,tone-v2,KEEP_SCRATCH,,false
docs/tone-v2/_audit_scratch/dialog200_sentence_assembly_trace/076.md,SCRATCH,tone-v2,KEEP_SCRATCH,,false
docs/tone-v2/_audit_scratch/dialog200_sentence_assembly_trace/077.json,SCRATCH,tone-v2,KEEP_SCRATCH,,false
docs/tone-v2/_audit_scratch/dialog200_sentence_assembly_trace/077.md,SCRATCH,tone-v2,KEEP_SCRATCH,,false
docs/tone-v2/_audit_scratch/dialog200_sentence_assembly_trace/078.json,SCRATCH,tone-v2,KEEP_SCRATCH,,false
docs/tone-v2/_audit_scratch/dialog200_sentence_assembly_trace/078.md,SCRATCH,tone-v2,KEEP_SCRATCH,,false
docs/tone-v2/_audit_scratch/dialog200_sentence_assembly_trace/079.json,SCRATCH,tone-v2,KEEP_SCRATCH,,false
docs/tone-v2/_audit_scratch/dialog200_sentence_assembly_trace/079.md,SCRATCH,tone-v2,KEEP_SCRATCH,,false
docs/tone-v2/_audit_scratch/dialog200_sentence_assembly_trace/080.json,SCRATCH,tone-v2,KEEP_SCRATCH,,false
docs/tone-v2/_audit_scratch/dialog200_sentence_assembly_trace/080.md,SCRATCH,tone-v2,KEEP_SCRATCH,,false
docs/tone-v2/_audit_scratch/dialog200_sentence_assembly_trace/081.json,SCRATCH,tone-v2,KEEP_SCRATCH,,false
docs/tone-v2/_audit_scratch/dialog200_sentence_assembly_trace/081.md,SCRATCH,tone-v2,KEEP_SCRATCH,,false
docs/tone-v2/_audit_scratch/dialog200_sentence_assembly_trace/082.json,SCRATCH,tone-v2,KEEP_SCRATCH,,false
docs/tone-v2/_audit_scratch/dialog200_sentence_assembly_trace/082.md,SCRATCH,tone-v2,KEEP_SCRATCH,,false
docs/tone-v2/_audit_scratch/dialog200_sentence_assembly_trace/083.json,SCRATCH,tone-v2,KEEP_SCRATCH,,false
docs/tone-v2/_audit_scratch/dialog200_sentence_assembly_trace/083.md,SCRATCH,tone-v2,KEEP_SCRATCH,,false
docs/tone-v2/_audit_scratch/dialog200_sentence_assembly_trace/084.json,SCRATCH,tone-v2,KEEP_SCRATCH,,false
docs/tone-v2/_audit_scratch/dialog200_sentence_assembly_trace/084.md,SCRATCH,tone-v2,KEEP_SCRATCH,,false
docs/tone-v2/_audit_scratch/dialog200_sentence_assembly_trace/085.json,SCRATCH,tone-v2,KEEP_SCRATCH,,false
docs/tone-v2/_audit_scratch/dialog200_sentence_assembly_trace/085.md,SCRATCH,tone-v2,KEEP_SCRATCH,,false
docs/tone-v2/_audit_scratch/dialog200_sentence_assembly_trace/086.json,SCRATCH,tone-v2,KEEP_SCRATCH,,false
docs/tone-v2/_audit_scratch/dialog200_sentence_assembly_trace/086.md,SCRATCH,tone-v2,KEEP_SCRATCH,,false
docs/tone-v2/_audit_scratch/dialog200_sentence_assembly_trace/087.json,SCRATCH,tone-v2,KEEP_SCRATCH,,false
docs/tone-v2/_audit_scratch/dialog200_sentence_assembly_trace/087.md,SCRATCH,tone-v2,KEEP_SCRATCH,,false
docs/tone-v2/_audit_scratch/dialog200_sentence_assembly_trace/088.json,SCRATCH,tone-v2,KEEP_SCRATCH,,false
docs/tone-v2/_audit_scratch/dialog200_sentence_assembly_trace/088.md,SCRATCH,tone-v2,KEEP_SCRATCH,,false
docs/tone-v2/_audit_scratch/dialog200_sentence_assembly_trace/089.json,SCRATCH,tone-v2,KEEP_SCRATCH,,false
docs/tone-v2/_audit_scratch/dialog200_sentence_assembly_trace/089.md,SCRATCH,tone-v2,KEEP_SCRATCH,,false
docs/tone-v2/_audit_scratch/dialog200_sentence_assembly_trace/090.json,SCRATCH,tone-v2,KEEP_SCRATCH,,false
docs/tone-v2/_audit_scratch/dialog200_sentence_assembly_trace/090.md,SCRATCH,tone-v2,KEEP_SCRATCH,,false
docs/tone-v2/_audit_scratch/dialog200_sentence_assembly_trace/091.json,SCRATCH,tone-v2,KEEP_SCRATCH,,false
docs/tone-v2/_audit_scratch/dialog200_sentence_assembly_trace/091.md,SCRATCH,tone-v2,KEEP_SCRATCH,,false
docs/tone-v2/_audit_scratch/dialog200_sentence_assembly_trace/092.json,SCRATCH,tone-v2,KEEP_SCRATCH,,false
docs/tone-v2/_audit_scratch/dialog200_sentence_assembly_trace/092.md,SCRATCH,tone-v2,KEEP_SCRATCH,,false
docs/tone-v2/_audit_scratch/dialog200_sentence_assembly_trace/093.json,SCRATCH,tone-v2,KEEP_SCRATCH,,false
docs/tone-v2/_audit_scratch/dialog200_sentence_assembly_trace/093.md,SCRATCH,tone-v2,KEEP_SCRATCH,,false
docs/tone-v2/_audit_scratch/dialog200_sentence_assembly_trace/094.json,SCRATCH,tone-v2,KEEP_SCRATCH,,false
docs/tone-v2/_audit_scratch/dialog200_sentence_assembly_trace/094.md,SCRATCH,tone-v2,KEEP_SCRATCH,,false
docs/tone-v2/_audit_scratch/dialog200_sentence_assembly_trace/095.json,SCRATCH,tone-v2,KEEP_SCRATCH,,false
docs/tone-v2/_audit_scratch/dialog200_sentence_assembly_trace/095.md,SCRATCH,tone-v2,KEEP_SCRATCH,,false
docs/tone-v2/_audit_scratch/dialog200_sentence_assembly_trace/096.json,SCRATCH,tone-v2,KEEP_SCRATCH,,false
docs/tone-v2/_audit_scratch/dialog200_sentence_assembly_trace/096.md,SCRATCH,tone-v2,KEEP_SCRATCH,,false
docs/tone-v2/_audit_scratch/dialog200_sentence_assembly_trace/097.json,SCRATCH,tone-v2,KEEP_SCRATCH,,false
docs/tone-v2/_audit_scratch/dialog200_sentence_assembly_trace/097.md,SCRATCH,tone-v2,KEEP_SCRATCH,,false
docs/tone-v2/_audit_scratch/dialog200_sentence_assembly_trace/098.json,SCRATCH,tone-v2,KEEP_SCRATCH,,false
docs/tone-v2/_audit_scratch/dialog200_sentence_assembly_trace/098.md,SCRATCH,tone-v2,KEEP_SCRATCH,,false
docs/tone-v2/_audit_scratch/dialog200_sentence_assembly_trace/099.json,SCRATCH,tone-v2,KEEP_SCRATCH,,false
docs/tone-v2/_audit_scratch/dialog200_sentence_assembly_trace/099.md,SCRATCH,tone-v2,KEEP_SCRATCH,,false
docs/tone-v2/_audit_scratch/dialog200_sentence_assembly_trace/100.json,SCRATCH,tone-v2,KEEP_SCRATCH,,false
docs/tone-v2/_audit_scratch/dialog200_sentence_assembly_trace/100.md,SCRATCH,tone-v2,KEEP_SCRATCH,,false
docs/tone-v2/_audit_scratch/dialog200_sentence_assembly_trace/101.json,SCRATCH,tone-v2,KEEP_SCRATCH,,false
docs/tone-v2/_audit_scratch/dialog200_sentence_assembly_trace/101.md,SCRATCH,tone-v2,KEEP_SCRATCH,,false
docs/tone-v2/_audit_scratch/dialog200_sentence_assembly_trace/102.json,SCRATCH,tone-v2,KEEP_SCRATCH,,false
docs/tone-v2/_audit_scratch/dialog200_sentence_assembly_trace/102.md,SCRATCH,tone-v2,KEEP_SCRATCH,,false
docs/tone-v2/_audit_scratch/dialog200_sentence_assembly_trace/103.json,SCRATCH,tone-v2,KEEP_SCRATCH,,false
docs/tone-v2/_audit_scratch/dialog200_sentence_assembly_trace/103.md,SCRATCH,tone-v2,KEEP_SCRATCH,,false
docs/tone-v2/_audit_scratch/dialog200_sentence_assembly_trace/104.json,SCRATCH,tone-v2,KEEP_SCRATCH,,false
docs/tone-v2/_audit_scratch/dialog200_sentence_assembly_trace/104.md,SCRATCH,tone-v2,KEEP_SCRATCH,,false
docs/tone-v2/_audit_scratch/dialog200_sentence_assembly_trace/105.json,SCRATCH,tone-v2,KEEP_SCRATCH,,false
docs/tone-v2/_audit_scratch/dialog200_sentence_assembly_trace/105.md,SCRATCH,tone-v2,KEEP_SCRATCH,,false
docs/tone-v2/_audit_scratch/dialog200_sentence_assembly_trace/106.json,SCRATCH,tone-v2,KEEP_SCRATCH,,false
docs/tone-v2/_audit_scratch/dialog200_sentence_assembly_trace/106.md,SCRATCH,tone-v2,KEEP_SCRATCH,,false
docs/tone-v2/_audit_scratch/dialog200_sentence_assembly_trace/107.json,SCRATCH,tone-v2,KEEP_SCRATCH,,false
docs/tone-v2/_audit_scratch/dialog200_sentence_assembly_trace/107.md,SCRATCH,tone-v2,KEEP_SCRATCH,,false
docs/tone-v2/_audit_scratch/dialog200_sentence_assembly_trace/108.json,SCRATCH,tone-v2,KEEP_SCRATCH,,false
docs/tone-v2/_audit_scratch/dialog200_sentence_assembly_trace/108.md,SCRATCH,tone-v2,KEEP_SCRATCH,,false
docs/tone-v2/_audit_scratch/dialog200_sentence_assembly_trace/109.json,SCRATCH,tone-v2,KEEP_SCRATCH,,false
docs/tone-v2/_audit_scratch/dialog200_sentence_assembly_trace/109.md,SCRATCH,tone-v2,KEEP_SCRATCH,,false
docs/tone-v2/_audit_scratch/dialog200_sentence_assembly_trace/110.json,SCRATCH,tone-v2,KEEP_SCRATCH,,false
docs/tone-v2/_audit_scratch/dialog200_sentence_assembly_trace/110.md,SCRATCH,tone-v2,KEEP_SCRATCH,,false
docs/tone-v2/_audit_scratch/dialog200_sentence_assembly_trace/111.json,SCRATCH,tone-v2,KEEP_SCRATCH,,false
docs/tone-v2/_audit_scratch/dialog200_sentence_assembly_trace/111.md,SCRATCH,tone-v2,KEEP_SCRATCH,,false
docs/tone-v2/_audit_scratch/dialog200_sentence_assembly_trace/112.json,SCRATCH,tone-v2,KEEP_SCRATCH,,false
docs/tone-v2/_audit_scratch/dialog200_sentence_assembly_trace/112.md,SCRATCH,tone-v2,KEEP_SCRATCH,,false
docs/tone-v2/_audit_scratch/dialog200_sentence_assembly_trace/113.json,SCRATCH,tone-v2,KEEP_SCRATCH,,false
docs/tone-v2/_audit_scratch/dialog200_sentence_assembly_trace/113.md,SCRATCH,tone-v2,KEEP_SCRATCH,,false
docs/tone-v2/_audit_scratch/dialog200_sentence_assembly_trace/114.json,SCRATCH,tone-v2,KEEP_SCRATCH,,false
docs/tone-v2/_audit_scratch/dialog200_sentence_assembly_trace/114.md,SCRATCH,tone-v2,KEEP_SCRATCH,,false
docs/tone-v2/_audit_scratch/dialog200_sentence_assembly_trace/115.json,SCRATCH,tone-v2,KEEP_SCRATCH,,false
docs/tone-v2/_audit_scratch/dialog200_sentence_assembly_trace/115.md,SCRATCH,tone-v2,KEEP_SCRATCH,,false
docs/tone-v2/_audit_scratch/dialog200_sentence_assembly_trace/116.json,SCRATCH,tone-v2,KEEP_SCRATCH,,false
docs/tone-v2/_audit_scratch/dialog200_sentence_assembly_trace/116.md,SCRATCH,tone-v2,KEEP_SCRATCH,,false
docs/tone-v2/_audit_scratch/dialog200_sentence_assembly_trace/117.json,SCRATCH,tone-v2,KEEP_SCRATCH,,false
docs/tone-v2/_audit_scratch/dialog200_sentence_assembly_trace/117.md,SCRATCH,tone-v2,KEEP_SCRATCH,,false
docs/tone-v2/_audit_scratch/dialog200_sentence_assembly_trace/118.json,SCRATCH,tone-v2,KEEP_SCRATCH,,false
docs/tone-v2/_audit_scratch/dialog200_sentence_assembly_trace/118.md,SCRATCH,tone-v2,KEEP_SCRATCH,,false
docs/tone-v2/_audit_scratch/dialog200_sentence_assembly_trace/119.json,SCRATCH,tone-v2,KEEP_SCRATCH,,false
docs/tone-v2/_audit_scratch/dialog200_sentence_assembly_trace/119.md,SCRATCH,tone-v2,KEEP_SCRATCH,,false
docs/tone-v2/_audit_scratch/dialog200_sentence_assembly_trace/120.json,SCRATCH,tone-v2,KEEP_SCRATCH,,false
docs/tone-v2/_audit_scratch/dialog200_sentence_assembly_trace/120.md,SCRATCH,tone-v2,KEEP_SCRATCH,,false
docs/tone-v2/_audit_scratch/dialog200_sentence_assembly_trace/121.json,SCRATCH,tone-v2,KEEP_SCRATCH,,false
docs/tone-v2/_audit_scratch/dialog200_sentence_assembly_trace/121.md,SCRATCH,tone-v2,KEEP_SCRATCH,,false
docs/tone-v2/_audit_scratch/dialog200_sentence_assembly_trace/122.json,SCRATCH,tone-v2,KEEP_SCRATCH,,false
docs/tone-v2/_audit_scratch/dialog200_sentence_assembly_trace/122.md,SCRATCH,tone-v2,KEEP_SCRATCH,,false
docs/tone-v2/_audit_scratch/dialog200_sentence_assembly_trace/123.json,SCRATCH,tone-v2,KEEP_SCRATCH,,false
docs/tone-v2/_audit_scratch/dialog200_sentence_assembly_trace/123.md,SCRATCH,tone-v2,KEEP_SCRATCH,,false
docs/tone-v2/_audit_scratch/dialog200_sentence_assembly_trace/124.json,SCRATCH,tone-v2,KEEP_SCRATCH,,false
docs/tone-v2/_audit_scratch/dialog200_sentence_assembly_trace/124.md,SCRATCH,tone-v2,KEEP_SCRATCH,,false
docs/tone-v2/_audit_scratch/dialog200_sentence_assembly_trace/125.json,SCRATCH,tone-v2,KEEP_SCRATCH,,false
docs/tone-v2/_audit_scratch/dialog200_sentence_assembly_trace/125.md,SCRATCH,tone-v2,KEEP_SCRATCH,,false
docs/tone-v2/_audit_scratch/dialog200_sentence_assembly_trace/126.json,SCRATCH,tone-v2,KEEP_SCRATCH,,false
docs/tone-v2/_audit_scratch/dialog200_sentence_assembly_trace/126.md,SCRATCH,tone-v2,KEEP_SCRATCH,,false
docs/tone-v2/_audit_scratch/dialog200_sentence_assembly_trace/127.json,SCRATCH,tone-v2,KEEP_SCRATCH,,false
docs/tone-v2/_audit_scratch/dialog200_sentence_assembly_trace/127.md,SCRATCH,tone-v2,KEEP_SCRATCH,,false
docs/tone-v2/_audit_scratch/dialog200_sentence_assembly_trace/128.json,SCRATCH,tone-v2,KEEP_SCRATCH,,false
docs/tone-v2/_audit_scratch/dialog200_sentence_assembly_trace/128.md,SCRATCH,tone-v2,KEEP_SCRATCH,,false
docs/tone-v2/_audit_scratch/dialog200_sentence_assembly_trace/129.json,SCRATCH,tone-v2,KEEP_SCRATCH,,false
docs/tone-v2/_audit_scratch/dialog200_sentence_assembly_trace/129.md,SCRATCH,tone-v2,KEEP_SCRATCH,,false
docs/tone-v2/_audit_scratch/dialog200_sentence_assembly_trace/130.json,SCRATCH,tone-v2,KEEP_SCRATCH,,false
docs/tone-v2/_audit_scratch/dialog200_sentence_assembly_trace/130.md,SCRATCH,tone-v2,KEEP_SCRATCH,,false
docs/tone-v2/_audit_scratch/dialog200_sentence_assembly_trace/131.json,SCRATCH,tone-v2,KEEP_SCRATCH,,false
docs/tone-v2/_audit_scratch/dialog200_sentence_assembly_trace/131.md,SCRATCH,tone-v2,KEEP_SCRATCH,,false
docs/tone-v2/_audit_scratch/dialog200_sentence_assembly_trace/132.json,SCRATCH,tone-v2,KEEP_SCRATCH,,false
docs/tone-v2/_audit_scratch/dialog200_sentence_assembly_trace/132.md,SCRATCH,tone-v2,KEEP_SCRATCH,,false
docs/tone-v2/_audit_scratch/dialog200_sentence_assembly_trace/133.json,SCRATCH,tone-v2,KEEP_SCRATCH,,false
docs/tone-v2/_audit_scratch/dialog200_sentence_assembly_trace/133.md,SCRATCH,tone-v2,KEEP_SCRATCH,,false
docs/tone-v2/_audit_scratch/dialog200_sentence_assembly_trace/134.json,SCRATCH,tone-v2,KEEP_SCRATCH,,false
docs/tone-v2/_audit_scratch/dialog200_sentence_assembly_trace/134.md,SCRATCH,tone-v2,KEEP_SCRATCH,,false
docs/tone-v2/_audit_scratch/dialog200_sentence_assembly_trace/135.json,SCRATCH,tone-v2,KEEP_SCRATCH,,false
docs/tone-v2/_audit_scratch/dialog200_sentence_assembly_trace/135.md,SCRATCH,tone-v2,KEEP_SCRATCH,,false
docs/tone-v2/_audit_scratch/dialog200_sentence_assembly_trace/136.json,SCRATCH,tone-v2,KEEP_SCRATCH,,false
docs/tone-v2/_audit_scratch/dialog200_sentence_assembly_trace/136.md,SCRATCH,tone-v2,KEEP_SCRATCH,,false
docs/tone-v2/_audit_scratch/dialog200_sentence_assembly_trace/137.json,SCRATCH,tone-v2,KEEP_SCRATCH,,false
docs/tone-v2/_audit_scratch/dialog200_sentence_assembly_trace/137.md,SCRATCH,tone-v2,KEEP_SCRATCH,,false
docs/tone-v2/_audit_scratch/dialog200_sentence_assembly_trace/138.json,SCRATCH,tone-v2,KEEP_SCRATCH,,false
docs/tone-v2/_audit_scratch/dialog200_sentence_assembly_trace/138.md,SCRATCH,tone-v2,KEEP_SCRATCH,,false
docs/tone-v2/_audit_scratch/dialog200_sentence_assembly_trace/139.json,SCRATCH,tone-v2,KEEP_SCRATCH,,false
docs/tone-v2/_audit_scratch/dialog200_sentence_assembly_trace/139.md,SCRATCH,tone-v2,KEEP_SCRATCH,,false
docs/tone-v2/_audit_scratch/dialog200_sentence_assembly_trace/140.json,SCRATCH,tone-v2,KEEP_SCRATCH,,false
docs/tone-v2/_audit_scratch/dialog200_sentence_assembly_trace/140.md,SCRATCH,tone-v2,KEEP_SCRATCH,,false
docs/tone-v2/_audit_scratch/dialog200_sentence_assembly_trace/141.json,SCRATCH,tone-v2,KEEP_SCRATCH,,false
docs/tone-v2/_audit_scratch/dialog200_sentence_assembly_trace/141.md,SCRATCH,tone-v2,KEEP_SCRATCH,,false
docs/tone-v2/_audit_scratch/dialog200_sentence_assembly_trace/142.json,SCRATCH,tone-v2,KEEP_SCRATCH,,false
docs/tone-v2/_audit_scratch/dialog200_sentence_assembly_trace/142.md,SCRATCH,tone-v2,KEEP_SCRATCH,,false
docs/tone-v2/_audit_scratch/dialog200_sentence_assembly_trace/143.json,SCRATCH,tone-v2,KEEP_SCRATCH,,false
docs/tone-v2/_audit_scratch/dialog200_sentence_assembly_trace/143.md,SCRATCH,tone-v2,KEEP_SCRATCH,,false
docs/tone-v2/_audit_scratch/dialog200_sentence_assembly_trace/144.json,SCRATCH,tone-v2,KEEP_SCRATCH,,false
docs/tone-v2/_audit_scratch/dialog200_sentence_assembly_trace/144.md,SCRATCH,tone-v2,KEEP_SCRATCH,,false
docs/tone-v2/_audit_scratch/dialog200_sentence_assembly_trace/145.json,SCRATCH,tone-v2,KEEP_SCRATCH,,false
docs/tone-v2/_audit_scratch/dialog200_sentence_assembly_trace/145.md,SCRATCH,tone-v2,KEEP_SCRATCH,,false
docs/tone-v2/_audit_scratch/dialog200_sentence_assembly_trace/146.json,SCRATCH,tone-v2,KEEP_SCRATCH,,false
docs/tone-v2/_audit_scratch/dialog200_sentence_assembly_trace/146.md,SCRATCH,tone-v2,KEEP_SCRATCH,,false
docs/tone-v2/_audit_scratch/dialog200_sentence_assembly_trace/147.json,SCRATCH,tone-v2,KEEP_SCRATCH,,false
docs/tone-v2/_audit_scratch/dialog200_sentence_assembly_trace/147.md,SCRATCH,tone-v2,KEEP_SCRATCH,,false
docs/tone-v2/_audit_scratch/dialog200_sentence_assembly_trace/148.json,SCRATCH,tone-v2,KEEP_SCRATCH,,false
docs/tone-v2/_audit_scratch/dialog200_sentence_assembly_trace/148.md,SCRATCH,tone-v2,KEEP_SCRATCH,,false
docs/tone-v2/_audit_scratch/dialog200_sentence_assembly_trace/149.json,SCRATCH,tone-v2,KEEP_SCRATCH,,false
docs/tone-v2/_audit_scratch/dialog200_sentence_assembly_trace/149.md,SCRATCH,tone-v2,KEEP_SCRATCH,,false
docs/tone-v2/_audit_scratch/dialog200_sentence_assembly_trace/150.json,SCRATCH,tone-v2,KEEP_SCRATCH,,false
docs/tone-v2/_audit_scratch/dialog200_sentence_assembly_trace/150.md,SCRATCH,tone-v2,KEEP_SCRATCH,,false
docs/tone-v2/_audit_scratch/dialog200_sentence_assembly_trace/151.json,SCRATCH,tone-v2,KEEP_SCRATCH,,false
docs/tone-v2/_audit_scratch/dialog200_sentence_assembly_trace/151.md,SCRATCH,tone-v2,KEEP_SCRATCH,,false
docs/tone-v2/_audit_scratch/dialog200_sentence_assembly_trace/152.json,SCRATCH,tone-v2,KEEP_SCRATCH,,false
docs/tone-v2/_audit_scratch/dialog200_sentence_assembly_trace/152.md,SCRATCH,tone-v2,KEEP_SCRATCH,,false
docs/tone-v2/_audit_scratch/dialog200_sentence_assembly_trace/153.json,SCRATCH,tone-v2,KEEP_SCRATCH,,false
docs/tone-v2/_audit_scratch/dialog200_sentence_assembly_trace/153.md,SCRATCH,tone-v2,KEEP_SCRATCH,,false
docs/tone-v2/_audit_scratch/dialog200_sentence_assembly_trace/154.json,SCRATCH,tone-v2,KEEP_SCRATCH,,false
docs/tone-v2/_audit_scratch/dialog200_sentence_assembly_trace/154.md,SCRATCH,tone-v2,KEEP_SCRATCH,,false
docs/tone-v2/_audit_scratch/dialog200_sentence_assembly_trace/155.json,SCRATCH,tone-v2,KEEP_SCRATCH,,false
docs/tone-v2/_audit_scratch/dialog200_sentence_assembly_trace/155.md,SCRATCH,tone-v2,KEEP_SCRATCH,,false
docs/tone-v2/_audit_scratch/dialog200_sentence_assembly_trace/156.json,SCRATCH,tone-v2,KEEP_SCRATCH,,false
docs/tone-v2/_audit_scratch/dialog200_sentence_assembly_trace/156.md,SCRATCH,tone-v2,KEEP_SCRATCH,,false
docs/tone-v2/_audit_scratch/dialog200_sentence_assembly_trace/157.json,SCRATCH,tone-v2,KEEP_SCRATCH,,false
docs/tone-v2/_audit_scratch/dialog200_sentence_assembly_trace/157.md,SCRATCH,tone-v2,KEEP_SCRATCH,,false
docs/tone-v2/_audit_scratch/dialog200_sentence_assembly_trace/158.json,SCRATCH,tone-v2,KEEP_SCRATCH,,false
docs/tone-v2/_audit_scratch/dialog200_sentence_assembly_trace/158.md,SCRATCH,tone-v2,KEEP_SCRATCH,,false
docs/tone-v2/_audit_scratch/dialog200_sentence_assembly_trace/159.json,SCRATCH,tone-v2,KEEP_SCRATCH,,false
docs/tone-v2/_audit_scratch/dialog200_sentence_assembly_trace/159.md,SCRATCH,tone-v2,KEEP_SCRATCH,,false
docs/tone-v2/_audit_scratch/dialog200_sentence_assembly_trace/160.json,SCRATCH,tone-v2,KEEP_SCRATCH,,false
docs/tone-v2/_audit_scratch/dialog200_sentence_assembly_trace/160.md,SCRATCH,tone-v2,KEEP_SCRATCH,,false
docs/tone-v2/_audit_scratch/dialog200_sentence_assembly_trace/161.json,SCRATCH,tone-v2,KEEP_SCRATCH,,false
docs/tone-v2/_audit_scratch/dialog200_sentence_assembly_trace/161.md,SCRATCH,tone-v2,KEEP_SCRATCH,,false
docs/tone-v2/_audit_scratch/dialog200_sentence_assembly_trace/162.json,SCRATCH,tone-v2,KEEP_SCRATCH,,false
docs/tone-v2/_audit_scratch/dialog200_sentence_assembly_trace/162.md,SCRATCH,tone-v2,KEEP_SCRATCH,,false
docs/tone-v2/_audit_scratch/dialog200_sentence_assembly_trace/163.json,SCRATCH,tone-v2,KEEP_SCRATCH,,false
docs/tone-v2/_audit_scratch/dialog200_sentence_assembly_trace/163.md,SCRATCH,tone-v2,KEEP_SCRATCH,,false
docs/tone-v2/_audit_scratch/dialog200_sentence_assembly_trace/164.json,SCRATCH,tone-v2,KEEP_SCRATCH,,false
docs/tone-v2/_audit_scratch/dialog200_sentence_assembly_trace/164.md,SCRATCH,tone-v2,KEEP_SCRATCH,,false
docs/tone-v2/_audit_scratch/dialog200_sentence_assembly_trace/165.json,SCRATCH,tone-v2,KEEP_SCRATCH,,false
docs/tone-v2/_audit_scratch/dialog200_sentence_assembly_trace/165.md,SCRATCH,tone-v2,KEEP_SCRATCH,,false
docs/tone-v2/_audit_scratch/dialog200_sentence_assembly_trace/166.json,SCRATCH,tone-v2,KEEP_SCRATCH,,false
docs/tone-v2/_audit_scratch/dialog200_sentence_assembly_trace/166.md,SCRATCH,tone-v2,KEEP_SCRATCH,,false
docs/tone-v2/_audit_scratch/dialog200_sentence_assembly_trace/167.json,SCRATCH,tone-v2,KEEP_SCRATCH,,false
docs/tone-v2/_audit_scratch/dialog200_sentence_assembly_trace/167.md,SCRATCH,tone-v2,KEEP_SCRATCH,,false
docs/tone-v2/_audit_scratch/dialog200_sentence_assembly_trace/168.json,SCRATCH,tone-v2,KEEP_SCRATCH,,false
docs/tone-v2/_audit_scratch/dialog200_sentence_assembly_trace/168.md,SCRATCH,tone-v2,KEEP_SCRATCH,,false
docs/tone-v2/_audit_scratch/dialog200_sentence_assembly_trace/169.json,SCRATCH,tone-v2,KEEP_SCRATCH,,false
docs/tone-v2/_audit_scratch/dialog200_sentence_assembly_trace/169.md,SCRATCH,tone-v2,KEEP_SCRATCH,,false
docs/tone-v2/_audit_scratch/dialog200_sentence_assembly_trace/170.json,SCRATCH,tone-v2,KEEP_SCRATCH,,false
docs/tone-v2/_audit_scratch/dialog200_sentence_assembly_trace/170.md,SCRATCH,tone-v2,KEEP_SCRATCH,,false
docs/tone-v2/_audit_scratch/dialog200_sentence_assembly_trace/171.json,SCRATCH,tone-v2,KEEP_SCRATCH,,false
docs/tone-v2/_audit_scratch/dialog200_sentence_assembly_trace/171.md,SCRATCH,tone-v2,KEEP_SCRATCH,,false
docs/tone-v2/_audit_scratch/dialog200_sentence_assembly_trace/172.json,SCRATCH,tone-v2,KEEP_SCRATCH,,false
docs/tone-v2/_audit_scratch/dialog200_sentence_assembly_trace/172.md,SCRATCH,tone-v2,KEEP_SCRATCH,,false
docs/tone-v2/_audit_scratch/dialog200_sentence_assembly_trace/173.json,SCRATCH,tone-v2,KEEP_SCRATCH,,false
docs/tone-v2/_audit_scratch/dialog200_sentence_assembly_trace/173.md,SCRATCH,tone-v2,KEEP_SCRATCH,,false
docs/tone-v2/_audit_scratch/dialog200_sentence_assembly_trace/174.json,SCRATCH,tone-v2,KEEP_SCRATCH,,false
docs/tone-v2/_audit_scratch/dialog200_sentence_assembly_trace/174.md,SCRATCH,tone-v2,KEEP_SCRATCH,,false
docs/tone-v2/_audit_scratch/dialog200_sentence_assembly_trace/175.json,SCRATCH,tone-v2,KEEP_SCRATCH,,false
docs/tone-v2/_audit_scratch/dialog200_sentence_assembly_trace/175.md,SCRATCH,tone-v2,KEEP_SCRATCH,,false
docs/tone-v2/_audit_scratch/dialog200_sentence_assembly_trace/176.json,SCRATCH,tone-v2,KEEP_SCRATCH,,false
docs/tone-v2/_audit_scratch/dialog200_sentence_assembly_trace/176.md,SCRATCH,tone-v2,KEEP_SCRATCH,,false
docs/tone-v2/_audit_scratch/dialog200_sentence_assembly_trace/177.json,SCRATCH,tone-v2,KEEP_SCRATCH,,false
docs/tone-v2/_audit_scratch/dialog200_sentence_assembly_trace/177.md,SCRATCH,tone-v2,KEEP_SCRATCH,,false
docs/tone-v2/_audit_scratch/dialog200_sentence_assembly_trace/178.json,SCRATCH,tone-v2,KEEP_SCRATCH,,false
docs/tone-v2/_audit_scratch/dialog200_sentence_assembly_trace/178.md,SCRATCH,tone-v2,KEEP_SCRATCH,,false
docs/tone-v2/_audit_scratch/dialog200_sentence_assembly_trace/179.json,SCRATCH,tone-v2,KEEP_SCRATCH,,false
docs/tone-v2/_audit_scratch/dialog200_sentence_assembly_trace/179.md,SCRATCH,tone-v2,KEEP_SCRATCH,,false
docs/tone-v2/_audit_scratch/dialog200_sentence_assembly_trace/180.json,SCRATCH,tone-v2,KEEP_SCRATCH,,false
docs/tone-v2/_audit_scratch/dialog200_sentence_assembly_trace/180.md,SCRATCH,tone-v2,KEEP_SCRATCH,,false
docs/tone-v2/_audit_scratch/dialog200_sentence_assembly_trace/181.json,SCRATCH,tone-v2,KEEP_SCRATCH,,false
docs/tone-v2/_audit_scratch/dialog200_sentence_assembly_trace/181.md,SCRATCH,tone-v2,KEEP_SCRATCH,,false
docs/tone-v2/_audit_scratch/dialog200_sentence_assembly_trace/182.json,SCRATCH,tone-v2,KEEP_SCRATCH,,false
docs/tone-v2/_audit_scratch/dialog200_sentence_assembly_trace/182.md,SCRATCH,tone-v2,KEEP_SCRATCH,,false
docs/tone-v2/_audit_scratch/dialog200_sentence_assembly_trace/183.json,SCRATCH,tone-v2,KEEP_SCRATCH,,false
docs/tone-v2/_audit_scratch/dialog200_sentence_assembly_trace/183.md,SCRATCH,tone-v2,KEEP_SCRATCH,,false
docs/tone-v2/_audit_scratch/dialog200_sentence_assembly_trace/184.json,SCRATCH,tone-v2,KEEP_SCRATCH,,false
docs/tone-v2/_audit_scratch/dialog200_sentence_assembly_trace/184.md,SCRATCH,tone-v2,KEEP_SCRATCH,,false
docs/tone-v2/_audit_scratch/dialog200_sentence_assembly_trace/185.json,SCRATCH,tone-v2,KEEP_SCRATCH,,false
docs/tone-v2/_audit_scratch/dialog200_sentence_assembly_trace/185.md,SCRATCH,tone-v2,KEEP_SCRATCH,,false
docs/tone-v2/_audit_scratch/dialog200_sentence_assembly_trace/186.json,SCRATCH,tone-v2,KEEP_SCRATCH,,false
docs/tone-v2/_audit_scratch/dialog200_sentence_assembly_trace/186.md,SCRATCH,tone-v2,KEEP_SCRATCH,,false
docs/tone-v2/_audit_scratch/dialog200_sentence_assembly_trace/187.json,SCRATCH,tone-v2,KEEP_SCRATCH,,false
docs/tone-v2/_audit_scratch/dialog200_sentence_assembly_trace/187.md,SCRATCH,tone-v2,KEEP_SCRATCH,,false
docs/tone-v2/_audit_scratch/dialog200_sentence_assembly_trace/188.json,SCRATCH,tone-v2,KEEP_SCRATCH,,false
docs/tone-v2/_audit_scratch/dialog200_sentence_assembly_trace/188.md,SCRATCH,tone-v2,KEEP_SCRATCH,,false
docs/tone-v2/_audit_scratch/dialog200_sentence_assembly_trace/189.json,SCRATCH,tone-v2,KEEP_SCRATCH,,false
docs/tone-v2/_audit_scratch/dialog200_sentence_assembly_trace/189.md,SCRATCH,tone-v2,KEEP_SCRATCH,,false
docs/tone-v2/_audit_scratch/dialog200_sentence_assembly_trace/190.json,SCRATCH,tone-v2,KEEP_SCRATCH,,false
docs/tone-v2/_audit_scratch/dialog200_sentence_assembly_trace/190.md,SCRATCH,tone-v2,KEEP_SCRATCH,,false
docs/tone-v2/_audit_scratch/dialog200_sentence_assembly_trace/191.json,SCRATCH,tone-v2,KEEP_SCRATCH,,false
docs/tone-v2/_audit_scratch/dialog200_sentence_assembly_trace/191.md,SCRATCH,tone-v2,KEEP_SCRATCH,,false
docs/tone-v2/_audit_scratch/dialog200_sentence_assembly_trace/192.json,SCRATCH,tone-v2,KEEP_SCRATCH,,false
docs/tone-v2/_audit_scratch/dialog200_sentence_assembly_trace/192.md,SCRATCH,tone-v2,KEEP_SCRATCH,,false
docs/tone-v2/_audit_scratch/dialog200_sentence_assembly_trace/193.json,SCRATCH,tone-v2,KEEP_SCRATCH,,false
docs/tone-v2/_audit_scratch/dialog200_sentence_assembly_trace/193.md,SCRATCH,tone-v2,KEEP_SCRATCH,,false
docs/tone-v2/_audit_scratch/dialog200_sentence_assembly_trace/194.json,SCRATCH,tone-v2,KEEP_SCRATCH,,false
docs/tone-v2/_audit_scratch/dialog200_sentence_assembly_trace/194.md,SCRATCH,tone-v2,KEEP_SCRATCH,,false
docs/tone-v2/_audit_scratch/dialog200_sentence_assembly_trace/195.json,SCRATCH,tone-v2,KEEP_SCRATCH,,false
docs/tone-v2/_audit_scratch/dialog200_sentence_assembly_trace/195.md,SCRATCH,tone-v2,KEEP_SCRATCH,,false
docs/tone-v2/_audit_scratch/dialog200_sentence_assembly_trace/196.json,SCRATCH,tone-v2,KEEP_SCRATCH,,false
docs/tone-v2/_audit_scratch/dialog200_sentence_assembly_trace/196.md,SCRATCH,tone-v2,KEEP_SCRATCH,,false
docs/tone-v2/_audit_scratch/dialog200_sentence_assembly_trace/197.json,SCRATCH,tone-v2,KEEP_SCRATCH,,false
docs/tone-v2/_audit_scratch/dialog200_sentence_assembly_trace/197.md,SCRATCH,tone-v2,KEEP_SCRATCH,,false
docs/tone-v2/_audit_scratch/dialog200_sentence_assembly_trace/198.json,SCRATCH,tone-v2,KEEP_SCRATCH,,false
docs/tone-v2/_audit_scratch/dialog200_sentence_assembly_trace/198.md,SCRATCH,tone-v2,KEEP_SCRATCH,,false
docs/tone-v2/_audit_scratch/dialog200_sentence_assembly_trace/199.json,SCRATCH,tone-v2,KEEP_SCRATCH,,false
docs/tone-v2/_audit_scratch/dialog200_sentence_assembly_trace/199.md,SCRATCH,tone-v2,KEEP_SCRATCH,,false
docs/tone-v2/_audit_scratch/dialog200_sentence_assembly_trace/200.json,SCRATCH,tone-v2,KEEP_SCRATCH,,false
docs/tone-v2/_audit_scratch/dialog200_sentence_assembly_trace/200.md,SCRATCH,tone-v2,KEEP_SCRATCH,,false
docs/tone-v2/_audit_scratch/dialog200_sentence_assembly_trace/_index.json,SCRATCH,tone-v2,KEEP_SCRATCH,,false
docs/tone-v2/_audit_scratch/dialog200_sentence_assembly_trace/_progress.json,SCRATCH,tone-v2,KEEP_SCRATCH,,false
docs/tone-v2/_audit_scratch/dialog200_sentence_assembly_trace_summary.md,SCRATCH,tone-v2,KEEP_SCRATCH,,false
docs/tone-v2/_audit_scratch/dialog200_span_assembly_acceptance/analysis_addendum.json,SCRATCH,tone-v2,KEEP_SCRATCH,,false
docs/tone-v2/_audit_scratch/dialog200_span_assembly_acceptance/cases/d001.json,SCRATCH,tone-v2,KEEP_SCRATCH,,false
docs/tone-v2/_audit_scratch/dialog200_span_assembly_acceptance/cases/d002.json,SCRATCH,tone-v2,KEEP_SCRATCH,,false
docs/tone-v2/_audit_scratch/dialog200_span_assembly_acceptance/cases/d003.json,SCRATCH,tone-v2,KEEP_SCRATCH,,false
docs/tone-v2/_audit_scratch/dialog200_span_assembly_acceptance/cases/d004.json,SCRATCH,tone-v2,KEEP_SCRATCH,,false
docs/tone-v2/_audit_scratch/dialog200_span_assembly_acceptance/cases/d005.json,SCRATCH,tone-v2,KEEP_SCRATCH,,false
docs/tone-v2/_audit_scratch/dialog200_span_assembly_acceptance/cases/d006.json,SCRATCH,tone-v2,KEEP_SCRATCH,,false
docs/tone-v2/_audit_scratch/dialog200_span_assembly_acceptance/cases/d007.json,SCRATCH,tone-v2,KEEP_SCRATCH,,false
docs/tone-v2/_audit_scratch/dialog200_span_assembly_acceptance/cases/d008.json,SCRATCH,tone-v2,KEEP_SCRATCH,,false
docs/tone-v2/_audit_scratch/dialog200_span_assembly_acceptance/cases/d009.json,SCRATCH,tone-v2,KEEP_SCRATCH,,false
docs/tone-v2/_audit_scratch/dialog200_span_assembly_acceptance/cases/d010.json,SCRATCH,tone-v2,KEEP_SCRATCH,,false
docs/tone-v2/_audit_scratch/dialog200_span_assembly_acceptance/cases/d011.json,SCRATCH,tone-v2,KEEP_SCRATCH,,false
docs/tone-v2/_audit_scratch/dialog200_span_assembly_acceptance/cases/d012.json,SCRATCH,tone-v2,KEEP_SCRATCH,,false
docs/tone-v2/_audit_scratch/dialog200_span_assembly_acceptance/cases/d013.json,SCRATCH,tone-v2,KEEP_SCRATCH,,false
docs/tone-v2/_audit_scratch/dialog200_span_assembly_acceptance/cases/d014.json,SCRATCH,tone-v2,KEEP_SCRATCH,,false
docs/tone-v2/_audit_scratch/dialog200_span_assembly_acceptance/cases/d015.json,SCRATCH,tone-v2,KEEP_SCRATCH,,false
docs/tone-v2/_audit_scratch/dialog200_span_assembly_acceptance/cases/d016.json,SCRATCH,tone-v2,KEEP_SCRATCH,,false
docs/tone-v2/_audit_scratch/dialog200_span_assembly_acceptance/cases/d017.json,SCRATCH,tone-v2,KEEP_SCRATCH,,false
docs/tone-v2/_audit_scratch/dialog200_span_assembly_acceptance/cases/d018.json,SCRATCH,tone-v2,KEEP_SCRATCH,,false
docs/tone-v2/_audit_scratch/dialog200_span_assembly_acceptance/cases/d019.json,SCRATCH,tone-v2,KEEP_SCRATCH,,false
docs/tone-v2/_audit_scratch/dialog200_span_assembly_acceptance/cases/d020.json,SCRATCH,tone-v2,KEEP_SCRATCH,,false
docs/tone-v2/_audit_scratch/dialog200_span_assembly_acceptance/cases/d021.json,SCRATCH,tone-v2,KEEP_SCRATCH,,false
docs/tone-v2/_audit_scratch/dialog200_span_assembly_acceptance/cases/d022.json,SCRATCH,tone-v2,KEEP_SCRATCH,,false
docs/tone-v2/_audit_scratch/dialog200_span_assembly_acceptance/cases/d023.json,SCRATCH,tone-v2,KEEP_SCRATCH,,false
docs/tone-v2/_audit_scratch/dialog200_span_assembly_acceptance/cases/d024.json,SCRATCH,tone-v2,KEEP_SCRATCH,,false
docs/tone-v2/_audit_scratch/dialog200_span_assembly_acceptance/cases/d025.json,SCRATCH,tone-v2,KEEP_SCRATCH,,false
docs/tone-v2/_audit_scratch/dialog200_span_assembly_acceptance/cases/d026.json,SCRATCH,tone-v2,KEEP_SCRATCH,,false
docs/tone-v2/_audit_scratch/dialog200_span_assembly_acceptance/cases/d027.json,SCRATCH,tone-v2,KEEP_SCRATCH,,false
docs/tone-v2/_audit_scratch/dialog200_span_assembly_acceptance/cases/d028.json,SCRATCH,tone-v2,KEEP_SCRATCH,,false
docs/tone-v2/_audit_scratch/dialog200_span_assembly_acceptance/cases/d029.json,SCRATCH,tone-v2,KEEP_SCRATCH,,false
docs/tone-v2/_audit_scratch/dialog200_span_assembly_acceptance/cases/d030.json,SCRATCH,tone-v2,KEEP_SCRATCH,,false
docs/tone-v2/_audit_scratch/dialog200_span_assembly_acceptance/cases/d031.json,SCRATCH,tone-v2,KEEP_SCRATCH,,false
docs/tone-v2/_audit_scratch/dialog200_span_assembly_acceptance/cases/d032.json,SCRATCH,tone-v2,KEEP_SCRATCH,,false
docs/tone-v2/_audit_scratch/dialog200_span_assembly_acceptance/cases/d033.json,SCRATCH,tone-v2,KEEP_SCRATCH,,false
docs/tone-v2/_audit_scratch/dialog200_span_assembly_acceptance/cases/d034.json,SCRATCH,tone-v2,KEEP_SCRATCH,,false
docs/tone-v2/_audit_scratch/dialog200_span_assembly_acceptance/cases/d035.json,SCRATCH,tone-v2,KEEP_SCRATCH,,false
docs/tone-v2/_audit_scratch/dialog200_span_assembly_acceptance/cases/d036.json,SCRATCH,tone-v2,KEEP_SCRATCH,,false
docs/tone-v2/_audit_scratch/dialog200_span_assembly_acceptance/cases/d037.json,SCRATCH,tone-v2,KEEP_SCRATCH,,false
docs/tone-v2/_audit_scratch/dialog200_span_assembly_acceptance/cases/d038.json,SCRATCH,tone-v2,KEEP_SCRATCH,,false
docs/tone-v2/_audit_scratch/dialog200_span_assembly_acceptance/cases/d039.json,SCRATCH,tone-v2,KEEP_SCRATCH,,false
docs/tone-v2/_audit_scratch/dialog200_span_assembly_acceptance/cases/d040.json,SCRATCH,tone-v2,KEEP_SCRATCH,,false
docs/tone-v2/_audit_scratch/dialog200_span_assembly_acceptance/cases/d041.json,SCRATCH,tone-v2,KEEP_SCRATCH,,false
docs/tone-v2/_audit_scratch/dialog200_span_assembly_acceptance/cases/d042.json,SCRATCH,tone-v2,KEEP_SCRATCH,,false
docs/tone-v2/_audit_scratch/dialog200_span_assembly_acceptance/cases/d043.json,SCRATCH,tone-v2,KEEP_SCRATCH,,false
docs/tone-v2/_audit_scratch/dialog200_span_assembly_acceptance/cases/d044.json,SCRATCH,tone-v2,KEEP_SCRATCH,,false
docs/tone-v2/_audit_scratch/dialog200_span_assembly_acceptance/cases/d045.json,SCRATCH,tone-v2,KEEP_SCRATCH,,false
docs/tone-v2/_audit_scratch/dialog200_span_assembly_acceptance/cases/d046.json,SCRATCH,tone-v2,KEEP_SCRATCH,,false
docs/tone-v2/_audit_scratch/dialog200_span_assembly_acceptance/cases/d047.json,SCRATCH,tone-v2,KEEP_SCRATCH,,false
docs/tone-v2/_audit_scratch/dialog200_span_assembly_acceptance/cases/d048.json,SCRATCH,tone-v2,KEEP_SCRATCH,,false
docs/tone-v2/_audit_scratch/dialog200_span_assembly_acceptance/cases/d049.json,SCRATCH,tone-v2,KEEP_SCRATCH,,false
docs/tone-v2/_audit_scratch/dialog200_span_assembly_acceptance/cases/d050.json,SCRATCH,tone-v2,KEEP_SCRATCH,,false
docs/tone-v2/_audit_scratch/dialog200_span_assembly_acceptance/cases/d051.json,SCRATCH,tone-v2,KEEP_SCRATCH,,false
docs/tone-v2/_audit_scratch/dialog200_span_assembly_acceptance/cases/d052.json,SCRATCH,tone-v2,KEEP_SCRATCH,,false
docs/tone-v2/_audit_scratch/dialog200_span_assembly_acceptance/cases/d053.json,SCRATCH,tone-v2,KEEP_SCRATCH,,false
docs/tone-v2/_audit_scratch/dialog200_span_assembly_acceptance/cases/d054.json,SCRATCH,tone-v2,KEEP_SCRATCH,,false
docs/tone-v2/_audit_scratch/dialog200_span_assembly_acceptance/cases/d055.json,SCRATCH,tone-v2,KEEP_SCRATCH,,false
docs/tone-v2/_audit_scratch/dialog200_span_assembly_acceptance/cases/d056.json,SCRATCH,tone-v2,KEEP_SCRATCH,,false
docs/tone-v2/_audit_scratch/dialog200_span_assembly_acceptance/cases/d057.json,SCRATCH,tone-v2,KEEP_SCRATCH,,false
docs/tone-v2/_audit_scratch/dialog200_span_assembly_acceptance/cases/d058.json,SCRATCH,tone-v2,KEEP_SCRATCH,,false
docs/tone-v2/_audit_scratch/dialog200_span_assembly_acceptance/cases/d059.json,SCRATCH,tone-v2,KEEP_SCRATCH,,false
docs/tone-v2/_audit_scratch/dialog200_span_assembly_acceptance/cases/d060.json,SCRATCH,tone-v2,KEEP_SCRATCH,,false
docs/tone-v2/_audit_scratch/dialog200_span_assembly_acceptance/cases/d061.json,SCRATCH,tone-v2,KEEP_SCRATCH,,false
docs/tone-v2/_audit_scratch/dialog200_span_assembly_acceptance/cases/d062.json,SCRATCH,tone-v2,KEEP_SCRATCH,,false
docs/tone-v2/_audit_scratch/dialog200_span_assembly_acceptance/cases/d063.json,SCRATCH,tone-v2,KEEP_SCRATCH,,false
docs/tone-v2/_audit_scratch/dialog200_span_assembly_acceptance/cases/d064.json,SCRATCH,tone-v2,KEEP_SCRATCH,,false
docs/tone-v2/_audit_scratch/dialog200_span_assembly_acceptance/cases/d065.json,SCRATCH,tone-v2,KEEP_SCRATCH,,false
docs/tone-v2/_audit_scratch/dialog200_span_assembly_acceptance/cases/d066.json,SCRATCH,tone-v2,KEEP_SCRATCH,,false
docs/tone-v2/_audit_scratch/dialog200_span_assembly_acceptance/cases/d067.json,SCRATCH,tone-v2,KEEP_SCRATCH,,false
docs/tone-v2/_audit_scratch/dialog200_span_assembly_acceptance/cases/d068.json,SCRATCH,tone-v2,KEEP_SCRATCH,,false
docs/tone-v2/_audit_scratch/dialog200_span_assembly_acceptance/cases/d069.json,SCRATCH,tone-v2,KEEP_SCRATCH,,false
docs/tone-v2/_audit_scratch/dialog200_span_assembly_acceptance/cases/d070.json,SCRATCH,tone-v2,KEEP_SCRATCH,,false
docs/tone-v2/_audit_scratch/dialog200_span_assembly_acceptance/cases/d071.json,SCRATCH,tone-v2,KEEP_SCRATCH,,false
docs/tone-v2/_audit_scratch/dialog200_span_assembly_acceptance/cases/d072.json,SCRATCH,tone-v2,KEEP_SCRATCH,,false
docs/tone-v2/_audit_scratch/dialog200_span_assembly_acceptance/cases/d073.json,SCRATCH,tone-v2,KEEP_SCRATCH,,false
docs/tone-v2/_audit_scratch/dialog200_span_assembly_acceptance/cases/d074.json,SCRATCH,tone-v2,KEEP_SCRATCH,,false
docs/tone-v2/_audit_scratch/dialog200_span_assembly_acceptance/cases/d075.json,SCRATCH,tone-v2,KEEP_SCRATCH,,false
docs/tone-v2/_audit_scratch/dialog200_span_assembly_acceptance/cases/d076.json,SCRATCH,tone-v2,KEEP_SCRATCH,,false
docs/tone-v2/_audit_scratch/dialog200_span_assembly_acceptance/cases/d077.json,SCRATCH,tone-v2,KEEP_SCRATCH,,false
docs/tone-v2/_audit_scratch/dialog200_span_assembly_acceptance/cases/d078.json,SCRATCH,tone-v2,KEEP_SCRATCH,,false
docs/tone-v2/_audit_scratch/dialog200_span_assembly_acceptance/cases/d079.json,SCRATCH,tone-v2,KEEP_SCRATCH,,false
docs/tone-v2/_audit_scratch/dialog200_span_assembly_acceptance/cases/d080.json,SCRATCH,tone-v2,KEEP_SCRATCH,,false
docs/tone-v2/_audit_scratch/dialog200_span_assembly_acceptance/cases/d081.json,SCRATCH,tone-v2,KEEP_SCRATCH,,false
docs/tone-v2/_audit_scratch/dialog200_span_assembly_acceptance/cases/d082.json,SCRATCH,tone-v2,KEEP_SCRATCH,,false
docs/tone-v2/_audit_scratch/dialog200_span_assembly_acceptance/cases/d083.json,SCRATCH,tone-v2,KEEP_SCRATCH,,false
docs/tone-v2/_audit_scratch/dialog200_span_assembly_acceptance/cases/d084.json,SCRATCH,tone-v2,KEEP_SCRATCH,,false
docs/tone-v2/_audit_scratch/dialog200_span_assembly_acceptance/cases/d085.json,SCRATCH,tone-v2,KEEP_SCRATCH,,false
docs/tone-v2/_audit_scratch/dialog200_span_assembly_acceptance/cases/d086.json,SCRATCH,tone-v2,KEEP_SCRATCH,,false
docs/tone-v2/_audit_scratch/dialog200_span_assembly_acceptance/cases/d087.json,SCRATCH,tone-v2,KEEP_SCRATCH,,false
docs/tone-v2/_audit_scratch/dialog200_span_assembly_acceptance/cases/d088.json,SCRATCH,tone-v2,KEEP_SCRATCH,,false
docs/tone-v2/_audit_scratch/dialog200_span_assembly_acceptance/cases/d089.json,SCRATCH,tone-v2,KEEP_SCRATCH,,false
docs/tone-v2/_audit_scratch/dialog200_span_assembly_acceptance/cases/d090.json,SCRATCH,tone-v2,KEEP_SCRATCH,,false
docs/tone-v2/_audit_scratch/dialog200_span_assembly_acceptance/cases/d091.json,SCRATCH,tone-v2,KEEP_SCRATCH,,false
docs/tone-v2/_audit_scratch/dialog200_span_assembly_acceptance/cases/d092.json,SCRATCH,tone-v2,KEEP_SCRATCH,,false
docs/tone-v2/_audit_scratch/dialog200_span_assembly_acceptance/cases/d093.json,SCRATCH,tone-v2,KEEP_SCRATCH,,false
docs/tone-v2/_audit_scratch/dialog200_span_assembly_acceptance/cases/d094.json,SCRATCH,tone-v2,KEEP_SCRATCH,,false
docs/tone-v2/_audit_scratch/dialog200_span_assembly_acceptance/cases/d095.json,SCRATCH,tone-v2,KEEP_SCRATCH,,false
docs/tone-v2/_audit_scratch/dialog200_span_assembly_acceptance/cases/d096.json,SCRATCH,tone-v2,KEEP_SCRATCH,,false
docs/tone-v2/_audit_scratch/dialog200_span_assembly_acceptance/cases/d097.json,SCRATCH,tone-v2,KEEP_SCRATCH,,false
docs/tone-v2/_audit_scratch/dialog200_span_assembly_acceptance/cases/d098.json,SCRATCH,tone-v2,KEEP_SCRATCH,,false
docs/tone-v2/_audit_scratch/dialog200_span_assembly_acceptance/cases/d099.json,SCRATCH,tone-v2,KEEP_SCRATCH,,false
docs/tone-v2/_audit_scratch/dialog200_span_assembly_acceptance/cases/d100.json,SCRATCH,tone-v2,KEEP_SCRATCH,,false
docs/tone-v2/_audit_scratch/dialog200_span_assembly_acceptance/cases/d101.json,SCRATCH,tone-v2,KEEP_SCRATCH,,false
docs/tone-v2/_audit_scratch/dialog200_span_assembly_acceptance/cases/d102.json,SCRATCH,tone-v2,KEEP_SCRATCH,,false
docs/tone-v2/_audit_scratch/dialog200_span_assembly_acceptance/cases/d103.json,SCRATCH,tone-v2,KEEP_SCRATCH,,false
docs/tone-v2/_audit_scratch/dialog200_span_assembly_acceptance/cases/d104.json,SCRATCH,tone-v2,KEEP_SCRATCH,,false
docs/tone-v2/_audit_scratch/dialog200_span_assembly_acceptance/cases/d105.json,SCRATCH,tone-v2,KEEP_SCRATCH,,false
docs/tone-v2/_audit_scratch/dialog200_span_assembly_acceptance/cases/d106.json,SCRATCH,tone-v2,KEEP_SCRATCH,,false
docs/tone-v2/_audit_scratch/dialog200_span_assembly_acceptance/cases/d107.json,SCRATCH,tone-v2,KEEP_SCRATCH,,false
docs/tone-v2/_audit_scratch/dialog200_span_assembly_acceptance/cases/d108.json,SCRATCH,tone-v2,KEEP_SCRATCH,,false
docs/tone-v2/_audit_scratch/dialog200_span_assembly_acceptance/cases/d109.json,SCRATCH,tone-v2,KEEP_SCRATCH,,false
docs/tone-v2/_audit_scratch/dialog200_span_assembly_acceptance/cases/d110.json,SCRATCH,tone-v2,KEEP_SCRATCH,,false
docs/tone-v2/_audit_scratch/dialog200_span_assembly_acceptance/cases/d111.json,SCRATCH,tone-v2,KEEP_SCRATCH,,false
docs/tone-v2/_audit_scratch/dialog200_span_assembly_acceptance/cases/d112.json,SCRATCH,tone-v2,KEEP_SCRATCH,,false
docs/tone-v2/_audit_scratch/dialog200_span_assembly_acceptance/cases/d113.json,SCRATCH,tone-v2,KEEP_SCRATCH,,false
docs/tone-v2/_audit_scratch/dialog200_span_assembly_acceptance/cases/d114.json,SCRATCH,tone-v2,KEEP_SCRATCH,,false
docs/tone-v2/_audit_scratch/dialog200_span_assembly_acceptance/cases/d115.json,SCRATCH,tone-v2,KEEP_SCRATCH,,false
docs/tone-v2/_audit_scratch/dialog200_span_assembly_acceptance/cases/d116.json,SCRATCH,tone-v2,KEEP_SCRATCH,,false
docs/tone-v2/_audit_scratch/dialog200_span_assembly_acceptance/cases/d117.json,SCRATCH,tone-v2,KEEP_SCRATCH,,false
docs/tone-v2/_audit_scratch/dialog200_span_assembly_acceptance/cases/d118.json,SCRATCH,tone-v2,KEEP_SCRATCH,,false
docs/tone-v2/_audit_scratch/dialog200_span_assembly_acceptance/cases/d119.json,SCRATCH,tone-v2,KEEP_SCRATCH,,false
docs/tone-v2/_audit_scratch/dialog200_span_assembly_acceptance/cases/d120.json,SCRATCH,tone-v2,KEEP_SCRATCH,,false
docs/tone-v2/_audit_scratch/dialog200_span_assembly_acceptance/cases/d121.json,SCRATCH,tone-v2,KEEP_SCRATCH,,false
docs/tone-v2/_audit_scratch/dialog200_span_assembly_acceptance/cases/d122.json,SCRATCH,tone-v2,KEEP_SCRATCH,,false
docs/tone-v2/_audit_scratch/dialog200_span_assembly_acceptance/cases/d123.json,SCRATCH,tone-v2,KEEP_SCRATCH,,false
docs/tone-v2/_audit_scratch/dialog200_span_assembly_acceptance/cases/d124.json,SCRATCH,tone-v2,KEEP_SCRATCH,,false
docs/tone-v2/_audit_scratch/dialog200_span_assembly_acceptance/cases/d125.json,SCRATCH,tone-v2,KEEP_SCRATCH,,false
docs/tone-v2/_audit_scratch/dialog200_span_assembly_acceptance/cases/d126.json,SCRATCH,tone-v2,KEEP_SCRATCH,,false
docs/tone-v2/_audit_scratch/dialog200_span_assembly_acceptance/cases/d127.json,SCRATCH,tone-v2,KEEP_SCRATCH,,false
docs/tone-v2/_audit_scratch/dialog200_span_assembly_acceptance/cases/d128.json,SCRATCH,tone-v2,KEEP_SCRATCH,,false
docs/tone-v2/_audit_scratch/dialog200_span_assembly_acceptance/cases/d129.json,SCRATCH,tone-v2,KEEP_SCRATCH,,false
docs/tone-v2/_audit_scratch/dialog200_span_assembly_acceptance/cases/d130.json,SCRATCH,tone-v2,KEEP_SCRATCH,,false
docs/tone-v2/_audit_scratch/dialog200_span_assembly_acceptance/cases/d131.json,SCRATCH,tone-v2,KEEP_SCRATCH,,false
docs/tone-v2/_audit_scratch/dialog200_span_assembly_acceptance/cases/d132.json,SCRATCH,tone-v2,KEEP_SCRATCH,,false
docs/tone-v2/_audit_scratch/dialog200_span_assembly_acceptance/cases/d133.json,SCRATCH,tone-v2,KEEP_SCRATCH,,false
docs/tone-v2/_audit_scratch/dialog200_span_assembly_acceptance/cases/d134.json,SCRATCH,tone-v2,KEEP_SCRATCH,,false
docs/tone-v2/_audit_scratch/dialog200_span_assembly_acceptance/cases/d135.json,SCRATCH,tone-v2,KEEP_SCRATCH,,false
docs/tone-v2/_audit_scratch/dialog200_span_assembly_acceptance/cases/d136.json,SCRATCH,tone-v2,KEEP_SCRATCH,,false
docs/tone-v2/_audit_scratch/dialog200_span_assembly_acceptance/cases/d137.json,SCRATCH,tone-v2,KEEP_SCRATCH,,false
docs/tone-v2/_audit_scratch/dialog200_span_assembly_acceptance/cases/d138.json,SCRATCH,tone-v2,KEEP_SCRATCH,,false
docs/tone-v2/_audit_scratch/dialog200_span_assembly_acceptance/cases/d139.json,SCRATCH,tone-v2,KEEP_SCRATCH,,false
docs/tone-v2/_audit_scratch/dialog200_span_assembly_acceptance/cases/d140.json,SCRATCH,tone-v2,KEEP_SCRATCH,,false
docs/tone-v2/_audit_scratch/dialog200_span_assembly_acceptance/cases/d141.json,SCRATCH,tone-v2,KEEP_SCRATCH,,false
docs/tone-v2/_audit_scratch/dialog200_span_assembly_acceptance/cases/d142.json,SCRATCH,tone-v2,KEEP_SCRATCH,,false
docs/tone-v2/_audit_scratch/dialog200_span_assembly_acceptance/cases/d143.json,SCRATCH,tone-v2,KEEP_SCRATCH,,false
docs/tone-v2/_audit_scratch/dialog200_span_assembly_acceptance/cases/d144.json,SCRATCH,tone-v2,KEEP_SCRATCH,,false
docs/tone-v2/_audit_scratch/dialog200_span_assembly_acceptance/cases/d145.json,SCRATCH,tone-v2,KEEP_SCRATCH,,false
docs/tone-v2/_audit_scratch/dialog200_span_assembly_acceptance/cases/d146.json,SCRATCH,tone-v2,KEEP_SCRATCH,,false
docs/tone-v2/_audit_scratch/dialog200_span_assembly_acceptance/cases/d147.json,SCRATCH,tone-v2,KEEP_SCRATCH,,false
docs/tone-v2/_audit_scratch/dialog200_span_assembly_acceptance/cases/d148.json,SCRATCH,tone-v2,KEEP_SCRATCH,,false
docs/tone-v2/_audit_scratch/dialog200_span_assembly_acceptance/cases/d149.json,SCRATCH,tone-v2,KEEP_SCRATCH,,false
docs/tone-v2/_audit_scratch/dialog200_span_assembly_acceptance/cases/d150.json,SCRATCH,tone-v2,KEEP_SCRATCH,,false
docs/tone-v2/_audit_scratch/dialog200_span_assembly_acceptance/cases/d151.json,SCRATCH,tone-v2,KEEP_SCRATCH,,false
docs/tone-v2/_audit_scratch/dialog200_span_assembly_acceptance/cases/d152.json,SCRATCH,tone-v2,KEEP_SCRATCH,,false
docs/tone-v2/_audit_scratch/dialog200_span_assembly_acceptance/cases/d153.json,SCRATCH,tone-v2,KEEP_SCRATCH,,false
docs/tone-v2/_audit_scratch/dialog200_span_assembly_acceptance/cases/d154.json,SCRATCH,tone-v2,KEEP_SCRATCH,,false
docs/tone-v2/_audit_scratch/dialog200_span_assembly_acceptance/cases/d155.json,SCRATCH,tone-v2,KEEP_SCRATCH,,false
docs/tone-v2/_audit_scratch/dialog200_span_assembly_acceptance/cases/d156.json,SCRATCH,tone-v2,KEEP_SCRATCH,,false
docs/tone-v2/_audit_scratch/dialog200_span_assembly_acceptance/cases/d157.json,SCRATCH,tone-v2,KEEP_SCRATCH,,false
docs/tone-v2/_audit_scratch/dialog200_span_assembly_acceptance/cases/d158.json,SCRATCH,tone-v2,KEEP_SCRATCH,,false
docs/tone-v2/_audit_scratch/dialog200_span_assembly_acceptance/cases/d159.json,SCRATCH,tone-v2,KEEP_SCRATCH,,false
docs/tone-v2/_audit_scratch/dialog200_span_assembly_acceptance/cases/d160.json,SCRATCH,tone-v2,KEEP_SCRATCH,,false
docs/tone-v2/_audit_scratch/dialog200_span_assembly_acceptance/cases/d161.json,SCRATCH,tone-v2,KEEP_SCRATCH,,false
docs/tone-v2/_audit_scratch/dialog200_span_assembly_acceptance/cases/d162.json,SCRATCH,tone-v2,KEEP_SCRATCH,,false
docs/tone-v2/_audit_scratch/dialog200_span_assembly_acceptance/cases/d163.json,SCRATCH,tone-v2,KEEP_SCRATCH,,false
docs/tone-v2/_audit_scratch/dialog200_span_assembly_acceptance/cases/d164.json,SCRATCH,tone-v2,KEEP_SCRATCH,,false
docs/tone-v2/_audit_scratch/dialog200_span_assembly_acceptance/cases/d165.json,SCRATCH,tone-v2,KEEP_SCRATCH,,false
docs/tone-v2/_audit_scratch/dialog200_span_assembly_acceptance/cases/d166.json,SCRATCH,tone-v2,KEEP_SCRATCH,,false
docs/tone-v2/_audit_scratch/dialog200_span_assembly_acceptance/cases/d167.json,SCRATCH,tone-v2,KEEP_SCRATCH,,false
docs/tone-v2/_audit_scratch/dialog200_span_assembly_acceptance/cases/d168.json,SCRATCH,tone-v2,KEEP_SCRATCH,,false
docs/tone-v2/_audit_scratch/dialog200_span_assembly_acceptance/cases/d169.json,SCRATCH,tone-v2,KEEP_SCRATCH,,false
docs/tone-v2/_audit_scratch/dialog200_span_assembly_acceptance/cases/d170.json,SCRATCH,tone-v2,KEEP_SCRATCH,,false
docs/tone-v2/_audit_scratch/dialog200_span_assembly_acceptance/cases/d171.json,SCRATCH,tone-v2,KEEP_SCRATCH,,false
docs/tone-v2/_audit_scratch/dialog200_span_assembly_acceptance/cases/d172.json,SCRATCH,tone-v2,KEEP_SCRATCH,,false
docs/tone-v2/_audit_scratch/dialog200_span_assembly_acceptance/cases/d173.json,SCRATCH,tone-v2,KEEP_SCRATCH,,false
docs/tone-v2/_audit_scratch/dialog200_span_assembly_acceptance/cases/d174.json,SCRATCH,tone-v2,KEEP_SCRATCH,,false
docs/tone-v2/_audit_scratch/dialog200_span_assembly_acceptance/cases/d175.json,SCRATCH,tone-v2,KEEP_SCRATCH,,false
docs/tone-v2/_audit_scratch/dialog200_span_assembly_acceptance/cases/d176.json,SCRATCH,tone-v2,KEEP_SCRATCH,,false
docs/tone-v2/_audit_scratch/dialog200_span_assembly_acceptance/cases/d177.json,SCRATCH,tone-v2,KEEP_SCRATCH,,false
docs/tone-v2/_audit_scratch/dialog200_span_assembly_acceptance/cases/d178.json,SCRATCH,tone-v2,KEEP_SCRATCH,,false
docs/tone-v2/_audit_scratch/dialog200_span_assembly_acceptance/cases/d179.json,SCRATCH,tone-v2,KEEP_SCRATCH,,false
docs/tone-v2/_audit_scratch/dialog200_span_assembly_acceptance/cases/d180.json,SCRATCH,tone-v2,KEEP_SCRATCH,,false
docs/tone-v2/_audit_scratch/dialog200_span_assembly_acceptance/cases/d181.json,SCRATCH,tone-v2,KEEP_SCRATCH,,false
docs/tone-v2/_audit_scratch/dialog200_span_assembly_acceptance/cases/d182.json,SCRATCH,tone-v2,KEEP_SCRATCH,,false
docs/tone-v2/_audit_scratch/dialog200_span_assembly_acceptance/cases/d183.json,SCRATCH,tone-v2,KEEP_SCRATCH,,false
docs/tone-v2/_audit_scratch/dialog200_span_assembly_acceptance/cases/d184.json,SCRATCH,tone-v2,KEEP_SCRATCH,,false
docs/tone-v2/_audit_scratch/dialog200_span_assembly_acceptance/cases/d185.json,SCRATCH,tone-v2,KEEP_SCRATCH,,false
docs/tone-v2/_audit_scratch/dialog200_span_assembly_acceptance/cases/d186.json,SCRATCH,tone-v2,KEEP_SCRATCH,,false
docs/tone-v2/_audit_scratch/dialog200_span_assembly_acceptance/cases/d187.json,SCRATCH,tone-v2,KEEP_SCRATCH,,false
docs/tone-v2/_audit_scratch/dialog200_span_assembly_acceptance/cases/d188.json,SCRATCH,tone-v2,KEEP_SCRATCH,,false
docs/tone-v2/_audit_scratch/dialog200_span_assembly_acceptance/cases/d189.json,SCRATCH,tone-v2,KEEP_SCRATCH,,false
docs/tone-v2/_audit_scratch/dialog200_span_assembly_acceptance/cases/d190.json,SCRATCH,tone-v2,KEEP_SCRATCH,,false
docs/tone-v2/_audit_scratch/dialog200_span_assembly_acceptance/cases/d191.json,SCRATCH,tone-v2,KEEP_SCRATCH,,false
docs/tone-v2/_audit_scratch/dialog200_span_assembly_acceptance/cases/d192.json,SCRATCH,tone-v2,KEEP_SCRATCH,,false
docs/tone-v2/_audit_scratch/dialog200_span_assembly_acceptance/cases/d193.json,SCRATCH,tone-v2,KEEP_SCRATCH,,false
docs/tone-v2/_audit_scratch/dialog200_span_assembly_acceptance/cases/d194.json,SCRATCH,tone-v2,KEEP_SCRATCH,,false
docs/tone-v2/_audit_scratch/dialog200_span_assembly_acceptance/cases/d195.json,SCRATCH,tone-v2,KEEP_SCRATCH,,false
docs/tone-v2/_audit_scratch/dialog200_span_assembly_acceptance/cases/d196.json,SCRATCH,tone-v2,KEEP_SCRATCH,,false
docs/tone-v2/_audit_scratch/dialog200_span_assembly_acceptance/cases/d197.json,SCRATCH,tone-v2,KEEP_SCRATCH,,false
docs/tone-v2/_audit_scratch/dialog200_span_assembly_acceptance/cases/d198.json,SCRATCH,tone-v2,KEEP_SCRATCH,,false
docs/tone-v2/_audit_scratch/dialog200_span_assembly_acceptance/cases/d199.json,SCRATCH,tone-v2,KEEP_SCRATCH,,false
docs/tone-v2/_audit_scratch/dialog200_span_assembly_acceptance/cases/d200.json,SCRATCH,tone-v2,KEEP_SCRATCH,,false
docs/tone-v2/_audit_scratch/dialog200_span_assembly_acceptance/case_index.json,SCRATCH,tone-v2,KEEP_SCRATCH,,false
docs/tone-v2/_audit_scratch/dialog200_span_assembly_acceptance/performance.json,SCRATCH,tone-v2,KEEP_SCRATCH,,false
docs/tone-v2/_audit_scratch/dialog200_span_assembly_acceptance/representative_cases.md,SCRATCH,tone-v2,KEEP_SCRATCH,,false
docs/tone-v2/_audit_scratch/dialog200_span_assembly_acceptance/summary.json,SCRATCH,tone-v2,KEEP_SCRATCH,,false
docs/tone-v2/_audit_scratch/domain_semantic_atomicity/domain_semantic_atomicity_reconciliation.csv,SCRATCH,tone-v2,KEEP_SCRATCH,,false
docs/tone-v2/_audit_scratch/domain_semantic_atomicity/domain_semantic_atomicity_reconciliation.json,SCRATCH,tone-v2,KEEP_SCRATCH,,false
docs/tone-v2/_audit_scratch/domain_vote_atomicity/domain_vote_atomicity.json,SCRATCH,tone-v2,KEEP_SCRATCH,,false
docs/tone-v2/_audit_scratch/domain_vote_trace/001.json,SCRATCH,tone-v2,KEEP_SCRATCH,,false
docs/tone-v2/_audit_scratch/domain_vote_trace/001.md,SCRATCH,tone-v2,KEEP_SCRATCH,,false
docs/tone-v2/_audit_scratch/domain_vote_trace/002.json,SCRATCH,tone-v2,KEEP_SCRATCH,,false
docs/tone-v2/_audit_scratch/domain_vote_trace/002.md,SCRATCH,tone-v2,KEEP_SCRATCH,,false
docs/tone-v2/_audit_scratch/domain_vote_trace/003.json,SCRATCH,tone-v2,KEEP_SCRATCH,,false
docs/tone-v2/_audit_scratch/domain_vote_trace/003.md,SCRATCH,tone-v2,KEEP_SCRATCH,,false
docs/tone-v2/_audit_scratch/domain_vote_trace/004.json,SCRATCH,tone-v2,KEEP_SCRATCH,,false
docs/tone-v2/_audit_scratch/domain_vote_trace/004.md,SCRATCH,tone-v2,KEEP_SCRATCH,,false
docs/tone-v2/_audit_scratch/domain_vote_trace/005.json,SCRATCH,tone-v2,KEEP_SCRATCH,,false
docs/tone-v2/_audit_scratch/domain_vote_trace/005.md,SCRATCH,tone-v2,KEEP_SCRATCH,,false
docs/tone-v2/_audit_scratch/domain_vote_trace/006.json,SCRATCH,tone-v2,KEEP_SCRATCH,,false
docs/tone-v2/_audit_scratch/domain_vote_trace/006.md,SCRATCH,tone-v2,KEEP_SCRATCH,,false
docs/tone-v2/_audit_scratch/domain_vote_trace/007.json,SCRATCH,tone-v2,KEEP_SCRATCH,,false
docs/tone-v2/_audit_scratch/domain_vote_trace/007.md,SCRATCH,tone-v2,KEEP_SCRATCH,,false
docs/tone-v2/_audit_scratch/domain_vote_trace/008.json,SCRATCH,tone-v2,KEEP_SCRATCH,,false
docs/tone-v2/_audit_scratch/domain_vote_trace/008.md,SCRATCH,tone-v2,KEEP_SCRATCH,,false
docs/tone-v2/_audit_scratch/domain_vote_trace/009.json,SCRATCH,tone-v2,KEEP_SCRATCH,,false
docs/tone-v2/_audit_scratch/domain_vote_trace/009.md,SCRATCH,tone-v2,KEEP_SCRATCH,,false
docs/tone-v2/_audit_scratch/domain_vote_trace/010.json,SCRATCH,tone-v2,KEEP_SCRATCH,,false
docs/tone-v2/_audit_scratch/domain_vote_trace/010.md,SCRATCH,tone-v2,KEEP_SCRATCH,,false
docs/tone-v2/_audit_scratch/domain_vote_trace/011.json,SCRATCH,tone-v2,KEEP_SCRATCH,,false
docs/tone-v2/_audit_scratch/domain_vote_trace/011.md,SCRATCH,tone-v2,KEEP_SCRATCH,,false
docs/tone-v2/_audit_scratch/domain_vote_trace/012.json,SCRATCH,tone-v2,KEEP_SCRATCH,,false
docs/tone-v2/_audit_scratch/domain_vote_trace/012.md,SCRATCH,tone-v2,KEEP_SCRATCH,,false
docs/tone-v2/_audit_scratch/domain_vote_trace/013.json,SCRATCH,tone-v2,KEEP_SCRATCH,,false
docs/tone-v2/_audit_scratch/domain_vote_trace/013.md,SCRATCH,tone-v2,KEEP_SCRATCH,,false
docs/tone-v2/_audit_scratch/domain_vote_trace/014.json,SCRATCH,tone-v2,KEEP_SCRATCH,,false
docs/tone-v2/_audit_scratch/domain_vote_trace/014.md,SCRATCH,tone-v2,KEEP_SCRATCH,,false
docs/tone-v2/_audit_scratch/domain_vote_trace/015.json,SCRATCH,tone-v2,KEEP_SCRATCH,,false
docs/tone-v2/_audit_scratch/domain_vote_trace/015.md,SCRATCH,tone-v2,KEEP_SCRATCH,,false
docs/tone-v2/_audit_scratch/domain_vote_trace/016.json,SCRATCH,tone-v2,KEEP_SCRATCH,,false
docs/tone-v2/_audit_scratch/domain_vote_trace/016.md,SCRATCH,tone-v2,KEEP_SCRATCH,,false
docs/tone-v2/_audit_scratch/domain_vote_trace/017.json,SCRATCH,tone-v2,KEEP_SCRATCH,,false
docs/tone-v2/_audit_scratch/domain_vote_trace/017.md,SCRATCH,tone-v2,KEEP_SCRATCH,,false
docs/tone-v2/_audit_scratch/domain_vote_trace/018.json,SCRATCH,tone-v2,KEEP_SCRATCH,,false
docs/tone-v2/_audit_scratch/domain_vote_trace/018.md,SCRATCH,tone-v2,KEEP_SCRATCH,,false
docs/tone-v2/_audit_scratch/domain_vote_trace/019.json,SCRATCH,tone-v2,KEEP_SCRATCH,,false
docs/tone-v2/_audit_scratch/domain_vote_trace/019.md,SCRATCH,tone-v2,KEEP_SCRATCH,,false
docs/tone-v2/_audit_scratch/domain_vote_trace/020.json,SCRATCH,tone-v2,KEEP_SCRATCH,,false
docs/tone-v2/_audit_scratch/domain_vote_trace/020.md,SCRATCH,tone-v2,KEEP_SCRATCH,,false
docs/tone-v2/_audit_scratch/domain_vote_trace/021.json,SCRATCH,tone-v2,KEEP_SCRATCH,,false
docs/tone-v2/_audit_scratch/domain_vote_trace/021.md,SCRATCH,tone-v2,KEEP_SCRATCH,,false
docs/tone-v2/_audit_scratch/domain_vote_trace/022.json,SCRATCH,tone-v2,KEEP_SCRATCH,,false
docs/tone-v2/_audit_scratch/domain_vote_trace/022.md,SCRATCH,tone-v2,KEEP_SCRATCH,,false
docs/tone-v2/_audit_scratch/domain_vote_trace/023.json,SCRATCH,tone-v2,KEEP_SCRATCH,,false
docs/tone-v2/_audit_scratch/domain_vote_trace/023.md,SCRATCH,tone-v2,KEEP_SCRATCH,,false
docs/tone-v2/_audit_scratch/domain_vote_trace/024.json,SCRATCH,tone-v2,KEEP_SCRATCH,,false
docs/tone-v2/_audit_scratch/domain_vote_trace/024.md,SCRATCH,tone-v2,KEEP_SCRATCH,,false
docs/tone-v2/_audit_scratch/domain_vote_trace/025.json,SCRATCH,tone-v2,KEEP_SCRATCH,,false
docs/tone-v2/_audit_scratch/domain_vote_trace/025.md,SCRATCH,tone-v2,KEEP_SCRATCH,,false
docs/tone-v2/_audit_scratch/domain_vote_trace/026.json,SCRATCH,tone-v2,KEEP_SCRATCH,,false
docs/tone-v2/_audit_scratch/domain_vote_trace/026.md,SCRATCH,tone-v2,KEEP_SCRATCH,,false
docs/tone-v2/_audit_scratch/domain_vote_trace/027.json,SCRATCH,tone-v2,KEEP_SCRATCH,,false
docs/tone-v2/_audit_scratch/domain_vote_trace/027.md,SCRATCH,tone-v2,KEEP_SCRATCH,,false
docs/tone-v2/_audit_scratch/domain_vote_trace/028.json,SCRATCH,tone-v2,KEEP_SCRATCH,,false
docs/tone-v2/_audit_scratch/domain_vote_trace/028.md,SCRATCH,tone-v2,KEEP_SCRATCH,,false
docs/tone-v2/_audit_scratch/domain_vote_trace/029.json,SCRATCH,tone-v2,KEEP_SCRATCH,,false
docs/tone-v2/_audit_scratch/domain_vote_trace/029.md,SCRATCH,tone-v2,KEEP_SCRATCH,,false
docs/tone-v2/_audit_scratch/domain_vote_trace/030.json,SCRATCH,tone-v2,KEEP_SCRATCH,,false
docs/tone-v2/_audit_scratch/domain_vote_trace/030.md,SCRATCH,tone-v2,KEEP_SCRATCH,,false
docs/tone-v2/_audit_scratch/domain_vote_trace/031.json,SCRATCH,tone-v2,KEEP_SCRATCH,,false
docs/tone-v2/_audit_scratch/domain_vote_trace/031.md,SCRATCH,tone-v2,KEEP_SCRATCH,,false
docs/tone-v2/_audit_scratch/domain_vote_trace/032.json,SCRATCH,tone-v2,KEEP_SCRATCH,,false
docs/tone-v2/_audit_scratch/domain_vote_trace/032.md,SCRATCH,tone-v2,KEEP_SCRATCH,,false
docs/tone-v2/_audit_scratch/domain_vote_trace/033.json,SCRATCH,tone-v2,KEEP_SCRATCH,,false
docs/tone-v2/_audit_scratch/domain_vote_trace/033.md,SCRATCH,tone-v2,KEEP_SCRATCH,,false
docs/tone-v2/_audit_scratch/domain_vote_trace/034.json,SCRATCH,tone-v2,KEEP_SCRATCH,,false
docs/tone-v2/_audit_scratch/domain_vote_trace/034.md,SCRATCH,tone-v2,KEEP_SCRATCH,,false
docs/tone-v2/_audit_scratch/domain_vote_trace/035.json,SCRATCH,tone-v2,KEEP_SCRATCH,,false
docs/tone-v2/_audit_scratch/domain_vote_trace/035.md,SCRATCH,tone-v2,KEEP_SCRATCH,,false
docs/tone-v2/_audit_scratch/domain_vote_trace/036.json,SCRATCH,tone-v2,KEEP_SCRATCH,,false
docs/tone-v2/_audit_scratch/domain_vote_trace/036.md,SCRATCH,tone-v2,KEEP_SCRATCH,,false
docs/tone-v2/_audit_scratch/domain_vote_trace/037.json,SCRATCH,tone-v2,KEEP_SCRATCH,,false
docs/tone-v2/_audit_scratch/domain_vote_trace/037.md,SCRATCH,tone-v2,KEEP_SCRATCH,,false
docs/tone-v2/_audit_scratch/domain_vote_trace/038.json,SCRATCH,tone-v2,KEEP_SCRATCH,,false
docs/tone-v2/_audit_scratch/domain_vote_trace/038.md,SCRATCH,tone-v2,KEEP_SCRATCH,,false
docs/tone-v2/_audit_scratch/domain_vote_trace/039.json,SCRATCH,tone-v2,KEEP_SCRATCH,,false
docs/tone-v2/_audit_scratch/domain_vote_trace/039.md,SCRATCH,tone-v2,KEEP_SCRATCH,,false
docs/tone-v2/_audit_scratch/domain_vote_trace/040.json,SCRATCH,tone-v2,KEEP_SCRATCH,,false
docs/tone-v2/_audit_scratch/domain_vote_trace/040.md,SCRATCH,tone-v2,KEEP_SCRATCH,,false
docs/tone-v2/_audit_scratch/domain_vote_trace/041.json,SCRATCH,tone-v2,KEEP_SCRATCH,,false
docs/tone-v2/_audit_scratch/domain_vote_trace/041.md,SCRATCH,tone-v2,KEEP_SCRATCH,,false
docs/tone-v2/_audit_scratch/domain_vote_trace/042.json,SCRATCH,tone-v2,KEEP_SCRATCH,,false
docs/tone-v2/_audit_scratch/domain_vote_trace/042.md,SCRATCH,tone-v2,KEEP_SCRATCH,,false
docs/tone-v2/_audit_scratch/domain_vote_trace/043.json,SCRATCH,tone-v2,KEEP_SCRATCH,,false
docs/tone-v2/_audit_scratch/domain_vote_trace/043.md,SCRATCH,tone-v2,KEEP_SCRATCH,,false
docs/tone-v2/_audit_scratch/domain_vote_trace/044.json,SCRATCH,tone-v2,KEEP_SCRATCH,,false
docs/tone-v2/_audit_scratch/domain_vote_trace/044.md,SCRATCH,tone-v2,KEEP_SCRATCH,,false
docs/tone-v2/_audit_scratch/domain_vote_trace/045.json,SCRATCH,tone-v2,KEEP_SCRATCH,,false
docs/tone-v2/_audit_scratch/domain_vote_trace/045.md,SCRATCH,tone-v2,KEEP_SCRATCH,,false
docs/tone-v2/_audit_scratch/domain_vote_trace/046.json,SCRATCH,tone-v2,KEEP_SCRATCH,,false
docs/tone-v2/_audit_scratch/domain_vote_trace/046.md,SCRATCH,tone-v2,KEEP_SCRATCH,,false
docs/tone-v2/_audit_scratch/domain_vote_trace/047.json,SCRATCH,tone-v2,KEEP_SCRATCH,,false
docs/tone-v2/_audit_scratch/domain_vote_trace/047.md,SCRATCH,tone-v2,KEEP_SCRATCH,,false
docs/tone-v2/_audit_scratch/domain_vote_trace/048.json,SCRATCH,tone-v2,KEEP_SCRATCH,,false
docs/tone-v2/_audit_scratch/domain_vote_trace/048.md,SCRATCH,tone-v2,KEEP_SCRATCH,,false
docs/tone-v2/_audit_scratch/domain_vote_trace/049.json,SCRATCH,tone-v2,KEEP_SCRATCH,,false
docs/tone-v2/_audit_scratch/domain_vote_trace/049.md,SCRATCH,tone-v2,KEEP_SCRATCH,,false
docs/tone-v2/_audit_scratch/domain_vote_trace/050.json,SCRATCH,tone-v2,KEEP_SCRATCH,,false
docs/tone-v2/_audit_scratch/domain_vote_trace/050.md,SCRATCH,tone-v2,KEEP_SCRATCH,,false
docs/tone-v2/_audit_scratch/domain_vote_trace/051.json,SCRATCH,tone-v2,KEEP_SCRATCH,,false
docs/tone-v2/_audit_scratch/domain_vote_trace/051.md,SCRATCH,tone-v2,KEEP_SCRATCH,,false
docs/tone-v2/_audit_scratch/domain_vote_trace/052.json,SCRATCH,tone-v2,KEEP_SCRATCH,,false
docs/tone-v2/_audit_scratch/domain_vote_trace/052.md,SCRATCH,tone-v2,KEEP_SCRATCH,,false
docs/tone-v2/_audit_scratch/domain_vote_trace/053.json,SCRATCH,tone-v2,KEEP_SCRATCH,,false
docs/tone-v2/_audit_scratch/domain_vote_trace/053.md,SCRATCH,tone-v2,KEEP_SCRATCH,,false
docs/tone-v2/_audit_scratch/domain_vote_trace/054.json,SCRATCH,tone-v2,KEEP_SCRATCH,,false
docs/tone-v2/_audit_scratch/domain_vote_trace/054.md,SCRATCH,tone-v2,KEEP_SCRATCH,,false
docs/tone-v2/_audit_scratch/domain_vote_trace/055.json,SCRATCH,tone-v2,KEEP_SCRATCH,,false
docs/tone-v2/_audit_scratch/domain_vote_trace/055.md,SCRATCH,tone-v2,KEEP_SCRATCH,,false
docs/tone-v2/_audit_scratch/domain_vote_trace/056.json,SCRATCH,tone-v2,KEEP_SCRATCH,,false
docs/tone-v2/_audit_scratch/domain_vote_trace/056.md,SCRATCH,tone-v2,KEEP_SCRATCH,,false
docs/tone-v2/_audit_scratch/domain_vote_trace/057.json,SCRATCH,tone-v2,KEEP_SCRATCH,,false
docs/tone-v2/_audit_scratch/domain_vote_trace/057.md,SCRATCH,tone-v2,KEEP_SCRATCH,,false
docs/tone-v2/_audit_scratch/domain_vote_trace/058.json,SCRATCH,tone-v2,KEEP_SCRATCH,,false
docs/tone-v2/_audit_scratch/domain_vote_trace/058.md,SCRATCH,tone-v2,KEEP_SCRATCH,,false
docs/tone-v2/_audit_scratch/domain_vote_trace/059.json,SCRATCH,tone-v2,KEEP_SCRATCH,,false
docs/tone-v2/_audit_scratch/domain_vote_trace/059.md,SCRATCH,tone-v2,KEEP_SCRATCH,,false
docs/tone-v2/_audit_scratch/domain_vote_trace/060.json,SCRATCH,tone-v2,KEEP_SCRATCH,,false
docs/tone-v2/_audit_scratch/domain_vote_trace/060.md,SCRATCH,tone-v2,KEEP_SCRATCH,,false
docs/tone-v2/_audit_scratch/domain_vote_trace/061.json,SCRATCH,tone-v2,KEEP_SCRATCH,,false
docs/tone-v2/_audit_scratch/domain_vote_trace/061.md,SCRATCH,tone-v2,KEEP_SCRATCH,,false
docs/tone-v2/_audit_scratch/domain_vote_trace/062.json,SCRATCH,tone-v2,KEEP_SCRATCH,,false
docs/tone-v2/_audit_scratch/domain_vote_trace/062.md,SCRATCH,tone-v2,KEEP_SCRATCH,,false
docs/tone-v2/_audit_scratch/domain_vote_trace/063.json,SCRATCH,tone-v2,KEEP_SCRATCH,,false
docs/tone-v2/_audit_scratch/domain_vote_trace/063.md,SCRATCH,tone-v2,KEEP_SCRATCH,,false
docs/tone-v2/_audit_scratch/domain_vote_trace/064.json,SCRATCH,tone-v2,KEEP_SCRATCH,,false
docs/tone-v2/_audit_scratch/domain_vote_trace/064.md,SCRATCH,tone-v2,KEEP_SCRATCH,,false
docs/tone-v2/_audit_scratch/domain_vote_trace/065.json,SCRATCH,tone-v2,KEEP_SCRATCH,,false
docs/tone-v2/_audit_scratch/domain_vote_trace/065.md,SCRATCH,tone-v2,KEEP_SCRATCH,,false
docs/tone-v2/_audit_scratch/domain_vote_trace/066.json,SCRATCH,tone-v2,KEEP_SCRATCH,,false
docs/tone-v2/_audit_scratch/domain_vote_trace/066.md,SCRATCH,tone-v2,KEEP_SCRATCH,,false
docs/tone-v2/_audit_scratch/domain_vote_trace/067.json,SCRATCH,tone-v2,KEEP_SCRATCH,,false
docs/tone-v2/_audit_scratch/domain_vote_trace/067.md,SCRATCH,tone-v2,KEEP_SCRATCH,,false
docs/tone-v2/_audit_scratch/domain_vote_trace/068.json,SCRATCH,tone-v2,KEEP_SCRATCH,,false
docs/tone-v2/_audit_scratch/domain_vote_trace/068.md,SCRATCH,tone-v2,KEEP_SCRATCH,,false
docs/tone-v2/_audit_scratch/domain_vote_trace/069.json,SCRATCH,tone-v2,KEEP_SCRATCH,,false
docs/tone-v2/_audit_scratch/domain_vote_trace/069.md,SCRATCH,tone-v2,KEEP_SCRATCH,,false
docs/tone-v2/_audit_scratch/domain_vote_trace/070.json,SCRATCH,tone-v2,KEEP_SCRATCH,,false
docs/tone-v2/_audit_scratch/domain_vote_trace/070.md,SCRATCH,tone-v2,KEEP_SCRATCH,,false
docs/tone-v2/_audit_scratch/domain_vote_trace/071.json,SCRATCH,tone-v2,KEEP_SCRATCH,,false
docs/tone-v2/_audit_scratch/domain_vote_trace/071.md,SCRATCH,tone-v2,KEEP_SCRATCH,,false
docs/tone-v2/_audit_scratch/domain_vote_trace/072.json,SCRATCH,tone-v2,KEEP_SCRATCH,,false
docs/tone-v2/_audit_scratch/domain_vote_trace/072.md,SCRATCH,tone-v2,KEEP_SCRATCH,,false
docs/tone-v2/_audit_scratch/domain_vote_trace/073.json,SCRATCH,tone-v2,KEEP_SCRATCH,,false
docs/tone-v2/_audit_scratch/domain_vote_trace/073.md,SCRATCH,tone-v2,KEEP_SCRATCH,,false
docs/tone-v2/_audit_scratch/domain_vote_trace/074.json,SCRATCH,tone-v2,KEEP_SCRATCH,,false
docs/tone-v2/_audit_scratch/domain_vote_trace/074.md,SCRATCH,tone-v2,KEEP_SCRATCH,,false
docs/tone-v2/_audit_scratch/domain_vote_trace/075.json,SCRATCH,tone-v2,KEEP_SCRATCH,,false
docs/tone-v2/_audit_scratch/domain_vote_trace/075.md,SCRATCH,tone-v2,KEEP_SCRATCH,,false
docs/tone-v2/_audit_scratch/domain_vote_trace/076.json,SCRATCH,tone-v2,KEEP_SCRATCH,,false
docs/tone-v2/_audit_scratch/domain_vote_trace/076.md,SCRATCH,tone-v2,KEEP_SCRATCH,,false
docs/tone-v2/_audit_scratch/domain_vote_trace/077.json,SCRATCH,tone-v2,KEEP_SCRATCH,,false
docs/tone-v2/_audit_scratch/domain_vote_trace/077.md,SCRATCH,tone-v2,KEEP_SCRATCH,,false
docs/tone-v2/_audit_scratch/domain_vote_trace/078.json,SCRATCH,tone-v2,KEEP_SCRATCH,,false
docs/tone-v2/_audit_scratch/domain_vote_trace/078.md,SCRATCH,tone-v2,KEEP_SCRATCH,,false
docs/tone-v2/_audit_scratch/domain_vote_trace/079.json,SCRATCH,tone-v2,KEEP_SCRATCH,,false
docs/tone-v2/_audit_scratch/domain_vote_trace/079.md,SCRATCH,tone-v2,KEEP_SCRATCH,,false
docs/tone-v2/_audit_scratch/domain_vote_trace/080.json,SCRATCH,tone-v2,KEEP_SCRATCH,,false
docs/tone-v2/_audit_scratch/domain_vote_trace/080.md,SCRATCH,tone-v2,KEEP_SCRATCH,,false
docs/tone-v2/_audit_scratch/domain_vote_trace/081.json,SCRATCH,tone-v2,KEEP_SCRATCH,,false
docs/tone-v2/_audit_scratch/domain_vote_trace/081.md,SCRATCH,tone-v2,KEEP_SCRATCH,,false
docs/tone-v2/_audit_scratch/domain_vote_trace/082.json,SCRATCH,tone-v2,KEEP_SCRATCH,,false
docs/tone-v2/_audit_scratch/domain_vote_trace/082.md,SCRATCH,tone-v2,KEEP_SCRATCH,,false
docs/tone-v2/_audit_scratch/domain_vote_trace/083.json,SCRATCH,tone-v2,KEEP_SCRATCH,,false
docs/tone-v2/_audit_scratch/domain_vote_trace/083.md,SCRATCH,tone-v2,KEEP_SCRATCH,,false
docs/tone-v2/_audit_scratch/domain_vote_trace/084.json,SCRATCH,tone-v2,KEEP_SCRATCH,,false
docs/tone-v2/_audit_scratch/domain_vote_trace/084.md,SCRATCH,tone-v2,KEEP_SCRATCH,,false
docs/tone-v2/_audit_scratch/domain_vote_trace/085.json,SCRATCH,tone-v2,KEEP_SCRATCH,,false
docs/tone-v2/_audit_scratch/domain_vote_trace/085.md,SCRATCH,tone-v2,KEEP_SCRATCH,,false
docs/tone-v2/_audit_scratch/domain_vote_trace/086.json,SCRATCH,tone-v2,KEEP_SCRATCH,,false
docs/tone-v2/_audit_scratch/domain_vote_trace/086.md,SCRATCH,tone-v2,KEEP_SCRATCH,,false
docs/tone-v2/_audit_scratch/domain_vote_trace/087.json,SCRATCH,tone-v2,KEEP_SCRATCH,,false
docs/tone-v2/_audit_scratch/domain_vote_trace/087.md,SCRATCH,tone-v2,KEEP_SCRATCH,,false
docs/tone-v2/_audit_scratch/domain_vote_trace/088.json,SCRATCH,tone-v2,KEEP_SCRATCH,,false
docs/tone-v2/_audit_scratch/domain_vote_trace/088.md,SCRATCH,tone-v2,KEEP_SCRATCH,,false
docs/tone-v2/_audit_scratch/domain_vote_trace/089.json,SCRATCH,tone-v2,KEEP_SCRATCH,,false
docs/tone-v2/_audit_scratch/domain_vote_trace/089.md,SCRATCH,tone-v2,KEEP_SCRATCH,,false
docs/tone-v2/_audit_scratch/domain_vote_trace/090.json,SCRATCH,tone-v2,KEEP_SCRATCH,,false
docs/tone-v2/_audit_scratch/domain_vote_trace/090.md,SCRATCH,tone-v2,KEEP_SCRATCH,,false
docs/tone-v2/_audit_scratch/domain_vote_trace/091.json,SCRATCH,tone-v2,KEEP_SCRATCH,,false
docs/tone-v2/_audit_scratch/domain_vote_trace/091.md,SCRATCH,tone-v2,KEEP_SCRATCH,,false
docs/tone-v2/_audit_scratch/domain_vote_trace/092.json,SCRATCH,tone-v2,KEEP_SCRATCH,,false
docs/tone-v2/_audit_scratch/domain_vote_trace/092.md,SCRATCH,tone-v2,KEEP_SCRATCH,,false
docs/tone-v2/_audit_scratch/domain_vote_trace/093.json,SCRATCH,tone-v2,KEEP_SCRATCH,,false
docs/tone-v2/_audit_scratch/domain_vote_trace/093.md,SCRATCH,tone-v2,KEEP_SCRATCH,,false
docs/tone-v2/_audit_scratch/domain_vote_trace/094.json,SCRATCH,tone-v2,KEEP_SCRATCH,,false
docs/tone-v2/_audit_scratch/domain_vote_trace/094.md,SCRATCH,tone-v2,KEEP_SCRATCH,,false
docs/tone-v2/_audit_scratch/domain_vote_trace/095.json,SCRATCH,tone-v2,KEEP_SCRATCH,,false
docs/tone-v2/_audit_scratch/domain_vote_trace/095.md,SCRATCH,tone-v2,KEEP_SCRATCH,,false
docs/tone-v2/_audit_scratch/domain_vote_trace/096.json,SCRATCH,tone-v2,KEEP_SCRATCH,,false
docs/tone-v2/_audit_scratch/domain_vote_trace/096.md,SCRATCH,tone-v2,KEEP_SCRATCH,,false
docs/tone-v2/_audit_scratch/domain_vote_trace/097.json,SCRATCH,tone-v2,KEEP_SCRATCH,,false
docs/tone-v2/_audit_scratch/domain_vote_trace/097.md,SCRATCH,tone-v2,KEEP_SCRATCH,,false
docs/tone-v2/_audit_scratch/domain_vote_trace/098.json,SCRATCH,tone-v2,KEEP_SCRATCH,,false
docs/tone-v2/_audit_scratch/domain_vote_trace/098.md,SCRATCH,tone-v2,KEEP_SCRATCH,,false
docs/tone-v2/_audit_scratch/domain_vote_trace/099.json,SCRATCH,tone-v2,KEEP_SCRATCH,,false
docs/tone-v2/_audit_scratch/domain_vote_trace/099.md,SCRATCH,tone-v2,KEEP_SCRATCH,,false
docs/tone-v2/_audit_scratch/domain_vote_trace/100.json,SCRATCH,tone-v2,KEEP_SCRATCH,,false
docs/tone-v2/_audit_scratch/domain_vote_trace/100.md,SCRATCH,tone-v2,KEEP_SCRATCH,,false
docs/tone-v2/_audit_scratch/domain_vote_trace/101.json,SCRATCH,tone-v2,KEEP_SCRATCH,,false
docs/tone-v2/_audit_scratch/domain_vote_trace/101.md,SCRATCH,tone-v2,KEEP_SCRATCH,,false
docs/tone-v2/_audit_scratch/domain_vote_trace/102.json,SCRATCH,tone-v2,KEEP_SCRATCH,,false
docs/tone-v2/_audit_scratch/domain_vote_trace/102.md,SCRATCH,tone-v2,KEEP_SCRATCH,,false
docs/tone-v2/_audit_scratch/domain_vote_trace/103.json,SCRATCH,tone-v2,KEEP_SCRATCH,,false
docs/tone-v2/_audit_scratch/domain_vote_trace/103.md,SCRATCH,tone-v2,KEEP_SCRATCH,,false
docs/tone-v2/_audit_scratch/domain_vote_trace/104.json,SCRATCH,tone-v2,KEEP_SCRATCH,,false
docs/tone-v2/_audit_scratch/domain_vote_trace/104.md,SCRATCH,tone-v2,KEEP_SCRATCH,,false
docs/tone-v2/_audit_scratch/domain_vote_trace/105.json,SCRATCH,tone-v2,KEEP_SCRATCH,,false
docs/tone-v2/_audit_scratch/domain_vote_trace/105.md,SCRATCH,tone-v2,KEEP_SCRATCH,,false
docs/tone-v2/_audit_scratch/domain_vote_trace/106.json,SCRATCH,tone-v2,KEEP_SCRATCH,,false
docs/tone-v2/_audit_scratch/domain_vote_trace/106.md,SCRATCH,tone-v2,KEEP_SCRATCH,,false
docs/tone-v2/_audit_scratch/domain_vote_trace/107.json,SCRATCH,tone-v2,KEEP_SCRATCH,,false
docs/tone-v2/_audit_scratch/domain_vote_trace/107.md,SCRATCH,tone-v2,KEEP_SCRATCH,,false
docs/tone-v2/_audit_scratch/domain_vote_trace/108.json,SCRATCH,tone-v2,KEEP_SCRATCH,,false
docs/tone-v2/_audit_scratch/domain_vote_trace/108.md,SCRATCH,tone-v2,KEEP_SCRATCH,,false
docs/tone-v2/_audit_scratch/domain_vote_trace/109.json,SCRATCH,tone-v2,KEEP_SCRATCH,,false
docs/tone-v2/_audit_scratch/domain_vote_trace/109.md,SCRATCH,tone-v2,KEEP_SCRATCH,,false
docs/tone-v2/_audit_scratch/domain_vote_trace/110.json,SCRATCH,tone-v2,KEEP_SCRATCH,,false
docs/tone-v2/_audit_scratch/domain_vote_trace/110.md,SCRATCH,tone-v2,KEEP_SCRATCH,,false
docs/tone-v2/_audit_scratch/domain_vote_trace/111.json,SCRATCH,tone-v2,KEEP_SCRATCH,,false
docs/tone-v2/_audit_scratch/domain_vote_trace/111.md,SCRATCH,tone-v2,KEEP_SCRATCH,,false
docs/tone-v2/_audit_scratch/domain_vote_trace/112.json,SCRATCH,tone-v2,KEEP_SCRATCH,,false
docs/tone-v2/_audit_scratch/domain_vote_trace/112.md,SCRATCH,tone-v2,KEEP_SCRATCH,,false
docs/tone-v2/_audit_scratch/domain_vote_trace/113.json,SCRATCH,tone-v2,KEEP_SCRATCH,,false
docs/tone-v2/_audit_scratch/domain_vote_trace/113.md,SCRATCH,tone-v2,KEEP_SCRATCH,,false
docs/tone-v2/_audit_scratch/domain_vote_trace/114.json,SCRATCH,tone-v2,KEEP_SCRATCH,,false
docs/tone-v2/_audit_scratch/domain_vote_trace/114.md,SCRATCH,tone-v2,KEEP_SCRATCH,,false
docs/tone-v2/_audit_scratch/domain_vote_trace/115.json,SCRATCH,tone-v2,KEEP_SCRATCH,,false
docs/tone-v2/_audit_scratch/domain_vote_trace/115.md,SCRATCH,tone-v2,KEEP_SCRATCH,,false
docs/tone-v2/_audit_scratch/domain_vote_trace/116.json,SCRATCH,tone-v2,KEEP_SCRATCH,,false
docs/tone-v2/_audit_scratch/domain_vote_trace/116.md,SCRATCH,tone-v2,KEEP_SCRATCH,,false
docs/tone-v2/_audit_scratch/domain_vote_trace/117.json,SCRATCH,tone-v2,KEEP_SCRATCH,,false
docs/tone-v2/_audit_scratch/domain_vote_trace/117.md,SCRATCH,tone-v2,KEEP_SCRATCH,,false
docs/tone-v2/_audit_scratch/domain_vote_trace/118.json,SCRATCH,tone-v2,KEEP_SCRATCH,,false
docs/tone-v2/_audit_scratch/domain_vote_trace/118.md,SCRATCH,tone-v2,KEEP_SCRATCH,,false
docs/tone-v2/_audit_scratch/domain_vote_trace/119.json,SCRATCH,tone-v2,KEEP_SCRATCH,,false
docs/tone-v2/_audit_scratch/domain_vote_trace/119.md,SCRATCH,tone-v2,KEEP_SCRATCH,,false
docs/tone-v2/_audit_scratch/domain_vote_trace/120.json,SCRATCH,tone-v2,KEEP_SCRATCH,,false
docs/tone-v2/_audit_scratch/domain_vote_trace/120.md,SCRATCH,tone-v2,KEEP_SCRATCH,,false
docs/tone-v2/_audit_scratch/domain_vote_trace/121.json,SCRATCH,tone-v2,KEEP_SCRATCH,,false
docs/tone-v2/_audit_scratch/domain_vote_trace/121.md,SCRATCH,tone-v2,KEEP_SCRATCH,,false
docs/tone-v2/_audit_scratch/domain_vote_trace/122.json,SCRATCH,tone-v2,KEEP_SCRATCH,,false
docs/tone-v2/_audit_scratch/domain_vote_trace/122.md,SCRATCH,tone-v2,KEEP_SCRATCH,,false
docs/tone-v2/_audit_scratch/domain_vote_trace/123.json,SCRATCH,tone-v2,KEEP_SCRATCH,,false
docs/tone-v2/_audit_scratch/domain_vote_trace/123.md,SCRATCH,tone-v2,KEEP_SCRATCH,,false
docs/tone-v2/_audit_scratch/domain_vote_trace/124.json,SCRATCH,tone-v2,KEEP_SCRATCH,,false
docs/tone-v2/_audit_scratch/domain_vote_trace/124.md,SCRATCH,tone-v2,KEEP_SCRATCH,,false
docs/tone-v2/_audit_scratch/domain_vote_trace/125.json,SCRATCH,tone-v2,KEEP_SCRATCH,,false
docs/tone-v2/_audit_scratch/domain_vote_trace/125.md,SCRATCH,tone-v2,KEEP_SCRATCH,,false
docs/tone-v2/_audit_scratch/domain_vote_trace/126.json,SCRATCH,tone-v2,KEEP_SCRATCH,,false
docs/tone-v2/_audit_scratch/domain_vote_trace/126.md,SCRATCH,tone-v2,KEEP_SCRATCH,,false
docs/tone-v2/_audit_scratch/domain_vote_trace/127.json,SCRATCH,tone-v2,KEEP_SCRATCH,,false
docs/tone-v2/_audit_scratch/domain_vote_trace/127.md,SCRATCH,tone-v2,KEEP_SCRATCH,,false
docs/tone-v2/_audit_scratch/domain_vote_trace/128.json,SCRATCH,tone-v2,KEEP_SCRATCH,,false
docs/tone-v2/_audit_scratch/domain_vote_trace/128.md,SCRATCH,tone-v2,KEEP_SCRATCH,,false
docs/tone-v2/_audit_scratch/domain_vote_trace/129.json,SCRATCH,tone-v2,KEEP_SCRATCH,,false
docs/tone-v2/_audit_scratch/domain_vote_trace/129.md,SCRATCH,tone-v2,KEEP_SCRATCH,,false
docs/tone-v2/_audit_scratch/domain_vote_trace/130.json,SCRATCH,tone-v2,KEEP_SCRATCH,,false
docs/tone-v2/_audit_scratch/domain_vote_trace/130.md,SCRATCH,tone-v2,KEEP_SCRATCH,,false
docs/tone-v2/_audit_scratch/domain_vote_trace/131.json,SCRATCH,tone-v2,KEEP_SCRATCH,,false
docs/tone-v2/_audit_scratch/domain_vote_trace/131.md,SCRATCH,tone-v2,KEEP_SCRATCH,,false
docs/tone-v2/_audit_scratch/domain_vote_trace/132.json,SCRATCH,tone-v2,KEEP_SCRATCH,,false
docs/tone-v2/_audit_scratch/domain_vote_trace/132.md,SCRATCH,tone-v2,KEEP_SCRATCH,,false
docs/tone-v2/_audit_scratch/domain_vote_trace/133.json,SCRATCH,tone-v2,KEEP_SCRATCH,,false
docs/tone-v2/_audit_scratch/domain_vote_trace/133.md,SCRATCH,tone-v2,KEEP_SCRATCH,,false
docs/tone-v2/_audit_scratch/domain_vote_trace/134.json,SCRATCH,tone-v2,KEEP_SCRATCH,,false
docs/tone-v2/_audit_scratch/domain_vote_trace/134.md,SCRATCH,tone-v2,KEEP_SCRATCH,,false
docs/tone-v2/_audit_scratch/domain_vote_trace/135.json,SCRATCH,tone-v2,KEEP_SCRATCH,,false
docs/tone-v2/_audit_scratch/domain_vote_trace/135.md,SCRATCH,tone-v2,KEEP_SCRATCH,,false
docs/tone-v2/_audit_scratch/domain_vote_trace/136.json,SCRATCH,tone-v2,KEEP_SCRATCH,,false
docs/tone-v2/_audit_scratch/domain_vote_trace/136.md,SCRATCH,tone-v2,KEEP_SCRATCH,,false
docs/tone-v2/_audit_scratch/domain_vote_trace/137.json,SCRATCH,tone-v2,KEEP_SCRATCH,,false
docs/tone-v2/_audit_scratch/domain_vote_trace/137.md,SCRATCH,tone-v2,KEEP_SCRATCH,,false
docs/tone-v2/_audit_scratch/domain_vote_trace/138.json,SCRATCH,tone-v2,KEEP_SCRATCH,,false
docs/tone-v2/_audit_scratch/domain_vote_trace/138.md,SCRATCH,tone-v2,KEEP_SCRATCH,,false
docs/tone-v2/_audit_scratch/domain_vote_trace/139.json,SCRATCH,tone-v2,KEEP_SCRATCH,,false
docs/tone-v2/_audit_scratch/domain_vote_trace/139.md,SCRATCH,tone-v2,KEEP_SCRATCH,,false
docs/tone-v2/_audit_scratch/domain_vote_trace/140.json,SCRATCH,tone-v2,KEEP_SCRATCH,,false
docs/tone-v2/_audit_scratch/domain_vote_trace/140.md,SCRATCH,tone-v2,KEEP_SCRATCH,,false
docs/tone-v2/_audit_scratch/domain_vote_trace/141.json,SCRATCH,tone-v2,KEEP_SCRATCH,,false
docs/tone-v2/_audit_scratch/domain_vote_trace/141.md,SCRATCH,tone-v2,KEEP_SCRATCH,,false
docs/tone-v2/_audit_scratch/domain_vote_trace/142.json,SCRATCH,tone-v2,KEEP_SCRATCH,,false
docs/tone-v2/_audit_scratch/domain_vote_trace/142.md,SCRATCH,tone-v2,KEEP_SCRATCH,,false
docs/tone-v2/_audit_scratch/domain_vote_trace/143.json,SCRATCH,tone-v2,KEEP_SCRATCH,,false
docs/tone-v2/_audit_scratch/domain_vote_trace/143.md,SCRATCH,tone-v2,KEEP_SCRATCH,,false
docs/tone-v2/_audit_scratch/domain_vote_trace/144.json,SCRATCH,tone-v2,KEEP_SCRATCH,,false
docs/tone-v2/_audit_scratch/domain_vote_trace/144.md,SCRATCH,tone-v2,KEEP_SCRATCH,,false
docs/tone-v2/_audit_scratch/domain_vote_trace/145.json,SCRATCH,tone-v2,KEEP_SCRATCH,,false
docs/tone-v2/_audit_scratch/domain_vote_trace/145.md,SCRATCH,tone-v2,KEEP_SCRATCH,,false
docs/tone-v2/_audit_scratch/domain_vote_trace/146.json,SCRATCH,tone-v2,KEEP_SCRATCH,,false
docs/tone-v2/_audit_scratch/domain_vote_trace/146.md,SCRATCH,tone-v2,KEEP_SCRATCH,,false
docs/tone-v2/_audit_scratch/domain_vote_trace/147.json,SCRATCH,tone-v2,KEEP_SCRATCH,,false
docs/tone-v2/_audit_scratch/domain_vote_trace/147.md,SCRATCH,tone-v2,KEEP_SCRATCH,,false
docs/tone-v2/_audit_scratch/domain_vote_trace/148.json,SCRATCH,tone-v2,KEEP_SCRATCH,,false
docs/tone-v2/_audit_scratch/domain_vote_trace/148.md,SCRATCH,tone-v2,KEEP_SCRATCH,,false
docs/tone-v2/_audit_scratch/domain_vote_trace/149.json,SCRATCH,tone-v2,KEEP_SCRATCH,,false
docs/tone-v2/_audit_scratch/domain_vote_trace/149.md,SCRATCH,tone-v2,KEEP_SCRATCH,,false
docs/tone-v2/_audit_scratch/domain_vote_trace/150.json,SCRATCH,tone-v2,KEEP_SCRATCH,,false
docs/tone-v2/_audit_scratch/domain_vote_trace/150.md,SCRATCH,tone-v2,KEEP_SCRATCH,,false
docs/tone-v2/_audit_scratch/domain_vote_trace/151.json,SCRATCH,tone-v2,KEEP_SCRATCH,,false
docs/tone-v2/_audit_scratch/domain_vote_trace/151.md,SCRATCH,tone-v2,KEEP_SCRATCH,,false
docs/tone-v2/_audit_scratch/domain_vote_trace/152.json,SCRATCH,tone-v2,KEEP_SCRATCH,,false
docs/tone-v2/_audit_scratch/domain_vote_trace/152.md,SCRATCH,tone-v2,KEEP_SCRATCH,,false
docs/tone-v2/_audit_scratch/domain_vote_trace/153.json,SCRATCH,tone-v2,KEEP_SCRATCH,,false
docs/tone-v2/_audit_scratch/domain_vote_trace/153.md,SCRATCH,tone-v2,KEEP_SCRATCH,,false
docs/tone-v2/_audit_scratch/domain_vote_trace/154.json,SCRATCH,tone-v2,KEEP_SCRATCH,,false
docs/tone-v2/_audit_scratch/domain_vote_trace/154.md,SCRATCH,tone-v2,KEEP_SCRATCH,,false
docs/tone-v2/_audit_scratch/domain_vote_trace/155.json,SCRATCH,tone-v2,KEEP_SCRATCH,,false
docs/tone-v2/_audit_scratch/domain_vote_trace/155.md,SCRATCH,tone-v2,KEEP_SCRATCH,,false
docs/tone-v2/_audit_scratch/domain_vote_trace/156.json,SCRATCH,tone-v2,KEEP_SCRATCH,,false
docs/tone-v2/_audit_scratch/domain_vote_trace/156.md,SCRATCH,tone-v2,KEEP_SCRATCH,,false
docs/tone-v2/_audit_scratch/domain_vote_trace/157.json,SCRATCH,tone-v2,KEEP_SCRATCH,,false
docs/tone-v2/_audit_scratch/domain_vote_trace/157.md,SCRATCH,tone-v2,KEEP_SCRATCH,,false
docs/tone-v2/_audit_scratch/domain_vote_trace/158.json,SCRATCH,tone-v2,KEEP_SCRATCH,,false
docs/tone-v2/_audit_scratch/domain_vote_trace/158.md,SCRATCH,tone-v2,KEEP_SCRATCH,,false
docs/tone-v2/_audit_scratch/domain_vote_trace/159.json,SCRATCH,tone-v2,KEEP_SCRATCH,,false
docs/tone-v2/_audit_scratch/domain_vote_trace/159.md,SCRATCH,tone-v2,KEEP_SCRATCH,,false
docs/tone-v2/_audit_scratch/domain_vote_trace/160.json,SCRATCH,tone-v2,KEEP_SCRATCH,,false
docs/tone-v2/_audit_scratch/domain_vote_trace/160.md,SCRATCH,tone-v2,KEEP_SCRATCH,,false
docs/tone-v2/_audit_scratch/domain_vote_trace/161.json,SCRATCH,tone-v2,KEEP_SCRATCH,,false
docs/tone-v2/_audit_scratch/domain_vote_trace/161.md,SCRATCH,tone-v2,KEEP_SCRATCH,,false
docs/tone-v2/_audit_scratch/domain_vote_trace/162.json,SCRATCH,tone-v2,KEEP_SCRATCH,,false
docs/tone-v2/_audit_scratch/domain_vote_trace/162.md,SCRATCH,tone-v2,KEEP_SCRATCH,,false
docs/tone-v2/_audit_scratch/domain_vote_trace/163.json,SCRATCH,tone-v2,KEEP_SCRATCH,,false
docs/tone-v2/_audit_scratch/domain_vote_trace/163.md,SCRATCH,tone-v2,KEEP_SCRATCH,,false
docs/tone-v2/_audit_scratch/domain_vote_trace/164.json,SCRATCH,tone-v2,KEEP_SCRATCH,,false
docs/tone-v2/_audit_scratch/domain_vote_trace/164.md,SCRATCH,tone-v2,KEEP_SCRATCH,,false
docs/tone-v2/_audit_scratch/domain_vote_trace/165.json,SCRATCH,tone-v2,KEEP_SCRATCH,,false
docs/tone-v2/_audit_scratch/domain_vote_trace/165.md,SCRATCH,tone-v2,KEEP_SCRATCH,,false
docs/tone-v2/_audit_scratch/domain_vote_trace/166.json,SCRATCH,tone-v2,KEEP_SCRATCH,,false
docs/tone-v2/_audit_scratch/domain_vote_trace/166.md,SCRATCH,tone-v2,KEEP_SCRATCH,,false
docs/tone-v2/_audit_scratch/domain_vote_trace/167.json,SCRATCH,tone-v2,KEEP_SCRATCH,,false
docs/tone-v2/_audit_scratch/domain_vote_trace/167.md,SCRATCH,tone-v2,KEEP_SCRATCH,,false
docs/tone-v2/_audit_scratch/domain_vote_trace/168.json,SCRATCH,tone-v2,KEEP_SCRATCH,,false
docs/tone-v2/_audit_scratch/domain_vote_trace/168.md,SCRATCH,tone-v2,KEEP_SCRATCH,,false
docs/tone-v2/_audit_scratch/domain_vote_trace/169.json,SCRATCH,tone-v2,KEEP_SCRATCH,,false
docs/tone-v2/_audit_scratch/domain_vote_trace/169.md,SCRATCH,tone-v2,KEEP_SCRATCH,,false
docs/tone-v2/_audit_scratch/domain_vote_trace/170.json,SCRATCH,tone-v2,KEEP_SCRATCH,,false
docs/tone-v2/_audit_scratch/domain_vote_trace/170.md,SCRATCH,tone-v2,KEEP_SCRATCH,,false
docs/tone-v2/_audit_scratch/domain_vote_trace/171.json,SCRATCH,tone-v2,KEEP_SCRATCH,,false
docs/tone-v2/_audit_scratch/domain_vote_trace/171.md,SCRATCH,tone-v2,KEEP_SCRATCH,,false
docs/tone-v2/_audit_scratch/domain_vote_trace/172.json,SCRATCH,tone-v2,KEEP_SCRATCH,,false
docs/tone-v2/_audit_scratch/domain_vote_trace/172.md,SCRATCH,tone-v2,KEEP_SCRATCH,,false
docs/tone-v2/_audit_scratch/domain_vote_trace/173.json,SCRATCH,tone-v2,KEEP_SCRATCH,,false
docs/tone-v2/_audit_scratch/domain_vote_trace/173.md,SCRATCH,tone-v2,KEEP_SCRATCH,,false
docs/tone-v2/_audit_scratch/domain_vote_trace/174.json,SCRATCH,tone-v2,KEEP_SCRATCH,,false
docs/tone-v2/_audit_scratch/domain_vote_trace/174.md,SCRATCH,tone-v2,KEEP_SCRATCH,,false
docs/tone-v2/_audit_scratch/domain_vote_trace/175.json,SCRATCH,tone-v2,KEEP_SCRATCH,,false
docs/tone-v2/_audit_scratch/domain_vote_trace/175.md,SCRATCH,tone-v2,KEEP_SCRATCH,,false
docs/tone-v2/_audit_scratch/domain_vote_trace/176.json,SCRATCH,tone-v2,KEEP_SCRATCH,,false
docs/tone-v2/_audit_scratch/domain_vote_trace/176.md,SCRATCH,tone-v2,KEEP_SCRATCH,,false
docs/tone-v2/_audit_scratch/domain_vote_trace/177.json,SCRATCH,tone-v2,KEEP_SCRATCH,,false
docs/tone-v2/_audit_scratch/domain_vote_trace/177.md,SCRATCH,tone-v2,KEEP_SCRATCH,,false
docs/tone-v2/_audit_scratch/domain_vote_trace/178.json,SCRATCH,tone-v2,KEEP_SCRATCH,,false
docs/tone-v2/_audit_scratch/domain_vote_trace/178.md,SCRATCH,tone-v2,KEEP_SCRATCH,,false
docs/tone-v2/_audit_scratch/domain_vote_trace/179.json,SCRATCH,tone-v2,KEEP_SCRATCH,,false
docs/tone-v2/_audit_scratch/domain_vote_trace/179.md,SCRATCH,tone-v2,KEEP_SCRATCH,,false
docs/tone-v2/_audit_scratch/domain_vote_trace/180.json,SCRATCH,tone-v2,KEEP_SCRATCH,,false
docs/tone-v2/_audit_scratch/domain_vote_trace/180.md,SCRATCH,tone-v2,KEEP_SCRATCH,,false
docs/tone-v2/_audit_scratch/domain_vote_trace/181.json,SCRATCH,tone-v2,KEEP_SCRATCH,,false
docs/tone-v2/_audit_scratch/domain_vote_trace/181.md,SCRATCH,tone-v2,KEEP_SCRATCH,,false
docs/tone-v2/_audit_scratch/domain_vote_trace/182.json,SCRATCH,tone-v2,KEEP_SCRATCH,,false
docs/tone-v2/_audit_scratch/domain_vote_trace/182.md,SCRATCH,tone-v2,KEEP_SCRATCH,,false
docs/tone-v2/_audit_scratch/domain_vote_trace/183.json,SCRATCH,tone-v2,KEEP_SCRATCH,,false
docs/tone-v2/_audit_scratch/domain_vote_trace/183.md,SCRATCH,tone-v2,KEEP_SCRATCH,,false
docs/tone-v2/_audit_scratch/domain_vote_trace/184.json,SCRATCH,tone-v2,KEEP_SCRATCH,,false
docs/tone-v2/_audit_scratch/domain_vote_trace/184.md,SCRATCH,tone-v2,KEEP_SCRATCH,,false
docs/tone-v2/_audit_scratch/domain_vote_trace/185.json,SCRATCH,tone-v2,KEEP_SCRATCH,,false
docs/tone-v2/_audit_scratch/domain_vote_trace/185.md,SCRATCH,tone-v2,KEEP_SCRATCH,,false
docs/tone-v2/_audit_scratch/domain_vote_trace/186.json,SCRATCH,tone-v2,KEEP_SCRATCH,,false
docs/tone-v2/_audit_scratch/domain_vote_trace/186.md,SCRATCH,tone-v2,KEEP_SCRATCH,,false
docs/tone-v2/_audit_scratch/domain_vote_trace/187.json,SCRATCH,tone-v2,KEEP_SCRATCH,,false
docs/tone-v2/_audit_scratch/domain_vote_trace/187.md,SCRATCH,tone-v2,KEEP_SCRATCH,,false
docs/tone-v2/_audit_scratch/domain_vote_trace/188.json,SCRATCH,tone-v2,KEEP_SCRATCH,,false
docs/tone-v2/_audit_scratch/domain_vote_trace/188.md,SCRATCH,tone-v2,KEEP_SCRATCH,,false
docs/tone-v2/_audit_scratch/domain_vote_trace/189.json,SCRATCH,tone-v2,KEEP_SCRATCH,,false
docs/tone-v2/_audit_scratch/domain_vote_trace/189.md,SCRATCH,tone-v2,KEEP_SCRATCH,,false
docs/tone-v2/_audit_scratch/domain_vote_trace/190.json,SCRATCH,tone-v2,KEEP_SCRATCH,,false
docs/tone-v2/_audit_scratch/domain_vote_trace/190.md,SCRATCH,tone-v2,KEEP_SCRATCH,,false
docs/tone-v2/_audit_scratch/domain_vote_trace/191.json,SCRATCH,tone-v2,KEEP_SCRATCH,,false
docs/tone-v2/_audit_scratch/domain_vote_trace/191.md,SCRATCH,tone-v2,KEEP_SCRATCH,,false
docs/tone-v2/_audit_scratch/domain_vote_trace/192.json,SCRATCH,tone-v2,KEEP_SCRATCH,,false
docs/tone-v2/_audit_scratch/domain_vote_trace/192.md,SCRATCH,tone-v2,KEEP_SCRATCH,,false
docs/tone-v2/_audit_scratch/domain_vote_trace/193.json,SCRATCH,tone-v2,KEEP_SCRATCH,,false
docs/tone-v2/_audit_scratch/domain_vote_trace/193.md,SCRATCH,tone-v2,KEEP_SCRATCH,,false
docs/tone-v2/_audit_scratch/domain_vote_trace/194.json,SCRATCH,tone-v2,KEEP_SCRATCH,,false
docs/tone-v2/_audit_scratch/domain_vote_trace/194.md,SCRATCH,tone-v2,KEEP_SCRATCH,,false
docs/tone-v2/_audit_scratch/domain_vote_trace/195.json,SCRATCH,tone-v2,KEEP_SCRATCH,,false
docs/tone-v2/_audit_scratch/domain_vote_trace/195.md,SCRATCH,tone-v2,KEEP_SCRATCH,,false
docs/tone-v2/_audit_scratch/domain_vote_trace/196.json,SCRATCH,tone-v2,KEEP_SCRATCH,,false
docs/tone-v2/_audit_scratch/domain_vote_trace/196.md,SCRATCH,tone-v2,KEEP_SCRATCH,,false
docs/tone-v2/_audit_scratch/domain_vote_trace/197.json,SCRATCH,tone-v2,KEEP_SCRATCH,,false
docs/tone-v2/_audit_scratch/domain_vote_trace/197.md,SCRATCH,tone-v2,KEEP_SCRATCH,,false
docs/tone-v2/_audit_scratch/domain_vote_trace/198.json,SCRATCH,tone-v2,KEEP_SCRATCH,,false
docs/tone-v2/_audit_scratch/domain_vote_trace/198.md,SCRATCH,tone-v2,KEEP_SCRATCH,,false
docs/tone-v2/_audit_scratch/domain_vote_trace/199.json,SCRATCH,tone-v2,KEEP_SCRATCH,,false
docs/tone-v2/_audit_scratch/domain_vote_trace/199.md,SCRATCH,tone-v2,KEEP_SCRATCH,,false
docs/tone-v2/_audit_scratch/domain_vote_trace/200.json,SCRATCH,tone-v2,KEEP_SCRATCH,,false
docs/tone-v2/_audit_scratch/domain_vote_trace/200.md,SCRATCH,tone-v2,KEEP_SCRATCH,,false
docs/tone-v2/_audit_scratch/domain_vote_trace/domain_vote_trace_summary.md,SCRATCH,tone-v2,KEEP_SCRATCH,,false
docs/tone-v2/_audit_scratch/domain_vote_trace/_aggregate.json,SCRATCH,tone-v2,KEEP_SCRATCH,,false
docs/tone-v2/_audit_scratch/domain_vote_trace_summary.md,SCRATCH,tone-v2,KEEP_SCRATCH,,false
docs/tone-v2/_audit_scratch/edge_live_jest.json,SCRATCH,tone-v2,KEEP_SCRATCH,,false
docs/tone-v2/_audit_scratch/fallback-failure-rootcause.out.txt,SCRATCH,tone-v2,KEEP_SCRATCH,,false
docs/tone-v2/_audit_scratch/fallback_failure_rootcause.json,SCRATCH,tone-v2,KEEP_SCRATCH,,false
docs/tone-v2/_audit_scratch/forced_activation_six/forced_activation_six.json,SCRATCH,tone-v2,KEEP_SCRATCH,,false
docs/tone-v2/_audit_scratch/formal_term_atomicity_audit/atomic_split_counterfactual.json,SCRATCH,tone-v2,KEEP_SCRATCH,,false
docs/tone-v2/_audit_scratch/formal_term_atomicity_audit/formal_terms_export.csv,SCRATCH,tone-v2,KEEP_SCRATCH,,false
docs/tone-v2/_audit_scratch/formal_term_atomicity_audit/formal_term_atomicity_candidates.csv,SCRATCH,tone-v2,KEEP_SCRATCH,,false
docs/tone-v2/_audit_scratch/formal_term_atomicity_audit/summary.json,SCRATCH,tone-v2,KEEP_SCRATCH,,false
docs/tone-v2/_audit_scratch/historical/pre_b1_b2_repair/acceptance_completeness_matrix.json,SCRATCH,tone-v2,KEEP_SCRATCH,,false
docs/tone-v2/_audit_scratch/historical/pre_b1_b2_repair/budget_skipped_readonly_recall_probe.json,SCRATCH,tone-v2,KEEP_SCRATCH,,false
docs/tone-v2/_audit_scratch/historical/pre_b1_b2_repair/experiment_snapshots/d001-audit-full.json,SCRATCH,tone-v2,KEEP_SCRATCH,,false
docs/tone-v2/_audit_scratch/historical/pre_b1_b2_repair/experiment_snapshots/greedy-longest-v21-dialog200-quality-perf.json,SCRATCH,tone-v2,KEEP_SCRATCH,,false
docs/tone-v2/_audit_scratch/historical/pre_b1_b2_repair/experiment_snapshots/p1-residue-cleanup-dialog200-quality-perf.json,SCRATCH,tone-v2,KEEP_SCRATCH,,false
docs/tone-v2/_audit_scratch/historical/pre_b1_b2_repair/experiment_snapshots/parentterm-fragmentedge-dialog200-quality-perf.json,SCRATCH,tone-v2,KEEP_SCRATCH,,false
docs/tone-v2/_audit_scratch/historical/pre_b1_b2_repair/experiment_snapshots/README.md,SCRATCH,tone-v2,KEEP_SCRATCH,,true
docs/tone-v2/_audit_scratch/historical/pre_b1_b2_repair/experiment_snapshots/span-assembly-v3-dialog200-quality-perf.json,SCRATCH,tone-v2,KEEP_SCRATCH,,false
docs/tone-v2/_audit_scratch/historical/pre_b1_b2_repair/experiment_snapshots/span-assembly-v4-dialog200-quality-perf.json,SCRATCH,tone-v2,KEEP_SCRATCH,,false
docs/tone-v2/_audit_scratch/historical/pre_b1_b2_repair/experiment_snapshots/span-level-parentterm-dialog200-quality-perf.json,SCRATCH,tone-v2,KEEP_SCRATCH,,false
docs/tone-v2/_audit_scratch/historical/pre_b1_b2_repair/experiment_snapshots/v2v3-retirement-v4-promotion-dialog200-quality-perf.json,SCRATCH,tone-v2,KEEP_SCRATCH,,false
docs/tone-v2/_audit_scratch/historical/pre_b1_b2_repair/README.md,SCRATCH,tone-v2,KEEP_SCRATCH,HISTORICAL ONLY,true
docs/tone-v2/_audit_scratch/keep_runtime_necessity/keep_exception_runtime_necessity.csv,SCRATCH,tone-v2,KEEP_SCRATCH,,false
docs/tone-v2/_audit_scratch/keep_runtime_necessity/keep_exception_runtime_necessity.json,SCRATCH,tone-v2,KEEP_SCRATCH,,false
docs/tone-v2/_audit_scratch/kenlm_a_class_probe_stderr.txt,SCRATCH,tone-v2,KEEP_SCRATCH,,false
docs/tone-v2/_audit_scratch/kenlm_a_class_probe_stdout.txt,SCRATCH,tone-v2,KEEP_SCRATCH,,false
docs/tone-v2/_audit_scratch/kenlm_a_class_upstream_2026_08_03/case_traces.json,SCRATCH,tone-v2,KEEP_SCRATCH,,false
docs/tone-v2/_audit_scratch/kenlm_a_class_upstream_2026_08_03/kenlm_a_class_assembly_trace.csv,SCRATCH,tone-v2,KEEP_SCRATCH,,false
docs/tone-v2/_audit_scratch/kenlm_a_class_upstream_2026_08_03/kenlm_a_class_path_trace.csv,SCRATCH,tone-v2,KEEP_SCRATCH,,false
docs/tone-v2/_audit_scratch/kenlm_a_class_upstream_2026_08_03/kenlm_a_class_recall_candidates.csv,SCRATCH,tone-v2,KEEP_SCRATCH,,false
docs/tone-v2/_audit_scratch/kenlm_a_class_upstream_2026_08_03/kenlm_a_class_root_causes.csv,SCRATCH,tone-v2,KEEP_SCRATCH,,false
docs/tone-v2/_audit_scratch/kenlm_a_class_upstream_2026_08_03/kenlm_a_class_stage_funnel.csv,SCRATCH,tone-v2,KEEP_SCRATCH,,false
docs/tone-v2/_audit_scratch/kenlm_capability_baseline_2026_08_03/BLOCKED.json,SCRATCH,tone-v2,KEEP_SCRATCH,,false
docs/tone-v2/_audit_scratch/kenlm_capability_baseline_2026_08_03/diversity_analysis.json,SCRATCH,tone-v2,KEEP_SCRATCH,,false
docs/tone-v2/_audit_scratch/kenlm_capability_baseline_2026_08_03/kenlm_abc_classification.csv,SCRATCH,tone-v2,KEEP_SCRATCH,,false
docs/tone-v2/_audit_scratch/kenlm_capability_baseline_2026_08_03/kenlm_capability_baseline_candidates.csv,SCRATCH,tone-v2,KEEP_SCRATCH,,false
docs/tone-v2/_audit_scratch/kenlm_capability_baseline_2026_08_03/kenlm_capability_case_summary.csv,SCRATCH,tone-v2,KEEP_SCRATCH,,false
docs/tone-v2/_audit_scratch/kenlm_capability_baseline_2026_08_03/kenlm_performance_baseline.csv,SCRATCH,tone-v2,KEEP_SCRATCH,,false
docs/tone-v2/_audit_scratch/kenlm_capability_baseline_2026_08_03/kenlm_score_distribution.csv,SCRATCH,tone-v2,KEEP_SCRATCH,,false
docs/tone-v2/_audit_scratch/kenlm_capability_baseline_2026_08_03/kenlm_validation_case_inventory_resolved.csv,SCRATCH,tone-v2,KEEP_SCRATCH,,false
docs/tone-v2/_audit_scratch/kenlm_capability_baseline_2026_08_03/summary.json,SCRATCH,tone-v2,KEEP_SCRATCH,,false
docs/tone-v2/_audit_scratch/lattice_v1_baseline/baseline_identity.json,SCRATCH,tone-v2,KEEP_SCRATCH,,false
docs/tone-v2/_audit_scratch/lattice_v1_baseline/baseline_include_paths.txt,SCRATCH,tone-v2,KEEP_SCRATCH,,false
docs/tone-v2/_audit_scratch/lattice_v1_baseline/baseline_isolate_paths.txt,SCRATCH,tone-v2,KEEP_SCRATCH,,false
docs/tone-v2/_audit_scratch/lattice_v1_baseline/checksums.txt,SCRATCH,tone-v2,KEEP_SCRATCH,,false
docs/tone-v2/_audit_scratch/lattice_v1_baseline/commands.txt,SCRATCH,tone-v2,KEEP_SCRATCH,,false
docs/tone-v2/_audit_scratch/lattice_v1_baseline/dialog_200_summary.json,SCRATCH,tone-v2,KEEP_SCRATCH,,false
docs/tone-v2/_audit_scratch/lattice_v1_baseline/dialog_200_summary.md,SCRATCH,tone-v2,KEEP_SCRATCH,,false
docs/tone-v2/_audit_scratch/lattice_v1_baseline/environment.json,SCRATCH,tone-v2,KEEP_SCRATCH,,false
docs/tone-v2/_audit_scratch/lattice_v1_baseline/isolated_untracked_paths.txt,SCRATCH,tone-v2,KEEP_SCRATCH,,false
docs/tone-v2/_audit_scratch/lattice_v1_baseline/latency_metrics.json,SCRATCH,tone-v2,KEEP_SCRATCH,,false
docs/tone-v2/_audit_scratch/lattice_v1_baseline/memory_metrics.json,SCRATCH,tone-v2,KEEP_SCRATCH,,false
docs/tone-v2/_audit_scratch/lattice_v1_baseline/seal-baseline-probe.out.txt,SCRATCH,tone-v2,KEEP_SCRATCH,,false
docs/tone-v2/_audit_scratch/lattice_v1_baseline/sql_metrics.json,SCRATCH,tone-v2,KEEP_SCRATCH,,false
docs/tone-v2/_audit_scratch/lattice_v1_baseline/unavailable_metrics.md,SCRATCH,tone-v2,KEEP_SCRATCH,,false
docs/tone-v2/_audit_scratch/lattice_v1_baseline/workdir_file_classification.json,SCRATCH,tone-v2,KEEP_SCRATCH,,false
docs/tone-v2/_audit_scratch/lattice_v1_batch1_0b/batch1_0b_dist_test_resource_inventory.json,SCRATCH,tone-v2,KEEP_SCRATCH,,false
docs/tone-v2/_audit_scratch/lattice_v1_batch1_0b/length1_limit8_real_sqlite_baseline.json,SCRATCH,tone-v2,KEEP_SCRATCH,,false
docs/tone-v2/_audit_scratch/lattice_v1_batch1_0b/length1_runtime_termLength_gate_baseline.json,SCRATCH,tone-v2,KEEP_SCRATCH,,false
docs/tone-v2/_audit_scratch/lattice_v1_batch1_0b/length1_tone_unsupported_baseline.json,SCRATCH,tone-v2,KEEP_SCRATCH,,false
docs/tone-v2/_audit_scratch/lattice_v1_batch1_0c/batch1_0c_dist_test_resource_inventory.json,SCRATCH,tone-v2,KEEP_SCRATCH,,false
docs/tone-v2/_audit_scratch/lattice_v1_batch1_0c/length1_limit8_real_sqlite_baseline.json,SCRATCH,tone-v2,KEEP_SCRATCH,,false
docs/tone-v2/_audit_scratch/lattice_v1_batch1_0c/length1_tone_unsupported_baseline.json,SCRATCH,tone-v2,KEEP_SCRATCH,,false
docs/tone-v2/_audit_scratch/lattice_v1_batch1_1a/batch1_1a_dist_test_resource_inventory.json,SCRATCH,tone-v2,KEEP_SCRATCH,,false
docs/tone-v2/_audit_scratch/lattice_v1_batch1_1a/batch1_1a_final_gate_dist_test_resource_inventory.json,SCRATCH,tone-v2,KEEP_SCRATCH,,false
docs/tone-v2/_audit_scratch/lattice_v1_batch1_1a/batch1_1a_stage4_dist_test_resource_inventory.json,SCRATCH,tone-v2,KEEP_SCRATCH,,false
docs/tone-v2/_audit_scratch/lattice_v1_batch1_1a/length1_limit8_real_sqlite_baseline_after.json,SCRATCH,tone-v2,KEEP_SCRATCH,,false
docs/tone-v2/_audit_scratch/lattice_v1_batch1_1a/length1_plain_false_unique_after.json,SCRATCH,tone-v2,KEEP_SCRATCH,,false
docs/tone-v2/_audit_scratch/lattice_v1_batch1_1a/length1_tone_false_unique_after.json,SCRATCH,tone-v2,KEEP_SCRATCH,,false
docs/tone-v2/_audit_scratch/lattice_v1_batch1_1a/stage4_boundary_matrix.json,SCRATCH,tone-v2,KEEP_SCRATCH,,false
docs/tone-v2/_audit_scratch/lattice_v1_batch1_1b/batch1_1b_stage3_dist_test_resource_inventory.json,SCRATCH,tone-v2,KEEP_SCRATCH,,false
docs/tone-v2/_audit_scratch/lattice_v1_batch1_1b/batch1_1b_stage4_11a_compat.json,SCRATCH,tone-v2,KEEP_SCRATCH,,false
docs/tone-v2/_audit_scratch/lattice_v1_batch1_1b/batch1_1b_stage4_cache_metamorphic_matrix.json,SCRATCH,tone-v2,KEEP_SCRATCH,,false
docs/tone-v2/_audit_scratch/lattice_v1_batch1_1b/batch1_1b_stage4_candidate_parity.json,SCRATCH,tone-v2,KEEP_SCRATCH,,false
docs/tone-v2/_audit_scratch/lattice_v1_batch1_1b/batch1_1b_stage4_decision_matrix.json,SCRATCH,tone-v2,KEEP_SCRATCH,,false
docs/tone-v2/_audit_scratch/lattice_v1_batch1_1b/batch1_1b_stage4_dist_test_resource_inventory.json,SCRATCH,tone-v2,KEEP_SCRATCH,,false
docs/tone-v2/_audit_scratch/lattice_v1_batch1_1b/batch1_1b_stage4_edge_path_matrix.json,SCRATCH,tone-v2,KEEP_SCRATCH,,false
docs/tone-v2/_audit_scratch/lattice_v1_batch1_1b/batch1_1b_stage4_explain_plain_exact.json,SCRATCH,tone-v2,KEEP_SCRATCH,,false
docs/tone-v2/_audit_scratch/lattice_v1_batch1_1b/batch1_1b_stage4_explain_tone_exact.json,SCRATCH,tone-v2,KEEP_SCRATCH,,false
docs/tone-v2/_audit_scratch/lattice_v1_batch1_1b/batch1_1b_stage4_failure_injection.json,SCRATCH,tone-v2,KEEP_SCRATCH,,false
docs/tone-v2/_audit_scratch/lattice_v1_batch1_1b/batch1_1b_stage4_overfit_search.json,SCRATCH,tone-v2,KEEP_SCRATCH,,false
docs/tone-v2/_audit_scratch/lattice_v1_batch1_1b/batch1_1b_stage4_plain_tone_matrix.json,SCRATCH,tone-v2,KEEP_SCRATCH,,false
docs/tone-v2/_audit_scratch/lattice_v1_batch1_1b/batch1_1b_stage4_rank_matrix.json,SCRATCH,tone-v2,KEEP_SCRATCH,,false
docs/tone-v2/_audit_scratch/lattice_v1_batch1_1b/batch1_1b_stage4_runtime_lifecycle_matrix.json,SCRATCH,tone-v2,KEEP_SCRATCH,,false
docs/tone-v2/_audit_scratch/lattice_v1_batch1_1b/batch1_1b_stage4_sql_trigger_stats.json,SCRATCH,tone-v2,KEEP_SCRATCH,,false
docs/tone-v2/_audit_scratch/lattice_v1_batch1_1b/batch1_1b_stage4_unicode_boundary_matrix.json,SCRATCH,tone-v2,KEEP_SCRATCH,,false
docs/tone-v2/_audit_scratch/lattice_v1_batch1_1b/explain_query_plan_surface_vs_ambiguity.json,SCRATCH,tone-v2,KEEP_SCRATCH,,false
docs/tone-v2/_audit_scratch/lattice_v1_batch1_1b/README.md,SCRATCH,tone-v2,KEEP_SCRATCH,Batch 1.1B,false
docs/tone-v2/_audit_scratch/lattice_v1_batch1_1b/stage1_schema_explain_surface_exact.json,SCRATCH,tone-v2,KEEP_SCRATCH,,false
docs/tone-v2/_audit_scratch/lattice_v1_batch1_1b/Stage5_dist_inventory.json,SCRATCH,tone-v2,KEEP_SCRATCH,,false
docs/tone-v2/_audit_scratch/lattice_v1_batch1_1b/surface_rank9_after.json,SCRATCH,tone-v2,KEEP_SCRATCH,,false
docs/tone-v2/_audit_scratch/lattice_v1_batch1_1b/surface_reachability_current_baselines.json,SCRATCH,tone-v2,KEEP_SCRATCH,,false
docs/tone-v2/_audit_scratch/lattice_v1_batch1_generalization/batch1_deformation_test_design.json,SCRATCH,tone-v2,KEEP_SCRATCH,,false
docs/tone-v2/_audit_scratch/lattice_v1_batch1_generalization/batch1_mock_cleanup_dist_inventory.json,SCRATCH,tone-v2,KEEP_SCRATCH,,false
docs/tone-v2/_audit_scratch/lattice_v1_batch1_generalization/batch1_test_assertion_quality_inventory.json,SCRATCH,tone-v2,KEEP_SCRATCH,,false
docs/tone-v2/_audit_scratch/lattice_v1_batch1_generalization/batch2_full_build_impact_inventory.json,SCRATCH,tone-v2,KEEP_SCRATCH,,false
docs/tone-v2/_audit_scratch/lattice_v1_batch1_generalization/batch2_governance_coverage_matrix.json,SCRATCH,tone-v2,KEEP_SCRATCH,,false
docs/tone-v2/_audit_scratch/lattice_v1_batch1_generalization/batch2_patch_impact_inventory.json,SCRATCH,tone-v2,KEEP_SCRATCH,,false
docs/tone-v2/_audit_scratch/lattice_v1_batch1_generalization/batch2_test_plan.json,SCRATCH,tone-v2,KEEP_SCRATCH,,false
docs/tone-v2/_audit_scratch/lattice_v1_batch1_generalization/before_after_length2_5_behavior_matrix.json,SCRATCH,tone-v2,KEEP_SCRATCH,,false
docs/tone-v2/_audit_scratch/lattice_v1_batch1_generalization/fixture_literal_inventory.json,SCRATCH,tone-v2,KEEP_SCRATCH,,false
docs/tone-v2/_audit_scratch/lattice_v1_batch1_generalization/fixture_vs_runtime_contract_matrix.json,SCRATCH,tone-v2,KEEP_SCRATCH,,false
docs/tone-v2/_audit_scratch/lattice_v1_batch1_generalization/hard_block_generalization_matrix.json,SCRATCH,tone-v2,KEEP_SCRATCH,,false
docs/tone-v2/_audit_scratch/lattice_v1_batch1_generalization/length1_ambiguity_limit_risk.json,SCRATCH,tone-v2,KEEP_SCRATCH,,false
docs/tone-v2/_audit_scratch/lattice_v1_length_1_5_consistency/length_constraint_inventory.json,SCRATCH,tone-v2,KEEP_SCRATCH,,false
docs/tone-v2/_audit_scratch/lattice_v1_length_1_5_consistency/length_contract_matrix.json,SCRATCH,tone-v2,KEEP_SCRATCH,,false
docs/tone-v2/_audit_scratch/lattice_v1_length_1_5_consistency/single_char_candidate_control_audit.json,SCRATCH,tone-v2,KEEP_SCRATCH,,false
docs/tone-v2/_audit_scratch/lattice_v1_length_1_5_consistency/single_char_recall_entrypoints.json,SCRATCH,tone-v2,KEEP_SCRATCH,,false
docs/tone-v2/_audit_scratch/lattice_v1_length_1_5_consistency/single_char_test_gap_inventory.json,SCRATCH,tone-v2,KEEP_SCRATCH,,false
docs/tone-v2/_audit_scratch/lattice_v1_length_1_5_consistency/single_char_vote_isolation_audit.json,SCRATCH,tone-v2,KEEP_SCRATCH,,false
docs/tone-v2/_audit_scratch/lattice_v1_lexical_edge_quality/lexical_edge_quality_summary.json,SCRATCH,tone-v2,KEEP_SCRATCH,,false
docs/tone-v2/_audit_scratch/lattice_v1_phase1/dialog_200_phase1_summary.json,SCRATCH,tone-v2,KEEP_SCRATCH,,false
docs/tone-v2/_audit_scratch/lattice_v1_phase1/README.md,SCRATCH,tone-v2,KEEP_SCRATCH,Files,true
docs/tone-v2/_audit_scratch/lattice_v1_phase2/dialog_200_phase2_summary.json,SCRATCH,tone-v2,KEEP_SCRATCH,,false
docs/tone-v2/_audit_scratch/lattice_v1_phase2/README.md,SCRATCH,tone-v2,KEEP_SCRATCH,,false
docs/tone-v2/_audit_scratch/lattice_v1_phase2_node_runtime/dialog_200_phase2_node_summary.json,SCRATCH,tone-v2,KEEP_SCRATCH,,false
docs/tone-v2/_audit_scratch/lattice_v1_phase2_node_runtime/_stdout.json,SCRATCH,tone-v2,KEEP_SCRATCH,,false
docs/tone-v2/_audit_scratch/lattice_v1_recall_chain_alignment/add_base_term_impact_inventory.json,SCRATCH,tone-v2,KEEP_SCRATCH,,false
docs/tone-v2/_audit_scratch/lattice_v1_recall_chain_alignment/base_lexicon_ssot_audit.json,SCRATCH,tone-v2,KEEP_SCRATCH,,false
docs/tone-v2/_audit_scratch/lattice_v1_recall_chain_alignment/development_batch_plan.json,SCRATCH,tone-v2,KEEP_SCRATCH,,false
docs/tone-v2/_audit_scratch/lattice_v1_recall_chain_alignment/recall_chain_alignment_call_graph.json,SCRATCH,tone-v2,KEEP_SCRATCH,,false
docs/tone-v2/_audit_scratch/lattice_v1_recall_chain_alignment/repair_target_consumer_inventory.json,SCRATCH,tone-v2,KEEP_SCRATCH,,false
docs/tone-v2/_audit_scratch/lattice_v1_recall_chain_alignment/single_char_recall_branch_design.json,SCRATCH,tone-v2,KEEP_SCRATCH,,false
docs/tone-v2/_audit_scratch/lattice_v1_recall_chain_alignment/single_char_test_plan.json,SCRATCH,tone-v2,KEEP_SCRATCH,,false
docs/tone-v2/_audit_scratch/lexicon_pollution_audit/lexicon_atomicity_violations.csv,SCRATCH,tone-v2,KEEP_SCRATCH,,false
docs/tone-v2/_audit_scratch/lexicon_pollution_audit/lexicon_pollution_inventory.csv,SCRATCH,tone-v2,KEEP_SCRATCH,,false
docs/tone-v2/_audit_scratch/lexicon_pollution_audit/_probe_result.json,SCRATCH,tone-v2,KEEP_SCRATCH,,false
docs/tone-v2/_audit_scratch/ltr-window-probe.out.txt,SCRATCH,tone-v2,KEEP_SCRATCH,,false
docs/tone-v2/_audit_scratch/ltr_vs_lattice_necessity_2026_07_29.json,SCRATCH,tone-v2,KEEP_SCRATCH,,false
docs/tone-v2/_audit_scratch/mainchain_acceptance_2026_07_29/fw_health.json,SCRATCH,tone-v2,KEEP_SCRATCH,,false
docs/tone-v2/_audit_scratch/mainchain_acceptance_2026_07_29/miss_rc_d002.json,SCRATCH,tone-v2,KEEP_SCRATCH,,false
docs/tone-v2/_audit_scratch/mainchain_acceptance_2026_07_29/miss_rc_d006.json,SCRATCH,tone-v2,KEEP_SCRATCH,,false
docs/tone-v2/_audit_scratch/mainchain_acceptance_2026_07_29/miss_rc_d011.json,SCRATCH,tone-v2,KEEP_SCRATCH,,false
docs/tone-v2/_audit_scratch/mainchain_acceptance_2026_07_29/miss_rc_d013.json,SCRATCH,tone-v2,KEEP_SCRATCH,,false
docs/tone-v2/_audit_scratch/mainchain_acceptance_2026_07_29/miss_rc_d015.json,SCRATCH,tone-v2,KEEP_SCRATCH,,false
docs/tone-v2/_audit_scratch/mainchain_acceptance_2026_07_29/miss_rc_d022.json,SCRATCH,tone-v2,KEEP_SCRATCH,,false
docs/tone-v2/_audit_scratch/mainchain_acceptance_2026_07_29/miss_rc_d023.json,SCRATCH,tone-v2,KEEP_SCRATCH,,false
docs/tone-v2/_audit_scratch/mainchain_acceptance_2026_07_29/miss_rc_d033.json,SCRATCH,tone-v2,KEEP_SCRATCH,,false
docs/tone-v2/_audit_scratch/mainchain_acceptance_2026_07_29/miss_rc_d040.json,SCRATCH,tone-v2,KEEP_SCRATCH,,false
docs/tone-v2/_audit_scratch/mainchain_acceptance_2026_07_29/miss_rc_d041.json,SCRATCH,tone-v2,KEEP_SCRATCH,,false
docs/tone-v2/_audit_scratch/mainchain_acceptance_2026_07_29/miss_rc_d047.json,SCRATCH,tone-v2,KEEP_SCRATCH,,false
docs/tone-v2/_audit_scratch/mainchain_acceptance_2026_07_29/miss_rc_d051.json,SCRATCH,tone-v2,KEEP_SCRATCH,,false
docs/tone-v2/_audit_scratch/mainchain_acceptance_2026_07_29/miss_rc_d052.json,SCRATCH,tone-v2,KEEP_SCRATCH,,false
docs/tone-v2/_audit_scratch/mainchain_acceptance_2026_07_29/miss_rc_d056.json,SCRATCH,tone-v2,KEEP_SCRATCH,,false
docs/tone-v2/_audit_scratch/mainchain_acceptance_2026_07_29/miss_rc_d058.json,SCRATCH,tone-v2,KEEP_SCRATCH,,false
docs/tone-v2/_audit_scratch/mainchain_acceptance_2026_07_29/miss_rc_d060.json,SCRATCH,tone-v2,KEEP_SCRATCH,,false
docs/tone-v2/_audit_scratch/mainchain_acceptance_2026_07_29/miss_rc_d067.json,SCRATCH,tone-v2,KEEP_SCRATCH,,false
docs/tone-v2/_audit_scratch/mainchain_acceptance_2026_07_29/miss_rc_d071.json,SCRATCH,tone-v2,KEEP_SCRATCH,,false
docs/tone-v2/_audit_scratch/mainchain_acceptance_2026_07_29/miss_rc_d085.json,SCRATCH,tone-v2,KEEP_SCRATCH,,false
docs/tone-v2/_audit_scratch/mainchain_acceptance_2026_07_29/miss_rc_d086.json,SCRATCH,tone-v2,KEEP_SCRATCH,,false
docs/tone-v2/_audit_scratch/mainchain_acceptance_2026_07_29/miss_rc_d092.json,SCRATCH,tone-v2,KEEP_SCRATCH,,false
docs/tone-v2/_audit_scratch/mainchain_acceptance_2026_07_29/miss_rc_d096.json,SCRATCH,tone-v2,KEEP_SCRATCH,,false
docs/tone-v2/_audit_scratch/mainchain_acceptance_2026_07_29/miss_rc_d101.json,SCRATCH,tone-v2,KEEP_SCRATCH,,false
docs/tone-v2/_audit_scratch/mainchain_acceptance_2026_07_29/miss_rc_d103.json,SCRATCH,tone-v2,KEEP_SCRATCH,,false
docs/tone-v2/_audit_scratch/mainchain_acceptance_2026_07_29/miss_rc_d105.json,SCRATCH,tone-v2,KEEP_SCRATCH,,false
docs/tone-v2/_audit_scratch/mainchain_acceptance_2026_07_29/miss_rc_d108.json,SCRATCH,tone-v2,KEEP_SCRATCH,,false
docs/tone-v2/_audit_scratch/mainchain_acceptance_2026_07_29/miss_rc_d112.json,SCRATCH,tone-v2,KEEP_SCRATCH,,false
docs/tone-v2/_audit_scratch/mainchain_acceptance_2026_07_29/miss_rc_d113.json,SCRATCH,tone-v2,KEEP_SCRATCH,,false
docs/tone-v2/_audit_scratch/mainchain_acceptance_2026_07_29/miss_rc_d118.json,SCRATCH,tone-v2,KEEP_SCRATCH,,false
docs/tone-v2/_audit_scratch/mainchain_acceptance_2026_07_29/miss_rc_d123.json,SCRATCH,tone-v2,KEEP_SCRATCH,,false
docs/tone-v2/_audit_scratch/mainchain_acceptance_2026_07_29/miss_rc_d130.json,SCRATCH,tone-v2,KEEP_SCRATCH,,false
docs/tone-v2/_audit_scratch/mainchain_acceptance_2026_07_29/miss_rc_d131.json,SCRATCH,tone-v2,KEEP_SCRATCH,,false
docs/tone-v2/_audit_scratch/mainchain_acceptance_2026_07_29/miss_rc_d137.json,SCRATCH,tone-v2,KEEP_SCRATCH,,false
docs/tone-v2/_audit_scratch/mainchain_acceptance_2026_07_29/miss_rc_d138.json,SCRATCH,tone-v2,KEEP_SCRATCH,,false
docs/tone-v2/_audit_scratch/mainchain_acceptance_2026_07_29/miss_rc_d141.json,SCRATCH,tone-v2,KEEP_SCRATCH,,false
docs/tone-v2/_audit_scratch/mainchain_acceptance_2026_07_29/miss_rc_d142.json,SCRATCH,tone-v2,KEEP_SCRATCH,,false
docs/tone-v2/_audit_scratch/mainchain_acceptance_2026_07_29/miss_rc_d146.json,SCRATCH,tone-v2,KEEP_SCRATCH,,false
docs/tone-v2/_audit_scratch/mainchain_acceptance_2026_07_29/miss_rc_d148.json,SCRATCH,tone-v2,KEEP_SCRATCH,,false
docs/tone-v2/_audit_scratch/mainchain_acceptance_2026_07_29/miss_rc_d150.json,SCRATCH,tone-v2,KEEP_SCRATCH,,false
docs/tone-v2/_audit_scratch/mainchain_acceptance_2026_07_29/miss_rc_d157.json,SCRATCH,tone-v2,KEEP_SCRATCH,,false
docs/tone-v2/_audit_scratch/mainchain_acceptance_2026_07_29/miss_rc_d158.json,SCRATCH,tone-v2,KEEP_SCRATCH,,false
docs/tone-v2/_audit_scratch/mainchain_acceptance_2026_07_29/miss_rc_d163.json,SCRATCH,tone-v2,KEEP_SCRATCH,,false
docs/tone-v2/_audit_scratch/mainchain_acceptance_2026_07_29/miss_rc_d168.json,SCRATCH,tone-v2,KEEP_SCRATCH,,false
docs/tone-v2/_audit_scratch/mainchain_acceptance_2026_07_29/miss_rc_d169.json,SCRATCH,tone-v2,KEEP_SCRATCH,,false
docs/tone-v2/_audit_scratch/mainchain_acceptance_2026_07_29/miss_rc_d175.json,SCRATCH,tone-v2,KEEP_SCRATCH,,false
docs/tone-v2/_audit_scratch/mainchain_acceptance_2026_07_29/miss_rc_d176.json,SCRATCH,tone-v2,KEEP_SCRATCH,,false
docs/tone-v2/_audit_scratch/mainchain_acceptance_2026_07_29/miss_rc_d182.json,SCRATCH,tone-v2,KEEP_SCRATCH,,false
docs/tone-v2/_audit_scratch/mainchain_acceptance_2026_07_29/miss_rc_d186.json,SCRATCH,tone-v2,KEEP_SCRATCH,,false
docs/tone-v2/_audit_scratch/mainchain_acceptance_2026_07_29/miss_rc_d191.json,SCRATCH,tone-v2,KEEP_SCRATCH,,false
docs/tone-v2/_audit_scratch/mainchain_acceptance_2026_07_29/miss_rc_d193.json,SCRATCH,tone-v2,KEEP_SCRATCH,,false
docs/tone-v2/_audit_scratch/mainchain_acceptance_2026_07_29/miss_rc_d195.json,SCRATCH,tone-v2,KEEP_SCRATCH,,false
docs/tone-v2/_audit_scratch/mainchain_acceptance_2026_07_29/miss_rootcause_aggregate.json,SCRATCH,tone-v2,KEEP_SCRATCH,,false
docs/tone-v2/_audit_scratch/mainchain_acceptance_2026_07_29/miss_rootcause_cases.json,SCRATCH,tone-v2,KEEP_SCRATCH,,false
docs/tone-v2/_audit_scratch/mainchain_acceptance_2026_07_29/smoke_d001.json,SCRATCH,tone-v2,KEEP_SCRATCH,,false
docs/tone-v2/_audit_scratch/mainchain_acceptance_2026_07_29/span_random30.json,SCRATCH,tone-v2,KEEP_SCRATCH,,false
docs/tone-v2/_audit_scratch/mainchain_acceptance_2026_07_29/summary.json,SCRATCH,tone-v2,KEEP_SCRATCH,,false
docs/tone-v2/_audit_scratch/mainchain_acceptance_2026_07_29/traces_index.json,SCRATCH,tone-v2,KEEP_SCRATCH,,false
docs/tone-v2/_audit_scratch/mainchain_acceptance_2026_07_29/trace_d001.json,SCRATCH,tone-v2,KEEP_SCRATCH,,false
docs/tone-v2/_audit_scratch/mainchain_acceptance_2026_07_29/trace_d004.json,SCRATCH,tone-v2,KEEP_SCRATCH,,false
docs/tone-v2/_audit_scratch/mainchain_acceptance_2026_07_29/trace_d005.json,SCRATCH,tone-v2,KEEP_SCRATCH,,false
docs/tone-v2/_audit_scratch/mainchain_acceptance_2026_07_29/trace_d007.json,SCRATCH,tone-v2,KEEP_SCRATCH,,false
docs/tone-v2/_audit_scratch/mainchain_acceptance_2026_07_29/trace_d013.json,SCRATCH,tone-v2,KEEP_SCRATCH,,false
docs/tone-v2/_audit_scratch/mainchain_acceptance_2026_07_29/trace_d015.json,SCRATCH,tone-v2,KEEP_SCRATCH,,false
docs/tone-v2/_audit_scratch/mainchain_acceptance_2026_07_29/trace_d019.json,SCRATCH,tone-v2,KEEP_SCRATCH,,false
docs/tone-v2/_audit_scratch/mainchain_acceptance_2026_07_29/trace_d020.json,SCRATCH,tone-v2,KEEP_SCRATCH,,false
docs/tone-v2/_audit_scratch/mainchain_acceptance_2026_07_29/trace_d021.json,SCRATCH,tone-v2,KEEP_SCRATCH,,false
docs/tone-v2/_audit_scratch/mainchain_acceptance_2026_07_29/trace_d022.json,SCRATCH,tone-v2,KEEP_SCRATCH,,false
docs/tone-v2/_audit_scratch/mainchain_acceptance_2026_07_29/trace_d025.json,SCRATCH,tone-v2,KEEP_SCRATCH,,false
docs/tone-v2/_audit_scratch/mainchain_acceptance_2026_07_29/trace_d027.json,SCRATCH,tone-v2,KEEP_SCRATCH,,false
docs/tone-v2/_audit_scratch/mainchain_acceptance_2026_07_29/trace_d031.json,SCRATCH,tone-v2,KEEP_SCRATCH,,false
docs/tone-v2/_audit_scratch/mainchain_acceptance_2026_07_29/trace_d037.json,SCRATCH,tone-v2,KEEP_SCRATCH,,false
docs/tone-v2/_audit_scratch/mainchain_acceptance_2026_07_29/trace_d038.json,SCRATCH,tone-v2,KEEP_SCRATCH,,false
docs/tone-v2/_audit_scratch/mainchain_acceptance_2026_07_29/trace_d041.json,SCRATCH,tone-v2,KEEP_SCRATCH,,false
docs/tone-v2/_audit_scratch/mainchain_acceptance_2026_07_29/trace_d043.json,SCRATCH,tone-v2,KEEP_SCRATCH,,false
docs/tone-v2/_audit_scratch/mainchain_acceptance_2026_07_29/trace_d044.json,SCRATCH,tone-v2,KEEP_SCRATCH,,false
docs/tone-v2/_audit_scratch/mainchain_acceptance_2026_07_29/trace_d049.json,SCRATCH,tone-v2,KEEP_SCRATCH,,false
docs/tone-v2/_audit_scratch/mainchain_acceptance_2026_07_29/trace_d055.json,SCRATCH,tone-v2,KEEP_SCRATCH,,false
docs/tone-v2/_audit_scratch/mainchain_acceptance_2026_07_29/trace_d061.json,SCRATCH,tone-v2,KEEP_SCRATCH,,false
docs/tone-v2/_audit_scratch/mainchain_acceptance_2026_07_29/trace_d067.json,SCRATCH,tone-v2,KEEP_SCRATCH,,false
docs/tone-v2/_audit_scratch/mainchain_acceptance_2026_07_29/trace_d073.json,SCRATCH,tone-v2,KEEP_SCRATCH,,false
docs/tone-v2/_audit_scratch/mainchain_acceptance_2026_07_29/trace_d079.json,SCRATCH,tone-v2,KEEP_SCRATCH,,false
docs/tone-v2/_audit_scratch/mainchain_acceptance_2026_07_29/trace_d085.json,SCRATCH,tone-v2,KEEP_SCRATCH,,false
docs/tone-v2/_audit_scratch/mainchain_acceptance_2026_07_29/trace_d091.json,SCRATCH,tone-v2,KEEP_SCRATCH,,false
docs/tone-v2/_audit_scratch/mainchain_acceptance_2026_07_29/trace_d097.json,SCRATCH,tone-v2,KEEP_SCRATCH,,false
docs/tone-v2/_audit_scratch/mainchain_acceptance_2026_07_29/trace_d103.json,SCRATCH,tone-v2,KEEP_SCRATCH,,false
docs/tone-v2/_audit_scratch/mainchain_acceptance_2026_07_29/trace_d109.json,SCRATCH,tone-v2,KEEP_SCRATCH,,false
docs/tone-v2/_audit_scratch/mainchain_acceptance_2026_07_29/trace_d115.json,SCRATCH,tone-v2,KEEP_SCRATCH,,false
docs/tone-v2/_audit_scratch/offline-ltr-perf-probe.out.txt,SCRATCH,tone-v2,KEEP_SCRATCH,,false
docs/tone-v2/_audit_scratch/parent_fragment_phase1/kenlm_inputs.json,SCRATCH,tone-v2,KEEP_SCRATCH,,false
docs/tone-v2/_audit_scratch/parent_fragment_phase1/summary.json,SCRATCH,tone-v2,KEEP_SCRATCH,,false
docs/tone-v2/_audit_scratch/parent_fragment_phase23/kenlm_inputs.json,SCRATCH,tone-v2,KEEP_SCRATCH,,false
docs/tone-v2/_audit_scratch/parent_fragment_phase23/summary.json,SCRATCH,tone-v2,KEEP_SCRATCH,,false
docs/tone-v2/_audit_scratch/parent_fragment_retirement/_probe_result.json,SCRATCH,tone-v2,KEEP_SCRATCH,,false
docs/tone-v2/_audit_scratch/parent_fragment_retirement/_tight_cf.json,SCRATCH,tone-v2,KEEP_SCRATCH,,false
docs/tone-v2/_audit_scratch/phase0-phase1-probe.out.txt,SCRATCH,tone-v2,KEEP_SCRATCH,,false
docs/tone-v2/_audit_scratch/phase2-probe.out.txt,SCRATCH,tone-v2,KEEP_SCRATCH,,false
docs/tone-v2/_audit_scratch/post_atomicity_dialog200/dialog200_summary.json,SCRATCH,tone-v2,KEEP_SCRATCH,,false
docs/tone-v2/_audit_scratch/post_atomicity_exact_recall/exact_recall_summary.json,SCRATCH,tone-v2,KEEP_SCRATCH,,false
docs/tone-v2/_audit_scratch/pre_kenlm_candidate_ownership_audit/ownership_trace.json,SCRATCH,tone-v2,KEEP_SCRATCH,,false
docs/tone-v2/_audit_scratch/pre_kenlm_candidate_pool_acceptance/candidate_pool_review.md,SCRATCH,tone-v2,KEEP_SCRATCH,,false
docs/tone-v2/_audit_scratch/pre_kenlm_candidate_pool_acceptance/cases/A01.json,SCRATCH,tone-v2,KEEP_SCRATCH,,false
docs/tone-v2/_audit_scratch/pre_kenlm_candidate_pool_acceptance/cases/A02.json,SCRATCH,tone-v2,KEEP_SCRATCH,,false
docs/tone-v2/_audit_scratch/pre_kenlm_candidate_pool_acceptance/cases/A03.json,SCRATCH,tone-v2,KEEP_SCRATCH,,false
docs/tone-v2/_audit_scratch/pre_kenlm_candidate_pool_acceptance/cases/A04.json,SCRATCH,tone-v2,KEEP_SCRATCH,,false
docs/tone-v2/_audit_scratch/pre_kenlm_candidate_pool_acceptance/cases/A05.json,SCRATCH,tone-v2,KEEP_SCRATCH,,false
docs/tone-v2/_audit_scratch/pre_kenlm_candidate_pool_acceptance/cases/A06.json,SCRATCH,tone-v2,KEEP_SCRATCH,,false
docs/tone-v2/_audit_scratch/pre_kenlm_candidate_pool_acceptance/cases/A07.json,SCRATCH,tone-v2,KEEP_SCRATCH,,false
docs/tone-v2/_audit_scratch/pre_kenlm_candidate_pool_acceptance/cases/A08.json,SCRATCH,tone-v2,KEEP_SCRATCH,,false
docs/tone-v2/_audit_scratch/pre_kenlm_candidate_pool_acceptance/cases/A09.json,SCRATCH,tone-v2,KEEP_SCRATCH,,false
docs/tone-v2/_audit_scratch/pre_kenlm_candidate_pool_acceptance/cases/A10.json,SCRATCH,tone-v2,KEEP_SCRATCH,,false
docs/tone-v2/_audit_scratch/pre_kenlm_candidate_pool_acceptance/cases/A11.json,SCRATCH,tone-v2,KEEP_SCRATCH,,false
docs/tone-v2/_audit_scratch/pre_kenlm_candidate_pool_acceptance/cases/A12.json,SCRATCH,tone-v2,KEEP_SCRATCH,,false
docs/tone-v2/_audit_scratch/pre_kenlm_candidate_pool_acceptance/cases/B01.json,SCRATCH,tone-v2,KEEP_SCRATCH,,false
docs/tone-v2/_audit_scratch/pre_kenlm_candidate_pool_acceptance/cases/B02.json,SCRATCH,tone-v2,KEEP_SCRATCH,,false
docs/tone-v2/_audit_scratch/pre_kenlm_candidate_pool_acceptance/cases/B03.json,SCRATCH,tone-v2,KEEP_SCRATCH,,false
docs/tone-v2/_audit_scratch/pre_kenlm_candidate_pool_acceptance/cases/B04.json,SCRATCH,tone-v2,KEEP_SCRATCH,,false
docs/tone-v2/_audit_scratch/pre_kenlm_candidate_pool_acceptance/cases/B05.json,SCRATCH,tone-v2,KEEP_SCRATCH,,false
docs/tone-v2/_audit_scratch/pre_kenlm_candidate_pool_acceptance/cases/B06.json,SCRATCH,tone-v2,KEEP_SCRATCH,,false
docs/tone-v2/_audit_scratch/pre_kenlm_candidate_pool_acceptance/cases/B07.json,SCRATCH,tone-v2,KEEP_SCRATCH,,false
docs/tone-v2/_audit_scratch/pre_kenlm_candidate_pool_acceptance/cases/B08.json,SCRATCH,tone-v2,KEEP_SCRATCH,,false
docs/tone-v2/_audit_scratch/pre_kenlm_candidate_pool_acceptance/cases/B09.json,SCRATCH,tone-v2,KEEP_SCRATCH,,false
docs/tone-v2/_audit_scratch/pre_kenlm_candidate_pool_acceptance/cases/B10.json,SCRATCH,tone-v2,KEEP_SCRATCH,,false
docs/tone-v2/_audit_scratch/pre_kenlm_candidate_pool_acceptance/cases/C01.json,SCRATCH,tone-v2,KEEP_SCRATCH,,false
docs/tone-v2/_audit_scratch/pre_kenlm_candidate_pool_acceptance/cases/C02.json,SCRATCH,tone-v2,KEEP_SCRATCH,,false
docs/tone-v2/_audit_scratch/pre_kenlm_candidate_pool_acceptance/cases/C03.json,SCRATCH,tone-v2,KEEP_SCRATCH,,false
docs/tone-v2/_audit_scratch/pre_kenlm_candidate_pool_acceptance/cases/C04.json,SCRATCH,tone-v2,KEEP_SCRATCH,,false
docs/tone-v2/_audit_scratch/pre_kenlm_candidate_pool_acceptance/cases/C05.json,SCRATCH,tone-v2,KEEP_SCRATCH,,false
docs/tone-v2/_audit_scratch/pre_kenlm_candidate_pool_acceptance/cases/D01.json,SCRATCH,tone-v2,KEEP_SCRATCH,,false
docs/tone-v2/_audit_scratch/pre_kenlm_candidate_pool_acceptance/cases/D02.json,SCRATCH,tone-v2,KEEP_SCRATCH,,false
docs/tone-v2/_audit_scratch/pre_kenlm_candidate_pool_acceptance/cases/D03.json,SCRATCH,tone-v2,KEEP_SCRATCH,,false
docs/tone-v2/_audit_scratch/pre_kenlm_candidate_pool_acceptance/cases/D04.json,SCRATCH,tone-v2,KEEP_SCRATCH,,false
docs/tone-v2/_audit_scratch/pre_kenlm_candidate_pool_acceptance/cases/D05.json,SCRATCH,tone-v2,KEEP_SCRATCH,,false
docs/tone-v2/_audit_scratch/pre_kenlm_candidate_pool_acceptance/cases/E01.json,SCRATCH,tone-v2,KEEP_SCRATCH,,false
docs/tone-v2/_audit_scratch/pre_kenlm_candidate_pool_acceptance/cases/E02.json,SCRATCH,tone-v2,KEEP_SCRATCH,,false
docs/tone-v2/_audit_scratch/pre_kenlm_candidate_pool_acceptance/cases/E03.json,SCRATCH,tone-v2,KEEP_SCRATCH,,false
docs/tone-v2/_audit_scratch/pre_kenlm_candidate_pool_acceptance/cases/E04.json,SCRATCH,tone-v2,KEEP_SCRATCH,,false
docs/tone-v2/_audit_scratch/pre_kenlm_candidate_pool_acceptance/cases/E05.json,SCRATCH,tone-v2,KEEP_SCRATCH,,false
docs/tone-v2/_audit_scratch/pre_kenlm_candidate_pool_acceptance/cases/F01.json,SCRATCH,tone-v2,KEEP_SCRATCH,,false
docs/tone-v2/_audit_scratch/pre_kenlm_candidate_pool_acceptance/cases/F02.json,SCRATCH,tone-v2,KEEP_SCRATCH,,false
docs/tone-v2/_audit_scratch/pre_kenlm_candidate_pool_acceptance/cases/F03.json,SCRATCH,tone-v2,KEEP_SCRATCH,,false
docs/tone-v2/_audit_scratch/pre_kenlm_candidate_pool_acceptance/cases/G01.json,SCRATCH,tone-v2,KEEP_SCRATCH,,false
docs/tone-v2/_audit_scratch/pre_kenlm_candidate_pool_acceptance/cases/G02.json,SCRATCH,tone-v2,KEEP_SCRATCH,,false
docs/tone-v2/_audit_scratch/pre_kenlm_candidate_pool_acceptance/cases/G03.json,SCRATCH,tone-v2,KEEP_SCRATCH,,false
docs/tone-v2/_audit_scratch/pre_kenlm_candidate_pool_acceptance/dialog200_summary.json,SCRATCH,tone-v2,KEEP_SCRATCH,,false
docs/tone-v2/_audit_scratch/pre_kenlm_candidate_pool_acceptance/kenlm_quality_review.md,SCRATCH,tone-v2,KEEP_SCRATCH,,false
docs/tone-v2/_audit_scratch/pre_kenlm_candidate_pool_acceptance/lexicon_surface_ambiguity.json,SCRATCH,tone-v2,KEEP_SCRATCH,,false
docs/tone-v2/_audit_scratch/pre_kenlm_candidate_pool_acceptance/performance.json,SCRATCH,tone-v2,KEEP_SCRATCH,,false
docs/tone-v2/_audit_scratch/pre_kenlm_candidate_pool_acceptance/targeted_cases.json,SCRATCH,tone-v2,KEEP_SCRATCH,,false
docs/tone-v2/_audit_scratch/pre_kenlm_candidate_pool_acceptance/targeted_case_builder_log.json,SCRATCH,tone-v2,KEEP_SCRATCH,,false
docs/tone-v2/_audit_scratch/pre_kenlm_candidate_pool_acceptance/targeted_prescan.json,SCRATCH,tone-v2,KEEP_SCRATCH,,false
docs/tone-v2/_audit_scratch/pre_kenlm_candidate_pool_acceptance/targeted_summary.json,SCRATCH,tone-v2,KEEP_SCRATCH,,false
docs/tone-v2/_audit_scratch/README.md,SCRATCH,tone-v2,KEEP_SCRATCH,,true
docs/tone-v2/_audit_scratch/reject_composite_74.json,SCRATCH,tone-v2,KEEP_SCRATCH,,false
docs/tone-v2/_audit_scratch/reject_composite_batch1/reject_composite_batch1_evidence.json,SCRATCH,tone-v2,KEEP_SCRATCH,,false
docs/tone-v2/_audit_scratch/reject_composite_batch1/reject_composite_batch1_review.csv,SCRATCH,tone-v2,KEEP_SCRATCH,,false
docs/tone-v2/_audit_scratch/repro_rebuild_audit/reconcile.json,SCRATCH,tone-v2,KEEP_SCRATCH,,false
docs/tone-v2/_audit_scratch/repro_rebuild_audit/runtime_compare.json,SCRATCH,tone-v2,KEEP_SCRATCH,,false
docs/tone-v2/_audit_scratch/same_domain_multi_candidate_restoration/cases/A01.json,SCRATCH,tone-v2,KEEP_SCRATCH,,false
docs/tone-v2/_audit_scratch/same_domain_multi_candidate_restoration/cases/A02.json,SCRATCH,tone-v2,KEEP_SCRATCH,,false
docs/tone-v2/_audit_scratch/same_domain_multi_candidate_restoration/cases/A03.json,SCRATCH,tone-v2,KEEP_SCRATCH,,false
docs/tone-v2/_audit_scratch/same_domain_multi_candidate_restoration/cases/A04.json,SCRATCH,tone-v2,KEEP_SCRATCH,,false
docs/tone-v2/_audit_scratch/same_domain_multi_candidate_restoration/cases/A05.json,SCRATCH,tone-v2,KEEP_SCRATCH,,false
docs/tone-v2/_audit_scratch/same_domain_multi_candidate_restoration/cases/A06.json,SCRATCH,tone-v2,KEEP_SCRATCH,,false
docs/tone-v2/_audit_scratch/same_domain_multi_candidate_restoration/cases/A07.json,SCRATCH,tone-v2,KEEP_SCRATCH,,false
docs/tone-v2/_audit_scratch/same_domain_multi_candidate_restoration/cases/A08.json,SCRATCH,tone-v2,KEEP_SCRATCH,,false
docs/tone-v2/_audit_scratch/same_domain_multi_candidate_restoration/cases/A09.json,SCRATCH,tone-v2,KEEP_SCRATCH,,false
docs/tone-v2/_audit_scratch/same_domain_multi_candidate_restoration/cases/A10.json,SCRATCH,tone-v2,KEEP_SCRATCH,,false
docs/tone-v2/_audit_scratch/same_domain_multi_candidate_restoration/cases/A11.json,SCRATCH,tone-v2,KEEP_SCRATCH,,false
docs/tone-v2/_audit_scratch/same_domain_multi_candidate_restoration/cases/A12.json,SCRATCH,tone-v2,KEEP_SCRATCH,,false
docs/tone-v2/_audit_scratch/same_domain_multi_candidate_restoration/cases/B01.json,SCRATCH,tone-v2,KEEP_SCRATCH,,false
docs/tone-v2/_audit_scratch/same_domain_multi_candidate_restoration/cases/B02.json,SCRATCH,tone-v2,KEEP_SCRATCH,,false
docs/tone-v2/_audit_scratch/same_domain_multi_candidate_restoration/cases/B03.json,SCRATCH,tone-v2,KEEP_SCRATCH,,false
docs/tone-v2/_audit_scratch/same_domain_multi_candidate_restoration/cases/B04.json,SCRATCH,tone-v2,KEEP_SCRATCH,,false
docs/tone-v2/_audit_scratch/same_domain_multi_candidate_restoration/cases/B05.json,SCRATCH,tone-v2,KEEP_SCRATCH,,false
docs/tone-v2/_audit_scratch/same_domain_multi_candidate_restoration/cases/B06.json,SCRATCH,tone-v2,KEEP_SCRATCH,,false
docs/tone-v2/_audit_scratch/same_domain_multi_candidate_restoration/cases/B07.json,SCRATCH,tone-v2,KEEP_SCRATCH,,false
docs/tone-v2/_audit_scratch/same_domain_multi_candidate_restoration/cases/B08.json,SCRATCH,tone-v2,KEEP_SCRATCH,,false
docs/tone-v2/_audit_scratch/same_domain_multi_candidate_restoration/cases/B09.json,SCRATCH,tone-v2,KEEP_SCRATCH,,false
docs/tone-v2/_audit_scratch/same_domain_multi_candidate_restoration/cases/B10.json,SCRATCH,tone-v2,KEEP_SCRATCH,,false
docs/tone-v2/_audit_scratch/same_domain_multi_candidate_restoration/cases/C01.json,SCRATCH,tone-v2,KEEP_SCRATCH,,false
docs/tone-v2/_audit_scratch/same_domain_multi_candidate_restoration/cases/C02.json,SCRATCH,tone-v2,KEEP_SCRATCH,,false
docs/tone-v2/_audit_scratch/same_domain_multi_candidate_restoration/cases/C03.json,SCRATCH,tone-v2,KEEP_SCRATCH,,false
docs/tone-v2/_audit_scratch/same_domain_multi_candidate_restoration/cases/C04.json,SCRATCH,tone-v2,KEEP_SCRATCH,,false
docs/tone-v2/_audit_scratch/same_domain_multi_candidate_restoration/cases/C05.json,SCRATCH,tone-v2,KEEP_SCRATCH,,false
docs/tone-v2/_audit_scratch/same_domain_multi_candidate_restoration/cases/D01.json,SCRATCH,tone-v2,KEEP_SCRATCH,,false
docs/tone-v2/_audit_scratch/same_domain_multi_candidate_restoration/cases/D02.json,SCRATCH,tone-v2,KEEP_SCRATCH,,false
docs/tone-v2/_audit_scratch/same_domain_multi_candidate_restoration/cases/D03.json,SCRATCH,tone-v2,KEEP_SCRATCH,,false
docs/tone-v2/_audit_scratch/same_domain_multi_candidate_restoration/cases/D04.json,SCRATCH,tone-v2,KEEP_SCRATCH,,false
docs/tone-v2/_audit_scratch/same_domain_multi_candidate_restoration/cases/D05.json,SCRATCH,tone-v2,KEEP_SCRATCH,,false
docs/tone-v2/_audit_scratch/same_domain_multi_candidate_restoration/cases/E01.json,SCRATCH,tone-v2,KEEP_SCRATCH,,false
docs/tone-v2/_audit_scratch/same_domain_multi_candidate_restoration/cases/E02.json,SCRATCH,tone-v2,KEEP_SCRATCH,,false
docs/tone-v2/_audit_scratch/same_domain_multi_candidate_restoration/cases/E03.json,SCRATCH,tone-v2,KEEP_SCRATCH,,false
docs/tone-v2/_audit_scratch/same_domain_multi_candidate_restoration/cases/E04.json,SCRATCH,tone-v2,KEEP_SCRATCH,,false
docs/tone-v2/_audit_scratch/same_domain_multi_candidate_restoration/cases/E05.json,SCRATCH,tone-v2,KEEP_SCRATCH,,false
docs/tone-v2/_audit_scratch/same_domain_multi_candidate_restoration/cases/F01.json,SCRATCH,tone-v2,KEEP_SCRATCH,,false
docs/tone-v2/_audit_scratch/same_domain_multi_candidate_restoration/cases/F02.json,SCRATCH,tone-v2,KEEP_SCRATCH,,false
docs/tone-v2/_audit_scratch/same_domain_multi_candidate_restoration/cases/F03.json,SCRATCH,tone-v2,KEEP_SCRATCH,,false
docs/tone-v2/_audit_scratch/same_domain_multi_candidate_restoration/cases/G01.json,SCRATCH,tone-v2,KEEP_SCRATCH,,false
docs/tone-v2/_audit_scratch/same_domain_multi_candidate_restoration/cases/G02.json,SCRATCH,tone-v2,KEEP_SCRATCH,,false
docs/tone-v2/_audit_scratch/same_domain_multi_candidate_restoration/cases/G03.json,SCRATCH,tone-v2,KEEP_SCRATCH,,false
docs/tone-v2/_audit_scratch/same_domain_multi_candidate_restoration/dialog200_rows.json,SCRATCH,tone-v2,KEEP_SCRATCH,,false
docs/tone-v2/_audit_scratch/same_domain_multi_candidate_restoration/dialog200_summary.json,SCRATCH,tone-v2,KEEP_SCRATCH,,false
docs/tone-v2/_audit_scratch/same_domain_multi_candidate_restoration/kenlm_focus_ranking.json,SCRATCH,tone-v2,KEEP_SCRATCH,,false
docs/tone-v2/_audit_scratch/same_domain_multi_candidate_restoration/restoration_acceptance.json,SCRATCH,tone-v2,KEEP_SCRATCH,,false
docs/tone-v2/_audit_scratch/same_domain_multi_candidate_restoration/targeted_summary.json,SCRATCH,tone-v2,KEEP_SCRATCH,,false
docs/tone-v2/_audit_scratch/sa_probe_err.txt,SCRATCH,tone-v2,KEEP_SCRATCH,,false
docs/tone-v2/_audit_scratch/sentence_assembly_trace/001.json,SCRATCH,tone-v2,KEEP_SCRATCH,,false
docs/tone-v2/_audit_scratch/sentence_assembly_trace/001.md,SCRATCH,tone-v2,KEEP_SCRATCH,,false
docs/tone-v2/_audit_scratch/sentence_assembly_trace/002.json,SCRATCH,tone-v2,KEEP_SCRATCH,,false
docs/tone-v2/_audit_scratch/sentence_assembly_trace/002.md,SCRATCH,tone-v2,KEEP_SCRATCH,,false
docs/tone-v2/_audit_scratch/sentence_assembly_trace/003.json,SCRATCH,tone-v2,KEEP_SCRATCH,,false
docs/tone-v2/_audit_scratch/sentence_assembly_trace/003.md,SCRATCH,tone-v2,KEEP_SCRATCH,,false
docs/tone-v2/_audit_scratch/sentence_assembly_trace/004.json,SCRATCH,tone-v2,KEEP_SCRATCH,,false
docs/tone-v2/_audit_scratch/sentence_assembly_trace/004.md,SCRATCH,tone-v2,KEEP_SCRATCH,,false
docs/tone-v2/_audit_scratch/sentence_assembly_trace/005.json,SCRATCH,tone-v2,KEEP_SCRATCH,,false
docs/tone-v2/_audit_scratch/sentence_assembly_trace/005.md,SCRATCH,tone-v2,KEEP_SCRATCH,,false
docs/tone-v2/_audit_scratch/sentence_assembly_trace/006.json,SCRATCH,tone-v2,KEEP_SCRATCH,,false
docs/tone-v2/_audit_scratch/sentence_assembly_trace/006.md,SCRATCH,tone-v2,KEEP_SCRATCH,,false
docs/tone-v2/_audit_scratch/sentence_assembly_trace/007.json,SCRATCH,tone-v2,KEEP_SCRATCH,,false
docs/tone-v2/_audit_scratch/sentence_assembly_trace/007.md,SCRATCH,tone-v2,KEEP_SCRATCH,,false
docs/tone-v2/_audit_scratch/sentence_assembly_trace/008.json,SCRATCH,tone-v2,KEEP_SCRATCH,,false
docs/tone-v2/_audit_scratch/sentence_assembly_trace/008.md,SCRATCH,tone-v2,KEEP_SCRATCH,,false
docs/tone-v2/_audit_scratch/sentence_assembly_trace/009.json,SCRATCH,tone-v2,KEEP_SCRATCH,,false
docs/tone-v2/_audit_scratch/sentence_assembly_trace/009.md,SCRATCH,tone-v2,KEEP_SCRATCH,,false
docs/tone-v2/_audit_scratch/sentence_assembly_trace/010.json,SCRATCH,tone-v2,KEEP_SCRATCH,,false
docs/tone-v2/_audit_scratch/sentence_assembly_trace/010.md,SCRATCH,tone-v2,KEEP_SCRATCH,,false
docs/tone-v2/_audit_scratch/sentence_assembly_trace/011.json,SCRATCH,tone-v2,KEEP_SCRATCH,,false
docs/tone-v2/_audit_scratch/sentence_assembly_trace/011.md,SCRATCH,tone-v2,KEEP_SCRATCH,,false
docs/tone-v2/_audit_scratch/sentence_assembly_trace/012.json,SCRATCH,tone-v2,KEEP_SCRATCH,,false
docs/tone-v2/_audit_scratch/sentence_assembly_trace/012.md,SCRATCH,tone-v2,KEEP_SCRATCH,,false
docs/tone-v2/_audit_scratch/sentence_assembly_trace/013.json,SCRATCH,tone-v2,KEEP_SCRATCH,,false
docs/tone-v2/_audit_scratch/sentence_assembly_trace/013.md,SCRATCH,tone-v2,KEEP_SCRATCH,,false
docs/tone-v2/_audit_scratch/sentence_assembly_trace/014.json,SCRATCH,tone-v2,KEEP_SCRATCH,,false
docs/tone-v2/_audit_scratch/sentence_assembly_trace/014.md,SCRATCH,tone-v2,KEEP_SCRATCH,,false
docs/tone-v2/_audit_scratch/sentence_assembly_trace/015.json,SCRATCH,tone-v2,KEEP_SCRATCH,,false
docs/tone-v2/_audit_scratch/sentence_assembly_trace/015.md,SCRATCH,tone-v2,KEEP_SCRATCH,,false
docs/tone-v2/_audit_scratch/sentence_assembly_trace/016.json,SCRATCH,tone-v2,KEEP_SCRATCH,,false
docs/tone-v2/_audit_scratch/sentence_assembly_trace/016.md,SCRATCH,tone-v2,KEEP_SCRATCH,,false
docs/tone-v2/_audit_scratch/sentence_assembly_trace/017.json,SCRATCH,tone-v2,KEEP_SCRATCH,,false
docs/tone-v2/_audit_scratch/sentence_assembly_trace/017.md,SCRATCH,tone-v2,KEEP_SCRATCH,,false
docs/tone-v2/_audit_scratch/sentence_assembly_trace/018.json,SCRATCH,tone-v2,KEEP_SCRATCH,,false
docs/tone-v2/_audit_scratch/sentence_assembly_trace/018.md,SCRATCH,tone-v2,KEEP_SCRATCH,,false
docs/tone-v2/_audit_scratch/sentence_assembly_trace/019.json,SCRATCH,tone-v2,KEEP_SCRATCH,,false
docs/tone-v2/_audit_scratch/sentence_assembly_trace/019.md,SCRATCH,tone-v2,KEEP_SCRATCH,,false
docs/tone-v2/_audit_scratch/sentence_assembly_trace/020.json,SCRATCH,tone-v2,KEEP_SCRATCH,,false
docs/tone-v2/_audit_scratch/sentence_assembly_trace/020.md,SCRATCH,tone-v2,KEEP_SCRATCH,,false
docs/tone-v2/_audit_scratch/sentence_assembly_trace/021.json,SCRATCH,tone-v2,KEEP_SCRATCH,,false
docs/tone-v2/_audit_scratch/sentence_assembly_trace/021.md,SCRATCH,tone-v2,KEEP_SCRATCH,,false
docs/tone-v2/_audit_scratch/sentence_assembly_trace/022.json,SCRATCH,tone-v2,KEEP_SCRATCH,,false
docs/tone-v2/_audit_scratch/sentence_assembly_trace/022.md,SCRATCH,tone-v2,KEEP_SCRATCH,,false
docs/tone-v2/_audit_scratch/sentence_assembly_trace/023.json,SCRATCH,tone-v2,KEEP_SCRATCH,,false
docs/tone-v2/_audit_scratch/sentence_assembly_trace/023.md,SCRATCH,tone-v2,KEEP_SCRATCH,,false
docs/tone-v2/_audit_scratch/sentence_assembly_trace/024.json,SCRATCH,tone-v2,KEEP_SCRATCH,,false
docs/tone-v2/_audit_scratch/sentence_assembly_trace/024.md,SCRATCH,tone-v2,KEEP_SCRATCH,,false
docs/tone-v2/_audit_scratch/sentence_assembly_trace/025.json,SCRATCH,tone-v2,KEEP_SCRATCH,,false
docs/tone-v2/_audit_scratch/sentence_assembly_trace/025.md,SCRATCH,tone-v2,KEEP_SCRATCH,,false
docs/tone-v2/_audit_scratch/sentence_assembly_trace/026.json,SCRATCH,tone-v2,KEEP_SCRATCH,,false
docs/tone-v2/_audit_scratch/sentence_assembly_trace/026.md,SCRATCH,tone-v2,KEEP_SCRATCH,,false
docs/tone-v2/_audit_scratch/sentence_assembly_trace/027.json,SCRATCH,tone-v2,KEEP_SCRATCH,,false
docs/tone-v2/_audit_scratch/sentence_assembly_trace/027.md,SCRATCH,tone-v2,KEEP_SCRATCH,,false
docs/tone-v2/_audit_scratch/sentence_assembly_trace/028.json,SCRATCH,tone-v2,KEEP_SCRATCH,,false
docs/tone-v2/_audit_scratch/sentence_assembly_trace/028.md,SCRATCH,tone-v2,KEEP_SCRATCH,,false
docs/tone-v2/_audit_scratch/sentence_assembly_trace/029.json,SCRATCH,tone-v2,KEEP_SCRATCH,,false
docs/tone-v2/_audit_scratch/sentence_assembly_trace/029.md,SCRATCH,tone-v2,KEEP_SCRATCH,,false
docs/tone-v2/_audit_scratch/sentence_assembly_trace/030.json,SCRATCH,tone-v2,KEEP_SCRATCH,,false
docs/tone-v2/_audit_scratch/sentence_assembly_trace/030.md,SCRATCH,tone-v2,KEEP_SCRATCH,,false
docs/tone-v2/_audit_scratch/sentence_assembly_trace/031.json,SCRATCH,tone-v2,KEEP_SCRATCH,,false
docs/tone-v2/_audit_scratch/sentence_assembly_trace/031.md,SCRATCH,tone-v2,KEEP_SCRATCH,,false
docs/tone-v2/_audit_scratch/sentence_assembly_trace/032.json,SCRATCH,tone-v2,KEEP_SCRATCH,,false
docs/tone-v2/_audit_scratch/sentence_assembly_trace/032.md,SCRATCH,tone-v2,KEEP_SCRATCH,,false
docs/tone-v2/_audit_scratch/sentence_assembly_trace/033.json,SCRATCH,tone-v2,KEEP_SCRATCH,,false
docs/tone-v2/_audit_scratch/sentence_assembly_trace/033.md,SCRATCH,tone-v2,KEEP_SCRATCH,,false
docs/tone-v2/_audit_scratch/sentence_assembly_trace/034.json,SCRATCH,tone-v2,KEEP_SCRATCH,,false
docs/tone-v2/_audit_scratch/sentence_assembly_trace/034.md,SCRATCH,tone-v2,KEEP_SCRATCH,,false
docs/tone-v2/_audit_scratch/sentence_assembly_trace/035.json,SCRATCH,tone-v2,KEEP_SCRATCH,,false
docs/tone-v2/_audit_scratch/sentence_assembly_trace/035.md,SCRATCH,tone-v2,KEEP_SCRATCH,,false
docs/tone-v2/_audit_scratch/sentence_assembly_trace/036.json,SCRATCH,tone-v2,KEEP_SCRATCH,,false
docs/tone-v2/_audit_scratch/sentence_assembly_trace/036.md,SCRATCH,tone-v2,KEEP_SCRATCH,,false
docs/tone-v2/_audit_scratch/sentence_assembly_trace/037.json,SCRATCH,tone-v2,KEEP_SCRATCH,,false
docs/tone-v2/_audit_scratch/sentence_assembly_trace/037.md,SCRATCH,tone-v2,KEEP_SCRATCH,,false
docs/tone-v2/_audit_scratch/sentence_assembly_trace/038.json,SCRATCH,tone-v2,KEEP_SCRATCH,,false
docs/tone-v2/_audit_scratch/sentence_assembly_trace/038.md,SCRATCH,tone-v2,KEEP_SCRATCH,,false
docs/tone-v2/_audit_scratch/sentence_assembly_trace/039.json,SCRATCH,tone-v2,KEEP_SCRATCH,,false
docs/tone-v2/_audit_scratch/sentence_assembly_trace/039.md,SCRATCH,tone-v2,KEEP_SCRATCH,,false
docs/tone-v2/_audit_scratch/sentence_assembly_trace/040.json,SCRATCH,tone-v2,KEEP_SCRATCH,,false
docs/tone-v2/_audit_scratch/sentence_assembly_trace/040.md,SCRATCH,tone-v2,KEEP_SCRATCH,,false
docs/tone-v2/_audit_scratch/sentence_assembly_trace/041.json,SCRATCH,tone-v2,KEEP_SCRATCH,,false
docs/tone-v2/_audit_scratch/sentence_assembly_trace/041.md,SCRATCH,tone-v2,KEEP_SCRATCH,,false
docs/tone-v2/_audit_scratch/sentence_assembly_trace/042.json,SCRATCH,tone-v2,KEEP_SCRATCH,,false
docs/tone-v2/_audit_scratch/sentence_assembly_trace/042.md,SCRATCH,tone-v2,KEEP_SCRATCH,,false
docs/tone-v2/_audit_scratch/sentence_assembly_trace/043.json,SCRATCH,tone-v2,KEEP_SCRATCH,,false
docs/tone-v2/_audit_scratch/sentence_assembly_trace/043.md,SCRATCH,tone-v2,KEEP_SCRATCH,,false
docs/tone-v2/_audit_scratch/sentence_assembly_trace/044.json,SCRATCH,tone-v2,KEEP_SCRATCH,,false
docs/tone-v2/_audit_scratch/sentence_assembly_trace/044.md,SCRATCH,tone-v2,KEEP_SCRATCH,,false
docs/tone-v2/_audit_scratch/sentence_assembly_trace/045.json,SCRATCH,tone-v2,KEEP_SCRATCH,,false
docs/tone-v2/_audit_scratch/sentence_assembly_trace/045.md,SCRATCH,tone-v2,KEEP_SCRATCH,,false
docs/tone-v2/_audit_scratch/sentence_assembly_trace/046.json,SCRATCH,tone-v2,KEEP_SCRATCH,,false
docs/tone-v2/_audit_scratch/sentence_assembly_trace/046.md,SCRATCH,tone-v2,KEEP_SCRATCH,,false
docs/tone-v2/_audit_scratch/sentence_assembly_trace/047.json,SCRATCH,tone-v2,KEEP_SCRATCH,,false
docs/tone-v2/_audit_scratch/sentence_assembly_trace/047.md,SCRATCH,tone-v2,KEEP_SCRATCH,,false
docs/tone-v2/_audit_scratch/sentence_assembly_trace/048.json,SCRATCH,tone-v2,KEEP_SCRATCH,,false
docs/tone-v2/_audit_scratch/sentence_assembly_trace/048.md,SCRATCH,tone-v2,KEEP_SCRATCH,,false
docs/tone-v2/_audit_scratch/sentence_assembly_trace/049.json,SCRATCH,tone-v2,KEEP_SCRATCH,,false
docs/tone-v2/_audit_scratch/sentence_assembly_trace/049.md,SCRATCH,tone-v2,KEEP_SCRATCH,,false
docs/tone-v2/_audit_scratch/sentence_assembly_trace/050.json,SCRATCH,tone-v2,KEEP_SCRATCH,,false
docs/tone-v2/_audit_scratch/sentence_assembly_trace/050.md,SCRATCH,tone-v2,KEEP_SCRATCH,,false
docs/tone-v2/_audit_scratch/sentence_assembly_trace/051.json,SCRATCH,tone-v2,KEEP_SCRATCH,,false
docs/tone-v2/_audit_scratch/sentence_assembly_trace/051.md,SCRATCH,tone-v2,KEEP_SCRATCH,,false
docs/tone-v2/_audit_scratch/sentence_assembly_trace/052.json,SCRATCH,tone-v2,KEEP_SCRATCH,,false
docs/tone-v2/_audit_scratch/sentence_assembly_trace/052.md,SCRATCH,tone-v2,KEEP_SCRATCH,,false
docs/tone-v2/_audit_scratch/sentence_assembly_trace/053.json,SCRATCH,tone-v2,KEEP_SCRATCH,,false
docs/tone-v2/_audit_scratch/sentence_assembly_trace/053.md,SCRATCH,tone-v2,KEEP_SCRATCH,,false
docs/tone-v2/_audit_scratch/sentence_assembly_trace/054.json,SCRATCH,tone-v2,KEEP_SCRATCH,,false
docs/tone-v2/_audit_scratch/sentence_assembly_trace/054.md,SCRATCH,tone-v2,KEEP_SCRATCH,,false
docs/tone-v2/_audit_scratch/sentence_assembly_trace/055.json,SCRATCH,tone-v2,KEEP_SCRATCH,,false
docs/tone-v2/_audit_scratch/sentence_assembly_trace/055.md,SCRATCH,tone-v2,KEEP_SCRATCH,,false
docs/tone-v2/_audit_scratch/sentence_assembly_trace/056.json,SCRATCH,tone-v2,KEEP_SCRATCH,,false
docs/tone-v2/_audit_scratch/sentence_assembly_trace/056.md,SCRATCH,tone-v2,KEEP_SCRATCH,,false
docs/tone-v2/_audit_scratch/sentence_assembly_trace/057.json,SCRATCH,tone-v2,KEEP_SCRATCH,,false
docs/tone-v2/_audit_scratch/sentence_assembly_trace/057.md,SCRATCH,tone-v2,KEEP_SCRATCH,,false
docs/tone-v2/_audit_scratch/sentence_assembly_trace/058.json,SCRATCH,tone-v2,KEEP_SCRATCH,,false
docs/tone-v2/_audit_scratch/sentence_assembly_trace/058.md,SCRATCH,tone-v2,KEEP_SCRATCH,,false
docs/tone-v2/_audit_scratch/sentence_assembly_trace/059.json,SCRATCH,tone-v2,KEEP_SCRATCH,,false
docs/tone-v2/_audit_scratch/sentence_assembly_trace/059.md,SCRATCH,tone-v2,KEEP_SCRATCH,,false
docs/tone-v2/_audit_scratch/sentence_assembly_trace/060.json,SCRATCH,tone-v2,KEEP_SCRATCH,,false
docs/tone-v2/_audit_scratch/sentence_assembly_trace/060.md,SCRATCH,tone-v2,KEEP_SCRATCH,,false
docs/tone-v2/_audit_scratch/sentence_assembly_trace/061.json,SCRATCH,tone-v2,KEEP_SCRATCH,,false
docs/tone-v2/_audit_scratch/sentence_assembly_trace/061.md,SCRATCH,tone-v2,KEEP_SCRATCH,,false
docs/tone-v2/_audit_scratch/sentence_assembly_trace/062.json,SCRATCH,tone-v2,KEEP_SCRATCH,,false
docs/tone-v2/_audit_scratch/sentence_assembly_trace/062.md,SCRATCH,tone-v2,KEEP_SCRATCH,,false
docs/tone-v2/_audit_scratch/sentence_assembly_trace/063.json,SCRATCH,tone-v2,KEEP_SCRATCH,,false
docs/tone-v2/_audit_scratch/sentence_assembly_trace/063.md,SCRATCH,tone-v2,KEEP_SCRATCH,,false
docs/tone-v2/_audit_scratch/sentence_assembly_trace/064.json,SCRATCH,tone-v2,KEEP_SCRATCH,,false
docs/tone-v2/_audit_scratch/sentence_assembly_trace/064.md,SCRATCH,tone-v2,KEEP_SCRATCH,,false
docs/tone-v2/_audit_scratch/sentence_assembly_trace/065.json,SCRATCH,tone-v2,KEEP_SCRATCH,,false
docs/tone-v2/_audit_scratch/sentence_assembly_trace/065.md,SCRATCH,tone-v2,KEEP_SCRATCH,,false
docs/tone-v2/_audit_scratch/sentence_assembly_trace/066.json,SCRATCH,tone-v2,KEEP_SCRATCH,,false
docs/tone-v2/_audit_scratch/sentence_assembly_trace/066.md,SCRATCH,tone-v2,KEEP_SCRATCH,,false
docs/tone-v2/_audit_scratch/sentence_assembly_trace/067.json,SCRATCH,tone-v2,KEEP_SCRATCH,,false
docs/tone-v2/_audit_scratch/sentence_assembly_trace/067.md,SCRATCH,tone-v2,KEEP_SCRATCH,,false
docs/tone-v2/_audit_scratch/sentence_assembly_trace/068.json,SCRATCH,tone-v2,KEEP_SCRATCH,,false
docs/tone-v2/_audit_scratch/sentence_assembly_trace/068.md,SCRATCH,tone-v2,KEEP_SCRATCH,,false
docs/tone-v2/_audit_scratch/sentence_assembly_trace/069.json,SCRATCH,tone-v2,KEEP_SCRATCH,,false
docs/tone-v2/_audit_scratch/sentence_assembly_trace/069.md,SCRATCH,tone-v2,KEEP_SCRATCH,,false
docs/tone-v2/_audit_scratch/sentence_assembly_trace/070.json,SCRATCH,tone-v2,KEEP_SCRATCH,,false
docs/tone-v2/_audit_scratch/sentence_assembly_trace/070.md,SCRATCH,tone-v2,KEEP_SCRATCH,,false
docs/tone-v2/_audit_scratch/sentence_assembly_trace/071.json,SCRATCH,tone-v2,KEEP_SCRATCH,,false
docs/tone-v2/_audit_scratch/sentence_assembly_trace/071.md,SCRATCH,tone-v2,KEEP_SCRATCH,,false
docs/tone-v2/_audit_scratch/sentence_assembly_trace/072.json,SCRATCH,tone-v2,KEEP_SCRATCH,,false
docs/tone-v2/_audit_scratch/sentence_assembly_trace/072.md,SCRATCH,tone-v2,KEEP_SCRATCH,,false
docs/tone-v2/_audit_scratch/sentence_assembly_trace/073.json,SCRATCH,tone-v2,KEEP_SCRATCH,,false
docs/tone-v2/_audit_scratch/sentence_assembly_trace/073.md,SCRATCH,tone-v2,KEEP_SCRATCH,,false
docs/tone-v2/_audit_scratch/sentence_assembly_trace/074.json,SCRATCH,tone-v2,KEEP_SCRATCH,,false
docs/tone-v2/_audit_scratch/sentence_assembly_trace/074.md,SCRATCH,tone-v2,KEEP_SCRATCH,,false
docs/tone-v2/_audit_scratch/sentence_assembly_trace/075.json,SCRATCH,tone-v2,KEEP_SCRATCH,,false
docs/tone-v2/_audit_scratch/sentence_assembly_trace/075.md,SCRATCH,tone-v2,KEEP_SCRATCH,,false
docs/tone-v2/_audit_scratch/sentence_assembly_trace/076.json,SCRATCH,tone-v2,KEEP_SCRATCH,,false
docs/tone-v2/_audit_scratch/sentence_assembly_trace/076.md,SCRATCH,tone-v2,KEEP_SCRATCH,,false
docs/tone-v2/_audit_scratch/sentence_assembly_trace/077.json,SCRATCH,tone-v2,KEEP_SCRATCH,,false
docs/tone-v2/_audit_scratch/sentence_assembly_trace/077.md,SCRATCH,tone-v2,KEEP_SCRATCH,,false
docs/tone-v2/_audit_scratch/sentence_assembly_trace/078.json,SCRATCH,tone-v2,KEEP_SCRATCH,,false
docs/tone-v2/_audit_scratch/sentence_assembly_trace/078.md,SCRATCH,tone-v2,KEEP_SCRATCH,,false
docs/tone-v2/_audit_scratch/sentence_assembly_trace/079.json,SCRATCH,tone-v2,KEEP_SCRATCH,,false
docs/tone-v2/_audit_scratch/sentence_assembly_trace/079.md,SCRATCH,tone-v2,KEEP_SCRATCH,,false
docs/tone-v2/_audit_scratch/sentence_assembly_trace/080.json,SCRATCH,tone-v2,KEEP_SCRATCH,,false
docs/tone-v2/_audit_scratch/sentence_assembly_trace/080.md,SCRATCH,tone-v2,KEEP_SCRATCH,,false
docs/tone-v2/_audit_scratch/sentence_assembly_trace/081.json,SCRATCH,tone-v2,KEEP_SCRATCH,,false
docs/tone-v2/_audit_scratch/sentence_assembly_trace/081.md,SCRATCH,tone-v2,KEEP_SCRATCH,,false
docs/tone-v2/_audit_scratch/sentence_assembly_trace/082.json,SCRATCH,tone-v2,KEEP_SCRATCH,,false
docs/tone-v2/_audit_scratch/sentence_assembly_trace/082.md,SCRATCH,tone-v2,KEEP_SCRATCH,,false
docs/tone-v2/_audit_scratch/sentence_assembly_trace/083.json,SCRATCH,tone-v2,KEEP_SCRATCH,,false
docs/tone-v2/_audit_scratch/sentence_assembly_trace/083.md,SCRATCH,tone-v2,KEEP_SCRATCH,,false
docs/tone-v2/_audit_scratch/sentence_assembly_trace/084.json,SCRATCH,tone-v2,KEEP_SCRATCH,,false
docs/tone-v2/_audit_scratch/sentence_assembly_trace/084.md,SCRATCH,tone-v2,KEEP_SCRATCH,,false
docs/tone-v2/_audit_scratch/sentence_assembly_trace/085.json,SCRATCH,tone-v2,KEEP_SCRATCH,,false
docs/tone-v2/_audit_scratch/sentence_assembly_trace/085.md,SCRATCH,tone-v2,KEEP_SCRATCH,,false
docs/tone-v2/_audit_scratch/sentence_assembly_trace/086.json,SCRATCH,tone-v2,KEEP_SCRATCH,,false
docs/tone-v2/_audit_scratch/sentence_assembly_trace/086.md,SCRATCH,tone-v2,KEEP_SCRATCH,,false
docs/tone-v2/_audit_scratch/sentence_assembly_trace/087.json,SCRATCH,tone-v2,KEEP_SCRATCH,,false
docs/tone-v2/_audit_scratch/sentence_assembly_trace/087.md,SCRATCH,tone-v2,KEEP_SCRATCH,,false
docs/tone-v2/_audit_scratch/sentence_assembly_trace/088.json,SCRATCH,tone-v2,KEEP_SCRATCH,,false
docs/tone-v2/_audit_scratch/sentence_assembly_trace/088.md,SCRATCH,tone-v2,KEEP_SCRATCH,,false
docs/tone-v2/_audit_scratch/sentence_assembly_trace/089.json,SCRATCH,tone-v2,KEEP_SCRATCH,,false
docs/tone-v2/_audit_scratch/sentence_assembly_trace/089.md,SCRATCH,tone-v2,KEEP_SCRATCH,,false
docs/tone-v2/_audit_scratch/sentence_assembly_trace/090.json,SCRATCH,tone-v2,KEEP_SCRATCH,,false
docs/tone-v2/_audit_scratch/sentence_assembly_trace/090.md,SCRATCH,tone-v2,KEEP_SCRATCH,,false
docs/tone-v2/_audit_scratch/sentence_assembly_trace/091.json,SCRATCH,tone-v2,KEEP_SCRATCH,,false
docs/tone-v2/_audit_scratch/sentence_assembly_trace/091.md,SCRATCH,tone-v2,KEEP_SCRATCH,,false
docs/tone-v2/_audit_scratch/sentence_assembly_trace/092.json,SCRATCH,tone-v2,KEEP_SCRATCH,,false
docs/tone-v2/_audit_scratch/sentence_assembly_trace/092.md,SCRATCH,tone-v2,KEEP_SCRATCH,,false
docs/tone-v2/_audit_scratch/sentence_assembly_trace/093.json,SCRATCH,tone-v2,KEEP_SCRATCH,,false
docs/tone-v2/_audit_scratch/sentence_assembly_trace/093.md,SCRATCH,tone-v2,KEEP_SCRATCH,,false
docs/tone-v2/_audit_scratch/sentence_assembly_trace/094.json,SCRATCH,tone-v2,KEEP_SCRATCH,,false
docs/tone-v2/_audit_scratch/sentence_assembly_trace/094.md,SCRATCH,tone-v2,KEEP_SCRATCH,,false
docs/tone-v2/_audit_scratch/sentence_assembly_trace/095.json,SCRATCH,tone-v2,KEEP_SCRATCH,,false
docs/tone-v2/_audit_scratch/sentence_assembly_trace/095.md,SCRATCH,tone-v2,KEEP_SCRATCH,,false
docs/tone-v2/_audit_scratch/sentence_assembly_trace/096.json,SCRATCH,tone-v2,KEEP_SCRATCH,,false
docs/tone-v2/_audit_scratch/sentence_assembly_trace/096.md,SCRATCH,tone-v2,KEEP_SCRATCH,,false
docs/tone-v2/_audit_scratch/sentence_assembly_trace/097.json,SCRATCH,tone-v2,KEEP_SCRATCH,,false
docs/tone-v2/_audit_scratch/sentence_assembly_trace/097.md,SCRATCH,tone-v2,KEEP_SCRATCH,,false
docs/tone-v2/_audit_scratch/sentence_assembly_trace/098.json,SCRATCH,tone-v2,KEEP_SCRATCH,,false
docs/tone-v2/_audit_scratch/sentence_assembly_trace/098.md,SCRATCH,tone-v2,KEEP_SCRATCH,,false
docs/tone-v2/_audit_scratch/sentence_assembly_trace/099.json,SCRATCH,tone-v2,KEEP_SCRATCH,,false
docs/tone-v2/_audit_scratch/sentence_assembly_trace/099.md,SCRATCH,tone-v2,KEEP_SCRATCH,,false
docs/tone-v2/_audit_scratch/sentence_assembly_trace/100.json,SCRATCH,tone-v2,KEEP_SCRATCH,,false
docs/tone-v2/_audit_scratch/sentence_assembly_trace/100.md,SCRATCH,tone-v2,KEEP_SCRATCH,,false
docs/tone-v2/_audit_scratch/sentence_assembly_trace/101.json,SCRATCH,tone-v2,KEEP_SCRATCH,,false
docs/tone-v2/_audit_scratch/sentence_assembly_trace/101.md,SCRATCH,tone-v2,KEEP_SCRATCH,,false
docs/tone-v2/_audit_scratch/sentence_assembly_trace/102.json,SCRATCH,tone-v2,KEEP_SCRATCH,,false
docs/tone-v2/_audit_scratch/sentence_assembly_trace/102.md,SCRATCH,tone-v2,KEEP_SCRATCH,,false
docs/tone-v2/_audit_scratch/sentence_assembly_trace/103.json,SCRATCH,tone-v2,KEEP_SCRATCH,,false
docs/tone-v2/_audit_scratch/sentence_assembly_trace/103.md,SCRATCH,tone-v2,KEEP_SCRATCH,,false
docs/tone-v2/_audit_scratch/sentence_assembly_trace/104.json,SCRATCH,tone-v2,KEEP_SCRATCH,,false
docs/tone-v2/_audit_scratch/sentence_assembly_trace/104.md,SCRATCH,tone-v2,KEEP_SCRATCH,,false
docs/tone-v2/_audit_scratch/sentence_assembly_trace/105.json,SCRATCH,tone-v2,KEEP_SCRATCH,,false
docs/tone-v2/_audit_scratch/sentence_assembly_trace/105.md,SCRATCH,tone-v2,KEEP_SCRATCH,,false
docs/tone-v2/_audit_scratch/sentence_assembly_trace/106.json,SCRATCH,tone-v2,KEEP_SCRATCH,,false
docs/tone-v2/_audit_scratch/sentence_assembly_trace/106.md,SCRATCH,tone-v2,KEEP_SCRATCH,,false
docs/tone-v2/_audit_scratch/sentence_assembly_trace/107.json,SCRATCH,tone-v2,KEEP_SCRATCH,,false
docs/tone-v2/_audit_scratch/sentence_assembly_trace/107.md,SCRATCH,tone-v2,KEEP_SCRATCH,,false
docs/tone-v2/_audit_scratch/sentence_assembly_trace/108.json,SCRATCH,tone-v2,KEEP_SCRATCH,,false
docs/tone-v2/_audit_scratch/sentence_assembly_trace/108.md,SCRATCH,tone-v2,KEEP_SCRATCH,,false
docs/tone-v2/_audit_scratch/sentence_assembly_trace/109.json,SCRATCH,tone-v2,KEEP_SCRATCH,,false
docs/tone-v2/_audit_scratch/sentence_assembly_trace/109.md,SCRATCH,tone-v2,KEEP_SCRATCH,,false
docs/tone-v2/_audit_scratch/sentence_assembly_trace/110.json,SCRATCH,tone-v2,KEEP_SCRATCH,,false
docs/tone-v2/_audit_scratch/sentence_assembly_trace/110.md,SCRATCH,tone-v2,KEEP_SCRATCH,,false
docs/tone-v2/_audit_scratch/sentence_assembly_trace/111.json,SCRATCH,tone-v2,KEEP_SCRATCH,,false
docs/tone-v2/_audit_scratch/sentence_assembly_trace/111.md,SCRATCH,tone-v2,KEEP_SCRATCH,,false
docs/tone-v2/_audit_scratch/sentence_assembly_trace/112.json,SCRATCH,tone-v2,KEEP_SCRATCH,,false
docs/tone-v2/_audit_scratch/sentence_assembly_trace/112.md,SCRATCH,tone-v2,KEEP_SCRATCH,,false
docs/tone-v2/_audit_scratch/sentence_assembly_trace/113.json,SCRATCH,tone-v2,KEEP_SCRATCH,,false
docs/tone-v2/_audit_scratch/sentence_assembly_trace/113.md,SCRATCH,tone-v2,KEEP_SCRATCH,,false
docs/tone-v2/_audit_scratch/sentence_assembly_trace/114.json,SCRATCH,tone-v2,KEEP_SCRATCH,,false
docs/tone-v2/_audit_scratch/sentence_assembly_trace/114.md,SCRATCH,tone-v2,KEEP_SCRATCH,,false
docs/tone-v2/_audit_scratch/sentence_assembly_trace/115.json,SCRATCH,tone-v2,KEEP_SCRATCH,,false
docs/tone-v2/_audit_scratch/sentence_assembly_trace/115.md,SCRATCH,tone-v2,KEEP_SCRATCH,,false
docs/tone-v2/_audit_scratch/sentence_assembly_trace/116.json,SCRATCH,tone-v2,KEEP_SCRATCH,,false
docs/tone-v2/_audit_scratch/sentence_assembly_trace/116.md,SCRATCH,tone-v2,KEEP_SCRATCH,,false
docs/tone-v2/_audit_scratch/sentence_assembly_trace/117.json,SCRATCH,tone-v2,KEEP_SCRATCH,,false
docs/tone-v2/_audit_scratch/sentence_assembly_trace/117.md,SCRATCH,tone-v2,KEEP_SCRATCH,,false
docs/tone-v2/_audit_scratch/sentence_assembly_trace/118.json,SCRATCH,tone-v2,KEEP_SCRATCH,,false
docs/tone-v2/_audit_scratch/sentence_assembly_trace/118.md,SCRATCH,tone-v2,KEEP_SCRATCH,,false
docs/tone-v2/_audit_scratch/sentence_assembly_trace/119.json,SCRATCH,tone-v2,KEEP_SCRATCH,,false
docs/tone-v2/_audit_scratch/sentence_assembly_trace/119.md,SCRATCH,tone-v2,KEEP_SCRATCH,,false
docs/tone-v2/_audit_scratch/sentence_assembly_trace/120.json,SCRATCH,tone-v2,KEEP_SCRATCH,,false
docs/tone-v2/_audit_scratch/sentence_assembly_trace/120.md,SCRATCH,tone-v2,KEEP_SCRATCH,,false
docs/tone-v2/_audit_scratch/sentence_assembly_trace/121.json,SCRATCH,tone-v2,KEEP_SCRATCH,,false
docs/tone-v2/_audit_scratch/sentence_assembly_trace/121.md,SCRATCH,tone-v2,KEEP_SCRATCH,,false
docs/tone-v2/_audit_scratch/sentence_assembly_trace/122.json,SCRATCH,tone-v2,KEEP_SCRATCH,,false
docs/tone-v2/_audit_scratch/sentence_assembly_trace/122.md,SCRATCH,tone-v2,KEEP_SCRATCH,,false
docs/tone-v2/_audit_scratch/sentence_assembly_trace/123.json,SCRATCH,tone-v2,KEEP_SCRATCH,,false
docs/tone-v2/_audit_scratch/sentence_assembly_trace/123.md,SCRATCH,tone-v2,KEEP_SCRATCH,,false
docs/tone-v2/_audit_scratch/sentence_assembly_trace/124.json,SCRATCH,tone-v2,KEEP_SCRATCH,,false
docs/tone-v2/_audit_scratch/sentence_assembly_trace/124.md,SCRATCH,tone-v2,KEEP_SCRATCH,,false
docs/tone-v2/_audit_scratch/sentence_assembly_trace/125.json,SCRATCH,tone-v2,KEEP_SCRATCH,,false
docs/tone-v2/_audit_scratch/sentence_assembly_trace/125.md,SCRATCH,tone-v2,KEEP_SCRATCH,,false
docs/tone-v2/_audit_scratch/sentence_assembly_trace/126.json,SCRATCH,tone-v2,KEEP_SCRATCH,,false
docs/tone-v2/_audit_scratch/sentence_assembly_trace/126.md,SCRATCH,tone-v2,KEEP_SCRATCH,,false
docs/tone-v2/_audit_scratch/sentence_assembly_trace/127.json,SCRATCH,tone-v2,KEEP_SCRATCH,,false
docs/tone-v2/_audit_scratch/sentence_assembly_trace/127.md,SCRATCH,tone-v2,KEEP_SCRATCH,,false
docs/tone-v2/_audit_scratch/sentence_assembly_trace/128.json,SCRATCH,tone-v2,KEEP_SCRATCH,,false
docs/tone-v2/_audit_scratch/sentence_assembly_trace/128.md,SCRATCH,tone-v2,KEEP_SCRATCH,,false
docs/tone-v2/_audit_scratch/sentence_assembly_trace/129.json,SCRATCH,tone-v2,KEEP_SCRATCH,,false
docs/tone-v2/_audit_scratch/sentence_assembly_trace/129.md,SCRATCH,tone-v2,KEEP_SCRATCH,,false
docs/tone-v2/_audit_scratch/sentence_assembly_trace/130.json,SCRATCH,tone-v2,KEEP_SCRATCH,,false
docs/tone-v2/_audit_scratch/sentence_assembly_trace/130.md,SCRATCH,tone-v2,KEEP_SCRATCH,,false
docs/tone-v2/_audit_scratch/sentence_assembly_trace/131.json,SCRATCH,tone-v2,KEEP_SCRATCH,,false
docs/tone-v2/_audit_scratch/sentence_assembly_trace/131.md,SCRATCH,tone-v2,KEEP_SCRATCH,,false
docs/tone-v2/_audit_scratch/sentence_assembly_trace/132.json,SCRATCH,tone-v2,KEEP_SCRATCH,,false
docs/tone-v2/_audit_scratch/sentence_assembly_trace/132.md,SCRATCH,tone-v2,KEEP_SCRATCH,,false
docs/tone-v2/_audit_scratch/sentence_assembly_trace/133.json,SCRATCH,tone-v2,KEEP_SCRATCH,,false
docs/tone-v2/_audit_scratch/sentence_assembly_trace/133.md,SCRATCH,tone-v2,KEEP_SCRATCH,,false
docs/tone-v2/_audit_scratch/sentence_assembly_trace/134.json,SCRATCH,tone-v2,KEEP_SCRATCH,,false
docs/tone-v2/_audit_scratch/sentence_assembly_trace/134.md,SCRATCH,tone-v2,KEEP_SCRATCH,,false
docs/tone-v2/_audit_scratch/sentence_assembly_trace/135.json,SCRATCH,tone-v2,KEEP_SCRATCH,,false
docs/tone-v2/_audit_scratch/sentence_assembly_trace/135.md,SCRATCH,tone-v2,KEEP_SCRATCH,,false
docs/tone-v2/_audit_scratch/sentence_assembly_trace/136.json,SCRATCH,tone-v2,KEEP_SCRATCH,,false
docs/tone-v2/_audit_scratch/sentence_assembly_trace/136.md,SCRATCH,tone-v2,KEEP_SCRATCH,,false
docs/tone-v2/_audit_scratch/sentence_assembly_trace/137.json,SCRATCH,tone-v2,KEEP_SCRATCH,,false
docs/tone-v2/_audit_scratch/sentence_assembly_trace/137.md,SCRATCH,tone-v2,KEEP_SCRATCH,,false
docs/tone-v2/_audit_scratch/sentence_assembly_trace/138.json,SCRATCH,tone-v2,KEEP_SCRATCH,,false
docs/tone-v2/_audit_scratch/sentence_assembly_trace/138.md,SCRATCH,tone-v2,KEEP_SCRATCH,,false
docs/tone-v2/_audit_scratch/sentence_assembly_trace/139.json,SCRATCH,tone-v2,KEEP_SCRATCH,,false
docs/tone-v2/_audit_scratch/sentence_assembly_trace/139.md,SCRATCH,tone-v2,KEEP_SCRATCH,,false
docs/tone-v2/_audit_scratch/sentence_assembly_trace/140.json,SCRATCH,tone-v2,KEEP_SCRATCH,,false
docs/tone-v2/_audit_scratch/sentence_assembly_trace/140.md,SCRATCH,tone-v2,KEEP_SCRATCH,,false
docs/tone-v2/_audit_scratch/sentence_assembly_trace/141.json,SCRATCH,tone-v2,KEEP_SCRATCH,,false
docs/tone-v2/_audit_scratch/sentence_assembly_trace/141.md,SCRATCH,tone-v2,KEEP_SCRATCH,,false
docs/tone-v2/_audit_scratch/sentence_assembly_trace/142.json,SCRATCH,tone-v2,KEEP_SCRATCH,,false
docs/tone-v2/_audit_scratch/sentence_assembly_trace/142.md,SCRATCH,tone-v2,KEEP_SCRATCH,,false
docs/tone-v2/_audit_scratch/sentence_assembly_trace/143.json,SCRATCH,tone-v2,KEEP_SCRATCH,,false
docs/tone-v2/_audit_scratch/sentence_assembly_trace/143.md,SCRATCH,tone-v2,KEEP_SCRATCH,,false
docs/tone-v2/_audit_scratch/sentence_assembly_trace/144.json,SCRATCH,tone-v2,KEEP_SCRATCH,,false
docs/tone-v2/_audit_scratch/sentence_assembly_trace/144.md,SCRATCH,tone-v2,KEEP_SCRATCH,,false
docs/tone-v2/_audit_scratch/sentence_assembly_trace/145.json,SCRATCH,tone-v2,KEEP_SCRATCH,,false
docs/tone-v2/_audit_scratch/sentence_assembly_trace/145.md,SCRATCH,tone-v2,KEEP_SCRATCH,,false
docs/tone-v2/_audit_scratch/sentence_assembly_trace/146.json,SCRATCH,tone-v2,KEEP_SCRATCH,,false
docs/tone-v2/_audit_scratch/sentence_assembly_trace/146.md,SCRATCH,tone-v2,KEEP_SCRATCH,,false
docs/tone-v2/_audit_scratch/sentence_assembly_trace/147.json,SCRATCH,tone-v2,KEEP_SCRATCH,,false
docs/tone-v2/_audit_scratch/sentence_assembly_trace/147.md,SCRATCH,tone-v2,KEEP_SCRATCH,,false
docs/tone-v2/_audit_scratch/sentence_assembly_trace/148.json,SCRATCH,tone-v2,KEEP_SCRATCH,,false
docs/tone-v2/_audit_scratch/sentence_assembly_trace/148.md,SCRATCH,tone-v2,KEEP_SCRATCH,,false
docs/tone-v2/_audit_scratch/sentence_assembly_trace/149.json,SCRATCH,tone-v2,KEEP_SCRATCH,,false
docs/tone-v2/_audit_scratch/sentence_assembly_trace/149.md,SCRATCH,tone-v2,KEEP_SCRATCH,,false
docs/tone-v2/_audit_scratch/sentence_assembly_trace/150.json,SCRATCH,tone-v2,KEEP_SCRATCH,,false
docs/tone-v2/_audit_scratch/sentence_assembly_trace/150.md,SCRATCH,tone-v2,KEEP_SCRATCH,,false
docs/tone-v2/_audit_scratch/sentence_assembly_trace/151.json,SCRATCH,tone-v2,KEEP_SCRATCH,,false
docs/tone-v2/_audit_scratch/sentence_assembly_trace/151.md,SCRATCH,tone-v2,KEEP_SCRATCH,,false
docs/tone-v2/_audit_scratch/sentence_assembly_trace/152.json,SCRATCH,tone-v2,KEEP_SCRATCH,,false
docs/tone-v2/_audit_scratch/sentence_assembly_trace/152.md,SCRATCH,tone-v2,KEEP_SCRATCH,,false
docs/tone-v2/_audit_scratch/sentence_assembly_trace/153.json,SCRATCH,tone-v2,KEEP_SCRATCH,,false
docs/tone-v2/_audit_scratch/sentence_assembly_trace/153.md,SCRATCH,tone-v2,KEEP_SCRATCH,,false
docs/tone-v2/_audit_scratch/sentence_assembly_trace/154.json,SCRATCH,tone-v2,KEEP_SCRATCH,,false
docs/tone-v2/_audit_scratch/sentence_assembly_trace/154.md,SCRATCH,tone-v2,KEEP_SCRATCH,,false
docs/tone-v2/_audit_scratch/sentence_assembly_trace/155.json,SCRATCH,tone-v2,KEEP_SCRATCH,,false
docs/tone-v2/_audit_scratch/sentence_assembly_trace/155.md,SCRATCH,tone-v2,KEEP_SCRATCH,,false
docs/tone-v2/_audit_scratch/sentence_assembly_trace/156.json,SCRATCH,tone-v2,KEEP_SCRATCH,,false
docs/tone-v2/_audit_scratch/sentence_assembly_trace/156.md,SCRATCH,tone-v2,KEEP_SCRATCH,,false
docs/tone-v2/_audit_scratch/sentence_assembly_trace/157.json,SCRATCH,tone-v2,KEEP_SCRATCH,,false
docs/tone-v2/_audit_scratch/sentence_assembly_trace/157.md,SCRATCH,tone-v2,KEEP_SCRATCH,,false
docs/tone-v2/_audit_scratch/sentence_assembly_trace/158.json,SCRATCH,tone-v2,KEEP_SCRATCH,,false
docs/tone-v2/_audit_scratch/sentence_assembly_trace/158.md,SCRATCH,tone-v2,KEEP_SCRATCH,,false
docs/tone-v2/_audit_scratch/sentence_assembly_trace/159.json,SCRATCH,tone-v2,KEEP_SCRATCH,,false
docs/tone-v2/_audit_scratch/sentence_assembly_trace/159.md,SCRATCH,tone-v2,KEEP_SCRATCH,,false
docs/tone-v2/_audit_scratch/sentence_assembly_trace/160.json,SCRATCH,tone-v2,KEEP_SCRATCH,,false
docs/tone-v2/_audit_scratch/sentence_assembly_trace/160.md,SCRATCH,tone-v2,KEEP_SCRATCH,,false
docs/tone-v2/_audit_scratch/sentence_assembly_trace/161.json,SCRATCH,tone-v2,KEEP_SCRATCH,,false
docs/tone-v2/_audit_scratch/sentence_assembly_trace/161.md,SCRATCH,tone-v2,KEEP_SCRATCH,,false
docs/tone-v2/_audit_scratch/sentence_assembly_trace/162.json,SCRATCH,tone-v2,KEEP_SCRATCH,,false
docs/tone-v2/_audit_scratch/sentence_assembly_trace/162.md,SCRATCH,tone-v2,KEEP_SCRATCH,,false
docs/tone-v2/_audit_scratch/sentence_assembly_trace/163.json,SCRATCH,tone-v2,KEEP_SCRATCH,,false
docs/tone-v2/_audit_scratch/sentence_assembly_trace/163.md,SCRATCH,tone-v2,KEEP_SCRATCH,,false
docs/tone-v2/_audit_scratch/sentence_assembly_trace/164.json,SCRATCH,tone-v2,KEEP_SCRATCH,,false
docs/tone-v2/_audit_scratch/sentence_assembly_trace/164.md,SCRATCH,tone-v2,KEEP_SCRATCH,,false
docs/tone-v2/_audit_scratch/sentence_assembly_trace/165.json,SCRATCH,tone-v2,KEEP_SCRATCH,,false
docs/tone-v2/_audit_scratch/sentence_assembly_trace/165.md,SCRATCH,tone-v2,KEEP_SCRATCH,,false
docs/tone-v2/_audit_scratch/sentence_assembly_trace/166.json,SCRATCH,tone-v2,KEEP_SCRATCH,,false
docs/tone-v2/_audit_scratch/sentence_assembly_trace/166.md,SCRATCH,tone-v2,KEEP_SCRATCH,,false
docs/tone-v2/_audit_scratch/sentence_assembly_trace/167.json,SCRATCH,tone-v2,KEEP_SCRATCH,,false
docs/tone-v2/_audit_scratch/sentence_assembly_trace/167.md,SCRATCH,tone-v2,KEEP_SCRATCH,,false
docs/tone-v2/_audit_scratch/sentence_assembly_trace/168.json,SCRATCH,tone-v2,KEEP_SCRATCH,,false
docs/tone-v2/_audit_scratch/sentence_assembly_trace/168.md,SCRATCH,tone-v2,KEEP_SCRATCH,,false
docs/tone-v2/_audit_scratch/sentence_assembly_trace/169.json,SCRATCH,tone-v2,KEEP_SCRATCH,,false
docs/tone-v2/_audit_scratch/sentence_assembly_trace/169.md,SCRATCH,tone-v2,KEEP_SCRATCH,,false
docs/tone-v2/_audit_scratch/sentence_assembly_trace/170.json,SCRATCH,tone-v2,KEEP_SCRATCH,,false
docs/tone-v2/_audit_scratch/sentence_assembly_trace/170.md,SCRATCH,tone-v2,KEEP_SCRATCH,,false
docs/tone-v2/_audit_scratch/sentence_assembly_trace/171.json,SCRATCH,tone-v2,KEEP_SCRATCH,,false
docs/tone-v2/_audit_scratch/sentence_assembly_trace/171.md,SCRATCH,tone-v2,KEEP_SCRATCH,,false
docs/tone-v2/_audit_scratch/sentence_assembly_trace/172.json,SCRATCH,tone-v2,KEEP_SCRATCH,,false
docs/tone-v2/_audit_scratch/sentence_assembly_trace/172.md,SCRATCH,tone-v2,KEEP_SCRATCH,,false
docs/tone-v2/_audit_scratch/sentence_assembly_trace/173.json,SCRATCH,tone-v2,KEEP_SCRATCH,,false
docs/tone-v2/_audit_scratch/sentence_assembly_trace/173.md,SCRATCH,tone-v2,KEEP_SCRATCH,,false
docs/tone-v2/_audit_scratch/sentence_assembly_trace/174.json,SCRATCH,tone-v2,KEEP_SCRATCH,,false
docs/tone-v2/_audit_scratch/sentence_assembly_trace/174.md,SCRATCH,tone-v2,KEEP_SCRATCH,,false
docs/tone-v2/_audit_scratch/sentence_assembly_trace/175.json,SCRATCH,tone-v2,KEEP_SCRATCH,,false
docs/tone-v2/_audit_scratch/sentence_assembly_trace/175.md,SCRATCH,tone-v2,KEEP_SCRATCH,,false
docs/tone-v2/_audit_scratch/sentence_assembly_trace/176.json,SCRATCH,tone-v2,KEEP_SCRATCH,,false
docs/tone-v2/_audit_scratch/sentence_assembly_trace/176.md,SCRATCH,tone-v2,KEEP_SCRATCH,,false
docs/tone-v2/_audit_scratch/sentence_assembly_trace/177.json,SCRATCH,tone-v2,KEEP_SCRATCH,,false
docs/tone-v2/_audit_scratch/sentence_assembly_trace/177.md,SCRATCH,tone-v2,KEEP_SCRATCH,,false
docs/tone-v2/_audit_scratch/sentence_assembly_trace/178.json,SCRATCH,tone-v2,KEEP_SCRATCH,,false
docs/tone-v2/_audit_scratch/sentence_assembly_trace/178.md,SCRATCH,tone-v2,KEEP_SCRATCH,,false
docs/tone-v2/_audit_scratch/sentence_assembly_trace/179.json,SCRATCH,tone-v2,KEEP_SCRATCH,,false
docs/tone-v2/_audit_scratch/sentence_assembly_trace/179.md,SCRATCH,tone-v2,KEEP_SCRATCH,,false
docs/tone-v2/_audit_scratch/sentence_assembly_trace/180.json,SCRATCH,tone-v2,KEEP_SCRATCH,,false
docs/tone-v2/_audit_scratch/sentence_assembly_trace/180.md,SCRATCH,tone-v2,KEEP_SCRATCH,,false
docs/tone-v2/_audit_scratch/sentence_assembly_trace/181.json,SCRATCH,tone-v2,KEEP_SCRATCH,,false
docs/tone-v2/_audit_scratch/sentence_assembly_trace/181.md,SCRATCH,tone-v2,KEEP_SCRATCH,,false
docs/tone-v2/_audit_scratch/sentence_assembly_trace/182.json,SCRATCH,tone-v2,KEEP_SCRATCH,,false
docs/tone-v2/_audit_scratch/sentence_assembly_trace/182.md,SCRATCH,tone-v2,KEEP_SCRATCH,,false
docs/tone-v2/_audit_scratch/sentence_assembly_trace/183.json,SCRATCH,tone-v2,KEEP_SCRATCH,,false
docs/tone-v2/_audit_scratch/sentence_assembly_trace/183.md,SCRATCH,tone-v2,KEEP_SCRATCH,,false
docs/tone-v2/_audit_scratch/sentence_assembly_trace/184.json,SCRATCH,tone-v2,KEEP_SCRATCH,,false
docs/tone-v2/_audit_scratch/sentence_assembly_trace/184.md,SCRATCH,tone-v2,KEEP_SCRATCH,,false
docs/tone-v2/_audit_scratch/sentence_assembly_trace/185.json,SCRATCH,tone-v2,KEEP_SCRATCH,,false
docs/tone-v2/_audit_scratch/sentence_assembly_trace/185.md,SCRATCH,tone-v2,KEEP_SCRATCH,,false
docs/tone-v2/_audit_scratch/sentence_assembly_trace/186.json,SCRATCH,tone-v2,KEEP_SCRATCH,,false
docs/tone-v2/_audit_scratch/sentence_assembly_trace/186.md,SCRATCH,tone-v2,KEEP_SCRATCH,,false
docs/tone-v2/_audit_scratch/sentence_assembly_trace/187.json,SCRATCH,tone-v2,KEEP_SCRATCH,,false
docs/tone-v2/_audit_scratch/sentence_assembly_trace/187.md,SCRATCH,tone-v2,KEEP_SCRATCH,,false
docs/tone-v2/_audit_scratch/sentence_assembly_trace/188.json,SCRATCH,tone-v2,KEEP_SCRATCH,,false
docs/tone-v2/_audit_scratch/sentence_assembly_trace/188.md,SCRATCH,tone-v2,KEEP_SCRATCH,,false
docs/tone-v2/_audit_scratch/sentence_assembly_trace/189.json,SCRATCH,tone-v2,KEEP_SCRATCH,,false
docs/tone-v2/_audit_scratch/sentence_assembly_trace/189.md,SCRATCH,tone-v2,KEEP_SCRATCH,,false
docs/tone-v2/_audit_scratch/sentence_assembly_trace/190.json,SCRATCH,tone-v2,KEEP_SCRATCH,,false
docs/tone-v2/_audit_scratch/sentence_assembly_trace/190.md,SCRATCH,tone-v2,KEEP_SCRATCH,,false
docs/tone-v2/_audit_scratch/sentence_assembly_trace/191.json,SCRATCH,tone-v2,KEEP_SCRATCH,,false
docs/tone-v2/_audit_scratch/sentence_assembly_trace/191.md,SCRATCH,tone-v2,KEEP_SCRATCH,,false
docs/tone-v2/_audit_scratch/sentence_assembly_trace/192.json,SCRATCH,tone-v2,KEEP_SCRATCH,,false
docs/tone-v2/_audit_scratch/sentence_assembly_trace/192.md,SCRATCH,tone-v2,KEEP_SCRATCH,,false
docs/tone-v2/_audit_scratch/sentence_assembly_trace/193.json,SCRATCH,tone-v2,KEEP_SCRATCH,,false
docs/tone-v2/_audit_scratch/sentence_assembly_trace/193.md,SCRATCH,tone-v2,KEEP_SCRATCH,,false
docs/tone-v2/_audit_scratch/sentence_assembly_trace/194.json,SCRATCH,tone-v2,KEEP_SCRATCH,,false
docs/tone-v2/_audit_scratch/sentence_assembly_trace/194.md,SCRATCH,tone-v2,KEEP_SCRATCH,,false
docs/tone-v2/_audit_scratch/sentence_assembly_trace/195.json,SCRATCH,tone-v2,KEEP_SCRATCH,,false
docs/tone-v2/_audit_scratch/sentence_assembly_trace/195.md,SCRATCH,tone-v2,KEEP_SCRATCH,,false
docs/tone-v2/_audit_scratch/sentence_assembly_trace/196.json,SCRATCH,tone-v2,KEEP_SCRATCH,,false
docs/tone-v2/_audit_scratch/sentence_assembly_trace/196.md,SCRATCH,tone-v2,KEEP_SCRATCH,,false
docs/tone-v2/_audit_scratch/sentence_assembly_trace/197.json,SCRATCH,tone-v2,KEEP_SCRATCH,,false
docs/tone-v2/_audit_scratch/sentence_assembly_trace/197.md,SCRATCH,tone-v2,KEEP_SCRATCH,,false
docs/tone-v2/_audit_scratch/sentence_assembly_trace/198.json,SCRATCH,tone-v2,KEEP_SCRATCH,,false
docs/tone-v2/_audit_scratch/sentence_assembly_trace/198.md,SCRATCH,tone-v2,KEEP_SCRATCH,,false
docs/tone-v2/_audit_scratch/sentence_assembly_trace/199.json,SCRATCH,tone-v2,KEEP_SCRATCH,,false
docs/tone-v2/_audit_scratch/sentence_assembly_trace/199.md,SCRATCH,tone-v2,KEEP_SCRATCH,,false
docs/tone-v2/_audit_scratch/sentence_assembly_trace/200.json,SCRATCH,tone-v2,KEEP_SCRATCH,,false
docs/tone-v2/_audit_scratch/sentence_assembly_trace/200.md,SCRATCH,tone-v2,KEEP_SCRATCH,,false
docs/tone-v2/_audit_scratch/sentence_assembly_trace/sentence_assembly_trace_summary.md,SCRATCH,tone-v2,KEEP_SCRATCH,,false
docs/tone-v2/_audit_scratch/sentence_assembly_trace/_aggregate.json,SCRATCH,tone-v2,KEEP_SCRATCH,,false
docs/tone-v2/_audit_scratch/sentence_assembly_trace_summary.md,SCRATCH,tone-v2,KEEP_SCRATCH,,false
docs/tone-v2/_audit_scratch/sentence_runtime_regression/sentence_runtime_regression.csv,SCRATCH,tone-v2,KEEP_SCRATCH,,false
docs/tone-v2/_audit_scratch/sentence_runtime_regression/sentence_runtime_regression.json,SCRATCH,tone-v2,KEEP_SCRATCH,,false
docs/tone-v2/_audit_scratch/sqlite_explain_out.txt,SCRATCH,tone-v2,KEEP_SCRATCH,,false
docs/tone-v2/_audit_scratch/sqlite_explain_plans.json,SCRATCH,tone-v2,KEEP_SCRATCH,,false
docs/tone-v2/_audit_scratch/stage4_fail.txt,SCRATCH,tone-v2,KEEP_SCRATCH,,false
docs/tone-v2/_audit_scratch/stage4_fail_parsed.txt,SCRATCH,tone-v2,KEEP_SCRATCH,,false
docs/tone-v2/_audit_scratch/stage4_fail_summary.txt,SCRATCH,tone-v2,KEEP_SCRATCH,,false
docs/tone-v2/_audit_scratch/stage4_jest.json,SCRATCH,tone-v2,KEEP_SCRATCH,,false
docs/tone-v2/_audit_scratch/stage4_jest2.json,SCRATCH,tone-v2,KEEP_SCRATCH,,false
docs/tone-v2/_audit_scratch/step2_lattice_production_entry/dialog_200_summary.json,SCRATCH,tone-v2,KEEP_SCRATCH,,false
docs/tone-v2/_audit_scratch/step3_orchestrator_lattice_cutover/dialog_200_summary.json,SCRATCH,tone-v2,KEEP_SCRATCH,,false
docs/tone-v2/_audit_scratch/step4_cross_path_merge/dialog_200_summary.json,SCRATCH,tone-v2,KEEP_SCRATCH,,false
docs/tone-v2/_audit_scratch/step5_lattice_trace/dialog_200_summary.json,SCRATCH,tone-v2,KEEP_SCRATCH,,false
docs/tone-v2/_audit_scratch/step6_ltr_removal/dialog_200_summary.json,SCRATCH,tone-v2,KEEP_SCRATCH,,false
docs/tone-v2/_audit_scratch/step7_final_freeze/dialog_200_summary.json,SCRATCH,tone-v2,KEEP_SCRATCH,,false
docs/tone-v2/_audit_scratch/tone_evidence_ssot_attribution_2026_07_29/fw_health.json,SCRATCH,tone-v2,KEEP_SCRATCH,,false
docs/tone-v2/_audit_scratch/tone_evidence_ssot_attribution_2026_07_29/summary.json,SCRATCH,tone-v2,KEEP_SCRATCH,,false
docs/tone-v2/_audit_scratch/tone_evidence_ssot_attribution_2026_07_29/traces_index.json,SCRATCH,tone-v2,KEEP_SCRATCH,,false
docs/tone-v2/_audit_scratch/tone_evidence_ssot_attribution_2026_07_29/trace_d001.json,SCRATCH,tone-v2,KEEP_SCRATCH,,false
docs/tone-v2/_audit_scratch/tone_evidence_ssot_attribution_2026_07_29/trace_d004.json,SCRATCH,tone-v2,KEEP_SCRATCH,,false
docs/tone-v2/_audit_scratch/tone_evidence_ssot_attribution_2026_07_29/trace_d005.json,SCRATCH,tone-v2,KEEP_SCRATCH,,false
docs/tone-v2/_audit_scratch/tone_evidence_ssot_attribution_2026_07_29/trace_d007.json,SCRATCH,tone-v2,KEEP_SCRATCH,,false
docs/tone-v2/_audit_scratch/tone_evidence_ssot_attribution_2026_07_29/trace_d013.json,SCRATCH,tone-v2,KEEP_SCRATCH,,false
docs/tone-v2/_audit_scratch/tone_evidence_ssot_attribution_2026_07_29/trace_d015.json,SCRATCH,tone-v2,KEEP_SCRATCH,,false
docs/tone-v2/_audit_scratch/tone_evidence_ssot_attribution_2026_07_29/trace_d019.json,SCRATCH,tone-v2,KEEP_SCRATCH,,false
docs/tone-v2/_audit_scratch/tone_evidence_ssot_attribution_2026_07_29/trace_d020.json,SCRATCH,tone-v2,KEEP_SCRATCH,,false
docs/tone-v2/_audit_scratch/tone_evidence_ssot_attribution_2026_07_29/trace_d021.json,SCRATCH,tone-v2,KEEP_SCRATCH,,false
docs/tone-v2/_audit_scratch/tone_evidence_ssot_attribution_2026_07_29/trace_d022.json,SCRATCH,tone-v2,KEEP_SCRATCH,,false
docs/tone-v2/_audit_scratch/tone_evidence_ssot_attribution_2026_07_29/trace_d025.json,SCRATCH,tone-v2,KEEP_SCRATCH,,false
docs/tone-v2/_audit_scratch/tone_evidence_ssot_attribution_2026_07_29/trace_d027.json,SCRATCH,tone-v2,KEEP_SCRATCH,,false
docs/tone-v2/_audit_scratch/tone_evidence_ssot_attribution_2026_07_29/trace_d031.json,SCRATCH,tone-v2,KEEP_SCRATCH,,false
docs/tone-v2/_audit_scratch/tone_evidence_ssot_attribution_2026_07_29/trace_d037.json,SCRATCH,tone-v2,KEEP_SCRATCH,,false
docs/tone-v2/_audit_scratch/tone_evidence_ssot_attribution_2026_07_29/trace_d038.json,SCRATCH,tone-v2,KEEP_SCRATCH,,false
docs/tone-v2/_audit_scratch/tone_evidence_ssot_attribution_2026_07_29/trace_d041.json,SCRATCH,tone-v2,KEEP_SCRATCH,,false
docs/tone-v2/_audit_scratch/tone_evidence_ssot_attribution_2026_07_29/trace_d043.json,SCRATCH,tone-v2,KEEP_SCRATCH,,false
docs/tone-v2/_audit_scratch/tone_evidence_ssot_attribution_2026_07_29/trace_d044.json,SCRATCH,tone-v2,KEEP_SCRATCH,,false
docs/tone-v2/_audit_scratch/tone_evidence_ssot_attribution_2026_07_29/trace_d049.json,SCRATCH,tone-v2,KEEP_SCRATCH,,false
docs/tone-v2/_audit_scratch/tone_evidence_ssot_attribution_2026_07_29/trace_d055.json,SCRATCH,tone-v2,KEEP_SCRATCH,,false
docs/tone-v2/_audit_scratch/tone_evidence_ssot_attribution_2026_07_29/trace_d061.json,SCRATCH,tone-v2,KEEP_SCRATCH,,false
docs/tone-v2/_audit_scratch/tone_evidence_ssot_attribution_2026_07_29/trace_d067.json,SCRATCH,tone-v2,KEEP_SCRATCH,,false
docs/tone-v2/_audit_scratch/tone_evidence_ssot_attribution_2026_07_29/trace_d073.json,SCRATCH,tone-v2,KEEP_SCRATCH,,false
docs/tone-v2/_audit_scratch/tone_evidence_ssot_attribution_2026_07_29/trace_d079.json,SCRATCH,tone-v2,KEEP_SCRATCH,,false
docs/tone-v2/_audit_scratch/tone_evidence_ssot_attribution_2026_07_29/trace_d085.json,SCRATCH,tone-v2,KEEP_SCRATCH,,false
docs/tone-v2/_audit_scratch/tone_evidence_ssot_attribution_2026_07_29/trace_d091.json,SCRATCH,tone-v2,KEEP_SCRATCH,,false
docs/tone-v2/_audit_scratch/tone_evidence_ssot_attribution_2026_07_29/trace_d097.json,SCRATCH,tone-v2,KEEP_SCRATCH,,false
docs/tone-v2/_audit_scratch/tone_evidence_ssot_attribution_2026_07_29/trace_d103.json,SCRATCH,tone-v2,KEEP_SCRATCH,,false
docs/tone-v2/_audit_scratch/tone_evidence_ssot_attribution_2026_07_29/trace_d109.json,SCRATCH,tone-v2,KEEP_SCRATCH,,false
docs/tone-v2/_audit_scratch/tone_evidence_ssot_attribution_2026_07_29/trace_d115.json,SCRATCH,tone-v2,KEEP_SCRATCH,,false
docs/tone-v2/_audit_scratch/tone_full_chain_runtime_2026_07_29/d001.analysis.json,SCRATCH,tone-v2,KEEP_SCRATCH,,false
docs/tone-v2/_audit_scratch/tone_full_chain_runtime_2026_07_29/d001.fw.json,SCRATCH,tone-v2,KEEP_SCRATCH,,false
docs/tone-v2/_audit_scratch/tone_full_chain_runtime_2026_07_29/d002.analysis.json,SCRATCH,tone-v2,KEEP_SCRATCH,,false
docs/tone-v2/_audit_scratch/tone_full_chain_runtime_2026_07_29/d002.fw.json,SCRATCH,tone-v2,KEEP_SCRATCH,,false
docs/tone-v2/_audit_scratch/tone_full_chain_runtime_2026_07_29/d003.analysis.json,SCRATCH,tone-v2,KEEP_SCRATCH,,false
docs/tone-v2/_audit_scratch/tone_full_chain_runtime_2026_07_29/d003.fw.json,SCRATCH,tone-v2,KEEP_SCRATCH,,false
docs/tone-v2/_audit_scratch/tone_full_chain_runtime_2026_07_29/d004.analysis.json,SCRATCH,tone-v2,KEEP_SCRATCH,,false
docs/tone-v2/_audit_scratch/tone_full_chain_runtime_2026_07_29/d004.fw.json,SCRATCH,tone-v2,KEEP_SCRATCH,,false
docs/tone-v2/_audit_scratch/tone_full_chain_runtime_2026_07_29/d005.analysis.json,SCRATCH,tone-v2,KEEP_SCRATCH,,false
docs/tone-v2/_audit_scratch/tone_full_chain_runtime_2026_07_29/d005.fw.json,SCRATCH,tone-v2,KEEP_SCRATCH,,false
docs/tone-v2/_audit_scratch/tone_full_chain_runtime_2026_07_29/d010.analysis.json,SCRATCH,tone-v2,KEEP_SCRATCH,,false
docs/tone-v2/_audit_scratch/tone_full_chain_runtime_2026_07_29/d010.fw.json,SCRATCH,tone-v2,KEEP_SCRATCH,,false
docs/tone-v2/_audit_scratch/tone_full_chain_runtime_2026_07_29/d019.analysis.json,SCRATCH,tone-v2,KEEP_SCRATCH,,false
docs/tone-v2/_audit_scratch/tone_full_chain_runtime_2026_07_29/d019.fw.json,SCRATCH,tone-v2,KEEP_SCRATCH,,false
docs/tone-v2/_audit_scratch/tone_full_chain_runtime_2026_07_29/d025.analysis.json,SCRATCH,tone-v2,KEEP_SCRATCH,,false
docs/tone-v2/_audit_scratch/tone_full_chain_runtime_2026_07_29/d025.fw.json,SCRATCH,tone-v2,KEEP_SCRATCH,,false
docs/tone-v2/_audit_scratch/tone_full_chain_runtime_2026_07_29/d040.analysis.json,SCRATCH,tone-v2,KEEP_SCRATCH,,false
docs/tone-v2/_audit_scratch/tone_full_chain_runtime_2026_07_29/d040.fw.json,SCRATCH,tone-v2,KEEP_SCRATCH,,false
docs/tone-v2/_audit_scratch/tone_full_chain_runtime_2026_07_29/d055.analysis.json,SCRATCH,tone-v2,KEEP_SCRATCH,,false
docs/tone-v2/_audit_scratch/tone_full_chain_runtime_2026_07_29/d055.fw.json,SCRATCH,tone-v2,KEEP_SCRATCH,,false
docs/tone-v2/_audit_scratch/tone_full_chain_runtime_2026_07_29/d064.analysis.json,SCRATCH,tone-v2,KEEP_SCRATCH,,false
docs/tone-v2/_audit_scratch/tone_full_chain_runtime_2026_07_29/d064.fw.json,SCRATCH,tone-v2,KEEP_SCRATCH,,false
docs/tone-v2/_audit_scratch/tone_full_chain_runtime_2026_07_29/d080.analysis.json,SCRATCH,tone-v2,KEEP_SCRATCH,,false
docs/tone-v2/_audit_scratch/tone_full_chain_runtime_2026_07_29/d080.fw.json,SCRATCH,tone-v2,KEEP_SCRATCH,,false
docs/tone-v2/_audit_scratch/tone_full_chain_runtime_2026_07_29/d100.analysis.json,SCRATCH,tone-v2,KEEP_SCRATCH,,false
docs/tone-v2/_audit_scratch/tone_full_chain_runtime_2026_07_29/d100.fw.json,SCRATCH,tone-v2,KEEP_SCRATCH,,false
docs/tone-v2/_audit_scratch/tone_full_chain_runtime_2026_07_29/d109.analysis.json,SCRATCH,tone-v2,KEEP_SCRATCH,,false
docs/tone-v2/_audit_scratch/tone_full_chain_runtime_2026_07_29/d109.fw.json,SCRATCH,tone-v2,KEEP_SCRATCH,,false
docs/tone-v2/_audit_scratch/tone_full_chain_runtime_2026_07_29/d120.analysis.json,SCRATCH,tone-v2,KEEP_SCRATCH,,false
docs/tone-v2/_audit_scratch/tone_full_chain_runtime_2026_07_29/d120.fw.json,SCRATCH,tone-v2,KEEP_SCRATCH,,false
docs/tone-v2/_audit_scratch/tone_full_chain_runtime_2026_07_29/d140.analysis.json,SCRATCH,tone-v2,KEEP_SCRATCH,,false
docs/tone-v2/_audit_scratch/tone_full_chain_runtime_2026_07_29/d140.fw.json,SCRATCH,tone-v2,KEEP_SCRATCH,,false
docs/tone-v2/_audit_scratch/tone_full_chain_runtime_2026_07_29/d154.analysis.json,SCRATCH,tone-v2,KEEP_SCRATCH,,false
docs/tone-v2/_audit_scratch/tone_full_chain_runtime_2026_07_29/d154.fw.json,SCRATCH,tone-v2,KEEP_SCRATCH,,false
docs/tone-v2/_audit_scratch/tone_full_chain_runtime_2026_07_29/d170.analysis.json,SCRATCH,tone-v2,KEEP_SCRATCH,,false
docs/tone-v2/_audit_scratch/tone_full_chain_runtime_2026_07_29/d170.fw.json,SCRATCH,tone-v2,KEEP_SCRATCH,,false
docs/tone-v2/_audit_scratch/tone_full_chain_runtime_2026_07_29/d190.analysis.json,SCRATCH,tone-v2,KEEP_SCRATCH,,false
docs/tone-v2/_audit_scratch/tone_full_chain_runtime_2026_07_29/d190.fw.json,SCRATCH,tone-v2,KEEP_SCRATCH,,false
docs/tone-v2/_audit_scratch/tone_full_chain_runtime_2026_07_29/d199.analysis.json,SCRATCH,tone-v2,KEEP_SCRATCH,,false
docs/tone-v2/_audit_scratch/tone_full_chain_runtime_2026_07_29/d199.fw.json,SCRATCH,tone-v2,KEEP_SCRATCH,,false
docs/tone-v2/_audit_scratch/tone_full_chain_runtime_2026_07_29/fw_index.json,SCRATCH,tone-v2,KEEP_SCRATCH,,false
docs/tone-v2/_audit_scratch/tone_full_chain_runtime_2026_07_29/summary.json,SCRATCH,tone-v2,KEEP_SCRATCH,,false
docs/tone-v2/_audit_scratch/_lexicon_repairs_pending.json,SCRATCH,tone-v2,KEEP_SCRATCH,,false
docs/tone-v2/_audit_scratch/_ngram_multidomain_probe_err.txt,SCRATCH,tone-v2,KEEP_SCRATCH,,false
docs/tone-v2/_audit_scratch/_ngram_multidomain_probe_out.json,SCRATCH,tone-v2,KEEP_SCRATCH,,false
docs/tone-v2/_doc_consolidation_migration.json,HISTORICAL,tone-v2,KEEP_MODULE_HISTORICAL_OR_REFERENCE,,false
docs/train/HOME_PC_CLUSTER_ASR_TRAINING_FEASIBILITY.md,HISTORICAL,train,KEEP_MODULE_HISTORICAL_OR_REFERENCE,,false
docs/train/INTEGRATION_TEST_TRADITIONAL_CHINESE_AND_REPAIR_FLOW.md,HISTORICAL,train,KEEP_MODULE_HISTORICAL_OR_REFERENCE,,false
docs/train/NEAR_HOMOPHONE_CONFUSION_SET_DESIGN.md,HISTORICAL,train,KEEP_MODULE_HISTORICAL_OR_REFERENCE,,false
docs/train/WU_DIALECT_CORPUS_DESIGN_GUIDE_SHANGHAINESE.md,HISTORICAL,train,KEEP_MODULE_HISTORICAL_OR_REFERENCE,,false
docs/trainning/方言_ASR_TTS_共享训练池_单卡节点_整合方案.md,HISTORICAL,trainning,KEEP_MODULE_HISTORICAL_OR_REFERENCE,,false
docs/trainning/方言_ASR_TTS_用户参与式训练模块_产品说明与风险评估_决策版.md,HISTORICAL,trainning,KEEP_MODULE_HISTORICAL_OR_REFERENCE,,false
docs/troubleshooting/ASR_AUDIO_CHUNK_LOSS_ROOT_FIX_DESIGN_AND_TASKS.md,OPERATING_GUIDE,troubleshooting,KEEP_OPERATING,,false
docs/troubleshooting/CLEANUP_COMPLETE.md,OPERATING_GUIDE,troubleshooting,KEEP_OPERATING,,true
docs/troubleshooting/Cleanup逻辑失效分析_2026_01_21.md,OPERATING_GUIDE,troubleshooting,KEEP_OPERATING,,false
docs/troubleshooting/FINALIZE_MECHANISM_EXPLANATION.md,OPERATING_GUIDE,troubleshooting,KEEP_OPERATING,,false
docs/troubleshooting/Pool配置警告说明.md,OPERATING_GUIDE,troubleshooting,KEEP_OPERATING,,false
docs/troubleshooting/PowerShell执行策略问题解决_2026_01_21.md,OPERATING_GUIDE,troubleshooting,KEEP_OPERATING,,false
docs/troubleshooting/PROCESS_CLEANUP_IMPROVEMENTS.md,OPERATING_GUIDE,troubleshooting,KEEP_OPERATING,,false
docs/troubleshooting/Redis清空问题解决方案_2026_01_21.md,OPERATING_GUIDE,troubleshooting,KEEP_OPERATING,,false
docs/troubleshooting/SCRIPT_OPTIMIZATION_2026_01_20.md,OPERATING_GUIDE,troubleshooting,KEEP_OPERATING,,false
docs/troubleshooting/SERVICE_CONFIG_UPDATE_2026_01_19.md,OPERATING_GUIDE,troubleshooting,KEEP_OPERATING,,false
docs/troubleshooting/SERVICE_DISCOVERY_FLOW_2026_01_19.md,OPERATING_GUIDE,troubleshooting,KEEP_OPERATING,,false
docs/troubleshooting/ThreadPoolExecutor设计决策回顾_2026_01_21.md,OPERATING_GUIDE,troubleshooting,KEEP_OPERATING,,false
docs/troubleshooting/TRANSLATION_PIPELINE_ISSUES.md,OPERATING_GUIDE,troubleshooting,KEEP_OPERATING,,false
docs/troubleshooting/TYPESCRIPT_COMPILATION_FIX_2026_01_19.md,OPERATING_GUIDE,troubleshooting,KEEP_OPERATING,,false
docs/troubleshooting/UI_SERVICE_DISPLAY_FIX_2026_01_19.md,OPERATING_GUIDE,troubleshooting,KEEP_OPERATING,,false
docs/troubleshooting/UTTERANCE_SEGMENTATION_AND_CONTEXT_MERGE_REQUIREMENT.md,OPERATING_GUIDE,troubleshooting,KEEP_OPERATING,,false
docs/troubleshooting/中文语义修复服务启用_2026_01_21.md,OPERATING_GUIDE,troubleshooting,KEEP_OPERATING,,false
docs/troubleshooting/备份代码vs正式代码Pool生成差异分析_2026_01_21.md,OPERATING_GUIDE,troubleshooting,KEEP_OPERATING,,false
docs/troubleshooting/备份代码启动状态说明_2026_01_21.md,OPERATING_GUIDE,troubleshooting,KEEP_OPERATING,,false
docs/troubleshooting/备份代码启动脚本创建完成_2026_01_21.md,OPERATING_GUIDE,troubleshooting,KEEP_OPERATING,,false
docs/troubleshooting/备份代码服务状态确认_2026_01_21.md,OPERATING_GUIDE,troubleshooting,KEEP_OPERATING,,false
docs/troubleshooting/备份代码服务路径修复_2026_01_21.md,OPERATING_GUIDE,troubleshooting,KEEP_OPERATING,,true
docs/troubleshooting/备份代码白屏最终修复_2026_01_21.md,OPERATING_GUIDE,troubleshooting,KEEP_OPERATING,,false
docs/troubleshooting/备份代码白屏根本原因_2026_01_21.md,OPERATING_GUIDE,troubleshooting,KEEP_OPERATING,,false
docs/troubleshooting/备份代码白屏问题已修复_2026_01_21.md,OPERATING_GUIDE,troubleshooting,KEEP_OPERATING,,false
docs/troubleshooting/备份代码编译问题修复_2026_01_21.md,OPERATING_GUIDE,troubleshooting,KEEP_OPERATING,,false
docs/troubleshooting/备份代码节点端白屏问题诊断_2026_01_21.md,OPERATING_GUIDE,troubleshooting,KEEP_OPERATING,,false
docs/troubleshooting/备份代码节点连接问题诊断_2026_01_21.md,OPERATING_GUIDE,troubleshooting,KEEP_OPERATING,,false
docs/troubleshooting/备份代码语义修复服务说明_2026_01_21.md,OPERATING_GUIDE,troubleshooting,KEEP_OPERATING,,false
docs/troubleshooting/大量260ms独立job产生原因与修复方向_2026_01.md,OPERATING_GUIDE,troubleshooting,KEEP_OPERATING,,false
docs/troubleshooting/快速修复_Redis版本问题.md,OPERATING_GUIDE,troubleshooting,KEEP_OPERATING,,false
docs/troubleshooting/节点端_集成测试日志有时找不到_说明_2026_01.md,OPERATING_GUIDE,troubleshooting,KEEP_OPERATING,,false
docs/troubleshooting/调度器_finalize聚合修复_与备份对齐_2026_01.md,OPERATING_GUIDE,troubleshooting,KEEP_OPERATING,,false
docs/troubleshooting/调度器_重新分配与Job不存在_排查说明_2026_01.md,OPERATING_GUIDE,troubleshooting,KEEP_OPERATING,,false
docs/troubleshooting/长句前半句丢失_turn亲和写入时机修复_2026_01.md,OPERATING_GUIDE,troubleshooting,KEEP_OPERATING,,false
docs/troubleshooting/问题修复总结_2026_01_22.md,OPERATING_GUIDE,troubleshooting,KEEP_OPERATING,,false
docs/troubleshooting/集成测试GPU_Lease_Timeout分析_2026_01_21.md,OPERATING_GUIDE,troubleshooting,KEEP_OPERATING,,false
docs/troubleshooting/集成测试_job丢失与重分配_排查指南_2026_01.md,OPERATING_GUIDE,troubleshooting,KEEP_OPERATING,,false
docs/troubleshooting/集成测试失败原因说明_2026_01_21.md,OPERATING_GUIDE,troubleshooting,KEEP_OPERATING,,false
docs/troubleshooting/集成测试失败诊断_2026_01_21.md,OPERATING_GUIDE,troubleshooting,KEEP_OPERATING,,false
docs/troubleshooting/集成测试失败诊断_正式代码_2026_01_21.md,OPERATING_GUIDE,troubleshooting,KEEP_OPERATING,,false
docs/user/User_System_and_Billing_Module_Feasibility_Analysis.md,UNCLASSIFIED,user,REQUIRES_REVIEW,,false
docs/user/User_System_and_Billing_Module_PRD.md,UNCLASSIFIED,user,REQUIRES_REVIEW,,false
docs/请从这里开始.md,UNCLASSIFIED,请从这里开始.md,REQUIRES_REVIEW,,false
electron_node/docs/lexicon-assets/full_rebuild_v1/lexicon_full_corrected_review.csv,REFERENCE_DATA,electron_node,KEEP_MODULE_DOCS,,false
electron_node/docs/lexicon-assets/full_rebuild_v1/README.md,REFERENCE_DATA,electron_node,KEEP_MODULE_DOCS,,false
electron_node/docs/lexicon-assets/full_rebuild_v1/sources.manifest.json,REFERENCE_DATA,electron_node,KEEP_MODULE_DOCS,,false
electron_node/docs/lexicon-assets/full_rebuild_v1/supplemental_terms.csv,REFERENCE_DATA,electron_node,KEEP_MODULE_DOCS,,false
electron_node/docs/lexicon-assets/full_rebuild_v1/terms_to_remove_or_rebuild.csv,REFERENCE_DATA,electron_node,KEEP_MODULE_DOCS,,false
electron_node/docs/lexicon-assets/full_rebuild_v1/term_domain_tags_corrected.csv,REFERENCE_DATA,electron_node,KEEP_MODULE_DOCS,,false
electron_node/docs/lexicon-assets/industry_pack_v1/entries.industry-pack-v1-full.stats.json,REFERENCE_DATA,electron_node,KEEP_MODULE_DOCS,,false
electron_node/docs/lexicon-assets/industry_pack_v1/package.manifest.json,REFERENCE_DATA,electron_node,KEEP_MODULE_DOCS,,false
electron_node/docs/lexicon-assets/industry_pack_v1/patches/industry-pack-v1-capacity-validation.build-report.json,REFERENCE_DATA,electron_node,KEEP_MODULE_DOCS,,false
electron_node/docs/lexicon-assets/industry_pack_v1/patches/industry-pack-v1-capacity-validation.patch.json,REFERENCE_DATA,electron_node,KEEP_MODULE_DOCS,,false
electron_node/docs/lexicon-assets/industry_pack_v1/patches/industry-pack-v1-full.build-report.json,REFERENCE_DATA,electron_node,KEEP_MODULE_DOCS,,false
electron_node/docs/lexicon-assets/industry_pack_v1/patches/industry-pack-v1-full.patch.json,REFERENCE_DATA,electron_node,KEEP_MODULE_DOCS,,false
electron_node/docs/lexicon-assets/industry_pack_v1/patches/industry-pack-v1-wave1-pilot.build-report.json,REFERENCE_DATA,electron_node,KEEP_MODULE_DOCS,,false
electron_node/docs/lexicon-assets/industry_pack_v1/patches/industry-pack-v1-wave1-pilot.patch.json,REFERENCE_DATA,electron_node,KEEP_MODULE_DOCS,,false
electron_node/docs/lexicon-assets/industry_pack_v1/README.md,REFERENCE_DATA,electron_node,KEEP_MODULE_DOCS,,false
electron_node/docs/lexicon-assets/industry_pack_v1/word_banks/bakery.txt,REFERENCE_DATA,electron_node,KEEP_MODULE_DOCS,,false
electron_node/docs/lexicon-assets/industry_pack_v1/word_banks/coffee.txt,REFERENCE_DATA,electron_node,KEEP_MODULE_DOCS,,false
electron_node/docs/lexicon-assets/industry_pack_v1/word_banks/food_order.txt,REFERENCE_DATA,electron_node,KEEP_MODULE_DOCS,,false
electron_node/docs/lexicon-assets/industry_pack_v1/word_banks/medical.txt,REFERENCE_DATA,electron_node,KEEP_MODULE_DOCS,,false
electron_node/docs/lexicon-assets/industry_pack_v1/word_banks/meeting.txt,REFERENCE_DATA,electron_node,KEEP_MODULE_DOCS,,false
electron_node/docs/lexicon-assets/industry_pack_v1/word_banks/milk_tea.txt,REFERENCE_DATA,electron_node,KEEP_MODULE_DOCS,,false
electron_node/docs/lexicon-assets/industry_pack_v1/word_banks/tech_ai.txt,REFERENCE_DATA,electron_node,KEEP_MODULE_DOCS,,false
electron_node/docs/lexicon-assets/industry_pack_v1/word_banks/tourism_hotel.txt,REFERENCE_DATA,electron_node,KEEP_MODULE_DOCS,,false
electron_node/docs/lexicon-assets/industry_pack_v1/word_banks/tourism_pickup.txt,REFERENCE_DATA,electron_node,KEEP_MODULE_DOCS,,false
electron_node/docs/lexicon-assets/industry_pack_v1/word_banks/tourism_route.txt,REFERENCE_DATA,electron_node,KEEP_MODULE_DOCS,,false
electron_node/docs/lexicon-assets/industry_pack_v1/word_banks/tourism_transport.txt,REFERENCE_DATA,electron_node,KEEP_MODULE_DOCS,,false
electron_node/docs/lexicon-assets/industry_pack_v1/word_banks_curated/bakery.txt,REFERENCE_DATA,electron_node,KEEP_MODULE_DOCS,,false
electron_node/docs/lexicon-assets/industry_pack_v1/word_banks_curated/coffee.txt,REFERENCE_DATA,electron_node,KEEP_MODULE_DOCS,,false
electron_node/docs/lexicon-assets/industry_pack_v1/word_banks_curated/food_order.txt,REFERENCE_DATA,electron_node,KEEP_MODULE_DOCS,,false
electron_node/docs/lexicon-assets/industry_pack_v1/word_banks_curated/medical.txt,REFERENCE_DATA,electron_node,KEEP_MODULE_DOCS,,false
electron_node/docs/lexicon-assets/industry_pack_v1/word_banks_curated/meeting.txt,REFERENCE_DATA,electron_node,KEEP_MODULE_DOCS,,false
electron_node/docs/lexicon-assets/industry_pack_v1/word_banks_curated/milk_tea.txt,REFERENCE_DATA,electron_node,KEEP_MODULE_DOCS,,false
electron_node/docs/lexicon-assets/industry_pack_v1/word_banks_curated/tech_ai.txt,REFERENCE_DATA,electron_node,KEEP_MODULE_DOCS,,false
electron_node/docs/lexicon-assets/industry_pack_v1/word_banks_curated/tourism_hotel.txt,REFERENCE_DATA,electron_node,KEEP_MODULE_DOCS,,false
electron_node/docs/lexicon-assets/industry_pack_v1/word_banks_curated/tourism_pickup.txt,REFERENCE_DATA,electron_node,KEEP_MODULE_DOCS,,false
electron_node/docs/lexicon-assets/industry_pack_v1/word_banks_curated/tourism_route.txt,REFERENCE_DATA,electron_node,KEEP_MODULE_DOCS,,false
electron_node/docs/lexicon-assets/industry_pack_v1/word_banks_curated/tourism_transport.txt,REFERENCE_DATA,electron_node,KEEP_MODULE_DOCS,,false
electron_node/docs/lexicon-assets/industry_pack_v2/domain-theme-map.json,REFERENCE_DATA,electron_node,KEEP_MODULE_DOCS,,false
electron_node/docs/lexicon-assets/industry_pack_v2/entries.industry-pack-v2-full.generation-report.json,REFERENCE_DATA,electron_node,KEEP_MODULE_DOCS,,false
electron_node/docs/lexicon-assets/industry_pack_v2/package.manifest.json,REFERENCE_DATA,electron_node,KEEP_MODULE_DOCS,,false
electron_node/docs/lexicon-assets/industry_pack_v2/patches/industry-pack-v2-full.build-report.json,REFERENCE_DATA,electron_node,KEEP_MODULE_DOCS,,false
electron_node/docs/lexicon-assets/industry_pack_v2/patches/industry-pack-v2-full.patch.json,REFERENCE_DATA,electron_node,KEEP_MODULE_DOCS,,false
electron_node/docs/lexicon-assets/industry_pack_v2/README.md,REFERENCE_DATA,electron_node,KEEP_MODULE_DOCS,,false
electron_node/docs/lexicon-assets/industry_pack_v2/SUGGESTED_NEW_DOMAINS.md,REFERENCE_DATA,electron_node,KEEP_MODULE_DOCS,,false
electron_node/docs/lexicon-assets/Lexicon_1k_Pilot_Phase3_Package/lexicon_1k_expected_manifest_gate.json,REFERENCE_DATA,electron_node,KEEP_MODULE_DOCS,,false
electron_node/docs/lexicon-assets/Lexicon_1k_Pilot_Phase3_Package/lexicon_1k_validation_report_expected_template.json,REFERENCE_DATA,electron_node,KEEP_MODULE_DOCS,,false
electron_node/docs/lexicon-assets/Lexicon_Phase5_Evaluation_Package/phase5_10k_manifest_gate.json,REFERENCE_DATA,electron_node,KEEP_MODULE_DOCS,,false
electron_node/docs/lexicon-assets/Lexicon_Phase5_Evaluation_Package/phase5_5k_manifest_gate.json,REFERENCE_DATA,electron_node,KEEP_MODULE_DOCS,,false
electron_node/docs/lexicon-assets/Lexicon_Phase5_Evaluation_Package/phase5_benchmark_baseline.json,REFERENCE_DATA,electron_node,KEEP_MODULE_DOCS,,false
electron_node/docs/lexicon-assets/Lexicon_Phase5_Evaluation_Package/phase5_benchmark_summary.json,REFERENCE_DATA,electron_node,KEEP_MODULE_DOCS,,true
electron_node/docs/lexicon-assets/Lexicon_Phase5_Evaluation_Package/phase5_benchmark_summary.schema.json,REFERENCE_DATA,electron_node,KEEP_MODULE_DOCS,,false
electron_node/docs/lexicon-assets/Lexicon_Phase5_Evaluation_Package/reports/phase5_benchmark_baseline.json,REFERENCE_DATA,electron_node,KEEP_MODULE_DOCS,,false
electron_node/docs/lexicon-assets/Lexicon_Phase5_Evaluation_Package/reports/phase5_benchmark_summary.schema.json,REFERENCE_DATA,electron_node,KEEP_MODULE_DOCS,,false
electron_node/docs/lexicon-assets/Lexicon_V3_5k_Canonical_Assets/gates/phase5_10k_manifest_gate.json,REFERENCE_DATA,electron_node,KEEP_MODULE_DOCS,,false
electron_node/docs/lexicon-assets/Lexicon_V3_5k_Canonical_Assets/gates/phase5_5k_manifest_gate.json,REFERENCE_DATA,electron_node,KEEP_MODULE_DOCS,,false
electron_node/docs/lexicon-assets/Lexicon_V3_5k_Canonical_Assets/package_manifest.json,REFERENCE_DATA,electron_node,KEEP_MODULE_DOCS,,false
electron_node/docs/lexicon-assets/Lexicon_V3_5k_Canonical_Assets/reports/phase5_benchmark_baseline.json,REFERENCE_DATA,electron_node,KEEP_MODULE_DOCS,,false
electron_node/docs/lexicon-assets/Lexicon_V3_5k_Canonical_Assets/reports/phase5_benchmark_summary.schema.json,REFERENCE_DATA,electron_node,KEEP_MODULE_DOCS,,false
electron_node/docs/lexicon-assets/Lexicon_V3_Canonical_Asset_Package/gates/phase5_10k_manifest_gate.json,REFERENCE_DATA,electron_node,KEEP_MODULE_DOCS,,false
electron_node/docs/lexicon-assets/Lexicon_V3_Canonical_Asset_Package/gates/phase5_5k_manifest_gate.json,REFERENCE_DATA,electron_node,KEEP_MODULE_DOCS,,false
electron_node/docs/lexicon-assets/Lexicon_V3_Canonical_Asset_Package/package_manifest.json,REFERENCE_DATA,electron_node,KEEP_MODULE_DOCS,,false
electron_node/docs/lexicon-assets/Lexicon_V3_Canonical_Asset_Package/reports/phase5_benchmark_baseline.json,REFERENCE_DATA,electron_node,KEEP_MODULE_DOCS,,false
electron_node/docs/lexicon-assets/Lexicon_V3_Canonical_Asset_Package/reports/phase5_benchmark_summary.schema.json,REFERENCE_DATA,electron_node,KEEP_MODULE_DOCS,,false
electron_node/docs/lexicon-assets/p1_3_generic_zh_lexicon_v1/p1_3_lexicon_zh_v1/base_zh_v1/manifest.json,REFERENCE_DATA,electron_node,KEEP_MODULE_DOCS,,true
electron_node/docs/lexicon-assets/p1_3_generic_zh_lexicon_v1/p1_3_lexicon_zh_v1/base_zh_v1/stats.json,REFERENCE_DATA,electron_node,KEEP_MODULE_DOCS,,false
electron_node/docs/lexicon-assets/p1_3_generic_zh_lexicon_v1/p1_3_lexicon_zh_v1/combined_stats.json,REFERENCE_DATA,electron_node,KEEP_MODULE_DOCS,,false
electron_node/docs/lexicon-assets/p1_3_generic_zh_lexicon_v1/p1_3_lexicon_zh_v1/common5_zh_v1/manifest.json,REFERENCE_DATA,electron_node,KEEP_MODULE_DOCS,,true
electron_node/docs/lexicon-assets/p1_3_generic_zh_lexicon_v1/p1_3_lexicon_zh_v1/common5_zh_v1/stats.json,REFERENCE_DATA,electron_node,KEEP_MODULE_DOCS,,false
electron_node/docs/lexicon-assets/p1_3_generic_zh_lexicon_v1/p1_3_lexicon_zh_v1/electron_validate_report.json,REFERENCE_DATA,electron_node,KEEP_MODULE_DOCS,,false
electron_node/docs/lexicon-assets/p1_3_generic_zh_lexicon_v1/p1_3_lexicon_zh_v1/idiom_zh_v1/manifest.json,REFERENCE_DATA,electron_node,KEEP_MODULE_DOCS,,true
electron_node/docs/lexicon-assets/p1_3_generic_zh_lexicon_v1/p1_3_lexicon_zh_v1/idiom_zh_v1/stats.json,REFERENCE_DATA,electron_node,KEEP_MODULE_DOCS,,false
electron_node/docs/lexicon-assets/p1_3_generic_zh_lexicon_v1/p1_3_lexicon_zh_v1/pinyin_bucket_preview_top100.json,REFERENCE_DATA,electron_node,KEEP_MODULE_DOCS,,false
electron_node/docs/lexicon-assets/p1_3_generic_zh_lexicon_v1/p1_3_lexicon_zh_v1/source_manifest.json,REFERENCE_DATA,electron_node,KEEP_MODULE_DOCS,,false
electron_node/docs/lexicon-assets/p1_3_generic_zh_lexicon_v1/p1_3_lexicon_zh_v1/validation_summary.json,REFERENCE_DATA,electron_node,KEEP_MODULE_DOCS,,false
electron_node/docs/lexicon-assets/p1_3_generic_zh_lexicon_v1/p1_3_lexicon_zh_v1/_build_test/validation-report.json,REFERENCE_DATA,electron_node,KEEP_MODULE_DOCS,,false
electron_node/docs/lexicon-assets/p1_3_generic_zh_lexicon_v2_fw_domains/p1_3_lexicon_zh_v2/base_zh_v2/manifest.json,REFERENCE_DATA,electron_node,KEEP_MODULE_DOCS,,false
electron_node/docs/lexicon-assets/p1_3_generic_zh_lexicon_v2_fw_domains/p1_3_lexicon_zh_v2/base_zh_v2/stats.json,REFERENCE_DATA,electron_node,KEEP_MODULE_DOCS,,false
electron_node/docs/lexicon-assets/p1_3_generic_zh_lexicon_v2_fw_domains/p1_3_lexicon_zh_v2/combined_stats.json,REFERENCE_DATA,electron_node,KEEP_MODULE_DOCS,,false
electron_node/docs/lexicon-assets/p1_3_generic_zh_lexicon_v2_fw_domains/p1_3_lexicon_zh_v2/combined_with_domain_patch_stats.json,REFERENCE_DATA,electron_node,KEEP_MODULE_DOCS,,false
electron_node/docs/lexicon-assets/p1_3_generic_zh_lexicon_v2_fw_domains/p1_3_lexicon_zh_v2/common5_zh_v2/manifest.json,REFERENCE_DATA,electron_node,KEEP_MODULE_DOCS,,false
electron_node/docs/lexicon-assets/p1_3_generic_zh_lexicon_v2_fw_domains/p1_3_lexicon_zh_v2/common5_zh_v2/stats.json,REFERENCE_DATA,electron_node,KEEP_MODULE_DOCS,,false
electron_node/docs/lexicon-assets/p1_3_generic_zh_lexicon_v2_fw_domains/p1_3_lexicon_zh_v2/domain_patch_zh_v2/manifest.json,REFERENCE_DATA,electron_node,KEEP_MODULE_DOCS,,false
electron_node/docs/lexicon-assets/p1_3_generic_zh_lexicon_v2_fw_domains/p1_3_lexicon_zh_v2/domain_patch_zh_v2/stats.json,REFERENCE_DATA,electron_node,KEEP_MODULE_DOCS,,false
electron_node/docs/lexicon-assets/p1_3_generic_zh_lexicon_v2_fw_domains/p1_3_lexicon_zh_v2/domain_patch_zh_v2/validation-report.json,REFERENCE_DATA,electron_node,KEEP_MODULE_DOCS,,false
electron_node/docs/lexicon-assets/p1_3_generic_zh_lexicon_v2_fw_domains/p1_3_lexicon_zh_v2/electron_validate_combined.json,REFERENCE_DATA,electron_node,KEEP_MODULE_DOCS,,false
electron_node/docs/lexicon-assets/p1_3_generic_zh_lexicon_v2_fw_domains/p1_3_lexicon_zh_v2/electron_validate_with_patch.json,REFERENCE_DATA,electron_node,KEEP_MODULE_DOCS,,false
electron_node/docs/lexicon-assets/p1_3_generic_zh_lexicon_v2_fw_domains/p1_3_lexicon_zh_v2/idiom_zh_v2/manifest.json,REFERENCE_DATA,electron_node,KEEP_MODULE_DOCS,,false
electron_node/docs/lexicon-assets/p1_3_generic_zh_lexicon_v2_fw_domains/p1_3_lexicon_zh_v2/idiom_zh_v2/stats.json,REFERENCE_DATA,electron_node,KEEP_MODULE_DOCS,,false
electron_node/docs/lexicon-assets/p1_3_generic_zh_lexicon_v2_fw_domains/p1_3_lexicon_zh_v2/source_manifest.json,REFERENCE_DATA,electron_node,KEEP_MODULE_DOCS,,false
electron_node/docs/lexicon-assets/p1_3_generic_zh_lexicon_v2_fw_domains/p1_3_lexicon_zh_v2/validation_summary.json,REFERENCE_DATA,electron_node,KEEP_MODULE_DOCS,,false
electron_node/docs/lexicon-assets/p1_3_generic_zh_lexicon_v2_fw_domains/validation-report.json,REFERENCE_DATA,electron_node,KEEP_MODULE_DOCS,,false
electron_node/docs/README.md,REFERENCE_DATA,electron_node,KEEP_MODULE_DOCS,,false
analyze_result.txt,UNCLASSIFIED,analyze_result.txt,REQUIRES_REVIEW,,false
job_details_report.txt,UNCLASSIFIED,job_details_report.txt,REQUIRES_REVIEW,,false
observability.json,UNCLASSIFIED,observability.json,REQUIRES_REVIEW,,false
审计总结_请先看这个.md,REFERENCE_DATA,审计总结_请先看这个.md,KEEP_MODULE_DOCS,,false
kenLM/.venv/lib/python3.12/site-packages/httpcore-1.0.9.dist-info/licenses/LICENSE.md,REFERENCE_DATA,kenLM,KEEP_MODULE_DOCS,,false
kenLM/.venv/lib/python3.12/site-packages/httpx-0.28.1.dist-info/licenses/LICENSE.md,REFERENCE_DATA,kenLM,KEEP_MODULE_DOCS,,false
kenLM/.venv/lib/python3.12/site-packages/huggingface_hub/templates/datasetcard_template.md,REFERENCE_DATA,kenLM,KEEP_MODULE_DOCS,,false
kenLM/.venv/lib/python3.12/site-packages/huggingface_hub/templates/modelcard_template.md,REFERENCE_DATA,kenLM,KEEP_MODULE_DOCS,,false
kenLM/.venv/lib/python3.12/site-packages/idna-3.15.dist-info/licenses/LICENSE.md,REFERENCE_DATA,kenLM,KEEP_MODULE_DOCS,,false
kenLM/.venv/lib/python3.12/site-packages/numpy/random/LICENSE.md,REFERENCE_DATA,kenLM,KEEP_MODULE_DOCS,,false
kenLM/.venv/lib/python3.12/site-packages/numpy-2.4.6.dist-info/licenses/numpy/fft/pocketfft/LICENSE.md,REFERENCE_DATA,kenLM,KEEP_MODULE_DOCS,,false
kenLM/.venv/lib/python3.12/site-packages/numpy-2.4.6.dist-info/licenses/numpy/random/LICENSE.md,REFERENCE_DATA,kenLM,KEEP_MODULE_DOCS,,false
kenLM/.venv/lib/python3.12/site-packages/numpy-2.4.6.dist-info/licenses/numpy/random/src/distributions/LICENSE.md,REFERENCE_DATA,kenLM,KEEP_MODULE_DOCS,,false
kenLM/.venv/lib/python3.12/site-packages/numpy-2.4.6.dist-info/licenses/numpy/random/src/mt19937/LICENSE.md,REFERENCE_DATA,kenLM,KEEP_MODULE_DOCS,,false
kenLM/.venv/lib/python3.12/site-packages/numpy-2.4.6.dist-info/licenses/numpy/random/src/pcg64/LICENSE.md,REFERENCE_DATA,kenLM,KEEP_MODULE_DOCS,,false
kenLM/.venv/lib/python3.12/site-packages/numpy-2.4.6.dist-info/licenses/numpy/random/src/philox/LICENSE.md,REFERENCE_DATA,kenLM,KEEP_MODULE_DOCS,,false
kenLM/.venv/lib/python3.12/site-packages/numpy-2.4.6.dist-info/licenses/numpy/random/src/sfc64/LICENSE.md,REFERENCE_DATA,kenLM,KEEP_MODULE_DOCS,,false
kenLM/.venv/lib/python3.12/site-packages/numpy-2.4.6.dist-info/licenses/numpy/random/src/splitmix64/LICENSE.md,REFERENCE_DATA,kenLM,KEEP_MODULE_DOCS,,false
kenLM/.venv/lib/python3.12/site-packages/numpy-2.4.6.dist-info/licenses/numpy/_core/src/npysort/x86-simd-sort/LICENSE.md,REFERENCE_DATA,kenLM,KEEP_MODULE_DOCS,,false
kenLM/.venv/lib/python3.12/site-packages/pyarrow/tests/data/orc/README.md,REFERENCE_DATA,kenLM,KEEP_MODULE_DOCS,,false
kenLM/.venv/lib/python3.12/site-packages/typer/.agents/skills/typer/SKILL.md,REFERENCE_DATA,kenLM,KEEP_MODULE_DOCS,,false
kenLM/kenlm/lm/builder/README.md,REFERENCE_DATA,kenLM,KEEP_MODULE_DOCS,,false
kenLM/kenlm/README.md,REFERENCE_DATA,kenLM,KEEP_MODULE_DOCS,,false
kenLM/README.md,REFERENCE_DATA,kenLM,KEEP_MODULE_DOCS,,false
