caseId,window,windowStart,windowEnd,plainKey,toneKey,acousticTonePattern,readiness,queryType,SQL,Bind,resultCount,resultWords,queryTonePinyinKey,toneExactHitCount,plainFallbackHitCount,sqlCallCount
SELF,我们,0,2,wo|men,wo3|men5,"[3,5]",ready,PLAIN_AND_TONE_COMPOSITE,"SELECT id, pinyin_key, tone_pinyin_key, word, normalized, prior_score, repair_target, enabled, aliases, source, canonical_word, is_alias FROM base_lexicon WHERE pinyin_key = ? AND tone_pinyin_key = ? AND enabled = 1 AND length(word) = ? ORDER BY prior_score DESC LIMIT ? || SELECT id, domain_id, pinyin_key, tone_pinyin_key, word, normalized, prior_score, repair_target, enabled, aliases, source, canonical_word, is_alias FROM domain_lexicon WHERE domain_id = ? AND pinyin_key = ? AND tone_pinyin_key = ? AND enabled = 1 AND length(word) = ? ORDER BY prior_score DESC LIMIT ? /* domainIds=[""bakery"",""coffee"",""food_order"",""medical"",""meeting"",""milk_tea"",""tech_ai"",""tourism_hotel"",""tourism_pickup"",""tourism_route"",""tourism_transport"",""transport""] */","{""pinyin_key"":""wo|men"",""tone_pinyin_key"":""wo3|men5"",""length"":2,""limit"":""cfg""} || {""domainIds"":[""bakery"",""coffee"",""food_order"",""medical"",""meeting"",""milk_tea"",""tech_ai"",""tourism_hotel"",""tourism_pickup"",""tourism_route"",""tourism_transport"",""transport""],""pinyin_key"":""wo|men"",""tone_pinyin_key"":""wo3|men5"",""length"":2,""limit"":""cfg""}",1,我们,wo3|men5,1,,2
SELF,正在,0,2,zheng|zai,zheng4|zai4,"[4,4]",ready,PLAIN_AND_TONE_COMPOSITE,"SELECT id, pinyin_key, tone_pinyin_key, word, normalized, prior_score, repair_target, enabled, aliases, source, canonical_word, is_alias FROM base_lexicon WHERE pinyin_key = ? AND tone_pinyin_key = ? AND enabled = 1 AND length(word) = ? ORDER BY prior_score DESC LIMIT ? || SELECT id, domain_id, pinyin_key, tone_pinyin_key, word, normalized, prior_score, repair_target, enabled, aliases, source, canonical_word, is_alias FROM domain_lexicon WHERE domain_id = ? AND pinyin_key = ? AND tone_pinyin_key = ? AND enabled = 1 AND length(word) = ? ORDER BY prior_score DESC LIMIT ? /* domainIds=[""bakery"",""coffee"",""food_order"",""medical"",""meeting"",""milk_tea"",""tech_ai"",""tourism_hotel"",""tourism_pickup"",""tourism_route"",""tourism_transport"",""transport""] */","{""pinyin_key"":""zheng|zai"",""tone_pinyin_key"":""zheng4|zai4"",""length"":2,""limit"":""cfg""} || {""domainIds"":[""bakery"",""coffee"",""food_order"",""medical"",""meeting"",""milk_tea"",""tech_ai"",""tourism_hotel"",""tourism_pickup"",""tourism_route"",""tourism_transport"",""transport""],""pinyin_key"":""zheng|zai"",""tone_pinyin_key"":""zheng4|zai4"",""length"":2,""limit"":""cfg""}",1,正在,zheng4|zai4,1,,2
SELF,中心,0,2,zhong|xin,zhong1|xin1,"[1,1]",ready,PLAIN_AND_TONE_COMPOSITE,"SELECT id, pinyin_key, tone_pinyin_key, word, normalized, prior_score, repair_target, enabled, aliases, source, canonical_word, is_alias FROM base_lexicon WHERE pinyin_key = ? AND tone_pinyin_key = ? AND enabled = 1 AND length(word) = ? ORDER BY prior_score DESC LIMIT ? || SELECT id, domain_id, pinyin_key, tone_pinyin_key, word, normalized, prior_score, repair_target, enabled, aliases, source, canonical_word, is_alias FROM domain_lexicon WHERE domain_id = ? AND pinyin_key = ? AND tone_pinyin_key = ? AND enabled = 1 AND length(word) = ? ORDER BY prior_score DESC LIMIT ? /* domainIds=[""bakery"",""coffee"",""food_order"",""medical"",""meeting"",""milk_tea"",""tech_ai"",""tourism_hotel"",""tourism_pickup"",""tourism_route"",""tourism_transport"",""transport""] */","{""pinyin_key"":""zhong|xin"",""tone_pinyin_key"":""zhong1|xin1"",""length"":2,""limit"":""cfg""} || {""domainIds"":[""bakery"",""coffee"",""food_order"",""medical"",""meeting"",""milk_tea"",""tech_ai"",""tourism_hotel"",""tourism_pickup"",""tourism_route"",""tourism_transport"",""transport""],""pinyin_key"":""zhong|xin"",""tone_pinyin_key"":""zhong1|xin1"",""length"":2,""limit"":""cfg""}",2,中心|忠心,zhong1|xin1,2,,2
SELF,小食,0,2,xiao|shi,xiao3|shi2,"[3,2]",ready,PLAIN_AND_TONE_COMPOSITE,"SELECT id, pinyin_key, tone_pinyin_key, word, normalized, prior_score, repair_target, enabled, aliases, source, canonical_word, is_alias FROM base_lexicon WHERE pinyin_key = ? AND tone_pinyin_key = ? AND enabled = 1 AND length(word) = ? ORDER BY prior_score DESC LIMIT ? || SELECT id, domain_id, pinyin_key, tone_pinyin_key, word, normalized, prior_score, repair_target, enabled, aliases, source, canonical_word, is_alias FROM domain_lexicon WHERE domain_id = ? AND pinyin_key = ? AND tone_pinyin_key = ? AND enabled = 1 AND length(word) = ? ORDER BY prior_score DESC LIMIT ? /* domainIds=[""bakery"",""coffee"",""food_order"",""medical"",""meeting"",""milk_tea"",""tech_ai"",""tourism_hotel"",""tourism_pickup"",""tourism_route"",""tourism_transport"",""transport""] */","{""pinyin_key"":""xiao|shi"",""tone_pinyin_key"":""xiao3|shi2"",""length"":2,""limit"":""cfg""} || {""domainIds"":[""bakery"",""coffee"",""food_order"",""medical"",""meeting"",""milk_tea"",""tech_ai"",""tourism_hotel"",""tourism_pickup"",""tourism_route"",""tourism_transport"",""transport""],""pinyin_key"":""xiao|shi"",""tone_pinyin_key"":""xiao3|shi2"",""length"":2,""limit"":""cfg""}",2,小食|小时,xiao3|shi2,2,,2
SELF,已经,0,2,yi|jing,yi3|jing1,"[3,1]",ready,PLAIN_AND_TONE_COMPOSITE,"SELECT id, pinyin_key, tone_pinyin_key, word, normalized, prior_score, repair_target, enabled, aliases, source, canonical_word, is_alias FROM base_lexicon WHERE pinyin_key = ? AND tone_pinyin_key = ? AND enabled = 1 AND length(word) = ? ORDER BY prior_score DESC LIMIT ? || SELECT id, domain_id, pinyin_key, tone_pinyin_key, word, normalized, prior_score, repair_target, enabled, aliases, source, canonical_word, is_alias FROM domain_lexicon WHERE domain_id = ? AND pinyin_key = ? AND tone_pinyin_key = ? AND enabled = 1 AND length(word) = ? ORDER BY prior_score DESC LIMIT ? /* domainIds=[""bakery"",""coffee"",""food_order"",""medical"",""meeting"",""milk_tea"",""tech_ai"",""tourism_hotel"",""tourism_pickup"",""tourism_route"",""tourism_transport"",""transport""] */","{""pinyin_key"":""yi|jing"",""tone_pinyin_key"":""yi3|jing1"",""length"":2,""limit"":""cfg""} || {""domainIds"":[""bakery"",""coffee"",""food_order"",""medical"",""meeting"",""milk_tea"",""tech_ai"",""tourism_hotel"",""tourism_pickup"",""tourism_route"",""tourism_transport"",""transport""],""pinyin_key"":""yi|jing"",""tone_pinyin_key"":""yi3|jing1"",""length"":2,""limit"":""cfg""}",1,已经,yi3|jing1,1,,2
SELF,同步,0,2,tong|bu,tong2|bu4,"[2,4]",ready,PLAIN_AND_TONE_COMPOSITE,"SELECT id, pinyin_key, tone_pinyin_key, word, normalized, prior_score, repair_target, enabled, aliases, source, canonical_word, is_alias FROM base_lexicon WHERE pinyin_key = ? AND tone_pinyin_key = ? AND enabled = 1 AND length(word) = ? ORDER BY prior_score DESC LIMIT ? || SELECT id, domain_id, pinyin_key, tone_pinyin_key, word, normalized, prior_score, repair_target, enabled, aliases, source, canonical_word, is_alias FROM domain_lexicon WHERE domain_id = ? AND pinyin_key = ? AND tone_pinyin_key = ? AND enabled = 1 AND length(word) = ? ORDER BY prior_score DESC LIMIT ? /* domainIds=[""bakery"",""coffee"",""food_order"",""medical"",""meeting"",""milk_tea"",""tech_ai"",""tourism_hotel"",""tourism_pickup"",""tourism_route"",""tourism_transport"",""transport""] */","{""pinyin_key"":""tong|bu"",""tone_pinyin_key"":""tong2|bu4"",""length"":2,""limit"":""cfg""} || {""domainIds"":[""bakery"",""coffee"",""food_order"",""medical"",""meeting"",""milk_tea"",""tech_ai"",""tourism_hotel"",""tourism_pickup"",""tourism_route"",""tourism_transport"",""transport""],""pinyin_key"":""tong|bu"",""tone_pinyin_key"":""tong2|bu4"",""length"":2,""limit"":""cfg""}",1,同步,tong2|bu4,1,,2
SELF,触发,0,2,chu|fa,chu4|fa1,"[4,1]",ready,PLAIN_AND_TONE_COMPOSITE,"SELECT id, pinyin_key, tone_pinyin_key, word, normalized, prior_score, repair_target, enabled, aliases, source, canonical_word, is_alias FROM base_lexicon WHERE pinyin_key = ? AND tone_pinyin_key = ? AND enabled = 1 AND length(word) = ? ORDER BY prior_score DESC LIMIT ? || SELECT id, domain_id, pinyin_key, tone_pinyin_key, word, normalized, prior_score, repair_target, enabled, aliases, source, canonical_word, is_alias FROM domain_lexicon WHERE domain_id = ? AND pinyin_key = ? AND tone_pinyin_key = ? AND enabled = 1 AND length(word) = ? ORDER BY prior_score DESC LIMIT ? /* domainIds=[""bakery"",""coffee"",""food_order"",""medical"",""meeting"",""milk_tea"",""tech_ai"",""tourism_hotel"",""tourism_pickup"",""tourism_route"",""tourism_transport"",""transport""] */","{""pinyin_key"":""chu|fa"",""tone_pinyin_key"":""chu4|fa1"",""length"":2,""limit"":""cfg""} || {""domainIds"":[""bakery"",""coffee"",""food_order"",""medical"",""meeting"",""milk_tea"",""tech_ai"",""tourism_hotel"",""tourism_pickup"",""tourism_route"",""tourism_transport"",""transport""],""pinyin_key"":""chu|fa"",""tone_pinyin_key"":""chu4|fa1"",""length"":2,""limit"":""cfg""}",1,触发,chu4|fa1,1,,2
SELF,阈值,0,2,yu|zhi,yu4|zhi2,"[4,2]",ready,PLAIN_AND_TONE_COMPOSITE,"SELECT id, pinyin_key, tone_pinyin_key, word, normalized, prior_score, repair_target, enabled, aliases, source, canonical_word, is_alias FROM base_lexicon WHERE pinyin_key = ? AND tone_pinyin_key = ? AND enabled = 1 AND length(word) = ? ORDER BY prior_score DESC LIMIT ? || SELECT id, domain_id, pinyin_key, tone_pinyin_key, word, normalized, prior_score, repair_target, enabled, aliases, source, canonical_word, is_alias FROM domain_lexicon WHERE domain_id = ? AND pinyin_key = ? AND tone_pinyin_key = ? AND enabled = 1 AND length(word) = ? ORDER BY prior_score DESC LIMIT ? /* domainIds=[""bakery"",""coffee"",""food_order"",""medical"",""meeting"",""milk_tea"",""tech_ai"",""tourism_hotel"",""tourism_pickup"",""tourism_route"",""tourism_transport"",""transport""] */","{""pinyin_key"":""yu|zhi"",""tone_pinyin_key"":""yu4|zhi2"",""length"":2,""limit"":""cfg""} || {""domainIds"":[""bakery"",""coffee"",""food_order"",""medical"",""meeting"",""milk_tea"",""tech_ai"",""tourism_hotel"",""tourism_pickup"",""tourism_route"",""tourism_transport"",""transport""],""pinyin_key"":""yu|zhi"",""tone_pinyin_key"":""yu4|zhi2"",""length"":2,""limit"":""cfg""}",1,阈值,yu4|zhi2,1,,2
nn-train-01,我,0,2,wo,wo1,[1],ready,PLAIN_AND_TONE_COMPOSITE,"SELECT id, pinyin_key, tone_pinyin_key, word, normalized, prior_score, repair_target, enabled, aliases, source, canonical_word, is_alias FROM base_lexicon WHERE pinyin_key = ? AND tone_pinyin_key = ? AND enabled = 1 AND length(word) = ? ORDER BY prior_score DESC LIMIT ? || SELECT id, pinyin_key, tone_pinyin_key, word, normalized, prior_score, repair_target, enabled, aliases, source, canonical_word, is_alias FROM base_lexicon WHERE pinyin_key = ? AND tone_pinyin_key = ? AND word = ? AND enabled = 1 AND length(word) = ? LIMIT ?","{""pinyin_key"":""wo"",""tone_pinyin_key"":""wo1"",""length"":1,""limit"":8} || {""pinyin_key"":""wo"",""tone_pinyin_key"":""wo1"",""word"":""我"",""length"":1,""limit"":2}",0,,wo1,0,,2
nn-train-01,我闷,0,2,wo|men,wo1|men1,"[1,1]",ready,PLAIN_AND_TONE_COMPOSITE,"SELECT id, pinyin_key, tone_pinyin_key, word, normalized, prior_score, repair_target, enabled, aliases, source, canonical_word, is_alias FROM base_lexicon WHERE pinyin_key = ? AND tone_pinyin_key = ? AND enabled = 1 AND length(word) = ? ORDER BY prior_score DESC LIMIT ? || SELECT id, domain_id, pinyin_key, tone_pinyin_key, word, normalized, prior_score, repair_target, enabled, aliases, source, canonical_word, is_alias FROM domain_lexicon WHERE domain_id = ? AND pinyin_key = ? AND tone_pinyin_key = ? AND enabled = 1 AND length(word) = ? ORDER BY prior_score DESC LIMIT ? /* domainIds=[""bakery"",""coffee"",""food_order"",""medical"",""meeting"",""milk_tea"",""tech_ai"",""tourism_hotel"",""tourism_pickup"",""tourism_route"",""tourism_transport"",""transport""] */","{""pinyin_key"":""wo|men"",""tone_pinyin_key"":""wo1|men1"",""length"":2,""limit"":8} || {""domainIds"":[""bakery"",""coffee"",""food_order"",""medical"",""meeting"",""milk_tea"",""tech_ai"",""tourism_hotel"",""tourism_pickup"",""tourism_route"",""tourism_transport"",""transport""],""pinyin_key"":""wo|men"",""tone_pinyin_key"":""wo1|men1"",""length"":2,""limit"":8}",0,,wo1|men1,0,,2
nn-train-01,我闷蒸,0,2,wo|men|zheng,wo1|men1|zheng1,"[1,1,1]",ready,PLAIN_AND_TONE_COMPOSITE,"SELECT id, pinyin_key, tone_pinyin_key, word, normalized, prior_score, repair_target, enabled, aliases, source, canonical_word, is_alias FROM base_lexicon WHERE pinyin_key = ? AND tone_pinyin_key = ? AND enabled = 1 AND length(word) = ? ORDER BY prior_score DESC LIMIT ? || SELECT id, domain_id, pinyin_key, tone_pinyin_key, word, normalized, prior_score, repair_target, enabled, aliases, source, canonical_word, is_alias FROM domain_lexicon WHERE domain_id = ? AND pinyin_key = ? AND tone_pinyin_key = ? AND enabled = 1 AND length(word) = ? ORDER BY prior_score DESC LIMIT ? /* domainIds=[""bakery"",""coffee"",""food_order"",""medical"",""meeting"",""milk_tea"",""tech_ai"",""tourism_hotel"",""tourism_pickup"",""tourism_route"",""tourism_transport"",""transport""] */","{""pinyin_key"":""wo|men|zheng"",""tone_pinyin_key"":""wo1|men1|zheng1"",""length"":3,""limit"":8} || {""domainIds"":[""bakery"",""coffee"",""food_order"",""medical"",""meeting"",""milk_tea"",""tech_ai"",""tourism_hotel"",""tourism_pickup"",""tourism_route"",""tourism_transport"",""transport""],""pinyin_key"":""wo|men|zheng"",""tone_pinyin_key"":""wo1|men1|zheng1"",""length"":3,""limit"":8}",0,,wo1|men1|zheng1,0,,2
nn-train-01,我闷蒸在,0,2,wo|men|zheng|zai,wo1|men1|zheng1|zai1,"[1,1,1,1]",ready,PLAIN_AND_TONE_COMPOSITE,"SELECT id, pinyin_key, tone_pinyin_key, word, normalized, prior_score, repair_target, enabled, aliases, source, canonical_word, is_alias FROM base_lexicon WHERE pinyin_key = ? AND tone_pinyin_key = ? AND enabled = 1 AND length(word) = ? ORDER BY prior_score DESC LIMIT ? || SELECT id, domain_id, pinyin_key, tone_pinyin_key, word, normalized, prior_score, repair_target, enabled, aliases, source, canonical_word, is_alias FROM domain_lexicon WHERE domain_id = ? AND pinyin_key = ? AND tone_pinyin_key = ? AND enabled = 1 AND length(word) = ? ORDER BY prior_score DESC LIMIT ? /* domainIds=[""bakery"",""coffee"",""food_order"",""medical"",""meeting"",""milk_tea"",""tech_ai"",""tourism_hotel"",""tourism_pickup"",""tourism_route"",""tourism_transport"",""transport""] */","{""pinyin_key"":""wo|men|zheng|zai"",""tone_pinyin_key"":""wo1|men1|zheng1|zai1"",""length"":4,""limit"":8} || {""domainIds"":[""bakery"",""coffee"",""food_order"",""medical"",""meeting"",""milk_tea"",""tech_ai"",""tourism_hotel"",""tourism_pickup"",""tourism_route"",""tourism_transport"",""transport""],""pinyin_key"":""wo|men|zheng|zai"",""tone_pinyin_key"":""wo1|men1|zheng1|zai1"",""length"":4,""limit"":8}",0,,wo1|men1|zheng1|zai1,0,,2
nn-train-01,我闷蒸在升,0,2,wo|men|zheng|zai|sheng,wo1|men1|zheng1|zai1|sheng1,"[1,1,1,1,1]",ready,PLAIN_AND_TONE_COMPOSITE,"SELECT id, pinyin_key, tone_pinyin_key, word, normalized, prior_score, repair_target, enabled, aliases, source, canonical_word, is_alias FROM base_lexicon WHERE pinyin_key = ? AND tone_pinyin_key = ? AND enabled = 1 AND length(word) = ? ORDER BY prior_score DESC LIMIT ? || SELECT id, domain_id, pinyin_key, tone_pinyin_key, word, normalized, prior_score, repair_target, enabled, aliases, source, canonical_word, is_alias FROM domain_lexicon WHERE domain_id = ? AND pinyin_key = ? AND tone_pinyin_key = ? AND enabled = 1 AND length(word) = ? ORDER BY prior_score DESC LIMIT ? /* domainIds=[""bakery"",""coffee"",""food_order"",""medical"",""meeting"",""milk_tea"",""tech_ai"",""tourism_hotel"",""tourism_pickup"",""tourism_route"",""tourism_transport"",""transport""] */","{""pinyin_key"":""wo|men|zheng|zai|sheng"",""tone_pinyin_key"":""wo1|men1|zheng1|zai1|sheng1"",""length"":5,""limit"":8} || {""domainIds"":[""bakery"",""coffee"",""food_order"",""medical"",""meeting"",""milk_tea"",""tech_ai"",""tourism_hotel"",""tourism_pickup"",""tourism_route"",""tourism_transport"",""transport""],""pinyin_key"":""wo|men|zheng|zai|sheng"",""tone_pinyin_key"":""wo1|men1|zheng1|zai1|sheng1"",""length"":5,""limit"":8}",0,,wo1|men1|zheng1|zai1|sheng1,0,,2
nn-train-01,闷,0,2,men,men1,[1],ready,PLAIN_AND_TONE_COMPOSITE,"SELECT id, pinyin_key, tone_pinyin_key, word, normalized, prior_score, repair_target, enabled, aliases, source, canonical_word, is_alias FROM base_lexicon WHERE pinyin_key = ? AND tone_pinyin_key = ? AND enabled = 1 AND length(word) = ? ORDER BY prior_score DESC LIMIT ? || SELECT id, pinyin_key, tone_pinyin_key, word, normalized, prior_score, repair_target, enabled, aliases, source, canonical_word, is_alias FROM base_lexicon WHERE pinyin_key = ? AND tone_pinyin_key = ? AND word = ? AND enabled = 1 AND length(word) = ? LIMIT ?","{""pinyin_key"":""men"",""tone_pinyin_key"":""men1"",""length"":1,""limit"":8} || {""pinyin_key"":""men"",""tone_pinyin_key"":""men1"",""word"":""闷"",""length"":1,""limit"":2}",0,,men1,0,,2
nn-train-01,闷蒸,0,2,men|zheng,men1|zheng1,"[1,1]",ready,PLAIN_AND_TONE_COMPOSITE,"SELECT id, pinyin_key, tone_pinyin_key, word, normalized, prior_score, repair_target, enabled, aliases, source, canonical_word, is_alias FROM base_lexicon WHERE pinyin_key = ? AND tone_pinyin_key = ? AND enabled = 1 AND length(word) = ? ORDER BY prior_score DESC LIMIT ? || SELECT id, domain_id, pinyin_key, tone_pinyin_key, word, normalized, prior_score, repair_target, enabled, aliases, source, canonical_word, is_alias FROM domain_lexicon WHERE domain_id = ? AND pinyin_key = ? AND tone_pinyin_key = ? AND enabled = 1 AND length(word) = ? ORDER BY prior_score DESC LIMIT ? /* domainIds=[""bakery"",""coffee"",""food_order"",""medical"",""meeting"",""milk_tea"",""tech_ai"",""tourism_hotel"",""tourism_pickup"",""tourism_route"",""tourism_transport"",""transport""] */","{""pinyin_key"":""men|zheng"",""tone_pinyin_key"":""men1|zheng1"",""length"":2,""limit"":8} || {""domainIds"":[""bakery"",""coffee"",""food_order"",""medical"",""meeting"",""milk_tea"",""tech_ai"",""tourism_hotel"",""tourism_pickup"",""tourism_route"",""tourism_transport"",""transport""],""pinyin_key"":""men|zheng"",""tone_pinyin_key"":""men1|zheng1"",""length"":2,""limit"":8}",1,闷蒸,men1|zheng1,1,,2
nn-train-01,闷蒸在,0,2,men|zheng|zai,men1|zheng1|zai1,"[1,1,1]",ready,PLAIN_AND_TONE_COMPOSITE,"SELECT id, pinyin_key, tone_pinyin_key, word, normalized, prior_score, repair_target, enabled, aliases, source, canonical_word, is_alias FROM base_lexicon WHERE pinyin_key = ? AND tone_pinyin_key = ? AND enabled = 1 AND length(word) = ? ORDER BY prior_score DESC LIMIT ? || SELECT id, domain_id, pinyin_key, tone_pinyin_key, word, normalized, prior_score, repair_target, enabled, aliases, source, canonical_word, is_alias FROM domain_lexicon WHERE domain_id = ? AND pinyin_key = ? AND tone_pinyin_key = ? AND enabled = 1 AND length(word) = ? ORDER BY prior_score DESC LIMIT ? /* domainIds=[""bakery"",""coffee"",""food_order"",""medical"",""meeting"",""milk_tea"",""tech_ai"",""tourism_hotel"",""tourism_pickup"",""tourism_route"",""tourism_transport"",""transport""] */","{""pinyin_key"":""men|zheng|zai"",""tone_pinyin_key"":""men1|zheng1|zai1"",""length"":3,""limit"":8} || {""domainIds"":[""bakery"",""coffee"",""food_order"",""medical"",""meeting"",""milk_tea"",""tech_ai"",""tourism_hotel"",""tourism_pickup"",""tourism_route"",""tourism_transport"",""transport""],""pinyin_key"":""men|zheng|zai"",""tone_pinyin_key"":""men1|zheng1|zai1"",""length"":3,""limit"":8}",0,,men1|zheng1|zai1,0,,2
nn-train-01,闷蒸在升,0,2,men|zheng|zai|sheng,men1|zheng1|zai1|sheng1,"[1,1,1,1]",ready,PLAIN_AND_TONE_COMPOSITE,"SELECT id, pinyin_key, tone_pinyin_key, word, normalized, prior_score, repair_target, enabled, aliases, source, canonical_word, is_alias FROM base_lexicon WHERE pinyin_key = ? AND tone_pinyin_key = ? AND enabled = 1 AND length(word) = ? ORDER BY prior_score DESC LIMIT ? || SELECT id, domain_id, pinyin_key, tone_pinyin_key, word, normalized, prior_score, repair_target, enabled, aliases, source, canonical_word, is_alias FROM domain_lexicon WHERE domain_id = ? AND pinyin_key = ? AND tone_pinyin_key = ? AND enabled = 1 AND length(word) = ? ORDER BY prior_score DESC LIMIT ? /* domainIds=[""bakery"",""coffee"",""food_order"",""medical"",""meeting"",""milk_tea"",""tech_ai"",""tourism_hotel"",""tourism_pickup"",""tourism_route"",""tourism_transport"",""transport""] */","{""pinyin_key"":""men|zheng|zai|sheng"",""tone_pinyin_key"":""men1|zheng1|zai1|sheng1"",""length"":4,""limit"":8} || {""domainIds"":[""bakery"",""coffee"",""food_order"",""medical"",""meeting"",""milk_tea"",""tech_ai"",""tourism_hotel"",""tourism_pickup"",""tourism_route"",""tourism_transport"",""transport""],""pinyin_key"":""men|zheng|zai|sheng"",""tone_pinyin_key"":""men1|zheng1|zai1|sheng1"",""length"":4,""limit"":8}",0,,men1|zheng1|zai1|sheng1,0,,2
nn-train-01,闷蒸在升级,0,2,men|zheng|zai|sheng|ji,men1|zheng1|zai1|sheng1|ji1,"[1,1,1,1,1]",ready,PLAIN_AND_TONE_COMPOSITE,"SELECT id, pinyin_key, tone_pinyin_key, word, normalized, prior_score, repair_target, enabled, aliases, source, canonical_word, is_alias FROM base_lexicon WHERE pinyin_key = ? AND tone_pinyin_key = ? AND enabled = 1 AND length(word) = ? ORDER BY prior_score DESC LIMIT ? || SELECT id, domain_id, pinyin_key, tone_pinyin_key, word, normalized, prior_score, repair_target, enabled, aliases, source, canonical_word, is_alias FROM domain_lexicon WHERE domain_id = ? AND pinyin_key = ? AND tone_pinyin_key = ? AND enabled = 1 AND length(word) = ? ORDER BY prior_score DESC LIMIT ? /* domainIds=[""bakery"",""coffee"",""food_order"",""medical"",""meeting"",""milk_tea"",""tech_ai"",""tourism_hotel"",""tourism_pickup"",""tourism_route"",""tourism_transport"",""transport""] */","{""pinyin_key"":""men|zheng|zai|sheng|ji"",""tone_pinyin_key"":""men1|zheng1|zai1|sheng1|ji1"",""length"":5,""limit"":8} || {""domainIds"":[""bakery"",""coffee"",""food_order"",""medical"",""meeting"",""milk_tea"",""tech_ai"",""tourism_hotel"",""tourism_pickup"",""tourism_route"",""tourism_transport"",""transport""],""pinyin_key"":""men|zheng|zai|sheng|ji"",""tone_pinyin_key"":""men1|zheng1|zai1|sheng1|ji1"",""length"":5,""limit"":8}",0,,men1|zheng1|zai1|sheng1|ji1,0,,2
nn-train-01,蒸,0,2,zheng,zheng1,[1],ready,PLAIN_AND_TONE_COMPOSITE,"SELECT id, pinyin_key, tone_pinyin_key, word, normalized, prior_score, repair_target, enabled, aliases, source, canonical_word, is_alias FROM base_lexicon WHERE pinyin_key = ? AND tone_pinyin_key = ? AND enabled = 1 AND length(word) = ? ORDER BY prior_score DESC LIMIT ? || SELECT id, pinyin_key, tone_pinyin_key, word, normalized, prior_score, repair_target, enabled, aliases, source, canonical_word, is_alias FROM base_lexicon WHERE pinyin_key = ? AND tone_pinyin_key = ? AND word = ? AND enabled = 1 AND length(word) = ? LIMIT ?","{""pinyin_key"":""zheng"",""tone_pinyin_key"":""zheng1"",""length"":1,""limit"":8} || {""pinyin_key"":""zheng"",""tone_pinyin_key"":""zheng1"",""word"":""蒸"",""length"":1,""limit"":2}",0,,zheng1,0,,2
nn-train-01,蒸在,0,2,zheng|zai,zheng1|zai1,"[1,1]",ready,PLAIN_AND_TONE_COMPOSITE,"SELECT id, pinyin_key, tone_pinyin_key, word, normalized, prior_score, repair_target, enabled, aliases, source, canonical_word, is_alias FROM base_lexicon WHERE pinyin_key = ? AND tone_pinyin_key = ? AND enabled = 1 AND length(word) = ? ORDER BY prior_score DESC LIMIT ? || SELECT id, domain_id, pinyin_key, tone_pinyin_key, word, normalized, prior_score, repair_target, enabled, aliases, source, canonical_word, is_alias FROM domain_lexicon WHERE domain_id = ? AND pinyin_key = ? AND tone_pinyin_key = ? AND enabled = 1 AND length(word) = ? ORDER BY prior_score DESC LIMIT ? /* domainIds=[""bakery"",""coffee"",""food_order"",""medical"",""meeting"",""milk_tea"",""tech_ai"",""tourism_hotel"",""tourism_pickup"",""tourism_route"",""tourism_transport"",""transport""] */","{""pinyin_key"":""zheng|zai"",""tone_pinyin_key"":""zheng1|zai1"",""length"":2,""limit"":8} || {""domainIds"":[""bakery"",""coffee"",""food_order"",""medical"",""meeting"",""milk_tea"",""tech_ai"",""tourism_hotel"",""tourism_pickup"",""tourism_route"",""tourism_transport"",""transport""],""pinyin_key"":""zheng|zai"",""tone_pinyin_key"":""zheng1|zai1"",""length"":2,""limit"":8}",0,,zheng1|zai1,0,,2
nn-train-01,蒸在升,0,2,zheng|zai|sheng,zheng1|zai1|sheng1,"[1,1,1]",ready,PLAIN_AND_TONE_COMPOSITE,"SELECT id, pinyin_key, tone_pinyin_key, word, normalized, prior_score, repair_target, enabled, aliases, source, canonical_word, is_alias FROM base_lexicon WHERE pinyin_key = ? AND tone_pinyin_key = ? AND enabled = 1 AND length(word) = ? ORDER BY prior_score DESC LIMIT ? || SELECT id, domain_id, pinyin_key, tone_pinyin_key, word, normalized, prior_score, repair_target, enabled, aliases, source, canonical_word, is_alias FROM domain_lexicon WHERE domain_id = ? AND pinyin_key = ? AND tone_pinyin_key = ? AND enabled = 1 AND length(word) = ? ORDER BY prior_score DESC LIMIT ? /* domainIds=[""bakery"",""coffee"",""food_order"",""medical"",""meeting"",""milk_tea"",""tech_ai"",""tourism_hotel"",""tourism_pickup"",""tourism_route"",""tourism_transport"",""transport""] */","{""pinyin_key"":""zheng|zai|sheng"",""tone_pinyin_key"":""zheng1|zai1|sheng1"",""length"":3,""limit"":8} || {""domainIds"":[""bakery"",""coffee"",""food_order"",""medical"",""meeting"",""milk_tea"",""tech_ai"",""tourism_hotel"",""tourism_pickup"",""tourism_route"",""tourism_transport"",""transport""],""pinyin_key"":""zheng|zai|sheng"",""tone_pinyin_key"":""zheng1|zai1|sheng1"",""length"":3,""limit"":8}",0,,zheng1|zai1|sheng1,0,,2
nn-train-01,蒸在升级,0,2,zheng|zai|sheng|ji,zheng1|zai1|sheng1|ji1,"[1,1,1,1]",ready,PLAIN_AND_TONE_COMPOSITE,"SELECT id, pinyin_key, tone_pinyin_key, word, normalized, prior_score, repair_target, enabled, aliases, source, canonical_word, is_alias FROM base_lexicon WHERE pinyin_key = ? AND tone_pinyin_key = ? AND enabled = 1 AND length(word) = ? ORDER BY prior_score DESC LIMIT ? || SELECT id, domain_id, pinyin_key, tone_pinyin_key, word, normalized, prior_score, repair_target, enabled, aliases, source, canonical_word, is_alias FROM domain_lexicon WHERE domain_id = ? AND pinyin_key = ? AND tone_pinyin_key = ? AND enabled = 1 AND length(word) = ? ORDER BY prior_score DESC LIMIT ? /* domainIds=[""bakery"",""coffee"",""food_order"",""medical"",""meeting"",""milk_tea"",""tech_ai"",""tourism_hotel"",""tourism_pickup"",""tourism_route"",""tourism_transport"",""transport""] */","{""pinyin_key"":""zheng|zai|sheng|ji"",""tone_pinyin_key"":""zheng1|zai1|sheng1|ji1"",""length"":4,""limit"":8} || {""domainIds"":[""bakery"",""coffee"",""food_order"",""medical"",""meeting"",""milk_tea"",""tech_ai"",""tourism_hotel"",""tourism_pickup"",""tourism_route"",""tourism_transport"",""transport""],""pinyin_key"":""zheng|zai|sheng|ji"",""tone_pinyin_key"":""zheng1|zai1|sheng1|ji1"",""length"":4,""limit"":8}",0,,zheng1|zai1|sheng1|ji1,0,,2
nn-train-01,蒸在升级公,0,2,zheng|zai|sheng|ji|gong,zheng1|zai1|sheng1|ji1|gong1,"[1,1,1,1,1]",ready,PLAIN_AND_TONE_COMPOSITE,"SELECT id, pinyin_key, tone_pinyin_key, word, normalized, prior_score, repair_target, enabled, aliases, source, canonical_word, is_alias FROM base_lexicon WHERE pinyin_key = ? AND tone_pinyin_key = ? AND enabled = 1 AND length(word) = ? ORDER BY prior_score DESC LIMIT ? || SELECT id, domain_id, pinyin_key, tone_pinyin_key, word, normalized, prior_score, repair_target, enabled, aliases, source, canonical_word, is_alias FROM domain_lexicon WHERE domain_id = ? AND pinyin_key = ? AND tone_pinyin_key = ? AND enabled = 1 AND length(word) = ? ORDER BY prior_score DESC LIMIT ? /* domainIds=[""bakery"",""coffee"",""food_order"",""medical"",""meeting"",""milk_tea"",""tech_ai"",""tourism_hotel"",""tourism_pickup"",""tourism_route"",""tourism_transport"",""transport""] */","{""pinyin_key"":""zheng|zai|sheng|ji|gong"",""tone_pinyin_key"":""zheng1|zai1|sheng1|ji1|gong1"",""length"":5,""limit"":8} || {""domainIds"":[""bakery"",""coffee"",""food_order"",""medical"",""meeting"",""milk_tea"",""tech_ai"",""tourism_hotel"",""tourism_pickup"",""tourism_route"",""tourism_transport"",""transport""],""pinyin_key"":""zheng|zai|sheng|ji|gong"",""tone_pinyin_key"":""zheng1|zai1|sheng1|ji1|gong1"",""length"":5,""limit"":8}",0,,zheng1|zai1|sheng1|ji1|gong1,0,,2
nn-train-01,在,0,2,zai,zai1,[1],ready,PLAIN_AND_TONE_COMPOSITE,"SELECT id, pinyin_key, tone_pinyin_key, word, normalized, prior_score, repair_target, enabled, aliases, source, canonical_word, is_alias FROM base_lexicon WHERE pinyin_key = ? AND tone_pinyin_key = ? AND enabled = 1 AND length(word) = ? ORDER BY prior_score DESC LIMIT ? || SELECT id, pinyin_key, tone_pinyin_key, word, normalized, prior_score, repair_target, enabled, aliases, source, canonical_word, is_alias FROM base_lexicon WHERE pinyin_key = ? AND tone_pinyin_key = ? AND word = ? AND enabled = 1 AND length(word) = ? LIMIT ?","{""pinyin_key"":""zai"",""tone_pinyin_key"":""zai1"",""length"":1,""limit"":8} || {""pinyin_key"":""zai"",""tone_pinyin_key"":""zai1"",""word"":""在"",""length"":1,""limit"":2}",0,,zai1,0,,2
nn-train-01,在升,0,2,zai|sheng,zai1|sheng1,"[1,1]",ready,PLAIN_AND_TONE_COMPOSITE,"SELECT id, pinyin_key, tone_pinyin_key, word, normalized, prior_score, repair_target, enabled, aliases, source, canonical_word, is_alias FROM base_lexicon WHERE pinyin_key = ? AND tone_pinyin_key = ? AND enabled = 1 AND length(word) = ? ORDER BY prior_score DESC LIMIT ? || SELECT id, domain_id, pinyin_key, tone_pinyin_key, word, normalized, prior_score, repair_target, enabled, aliases, source, canonical_word, is_alias FROM domain_lexicon WHERE domain_id = ? AND pinyin_key = ? AND tone_pinyin_key = ? AND enabled = 1 AND length(word) = ? ORDER BY prior_score DESC LIMIT ? /* domainIds=[""bakery"",""coffee"",""food_order"",""medical"",""meeting"",""milk_tea"",""tech_ai"",""tourism_hotel"",""tourism_pickup"",""tourism_route"",""tourism_transport"",""transport""] */","{""pinyin_key"":""zai|sheng"",""tone_pinyin_key"":""zai1|sheng1"",""length"":2,""limit"":8} || {""domainIds"":[""bakery"",""coffee"",""food_order"",""medical"",""meeting"",""milk_tea"",""tech_ai"",""tourism_hotel"",""tourism_pickup"",""tourism_route"",""tourism_transport"",""transport""],""pinyin_key"":""zai|sheng"",""tone_pinyin_key"":""zai1|sheng1"",""length"":2,""limit"":8}",0,,zai1|sheng1,0,,2
nn-train-01,在升级,0,2,zai|sheng|ji,zai1|sheng1|ji1,"[1,1,1]",ready,PLAIN_AND_TONE_COMPOSITE,"SELECT id, pinyin_key, tone_pinyin_key, word, normalized, prior_score, repair_target, enabled, aliases, source, canonical_word, is_alias FROM base_lexicon WHERE pinyin_key = ? AND tone_pinyin_key = ? AND enabled = 1 AND length(word) = ? ORDER BY prior_score DESC LIMIT ? || SELECT id, domain_id, pinyin_key, tone_pinyin_key, word, normalized, prior_score, repair_target, enabled, aliases, source, canonical_word, is_alias FROM domain_lexicon WHERE domain_id = ? AND pinyin_key = ? AND tone_pinyin_key = ? AND enabled = 1 AND length(word) = ? ORDER BY prior_score DESC LIMIT ? /* domainIds=[""bakery"",""coffee"",""food_order"",""medical"",""meeting"",""milk_tea"",""tech_ai"",""tourism_hotel"",""tourism_pickup"",""tourism_route"",""tourism_transport"",""transport""] */","{""pinyin_key"":""zai|sheng|ji"",""tone_pinyin_key"":""zai1|sheng1|ji1"",""length"":3,""limit"":8} || {""domainIds"":[""bakery"",""coffee"",""food_order"",""medical"",""meeting"",""milk_tea"",""tech_ai"",""tourism_hotel"",""tourism_pickup"",""tourism_route"",""tourism_transport"",""transport""],""pinyin_key"":""zai|sheng|ji"",""tone_pinyin_key"":""zai1|sheng1|ji1"",""length"":3,""limit"":8}",0,,zai1|sheng1|ji1,0,,2
nn-train-01,在升级公,0,2,zai|sheng|ji|gong,zai1|sheng1|ji1|gong1,"[1,1,1,1]",ready,PLAIN_AND_TONE_COMPOSITE,"SELECT id, pinyin_key, tone_pinyin_key, word, normalized, prior_score, repair_target, enabled, aliases, source, canonical_word, is_alias FROM base_lexicon WHERE pinyin_key = ? AND tone_pinyin_key = ? AND enabled = 1 AND length(word) = ? ORDER BY prior_score DESC LIMIT ? || SELECT id, domain_id, pinyin_key, tone_pinyin_key, word, normalized, prior_score, repair_target, enabled, aliases, source, canonical_word, is_alias FROM domain_lexicon WHERE domain_id = ? AND pinyin_key = ? AND tone_pinyin_key = ? AND enabled = 1 AND length(word) = ? ORDER BY prior_score DESC LIMIT ? /* domainIds=[""bakery"",""coffee"",""food_order"",""medical"",""meeting"",""milk_tea"",""tech_ai"",""tourism_hotel"",""tourism_pickup"",""tourism_route"",""tourism_transport"",""transport""] */","{""pinyin_key"":""zai|sheng|ji|gong"",""tone_pinyin_key"":""zai1|sheng1|ji1|gong1"",""length"":4,""limit"":8} || {""domainIds"":[""bakery"",""coffee"",""food_order"",""medical"",""meeting"",""milk_tea"",""tech_ai"",""tourism_hotel"",""tourism_pickup"",""tourism_route"",""tourism_transport"",""transport""],""pinyin_key"":""zai|sheng|ji|gong"",""tone_pinyin_key"":""zai1|sheng1|ji1|gong1"",""length"":4,""limit"":8}",0,,zai1|sheng1|ji1|gong1,0,,2
nn-train-01,在升级公司,0,2,zai|sheng|ji|gong|si,zai1|sheng1|ji1|gong1|si1,"[1,1,1,1,1]",ready,PLAIN_AND_TONE_COMPOSITE,"SELECT id, pinyin_key, tone_pinyin_key, word, normalized, prior_score, repair_target, enabled, aliases, source, canonical_word, is_alias FROM base_lexicon WHERE pinyin_key = ? AND tone_pinyin_key = ? AND enabled = 1 AND length(word) = ? ORDER BY prior_score DESC LIMIT ? || SELECT id, domain_id, pinyin_key, tone_pinyin_key, word, normalized, prior_score, repair_target, enabled, aliases, source, canonical_word, is_alias FROM domain_lexicon WHERE domain_id = ? AND pinyin_key = ? AND tone_pinyin_key = ? AND enabled = 1 AND length(word) = ? ORDER BY prior_score DESC LIMIT ? /* domainIds=[""bakery"",""coffee"",""food_order"",""medical"",""meeting"",""milk_tea"",""tech_ai"",""tourism_hotel"",""tourism_pickup"",""tourism_route"",""tourism_transport"",""transport""] */","{""pinyin_key"":""zai|sheng|ji|gong|si"",""tone_pinyin_key"":""zai1|sheng1|ji1|gong1|si1"",""length"":5,""limit"":8} || {""domainIds"":[""bakery"",""coffee"",""food_order"",""medical"",""meeting"",""milk_tea"",""tech_ai"",""tourism_hotel"",""tourism_pickup"",""tourism_route"",""tourism_transport"",""transport""],""pinyin_key"":""zai|sheng|ji|gong|si"",""tone_pinyin_key"":""zai1|sheng1|ji1|gong1|si1"",""length"":5,""limit"":8}",0,,zai1|sheng1|ji1|gong1|si1,0,,2
nn-train-01,升,0,2,sheng,sheng1,[1],ready,PLAIN_AND_TONE_COMPOSITE,"SELECT id, pinyin_key, tone_pinyin_key, word, normalized, prior_score, repair_target, enabled, aliases, source, canonical_word, is_alias FROM base_lexicon WHERE pinyin_key = ? AND tone_pinyin_key = ? AND enabled = 1 AND length(word) = ? ORDER BY prior_score DESC LIMIT ? || SELECT id, pinyin_key, tone_pinyin_key, word, normalized, prior_score, repair_target, enabled, aliases, source, canonical_word, is_alias FROM base_lexicon WHERE pinyin_key = ? AND tone_pinyin_key = ? AND word = ? AND enabled = 1 AND length(word) = ? LIMIT ?","{""pinyin_key"":""sheng"",""tone_pinyin_key"":""sheng1"",""length"":1,""limit"":8} || {""pinyin_key"":""sheng"",""tone_pinyin_key"":""sheng1"",""word"":""升"",""length"":1,""limit"":2}",0,,sheng1,0,,2
nn-train-01,升级,0,2,sheng|ji,sheng1|ji1,"[1,1]",ready,PLAIN_AND_TONE_COMPOSITE,"SELECT id, pinyin_key, tone_pinyin_key, word, normalized, prior_score, repair_target, enabled, aliases, source, canonical_word, is_alias FROM base_lexicon WHERE pinyin_key = ? AND tone_pinyin_key = ? AND enabled = 1 AND length(word) = ? ORDER BY prior_score DESC LIMIT ? || SELECT id, domain_id, pinyin_key, tone_pinyin_key, word, normalized, prior_score, repair_target, enabled, aliases, source, canonical_word, is_alias FROM domain_lexicon WHERE domain_id = ? AND pinyin_key = ? AND tone_pinyin_key = ? AND enabled = 1 AND length(word) = ? ORDER BY prior_score DESC LIMIT ? /* domainIds=[""bakery"",""coffee"",""food_order"",""medical"",""meeting"",""milk_tea"",""tech_ai"",""tourism_hotel"",""tourism_pickup"",""tourism_route"",""tourism_transport"",""transport""] */","{""pinyin_key"":""sheng|ji"",""tone_pinyin_key"":""sheng1|ji1"",""length"":2,""limit"":8} || {""domainIds"":[""bakery"",""coffee"",""food_order"",""medical"",""meeting"",""milk_tea"",""tech_ai"",""tourism_hotel"",""tourism_pickup"",""tourism_route"",""tourism_transport"",""transport""],""pinyin_key"":""sheng|ji"",""tone_pinyin_key"":""sheng1|ji1"",""length"":2,""limit"":8}",0,,sheng1|ji1,0,,2
nn-train-01,升级公,0,2,sheng|ji|gong,sheng1|ji1|gong1,"[1,1,1]",ready,PLAIN_AND_TONE_COMPOSITE,"SELECT id, pinyin_key, tone_pinyin_key, word, normalized, prior_score, repair_target, enabled, aliases, source, canonical_word, is_alias FROM base_lexicon WHERE pinyin_key = ? AND tone_pinyin_key = ? AND enabled = 1 AND length(word) = ? ORDER BY prior_score DESC LIMIT ? || SELECT id, domain_id, pinyin_key, tone_pinyin_key, word, normalized, prior_score, repair_target, enabled, aliases, source, canonical_word, is_alias FROM domain_lexicon WHERE domain_id = ? AND pinyin_key = ? AND tone_pinyin_key = ? AND enabled = 1 AND length(word) = ? ORDER BY prior_score DESC LIMIT ? /* domainIds=[""bakery"",""coffee"",""food_order"",""medical"",""meeting"",""milk_tea"",""tech_ai"",""tourism_hotel"",""tourism_pickup"",""tourism_route"",""tourism_transport"",""transport""] */","{""pinyin_key"":""sheng|ji|gong"",""tone_pinyin_key"":""sheng1|ji1|gong1"",""length"":3,""limit"":8} || {""domainIds"":[""bakery"",""coffee"",""food_order"",""medical"",""meeting"",""milk_tea"",""tech_ai"",""tourism_hotel"",""tourism_pickup"",""tourism_route"",""tourism_transport"",""transport""],""pinyin_key"":""sheng|ji|gong"",""tone_pinyin_key"":""sheng1|ji1|gong1"",""length"":3,""limit"":8}",0,,sheng1|ji1|gong1,0,,2
nn-train-01,升级公司,0,2,sheng|ji|gong|si,sheng1|ji1|gong1|si1,"[1,1,1,1]",ready,PLAIN_AND_TONE_COMPOSITE,"SELECT id, pinyin_key, tone_pinyin_key, word, normalized, prior_score, repair_target, enabled, aliases, source, canonical_word, is_alias FROM base_lexicon WHERE pinyin_key = ? AND tone_pinyin_key = ? AND enabled = 1 AND length(word) = ? ORDER BY prior_score DESC LIMIT ? || SELECT id, domain_id, pinyin_key, tone_pinyin_key, word, normalized, prior_score, repair_target, enabled, aliases, source, canonical_word, is_alias FROM domain_lexicon WHERE domain_id = ? AND pinyin_key = ? AND tone_pinyin_key = ? AND enabled = 1 AND length(word) = ? ORDER BY prior_score DESC LIMIT ? /* domainIds=[""bakery"",""coffee"",""food_order"",""medical"",""meeting"",""milk_tea"",""tech_ai"",""tourism_hotel"",""tourism_pickup"",""tourism_route"",""tourism_transport"",""transport""] */","{""pinyin_key"":""sheng|ji|gong|si"",""tone_pinyin_key"":""sheng1|ji1|gong1|si1"",""length"":4,""limit"":8} || {""domainIds"":[""bakery"",""coffee"",""food_order"",""medical"",""meeting"",""milk_tea"",""tech_ai"",""tourism_hotel"",""tourism_pickup"",""tourism_route"",""tourism_transport"",""transport""],""pinyin_key"":""sheng|ji|gong|si"",""tone_pinyin_key"":""sheng1|ji1|gong1|si1"",""length"":4,""limit"":8}",0,,sheng1|ji1|gong1|si1,0,,2
nn-train-01,升级公司内,0,2,sheng|ji|gong|si|nei,sheng1|ji1|gong1|si1|nei1,"[1,1,1,1,1]",ready,PLAIN_AND_TONE_COMPOSITE,"SELECT id, pinyin_key, tone_pinyin_key, word, normalized, prior_score, repair_target, enabled, aliases, source, canonical_word, is_alias FROM base_lexicon WHERE pinyin_key = ? AND tone_pinyin_key = ? AND enabled = 1 AND length(word) = ? ORDER BY prior_score DESC LIMIT ? || SELECT id, domain_id, pinyin_key, tone_pinyin_key, word, normalized, prior_score, repair_target, enabled, aliases, source, canonical_word, is_alias FROM domain_lexicon WHERE domain_id = ? AND pinyin_key = ? AND tone_pinyin_key = ? AND enabled = 1 AND length(word) = ? ORDER BY prior_score DESC LIMIT ? /* domainIds=[""bakery"",""coffee"",""food_order"",""medical"",""meeting"",""milk_tea"",""tech_ai"",""tourism_hotel"",""tourism_pickup"",""tourism_route"",""tourism_transport"",""transport""] */","{""pinyin_key"":""sheng|ji|gong|si|nei"",""tone_pinyin_key"":""sheng1|ji1|gong1|si1|nei1"",""length"":5,""limit"":8} || {""domainIds"":[""bakery"",""coffee"",""food_order"",""medical"",""meeting"",""milk_tea"",""tech_ai"",""tourism_hotel"",""tourism_pickup"",""tourism_route"",""tourism_transport"",""transport""],""pinyin_key"":""sheng|ji|gong|si|nei"",""tone_pinyin_key"":""sheng1|ji1|gong1|si1|nei1"",""length"":5,""limit"":8}",0,,sheng1|ji1|gong1|si1|nei1,0,,2
nn-train-01,级,0,2,ji,ji1,[1],ready,PLAIN_AND_TONE_COMPOSITE,"SELECT id, pinyin_key, tone_pinyin_key, word, normalized, prior_score, repair_target, enabled, aliases, source, canonical_word, is_alias FROM base_lexicon WHERE pinyin_key = ? AND tone_pinyin_key = ? AND enabled = 1 AND length(word) = ? ORDER BY prior_score DESC LIMIT ? || SELECT id, pinyin_key, tone_pinyin_key, word, normalized, prior_score, repair_target, enabled, aliases, source, canonical_word, is_alias FROM base_lexicon WHERE pinyin_key = ? AND tone_pinyin_key = ? AND word = ? AND enabled = 1 AND length(word) = ? LIMIT ?","{""pinyin_key"":""ji"",""tone_pinyin_key"":""ji1"",""length"":1,""limit"":8} || {""pinyin_key"":""ji"",""tone_pinyin_key"":""ji1"",""word"":""级"",""length"":1,""limit"":2}",0,,ji1,0,,2
nn-train-01,级公,0,2,ji|gong,ji1|gong1,"[1,1]",ready,PLAIN_AND_TONE_COMPOSITE,"SELECT id, pinyin_key, tone_pinyin_key, word, normalized, prior_score, repair_target, enabled, aliases, source, canonical_word, is_alias FROM base_lexicon WHERE pinyin_key = ? AND tone_pinyin_key = ? AND enabled = 1 AND length(word) = ? ORDER BY prior_score DESC LIMIT ? || SELECT id, domain_id, pinyin_key, tone_pinyin_key, word, normalized, prior_score, repair_target, enabled, aliases, source, canonical_word, is_alias FROM domain_lexicon WHERE domain_id = ? AND pinyin_key = ? AND tone_pinyin_key = ? AND enabled = 1 AND length(word) = ? ORDER BY prior_score DESC LIMIT ? /* domainIds=[""bakery"",""coffee"",""food_order"",""medical"",""meeting"",""milk_tea"",""tech_ai"",""tourism_hotel"",""tourism_pickup"",""tourism_route"",""tourism_transport"",""transport""] */","{""pinyin_key"":""ji|gong"",""tone_pinyin_key"":""ji1|gong1"",""length"":2,""limit"":8} || {""domainIds"":[""bakery"",""coffee"",""food_order"",""medical"",""meeting"",""milk_tea"",""tech_ai"",""tourism_hotel"",""tourism_pickup"",""tourism_route"",""tourism_transport"",""transport""],""pinyin_key"":""ji|gong"",""tone_pinyin_key"":""ji1|gong1"",""length"":2,""limit"":8}",0,,ji1|gong1,0,,2
nn-train-01,级公司,0,2,ji|gong|si,ji1|gong1|si1,"[1,1,1]",ready,PLAIN_AND_TONE_COMPOSITE,"SELECT id, pinyin_key, tone_pinyin_key, word, normalized, prior_score, repair_target, enabled, aliases, source, canonical_word, is_alias FROM base_lexicon WHERE pinyin_key = ? AND tone_pinyin_key = ? AND enabled = 1 AND length(word) = ? ORDER BY prior_score DESC LIMIT ? || SELECT id, domain_id, pinyin_key, tone_pinyin_key, word, normalized, prior_score, repair_target, enabled, aliases, source, canonical_word, is_alias FROM domain_lexicon WHERE domain_id = ? AND pinyin_key = ? AND tone_pinyin_key = ? AND enabled = 1 AND length(word) = ? ORDER BY prior_score DESC LIMIT ? /* domainIds=[""bakery"",""coffee"",""food_order"",""medical"",""meeting"",""milk_tea"",""tech_ai"",""tourism_hotel"",""tourism_pickup"",""tourism_route"",""tourism_transport"",""transport""] */","{""pinyin_key"":""ji|gong|si"",""tone_pinyin_key"":""ji1|gong1|si1"",""length"":3,""limit"":8} || {""domainIds"":[""bakery"",""coffee"",""food_order"",""medical"",""meeting"",""milk_tea"",""tech_ai"",""tourism_hotel"",""tourism_pickup"",""tourism_route"",""tourism_transport"",""transport""],""pinyin_key"":""ji|gong|si"",""tone_pinyin_key"":""ji1|gong1|si1"",""length"":3,""limit"":8}",0,,ji1|gong1|si1,0,,2
nn-train-01,级公司内,0,2,ji|gong|si|nei,ji1|gong1|si1|nei1,"[1,1,1,1]",ready,PLAIN_AND_TONE_COMPOSITE,"SELECT id, pinyin_key, tone_pinyin_key, word, normalized, prior_score, repair_target, enabled, aliases, source, canonical_word, is_alias FROM base_lexicon WHERE pinyin_key = ? AND tone_pinyin_key = ? AND enabled = 1 AND length(word) = ? ORDER BY prior_score DESC LIMIT ? || SELECT id, domain_id, pinyin_key, tone_pinyin_key, word, normalized, prior_score, repair_target, enabled, aliases, source, canonical_word, is_alias FROM domain_lexicon WHERE domain_id = ? AND pinyin_key = ? AND tone_pinyin_key = ? AND enabled = 1 AND length(word) = ? ORDER BY prior_score DESC LIMIT ? /* domainIds=[""bakery"",""coffee"",""food_order"",""medical"",""meeting"",""milk_tea"",""tech_ai"",""tourism_hotel"",""tourism_pickup"",""tourism_route"",""tourism_transport"",""transport""] */","{""pinyin_key"":""ji|gong|si|nei"",""tone_pinyin_key"":""ji1|gong1|si1|nei1"",""length"":4,""limit"":8} || {""domainIds"":[""bakery"",""coffee"",""food_order"",""medical"",""meeting"",""milk_tea"",""tech_ai"",""tourism_hotel"",""tourism_pickup"",""tourism_route"",""tourism_transport"",""transport""],""pinyin_key"":""ji|gong|si|nei"",""tone_pinyin_key"":""ji1|gong1|si1|nei1"",""length"":4,""limit"":8}",0,,ji1|gong1|si1|nei1,0,,2
nn-train-01,级公司内部,0,2,ji|gong|si|nei|bu,ji1|gong1|si1|nei1|bu1,"[1,1,1,1,1]",ready,PLAIN_AND_TONE_COMPOSITE,"SELECT id, pinyin_key, tone_pinyin_key, word, normalized, prior_score, repair_target, enabled, aliases, source, canonical_word, is_alias FROM base_lexicon WHERE pinyin_key = ? AND tone_pinyin_key = ? AND enabled = 1 AND length(word) = ? ORDER BY prior_score DESC LIMIT ? || SELECT id, domain_id, pinyin_key, tone_pinyin_key, word, normalized, prior_score, repair_target, enabled, aliases, source, canonical_word, is_alias FROM domain_lexicon WHERE domain_id = ? AND pinyin_key = ? AND tone_pinyin_key = ? AND enabled = 1 AND length(word) = ? ORDER BY prior_score DESC LIMIT ? /* domainIds=[""bakery"",""coffee"",""food_order"",""medical"",""meeting"",""milk_tea"",""tech_ai"",""tourism_hotel"",""tourism_pickup"",""tourism_route"",""tourism_transport"",""transport""] */","{""pinyin_key"":""ji|gong|si|nei|bu"",""tone_pinyin_key"":""ji1|gong1|si1|nei1|bu1"",""length"":5,""limit"":8} || {""domainIds"":[""bakery"",""coffee"",""food_order"",""medical"",""meeting"",""milk_tea"",""tech_ai"",""tourism_hotel"",""tourism_pickup"",""tourism_route"",""tourism_transport"",""transport""],""pinyin_key"":""ji|gong|si|nei|bu"",""tone_pinyin_key"":""ji1|gong1|si1|nei1|bu1"",""length"":5,""limit"":8}",0,,ji1|gong1|si1|nei1|bu1,0,,2
nn-train-01,公,0,2,gong,gong1,[1],ready,PLAIN_AND_TONE_COMPOSITE,"SELECT id, pinyin_key, tone_pinyin_key, word, normalized, prior_score, repair_target, enabled, aliases, source, canonical_word, is_alias FROM base_lexicon WHERE pinyin_key = ? AND tone_pinyin_key = ? AND enabled = 1 AND length(word) = ? ORDER BY prior_score DESC LIMIT ? || SELECT id, pinyin_key, tone_pinyin_key, word, normalized, prior_score, repair_target, enabled, aliases, source, canonical_word, is_alias FROM base_lexicon WHERE pinyin_key = ? AND tone_pinyin_key = ? AND word = ? AND enabled = 1 AND length(word) = ? LIMIT ?","{""pinyin_key"":""gong"",""tone_pinyin_key"":""gong1"",""length"":1,""limit"":8} || {""pinyin_key"":""gong"",""tone_pinyin_key"":""gong1"",""word"":""公"",""length"":1,""limit"":2}",0,,gong1,0,,2
nn-train-01,公司,0,2,gong|si,gong1|si1,"[1,1]",ready,PLAIN_AND_TONE_COMPOSITE,"SELECT id, pinyin_key, tone_pinyin_key, word, normalized, prior_score, repair_target, enabled, aliases, source, canonical_word, is_alias FROM base_lexicon WHERE pinyin_key = ? AND tone_pinyin_key = ? AND enabled = 1 AND length(word) = ? ORDER BY prior_score DESC LIMIT ? || SELECT id, domain_id, pinyin_key, tone_pinyin_key, word, normalized, prior_score, repair_target, enabled, aliases, source, canonical_word, is_alias FROM domain_lexicon WHERE domain_id = ? AND pinyin_key = ? AND tone_pinyin_key = ? AND enabled = 1 AND length(word) = ? ORDER BY prior_score DESC LIMIT ? /* domainIds=[""bakery"",""coffee"",""food_order"",""medical"",""meeting"",""milk_tea"",""tech_ai"",""tourism_hotel"",""tourism_pickup"",""tourism_route"",""tourism_transport"",""transport""] */","{""pinyin_key"":""gong|si"",""tone_pinyin_key"":""gong1|si1"",""length"":2,""limit"":8} || {""domainIds"":[""bakery"",""coffee"",""food_order"",""medical"",""meeting"",""milk_tea"",""tech_ai"",""tourism_hotel"",""tourism_pickup"",""tourism_route"",""tourism_transport"",""transport""],""pinyin_key"":""gong|si"",""tone_pinyin_key"":""gong1|si1"",""length"":2,""limit"":8}",1,公司,gong1|si1,1,,2
nn-train-01,公司内,0,2,gong|si|nei,gong1|si1|nei1,"[1,1,1]",ready,PLAIN_AND_TONE_COMPOSITE,"SELECT id, pinyin_key, tone_pinyin_key, word, normalized, prior_score, repair_target, enabled, aliases, source, canonical_word, is_alias FROM base_lexicon WHERE pinyin_key = ? AND tone_pinyin_key = ? AND enabled = 1 AND length(word) = ? ORDER BY prior_score DESC LIMIT ? || SELECT id, domain_id, pinyin_key, tone_pinyin_key, word, normalized, prior_score, repair_target, enabled, aliases, source, canonical_word, is_alias FROM domain_lexicon WHERE domain_id = ? AND pinyin_key = ? AND tone_pinyin_key = ? AND enabled = 1 AND length(word) = ? ORDER BY prior_score DESC LIMIT ? /* domainIds=[""bakery"",""coffee"",""food_order"",""medical"",""meeting"",""milk_tea"",""tech_ai"",""tourism_hotel"",""tourism_pickup"",""tourism_route"",""tourism_transport"",""transport""] */","{""pinyin_key"":""gong|si|nei"",""tone_pinyin_key"":""gong1|si1|nei1"",""length"":3,""limit"":8} || {""domainIds"":[""bakery"",""coffee"",""food_order"",""medical"",""meeting"",""milk_tea"",""tech_ai"",""tourism_hotel"",""tourism_pickup"",""tourism_route"",""tourism_transport"",""transport""],""pinyin_key"":""gong|si|nei"",""tone_pinyin_key"":""gong1|si1|nei1"",""length"":3,""limit"":8}",0,,gong1|si1|nei1,0,,2
nn-train-01,公司内部,0,2,gong|si|nei|bu,gong1|si1|nei1|bu1,"[1,1,1,1]",ready,PLAIN_AND_TONE_COMPOSITE,"SELECT id, pinyin_key, tone_pinyin_key, word, normalized, prior_score, repair_target, enabled, aliases, source, canonical_word, is_alias FROM base_lexicon WHERE pinyin_key = ? AND tone_pinyin_key = ? AND enabled = 1 AND length(word) = ? ORDER BY prior_score DESC LIMIT ? || SELECT id, domain_id, pinyin_key, tone_pinyin_key, word, normalized, prior_score, repair_target, enabled, aliases, source, canonical_word, is_alias FROM domain_lexicon WHERE domain_id = ? AND pinyin_key = ? AND tone_pinyin_key = ? AND enabled = 1 AND length(word) = ? ORDER BY prior_score DESC LIMIT ? /* domainIds=[""bakery"",""coffee"",""food_order"",""medical"",""meeting"",""milk_tea"",""tech_ai"",""tourism_hotel"",""tourism_pickup"",""tourism_route"",""tourism_transport"",""transport""] */","{""pinyin_key"":""gong|si|nei|bu"",""tone_pinyin_key"":""gong1|si1|nei1|bu1"",""length"":4,""limit"":8} || {""domainIds"":[""bakery"",""coffee"",""food_order"",""medical"",""meeting"",""milk_tea"",""tech_ai"",""tourism_hotel"",""tourism_pickup"",""tourism_route"",""tourism_transport"",""transport""],""pinyin_key"":""gong|si|nei|bu"",""tone_pinyin_key"":""gong1|si1|nei1|bu1"",""length"":4,""limit"":8}",0,,gong1|si1|nei1|bu1,0,,2
nn-train-01,公司内部的,0,2,gong|si|nei|bu|de,gong1|si1|nei1|bu1|de1,"[1,1,1,1,1]",ready,PLAIN_AND_TONE_COMPOSITE,"SELECT id, pinyin_key, tone_pinyin_key, word, normalized, prior_score, repair_target, enabled, aliases, source, canonical_word, is_alias FROM base_lexicon WHERE pinyin_key = ? AND tone_pinyin_key = ? AND enabled = 1 AND length(word) = ? ORDER BY prior_score DESC LIMIT ? || SELECT id, domain_id, pinyin_key, tone_pinyin_key, word, normalized, prior_score, repair_target, enabled, aliases, source, canonical_word, is_alias FROM domain_lexicon WHERE domain_id = ? AND pinyin_key = ? AND tone_pinyin_key = ? AND enabled = 1 AND length(word) = ? ORDER BY prior_score DESC LIMIT ? /* domainIds=[""bakery"",""coffee"",""food_order"",""medical"",""meeting"",""milk_tea"",""tech_ai"",""tourism_hotel"",""tourism_pickup"",""tourism_route"",""tourism_transport"",""transport""] */","{""pinyin_key"":""gong|si|nei|bu|de"",""tone_pinyin_key"":""gong1|si1|nei1|bu1|de1"",""length"":5,""limit"":8} || {""domainIds"":[""bakery"",""coffee"",""food_order"",""medical"",""meeting"",""milk_tea"",""tech_ai"",""tourism_hotel"",""tourism_pickup"",""tourism_route"",""tourism_transport"",""transport""],""pinyin_key"":""gong|si|nei|bu|de"",""tone_pinyin_key"":""gong1|si1|nei1|bu1|de1"",""length"":5,""limit"":8}",0,,gong1|si1|nei1|bu1|de1,0,,2
nn-train-01,司,0,2,si,si1,[1],ready,PLAIN_AND_TONE_COMPOSITE,"SELECT id, pinyin_key, tone_pinyin_key, word, normalized, prior_score, repair_target, enabled, aliases, source, canonical_word, is_alias FROM base_lexicon WHERE pinyin_key = ? AND tone_pinyin_key = ? AND enabled = 1 AND length(word) = ? ORDER BY prior_score DESC LIMIT ? || SELECT id, pinyin_key, tone_pinyin_key, word, normalized, prior_score, repair_target, enabled, aliases, source, canonical_word, is_alias FROM base_lexicon WHERE pinyin_key = ? AND tone_pinyin_key = ? AND word = ? AND enabled = 1 AND length(word) = ? LIMIT ?","{""pinyin_key"":""si"",""tone_pinyin_key"":""si1"",""length"":1,""limit"":8} || {""pinyin_key"":""si"",""tone_pinyin_key"":""si1"",""word"":""司"",""length"":1,""limit"":2}",0,,si1,0,,2
nn-train-01,司内,0,2,si|nei,si1|nei1,"[1,1]",ready,PLAIN_AND_TONE_COMPOSITE,"SELECT id, pinyin_key, tone_pinyin_key, word, normalized, prior_score, repair_target, enabled, aliases, source, canonical_word, is_alias FROM base_lexicon WHERE pinyin_key = ? AND tone_pinyin_key = ? AND enabled = 1 AND length(word) = ? ORDER BY prior_score DESC LIMIT ? || SELECT id, domain_id, pinyin_key, tone_pinyin_key, word, normalized, prior_score, repair_target, enabled, aliases, source, canonical_word, is_alias FROM domain_lexicon WHERE domain_id = ? AND pinyin_key = ? AND tone_pinyin_key = ? AND enabled = 1 AND length(word) = ? ORDER BY prior_score DESC LIMIT ? /* domainIds=[""bakery"",""coffee"",""food_order"",""medical"",""meeting"",""milk_tea"",""tech_ai"",""tourism_hotel"",""tourism_pickup"",""tourism_route"",""tourism_transport"",""transport""] */","{""pinyin_key"":""si|nei"",""tone_pinyin_key"":""si1|nei1"",""length"":2,""limit"":8} || {""domainIds"":[""bakery"",""coffee"",""food_order"",""medical"",""meeting"",""milk_tea"",""tech_ai"",""tourism_hotel"",""tourism_pickup"",""tourism_route"",""tourism_transport"",""transport""],""pinyin_key"":""si|nei"",""tone_pinyin_key"":""si1|nei1"",""length"":2,""limit"":8}",0,,si1|nei1,0,,2
nn-train-01,司内部,0,2,si|nei|bu,si1|nei1|bu1,"[1,1,1]",ready,PLAIN_AND_TONE_COMPOSITE,"SELECT id, pinyin_key, tone_pinyin_key, word, normalized, prior_score, repair_target, enabled, aliases, source, canonical_word, is_alias FROM base_lexicon WHERE pinyin_key = ? AND tone_pinyin_key = ? AND enabled = 1 AND length(word) = ? ORDER BY prior_score DESC LIMIT ? || SELECT id, domain_id, pinyin_key, tone_pinyin_key, word, normalized, prior_score, repair_target, enabled, aliases, source, canonical_word, is_alias FROM domain_lexicon WHERE domain_id = ? AND pinyin_key = ? AND tone_pinyin_key = ? AND enabled = 1 AND length(word) = ? ORDER BY prior_score DESC LIMIT ? /* domainIds=[""bakery"",""coffee"",""food_order"",""medical"",""meeting"",""milk_tea"",""tech_ai"",""tourism_hotel"",""tourism_pickup"",""tourism_route"",""tourism_transport"",""transport""] */","{""pinyin_key"":""si|nei|bu"",""tone_pinyin_key"":""si1|nei1|bu1"",""length"":3,""limit"":8} || {""domainIds"":[""bakery"",""coffee"",""food_order"",""medical"",""meeting"",""milk_tea"",""tech_ai"",""tourism_hotel"",""tourism_pickup"",""tourism_route"",""tourism_transport"",""transport""],""pinyin_key"":""si|nei|bu"",""tone_pinyin_key"":""si1|nei1|bu1"",""length"":3,""limit"":8}",0,,si1|nei1|bu1,0,,2
nn-train-01,司内部的,0,2,si|nei|bu|de,si1|nei1|bu1|de1,"[1,1,1,1]",ready,PLAIN_AND_TONE_COMPOSITE,"SELECT id, pinyin_key, tone_pinyin_key, word, normalized, prior_score, repair_target, enabled, aliases, source, canonical_word, is_alias FROM base_lexicon WHERE pinyin_key = ? AND tone_pinyin_key = ? AND enabled = 1 AND length(word) = ? ORDER BY prior_score DESC LIMIT ? || SELECT id, domain_id, pinyin_key, tone_pinyin_key, word, normalized, prior_score, repair_target, enabled, aliases, source, canonical_word, is_alias FROM domain_lexicon WHERE domain_id = ? AND pinyin_key = ? AND tone_pinyin_key = ? AND enabled = 1 AND length(word) = ? ORDER BY prior_score DESC LIMIT ? /* domainIds=[""bakery"",""coffee"",""food_order"",""medical"",""meeting"",""milk_tea"",""tech_ai"",""tourism_hotel"",""tourism_pickup"",""tourism_route"",""tourism_transport"",""transport""] */","{""pinyin_key"":""si|nei|bu|de"",""tone_pinyin_key"":""si1|nei1|bu1|de1"",""length"":4,""limit"":8} || {""domainIds"":[""bakery"",""coffee"",""food_order"",""medical"",""meeting"",""milk_tea"",""tech_ai"",""tourism_hotel"",""tourism_pickup"",""tourism_route"",""tourism_transport"",""transport""],""pinyin_key"":""si|nei|bu|de"",""tone_pinyin_key"":""si1|nei1|bu1|de1"",""length"":4,""limit"":8}",0,,si1|nei1|bu1|de1,0,,2
nn-train-01,司内部的专,0,2,si|nei|bu|de|zhuan,si1|nei1|bu1|de1|zhuan1,"[1,1,1,1,1]",ready,PLAIN_AND_TONE_COMPOSITE,"SELECT id, pinyin_key, tone_pinyin_key, word, normalized, prior_score, repair_target, enabled, aliases, source, canonical_word, is_alias FROM base_lexicon WHERE pinyin_key = ? AND tone_pinyin_key = ? AND enabled = 1 AND length(word) = ? ORDER BY prior_score DESC LIMIT ? || SELECT id, domain_id, pinyin_key, tone_pinyin_key, word, normalized, prior_score, repair_target, enabled, aliases, source, canonical_word, is_alias FROM domain_lexicon WHERE domain_id = ? AND pinyin_key = ? AND tone_pinyin_key = ? AND enabled = 1 AND length(word) = ? ORDER BY prior_score DESC LIMIT ? /* domainIds=[""bakery"",""coffee"",""food_order"",""medical"",""meeting"",""milk_tea"",""tech_ai"",""tourism_hotel"",""tourism_pickup"",""tourism_route"",""tourism_transport"",""transport""] */","{""pinyin_key"":""si|nei|bu|de|zhuan"",""tone_pinyin_key"":""si1|nei1|bu1|de1|zhuan1"",""length"":5,""limit"":8} || {""domainIds"":[""bakery"",""coffee"",""food_order"",""medical"",""meeting"",""milk_tea"",""tech_ai"",""tourism_hotel"",""tourism_pickup"",""tourism_route"",""tourism_transport"",""transport""],""pinyin_key"":""si|nei|bu|de|zhuan"",""tone_pinyin_key"":""si1|nei1|bu1|de1|zhuan1"",""length"":5,""limit"":8}",0,,si1|nei1|bu1|de1|zhuan1,0,,2
nn-train-01,内,0,2,nei,nei1,[1],ready,PLAIN_AND_TONE_COMPOSITE,"SELECT id, pinyin_key, tone_pinyin_key, word, normalized, prior_score, repair_target, enabled, aliases, source, canonical_word, is_alias FROM base_lexicon WHERE pinyin_key = ? AND tone_pinyin_key = ? AND enabled = 1 AND length(word) = ? ORDER BY prior_score DESC LIMIT ? || SELECT id, pinyin_key, tone_pinyin_key, word, normalized, prior_score, repair_target, enabled, aliases, source, canonical_word, is_alias FROM base_lexicon WHERE pinyin_key = ? AND tone_pinyin_key = ? AND word = ? AND enabled = 1 AND length(word) = ? LIMIT ?","{""pinyin_key"":""nei"",""tone_pinyin_key"":""nei1"",""length"":1,""limit"":8} || {""pinyin_key"":""nei"",""tone_pinyin_key"":""nei1"",""word"":""内"",""length"":1,""limit"":2}",0,,nei1,0,,2
nn-train-01,内部,0,2,nei|bu,nei1|bu1,"[1,1]",ready,PLAIN_AND_TONE_COMPOSITE,"SELECT id, pinyin_key, tone_pinyin_key, word, normalized, prior_score, repair_target, enabled, aliases, source, canonical_word, is_alias FROM base_lexicon WHERE pinyin_key = ? AND tone_pinyin_key = ? AND enabled = 1 AND length(word) = ? ORDER BY prior_score DESC LIMIT ? || SELECT id, domain_id, pinyin_key, tone_pinyin_key, word, normalized, prior_score, repair_target, enabled, aliases, source, canonical_word, is_alias FROM domain_lexicon WHERE domain_id = ? AND pinyin_key = ? AND tone_pinyin_key = ? AND enabled = 1 AND length(word) = ? ORDER BY prior_score DESC LIMIT ? /* domainIds=[""bakery"",""coffee"",""food_order"",""medical"",""meeting"",""milk_tea"",""tech_ai"",""tourism_hotel"",""tourism_pickup"",""tourism_route"",""tourism_transport"",""transport""] */","{""pinyin_key"":""nei|bu"",""tone_pinyin_key"":""nei1|bu1"",""length"":2,""limit"":8} || {""domainIds"":[""bakery"",""coffee"",""food_order"",""medical"",""meeting"",""milk_tea"",""tech_ai"",""tourism_hotel"",""tourism_pickup"",""tourism_route"",""tourism_transport"",""transport""],""pinyin_key"":""nei|bu"",""tone_pinyin_key"":""nei1|bu1"",""length"":2,""limit"":8}",0,,nei1|bu1,0,,2
nn-train-01,内部的,0,2,nei|bu|de,nei1|bu1|de1,"[1,1,1]",ready,PLAIN_AND_TONE_COMPOSITE,"SELECT id, pinyin_key, tone_pinyin_key, word, normalized, prior_score, repair_target, enabled, aliases, source, canonical_word, is_alias FROM base_lexicon WHERE pinyin_key = ? AND tone_pinyin_key = ? AND enabled = 1 AND length(word) = ? ORDER BY prior_score DESC LIMIT ? || SELECT id, domain_id, pinyin_key, tone_pinyin_key, word, normalized, prior_score, repair_target, enabled, aliases, source, canonical_word, is_alias FROM domain_lexicon WHERE domain_id = ? AND pinyin_key = ? AND tone_pinyin_key = ? AND enabled = 1 AND length(word) = ? ORDER BY prior_score DESC LIMIT ? /* domainIds=[""bakery"",""coffee"",""food_order"",""medical"",""meeting"",""milk_tea"",""tech_ai"",""tourism_hotel"",""tourism_pickup"",""tourism_route"",""tourism_transport"",""transport""] */","{""pinyin_key"":""nei|bu|de"",""tone_pinyin_key"":""nei1|bu1|de1"",""length"":3,""limit"":8} || {""domainIds"":[""bakery"",""coffee"",""food_order"",""medical"",""meeting"",""milk_tea"",""tech_ai"",""tourism_hotel"",""tourism_pickup"",""tourism_route"",""tourism_transport"",""transport""],""pinyin_key"":""nei|bu|de"",""tone_pinyin_key"":""nei1|bu1|de1"",""length"":3,""limit"":8}",0,,nei1|bu1|de1,0,,2
nn-train-01,内部的专,0,2,nei|bu|de|zhuan,nei1|bu1|de1|zhuan1,"[1,1,1,1]",ready,PLAIN_AND_TONE_COMPOSITE,"SELECT id, pinyin_key, tone_pinyin_key, word, normalized, prior_score, repair_target, enabled, aliases, source, canonical_word, is_alias FROM base_lexicon WHERE pinyin_key = ? AND tone_pinyin_key = ? AND enabled = 1 AND length(word) = ? ORDER BY prior_score DESC LIMIT ? || SELECT id, domain_id, pinyin_key, tone_pinyin_key, word, normalized, prior_score, repair_target, enabled, aliases, source, canonical_word, is_alias FROM domain_lexicon WHERE domain_id = ? AND pinyin_key = ? AND tone_pinyin_key = ? AND enabled = 1 AND length(word) = ? ORDER BY prior_score DESC LIMIT ? /* domainIds=[""bakery"",""coffee"",""food_order"",""medical"",""meeting"",""milk_tea"",""tech_ai"",""tourism_hotel"",""tourism_pickup"",""tourism_route"",""tourism_transport"",""transport""] */","{""pinyin_key"":""nei|bu|de|zhuan"",""tone_pinyin_key"":""nei1|bu1|de1|zhuan1"",""length"":4,""limit"":8} || {""domainIds"":[""bakery"",""coffee"",""food_order"",""medical"",""meeting"",""milk_tea"",""tech_ai"",""tourism_hotel"",""tourism_pickup"",""tourism_route"",""tourism_transport"",""transport""],""pinyin_key"":""nei|bu|de|zhuan"",""tone_pinyin_key"":""nei1|bu1|de1|zhuan1"",""length"":4,""limit"":8}",0,,nei1|bu1|de1|zhuan1,0,,2
nn-train-01,内部的专家,0,2,nei|bu|de|zhuan|jia,nei1|bu1|de1|zhuan1|jia1,"[1,1,1,1,1]",ready,PLAIN_AND_TONE_COMPOSITE,"SELECT id, pinyin_key, tone_pinyin_key, word, normalized, prior_score, repair_target, enabled, aliases, source, canonical_word, is_alias FROM base_lexicon WHERE pinyin_key = ? AND tone_pinyin_key = ? AND enabled = 1 AND length(word) = ? ORDER BY prior_score DESC LIMIT ? || SELECT id, domain_id, pinyin_key, tone_pinyin_key, word, normalized, prior_score, repair_target, enabled, aliases, source, canonical_word, is_alias FROM domain_lexicon WHERE domain_id = ? AND pinyin_key = ? AND tone_pinyin_key = ? AND enabled = 1 AND length(word) = ? ORDER BY prior_score DESC LIMIT ? /* domainIds=[""bakery"",""coffee"",""food_order"",""medical"",""meeting"",""milk_tea"",""tech_ai"",""tourism_hotel"",""tourism_pickup"",""tourism_route"",""tourism_transport"",""transport""] */","{""pinyin_key"":""nei|bu|de|zhuan|jia"",""tone_pinyin_key"":""nei1|bu1|de1|zhuan1|jia1"",""length"":5,""limit"":8} || {""domainIds"":[""bakery"",""coffee"",""food_order"",""medical"",""meeting"",""milk_tea"",""tech_ai"",""tourism_hotel"",""tourism_pickup"",""tourism_route"",""tourism_transport"",""transport""],""pinyin_key"":""nei|bu|de|zhuan|jia"",""tone_pinyin_key"":""nei1|bu1|de1|zhuan1|jia1"",""length"":5,""limit"":8}",0,,nei1|bu1|de1|zhuan1|jia1,0,,2
nn-train-01,部,0,2,bu,bu1,[1],ready,PLAIN_AND_TONE_COMPOSITE,"SELECT id, pinyin_key, tone_pinyin_key, word, normalized, prior_score, repair_target, enabled, aliases, source, canonical_word, is_alias FROM base_lexicon WHERE pinyin_key = ? AND tone_pinyin_key = ? AND enabled = 1 AND length(word) = ? ORDER BY prior_score DESC LIMIT ? || SELECT id, pinyin_key, tone_pinyin_key, word, normalized, prior_score, repair_target, enabled, aliases, source, canonical_word, is_alias FROM base_lexicon WHERE pinyin_key = ? AND tone_pinyin_key = ? AND word = ? AND enabled = 1 AND length(word) = ? LIMIT ?","{""pinyin_key"":""bu"",""tone_pinyin_key"":""bu1"",""length"":1,""limit"":8} || {""pinyin_key"":""bu"",""tone_pinyin_key"":""bu1"",""word"":""部"",""length"":1,""limit"":2}",0,,bu1,0,,2
nn-train-01,部的,0,2,bu|de,bu1|de1,"[1,1]",ready,PLAIN_AND_TONE_COMPOSITE,"SELECT id, pinyin_key, tone_pinyin_key, word, normalized, prior_score, repair_target, enabled, aliases, source, canonical_word, is_alias FROM base_lexicon WHERE pinyin_key = ? AND tone_pinyin_key = ? AND enabled = 1 AND length(word) = ? ORDER BY prior_score DESC LIMIT ? || SELECT id, domain_id, pinyin_key, tone_pinyin_key, word, normalized, prior_score, repair_target, enabled, aliases, source, canonical_word, is_alias FROM domain_lexicon WHERE domain_id = ? AND pinyin_key = ? AND tone_pinyin_key = ? AND enabled = 1 AND length(word) = ? ORDER BY prior_score DESC LIMIT ? /* domainIds=[""bakery"",""coffee"",""food_order"",""medical"",""meeting"",""milk_tea"",""tech_ai"",""tourism_hotel"",""tourism_pickup"",""tourism_route"",""tourism_transport"",""transport""] */","{""pinyin_key"":""bu|de"",""tone_pinyin_key"":""bu1|de1"",""length"":2,""limit"":8} || {""domainIds"":[""bakery"",""coffee"",""food_order"",""medical"",""meeting"",""milk_tea"",""tech_ai"",""tourism_hotel"",""tourism_pickup"",""tourism_route"",""tourism_transport"",""transport""],""pinyin_key"":""bu|de"",""tone_pinyin_key"":""bu1|de1"",""length"":2,""limit"":8}",0,,bu1|de1,0,,2
nn-train-01,部的专,0,2,bu|de|zhuan,bu1|de1|zhuan1,"[1,1,1]",ready,PLAIN_AND_TONE_COMPOSITE,"SELECT id, pinyin_key, tone_pinyin_key, word, normalized, prior_score, repair_target, enabled, aliases, source, canonical_word, is_alias FROM base_lexicon WHERE pinyin_key = ? AND tone_pinyin_key = ? AND enabled = 1 AND length(word) = ? ORDER BY prior_score DESC LIMIT ? || SELECT id, domain_id, pinyin_key, tone_pinyin_key, word, normalized, prior_score, repair_target, enabled, aliases, source, canonical_word, is_alias FROM domain_lexicon WHERE domain_id = ? AND pinyin_key = ? AND tone_pinyin_key = ? AND enabled = 1 AND length(word) = ? ORDER BY prior_score DESC LIMIT ? /* domainIds=[""bakery"",""coffee"",""food_order"",""medical"",""meeting"",""milk_tea"",""tech_ai"",""tourism_hotel"",""tourism_pickup"",""tourism_route"",""tourism_transport"",""transport""] */","{""pinyin_key"":""bu|de|zhuan"",""tone_pinyin_key"":""bu1|de1|zhuan1"",""length"":3,""limit"":8} || {""domainIds"":[""bakery"",""coffee"",""food_order"",""medical"",""meeting"",""milk_tea"",""tech_ai"",""tourism_hotel"",""tourism_pickup"",""tourism_route"",""tourism_transport"",""transport""],""pinyin_key"":""bu|de|zhuan"",""tone_pinyin_key"":""bu1|de1|zhuan1"",""length"":3,""limit"":8}",0,,bu1|de1|zhuan1,0,,2
nn-train-01,部的专家,0,2,bu|de|zhuan|jia,bu1|de1|zhuan1|jia1,"[1,1,1,1]",ready,PLAIN_AND_TONE_COMPOSITE,"SELECT id, pinyin_key, tone_pinyin_key, word, normalized, prior_score, repair_target, enabled, aliases, source, canonical_word, is_alias FROM base_lexicon WHERE pinyin_key = ? AND tone_pinyin_key = ? AND enabled = 1 AND length(word) = ? ORDER BY prior_score DESC LIMIT ? || SELECT id, domain_id, pinyin_key, tone_pinyin_key, word, normalized, prior_score, repair_target, enabled, aliases, source, canonical_word, is_alias FROM domain_lexicon WHERE domain_id = ? AND pinyin_key = ? AND tone_pinyin_key = ? AND enabled = 1 AND length(word) = ? ORDER BY prior_score DESC LIMIT ? /* domainIds=[""bakery"",""coffee"",""food_order"",""medical"",""meeting"",""milk_tea"",""tech_ai"",""tourism_hotel"",""tourism_pickup"",""tourism_route"",""tourism_transport"",""transport""] */","{""pinyin_key"":""bu|de|zhuan|jia"",""tone_pinyin_key"":""bu1|de1|zhuan1|jia1"",""length"":4,""limit"":8} || {""domainIds"":[""bakery"",""coffee"",""food_order"",""medical"",""meeting"",""milk_tea"",""tech_ai"",""tourism_hotel"",""tourism_pickup"",""tourism_route"",""tourism_transport"",""transport""],""pinyin_key"":""bu|de|zhuan|jia"",""tone_pinyin_key"":""bu1|de1|zhuan1|jia1"",""length"":4,""limit"":8}",0,,bu1|de1|zhuan1|jia1,0,,2
nn-train-01,部的专家系,0,2,bu|de|zhuan|jia|xi,bu1|de1|zhuan1|jia1|xi1,"[1,1,1,1,1]",ready,PLAIN_AND_TONE_COMPOSITE,"SELECT id, pinyin_key, tone_pinyin_key, word, normalized, prior_score, repair_target, enabled, aliases, source, canonical_word, is_alias FROM base_lexicon WHERE pinyin_key = ? AND tone_pinyin_key = ? AND enabled = 1 AND length(word) = ? ORDER BY prior_score DESC LIMIT ? || SELECT id, domain_id, pinyin_key, tone_pinyin_key, word, normalized, prior_score, repair_target, enabled, aliases, source, canonical_word, is_alias FROM domain_lexicon WHERE domain_id = ? AND pinyin_key = ? AND tone_pinyin_key = ? AND enabled = 1 AND length(word) = ? ORDER BY prior_score DESC LIMIT ? /* domainIds=[""bakery"",""coffee"",""food_order"",""medical"",""meeting"",""milk_tea"",""tech_ai"",""tourism_hotel"",""tourism_pickup"",""tourism_route"",""tourism_transport"",""transport""] */","{""pinyin_key"":""bu|de|zhuan|jia|xi"",""tone_pinyin_key"":""bu1|de1|zhuan1|jia1|xi1"",""length"":5,""limit"":8} || {""domainIds"":[""bakery"",""coffee"",""food_order"",""medical"",""meeting"",""milk_tea"",""tech_ai"",""tourism_hotel"",""tourism_pickup"",""tourism_route"",""tourism_transport"",""transport""],""pinyin_key"":""bu|de|zhuan|jia|xi"",""tone_pinyin_key"":""bu1|de1|zhuan1|jia1|xi1"",""length"":5,""limit"":8}",0,,bu1|de1|zhuan1|jia1|xi1,0,,2
nn-train-01,的,0,2,de,de1,[1],ready,PLAIN_AND_TONE_COMPOSITE,"SELECT id, pinyin_key, tone_pinyin_key, word, normalized, prior_score, repair_target, enabled, aliases, source, canonical_word, is_alias FROM base_lexicon WHERE pinyin_key = ? AND tone_pinyin_key = ? AND enabled = 1 AND length(word) = ? ORDER BY prior_score DESC LIMIT ? || SELECT id, pinyin_key, tone_pinyin_key, word, normalized, prior_score, repair_target, enabled, aliases, source, canonical_word, is_alias FROM base_lexicon WHERE pinyin_key = ? AND tone_pinyin_key = ? AND word = ? AND enabled = 1 AND length(word) = ? LIMIT ?","{""pinyin_key"":""de"",""tone_pinyin_key"":""de1"",""length"":1,""limit"":8} || {""pinyin_key"":""de"",""tone_pinyin_key"":""de1"",""word"":""的"",""length"":1,""limit"":2}",0,,de1,0,,2
nn-train-01,的专,0,2,de|zhuan,de1|zhuan1,"[1,1]",ready,PLAIN_AND_TONE_COMPOSITE,"SELECT id, pinyin_key, tone_pinyin_key, word, normalized, prior_score, repair_target, enabled, aliases, source, canonical_word, is_alias FROM base_lexicon WHERE pinyin_key = ? AND tone_pinyin_key = ? AND enabled = 1 AND length(word) = ? ORDER BY prior_score DESC LIMIT ? || SELECT id, domain_id, pinyin_key, tone_pinyin_key, word, normalized, prior_score, repair_target, enabled, aliases, source, canonical_word, is_alias FROM domain_lexicon WHERE domain_id = ? AND pinyin_key = ? AND tone_pinyin_key = ? AND enabled = 1 AND length(word) = ? ORDER BY prior_score DESC LIMIT ? /* domainIds=[""bakery"",""coffee"",""food_order"",""medical"",""meeting"",""milk_tea"",""tech_ai"",""tourism_hotel"",""tourism_pickup"",""tourism_route"",""tourism_transport"",""transport""] */","{""pinyin_key"":""de|zhuan"",""tone_pinyin_key"":""de1|zhuan1"",""length"":2,""limit"":8} || {""domainIds"":[""bakery"",""coffee"",""food_order"",""medical"",""meeting"",""milk_tea"",""tech_ai"",""tourism_hotel"",""tourism_pickup"",""tourism_route"",""tourism_transport"",""transport""],""pinyin_key"":""de|zhuan"",""tone_pinyin_key"":""de1|zhuan1"",""length"":2,""limit"":8}",0,,de1|zhuan1,0,,2
nn-train-01,的专家,0,2,de|zhuan|jia,de1|zhuan1|jia1,"[1,1,1]",ready,PLAIN_AND_TONE_COMPOSITE,"SELECT id, pinyin_key, tone_pinyin_key, word, normalized, prior_score, repair_target, enabled, aliases, source, canonical_word, is_alias FROM base_lexicon WHERE pinyin_key = ? AND tone_pinyin_key = ? AND enabled = 1 AND length(word) = ? ORDER BY prior_score DESC LIMIT ? || SELECT id, domain_id, pinyin_key, tone_pinyin_key, word, normalized, prior_score, repair_target, enabled, aliases, source, canonical_word, is_alias FROM domain_lexicon WHERE domain_id = ? AND pinyin_key = ? AND tone_pinyin_key = ? AND enabled = 1 AND length(word) = ? ORDER BY prior_score DESC LIMIT ? /* domainIds=[""bakery"",""coffee"",""food_order"",""medical"",""meeting"",""milk_tea"",""tech_ai"",""tourism_hotel"",""tourism_pickup"",""tourism_route"",""tourism_transport"",""transport""] */","{""pinyin_key"":""de|zhuan|jia"",""tone_pinyin_key"":""de1|zhuan1|jia1"",""length"":3,""limit"":8} || {""domainIds"":[""bakery"",""coffee"",""food_order"",""medical"",""meeting"",""milk_tea"",""tech_ai"",""tourism_hotel"",""tourism_pickup"",""tourism_route"",""tourism_transport"",""transport""],""pinyin_key"":""de|zhuan|jia"",""tone_pinyin_key"":""de1|zhuan1|jia1"",""length"":3,""limit"":8}",0,,de1|zhuan1|jia1,0,,2
nn-train-01,的专家系,0,2,de|zhuan|jia|xi,de1|zhuan1|jia1|xi1,"[1,1,1,1]",ready,PLAIN_AND_TONE_COMPOSITE,"SELECT id, pinyin_key, tone_pinyin_key, word, normalized, prior_score, repair_target, enabled, aliases, source, canonical_word, is_alias FROM base_lexicon WHERE pinyin_key = ? AND tone_pinyin_key = ? AND enabled = 1 AND length(word) = ? ORDER BY prior_score DESC LIMIT ? || SELECT id, domain_id, pinyin_key, tone_pinyin_key, word, normalized, prior_score, repair_target, enabled, aliases, source, canonical_word, is_alias FROM domain_lexicon WHERE domain_id = ? AND pinyin_key = ? AND tone_pinyin_key = ? AND enabled = 1 AND length(word) = ? ORDER BY prior_score DESC LIMIT ? /* domainIds=[""bakery"",""coffee"",""food_order"",""medical"",""meeting"",""milk_tea"",""tech_ai"",""tourism_hotel"",""tourism_pickup"",""tourism_route"",""tourism_transport"",""transport""] */","{""pinyin_key"":""de|zhuan|jia|xi"",""tone_pinyin_key"":""de1|zhuan1|jia1|xi1"",""length"":4,""limit"":8} || {""domainIds"":[""bakery"",""coffee"",""food_order"",""medical"",""meeting"",""milk_tea"",""tech_ai"",""tourism_hotel"",""tourism_pickup"",""tourism_route"",""tourism_transport"",""transport""],""pinyin_key"":""de|zhuan|jia|xi"",""tone_pinyin_key"":""de1|zhuan1|jia1|xi1"",""length"":4,""limit"":8}",0,,de1|zhuan1|jia1|xi1,0,,2
nn-train-01,的专家系统,0,2,de|zhuan|jia|xi|tong,de1|zhuan1|jia1|xi1|tong1,"[1,1,1,1,1]",ready,PLAIN_AND_TONE_COMPOSITE,"SELECT id, pinyin_key, tone_pinyin_key, word, normalized, prior_score, repair_target, enabled, aliases, source, canonical_word, is_alias FROM base_lexicon WHERE pinyin_key = ? AND tone_pinyin_key = ? AND enabled = 1 AND length(word) = ? ORDER BY prior_score DESC LIMIT ? || SELECT id, domain_id, pinyin_key, tone_pinyin_key, word, normalized, prior_score, repair_target, enabled, aliases, source, canonical_word, is_alias FROM domain_lexicon WHERE domain_id = ? AND pinyin_key = ? AND tone_pinyin_key = ? AND enabled = 1 AND length(word) = ? ORDER BY prior_score DESC LIMIT ? /* domainIds=[""bakery"",""coffee"",""food_order"",""medical"",""meeting"",""milk_tea"",""tech_ai"",""tourism_hotel"",""tourism_pickup"",""tourism_route"",""tourism_transport"",""transport""] */","{""pinyin_key"":""de|zhuan|jia|xi|tong"",""tone_pinyin_key"":""de1|zhuan1|jia1|xi1|tong1"",""length"":5,""limit"":8} || {""domainIds"":[""bakery"",""coffee"",""food_order"",""medical"",""meeting"",""milk_tea"",""tech_ai"",""tourism_hotel"",""tourism_pickup"",""tourism_route"",""tourism_transport"",""transport""],""pinyin_key"":""de|zhuan|jia|xi|tong"",""tone_pinyin_key"":""de1|zhuan1|jia1|xi1|tong1"",""length"":5,""limit"":8}",0,,de1|zhuan1|jia1|xi1|tong1,0,,2
nn-train-01,专,0,2,zhuan,zhuan1,[1],ready,PLAIN_AND_TONE_COMPOSITE,"SELECT id, pinyin_key, tone_pinyin_key, word, normalized, prior_score, repair_target, enabled, aliases, source, canonical_word, is_alias FROM base_lexicon WHERE pinyin_key = ? AND tone_pinyin_key = ? AND enabled = 1 AND length(word) = ? ORDER BY prior_score DESC LIMIT ? || SELECT id, pinyin_key, tone_pinyin_key, word, normalized, prior_score, repair_target, enabled, aliases, source, canonical_word, is_alias FROM base_lexicon WHERE pinyin_key = ? AND tone_pinyin_key = ? AND word = ? AND enabled = 1 AND length(word) = ? LIMIT ?","{""pinyin_key"":""zhuan"",""tone_pinyin_key"":""zhuan1"",""length"":1,""limit"":8} || {""pinyin_key"":""zhuan"",""tone_pinyin_key"":""zhuan1"",""word"":""专"",""length"":1,""limit"":2}",0,,zhuan1,0,,2
nn-train-01,专家,0,2,zhuan|jia,zhuan1|jia1,"[1,1]",ready,PLAIN_AND_TONE_COMPOSITE,"SELECT id, pinyin_key, tone_pinyin_key, word, normalized, prior_score, repair_target, enabled, aliases, source, canonical_word, is_alias FROM base_lexicon WHERE pinyin_key = ? AND tone_pinyin_key = ? AND enabled = 1 AND length(word) = ? ORDER BY prior_score DESC LIMIT ? || SELECT id, domain_id, pinyin_key, tone_pinyin_key, word, normalized, prior_score, repair_target, enabled, aliases, source, canonical_word, is_alias FROM domain_lexicon WHERE domain_id = ? AND pinyin_key = ? AND tone_pinyin_key = ? AND enabled = 1 AND length(word) = ? ORDER BY prior_score DESC LIMIT ? /* domainIds=[""bakery"",""coffee"",""food_order"",""medical"",""meeting"",""milk_tea"",""tech_ai"",""tourism_hotel"",""tourism_pickup"",""tourism_route"",""tourism_transport"",""transport""] */","{""pinyin_key"":""zhuan|jia"",""tone_pinyin_key"":""zhuan1|jia1"",""length"":2,""limit"":8} || {""domainIds"":[""bakery"",""coffee"",""food_order"",""medical"",""meeting"",""milk_tea"",""tech_ai"",""tourism_hotel"",""tourism_pickup"",""tourism_route"",""tourism_transport"",""transport""],""pinyin_key"":""zhuan|jia"",""tone_pinyin_key"":""zhuan1|jia1"",""length"":2,""limit"":8}",1,专家,zhuan1|jia1,1,,2
nn-train-01,专家系,0,2,zhuan|jia|xi,zhuan1|jia1|xi1,"[1,1,1]",ready,PLAIN_AND_TONE_COMPOSITE,"SELECT id, pinyin_key, tone_pinyin_key, word, normalized, prior_score, repair_target, enabled, aliases, source, canonical_word, is_alias FROM base_lexicon WHERE pinyin_key = ? AND tone_pinyin_key = ? AND enabled = 1 AND length(word) = ? ORDER BY prior_score DESC LIMIT ? || SELECT id, domain_id, pinyin_key, tone_pinyin_key, word, normalized, prior_score, repair_target, enabled, aliases, source, canonical_word, is_alias FROM domain_lexicon WHERE domain_id = ? AND pinyin_key = ? AND tone_pinyin_key = ? AND enabled = 1 AND length(word) = ? ORDER BY prior_score DESC LIMIT ? /* domainIds=[""bakery"",""coffee"",""food_order"",""medical"",""meeting"",""milk_tea"",""tech_ai"",""tourism_hotel"",""tourism_pickup"",""tourism_route"",""tourism_transport"",""transport""] */","{""pinyin_key"":""zhuan|jia|xi"",""tone_pinyin_key"":""zhuan1|jia1|xi1"",""length"":3,""limit"":8} || {""domainIds"":[""bakery"",""coffee"",""food_order"",""medical"",""meeting"",""milk_tea"",""tech_ai"",""tourism_hotel"",""tourism_pickup"",""tourism_route"",""tourism_transport"",""transport""],""pinyin_key"":""zhuan|jia|xi"",""tone_pinyin_key"":""zhuan1|jia1|xi1"",""length"":3,""limit"":8}",0,,zhuan1|jia1|xi1,0,,2
nn-train-01,专家系统,0,2,zhuan|jia|xi|tong,zhuan1|jia1|xi1|tong1,"[1,1,1,1]",ready,PLAIN_AND_TONE_COMPOSITE,"SELECT id, pinyin_key, tone_pinyin_key, word, normalized, prior_score, repair_target, enabled, aliases, source, canonical_word, is_alias FROM base_lexicon WHERE pinyin_key = ? AND tone_pinyin_key = ? AND enabled = 1 AND length(word) = ? ORDER BY prior_score DESC LIMIT ? || SELECT id, domain_id, pinyin_key, tone_pinyin_key, word, normalized, prior_score, repair_target, enabled, aliases, source, canonical_word, is_alias FROM domain_lexicon WHERE domain_id = ? AND pinyin_key = ? AND tone_pinyin_key = ? AND enabled = 1 AND length(word) = ? ORDER BY prior_score DESC LIMIT ? /* domainIds=[""bakery"",""coffee"",""food_order"",""medical"",""meeting"",""milk_tea"",""tech_ai"",""tourism_hotel"",""tourism_pickup"",""tourism_route"",""tourism_transport"",""transport""] */","{""pinyin_key"":""zhuan|jia|xi|tong"",""tone_pinyin_key"":""zhuan1|jia1|xi1|tong1"",""length"":4,""limit"":8} || {""domainIds"":[""bakery"",""coffee"",""food_order"",""medical"",""meeting"",""milk_tea"",""tech_ai"",""tourism_hotel"",""tourism_pickup"",""tourism_route"",""tourism_transport"",""transport""],""pinyin_key"":""zhuan|jia|xi|tong"",""tone_pinyin_key"":""zhuan1|jia1|xi1|tong1"",""length"":4,""limit"":8}",0,,zhuan1|jia1|xi1|tong1,0,,2
nn-train-01,专家系统平,0,2,zhuan|jia|xi|tong|ping,zhuan1|jia1|xi1|tong1|ping1,"[1,1,1,1,1]",ready,PLAIN_AND_TONE_COMPOSITE,"SELECT id, pinyin_key, tone_pinyin_key, word, normalized, prior_score, repair_target, enabled, aliases, source, canonical_word, is_alias FROM base_lexicon WHERE pinyin_key = ? AND tone_pinyin_key = ? AND enabled = 1 AND length(word) = ? ORDER BY prior_score DESC LIMIT ? || SELECT id, domain_id, pinyin_key, tone_pinyin_key, word, normalized, prior_score, repair_target, enabled, aliases, source, canonical_word, is_alias FROM domain_lexicon WHERE domain_id = ? AND pinyin_key = ? AND tone_pinyin_key = ? AND enabled = 1 AND length(word) = ? ORDER BY prior_score DESC LIMIT ? /* domainIds=[""bakery"",""coffee"",""food_order"",""medical"",""meeting"",""milk_tea"",""tech_ai"",""tourism_hotel"",""tourism_pickup"",""tourism_route"",""tourism_transport"",""transport""] */","{""pinyin_key"":""zhuan|jia|xi|tong|ping"",""tone_pinyin_key"":""zhuan1|jia1|xi1|tong1|ping1"",""length"":5,""limit"":8} || {""domainIds"":[""bakery"",""coffee"",""food_order"",""medical"",""meeting"",""milk_tea"",""tech_ai"",""tourism_hotel"",""tourism_pickup"",""tourism_route"",""tourism_transport"",""transport""],""pinyin_key"":""zhuan|jia|xi|tong|ping"",""tone_pinyin_key"":""zhuan1|jia1|xi1|tong1|ping1"",""length"":5,""limit"":8}",0,,zhuan1|jia1|xi1|tong1|ping1,0,,2
nn-train-01,家,0,2,jia,jia1,[1],ready,PLAIN_AND_TONE_COMPOSITE,"SELECT id, pinyin_key, tone_pinyin_key, word, normalized, prior_score, repair_target, enabled, aliases, source, canonical_word, is_alias FROM base_lexicon WHERE pinyin_key = ? AND tone_pinyin_key = ? AND enabled = 1 AND length(word) = ? ORDER BY prior_score DESC LIMIT ? || SELECT id, pinyin_key, tone_pinyin_key, word, normalized, prior_score, repair_target, enabled, aliases, source, canonical_word, is_alias FROM base_lexicon WHERE pinyin_key = ? AND tone_pinyin_key = ? AND word = ? AND enabled = 1 AND length(word) = ? LIMIT ?","{""pinyin_key"":""jia"",""tone_pinyin_key"":""jia1"",""length"":1,""limit"":8} || {""pinyin_key"":""jia"",""tone_pinyin_key"":""jia1"",""word"":""家"",""length"":1,""limit"":2}",0,,jia1,0,,2
nn-train-01,家系,0,2,jia|xi,jia1|xi1,"[1,1]",ready,PLAIN_AND_TONE_COMPOSITE,"SELECT id, pinyin_key, tone_pinyin_key, word, normalized, prior_score, repair_target, enabled, aliases, source, canonical_word, is_alias FROM base_lexicon WHERE pinyin_key = ? AND tone_pinyin_key = ? AND enabled = 1 AND length(word) = ? ORDER BY prior_score DESC LIMIT ? || SELECT id, domain_id, pinyin_key, tone_pinyin_key, word, normalized, prior_score, repair_target, enabled, aliases, source, canonical_word, is_alias FROM domain_lexicon WHERE domain_id = ? AND pinyin_key = ? AND tone_pinyin_key = ? AND enabled = 1 AND length(word) = ? ORDER BY prior_score DESC LIMIT ? /* domainIds=[""bakery"",""coffee"",""food_order"",""medical"",""meeting"",""milk_tea"",""tech_ai"",""tourism_hotel"",""tourism_pickup"",""tourism_route"",""tourism_transport"",""transport""] */","{""pinyin_key"":""jia|xi"",""tone_pinyin_key"":""jia1|xi1"",""length"":2,""limit"":8} || {""domainIds"":[""bakery"",""coffee"",""food_order"",""medical"",""meeting"",""milk_tea"",""tech_ai"",""tourism_hotel"",""tourism_pickup"",""tourism_route"",""tourism_transport"",""transport""],""pinyin_key"":""jia|xi"",""tone_pinyin_key"":""jia1|xi1"",""length"":2,""limit"":8}",0,,jia1|xi1,0,,2
nn-train-01,家系统,0,2,jia|xi|tong,jia1|xi1|tong1,"[1,1,1]",ready,PLAIN_AND_TONE_COMPOSITE,"SELECT id, pinyin_key, tone_pinyin_key, word, normalized, prior_score, repair_target, enabled, aliases, source, canonical_word, is_alias FROM base_lexicon WHERE pinyin_key = ? AND tone_pinyin_key = ? AND enabled = 1 AND length(word) = ? ORDER BY prior_score DESC LIMIT ? || SELECT id, domain_id, pinyin_key, tone_pinyin_key, word, normalized, prior_score, repair_target, enabled, aliases, source, canonical_word, is_alias FROM domain_lexicon WHERE domain_id = ? AND pinyin_key = ? AND tone_pinyin_key = ? AND enabled = 1 AND length(word) = ? ORDER BY prior_score DESC LIMIT ? /* domainIds=[""bakery"",""coffee"",""food_order"",""medical"",""meeting"",""milk_tea"",""tech_ai"",""tourism_hotel"",""tourism_pickup"",""tourism_route"",""tourism_transport"",""transport""] */","{""pinyin_key"":""jia|xi|tong"",""tone_pinyin_key"":""jia1|xi1|tong1"",""length"":3,""limit"":8} || {""domainIds"":[""bakery"",""coffee"",""food_order"",""medical"",""meeting"",""milk_tea"",""tech_ai"",""tourism_hotel"",""tourism_pickup"",""tourism_route"",""tourism_transport"",""transport""],""pinyin_key"":""jia|xi|tong"",""tone_pinyin_key"":""jia1|xi1|tong1"",""length"":3,""limit"":8}",0,,jia1|xi1|tong1,0,,2
nn-train-01,家系统平,0,2,jia|xi|tong|ping,jia1|xi1|tong1|ping1,"[1,1,1,1]",ready,PLAIN_AND_TONE_COMPOSITE,"SELECT id, pinyin_key, tone_pinyin_key, word, normalized, prior_score, repair_target, enabled, aliases, source, canonical_word, is_alias FROM base_lexicon WHERE pinyin_key = ? AND tone_pinyin_key = ? AND enabled = 1 AND length(word) = ? ORDER BY prior_score DESC LIMIT ? || SELECT id, domain_id, pinyin_key, tone_pinyin_key, word, normalized, prior_score, repair_target, enabled, aliases, source, canonical_word, is_alias FROM domain_lexicon WHERE domain_id = ? AND pinyin_key = ? AND tone_pinyin_key = ? AND enabled = 1 AND length(word) = ? ORDER BY prior_score DESC LIMIT ? /* domainIds=[""bakery"",""coffee"",""food_order"",""medical"",""meeting"",""milk_tea"",""tech_ai"",""tourism_hotel"",""tourism_pickup"",""tourism_route"",""tourism_transport"",""transport""] */","{""pinyin_key"":""jia|xi|tong|ping"",""tone_pinyin_key"":""jia1|xi1|tong1|ping1"",""length"":4,""limit"":8} || {""domainIds"":[""bakery"",""coffee"",""food_order"",""medical"",""meeting"",""milk_tea"",""tech_ai"",""tourism_hotel"",""tourism_pickup"",""tourism_route"",""tourism_transport"",""transport""],""pinyin_key"":""jia|xi|tong|ping"",""tone_pinyin_key"":""jia1|xi1|tong1|ping1"",""length"":4,""limit"":8}",0,,jia1|xi1|tong1|ping1,0,,2
nn-train-01,家系统平台,0,2,jia|xi|tong|ping|tai,jia1|xi1|tong1|ping1|tai1,"[1,1,1,1,1]",ready,PLAIN_AND_TONE_COMPOSITE,"SELECT id, pinyin_key, tone_pinyin_key, word, normalized, prior_score, repair_target, enabled, aliases, source, canonical_word, is_alias FROM base_lexicon WHERE pinyin_key = ? AND tone_pinyin_key = ? AND enabled = 1 AND length(word) = ? ORDER BY prior_score DESC LIMIT ? || SELECT id, domain_id, pinyin_key, tone_pinyin_key, word, normalized, prior_score, repair_target, enabled, aliases, source, canonical_word, is_alias FROM domain_lexicon WHERE domain_id = ? AND pinyin_key = ? AND tone_pinyin_key = ? AND enabled = 1 AND length(word) = ? ORDER BY prior_score DESC LIMIT ? /* domainIds=[""bakery"",""coffee"",""food_order"",""medical"",""meeting"",""milk_tea"",""tech_ai"",""tourism_hotel"",""tourism_pickup"",""tourism_route"",""tourism_transport"",""transport""] */","{""pinyin_key"":""jia|xi|tong|ping|tai"",""tone_pinyin_key"":""jia1|xi1|tong1|ping1|tai1"",""length"":5,""limit"":8} || {""domainIds"":[""bakery"",""coffee"",""food_order"",""medical"",""meeting"",""milk_tea"",""tech_ai"",""tourism_hotel"",""tourism_pickup"",""tourism_route"",""tourism_transport"",""transport""],""pinyin_key"":""jia|xi|tong|ping|tai"",""tone_pinyin_key"":""jia1|xi1|tong1|ping1|tai1"",""length"":5,""limit"":8}",0,,jia1|xi1|tong1|ping1|tai1,0,,2
nn-train-01,系,0,2,xi,xi1,[1],ready,PLAIN_AND_TONE_COMPOSITE,"SELECT id, pinyin_key, tone_pinyin_key, word, normalized, prior_score, repair_target, enabled, aliases, source, canonical_word, is_alias FROM base_lexicon WHERE pinyin_key = ? AND tone_pinyin_key = ? AND enabled = 1 AND length(word) = ? ORDER BY prior_score DESC LIMIT ? || SELECT id, pinyin_key, tone_pinyin_key, word, normalized, prior_score, repair_target, enabled, aliases, source, canonical_word, is_alias FROM base_lexicon WHERE pinyin_key = ? AND tone_pinyin_key = ? AND word = ? AND enabled = 1 AND length(word) = ? LIMIT ?","{""pinyin_key"":""xi"",""tone_pinyin_key"":""xi1"",""length"":1,""limit"":8} || {""pinyin_key"":""xi"",""tone_pinyin_key"":""xi1"",""word"":""系"",""length"":1,""limit"":2}",0,,xi1,0,,2
nn-train-01,系统,0,2,xi|tong,xi1|tong1,"[1,1]",ready,PLAIN_AND_TONE_COMPOSITE,"SELECT id, pinyin_key, tone_pinyin_key, word, normalized, prior_score, repair_target, enabled, aliases, source, canonical_word, is_alias FROM base_lexicon WHERE pinyin_key = ? AND tone_pinyin_key = ? AND enabled = 1 AND length(word) = ? ORDER BY prior_score DESC LIMIT ? || SELECT id, domain_id, pinyin_key, tone_pinyin_key, word, normalized, prior_score, repair_target, enabled, aliases, source, canonical_word, is_alias FROM domain_lexicon WHERE domain_id = ? AND pinyin_key = ? AND tone_pinyin_key = ? AND enabled = 1 AND length(word) = ? ORDER BY prior_score DESC LIMIT ? /* domainIds=[""bakery"",""coffee"",""food_order"",""medical"",""meeting"",""milk_tea"",""tech_ai"",""tourism_hotel"",""tourism_pickup"",""tourism_route"",""tourism_transport"",""transport""] */","{""pinyin_key"":""xi|tong"",""tone_pinyin_key"":""xi1|tong1"",""length"":2,""limit"":8} || {""domainIds"":[""bakery"",""coffee"",""food_order"",""medical"",""meeting"",""milk_tea"",""tech_ai"",""tourism_hotel"",""tourism_pickup"",""tourism_route"",""tourism_transport"",""transport""],""pinyin_key"":""xi|tong"",""tone_pinyin_key"":""xi1|tong1"",""length"":2,""limit"":8}",0,,xi1|tong1,0,,2
nn-train-01,系统平,0,2,xi|tong|ping,xi1|tong1|ping1,"[1,1,1]",ready,PLAIN_AND_TONE_COMPOSITE,"SELECT id, pinyin_key, tone_pinyin_key, word, normalized, prior_score, repair_target, enabled, aliases, source, canonical_word, is_alias FROM base_lexicon WHERE pinyin_key = ? AND tone_pinyin_key = ? AND enabled = 1 AND length(word) = ? ORDER BY prior_score DESC LIMIT ? || SELECT id, domain_id, pinyin_key, tone_pinyin_key, word, normalized, prior_score, repair_target, enabled, aliases, source, canonical_word, is_alias FROM domain_lexicon WHERE domain_id = ? AND pinyin_key = ? AND tone_pinyin_key = ? AND enabled = 1 AND length(word) = ? ORDER BY prior_score DESC LIMIT ? /* domainIds=[""bakery"",""coffee"",""food_order"",""medical"",""meeting"",""milk_tea"",""tech_ai"",""tourism_hotel"",""tourism_pickup"",""tourism_route"",""tourism_transport"",""transport""] */","{""pinyin_key"":""xi|tong|ping"",""tone_pinyin_key"":""xi1|tong1|ping1"",""length"":3,""limit"":8} || {""domainIds"":[""bakery"",""coffee"",""food_order"",""medical"",""meeting"",""milk_tea"",""tech_ai"",""tourism_hotel"",""tourism_pickup"",""tourism_route"",""tourism_transport"",""transport""],""pinyin_key"":""xi|tong|ping"",""tone_pinyin_key"":""xi1|tong1|ping1"",""length"":3,""limit"":8}",0,,xi1|tong1|ping1,0,,2
nn-train-01,系统平台,0,2,xi|tong|ping|tai,xi1|tong1|ping1|tai1,"[1,1,1,1]",ready,PLAIN_AND_TONE_COMPOSITE,"SELECT id, pinyin_key, tone_pinyin_key, word, normalized, prior_score, repair_target, enabled, aliases, source, canonical_word, is_alias FROM base_lexicon WHERE pinyin_key = ? AND tone_pinyin_key = ? AND enabled = 1 AND length(word) = ? ORDER BY prior_score DESC LIMIT ? || SELECT id, domain_id, pinyin_key, tone_pinyin_key, word, normalized, prior_score, repair_target, enabled, aliases, source, canonical_word, is_alias FROM domain_lexicon WHERE domain_id = ? AND pinyin_key = ? AND tone_pinyin_key = ? AND enabled = 1 AND length(word) = ? ORDER BY prior_score DESC LIMIT ? /* domainIds=[""bakery"",""coffee"",""food_order"",""medical"",""meeting"",""milk_tea"",""tech_ai"",""tourism_hotel"",""tourism_pickup"",""tourism_route"",""tourism_transport"",""transport""] */","{""pinyin_key"":""xi|tong|ping|tai"",""tone_pinyin_key"":""xi1|tong1|ping1|tai1"",""length"":4,""limit"":8} || {""domainIds"":[""bakery"",""coffee"",""food_order"",""medical"",""meeting"",""milk_tea"",""tech_ai"",""tourism_hotel"",""tourism_pickup"",""tourism_route"",""tourism_transport"",""transport""],""pinyin_key"":""xi|tong|ping|tai"",""tone_pinyin_key"":""xi1|tong1|ping1|tai1"",""length"":4,""limit"":8}",0,,xi1|tong1|ping1|tai1,0,,2
nn-train-01,统,0,2,tong,tong1,[1],ready,PLAIN_AND_TONE_COMPOSITE,"SELECT id, pinyin_key, tone_pinyin_key, word, normalized, prior_score, repair_target, enabled, aliases, source, canonical_word, is_alias FROM base_lexicon WHERE pinyin_key = ? AND tone_pinyin_key = ? AND enabled = 1 AND length(word) = ? ORDER BY prior_score DESC LIMIT ? || SELECT id, pinyin_key, tone_pinyin_key, word, normalized, prior_score, repair_target, enabled, aliases, source, canonical_word, is_alias FROM base_lexicon WHERE pinyin_key = ? AND tone_pinyin_key = ? AND word = ? AND enabled = 1 AND length(word) = ? LIMIT ?","{""pinyin_key"":""tong"",""tone_pinyin_key"":""tong1"",""length"":1,""limit"":8} || {""pinyin_key"":""tong"",""tone_pinyin_key"":""tong1"",""word"":""统"",""length"":1,""limit"":2}",0,,tong1,0,,2
nn-train-01,统平,0,2,tong|ping,tong1|ping1,"[1,1]",ready,PLAIN_AND_TONE_COMPOSITE,"SELECT id, pinyin_key, tone_pinyin_key, word, normalized, prior_score, repair_target, enabled, aliases, source, canonical_word, is_alias FROM base_lexicon WHERE pinyin_key = ? AND tone_pinyin_key = ? AND enabled = 1 AND length(word) = ? ORDER BY prior_score DESC LIMIT ? || SELECT id, domain_id, pinyin_key, tone_pinyin_key, word, normalized, prior_score, repair_target, enabled, aliases, source, canonical_word, is_alias FROM domain_lexicon WHERE domain_id = ? AND pinyin_key = ? AND tone_pinyin_key = ? AND enabled = 1 AND length(word) = ? ORDER BY prior_score DESC LIMIT ? /* domainIds=[""bakery"",""coffee"",""food_order"",""medical"",""meeting"",""milk_tea"",""tech_ai"",""tourism_hotel"",""tourism_pickup"",""tourism_route"",""tourism_transport"",""transport""] */","{""pinyin_key"":""tong|ping"",""tone_pinyin_key"":""tong1|ping1"",""length"":2,""limit"":8} || {""domainIds"":[""bakery"",""coffee"",""food_order"",""medical"",""meeting"",""milk_tea"",""tech_ai"",""tourism_hotel"",""tourism_pickup"",""tourism_route"",""tourism_transport"",""transport""],""pinyin_key"":""tong|ping"",""tone_pinyin_key"":""tong1|ping1"",""length"":2,""limit"":8}",0,,tong1|ping1,0,,2
nn-train-01,统平台,0,2,tong|ping|tai,tong1|ping1|tai1,"[1,1,1]",ready,PLAIN_AND_TONE_COMPOSITE,"SELECT id, pinyin_key, tone_pinyin_key, word, normalized, prior_score, repair_target, enabled, aliases, source, canonical_word, is_alias FROM base_lexicon WHERE pinyin_key = ? AND tone_pinyin_key = ? AND enabled = 1 AND length(word) = ? ORDER BY prior_score DESC LIMIT ? || SELECT id, domain_id, pinyin_key, tone_pinyin_key, word, normalized, prior_score, repair_target, enabled, aliases, source, canonical_word, is_alias FROM domain_lexicon WHERE domain_id = ? AND pinyin_key = ? AND tone_pinyin_key = ? AND enabled = 1 AND length(word) = ? ORDER BY prior_score DESC LIMIT ? /* domainIds=[""bakery"",""coffee"",""food_order"",""medical"",""meeting"",""milk_tea"",""tech_ai"",""tourism_hotel"",""tourism_pickup"",""tourism_route"",""tourism_transport"",""transport""] */","{""pinyin_key"":""tong|ping|tai"",""tone_pinyin_key"":""tong1|ping1|tai1"",""length"":3,""limit"":8} || {""domainIds"":[""bakery"",""coffee"",""food_order"",""medical"",""meeting"",""milk_tea"",""tech_ai"",""tourism_hotel"",""tourism_pickup"",""tourism_route"",""tourism_transport"",""transport""],""pinyin_key"":""tong|ping|tai"",""tone_pinyin_key"":""tong1|ping1|tai1"",""length"":3,""limit"":8}",0,,tong1|ping1|tai1,0,,2
nn-train-01,平,0,2,ping,ping1,[1],ready,PLAIN_AND_TONE_COMPOSITE,"SELECT id, pinyin_key, tone_pinyin_key, word, normalized, prior_score, repair_target, enabled, aliases, source, canonical_word, is_alias FROM base_lexicon WHERE pinyin_key = ? AND tone_pinyin_key = ? AND enabled = 1 AND length(word) = ? ORDER BY prior_score DESC LIMIT ? || SELECT id, pinyin_key, tone_pinyin_key, word, normalized, prior_score, repair_target, enabled, aliases, source, canonical_word, is_alias FROM base_lexicon WHERE pinyin_key = ? AND tone_pinyin_key = ? AND word = ? AND enabled = 1 AND length(word) = ? LIMIT ?","{""pinyin_key"":""ping"",""tone_pinyin_key"":""ping1"",""length"":1,""limit"":8} || {""pinyin_key"":""ping"",""tone_pinyin_key"":""ping1"",""word"":""平"",""length"":1,""limit"":2}",0,,ping1,0,,2
nn-train-01,平台,0,2,ping|tai,ping1|tai1,"[1,1]",ready,PLAIN_AND_TONE_COMPOSITE,"SELECT id, pinyin_key, tone_pinyin_key, word, normalized, prior_score, repair_target, enabled, aliases, source, canonical_word, is_alias FROM base_lexicon WHERE pinyin_key = ? AND tone_pinyin_key = ? AND enabled = 1 AND length(word) = ? ORDER BY prior_score DESC LIMIT ? || SELECT id, domain_id, pinyin_key, tone_pinyin_key, word, normalized, prior_score, repair_target, enabled, aliases, source, canonical_word, is_alias FROM domain_lexicon WHERE domain_id = ? AND pinyin_key = ? AND tone_pinyin_key = ? AND enabled = 1 AND length(word) = ? ORDER BY prior_score DESC LIMIT ? /* domainIds=[""bakery"",""coffee"",""food_order"",""medical"",""meeting"",""milk_tea"",""tech_ai"",""tourism_hotel"",""tourism_pickup"",""tourism_route"",""tourism_transport"",""transport""] */","{""pinyin_key"":""ping|tai"",""tone_pinyin_key"":""ping1|tai1"",""length"":2,""limit"":8} || {""domainIds"":[""bakery"",""coffee"",""food_order"",""medical"",""meeting"",""milk_tea"",""tech_ai"",""tourism_hotel"",""tourism_pickup"",""tourism_route"",""tourism_transport"",""transport""],""pinyin_key"":""ping|tai"",""tone_pinyin_key"":""ping1|tai1"",""length"":2,""limit"":8}",0,,ping1|tai1,0,,2
nn-train-01,台,0,2,tai,tai1,[1],ready,PLAIN_AND_TONE_COMPOSITE,"SELECT id, pinyin_key, tone_pinyin_key, word, normalized, prior_score, repair_target, enabled, aliases, source, canonical_word, is_alias FROM base_lexicon WHERE pinyin_key = ? AND tone_pinyin_key = ? AND enabled = 1 AND length(word) = ? ORDER BY prior_score DESC LIMIT ? || SELECT id, pinyin_key, tone_pinyin_key, word, normalized, prior_score, repair_target, enabled, aliases, source, canonical_word, is_alias FROM base_lexicon WHERE pinyin_key = ? AND tone_pinyin_key = ? AND word = ? AND enabled = 1 AND length(word) = ? LIMIT ?","{""pinyin_key"":""tai"",""tone_pinyin_key"":""tai1"",""length"":1,""limit"":8} || {""pinyin_key"":""tai"",""tone_pinyin_key"":""tai1"",""word"":""台"",""length"":1,""limit"":2}",0,,tai1,0,,2
nn-train-01,我闷蒸在,0,4,wo|men|zheng|zai,wo1|men1|zheng1|zai1,"[1,1,1,1]",ready,PLAIN_AND_TONE_COMPOSITE,"SELECT id, pinyin_key, tone_pinyin_key, word, normalized, prior_score, repair_target, enabled, aliases, source, canonical_word, is_alias FROM base_lexicon WHERE pinyin_key = ? AND tone_pinyin_key = ? AND enabled = 1 AND length(word) = ? ORDER BY prior_score DESC LIMIT ? || SELECT id, domain_id, pinyin_key, tone_pinyin_key, word, normalized, prior_score, repair_target, enabled, aliases, source, canonical_word, is_alias FROM domain_lexicon WHERE domain_id = ? AND pinyin_key = ? AND tone_pinyin_key = ? AND enabled = 1 AND length(word) = ? ORDER BY prior_score DESC LIMIT ? /* domainIds=[""bakery"",""coffee"",""food_order"",""medical"",""meeting"",""milk_tea"",""tech_ai"",""tourism_hotel"",""tourism_pickup"",""tourism_route"",""tourism_transport"",""transport""] */","{""pinyin_key"":""wo|men|zheng|zai"",""tone_pinyin_key"":""wo1|men1|zheng1|zai1"",""length"":4,""limit"":8} || {""domainIds"":[""bakery"",""coffee"",""food_order"",""medical"",""meeting"",""milk_tea"",""tech_ai"",""tourism_hotel"",""tourism_pickup"",""tourism_route"",""tourism_transport"",""transport""],""pinyin_key"":""wo|men|zheng|zai"",""tone_pinyin_key"":""wo1|men1|zheng1|zai1"",""length"":4,""limit"":8}",0,,wo1|men1|zheng1|zai1,0,,2
nn-train-01b,我,0,4,wo,wo1,[1],ready,PLAIN_AND_TONE_COMPOSITE,"SELECT id, pinyin_key, tone_pinyin_key, word, normalized, prior_score, repair_target, enabled, aliases, source, canonical_word, is_alias FROM base_lexicon WHERE pinyin_key = ? AND tone_pinyin_key = ? AND enabled = 1 AND length(word) = ? ORDER BY prior_score DESC LIMIT ? || SELECT id, pinyin_key, tone_pinyin_key, word, normalized, prior_score, repair_target, enabled, aliases, source, canonical_word, is_alias FROM base_lexicon WHERE pinyin_key = ? AND tone_pinyin_key = ? AND word = ? AND enabled = 1 AND length(word) = ? LIMIT ?","{""pinyin_key"":""wo"",""tone_pinyin_key"":""wo1"",""length"":1,""limit"":8} || {""pinyin_key"":""wo"",""tone_pinyin_key"":""wo1"",""word"":""我"",""length"":1,""limit"":2}",0,,wo1,0,,2
nn-train-01b,我闷,0,4,wo|men,wo1|men1,"[1,1]",ready,PLAIN_AND_TONE_COMPOSITE,"SELECT id, pinyin_key, tone_pinyin_key, word, normalized, prior_score, repair_target, enabled, aliases, source, canonical_word, is_alias FROM base_lexicon WHERE pinyin_key = ? AND tone_pinyin_key = ? AND enabled = 1 AND length(word) = ? ORDER BY prior_score DESC LIMIT ? || SELECT id, domain_id, pinyin_key, tone_pinyin_key, word, normalized, prior_score, repair_target, enabled, aliases, source, canonical_word, is_alias FROM domain_lexicon WHERE domain_id = ? AND pinyin_key = ? AND tone_pinyin_key = ? AND enabled = 1 AND length(word) = ? ORDER BY prior_score DESC LIMIT ? /* domainIds=[""bakery"",""coffee"",""food_order"",""medical"",""meeting"",""milk_tea"",""tech_ai"",""tourism_hotel"",""tourism_pickup"",""tourism_route"",""tourism_transport"",""transport""] */","{""pinyin_key"":""wo|men"",""tone_pinyin_key"":""wo1|men1"",""length"":2,""limit"":8} || {""domainIds"":[""bakery"",""coffee"",""food_order"",""medical"",""meeting"",""milk_tea"",""tech_ai"",""tourism_hotel"",""tourism_pickup"",""tourism_route"",""tourism_transport"",""transport""],""pinyin_key"":""wo|men"",""tone_pinyin_key"":""wo1|men1"",""length"":2,""limit"":8}",0,,wo1|men1,0,,2
nn-train-01b,我闷蒸,0,4,wo|men|zheng,wo1|men1|zheng1,"[1,1,1]",ready,PLAIN_AND_TONE_COMPOSITE,"SELECT id, pinyin_key, tone_pinyin_key, word, normalized, prior_score, repair_target, enabled, aliases, source, canonical_word, is_alias FROM base_lexicon WHERE pinyin_key = ? AND tone_pinyin_key = ? AND enabled = 1 AND length(word) = ? ORDER BY prior_score DESC LIMIT ? || SELECT id, domain_id, pinyin_key, tone_pinyin_key, word, normalized, prior_score, repair_target, enabled, aliases, source, canonical_word, is_alias FROM domain_lexicon WHERE domain_id = ? AND pinyin_key = ? AND tone_pinyin_key = ? AND enabled = 1 AND length(word) = ? ORDER BY prior_score DESC LIMIT ? /* domainIds=[""bakery"",""coffee"",""food_order"",""medical"",""meeting"",""milk_tea"",""tech_ai"",""tourism_hotel"",""tourism_pickup"",""tourism_route"",""tourism_transport"",""transport""] */","{""pinyin_key"":""wo|men|zheng"",""tone_pinyin_key"":""wo1|men1|zheng1"",""length"":3,""limit"":8} || {""domainIds"":[""bakery"",""coffee"",""food_order"",""medical"",""meeting"",""milk_tea"",""tech_ai"",""tourism_hotel"",""tourism_pickup"",""tourism_route"",""tourism_transport"",""transport""],""pinyin_key"":""wo|men|zheng"",""tone_pinyin_key"":""wo1|men1|zheng1"",""length"":3,""limit"":8}",0,,wo1|men1|zheng1,0,,2
nn-train-01b,我闷蒸在,0,4,wo|men|zheng|zai,wo1|men1|zheng1|zai1,"[1,1,1,1]",ready,PLAIN_AND_TONE_COMPOSITE,"SELECT id, pinyin_key, tone_pinyin_key, word, normalized, prior_score, repair_target, enabled, aliases, source, canonical_word, is_alias FROM base_lexicon WHERE pinyin_key = ? AND tone_pinyin_key = ? AND enabled = 1 AND length(word) = ? ORDER BY prior_score DESC LIMIT ? || SELECT id, domain_id, pinyin_key, tone_pinyin_key, word, normalized, prior_score, repair_target, enabled, aliases, source, canonical_word, is_alias FROM domain_lexicon WHERE domain_id = ? AND pinyin_key = ? AND tone_pinyin_key = ? AND enabled = 1 AND length(word) = ? ORDER BY prior_score DESC LIMIT ? /* domainIds=[""bakery"",""coffee"",""food_order"",""medical"",""meeting"",""milk_tea"",""tech_ai"",""tourism_hotel"",""tourism_pickup"",""tourism_route"",""tourism_transport"",""transport""] */","{""pinyin_key"":""wo|men|zheng|zai"",""tone_pinyin_key"":""wo1|men1|zheng1|zai1"",""length"":4,""limit"":8} || {""domainIds"":[""bakery"",""coffee"",""food_order"",""medical"",""meeting"",""milk_tea"",""tech_ai"",""tourism_hotel"",""tourism_pickup"",""tourism_route"",""tourism_transport"",""transport""],""pinyin_key"":""wo|men|zheng|zai"",""tone_pinyin_key"":""wo1|men1|zheng1|zai1"",""length"":4,""limit"":8}",0,,wo1|men1|zheng1|zai1,0,,2
nn-train-01b,我闷蒸在训,0,4,wo|men|zheng|zai|xun,wo1|men1|zheng1|zai1|xun1,"[1,1,1,1,1]",ready,PLAIN_AND_TONE_COMPOSITE,"SELECT id, pinyin_key, tone_pinyin_key, word, normalized, prior_score, repair_target, enabled, aliases, source, canonical_word, is_alias FROM base_lexicon WHERE pinyin_key = ? AND tone_pinyin_key = ? AND enabled = 1 AND length(word) = ? ORDER BY prior_score DESC LIMIT ? || SELECT id, domain_id, pinyin_key, tone_pinyin_key, word, normalized, prior_score, repair_target, enabled, aliases, source, canonical_word, is_alias FROM domain_lexicon WHERE domain_id = ? AND pinyin_key = ? AND tone_pinyin_key = ? AND enabled = 1 AND length(word) = ? ORDER BY prior_score DESC LIMIT ? /* domainIds=[""bakery"",""coffee"",""food_order"",""medical"",""meeting"",""milk_tea"",""tech_ai"",""tourism_hotel"",""tourism_pickup"",""tourism_route"",""tourism_transport"",""transport""] */","{""pinyin_key"":""wo|men|zheng|zai|xun"",""tone_pinyin_key"":""wo1|men1|zheng1|zai1|xun1"",""length"":5,""limit"":8} || {""domainIds"":[""bakery"",""coffee"",""food_order"",""medical"",""meeting"",""milk_tea"",""tech_ai"",""tourism_hotel"",""tourism_pickup"",""tourism_route"",""tourism_transport"",""transport""],""pinyin_key"":""wo|men|zheng|zai|xun"",""tone_pinyin_key"":""wo1|men1|zheng1|zai1|xun1"",""length"":5,""limit"":8}",0,,wo1|men1|zheng1|zai1|xun1,0,,2
nn-train-01b,闷,0,4,men,men1,[1],ready,PLAIN_AND_TONE_COMPOSITE,"SELECT id, pinyin_key, tone_pinyin_key, word, normalized, prior_score, repair_target, enabled, aliases, source, canonical_word, is_alias FROM base_lexicon WHERE pinyin_key = ? AND tone_pinyin_key = ? AND enabled = 1 AND length(word) = ? ORDER BY prior_score DESC LIMIT ? || SELECT id, pinyin_key, tone_pinyin_key, word, normalized, prior_score, repair_target, enabled, aliases, source, canonical_word, is_alias FROM base_lexicon WHERE pinyin_key = ? AND tone_pinyin_key = ? AND word = ? AND enabled = 1 AND length(word) = ? LIMIT ?","{""pinyin_key"":""men"",""tone_pinyin_key"":""men1"",""length"":1,""limit"":8} || {""pinyin_key"":""men"",""tone_pinyin_key"":""men1"",""word"":""闷"",""length"":1,""limit"":2}",0,,men1,0,,2
nn-train-01b,闷蒸,0,4,men|zheng,men1|zheng1,"[1,1]",ready,PLAIN_AND_TONE_COMPOSITE,"SELECT id, pinyin_key, tone_pinyin_key, word, normalized, prior_score, repair_target, enabled, aliases, source, canonical_word, is_alias FROM base_lexicon WHERE pinyin_key = ? AND tone_pinyin_key = ? AND enabled = 1 AND length(word) = ? ORDER BY prior_score DESC LIMIT ? || SELECT id, domain_id, pinyin_key, tone_pinyin_key, word, normalized, prior_score, repair_target, enabled, aliases, source, canonical_word, is_alias FROM domain_lexicon WHERE domain_id = ? AND pinyin_key = ? AND tone_pinyin_key = ? AND enabled = 1 AND length(word) = ? ORDER BY prior_score DESC LIMIT ? /* domainIds=[""bakery"",""coffee"",""food_order"",""medical"",""meeting"",""milk_tea"",""tech_ai"",""tourism_hotel"",""tourism_pickup"",""tourism_route"",""tourism_transport"",""transport""] */","{""pinyin_key"":""men|zheng"",""tone_pinyin_key"":""men1|zheng1"",""length"":2,""limit"":8} || {""domainIds"":[""bakery"",""coffee"",""food_order"",""medical"",""meeting"",""milk_tea"",""tech_ai"",""tourism_hotel"",""tourism_pickup"",""tourism_route"",""tourism_transport"",""transport""],""pinyin_key"":""men|zheng"",""tone_pinyin_key"":""men1|zheng1"",""length"":2,""limit"":8}",1,闷蒸,men1|zheng1,1,,2
nn-train-01b,闷蒸在,0,4,men|zheng|zai,men1|zheng1|zai1,"[1,1,1]",ready,PLAIN_AND_TONE_COMPOSITE,"SELECT id, pinyin_key, tone_pinyin_key, word, normalized, prior_score, repair_target, enabled, aliases, source, canonical_word, is_alias FROM base_lexicon WHERE pinyin_key = ? AND tone_pinyin_key = ? AND enabled = 1 AND length(word) = ? ORDER BY prior_score DESC LIMIT ? || SELECT id, domain_id, pinyin_key, tone_pinyin_key, word, normalized, prior_score, repair_target, enabled, aliases, source, canonical_word, is_alias FROM domain_lexicon WHERE domain_id = ? AND pinyin_key = ? AND tone_pinyin_key = ? AND enabled = 1 AND length(word) = ? ORDER BY prior_score DESC LIMIT ? /* domainIds=[""bakery"",""coffee"",""food_order"",""medical"",""meeting"",""milk_tea"",""tech_ai"",""tourism_hotel"",""tourism_pickup"",""tourism_route"",""tourism_transport"",""transport""] */","{""pinyin_key"":""men|zheng|zai"",""tone_pinyin_key"":""men1|zheng1|zai1"",""length"":3,""limit"":8} || {""domainIds"":[""bakery"",""coffee"",""food_order"",""medical"",""meeting"",""milk_tea"",""tech_ai"",""tourism_hotel"",""tourism_pickup"",""tourism_route"",""tourism_transport"",""transport""],""pinyin_key"":""men|zheng|zai"",""tone_pinyin_key"":""men1|zheng1|zai1"",""length"":3,""limit"":8}",0,,men1|zheng1|zai1,0,,2
nn-train-01b,闷蒸在训,0,4,men|zheng|zai|xun,men1|zheng1|zai1|xun1,"[1,1,1,1]",ready,PLAIN_AND_TONE_COMPOSITE,"SELECT id, pinyin_key, tone_pinyin_key, word, normalized, prior_score, repair_target, enabled, aliases, source, canonical_word, is_alias FROM base_lexicon WHERE pinyin_key = ? AND tone_pinyin_key = ? AND enabled = 1 AND length(word) = ? ORDER BY prior_score DESC LIMIT ? || SELECT id, domain_id, pinyin_key, tone_pinyin_key, word, normalized, prior_score, repair_target, enabled, aliases, source, canonical_word, is_alias FROM domain_lexicon WHERE domain_id = ? AND pinyin_key = ? AND tone_pinyin_key = ? AND enabled = 1 AND length(word) = ? ORDER BY prior_score DESC LIMIT ? /* domainIds=[""bakery"",""coffee"",""food_order"",""medical"",""meeting"",""milk_tea"",""tech_ai"",""tourism_hotel"",""tourism_pickup"",""tourism_route"",""tourism_transport"",""transport""] */","{""pinyin_key"":""men|zheng|zai|xun"",""tone_pinyin_key"":""men1|zheng1|zai1|xun1"",""length"":4,""limit"":8} || {""domainIds"":[""bakery"",""coffee"",""food_order"",""medical"",""meeting"",""milk_tea"",""tech_ai"",""tourism_hotel"",""tourism_pickup"",""tourism_route"",""tourism_transport"",""transport""],""pinyin_key"":""men|zheng|zai|xun"",""tone_pinyin_key"":""men1|zheng1|zai1|xun1"",""length"":4,""limit"":8}",0,,men1|zheng1|zai1|xun1,0,,2
nn-train-01b,闷蒸在训练,0,4,men|zheng|zai|xun|lian,men1|zheng1|zai1|xun1|lian1,"[1,1,1,1,1]",ready,PLAIN_AND_TONE_COMPOSITE,"SELECT id, pinyin_key, tone_pinyin_key, word, normalized, prior_score, repair_target, enabled, aliases, source, canonical_word, is_alias FROM base_lexicon WHERE pinyin_key = ? AND tone_pinyin_key = ? AND enabled = 1 AND length(word) = ? ORDER BY prior_score DESC LIMIT ? || SELECT id, domain_id, pinyin_key, tone_pinyin_key, word, normalized, prior_score, repair_target, enabled, aliases, source, canonical_word, is_alias FROM domain_lexicon WHERE domain_id = ? AND pinyin_key = ? AND tone_pinyin_key = ? AND enabled = 1 AND length(word) = ? ORDER BY prior_score DESC LIMIT ? /* domainIds=[""bakery"",""coffee"",""food_order"",""medical"",""meeting"",""milk_tea"",""tech_ai"",""tourism_hotel"",""tourism_pickup"",""tourism_route"",""tourism_transport"",""transport""] */","{""pinyin_key"":""men|zheng|zai|xun|lian"",""tone_pinyin_key"":""men1|zheng1|zai1|xun1|lian1"",""length"":5,""limit"":8} || {""domainIds"":[""bakery"",""coffee"",""food_order"",""medical"",""meeting"",""milk_tea"",""tech_ai"",""tourism_hotel"",""tourism_pickup"",""tourism_route"",""tourism_transport"",""transport""],""pinyin_key"":""men|zheng|zai|xun|lian"",""tone_pinyin_key"":""men1|zheng1|zai1|xun1|lian1"",""length"":5,""limit"":8}",0,,men1|zheng1|zai1|xun1|lian1,0,,2
nn-train-01b,蒸,0,4,zheng,zheng1,[1],ready,PLAIN_AND_TONE_COMPOSITE,"SELECT id, pinyin_key, tone_pinyin_key, word, normalized, prior_score, repair_target, enabled, aliases, source, canonical_word, is_alias FROM base_lexicon WHERE pinyin_key = ? AND tone_pinyin_key = ? AND enabled = 1 AND length(word) = ? ORDER BY prior_score DESC LIMIT ? || SELECT id, pinyin_key, tone_pinyin_key, word, normalized, prior_score, repair_target, enabled, aliases, source, canonical_word, is_alias FROM base_lexicon WHERE pinyin_key = ? AND tone_pinyin_key = ? AND word = ? AND enabled = 1 AND length(word) = ? LIMIT ?","{""pinyin_key"":""zheng"",""tone_pinyin_key"":""zheng1"",""length"":1,""limit"":8} || {""pinyin_key"":""zheng"",""tone_pinyin_key"":""zheng1"",""word"":""蒸"",""length"":1,""limit"":2}",0,,zheng1,0,,2
nn-train-01b,蒸在,0,4,zheng|zai,zheng1|zai1,"[1,1]",ready,PLAIN_AND_TONE_COMPOSITE,"SELECT id, pinyin_key, tone_pinyin_key, word, normalized, prior_score, repair_target, enabled, aliases, source, canonical_word, is_alias FROM base_lexicon WHERE pinyin_key = ? AND tone_pinyin_key = ? AND enabled = 1 AND length(word) = ? ORDER BY prior_score DESC LIMIT ? || SELECT id, domain_id, pinyin_key, tone_pinyin_key, word, normalized, prior_score, repair_target, enabled, aliases, source, canonical_word, is_alias FROM domain_lexicon WHERE domain_id = ? AND pinyin_key = ? AND tone_pinyin_key = ? AND enabled = 1 AND length(word) = ? ORDER BY prior_score DESC LIMIT ? /* domainIds=[""bakery"",""coffee"",""food_order"",""medical"",""meeting"",""milk_tea"",""tech_ai"",""tourism_hotel"",""tourism_pickup"",""tourism_route"",""tourism_transport"",""transport""] */","{""pinyin_key"":""zheng|zai"",""tone_pinyin_key"":""zheng1|zai1"",""length"":2,""limit"":8} || {""domainIds"":[""bakery"",""coffee"",""food_order"",""medical"",""meeting"",""milk_tea"",""tech_ai"",""tourism_hotel"",""tourism_pickup"",""tourism_route"",""tourism_transport"",""transport""],""pinyin_key"":""zheng|zai"",""tone_pinyin_key"":""zheng1|zai1"",""length"":2,""limit"":8}",0,,zheng1|zai1,0,,2
nn-train-01b,蒸在训,0,4,zheng|zai|xun,zheng1|zai1|xun1,"[1,1,1]",ready,PLAIN_AND_TONE_COMPOSITE,"SELECT id, pinyin_key, tone_pinyin_key, word, normalized, prior_score, repair_target, enabled, aliases, source, canonical_word, is_alias FROM base_lexicon WHERE pinyin_key = ? AND tone_pinyin_key = ? AND enabled = 1 AND length(word) = ? ORDER BY prior_score DESC LIMIT ? || SELECT id, domain_id, pinyin_key, tone_pinyin_key, word, normalized, prior_score, repair_target, enabled, aliases, source, canonical_word, is_alias FROM domain_lexicon WHERE domain_id = ? AND pinyin_key = ? AND tone_pinyin_key = ? AND enabled = 1 AND length(word) = ? ORDER BY prior_score DESC LIMIT ? /* domainIds=[""bakery"",""coffee"",""food_order"",""medical"",""meeting"",""milk_tea"",""tech_ai"",""tourism_hotel"",""tourism_pickup"",""tourism_route"",""tourism_transport"",""transport""] */","{""pinyin_key"":""zheng|zai|xun"",""tone_pinyin_key"":""zheng1|zai1|xun1"",""length"":3,""limit"":8} || {""domainIds"":[""bakery"",""coffee"",""food_order"",""medical"",""meeting"",""milk_tea"",""tech_ai"",""tourism_hotel"",""tourism_pickup"",""tourism_route"",""tourism_transport"",""transport""],""pinyin_key"":""zheng|zai|xun"",""tone_pinyin_key"":""zheng1|zai1|xun1"",""length"":3,""limit"":8}",0,,zheng1|zai1|xun1,0,,2
nn-train-01b,蒸在训练,0,4,zheng|zai|xun|lian,zheng1|zai1|xun1|lian1,"[1,1,1,1]",ready,PLAIN_AND_TONE_COMPOSITE,"SELECT id, pinyin_key, tone_pinyin_key, word, normalized, prior_score, repair_target, enabled, aliases, source, canonical_word, is_alias FROM base_lexicon WHERE pinyin_key = ? AND tone_pinyin_key = ? AND enabled = 1 AND length(word) = ? ORDER BY prior_score DESC LIMIT ? || SELECT id, domain_id, pinyin_key, tone_pinyin_key, word, normalized, prior_score, repair_target, enabled, aliases, source, canonical_word, is_alias FROM domain_lexicon WHERE domain_id = ? AND pinyin_key = ? AND tone_pinyin_key = ? AND enabled = 1 AND length(word) = ? ORDER BY prior_score DESC LIMIT ? /* domainIds=[""bakery"",""coffee"",""food_order"",""medical"",""meeting"",""milk_tea"",""tech_ai"",""tourism_hotel"",""tourism_pickup"",""tourism_route"",""tourism_transport"",""transport""] */","{""pinyin_key"":""zheng|zai|xun|lian"",""tone_pinyin_key"":""zheng1|zai1|xun1|lian1"",""length"":4,""limit"":8} || {""domainIds"":[""bakery"",""coffee"",""food_order"",""medical"",""meeting"",""milk_tea"",""tech_ai"",""tourism_hotel"",""tourism_pickup"",""tourism_route"",""tourism_transport"",""transport""],""pinyin_key"":""zheng|zai|xun|lian"",""tone_pinyin_key"":""zheng1|zai1|xun1|lian1"",""length"":4,""limit"":8}",0,,zheng1|zai1|xun1|lian1,0,,2
nn-train-01b,蒸在训练神,0,4,zheng|zai|xun|lian|shen,zheng1|zai1|xun1|lian1|shen1,"[1,1,1,1,1]",ready,PLAIN_AND_TONE_COMPOSITE,"SELECT id, pinyin_key, tone_pinyin_key, word, normalized, prior_score, repair_target, enabled, aliases, source, canonical_word, is_alias FROM base_lexicon WHERE pinyin_key = ? AND tone_pinyin_key = ? AND enabled = 1 AND length(word) = ? ORDER BY prior_score DESC LIMIT ? || SELECT id, domain_id, pinyin_key, tone_pinyin_key, word, normalized, prior_score, repair_target, enabled, aliases, source, canonical_word, is_alias FROM domain_lexicon WHERE domain_id = ? AND pinyin_key = ? AND tone_pinyin_key = ? AND enabled = 1 AND length(word) = ? ORDER BY prior_score DESC LIMIT ? /* domainIds=[""bakery"",""coffee"",""food_order"",""medical"",""meeting"",""milk_tea"",""tech_ai"",""tourism_hotel"",""tourism_pickup"",""tourism_route"",""tourism_transport"",""transport""] */","{""pinyin_key"":""zheng|zai|xun|lian|shen"",""tone_pinyin_key"":""zheng1|zai1|xun1|lian1|shen1"",""length"":5,""limit"":8} || {""domainIds"":[""bakery"",""coffee"",""food_order"",""medical"",""meeting"",""milk_tea"",""tech_ai"",""tourism_hotel"",""tourism_pickup"",""tourism_route"",""tourism_transport"",""transport""],""pinyin_key"":""zheng|zai|xun|lian|shen"",""tone_pinyin_key"":""zheng1|zai1|xun1|lian1|shen1"",""length"":5,""limit"":8}",0,,zheng1|zai1|xun1|lian1|shen1,0,,2
nn-train-01b,在,0,4,zai,zai1,[1],ready,PLAIN_AND_TONE_COMPOSITE,"SELECT id, pinyin_key, tone_pinyin_key, word, normalized, prior_score, repair_target, enabled, aliases, source, canonical_word, is_alias FROM base_lexicon WHERE pinyin_key = ? AND tone_pinyin_key = ? AND enabled = 1 AND length(word) = ? ORDER BY prior_score DESC LIMIT ? || SELECT id, pinyin_key, tone_pinyin_key, word, normalized, prior_score, repair_target, enabled, aliases, source, canonical_word, is_alias FROM base_lexicon WHERE pinyin_key = ? AND tone_pinyin_key = ? AND word = ? AND enabled = 1 AND length(word) = ? LIMIT ?","{""pinyin_key"":""zai"",""tone_pinyin_key"":""zai1"",""length"":1,""limit"":8} || {""pinyin_key"":""zai"",""tone_pinyin_key"":""zai1"",""word"":""在"",""length"":1,""limit"":2}",0,,zai1,0,,2
nn-train-01b,在训,0,4,zai|xun,zai1|xun1,"[1,1]",ready,PLAIN_AND_TONE_COMPOSITE,"SELECT id, pinyin_key, tone_pinyin_key, word, normalized, prior_score, repair_target, enabled, aliases, source, canonical_word, is_alias FROM base_lexicon WHERE pinyin_key = ? AND tone_pinyin_key = ? AND enabled = 1 AND length(word) = ? ORDER BY prior_score DESC LIMIT ? || SELECT id, domain_id, pinyin_key, tone_pinyin_key, word, normalized, prior_score, repair_target, enabled, aliases, source, canonical_word, is_alias FROM domain_lexicon WHERE domain_id = ? AND pinyin_key = ? AND tone_pinyin_key = ? AND enabled = 1 AND length(word) = ? ORDER BY prior_score DESC LIMIT ? /* domainIds=[""bakery"",""coffee"",""food_order"",""medical"",""meeting"",""milk_tea"",""tech_ai"",""tourism_hotel"",""tourism_pickup"",""tourism_route"",""tourism_transport"",""transport""] */","{""pinyin_key"":""zai|xun"",""tone_pinyin_key"":""zai1|xun1"",""length"":2,""limit"":8} || {""domainIds"":[""bakery"",""coffee"",""food_order"",""medical"",""meeting"",""milk_tea"",""tech_ai"",""tourism_hotel"",""tourism_pickup"",""tourism_route"",""tourism_transport"",""transport""],""pinyin_key"":""zai|xun"",""tone_pinyin_key"":""zai1|xun1"",""length"":2,""limit"":8}",0,,zai1|xun1,0,,2
nn-train-01b,在训练,0,4,zai|xun|lian,zai1|xun1|lian1,"[1,1,1]",ready,PLAIN_AND_TONE_COMPOSITE,"SELECT id, pinyin_key, tone_pinyin_key, word, normalized, prior_score, repair_target, enabled, aliases, source, canonical_word, is_alias FROM base_lexicon WHERE pinyin_key = ? AND tone_pinyin_key = ? AND enabled = 1 AND length(word) = ? ORDER BY prior_score DESC LIMIT ? || SELECT id, domain_id, pinyin_key, tone_pinyin_key, word, normalized, prior_score, repair_target, enabled, aliases, source, canonical_word, is_alias FROM domain_lexicon WHERE domain_id = ? AND pinyin_key = ? AND tone_pinyin_key = ? AND enabled = 1 AND length(word) = ? ORDER BY prior_score DESC LIMIT ? /* domainIds=[""bakery"",""coffee"",""food_order"",""medical"",""meeting"",""milk_tea"",""tech_ai"",""tourism_hotel"",""tourism_pickup"",""tourism_route"",""tourism_transport"",""transport""] */","{""pinyin_key"":""zai|xun|lian"",""tone_pinyin_key"":""zai1|xun1|lian1"",""length"":3,""limit"":8} || {""domainIds"":[""bakery"",""coffee"",""food_order"",""medical"",""meeting"",""milk_tea"",""tech_ai"",""tourism_hotel"",""tourism_pickup"",""tourism_route"",""tourism_transport"",""transport""],""pinyin_key"":""zai|xun|lian"",""tone_pinyin_key"":""zai1|xun1|lian1"",""length"":3,""limit"":8}",0,,zai1|xun1|lian1,0,,2
nn-train-01b,在训练神,0,4,zai|xun|lian|shen,zai1|xun1|lian1|shen1,"[1,1,1,1]",ready,PLAIN_AND_TONE_COMPOSITE,"SELECT id, pinyin_key, tone_pinyin_key, word, normalized, prior_score, repair_target, enabled, aliases, source, canonical_word, is_alias FROM base_lexicon WHERE pinyin_key = ? AND tone_pinyin_key = ? AND enabled = 1 AND length(word) = ? ORDER BY prior_score DESC LIMIT ? || SELECT id, domain_id, pinyin_key, tone_pinyin_key, word, normalized, prior_score, repair_target, enabled, aliases, source, canonical_word, is_alias FROM domain_lexicon WHERE domain_id = ? AND pinyin_key = ? AND tone_pinyin_key = ? AND enabled = 1 AND length(word) = ? ORDER BY prior_score DESC LIMIT ? /* domainIds=[""bakery"",""coffee"",""food_order"",""medical"",""meeting"",""milk_tea"",""tech_ai"",""tourism_hotel"",""tourism_pickup"",""tourism_route"",""tourism_transport"",""transport""] */","{""pinyin_key"":""zai|xun|lian|shen"",""tone_pinyin_key"":""zai1|xun1|lian1|shen1"",""length"":4,""limit"":8} || {""domainIds"":[""bakery"",""coffee"",""food_order"",""medical"",""meeting"",""milk_tea"",""tech_ai"",""tourism_hotel"",""tourism_pickup"",""tourism_route"",""tourism_transport"",""transport""],""pinyin_key"":""zai|xun|lian|shen"",""tone_pinyin_key"":""zai1|xun1|lian1|shen1"",""length"":4,""limit"":8}",0,,zai1|xun1|lian1|shen1,0,,2
nn-train-01b,在训练神经,0,4,zai|xun|lian|shen|jing,zai1|xun1|lian1|shen1|jing1,"[1,1,1,1,1]",ready,PLAIN_AND_TONE_COMPOSITE,"SELECT id, pinyin_key, tone_pinyin_key, word, normalized, prior_score, repair_target, enabled, aliases, source, canonical_word, is_alias FROM base_lexicon WHERE pinyin_key = ? AND tone_pinyin_key = ? AND enabled = 1 AND length(word) = ? ORDER BY prior_score DESC LIMIT ? || SELECT id, domain_id, pinyin_key, tone_pinyin_key, word, normalized, prior_score, repair_target, enabled, aliases, source, canonical_word, is_alias FROM domain_lexicon WHERE domain_id = ? AND pinyin_key = ? AND tone_pinyin_key = ? AND enabled = 1 AND length(word) = ? ORDER BY prior_score DESC LIMIT ? /* domainIds=[""bakery"",""coffee"",""food_order"",""medical"",""meeting"",""milk_tea"",""tech_ai"",""tourism_hotel"",""tourism_pickup"",""tourism_route"",""tourism_transport"",""transport""] */","{""pinyin_key"":""zai|xun|lian|shen|jing"",""tone_pinyin_key"":""zai1|xun1|lian1|shen1|jing1"",""length"":5,""limit"":8} || {""domainIds"":[""bakery"",""coffee"",""food_order"",""medical"",""meeting"",""milk_tea"",""tech_ai"",""tourism_hotel"",""tourism_pickup"",""tourism_route"",""tourism_transport"",""transport""],""pinyin_key"":""zai|xun|lian|shen|jing"",""tone_pinyin_key"":""zai1|xun1|lian1|shen1|jing1"",""length"":5,""limit"":8}",0,,zai1|xun1|lian1|shen1|jing1,0,,2
nn-train-01b,训,0,4,xun,xun1,[1],ready,PLAIN_AND_TONE_COMPOSITE,"SELECT id, pinyin_key, tone_pinyin_key, word, normalized, prior_score, repair_target, enabled, aliases, source, canonical_word, is_alias FROM base_lexicon WHERE pinyin_key = ? AND tone_pinyin_key = ? AND enabled = 1 AND length(word) = ? ORDER BY prior_score DESC LIMIT ? || SELECT id, pinyin_key, tone_pinyin_key, word, normalized, prior_score, repair_target, enabled, aliases, source, canonical_word, is_alias FROM base_lexicon WHERE pinyin_key = ? AND tone_pinyin_key = ? AND word = ? AND enabled = 1 AND length(word) = ? LIMIT ?","{""pinyin_key"":""xun"",""tone_pinyin_key"":""xun1"",""length"":1,""limit"":8} || {""pinyin_key"":""xun"",""tone_pinyin_key"":""xun1"",""word"":""训"",""length"":1,""limit"":2}",0,,xun1,0,,2
nn-train-01b,训练,0,4,xun|lian,xun1|lian1,"[1,1]",ready,PLAIN_AND_TONE_COMPOSITE,"SELECT id, pinyin_key, tone_pinyin_key, word, normalized, prior_score, repair_target, enabled, aliases, source, canonical_word, is_alias FROM base_lexicon WHERE pinyin_key = ? AND tone_pinyin_key = ? AND enabled = 1 AND length(word) = ? ORDER BY prior_score DESC LIMIT ? || SELECT id, domain_id, pinyin_key, tone_pinyin_key, word, normalized, prior_score, repair_target, enabled, aliases, source, canonical_word, is_alias FROM domain_lexicon WHERE domain_id = ? AND pinyin_key = ? AND tone_pinyin_key = ? AND enabled = 1 AND length(word) = ? ORDER BY prior_score DESC LIMIT ? /* domainIds=[""bakery"",""coffee"",""food_order"",""medical"",""meeting"",""milk_tea"",""tech_ai"",""tourism_hotel"",""tourism_pickup"",""tourism_route"",""tourism_transport"",""transport""] */","{""pinyin_key"":""xun|lian"",""tone_pinyin_key"":""xun1|lian1"",""length"":2,""limit"":8} || {""domainIds"":[""bakery"",""coffee"",""food_order"",""medical"",""meeting"",""milk_tea"",""tech_ai"",""tourism_hotel"",""tourism_pickup"",""tourism_route"",""tourism_transport"",""transport""],""pinyin_key"":""xun|lian"",""tone_pinyin_key"":""xun1|lian1"",""length"":2,""limit"":8}",0,,xun1|lian1,0,,2
nn-train-01b,训练神,0,4,xun|lian|shen,xun1|lian1|shen1,"[1,1,1]",ready,PLAIN_AND_TONE_COMPOSITE,"SELECT id, pinyin_key, tone_pinyin_key, word, normalized, prior_score, repair_target, enabled, aliases, source, canonical_word, is_alias FROM base_lexicon WHERE pinyin_key = ? AND tone_pinyin_key = ? AND enabled = 1 AND length(word) = ? ORDER BY prior_score DESC LIMIT ? || SELECT id, domain_id, pinyin_key, tone_pinyin_key, word, normalized, prior_score, repair_target, enabled, aliases, source, canonical_word, is_alias FROM domain_lexicon WHERE domain_id = ? AND pinyin_key = ? AND tone_pinyin_key = ? AND enabled = 1 AND length(word) = ? ORDER BY prior_score DESC LIMIT ? /* domainIds=[""bakery"",""coffee"",""food_order"",""medical"",""meeting"",""milk_tea"",""tech_ai"",""tourism_hotel"",""tourism_pickup"",""tourism_route"",""tourism_transport"",""transport""] */","{""pinyin_key"":""xun|lian|shen"",""tone_pinyin_key"":""xun1|lian1|shen1"",""length"":3,""limit"":8} || {""domainIds"":[""bakery"",""coffee"",""food_order"",""medical"",""meeting"",""milk_tea"",""tech_ai"",""tourism_hotel"",""tourism_pickup"",""tourism_route"",""tourism_transport"",""transport""],""pinyin_key"":""xun|lian|shen"",""tone_pinyin_key"":""xun1|lian1|shen1"",""length"":3,""limit"":8}",0,,xun1|lian1|shen1,0,,2
nn-train-01b,训练神经,0,4,xun|lian|shen|jing,xun1|lian1|shen1|jing1,"[1,1,1,1]",ready,PLAIN_AND_TONE_COMPOSITE,"SELECT id, pinyin_key, tone_pinyin_key, word, normalized, prior_score, repair_target, enabled, aliases, source, canonical_word, is_alias FROM base_lexicon WHERE pinyin_key = ? AND tone_pinyin_key = ? AND enabled = 1 AND length(word) = ? ORDER BY prior_score DESC LIMIT ? || SELECT id, domain_id, pinyin_key, tone_pinyin_key, word, normalized, prior_score, repair_target, enabled, aliases, source, canonical_word, is_alias FROM domain_lexicon WHERE domain_id = ? AND pinyin_key = ? AND tone_pinyin_key = ? AND enabled = 1 AND length(word) = ? ORDER BY prior_score DESC LIMIT ? /* domainIds=[""bakery"",""coffee"",""food_order"",""medical"",""meeting"",""milk_tea"",""tech_ai"",""tourism_hotel"",""tourism_pickup"",""tourism_route"",""tourism_transport"",""transport""] */","{""pinyin_key"":""xun|lian|shen|jing"",""tone_pinyin_key"":""xun1|lian1|shen1|jing1"",""length"":4,""limit"":8} || {""domainIds"":[""bakery"",""coffee"",""food_order"",""medical"",""meeting"",""milk_tea"",""tech_ai"",""tourism_hotel"",""tourism_pickup"",""tourism_route"",""tourism_transport"",""transport""],""pinyin_key"":""xun|lian|shen|jing"",""tone_pinyin_key"":""xun1|lian1|shen1|jing1"",""length"":4,""limit"":8}",0,,xun1|lian1|shen1|jing1,0,,2
nn-train-01b,训练神经网,0,4,xun|lian|shen|jing|wang,xun1|lian1|shen1|jing1|wang1,"[1,1,1,1,1]",ready,PLAIN_AND_TONE_COMPOSITE,"SELECT id, pinyin_key, tone_pinyin_key, word, normalized, prior_score, repair_target, enabled, aliases, source, canonical_word, is_alias FROM base_lexicon WHERE pinyin_key = ? AND tone_pinyin_key = ? AND enabled = 1 AND length(word) = ? ORDER BY prior_score DESC LIMIT ? || SELECT id, domain_id, pinyin_key, tone_pinyin_key, word, normalized, prior_score, repair_target, enabled, aliases, source, canonical_word, is_alias FROM domain_lexicon WHERE domain_id = ? AND pinyin_key = ? AND tone_pinyin_key = ? AND enabled = 1 AND length(word) = ? ORDER BY prior_score DESC LIMIT ? /* domainIds=[""bakery"",""coffee"",""food_order"",""medical"",""meeting"",""milk_tea"",""tech_ai"",""tourism_hotel"",""tourism_pickup"",""tourism_route"",""tourism_transport"",""transport""] */","{""pinyin_key"":""xun|lian|shen|jing|wang"",""tone_pinyin_key"":""xun1|lian1|shen1|jing1|wang1"",""length"":5,""limit"":8} || {""domainIds"":[""bakery"",""coffee"",""food_order"",""medical"",""meeting"",""milk_tea"",""tech_ai"",""tourism_hotel"",""tourism_pickup"",""tourism_route"",""tourism_transport"",""transport""],""pinyin_key"":""xun|lian|shen|jing|wang"",""tone_pinyin_key"":""xun1|lian1|shen1|jing1|wang1"",""length"":5,""limit"":8}",0,,xun1|lian1|shen1|jing1|wang1,0,,2
nn-train-01b,练,0,4,lian,lian1,[1],ready,PLAIN_AND_TONE_COMPOSITE,"SELECT id, pinyin_key, tone_pinyin_key, word, normalized, prior_score, repair_target, enabled, aliases, source, canonical_word, is_alias FROM base_lexicon WHERE pinyin_key = ? AND tone_pinyin_key = ? AND enabled = 1 AND length(word) = ? ORDER BY prior_score DESC LIMIT ? || SELECT id, pinyin_key, tone_pinyin_key, word, normalized, prior_score, repair_target, enabled, aliases, source, canonical_word, is_alias FROM base_lexicon WHERE pinyin_key = ? AND tone_pinyin_key = ? AND word = ? AND enabled = 1 AND length(word) = ? LIMIT ?","{""pinyin_key"":""lian"",""tone_pinyin_key"":""lian1"",""length"":1,""limit"":8} || {""pinyin_key"":""lian"",""tone_pinyin_key"":""lian1"",""word"":""练"",""length"":1,""limit"":2}",0,,lian1,0,,2
nn-train-01b,练神,0,4,lian|shen,lian1|shen1,"[1,1]",ready,PLAIN_AND_TONE_COMPOSITE,"SELECT id, pinyin_key, tone_pinyin_key, word, normalized, prior_score, repair_target, enabled, aliases, source, canonical_word, is_alias FROM base_lexicon WHERE pinyin_key = ? AND tone_pinyin_key = ? AND enabled = 1 AND length(word) = ? ORDER BY prior_score DESC LIMIT ? || SELECT id, domain_id, pinyin_key, tone_pinyin_key, word, normalized, prior_score, repair_target, enabled, aliases, source, canonical_word, is_alias FROM domain_lexicon WHERE domain_id = ? AND pinyin_key = ? AND tone_pinyin_key = ? AND enabled = 1 AND length(word) = ? ORDER BY prior_score DESC LIMIT ? /* domainIds=[""bakery"",""coffee"",""food_order"",""medical"",""meeting"",""milk_tea"",""tech_ai"",""tourism_hotel"",""tourism_pickup"",""tourism_route"",""tourism_transport"",""transport""] */","{""pinyin_key"":""lian|shen"",""tone_pinyin_key"":""lian1|shen1"",""length"":2,""limit"":8} || {""domainIds"":[""bakery"",""coffee"",""food_order"",""medical"",""meeting"",""milk_tea"",""tech_ai"",""tourism_hotel"",""tourism_pickup"",""tourism_route"",""tourism_transport"",""transport""],""pinyin_key"":""lian|shen"",""tone_pinyin_key"":""lian1|shen1"",""length"":2,""limit"":8}",0,,lian1|shen1,0,,2
nn-train-01b,练神经,0,4,lian|shen|jing,lian1|shen1|jing1,"[1,1,1]",ready,PLAIN_AND_TONE_COMPOSITE,"SELECT id, pinyin_key, tone_pinyin_key, word, normalized, prior_score, repair_target, enabled, aliases, source, canonical_word, is_alias FROM base_lexicon WHERE pinyin_key = ? AND tone_pinyin_key = ? AND enabled = 1 AND length(word) = ? ORDER BY prior_score DESC LIMIT ? || SELECT id, domain_id, pinyin_key, tone_pinyin_key, word, normalized, prior_score, repair_target, enabled, aliases, source, canonical_word, is_alias FROM domain_lexicon WHERE domain_id = ? AND pinyin_key = ? AND tone_pinyin_key = ? AND enabled = 1 AND length(word) = ? ORDER BY prior_score DESC LIMIT ? /* domainIds=[""bakery"",""coffee"",""food_order"",""medical"",""meeting"",""milk_tea"",""tech_ai"",""tourism_hotel"",""tourism_pickup"",""tourism_route"",""tourism_transport"",""transport""] */","{""pinyin_key"":""lian|shen|jing"",""tone_pinyin_key"":""lian1|shen1|jing1"",""length"":3,""limit"":8} || {""domainIds"":[""bakery"",""coffee"",""food_order"",""medical"",""meeting"",""milk_tea"",""tech_ai"",""tourism_hotel"",""tourism_pickup"",""tourism_route"",""tourism_transport"",""transport""],""pinyin_key"":""lian|shen|jing"",""tone_pinyin_key"":""lian1|shen1|jing1"",""length"":3,""limit"":8}",0,,lian1|shen1|jing1,0,,2
nn-train-01b,练神经网,0,4,lian|shen|jing|wang,lian1|shen1|jing1|wang1,"[1,1,1,1]",ready,PLAIN_AND_TONE_COMPOSITE,"SELECT id, pinyin_key, tone_pinyin_key, word, normalized, prior_score, repair_target, enabled, aliases, source, canonical_word, is_alias FROM base_lexicon WHERE pinyin_key = ? AND tone_pinyin_key = ? AND enabled = 1 AND length(word) = ? ORDER BY prior_score DESC LIMIT ? || SELECT id, domain_id, pinyin_key, tone_pinyin_key, word, normalized, prior_score, repair_target, enabled, aliases, source, canonical_word, is_alias FROM domain_lexicon WHERE domain_id = ? AND pinyin_key = ? AND tone_pinyin_key = ? AND enabled = 1 AND length(word) = ? ORDER BY prior_score DESC LIMIT ? /* domainIds=[""bakery"",""coffee"",""food_order"",""medical"",""meeting"",""milk_tea"",""tech_ai"",""tourism_hotel"",""tourism_pickup"",""tourism_route"",""tourism_transport"",""transport""] */","{""pinyin_key"":""lian|shen|jing|wang"",""tone_pinyin_key"":""lian1|shen1|jing1|wang1"",""length"":4,""limit"":8} || {""domainIds"":[""bakery"",""coffee"",""food_order"",""medical"",""meeting"",""milk_tea"",""tech_ai"",""tourism_hotel"",""tourism_pickup"",""tourism_route"",""tourism_transport"",""transport""],""pinyin_key"":""lian|shen|jing|wang"",""tone_pinyin_key"":""lian1|shen1|jing1|wang1"",""length"":4,""limit"":8}",0,,lian1|shen1|jing1|wang1,0,,2
nn-train-01b,练神经网络,0,4,lian|shen|jing|wang|luo,lian1|shen1|jing1|wang1|luo1,"[1,1,1,1,1]",ready,PLAIN_AND_TONE_COMPOSITE,"SELECT id, pinyin_key, tone_pinyin_key, word, normalized, prior_score, repair_target, enabled, aliases, source, canonical_word, is_alias FROM base_lexicon WHERE pinyin_key = ? AND tone_pinyin_key = ? AND enabled = 1 AND length(word) = ? ORDER BY prior_score DESC LIMIT ? || SELECT id, domain_id, pinyin_key, tone_pinyin_key, word, normalized, prior_score, repair_target, enabled, aliases, source, canonical_word, is_alias FROM domain_lexicon WHERE domain_id = ? AND pinyin_key = ? AND tone_pinyin_key = ? AND enabled = 1 AND length(word) = ? ORDER BY prior_score DESC LIMIT ? /* domainIds=[""bakery"",""coffee"",""food_order"",""medical"",""meeting"",""milk_tea"",""tech_ai"",""tourism_hotel"",""tourism_pickup"",""tourism_route"",""tourism_transport"",""transport""] */","{""pinyin_key"":""lian|shen|jing|wang|luo"",""tone_pinyin_key"":""lian1|shen1|jing1|wang1|luo1"",""length"":5,""limit"":8} || {""domainIds"":[""bakery"",""coffee"",""food_order"",""medical"",""meeting"",""milk_tea"",""tech_ai"",""tourism_hotel"",""tourism_pickup"",""tourism_route"",""tourism_transport"",""transport""],""pinyin_key"":""lian|shen|jing|wang|luo"",""tone_pinyin_key"":""lian1|shen1|jing1|wang1|luo1"",""length"":5,""limit"":8}",0,,lian1|shen1|jing1|wang1|luo1,0,,2
nn-train-01b,神,0,4,shen,shen1,[1],ready,PLAIN_AND_TONE_COMPOSITE,"SELECT id, pinyin_key, tone_pinyin_key, word, normalized, prior_score, repair_target, enabled, aliases, source, canonical_word, is_alias FROM base_lexicon WHERE pinyin_key = ? AND tone_pinyin_key = ? AND enabled = 1 AND length(word) = ? ORDER BY prior_score DESC LIMIT ? || SELECT id, pinyin_key, tone_pinyin_key, word, normalized, prior_score, repair_target, enabled, aliases, source, canonical_word, is_alias FROM base_lexicon WHERE pinyin_key = ? AND tone_pinyin_key = ? AND word = ? AND enabled = 1 AND length(word) = ? LIMIT ?","{""pinyin_key"":""shen"",""tone_pinyin_key"":""shen1"",""length"":1,""limit"":8} || {""pinyin_key"":""shen"",""tone_pinyin_key"":""shen1"",""word"":""神"",""length"":1,""limit"":2}",0,,shen1,0,,2
nn-train-01b,神经,0,4,shen|jing,shen1|jing1,"[1,1]",ready,PLAIN_AND_TONE_COMPOSITE,"SELECT id, pinyin_key, tone_pinyin_key, word, normalized, prior_score, repair_target, enabled, aliases, source, canonical_word, is_alias FROM base_lexicon WHERE pinyin_key = ? AND tone_pinyin_key = ? AND enabled = 1 AND length(word) = ? ORDER BY prior_score DESC LIMIT ? || SELECT id, domain_id, pinyin_key, tone_pinyin_key, word, normalized, prior_score, repair_target, enabled, aliases, source, canonical_word, is_alias FROM domain_lexicon WHERE domain_id = ? AND pinyin_key = ? AND tone_pinyin_key = ? AND enabled = 1 AND length(word) = ? ORDER BY prior_score DESC LIMIT ? /* domainIds=[""bakery"",""coffee"",""food_order"",""medical"",""meeting"",""milk_tea"",""tech_ai"",""tourism_hotel"",""tourism_pickup"",""tourism_route"",""tourism_transport"",""transport""] */","{""pinyin_key"":""shen|jing"",""tone_pinyin_key"":""shen1|jing1"",""length"":2,""limit"":8} || {""domainIds"":[""bakery"",""coffee"",""food_order"",""medical"",""meeting"",""milk_tea"",""tech_ai"",""tourism_hotel"",""tourism_pickup"",""tourism_route"",""tourism_transport"",""transport""],""pinyin_key"":""shen|jing"",""tone_pinyin_key"":""shen1|jing1"",""length"":2,""limit"":8}",0,,shen1|jing1,0,,2
nn-train-01b,神经网,0,4,shen|jing|wang,shen1|jing1|wang1,"[1,1,1]",ready,PLAIN_AND_TONE_COMPOSITE,"SELECT id, pinyin_key, tone_pinyin_key, word, normalized, prior_score, repair_target, enabled, aliases, source, canonical_word, is_alias FROM base_lexicon WHERE pinyin_key = ? AND tone_pinyin_key = ? AND enabled = 1 AND length(word) = ? ORDER BY prior_score DESC LIMIT ? || SELECT id, domain_id, pinyin_key, tone_pinyin_key, word, normalized, prior_score, repair_target, enabled, aliases, source, canonical_word, is_alias FROM domain_lexicon WHERE domain_id = ? AND pinyin_key = ? AND tone_pinyin_key = ? AND enabled = 1 AND length(word) = ? ORDER BY prior_score DESC LIMIT ? /* domainIds=[""bakery"",""coffee"",""food_order"",""medical"",""meeting"",""milk_tea"",""tech_ai"",""tourism_hotel"",""tourism_pickup"",""tourism_route"",""tourism_transport"",""transport""] */","{""pinyin_key"":""shen|jing|wang"",""tone_pinyin_key"":""shen1|jing1|wang1"",""length"":3,""limit"":8} || {""domainIds"":[""bakery"",""coffee"",""food_order"",""medical"",""meeting"",""milk_tea"",""tech_ai"",""tourism_hotel"",""tourism_pickup"",""tourism_route"",""tourism_transport"",""transport""],""pinyin_key"":""shen|jing|wang"",""tone_pinyin_key"":""shen1|jing1|wang1"",""length"":3,""limit"":8}",0,,shen1|jing1|wang1,0,,2
nn-train-01b,神经网络,0,4,shen|jing|wang|luo,shen1|jing1|wang1|luo1,"[1,1,1,1]",ready,PLAIN_AND_TONE_COMPOSITE,"SELECT id, pinyin_key, tone_pinyin_key, word, normalized, prior_score, repair_target, enabled, aliases, source, canonical_word, is_alias FROM base_lexicon WHERE pinyin_key = ? AND tone_pinyin_key = ? AND enabled = 1 AND length(word) = ? ORDER BY prior_score DESC LIMIT ? || SELECT id, domain_id, pinyin_key, tone_pinyin_key, word, normalized, prior_score, repair_target, enabled, aliases, source, canonical_word, is_alias FROM domain_lexicon WHERE domain_id = ? AND pinyin_key = ? AND tone_pinyin_key = ? AND enabled = 1 AND length(word) = ? ORDER BY prior_score DESC LIMIT ? /* domainIds=[""bakery"",""coffee"",""food_order"",""medical"",""meeting"",""milk_tea"",""tech_ai"",""tourism_hotel"",""tourism_pickup"",""tourism_route"",""tourism_transport"",""transport""] */","{""pinyin_key"":""shen|jing|wang|luo"",""tone_pinyin_key"":""shen1|jing1|wang1|luo1"",""length"":4,""limit"":8} || {""domainIds"":[""bakery"",""coffee"",""food_order"",""medical"",""meeting"",""milk_tea"",""tech_ai"",""tourism_hotel"",""tourism_pickup"",""tourism_route"",""tourism_transport"",""transport""],""pinyin_key"":""shen|jing|wang|luo"",""tone_pinyin_key"":""shen1|jing1|wang1|luo1"",""length"":4,""limit"":8}",0,,shen1|jing1|wang1|luo1,0,,2
nn-train-01b,神经网络模,0,4,shen|jing|wang|luo|mo,shen1|jing1|wang1|luo1|mo1,"[1,1,1,1,1]",ready,PLAIN_AND_TONE_COMPOSITE,"SELECT id, pinyin_key, tone_pinyin_key, word, normalized, prior_score, repair_target, enabled, aliases, source, canonical_word, is_alias FROM base_lexicon WHERE pinyin_key = ? AND tone_pinyin_key = ? AND enabled = 1 AND length(word) = ? ORDER BY prior_score DESC LIMIT ? || SELECT id, domain_id, pinyin_key, tone_pinyin_key, word, normalized, prior_score, repair_target, enabled, aliases, source, canonical_word, is_alias FROM domain_lexicon WHERE domain_id = ? AND pinyin_key = ? AND tone_pinyin_key = ? AND enabled = 1 AND length(word) = ? ORDER BY prior_score DESC LIMIT ? /* domainIds=[""bakery"",""coffee"",""food_order"",""medical"",""meeting"",""milk_tea"",""tech_ai"",""tourism_hotel"",""tourism_pickup"",""tourism_route"",""tourism_transport"",""transport""] */","{""pinyin_key"":""shen|jing|wang|luo|mo"",""tone_pinyin_key"":""shen1|jing1|wang1|luo1|mo1"",""length"":5,""limit"":8} || {""domainIds"":[""bakery"",""coffee"",""food_order"",""medical"",""meeting"",""milk_tea"",""tech_ai"",""tourism_hotel"",""tourism_pickup"",""tourism_route"",""tourism_transport"",""transport""],""pinyin_key"":""shen|jing|wang|luo|mo"",""tone_pinyin_key"":""shen1|jing1|wang1|luo1|mo1"",""length"":5,""limit"":8}",0,,shen1|jing1|wang1|luo1|mo1,0,,2
nn-train-01b,经,0,4,jing,jing1,[1],ready,PLAIN_AND_TONE_COMPOSITE,"SELECT id, pinyin_key, tone_pinyin_key, word, normalized, prior_score, repair_target, enabled, aliases, source, canonical_word, is_alias FROM base_lexicon WHERE pinyin_key = ? AND tone_pinyin_key = ? AND enabled = 1 AND length(word) = ? ORDER BY prior_score DESC LIMIT ? || SELECT id, pinyin_key, tone_pinyin_key, word, normalized, prior_score, repair_target, enabled, aliases, source, canonical_word, is_alias FROM base_lexicon WHERE pinyin_key = ? AND tone_pinyin_key = ? AND word = ? AND enabled = 1 AND length(word) = ? LIMIT ?","{""pinyin_key"":""jing"",""tone_pinyin_key"":""jing1"",""length"":1,""limit"":8} || {""pinyin_key"":""jing"",""tone_pinyin_key"":""jing1"",""word"":""经"",""length"":1,""limit"":2}",0,,jing1,0,,2
nn-train-01b,经网,0,4,jing|wang,jing1|wang1,"[1,1]",ready,PLAIN_AND_TONE_COMPOSITE,"SELECT id, pinyin_key, tone_pinyin_key, word, normalized, prior_score, repair_target, enabled, aliases, source, canonical_word, is_alias FROM base_lexicon WHERE pinyin_key = ? AND tone_pinyin_key = ? AND enabled = 1 AND length(word) = ? ORDER BY prior_score DESC LIMIT ? || SELECT id, domain_id, pinyin_key, tone_pinyin_key, word, normalized, prior_score, repair_target, enabled, aliases, source, canonical_word, is_alias FROM domain_lexicon WHERE domain_id = ? AND pinyin_key = ? AND tone_pinyin_key = ? AND enabled = 1 AND length(word) = ? ORDER BY prior_score DESC LIMIT ? /* domainIds=[""bakery"",""coffee"",""food_order"",""medical"",""meeting"",""milk_tea"",""tech_ai"",""tourism_hotel"",""tourism_pickup"",""tourism_route"",""tourism_transport"",""transport""] */","{""pinyin_key"":""jing|wang"",""tone_pinyin_key"":""jing1|wang1"",""length"":2,""limit"":8} || {""domainIds"":[""bakery"",""coffee"",""food_order"",""medical"",""meeting"",""milk_tea"",""tech_ai"",""tourism_hotel"",""tourism_pickup"",""tourism_route"",""tourism_transport"",""transport""],""pinyin_key"":""jing|wang"",""tone_pinyin_key"":""jing1|wang1"",""length"":2,""limit"":8}",0,,jing1|wang1,0,,2
nn-train-01b,经网络,0,4,jing|wang|luo,jing1|wang1|luo1,"[1,1,1]",ready,PLAIN_AND_TONE_COMPOSITE,"SELECT id, pinyin_key, tone_pinyin_key, word, normalized, prior_score, repair_target, enabled, aliases, source, canonical_word, is_alias FROM base_lexicon WHERE pinyin_key = ? AND tone_pinyin_key = ? AND enabled = 1 AND length(word) = ? ORDER BY prior_score DESC LIMIT ? || SELECT id, domain_id, pinyin_key, tone_pinyin_key, word, normalized, prior_score, repair_target, enabled, aliases, source, canonical_word, is_alias FROM domain_lexicon WHERE domain_id = ? AND pinyin_key = ? AND tone_pinyin_key = ? AND enabled = 1 AND length(word) = ? ORDER BY prior_score DESC LIMIT ? /* domainIds=[""bakery"",""coffee"",""food_order"",""medical"",""meeting"",""milk_tea"",""tech_ai"",""tourism_hotel"",""tourism_pickup"",""tourism_route"",""tourism_transport"",""transport""] */","{""pinyin_key"":""jing|wang|luo"",""tone_pinyin_key"":""jing1|wang1|luo1"",""length"":3,""limit"":8} || {""domainIds"":[""bakery"",""coffee"",""food_order"",""medical"",""meeting"",""milk_tea"",""tech_ai"",""tourism_hotel"",""tourism_pickup"",""tourism_route"",""tourism_transport"",""transport""],""pinyin_key"":""jing|wang|luo"",""tone_pinyin_key"":""jing1|wang1|luo1"",""length"":3,""limit"":8}",0,,jing1|wang1|luo1,0,,2
nn-train-01b,经网络模,0,4,jing|wang|luo|mo,jing1|wang1|luo1|mo1,"[1,1,1,1]",ready,PLAIN_AND_TONE_COMPOSITE,"SELECT id, pinyin_key, tone_pinyin_key, word, normalized, prior_score, repair_target, enabled, aliases, source, canonical_word, is_alias FROM base_lexicon WHERE pinyin_key = ? AND tone_pinyin_key = ? AND enabled = 1 AND length(word) = ? ORDER BY prior_score DESC LIMIT ? || SELECT id, domain_id, pinyin_key, tone_pinyin_key, word, normalized, prior_score, repair_target, enabled, aliases, source, canonical_word, is_alias FROM domain_lexicon WHERE domain_id = ? AND pinyin_key = ? AND tone_pinyin_key = ? AND enabled = 1 AND length(word) = ? ORDER BY prior_score DESC LIMIT ? /* domainIds=[""bakery"",""coffee"",""food_order"",""medical"",""meeting"",""milk_tea"",""tech_ai"",""tourism_hotel"",""tourism_pickup"",""tourism_route"",""tourism_transport"",""transport""] */","{""pinyin_key"":""jing|wang|luo|mo"",""tone_pinyin_key"":""jing1|wang1|luo1|mo1"",""length"":4,""limit"":8} || {""domainIds"":[""bakery"",""coffee"",""food_order"",""medical"",""meeting"",""milk_tea"",""tech_ai"",""tourism_hotel"",""tourism_pickup"",""tourism_route"",""tourism_transport"",""transport""],""pinyin_key"":""jing|wang|luo|mo"",""tone_pinyin_key"":""jing1|wang1|luo1|mo1"",""length"":4,""limit"":8}",0,,jing1|wang1|luo1|mo1,0,,2
nn-train-01b,经网络模型,0,4,jing|wang|luo|mo|xing,jing1|wang1|luo1|mo1|xing1,"[1,1,1,1,1]",ready,PLAIN_AND_TONE_COMPOSITE,"SELECT id, pinyin_key, tone_pinyin_key, word, normalized, prior_score, repair_target, enabled, aliases, source, canonical_word, is_alias FROM base_lexicon WHERE pinyin_key = ? AND tone_pinyin_key = ? AND enabled = 1 AND length(word) = ? ORDER BY prior_score DESC LIMIT ? || SELECT id, domain_id, pinyin_key, tone_pinyin_key, word, normalized, prior_score, repair_target, enabled, aliases, source, canonical_word, is_alias FROM domain_lexicon WHERE domain_id = ? AND pinyin_key = ? AND tone_pinyin_key = ? AND enabled = 1 AND length(word) = ? ORDER BY prior_score DESC LIMIT ? /* domainIds=[""bakery"",""coffee"",""food_order"",""medical"",""meeting"",""milk_tea"",""tech_ai"",""tourism_hotel"",""tourism_pickup"",""tourism_route"",""tourism_transport"",""transport""] */","{""pinyin_key"":""jing|wang|luo|mo|xing"",""tone_pinyin_key"":""jing1|wang1|luo1|mo1|xing1"",""length"":5,""limit"":8} || {""domainIds"":[""bakery"",""coffee"",""food_order"",""medical"",""meeting"",""milk_tea"",""tech_ai"",""tourism_hotel"",""tourism_pickup"",""tourism_route"",""tourism_transport"",""transport""],""pinyin_key"":""jing|wang|luo|mo|xing"",""tone_pinyin_key"":""jing1|wang1|luo1|mo1|xing1"",""length"":5,""limit"":8}",0,,jing1|wang1|luo1|mo1|xing1,0,,2
nn-train-01b,网,0,4,wang,wang1,[1],ready,PLAIN_AND_TONE_COMPOSITE,"SELECT id, pinyin_key, tone_pinyin_key, word, normalized, prior_score, repair_target, enabled, aliases, source, canonical_word, is_alias FROM base_lexicon WHERE pinyin_key = ? AND tone_pinyin_key = ? AND enabled = 1 AND length(word) = ? ORDER BY prior_score DESC LIMIT ? || SELECT id, pinyin_key, tone_pinyin_key, word, normalized, prior_score, repair_target, enabled, aliases, source, canonical_word, is_alias FROM base_lexicon WHERE pinyin_key = ? AND tone_pinyin_key = ? AND word = ? AND enabled = 1 AND length(word) = ? LIMIT ?","{""pinyin_key"":""wang"",""tone_pinyin_key"":""wang1"",""length"":1,""limit"":8} || {""pinyin_key"":""wang"",""tone_pinyin_key"":""wang1"",""word"":""网"",""length"":1,""limit"":2}",0,,wang1,0,,2
nn-train-01b,网络,0,4,wang|luo,wang1|luo1,"[1,1]",ready,PLAIN_AND_TONE_COMPOSITE,"SELECT id, pinyin_key, tone_pinyin_key, word, normalized, prior_score, repair_target, enabled, aliases, source, canonical_word, is_alias FROM base_lexicon WHERE pinyin_key = ? AND tone_pinyin_key = ? AND enabled = 1 AND length(word) = ? ORDER BY prior_score DESC LIMIT ? || SELECT id, domain_id, pinyin_key, tone_pinyin_key, word, normalized, prior_score, repair_target, enabled, aliases, source, canonical_word, is_alias FROM domain_lexicon WHERE domain_id = ? AND pinyin_key = ? AND tone_pinyin_key = ? AND enabled = 1 AND length(word) = ? ORDER BY prior_score DESC LIMIT ? /* domainIds=[""bakery"",""coffee"",""food_order"",""medical"",""meeting"",""milk_tea"",""tech_ai"",""tourism_hotel"",""tourism_pickup"",""tourism_route"",""tourism_transport"",""transport""] */","{""pinyin_key"":""wang|luo"",""tone_pinyin_key"":""wang1|luo1"",""length"":2,""limit"":8} || {""domainIds"":[""bakery"",""coffee"",""food_order"",""medical"",""meeting"",""milk_tea"",""tech_ai"",""tourism_hotel"",""tourism_pickup"",""tourism_route"",""tourism_transport"",""transport""],""pinyin_key"":""wang|luo"",""tone_pinyin_key"":""wang1|luo1"",""length"":2,""limit"":8}",0,,wang1|luo1,0,,2
nn-train-01b,网络模,0,4,wang|luo|mo,wang1|luo1|mo1,"[1,1,1]",ready,PLAIN_AND_TONE_COMPOSITE,"SELECT id, pinyin_key, tone_pinyin_key, word, normalized, prior_score, repair_target, enabled, aliases, source, canonical_word, is_alias FROM base_lexicon WHERE pinyin_key = ? AND tone_pinyin_key = ? AND enabled = 1 AND length(word) = ? ORDER BY prior_score DESC LIMIT ? || SELECT id, domain_id, pinyin_key, tone_pinyin_key, word, normalized, prior_score, repair_target, enabled, aliases, source, canonical_word, is_alias FROM domain_lexicon WHERE domain_id = ? AND pinyin_key = ? AND tone_pinyin_key = ? AND enabled = 1 AND length(word) = ? ORDER BY prior_score DESC LIMIT ? /* domainIds=[""bakery"",""coffee"",""food_order"",""medical"",""meeting"",""milk_tea"",""tech_ai"",""tourism_hotel"",""tourism_pickup"",""tourism_route"",""tourism_transport"",""transport""] */","{""pinyin_key"":""wang|luo|mo"",""tone_pinyin_key"":""wang1|luo1|mo1"",""length"":3,""limit"":8} || {""domainIds"":[""bakery"",""coffee"",""food_order"",""medical"",""meeting"",""milk_tea"",""tech_ai"",""tourism_hotel"",""tourism_pickup"",""tourism_route"",""tourism_transport"",""transport""],""pinyin_key"":""wang|luo|mo"",""tone_pinyin_key"":""wang1|luo1|mo1"",""length"":3,""limit"":8}",0,,wang1|luo1|mo1,0,,2
nn-train-01b,网络模型,0,4,wang|luo|mo|xing,wang1|luo1|mo1|xing1,"[1,1,1,1]",ready,PLAIN_AND_TONE_COMPOSITE,"SELECT id, pinyin_key, tone_pinyin_key, word, normalized, prior_score, repair_target, enabled, aliases, source, canonical_word, is_alias FROM base_lexicon WHERE pinyin_key = ? AND tone_pinyin_key = ? AND enabled = 1 AND length(word) = ? ORDER BY prior_score DESC LIMIT ? || SELECT id, domain_id, pinyin_key, tone_pinyin_key, word, normalized, prior_score, repair_target, enabled, aliases, source, canonical_word, is_alias FROM domain_lexicon WHERE domain_id = ? AND pinyin_key = ? AND tone_pinyin_key = ? AND enabled = 1 AND length(word) = ? ORDER BY prior_score DESC LIMIT ? /* domainIds=[""bakery"",""coffee"",""food_order"",""medical"",""meeting"",""milk_tea"",""tech_ai"",""tourism_hotel"",""tourism_pickup"",""tourism_route"",""tourism_transport"",""transport""] */","{""pinyin_key"":""wang|luo|mo|xing"",""tone_pinyin_key"":""wang1|luo1|mo1|xing1"",""length"":4,""limit"":8} || {""domainIds"":[""bakery"",""coffee"",""food_order"",""medical"",""meeting"",""milk_tea"",""tech_ai"",""tourism_hotel"",""tourism_pickup"",""tourism_route"",""tourism_transport"",""transport""],""pinyin_key"":""wang|luo|mo|xing"",""tone_pinyin_key"":""wang1|luo1|mo1|xing1"",""length"":4,""limit"":8}",0,,wang1|luo1|mo1|xing1,0,,2
nn-train-01b,络,0,4,luo,luo1,[1],ready,PLAIN_AND_TONE_COMPOSITE,"SELECT id, pinyin_key, tone_pinyin_key, word, normalized, prior_score, repair_target, enabled, aliases, source, canonical_word, is_alias FROM base_lexicon WHERE pinyin_key = ? AND tone_pinyin_key = ? AND enabled = 1 AND length(word) = ? ORDER BY prior_score DESC LIMIT ? || SELECT id, pinyin_key, tone_pinyin_key, word, normalized, prior_score, repair_target, enabled, aliases, source, canonical_word, is_alias FROM base_lexicon WHERE pinyin_key = ? AND tone_pinyin_key = ? AND word = ? AND enabled = 1 AND length(word) = ? LIMIT ?","{""pinyin_key"":""luo"",""tone_pinyin_key"":""luo1"",""length"":1,""limit"":8} || {""pinyin_key"":""luo"",""tone_pinyin_key"":""luo1"",""word"":""络"",""length"":1,""limit"":2}",0,,luo1,0,,2
nn-train-01b,络模,0,4,luo|mo,luo1|mo1,"[1,1]",ready,PLAIN_AND_TONE_COMPOSITE,"SELECT id, pinyin_key, tone_pinyin_key, word, normalized, prior_score, repair_target, enabled, aliases, source, canonical_word, is_alias FROM base_lexicon WHERE pinyin_key = ? AND tone_pinyin_key = ? AND enabled = 1 AND length(word) = ? ORDER BY prior_score DESC LIMIT ? || SELECT id, domain_id, pinyin_key, tone_pinyin_key, word, normalized, prior_score, repair_target, enabled, aliases, source, canonical_word, is_alias FROM domain_lexicon WHERE domain_id = ? AND pinyin_key = ? AND tone_pinyin_key = ? AND enabled = 1 AND length(word) = ? ORDER BY prior_score DESC LIMIT ? /* domainIds=[""bakery"",""coffee"",""food_order"",""medical"",""meeting"",""milk_tea"",""tech_ai"",""tourism_hotel"",""tourism_pickup"",""tourism_route"",""tourism_transport"",""transport""] */","{""pinyin_key"":""luo|mo"",""tone_pinyin_key"":""luo1|mo1"",""length"":2,""limit"":8} || {""domainIds"":[""bakery"",""coffee"",""food_order"",""medical"",""meeting"",""milk_tea"",""tech_ai"",""tourism_hotel"",""tourism_pickup"",""tourism_route"",""tourism_transport"",""transport""],""pinyin_key"":""luo|mo"",""tone_pinyin_key"":""luo1|mo1"",""length"":2,""limit"":8}",0,,luo1|mo1,0,,2
nn-train-01b,络模型,0,4,luo|mo|xing,luo1|mo1|xing1,"[1,1,1]",ready,PLAIN_AND_TONE_COMPOSITE,"SELECT id, pinyin_key, tone_pinyin_key, word, normalized, prior_score, repair_target, enabled, aliases, source, canonical_word, is_alias FROM base_lexicon WHERE pinyin_key = ? AND tone_pinyin_key = ? AND enabled = 1 AND length(word) = ? ORDER BY prior_score DESC LIMIT ? || SELECT id, domain_id, pinyin_key, tone_pinyin_key, word, normalized, prior_score, repair_target, enabled, aliases, source, canonical_word, is_alias FROM domain_lexicon WHERE domain_id = ? AND pinyin_key = ? AND tone_pinyin_key = ? AND enabled = 1 AND length(word) = ? ORDER BY prior_score DESC LIMIT ? /* domainIds=[""bakery"",""coffee"",""food_order"",""medical"",""meeting"",""milk_tea"",""tech_ai"",""tourism_hotel"",""tourism_pickup"",""tourism_route"",""tourism_transport"",""transport""] */","{""pinyin_key"":""luo|mo|xing"",""tone_pinyin_key"":""luo1|mo1|xing1"",""length"":3,""limit"":8} || {""domainIds"":[""bakery"",""coffee"",""food_order"",""medical"",""meeting"",""milk_tea"",""tech_ai"",""tourism_hotel"",""tourism_pickup"",""tourism_route"",""tourism_transport"",""transport""],""pinyin_key"":""luo|mo|xing"",""tone_pinyin_key"":""luo1|mo1|xing1"",""length"":3,""limit"":8}",0,,luo1|mo1|xing1,0,,2
nn-train-01b,模,0,4,mo,mo1,[1],ready,PLAIN_AND_TONE_COMPOSITE,"SELECT id, pinyin_key, tone_pinyin_key, word, normalized, prior_score, repair_target, enabled, aliases, source, canonical_word, is_alias FROM base_lexicon WHERE pinyin_key = ? AND tone_pinyin_key = ? AND enabled = 1 AND length(word) = ? ORDER BY prior_score DESC LIMIT ? || SELECT id, pinyin_key, tone_pinyin_key, word, normalized, prior_score, repair_target, enabled, aliases, source, canonical_word, is_alias FROM base_lexicon WHERE pinyin_key = ? AND tone_pinyin_key = ? AND word = ? AND enabled = 1 AND length(word) = ? LIMIT ?","{""pinyin_key"":""mo"",""tone_pinyin_key"":""mo1"",""length"":1,""limit"":8} || {""pinyin_key"":""mo"",""tone_pinyin_key"":""mo1"",""word"":""模"",""length"":1,""limit"":2}",0,,mo1,0,,2
nn-train-01b,模型,0,4,mo|xing,mo1|xing1,"[1,1]",ready,PLAIN_AND_TONE_COMPOSITE,"SELECT id, pinyin_key, tone_pinyin_key, word, normalized, prior_score, repair_target, enabled, aliases, source, canonical_word, is_alias FROM base_lexicon WHERE pinyin_key = ? AND tone_pinyin_key = ? AND enabled = 1 AND length(word) = ? ORDER BY prior_score DESC LIMIT ? || SELECT id, domain_id, pinyin_key, tone_pinyin_key, word, normalized, prior_score, repair_target, enabled, aliases, source, canonical_word, is_alias FROM domain_lexicon WHERE domain_id = ? AND pinyin_key = ? AND tone_pinyin_key = ? AND enabled = 1 AND length(word) = ? ORDER BY prior_score DESC LIMIT ? /* domainIds=[""bakery"",""coffee"",""food_order"",""medical"",""meeting"",""milk_tea"",""tech_ai"",""tourism_hotel"",""tourism_pickup"",""tourism_route"",""tourism_transport"",""transport""] */","{""pinyin_key"":""mo|xing"",""tone_pinyin_key"":""mo1|xing1"",""length"":2,""limit"":8} || {""domainIds"":[""bakery"",""coffee"",""food_order"",""medical"",""meeting"",""milk_tea"",""tech_ai"",""tourism_hotel"",""tourism_pickup"",""tourism_route"",""tourism_transport"",""transport""],""pinyin_key"":""mo|xing"",""tone_pinyin_key"":""mo1|xing1"",""length"":2,""limit"":8}",0,,mo1|xing1,0,,2
nn-train-01b,型,0,4,xing,xing1,[1],ready,PLAIN_AND_TONE_COMPOSITE,"SELECT id, pinyin_key, tone_pinyin_key, word, normalized, prior_score, repair_target, enabled, aliases, source, canonical_word, is_alias FROM base_lexicon WHERE pinyin_key = ? AND tone_pinyin_key = ? AND enabled = 1 AND length(word) = ? ORDER BY prior_score DESC LIMIT ? || SELECT id, pinyin_key, tone_pinyin_key, word, normalized, prior_score, repair_target, enabled, aliases, source, canonical_word, is_alias FROM base_lexicon WHERE pinyin_key = ? AND tone_pinyin_key = ? AND word = ? AND enabled = 1 AND length(word) = ? LIMIT ?","{""pinyin_key"":""xing"",""tone_pinyin_key"":""xing1"",""length"":1,""limit"":8} || {""pinyin_key"":""xing"",""tone_pinyin_key"":""xing1"",""word"":""型"",""length"":1,""limit"":2}",0,,xing1,0,,2
nn-train-01b,闷蒸,1,3,men|zheng,men1|zheng1,"[1,1]",ready,PLAIN_AND_TONE_COMPOSITE,"SELECT id, pinyin_key, tone_pinyin_key, word, normalized, prior_score, repair_target, enabled, aliases, source, canonical_word, is_alias FROM base_lexicon WHERE pinyin_key = ? AND tone_pinyin_key = ? AND enabled = 1 AND length(word) = ? ORDER BY prior_score DESC LIMIT ? || SELECT id, domain_id, pinyin_key, tone_pinyin_key, word, normalized, prior_score, repair_target, enabled, aliases, source, canonical_word, is_alias FROM domain_lexicon WHERE domain_id = ? AND pinyin_key = ? AND tone_pinyin_key = ? AND enabled = 1 AND length(word) = ? ORDER BY prior_score DESC LIMIT ? /* domainIds=[""bakery"",""coffee"",""food_order"",""medical"",""meeting"",""milk_tea"",""tech_ai"",""tourism_hotel"",""tourism_pickup"",""tourism_route"",""tourism_transport"",""transport""] */","{""pinyin_key"":""men|zheng"",""tone_pinyin_key"":""men1|zheng1"",""length"":2,""limit"":8} || {""domainIds"":[""bakery"",""coffee"",""food_order"",""medical"",""meeting"",""milk_tea"",""tech_ai"",""tourism_hotel"",""tourism_pickup"",""tourism_route"",""tourism_transport"",""transport""],""pinyin_key"":""men|zheng"",""tone_pinyin_key"":""men1|zheng1"",""length"":2,""limit"":8}",1,闷蒸,men1|zheng1,1,,2
nn-train-01b:CORRECT_SELF_KEY,正在,,,zheng|zai,zheng4|zai4,"[4,4]",ready,PLAIN_AND_TONE_COMPOSITE,"SELECT id, pinyin_key, tone_pinyin_key, word, normalized, prior_score, repair_target, enabled, aliases, source, canonical_word, is_alias FROM base_lexicon WHERE pinyin_key = ? AND tone_pinyin_key = ? AND enabled = 1 AND length(word) = ? ORDER BY prior_score DESC LIMIT ? || SELECT id, domain_id, pinyin_key, tone_pinyin_key, word, normalized, prior_score, repair_target, enabled, aliases, source, canonical_word, is_alias FROM domain_lexicon WHERE domain_id = ? AND pinyin_key = ? AND tone_pinyin_key = ? AND enabled = 1 AND length(word) = ? ORDER BY prior_score DESC LIMIT ? /* domainIds=[""bakery"",""coffee"",""food_order"",""medical"",""meeting"",""milk_tea"",""tech_ai"",""tourism_hotel"",""tourism_pickup"",""tourism_route"",""tourism_transport"",""transport""] */","{""pinyin_key"":""zheng|zai"",""tone_pinyin_key"":""zheng4|zai4"",""length"":2,""limit"":""cfg""} || {""domainIds"":[""bakery"",""coffee"",""food_order"",""medical"",""meeting"",""milk_tea"",""tech_ai"",""tourism_hotel"",""tourism_pickup"",""tourism_route"",""tourism_transport"",""transport""],""pinyin_key"":""zheng|zai"",""tone_pinyin_key"":""zheng4|zai4"",""length"":2,""limit"":""cfg""}",1,正在,zheng4|zai4,1,,2
snack-01,客,,,ke,ke1,[1],ready,PLAIN_AND_TONE_COMPOSITE,"SELECT id, pinyin_key, tone_pinyin_key, word, normalized, prior_score, repair_target, enabled, aliases, source, canonical_word, is_alias FROM base_lexicon WHERE pinyin_key = ? AND tone_pinyin_key = ? AND enabled = 1 AND length(word) = ? ORDER BY prior_score DESC LIMIT ? || SELECT id, pinyin_key, tone_pinyin_key, word, normalized, prior_score, repair_target, enabled, aliases, source, canonical_word, is_alias FROM base_lexicon WHERE pinyin_key = ? AND tone_pinyin_key = ? AND word = ? AND enabled = 1 AND length(word) = ? LIMIT ?","{""pinyin_key"":""ke"",""tone_pinyin_key"":""ke1"",""length"":1,""limit"":8} || {""pinyin_key"":""ke"",""tone_pinyin_key"":""ke1"",""word"":""客"",""length"":1,""limit"":2}",0,,ke1,0,,2
snack-01,客房,,,ke|fang,ke1|fang1,"[1,1]",ready,PLAIN_AND_TONE_COMPOSITE,"SELECT id, pinyin_key, tone_pinyin_key, word, normalized, prior_score, repair_target, enabled, aliases, source, canonical_word, is_alias FROM base_lexicon WHERE pinyin_key = ? AND tone_pinyin_key = ? AND enabled = 1 AND length(word) = ? ORDER BY prior_score DESC LIMIT ? || SELECT id, domain_id, pinyin_key, tone_pinyin_key, word, normalized, prior_score, repair_target, enabled, aliases, source, canonical_word, is_alias FROM domain_lexicon WHERE domain_id = ? AND pinyin_key = ? AND tone_pinyin_key = ? AND enabled = 1 AND length(word) = ? ORDER BY prior_score DESC LIMIT ? /* domainIds=[""bakery"",""coffee"",""food_order"",""medical"",""meeting"",""milk_tea"",""tech_ai"",""tourism_hotel"",""tourism_pickup"",""tourism_route"",""tourism_transport"",""transport""] */","{""pinyin_key"":""ke|fang"",""tone_pinyin_key"":""ke1|fang1"",""length"":2,""limit"":8} || {""domainIds"":[""bakery"",""coffee"",""food_order"",""medical"",""meeting"",""milk_tea"",""tech_ai"",""tourism_hotel"",""tourism_pickup"",""tourism_route"",""tourism_transport"",""transport""],""pinyin_key"":""ke|fang"",""tone_pinyin_key"":""ke1|fang1"",""length"":2,""limit"":8}",0,,ke1|fang1,0,,2
snack-01,客房里,,,ke|fang|li,ke1|fang1|li1,"[1,1,1]",ready,PLAIN_AND_TONE_COMPOSITE,"SELECT id, pinyin_key, tone_pinyin_key, word, normalized, prior_score, repair_target, enabled, aliases, source, canonical_word, is_alias FROM base_lexicon WHERE pinyin_key = ? AND tone_pinyin_key = ? AND enabled = 1 AND length(word) = ? ORDER BY prior_score DESC LIMIT ? || SELECT id, domain_id, pinyin_key, tone_pinyin_key, word, normalized, prior_score, repair_target, enabled, aliases, source, canonical_word, is_alias FROM domain_lexicon WHERE domain_id = ? AND pinyin_key = ? AND tone_pinyin_key = ? AND enabled = 1 AND length(word) = ? ORDER BY prior_score DESC LIMIT ? /* domainIds=[""bakery"",""coffee"",""food_order"",""medical"",""meeting"",""milk_tea"",""tech_ai"",""tourism_hotel"",""tourism_pickup"",""tourism_route"",""tourism_transport"",""transport""] */","{""pinyin_key"":""ke|fang|li"",""tone_pinyin_key"":""ke1|fang1|li1"",""length"":3,""limit"":8} || {""domainIds"":[""bakery"",""coffee"",""food_order"",""medical"",""meeting"",""milk_tea"",""tech_ai"",""tourism_hotel"",""tourism_pickup"",""tourism_route"",""tourism_transport"",""transport""],""pinyin_key"":""ke|fang|li"",""tone_pinyin_key"":""ke1|fang1|li1"",""length"":3,""limit"":8}",0,,ke1|fang1|li1,0,,2
snack-01,客房里的,,,ke|fang|li|de,ke1|fang1|li1|de1,"[1,1,1,1]",ready,PLAIN_AND_TONE_COMPOSITE,"SELECT id, pinyin_key, tone_pinyin_key, word, normalized, prior_score, repair_target, enabled, aliases, source, canonical_word, is_alias FROM base_lexicon WHERE pinyin_key = ? AND tone_pinyin_key = ? AND enabled = 1 AND length(word) = ? ORDER BY prior_score DESC LIMIT ? || SELECT id, domain_id, pinyin_key, tone_pinyin_key, word, normalized, prior_score, repair_target, enabled, aliases, source, canonical_word, is_alias FROM domain_lexicon WHERE domain_id = ? AND pinyin_key = ? AND tone_pinyin_key = ? AND enabled = 1 AND length(word) = ? ORDER BY prior_score DESC LIMIT ? /* domainIds=[""bakery"",""coffee"",""food_order"",""medical"",""meeting"",""milk_tea"",""tech_ai"",""tourism_hotel"",""tourism_pickup"",""tourism_route"",""tourism_transport"",""transport""] */","{""pinyin_key"":""ke|fang|li|de"",""tone_pinyin_key"":""ke1|fang1|li1|de1"",""length"":4,""limit"":8} || {""domainIds"":[""bakery"",""coffee"",""food_order"",""medical"",""meeting"",""milk_tea"",""tech_ai"",""tourism_hotel"",""tourism_pickup"",""tourism_route"",""tourism_transport"",""transport""],""pinyin_key"":""ke|fang|li|de"",""tone_pinyin_key"":""ke1|fang1|li1|de1"",""length"":4,""limit"":8}",0,,ke1|fang1|li1|de1,0,,2
snack-01,客房里的迷,,,ke|fang|li|de|mi,ke1|fang1|li1|de1|mi1,"[1,1,1,1,1]",ready,PLAIN_AND_TONE_COMPOSITE,"SELECT id, pinyin_key, tone_pinyin_key, word, normalized, prior_score, repair_target, enabled, aliases, source, canonical_word, is_alias FROM base_lexicon WHERE pinyin_key = ? AND tone_pinyin_key = ? AND enabled = 1 AND length(word) = ? ORDER BY prior_score DESC LIMIT ? || SELECT id, domain_id, pinyin_key, tone_pinyin_key, word, normalized, prior_score, repair_target, enabled, aliases, source, canonical_word, is_alias FROM domain_lexicon WHERE domain_id = ? AND pinyin_key = ? AND tone_pinyin_key = ? AND enabled = 1 AND length(word) = ? ORDER BY prior_score DESC LIMIT ? /* domainIds=[""bakery"",""coffee"",""food_order"",""medical"",""meeting"",""milk_tea"",""tech_ai"",""tourism_hotel"",""tourism_pickup"",""tourism_route"",""tourism_transport"",""transport""] */","{""pinyin_key"":""ke|fang|li|de|mi"",""tone_pinyin_key"":""ke1|fang1|li1|de1|mi1"",""length"":5,""limit"":8} || {""domainIds"":[""bakery"",""coffee"",""food_order"",""medical"",""meeting"",""milk_tea"",""tech_ai"",""tourism_hotel"",""tourism_pickup"",""tourism_route"",""tourism_transport"",""transport""],""pinyin_key"":""ke|fang|li|de|mi"",""tone_pinyin_key"":""ke1|fang1|li1|de1|mi1"",""length"":5,""limit"":8}",0,,ke1|fang1|li1|de1|mi1,0,,2
snack-01,房,,,fang,fang1,[1],ready,PLAIN_AND_TONE_COMPOSITE,"SELECT id, pinyin_key, tone_pinyin_key, word, normalized, prior_score, repair_target, enabled, aliases, source, canonical_word, is_alias FROM base_lexicon WHERE pinyin_key = ? AND tone_pinyin_key = ? AND enabled = 1 AND length(word) = ? ORDER BY prior_score DESC LIMIT ? || SELECT id, pinyin_key, tone_pinyin_key, word, normalized, prior_score, repair_target, enabled, aliases, source, canonical_word, is_alias FROM base_lexicon WHERE pinyin_key = ? AND tone_pinyin_key = ? AND word = ? AND enabled = 1 AND length(word) = ? LIMIT ?","{""pinyin_key"":""fang"",""tone_pinyin_key"":""fang1"",""length"":1,""limit"":8} || {""pinyin_key"":""fang"",""tone_pinyin_key"":""fang1"",""word"":""房"",""length"":1,""limit"":2}",0,,fang1,0,,2
snack-01,房里,,,fang|li,fang1|li1,"[1,1]",ready,PLAIN_AND_TONE_COMPOSITE,"SELECT id, pinyin_key, tone_pinyin_key, word, normalized, prior_score, repair_target, enabled, aliases, source, canonical_word, is_alias FROM base_lexicon WHERE pinyin_key = ? AND tone_pinyin_key = ? AND enabled = 1 AND length(word) = ? ORDER BY prior_score DESC LIMIT ? || SELECT id, domain_id, pinyin_key, tone_pinyin_key, word, normalized, prior_score, repair_target, enabled, aliases, source, canonical_word, is_alias FROM domain_lexicon WHERE domain_id = ? AND pinyin_key = ? AND tone_pinyin_key = ? AND enabled = 1 AND length(word) = ? ORDER BY prior_score DESC LIMIT ? /* domainIds=[""bakery"",""coffee"",""food_order"",""medical"",""meeting"",""milk_tea"",""tech_ai"",""tourism_hotel"",""tourism_pickup"",""tourism_route"",""tourism_transport"",""transport""] */","{""pinyin_key"":""fang|li"",""tone_pinyin_key"":""fang1|li1"",""length"":2,""limit"":8} || {""domainIds"":[""bakery"",""coffee"",""food_order"",""medical"",""meeting"",""milk_tea"",""tech_ai"",""tourism_hotel"",""tourism_pickup"",""tourism_route"",""tourism_transport"",""transport""],""pinyin_key"":""fang|li"",""tone_pinyin_key"":""fang1|li1"",""length"":2,""limit"":8}",0,,fang1|li1,0,,2
snack-01,房里的,,,fang|li|de,fang1|li1|de1,"[1,1,1]",ready,PLAIN_AND_TONE_COMPOSITE,"SELECT id, pinyin_key, tone_pinyin_key, word, normalized, prior_score, repair_target, enabled, aliases, source, canonical_word, is_alias FROM base_lexicon WHERE pinyin_key = ? AND tone_pinyin_key = ? AND enabled = 1 AND length(word) = ? ORDER BY prior_score DESC LIMIT ? || SELECT id, domain_id, pinyin_key, tone_pinyin_key, word, normalized, prior_score, repair_target, enabled, aliases, source, canonical_word, is_alias FROM domain_lexicon WHERE domain_id = ? AND pinyin_key = ? AND tone_pinyin_key = ? AND enabled = 1 AND length(word) = ? ORDER BY prior_score DESC LIMIT ? /* domainIds=[""bakery"",""coffee"",""food_order"",""medical"",""meeting"",""milk_tea"",""tech_ai"",""tourism_hotel"",""tourism_pickup"",""tourism_route"",""tourism_transport"",""transport""] */","{""pinyin_key"":""fang|li|de"",""tone_pinyin_key"":""fang1|li1|de1"",""length"":3,""limit"":8} || {""domainIds"":[""bakery"",""coffee"",""food_order"",""medical"",""meeting"",""milk_tea"",""tech_ai"",""tourism_hotel"",""tourism_pickup"",""tourism_route"",""tourism_transport"",""transport""],""pinyin_key"":""fang|li|de"",""tone_pinyin_key"":""fang1|li1|de1"",""length"":3,""limit"":8}",0,,fang1|li1|de1,0,,2
snack-01,房里的迷,,,fang|li|de|mi,fang1|li1|de1|mi1,"[1,1,1,1]",ready,PLAIN_AND_TONE_COMPOSITE,"SELECT id, pinyin_key, tone_pinyin_key, word, normalized, prior_score, repair_target, enabled, aliases, source, canonical_word, is_alias FROM base_lexicon WHERE pinyin_key = ? AND tone_pinyin_key = ? AND enabled = 1 AND length(word) = ? ORDER BY prior_score DESC LIMIT ? || SELECT id, domain_id, pinyin_key, tone_pinyin_key, word, normalized, prior_score, repair_target, enabled, aliases, source, canonical_word, is_alias FROM domain_lexicon WHERE domain_id = ? AND pinyin_key = ? AND tone_pinyin_key = ? AND enabled = 1 AND length(word) = ? ORDER BY prior_score DESC LIMIT ? /* domainIds=[""bakery"",""coffee"",""food_order"",""medical"",""meeting"",""milk_tea"",""tech_ai"",""tourism_hotel"",""tourism_pickup"",""tourism_route"",""tourism_transport"",""transport""] */","{""pinyin_key"":""fang|li|de|mi"",""tone_pinyin_key"":""fang1|li1|de1|mi1"",""length"":4,""limit"":8} || {""domainIds"":[""bakery"",""coffee"",""food_order"",""medical"",""meeting"",""milk_tea"",""tech_ai"",""tourism_hotel"",""tourism_pickup"",""tourism_route"",""tourism_transport"",""transport""],""pinyin_key"":""fang|li|de|mi"",""tone_pinyin_key"":""fang1|li1|de1|mi1"",""length"":4,""limit"":8}",0,,fang1|li1|de1|mi1,0,,2
snack-01,房里的迷你,,,fang|li|de|mi|ni,fang1|li1|de1|mi1|ni1,"[1,1,1,1,1]",ready,PLAIN_AND_TONE_COMPOSITE,"SELECT id, pinyin_key, tone_pinyin_key, word, normalized, prior_score, repair_target, enabled, aliases, source, canonical_word, is_alias FROM base_lexicon WHERE pinyin_key = ? AND tone_pinyin_key = ? AND enabled = 1 AND length(word) = ? ORDER BY prior_score DESC LIMIT ? || SELECT id, domain_id, pinyin_key, tone_pinyin_key, word, normalized, prior_score, repair_target, enabled, aliases, source, canonical_word, is_alias FROM domain_lexicon WHERE domain_id = ? AND pinyin_key = ? AND tone_pinyin_key = ? AND enabled = 1 AND length(word) = ? ORDER BY prior_score DESC LIMIT ? /* domainIds=[""bakery"",""coffee"",""food_order"",""medical"",""meeting"",""milk_tea"",""tech_ai"",""tourism_hotel"",""tourism_pickup"",""tourism_route"",""tourism_transport"",""transport""] */","{""pinyin_key"":""fang|li|de|mi|ni"",""tone_pinyin_key"":""fang1|li1|de1|mi1|ni1"",""length"":5,""limit"":8} || {""domainIds"":[""bakery"",""coffee"",""food_order"",""medical"",""meeting"",""milk_tea"",""tech_ai"",""tourism_hotel"",""tourism_pickup"",""tourism_route"",""tourism_transport"",""transport""],""pinyin_key"":""fang|li|de|mi|ni"",""tone_pinyin_key"":""fang1|li1|de1|mi1|ni1"",""length"":5,""limit"":8}",0,,fang1|li1|de1|mi1|ni1,0,,2
snack-01,里,,,li,li1,[1],ready,PLAIN_AND_TONE_COMPOSITE,"SELECT id, pinyin_key, tone_pinyin_key, word, normalized, prior_score, repair_target, enabled, aliases, source, canonical_word, is_alias FROM base_lexicon WHERE pinyin_key = ? AND tone_pinyin_key = ? AND enabled = 1 AND length(word) = ? ORDER BY prior_score DESC LIMIT ? || SELECT id, pinyin_key, tone_pinyin_key, word, normalized, prior_score, repair_target, enabled, aliases, source, canonical_word, is_alias FROM base_lexicon WHERE pinyin_key = ? AND tone_pinyin_key = ? AND word = ? AND enabled = 1 AND length(word) = ? LIMIT ?","{""pinyin_key"":""li"",""tone_pinyin_key"":""li1"",""length"":1,""limit"":8} || {""pinyin_key"":""li"",""tone_pinyin_key"":""li1"",""word"":""里"",""length"":1,""limit"":2}",0,,li1,0,,2
snack-01,里的,,,li|de,li1|de1,"[1,1]",ready,PLAIN_AND_TONE_COMPOSITE,"SELECT id, pinyin_key, tone_pinyin_key, word, normalized, prior_score, repair_target, enabled, aliases, source, canonical_word, is_alias FROM base_lexicon WHERE pinyin_key = ? AND tone_pinyin_key = ? AND enabled = 1 AND length(word) = ? ORDER BY prior_score DESC LIMIT ? || SELECT id, domain_id, pinyin_key, tone_pinyin_key, word, normalized, prior_score, repair_target, enabled, aliases, source, canonical_word, is_alias FROM domain_lexicon WHERE domain_id = ? AND pinyin_key = ? AND tone_pinyin_key = ? AND enabled = 1 AND length(word) = ? ORDER BY prior_score DESC LIMIT ? /* domainIds=[""bakery"",""coffee"",""food_order"",""medical"",""meeting"",""milk_tea"",""tech_ai"",""tourism_hotel"",""tourism_pickup"",""tourism_route"",""tourism_transport"",""transport""] */","{""pinyin_key"":""li|de"",""tone_pinyin_key"":""li1|de1"",""length"":2,""limit"":8} || {""domainIds"":[""bakery"",""coffee"",""food_order"",""medical"",""meeting"",""milk_tea"",""tech_ai"",""tourism_hotel"",""tourism_pickup"",""tourism_route"",""tourism_transport"",""transport""],""pinyin_key"":""li|de"",""tone_pinyin_key"":""li1|de1"",""length"":2,""limit"":8}",0,,li1|de1,0,,2
snack-01,里的迷,,,li|de|mi,li1|de1|mi1,"[1,1,1]",ready,PLAIN_AND_TONE_COMPOSITE,"SELECT id, pinyin_key, tone_pinyin_key, word, normalized, prior_score, repair_target, enabled, aliases, source, canonical_word, is_alias FROM base_lexicon WHERE pinyin_key = ? AND tone_pinyin_key = ? AND enabled = 1 AND length(word) = ? ORDER BY prior_score DESC LIMIT ? || SELECT id, domain_id, pinyin_key, tone_pinyin_key, word, normalized, prior_score, repair_target, enabled, aliases, source, canonical_word, is_alias FROM domain_lexicon WHERE domain_id = ? AND pinyin_key = ? AND tone_pinyin_key = ? AND enabled = 1 AND length(word) = ? ORDER BY prior_score DESC LIMIT ? /* domainIds=[""bakery"",""coffee"",""food_order"",""medical"",""meeting"",""milk_tea"",""tech_ai"",""tourism_hotel"",""tourism_pickup"",""tourism_route"",""tourism_transport"",""transport""] */","{""pinyin_key"":""li|de|mi"",""tone_pinyin_key"":""li1|de1|mi1"",""length"":3,""limit"":8} || {""domainIds"":[""bakery"",""coffee"",""food_order"",""medical"",""meeting"",""milk_tea"",""tech_ai"",""tourism_hotel"",""tourism_pickup"",""tourism_route"",""tourism_transport"",""transport""],""pinyin_key"":""li|de|mi"",""tone_pinyin_key"":""li1|de1|mi1"",""length"":3,""limit"":8}",0,,li1|de1|mi1,0,,2
snack-01,里的迷你,,,li|de|mi|ni,li1|de1|mi1|ni1,"[1,1,1,1]",ready,PLAIN_AND_TONE_COMPOSITE,"SELECT id, pinyin_key, tone_pinyin_key, word, normalized, prior_score, repair_target, enabled, aliases, source, canonical_word, is_alias FROM base_lexicon WHERE pinyin_key = ? AND tone_pinyin_key = ? AND enabled = 1 AND length(word) = ? ORDER BY prior_score DESC LIMIT ? || SELECT id, domain_id, pinyin_key, tone_pinyin_key, word, normalized, prior_score, repair_target, enabled, aliases, source, canonical_word, is_alias FROM domain_lexicon WHERE domain_id = ? AND pinyin_key = ? AND tone_pinyin_key = ? AND enabled = 1 AND length(word) = ? ORDER BY prior_score DESC LIMIT ? /* domainIds=[""bakery"",""coffee"",""food_order"",""medical"",""meeting"",""milk_tea"",""tech_ai"",""tourism_hotel"",""tourism_pickup"",""tourism_route"",""tourism_transport"",""transport""] */","{""pinyin_key"":""li|de|mi|ni"",""tone_pinyin_key"":""li1|de1|mi1|ni1"",""length"":4,""limit"":8} || {""domainIds"":[""bakery"",""coffee"",""food_order"",""medical"",""meeting"",""milk_tea"",""tech_ai"",""tourism_hotel"",""tourism_pickup"",""tourism_route"",""tourism_transport"",""transport""],""pinyin_key"":""li|de|mi|ni"",""tone_pinyin_key"":""li1|de1|mi1|ni1"",""length"":4,""limit"":8}",0,,li1|de1|mi1|ni1,0,,2
snack-01,里的迷你吧,,,li|de|mi|ni|ba,li1|de1|mi1|ni1|ba1,"[1,1,1,1,1]",ready,PLAIN_AND_TONE_COMPOSITE,"SELECT id, pinyin_key, tone_pinyin_key, word, normalized, prior_score, repair_target, enabled, aliases, source, canonical_word, is_alias FROM base_lexicon WHERE pinyin_key = ? AND tone_pinyin_key = ? AND enabled = 1 AND length(word) = ? ORDER BY prior_score DESC LIMIT ? || SELECT id, domain_id, pinyin_key, tone_pinyin_key, word, normalized, prior_score, repair_target, enabled, aliases, source, canonical_word, is_alias FROM domain_lexicon WHERE domain_id = ? AND pinyin_key = ? AND tone_pinyin_key = ? AND enabled = 1 AND length(word) = ? ORDER BY prior_score DESC LIMIT ? /* domainIds=[""bakery"",""coffee"",""food_order"",""medical"",""meeting"",""milk_tea"",""tech_ai"",""tourism_hotel"",""tourism_pickup"",""tourism_route"",""tourism_transport"",""transport""] */","{""pinyin_key"":""li|de|mi|ni|ba"",""tone_pinyin_key"":""li1|de1|mi1|ni1|ba1"",""length"":5,""limit"":8} || {""domainIds"":[""bakery"",""coffee"",""food_order"",""medical"",""meeting"",""milk_tea"",""tech_ai"",""tourism_hotel"",""tourism_pickup"",""tourism_route"",""tourism_transport"",""transport""],""pinyin_key"":""li|de|mi|ni|ba"",""tone_pinyin_key"":""li1|de1|mi1|ni1|ba1"",""length"":5,""limit"":8}",0,,li1|de1|mi1|ni1|ba1,0,,2
snack-01,的,,,de,de1,[1],ready,PLAIN_AND_TONE_COMPOSITE,"SELECT id, pinyin_key, tone_pinyin_key, word, normalized, prior_score, repair_target, enabled, aliases, source, canonical_word, is_alias FROM base_lexicon WHERE pinyin_key = ? AND tone_pinyin_key = ? AND enabled = 1 AND length(word) = ? ORDER BY prior_score DESC LIMIT ? || SELECT id, pinyin_key, tone_pinyin_key, word, normalized, prior_score, repair_target, enabled, aliases, source, canonical_word, is_alias FROM base_lexicon WHERE pinyin_key = ? AND tone_pinyin_key = ? AND word = ? AND enabled = 1 AND length(word) = ? LIMIT ?","{""pinyin_key"":""de"",""tone_pinyin_key"":""de1"",""length"":1,""limit"":8} || {""pinyin_key"":""de"",""tone_pinyin_key"":""de1"",""word"":""的"",""length"":1,""limit"":2}",0,,de1,0,,2
snack-01,的迷,,,de|mi,de1|mi1,"[1,1]",ready,PLAIN_AND_TONE_COMPOSITE,"SELECT id, pinyin_key, tone_pinyin_key, word, normalized, prior_score, repair_target, enabled, aliases, source, canonical_word, is_alias FROM base_lexicon WHERE pinyin_key = ? AND tone_pinyin_key = ? AND enabled = 1 AND length(word) = ? ORDER BY prior_score DESC LIMIT ? || SELECT id, domain_id, pinyin_key, tone_pinyin_key, word, normalized, prior_score, repair_target, enabled, aliases, source, canonical_word, is_alias FROM domain_lexicon WHERE domain_id = ? AND pinyin_key = ? AND tone_pinyin_key = ? AND enabled = 1 AND length(word) = ? ORDER BY prior_score DESC LIMIT ? /* domainIds=[""bakery"",""coffee"",""food_order"",""medical"",""meeting"",""milk_tea"",""tech_ai"",""tourism_hotel"",""tourism_pickup"",""tourism_route"",""tourism_transport"",""transport""] */","{""pinyin_key"":""de|mi"",""tone_pinyin_key"":""de1|mi1"",""length"":2,""limit"":8} || {""domainIds"":[""bakery"",""coffee"",""food_order"",""medical"",""meeting"",""milk_tea"",""tech_ai"",""tourism_hotel"",""tourism_pickup"",""tourism_route"",""tourism_transport"",""transport""],""pinyin_key"":""de|mi"",""tone_pinyin_key"":""de1|mi1"",""length"":2,""limit"":8}",0,,de1|mi1,0,,2
snack-01,的迷你,,,de|mi|ni,de1|mi1|ni1,"[1,1,1]",ready,PLAIN_AND_TONE_COMPOSITE,"SELECT id, pinyin_key, tone_pinyin_key, word, normalized, prior_score, repair_target, enabled, aliases, source, canonical_word, is_alias FROM base_lexicon WHERE pinyin_key = ? AND tone_pinyin_key = ? AND enabled = 1 AND length(word) = ? ORDER BY prior_score DESC LIMIT ? || SELECT id, domain_id, pinyin_key, tone_pinyin_key, word, normalized, prior_score, repair_target, enabled, aliases, source, canonical_word, is_alias FROM domain_lexicon WHERE domain_id = ? AND pinyin_key = ? AND tone_pinyin_key = ? AND enabled = 1 AND length(word) = ? ORDER BY prior_score DESC LIMIT ? /* domainIds=[""bakery"",""coffee"",""food_order"",""medical"",""meeting"",""milk_tea"",""tech_ai"",""tourism_hotel"",""tourism_pickup"",""tourism_route"",""tourism_transport"",""transport""] */","{""pinyin_key"":""de|mi|ni"",""tone_pinyin_key"":""de1|mi1|ni1"",""length"":3,""limit"":8} || {""domainIds"":[""bakery"",""coffee"",""food_order"",""medical"",""meeting"",""milk_tea"",""tech_ai"",""tourism_hotel"",""tourism_pickup"",""tourism_route"",""tourism_transport"",""transport""],""pinyin_key"":""de|mi|ni"",""tone_pinyin_key"":""de1|mi1|ni1"",""length"":3,""limit"":8}",0,,de1|mi1|ni1,0,,2
snack-01,的迷你吧,,,de|mi|ni|ba,de1|mi1|ni1|ba1,"[1,1,1,1]",ready,PLAIN_AND_TONE_COMPOSITE,"SELECT id, pinyin_key, tone_pinyin_key, word, normalized, prior_score, repair_target, enabled, aliases, source, canonical_word, is_alias FROM base_lexicon WHERE pinyin_key = ? AND tone_pinyin_key = ? AND enabled = 1 AND length(word) = ? ORDER BY prior_score DESC LIMIT ? || SELECT id, domain_id, pinyin_key, tone_pinyin_key, word, normalized, prior_score, repair_target, enabled, aliases, source, canonical_word, is_alias FROM domain_lexicon WHERE domain_id = ? AND pinyin_key = ? AND tone_pinyin_key = ? AND enabled = 1 AND length(word) = ? ORDER BY prior_score DESC LIMIT ? /* domainIds=[""bakery"",""coffee"",""food_order"",""medical"",""meeting"",""milk_tea"",""tech_ai"",""tourism_hotel"",""tourism_pickup"",""tourism_route"",""tourism_transport"",""transport""] */","{""pinyin_key"":""de|mi|ni|ba"",""tone_pinyin_key"":""de1|mi1|ni1|ba1"",""length"":4,""limit"":8} || {""domainIds"":[""bakery"",""coffee"",""food_order"",""medical"",""meeting"",""milk_tea"",""tech_ai"",""tourism_hotel"",""tourism_pickup"",""tourism_route"",""tourism_transport"",""transport""],""pinyin_key"":""de|mi|ni|ba"",""tone_pinyin_key"":""de1|mi1|ni1|ba1"",""length"":4,""limit"":8}",0,,de1|mi1|ni1|ba1,0,,2
snack-01,的迷你吧提,,,de|mi|ni|ba|ti,de1|mi1|ni1|ba1|ti1,"[1,1,1,1,1]",ready,PLAIN_AND_TONE_COMPOSITE,"SELECT id, pinyin_key, tone_pinyin_key, word, normalized, prior_score, repair_target, enabled, aliases, source, canonical_word, is_alias FROM base_lexicon WHERE pinyin_key = ? AND tone_pinyin_key = ? AND enabled = 1 AND length(word) = ? ORDER BY prior_score DESC LIMIT ? || SELECT id, domain_id, pinyin_key, tone_pinyin_key, word, normalized, prior_score, repair_target, enabled, aliases, source, canonical_word, is_alias FROM domain_lexicon WHERE domain_id = ? AND pinyin_key = ? AND tone_pinyin_key = ? AND enabled = 1 AND length(word) = ? ORDER BY prior_score DESC LIMIT ? /* domainIds=[""bakery"",""coffee"",""food_order"",""medical"",""meeting"",""milk_tea"",""tech_ai"",""tourism_hotel"",""tourism_pickup"",""tourism_route"",""tourism_transport"",""transport""] */","{""pinyin_key"":""de|mi|ni|ba|ti"",""tone_pinyin_key"":""de1|mi1|ni1|ba1|ti1"",""length"":5,""limit"":8} || {""domainIds"":[""bakery"",""coffee"",""food_order"",""medical"",""meeting"",""milk_tea"",""tech_ai"",""tourism_hotel"",""tourism_pickup"",""tourism_route"",""tourism_transport"",""transport""],""pinyin_key"":""de|mi|ni|ba|ti"",""tone_pinyin_key"":""de1|mi1|ni1|ba1|ti1"",""length"":5,""limit"":8}",0,,de1|mi1|ni1|ba1|ti1,0,,2
snack-01,迷,,,mi,mi1,[1],ready,PLAIN_AND_TONE_COMPOSITE,"SELECT id, pinyin_key, tone_pinyin_key, word, normalized, prior_score, repair_target, enabled, aliases, source, canonical_word, is_alias FROM base_lexicon WHERE pinyin_key = ? AND tone_pinyin_key = ? AND enabled = 1 AND length(word) = ? ORDER BY prior_score DESC LIMIT ? || SELECT id, pinyin_key, tone_pinyin_key, word, normalized, prior_score, repair_target, enabled, aliases, source, canonical_word, is_alias FROM base_lexicon WHERE pinyin_key = ? AND tone_pinyin_key = ? AND word = ? AND enabled = 1 AND length(word) = ? LIMIT ?","{""pinyin_key"":""mi"",""tone_pinyin_key"":""mi1"",""length"":1,""limit"":8} || {""pinyin_key"":""mi"",""tone_pinyin_key"":""mi1"",""word"":""迷"",""length"":1,""limit"":2}",0,,mi1,0,,2
snack-01,迷你,,,mi|ni,mi1|ni1,"[1,1]",ready,PLAIN_AND_TONE_COMPOSITE,"SELECT id, pinyin_key, tone_pinyin_key, word, normalized, prior_score, repair_target, enabled, aliases, source, canonical_word, is_alias FROM base_lexicon WHERE pinyin_key = ? AND tone_pinyin_key = ? AND enabled = 1 AND length(word) = ? ORDER BY prior_score DESC LIMIT ? || SELECT id, domain_id, pinyin_key, tone_pinyin_key, word, normalized, prior_score, repair_target, enabled, aliases, source, canonical_word, is_alias FROM domain_lexicon WHERE domain_id = ? AND pinyin_key = ? AND tone_pinyin_key = ? AND enabled = 1 AND length(word) = ? ORDER BY prior_score DESC LIMIT ? /* domainIds=[""bakery"",""coffee"",""food_order"",""medical"",""meeting"",""milk_tea"",""tech_ai"",""tourism_hotel"",""tourism_pickup"",""tourism_route"",""tourism_transport"",""transport""] */","{""pinyin_key"":""mi|ni"",""tone_pinyin_key"":""mi1|ni1"",""length"":2,""limit"":8} || {""domainIds"":[""bakery"",""coffee"",""food_order"",""medical"",""meeting"",""milk_tea"",""tech_ai"",""tourism_hotel"",""tourism_pickup"",""tourism_route"",""tourism_transport"",""transport""],""pinyin_key"":""mi|ni"",""tone_pinyin_key"":""mi1|ni1"",""length"":2,""limit"":8}",0,,mi1|ni1,0,,2
snack-01,迷你吧,,,mi|ni|ba,mi1|ni1|ba1,"[1,1,1]",ready,PLAIN_AND_TONE_COMPOSITE,"SELECT id, pinyin_key, tone_pinyin_key, word, normalized, prior_score, repair_target, enabled, aliases, source, canonical_word, is_alias FROM base_lexicon WHERE pinyin_key = ? AND tone_pinyin_key = ? AND enabled = 1 AND length(word) = ? ORDER BY prior_score DESC LIMIT ? || SELECT id, domain_id, pinyin_key, tone_pinyin_key, word, normalized, prior_score, repair_target, enabled, aliases, source, canonical_word, is_alias FROM domain_lexicon WHERE domain_id = ? AND pinyin_key = ? AND tone_pinyin_key = ? AND enabled = 1 AND length(word) = ? ORDER BY prior_score DESC LIMIT ? /* domainIds=[""bakery"",""coffee"",""food_order"",""medical"",""meeting"",""milk_tea"",""tech_ai"",""tourism_hotel"",""tourism_pickup"",""tourism_route"",""tourism_transport"",""transport""] */","{""pinyin_key"":""mi|ni|ba"",""tone_pinyin_key"":""mi1|ni1|ba1"",""length"":3,""limit"":8} || {""domainIds"":[""bakery"",""coffee"",""food_order"",""medical"",""meeting"",""milk_tea"",""tech_ai"",""tourism_hotel"",""tourism_pickup"",""tourism_route"",""tourism_transport"",""transport""],""pinyin_key"":""mi|ni|ba"",""tone_pinyin_key"":""mi1|ni1|ba1"",""length"":3,""limit"":8}",0,,mi1|ni1|ba1,0,,2
snack-01,迷你吧提,,,mi|ni|ba|ti,mi1|ni1|ba1|ti1,"[1,1,1,1]",ready,PLAIN_AND_TONE_COMPOSITE,"SELECT id, pinyin_key, tone_pinyin_key, word, normalized, prior_score, repair_target, enabled, aliases, source, canonical_word, is_alias FROM base_lexicon WHERE pinyin_key = ? AND tone_pinyin_key = ? AND enabled = 1 AND length(word) = ? ORDER BY prior_score DESC LIMIT ? || SELECT id, domain_id, pinyin_key, tone_pinyin_key, word, normalized, prior_score, repair_target, enabled, aliases, source, canonical_word, is_alias FROM domain_lexicon WHERE domain_id = ? AND pinyin_key = ? AND tone_pinyin_key = ? AND enabled = 1 AND length(word) = ? ORDER BY prior_score DESC LIMIT ? /* domainIds=[""bakery"",""coffee"",""food_order"",""medical"",""meeting"",""milk_tea"",""tech_ai"",""tourism_hotel"",""tourism_pickup"",""tourism_route"",""tourism_transport"",""transport""] */","{""pinyin_key"":""mi|ni|ba|ti"",""tone_pinyin_key"":""mi1|ni1|ba1|ti1"",""length"":4,""limit"":8} || {""domainIds"":[""bakery"",""coffee"",""food_order"",""medical"",""meeting"",""milk_tea"",""tech_ai"",""tourism_hotel"",""tourism_pickup"",""tourism_route"",""tourism_transport"",""transport""],""pinyin_key"":""mi|ni|ba|ti"",""tone_pinyin_key"":""mi1|ni1|ba1|ti1"",""length"":4,""limit"":8}",0,,mi1|ni1|ba1|ti1,0,,2
snack-01,迷你吧提供,,,mi|ni|ba|ti|gong,mi1|ni1|ba1|ti1|gong1,"[1,1,1,1,1]",ready,PLAIN_AND_TONE_COMPOSITE,"SELECT id, pinyin_key, tone_pinyin_key, word, normalized, prior_score, repair_target, enabled, aliases, source, canonical_word, is_alias FROM base_lexicon WHERE pinyin_key = ? AND tone_pinyin_key = ? AND enabled = 1 AND length(word) = ? ORDER BY prior_score DESC LIMIT ? || SELECT id, domain_id, pinyin_key, tone_pinyin_key, word, normalized, prior_score, repair_target, enabled, aliases, source, canonical_word, is_alias FROM domain_lexicon WHERE domain_id = ? AND pinyin_key = ? AND tone_pinyin_key = ? AND enabled = 1 AND length(word) = ? ORDER BY prior_score DESC LIMIT ? /* domainIds=[""bakery"",""coffee"",""food_order"",""medical"",""meeting"",""milk_tea"",""tech_ai"",""tourism_hotel"",""tourism_pickup"",""tourism_route"",""tourism_transport"",""transport""] */","{""pinyin_key"":""mi|ni|ba|ti|gong"",""tone_pinyin_key"":""mi1|ni1|ba1|ti1|gong1"",""length"":5,""limit"":8} || {""domainIds"":[""bakery"",""coffee"",""food_order"",""medical"",""meeting"",""milk_tea"",""tech_ai"",""tourism_hotel"",""tourism_pickup"",""tourism_route"",""tourism_transport"",""transport""],""pinyin_key"":""mi|ni|ba|ti|gong"",""tone_pinyin_key"":""mi1|ni1|ba1|ti1|gong1"",""length"":5,""limit"":8}",0,,mi1|ni1|ba1|ti1|gong1,0,,2
snack-01,你,,,ni,ni1,[1],ready,PLAIN_AND_TONE_COMPOSITE,"SELECT id, pinyin_key, tone_pinyin_key, word, normalized, prior_score, repair_target, enabled, aliases, source, canonical_word, is_alias FROM base_lexicon WHERE pinyin_key = ? AND tone_pinyin_key = ? AND enabled = 1 AND length(word) = ? ORDER BY prior_score DESC LIMIT ? || SELECT id, pinyin_key, tone_pinyin_key, word, normalized, prior_score, repair_target, enabled, aliases, source, canonical_word, is_alias FROM base_lexicon WHERE pinyin_key = ? AND tone_pinyin_key = ? AND word = ? AND enabled = 1 AND length(word) = ? LIMIT ?","{""pinyin_key"":""ni"",""tone_pinyin_key"":""ni1"",""length"":1,""limit"":8} || {""pinyin_key"":""ni"",""tone_pinyin_key"":""ni1"",""word"":""你"",""length"":1,""limit"":2}",0,,ni1,0,,2
snack-01,你吧,,,ni|ba,ni1|ba1,"[1,1]",ready,PLAIN_AND_TONE_COMPOSITE,"SELECT id, pinyin_key, tone_pinyin_key, word, normalized, prior_score, repair_target, enabled, aliases, source, canonical_word, is_alias FROM base_lexicon WHERE pinyin_key = ? AND tone_pinyin_key = ? AND enabled = 1 AND length(word) = ? ORDER BY prior_score DESC LIMIT ? || SELECT id, domain_id, pinyin_key, tone_pinyin_key, word, normalized, prior_score, repair_target, enabled, aliases, source, canonical_word, is_alias FROM domain_lexicon WHERE domain_id = ? AND pinyin_key = ? AND tone_pinyin_key = ? AND enabled = 1 AND length(word) = ? ORDER BY prior_score DESC LIMIT ? /* domainIds=[""bakery"",""coffee"",""food_order"",""medical"",""meeting"",""milk_tea"",""tech_ai"",""tourism_hotel"",""tourism_pickup"",""tourism_route"",""tourism_transport"",""transport""] */","{""pinyin_key"":""ni|ba"",""tone_pinyin_key"":""ni1|ba1"",""length"":2,""limit"":8} || {""domainIds"":[""bakery"",""coffee"",""food_order"",""medical"",""meeting"",""milk_tea"",""tech_ai"",""tourism_hotel"",""tourism_pickup"",""tourism_route"",""tourism_transport"",""transport""],""pinyin_key"":""ni|ba"",""tone_pinyin_key"":""ni1|ba1"",""length"":2,""limit"":8}",0,,ni1|ba1,0,,2
snack-01,你吧提,,,ni|ba|ti,ni1|ba1|ti1,"[1,1,1]",ready,PLAIN_AND_TONE_COMPOSITE,"SELECT id, pinyin_key, tone_pinyin_key, word, normalized, prior_score, repair_target, enabled, aliases, source, canonical_word, is_alias FROM base_lexicon WHERE pinyin_key = ? AND tone_pinyin_key = ? AND enabled = 1 AND length(word) = ? ORDER BY prior_score DESC LIMIT ? || SELECT id, domain_id, pinyin_key, tone_pinyin_key, word, normalized, prior_score, repair_target, enabled, aliases, source, canonical_word, is_alias FROM domain_lexicon WHERE domain_id = ? AND pinyin_key = ? AND tone_pinyin_key = ? AND enabled = 1 AND length(word) = ? ORDER BY prior_score DESC LIMIT ? /* domainIds=[""bakery"",""coffee"",""food_order"",""medical"",""meeting"",""milk_tea"",""tech_ai"",""tourism_hotel"",""tourism_pickup"",""tourism_route"",""tourism_transport"",""transport""] */","{""pinyin_key"":""ni|ba|ti"",""tone_pinyin_key"":""ni1|ba1|ti1"",""length"":3,""limit"":8} || {""domainIds"":[""bakery"",""coffee"",""food_order"",""medical"",""meeting"",""milk_tea"",""tech_ai"",""tourism_hotel"",""tourism_pickup"",""tourism_route"",""tourism_transport"",""transport""],""pinyin_key"":""ni|ba|ti"",""tone_pinyin_key"":""ni1|ba1|ti1"",""length"":3,""limit"":8}",0,,ni1|ba1|ti1,0,,2
snack-01,你吧提供,,,ni|ba|ti|gong,ni1|ba1|ti1|gong1,"[1,1,1,1]",ready,PLAIN_AND_TONE_COMPOSITE,"SELECT id, pinyin_key, tone_pinyin_key, word, normalized, prior_score, repair_target, enabled, aliases, source, canonical_word, is_alias FROM base_lexicon WHERE pinyin_key = ? AND tone_pinyin_key = ? AND enabled = 1 AND length(word) = ? ORDER BY prior_score DESC LIMIT ? || SELECT id, domain_id, pinyin_key, tone_pinyin_key, word, normalized, prior_score, repair_target, enabled, aliases, source, canonical_word, is_alias FROM domain_lexicon WHERE domain_id = ? AND pinyin_key = ? AND tone_pinyin_key = ? AND enabled = 1 AND length(word) = ? ORDER BY prior_score DESC LIMIT ? /* domainIds=[""bakery"",""coffee"",""food_order"",""medical"",""meeting"",""milk_tea"",""tech_ai"",""tourism_hotel"",""tourism_pickup"",""tourism_route"",""tourism_transport"",""transport""] */","{""pinyin_key"":""ni|ba|ti|gong"",""tone_pinyin_key"":""ni1|ba1|ti1|gong1"",""length"":4,""limit"":8} || {""domainIds"":[""bakery"",""coffee"",""food_order"",""medical"",""meeting"",""milk_tea"",""tech_ai"",""tourism_hotel"",""tourism_pickup"",""tourism_route"",""tourism_transport"",""transport""],""pinyin_key"":""ni|ba|ti|gong"",""tone_pinyin_key"":""ni1|ba1|ti1|gong1"",""length"":4,""limit"":8}",0,,ni1|ba1|ti1|gong1,0,,2
snack-01,你吧提供饮,,,ni|ba|ti|gong|yin,ni1|ba1|ti1|gong1|yin1,"[1,1,1,1,1]",ready,PLAIN_AND_TONE_COMPOSITE,"SELECT id, pinyin_key, tone_pinyin_key, word, normalized, prior_score, repair_target, enabled, aliases, source, canonical_word, is_alias FROM base_lexicon WHERE pinyin_key = ? AND tone_pinyin_key = ? AND enabled = 1 AND length(word) = ? ORDER BY prior_score DESC LIMIT ? || SELECT id, domain_id, pinyin_key, tone_pinyin_key, word, normalized, prior_score, repair_target, enabled, aliases, source, canonical_word, is_alias FROM domain_lexicon WHERE domain_id = ? AND pinyin_key = ? AND tone_pinyin_key = ? AND enabled = 1 AND length(word) = ? ORDER BY prior_score DESC LIMIT ? /* domainIds=[""bakery"",""coffee"",""food_order"",""medical"",""meeting"",""milk_tea"",""tech_ai"",""tourism_hotel"",""tourism_pickup"",""tourism_route"",""tourism_transport"",""transport""] */","{""pinyin_key"":""ni|ba|ti|gong|yin"",""tone_pinyin_key"":""ni1|ba1|ti1|gong1|yin1"",""length"":5,""limit"":8} || {""domainIds"":[""bakery"",""coffee"",""food_order"",""medical"",""meeting"",""milk_tea"",""tech_ai"",""tourism_hotel"",""tourism_pickup"",""tourism_route"",""tourism_transport"",""transport""],""pinyin_key"":""ni|ba|ti|gong|yin"",""tone_pinyin_key"":""ni1|ba1|ti1|gong1|yin1"",""length"":5,""limit"":8}",0,,ni1|ba1|ti1|gong1|yin1,0,,2
snack-01,吧,,,ba,ba1,[1],ready,PLAIN_AND_TONE_COMPOSITE,"SELECT id, pinyin_key, tone_pinyin_key, word, normalized, prior_score, repair_target, enabled, aliases, source, canonical_word, is_alias FROM base_lexicon WHERE pinyin_key = ? AND tone_pinyin_key = ? AND enabled = 1 AND length(word) = ? ORDER BY prior_score DESC LIMIT ? || SELECT id, pinyin_key, tone_pinyin_key, word, normalized, prior_score, repair_target, enabled, aliases, source, canonical_word, is_alias FROM base_lexicon WHERE pinyin_key = ? AND tone_pinyin_key = ? AND word = ? AND enabled = 1 AND length(word) = ? LIMIT ?","{""pinyin_key"":""ba"",""tone_pinyin_key"":""ba1"",""length"":1,""limit"":8} || {""pinyin_key"":""ba"",""tone_pinyin_key"":""ba1"",""word"":""吧"",""length"":1,""limit"":2}",0,,ba1,0,,2
snack-01,吧提,,,ba|ti,ba1|ti1,"[1,1]",ready,PLAIN_AND_TONE_COMPOSITE,"SELECT id, pinyin_key, tone_pinyin_key, word, normalized, prior_score, repair_target, enabled, aliases, source, canonical_word, is_alias FROM base_lexicon WHERE pinyin_key = ? AND tone_pinyin_key = ? AND enabled = 1 AND length(word) = ? ORDER BY prior_score DESC LIMIT ? || SELECT id, domain_id, pinyin_key, tone_pinyin_key, word, normalized, prior_score, repair_target, enabled, aliases, source, canonical_word, is_alias FROM domain_lexicon WHERE domain_id = ? AND pinyin_key = ? AND tone_pinyin_key = ? AND enabled = 1 AND length(word) = ? ORDER BY prior_score DESC LIMIT ? /* domainIds=[""bakery"",""coffee"",""food_order"",""medical"",""meeting"",""milk_tea"",""tech_ai"",""tourism_hotel"",""tourism_pickup"",""tourism_route"",""tourism_transport"",""transport""] */","{""pinyin_key"":""ba|ti"",""tone_pinyin_key"":""ba1|ti1"",""length"":2,""limit"":8} || {""domainIds"":[""bakery"",""coffee"",""food_order"",""medical"",""meeting"",""milk_tea"",""tech_ai"",""tourism_hotel"",""tourism_pickup"",""tourism_route"",""tourism_transport"",""transport""],""pinyin_key"":""ba|ti"",""tone_pinyin_key"":""ba1|ti1"",""length"":2,""limit"":8}",0,,ba1|ti1,0,,2
snack-01,吧提供,,,ba|ti|gong,ba1|ti1|gong1,"[1,1,1]",ready,PLAIN_AND_TONE_COMPOSITE,"SELECT id, pinyin_key, tone_pinyin_key, word, normalized, prior_score, repair_target, enabled, aliases, source, canonical_word, is_alias FROM base_lexicon WHERE pinyin_key = ? AND tone_pinyin_key = ? AND enabled = 1 AND length(word) = ? ORDER BY prior_score DESC LIMIT ? || SELECT id, domain_id, pinyin_key, tone_pinyin_key, word, normalized, prior_score, repair_target, enabled, aliases, source, canonical_word, is_alias FROM domain_lexicon WHERE domain_id = ? AND pinyin_key = ? AND tone_pinyin_key = ? AND enabled = 1 AND length(word) = ? ORDER BY prior_score DESC LIMIT ? /* domainIds=[""bakery"",""coffee"",""food_order"",""medical"",""meeting"",""milk_tea"",""tech_ai"",""tourism_hotel"",""tourism_pickup"",""tourism_route"",""tourism_transport"",""transport""] */","{""pinyin_key"":""ba|ti|gong"",""tone_pinyin_key"":""ba1|ti1|gong1"",""length"":3,""limit"":8} || {""domainIds"":[""bakery"",""coffee"",""food_order"",""medical"",""meeting"",""milk_tea"",""tech_ai"",""tourism_hotel"",""tourism_pickup"",""tourism_route"",""tourism_transport"",""transport""],""pinyin_key"":""ba|ti|gong"",""tone_pinyin_key"":""ba1|ti1|gong1"",""length"":3,""limit"":8}",0,,ba1|ti1|gong1,0,,2
snack-01,吧提供饮,,,ba|ti|gong|yin,ba1|ti1|gong1|yin1,"[1,1,1,1]",ready,PLAIN_AND_TONE_COMPOSITE,"SELECT id, pinyin_key, tone_pinyin_key, word, normalized, prior_score, repair_target, enabled, aliases, source, canonical_word, is_alias FROM base_lexicon WHERE pinyin_key = ? AND tone_pinyin_key = ? AND enabled = 1 AND length(word) = ? ORDER BY prior_score DESC LIMIT ? || SELECT id, domain_id, pinyin_key, tone_pinyin_key, word, normalized, prior_score, repair_target, enabled, aliases, source, canonical_word, is_alias FROM domain_lexicon WHERE domain_id = ? AND pinyin_key = ? AND tone_pinyin_key = ? AND enabled = 1 AND length(word) = ? ORDER BY prior_score DESC LIMIT ? /* domainIds=[""bakery"",""coffee"",""food_order"",""medical"",""meeting"",""milk_tea"",""tech_ai"",""tourism_hotel"",""tourism_pickup"",""tourism_route"",""tourism_transport"",""transport""] */","{""pinyin_key"":""ba|ti|gong|yin"",""tone_pinyin_key"":""ba1|ti1|gong1|yin1"",""length"":4,""limit"":8} || {""domainIds"":[""bakery"",""coffee"",""food_order"",""medical"",""meeting"",""milk_tea"",""tech_ai"",""tourism_hotel"",""tourism_pickup"",""tourism_route"",""tourism_transport"",""transport""],""pinyin_key"":""ba|ti|gong|yin"",""tone_pinyin_key"":""ba1|ti1|gong1|yin1"",""length"":4,""limit"":8}",0,,ba1|ti1|gong1|yin1,0,,2
snack-01,吧提供饮料,,,ba|ti|gong|yin|liao,ba1|ti1|gong1|yin1|liao1,"[1,1,1,1,1]",ready,PLAIN_AND_TONE_COMPOSITE,"SELECT id, pinyin_key, tone_pinyin_key, word, normalized, prior_score, repair_target, enabled, aliases, source, canonical_word, is_alias FROM base_lexicon WHERE pinyin_key = ? AND tone_pinyin_key = ? AND enabled = 1 AND length(word) = ? ORDER BY prior_score DESC LIMIT ? || SELECT id, domain_id, pinyin_key, tone_pinyin_key, word, normalized, prior_score, repair_target, enabled, aliases, source, canonical_word, is_alias FROM domain_lexicon WHERE domain_id = ? AND pinyin_key = ? AND tone_pinyin_key = ? AND enabled = 1 AND length(word) = ? ORDER BY prior_score DESC LIMIT ? /* domainIds=[""bakery"",""coffee"",""food_order"",""medical"",""meeting"",""milk_tea"",""tech_ai"",""tourism_hotel"",""tourism_pickup"",""tourism_route"",""tourism_transport"",""transport""] */","{""pinyin_key"":""ba|ti|gong|yin|liao"",""tone_pinyin_key"":""ba1|ti1|gong1|yin1|liao1"",""length"":5,""limit"":8} || {""domainIds"":[""bakery"",""coffee"",""food_order"",""medical"",""meeting"",""milk_tea"",""tech_ai"",""tourism_hotel"",""tourism_pickup"",""tourism_route"",""tourism_transport"",""transport""],""pinyin_key"":""ba|ti|gong|yin|liao"",""tone_pinyin_key"":""ba1|ti1|gong1|yin1|liao1"",""length"":5,""limit"":8}",0,,ba1|ti1|gong1|yin1|liao1,0,,2
snack-01,提,,,ti,ti1,[1],ready,PLAIN_AND_TONE_COMPOSITE,"SELECT id, pinyin_key, tone_pinyin_key, word, normalized, prior_score, repair_target, enabled, aliases, source, canonical_word, is_alias FROM base_lexicon WHERE pinyin_key = ? AND tone_pinyin_key = ? AND enabled = 1 AND length(word) = ? ORDER BY prior_score DESC LIMIT ? || SELECT id, pinyin_key, tone_pinyin_key, word, normalized, prior_score, repair_target, enabled, aliases, source, canonical_word, is_alias FROM base_lexicon WHERE pinyin_key = ? AND tone_pinyin_key = ? AND word = ? AND enabled = 1 AND length(word) = ? LIMIT ?","{""pinyin_key"":""ti"",""tone_pinyin_key"":""ti1"",""length"":1,""limit"":8} || {""pinyin_key"":""ti"",""tone_pinyin_key"":""ti1"",""word"":""提"",""length"":1,""limit"":2}",0,,ti1,0,,2
snack-01,提供,,,ti|gong,ti1|gong1,"[1,1]",ready,PLAIN_AND_TONE_COMPOSITE,"SELECT id, pinyin_key, tone_pinyin_key, word, normalized, prior_score, repair_target, enabled, aliases, source, canonical_word, is_alias FROM base_lexicon WHERE pinyin_key = ? AND tone_pinyin_key = ? AND enabled = 1 AND length(word) = ? ORDER BY prior_score DESC LIMIT ? || SELECT id, domain_id, pinyin_key, tone_pinyin_key, word, normalized, prior_score, repair_target, enabled, aliases, source, canonical_word, is_alias FROM domain_lexicon WHERE domain_id = ? AND pinyin_key = ? AND tone_pinyin_key = ? AND enabled = 1 AND length(word) = ? ORDER BY prior_score DESC LIMIT ? /* domainIds=[""bakery"",""coffee"",""food_order"",""medical"",""meeting"",""milk_tea"",""tech_ai"",""tourism_hotel"",""tourism_pickup"",""tourism_route"",""tourism_transport"",""transport""] */","{""pinyin_key"":""ti|gong"",""tone_pinyin_key"":""ti1|gong1"",""length"":2,""limit"":8} || {""domainIds"":[""bakery"",""coffee"",""food_order"",""medical"",""meeting"",""milk_tea"",""tech_ai"",""tourism_hotel"",""tourism_pickup"",""tourism_route"",""tourism_transport"",""transport""],""pinyin_key"":""ti|gong"",""tone_pinyin_key"":""ti1|gong1"",""length"":2,""limit"":8}",0,,ti1|gong1,0,,2
snack-01,提供饮,,,ti|gong|yin,ti1|gong1|yin1,"[1,1,1]",ready,PLAIN_AND_TONE_COMPOSITE,"SELECT id, pinyin_key, tone_pinyin_key, word, normalized, prior_score, repair_target, enabled, aliases, source, canonical_word, is_alias FROM base_lexicon WHERE pinyin_key = ? AND tone_pinyin_key = ? AND enabled = 1 AND length(word) = ? ORDER BY prior_score DESC LIMIT ? || SELECT id, domain_id, pinyin_key, tone_pinyin_key, word, normalized, prior_score, repair_target, enabled, aliases, source, canonical_word, is_alias FROM domain_lexicon WHERE domain_id = ? AND pinyin_key = ? AND tone_pinyin_key = ? AND enabled = 1 AND length(word) = ? ORDER BY prior_score DESC LIMIT ? /* domainIds=[""bakery"",""coffee"",""food_order"",""medical"",""meeting"",""milk_tea"",""tech_ai"",""tourism_hotel"",""tourism_pickup"",""tourism_route"",""tourism_transport"",""transport""] */","{""pinyin_key"":""ti|gong|yin"",""tone_pinyin_key"":""ti1|gong1|yin1"",""length"":3,""limit"":8} || {""domainIds"":[""bakery"",""coffee"",""food_order"",""medical"",""meeting"",""milk_tea"",""tech_ai"",""tourism_hotel"",""tourism_pickup"",""tourism_route"",""tourism_transport"",""transport""],""pinyin_key"":""ti|gong|yin"",""tone_pinyin_key"":""ti1|gong1|yin1"",""length"":3,""limit"":8}",0,,ti1|gong1|yin1,0,,2
snack-01,提供饮料,,,ti|gong|yin|liao,ti1|gong1|yin1|liao1,"[1,1,1,1]",ready,PLAIN_AND_TONE_COMPOSITE,"SELECT id, pinyin_key, tone_pinyin_key, word, normalized, prior_score, repair_target, enabled, aliases, source, canonical_word, is_alias FROM base_lexicon WHERE pinyin_key = ? AND tone_pinyin_key = ? AND enabled = 1 AND length(word) = ? ORDER BY prior_score DESC LIMIT ? || SELECT id, domain_id, pinyin_key, tone_pinyin_key, word, normalized, prior_score, repair_target, enabled, aliases, source, canonical_word, is_alias FROM domain_lexicon WHERE domain_id = ? AND pinyin_key = ? AND tone_pinyin_key = ? AND enabled = 1 AND length(word) = ? ORDER BY prior_score DESC LIMIT ? /* domainIds=[""bakery"",""coffee"",""food_order"",""medical"",""meeting"",""milk_tea"",""tech_ai"",""tourism_hotel"",""tourism_pickup"",""tourism_route"",""tourism_transport"",""transport""] */","{""pinyin_key"":""ti|gong|yin|liao"",""tone_pinyin_key"":""ti1|gong1|yin1|liao1"",""length"":4,""limit"":8} || {""domainIds"":[""bakery"",""coffee"",""food_order"",""medical"",""meeting"",""milk_tea"",""tech_ai"",""tourism_hotel"",""tourism_pickup"",""tourism_route"",""tourism_transport"",""transport""],""pinyin_key"":""ti|gong|yin|liao"",""tone_pinyin_key"":""ti1|gong1|yin1|liao1"",""length"":4,""limit"":8}",0,,ti1|gong1|yin1|liao1,0,,2
snack-01,提供饮料和,,,ti|gong|yin|liao|he,ti1|gong1|yin1|liao1|he1,"[1,1,1,1,1]",ready,PLAIN_AND_TONE_COMPOSITE,"SELECT id, pinyin_key, tone_pinyin_key, word, normalized, prior_score, repair_target, enabled, aliases, source, canonical_word, is_alias FROM base_lexicon WHERE pinyin_key = ? AND tone_pinyin_key = ? AND enabled = 1 AND length(word) = ? ORDER BY prior_score DESC LIMIT ? || SELECT id, domain_id, pinyin_key, tone_pinyin_key, word, normalized, prior_score, repair_target, enabled, aliases, source, canonical_word, is_alias FROM domain_lexicon WHERE domain_id = ? AND pinyin_key = ? AND tone_pinyin_key = ? AND enabled = 1 AND length(word) = ? ORDER BY prior_score DESC LIMIT ? /* domainIds=[""bakery"",""coffee"",""food_order"",""medical"",""meeting"",""milk_tea"",""tech_ai"",""tourism_hotel"",""tourism_pickup"",""tourism_route"",""tourism_transport"",""transport""] */","{""pinyin_key"":""ti|gong|yin|liao|he"",""tone_pinyin_key"":""ti1|gong1|yin1|liao1|he1"",""length"":5,""limit"":8} || {""domainIds"":[""bakery"",""coffee"",""food_order"",""medical"",""meeting"",""milk_tea"",""tech_ai"",""tourism_hotel"",""tourism_pickup"",""tourism_route"",""tourism_transport"",""transport""],""pinyin_key"":""ti|gong|yin|liao|he"",""tone_pinyin_key"":""ti1|gong1|yin1|liao1|he1"",""length"":5,""limit"":8}",0,,ti1|gong1|yin1|liao1|he1,0,,2
snack-01,供,,,gong,gong1,[1],ready,PLAIN_AND_TONE_COMPOSITE,"SELECT id, pinyin_key, tone_pinyin_key, word, normalized, prior_score, repair_target, enabled, aliases, source, canonical_word, is_alias FROM base_lexicon WHERE pinyin_key = ? AND tone_pinyin_key = ? AND enabled = 1 AND length(word) = ? ORDER BY prior_score DESC LIMIT ? || SELECT id, pinyin_key, tone_pinyin_key, word, normalized, prior_score, repair_target, enabled, aliases, source, canonical_word, is_alias FROM base_lexicon WHERE pinyin_key = ? AND tone_pinyin_key = ? AND word = ? AND enabled = 1 AND length(word) = ? LIMIT ?","{""pinyin_key"":""gong"",""tone_pinyin_key"":""gong1"",""length"":1,""limit"":8} || {""pinyin_key"":""gong"",""tone_pinyin_key"":""gong1"",""word"":""供"",""length"":1,""limit"":2}",0,,gong1,0,,2
snack-01,供饮,,,gong|yin,gong1|yin1,"[1,1]",ready,PLAIN_AND_TONE_COMPOSITE,"SELECT id, pinyin_key, tone_pinyin_key, word, normalized, prior_score, repair_target, enabled, aliases, source, canonical_word, is_alias FROM base_lexicon WHERE pinyin_key = ? AND tone_pinyin_key = ? AND enabled = 1 AND length(word) = ? ORDER BY prior_score DESC LIMIT ? || SELECT id, domain_id, pinyin_key, tone_pinyin_key, word, normalized, prior_score, repair_target, enabled, aliases, source, canonical_word, is_alias FROM domain_lexicon WHERE domain_id = ? AND pinyin_key = ? AND tone_pinyin_key = ? AND enabled = 1 AND length(word) = ? ORDER BY prior_score DESC LIMIT ? /* domainIds=[""bakery"",""coffee"",""food_order"",""medical"",""meeting"",""milk_tea"",""tech_ai"",""tourism_hotel"",""tourism_pickup"",""tourism_route"",""tourism_transport"",""transport""] */","{""pinyin_key"":""gong|yin"",""tone_pinyin_key"":""gong1|yin1"",""length"":2,""limit"":8} || {""domainIds"":[""bakery"",""coffee"",""food_order"",""medical"",""meeting"",""milk_tea"",""tech_ai"",""tourism_hotel"",""tourism_pickup"",""tourism_route"",""tourism_transport"",""transport""],""pinyin_key"":""gong|yin"",""tone_pinyin_key"":""gong1|yin1"",""length"":2,""limit"":8}",0,,gong1|yin1,0,,2
snack-01,供饮料,,,gong|yin|liao,gong1|yin1|liao1,"[1,1,1]",ready,PLAIN_AND_TONE_COMPOSITE,"SELECT id, pinyin_key, tone_pinyin_key, word, normalized, prior_score, repair_target, enabled, aliases, source, canonical_word, is_alias FROM base_lexicon WHERE pinyin_key = ? AND tone_pinyin_key = ? AND enabled = 1 AND length(word) = ? ORDER BY prior_score DESC LIMIT ? || SELECT id, domain_id, pinyin_key, tone_pinyin_key, word, normalized, prior_score, repair_target, enabled, aliases, source, canonical_word, is_alias FROM domain_lexicon WHERE domain_id = ? AND pinyin_key = ? AND tone_pinyin_key = ? AND enabled = 1 AND length(word) = ? ORDER BY prior_score DESC LIMIT ? /* domainIds=[""bakery"",""coffee"",""food_order"",""medical"",""meeting"",""milk_tea"",""tech_ai"",""tourism_hotel"",""tourism_pickup"",""tourism_route"",""tourism_transport"",""transport""] */","{""pinyin_key"":""gong|yin|liao"",""tone_pinyin_key"":""gong1|yin1|liao1"",""length"":3,""limit"":8} || {""domainIds"":[""bakery"",""coffee"",""food_order"",""medical"",""meeting"",""milk_tea"",""tech_ai"",""tourism_hotel"",""tourism_pickup"",""tourism_route"",""tourism_transport"",""transport""],""pinyin_key"":""gong|yin|liao"",""tone_pinyin_key"":""gong1|yin1|liao1"",""length"":3,""limit"":8}",0,,gong1|yin1|liao1,0,,2
snack-01,供饮料和,,,gong|yin|liao|he,gong1|yin1|liao1|he1,"[1,1,1,1]",ready,PLAIN_AND_TONE_COMPOSITE,"SELECT id, pinyin_key, tone_pinyin_key, word, normalized, prior_score, repair_target, enabled, aliases, source, canonical_word, is_alias FROM base_lexicon WHERE pinyin_key = ? AND tone_pinyin_key = ? AND enabled = 1 AND length(word) = ? ORDER BY prior_score DESC LIMIT ? || SELECT id, domain_id, pinyin_key, tone_pinyin_key, word, normalized, prior_score, repair_target, enabled, aliases, source, canonical_word, is_alias FROM domain_lexicon WHERE domain_id = ? AND pinyin_key = ? AND tone_pinyin_key = ? AND enabled = 1 AND length(word) = ? ORDER BY prior_score DESC LIMIT ? /* domainIds=[""bakery"",""coffee"",""food_order"",""medical"",""meeting"",""milk_tea"",""tech_ai"",""tourism_hotel"",""tourism_pickup"",""tourism_route"",""tourism_transport"",""transport""] */","{""pinyin_key"":""gong|yin|liao|he"",""tone_pinyin_key"":""gong1|yin1|liao1|he1"",""length"":4,""limit"":8} || {""domainIds"":[""bakery"",""coffee"",""food_order"",""medical"",""meeting"",""milk_tea"",""tech_ai"",""tourism_hotel"",""tourism_pickup"",""tourism_route"",""tourism_transport"",""transport""],""pinyin_key"":""gong|yin|liao|he"",""tone_pinyin_key"":""gong1|yin1|liao1|he1"",""length"":4,""limit"":8}",0,,gong1|yin1|liao1|he1,0,,2
snack-01,供饮料和消,,,gong|yin|liao|he|xiao,gong1|yin1|liao1|he1|xiao1,"[1,1,1,1,1]",ready,PLAIN_AND_TONE_COMPOSITE,"SELECT id, pinyin_key, tone_pinyin_key, word, normalized, prior_score, repair_target, enabled, aliases, source, canonical_word, is_alias FROM base_lexicon WHERE pinyin_key = ? AND tone_pinyin_key = ? AND enabled = 1 AND length(word) = ? ORDER BY prior_score DESC LIMIT ? || SELECT id, domain_id, pinyin_key, tone_pinyin_key, word, normalized, prior_score, repair_target, enabled, aliases, source, canonical_word, is_alias FROM domain_lexicon WHERE domain_id = ? AND pinyin_key = ? AND tone_pinyin_key = ? AND enabled = 1 AND length(word) = ? ORDER BY prior_score DESC LIMIT ? /* domainIds=[""bakery"",""coffee"",""food_order"",""medical"",""meeting"",""milk_tea"",""tech_ai"",""tourism_hotel"",""tourism_pickup"",""tourism_route"",""tourism_transport"",""transport""] */","{""pinyin_key"":""gong|yin|liao|he|xiao"",""tone_pinyin_key"":""gong1|yin1|liao1|he1|xiao1"",""length"":5,""limit"":8} || {""domainIds"":[""bakery"",""coffee"",""food_order"",""medical"",""meeting"",""milk_tea"",""tech_ai"",""tourism_hotel"",""tourism_pickup"",""tourism_route"",""tourism_transport"",""transport""],""pinyin_key"":""gong|yin|liao|he|xiao"",""tone_pinyin_key"":""gong1|yin1|liao1|he1|xiao1"",""length"":5,""limit"":8}",0,,gong1|yin1|liao1|he1|xiao1,0,,2
snack-01,饮,,,yin,yin1,[1],ready,PLAIN_AND_TONE_COMPOSITE,"SELECT id, pinyin_key, tone_pinyin_key, word, normalized, prior_score, repair_target, enabled, aliases, source, canonical_word, is_alias FROM base_lexicon WHERE pinyin_key = ? AND tone_pinyin_key = ? AND enabled = 1 AND length(word) = ? ORDER BY prior_score DESC LIMIT ? || SELECT id, pinyin_key, tone_pinyin_key, word, normalized, prior_score, repair_target, enabled, aliases, source, canonical_word, is_alias FROM base_lexicon WHERE pinyin_key = ? AND tone_pinyin_key = ? AND word = ? AND enabled = 1 AND length(word) = ? LIMIT ?","{""pinyin_key"":""yin"",""tone_pinyin_key"":""yin1"",""length"":1,""limit"":8} || {""pinyin_key"":""yin"",""tone_pinyin_key"":""yin1"",""word"":""饮"",""length"":1,""limit"":2}",0,,yin1,0,,2
snack-01,饮料,,,yin|liao,yin1|liao1,"[1,1]",ready,PLAIN_AND_TONE_COMPOSITE,"SELECT id, pinyin_key, tone_pinyin_key, word, normalized, prior_score, repair_target, enabled, aliases, source, canonical_word, is_alias FROM base_lexicon WHERE pinyin_key = ? AND tone_pinyin_key = ? AND enabled = 1 AND length(word) = ? ORDER BY prior_score DESC LIMIT ? || SELECT id, domain_id, pinyin_key, tone_pinyin_key, word, normalized, prior_score, repair_target, enabled, aliases, source, canonical_word, is_alias FROM domain_lexicon WHERE domain_id = ? AND pinyin_key = ? AND tone_pinyin_key = ? AND enabled = 1 AND length(word) = ? ORDER BY prior_score DESC LIMIT ? /* domainIds=[""bakery"",""coffee"",""food_order"",""medical"",""meeting"",""milk_tea"",""tech_ai"",""tourism_hotel"",""tourism_pickup"",""tourism_route"",""tourism_transport"",""transport""] */","{""pinyin_key"":""yin|liao"",""tone_pinyin_key"":""yin1|liao1"",""length"":2,""limit"":8} || {""domainIds"":[""bakery"",""coffee"",""food_order"",""medical"",""meeting"",""milk_tea"",""tech_ai"",""tourism_hotel"",""tourism_pickup"",""tourism_route"",""tourism_transport"",""transport""],""pinyin_key"":""yin|liao"",""tone_pinyin_key"":""yin1|liao1"",""length"":2,""limit"":8}",0,,yin1|liao1,0,,2
snack-01,饮料和,,,yin|liao|he,yin1|liao1|he1,"[1,1,1]",ready,PLAIN_AND_TONE_COMPOSITE,"SELECT id, pinyin_key, tone_pinyin_key, word, normalized, prior_score, repair_target, enabled, aliases, source, canonical_word, is_alias FROM base_lexicon WHERE pinyin_key = ? AND tone_pinyin_key = ? AND enabled = 1 AND length(word) = ? ORDER BY prior_score DESC LIMIT ? || SELECT id, domain_id, pinyin_key, tone_pinyin_key, word, normalized, prior_score, repair_target, enabled, aliases, source, canonical_word, is_alias FROM domain_lexicon WHERE domain_id = ? AND pinyin_key = ? AND tone_pinyin_key = ? AND enabled = 1 AND length(word) = ? ORDER BY prior_score DESC LIMIT ? /* domainIds=[""bakery"",""coffee"",""food_order"",""medical"",""meeting"",""milk_tea"",""tech_ai"",""tourism_hotel"",""tourism_pickup"",""tourism_route"",""tourism_transport"",""transport""] */","{""pinyin_key"":""yin|liao|he"",""tone_pinyin_key"":""yin1|liao1|he1"",""length"":3,""limit"":8} || {""domainIds"":[""bakery"",""coffee"",""food_order"",""medical"",""meeting"",""milk_tea"",""tech_ai"",""tourism_hotel"",""tourism_pickup"",""tourism_route"",""tourism_transport"",""transport""],""pinyin_key"":""yin|liao|he"",""tone_pinyin_key"":""yin1|liao1|he1"",""length"":3,""limit"":8}",0,,yin1|liao1|he1,0,,2
snack-01,饮料和消,,,yin|liao|he|xiao,yin1|liao1|he1|xiao1,"[1,1,1,1]",ready,PLAIN_AND_TONE_COMPOSITE,"SELECT id, pinyin_key, tone_pinyin_key, word, normalized, prior_score, repair_target, enabled, aliases, source, canonical_word, is_alias FROM base_lexicon WHERE pinyin_key = ? AND tone_pinyin_key = ? AND enabled = 1 AND length(word) = ? ORDER BY prior_score DESC LIMIT ? || SELECT id, domain_id, pinyin_key, tone_pinyin_key, word, normalized, prior_score, repair_target, enabled, aliases, source, canonical_word, is_alias FROM domain_lexicon WHERE domain_id = ? AND pinyin_key = ? AND tone_pinyin_key = ? AND enabled = 1 AND length(word) = ? ORDER BY prior_score DESC LIMIT ? /* domainIds=[""bakery"",""coffee"",""food_order"",""medical"",""meeting"",""milk_tea"",""tech_ai"",""tourism_hotel"",""tourism_pickup"",""tourism_route"",""tourism_transport"",""transport""] */","{""pinyin_key"":""yin|liao|he|xiao"",""tone_pinyin_key"":""yin1|liao1|he1|xiao1"",""length"":4,""limit"":8} || {""domainIds"":[""bakery"",""coffee"",""food_order"",""medical"",""meeting"",""milk_tea"",""tech_ai"",""tourism_hotel"",""tourism_pickup"",""tourism_route"",""tourism_transport"",""transport""],""pinyin_key"":""yin|liao|he|xiao"",""tone_pinyin_key"":""yin1|liao1|he1|xiao1"",""length"":4,""limit"":8}",0,,yin1|liao1|he1|xiao1,0,,2
snack-01,饮料和消失,,,yin|liao|he|xiao|shi,yin1|liao1|he1|xiao1|shi1,"[1,1,1,1,1]",ready,PLAIN_AND_TONE_COMPOSITE,"SELECT id, pinyin_key, tone_pinyin_key, word, normalized, prior_score, repair_target, enabled, aliases, source, canonical_word, is_alias FROM base_lexicon WHERE pinyin_key = ? AND tone_pinyin_key = ? AND enabled = 1 AND length(word) = ? ORDER BY prior_score DESC LIMIT ? || SELECT id, domain_id, pinyin_key, tone_pinyin_key, word, normalized, prior_score, repair_target, enabled, aliases, source, canonical_word, is_alias FROM domain_lexicon WHERE domain_id = ? AND pinyin_key = ? AND tone_pinyin_key = ? AND enabled = 1 AND length(word) = ? ORDER BY prior_score DESC LIMIT ? /* domainIds=[""bakery"",""coffee"",""food_order"",""medical"",""meeting"",""milk_tea"",""tech_ai"",""tourism_hotel"",""tourism_pickup"",""tourism_route"",""tourism_transport"",""transport""] */","{""pinyin_key"":""yin|liao|he|xiao|shi"",""tone_pinyin_key"":""yin1|liao1|he1|xiao1|shi1"",""length"":5,""limit"":8} || {""domainIds"":[""bakery"",""coffee"",""food_order"",""medical"",""meeting"",""milk_tea"",""tech_ai"",""tourism_hotel"",""tourism_pickup"",""tourism_route"",""tourism_transport"",""transport""],""pinyin_key"":""yin|liao|he|xiao|shi"",""tone_pinyin_key"":""yin1|liao1|he1|xiao1|shi1"",""length"":5,""limit"":8}",0,,yin1|liao1|he1|xiao1|shi1,0,,2
snack-01,料,,,liao,liao1,[1],ready,PLAIN_AND_TONE_COMPOSITE,"SELECT id, pinyin_key, tone_pinyin_key, word, normalized, prior_score, repair_target, enabled, aliases, source, canonical_word, is_alias FROM base_lexicon WHERE pinyin_key = ? AND tone_pinyin_key = ? AND enabled = 1 AND length(word) = ? ORDER BY prior_score DESC LIMIT ? || SELECT id, pinyin_key, tone_pinyin_key, word, normalized, prior_score, repair_target, enabled, aliases, source, canonical_word, is_alias FROM base_lexicon WHERE pinyin_key = ? AND tone_pinyin_key = ? AND word = ? AND enabled = 1 AND length(word) = ? LIMIT ?","{""pinyin_key"":""liao"",""tone_pinyin_key"":""liao1"",""length"":1,""limit"":8} || {""pinyin_key"":""liao"",""tone_pinyin_key"":""liao1"",""word"":""料"",""length"":1,""limit"":2}",0,,liao1,0,,2
snack-01,料和,,,liao|he,liao1|he1,"[1,1]",ready,PLAIN_AND_TONE_COMPOSITE,"SELECT id, pinyin_key, tone_pinyin_key, word, normalized, prior_score, repair_target, enabled, aliases, source, canonical_word, is_alias FROM base_lexicon WHERE pinyin_key = ? AND tone_pinyin_key = ? AND enabled = 1 AND length(word) = ? ORDER BY prior_score DESC LIMIT ? || SELECT id, domain_id, pinyin_key, tone_pinyin_key, word, normalized, prior_score, repair_target, enabled, aliases, source, canonical_word, is_alias FROM domain_lexicon WHERE domain_id = ? AND pinyin_key = ? AND tone_pinyin_key = ? AND enabled = 1 AND length(word) = ? ORDER BY prior_score DESC LIMIT ? /* domainIds=[""bakery"",""coffee"",""food_order"",""medical"",""meeting"",""milk_tea"",""tech_ai"",""tourism_hotel"",""tourism_pickup"",""tourism_route"",""tourism_transport"",""transport""] */","{""pinyin_key"":""liao|he"",""tone_pinyin_key"":""liao1|he1"",""length"":2,""limit"":8} || {""domainIds"":[""bakery"",""coffee"",""food_order"",""medical"",""meeting"",""milk_tea"",""tech_ai"",""tourism_hotel"",""tourism_pickup"",""tourism_route"",""tourism_transport"",""transport""],""pinyin_key"":""liao|he"",""tone_pinyin_key"":""liao1|he1"",""length"":2,""limit"":8}",0,,liao1|he1,0,,2
snack-01,料和消,,,liao|he|xiao,liao1|he1|xiao1,"[1,1,1]",ready,PLAIN_AND_TONE_COMPOSITE,"SELECT id, pinyin_key, tone_pinyin_key, word, normalized, prior_score, repair_target, enabled, aliases, source, canonical_word, is_alias FROM base_lexicon WHERE pinyin_key = ? AND tone_pinyin_key = ? AND enabled = 1 AND length(word) = ? ORDER BY prior_score DESC LIMIT ? || SELECT id, domain_id, pinyin_key, tone_pinyin_key, word, normalized, prior_score, repair_target, enabled, aliases, source, canonical_word, is_alias FROM domain_lexicon WHERE domain_id = ? AND pinyin_key = ? AND tone_pinyin_key = ? AND enabled = 1 AND length(word) = ? ORDER BY prior_score DESC LIMIT ? /* domainIds=[""bakery"",""coffee"",""food_order"",""medical"",""meeting"",""milk_tea"",""tech_ai"",""tourism_hotel"",""tourism_pickup"",""tourism_route"",""tourism_transport"",""transport""] */","{""pinyin_key"":""liao|he|xiao"",""tone_pinyin_key"":""liao1|he1|xiao1"",""length"":3,""limit"":8} || {""domainIds"":[""bakery"",""coffee"",""food_order"",""medical"",""meeting"",""milk_tea"",""tech_ai"",""tourism_hotel"",""tourism_pickup"",""tourism_route"",""tourism_transport"",""transport""],""pinyin_key"":""liao|he|xiao"",""tone_pinyin_key"":""liao1|he1|xiao1"",""length"":3,""limit"":8}",0,,liao1|he1|xiao1,0,,2
snack-01,料和消失,,,liao|he|xiao|shi,liao1|he1|xiao1|shi1,"[1,1,1,1]",ready,PLAIN_AND_TONE_COMPOSITE,"SELECT id, pinyin_key, tone_pinyin_key, word, normalized, prior_score, repair_target, enabled, aliases, source, canonical_word, is_alias FROM base_lexicon WHERE pinyin_key = ? AND tone_pinyin_key = ? AND enabled = 1 AND length(word) = ? ORDER BY prior_score DESC LIMIT ? || SELECT id, domain_id, pinyin_key, tone_pinyin_key, word, normalized, prior_score, repair_target, enabled, aliases, source, canonical_word, is_alias FROM domain_lexicon WHERE domain_id = ? AND pinyin_key = ? AND tone_pinyin_key = ? AND enabled = 1 AND length(word) = ? ORDER BY prior_score DESC LIMIT ? /* domainIds=[""bakery"",""coffee"",""food_order"",""medical"",""meeting"",""milk_tea"",""tech_ai"",""tourism_hotel"",""tourism_pickup"",""tourism_route"",""tourism_transport"",""transport""] */","{""pinyin_key"":""liao|he|xiao|shi"",""tone_pinyin_key"":""liao1|he1|xiao1|shi1"",""length"":4,""limit"":8} || {""domainIds"":[""bakery"",""coffee"",""food_order"",""medical"",""meeting"",""milk_tea"",""tech_ai"",""tourism_hotel"",""tourism_pickup"",""tourism_route"",""tourism_transport"",""transport""],""pinyin_key"":""liao|he|xiao|shi"",""tone_pinyin_key"":""liao1|he1|xiao1|shi1"",""length"":4,""limit"":8}",0,,liao1|he1|xiao1|shi1,0,,2
snack-01,和,,,he,he1,[1],ready,PLAIN_AND_TONE_COMPOSITE,"SELECT id, pinyin_key, tone_pinyin_key, word, normalized, prior_score, repair_target, enabled, aliases, source, canonical_word, is_alias FROM base_lexicon WHERE pinyin_key = ? AND tone_pinyin_key = ? AND enabled = 1 AND length(word) = ? ORDER BY prior_score DESC LIMIT ? || SELECT id, pinyin_key, tone_pinyin_key, word, normalized, prior_score, repair_target, enabled, aliases, source, canonical_word, is_alias FROM base_lexicon WHERE pinyin_key = ? AND tone_pinyin_key = ? AND word = ? AND enabled = 1 AND length(word) = ? LIMIT ?","{""pinyin_key"":""he"",""tone_pinyin_key"":""he1"",""length"":1,""limit"":8} || {""pinyin_key"":""he"",""tone_pinyin_key"":""he1"",""word"":""和"",""length"":1,""limit"":2}",0,,he1,0,,2
snack-01,和消,,,he|xiao,he1|xiao1,"[1,1]",ready,PLAIN_AND_TONE_COMPOSITE,"SELECT id, pinyin_key, tone_pinyin_key, word, normalized, prior_score, repair_target, enabled, aliases, source, canonical_word, is_alias FROM base_lexicon WHERE pinyin_key = ? AND tone_pinyin_key = ? AND enabled = 1 AND length(word) = ? ORDER BY prior_score DESC LIMIT ? || SELECT id, domain_id, pinyin_key, tone_pinyin_key, word, normalized, prior_score, repair_target, enabled, aliases, source, canonical_word, is_alias FROM domain_lexicon WHERE domain_id = ? AND pinyin_key = ? AND tone_pinyin_key = ? AND enabled = 1 AND length(word) = ? ORDER BY prior_score DESC LIMIT ? /* domainIds=[""bakery"",""coffee"",""food_order"",""medical"",""meeting"",""milk_tea"",""tech_ai"",""tourism_hotel"",""tourism_pickup"",""tourism_route"",""tourism_transport"",""transport""] */","{""pinyin_key"":""he|xiao"",""tone_pinyin_key"":""he1|xiao1"",""length"":2,""limit"":8} || {""domainIds"":[""bakery"",""coffee"",""food_order"",""medical"",""meeting"",""milk_tea"",""tech_ai"",""tourism_hotel"",""tourism_pickup"",""tourism_route"",""tourism_transport"",""transport""],""pinyin_key"":""he|xiao"",""tone_pinyin_key"":""he1|xiao1"",""length"":2,""limit"":8}",0,,he1|xiao1,0,,2
snack-01,和消失,,,he|xiao|shi,he1|xiao1|shi1,"[1,1,1]",ready,PLAIN_AND_TONE_COMPOSITE,"SELECT id, pinyin_key, tone_pinyin_key, word, normalized, prior_score, repair_target, enabled, aliases, source, canonical_word, is_alias FROM base_lexicon WHERE pinyin_key = ? AND tone_pinyin_key = ? AND enabled = 1 AND length(word) = ? ORDER BY prior_score DESC LIMIT ? || SELECT id, domain_id, pinyin_key, tone_pinyin_key, word, normalized, prior_score, repair_target, enabled, aliases, source, canonical_word, is_alias FROM domain_lexicon WHERE domain_id = ? AND pinyin_key = ? AND tone_pinyin_key = ? AND enabled = 1 AND length(word) = ? ORDER BY prior_score DESC LIMIT ? /* domainIds=[""bakery"",""coffee"",""food_order"",""medical"",""meeting"",""milk_tea"",""tech_ai"",""tourism_hotel"",""tourism_pickup"",""tourism_route"",""tourism_transport"",""transport""] */","{""pinyin_key"":""he|xiao|shi"",""tone_pinyin_key"":""he1|xiao1|shi1"",""length"":3,""limit"":8} || {""domainIds"":[""bakery"",""coffee"",""food_order"",""medical"",""meeting"",""milk_tea"",""tech_ai"",""tourism_hotel"",""tourism_pickup"",""tourism_route"",""tourism_transport"",""transport""],""pinyin_key"":""he|xiao|shi"",""tone_pinyin_key"":""he1|xiao1|shi1"",""length"":3,""limit"":8}",0,,he1|xiao1|shi1,0,,2
snack-01,消,,,xiao,xiao1,[1],ready,PLAIN_AND_TONE_COMPOSITE,"SELECT id, pinyin_key, tone_pinyin_key, word, normalized, prior_score, repair_target, enabled, aliases, source, canonical_word, is_alias FROM base_lexicon WHERE pinyin_key = ? AND tone_pinyin_key = ? AND enabled = 1 AND length(word) = ? ORDER BY prior_score DESC LIMIT ? || SELECT id, pinyin_key, tone_pinyin_key, word, normalized, prior_score, repair_target, enabled, aliases, source, canonical_word, is_alias FROM base_lexicon WHERE pinyin_key = ? AND tone_pinyin_key = ? AND word = ? AND enabled = 1 AND length(word) = ? LIMIT ?","{""pinyin_key"":""xiao"",""tone_pinyin_key"":""xiao1"",""length"":1,""limit"":8} || {""pinyin_key"":""xiao"",""tone_pinyin_key"":""xiao1"",""word"":""消"",""length"":1,""limit"":2}",0,,xiao1,0,,2
snack-01,消失,,,xiao|shi,xiao1|shi1,"[1,1]",ready,PLAIN_AND_TONE_COMPOSITE,"SELECT id, pinyin_key, tone_pinyin_key, word, normalized, prior_score, repair_target, enabled, aliases, source, canonical_word, is_alias FROM base_lexicon WHERE pinyin_key = ? AND tone_pinyin_key = ? AND enabled = 1 AND length(word) = ? ORDER BY prior_score DESC LIMIT ? || SELECT id, domain_id, pinyin_key, tone_pinyin_key, word, normalized, prior_score, repair_target, enabled, aliases, source, canonical_word, is_alias FROM domain_lexicon WHERE domain_id = ? AND pinyin_key = ? AND tone_pinyin_key = ? AND enabled = 1 AND length(word) = ? ORDER BY prior_score DESC LIMIT ? /* domainIds=[""bakery"",""coffee"",""food_order"",""medical"",""meeting"",""milk_tea"",""tech_ai"",""tourism_hotel"",""tourism_pickup"",""tourism_route"",""tourism_transport"",""transport""] */","{""pinyin_key"":""xiao|shi"",""tone_pinyin_key"":""xiao1|shi1"",""length"":2,""limit"":8} || {""domainIds"":[""bakery"",""coffee"",""food_order"",""medical"",""meeting"",""milk_tea"",""tech_ai"",""tourism_hotel"",""tourism_pickup"",""tourism_route"",""tourism_transport"",""transport""],""pinyin_key"":""xiao|shi"",""tone_pinyin_key"":""xiao1|shi1"",""length"":2,""limit"":8}",1,消失,xiao1|shi1,1,,2
snack-01,失,,,shi,shi1,[1],ready,PLAIN_AND_TONE_COMPOSITE,"SELECT id, pinyin_key, tone_pinyin_key, word, normalized, prior_score, repair_target, enabled, aliases, source, canonical_word, is_alias FROM base_lexicon WHERE pinyin_key = ? AND tone_pinyin_key = ? AND enabled = 1 AND length(word) = ? ORDER BY prior_score DESC LIMIT ? || SELECT id, pinyin_key, tone_pinyin_key, word, normalized, prior_score, repair_target, enabled, aliases, source, canonical_word, is_alias FROM base_lexicon WHERE pinyin_key = ? AND tone_pinyin_key = ? AND word = ? AND enabled = 1 AND length(word) = ? LIMIT ?","{""pinyin_key"":""shi"",""tone_pinyin_key"":""shi1"",""length"":1,""limit"":8} || {""pinyin_key"":""shi"",""tone_pinyin_key"":""shi1"",""word"":""失"",""length"":1,""limit"":2}",0,,shi1,0,,2
snack-01,消失,12,14,xiao|shi,xiao1|shi1,"[1,1]",ready,PLAIN_AND_TONE_COMPOSITE,"SELECT id, pinyin_key, tone_pinyin_key, word, normalized, prior_score, repair_target, enabled, aliases, source, canonical_word, is_alias FROM base_lexicon WHERE pinyin_key = ? AND tone_pinyin_key = ? AND enabled = 1 AND length(word) = ? ORDER BY prior_score DESC LIMIT ? || SELECT id, domain_id, pinyin_key, tone_pinyin_key, word, normalized, prior_score, repair_target, enabled, aliases, source, canonical_word, is_alias FROM domain_lexicon WHERE domain_id = ? AND pinyin_key = ? AND tone_pinyin_key = ? AND enabled = 1 AND length(word) = ? ORDER BY prior_score DESC LIMIT ? /* domainIds=[""bakery"",""coffee"",""food_order"",""medical"",""meeting"",""milk_tea"",""tech_ai"",""tourism_hotel"",""tourism_pickup"",""tourism_route"",""tourism_transport"",""transport""] */","{""pinyin_key"":""xiao|shi"",""tone_pinyin_key"":""xiao1|shi1"",""length"":2,""limit"":8} || {""domainIds"":[""bakery"",""coffee"",""food_order"",""medical"",""meeting"",""milk_tea"",""tech_ai"",""tourism_hotel"",""tourism_pickup"",""tourism_route"",""tourism_transport"",""transport""],""pinyin_key"":""xiao|shi"",""tone_pinyin_key"":""xiao1|shi1"",""length"":2,""limit"":8}",1,消失,xiao1|shi1,1,,2
snack-01:CORRECT_SELF_KEY,小食,,,xiao|shi,xiao3|shi2,"[3,2]",ready,PLAIN_AND_TONE_COMPOSITE,"SELECT id, pinyin_key, tone_pinyin_key, word, normalized, prior_score, repair_target, enabled, aliases, source, canonical_word, is_alias FROM base_lexicon WHERE pinyin_key = ? AND tone_pinyin_key = ? AND enabled = 1 AND length(word) = ? ORDER BY prior_score DESC LIMIT ? || SELECT id, domain_id, pinyin_key, tone_pinyin_key, word, normalized, prior_score, repair_target, enabled, aliases, source, canonical_word, is_alias FROM domain_lexicon WHERE domain_id = ? AND pinyin_key = ? AND tone_pinyin_key = ? AND enabled = 1 AND length(word) = ? ORDER BY prior_score DESC LIMIT ? /* domainIds=[""bakery"",""coffee"",""food_order"",""medical"",""meeting"",""milk_tea"",""tech_ai"",""tourism_hotel"",""tourism_pickup"",""tourism_route"",""tourism_transport"",""transport""] */","{""pinyin_key"":""xiao|shi"",""tone_pinyin_key"":""xiao3|shi2"",""length"":2,""limit"":""cfg""} || {""domainIds"":[""bakery"",""coffee"",""food_order"",""medical"",""meeting"",""milk_tea"",""tech_ai"",""tourism_hotel"",""tourism_pickup"",""tourism_route"",""tourism_transport"",""transport""],""pinyin_key"":""xiao|shi"",""tone_pinyin_key"":""xiao3|shi2"",""length"":2,""limit"":""cfg""}",2,小食|小时,xiao3|shi2,2,,2
sync-01,回,,,hui,hui1,[1],ready,PLAIN_AND_TONE_COMPOSITE,"SELECT id, pinyin_key, tone_pinyin_key, word, normalized, prior_score, repair_target, enabled, aliases, source, canonical_word, is_alias FROM base_lexicon WHERE pinyin_key = ? AND tone_pinyin_key = ? AND enabled = 1 AND length(word) = ? ORDER BY prior_score DESC LIMIT ? || SELECT id, pinyin_key, tone_pinyin_key, word, normalized, prior_score, repair_target, enabled, aliases, source, canonical_word, is_alias FROM base_lexicon WHERE pinyin_key = ? AND tone_pinyin_key = ? AND word = ? AND enabled = 1 AND length(word) = ? LIMIT ?","{""pinyin_key"":""hui"",""tone_pinyin_key"":""hui1"",""length"":1,""limit"":8} || {""pinyin_key"":""hui"",""tone_pinyin_key"":""hui1"",""word"":""回"",""length"":1,""limit"":2}",0,,hui1,0,,2
sync-01,回归,,,hui|gui,hui1|gui1,"[1,1]",ready,PLAIN_AND_TONE_COMPOSITE,"SELECT id, pinyin_key, tone_pinyin_key, word, normalized, prior_score, repair_target, enabled, aliases, source, canonical_word, is_alias FROM base_lexicon WHERE pinyin_key = ? AND tone_pinyin_key = ? AND enabled = 1 AND length(word) = ? ORDER BY prior_score DESC LIMIT ? || SELECT id, domain_id, pinyin_key, tone_pinyin_key, word, normalized, prior_score, repair_target, enabled, aliases, source, canonical_word, is_alias FROM domain_lexicon WHERE domain_id = ? AND pinyin_key = ? AND tone_pinyin_key = ? AND enabled = 1 AND length(word) = ? ORDER BY prior_score DESC LIMIT ? /* domainIds=[""bakery"",""coffee"",""food_order"",""medical"",""meeting"",""milk_tea"",""tech_ai"",""tourism_hotel"",""tourism_pickup"",""tourism_route"",""tourism_transport"",""transport""] */","{""pinyin_key"":""hui|gui"",""tone_pinyin_key"":""hui1|gui1"",""length"":2,""limit"":8} || {""domainIds"":[""bakery"",""coffee"",""food_order"",""medical"",""meeting"",""milk_tea"",""tech_ai"",""tourism_hotel"",""tourism_pickup"",""tourism_route"",""tourism_transport"",""transport""],""pinyin_key"":""hui|gui"",""tone_pinyin_key"":""hui1|gui1"",""length"":2,""limit"":8}",0,,hui1|gui1,0,,2
sync-01,回归测,,,hui|gui|ce,hui1|gui1|ce1,"[1,1,1]",ready,PLAIN_AND_TONE_COMPOSITE,"SELECT id, pinyin_key, tone_pinyin_key, word, normalized, prior_score, repair_target, enabled, aliases, source, canonical_word, is_alias FROM base_lexicon WHERE pinyin_key = ? AND tone_pinyin_key = ? AND enabled = 1 AND length(word) = ? ORDER BY prior_score DESC LIMIT ? || SELECT id, domain_id, pinyin_key, tone_pinyin_key, word, normalized, prior_score, repair_target, enabled, aliases, source, canonical_word, is_alias FROM domain_lexicon WHERE domain_id = ? AND pinyin_key = ? AND tone_pinyin_key = ? AND enabled = 1 AND length(word) = ? ORDER BY prior_score DESC LIMIT ? /* domainIds=[""bakery"",""coffee"",""food_order"",""medical"",""meeting"",""milk_tea"",""tech_ai"",""tourism_hotel"",""tourism_pickup"",""tourism_route"",""tourism_transport"",""transport""] */","{""pinyin_key"":""hui|gui|ce"",""tone_pinyin_key"":""hui1|gui1|ce1"",""length"":3,""limit"":8} || {""domainIds"":[""bakery"",""coffee"",""food_order"",""medical"",""meeting"",""milk_tea"",""tech_ai"",""tourism_hotel"",""tourism_pickup"",""tourism_route"",""tourism_transport"",""transport""],""pinyin_key"":""hui|gui|ce"",""tone_pinyin_key"":""hui1|gui1|ce1"",""length"":3,""limit"":8}",0,,hui1|gui1|ce1,0,,2
sync-01,回归测试,,,hui|gui|ce|shi,hui1|gui1|ce1|shi1,"[1,1,1,1]",ready,PLAIN_AND_TONE_COMPOSITE,"SELECT id, pinyin_key, tone_pinyin_key, word, normalized, prior_score, repair_target, enabled, aliases, source, canonical_word, is_alias FROM base_lexicon WHERE pinyin_key = ? AND tone_pinyin_key = ? AND enabled = 1 AND length(word) = ? ORDER BY prior_score DESC LIMIT ? || SELECT id, domain_id, pinyin_key, tone_pinyin_key, word, normalized, prior_score, repair_target, enabled, aliases, source, canonical_word, is_alias FROM domain_lexicon WHERE domain_id = ? AND pinyin_key = ? AND tone_pinyin_key = ? AND enabled = 1 AND length(word) = ? ORDER BY prior_score DESC LIMIT ? /* domainIds=[""bakery"",""coffee"",""food_order"",""medical"",""meeting"",""milk_tea"",""tech_ai"",""tourism_hotel"",""tourism_pickup"",""tourism_route"",""tourism_transport"",""transport""] */","{""pinyin_key"":""hui|gui|ce|shi"",""tone_pinyin_key"":""hui1|gui1|ce1|shi1"",""length"":4,""limit"":8} || {""domainIds"":[""bakery"",""coffee"",""food_order"",""medical"",""meeting"",""milk_tea"",""tech_ai"",""tourism_hotel"",""tourism_pickup"",""tourism_route"",""tourism_transport"",""transport""],""pinyin_key"":""hui|gui|ce|shi"",""tone_pinyin_key"":""hui1|gui1|ce1|shi1"",""length"":4,""limit"":8}",0,,hui1|gui1|ce1|shi1,0,,2
sync-01,回归测试报,,,hui|gui|ce|shi|bao,hui1|gui1|ce1|shi1|bao1,"[1,1,1,1,1]",ready,PLAIN_AND_TONE_COMPOSITE,"SELECT id, pinyin_key, tone_pinyin_key, word, normalized, prior_score, repair_target, enabled, aliases, source, canonical_word, is_alias FROM base_lexicon WHERE pinyin_key = ? AND tone_pinyin_key = ? AND enabled = 1 AND length(word) = ? ORDER BY prior_score DESC LIMIT ? || SELECT id, domain_id, pinyin_key, tone_pinyin_key, word, normalized, prior_score, repair_target, enabled, aliases, source, canonical_word, is_alias FROM domain_lexicon WHERE domain_id = ? AND pinyin_key = ? AND tone_pinyin_key = ? AND enabled = 1 AND length(word) = ? ORDER BY prior_score DESC LIMIT ? /* domainIds=[""bakery"",""coffee"",""food_order"",""medical"",""meeting"",""milk_tea"",""tech_ai"",""tourism_hotel"",""tourism_pickup"",""tourism_route"",""tourism_transport"",""transport""] */","{""pinyin_key"":""hui|gui|ce|shi|bao"",""tone_pinyin_key"":""hui1|gui1|ce1|shi1|bao1"",""length"":5,""limit"":8} || {""domainIds"":[""bakery"",""coffee"",""food_order"",""medical"",""meeting"",""milk_tea"",""tech_ai"",""tourism_hotel"",""tourism_pickup"",""tourism_route"",""tourism_transport"",""transport""],""pinyin_key"":""hui|gui|ce|shi|bao"",""tone_pinyin_key"":""hui1|gui1|ce1|shi1|bao1"",""length"":5,""limit"":8}",0,,hui1|gui1|ce1|shi1|bao1,0,,2
sync-01,归,,,gui,gui1,[1],ready,PLAIN_AND_TONE_COMPOSITE,"SELECT id, pinyin_key, tone_pinyin_key, word, normalized, prior_score, repair_target, enabled, aliases, source, canonical_word, is_alias FROM base_lexicon WHERE pinyin_key = ? AND tone_pinyin_key = ? AND enabled = 1 AND length(word) = ? ORDER BY prior_score DESC LIMIT ? || SELECT id, pinyin_key, tone_pinyin_key, word, normalized, prior_score, repair_target, enabled, aliases, source, canonical_word, is_alias FROM base_lexicon WHERE pinyin_key = ? AND tone_pinyin_key = ? AND word = ? AND enabled = 1 AND length(word) = ? LIMIT ?","{""pinyin_key"":""gui"",""tone_pinyin_key"":""gui1"",""length"":1,""limit"":8} || {""pinyin_key"":""gui"",""tone_pinyin_key"":""gui1"",""word"":""归"",""length"":1,""limit"":2}",0,,gui1,0,,2
sync-01,归测,,,gui|ce,gui1|ce1,"[1,1]",ready,PLAIN_AND_TONE_COMPOSITE,"SELECT id, pinyin_key, tone_pinyin_key, word, normalized, prior_score, repair_target, enabled, aliases, source, canonical_word, is_alias FROM base_lexicon WHERE pinyin_key = ? AND tone_pinyin_key = ? AND enabled = 1 AND length(word) = ? ORDER BY prior_score DESC LIMIT ? || SELECT id, domain_id, pinyin_key, tone_pinyin_key, word, normalized, prior_score, repair_target, enabled, aliases, source, canonical_word, is_alias FROM domain_lexicon WHERE domain_id = ? AND pinyin_key = ? AND tone_pinyin_key = ? AND enabled = 1 AND length(word) = ? ORDER BY prior_score DESC LIMIT ? /* domainIds=[""bakery"",""coffee"",""food_order"",""medical"",""meeting"",""milk_tea"",""tech_ai"",""tourism_hotel"",""tourism_pickup"",""tourism_route"",""tourism_transport"",""transport""] */","{""pinyin_key"":""gui|ce"",""tone_pinyin_key"":""gui1|ce1"",""length"":2,""limit"":8} || {""domainIds"":[""bakery"",""coffee"",""food_order"",""medical"",""meeting"",""milk_tea"",""tech_ai"",""tourism_hotel"",""tourism_pickup"",""tourism_route"",""tourism_transport"",""transport""],""pinyin_key"":""gui|ce"",""tone_pinyin_key"":""gui1|ce1"",""length"":2,""limit"":8}",0,,gui1|ce1,0,,2
sync-01,归测试,,,gui|ce|shi,gui1|ce1|shi1,"[1,1,1]",ready,PLAIN_AND_TONE_COMPOSITE,"SELECT id, pinyin_key, tone_pinyin_key, word, normalized, prior_score, repair_target, enabled, aliases, source, canonical_word, is_alias FROM base_lexicon WHERE pinyin_key = ? AND tone_pinyin_key = ? AND enabled = 1 AND length(word) = ? ORDER BY prior_score DESC LIMIT ? || SELECT id, domain_id, pinyin_key, tone_pinyin_key, word, normalized, prior_score, repair_target, enabled, aliases, source, canonical_word, is_alias FROM domain_lexicon WHERE domain_id = ? AND pinyin_key = ? AND tone_pinyin_key = ? AND enabled = 1 AND length(word) = ? ORDER BY prior_score DESC LIMIT ? /* domainIds=[""bakery"",""coffee"",""food_order"",""medical"",""meeting"",""milk_tea"",""tech_ai"",""tourism_hotel"",""tourism_pickup"",""tourism_route"",""tourism_transport"",""transport""] */","{""pinyin_key"":""gui|ce|shi"",""tone_pinyin_key"":""gui1|ce1|shi1"",""length"":3,""limit"":8} || {""domainIds"":[""bakery"",""coffee"",""food_order"",""medical"",""meeting"",""milk_tea"",""tech_ai"",""tourism_hotel"",""tourism_pickup"",""tourism_route"",""tourism_transport"",""transport""],""pinyin_key"":""gui|ce|shi"",""tone_pinyin_key"":""gui1|ce1|shi1"",""length"":3,""limit"":8}",0,,gui1|ce1|shi1,0,,2
sync-01,归测试报,,,gui|ce|shi|bao,gui1|ce1|shi1|bao1,"[1,1,1,1]",ready,PLAIN_AND_TONE_COMPOSITE,"SELECT id, pinyin_key, tone_pinyin_key, word, normalized, prior_score, repair_target, enabled, aliases, source, canonical_word, is_alias FROM base_lexicon WHERE pinyin_key = ? AND tone_pinyin_key = ? AND enabled = 1 AND length(word) = ? ORDER BY prior_score DESC LIMIT ? || SELECT id, domain_id, pinyin_key, tone_pinyin_key, word, normalized, prior_score, repair_target, enabled, aliases, source, canonical_word, is_alias FROM domain_lexicon WHERE domain_id = ? AND pinyin_key = ? AND tone_pinyin_key = ? AND enabled = 1 AND length(word) = ? ORDER BY prior_score DESC LIMIT ? /* domainIds=[""bakery"",""coffee"",""food_order"",""medical"",""meeting"",""milk_tea"",""tech_ai"",""tourism_hotel"",""tourism_pickup"",""tourism_route"",""tourism_transport"",""transport""] */","{""pinyin_key"":""gui|ce|shi|bao"",""tone_pinyin_key"":""gui1|ce1|shi1|bao1"",""length"":4,""limit"":8} || {""domainIds"":[""bakery"",""coffee"",""food_order"",""medical"",""meeting"",""milk_tea"",""tech_ai"",""tourism_hotel"",""tourism_pickup"",""tourism_route"",""tourism_transport"",""transport""],""pinyin_key"":""gui|ce|shi|bao"",""tone_pinyin_key"":""gui1|ce1|shi1|bao1"",""length"":4,""limit"":8}",0,,gui1|ce1|shi1|bao1,0,,2
sync-01,归测试报告,,,gui|ce|shi|bao|gao,gui1|ce1|shi1|bao1|gao1,"[1,1,1,1,1]",ready,PLAIN_AND_TONE_COMPOSITE,"SELECT id, pinyin_key, tone_pinyin_key, word, normalized, prior_score, repair_target, enabled, aliases, source, canonical_word, is_alias FROM base_lexicon WHERE pinyin_key = ? AND tone_pinyin_key = ? AND enabled = 1 AND length(word) = ? ORDER BY prior_score DESC LIMIT ? || SELECT id, domain_id, pinyin_key, tone_pinyin_key, word, normalized, prior_score, repair_target, enabled, aliases, source, canonical_word, is_alias FROM domain_lexicon WHERE domain_id = ? AND pinyin_key = ? AND tone_pinyin_key = ? AND enabled = 1 AND length(word) = ? ORDER BY prior_score DESC LIMIT ? /* domainIds=[""bakery"",""coffee"",""food_order"",""medical"",""meeting"",""milk_tea"",""tech_ai"",""tourism_hotel"",""tourism_pickup"",""tourism_route"",""tourism_transport"",""transport""] */","{""pinyin_key"":""gui|ce|shi|bao|gao"",""tone_pinyin_key"":""gui1|ce1|shi1|bao1|gao1"",""length"":5,""limit"":8} || {""domainIds"":[""bakery"",""coffee"",""food_order"",""medical"",""meeting"",""milk_tea"",""tech_ai"",""tourism_hotel"",""tourism_pickup"",""tourism_route"",""tourism_transport"",""transport""],""pinyin_key"":""gui|ce|shi|bao|gao"",""tone_pinyin_key"":""gui1|ce1|shi1|bao1|gao1"",""length"":5,""limit"":8}",0,,gui1|ce1|shi1|bao1|gao1,0,,2
sync-01,测,,,ce,ce1,[1],ready,PLAIN_AND_TONE_COMPOSITE,"SELECT id, pinyin_key, tone_pinyin_key, word, normalized, prior_score, repair_target, enabled, aliases, source, canonical_word, is_alias FROM base_lexicon WHERE pinyin_key = ? AND tone_pinyin_key = ? AND enabled = 1 AND length(word) = ? ORDER BY prior_score DESC LIMIT ? || SELECT id, pinyin_key, tone_pinyin_key, word, normalized, prior_score, repair_target, enabled, aliases, source, canonical_word, is_alias FROM base_lexicon WHERE pinyin_key = ? AND tone_pinyin_key = ? AND word = ? AND enabled = 1 AND length(word) = ? LIMIT ?","{""pinyin_key"":""ce"",""tone_pinyin_key"":""ce1"",""length"":1,""limit"":8} || {""pinyin_key"":""ce"",""tone_pinyin_key"":""ce1"",""word"":""测"",""length"":1,""limit"":2}",0,,ce1,0,,2
sync-01,测试,,,ce|shi,ce1|shi1,"[1,1]",ready,PLAIN_AND_TONE_COMPOSITE,"SELECT id, pinyin_key, tone_pinyin_key, word, normalized, prior_score, repair_target, enabled, aliases, source, canonical_word, is_alias FROM base_lexicon WHERE pinyin_key = ? AND tone_pinyin_key = ? AND enabled = 1 AND length(word) = ? ORDER BY prior_score DESC LIMIT ? || SELECT id, domain_id, pinyin_key, tone_pinyin_key, word, normalized, prior_score, repair_target, enabled, aliases, source, canonical_word, is_alias FROM domain_lexicon WHERE domain_id = ? AND pinyin_key = ? AND tone_pinyin_key = ? AND enabled = 1 AND length(word) = ? ORDER BY prior_score DESC LIMIT ? /* domainIds=[""bakery"",""coffee"",""food_order"",""medical"",""meeting"",""milk_tea"",""tech_ai"",""tourism_hotel"",""tourism_pickup"",""tourism_route"",""tourism_transport"",""transport""] */","{""pinyin_key"":""ce|shi"",""tone_pinyin_key"":""ce1|shi1"",""length"":2,""limit"":8} || {""domainIds"":[""bakery"",""coffee"",""food_order"",""medical"",""meeting"",""milk_tea"",""tech_ai"",""tourism_hotel"",""tourism_pickup"",""tourism_route"",""tourism_transport"",""transport""],""pinyin_key"":""ce|shi"",""tone_pinyin_key"":""ce1|shi1"",""length"":2,""limit"":8}",0,,ce1|shi1,0,,2
sync-01,测试报,,,ce|shi|bao,ce1|shi1|bao1,"[1,1,1]",ready,PLAIN_AND_TONE_COMPOSITE,"SELECT id, pinyin_key, tone_pinyin_key, word, normalized, prior_score, repair_target, enabled, aliases, source, canonical_word, is_alias FROM base_lexicon WHERE pinyin_key = ? AND tone_pinyin_key = ? AND enabled = 1 AND length(word) = ? ORDER BY prior_score DESC LIMIT ? || SELECT id, domain_id, pinyin_key, tone_pinyin_key, word, normalized, prior_score, repair_target, enabled, aliases, source, canonical_word, is_alias FROM domain_lexicon WHERE domain_id = ? AND pinyin_key = ? AND tone_pinyin_key = ? AND enabled = 1 AND length(word) = ? ORDER BY prior_score DESC LIMIT ? /* domainIds=[""bakery"",""coffee"",""food_order"",""medical"",""meeting"",""milk_tea"",""tech_ai"",""tourism_hotel"",""tourism_pickup"",""tourism_route"",""tourism_transport"",""transport""] */","{""pinyin_key"":""ce|shi|bao"",""tone_pinyin_key"":""ce1|shi1|bao1"",""length"":3,""limit"":8} || {""domainIds"":[""bakery"",""coffee"",""food_order"",""medical"",""meeting"",""milk_tea"",""tech_ai"",""tourism_hotel"",""tourism_pickup"",""tourism_route"",""tourism_transport"",""transport""],""pinyin_key"":""ce|shi|bao"",""tone_pinyin_key"":""ce1|shi1|bao1"",""length"":3,""limit"":8}",0,,ce1|shi1|bao1,0,,2
sync-01,测试报告,,,ce|shi|bao|gao,ce1|shi1|bao1|gao1,"[1,1,1,1]",ready,PLAIN_AND_TONE_COMPOSITE,"SELECT id, pinyin_key, tone_pinyin_key, word, normalized, prior_score, repair_target, enabled, aliases, source, canonical_word, is_alias FROM base_lexicon WHERE pinyin_key = ? AND tone_pinyin_key = ? AND enabled = 1 AND length(word) = ? ORDER BY prior_score DESC LIMIT ? || SELECT id, domain_id, pinyin_key, tone_pinyin_key, word, normalized, prior_score, repair_target, enabled, aliases, source, canonical_word, is_alias FROM domain_lexicon WHERE domain_id = ? AND pinyin_key = ? AND tone_pinyin_key = ? AND enabled = 1 AND length(word) = ? ORDER BY prior_score DESC LIMIT ? /* domainIds=[""bakery"",""coffee"",""food_order"",""medical"",""meeting"",""milk_tea"",""tech_ai"",""tourism_hotel"",""tourism_pickup"",""tourism_route"",""tourism_transport"",""transport""] */","{""pinyin_key"":""ce|shi|bao|gao"",""tone_pinyin_key"":""ce1|shi1|bao1|gao1"",""length"":4,""limit"":8} || {""domainIds"":[""bakery"",""coffee"",""food_order"",""medical"",""meeting"",""milk_tea"",""tech_ai"",""tourism_hotel"",""tourism_pickup"",""tourism_route"",""tourism_transport"",""transport""],""pinyin_key"":""ce|shi|bao|gao"",""tone_pinyin_key"":""ce1|shi1|bao1|gao1"",""length"":4,""limit"":8}",0,,ce1|shi1|bao1|gao1,0,,2
sync-01,测试报告已,,,ce|shi|bao|gao|yi,ce1|shi1|bao1|gao1|yi1,"[1,1,1,1,1]",ready,PLAIN_AND_TONE_COMPOSITE,"SELECT id, pinyin_key, tone_pinyin_key, word, normalized, prior_score, repair_target, enabled, aliases, source, canonical_word, is_alias FROM base_lexicon WHERE pinyin_key = ? AND tone_pinyin_key = ? AND enabled = 1 AND length(word) = ? ORDER BY prior_score DESC LIMIT ? || SELECT id, domain_id, pinyin_key, tone_pinyin_key, word, normalized, prior_score, repair_target, enabled, aliases, source, canonical_word, is_alias FROM domain_lexicon WHERE domain_id = ? AND pinyin_key = ? AND tone_pinyin_key = ? AND enabled = 1 AND length(word) = ? ORDER BY prior_score DESC LIMIT ? /* domainIds=[""bakery"",""coffee"",""food_order"",""medical"",""meeting"",""milk_tea"",""tech_ai"",""tourism_hotel"",""tourism_pickup"",""tourism_route"",""tourism_transport"",""transport""] */","{""pinyin_key"":""ce|shi|bao|gao|yi"",""tone_pinyin_key"":""ce1|shi1|bao1|gao1|yi1"",""length"":5,""limit"":8} || {""domainIds"":[""bakery"",""coffee"",""food_order"",""medical"",""meeting"",""milk_tea"",""tech_ai"",""tourism_hotel"",""tourism_pickup"",""tourism_route"",""tourism_transport"",""transport""],""pinyin_key"":""ce|shi|bao|gao|yi"",""tone_pinyin_key"":""ce1|shi1|bao1|gao1|yi1"",""length"":5,""limit"":8}",0,,ce1|shi1|bao1|gao1|yi1,0,,2
sync-01,试,,,shi,shi1,[1],ready,PLAIN_AND_TONE_COMPOSITE,"SELECT id, pinyin_key, tone_pinyin_key, word, normalized, prior_score, repair_target, enabled, aliases, source, canonical_word, is_alias FROM base_lexicon WHERE pinyin_key = ? AND tone_pinyin_key = ? AND enabled = 1 AND length(word) = ? ORDER BY prior_score DESC LIMIT ? || SELECT id, pinyin_key, tone_pinyin_key, word, normalized, prior_score, repair_target, enabled, aliases, source, canonical_word, is_alias FROM base_lexicon WHERE pinyin_key = ? AND tone_pinyin_key = ? AND word = ? AND enabled = 1 AND length(word) = ? LIMIT ?","{""pinyin_key"":""shi"",""tone_pinyin_key"":""shi1"",""length"":1,""limit"":8} || {""pinyin_key"":""shi"",""tone_pinyin_key"":""shi1"",""word"":""试"",""length"":1,""limit"":2}",0,,shi1,0,,2
sync-01,试报,,,shi|bao,shi1|bao1,"[1,1]",ready,PLAIN_AND_TONE_COMPOSITE,"SELECT id, pinyin_key, tone_pinyin_key, word, normalized, prior_score, repair_target, enabled, aliases, source, canonical_word, is_alias FROM base_lexicon WHERE pinyin_key = ? AND tone_pinyin_key = ? AND enabled = 1 AND length(word) = ? ORDER BY prior_score DESC LIMIT ? || SELECT id, domain_id, pinyin_key, tone_pinyin_key, word, normalized, prior_score, repair_target, enabled, aliases, source, canonical_word, is_alias FROM domain_lexicon WHERE domain_id = ? AND pinyin_key = ? AND tone_pinyin_key = ? AND enabled = 1 AND length(word) = ? ORDER BY prior_score DESC LIMIT ? /* domainIds=[""bakery"",""coffee"",""food_order"",""medical"",""meeting"",""milk_tea"",""tech_ai"",""tourism_hotel"",""tourism_pickup"",""tourism_route"",""tourism_transport"",""transport""] */","{""pinyin_key"":""shi|bao"",""tone_pinyin_key"":""shi1|bao1"",""length"":2,""limit"":8} || {""domainIds"":[""bakery"",""coffee"",""food_order"",""medical"",""meeting"",""milk_tea"",""tech_ai"",""tourism_hotel"",""tourism_pickup"",""tourism_route"",""tourism_transport"",""transport""],""pinyin_key"":""shi|bao"",""tone_pinyin_key"":""shi1|bao1"",""length"":2,""limit"":8}",0,,shi1|bao1,0,,2
sync-01,试报告,,,shi|bao|gao,shi1|bao1|gao1,"[1,1,1]",ready,PLAIN_AND_TONE_COMPOSITE,"SELECT id, pinyin_key, tone_pinyin_key, word, normalized, prior_score, repair_target, enabled, aliases, source, canonical_word, is_alias FROM base_lexicon WHERE pinyin_key = ? AND tone_pinyin_key = ? AND enabled = 1 AND length(word) = ? ORDER BY prior_score DESC LIMIT ? || SELECT id, domain_id, pinyin_key, tone_pinyin_key, word, normalized, prior_score, repair_target, enabled, aliases, source, canonical_word, is_alias FROM domain_lexicon WHERE domain_id = ? AND pinyin_key = ? AND tone_pinyin_key = ? AND enabled = 1 AND length(word) = ? ORDER BY prior_score DESC LIMIT ? /* domainIds=[""bakery"",""coffee"",""food_order"",""medical"",""meeting"",""milk_tea"",""tech_ai"",""tourism_hotel"",""tourism_pickup"",""tourism_route"",""tourism_transport"",""transport""] */","{""pinyin_key"":""shi|bao|gao"",""tone_pinyin_key"":""shi1|bao1|gao1"",""length"":3,""limit"":8} || {""domainIds"":[""bakery"",""coffee"",""food_order"",""medical"",""meeting"",""milk_tea"",""tech_ai"",""tourism_hotel"",""tourism_pickup"",""tourism_route"",""tourism_transport"",""transport""],""pinyin_key"":""shi|bao|gao"",""tone_pinyin_key"":""shi1|bao1|gao1"",""length"":3,""limit"":8}",0,,shi1|bao1|gao1,0,,2
sync-01,试报告已,,,shi|bao|gao|yi,shi1|bao1|gao1|yi1,"[1,1,1,1]",ready,PLAIN_AND_TONE_COMPOSITE,"SELECT id, pinyin_key, tone_pinyin_key, word, normalized, prior_score, repair_target, enabled, aliases, source, canonical_word, is_alias FROM base_lexicon WHERE pinyin_key = ? AND tone_pinyin_key = ? AND enabled = 1 AND length(word) = ? ORDER BY prior_score DESC LIMIT ? || SELECT id, domain_id, pinyin_key, tone_pinyin_key, word, normalized, prior_score, repair_target, enabled, aliases, source, canonical_word, is_alias FROM domain_lexicon WHERE domain_id = ? AND pinyin_key = ? AND tone_pinyin_key = ? AND enabled = 1 AND length(word) = ? ORDER BY prior_score DESC LIMIT ? /* domainIds=[""bakery"",""coffee"",""food_order"",""medical"",""meeting"",""milk_tea"",""tech_ai"",""tourism_hotel"",""tourism_pickup"",""tourism_route"",""tourism_transport"",""transport""] */","{""pinyin_key"":""shi|bao|gao|yi"",""tone_pinyin_key"":""shi1|bao1|gao1|yi1"",""length"":4,""limit"":8} || {""domainIds"":[""bakery"",""coffee"",""food_order"",""medical"",""meeting"",""milk_tea"",""tech_ai"",""tourism_hotel"",""tourism_pickup"",""tourism_route"",""tourism_transport"",""transport""],""pinyin_key"":""shi|bao|gao|yi"",""tone_pinyin_key"":""shi1|bao1|gao1|yi1"",""length"":4,""limit"":8}",0,,shi1|bao1|gao1|yi1,0,,2
sync-01,试报告已精,,,shi|bao|gao|yi|jing,shi1|bao1|gao1|yi1|jing1,"[1,1,1,1,1]",ready,PLAIN_AND_TONE_COMPOSITE,"SELECT id, pinyin_key, tone_pinyin_key, word, normalized, prior_score, repair_target, enabled, aliases, source, canonical_word, is_alias FROM base_lexicon WHERE pinyin_key = ? AND tone_pinyin_key = ? AND enabled = 1 AND length(word) = ? ORDER BY prior_score DESC LIMIT ? || SELECT id, domain_id, pinyin_key, tone_pinyin_key, word, normalized, prior_score, repair_target, enabled, aliases, source, canonical_word, is_alias FROM domain_lexicon WHERE domain_id = ? AND pinyin_key = ? AND tone_pinyin_key = ? AND enabled = 1 AND length(word) = ? ORDER BY prior_score DESC LIMIT ? /* domainIds=[""bakery"",""coffee"",""food_order"",""medical"",""meeting"",""milk_tea"",""tech_ai"",""tourism_hotel"",""tourism_pickup"",""tourism_route"",""tourism_transport"",""transport""] */","{""pinyin_key"":""shi|bao|gao|yi|jing"",""tone_pinyin_key"":""shi1|bao1|gao1|yi1|jing1"",""length"":5,""limit"":8} || {""domainIds"":[""bakery"",""coffee"",""food_order"",""medical"",""meeting"",""milk_tea"",""tech_ai"",""tourism_hotel"",""tourism_pickup"",""tourism_route"",""tourism_transport"",""transport""],""pinyin_key"":""shi|bao|gao|yi|jing"",""tone_pinyin_key"":""shi1|bao1|gao1|yi1|jing1"",""length"":5,""limit"":8}",0,,shi1|bao1|gao1|yi1|jing1,0,,2
sync-01,报,,,bao,bao1,[1],ready,PLAIN_AND_TONE_COMPOSITE,"SELECT id, pinyin_key, tone_pinyin_key, word, normalized, prior_score, repair_target, enabled, aliases, source, canonical_word, is_alias FROM base_lexicon WHERE pinyin_key = ? AND tone_pinyin_key = ? AND enabled = 1 AND length(word) = ? ORDER BY prior_score DESC LIMIT ? || SELECT id, pinyin_key, tone_pinyin_key, word, normalized, prior_score, repair_target, enabled, aliases, source, canonical_word, is_alias FROM base_lexicon WHERE pinyin_key = ? AND tone_pinyin_key = ? AND word = ? AND enabled = 1 AND length(word) = ? LIMIT ?","{""pinyin_key"":""bao"",""tone_pinyin_key"":""bao1"",""length"":1,""limit"":8} || {""pinyin_key"":""bao"",""tone_pinyin_key"":""bao1"",""word"":""报"",""length"":1,""limit"":2}",0,,bao1,0,,2
sync-01,报告,,,bao|gao,bao1|gao1,"[1,1]",ready,PLAIN_AND_TONE_COMPOSITE,"SELECT id, pinyin_key, tone_pinyin_key, word, normalized, prior_score, repair_target, enabled, aliases, source, canonical_word, is_alias FROM base_lexicon WHERE pinyin_key = ? AND tone_pinyin_key = ? AND enabled = 1 AND length(word) = ? ORDER BY prior_score DESC LIMIT ? || SELECT id, domain_id, pinyin_key, tone_pinyin_key, word, normalized, prior_score, repair_target, enabled, aliases, source, canonical_word, is_alias FROM domain_lexicon WHERE domain_id = ? AND pinyin_key = ? AND tone_pinyin_key = ? AND enabled = 1 AND length(word) = ? ORDER BY prior_score DESC LIMIT ? /* domainIds=[""bakery"",""coffee"",""food_order"",""medical"",""meeting"",""milk_tea"",""tech_ai"",""tourism_hotel"",""tourism_pickup"",""tourism_route"",""tourism_transport"",""transport""] */","{""pinyin_key"":""bao|gao"",""tone_pinyin_key"":""bao1|gao1"",""length"":2,""limit"":8} || {""domainIds"":[""bakery"",""coffee"",""food_order"",""medical"",""meeting"",""milk_tea"",""tech_ai"",""tourism_hotel"",""tourism_pickup"",""tourism_route"",""tourism_transport"",""transport""],""pinyin_key"":""bao|gao"",""tone_pinyin_key"":""bao1|gao1"",""length"":2,""limit"":8}",0,,bao1|gao1,0,,2
sync-01,报告已,,,bao|gao|yi,bao1|gao1|yi1,"[1,1,1]",ready,PLAIN_AND_TONE_COMPOSITE,"SELECT id, pinyin_key, tone_pinyin_key, word, normalized, prior_score, repair_target, enabled, aliases, source, canonical_word, is_alias FROM base_lexicon WHERE pinyin_key = ? AND tone_pinyin_key = ? AND enabled = 1 AND length(word) = ? ORDER BY prior_score DESC LIMIT ? || SELECT id, domain_id, pinyin_key, tone_pinyin_key, word, normalized, prior_score, repair_target, enabled, aliases, source, canonical_word, is_alias FROM domain_lexicon WHERE domain_id = ? AND pinyin_key = ? AND tone_pinyin_key = ? AND enabled = 1 AND length(word) = ? ORDER BY prior_score DESC LIMIT ? /* domainIds=[""bakery"",""coffee"",""food_order"",""medical"",""meeting"",""milk_tea"",""tech_ai"",""tourism_hotel"",""tourism_pickup"",""tourism_route"",""tourism_transport"",""transport""] */","{""pinyin_key"":""bao|gao|yi"",""tone_pinyin_key"":""bao1|gao1|yi1"",""length"":3,""limit"":8} || {""domainIds"":[""bakery"",""coffee"",""food_order"",""medical"",""meeting"",""milk_tea"",""tech_ai"",""tourism_hotel"",""tourism_pickup"",""tourism_route"",""tourism_transport"",""transport""],""pinyin_key"":""bao|gao|yi"",""tone_pinyin_key"":""bao1|gao1|yi1"",""length"":3,""limit"":8}",0,,bao1|gao1|yi1,0,,2
sync-01,报告已精,,,bao|gao|yi|jing,bao1|gao1|yi1|jing1,"[1,1,1,1]",ready,PLAIN_AND_TONE_COMPOSITE,"SELECT id, pinyin_key, tone_pinyin_key, word, normalized, prior_score, repair_target, enabled, aliases, source, canonical_word, is_alias FROM base_lexicon WHERE pinyin_key = ? AND tone_pinyin_key = ? AND enabled = 1 AND length(word) = ? ORDER BY prior_score DESC LIMIT ? || SELECT id, domain_id, pinyin_key, tone_pinyin_key, word, normalized, prior_score, repair_target, enabled, aliases, source, canonical_word, is_alias FROM domain_lexicon WHERE domain_id = ? AND pinyin_key = ? AND tone_pinyin_key = ? AND enabled = 1 AND length(word) = ? ORDER BY prior_score DESC LIMIT ? /* domainIds=[""bakery"",""coffee"",""food_order"",""medical"",""meeting"",""milk_tea"",""tech_ai"",""tourism_hotel"",""tourism_pickup"",""tourism_route"",""tourism_transport"",""transport""] */","{""pinyin_key"":""bao|gao|yi|jing"",""tone_pinyin_key"":""bao1|gao1|yi1|jing1"",""length"":4,""limit"":8} || {""domainIds"":[""bakery"",""coffee"",""food_order"",""medical"",""meeting"",""milk_tea"",""tech_ai"",""tourism_hotel"",""tourism_pickup"",""tourism_route"",""tourism_transport"",""transport""],""pinyin_key"":""bao|gao|yi|jing"",""tone_pinyin_key"":""bao1|gao1|yi1|jing1"",""length"":4,""limit"":8}",0,,bao1|gao1|yi1|jing1,0,,2
sync-01,报告已精通,,,bao|gao|yi|jing|tong,bao1|gao1|yi1|jing1|tong1,"[1,1,1,1,1]",ready,PLAIN_AND_TONE_COMPOSITE,"SELECT id, pinyin_key, tone_pinyin_key, word, normalized, prior_score, repair_target, enabled, aliases, source, canonical_word, is_alias FROM base_lexicon WHERE pinyin_key = ? AND tone_pinyin_key = ? AND enabled = 1 AND length(word) = ? ORDER BY prior_score DESC LIMIT ? || SELECT id, domain_id, pinyin_key, tone_pinyin_key, word, normalized, prior_score, repair_target, enabled, aliases, source, canonical_word, is_alias FROM domain_lexicon WHERE domain_id = ? AND pinyin_key = ? AND tone_pinyin_key = ? AND enabled = 1 AND length(word) = ? ORDER BY prior_score DESC LIMIT ? /* domainIds=[""bakery"",""coffee"",""food_order"",""medical"",""meeting"",""milk_tea"",""tech_ai"",""tourism_hotel"",""tourism_pickup"",""tourism_route"",""tourism_transport"",""transport""] */","{""pinyin_key"":""bao|gao|yi|jing|tong"",""tone_pinyin_key"":""bao1|gao1|yi1|jing1|tong1"",""length"":5,""limit"":8} || {""domainIds"":[""bakery"",""coffee"",""food_order"",""medical"",""meeting"",""milk_tea"",""tech_ai"",""tourism_hotel"",""tourism_pickup"",""tourism_route"",""tourism_transport"",""transport""],""pinyin_key"":""bao|gao|yi|jing|tong"",""tone_pinyin_key"":""bao1|gao1|yi1|jing1|tong1"",""length"":5,""limit"":8}",0,,bao1|gao1|yi1|jing1|tong1,0,,2
sync-01,告,,,gao,gao1,[1],ready,PLAIN_AND_TONE_COMPOSITE,"SELECT id, pinyin_key, tone_pinyin_key, word, normalized, prior_score, repair_target, enabled, aliases, source, canonical_word, is_alias FROM base_lexicon WHERE pinyin_key = ? AND tone_pinyin_key = ? AND enabled = 1 AND length(word) = ? ORDER BY prior_score DESC LIMIT ? || SELECT id, pinyin_key, tone_pinyin_key, word, normalized, prior_score, repair_target, enabled, aliases, source, canonical_word, is_alias FROM base_lexicon WHERE pinyin_key = ? AND tone_pinyin_key = ? AND word = ? AND enabled = 1 AND length(word) = ? LIMIT ?","{""pinyin_key"":""gao"",""tone_pinyin_key"":""gao1"",""length"":1,""limit"":8} || {""pinyin_key"":""gao"",""tone_pinyin_key"":""gao1"",""word"":""告"",""length"":1,""limit"":2}",0,,gao1,0,,2
sync-01,告已,,,gao|yi,gao1|yi1,"[1,1]",ready,PLAIN_AND_TONE_COMPOSITE,"SELECT id, pinyin_key, tone_pinyin_key, word, normalized, prior_score, repair_target, enabled, aliases, source, canonical_word, is_alias FROM base_lexicon WHERE pinyin_key = ? AND tone_pinyin_key = ? AND enabled = 1 AND length(word) = ? ORDER BY prior_score DESC LIMIT ? || SELECT id, domain_id, pinyin_key, tone_pinyin_key, word, normalized, prior_score, repair_target, enabled, aliases, source, canonical_word, is_alias FROM domain_lexicon WHERE domain_id = ? AND pinyin_key = ? AND tone_pinyin_key = ? AND enabled = 1 AND length(word) = ? ORDER BY prior_score DESC LIMIT ? /* domainIds=[""bakery"",""coffee"",""food_order"",""medical"",""meeting"",""milk_tea"",""tech_ai"",""tourism_hotel"",""tourism_pickup"",""tourism_route"",""tourism_transport"",""transport""] */","{""pinyin_key"":""gao|yi"",""tone_pinyin_key"":""gao1|yi1"",""length"":2,""limit"":8} || {""domainIds"":[""bakery"",""coffee"",""food_order"",""medical"",""meeting"",""milk_tea"",""tech_ai"",""tourism_hotel"",""tourism_pickup"",""tourism_route"",""tourism_transport"",""transport""],""pinyin_key"":""gao|yi"",""tone_pinyin_key"":""gao1|yi1"",""length"":2,""limit"":8}",0,,gao1|yi1,0,,2
sync-01,告已精,,,gao|yi|jing,gao1|yi1|jing1,"[1,1,1]",ready,PLAIN_AND_TONE_COMPOSITE,"SELECT id, pinyin_key, tone_pinyin_key, word, normalized, prior_score, repair_target, enabled, aliases, source, canonical_word, is_alias FROM base_lexicon WHERE pinyin_key = ? AND tone_pinyin_key = ? AND enabled = 1 AND length(word) = ? ORDER BY prior_score DESC LIMIT ? || SELECT id, domain_id, pinyin_key, tone_pinyin_key, word, normalized, prior_score, repair_target, enabled, aliases, source, canonical_word, is_alias FROM domain_lexicon WHERE domain_id = ? AND pinyin_key = ? AND tone_pinyin_key = ? AND enabled = 1 AND length(word) = ? ORDER BY prior_score DESC LIMIT ? /* domainIds=[""bakery"",""coffee"",""food_order"",""medical"",""meeting"",""milk_tea"",""tech_ai"",""tourism_hotel"",""tourism_pickup"",""tourism_route"",""tourism_transport"",""transport""] */","{""pinyin_key"":""gao|yi|jing"",""tone_pinyin_key"":""gao1|yi1|jing1"",""length"":3,""limit"":8} || {""domainIds"":[""bakery"",""coffee"",""food_order"",""medical"",""meeting"",""milk_tea"",""tech_ai"",""tourism_hotel"",""tourism_pickup"",""tourism_route"",""tourism_transport"",""transport""],""pinyin_key"":""gao|yi|jing"",""tone_pinyin_key"":""gao1|yi1|jing1"",""length"":3,""limit"":8}",0,,gao1|yi1|jing1,0,,2
sync-01,告已精通,,,gao|yi|jing|tong,gao1|yi1|jing1|tong1,"[1,1,1,1]",ready,PLAIN_AND_TONE_COMPOSITE,"SELECT id, pinyin_key, tone_pinyin_key, word, normalized, prior_score, repair_target, enabled, aliases, source, canonical_word, is_alias FROM base_lexicon WHERE pinyin_key = ? AND tone_pinyin_key = ? AND enabled = 1 AND length(word) = ? ORDER BY prior_score DESC LIMIT ? || SELECT id, domain_id, pinyin_key, tone_pinyin_key, word, normalized, prior_score, repair_target, enabled, aliases, source, canonical_word, is_alias FROM domain_lexicon WHERE domain_id = ? AND pinyin_key = ? AND tone_pinyin_key = ? AND enabled = 1 AND length(word) = ? ORDER BY prior_score DESC LIMIT ? /* domainIds=[""bakery"",""coffee"",""food_order"",""medical"",""meeting"",""milk_tea"",""tech_ai"",""tourism_hotel"",""tourism_pickup"",""tourism_route"",""tourism_transport"",""transport""] */","{""pinyin_key"":""gao|yi|jing|tong"",""tone_pinyin_key"":""gao1|yi1|jing1|tong1"",""length"":4,""limit"":8} || {""domainIds"":[""bakery"",""coffee"",""food_order"",""medical"",""meeting"",""milk_tea"",""tech_ai"",""tourism_hotel"",""tourism_pickup"",""tourism_route"",""tourism_transport"",""transport""],""pinyin_key"":""gao|yi|jing|tong"",""tone_pinyin_key"":""gao1|yi1|jing1|tong1"",""length"":4,""limit"":8}",0,,gao1|yi1|jing1|tong1,0,,2
sync-01,告已精通步,,,gao|yi|jing|tong|bu,gao1|yi1|jing1|tong1|bu1,"[1,1,1,1,1]",ready,PLAIN_AND_TONE_COMPOSITE,"SELECT id, pinyin_key, tone_pinyin_key, word, normalized, prior_score, repair_target, enabled, aliases, source, canonical_word, is_alias FROM base_lexicon WHERE pinyin_key = ? AND tone_pinyin_key = ? AND enabled = 1 AND length(word) = ? ORDER BY prior_score DESC LIMIT ? || SELECT id, domain_id, pinyin_key, tone_pinyin_key, word, normalized, prior_score, repair_target, enabled, aliases, source, canonical_word, is_alias FROM domain_lexicon WHERE domain_id = ? AND pinyin_key = ? AND tone_pinyin_key = ? AND enabled = 1 AND length(word) = ? ORDER BY prior_score DESC LIMIT ? /* domainIds=[""bakery"",""coffee"",""food_order"",""medical"",""meeting"",""milk_tea"",""tech_ai"",""tourism_hotel"",""tourism_pickup"",""tourism_route"",""tourism_transport"",""transport""] */","{""pinyin_key"":""gao|yi|jing|tong|bu"",""tone_pinyin_key"":""gao1|yi1|jing1|tong1|bu1"",""length"":5,""limit"":8} || {""domainIds"":[""bakery"",""coffee"",""food_order"",""medical"",""meeting"",""milk_tea"",""tech_ai"",""tourism_hotel"",""tourism_pickup"",""tourism_route"",""tourism_transport"",""transport""],""pinyin_key"":""gao|yi|jing|tong|bu"",""tone_pinyin_key"":""gao1|yi1|jing1|tong1|bu1"",""length"":5,""limit"":8}",0,,gao1|yi1|jing1|tong1|bu1,0,,2
sync-01,已,,,yi,yi1,[1],ready,PLAIN_AND_TONE_COMPOSITE,"SELECT id, pinyin_key, tone_pinyin_key, word, normalized, prior_score, repair_target, enabled, aliases, source, canonical_word, is_alias FROM base_lexicon WHERE pinyin_key = ? AND tone_pinyin_key = ? AND enabled = 1 AND length(word) = ? ORDER BY prior_score DESC LIMIT ? || SELECT id, pinyin_key, tone_pinyin_key, word, normalized, prior_score, repair_target, enabled, aliases, source, canonical_word, is_alias FROM base_lexicon WHERE pinyin_key = ? AND tone_pinyin_key = ? AND word = ? AND enabled = 1 AND length(word) = ? LIMIT ?","{""pinyin_key"":""yi"",""tone_pinyin_key"":""yi1"",""length"":1,""limit"":8} || {""pinyin_key"":""yi"",""tone_pinyin_key"":""yi1"",""word"":""已"",""length"":1,""limit"":2}",0,,yi1,0,,2
sync-01,已精,,,yi|jing,yi1|jing1,"[1,1]",ready,PLAIN_AND_TONE_COMPOSITE,"SELECT id, pinyin_key, tone_pinyin_key, word, normalized, prior_score, repair_target, enabled, aliases, source, canonical_word, is_alias FROM base_lexicon WHERE pinyin_key = ? AND tone_pinyin_key = ? AND enabled = 1 AND length(word) = ? ORDER BY prior_score DESC LIMIT ? || SELECT id, domain_id, pinyin_key, tone_pinyin_key, word, normalized, prior_score, repair_target, enabled, aliases, source, canonical_word, is_alias FROM domain_lexicon WHERE domain_id = ? AND pinyin_key = ? AND tone_pinyin_key = ? AND enabled = 1 AND length(word) = ? ORDER BY prior_score DESC LIMIT ? /* domainIds=[""bakery"",""coffee"",""food_order"",""medical"",""meeting"",""milk_tea"",""tech_ai"",""tourism_hotel"",""tourism_pickup"",""tourism_route"",""tourism_transport"",""transport""] */","{""pinyin_key"":""yi|jing"",""tone_pinyin_key"":""yi1|jing1"",""length"":2,""limit"":8} || {""domainIds"":[""bakery"",""coffee"",""food_order"",""medical"",""meeting"",""milk_tea"",""tech_ai"",""tourism_hotel"",""tourism_pickup"",""tourism_route"",""tourism_transport"",""transport""],""pinyin_key"":""yi|jing"",""tone_pinyin_key"":""yi1|jing1"",""length"":2,""limit"":8}",0,,yi1|jing1,0,,2
sync-01,已精通,,,yi|jing|tong,yi1|jing1|tong1,"[1,1,1]",ready,PLAIN_AND_TONE_COMPOSITE,"SELECT id, pinyin_key, tone_pinyin_key, word, normalized, prior_score, repair_target, enabled, aliases, source, canonical_word, is_alias FROM base_lexicon WHERE pinyin_key = ? AND tone_pinyin_key = ? AND enabled = 1 AND length(word) = ? ORDER BY prior_score DESC LIMIT ? || SELECT id, domain_id, pinyin_key, tone_pinyin_key, word, normalized, prior_score, repair_target, enabled, aliases, source, canonical_word, is_alias FROM domain_lexicon WHERE domain_id = ? AND pinyin_key = ? AND tone_pinyin_key = ? AND enabled = 1 AND length(word) = ? ORDER BY prior_score DESC LIMIT ? /* domainIds=[""bakery"",""coffee"",""food_order"",""medical"",""meeting"",""milk_tea"",""tech_ai"",""tourism_hotel"",""tourism_pickup"",""tourism_route"",""tourism_transport"",""transport""] */","{""pinyin_key"":""yi|jing|tong"",""tone_pinyin_key"":""yi1|jing1|tong1"",""length"":3,""limit"":8} || {""domainIds"":[""bakery"",""coffee"",""food_order"",""medical"",""meeting"",""milk_tea"",""tech_ai"",""tourism_hotel"",""tourism_pickup"",""tourism_route"",""tourism_transport"",""transport""],""pinyin_key"":""yi|jing|tong"",""tone_pinyin_key"":""yi1|jing1|tong1"",""length"":3,""limit"":8}",0,,yi1|jing1|tong1,0,,2
sync-01,已精通步,,,yi|jing|tong|bu,yi1|jing1|tong1|bu1,"[1,1,1,1]",ready,PLAIN_AND_TONE_COMPOSITE,"SELECT id, pinyin_key, tone_pinyin_key, word, normalized, prior_score, repair_target, enabled, aliases, source, canonical_word, is_alias FROM base_lexicon WHERE pinyin_key = ? AND tone_pinyin_key = ? AND enabled = 1 AND length(word) = ? ORDER BY prior_score DESC LIMIT ? || SELECT id, domain_id, pinyin_key, tone_pinyin_key, word, normalized, prior_score, repair_target, enabled, aliases, source, canonical_word, is_alias FROM domain_lexicon WHERE domain_id = ? AND pinyin_key = ? AND tone_pinyin_key = ? AND enabled = 1 AND length(word) = ? ORDER BY prior_score DESC LIMIT ? /* domainIds=[""bakery"",""coffee"",""food_order"",""medical"",""meeting"",""milk_tea"",""tech_ai"",""tourism_hotel"",""tourism_pickup"",""tourism_route"",""tourism_transport"",""transport""] */","{""pinyin_key"":""yi|jing|tong|bu"",""tone_pinyin_key"":""yi1|jing1|tong1|bu1"",""length"":4,""limit"":8} || {""domainIds"":[""bakery"",""coffee"",""food_order"",""medical"",""meeting"",""milk_tea"",""tech_ai"",""tourism_hotel"",""tourism_pickup"",""tourism_route"",""tourism_transport"",""transport""],""pinyin_key"":""yi|jing|tong|bu"",""tone_pinyin_key"":""yi1|jing1|tong1|bu1"",""length"":4,""limit"":8}",0,,yi1|jing1|tong1|bu1,0,,2
sync-01,已精通步给,,,yi|jing|tong|bu|gei,yi1|jing1|tong1|bu1|gei1,"[1,1,1,1,1]",ready,PLAIN_AND_TONE_COMPOSITE,"SELECT id, pinyin_key, tone_pinyin_key, word, normalized, prior_score, repair_target, enabled, aliases, source, canonical_word, is_alias FROM base_lexicon WHERE pinyin_key = ? AND tone_pinyin_key = ? AND enabled = 1 AND length(word) = ? ORDER BY prior_score DESC LIMIT ? || SELECT id, domain_id, pinyin_key, tone_pinyin_key, word, normalized, prior_score, repair_target, enabled, aliases, source, canonical_word, is_alias FROM domain_lexicon WHERE domain_id = ? AND pinyin_key = ? AND tone_pinyin_key = ? AND enabled = 1 AND length(word) = ? ORDER BY prior_score DESC LIMIT ? /* domainIds=[""bakery"",""coffee"",""food_order"",""medical"",""meeting"",""milk_tea"",""tech_ai"",""tourism_hotel"",""tourism_pickup"",""tourism_route"",""tourism_transport"",""transport""] */","{""pinyin_key"":""yi|jing|tong|bu|gei"",""tone_pinyin_key"":""yi1|jing1|tong1|bu1|gei1"",""length"":5,""limit"":8} || {""domainIds"":[""bakery"",""coffee"",""food_order"",""medical"",""meeting"",""milk_tea"",""tech_ai"",""tourism_hotel"",""tourism_pickup"",""tourism_route"",""tourism_transport"",""transport""],""pinyin_key"":""yi|jing|tong|bu|gei"",""tone_pinyin_key"":""yi1|jing1|tong1|bu1|gei1"",""length"":5,""limit"":8}",0,,yi1|jing1|tong1|bu1|gei1,0,,2
sync-01,精,,,jing,jing1,[1],ready,PLAIN_AND_TONE_COMPOSITE,"SELECT id, pinyin_key, tone_pinyin_key, word, normalized, prior_score, repair_target, enabled, aliases, source, canonical_word, is_alias FROM base_lexicon WHERE pinyin_key = ? AND tone_pinyin_key = ? AND enabled = 1 AND length(word) = ? ORDER BY prior_score DESC LIMIT ? || SELECT id, pinyin_key, tone_pinyin_key, word, normalized, prior_score, repair_target, enabled, aliases, source, canonical_word, is_alias FROM base_lexicon WHERE pinyin_key = ? AND tone_pinyin_key = ? AND word = ? AND enabled = 1 AND length(word) = ? LIMIT ?","{""pinyin_key"":""jing"",""tone_pinyin_key"":""jing1"",""length"":1,""limit"":8} || {""pinyin_key"":""jing"",""tone_pinyin_key"":""jing1"",""word"":""精"",""length"":1,""limit"":2}",0,,jing1,0,,2
sync-01,精通,,,jing|tong,jing1|tong1,"[1,1]",ready,PLAIN_AND_TONE_COMPOSITE,"SELECT id, pinyin_key, tone_pinyin_key, word, normalized, prior_score, repair_target, enabled, aliases, source, canonical_word, is_alias FROM base_lexicon WHERE pinyin_key = ? AND tone_pinyin_key = ? AND enabled = 1 AND length(word) = ? ORDER BY prior_score DESC LIMIT ? || SELECT id, domain_id, pinyin_key, tone_pinyin_key, word, normalized, prior_score, repair_target, enabled, aliases, source, canonical_word, is_alias FROM domain_lexicon WHERE domain_id = ? AND pinyin_key = ? AND tone_pinyin_key = ? AND enabled = 1 AND length(word) = ? ORDER BY prior_score DESC LIMIT ? /* domainIds=[""bakery"",""coffee"",""food_order"",""medical"",""meeting"",""milk_tea"",""tech_ai"",""tourism_hotel"",""tourism_pickup"",""tourism_route"",""tourism_transport"",""transport""] */","{""pinyin_key"":""jing|tong"",""tone_pinyin_key"":""jing1|tong1"",""length"":2,""limit"":8} || {""domainIds"":[""bakery"",""coffee"",""food_order"",""medical"",""meeting"",""milk_tea"",""tech_ai"",""tourism_hotel"",""tourism_pickup"",""tourism_route"",""tourism_transport"",""transport""],""pinyin_key"":""jing|tong"",""tone_pinyin_key"":""jing1|tong1"",""length"":2,""limit"":8}",1,精通,jing1|tong1,1,,2
sync-01,精通步,,,jing|tong|bu,jing1|tong1|bu1,"[1,1,1]",ready,PLAIN_AND_TONE_COMPOSITE,"SELECT id, pinyin_key, tone_pinyin_key, word, normalized, prior_score, repair_target, enabled, aliases, source, canonical_word, is_alias FROM base_lexicon WHERE pinyin_key = ? AND tone_pinyin_key = ? AND enabled = 1 AND length(word) = ? ORDER BY prior_score DESC LIMIT ? || SELECT id, domain_id, pinyin_key, tone_pinyin_key, word, normalized, prior_score, repair_target, enabled, aliases, source, canonical_word, is_alias FROM domain_lexicon WHERE domain_id = ? AND pinyin_key = ? AND tone_pinyin_key = ? AND enabled = 1 AND length(word) = ? ORDER BY prior_score DESC LIMIT ? /* domainIds=[""bakery"",""coffee"",""food_order"",""medical"",""meeting"",""milk_tea"",""tech_ai"",""tourism_hotel"",""tourism_pickup"",""tourism_route"",""tourism_transport"",""transport""] */","{""pinyin_key"":""jing|tong|bu"",""tone_pinyin_key"":""jing1|tong1|bu1"",""length"":3,""limit"":8} || {""domainIds"":[""bakery"",""coffee"",""food_order"",""medical"",""meeting"",""milk_tea"",""tech_ai"",""tourism_hotel"",""tourism_pickup"",""tourism_route"",""tourism_transport"",""transport""],""pinyin_key"":""jing|tong|bu"",""tone_pinyin_key"":""jing1|tong1|bu1"",""length"":3,""limit"":8}",0,,jing1|tong1|bu1,0,,2
sync-01,精通步给,,,jing|tong|bu|gei,jing1|tong1|bu1|gei1,"[1,1,1,1]",ready,PLAIN_AND_TONE_COMPOSITE,"SELECT id, pinyin_key, tone_pinyin_key, word, normalized, prior_score, repair_target, enabled, aliases, source, canonical_word, is_alias FROM base_lexicon WHERE pinyin_key = ? AND tone_pinyin_key = ? AND enabled = 1 AND length(word) = ? ORDER BY prior_score DESC LIMIT ? || SELECT id, domain_id, pinyin_key, tone_pinyin_key, word, normalized, prior_score, repair_target, enabled, aliases, source, canonical_word, is_alias FROM domain_lexicon WHERE domain_id = ? AND pinyin_key = ? AND tone_pinyin_key = ? AND enabled = 1 AND length(word) = ? ORDER BY prior_score DESC LIMIT ? /* domainIds=[""bakery"",""coffee"",""food_order"",""medical"",""meeting"",""milk_tea"",""tech_ai"",""tourism_hotel"",""tourism_pickup"",""tourism_route"",""tourism_transport"",""transport""] */","{""pinyin_key"":""jing|tong|bu|gei"",""tone_pinyin_key"":""jing1|tong1|bu1|gei1"",""length"":4,""limit"":8} || {""domainIds"":[""bakery"",""coffee"",""food_order"",""medical"",""meeting"",""milk_tea"",""tech_ai"",""tourism_hotel"",""tourism_pickup"",""tourism_route"",""tourism_transport"",""transport""],""pinyin_key"":""jing|tong|bu|gei"",""tone_pinyin_key"":""jing1|tong1|bu1|gei1"",""length"":4,""limit"":8}",0,,jing1|tong1|bu1|gei1,0,,2
sync-01,精通步给质,,,jing|tong|bu|gei|zhi,jing1|tong1|bu1|gei1|zhi1,"[1,1,1,1,1]",ready,PLAIN_AND_TONE_COMPOSITE,"SELECT id, pinyin_key, tone_pinyin_key, word, normalized, prior_score, repair_target, enabled, aliases, source, canonical_word, is_alias FROM base_lexicon WHERE pinyin_key = ? AND tone_pinyin_key = ? AND enabled = 1 AND length(word) = ? ORDER BY prior_score DESC LIMIT ? || SELECT id, domain_id, pinyin_key, tone_pinyin_key, word, normalized, prior_score, repair_target, enabled, aliases, source, canonical_word, is_alias FROM domain_lexicon WHERE domain_id = ? AND pinyin_key = ? AND tone_pinyin_key = ? AND enabled = 1 AND length(word) = ? ORDER BY prior_score DESC LIMIT ? /* domainIds=[""bakery"",""coffee"",""food_order"",""medical"",""meeting"",""milk_tea"",""tech_ai"",""tourism_hotel"",""tourism_pickup"",""tourism_route"",""tourism_transport"",""transport""] */","{""pinyin_key"":""jing|tong|bu|gei|zhi"",""tone_pinyin_key"":""jing1|tong1|bu1|gei1|zhi1"",""length"":5,""limit"":8} || {""domainIds"":[""bakery"",""coffee"",""food_order"",""medical"",""meeting"",""milk_tea"",""tech_ai"",""tourism_hotel"",""tourism_pickup"",""tourism_route"",""tourism_transport"",""transport""],""pinyin_key"":""jing|tong|bu|gei|zhi"",""tone_pinyin_key"":""jing1|tong1|bu1|gei1|zhi1"",""length"":5,""limit"":8}",0,,jing1|tong1|bu1|gei1|zhi1,0,,2
sync-01,通,,,tong,tong1,[1],ready,PLAIN_AND_TONE_COMPOSITE,"SELECT id, pinyin_key, tone_pinyin_key, word, normalized, prior_score, repair_target, enabled, aliases, source, canonical_word, is_alias FROM base_lexicon WHERE pinyin_key = ? AND tone_pinyin_key = ? AND enabled = 1 AND length(word) = ? ORDER BY prior_score DESC LIMIT ? || SELECT id, pinyin_key, tone_pinyin_key, word, normalized, prior_score, repair_target, enabled, aliases, source, canonical_word, is_alias FROM base_lexicon WHERE pinyin_key = ? AND tone_pinyin_key = ? AND word = ? AND enabled = 1 AND length(word) = ? LIMIT ?","{""pinyin_key"":""tong"",""tone_pinyin_key"":""tong1"",""length"":1,""limit"":8} || {""pinyin_key"":""tong"",""tone_pinyin_key"":""tong1"",""word"":""通"",""length"":1,""limit"":2}",0,,tong1,0,,2
sync-01,通步,,,tong|bu,tong1|bu1,"[1,1]",ready,PLAIN_AND_TONE_COMPOSITE,"SELECT id, pinyin_key, tone_pinyin_key, word, normalized, prior_score, repair_target, enabled, aliases, source, canonical_word, is_alias FROM base_lexicon WHERE pinyin_key = ? AND tone_pinyin_key = ? AND enabled = 1 AND length(word) = ? ORDER BY prior_score DESC LIMIT ? || SELECT id, domain_id, pinyin_key, tone_pinyin_key, word, normalized, prior_score, repair_target, enabled, aliases, source, canonical_word, is_alias FROM domain_lexicon WHERE domain_id = ? AND pinyin_key = ? AND tone_pinyin_key = ? AND enabled = 1 AND length(word) = ? ORDER BY prior_score DESC LIMIT ? /* domainIds=[""bakery"",""coffee"",""food_order"",""medical"",""meeting"",""milk_tea"",""tech_ai"",""tourism_hotel"",""tourism_pickup"",""tourism_route"",""tourism_transport"",""transport""] */","{""pinyin_key"":""tong|bu"",""tone_pinyin_key"":""tong1|bu1"",""length"":2,""limit"":8} || {""domainIds"":[""bakery"",""coffee"",""food_order"",""medical"",""meeting"",""milk_tea"",""tech_ai"",""tourism_hotel"",""tourism_pickup"",""tourism_route"",""tourism_transport"",""transport""],""pinyin_key"":""tong|bu"",""tone_pinyin_key"":""tong1|bu1"",""length"":2,""limit"":8}",0,,tong1|bu1,0,,2
sync-01,通步给,,,tong|bu|gei,tong1|bu1|gei1,"[1,1,1]",ready,PLAIN_AND_TONE_COMPOSITE,"SELECT id, pinyin_key, tone_pinyin_key, word, normalized, prior_score, repair_target, enabled, aliases, source, canonical_word, is_alias FROM base_lexicon WHERE pinyin_key = ? AND tone_pinyin_key = ? AND enabled = 1 AND length(word) = ? ORDER BY prior_score DESC LIMIT ? || SELECT id, domain_id, pinyin_key, tone_pinyin_key, word, normalized, prior_score, repair_target, enabled, aliases, source, canonical_word, is_alias FROM domain_lexicon WHERE domain_id = ? AND pinyin_key = ? AND tone_pinyin_key = ? AND enabled = 1 AND length(word) = ? ORDER BY prior_score DESC LIMIT ? /* domainIds=[""bakery"",""coffee"",""food_order"",""medical"",""meeting"",""milk_tea"",""tech_ai"",""tourism_hotel"",""tourism_pickup"",""tourism_route"",""tourism_transport"",""transport""] */","{""pinyin_key"":""tong|bu|gei"",""tone_pinyin_key"":""tong1|bu1|gei1"",""length"":3,""limit"":8} || {""domainIds"":[""bakery"",""coffee"",""food_order"",""medical"",""meeting"",""milk_tea"",""tech_ai"",""tourism_hotel"",""tourism_pickup"",""tourism_route"",""tourism_transport"",""transport""],""pinyin_key"":""tong|bu|gei"",""tone_pinyin_key"":""tong1|bu1|gei1"",""length"":3,""limit"":8}",0,,tong1|bu1|gei1,0,,2
sync-01,通步给质,,,tong|bu|gei|zhi,tong1|bu1|gei1|zhi1,"[1,1,1,1]",ready,PLAIN_AND_TONE_COMPOSITE,"SELECT id, pinyin_key, tone_pinyin_key, word, normalized, prior_score, repair_target, enabled, aliases, source, canonical_word, is_alias FROM base_lexicon WHERE pinyin_key = ? AND tone_pinyin_key = ? AND enabled = 1 AND length(word) = ? ORDER BY prior_score DESC LIMIT ? || SELECT id, domain_id, pinyin_key, tone_pinyin_key, word, normalized, prior_score, repair_target, enabled, aliases, source, canonical_word, is_alias FROM domain_lexicon WHERE domain_id = ? AND pinyin_key = ? AND tone_pinyin_key = ? AND enabled = 1 AND length(word) = ? ORDER BY prior_score DESC LIMIT ? /* domainIds=[""bakery"",""coffee"",""food_order"",""medical"",""meeting"",""milk_tea"",""tech_ai"",""tourism_hotel"",""tourism_pickup"",""tourism_route"",""tourism_transport"",""transport""] */","{""pinyin_key"":""tong|bu|gei|zhi"",""tone_pinyin_key"":""tong1|bu1|gei1|zhi1"",""length"":4,""limit"":8} || {""domainIds"":[""bakery"",""coffee"",""food_order"",""medical"",""meeting"",""milk_tea"",""tech_ai"",""tourism_hotel"",""tourism_pickup"",""tourism_route"",""tourism_transport"",""transport""],""pinyin_key"":""tong|bu|gei|zhi"",""tone_pinyin_key"":""tong1|bu1|gei1|zhi1"",""length"":4,""limit"":8}",0,,tong1|bu1|gei1|zhi1,0,,2
sync-01,通步给质量,,,tong|bu|gei|zhi|liang,tong1|bu1|gei1|zhi1|liang1,"[1,1,1,1,1]",ready,PLAIN_AND_TONE_COMPOSITE,"SELECT id, pinyin_key, tone_pinyin_key, word, normalized, prior_score, repair_target, enabled, aliases, source, canonical_word, is_alias FROM base_lexicon WHERE pinyin_key = ? AND tone_pinyin_key = ? AND enabled = 1 AND length(word) = ? ORDER BY prior_score DESC LIMIT ? || SELECT id, domain_id, pinyin_key, tone_pinyin_key, word, normalized, prior_score, repair_target, enabled, aliases, source, canonical_word, is_alias FROM domain_lexicon WHERE domain_id = ? AND pinyin_key = ? AND tone_pinyin_key = ? AND enabled = 1 AND length(word) = ? ORDER BY prior_score DESC LIMIT ? /* domainIds=[""bakery"",""coffee"",""food_order"",""medical"",""meeting"",""milk_tea"",""tech_ai"",""tourism_hotel"",""tourism_pickup"",""tourism_route"",""tourism_transport"",""transport""] */","{""pinyin_key"":""tong|bu|gei|zhi|liang"",""tone_pinyin_key"":""tong1|bu1|gei1|zhi1|liang1"",""length"":5,""limit"":8} || {""domainIds"":[""bakery"",""coffee"",""food_order"",""medical"",""meeting"",""milk_tea"",""tech_ai"",""tourism_hotel"",""tourism_pickup"",""tourism_route"",""tourism_transport"",""transport""],""pinyin_key"":""tong|bu|gei|zhi|liang"",""tone_pinyin_key"":""tong1|bu1|gei1|zhi1|liang1"",""length"":5,""limit"":8}",0,,tong1|bu1|gei1|zhi1|liang1,0,,2
sync-01,步,,,bu,bu1,[1],ready,PLAIN_AND_TONE_COMPOSITE,"SELECT id, pinyin_key, tone_pinyin_key, word, normalized, prior_score, repair_target, enabled, aliases, source, canonical_word, is_alias FROM base_lexicon WHERE pinyin_key = ? AND tone_pinyin_key = ? AND enabled = 1 AND length(word) = ? ORDER BY prior_score DESC LIMIT ? || SELECT id, pinyin_key, tone_pinyin_key, word, normalized, prior_score, repair_target, enabled, aliases, source, canonical_word, is_alias FROM base_lexicon WHERE pinyin_key = ? AND tone_pinyin_key = ? AND word = ? AND enabled = 1 AND length(word) = ? LIMIT ?","{""pinyin_key"":""bu"",""tone_pinyin_key"":""bu1"",""length"":1,""limit"":8} || {""pinyin_key"":""bu"",""tone_pinyin_key"":""bu1"",""word"":""步"",""length"":1,""limit"":2}",0,,bu1,0,,2
sync-01,步给,,,bu|gei,bu1|gei1,"[1,1]",ready,PLAIN_AND_TONE_COMPOSITE,"SELECT id, pinyin_key, tone_pinyin_key, word, normalized, prior_score, repair_target, enabled, aliases, source, canonical_word, is_alias FROM base_lexicon WHERE pinyin_key = ? AND tone_pinyin_key = ? AND enabled = 1 AND length(word) = ? ORDER BY prior_score DESC LIMIT ? || SELECT id, domain_id, pinyin_key, tone_pinyin_key, word, normalized, prior_score, repair_target, enabled, aliases, source, canonical_word, is_alias FROM domain_lexicon WHERE domain_id = ? AND pinyin_key = ? AND tone_pinyin_key = ? AND enabled = 1 AND length(word) = ? ORDER BY prior_score DESC LIMIT ? /* domainIds=[""bakery"",""coffee"",""food_order"",""medical"",""meeting"",""milk_tea"",""tech_ai"",""tourism_hotel"",""tourism_pickup"",""tourism_route"",""tourism_transport"",""transport""] */","{""pinyin_key"":""bu|gei"",""tone_pinyin_key"":""bu1|gei1"",""length"":2,""limit"":8} || {""domainIds"":[""bakery"",""coffee"",""food_order"",""medical"",""meeting"",""milk_tea"",""tech_ai"",""tourism_hotel"",""tourism_pickup"",""tourism_route"",""tourism_transport"",""transport""],""pinyin_key"":""bu|gei"",""tone_pinyin_key"":""bu1|gei1"",""length"":2,""limit"":8}",0,,bu1|gei1,0,,2
sync-01,步给质,,,bu|gei|zhi,bu1|gei1|zhi1,"[1,1,1]",ready,PLAIN_AND_TONE_COMPOSITE,"SELECT id, pinyin_key, tone_pinyin_key, word, normalized, prior_score, repair_target, enabled, aliases, source, canonical_word, is_alias FROM base_lexicon WHERE pinyin_key = ? AND tone_pinyin_key = ? AND enabled = 1 AND length(word) = ? ORDER BY prior_score DESC LIMIT ? || SELECT id, domain_id, pinyin_key, tone_pinyin_key, word, normalized, prior_score, repair_target, enabled, aliases, source, canonical_word, is_alias FROM domain_lexicon WHERE domain_id = ? AND pinyin_key = ? AND tone_pinyin_key = ? AND enabled = 1 AND length(word) = ? ORDER BY prior_score DESC LIMIT ? /* domainIds=[""bakery"",""coffee"",""food_order"",""medical"",""meeting"",""milk_tea"",""tech_ai"",""tourism_hotel"",""tourism_pickup"",""tourism_route"",""tourism_transport"",""transport""] */","{""pinyin_key"":""bu|gei|zhi"",""tone_pinyin_key"":""bu1|gei1|zhi1"",""length"":3,""limit"":8} || {""domainIds"":[""bakery"",""coffee"",""food_order"",""medical"",""meeting"",""milk_tea"",""tech_ai"",""tourism_hotel"",""tourism_pickup"",""tourism_route"",""tourism_transport"",""transport""],""pinyin_key"":""bu|gei|zhi"",""tone_pinyin_key"":""bu1|gei1|zhi1"",""length"":3,""limit"":8}",0,,bu1|gei1|zhi1,0,,2
sync-01,步给质量,,,bu|gei|zhi|liang,bu1|gei1|zhi1|liang1,"[1,1,1,1]",ready,PLAIN_AND_TONE_COMPOSITE,"SELECT id, pinyin_key, tone_pinyin_key, word, normalized, prior_score, repair_target, enabled, aliases, source, canonical_word, is_alias FROM base_lexicon WHERE pinyin_key = ? AND tone_pinyin_key = ? AND enabled = 1 AND length(word) = ? ORDER BY prior_score DESC LIMIT ? || SELECT id, domain_id, pinyin_key, tone_pinyin_key, word, normalized, prior_score, repair_target, enabled, aliases, source, canonical_word, is_alias FROM domain_lexicon WHERE domain_id = ? AND pinyin_key = ? AND tone_pinyin_key = ? AND enabled = 1 AND length(word) = ? ORDER BY prior_score DESC LIMIT ? /* domainIds=[""bakery"",""coffee"",""food_order"",""medical"",""meeting"",""milk_tea"",""tech_ai"",""tourism_hotel"",""tourism_pickup"",""tourism_route"",""tourism_transport"",""transport""] */","{""pinyin_key"":""bu|gei|zhi|liang"",""tone_pinyin_key"":""bu1|gei1|zhi1|liang1"",""length"":4,""limit"":8} || {""domainIds"":[""bakery"",""coffee"",""food_order"",""medical"",""meeting"",""milk_tea"",""tech_ai"",""tourism_hotel"",""tourism_pickup"",""tourism_route"",""tourism_transport"",""transport""],""pinyin_key"":""bu|gei|zhi|liang"",""tone_pinyin_key"":""bu1|gei1|zhi1|liang1"",""length"":4,""limit"":8}",0,,bu1|gei1|zhi1|liang1,0,,2
sync-01,步给质量保,,,bu|gei|zhi|liang|bao,bu1|gei1|zhi1|liang1|bao1,"[1,1,1,1,1]",ready,PLAIN_AND_TONE_COMPOSITE,"SELECT id, pinyin_key, tone_pinyin_key, word, normalized, prior_score, repair_target, enabled, aliases, source, canonical_word, is_alias FROM base_lexicon WHERE pinyin_key = ? AND tone_pinyin_key = ? AND enabled = 1 AND length(word) = ? ORDER BY prior_score DESC LIMIT ? || SELECT id, domain_id, pinyin_key, tone_pinyin_key, word, normalized, prior_score, repair_target, enabled, aliases, source, canonical_word, is_alias FROM domain_lexicon WHERE domain_id = ? AND pinyin_key = ? AND tone_pinyin_key = ? AND enabled = 1 AND length(word) = ? ORDER BY prior_score DESC LIMIT ? /* domainIds=[""bakery"",""coffee"",""food_order"",""medical"",""meeting"",""milk_tea"",""tech_ai"",""tourism_hotel"",""tourism_pickup"",""tourism_route"",""tourism_transport"",""transport""] */","{""pinyin_key"":""bu|gei|zhi|liang|bao"",""tone_pinyin_key"":""bu1|gei1|zhi1|liang1|bao1"",""length"":5,""limit"":8} || {""domainIds"":[""bakery"",""coffee"",""food_order"",""medical"",""meeting"",""milk_tea"",""tech_ai"",""tourism_hotel"",""tourism_pickup"",""tourism_route"",""tourism_transport"",""transport""],""pinyin_key"":""bu|gei|zhi|liang|bao"",""tone_pinyin_key"":""bu1|gei1|zhi1|liang1|bao1"",""length"":5,""limit"":8}",0,,bu1|gei1|zhi1|liang1|bao1,0,,2
sync-01,给,,,gei,gei1,[1],ready,PLAIN_AND_TONE_COMPOSITE,"SELECT id, pinyin_key, tone_pinyin_key, word, normalized, prior_score, repair_target, enabled, aliases, source, canonical_word, is_alias FROM base_lexicon WHERE pinyin_key = ? AND tone_pinyin_key = ? AND enabled = 1 AND length(word) = ? ORDER BY prior_score DESC LIMIT ? || SELECT id, pinyin_key, tone_pinyin_key, word, normalized, prior_score, repair_target, enabled, aliases, source, canonical_word, is_alias FROM base_lexicon WHERE pinyin_key = ? AND tone_pinyin_key = ? AND word = ? AND enabled = 1 AND length(word) = ? LIMIT ?","{""pinyin_key"":""gei"",""tone_pinyin_key"":""gei1"",""length"":1,""limit"":8} || {""pinyin_key"":""gei"",""tone_pinyin_key"":""gei1"",""word"":""给"",""length"":1,""limit"":2}",0,,gei1,0,,2
sync-01,给质,,,gei|zhi,gei1|zhi1,"[1,1]",ready,PLAIN_AND_TONE_COMPOSITE,"SELECT id, pinyin_key, tone_pinyin_key, word, normalized, prior_score, repair_target, enabled, aliases, source, canonical_word, is_alias FROM base_lexicon WHERE pinyin_key = ? AND tone_pinyin_key = ? AND enabled = 1 AND length(word) = ? ORDER BY prior_score DESC LIMIT ? || SELECT id, domain_id, pinyin_key, tone_pinyin_key, word, normalized, prior_score, repair_target, enabled, aliases, source, canonical_word, is_alias FROM domain_lexicon WHERE domain_id = ? AND pinyin_key = ? AND tone_pinyin_key = ? AND enabled = 1 AND length(word) = ? ORDER BY prior_score DESC LIMIT ? /* domainIds=[""bakery"",""coffee"",""food_order"",""medical"",""meeting"",""milk_tea"",""tech_ai"",""tourism_hotel"",""tourism_pickup"",""tourism_route"",""tourism_transport"",""transport""] */","{""pinyin_key"":""gei|zhi"",""tone_pinyin_key"":""gei1|zhi1"",""length"":2,""limit"":8} || {""domainIds"":[""bakery"",""coffee"",""food_order"",""medical"",""meeting"",""milk_tea"",""tech_ai"",""tourism_hotel"",""tourism_pickup"",""tourism_route"",""tourism_transport"",""transport""],""pinyin_key"":""gei|zhi"",""tone_pinyin_key"":""gei1|zhi1"",""length"":2,""limit"":8}",0,,gei1|zhi1,0,,2
sync-01,给质量,,,gei|zhi|liang,gei1|zhi1|liang1,"[1,1,1]",ready,PLAIN_AND_TONE_COMPOSITE,"SELECT id, pinyin_key, tone_pinyin_key, word, normalized, prior_score, repair_target, enabled, aliases, source, canonical_word, is_alias FROM base_lexicon WHERE pinyin_key = ? AND tone_pinyin_key = ? AND enabled = 1 AND length(word) = ? ORDER BY prior_score DESC LIMIT ? || SELECT id, domain_id, pinyin_key, tone_pinyin_key, word, normalized, prior_score, repair_target, enabled, aliases, source, canonical_word, is_alias FROM domain_lexicon WHERE domain_id = ? AND pinyin_key = ? AND tone_pinyin_key = ? AND enabled = 1 AND length(word) = ? ORDER BY prior_score DESC LIMIT ? /* domainIds=[""bakery"",""coffee"",""food_order"",""medical"",""meeting"",""milk_tea"",""tech_ai"",""tourism_hotel"",""tourism_pickup"",""tourism_route"",""tourism_transport"",""transport""] */","{""pinyin_key"":""gei|zhi|liang"",""tone_pinyin_key"":""gei1|zhi1|liang1"",""length"":3,""limit"":8} || {""domainIds"":[""bakery"",""coffee"",""food_order"",""medical"",""meeting"",""milk_tea"",""tech_ai"",""tourism_hotel"",""tourism_pickup"",""tourism_route"",""tourism_transport"",""transport""],""pinyin_key"":""gei|zhi|liang"",""tone_pinyin_key"":""gei1|zhi1|liang1"",""length"":3,""limit"":8}",0,,gei1|zhi1|liang1,0,,2
sync-01,给质量保,,,gei|zhi|liang|bao,gei1|zhi1|liang1|bao1,"[1,1,1,1]",ready,PLAIN_AND_TONE_COMPOSITE,"SELECT id, pinyin_key, tone_pinyin_key, word, normalized, prior_score, repair_target, enabled, aliases, source, canonical_word, is_alias FROM base_lexicon WHERE pinyin_key = ? AND tone_pinyin_key = ? AND enabled = 1 AND length(word) = ? ORDER BY prior_score DESC LIMIT ? || SELECT id, domain_id, pinyin_key, tone_pinyin_key, word, normalized, prior_score, repair_target, enabled, aliases, source, canonical_word, is_alias FROM domain_lexicon WHERE domain_id = ? AND pinyin_key = ? AND tone_pinyin_key = ? AND enabled = 1 AND length(word) = ? ORDER BY prior_score DESC LIMIT ? /* domainIds=[""bakery"",""coffee"",""food_order"",""medical"",""meeting"",""milk_tea"",""tech_ai"",""tourism_hotel"",""tourism_pickup"",""tourism_route"",""tourism_transport"",""transport""] */","{""pinyin_key"":""gei|zhi|liang|bao"",""tone_pinyin_key"":""gei1|zhi1|liang1|bao1"",""length"":4,""limit"":8} || {""domainIds"":[""bakery"",""coffee"",""food_order"",""medical"",""meeting"",""milk_tea"",""tech_ai"",""tourism_hotel"",""tourism_pickup"",""tourism_route"",""tourism_transport"",""transport""],""pinyin_key"":""gei|zhi|liang|bao"",""tone_pinyin_key"":""gei1|zhi1|liang1|bao1"",""length"":4,""limit"":8}",0,,gei1|zhi1|liang1|bao1,0,,2
sync-01,给质量保障,,,gei|zhi|liang|bao|zhang,gei1|zhi1|liang1|bao1|zhang1,"[1,1,1,1,1]",ready,PLAIN_AND_TONE_COMPOSITE,"SELECT id, pinyin_key, tone_pinyin_key, word, normalized, prior_score, repair_target, enabled, aliases, source, canonical_word, is_alias FROM base_lexicon WHERE pinyin_key = ? AND tone_pinyin_key = ? AND enabled = 1 AND length(word) = ? ORDER BY prior_score DESC LIMIT ? || SELECT id, domain_id, pinyin_key, tone_pinyin_key, word, normalized, prior_score, repair_target, enabled, aliases, source, canonical_word, is_alias FROM domain_lexicon WHERE domain_id = ? AND pinyin_key = ? AND tone_pinyin_key = ? AND enabled = 1 AND length(word) = ? ORDER BY prior_score DESC LIMIT ? /* domainIds=[""bakery"",""coffee"",""food_order"",""medical"",""meeting"",""milk_tea"",""tech_ai"",""tourism_hotel"",""tourism_pickup"",""tourism_route"",""tourism_transport"",""transport""] */","{""pinyin_key"":""gei|zhi|liang|bao|zhang"",""tone_pinyin_key"":""gei1|zhi1|liang1|bao1|zhang1"",""length"":5,""limit"":8} || {""domainIds"":[""bakery"",""coffee"",""food_order"",""medical"",""meeting"",""milk_tea"",""tech_ai"",""tourism_hotel"",""tourism_pickup"",""tourism_route"",""tourism_transport"",""transport""],""pinyin_key"":""gei|zhi|liang|bao|zhang"",""tone_pinyin_key"":""gei1|zhi1|liang1|bao1|zhang1"",""length"":5,""limit"":8}",0,,gei1|zhi1|liang1|bao1|zhang1,0,,2
sync-01,质,,,zhi,zhi1,[1],ready,PLAIN_AND_TONE_COMPOSITE,"SELECT id, pinyin_key, tone_pinyin_key, word, normalized, prior_score, repair_target, enabled, aliases, source, canonical_word, is_alias FROM base_lexicon WHERE pinyin_key = ? AND tone_pinyin_key = ? AND enabled = 1 AND length(word) = ? ORDER BY prior_score DESC LIMIT ? || SELECT id, pinyin_key, tone_pinyin_key, word, normalized, prior_score, repair_target, enabled, aliases, source, canonical_word, is_alias FROM base_lexicon WHERE pinyin_key = ? AND tone_pinyin_key = ? AND word = ? AND enabled = 1 AND length(word) = ? LIMIT ?","{""pinyin_key"":""zhi"",""tone_pinyin_key"":""zhi1"",""length"":1,""limit"":8} || {""pinyin_key"":""zhi"",""tone_pinyin_key"":""zhi1"",""word"":""质"",""length"":1,""limit"":2}",0,,zhi1,0,,2
sync-01,质量,,,zhi|liang,zhi1|liang1,"[1,1]",ready,PLAIN_AND_TONE_COMPOSITE,"SELECT id, pinyin_key, tone_pinyin_key, word, normalized, prior_score, repair_target, enabled, aliases, source, canonical_word, is_alias FROM base_lexicon WHERE pinyin_key = ? AND tone_pinyin_key = ? AND enabled = 1 AND length(word) = ? ORDER BY prior_score DESC LIMIT ? || SELECT id, domain_id, pinyin_key, tone_pinyin_key, word, normalized, prior_score, repair_target, enabled, aliases, source, canonical_word, is_alias FROM domain_lexicon WHERE domain_id = ? AND pinyin_key = ? AND tone_pinyin_key = ? AND enabled = 1 AND length(word) = ? ORDER BY prior_score DESC LIMIT ? /* domainIds=[""bakery"",""coffee"",""food_order"",""medical"",""meeting"",""milk_tea"",""tech_ai"",""tourism_hotel"",""tourism_pickup"",""tourism_route"",""tourism_transport"",""transport""] */","{""pinyin_key"":""zhi|liang"",""tone_pinyin_key"":""zhi1|liang1"",""length"":2,""limit"":8} || {""domainIds"":[""bakery"",""coffee"",""food_order"",""medical"",""meeting"",""milk_tea"",""tech_ai"",""tourism_hotel"",""tourism_pickup"",""tourism_route"",""tourism_transport"",""transport""],""pinyin_key"":""zhi|liang"",""tone_pinyin_key"":""zhi1|liang1"",""length"":2,""limit"":8}",0,,zhi1|liang1,0,,2
sync-01,质量保,,,zhi|liang|bao,zhi1|liang1|bao1,"[1,1,1]",ready,PLAIN_AND_TONE_COMPOSITE,"SELECT id, pinyin_key, tone_pinyin_key, word, normalized, prior_score, repair_target, enabled, aliases, source, canonical_word, is_alias FROM base_lexicon WHERE pinyin_key = ? AND tone_pinyin_key = ? AND enabled = 1 AND length(word) = ? ORDER BY prior_score DESC LIMIT ? || SELECT id, domain_id, pinyin_key, tone_pinyin_key, word, normalized, prior_score, repair_target, enabled, aliases, source, canonical_word, is_alias FROM domain_lexicon WHERE domain_id = ? AND pinyin_key = ? AND tone_pinyin_key = ? AND enabled = 1 AND length(word) = ? ORDER BY prior_score DESC LIMIT ? /* domainIds=[""bakery"",""coffee"",""food_order"",""medical"",""meeting"",""milk_tea"",""tech_ai"",""tourism_hotel"",""tourism_pickup"",""tourism_route"",""tourism_transport"",""transport""] */","{""pinyin_key"":""zhi|liang|bao"",""tone_pinyin_key"":""zhi1|liang1|bao1"",""length"":3,""limit"":8} || {""domainIds"":[""bakery"",""coffee"",""food_order"",""medical"",""meeting"",""milk_tea"",""tech_ai"",""tourism_hotel"",""tourism_pickup"",""tourism_route"",""tourism_transport"",""transport""],""pinyin_key"":""zhi|liang|bao"",""tone_pinyin_key"":""zhi1|liang1|bao1"",""length"":3,""limit"":8}",0,,zhi1|liang1|bao1,0,,2
sync-01,质量保障,,,zhi|liang|bao|zhang,zhi1|liang1|bao1|zhang1,"[1,1,1,1]",ready,PLAIN_AND_TONE_COMPOSITE,"SELECT id, pinyin_key, tone_pinyin_key, word, normalized, prior_score, repair_target, enabled, aliases, source, canonical_word, is_alias FROM base_lexicon WHERE pinyin_key = ? AND tone_pinyin_key = ? AND enabled = 1 AND length(word) = ? ORDER BY prior_score DESC LIMIT ? || SELECT id, domain_id, pinyin_key, tone_pinyin_key, word, normalized, prior_score, repair_target, enabled, aliases, source, canonical_word, is_alias FROM domain_lexicon WHERE domain_id = ? AND pinyin_key = ? AND tone_pinyin_key = ? AND enabled = 1 AND length(word) = ? ORDER BY prior_score DESC LIMIT ? /* domainIds=[""bakery"",""coffee"",""food_order"",""medical"",""meeting"",""milk_tea"",""tech_ai"",""tourism_hotel"",""tourism_pickup"",""tourism_route"",""tourism_transport"",""transport""] */","{""pinyin_key"":""zhi|liang|bao|zhang"",""tone_pinyin_key"":""zhi1|liang1|bao1|zhang1"",""length"":4,""limit"":8} || {""domainIds"":[""bakery"",""coffee"",""food_order"",""medical"",""meeting"",""milk_tea"",""tech_ai"",""tourism_hotel"",""tourism_pickup"",""tourism_route"",""tourism_transport"",""transport""],""pinyin_key"":""zhi|liang|bao|zhang"",""tone_pinyin_key"":""zhi1|liang1|bao1|zhang1"",""length"":4,""limit"":8}",0,,zhi1|liang1|bao1|zhang1,0,,2
sync-01,质量保障团,,,zhi|liang|bao|zhang|tuan,zhi1|liang1|bao1|zhang1|tuan1,"[1,1,1,1,1]",ready,PLAIN_AND_TONE_COMPOSITE,"SELECT id, pinyin_key, tone_pinyin_key, word, normalized, prior_score, repair_target, enabled, aliases, source, canonical_word, is_alias FROM base_lexicon WHERE pinyin_key = ? AND tone_pinyin_key = ? AND enabled = 1 AND length(word) = ? ORDER BY prior_score DESC LIMIT ? || SELECT id, domain_id, pinyin_key, tone_pinyin_key, word, normalized, prior_score, repair_target, enabled, aliases, source, canonical_word, is_alias FROM domain_lexicon WHERE domain_id = ? AND pinyin_key = ? AND tone_pinyin_key = ? AND enabled = 1 AND length(word) = ? ORDER BY prior_score DESC LIMIT ? /* domainIds=[""bakery"",""coffee"",""food_order"",""medical"",""meeting"",""milk_tea"",""tech_ai"",""tourism_hotel"",""tourism_pickup"",""tourism_route"",""tourism_transport"",""transport""] */","{""pinyin_key"":""zhi|liang|bao|zhang|tuan"",""tone_pinyin_key"":""zhi1|liang1|bao1|zhang1|tuan1"",""length"":5,""limit"":8} || {""domainIds"":[""bakery"",""coffee"",""food_order"",""medical"",""meeting"",""milk_tea"",""tech_ai"",""tourism_hotel"",""tourism_pickup"",""tourism_route"",""tourism_transport"",""transport""],""pinyin_key"":""zhi|liang|bao|zhang|tuan"",""tone_pinyin_key"":""zhi1|liang1|bao1|zhang1|tuan1"",""length"":5,""limit"":8}",0,,zhi1|liang1|bao1|zhang1|tuan1,0,,2
sync-01,量,,,liang,liang1,[1],ready,PLAIN_AND_TONE_COMPOSITE,"SELECT id, pinyin_key, tone_pinyin_key, word, normalized, prior_score, repair_target, enabled, aliases, source, canonical_word, is_alias FROM base_lexicon WHERE pinyin_key = ? AND tone_pinyin_key = ? AND enabled = 1 AND length(word) = ? ORDER BY prior_score DESC LIMIT ? || SELECT id, pinyin_key, tone_pinyin_key, word, normalized, prior_score, repair_target, enabled, aliases, source, canonical_word, is_alias FROM base_lexicon WHERE pinyin_key = ? AND tone_pinyin_key = ? AND word = ? AND enabled = 1 AND length(word) = ? LIMIT ?","{""pinyin_key"":""liang"",""tone_pinyin_key"":""liang1"",""length"":1,""limit"":8} || {""pinyin_key"":""liang"",""tone_pinyin_key"":""liang1"",""word"":""量"",""length"":1,""limit"":2}",0,,liang1,0,,2
sync-01,量保,,,liang|bao,liang1|bao1,"[1,1]",ready,PLAIN_AND_TONE_COMPOSITE,"SELECT id, pinyin_key, tone_pinyin_key, word, normalized, prior_score, repair_target, enabled, aliases, source, canonical_word, is_alias FROM base_lexicon WHERE pinyin_key = ? AND tone_pinyin_key = ? AND enabled = 1 AND length(word) = ? ORDER BY prior_score DESC LIMIT ? || SELECT id, domain_id, pinyin_key, tone_pinyin_key, word, normalized, prior_score, repair_target, enabled, aliases, source, canonical_word, is_alias FROM domain_lexicon WHERE domain_id = ? AND pinyin_key = ? AND tone_pinyin_key = ? AND enabled = 1 AND length(word) = ? ORDER BY prior_score DESC LIMIT ? /* domainIds=[""bakery"",""coffee"",""food_order"",""medical"",""meeting"",""milk_tea"",""tech_ai"",""tourism_hotel"",""tourism_pickup"",""tourism_route"",""tourism_transport"",""transport""] */","{""pinyin_key"":""liang|bao"",""tone_pinyin_key"":""liang1|bao1"",""length"":2,""limit"":8} || {""domainIds"":[""bakery"",""coffee"",""food_order"",""medical"",""meeting"",""milk_tea"",""tech_ai"",""tourism_hotel"",""tourism_pickup"",""tourism_route"",""tourism_transport"",""transport""],""pinyin_key"":""liang|bao"",""tone_pinyin_key"":""liang1|bao1"",""length"":2,""limit"":8}",0,,liang1|bao1,0,,2
sync-01,量保障,,,liang|bao|zhang,liang1|bao1|zhang1,"[1,1,1]",ready,PLAIN_AND_TONE_COMPOSITE,"SELECT id, pinyin_key, tone_pinyin_key, word, normalized, prior_score, repair_target, enabled, aliases, source, canonical_word, is_alias FROM base_lexicon WHERE pinyin_key = ? AND tone_pinyin_key = ? AND enabled = 1 AND length(word) = ? ORDER BY prior_score DESC LIMIT ? || SELECT id, domain_id, pinyin_key, tone_pinyin_key, word, normalized, prior_score, repair_target, enabled, aliases, source, canonical_word, is_alias FROM domain_lexicon WHERE domain_id = ? AND pinyin_key = ? AND tone_pinyin_key = ? AND enabled = 1 AND length(word) = ? ORDER BY prior_score DESC LIMIT ? /* domainIds=[""bakery"",""coffee"",""food_order"",""medical"",""meeting"",""milk_tea"",""tech_ai"",""tourism_hotel"",""tourism_pickup"",""tourism_route"",""tourism_transport"",""transport""] */","{""pinyin_key"":""liang|bao|zhang"",""tone_pinyin_key"":""liang1|bao1|zhang1"",""length"":3,""limit"":8} || {""domainIds"":[""bakery"",""coffee"",""food_order"",""medical"",""meeting"",""milk_tea"",""tech_ai"",""tourism_hotel"",""tourism_pickup"",""tourism_route"",""tourism_transport"",""transport""],""pinyin_key"":""liang|bao|zhang"",""tone_pinyin_key"":""liang1|bao1|zhang1"",""length"":3,""limit"":8}",0,,liang1|bao1|zhang1,0,,2
sync-01,量保障团,,,liang|bao|zhang|tuan,liang1|bao1|zhang1|tuan1,"[1,1,1,1]",ready,PLAIN_AND_TONE_COMPOSITE,"SELECT id, pinyin_key, tone_pinyin_key, word, normalized, prior_score, repair_target, enabled, aliases, source, canonical_word, is_alias FROM base_lexicon WHERE pinyin_key = ? AND tone_pinyin_key = ? AND enabled = 1 AND length(word) = ? ORDER BY prior_score DESC LIMIT ? || SELECT id, domain_id, pinyin_key, tone_pinyin_key, word, normalized, prior_score, repair_target, enabled, aliases, source, canonical_word, is_alias FROM domain_lexicon WHERE domain_id = ? AND pinyin_key = ? AND tone_pinyin_key = ? AND enabled = 1 AND length(word) = ? ORDER BY prior_score DESC LIMIT ? /* domainIds=[""bakery"",""coffee"",""food_order"",""medical"",""meeting"",""milk_tea"",""tech_ai"",""tourism_hotel"",""tourism_pickup"",""tourism_route"",""tourism_transport"",""transport""] */","{""pinyin_key"":""liang|bao|zhang|tuan"",""tone_pinyin_key"":""liang1|bao1|zhang1|tuan1"",""length"":4,""limit"":8} || {""domainIds"":[""bakery"",""coffee"",""food_order"",""medical"",""meeting"",""milk_tea"",""tech_ai"",""tourism_hotel"",""tourism_pickup"",""tourism_route"",""tourism_transport"",""transport""],""pinyin_key"":""liang|bao|zhang|tuan"",""tone_pinyin_key"":""liang1|bao1|zhang1|tuan1"",""length"":4,""limit"":8}",0,,liang1|bao1|zhang1|tuan1,0,,2
sync-01,量保障团队,,,liang|bao|zhang|tuan|dui,liang1|bao1|zhang1|tuan1|dui1,"[1,1,1,1,1]",ready,PLAIN_AND_TONE_COMPOSITE,"SELECT id, pinyin_key, tone_pinyin_key, word, normalized, prior_score, repair_target, enabled, aliases, source, canonical_word, is_alias FROM base_lexicon WHERE pinyin_key = ? AND tone_pinyin_key = ? AND enabled = 1 AND length(word) = ? ORDER BY prior_score DESC LIMIT ? || SELECT id, domain_id, pinyin_key, tone_pinyin_key, word, normalized, prior_score, repair_target, enabled, aliases, source, canonical_word, is_alias FROM domain_lexicon WHERE domain_id = ? AND pinyin_key = ? AND tone_pinyin_key = ? AND enabled = 1 AND length(word) = ? ORDER BY prior_score DESC LIMIT ? /* domainIds=[""bakery"",""coffee"",""food_order"",""medical"",""meeting"",""milk_tea"",""tech_ai"",""tourism_hotel"",""tourism_pickup"",""tourism_route"",""tourism_transport"",""transport""] */","{""pinyin_key"":""liang|bao|zhang|tuan|dui"",""tone_pinyin_key"":""liang1|bao1|zhang1|tuan1|dui1"",""length"":5,""limit"":8} || {""domainIds"":[""bakery"",""coffee"",""food_order"",""medical"",""meeting"",""milk_tea"",""tech_ai"",""tourism_hotel"",""tourism_pickup"",""tourism_route"",""tourism_transport"",""transport""],""pinyin_key"":""liang|bao|zhang|tuan|dui"",""tone_pinyin_key"":""liang1|bao1|zhang1|tuan1|dui1"",""length"":5,""limit"":8}",0,,liang1|bao1|zhang1|tuan1|dui1,0,,2
sync-01,保,,,bao,bao1,[1],ready,PLAIN_AND_TONE_COMPOSITE,"SELECT id, pinyin_key, tone_pinyin_key, word, normalized, prior_score, repair_target, enabled, aliases, source, canonical_word, is_alias FROM base_lexicon WHERE pinyin_key = ? AND tone_pinyin_key = ? AND enabled = 1 AND length(word) = ? ORDER BY prior_score DESC LIMIT ? || SELECT id, pinyin_key, tone_pinyin_key, word, normalized, prior_score, repair_target, enabled, aliases, source, canonical_word, is_alias FROM base_lexicon WHERE pinyin_key = ? AND tone_pinyin_key = ? AND word = ? AND enabled = 1 AND length(word) = ? LIMIT ?","{""pinyin_key"":""bao"",""tone_pinyin_key"":""bao1"",""length"":1,""limit"":8} || {""pinyin_key"":""bao"",""tone_pinyin_key"":""bao1"",""word"":""保"",""length"":1,""limit"":2}",0,,bao1,0,,2
sync-01,保障,,,bao|zhang,bao1|zhang1,"[1,1]",ready,PLAIN_AND_TONE_COMPOSITE,"SELECT id, pinyin_key, tone_pinyin_key, word, normalized, prior_score, repair_target, enabled, aliases, source, canonical_word, is_alias FROM base_lexicon WHERE pinyin_key = ? AND tone_pinyin_key = ? AND enabled = 1 AND length(word) = ? ORDER BY prior_score DESC LIMIT ? || SELECT id, domain_id, pinyin_key, tone_pinyin_key, word, normalized, prior_score, repair_target, enabled, aliases, source, canonical_word, is_alias FROM domain_lexicon WHERE domain_id = ? AND pinyin_key = ? AND tone_pinyin_key = ? AND enabled = 1 AND length(word) = ? ORDER BY prior_score DESC LIMIT ? /* domainIds=[""bakery"",""coffee"",""food_order"",""medical"",""meeting"",""milk_tea"",""tech_ai"",""tourism_hotel"",""tourism_pickup"",""tourism_route"",""tourism_transport"",""transport""] */","{""pinyin_key"":""bao|zhang"",""tone_pinyin_key"":""bao1|zhang1"",""length"":2,""limit"":8} || {""domainIds"":[""bakery"",""coffee"",""food_order"",""medical"",""meeting"",""milk_tea"",""tech_ai"",""tourism_hotel"",""tourism_pickup"",""tourism_route"",""tourism_transport"",""transport""],""pinyin_key"":""bao|zhang"",""tone_pinyin_key"":""bao1|zhang1"",""length"":2,""limit"":8}",0,,bao1|zhang1,0,,2
sync-01,保障团,,,bao|zhang|tuan,bao1|zhang1|tuan1,"[1,1,1]",ready,PLAIN_AND_TONE_COMPOSITE,"SELECT id, pinyin_key, tone_pinyin_key, word, normalized, prior_score, repair_target, enabled, aliases, source, canonical_word, is_alias FROM base_lexicon WHERE pinyin_key = ? AND tone_pinyin_key = ? AND enabled = 1 AND length(word) = ? ORDER BY prior_score DESC LIMIT ? || SELECT id, domain_id, pinyin_key, tone_pinyin_key, word, normalized, prior_score, repair_target, enabled, aliases, source, canonical_word, is_alias FROM domain_lexicon WHERE domain_id = ? AND pinyin_key = ? AND tone_pinyin_key = ? AND enabled = 1 AND length(word) = ? ORDER BY prior_score DESC LIMIT ? /* domainIds=[""bakery"",""coffee"",""food_order"",""medical"",""meeting"",""milk_tea"",""tech_ai"",""tourism_hotel"",""tourism_pickup"",""tourism_route"",""tourism_transport"",""transport""] */","{""pinyin_key"":""bao|zhang|tuan"",""tone_pinyin_key"":""bao1|zhang1|tuan1"",""length"":3,""limit"":8} || {""domainIds"":[""bakery"",""coffee"",""food_order"",""medical"",""meeting"",""milk_tea"",""tech_ai"",""tourism_hotel"",""tourism_pickup"",""tourism_route"",""tourism_transport"",""transport""],""pinyin_key"":""bao|zhang|tuan"",""tone_pinyin_key"":""bao1|zhang1|tuan1"",""length"":3,""limit"":8}",0,,bao1|zhang1|tuan1,0,,2
sync-01,保障团队,,,bao|zhang|tuan|dui,bao1|zhang1|tuan1|dui1,"[1,1,1,1]",ready,PLAIN_AND_TONE_COMPOSITE,"SELECT id, pinyin_key, tone_pinyin_key, word, normalized, prior_score, repair_target, enabled, aliases, source, canonical_word, is_alias FROM base_lexicon WHERE pinyin_key = ? AND tone_pinyin_key = ? AND enabled = 1 AND length(word) = ? ORDER BY prior_score DESC LIMIT ? || SELECT id, domain_id, pinyin_key, tone_pinyin_key, word, normalized, prior_score, repair_target, enabled, aliases, source, canonical_word, is_alias FROM domain_lexicon WHERE domain_id = ? AND pinyin_key = ? AND tone_pinyin_key = ? AND enabled = 1 AND length(word) = ? ORDER BY prior_score DESC LIMIT ? /* domainIds=[""bakery"",""coffee"",""food_order"",""medical"",""meeting"",""milk_tea"",""tech_ai"",""tourism_hotel"",""tourism_pickup"",""tourism_route"",""tourism_transport"",""transport""] */","{""pinyin_key"":""bao|zhang|tuan|dui"",""tone_pinyin_key"":""bao1|zhang1|tuan1|dui1"",""length"":4,""limit"":8} || {""domainIds"":[""bakery"",""coffee"",""food_order"",""medical"",""meeting"",""milk_tea"",""tech_ai"",""tourism_hotel"",""tourism_pickup"",""tourism_route"",""tourism_transport"",""transport""],""pinyin_key"":""bao|zhang|tuan|dui"",""tone_pinyin_key"":""bao1|zhang1|tuan1|dui1"",""length"":4,""limit"":8}",0,,bao1|zhang1|tuan1|dui1,0,,2
sync-01,障,,,zhang,zhang1,[1],ready,PLAIN_AND_TONE_COMPOSITE,"SELECT id, pinyin_key, tone_pinyin_key, word, normalized, prior_score, repair_target, enabled, aliases, source, canonical_word, is_alias FROM base_lexicon WHERE pinyin_key = ? AND tone_pinyin_key = ? AND enabled = 1 AND length(word) = ? ORDER BY prior_score DESC LIMIT ? || SELECT id, pinyin_key, tone_pinyin_key, word, normalized, prior_score, repair_target, enabled, aliases, source, canonical_word, is_alias FROM base_lexicon WHERE pinyin_key = ? AND tone_pinyin_key = ? AND word = ? AND enabled = 1 AND length(word) = ? LIMIT ?","{""pinyin_key"":""zhang"",""tone_pinyin_key"":""zhang1"",""length"":1,""limit"":8} || {""pinyin_key"":""zhang"",""tone_pinyin_key"":""zhang1"",""word"":""障"",""length"":1,""limit"":2}",0,,zhang1,0,,2
sync-01,障团,,,zhang|tuan,zhang1|tuan1,"[1,1]",ready,PLAIN_AND_TONE_COMPOSITE,"SELECT id, pinyin_key, tone_pinyin_key, word, normalized, prior_score, repair_target, enabled, aliases, source, canonical_word, is_alias FROM base_lexicon WHERE pinyin_key = ? AND tone_pinyin_key = ? AND enabled = 1 AND length(word) = ? ORDER BY prior_score DESC LIMIT ? || SELECT id, domain_id, pinyin_key, tone_pinyin_key, word, normalized, prior_score, repair_target, enabled, aliases, source, canonical_word, is_alias FROM domain_lexicon WHERE domain_id = ? AND pinyin_key = ? AND tone_pinyin_key = ? AND enabled = 1 AND length(word) = ? ORDER BY prior_score DESC LIMIT ? /* domainIds=[""bakery"",""coffee"",""food_order"",""medical"",""meeting"",""milk_tea"",""tech_ai"",""tourism_hotel"",""tourism_pickup"",""tourism_route"",""tourism_transport"",""transport""] */","{""pinyin_key"":""zhang|tuan"",""tone_pinyin_key"":""zhang1|tuan1"",""length"":2,""limit"":8} || {""domainIds"":[""bakery"",""coffee"",""food_order"",""medical"",""meeting"",""milk_tea"",""tech_ai"",""tourism_hotel"",""tourism_pickup"",""tourism_route"",""tourism_transport"",""transport""],""pinyin_key"":""zhang|tuan"",""tone_pinyin_key"":""zhang1|tuan1"",""length"":2,""limit"":8}",0,,zhang1|tuan1,0,,2
sync-01,障团队,,,zhang|tuan|dui,zhang1|tuan1|dui1,"[1,1,1]",ready,PLAIN_AND_TONE_COMPOSITE,"SELECT id, pinyin_key, tone_pinyin_key, word, normalized, prior_score, repair_target, enabled, aliases, source, canonical_word, is_alias FROM base_lexicon WHERE pinyin_key = ? AND tone_pinyin_key = ? AND enabled = 1 AND length(word) = ? ORDER BY prior_score DESC LIMIT ? || SELECT id, domain_id, pinyin_key, tone_pinyin_key, word, normalized, prior_score, repair_target, enabled, aliases, source, canonical_word, is_alias FROM domain_lexicon WHERE domain_id = ? AND pinyin_key = ? AND tone_pinyin_key = ? AND enabled = 1 AND length(word) = ? ORDER BY prior_score DESC LIMIT ? /* domainIds=[""bakery"",""coffee"",""food_order"",""medical"",""meeting"",""milk_tea"",""tech_ai"",""tourism_hotel"",""tourism_pickup"",""tourism_route"",""tourism_transport"",""transport""] */","{""pinyin_key"":""zhang|tuan|dui"",""tone_pinyin_key"":""zhang1|tuan1|dui1"",""length"":3,""limit"":8} || {""domainIds"":[""bakery"",""coffee"",""food_order"",""medical"",""meeting"",""milk_tea"",""tech_ai"",""tourism_hotel"",""tourism_pickup"",""tourism_route"",""tourism_transport"",""transport""],""pinyin_key"":""zhang|tuan|dui"",""tone_pinyin_key"":""zhang1|tuan1|dui1"",""length"":3,""limit"":8}",0,,zhang1|tuan1|dui1,0,,2
sync-01,团,,,tuan,tuan1,[1],ready,PLAIN_AND_TONE_COMPOSITE,"SELECT id, pinyin_key, tone_pinyin_key, word, normalized, prior_score, repair_target, enabled, aliases, source, canonical_word, is_alias FROM base_lexicon WHERE pinyin_key = ? AND tone_pinyin_key = ? AND enabled = 1 AND length(word) = ? ORDER BY prior_score DESC LIMIT ? || SELECT id, pinyin_key, tone_pinyin_key, word, normalized, prior_score, repair_target, enabled, aliases, source, canonical_word, is_alias FROM base_lexicon WHERE pinyin_key = ? AND tone_pinyin_key = ? AND word = ? AND enabled = 1 AND length(word) = ? LIMIT ?","{""pinyin_key"":""tuan"",""tone_pinyin_key"":""tuan1"",""length"":1,""limit"":8} || {""pinyin_key"":""tuan"",""tone_pinyin_key"":""tuan1"",""word"":""团"",""length"":1,""limit"":2}",0,,tuan1,0,,2
sync-01,团队,,,tuan|dui,tuan1|dui1,"[1,1]",ready,PLAIN_AND_TONE_COMPOSITE,"SELECT id, pinyin_key, tone_pinyin_key, word, normalized, prior_score, repair_target, enabled, aliases, source, canonical_word, is_alias FROM base_lexicon WHERE pinyin_key = ? AND tone_pinyin_key = ? AND enabled = 1 AND length(word) = ? ORDER BY prior_score DESC LIMIT ? || SELECT id, domain_id, pinyin_key, tone_pinyin_key, word, normalized, prior_score, repair_target, enabled, aliases, source, canonical_word, is_alias FROM domain_lexicon WHERE domain_id = ? AND pinyin_key = ? AND tone_pinyin_key = ? AND enabled = 1 AND length(word) = ? ORDER BY prior_score DESC LIMIT ? /* domainIds=[""bakery"",""coffee"",""food_order"",""medical"",""meeting"",""milk_tea"",""tech_ai"",""tourism_hotel"",""tourism_pickup"",""tourism_route"",""tourism_transport"",""transport""] */","{""pinyin_key"":""tuan|dui"",""tone_pinyin_key"":""tuan1|dui1"",""length"":2,""limit"":8} || {""domainIds"":[""bakery"",""coffee"",""food_order"",""medical"",""meeting"",""milk_tea"",""tech_ai"",""tourism_hotel"",""tourism_pickup"",""tourism_route"",""tourism_transport"",""transport""],""pinyin_key"":""tuan|dui"",""tone_pinyin_key"":""tuan1|dui1"",""length"":2,""limit"":8}",0,,tuan1|dui1,0,,2
sync-01,队,,,dui,dui1,[1],ready,PLAIN_AND_TONE_COMPOSITE,"SELECT id, pinyin_key, tone_pinyin_key, word, normalized, prior_score, repair_target, enabled, aliases, source, canonical_word, is_alias FROM base_lexicon WHERE pinyin_key = ? AND tone_pinyin_key = ? AND enabled = 1 AND length(word) = ? ORDER BY prior_score DESC LIMIT ? || SELECT id, pinyin_key, tone_pinyin_key, word, normalized, prior_score, repair_target, enabled, aliases, source, canonical_word, is_alias FROM base_lexicon WHERE pinyin_key = ? AND tone_pinyin_key = ? AND word = ? AND enabled = 1 AND length(word) = ? LIMIT ?","{""pinyin_key"":""dui"",""tone_pinyin_key"":""dui1"",""length"":1,""limit"":8} || {""pinyin_key"":""dui"",""tone_pinyin_key"":""dui1"",""word"":""队"",""length"":1,""limit"":2}",0,,dui1,0,,2
sync-01,已精通步,6,10,yi|jing|tong|bu,yi1|jing1|tong1|bu1,"[1,1,1,1]",ready,PLAIN_AND_TONE_COMPOSITE,"SELECT id, pinyin_key, tone_pinyin_key, word, normalized, prior_score, repair_target, enabled, aliases, source, canonical_word, is_alias FROM base_lexicon WHERE pinyin_key = ? AND tone_pinyin_key = ? AND enabled = 1 AND length(word) = ? ORDER BY prior_score DESC LIMIT ? || SELECT id, domain_id, pinyin_key, tone_pinyin_key, word, normalized, prior_score, repair_target, enabled, aliases, source, canonical_word, is_alias FROM domain_lexicon WHERE domain_id = ? AND pinyin_key = ? AND tone_pinyin_key = ? AND enabled = 1 AND length(word) = ? ORDER BY prior_score DESC LIMIT ? /* domainIds=[""bakery"",""coffee"",""food_order"",""medical"",""meeting"",""milk_tea"",""tech_ai"",""tourism_hotel"",""tourism_pickup"",""tourism_route"",""tourism_transport"",""transport""] */","{""pinyin_key"":""yi|jing|tong|bu"",""tone_pinyin_key"":""yi1|jing1|tong1|bu1"",""length"":4,""limit"":8} || {""domainIds"":[""bakery"",""coffee"",""food_order"",""medical"",""meeting"",""milk_tea"",""tech_ai"",""tourism_hotel"",""tourism_pickup"",""tourism_route"",""tourism_transport"",""transport""],""pinyin_key"":""yi|jing|tong|bu"",""tone_pinyin_key"":""yi1|jing1|tong1|bu1"",""length"":4,""limit"":8}",0,,yi1|jing1|tong1|bu1,0,,2
trigger-01,调,6,10,diao,diao1,[1],ready,PLAIN_AND_TONE_COMPOSITE,"SELECT id, pinyin_key, tone_pinyin_key, word, normalized, prior_score, repair_target, enabled, aliases, source, canonical_word, is_alias FROM base_lexicon WHERE pinyin_key = ? AND tone_pinyin_key = ? AND enabled = 1 AND length(word) = ? ORDER BY prior_score DESC LIMIT ? || SELECT id, pinyin_key, tone_pinyin_key, word, normalized, prior_score, repair_target, enabled, aliases, source, canonical_word, is_alias FROM base_lexicon WHERE pinyin_key = ? AND tone_pinyin_key = ? AND word = ? AND enabled = 1 AND length(word) = ? LIMIT ?","{""pinyin_key"":""diao"",""tone_pinyin_key"":""diao1"",""length"":1,""limit"":8} || {""pinyin_key"":""diao"",""tone_pinyin_key"":""diao1"",""word"":""调"",""length"":1,""limit"":2}",0,,diao1,0,,2
trigger-01,调用,6,10,diao|yong,diao1|yong1,"[1,1]",ready,PLAIN_AND_TONE_COMPOSITE,"SELECT id, pinyin_key, tone_pinyin_key, word, normalized, prior_score, repair_target, enabled, aliases, source, canonical_word, is_alias FROM base_lexicon WHERE pinyin_key = ? AND tone_pinyin_key = ? AND enabled = 1 AND length(word) = ? ORDER BY prior_score DESC LIMIT ? || SELECT id, domain_id, pinyin_key, tone_pinyin_key, word, normalized, prior_score, repair_target, enabled, aliases, source, canonical_word, is_alias FROM domain_lexicon WHERE domain_id = ? AND pinyin_key = ? AND tone_pinyin_key = ? AND enabled = 1 AND length(word) = ? ORDER BY prior_score DESC LIMIT ? /* domainIds=[""bakery"",""coffee"",""food_order"",""medical"",""meeting"",""milk_tea"",""tech_ai"",""tourism_hotel"",""tourism_pickup"",""tourism_route"",""tourism_transport"",""transport""] */","{""pinyin_key"":""diao|yong"",""tone_pinyin_key"":""diao1|yong1"",""length"":2,""limit"":8} || {""domainIds"":[""bakery"",""coffee"",""food_order"",""medical"",""meeting"",""milk_tea"",""tech_ai"",""tourism_hotel"",""tourism_pickup"",""tourism_route"",""tourism_transport"",""transport""],""pinyin_key"":""diao|yong"",""tone_pinyin_key"":""diao1|yong1"",""length"":2,""limit"":8}",0,,diao1|yong1,0,,2
trigger-01,调用下,6,10,diao|yong|xia,diao1|yong1|xia1,"[1,1,1]",ready,PLAIN_AND_TONE_COMPOSITE,"SELECT id, pinyin_key, tone_pinyin_key, word, normalized, prior_score, repair_target, enabled, aliases, source, canonical_word, is_alias FROM base_lexicon WHERE pinyin_key = ? AND tone_pinyin_key = ? AND enabled = 1 AND length(word) = ? ORDER BY prior_score DESC LIMIT ? || SELECT id, domain_id, pinyin_key, tone_pinyin_key, word, normalized, prior_score, repair_target, enabled, aliases, source, canonical_word, is_alias FROM domain_lexicon WHERE domain_id = ? AND pinyin_key = ? AND tone_pinyin_key = ? AND enabled = 1 AND length(word) = ? ORDER BY prior_score DESC LIMIT ? /* domainIds=[""bakery"",""coffee"",""food_order"",""medical"",""meeting"",""milk_tea"",""tech_ai"",""tourism_hotel"",""tourism_pickup"",""tourism_route"",""tourism_transport"",""transport""] */","{""pinyin_key"":""diao|yong|xia"",""tone_pinyin_key"":""diao1|yong1|xia1"",""length"":3,""limit"":8} || {""domainIds"":[""bakery"",""coffee"",""food_order"",""medical"",""meeting"",""milk_tea"",""tech_ai"",""tourism_hotel"",""tourism_pickup"",""tourism_route"",""tourism_transport"",""transport""],""pinyin_key"":""diao|yong|xia"",""tone_pinyin_key"":""diao1|yong1|xia1"",""length"":3,""limit"":8}",0,,diao1|yong1|xia1,0,,2
trigger-01,调用下游,6,10,diao|yong|xia|you,diao1|yong1|xia1|you1,"[1,1,1,1]",ready,PLAIN_AND_TONE_COMPOSITE,"SELECT id, pinyin_key, tone_pinyin_key, word, normalized, prior_score, repair_target, enabled, aliases, source, canonical_word, is_alias FROM base_lexicon WHERE pinyin_key = ? AND tone_pinyin_key = ? AND enabled = 1 AND length(word) = ? ORDER BY prior_score DESC LIMIT ? || SELECT id, domain_id, pinyin_key, tone_pinyin_key, word, normalized, prior_score, repair_target, enabled, aliases, source, canonical_word, is_alias FROM domain_lexicon WHERE domain_id = ? AND pinyin_key = ? AND tone_pinyin_key = ? AND enabled = 1 AND length(word) = ? ORDER BY prior_score DESC LIMIT ? /* domainIds=[""bakery"",""coffee"",""food_order"",""medical"",""meeting"",""milk_tea"",""tech_ai"",""tourism_hotel"",""tourism_pickup"",""tourism_route"",""tourism_transport"",""transport""] */","{""pinyin_key"":""diao|yong|xia|you"",""tone_pinyin_key"":""diao1|yong1|xia1|you1"",""length"":4,""limit"":8} || {""domainIds"":[""bakery"",""coffee"",""food_order"",""medical"",""meeting"",""milk_tea"",""tech_ai"",""tourism_hotel"",""tourism_pickup"",""tourism_route"",""tourism_transport"",""transport""],""pinyin_key"":""diao|yong|xia|you"",""tone_pinyin_key"":""diao1|yong1|xia1|you1"",""length"":4,""limit"":8}",0,,diao1|yong1|xia1|you1,0,,2
trigger-01,调用下游超,6,10,diao|yong|xia|you|chao,diao1|yong1|xia1|you1|chao1,"[1,1,1,1,1]",ready,PLAIN_AND_TONE_COMPOSITE,"SELECT id, pinyin_key, tone_pinyin_key, word, normalized, prior_score, repair_target, enabled, aliases, source, canonical_word, is_alias FROM base_lexicon WHERE pinyin_key = ? AND tone_pinyin_key = ? AND enabled = 1 AND length(word) = ? ORDER BY prior_score DESC LIMIT ? || SELECT id, domain_id, pinyin_key, tone_pinyin_key, word, normalized, prior_score, repair_target, enabled, aliases, source, canonical_word, is_alias FROM domain_lexicon WHERE domain_id = ? AND pinyin_key = ? AND tone_pinyin_key = ? AND enabled = 1 AND length(word) = ? ORDER BY prior_score DESC LIMIT ? /* domainIds=[""bakery"",""coffee"",""food_order"",""medical"",""meeting"",""milk_tea"",""tech_ai"",""tourism_hotel"",""tourism_pickup"",""tourism_route"",""tourism_transport"",""transport""] */","{""pinyin_key"":""diao|yong|xia|you|chao"",""tone_pinyin_key"":""diao1|yong1|xia1|you1|chao1"",""length"":5,""limit"":8} || {""domainIds"":[""bakery"",""coffee"",""food_order"",""medical"",""meeting"",""milk_tea"",""tech_ai"",""tourism_hotel"",""tourism_pickup"",""tourism_route"",""tourism_transport"",""transport""],""pinyin_key"":""diao|yong|xia|you|chao"",""tone_pinyin_key"":""diao1|yong1|xia1|you1|chao1"",""length"":5,""limit"":8}",0,,diao1|yong1|xia1|you1|chao1,0,,2
trigger-01,用,6,10,yong,yong1,[1],ready,PLAIN_AND_TONE_COMPOSITE,"SELECT id, pinyin_key, tone_pinyin_key, word, normalized, prior_score, repair_target, enabled, aliases, source, canonical_word, is_alias FROM base_lexicon WHERE pinyin_key = ? AND tone_pinyin_key = ? AND enabled = 1 AND length(word) = ? ORDER BY prior_score DESC LIMIT ? || SELECT id, pinyin_key, tone_pinyin_key, word, normalized, prior_score, repair_target, enabled, aliases, source, canonical_word, is_alias FROM base_lexicon WHERE pinyin_key = ? AND tone_pinyin_key = ? AND word = ? AND enabled = 1 AND length(word) = ? LIMIT ?","{""pinyin_key"":""yong"",""tone_pinyin_key"":""yong1"",""length"":1,""limit"":8} || {""pinyin_key"":""yong"",""tone_pinyin_key"":""yong1"",""word"":""用"",""length"":1,""limit"":2}",0,,yong1,0,,2
trigger-01,用下,6,10,yong|xia,yong1|xia1,"[1,1]",ready,PLAIN_AND_TONE_COMPOSITE,"SELECT id, pinyin_key, tone_pinyin_key, word, normalized, prior_score, repair_target, enabled, aliases, source, canonical_word, is_alias FROM base_lexicon WHERE pinyin_key = ? AND tone_pinyin_key = ? AND enabled = 1 AND length(word) = ? ORDER BY prior_score DESC LIMIT ? || SELECT id, domain_id, pinyin_key, tone_pinyin_key, word, normalized, prior_score, repair_target, enabled, aliases, source, canonical_word, is_alias FROM domain_lexicon WHERE domain_id = ? AND pinyin_key = ? AND tone_pinyin_key = ? AND enabled = 1 AND length(word) = ? ORDER BY prior_score DESC LIMIT ? /* domainIds=[""bakery"",""coffee"",""food_order"",""medical"",""meeting"",""milk_tea"",""tech_ai"",""tourism_hotel"",""tourism_pickup"",""tourism_route"",""tourism_transport"",""transport""] */","{""pinyin_key"":""yong|xia"",""tone_pinyin_key"":""yong1|xia1"",""length"":2,""limit"":8} || {""domainIds"":[""bakery"",""coffee"",""food_order"",""medical"",""meeting"",""milk_tea"",""tech_ai"",""tourism_hotel"",""tourism_pickup"",""tourism_route"",""tourism_transport"",""transport""],""pinyin_key"":""yong|xia"",""tone_pinyin_key"":""yong1|xia1"",""length"":2,""limit"":8}",0,,yong1|xia1,0,,2
trigger-01,用下游,6,10,yong|xia|you,yong1|xia1|you1,"[1,1,1]",ready,PLAIN_AND_TONE_COMPOSITE,"SELECT id, pinyin_key, tone_pinyin_key, word, normalized, prior_score, repair_target, enabled, aliases, source, canonical_word, is_alias FROM base_lexicon WHERE pinyin_key = ? AND tone_pinyin_key = ? AND enabled = 1 AND length(word) = ? ORDER BY prior_score DESC LIMIT ? || SELECT id, domain_id, pinyin_key, tone_pinyin_key, word, normalized, prior_score, repair_target, enabled, aliases, source, canonical_word, is_alias FROM domain_lexicon WHERE domain_id = ? AND pinyin_key = ? AND tone_pinyin_key = ? AND enabled = 1 AND length(word) = ? ORDER BY prior_score DESC LIMIT ? /* domainIds=[""bakery"",""coffee"",""food_order"",""medical"",""meeting"",""milk_tea"",""tech_ai"",""tourism_hotel"",""tourism_pickup"",""tourism_route"",""tourism_transport"",""transport""] */","{""pinyin_key"":""yong|xia|you"",""tone_pinyin_key"":""yong1|xia1|you1"",""length"":3,""limit"":8} || {""domainIds"":[""bakery"",""coffee"",""food_order"",""medical"",""meeting"",""milk_tea"",""tech_ai"",""tourism_hotel"",""tourism_pickup"",""tourism_route"",""tourism_transport"",""transport""],""pinyin_key"":""yong|xia|you"",""tone_pinyin_key"":""yong1|xia1|you1"",""length"":3,""limit"":8}",0,,yong1|xia1|you1,0,,2
trigger-01,用下游超,6,10,yong|xia|you|chao,yong1|xia1|you1|chao1,"[1,1,1,1]",ready,PLAIN_AND_TONE_COMPOSITE,"SELECT id, pinyin_key, tone_pinyin_key, word, normalized, prior_score, repair_target, enabled, aliases, source, canonical_word, is_alias FROM base_lexicon WHERE pinyin_key = ? AND tone_pinyin_key = ? AND enabled = 1 AND length(word) = ? ORDER BY prior_score DESC LIMIT ? || SELECT id, domain_id, pinyin_key, tone_pinyin_key, word, normalized, prior_score, repair_target, enabled, aliases, source, canonical_word, is_alias FROM domain_lexicon WHERE domain_id = ? AND pinyin_key = ? AND tone_pinyin_key = ? AND enabled = 1 AND length(word) = ? ORDER BY prior_score DESC LIMIT ? /* domainIds=[""bakery"",""coffee"",""food_order"",""medical"",""meeting"",""milk_tea"",""tech_ai"",""tourism_hotel"",""tourism_pickup"",""tourism_route"",""tourism_transport"",""transport""] */","{""pinyin_key"":""yong|xia|you|chao"",""tone_pinyin_key"":""yong1|xia1|you1|chao1"",""length"":4,""limit"":8} || {""domainIds"":[""bakery"",""coffee"",""food_order"",""medical"",""meeting"",""milk_tea"",""tech_ai"",""tourism_hotel"",""tourism_pickup"",""tourism_route"",""tourism_transport"",""transport""],""pinyin_key"":""yong|xia|you|chao"",""tone_pinyin_key"":""yong1|xia1|you1|chao1"",""length"":4,""limit"":8}",0,,yong1|xia1|you1|chao1,0,,2
trigger-01,用下游超时,6,10,yong|xia|you|chao|shi,yong1|xia1|you1|chao1|shi1,"[1,1,1,1,1]",ready,PLAIN_AND_TONE_COMPOSITE,"SELECT id, pinyin_key, tone_pinyin_key, word, normalized, prior_score, repair_target, enabled, aliases, source, canonical_word, is_alias FROM base_lexicon WHERE pinyin_key = ? AND tone_pinyin_key = ? AND enabled = 1 AND length(word) = ? ORDER BY prior_score DESC LIMIT ? || SELECT id, domain_id, pinyin_key, tone_pinyin_key, word, normalized, prior_score, repair_target, enabled, aliases, source, canonical_word, is_alias FROM domain_lexicon WHERE domain_id = ? AND pinyin_key = ? AND tone_pinyin_key = ? AND enabled = 1 AND length(word) = ? ORDER BY prior_score DESC LIMIT ? /* domainIds=[""bakery"",""coffee"",""food_order"",""medical"",""meeting"",""milk_tea"",""tech_ai"",""tourism_hotel"",""tourism_pickup"",""tourism_route"",""tourism_transport"",""transport""] */","{""pinyin_key"":""yong|xia|you|chao|shi"",""tone_pinyin_key"":""yong1|xia1|you1|chao1|shi1"",""length"":5,""limit"":8} || {""domainIds"":[""bakery"",""coffee"",""food_order"",""medical"",""meeting"",""milk_tea"",""tech_ai"",""tourism_hotel"",""tourism_pickup"",""tourism_route"",""tourism_transport"",""transport""],""pinyin_key"":""yong|xia|you|chao|shi"",""tone_pinyin_key"":""yong1|xia1|you1|chao1|shi1"",""length"":5,""limit"":8}",0,,yong1|xia1|you1|chao1|shi1,0,,2
trigger-01,下,6,10,xia,xia1,[1],ready,PLAIN_AND_TONE_COMPOSITE,"SELECT id, pinyin_key, tone_pinyin_key, word, normalized, prior_score, repair_target, enabled, aliases, source, canonical_word, is_alias FROM base_lexicon WHERE pinyin_key = ? AND tone_pinyin_key = ? AND enabled = 1 AND length(word) = ? ORDER BY prior_score DESC LIMIT ? || SELECT id, pinyin_key, tone_pinyin_key, word, normalized, prior_score, repair_target, enabled, aliases, source, canonical_word, is_alias FROM base_lexicon WHERE pinyin_key = ? AND tone_pinyin_key = ? AND word = ? AND enabled = 1 AND length(word) = ? LIMIT ?","{""pinyin_key"":""xia"",""tone_pinyin_key"":""xia1"",""length"":1,""limit"":8} || {""pinyin_key"":""xia"",""tone_pinyin_key"":""xia1"",""word"":""下"",""length"":1,""limit"":2}",0,,xia1,0,,2
trigger-01,下游,6,10,xia|you,xia1|you1,"[1,1]",ready,PLAIN_AND_TONE_COMPOSITE,"SELECT id, pinyin_key, tone_pinyin_key, word, normalized, prior_score, repair_target, enabled, aliases, source, canonical_word, is_alias FROM base_lexicon WHERE pinyin_key = ? AND tone_pinyin_key = ? AND enabled = 1 AND length(word) = ? ORDER BY prior_score DESC LIMIT ? || SELECT id, domain_id, pinyin_key, tone_pinyin_key, word, normalized, prior_score, repair_target, enabled, aliases, source, canonical_word, is_alias FROM domain_lexicon WHERE domain_id = ? AND pinyin_key = ? AND tone_pinyin_key = ? AND enabled = 1 AND length(word) = ? ORDER BY prior_score DESC LIMIT ? /* domainIds=[""bakery"",""coffee"",""food_order"",""medical"",""meeting"",""milk_tea"",""tech_ai"",""tourism_hotel"",""tourism_pickup"",""tourism_route"",""tourism_transport"",""transport""] */","{""pinyin_key"":""xia|you"",""tone_pinyin_key"":""xia1|you1"",""length"":2,""limit"":8} || {""domainIds"":[""bakery"",""coffee"",""food_order"",""medical"",""meeting"",""milk_tea"",""tech_ai"",""tourism_hotel"",""tourism_pickup"",""tourism_route"",""tourism_transport"",""transport""],""pinyin_key"":""xia|you"",""tone_pinyin_key"":""xia1|you1"",""length"":2,""limit"":8}",0,,xia1|you1,0,,2
trigger-01,下游超,6,10,xia|you|chao,xia1|you1|chao1,"[1,1,1]",ready,PLAIN_AND_TONE_COMPOSITE,"SELECT id, pinyin_key, tone_pinyin_key, word, normalized, prior_score, repair_target, enabled, aliases, source, canonical_word, is_alias FROM base_lexicon WHERE pinyin_key = ? AND tone_pinyin_key = ? AND enabled = 1 AND length(word) = ? ORDER BY prior_score DESC LIMIT ? || SELECT id, domain_id, pinyin_key, tone_pinyin_key, word, normalized, prior_score, repair_target, enabled, aliases, source, canonical_word, is_alias FROM domain_lexicon WHERE domain_id = ? AND pinyin_key = ? AND tone_pinyin_key = ? AND enabled = 1 AND length(word) = ? ORDER BY prior_score DESC LIMIT ? /* domainIds=[""bakery"",""coffee"",""food_order"",""medical"",""meeting"",""milk_tea"",""tech_ai"",""tourism_hotel"",""tourism_pickup"",""tourism_route"",""tourism_transport"",""transport""] */","{""pinyin_key"":""xia|you|chao"",""tone_pinyin_key"":""xia1|you1|chao1"",""length"":3,""limit"":8} || {""domainIds"":[""bakery"",""coffee"",""food_order"",""medical"",""meeting"",""milk_tea"",""tech_ai"",""tourism_hotel"",""tourism_pickup"",""tourism_route"",""tourism_transport"",""transport""],""pinyin_key"":""xia|you|chao"",""tone_pinyin_key"":""xia1|you1|chao1"",""length"":3,""limit"":8}",0,,xia1|you1|chao1,0,,2
trigger-01,下游超时,6,10,xia|you|chao|shi,xia1|you1|chao1|shi1,"[1,1,1,1]",ready,PLAIN_AND_TONE_COMPOSITE,"SELECT id, pinyin_key, tone_pinyin_key, word, normalized, prior_score, repair_target, enabled, aliases, source, canonical_word, is_alias FROM base_lexicon WHERE pinyin_key = ? AND tone_pinyin_key = ? AND enabled = 1 AND length(word) = ? ORDER BY prior_score DESC LIMIT ? || SELECT id, domain_id, pinyin_key, tone_pinyin_key, word, normalized, prior_score, repair_target, enabled, aliases, source, canonical_word, is_alias FROM domain_lexicon WHERE domain_id = ? AND pinyin_key = ? AND tone_pinyin_key = ? AND enabled = 1 AND length(word) = ? ORDER BY prior_score DESC LIMIT ? /* domainIds=[""bakery"",""coffee"",""food_order"",""medical"",""meeting"",""milk_tea"",""tech_ai"",""tourism_hotel"",""tourism_pickup"",""tourism_route"",""tourism_transport"",""transport""] */","{""pinyin_key"":""xia|you|chao|shi"",""tone_pinyin_key"":""xia1|you1|chao1|shi1"",""length"":4,""limit"":8} || {""domainIds"":[""bakery"",""coffee"",""food_order"",""medical"",""meeting"",""milk_tea"",""tech_ai"",""tourism_hotel"",""tourism_pickup"",""tourism_route"",""tourism_transport"",""transport""],""pinyin_key"":""xia|you|chao|shi"",""tone_pinyin_key"":""xia1|you1|chao1|shi1"",""length"":4,""limit"":8}",0,,xia1|you1|chao1|shi1,0,,2
trigger-01,下游超时后,6,10,xia|you|chao|shi|hou,xia1|you1|chao1|shi1|hou1,"[1,1,1,1,1]",ready,PLAIN_AND_TONE_COMPOSITE,"SELECT id, pinyin_key, tone_pinyin_key, word, normalized, prior_score, repair_target, enabled, aliases, source, canonical_word, is_alias FROM base_lexicon WHERE pinyin_key = ? AND tone_pinyin_key = ? AND enabled = 1 AND length(word) = ? ORDER BY prior_score DESC LIMIT ? || SELECT id, domain_id, pinyin_key, tone_pinyin_key, word, normalized, prior_score, repair_target, enabled, aliases, source, canonical_word, is_alias FROM domain_lexicon WHERE domain_id = ? AND pinyin_key = ? AND tone_pinyin_key = ? AND enabled = 1 AND length(word) = ? ORDER BY prior_score DESC LIMIT ? /* domainIds=[""bakery"",""coffee"",""food_order"",""medical"",""meeting"",""milk_tea"",""tech_ai"",""tourism_hotel"",""tourism_pickup"",""tourism_route"",""tourism_transport"",""transport""] */","{""pinyin_key"":""xia|you|chao|shi|hou"",""tone_pinyin_key"":""xia1|you1|chao1|shi1|hou1"",""length"":5,""limit"":8} || {""domainIds"":[""bakery"",""coffee"",""food_order"",""medical"",""meeting"",""milk_tea"",""tech_ai"",""tourism_hotel"",""tourism_pickup"",""tourism_route"",""tourism_transport"",""transport""],""pinyin_key"":""xia|you|chao|shi|hou"",""tone_pinyin_key"":""xia1|you1|chao1|shi1|hou1"",""length"":5,""limit"":8}",0,,xia1|you1|chao1|shi1|hou1,0,,2
trigger-01,游,6,10,you,you1,[1],ready,PLAIN_AND_TONE_COMPOSITE,"SELECT id, pinyin_key, tone_pinyin_key, word, normalized, prior_score, repair_target, enabled, aliases, source, canonical_word, is_alias FROM base_lexicon WHERE pinyin_key = ? AND tone_pinyin_key = ? AND enabled = 1 AND length(word) = ? ORDER BY prior_score DESC LIMIT ? || SELECT id, pinyin_key, tone_pinyin_key, word, normalized, prior_score, repair_target, enabled, aliases, source, canonical_word, is_alias FROM base_lexicon WHERE pinyin_key = ? AND tone_pinyin_key = ? AND word = ? AND enabled = 1 AND length(word) = ? LIMIT ?","{""pinyin_key"":""you"",""tone_pinyin_key"":""you1"",""length"":1,""limit"":8} || {""pinyin_key"":""you"",""tone_pinyin_key"":""you1"",""word"":""游"",""length"":1,""limit"":2}",0,,you1,0,,2
trigger-01,游超,6,10,you|chao,you1|chao1,"[1,1]",ready,PLAIN_AND_TONE_COMPOSITE,"SELECT id, pinyin_key, tone_pinyin_key, word, normalized, prior_score, repair_target, enabled, aliases, source, canonical_word, is_alias FROM base_lexicon WHERE pinyin_key = ? AND tone_pinyin_key = ? AND enabled = 1 AND length(word) = ? ORDER BY prior_score DESC LIMIT ? || SELECT id, domain_id, pinyin_key, tone_pinyin_key, word, normalized, prior_score, repair_target, enabled, aliases, source, canonical_word, is_alias FROM domain_lexicon WHERE domain_id = ? AND pinyin_key = ? AND tone_pinyin_key = ? AND enabled = 1 AND length(word) = ? ORDER BY prior_score DESC LIMIT ? /* domainIds=[""bakery"",""coffee"",""food_order"",""medical"",""meeting"",""milk_tea"",""tech_ai"",""tourism_hotel"",""tourism_pickup"",""tourism_route"",""tourism_transport"",""transport""] */","{""pinyin_key"":""you|chao"",""tone_pinyin_key"":""you1|chao1"",""length"":2,""limit"":8} || {""domainIds"":[""bakery"",""coffee"",""food_order"",""medical"",""meeting"",""milk_tea"",""tech_ai"",""tourism_hotel"",""tourism_pickup"",""tourism_route"",""tourism_transport"",""transport""],""pinyin_key"":""you|chao"",""tone_pinyin_key"":""you1|chao1"",""length"":2,""limit"":8}",0,,you1|chao1,0,,2
trigger-01,游超时,6,10,you|chao|shi,you1|chao1|shi1,"[1,1,1]",ready,PLAIN_AND_TONE_COMPOSITE,"SELECT id, pinyin_key, tone_pinyin_key, word, normalized, prior_score, repair_target, enabled, aliases, source, canonical_word, is_alias FROM base_lexicon WHERE pinyin_key = ? AND tone_pinyin_key = ? AND enabled = 1 AND length(word) = ? ORDER BY prior_score DESC LIMIT ? || SELECT id, domain_id, pinyin_key, tone_pinyin_key, word, normalized, prior_score, repair_target, enabled, aliases, source, canonical_word, is_alias FROM domain_lexicon WHERE domain_id = ? AND pinyin_key = ? AND tone_pinyin_key = ? AND enabled = 1 AND length(word) = ? ORDER BY prior_score DESC LIMIT ? /* domainIds=[""bakery"",""coffee"",""food_order"",""medical"",""meeting"",""milk_tea"",""tech_ai"",""tourism_hotel"",""tourism_pickup"",""tourism_route"",""tourism_transport"",""transport""] */","{""pinyin_key"":""you|chao|shi"",""tone_pinyin_key"":""you1|chao1|shi1"",""length"":3,""limit"":8} || {""domainIds"":[""bakery"",""coffee"",""food_order"",""medical"",""meeting"",""milk_tea"",""tech_ai"",""tourism_hotel"",""tourism_pickup"",""tourism_route"",""tourism_transport"",""transport""],""pinyin_key"":""you|chao|shi"",""tone_pinyin_key"":""you1|chao1|shi1"",""length"":3,""limit"":8}",0,,you1|chao1|shi1,0,,2
trigger-01,游超时后,6,10,you|chao|shi|hou,you1|chao1|shi1|hou1,"[1,1,1,1]",ready,PLAIN_AND_TONE_COMPOSITE,"SELECT id, pinyin_key, tone_pinyin_key, word, normalized, prior_score, repair_target, enabled, aliases, source, canonical_word, is_alias FROM base_lexicon WHERE pinyin_key = ? AND tone_pinyin_key = ? AND enabled = 1 AND length(word) = ? ORDER BY prior_score DESC LIMIT ? || SELECT id, domain_id, pinyin_key, tone_pinyin_key, word, normalized, prior_score, repair_target, enabled, aliases, source, canonical_word, is_alias FROM domain_lexicon WHERE domain_id = ? AND pinyin_key = ? AND tone_pinyin_key = ? AND enabled = 1 AND length(word) = ? ORDER BY prior_score DESC LIMIT ? /* domainIds=[""bakery"",""coffee"",""food_order"",""medical"",""meeting"",""milk_tea"",""tech_ai"",""tourism_hotel"",""tourism_pickup"",""tourism_route"",""tourism_transport"",""transport""] */","{""pinyin_key"":""you|chao|shi|hou"",""tone_pinyin_key"":""you1|chao1|shi1|hou1"",""length"":4,""limit"":8} || {""domainIds"":[""bakery"",""coffee"",""food_order"",""medical"",""meeting"",""milk_tea"",""tech_ai"",""tourism_hotel"",""tourism_pickup"",""tourism_route"",""tourism_transport"",""transport""],""pinyin_key"":""you|chao|shi|hou"",""tone_pinyin_key"":""you1|chao1|shi1|hou1"",""length"":4,""limit"":8}",0,,you1|chao1|shi1|hou1,0,,2
trigger-01,游超时后会,6,10,you|chao|shi|hou|hui,you1|chao1|shi1|hou1|hui1,"[1,1,1,1,1]",ready,PLAIN_AND_TONE_COMPOSITE,"SELECT id, pinyin_key, tone_pinyin_key, word, normalized, prior_score, repair_target, enabled, aliases, source, canonical_word, is_alias FROM base_lexicon WHERE pinyin_key = ? AND tone_pinyin_key = ? AND enabled = 1 AND length(word) = ? ORDER BY prior_score DESC LIMIT ? || SELECT id, domain_id, pinyin_key, tone_pinyin_key, word, normalized, prior_score, repair_target, enabled, aliases, source, canonical_word, is_alias FROM domain_lexicon WHERE domain_id = ? AND pinyin_key = ? AND tone_pinyin_key = ? AND enabled = 1 AND length(word) = ? ORDER BY prior_score DESC LIMIT ? /* domainIds=[""bakery"",""coffee"",""food_order"",""medical"",""meeting"",""milk_tea"",""tech_ai"",""tourism_hotel"",""tourism_pickup"",""tourism_route"",""tourism_transport"",""transport""] */","{""pinyin_key"":""you|chao|shi|hou|hui"",""tone_pinyin_key"":""you1|chao1|shi1|hou1|hui1"",""length"":5,""limit"":8} || {""domainIds"":[""bakery"",""coffee"",""food_order"",""medical"",""meeting"",""milk_tea"",""tech_ai"",""tourism_hotel"",""tourism_pickup"",""tourism_route"",""tourism_transport"",""transport""],""pinyin_key"":""you|chao|shi|hou|hui"",""tone_pinyin_key"":""you1|chao1|shi1|hou1|hui1"",""length"":5,""limit"":8}",0,,you1|chao1|shi1|hou1|hui1,0,,2
trigger-01,超,6,10,chao,chao1,[1],ready,PLAIN_AND_TONE_COMPOSITE,"SELECT id, pinyin_key, tone_pinyin_key, word, normalized, prior_score, repair_target, enabled, aliases, source, canonical_word, is_alias FROM base_lexicon WHERE pinyin_key = ? AND tone_pinyin_key = ? AND enabled = 1 AND length(word) = ? ORDER BY prior_score DESC LIMIT ? || SELECT id, pinyin_key, tone_pinyin_key, word, normalized, prior_score, repair_target, enabled, aliases, source, canonical_word, is_alias FROM base_lexicon WHERE pinyin_key = ? AND tone_pinyin_key = ? AND word = ? AND enabled = 1 AND length(word) = ? LIMIT ?","{""pinyin_key"":""chao"",""tone_pinyin_key"":""chao1"",""length"":1,""limit"":8} || {""pinyin_key"":""chao"",""tone_pinyin_key"":""chao1"",""word"":""超"",""length"":1,""limit"":2}",0,,chao1,0,,2
trigger-01,超时,6,10,chao|shi,chao1|shi1,"[1,1]",ready,PLAIN_AND_TONE_COMPOSITE,"SELECT id, pinyin_key, tone_pinyin_key, word, normalized, prior_score, repair_target, enabled, aliases, source, canonical_word, is_alias FROM base_lexicon WHERE pinyin_key = ? AND tone_pinyin_key = ? AND enabled = 1 AND length(word) = ? ORDER BY prior_score DESC LIMIT ? || SELECT id, domain_id, pinyin_key, tone_pinyin_key, word, normalized, prior_score, repair_target, enabled, aliases, source, canonical_word, is_alias FROM domain_lexicon WHERE domain_id = ? AND pinyin_key = ? AND tone_pinyin_key = ? AND enabled = 1 AND length(word) = ? ORDER BY prior_score DESC LIMIT ? /* domainIds=[""bakery"",""coffee"",""food_order"",""medical"",""meeting"",""milk_tea"",""tech_ai"",""tourism_hotel"",""tourism_pickup"",""tourism_route"",""tourism_transport"",""transport""] */","{""pinyin_key"":""chao|shi"",""tone_pinyin_key"":""chao1|shi1"",""length"":2,""limit"":8} || {""domainIds"":[""bakery"",""coffee"",""food_order"",""medical"",""meeting"",""milk_tea"",""tech_ai"",""tourism_hotel"",""tourism_pickup"",""tourism_route"",""tourism_transport"",""transport""],""pinyin_key"":""chao|shi"",""tone_pinyin_key"":""chao1|shi1"",""length"":2,""limit"":8}",0,,chao1|shi1,0,,2
trigger-01,超时后,6,10,chao|shi|hou,chao1|shi1|hou1,"[1,1,1]",ready,PLAIN_AND_TONE_COMPOSITE,"SELECT id, pinyin_key, tone_pinyin_key, word, normalized, prior_score, repair_target, enabled, aliases, source, canonical_word, is_alias FROM base_lexicon WHERE pinyin_key = ? AND tone_pinyin_key = ? AND enabled = 1 AND length(word) = ? ORDER BY prior_score DESC LIMIT ? || SELECT id, domain_id, pinyin_key, tone_pinyin_key, word, normalized, prior_score, repair_target, enabled, aliases, source, canonical_word, is_alias FROM domain_lexicon WHERE domain_id = ? AND pinyin_key = ? AND tone_pinyin_key = ? AND enabled = 1 AND length(word) = ? ORDER BY prior_score DESC LIMIT ? /* domainIds=[""bakery"",""coffee"",""food_order"",""medical"",""meeting"",""milk_tea"",""tech_ai"",""tourism_hotel"",""tourism_pickup"",""tourism_route"",""tourism_transport"",""transport""] */","{""pinyin_key"":""chao|shi|hou"",""tone_pinyin_key"":""chao1|shi1|hou1"",""length"":3,""limit"":8} || {""domainIds"":[""bakery"",""coffee"",""food_order"",""medical"",""meeting"",""milk_tea"",""tech_ai"",""tourism_hotel"",""tourism_pickup"",""tourism_route"",""tourism_transport"",""transport""],""pinyin_key"":""chao|shi|hou"",""tone_pinyin_key"":""chao1|shi1|hou1"",""length"":3,""limit"":8}",0,,chao1|shi1|hou1,0,,2
trigger-01,超时后会,6,10,chao|shi|hou|hui,chao1|shi1|hou1|hui1,"[1,1,1,1]",ready,PLAIN_AND_TONE_COMPOSITE,"SELECT id, pinyin_key, tone_pinyin_key, word, normalized, prior_score, repair_target, enabled, aliases, source, canonical_word, is_alias FROM base_lexicon WHERE pinyin_key = ? AND tone_pinyin_key = ? AND enabled = 1 AND length(word) = ? ORDER BY prior_score DESC LIMIT ? || SELECT id, domain_id, pinyin_key, tone_pinyin_key, word, normalized, prior_score, repair_target, enabled, aliases, source, canonical_word, is_alias FROM domain_lexicon WHERE domain_id = ? AND pinyin_key = ? AND tone_pinyin_key = ? AND enabled = 1 AND length(word) = ? ORDER BY prior_score DESC LIMIT ? /* domainIds=[""bakery"",""coffee"",""food_order"",""medical"",""meeting"",""milk_tea"",""tech_ai"",""tourism_hotel"",""tourism_pickup"",""tourism_route"",""tourism_transport"",""transport""] */","{""pinyin_key"":""chao|shi|hou|hui"",""tone_pinyin_key"":""chao1|shi1|hou1|hui1"",""length"":4,""limit"":8} || {""domainIds"":[""bakery"",""coffee"",""food_order"",""medical"",""meeting"",""milk_tea"",""tech_ai"",""tourism_hotel"",""tourism_pickup"",""tourism_route"",""tourism_transport"",""transport""],""pinyin_key"":""chao|shi|hou|hui"",""tone_pinyin_key"":""chao1|shi1|hou1|hui1"",""length"":4,""limit"":8}",0,,chao1|shi1|hou1|hui1,0,,2
trigger-01,超时后会出,6,10,chao|shi|hou|hui|chu,chao1|shi1|hou1|hui1|chu1,"[1,1,1,1,1]",ready,PLAIN_AND_TONE_COMPOSITE,"SELECT id, pinyin_key, tone_pinyin_key, word, normalized, prior_score, repair_target, enabled, aliases, source, canonical_word, is_alias FROM base_lexicon WHERE pinyin_key = ? AND tone_pinyin_key = ? AND enabled = 1 AND length(word) = ? ORDER BY prior_score DESC LIMIT ? || SELECT id, domain_id, pinyin_key, tone_pinyin_key, word, normalized, prior_score, repair_target, enabled, aliases, source, canonical_word, is_alias FROM domain_lexicon WHERE domain_id = ? AND pinyin_key = ? AND tone_pinyin_key = ? AND enabled = 1 AND length(word) = ? ORDER BY prior_score DESC LIMIT ? /* domainIds=[""bakery"",""coffee"",""food_order"",""medical"",""meeting"",""milk_tea"",""tech_ai"",""tourism_hotel"",""tourism_pickup"",""tourism_route"",""tourism_transport"",""transport""] */","{""pinyin_key"":""chao|shi|hou|hui|chu"",""tone_pinyin_key"":""chao1|shi1|hou1|hui1|chu1"",""length"":5,""limit"":8} || {""domainIds"":[""bakery"",""coffee"",""food_order"",""medical"",""meeting"",""milk_tea"",""tech_ai"",""tourism_hotel"",""tourism_pickup"",""tourism_route"",""tourism_transport"",""transport""],""pinyin_key"":""chao|shi|hou|hui|chu"",""tone_pinyin_key"":""chao1|shi1|hou1|hui1|chu1"",""length"":5,""limit"":8}",0,,chao1|shi1|hou1|hui1|chu1,0,,2
trigger-01,时,6,10,shi,shi1,[1],ready,PLAIN_AND_TONE_COMPOSITE,"SELECT id, pinyin_key, tone_pinyin_key, word, normalized, prior_score, repair_target, enabled, aliases, source, canonical_word, is_alias FROM base_lexicon WHERE pinyin_key = ? AND tone_pinyin_key = ? AND enabled = 1 AND length(word) = ? ORDER BY prior_score DESC LIMIT ? || SELECT id, pinyin_key, tone_pinyin_key, word, normalized, prior_score, repair_target, enabled, aliases, source, canonical_word, is_alias FROM base_lexicon WHERE pinyin_key = ? AND tone_pinyin_key = ? AND word = ? AND enabled = 1 AND length(word) = ? LIMIT ?","{""pinyin_key"":""shi"",""tone_pinyin_key"":""shi1"",""length"":1,""limit"":8} || {""pinyin_key"":""shi"",""tone_pinyin_key"":""shi1"",""word"":""时"",""length"":1,""limit"":2}",0,,shi1,0,,2
trigger-01,时后,6,10,shi|hou,shi1|hou1,"[1,1]",ready,PLAIN_AND_TONE_COMPOSITE,"SELECT id, pinyin_key, tone_pinyin_key, word, normalized, prior_score, repair_target, enabled, aliases, source, canonical_word, is_alias FROM base_lexicon WHERE pinyin_key = ? AND tone_pinyin_key = ? AND enabled = 1 AND length(word) = ? ORDER BY prior_score DESC LIMIT ? || SELECT id, domain_id, pinyin_key, tone_pinyin_key, word, normalized, prior_score, repair_target, enabled, aliases, source, canonical_word, is_alias FROM domain_lexicon WHERE domain_id = ? AND pinyin_key = ? AND tone_pinyin_key = ? AND enabled = 1 AND length(word) = ? ORDER BY prior_score DESC LIMIT ? /* domainIds=[""bakery"",""coffee"",""food_order"",""medical"",""meeting"",""milk_tea"",""tech_ai"",""tourism_hotel"",""tourism_pickup"",""tourism_route"",""tourism_transport"",""transport""] */","{""pinyin_key"":""shi|hou"",""tone_pinyin_key"":""shi1|hou1"",""length"":2,""limit"":8} || {""domainIds"":[""bakery"",""coffee"",""food_order"",""medical"",""meeting"",""milk_tea"",""tech_ai"",""tourism_hotel"",""tourism_pickup"",""tourism_route"",""tourism_transport"",""transport""],""pinyin_key"":""shi|hou"",""tone_pinyin_key"":""shi1|hou1"",""length"":2,""limit"":8}",0,,shi1|hou1,0,,2
trigger-01,时后会,6,10,shi|hou|hui,shi1|hou1|hui1,"[1,1,1]",ready,PLAIN_AND_TONE_COMPOSITE,"SELECT id, pinyin_key, tone_pinyin_key, word, normalized, prior_score, repair_target, enabled, aliases, source, canonical_word, is_alias FROM base_lexicon WHERE pinyin_key = ? AND tone_pinyin_key = ? AND enabled = 1 AND length(word) = ? ORDER BY prior_score DESC LIMIT ? || SELECT id, domain_id, pinyin_key, tone_pinyin_key, word, normalized, prior_score, repair_target, enabled, aliases, source, canonical_word, is_alias FROM domain_lexicon WHERE domain_id = ? AND pinyin_key = ? AND tone_pinyin_key = ? AND enabled = 1 AND length(word) = ? ORDER BY prior_score DESC LIMIT ? /* domainIds=[""bakery"",""coffee"",""food_order"",""medical"",""meeting"",""milk_tea"",""tech_ai"",""tourism_hotel"",""tourism_pickup"",""tourism_route"",""tourism_transport"",""transport""] */","{""pinyin_key"":""shi|hou|hui"",""tone_pinyin_key"":""shi1|hou1|hui1"",""length"":3,""limit"":8} || {""domainIds"":[""bakery"",""coffee"",""food_order"",""medical"",""meeting"",""milk_tea"",""tech_ai"",""tourism_hotel"",""tourism_pickup"",""tourism_route"",""tourism_transport"",""transport""],""pinyin_key"":""shi|hou|hui"",""tone_pinyin_key"":""shi1|hou1|hui1"",""length"":3,""limit"":8}",0,,shi1|hou1|hui1,0,,2
trigger-01,时后会出,6,10,shi|hou|hui|chu,shi1|hou1|hui1|chu1,"[1,1,1,1]",ready,PLAIN_AND_TONE_COMPOSITE,"SELECT id, pinyin_key, tone_pinyin_key, word, normalized, prior_score, repair_target, enabled, aliases, source, canonical_word, is_alias FROM base_lexicon WHERE pinyin_key = ? AND tone_pinyin_key = ? AND enabled = 1 AND length(word) = ? ORDER BY prior_score DESC LIMIT ? || SELECT id, domain_id, pinyin_key, tone_pinyin_key, word, normalized, prior_score, repair_target, enabled, aliases, source, canonical_word, is_alias FROM domain_lexicon WHERE domain_id = ? AND pinyin_key = ? AND tone_pinyin_key = ? AND enabled = 1 AND length(word) = ? ORDER BY prior_score DESC LIMIT ? /* domainIds=[""bakery"",""coffee"",""food_order"",""medical"",""meeting"",""milk_tea"",""tech_ai"",""tourism_hotel"",""tourism_pickup"",""tourism_route"",""tourism_transport"",""transport""] */","{""pinyin_key"":""shi|hou|hui|chu"",""tone_pinyin_key"":""shi1|hou1|hui1|chu1"",""length"":4,""limit"":8} || {""domainIds"":[""bakery"",""coffee"",""food_order"",""medical"",""meeting"",""milk_tea"",""tech_ai"",""tourism_hotel"",""tourism_pickup"",""tourism_route"",""tourism_transport"",""transport""],""pinyin_key"":""shi|hou|hui|chu"",""tone_pinyin_key"":""shi1|hou1|hui1|chu1"",""length"":4,""limit"":8}",0,,shi1|hou1|hui1|chu1,0,,2
trigger-01,时后会出发,6,10,shi|hou|hui|chu|fa,shi1|hou1|hui1|chu1|fa1,"[1,1,1,1,1]",ready,PLAIN_AND_TONE_COMPOSITE,"SELECT id, pinyin_key, tone_pinyin_key, word, normalized, prior_score, repair_target, enabled, aliases, source, canonical_word, is_alias FROM base_lexicon WHERE pinyin_key = ? AND tone_pinyin_key = ? AND enabled = 1 AND length(word) = ? ORDER BY prior_score DESC LIMIT ? || SELECT id, domain_id, pinyin_key, tone_pinyin_key, word, normalized, prior_score, repair_target, enabled, aliases, source, canonical_word, is_alias FROM domain_lexicon WHERE domain_id = ? AND pinyin_key = ? AND tone_pinyin_key = ? AND enabled = 1 AND length(word) = ? ORDER BY prior_score DESC LIMIT ? /* domainIds=[""bakery"",""coffee"",""food_order"",""medical"",""meeting"",""milk_tea"",""tech_ai"",""tourism_hotel"",""tourism_pickup"",""tourism_route"",""tourism_transport"",""transport""] */","{""pinyin_key"":""shi|hou|hui|chu|fa"",""tone_pinyin_key"":""shi1|hou1|hui1|chu1|fa1"",""length"":5,""limit"":8} || {""domainIds"":[""bakery"",""coffee"",""food_order"",""medical"",""meeting"",""milk_tea"",""tech_ai"",""tourism_hotel"",""tourism_pickup"",""tourism_route"",""tourism_transport"",""transport""],""pinyin_key"":""shi|hou|hui|chu|fa"",""tone_pinyin_key"":""shi1|hou1|hui1|chu1|fa1"",""length"":5,""limit"":8}",0,,shi1|hou1|hui1|chu1|fa1,0,,2
trigger-01,后,6,10,hou,hou1,[1],ready,PLAIN_AND_TONE_COMPOSITE,"SELECT id, pinyin_key, tone_pinyin_key, word, normalized, prior_score, repair_target, enabled, aliases, source, canonical_word, is_alias FROM base_lexicon WHERE pinyin_key = ? AND tone_pinyin_key = ? AND enabled = 1 AND length(word) = ? ORDER BY prior_score DESC LIMIT ? || SELECT id, pinyin_key, tone_pinyin_key, word, normalized, prior_score, repair_target, enabled, aliases, source, canonical_word, is_alias FROM base_lexicon WHERE pinyin_key = ? AND tone_pinyin_key = ? AND word = ? AND enabled = 1 AND length(word) = ? LIMIT ?","{""pinyin_key"":""hou"",""tone_pinyin_key"":""hou1"",""length"":1,""limit"":8} || {""pinyin_key"":""hou"",""tone_pinyin_key"":""hou1"",""word"":""后"",""length"":1,""limit"":2}",0,,hou1,0,,2
trigger-01,后会,6,10,hou|hui,hou1|hui1,"[1,1]",ready,PLAIN_AND_TONE_COMPOSITE,"SELECT id, pinyin_key, tone_pinyin_key, word, normalized, prior_score, repair_target, enabled, aliases, source, canonical_word, is_alias FROM base_lexicon WHERE pinyin_key = ? AND tone_pinyin_key = ? AND enabled = 1 AND length(word) = ? ORDER BY prior_score DESC LIMIT ? || SELECT id, domain_id, pinyin_key, tone_pinyin_key, word, normalized, prior_score, repair_target, enabled, aliases, source, canonical_word, is_alias FROM domain_lexicon WHERE domain_id = ? AND pinyin_key = ? AND tone_pinyin_key = ? AND enabled = 1 AND length(word) = ? ORDER BY prior_score DESC LIMIT ? /* domainIds=[""bakery"",""coffee"",""food_order"",""medical"",""meeting"",""milk_tea"",""tech_ai"",""tourism_hotel"",""tourism_pickup"",""tourism_route"",""tourism_transport"",""transport""] */","{""pinyin_key"":""hou|hui"",""tone_pinyin_key"":""hou1|hui1"",""length"":2,""limit"":8} || {""domainIds"":[""bakery"",""coffee"",""food_order"",""medical"",""meeting"",""milk_tea"",""tech_ai"",""tourism_hotel"",""tourism_pickup"",""tourism_route"",""tourism_transport"",""transport""],""pinyin_key"":""hou|hui"",""tone_pinyin_key"":""hou1|hui1"",""length"":2,""limit"":8}",0,,hou1|hui1,0,,2
trigger-01,后会出,6,10,hou|hui|chu,hou1|hui1|chu1,"[1,1,1]",ready,PLAIN_AND_TONE_COMPOSITE,"SELECT id, pinyin_key, tone_pinyin_key, word, normalized, prior_score, repair_target, enabled, aliases, source, canonical_word, is_alias FROM base_lexicon WHERE pinyin_key = ? AND tone_pinyin_key = ? AND enabled = 1 AND length(word) = ? ORDER BY prior_score DESC LIMIT ? || SELECT id, domain_id, pinyin_key, tone_pinyin_key, word, normalized, prior_score, repair_target, enabled, aliases, source, canonical_word, is_alias FROM domain_lexicon WHERE domain_id = ? AND pinyin_key = ? AND tone_pinyin_key = ? AND enabled = 1 AND length(word) = ? ORDER BY prior_score DESC LIMIT ? /* domainIds=[""bakery"",""coffee"",""food_order"",""medical"",""meeting"",""milk_tea"",""tech_ai"",""tourism_hotel"",""tourism_pickup"",""tourism_route"",""tourism_transport"",""transport""] */","{""pinyin_key"":""hou|hui|chu"",""tone_pinyin_key"":""hou1|hui1|chu1"",""length"":3,""limit"":8} || {""domainIds"":[""bakery"",""coffee"",""food_order"",""medical"",""meeting"",""milk_tea"",""tech_ai"",""tourism_hotel"",""tourism_pickup"",""tourism_route"",""tourism_transport"",""transport""],""pinyin_key"":""hou|hui|chu"",""tone_pinyin_key"":""hou1|hui1|chu1"",""length"":3,""limit"":8}",0,,hou1|hui1|chu1,0,,2
trigger-01,后会出发,6,10,hou|hui|chu|fa,hou1|hui1|chu1|fa1,"[1,1,1,1]",ready,PLAIN_AND_TONE_COMPOSITE,"SELECT id, pinyin_key, tone_pinyin_key, word, normalized, prior_score, repair_target, enabled, aliases, source, canonical_word, is_alias FROM base_lexicon WHERE pinyin_key = ? AND tone_pinyin_key = ? AND enabled = 1 AND length(word) = ? ORDER BY prior_score DESC LIMIT ? || SELECT id, domain_id, pinyin_key, tone_pinyin_key, word, normalized, prior_score, repair_target, enabled, aliases, source, canonical_word, is_alias FROM domain_lexicon WHERE domain_id = ? AND pinyin_key = ? AND tone_pinyin_key = ? AND enabled = 1 AND length(word) = ? ORDER BY prior_score DESC LIMIT ? /* domainIds=[""bakery"",""coffee"",""food_order"",""medical"",""meeting"",""milk_tea"",""tech_ai"",""tourism_hotel"",""tourism_pickup"",""tourism_route"",""tourism_transport"",""transport""] */","{""pinyin_key"":""hou|hui|chu|fa"",""tone_pinyin_key"":""hou1|hui1|chu1|fa1"",""length"":4,""limit"":8} || {""domainIds"":[""bakery"",""coffee"",""food_order"",""medical"",""meeting"",""milk_tea"",""tech_ai"",""tourism_hotel"",""tourism_pickup"",""tourism_route"",""tourism_transport"",""transport""],""pinyin_key"":""hou|hui|chu|fa"",""tone_pinyin_key"":""hou1|hui1|chu1|fa1"",""length"":4,""limit"":8}",0,,hou1|hui1|chu1|fa1,0,,2
trigger-01,后会出发熔,6,10,hou|hui|chu|fa|rong,hou1|hui1|chu1|fa1|rong1,"[1,1,1,1,1]",ready,PLAIN_AND_TONE_COMPOSITE,"SELECT id, pinyin_key, tone_pinyin_key, word, normalized, prior_score, repair_target, enabled, aliases, source, canonical_word, is_alias FROM base_lexicon WHERE pinyin_key = ? AND tone_pinyin_key = ? AND enabled = 1 AND length(word) = ? ORDER BY prior_score DESC LIMIT ? || SELECT id, domain_id, pinyin_key, tone_pinyin_key, word, normalized, prior_score, repair_target, enabled, aliases, source, canonical_word, is_alias FROM domain_lexicon WHERE domain_id = ? AND pinyin_key = ? AND tone_pinyin_key = ? AND enabled = 1 AND length(word) = ? ORDER BY prior_score DESC LIMIT ? /* domainIds=[""bakery"",""coffee"",""food_order"",""medical"",""meeting"",""milk_tea"",""tech_ai"",""tourism_hotel"",""tourism_pickup"",""tourism_route"",""tourism_transport"",""transport""] */","{""pinyin_key"":""hou|hui|chu|fa|rong"",""tone_pinyin_key"":""hou1|hui1|chu1|fa1|rong1"",""length"":5,""limit"":8} || {""domainIds"":[""bakery"",""coffee"",""food_order"",""medical"",""meeting"",""milk_tea"",""tech_ai"",""tourism_hotel"",""tourism_pickup"",""tourism_route"",""tourism_transport"",""transport""],""pinyin_key"":""hou|hui|chu|fa|rong"",""tone_pinyin_key"":""hou1|hui1|chu1|fa1|rong1"",""length"":5,""limit"":8}",0,,hou1|hui1|chu1|fa1|rong1,0,,2
trigger-01,会,6,10,hui,hui1,[1],ready,PLAIN_AND_TONE_COMPOSITE,"SELECT id, pinyin_key, tone_pinyin_key, word, normalized, prior_score, repair_target, enabled, aliases, source, canonical_word, is_alias FROM base_lexicon WHERE pinyin_key = ? AND tone_pinyin_key = ? AND enabled = 1 AND length(word) = ? ORDER BY prior_score DESC LIMIT ? || SELECT id, pinyin_key, tone_pinyin_key, word, normalized, prior_score, repair_target, enabled, aliases, source, canonical_word, is_alias FROM base_lexicon WHERE pinyin_key = ? AND tone_pinyin_key = ? AND word = ? AND enabled = 1 AND length(word) = ? LIMIT ?","{""pinyin_key"":""hui"",""tone_pinyin_key"":""hui1"",""length"":1,""limit"":8} || {""pinyin_key"":""hui"",""tone_pinyin_key"":""hui1"",""word"":""会"",""length"":1,""limit"":2}",0,,hui1,0,,2
trigger-01,会出,6,10,hui|chu,hui1|chu1,"[1,1]",ready,PLAIN_AND_TONE_COMPOSITE,"SELECT id, pinyin_key, tone_pinyin_key, word, normalized, prior_score, repair_target, enabled, aliases, source, canonical_word, is_alias FROM base_lexicon WHERE pinyin_key = ? AND tone_pinyin_key = ? AND enabled = 1 AND length(word) = ? ORDER BY prior_score DESC LIMIT ? || SELECT id, domain_id, pinyin_key, tone_pinyin_key, word, normalized, prior_score, repair_target, enabled, aliases, source, canonical_word, is_alias FROM domain_lexicon WHERE domain_id = ? AND pinyin_key = ? AND tone_pinyin_key = ? AND enabled = 1 AND length(word) = ? ORDER BY prior_score DESC LIMIT ? /* domainIds=[""bakery"",""coffee"",""food_order"",""medical"",""meeting"",""milk_tea"",""tech_ai"",""tourism_hotel"",""tourism_pickup"",""tourism_route"",""tourism_transport"",""transport""] */","{""pinyin_key"":""hui|chu"",""tone_pinyin_key"":""hui1|chu1"",""length"":2,""limit"":8} || {""domainIds"":[""bakery"",""coffee"",""food_order"",""medical"",""meeting"",""milk_tea"",""tech_ai"",""tourism_hotel"",""tourism_pickup"",""tourism_route"",""tourism_transport"",""transport""],""pinyin_key"":""hui|chu"",""tone_pinyin_key"":""hui1|chu1"",""length"":2,""limit"":8}",0,,hui1|chu1,0,,2
trigger-01,会出发,6,10,hui|chu|fa,hui1|chu1|fa1,"[1,1,1]",ready,PLAIN_AND_TONE_COMPOSITE,"SELECT id, pinyin_key, tone_pinyin_key, word, normalized, prior_score, repair_target, enabled, aliases, source, canonical_word, is_alias FROM base_lexicon WHERE pinyin_key = ? AND tone_pinyin_key = ? AND enabled = 1 AND length(word) = ? ORDER BY prior_score DESC LIMIT ? || SELECT id, domain_id, pinyin_key, tone_pinyin_key, word, normalized, prior_score, repair_target, enabled, aliases, source, canonical_word, is_alias FROM domain_lexicon WHERE domain_id = ? AND pinyin_key = ? AND tone_pinyin_key = ? AND enabled = 1 AND length(word) = ? ORDER BY prior_score DESC LIMIT ? /* domainIds=[""bakery"",""coffee"",""food_order"",""medical"",""meeting"",""milk_tea"",""tech_ai"",""tourism_hotel"",""tourism_pickup"",""tourism_route"",""tourism_transport"",""transport""] */","{""pinyin_key"":""hui|chu|fa"",""tone_pinyin_key"":""hui1|chu1|fa1"",""length"":3,""limit"":8} || {""domainIds"":[""bakery"",""coffee"",""food_order"",""medical"",""meeting"",""milk_tea"",""tech_ai"",""tourism_hotel"",""tourism_pickup"",""tourism_route"",""tourism_transport"",""transport""],""pinyin_key"":""hui|chu|fa"",""tone_pinyin_key"":""hui1|chu1|fa1"",""length"":3,""limit"":8}",0,,hui1|chu1|fa1,0,,2
trigger-01,会出发熔,6,10,hui|chu|fa|rong,hui1|chu1|fa1|rong1,"[1,1,1,1]",ready,PLAIN_AND_TONE_COMPOSITE,"SELECT id, pinyin_key, tone_pinyin_key, word, normalized, prior_score, repair_target, enabled, aliases, source, canonical_word, is_alias FROM base_lexicon WHERE pinyin_key = ? AND tone_pinyin_key = ? AND enabled = 1 AND length(word) = ? ORDER BY prior_score DESC LIMIT ? || SELECT id, domain_id, pinyin_key, tone_pinyin_key, word, normalized, prior_score, repair_target, enabled, aliases, source, canonical_word, is_alias FROM domain_lexicon WHERE domain_id = ? AND pinyin_key = ? AND tone_pinyin_key = ? AND enabled = 1 AND length(word) = ? ORDER BY prior_score DESC LIMIT ? /* domainIds=[""bakery"",""coffee"",""food_order"",""medical"",""meeting"",""milk_tea"",""tech_ai"",""tourism_hotel"",""tourism_pickup"",""tourism_route"",""tourism_transport"",""transport""] */","{""pinyin_key"":""hui|chu|fa|rong"",""tone_pinyin_key"":""hui1|chu1|fa1|rong1"",""length"":4,""limit"":8} || {""domainIds"":[""bakery"",""coffee"",""food_order"",""medical"",""meeting"",""milk_tea"",""tech_ai"",""tourism_hotel"",""tourism_pickup"",""tourism_route"",""tourism_transport"",""transport""],""pinyin_key"":""hui|chu|fa|rong"",""tone_pinyin_key"":""hui1|chu1|fa1|rong1"",""length"":4,""limit"":8}",0,,hui1|chu1|fa1|rong1,0,,2
trigger-01,会出发熔断,6,10,hui|chu|fa|rong|duan,hui1|chu1|fa1|rong1|duan1,"[1,1,1,1,1]",ready,PLAIN_AND_TONE_COMPOSITE,"SELECT id, pinyin_key, tone_pinyin_key, word, normalized, prior_score, repair_target, enabled, aliases, source, canonical_word, is_alias FROM base_lexicon WHERE pinyin_key = ? AND tone_pinyin_key = ? AND enabled = 1 AND length(word) = ? ORDER BY prior_score DESC LIMIT ? || SELECT id, domain_id, pinyin_key, tone_pinyin_key, word, normalized, prior_score, repair_target, enabled, aliases, source, canonical_word, is_alias FROM domain_lexicon WHERE domain_id = ? AND pinyin_key = ? AND tone_pinyin_key = ? AND enabled = 1 AND length(word) = ? ORDER BY prior_score DESC LIMIT ? /* domainIds=[""bakery"",""coffee"",""food_order"",""medical"",""meeting"",""milk_tea"",""tech_ai"",""tourism_hotel"",""tourism_pickup"",""tourism_route"",""tourism_transport"",""transport""] */","{""pinyin_key"":""hui|chu|fa|rong|duan"",""tone_pinyin_key"":""hui1|chu1|fa1|rong1|duan1"",""length"":5,""limit"":8} || {""domainIds"":[""bakery"",""coffee"",""food_order"",""medical"",""meeting"",""milk_tea"",""tech_ai"",""tourism_hotel"",""tourism_pickup"",""tourism_route"",""tourism_transport"",""transport""],""pinyin_key"":""hui|chu|fa|rong|duan"",""tone_pinyin_key"":""hui1|chu1|fa1|rong1|duan1"",""length"":5,""limit"":8}",0,,hui1|chu1|fa1|rong1|duan1,0,,2
trigger-01,出,6,10,chu,chu1,[1],ready,PLAIN_AND_TONE_COMPOSITE,"SELECT id, pinyin_key, tone_pinyin_key, word, normalized, prior_score, repair_target, enabled, aliases, source, canonical_word, is_alias FROM base_lexicon WHERE pinyin_key = ? AND tone_pinyin_key = ? AND enabled = 1 AND length(word) = ? ORDER BY prior_score DESC LIMIT ? || SELECT id, pinyin_key, tone_pinyin_key, word, normalized, prior_score, repair_target, enabled, aliases, source, canonical_word, is_alias FROM base_lexicon WHERE pinyin_key = ? AND tone_pinyin_key = ? AND word = ? AND enabled = 1 AND length(word) = ? LIMIT ?","{""pinyin_key"":""chu"",""tone_pinyin_key"":""chu1"",""length"":1,""limit"":8} || {""pinyin_key"":""chu"",""tone_pinyin_key"":""chu1"",""word"":""出"",""length"":1,""limit"":2}",0,,chu1,0,,2
trigger-01,出发,6,10,chu|fa,chu1|fa1,"[1,1]",ready,PLAIN_AND_TONE_COMPOSITE,"SELECT id, pinyin_key, tone_pinyin_key, word, normalized, prior_score, repair_target, enabled, aliases, source, canonical_word, is_alias FROM base_lexicon WHERE pinyin_key = ? AND tone_pinyin_key = ? AND enabled = 1 AND length(word) = ? ORDER BY prior_score DESC LIMIT ? || SELECT id, domain_id, pinyin_key, tone_pinyin_key, word, normalized, prior_score, repair_target, enabled, aliases, source, canonical_word, is_alias FROM domain_lexicon WHERE domain_id = ? AND pinyin_key = ? AND tone_pinyin_key = ? AND enabled = 1 AND length(word) = ? ORDER BY prior_score DESC LIMIT ? /* domainIds=[""bakery"",""coffee"",""food_order"",""medical"",""meeting"",""milk_tea"",""tech_ai"",""tourism_hotel"",""tourism_pickup"",""tourism_route"",""tourism_transport"",""transport""] */","{""pinyin_key"":""chu|fa"",""tone_pinyin_key"":""chu1|fa1"",""length"":2,""limit"":8} || {""domainIds"":[""bakery"",""coffee"",""food_order"",""medical"",""meeting"",""milk_tea"",""tech_ai"",""tourism_hotel"",""tourism_pickup"",""tourism_route"",""tourism_transport"",""transport""],""pinyin_key"":""chu|fa"",""tone_pinyin_key"":""chu1|fa1"",""length"":2,""limit"":8}",1,出发,chu1|fa1,1,,2
trigger-01,出发熔,6,10,chu|fa|rong,chu1|fa1|rong1,"[1,1,1]",ready,PLAIN_AND_TONE_COMPOSITE,"SELECT id, pinyin_key, tone_pinyin_key, word, normalized, prior_score, repair_target, enabled, aliases, source, canonical_word, is_alias FROM base_lexicon WHERE pinyin_key = ? AND tone_pinyin_key = ? AND enabled = 1 AND length(word) = ? ORDER BY prior_score DESC LIMIT ? || SELECT id, domain_id, pinyin_key, tone_pinyin_key, word, normalized, prior_score, repair_target, enabled, aliases, source, canonical_word, is_alias FROM domain_lexicon WHERE domain_id = ? AND pinyin_key = ? AND tone_pinyin_key = ? AND enabled = 1 AND length(word) = ? ORDER BY prior_score DESC LIMIT ? /* domainIds=[""bakery"",""coffee"",""food_order"",""medical"",""meeting"",""milk_tea"",""tech_ai"",""tourism_hotel"",""tourism_pickup"",""tourism_route"",""tourism_transport"",""transport""] */","{""pinyin_key"":""chu|fa|rong"",""tone_pinyin_key"":""chu1|fa1|rong1"",""length"":3,""limit"":8} || {""domainIds"":[""bakery"",""coffee"",""food_order"",""medical"",""meeting"",""milk_tea"",""tech_ai"",""tourism_hotel"",""tourism_pickup"",""tourism_route"",""tourism_transport"",""transport""],""pinyin_key"":""chu|fa|rong"",""tone_pinyin_key"":""chu1|fa1|rong1"",""length"":3,""limit"":8}",0,,chu1|fa1|rong1,0,,2
trigger-01,出发熔断,6,10,chu|fa|rong|duan,chu1|fa1|rong1|duan1,"[1,1,1,1]",ready,PLAIN_AND_TONE_COMPOSITE,"SELECT id, pinyin_key, tone_pinyin_key, word, normalized, prior_score, repair_target, enabled, aliases, source, canonical_word, is_alias FROM base_lexicon WHERE pinyin_key = ? AND tone_pinyin_key = ? AND enabled = 1 AND length(word) = ? ORDER BY prior_score DESC LIMIT ? || SELECT id, domain_id, pinyin_key, tone_pinyin_key, word, normalized, prior_score, repair_target, enabled, aliases, source, canonical_word, is_alias FROM domain_lexicon WHERE domain_id = ? AND pinyin_key = ? AND tone_pinyin_key = ? AND enabled = 1 AND length(word) = ? ORDER BY prior_score DESC LIMIT ? /* domainIds=[""bakery"",""coffee"",""food_order"",""medical"",""meeting"",""milk_tea"",""tech_ai"",""tourism_hotel"",""tourism_pickup"",""tourism_route"",""tourism_transport"",""transport""] */","{""pinyin_key"":""chu|fa|rong|duan"",""tone_pinyin_key"":""chu1|fa1|rong1|duan1"",""length"":4,""limit"":8} || {""domainIds"":[""bakery"",""coffee"",""food_order"",""medical"",""meeting"",""milk_tea"",""tech_ai"",""tourism_hotel"",""tourism_pickup"",""tourism_route"",""tourism_transport"",""transport""],""pinyin_key"":""chu|fa|rong|duan"",""tone_pinyin_key"":""chu1|fa1|rong1|duan1"",""length"":4,""limit"":8}",0,,chu1|fa1|rong1|duan1,0,,2
trigger-01,出发熔断策,6,10,chu|fa|rong|duan|ce,chu1|fa1|rong1|duan1|ce1,"[1,1,1,1,1]",ready,PLAIN_AND_TONE_COMPOSITE,"SELECT id, pinyin_key, tone_pinyin_key, word, normalized, prior_score, repair_target, enabled, aliases, source, canonical_word, is_alias FROM base_lexicon WHERE pinyin_key = ? AND tone_pinyin_key = ? AND enabled = 1 AND length(word) = ? ORDER BY prior_score DESC LIMIT ? || SELECT id, domain_id, pinyin_key, tone_pinyin_key, word, normalized, prior_score, repair_target, enabled, aliases, source, canonical_word, is_alias FROM domain_lexicon WHERE domain_id = ? AND pinyin_key = ? AND tone_pinyin_key = ? AND enabled = 1 AND length(word) = ? ORDER BY prior_score DESC LIMIT ? /* domainIds=[""bakery"",""coffee"",""food_order"",""medical"",""meeting"",""milk_tea"",""tech_ai"",""tourism_hotel"",""tourism_pickup"",""tourism_route"",""tourism_transport"",""transport""] */","{""pinyin_key"":""chu|fa|rong|duan|ce"",""tone_pinyin_key"":""chu1|fa1|rong1|duan1|ce1"",""length"":5,""limit"":8} || {""domainIds"":[""bakery"",""coffee"",""food_order"",""medical"",""meeting"",""milk_tea"",""tech_ai"",""tourism_hotel"",""tourism_pickup"",""tourism_route"",""tourism_transport"",""transport""],""pinyin_key"":""chu|fa|rong|duan|ce"",""tone_pinyin_key"":""chu1|fa1|rong1|duan1|ce1"",""length"":5,""limit"":8}",0,,chu1|fa1|rong1|duan1|ce1,0,,2
trigger-01,发,6,10,fa,fa1,[1],ready,PLAIN_AND_TONE_COMPOSITE,"SELECT id, pinyin_key, tone_pinyin_key, word, normalized, prior_score, repair_target, enabled, aliases, source, canonical_word, is_alias FROM base_lexicon WHERE pinyin_key = ? AND tone_pinyin_key = ? AND enabled = 1 AND length(word) = ? ORDER BY prior_score DESC LIMIT ? || SELECT id, pinyin_key, tone_pinyin_key, word, normalized, prior_score, repair_target, enabled, aliases, source, canonical_word, is_alias FROM base_lexicon WHERE pinyin_key = ? AND tone_pinyin_key = ? AND word = ? AND enabled = 1 AND length(word) = ? LIMIT ?","{""pinyin_key"":""fa"",""tone_pinyin_key"":""fa1"",""length"":1,""limit"":8} || {""pinyin_key"":""fa"",""tone_pinyin_key"":""fa1"",""word"":""发"",""length"":1,""limit"":2}",0,,fa1,0,,2
trigger-01,发熔,6,10,fa|rong,fa1|rong1,"[1,1]",ready,PLAIN_AND_TONE_COMPOSITE,"SELECT id, pinyin_key, tone_pinyin_key, word, normalized, prior_score, repair_target, enabled, aliases, source, canonical_word, is_alias FROM base_lexicon WHERE pinyin_key = ? AND tone_pinyin_key = ? AND enabled = 1 AND length(word) = ? ORDER BY prior_score DESC LIMIT ? || SELECT id, domain_id, pinyin_key, tone_pinyin_key, word, normalized, prior_score, repair_target, enabled, aliases, source, canonical_word, is_alias FROM domain_lexicon WHERE domain_id = ? AND pinyin_key = ? AND tone_pinyin_key = ? AND enabled = 1 AND length(word) = ? ORDER BY prior_score DESC LIMIT ? /* domainIds=[""bakery"",""coffee"",""food_order"",""medical"",""meeting"",""milk_tea"",""tech_ai"",""tourism_hotel"",""tourism_pickup"",""tourism_route"",""tourism_transport"",""transport""] */","{""pinyin_key"":""fa|rong"",""tone_pinyin_key"":""fa1|rong1"",""length"":2,""limit"":8} || {""domainIds"":[""bakery"",""coffee"",""food_order"",""medical"",""meeting"",""milk_tea"",""tech_ai"",""tourism_hotel"",""tourism_pickup"",""tourism_route"",""tourism_transport"",""transport""],""pinyin_key"":""fa|rong"",""tone_pinyin_key"":""fa1|rong1"",""length"":2,""limit"":8}",0,,fa1|rong1,0,,2
trigger-01,发熔断,6,10,fa|rong|duan,fa1|rong1|duan1,"[1,1,1]",ready,PLAIN_AND_TONE_COMPOSITE,"SELECT id, pinyin_key, tone_pinyin_key, word, normalized, prior_score, repair_target, enabled, aliases, source, canonical_word, is_alias FROM base_lexicon WHERE pinyin_key = ? AND tone_pinyin_key = ? AND enabled = 1 AND length(word) = ? ORDER BY prior_score DESC LIMIT ? || SELECT id, domain_id, pinyin_key, tone_pinyin_key, word, normalized, prior_score, repair_target, enabled, aliases, source, canonical_word, is_alias FROM domain_lexicon WHERE domain_id = ? AND pinyin_key = ? AND tone_pinyin_key = ? AND enabled = 1 AND length(word) = ? ORDER BY prior_score DESC LIMIT ? /* domainIds=[""bakery"",""coffee"",""food_order"",""medical"",""meeting"",""milk_tea"",""tech_ai"",""tourism_hotel"",""tourism_pickup"",""tourism_route"",""tourism_transport"",""transport""] */","{""pinyin_key"":""fa|rong|duan"",""tone_pinyin_key"":""fa1|rong1|duan1"",""length"":3,""limit"":8} || {""domainIds"":[""bakery"",""coffee"",""food_order"",""medical"",""meeting"",""milk_tea"",""tech_ai"",""tourism_hotel"",""tourism_pickup"",""tourism_route"",""tourism_transport"",""transport""],""pinyin_key"":""fa|rong|duan"",""tone_pinyin_key"":""fa1|rong1|duan1"",""length"":3,""limit"":8}",0,,fa1|rong1|duan1,0,,2
trigger-01,发熔断策,6,10,fa|rong|duan|ce,fa1|rong1|duan1|ce1,"[1,1,1,1]",ready,PLAIN_AND_TONE_COMPOSITE,"SELECT id, pinyin_key, tone_pinyin_key, word, normalized, prior_score, repair_target, enabled, aliases, source, canonical_word, is_alias FROM base_lexicon WHERE pinyin_key = ? AND tone_pinyin_key = ? AND enabled = 1 AND length(word) = ? ORDER BY prior_score DESC LIMIT ? || SELECT id, domain_id, pinyin_key, tone_pinyin_key, word, normalized, prior_score, repair_target, enabled, aliases, source, canonical_word, is_alias FROM domain_lexicon WHERE domain_id = ? AND pinyin_key = ? AND tone_pinyin_key = ? AND enabled = 1 AND length(word) = ? ORDER BY prior_score DESC LIMIT ? /* domainIds=[""bakery"",""coffee"",""food_order"",""medical"",""meeting"",""milk_tea"",""tech_ai"",""tourism_hotel"",""tourism_pickup"",""tourism_route"",""tourism_transport"",""transport""] */","{""pinyin_key"":""fa|rong|duan|ce"",""tone_pinyin_key"":""fa1|rong1|duan1|ce1"",""length"":4,""limit"":8} || {""domainIds"":[""bakery"",""coffee"",""food_order"",""medical"",""meeting"",""milk_tea"",""tech_ai"",""tourism_hotel"",""tourism_pickup"",""tourism_route"",""tourism_transport"",""transport""],""pinyin_key"":""fa|rong|duan|ce"",""tone_pinyin_key"":""fa1|rong1|duan1|ce1"",""length"":4,""limit"":8}",0,,fa1|rong1|duan1|ce1,0,,2
trigger-01,发熔断策略,6,10,fa|rong|duan|ce|le,fa1|rong1|duan1|ce1|le1,"[1,1,1,1,1]",ready,PLAIN_AND_TONE_COMPOSITE,"SELECT id, pinyin_key, tone_pinyin_key, word, normalized, prior_score, repair_target, enabled, aliases, source, canonical_word, is_alias FROM base_lexicon WHERE pinyin_key = ? AND tone_pinyin_key = ? AND enabled = 1 AND length(word) = ? ORDER BY prior_score DESC LIMIT ? || SELECT id, domain_id, pinyin_key, tone_pinyin_key, word, normalized, prior_score, repair_target, enabled, aliases, source, canonical_word, is_alias FROM domain_lexicon WHERE domain_id = ? AND pinyin_key = ? AND tone_pinyin_key = ? AND enabled = 1 AND length(word) = ? ORDER BY prior_score DESC LIMIT ? /* domainIds=[""bakery"",""coffee"",""food_order"",""medical"",""meeting"",""milk_tea"",""tech_ai"",""tourism_hotel"",""tourism_pickup"",""tourism_route"",""tourism_transport"",""transport""] */","{""pinyin_key"":""fa|rong|duan|ce|le"",""tone_pinyin_key"":""fa1|rong1|duan1|ce1|le1"",""length"":5,""limit"":8} || {""domainIds"":[""bakery"",""coffee"",""food_order"",""medical"",""meeting"",""milk_tea"",""tech_ai"",""tourism_hotel"",""tourism_pickup"",""tourism_route"",""tourism_transport"",""transport""],""pinyin_key"":""fa|rong|duan|ce|le"",""tone_pinyin_key"":""fa1|rong1|duan1|ce1|le1"",""length"":5,""limit"":8}",0,,fa1|rong1|duan1|ce1|le1,0,,2
trigger-01,熔,6,10,rong,rong1,[1],ready,PLAIN_AND_TONE_COMPOSITE,"SELECT id, pinyin_key, tone_pinyin_key, word, normalized, prior_score, repair_target, enabled, aliases, source, canonical_word, is_alias FROM base_lexicon WHERE pinyin_key = ? AND tone_pinyin_key = ? AND enabled = 1 AND length(word) = ? ORDER BY prior_score DESC LIMIT ? || SELECT id, pinyin_key, tone_pinyin_key, word, normalized, prior_score, repair_target, enabled, aliases, source, canonical_word, is_alias FROM base_lexicon WHERE pinyin_key = ? AND tone_pinyin_key = ? AND word = ? AND enabled = 1 AND length(word) = ? LIMIT ?","{""pinyin_key"":""rong"",""tone_pinyin_key"":""rong1"",""length"":1,""limit"":8} || {""pinyin_key"":""rong"",""tone_pinyin_key"":""rong1"",""word"":""熔"",""length"":1,""limit"":2}",0,,rong1,0,,2
trigger-01,熔断,6,10,rong|duan,rong1|duan1,"[1,1]",ready,PLAIN_AND_TONE_COMPOSITE,"SELECT id, pinyin_key, tone_pinyin_key, word, normalized, prior_score, repair_target, enabled, aliases, source, canonical_word, is_alias FROM base_lexicon WHERE pinyin_key = ? AND tone_pinyin_key = ? AND enabled = 1 AND length(word) = ? ORDER BY prior_score DESC LIMIT ? || SELECT id, domain_id, pinyin_key, tone_pinyin_key, word, normalized, prior_score, repair_target, enabled, aliases, source, canonical_word, is_alias FROM domain_lexicon WHERE domain_id = ? AND pinyin_key = ? AND tone_pinyin_key = ? AND enabled = 1 AND length(word) = ? ORDER BY prior_score DESC LIMIT ? /* domainIds=[""bakery"",""coffee"",""food_order"",""medical"",""meeting"",""milk_tea"",""tech_ai"",""tourism_hotel"",""tourism_pickup"",""tourism_route"",""tourism_transport"",""transport""] */","{""pinyin_key"":""rong|duan"",""tone_pinyin_key"":""rong1|duan1"",""length"":2,""limit"":8} || {""domainIds"":[""bakery"",""coffee"",""food_order"",""medical"",""meeting"",""milk_tea"",""tech_ai"",""tourism_hotel"",""tourism_pickup"",""tourism_route"",""tourism_transport"",""transport""],""pinyin_key"":""rong|duan"",""tone_pinyin_key"":""rong1|duan1"",""length"":2,""limit"":8}",0,,rong1|duan1,0,,2
trigger-01,熔断策,6,10,rong|duan|ce,rong1|duan1|ce1,"[1,1,1]",ready,PLAIN_AND_TONE_COMPOSITE,"SELECT id, pinyin_key, tone_pinyin_key, word, normalized, prior_score, repair_target, enabled, aliases, source, canonical_word, is_alias FROM base_lexicon WHERE pinyin_key = ? AND tone_pinyin_key = ? AND enabled = 1 AND length(word) = ? ORDER BY prior_score DESC LIMIT ? || SELECT id, domain_id, pinyin_key, tone_pinyin_key, word, normalized, prior_score, repair_target, enabled, aliases, source, canonical_word, is_alias FROM domain_lexicon WHERE domain_id = ? AND pinyin_key = ? AND tone_pinyin_key = ? AND enabled = 1 AND length(word) = ? ORDER BY prior_score DESC LIMIT ? /* domainIds=[""bakery"",""coffee"",""food_order"",""medical"",""meeting"",""milk_tea"",""tech_ai"",""tourism_hotel"",""tourism_pickup"",""tourism_route"",""tourism_transport"",""transport""] */","{""pinyin_key"":""rong|duan|ce"",""tone_pinyin_key"":""rong1|duan1|ce1"",""length"":3,""limit"":8} || {""domainIds"":[""bakery"",""coffee"",""food_order"",""medical"",""meeting"",""milk_tea"",""tech_ai"",""tourism_hotel"",""tourism_pickup"",""tourism_route"",""tourism_transport"",""transport""],""pinyin_key"":""rong|duan|ce"",""tone_pinyin_key"":""rong1|duan1|ce1"",""length"":3,""limit"":8}",0,,rong1|duan1|ce1,0,,2
trigger-01,熔断策略,6,10,rong|duan|ce|le,rong1|duan1|ce1|le1,"[1,1,1,1]",ready,PLAIN_AND_TONE_COMPOSITE,"SELECT id, pinyin_key, tone_pinyin_key, word, normalized, prior_score, repair_target, enabled, aliases, source, canonical_word, is_alias FROM base_lexicon WHERE pinyin_key = ? AND tone_pinyin_key = ? AND enabled = 1 AND length(word) = ? ORDER BY prior_score DESC LIMIT ? || SELECT id, domain_id, pinyin_key, tone_pinyin_key, word, normalized, prior_score, repair_target, enabled, aliases, source, canonical_word, is_alias FROM domain_lexicon WHERE domain_id = ? AND pinyin_key = ? AND tone_pinyin_key = ? AND enabled = 1 AND length(word) = ? ORDER BY prior_score DESC LIMIT ? /* domainIds=[""bakery"",""coffee"",""food_order"",""medical"",""meeting"",""milk_tea"",""tech_ai"",""tourism_hotel"",""tourism_pickup"",""tourism_route"",""tourism_transport"",""transport""] */","{""pinyin_key"":""rong|duan|ce|le"",""tone_pinyin_key"":""rong1|duan1|ce1|le1"",""length"":4,""limit"":8} || {""domainIds"":[""bakery"",""coffee"",""food_order"",""medical"",""meeting"",""milk_tea"",""tech_ai"",""tourism_hotel"",""tourism_pickup"",""tourism_route"",""tourism_transport"",""transport""],""pinyin_key"":""rong|duan|ce|le"",""tone_pinyin_key"":""rong1|duan1|ce1|le1"",""length"":4,""limit"":8}",0,,rong1|duan1|ce1|le1,0,,2
trigger-01,熔断策略保,6,10,rong|duan|ce|le|bao,rong1|duan1|ce1|le1|bao1,"[1,1,1,1,1]",ready,PLAIN_AND_TONE_COMPOSITE,"SELECT id, pinyin_key, tone_pinyin_key, word, normalized, prior_score, repair_target, enabled, aliases, source, canonical_word, is_alias FROM base_lexicon WHERE pinyin_key = ? AND tone_pinyin_key = ? AND enabled = 1 AND length(word) = ? ORDER BY prior_score DESC LIMIT ? || SELECT id, domain_id, pinyin_key, tone_pinyin_key, word, normalized, prior_score, repair_target, enabled, aliases, source, canonical_word, is_alias FROM domain_lexicon WHERE domain_id = ? AND pinyin_key = ? AND tone_pinyin_key = ? AND enabled = 1 AND length(word) = ? ORDER BY prior_score DESC LIMIT ? /* domainIds=[""bakery"",""coffee"",""food_order"",""medical"",""meeting"",""milk_tea"",""tech_ai"",""tourism_hotel"",""tourism_pickup"",""tourism_route"",""tourism_transport"",""transport""] */","{""pinyin_key"":""rong|duan|ce|le|bao"",""tone_pinyin_key"":""rong1|duan1|ce1|le1|bao1"",""length"":5,""limit"":8} || {""domainIds"":[""bakery"",""coffee"",""food_order"",""medical"",""meeting"",""milk_tea"",""tech_ai"",""tourism_hotel"",""tourism_pickup"",""tourism_route"",""tourism_transport"",""transport""],""pinyin_key"":""rong|duan|ce|le|bao"",""tone_pinyin_key"":""rong1|duan1|ce1|le1|bao1"",""length"":5,""limit"":8}",0,,rong1|duan1|ce1|le1|bao1,0,,2
trigger-01,断,6,10,duan,duan1,[1],ready,PLAIN_AND_TONE_COMPOSITE,"SELECT id, pinyin_key, tone_pinyin_key, word, normalized, prior_score, repair_target, enabled, aliases, source, canonical_word, is_alias FROM base_lexicon WHERE pinyin_key = ? AND tone_pinyin_key = ? AND enabled = 1 AND length(word) = ? ORDER BY prior_score DESC LIMIT ? || SELECT id, pinyin_key, tone_pinyin_key, word, normalized, prior_score, repair_target, enabled, aliases, source, canonical_word, is_alias FROM base_lexicon WHERE pinyin_key = ? AND tone_pinyin_key = ? AND word = ? AND enabled = 1 AND length(word) = ? LIMIT ?","{""pinyin_key"":""duan"",""tone_pinyin_key"":""duan1"",""length"":1,""limit"":8} || {""pinyin_key"":""duan"",""tone_pinyin_key"":""duan1"",""word"":""断"",""length"":1,""limit"":2}",0,,duan1,0,,2
trigger-01,断策,6,10,duan|ce,duan1|ce1,"[1,1]",ready,PLAIN_AND_TONE_COMPOSITE,"SELECT id, pinyin_key, tone_pinyin_key, word, normalized, prior_score, repair_target, enabled, aliases, source, canonical_word, is_alias FROM base_lexicon WHERE pinyin_key = ? AND tone_pinyin_key = ? AND enabled = 1 AND length(word) = ? ORDER BY prior_score DESC LIMIT ? || SELECT id, domain_id, pinyin_key, tone_pinyin_key, word, normalized, prior_score, repair_target, enabled, aliases, source, canonical_word, is_alias FROM domain_lexicon WHERE domain_id = ? AND pinyin_key = ? AND tone_pinyin_key = ? AND enabled = 1 AND length(word) = ? ORDER BY prior_score DESC LIMIT ? /* domainIds=[""bakery"",""coffee"",""food_order"",""medical"",""meeting"",""milk_tea"",""tech_ai"",""tourism_hotel"",""tourism_pickup"",""tourism_route"",""tourism_transport"",""transport""] */","{""pinyin_key"":""duan|ce"",""tone_pinyin_key"":""duan1|ce1"",""length"":2,""limit"":8} || {""domainIds"":[""bakery"",""coffee"",""food_order"",""medical"",""meeting"",""milk_tea"",""tech_ai"",""tourism_hotel"",""tourism_pickup"",""tourism_route"",""tourism_transport"",""transport""],""pinyin_key"":""duan|ce"",""tone_pinyin_key"":""duan1|ce1"",""length"":2,""limit"":8}",0,,duan1|ce1,0,,2
trigger-01,断策略,6,10,duan|ce|le,duan1|ce1|le1,"[1,1,1]",ready,PLAIN_AND_TONE_COMPOSITE,"SELECT id, pinyin_key, tone_pinyin_key, word, normalized, prior_score, repair_target, enabled, aliases, source, canonical_word, is_alias FROM base_lexicon WHERE pinyin_key = ? AND tone_pinyin_key = ? AND enabled = 1 AND length(word) = ? ORDER BY prior_score DESC LIMIT ? || SELECT id, domain_id, pinyin_key, tone_pinyin_key, word, normalized, prior_score, repair_target, enabled, aliases, source, canonical_word, is_alias FROM domain_lexicon WHERE domain_id = ? AND pinyin_key = ? AND tone_pinyin_key = ? AND enabled = 1 AND length(word) = ? ORDER BY prior_score DESC LIMIT ? /* domainIds=[""bakery"",""coffee"",""food_order"",""medical"",""meeting"",""milk_tea"",""tech_ai"",""tourism_hotel"",""tourism_pickup"",""tourism_route"",""tourism_transport"",""transport""] */","{""pinyin_key"":""duan|ce|le"",""tone_pinyin_key"":""duan1|ce1|le1"",""length"":3,""limit"":8} || {""domainIds"":[""bakery"",""coffee"",""food_order"",""medical"",""meeting"",""milk_tea"",""tech_ai"",""tourism_hotel"",""tourism_pickup"",""tourism_route"",""tourism_transport"",""transport""],""pinyin_key"":""duan|ce|le"",""tone_pinyin_key"":""duan1|ce1|le1"",""length"":3,""limit"":8}",0,,duan1|ce1|le1,0,,2
trigger-01,断策略保,6,10,duan|ce|le|bao,duan1|ce1|le1|bao1,"[1,1,1,1]",ready,PLAIN_AND_TONE_COMPOSITE,"SELECT id, pinyin_key, tone_pinyin_key, word, normalized, prior_score, repair_target, enabled, aliases, source, canonical_word, is_alias FROM base_lexicon WHERE pinyin_key = ? AND tone_pinyin_key = ? AND enabled = 1 AND length(word) = ? ORDER BY prior_score DESC LIMIT ? || SELECT id, domain_id, pinyin_key, tone_pinyin_key, word, normalized, prior_score, repair_target, enabled, aliases, source, canonical_word, is_alias FROM domain_lexicon WHERE domain_id = ? AND pinyin_key = ? AND tone_pinyin_key = ? AND enabled = 1 AND length(word) = ? ORDER BY prior_score DESC LIMIT ? /* domainIds=[""bakery"",""coffee"",""food_order"",""medical"",""meeting"",""milk_tea"",""tech_ai"",""tourism_hotel"",""tourism_pickup"",""tourism_route"",""tourism_transport"",""transport""] */","{""pinyin_key"":""duan|ce|le|bao"",""tone_pinyin_key"":""duan1|ce1|le1|bao1"",""length"":4,""limit"":8} || {""domainIds"":[""bakery"",""coffee"",""food_order"",""medical"",""meeting"",""milk_tea"",""tech_ai"",""tourism_hotel"",""tourism_pickup"",""tourism_route"",""tourism_transport"",""transport""],""pinyin_key"":""duan|ce|le|bao"",""tone_pinyin_key"":""duan1|ce1|le1|bao1"",""length"":4,""limit"":8}",0,,duan1|ce1|le1|bao1,0,,2
trigger-01,断策略保护,6,10,duan|ce|le|bao|hu,duan1|ce1|le1|bao1|hu1,"[1,1,1,1,1]",ready,PLAIN_AND_TONE_COMPOSITE,"SELECT id, pinyin_key, tone_pinyin_key, word, normalized, prior_score, repair_target, enabled, aliases, source, canonical_word, is_alias FROM base_lexicon WHERE pinyin_key = ? AND tone_pinyin_key = ? AND enabled = 1 AND length(word) = ? ORDER BY prior_score DESC LIMIT ? || SELECT id, domain_id, pinyin_key, tone_pinyin_key, word, normalized, prior_score, repair_target, enabled, aliases, source, canonical_word, is_alias FROM domain_lexicon WHERE domain_id = ? AND pinyin_key = ? AND tone_pinyin_key = ? AND enabled = 1 AND length(word) = ? ORDER BY prior_score DESC LIMIT ? /* domainIds=[""bakery"",""coffee"",""food_order"",""medical"",""meeting"",""milk_tea"",""tech_ai"",""tourism_hotel"",""tourism_pickup"",""tourism_route"",""tourism_transport"",""transport""] */","{""pinyin_key"":""duan|ce|le|bao|hu"",""tone_pinyin_key"":""duan1|ce1|le1|bao1|hu1"",""length"":5,""limit"":8} || {""domainIds"":[""bakery"",""coffee"",""food_order"",""medical"",""meeting"",""milk_tea"",""tech_ai"",""tourism_hotel"",""tourism_pickup"",""tourism_route"",""tourism_transport"",""transport""],""pinyin_key"":""duan|ce|le|bao|hu"",""tone_pinyin_key"":""duan1|ce1|le1|bao1|hu1"",""length"":5,""limit"":8}",0,,duan1|ce1|le1|bao1|hu1,0,,2
trigger-01,策,6,10,ce,ce1,[1],ready,PLAIN_AND_TONE_COMPOSITE,"SELECT id, pinyin_key, tone_pinyin_key, word, normalized, prior_score, repair_target, enabled, aliases, source, canonical_word, is_alias FROM base_lexicon WHERE pinyin_key = ? AND tone_pinyin_key = ? AND enabled = 1 AND length(word) = ? ORDER BY prior_score DESC LIMIT ? || SELECT id, pinyin_key, tone_pinyin_key, word, normalized, prior_score, repair_target, enabled, aliases, source, canonical_word, is_alias FROM base_lexicon WHERE pinyin_key = ? AND tone_pinyin_key = ? AND word = ? AND enabled = 1 AND length(word) = ? LIMIT ?","{""pinyin_key"":""ce"",""tone_pinyin_key"":""ce1"",""length"":1,""limit"":8} || {""pinyin_key"":""ce"",""tone_pinyin_key"":""ce1"",""word"":""策"",""length"":1,""limit"":2}",0,,ce1,0,,2
trigger-01,策略,6,10,ce|le,ce1|le1,"[1,1]",ready,PLAIN_AND_TONE_COMPOSITE,"SELECT id, pinyin_key, tone_pinyin_key, word, normalized, prior_score, repair_target, enabled, aliases, source, canonical_word, is_alias FROM base_lexicon WHERE pinyin_key = ? AND tone_pinyin_key = ? AND enabled = 1 AND length(word) = ? ORDER BY prior_score DESC LIMIT ? || SELECT id, domain_id, pinyin_key, tone_pinyin_key, word, normalized, prior_score, repair_target, enabled, aliases, source, canonical_word, is_alias FROM domain_lexicon WHERE domain_id = ? AND pinyin_key = ? AND tone_pinyin_key = ? AND enabled = 1 AND length(word) = ? ORDER BY prior_score DESC LIMIT ? /* domainIds=[""bakery"",""coffee"",""food_order"",""medical"",""meeting"",""milk_tea"",""tech_ai"",""tourism_hotel"",""tourism_pickup"",""tourism_route"",""tourism_transport"",""transport""] */","{""pinyin_key"":""ce|le"",""tone_pinyin_key"":""ce1|le1"",""length"":2,""limit"":8} || {""domainIds"":[""bakery"",""coffee"",""food_order"",""medical"",""meeting"",""milk_tea"",""tech_ai"",""tourism_hotel"",""tourism_pickup"",""tourism_route"",""tourism_transport"",""transport""],""pinyin_key"":""ce|le"",""tone_pinyin_key"":""ce1|le1"",""length"":2,""limit"":8}",0,,ce1|le1,0,,2
trigger-01,策略保,6,10,ce|le|bao,ce1|le1|bao1,"[1,1,1]",ready,PLAIN_AND_TONE_COMPOSITE,"SELECT id, pinyin_key, tone_pinyin_key, word, normalized, prior_score, repair_target, enabled, aliases, source, canonical_word, is_alias FROM base_lexicon WHERE pinyin_key = ? AND tone_pinyin_key = ? AND enabled = 1 AND length(word) = ? ORDER BY prior_score DESC LIMIT ? || SELECT id, domain_id, pinyin_key, tone_pinyin_key, word, normalized, prior_score, repair_target, enabled, aliases, source, canonical_word, is_alias FROM domain_lexicon WHERE domain_id = ? AND pinyin_key = ? AND tone_pinyin_key = ? AND enabled = 1 AND length(word) = ? ORDER BY prior_score DESC LIMIT ? /* domainIds=[""bakery"",""coffee"",""food_order"",""medical"",""meeting"",""milk_tea"",""tech_ai"",""tourism_hotel"",""tourism_pickup"",""tourism_route"",""tourism_transport"",""transport""] */","{""pinyin_key"":""ce|le|bao"",""tone_pinyin_key"":""ce1|le1|bao1"",""length"":3,""limit"":8} || {""domainIds"":[""bakery"",""coffee"",""food_order"",""medical"",""meeting"",""milk_tea"",""tech_ai"",""tourism_hotel"",""tourism_pickup"",""tourism_route"",""tourism_transport"",""transport""],""pinyin_key"":""ce|le|bao"",""tone_pinyin_key"":""ce1|le1|bao1"",""length"":3,""limit"":8}",0,,ce1|le1|bao1,0,,2
trigger-01,策略保护,6,10,ce|le|bao|hu,ce1|le1|bao1|hu1,"[1,1,1,1]",ready,PLAIN_AND_TONE_COMPOSITE,"SELECT id, pinyin_key, tone_pinyin_key, word, normalized, prior_score, repair_target, enabled, aliases, source, canonical_word, is_alias FROM base_lexicon WHERE pinyin_key = ? AND tone_pinyin_key = ? AND enabled = 1 AND length(word) = ? ORDER BY prior_score DESC LIMIT ? || SELECT id, domain_id, pinyin_key, tone_pinyin_key, word, normalized, prior_score, repair_target, enabled, aliases, source, canonical_word, is_alias FROM domain_lexicon WHERE domain_id = ? AND pinyin_key = ? AND tone_pinyin_key = ? AND enabled = 1 AND length(word) = ? ORDER BY prior_score DESC LIMIT ? /* domainIds=[""bakery"",""coffee"",""food_order"",""medical"",""meeting"",""milk_tea"",""tech_ai"",""tourism_hotel"",""tourism_pickup"",""tourism_route"",""tourism_transport"",""transport""] */","{""pinyin_key"":""ce|le|bao|hu"",""tone_pinyin_key"":""ce1|le1|bao1|hu1"",""length"":4,""limit"":8} || {""domainIds"":[""bakery"",""coffee"",""food_order"",""medical"",""meeting"",""milk_tea"",""tech_ai"",""tourism_hotel"",""tourism_pickup"",""tourism_route"",""tourism_transport"",""transport""],""pinyin_key"":""ce|le|bao|hu"",""tone_pinyin_key"":""ce1|le1|bao1|hu1"",""length"":4,""limit"":8}",0,,ce1|le1|bao1|hu1,0,,2
trigger-01,略,6,10,le,le1,[1],ready,PLAIN_AND_TONE_COMPOSITE,"SELECT id, pinyin_key, tone_pinyin_key, word, normalized, prior_score, repair_target, enabled, aliases, source, canonical_word, is_alias FROM base_lexicon WHERE pinyin_key = ? AND tone_pinyin_key = ? AND enabled = 1 AND length(word) = ? ORDER BY prior_score DESC LIMIT ? || SELECT id, pinyin_key, tone_pinyin_key, word, normalized, prior_score, repair_target, enabled, aliases, source, canonical_word, is_alias FROM base_lexicon WHERE pinyin_key = ? AND tone_pinyin_key = ? AND word = ? AND enabled = 1 AND length(word) = ? LIMIT ?","{""pinyin_key"":""le"",""tone_pinyin_key"":""le1"",""length"":1,""limit"":8} || {""pinyin_key"":""le"",""tone_pinyin_key"":""le1"",""word"":""略"",""length"":1,""limit"":2}",0,,le1,0,,2
trigger-01,略保,6,10,le|bao,le1|bao1,"[1,1]",ready,PLAIN_AND_TONE_COMPOSITE,"SELECT id, pinyin_key, tone_pinyin_key, word, normalized, prior_score, repair_target, enabled, aliases, source, canonical_word, is_alias FROM base_lexicon WHERE pinyin_key = ? AND tone_pinyin_key = ? AND enabled = 1 AND length(word) = ? ORDER BY prior_score DESC LIMIT ? || SELECT id, domain_id, pinyin_key, tone_pinyin_key, word, normalized, prior_score, repair_target, enabled, aliases, source, canonical_word, is_alias FROM domain_lexicon WHERE domain_id = ? AND pinyin_key = ? AND tone_pinyin_key = ? AND enabled = 1 AND length(word) = ? ORDER BY prior_score DESC LIMIT ? /* domainIds=[""bakery"",""coffee"",""food_order"",""medical"",""meeting"",""milk_tea"",""tech_ai"",""tourism_hotel"",""tourism_pickup"",""tourism_route"",""tourism_transport"",""transport""] */","{""pinyin_key"":""le|bao"",""tone_pinyin_key"":""le1|bao1"",""length"":2,""limit"":8} || {""domainIds"":[""bakery"",""coffee"",""food_order"",""medical"",""meeting"",""milk_tea"",""tech_ai"",""tourism_hotel"",""tourism_pickup"",""tourism_route"",""tourism_transport"",""transport""],""pinyin_key"":""le|bao"",""tone_pinyin_key"":""le1|bao1"",""length"":2,""limit"":8}",0,,le1|bao1,0,,2
trigger-01,略保护,6,10,le|bao|hu,le1|bao1|hu1,"[1,1,1]",ready,PLAIN_AND_TONE_COMPOSITE,"SELECT id, pinyin_key, tone_pinyin_key, word, normalized, prior_score, repair_target, enabled, aliases, source, canonical_word, is_alias FROM base_lexicon WHERE pinyin_key = ? AND tone_pinyin_key = ? AND enabled = 1 AND length(word) = ? ORDER BY prior_score DESC LIMIT ? || SELECT id, domain_id, pinyin_key, tone_pinyin_key, word, normalized, prior_score, repair_target, enabled, aliases, source, canonical_word, is_alias FROM domain_lexicon WHERE domain_id = ? AND pinyin_key = ? AND tone_pinyin_key = ? AND enabled = 1 AND length(word) = ? ORDER BY prior_score DESC LIMIT ? /* domainIds=[""bakery"",""coffee"",""food_order"",""medical"",""meeting"",""milk_tea"",""tech_ai"",""tourism_hotel"",""tourism_pickup"",""tourism_route"",""tourism_transport"",""transport""] */","{""pinyin_key"":""le|bao|hu"",""tone_pinyin_key"":""le1|bao1|hu1"",""length"":3,""limit"":8} || {""domainIds"":[""bakery"",""coffee"",""food_order"",""medical"",""meeting"",""milk_tea"",""tech_ai"",""tourism_hotel"",""tourism_pickup"",""tourism_route"",""tourism_transport"",""transport""],""pinyin_key"":""le|bao|hu"",""tone_pinyin_key"":""le1|bao1|hu1"",""length"":3,""limit"":8}",0,,le1|bao1|hu1,0,,2
trigger-01,保,6,10,bao,bao1,[1],ready,PLAIN_AND_TONE_COMPOSITE,"SELECT id, pinyin_key, tone_pinyin_key, word, normalized, prior_score, repair_target, enabled, aliases, source, canonical_word, is_alias FROM base_lexicon WHERE pinyin_key = ? AND tone_pinyin_key = ? AND enabled = 1 AND length(word) = ? ORDER BY prior_score DESC LIMIT ? || SELECT id, pinyin_key, tone_pinyin_key, word, normalized, prior_score, repair_target, enabled, aliases, source, canonical_word, is_alias FROM base_lexicon WHERE pinyin_key = ? AND tone_pinyin_key = ? AND word = ? AND enabled = 1 AND length(word) = ? LIMIT ?","{""pinyin_key"":""bao"",""tone_pinyin_key"":""bao1"",""length"":1,""limit"":8} || {""pinyin_key"":""bao"",""tone_pinyin_key"":""bao1"",""word"":""保"",""length"":1,""limit"":2}",0,,bao1,0,,2
trigger-01,保护,6,10,bao|hu,bao1|hu1,"[1,1]",ready,PLAIN_AND_TONE_COMPOSITE,"SELECT id, pinyin_key, tone_pinyin_key, word, normalized, prior_score, repair_target, enabled, aliases, source, canonical_word, is_alias FROM base_lexicon WHERE pinyin_key = ? AND tone_pinyin_key = ? AND enabled = 1 AND length(word) = ? ORDER BY prior_score DESC LIMIT ? || SELECT id, domain_id, pinyin_key, tone_pinyin_key, word, normalized, prior_score, repair_target, enabled, aliases, source, canonical_word, is_alias FROM domain_lexicon WHERE domain_id = ? AND pinyin_key = ? AND tone_pinyin_key = ? AND enabled = 1 AND length(word) = ? ORDER BY prior_score DESC LIMIT ? /* domainIds=[""bakery"",""coffee"",""food_order"",""medical"",""meeting"",""milk_tea"",""tech_ai"",""tourism_hotel"",""tourism_pickup"",""tourism_route"",""tourism_transport"",""transport""] */","{""pinyin_key"":""bao|hu"",""tone_pinyin_key"":""bao1|hu1"",""length"":2,""limit"":8} || {""domainIds"":[""bakery"",""coffee"",""food_order"",""medical"",""meeting"",""milk_tea"",""tech_ai"",""tourism_hotel"",""tourism_pickup"",""tourism_route"",""tourism_transport"",""transport""],""pinyin_key"":""bao|hu"",""tone_pinyin_key"":""bao1|hu1"",""length"":2,""limit"":8}",0,,bao1|hu1,0,,2
trigger-01,护,6,10,hu,hu1,[1],ready,PLAIN_AND_TONE_COMPOSITE,"SELECT id, pinyin_key, tone_pinyin_key, word, normalized, prior_score, repair_target, enabled, aliases, source, canonical_word, is_alias FROM base_lexicon WHERE pinyin_key = ? AND tone_pinyin_key = ? AND enabled = 1 AND length(word) = ? ORDER BY prior_score DESC LIMIT ? || SELECT id, pinyin_key, tone_pinyin_key, word, normalized, prior_score, repair_target, enabled, aliases, source, canonical_word, is_alias FROM base_lexicon WHERE pinyin_key = ? AND tone_pinyin_key = ? AND word = ? AND enabled = 1 AND length(word) = ? LIMIT ?","{""pinyin_key"":""hu"",""tone_pinyin_key"":""hu1"",""length"":1,""limit"":8} || {""pinyin_key"":""hu"",""tone_pinyin_key"":""hu1"",""word"":""护"",""length"":1,""limit"":2}",0,,hu1,0,,2
trigger-01,出发,8,10,chu|fa,chu1|fa1,"[1,1]",ready,PLAIN_AND_TONE_COMPOSITE,"SELECT id, pinyin_key, tone_pinyin_key, word, normalized, prior_score, repair_target, enabled, aliases, source, canonical_word, is_alias FROM base_lexicon WHERE pinyin_key = ? AND tone_pinyin_key = ? AND enabled = 1 AND length(word) = ? ORDER BY prior_score DESC LIMIT ? || SELECT id, domain_id, pinyin_key, tone_pinyin_key, word, normalized, prior_score, repair_target, enabled, aliases, source, canonical_word, is_alias FROM domain_lexicon WHERE domain_id = ? AND pinyin_key = ? AND tone_pinyin_key = ? AND enabled = 1 AND length(word) = ? ORDER BY prior_score DESC LIMIT ? /* domainIds=[""bakery"",""coffee"",""food_order"",""medical"",""meeting"",""milk_tea"",""tech_ai"",""tourism_hotel"",""tourism_pickup"",""tourism_route"",""tourism_transport"",""transport""] */","{""pinyin_key"":""chu|fa"",""tone_pinyin_key"":""chu1|fa1"",""length"":2,""limit"":8} || {""domainIds"":[""bakery"",""coffee"",""food_order"",""medical"",""meeting"",""milk_tea"",""tech_ai"",""tourism_hotel"",""tourism_pickup"",""tourism_route"",""tourism_transport"",""transport""],""pinyin_key"":""chu|fa"",""tone_pinyin_key"":""chu1|fa1"",""length"":2,""limit"":8}",1,出发,chu1|fa1,1,,2
trigger-01:CORRECT_SELF_KEY,触发,,,chu|fa,chu4|fa1,"[4,1]",ready,PLAIN_AND_TONE_COMPOSITE,"SELECT id, pinyin_key, tone_pinyin_key, word, normalized, prior_score, repair_target, enabled, aliases, source, canonical_word, is_alias FROM base_lexicon WHERE pinyin_key = ? AND tone_pinyin_key = ? AND enabled = 1 AND length(word) = ? ORDER BY prior_score DESC LIMIT ? || SELECT id, domain_id, pinyin_key, tone_pinyin_key, word, normalized, prior_score, repair_target, enabled, aliases, source, canonical_word, is_alias FROM domain_lexicon WHERE domain_id = ? AND pinyin_key = ? AND tone_pinyin_key = ? AND enabled = 1 AND length(word) = ? ORDER BY prior_score DESC LIMIT ? /* domainIds=[""bakery"",""coffee"",""food_order"",""medical"",""meeting"",""milk_tea"",""tech_ai"",""tourism_hotel"",""tourism_pickup"",""tourism_route"",""tourism_transport"",""transport""] */","{""pinyin_key"":""chu|fa"",""tone_pinyin_key"":""chu4|fa1"",""length"":2,""limit"":""cfg""} || {""domainIds"":[""bakery"",""coffee"",""food_order"",""medical"",""meeting"",""milk_tea"",""tech_ai"",""tourism_hotel"",""tourism_pickup"",""tourism_route"",""tourism_transport"",""transport""],""pinyin_key"":""chu|fa"",""tone_pinyin_key"":""chu4|fa1"",""length"":2,""limit"":""cfg""}",1,触发,chu4|fa1,1,,2
threshold-01,熔,,,rong,rong1,[1],ready,PLAIN_AND_TONE_COMPOSITE,"SELECT id, pinyin_key, tone_pinyin_key, word, normalized, prior_score, repair_target, enabled, aliases, source, canonical_word, is_alias FROM base_lexicon WHERE pinyin_key = ? AND tone_pinyin_key = ? AND enabled = 1 AND length(word) = ? ORDER BY prior_score DESC LIMIT ? || SELECT id, pinyin_key, tone_pinyin_key, word, normalized, prior_score, repair_target, enabled, aliases, source, canonical_word, is_alias FROM base_lexicon WHERE pinyin_key = ? AND tone_pinyin_key = ? AND word = ? AND enabled = 1 AND length(word) = ? LIMIT ?","{""pinyin_key"":""rong"",""tone_pinyin_key"":""rong1"",""length"":1,""limit"":8} || {""pinyin_key"":""rong"",""tone_pinyin_key"":""rong1"",""word"":""熔"",""length"":1,""limit"":2}",0,,rong1,0,,2
threshold-01,熔断,,,rong|duan,rong1|duan1,"[1,1]",ready,PLAIN_AND_TONE_COMPOSITE,"SELECT id, pinyin_key, tone_pinyin_key, word, normalized, prior_score, repair_target, enabled, aliases, source, canonical_word, is_alias FROM base_lexicon WHERE pinyin_key = ? AND tone_pinyin_key = ? AND enabled = 1 AND length(word) = ? ORDER BY prior_score DESC LIMIT ? || SELECT id, domain_id, pinyin_key, tone_pinyin_key, word, normalized, prior_score, repair_target, enabled, aliases, source, canonical_word, is_alias FROM domain_lexicon WHERE domain_id = ? AND pinyin_key = ? AND tone_pinyin_key = ? AND enabled = 1 AND length(word) = ? ORDER BY prior_score DESC LIMIT ? /* domainIds=[""bakery"",""coffee"",""food_order"",""medical"",""meeting"",""milk_tea"",""tech_ai"",""tourism_hotel"",""tourism_pickup"",""tourism_route"",""tourism_transport"",""transport""] */","{""pinyin_key"":""rong|duan"",""tone_pinyin_key"":""rong1|duan1"",""length"":2,""limit"":8} || {""domainIds"":[""bakery"",""coffee"",""food_order"",""medical"",""meeting"",""milk_tea"",""tech_ai"",""tourism_hotel"",""tourism_pickup"",""tourism_route"",""tourism_transport"",""transport""],""pinyin_key"":""rong|duan"",""tone_pinyin_key"":""rong1|duan1"",""length"":2,""limit"":8}",0,,rong1|duan1,0,,2
threshold-01,熔断策,,,rong|duan|ce,rong1|duan1|ce1,"[1,1,1]",ready,PLAIN_AND_TONE_COMPOSITE,"SELECT id, pinyin_key, tone_pinyin_key, word, normalized, prior_score, repair_target, enabled, aliases, source, canonical_word, is_alias FROM base_lexicon WHERE pinyin_key = ? AND tone_pinyin_key = ? AND enabled = 1 AND length(word) = ? ORDER BY prior_score DESC LIMIT ? || SELECT id, domain_id, pinyin_key, tone_pinyin_key, word, normalized, prior_score, repair_target, enabled, aliases, source, canonical_word, is_alias FROM domain_lexicon WHERE domain_id = ? AND pinyin_key = ? AND tone_pinyin_key = ? AND enabled = 1 AND length(word) = ? ORDER BY prior_score DESC LIMIT ? /* domainIds=[""bakery"",""coffee"",""food_order"",""medical"",""meeting"",""milk_tea"",""tech_ai"",""tourism_hotel"",""tourism_pickup"",""tourism_route"",""tourism_transport"",""transport""] */","{""pinyin_key"":""rong|duan|ce"",""tone_pinyin_key"":""rong1|duan1|ce1"",""length"":3,""limit"":8} || {""domainIds"":[""bakery"",""coffee"",""food_order"",""medical"",""meeting"",""milk_tea"",""tech_ai"",""tourism_hotel"",""tourism_pickup"",""tourism_route"",""tourism_transport"",""transport""],""pinyin_key"":""rong|duan|ce"",""tone_pinyin_key"":""rong1|duan1|ce1"",""length"":3,""limit"":8}",0,,rong1|duan1|ce1,0,,2
threshold-01,熔断策略,,,rong|duan|ce|le,rong1|duan1|ce1|le1,"[1,1,1,1]",ready,PLAIN_AND_TONE_COMPOSITE,"SELECT id, pinyin_key, tone_pinyin_key, word, normalized, prior_score, repair_target, enabled, aliases, source, canonical_word, is_alias FROM base_lexicon WHERE pinyin_key = ? AND tone_pinyin_key = ? AND enabled = 1 AND length(word) = ? ORDER BY prior_score DESC LIMIT ? || SELECT id, domain_id, pinyin_key, tone_pinyin_key, word, normalized, prior_score, repair_target, enabled, aliases, source, canonical_word, is_alias FROM domain_lexicon WHERE domain_id = ? AND pinyin_key = ? AND tone_pinyin_key = ? AND enabled = 1 AND length(word) = ? ORDER BY prior_score DESC LIMIT ? /* domainIds=[""bakery"",""coffee"",""food_order"",""medical"",""meeting"",""milk_tea"",""tech_ai"",""tourism_hotel"",""tourism_pickup"",""tourism_route"",""tourism_transport"",""transport""] */","{""pinyin_key"":""rong|duan|ce|le"",""tone_pinyin_key"":""rong1|duan1|ce1|le1"",""length"":4,""limit"":8} || {""domainIds"":[""bakery"",""coffee"",""food_order"",""medical"",""meeting"",""milk_tea"",""tech_ai"",""tourism_hotel"",""tourism_pickup"",""tourism_route"",""tourism_transport"",""transport""],""pinyin_key"":""rong|duan|ce|le"",""tone_pinyin_key"":""rong1|duan1|ce1|le1"",""length"":4,""limit"":8}",0,,rong1|duan1|ce1|le1,0,,2
threshold-01,熔断策略阈,,,rong|duan|ce|le|yu,rong1|duan1|ce1|le1|yu1,"[1,1,1,1,1]",ready,PLAIN_AND_TONE_COMPOSITE,"SELECT id, pinyin_key, tone_pinyin_key, word, normalized, prior_score, repair_target, enabled, aliases, source, canonical_word, is_alias FROM base_lexicon WHERE pinyin_key = ? AND tone_pinyin_key = ? AND enabled = 1 AND length(word) = ? ORDER BY prior_score DESC LIMIT ? || SELECT id, domain_id, pinyin_key, tone_pinyin_key, word, normalized, prior_score, repair_target, enabled, aliases, source, canonical_word, is_alias FROM domain_lexicon WHERE domain_id = ? AND pinyin_key = ? AND tone_pinyin_key = ? AND enabled = 1 AND length(word) = ? ORDER BY prior_score DESC LIMIT ? /* domainIds=[""bakery"",""coffee"",""food_order"",""medical"",""meeting"",""milk_tea"",""tech_ai"",""tourism_hotel"",""tourism_pickup"",""tourism_route"",""tourism_transport"",""transport""] */","{""pinyin_key"":""rong|duan|ce|le|yu"",""tone_pinyin_key"":""rong1|duan1|ce1|le1|yu1"",""length"":5,""limit"":8} || {""domainIds"":[""bakery"",""coffee"",""food_order"",""medical"",""meeting"",""milk_tea"",""tech_ai"",""tourism_hotel"",""tourism_pickup"",""tourism_route"",""tourism_transport"",""transport""],""pinyin_key"":""rong|duan|ce|le|yu"",""tone_pinyin_key"":""rong1|duan1|ce1|le1|yu1"",""length"":5,""limit"":8}",0,,rong1|duan1|ce1|le1|yu1,0,,2
threshold-01,断,,,duan,duan1,[1],ready,PLAIN_AND_TONE_COMPOSITE,"SELECT id, pinyin_key, tone_pinyin_key, word, normalized, prior_score, repair_target, enabled, aliases, source, canonical_word, is_alias FROM base_lexicon WHERE pinyin_key = ? AND tone_pinyin_key = ? AND enabled = 1 AND length(word) = ? ORDER BY prior_score DESC LIMIT ? || SELECT id, pinyin_key, tone_pinyin_key, word, normalized, prior_score, repair_target, enabled, aliases, source, canonical_word, is_alias FROM base_lexicon WHERE pinyin_key = ? AND tone_pinyin_key = ? AND word = ? AND enabled = 1 AND length(word) = ? LIMIT ?","{""pinyin_key"":""duan"",""tone_pinyin_key"":""duan1"",""length"":1,""limit"":8} || {""pinyin_key"":""duan"",""tone_pinyin_key"":""duan1"",""word"":""断"",""length"":1,""limit"":2}",0,,duan1,0,,2
threshold-01,断策,,,duan|ce,duan1|ce1,"[1,1]",ready,PLAIN_AND_TONE_COMPOSITE,"SELECT id, pinyin_key, tone_pinyin_key, word, normalized, prior_score, repair_target, enabled, aliases, source, canonical_word, is_alias FROM base_lexicon WHERE pinyin_key = ? AND tone_pinyin_key = ? AND enabled = 1 AND length(word) = ? ORDER BY prior_score DESC LIMIT ? || SELECT id, domain_id, pinyin_key, tone_pinyin_key, word, normalized, prior_score, repair_target, enabled, aliases, source, canonical_word, is_alias FROM domain_lexicon WHERE domain_id = ? AND pinyin_key = ? AND tone_pinyin_key = ? AND enabled = 1 AND length(word) = ? ORDER BY prior_score DESC LIMIT ? /* domainIds=[""bakery"",""coffee"",""food_order"",""medical"",""meeting"",""milk_tea"",""tech_ai"",""tourism_hotel"",""tourism_pickup"",""tourism_route"",""tourism_transport"",""transport""] */","{""pinyin_key"":""duan|ce"",""tone_pinyin_key"":""duan1|ce1"",""length"":2,""limit"":8} || {""domainIds"":[""bakery"",""coffee"",""food_order"",""medical"",""meeting"",""milk_tea"",""tech_ai"",""tourism_hotel"",""tourism_pickup"",""tourism_route"",""tourism_transport"",""transport""],""pinyin_key"":""duan|ce"",""tone_pinyin_key"":""duan1|ce1"",""length"":2,""limit"":8}",0,,duan1|ce1,0,,2
threshold-01,断策略,,,duan|ce|le,duan1|ce1|le1,"[1,1,1]",ready,PLAIN_AND_TONE_COMPOSITE,"SELECT id, pinyin_key, tone_pinyin_key, word, normalized, prior_score, repair_target, enabled, aliases, source, canonical_word, is_alias FROM base_lexicon WHERE pinyin_key = ? AND tone_pinyin_key = ? AND enabled = 1 AND length(word) = ? ORDER BY prior_score DESC LIMIT ? || SELECT id, domain_id, pinyin_key, tone_pinyin_key, word, normalized, prior_score, repair_target, enabled, aliases, source, canonical_word, is_alias FROM domain_lexicon WHERE domain_id = ? AND pinyin_key = ? AND tone_pinyin_key = ? AND enabled = 1 AND length(word) = ? ORDER BY prior_score DESC LIMIT ? /* domainIds=[""bakery"",""coffee"",""food_order"",""medical"",""meeting"",""milk_tea"",""tech_ai"",""tourism_hotel"",""tourism_pickup"",""tourism_route"",""tourism_transport"",""transport""] */","{""pinyin_key"":""duan|ce|le"",""tone_pinyin_key"":""duan1|ce1|le1"",""length"":3,""limit"":8} || {""domainIds"":[""bakery"",""coffee"",""food_order"",""medical"",""meeting"",""milk_tea"",""tech_ai"",""tourism_hotel"",""tourism_pickup"",""tourism_route"",""tourism_transport"",""transport""],""pinyin_key"":""duan|ce|le"",""tone_pinyin_key"":""duan1|ce1|le1"",""length"":3,""limit"":8}",0,,duan1|ce1|le1,0,,2
threshold-01,断策略阈,,,duan|ce|le|yu,duan1|ce1|le1|yu1,"[1,1,1,1]",ready,PLAIN_AND_TONE_COMPOSITE,"SELECT id, pinyin_key, tone_pinyin_key, word, normalized, prior_score, repair_target, enabled, aliases, source, canonical_word, is_alias FROM base_lexicon WHERE pinyin_key = ? AND tone_pinyin_key = ? AND enabled = 1 AND length(word) = ? ORDER BY prior_score DESC LIMIT ? || SELECT id, domain_id, pinyin_key, tone_pinyin_key, word, normalized, prior_score, repair_target, enabled, aliases, source, canonical_word, is_alias FROM domain_lexicon WHERE domain_id = ? AND pinyin_key = ? AND tone_pinyin_key = ? AND enabled = 1 AND length(word) = ? ORDER BY prior_score DESC LIMIT ? /* domainIds=[""bakery"",""coffee"",""food_order"",""medical"",""meeting"",""milk_tea"",""tech_ai"",""tourism_hotel"",""tourism_pickup"",""tourism_route"",""tourism_transport"",""transport""] */","{""pinyin_key"":""duan|ce|le|yu"",""tone_pinyin_key"":""duan1|ce1|le1|yu1"",""length"":4,""limit"":8} || {""domainIds"":[""bakery"",""coffee"",""food_order"",""medical"",""meeting"",""milk_tea"",""tech_ai"",""tourism_hotel"",""tourism_pickup"",""tourism_route"",""tourism_transport"",""transport""],""pinyin_key"":""duan|ce|le|yu"",""tone_pinyin_key"":""duan1|ce1|le1|yu1"",""length"":4,""limit"":8}",0,,duan1|ce1|le1|yu1,0,,2
threshold-01,断策略阈之,,,duan|ce|le|yu|zhi,duan1|ce1|le1|yu1|zhi1,"[1,1,1,1,1]",ready,PLAIN_AND_TONE_COMPOSITE,"SELECT id, pinyin_key, tone_pinyin_key, word, normalized, prior_score, repair_target, enabled, aliases, source, canonical_word, is_alias FROM base_lexicon WHERE pinyin_key = ? AND tone_pinyin_key = ? AND enabled = 1 AND length(word) = ? ORDER BY prior_score DESC LIMIT ? || SELECT id, domain_id, pinyin_key, tone_pinyin_key, word, normalized, prior_score, repair_target, enabled, aliases, source, canonical_word, is_alias FROM domain_lexicon WHERE domain_id = ? AND pinyin_key = ? AND tone_pinyin_key = ? AND enabled = 1 AND length(word) = ? ORDER BY prior_score DESC LIMIT ? /* domainIds=[""bakery"",""coffee"",""food_order"",""medical"",""meeting"",""milk_tea"",""tech_ai"",""tourism_hotel"",""tourism_pickup"",""tourism_route"",""tourism_transport"",""transport""] */","{""pinyin_key"":""duan|ce|le|yu|zhi"",""tone_pinyin_key"":""duan1|ce1|le1|yu1|zhi1"",""length"":5,""limit"":8} || {""domainIds"":[""bakery"",""coffee"",""food_order"",""medical"",""meeting"",""milk_tea"",""tech_ai"",""tourism_hotel"",""tourism_pickup"",""tourism_route"",""tourism_transport"",""transport""],""pinyin_key"":""duan|ce|le|yu|zhi"",""tone_pinyin_key"":""duan1|ce1|le1|yu1|zhi1"",""length"":5,""limit"":8}",0,,duan1|ce1|le1|yu1|zhi1,0,,2
threshold-01,策,,,ce,ce1,[1],ready,PLAIN_AND_TONE_COMPOSITE,"SELECT id, pinyin_key, tone_pinyin_key, word, normalized, prior_score, repair_target, enabled, aliases, source, canonical_word, is_alias FROM base_lexicon WHERE pinyin_key = ? AND tone_pinyin_key = ? AND enabled = 1 AND length(word) = ? ORDER BY prior_score DESC LIMIT ? || SELECT id, pinyin_key, tone_pinyin_key, word, normalized, prior_score, repair_target, enabled, aliases, source, canonical_word, is_alias FROM base_lexicon WHERE pinyin_key = ? AND tone_pinyin_key = ? AND word = ? AND enabled = 1 AND length(word) = ? LIMIT ?","{""pinyin_key"":""ce"",""tone_pinyin_key"":""ce1"",""length"":1,""limit"":8} || {""pinyin_key"":""ce"",""tone_pinyin_key"":""ce1"",""word"":""策"",""length"":1,""limit"":2}",0,,ce1,0,,2
threshold-01,策略,,,ce|le,ce1|le1,"[1,1]",ready,PLAIN_AND_TONE_COMPOSITE,"SELECT id, pinyin_key, tone_pinyin_key, word, normalized, prior_score, repair_target, enabled, aliases, source, canonical_word, is_alias FROM base_lexicon WHERE pinyin_key = ? AND tone_pinyin_key = ? AND enabled = 1 AND length(word) = ? ORDER BY prior_score DESC LIMIT ? || SELECT id, domain_id, pinyin_key, tone_pinyin_key, word, normalized, prior_score, repair_target, enabled, aliases, source, canonical_word, is_alias FROM domain_lexicon WHERE domain_id = ? AND pinyin_key = ? AND tone_pinyin_key = ? AND enabled = 1 AND length(word) = ? ORDER BY prior_score DESC LIMIT ? /* domainIds=[""bakery"",""coffee"",""food_order"",""medical"",""meeting"",""milk_tea"",""tech_ai"",""tourism_hotel"",""tourism_pickup"",""tourism_route"",""tourism_transport"",""transport""] */","{""pinyin_key"":""ce|le"",""tone_pinyin_key"":""ce1|le1"",""length"":2,""limit"":8} || {""domainIds"":[""bakery"",""coffee"",""food_order"",""medical"",""meeting"",""milk_tea"",""tech_ai"",""tourism_hotel"",""tourism_pickup"",""tourism_route"",""tourism_transport"",""transport""],""pinyin_key"":""ce|le"",""tone_pinyin_key"":""ce1|le1"",""length"":2,""limit"":8}",0,,ce1|le1,0,,2
threshold-01,策略阈,,,ce|le|yu,ce1|le1|yu1,"[1,1,1]",ready,PLAIN_AND_TONE_COMPOSITE,"SELECT id, pinyin_key, tone_pinyin_key, word, normalized, prior_score, repair_target, enabled, aliases, source, canonical_word, is_alias FROM base_lexicon WHERE pinyin_key = ? AND tone_pinyin_key = ? AND enabled = 1 AND length(word) = ? ORDER BY prior_score DESC LIMIT ? || SELECT id, domain_id, pinyin_key, tone_pinyin_key, word, normalized, prior_score, repair_target, enabled, aliases, source, canonical_word, is_alias FROM domain_lexicon WHERE domain_id = ? AND pinyin_key = ? AND tone_pinyin_key = ? AND enabled = 1 AND length(word) = ? ORDER BY prior_score DESC LIMIT ? /* domainIds=[""bakery"",""coffee"",""food_order"",""medical"",""meeting"",""milk_tea"",""tech_ai"",""tourism_hotel"",""tourism_pickup"",""tourism_route"",""tourism_transport"",""transport""] */","{""pinyin_key"":""ce|le|yu"",""tone_pinyin_key"":""ce1|le1|yu1"",""length"":3,""limit"":8} || {""domainIds"":[""bakery"",""coffee"",""food_order"",""medical"",""meeting"",""milk_tea"",""tech_ai"",""tourism_hotel"",""tourism_pickup"",""tourism_route"",""tourism_transport"",""transport""],""pinyin_key"":""ce|le|yu"",""tone_pinyin_key"":""ce1|le1|yu1"",""length"":3,""limit"":8}",0,,ce1|le1|yu1,0,,2
threshold-01,策略阈之,,,ce|le|yu|zhi,ce1|le1|yu1|zhi1,"[1,1,1,1]",ready,PLAIN_AND_TONE_COMPOSITE,"SELECT id, pinyin_key, tone_pinyin_key, word, normalized, prior_score, repair_target, enabled, aliases, source, canonical_word, is_alias FROM base_lexicon WHERE pinyin_key = ? AND tone_pinyin_key = ? AND enabled = 1 AND length(word) = ? ORDER BY prior_score DESC LIMIT ? || SELECT id, domain_id, pinyin_key, tone_pinyin_key, word, normalized, prior_score, repair_target, enabled, aliases, source, canonical_word, is_alias FROM domain_lexicon WHERE domain_id = ? AND pinyin_key = ? AND tone_pinyin_key = ? AND enabled = 1 AND length(word) = ? ORDER BY prior_score DESC LIMIT ? /* domainIds=[""bakery"",""coffee"",""food_order"",""medical"",""meeting"",""milk_tea"",""tech_ai"",""tourism_hotel"",""tourism_pickup"",""tourism_route"",""tourism_transport"",""transport""] */","{""pinyin_key"":""ce|le|yu|zhi"",""tone_pinyin_key"":""ce1|le1|yu1|zhi1"",""length"":4,""limit"":8} || {""domainIds"":[""bakery"",""coffee"",""food_order"",""medical"",""meeting"",""milk_tea"",""tech_ai"",""tourism_hotel"",""tourism_pickup"",""tourism_route"",""tourism_transport"",""transport""],""pinyin_key"":""ce|le|yu|zhi"",""tone_pinyin_key"":""ce1|le1|yu1|zhi1"",""length"":4,""limit"":8}",0,,ce1|le1|yu1|zhi1,0,,2
threshold-01,策略阈之一,,,ce|le|yu|zhi|yi,ce1|le1|yu1|zhi1|yi1,"[1,1,1,1,1]",ready,PLAIN_AND_TONE_COMPOSITE,"SELECT id, pinyin_key, tone_pinyin_key, word, normalized, prior_score, repair_target, enabled, aliases, source, canonical_word, is_alias FROM base_lexicon WHERE pinyin_key = ? AND tone_pinyin_key = ? AND enabled = 1 AND length(word) = ? ORDER BY prior_score DESC LIMIT ? || SELECT id, domain_id, pinyin_key, tone_pinyin_key, word, normalized, prior_score, repair_target, enabled, aliases, source, canonical_word, is_alias FROM domain_lexicon WHERE domain_id = ? AND pinyin_key = ? AND tone_pinyin_key = ? AND enabled = 1 AND length(word) = ? ORDER BY prior_score DESC LIMIT ? /* domainIds=[""bakery"",""coffee"",""food_order"",""medical"",""meeting"",""milk_tea"",""tech_ai"",""tourism_hotel"",""tourism_pickup"",""tourism_route"",""tourism_transport"",""transport""] */","{""pinyin_key"":""ce|le|yu|zhi|yi"",""tone_pinyin_key"":""ce1|le1|yu1|zhi1|yi1"",""length"":5,""limit"":8} || {""domainIds"":[""bakery"",""coffee"",""food_order"",""medical"",""meeting"",""milk_tea"",""tech_ai"",""tourism_hotel"",""tourism_pickup"",""tourism_route"",""tourism_transport"",""transport""],""pinyin_key"":""ce|le|yu|zhi|yi"",""tone_pinyin_key"":""ce1|le1|yu1|zhi1|yi1"",""length"":5,""limit"":8}",0,,ce1|le1|yu1|zhi1|yi1,0,,2
threshold-01,略,,,le,le1,[1],ready,PLAIN_AND_TONE_COMPOSITE,"SELECT id, pinyin_key, tone_pinyin_key, word, normalized, prior_score, repair_target, enabled, aliases, source, canonical_word, is_alias FROM base_lexicon WHERE pinyin_key = ? AND tone_pinyin_key = ? AND enabled = 1 AND length(word) = ? ORDER BY prior_score DESC LIMIT ? || SELECT id, pinyin_key, tone_pinyin_key, word, normalized, prior_score, repair_target, enabled, aliases, source, canonical_word, is_alias FROM base_lexicon WHERE pinyin_key = ? AND tone_pinyin_key = ? AND word = ? AND enabled = 1 AND length(word) = ? LIMIT ?","{""pinyin_key"":""le"",""tone_pinyin_key"":""le1"",""length"":1,""limit"":8} || {""pinyin_key"":""le"",""tone_pinyin_key"":""le1"",""word"":""略"",""length"":1,""limit"":2}",0,,le1,0,,2
threshold-01,略阈,,,le|yu,le1|yu1,"[1,1]",ready,PLAIN_AND_TONE_COMPOSITE,"SELECT id, pinyin_key, tone_pinyin_key, word, normalized, prior_score, repair_target, enabled, aliases, source, canonical_word, is_alias FROM base_lexicon WHERE pinyin_key = ? AND tone_pinyin_key = ? AND enabled = 1 AND length(word) = ? ORDER BY prior_score DESC LIMIT ? || SELECT id, domain_id, pinyin_key, tone_pinyin_key, word, normalized, prior_score, repair_target, enabled, aliases, source, canonical_word, is_alias FROM domain_lexicon WHERE domain_id = ? AND pinyin_key = ? AND tone_pinyin_key = ? AND enabled = 1 AND length(word) = ? ORDER BY prior_score DESC LIMIT ? /* domainIds=[""bakery"",""coffee"",""food_order"",""medical"",""meeting"",""milk_tea"",""tech_ai"",""tourism_hotel"",""tourism_pickup"",""tourism_route"",""tourism_transport"",""transport""] */","{""pinyin_key"":""le|yu"",""tone_pinyin_key"":""le1|yu1"",""length"":2,""limit"":8} || {""domainIds"":[""bakery"",""coffee"",""food_order"",""medical"",""meeting"",""milk_tea"",""tech_ai"",""tourism_hotel"",""tourism_pickup"",""tourism_route"",""tourism_transport"",""transport""],""pinyin_key"":""le|yu"",""tone_pinyin_key"":""le1|yu1"",""length"":2,""limit"":8}",0,,le1|yu1,0,,2
threshold-01,略阈之,,,le|yu|zhi,le1|yu1|zhi1,"[1,1,1]",ready,PLAIN_AND_TONE_COMPOSITE,"SELECT id, pinyin_key, tone_pinyin_key, word, normalized, prior_score, repair_target, enabled, aliases, source, canonical_word, is_alias FROM base_lexicon WHERE pinyin_key = ? AND tone_pinyin_key = ? AND enabled = 1 AND length(word) = ? ORDER BY prior_score DESC LIMIT ? || SELECT id, domain_id, pinyin_key, tone_pinyin_key, word, normalized, prior_score, repair_target, enabled, aliases, source, canonical_word, is_alias FROM domain_lexicon WHERE domain_id = ? AND pinyin_key = ? AND tone_pinyin_key = ? AND enabled = 1 AND length(word) = ? ORDER BY prior_score DESC LIMIT ? /* domainIds=[""bakery"",""coffee"",""food_order"",""medical"",""meeting"",""milk_tea"",""tech_ai"",""tourism_hotel"",""tourism_pickup"",""tourism_route"",""tourism_transport"",""transport""] */","{""pinyin_key"":""le|yu|zhi"",""tone_pinyin_key"":""le1|yu1|zhi1"",""length"":3,""limit"":8} || {""domainIds"":[""bakery"",""coffee"",""food_order"",""medical"",""meeting"",""milk_tea"",""tech_ai"",""tourism_hotel"",""tourism_pickup"",""tourism_route"",""tourism_transport"",""transport""],""pinyin_key"":""le|yu|zhi"",""tone_pinyin_key"":""le1|yu1|zhi1"",""length"":3,""limit"":8}",0,,le1|yu1|zhi1,0,,2
threshold-01,略阈之一,,,le|yu|zhi|yi,le1|yu1|zhi1|yi1,"[1,1,1,1]",ready,PLAIN_AND_TONE_COMPOSITE,"SELECT id, pinyin_key, tone_pinyin_key, word, normalized, prior_score, repair_target, enabled, aliases, source, canonical_word, is_alias FROM base_lexicon WHERE pinyin_key = ? AND tone_pinyin_key = ? AND enabled = 1 AND length(word) = ? ORDER BY prior_score DESC LIMIT ? || SELECT id, domain_id, pinyin_key, tone_pinyin_key, word, normalized, prior_score, repair_target, enabled, aliases, source, canonical_word, is_alias FROM domain_lexicon WHERE domain_id = ? AND pinyin_key = ? AND tone_pinyin_key = ? AND enabled = 1 AND length(word) = ? ORDER BY prior_score DESC LIMIT ? /* domainIds=[""bakery"",""coffee"",""food_order"",""medical"",""meeting"",""milk_tea"",""tech_ai"",""tourism_hotel"",""tourism_pickup"",""tourism_route"",""tourism_transport"",""transport""] */","{""pinyin_key"":""le|yu|zhi|yi"",""tone_pinyin_key"":""le1|yu1|zhi1|yi1"",""length"":4,""limit"":8} || {""domainIds"":[""bakery"",""coffee"",""food_order"",""medical"",""meeting"",""milk_tea"",""tech_ai"",""tourism_hotel"",""tourism_pickup"",""tourism_route"",""tourism_transport"",""transport""],""pinyin_key"":""le|yu|zhi|yi"",""tone_pinyin_key"":""le1|yu1|zhi1|yi1"",""length"":4,""limit"":8}",0,,le1|yu1|zhi1|yi1,0,,2
threshold-01,略阈之一按,,,le|yu|zhi|yi|an,le1|yu1|zhi1|yi1|an1,"[1,1,1,1,1]",ready,PLAIN_AND_TONE_COMPOSITE,"SELECT id, pinyin_key, tone_pinyin_key, word, normalized, prior_score, repair_target, enabled, aliases, source, canonical_word, is_alias FROM base_lexicon WHERE pinyin_key = ? AND tone_pinyin_key = ? AND enabled = 1 AND length(word) = ? ORDER BY prior_score DESC LIMIT ? || SELECT id, domain_id, pinyin_key, tone_pinyin_key, word, normalized, prior_score, repair_target, enabled, aliases, source, canonical_word, is_alias FROM domain_lexicon WHERE domain_id = ? AND pinyin_key = ? AND tone_pinyin_key = ? AND enabled = 1 AND length(word) = ? ORDER BY prior_score DESC LIMIT ? /* domainIds=[""bakery"",""coffee"",""food_order"",""medical"",""meeting"",""milk_tea"",""tech_ai"",""tourism_hotel"",""tourism_pickup"",""tourism_route"",""tourism_transport"",""transport""] */","{""pinyin_key"":""le|yu|zhi|yi|an"",""tone_pinyin_key"":""le1|yu1|zhi1|yi1|an1"",""length"":5,""limit"":8} || {""domainIds"":[""bakery"",""coffee"",""food_order"",""medical"",""meeting"",""milk_tea"",""tech_ai"",""tourism_hotel"",""tourism_pickup"",""tourism_route"",""tourism_transport"",""transport""],""pinyin_key"":""le|yu|zhi|yi|an"",""tone_pinyin_key"":""le1|yu1|zhi1|yi1|an1"",""length"":5,""limit"":8}",0,,le1|yu1|zhi1|yi1|an1,0,,2
threshold-01,阈,,,yu,yu1,[1],ready,PLAIN_AND_TONE_COMPOSITE,"SELECT id, pinyin_key, tone_pinyin_key, word, normalized, prior_score, repair_target, enabled, aliases, source, canonical_word, is_alias FROM base_lexicon WHERE pinyin_key = ? AND tone_pinyin_key = ? AND enabled = 1 AND length(word) = ? ORDER BY prior_score DESC LIMIT ? || SELECT id, pinyin_key, tone_pinyin_key, word, normalized, prior_score, repair_target, enabled, aliases, source, canonical_word, is_alias FROM base_lexicon WHERE pinyin_key = ? AND tone_pinyin_key = ? AND word = ? AND enabled = 1 AND length(word) = ? LIMIT ?","{""pinyin_key"":""yu"",""tone_pinyin_key"":""yu1"",""length"":1,""limit"":8} || {""pinyin_key"":""yu"",""tone_pinyin_key"":""yu1"",""word"":""阈"",""length"":1,""limit"":2}",0,,yu1,0,,2
threshold-01,阈之,,,yu|zhi,yu1|zhi1,"[1,1]",ready,PLAIN_AND_TONE_COMPOSITE,"SELECT id, pinyin_key, tone_pinyin_key, word, normalized, prior_score, repair_target, enabled, aliases, source, canonical_word, is_alias FROM base_lexicon WHERE pinyin_key = ? AND tone_pinyin_key = ? AND enabled = 1 AND length(word) = ? ORDER BY prior_score DESC LIMIT ? || SELECT id, domain_id, pinyin_key, tone_pinyin_key, word, normalized, prior_score, repair_target, enabled, aliases, source, canonical_word, is_alias FROM domain_lexicon WHERE domain_id = ? AND pinyin_key = ? AND tone_pinyin_key = ? AND enabled = 1 AND length(word) = ? ORDER BY prior_score DESC LIMIT ? /* domainIds=[""bakery"",""coffee"",""food_order"",""medical"",""meeting"",""milk_tea"",""tech_ai"",""tourism_hotel"",""tourism_pickup"",""tourism_route"",""tourism_transport"",""transport""] */","{""pinyin_key"":""yu|zhi"",""tone_pinyin_key"":""yu1|zhi1"",""length"":2,""limit"":8} || {""domainIds"":[""bakery"",""coffee"",""food_order"",""medical"",""meeting"",""milk_tea"",""tech_ai"",""tourism_hotel"",""tourism_pickup"",""tourism_route"",""tourism_transport"",""transport""],""pinyin_key"":""yu|zhi"",""tone_pinyin_key"":""yu1|zhi1"",""length"":2,""limit"":8}",0,,yu1|zhi1,0,,2
threshold-01,阈之一,,,yu|zhi|yi,yu1|zhi1|yi1,"[1,1,1]",ready,PLAIN_AND_TONE_COMPOSITE,"SELECT id, pinyin_key, tone_pinyin_key, word, normalized, prior_score, repair_target, enabled, aliases, source, canonical_word, is_alias FROM base_lexicon WHERE pinyin_key = ? AND tone_pinyin_key = ? AND enabled = 1 AND length(word) = ? ORDER BY prior_score DESC LIMIT ? || SELECT id, domain_id, pinyin_key, tone_pinyin_key, word, normalized, prior_score, repair_target, enabled, aliases, source, canonical_word, is_alias FROM domain_lexicon WHERE domain_id = ? AND pinyin_key = ? AND tone_pinyin_key = ? AND enabled = 1 AND length(word) = ? ORDER BY prior_score DESC LIMIT ? /* domainIds=[""bakery"",""coffee"",""food_order"",""medical"",""meeting"",""milk_tea"",""tech_ai"",""tourism_hotel"",""tourism_pickup"",""tourism_route"",""tourism_transport"",""transport""] */","{""pinyin_key"":""yu|zhi|yi"",""tone_pinyin_key"":""yu1|zhi1|yi1"",""length"":3,""limit"":8} || {""domainIds"":[""bakery"",""coffee"",""food_order"",""medical"",""meeting"",""milk_tea"",""tech_ai"",""tourism_hotel"",""tourism_pickup"",""tourism_route"",""tourism_transport"",""transport""],""pinyin_key"":""yu|zhi|yi"",""tone_pinyin_key"":""yu1|zhi1|yi1"",""length"":3,""limit"":8}",0,,yu1|zhi1|yi1,0,,2
threshold-01,阈之一按,,,yu|zhi|yi|an,yu1|zhi1|yi1|an1,"[1,1,1,1]",ready,PLAIN_AND_TONE_COMPOSITE,"SELECT id, pinyin_key, tone_pinyin_key, word, normalized, prior_score, repair_target, enabled, aliases, source, canonical_word, is_alias FROM base_lexicon WHERE pinyin_key = ? AND tone_pinyin_key = ? AND enabled = 1 AND length(word) = ? ORDER BY prior_score DESC LIMIT ? || SELECT id, domain_id, pinyin_key, tone_pinyin_key, word, normalized, prior_score, repair_target, enabled, aliases, source, canonical_word, is_alias FROM domain_lexicon WHERE domain_id = ? AND pinyin_key = ? AND tone_pinyin_key = ? AND enabled = 1 AND length(word) = ? ORDER BY prior_score DESC LIMIT ? /* domainIds=[""bakery"",""coffee"",""food_order"",""medical"",""meeting"",""milk_tea"",""tech_ai"",""tourism_hotel"",""tourism_pickup"",""tourism_route"",""tourism_transport"",""transport""] */","{""pinyin_key"":""yu|zhi|yi|an"",""tone_pinyin_key"":""yu1|zhi1|yi1|an1"",""length"":4,""limit"":8} || {""domainIds"":[""bakery"",""coffee"",""food_order"",""medical"",""meeting"",""milk_tea"",""tech_ai"",""tourism_hotel"",""tourism_pickup"",""tourism_route"",""tourism_transport"",""transport""],""pinyin_key"":""yu|zhi|yi|an"",""tone_pinyin_key"":""yu1|zhi1|yi1|an1"",""length"":4,""limit"":8}",0,,yu1|zhi1|yi1|an1,0,,2
threshold-01,阈之一按错,,,yu|zhi|yi|an|cuo,yu1|zhi1|yi1|an1|cuo1,"[1,1,1,1,1]",ready,PLAIN_AND_TONE_COMPOSITE,"SELECT id, pinyin_key, tone_pinyin_key, word, normalized, prior_score, repair_target, enabled, aliases, source, canonical_word, is_alias FROM base_lexicon WHERE pinyin_key = ? AND tone_pinyin_key = ? AND enabled = 1 AND length(word) = ? ORDER BY prior_score DESC LIMIT ? || SELECT id, domain_id, pinyin_key, tone_pinyin_key, word, normalized, prior_score, repair_target, enabled, aliases, source, canonical_word, is_alias FROM domain_lexicon WHERE domain_id = ? AND pinyin_key = ? AND tone_pinyin_key = ? AND enabled = 1 AND length(word) = ? ORDER BY prior_score DESC LIMIT ? /* domainIds=[""bakery"",""coffee"",""food_order"",""medical"",""meeting"",""milk_tea"",""tech_ai"",""tourism_hotel"",""tourism_pickup"",""tourism_route"",""tourism_transport"",""transport""] */","{""pinyin_key"":""yu|zhi|yi|an|cuo"",""tone_pinyin_key"":""yu1|zhi1|yi1|an1|cuo1"",""length"":5,""limit"":8} || {""domainIds"":[""bakery"",""coffee"",""food_order"",""medical"",""meeting"",""milk_tea"",""tech_ai"",""tourism_hotel"",""tourism_pickup"",""tourism_route"",""tourism_transport"",""transport""],""pinyin_key"":""yu|zhi|yi|an|cuo"",""tone_pinyin_key"":""yu1|zhi1|yi1|an1|cuo1"",""length"":5,""limit"":8}",0,,yu1|zhi1|yi1|an1|cuo1,0,,2
threshold-01,之,,,zhi,zhi1,[1],ready,PLAIN_AND_TONE_COMPOSITE,"SELECT id, pinyin_key, tone_pinyin_key, word, normalized, prior_score, repair_target, enabled, aliases, source, canonical_word, is_alias FROM base_lexicon WHERE pinyin_key = ? AND tone_pinyin_key = ? AND enabled = 1 AND length(word) = ? ORDER BY prior_score DESC LIMIT ? || SELECT id, pinyin_key, tone_pinyin_key, word, normalized, prior_score, repair_target, enabled, aliases, source, canonical_word, is_alias FROM base_lexicon WHERE pinyin_key = ? AND tone_pinyin_key = ? AND word = ? AND enabled = 1 AND length(word) = ? LIMIT ?","{""pinyin_key"":""zhi"",""tone_pinyin_key"":""zhi1"",""length"":1,""limit"":8} || {""pinyin_key"":""zhi"",""tone_pinyin_key"":""zhi1"",""word"":""之"",""length"":1,""limit"":2}",0,,zhi1,0,,2
threshold-01,之一,,,zhi|yi,zhi1|yi1,"[1,1]",ready,PLAIN_AND_TONE_COMPOSITE,"SELECT id, pinyin_key, tone_pinyin_key, word, normalized, prior_score, repair_target, enabled, aliases, source, canonical_word, is_alias FROM base_lexicon WHERE pinyin_key = ? AND tone_pinyin_key = ? AND enabled = 1 AND length(word) = ? ORDER BY prior_score DESC LIMIT ? || SELECT id, domain_id, pinyin_key, tone_pinyin_key, word, normalized, prior_score, repair_target, enabled, aliases, source, canonical_word, is_alias FROM domain_lexicon WHERE domain_id = ? AND pinyin_key = ? AND tone_pinyin_key = ? AND enabled = 1 AND length(word) = ? ORDER BY prior_score DESC LIMIT ? /* domainIds=[""bakery"",""coffee"",""food_order"",""medical"",""meeting"",""milk_tea"",""tech_ai"",""tourism_hotel"",""tourism_pickup"",""tourism_route"",""tourism_transport"",""transport""] */","{""pinyin_key"":""zhi|yi"",""tone_pinyin_key"":""zhi1|yi1"",""length"":2,""limit"":8} || {""domainIds"":[""bakery"",""coffee"",""food_order"",""medical"",""meeting"",""milk_tea"",""tech_ai"",""tourism_hotel"",""tourism_pickup"",""tourism_route"",""tourism_transport"",""transport""],""pinyin_key"":""zhi|yi"",""tone_pinyin_key"":""zhi1|yi1"",""length"":2,""limit"":8}",1,之一,zhi1|yi1,1,,2
threshold-01,之一按,,,zhi|yi|an,zhi1|yi1|an1,"[1,1,1]",ready,PLAIN_AND_TONE_COMPOSITE,"SELECT id, pinyin_key, tone_pinyin_key, word, normalized, prior_score, repair_target, enabled, aliases, source, canonical_word, is_alias FROM base_lexicon WHERE pinyin_key = ? AND tone_pinyin_key = ? AND enabled = 1 AND length(word) = ? ORDER BY prior_score DESC LIMIT ? || SELECT id, domain_id, pinyin_key, tone_pinyin_key, word, normalized, prior_score, repair_target, enabled, aliases, source, canonical_word, is_alias FROM domain_lexicon WHERE domain_id = ? AND pinyin_key = ? AND tone_pinyin_key = ? AND enabled = 1 AND length(word) = ? ORDER BY prior_score DESC LIMIT ? /* domainIds=[""bakery"",""coffee"",""food_order"",""medical"",""meeting"",""milk_tea"",""tech_ai"",""tourism_hotel"",""tourism_pickup"",""tourism_route"",""tourism_transport"",""transport""] */","{""pinyin_key"":""zhi|yi|an"",""tone_pinyin_key"":""zhi1|yi1|an1"",""length"":3,""limit"":8} || {""domainIds"":[""bakery"",""coffee"",""food_order"",""medical"",""meeting"",""milk_tea"",""tech_ai"",""tourism_hotel"",""tourism_pickup"",""tourism_route"",""tourism_transport"",""transport""],""pinyin_key"":""zhi|yi|an"",""tone_pinyin_key"":""zhi1|yi1|an1"",""length"":3,""limit"":8}",0,,zhi1|yi1|an1,0,,2
threshold-01,之一按错,,,zhi|yi|an|cuo,zhi1|yi1|an1|cuo1,"[1,1,1,1]",ready,PLAIN_AND_TONE_COMPOSITE,"SELECT id, pinyin_key, tone_pinyin_key, word, normalized, prior_score, repair_target, enabled, aliases, source, canonical_word, is_alias FROM base_lexicon WHERE pinyin_key = ? AND tone_pinyin_key = ? AND enabled = 1 AND length(word) = ? ORDER BY prior_score DESC LIMIT ? || SELECT id, domain_id, pinyin_key, tone_pinyin_key, word, normalized, prior_score, repair_target, enabled, aliases, source, canonical_word, is_alias FROM domain_lexicon WHERE domain_id = ? AND pinyin_key = ? AND tone_pinyin_key = ? AND enabled = 1 AND length(word) = ? ORDER BY prior_score DESC LIMIT ? /* domainIds=[""bakery"",""coffee"",""food_order"",""medical"",""meeting"",""milk_tea"",""tech_ai"",""tourism_hotel"",""tourism_pickup"",""tourism_route"",""tourism_transport"",""transport""] */","{""pinyin_key"":""zhi|yi|an|cuo"",""tone_pinyin_key"":""zhi1|yi1|an1|cuo1"",""length"":4,""limit"":8} || {""domainIds"":[""bakery"",""coffee"",""food_order"",""medical"",""meeting"",""milk_tea"",""tech_ai"",""tourism_hotel"",""tourism_pickup"",""tourism_route"",""tourism_transport"",""transport""],""pinyin_key"":""zhi|yi|an|cuo"",""tone_pinyin_key"":""zhi1|yi1|an1|cuo1"",""length"":4,""limit"":8}",0,,zhi1|yi1|an1|cuo1,0,,2
threshold-01,之一按错误,,,zhi|yi|an|cuo|wu,zhi1|yi1|an1|cuo1|wu1,"[1,1,1,1,1]",ready,PLAIN_AND_TONE_COMPOSITE,"SELECT id, pinyin_key, tone_pinyin_key, word, normalized, prior_score, repair_target, enabled, aliases, source, canonical_word, is_alias FROM base_lexicon WHERE pinyin_key = ? AND tone_pinyin_key = ? AND enabled = 1 AND length(word) = ? ORDER BY prior_score DESC LIMIT ? || SELECT id, domain_id, pinyin_key, tone_pinyin_key, word, normalized, prior_score, repair_target, enabled, aliases, source, canonical_word, is_alias FROM domain_lexicon WHERE domain_id = ? AND pinyin_key = ? AND tone_pinyin_key = ? AND enabled = 1 AND length(word) = ? ORDER BY prior_score DESC LIMIT ? /* domainIds=[""bakery"",""coffee"",""food_order"",""medical"",""meeting"",""milk_tea"",""tech_ai"",""tourism_hotel"",""tourism_pickup"",""tourism_route"",""tourism_transport"",""transport""] */","{""pinyin_key"":""zhi|yi|an|cuo|wu"",""tone_pinyin_key"":""zhi1|yi1|an1|cuo1|wu1"",""length"":5,""limit"":8} || {""domainIds"":[""bakery"",""coffee"",""food_order"",""medical"",""meeting"",""milk_tea"",""tech_ai"",""tourism_hotel"",""tourism_pickup"",""tourism_route"",""tourism_transport"",""transport""],""pinyin_key"":""zhi|yi|an|cuo|wu"",""tone_pinyin_key"":""zhi1|yi1|an1|cuo1|wu1"",""length"":5,""limit"":8}",0,,zhi1|yi1|an1|cuo1|wu1,0,,2
threshold-01,一,,,yi,yi1,[1],ready,PLAIN_AND_TONE_COMPOSITE,"SELECT id, pinyin_key, tone_pinyin_key, word, normalized, prior_score, repair_target, enabled, aliases, source, canonical_word, is_alias FROM base_lexicon WHERE pinyin_key = ? AND tone_pinyin_key = ? AND enabled = 1 AND length(word) = ? ORDER BY prior_score DESC LIMIT ? || SELECT id, pinyin_key, tone_pinyin_key, word, normalized, prior_score, repair_target, enabled, aliases, source, canonical_word, is_alias FROM base_lexicon WHERE pinyin_key = ? AND tone_pinyin_key = ? AND word = ? AND enabled = 1 AND length(word) = ? LIMIT ?","{""pinyin_key"":""yi"",""tone_pinyin_key"":""yi1"",""length"":1,""limit"":8} || {""pinyin_key"":""yi"",""tone_pinyin_key"":""yi1"",""word"":""一"",""length"":1,""limit"":2}",0,,yi1,0,,2
threshold-01,一按,,,yi|an,yi1|an1,"[1,1]",ready,PLAIN_AND_TONE_COMPOSITE,"SELECT id, pinyin_key, tone_pinyin_key, word, normalized, prior_score, repair_target, enabled, aliases, source, canonical_word, is_alias FROM base_lexicon WHERE pinyin_key = ? AND tone_pinyin_key = ? AND enabled = 1 AND length(word) = ? ORDER BY prior_score DESC LIMIT ? || SELECT id, domain_id, pinyin_key, tone_pinyin_key, word, normalized, prior_score, repair_target, enabled, aliases, source, canonical_word, is_alias FROM domain_lexicon WHERE domain_id = ? AND pinyin_key = ? AND tone_pinyin_key = ? AND enabled = 1 AND length(word) = ? ORDER BY prior_score DESC LIMIT ? /* domainIds=[""bakery"",""coffee"",""food_order"",""medical"",""meeting"",""milk_tea"",""tech_ai"",""tourism_hotel"",""tourism_pickup"",""tourism_route"",""tourism_transport"",""transport""] */","{""pinyin_key"":""yi|an"",""tone_pinyin_key"":""yi1|an1"",""length"":2,""limit"":8} || {""domainIds"":[""bakery"",""coffee"",""food_order"",""medical"",""meeting"",""milk_tea"",""tech_ai"",""tourism_hotel"",""tourism_pickup"",""tourism_route"",""tourism_transport"",""transport""],""pinyin_key"":""yi|an"",""tone_pinyin_key"":""yi1|an1"",""length"":2,""limit"":8}",0,,yi1|an1,0,,2
threshold-01,一按错,,,yi|an|cuo,yi1|an1|cuo1,"[1,1,1]",ready,PLAIN_AND_TONE_COMPOSITE,"SELECT id, pinyin_key, tone_pinyin_key, word, normalized, prior_score, repair_target, enabled, aliases, source, canonical_word, is_alias FROM base_lexicon WHERE pinyin_key = ? AND tone_pinyin_key = ? AND enabled = 1 AND length(word) = ? ORDER BY prior_score DESC LIMIT ? || SELECT id, domain_id, pinyin_key, tone_pinyin_key, word, normalized, prior_score, repair_target, enabled, aliases, source, canonical_word, is_alias FROM domain_lexicon WHERE domain_id = ? AND pinyin_key = ? AND tone_pinyin_key = ? AND enabled = 1 AND length(word) = ? ORDER BY prior_score DESC LIMIT ? /* domainIds=[""bakery"",""coffee"",""food_order"",""medical"",""meeting"",""milk_tea"",""tech_ai"",""tourism_hotel"",""tourism_pickup"",""tourism_route"",""tourism_transport"",""transport""] */","{""pinyin_key"":""yi|an|cuo"",""tone_pinyin_key"":""yi1|an1|cuo1"",""length"":3,""limit"":8} || {""domainIds"":[""bakery"",""coffee"",""food_order"",""medical"",""meeting"",""milk_tea"",""tech_ai"",""tourism_hotel"",""tourism_pickup"",""tourism_route"",""tourism_transport"",""transport""],""pinyin_key"":""yi|an|cuo"",""tone_pinyin_key"":""yi1|an1|cuo1"",""length"":3,""limit"":8}",0,,yi1|an1|cuo1,0,,2
threshold-01,一按错误,,,yi|an|cuo|wu,yi1|an1|cuo1|wu1,"[1,1,1,1]",ready,PLAIN_AND_TONE_COMPOSITE,"SELECT id, pinyin_key, tone_pinyin_key, word, normalized, prior_score, repair_target, enabled, aliases, source, canonical_word, is_alias FROM base_lexicon WHERE pinyin_key = ? AND tone_pinyin_key = ? AND enabled = 1 AND length(word) = ? ORDER BY prior_score DESC LIMIT ? || SELECT id, domain_id, pinyin_key, tone_pinyin_key, word, normalized, prior_score, repair_target, enabled, aliases, source, canonical_word, is_alias FROM domain_lexicon WHERE domain_id = ? AND pinyin_key = ? AND tone_pinyin_key = ? AND enabled = 1 AND length(word) = ? ORDER BY prior_score DESC LIMIT ? /* domainIds=[""bakery"",""coffee"",""food_order"",""medical"",""meeting"",""milk_tea"",""tech_ai"",""tourism_hotel"",""tourism_pickup"",""tourism_route"",""tourism_transport"",""transport""] */","{""pinyin_key"":""yi|an|cuo|wu"",""tone_pinyin_key"":""yi1|an1|cuo1|wu1"",""length"":4,""limit"":8} || {""domainIds"":[""bakery"",""coffee"",""food_order"",""medical"",""meeting"",""milk_tea"",""tech_ai"",""tourism_hotel"",""tourism_pickup"",""tourism_route"",""tourism_transport"",""transport""],""pinyin_key"":""yi|an|cuo|wu"",""tone_pinyin_key"":""yi1|an1|cuo1|wu1"",""length"":4,""limit"":8}",0,,yi1|an1|cuo1|wu1,0,,2
threshold-01,一按错误率,,,yi|an|cuo|wu|l,yi1|an1|cuo1|wu1|l1,"[1,1,1,1,1]",ready,PLAIN_AND_TONE_COMPOSITE,"SELECT id, pinyin_key, tone_pinyin_key, word, normalized, prior_score, repair_target, enabled, aliases, source, canonical_word, is_alias FROM base_lexicon WHERE pinyin_key = ? AND tone_pinyin_key = ? AND enabled = 1 AND length(word) = ? ORDER BY prior_score DESC LIMIT ? || SELECT id, domain_id, pinyin_key, tone_pinyin_key, word, normalized, prior_score, repair_target, enabled, aliases, source, canonical_word, is_alias FROM domain_lexicon WHERE domain_id = ? AND pinyin_key = ? AND tone_pinyin_key = ? AND enabled = 1 AND length(word) = ? ORDER BY prior_score DESC LIMIT ? /* domainIds=[""bakery"",""coffee"",""food_order"",""medical"",""meeting"",""milk_tea"",""tech_ai"",""tourism_hotel"",""tourism_pickup"",""tourism_route"",""tourism_transport"",""transport""] */","{""pinyin_key"":""yi|an|cuo|wu|l"",""tone_pinyin_key"":""yi1|an1|cuo1|wu1|l1"",""length"":5,""limit"":8} || {""domainIds"":[""bakery"",""coffee"",""food_order"",""medical"",""meeting"",""milk_tea"",""tech_ai"",""tourism_hotel"",""tourism_pickup"",""tourism_route"",""tourism_transport"",""transport""],""pinyin_key"":""yi|an|cuo|wu|l"",""tone_pinyin_key"":""yi1|an1|cuo1|wu1|l1"",""length"":5,""limit"":8}",0,,yi1|an1|cuo1|wu1|l1,0,,2
threshold-01,按,,,an,an1,[1],ready,PLAIN_AND_TONE_COMPOSITE,"SELECT id, pinyin_key, tone_pinyin_key, word, normalized, prior_score, repair_target, enabled, aliases, source, canonical_word, is_alias FROM base_lexicon WHERE pinyin_key = ? AND tone_pinyin_key = ? AND enabled = 1 AND length(word) = ? ORDER BY prior_score DESC LIMIT ? || SELECT id, pinyin_key, tone_pinyin_key, word, normalized, prior_score, repair_target, enabled, aliases, source, canonical_word, is_alias FROM base_lexicon WHERE pinyin_key = ? AND tone_pinyin_key = ? AND word = ? AND enabled = 1 AND length(word) = ? LIMIT ?","{""pinyin_key"":""an"",""tone_pinyin_key"":""an1"",""length"":1,""limit"":8} || {""pinyin_key"":""an"",""tone_pinyin_key"":""an1"",""word"":""按"",""length"":1,""limit"":2}",0,,an1,0,,2
threshold-01,按错,,,an|cuo,an1|cuo1,"[1,1]",ready,PLAIN_AND_TONE_COMPOSITE,"SELECT id, pinyin_key, tone_pinyin_key, word, normalized, prior_score, repair_target, enabled, aliases, source, canonical_word, is_alias FROM base_lexicon WHERE pinyin_key = ? AND tone_pinyin_key = ? AND enabled = 1 AND length(word) = ? ORDER BY prior_score DESC LIMIT ? || SELECT id, domain_id, pinyin_key, tone_pinyin_key, word, normalized, prior_score, repair_target, enabled, aliases, source, canonical_word, is_alias FROM domain_lexicon WHERE domain_id = ? AND pinyin_key = ? AND tone_pinyin_key = ? AND enabled = 1 AND length(word) = ? ORDER BY prior_score DESC LIMIT ? /* domainIds=[""bakery"",""coffee"",""food_order"",""medical"",""meeting"",""milk_tea"",""tech_ai"",""tourism_hotel"",""tourism_pickup"",""tourism_route"",""tourism_transport"",""transport""] */","{""pinyin_key"":""an|cuo"",""tone_pinyin_key"":""an1|cuo1"",""length"":2,""limit"":8} || {""domainIds"":[""bakery"",""coffee"",""food_order"",""medical"",""meeting"",""milk_tea"",""tech_ai"",""tourism_hotel"",""tourism_pickup"",""tourism_route"",""tourism_transport"",""transport""],""pinyin_key"":""an|cuo"",""tone_pinyin_key"":""an1|cuo1"",""length"":2,""limit"":8}",0,,an1|cuo1,0,,2
threshold-01,按错误,,,an|cuo|wu,an1|cuo1|wu1,"[1,1,1]",ready,PLAIN_AND_TONE_COMPOSITE,"SELECT id, pinyin_key, tone_pinyin_key, word, normalized, prior_score, repair_target, enabled, aliases, source, canonical_word, is_alias FROM base_lexicon WHERE pinyin_key = ? AND tone_pinyin_key = ? AND enabled = 1 AND length(word) = ? ORDER BY prior_score DESC LIMIT ? || SELECT id, domain_id, pinyin_key, tone_pinyin_key, word, normalized, prior_score, repair_target, enabled, aliases, source, canonical_word, is_alias FROM domain_lexicon WHERE domain_id = ? AND pinyin_key = ? AND tone_pinyin_key = ? AND enabled = 1 AND length(word) = ? ORDER BY prior_score DESC LIMIT ? /* domainIds=[""bakery"",""coffee"",""food_order"",""medical"",""meeting"",""milk_tea"",""tech_ai"",""tourism_hotel"",""tourism_pickup"",""tourism_route"",""tourism_transport"",""transport""] */","{""pinyin_key"":""an|cuo|wu"",""tone_pinyin_key"":""an1|cuo1|wu1"",""length"":3,""limit"":8} || {""domainIds"":[""bakery"",""coffee"",""food_order"",""medical"",""meeting"",""milk_tea"",""tech_ai"",""tourism_hotel"",""tourism_pickup"",""tourism_route"",""tourism_transport"",""transport""],""pinyin_key"":""an|cuo|wu"",""tone_pinyin_key"":""an1|cuo1|wu1"",""length"":3,""limit"":8}",0,,an1|cuo1|wu1,0,,2
threshold-01,按错误率,,,an|cuo|wu|l,an1|cuo1|wu1|l1,"[1,1,1,1]",ready,PLAIN_AND_TONE_COMPOSITE,"SELECT id, pinyin_key, tone_pinyin_key, word, normalized, prior_score, repair_target, enabled, aliases, source, canonical_word, is_alias FROM base_lexicon WHERE pinyin_key = ? AND tone_pinyin_key = ? AND enabled = 1 AND length(word) = ? ORDER BY prior_score DESC LIMIT ? || SELECT id, domain_id, pinyin_key, tone_pinyin_key, word, normalized, prior_score, repair_target, enabled, aliases, source, canonical_word, is_alias FROM domain_lexicon WHERE domain_id = ? AND pinyin_key = ? AND tone_pinyin_key = ? AND enabled = 1 AND length(word) = ? ORDER BY prior_score DESC LIMIT ? /* domainIds=[""bakery"",""coffee"",""food_order"",""medical"",""meeting"",""milk_tea"",""tech_ai"",""tourism_hotel"",""tourism_pickup"",""tourism_route"",""tourism_transport"",""transport""] */","{""pinyin_key"":""an|cuo|wu|l"",""tone_pinyin_key"":""an1|cuo1|wu1|l1"",""length"":4,""limit"":8} || {""domainIds"":[""bakery"",""coffee"",""food_order"",""medical"",""meeting"",""milk_tea"",""tech_ai"",""tourism_hotel"",""tourism_pickup"",""tourism_route"",""tourism_transport"",""transport""],""pinyin_key"":""an|cuo|wu|l"",""tone_pinyin_key"":""an1|cuo1|wu1|l1"",""length"":4,""limit"":8}",0,,an1|cuo1|wu1|l1,0,,2
threshold-01,按错误率重,,,an|cuo|wu|l|chong,an1|cuo1|wu1|l1|chong1,"[1,1,1,1,1]",ready,PLAIN_AND_TONE_COMPOSITE,"SELECT id, pinyin_key, tone_pinyin_key, word, normalized, prior_score, repair_target, enabled, aliases, source, canonical_word, is_alias FROM base_lexicon WHERE pinyin_key = ? AND tone_pinyin_key = ? AND enabled = 1 AND length(word) = ? ORDER BY prior_score DESC LIMIT ? || SELECT id, domain_id, pinyin_key, tone_pinyin_key, word, normalized, prior_score, repair_target, enabled, aliases, source, canonical_word, is_alias FROM domain_lexicon WHERE domain_id = ? AND pinyin_key = ? AND tone_pinyin_key = ? AND enabled = 1 AND length(word) = ? ORDER BY prior_score DESC LIMIT ? /* domainIds=[""bakery"",""coffee"",""food_order"",""medical"",""meeting"",""milk_tea"",""tech_ai"",""tourism_hotel"",""tourism_pickup"",""tourism_route"",""tourism_transport"",""transport""] */","{""pinyin_key"":""an|cuo|wu|l|chong"",""tone_pinyin_key"":""an1|cuo1|wu1|l1|chong1"",""length"":5,""limit"":8} || {""domainIds"":[""bakery"",""coffee"",""food_order"",""medical"",""meeting"",""milk_tea"",""tech_ai"",""tourism_hotel"",""tourism_pickup"",""tourism_route"",""tourism_transport"",""transport""],""pinyin_key"":""an|cuo|wu|l|chong"",""tone_pinyin_key"":""an1|cuo1|wu1|l1|chong1"",""length"":5,""limit"":8}",0,,an1|cuo1|wu1|l1|chong1,0,,2
threshold-01,错,,,cuo,cuo1,[1],ready,PLAIN_AND_TONE_COMPOSITE,"SELECT id, pinyin_key, tone_pinyin_key, word, normalized, prior_score, repair_target, enabled, aliases, source, canonical_word, is_alias FROM base_lexicon WHERE pinyin_key = ? AND tone_pinyin_key = ? AND enabled = 1 AND length(word) = ? ORDER BY prior_score DESC LIMIT ? || SELECT id, pinyin_key, tone_pinyin_key, word, normalized, prior_score, repair_target, enabled, aliases, source, canonical_word, is_alias FROM base_lexicon WHERE pinyin_key = ? AND tone_pinyin_key = ? AND word = ? AND enabled = 1 AND length(word) = ? LIMIT ?","{""pinyin_key"":""cuo"",""tone_pinyin_key"":""cuo1"",""length"":1,""limit"":8} || {""pinyin_key"":""cuo"",""tone_pinyin_key"":""cuo1"",""word"":""错"",""length"":1,""limit"":2}",0,,cuo1,0,,2
threshold-01,错误,,,cuo|wu,cuo1|wu1,"[1,1]",ready,PLAIN_AND_TONE_COMPOSITE,"SELECT id, pinyin_key, tone_pinyin_key, word, normalized, prior_score, repair_target, enabled, aliases, source, canonical_word, is_alias FROM base_lexicon WHERE pinyin_key = ? AND tone_pinyin_key = ? AND enabled = 1 AND length(word) = ? ORDER BY prior_score DESC LIMIT ? || SELECT id, domain_id, pinyin_key, tone_pinyin_key, word, normalized, prior_score, repair_target, enabled, aliases, source, canonical_word, is_alias FROM domain_lexicon WHERE domain_id = ? AND pinyin_key = ? AND tone_pinyin_key = ? AND enabled = 1 AND length(word) = ? ORDER BY prior_score DESC LIMIT ? /* domainIds=[""bakery"",""coffee"",""food_order"",""medical"",""meeting"",""milk_tea"",""tech_ai"",""tourism_hotel"",""tourism_pickup"",""tourism_route"",""tourism_transport"",""transport""] */","{""pinyin_key"":""cuo|wu"",""tone_pinyin_key"":""cuo1|wu1"",""length"":2,""limit"":8} || {""domainIds"":[""bakery"",""coffee"",""food_order"",""medical"",""meeting"",""milk_tea"",""tech_ai"",""tourism_hotel"",""tourism_pickup"",""tourism_route"",""tourism_transport"",""transport""],""pinyin_key"":""cuo|wu"",""tone_pinyin_key"":""cuo1|wu1"",""length"":2,""limit"":8}",0,,cuo1|wu1,0,,2
threshold-01,错误率,,,cuo|wu|l,cuo1|wu1|l1,"[1,1,1]",ready,PLAIN_AND_TONE_COMPOSITE,"SELECT id, pinyin_key, tone_pinyin_key, word, normalized, prior_score, repair_target, enabled, aliases, source, canonical_word, is_alias FROM base_lexicon WHERE pinyin_key = ? AND tone_pinyin_key = ? AND enabled = 1 AND length(word) = ? ORDER BY prior_score DESC LIMIT ? || SELECT id, domain_id, pinyin_key, tone_pinyin_key, word, normalized, prior_score, repair_target, enabled, aliases, source, canonical_word, is_alias FROM domain_lexicon WHERE domain_id = ? AND pinyin_key = ? AND tone_pinyin_key = ? AND enabled = 1 AND length(word) = ? ORDER BY prior_score DESC LIMIT ? /* domainIds=[""bakery"",""coffee"",""food_order"",""medical"",""meeting"",""milk_tea"",""tech_ai"",""tourism_hotel"",""tourism_pickup"",""tourism_route"",""tourism_transport"",""transport""] */","{""pinyin_key"":""cuo|wu|l"",""tone_pinyin_key"":""cuo1|wu1|l1"",""length"":3,""limit"":8} || {""domainIds"":[""bakery"",""coffee"",""food_order"",""medical"",""meeting"",""milk_tea"",""tech_ai"",""tourism_hotel"",""tourism_pickup"",""tourism_route"",""tourism_transport"",""transport""],""pinyin_key"":""cuo|wu|l"",""tone_pinyin_key"":""cuo1|wu1|l1"",""length"":3,""limit"":8}",0,,cuo1|wu1|l1,0,,2
threshold-01,错误率重,,,cuo|wu|l|chong,cuo1|wu1|l1|chong1,"[1,1,1,1]",ready,PLAIN_AND_TONE_COMPOSITE,"SELECT id, pinyin_key, tone_pinyin_key, word, normalized, prior_score, repair_target, enabled, aliases, source, canonical_word, is_alias FROM base_lexicon WHERE pinyin_key = ? AND tone_pinyin_key = ? AND enabled = 1 AND length(word) = ? ORDER BY prior_score DESC LIMIT ? || SELECT id, domain_id, pinyin_key, tone_pinyin_key, word, normalized, prior_score, repair_target, enabled, aliases, source, canonical_word, is_alias FROM domain_lexicon WHERE domain_id = ? AND pinyin_key = ? AND tone_pinyin_key = ? AND enabled = 1 AND length(word) = ? ORDER BY prior_score DESC LIMIT ? /* domainIds=[""bakery"",""coffee"",""food_order"",""medical"",""meeting"",""milk_tea"",""tech_ai"",""tourism_hotel"",""tourism_pickup"",""tourism_route"",""tourism_transport"",""transport""] */","{""pinyin_key"":""cuo|wu|l|chong"",""tone_pinyin_key"":""cuo1|wu1|l1|chong1"",""length"":4,""limit"":8} || {""domainIds"":[""bakery"",""coffee"",""food_order"",""medical"",""meeting"",""milk_tea"",""tech_ai"",""tourism_hotel"",""tourism_pickup"",""tourism_route"",""tourism_transport"",""transport""],""pinyin_key"":""cuo|wu|l|chong"",""tone_pinyin_key"":""cuo1|wu1|l1|chong1"",""length"":4,""limit"":8}",0,,cuo1|wu1|l1|chong1,0,,2
threshold-01,错误率重新,,,cuo|wu|l|chong|xin,cuo1|wu1|l1|chong1|xin1,"[1,1,1,1,1]",ready,PLAIN_AND_TONE_COMPOSITE,"SELECT id, pinyin_key, tone_pinyin_key, word, normalized, prior_score, repair_target, enabled, aliases, source, canonical_word, is_alias FROM base_lexicon WHERE pinyin_key = ? AND tone_pinyin_key = ? AND enabled = 1 AND length(word) = ? ORDER BY prior_score DESC LIMIT ? || SELECT id, domain_id, pinyin_key, tone_pinyin_key, word, normalized, prior_score, repair_target, enabled, aliases, source, canonical_word, is_alias FROM domain_lexicon WHERE domain_id = ? AND pinyin_key = ? AND tone_pinyin_key = ? AND enabled = 1 AND length(word) = ? ORDER BY prior_score DESC LIMIT ? /* domainIds=[""bakery"",""coffee"",""food_order"",""medical"",""meeting"",""milk_tea"",""tech_ai"",""tourism_hotel"",""tourism_pickup"",""tourism_route"",""tourism_transport"",""transport""] */","{""pinyin_key"":""cuo|wu|l|chong|xin"",""tone_pinyin_key"":""cuo1|wu1|l1|chong1|xin1"",""length"":5,""limit"":8} || {""domainIds"":[""bakery"",""coffee"",""food_order"",""medical"",""meeting"",""milk_tea"",""tech_ai"",""tourism_hotel"",""tourism_pickup"",""tourism_route"",""tourism_transport"",""transport""],""pinyin_key"":""cuo|wu|l|chong|xin"",""tone_pinyin_key"":""cuo1|wu1|l1|chong1|xin1"",""length"":5,""limit"":8}",0,,cuo1|wu1|l1|chong1|xin1,0,,2
threshold-01,误,,,wu,wu1,[1],ready,PLAIN_AND_TONE_COMPOSITE,"SELECT id, pinyin_key, tone_pinyin_key, word, normalized, prior_score, repair_target, enabled, aliases, source, canonical_word, is_alias FROM base_lexicon WHERE pinyin_key = ? AND tone_pinyin_key = ? AND enabled = 1 AND length(word) = ? ORDER BY prior_score DESC LIMIT ? || SELECT id, pinyin_key, tone_pinyin_key, word, normalized, prior_score, repair_target, enabled, aliases, source, canonical_word, is_alias FROM base_lexicon WHERE pinyin_key = ? AND tone_pinyin_key = ? AND word = ? AND enabled = 1 AND length(word) = ? LIMIT ?","{""pinyin_key"":""wu"",""tone_pinyin_key"":""wu1"",""length"":1,""limit"":8} || {""pinyin_key"":""wu"",""tone_pinyin_key"":""wu1"",""word"":""误"",""length"":1,""limit"":2}",0,,wu1,0,,2
threshold-01,误率,,,wu|l,wu1|l1,"[1,1]",ready,PLAIN_AND_TONE_COMPOSITE,"SELECT id, pinyin_key, tone_pinyin_key, word, normalized, prior_score, repair_target, enabled, aliases, source, canonical_word, is_alias FROM base_lexicon WHERE pinyin_key = ? AND tone_pinyin_key = ? AND enabled = 1 AND length(word) = ? ORDER BY prior_score DESC LIMIT ? || SELECT id, domain_id, pinyin_key, tone_pinyin_key, word, normalized, prior_score, repair_target, enabled, aliases, source, canonical_word, is_alias FROM domain_lexicon WHERE domain_id = ? AND pinyin_key = ? AND tone_pinyin_key = ? AND enabled = 1 AND length(word) = ? ORDER BY prior_score DESC LIMIT ? /* domainIds=[""bakery"",""coffee"",""food_order"",""medical"",""meeting"",""milk_tea"",""tech_ai"",""tourism_hotel"",""tourism_pickup"",""tourism_route"",""tourism_transport"",""transport""] */","{""pinyin_key"":""wu|l"",""tone_pinyin_key"":""wu1|l1"",""length"":2,""limit"":8} || {""domainIds"":[""bakery"",""coffee"",""food_order"",""medical"",""meeting"",""milk_tea"",""tech_ai"",""tourism_hotel"",""tourism_pickup"",""tourism_route"",""tourism_transport"",""transport""],""pinyin_key"":""wu|l"",""tone_pinyin_key"":""wu1|l1"",""length"":2,""limit"":8}",0,,wu1|l1,0,,2
threshold-01,误率重,,,wu|l|chong,wu1|l1|chong1,"[1,1,1]",ready,PLAIN_AND_TONE_COMPOSITE,"SELECT id, pinyin_key, tone_pinyin_key, word, normalized, prior_score, repair_target, enabled, aliases, source, canonical_word, is_alias FROM base_lexicon WHERE pinyin_key = ? AND tone_pinyin_key = ? AND enabled = 1 AND length(word) = ? ORDER BY prior_score DESC LIMIT ? || SELECT id, domain_id, pinyin_key, tone_pinyin_key, word, normalized, prior_score, repair_target, enabled, aliases, source, canonical_word, is_alias FROM domain_lexicon WHERE domain_id = ? AND pinyin_key = ? AND tone_pinyin_key = ? AND enabled = 1 AND length(word) = ? ORDER BY prior_score DESC LIMIT ? /* domainIds=[""bakery"",""coffee"",""food_order"",""medical"",""meeting"",""milk_tea"",""tech_ai"",""tourism_hotel"",""tourism_pickup"",""tourism_route"",""tourism_transport"",""transport""] */","{""pinyin_key"":""wu|l|chong"",""tone_pinyin_key"":""wu1|l1|chong1"",""length"":3,""limit"":8} || {""domainIds"":[""bakery"",""coffee"",""food_order"",""medical"",""meeting"",""milk_tea"",""tech_ai"",""tourism_hotel"",""tourism_pickup"",""tourism_route"",""tourism_transport"",""transport""],""pinyin_key"":""wu|l|chong"",""tone_pinyin_key"":""wu1|l1|chong1"",""length"":3,""limit"":8}",0,,wu1|l1|chong1,0,,2
threshold-01,误率重新,,,wu|l|chong|xin,wu1|l1|chong1|xin1,"[1,1,1,1]",ready,PLAIN_AND_TONE_COMPOSITE,"SELECT id, pinyin_key, tone_pinyin_key, word, normalized, prior_score, repair_target, enabled, aliases, source, canonical_word, is_alias FROM base_lexicon WHERE pinyin_key = ? AND tone_pinyin_key = ? AND enabled = 1 AND length(word) = ? ORDER BY prior_score DESC LIMIT ? || SELECT id, domain_id, pinyin_key, tone_pinyin_key, word, normalized, prior_score, repair_target, enabled, aliases, source, canonical_word, is_alias FROM domain_lexicon WHERE domain_id = ? AND pinyin_key = ? AND tone_pinyin_key = ? AND enabled = 1 AND length(word) = ? ORDER BY prior_score DESC LIMIT ? /* domainIds=[""bakery"",""coffee"",""food_order"",""medical"",""meeting"",""milk_tea"",""tech_ai"",""tourism_hotel"",""tourism_pickup"",""tourism_route"",""tourism_transport"",""transport""] */","{""pinyin_key"":""wu|l|chong|xin"",""tone_pinyin_key"":""wu1|l1|chong1|xin1"",""length"":4,""limit"":8} || {""domainIds"":[""bakery"",""coffee"",""food_order"",""medical"",""meeting"",""milk_tea"",""tech_ai"",""tourism_hotel"",""tourism_pickup"",""tourism_route"",""tourism_transport"",""transport""],""pinyin_key"":""wu|l|chong|xin"",""tone_pinyin_key"":""wu1|l1|chong1|xin1"",""length"":4,""limit"":8}",0,,wu1|l1|chong1|xin1,0,,2
threshold-01,误率重新校,,,wu|l|chong|xin|jiao,wu1|l1|chong1|xin1|jiao1,"[1,1,1,1,1]",ready,PLAIN_AND_TONE_COMPOSITE,"SELECT id, pinyin_key, tone_pinyin_key, word, normalized, prior_score, repair_target, enabled, aliases, source, canonical_word, is_alias FROM base_lexicon WHERE pinyin_key = ? AND tone_pinyin_key = ? AND enabled = 1 AND length(word) = ? ORDER BY prior_score DESC LIMIT ? || SELECT id, domain_id, pinyin_key, tone_pinyin_key, word, normalized, prior_score, repair_target, enabled, aliases, source, canonical_word, is_alias FROM domain_lexicon WHERE domain_id = ? AND pinyin_key = ? AND tone_pinyin_key = ? AND enabled = 1 AND length(word) = ? ORDER BY prior_score DESC LIMIT ? /* domainIds=[""bakery"",""coffee"",""food_order"",""medical"",""meeting"",""milk_tea"",""tech_ai"",""tourism_hotel"",""tourism_pickup"",""tourism_route"",""tourism_transport"",""transport""] */","{""pinyin_key"":""wu|l|chong|xin|jiao"",""tone_pinyin_key"":""wu1|l1|chong1|xin1|jiao1"",""length"":5,""limit"":8} || {""domainIds"":[""bakery"",""coffee"",""food_order"",""medical"",""meeting"",""milk_tea"",""tech_ai"",""tourism_hotel"",""tourism_pickup"",""tourism_route"",""tourism_transport"",""transport""],""pinyin_key"":""wu|l|chong|xin|jiao"",""tone_pinyin_key"":""wu1|l1|chong1|xin1|jiao1"",""length"":5,""limit"":8}",0,,wu1|l1|chong1|xin1|jiao1,0,,2
threshold-01,率,,,l,l1,[1],ready,PLAIN_AND_TONE_COMPOSITE,"SELECT id, pinyin_key, tone_pinyin_key, word, normalized, prior_score, repair_target, enabled, aliases, source, canonical_word, is_alias FROM base_lexicon WHERE pinyin_key = ? AND tone_pinyin_key = ? AND enabled = 1 AND length(word) = ? ORDER BY prior_score DESC LIMIT ? || SELECT id, pinyin_key, tone_pinyin_key, word, normalized, prior_score, repair_target, enabled, aliases, source, canonical_word, is_alias FROM base_lexicon WHERE pinyin_key = ? AND tone_pinyin_key = ? AND word = ? AND enabled = 1 AND length(word) = ? LIMIT ?","{""pinyin_key"":""l"",""tone_pinyin_key"":""l1"",""length"":1,""limit"":8} || {""pinyin_key"":""l"",""tone_pinyin_key"":""l1"",""word"":""率"",""length"":1,""limit"":2}",0,,l1,0,,2
threshold-01,率重,,,l|chong,l1|chong1,"[1,1]",ready,PLAIN_AND_TONE_COMPOSITE,"SELECT id, pinyin_key, tone_pinyin_key, word, normalized, prior_score, repair_target, enabled, aliases, source, canonical_word, is_alias FROM base_lexicon WHERE pinyin_key = ? AND tone_pinyin_key = ? AND enabled = 1 AND length(word) = ? ORDER BY prior_score DESC LIMIT ? || SELECT id, domain_id, pinyin_key, tone_pinyin_key, word, normalized, prior_score, repair_target, enabled, aliases, source, canonical_word, is_alias FROM domain_lexicon WHERE domain_id = ? AND pinyin_key = ? AND tone_pinyin_key = ? AND enabled = 1 AND length(word) = ? ORDER BY prior_score DESC LIMIT ? /* domainIds=[""bakery"",""coffee"",""food_order"",""medical"",""meeting"",""milk_tea"",""tech_ai"",""tourism_hotel"",""tourism_pickup"",""tourism_route"",""tourism_transport"",""transport""] */","{""pinyin_key"":""l|chong"",""tone_pinyin_key"":""l1|chong1"",""length"":2,""limit"":8} || {""domainIds"":[""bakery"",""coffee"",""food_order"",""medical"",""meeting"",""milk_tea"",""tech_ai"",""tourism_hotel"",""tourism_pickup"",""tourism_route"",""tourism_transport"",""transport""],""pinyin_key"":""l|chong"",""tone_pinyin_key"":""l1|chong1"",""length"":2,""limit"":8}",0,,l1|chong1,0,,2
threshold-01,率重新,,,l|chong|xin,l1|chong1|xin1,"[1,1,1]",ready,PLAIN_AND_TONE_COMPOSITE,"SELECT id, pinyin_key, tone_pinyin_key, word, normalized, prior_score, repair_target, enabled, aliases, source, canonical_word, is_alias FROM base_lexicon WHERE pinyin_key = ? AND tone_pinyin_key = ? AND enabled = 1 AND length(word) = ? ORDER BY prior_score DESC LIMIT ? || SELECT id, domain_id, pinyin_key, tone_pinyin_key, word, normalized, prior_score, repair_target, enabled, aliases, source, canonical_word, is_alias FROM domain_lexicon WHERE domain_id = ? AND pinyin_key = ? AND tone_pinyin_key = ? AND enabled = 1 AND length(word) = ? ORDER BY prior_score DESC LIMIT ? /* domainIds=[""bakery"",""coffee"",""food_order"",""medical"",""meeting"",""milk_tea"",""tech_ai"",""tourism_hotel"",""tourism_pickup"",""tourism_route"",""tourism_transport"",""transport""] */","{""pinyin_key"":""l|chong|xin"",""tone_pinyin_key"":""l1|chong1|xin1"",""length"":3,""limit"":8} || {""domainIds"":[""bakery"",""coffee"",""food_order"",""medical"",""meeting"",""milk_tea"",""tech_ai"",""tourism_hotel"",""tourism_pickup"",""tourism_route"",""tourism_transport"",""transport""],""pinyin_key"":""l|chong|xin"",""tone_pinyin_key"":""l1|chong1|xin1"",""length"":3,""limit"":8}",0,,l1|chong1|xin1,0,,2
threshold-01,率重新校,,,l|chong|xin|jiao,l1|chong1|xin1|jiao1,"[1,1,1,1]",ready,PLAIN_AND_TONE_COMPOSITE,"SELECT id, pinyin_key, tone_pinyin_key, word, normalized, prior_score, repair_target, enabled, aliases, source, canonical_word, is_alias FROM base_lexicon WHERE pinyin_key = ? AND tone_pinyin_key = ? AND enabled = 1 AND length(word) = ? ORDER BY prior_score DESC LIMIT ? || SELECT id, domain_id, pinyin_key, tone_pinyin_key, word, normalized, prior_score, repair_target, enabled, aliases, source, canonical_word, is_alias FROM domain_lexicon WHERE domain_id = ? AND pinyin_key = ? AND tone_pinyin_key = ? AND enabled = 1 AND length(word) = ? ORDER BY prior_score DESC LIMIT ? /* domainIds=[""bakery"",""coffee"",""food_order"",""medical"",""meeting"",""milk_tea"",""tech_ai"",""tourism_hotel"",""tourism_pickup"",""tourism_route"",""tourism_transport"",""transport""] */","{""pinyin_key"":""l|chong|xin|jiao"",""tone_pinyin_key"":""l1|chong1|xin1|jiao1"",""length"":4,""limit"":8} || {""domainIds"":[""bakery"",""coffee"",""food_order"",""medical"",""meeting"",""milk_tea"",""tech_ai"",""tourism_hotel"",""tourism_pickup"",""tourism_route"",""tourism_transport"",""transport""],""pinyin_key"":""l|chong|xin|jiao"",""tone_pinyin_key"":""l1|chong1|xin1|jiao1"",""length"":4,""limit"":8}",0,,l1|chong1|xin1|jiao1,0,,2
threshold-01,率重新校准,,,l|chong|xin|jiao|zhun,l1|chong1|xin1|jiao1|zhun1,"[1,1,1,1,1]",ready,PLAIN_AND_TONE_COMPOSITE,"SELECT id, pinyin_key, tone_pinyin_key, word, normalized, prior_score, repair_target, enabled, aliases, source, canonical_word, is_alias FROM base_lexicon WHERE pinyin_key = ? AND tone_pinyin_key = ? AND enabled = 1 AND length(word) = ? ORDER BY prior_score DESC LIMIT ? || SELECT id, domain_id, pinyin_key, tone_pinyin_key, word, normalized, prior_score, repair_target, enabled, aliases, source, canonical_word, is_alias FROM domain_lexicon WHERE domain_id = ? AND pinyin_key = ? AND tone_pinyin_key = ? AND enabled = 1 AND length(word) = ? ORDER BY prior_score DESC LIMIT ? /* domainIds=[""bakery"",""coffee"",""food_order"",""medical"",""meeting"",""milk_tea"",""tech_ai"",""tourism_hotel"",""tourism_pickup"",""tourism_route"",""tourism_transport"",""transport""] */","{""pinyin_key"":""l|chong|xin|jiao|zhun"",""tone_pinyin_key"":""l1|chong1|xin1|jiao1|zhun1"",""length"":5,""limit"":8} || {""domainIds"":[""bakery"",""coffee"",""food_order"",""medical"",""meeting"",""milk_tea"",""tech_ai"",""tourism_hotel"",""tourism_pickup"",""tourism_route"",""tourism_transport"",""transport""],""pinyin_key"":""l|chong|xin|jiao|zhun"",""tone_pinyin_key"":""l1|chong1|xin1|jiao1|zhun1"",""length"":5,""limit"":8}",0,,l1|chong1|xin1|jiao1|zhun1,0,,2
threshold-01,重,,,chong,chong1,[1],ready,PLAIN_AND_TONE_COMPOSITE,"SELECT id, pinyin_key, tone_pinyin_key, word, normalized, prior_score, repair_target, enabled, aliases, source, canonical_word, is_alias FROM base_lexicon WHERE pinyin_key = ? AND tone_pinyin_key = ? AND enabled = 1 AND length(word) = ? ORDER BY prior_score DESC LIMIT ? || SELECT id, pinyin_key, tone_pinyin_key, word, normalized, prior_score, repair_target, enabled, aliases, source, canonical_word, is_alias FROM base_lexicon WHERE pinyin_key = ? AND tone_pinyin_key = ? AND word = ? AND enabled = 1 AND length(word) = ? LIMIT ?","{""pinyin_key"":""chong"",""tone_pinyin_key"":""chong1"",""length"":1,""limit"":8} || {""pinyin_key"":""chong"",""tone_pinyin_key"":""chong1"",""word"":""重"",""length"":1,""limit"":2}",0,,chong1,0,,2
threshold-01,重新,,,chong|xin,chong1|xin1,"[1,1]",ready,PLAIN_AND_TONE_COMPOSITE,"SELECT id, pinyin_key, tone_pinyin_key, word, normalized, prior_score, repair_target, enabled, aliases, source, canonical_word, is_alias FROM base_lexicon WHERE pinyin_key = ? AND tone_pinyin_key = ? AND enabled = 1 AND length(word) = ? ORDER BY prior_score DESC LIMIT ? || SELECT id, domain_id, pinyin_key, tone_pinyin_key, word, normalized, prior_score, repair_target, enabled, aliases, source, canonical_word, is_alias FROM domain_lexicon WHERE domain_id = ? AND pinyin_key = ? AND tone_pinyin_key = ? AND enabled = 1 AND length(word) = ? ORDER BY prior_score DESC LIMIT ? /* domainIds=[""bakery"",""coffee"",""food_order"",""medical"",""meeting"",""milk_tea"",""tech_ai"",""tourism_hotel"",""tourism_pickup"",""tourism_route"",""tourism_transport"",""transport""] */","{""pinyin_key"":""chong|xin"",""tone_pinyin_key"":""chong1|xin1"",""length"":2,""limit"":8} || {""domainIds"":[""bakery"",""coffee"",""food_order"",""medical"",""meeting"",""milk_tea"",""tech_ai"",""tourism_hotel"",""tourism_pickup"",""tourism_route"",""tourism_transport"",""transport""],""pinyin_key"":""chong|xin"",""tone_pinyin_key"":""chong1|xin1"",""length"":2,""limit"":8}",0,,chong1|xin1,0,,2
threshold-01,重新校,,,chong|xin|jiao,chong1|xin1|jiao1,"[1,1,1]",ready,PLAIN_AND_TONE_COMPOSITE,"SELECT id, pinyin_key, tone_pinyin_key, word, normalized, prior_score, repair_target, enabled, aliases, source, canonical_word, is_alias FROM base_lexicon WHERE pinyin_key = ? AND tone_pinyin_key = ? AND enabled = 1 AND length(word) = ? ORDER BY prior_score DESC LIMIT ? || SELECT id, domain_id, pinyin_key, tone_pinyin_key, word, normalized, prior_score, repair_target, enabled, aliases, source, canonical_word, is_alias FROM domain_lexicon WHERE domain_id = ? AND pinyin_key = ? AND tone_pinyin_key = ? AND enabled = 1 AND length(word) = ? ORDER BY prior_score DESC LIMIT ? /* domainIds=[""bakery"",""coffee"",""food_order"",""medical"",""meeting"",""milk_tea"",""tech_ai"",""tourism_hotel"",""tourism_pickup"",""tourism_route"",""tourism_transport"",""transport""] */","{""pinyin_key"":""chong|xin|jiao"",""tone_pinyin_key"":""chong1|xin1|jiao1"",""length"":3,""limit"":8} || {""domainIds"":[""bakery"",""coffee"",""food_order"",""medical"",""meeting"",""milk_tea"",""tech_ai"",""tourism_hotel"",""tourism_pickup"",""tourism_route"",""tourism_transport"",""transport""],""pinyin_key"":""chong|xin|jiao"",""tone_pinyin_key"":""chong1|xin1|jiao1"",""length"":3,""limit"":8}",0,,chong1|xin1|jiao1,0,,2
threshold-01,重新校准,,,chong|xin|jiao|zhun,chong1|xin1|jiao1|zhun1,"[1,1,1,1]",ready,PLAIN_AND_TONE_COMPOSITE,"SELECT id, pinyin_key, tone_pinyin_key, word, normalized, prior_score, repair_target, enabled, aliases, source, canonical_word, is_alias FROM base_lexicon WHERE pinyin_key = ? AND tone_pinyin_key = ? AND enabled = 1 AND length(word) = ? ORDER BY prior_score DESC LIMIT ? || SELECT id, domain_id, pinyin_key, tone_pinyin_key, word, normalized, prior_score, repair_target, enabled, aliases, source, canonical_word, is_alias FROM domain_lexicon WHERE domain_id = ? AND pinyin_key = ? AND tone_pinyin_key = ? AND enabled = 1 AND length(word) = ? ORDER BY prior_score DESC LIMIT ? /* domainIds=[""bakery"",""coffee"",""food_order"",""medical"",""meeting"",""milk_tea"",""tech_ai"",""tourism_hotel"",""tourism_pickup"",""tourism_route"",""tourism_transport"",""transport""] */","{""pinyin_key"":""chong|xin|jiao|zhun"",""tone_pinyin_key"":""chong1|xin1|jiao1|zhun1"",""length"":4,""limit"":8} || {""domainIds"":[""bakery"",""coffee"",""food_order"",""medical"",""meeting"",""milk_tea"",""tech_ai"",""tourism_hotel"",""tourism_pickup"",""tourism_route"",""tourism_transport"",""transport""],""pinyin_key"":""chong|xin|jiao|zhun"",""tone_pinyin_key"":""chong1|xin1|jiao1|zhun1"",""length"":4,""limit"":8}",0,,chong1|xin1|jiao1|zhun1,0,,2
threshold-01,新,,,xin,xin1,[1],ready,PLAIN_AND_TONE_COMPOSITE,"SELECT id, pinyin_key, tone_pinyin_key, word, normalized, prior_score, repair_target, enabled, aliases, source, canonical_word, is_alias FROM base_lexicon WHERE pinyin_key = ? AND tone_pinyin_key = ? AND enabled = 1 AND length(word) = ? ORDER BY prior_score DESC LIMIT ? || SELECT id, pinyin_key, tone_pinyin_key, word, normalized, prior_score, repair_target, enabled, aliases, source, canonical_word, is_alias FROM base_lexicon WHERE pinyin_key = ? AND tone_pinyin_key = ? AND word = ? AND enabled = 1 AND length(word) = ? LIMIT ?","{""pinyin_key"":""xin"",""tone_pinyin_key"":""xin1"",""length"":1,""limit"":8} || {""pinyin_key"":""xin"",""tone_pinyin_key"":""xin1"",""word"":""新"",""length"":1,""limit"":2}",0,,xin1,0,,2
threshold-01,新校,,,xin|jiao,xin1|jiao1,"[1,1]",ready,PLAIN_AND_TONE_COMPOSITE,"SELECT id, pinyin_key, tone_pinyin_key, word, normalized, prior_score, repair_target, enabled, aliases, source, canonical_word, is_alias FROM base_lexicon WHERE pinyin_key = ? AND tone_pinyin_key = ? AND enabled = 1 AND length(word) = ? ORDER BY prior_score DESC LIMIT ? || SELECT id, domain_id, pinyin_key, tone_pinyin_key, word, normalized, prior_score, repair_target, enabled, aliases, source, canonical_word, is_alias FROM domain_lexicon WHERE domain_id = ? AND pinyin_key = ? AND tone_pinyin_key = ? AND enabled = 1 AND length(word) = ? ORDER BY prior_score DESC LIMIT ? /* domainIds=[""bakery"",""coffee"",""food_order"",""medical"",""meeting"",""milk_tea"",""tech_ai"",""tourism_hotel"",""tourism_pickup"",""tourism_route"",""tourism_transport"",""transport""] */","{""pinyin_key"":""xin|jiao"",""tone_pinyin_key"":""xin1|jiao1"",""length"":2,""limit"":8} || {""domainIds"":[""bakery"",""coffee"",""food_order"",""medical"",""meeting"",""milk_tea"",""tech_ai"",""tourism_hotel"",""tourism_pickup"",""tourism_route"",""tourism_transport"",""transport""],""pinyin_key"":""xin|jiao"",""tone_pinyin_key"":""xin1|jiao1"",""length"":2,""limit"":8}",0,,xin1|jiao1,0,,2
threshold-01,新校准,,,xin|jiao|zhun,xin1|jiao1|zhun1,"[1,1,1]",ready,PLAIN_AND_TONE_COMPOSITE,"SELECT id, pinyin_key, tone_pinyin_key, word, normalized, prior_score, repair_target, enabled, aliases, source, canonical_word, is_alias FROM base_lexicon WHERE pinyin_key = ? AND tone_pinyin_key = ? AND enabled = 1 AND length(word) = ? ORDER BY prior_score DESC LIMIT ? || SELECT id, domain_id, pinyin_key, tone_pinyin_key, word, normalized, prior_score, repair_target, enabled, aliases, source, canonical_word, is_alias FROM domain_lexicon WHERE domain_id = ? AND pinyin_key = ? AND tone_pinyin_key = ? AND enabled = 1 AND length(word) = ? ORDER BY prior_score DESC LIMIT ? /* domainIds=[""bakery"",""coffee"",""food_order"",""medical"",""meeting"",""milk_tea"",""tech_ai"",""tourism_hotel"",""tourism_pickup"",""tourism_route"",""tourism_transport"",""transport""] */","{""pinyin_key"":""xin|jiao|zhun"",""tone_pinyin_key"":""xin1|jiao1|zhun1"",""length"":3,""limit"":8} || {""domainIds"":[""bakery"",""coffee"",""food_order"",""medical"",""meeting"",""milk_tea"",""tech_ai"",""tourism_hotel"",""tourism_pickup"",""tourism_route"",""tourism_transport"",""transport""],""pinyin_key"":""xin|jiao|zhun"",""tone_pinyin_key"":""xin1|jiao1|zhun1"",""length"":3,""limit"":8}",0,,xin1|jiao1|zhun1,0,,2
threshold-01,校,,,jiao,jiao1,[1],ready,PLAIN_AND_TONE_COMPOSITE,"SELECT id, pinyin_key, tone_pinyin_key, word, normalized, prior_score, repair_target, enabled, aliases, source, canonical_word, is_alias FROM base_lexicon WHERE pinyin_key = ? AND tone_pinyin_key = ? AND enabled = 1 AND length(word) = ? ORDER BY prior_score DESC LIMIT ? || SELECT id, pinyin_key, tone_pinyin_key, word, normalized, prior_score, repair_target, enabled, aliases, source, canonical_word, is_alias FROM base_lexicon WHERE pinyin_key = ? AND tone_pinyin_key = ? AND word = ? AND enabled = 1 AND length(word) = ? LIMIT ?","{""pinyin_key"":""jiao"",""tone_pinyin_key"":""jiao1"",""length"":1,""limit"":8} || {""pinyin_key"":""jiao"",""tone_pinyin_key"":""jiao1"",""word"":""校"",""length"":1,""limit"":2}",0,,jiao1,0,,2
threshold-01,校准,,,jiao|zhun,jiao1|zhun1,"[1,1]",ready,PLAIN_AND_TONE_COMPOSITE,"SELECT id, pinyin_key, tone_pinyin_key, word, normalized, prior_score, repair_target, enabled, aliases, source, canonical_word, is_alias FROM base_lexicon WHERE pinyin_key = ? AND tone_pinyin_key = ? AND enabled = 1 AND length(word) = ? ORDER BY prior_score DESC LIMIT ? || SELECT id, domain_id, pinyin_key, tone_pinyin_key, word, normalized, prior_score, repair_target, enabled, aliases, source, canonical_word, is_alias FROM domain_lexicon WHERE domain_id = ? AND pinyin_key = ? AND tone_pinyin_key = ? AND enabled = 1 AND length(word) = ? ORDER BY prior_score DESC LIMIT ? /* domainIds=[""bakery"",""coffee"",""food_order"",""medical"",""meeting"",""milk_tea"",""tech_ai"",""tourism_hotel"",""tourism_pickup"",""tourism_route"",""tourism_transport"",""transport""] */","{""pinyin_key"":""jiao|zhun"",""tone_pinyin_key"":""jiao1|zhun1"",""length"":2,""limit"":8} || {""domainIds"":[""bakery"",""coffee"",""food_order"",""medical"",""meeting"",""milk_tea"",""tech_ai"",""tourism_hotel"",""tourism_pickup"",""tourism_route"",""tourism_transport"",""transport""],""pinyin_key"":""jiao|zhun"",""tone_pinyin_key"":""jiao1|zhun1"",""length"":2,""limit"":8}",0,,jiao1|zhun1,0,,2
threshold-01,准,,,zhun,zhun1,[1],ready,PLAIN_AND_TONE_COMPOSITE,"SELECT id, pinyin_key, tone_pinyin_key, word, normalized, prior_score, repair_target, enabled, aliases, source, canonical_word, is_alias FROM base_lexicon WHERE pinyin_key = ? AND tone_pinyin_key = ? AND enabled = 1 AND length(word) = ? ORDER BY prior_score DESC LIMIT ? || SELECT id, pinyin_key, tone_pinyin_key, word, normalized, prior_score, repair_target, enabled, aliases, source, canonical_word, is_alias FROM base_lexicon WHERE pinyin_key = ? AND tone_pinyin_key = ? AND word = ? AND enabled = 1 AND length(word) = ? LIMIT ?","{""pinyin_key"":""zhun"",""tone_pinyin_key"":""zhun1"",""length"":1,""limit"":8} || {""pinyin_key"":""zhun"",""tone_pinyin_key"":""zhun1"",""word"":""准"",""length"":1,""limit"":2}",0,,zhun1,0,,2
threshold-01,阈之一,4,7,yu|zhi|yi,yu1|zhi1|yi1,"[1,1,1]",ready,PLAIN_AND_TONE_COMPOSITE,"SELECT id, pinyin_key, tone_pinyin_key, word, normalized, prior_score, repair_target, enabled, aliases, source, canonical_word, is_alias FROM base_lexicon WHERE pinyin_key = ? AND tone_pinyin_key = ? AND enabled = 1 AND length(word) = ? ORDER BY prior_score DESC LIMIT ? || SELECT id, domain_id, pinyin_key, tone_pinyin_key, word, normalized, prior_score, repair_target, enabled, aliases, source, canonical_word, is_alias FROM domain_lexicon WHERE domain_id = ? AND pinyin_key = ? AND tone_pinyin_key = ? AND enabled = 1 AND length(word) = ? ORDER BY prior_score DESC LIMIT ? /* domainIds=[""bakery"",""coffee"",""food_order"",""medical"",""meeting"",""milk_tea"",""tech_ai"",""tourism_hotel"",""tourism_pickup"",""tourism_route"",""tourism_transport"",""transport""] */","{""pinyin_key"":""yu|zhi|yi"",""tone_pinyin_key"":""yu1|zhi1|yi1"",""length"":3,""limit"":8} || {""domainIds"":[""bakery"",""coffee"",""food_order"",""medical"",""meeting"",""milk_tea"",""tech_ai"",""tourism_hotel"",""tourism_pickup"",""tourism_route"",""tourism_transport"",""transport""],""pinyin_key"":""yu|zhi|yi"",""tone_pinyin_key"":""yu1|zhi1|yi1"",""length"":3,""limit"":8}",0,,yu1|zhi1|yi1,0,,2
threshold-01:CORRECT_SELF_KEY,阈值,,,yu|zhi,yu4|zhi2,"[4,2]",ready,PLAIN_AND_TONE_COMPOSITE,"SELECT id, pinyin_key, tone_pinyin_key, word, normalized, prior_score, repair_target, enabled, aliases, source, canonical_word, is_alias FROM base_lexicon WHERE pinyin_key = ? AND tone_pinyin_key = ? AND enabled = 1 AND length(word) = ? ORDER BY prior_score DESC LIMIT ? || SELECT id, domain_id, pinyin_key, tone_pinyin_key, word, normalized, prior_score, repair_target, enabled, aliases, source, canonical_word, is_alias FROM domain_lexicon WHERE domain_id = ? AND pinyin_key = ? AND tone_pinyin_key = ? AND enabled = 1 AND length(word) = ? ORDER BY prior_score DESC LIMIT ? /* domainIds=[""bakery"",""coffee"",""food_order"",""medical"",""meeting"",""milk_tea"",""tech_ai"",""tourism_hotel"",""tourism_pickup"",""tourism_route"",""tourism_transport"",""transport""] */","{""pinyin_key"":""yu|zhi"",""tone_pinyin_key"":""yu4|zhi2"",""length"":2,""limit"":""cfg""} || {""domainIds"":[""bakery"",""coffee"",""food_order"",""medical"",""meeting"",""milk_tea"",""tech_ai"",""tourism_hotel"",""tourism_pickup"",""tourism_route"",""tourism_transport"",""transport""],""pinyin_key"":""yu|zhi"",""tone_pinyin_key"":""yu4|zhi2"",""length"":2,""limit"":""cfg""}",1,阈值,yu4|zhi2,1,,2
