word,pinyin,tone,frequency_subtl_per_million,frequency_weibo_per_million,combined_frequency,tier,recommended_initial_repair_lexicon,source
的,de5,5,50224.7761,45859.3984,46943.4618,STRICT,YES,Chinese Lexical Database v2.1
我,wo3,3,50217.4627,28022.7909,33534.4403,STRICT,YES,Chinese Lexical Database v2.1
了,le5,5,28249.7015,26883.2742,27222.6019,STRICT,YES,Chinese Lexical Database v2.1
不,bu4,4,20571.9701,17282.4063,18099.3106,STRICT,YES,Chinese Lexical Database v2.1
是,shi4,4,28292.7463,16258.9941,19247.361,STRICT,YES,Chinese Lexical Database v2.1
你,ni3,3,39684.2985,16002.5641,21883.4989,STRICT,YES,Chinese Lexical Database v2.1
在,zai4,4,12828.8358,9784.3294,10540.3781,STRICT,YES,Chinese Lexical Database v2.1
有,you3,3,8630.1194,8941.8146,8864.4107,STRICT,YES,Chinese Lexical Database v2.1
就,jiu4,4,8257.791,7193.7771,7458.0059,STRICT,YES,Chinese Lexical Database v2.1
要,yao4,4,7124.0597,6230.6607,6452.5204,STRICT,YES,Chinese Lexical Database v2.1
好,hao3,3,9990.9851,6199.4773,7141.0304,STRICT,YES,Chinese Lexical Database v2.1
一,yi1,1,6078.3881,13379.3491,11566.2861,STRICT,YES,Chinese Lexical Database v2.1
人,ren2,2,5818.3284,6424.0237,6273.6101,STRICT,YES,Chinese Lexical Database v2.1
都,dou1,1,5302.0597,6013.8264,5837.0719,STRICT,YES,Chinese Lexical Database v2.1
个,ge4,4,5191.194,8446.8442,7638.3617,STRICT,YES,Chinese Lexical Database v2.1
想,xiang3,3,6333.8806,4719.6548,5120.5189,STRICT,YES,Chinese Lexical Database v2.1
和,he2,2,4490.0896,4850.5621,4761.0452,STRICT,YES,Chinese Lexical Database v2.1
吧,ba5,5,5793.5522,4280.5917,4656.3084,STRICT,YES,Chinese Lexical Database v2.1
这,zhe4,4,8566.7761,3937.7416,5087.2795,STRICT,YES,Chinese Lexical Database v2.1
也,ye3,3,3934.3582,4971.4694,4713.9214,STRICT,YES,Chinese Lexical Database v2.1
啊,a5,5,3909.3433,4316.2722,4215.2187,STRICT,YES,Chinese Lexical Database v2.1
还,hai2,2,3890.3284,4378.9941,4257.6427,STRICT,YES,Chinese Lexical Database v2.1
很,hen3,3,5987.5821,3612.7613,4202.5056,STRICT,YES,Chinese Lexical Database v2.1
会,hui4,4,7938.1791,3595.2761,4673.7583,STRICT,YES,Chinese Lexical Database v2.1
来,lai2,2,5526.9851,3392.3964,3922.4833,STRICT,YES,Chinese Lexical Database v2.1
能,neng2,2,4974.806,3218.5996,3654.722,STRICT,YES,Chinese Lexical Database v2.1
去,qu4,4,4867.2836,3175.4635,3595.5967,STRICT,YES,Chinese Lexical Database v2.1
说,shuo1,1,6774.7761,3066.144,3987.1164,STRICT,YES,Chinese Lexical Database v2.1
着,zhe5,5,2987.791,3076.7061,3054.6256,STRICT,YES,Chinese Lexical Database v2.1
到,dao4,4,4165.194,2919.4576,3228.8139,STRICT,YES,Chinese Lexical Database v2.1
看,kan4,4,3061.0746,2830.5523,2887.7984,STRICT,YES,Chinese Lexical Database v2.1
上,shang4,4,3414.0597,2761.6075,2923.6323,STRICT,YES,Chinese Lexical Database v2.1
过,guo4,4,3354.8657,2708.3136,2868.8732,STRICT,YES,Chinese Lexical Database v2.1
吗,ma5,5,7438.4179,2672.1499,3855.7672,STRICT,YES,Chinese Lexical Database v2.1
没,mei2,2,4761.4328,2542.8698,3093.8102,STRICT,YES,Chinese Lexical Database v2.1
给,gei3,3,3499.0448,2347.002,2633.0912,STRICT,YES,Chinese Lexical Database v2.1
他,ta1,1,11870.2388,2131.0059,4549.5701,STRICT,YES,Chinese Lexical Database v2.1
那,na4,4,5674.2388,1980.355,2897.6649,STRICT,YES,Chinese Lexical Database v2.1
让,rang4,4,3695.791,1979.9704,2406.0638,STRICT,YES,Chinese Lexical Database v2.1
得,de5,5,3139.9701,1957.8797,2251.4307,STRICT,YES,Chinese Lexical Database v2.1
太,tai4,4,1944.806,1952.9191,1950.9044,STRICT,YES,Chinese Lexical Database v2.1
只,zhi3,3,2170.0896,1888.7574,1958.6212,STRICT,YES,Chinese Lexical Database v2.1
对,dui4,4,3964.3284,1832.0217,2361.5419,STRICT,YES,Chinese Lexical Database v2.1
里,li5,5,1888.8358,1607.1992,1677.1386,STRICT,YES,Chinese Lexical Database v2.1
多,duo1,1,1570.2985,2770.789,2472.6686,STRICT,YES,Chinese Lexical Database v2.1
再,zai4,4,1687.1642,1569.2702,1598.5471,STRICT,YES,Chinese Lexical Database v2.1
真,zhen1,1,3058.0597,1542.3964,1918.7843,STRICT,YES,Chinese Lexical Database v2.1
天,tian1,1,1512.2388,3005.2959,2634.5219,STRICT,YES,Chinese Lexical Database v2.1
被,bei4,4,1961.0448,1499.0533,1613.7806,STRICT,YES,Chinese Lexical Database v2.1
做,zuo4,4,3652.6567,1486.8738,2024.7072,STRICT,YES,Chinese Lexical Database v2.1
把,ba3,3,3717.4328,1484.7436,2039.192,STRICT,YES,Chinese Lexical Database v2.1
下,xia4,4,1551.4925,1445.9467,1472.1572,STRICT,YES,Chinese Lexical Database v2.1
呢,ne5,5,2291.1045,1389.2998,1613.2468,STRICT,YES,Chinese Lexical Database v2.1
最,zui4,4,1386.9851,2734.0335,2399.5182,STRICT,YES,Chinese Lexical Database v2.1
为,wei4,4,1360.1493,1734.7041,1641.6901,STRICT,YES,Chinese Lexical Database v2.1
大,da4,4,1345.1045,2698.2939,2362.2535,STRICT,YES,Chinese Lexical Database v2.1
次,ci4,4,1309.6418,1722.288,1619.8147,STRICT,YES,Chinese Lexical Database v2.1
用,yong4,4,1565.2537,1196.6469,1288.1838,STRICT,YES,Chinese Lexical Database v2.1
她,ta1,1,6609.5522,1195.9961,2540.3558,STRICT,YES,Chinese Lexical Database v2.1
而,er2,2,1175.5522,1317.7515,1282.4388,STRICT,YES,Chinese Lexical Database v2.1
哦,o2,2,2071.0448,1171.3116,1394.7443,STRICT,YES,Chinese Lexical Database v2.1
谁,shui2,2,1575.5821,1161.5187,1264.344,STRICT,YES,Chinese Lexical Database v2.1
可,ke3,3,1376.806,1158.3432,1212.5945,STRICT,YES,Chinese Lexical Database v2.1
才,cai2,2,1096.0,1468.6489,1376.1082,STRICT,YES,Chinese Lexical Database v2.1
两,liang3,3,1091.9403,1411.4596,1332.1127,STRICT,YES,Chinese Lexical Database v2.1
点,dian3,3,2318.3582,1083.4122,1390.089,STRICT,YES,Chinese Lexical Database v2.1
又,you4,4,1061.5224,2468.9744,2119.4589,STRICT,YES,Chinese Lexical Database v2.1
小,xiao3,3,1043.791,2219.6252,1927.6279,STRICT,YES,Chinese Lexical Database v2.1
中,zhong1,1,1040.6567,2205.5227,1916.2491,STRICT,YES,Chinese Lexical Database v2.1
等,deng3,3,1015.403,1196.2919,1151.3714,STRICT,YES,Chinese Lexical Database v2.1
事,shi4,4,2916.8657,970.8876,1454.1364,STRICT,YES,Chinese Lexical Database v2.1
更,geng4,4,962.7761,1156.7357,1108.5693,STRICT,YES,Chinese Lexical Database v2.1
跟,gen1,1,1879.9701,952.8501,1183.0838,STRICT,YES,Chinese Lexical Database v2.1
爱,ai4,4,929.0149,2410.5128,2042.6093,STRICT,YES,Chinese Lexical Database v2.1
年,nian2,2,914.8657,3259.3688,2677.1534,STRICT,YES,Chinese Lexical Database v2.1
但,dan4,4,2037.0448,898.4418,1181.1935,STRICT,YES,Chinese Lexical Database v2.1
快,kuai4,4,1597.3134,862.4753,1044.9592,STRICT,YES,Chinese Lexical Database v2.1
吃,chi1,1,833.2239,1905.1874,1638.9844,STRICT,YES,Chinese Lexical Database v2.1
家,jia1,1,806.7463,1542.1893,1359.5552,STRICT,YES,Chinese Lexical Database v2.1
从,cong2,2,1412.3284,798.1558,950.6746,STRICT,YES,Chinese Lexical Database v2.1
钱,qian2,2,872.2687,749.9211,780.3039,STRICT,YES,Chinese Lexical Database v2.1
将,jiang1,1,744.6567,1052.0217,975.6931,STRICT,YES,Chinese Lexical Database v2.1
时,shi2,2,700.6567,845.572,809.5849,STRICT,YES,Chinese Lexical Database v2.1
走,zou3,3,1948.0,700.3452,1010.1779,STRICT,YES,Chinese Lexical Database v2.1
当,dang4,4,884.1493,680.4734,731.0526,STRICT,YES,Chinese Lexical Database v2.1
请,qing3,3,913.3731,676.2327,735.1223,STRICT,YES,Chinese Lexical Database v2.1
几,ji3,3,669.5821,883.8462,830.6375,STRICT,YES,Chinese Lexical Database v2.1
后,hou4,4,657.2537,977.574,898.0282,STRICT,YES,Chinese Lexical Database v2.1
死,si3,3,1315.1045,654.7041,818.7027,STRICT,YES,Chinese Lexical Database v2.1
比,bi3,3,637.9403,1813.7771,1521.7791,STRICT,YES,Chinese Lexical Database v2.1
像,xiang4,4,1499.3731,635.9172,850.341,STRICT,YES,Chinese Lexical Database v2.1
打,da3,3,932.0299,632.8402,707.1386,STRICT,YES,Chinese Lexical Database v2.1
前,qian2,2,764.5672,607.2485,646.3158,STRICT,YES,Chinese Lexical Database v2.1
起,qi3,3,603.9104,836.4201,778.6805,STRICT,YES,Chinese Lexical Database v2.1
叫,jiao4,4,1034.2687,600.0493,707.8799,STRICT,YES,Chinese Lexical Database v2.1
问,wen4,4,610.597,579.8028,587.45,STRICT,YES,Chinese Lexical Database v2.1
住,zhu4,4,585.1343,557.86,564.6331,STRICT,YES,Chinese Lexical Database v2.1
听,ting1,1,1638.4478,554.8817,823.9659,STRICT,YES,Chinese Lexical Database v2.1
找,zhao3,3,1392.4478,549.1913,758.599,STRICT,YES,Chinese Lexical Database v2.1
见,jian4,4,875.8209,548.6982,629.9333,STRICT,YES,Chinese Lexical Database v2.1
别,bie2,2,2085.5224,546.144,928.4211,STRICT,YES,Chinese Lexical Database v2.1
它,ta1,1,1463.403,539.9606,769.2809,STRICT,YES,Chinese Lexical Database v2.1
地,de5,5,537.5821,909.6154,817.2276,STRICT,YES,Chinese Lexical Database v2.1
该,gai1,1,1019.9701,530.4931,652.046,STRICT,YES,Chinese Lexical Database v2.1
话,hua4,4,1191.0448,518.1558,685.2557,STRICT,YES,Chinese Lexical Database v2.1
新,xin1,1,516.1493,1376.9822,1163.2098,STRICT,YES,Chinese Lexical Database v2.1
您,nin2,2,515.791,524.073,522.0163,STRICT,YES,Chinese Lexical Database v2.1
拿,na2,2,966.0,515.7692,627.576,STRICT,YES,Chinese Lexical Database v2.1
放,fang4,4,570.1194,515.1282,528.7843,STRICT,YES,Chinese Lexical Database v2.1
帮,bang1,1,949.0448,512.4852,620.897,STRICT,YES,Chinese Lexical Database v2.1
三,san1,1,504.9552,2275.7495,1836.0044,STRICT,YES,Chinese Lexical Database v2.1
出,chu1,1,1277.1343,499.4477,692.5723,STRICT,YES,Chinese Lexical Database v2.1
老,lao3,3,491.0746,539.073,527.1534,STRICT,YES,Chinese Lexical Database v2.1
回,hui2,2,903.2537,475.2268,581.5196,STRICT,YES,Chinese Lexical Database v2.1
之,zhi1,1,471.7612,1112.5641,953.4322,STRICT,YES,Chinese Lexical Database v2.1
行,xing2,2,777.0746,470.927,546.9533,STRICT,YES,Chinese Lexical Database v2.1
买,mai3,3,470.6269,896.9428,791.0749,STRICT,YES,Chinese Lexical Database v2.1
种,zhong3,3,469.1343,1560.1479,1289.2142,STRICT,YES,Chinese Lexical Database v2.1
带,dai4,4,927.4328,461.7751,577.4129,STRICT,YES,Chinese Lexical Database v2.1
手,shou3,3,448.0597,483.5108,474.7072,STRICT,YES,Chinese Lexical Database v2.1
妈,ma1,1,540.597,444.2505,468.1764,STRICT,YES,Chinese Lexical Database v2.1
件,jian4,4,584.1194,439.1815,475.1742,STRICT,YES,Chinese Lexical Database v2.1
开,kai1,1,817.3731,434.783,529.7924,STRICT,YES,Chinese Lexical Database v2.1
哪,na3,3,787.6119,425.1381,515.152,STRICT,YES,Chinese Lexical Database v2.1
喝,he1,1,418.0299,699.3195,629.4663,STRICT,YES,Chinese Lexical Database v2.1
与,yu4,4,408.9552,1073.5404,908.5026,STRICT,YES,Chinese Lexical Database v2.1
写,xie4,4,405.6418,562.9389,523.8769,STRICT,YES,Chinese Lexical Database v2.1
啦,la5,5,399.0746,1653.5306,1342.0089,STRICT,YES,Chinese Lexical Database v2.1
先,xian1,1,479.403,398.501,418.5915,STRICT,YES,Chinese Lexical Database v2.1
却,que4,4,398.3881,754.6055,666.1453,STRICT,YES,Chinese Lexical Database v2.1
送,song4,4,394.3881,482.643,460.7265,STRICT,YES,Chinese Lexical Database v2.1
玩,wan2,2,389.0448,1191.3905,992.1423,STRICT,YES,Chinese Lexical Database v2.1
以,yi3,3,390.5373,368.8757,374.255,STRICT,YES,Chinese Lexical Database v2.1
成,cheng2,2,374.2985,368.1854,369.7035,STRICT,YES,Chinese Lexical Database v2.1
月,yue4,4,365.7612,741.8738,648.4729,STRICT,YES,Chinese Lexical Database v2.1
早,zao3,3,363.7313,453.7377,431.3862,STRICT,YES,Chinese Lexical Database v2.1
条,tiao2,2,373.3731,360.1874,363.4618,STRICT,YES,Chinese Lexical Database v2.1
长,zhang3,3,363.3731,350.5819,353.7583,STRICT,YES,Chinese Lexical Database v2.1
岁,sui4,4,344.9552,430.0493,408.9177,STRICT,YES,Chinese Lexical Database v2.1
并,bing4,4,578.9254,340.0099,399.3403,STRICT,YES,Chinese Lexical Database v2.1
正,zheng4,4,583.1642,339.428,399.9555,STRICT,YES,Chinese Lexical Database v2.1
完,wan2,2,333.194,389.4675,375.493,STRICT,YES,Chinese Lexical Database v2.1
车,che1,1,715.6418,333.1657,428.1468,STRICT,YES,Chinese Lexical Database v2.1
张,zhang1,1,332.7164,517.2781,471.4455,STRICT,YES,Chinese Lexical Database v2.1
坐,zuo4,4,424.0,327.9684,351.8162,STRICT,YES,Chinese Lexical Database v2.1
场,chang3,3,327.2537,329.4379,328.8955,STRICT,YES,Chinese Lexical Database v2.1
求,qiu2,2,325.4925,439.7436,411.3714,STRICT,YES,Chinese Lexical Database v2.1
刚,gang1,1,325.0149,969.3393,809.3328,STRICT,YES,Chinese Lexical Database v2.1
头,tou5,5,345.7313,323.501,329.0215,STRICT,YES,Chinese Lexical Database v2.1
呀,ya5,5,319.403,559.0335,499.5256,STRICT,YES,Chinese Lexical Database v2.1
本,ben3,3,314.209,314.5168,314.4403,STRICT,YES,Chinese Lexical Database v2.1
位,wei4,4,488.597,306.7554,351.9125,STRICT,YES,Chinese Lexical Database v2.1
难,nan4,4,306.0896,490.069,444.381,STRICT,YES,Chinese Lexical Database v2.1
每,mei3,3,303.1045,1633.6391,1303.2246,STRICT,YES,Chinese Lexical Database v2.1
名,ming2,2,297.0149,534.5957,475.5967,STRICT,YES,Chinese Lexical Database v2.1
活,huo2,2,343.5522,295.9763,307.791,STRICT,YES,Chinese Lexical Database v2.1
总,zong3,3,295.4627,407.8205,379.9185,STRICT,YES,Chinese Lexical Database v2.1
向,xiang4,4,514.0,279.2801,337.5686,STRICT,YES,Chinese Lexical Database v2.1
穿,chuan1,1,405.5522,278.5503,310.089,STRICT,YES,Chinese Lexical Database v2.1
变,bian4,4,315.8209,277.1795,286.7754,STRICT,YES,Chinese Lexical Database v2.1
所,suo3,3,588.5075,271.9428,350.556,STRICT,YES,Chinese Lexical Database v2.1
搞,gao3,3,545.1642,271.8245,339.7035,STRICT,YES,Chinese Lexical Database v2.1
心,xin1,1,267.3134,905.5128,747.0274,STRICT,YES,Chinese Lexical Database v2.1
花,hua1,1,267.0746,388.5207,358.3617,STRICT,YES,Chinese Lexical Database v2.1
算,suan4,4,398.1194,265.217,298.2209,STRICT,YES,Chinese Lexical Database v2.1
敢,gan3,3,258.6269,556.5385,482.5574,STRICT,YES,Chinese Lexical Database v2.1
号,hao4,4,354.0896,254.645,279.3403,STRICT,YES,Chinese Lexical Database v2.1
女,nv3,3,249.0448,741.6075,619.2884,STRICT,YES,Chinese Lexical Database v2.1
睡,shui4,4,239.7313,1340.7692,1067.3462,STRICT,YES,Chinese Lexical Database v2.1
晚,wan3,3,237.9104,279.5168,269.1846,STRICT,YES,Chinese Lexical Database v2.1
嘛,ma5,5,491.7015,237.6627,300.7487,STRICT,YES,Chinese Lexical Database v2.1
够,gou4,4,370.2687,235.7396,269.1475,STRICT,YES,Chinese Lexical Database v2.1
受,shou4,4,231.5224,242.2387,239.5775,STRICT,YES,Chinese Lexical Database v2.1
连,lian2,2,230.0299,286.9428,272.8095,STRICT,YES,Chinese Lexical Database v2.1
全,quan2,2,229.6418,651.9822,547.1016,STRICT,YES,Chinese Lexical Database v2.1
份,fen4,4,303.1045,229.0533,247.4426,STRICT,YES,Chinese Lexical Database v2.1
挺,ting3,3,226.9552,280.0099,266.8347,STRICT,YES,Chinese Lexical Database v2.1
此,ci3,3,226.7164,297.9093,280.2298,STRICT,YES,Chinese Lexical Database v2.1
水,shui3,3,226.2985,315.0,292.9726,STRICT,YES,Chinese Lexical Database v2.1
于,yu2,2,260.5075,224.8619,233.7139,STRICT,YES,Chinese Lexical Database v2.1
信,xin4,4,222.3881,920.3748,747.0423,STRICT,YES,Chinese Lexical Database v2.1
高,gao1,1,221.3433,394.1124,351.2083,STRICT,YES,Chinese Lexical Database v2.1
试,shi4,4,215.8507,1250.9862,993.9288,STRICT,YES,Chinese Lexical Database v2.1
美,mei3,3,214.9254,602.2189,506.0415,STRICT,YES,Chinese Lexical Database v2.1
拍,pai1,1,211.2239,241.3905,233.8992,STRICT,YES,Chinese Lexical Database v2.1
路,lu4,4,208.7463,501.8935,429.0956,STRICT,YES,Chinese Lexical Database v2.1
四,si4,4,208.3284,425.572,371.6234,STRICT,YES,Chinese Lexical Database v2.1
久,jiu3,3,207.9403,256.7653,244.6405,STRICT,YES,Chinese Lexical Database v2.1
或,huo4,4,206.9254,284.2209,265.0259,STRICT,YES,Chinese Lexical Database v2.1
懂,dong3,3,206.6567,321.8836,293.2691,STRICT,YES,Chinese Lexical Database v2.1
狗,gou3,3,352.4776,204.8915,241.5419,STRICT,YES,Chinese Lexical Database v2.1
第,di4,4,204.2388,641.0848,532.6019,STRICT,YES,Chinese Lexical Database v2.1
忙,mang2,2,249.0149,202.0809,213.7361,STRICT,YES,Chinese Lexical Database v2.1
无,wu2,2,198.4478,632.4359,524.6627,STRICT,YES,Chinese Lexical Database v2.1
站,zhan4,4,300.9254,198.1262,223.6546,STRICT,YES,Chinese Lexical Database v2.1
已,yi3,3,198.0896,771.499,629.103,STRICT,YES,Chinese Lexical Database v2.1
笑,xiao4,4,197.8507,526.499,444.8851,STRICT,YES,Chinese Lexical Database v2.1
杯,bei1,1,225.1045,197.7515,204.5441,STRICT,YES,Chinese Lexical Database v2.1
赢,ying2,2,249.6418,197.0414,210.1038,STRICT,YES,Chinese Lexical Database v2.1
块,kuai4,4,279.5522,196.3412,217.0052,STRICT,YES,Chinese Lexical Database v2.1
另,ling4,4,267.8507,195.2959,213.3136,STRICT,YES,Chinese Lexical Database v2.1
换,huan4,4,195.2537,330.4043,296.8421,STRICT,YES,Chinese Lexical Database v2.1
些,xie1,1,635.403,194.8915,304.2847,STRICT,YES,Chinese Lexical Database v2.1
猜,cai1,1,194.6567,274.3393,254.5515,STRICT,YES,Chinese Lexical Database v2.1
哇,wa5,5,297.0448,194.1913,219.7331,STRICT,YES,Chinese Lexical Database v2.1
错,cuo4,4,1079.5821,192.5049,412.7947,STRICT,YES,Chinese Lexical Database v2.1
忘,wang4,4,212.5373,192.2288,197.2721,STRICT,YES,Chinese Lexical Database v2.1
讲,jiang3,3,202.5373,192.1598,194.7368,STRICT,YES,Chinese Lexical Database v2.1
内,nei4,4,192.1194,207.4556,203.6471,STRICT,YES,Chinese Lexical Database v2.1
段,duan4,4,191.9403,223.2939,215.5078,STRICT,YES,Chinese Lexical Database v2.1
酒,jiu3,3,189.194,273.2544,252.3795,STRICT,YES,Chinese Lexical Database v2.1
发,fa4,4,188.7463,510.8679,430.8747,STRICT,YES,Chinese Lexical Database v2.1
歌,ge1,1,188.3284,245.5128,231.3121,STRICT,YES,Chinese Lexical Database v2.1
倒,dao4,4,181.8507,211.3609,204.0326,STRICT,YES,Chinese Lexical Database v2.1
万,wan4,4,180.0299,415.7495,357.2128,STRICT,YES,Chinese Lexical Database v2.1
干,gan4,4,1243.3134,179.2899,443.5211,STRICT,YES,Chinese Lexical Database v2.1
句,ju4,4,178.6269,389.0138,336.768,STRICT,YES,Chinese Lexical Database v2.1
五,wu3,3,176.209,632.0611,518.8584,STRICT,YES,Chinese Lexical Database v2.1
靠,kao4,4,175.8209,201.7949,195.3447,STRICT,YES,Chinese Lexical Database v2.1
生,sheng1,1,173.6119,326.4793,288.5174,STRICT,YES,Chinese Lexical Database v2.1
由,you2,2,173.1045,208.0178,199.3477,STRICT,YES,Chinese Lexical Database v2.1
男,nan2,2,172.3881,262.4063,240.0519,STRICT,YES,Chinese Lexical Database v2.1
唱,chang4,4,188.0597,172.3176,176.2268,STRICT,YES,Chinese Lexical Database v2.1
如,ru2,2,171.5522,286.3905,257.8725,STRICT,YES,Chinese Lexical Database v2.1
床,chuang2,2,194.1791,164.3097,171.7272,STRICT,YES,Chinese Lexical Database v2.1
首,shou3,3,164.209,259.6943,235.9822,STRICT,YES,Chinese Lexical Database v2.1
哈,ha1,1,162.9851,179.7239,175.5671,STRICT,YES,Chinese Lexical Database v2.1
醒,xing3,3,162.8955,264.7535,239.4589,STRICT,YES,Chinese Lexical Database v2.1
分,fen4,4,162.8358,904.4181,720.2595,STRICT,YES,Chinese Lexical Database v2.1
部,bu4,4,162.2687,200.6805,191.1416,STRICT,YES,Chinese Lexical Database v2.1
同,tong4,4,161.2239,316.7357,278.1171,STRICT,YES,Chinese Lexical Database v2.1
半,ban4,4,160.8657,265.1381,239.2439,STRICT,YES,Chinese Lexical Database v2.1
爸,ba4,4,273.2537,159.7239,187.917,STRICT,YES,Chinese Lexical Database v2.1
少,shao4,4,158.9552,341.0552,295.834,STRICT,YES,Chinese Lexical Database v2.1
书,shu1,1,213.4925,156.5976,170.7265,STRICT,YES,Chinese Lexical Database v2.1
停,ting2,2,269.4925,154.0335,182.7057,STRICT,YES,Chinese Lexical Database v2.1
办,ban4,4,153.403,206.0947,193.0096,STRICT,YES,Chinese Lexical Database v2.1
加,jia1,1,152.5373,166.4596,163.0022,STRICT,YES,Chinese Lexical Database v2.1
脸,lian3,3,152.0299,182.9191,175.2483,STRICT,YES,Chinese Lexical Database v2.1
装,zhuang1,1,149.4328,150.3945,150.1557,STRICT,YES,Chinese Lexical Database v2.1
重,zhong4,4,151.6119,148.0671,148.9474,STRICT,YES,Chinese Lexical Database v2.1
使,shi3,3,146.7164,188.4122,178.0578,STRICT,YES,Chinese Lexical Database v2.1
曾,zeng1,1,150.7761,146.7061,147.7168,STRICT,YES,Chinese Lexical Database v2.1
转,zhuan4,4,145.791,162.1893,158.1171,STRICT,YES,Chinese Lexical Database v2.1
坏,huai4,4,234.0896,145.6114,167.5834,STRICT,YES,Chinese Lexical Database v2.1
二,er4,4,144.7463,353.3826,301.5715,STRICT,YES,Chinese Lexical Database v2.1
强,qiang2,2,143.7015,159.1716,155.3299,STRICT,YES,Chinese Lexical Database v2.1
周,zhou1,1,275.8507,143.6982,176.5159,STRICT,YES,Chinese Lexical Database v2.1
血,xue4,4,141.7612,145.9467,144.9073,STRICT,YES,Chinese Lexical Database v2.1
伤,shang1,1,140.5672,284.6746,248.8881,STRICT,YES,Chinese Lexical Database v2.1
远,yuan3,3,196.1194,139.6252,153.6546,STRICT,YES,Chinese Lexical Database v2.1
片,pian4,4,137.2239,219.8915,199.3625,STRICT,YES,Chinese Lexical Database v2.1
黑,hei1,1,136.209,198.3333,182.9059,STRICT,YES,Chinese Lexical Database v2.1
身,shen1,1,135.1045,142.7811,140.8747,STRICT,YES,Chinese Lexical Database v2.1
卖,mai4,4,223.1343,133.4024,155.6857,STRICT,YES,Chinese Lexical Database v2.1
越,yue4,4,133.0448,449.3787,370.8228,STRICT,YES,Chinese Lexical Database v2.1
处,chu4,4,166.4776,132.7318,141.1119,STRICT,YES,Chinese Lexical Database v2.1
怕,pa4,4,131.194,328.3037,279.3551,STRICT,YES,Chinese Lexical Database v2.1
记,ji4,4,130.5075,357.2288,300.9266,STRICT,YES,Chinese Lexical Database v2.1
跑,pao3,3,368.1194,129.9803,189.1179,STRICT,YES,Chinese Lexical Database v2.1
声,sheng1,1,128.806,191.2525,175.745,STRICT,YES,Chinese Lexical Database v2.1
店,dian4,4,128.1493,634.1124,508.4655,STRICT,YES,Chinese Lexical Database v2.1
集,ji2,2,128.1791,127.6726,127.7984,STRICT,YES,Chinese Lexical Database v2.1
学,xue2,2,185.3433,126.4596,141.0823,STRICT,YES,Chinese Lexical Database v2.1
步,bu4,4,125.6119,182.3274,168.2431,STRICT,YES,Chinese Lexical Database v2.1
傻,sha3,3,125.1343,143.3432,138.8213,STRICT,YES,Chinese Lexical Database v2.1
选,xuan3,3,197.5821,124.8225,142.891,STRICT,YES,Chinese Lexical Database v2.1
离,li2,2,181.7313,124.6252,138.8065,STRICT,YES,Chinese Lexical Database v2.1
留,liu2,2,276.7761,124.0927,162.0089,STRICT,YES,Chinese Lexical Database v2.1
祝,zhu4,4,123.4627,545.2663,440.5189,STRICT,YES,Chinese Lexical Database v2.1
口,kou3,3,123.194,165.3748,154.8999,STRICT,YES,Chinese Lexical Database v2.1
日,ri4,4,122.806,823.9941,649.8666,STRICT,YES,Chinese Lexical Database v2.1
季,ji4,4,148.2687,122.5641,128.9474,STRICT,YES,Chinese Lexical Database v2.1
梦,meng4,4,120.9851,365.2761,304.6108,STRICT,YES,Chinese Lexical Database v2.1
噢,o1,1,871.3433,120.7199,307.1238,STRICT,YES,Chinese Lexical Database v2.1
间,jian4,4,165.5821,120.0493,131.3566,STRICT,YES,Chinese Lexical Database v2.1
杀,sha1,1,698.6567,119.5365,263.3506,STRICT,YES,Chinese Lexical Database v2.1
情,qing2,2,116.8657,150.6213,142.2387,STRICT,YES,Chinese Lexical Database v2.1
面,mian4,4,116.597,161.8146,150.5856,STRICT,YES,Chinese Lexical Database v2.1
六,liu4,4,116.3582,138.2249,132.7947,STRICT,YES,Chinese Lexical Database v2.1
令,ling4,4,191.791,116.3412,135.0778,STRICT,YES,Chinese Lexical Database v2.1
疯,feng1,1,195.5224,116.213,135.9081,STRICT,YES,Chinese Lexical Database v2.1
外,wai4,4,121.1343,115.9665,117.2498,STRICT,YES,Chinese Lexical Database v2.1
掉,diao4,4,481.8209,115.8481,206.7309,STRICT,YES,Chinese Lexical Database v2.1
接,jie1,1,327.4627,114.7535,167.576,STRICT,YES,Chinese Lexical Database v2.1
脚,jiao3,3,114.5075,145.7988,138.0282,STRICT,YES,Chinese Lexical Database v2.1
套,tao4,4,113.9104,416.8343,341.6086,STRICT,YES,Chinese Lexical Database v2.1
哭,ku1,1,113.8209,294.8718,249.911,STRICT,YES,Chinese Lexical Database v2.1
画,hua4,4,113.2836,371.1341,307.1016,STRICT,YES,Chinese Lexical Database v2.1
包,bao1,1,111.8806,187.0118,168.3543,STRICT,YES,Chinese Lexical Database v2.1
自,zi4,4,111.7313,605.7988,483.106,STRICT,YES,Chinese Lexical Database v2.1
拉,la1,1,245.3433,111.4892,144.7294,STRICT,YES,Chinese Lexical Database v2.1
整,zheng3,3,110.6866,159.0828,147.0645,STRICT,YES,Chinese Lexical Database v2.1
鬼,gui3,3,125.4328,110.2071,113.9881,STRICT,YES,Chinese Lexical Database v2.1
知,zhi1,1,110.0597,325.355,271.8903,STRICT,YES,Chinese Lexical Database v2.1
戴,dai4,4,119.0149,109.5464,111.8977,STRICT,YES,Chinese Lexical Database v2.1
票,piao4,4,109.3731,216.075,189.5775,STRICT,YES,Chinese Lexical Database v2.1
线,xian4,4,113.1642,108.1558,109.3996,STRICT,YES,Chinese Lexical Database v2.1
十,shi2,2,107.7612,298.7475,251.3195,STRICT,YES,Chinese Lexical Database v2.1
台,tai2,2,107.5821,190.9665,170.2595,STRICT,YES,Chinese Lexical Database v2.1
眼,yan3,3,105.6418,260.7692,222.2461,STRICT,YES,Chinese Lexical Database v2.1
俩,lia3,3,269.7612,105.5621,146.338,STRICT,YES,Chinese Lexical Database v2.1
进,jin4,4,526.3881,105.3649,209.9185,STRICT,YES,Chinese Lexical Database v2.1
猫,mao1,1,105.194,227.5542,197.1683,STRICT,YES,Chinese Lexical Database v2.1
气,qi4,4,115.3433,104.7929,107.4129,STRICT,YES,Chinese Lexical Database v2.1
楼,lou2,2,106.8657,104.7732,105.2928,STRICT,YES,Chinese Lexical Database v2.1
洗,xian3,3,104.3284,182.6824,163.2246,STRICT,YES,Chinese Lexical Database v2.1
遍,bian4,4,125.9104,103.925,109.3847,STRICT,YES,Chinese Lexical Database v2.1
挂,gua4,4,103.3731,121.4793,116.983,STRICT,YES,Chinese Lexical Database v2.1
喔,wo1,1,200.0,101.5187,125.9748,STRICT,YES,Chinese Lexical Database v2.1
神,shen2,2,112.7164,101.4201,104.2254,STRICT,YES,Chinese Lexical Database v2.1
门,men2,2,265.0448,101.1341,141.8384,STRICT,YES,Chinese Lexical Database v2.1
边,bian1,1,101.0448,306.9132,255.7895,STRICT,YES,Chinese Lexical Database v2.1
双,shuang1,1,101.0149,433.4122,350.8673,STRICT,YES,Chinese Lexical Database v2.1
超,chao1,1,99.3134,137.7712,128.2209,STRICT,YES,Chinese Lexical Database v2.1
满,man3,3,98.8358,131.7751,123.5953,STRICT,YES,Chinese Lexical Database v2.1
假,jia4,4,98.806,120.5523,115.152,STRICT,YES,Chinese Lexical Database v2.1
棒,bang4,4,544.8657,98.6095,209.4292,STRICT,YES,Chinese Lexical Database v2.1
弄,nong4,4,405.194,97.5542,173.9511,STRICT,YES,Chinese Lexical Database v2.1
收,shou1,1,96.6269,109.5168,106.3158,STRICT,YES,Chinese Lexical Database v2.1
道,dao4,4,112.1493,96.2229,100.1779,STRICT,YES,Chinese Lexical Database v2.1
街,jie1,1,96.0896,110.0986,106.6197,STRICT,YES,Chinese Lexical Database v2.1
乱,luan4,4,99.4627,95.0394,96.1379,STRICT,YES,Chinese Lexical Database v2.1
秒,miao3,3,94.7463,161.7653,145.1223,STRICT,YES,Chinese Lexical Database v2.1
座,zuo4,4,93.4925,156.0256,140.4967,STRICT,YES,Chinese Lexical Database v2.1
其,qi2,2,92.1493,193.8067,168.5619,STRICT,YES,Chinese Lexical Database v2.1
恨,hen4,4,91.8507,117.4063,111.06,STRICT,YES,Chinese Lexical Database v2.1
火,huo3,3,105.5522,91.4892,94.9815,STRICT,YES,Chinese Lexical Database v2.1
陪,pei2,2,91.3134,345.3649,282.2758,STRICT,YES,Chinese Lexical Database v2.1
米,mi3,3,90.5672,178.4024,156.5901,STRICT,YES,Chinese Lexical Database v2.1
阿,a1,1,90.4776,125.1479,116.5382,STRICT,YES,Chinese Lexical Database v2.1
热,re4,4,90.2985,168.5897,149.1475,STRICT,YES,Chinese Lexical Database v2.1
差,cha4,4,90.0299,195.7594,169.5033,STRICT,YES,Chinese Lexical Database v2.1
尽,jin4,4,88.9851,101.2623,98.2135,STRICT,YES,Chinese Lexical Database v2.1
怪,guai4,4,140.4478,88.5996,101.4752,STRICT,YES,Chinese Lexical Database v2.1
饿,e4,4,87.8507,192.8402,166.768,STRICT,YES,Chinese Lexical Database v2.1
红,hong2,2,87.5224,216.3215,184.3365,STRICT,YES,Chinese Lexical Database v2.1
病,bing4,4,113.2239,87.5148,93.8992,STRICT,YES,Chinese Lexical Database v2.1
追,zhui1,1,87.0448,90.4241,89.5849,STRICT,YES,Chinese Lexical Database v2.1
交,jiao1,1,107.8806,86.8935,92.1053,STRICT,YES,Chinese Lexical Database v2.1
输,shu1,1,93.6716,86.6963,88.4285,STRICT,YES,Chinese Lexical Database v2.1
群,qun2,2,86.6567,98.3432,95.4411,STRICT,YES,Chinese Lexical Database v2.1
因,yin1,1,86.5672,141.6272,127.954,STRICT,YES,Chinese Lexical Database v2.1
约,yue1,1,86.4776,117.8698,110.0741,STRICT,YES,Chinese Lexical Database v2.1
嘴,zui3,3,254.1194,86.2426,127.9318,STRICT,YES,Chinese Lexical Database v2.1
烧,shao1,1,85.5821,102.8402,98.5545,STRICT,YES,Chinese Lexical Database v2.1
读,du2,2,139.1343,85.1578,98.5619,STRICT,YES,Chinese Lexical Database v2.1
破,po4,4,85.3433,84.9408,85.0408,STRICT,YES,Chinese Lexical Database v2.1
夜,ye4,4,84.6866,673.4517,527.2424,STRICT,YES,Chinese Lexical Database v2.1
赶,gan3,3,86.3284,84.6154,85.0408,STRICT,YES,Chinese Lexical Database v2.1
愿,yuan4,4,81.7612,260.9073,216.4196,STRICT,YES,Chinese Lexical Database v2.1
近,jin4,4,81.1045,112.5641,104.7517,STRICT,YES,Chinese Lexical Database v2.1
光,guang1,1,112.806,80.3156,88.384,STRICT,YES,Chinese Lexical Database v2.1
白,bai2,2,80.1194,244.9704,204.0326,STRICT,YES,Chinese Lexical Database v2.1
逼,bi1,1,78.3881,182.8895,156.9385,STRICT,YES,Chinese Lexical Database v2.1
动,dong4,4,250.9254,77.7613,120.7635,STRICT,YES,Chinese Lexical Database v2.1
字,zi4,4,76.7761,224.9507,188.1542,STRICT,YES,Chinese Lexical Database v2.1
入,ru4,4,76.7164,77.2485,77.1164,STRICT,YES,Chinese Lexical Database v2.1
通,tong4,4,77.3134,76.6272,76.7976,STRICT,YES,Chinese Lexical Database v2.1
养,yang3,3,87.4328,75.9369,78.7917,STRICT,YES,Chinese Lexical Database v2.1
按,an4,4,112.0,75.7298,84.7368,STRICT,YES,Chinese Lexical Database v2.1
鱼,yu2,2,75.5821,215.7988,180.9785,STRICT,YES,Chinese Lexical Database v2.1
射,she4,4,75.5224,117.2682,106.9014,STRICT,YES,Chinese Lexical Database v2.1
醉,zui4,4,75.3433,157.8895,137.3907,STRICT,YES,Chinese Lexical Database v2.1
未,wei4,4,75.2239,311.0059,252.4537,STRICT,YES,Chinese Lexical Database v2.1
教,jiao4,4,153.0448,75.1677,94.507,STRICT,YES,Chinese Lexical Database v2.1
某,mou3,3,74.9851,306.7949,249.2291,STRICT,YES,Chinese Lexical Database v2.1
达,da2,2,74.4776,290.0888,236.5456,STRICT,YES,Chinese Lexical Database v2.1
鸡,ji1,1,87.4925,74.3886,77.6427,STRICT,YES,Chinese Lexical Database v2.1
疼,teng2,2,73.9403,168.2051,144.7961,STRICT,YES,Chinese Lexical Database v2.1
颗,ke1,1,73.4925,155.9961,135.5078,STRICT,YES,Chinese Lexical Database v2.1
肉,rou4,4,73.3134,165.0493,142.2683,STRICT,YES,Chinese Lexical Database v2.1
飞,fei1,1,116.2388,73.2544,83.9288,STRICT,YES,Chinese Lexical Database v2.1
金,jin1,1,73.1045,101.4497,94.4107,STRICT,YES,Chinese Lexical Database v2.1
城,cheng2,2,72.4776,86.9921,83.3877,STRICT,YES,Chinese Lexical Database v2.1
清,qing1,1,85.0149,72.3471,75.493,STRICT,YES,Chinese Lexical Database v2.1
房,fang2,2,72.1493,72.14,72.1423,STRICT,YES,Chinese Lexical Database v2.1
球,qiu2,2,212.5672,71.7751,106.7383,STRICT,YES,Chinese Lexical Database v2.1
底,di3,3,117.1642,71.6667,82.9652,STRICT,YES,Chinese Lexical Database v2.1
丢,diu1,1,122.0299,71.6174,84.1364,STRICT,YES,Chinese Lexical Database v2.1
跳,tiao4,4,253.6119,71.5582,116.768,STRICT,YES,Chinese Lexical Database v2.1
顿,dun4,4,71.1045,83.1953,80.1927,STRICT,YES,Chinese Lexical Database v2.1
便,bian4,4,71.0448,170.4142,145.7376,STRICT,YES,Chinese Lexical Database v2.1
累,lei4,4,70.8955,433.0572,343.1208,STRICT,YES,Chinese Lexical Database v2.1
抓,zhua1,1,251.6418,70.3649,115.3818,STRICT,YES,Chinese Lexical Database v2.1
慢,man4,4,86.1791,69.9606,73.9881,STRICT,YES,Chinese Lexical Database v2.1
冷,leng3,3,69.9403,389.2899,309.9852,STRICT,YES,Chinese Lexical Database v2.1
及,ji2,2,69.6418,178.9546,151.8087,STRICT,YES,Chinese Lexical Database v2.1
鞋,xie2,2,69.6119,73.7574,72.7279,STRICT,YES,Chinese Lexical Database v2.1
堆,dui1,1,69.4328,87.4556,82.98,STRICT,YES,Chinese Lexical Database v2.1
深,shen1,1,69.3731,147.9684,128.4507,STRICT,YES,Chinese Lexical Database v2.1
腿,tui3,3,111.8507,69.1026,79.7183,STRICT,YES,Chinese Lexical Database v2.1
者,zhe3,3,339.9104,68.787,136.1156,STRICT,YES,Chinese Lexical Database v2.1
短,duan3,3,68.7463,83.8659,80.1112,STRICT,YES,Chinese Lexical Database v2.1
力,li4,4,68.0,106.4694,96.9162,STRICT,YES,Chinese Lexical Database v2.1
帅,shuai4,4,67.7015,129.4379,114.1067,STRICT,YES,Chinese Lexical Database v2.1
管,guan3,3,259.6119,67.5641,115.2557,STRICT,YES,Chinese Lexical Database v2.1
星,xing1,1,67.1642,125.2564,110.8302,STRICT,YES,Chinese Lexical Database v2.1
断,duan4,4,67.0448,79.7337,76.5827,STRICT,YES,Chinese Lexical Database v2.1
船,chuan2,2,126.6567,67.0316,81.8384,STRICT,YES,Chinese Lexical Database v2.1
抱,bao4,4,66.8358,121.9034,108.2283,STRICT,YES,Chinese Lexical Database v2.1
照,zhao4,4,107.9701,66.7258,76.9681,STRICT,YES,Chinese Lexical Database v2.1
班,ban1,1,66.7164,137.5247,119.9407,STRICT,YES,Chinese Lexical Database v2.1
冲,chong1,1,114.9851,66.5483,78.5767,STRICT,YES,Chinese Lexical Database v2.1
抢,qiang3,3,66.5075,335.9172,269.0141,STRICT,YES,Chinese Lexical Database v2.1
克,ke4,4,123.2239,66.4497,80.5486,STRICT,YES,Chinese Lexical Database v2.1
躺,tang3,3,66.2687,96.075,88.6731,STRICT,YES,Chinese Lexical Database v2.1
山,shan1,1,66.0597,142.5937,123.5878,STRICT,YES,Chinese Lexical Database v2.1
替,ti4,4,116.597,65.8284,78.4359,STRICT,YES,Chinese Lexical Database v2.1
准,zhun3,3,66.5373,65.6016,65.834,STRICT,YES,Chinese Lexical Database v2.1
支,zhi1,1,99.1343,65.3846,73.7658,STRICT,YES,Chinese Lexical Database v2.1
痛,tong4,4,65.2537,176.3314,148.7472,STRICT,YES,Chinese Lexical Database v2.1
亲,qin1,1,65.0746,244.1321,199.6664,STRICT,YES,Chinese Lexical Database v2.1
马,ma3,3,202.8657,64.9408,99.192,STRICT,YES,Chinese Lexical Database v2.1
鸟,niao3,3,64.8358,107.5148,96.9162,STRICT,YES,Chinese Lexical Database v2.1
树,shu4,4,64.1791,130.355,113.9214,STRICT,YES,Chinese Lexical Database v2.1
组,zu3,3,108.1493,64.0828,75.0259,STRICT,YES,Chinese Lexical Database v2.1
吓,xia4,4,101.7313,63.7574,73.1875,STRICT,YES,Chinese Lexical Database v2.1
传,zhuan4,4,63.6716,107.6331,96.7161,STRICT,YES,Chinese Lexical Database v2.1
投,tou2,2,69.791,63.432,65.0111,STRICT,YES,Chinese Lexical Database v2.1
数,shu4,4,80.806,63.1558,67.5389,STRICT,YES,Chinese Lexical Database v2.1
辆,liang4,4,184.7761,62.9882,93.232,STRICT,YES,Chinese Lexical Database v2.1
呆,dai1,1,208.4478,62.9093,99.0511,STRICT,YES,Chinese Lexical Database v2.1
药,yao4,4,142.9254,62.8797,82.7576,STRICT,YES,Chinese Lexical Database v2.1
吵,chao3,3,62.6567,69.6252,67.8947,STRICT,YES,Chinese Lexical Database v2.1
刀,dao1,1,81.8209,62.4458,67.2572,STRICT,YES,Chinese Lexical Database v2.1
作,zuo4,4,134.3582,62.4162,80.2817,STRICT,YES,Chinese Lexical Database v2.1
八,ba1,1,62.3881,138.1854,119.3625,STRICT,YES,Chinese Lexical Database v2.1
指,zhi3,3,170.7164,62.0118,89.0067,STRICT,YES,Chinese Lexical Database v2.1
嗨,hai1,1,756.2687,61.9921,234.4033,STRICT,YES,Chinese Lexical Database v2.1
毛,mao2,2,61.7313,89.7436,82.7872,STRICT,YES,Chinese Lexical Database v2.1
抽,chou1,1,61.3134,308.1558,246.8569,STRICT,YES,Chinese Lexical Database v2.1
王,wang4,4,61.2537,180.6312,150.9859,STRICT,YES,Chinese Lexical Database v2.1
课,ke4,4,66.4478,61.1834,62.4907,STRICT,YES,Chinese Lexical Database v2.1
常,chang2,2,60.8955,130.9665,113.5656,STRICT,YES,Chinese Lexical Database v2.1
皮,pi2,2,64.8657,60.8876,61.8755,STRICT,YES,Chinese Lexical Database v2.1
度,du4,4,60.3881,209.0533,172.1349,STRICT,YES,Chinese Lexical Database v2.1
背,bei4,4,60.3881,93.6292,85.3744,STRICT,YES,Chinese Lexical Database v2.1
待,dai4,4,182.1791,60.3649,90.6153,STRICT,YES,Chinese Lexical Database v2.1
偷,tou1,1,164.209,60.217,86.0415,STRICT,YES,Chinese Lexical Database v2.1
排,pai2,2,60.1493,61.6864,61.3047,STRICT,YES,Chinese Lexical Database v2.1
猪,zhu1,1,60.0299,193.9645,160.7042,STRICT,YES,Chinese Lexical Database v2.1
往,wang3,3,181.5821,59.8817,90.1038,STRICT,YES,Chinese Lexical Database v2.1
牛,niu2,2,59.403,156.2229,132.1794,STRICT,YES,Chinese Lexical Database v2.1
瓶,ping2,2,59.3731,73.1065,69.6961,STRICT,YES,Chinese Lexical Database v2.1
吻,wen3,3,82.7761,59.2604,65.1001,STRICT,YES,Chinese Lexical Database v2.1
七,qi1,1,58.8657,285.5227,229.2365,STRICT,YES,Chinese Lexical Database v2.1
项,xiang4,4,64.0597,58.6292,59.9778,STRICT,YES,Chinese Lexical Database v2.1
菜,cai4,4,58.597,149.4675,126.9014,STRICT,YES,Chinese Lexical Database v2.1
改,gai3,3,58.5672,72.2485,68.851,STRICT,YES,Chinese Lexical Database v2.1
赚,zuan4,4,58.4776,97.4655,87.7835,STRICT,YES,Chinese Lexical Database v2.1
非,fei1,1,58.1493,166.9822,139.9555,STRICT,YES,Chinese Lexical Database v2.1
元,yuan2,2,58.0597,591.0256,458.6731,STRICT,YES,Chinese Lexical Database v2.1
卡,ka3,3,104.3582,57.9684,69.4885,STRICT,YES,Chinese Lexical Database v2.1
战,zhan4,4,57.791,122.4852,106.4196,STRICT,YES,Chinese Lexical Database v2.1
圈,quan1,1,64.7164,57.7219,59.4589,STRICT,YES,Chinese Lexical Database v2.1
戏,xi4,4,57.5821,90.2268,82.1201,STRICT,YES,Chinese Lexical Database v2.1
词,ci2,2,99.4328,57.5345,67.9392,STRICT,YES,Chinese Lexical Database v2.1
甜,tian2,2,131.3433,57.2387,75.6412,STRICT,YES,Chinese Lexical Database v2.1
爬,pa2,2,57.194,65.4931,63.4322,STRICT,YES,Chinese Lexical Database v2.1
吐,tu4,4,57.0448,77.071,72.0979,STRICT,YES,Chinese Lexical Database v2.1
配,pei4,4,56.9851,58.0178,57.7613,STRICT,YES,Chinese Lexical Database v2.1
骗,pian4,4,102.0597,56.7949,68.0356,STRICT,YES,Chinese Lexical Database v2.1
谈,tan2,2,347.8507,56.568,128.9029,STRICT,YES,Chinese Lexical Database v2.1
仍,reng2,2,56.2985,57.4458,57.1609,STRICT,YES,Chinese Lexical Database v2.1
聊,liao2,2,56.2388,77.6529,72.3351,STRICT,YES,Chinese Lexical Database v2.1
狂,kuang2,2,55.791,77.9882,72.4759,STRICT,YES,Chinese Lexical Database v2.1
随,sui2,2,59.7015,55.789,56.7606,STRICT,YES,Chinese Lexical Database v2.1
蛋,dan4,4,77.1343,55.7495,61.06,STRICT,YES,Chinese Lexical Database v2.1
定,ding4,4,261.5224,54.645,106.0193,STRICT,YES,Chinese Lexical Database v2.1
急,ji2,2,54.5075,59.931,58.5841,STRICT,YES,Chinese Lexical Database v2.1
风,feng1,1,54.4478,118.4911,102.5871,STRICT,YES,Chinese Lexical Database v2.1
秀,xiu4,4,71.3433,54.4379,58.636,STRICT,YES,Chinese Lexical Database v2.1
嗯,en1,1,1034.0,54.3491,297.6279,STRICT,YES,Chinese Lexical Database v2.1
低,di1,1,54.3284,136.9724,116.4492,STRICT,YES,Chinese Lexical Database v2.1
剩,sheng4,4,54.2985,56.3511,55.8414,STRICT,YES,Chinese Lexical Database v2.1
饭,fan4,4,54.1194,154.8915,129.8666,STRICT,YES,Chinese Lexical Database v2.1
丝,si1,1,56.4179,54.0927,54.6701,STRICT,YES,Chinese Lexical Database v2.1
烦,fan2,2,53.8507,175.8974,145.5893,STRICT,YES,Chinese Lexical Database v2.1
借,jie4,4,95.0746,53.8363,64.0771,STRICT,YES,Chinese Lexical Database v2.1
哥,ge1,1,53.6716,126.3905,108.3321,STRICT,YES,Chinese Lexical Database v2.1
钟,zhong1,1,74.2985,53.6588,58.7843,STRICT,YES,Chinese Lexical Database v2.1
类,lei4,4,53.5522,78.1755,72.0608,STRICT,YES,Chinese Lexical Database v2.1
特,te4,4,143.0448,53.3629,75.6338,STRICT,YES,Chinese Lexical Database v2.1
喂,wei4,4,336.8955,53.2939,123.7213,STRICT,YES,Chinese Lexical Database v2.1
左,zuo3,3,52.9254,182.7416,150.5041,STRICT,YES,Chinese Lexical Database v2.1
海,hai3,3,52.8955,74.7041,69.2884,STRICT,YES,Chinese Lexical Database v2.1
嫁,jia4,4,59.0746,52.6824,54.2698,STRICT,YES,Chinese Lexical Database v2.1
直,zhi2,2,52.597,126.2032,107.9244,STRICT,YES,Chinese Lexical Database v2.1
根,gen1,1,101.791,52.574,64.7961,STRICT,YES,Chinese Lexical Database v2.1
乐,yue4,4,52.1493,123.4024,105.7079,STRICT,YES,Chinese Lexical Database v2.1
单,dan1,1,70.4776,51.8047,56.4418,STRICT,YES,Chinese Lexical Database v2.1
西,xi1,1,77.791,51.7653,58.2283,STRICT,YES,Chinese Lexical Database v2.1
录,lu4,4,51.7015,105.6903,92.2832,STRICT,YES,Chinese Lexical Database v2.1
感,gan3,3,92.4776,51.6568,61.7939,STRICT,YES,Chinese Lexical Database v2.1
屎,shi3,3,53.3433,51.6469,52.0682,STRICT,YES,Chinese Lexical Database v2.1
关,guan1,1,179.0448,51.6174,83.2617,STRICT,YES,Chinese Lexical Database v2.1
具,ju4,4,51.4627,53.6292,53.0912,STRICT,YES,Chinese Lexical Database v2.1
子,zi5,5,118.5672,51.4103,68.0875,STRICT,YES,Chinese Lexical Database v2.1
层,ceng2,2,51.2239,62.0118,59.3328,STRICT,YES,Chinese Lexical Database v2.1
砸,za2,2,96.4776,51.1933,62.4388,STRICT,YES,Chinese Lexical Database v2.1
方,fang1,1,50.6866,54.1913,53.321,STRICT,YES,Chinese Lexical Database v2.1
区,qu1,1,95.4627,50.3846,61.5789,STRICT,YES,Chinese Lexical Database v2.1
炸,zha4,4,50.3582,51.43,51.1638,STRICT,YES,Chinese Lexical Database v2.1
搭,da1,1,50.1194,52.1006,51.6086,STRICT,YES,Chinese Lexical Database v2.1
翻,fan1,1,50.0299,104.6746,91.1045,STRICT,YES,Chinese Lexical Database v2.1
肯,ken3,3,65.5522,49.9704,53.8399,STRICT,YES,Chinese Lexical Database v2.1
理,li3,3,51.6119,49.931,50.3484,STRICT,YES,Chinese Lexical Database v2.1
原,yuan2,2,49.6119,99.9408,87.4426,STRICT,YES,Chinese Lexical Database v2.1
混,hun4,4,103.9403,49.5168,63.0319,STRICT,YES,Chinese Lexical Database v2.1
轮,lun2,2,78.1791,49.428,56.5678,STRICT,YES,Chinese Lexical Database v2.1
操,cao1,1,112.6866,49.0927,64.8851,STRICT,YES,Chinese Lexical Database v2.1
灯,deng1,1,49.0448,72.6627,66.7976,STRICT,YES,Chinese Lexical Database v2.1
象,xiang4,4,149.5821,48.8363,73.8547,STRICT,YES,Chinese Lexical Database v2.1
仅,jin3,3,48.6269,80.572,72.639,STRICT,YES,Chinese Lexical Database v2.1
封,feng1,1,76.3582,48.2249,55.2113,STRICT,YES,Chinese Lexical Database v2.1
吹,chui1,1,55.0746,48.146,49.8666,STRICT,YES,Chinese Lexical Database v2.1
蓝,lan2,2,48.0597,48.2939,48.2357,STRICT,YES,Chinese Lexical Database v2.1
墙,qiang2,2,50.3582,47.6726,48.3395,STRICT,YES,Chinese Lexical Database v2.1
主,zhu3,3,90.4478,47.5444,58.1987,STRICT,YES,Chinese Lexical Database v2.1
至,zhi4,4,47.403,184.5562,150.4967,STRICT,YES,Chinese Lexical Database v2.1
空,kong1,1,66.9254,47.3767,52.2313,STRICT,YES,Chinese Lexical Database v2.1
奖,jiang3,3,47.2537,257.0513,204.9518,STRICT,YES,Chinese Lexical Database v2.1
冰,bing1,1,47.2239,48.7475,48.3692,STRICT,YES,Chinese Lexical Database v2.1
若,ruo4,4,47.0149,159.1321,131.2898,STRICT,YES,Chinese Lexical Database v2.1
则,ze2,2,46.8657,118.8462,100.9711,STRICT,YES,Chinese Lexical Database v2.1
藏,cang2,2,117.403,46.8442,64.3662,STRICT,YES,Chinese Lexical Database v2.1
应,ying4,4,46.597,88.0473,77.7539,STRICT,YES,Chinese Lexical Database v2.1
滚,gun3,3,119.1642,46.5582,64.5886,STRICT,YES,Chinese Lexical Database v2.1
命,ming4,4,121.194,46.3905,64.9666,STRICT,YES,Chinese Lexical Database v2.1
何,he2,2,46.3284,60.0986,56.679,STRICT,YES,Chinese Lexical Database v2.1
电,dian4,4,46.2985,56.5976,54.04,STRICT,YES,Chinese Lexical Database v2.1
千,qian1,1,46.1493,169.8817,139.1549,STRICT,YES,Chinese Lexical Database v2.1
提,ti2,2,157.7015,46.0848,73.8028,STRICT,YES,Chinese Lexical Database v2.1
烂,lan4,4,79.8806,45.9566,54.381,STRICT,YES,Chinese Lexical Database v2.1
笔,bi3,3,98.9552,45.789,58.9918,STRICT,YES,Chinese Lexical Database v2.1
旧,jiu4,4,45.6716,53.1164,51.2676,STRICT,YES,Chinese Lexical Database v2.1
糖,tang2,2,45.6716,47.9783,47.4055,STRICT,YES,Chinese Lexical Database v2.1
查,cha2,2,212.5672,45.641,87.0941,STRICT,YES,Chinese Lexical Database v2.1
般,ban1,1,45.5522,70.6213,64.3958,STRICT,YES,Chinese Lexical Database v2.1
臭,chou4,4,74.597,45.217,52.513,STRICT,YES,Chinese Lexical Database v2.1
困,kun4,4,44.9552,168.0276,137.4648,STRICT,YES,Chinese Lexical Database v2.1
乔,qiao2,2,44.7164,80.2071,71.3936,STRICT,YES,Chinese Lexical Database v2.1
脑,nao3,3,54.0896,44.645,46.9904,STRICT,YES,Chinese Lexical Database v2.1
货,huo4,4,44.3582,123.7771,104.0549,STRICT,YES,Chinese Lexical Database v2.1
辣,la4,4,50.4179,44.1223,45.6857,STRICT,YES,Chinese Lexical Database v2.1
油,you2,2,44.1194,80.8383,71.7198,STRICT,YES,Chinese Lexical Database v2.1
熊,xiong2,2,43.8806,48.3432,47.235,STRICT,YES,Chinese Lexical Database v2.1
值,zhi2,2,43.8507,55.5227,52.6242,STRICT,YES,Chinese Lexical Database v2.1
倍,bei4,4,43.8209,48.9941,47.7094,STRICT,YES,Chinese Lexical Database v2.1
共,gong4,4,43.5821,91.499,79.5997,STRICT,YES,Chinese Lexical Database v2.1
切,qie4,4,50.3881,43.3333,45.0852,STRICT,YES,Chinese Lexical Database v2.1
炒,chao3,3,43.2537,54.3688,51.6086,STRICT,YES,Chinese Lexical Database v2.1
刺,ci4,4,43.2537,51.2525,49.2661,STRICT,YES,Chinese Lexical Database v2.1
害,hai4,4,55.0149,43.2347,46.1601,STRICT,YES,Chinese Lexical Database v2.1
今,jin1,1,43.1642,56.1144,52.8984,STRICT,YES,Chinese Lexical Database v2.1
紧,jin3,3,68.4478,42.9783,49.3032,STRICT,YES,Chinese Lexical Database v2.1
落,luo4,4,51.7313,42.8994,45.0927,STRICT,YES,Chinese Lexical Database v2.1
躲,duo3,3,78.5672,42.7909,51.6753,STRICT,YES,Chinese Lexical Database v2.1
纸,zhi3,3,42.5075,55.3156,52.1349,STRICT,YES,Chinese Lexical Database v2.1
称,chen4,4,42.4776,86.5385,75.5967,STRICT,YES,Chinese Lexical Database v2.1
骑,qi2,2,42.4776,45.1677,44.4996,STRICT,YES,Chinese Lexical Database v2.1
据,ju4,4,42.3284,61.4892,56.7309,STRICT,YES,Chinese Lexical Database v2.1
极,ji2,2,42.0299,105.6706,89.8666,STRICT,YES,Chinese Lexical Database v2.1
表,biao3,3,45.1642,42.002,42.7872,STRICT,YES,Chinese Lexical Database v2.1
响,xiang3,3,41.9403,58.1164,54.0993,STRICT,YES,Chinese Lexical Database v2.1
控,kong4,4,45.4328,41.9132,42.7872,STRICT,YES,Chinese Lexical Database v2.1
屋,wu1,1,41.8209,75.9172,67.45,STRICT,YES,Chinese Lexical Database v2.1
省,sheng3,3,41.8209,57.4359,53.5582,STRICT,YES,Chinese Lexical Database v2.1
赛,sai4,4,63.8507,41.8047,47.2795,STRICT,YES,Chinese Lexical Database v2.1
顶,ding3,3,41.791,121.1341,101.4307,STRICT,YES,Chinese Lexical Database v2.1
撒,sa3,3,41.6418,46.5385,45.3225,STRICT,YES,Chinese Lexical Database v2.1
喊,han3,3,41.5522,75.5325,67.0941,STRICT,YES,Chinese Lexical Database v2.1
各,ge4,4,41.5224,571.3018,439.7405,STRICT,YES,Chinese Lexical Database v2.1
耍,shua3,3,54.4478,41.4694,44.6924,STRICT,YES,Chinese Lexical Database v2.1
绝,jue2,2,40.9552,108.3728,91.6308,STRICT,YES,Chinese Lexical Database v2.1
归,gui1,1,40.9552,81.2623,71.2528,STRICT,YES,Chinese Lexical Database v2.1
节,jie2,2,60.2687,40.7199,45.5745,STRICT,YES,Chinese Lexical Database v2.1
挑,tiao3,3,50.4179,40.4931,42.9577,STRICT,YES,Chinese Lexical Database v2.1
东,dong1,1,40.209,42.2387,41.7346,STRICT,YES,Chinese Lexical Database v2.1
流,liu2,2,50.2388,40.0197,42.5574,STRICT,YES,Chinese Lexical Database v2.1
塞,sai1,1,50.9851,39.5957,42.424,STRICT,YES,Chinese Lexical Database v2.1
怎,zen3,3,39.4328,53.1065,49.7109,STRICT,YES,Chinese Lexical Database v2.1
烟,yin1,1,41.5522,39.3294,39.8814,STRICT,YES,Chinese Lexical Database v2.1
代,dai4,4,39.2836,64.9901,58.6064,STRICT,YES,Chinese Lexical Database v2.1
凭,ping2,2,39.194,55.355,51.3417,STRICT,YES,Chinese Lexical Database v2.1
雨,yu4,4,39.1642,197.5937,158.2506,STRICT,YES,Chinese Lexical Database v2.1
相,xiang4,4,50.0896,38.4714,41.3566,STRICT,YES,Chinese Lexical Database v2.1
犯,fan4,4,123.7313,38.4024,59.5923,STRICT,YES,Chinese Lexical Database v2.1
修,xiu2,2,54.9851,38.2643,42.4166,STRICT,YES,Chinese Lexical Database v2.1
篇,pian1,1,38.1194,138.3037,113.4248,STRICT,YES,Chinese Lexical Database v2.1
念,nian4,4,37.7313,97.8107,82.891,STRICT,YES,Chinese Lexical Database v2.1
招,zhao1,1,50.3881,37.6529,40.8154,STRICT,YES,Chinese Lexical Database v2.1
惹,re3,3,61.5522,37.4359,43.4248,STRICT,YES,Chinese Lexical Database v2.1
趟,tang4,4,45.3433,37.3669,39.3477,STRICT,YES,Chinese Lexical Database v2.1
茶,cha2,2,37.1642,223.7179,177.3907,STRICT,YES,Chinese Lexical Database v2.1
退,tui4,4,47.5522,37.0217,39.6368,STRICT,YES,Chinese Lexical Database v2.1
灵,ling2,2,45.5522,36.9231,39.066,STRICT,YES,Chinese Lexical Database v2.1
九,jiu3,3,36.8358,84.6351,72.765,STRICT,YES,Chinese Lexical Database v2.1
龙,long2,2,36.7761,122.3274,101.0823,STRICT,YES,Chinese Lexical Database v2.1
埋,mai2,2,36.7463,40.9467,39.9036,STRICT,YES,Chinese Lexical Database v2.1
救,jiu4,4,241.6418,36.4793,87.4277,STRICT,YES,Chinese Lexical Database v2.1
娘,niang2,2,55.9403,36.4596,41.2973,STRICT,YES,Chinese Lexical Database v2.1
闹,nao4,4,36.3881,75.9961,66.1601,STRICT,YES,Chinese Lexical Database v2.1
露,lu4,4,36.2985,42.1105,40.6672,STRICT,YES,Chinese Lexical Database v2.1
摸,mo1,1,36.2687,41.2623,40.0222,STRICT,YES,Chinese Lexical Database v2.1
烤,kao3,3,49.7313,36.1637,39.533,STRICT,YES,Chinese Lexical Database v2.1
波,bo1,1,36.1194,62.2584,55.7672,STRICT,YES,Chinese Lexical Database v2.1
盖,gai4,4,36.6269,36.1144,36.2417,STRICT,YES,Chinese Lexical Database v2.1
样,yang4,4,70.0,35.9961,44.4403,STRICT,YES,Chinese Lexical Database v2.1
狼,lang2,2,35.8806,82.643,71.0304,STRICT,YES,Chinese Lexical Database v2.1
插,cha1,1,35.7612,36.3215,36.1824,STRICT,YES,Chinese Lexical Database v2.1
运,yun4,4,35.7015,54.5858,49.8962,STRICT,YES,Chinese Lexical Database v2.1
明,ming2,2,35.6418,57.6331,52.172,STRICT,YES,Chinese Lexical Database v2.1
副,fu4,4,82.806,35.3649,47.146,STRICT,YES,Chinese Lexical Database v2.1
反,fan3,3,51.6716,35.3254,39.3847,STRICT,YES,Chinese Lexical Database v2.1
味,wei4,4,35.194,43.8757,41.7198,STRICT,YES,Chinese Lexical Database v2.1
报,bao4,4,47.8507,35.1677,38.3173,STRICT,YES,Chinese Lexical Database v2.1
需,xu1,1,35.1343,80.6903,69.3773,STRICT,YES,Chinese Lexical Database v2.1
拜,bai4,4,34.8955,105.4734,87.9466,STRICT,YES,Chinese Lexical Database v2.1
透,tou4,4,68.3582,34.783,43.1208,STRICT,YES,Chinese Lexical Database v2.1
亮,liang4,4,34.7761,130.6607,106.8495,STRICT,YES,Chinese Lexical Database v2.1
碎,sui4,4,34.7164,70.1183,61.3269,STRICT,YES,Chinese Lexical Database v2.1
盘,pan2,2,34.7164,58.3432,52.4759,STRICT,YES,Chinese Lexical Database v2.1
图,tu2,2,34.6269,238.1065,187.576,STRICT,YES,Chinese Lexical Database v2.1
订,ding4,4,34.5075,37.002,36.3825,STRICT,YES,Chinese Lexical Database v2.1
摆,bai3,3,49.9701,34.4083,38.2728,STRICT,YES,Chinese Lexical Database v2.1
舞,wu3,3,221.4925,34.3984,80.8599,STRICT,YES,Chinese Lexical Database v2.1
角,jiao3,3,40.4478,34.2604,35.7969,STRICT,YES,Chinese Lexical Database v2.1
演,yan3,3,83.7313,33.8363,46.2268,STRICT,YES,Chinese Lexical Database v2.1
摔,shuai1,1,41.2537,33.8264,35.6709,STRICT,YES,Chinese Lexical Database v2.1
觉,jue2,2,33.5821,155.7199,125.3892,STRICT,YES,Chinese Lexical Database v2.1
拼,pin1,1,37.2836,33.3629,34.3365,STRICT,YES,Chinese Lexical Database v2.1
页,ye4,4,33.2537,55.8876,50.2669,STRICT,YES,Chinese Lexical Database v2.1
岛,dao3,3,88.0597,33.1164,46.7606,STRICT,YES,Chinese Lexical Database v2.1
泡,pao4,4,32.9254,76.1243,65.3966,STRICT,YES,Chinese Lexical Database v2.1
硬,ying4,4,32.8358,40.9566,38.94,STRICT,YES,Chinese Lexical Database v2.1
朝,zhao1,1,72.7164,32.7416,42.6686,STRICT,YES,Chinese Lexical Database v2.1
南,nan2,2,32.6567,70.4142,61.0378,STRICT,YES,Chinese Lexical Database v2.1
枪,qiang1,1,353.7313,32.6036,112.3499,STRICT,YES,Chinese Lexical Database v2.1
咬,yao3,3,68.7761,32.574,41.5641,STRICT,YES,Chinese Lexical Database v2.1
娶,qu3,3,32.5672,98.0671,81.8013,STRICT,YES,Chinese Lexical Database v2.1
文,wen2,2,32.5373,57.0414,50.9563,STRICT,YES,Chinese Lexical Database v2.1
期,qi1,1,32.4478,128.6292,104.7443,STRICT,YES,Chinese Lexical Database v2.1
贴,tie1,1,32.4179,90.7199,76.2417,STRICT,YES,Chinese Lexical Database v2.1
轻,qing1,1,36.8955,32.2682,33.4173,STRICT,YES,Chinese Lexical Database v2.1
木,mu4,4,32.1493,805.7791,613.662,STRICT,YES,Chinese Lexical Database v2.1
团,tuan2,2,32.1194,45.2564,41.9941,STRICT,YES,Chinese Lexical Database v2.1
练,lian4,4,32.0896,35.5227,34.6701,STRICT,YES,Chinese Lexical Database v2.1
雷,lei2,2,85.7612,31.8245,45.2187,STRICT,YES,Chinese Lexical Database v2.1
市,shi4,4,39.9403,31.8146,33.8325,STRICT,YES,Chinese Lexical Database v2.1
撞,zhuang4,4,95.1045,31.7258,47.4648,STRICT,YES,Chinese Lexical Database v2.1
经,jing1,1,31.4328,74.5069,63.8102,STRICT,YES,Chinese Lexical Database v2.1
案,an4,4,101.8507,31.43,48.9177,STRICT,YES,Chinese Lexical Database v2.1
惨,can3,3,31.403,100.5227,83.358,STRICT,YES,Chinese Lexical Database v2.1
笨,ben4,4,41.7612,31.4004,33.9733,STRICT,YES,Chinese Lexical Database v2.1
合,he2,2,42.5672,31.2919,34.0919,STRICT,YES,Chinese Lexical Database v2.1
剑,jian4,4,31.2537,111.8146,91.8087,STRICT,YES,Chinese Lexical Database v2.1
言,yan2,2,31.1642,69.9901,60.3484,STRICT,YES,Chinese Lexical Database v2.1
踩,cai3,3,31.1642,39.8817,37.7168,STRICT,YES,Chinese Lexical Database v2.1
忍,ren3,3,31.1343,111.3116,91.401,STRICT,YES,Chinese Lexical Database v2.1
推,tui1,1,67.1343,30.8974,39.8962,STRICT,YES,Chinese Lexical Database v2.1
剪,jian3,3,30.8657,74.9507,64.003,STRICT,YES,Chinese Lexical Database v2.1
冒,mao4,4,47.4627,30.8284,34.9592,STRICT,YES,Chinese Lexical Database v2.1
架,jia4,4,66.6866,30.6903,39.6294,STRICT,YES,Chinese Lexical Database v2.1
爆,bao4,4,30.5672,51.5582,46.3454,STRICT,YES,Chinese Lexical Database v2.1
乖,guai1,1,30.5075,45.572,41.831,STRICT,YES,Chinese Lexical Database v2.1
科,ke1,1,37.8806,30.4241,32.2758,STRICT,YES,Chinese Lexical Database v2.1
压,ya4,4,49.7612,30.2564,35.1001,STRICT,YES,Chinese Lexical Database v2.1
北,bei3,3,30.1791,53.6588,47.828,STRICT,YES,Chinese Lexical Database v2.1
系,xi4,4,30.1493,460.7298,353.8028,STRICT,YES,Chinese Lexical Database v2.1
汤,tang1,1,30.0597,70.9467,60.7932,STRICT,YES,Chinese Lexical Database v2.1
拖,tuo1,1,55.4328,30.0,36.3158,STRICT,YES,Chinese Lexical Database v2.1
哎,ai1,1,29.9403,208.1657,163.9066,STRICT,YES,Chinese Lexical Database v2.1
欠,qian4,4,78.2985,29.8422,41.8755,STRICT,YES,Chinese Lexical Database v2.1
游,you2,2,29.8209,52.7318,47.0423,STRICT,YES,Chinese Lexical Database v2.1
级,ji2,2,29.6418,289.6154,225.0556,STRICT,YES,Chinese Lexical Database v2.1
食,shi2,2,29.4925,126.2426,102.2165,STRICT,YES,Chinese Lexical Database v2.1
服,fu2,2,30.1493,29.3886,29.5775,STRICT,YES,Chinese Lexical Database v2.1
存,cun2,2,29.3134,30.7988,30.4299,STRICT,YES,Chinese Lexical Database v2.1
百,bai3,3,29.2836,129.2209,104.4033,STRICT,YES,Chinese Lexical Database v2.1
香,xiang1,1,29.2836,74.7337,63.447,STRICT,YES,Chinese Lexical Database v2.1
结,jie2,2,48.5672,29.2406,34.04,STRICT,YES,Chinese Lexical Database v2.1
黄,huang2,2,29.2239,43.7179,40.1186,STRICT,YES,Chinese Lexical Database v2.1
河,he2,2,33.8806,29.0533,30.252,STRICT,YES,Chinese Lexical Database v2.1
雪,xue3,3,28.8955,180.6114,142.9355,STRICT,YES,Chinese Lexical Database v2.1
利,li4,4,62.4478,28.7179,37.0941,STRICT,YES,Chinese Lexical Database v2.1
贵,gui4,4,28.6269,71.8836,61.1416,STRICT,YES,Chinese Lexical Database v2.1
安,an1,1,51.8507,28.4615,34.2698,STRICT,YES,Chinese Lexical Database v2.1
肥,fei2,2,28.4179,49.8126,44.4996,STRICT,YES,Chinese Lexical Database v2.1
版,ban3,3,28.3582,1075.6903,815.6042,STRICT,YES,Chinese Lexical Database v2.1
曲,qu3,3,28.2985,33.2544,32.0237,STRICT,YES,Chinese Lexical Database v2.1
胸,xiong1,1,30.7761,28.2347,28.8658,STRICT,YES,Chinese Lexical Database v2.1
弹,tan2,2,60.6866,28.0966,36.1898,STRICT,YES,Chinese Lexical Database v2.1
既,ji4,4,28.0896,187.8402,148.169,STRICT,YES,Chinese Lexical Database v2.1
铁,tie3,3,28.0896,46.3412,41.8087,STRICT,YES,Chinese Lexical Database v2.1
盒,he2,2,29.9701,28.0473,28.5248,STRICT,YES,Chinese Lexical Database v2.1
姓,xing4,4,29.8209,27.9191,28.3914,STRICT,YES,Chinese Lexical Database v2.1
领,ling3,3,27.8507,45.0888,40.808,STRICT,YES,Chinese Lexical Database v2.1
扔,reng1,1,123.7313,27.8205,51.6383,STRICT,YES,Chinese Lexical Database v2.1
镇,zhen4,4,47.3433,27.7416,32.6093,STRICT,YES,Chinese Lexical Database v2.1
牙,ya2,2,36.4478,27.643,29.8295,STRICT,YES,Chinese Lexical Database v2.1
聚,ju4,4,27.6418,76.4004,64.2921,STRICT,YES,Chinese Lexical Database v2.1
撑,cheng1,1,27.5821,51.144,45.2928,STRICT,YES,Chinese Lexical Database v2.1
湿,shi1,1,27.5821,28.6884,28.4136,STRICT,YES,Chinese Lexical Database v2.1
虫,chong2,2,27.4328,28.4911,28.2283,STRICT,YES,Chinese Lexical Database v2.1
任,ren4,4,27.3731,52.3373,46.1379,STRICT,YES,Chinese Lexical Database v2.1
右,you4,4,51.8806,27.2288,33.3506,STRICT,YES,Chinese Lexical Database v2.1
守,shou3,3,37.5522,27.1992,29.7702,STRICT,YES,Chinese Lexical Database v2.1
谢,xie4,4,87.0149,27.1893,42.046,STRICT,YES,Chinese Lexical Database v2.1
碰,peng4,4,121.0448,27.1302,50.4522,STRICT,YES,Chinese Lexical Database v2.1
挡,dang3,3,27.1045,74.3886,62.6464,STRICT,YES,Chinese Lexical Database v2.1
即,ji2,2,27.0448,169.9507,134.4626,STRICT,YES,Chinese Lexical Database v2.1
牌,pai2,2,62.4179,27.0217,35.8117,STRICT,YES,Chinese Lexical Database v2.1
国,guo2,2,26.9851,1136.2919,860.8154,STRICT,YES,Chinese Lexical Database v2.1
解,jie3,3,36.4478,26.9329,29.2958,STRICT,YES,Chinese Lexical Database v2.1
物,wu4,4,44.6269,26.8639,31.275,STRICT,YES,Chinese Lexical Database v2.1
胜,sheng4,4,35.2836,26.8146,28.9177,STRICT,YES,Chinese Lexical Database v2.1
批,pi1,1,26.806,28.1657,27.828,STRICT,YES,Chinese Lexical Database v2.1
挤,ji3,3,26.7761,51.2327,45.1594,STRICT,YES,Chinese Lexical Database v2.1
爽,shuang3,3,64.8358,26.7554,36.212,STRICT,YES,Chinese Lexical Database v2.1
熟,shu2,2,26.597,48.5996,43.1357,STRICT,YES,Chinese Lexical Database v2.1
升,sheng1,1,26.3881,62.7318,53.7064,STRICT,YES,Chinese Lexical Database v2.1
酷,ku4,4,128.0299,26.3511,51.6012,STRICT,YES,Chinese Lexical Database v2.1
卷,juan4,4,43.7015,26.2722,30.6004,STRICT,YES,Chinese Lexical Database v2.1
丑,chou3,3,26.0896,64.5464,54.9963,STRICT,YES,Chinese Lexical Database v2.1
掌,zhang3,3,25.8209,39.1124,35.8117,STRICT,YES,Chinese Lexical Database v2.1
初,chu1,1,25.7612,250.2071,194.47,STRICT,YES,Chinese Lexical Database v2.1
滴,di1,1,25.7015,198.4024,155.5152,STRICT,YES,Chinese Lexical Database v2.1
客,ke4,4,29.7612,25.5523,26.5975,STRICT,YES,Chinese Lexical Database v2.1
租,zu1,1,38.2687,25.5325,28.6953,STRICT,YES,Chinese Lexical Database v2.1
礼,li3,3,25.4925,130.2564,104.2402,STRICT,YES,Chinese Lexical Database v2.1
扣,kou4,4,29.4925,25.3846,26.4047,STRICT,YES,Chinese Lexical Database v2.1
色,se4,4,25.1642,33.9941,31.8013,STRICT,YES,Chinese Lexical Database v2.1
桥,qiao2,2,32.0597,25.0986,26.8273,STRICT,YES,Chinese Lexical Database v2.1
诗,shi1,1,25.0448,81.2327,67.2795,STRICT,YES,Chinese Lexical Database v2.1
李,li3,3,25.0149,32.0907,30.3336,STRICT,YES,Chinese Lexical Database v2.1
蛇,she2,2,30.5373,25.0,26.3751,STRICT,YES,Chinese Lexical Database v2.1
斗,dou4,4,24.9851,56.8047,48.9029,STRICT,YES,Chinese Lexical Database v2.1
占,zhan4,4,24.9552,36.7061,33.788,STRICT,YES,Chinese Lexical Database v2.1
签,qian1,1,73.7015,24.9507,37.0571,STRICT,YES,Chinese Lexical Database v2.1
取,qu3,3,69.3134,24.9507,35.9674,STRICT,YES,Chinese Lexical Database v2.1
唉,ai1,1,24.8358,179.9211,141.4085,STRICT,YES,Chinese Lexical Database v2.1
型,xing2,2,47.8806,24.7436,30.4893,STRICT,YES,Chinese Lexical Database v2.1
饼,bing3,3,46.597,24.6943,30.1334,STRICT,YES,Chinese Lexical Database v2.1
野,ye3,3,24.6866,72.5049,60.6301,STRICT,YES,Chinese Lexical Database v2.1
咯,ge1,1,38.6567,24.6647,28.1394,STRICT,YES,Chinese Lexical Database v2.1
湖,hu2,2,24.6567,36.6174,33.6471,STRICT,YES,Chinese Lexical Database v2.1
网,wang3,3,24.4478,129.6055,103.4915,STRICT,YES,Chinese Lexical Database v2.1
派,pai4,4,179.1343,24.3787,62.8095,STRICT,YES,Chinese Lexical Database v2.1
考,kao3,3,24.3284,87.8304,72.0608,STRICT,YES,Chinese Lexical Database v2.1
碗,wan3,3,24.3284,77.6726,64.4255,STRICT,YES,Chinese Lexical Database v2.1
莫,mo4,4,24.2687,30.9467,29.2884,STRICT,YES,Chinese Lexical Database v2.1
林,lin2,2,37.403,24.2308,27.5019,STRICT,YES,Chinese Lexical Database v2.1
德,de2,2,75.1045,24.1716,36.8199,STRICT,YES,Chinese Lexical Database v2.1
欧,ou1,1,24.0597,45.6312,40.2743,STRICT,YES,Chinese Lexical Database v2.1
瞧,qiao2,2,138.3284,24.0533,52.4314,STRICT,YES,Chinese Lexical Database v2.1
法,fa3,3,149.1642,23.7081,54.8629,STRICT,YES,Chinese Lexical Database v2.1
恶,e4,4,23.5224,42.7909,38.0059,STRICT,YES,Chinese Lexical Database v2.1
旁,pang2,2,23.5224,36.9625,33.6249,STRICT,YES,Chinese Lexical Database v2.1
体,ti3,3,35.0746,23.4911,26.3677,STRICT,YES,Chinese Lexical Database v2.1
擦,ca1,1,43.7313,23.4615,28.4952,STRICT,YES,Chinese Lexical Database v2.1
闻,wen2,2,69.7612,23.3925,34.9073,STRICT,YES,Chinese Lexical Database v2.1
宝,bao3,3,23.3134,71.6864,59.6738,STRICT,YES,Chinese Lexical Database v2.1
苦,ku3,3,22.806,144.9901,114.6479,STRICT,YES,Chinese Lexical Database v2.1
枚,mei2,2,22.7463,75.6805,62.5352,STRICT,YES,Chinese Lexical Database v2.1
剧,ju4,4,29.0149,22.7416,24.2995,STRICT,YES,Chinese Lexical Database v2.1
涂,tu2,2,22.6567,28.1164,26.7606,STRICT,YES,Chinese Lexical Database v2.1
罗,luo2,2,54.4179,22.6529,30.5411,STRICT,YES,Chinese Lexical Database v2.1
趁,chen4,4,22.5672,31.1144,28.9918,STRICT,YES,Chinese Lexical Database v2.1
刮,gua1,1,22.3881,38.3728,34.4033,STRICT,YES,Chinese Lexical Database v2.1
绿,lv4,4,22.3582,62.288,52.3721,STRICT,YES,Chinese Lexical Database v2.1
音,yin1,1,23.8507,22.357,22.7279,STRICT,YES,Chinese Lexical Database v2.1
煮,zhu3,3,22.2687,78.2939,64.381,STRICT,YES,Chinese Lexical Database v2.1
毁,hui3,3,114.5075,22.2091,45.1297,STRICT,YES,Chinese Lexical Database v2.1
缺,que1,1,22.209,56.6272,48.0801,STRICT,YES,Chinese Lexical Database v2.1
遭,zao1,1,22.1791,91.5483,74.3217,STRICT,YES,Chinese Lexical Database v2.1
草,cao3,3,22.1791,51.4596,44.1883,STRICT,YES,Chinese Lexical Database v2.1
世,shi4,4,22.1791,38.6884,34.5886,STRICT,YES,Chinese Lexical Database v2.1
挖,wa1,1,51.2239,22.1499,29.3699,STRICT,YES,Chinese Lexical Database v2.1
瞎,xia1,1,30.1194,22.1203,24.1067,STRICT,YES,Chinese Lexical Database v2.1
答,da2,2,22.0299,42.4162,37.3536,STRICT,YES,Chinese Lexical Database v2.1
赌,du3,3,57.194,21.9329,30.6894,STRICT,YES,Chinese Lexical Database v2.1
骂,ma4,4,21.9104,107.2682,86.0712,STRICT,YES,Chinese Lexical Database v2.1
么,me5,5,1167.7612,21.7357,306.3306,STRICT,YES,Chinese Lexical Database v2.1
码,ma3,3,31.9701,21.5878,24.166,STRICT,YES,Chinese Lexical Database v2.1
古,gu3,3,21.5821,81.5779,66.679,STRICT,YES,Chinese Lexical Database v2.1
播,bo1,1,21.403,37.9586,33.8473,STRICT,YES,Chinese Lexical Database v2.1
圆,yuan2,2,21.3731,36.3905,32.6612,STRICT,YES,Chinese Lexical Database v2.1
踢,ti1,1,67.6418,21.3018,32.8095,STRICT,YES,Chinese Lexical Database v2.1
顺,shun4,4,21.1642,36.0552,32.3573,STRICT,YES,Chinese Lexical Database v2.1
散,san4,4,21.1642,25.0888,24.1142,STRICT,YES,Chinese Lexical Database v2.1
劲,jing4,4,23.5224,21.1243,21.7198,STRICT,YES,Chinese Lexical Database v2.1
负,fu4,4,24.3284,21.0947,21.8977,STRICT,YES,Chinese Lexical Database v2.1
怀,huai2,2,21.0746,24.6252,23.7435,STRICT,YES,Chinese Lexical Database v2.1
幅,fu2,2,31.2537,21.0256,23.5656,STRICT,YES,Chinese Lexical Database v2.1
喜,xi3,3,20.9851,151.4004,119.0141,STRICT,YES,Chinese Lexical Database v2.1
现,xian4,4,20.9552,60.927,51.0007,STRICT,YES,Chinese Lexical Database v2.1
逗,dou4,4,20.9552,22.6923,22.2609,STRICT,YES,Chinese Lexical Database v2.1
齐,qi2,2,21.7015,20.8481,21.06,STRICT,YES,Chinese Lexical Database v2.1
善,shan4,4,20.8358,23.3629,22.7354,STRICT,YES,Chinese Lexical Database v2.1
羊,yang2,2,20.806,146.0158,114.9222,STRICT,YES,Chinese Lexical Database v2.1
箱,xiang1,1,35.2836,20.789,24.3884,STRICT,YES,Chinese Lexical Database v2.1
蛮,man2,2,20.7463,44.7732,38.8065,STRICT,YES,Chinese Lexical Database v2.1
摇,yao2,2,20.6866,29.9112,27.6205,STRICT,YES,Chinese Lexical Database v2.1
熬,ao2,2,20.6567,58.3728,49.0067,STRICT,YES,Chinese Lexical Database v2.1
嘿,hei1,1,1229.1045,20.503,320.6375,STRICT,YES,Chinese Lexical Database v2.1
许,xu3,3,32.597,20.4734,23.4841,STRICT,YES,Chinese Lexical Database v2.1
遇,yu4,4,20.3881,80.6213,65.6635,STRICT,YES,Chinese Lexical Database v2.1
瘦,shou4,4,20.3582,77.4753,63.2913,STRICT,YES,Chinese Lexical Database v2.1
股,gu3,3,20.3582,42.002,36.6271,STRICT,YES,Chinese Lexical Database v2.1
袋,dai4,4,32.8657,20.2959,23.4173,STRICT,YES,Chinese Lexical Database v2.1
恩,en1,1,151.4328,20.2761,52.8466,STRICT,YES,Chinese Lexical Database v2.1
贼,zei2,2,20.209,22.4162,21.8681,STRICT,YES,Chinese Lexical Database v2.1
亿,yi4,4,20.1791,58.6884,49.1253,STRICT,YES,Chinese Lexical Database v2.1
必,bi4,4,20.1493,192.1795,149.4589,STRICT,YES,Chinese Lexical Database v2.1
拆,chai1,1,22.209,20.0394,20.5782,STRICT,YES,Chinese Lexical Database v2.1
耶,ye2,2,122.9851,19.9803,45.5597,STRICT,YES,Chinese Lexical Database v2.1
洞,dong4,4,47.194,19.9704,26.7309,STRICT,YES,Chinese Lexical Database v2.1
儿,er5,5,196.0896,19.9014,63.6546,STRICT,YES,Chinese Lexical Database v2.1
土,tu3,3,23.0448,19.8126,20.6153,STRICT,YES,Chinese Lexical Database v2.1
夹,jia2,2,19.7612,24.6844,23.4618,STRICT,YES,Chinese Lexical Database v2.1
钻,zuan4,4,21.2836,19.7239,20.1112,STRICT,YES,Chinese Lexical Database v2.1
灰,hui1,1,19.7015,86.2623,69.7331,STRICT,YES,Chinese Lexical Database v2.1
逃,tao2,2,82.3582,19.6548,35.2261,STRICT,YES,Chinese Lexical Database v2.1
烫,tang4,4,19.4925,27.3274,25.3818,STRICT,YES,Chinese Lexical Database v2.1
迟,chi2,2,42.1194,19.4773,25.1001,STRICT,YES,Chinese Lexical Database v2.1
侧,ce4,4,19.4328,20.1381,19.9629,STRICT,YES,Chinese Lexical Database v2.1
餐,can1,1,19.403,53.2446,44.8406,STRICT,YES,Chinese Lexical Database v2.1
甩,shuai3,3,35.8209,19.3393,23.4322,STRICT,YES,Chinese Lexical Database v2.1
毒,du2,2,41.3134,19.3195,24.7813,STRICT,YES,Chinese Lexical Database v2.1
足,zu2,2,19.3134,37.6726,33.1134,STRICT,YES,Chinese Lexical Database v2.1
易,yi4,4,19.2537,111.0256,88.2357,STRICT,YES,Chinese Lexical Database v2.1
滑,hua2,2,36.3582,19.2406,23.4915,STRICT,YES,Chinese Lexical Database v2.1
且,qie3,3,19.1642,46.3116,39.5701,STRICT,YES,Chinese Lexical Database v2.1
静,jing4,4,19.1045,43.2643,37.2646,STRICT,YES,Chinese Lexical Database v2.1
素,su4,4,19.0448,35.3353,31.2898,STRICT,YES,Chinese Lexical Database v2.1
溜,liu1,1,27.791,19.0138,21.1935,STRICT,YES,Chinese Lexical Database v2.1
扎,zha2,2,19.5821,19.0138,19.1549,STRICT,YES,Chinese Lexical Database v2.1
史,shi3,3,35.6119,18.9842,23.1134,STRICT,YES,Chinese Lexical Database v2.1
幕,mu4,4,19.9701,18.9546,19.2068,STRICT,YES,Chinese Lexical Database v2.1
闪,shan3,3,28.0896,18.9349,21.2083,STRICT,YES,Chinese Lexical Database v2.1
捡,jian3,3,26.7463,18.9152,20.8599,STRICT,YES,Chinese Lexical Database v2.1
欲,yu4,4,18.8955,43.0473,37.0497,STRICT,YES,Chinese Lexical Database v2.1
档,dang4,4,20.209,18.8067,19.1549,STRICT,YES,Chinese Lexical Database v2.1
矮,ai3,3,18.7761,24.0335,22.7279,STRICT,YES,Chinese Lexical Database v2.1
吼,hou3,3,18.7463,24.1026,22.7724,STRICT,YES,Chinese Lexical Database v2.1
伊,yi1,1,31.8507,18.6391,21.9199,STRICT,YES,Chinese Lexical Database v2.1
啥,sha2,2,130.3284,18.6095,46.3529,STRICT,YES,Chinese Lexical Database v2.1
隔,ge2,2,18.5672,26.2327,24.3291,STRICT,YES,Chinese Lexical Database v2.1
桌,zhuo1,1,18.4776,43.6982,37.4351,STRICT,YES,Chinese Lexical Database v2.1
棵,ke1,1,18.3881,18.432,18.4211,STRICT,YES,Chinese Lexical Database v2.1
争,zheng1,1,18.2985,20.6114,20.0371,STRICT,YES,Chinese Lexical Database v2.1
巧,qiao3,3,20.7164,18.2939,18.8955,STRICT,YES,Chinese Lexical Database v2.1
挣,zheng4,4,24.2985,18.2742,19.7702,STRICT,YES,Chinese Lexical Database v2.1
款,kuan3,3,18.209,198.4615,153.699,STRICT,YES,Chinese Lexical Database v2.1
搬,ban1,1,107.403,18.1558,40.3188,STRICT,YES,Chinese Lexical Database v2.1
围,wei2,2,18.1194,18.2249,18.1987,STRICT,YES,Chinese Lexical Database v2.1
乘,cheng2,2,25.9104,18.0572,20.0074,STRICT,YES,Chinese Lexical Database v2.1
性,xing4,4,134.1194,18.0375,46.8643,STRICT,YES,Chinese Lexical Database v2.1
胃,wei4,4,18.0299,66.8245,54.7072,STRICT,YES,Chinese Lexical Database v2.1
党,dang3,3,18.0,22.6036,21.4603,STRICT,YES,Chinese Lexical Database v2.1
止,zhi3,3,25.4328,17.9882,19.8369,STRICT,YES,Chinese Lexical Database v2.1
衣,yi4,4,17.9403,34.8126,30.6227,STRICT,YES,Chinese Lexical Database v2.1
判,pan4,4,30.8358,17.929,21.1342,STRICT,YES,Chinese Lexical Database v2.1
刻,ke4,4,17.9104,107.357,85.1446,STRICT,YES,Chinese Lexical Database v2.1
博,bo2,2,17.7612,3080.4635,2319.8962,STRICT,YES,Chinese Lexical Database v2.1
端,duan1,1,17.7313,87.1006,69.874,STRICT,YES,Chinese Lexical Database v2.1
罪,zui4,4,82.3881,17.712,33.7732,STRICT,YES,Chinese Lexical Database v2.1
失,shi1,1,22.5075,17.6627,18.8658,STRICT,YES,Chinese Lexical Database v2.1
哼,heng1,1,37.7313,17.5937,22.5945,STRICT,YES,Chinese Lexical Database v2.1
尿,niao4,4,53.3731,17.5542,26.4492,STRICT,YES,Chinese Lexical Database v2.1
婚,hun1,1,34.8657,17.5049,21.8162,STRICT,YES,Chinese Lexical Database v2.1
建,jian4,4,32.2687,17.4556,21.1342,STRICT,YES,Chinese Lexical Database v2.1
题,ti2,2,17.4328,34.0828,29.9481,STRICT,YES,Chinese Lexical Database v2.1
胡,hu2,2,18.209,17.4063,17.6056,STRICT,YES,Chinese Lexical Database v2.1
猛,meng3,3,17.403,32.8205,28.9918,STRICT,YES,Chinese Lexical Database v2.1
除,chu2,2,17.3433,25.1183,23.1875,STRICT,YES,Chinese Lexical Database v2.1
零,ling2,2,17.2836,28.7968,25.9377,STRICT,YES,Chinese Lexical Database v2.1
父,fu4,4,22.9552,17.2781,18.6879,STRICT,YES,Chinese Lexical Database v2.1
晃,huang4,4,17.2537,19.9507,19.2809,STRICT,YES,Chinese Lexical Database v2.1
福,fu2,2,17.194,79.5661,64.0771,STRICT,YES,Chinese Lexical Database v2.1
妹,mei4,4,19.791,17.1795,17.828,STRICT,YES,Chinese Lexical Database v2.1
旅,lv3,3,17.1642,44.211,37.4944,STRICT,YES,Chinese Lexical Database v2.1
们,men5,5,1192.7761,17.1203,309.0734,STRICT,YES,Chinese Lexical Database v2.1
器,qi4,4,56.2985,16.9724,26.7383,STRICT,YES,Chinese Lexical Database v2.1
局,ju2,2,106.3582,16.9034,39.1179,STRICT,YES,Chinese Lexical Database v2.1
桩,zhuang1,1,16.8955,22.929,21.4307,STRICT,YES,Chinese Lexical Database v2.1
惊,jing1,1,19.8507,16.8146,17.5686,STRICT,YES,Chinese Lexical Database v2.1
治,zhi4,4,32.7761,16.8047,20.7709,STRICT,YES,Chinese Lexical Database v2.1
拳,quan2,2,40.8955,16.7554,22.7502,STRICT,YES,Chinese Lexical Database v2.1
松,song1,1,26.8358,16.7554,19.2587,STRICT,YES,Chinese Lexical Database v2.1
青,qing1,1,16.7463,19.1223,18.5322,STRICT,YES,Chinese Lexical Database v2.1
桶,tong3,3,16.7164,22.8895,21.3566,STRICT,YES,Chinese Lexical Database v2.1
计,ji4,4,16.6866,18.5996,18.1245,STRICT,YES,Chinese Lexical Database v2.1
认,ren4,4,36.0597,16.5878,21.4233,STRICT,YES,Chinese Lexical Database v2.1
软,ruan3,3,16.5672,28.1854,25.3002,STRICT,YES,Chinese Lexical Database v2.1
平,ping2,2,33.4328,16.5385,20.7339,STRICT,YES,Chinese Lexical Database v2.1
陈,chen2,2,16.5373,26.9231,24.344,STRICT,YES,Chinese Lexical Database v2.1
稳,wen3,3,16.5075,43.5996,36.8718,STRICT,YES,Chinese Lexical Database v2.1
银,yin2,2,16.5075,34.0434,29.6887,STRICT,YES,Chinese Lexical Database v2.1
酱,jiang4,4,16.6567,16.4793,16.5234,STRICT,YES,Chinese Lexical Database v2.1
妙,miao4,4,22.0896,16.4398,17.8428,STRICT,YES,Chinese Lexical Database v2.1
虎,hu3,3,16.4179,33.2249,29.0511,STRICT,YES,Chinese Lexical Database v2.1
汗,han4,4,16.3582,28.0178,25.1223,STRICT,YES,Chinese Lexical Database v2.1
供,gong4,4,26.8358,16.3412,18.9474,STRICT,YES,Chinese Lexical Database v2.1
盯,ding1,1,69.5224,16.3215,29.533,STRICT,YES,Chinese Lexical Database v2.1
酸,suan1,1,16.2985,53.0276,43.9066,STRICT,YES,Chinese Lexical Database v2.1
晕,yun4,4,29.2537,16.2821,19.5033,STRICT,YES,Chinese Lexical Database v2.1
闯,chuang3,3,16.2388,48.4122,40.4225,STRICT,YES,Chinese Lexical Database v2.1
狠,hen3,3,16.1791,52.2682,43.3062,STRICT,YES,Chinese Lexical Database v2.1
呼,hu1,1,24.8657,16.1736,18.3321,STRICT,YES,Chinese Lexical Database v2.1
寻,xun2,2,16.1194,252.6923,193.9437,STRICT,YES,Chinese Lexical Database v2.1
托,tuo1,1,30.5672,16.1045,19.6961,STRICT,YES,Chinese Lexical Database v2.1
灭,mie4,4,16.0299,64.1617,52.209,STRICT,YES,Chinese Lexical Database v2.1
免,mian3,3,16.0,25.3353,23.017,STRICT,YES,Chinese Lexical Database v2.1
获,huo4,4,15.9403,19.7239,18.7843,STRICT,YES,Chinese Lexical Database v2.1
富,fu4,4,15.9104,32.3964,28.3024,STRICT,YES,Chinese Lexical Database v2.1
调,tiao2,2,53.7612,15.8974,25.3002,STRICT,YES,Chinese Lexical Database v2.1
速,su4,4,15.8209,47.9487,39.9703,STRICT,YES,Chinese Lexical Database v2.1
趴,pa1,1,15.8209,25.6016,23.1727,STRICT,YES,Chinese Lexical Database v2.1
降,jiang4,4,15.9701,15.7396,15.7969,STRICT,YES,Chinese Lexical Database v2.1
窗,chuang1,1,15.7313,115.1578,90.467,STRICT,YES,Chinese Lexical Database v2.1
伴,ban4,4,15.6716,47.4655,39.5701,STRICT,YES,Chinese Lexical Database v2.1
容,rong2,2,15.6716,18.9744,18.1542,STRICT,YES,Chinese Lexical Database v2.1
华,hua4,4,15.6418,17.0217,16.679,STRICT,YES,Chinese Lexical Database v2.1
唔,wu2,2,58.1194,15.6312,26.1824,STRICT,YES,Chinese Lexical Database v2.1
编,bian1,1,58.0,15.6312,26.1527,STRICT,YES,Chinese Lexical Database v2.1
村,cun1,1,15.5522,46.5286,38.8362,STRICT,YES,Chinese Lexical Database v2.1
抹,ma1,1,15.5522,28.5996,25.3595,STRICT,YES,Chinese Lexical Database v2.1
探,tan4,4,183.2836,15.4734,57.146,STRICT,YES,Chinese Lexical Database v2.1
妻,qi1,1,15.4627,28.7673,25.4633,STRICT,YES,Chinese Lexical Database v2.1
谷,gu3,3,15.4328,27.7219,24.6701,STRICT,YES,Chinese Lexical Database v2.1
弃,qi4,4,15.4328,18.3629,17.6353,STRICT,YES,Chinese Lexical Database v2.1
队,dui4,4,247.3433,15.4043,73.0022,STRICT,YES,Chinese Lexical Database v2.1
决,jue2,2,15.403,18.6982,17.8799,STRICT,YES,Chinese Lexical Database v2.1
料,liao4,4,22.7761,15.3748,17.2128,STRICT,YES,Chinese Lexical Database v2.1
哟,yo5,5,32.2687,15.355,19.5552,STRICT,YES,Chinese Lexical Database v2.1
价,jia4,4,15.3433,59.2998,48.384,STRICT,YES,Chinese Lexical Database v2.1
测,ce4,4,15.2537,32.6824,28.3543,STRICT,YES,Chinese Lexical Database v2.1
握,wo4,4,17.7313,15.2268,15.8488,STRICT,YES,Chinese Lexical Database v2.1
弱,ruo4,4,15.194,29.5759,26.0044,STRICT,YES,Chinese Lexical Database v2.1
尾,yi3,3,15.1642,23.0671,21.1045,STRICT,YES,Chinese Lexical Database v2.1
肺,fei4,4,16.8657,15.1282,15.5597,STRICT,YES,Chinese Lexical Database v2.1
终,zhong1,1,15.1045,19.8028,18.636,STRICT,YES,Chinese Lexical Database v2.1
章,zhang1,1,25.1045,14.931,17.4574,STRICT,YES,Chinese Lexical Database v2.1
抗,kang4,4,14.9254,22.9684,20.9711,STRICT,YES,Chinese Lexical Database v2.1
校,xiao4,4,21.7015,14.9014,16.5901,STRICT,YES,Chinese Lexical Database v2.1
君,jun1,1,14.8955,37.1006,31.5864,STRICT,YES,Chinese Lexical Database v2.1
制,zhi4,4,19.5821,14.8619,16.0341,STRICT,YES,Chinese Lexical Database v2.1
苏,su1,1,14.8358,14.9606,14.9296,STRICT,YES,Chinese Lexical Database v2.1
防,fang2,2,24.6866,14.8028,17.2572,STRICT,YES,Chinese Lexical Database v2.1
牵,qian1,1,14.7761,47.2584,39.192,STRICT,YES,Chinese Lexical Database v2.1
田,tian2,2,14.7761,20.7988,19.3032,STRICT,YES,Chinese Lexical Database v2.1
腰,yao1,1,14.7164,46.2327,38.4062,STRICT,YES,Chinese Lexical Database v2.1
登,deng1,1,39.2836,14.6844,20.7932,STRICT,YES,Chinese Lexical Database v2.1
脱,tuo1,1,91.403,14.6647,33.7213,STRICT,YES,Chinese Lexical Database v2.1
举,ju3,3,51.8806,14.645,23.8918,STRICT,YES,Chinese Lexical Database v2.1
母,mu3,3,31.6716,14.5957,18.8362,STRICT,YES,Chinese Lexical Database v2.1
补,bu3,3,14.5672,86.716,68.7991,STRICT,YES,Chinese Lexical Database v2.1
堵,du3,3,14.5672,52.8304,43.3284,STRICT,YES,Chinese Lexical Database v2.1
英,ying1,1,14.5373,24.9014,22.3277,STRICT,YES,Chinese Lexical Database v2.1
保,bao3,3,33.6716,14.5168,19.2735,STRICT,YES,Chinese Lexical Database v2.1
绕,rao4,4,27.9104,14.5168,17.8428,STRICT,YES,Chinese Lexical Database v2.1
机,ji1,1,72.4776,14.4576,28.8658,STRICT,YES,Chinese Lexical Database v2.1
摘,zhai1,1,14.4478,22.7219,20.6672,STRICT,YES,Chinese Lexical Database v2.1
吊,diao4,4,14.3582,16.0552,15.6338,STRICT,YES,Chinese Lexical Database v2.1
呵,he1,1,14.2985,19.7041,18.3617,STRICT,YES,Chinese Lexical Database v2.1
致,zhi4,4,14.2687,19.8028,18.4285,STRICT,YES,Chinese Lexical Database v2.1
扯,che3,3,48.2687,14.2604,22.7057,STRICT,YES,Chinese Lexical Database v2.1
汉,han4,4,14.1791,20.8481,19.192,STRICT,YES,Chinese Lexical Database v2.1
蹲,dun1,1,25.791,14.0335,16.9533,STRICT,YES,Chinese Lexical Database v2.1
锁,suo3,3,83.2836,14.0138,31.2157,STRICT,YES,Chinese Lexical Database v2.1
偏,pian1,1,14.0,24.5266,21.9125,STRICT,YES,Chinese Lexical Database v2.1
付,fu4,4,126.4179,13.9842,41.9051,STRICT,YES,Chinese Lexical Database v2.1
偶,ou3,3,13.9701,15.5325,15.1446,STRICT,YES,Chinese Lexical Database v2.1
蒙,meng2,2,24.209,13.9448,16.4937,STRICT,YES,Chinese Lexical Database v2.1
叶,ye4,4,13.9403,39.5365,33.1801,STRICT,YES,Chinese Lexical Database v2.1
石,shi2,2,22.7463,13.9152,16.1082,STRICT,YES,Chinese Lexical Database v2.1
载,zai4,4,28.4776,13.8856,17.5093,STRICT,YES,Chinese Lexical Database v2.1
依,yi1,1,13.8806,33.9053,28.9325,STRICT,YES,Chinese Lexical Database v2.1
恤,xu4,4,13.8806,17.7515,16.7902,STRICT,YES,Chinese Lexical Database v2.1
寄,ji4,4,56.2985,13.8757,24.4107,STRICT,YES,Chinese Lexical Database v2.1
纯,chun2,2,13.8507,65.7101,52.8317,STRICT,YES,Chinese Lexical Database v2.1
镜,jing4,4,28.4478,13.8264,17.4574,STRICT,YES,Chinese Lexical Database v2.1
针,zhen1,1,28.2985,13.787,17.3907,STRICT,YES,Chinese Lexical Database v2.1
帽,mao4,4,13.7612,19.9112,18.384,STRICT,YES,Chinese Lexical Database v2.1
韩,han2,2,13.7015,28.3531,24.7146,STRICT,YES,Chinese Lexical Database v2.1
耳,er3,3,18.8358,13.6588,14.9444,STRICT,YES,Chinese Lexical Database v2.1
友,you3,3,13.6418,14.783,14.4996,STRICT,YES,Chinese Lexical Database v2.1
巴,ba1,1,48.9254,13.57,22.3499,STRICT,YES,Chinese Lexical Database v2.1
休,xiu1,1,20.9552,13.5404,15.3818,STRICT,YES,Chinese Lexical Database v2.1
果,guo3,3,13.4627,28.8166,25.0037,STRICT,YES,Chinese Lexical Database v2.1
蠢,chun3,3,75.3433,13.4615,28.8288,STRICT,YES,Chinese Lexical Database v2.1
精,jing1,1,18.5672,13.4517,14.722,STRICT,YES,Chinese Lexical Database v2.1
禁,jin4,4,13.403,20.069,18.4136,STRICT,YES,Chinese Lexical Database v2.1
造,zao4,4,40.0299,13.4024,20.0148,STRICT,YES,Chinese Lexical Database v2.1
众,zhong4,4,13.3433,14.0039,13.8399,STRICT,YES,Chinese Lexical Database v2.1
意,yi4,4,58.4776,13.3235,24.5367,STRICT,YES,Chinese Lexical Database v2.1
佳,jia1,1,13.2537,128.6588,100.0,STRICT,YES,Chinese Lexical Database v2.1
皆,jie1,1,13.2239,40.7298,33.8992,STRICT,YES,Chinese Lexical Database v2.1
浪,lang4,4,13.194,102.4162,80.2595,STRICT,YES,Chinese Lexical Database v2.1
列,lie4,4,27.6119,13.1755,16.7606,STRICT,YES,Chinese Lexical Database v2.1
佛,fo2,2,13.0149,32.2682,27.487,STRICT,YES,Chinese Lexical Database v2.1
窝,wo1,1,12.9851,67.8895,54.255,STRICT,YES,Chinese Lexical Database v2.1
甲,jia3,3,12.8955,49.6647,40.5337,STRICT,YES,Chinese Lexical Database v2.1
布,bu4,4,46.1194,12.8205,21.0897,STRICT,YES,Chinese Lexical Database v2.1
穷,qiong2,2,12.806,48.8462,39.8962,STRICT,YES,Chinese Lexical Database v2.1
劝,quan4,4,19.791,12.7811,14.5219,STRICT,YES,Chinese Lexical Database v2.1
赞,zan4,4,12.7761,96.0552,75.3744,STRICT,YES,Chinese Lexical Database v2.1
凉,liang2,2,12.7761,47.2189,38.6657,STRICT,YES,Chinese Lexical Database v2.1
告,gao4,4,26.597,12.7515,16.1898,STRICT,YES,Chinese Lexical Database v2.1
盐,yan2,2,12.7463,69.8915,55.7005,STRICT,YES,Chinese Lexical Database v2.1
饱,bao3,3,12.6866,59.5266,47.8947,STRICT,YES,Chinese Lexical Database v2.1
染,ran3,3,17.2239,12.6529,13.788,STRICT,YES,Chinese Lexical Database v2.1
尼,ni2,2,83.6418,12.5838,30.2298,STRICT,YES,Chinese Lexical Database v2.1
逛,guang4,4,12.5672,79.5365,62.9059,STRICT,YES,Chinese Lexical Database v2.1
敬,jing4,4,27.1642,12.5641,16.1898,STRICT,YES,Chinese Lexical Database v2.1
钓,diao4,4,14.5373,12.5444,13.0393,STRICT,YES,Chinese Lexical Database v2.1
冻,dong4,4,12.5373,72.1696,57.361,STRICT,YES,Chinese Lexical Database v2.1
晒,shai4,4,12.4776,145.8679,112.7428,STRICT,YES,Chinese Lexical Database v2.1
竟,jing4,4,12.4776,52.4359,42.513,STRICT,YES,Chinese Lexical Database v2.1
厚,hou4,4,12.4179,53.0868,42.9874,STRICT,YES,Chinese Lexical Database v2.1
弯,wan1,1,12.3881,19.8225,17.9763,STRICT,YES,Chinese Lexical Database v2.1
仙,xian1,1,12.3284,36.7751,30.7042,STRICT,YES,Chinese Lexical Database v2.1
吸,xi1,1,59.2836,12.2978,23.9659,STRICT,YES,Chinese Lexical Database v2.1
印,yin4,4,40.3881,12.288,19.2661,STRICT,YES,Chinese Lexical Database v2.1
雾,wu4,4,12.2687,29.9211,25.5374,STRICT,YES,Chinese Lexical Database v2.1
望,wang4,4,12.2388,58.6982,47.1609,STRICT,YES,Chinese Lexical Database v2.1
暖,nuan3,3,12.1791,49.428,40.1779,STRICT,YES,Chinese Lexical Database v2.1
港,gang3,3,12.1493,24.8126,21.6679,STRICT,YES,Chinese Lexical Database v2.1
犬,quan3,3,17.8209,12.14,13.5508,STRICT,YES,Chinese Lexical Database v2.1
栋,dong4,4,32.1493,11.9921,16.9978,STRICT,YES,Chinese Lexical Database v2.1
扇,shan4,4,33.6418,11.9822,17.361,STRICT,YES,Chinese Lexical Database v2.1
引,yin3,3,26.8955,11.9822,15.6857,STRICT,YES,Chinese Lexical Database v2.1
撕,si1,1,16.8955,11.9132,13.1505,STRICT,YES,Chinese Lexical Database v2.1
助,zhu4,4,11.8806,54.5464,43.9511,STRICT,YES,Chinese Lexical Database v2.1
届,jie4,4,11.8806,39.783,32.854,STRICT,YES,Chinese Lexical Database v2.1
环,huan2,2,16.6269,11.8738,13.0541,STRICT,YES,Chinese Lexical Database v2.1
宽,kuan1,1,11.8209,14.3984,13.7583,STRICT,YES,Chinese Lexical Database v2.1
暴,bao4,4,11.791,15.1183,14.2921,STRICT,YES,Chinese Lexical Database v2.1
量,liang4,4,20.0896,11.785,13.8473,STRICT,YES,Chinese Lexical Database v2.1
踏,ta4,4,19.6119,11.785,13.7287,STRICT,YES,Chinese Lexical Database v2.1
扫,sao3,3,11.7612,68.9546,54.7517,STRICT,YES,Chinese Lexical Database v2.1
折,zhe2,2,11.6716,38.8166,32.0756,STRICT,YES,Chinese Lexical Database v2.1
划,hua4,4,25.3731,11.6568,15.063,STRICT,YES,Chinese Lexical Database v2.1
拽,zhuai4,4,12.7761,11.6469,11.9274,STRICT,YES,Chinese Lexical Database v2.1
粗,cu1,1,11.6418,35.0888,29.2661,STRICT,YES,Chinese Lexical Database v2.1
串,chuan4,4,11.6418,16.6568,15.4114,STRICT,YES,Chinese Lexical Database v2.1
闭,bi4,4,235.6418,11.6075,67.2424,STRICT,YES,Chinese Lexical Database v2.1
朵,duo3,3,11.5821,31.0256,26.1972,STRICT,YES,Chinese Lexical Database v2.1
阵,zhen4,4,11.5224,36.3116,30.1557,STRICT,YES,Chinese Lexical Database v2.1
希,xi1,1,12.3582,11.4694,11.6901,STRICT,YES,Chinese Lexical Database v2.1
著,zhuo2,2,11.4627,79.9211,62.9207,STRICT,YES,Chinese Lexical Database v2.1
寸,cun4,4,11.4627,25.1479,21.7494,STRICT,YES,Chinese Lexical Database v2.1
慌,huang1,1,11.4627,14.5759,13.8028,STRICT,YES,Chinese Lexical Database v2.1
吉,ji2,2,61.5522,11.4004,23.8547,STRICT,YES,Chinese Lexical Database v2.1
磨,mo2,2,11.3731,13.4615,12.9429,STRICT,YES,Chinese Lexical Database v2.1
费,fei4,4,34.0896,11.3708,17.0126,STRICT,YES,Chinese Lexical Database v2.1
创,chuang4,4,11.3433,30.7396,25.9229,STRICT,YES,Chinese Lexical Database v2.1
兽,shou4,4,11.2239,14.1124,13.3951,STRICT,YES,Chinese Lexical Database v2.1
户,hu4,4,17.6418,11.213,12.8095,STRICT,YES,Chinese Lexical Database v2.1
漏,lou4,4,19.1343,11.1834,13.1579,STRICT,YES,Chinese Lexical Database v2.1
减,jian3,3,11.1045,21.7357,19.0956,STRICT,YES,Chinese Lexical Database v2.1
敲,qiao1,1,27.9403,11.1045,15.2854,STRICT,YES,Chinese Lexical Database v2.1
额,e2,2,11.0448,46.0651,37.3684,STRICT,YES,Chinese Lexical Database v2.1
权,quan2,2,50.0299,11.0158,20.7042,STRICT,YES,Chinese Lexical Database v2.1
思,si1,1,15.5224,11.0158,12.1349,STRICT,YES,Chinese Lexical Database v2.1
误,wu4,4,11.0149,18.0572,16.3084,STRICT,YES,Chinese Lexical Database v2.1
板,ban3,3,36.209,11.0059,17.2646,STRICT,YES,Chinese Lexical Database v2.1
歪,wai1,1,13.1343,10.927,11.4752,STRICT,YES,Chinese Lexical Database v2.1
挨,ai1,1,10.8955,23.4813,20.3558,STRICT,YES,Chinese Lexical Database v2.1
较,jiao4,4,10.8657,54.8718,43.9437,STRICT,YES,Chinese Lexical Database v2.1
填,tian2,2,28.1791,10.858,15.1594,STRICT,YES,Chinese Lexical Database v2.1
患,huan4,4,20.9254,10.8383,13.3432,STRICT,YES,Chinese Lexical Database v2.1
云,yun2,2,10.8358,68.7081,54.3365,STRICT,YES,Chinese Lexical Database v2.1
纳,na4,4,26.7164,10.8185,14.7665,STRICT,YES,Chinese Lexical Database v2.1
罐,guan4,4,22.1493,10.8185,13.6323,STRICT,YES,Chinese Lexical Database v2.1
含,han2,2,10.806,47.9783,38.7472,STRICT,YES,Chinese Lexical Database v2.1
拦,lan2,2,10.806,17.1203,15.5523,STRICT,YES,Chinese Lexical Database v2.1
捐,juan1,1,18.6567,10.7988,12.7502,STRICT,YES,Chinese Lexical Database v2.1
护,hu4,4,21.8806,10.789,13.5434,STRICT,YES,Chinese Lexical Database v2.1
歇,xie1,1,13.0746,10.7594,11.3343,STRICT,YES,Chinese Lexical Database v2.1
箭,jian4,4,11.6119,10.7199,10.9414,STRICT,YES,Chinese Lexical Database v2.1
夏,xia4,4,10.7164,50.858,40.8895,STRICT,YES,Chinese Lexical Database v2.1
论,lun4,4,10.7164,30.2367,25.3892,STRICT,YES,Chinese Lexical Database v2.1
永,yong3,3,10.6866,44.5957,36.1749,STRICT,YES,Chinese Lexical Database v2.1
立,li4,4,15.8806,10.6805,11.9718,STRICT,YES,Chinese Lexical Database v2.1
糟,zao1,1,164.5672,10.6312,48.8584,STRICT,YES,Chinese Lexical Database v2.1
砍,kan3,3,33.5224,10.6213,16.3084,STRICT,YES,Chinese Lexical Database v2.1
鼓,gu3,3,12.1791,10.5917,10.9859,STRICT,YES,Chinese Lexical Database v2.1
塔,ta3,3,41.7612,10.5523,18.3024,STRICT,YES,Chinese Lexical Database v2.1
细,xi4,4,10.5373,37.5838,30.8673,STRICT,YES,Chinese Lexical Database v2.1
格,ge2,2,53.0149,10.5128,21.0675,STRICT,YES,Chinese Lexical Database v2.1
捉,zhuo1,1,16.8955,10.5128,12.0979,STRICT,YES,Chinese Lexical Database v2.1
闷,men4,4,10.5075,32.2189,26.8273,STRICT,YES,Chinese Lexical Database v2.1
抛,pao1,1,25.4627,10.503,14.2179,STRICT,YES,Chinese Lexical Database v2.1
罚,fa2,2,17.1642,10.4832,12.1423,STRICT,YES,Chinese Lexical Database v2.1
公,gong1,1,13.9403,10.4734,11.3343,STRICT,YES,Chinese Lexical Database v2.1
族,zu2,2,19.5821,10.4635,12.7279,STRICT,YES,Chinese Lexical Database v2.1
俄,e2,2,10.3881,33.7574,27.954,STRICT,YES,Chinese Lexical Database v2.1
添,tian1,1,10.3582,28.6391,24.0993,STRICT,YES,Chinese Lexical Database v2.1
锅,guo1,1,10.2985,73.2446,57.613,STRICT,YES,Chinese Lexical Database v2.1
化,hua4,4,30.8955,10.2959,15.4114,STRICT,YES,Chinese Lexical Database v2.1
沉,chen2,2,14.806,10.2761,11.401,STRICT,YES,Chinese Lexical Database v2.1
坑,keng1,1,10.2687,110.8777,85.8933,STRICT,YES,Chinese Lexical Database v2.1
影,ying3,3,25.0746,10.2465,13.9288,STRICT,YES,Chinese Lexical Database v2.1
胶,jiao1,1,10.2388,19.4773,17.1831,STRICT,YES,Chinese Lexical Database v2.1
拨,bo1,1,27.0448,10.2367,14.4107,STRICT,YES,Chinese Lexical Database v2.1
沙,sha1,1,22.0597,10.2367,13.1727,STRICT,YES,Chinese Lexical Database v2.1
催,cui1,1,10.209,33.856,27.9837,STRICT,YES,Chinese Lexical Database v2.1
阴,yin1,1,10.209,32.6233,27.0571,STRICT,YES,Chinese Lexical Database v2.1
胖,pang4,4,36.0896,10.1085,16.5604,STRICT,YES,Chinese Lexical Database v2.1
视,shi4,4,17.4627,10.1085,11.9348,STRICT,YES,Chinese Lexical Database v2.1
薄,bao2,2,10.0896,27.4063,23.106,STRICT,YES,Chinese Lexical Database v2.1
稍,shao1,1,48.7164,10.0888,19.6812,STRICT,YES,Chinese Lexical Database v2.1
工,gong1,1,32.6866,10.0789,15.6931,STRICT,YES,Chinese Lexical Database v2.1
沾,zhan1,1,17.194,10.0789,11.8458,STRICT,YES,Chinese Lexical Database v2.1
捏,nie1,1,10.0597,42.14,34.1735,STRICT,YES,Chinese Lexical Database v2.1
卫,wei4,4,10.0597,14.1321,13.1208,STRICT,YES,Chinese Lexical Database v2.1
废,fei4,4,10.0299,13.3432,12.5204,STRICT,YES,Chinese Lexical Database v2.1
麦,mai4,4,31.6418,10.0296,15.3966,STRICT,YES,Chinese Lexical Database v2.1
铺,pu4,4,11.1045,10.0197,10.2891,STRICT,YES,Chinese Lexical Database v2.1
赖,lai4,4,10.0,59.931,47.5315,STRICT,YES,Chinese Lexical Database v2.1
麻,ma2,2,10.0,13.7377,12.8095,STRICT,YES,Chinese Lexical Database v2.1
暗,an4,4,26.2985,9.9901,14.04,BALANCED,REVIEW,Chinese Lexical Database v2.1
独,du2,2,11.7612,9.9901,10.4299,BALANCED,REVIEW,Chinese Lexical Database v2.1
厅,ting1,1,15.3433,9.9507,11.2898,BALANCED,REVIEW,Chinese Lexical Database v2.1
微,wei1,1,9.9403,3126.7751,2352.765,BALANCED,REVIEW,Chinese Lexical Database v2.1
痒,yang3,3,9.9403,26.4596,22.3573,BALANCED,REVIEW,Chinese Lexical Database v2.1
浓,nong2,2,9.9403,19.3984,17.0497,BALANCED,REVIEW,Chinese Lexical Database v2.1
持,chi2,2,9.9403,14.1223,13.0838,BALANCED,REVIEW,Chinese Lexical Database v2.1
怒,nu4,4,9.9104,27.9586,23.4766,BALANCED,REVIEW,Chinese Lexical Database v2.1
巨,ju4,4,9.9104,24.8817,21.1638,BALANCED,REVIEW,Chinese Lexical Database v2.1
肾,shen4,4,9.8806,15.7002,14.255,BALANCED,REVIEW,Chinese Lexical Database v2.1
肚,du4,4,9.8507,32.1203,26.5901,BALANCED,REVIEW,Chinese Lexical Database v2.1
井,jing3,3,14.2687,9.8225,10.9266,BALANCED,REVIEW,Chinese Lexical Database v2.1
哄,hong4,4,9.791,25.355,21.49,BALANCED,REVIEW,Chinese Lexical Database v2.1
煎,jian1,1,9.791,22.14,19.0734,BALANCED,REVIEW,Chinese Lexical Database v2.1
跪,gui4,4,9.791,15.5621,14.129,BALANCED,REVIEW,Chinese Lexical Database v2.1
堪,kan1,1,9.791,11.1834,10.8377,BALANCED,REVIEW,Chinese Lexical Database v2.1
甘,gan1,1,9.7612,112.7811,87.1979,BALANCED,REVIEW,Chinese Lexical Database v2.1
梅,mei2,2,10.4179,9.7239,9.8962,BALANCED,REVIEW,Chinese Lexical Database v2.1
泰,tai4,4,22.209,9.6746,12.7872,BALANCED,REVIEW,Chinese Lexical Database v2.1
丁,ding1,1,17.0746,9.6548,11.4974,BALANCED,REVIEW,Chinese Lexical Database v2.1
割,ge1,1,26.1791,9.6252,13.7361,BALANCED,REVIEW,Chinese Lexical Database v2.1
凑,cou4,4,9.5821,13.5108,12.5352,BALANCED,REVIEW,Chinese Lexical Database v2.1
桃,tao2,2,9.5224,21.0848,18.2135,BALANCED,REVIEW,Chinese Lexical Database v2.1
败,bai4,4,9.5224,15.3945,13.9362,BALANCED,REVIEW,Chinese Lexical Database v2.1
兼,jian1,1,9.5224,10.6706,10.3855,BALANCED,REVIEW,Chinese Lexical Database v2.1
显,xian3,3,9.4925,19.2209,16.805,BALANCED,REVIEW,Chinese Lexical Database v2.1
消,xiao1,1,9.4925,13.925,12.8243,BALANCED,REVIEW,Chinese Lexical Database v2.1
设,she4,4,18.7463,9.4773,11.7791,BALANCED,REVIEW,Chinese Lexical Database v2.1
剥,bo1,1,9.6716,9.4675,9.5182,BALANCED,REVIEW,Chinese Lexical Database v2.1
凶,xiong1,1,22.2388,9.3787,12.5723,BALANCED,REVIEW,Chinese Lexical Database v2.1
虾,xia1,1,9.3731,30.1775,25.0111,BALANCED,REVIEW,Chinese Lexical Database v2.1
姜,jiang1,1,9.3433,15.9665,14.3217,BALANCED,REVIEW,Chinese Lexical Database v2.1
尚,shang4,4,9.2836,38.9349,31.5715,BALANCED,REVIEW,Chinese Lexical Database v2.1
均,jun1,1,9.2537,30.9369,25.5523,BALANCED,REVIEW,Chinese Lexical Database v2.1
唐,tang2,2,9.2537,22.1992,18.9844,BALANCED,REVIEW,Chinese Lexical Database v2.1
宫,gong1,1,20.1493,9.2308,11.9422,BALANCED,REVIEW,Chinese Lexical Database v2.1
证,zheng4,4,31.7313,9.1716,14.7739,BALANCED,REVIEW,Chinese Lexical Database v2.1
攻,gong1,1,9.1642,20.4734,17.6649,BALANCED,REVIEW,Chinese Lexical Database v2.1
己,ji3,3,9.1343,15.7101,14.0771,BALANCED,REVIEW,Chinese Lexical Database v2.1
掏,tao1,1,9.0746,12.1992,11.4233,BALANCED,REVIEW,Chinese Lexical Database v2.1
咱,zan5,5,24.8657,9.0335,12.9652,BALANCED,REVIEW,Chinese Lexical Database v2.1
亚,ya4,4,57.7313,8.9645,21.0749,BALANCED,REVIEW,Chinese Lexical Database v2.1
触,chu4,4,16.5373,8.9645,10.8451,BALANCED,REVIEW,Chinese Lexical Database v2.1
核,he2,2,12.4478,8.9645,9.8295,BALANCED,REVIEW,Chinese Lexical Database v2.1
顾,gu4,4,8.9552,25.7594,21.5864,BALANCED,REVIEW,Chinese Lexical Database v2.1
浅,qian3,3,8.9552,16.0651,14.2995,BALANCED,REVIEW,Chinese Lexical Database v2.1
唯,wei3,3,37.1343,8.9349,15.9377,BALANCED,REVIEW,Chinese Lexical Database v2.1
洒,sa3,3,11.2836,8.9152,9.5033,BALANCED,REVIEW,Chinese Lexical Database v2.1
残,can2,2,8.8657,30.0394,24.7813,BALANCED,REVIEW,Chinese Lexical Database v2.1
扑,pu1,1,8.8358,18.5404,16.1305,BALANCED,REVIEW,Chinese Lexical Database v2.1
飘,piao1,1,8.806,46.3314,37.0126,BALANCED,REVIEW,Chinese Lexical Database v2.1
呃,e5,5,678.6269,8.7179,175.0778,BALANCED,REVIEW,Chinese Lexical Database v2.1
赔,pei2,2,10.7164,8.7179,9.2142,BALANCED,REVIEW,Chinese Lexical Database v2.1
专,zhuan1,1,10.3881,8.7179,9.1327,BALANCED,REVIEW,Chinese Lexical Database v2.1
访,fang3,3,8.7164,19.8028,17.0497,BALANCED,REVIEW,Chinese Lexical Database v2.1
属,zhu3,3,8.6866,29.9507,24.6701,BALANCED,REVIEW,Chinese Lexical Database v2.1
呈,cheng2,2,10.2687,8.6785,9.0734,BALANCED,REVIEW,Chinese Lexical Database v2.1
昏,hun1,1,14.4776,8.6588,10.1038,BALANCED,REVIEW,Chinese Lexical Database v2.1
展,zhan3,3,11.1343,8.6391,9.2587,BALANCED,REVIEW,Chinese Lexical Database v2.1
品,pin3,3,13.5224,8.6292,9.8443,BALANCED,REVIEW,Chinese Lexical Database v2.1
氏,shi4,4,8.6269,11.7061,10.9414,BALANCED,REVIEW,Chinese Lexical Database v2.1
幸,xing4,4,17.6119,8.5799,10.8228,BALANCED,REVIEW,Chinese Lexical Database v2.1
姐,jie3,3,8.5672,36.5582,29.6071,BALANCED,REVIEW,Chinese Lexical Database v2.1
尝,chang2,2,21.9104,8.5306,11.8532,BALANCED,REVIEW,Chinese Lexical Database v2.1
讨,tao3,3,17.5522,8.5207,10.7635,BALANCED,REVIEW,Chinese Lexical Database v2.1
赐,ci4,4,12.3284,8.4517,9.4144,BALANCED,REVIEW,Chinese Lexical Database v2.1
诶,ei4,4,8.4478,40.5819,32.6019,BALANCED,REVIEW,Chinese Lexical Database v2.1
捞,lao1,1,8.4179,18.5108,16.0044,BALANCED,REVIEW,Chinese Lexical Database v2.1
渴,ke3,3,8.7164,8.3925,8.4729,BALANCED,REVIEW,Chinese Lexical Database v2.1
裙,qun2,2,8.3881,24.8126,20.7339,BALANCED,REVIEW,Chinese Lexical Database v2.1
兵,bing1,1,26.2388,8.3826,12.8169,BALANCED,REVIEW,Chinese Lexical Database v2.1
肩,jian1,1,9.1642,8.3531,8.5545,BALANCED,REVIEW,Chinese Lexical Database v2.1
县,xian4,4,8.3284,9.6252,9.3032,BALANCED,REVIEW,Chinese Lexical Database v2.1
官,guan1,1,52.6567,8.2544,19.2809,BALANCED,REVIEW,Chinese Lexical Database v2.1
扁,bian3,3,16.3881,8.2544,10.2743,BALANCED,REVIEW,Chinese Lexical Database v2.1
衰,shuai1,1,8.209,26.8738,22.2387,BALANCED,REVIEW,Chinese Lexical Database v2.1
喘,chuan3,3,13.0746,8.1953,9.407,BALANCED,REVIEW,Chinese Lexical Database v2.1
债,zhai4,4,8.1791,16.7751,14.6405,BALANCED,REVIEW,Chinese Lexical Database v2.1
伸,shen1,1,23.8507,8.1657,12.0608,BALANCED,REVIEW,Chinese Lexical Database v2.1
须,xu1,1,8.1493,17.5148,15.189,BALANCED,REVIEW,Chinese Lexical Database v2.1
骨,gu3,3,23.3433,8.0966,11.8829,BALANCED,REVIEW,Chinese Lexical Database v2.1
炮,pao4,4,8.0896,20.9369,17.7465,BALANCED,REVIEW,Chinese Lexical Database v2.1
菲,fei1,1,15.3134,8.0572,9.8592,BALANCED,REVIEW,Chinese Lexical Database v2.1
瓜,gua1,1,9.0746,8.0572,8.3099,BALANCED,REVIEW,Chinese Lexical Database v2.1
番,fan1,1,8.0299,49.1223,38.9177,BALANCED,REVIEW,Chinese Lexical Database v2.1
粒,li4,4,8.0299,24.645,20.5189,BALANCED,REVIEW,Chinese Lexical Database v2.1
跨,kua4,4,8.3881,8.0079,8.1023,BALANCED,REVIEW,Chinese Lexical Database v2.1
闲,xian2,2,8.0,34.1716,27.6723,BALANCED,REVIEW,Chinese Lexical Database v2.1
京,jing1,1,8.0,11.785,10.8451,BALANCED,REVIEW,Chinese Lexical Database v2.1
实,shi2,2,8.0,8.6588,8.4952,BALANCED,REVIEW,Chinese Lexical Database v2.1
束,shu4,4,8.4478,7.9783,8.0949,BALANCED,REVIEW,Chinese Lexical Database v2.1
仗,zhang4,4,7.9701,15.0592,13.2987,BALANCED,REVIEW,Chinese Lexical Database v2.1
室,shi4,4,75.403,7.9586,24.7072,BALANCED,REVIEW,Chinese Lexical Database v2.1
甚,shen4,4,7.9403,20.3452,17.2646,BALANCED,REVIEW,Chinese Lexical Database v2.1
愁,chou2,2,7.9104,36.785,29.6145,BALANCED,REVIEW,Chinese Lexical Database v2.1
缠,chan2,2,20.806,7.9093,11.1119,BALANCED,REVIEW,Chinese Lexical Database v2.1
憋,bie1,1,7.8806,24.359,20.2669,BALANCED,REVIEW,Chinese Lexical Database v2.1
灌,guan4,4,10.3582,7.8797,8.4952,BALANCED,REVIEW,Chinese Lexical Database v2.1
私,si1,1,16.7761,7.8698,10.0815,BALANCED,REVIEW,Chinese Lexical Database v2.1
基,ji1,1,40.6269,7.8501,15.9896,BALANCED,REVIEW,Chinese Lexical Database v2.1
语,yu4,4,56.4776,7.8402,19.9185,BALANCED,REVIEW,Chinese Lexical Database v2.1
爹,die1,1,7.8209,118.9053,91.3195,BALANCED,REVIEW,Chinese Lexical Database v2.1
唇,chun2,2,14.2985,7.7712,9.3921,BALANCED,REVIEW,Chinese Lexical Database v2.1
懒,lan3,3,7.7612,76.2426,59.2365,BALANCED,REVIEW,Chinese Lexical Database v2.1
横,heng4,4,7.7612,17.002,14.7072,BALANCED,REVIEW,Chinese Lexical Database v2.1
确,que4,4,11.7612,7.7318,8.7324,BALANCED,REVIEW,Chinese Lexical Database v2.1
敌,di2,2,7.7313,7.9783,7.917,BALANCED,REVIEW,Chinese Lexical Database v2.1
熏,xun4,4,9.6716,7.7022,8.1913,BALANCED,REVIEW,Chinese Lexical Database v2.1
盗,dao4,4,7.7015,14.1321,12.5352,BALANCED,REVIEW,Chinese Lexical Database v2.1
沃,wo4,4,7.7015,9.3688,8.9548,BALANCED,REVIEW,Chinese Lexical Database v2.1
师,shi1,1,51.7612,7.6923,18.636,BALANCED,REVIEW,Chinese Lexical Database v2.1
织,zhi1,1,7.6716,45.9665,36.4566,BALANCED,REVIEW,Chinese Lexical Database v2.1
崩,beng1,1,7.6716,8.0868,7.9837,BALANCED,REVIEW,Chinese Lexical Database v2.1
末,mo4,4,7.6418,35.0296,28.2283,BALANCED,REVIEW,Chinese Lexical Database v2.1
赤,chi4,4,7.6418,9.5661,9.0882,BALANCED,REVIEW,Chinese Lexical Database v2.1
险,xian3,3,15.7612,7.6134,9.6368,BALANCED,REVIEW,Chinese Lexical Database v2.1
涨,zhang4,4,7.6119,49.2899,38.94,BALANCED,REVIEW,Chinese Lexical Database v2.1
拐,guai3,3,7.5821,8.3728,8.1764,BALANCED,REVIEW,Chinese Lexical Database v2.1
广,guang3,3,7.5522,25.6213,21.1342,BALANCED,REVIEW,Chinese Lexical Database v2.1
裹,guo3,3,7.5522,8.9744,8.6212,BALANCED,REVIEW,Chinese Lexical Database v2.1
膜,mo2,2,7.5224,9.2604,8.8288,BALANCED,REVIEW,Chinese Lexical Database v2.1
鹅,e2,2,7.5224,7.7909,7.7242,BALANCED,REVIEW,Chinese Lexical Database v2.1
辞,ci2,2,7.5224,7.7416,7.6872,BALANCED,REVIEW,Chinese Lexical Database v2.1
异,yi4,4,19.1343,7.5049,10.3929,BALANCED,REVIEW,Chinese Lexical Database v2.1
亦,yi4,4,7.4925,54.5168,42.8391,BALANCED,REVIEW,Chinese Lexical Database v2.1
喽,lou2,2,22.7463,7.4655,11.2602,BALANCED,REVIEW,Chinese Lexical Database v2.1
祸,huo4,4,7.4328,10.5227,9.7554,BALANCED,REVIEW,Chinese Lexical Database v2.1
鹿,lu4,4,15.4925,7.4162,9.4218,BALANCED,REVIEW,Chinese Lexical Database v2.1
呐,na4,4,47.8507,7.3866,17.4351,BALANCED,REVIEW,Chinese Lexical Database v2.1
然,ran2,2,16.0597,7.3767,9.533,BALANCED,REVIEW,Chinese Lexical Database v2.1
祭,ji4,4,8.9552,7.3373,7.7391,BALANCED,REVIEW,Chinese Lexical Database v2.1
童,tong2,2,14.0597,7.3176,8.9918,BALANCED,REVIEW,Chinese Lexical Database v2.1
帐,zhang4,4,60.4478,7.288,20.4893,BALANCED,REVIEW,Chinese Lexical Database v2.1
妞,niu1,1,25.0746,7.2781,11.6976,BALANCED,REVIEW,Chinese Lexical Database v2.1
兄,xiong1,1,7.2537,10.4142,9.6294,BALANCED,REVIEW,Chinese Lexical Database v2.1
军,jun1,1,25.3731,7.2387,11.742,BALANCED,REVIEW,Chinese Lexical Database v2.1
截,jie2,2,7.2239,10.0394,9.3403,BALANCED,REVIEW,Chinese Lexical Database v2.1
翘,qiao4,4,15.791,7.2189,9.3477,BALANCED,REVIEW,Chinese Lexical Database v2.1
州,zhou1,1,63.1642,7.1992,21.0971,BALANCED,REVIEW,Chinese Lexical Database v2.1
春,chun1,1,7.194,85.503,66.0563,BALANCED,REVIEW,Chinese Lexical Database v2.1
勤,qin2,2,8.5672,7.1893,7.5315,BALANCED,REVIEW,Chinese Lexical Database v2.1
艘,sou1,1,43.6418,7.1795,16.2342,BALANCED,REVIEW,Chinese Lexical Database v2.1
刷,shua1,1,16.4179,7.1696,9.4663,BALANCED,REVIEW,Chinese Lexical Database v2.1
温,wen1,1,7.1642,10.1381,9.3996,BALANCED,REVIEW,Chinese Lexical Database v2.1
痕,hen2,2,13.5224,7.1105,8.7027,BALANCED,REVIEW,Chinese Lexical Database v2.1
厂,chang3,3,16.597,7.1006,9.4589,BALANCED,REVIEW,Chinese Lexical Database v2.1
嫌,xian2,2,7.0746,23.5799,19.4811,BALANCED,REVIEW,Chinese Lexical Database v2.1
跌,die1,1,7.0746,21.6667,18.043,BALANCED,REVIEW,Chinese Lexical Database v2.1
倾,qing1,1,7.0448,8.7771,8.3469,BALANCED,REVIEW,Chinese Lexical Database v2.1
复,fu4,4,7.1642,6.9921,7.0348,BALANCED,REVIEW,Chinese Lexical Database v2.1
帝,di4,4,6.9552,12.3274,10.9933,BALANCED,REVIEW,Chinese Lexical Database v2.1
势,shi4,4,6.9552,7.1795,7.1238,BALANCED,REVIEW,Chinese Lexical Database v2.1
劳,lao2,2,8.1791,6.9527,7.2572,BALANCED,REVIEW,Chinese Lexical Database v2.1
备,bei4,4,11.2537,6.9428,8.0133,BALANCED,REVIEW,Chinese Lexical Database v2.1
瓦,wa4,4,15.6716,6.9329,9.103,BALANCED,REVIEW,Chinese Lexical Database v2.1
炖,dun4,4,6.9254,16.6371,14.2254,BALANCED,REVIEW,Chinese Lexical Database v2.1
讯,xun4,4,6.9254,7.7909,7.576,BALANCED,REVIEW,Chinese Lexical Database v2.1
式,shi4,4,51.0149,6.9231,17.8725,BALANCED,REVIEW,Chinese Lexical Database v2.1
岩,yan2,2,6.9254,6.9231,6.9236,BALANCED,REVIEW,Chinese Lexical Database v2.1
范,fan4,4,6.8955,10.2564,9.4218,BALANCED,REVIEW,Chinese Lexical Database v2.1
荷,he2,2,6.8955,7.7909,7.5686,BALANCED,REVIEW,Chinese Lexical Database v2.1
尊,zun1,1,9.6119,6.8836,7.5612,BALANCED,REVIEW,Chinese Lexical Database v2.1
咳,ke2,2,6.8358,23.787,19.5775,BALANCED,REVIEW,Chinese Lexical Database v2.1
壮,zhuang4,4,12.2985,6.8146,8.1764,BALANCED,REVIEW,Chinese Lexical Database v2.1
虽,sui1,1,6.7761,49.9014,39.192,BALANCED,REVIEW,Chinese Lexical Database v2.1
宅,zhai2,2,6.7761,9.5957,8.8955,BALANCED,REVIEW,Chinese Lexical Database v2.1
税,shui4,4,10.0896,6.7653,7.5908,BALANCED,REVIEW,Chinese Lexical Database v2.1
似,si4,4,6.7463,78.2347,60.4818,BALANCED,REVIEW,Chinese Lexical Database v2.1
孔,kong3,3,6.7463,7.8501,7.576,BALANCED,REVIEW,Chinese Lexical Database v2.1
执,zhi2,2,6.7164,38.8264,30.8525,BALANCED,REVIEW,Chinese Lexical Database v2.1
邀,yao1,1,6.7164,11.144,10.0445,BALANCED,REVIEW,Chinese Lexical Database v2.1
眉,mei2,2,6.6866,7.7416,7.4796,BALANCED,REVIEW,Chinese Lexical Database v2.1
森,sen1,1,26.0,6.6568,11.4603,BALANCED,REVIEW,Chinese Lexical Database v2.1
耐,nai4,4,6.6567,49.359,38.7546,BALANCED,REVIEW,Chinese Lexical Database v2.1
胎,tai1,1,6.6567,8.501,8.043,BALANCED,REVIEW,Chinese Lexical Database v2.1
捅,tong3,3,17.7612,6.5976,9.3699,BALANCED,REVIEW,Chinese Lexical Database v2.1
舍,she4,4,6.5672,71.3215,55.2409,BALANCED,REVIEW,Chinese Lexical Database v2.1
联,lian2,2,6.5672,8.787,8.2357,BALANCED,REVIEW,Chinese Lexical Database v2.1
淫,yin2,2,6.5373,7.5247,7.2795,BALANCED,REVIEW,Chinese Lexical Database v2.1
盼,pan4,4,6.5075,18.9349,15.8488,BALANCED,REVIEW,Chinese Lexical Database v2.1
颇,po1,1,6.5075,14.6252,12.6093,BALANCED,REVIEW,Chinese Lexical Database v2.1
杂,za2,2,6.5075,11.2229,10.0519,BALANCED,REVIEW,Chinese Lexical Database v2.1
堂,tang2,2,16.2388,6.3905,8.8362,BALANCED,REVIEW,Chinese Lexical Database v2.1
居,ju1,1,6.3881,15.2465,13.0467,BALANCED,REVIEW,Chinese Lexical Database v2.1
肠,chang2,2,6.3582,28.3826,22.9133,BALANCED,REVIEW,Chinese Lexical Database v2.1
鸭,ya1,1,6.3582,28.3235,22.8688,BALANCED,REVIEW,Chinese Lexical Database v2.1
绑,bang3,3,37.5821,6.3314,14.0919,BALANCED,REVIEW,Chinese Lexical Database v2.1
吨,dun1,1,6.3284,8.6785,8.0949,BALANCED,REVIEW,Chinese Lexical Database v2.1
川,chuan1,1,8.4179,6.3215,6.8421,BALANCED,REVIEW,Chinese Lexical Database v2.1
忆,yi4,4,6.6866,6.3215,6.4122,BALANCED,REVIEW,Chinese Lexical Database v2.1
盆,pen2,2,6.2985,13.7278,11.8829,BALANCED,REVIEW,Chinese Lexical Database v2.1
尺,chi3,3,18.5075,6.2919,9.3254,BALANCED,REVIEW,Chinese Lexical Database v2.1
注,zhu4,4,31.2239,6.2623,12.4611,BALANCED,REVIEW,Chinese Lexical Database v2.1
迈,mai4,4,6.9552,6.2525,6.427,BALANCED,REVIEW,Chinese Lexical Database v2.1
墓,mu4,4,6.209,16.2525,13.7583,BALANCED,REVIEW,Chinese Lexical Database v2.1
珠,zhu1,1,6.1791,29.0533,23.3729,BALANCED,REVIEW,Chinese Lexical Database v2.1
距,ju4,4,6.1493,72.5641,56.0712,BALANCED,REVIEW,Chinese Lexical Database v2.1
谱,pu3,3,6.1493,30.9566,24.7961,BALANCED,REVIEW,Chinese Lexical Database v2.1
震,zhen4,4,6.4776,6.1341,6.2194,BALANCED,REVIEW,Chinese Lexical Database v2.1
尖,jian1,1,13.0149,6.0947,7.8132,BALANCED,REVIEW,Chinese Lexical Database v2.1
淡,dan4,4,6.0896,29.645,23.7954,BALANCED,REVIEW,Chinese Lexical Database v2.1
棉,mian2,2,6.0896,18.7278,15.5893,BALANCED,REVIEW,Chinese Lexical Database v2.1
驴,lv2,2,6.0896,10.9172,9.7183,BALANCED,REVIEW,Chinese Lexical Database v2.1
脆,cui4,4,6.0896,6.4596,6.3677,BALANCED,REVIEW,Chinese Lexical Database v2.1
程,cheng2,2,10.0896,6.0848,7.0793,BALANCED,REVIEW,Chinese Lexical Database v2.1
飙,biao1,1,7.7313,6.0651,6.4789,BALANCED,REVIEW,Chinese Lexical Database v2.1
江,jiang1,1,6.0597,12.14,10.6301,BALANCED,REVIEW,Chinese Lexical Database v2.1
豪,hao2,2,9.2836,6.0454,6.8495,BALANCED,REVIEW,Chinese Lexical Database v2.1
碳,tan4,4,6.0299,6.3905,6.301,BALANCED,REVIEW,Chinese Lexical Database v2.1
采,cai3,3,8.0,6.0158,6.5085,BALANCED,REVIEW,Chinese Lexical Database v2.1
夫,fu1,1,34.4478,5.9763,13.0467,BALANCED,REVIEW,Chinese Lexical Database v2.1
弟,di4,4,5.9701,18.501,15.3892,BALANCED,REVIEW,Chinese Lexical Database v2.1
爪,zhua3,3,5.9701,7.3274,6.9904,BALANCED,REVIEW,Chinese Lexical Database v2.1
阳,yang2,2,6.0597,5.9665,5.9896,BALANCED,REVIEW,Chinese Lexical Database v2.1
目,mu4,4,6.6269,5.9566,6.1231,BALANCED,REVIEW,Chinese Lexical Database v2.1
虐,nve4,4,5.9403,19.7535,16.3232,BALANCED,REVIEW,Chinese Lexical Database v2.1
拒,ju4,4,5.9403,9.9408,8.9474,BALANCED,REVIEW,Chinese Lexical Database v2.1
洋,yang2,2,5.9104,15.7988,13.3432,BALANCED,REVIEW,Chinese Lexical Database v2.1
园,yuan2,2,5.8806,7.2189,6.8866,BALANCED,REVIEW,Chinese Lexical Database v2.1
武,wu3,3,5.8507,6.0651,6.0119,BALANCED,REVIEW,Chinese Lexical Database v2.1
击,ji1,1,36.806,5.8481,13.536,BALANCED,REVIEW,Chinese Lexical Database v2.1
馆,guan3,3,8.3582,5.8284,6.4566,BALANCED,REVIEW,Chinese Lexical Database v2.1
壶,hu2,2,5.8209,17.1893,14.3662,BALANCED,REVIEW,Chinese Lexical Database v2.1
景,jing3,3,5.8209,11.3116,9.9481,BALANCED,REVIEW,Chinese Lexical Database v2.1
优,you1,1,5.8209,11.0158,9.7257,BALANCED,REVIEW,Chinese Lexical Database v2.1
粉,fen3,3,16.0299,5.8185,8.3543,BALANCED,REVIEW,Chinese Lexical Database v2.1
略,lve4,4,5.791,51.1243,39.8666,BALANCED,REVIEW,Chinese Lexical Database v2.1
壳,qiao4,4,5.791,15.286,12.9281,BALANCED,REVIEW,Chinese Lexical Database v2.1
砖,zhuan1,1,5.7612,7.7909,7.2869,BALANCED,REVIEW,Chinese Lexical Database v2.1
乌,wu4,4,5.7612,6.8047,6.5456,BALANCED,REVIEW,Chinese Lexical Database v2.1
院,yuan4,4,16.8657,5.7495,8.51,BALANCED,REVIEW,Chinese Lexical Database v2.1
伙,huo3,3,27.2836,5.7396,11.0897,BALANCED,REVIEW,Chinese Lexical Database v2.1
沟,gou1,1,5.7313,7.0809,6.7457,BALANCED,REVIEW,Chinese Lexical Database v2.1
趣,qu4,4,23.2836,5.7298,10.089,BALANCED,REVIEW,Chinese Lexical Database v2.1
界,jie4,4,21.8806,5.7298,9.7405,BALANCED,REVIEW,Chinese Lexical Database v2.1
纹,wen2,2,30.9254,5.7101,11.9718,BALANCED,REVIEW,Chinese Lexical Database v2.1
贤,xian2,2,5.7015,10.3156,9.1698,BALANCED,REVIEW,Chinese Lexical Database v2.1
搅,jiao3,3,10.6567,5.6805,6.9162,BALANCED,REVIEW,Chinese Lexical Database v2.1
捕,bu3,3,6.8657,5.6509,5.9526,BALANCED,REVIEW,Chinese Lexical Database v2.1
炫,xuan4,4,5.6418,28.4813,22.8095,BALANCED,REVIEW,Chinese Lexical Database v2.1
嚼,jiao2,2,11.6119,5.6312,7.1164,BALANCED,REVIEW,Chinese Lexical Database v2.1
贱,jian4,4,11.4925,5.6213,7.0793,BALANCED,REVIEW,Chinese Lexical Database v2.1
铜,tong2,2,5.6119,20.4832,16.7902,BALANCED,REVIEW,Chinese Lexical Database v2.1
奇,qi2,2,42.5373,5.6114,14.7813,BALANCED,REVIEW,Chinese Lexical Database v2.1
吾,wu2,2,5.5821,78.8363,60.6449,BALANCED,REVIEW,Chinese Lexical Database v2.1
虚,xu1,1,5.5821,24.5562,19.8443,BALANCED,REVIEW,Chinese Lexical Database v2.1
啃,ken3,3,5.5821,16.43,13.7361,BALANCED,REVIEW,Chinese Lexical Database v2.1
岸,an4,4,5.5821,14.2209,12.0756,BALANCED,REVIEW,Chinese Lexical Database v2.1
凡,fan2,2,5.5522,45.2465,35.3892,BALANCED,REVIEW,Chinese Lexical Database v2.1
咋,zha1,1,12.5075,5.5424,7.2721,BALANCED,REVIEW,Chinese Lexical Database v2.1
例,li4,4,6.5672,5.5325,5.7895,BALANCED,REVIEW,Chinese Lexical Database v2.1
增,zeng1,1,5.5224,10.4438,9.2216,BALANCED,REVIEW,Chinese Lexical Database v2.1
购,gou4,4,5.4925,16.8146,14.003,BALANCED,REVIEW,Chinese Lexical Database v2.1
墨,mo4,4,5.4925,13.0473,11.1712,BALANCED,REVIEW,Chinese Lexical Database v2.1
耗,hao4,4,5.4925,6.6667,6.3751,BALANCED,REVIEW,Chinese Lexical Database v2.1
功,gong1,1,7.3731,5.4832,5.9526,BALANCED,REVIEW,Chinese Lexical Database v2.1
匹,pi3,3,40.4478,5.4339,14.129,BALANCED,REVIEW,Chinese Lexical Database v2.1
临,lin2,2,5.4328,20.1775,16.5159,BALANCED,REVIEW,Chinese Lexical Database v2.1
咸,xian2,2,5.4328,14.3097,12.1053,BALANCED,REVIEW,Chinese Lexical Database v2.1
鼠,shu3,3,16.5373,5.4043,8.169,BALANCED,REVIEW,Chinese Lexical Database v2.1
陷,xian4,4,12.597,5.3452,7.146,BALANCED,REVIEW,Chinese Lexical Database v2.1
谜,mi2,2,12.0597,5.3452,7.0126,BALANCED,REVIEW,Chinese Lexical Database v2.1
雄,xiong2,2,5.3433,16.1933,13.4989,BALANCED,REVIEW,Chinese Lexical Database v2.1
拾,shi2,2,5.3433,6.716,6.3751,BALANCED,REVIEW,Chinese Lexical Database v2.1
索,suo3,3,13.2239,5.3156,7.2795,BALANCED,REVIEW,Chinese Lexical Database v2.1
缘,yuan2,2,5.3134,44.4083,34.6998,BALANCED,REVIEW,Chinese Lexical Database v2.1
杨,yang2,2,5.3134,9.6647,8.5841,BALANCED,REVIEW,Chinese Lexical Database v2.1
观,guan1,1,5.2836,6.9921,6.5678,BALANCED,REVIEW,Chinese Lexical Database v2.1
遮,zhe1,1,5.2836,5.9665,5.7969,BALANCED,REVIEW,Chinese Lexical Database v2.1
净,jing4,4,5.2537,32.357,25.6264,BALANCED,REVIEW,Chinese Lexical Database v2.1
附,fu4,4,12.3881,5.2465,7.02,BALANCED,REVIEW,Chinese Lexical Database v2.1
泼,po1,1,7.3433,5.2465,5.7672,BALANCED,REVIEW,Chinese Lexical Database v2.1
递,di4,4,6.4478,5.2465,5.5448,BALANCED,REVIEW,Chinese Lexical Database v2.1
民,min2,2,15.791,5.2367,7.8577,BALANCED,REVIEW,Chinese Lexical Database v2.1
腹,fu4,4,5.2239,8.9349,8.0133,BALANCED,REVIEW,Chinese Lexical Database v2.1
摊,tan1,1,5.194,9.8126,8.6657,BALANCED,REVIEW,Chinese Lexical Database v2.1
严,yan2,2,5.9701,5.1874,5.3818,BALANCED,REVIEW,Chinese Lexical Database v2.1
琴,qin2,2,9.3731,5.1677,6.212,BALANCED,REVIEW,Chinese Lexical Database v2.1
鲜,xian3,3,5.1642,17.7022,14.5886,BALANCED,REVIEW,Chinese Lexical Database v2.1
裂,lie4,4,6.597,5.1479,5.5078,BALANCED,REVIEW,Chinese Lexical Database v2.1
卸,xie4,4,6.209,5.1479,5.4114,BALANCED,REVIEW,Chinese Lexical Database v2.1
奔,ben1,1,5.1343,45.0099,35.1075,BALANCED,REVIEW,Chinese Lexical Database v2.1
售,shou4,4,5.1343,18.6095,15.2632,BALANCED,REVIEW,Chinese Lexical Database v2.1
翼,yi4,4,5.1343,13.6982,11.5715,BALANCED,REVIEW,Chinese Lexical Database v2.1
训,xun4,4,5.1343,8.3925,7.5834,BALANCED,REVIEW,Chinese Lexical Database v2.1
兴,xing4,4,5.1343,6.4103,6.0934,BALANCED,REVIEW,Chinese Lexical Database v2.1
俗,su2,2,5.1045,8.8955,7.954,BALANCED,REVIEW,Chinese Lexical Database v2.1
余,yu2,2,5.0746,11.7751,10.1112,BALANCED,REVIEW,Chinese Lexical Database v2.1
冠,guan4,4,5.0746,9.5266,8.4211,BALANCED,REVIEW,Chinese Lexical Database v2.1
叠,die2,2,5.0746,8.1558,7.3907,BALANCED,REVIEW,Chinese Lexical Database v2.1
勿,wu4,4,5.0448,18.7179,15.3225,BALANCED,REVIEW,Chinese Lexical Database v2.1
抵,di3,3,5.0149,17.2387,14.2031,BALANCED,REVIEW,Chinese Lexical Database v2.1
孤,gu1,1,5.0149,9.3393,8.2654,BALANCED,REVIEW,Chinese Lexical Database v2.1
遥,yao2,2,5.0149,8.0671,7.3091,BALANCED,REVIEW,Chinese Lexical Database v2.1
删,shan1,1,7.7313,5.0099,5.6857,BALANCED,REVIEW,Chinese Lexical Database v2.1
泪,lei4,4,4.9851,70.2268,54.0252,EXTENDED,NO,Chinese Lexical Database v2.1
潮,chao2,2,4.9851,68.8659,53.0022,EXTENDED,NO,Chinese Lexical Database v2.1
勇,yong3,3,4.9851,32.8107,25.9007,EXTENDED,NO,Chinese Lexical Database v2.1
竖,shu4,4,4.9851,7.3077,6.7309,EXTENDED,NO,Chinese Lexical Database v2.1
驾,jia4,4,13.8806,4.9704,7.1831,EXTENDED,NO,Chinese Lexical Database v2.1
腻,ni4,4,4.9552,14.8126,12.3647,EXTENDED,NO,Chinese Lexical Database v2.1
狮,shi1,1,4.9552,9.8126,8.6064,EXTENDED,NO,Chinese Lexical Database v2.1
钢,gang1,1,4.9552,9.1223,8.0875,EXTENDED,NO,Chinese Lexical Database v2.1
隆,long2,2,14.2687,4.9408,7.2572,EXTENDED,NO,Chinese Lexical Database v2.1
鲁,lu3,3,13.3134,4.9408,7.02,EXTENDED,NO,Chinese Lexical Database v2.1
置,zhi4,4,11.7612,4.931,6.6271,EXTENDED,NO,Chinese Lexical Database v2.1
帖,tie4,4,4.9254,7.5345,6.8866,EXTENDED,NO,Chinese Lexical Database v2.1
皱,zhou4,4,4.8955,6.3215,5.9674,EXTENDED,NO,Chinese Lexical Database v2.1
牢,lao2,2,25.8507,4.8718,10.0815,EXTENDED,NO,Chinese Lexical Database v2.1
勾,gou1,1,10.2388,4.8718,6.2046,EXTENDED,NO,Chinese Lexical Database v2.1
瞪,deng4,4,5.2836,4.8718,4.9741,EXTENDED,NO,Chinese Lexical Database v2.1
痴,chi1,1,4.8657,24.9408,19.9555,EXTENDED,NO,Chinese Lexical Database v2.1
捧,peng3,3,4.8657,24.5168,19.6368,EXTENDED,NO,Chinese Lexical Database v2.1
削,xue1,1,4.8657,9.3984,8.2728,EXTENDED,NO,Chinese Lexical Database v2.1
邦,bang1,1,4.8657,6.6272,6.1898,EXTENDED,NO,Chinese Lexical Database v2.1
挥,hui1,1,15.1343,4.8619,7.4129,EXTENDED,NO,Chinese Lexical Database v2.1
瞄,miao2,2,5.6418,4.8422,5.0408,EXTENDED,NO,Chinese Lexical Database v2.1
司,si1,1,33.8806,4.8323,12.046,EXTENDED,NO,Chinese Lexical Database v2.1
冬,dong1,1,4.806,48.9349,37.9763,EXTENDED,NO,Chinese Lexical Database v2.1
限,xian4,4,4.806,14.5562,12.1349,EXTENDED,NO,Chinese Lexical Database v2.1
玉,yu4,4,4.806,9.3984,8.258,EXTENDED,NO,Chinese Lexical Database v2.1
丫,ya1,1,4.806,8.6489,7.6946,EXTENDED,NO,Chinese Lexical Database v2.1
乃,nai3,3,4.7761,25.0493,20.0148,EXTENDED,NO,Chinese Lexical Database v2.1
扛,kang2,2,4.7463,15.0394,12.4833,EXTENDED,NO,Chinese Lexical Database v2.1
剂,ji4,4,27.2836,4.7436,10.341,EXTENDED,NO,Chinese Lexical Database v2.1
罩,zhao4,4,11.6418,4.7337,6.4492,EXTENDED,NO,Chinese Lexical Database v2.1
互,hu4,4,4.7164,24.8225,19.8295,EXTENDED,NO,Chinese Lexical Database v2.1
臂,bi4,4,4.7164,6.9822,6.4196,EXTENDED,NO,Chinese Lexical Database v2.1
贝,bei4,4,17.7015,4.6943,7.9244,EXTENDED,NO,Chinese Lexical Database v2.1
劈,pi1,1,4.6866,6.716,6.212,EXTENDED,NO,Chinese Lexical Database v2.1
缝,feng2,2,20.0,4.6647,8.4729,EXTENDED,NO,Chinese Lexical Database v2.1
示,shi4,4,5.1343,4.6647,4.7813,EXTENDED,NO,Chinese Lexical Database v2.1
饮,yin4,4,4.6567,43.8363,34.1067,EXTENDED,NO,Chinese Lexical Database v2.1
霜,shuang1,1,4.6567,4.8817,4.8258,EXTENDED,NO,Chinese Lexical Database v2.1
劫,jie2,2,16.6269,4.6548,7.6279,EXTENDED,NO,Chinese Lexical Database v2.1
汇,hui4,4,4.6269,19.0237,15.4485,EXTENDED,NO,Chinese Lexical Database v2.1
宋,song4,4,4.597,10.7692,9.2365,EXTENDED,NO,Chinese Lexical Database v2.1
产,chan3,3,13.2239,4.5858,6.7309,EXTENDED,NO,Chinese Lexical Database v2.1
谋,mou2,2,5.8806,4.5858,4.9073,EXTENDED,NO,Chinese Lexical Database v2.1
框,kuang4,4,4.5672,8.3432,7.4055,EXTENDED,NO,Chinese Lexical Database v2.1
岂,qi3,3,4.5373,10.9172,9.3328,EXTENDED,NO,Chinese Lexical Database v2.1
寺,si4,4,4.5373,7.2682,6.5901,EXTENDED,NO,Chinese Lexical Database v2.1
斯,si1,1,157.0746,4.5365,42.4166,EXTENDED,NO,Chinese Lexical Database v2.1
吴,wu2,2,4.5075,15.9073,13.0764,EXTENDED,NO,Chinese Lexical Database v2.1
枝,zhi1,1,4.5075,9.1913,8.0282,EXTENDED,NO,Chinese Lexical Database v2.1
惯,guan4,4,4.4776,11.7949,9.9778,EXTENDED,NO,Chinese Lexical Database v2.1
盾,dun4,4,7.2537,4.4773,5.1668,EXTENDED,NO,Chinese Lexical Database v2.1
愈,yu4,4,4.4478,12.4753,10.4818,EXTENDED,NO,Chinese Lexical Database v2.1
宁,ning2,2,4.4478,8.0868,7.1831,EXTENDED,NO,Chinese Lexical Database v2.1
悬,xuan2,2,6.7761,4.428,5.0111,EXTENDED,NO,Chinese Lexical Database v2.1
紫,zi3,3,4.4179,14.6844,12.1349,EXTENDED,NO,Chinese Lexical Database v2.1
驻,zhu4,4,4.4179,6.8639,6.2565,EXTENDED,NO,Chinese Lexical Database v2.1
漂,piao1,1,4.4179,4.714,4.6405,EXTENDED,NO,Chinese Lexical Database v2.1
娃,wa2,2,4.4478,4.3886,4.4033,EXTENDED,NO,Chinese Lexical Database v2.1
鹰,ying1,1,11.3134,4.3787,6.1008,EXTENDED,NO,Chinese Lexical Database v2.1
鼻,bi2,2,11.4925,4.359,6.1305,EXTENDED,NO,Chinese Lexical Database v2.1
壁,bi4,4,4.3582,23.0276,18.3914,EXTENDED,NO,Chinese Lexical Database v2.1
柯,ke1,1,8.6269,4.3393,5.404,EXTENDED,NO,Chinese Lexical Database v2.1
池,chi2,2,7.0149,4.3393,5.0037,EXTENDED,NO,Chinese Lexical Database v2.1
仔,zi3,3,20.0,4.3294,8.2209,EXTENDED,NO,Chinese Lexical Database v2.1
孙,sun1,1,4.3284,8.4714,7.4426,EXTENDED,NO,Chinese Lexical Database v2.1
咦,yi2,2,4.3284,4.9803,4.8184,EXTENDED,NO,Chinese Lexical Database v2.1
披,pi1,1,13.8209,4.2998,6.6642,EXTENDED,NO,Chinese Lexical Database v2.1
继,ji4,4,4.2985,10.3254,8.8288,EXTENDED,NO,Chinese Lexical Database v2.1
醋,cu4,4,4.2687,24.7535,19.6664,EXTENDED,NO,Chinese Lexical Database v2.1
呗,bei5,5,9.9403,4.2505,5.6635,EXTENDED,NO,Chinese Lexical Database v2.1
戒,jie4,4,25.6716,4.2406,9.5626,EXTENDED,NO,Chinese Lexical Database v2.1
亡,wang2,2,7.3731,4.2308,5.0111,EXTENDED,NO,Chinese Lexical Database v2.1
币,bi4,4,4.209,31.3314,24.596,EXTENDED,NO,Chinese Lexical Database v2.1
搂,lou3,3,4.209,7.6627,6.805,EXTENDED,NO,Chinese Lexical Database v2.1
乡,xiang1,1,4.209,6.144,5.6635,EXTENDED,NO,Chinese Lexical Database v2.1
碧,bi4,4,6.5672,4.2012,4.7887,EXTENDED,NO,Chinese Lexical Database v2.1
术,shu4,4,22.209,4.1815,8.6583,EXTENDED,NO,Chinese Lexical Database v2.1
揉,rou2,2,4.1791,8.0276,7.0719,EXTENDED,NO,Chinese Lexical Database v2.1
否,fou3,3,4.9552,4.1519,4.3514,EXTENDED,NO,Chinese Lexical Database v2.1
谨,jin3,3,4.1493,7.8008,6.894,EXTENDED,NO,Chinese Lexical Database v2.1
际,ji4,4,4.1493,5.8481,5.4262,EXTENDED,NO,Chinese Lexical Database v2.1
健,jian4,4,10.9254,4.142,5.8265,EXTENDED,NO,Chinese Lexical Database v2.1
席,xi2,2,7.0746,4.142,4.8703,EXTENDED,NO,Chinese Lexical Database v2.1
赏,shang3,3,4.1194,12.3866,10.3336,EXTENDED,NO,Chinese Lexical Database v2.1
滥,lan4,4,4.1194,4.142,4.1364,EXTENDED,NO,Chinese Lexical Database v2.1
旗,qi2,2,9.9104,4.1026,5.5448,EXTENDED,NO,Chinese Lexical Database v2.1
磅,bang4,4,39.1343,4.0927,12.7947,EXTENDED,NO,Chinese Lexical Database v2.1
曼,man4,4,17.2537,4.073,7.3462,EXTENDED,NO,Chinese Lexical Database v2.1
嘘,xu1,1,64.5075,4.0631,19.0734,EXTENDED,NO,Chinese Lexical Database v2.1
移,yi2,2,27.0448,4.0631,9.7702,EXTENDED,NO,Chinese Lexical Database v2.1
浸,jin4,4,4.0597,6.0256,5.5374,EXTENDED,NO,Chinese Lexical Database v2.1
坟,fen2,2,4.0597,4.6548,4.507,EXTENDED,NO,Chinese Lexical Database v2.1
嗜,shi4,4,5.3433,4.0434,4.3662,EXTENDED,NO,Chinese Lexical Database v2.1
盏,zhan3,3,4.0299,10.1578,8.636,EXTENDED,NO,Chinese Lexical Database v2.1
棋,qi2,2,4.0299,7.4162,6.5752,EXTENDED,NO,Chinese Lexical Database v2.1
映,ying4,4,4.0299,4.6844,4.5219,EXTENDED,NO,Chinese Lexical Database v2.1
避,bi4,4,7.7313,4.0237,4.9444,EXTENDED,NO,Chinese Lexical Database v2.1
斑,ban1,1,4.2985,4.0237,4.0919,EXTENDED,NO,Chinese Lexical Database v2.1
栏,lan2,2,4.8657,4.0138,4.2254,EXTENDED,NO,Chinese Lexical Database v2.1
康,kang1,1,12.0896,4.0039,6.0119,EXTENDED,NO,Chinese Lexical Database v2.1
秋,qiu1,1,4.0,54.0828,41.6457,EXTENDED,NO,Chinese Lexical Database v2.1
朱,zhu1,1,4.0,5.286,4.9666,EXTENDED,NO,Chinese Lexical Database v2.1
厄,e4,4,15.3134,3.9842,6.7976,EXTENDED,NO,Chinese Lexical Database v2.1
积,ji1,1,4.8358,3.9842,4.1957,EXTENDED,NO,Chinese Lexical Database v2.1
奴,nu2,2,7.3433,3.9744,4.811,EXTENDED,NO,Chinese Lexical Database v2.1
财,cai2,2,3.9701,24.8422,19.659,EXTENDED,NO,Chinese Lexical Database v2.1
溪,xi1,1,3.9701,5.2959,4.9666,EXTENDED,NO,Chinese Lexical Database v2.1
矿,kuang4,4,4.9851,3.9448,4.2031,EXTENDED,NO,Chinese Lexical Database v2.1
志,zhi4,4,3.9403,4.1815,4.1216,EXTENDED,NO,Chinese Lexical Database v2.1
坠,zhui4,4,3.9104,4.4379,4.3069,EXTENDED,NO,Chinese Lexical Database v2.1
屈,qu1,1,3.9104,4.3294,4.2254,EXTENDED,NO,Chinese Lexical Database v2.1
恐,kong3,3,10.4776,3.9053,5.5374,EXTENDED,NO,Chinese Lexical Database v2.1
圣,sheng4,4,66.6866,3.8856,19.4811,EXTENDED,NO,Chinese Lexical Database v2.1
枕,zhen3,3,3.8806,9.8225,8.3469,EXTENDED,NO,Chinese Lexical Database v2.1
密,mi4,4,25.3134,3.8757,9.1994,EXTENDED,NO,Chinese Lexical Database v2.1
伯,bo2,2,13.9701,3.8757,6.3825,EXTENDED,NO,Chinese Lexical Database v2.1
皇,huang2,2,3.8507,18.9842,15.2261,EXTENDED,NO,Chinese Lexical Database v2.1
喵,miao1,1,3.8507,7.8304,6.8421,EXTENDED,NO,Chinese Lexical Database v2.1
梳,shu1,1,3.8507,4.2998,4.1883,EXTENDED,NO,Chinese Lexical Database v2.1
逝,shi4,4,3.8507,4.0039,3.9659,EXTENDED,NO,Chinese Lexical Database v2.1
隐,yin3,3,5.6119,3.8462,4.2847,EXTENDED,NO,Chinese Lexical Database v2.1
铅,qian1,1,5.1343,3.7968,4.129,EXTENDED,NO,Chinese Lexical Database v2.1
故,gu4,4,3.791,16.6075,13.4248,EXTENDED,NO,Chinese Lexical Database v2.1
燃,ran2,2,3.791,4.6844,4.4626,EXTENDED,NO,Chinese Lexical Database v2.1
哩,li5,5,10.2985,3.787,5.404,EXTENDED,NO,Chinese Lexical Database v2.1
卵,luan3,3,3.791,3.7771,3.7806,EXTENDED,NO,Chinese Lexical Database v2.1
摄,she4,4,3.7612,4.7633,4.5145,EXTENDED,NO,Chinese Lexical Database v2.1
源,yuan2,2,9.8507,3.7377,5.2557,EXTENDED,NO,Chinese Lexical Database v2.1
庆,qing4,4,3.7313,15.5819,12.639,EXTENDED,NO,Chinese Lexical Database v2.1
维,wei2,2,39.9104,3.7081,12.6983,EXTENDED,NO,Chinese Lexical Database v2.1
形,xing2,2,20.3582,3.7081,7.8428,EXTENDED,NO,Chinese Lexical Database v2.1
续,xu4,4,3.7015,7.1598,6.301,EXTENDED,NO,Chinese Lexical Database v2.1
贺,he4,4,3.7015,6.3807,5.7153,EXTENDED,NO,Chinese Lexical Database v2.1
疑,yi2,2,8.2388,3.6982,4.8258,EXTENDED,NO,Chinese Lexical Database v2.1
咽,ye4,4,3.6418,6.3609,5.6857,EXTENDED,NO,Chinese Lexical Database v2.1
灾,zai1,1,3.6418,5.5424,5.0704,EXTENDED,NO,Chinese Lexical Database v2.1
仇,chou2,2,5.4925,3.6391,4.0993,EXTENDED,NO,Chinese Lexical Database v2.1
宗,zong1,1,12.4776,3.6292,5.8265,EXTENDED,NO,Chinese Lexical Database v2.1
介,jie4,4,9.0746,3.6095,4.9666,EXTENDED,NO,Chinese Lexical Database v2.1
罢,ba4,4,3.5522,26.8442,21.06,EXTENDED,NO,Chinese Lexical Database v2.1
颜,yan2,2,3.5522,22.86,18.0652,EXTENDED,NO,Chinese Lexical Database v2.1
渐,jian4,4,3.5522,22.1893,17.5612,EXTENDED,NO,Chinese Lexical Database v2.1
亏,kui1,1,3.5224,17.9093,14.3365,EXTENDED,NO,Chinese Lexical Database v2.1
霸,ba4,4,3.5224,12.7318,10.4448,EXTENDED,NO,Chinese Lexical Database v2.1
雅,ya3,3,11.2537,3.5207,5.4411,EXTENDED,NO,Chinese Lexical Database v2.1
简,jian3,3,14.3582,3.4911,6.1898,EXTENDED,NO,Chinese Lexical Database v2.1
轰,hong1,1,8.5373,3.4813,4.7368,EXTENDED,NO,Chinese Lexical Database v2.1
侯,hou2,2,4.1791,3.4714,3.6471,EXTENDED,NO,Chinese Lexical Database v2.1
犹,you2,2,3.4627,5.7298,5.1668,EXTENDED,NO,Chinese Lexical Database v2.1
柴,chai2,2,3.4627,4.5365,4.2698,EXTENDED,NO,Chinese Lexical Database v2.1
绒,rong2,2,3.4328,12.3077,10.1038,EXTENDED,NO,Chinese Lexical Database v2.1
始,shi3,3,3.4328,5.6509,5.1001,EXTENDED,NO,Chinese Lexical Database v2.1
锡,xi1,1,3.4328,3.6982,3.6323,EXTENDED,NO,Chinese Lexical Database v2.1
享,xiang3,3,3.403,56.6174,43.4025,EXTENDED,NO,Chinese Lexical Database v2.1
缓,huan3,3,3.403,6.9132,6.0415,EXTENDED,NO,Chinese Lexical Database v2.1
铃,ling2,2,10.0896,3.4024,5.063,EXTENDED,NO,Chinese Lexical Database v2.1
忠,zhong1,1,8.9851,3.3826,4.7739,EXTENDED,NO,Chinese Lexical Database v2.1
峰,feng1,1,3.3731,7.4753,6.4566,EXTENDED,NO,Chinese Lexical Database v2.1
呜,wu1,1,12.4179,3.3728,5.619,EXTENDED,NO,Chinese Lexical Database v2.1
审,shen3,3,8.5373,3.3333,4.6256,EXTENDED,NO,Chinese Lexical Database v2.1
渡,du4,4,8.5075,3.3235,4.6108,EXTENDED,NO,Chinese Lexical Database v2.1
炉,lu2,2,3.3134,5.7002,5.1075,EXTENDED,NO,Chinese Lexical Database v2.1
库,ku4,4,26.2687,3.284,8.9918,EXTENDED,NO,Chinese Lexical Database v2.1
献,xian4,4,13.9403,3.284,5.9303,EXTENDED,NO,Chinese Lexical Database v2.1
质,zhi4,4,9.2537,3.284,4.7665,EXTENDED,NO,Chinese Lexical Database v2.1
篮,lan2,2,9.194,3.284,4.7517,EXTENDED,NO,Chinese Lexical Database v2.1
携,xie2,2,3.2836,9.4576,7.9244,EXTENDED,NO,Chinese Lexical Database v2.1
验,yan4,4,5.5821,3.2742,3.8473,EXTENDED,NO,Chinese Lexical Database v2.1
垮,kua3,3,11.4627,3.2643,5.3002,EXTENDED,NO,Chinese Lexical Database v2.1
帆,fan1,1,3.2537,12.8698,10.4818,EXTENDED,NO,Chinese Lexical Database v2.1
烈,lie4,4,3.194,10.6312,8.7843,EXTENDED,NO,Chinese Lexical Database v2.1
盛,sheng4,4,3.194,9.3688,7.8354,EXTENDED,NO,Chinese Lexical Database v2.1
藤,teng2,2,3.5224,3.1854,3.2691,EXTENDED,NO,Chinese Lexical Database v2.1
斜,xie2,2,3.1642,5.9467,5.2557,EXTENDED,NO,Chinese Lexical Database v2.1
窄,zhai3,3,3.1642,5.4043,4.848,EXTENDED,NO,Chinese Lexical Database v2.1
揭,jie1,1,3.1642,3.215,3.2024,EXTENDED,NO,Chinese Lexical Database v2.1
营,ying2,2,15.5522,3.146,6.2268,EXTENDED,NO,Chinese Lexical Database v2.1
咧,lie1,1,4.5672,3.146,3.4989,EXTENDED,NO,Chinese Lexical Database v2.1
标,biao1,1,11.3433,3.1361,5.1742,EXTENDED,NO,Chinese Lexical Database v2.1
腔,qiang1,1,4.1194,3.1361,3.3803,EXTENDED,NO,Chinese Lexical Database v2.1
册,ce4,4,3.1343,8.5996,7.2424,EXTENDED,NO,Chinese Lexical Database v2.1
荡,dang4,4,3.4627,3.1262,3.2098,EXTENDED,NO,Chinese Lexical Database v2.1
栽,zai1,1,4.2687,3.1164,3.4025,EXTENDED,NO,Chinese Lexical Database v2.1
医,yi1,1,10.6567,3.1065,4.9815,EXTENDED,NO,Chinese Lexical Database v2.1
俺,an3,3,3.1045,85.8087,65.2706,EXTENDED,NO,Chinese Lexical Database v2.1
识,zhi4,4,3.1045,16.6469,13.2839,EXTENDED,NO,Chinese Lexical Database v2.1
稀,xi1,1,3.1045,4.9211,4.47,EXTENDED,NO,Chinese Lexical Database v2.1
涌,yong3,3,4.9851,3.0966,3.5656,EXTENDED,NO,Chinese Lexical Database v2.1
驱,qu1,1,6.5075,3.0868,3.9362,EXTENDED,NO,Chinese Lexical Database v2.1
拥,yong1,1,3.9403,3.0769,3.2913,EXTENDED,NO,Chinese Lexical Database v2.1
旺,wang4,4,3.0746,27.6726,21.5641,EXTENDED,NO,Chinese Lexical Database v2.1
忒,te4,4,3.0746,13.5207,10.9266,EXTENDED,NO,Chinese Lexical Database v2.1
笼,long2,2,3.0746,5.4635,4.8703,EXTENDED,NO,Chinese Lexical Database v2.1
荣,rong2,2,13.3731,3.0671,5.6264,EXTENDED,NO,Chinese Lexical Database v2.1
键,jian4,4,9.0149,3.0671,4.5441,EXTENDED,NO,Chinese Lexical Database v2.1
缩,suo1,1,6.8955,3.0671,4.0178,EXTENDED,NO,Chinese Lexical Database v2.1
参,shen1,1,5.4925,3.0572,3.662,EXTENDED,NO,Chinese Lexical Database v2.1
兔,tu4,4,11.7612,3.0473,5.2113,EXTENDED,NO,Chinese Lexical Database v2.1
乙,yi3,3,3.0448,17.7811,14.1216,EXTENDED,NO,Chinese Lexical Database v2.1
穴,xue2,2,3.0448,3.2544,3.2024,EXTENDED,NO,Chinese Lexical Database v2.1
搏,bo2,2,6.6269,3.0276,3.9214,EXTENDED,NO,Chinese Lexical Database v2.1
评,ping2,2,3.0149,20.9467,16.4937,EXTENDED,NO,Chinese Lexical Database v2.1
骚,sao1,1,6.9254,3.0079,3.9807,EXTENDED,NO,Chinese Lexical Database v2.1
赴,fu4,4,2.9851,9.1124,7.5908,EXTENDED,NO,Chinese Lexical Database v2.1
丰,feng1,1,2.9851,8.6686,7.2572,EXTENDED,NO,Chinese Lexical Database v2.1
挪,nuo2,2,11.0149,2.9783,4.9741,EXTENDED,NO,Chinese Lexical Database v2.1
呦,you1,1,12.9254,2.9586,5.4337,EXTENDED,NO,Chinese Lexical Database v2.1
噗,pu1,1,2.9552,6.0256,5.2632,EXTENDED,NO,Chinese Lexical Database v2.1
津,jin1,1,2.9552,4.6351,4.2179,EXTENDED,NO,Chinese Lexical Database v2.1
呛,qiang4,4,2.9552,3.432,3.3136,EXTENDED,NO,Chinese Lexical Database v2.1
征,zheng1,1,5.5522,2.9389,3.5878,EXTENDED,NO,Chinese Lexical Database v2.1
鸣,ming2,2,2.9254,32.2189,24.9444,EXTENDED,NO,Chinese Lexical Database v2.1
毙,bi4,4,14.2687,2.9191,5.7376,EXTENDED,NO,Chinese Lexical Database v2.1
钩,gou1,1,7.9701,2.9191,4.1735,EXTENDED,NO,Chinese Lexical Database v2.1
沿,yan2,2,5.3134,2.9191,3.5137,EXTENDED,NO,Chinese Lexical Database v2.1
宿,su4,4,11.4925,2.9093,5.0408,EXTENDED,NO,Chinese Lexical Database v2.1
悟,wu4,4,2.8955,11.7258,9.533,EXTENDED,NO,Chinese Lexical Database v2.1
恰,qia4,4,2.8955,10.4043,8.5397,EXTENDED,NO,Chinese Lexical Database v2.1
庙,miao4,4,2.8955,7.9684,6.7087,EXTENDED,NO,Chinese Lexical Database v2.1
逆,ni4,4,2.8955,4.8817,4.3884,EXTENDED,NO,Chinese Lexical Database v2.1
衬,chen4,4,2.8955,3.6884,3.4915,EXTENDED,NO,Chinese Lexical Database v2.1
祖,zu3,3,2.8955,3.4615,3.321,EXTENDED,NO,Chinese Lexical Database v2.1
袭,xi2,2,7.3731,2.8895,4.003,EXTENDED,NO,Chinese Lexical Database v2.1
途,tu2,2,3.2537,2.8797,2.9726,EXTENDED,NO,Chinese Lexical Database v2.1
叼,diao1,1,2.8657,24.1913,18.8955,EXTENDED,NO,Chinese Lexical Database v2.1
澳,ao4,4,2.8657,18.57,14.6701,EXTENDED,NO,Chinese Lexical Database v2.1
奥,ao4,4,32.6269,2.8501,10.2446,EXTENDED,NO,Chinese Lexical Database v2.1
义,yi4,4,7.7015,2.8402,4.0474,EXTENDED,NO,Chinese Lexical Database v2.1
担,dan4,4,3.9701,2.8402,3.1208,EXTENDED,NO,Chinese Lexical Database v2.1
辈,bei4,4,2.8358,4.645,4.1957,EXTENDED,NO,Chinese Lexical Database v2.1
捣,dao3,3,2.8358,4.5266,4.1067,EXTENDED,NO,Chinese Lexical Database v2.1
泉,quan2,2,4.3582,2.8205,3.2024,EXTENDED,NO,Chinese Lexical Database v2.1
勺,shao2,2,2.806,3.8067,3.5582,EXTENDED,NO,Chinese Lexical Database v2.1
技,ji4,4,4.597,2.8008,3.2468,EXTENDED,NO,Chinese Lexical Database v2.1
员,yun4,4,201.8806,2.7909,52.2313,EXTENDED,NO,Chinese Lexical Database v2.1
媒,mei2,2,7.7313,2.7811,4.0104,EXTENDED,NO,Chinese Lexical Database v2.1
辅,fu3,3,2.7761,10.286,8.4211,EXTENDED,NO,Chinese Lexical Database v2.1
粮,liang2,2,2.7761,8.7968,7.3017,EXTENDED,NO,Chinese Lexical Database v2.1
黏,nian2,2,2.7761,5.3748,4.7294,EXTENDED,NO,Chinese Lexical Database v2.1
洪,hong2,2,2.7761,4.8619,4.344,EXTENDED,NO,Chinese Lexical Database v2.1
卢,lu2,2,11.1045,2.7712,4.8406,EXTENDED,NO,Chinese Lexical Database v2.1
榜,bang3,3,2.7463,35.6706,27.4944,EXTENDED,NO,Chinese Lexical Database v2.1
晨,chen2,2,2.7463,23.2544,18.1616,EXTENDED,NO,Chinese Lexical Database v2.1
赠,zeng4,4,2.7463,7.6036,6.3973,EXTENDED,NO,Chinese Lexical Database v2.1
钉,ding4,4,19.194,2.7416,6.8273,EXTENDED,NO,Chinese Lexical Database v2.1
嗷,ao2,2,8.3582,2.7416,4.1364,EXTENDED,NO,Chinese Lexical Database v2.1
侠,xia2,2,24.6866,2.7318,8.1838,EXTENDED,NO,Chinese Lexical Database v2.1
士,shi4,4,24.7761,2.7219,8.1987,EXTENDED,NO,Chinese Lexical Database v2.1
稿,gao3,3,5.6716,2.7022,3.4396,EXTENDED,NO,Chinese Lexical Database v2.1
逮,dai3,3,28.4478,2.6923,9.0882,EXTENDED,NO,Chinese Lexical Database v2.1
爷,ye2,2,2.6866,5.0986,4.4996,EXTENDED,NO,Chinese Lexical Database v2.1
搁,ge1,1,2.6866,4.0434,3.7064,EXTENDED,NO,Chinese Lexical Database v2.1
幢,zhuang4,4,12.9851,2.6824,5.2409,EXTENDED,NO,Chinese Lexical Database v2.1
碟,die2,2,11.7313,2.6627,4.9148,EXTENDED,NO,Chinese Lexical Database v2.1
逢,feng2,2,2.6567,18.856,14.8332,EXTENDED,NO,Chinese Lexical Database v2.1
肿,zhong3,3,7.5224,2.6529,3.8621,EXTENDED,NO,Chinese Lexical Database v2.1
杆,gan3,3,22.806,2.6331,7.6427,EXTENDED,NO,Chinese Lexical Database v2.1
柱,zhu4,4,2.9254,2.6331,2.7057,EXTENDED,NO,Chinese Lexical Database v2.1
暂,zan4,4,2.6269,7.998,6.6642,EXTENDED,NO,Chinese Lexical Database v2.1
汪,wang1,1,2.6269,5.3748,4.6924,EXTENDED,NO,Chinese Lexical Database v2.1
良,liang2,2,2.6269,4.931,4.3588,EXTENDED,NO,Chinese Lexical Database v2.1
夺,duo2,2,38.4478,2.6036,11.5048,EXTENDED,NO,Chinese Lexical Database v2.1
拎,lin1,1,2.597,9.9014,8.0875,EXTENDED,NO,Chinese Lexical Database v2.1
钙,gai4,4,2.597,7.7909,6.5011,EXTENDED,NO,Chinese Lexical Database v2.1
亭,ting2,2,2.597,2.5937,2.5945,EXTENDED,NO,Chinese Lexical Database v2.1
施,shi1,1,14.4478,2.574,5.5226,EXTENDED,NO,Chinese Lexical Database v2.1
充,chong1,1,4.5672,2.574,3.0689,EXTENDED,NO,Chinese Lexical Database v2.1
淹,yan1,1,3.791,2.574,2.8762,EXTENDED,NO,Chinese Lexical Database v2.1
葱,cong1,1,2.5672,18.57,14.596,EXTENDED,NO,Chinese Lexical Database v2.1
斩,zhan3,3,2.5672,8.8166,7.2646,EXTENDED,NO,Chinese Lexical Database v2.1
哑,ya3,3,2.5672,7.1598,6.0193,EXTENDED,NO,Chinese Lexical Database v2.1
俱,ju4,4,5.8806,2.5641,3.3877,EXTENDED,NO,Chinese Lexical Database v2.1
诸,zhu1,1,4.9254,2.5542,3.1431,EXTENDED,NO,Chinese Lexical Database v2.1
迎,ying2,2,2.5373,63.7968,48.5841,EXTENDED,NO,Chinese Lexical Database v2.1
跃,yue4,4,2.5373,7.929,6.5901,EXTENDED,NO,Chinese Lexical Database v2.1
历,li4,4,2.5373,6.6667,5.6412,EXTENDED,NO,Chinese Lexical Database v2.1
攀,pan1,1,4.0597,2.5247,2.9059,EXTENDED,NO,Chinese Lexical Database v2.1
蒸,zheng1,1,2.5075,19.7337,15.4559,EXTENDED,NO,Chinese Lexical Database v2.1
刘,liu2,2,2.5075,12.5247,10.0371,EXTENDED,NO,Chinese Lexical Database v2.1
豹,bao4,4,5.2537,2.5049,3.1875,EXTENDED,NO,Chinese Lexical Database v2.1
巡,xun2,2,3.8209,2.4951,2.8243,EXTENDED,NO,Chinese Lexical Database v2.1
济,ji4,4,3.3134,2.4951,2.6983,EXTENDED,NO,Chinese Lexical Database v2.1
勒,lei1,1,36.0597,2.4852,10.8228,EXTENDED,NO,Chinese Lexical Database v2.1
绷,beng1,1,5.791,2.4852,3.3062,EXTENDED,NO,Chinese Lexical Database v2.1
狐,hu2,2,2.5075,2.4852,2.4907,EXTENDED,NO,Chinese Lexical Database v2.1
息,xi1,1,2.4776,6.8245,5.745,EXTENDED,NO,Chinese Lexical Database v2.1
融,rong2,2,2.4776,3.0671,2.9207,EXTENDED,NO,Chinese Lexical Database v2.1
莲,lian2,2,5.5224,2.4655,3.2246,EXTENDED,NO,Chinese Lexical Database v2.1
仁,ren2,2,3.2239,2.4655,2.6538,EXTENDED,NO,Chinese Lexical Database v2.1
返,fan3,3,2.4478,24.3195,18.8881,EXTENDED,NO,Chinese Lexical Database v2.1
跤,jiao1,1,2.4478,4.7239,4.1586,EXTENDED,NO,Chinese Lexical Database v2.1
忧,you1,1,2.3881,6.144,5.2113,EXTENDED,NO,Chinese Lexical Database v2.1
筑,zhu4,4,2.3881,5.7396,4.9073,EXTENDED,NO,Chinese Lexical Database v2.1
农,nong2,2,2.3881,4.1617,3.7213,EXTENDED,NO,Chinese Lexical Database v2.1
靓,liang4,4,8.4478,2.3866,3.8918,EXTENDED,NO,Chinese Lexical Database v2.1
坡,po1,1,4.7463,2.3669,2.9577,EXTENDED,NO,Chinese Lexical Database v2.1
竹,zhu2,2,2.3582,2.8107,2.6983,EXTENDED,NO,Chinese Lexical Database v2.1
卜,bu3,3,4.209,2.357,2.8169,EXTENDED,NO,Chinese Lexical Database v2.1
碱,jian3,3,2.597,2.357,2.4166,EXTENDED,NO,Chinese Lexical Database v2.1
宾,bin1,1,10.8955,2.3471,4.47,EXTENDED,NO,Chinese Lexical Database v2.1
伏,fu2,2,9.194,2.3471,4.0474,EXTENDED,NO,Chinese Lexical Database v2.1
鲍,bao4,4,8.0896,2.3471,3.7732,EXTENDED,NO,Chinese Lexical Database v2.1
违,wei2,2,2.3284,4.5957,4.0326,EXTENDED,NO,Chinese Lexical Database v2.1
府,fu3,3,3.3134,2.3176,2.5649,EXTENDED,NO,Chinese Lexical Database v2.1
竞,jing4,4,3.2836,2.3176,2.5574,EXTENDED,NO,Chinese Lexical Database v2.1
搓,cuo1,1,2.2985,27.2978,21.0897,EXTENDED,NO,Chinese Lexical Database v2.1
嘎,ga1,1,4.0299,2.2978,2.7279,EXTENDED,NO,Chinese Lexical Database v2.1
纵,zong4,4,2.2687,5.3254,4.5663,EXTENDED,NO,Chinese Lexical Database v2.1
挫,cuo4,4,2.2687,4.8126,4.1809,EXTENDED,NO,Chinese Lexical Database v2.1
碍,ai4,4,6.4776,2.2682,3.3136,EXTENDED,NO,Chinese Lexical Database v2.1
肖,xiao4,4,5.5821,2.2682,3.0912,EXTENDED,NO,Chinese Lexical Database v2.1
效,xiao4,4,4.9254,2.2682,2.9281,EXTENDED,NO,Chinese Lexical Database v2.1
夕,xi1,1,2.7463,2.2584,2.3795,EXTENDED,NO,Chinese Lexical Database v2.1
阔,kuo4,4,2.2388,6.5385,5.4707,EXTENDED,NO,Chinese Lexical Database v2.1
陆,lu4,4,2.2388,2.8698,2.7131,EXTENDED,NO,Chinese Lexical Database v2.1
杜,du4,4,17.9403,2.2387,6.1379,EXTENDED,NO,Chinese Lexical Database v2.1
掘,jue2,2,4.6269,2.2387,2.8317,EXTENDED,NO,Chinese Lexical Database v2.1
宜,yi2,2,2.209,37.1203,28.4507,EXTENDED,NO,Chinese Lexical Database v2.1
梁,liang2,2,2.209,8.6982,7.0867,EXTENDED,NO,Chinese Lexical Database v2.1
煤,mei2,2,2.209,4.2801,3.7658,EXTENDED,NO,Chinese Lexical Database v2.1
缸,gang1,1,2.209,2.3471,2.3128,EXTENDED,NO,Chinese Lexical Database v2.1
婴,ying1,1,2.5672,2.1992,2.2906,EXTENDED,NO,Chinese Lexical Database v2.1
浆,jiang1,1,2.2985,2.1992,2.2239,EXTENDED,NO,Chinese Lexical Database v2.1
迷,mi2,2,41.7612,2.1795,12.0089,EXTENDED,NO,Chinese Lexical Database v2.1
鹤,he4,4,2.1791,10.6903,8.5767,EXTENDED,NO,Chinese Lexical Database v2.1
揽,lan3,3,2.1791,5.0394,4.3291,EXTENDED,NO,Chinese Lexical Database v2.1
幼,you4,4,2.1791,3.6391,3.2765,EXTENDED,NO,Chinese Lexical Database v2.1
株,zhu1,1,2.1791,3.4714,3.1505,EXTENDED,NO,Chinese Lexical Database v2.1
彼,bi3,3,3.5522,2.1598,2.5056,EXTENDED,NO,Chinese Lexical Database v2.1
笛,di2,2,3.5224,2.1598,2.4981,EXTENDED,NO,Chinese Lexical Database v2.1
悲,bei1,1,2.1493,51.5385,39.2735,EXTENDED,NO,Chinese Lexical Database v2.1
蒜,suan4,4,2.1493,12.2485,9.7405,EXTENDED,NO,Chinese Lexical Database v2.1
殿,dian4,4,2.1493,2.2781,2.2461,EXTENDED,NO,Chinese Lexical Database v2.1
衫,shan1,1,6.8657,2.1302,3.3062,EXTENDED,NO,Chinese Lexical Database v2.1
孩,hai2,2,6.3881,2.1302,3.1875,EXTENDED,NO,Chinese Lexical Database v2.1
押,ya1,1,14.209,2.1203,5.1223,EXTENDED,NO,Chinese Lexical Database v2.1
戳,chuo1,1,12.3582,2.1203,4.6627,EXTENDED,NO,Chinese Lexical Database v2.1
袖,xiu4,4,2.1194,13.9842,11.0378,EXTENDED,NO,Chinese Lexical Database v2.1
鞭,bian1,1,2.1194,3.5602,3.2024,EXTENDED,NO,Chinese Lexical Database v2.1
滩,tan1,1,4.209,2.1105,2.6316,EXTENDED,NO,Chinese Lexical Database v2.1
启,qi3,3,3.9403,2.0907,2.55,EXTENDED,NO,Chinese Lexical Database v2.1
娇,jiao1,1,2.0896,10.9961,8.7843,EXTENDED,NO,Chinese Lexical Database v2.1
诱,you4,4,2.0896,5.0394,4.3069,EXTENDED,NO,Chinese Lexical Database v2.1
植,zhi2,2,7.7612,2.0809,3.4915,EXTENDED,NO,Chinese Lexical Database v2.1
屁,pi4,4,69.6119,2.0414,18.8213,EXTENDED,NO,Chinese Lexical Database v2.1
瑞,rui4,4,53.403,2.0414,14.7961,EXTENDED,NO,Chinese Lexical Database v2.1
业,ye4,4,13.6418,2.0316,4.9148,EXTENDED,NO,Chinese Lexical Database v2.1
昂,ang2,2,6.0597,2.0316,3.0319,EXTENDED,NO,Chinese Lexical Database v2.1
贪,tan1,1,2.0299,7.9191,6.4566,EXTENDED,NO,Chinese Lexical Database v2.1
予,yu3,3,2.0299,3.9744,3.4915,EXTENDED,NO,Chinese Lexical Database v2.1
斤,jin1,1,2.0,60.6607,46.0934,EXTENDED,NO,Chinese Lexical Database v2.1
雌,ci2,2,2.0,5.5227,4.6479,EXTENDED,NO,Chinese Lexical Database v2.1
叙,xu4,4,2.0,2.8304,2.6242,EXTENDED,NO,Chinese Lexical Database v2.1
汝,ru3,3,2.3284,1.9921,2.0756,EXTENDED,NO,Chinese Lexical Database v2.1
奶,nai3,3,23.1642,1.9724,7.235,EXTENDED,NO,Chinese Lexical Database v2.1
奉,feng4,4,7.3134,1.9724,3.2987,EXTENDED,NO,Chinese Lexical Database v2.1
诚,cheng2,2,1.9701,5.5227,4.6405,EXTENDED,NO,Chinese Lexical Database v2.1
掂,dian1,1,1.9701,5.1677,4.3736,EXTENDED,NO,Chinese Lexical Database v2.1
瘪,bie3,3,1.9701,2.0611,2.0385,EXTENDED,NO,Chinese Lexical Database v2.1
商,shang1,1,21.9403,1.9527,6.9162,EXTENDED,NO,Chinese Lexical Database v2.1
缴,zhuo2,2,2.2985,1.9527,2.0385,EXTENDED,NO,Chinese Lexical Database v2.1
责,ze2,2,3.5821,1.9428,2.3499,EXTENDED,NO,Chinese Lexical Database v2.1
晴,qing2,2,1.9403,41.2032,31.4529,EXTENDED,NO,Chinese Lexical Database v2.1
芽,ya2,2,1.9403,3.4813,3.0986,EXTENDED,NO,Chinese Lexical Database v2.1
妆,zhuang1,1,10.6567,1.9329,4.0993,EXTENDED,NO,Chinese Lexical Database v2.1
橙,cheng2,2,2.9254,1.9329,2.1794,EXTENDED,NO,Chinese Lexical Database v2.1
铝,lv3,3,2.597,1.9231,2.0904,EXTENDED,NO,Chinese Lexical Database v2.1
恋,lian4,4,31.4627,1.9034,9.2439,EXTENDED,NO,Chinese Lexical Database v2.1
畜,xu4,4,6.7761,1.9034,3.1134,EXTENDED,NO,Chinese Lexical Database v2.1
碾,nian3,3,3.5821,1.8935,2.3128,EXTENDED,NO,Chinese Lexical Database v2.1
寒,han2,2,1.8806,23.7278,18.3024,EXTENDED,NO,Chinese Lexical Database v2.1
迫,po4,4,1.8806,6.568,5.404,EXTENDED,NO,Chinese Lexical Database v2.1
畏,wei4,4,1.8806,4.1026,3.5508,EXTENDED,NO,Chinese Lexical Database v2.1
奏,zou4,4,3.5224,1.8738,2.2832,EXTENDED,NO,Chinese Lexical Database v2.1
嘻,xi1,1,19.0746,1.8639,6.1379,EXTENDED,NO,Chinese Lexical Database v2.1
尤,you2,2,5.791,1.8639,2.8391,EXTENDED,NO,Chinese Lexical Database v2.1
彭,peng2,2,3.7612,1.8639,2.3351,EXTENDED,NO,Chinese Lexical Database v2.1
巷,xiang4,4,3.4627,1.8639,2.2609,EXTENDED,NO,Chinese Lexical Database v2.1
黎,li2,2,1.8507,25.1282,19.3477,EXTENDED,NO,Chinese Lexical Database v2.1
臣,chen2,2,1.8507,4.1124,3.5508,EXTENDED,NO,Chinese Lexical Database v2.1
媚,mei4,4,1.8507,2.3964,2.2609,EXTENDED,NO,Chinese Lexical Database v2.1
辨,bian4,4,3.5224,1.8343,2.2535,EXTENDED,NO,Chinese Lexical Database v2.1
簿,bu4,4,4.209,1.8245,2.4166,EXTENDED,NO,Chinese Lexical Database v2.1
怜,lian2,2,1.8209,23.3333,17.9911,EXTENDED,NO,Chinese Lexical Database v2.1
燕,yan4,4,1.8209,9.4181,7.5315,EXTENDED,NO,Chinese Lexical Database v2.1
杖,zhang4,4,1.8209,6.0552,5.0037,EXTENDED,NO,Chinese Lexical Database v2.1
逐,zhu2,2,1.8209,3.4813,3.0689,EXTENDED,NO,Chinese Lexical Database v2.1
详,xiang2,2,1.8209,2.4458,2.2906,EXTENDED,NO,Chinese Lexical Database v2.1
秘,mi4,4,6.7463,1.7949,3.0245,EXTENDED,NO,Chinese Lexical Database v2.1
阁,ge2,2,1.9403,1.7949,1.831,EXTENDED,NO,Chinese Lexical Database v2.1
轴,zhou4,4,3.7015,1.7653,2.2461,EXTENDED,NO,Chinese Lexical Database v2.1
溢,yi4,4,1.7612,21.1637,16.3454,EXTENDED,NO,Chinese Lexical Database v2.1
赵,zhao4,4,1.7612,17.3373,13.4692,EXTENDED,NO,Chinese Lexical Database v2.1
咩,mie1,1,1.7612,7.2091,5.8562,EXTENDED,NO,Chinese Lexical Database v2.1
羹,geng1,1,1.7612,4.497,3.8176,EXTENDED,NO,Chinese Lexical Database v2.1
符,fu2,2,1.7612,4.3294,3.6916,EXTENDED,NO,Chinese Lexical Database v2.1
诊,zhen3,3,1.8507,1.7554,1.7791,EXTENDED,NO,Chinese Lexical Database v2.1
狱,yu4,4,12.0,1.7357,4.2847,EXTENDED,NO,Chinese Lexical Database v2.1
毫,hao2,2,1.7313,58.0671,44.0771,EXTENDED,NO,Chinese Lexical Database v2.1
估,gu1,1,1.7313,7.3471,5.9526,EXTENDED,NO,Chinese Lexical Database v2.1
适,shi4,4,1.7313,7.0907,5.7598,EXTENDED,NO,Chinese Lexical Database v2.1
境,jing4,4,1.7313,4.8323,4.0623,EXTENDED,NO,Chinese Lexical Database v2.1
褪,tun4,4,1.7313,1.7456,1.742,EXTENDED,NO,Chinese Lexical Database v2.1
率,shuai4,4,18.7761,1.7258,5.96,EXTENDED,NO,Chinese Lexical Database v2.1
航,hang2,2,8.2985,1.7258,3.358,EXTENDED,NO,Chinese Lexical Database v2.1
呸,pei1,1,2.8358,1.716,1.9941,EXTENDED,NO,Chinese Lexical Database v2.1
嗅,xiu4,4,4.7463,1.7061,2.4611,EXTENDED,NO,Chinese Lexical Database v2.1
萧,xiao1,1,1.7015,2.5444,2.3351,EXTENDED,NO,Chinese Lexical Database v2.1
预,yu4,4,7.791,1.6963,3.2098,EXTENDED,NO,Chinese Lexical Database v2.1
妖,yao1,1,7.7612,1.6765,3.1875,EXTENDED,NO,Chinese Lexical Database v2.1
孰,shu2,2,1.6716,20.4339,15.7746,EXTENDED,NO,Chinese Lexical Database v2.1
缕,lv3,3,1.6716,10.5325,8.3321,EXTENDED,NO,Chinese Lexical Database v2.1
承,cheng2,2,1.6716,2.0611,1.9644,EXTENDED,NO,Chinese Lexical Database v2.1
嘞,lei5,5,1.6418,1.8047,1.7643,EXTENDED,NO,Chinese Lexical Database v2.1
拱,gong3,3,1.6418,1.6568,1.6531,EXTENDED,NO,Chinese Lexical Database v2.1
敷,fu1,1,3.9403,1.6371,2.209,EXTENDED,NO,Chinese Lexical Database v2.1
庭,ting2,2,21.1642,1.6272,6.4789,EXTENDED,NO,Chinese Lexical Database v2.1
掩,yan3,3,1.6119,3.0276,2.6761,EXTENDED,NO,Chinese Lexical Database v2.1
牧,mu4,4,1.6119,2.7613,2.4759,EXTENDED,NO,Chinese Lexical Database v2.1
资,zi1,1,2.8657,1.6075,1.9199,EXTENDED,NO,Chinese Lexical Database v2.1
泄,xie4,4,1.7313,1.6075,1.6383,EXTENDED,NO,Chinese Lexical Database v2.1
桑,sang1,1,8.2388,1.5976,3.2468,EXTENDED,NO,Chinese Lexical Database v2.1
郡,jun4,4,22.1791,1.5878,6.7013,EXTENDED,NO,Chinese Lexical Database v2.1
悔,hui3,3,1.5821,9.4083,7.4648,EXTENDED,NO,Chinese Lexical Database v2.1
晓,xiao3,3,1.5821,8.2446,6.5901,EXTENDED,NO,Chinese Lexical Database v2.1
姑,gu1,1,1.5821,8.0769,6.464,EXTENDED,NO,Chinese Lexical Database v2.1
苗,miao2,2,1.5821,3.0079,2.6538,EXTENDED,NO,Chinese Lexical Database v2.1
觅,mi4,4,1.5821,1.9527,1.8606,EXTENDED,NO,Chinese Lexical Database v2.1
茧,jian3,3,2.0,1.5779,1.6827,EXTENDED,NO,Chinese Lexical Database v2.1
魔,mo2,2,41.5224,1.568,11.49,EXTENDED,NO,Chinese Lexical Database v2.1
萨,sa4,4,40.6567,1.5582,11.2676,EXTENDED,NO,Chinese Lexical Database v2.1
搜,sou1,1,21.8209,1.5582,6.5901,EXTENDED,NO,Chinese Lexical Database v2.1
呕,ou3,3,3.0448,1.5582,1.9274,EXTENDED,NO,Chinese Lexical Database v2.1
凤,feng4,4,1.5522,54.7239,41.5196,EXTENDED,NO,Chinese Lexical Database v2.1
哀,ai1,1,1.5522,3.3826,2.9281,EXTENDED,NO,Chinese Lexical Database v2.1
导,dao3,3,5.8209,1.5483,2.6093,EXTENDED,NO,Chinese Lexical Database v2.1
貌,mao4,4,4.4776,1.5483,2.2758,EXTENDED,NO,Chinese Lexical Database v2.1
妳,nai3,3,19.0448,1.5385,5.8858,EXTENDED,NO,Chinese Lexical Database v2.1
抄,chao1,1,6.9851,1.5385,2.891,EXTENDED,NO,Chinese Lexical Database v2.1
粪,fen4,4,4.597,1.5385,2.298,EXTENDED,NO,Chinese Lexical Database v2.1
匙,shi5,5,3.9403,1.5385,2.1349,EXTENDED,NO,Chinese Lexical Database v2.1
贫,pin2,2,1.5224,4.6548,3.8769,EXTENDED,NO,Chinese Lexical Database v2.1
申,shen1,1,1.5224,1.9329,1.831,EXTENDED,NO,Chinese Lexical Database v2.1
钠,na4,4,2.0,1.5187,1.6383,EXTENDED,NO,Chinese Lexical Database v2.1
益,yi4,4,1.4925,6.2327,5.0556,EXTENDED,NO,Chinese Lexical Database v2.1
诺,nuo4,4,37.4627,1.4793,10.4151,EXTENDED,NO,Chinese Lexical Database v2.1
袍,pao2,2,4.9851,1.4694,2.3425,EXTENDED,NO,Chinese Lexical Database v2.1
啵,bo5,5,2.1791,1.4694,1.6457,EXTENDED,NO,Chinese Lexical Database v2.1
惜,xi1,1,1.4627,14.1617,11.0082,EXTENDED,NO,Chinese Lexical Database v2.1
砂,sha1,1,1.4627,9.4872,7.4944,EXTENDED,NO,Chinese Lexical Database v2.1
拟,ni3,3,1.4627,5.6509,4.6108,EXTENDED,NO,Chinese Lexical Database v2.1
瓣,ban4,4,1.4627,4.1913,3.5137,EXTENDED,NO,Chinese Lexical Database v2.1
苟,gou3,3,1.4627,1.6469,1.6012,EXTENDED,NO,Chinese Lexical Database v2.1
疲,pi2,2,1.4627,1.4892,1.4826,EXTENDED,NO,Chinese Lexical Database v2.1
豆,dou4,4,12.209,1.4596,4.129,EXTENDED,NO,Chinese Lexical Database v2.1
琼,qiong2,2,5.4925,1.4596,2.4611,EXTENDED,NO,Chinese Lexical Database v2.1
洲,zhou1,1,3.4925,1.4497,1.957,EXTENDED,NO,Chinese Lexical Database v2.1
舟,zhou1,1,1.4328,2.6627,2.3573,EXTENDED,NO,Chinese Lexical Database v2.1
傍,bang4,4,1.4328,2.1105,1.9422,EXTENDED,NO,Chinese Lexical Database v2.1
腥,xing1,1,1.4328,1.6963,1.6308,EXTENDED,NO,Chinese Lexical Database v2.1
唤,huan4,4,1.4328,1.6272,1.5789,EXTENDED,NO,Chinese Lexical Database v2.1
抖,dou3,3,6.9552,1.43,2.8021,EXTENDED,NO,Chinese Lexical Database v2.1
销,xiao1,1,1.4328,1.43,1.4307,EXTENDED,NO,Chinese Lexical Database v2.1
彩,cai3,3,11.7313,1.4201,3.9807,EXTENDED,NO,Chinese Lexical Database v2.1
丙,bing3,3,2.6567,1.4201,1.7272,EXTENDED,NO,Chinese Lexical Database v2.1
喷,pen1,1,25.4627,1.4103,7.3832,EXTENDED,NO,Chinese Lexical Database v2.1
政,zheng4,4,1.9403,1.4103,1.5419,EXTENDED,NO,Chinese Lexical Database v2.1
迁,qian1,1,1.403,6.0454,4.8925,EXTENDED,NO,Chinese Lexical Database v2.1
亩,mu3,3,1.403,4.1617,3.4766,EXTENDED,NO,Chinese Lexical Database v2.1
冯,feng2,2,1.403,2.4063,2.1572,EXTENDED,NO,Chinese Lexical Database v2.1
魏,wei4,4,1.403,2.002,1.8532,EXTENDED,NO,Chinese Lexical Database v2.1
社,she4,4,10.1493,1.4004,3.573,EXTENDED,NO,Chinese Lexical Database v2.1
券,quan4,4,3.3134,1.4004,1.8755,EXTENDED,NO,Chinese Lexical Database v2.1
淘,tao2,2,2.0597,1.4004,1.5641,EXTENDED,NO,Chinese Lexical Database v2.1
宣,xuan1,1,1.5224,1.3905,1.4233,EXTENDED,NO,Chinese Lexical Database v2.1
逊,xun4,4,11.0746,1.3807,3.788,EXTENDED,NO,Chinese Lexical Database v2.1
伪,wei3,3,1.3731,11.4793,8.9696,EXTENDED,NO,Chinese Lexical Database v2.1
腮,sai1,1,1.3731,1.7751,1.6753,EXTENDED,NO,Chinese Lexical Database v2.1
兜,dou1,1,6.9552,1.3511,2.7428,EXTENDED,NO,Chinese Lexical Database v2.1
嫩,nen4,4,6.0896,1.3511,2.5278,EXTENDED,NO,Chinese Lexical Database v2.1
郭,guo1,1,1.3433,14.5562,11.275,EXTENDED,NO,Chinese Lexical Database v2.1
阶,jie1,1,1.3134,87.2682,65.9229,EXTENDED,NO,Chinese Lexical Database v2.1
秤,cheng4,4,1.3134,6.2229,5.0037,EXTENDED,NO,Chinese Lexical Database v2.1
钾,jia3,3,1.3134,2.8205,2.4463,EXTENDED,NO,Chinese Lexical Database v2.1
聘,pin4,4,2.3284,1.3018,1.5567,EXTENDED,NO,Chinese Lexical Database v2.1
孝,xiao4,4,1.2836,5.5917,4.5219,EXTENDED,NO,Chinese Lexical Database v2.1
锌,xin1,1,1.2836,2.6923,2.3425,EXTENDED,NO,Chinese Lexical Database v2.1
邻,lin2,2,1.2836,2.4852,2.1868,EXTENDED,NO,Chinese Lexical Database v2.1
慎,shen4,4,1.2836,2.3471,2.083,EXTENDED,NO,Chinese Lexical Database v2.1
痘,dou4,4,2.5373,1.2821,1.5938,EXTENDED,NO,Chinese Lexical Database v2.1
粥,zhou1,1,4.2388,1.2722,2.0089,EXTENDED,NO,Chinese Lexical Database v2.1
循,xun2,2,2.1493,1.2722,1.49,EXTENDED,NO,Chinese Lexical Database v2.1
蓄,xu4,4,2.0299,1.2623,1.4529,EXTENDED,NO,Chinese Lexical Database v2.1
矣,yi3,3,1.2537,8.4714,6.679,EXTENDED,NO,Chinese Lexical Database v2.1
冤,yuan1,1,1.2537,4.0828,3.3803,EXTENDED,NO,Chinese Lexical Database v2.1
刊,kan1,1,1.2537,3.3629,2.8391,EXTENDED,NO,Chinese Lexical Database v2.1
磷,lin2,2,1.2537,2.0513,1.8532,EXTENDED,NO,Chinese Lexical Database v2.1
叔,shu1,1,1.2537,1.8047,1.6679,EXTENDED,NO,Chinese Lexical Database v2.1
警,jing3,3,126.6567,1.2327,32.3795,EXTENDED,NO,Chinese Lexical Database v2.1
伞,san3,3,6.7761,1.2327,2.6093,EXTENDED,NO,Chinese Lexical Database v2.1
喻,yu4,4,1.8507,1.2327,1.3862,EXTENDED,NO,Chinese Lexical Database v2.1
蔡,cai4,4,1.2239,7.3669,5.8414,EXTENDED,NO,Chinese Lexical Database v2.1
眯,mi1,1,1.2239,5.5523,4.4774,EXTENDED,NO,Chinese Lexical Database v2.1
序,xu4,4,1.2239,1.3412,1.3121,EXTENDED,NO,Chinese Lexical Database v2.1
颈,jing3,3,12.6567,1.2229,4.0623,EXTENDED,NO,Chinese Lexical Database v2.1
淋,lin2,2,6.6866,1.213,2.5723,EXTENDED,NO,Chinese Lexical Database v2.1
攒,zan3,3,3.5522,1.2032,1.7865,EXTENDED,NO,Chinese Lexical Database v2.1
梵,fan4,4,1.194,2.2189,1.9644,EXTENDED,NO,Chinese Lexical Database v2.1
庄,zhuang1,1,1.194,2.1992,1.9496,EXTENDED,NO,Chinese Lexical Database v2.1
研,yan4,4,1.194,2.0217,1.8162,EXTENDED,NO,Chinese Lexical Database v2.1
镁,mei3,3,1.194,1.9132,1.7346,EXTENDED,NO,Chinese Lexical Database v2.1
窥,kui1,1,1.194,1.2919,1.2676,EXTENDED,NO,Chinese Lexical Database v2.1
凸,tu1,1,1.194,1.2525,1.238,EXTENDED,NO,Chinese Lexical Database v2.1
梨,li2,2,4.9851,1.1933,2.1349,EXTENDED,NO,Chinese Lexical Database v2.1
育,yu4,4,3.5821,1.1933,1.7865,EXTENDED,NO,Chinese Lexical Database v2.1
抑,yi4,4,1.194,1.1933,1.1935,EXTENDED,NO,Chinese Lexical Database v2.1
猴,hou2,2,9.6716,1.1736,3.2839,EXTENDED,NO,Chinese Lexical Database v2.1
兑,dui4,4,1.1642,6.43,5.1223,EXTENDED,NO,Chinese Lexical Database v2.1
郑,zheng4,4,1.1343,3.4615,2.8836,EXTENDED,NO,Chinese Lexical Database v2.1
焉,yan1,1,1.1343,1.2032,1.1861,EXTENDED,NO,Chinese Lexical Database v2.1
嵌,qian4,4,2.3881,1.1341,1.4455,EXTENDED,NO,Chinese Lexical Database v2.1
职,zhi2,2,22.9552,1.1243,6.5456,EXTENDED,NO,Chinese Lexical Database v2.1
屠,tu2,2,2.9254,1.1243,1.5715,EXTENDED,NO,Chinese Lexical Database v2.1
兆,zhao4,4,2.5075,1.1243,1.4678,EXTENDED,NO,Chinese Lexical Database v2.1
屌,diao3,3,2.1194,1.1243,1.3714,EXTENDED,NO,Chinese Lexical Database v2.1
溶,rong2,2,2.4776,1.1144,1.4529,EXTENDED,NO,Chinese Lexical Database v2.1
咖,ka1,1,1.8507,1.1144,1.2973,EXTENDED,NO,Chinese Lexical Database v2.1
兰,lan2,2,42.0,1.1045,11.2602,EXTENDED,NO,Chinese Lexical Database v2.1
囧,jiong3,3,1.1045,9.0927,7.109,EXTENDED,NO,Chinese Lexical Database v2.1
萌,meng2,2,1.1045,8.7574,6.8569,EXTENDED,NO,Chinese Lexical Database v2.1
习,xi2,2,1.1045,2.2584,1.9718,EXTENDED,NO,Chinese Lexical Database v2.1
泣,qi4,4,1.1045,2.2584,1.9718,EXTENDED,NO,Chinese Lexical Database v2.1
瘫,tan1,1,1.1045,1.6174,1.49,EXTENDED,NO,Chinese Lexical Database v2.1
郝,hao3,3,1.403,1.1045,1.1787,EXTENDED,NO,Chinese Lexical Database v2.1
委,wei3,3,1.4328,1.0947,1.1787,EXTENDED,NO,Chinese Lexical Database v2.1
欢,huan1,1,7.8507,1.0848,2.765,EXTENDED,NO,Chinese Lexical Database v2.1
栓,shuan1,1,3.2239,1.0848,1.616,EXTENDED,NO,Chinese Lexical Database v2.1
屏,ping2,2,1.8507,1.0848,1.275,EXTENDED,NO,Chinese Lexical Database v2.1
策,ce4,4,2.209,1.075,1.3566,EXTENDED,NO,Chinese Lexical Database v2.1
畅,chang4,4,1.0746,11.3412,8.7917,EXTENDED,NO,Chinese Lexical Database v2.1
崽,zai3,3,1.0746,2.6134,2.2313,EXTENDED,NO,Chinese Lexical Database v2.1
朽,xiu3,3,1.0746,1.7949,1.616,EXTENDED,NO,Chinese Lexical Database v2.1
尹,yin3,3,1.0746,1.5779,1.4529,EXTENDED,NO,Chinese Lexical Database v2.1
腐,fu3,3,1.3134,1.0651,1.1268,EXTENDED,NO,Chinese Lexical Database v2.1
卒,zu2,2,1.1045,1.0552,1.0675,EXTENDED,NO,Chinese Lexical Database v2.1
坨,tuo2,2,5.1343,1.0454,2.0608,EXTENDED,NO,Chinese Lexical Database v2.1
丛,cong2,2,1.0448,10.5227,8.169,EXTENDED,NO,Chinese Lexical Database v2.1
鼎,ding3,3,1.0448,3.215,2.6761,EXTENDED,NO,Chinese Lexical Database v2.1
拢,long3,3,1.0448,2.643,2.2461,EXTENDED,NO,Chinese Lexical Database v2.1
哗,hua1,1,1.0448,1.1144,1.0971,EXTENDED,NO,Chinese Lexical Database v2.1
眠,mian2,2,4.7761,1.0355,1.9644,EXTENDED,NO,Chinese Lexical Database v2.1
延,yan2,2,5.7313,1.0158,2.1868,EXTENDED,NO,Chinese Lexical Database v2.1
企,qi3,3,1.0149,47.1302,35.6783,EXTENDED,NO,Chinese Lexical Database v2.1
恭,gong1,1,1.0149,37.6627,28.5619,EXTENDED,NO,Chinese Lexical Database v2.1
锦,jin3,3,1.0149,4.9606,3.9807,EXTENDED,NO,Chinese Lexical Database v2.1
辑,ji2,2,1.0149,2.4063,2.0608,EXTENDED,NO,Chinese Lexical Database v2.1
窑,yao2,2,1.0149,1.0848,1.0675,EXTENDED,NO,Chinese Lexical Database v2.1
脏,zang4,4,42.9552,1.0059,11.4233,EXTENDED,NO,Chinese Lexical Database v2.1
渣,zha1,1,13.8209,1.0059,4.1883,EXTENDED,NO,Chinese Lexical Database v2.1
筹,chou2,2,10.1493,1.0059,3.2765,EXTENDED,NO,Chinese Lexical Database v2.1
遗,yi2,2,1.7313,1.0059,1.1861,EXTENDED,NO,Chinese Lexical Database v2.1
轨,gui3,3,2.6567,0.9961,1.4085,LOW_FREQ_AUDIT_ONLY,NO,Chinese Lexical Database v2.1
拔,ba2,2,23.4925,0.9862,6.5752,LOW_FREQ_AUDIT_ONLY,NO,Chinese Lexical Database v2.1
厘,li2,2,0.9851,24.4576,18.6286,LOW_FREQ_AUDIT_ONLY,NO,Chinese Lexical Database v2.1
肢,zhi1,1,0.9851,4.783,3.8399,LOW_FREQ_AUDIT_ONLY,NO,Chinese Lexical Database v2.1
慧,hui4,4,0.9851,4.1913,3.3951,LOW_FREQ_AUDIT_ONLY,NO,Chinese Lexical Database v2.1
固,gu4,4,0.9851,1.1933,1.1416,LOW_FREQ_AUDIT_ONLY,NO,Chinese Lexical Database v2.1
煲,bao1,1,0.9851,1.1834,1.1342,LOW_FREQ_AUDIT_ONLY,NO,Chinese Lexical Database v2.1
筛,shai1,1,0.9851,1.075,1.0526,LOW_FREQ_AUDIT_ONLY,NO,Chinese Lexical Database v2.1
夸,kua1,1,7.3731,0.9763,2.5649,LOW_FREQ_AUDIT_ONLY,NO,Chinese Lexical Database v2.1
舰,jian4,4,11.8806,0.9665,3.6768,LOW_FREQ_AUDIT_ONLY,NO,Chinese Lexical Database v2.1
睹,du3,3,0.9552,2.3077,1.9718,LOW_FREQ_AUDIT_ONLY,NO,Chinese Lexical Database v2.1
弊,bi4,4,0.9552,1.5385,1.3936,LOW_FREQ_AUDIT_ONLY,NO,Chinese Lexical Database v2.1
颊,jia2,2,0.9552,1.3511,1.2528,LOW_FREQ_AUDIT_ONLY,NO,Chinese Lexical Database v2.1
耕,geng1,1,0.9552,1.1144,1.0749,LOW_FREQ_AUDIT_ONLY,NO,Chinese Lexical Database v2.1
憾,han4,4,0.9552,1.075,1.0452,LOW_FREQ_AUDIT_ONLY,NO,Chinese Lexical Database v2.1
棚,peng2,2,4.6269,0.9369,1.8532,LOW_FREQ_AUDIT_ONLY,NO,Chinese Lexical Database v2.1
腌,yan1,1,4.5373,0.9369,1.831,LOW_FREQ_AUDIT_ONLY,NO,Chinese Lexical Database v2.1
疏,shu1,1,1.4925,0.9369,1.0749,LOW_FREQ_AUDIT_ONLY,NO,Chinese Lexical Database v2.1
驰,chi2,2,0.9851,0.9369,0.9489,LOW_FREQ_AUDIT_ONLY,NO,Chinese Lexical Database v2.1
窃,qie4,4,7.3134,0.927,2.513,LOW_FREQ_AUDIT_ONLY,NO,Chinese Lexical Database v2.1
坎,kan3,3,3.9403,0.927,1.6753,LOW_FREQ_AUDIT_ONLY,NO,Chinese Lexical Database v2.1
渗,shen4,4,1.2836,0.927,1.0156,LOW_FREQ_AUDIT_ONLY,NO,Chinese Lexical Database v2.1
耽,dan1,1,0.9254,2.4852,2.0979,LOW_FREQ_AUDIT_ONLY,NO,Chinese Lexical Database v2.1
董,dong3,3,0.9254,1.6075,1.4381,LOW_FREQ_AUDIT_ONLY,NO,Chinese Lexical Database v2.1
缀,zhui4,4,0.9254,0.9961,0.9785,LOW_FREQ_AUDIT_ONLY,NO,Chinese Lexical Database v2.1
盟,meng2,2,1.2537,0.9172,1.0007,LOW_FREQ_AUDIT_ONLY,NO,Chinese Lexical Database v2.1
姿,zi1,1,3.3134,0.9073,1.5048,LOW_FREQ_AUDIT_ONLY,NO,Chinese Lexical Database v2.1
颁,ban1,1,2.3284,0.9073,1.2602,LOW_FREQ_AUDIT_ONLY,NO,Chinese Lexical Database v2.1
泛,fan4,4,3.3433,0.8974,1.5048,LOW_FREQ_AUDIT_ONLY,NO,Chinese Lexical Database v2.1
昌,chang1,1,1.8806,0.8974,1.1416,LOW_FREQ_AUDIT_ONLY,NO,Chinese Lexical Database v2.1
悦,yue4,4,0.8955,35.8284,27.1534,LOW_FREQ_AUDIT_ONLY,NO,Chinese Lexical Database v2.1
妒,du4,4,0.8955,1.499,1.3491,LOW_FREQ_AUDIT_ONLY,NO,Chinese Lexical Database v2.1
忌,ji4,4,0.8955,1.1243,1.0675,LOW_FREQ_AUDIT_ONLY,NO,Chinese Lexical Database v2.1
纽,niu3,3,4.5672,0.8876,1.8013,LOW_FREQ_AUDIT_ONLY,NO,Chinese Lexical Database v2.1
姨,yi2,2,2.2388,0.8876,1.2231,LOW_FREQ_AUDIT_ONLY,NO,Chinese Lexical Database v2.1
汞,gong3,3,2.209,0.8876,1.2157,LOW_FREQ_AUDIT_ONLY,NO,Chinese Lexical Database v2.1
统,tong3,3,1.403,0.8876,1.0156,LOW_FREQ_AUDIT_ONLY,NO,Chinese Lexical Database v2.1
哒,da1,1,3.7612,0.8777,1.5938,LOW_FREQ_AUDIT_ONLY,NO,Chinese Lexical Database v2.1
骤,zhou4,4,0.9851,0.8777,0.9044,LOW_FREQ_AUDIT_ONLY,NO,Chinese Lexical Database v2.1
慈,ci2,2,0.8657,4.4576,3.5656,LOW_FREQ_AUDIT_ONLY,NO,Chinese Lexical Database v2.1
恼,nao3,3,0.8657,4.4083,3.5285,LOW_FREQ_AUDIT_ONLY,NO,Chinese Lexical Database v2.1
晋,jin4,4,0.8657,3.3826,2.7576,LOW_FREQ_AUDIT_ONLY,NO,Chinese Lexical Database v2.1
拄,zhu3,3,0.8657,1.1538,1.0823,LOW_FREQ_AUDIT_ONLY,NO,Chinese Lexical Database v2.1
澡,zao3,3,19.5224,0.858,5.493,LOW_FREQ_AUDIT_ONLY,NO,Chinese Lexical Database v2.1
埃,ai1,1,7.0746,0.858,2.4018,LOW_FREQ_AUDIT_ONLY,NO,Chinese Lexical Database v2.1
徐,xu2,2,1.0149,0.858,0.897,LOW_FREQ_AUDIT_ONLY,NO,Chinese Lexical Database v2.1
婆,po2,2,11.791,0.8481,3.5656,LOW_FREQ_AUDIT_ONLY,NO,Chinese Lexical Database v2.1
孕,yun4,4,6.9552,0.8481,2.3647,LOW_FREQ_AUDIT_ONLY,NO,Chinese Lexical Database v2.1
革,ge2,2,1.6716,0.8481,1.0526,LOW_FREQ_AUDIT_ONLY,NO,Chinese Lexical Database v2.1
饶,rao2,2,10.5075,0.8383,3.2394,LOW_FREQ_AUDIT_ONLY,NO,Chinese Lexical Database v2.1
歉,qian4,4,5.3433,0.8383,1.957,LOW_FREQ_AUDIT_ONLY,NO,Chinese Lexical Database v2.1
惟,wei2,2,0.8358,3.4122,2.7724,LOW_FREQ_AUDIT_ONLY,NO,Chinese Lexical Database v2.1
毋,wu2,2,0.8358,2.929,2.4092,LOW_FREQ_AUDIT_ONLY,NO,Chinese Lexical Database v2.1
夷,yi2,2,0.8358,1.0355,0.9859,LOW_FREQ_AUDIT_ONLY,NO,Chinese Lexical Database v2.1
艾,ai4,4,27.6418,0.8284,7.487,LOW_FREQ_AUDIT_ONLY,NO,Chinese Lexical Database v2.1
驳,bo2,2,1.0149,0.8284,0.8747,LOW_FREQ_AUDIT_ONLY,NO,Chinese Lexical Database v2.1
召,zhao4,4,8.7164,0.8185,2.7798,LOW_FREQ_AUDIT_ONLY,NO,Chinese Lexical Database v2.1
迭,die2,2,2.9851,0.8185,1.3566,LOW_FREQ_AUDIT_ONLY,NO,Chinese Lexical Database v2.1
蛰,zhe2,2,0.8955,0.8185,0.8377,LOW_FREQ_AUDIT_ONLY,NO,Chinese Lexical Database v2.1
舱,cang1,1,12.6567,0.8087,3.7509,LOW_FREQ_AUDIT_ONLY,NO,Chinese Lexical Database v2.1
佐,zuo2,2,7.7015,0.8087,2.5204,LOW_FREQ_AUDIT_ONLY,NO,Chinese Lexical Database v2.1
铸,zhu4,4,1.3731,0.8087,0.9489,LOW_FREQ_AUDIT_ONLY,NO,Chinese Lexical Database v2.1
屡,lv3,3,0.806,3.9152,3.1431,LOW_FREQ_AUDIT_ONLY,NO,Chinese Lexical Database v2.1
碑,bei1,1,0.806,1.2032,1.1045,LOW_FREQ_AUDIT_ONLY,NO,Chinese Lexical Database v2.1
粘,zhan1,1,22.0896,0.7988,6.086,LOW_FREQ_AUDIT_ONLY,NO,Chinese Lexical Database v2.1
擅,shan4,4,4.9552,0.789,1.8236,LOW_FREQ_AUDIT_ONLY,NO,Chinese Lexical Database v2.1
检,jian3,3,26.597,0.7791,7.1905,LOW_FREQ_AUDIT_ONLY,NO,Chinese Lexical Database v2.1
怨,yuan4,4,6.3881,0.7791,2.172,LOW_FREQ_AUDIT_ONLY,NO,Chinese Lexical Database v2.1
促,cu4,4,0.7761,33.2249,25.1668,LOW_FREQ_AUDIT_ONLY,NO,Chinese Lexical Database v2.1
遂,sui4,4,0.7761,11.5385,8.8658,LOW_FREQ_AUDIT_ONLY,NO,Chinese Lexical Database v2.1
秦,qin2,2,0.7761,7.9191,6.1453,LOW_FREQ_AUDIT_ONLY,NO,Chinese Lexical Database v2.1
灶,zao4,4,0.7761,5.9467,4.6627,LOW_FREQ_AUDIT_ONLY,NO,Chinese Lexical Database v2.1
谍,die2,2,0.7761,1.9132,1.6308,LOW_FREQ_AUDIT_ONLY,NO,Chinese Lexical Database v2.1
劣,lie4,4,0.7761,1.213,1.1045,LOW_FREQ_AUDIT_ONLY,NO,Chinese Lexical Database v2.1
泥,ni2,2,14.6866,0.7692,4.2254,LOW_FREQ_AUDIT_ONLY,NO,Chinese Lexical Database v2.1
葛,ge3,3,6.4776,0.7692,2.1868,LOW_FREQ_AUDIT_ONLY,NO,Chinese Lexical Database v2.1
淤,yu1,1,4.0597,0.7692,1.5864,LOW_FREQ_AUDIT_ONLY,NO,Chinese Lexical Database v2.1
偿,chang2,2,3.7015,0.7594,1.49,LOW_FREQ_AUDIT_ONLY,NO,Chinese Lexical Database v2.1
钞,chao1,1,2.6269,0.7495,1.2157,LOW_FREQ_AUDIT_ONLY,NO,Chinese Lexical Database v2.1
昭,zhao1,1,1.0746,0.7495,0.8302,LOW_FREQ_AUDIT_ONLY,NO,Chinese Lexical Database v2.1
滨,bin1,1,0.806,0.7495,0.7635,LOW_FREQ_AUDIT_ONLY,NO,Chinese Lexical Database v2.1
贬,bian3,3,0.7761,0.7495,0.7561,LOW_FREQ_AUDIT_ONLY,NO,Chinese Lexical Database v2.1
镀,du4,4,0.7463,1.2623,1.1342,LOW_FREQ_AUDIT_ONLY,NO,Chinese Lexical Database v2.1
趋,qu1,1,0.7463,0.7692,0.7635,LOW_FREQ_AUDIT_ONLY,NO,Chinese Lexical Database v2.1
糗,qiu3,3,4.2687,0.7396,1.616,LOW_FREQ_AUDIT_ONLY,NO,Chinese Lexical Database v2.1
蹭,ceng4,4,4.2388,0.7396,1.6086,LOW_FREQ_AUDIT_ONLY,NO,Chinese Lexical Database v2.1
衔,xian2,2,0.8955,0.7396,0.7784,LOW_FREQ_AUDIT_ONLY,NO,Chinese Lexical Database v2.1
辟,pi4,4,0.8358,0.7396,0.7635,LOW_FREQ_AUDIT_ONLY,NO,Chinese Lexical Database v2.1
朕,zhen4,4,1.2537,0.7298,0.8599,LOW_FREQ_AUDIT_ONLY,NO,Chinese Lexical Database v2.1
膳,shan4,4,1.0149,0.7298,0.8006,LOW_FREQ_AUDIT_ONLY,NO,Chinese Lexical Database v2.1
睁,zheng1,1,23.0448,0.7199,6.2639,LOW_FREQ_AUDIT_ONLY,NO,Chinese Lexical Database v2.1
乳,ru3,3,9.9701,0.7199,3.017,LOW_FREQ_AUDIT_ONLY,NO,Chinese Lexical Database v2.1
镑,bang4,4,9.3731,0.7199,2.8688,LOW_FREQ_AUDIT_ONLY,NO,Chinese Lexical Database v2.1
啪,pa1,1,3.1343,0.7199,1.3195,LOW_FREQ_AUDIT_ONLY,NO,Chinese Lexical Database v2.1
察,cha2,2,2.8657,0.7199,1.2528,LOW_FREQ_AUDIT_ONLY,NO,Chinese Lexical Database v2.1
涉,she4,4,1.7612,0.7199,0.9785,LOW_FREQ_AUDIT_ONLY,NO,Chinese Lexical Database v2.1
沈,shen3,3,0.7164,2.5641,2.1053,LOW_FREQ_AUDIT_ONLY,NO,Chinese Lexical Database v2.1
赋,fu4,4,0.7164,1.213,1.0897,LOW_FREQ_AUDIT_ONLY,NO,Chinese Lexical Database v2.1
径,jing4,4,0.7164,0.8974,0.8525,LOW_FREQ_AUDIT_ONLY,NO,Chinese Lexical Database v2.1
竭,jie2,2,0.7164,0.8284,0.8006,LOW_FREQ_AUDIT_ONLY,NO,Chinese Lexical Database v2.1
宠,chong3,3,3.7612,0.7101,1.4678,LOW_FREQ_AUDIT_ONLY,NO,Chinese Lexical Database v2.1
污,wu1,1,1.4925,0.6903,0.8895,LOW_FREQ_AUDIT_ONLY,NO,Chinese Lexical Database v2.1
胀,zhang4,4,2.1493,0.6805,1.0452,LOW_FREQ_AUDIT_ONLY,NO,Chinese Lexical Database v2.1
蔚,yu4,4,0.806,0.6805,0.7116,LOW_FREQ_AUDIT_ONLY,NO,Chinese Lexical Database v2.1
账,zhang4,4,4.8955,0.6706,1.7198,LOW_FREQ_AUDIT_ONLY,NO,Chinese Lexical Database v2.1
释,shi4,4,2.1493,0.6706,1.0378,LOW_FREQ_AUDIT_ONLY,NO,Chinese Lexical Database v2.1
霉,mei2,2,5.5821,0.6607,1.8829,LOW_FREQ_AUDIT_ONLY,NO,Chinese Lexical Database v2.1
颠,dian1,1,4.0,0.6607,1.49,LOW_FREQ_AUDIT_ONLY,NO,Chinese Lexical Database v2.1
午,wu3,3,3.1343,0.6607,1.275,LOW_FREQ_AUDIT_ONLY,NO,Chinese Lexical Database v2.1
畔,pan4,4,0.6567,6.6469,5.1594,LOW_FREQ_AUDIT_ONLY,NO,Chinese Lexical Database v2.1
逾,yu2,2,0.6567,3.3629,2.6909,LOW_FREQ_AUDIT_ONLY,NO,Chinese Lexical Database v2.1
咪,mi1,1,42.5373,0.6509,11.0526,LOW_FREQ_AUDIT_ONLY,NO,Chinese Lexical Database v2.1
威,wei1,1,12.3582,0.6509,3.5582,LOW_FREQ_AUDIT_ONLY,NO,Chinese Lexical Database v2.1
渔,yu2,2,1.0746,0.6509,0.7561,LOW_FREQ_AUDIT_ONLY,NO,Chinese Lexical Database v2.1
陶,tao2,2,6.806,0.641,2.172,LOW_FREQ_AUDIT_ONLY,NO,Chinese Lexical Database v2.1
纲,gang1,1,1.4925,0.641,0.8525,LOW_FREQ_AUDIT_ONLY,NO,Chinese Lexical Database v2.1
叮,ding1,1,9.1343,0.6312,2.7428,LOW_FREQ_AUDIT_ONLY,NO,Chinese Lexical Database v2.1
瘾,yin3,3,8.0597,0.6312,2.4759,LOW_FREQ_AUDIT_ONLY,NO,Chinese Lexical Database v2.1
忽,hu1,1,1.8209,0.6312,0.9266,LOW_FREQ_AUDIT_ONLY,NO,Chinese Lexical Database v2.1
拓,tuo4,4,0.6269,3.7081,2.9429,LOW_FREQ_AUDIT_ONLY,NO,Chinese Lexical Database v2.1
乏,fa2,2,0.6269,2.5345,2.0608,LOW_FREQ_AUDIT_ONLY,NO,Chinese Lexical Database v2.1
鬓,bin4,4,0.6269,0.9862,0.897,LOW_FREQ_AUDIT_ONLY,NO,Chinese Lexical Database v2.1
仆,pu2,2,0.6269,0.7396,0.7116,LOW_FREQ_AUDIT_ONLY,NO,Chinese Lexical Database v2.1
佬,lao3,3,38.209,0.6114,9.9481,LOW_FREQ_AUDIT_ONLY,NO,Chinese Lexical Database v2.1
典,dian3,3,5.9403,0.6114,1.9348,LOW_FREQ_AUDIT_ONLY,NO,Chinese Lexical Database v2.1
蛤,ge2,2,1.8806,0.6114,0.9266,LOW_FREQ_AUDIT_ONLY,NO,Chinese Lexical Database v2.1
玄,xuan2,2,1.8507,0.6016,0.9118,LOW_FREQ_AUDIT_ONLY,NO,Chinese Lexical Database v2.1
伐,fa2,2,0.597,21.6963,16.4566,LOW_FREQ_AUDIT_ONLY,NO,Chinese Lexical Database v2.1
坪,ping2,2,0.597,0.8876,0.8154,LOW_FREQ_AUDIT_ONLY,NO,Chinese Lexical Database v2.1
倦,juan4,4,0.597,0.6312,0.6227,LOW_FREQ_AUDIT_ONLY,NO,Chinese Lexical Database v2.1
舔,tian3,3,19.9701,0.5819,5.3966,LOW_FREQ_AUDIT_ONLY,NO,Chinese Lexical Database v2.1
扮,ban4,4,13.0448,0.5819,3.6768,LOW_FREQ_AUDIT_ONLY,NO,Chinese Lexical Database v2.1
智,zhi4,4,8.1791,0.5819,2.4685,LOW_FREQ_AUDIT_ONLY,NO,Chinese Lexical Database v2.1
岗,gang3,3,3.5821,0.5819,1.3269,LOW_FREQ_AUDIT_ONLY,NO,Chinese Lexical Database v2.1
硫,liu2,2,1.5224,0.5819,0.8154,LOW_FREQ_AUDIT_ONLY,NO,Chinese Lexical Database v2.1
啧,ze2,2,0.9254,0.5819,0.6672,LOW_FREQ_AUDIT_ONLY,NO,Chinese Lexical Database v2.1
揍,zou4,4,36.0,0.572,9.3699,LOW_FREQ_AUDIT_ONLY,NO,Chinese Lexical Database v2.1
宇,yu3,3,4.2985,0.572,1.4974,LOW_FREQ_AUDIT_ONLY,NO,Chinese Lexical Database v2.1
堤,di1,1,3.3134,0.572,1.2528,LOW_FREQ_AUDIT_ONLY,NO,Chinese Lexical Database v2.1
诫,jie4,4,1.9104,0.572,0.9044,LOW_FREQ_AUDIT_ONLY,NO,Chinese Lexical Database v2.1
禅,chan2,2,1.2836,0.572,0.7487,LOW_FREQ_AUDIT_ONLY,NO,Chinese Lexical Database v2.1
殊,shu1,1,0.5672,3.7081,2.9281,LOW_FREQ_AUDIT_ONLY,NO,Chinese Lexical Database v2.1
胞,bao1,1,0.5672,0.9467,0.8525,LOW_FREQ_AUDIT_ONLY,NO,Chinese Lexical Database v2.1
液,ye4,4,15.1343,0.5621,4.1809,LOW_FREQ_AUDIT_ONLY,NO,Chinese Lexical Database v2.1
敏,min3,3,5.1642,0.5523,1.6976,LOW_FREQ_AUDIT_ONLY,NO,Chinese Lexical Database v2.1
芯,xin4,4,0.6567,0.5523,0.5782,LOW_FREQ_AUDIT_ONLY,NO,Chinese Lexical Database v2.1
铛,dang1,1,0.6567,0.5523,0.5782,LOW_FREQ_AUDIT_ONLY,NO,Chinese Lexical Database v2.1
妮,ni1,1,35.5224,0.5424,9.2291,LOW_FREQ_AUDIT_ONLY,NO,Chinese Lexical Database v2.1
裤,ku4,4,17.194,0.5424,4.6775,LOW_FREQ_AUDIT_ONLY,NO,Chinese Lexical Database v2.1
仨,sa1,1,2.1194,0.5424,0.934,LOW_FREQ_AUDIT_ONLY,NO,Chinese Lexical Database v2.1
务,wu4,4,1.8806,0.5424,0.8747,LOW_FREQ_AUDIT_ONLY,NO,Chinese Lexical Database v2.1
曰,yue1,1,0.5373,28.3235,21.4233,LOW_FREQ_AUDIT_ONLY,NO,Chinese Lexical Database v2.1
曝,bao4,4,0.5373,0.7199,0.6746,LOW_FREQ_AUDIT_ONLY,NO,Chinese Lexical Database v2.1
锯,ju4,4,8.0597,0.5325,2.4018,LOW_FREQ_AUDIT_ONLY,NO,Chinese Lexical Database v2.1
搽,cha2,2,1.0149,0.5325,0.6523,LOW_FREQ_AUDIT_ONLY,NO,Chinese Lexical Database v2.1
吞,tun1,1,19.7612,0.5227,5.3002,LOW_FREQ_AUDIT_ONLY,NO,Chinese Lexical Database v2.1
藉,ji2,2,3.791,0.5227,1.3343,LOW_FREQ_AUDIT_ONLY,NO,Chinese Lexical Database v2.1
宰,zai3,3,20.2687,0.5128,5.4188,LOW_FREQ_AUDIT_ONLY,NO,Chinese Lexical Database v2.1
箫,xiao1,1,2.9254,0.5128,1.1119,LOW_FREQ_AUDIT_ONLY,NO,Chinese Lexical Database v2.1
邓,deng4,4,2.7761,0.5128,1.0749,LOW_FREQ_AUDIT_ONLY,NO,Chinese Lexical Database v2.1
役,yi4,4,2.4478,0.5128,0.9933,LOW_FREQ_AUDIT_ONLY,NO,Chinese Lexical Database v2.1
塑,su4,4,2.3582,0.5128,0.9711,LOW_FREQ_AUDIT_ONLY,NO,Chinese Lexical Database v2.1
纠,jiu1,1,0.5075,1.4793,1.238,LOW_FREQ_AUDIT_ONLY,NO,Chinese Lexical Database v2.1
瞬,shun4,4,0.5075,0.9961,0.8747,LOW_FREQ_AUDIT_ONLY,NO,Chinese Lexical Database v2.1
憎,zeng1,1,0.5075,0.8481,0.7635,LOW_FREQ_AUDIT_ONLY,NO,Chinese Lexical Database v2.1
杰,jie2,2,38.2388,0.503,9.874,LOW_FREQ_AUDIT_ONLY,NO,Chinese Lexical Database v2.1
肝,gan1,1,7.1642,0.503,2.1572,LOW_FREQ_AUDIT_ONLY,NO,Chinese Lexical Database v2.1
氪,ke4,4,6.0,0.503,1.8681,LOW_FREQ_AUDIT_ONLY,NO,Chinese Lexical Database v2.1
弦,xian2,2,5.0448,0.503,1.6308,LOW_FREQ_AUDIT_ONLY,NO,Chinese Lexical Database v2.1
曹,cao2,2,3.8507,0.503,1.3343,LOW_FREQ_AUDIT_ONLY,NO,Chinese Lexical Database v2.1
蜜,mi4,4,10.0896,0.4931,2.8762,LOW_FREQ_AUDIT_ONLY,NO,Chinese Lexical Database v2.1
议,yi4,4,1.6119,0.4931,0.7709,LOW_FREQ_AUDIT_ONLY,NO,Chinese Lexical Database v2.1
欣,xin1,1,1.3433,0.4931,0.7042,LOW_FREQ_AUDIT_ONLY,NO,Chinese Lexical Database v2.1
厌,yan4,4,6.6567,0.4832,2.0163,LOW_FREQ_AUDIT_ONLY,NO,Chinese Lexical Database v2.1
赦,she4,4,1.4925,0.4832,0.7339,LOW_FREQ_AUDIT_ONLY,NO,Chinese Lexical Database v2.1
焖,men4,4,0.7463,0.4832,0.5486,LOW_FREQ_AUDIT_ONLY,NO,Chinese Lexical Database v2.1
铬,ge4,4,0.7463,0.4832,0.5486,LOW_FREQ_AUDIT_ONLY,NO,Chinese Lexical Database v2.1
昨,zuo2,2,0.4776,11.9329,9.0882,LOW_FREQ_AUDIT_ONLY,NO,Chinese Lexical Database v2.1
叹,tan4,4,0.4776,9.3294,7.1312,LOW_FREQ_AUDIT_ONLY,NO,Chinese Lexical Database v2.1
蚊,wen2,2,0.4776,9.073,6.9385,LOW_FREQ_AUDIT_ONLY,NO,Chinese Lexical Database v2.1
骰,tou2,2,0.4776,3.1755,2.5056,LOW_FREQ_AUDIT_ONLY,NO,Chinese Lexical Database v2.1
吕,lv3,3,0.4776,2.4655,1.9718,LOW_FREQ_AUDIT_ONLY,NO,Chinese Lexical Database v2.1
跷,qiao1,1,0.4776,1.2229,1.0378,LOW_FREQ_AUDIT_ONLY,NO,Chinese Lexical Database v2.1
喏,nuo4,4,0.4776,0.7594,0.6894,LOW_FREQ_AUDIT_ONLY,NO,Chinese Lexical Database v2.1
蚕,can2,2,0.4776,0.5128,0.5041,LOW_FREQ_AUDIT_ONLY,NO,Chinese Lexical Database v2.1
丹,dan1,1,31.9104,0.4734,8.2802,LOW_FREQ_AUDIT_ONLY,NO,Chinese Lexical Database v2.1
剃,ti4,4,7.8806,0.4734,2.3128,LOW_FREQ_AUDIT_ONLY,NO,Chinese Lexical Database v2.1
俏,qiao4,4,3.1642,0.4734,1.1416,LOW_FREQ_AUDIT_ONLY,NO,Chinese Lexical Database v2.1
舒,shu1,1,2.597,0.4734,1.0007,LOW_FREQ_AUDIT_ONLY,NO,Chinese Lexical Database v2.1
桨,jiang3,3,2.1493,0.4734,0.8895,LOW_FREQ_AUDIT_ONLY,NO,Chinese Lexical Database v2.1
咚,dong1,1,1.8806,0.4734,0.8228,LOW_FREQ_AUDIT_ONLY,NO,Chinese Lexical Database v2.1
裸,luo3,3,17.0149,0.4635,4.5738,LOW_FREQ_AUDIT_ONLY,NO,Chinese Lexical Database v2.1
朗,lang3,3,15.0448,0.4635,4.0845,LOW_FREQ_AUDIT_ONLY,NO,Chinese Lexical Database v2.1
潘,pan1,1,4.1194,0.4635,1.3714,LOW_FREQ_AUDIT_ONLY,NO,Chinese Lexical Database v2.1
娟,juan1,1,1.8507,0.4635,0.808,LOW_FREQ_AUDIT_ONLY,NO,Chinese Lexical Database v2.1
噻,sai1,1,1.6716,0.4635,0.7635,LOW_FREQ_AUDIT_ONLY,NO,Chinese Lexical Database v2.1
悉,xi1,1,0.8955,0.4635,0.5708,LOW_FREQ_AUDIT_ONLY,NO,Chinese Lexical Database v2.1
尔,er3,3,99.3134,0.4536,25.0037,LOW_FREQ_AUDIT_ONLY,NO,Chinese Lexical Database v2.1
激,ji1,1,7.7612,0.4536,2.2683,LOW_FREQ_AUDIT_ONLY,NO,Chinese Lexical Database v2.1
扒,ba1,1,5.1343,0.4536,1.616,LOW_FREQ_AUDIT_ONLY,NO,Chinese Lexical Database v2.1
绣,xiu4,4,1.8209,0.4536,0.7932,LOW_FREQ_AUDIT_ONLY,NO,Chinese Lexical Database v2.1
翔,xiang2,2,1.7313,0.4536,0.7709,LOW_FREQ_AUDIT_ONLY,NO,Chinese Lexical Database v2.1
癫,dian1,1,0.9254,0.4536,0.5708,LOW_FREQ_AUDIT_ONLY,NO,Chinese Lexical Database v2.1
锂,li3,3,0.8657,0.4536,0.556,LOW_FREQ_AUDIT_ONLY,NO,Chinese Lexical Database v2.1
仲,zhong4,4,0.4478,7.2781,5.5819,LOW_FREQ_AUDIT_ONLY,NO,Chinese Lexical Database v2.1
杭,hang2,2,0.4478,3.4221,2.6835,LOW_FREQ_AUDIT_ONLY,NO,Chinese Lexical Database v2.1
牡,mu3,3,0.4478,2.5937,2.0608,LOW_FREQ_AUDIT_ONLY,NO,Chinese Lexical Database v2.1
馋,chan2,2,0.4478,1.0256,0.8821,LOW_FREQ_AUDIT_ONLY,NO,Chinese Lexical Database v2.1
伦,lun2,2,15.0746,0.4438,4.0771,LOW_FREQ_AUDIT_ONLY,NO,Chinese Lexical Database v2.1
奈,nai4,4,14.0597,0.4438,3.8251,LOW_FREQ_AUDIT_ONLY,NO,Chinese Lexical Database v2.1
撤,che4,4,12.0,0.4438,3.3136,LOW_FREQ_AUDIT_ONLY,NO,Chinese Lexical Database v2.1
僵,jiang1,1,4.0597,0.4438,1.3417,LOW_FREQ_AUDIT_ONLY,NO,Chinese Lexical Database v2.1
掰,bai1,1,3.5522,0.4438,1.2157,LOW_FREQ_AUDIT_ONLY,NO,Chinese Lexical Database v2.1
嘟,du1,1,3.194,0.4438,1.1268,LOW_FREQ_AUDIT_ONLY,NO,Chinese Lexical Database v2.1
锣,luo2,2,1.6418,0.4438,0.7413,LOW_FREQ_AUDIT_ONLY,NO,Chinese Lexical Database v2.1
欸,ai1,1,0.9254,0.4438,0.5634,LOW_FREQ_AUDIT_ONLY,NO,Chinese Lexical Database v2.1
垫,dian4,4,10.6269,0.4339,2.9652,LOW_FREQ_AUDIT_ONLY,NO,Chinese Lexical Database v2.1
蹦,beng4,4,9.8507,0.4339,2.7724,LOW_FREQ_AUDIT_ONLY,NO,Chinese Lexical Database v2.1
默,mo4,4,6.806,0.4339,2.0163,LOW_FREQ_AUDIT_ONLY,NO,Chinese Lexical Database v2.1
蟹,xie4,4,4.0597,0.4339,1.3343,LOW_FREQ_AUDIT_ONLY,NO,Chinese Lexical Database v2.1
剁,duo4,4,3.3134,0.4339,1.149,LOW_FREQ_AUDIT_ONLY,NO,Chinese Lexical Database v2.1
燥,zao4,4,1.194,0.4339,0.6227,LOW_FREQ_AUDIT_ONLY,NO,Chinese Lexical Database v2.1
熙,xi1,1,0.6567,0.4339,0.4893,LOW_FREQ_AUDIT_ONLY,NO,Chinese Lexical Database v2.1
宪,xian4,4,0.5373,0.4339,0.4596,LOW_FREQ_AUDIT_ONLY,NO,Chinese Lexical Database v2.1
旬,xun2,2,0.5373,0.4339,0.4596,LOW_FREQ_AUDIT_ONLY,NO,Chinese Lexical Database v2.1
扭,niu3,3,16.1791,0.4241,4.3365,LOW_FREQ_AUDIT_ONLY,NO,Chinese Lexical Database v2.1
侬,nong2,2,3.9403,0.4241,1.2973,LOW_FREQ_AUDIT_ONLY,NO,Chinese Lexical Database v2.1
钥,yue4,4,2.9851,0.4241,1.06,LOW_FREQ_AUDIT_ONLY,NO,Chinese Lexical Database v2.1
捂,wu3,3,1.5522,0.4241,0.7042,LOW_FREQ_AUDIT_ONLY,NO,Chinese Lexical Database v2.1
玺,xi3,3,1.2537,0.4241,0.6301,LOW_FREQ_AUDIT_ONLY,NO,Chinese Lexical Database v2.1
胚,pei1,1,1.1642,0.4241,0.6079,LOW_FREQ_AUDIT_ONLY,NO,Chinese Lexical Database v2.1
摞,luo4,4,1.0746,0.4241,0.5856,LOW_FREQ_AUDIT_ONLY,NO,Chinese Lexical Database v2.1
刁,diao1,1,0.806,0.4241,0.5189,LOW_FREQ_AUDIT_ONLY,NO,Chinese Lexical Database v2.1
捻,nian3,3,0.4179,3.4024,2.6612,LOW_FREQ_AUDIT_ONLY,NO,Chinese Lexical Database v2.1
繁,fan2,2,0.4179,2.3964,1.9051,LOW_FREQ_AUDIT_ONLY,NO,Chinese Lexical Database v2.1
坝,ba4,4,0.4179,1.2426,1.0378,LOW_FREQ_AUDIT_ONLY,NO,Chinese Lexical Database v2.1
抿,min3,3,0.4179,1.0848,0.9192,LOW_FREQ_AUDIT_ONLY,NO,Chinese Lexical Database v2.1
秉,bing3,3,0.4179,1.075,0.9118,LOW_FREQ_AUDIT_ONLY,NO,Chinese Lexical Database v2.1
儒,ru2,2,0.4179,0.7791,0.6894,LOW_FREQ_AUDIT_ONLY,NO,Chinese Lexical Database v2.1
沓,ta4,4,0.4179,0.6509,0.593,LOW_FREQ_AUDIT_ONLY,NO,Chinese Lexical Database v2.1
毕,bi4,4,7.4328,0.4142,2.1572,LOW_FREQ_AUDIT_ONLY,NO,Chinese Lexical Database v2.1
槽,cao2,2,4.8657,0.4142,1.5196,LOW_FREQ_AUDIT_ONLY,NO,Chinese Lexical Database v2.1
悠,you1,1,4.7761,0.4142,1.4974,LOW_FREQ_AUDIT_ONLY,NO,Chinese Lexical Database v2.1
薪,xin1,1,4.5075,0.4142,1.4307,LOW_FREQ_AUDIT_ONLY,NO,Chinese Lexical Database v2.1
阀,fa2,2,2.0896,0.4142,0.8302,LOW_FREQ_AUDIT_ONLY,NO,Chinese Lexical Database v2.1
杏,xing4,4,1.9104,0.4142,0.7858,LOW_FREQ_AUDIT_ONLY,NO,Chinese Lexical Database v2.1
溺,ni4,4,1.0149,0.4142,0.5634,LOW_FREQ_AUDIT_ONLY,NO,Chinese Lexical Database v2.1
魂,hun2,2,9.0746,0.4043,2.5574,LOW_FREQ_AUDIT_ONLY,NO,Chinese Lexical Database v2.1
珊,shan1,1,3.6418,0.4043,1.2083,LOW_FREQ_AUDIT_ONLY,NO,Chinese Lexical Database v2.1
硅,gui1,1,1.2836,0.4043,0.6227,LOW_FREQ_AUDIT_ONLY,NO,Chinese Lexical Database v2.1
蹈,dao3,3,1.0448,0.4043,0.5634,LOW_FREQ_AUDIT_ONLY,NO,Chinese Lexical Database v2.1
摩,mo2,2,15.1642,0.3945,4.0623,LOW_FREQ_AUDIT_ONLY,NO,Chinese Lexical Database v2.1
掐,qia1,1,11.403,0.3945,3.1282,LOW_FREQ_AUDIT_ONLY,NO,Chinese Lexical Database v2.1
漫,man4,4,3.7015,0.3945,1.2157,LOW_FREQ_AUDIT_ONLY,NO,Chinese Lexical Database v2.1
舵,duo4,4,3.2537,0.3945,1.1045,LOW_FREQ_AUDIT_ONLY,NO,Chinese Lexical Database v2.1
仿,fang3,3,2.7761,0.3945,0.9859,LOW_FREQ_AUDIT_ONLY,NO,Chinese Lexical Database v2.1
卑,bei1,1,2.4478,0.3945,0.9044,LOW_FREQ_AUDIT_ONLY,NO,Chinese Lexical Database v2.1
苍,cang1,1,1.7015,0.3945,0.7191,LOW_FREQ_AUDIT_ONLY,NO,Chinese Lexical Database v2.1
悄,qiao1,1,0.3881,2.3471,1.8606,LOW_FREQ_AUDIT_ONLY,NO,Chinese Lexical Database v2.1
拗,niu4,4,0.3881,1.3018,1.0749,LOW_FREQ_AUDIT_ONLY,NO,Chinese Lexical Database v2.1
址,zhi3,3,0.3881,0.6114,0.556,LOW_FREQ_AUDIT_ONLY,NO,Chinese Lexical Database v2.1
扶,fu2,2,16.2687,0.3846,4.3291,LOW_FREQ_AUDIT_ONLY,NO,Chinese Lexical Database v2.1
艺,yi4,4,10.2687,0.3846,2.8391,LOW_FREQ_AUDIT_ONLY,NO,Chinese Lexical Database v2.1
磕,ke1,1,7.8806,0.3846,2.2461,LOW_FREQ_AUDIT_ONLY,NO,Chinese Lexical Database v2.1
叉,cha1,1,6.3284,0.3846,1.8606,LOW_FREQ_AUDIT_ONLY,NO,Chinese Lexical Database v2.1
卧,wo4,4,2.9851,0.3846,1.0304,LOW_FREQ_AUDIT_ONLY,NO,Chinese Lexical Database v2.1
俊,jun4,4,2.4478,0.3846,0.897,LOW_FREQ_AUDIT_ONLY,NO,Chinese Lexical Database v2.1
郎,lang2,2,17.7612,0.3748,4.6924,LOW_FREQ_AUDIT_ONLY,NO,Chinese Lexical Database v2.1
焦,jiao1,1,10.7164,0.3748,2.9429,LOW_FREQ_AUDIT_ONLY,NO,Chinese Lexical Database v2.1
杠,gang4,4,1.403,0.3748,0.6301,LOW_FREQ_AUDIT_ONLY,NO,Chinese Lexical Database v2.1
侵,qin1,1,1.1343,0.3748,0.5634,LOW_FREQ_AUDIT_ONLY,NO,Chinese Lexical Database v2.1
韵,yun4,4,0.8955,0.3748,0.5041,LOW_FREQ_AUDIT_ONLY,NO,Chinese Lexical Database v2.1
懵,meng3,3,0.6269,0.3748,0.4374,LOW_FREQ_AUDIT_ONLY,NO,Chinese Lexical Database v2.1
阅,yue4,4,0.4179,0.3748,0.3855,LOW_FREQ_AUDIT_ONLY,NO,Chinese Lexical Database v2.1
洛,luo4,4,45.791,0.3649,11.6457,LOW_FREQ_AUDIT_ONLY,NO,Chinese Lexical Database v2.1
纪,ji4,4,8.1493,0.3649,2.298,LOW_FREQ_AUDIT_ONLY,NO,Chinese Lexical Database v2.1
尘,chen2,2,6.6866,0.3649,1.9348,LOW_FREQ_AUDIT_ONLY,NO,Chinese Lexical Database v2.1
喉,hou2,2,4.2388,0.3649,1.3269,LOW_FREQ_AUDIT_ONLY,NO,Chinese Lexical Database v2.1
撇,pie3,3,3.5522,0.3649,1.1564,LOW_FREQ_AUDIT_ONLY,NO,Chinese Lexical Database v2.1
抠,kou1,1,1.7313,0.3649,0.7042,LOW_FREQ_AUDIT_ONLY,NO,Chinese Lexical Database v2.1
吋,cun4,4,0.8657,0.3649,0.4893,LOW_FREQ_AUDIT_ONLY,NO,Chinese Lexical Database v2.1
梗,geng3,3,0.806,0.3649,0.4744,LOW_FREQ_AUDIT_ONLY,NO,Chinese Lexical Database v2.1
舅,jiu4,4,0.7463,0.3649,0.4596,LOW_FREQ_AUDIT_ONLY,NO,Chinese Lexical Database v2.1
俾,bi3,3,0.3582,2.5542,2.0089,LOW_FREQ_AUDIT_ONLY,NO,Chinese Lexical Database v2.1
蜀,shu3,3,0.3582,2.1499,1.705,LOW_FREQ_AUDIT_ONLY,NO,Chinese Lexical Database v2.1
概,gai4,4,0.3582,1.716,1.3788,LOW_FREQ_AUDIT_ONLY,NO,Chinese Lexical Database v2.1
漾,yang4,4,0.3582,1.3215,1.0823,LOW_FREQ_AUDIT_ONLY,NO,Chinese Lexical Database v2.1
莱,lai2,2,41.2537,0.355,10.5115,LOW_FREQ_AUDIT_ONLY,NO,Chinese Lexical Database v2.1
玛,ma3,3,12.4179,0.355,3.3506,LOW_FREQ_AUDIT_ONLY,NO,Chinese Lexical Database v2.1
贾,jia3,3,8.1791,0.355,2.298,LOW_FREQ_AUDIT_ONLY,NO,Chinese Lexical Database v2.1
咕,gu1,1,4.4776,0.355,1.3788,LOW_FREQ_AUDIT_ONLY,NO,Chinese Lexical Database v2.1
涅,nie4,4,2.5075,0.355,0.8895,LOW_FREQ_AUDIT_ONLY,NO,Chinese Lexical Database v2.1
淌,tang3,3,1.4627,0.355,0.6301,LOW_FREQ_AUDIT_ONLY,NO,Chinese Lexical Database v2.1
嗳,ai4,4,0.7164,0.355,0.4448,LOW_FREQ_AUDIT_ONLY,NO,Chinese Lexical Database v2.1
模,mo2,2,35.8507,0.3452,9.1623,LOW_FREQ_AUDIT_ONLY,NO,Chinese Lexical Database v2.1
抬,tai2,2,31.3433,0.3452,8.043,LOW_FREQ_AUDIT_ONLY,NO,Chinese Lexical Database v2.1
朴,piao2,2,9.403,0.3452,2.5945,LOW_FREQ_AUDIT_ONLY,NO,Chinese Lexical Database v2.1
损,sun3,3,4.0896,0.3452,1.275,LOW_FREQ_AUDIT_ONLY,NO,Chinese Lexical Database v2.1
嘉,jia1,1,2.806,0.3452,0.9563,LOW_FREQ_AUDIT_ONLY,NO,Chinese Lexical Database v2.1
篷,peng2,2,2.5075,0.3452,0.8821,LOW_FREQ_AUDIT_ONLY,NO,Chinese Lexical Database v2.1
涛,tao1,1,1.4328,0.3452,0.6153,LOW_FREQ_AUDIT_ONLY,NO,Chinese Lexical Database v2.1
谦,qian1,1,1.4328,0.3452,0.6153,LOW_FREQ_AUDIT_ONLY,NO,Chinese Lexical Database v2.1
陌,mo4,4,0.8955,0.3452,0.4818,LOW_FREQ_AUDIT_ONLY,NO,Chinese Lexical Database v2.1
甫,fu3,3,0.6567,0.3452,0.4225,LOW_FREQ_AUDIT_ONLY,NO,Chinese Lexical Database v2.1
蒲,pu2,2,0.6269,0.3452,0.4151,LOW_FREQ_AUDIT_ONLY,NO,Chinese Lexical Database v2.1
允,yun3,3,0.597,0.3452,0.4077,LOW_FREQ_AUDIT_ONLY,NO,Chinese Lexical Database v2.1
辉,hui1,1,0.5373,0.3452,0.3929,LOW_FREQ_AUDIT_ONLY,NO,Chinese Lexical Database v2.1
什,shen2,2,45.7015,0.3353,11.6012,LOW_FREQ_AUDIT_ONLY,NO,Chinese Lexical Database v2.1
湾,wan1,1,10.5672,0.3353,2.8762,LOW_FREQ_AUDIT_ONLY,NO,Chinese Lexical Database v2.1
疤,ba1,1,7.7612,0.3353,2.1794,LOW_FREQ_AUDIT_ONLY,NO,Chinese Lexical Database v2.1
刹,cha4,4,1.6119,0.3353,0.6523,LOW_FREQ_AUDIT_ONLY,NO,Chinese Lexical Database v2.1
镍,nie4,4,1.2239,0.3353,0.556,LOW_FREQ_AUDIT_ONLY,NO,Chinese Lexical Database v2.1
嘤,ying1,1,0.3881,0.3353,0.3484,LOW_FREQ_AUDIT_ONLY,NO,Chinese Lexical Database v2.1
姚,yao2,2,0.3284,4.7535,3.6546,LOW_FREQ_AUDIT_ONLY,NO,Chinese Lexical Database v2.1
暨,ji4,4,0.3284,3.8363,2.9652,LOW_FREQ_AUDIT_ONLY,NO,Chinese Lexical Database v2.1
霞,xia2,2,0.3284,3.3826,2.6242,LOW_FREQ_AUDIT_ONLY,NO,Chinese Lexical Database v2.1
嚓,cha1,1,0.3284,1.9822,1.5715,LOW_FREQ_AUDIT_ONLY,NO,Chinese Lexical Database v2.1
哆,duo1,1,0.3284,1.8442,1.4678,LOW_FREQ_AUDIT_ONLY,NO,Chinese Lexical Database v2.1
嗲,dia3,3,0.3284,1.8146,1.4455,LOW_FREQ_AUDIT_ONLY,NO,Chinese Lexical Database v2.1
啼,ti2,2,0.3284,1.3314,1.0823,LOW_FREQ_AUDIT_ONLY,NO,Chinese Lexical Database v2.1
噜,lu1,1,0.3284,0.8185,0.6968,LOW_FREQ_AUDIT_ONLY,NO,Chinese Lexical Database v2.1
轩,xuan1,1,0.3284,0.6607,0.5782,LOW_FREQ_AUDIT_ONLY,NO,Chinese Lexical Database v2.1
虞,yu2,2,0.3284,0.5917,0.5263,LOW_FREQ_AUDIT_ONLY,NO,Chinese Lexical Database v2.1
釉,you4,4,0.3284,0.3649,0.3558,LOW_FREQ_AUDIT_ONLY,NO,Chinese Lexical Database v2.1
嗑,ke1,1,13.9104,0.3254,3.699,LOW_FREQ_AUDIT_ONLY,NO,Chinese Lexical Database v2.1
邪,ye2,2,6.4478,0.3254,1.8458,LOW_FREQ_AUDIT_ONLY,NO,Chinese Lexical Database v2.1
谭,tan2,2,4.3582,0.3254,1.3269,LOW_FREQ_AUDIT_ONLY,NO,Chinese Lexical Database v2.1
翠,cui4,4,2.8657,0.3254,0.9563,LOW_FREQ_AUDIT_ONLY,NO,Chinese Lexical Database v2.1
躁,zao4,4,1.8507,0.3254,0.7042,LOW_FREQ_AUDIT_ONLY,NO,Chinese Lexical Database v2.1
摁,en4,4,1.7015,0.3254,0.6672,LOW_FREQ_AUDIT_ONLY,NO,Chinese Lexical Database v2.1
郁,yu4,4,0.4776,0.3254,0.3632,LOW_FREQ_AUDIT_ONLY,NO,Chinese Lexical Database v2.1
悼,dao4,4,0.3881,0.3254,0.341,LOW_FREQ_AUDIT_ONLY,NO,Chinese Lexical Database v2.1
卦,gua4,4,0.3284,0.3254,0.3262,LOW_FREQ_AUDIT_ONLY,NO,Chinese Lexical Database v2.1
崔,cui1,1,15.9104,0.3156,4.1883,LOW_FREQ_AUDIT_ONLY,NO,Chinese Lexical Database v2.1
佩,pei4,4,5.6418,0.3156,1.6383,LOW_FREQ_AUDIT_ONLY,NO,Chinese Lexical Database v2.1
龟,gui1,1,4.4776,0.3156,1.3491,LOW_FREQ_AUDIT_ONLY,NO,Chinese Lexical Database v2.1
惠,hui4,4,3.6716,0.3156,1.149,LOW_FREQ_AUDIT_ONLY,NO,Chinese Lexical Database v2.1
韦,wei2,2,2.6866,0.3156,0.9044,LOW_FREQ_AUDIT_ONLY,NO,Chinese Lexical Database v2.1
晾,liang4,4,2.3881,0.3156,0.8302,LOW_FREQ_AUDIT_ONLY,NO,Chinese Lexical Database v2.1
宴,yan4,4,2.209,0.3156,0.7858,LOW_FREQ_AUDIT_ONLY,NO,Chinese Lexical Database v2.1
舀,yao3,3,0.9552,0.3156,0.4744,LOW_FREQ_AUDIT_ONLY,NO,Chinese Lexical Database v2.1
嗝,ge2,2,0.8358,0.3156,0.4448,LOW_FREQ_AUDIT_ONLY,NO,Chinese Lexical Database v2.1
丽,li4,4,30.0299,0.3057,7.6872,LOW_FREQ_AUDIT_ONLY,NO,Chinese Lexical Database v2.1
琳,lin2,2,7.4925,0.3057,2.0904,LOW_FREQ_AUDIT_ONLY,NO,Chinese Lexical Database v2.1
靴,xue1,1,5.2537,0.3057,1.5345,LOW_FREQ_AUDIT_ONLY,NO,Chinese Lexical Database v2.1
傲,ao4,4,4.9254,0.3057,1.4529,LOW_FREQ_AUDIT_ONLY,NO,Chinese Lexical Database v2.1
突,tu1,1,4.0299,0.3057,1.2305,LOW_FREQ_AUDIT_ONLY,NO,Chinese Lexical Database v2.1
润,run4,4,3.6716,0.3057,1.1416,LOW_FREQ_AUDIT_ONLY,NO,Chinese Lexical Database v2.1
柔,rou2,2,3.1343,0.3057,1.0082,LOW_FREQ_AUDIT_ONLY,NO,Chinese Lexical Database v2.1
央,yang1,1,1.7612,0.3057,0.6672,LOW_FREQ_AUDIT_ONLY,NO,Chinese Lexical Database v2.1
廿,nian4,4,0.3284,0.3057,0.3113,LOW_FREQ_AUDIT_ONLY,NO,Chinese Lexical Database v2.1
喇,la3,3,0.2985,3.1361,2.4314,LOW_FREQ_AUDIT_ONLY,NO,Chinese Lexical Database v2.1
锄,chu2,2,0.2985,1.8343,1.4529,LOW_FREQ_AUDIT_ONLY,NO,Chinese Lexical Database v2.1
穗,sui4,4,0.2985,0.8185,0.6894,LOW_FREQ_AUDIT_ONLY,NO,Chinese Lexical Database v2.1
禽,qin2,2,0.2985,0.6805,0.5856,LOW_FREQ_AUDIT_ONLY,NO,Chinese Lexical Database v2.1
藕,ou3,3,0.2985,0.572,0.5041,LOW_FREQ_AUDIT_ONLY,NO,Chinese Lexical Database v2.1
韧,ren4,4,0.2985,0.3649,0.3484,LOW_FREQ_AUDIT_ONLY,NO,Chinese Lexical Database v2.1
枣,zao3,3,0.2985,0.3353,0.3262,LOW_FREQ_AUDIT_ONLY,NO,Chinese Lexical Database v2.1
症,zheng4,4,39.8806,0.2959,10.126,LOW_FREQ_AUDIT_ONLY,NO,Chinese Lexical Database v2.1
胆,dan3,3,8.8955,0.2959,2.4314,LOW_FREQ_AUDIT_ONLY,NO,Chinese Lexical Database v2.1
揪,jiu1,1,4.9851,0.2959,1.4603,LOW_FREQ_AUDIT_ONLY,NO,Chinese Lexical Database v2.1
柳,liu3,3,4.0,0.2959,1.2157,LOW_FREQ_AUDIT_ONLY,NO,Chinese Lexical Database v2.1
糊,hu2,2,3.791,0.2959,1.1638,LOW_FREQ_AUDIT_ONLY,NO,Chinese Lexical Database v2.1
艇,ting3,3,2.4179,0.2959,0.8228,LOW_FREQ_AUDIT_ONLY,NO,Chinese Lexical Database v2.1
巾,jin1,1,2.1493,0.2959,0.7561,LOW_FREQ_AUDIT_ONLY,NO,Chinese Lexical Database v2.1
秃,tu1,1,1.9701,0.2959,0.7116,LOW_FREQ_AUDIT_ONLY,NO,Chinese Lexical Database v2.1
撅,jue1,1,1.8507,0.2959,0.682,LOW_FREQ_AUDIT_ONLY,NO,Chinese Lexical Database v2.1
凯,kai3,3,12.806,0.286,3.3951,LOW_FREQ_AUDIT_ONLY,NO,Chinese Lexical Database v2.1
琪,qi2,2,4.3881,0.286,1.3047,LOW_FREQ_AUDIT_ONLY,NO,Chinese Lexical Database v2.1
拌,ban4,4,3.3433,0.286,1.0452,LOW_FREQ_AUDIT_ONLY,NO,Chinese Lexical Database v2.1
聪,cong1,1,3.2537,0.286,1.023,LOW_FREQ_AUDIT_ONLY,NO,Chinese Lexical Database v2.1
煞,sha4,4,3.1343,0.286,0.9933,LOW_FREQ_AUDIT_ONLY,NO,Chinese Lexical Database v2.1
浩,hao4,4,2.4478,0.286,0.8228,LOW_FREQ_AUDIT_ONLY,NO,Chinese Lexical Database v2.1
咔,ka1,1,2.3284,0.286,0.7932,LOW_FREQ_AUDIT_ONLY,NO,Chinese Lexical Database v2.1
扰,rao3,3,2.0299,0.286,0.7191,LOW_FREQ_AUDIT_ONLY,NO,Chinese Lexical Database v2.1
嚎,hao2,2,1.7015,0.286,0.6375,LOW_FREQ_AUDIT_ONLY,NO,Chinese Lexical Database v2.1
孽,nie4,4,1.4925,0.286,0.5856,LOW_FREQ_AUDIT_ONLY,NO,Chinese Lexical Database v2.1
樱,ying1,1,1.0448,0.286,0.4744,LOW_FREQ_AUDIT_ONLY,NO,Chinese Lexical Database v2.1
啰,luo1,1,18.3881,0.2761,4.7739,LOW_FREQ_AUDIT_ONLY,NO,Chinese Lexical Database v2.1
汁,zhi1,1,17.6716,0.2761,4.596,LOW_FREQ_AUDIT_ONLY,NO,Chinese Lexical Database v2.1
袜,wa4,4,7.9701,0.2761,2.1868,LOW_FREQ_AUDIT_ONLY,NO,Chinese Lexical Database v2.1
捆,kun3,3,7.7612,0.2761,2.1349,LOW_FREQ_AUDIT_ONLY,NO,Chinese Lexical Database v2.1
丸,wan2,2,6.1493,0.2761,1.7346,LOW_FREQ_AUDIT_ONLY,NO,Chinese Lexical Database v2.1
肏,cao4,4,0.2985,0.2761,0.2817,LOW_FREQ_AUDIT_ONLY,NO,Chinese Lexical Database v2.1
恒,heng2,2,0.2687,6.854,5.2187,LOW_FREQ_AUDIT_ONLY,NO,Chinese Lexical Database v2.1
旱,han4,4,0.2687,6.7061,5.1075,LOW_FREQ_AUDIT_ONLY,NO,Chinese Lexical Database v2.1
辽,liao2,2,0.2687,1.8245,1.4381,LOW_FREQ_AUDIT_ONLY,NO,Chinese Lexical Database v2.1
岚,lan2,2,0.2687,1.7456,1.3788,LOW_FREQ_AUDIT_ONLY,NO,Chinese Lexical Database v2.1
旨,zhi3,3,0.2687,1.6568,1.3121,LOW_FREQ_AUDIT_ONLY,NO,Chinese Lexical Database v2.1
斥,chi4,4,0.2687,1.3609,1.0897,LOW_FREQ_AUDIT_ONLY,NO,Chinese Lexical Database v2.1
缅,mian3,3,0.2687,0.7298,0.6153,LOW_FREQ_AUDIT_ONLY,NO,Chinese Lexical Database v2.1
臻,zhen1,1,0.2687,0.7101,0.6004,LOW_FREQ_AUDIT_ONLY,NO,Chinese Lexical Database v2.1
辖,xia2,2,0.2687,0.4536,0.4077,LOW_FREQ_AUDIT_ONLY,NO,Chinese Lexical Database v2.1
谎,huang3,3,22.9254,0.2663,5.8933,LOW_FREQ_AUDIT_ONLY,NO,Chinese Lexical Database v2.1
拣,jian3,3,4.4478,0.2663,1.3047,LOW_FREQ_AUDIT_ONLY,NO,Chinese Lexical Database v2.1
丘,qiu1,1,3.6418,0.2663,1.1045,LOW_FREQ_AUDIT_ONLY,NO,Chinese Lexical Database v2.1
陀,tuo2,2,2.806,0.2663,0.897,LOW_FREQ_AUDIT_ONLY,NO,Chinese Lexical Database v2.1
淳,chun2,2,1.8209,0.2663,0.6523,LOW_FREQ_AUDIT_ONLY,NO,Chinese Lexical Database v2.1
彪,biao1,1,1.7612,0.2663,0.6375,LOW_FREQ_AUDIT_ONLY,NO,Chinese Lexical Database v2.1
彬,bin1,1,1.1343,0.2663,0.4818,LOW_FREQ_AUDIT_ONLY,NO,Chinese Lexical Database v2.1
桂,gui4,4,0.9552,0.2663,0.4374,LOW_FREQ_AUDIT_ONLY,NO,Chinese Lexical Database v2.1
咿,yi1,1,0.5075,0.2663,0.3262,LOW_FREQ_AUDIT_ONLY,NO,Chinese Lexical Database v2.1
憨,han1,1,0.2985,0.2663,0.2743,LOW_FREQ_AUDIT_ONLY,NO,Chinese Lexical Database v2.1
艳,yan4,4,13.6716,0.2564,3.5878,LOW_FREQ_AUDIT_ONLY,NO,Chinese Lexical Database v2.1
挠,nao2,2,5.3134,0.2564,1.5122,LOW_FREQ_AUDIT_ONLY,NO,Chinese Lexical Database v2.1
候,hou4,4,4.0597,0.2564,1.2009,LOW_FREQ_AUDIT_ONLY,NO,Chinese Lexical Database v2.1
茬,cha2,2,2.3881,0.2564,0.7858,LOW_FREQ_AUDIT_ONLY,NO,Chinese Lexical Database v2.1
妍,yan2,2,1.9104,0.2564,0.6672,LOW_FREQ_AUDIT_ONLY,NO,Chinese Lexical Database v2.1
晤,wu4,4,1.791,0.2564,0.6375,LOW_FREQ_AUDIT_ONLY,NO,Chinese Lexical Database v2.1
孟,meng4,4,1.0149,0.2564,0.4448,LOW_FREQ_AUDIT_ONLY,NO,Chinese Lexical Database v2.1
焗,ju2,2,0.4776,0.2564,0.3113,LOW_FREQ_AUDIT_ONLY,NO,Chinese Lexical Database v2.1
妥,tuo3,3,7.8209,0.2465,2.1275,LOW_FREQ_AUDIT_ONLY,NO,Chinese Lexical Database v2.1
辛,xin1,1,7.194,0.2465,1.9718,LOW_FREQ_AUDIT_ONLY,NO,Chinese Lexical Database v2.1
捷,jie2,2,3.4627,0.2465,1.0452,LOW_FREQ_AUDIT_ONLY,NO,Chinese Lexical Database v2.1
锋,feng1,1,3.0448,0.2465,0.9414,LOW_FREQ_AUDIT_ONLY,NO,Chinese Lexical Database v2.1
枫,feng1,1,2.0,0.2465,0.682,LOW_FREQ_AUDIT_ONLY,NO,Chinese Lexical Database v2.1
屯,zhun1,1,0.4179,0.2465,0.2891,LOW_FREQ_AUDIT_ONLY,NO,Chinese Lexical Database v2.1
颖,ying3,3,0.3881,0.2465,0.2817,LOW_FREQ_AUDIT_ONLY,NO,Chinese Lexical Database v2.1
漠,mo4,4,0.3284,0.2465,0.2669,LOW_FREQ_AUDIT_ONLY,NO,Chinese Lexical Database v2.1
焰,yan4,4,0.2388,7.426,5.6412,LOW_FREQ_AUDIT_ONLY,NO,Chinese Lexical Database v2.1
颓,tui2,2,0.2388,1.7258,1.3566,LOW_FREQ_AUDIT_ONLY,NO,Chinese Lexical Database v2.1
僻,pi4,4,0.2388,0.6607,0.556,LOW_FREQ_AUDIT_ONLY,NO,Chinese Lexical Database v2.1
谙,an1,1,0.2388,0.6213,0.5263,LOW_FREQ_AUDIT_ONLY,NO,Chinese Lexical Database v2.1
疆,jiang1,1,0.2388,0.3452,0.3188,LOW_FREQ_AUDIT_ONLY,NO,Chinese Lexical Database v2.1
瑟,se4,4,9.7612,0.2367,2.6019,LOW_FREQ_AUDIT_ONLY,NO,Chinese Lexical Database v2.1
筒,tong3,3,8.0,0.2367,2.1646,LOW_FREQ_AUDIT_ONLY,NO,Chinese Lexical Database v2.1
盲,mang2,2,4.2388,0.2367,1.2305,LOW_FREQ_AUDIT_ONLY,NO,Chinese Lexical Database v2.1
酿,niang4,4,2.1194,0.2367,0.7042,LOW_FREQ_AUDIT_ONLY,NO,Chinese Lexical Database v2.1
坊,fang1,1,1.9701,0.2367,0.6672,LOW_FREQ_AUDIT_ONLY,NO,Chinese Lexical Database v2.1
蔓,man4,4,1.8209,0.2367,0.6301,LOW_FREQ_AUDIT_ONLY,NO,Chinese Lexical Database v2.1
掀,xian1,1,1.6119,0.2367,0.5782,LOW_FREQ_AUDIT_ONLY,NO,Chinese Lexical Database v2.1
窦,dou4,4,1.2239,0.2367,0.4818,LOW_FREQ_AUDIT_ONLY,NO,Chinese Lexical Database v2.1
邱,qiu1,1,0.8358,0.2367,0.3855,LOW_FREQ_AUDIT_ONLY,NO,Chinese Lexical Database v2.1
蔫,nian1,1,0.4179,0.2367,0.2817,LOW_FREQ_AUDIT_ONLY,NO,Chinese Lexical Database v2.1
雇,gu4,4,47.2537,0.2268,11.9051,LOW_FREQ_AUDIT_ONLY,NO,Chinese Lexical Database v2.1
幽,you1,1,2.4776,0.2268,0.7858,LOW_FREQ_AUDIT_ONLY,NO,Chinese Lexical Database v2.1
籍,ji2,2,2.2687,0.2268,0.7339,LOW_FREQ_AUDIT_ONLY,NO,Chinese Lexical Database v2.1
涮,shuan4,4,2.2388,0.2268,0.7265,LOW_FREQ_AUDIT_ONLY,NO,Chinese Lexical Database v2.1
祛,qu1,1,0.8657,0.2268,0.3855,LOW_FREQ_AUDIT_ONLY,NO,Chinese Lexical Database v2.1
蛾,e2,2,0.2687,0.2268,0.2372,LOW_FREQ_AUDIT_ONLY,NO,Chinese Lexical Database v2.1
裔,yi4,4,8.3582,0.217,2.2387,LOW_FREQ_AUDIT_ONLY,NO,Chinese Lexical Database v2.1
署,shu3,3,6.4776,0.217,1.7717,LOW_FREQ_AUDIT_ONLY,NO,Chinese Lexical Database v2.1
坚,jian1,1,4.5672,0.217,1.2973,LOW_FREQ_AUDIT_ONLY,NO,Chinese Lexical Database v2.1
凹,wa1,1,2.9851,0.217,0.9044,LOW_FREQ_AUDIT_ONLY,NO,Chinese Lexical Database v2.1
詹,zhan1,1,2.806,0.217,0.8599,LOW_FREQ_AUDIT_ONLY,NO,Chinese Lexical Database v2.1
斋,zhai1,1,1.0149,0.217,0.4151,LOW_FREQ_AUDIT_ONLY,NO,Chinese Lexical Database v2.1
涩,se4,4,0.8657,0.217,0.3781,LOW_FREQ_AUDIT_ONLY,NO,Chinese Lexical Database v2.1
聂,nie4,4,0.8657,0.217,0.3781,LOW_FREQ_AUDIT_ONLY,NO,Chinese Lexical Database v2.1
潭,tan2,2,0.8358,0.217,0.3706,LOW_FREQ_AUDIT_ONLY,NO,Chinese Lexical Database v2.1
荤,hun1,1,0.5672,0.217,0.3039,LOW_FREQ_AUDIT_ONLY,NO,Chinese Lexical Database v2.1
卤,lu3,3,0.4179,0.217,0.2669,LOW_FREQ_AUDIT_ONLY,NO,Chinese Lexical Database v2.1
孚,fu2,2,0.2388,0.217,0.2224,LOW_FREQ_AUDIT_ONLY,NO,Chinese Lexical Database v2.1
荨,qian2,2,0.2388,0.217,0.2224,LOW_FREQ_AUDIT_ONLY,NO,Chinese Lexical Database v2.1
蒋,jiang3,3,0.209,5.0394,3.8399,LOW_FREQ_AUDIT_ONLY,NO,Chinese Lexical Database v2.1
蓉,rong2,2,0.209,1.5483,1.2157,LOW_FREQ_AUDIT_ONLY,NO,Chinese Lexical Database v2.1
粟,su4,4,0.209,1.4892,1.1712,LOW_FREQ_AUDIT_ONLY,NO,Chinese Lexical Database v2.1
羡,xian4,4,0.209,1.3807,1.0897,LOW_FREQ_AUDIT_ONLY,NO,Chinese Lexical Database v2.1
虹,hong2,2,0.209,1.1144,0.8895,LOW_FREQ_AUDIT_ONLY,NO,Chinese Lexical Database v2.1
飨,xiang3,3,0.209,0.3057,0.2817,LOW_FREQ_AUDIT_ONLY,NO,Chinese Lexical Database v2.1
蕉,jiao1,1,0.209,0.2761,0.2595,LOW_FREQ_AUDIT_ONLY,NO,Chinese Lexical Database v2.1
稻,dao4,4,0.209,0.217,0.215,LOW_FREQ_AUDIT_ONLY,NO,Chinese Lexical Database v2.1
柜,gui4,4,17.791,0.2071,4.5738,LOW_FREQ_AUDIT_ONLY,NO,Chinese Lexical Database v2.1
状,zhuang4,4,13.5821,0.2071,3.5285,LOW_FREQ_AUDIT_ONLY,NO,Chinese Lexical Database v2.1
邮,you2,2,8.4776,0.2071,2.2609,LOW_FREQ_AUDIT_ONLY,NO,Chinese Lexical Database v2.1
羞,xiu1,1,7.0448,0.2071,1.9051,LOW_FREQ_AUDIT_ONLY,NO,Chinese Lexical Database v2.1
扬,yang2,2,6.5672,0.2071,1.7865,LOW_FREQ_AUDIT_ONLY,NO,Chinese Lexical Database v2.1
潜,qian2,2,5.7612,0.2071,1.5864,LOW_FREQ_AUDIT_ONLY,NO,Chinese Lexical Database v2.1
伟,wei3,3,3.9104,0.2071,1.1268,LOW_FREQ_AUDIT_ONLY,NO,Chinese Lexical Database v2.1
拷,kao3,3,3.5821,0.2071,1.0452,LOW_FREQ_AUDIT_ONLY,NO,Chinese Lexical Database v2.1
腾,teng2,2,2.9552,0.2071,0.8895,LOW_FREQ_AUDIT_ONLY,NO,Chinese Lexical Database v2.1
玲,ling2,2,2.2388,0.2071,0.7116,LOW_FREQ_AUDIT_ONLY,NO,Chinese Lexical Database v2.1
妾,qie4,4,1.2836,0.2071,0.4744,LOW_FREQ_AUDIT_ONLY,NO,Chinese Lexical Database v2.1
蝶,die2,2,0.9552,0.2071,0.3929,LOW_FREQ_AUDIT_ONLY,NO,Chinese Lexical Database v2.1
岳,yue4,4,0.9254,0.2071,0.3855,LOW_FREQ_AUDIT_ONLY,NO,Chinese Lexical Database v2.1
耀,yao4,4,0.8657,0.2071,0.3706,LOW_FREQ_AUDIT_ONLY,NO,Chinese Lexical Database v2.1
硕,shuo4,4,0.7164,0.2071,0.3336,LOW_FREQ_AUDIT_ONLY,NO,Chinese Lexical Database v2.1
锭,ding4,4,0.5672,0.2071,0.2965,LOW_FREQ_AUDIT_ONLY,NO,Chinese Lexical Database v2.1
馊,sou1,1,0.5672,0.2071,0.2965,LOW_FREQ_AUDIT_ONLY,NO,Chinese Lexical Database v2.1
普,pu3,3,26.0299,0.1972,6.6123,LOW_FREQ_AUDIT_ONLY,NO,Chinese Lexical Database v2.1
砰,peng1,1,10.2687,0.1972,2.6983,LOW_FREQ_AUDIT_ONLY,NO,Chinese Lexical Database v2.1
浮,fu2,2,9.2537,0.1972,2.4463,LOW_FREQ_AUDIT_ONLY,NO,Chinese Lexical Database v2.1
茜,qian4,4,8.1791,0.1972,2.1794,LOW_FREQ_AUDIT_ONLY,NO,Chinese Lexical Database v2.1
仓,cang1,1,6.5672,0.1972,1.7791,LOW_FREQ_AUDIT_ONLY,NO,Chinese Lexical Database v2.1
咻,xiu1,1,5.7015,0.1972,1.5641,LOW_FREQ_AUDIT_ONLY,NO,Chinese Lexical Database v2.1
昆,kun1,1,2.7463,0.1972,0.8302,LOW_FREQ_AUDIT_ONLY,NO,Chinese Lexical Database v2.1
唠,lao1,1,1.6119,0.1972,0.5486,LOW_FREQ_AUDIT_ONLY,NO,Chinese Lexical Database v2.1
撩,liao2,2,1.3433,0.1972,0.4818,LOW_FREQ_AUDIT_ONLY,NO,Chinese Lexical Database v2.1
枉,wang3,3,1.0746,0.1972,0.4151,LOW_FREQ_AUDIT_ONLY,NO,Chinese Lexical Database v2.1
葵,kui2,2,0.9851,0.1972,0.3929,LOW_FREQ_AUDIT_ONLY,NO,Chinese Lexical Database v2.1
傅,fu4,4,0.4776,0.1972,0.2669,LOW_FREQ_AUDIT_ONLY,NO,Chinese Lexical Database v2.1
篓,lou3,3,0.3881,0.1972,0.2446,LOW_FREQ_AUDIT_ONLY,NO,Chinese Lexical Database v2.1
倩,qian4,4,0.3284,0.1972,0.2298,LOW_FREQ_AUDIT_ONLY,NO,Chinese Lexical Database v2.1
璐,lu4,4,0.2388,0.1972,0.2076,LOW_FREQ_AUDIT_ONLY,NO,Chinese Lexical Database v2.1
窘,jiong3,3,0.209,0.1972,0.2001,LOW_FREQ_AUDIT_ONLY,NO,Chinese Lexical Database v2.1
辍,chuo4,4,0.209,0.1972,0.2001,LOW_FREQ_AUDIT_ONLY,NO,Chinese Lexical Database v2.1
蕾,lei3,3,20.3284,0.1874,5.189,LOW_FREQ_AUDIT_ONLY,NO,Chinese Lexical Database v2.1
珍,zhen1,1,8.7463,0.1874,2.3128,LOW_FREQ_AUDIT_ONLY,NO,Chinese Lexical Database v2.1
薯,shu3,3,6.2687,0.1874,1.6976,LOW_FREQ_AUDIT_ONLY,NO,Chinese Lexical Database v2.1
洁,jie2,2,5.3134,0.1874,1.4603,LOW_FREQ_AUDIT_ONLY,NO,Chinese Lexical Database v2.1
昔,xi1,1,4.3881,0.1874,1.2305,LOW_FREQ_AUDIT_ONLY,NO,Chinese Lexical Database v2.1
芭,ba1,1,4.1493,0.1874,1.1712,LOW_FREQ_AUDIT_ONLY,NO,Chinese Lexical Database v2.1
厢,xiang1,1,3.791,0.1874,1.0823,LOW_FREQ_AUDIT_ONLY,NO,Chinese Lexical Database v2.1
宵,xiao1,1,2.3881,0.1874,0.7339,LOW_FREQ_AUDIT_ONLY,NO,Chinese Lexical Database v2.1
阻,zu3,3,2.3582,0.1874,0.7265,LOW_FREQ_AUDIT_ONLY,NO,Chinese Lexical Database v2.1
御,yu4,4,2.3284,0.1874,0.7191,LOW_FREQ_AUDIT_ONLY,NO,Chinese Lexical Database v2.1
欺,qi1,1,1.5522,0.1874,0.5263,LOW_FREQ_AUDIT_ONLY,NO,Chinese Lexical Database v2.1
瞅,chou3,3,1.4925,0.1874,0.5115,LOW_FREQ_AUDIT_ONLY,NO,Chinese Lexical Database v2.1
寂,ji4,4,1.1045,0.1874,0.4151,LOW_FREQ_AUDIT_ONLY,NO,Chinese Lexical Database v2.1
楠,nan2,2,0.5672,0.1874,0.2817,LOW_FREQ_AUDIT_ONLY,NO,Chinese Lexical Database v2.1
呎,chi3,3,0.3582,0.1874,0.2298,LOW_FREQ_AUDIT_ONLY,NO,Chinese Lexical Database v2.1
娱,yu2,2,0.1791,13.9349,10.5189,LOW_FREQ_AUDIT_ONLY,NO,Chinese Lexical Database v2.1
谓,wei4,4,0.1791,10.8974,8.2357,LOW_FREQ_AUDIT_ONLY,NO,Chinese Lexical Database v2.1
禾,he2,2,0.1791,1.8442,1.4307,LOW_FREQ_AUDIT_ONLY,NO,Chinese Lexical Database v2.1
隅,yu2,2,0.1791,1.2722,1.0007,LOW_FREQ_AUDIT_ONLY,NO,Chinese Lexical Database v2.1
贸,mao4,4,0.1791,0.9763,0.7784,LOW_FREQ_AUDIT_ONLY,NO,Chinese Lexical Database v2.1
怂,song3,3,0.1791,0.7594,0.6153,LOW_FREQ_AUDIT_ONLY,NO,Chinese Lexical Database v2.1
鹏,peng2,2,0.1791,0.6016,0.4967,LOW_FREQ_AUDIT_ONLY,NO,Chinese Lexical Database v2.1
喃,nan2,2,0.1791,0.5424,0.4522,LOW_FREQ_AUDIT_ONLY,NO,Chinese Lexical Database v2.1
蕃,fan1,1,0.1791,0.4635,0.3929,LOW_FREQ_AUDIT_ONLY,NO,Chinese Lexical Database v2.1
葡,pu2,2,0.1791,0.4339,0.3706,LOW_FREQ_AUDIT_ONLY,NO,Chinese Lexical Database v2.1
嘈,cao2,2,0.1791,0.2663,0.2446,LOW_FREQ_AUDIT_ONLY,NO,Chinese Lexical Database v2.1
柑,gan1,1,0.1791,0.2465,0.2298,LOW_FREQ_AUDIT_ONLY,NO,Chinese Lexical Database v2.1
咒,zhou4,4,11.3134,0.1775,2.9429,LOW_FREQ_AUDIT_ONLY,NO,Chinese Lexical Database v2.1
妇,fu4,4,7.2537,0.1775,1.9348,LOW_FREQ_AUDIT_ONLY,NO,Chinese Lexical Database v2.1
丧,sang4,4,3.194,0.1775,0.9266,LOW_FREQ_AUDIT_ONLY,NO,Chinese Lexical Database v2.1
浦,pu3,3,3.0448,0.1775,0.8895,LOW_FREQ_AUDIT_ONLY,NO,Chinese Lexical Database v2.1
卓,zhuo2,2,2.4478,0.1775,0.7413,LOW_FREQ_AUDIT_ONLY,NO,Chinese Lexical Database v2.1
晶,jing1,1,2.2687,0.1775,0.6968,LOW_FREQ_AUDIT_ONLY,NO,Chinese Lexical Database v2.1
菊,ju2,2,2.1493,0.1775,0.6672,LOW_FREQ_AUDIT_ONLY,NO,Chinese Lexical Database v2.1
帧,zhen1,1,1.5821,0.1775,0.5263,LOW_FREQ_AUDIT_ONLY,NO,Chinese Lexical Database v2.1
撮,zuo3,3,0.7761,0.1775,0.3262,LOW_FREQ_AUDIT_ONLY,NO,Chinese Lexical Database v2.1
痞,pi3,3,0.7463,0.1775,0.3188,LOW_FREQ_AUDIT_ONLY,NO,Chinese Lexical Database v2.1
鸠,jiu1,1,0.6567,0.1775,0.2965,LOW_FREQ_AUDIT_ONLY,NO,Chinese Lexical Database v2.1
眸,mou2,2,0.5075,0.1775,0.2595,LOW_FREQ_AUDIT_ONLY,NO,Chinese Lexical Database v2.1
楞,leng2,2,0.3881,0.1775,0.2298,LOW_FREQ_AUDIT_ONLY,NO,Chinese Lexical Database v2.1
瞒,man2,2,19.7015,0.1677,5.0185,LOW_FREQ_AUDIT_ONLY,NO,Chinese Lexical Database v2.1
哔,bi4,4,5.5224,0.1677,1.4974,LOW_FREQ_AUDIT_ONLY,NO,Chinese Lexical Database v2.1
乎,hu1,1,4.6866,0.1677,1.2898,LOW_FREQ_AUDIT_ONLY,NO,Chinese Lexical Database v2.1
踹,chuai4,4,4.4776,0.1677,1.238,LOW_FREQ_AUDIT_ONLY,NO,Chinese Lexical Database v2.1
纱,sha1,1,4.1493,0.1677,1.1564,LOW_FREQ_AUDIT_ONLY,NO,Chinese Lexical Database v2.1
魅,mei4,4,3.8806,0.1677,1.0897,LOW_FREQ_AUDIT_ONLY,NO,Chinese Lexical Database v2.1
酥,su1,1,3.1343,0.1677,0.9044,LOW_FREQ_AUDIT_ONLY,NO,Chinese Lexical Database v2.1
熄,xi1,1,2.9254,0.1677,0.8525,LOW_FREQ_AUDIT_ONLY,NO,Chinese Lexical Database v2.1
凌,ling2,2,2.3582,0.1677,0.7116,LOW_FREQ_AUDIT_ONLY,NO,Chinese Lexical Database v2.1
频,pin2,2,2.3582,0.1677,0.7116,LOW_FREQ_AUDIT_ONLY,NO,Chinese Lexical Database v2.1
穆,mu4,4,2.209,0.1677,0.6746,LOW_FREQ_AUDIT_ONLY,NO,Chinese Lexical Database v2.1
愣,leng4,4,2.1493,0.1677,0.6597,LOW_FREQ_AUDIT_ONLY,NO,Chinese Lexical Database v2.1
氮,dan4,4,2.0299,0.1677,0.6301,LOW_FREQ_AUDIT_ONLY,NO,Chinese Lexical Database v2.1
薛,xue1,1,1.791,0.1677,0.5708,LOW_FREQ_AUDIT_ONLY,NO,Chinese Lexical Database v2.1
嘀,di1,1,1.3731,0.1677,0.467,LOW_FREQ_AUDIT_ONLY,NO,Chinese Lexical Database v2.1
倔,jue4,4,1.2537,0.1677,0.4374,LOW_FREQ_AUDIT_ONLY,NO,Chinese Lexical Database v2.1
构,gou4,4,1.1045,0.1677,0.4003,LOW_FREQ_AUDIT_ONLY,NO,Chinese Lexical Database v2.1
吭,keng1,1,0.6866,0.1677,0.2965,LOW_FREQ_AUDIT_ONLY,NO,Chinese Lexical Database v2.1
呱,gua1,1,0.6567,0.1677,0.2891,LOW_FREQ_AUDIT_ONLY,NO,Chinese Lexical Database v2.1
盅,zhong1,1,0.4776,0.1677,0.2446,LOW_FREQ_AUDIT_ONLY,NO,Chinese Lexical Database v2.1
迪,di2,2,32.0,0.1578,8.0652,LOW_FREQ_AUDIT_ONLY,NO,Chinese Lexical Database v2.1
霍,huo4,4,8.3284,0.1578,2.1868,LOW_FREQ_AUDIT_ONLY,NO,Chinese Lexical Database v2.1
伽,jia1,1,8.0,0.1578,2.1053,LOW_FREQ_AUDIT_ONLY,NO,Chinese Lexical Database v2.1
弘,hong2,2,7.5224,0.1578,1.9867,LOW_FREQ_AUDIT_ONLY,NO,Chinese Lexical Database v2.1
溅,jian4,4,7.1642,0.1578,1.8977,LOW_FREQ_AUDIT_ONLY,NO,Chinese Lexical Database v2.1
浇,jiao1,1,6.4478,0.1578,1.7198,LOW_FREQ_AUDIT_ONLY,NO,Chinese Lexical Database v2.1
菌,jun1,1,6.4179,0.1578,1.7124,LOW_FREQ_AUDIT_ONLY,NO,Chinese Lexical Database v2.1
啤,pi2,2,2.7463,0.1578,0.8006,LOW_FREQ_AUDIT_ONLY,NO,Chinese Lexical Database v2.1
佑,you4,4,2.4179,0.1578,0.7191,LOW_FREQ_AUDIT_ONLY,NO,Chinese Lexical Database v2.1
嗬,he1,1,2.0299,0.1578,0.6227,LOW_FREQ_AUDIT_ONLY,NO,Chinese Lexical Database v2.1
坛,tan2,2,0.6866,0.1578,0.2891,LOW_FREQ_AUDIT_ONLY,NO,Chinese Lexical Database v2.1
琦,qi2,2,0.4478,0.1578,0.2298,LOW_FREQ_AUDIT_ONLY,NO,Chinese Lexical Database v2.1
婶,shen3,3,0.3881,0.1578,0.215,LOW_FREQ_AUDIT_ONLY,NO,Chinese Lexical Database v2.1
钴,gu3,3,0.3881,0.1578,0.215,LOW_FREQ_AUDIT_ONLY,NO,Chinese Lexical Database v2.1
呔,dai1,1,0.2687,0.1578,0.1853,LOW_FREQ_AUDIT_ONLY,NO,Chinese Lexical Database v2.1
暑,shu3,3,0.1493,1.0355,0.8154,LOW_FREQ_AUDIT_ONLY,NO,Chinese Lexical Database v2.1
宛,wan3,3,0.1493,0.8383,0.6672,LOW_FREQ_AUDIT_ONLY,NO,Chinese Lexical Database v2.1
歼,jian1,1,0.1493,0.4635,0.3855,LOW_FREQ_AUDIT_ONLY,NO,Chinese Lexical Database v2.1
冶,ye3,3,0.1493,0.4142,0.3484,LOW_FREQ_AUDIT_ONLY,NO,Chinese Lexical Database v2.1
涵,han2,2,0.1493,0.3945,0.3336,LOW_FREQ_AUDIT_ONLY,NO,Chinese Lexical Database v2.1
冀,ji4,4,0.1493,0.2761,0.2446,LOW_FREQ_AUDIT_ONLY,NO,Chinese Lexical Database v2.1
嘁,qi1,1,0.1493,0.217,0.2001,LOW_FREQ_AUDIT_ONLY,NO,Chinese Lexical Database v2.1
黍,shu3,3,0.1493,0.1972,0.1853,LOW_FREQ_AUDIT_ONLY,NO,Chinese Lexical Database v2.1
擀,gan3,3,0.1493,0.1775,0.1705,LOW_FREQ_AUDIT_ONLY,NO,Chinese Lexical Database v2.1
邵,shao4,4,0.1493,0.1775,0.1705,LOW_FREQ_AUDIT_ONLY,NO,Chinese Lexical Database v2.1
啫,ze2,2,0.1493,0.1578,0.1557,LOW_FREQ_AUDIT_ONLY,NO,Chinese Lexical Database v2.1
莎,sha1,1,17.7612,0.1479,4.5219,LOW_FREQ_AUDIT_ONLY,NO,Chinese Lexical Database v2.1
踪,zong1,1,5.4925,0.1479,1.4752,LOW_FREQ_AUDIT_ONLY,NO,Chinese Lexical Database v2.1
眨,zha3,3,5.0746,0.1479,1.3714,LOW_FREQ_AUDIT_ONLY,NO,Chinese Lexical Database v2.1
嘣,beng1,1,4.4776,0.1479,1.2231,LOW_FREQ_AUDIT_ONLY,NO,Chinese Lexical Database v2.1
饰,shi4,4,3.7015,0.1479,1.0304,LOW_FREQ_AUDIT_ONLY,NO,Chinese Lexical Database v2.1
钚,bu4,4,2.4776,0.1479,0.7265,LOW_FREQ_AUDIT_ONLY,NO,Chinese Lexical Database v2.1
氨,an1,1,2.4478,0.1479,0.7191,LOW_FREQ_AUDIT_ONLY,NO,Chinese Lexical Database v2.1
耻,chi3,3,2.2388,0.1479,0.6672,LOW_FREQ_AUDIT_ONLY,NO,Chinese Lexical Database v2.1
芳,fang1,1,2.209,0.1479,0.6597,LOW_FREQ_AUDIT_ONLY,NO,Chinese Lexical Database v2.1
炭,tan4,4,1.7612,0.1479,0.5486,LOW_FREQ_AUDIT_ONLY,NO,Chinese Lexical Database v2.1
飚,biao1,1,1.7015,0.1479,0.5337,LOW_FREQ_AUDIT_ONLY,NO,Chinese Lexical Database v2.1
逸,yi4,4,0.9254,0.1479,0.341,LOW_FREQ_AUDIT_ONLY,NO,Chinese Lexical Database v2.1
稽,ji1,1,0.806,0.1479,0.3113,LOW_FREQ_AUDIT_ONLY,NO,Chinese Lexical Database v2.1
辰,chen2,2,0.6567,0.1479,0.2743,LOW_FREQ_AUDIT_ONLY,NO,Chinese Lexical Database v2.1
汲,ji2,2,0.597,0.1479,0.2595,LOW_FREQ_AUDIT_ONLY,NO,Chinese Lexical Database v2.1
沐,mu4,4,0.3881,0.1479,0.2076,LOW_FREQ_AUDIT_ONLY,NO,Chinese Lexical Database v2.1
呷,xia1,1,0.3284,0.1479,0.1927,LOW_FREQ_AUDIT_ONLY,NO,Chinese Lexical Database v2.1
寿,shou4,4,9.791,0.1381,2.5352,LOW_FREQ_AUDIT_ONLY,NO,Chinese Lexical Database v2.1
律,lv4,4,8.4478,0.1381,2.2016,LOW_FREQ_AUDIT_ONLY,NO,Chinese Lexical Database v2.1
棍,gun4,4,7.2836,0.1381,1.9125,LOW_FREQ_AUDIT_ONLY,NO,Chinese Lexical Database v2.1
掺,chan1,1,7.0448,0.1381,1.8532,LOW_FREQ_AUDIT_ONLY,NO,Chinese Lexical Database v2.1
赫,he4,4,6.8955,0.1381,1.8162,LOW_FREQ_AUDIT_ONLY,NO,Chinese Lexical Database v2.1
拧,ning3,3,6.7761,0.1381,1.7865,LOW_FREQ_AUDIT_ONLY,NO,Chinese Lexical Database v2.1
嗒,da1,1,6.209,0.1381,1.6457,LOW_FREQ_AUDIT_ONLY,NO,Chinese Lexical Database v2.1
徒,tu2,2,4.597,0.1381,1.2454,LOW_FREQ_AUDIT_ONLY,NO,Chinese Lexical Database v2.1
朋,peng2,2,3.9104,0.1381,1.0749,LOW_FREQ_AUDIT_ONLY,NO,Chinese Lexical Database v2.1
规,gui1,1,2.8358,0.1381,0.808,LOW_FREQ_AUDIT_ONLY,NO,Chinese Lexical Database v2.1
雕,diao1,1,2.7761,0.1381,0.7932,LOW_FREQ_AUDIT_ONLY,NO,Chinese Lexical Database v2.1
翁,weng1,1,2.0597,0.1381,0.6153,LOW_FREQ_AUDIT_ONLY,NO,Chinese Lexical Database v2.1
嚯,huo4,4,1.9104,0.1381,0.5782,LOW_FREQ_AUDIT_ONLY,NO,Chinese Lexical Database v2.1
怡,yi2,2,1.6119,0.1381,0.5041,LOW_FREQ_AUDIT_ONLY,NO,Chinese Lexical Database v2.1
羽,yu3,3,1.6119,0.1381,0.5041,LOW_FREQ_AUDIT_ONLY,NO,Chinese Lexical Database v2.1
刨,pao2,2,1.3134,0.1381,0.4299,LOW_FREQ_AUDIT_ONLY,NO,Chinese Lexical Database v2.1
捶,chui2,2,1.1343,0.1381,0.3855,LOW_FREQ_AUDIT_ONLY,NO,Chinese Lexical Database v2.1
侃,kan3,3,1.0746,0.1381,0.3706,LOW_FREQ_AUDIT_ONLY,NO,Chinese Lexical Database v2.1
暮,mu4,4,0.9851,0.1381,0.3484,LOW_FREQ_AUDIT_ONLY,NO,Chinese Lexical Database v2.1
嗖,sou1,1,0.9254,0.1381,0.3336,LOW_FREQ_AUDIT_ONLY,NO,Chinese Lexical Database v2.1
唸,dian4,4,0.8955,0.1381,0.3262,LOW_FREQ_AUDIT_ONLY,NO,Chinese Lexical Database v2.1
瓷,ci2,2,0.8955,0.1381,0.3262,LOW_FREQ_AUDIT_ONLY,NO,Chinese Lexical Database v2.1
腊,la4,4,0.8657,0.1381,0.3188,LOW_FREQ_AUDIT_ONLY,NO,Chinese Lexical Database v2.1
荒,huang1,1,0.8657,0.1381,0.3188,LOW_FREQ_AUDIT_ONLY,NO,Chinese Lexical Database v2.1
倚,yi3,3,0.6269,0.1381,0.2595,LOW_FREQ_AUDIT_ONLY,NO,Chinese Lexical Database v2.1
渠,qu2,2,0.4776,0.1381,0.2224,LOW_FREQ_AUDIT_ONLY,NO,Chinese Lexical Database v2.1
褒,bao1,1,0.3881,0.1381,0.2001,LOW_FREQ_AUDIT_ONLY,NO,Chinese Lexical Database v2.1
菇,gu1,1,0.3582,0.1381,0.1927,LOW_FREQ_AUDIT_ONLY,NO,Chinese Lexical Database v2.1
皂,zao4,4,0.3284,0.1381,0.1853,LOW_FREQ_AUDIT_ONLY,NO,Chinese Lexical Database v2.1
沏,qi1,1,0.2985,0.1381,0.1779,LOW_FREQ_AUDIT_ONLY,NO,Chinese Lexical Database v2.1
蝉,chan2,2,0.2985,0.1381,0.1779,LOW_FREQ_AUDIT_ONLY,NO,Chinese Lexical Database v2.1
弑,shi4,4,0.2687,0.1381,0.1705,LOW_FREQ_AUDIT_ONLY,NO,Chinese Lexical Database v2.1
鄂,e4,4,0.2388,0.1381,0.1631,LOW_FREQ_AUDIT_ONLY,NO,Chinese Lexical Database v2.1
锑,ti1,1,0.1791,0.1381,0.1483,LOW_FREQ_AUDIT_ONLY,NO,Chinese Lexical Database v2.1
噘,jue1,1,0.1493,0.1381,0.1408,LOW_FREQ_AUDIT_ONLY,NO,Chinese Lexical Database v2.1
厨,chu2,2,17.1642,0.1282,4.3588,LOW_FREQ_AUDIT_ONLY,NO,Chinese Lexical Database v2.1
舌,she2,2,15.0448,0.1282,3.8325,LOW_FREQ_AUDIT_ONLY,NO,Chinese Lexical Database v2.1
芬,fen1,1,12.2388,0.1282,3.1357,LOW_FREQ_AUDIT_ONLY,NO,Chinese Lexical Database v2.1
幻,huan4,4,8.4179,0.1282,2.1868,LOW_FREQ_AUDIT_ONLY,NO,Chinese Lexical Database v2.1
柏,bai3,3,7.0746,0.1282,1.8532,LOW_FREQ_AUDIT_ONLY,NO,Chinese Lexical Database v2.1
肋,lei4,4,3.5821,0.1282,0.9859,LOW_FREQ_AUDIT_ONLY,NO,Chinese Lexical Database v2.1
镶,xiang1,1,2.4776,0.1282,0.7116,LOW_FREQ_AUDIT_ONLY,NO,Chinese Lexical Database v2.1
仰,yang3,3,2.2687,0.1282,0.6597,LOW_FREQ_AUDIT_ONLY,NO,Chinese Lexical Database v2.1
宏,hong2,2,2.0,0.1282,0.593,LOW_FREQ_AUDIT_ONLY,NO,Chinese Lexical Database v2.1
馅,xian4,4,1.9701,0.1282,0.5856,LOW_FREQ_AUDIT_ONLY,NO,Chinese Lexical Database v2.1
酬,chou2,2,1.1045,0.1282,0.3706,LOW_FREQ_AUDIT_ONLY,NO,Chinese Lexical Database v2.1
扩,kuo4,4,0.8358,0.1282,0.3039,LOW_FREQ_AUDIT_ONLY,NO,Chinese Lexical Database v2.1
糙,cao1,1,0.7164,0.1282,0.2743,LOW_FREQ_AUDIT_ONLY,NO,Chinese Lexical Database v2.1
兀,wu4,4,0.597,0.1282,0.2446,LOW_FREQ_AUDIT_ONLY,NO,Chinese Lexical Database v2.1
犟,jiang4,4,0.4179,0.1282,0.2001,LOW_FREQ_AUDIT_ONLY,NO,Chinese Lexical Database v2.1
碌,lu4,4,0.2687,0.1282,0.1631,LOW_FREQ_AUDIT_ONLY,NO,Chinese Lexical Database v2.1
俞,yu2,2,0.2388,0.1282,0.1557,LOW_FREQ_AUDIT_ONLY,NO,Chinese Lexical Database v2.1
沪,hu4,4,0.1194,5.3452,4.0474,LOW_FREQ_AUDIT_ONLY,NO,Chinese Lexical Database v2.1
粤,yue4,4,0.1194,4.8422,3.6694,LOW_FREQ_AUDIT_ONLY,NO,Chinese Lexical Database v2.1
挟,xie2,2,0.1194,1.2722,0.9859,LOW_FREQ_AUDIT_ONLY,NO,Chinese Lexical Database v2.1
侨,qiao2,2,0.1194,1.0848,0.8451,LOW_FREQ_AUDIT_ONLY,NO,Chinese Lexical Database v2.1
槛,kan3,3,0.1194,0.8383,0.6597,LOW_FREQ_AUDIT_ONLY,NO,Chinese Lexical Database v2.1
澎,peng2,2,0.1194,0.7199,0.5708,LOW_FREQ_AUDIT_ONLY,NO,Chinese Lexical Database v2.1
哽,geng3,3,0.1194,0.6706,0.5337,LOW_FREQ_AUDIT_ONLY,NO,Chinese Lexical Database v2.1
囤,tun2,2,0.1194,0.572,0.4596,LOW_FREQ_AUDIT_ONLY,NO,Chinese Lexical Database v2.1
幂,mi4,4,0.1194,0.2268,0.2001,LOW_FREQ_AUDIT_ONLY,NO,Chinese Lexical Database v2.1
袄,ao3,3,0.1194,0.217,0.1927,LOW_FREQ_AUDIT_ONLY,NO,Chinese Lexical Database v2.1
荐,jian4,4,0.1194,0.1874,0.1705,LOW_FREQ_AUDIT_ONLY,NO,Chinese Lexical Database v2.1
凰,huang2,2,0.1194,0.1677,0.1557,LOW_FREQ_AUDIT_ONLY,NO,Chinese Lexical Database v2.1
黒,hei1,1,0.1194,0.1578,0.1483,LOW_FREQ_AUDIT_ONLY,NO,Chinese Lexical Database v2.1
帕,pa4,4,12.3284,0.1183,3.1505,LOW_FREQ_AUDIT_ONLY,NO,Chinese Lexical Database v2.1
仪,yi2,2,9.6716,0.1183,2.4907,LOW_FREQ_AUDIT_ONLY,NO,Chinese Lexical Database v2.1
撬,qiao4,4,7.7313,0.1183,2.0089,LOW_FREQ_AUDIT_ONLY,NO,Chinese Lexical Database v2.1
诉,su4,4,6.3881,0.1183,1.6753,LOW_FREQ_AUDIT_ONLY,NO,Chinese Lexical Database v2.1
楚,chu3,3,6.2388,0.1183,1.6383,LOW_FREQ_AUDIT_ONLY,NO,Chinese Lexical Database v2.1
薇,wei1,1,5.2836,0.1183,1.401,LOW_FREQ_AUDIT_ONLY,NO,Chinese Lexical Database v2.1
糕,gao1,1,4.3582,0.1183,1.1712,LOW_FREQ_AUDIT_ONLY,NO,Chinese Lexical Database v2.1
颤,chan4,4,3.9403,0.1183,1.0675,LOW_FREQ_AUDIT_ONLY,NO,Chinese Lexical Database v2.1
材,cai2,2,2.3582,0.1183,0.6746,LOW_FREQ_AUDIT_ONLY,NO,Chinese Lexical Database v2.1
茵,yin1,1,2.3582,0.1183,0.6746,LOW_FREQ_AUDIT_ONLY,NO,Chinese Lexical Database v2.1
蘸,zhan4,4,2.1791,0.1183,0.6301,LOW_FREQ_AUDIT_ONLY,NO,Chinese Lexical Database v2.1
瞥,pie1,1,2.0597,0.1183,0.6004,LOW_FREQ_AUDIT_ONLY,NO,Chinese Lexical Database v2.1
雀,que4,4,1.8507,0.1183,0.5486,LOW_FREQ_AUDIT_ONLY,NO,Chinese Lexical Database v2.1
叭,ba1,1,1.6418,0.1183,0.4967,LOW_FREQ_AUDIT_ONLY,NO,Chinese Lexical Database v2.1
嘭,peng1,1,1.6418,0.1183,0.4967,LOW_FREQ_AUDIT_ONLY,NO,Chinese Lexical Database v2.1
吱,zi1,1,1.4627,0.1183,0.4522,LOW_FREQ_AUDIT_ONLY,NO,Chinese Lexical Database v2.1
祈,qi2,2,1.1045,0.1183,0.3632,LOW_FREQ_AUDIT_ONLY,NO,Chinese Lexical Database v2.1
况,kuang4,4,0.9254,0.1183,0.3188,LOW_FREQ_AUDIT_ONLY,NO,Chinese Lexical Database v2.1
丈,zhang4,4,0.7463,0.1183,0.2743,LOW_FREQ_AUDIT_ONLY,NO,Chinese Lexical Database v2.1
寝,qin3,3,0.5075,0.1183,0.215,LOW_FREQ_AUDIT_ONLY,NO,Chinese Lexical Database v2.1
械,xie4,4,0.4478,0.1183,0.2001,LOW_FREQ_AUDIT_ONLY,NO,Chinese Lexical Database v2.1
灿,can4,4,0.4179,0.1183,0.1927,LOW_FREQ_AUDIT_ONLY,NO,Chinese Lexical Database v2.1
拘,ju1,1,0.2985,0.1183,0.1631,LOW_FREQ_AUDIT_ONLY,NO,Chinese Lexical Database v2.1
咣,guang1,1,0.1791,0.1183,0.1334,LOW_FREQ_AUDIT_ONLY,NO,Chinese Lexical Database v2.1
祺,qi2,2,0.1791,0.1183,0.1334,LOW_FREQ_AUDIT_ONLY,NO,Chinese Lexical Database v2.1
呲,ci1,1,0.1493,0.1183,0.126,LOW_FREQ_AUDIT_ONLY,NO,Chinese Lexical Database v2.1
樊,fan2,2,0.1493,0.1183,0.126,LOW_FREQ_AUDIT_ONLY,NO,Chinese Lexical Database v2.1
尸,shi1,1,44.0,0.1085,11.0082,LOW_FREQ_AUDIT_ONLY,NO,Chinese Lexical Database v2.1
浴,yu4,4,9.8209,0.1085,2.5204,LOW_FREQ_AUDIT_ONLY,NO,Chinese Lexical Database v2.1
塌,ta1,1,7.791,0.1085,2.0163,LOW_FREQ_AUDIT_ONLY,NO,Chinese Lexical Database v2.1
臀,tun2,2,6.1194,0.1085,1.6012,LOW_FREQ_AUDIT_ONLY,NO,Chinese Lexical Database v2.1
庞,pang2,2,5.1045,0.1085,1.3491,LOW_FREQ_AUDIT_ONLY,NO,Chinese Lexical Database v2.1
钝,dun4,4,4.5672,0.1085,1.2157,LOW_FREQ_AUDIT_ONLY,NO,Chinese Lexical Database v2.1
泽,ze2,2,4.3284,0.1085,1.1564,LOW_FREQ_AUDIT_ONLY,NO,Chinese Lexical Database v2.1
绘,hui4,4,3.6418,0.1085,0.9859,LOW_FREQ_AUDIT_ONLY,NO,Chinese Lexical Database v2.1
滋,zi1,1,3.403,0.1085,0.9266,LOW_FREQ_AUDIT_ONLY,NO,Chinese Lexical Database v2.1
努,nu3,3,3.0746,0.1085,0.8451,LOW_FREQ_AUDIT_ONLY,NO,Chinese Lexical Database v2.1
苑,yuan4,4,2.6269,0.1085,0.7339,LOW_FREQ_AUDIT_ONLY,NO,Chinese Lexical Database v2.1
哲,zhe2,2,2.4776,0.1085,0.6968,LOW_FREQ_AUDIT_ONLY,NO,Chinese Lexical Database v2.1
矛,mao2,2,2.4179,0.1085,0.682,LOW_FREQ_AUDIT_ONLY,NO,Chinese Lexical Database v2.1
伍,wu3,3,2.2985,0.1085,0.6523,LOW_FREQ_AUDIT_ONLY,NO,Chinese Lexical Database v2.1
慕,mu4,4,2.0597,0.1085,0.593,LOW_FREQ_AUDIT_ONLY,NO,Chinese Lexical Database v2.1
叁,san1,1,2.0,0.1085,0.5782,LOW_FREQ_AUDIT_ONLY,NO,Chinese Lexical Database v2.1
寡,gua3,3,1.5224,0.1085,0.4596,LOW_FREQ_AUDIT_ONLY,NO,Chinese Lexical Database v2.1
渝,yu2,2,1.4328,0.1085,0.4374,LOW_FREQ_AUDIT_ONLY,NO,Chinese Lexical Database v2.1
译,yi4,4,1.4328,0.1085,0.4374,LOW_FREQ_AUDIT_ONLY,NO,Chinese Lexical Database v2.1
奢,she1,1,1.194,0.1085,0.3781,LOW_FREQ_AUDIT_ONLY,NO,Chinese Lexical Database v2.1
掴,guo2,2,1.0149,0.1085,0.3336,LOW_FREQ_AUDIT_ONLY,NO,Chinese Lexical Database v2.1
澈,che4,4,0.8955,0.1085,0.3039,LOW_FREQ_AUDIT_ONLY,NO,Chinese Lexical Database v2.1
蝎,xie1,1,0.8657,0.1085,0.2965,LOW_FREQ_AUDIT_ONLY,NO,Chinese Lexical Database v2.1
瞳,tong2,2,0.806,0.1085,0.2817,LOW_FREQ_AUDIT_ONLY,NO,Chinese Lexical Database v2.1
骏,jun4,4,0.6866,0.1085,0.252,LOW_FREQ_AUDIT_ONLY,NO,Chinese Lexical Database v2.1
稠,chou2,2,0.6269,0.1085,0.2372,LOW_FREQ_AUDIT_ONLY,NO,Chinese Lexical Database v2.1
挎,kua4,4,0.5373,0.1085,0.215,LOW_FREQ_AUDIT_ONLY,NO,Chinese Lexical Database v2.1
闩,shuan1,1,0.4776,0.1085,0.2001,LOW_FREQ_AUDIT_ONLY,NO,Chinese Lexical Database v2.1
阮,ruan3,3,0.4478,0.1085,0.1927,LOW_FREQ_AUDIT_ONLY,NO,Chinese Lexical Database v2.1
卿,qing1,1,0.3582,0.1085,0.1705,LOW_FREQ_AUDIT_ONLY,NO,Chinese Lexical Database v2.1
雁,yan4,4,0.2985,0.1085,0.1557,LOW_FREQ_AUDIT_ONLY,NO,Chinese Lexical Database v2.1
怯,qie4,4,0.2388,0.1085,0.1408,LOW_FREQ_AUDIT_ONLY,NO,Chinese Lexical Database v2.1
岑,cen2,2,0.1493,0.1085,0.1186,LOW_FREQ_AUDIT_ONLY,NO,Chinese Lexical Database v2.1
臼,jiu4,4,0.1493,0.1085,0.1186,LOW_FREQ_AUDIT_ONLY,NO,Chinese Lexical Database v2.1
阙,que4,4,0.1493,0.1085,0.1186,LOW_FREQ_AUDIT_ONLY,NO,Chinese Lexical Database v2.1
储,chu3,3,7.5522,0.0986,1.9496,LOW_FREQ_AUDIT_ONLY,NO,Chinese Lexical Database v2.1
痣,zhi4,4,4.1194,0.0986,1.0971,LOW_FREQ_AUDIT_ONLY,NO,Chinese Lexical Database v2.1
炎,yan2,2,4.0896,0.0986,1.0897,LOW_FREQ_AUDIT_ONLY,NO,Chinese Lexical Database v2.1
瘸,que2,2,3.3134,0.0986,0.897,LOW_FREQ_AUDIT_ONLY,NO,Chinese Lexical Database v2.1
芮,rui4,4,3.3134,0.0986,0.897,LOW_FREQ_AUDIT_ONLY,NO,Chinese Lexical Database v2.1
刃,ren4,4,2.9851,0.0986,0.8154,LOW_FREQ_AUDIT_ONLY,NO,Chinese Lexical Database v2.1
噎,ye1,1,2.9851,0.0986,0.8154,LOW_FREQ_AUDIT_ONLY,NO,Chinese Lexical Database v2.1
蹬,deng1,1,2.7164,0.0986,0.7487,LOW_FREQ_AUDIT_ONLY,NO,Chinese Lexical Database v2.1
痰,tan2,2,2.3881,0.0986,0.6672,LOW_FREQ_AUDIT_ONLY,NO,Chinese Lexical Database v2.1
愤,fen4,4,1.7313,0.0986,0.5041,LOW_FREQ_AUDIT_ONLY,NO,Chinese Lexical Database v2.1
羯,jie2,2,1.4925,0.0986,0.4448,LOW_FREQ_AUDIT_ONLY,NO,Chinese Lexical Database v2.1
祥,xiang2,2,1.4328,0.0986,0.4299,LOW_FREQ_AUDIT_ONLY,NO,Chinese Lexical Database v2.1
筐,kuang1,1,1.3731,0.0986,0.4151,LOW_FREQ_AUDIT_ONLY,NO,Chinese Lexical Database v2.1
嫖,piao2,2,1.2537,0.0986,0.3855,LOW_FREQ_AUDIT_ONLY,NO,Chinese Lexical Database v2.1
锐,rui4,4,1.1642,0.0986,0.3632,LOW_FREQ_AUDIT_ONLY,NO,Chinese Lexical Database v2.1
殴,ou1,1,1.1045,0.0986,0.3484,LOW_FREQ_AUDIT_ONLY,NO,Chinese Lexical Database v2.1
蕊,rui3,3,1.1045,0.0986,0.3484,LOW_FREQ_AUDIT_ONLY,NO,Chinese Lexical Database v2.1
裱,biao3,3,1.0448,0.0986,0.3336,LOW_FREQ_AUDIT_ONLY,NO,Chinese Lexical Database v2.1
砌,qi4,4,1.0149,0.0986,0.3262,LOW_FREQ_AUDIT_ONLY,NO,Chinese Lexical Database v2.1
崴,wei1,1,0.9254,0.0986,0.3039,LOW_FREQ_AUDIT_ONLY,NO,Chinese Lexical Database v2.1
桐,tong2,2,0.8657,0.0986,0.2891,LOW_FREQ_AUDIT_ONLY,NO,Chinese Lexical Database v2.1
馍,mo2,2,0.4776,0.0986,0.1927,LOW_FREQ_AUDIT_ONLY,NO,Chinese Lexical Database v2.1
询,xun2,2,0.4478,0.0986,0.1853,LOW_FREQ_AUDIT_ONLY,NO,Chinese Lexical Database v2.1
茫,mang2,2,0.3284,0.0986,0.1557,LOW_FREQ_AUDIT_ONLY,NO,Chinese Lexical Database v2.1
昊,hao4,4,0.2985,0.0986,0.1483,LOW_FREQ_AUDIT_ONLY,NO,Chinese Lexical Database v2.1
镐,gao3,3,0.2985,0.0986,0.1483,LOW_FREQ_AUDIT_ONLY,NO,Chinese Lexical Database v2.1
卅,sa4,4,0.2388,0.0986,0.1334,LOW_FREQ_AUDIT_ONLY,NO,Chinese Lexical Database v2.1
尕,ga3,3,0.2388,0.0986,0.1334,LOW_FREQ_AUDIT_ONLY,NO,Chinese Lexical Database v2.1
蹋,ta4,4,0.2388,0.0986,0.1334,LOW_FREQ_AUDIT_ONLY,NO,Chinese Lexical Database v2.1
蕴,yun4,4,0.1493,0.0986,0.1112,LOW_FREQ_AUDIT_ONLY,NO,Chinese Lexical Database v2.1
廖,liao4,4,0.0896,2.3176,1.7643,LOW_FREQ_AUDIT_ONLY,NO,Chinese Lexical Database v2.1
霄,xiao1,1,0.0896,0.6903,0.5411,LOW_FREQ_AUDIT_ONLY,NO,Chinese Lexical Database v2.1
撸,lu1,1,0.0896,0.6016,0.4744,LOW_FREQ_AUDIT_ONLY,NO,Chinese Lexical Database v2.1
壹,yi1,1,0.0896,0.5819,0.4596,LOW_FREQ_AUDIT_ONLY,NO,Chinese Lexical Database v2.1
溯,su4,4,0.0896,0.3649,0.2965,LOW_FREQ_AUDIT_ONLY,NO,Chinese Lexical Database v2.1
俑,yong3,3,0.0896,0.286,0.2372,LOW_FREQ_AUDIT_ONLY,NO,Chinese Lexical Database v2.1
瑶,yao2,2,0.0896,0.286,0.2372,LOW_FREQ_AUDIT_ONLY,NO,Chinese Lexical Database v2.1
忿,fen4,4,0.0896,0.2761,0.2298,LOW_FREQ_AUDIT_ONLY,NO,Chinese Lexical Database v2.1
坤,kun1,1,0.0896,0.2465,0.2076,LOW_FREQ_AUDIT_ONLY,NO,Chinese Lexical Database v2.1
庚,geng1,1,0.0896,0.2465,0.2076,LOW_FREQ_AUDIT_ONLY,NO,Chinese Lexical Database v2.1
殇,shang1,1,0.0896,0.2465,0.2076,LOW_FREQ_AUDIT_ONLY,NO,Chinese Lexical Database v2.1
厦,xia4,4,0.0896,0.1677,0.1483,LOW_FREQ_AUDIT_ONLY,NO,Chinese Lexical Database v2.1
姥,lao3,3,0.0896,0.1282,0.1186,LOW_FREQ_AUDIT_ONLY,NO,Chinese Lexical Database v2.1
糯,nuo4,4,0.0896,0.0986,0.0964,LOW_FREQ_AUDIT_ONLY,NO,Chinese Lexical Database v2.1
辩,bian4,4,12.0,0.0888,3.0467,LOW_FREQ_AUDIT_ONLY,NO,Chinese Lexical Database v2.1
誓,shi4,4,10.6269,0.0888,2.7057,LOW_FREQ_AUDIT_ONLY,NO,Chinese Lexical Database v2.1
瑜,yu2,2,7.791,0.0888,2.0015,LOW_FREQ_AUDIT_ONLY,NO,Chinese Lexical Database v2.1
振,zhen4,4,5.2239,0.0888,1.364,LOW_FREQ_AUDIT_ONLY,NO,Chinese Lexical Database v2.1
铲,chan3,3,5.1343,0.0888,1.3417,LOW_FREQ_AUDIT_ONLY,NO,Chinese Lexical Database v2.1
垂,chui2,2,4.6269,0.0888,1.2157,LOW_FREQ_AUDIT_ONLY,NO,Chinese Lexical Database v2.1
掷,zhi4,4,4.2985,0.0888,1.1342,LOW_FREQ_AUDIT_ONLY,NO,Chinese Lexical Database v2.1
锤,chui2,2,4.2388,0.0888,1.1193,LOW_FREQ_AUDIT_ONLY,NO,Chinese Lexical Database v2.1
妃,fei1,1,3.8806,0.0888,1.0304,LOW_FREQ_AUDIT_ONLY,NO,Chinese Lexical Database v2.1
弓,gong1,1,3.7313,0.0888,0.9933,LOW_FREQ_AUDIT_ONLY,NO,Chinese Lexical Database v2.1
橘,ju2,2,3.7313,0.0888,0.9933,LOW_FREQ_AUDIT_ONLY,NO,Chinese Lexical Database v2.1
昵,ni4,4,3.2836,0.0888,0.8821,LOW_FREQ_AUDIT_ONLY,NO,Chinese Lexical Database v2.1
叨,dao1,1,3.0149,0.0888,0.8154,LOW_FREQ_AUDIT_ONLY,NO,Chinese Lexical Database v2.1
态,tai4,4,2.7463,0.0888,0.7487,LOW_FREQ_AUDIT_ONLY,NO,Chinese Lexical Database v2.1
煽,shan1,1,2.5672,0.0888,0.7042,LOW_FREQ_AUDIT_ONLY,NO,Chinese Lexical Database v2.1
诈,zha4,4,2.3582,0.0888,0.6523,LOW_FREQ_AUDIT_ONLY,NO,Chinese Lexical Database v2.1
滤,lv4,4,2.0,0.0888,0.5634,LOW_FREQ_AUDIT_ONLY,NO,Chinese Lexical Database v2.1
跛,bo3,3,1.8806,0.0888,0.5337,LOW_FREQ_AUDIT_ONLY,NO,Chinese Lexical Database v2.1
茄,qie2,2,1.8209,0.0888,0.5189,LOW_FREQ_AUDIT_ONLY,NO,Chinese Lexical Database v2.1
挽,wan3,3,1.7313,0.0888,0.4967,LOW_FREQ_AUDIT_ONLY,NO,Chinese Lexical Database v2.1
崖,ya2,2,1.6119,0.0888,0.467,LOW_FREQ_AUDIT_ONLY,NO,Chinese Lexical Database v2.1
廊,lang2,2,1.5821,0.0888,0.4596,LOW_FREQ_AUDIT_ONLY,NO,Chinese Lexical Database v2.1
铀,you2,2,1.3433,0.0888,0.4003,LOW_FREQ_AUDIT_ONLY,NO,Chinese Lexical Database v2.1
愚,yu2,2,1.2239,0.0888,0.3706,LOW_FREQ_AUDIT_ONLY,NO,Chinese Lexical Database v2.1
籽,zi3,3,1.0448,0.0888,0.3262,LOW_FREQ_AUDIT_ONLY,NO,Chinese Lexical Database v2.1
茅,mao2,2,1.0149,0.0888,0.3188,LOW_FREQ_AUDIT_ONLY,NO,Chinese Lexical Database v2.1
脾,pi2,2,0.9254,0.0888,0.2965,LOW_FREQ_AUDIT_ONLY,NO,Chinese Lexical Database v2.1
瞟,piao3,3,0.7761,0.0888,0.2595,LOW_FREQ_AUDIT_ONLY,NO,Chinese Lexical Database v2.1
萎,wei3,3,0.7761,0.0888,0.2595,LOW_FREQ_AUDIT_ONLY,NO,Chinese Lexical Database v2.1
螺,luo2,2,0.5075,0.0888,0.1927,LOW_FREQ_AUDIT_ONLY,NO,Chinese Lexical Database v2.1
涡,wo1,1,0.4776,0.0888,0.1853,LOW_FREQ_AUDIT_ONLY,NO,Chinese Lexical Database v2.1
呒,fu2,2,0.4478,0.0888,0.1779,LOW_FREQ_AUDIT_ONLY,NO,Chinese Lexical Database v2.1
敖,ao2,2,0.4179,0.0888,0.1705,LOW_FREQ_AUDIT_ONLY,NO,Chinese Lexical Database v2.1
谣,yao2,2,0.4179,0.0888,0.1705,LOW_FREQ_AUDIT_ONLY,NO,Chinese Lexical Database v2.1
砣,tuo2,2,0.3881,0.0888,0.1631,LOW_FREQ_AUDIT_ONLY,NO,Chinese Lexical Database v2.1
戚,qi1,1,0.2985,0.0888,0.1408,LOW_FREQ_AUDIT_ONLY,NO,Chinese Lexical Database v2.1
喳,zha1,1,0.2687,0.0888,0.1334,LOW_FREQ_AUDIT_ONLY,NO,Chinese Lexical Database v2.1
铭,ming2,2,0.2388,0.0888,0.126,LOW_FREQ_AUDIT_ONLY,NO,Chinese Lexical Database v2.1
寨,zhai4,4,0.1791,0.0888,0.1112,LOW_FREQ_AUDIT_ONLY,NO,Chinese Lexical Database v2.1
茹,ru2,2,0.1791,0.0888,0.1112,LOW_FREQ_AUDIT_ONLY,NO,Chinese Lexical Database v2.1
炕,kang4,4,0.0896,0.0888,0.089,LOW_FREQ_AUDIT_ONLY,NO,Chinese Lexical Database v2.1
链,lian4,4,11.9701,0.0789,3.0319,LOW_FREQ_AUDIT_ONLY,NO,Chinese Lexical Database v2.1
冥,ming2,2,6.597,0.0789,1.6976,LOW_FREQ_AUDIT_ONLY,NO,Chinese Lexical Database v2.1
蜂,feng1,1,6.2687,0.0789,1.616,LOW_FREQ_AUDIT_ONLY,NO,Chinese Lexical Database v2.1
浑,hun2,2,5.7015,0.0789,1.4752,LOW_FREQ_AUDIT_ONLY,NO,Chinese Lexical Database v2.1
遛,liu4,4,5.0746,0.0789,1.3195,LOW_FREQ_AUDIT_ONLY,NO,Chinese Lexical Database v2.1
榨,zha4,4,4.9552,0.0789,1.2898,LOW_FREQ_AUDIT_ONLY,NO,Chinese Lexical Database v2.1
梯,ti1,1,4.2687,0.0789,1.1193,LOW_FREQ_AUDIT_ONLY,NO,Chinese Lexical Database v2.1
筋,jin1,1,3.7015,0.0789,0.9785,LOW_FREQ_AUDIT_ONLY,NO,Chinese Lexical Database v2.1
述,shu4,4,3.6716,0.0789,0.9711,LOW_FREQ_AUDIT_ONLY,NO,Chinese Lexical Database v2.1
裁,cai2,2,3.4328,0.0789,0.9118,LOW_FREQ_AUDIT_ONLY,NO,Chinese Lexical Database v2.1
醇,chun2,2,2.9552,0.0789,0.7932,LOW_FREQ_AUDIT_ONLY,NO,Chinese Lexical Database v2.1
吠,fei4,4,2.8657,0.0789,0.7709,LOW_FREQ_AUDIT_ONLY,NO,Chinese Lexical Database v2.1
鲸,jing1,1,2.6866,0.0789,0.7265,LOW_FREQ_AUDIT_ONLY,NO,Chinese Lexical Database v2.1
圭,gui1,1,2.6269,0.0789,0.7116,LOW_FREQ_AUDIT_ONLY,NO,Chinese Lexical Database v2.1
旋,xuan4,4,2.3582,0.0789,0.6449,LOW_FREQ_AUDIT_ONLY,NO,Chinese Lexical Database v2.1
撂,liao4,4,2.3284,0.0789,0.6375,LOW_FREQ_AUDIT_ONLY,NO,Chinese Lexical Database v2.1
擒,qin2,2,2.3284,0.0789,0.6375,LOW_FREQ_AUDIT_ONLY,NO,Chinese Lexical Database v2.1
缪,miao4,4,1.9403,0.0789,0.5411,LOW_FREQ_AUDIT_ONLY,NO,Chinese Lexical Database v2.1
窟,ku1,1,1.791,0.0789,0.5041,LOW_FREQ_AUDIT_ONLY,NO,Chinese Lexical Database v2.1
翅,chi4,4,1.6418,0.0789,0.467,LOW_FREQ_AUDIT_ONLY,NO,Chinese Lexical Database v2.1
惑,huo4,4,1.6119,0.0789,0.4596,LOW_FREQ_AUDIT_ONLY,NO,Chinese Lexical Database v2.1
奋,fen4,4,1.3433,0.0789,0.3929,LOW_FREQ_AUDIT_ONLY,NO,Chinese Lexical Database v2.1
桔,ju2,2,1.2836,0.0789,0.3781,LOW_FREQ_AUDIT_ONLY,NO,Chinese Lexical Database v2.1
巅,dian1,1,1.1343,0.0789,0.341,LOW_FREQ_AUDIT_ONLY,NO,Chinese Lexical Database v2.1
唧,ji1,1,1.0448,0.0789,0.3188,LOW_FREQ_AUDIT_ONLY,NO,Chinese Lexical Database v2.1
珉,min2,2,1.0149,0.0789,0.3113,LOW_FREQ_AUDIT_ONLY,NO,Chinese Lexical Database v2.1
擤,xing3,3,0.8955,0.0789,0.2817,LOW_FREQ_AUDIT_ONLY,NO,Chinese Lexical Database v2.1
吔,ye1,1,0.7164,0.0789,0.2372,LOW_FREQ_AUDIT_ONLY,NO,Chinese Lexical Database v2.1
簇,cu4,4,0.6866,0.0789,0.2298,LOW_FREQ_AUDIT_ONLY,NO,Chinese Lexical Database v2.1
匿,ni4,4,0.4776,0.0789,0.1779,LOW_FREQ_AUDIT_ONLY,NO,Chinese Lexical Database v2.1
膘,biao1,1,0.4776,0.0789,0.1779,LOW_FREQ_AUDIT_ONLY,NO,Chinese Lexical Database v2.1
绵,mian2,2,0.3582,0.0789,0.1483,LOW_FREQ_AUDIT_ONLY,NO,Chinese Lexical Database v2.1
孬,nao1,1,0.2687,0.0789,0.126,LOW_FREQ_AUDIT_ONLY,NO,Chinese Lexical Database v2.1
恬,tian2,2,0.2687,0.0789,0.126,LOW_FREQ_AUDIT_ONLY,NO,Chinese Lexical Database v2.1
涯,ya2,2,0.2687,0.0789,0.126,LOW_FREQ_AUDIT_ONLY,NO,Chinese Lexical Database v2.1
糠,kang1,1,0.2388,0.0789,0.1186,LOW_FREQ_AUDIT_ONLY,NO,Chinese Lexical Database v2.1
靖,jing4,4,0.1493,0.0789,0.0964,LOW_FREQ_AUDIT_ONLY,NO,Chinese Lexical Database v2.1
尧,yao2,2,0.0896,0.0789,0.0815,LOW_FREQ_AUDIT_ONLY,NO,Chinese Lexical Database v2.1
巩,gong3,3,0.0896,0.0789,0.0815,LOW_FREQ_AUDIT_ONLY,NO,Chinese Lexical Database v2.1
芸,yun2,2,0.0896,0.0789,0.0815,LOW_FREQ_AUDIT_ONLY,NO,Chinese Lexical Database v2.1
兹,zi1,1,21.6418,0.069,5.4262,LOW_FREQ_AUDIT_ONLY,NO,Chinese Lexical Database v2.1
弗,fu2,2,14.4776,0.069,3.6471,LOW_FREQ_AUDIT_ONLY,NO,Chinese Lexical Database v2.1
黛,dai4,4,8.2985,0.069,2.1127,LOW_FREQ_AUDIT_ONLY,NO,Chinese Lexical Database v2.1
戈,ge1,1,7.0149,0.069,1.7939,LOW_FREQ_AUDIT_ONLY,NO,Chinese Lexical Database v2.1
肌,ji1,1,5.9403,0.069,1.5271,LOW_FREQ_AUDIT_ONLY,NO,Chinese Lexical Database v2.1
蜡,la4,4,5.3134,0.069,1.3714,LOW_FREQ_AUDIT_ONLY,NO,Chinese Lexical Database v2.1
姬,ji1,1,5.0149,0.069,1.2973,LOW_FREQ_AUDIT_ONLY,NO,Chinese Lexical Database v2.1
匪,fei3,3,4.2687,0.069,1.1119,LOW_FREQ_AUDIT_ONLY,NO,Chinese Lexical Database v2.1
巢,chao2,2,4.1493,0.069,1.0823,LOW_FREQ_AUDIT_ONLY,NO,Chinese Lexical Database v2.1
捎,shao1,1,4.0896,0.069,1.0675,LOW_FREQ_AUDIT_ONLY,NO,Chinese Lexical Database v2.1
柄,bing3,3,3.9701,0.069,1.0378,LOW_FREQ_AUDIT_ONLY,NO,Chinese Lexical Database v2.1
椅,yi3,3,3.8806,0.069,1.0156,LOW_FREQ_AUDIT_ONLY,NO,Chinese Lexical Database v2.1
析,xi1,1,2.806,0.069,0.7487,LOW_FREQ_AUDIT_ONLY,NO,Chinese Lexical Database v2.1
贞,zhen1,1,2.6269,0.069,0.7042,LOW_FREQ_AUDIT_ONLY,NO,Chinese Lexical Database v2.1
甭,beng2,2,2.5672,0.069,0.6894,LOW_FREQ_AUDIT_ONLY,NO,Chinese Lexical Database v2.1
钮,niu3,3,2.4179,0.069,0.6523,LOW_FREQ_AUDIT_ONLY,NO,Chinese Lexical Database v2.1
贡,gong4,4,2.2687,0.069,0.6153,LOW_FREQ_AUDIT_ONLY,NO,Chinese Lexical Database v2.1
逞,cheng3,3,2.209,0.069,0.6004,LOW_FREQ_AUDIT_ONLY,NO,Chinese Lexical Database v2.1
危,wei1,1,2.1493,0.069,0.5856,LOW_FREQ_AUDIT_ONLY,NO,Chinese Lexical Database v2.1
惧,ju4,4,2.1194,0.069,0.5782,LOW_FREQ_AUDIT_ONLY,NO,Chinese Lexical Database v2.1
凳,deng4,4,1.8507,0.069,0.5115,LOW_FREQ_AUDIT_ONLY,NO,Chinese Lexical Database v2.1
坂,ban3,3,1.8507,0.069,0.5115,LOW_FREQ_AUDIT_ONLY,NO,Chinese Lexical Database v2.1
旭,xu4,4,1.8507,0.069,0.5115,LOW_FREQ_AUDIT_ONLY,NO,Chinese Lexical Database v2.1
蛙,wa1,1,1.7612,0.069,0.4893,LOW_FREQ_AUDIT_ONLY,NO,Chinese Lexical Database v2.1
亨,heng1,1,1.5821,0.069,0.4448,LOW_FREQ_AUDIT_ONLY,NO,Chinese Lexical Database v2.1
芒,mang2,2,1.5821,0.069,0.4448,LOW_FREQ_AUDIT_ONLY,NO,Chinese Lexical Database v2.1
肘,zhou3,3,1.5224,0.069,0.4299,LOW_FREQ_AUDIT_ONLY,NO,Chinese Lexical Database v2.1
哉,zai1,1,1.4925,0.069,0.4225,LOW_FREQ_AUDIT_ONLY,NO,Chinese Lexical Database v2.1
躯,qu1,1,1.4328,0.069,0.4077,LOW_FREQ_AUDIT_ONLY,NO,Chinese Lexical Database v2.1
羟,qiang3,3,1.1343,0.069,0.3336,LOW_FREQ_AUDIT_ONLY,NO,Chinese Lexical Database v2.1
旦,dan4,4,1.0746,0.069,0.3188,LOW_FREQ_AUDIT_ONLY,NO,Chinese Lexical Database v2.1
睬,cai3,3,1.0746,0.069,0.3188,LOW_FREQ_AUDIT_ONLY,NO,Chinese Lexical Database v2.1
孵,fu1,1,1.0448,0.069,0.3113,LOW_FREQ_AUDIT_ONLY,NO,Chinese Lexical Database v2.1
铉,xuan4,4,1.0149,0.069,0.3039,LOW_FREQ_AUDIT_ONLY,NO,Chinese Lexical Database v2.1
吁,yu4,4,0.7761,0.069,0.2446,LOW_FREQ_AUDIT_ONLY,NO,Chinese Lexical Database v2.1
蜗,wo1,1,0.7463,0.069,0.2372,LOW_FREQ_AUDIT_ONLY,NO,Chinese Lexical Database v2.1
陡,dou3,3,0.7463,0.069,0.2372,LOW_FREQ_AUDIT_ONLY,NO,Chinese Lexical Database v2.1
饺,jiao3,3,0.6269,0.069,0.2076,LOW_FREQ_AUDIT_ONLY,NO,Chinese Lexical Database v2.1
娥,e2,2,0.597,0.069,0.2001,LOW_FREQ_AUDIT_ONLY,NO,Chinese Lexical Database v2.1
塘,tang2,2,0.5672,0.069,0.1927,LOW_FREQ_AUDIT_ONLY,NO,Chinese Lexical Database v2.1
邢,xing2,2,0.4776,0.069,0.1705,LOW_FREQ_AUDIT_ONLY,NO,Chinese Lexical Database v2.1
豚,tun2,2,0.4179,0.069,0.1557,LOW_FREQ_AUDIT_ONLY,NO,Chinese Lexical Database v2.1
瓢,piao2,2,0.3881,0.069,0.1483,LOW_FREQ_AUDIT_ONLY,NO,Chinese Lexical Database v2.1
嬴,ying2,2,0.3284,0.069,0.1334,LOW_FREQ_AUDIT_ONLY,NO,Chinese Lexical Database v2.1
昧,mei4,4,0.3284,0.069,0.1334,LOW_FREQ_AUDIT_ONLY,NO,Chinese Lexical Database v2.1
嗡,weng1,1,0.2985,0.069,0.126,LOW_FREQ_AUDIT_ONLY,NO,Chinese Lexical Database v2.1
嘚,de1,1,0.2985,0.069,0.126,LOW_FREQ_AUDIT_ONLY,NO,Chinese Lexical Database v2.1
吆,yao1,1,0.2687,0.069,0.1186,LOW_FREQ_AUDIT_ONLY,NO,Chinese Lexical Database v2.1
皓,hao4,4,0.2687,0.069,0.1186,LOW_FREQ_AUDIT_ONLY,NO,Chinese Lexical Database v2.1
绍,shao4,4,0.2687,0.069,0.1186,LOW_FREQ_AUDIT_ONLY,NO,Chinese Lexical Database v2.1
豁,huo4,4,0.2687,0.069,0.1186,LOW_FREQ_AUDIT_ONLY,NO,Chinese Lexical Database v2.1
扼,e4,4,0.209,0.069,0.1038,LOW_FREQ_AUDIT_ONLY,NO,Chinese Lexical Database v2.1
滕,teng2,2,0.1791,0.069,0.0964,LOW_FREQ_AUDIT_ONLY,NO,Chinese Lexical Database v2.1
窿,long2,2,0.1791,0.069,0.0964,LOW_FREQ_AUDIT_ONLY,NO,Chinese Lexical Database v2.1
笋,sun3,3,0.1791,0.069,0.0964,LOW_FREQ_AUDIT_ONLY,NO,Chinese Lexical Database v2.1
佘,she2,2,0.1493,0.069,0.089,LOW_FREQ_AUDIT_ONLY,NO,Chinese Lexical Database v2.1
倘,tang3,3,0.1493,0.069,0.089,LOW_FREQ_AUDIT_ONLY,NO,Chinese Lexical Database v2.1
淇,qi2,2,0.1194,0.069,0.0815,LOW_FREQ_AUDIT_ONLY,NO,Chinese Lexical Database v2.1
菁,jing1,1,0.1194,0.069,0.0815,LOW_FREQ_AUDIT_ONLY,NO,Chinese Lexical Database v2.1
哏,gen2,2,0.0896,0.069,0.0741,LOW_FREQ_AUDIT_ONLY,NO,Chinese Lexical Database v2.1
翱,ao2,2,0.0896,0.069,0.0741,LOW_FREQ_AUDIT_ONLY,NO,Chinese Lexical Database v2.1
耿,geng3,3,0.0896,0.069,0.0741,LOW_FREQ_AUDIT_ONLY,NO,Chinese Lexical Database v2.1
顷,qing3,3,0.0597,1.075,0.8228,LOW_FREQ_AUDIT_ONLY,NO,Chinese Lexical Database v2.1
蟾,chan2,2,0.0597,0.8383,0.6449,LOW_FREQ_AUDIT_ONLY,NO,Chinese Lexical Database v2.1
噙,qin2,2,0.0597,0.4438,0.3484,LOW_FREQ_AUDIT_ONLY,NO,Chinese Lexical Database v2.1
祢,mi2,2,0.0597,0.2465,0.2001,LOW_FREQ_AUDIT_ONLY,NO,Chinese Lexical Database v2.1
囡,nan1,1,0.0597,0.2367,0.1927,LOW_FREQ_AUDIT_ONLY,NO,Chinese Lexical Database v2.1
揾,wen4,4,0.0597,0.1775,0.1483,LOW_FREQ_AUDIT_ONLY,NO,Chinese Lexical Database v2.1
晏,yan4,4,0.0597,0.1677,0.1408,LOW_FREQ_AUDIT_ONLY,NO,Chinese Lexical Database v2.1
邹,zou1,1,0.0597,0.1677,0.1408,LOW_FREQ_AUDIT_ONLY,NO,Chinese Lexical Database v2.1
娣,di4,4,0.0597,0.1578,0.1334,LOW_FREQ_AUDIT_ONLY,NO,Chinese Lexical Database v2.1
尓,er3,3,0.0597,0.1578,0.1334,LOW_FREQ_AUDIT_ONLY,NO,Chinese Lexical Database v2.1
粽,zong4,4,0.0597,0.1578,0.1334,LOW_FREQ_AUDIT_ONLY,NO,Chinese Lexical Database v2.1
莹,ying2,2,0.0597,0.1578,0.1334,LOW_FREQ_AUDIT_ONLY,NO,Chinese Lexical Database v2.1
萍,ping2,2,0.0597,0.1578,0.1334,LOW_FREQ_AUDIT_ONLY,NO,Chinese Lexical Database v2.1
汕,shan4,4,0.0597,0.1479,0.126,LOW_FREQ_AUDIT_ONLY,NO,Chinese Lexical Database v2.1
馨,xin1,1,0.0597,0.1282,0.1112,LOW_FREQ_AUDIT_ONLY,NO,Chinese Lexical Database v2.1
煸,bian1,1,0.0597,0.1183,0.1038,LOW_FREQ_AUDIT_ONLY,NO,Chinese Lexical Database v2.1
噫,yi1,1,0.0597,0.1085,0.0964,LOW_FREQ_AUDIT_ONLY,NO,Chinese Lexical Database v2.1
寐,mei4,4,0.0597,0.1085,0.0964,LOW_FREQ_AUDIT_ONLY,NO,Chinese Lexical Database v2.1
掟,ding4,4,0.0597,0.1085,0.0964,LOW_FREQ_AUDIT_ONLY,NO,Chinese Lexical Database v2.1
亟,qi4,4,0.0597,0.0888,0.0815,LOW_FREQ_AUDIT_ONLY,NO,Chinese Lexical Database v2.1
檫,cha2,2,0.0597,0.069,0.0667,LOW_FREQ_AUDIT_ONLY,NO,Chinese Lexical Database v2.1
沥,li4,4,0.0597,0.069,0.0667,LOW_FREQ_AUDIT_ONLY,NO,Chinese Lexical Database v2.1
煨,wei1,1,0.0597,0.069,0.0667,LOW_FREQ_AUDIT_ONLY,NO,Chinese Lexical Database v2.1
茗,ming2,2,0.0597,0.069,0.0667,LOW_FREQ_AUDIT_ONLY,NO,Chinese Lexical Database v2.1
聋,long2,2,7.5522,0.0592,1.9199,LOW_FREQ_AUDIT_ONLY,NO,Chinese Lexical Database v2.1
氧,yang3,3,7.0746,0.0592,1.8013,LOW_FREQ_AUDIT_ONLY,NO,Chinese Lexical Database v2.1
彻,che4,4,5.9701,0.0592,1.5271,LOW_FREQ_AUDIT_ONLY,NO,Chinese Lexical Database v2.1
刑,xing2,2,5.791,0.0592,1.4826,LOW_FREQ_AUDIT_ONLY,NO,Chinese Lexical Database v2.1
腕,wan4,4,5.1045,0.0592,1.3121,LOW_FREQ_AUDIT_ONLY,NO,Chinese Lexical Database v2.1
窜,cuan4,4,4.2388,0.0592,1.0971,LOW_FREQ_AUDIT_ONLY,NO,Chinese Lexical Database v2.1
屑,xie4,4,4.1194,0.0592,1.0675,LOW_FREQ_AUDIT_ONLY,NO,Chinese Lexical Database v2.1
膏,gao1,1,3.8806,0.0592,1.0082,LOW_FREQ_AUDIT_ONLY,NO,Chinese Lexical Database v2.1
疗,liao2,2,3.5821,0.0592,0.934,LOW_FREQ_AUDIT_ONLY,NO,Chinese Lexical Database v2.1
契,qi4,4,3.4627,0.0592,0.9044,LOW_FREQ_AUDIT_ONLY,NO,Chinese Lexical Database v2.1
绊,ban4,4,3.4328,0.0592,0.897,LOW_FREQ_AUDIT_ONLY,NO,Chinese Lexical Database v2.1
凝,ning2,2,3.1343,0.0592,0.8228,LOW_FREQ_AUDIT_ONLY,NO,Chinese Lexical Database v2.1
奸,jian1,1,2.9552,0.0592,0.7784,LOW_FREQ_AUDIT_ONLY,NO,Chinese Lexical Database v2.1
巫,wu1,1,2.8657,0.0592,0.7561,LOW_FREQ_AUDIT_ONLY,NO,Chinese Lexical Database v2.1
濑,lai4,4,2.8657,0.0592,0.7561,LOW_FREQ_AUDIT_ONLY,NO,Chinese Lexical Database v2.1
培,pei2,2,2.6866,0.0592,0.7116,LOW_FREQ_AUDIT_ONLY,NO,Chinese Lexical Database v2.1
鼬,you4,4,2.6269,0.0592,0.6968,LOW_FREQ_AUDIT_ONLY,NO,Chinese Lexical Database v2.1
择,zhai2,2,2.3881,0.0592,0.6375,LOW_FREQ_AUDIT_ONLY,NO,Chinese Lexical Database v2.1
姗,shan1,1,2.3582,0.0592,0.6301,LOW_FREQ_AUDIT_ONLY,NO,Chinese Lexical Database v2.1
斐,fei3,3,2.1493,0.0592,0.5782,LOW_FREQ_AUDIT_ONLY,NO,Chinese Lexical Database v2.1
叽,ji1,1,1.8806,0.0592,0.5115,LOW_FREQ_AUDIT_ONLY,NO,Chinese Lexical Database v2.1
炼,lian4,4,1.8806,0.0592,0.5115,LOW_FREQ_AUDIT_ONLY,NO,Chinese Lexical Database v2.1
呯,ping2,2,1.8507,0.0592,0.5041,LOW_FREQ_AUDIT_ONLY,NO,Chinese Lexical Database v2.1
乍,zha4,4,1.8209,0.0592,0.4967,LOW_FREQ_AUDIT_ONLY,NO,Chinese Lexical Database v2.1
疾,ji2,2,1.7313,0.0592,0.4744,LOW_FREQ_AUDIT_ONLY,NO,Chinese Lexical Database v2.1
驼,tuo2,2,1.6418,0.0592,0.4522,LOW_FREQ_AUDIT_ONLY,NO,Chinese Lexical Database v2.1
艮,gen4,4,1.5224,0.0592,0.4225,LOW_FREQ_AUDIT_ONLY,NO,Chinese Lexical Database v2.1
帘,lian2,2,1.403,0.0592,0.3929,LOW_FREQ_AUDIT_ONLY,NO,Chinese Lexical Database v2.1
牠,ta1,1,1.2239,0.0592,0.3484,LOW_FREQ_AUDIT_ONLY,NO,Chinese Lexical Database v2.1
饥,ji1,1,1.2239,0.0592,0.3484,LOW_FREQ_AUDIT_ONLY,NO,Chinese Lexical Database v2.1
耸,song3,3,1.1343,0.0592,0.3262,LOW_FREQ_AUDIT_ONLY,NO,Chinese Lexical Database v2.1
茂,mao4,4,1.1343,0.0592,0.3262,LOW_FREQ_AUDIT_ONLY,NO,Chinese Lexical Database v2.1
颂,song4,4,1.1343,0.0592,0.3262,LOW_FREQ_AUDIT_ONLY,NO,Chinese Lexical Database v2.1
堕,duo4,4,1.1045,0.0592,0.3188,LOW_FREQ_AUDIT_ONLY,NO,Chinese Lexical Database v2.1
苹,ping2,2,1.1045,0.0592,0.3188,LOW_FREQ_AUDIT_ONLY,NO,Chinese Lexical Database v2.1
抡,lun1,1,1.0149,0.0592,0.2965,LOW_FREQ_AUDIT_ONLY,NO,Chinese Lexical Database v2.1
泻,xie4,4,0.9254,0.0592,0.2743,LOW_FREQ_AUDIT_ONLY,NO,Chinese Lexical Database v2.1
淑,shu1,1,0.8358,0.0592,0.252,LOW_FREQ_AUDIT_ONLY,NO,Chinese Lexical Database v2.1
嗄,a2,2,0.806,0.0592,0.2446,LOW_FREQ_AUDIT_ONLY,NO,Chinese Lexical Database v2.1
仕,shi4,4,0.7761,0.0592,0.2372,LOW_FREQ_AUDIT_ONLY,NO,Chinese Lexical Database v2.1
噪,zao4,4,0.7761,0.0592,0.2372,LOW_FREQ_AUDIT_ONLY,NO,Chinese Lexical Database v2.1
遁,dun4,4,0.7463,0.0592,0.2298,LOW_FREQ_AUDIT_ONLY,NO,Chinese Lexical Database v2.1
柚,you4,4,0.6866,0.0592,0.215,LOW_FREQ_AUDIT_ONLY,NO,Chinese Lexical Database v2.1
嗤,chi1,1,0.6269,0.0592,0.2001,LOW_FREQ_AUDIT_ONLY,NO,Chinese Lexical Database v2.1
娄,lou2,2,0.6269,0.0592,0.2001,LOW_FREQ_AUDIT_ONLY,NO,Chinese Lexical Database v2.1
廉,lian2,2,0.5672,0.0592,0.1853,LOW_FREQ_AUDIT_ONLY,NO,Chinese Lexical Database v2.1
闵,min3,3,0.5672,0.0592,0.1853,LOW_FREQ_AUDIT_ONLY,NO,Chinese Lexical Database v2.1
徽,hui1,1,0.5075,0.0592,0.1705,LOW_FREQ_AUDIT_ONLY,NO,Chinese Lexical Database v2.1
裕,yu4,4,0.4179,0.0592,0.1483,LOW_FREQ_AUDIT_ONLY,NO,Chinese Lexical Database v2.1
盈,ying2,2,0.3881,0.0592,0.1408,LOW_FREQ_AUDIT_ONLY,NO,Chinese Lexical Database v2.1
蔬,shu1,1,0.3881,0.0592,0.1408,LOW_FREQ_AUDIT_ONLY,NO,Chinese Lexical Database v2.1
蚝,hao2,2,0.3881,0.0592,0.1408,LOW_FREQ_AUDIT_ONLY,NO,Chinese Lexical Database v2.1
夭,yao1,1,0.3582,0.0592,0.1334,LOW_FREQ_AUDIT_ONLY,NO,Chinese Lexical Database v2.1
睛,jing1,1,0.3582,0.0592,0.1334,LOW_FREQ_AUDIT_ONLY,NO,Chinese Lexical Database v2.1
鳖,bie1,1,0.3582,0.0592,0.1334,LOW_FREQ_AUDIT_ONLY,NO,Chinese Lexical Database v2.1
芹,qin2,2,0.3284,0.0592,0.126,LOW_FREQ_AUDIT_ONLY,NO,Chinese Lexical Database v2.1
榄,lan3,3,0.2687,0.0592,0.1112,LOW_FREQ_AUDIT_ONLY,NO,Chinese Lexical Database v2.1
獒,ao2,2,0.2388,0.0592,0.1038,LOW_FREQ_AUDIT_ONLY,NO,Chinese Lexical Database v2.1
绮,qi3,3,0.2388,0.0592,0.1038,LOW_FREQ_AUDIT_ONLY,NO,Chinese Lexical Database v2.1
唰,shua1,1,0.209,0.0592,0.0964,LOW_FREQ_AUDIT_ONLY,NO,Chinese Lexical Database v2.1
婉,wan3,3,0.209,0.0592,0.0964,LOW_FREQ_AUDIT_ONLY,NO,Chinese Lexical Database v2.1
硒,xi1,1,0.209,0.0592,0.0964,LOW_FREQ_AUDIT_ONLY,NO,Chinese Lexical Database v2.1
厉,li4,4,0.1791,0.0592,0.089,LOW_FREQ_AUDIT_ONLY,NO,Chinese Lexical Database v2.1
蓓,bei4,4,0.1791,0.0592,0.089,LOW_FREQ_AUDIT_ONLY,NO,Chinese Lexical Database v2.1
侄,zhi2,2,0.1493,0.0592,0.0815,LOW_FREQ_AUDIT_ONLY,NO,Chinese Lexical Database v2.1
炯,jiong3,3,0.1493,0.0592,0.0815,LOW_FREQ_AUDIT_ONLY,NO,Chinese Lexical Database v2.1
奠,dian4,4,0.0597,0.0592,0.0593,LOW_FREQ_AUDIT_ONLY,NO,Chinese Lexical Database v2.1
桦,hua4,4,0.0597,0.0592,0.0593,LOW_FREQ_AUDIT_ONLY,NO,Chinese Lexical Database v2.1
闰,run4,4,0.0597,0.0592,0.0593,LOW_FREQ_AUDIT_ONLY,NO,Chinese Lexical Database v2.1
兮,xi1,1,17.8507,0.0493,4.47,LOW_FREQ_AUDIT_ONLY,NO,Chinese Lexical Database v2.1
堡,bao3,3,9.5224,0.0493,2.4018,LOW_FREQ_AUDIT_ONLY,NO,Chinese Lexical Database v2.1
坦,tan3,3,5.8507,0.0493,1.49,LOW_FREQ_AUDIT_ONLY,NO,Chinese Lexical Database v2.1
膝,xi1,1,5.0448,0.0493,1.2898,LOW_FREQ_AUDIT_ONLY,NO,Chinese Lexical Database v2.1
栗,li4,4,4.0597,0.0493,1.0452,LOW_FREQ_AUDIT_ONLY,NO,Chinese Lexical Database v2.1
脉,mai4,4,3.9403,0.0493,1.0156,LOW_FREQ_AUDIT_ONLY,NO,Chinese Lexical Database v2.1
冈,gang1,1,3.9104,0.0493,1.0082,LOW_FREQ_AUDIT_ONLY,NO,Chinese Lexical Database v2.1
嬉,xi1,1,3.0746,0.0493,0.8006,LOW_FREQ_AUDIT_ONLY,NO,Chinese Lexical Database v2.1
吟,yin2,2,2.9552,0.0493,0.7709,LOW_FREQ_AUDIT_ONLY,NO,Chinese Lexical Database v2.1
烘,hong1,1,2.806,0.0493,0.7339,LOW_FREQ_AUDIT_ONLY,NO,Chinese Lexical Database v2.1
蓬,peng2,2,2.7164,0.0493,0.7116,LOW_FREQ_AUDIT_ONLY,NO,Chinese Lexical Database v2.1
阉,yan1,1,2.4776,0.0493,0.6523,LOW_FREQ_AUDIT_ONLY,NO,Chinese Lexical Database v2.1
龄,ling2,2,2.3881,0.0493,0.6301,LOW_FREQ_AUDIT_ONLY,NO,Chinese Lexical Database v2.1
翰,han4,4,2.1194,0.0493,0.5634,LOW_FREQ_AUDIT_ONLY,NO,Chinese Lexical Database v2.1
撵,nian3,3,2.0896,0.0493,0.556,LOW_FREQ_AUDIT_ONLY,NO,Chinese Lexical Database v2.1
揣,chuai4,4,2.0597,0.0493,0.5486,LOW_FREQ_AUDIT_ONLY,NO,Chinese Lexical Database v2.1
绞,jiao3,3,2.0597,0.0493,0.5486,LOW_FREQ_AUDIT_ONLY,NO,Chinese Lexical Database v2.1
贷,dai4,4,1.9701,0.0493,0.5263,LOW_FREQ_AUDIT_ONLY,NO,Chinese Lexical Database v2.1
姊,zi3,3,1.8806,0.0493,0.5041,LOW_FREQ_AUDIT_ONLY,NO,Chinese Lexical Database v2.1
敞,chang3,3,1.8507,0.0493,0.4967,LOW_FREQ_AUDIT_ONLY,NO,Chinese Lexical Database v2.1
吮,shun3,3,1.5821,0.0493,0.4299,LOW_FREQ_AUDIT_ONLY,NO,Chinese Lexical Database v2.1
抚,fu3,3,1.4328,0.0493,0.3929,LOW_FREQ_AUDIT_ONLY,NO,Chinese Lexical Database v2.1
匡,kuang1,1,1.403,0.0493,0.3855,LOW_FREQ_AUDIT_ONLY,NO,Chinese Lexical Database v2.1
究,jiu1,1,1.403,0.0493,0.3855,LOW_FREQ_AUDIT_ONLY,NO,Chinese Lexical Database v2.1
侍,shi4,4,1.3731,0.0493,0.3781,LOW_FREQ_AUDIT_ONLY,NO,Chinese Lexical Database v2.1
祂,ta1,1,1.3731,0.0493,0.3781,LOW_FREQ_AUDIT_ONLY,NO,Chinese Lexical Database v2.1
犀,xi1,1,1.2836,0.0493,0.3558,LOW_FREQ_AUDIT_ONLY,NO,Chinese Lexical Database v2.1
哞,mou1,1,1.194,0.0493,0.3336,LOW_FREQ_AUDIT_ONLY,NO,Chinese Lexical Database v2.1
墩,dun1,1,1.194,0.0493,0.3336,LOW_FREQ_AUDIT_ONLY,NO,Chinese Lexical Database v2.1
烙,lao4,4,1.0746,0.0493,0.3039,LOW_FREQ_AUDIT_ONLY,NO,Chinese Lexical Database v2.1
勋,xun1,1,0.8955,0.0493,0.2595,LOW_FREQ_AUDIT_ONLY,NO,Chinese Lexical Database v2.1
描,miao2,2,0.8955,0.0493,0.2595,LOW_FREQ_AUDIT_ONLY,NO,Chinese Lexical Database v2.1
羁,ji1,1,0.8955,0.0493,0.2595,LOW_FREQ_AUDIT_ONLY,NO,Chinese Lexical Database v2.1
樽,zun1,1,0.8657,0.0493,0.252,LOW_FREQ_AUDIT_ONLY,NO,Chinese Lexical Database v2.1
酌,zhuo2,2,0.806,0.0493,0.2372,LOW_FREQ_AUDIT_ONLY,NO,Chinese Lexical Database v2.1
卯,mao3,3,0.7463,0.0493,0.2224,LOW_FREQ_AUDIT_ONLY,NO,Chinese Lexical Database v2.1
蜷,quan2,2,0.7463,0.0493,0.2224,LOW_FREQ_AUDIT_ONLY,NO,Chinese Lexical Database v2.1
蛊,gu3,3,0.6866,0.0493,0.2076,LOW_FREQ_AUDIT_ONLY,NO,Chinese Lexical Database v2.1
搀,chan1,1,0.6567,0.0493,0.2001,LOW_FREQ_AUDIT_ONLY,NO,Chinese Lexical Database v2.1
沫,mo4,4,0.6567,0.0493,0.2001,LOW_FREQ_AUDIT_ONLY,NO,Chinese Lexical Database v2.1
脖,bo2,2,0.6567,0.0493,0.2001,LOW_FREQ_AUDIT_ONLY,NO,Chinese Lexical Database v2.1
遵,zun1,1,0.6567,0.0493,0.2001,LOW_FREQ_AUDIT_ONLY,NO,Chinese Lexical Database v2.1
箩,luo2,2,0.6269,0.0493,0.1927,LOW_FREQ_AUDIT_ONLY,NO,Chinese Lexical Database v2.1
玫,mei2,2,0.597,0.0493,0.1853,LOW_FREQ_AUDIT_ONLY,NO,Chinese Lexical Database v2.1
裆,dang1,1,0.5075,0.0493,0.1631,LOW_FREQ_AUDIT_ONLY,NO,Chinese Lexical Database v2.1
钦,qin1,1,0.4776,0.0493,0.1557,LOW_FREQ_AUDIT_ONLY,NO,Chinese Lexical Database v2.1
笙,sheng1,1,0.4179,0.0493,0.1408,LOW_FREQ_AUDIT_ONLY,NO,Chinese Lexical Database v2.1
昼,zhou4,4,0.3881,0.0493,0.1334,LOW_FREQ_AUDIT_ONLY,NO,Chinese Lexical Database v2.1
莽,mang3,3,0.3881,0.0493,0.1334,LOW_FREQ_AUDIT_ONLY,NO,Chinese Lexical Database v2.1
挞,ta4,4,0.3582,0.0493,0.126,LOW_FREQ_AUDIT_ONLY,NO,Chinese Lexical Database v2.1
捋,luo1,1,0.3582,0.0493,0.126,LOW_FREQ_AUDIT_ONLY,NO,Chinese Lexical Database v2.1
禄,lu4,4,0.3284,0.0493,0.1186,LOW_FREQ_AUDIT_ONLY,NO,Chinese Lexical Database v2.1
巻,juan3,3,0.2985,0.0493,0.1112,LOW_FREQ_AUDIT_ONLY,NO,Chinese Lexical Database v2.1
驮,tuo2,2,0.2985,0.0493,0.1112,LOW_FREQ_AUDIT_ONLY,NO,Chinese Lexical Database v2.1
鸿,hong2,2,0.2687,0.0493,0.1038,LOW_FREQ_AUDIT_ONLY,NO,Chinese Lexical Database v2.1
晟,sheng4,4,0.2388,0.0493,0.0964,LOW_FREQ_AUDIT_ONLY,NO,Chinese Lexical Database v2.1
恍,huang3,3,0.209,0.0493,0.089,LOW_FREQ_AUDIT_ONLY,NO,Chinese Lexical Database v2.1
仟,qian1,1,0.1493,0.0493,0.0741,LOW_FREQ_AUDIT_ONLY,NO,Chinese Lexical Database v2.1
偎,wei1,1,0.1493,0.0493,0.0741,LOW_FREQ_AUDIT_ONLY,NO,Chinese Lexical Database v2.1
晖,hui1,1,0.1493,0.0493,0.0741,LOW_FREQ_AUDIT_ONLY,NO,Chinese Lexical Database v2.1
暇,xia2,2,0.1493,0.0493,0.0741,LOW_FREQ_AUDIT_ONLY,NO,Chinese Lexical Database v2.1
狸,li2,2,0.1493,0.0493,0.0741,LOW_FREQ_AUDIT_ONLY,NO,Chinese Lexical Database v2.1
猩,xing1,1,0.1493,0.0493,0.0741,LOW_FREQ_AUDIT_ONLY,NO,Chinese Lexical Database v2.1
勉,mian3,3,0.1194,0.0493,0.0667,LOW_FREQ_AUDIT_ONLY,NO,Chinese Lexical Database v2.1
娴,xian2,2,0.1194,0.0493,0.0667,LOW_FREQ_AUDIT_ONLY,NO,Chinese Lexical Database v2.1
牟,mou2,2,0.1194,0.0493,0.0667,LOW_FREQ_AUDIT_ONLY,NO,Chinese Lexical Database v2.1
粑,ba1,1,0.1194,0.0493,0.0667,LOW_FREQ_AUDIT_ONLY,NO,Chinese Lexical Database v2.1
绚,xuan4,4,0.1194,0.0493,0.0667,LOW_FREQ_AUDIT_ONLY,NO,Chinese Lexical Database v2.1
肆,si4,4,0.1194,0.0493,0.0667,LOW_FREQ_AUDIT_ONLY,NO,Chinese Lexical Database v2.1
孖,ma1,1,0.0896,0.0493,0.0593,LOW_FREQ_AUDIT_ONLY,NO,Chinese Lexical Database v2.1
钧,jun1,1,0.0896,0.0493,0.0593,LOW_FREQ_AUDIT_ONLY,NO,Chinese Lexical Database v2.1
冉,ran3,3,0.0597,0.0493,0.0519,LOW_FREQ_AUDIT_ONLY,NO,Chinese Lexical Database v2.1
吽,hou3,3,0.0597,0.0493,0.0519,LOW_FREQ_AUDIT_ONLY,NO,Chinese Lexical Database v2.1
姣,jiao1,1,0.0597,0.0493,0.0519,LOW_FREQ_AUDIT_ONLY,NO,Chinese Lexical Database v2.1
戆,gang4,4,0.0597,0.0493,0.0519,LOW_FREQ_AUDIT_ONLY,NO,Chinese Lexical Database v2.1
蒂,di4,4,39.791,0.0394,9.911,LOW_FREQ_AUDIT_ONLY,NO,Chinese Lexical Database v2.1
癖,pi3,3,10.209,0.0394,2.5649,LOW_FREQ_AUDIT_ONLY,NO,Chinese Lexical Database v2.1
勃,bo2,2,9.8209,0.0394,2.4685,LOW_FREQ_AUDIT_ONLY,NO,Chinese Lexical Database v2.1
漆,qi1,1,7.8507,0.0394,1.9792,LOW_FREQ_AUDIT_ONLY,NO,Chinese Lexical Database v2.1
寇,kou4,4,7.1642,0.0394,1.8087,LOW_FREQ_AUDIT_ONLY,NO,Chinese Lexical Database v2.1
覆,fu4,4,4.7463,0.0394,1.2083,LOW_FREQ_AUDIT_ONLY,NO,Chinese Lexical Database v2.1
囊,nang2,2,4.7164,0.0394,1.2009,LOW_FREQ_AUDIT_ONLY,NO,Chinese Lexical Database v2.1
泳,yong3,3,4.3284,0.0394,1.1045,LOW_FREQ_AUDIT_ONLY,NO,Chinese Lexical Database v2.1
鉴,jian4,4,4.2687,0.0394,1.0897,LOW_FREQ_AUDIT_ONLY,NO,Chinese Lexical Database v2.1
奎,kui2,2,4.0597,0.0394,1.0378,LOW_FREQ_AUDIT_ONLY,NO,Chinese Lexical Database v2.1
棕,zong1,1,3.4627,0.0394,0.8895,LOW_FREQ_AUDIT_ONLY,NO,Chinese Lexical Database v2.1
妄,wang4,4,3.403,0.0394,0.8747,LOW_FREQ_AUDIT_ONLY,NO,Chinese Lexical Database v2.1
腓,fei2,2,3.2836,0.0394,0.8451,LOW_FREQ_AUDIT_ONLY,NO,Chinese Lexical Database v2.1
嚷,rang1,1,3.1642,0.0394,0.8154,LOW_FREQ_AUDIT_ONLY,NO,Chinese Lexical Database v2.1
泵,beng4,4,3.1343,0.0394,0.808,LOW_FREQ_AUDIT_ONLY,NO,Chinese Lexical Database v2.1
援,yuan2,2,2.8657,0.0394,0.7413,LOW_FREQ_AUDIT_ONLY,NO,Chinese Lexical Database v2.1
协,xie2,2,2.6866,0.0394,0.6968,LOW_FREQ_AUDIT_ONLY,NO,Chinese Lexical Database v2.1
肤,fu1,1,2.6866,0.0394,0.6968,LOW_FREQ_AUDIT_ONLY,NO,Chinese Lexical Database v2.1
薰,xun1,1,2.4179,0.0394,0.6301,LOW_FREQ_AUDIT_ONLY,NO,Chinese Lexical Database v2.1
饵,er3,3,2.3284,0.0394,0.6079,LOW_FREQ_AUDIT_ONLY,NO,Chinese Lexical Database v2.1
扳,ban1,1,2.0896,0.0394,0.5486,LOW_FREQ_AUDIT_ONLY,NO,Chinese Lexical Database v2.1
眩,xuan4,4,2.0597,0.0394,0.5411,LOW_FREQ_AUDIT_ONLY,NO,Chinese Lexical Database v2.1
酯,zhi3,3,2.0597,0.0394,0.5411,LOW_FREQ_AUDIT_ONLY,NO,Chinese Lexical Database v2.1
町,ting3,3,1.9701,0.0394,0.5189,LOW_FREQ_AUDIT_ONLY,NO,Chinese Lexical Database v2.1
朔,shuo4,4,1.9403,0.0394,0.5115,LOW_FREQ_AUDIT_ONLY,NO,Chinese Lexical Database v2.1
矩,ju3,3,1.791,0.0394,0.4744,LOW_FREQ_AUDIT_ONLY,NO,Chinese Lexical Database v2.1
菸,yan1,1,1.4925,0.0394,0.4003,LOW_FREQ_AUDIT_ONLY,NO,Chinese Lexical Database v2.1
椰,ye1,1,1.4627,0.0394,0.3929,LOW_FREQ_AUDIT_ONLY,NO,Chinese Lexical Database v2.1
纤,xian1,1,1.4627,0.0394,0.3929,LOW_FREQ_AUDIT_ONLY,NO,Chinese Lexical Database v2.1
炙,zhi4,4,1.1642,0.0394,0.3188,LOW_FREQ_AUDIT_ONLY,NO,Chinese Lexical Database v2.1
踝,huai2,2,1.1642,0.0394,0.3188,LOW_FREQ_AUDIT_ONLY,NO,Chinese Lexical Database v2.1
竿,gan1,1,1.1343,0.0394,0.3113,LOW_FREQ_AUDIT_ONLY,NO,Chinese Lexical Database v2.1
聆,ling2,2,1.1045,0.0394,0.3039,LOW_FREQ_AUDIT_ONLY,NO,Chinese Lexical Database v2.1
蹿,cuan1,1,1.0448,0.0394,0.2891,LOW_FREQ_AUDIT_ONLY,NO,Chinese Lexical Database v2.1
咂,za1,1,0.9552,0.0394,0.2669,LOW_FREQ_AUDIT_ONLY,NO,Chinese Lexical Database v2.1
尻,kao1,1,0.8358,0.0394,0.2372,LOW_FREQ_AUDIT_ONLY,NO,Chinese Lexical Database v2.1
溃,kui4,4,0.8358,0.0394,0.2372,LOW_FREQ_AUDIT_ONLY,NO,Chinese Lexical Database v2.1
剖,pou1,1,0.806,0.0394,0.2298,LOW_FREQ_AUDIT_ONLY,NO,Chinese Lexical Database v2.1
枯,ku1,1,0.806,0.0394,0.2298,LOW_FREQ_AUDIT_ONLY,NO,Chinese Lexical Database v2.1
唆,suo1,1,0.7761,0.0394,0.2224,LOW_FREQ_AUDIT_ONLY,NO,Chinese Lexical Database v2.1
践,jian4,4,0.7463,0.0394,0.215,LOW_FREQ_AUDIT_ONLY,NO,Chinese Lexical Database v2.1
贯,guan4,4,0.6269,0.0394,0.1853,LOW_FREQ_AUDIT_ONLY,NO,Chinese Lexical Database v2.1
怖,bu4,4,0.597,0.0394,0.1779,LOW_FREQ_AUDIT_ONLY,NO,Chinese Lexical Database v2.1
鲤,li3,3,0.597,0.0394,0.1779,LOW_FREQ_AUDIT_ONLY,NO,Chinese Lexical Database v2.1
咏,yong3,3,0.5672,0.0394,0.1705,LOW_FREQ_AUDIT_ONLY,NO,Chinese Lexical Database v2.1
垢,gou4,4,0.5672,0.0394,0.1705,LOW_FREQ_AUDIT_ONLY,NO,Chinese Lexical Database v2.1
擂,lei4,4,0.5672,0.0394,0.1705,LOW_FREQ_AUDIT_ONLY,NO,Chinese Lexical Database v2.1
剐,gua3,3,0.5373,0.0394,0.1631,LOW_FREQ_AUDIT_ONLY,NO,Chinese Lexical Database v2.1
措,cuo4,4,0.5075,0.0394,0.1557,LOW_FREQ_AUDIT_ONLY,NO,Chinese Lexical Database v2.1
摒,bing4,4,0.5075,0.0394,0.1557,LOW_FREQ_AUDIT_ONLY,NO,Chinese Lexical Database v2.1
拇,mu3,3,0.4776,0.0394,0.1483,LOW_FREQ_AUDIT_ONLY,NO,Chinese Lexical Database v2.1
览,lan3,3,0.4776,0.0394,0.1483,LOW_FREQ_AUDIT_ONLY,NO,Chinese Lexical Database v2.1
拙,zhuo1,1,0.4478,0.0394,0.1408,LOW_FREQ_AUDIT_ONLY,NO,Chinese Lexical Database v2.1
咀,ju3,3,0.3881,0.0394,0.126,LOW_FREQ_AUDIT_ONLY,NO,Chinese Lexical Database v2.1
沛,pei4,4,0.3284,0.0394,0.1112,LOW_FREQ_AUDIT_ONLY,NO,Chinese Lexical Database v2.1
瀑,pu4,4,0.3284,0.0394,0.1112,LOW_FREQ_AUDIT_ONLY,NO,Chinese Lexical Database v2.1
嘬,zuo1,1,0.2388,0.0394,0.089,LOW_FREQ_AUDIT_ONLY,NO,Chinese Lexical Database v2.1
琐,suo3,3,0.2388,0.0394,0.089,LOW_FREQ_AUDIT_ONLY,NO,Chinese Lexical Database v2.1
镉,ge2,2,0.2388,0.0394,0.089,LOW_FREQ_AUDIT_ONLY,NO,Chinese Lexical Database v2.1
馁,nei3,3,0.2388,0.0394,0.089,LOW_FREQ_AUDIT_ONLY,NO,Chinese Lexical Database v2.1
宙,zhou4,4,0.209,0.0394,0.0815,LOW_FREQ_AUDIT_ONLY,NO,Chinese Lexical Database v2.1
蜕,tui4,4,0.209,0.0394,0.0815,LOW_FREQ_AUDIT_ONLY,NO,Chinese Lexical Database v2.1
钯,ba3,3,0.209,0.0394,0.0815,LOW_FREQ_AUDIT_ONLY,NO,Chinese Lexical Database v2.1
噩,e4,4,0.1791,0.0394,0.0741,LOW_FREQ_AUDIT_ONLY,NO,Chinese Lexical Database v2.1
枷,jia1,1,0.1493,0.0394,0.0667,LOW_FREQ_AUDIT_ONLY,NO,Chinese Lexical Database v2.1
玖,jiu3,3,0.1493,0.0394,0.0667,LOW_FREQ_AUDIT_ONLY,NO,Chinese Lexical Database v2.1
慨,kai3,3,0.1194,0.0394,0.0593,LOW_FREQ_AUDIT_ONLY,NO,Chinese Lexical Database v2.1
禹,yu3,3,0.1194,0.0394,0.0593,LOW_FREQ_AUDIT_ONLY,NO,Chinese Lexical Database v2.1
铿,keng1,1,0.1194,0.0394,0.0593,LOW_FREQ_AUDIT_ONLY,NO,Chinese Lexical Database v2.1
雍,yong1,1,0.1194,0.0394,0.0593,LOW_FREQ_AUDIT_ONLY,NO,Chinese Lexical Database v2.1
佰,bai3,3,0.0896,0.0394,0.0519,LOW_FREQ_AUDIT_ONLY,NO,Chinese Lexical Database v2.1
呓,yi4,4,0.0896,0.0394,0.0519,LOW_FREQ_AUDIT_ONLY,NO,Chinese Lexical Database v2.1
渊,yuan1,1,0.0896,0.0394,0.0519,LOW_FREQ_AUDIT_ONLY,NO,Chinese Lexical Database v2.1
戎,rong2,2,0.0597,0.0394,0.0445,LOW_FREQ_AUDIT_ONLY,NO,Chinese Lexical Database v2.1
泓,hong2,2,0.0597,0.0394,0.0445,LOW_FREQ_AUDIT_ONLY,NO,Chinese Lexical Database v2.1
灸,jiu3,3,0.0597,0.0394,0.0445,LOW_FREQ_AUDIT_ONLY,NO,Chinese Lexical Database v2.1
炳,bing3,3,0.0597,0.0394,0.0445,LOW_FREQ_AUDIT_ONLY,NO,Chinese Lexical Database v2.1
痹,bi4,4,0.0597,0.0394,0.0445,LOW_FREQ_AUDIT_ONLY,NO,Chinese Lexical Database v2.1
睇,di4,4,0.0299,8.1262,6.1156,LOW_FREQ_AUDIT_ONLY,NO,Chinese Lexical Database v2.1
隋,sui2,2,0.0299,0.9763,0.7413,LOW_FREQ_AUDIT_ONLY,NO,Chinese Lexical Database v2.1
龚,gong1,1,0.0299,0.8185,0.6227,LOW_FREQ_AUDIT_ONLY,NO,Chinese Lexical Database v2.1
唛,mai4,4,0.0299,0.5819,0.4448,LOW_FREQ_AUDIT_ONLY,NO,Chinese Lexical Database v2.1
糸,mi4,4,0.0299,0.5523,0.4225,LOW_FREQ_AUDIT_ONLY,NO,Chinese Lexical Database v2.1
柒,qi1,1,0.0299,0.4339,0.3336,LOW_FREQ_AUDIT_ONLY,NO,Chinese Lexical Database v2.1
嫂,sao3,3,0.0299,0.3649,0.2817,LOW_FREQ_AUDIT_ONLY,NO,Chinese Lexical Database v2.1
炊,chui1,1,0.0299,0.355,0.2743,LOW_FREQ_AUDIT_ONLY,NO,Chinese Lexical Database v2.1
潇,xiao1,1,0.0299,0.2663,0.2076,LOW_FREQ_AUDIT_ONLY,NO,Chinese Lexical Database v2.1
濒,bin1,1,0.0299,0.2268,0.1779,LOW_FREQ_AUDIT_ONLY,NO,Chinese Lexical Database v2.1
柬,jian3,3,0.0299,0.1972,0.1557,LOW_FREQ_AUDIT_ONLY,NO,Chinese Lexical Database v2.1
帛,bo2,2,0.0299,0.1874,0.1483,LOW_FREQ_AUDIT_ONLY,NO,Chinese Lexical Database v2.1
弈,yi4,4,0.0299,0.1578,0.126,LOW_FREQ_AUDIT_ONLY,NO,Chinese Lexical Database v2.1
囍,xi3,3,0.0299,0.1479,0.1186,LOW_FREQ_AUDIT_ONLY,NO,Chinese Lexical Database v2.1
翟,zhai2,2,0.0299,0.1479,0.1186,LOW_FREQ_AUDIT_ONLY,NO,Chinese Lexical Database v2.1
霾,mai2,2,0.0299,0.1282,0.1038,LOW_FREQ_AUDIT_ONLY,NO,Chinese Lexical Database v2.1
冧,lin2,2,0.0299,0.1183,0.0964,LOW_FREQ_AUDIT_ONLY,NO,Chinese Lexical Database v2.1
睿,rui4,4,0.0299,0.1183,0.0964,LOW_FREQ_AUDIT_ONLY,NO,Chinese Lexical Database v2.1
氽,tun3,3,0.0299,0.1085,0.089,LOW_FREQ_AUDIT_ONLY,NO,Chinese Lexical Database v2.1
铢,zhu1,1,0.0299,0.1085,0.089,LOW_FREQ_AUDIT_ONLY,NO,Chinese Lexical Database v2.1
彤,tong2,2,0.0299,0.0986,0.0815,LOW_FREQ_AUDIT_ONLY,NO,Chinese Lexical Database v2.1
肴,yao2,2,0.0299,0.0986,0.0815,LOW_FREQ_AUDIT_ONLY,NO,Chinese Lexical Database v2.1
藐,miao3,3,0.0299,0.0986,0.0815,LOW_FREQ_AUDIT_ONLY,NO,Chinese Lexical Database v2.1
贰,er4,4,0.0299,0.0986,0.0815,LOW_FREQ_AUDIT_ONLY,NO,Chinese Lexical Database v2.1
氹,dang4,4,0.0299,0.0888,0.0741,LOW_FREQ_AUDIT_ONLY,NO,Chinese Lexical Database v2.1
袅,niao3,3,0.0299,0.0888,0.0741,LOW_FREQ_AUDIT_ONLY,NO,Chinese Lexical Database v2.1
彦,yan4,4,0.0299,0.0789,0.0667,LOW_FREQ_AUDIT_ONLY,NO,Chinese Lexical Database v2.1
桖,xue4,4,0.0299,0.0789,0.0667,LOW_FREQ_AUDIT_ONLY,NO,Chinese Lexical Database v2.1
隶,li4,4,0.0299,0.0789,0.0667,LOW_FREQ_AUDIT_ONLY,NO,Chinese Lexical Database v2.1
矽,xi1,1,0.0299,0.069,0.0593,LOW_FREQ_AUDIT_ONLY,NO,Chinese Lexical Database v2.1
莞,wan3,3,0.0299,0.069,0.0593,LOW_FREQ_AUDIT_ONLY,NO,Chinese Lexical Database v2.1
谏,jian4,4,0.0299,0.069,0.0593,LOW_FREQ_AUDIT_ONLY,NO,Chinese Lexical Database v2.1
阎,yan2,2,0.0299,0.069,0.0593,LOW_FREQ_AUDIT_ONLY,NO,Chinese Lexical Database v2.1
冚,kan3,3,0.0299,0.0592,0.0519,LOW_FREQ_AUDIT_ONLY,NO,Chinese Lexical Database v2.1
掬,ju1,1,0.0299,0.0592,0.0519,LOW_FREQ_AUDIT_ONLY,NO,Chinese Lexical Database v2.1
棠,tang2,2,0.0299,0.0592,0.0519,LOW_FREQ_AUDIT_ONLY,NO,Chinese Lexical Database v2.1
浏,liu2,2,0.0299,0.0592,0.0519,LOW_FREQ_AUDIT_ONLY,NO,Chinese Lexical Database v2.1
爰,yuan2,2,0.0299,0.0592,0.0519,LOW_FREQ_AUDIT_ONLY,NO,Chinese Lexical Database v2.1
钜,ju4,4,0.0299,0.0592,0.0519,LOW_FREQ_AUDIT_ONLY,NO,Chinese Lexical Database v2.1
铥,diu1,1,0.0299,0.0592,0.0519,LOW_FREQ_AUDIT_ONLY,NO,Chinese Lexical Database v2.1
凛,lin3,3,0.0299,0.0493,0.0445,LOW_FREQ_AUDIT_ONLY,NO,Chinese Lexical Database v2.1
嗌,ai4,4,0.0299,0.0493,0.0445,LOW_FREQ_AUDIT_ONLY,NO,Chinese Lexical Database v2.1
悃,kun3,3,0.0299,0.0493,0.0445,LOW_FREQ_AUDIT_ONLY,NO,Chinese Lexical Database v2.1
愉,yu2,2,0.0299,0.0493,0.0445,LOW_FREQ_AUDIT_ONLY,NO,Chinese Lexical Database v2.1
曳,ye4,4,0.0299,0.0493,0.0445,LOW_FREQ_AUDIT_ONLY,NO,Chinese Lexical Database v2.1
谗,chan2,2,0.0299,0.0493,0.0445,LOW_FREQ_AUDIT_ONLY,NO,Chinese Lexical Database v2.1
囗,wei2,2,0.0299,0.0394,0.0371,LOW_FREQ_AUDIT_ONLY,NO,Chinese Lexical Database v2.1
寞,mo4,4,0.0299,0.0394,0.0371,LOW_FREQ_AUDIT_ONLY,NO,Chinese Lexical Database v2.1
尴,gan1,1,0.0299,0.0394,0.0371,LOW_FREQ_AUDIT_ONLY,NO,Chinese Lexical Database v2.1
歩,bu4,4,0.0299,0.0394,0.0371,LOW_FREQ_AUDIT_ONLY,NO,Chinese Lexical Database v2.1
耨,nou4,4,0.0299,0.0394,0.0371,LOW_FREQ_AUDIT_ONLY,NO,Chinese Lexical Database v2.1
邬,wu1,1,0.0299,0.0394,0.0371,LOW_FREQ_AUDIT_ONLY,NO,Chinese Lexical Database v2.1
锕,a1,1,0.0299,0.0394,0.0371,LOW_FREQ_AUDIT_ONLY,NO,Chinese Lexical Database v2.1
韶,shao2,2,0.0299,0.0394,0.0371,LOW_FREQ_AUDIT_ONLY,NO,Chinese Lexical Database v2.1
恕,shu4,4,16.3284,0.0296,4.0771,LOW_FREQ_AUDIT_ONLY,NO,Chinese Lexical Database v2.1
绳,sheng2,2,10.806,0.0296,2.7057,LOW_FREQ_AUDIT_ONLY,NO,Chinese Lexical Database v2.1
督,du1,1,10.0,0.0296,2.5056,LOW_FREQ_AUDIT_ONLY,NO,Chinese Lexical Database v2.1
齿,chi3,3,6.0299,0.0296,1.5196,LOW_FREQ_AUDIT_ONLY,NO,Chinese Lexical Database v2.1
癌,ai2,2,5.8209,0.0296,1.4678,LOW_FREQ_AUDIT_ONLY,NO,Chinese Lexical Database v2.1
脂,zhi1,1,4.9851,0.0296,1.2602,LOW_FREQ_AUDIT_ONLY,NO,Chinese Lexical Database v2.1
障,zhang4,4,4.6866,0.0296,1.1861,LOW_FREQ_AUDIT_ONLY,NO,Chinese Lexical Database v2.1
驶,shi3,3,4.5075,0.0296,1.1416,LOW_FREQ_AUDIT_ONLY,NO,Chinese Lexical Database v2.1
泊,bo2,2,4.4478,0.0296,1.1268,LOW_FREQ_AUDIT_ONLY,NO,Chinese Lexical Database v2.1
镖,biao1,1,4.1194,0.0296,1.0452,LOW_FREQ_AUDIT_ONLY,NO,Chinese Lexical Database v2.1
葬,zang4,4,4.0597,0.0296,1.0304,LOW_FREQ_AUDIT_ONLY,NO,Chinese Lexical Database v2.1
钳,qian2,2,3.7313,0.0296,0.9489,LOW_FREQ_AUDIT_ONLY,NO,Chinese Lexical Database v2.1
茨,ci2,2,3.3134,0.0296,0.8451,LOW_FREQ_AUDIT_ONLY,NO,Chinese Lexical Database v2.1
氢,qing1,1,3.0448,0.0296,0.7784,LOW_FREQ_AUDIT_ONLY,NO,Chinese Lexical Database v2.1
唬,hu3,3,2.9552,0.0296,0.7561,LOW_FREQ_AUDIT_ONLY,NO,Chinese Lexical Database v2.1
沼,zhao3,3,2.6567,0.0296,0.682,LOW_FREQ_AUDIT_ONLY,NO,Chinese Lexical Database v2.1
哨,shao4,4,2.4478,0.0296,0.6301,LOW_FREQ_AUDIT_ONLY,NO,Chinese Lexical Database v2.1
敦,dun1,1,2.4478,0.0296,0.6301,LOW_FREQ_AUDIT_ONLY,NO,Chinese Lexical Database v2.1
喀,ka1,1,2.4179,0.0296,0.6227,LOW_FREQ_AUDIT_ONLY,NO,Chinese Lexical Database v2.1
囚,qiu2,2,2.3881,0.0296,0.6153,LOW_FREQ_AUDIT_ONLY,NO,Chinese Lexical Database v2.1
厕,ce4,4,2.3284,0.0296,0.6004,LOW_FREQ_AUDIT_ONLY,NO,Chinese Lexical Database v2.1
笠,li4,4,2.2985,0.0296,0.593,LOW_FREQ_AUDIT_ONLY,NO,Chinese Lexical Database v2.1
伶,ling2,2,2.1493,0.0296,0.556,LOW_FREQ_AUDIT_ONLY,NO,Chinese Lexical Database v2.1
脊,ji3,3,2.0896,0.0296,0.5411,LOW_FREQ_AUDIT_ONLY,NO,Chinese Lexical Database v2.1
攸,you1,1,2.0299,0.0296,0.5263,LOW_FREQ_AUDIT_ONLY,NO,Chinese Lexical Database v2.1
琉,liu2,2,1.9701,0.0296,0.5115,LOW_FREQ_AUDIT_ONLY,NO,Chinese Lexical Database v2.1
谬,miu4,4,1.8806,0.0296,0.4893,LOW_FREQ_AUDIT_ONLY,NO,Chinese Lexical Database v2.1
辱,ru3,3,1.8507,0.0296,0.4818,LOW_FREQ_AUDIT_ONLY,NO,Chinese Lexical Database v2.1
辫,bian4,4,1.7015,0.0296,0.4448,LOW_FREQ_AUDIT_ONLY,NO,Chinese Lexical Database v2.1
迦,jia1,1,1.4328,0.0296,0.3781,LOW_FREQ_AUDIT_ONLY,NO,Chinese Lexical Database v2.1
鸽,ge1,1,1.403,0.0296,0.3706,LOW_FREQ_AUDIT_ONLY,NO,Chinese Lexical Database v2.1
汽,qi4,4,1.3433,0.0296,0.3558,LOW_FREQ_AUDIT_ONLY,NO,Chinese Lexical Database v2.1
岔,cha4,4,1.2537,0.0296,0.3336,LOW_FREQ_AUDIT_ONLY,NO,Chinese Lexical Database v2.1
褶,zhe3,3,1.2239,0.0296,0.3262,LOW_FREQ_AUDIT_ONLY,NO,Chinese Lexical Database v2.1
僧,seng1,1,1.0746,0.0296,0.2891,LOW_FREQ_AUDIT_ONLY,NO,Chinese Lexical Database v2.1
斟,zhen1,1,1.0448,0.0296,0.2817,LOW_FREQ_AUDIT_ONLY,NO,Chinese Lexical Database v2.1
虑,lv4,4,1.0448,0.0296,0.2817,LOW_FREQ_AUDIT_ONLY,NO,Chinese Lexical Database v2.1
蛀,zhu4,4,1.0448,0.0296,0.2817,LOW_FREQ_AUDIT_ONLY,NO,Chinese Lexical Database v2.1
攥,zuan4,4,1.0149,0.0296,0.2743,LOW_FREQ_AUDIT_ONLY,NO,Chinese Lexical Database v2.1
蓟,ji4,4,0.9851,0.0296,0.2669,LOW_FREQ_AUDIT_ONLY,NO,Chinese Lexical Database v2.1
疮,chuang1,1,0.9552,0.0296,0.2595,LOW_FREQ_AUDIT_ONLY,NO,Chinese Lexical Database v2.1
碘,dian3,3,0.9254,0.0296,0.252,LOW_FREQ_AUDIT_ONLY,NO,Chinese Lexical Database v2.1
珂,ke1,1,0.806,0.0296,0.2224,LOW_FREQ_AUDIT_ONLY,NO,Chinese Lexical Database v2.1
隼,sun3,3,0.806,0.0296,0.2224,LOW_FREQ_AUDIT_ONLY,NO,Chinese Lexical Database v2.1
颐,yi2,2,0.806,0.0296,0.2224,LOW_FREQ_AUDIT_ONLY,NO,Chinese Lexical Database v2.1
旷,kuang4,4,0.7761,0.0296,0.215,LOW_FREQ_AUDIT_ONLY,NO,Chinese Lexical Database v2.1
芝,zhi1,1,0.7761,0.0296,0.215,LOW_FREQ_AUDIT_ONLY,NO,Chinese Lexical Database v2.1
裴,pei2,2,0.7761,0.0296,0.215,LOW_FREQ_AUDIT_ONLY,NO,Chinese Lexical Database v2.1
咲,xiao4,4,0.7164,0.0296,0.2001,LOW_FREQ_AUDIT_ONLY,NO,Chinese Lexical Database v2.1
嚣,xiao1,1,0.7164,0.0296,0.2001,LOW_FREQ_AUDIT_ONLY,NO,Chinese Lexical Database v2.1
祷,dao3,3,0.7164,0.0296,0.2001,LOW_FREQ_AUDIT_ONLY,NO,Chinese Lexical Database v2.1
拈,nian1,1,0.597,0.0296,0.1705,LOW_FREQ_AUDIT_ONLY,NO,Chinese Lexical Database v2.1
棱,leng2,2,0.597,0.0296,0.1705,LOW_FREQ_AUDIT_ONLY,NO,Chinese Lexical Database v2.1
椒,jiao1,1,0.597,0.0296,0.1705,LOW_FREQ_AUDIT_ONLY,NO,Chinese Lexical Database v2.1
萃,cui4,4,0.597,0.0296,0.1705,LOW_FREQ_AUDIT_ONLY,NO,Chinese Lexical Database v2.1
柠,ning2,2,0.5672,0.0296,0.1631,LOW_FREQ_AUDIT_ONLY,NO,Chinese Lexical Database v2.1
沢,ze2,2,0.5373,0.0296,0.1557,LOW_FREQ_AUDIT_ONLY,NO,Chinese Lexical Database v2.1
讷,ne4,4,0.5373,0.0296,0.1557,LOW_FREQ_AUDIT_ONLY,NO,Chinese Lexical Database v2.1
凄,qi1,1,0.5075,0.0296,0.1483,LOW_FREQ_AUDIT_ONLY,NO,Chinese Lexical Database v2.1
骸,hai2,2,0.5075,0.0296,0.1483,LOW_FREQ_AUDIT_ONLY,NO,Chinese Lexical Database v2.1
嗙,pang3,3,0.4776,0.0296,0.1408,LOW_FREQ_AUDIT_ONLY,NO,Chinese Lexical Database v2.1
锶,si1,1,0.4478,0.0296,0.1334,LOW_FREQ_AUDIT_ONLY,NO,Chinese Lexical Database v2.1
笺,jian1,1,0.4179,0.0296,0.126,LOW_FREQ_AUDIT_ONLY,NO,Chinese Lexical Database v2.1
骄,jiao1,1,0.4179,0.0296,0.126,LOW_FREQ_AUDIT_ONLY,NO,Chinese Lexical Database v2.1
啐,cui4,4,0.3881,0.0296,0.1186,LOW_FREQ_AUDIT_ONLY,NO,Chinese Lexical Database v2.1
壬,ren2,2,0.3881,0.0296,0.1186,LOW_FREQ_AUDIT_ONLY,NO,Chinese Lexical Database v2.1
巳,si4,4,0.3881,0.0296,0.1186,LOW_FREQ_AUDIT_ONLY,NO,Chinese Lexical Database v2.1
洼,wa1,1,0.3881,0.0296,0.1186,LOW_FREQ_AUDIT_ONLY,NO,Chinese Lexical Database v2.1
耙,pa2,2,0.3881,0.0296,0.1186,LOW_FREQ_AUDIT_ONLY,NO,Chinese Lexical Database v2.1
邑,yi4,4,0.3881,0.0296,0.1186,LOW_FREQ_AUDIT_ONLY,NO,Chinese Lexical Database v2.1
哐,kuang1,1,0.3582,0.0296,0.1112,LOW_FREQ_AUDIT_ONLY,NO,Chinese Lexical Database v2.1
鄙,bi3,3,0.3582,0.0296,0.1112,LOW_FREQ_AUDIT_ONLY,NO,Chinese Lexical Database v2.1
鸦,ya1,1,0.3582,0.0296,0.1112,LOW_FREQ_AUDIT_ONLY,NO,Chinese Lexical Database v2.1
疱,pao4,4,0.3284,0.0296,0.1038,LOW_FREQ_AUDIT_ONLY,NO,Chinese Lexical Database v2.1
襟,jin1,1,0.3284,0.0296,0.1038,LOW_FREQ_AUDIT_ONLY,NO,Chinese Lexical Database v2.1
铪,ha1,1,0.3284,0.0296,0.1038,LOW_FREQ_AUDIT_ONLY,NO,Chinese Lexical Database v2.1
诠,quan2,2,0.2985,0.0296,0.0964,LOW_FREQ_AUDIT_ONLY,NO,Chinese Lexical Database v2.1
靥,ye4,4,0.2985,0.0296,0.0964,LOW_FREQ_AUDIT_ONLY,NO,Chinese Lexical Database v2.1
诀,jue2,2,0.2388,0.0296,0.0815,LOW_FREQ_AUDIT_ONLY,NO,Chinese Lexical Database v2.1
诡,gui3,3,0.2388,0.0296,0.0815,LOW_FREQ_AUDIT_ONLY,NO,Chinese Lexical Database v2.1
沽,gu1,1,0.209,0.0296,0.0741,LOW_FREQ_AUDIT_ONLY,NO,Chinese Lexical Database v2.1
滞,zhi4,4,0.209,0.0296,0.0741,LOW_FREQ_AUDIT_ONLY,NO,Chinese Lexical Database v2.1
硌,ge4,4,0.209,0.0296,0.0741,LOW_FREQ_AUDIT_ONLY,NO,Chinese Lexical Database v2.1
劵,juan4,4,0.1791,0.0296,0.0667,LOW_FREQ_AUDIT_ONLY,NO,Chinese Lexical Database v2.1
噔,deng1,1,0.1791,0.0296,0.0667,LOW_FREQ_AUDIT_ONLY,NO,Chinese Lexical Database v2.1
括,kuo4,4,0.1791,0.0296,0.0667,LOW_FREQ_AUDIT_ONLY,NO,Chinese Lexical Database v2.1
歹,dai3,3,0.1791,0.0296,0.0667,LOW_FREQ_AUDIT_ONLY,NO,Chinese Lexical Database v2.1
怵,chu4,4,0.1493,0.0296,0.0593,LOW_FREQ_AUDIT_ONLY,NO,Chinese Lexical Database v2.1
愧,kui4,4,0.1493,0.0296,0.0593,LOW_FREQ_AUDIT_ONLY,NO,Chinese Lexical Database v2.1
衡,heng2,2,0.1493,0.0296,0.0593,LOW_FREQ_AUDIT_ONLY,NO,Chinese Lexical Database v2.1
昴,mao3,3,0.1194,0.0296,0.0519,LOW_FREQ_AUDIT_ONLY,NO,Chinese Lexical Database v2.1
殷,yin3,3,0.1194,0.0296,0.0519,LOW_FREQ_AUDIT_ONLY,NO,Chinese Lexical Database v2.1
沁,qin4,4,0.1194,0.0296,0.0519,LOW_FREQ_AUDIT_ONLY,NO,Chinese Lexical Database v2.1
瓤,rang2,2,0.1194,0.0296,0.0519,LOW_FREQ_AUDIT_ONLY,NO,Chinese Lexical Database v2.1
讹,e2,2,0.1194,0.0296,0.0519,LOW_FREQ_AUDIT_ONLY,NO,Chinese Lexical Database v2.1
鱿,you2,2,0.1194,0.0296,0.0519,LOW_FREQ_AUDIT_ONLY,NO,Chinese Lexical Database v2.1
俭,jian3,3,0.0896,0.0296,0.0445,LOW_FREQ_AUDIT_ONLY,NO,Chinese Lexical Database v2.1
弛,chi2,2,0.0896,0.0296,0.0445,LOW_FREQ_AUDIT_ONLY,NO,Chinese Lexical Database v2.1
遐,xia2,2,0.0896,0.0296,0.0445,LOW_FREQ_AUDIT_ONLY,NO,Chinese Lexical Database v2.1
骥,ji4,4,0.0896,0.0296,0.0445,LOW_FREQ_AUDIT_ONLY,NO,Chinese Lexical Database v2.1
咨,zi1,1,0.0597,0.0296,0.0371,LOW_FREQ_AUDIT_ONLY,NO,Chinese Lexical Database v2.1
唻,lai4,4,0.0597,0.0296,0.0371,LOW_FREQ_AUDIT_ONLY,NO,Chinese Lexical Database v2.1
嚄,huo1,1,0.0597,0.0296,0.0371,LOW_FREQ_AUDIT_ONLY,NO,Chinese Lexical Database v2.1
寅,yin2,2,0.0597,0.0296,0.0371,LOW_FREQ_AUDIT_ONLY,NO,Chinese Lexical Database v2.1
椿,chun1,1,0.0597,0.0296,0.0371,LOW_FREQ_AUDIT_ONLY,NO,Chinese Lexical Database v2.1
湛,zhan4,4,0.0597,0.0296,0.0371,LOW_FREQ_AUDIT_ONLY,NO,Chinese Lexical Database v2.1
煌,huang2,2,0.0597,0.0296,0.0371,LOW_FREQ_AUDIT_ONLY,NO,Chinese Lexical Database v2.1
翎,ling2,2,0.0597,0.0296,0.0371,LOW_FREQ_AUDIT_ONLY,NO,Chinese Lexical Database v2.1
腋,ye4,4,0.0597,0.0296,0.0371,LOW_FREQ_AUDIT_ONLY,NO,Chinese Lexical Database v2.1
腚,ding4,4,0.0597,0.0296,0.0371,LOW_FREQ_AUDIT_ONLY,NO,Chinese Lexical Database v2.1
菱,ling2,2,0.0597,0.0296,0.0371,LOW_FREQ_AUDIT_ONLY,NO,Chinese Lexical Database v2.1
骶,di3,3,0.0597,0.0296,0.0371,LOW_FREQ_AUDIT_ONLY,NO,Chinese Lexical Database v2.1
佗,tuo2,2,0.0299,0.0296,0.0297,LOW_FREQ_AUDIT_ONLY,NO,Chinese Lexical Database v2.1
嗟,jie1,1,0.0299,0.0296,0.0297,LOW_FREQ_AUDIT_ONLY,NO,Chinese Lexical Database v2.1
噱,xue2,2,0.0299,0.0296,0.0297,LOW_FREQ_AUDIT_ONLY,NO,Chinese Lexical Database v2.1
埸,yi4,4,0.0299,0.0296,0.0297,LOW_FREQ_AUDIT_ONLY,NO,Chinese Lexical Database v2.1
暧,ai4,4,0.0299,0.0296,0.0297,LOW_FREQ_AUDIT_ONLY,NO,Chinese Lexical Database v2.1
琛,chen1,1,0.0299,0.0296,0.0297,LOW_FREQ_AUDIT_ONLY,NO,Chinese Lexical Database v2.1
筷,kuai4,4,0.0299,0.0296,0.0297,LOW_FREQ_AUDIT_ONLY,NO,Chinese Lexical Database v2.1
钕,nv3,3,0.0299,0.0296,0.0297,LOW_FREQ_AUDIT_ONLY,NO,Chinese Lexical Database v2.1
陋,lou4,4,0.0299,0.0296,0.0297,LOW_FREQ_AUDIT_ONLY,NO,Chinese Lexical Database v2.1
弥,mi2,2,8.4478,0.0197,2.1127,LOW_FREQ_AUDIT_ONLY,NO,Chinese Lexical Database v2.1
狄,di2,2,7.3433,0.0197,1.8384,LOW_FREQ_AUDIT_ONLY,NO,Chinese Lexical Database v2.1
鲨,sha1,1,6.3881,0.0197,1.6012,LOW_FREQ_AUDIT_ONLY,NO,Chinese Lexical Database v2.1
瘤,liu2,2,6.1194,0.0197,1.5345,LOW_FREQ_AUDIT_ONLY,NO,Chinese Lexical Database v2.1
悍,han4,4,5.6716,0.0197,1.4233,LOW_FREQ_AUDIT_ONLY,NO,Chinese Lexical Database v2.1
膛,tang2,2,5.5224,0.0197,1.3862,LOW_FREQ_AUDIT_ONLY,NO,Chinese Lexical Database v2.1
拴,shuan1,1,5.4925,0.0197,1.3788,LOW_FREQ_AUDIT_ONLY,NO,Chinese Lexical Database v2.1
迹,ji4,4,4.7761,0.0197,1.2009,LOW_FREQ_AUDIT_ONLY,NO,Chinese Lexical Database v2.1
磁,ci2,2,3.9403,0.0197,0.9933,LOW_FREQ_AUDIT_ONLY,NO,Chinese Lexical Database v2.1
匠,jiang4,4,3.5224,0.0197,0.8895,LOW_FREQ_AUDIT_ONLY,NO,Chinese Lexical Database v2.1
络,luo4,4,3.3433,0.0197,0.8451,LOW_FREQ_AUDIT_ONLY,NO,Chinese Lexical Database v2.1
梭,suo1,1,3.2836,0.0197,0.8302,LOW_FREQ_AUDIT_ONLY,NO,Chinese Lexical Database v2.1
苯,ben3,3,3.194,0.0197,0.808,LOW_FREQ_AUDIT_ONLY,NO,Chinese Lexical Database v2.1
毯,tan3,3,3.1642,0.0197,0.8006,LOW_FREQ_AUDIT_ONLY,NO,Chinese Lexical Database v2.1
玻,bo1,1,3.1343,0.0197,0.7932,LOW_FREQ_AUDIT_ONLY,NO,Chinese Lexical Database v2.1
熨,yun4,4,3.0448,0.0197,0.7709,LOW_FREQ_AUDIT_ONLY,NO,Chinese Lexical Database v2.1
酶,mei2,2,2.9552,0.0197,0.7487,LOW_FREQ_AUDIT_ONLY,NO,Chinese Lexical Database v2.1
焊,han4,4,2.6567,0.0197,0.6746,LOW_FREQ_AUDIT_ONLY,NO,Chinese Lexical Database v2.1
靶,ba3,3,2.6567,0.0197,0.6746,LOW_FREQ_AUDIT_ONLY,NO,Chinese Lexical Database v2.1
盹,dun3,3,2.5373,0.0197,0.6449,LOW_FREQ_AUDIT_ONLY,NO,Chinese Lexical Database v2.1
蹄,ti2,2,2.4179,0.0197,0.6153,LOW_FREQ_AUDIT_ONLY,NO,Chinese Lexical Database v2.1
茉,mo4,4,2.209,0.0197,0.5634,LOW_FREQ_AUDIT_ONLY,NO,Chinese Lexical Database v2.1
锈,xiu4,4,2.0597,0.0197,0.5263,LOW_FREQ_AUDIT_ONLY,NO,Chinese Lexical Database v2.1
域,yu4,4,2.0299,0.0197,0.5189,LOW_FREQ_AUDIT_ONLY,NO,Chinese Lexical Database v2.1
菩,pu2,2,2.0,0.0197,0.5115,LOW_FREQ_AUDIT_ONLY,NO,Chinese Lexical Database v2.1
貂,diao1,1,1.9701,0.0197,0.5041,LOW_FREQ_AUDIT_ONLY,NO,Chinese Lexical Database v2.1
躬,gong1,1,1.9104,0.0197,0.4893,LOW_FREQ_AUDIT_ONLY,NO,Chinese Lexical Database v2.1
庇,bi4,4,1.8507,0.0197,0.4744,LOW_FREQ_AUDIT_ONLY,NO,Chinese Lexical Database v2.1
闺,gui1,1,1.791,0.0197,0.4596,LOW_FREQ_AUDIT_ONLY,NO,Chinese Lexical Database v2.1
藩,fan1,1,1.7612,0.0197,0.4522,LOW_FREQ_AUDIT_ONLY,NO,Chinese Lexical Database v2.1
蝇,ying2,2,1.7313,0.0197,0.4448,LOW_FREQ_AUDIT_ONLY,NO,Chinese Lexical Database v2.1
轧,zha2,2,1.7015,0.0197,0.4374,LOW_FREQ_AUDIT_ONLY,NO,Chinese Lexical Database v2.1
剌,la2,2,1.6418,0.0197,0.4225,LOW_FREQ_AUDIT_ONLY,NO,Chinese Lexical Database v2.1
凿,zuo4,4,1.6119,0.0197,0.4151,LOW_FREQ_AUDIT_ONLY,NO,Chinese Lexical Database v2.1
氟,fu2,2,1.6119,0.0197,0.4151,LOW_FREQ_AUDIT_ONLY,NO,Chinese Lexical Database v2.1
啄,zhuo2,2,1.4925,0.0197,0.3855,LOW_FREQ_AUDIT_ONLY,NO,Chinese Lexical Database v2.1
苛,ke1,1,1.4627,0.0197,0.3781,LOW_FREQ_AUDIT_ONLY,NO,Chinese Lexical Database v2.1
偕,xie2,2,1.403,0.0197,0.3632,LOW_FREQ_AUDIT_ONLY,NO,Chinese Lexical Database v2.1
叛,pan4,4,1.403,0.0197,0.3632,LOW_FREQ_AUDIT_ONLY,NO,Chinese Lexical Database v2.1
殉,xun4,4,1.403,0.0197,0.3632,LOW_FREQ_AUDIT_ONLY,NO,Chinese Lexical Database v2.1
乞,qi3,3,1.2836,0.0197,0.3336,LOW_FREQ_AUDIT_ONLY,NO,Chinese Lexical Database v2.1
漱,shu4,4,1.2836,0.0197,0.3336,LOW_FREQ_AUDIT_ONLY,NO,Chinese Lexical Database v2.1
遣,qian3,3,1.2836,0.0197,0.3336,LOW_FREQ_AUDIT_ONLY,NO,Chinese Lexical Database v2.1
矢,shi3,3,1.2537,0.0197,0.3262,LOW_FREQ_AUDIT_ONLY,NO,Chinese Lexical Database v2.1
唾,tuo4,4,1.1642,0.0197,0.3039,LOW_FREQ_AUDIT_ONLY,NO,Chinese Lexical Database v2.1
橱,chu2,2,1.1642,0.0197,0.3039,LOW_FREQ_AUDIT_ONLY,NO,Chinese Lexical Database v2.1
鞠,ju1,1,1.1045,0.0197,0.2891,LOW_FREQ_AUDIT_ONLY,NO,Chinese Lexical Database v2.1
屄,bi1,1,1.0746,0.0197,0.2817,LOW_FREQ_AUDIT_ONLY,NO,Chinese Lexical Database v2.1
烁,shuo4,4,1.0746,0.0197,0.2817,LOW_FREQ_AUDIT_ONLY,NO,Chinese Lexical Database v2.1
彰,zhang1,1,1.0448,0.0197,0.2743,LOW_FREQ_AUDIT_ONLY,NO,Chinese Lexical Database v2.1
镭,lei2,2,1.0448,0.0197,0.2743,LOW_FREQ_AUDIT_ONLY,NO,Chinese Lexical Database v2.1
悯,min3,3,1.0149,0.0197,0.2669,LOW_FREQ_AUDIT_ONLY,NO,Chinese Lexical Database v2.1
迅,xun4,4,1.0149,0.0197,0.2669,LOW_FREQ_AUDIT_ONLY,NO,Chinese Lexical Database v2.1
陵,ling2,2,0.9851,0.0197,0.2595,LOW_FREQ_AUDIT_ONLY,NO,Chinese Lexical Database v2.1
勘,kan1,1,0.9552,0.0197,0.252,LOW_FREQ_AUDIT_ONLY,NO,Chinese Lexical Database v2.1
杵,chu3,3,0.9552,0.0197,0.252,LOW_FREQ_AUDIT_ONLY,NO,Chinese Lexical Database v2.1
肽,tai4,4,0.9552,0.0197,0.252,LOW_FREQ_AUDIT_ONLY,NO,Chinese Lexical Database v2.1
铂,bo2,2,0.9552,0.0197,0.252,LOW_FREQ_AUDIT_ONLY,NO,Chinese Lexical Database v2.1
惩,cheng2,2,0.9254,0.0197,0.2446,LOW_FREQ_AUDIT_ONLY,NO,Chinese Lexical Database v2.1
脐,qi2,2,0.8955,0.0197,0.2372,LOW_FREQ_AUDIT_ONLY,NO,Chinese Lexical Database v2.1
橇,qiao1,1,0.8657,0.0197,0.2298,LOW_FREQ_AUDIT_ONLY,NO,Chinese Lexical Database v2.1
蚌,bang4,4,0.8657,0.0197,0.2298,LOW_FREQ_AUDIT_ONLY,NO,Chinese Lexical Database v2.1
隙,xi4,4,0.8657,0.0197,0.2298,LOW_FREQ_AUDIT_ONLY,NO,Chinese Lexical Database v2.1
掖,ye4,4,0.8358,0.0197,0.2224,LOW_FREQ_AUDIT_ONLY,NO,Chinese Lexical Database v2.1
绅,shen1,1,0.8358,0.0197,0.2224,LOW_FREQ_AUDIT_ONLY,NO,Chinese Lexical Database v2.1
嗣,si4,4,0.806,0.0197,0.215,LOW_FREQ_AUDIT_ONLY,NO,Chinese Lexical Database v2.1
嘲,chao2,2,0.806,0.0197,0.215,LOW_FREQ_AUDIT_ONLY,NO,Chinese Lexical Database v2.1
崇,chong2,2,0.7761,0.0197,0.2076,LOW_FREQ_AUDIT_ONLY,NO,Chinese Lexical Database v2.1
烩,hui4,4,0.7164,0.0197,0.1927,LOW_FREQ_AUDIT_ONLY,NO,Chinese Lexical Database v2.1
犁,li2,2,0.7164,0.0197,0.1927,LOW_FREQ_AUDIT_ONLY,NO,Chinese Lexical Database v2.1
纷,fen1,1,0.7164,0.0197,0.1927,LOW_FREQ_AUDIT_ONLY,NO,Chinese Lexical Database v2.1
茎,jing1,1,0.7164,0.0197,0.1927,LOW_FREQ_AUDIT_ONLY,NO,Chinese Lexical Database v2.1
辙,zhe2,2,0.7164,0.0197,0.1927,LOW_FREQ_AUDIT_ONLY,NO,Chinese Lexical Database v2.1
讽,feng3,3,0.6567,0.0197,0.1779,LOW_FREQ_AUDIT_ONLY,NO,Chinese Lexical Database v2.1
椎,zhui1,1,0.6269,0.0197,0.1705,LOW_FREQ_AUDIT_ONLY,NO,Chinese Lexical Database v2.1
颚,e4,4,0.6269,0.0197,0.1705,LOW_FREQ_AUDIT_ONLY,NO,Chinese Lexical Database v2.1
匝,za1,1,0.597,0.0197,0.1631,LOW_FREQ_AUDIT_ONLY,NO,Chinese Lexical Database v2.1
楔,xie1,1,0.597,0.0197,0.1631,LOW_FREQ_AUDIT_ONLY,NO,Chinese Lexical Database v2.1
楸,qiu1,1,0.597,0.0197,0.1631,LOW_FREQ_AUDIT_ONLY,NO,Chinese Lexical Database v2.1
芋,yu4,4,0.597,0.0197,0.1631,LOW_FREQ_AUDIT_ONLY,NO,Chinese Lexical Database v2.1
泌,bi4,4,0.5672,0.0197,0.1557,LOW_FREQ_AUDIT_ONLY,NO,Chinese Lexical Database v2.1
烛,zhu2,2,0.5672,0.0197,0.1557,LOW_FREQ_AUDIT_ONLY,NO,Chinese Lexical Database v2.1
婊,biao3,3,0.5373,0.0197,0.1483,LOW_FREQ_AUDIT_ONLY,NO,Chinese Lexical Database v2.1
栈,zhan4,4,0.5075,0.0197,0.1408,LOW_FREQ_AUDIT_ONLY,NO,Chinese Lexical Database v2.1
励,li4,4,0.4776,0.0197,0.1334,LOW_FREQ_AUDIT_ONLY,NO,Chinese Lexical Database v2.1
匀,yun2,2,0.4776,0.0197,0.1334,LOW_FREQ_AUDIT_ONLY,NO,Chinese Lexical Database v2.1
吏,li4,4,0.4776,0.0197,0.1334,LOW_FREQ_AUDIT_ONLY,NO,Chinese Lexical Database v2.1
洽,qia4,4,0.4776,0.0197,0.1334,LOW_FREQ_AUDIT_ONLY,NO,Chinese Lexical Database v2.1
焕,huan4,4,0.4776,0.0197,0.1334,LOW_FREQ_AUDIT_ONLY,NO,Chinese Lexical Database v2.1
鼾,han1,1,0.4776,0.0197,0.1334,LOW_FREQ_AUDIT_ONLY,NO,Chinese Lexical Database v2.1
咎,jiu4,4,0.4478,0.0197,0.126,LOW_FREQ_AUDIT_ONLY,NO,Chinese Lexical Database v2.1
汶,wen4,4,0.4478,0.0197,0.126,LOW_FREQ_AUDIT_ONLY,NO,Chinese Lexical Database v2.1
渺,miao3,3,0.4478,0.0197,0.126,LOW_FREQ_AUDIT_ONLY,NO,Chinese Lexical Database v2.1
眷,juan4,4,0.4478,0.0197,0.126,LOW_FREQ_AUDIT_ONLY,NO,Chinese Lexical Database v2.1
碴,cha2,2,0.4478,0.0197,0.126,LOW_FREQ_AUDIT_ONLY,NO,Chinese Lexical Database v2.1
芦,lu2,2,0.4478,0.0197,0.126,LOW_FREQ_AUDIT_ONLY,NO,Chinese Lexical Database v2.1
喋,die2,2,0.4179,0.0197,0.1186,LOW_FREQ_AUDIT_ONLY,NO,Chinese Lexical Database v2.1
榻,ta4,4,0.4179,0.0197,0.1186,LOW_FREQ_AUDIT_ONLY,NO,Chinese Lexical Database v2.1
璜,huang2,2,0.4179,0.0197,0.1186,LOW_FREQ_AUDIT_ONLY,NO,Chinese Lexical Database v2.1
纬,wei3,3,0.4179,0.0197,0.1186,LOW_FREQ_AUDIT_ONLY,NO,Chinese Lexical Database v2.1
纺,fang3,3,0.4179,0.0197,0.1186,LOW_FREQ_AUDIT_ONLY,NO,Chinese Lexical Database v2.1
噌,ceng1,1,0.3881,0.0197,0.1112,LOW_FREQ_AUDIT_ONLY,NO,Chinese Lexical Database v2.1
彷,fang3,3,0.3881,0.0197,0.1112,LOW_FREQ_AUDIT_ONLY,NO,Chinese Lexical Database v2.1
棘,ji2,2,0.3881,0.0197,0.1112,LOW_FREQ_AUDIT_ONLY,NO,Chinese Lexical Database v2.1
祗,zhi1,1,0.3881,0.0197,0.1112,LOW_FREQ_AUDIT_ONLY,NO,Chinese Lexical Database v2.1
笃,du3,3,0.3881,0.0197,0.1112,LOW_FREQ_AUDIT_ONLY,NO,Chinese Lexical Database v2.1
豺,chai2,2,0.3881,0.0197,0.1112,LOW_FREQ_AUDIT_ONLY,NO,Chinese Lexical Database v2.1
驹,ju1,1,0.3881,0.0197,0.1112,LOW_FREQ_AUDIT_ONLY,NO,Chinese Lexical Database v2.1
履,lv3,3,0.3582,0.0197,0.1038,LOW_FREQ_AUDIT_ONLY,NO,Chinese Lexical Database v2.1
抻,chen1,1,0.3582,0.0197,0.1038,LOW_FREQ_AUDIT_ONLY,NO,Chinese Lexical Database v2.1
瘟,wen1,1,0.3582,0.0197,0.1038,LOW_FREQ_AUDIT_ONLY,NO,Chinese Lexical Database v2.1
荧,ying2,2,0.3582,0.0197,0.1038,LOW_FREQ_AUDIT_ONLY,NO,Chinese Lexical Database v2.1
骆,luo4,4,0.3582,0.0197,0.1038,LOW_FREQ_AUDIT_ONLY,NO,Chinese Lexical Database v2.1
叱,chi4,4,0.3284,0.0197,0.0964,LOW_FREQ_AUDIT_ONLY,NO,Chinese Lexical Database v2.1
昱,yu4,4,0.3284,0.0197,0.0964,LOW_FREQ_AUDIT_ONLY,NO,Chinese Lexical Database v2.1
蛹,yong3,3,0.3284,0.0197,0.0964,LOW_FREQ_AUDIT_ONLY,NO,Chinese Lexical Database v2.1
锻,duan4,4,0.3284,0.0197,0.0964,LOW_FREQ_AUDIT_ONLY,NO,Chinese Lexical Database v2.1
眶,kuang4,4,0.2985,0.0197,0.089,LOW_FREQ_AUDIT_ONLY,NO,Chinese Lexical Database v2.1
矬,cuo2,2,0.2985,0.0197,0.089,LOW_FREQ_AUDIT_ONLY,NO,Chinese Lexical Database v2.1
驭,yu4,4,0.2985,0.0197,0.089,LOW_FREQ_AUDIT_ONLY,NO,Chinese Lexical Database v2.1
汰,tai4,4,0.2687,0.0197,0.0815,LOW_FREQ_AUDIT_ONLY,NO,Chinese Lexical Database v2.1
烹,peng1,1,0.2687,0.0197,0.0815,LOW_FREQ_AUDIT_ONLY,NO,Chinese Lexical Database v2.1
穹,qiong2,2,0.2687,0.0197,0.0815,LOW_FREQ_AUDIT_ONLY,NO,Chinese Lexical Database v2.1
荼,tu2,2,0.2687,0.0197,0.0815,LOW_FREQ_AUDIT_ONLY,NO,Chinese Lexical Database v2.1
蟒,mang3,3,0.2687,0.0197,0.0815,LOW_FREQ_AUDIT_ONLY,NO,Chinese Lexical Database v2.1
踱,duo2,2,0.2687,0.0197,0.0815,LOW_FREQ_AUDIT_ONLY,NO,Chinese Lexical Database v2.1
锹,qiao1,1,0.2687,0.0197,0.0815,LOW_FREQ_AUDIT_ONLY,NO,Chinese Lexical Database v2.1
鸥,ou1,1,0.2687,0.0197,0.0815,LOW_FREQ_AUDIT_ONLY,NO,Chinese Lexical Database v2.1
亘,gen4,4,0.2388,0.0197,0.0741,LOW_FREQ_AUDIT_ONLY,NO,Chinese Lexical Database v2.1
檀,tan2,2,0.2388,0.0197,0.0741,LOW_FREQ_AUDIT_ONLY,NO,Chinese Lexical Database v2.1
氚,chuan1,1,0.2388,0.0197,0.0741,LOW_FREQ_AUDIT_ONLY,NO,Chinese Lexical Database v2.1
荟,hui4,4,0.2388,0.0197,0.0741,LOW_FREQ_AUDIT_ONLY,NO,Chinese Lexical Database v2.1
饕,tao1,1,0.2388,0.0197,0.0741,LOW_FREQ_AUDIT_ONLY,NO,Chinese Lexical Database v2.1
嗓,sang3,3,0.209,0.0197,0.0667,LOW_FREQ_AUDIT_ONLY,NO,Chinese Lexical Database v2.1
垃,la1,1,0.209,0.0197,0.0667,LOW_FREQ_AUDIT_ONLY,NO,Chinese Lexical Database v2.1
诓,kuang1,1,0.209,0.0197,0.0667,LOW_FREQ_AUDIT_ONLY,NO,Chinese Lexical Database v2.1
骐,qi2,2,0.209,0.0197,0.0667,LOW_FREQ_AUDIT_ONLY,NO,Chinese Lexical Database v2.1
垦,ken3,3,0.1791,0.0197,0.0593,LOW_FREQ_AUDIT_ONLY,NO,Chinese Lexical Database v2.1
堑,qian4,4,0.1791,0.0197,0.0593,LOW_FREQ_AUDIT_ONLY,NO,Chinese Lexical Database v2.1
寓,yu4,4,0.1791,0.0197,0.0593,LOW_FREQ_AUDIT_ONLY,NO,Chinese Lexical Database v2.1
徳,de2,2,0.1791,0.0197,0.0593,LOW_FREQ_AUDIT_ONLY,NO,Chinese Lexical Database v2.1
枢,shu1,1,0.1791,0.0197,0.0593,LOW_FREQ_AUDIT_ONLY,NO,Chinese Lexical Database v2.1
氛,fen1,1,0.1791,0.0197,0.0593,LOW_FREQ_AUDIT_ONLY,NO,Chinese Lexical Database v2.1
澄,cheng2,2,0.1791,0.0197,0.0593,LOW_FREQ_AUDIT_ONLY,NO,Chinese Lexical Database v2.1
综,zong1,1,0.1791,0.0197,0.0593,LOW_FREQ_AUDIT_ONLY,NO,Chinese Lexical Database v2.1
芜,wu2,2,0.1791,0.0197,0.0593,LOW_FREQ_AUDIT_ONLY,NO,Chinese Lexical Database v2.1
俚,li3,3,0.1493,0.0197,0.0519,LOW_FREQ_AUDIT_ONLY,NO,Chinese Lexical Database v2.1
屉,ti4,4,0.1493,0.0197,0.0519,LOW_FREQ_AUDIT_ONLY,NO,Chinese Lexical Database v2.1
恺,kai3,3,0.1493,0.0197,0.0519,LOW_FREQ_AUDIT_ONLY,NO,Chinese Lexical Database v2.1
浣,huan4,4,0.1493,0.0197,0.0519,LOW_FREQ_AUDIT_ONLY,NO,Chinese Lexical Database v2.1
痔,zhi4,4,0.1493,0.0197,0.0519,LOW_FREQ_AUDIT_ONLY,NO,Chinese Lexical Database v2.1
祠,ci2,2,0.1493,0.0197,0.0519,LOW_FREQ_AUDIT_ONLY,NO,Chinese Lexical Database v2.1
粹,cui4,4,0.1493,0.0197,0.0519,LOW_FREQ_AUDIT_ONLY,NO,Chinese Lexical Database v2.1
轿,jiao4,4,0.1493,0.0197,0.0519,LOW_FREQ_AUDIT_ONLY,NO,Chinese Lexical Database v2.1
凋,diao1,1,0.1194,0.0197,0.0445,LOW_FREQ_AUDIT_ONLY,NO,Chinese Lexical Database v2.1
厥,jue2,2,0.1194,0.0197,0.0445,LOW_FREQ_AUDIT_ONLY,NO,Chinese Lexical Database v2.1
坯,pi1,1,0.1194,0.0197,0.0445,LOW_FREQ_AUDIT_ONLY,NO,Chinese Lexical Database v2.1
挛,luan2,2,0.1194,0.0197,0.0445,LOW_FREQ_AUDIT_ONLY,NO,Chinese Lexical Database v2.1
攘,rang3,3,0.1194,0.0197,0.0445,LOW_FREQ_AUDIT_ONLY,NO,Chinese Lexical Database v2.1
桀,jie2,2,0.1194,0.0197,0.0445,LOW_FREQ_AUDIT_ONLY,NO,Chinese Lexical Database v2.1
诽,fei3,3,0.1194,0.0197,0.0445,LOW_FREQ_AUDIT_ONLY,NO,Chinese Lexical Database v2.1
辐,fu2,2,0.1194,0.0197,0.0445,LOW_FREQ_AUDIT_ONLY,NO,Chinese Lexical Database v2.1
铱,yi1,1,0.1194,0.0197,0.0445,LOW_FREQ_AUDIT_ONLY,NO,Chinese Lexical Database v2.1
锗,zhe3,3,0.1194,0.0197,0.0445,LOW_FREQ_AUDIT_ONLY,NO,Chinese Lexical Database v2.1
镬,huo4,4,0.1194,0.0197,0.0445,LOW_FREQ_AUDIT_ONLY,NO,Chinese Lexical Database v2.1
匆,cong1,1,0.0896,0.0197,0.0371,LOW_FREQ_AUDIT_ONLY,NO,Chinese Lexical Database v2.1
奚,xi1,1,0.0896,0.0197,0.0371,LOW_FREQ_AUDIT_ONLY,NO,Chinese Lexical Database v2.1
姝,shu1,1,0.0896,0.0197,0.0371,LOW_FREQ_AUDIT_ONLY,NO,Chinese Lexical Database v2.1
庵,an1,1,0.0896,0.0197,0.0371,LOW_FREQ_AUDIT_ONLY,NO,Chinese Lexical Database v2.1
捍,han4,4,0.0896,0.0197,0.0371,LOW_FREQ_AUDIT_ONLY,NO,Chinese Lexical Database v2.1
梓,zi3,3,0.0896,0.0197,0.0371,LOW_FREQ_AUDIT_ONLY,NO,Chinese Lexical Database v2.1
泠,ling2,2,0.0896,0.0197,0.0371,LOW_FREQ_AUDIT_ONLY,NO,Chinese Lexical Database v2.1
琢,zuo2,2,0.0896,0.0197,0.0371,LOW_FREQ_AUDIT_ONLY,NO,Chinese Lexical Database v2.1
癞,lai4,4,0.0896,0.0197,0.0371,LOW_FREQ_AUDIT_ONLY,NO,Chinese Lexical Database v2.1
荻,di2,2,0.0896,0.0197,0.0371,LOW_FREQ_AUDIT_ONLY,NO,Chinese Lexical Database v2.1
蚶,han1,1,0.0896,0.0197,0.0371,LOW_FREQ_AUDIT_ONLY,NO,Chinese Lexical Database v2.1
镗,tang2,2,0.0896,0.0197,0.0371,LOW_FREQ_AUDIT_ONLY,NO,Chinese Lexical Database v2.1
呡,min3,3,0.0597,0.0197,0.0297,LOW_FREQ_AUDIT_ONLY,NO,Chinese Lexical Database v2.1
媳,xi2,2,0.0597,0.0197,0.0297,LOW_FREQ_AUDIT_ONLY,NO,Chinese Lexical Database v2.1
嬷,mo1,1,0.0597,0.0197,0.0297,LOW_FREQ_AUDIT_ONLY,NO,Chinese Lexical Database v2.1
峙,zhi4,4,0.0597,0.0197,0.0297,LOW_FREQ_AUDIT_ONLY,NO,Chinese Lexical Database v2.1
峨,e2,2,0.0597,0.0197,0.0297,LOW_FREQ_AUDIT_ONLY,NO,Chinese Lexical Database v2.1
峭,qiao4,4,0.0597,0.0197,0.0297,LOW_FREQ_AUDIT_ONLY,NO,Chinese Lexical Database v2.1
淀,dian4,4,0.0597,0.0197,0.0297,LOW_FREQ_AUDIT_ONLY,NO,Chinese Lexical Database v2.1
瞿,qu2,2,0.0597,0.0197,0.0297,LOW_FREQ_AUDIT_ONLY,NO,Chinese Lexical Database v2.1
秆,gan3,3,0.0597,0.0197,0.0297,LOW_FREQ_AUDIT_ONLY,NO,Chinese Lexical Database v2.1
秧,yang1,1,0.0597,0.0197,0.0297,LOW_FREQ_AUDIT_ONLY,NO,Chinese Lexical Database v2.1
稚,zhi4,4,0.0597,0.0197,0.0297,LOW_FREQ_AUDIT_ONLY,NO,Chinese Lexical Database v2.1
笞,chi1,1,0.0597,0.0197,0.0297,LOW_FREQ_AUDIT_ONLY,NO,Chinese Lexical Database v2.1
翩,pian1,1,0.0597,0.0197,0.0297,LOW_FREQ_AUDIT_ONLY,NO,Chinese Lexical Database v2.1
蜘,zhi1,1,0.0597,0.0197,0.0297,LOW_FREQ_AUDIT_ONLY,NO,Chinese Lexical Database v2.1
隽,juan4,4,0.0597,0.0197,0.0297,LOW_FREQ_AUDIT_ONLY,NO,Chinese Lexical Database v2.1
倏,shu1,1,0.0299,0.0197,0.0222,LOW_FREQ_AUDIT_ONLY,NO,Chinese Lexical Database v2.1
呶,nao2,2,0.0299,0.0197,0.0222,LOW_FREQ_AUDIT_ONLY,NO,Chinese Lexical Database v2.1
唵,an3,3,0.0299,0.0197,0.0222,LOW_FREQ_AUDIT_ONLY,NO,Chinese Lexical Database v2.1
嗔,chen1,1,0.0299,0.0197,0.0222,LOW_FREQ_AUDIT_ONLY,NO,Chinese Lexical Database v2.1
増,zeng1,1,0.0299,0.0197,0.0222,LOW_FREQ_AUDIT_ONLY,NO,Chinese Lexical Database v2.1
悴,cui4,4,0.0299,0.0197,0.0222,LOW_FREQ_AUDIT_ONLY,NO,Chinese Lexical Database v2.1
扦,qian1,1,0.0299,0.0197,0.0222,LOW_FREQ_AUDIT_ONLY,NO,Chinese Lexical Database v2.1
抺,mei4,4,0.0299,0.0197,0.0222,LOW_FREQ_AUDIT_ONLY,NO,Chinese Lexical Database v2.1
晌,shang3,3,0.0299,0.0197,0.0222,LOW_FREQ_AUDIT_ONLY,NO,Chinese Lexical Database v2.1
柺,guai3,3,0.0299,0.0197,0.0222,LOW_FREQ_AUDIT_ONLY,NO,Chinese Lexical Database v2.1
涓,juan1,1,0.0299,0.0197,0.0222,LOW_FREQ_AUDIT_ONLY,NO,Chinese Lexical Database v2.1
涝,lao4,4,0.0299,0.0197,0.0222,LOW_FREQ_AUDIT_ONLY,NO,Chinese Lexical Database v2.1
淮,huai2,2,0.0299,0.0197,0.0222,LOW_FREQ_AUDIT_ONLY,NO,Chinese Lexical Database v2.1
牺,xi1,1,0.0299,0.0197,0.0222,LOW_FREQ_AUDIT_ONLY,NO,Chinese Lexical Database v2.1
狒,fei4,4,0.0299,0.0197,0.0222,LOW_FREQ_AUDIT_ONLY,NO,Chinese Lexical Database v2.1
甬,yong3,3,0.0299,0.0197,0.0222,LOW_FREQ_AUDIT_ONLY,NO,Chinese Lexical Database v2.1
糍,ci2,2,0.0299,0.0197,0.0222,LOW_FREQ_AUDIT_ONLY,NO,Chinese Lexical Database v2.1
莴,wo1,1,0.0299,0.0197,0.0222,LOW_FREQ_AUDIT_ONLY,NO,Chinese Lexical Database v2.1
蔗,zhe4,4,0.0299,0.0197,0.0222,LOW_FREQ_AUDIT_ONLY,NO,Chinese Lexical Database v2.1
蚂,ma3,3,0.0299,0.0197,0.0222,LOW_FREQ_AUDIT_ONLY,NO,Chinese Lexical Database v2.1
蹉,cuo1,1,0.0299,0.0197,0.0222,LOW_FREQ_AUDIT_ONLY,NO,Chinese Lexical Database v2.1
迄,qi4,4,0.0299,0.0197,0.0222,LOW_FREQ_AUDIT_ONLY,NO,Chinese Lexical Database v2.1
铯,se4,4,0.0299,0.0197,0.0222,LOW_FREQ_AUDIT_ONLY,NO,Chinese Lexical Database v2.1
萝,luo2,2,20.0597,0.0099,4.9889,LOW_FREQ_AUDIT_ONLY,NO,Chinese Lexical Database v2.1
茱,zhu1,1,11.6716,0.0099,2.9059,LOW_FREQ_AUDIT_ONLY,NO,Chinese Lexical Database v2.1
猎,lie4,4,9.7612,0.0099,2.4314,LOW_FREQ_AUDIT_ONLY,NO,Chinese Lexical Database v2.1
铐,kao4,4,8.5672,0.0099,2.1349,LOW_FREQ_AUDIT_ONLY,NO,Chinese Lexical Database v2.1
赎,shu2,2,8.0597,0.0099,2.0089,LOW_FREQ_AUDIT_ONLY,NO,Chinese Lexical Database v2.1
莓,mei2,2,7.4925,0.0099,1.8681,LOW_FREQ_AUDIT_ONLY,NO,Chinese Lexical Database v2.1
苔,tai2,2,7.1343,0.0099,1.7791,LOW_FREQ_AUDIT_ONLY,NO,Chinese Lexical Database v2.1
妓,ji4,4,6.8657,0.0099,1.7124,LOW_FREQ_AUDIT_ONLY,NO,Chinese Lexical Database v2.1
杉,shan1,1,6.7463,0.0099,1.6827,LOW_FREQ_AUDIT_ONLY,NO,Chinese Lexical Database v2.1
驯,xun4,4,5.4925,0.0099,1.3714,LOW_FREQ_AUDIT_ONLY,NO,Chinese Lexical Database v2.1
崎,qi2,2,4.8955,0.0099,1.2231,LOW_FREQ_AUDIT_ONLY,NO,Chinese Lexical Database v2.1
慰,wei4,4,4.7463,0.0099,1.1861,LOW_FREQ_AUDIT_ONLY,NO,Chinese Lexical Database v2.1
裘,qiu2,2,3.8507,0.0099,0.9637,LOW_FREQ_AUDIT_ONLY,NO,Chinese Lexical Database v2.1
侦,zhen1,1,3.403,0.0099,0.8525,LOW_FREQ_AUDIT_ONLY,NO,Chinese Lexical Database v2.1
蚁,yi3,3,3.403,0.0099,0.8525,LOW_FREQ_AUDIT_ONLY,NO,Chinese Lexical Database v2.1
监,jian1,1,3.194,0.0099,0.8006,LOW_FREQ_AUDIT_ONLY,NO,Chinese Lexical Database v2.1
汀,ting1,1,2.3881,0.0099,0.6004,LOW_FREQ_AUDIT_ONLY,NO,Chinese Lexical Database v2.1
玑,ji1,1,2.3881,0.0099,0.6004,LOW_FREQ_AUDIT_ONLY,NO,Chinese Lexical Database v2.1
罕,han3,3,2.3881,0.0099,0.6004,LOW_FREQ_AUDIT_ONLY,NO,Chinese Lexical Database v2.1
锚,mao2,2,2.3881,0.0099,0.6004,LOW_FREQ_AUDIT_ONLY,NO,Chinese Lexical Database v2.1
钛,tai4,4,2.2985,0.0099,0.5782,LOW_FREQ_AUDIT_ONLY,NO,Chinese Lexical Database v2.1
栅,zha4,4,2.2388,0.0099,0.5634,LOW_FREQ_AUDIT_ONLY,NO,Chinese Lexical Database v2.1
妲,da2,2,2.1791,0.0099,0.5486,LOW_FREQ_AUDIT_ONLY,NO,Chinese Lexical Database v2.1
趾,zhi3,3,2.1493,0.0099,0.5411,LOW_FREQ_AUDIT_ONLY,NO,Chinese Lexical Database v2.1
廷,ting2,2,2.0597,0.0099,0.5189,LOW_FREQ_AUDIT_ONLY,NO,Chinese Lexical Database v2.1
爵,jue2,2,1.9701,0.0099,0.4967,LOW_FREQ_AUDIT_ONLY,NO,Chinese Lexical Database v2.1
肛,gang1,1,1.9701,0.0099,0.4967,LOW_FREQ_AUDIT_ONLY,NO,Chinese Lexical Database v2.1
胯,kua4,4,1.9701,0.0099,0.4967,LOW_FREQ_AUDIT_ONLY,NO,Chinese Lexical Database v2.1
贩,fan4,4,1.9701,0.0099,0.4967,LOW_FREQ_AUDIT_ONLY,NO,Chinese Lexical Database v2.1
偌,ruo4,4,1.9403,0.0099,0.4893,LOW_FREQ_AUDIT_ONLY,NO,Chinese Lexical Database v2.1
缉,ji1,1,1.9403,0.0099,0.4893,LOW_FREQ_AUDIT_ONLY,NO,Chinese Lexical Database v2.1
酩,ming3,3,1.8209,0.0099,0.4596,LOW_FREQ_AUDIT_ONLY,NO,Chinese Lexical Database v2.1
槌,chui2,2,1.791,0.0099,0.4522,LOW_FREQ_AUDIT_ONLY,NO,Chinese Lexical Database v2.1
渥,wo4,4,1.791,0.0099,0.4522,LOW_FREQ_AUDIT_ONLY,NO,Chinese Lexical Database v2.1
蛆,qu1,1,1.791,0.0099,0.4522,LOW_FREQ_AUDIT_ONLY,NO,Chinese Lexical Database v2.1
魄,po4,4,1.7015,0.0099,0.4299,LOW_FREQ_AUDIT_ONLY,NO,Chinese Lexical Database v2.1
孛,bo2,2,1.6716,0.0099,0.4225,LOW_FREQ_AUDIT_ONLY,NO,Chinese Lexical Database v2.1
授,shou4,4,1.6418,0.0099,0.4151,LOW_FREQ_AUDIT_ONLY,NO,Chinese Lexical Database v2.1
拂,fu2,2,1.5522,0.0099,0.3929,LOW_FREQ_AUDIT_ONLY,NO,Chinese Lexical Database v2.1
颞,nie4,4,1.5522,0.0099,0.3929,LOW_FREQ_AUDIT_ONLY,NO,Chinese Lexical Database v2.1
窍,qiao4,4,1.4328,0.0099,0.3632,LOW_FREQ_AUDIT_ONLY,NO,Chinese Lexical Database v2.1
函,han2,2,1.403,0.0099,0.3558,LOW_FREQ_AUDIT_ONLY,NO,Chinese Lexical Database v2.1
蚀,shi2,2,1.403,0.0099,0.3558,LOW_FREQ_AUDIT_ONLY,NO,Chinese Lexical Database v2.1
惺,xing1,1,1.3731,0.0099,0.3484,LOW_FREQ_AUDIT_ONLY,NO,Chinese Lexical Database v2.1
灼,zhuo2,2,1.3731,0.0099,0.3484,LOW_FREQ_AUDIT_ONLY,NO,Chinese Lexical Database v2.1
褐,he4,4,1.3731,0.0099,0.3484,LOW_FREQ_AUDIT_ONLY,NO,Chinese Lexical Database v2.1
澪,ling2,2,1.3134,0.0099,0.3336,LOW_FREQ_AUDIT_ONLY,NO,Chinese Lexical Database v2.1
砷,shen1,1,1.3134,0.0099,0.3336,LOW_FREQ_AUDIT_ONLY,NO,Chinese Lexical Database v2.1
闸,zha2,2,1.3134,0.0099,0.3336,LOW_FREQ_AUDIT_ONLY,NO,Chinese Lexical Database v2.1
剔,ti1,1,1.2537,0.0099,0.3188,LOW_FREQ_AUDIT_ONLY,NO,Chinese Lexical Database v2.1
晙,jun4,4,1.2239,0.0099,0.3113,LOW_FREQ_AUDIT_ONLY,NO,Chinese Lexical Database v2.1
赃,zang1,1,1.2239,0.0099,0.3113,LOW_FREQ_AUDIT_ONLY,NO,Chinese Lexical Database v2.1
嘶,si1,1,1.1642,0.0099,0.2965,LOW_FREQ_AUDIT_ONLY,NO,Chinese Lexical Database v2.1
缆,lan3,3,1.1642,0.0099,0.2965,LOW_FREQ_AUDIT_ONLY,NO,Chinese Lexical Database v2.1
苇,wei3,3,1.1642,0.0099,0.2965,LOW_FREQ_AUDIT_ONLY,NO,Chinese Lexical Database v2.1
钵,bo1,1,1.1642,0.0099,0.2965,LOW_FREQ_AUDIT_ONLY,NO,Chinese Lexical Database v2.1
栖,qi1,1,1.1045,0.0099,0.2817,LOW_FREQ_AUDIT_ONLY,NO,Chinese Lexical Database v2.1
诞,dan4,4,1.0746,0.0099,0.2743,LOW_FREQ_AUDIT_ONLY,NO,Chinese Lexical Database v2.1
阪,ban3,3,1.0746,0.0099,0.2743,LOW_FREQ_AUDIT_ONLY,NO,Chinese Lexical Database v2.1
掣,che4,4,1.0149,0.0099,0.2595,LOW_FREQ_AUDIT_ONLY,NO,Chinese Lexical Database v2.1
洙,zhu1,1,1.0149,0.0099,0.2595,LOW_FREQ_AUDIT_ONLY,NO,Chinese Lexical Database v2.1
吡,bi3,3,0.9851,0.0099,0.252,LOW_FREQ_AUDIT_ONLY,NO,Chinese Lexical Database v2.1
棺,guan1,1,0.9851,0.0099,0.252,LOW_FREQ_AUDIT_ONLY,NO,Chinese Lexical Database v2.1
秽,hui4,4,0.9851,0.0099,0.252,LOW_FREQ_AUDIT_ONLY,NO,Chinese Lexical Database v2.1
侣,lv3,3,0.9552,0.0099,0.2446,LOW_FREQ_AUDIT_ONLY,NO,Chinese Lexical Database v2.1
搔,sao1,1,0.9552,0.0099,0.2446,LOW_FREQ_AUDIT_ONLY,NO,Chinese Lexical Database v2.1
辗,zhan3,3,0.9552,0.0099,0.2446,LOW_FREQ_AUDIT_ONLY,NO,Chinese Lexical Database v2.1
锥,zhui1,1,0.9552,0.0099,0.2446,LOW_FREQ_AUDIT_ONLY,NO,Chinese Lexical Database v2.1
噬,shi4,4,0.8955,0.0099,0.2298,LOW_FREQ_AUDIT_ONLY,NO,Chinese Lexical Database v2.1
雏,chu2,2,0.8955,0.0099,0.2298,LOW_FREQ_AUDIT_ONLY,NO,Chinese Lexical Database v2.1
戟,ji3,3,0.8657,0.0099,0.2224,LOW_FREQ_AUDIT_ONLY,NO,Chinese Lexical Database v2.1
盔,kui1,1,0.8358,0.0099,0.215,LOW_FREQ_AUDIT_ONLY,NO,Chinese Lexical Database v2.1
赘,zhui4,4,0.8358,0.0099,0.215,LOW_FREQ_AUDIT_ONLY,NO,Chinese Lexical Database v2.1
渎,du2,2,0.806,0.0099,0.2076,LOW_FREQ_AUDIT_ONLY,NO,Chinese Lexical Database v2.1
募,mu4,4,0.7761,0.0099,0.2001,LOW_FREQ_AUDIT_ONLY,NO,Chinese Lexical Database v2.1
泷,long2,2,0.7761,0.0099,0.2001,LOW_FREQ_AUDIT_ONLY,NO,Chinese Lexical Database v2.1
讼,song4,4,0.7761,0.0099,0.2001,LOW_FREQ_AUDIT_ONLY,NO,Chinese Lexical Database v2.1
蟠,pan2,2,0.7463,0.0099,0.1927,LOW_FREQ_AUDIT_ONLY,NO,Chinese Lexical Database v2.1
鞍,an1,1,0.7463,0.0099,0.1927,LOW_FREQ_AUDIT_ONLY,NO,Chinese Lexical Database v2.1
岬,jia3,3,0.7164,0.0099,0.1853,LOW_FREQ_AUDIT_ONLY,NO,Chinese Lexical Database v2.1
篱,li2,2,0.7164,0.0099,0.1853,LOW_FREQ_AUDIT_ONLY,NO,Chinese Lexical Database v2.1
俯,fu3,3,0.6866,0.0099,0.1779,LOW_FREQ_AUDIT_ONLY,NO,Chinese Lexical Database v2.1
沦,lun2,2,0.6866,0.0099,0.1779,LOW_FREQ_AUDIT_ONLY,NO,Chinese Lexical Database v2.1
胰,yi2,2,0.6866,0.0099,0.1779,LOW_FREQ_AUDIT_ONLY,NO,Chinese Lexical Database v2.1
铎,duo2,2,0.6866,0.0099,0.1779,LOW_FREQ_AUDIT_ONLY,NO,Chinese Lexical Database v2.1
佣,yong4,4,0.6567,0.0099,0.1705,LOW_FREQ_AUDIT_ONLY,NO,Chinese Lexical Database v2.1
惭,can2,2,0.6567,0.0099,0.1705,LOW_FREQ_AUDIT_ONLY,NO,Chinese Lexical Database v2.1
杪,miao3,3,0.6567,0.0099,0.1705,LOW_FREQ_AUDIT_ONLY,NO,Chinese Lexical Database v2.1
狙,ju1,1,0.6567,0.0099,0.1705,LOW_FREQ_AUDIT_ONLY,NO,Chinese Lexical Database v2.1
琵,pi2,2,0.6567,0.0099,0.1705,LOW_FREQ_AUDIT_ONLY,NO,Chinese Lexical Database v2.1
畸,ji1,1,0.6567,0.0099,0.1705,LOW_FREQ_AUDIT_ONLY,NO,Chinese Lexical Database v2.1
郊,jiao1,1,0.6567,0.0099,0.1705,LOW_FREQ_AUDIT_ONLY,NO,Chinese Lexical Database v2.1
掸,dan3,3,0.6269,0.0099,0.1631,LOW_FREQ_AUDIT_ONLY,NO,Chinese Lexical Database v2.1
镰,lian2,2,0.6269,0.0099,0.1631,LOW_FREQ_AUDIT_ONLY,NO,Chinese Lexical Database v2.1
霓,ni2,2,0.6269,0.0099,0.1631,LOW_FREQ_AUDIT_ONLY,NO,Chinese Lexical Database v2.1
荫,yin4,4,0.597,0.0099,0.1557,LOW_FREQ_AUDIT_ONLY,NO,Chinese Lexical Database v2.1
鳞,lin2,2,0.597,0.0099,0.1557,LOW_FREQ_AUDIT_ONLY,NO,Chinese Lexical Database v2.1
缄,jian1,1,0.5672,0.0099,0.1483,LOW_FREQ_AUDIT_ONLY,NO,Chinese Lexical Database v2.1
萤,ying2,2,0.5672,0.0099,0.1483,LOW_FREQ_AUDIT_ONLY,NO,Chinese Lexical Database v2.1
鲭,qing1,1,0.5672,0.0099,0.1483,LOW_FREQ_AUDIT_ONLY,NO,Chinese Lexical Database v2.1
佯,yang2,2,0.5373,0.0099,0.1408,LOW_FREQ_AUDIT_ONLY,NO,Chinese Lexical Database v2.1
岐,qi2,2,0.5373,0.0099,0.1408,LOW_FREQ_AUDIT_ONLY,NO,Chinese Lexical Database v2.1
恵,hui4,4,0.5373,0.0099,0.1408,LOW_FREQ_AUDIT_ONLY,NO,Chinese Lexical Database v2.1
糜,mi2,2,0.5373,0.0099,0.1408,LOW_FREQ_AUDIT_ONLY,NO,Chinese Lexical Database v2.1
叩,kou4,4,0.5075,0.0099,0.1334,LOW_FREQ_AUDIT_ONLY,NO,Chinese Lexical Database v2.1
戸,hu4,4,0.5075,0.0099,0.1334,LOW_FREQ_AUDIT_ONLY,NO,Chinese Lexical Database v2.1
絮,xu4,4,0.5075,0.0099,0.1334,LOW_FREQ_AUDIT_ONLY,NO,Chinese Lexical Database v2.1
谐,xie2,2,0.5075,0.0099,0.1334,LOW_FREQ_AUDIT_ONLY,NO,Chinese Lexical Database v2.1
啜,chuo4,4,0.4776,0.0099,0.126,LOW_FREQ_AUDIT_ONLY,NO,Chinese Lexical Database v2.1
敝,bi4,4,0.4478,0.0099,0.1186,LOW_FREQ_AUDIT_ONLY,NO,Chinese Lexical Database v2.1
绩,ji4,4,0.4478,0.0099,0.1186,LOW_FREQ_AUDIT_ONLY,NO,Chinese Lexical Database v2.1
膨,peng2,2,0.4478,0.0099,0.1186,LOW_FREQ_AUDIT_ONLY,NO,Chinese Lexical Database v2.1
蔽,bi4,4,0.4478,0.0099,0.1186,LOW_FREQ_AUDIT_ONLY,NO,Chinese Lexical Database v2.1
鲟,xun2,2,0.4478,0.0099,0.1186,LOW_FREQ_AUDIT_ONLY,NO,Chinese Lexical Database v2.1
斡,wo4,4,0.4179,0.0099,0.1112,LOW_FREQ_AUDIT_ONLY,NO,Chinese Lexical Database v2.1
绪,xu4,4,0.4179,0.0099,0.1112,LOW_FREQ_AUDIT_ONLY,NO,Chinese Lexical Database v2.1
胁,xie2,2,0.4179,0.0099,0.1112,LOW_FREQ_AUDIT_ONLY,NO,Chinese Lexical Database v2.1
蔑,mie4,4,0.4179,0.0099,0.1112,LOW_FREQ_AUDIT_ONLY,NO,Chinese Lexical Database v2.1
赊,she1,1,0.4179,0.0099,0.1112,LOW_FREQ_AUDIT_ONLY,NO,Chinese Lexical Database v2.1
鸢,yuan1,1,0.4179,0.0099,0.1112,LOW_FREQ_AUDIT_ONLY,NO,Chinese Lexical Database v2.1
炬,ju4,4,0.3881,0.0099,0.1038,LOW_FREQ_AUDIT_ONLY,NO,Chinese Lexical Database v2.1
腱,jian4,4,0.3881,0.0099,0.1038,LOW_FREQ_AUDIT_ONLY,NO,Chinese Lexical Database v2.1
釜,fu3,3,0.3881,0.0099,0.1038,LOW_FREQ_AUDIT_ONLY,NO,Chinese Lexical Database v2.1
鹳,guan4,4,0.3881,0.0099,0.1038,LOW_FREQ_AUDIT_ONLY,NO,Chinese Lexical Database v2.1
寰,huan2,2,0.3582,0.0099,0.0964,LOW_FREQ_AUDIT_ONLY,NO,Chinese Lexical Database v2.1
庸,yong1,1,0.3582,0.0099,0.0964,LOW_FREQ_AUDIT_ONLY,NO,Chinese Lexical Database v2.1
擎,qing2,2,0.3582,0.0099,0.0964,LOW_FREQ_AUDIT_ONLY,NO,Chinese Lexical Database v2.1
敛,lian3,3,0.3582,0.0099,0.0964,LOW_FREQ_AUDIT_ONLY,NO,Chinese Lexical Database v2.1
柿,shi4,4,0.3582,0.0099,0.0964,LOW_FREQ_AUDIT_ONLY,NO,Chinese Lexical Database v2.1
睾,gao1,1,0.3582,0.0099,0.0964,LOW_FREQ_AUDIT_ONLY,NO,Chinese Lexical Database v2.1
绰,chuo4,4,0.3582,0.0099,0.0964,LOW_FREQ_AUDIT_ONLY,NO,Chinese Lexical Database v2.1
翌,yi4,4,0.3582,0.0099,0.0964,LOW_FREQ_AUDIT_ONLY,NO,Chinese Lexical Database v2.1
臊,sao1,1,0.3582,0.0099,0.0964,LOW_FREQ_AUDIT_ONLY,NO,Chinese Lexical Database v2.1
萘,nai4,4,0.3582,0.0099,0.0964,LOW_FREQ_AUDIT_ONLY,NO,Chinese Lexical Database v2.1
薏,yi4,4,0.3582,0.0099,0.0964,LOW_FREQ_AUDIT_ONLY,NO,Chinese Lexical Database v2.1
虏,lu3,3,0.3582,0.0099,0.0964,LOW_FREQ_AUDIT_ONLY,NO,Chinese Lexical Database v2.1
诅,zu3,3,0.3582,0.0099,0.0964,LOW_FREQ_AUDIT_ONLY,NO,Chinese Lexical Database v2.1
跩,shi4,4,0.3582,0.0099,0.0964,LOW_FREQ_AUDIT_ONLY,NO,Chinese Lexical Database v2.1
乒,ping1,1,0.3284,0.0099,0.089,LOW_FREQ_AUDIT_ONLY,NO,Chinese Lexical Database v2.1
嚏,ti4,4,0.3284,0.0099,0.089,LOW_FREQ_AUDIT_ONLY,NO,Chinese Lexical Database v2.1
晔,ye4,4,0.3284,0.0099,0.089,LOW_FREQ_AUDIT_ONLY,NO,Chinese Lexical Database v2.1
槃,pan2,2,0.3284,0.0099,0.089,LOW_FREQ_AUDIT_ONLY,NO,Chinese Lexical Database v2.1
璧,bi4,4,0.3284,0.0099,0.089,LOW_FREQ_AUDIT_ONLY,NO,Chinese Lexical Database v2.1
甸,dian4,4,0.3284,0.0099,0.089,LOW_FREQ_AUDIT_ONLY,NO,Chinese Lexical Database v2.1
肱,gong1,1,0.3284,0.0099,0.089,LOW_FREQ_AUDIT_ONLY,NO,Chinese Lexical Database v2.1
脯,fu3,3,0.3284,0.0099,0.089,LOW_FREQ_AUDIT_ONLY,NO,Chinese Lexical Database v2.1
冗,rong3,3,0.2985,0.0099,0.0815,LOW_FREQ_AUDIT_ONLY,NO,Chinese Lexical Database v2.1
幡,fan1,1,0.2985,0.0099,0.0815,LOW_FREQ_AUDIT_ONLY,NO,Chinese Lexical Database v2.1
旻,min2,2,0.2985,0.0099,0.0815,LOW_FREQ_AUDIT_ONLY,NO,Chinese Lexical Database v2.1
浜,bang1,1,0.2985,0.0099,0.0815,LOW_FREQ_AUDIT_ONLY,NO,Chinese Lexical Database v2.1
膊,bo2,2,0.2985,0.0099,0.0815,LOW_FREQ_AUDIT_ONLY,NO,Chinese Lexical Database v2.1
遏,e4,4,0.2985,0.0099,0.0815,LOW_FREQ_AUDIT_ONLY,NO,Chinese Lexical Database v2.1
鳃,sai1,1,0.2985,0.0099,0.0815,LOW_FREQ_AUDIT_ONLY,NO,Chinese Lexical Database v2.1
剜,wan1,1,0.2687,0.0099,0.0741,LOW_FREQ_AUDIT_ONLY,NO,Chinese Lexical Database v2.1
痿,wei3,3,0.2687,0.0099,0.0741,LOW_FREQ_AUDIT_ONLY,NO,Chinese Lexical Database v2.1
艰,jian1,1,0.2687,0.0099,0.0741,LOW_FREQ_AUDIT_ONLY,NO,Chinese Lexical Database v2.1
辄,zhe2,2,0.2687,0.0099,0.0741,LOW_FREQ_AUDIT_ONLY,NO,Chinese Lexical Database v2.1
伺,si4,4,0.2388,0.0099,0.0667,LOW_FREQ_AUDIT_ONLY,NO,Chinese Lexical Database v2.1
冢,zhong3,3,0.2388,0.0099,0.0667,LOW_FREQ_AUDIT_ONLY,NO,Chinese Lexical Database v2.1
喧,xuan1,1,0.2388,0.0099,0.0667,LOW_FREQ_AUDIT_ONLY,NO,Chinese Lexical Database v2.1
桁,heng2,2,0.2388,0.0099,0.0667,LOW_FREQ_AUDIT_ONLY,NO,Chinese Lexical Database v2.1
榎,jia3,3,0.2388,0.0099,0.0667,LOW_FREQ_AUDIT_ONLY,NO,Chinese Lexical Database v2.1
榛,zhen1,1,0.2388,0.0099,0.0667,LOW_FREQ_AUDIT_ONLY,NO,Chinese Lexical Database v2.1
甥,sheng1,1,0.2388,0.0099,0.0667,LOW_FREQ_AUDIT_ONLY,NO,Chinese Lexical Database v2.1
稣,su1,1,0.2388,0.0099,0.0667,LOW_FREQ_AUDIT_ONLY,NO,Chinese Lexical Database v2.1
纾,shu1,1,0.2388,0.0099,0.0667,LOW_FREQ_AUDIT_ONLY,NO,Chinese Lexical Database v2.1
莺,ying1,1,0.2388,0.0099,0.0667,LOW_FREQ_AUDIT_ONLY,NO,Chinese Lexical Database v2.1
阑,lan2,2,0.2388,0.0099,0.0667,LOW_FREQ_AUDIT_ONLY,NO,Chinese Lexical Database v2.1
靡,mi2,2,0.2388,0.0099,0.0667,LOW_FREQ_AUDIT_ONLY,NO,Chinese Lexical Database v2.1
怠,dai4,4,0.209,0.0099,0.0593,LOW_FREQ_AUDIT_ONLY,NO,Chinese Lexical Database v2.1
戮,lu4,4,0.209,0.0099,0.0593,LOW_FREQ_AUDIT_ONLY,NO,Chinese Lexical Database v2.1
槐,huai2,2,0.209,0.0099,0.0593,LOW_FREQ_AUDIT_ONLY,NO,Chinese Lexical Database v2.1
歧,qi2,2,0.209,0.0099,0.0593,LOW_FREQ_AUDIT_ONLY,NO,Chinese Lexical Database v2.1
沭,shu4,4,0.209,0.0099,0.0593,LOW_FREQ_AUDIT_ONLY,NO,Chinese Lexical Database v2.1
痂,jia1,1,0.209,0.0099,0.0593,LOW_FREQ_AUDIT_ONLY,NO,Chinese Lexical Database v2.1
盂,yu2,2,0.209,0.0099,0.0593,LOW_FREQ_AUDIT_ONLY,NO,Chinese Lexical Database v2.1
瞻,zhan1,1,0.209,0.0099,0.0593,LOW_FREQ_AUDIT_ONLY,NO,Chinese Lexical Database v2.1
粕,po4,4,0.209,0.0099,0.0593,LOW_FREQ_AUDIT_ONLY,NO,Chinese Lexical Database v2.1
罄,qing4,4,0.209,0.0099,0.0593,LOW_FREQ_AUDIT_ONLY,NO,Chinese Lexical Database v2.1
锰,meng3,3,0.209,0.0099,0.0593,LOW_FREQ_AUDIT_ONLY,NO,Chinese Lexical Database v2.1
顽,wan2,2,0.209,0.0099,0.0593,LOW_FREQ_AUDIT_ONLY,NO,Chinese Lexical Database v2.1
鸫,dong1,1,0.209,0.0099,0.0593,LOW_FREQ_AUDIT_ONLY,NO,Chinese Lexical Database v2.1
倭,wo1,1,0.1791,0.0099,0.0519,LOW_FREQ_AUDIT_ONLY,NO,Chinese Lexical Database v2.1
剿,jiao3,3,0.1791,0.0099,0.0519,LOW_FREQ_AUDIT_ONLY,NO,Chinese Lexical Database v2.1
壑,he4,4,0.1791,0.0099,0.0519,LOW_FREQ_AUDIT_ONLY,NO,Chinese Lexical Database v2.1
娑,suo1,1,0.1791,0.0099,0.0519,LOW_FREQ_AUDIT_ONLY,NO,Chinese Lexical Database v2.1
峡,xia2,2,0.1791,0.0099,0.0519,LOW_FREQ_AUDIT_ONLY,NO,Chinese Lexical Database v2.1
忾,kai4,4,0.1791,0.0099,0.0519,LOW_FREQ_AUDIT_ONLY,NO,Chinese Lexical Database v2.1
恙,yang4,4,0.1791,0.0099,0.0519,LOW_FREQ_AUDIT_ONLY,NO,Chinese Lexical Database v2.1
惦,dian4,4,0.1791,0.0099,0.0519,LOW_FREQ_AUDIT_ONLY,NO,Chinese Lexical Database v2.1
殃,yang1,1,0.1791,0.0099,0.0519,LOW_FREQ_AUDIT_ONLY,NO,Chinese Lexical Database v2.1
殖,zhi2,2,0.1791,0.0099,0.0519,LOW_FREQ_AUDIT_ONLY,NO,Chinese Lexical Database v2.1
沸,fei4,4,0.1791,0.0099,0.0519,LOW_FREQ_AUDIT_ONLY,NO,Chinese Lexical Database v2.1
熵,shang1,1,0.1791,0.0099,0.0519,LOW_FREQ_AUDIT_ONLY,NO,Chinese Lexical Database v2.1
燻,xun1,1,0.1791,0.0099,0.0519,LOW_FREQ_AUDIT_ONLY,NO,Chinese Lexical Database v2.1
胥,xu1,1,0.1791,0.0099,0.0519,LOW_FREQ_AUDIT_ONLY,NO,Chinese Lexical Database v2.1
襄,xiang1,1,0.1791,0.0099,0.0519,LOW_FREQ_AUDIT_ONLY,NO,Chinese Lexical Database v2.1
谀,yu2,2,0.1791,0.0099,0.0519,LOW_FREQ_AUDIT_ONLY,NO,Chinese Lexical Database v2.1
陨,yun3,3,0.1791,0.0099,0.0519,LOW_FREQ_AUDIT_ONLY,NO,Chinese Lexical Database v2.1
佝,gou1,1,0.1493,0.0099,0.0445,LOW_FREQ_AUDIT_ONLY,NO,Chinese Lexical Database v2.1
嗽,sou4,4,0.1493,0.0099,0.0445,LOW_FREQ_AUDIT_ONLY,NO,Chinese Lexical Database v2.1
嘱,zhu3,3,0.1493,0.0099,0.0445,LOW_FREQ_AUDIT_ONLY,NO,Chinese Lexical Database v2.1
埔,pu3,3,0.1493,0.0099,0.0445,LOW_FREQ_AUDIT_ONLY,NO,Chinese Lexical Database v2.1
宕,dang4,4,0.1493,0.0099,0.0445,LOW_FREQ_AUDIT_ONLY,NO,Chinese Lexical Database v2.1
挚,zhi4,4,0.1493,0.0099,0.0445,LOW_FREQ_AUDIT_ONLY,NO,Chinese Lexical Database v2.1
掼,guan4,4,0.1493,0.0099,0.0445,LOW_FREQ_AUDIT_ONLY,NO,Chinese Lexical Database v2.1
朲,ren2,2,0.1493,0.0099,0.0445,LOW_FREQ_AUDIT_ONLY,NO,Chinese Lexical Database v2.1
栎,li4,4,0.1493,0.0099,0.0445,LOW_FREQ_AUDIT_ONLY,NO,Chinese Lexical Database v2.1
氰,qing2,2,0.1493,0.0099,0.0445,LOW_FREQ_AUDIT_ONLY,NO,Chinese Lexical Database v2.1
獭,ta3,3,0.1493,0.0099,0.0445,LOW_FREQ_AUDIT_ONLY,NO,Chinese Lexical Database v2.1
痨,lao2,2,0.1493,0.0099,0.0445,LOW_FREQ_AUDIT_ONLY,NO,Chinese Lexical Database v2.1
蝻,nan3,3,0.1493,0.0099,0.0445,LOW_FREQ_AUDIT_ONLY,NO,Chinese Lexical Database v2.1
诵,song4,4,0.1493,0.0099,0.0445,LOW_FREQ_AUDIT_ONLY,NO,Chinese Lexical Database v2.1
逻,luo2,2,0.1493,0.0099,0.0445,LOW_FREQ_AUDIT_ONLY,NO,Chinese Lexical Database v2.1
鲑,gui1,1,0.1493,0.0099,0.0445,LOW_FREQ_AUDIT_ONLY,NO,Chinese Lexical Database v2.1
鸾,luan2,2,0.1493,0.0099,0.0445,LOW_FREQ_AUDIT_ONLY,NO,Chinese Lexical Database v2.1
麝,she4,4,0.1493,0.0099,0.0445,LOW_FREQ_AUDIT_ONLY,NO,Chinese Lexical Database v2.1
黝,you3,3,0.1493,0.0099,0.0445,LOW_FREQ_AUDIT_ONLY,NO,Chinese Lexical Database v2.1
姻,yin1,1,0.1194,0.0099,0.0371,LOW_FREQ_AUDIT_ONLY,NO,Chinese Lexical Database v2.1
搧,shan1,1,0.1194,0.0099,0.0371,LOW_FREQ_AUDIT_ONLY,NO,Chinese Lexical Database v2.1
撼,han4,4,0.1194,0.0099,0.0371,LOW_FREQ_AUDIT_ONLY,NO,Chinese Lexical Database v2.1
朦,meng2,2,0.1194,0.0099,0.0371,LOW_FREQ_AUDIT_ONLY,NO,Chinese Lexical Database v2.1
殒,yun3,3,0.1194,0.0099,0.0371,LOW_FREQ_AUDIT_ONLY,NO,Chinese Lexical Database v2.1
毗,pi2,2,0.1194,0.0099,0.0371,LOW_FREQ_AUDIT_ONLY,NO,Chinese Lexical Database v2.1
炷,zhu4,4,0.1194,0.0099,0.0371,LOW_FREQ_AUDIT_ONLY,NO,Chinese Lexical Database v2.1
痉,jing4,4,0.1194,0.0099,0.0371,LOW_FREQ_AUDIT_ONLY,NO,Chinese Lexical Database v2.1
痩,shou4,4,0.1194,0.0099,0.0371,LOW_FREQ_AUDIT_ONLY,NO,Chinese Lexical Database v2.1
瘘,lou4,4,0.1194,0.0099,0.0371,LOW_FREQ_AUDIT_ONLY,NO,Chinese Lexical Database v2.1
硼,peng2,2,0.1194,0.0099,0.0371,LOW_FREQ_AUDIT_ONLY,NO,Chinese Lexical Database v2.1
祇,chi2,2,0.1194,0.0099,0.0371,LOW_FREQ_AUDIT_ONLY,NO,Chinese Lexical Database v2.1
窒,zhi4,4,0.1194,0.0099,0.0371,LOW_FREQ_AUDIT_ONLY,NO,Chinese Lexical Database v2.1
纂,zuan3,3,0.1194,0.0099,0.0371,LOW_FREQ_AUDIT_ONLY,NO,Chinese Lexical Database v2.1
绀,gan4,4,0.1194,0.0099,0.0371,LOW_FREQ_AUDIT_ONLY,NO,Chinese Lexical Database v2.1
缔,di4,4,0.1194,0.0099,0.0371,LOW_FREQ_AUDIT_ONLY,NO,Chinese Lexical Database v2.1
羸,lei2,2,0.1194,0.0099,0.0371,LOW_FREQ_AUDIT_ONLY,NO,Chinese Lexical Database v2.1
荆,jing1,1,0.1194,0.0099,0.0371,LOW_FREQ_AUDIT_ONLY,NO,Chinese Lexical Database v2.1
蔵,cang2,2,0.1194,0.0099,0.0371,LOW_FREQ_AUDIT_ONLY,NO,Chinese Lexical Database v2.1
蚤,zao3,3,0.1194,0.0099,0.0371,LOW_FREQ_AUDIT_ONLY,NO,Chinese Lexical Database v2.1
裇,xu1,1,0.1194,0.0099,0.0371,LOW_FREQ_AUDIT_ONLY,NO,Chinese Lexical Database v2.1
讳,hui4,4,0.1194,0.0099,0.0371,LOW_FREQ_AUDIT_ONLY,NO,Chinese Lexical Database v2.1
诏,zhao4,4,0.1194,0.0099,0.0371,LOW_FREQ_AUDIT_ONLY,NO,Chinese Lexical Database v2.1
诧,cha4,4,0.1194,0.0099,0.0371,LOW_FREQ_AUDIT_ONLY,NO,Chinese Lexical Database v2.1
诹,zou1,1,0.1194,0.0099,0.0371,LOW_FREQ_AUDIT_ONLY,NO,Chinese Lexical Database v2.1
谚,yan4,4,0.1194,0.0099,0.0371,LOW_FREQ_AUDIT_ONLY,NO,Chinese Lexical Database v2.1
醛,quan2,2,0.1194,0.0099,0.0371,LOW_FREQ_AUDIT_ONLY,NO,Chinese Lexical Database v2.1
饲,si4,4,0.1194,0.0099,0.0371,LOW_FREQ_AUDIT_ONLY,NO,Chinese Lexical Database v2.1
馏,liu2,2,0.1194,0.0099,0.0371,LOW_FREQ_AUDIT_ONLY,NO,Chinese Lexical Database v2.1
驽,nu2,2,0.1194,0.0099,0.0371,LOW_FREQ_AUDIT_ONLY,NO,Chinese Lexical Database v2.1
匮,kui4,4,0.0896,0.0099,0.0297,LOW_FREQ_AUDIT_ONLY,NO,Chinese Lexical Database v2.1
卞,bian4,4,0.0896,0.0099,0.0297,LOW_FREQ_AUDIT_ONLY,NO,Chinese Lexical Database v2.1
坳,ao4,4,0.0896,0.0099,0.0297,LOW_FREQ_AUDIT_ONLY,NO,Chinese Lexical Database v2.1
壕,hao2,2,0.0896,0.0099,0.0297,LOW_FREQ_AUDIT_ONLY,NO,Chinese Lexical Database v2.1
壤,rang3,3,0.0896,0.0099,0.0297,LOW_FREQ_AUDIT_ONLY,NO,Chinese Lexical Database v2.1
奄,yan3,3,0.0896,0.0099,0.0297,LOW_FREQ_AUDIT_ONLY,NO,Chinese Lexical Database v2.1
恣,zi4,4,0.0896,0.0099,0.0297,LOW_FREQ_AUDIT_ONLY,NO,Chinese Lexical Database v2.1
愕,e4,4,0.0896,0.0099,0.0297,LOW_FREQ_AUDIT_ONLY,NO,Chinese Lexical Database v2.1
橹,lu3,3,0.0896,0.0099,0.0297,LOW_FREQ_AUDIT_ONLY,NO,Chinese Lexical Database v2.1
沧,cang1,1,0.0896,0.0099,0.0297,LOW_FREQ_AUDIT_ONLY,NO,Chinese Lexical Database v2.1
炆,wen2,2,0.0896,0.0099,0.0297,LOW_FREQ_AUDIT_ONLY,NO,Chinese Lexical Database v2.1
燮,xie4,4,0.0896,0.0099,0.0297,LOW_FREQ_AUDIT_ONLY,NO,Chinese Lexical Database v2.1
祯,zhen1,1,0.0896,0.0099,0.0297,LOW_FREQ_AUDIT_ONLY,NO,Chinese Lexical Database v2.1
笆,ba1,1,0.0896,0.0099,0.0297,LOW_FREQ_AUDIT_ONLY,NO,Chinese Lexical Database v2.1
纨,wan2,2,0.0896,0.0099,0.0297,LOW_FREQ_AUDIT_ONLY,NO,Chinese Lexical Database v2.1
肮,ang1,1,0.0896,0.0099,0.0297,LOW_FREQ_AUDIT_ONLY,NO,Chinese Lexical Database v2.1
藻,zao3,3,0.0896,0.0099,0.0297,LOW_FREQ_AUDIT_ONLY,NO,Chinese Lexical Database v2.1
衩,cha4,4,0.0896,0.0099,0.0297,LOW_FREQ_AUDIT_ONLY,NO,Chinese Lexical Database v2.1
蹙,cu4,4,0.0896,0.0099,0.0297,LOW_FREQ_AUDIT_ONLY,NO,Chinese Lexical Database v2.1
辘,lu4,4,0.0896,0.0099,0.0297,LOW_FREQ_AUDIT_ONLY,NO,Chinese Lexical Database v2.1
酗,xu4,4,0.0896,0.0099,0.0297,LOW_FREQ_AUDIT_ONLY,NO,Chinese Lexical Database v2.1
镣,liao4,4,0.0896,0.0099,0.0297,LOW_FREQ_AUDIT_ONLY,NO,Chinese Lexical Database v2.1
鹈,ti2,2,0.0896,0.0099,0.0297,LOW_FREQ_AUDIT_ONLY,NO,Chinese Lexical Database v2.1
鹾,cuo2,2,0.0896,0.0099,0.0297,LOW_FREQ_AUDIT_ONLY,NO,Chinese Lexical Database v2.1
仄,ze4,4,0.0597,0.0099,0.0222,LOW_FREQ_AUDIT_ONLY,NO,Chinese Lexical Database v2.1
仞,ren4,4,0.0597,0.0099,0.0222,LOW_FREQ_AUDIT_ONLY,NO,Chinese Lexical Database v2.1
傧,bin1,1,0.0597,0.0099,0.0222,LOW_FREQ_AUDIT_ONLY,NO,Chinese Lexical Database v2.1
冽,lie4,4,0.0597,0.0099,0.0222,LOW_FREQ_AUDIT_ONLY,NO,Chinese Lexical Database v2.1
凖,zhun3,3,0.0597,0.0099,0.0222,LOW_FREQ_AUDIT_ONLY,NO,Chinese Lexical Database v2.1
哺,bu3,3,0.0597,0.0099,0.0222,LOW_FREQ_AUDIT_ONLY,NO,Chinese Lexical Database v2.1
埠,bu4,4,0.0597,0.0099,0.0222,LOW_FREQ_AUDIT_ONLY,NO,Chinese Lexical Database v2.1
峻,jun4,4,0.0597,0.0099,0.0222,LOW_FREQ_AUDIT_ONLY,NO,Chinese Lexical Database v2.1
弋,yi4,4,0.0597,0.0099,0.0222,LOW_FREQ_AUDIT_ONLY,NO,Chinese Lexical Database v2.1
恢,hui1,1,0.0597,0.0099,0.0222,LOW_FREQ_AUDIT_ONLY,NO,Chinese Lexical Database v2.1
懈,xie4,4,0.0597,0.0099,0.0222,LOW_FREQ_AUDIT_ONLY,NO,Chinese Lexical Database v2.1
晦,hui4,4,0.0597,0.0099,0.0222,LOW_FREQ_AUDIT_ONLY,NO,Chinese Lexical Database v2.1
柩,jiu4,4,0.0597,0.0099,0.0222,LOW_FREQ_AUDIT_ONLY,NO,Chinese Lexical Database v2.1
桉,an1,1,0.0597,0.0099,0.0222,LOW_FREQ_AUDIT_ONLY,NO,Chinese Lexical Database v2.1
泱,yang1,1,0.0597,0.0099,0.0222,LOW_FREQ_AUDIT_ONLY,NO,Chinese Lexical Database v2.1
涣,huan4,4,0.0597,0.0099,0.0222,LOW_FREQ_AUDIT_ONLY,NO,Chinese Lexical Database v2.1
淖,nao4,4,0.0597,0.0099,0.0222,LOW_FREQ_AUDIT_ONLY,NO,Chinese Lexical Database v2.1
湄,mei2,2,0.0597,0.0099,0.0222,LOW_FREQ_AUDIT_ONLY,NO,Chinese Lexical Database v2.1
潞,lu4,4,0.0597,0.0099,0.0222,LOW_FREQ_AUDIT_ONLY,NO,Chinese Lexical Database v2.1
烬,jin4,4,0.0597,0.0099,0.0222,LOW_FREQ_AUDIT_ONLY,NO,Chinese Lexical Database v2.1
珞,luo4,4,0.0597,0.0099,0.0222,LOW_FREQ_AUDIT_ONLY,NO,Chinese Lexical Database v2.1
瑭,tang2,2,0.0597,0.0099,0.0222,LOW_FREQ_AUDIT_ONLY,NO,Chinese Lexical Database v2.1
璞,pu2,2,0.0597,0.0099,0.0222,LOW_FREQ_AUDIT_ONLY,NO,Chinese Lexical Database v2.1
眛,mei4,4,0.0597,0.0099,0.0222,LOW_FREQ_AUDIT_ONLY,NO,Chinese Lexical Database v2.1
矜,jin1,1,0.0597,0.0099,0.0222,LOW_FREQ_AUDIT_ONLY,NO,Chinese Lexical Database v2.1
砹,ai4,4,0.0597,0.0099,0.0222,LOW_FREQ_AUDIT_ONLY,NO,Chinese Lexical Database v2.1
础,chu3,3,0.0597,0.0099,0.0222,LOW_FREQ_AUDIT_ONLY,NO,Chinese Lexical Database v2.1
绥,sui2,2,0.0597,0.0099,0.0222,LOW_FREQ_AUDIT_ONLY,NO,Chinese Lexical Database v2.1
舆,yu2,2,0.0597,0.0099,0.0222,LOW_FREQ_AUDIT_ONLY,NO,Chinese Lexical Database v2.1
菟,tu4,4,0.0597,0.0099,0.0222,LOW_FREQ_AUDIT_ONLY,NO,Chinese Lexical Database v2.1
藜,li2,2,0.0597,0.0099,0.0222,LOW_FREQ_AUDIT_ONLY,NO,Chinese Lexical Database v2.1
虔,qian2,2,0.0597,0.0099,0.0222,LOW_FREQ_AUDIT_ONLY,NO,Chinese Lexical Database v2.1
衍,yan3,3,0.0597,0.0099,0.0222,LOW_FREQ_AUDIT_ONLY,NO,Chinese Lexical Database v2.1
讶,ya4,4,0.0597,0.0099,0.0222,LOW_FREQ_AUDIT_ONLY,NO,Chinese Lexical Database v2.1
蹟,ji4,4,0.0597,0.0099,0.0222,LOW_FREQ_AUDIT_ONLY,NO,Chinese Lexical Database v2.1
邸,di3,3,0.0597,0.0099,0.0222,LOW_FREQ_AUDIT_ONLY,NO,Chinese Lexical Database v2.1
酣,han1,1,0.0597,0.0099,0.0222,LOW_FREQ_AUDIT_ONLY,NO,Chinese Lexical Database v2.1
锲,qie4,4,0.0597,0.0099,0.0222,LOW_FREQ_AUDIT_ONLY,NO,Chinese Lexical Database v2.1
镚,beng4,4,0.0597,0.0099,0.0222,LOW_FREQ_AUDIT_ONLY,NO,Chinese Lexical Database v2.1
阜,fu4,4,0.0597,0.0099,0.0222,LOW_FREQ_AUDIT_ONLY,NO,Chinese Lexical Database v2.1
龇,zi1,1,0.0597,0.0099,0.0222,LOW_FREQ_AUDIT_ONLY,NO,Chinese Lexical Database v2.1
佷,hen3,3,0.0299,0.0099,0.0148,LOW_FREQ_AUDIT_ONLY,NO,Chinese Lexical Database v2.1
侈,chi3,3,0.0299,0.0099,0.0148,LOW_FREQ_AUDIT_ONLY,NO,Chinese Lexical Database v2.1
倌,guan1,1,0.0299,0.0099,0.0148,LOW_FREQ_AUDIT_ONLY,NO,Chinese Lexical Database v2.1
兕,si4,4,0.0299,0.0099,0.0148,LOW_FREQ_AUDIT_ONLY,NO,Chinese Lexical Database v2.1
吝,lin4,4,0.0299,0.0099,0.0148,LOW_FREQ_AUDIT_ONLY,NO,Chinese Lexical Database v2.1
哬,he2,2,0.0299,0.0099,0.0148,LOW_FREQ_AUDIT_ONLY,NO,Chinese Lexical Database v2.1
啸,xiao4,4,0.0299,0.0099,0.0148,LOW_FREQ_AUDIT_ONLY,NO,Chinese Lexical Database v2.1
嗐,hai4,4,0.0299,0.0099,0.0148,LOW_FREQ_AUDIT_ONLY,NO,Chinese Lexical Database v2.1
囔,nang1,1,0.0299,0.0099,0.0148,LOW_FREQ_AUDIT_ONLY,NO,Chinese Lexical Database v2.1
堇,jin3,3,0.0299,0.0099,0.0148,LOW_FREQ_AUDIT_ONLY,NO,Chinese Lexical Database v2.1
孪,luan2,2,0.0299,0.0099,0.0148,LOW_FREQ_AUDIT_ONLY,NO,Chinese Lexical Database v2.1
寥,liao2,2,0.0299,0.0099,0.0148,LOW_FREQ_AUDIT_ONLY,NO,Chinese Lexical Database v2.1
屐,ji1,1,0.0299,0.0099,0.0148,LOW_FREQ_AUDIT_ONLY,NO,Chinese Lexical Database v2.1
屹,yi4,4,0.0299,0.0099,0.0148,LOW_FREQ_AUDIT_ONLY,NO,Chinese Lexical Database v2.1
廾,gong3,3,0.0299,0.0099,0.0148,LOW_FREQ_AUDIT_ONLY,NO,Chinese Lexical Database v2.1
彽,di1,1,0.0299,0.0099,0.0148,LOW_FREQ_AUDIT_ONLY,NO,Chinese Lexical Database v2.1
彿,fu2,2,0.0299,0.0099,0.0148,LOW_FREQ_AUDIT_ONLY,NO,Chinese Lexical Database v2.1
忖,cun3,3,0.0299,0.0099,0.0148,LOW_FREQ_AUDIT_ONLY,NO,Chinese Lexical Database v2.1
慷,kang1,1,0.0299,0.0099,0.0148,LOW_FREQ_AUDIT_ONLY,NO,Chinese Lexical Database v2.1
拮,jie2,2,0.0299,0.0099,0.0148,LOW_FREQ_AUDIT_ONLY,NO,Chinese Lexical Database v2.1
掾,yuan4,4,0.0299,0.0099,0.0148,LOW_FREQ_AUDIT_ONLY,NO,Chinese Lexical Database v2.1
擢,zhuo2,2,0.0299,0.0099,0.0148,LOW_FREQ_AUDIT_ONLY,NO,Chinese Lexical Database v2.1
椁,guo3,3,0.0299,0.0099,0.0148,LOW_FREQ_AUDIT_ONLY,NO,Chinese Lexical Database v2.1
楷,kai3,3,0.0299,0.0099,0.0148,LOW_FREQ_AUDIT_ONLY,NO,Chinese Lexical Database v2.1
樘,tang2,2,0.0299,0.0099,0.0148,LOW_FREQ_AUDIT_ONLY,NO,Chinese Lexical Database v2.1
沤,ou1,1,0.0299,0.0099,0.0148,LOW_FREQ_AUDIT_ONLY,NO,Chinese Lexical Database v2.1
泅,qiu2,2,0.0299,0.0099,0.0148,LOW_FREQ_AUDIT_ONLY,NO,Chinese Lexical Database v2.1
泾,jing1,1,0.0299,0.0099,0.0148,LOW_FREQ_AUDIT_ONLY,NO,Chinese Lexical Database v2.1
漕,cao2,2,0.0299,0.0099,0.0148,LOW_FREQ_AUDIT_ONLY,NO,Chinese Lexical Database v2.1
煅,duan4,4,0.0299,0.0099,0.0148,LOW_FREQ_AUDIT_ONLY,NO,Chinese Lexical Database v2.1
熹,xi1,1,0.0299,0.0099,0.0148,LOW_FREQ_AUDIT_ONLY,NO,Chinese Lexical Database v2.1
狞,ning2,2,0.0299,0.0099,0.0148,LOW_FREQ_AUDIT_ONLY,NO,Chinese Lexical Database v2.1
狡,jiao3,3,0.0299,0.0099,0.0148,LOW_FREQ_AUDIT_ONLY,NO,Chinese Lexical Database v2.1
玷,dian4,4,0.0299,0.0099,0.0148,LOW_FREQ_AUDIT_ONLY,NO,Chinese Lexical Database v2.1
畦,qi2,2,0.0299,0.0099,0.0148,LOW_FREQ_AUDIT_ONLY,NO,Chinese Lexical Database v2.1
疚,jiu4,4,0.0299,0.0099,0.0148,LOW_FREQ_AUDIT_ONLY,NO,Chinese Lexical Database v2.1
疡,yang2,2,0.0299,0.0099,0.0148,LOW_FREQ_AUDIT_ONLY,NO,Chinese Lexical Database v2.1
疵,ci1,1,0.0299,0.0099,0.0148,LOW_FREQ_AUDIT_ONLY,NO,Chinese Lexical Database v2.1
痧,sha1,1,0.0299,0.0099,0.0148,LOW_FREQ_AUDIT_ONLY,NO,Chinese Lexical Database v2.1
皋,gao1,1,0.0299,0.0099,0.0148,LOW_FREQ_AUDIT_ONLY,NO,Chinese Lexical Database v2.1
睑,jian3,3,0.0299,0.0099,0.0148,LOW_FREQ_AUDIT_ONLY,NO,Chinese Lexical Database v2.1
瞌,ke1,1,0.0299,0.0099,0.0148,LOW_FREQ_AUDIT_ONLY,NO,Chinese Lexical Database v2.1
秸,jie1,1,0.0299,0.0099,0.0148,LOW_FREQ_AUDIT_ONLY,NO,Chinese Lexical Database v2.1
窠,ke1,1,0.0299,0.0099,0.0148,LOW_FREQ_AUDIT_ONLY,NO,Chinese Lexical Database v2.1
竺,zhu2,2,0.0299,0.0099,0.0148,LOW_FREQ_AUDIT_ONLY,NO,Chinese Lexical Database v2.1
糁,shen1,1,0.0299,0.0099,0.0148,LOW_FREQ_AUDIT_ONLY,NO,Chinese Lexical Database v2.1
绨,ti4,4,0.0299,0.0099,0.0148,LOW_FREQ_AUDIT_ONLY,NO,Chinese Lexical Database v2.1
绯,fei1,1,0.0299,0.0099,0.0148,LOW_FREQ_AUDIT_ONLY,NO,Chinese Lexical Database v2.1
缶,fou3,3,0.0299,0.0099,0.0148,LOW_FREQ_AUDIT_ONLY,NO,Chinese Lexical Database v2.1
苺,mei2,2,0.0299,0.0099,0.0148,LOW_FREQ_AUDIT_ONLY,NO,Chinese Lexical Database v2.1
菅,jian1,1,0.0299,0.0099,0.0148,LOW_FREQ_AUDIT_ONLY,NO,Chinese Lexical Database v2.1
萁,qi2,2,0.0299,0.0099,0.0148,LOW_FREQ_AUDIT_ONLY,NO,Chinese Lexical Database v2.1
薮,sou3,3,0.0299,0.0099,0.0148,LOW_FREQ_AUDIT_ONLY,NO,Chinese Lexical Database v2.1
蘑,mo2,2,0.0299,0.0099,0.0148,LOW_FREQ_AUDIT_ONLY,NO,Chinese Lexical Database v2.1
蛟,jiao1,1,0.0299,0.0099,0.0148,LOW_FREQ_AUDIT_ONLY,NO,Chinese Lexical Database v2.1
衿,jin1,1,0.0299,0.0099,0.0148,LOW_FREQ_AUDIT_ONLY,NO,Chinese Lexical Database v2.1
讫,qi4,4,0.0299,0.0099,0.0148,LOW_FREQ_AUDIT_ONLY,NO,Chinese Lexical Database v2.1
诃,he1,1,0.0299,0.0099,0.0148,LOW_FREQ_AUDIT_ONLY,NO,Chinese Lexical Database v2.1
谩,man4,4,0.0299,0.0099,0.0148,LOW_FREQ_AUDIT_ONLY,NO,Chinese Lexical Database v2.1
豌,wan1,1,0.0299,0.0099,0.0148,LOW_FREQ_AUDIT_ONLY,NO,Chinese Lexical Database v2.1
醮,jiao4,4,0.0299,0.0099,0.0148,LOW_FREQ_AUDIT_ONLY,NO,Chinese Lexical Database v2.1
钌,liao3,3,0.0299,0.0099,0.0148,LOW_FREQ_AUDIT_ONLY,NO,Chinese Lexical Database v2.1
钒,fan2,2,0.0299,0.0099,0.0148,LOW_FREQ_AUDIT_ONLY,NO,Chinese Lexical Database v2.1
铆,mao3,3,0.0299,0.0099,0.0148,LOW_FREQ_AUDIT_ONLY,NO,Chinese Lexical Database v2.1
闾,lv2,2,0.0299,0.0099,0.0148,LOW_FREQ_AUDIT_ONLY,NO,Chinese Lexical Database v2.1
阐,chan3,3,0.0299,0.0099,0.0148,LOW_FREQ_AUDIT_ONLY,NO,Chinese Lexical Database v2.1
颧,quan2,2,0.0299,0.0099,0.0148,LOW_FREQ_AUDIT_ONLY,NO,Chinese Lexical Database v2.1
骝,liu2,2,0.0299,0.0099,0.0148,LOW_FREQ_AUDIT_ONLY,NO,Chinese Lexical Database v2.1
鲲,kun1,1,0.0299,0.0099,0.0148,LOW_FREQ_AUDIT_ONLY,NO,Chinese Lexical Database v2.1
鳌,ao2,2,0.0299,0.0099,0.0148,LOW_FREQ_AUDIT_ONLY,NO,Chinese Lexical Database v2.1
