word,pinyin_key,tone_pinyin_key,prior_score,enabled
一世,yi|shi,yi2|shi4,0.85,1
一中,yi|zhong,yi4|zhong1,0.85,1
一举,yi|ju,yi4|ju3,0.85,1
一事,yi|shi,yi2|shi4,0.85,1
一体,yi|ti,yi4|ti3,0.85,1
一体化,yi|ti|hua,yi4|ti3|hua4,0.85,1
一侧,yi|ce,yi2|ce4,0.85,1
一共,yi|gong,yi2|gong4,0.85,1
一再,yi|zai,yi2|zai4,0.85,1
一切,yi|qie,yi2|qie4,0.85,1
一剑,yi|jian,yi2|jian4,0.85,1
一口气,yi|kou|qi,yi4|kou3|qi4,0.85,1
一同,yi|tong,yi4|tong2,0.85,1
一向,yi|xiang,yi2|xiang4,0.85,1
一块儿,yi|kuai|er,yi2|kuai4|er2,0.85,1
一大,yi|da,yi2|da4,0.85,1
一定,yi|ding,yi2|ding4,0.85,1
一家人,yi|jia|ren,yi4|jia1|ren2,0.85,1
一小,yi|xiao,yi4|xiao3,0.85,1
一带,yi|dai,yi2|dai4,0.85,1
一幅,yi|fu,yi4|fu2,0.85,1
一律,yi|l,yi2|l4,0.85,1
一心,yi|xin,yi4|xin1,0.85,1
一战,yi|zhan,yi2|zhan4,0.85,1
一新,yi|xin,yi4|xin1,0.85,1
一旁,yi|pang,yi4|pang2,0.85,1
一日游,yi|ri|you,yi2|ri4|you2,0.9,1
一日线,yi|ri|xian,yi2|ri4|xian4,0.86,1
一旦,yi|dan,yi2|dan4,0.85,1
一早,yi|zao,yi4|zao3,0.85,1
一时,yi|shi,yi4|shi2,0.85,1
一时期,yi|shi|qi,yi4|shi2|qi1,0.85,1
一期,yi|qi,yi4|qi1,0.85,1
一来,yi|lai,yi4|lai2,0.85,1
一样,yi|yang,yi2|yang4,0.85,1
一流,yi|liu,yi4|liu2,0.85,1
一灯,yi|deng,yi4|deng1,0.85,1
一爆,yi|bao,yi2|bao4,0.86,1
一直,yi|zhi,yi4|zhi2,0.85,1
一经,yi|jing,yi4|jing1,0.85,1
一致,yi|zhi,yi2|zhi4,0.85,1
一般,yi|ban,yi4|ban1,0.85,1
一路上,yi|lu|shang,yi2|lu4|shang0,0.85,1
一边,yi|bian,yi4|bian1,0.85,1
一连,yi|lian,yi4|lian2,0.85,1
一院制,yi|yuan|zhi,yi2|yuan4|zhi4,0.85,1
一隅,yi|yu,yi4|yu2,0.85,1
一齐,yi|qi,yi4|qi2,0.85,1
七分糖,qi|fen|tang,qi1|fen1|tang2,0.86,1
七月,qi|yue,qi1|yue4,0.85,1
万向,wan|xiang,wan4|xiang4,0.85,1
万物,wan|wu,wan4|wu4,0.85,1
丈夫,zhang|fu,zhang4|fu0,0.85,1
三代,san|dai,san1|dai4,0.85,1
三军,san|jun,san1|jun1,0.85,1
三分糖,san|fen|tang,san1|fen1|tang2,0.86,1
三合,san|he,san1|he2,0.85,1
三拼料,san|pin|liao,san1|pin1|liao4,0.86,1
三日,san|ri,san1|ri4,0.85,1
三日线,san|ri|xian,san1|ri4|xian4,0.86,1
三环,san|huan,san1|huan2,0.84,1
三级,san|ji,san1|ji2,0.85,1
上下,shang|xia,shang4|xia4,0.86,1
上下文,shang|xia|wen,shang4|xia4|wen2,0.86,1
上下游,shang|xia|you,shang4|xia4|you2,0.86,1
上下班,shang|xia|ban,shang4|xia4|ban1,0.86,1
上下级,shang|xia|ji,shang4|xia4|ji2,0.86,1
上书,shang|shu,shang4|shu1,0.85,1
上任,shang|ren,shang4|ren4,0.85,1
上前,shang|qian,shang4|qian2,0.85,1
上升,shang|sheng,shang4|sheng1,0.85,1
上午,shang|wu,shang4|wu3,0.85,1
上半年,shang|ban|nian,shang4|ban4|nian2,0.85,1
上去,shang|qu,shang4|qu4,0.85,1
上司,shang|si,shang4|si1,0.85,1
上周,shang|zhou,shang4|zhou1,0.85,1
上学,shang|xue,shang4|xue2,0.85,1
上客层,shang|ke|ceng,shang4|ke4|ceng2,0.86,1
上将,shang|jiang,shang4|jiang4,0.85,1
上层,shang|ceng,shang4|ceng2,0.85,1
上帝,shang|di,shang4|di4,0.85,1
上年,shang|nian,shang4|nian2,0.85,1
上报,shang|bao,shang4|bao4,0.85,1
上方,shang|fang,shang4|fang1,0.85,1
上来,shang|lai,shang4|lai2,0.85,1
上次,shang|ci,shang4|ci4,0.85,1
上涨,shang|zhang,shang4|zhang3,0.85,1
上游,shang|you,shang4|you2,0.85,1
上演,shang|yan,shang4|yan3,0.85,1
上班,shang|ban,shang4|ban1,0.85,1
上空,shang|kong,shang4|kong1,0.85,1
上级,shang|ji,shang4|ji2,0.85,1
上线,shang|xian,shang4|xian4,0.92,1
上网,shang|wang,shang4|wang3,0.85,1
上课,shang|ke,shang4|ke4,0.85,1
上车区,shang|che|qu,shang4|che1|qu1,0.86,1
上车点,shang|che|dian,shang4|che1|dian3,0.86,1
上边,shang|bian,shang4|bian1,0.85,1
上述,shang|shu,shang4|shu4,0.85,1
上面,shang|mian,shang4|mian4,0.85,1
下令,xia|ling,xia4|ling4,0.85,1
下列,xia|lie,xia4|lie4,0.85,1
下午,xia|wu,xia4|wu3,0.85,1
下半场,xia|ban|chang,xia4|ban4|chang3,0.85,1
下半年,xia|ban|nian,xia4|ban4|nian2,0.85,1
下单,xia|dan,xia4|dan1,0.9,1
下去,xia|qu,xia4|qu4,0.85,1
下属,xia|shu,xia4|shu3,0.85,1
下岗,xia|gang,xia4|gang3,0.85,1
下手,xia|shou,xia4|shou3,0.85,1
下旬,xia|xun,xia4|xun2,0.85,1
下来,xia|lai,xia4|lai2,0.85,1
下次,xia|ci,xia4|ci4,0.85,1
下游,xia|you,xia4|you2,0.85,1
下滑,xia|hua,xia4|hua2,0.85,1
下班,xia|ban,xia4|ban1,0.85,1
下级,xia|ji,xia4|ji2,0.85,1
下落,xia|luo,xia4|luo4,0.85,1
下设,xia|she,xia4|she4,0.85,1
下跌,xia|die,xia4|die1,0.85,1
下车区,xia|che|qu,xia4|che1|qu1,0.86,1
下车点,xia|che|dian,xia4|che1|dian3,0.85,1
下载,xia|zai,xia4|zai4,0.85,1
下辖,xia|xia,xia4|xia2,0.85,1
下达,xia|da,xia4|da2,0.85,1
下部,xia|bu,xia4|bu4,0.85,1
下锅,xia|guo,xia4|guo1,0.85,1
下降,xia|jiang,xia4|jiang4,0.85,1
下面,xia|mian,xia4|mian4,0.85,1
下马,xia|ma,xia4|ma3,0.85,1
不一,bu|yi,bu4|yi1,0.85,1
不下,bu|xia,bu2|xia4,0.85,1
不中,bu|zhong,bu4|zhong1,0.85,1
不久,bu|jiu,bu4|jiu3,0.85,1
不久前,bu|jiu|qian,bu4|jiu3|qian2,0.85,1
不仅,bu|jin,bu4|jin3,0.85,1
不仅仅,bu|jin|jin,bu4|jin3|jin3,0.85,1
不会,bu|hui,bu2|hui4,0.85,1
不但,bu|dan,bu2|dan4,0.85,1
不住,bu|zhu,bu2|zhu4,0.85,1
不便,bu|bian,bu2|bian4,0.85,1
不停,bu|ting,bu4|ting2,0.85,1
不免,bu|mian,bu4|mian3,0.85,1
不再,bu|zai,bu2|zai4,0.85,1
不准,bu|zhun,bu4|zhun3,0.85,1
不利,bu|li,bu2|li4,0.85,1
不利于,bu|li|yu,bu2|li4|yu2,0.85,1
不到,bu|dao,bu2|dao4,0.85,1
不及,bu|ji,bu4|ji2,0.85,1
不变,bu|bian,bu2|bian4,0.85,1
不可,bu|ke,bu4|ke3,0.85,1
不吃,bu|chi,bu4|chi1,0.85,1
不同,bu|tong,bu4|tong2,0.85,1
不同于,bu|tong|yu,bu4|tong2|yu2,0.85,1
不在,bu|zai,bu2|zai4,0.85,1
不堪,bu|kan,bu4|kan1,0.85,1
不多时,bu|duo|shi,bu4|duo1|shi2,0.85,1
不够,bu|gou,bu2|gou4,0.85,1
不大,bu|da,bu2|da4,0.85,1
不好,bu|hao,bu4|hao3,0.85,1
不如,bu|ru,bu4|ru2,0.85,1
不妨,bu|fang,bu4|fang2,0.85,1
不安,bu|an,bu4|an1,0.85,1
不定,bu|ding,bu2|ding4,0.85,1
不宜,bu|yi,bu4|yi2,0.85,1
不容,bu|rong,bu4|rong2,0.85,1
不对,bu|dui,bu2|dui4,0.85,1
不小,bu|xiao,bu4|xiao3,0.85,1
不少,bu|shao,bu4|shao3,0.85,1
不尽,bu|jin,bu2|jin4,0.85,1
不屈,bu|qu,bu4|qu1,0.85,1
不已,bu|yi,bu4|yi3,0.85,1
不平,bu|ping,bu4|ping2,0.85,1
不幸,bu|xing,bu2|xing4,0.85,1
不当,bu|dang,bu4|dang1,0.85,1
不得,bu|de,bu4|de2,0.85,1
不得不,bu|de|bu,bu4|de2|bu4,0.85,1
不必,bu|bi,bu2|bi4,0.85,1
不忍,bu|ren,bu4|ren3,0.85,1
不怕,bu|pa,bu2|pa4,0.85,1
不惜,bu|xi,bu4|xi1,0.85,1
不想,bu|xiang,bu4|xiang3,0.85,1
不成,bu|cheng,bu4|cheng2,0.85,1
不敢,bu|gan,bu4|gan3,0.85,1
不料,bu|liao,bu2|liao4,0.85,1
不断,bu|duan,bu2|duan4,0.85,1
不时,bu|shi,bu4|shi2,0.85,1
不明,bu|ming,bu4|ming2,0.85,1
不易,bu|yi,bu2|yi4,0.85,1
不是,bu|shi,bu2|shi4,0.85,1
不曾,bu|ceng,bu4|ceng2,0.85,1
不服,bu|fu,bu4|fu2,0.85,1
不止,bu|zhi,bu4|zhi3,0.85,1
不满,bu|man,bu4|man3,0.85,1
不然,bu|ran,bu4|ran2,0.85,1
不理,bu|li,bu4|li3,0.85,1
不用,bu|yong,bu2|yong4,0.85,1
不由,bu|you,bu4|you2,0.85,1
不由得,bu|you|de,bu4|you2|de2,0.85,1
不知,bu|zhi,bu4|zhi1,0.85,1
不禁,bu|jin,bu4|jin1,0.85,1
不等,bu|deng,bu4|deng3,0.85,1
不算,bu|suan,bu2|suan4,0.85,1
不管,bu|guan,bu4|guan3,0.85,1
不耐烦,bu|nai|fan,bu2|nai4|fan2,0.85,1
不肯,bu|ken,bu4|ken3,0.85,1
不能,bu|neng,bu4|neng2,0.85,1
不能不,bu|neng|bu,bu4|neng2|bu4,0.85,1
不至于,bu|zhi|yu,bu2|zhi4|yu2,0.85,1
不致,bu|zhi,bu2|zhi4,0.85,1
不良,bu|liang,bu4|liang2,0.85,1
不行,bu|xing,bu4|xing2,0.85,1
不要,bu|yao,bu2|yao4,0.85,1
不见,bu|jian,bu2|jian4,0.85,1
不觉,bu|jue,bu4|jue2,0.85,1
不讨论,bu|tao|lun,bu4|tao3|lun4,0.86,1
不让,bu|rang,bu2|rang4,0.85,1
不许,bu|xu,bu4|xu3,0.85,1
不论,bu|lun,bu2|lun4,0.85,1
不该,bu|gai,bu4|gai1,0.85,1
不语,bu|yu,bu4|yu3,0.85,1
不败,bu|bai,bu2|bai4,0.85,1
不足,bu|zu,bu4|zu2,0.85,1
不过,bu|guo,bu2|guo4,0.85,1
不远,bu|yuan,bu4|yuan3,0.85,1
不通,bu|tong,bu4|tong1,0.85,1
不错,bu|cuo,bu2|cuo4,0.85,1
不难,bu|nan,bu4|nan2,0.85,1
不顾,bu|gu,bu2|gu4,0.85,1
与会,yu|hui,yu4|hui4,0.85,1
与其,yu|qi,yu3|qi2,0.85,1
丐帮,gai|bang,gai4|bang1,0.85,1
专业,zhuan|ye,zhuan1|ye4,0.85,1
专利,zhuan|li,zhuan1|li4,0.85,1
专制,zhuan|zhi,zhuan1|zhi4,0.85,1
专区,zhuan|qu,zhuan1|qu1,0.85,1
专家,zhuan|jia,zhuan1|jia1,0.86,1
专家组,zhuan|jia|zu,zhuan1|jia1|zu3,0.86,1
专政,zhuan|zheng,zhuan1|zheng4,0.85,1
专用,zhuan|yong,zhuan1|yong4,0.85,1
专科,zhuan|ke,zhuan1|ke1,0.85,1
专线,zhuan|xian,zhuan1|xian4,0.85,1
专著,zhuan|zhu,zhuan1|zhu4,0.85,1
专车,zhuan|che,zhuan1|che1,0.86,1
专门,zhuan|men,zhuan1|men2,0.85,1
专项,zhuan|xiang,zhuan1|xiang4,0.85,1
专题,zhuan|ti,zhuan1|ti2,0.85,1
且说,qie|shuo,qie3|shuo1,0.85,1
世上,shi|shang,shi4|shang4,0.85,1
世人,shi|ren,shi4|ren2,0.85,1
世俗,shi|su,shi4|su2,0.85,1
世界,shi|jie,shi4|jie4,0.85,1
世纪,shi|ji,shi4|ji4,0.85,1
世纪末,shi|ji|mo,shi4|ji4|mo4,0.85,1
世袭,shi|xi,shi4|xi2,0.85,1
世间,shi|jian,shi4|jian1,0.85,1
丘处机,qiu|chu|ji,qiu1|chu4|ji1,0.85,1
业余,ye|yu,ye4|yu2,0.85,1
业务,ye|wu,ye4|wu4,0.85,1
业绩,ye|ji,ye4|ji4,0.85,1
东侧,dong|ce,dong1|ce4,0.85,1
东北部,dong|bei|bu,dong1|bei3|bu4,0.85,1
东南部,dong|nan|bu,dong1|nan2|bu4,0.85,1
东方,dong|fang,dong1|fang1,0.85,1
东晋,dong|jin,dong1|jin4,0.85,1
东汉,dong|han,dong1|han4,0.85,1
东经,dong|jing,dong1|jing1,0.85,1
东边,dong|bian,dong1|bian1,0.85,1
东部,dong|bu,dong1|bu4,0.85,1
东风,dong|feng,dong1|feng1,0.85,1
丞相,cheng|xiang,cheng2|xiang4,0.85,1
两侧,liang|ce,liang3|ce4,0.85,1
两地,liang|di,liang3|di4,0.85,1
两岸,liang|an,liang3|an4,0.85,1
两旁,liang|pang,liang3|pang2,0.85,1
两日线,liang|ri|xian,liang3|ri4|xian4,0.86,1
两栖,liang|qi,liang3|qi1,0.85,1
两者,liang|zhe,liang3|zhe3,0.85,1
两行,liang|hang,liang3|hang2,0.85,1
两边,liang|bian,liang3|bian1,0.85,1
两院,liang|yuan,liang3|yuan4,0.85,1
两院制,liang|yuan|zhi,liang3|yuan4|zhi4,0.85,1
严厉,yan|li,yan2|li4,0.85,1
严密,yan|mi,yan2|mi4,0.85,1
严峻,yan|jun,yan2|jun4,0.85,1
严格,yan|ge,yan2|ge2,0.85,1
严禁,yan|jin,yan2|jin4,0.85,1
严肃,yan|su,yan2|su4,0.85,1
严谨,yan|jin,yan2|jin3,0.85,1
严重,yan|zhong,yan2|zhong4,0.85,1
丧失,sang|shi,sang4|shi1,0.85,1
个个,ge|ge,ge4|ge4,0.85,1
个人,ge|ren,ge4|ren2,0.85,1
个体,ge|ti,ge4|ti3,0.85,1
个别,ge|bie,ge4|bie2,0.85,1
个头,ge|tou,ge4|tou2,0.85,1
个性,ge|xing,ge4|xing4,0.85,1
个股,ge|gu,ge4|gu3,0.85,1
丫头,ya|tou,ya1|tou0,0.85,1
中下游,zhong|xia|you,zhong1|xia4|you2,0.85,1
中专,zhong|zhuan,zhong1|zhuan1,0.85,1
中介,zhong|jie,zhong1|jie4,0.85,1
中共,zhong|gong,zhong1|gong4,0.85,1
中关村,zhong|guan|cun,zhong1|guan1|cun1,0.88,1
中军,zhong|jun,zhong1|jun1,0.85,1
中医,zhong|yi,zhong1|yi1,0.85,1
中午,zhong|wu,zhong1|wu3,0.85,1
中华鲟,zhong|hua|xun,zhong1|hua2|xun2,0.85,1
中叶,zhong|ye,zhong1|ye4,0.85,1
中型,zhong|xing,zhong1|xing2,0.85,1
中外,zhong|wai,zhong1|wai4,0.85,1
中央,zhong|yang,zhong1|yang1,0.85,1
中学,zhong|xue,zhong1|xue2,0.85,1
中将,zhong|jiang,zhong1|jiang4,0.85,1
中小,zhong|xiao,zhong1|xiao3,0.85,1
中小学,zhong|xiao|xue,zhong1|xiao3|xue2,0.85,1
中巴车,zhong|ba|che,zhong1|ba1|che1,0.86,1
中年,zhong|nian,zhong1|nian2,0.85,1
中心,zhong|xin,zhong1|xin1,0.85,1
中方,zhong|fang,zhong1|fang1,0.85,1
中日,zhong|ri,zhong1|ri4,0.85,1
中旬,zhong|xun,zhong1|xun2,0.85,1
中期,zhong|qi,zhong1|qi1,0.85,1
中杯,zhong|bei,zhong1|bei1,0.9,1
中枢,zhong|shu,zhong1|shu1,0.85,1
中段,zhong|duan,zhong1|duan4,0.85,1
中游,zhong|you,zhong1|you2,0.85,1
中烘焙,zhong|hong|bei,zhong1|hong1|bei4,0.86,1
中等,zhong|deng,zhong1|deng3,0.85,1
中级,zhong|ji,zhong1|ji2,0.85,1
中纺,zhong|fang,zhong1|fang3,0.85,1
中药,zhong|yao,zhong1|yao4,0.85,1
中转点,zhong|zhuan|dian,zhong1|zhuan3|dian3,0.86,1
中转车,zhong|zhuan|che,zhong1|zhuan3|che1,0.85,1
中辣,zhong|la,zhong1|la4,0.9,1
中途,zhong|tu,zhong1|tu2,0.85,1
中途点,zhong|tu|dian,zhong1|tu2|dian3,0.86,1
中途站,zhong|tu|zhan,zhong1|tu2|zhan4,0.86,1
中部,zhong|bu,zhong1|bu4,0.85,1
中间,zhong|jian,zhong1|jian1,0.85,1
中队,zhong|dui,zhong1|dui4,0.85,1
丰产,feng|chan,feng1|chan3,0.85,1
丰富,feng|fu,feng1|fu4,0.85,1
临停区,lin|ting|qu,lin2|ting2|qu1,0.86,1
临床,lin|chuang,lin2|chuang2,0.85,1
临时,lin|shi,lin2|shi2,0.85,1
临近,lin|jin,lin2|jin4,0.85,1
丹麦酥,dan|mai|su,dan1|mai4|su1,0.86,1
为主,wei|zhu,wei2|zhu3,0.85,1
为何,wei|he,wei4|he2,0.85,1
为准,wei|zhun,wei2|zhun3,0.85,1
为名,wei|ming,wei4|ming2,0.85,1
为数,wei|shu,wei2|shu4,0.85,1
为期,wei|qi,wei2|qi1,0.85,1
为止,wei|zhi,wei2|zhi3,0.85,1
为民,wei|min,wei4|min2,0.85,1
为着,wei|zhe,wei4|zhe0,0.85,1
为首,wei|shou,wei2|shou3,0.85,1
主义,zhu|yi,zhu3|yi4,0.85,1
主产区,zhu|chan|qu,zhu3|chan3|qu1,0.86,1
主人,zhu|ren,zhu3|ren2,0.85,1
主任,zhu|ren,zhu3|ren4,0.86,1
主会场,zhu|hui|chang,zhu3|hui4|chang3,0.86,1
主体,zhu|ti,zhu3|ti3,0.85,1
主力,zhu|li,zhu3|li4,0.85,1
主办,zhu|ban,zhu3|ban4,0.86,1
主办方,zhu|ban|fang,zhu3|ban4|fang1,0.86,1
主办者,zhu|ban|zhe,zhu3|ban4|zhe3,0.86,1
主动,zhu|dong,zhu3|dong4,0.85,1
主场,zhu|chang,zhu3|chang3,0.85,1
主导,zhu|dao,zhu3|dao3,0.85,1
主峰,zhu|feng,zhu3|feng1,0.85,1
主帅,zhu|shuai,zhu3|shuai4,0.85,1
主席,zhu|xi,zhu3|xi2,0.85,1
主席台,zhu|xi|tai,zhu3|xi2|tai2,0.86,1
主席团,zhu|xi|tuan,zhu3|xi2|tuan2,0.85,1
主干线,zhu|gan|xian,zhu3|gan4|xian4,0.85,1
主张,zhu|zhang,zhu3|zhang1,0.85,1
主意,zhu|yi,zhu3|yi4,0.85,1
主持,zhu|chi,zhu3|chi2,0.86,1
主持人,zhu|chi|ren,zhu3|chi2|ren2,0.86,1
主持者,zhu|chi|zhe,zhu3|chi2|zhe3,0.86,1
主教练,zhu|jiao|lian,zhu3|jiao4|lian4,0.85,1
主权,zhu|quan,zhu3|quan2,0.85,1
主流,zhu|liu,zhu3|liu2,0.85,1
主演,zhu|yan,zhu3|yan3,0.85,1
主管,zhu|guan,zhu3|guan3,0.85,1
主编,zhu|bian,zhu3|bian1,0.85,1
主要,zhu|yao,zhu3|yao4,0.85,1
主观,zhu|guan,zhu3|guan1,0.85,1
主角,zhu|jue,zhu3|jue2,0.85,1
主讲人,zhu|jiang|ren,zhu3|jiang3|ren2,0.86,1
主路,zhu|lu,zhu3|lu4,0.86,1
主路径,zhu|lu|jing,zhu3|lu4|jing4,0.85,1
主题,zhu|ti,zhu3|ti2,0.86,1
主题房,zhu|ti|fang,zhu3|ti2|fang2,0.86,1
主题词,zhu|ti|ci,zhu3|ti2|ci2,0.86,1
举人,ju|ren,ju3|ren2,0.85,1
举办,ju|ban,ju3|ban4,0.85,1
举动,ju|dong,ju3|dong4,0.85,1
举报,ju|bao,ju3|bao4,0.85,1
举措,ju|cuo,ju3|cuo4,0.85,1
举牌,ju|pai,ju3|pai2,0.86,1
举牌区,ju|pai|qu,ju3|pai2|qu1,0.86,1
举牌器,ju|pai|qi,ju3|pai2|qi4,0.86,1
举行,ju|xing,ju3|xing2,0.85,1
乃是,nai|shi,nai3|shi4,0.85,1
乃至,nai|zhi,nai3|zhi4,0.85,1
义军,yi|jun,yi4|jun1,0.85,1
义务,yi|wu,yi4|wu4,0.85,1
义和团,yi|he|tuan,yi4|he2|tuan2,0.85,1
义父,yi|fu,yi4|fu4,0.85,1
之一,zhi|yi,zhi1|yi1,0.85,1
之上,zhi|shang,zhi1|shang4,0.85,1
之下,zhi|xia,zhi1|xia4,0.85,1
之中,zhi|zhong,zhi1|zhong1,0.85,1
之内,zhi|nei,zhi1|nei4,0.85,1
之前,zhi|qian,zhi1|qian2,0.85,1
之后,zhi|hou,zhi1|hou4,0.85,1
之外,zhi|wai,zhi1|wai4,0.85,1
之所以,zhi|suo|yi,zhi1|suo3|yi3,0.85,1
之类,zhi|lei,zhi1|lei4,0.85,1
之间,zhi|jian,zhi1|jian1,0.85,1
之际,zhi|ji,zhi1|ji4,0.85,1
乌冬面,wu|dong|mian,wu1|dong1|mian4,0.86,1
乌龙茶,wu|long|cha,wu1|long2|cha2,0.86,1
乐于,le|yu,le4|yu2,0.85,1
乐器,yue|qi,yue4|qi4,0.85,1
乐园,le|yuan,le4|yuan2,0.85,1
乐观,le|guan,le4|guan1,0.85,1
乐队,yue|dui,yue4|dui4,0.85,1
乖乖,guai|guai,guai1|guai1,0.85,1
乘坐,cheng|zuo,cheng2|zuo4,0.85,1
乘客,cheng|ke,cheng2|ke4,0.85,1
乘机,cheng|ji,cheng2|ji1,0.85,1
乘车码,cheng|che|ma,cheng2|che1|ma3,0.85,1
九年,jiu|nian,jiu3|nian2,0.85,1
九月,jiu|yue,jiu3|yue4,0.85,1
九间,jiu|jian,jiu3|jian1,0.85,1
也好,ye|hao,ye3|hao3,0.85,1
也罢,ye|ba,ye3|ba4,0.85,1
也许,ye|xu,ye3|xu3,0.85,1
习俗,xi|su,xi2|su2,0.85,1
习性,xi|xing,xi2|xing4,0.85,1
习惯,xi|guan,xi2|guan4,0.85,1
乡下,xiang|xia,xiang1|xia4,0.85,1
乡村,xiang|cun,xiang1|cun1,0.85,1
乡道线,xiang|dao|xian,xiang1|dao4|xian4,0.85,1
乡镇,xiang|zhen,xiang1|zhen4,0.85,1
乡长,xiang|chang,xiang1|chang2,0.85,1
书写,shu|xie,shu1|xie3,0.85,1
书房,shu|fang,shu1|fang2,0.85,1
书本,shu|ben,shu1|ben3,0.85,1
书法,shu|fa,shu1|fa3,0.85,1
书生,shu|sheng,shu1|sheng1,0.85,1
书画,shu|hua,shu1|hua4,0.85,1
书籍,shu|ji,shu1|ji2,0.85,1
书记,shu|ji,shu1|ji4,0.85,1
书院,shu|yuan,shu1|yuan4,0.86,1
书面,shu|mian,shu1|mian4,0.85,1
买单,mai|dan,mai3|dan1,0.9,1
买卖,mai|mai,mai3|mai4,0.85,1
乳房,ru|fang,ru3|fang2,0.85,1
乳腺癌,ru|xian|ai,ru3|xian4|ai2,0.85,1
乳酪包,ru|lao|bao,ru3|lao4|bao1,0.86,1
了不起,liao|bu|qi,liao3|bu4|qi3,0.85,1
了解,liao|jie,liao3|jie3,0.85,1
予以,yu|yi,yu3|yi3,0.85,1
争取,zheng|qu,zheng1|qu3,0.85,1
争吵,zheng|chao,zheng1|chao3,0.85,1
争夺,zheng|duo,zheng1|duo2,0.85,1
争执,zheng|zhi,zheng1|zhi2,0.85,1
争议,zheng|yi,zheng1|yi4,0.85,1
争论,zheng|lun,zheng1|lun4,0.85,1
事业,shi|ye,shi4|ye4,0.85,1
事例,shi|li,shi4|li4,0.85,1
事儿,shi|er,shi4|er2,0.85,1
事先,shi|xian,shi4|xian1,0.85,1
事务,shi|wu,shi4|wu4,0.85,1
事务所,shi|wu|suo,shi4|wu4|suo3,0.85,1
事变,shi|bian,shi4|bian4,0.85,1
事后,shi|hou,shi4|hou4,0.85,1
事宜,shi|yi,shi4|yi2,0.85,1
事实,shi|shi,shi4|shi2,0.85,1
事实上,shi|shi|shang,shi4|shi2|shang4,0.85,1
事情,shi|qing,shi4|qing2,0.85,1
事故,shi|gu,shi4|gu4,0.85,1
事物,shi|wu,shi4|wu4,0.85,1
事迹,shi|ji,shi4|ji4,0.85,1
事项,shi|xiang,shi4|xiang4,0.85,1
二来,er|lai,er4|lai2,0.85,1
二爆,er|bao,er4|bao4,0.86,1
二级,er|ji,er4|ji2,0.85,1
二者,er|zhe,er4|zhe3,0.85,1
于是,yu|shi,yu2|shi4,0.85,1
亏损,kui|sun,kui1|sun3,0.85,1
云台,yun|tai,yun2|tai2,0.86,1
云雾,yun|wu,yun2|wu4,0.85,1
互动,hu|dong,hu4|dong4,0.85,1
互助,hu|zhu,hu4|zhu4,0.85,1
互相,hu|xiang,hu4|xiang1,0.85,1
互联网,hu|lian|wang,hu4|lian2|wang3,0.85,1
五代,wu|dai,wu3|dai4,0.85,1
五保,wu|bao,wu3|bao3,0.85,1
五分糖,wu|fen|tang,wu3|fen1|tang2,0.86,1
五大,wu|da,wu3|da4,0.85,1
五年,wu|nian,wu3|nian2,0.85,1
五月,wu|yue,wu3|yue4,0.85,1
五色土,wu|se|tu,wu3|se4|tu3,0.85,1
五行,wu|hang,wu3|hang2,0.85,1
五间,wu|jian,wu3|jian1,0.85,1
亚热带,ya|re|dai,ya4|re4|dai4,0.85,1
亚运会,ya|yun|hui,ya4|yun4|hui4,0.85,1
亡国,wang|guo,wang2|guo2,0.85,1
交付,jiao|fu,jiao1|fu4,0.85,1
交代,jiao|dai,jiao1|dai4,0.85,1
交叉,jiao|cha,jiao1|cha1,0.85,1
交往,jiao|wang,jiao1|wang3,0.85,1
交战,jiao|zhan,jiao1|zhan4,0.85,1
交换,jiao|huan,jiao1|huan4,0.85,1
交换机,jiao|huan|ji,jiao1|huan4|ji1,0.86,1
交接单,jiao|jie|dan,jiao1|jie1|dan1,0.86,1
交易,jiao|yi,jiao1|yi4,0.85,1
交替,jiao|ti,jiao1|ti4,0.85,1
交流,jiao|liu,jiao1|liu2,0.85,1
交涉,jiao|she,jiao1|she4,0.85,1
交界,jiao|jie,jiao1|jie4,0.85,1
交给,jiao|gei,jiao1|gei3,0.85,1
交谈,jiao|tan,jiao1|tan2,0.85,1
交通,jiao|tong,jiao1|tong1,0.85,1
交通图,jiao|tong|tu,jiao1|tong1|tu2,0.86,1
交锋,jiao|feng,jiao1|feng1,0.85,1
交错,jiao|cuo,jiao1|cuo4,0.85,1
产业,chan|ye,chan3|ye4,0.85,1
产业化,chan|ye|hua,chan3|ye4|hua4,0.85,1
产于,chan|yu,chan3|yu2,0.85,1
产值,chan|zhi,chan3|zhi2,0.85,1
产区,chan|qu,chan3|qu1,0.86,1
产卵,chan|luan,chan3|luan3,0.85,1
产品,chan|pin,chan3|pin3,0.85,1
产地,chan|di,chan3|di4,0.85,1
产地卡,chan|di|ka,chan3|di4|ka3,0.86,1
产权,chan|quan,chan3|quan2,0.85,1
产物,chan|wu,chan3|wu4,0.85,1
产生,chan|sheng,chan3|sheng1,0.85,1
产能,chan|neng,chan3|neng2,0.85,1
产量,chan|liang,chan3|liang4,0.85,1
享受,xiang|shou,xiang3|shou4,0.85,1
享有,xiang|you,xiang3|you3,0.85,1
京剧,jing|ju,jing1|ju4,0.85,1
京师,jing|shi,jing1|shi1,0.85,1
亮相,liang|xiang,liang4|xiang4,0.85,1
亲人,qin|ren,qin1|ren2,0.85,1
亲信,qin|xin,qin1|xin4,0.85,1
亲兵,qin|bing,qin1|bing1,0.85,1
亲切,qin|qie,qin1|qie4,0.85,1
亲子房,qin|zi|fang,qin1|zi3|fang2,0.86,1
亲子线,qin|zi|xian,qin1|zi3|xian4,0.86,1
亲密,qin|mi,qin1|mi4,0.85,1
亲属,qin|shu,qin1|shu3,0.85,1
亲征,qin|zheng,qin1|zheng1,0.85,1
亲戚,qin|qi,qin1|qi0,0.85,1
亲手,qin|shou,qin1|shou3,0.85,1
亲热,qin|re,qin1|re4,0.85,1
亲王,qin|wang,qin1|wang2,0.85,1
亲眼,qin|yan,qin1|yan3,0.85,1
亲自,qin|zi,qin1|zi4,0.85,1
亲身,qin|shen,qin1|shen1,0.85,1
亲近,qin|jin,qin1|jin4,0.85,1
人为,ren|wei,ren2|wei2,0.85,1
人事,ren|shi,ren2|shi4,0.85,1
人人,ren|ren,ren2|ren2,0.85,1
人们,ren|men,ren2|men0,0.85,1
人体,ren|ti,ren2|ti3,0.85,1
人力,ren|li,ren2|li4,0.85,1
人口,ren|kou,ren2|kou3,0.85,1
人口数,ren|kou|shu,ren2|kou3|shu4,0.85,1
人员,ren|yuan,ren2|yuan2,0.85,1
人均,ren|jun,ren2|jun1,0.85,1
人士,ren|shi,ren2|shi4,0.85,1
人大,ren|da,ren2|da4,0.85,1
人学,ren|xue,ren2|xue2,0.85,1
人家,ren|jia,ren2|jia1,0.85,1
人工,ren|gong,ren2|gong1,0.85,1
人影,ren|ying,ren2|ying3,0.85,1
人心,ren|xin,ren2|xin1,0.85,1
人性,ren|xing,ren2|xing4,0.85,1
人才,ren|cai,ren2|cai2,0.85,1
人数,ren|shu,ren2|shu4,0.85,1
人文,ren|wen,ren2|wen2,0.85,1
人格,ren|ge,ren2|ge2,0.85,1
人次,ren|ci,ren2|ci4,0.85,1
人民,ren|min,ren2|min2,0.85,1
人民币,ren|min|bi,ren2|min2|bi4,0.85,1
人物,ren|wu,ren2|wu4,0.85,1
人生,ren|sheng,ren2|sheng1,0.85,1
人类,ren|lei,ren2|lei4,0.85,1
人群,ren|qun,ren2|qun2,0.85,1
人身,ren|shen,ren2|shen1,0.85,1
人选,ren|xuan,ren2|xuan3,0.85,1
人造,ren|zao,ren2|zao4,0.85,1
人间,ren|jian,ren2|jian1,0.85,1
人马,ren|ma,ren2|ma3,0.85,1
仅仅,jin|jin,jin3|jin3,0.85,1
仅次于,jin|ci|yu,jin3|ci4|yu2,0.85,1
仆人,pu|ren,pu2|ren2,0.85,1
仇恨,chou|hen,chou2|hen4,0.85,1
今儿,jin|er,jin1|er2,0.85,1
今后,jin|hou,jin1|hou4,0.85,1
今夜,jin|ye,jin1|ye4,0.85,1
今天,jin|tian,jin1|tian1,0.85,1
今年,jin|nian,jin1|nian2,0.85,1
今日,jin|ri,jin1|ri4,0.85,1
今晚,jin|wan,jin1|wan3,0.85,1
介于,jie|yu,jie4|yu2,0.85,1
介入,jie|ru,jie4|ru4,0.85,1
介绍,jie|shao,jie4|shao4,0.85,1
介质,jie|zhi,jie4|zhi4,0.85,1
仍旧,reng|jiu,reng2|jiu4,0.85,1
仍然,reng|ran,reng2|ran2,0.85,1
从不,cong|bu,cong2|bu4,0.85,1
从业,cong|ye,cong2|ye4,0.85,1
从业证,cong|ye|zheng,cong2|ye4|zheng4,0.85,1
从中,cong|zhong,cong2|zhong1,0.85,1
从事,cong|shi,cong2|shi4,0.85,1
从前,cong|qian,cong2|qian2,0.85,1
从小,cong|xiao,cong2|xiao3,0.85,1
从未,cong|wei,cong2|wei4,0.85,1
从来,cong|lai,cong2|lai2,0.85,1
从来不,cong|lai|bu,cong2|lai2|bu4,0.85,1
从此,cong|ci,cong2|ci3,0.85,1
从没,cong|mei,cong2|mei2,0.85,1
从而,cong|er,cong2|er2,0.85,1
仓库,cang|ku,cang1|ku4,0.85,1
仔细,zi|xi,zi3|xi4,0.85,1
他人,ta|ren,ta1|ren2,0.85,1
他们,ta|men,ta1|men0,0.85,1
他家,ta|jia,ta1|jia1,0.85,1
付出,fu|chu,fu4|chu1,0.85,1
仙人,xian|ren,xian1|ren2,0.85,1
仙桃,xian|tao,xian1|tao2,0.85,1
仙草,xian|cao,xian1|cao3,0.85,1
仙草冻,xian|cao|dong,xian1|cao3|dong4,0.86,1
代主任,dai|zhu|ren,dai4|zhu3|ren4,0.86,1
代价,dai|jia,dai4|jia4,0.85,1
代替,dai|ti,dai4|ti4,0.85,1
代理,dai|li,dai4|li3,0.85,1
代理人,dai|li|ren,dai4|li3|ren2,0.85,1
代码,dai|ma,dai4|ma3,0.85,1
代糖,dai|tang,dai4|tang2,0.86,1
代表,dai|biao,dai4|biao3,0.86,1
代表作,dai|biao|zuo,dai4|biao3|zuo4,0.85,1
代表团,dai|biao|tuan,dai4|biao3|tuan2,0.85,1
代表性,dai|biao|xing,dai4|biao3|xing4,0.85,1
代谢,dai|xie,dai4|xie4,0.85,1
令牌,ling|pai,ling4|pai2,0.86,1
以上,yi|shang,yi3|shang4,0.85,1
以下,yi|xia,yi3|xia4,0.85,1
以东,yi|dong,yi3|dong1,0.85,1
以为,yi|wei,yi3|wei2,0.85,1
以便,yi|bian,yi3|bian4,0.85,1
以免,yi|mian,yi3|mian3,0.85,1
以内,yi|nei,yi3|nei4,0.85,1
以前,yi|qian,yi3|qian2,0.85,1
以北,yi|bei,yi3|bei3,0.85,1
以南,yi|nan,yi3|nan2,0.85,1
以及,yi|ji,yi3|ji2,0.85,1
以后,yi|hou,yi3|hou4,0.85,1
以外,yi|wai,yi3|wai4,0.85,1
以往,yi|wang,yi3|wang3,0.85,1
以来,yi|lai,yi3|lai2,0.85,1
以此,yi|ci,yi3|ci3,0.85,1
以求,yi|qiu,yi3|qiu2,0.85,1
以示,yi|shi,yi3|shi4,0.85,1
以至,yi|zhi,yi3|zhi4,0.85,1
以至于,yi|zhi|yu,yi3|zhi4|yu2,0.85,1
以致,yi|zhi,yi3|zhi4,0.85,1
以西,yi|xi,yi3|xi1,0.85,1
仪仗,yi|zhang,yi2|zhang4,0.85,1
仪器,yi|qi,yi2|qi4,0.85,1
仪式,yi|shi,yi2|shi4,0.86,1
仪表,yi|biao,yi2|biao3,0.85,1
仲裁,zhong|cai,zhong4|cai2,0.85,1
价值,jia|zhi,jia4|zhi2,0.85,1
价格,jia|ge,jia4|ge2,0.85,1
任何,ren|he,ren4|he2,0.85,1
任何人,ren|he|ren,ren4|he2|ren2,0.85,1
任免,ren|mian,ren4|mian3,0.85,1
任务,ren|wu,ren4|wu0,0.85,1
任务组,ren|wu|zu,ren4|wu0|zu3,0.86,1
任命,ren|ming,ren4|ming4,0.85,1
任意,ren|yi,ren4|yi4,0.85,1
任教,ren|jiao,ren4|jiao4,0.85,1
任期,ren|qi,ren4|qi1,0.85,1
任用,ren|yong,ren4|yong4,0.85,1
任职,ren|zhi,ren4|zhi2,0.85,1
份额,fen|e,fen4|e2,0.85,1
仿佛,fang|fu,fang3|fu2,0.85,1
企业,qi|ye,qi3|ye4,0.85,1
企业家,qi|ye|jia,qi3|ye4|jia1,0.85,1
企图,qi|tu,qi3|tu2,0.85,1
休息,xiu|xi,xiu1|xi1,0.86,1
休息区,xiu|xi|qu,xiu1|xi1|qu1,0.86,1
休息室,xiu|xi|shi,xiu1|xi1|shi4,0.86,1
休整点,xiu|zheng|dian,xiu1|zheng3|dian3,0.86,1
休闲,xiu|xian,xiu1|xian2,0.85,1
众人,zhong|ren,zhong4|ren2,0.85,1
众将,zhong|jiang,zhong4|jiang1,0.85,1
优于,you|yu,you1|yu2,0.85,1
优先,you|xian,you1|xian1,0.85,1
优势,you|shi,you1|shi4,0.85,1
优化器,you|hua|qi,you1|hua4|qi4,0.86,1
优异,you|yi,you1|yi4,0.85,1
优惠,you|hui,you1|hui4,0.85,1
优点,you|dian,you1|dian3,0.85,1
优秀,you|xiu,you1|xiu4,0.85,1
优美,you|mei,you1|mei3,0.85,1
优良,you|liang,you1|liang2,0.85,1
优质,you|zhi,you1|zhi4,0.85,1
优越,you|yue,you1|yue4,0.85,1
伙伴,huo|ban,huo3|ban4,0.85,1
会上,hui|shang,hui4|shang4,0.85,1
会刊,hui|kan,hui4|kan1,0.86,1
会务,hui|wu,hui4|wu4,0.86,1
会务包,hui|wu|bao,hui4|wu4|bao1,0.86,1
会务组,hui|wu|zu,hui4|wu4|zu3,0.86,1
会合,hui|he,hui4|he2,0.85,1
会合点,hui|he|dian,hui4|he2|dian3,0.86,1
会同,hui|tong,hui4|tong2,0.85,1
会后,hui|hou,hui4|hou4,0.85,1
会员,hui|yuan,hui4|yuan2,0.85,1
会员价,hui|yuan|jia,hui4|yuan2|jia4,0.86,1
会员制,hui|yuan|zhi,hui4|yuan2|zhi4,0.86,1
会员国,hui|yuan|guo,hui4|yuan2|guo2,0.86,1
会场,hui|chang,hui4|chang3,0.86,1
会堂,hui|tang,hui4|tang2,0.86,1
会晤,hui|wu,hui4|wu4,0.85,1
会见,hui|jian,hui4|jian4,0.85,1
会计,kuai|ji,kuai4|ji4,0.85,1
会计师,kuai|ji|shi,kuai4|ji4|shi1,0.85,1
会议,hui|yi,hui4|yi4,0.86,1
会议厅,hui|yi|ting,hui4|yi4|ting1,0.86,1
会议员,hui|yi|yuan,hui4|yi4|yuan2,0.86,1
会议室,hui|yi|shi,hui4|yi4|shi4,0.86,1
会议桌,hui|yi|zhuo,hui4|yi4|zhuo1,0.86,1
会诊单,hui|zhen|dan,hui4|zhen3|dan1,0.86,1
会谈,hui|tan,hui4|tan2,0.85,1
会车点,hui|che|dian,hui4|che1|dian3,0.85,1
会长,hui|zhang,hui4|zhang3,0.85,1
伟大,wei|da,wei3|da4,0.85,1
传世,chuan|shi,chuan2|shi4,0.85,1
传入,chuan|ru,chuan2|ru4,0.85,1
传出,chuan|chu,chuan2|chu1,0.85,1
传到,chuan|dao,chuan2|dao4,0.85,1
传奇,chuan|qi,chuan2|qi2,0.85,1
传媒,chuan|mei,chuan2|mei2,0.85,1
传授,chuan|shou,chuan2|shou4,0.85,1
传播,chuan|bo,chuan2|bo1,0.85,1
传来,chuan|lai,chuan2|lai2,0.85,1
传染病,chuan|ran|bing,chuan2|ran3|bing4,0.85,1
传统,chuan|tong,chuan2|tong3,0.85,1
传译,chuan|yi,chuan2|yi4,0.86,1
传说,chuan|shuo,chuan2|shuo1,0.85,1
传输,chuan|shu,chuan2|shu1,0.85,1
传达,chuan|da,chuan2|da2,0.85,1
传送,chuan|song,chuan2|song4,0.85,1
传递,chuan|di,chuan2|di4,0.85,1
伤亡,shang|wang,shang1|wang2,0.85,1
伤势,shang|shi,shang1|shi4,0.85,1
伤口,shang|kou,shang1|kou3,0.85,1
伤害,shang|hai,shang1|hai4,0.85,1
伤心,shang|xin,shang1|xin1,0.85,1
估计,gu|ji,gu1|ji4,0.85,1
伴生,ban|sheng,ban4|sheng1,0.85,1
伴随,ban|sui,ban4|sui2,0.85,1
伸出,shen|chu,shen1|chu1,0.85,1
伸展,shen|zhan,shen1|zhan3,0.85,1
伸手,shen|shou,shen1|shou3,0.85,1
伺候,ci|hou,ci4|hou0,0.85,1
似乎,si|hu,si4|hu1,0.85,1
似地,si|di,si4|di4,0.85,1
但是,dan|shi,dan4|shi4,0.85,1
位于,wei|yu,wei4|yu2,0.85,1
位居,wei|ju,wei4|ju1,0.85,1
位置,wei|zhi,wei4|zhi4,0.85,1
低下,di|xia,di1|xia4,0.85,1
低于,di|yu,di1|yu2,0.85,1
低因豆,di|yin|dou,di1|yin1|dou4,0.86,1
低声,di|sheng,di1|sheng1,0.85,1
低头,di|tou,di1|tou2,0.85,1
低温,di|wen,di1|wen1,0.85,1
低糖,di|tang,di1|tang2,0.86,1
低脂奶,di|zhi|nai,di1|zhi1|nai3,0.86,1
住处,zhu|chu,zhu4|chu4,0.85,1
住宅,zhu|zhai,zhu4|zhai2,0.85,1
住宿,zhu|su,zhu4|su4,0.85,1
住房,zhu|fang,zhu4|fang2,0.85,1
住院,zhu|yuan,zhu4|yuan4,0.86,1
住院费,zhu|yuan|fei,zhu4|yuan4|fei4,0.86,1
住院部,zhu|yuan|bu,zhu4|yuan4|bu4,0.86,1
体会,ti|hui,ti3|hui4,0.85,1
体内,ti|nei,ti3|nei4,0.85,1
体制,ti|zhi,ti3|zhi4,0.85,1
体力,ti|li,ti3|li4,0.85,1
体感,ti|gan,ti3|gan3,0.86,1
体格,ti|ge,ti3|ge2,0.85,1
体检,ti|jian,ti3|jian3,0.85,1
体检科,ti|jian|ke,ti3|jian3|ke1,0.86,1
体温计,ti|wen|ji,ti3|wen1|ji4,0.86,1
体现,ti|xian,ti3|xian4,0.85,1
体积,ti|ji,ti3|ji1,0.85,1
体系,ti|xi,ti3|xi4,0.85,1
体育,ti|yu,ti3|yu4,0.85,1
体育场,ti|yu|chang,ti3|yu4|chang3,0.85,1
体质,ti|zhi,ti3|zhi4,0.85,1
体重,ti|zhong,ti3|zhong4,0.85,1
体长,ti|chang,ti3|chang2,0.85,1
体验,ti|yan,ti3|yan4,0.85,1
体验区,ti|yan|qu,ti3|yan4|qu1,0.86,1
何不,he|bu,he2|bu4,0.85,1
何以,he|yi,he2|yi3,0.85,1
何况,he|kuang,he2|kuang4,0.85,1
何处,he|chu,he2|chu4,0.85,1
何必,he|bi,he2|bi4,0.85,1
何时,he|shi,he2|shi2,0.85,1
何等,he|deng,he2|deng3,0.85,1
余地,yu|di,yu2|di4,0.85,1
余韵,yu|yun,yu2|yun4,0.86,1
余韵感,yu|yun|gan,yu2|yun4|gan3,0.86,1
余额,yu|e,yu2|e2,0.85,1
佛卡夏,fo|ka|xia,fo2|ka3|xia4,0.86,1
作业,zuo|ye,zuo4|ye4,0.85,1
作为,zuo|wei,zuo4|wei2,0.85,1
作出,zuo|chu,zuo4|chu1,0.85,1
作品,zuo|pin,zuo4|pin3,0.85,1
作家,zuo|jia,zuo4|jia1,0.85,1
作战,zuo|zhan,zuo4|zhan4,0.85,1
作文,zuo|wen,zuo4|wen2,0.85,1
作物,zuo|wu,zuo4|wu4,0.85,1
作用,zuo|yong,zuo4|yong4,0.85,1
作者,zuo|zhe,zuo4|zhe3,0.85,1
作证,zuo|zheng,zuo4|zheng4,0.86,1
作风,zuo|feng,zuo4|feng1,0.85,1
你们,ni|men,ni3|men0,0.85,1
你好,ni|hao,ni3|hao3,0.85,1
你家,ni|jia,ni3|jia1,0.85,1
佩服,pei|fu,pei4|fu2,0.85,1
佳肴,jia|yao,jia1|yao2,0.85,1
使出,shi|chu,shi3|chu1,0.85,1
使劲,shi|jin,shi3|jin4,0.85,1
使命,shi|ming,shi3|ming4,0.85,1
使得,shi|de,shi3|de0,0.85,1
使用,shi|yong,shi3|yong4,0.85,1
使者,shi|zhe,shi3|zhe3,0.85,1
使馆,shi|guan,shi3|guan3,0.85,1
侄儿,zhi|er,zhi2|er2,0.85,1
例外,li|wai,li4|wai4,0.85,1
例如,li|ru,li4|ru2,0.85,1
例子,li|zi,li4|zi3,0.85,1
例行,li|xing,li4|xing2,0.85,1
侍候,shi|hou,shi4|hou4,0.85,1
供养,gong|yang,gong4|yang3,0.85,1
供奉,gong|feng,gong4|feng4,0.85,1
供应,gong|ying,gong1|ying4,0.85,1
供给,gong|ji,gong1|ji3,0.85,1
依托,yi|tuo,yi1|tuo1,0.85,1
依据,yi|ju,yi1|ju4,0.85,1
依旧,yi|jiu,yi1|jiu4,0.85,1
依次,yi|ci,yi1|ci4,0.85,1
依法,yi|fa,yi1|fa3,0.85,1
依然,yi|ran,yi1|ran2,0.85,1
依照,yi|zhao,yi1|zhao4,0.85,1
依赖,yi|lai,yi1|lai4,0.85,1
依靠,yi|kao,yi1|kao4,0.85,1
侥幸,jiao|xing,jiao3|xing4,0.85,1
侦察,zhen|cha,zhen1|cha2,0.85,1
侧面,ce|mian,ce4|mian4,0.85,1
侵入,qin|ru,qin1|ru4,0.85,1
侵占,qin|zhan,qin1|zhan4,0.85,1
侵犯,qin|fan,qin1|fan4,0.85,1
侵略,qin|le,qin1|le4,0.85,1
侵略军,qin|le|jun,qin1|le4|jun1,0.85,1
侵略者,qin|le|zhe,qin1|le4|zhe3,0.85,1
侵蚀,qin|shi,qin1|shi2,0.85,1
便于,bian|yu,bian4|yu2,0.85,1
便利,bian|li,bian4|li4,0.85,1
便宜,pian|yi,pian2|yi0,0.85,1
便捷,bian|jie,bian4|jie2,0.85,1
便是,bian|shi,bian4|shi4,0.85,1
促使,cu|shi,cu4|shi3,0.85,1
促成,cu|cheng,cu4|cheng2,0.85,1
促进,cu|jin,cu4|jin4,0.85,1
俗名,su|ming,su2|ming2,0.85,1
俗称,su|cheng,su2|cheng1,0.85,1
俘虏,fu|lu,fu2|lu3,0.85,1
保住,bao|zhu,bao3|zhu4,0.85,1
保全,bao|quan,bao3|quan2,0.85,1
保卫,bao|wei,bao3|wei4,0.85,1
保存,bao|cun,bao3|cun2,0.85,1
保守,bao|shou,bao3|shou3,0.85,1
保定,bao|ding,bao3|ding4,0.85,1
保密,bao|mi,bao3|mi4,0.85,1
保护,bao|hu,bao3|hu4,0.85,1
保持,bao|chi,bao3|chi2,0.85,1
保洁部,bao|jie|bu,bao3|jie2|bu4,0.86,1
保温杯,bao|wen|bei,bao3|wen1|bei1,0.86,1
保留,bao|liu,bao3|liu2,0.85,1
保证,bao|zheng,bao3|zheng4,0.85,1
保险,bao|xian,bao3|xian3,0.86,1
保险丝,bao|xian|si,bao3|xian3|si1,0.85,1
保险人,bao|xian|ren,bao3|xian3|ren2,0.85,1
保险单,bao|xian|dan,bao3|xian3|dan1,0.85,1
保险柜,bao|xian|gui,bao3|xian3|gui4,0.85,1
保险法,bao|xian|fa,bao3|xian3|fa3,0.85,1
保险箱,bao|xian|xiang,bao3|xian3|xiang1,0.85,1
保险费,bao|xian|fei,bao3|xian3|fei4,0.85,1
保险金,bao|xian|jin,bao3|xian3|jin1,0.85,1
保障,bao|zhang,bao3|zhang4,0.85,1
保鲜罐,bao|xian|guan,bao3|xian1|guan4,0.86,1
信仰,xin|yang,xin4|yang3,0.85,1
信件,xin|jian,xin4|jian4,0.85,1
信任,xin|ren,xin4|ren4,0.85,1
信号,xin|hao,xin4|hao4,0.85,1
信号源,xin|hao|yuan,xin4|hao4|yuan2,0.86,1
信奉,xin|feng,xin4|feng4,0.85,1
信心,xin|xin,xin4|xin1,0.85,1
信念,xin|nian,xin4|nian4,0.85,1
信息,xin|xi,xin4|xi1,0.85,1
信息化,xin|xi|hua,xin4|xi1|hua4,0.85,1
信息牌,xin|xi|pai,xin4|xi1|pai2,0.86,1
信用,xin|yong,xin4|yong4,0.85,1
信贷,xin|dai,xin4|dai4,0.85,1
修养,xiu|yang,xiu1|yang3,0.85,1
修复,xiu|fu,xiu1|fu4,0.85,1
修建,xiu|jian,xiu1|jian4,0.85,1
修改,xiu|gai,xiu1|gai3,0.85,1
修炼,xiu|lian,xiu1|lian4,0.85,1
修理,xiu|li,xiu1|li3,0.85,1
修理费,xiu|li|fei,xiu1|li3|fei4,0.86,1
修筑,xiu|zhu,xiu1|zhu4,0.85,1
修缮,xiu|shan,xiu1|shan4,0.85,1
修行,xiu|xing,xiu1|xing2,0.85,1
修订,xiu|ding,xiu1|ding4,0.85,1
俯身,fu|shen,fu3|shen1,0.85,1
俱乐部,ju|le|bu,ju4|le4|bu4,0.85,1
倒退,dao|tui,dao3|tui4,0.85,1
倒霉,dao|mei,dao3|mei2,0.85,1
倘使,tang|shi,tang3|shi3,0.85,1
倘若,tang|ruo,tang3|ruo4,0.85,1
候乘区,hou|cheng|qu,hou4|cheng2|qu1,0.85,1
候会区,hou|hui|qu,hou4|hui4|qu1,0.86,1
候场区,hou|chang|qu,hou4|chang3|qu1,0.86,1
候客区,hou|ke|qu,hou4|ke4|qu1,0.86,1
候客室,hou|ke|shi,hou4|ke4|shi4,0.86,1
候机,hou|ji,hou4|ji1,0.86,1
候机厅,hou|ji|ting,hou4|ji1|ting1,0.86,1
候机楼,hou|ji|lou,hou4|ji1|lou2,0.86,1
候船厅,hou|chuan|ting,hou4|chuan2|ting1,0.86,1
候车,hou|che,hou4|che1,0.86,1
候车亭,hou|che|ting,hou4|che1|ting2,0.86,1
候车区,hou|che|qu,hou4|che1|qu1,0.86,1
候车厅,hou|che|ting,hou4|che1|ting1,0.86,1
候车室,hou|che|shi,hou4|che1|shi4,0.86,1
候选,hou|xuan,hou4|xuan3,0.92,1
候选人,hou|xuan|ren,hou4|xuan3|ren2,0.85,1
借以,jie|yi,jie4|yi3,0.85,1
借助,jie|zhu,jie4|zhu4,0.85,1
借口,jie|kou,jie4|kou3,0.85,1
借款,jie|kuan,jie4|kuan3,0.85,1
借鉴,jie|jian,jie4|jian4,0.85,1
倡导,chang|dao,chang4|dao3,0.85,1
倡议,chang|yi,chang4|yi4,0.85,1
债券,zhai|quan,zhai4|quan4,0.85,1
债务,zhai|wu,zhai4|wu4,0.85,1
值守点,zhi|shou|dian,zhi2|shou3|dian3,0.86,1
值得,zhi|de,zhi2|de2,0.85,1
值机,zhi|ji,zhi2|ji1,0.86,1
值机区,zhi|ji|qu,zhi2|ji1|qu1,0.86,1
值机台,zhi|ji|tai,zhi2|ji1|tai2,0.86,1
值机员,zhi|ji|yuan,zhi2|ji1|yuan2,0.86,1
值班室,zhi|ban|shi,zhi2|ban1|shi4,0.86,1
值班表,zhi|ban|biao,zhi2|ban1|biao3,0.86,1
倾向,qing|xiang,qing1|xiang4,0.85,1
倾听,qing|ting,qing1|ting1,0.85,1
倾斜,qing|xie,qing1|xie2,0.85,1
假使,jia|shi,jia3|shi3,0.85,1
假如,jia|ru,jia3|ru2,0.85,1
假定,jia|ding,jia3|ding4,0.85,1
假期,jia|qi,jia4|qi1,0.85,1
假装,jia|zhuang,jia3|zhuang1,0.85,1
假设,jia|she,jia3|she4,0.85,1
偏偏,pian|pian,pian1|pian1,0.85,1
偏置,pian|zhi,pian1|zhi4,0.86,1
偏重,pian|zhong,pian1|zhong4,0.85,1
做事,zuo|shi,zuo4|shi4,0.85,1
做人,zuo|ren,zuo4|ren2,0.85,1
做出,zuo|chu,zuo4|chu1,0.85,1
做到,zuo|dao,zuo4|dao4,0.85,1
做好,zuo|hao,zuo4|hao3,0.85,1
做成,zuo|cheng,zuo4|cheng2,0.85,1
做法,zuo|fa,zuo4|fa3,0.85,1
做饭,zuo|fan,zuo4|fan4,0.85,1
停下,ting|xia,ting2|xia4,0.85,1
停止,ting|zhi,ting2|zhi3,0.85,1
停留,ting|liu,ting2|liu2,0.85,1
停车,ting|che,ting2|che1,0.86,1
停车位,ting|che|wei,ting2|che1|wei4,0.86,1
停车券,ting|che|quan,ting2|che1|quan4,0.86,1
停车区,ting|che|qu,ting2|che1|qu1,0.85,1
停车场,ting|che|chang,ting2|che1|chang3,0.86,1
停车楼,ting|che|lou,ting2|che1|lou2,0.86,1
停车点,ting|che|dian,ting2|che1|dian3,0.86,1
停车费,ting|che|fei,ting2|che1|fei4,0.86,1
健全,jian|quan,jian4|quan2,0.85,1
健康,jian|kang,jian4|kang1,0.85,1
健身,jian|shen,jian4|shen1,0.85,1
偶尔,ou|er,ou3|er3,0.85,1
偶然,ou|ran,ou3|ran2,0.85,1
偷偷,tou|tou,tou1|tou1,0.85,1
傀儡,kui|lei,kui3|lei3,0.85,1
傍晚,bang|wan,bang4|wan3,0.85,1
储备,chu|bei,chu3|bei4,0.85,1
储存,chu|cun,chu3|cun2,0.85,1
储物间,chu|wu|jian,chu3|wu4|jian1,0.86,1
储量,chu|liang,chu3|liang4,0.85,1
催促,cui|cu,cui1|cu4,0.85,1
催化剂,cui|hua|ji,cui1|hua4|ji4,0.85,1
催单,cui|dan,cui1|dan1,0.9,1
傻子,sha|zi,sha3|zi3,0.85,1
像是,xiang|shi,xiang4|shi4,0.85,1
僧人,seng|ren,seng1|ren2,0.85,1
僵尸,jiang|shi,jiang1|shi1,0.85,1
儒家,ru|jia,ru2|jia1,0.85,1
儿子,er|zi,er2|zi0,0.85,1
儿科,er|ke,er2|ke1,0.86,1
儿科学,er|ke|xue,er2|ke1|xue2,0.86,1
儿童,er|tong,er2|tong2,0.86,1
儿童剧,er|tong|ju,er2|tong2|ju4,0.86,1
儿童期,er|tong|qi,er2|tong2|qi1,0.86,1
儿童票,er|tong|piao,er2|tong2|piao4,0.86,1
儿童节,er|tong|jie,er2|tong2|jie2,0.86,1
儿童餐,er|tong|can,er2|tong2|can1,0.86,1
兀自,wu|zi,wu4|zi4,0.85,1
允许,yun|xu,yun3|xu3,0.85,1
元代,yuan|dai,yuan2|dai4,0.85,1
元学习,yuan|xue|xi,yuan2|xue2|xi2,0.86,1
元年,yuan|nian,yuan2|nian2,0.85,1
元朝,yuan|chao,yuan2|chao2,0.85,1
元素,yuan|su,yuan2|su4,0.85,1
元首,yuan|shou,yuan2|shou3,0.85,1
兄弟,xiong|di,xiong1|di4,0.85,1
兄长,xiong|zhang,xiong1|zhang3,0.85,1
充分,chong|fen,chong1|fen4,0.85,1
充实,chong|shi,chong1|shi2,0.85,1
充当,chong|dang,chong1|dang1,0.85,1
充满,chong|man,chong1|man3,0.85,1
充电,chong|dian,chong1|dian4,0.85,1
充电口,chong|dian|kou,chong1|dian4|kou3,0.85,1
充电柜,chong|dian|gui,chong1|dian4|gui4,0.86,1
充电桩,chong|dian|zhuang,chong1|dian4|zhuang1,0.86,1
充电站,chong|dian|zhan,chong1|dian4|zhan4,0.85,1
充足,chong|zu,chong1|zu2,0.85,1
先令,xian|ling,xian1|ling4,0.85,1
先前,xian|qian,xian1|qian2,0.85,1
先后,xian|hou,xian1|hou4,0.85,1
先是,xian|shi,xian1|shi4,0.85,1
先生,xian|sheng,xian1|sheng1,0.85,1
先行,xian|xing,xian1|xing2,0.85,1
先进,xian|jin,xian1|jin4,0.85,1
先锋,xian|feng,xian1|feng1,0.85,1
先驱,xian|qu,xian1|qu1,0.85,1
光学,guang|xue,guang1|xue2,0.85,1
光度计,guang|du|ji,guang1|du4|ji4,0.86,1
光彩,guang|cai,guang1|cai3,0.85,1
光明,guang|ming,guang1|ming2,0.85,1
光泽,guang|ze,guang1|ze2,0.85,1
光电,guang|dian,guang1|dian4,0.85,1
光线,guang|xian,guang1|xian4,0.85,1
光绪,guang|xu,guang1|xu4,0.85,1
光芒,guang|mang,guang1|mang2,0.85,1
光谱,guang|pu,guang1|pu3,0.85,1
光谷,guang|gu,guang1|gu3,0.85,1
克服,ke|fu,ke4|fu2,0.85,1
免得,mian|de,mian3|de0,0.85,1
免疫,mian|yi,mian3|yi4,0.85,1
免票,mian|piao,mian3|piao4,0.86,1
免费,mian|fei,mian3|fei4,0.85,1
兑换,dui|huan,dui4|huan4,0.85,1
党内,dang|nei,dang3|nei4,0.85,1
党员,dang|yuan,dang3|yuan2,0.85,1
党委,dang|wei,dang3|wei3,0.85,1
党政,dang|zheng,dang3|zheng4,0.85,1
党派,dang|pai,dang3|pai4,0.85,1
党组,dang|zu,dang3|zu3,0.85,1
入住,ru|zhu,ru4|zhu4,0.85,1
入住单,ru|zhu|dan,ru4|zhu4|dan1,0.86,1
入住率,ru|zhu|l,ru4|zhu4|l4,0.86,1
入侵,ru|qin,ru4|qin1,0.85,1
入园,ru|yuan,ru4|yuan2,0.86,1
入园口,ru|yuan|kou,ru4|yuan2|kou3,0.86,1
入场口,ru|chang|kou,ru4|chang3|kou3,0.86,1
入境,ru|jing,ru4|jing4,0.85,1
入学,ru|xue,ru4|xue2,0.85,1
入学率,ru|xue|l,ru4|xue2|l4,0.85,1
入院单,ru|yuan|dan,ru4|yuan4|dan1,0.86,1
全世界,quan|shi|jie,quan2|shi4|jie4,0.85,1
全书,quan|shu,quan2|shu1,0.85,1
全会,quan|hui,quan2|hui4,0.85,1
全体,quan|ti,quan2|ti3,0.85,1
全党,quan|dang,quan2|dang3,0.85,1
全军,quan|jun,quan2|jun1,0.85,1
全力,quan|li,quan2|li4,0.85,1
全县,quan|xian,quan2|xian4,0.85,1
全国,quan|guo,quan2|guo2,0.85,1
全国性,quan|guo|xing,quan2|guo2|xing4,0.85,1
全场,quan|chang,quan2|chang3,0.85,1
全城,quan|cheng,quan2|cheng2,0.85,1
全境,quan|jing,quan2|jing4,0.85,1
全家,quan|jia,quan2|jia1,0.85,1
全局,quan|ju,quan2|ju2,0.85,1
全市,quan|shi,quan2|shi4,0.85,1
全文,quan|wen,quan2|wen2,0.85,1
全新,quan|xin,quan2|xin1,0.85,1
全景图,quan|jing|tu,quan2|jing3|tu2,0.86,1
全民,quan|min,quan2|min2,0.85,1
全然,quan|ran,quan2|ran2,0.85,1
全球,quan|qiu,quan2|qiu2,0.85,1
全球化,quan|qiu|hua,quan2|qiu2|hua4,0.85,1
全省,quan|sheng,quan2|sheng3,0.85,1
全称,quan|cheng,quan2|cheng1,0.85,1
全糖,quan|tang,quan2|tang2,0.86,1
全脂奶,quan|zhi|nai,quan2|zhi1|nai3,0.86,1
全身,quan|shen,quan2|shen1,0.85,1
全部,quan|bu,quan2|bu4,0.85,1
全都,quan|dou,quan2|dou1,0.85,1
全长,quan|chang,quan2|chang2,0.85,1
全面,quan|mian,quan2|mian4,0.85,1
八卦,ba|gua,ba1|gua4,0.85,1
八年,ba|nian,ba1|nian2,0.85,1
八戒,ba|jie,ba1|jie4,0.85,1
八旗,ba|qi,ba1|qi2,0.85,1
八月,ba|yue,ba1|yue4,0.85,1
八路军,ba|lu|jun,ba1|lu4|jun1,0.85,1
公主,gong|zhu,gong1|zhu3,0.85,1
公交站,gong|jiao|zhan,gong1|jiao1|zhan4,0.9,1
公交车,gong|jiao|che,gong1|jiao1|che1,0.86,1
公众,gong|zhong,gong1|zhong4,0.85,1
公使,gong|shi,gong1|shi3,0.85,1
公元,gong|yuan,gong1|yuan2,0.85,1
公元前,gong|yuan|qian,gong1|yuan2|qian2,0.85,1
公公,gong|gong,gong1|gong0,0.85,1
公共,gong|gong,gong1|gong4,0.85,1
公务,gong|wu,gong1|wu4,0.85,1
公务员,gong|wu|yuan,gong1|wu4|yuan2,0.85,1
公司,gong|si,gong1|si1,0.85,1
公告,gong|gao,gong1|gao4,0.85,1
公告栏,gong|gao|lan,gong1|gao4|lan2,0.86,1
公园,gong|yuan,gong1|yuan2,0.85,1
公子,gong|zi,gong1|zi3,0.85,1
公安,gong|an,gong1|an1,0.85,1
公寓,gong|yu,gong1|yu4,0.85,1
公布,gong|bu,gong1|bu4,0.85,1
公平,gong|ping,gong1|ping2,0.85,1
公开,gong|kai,gong1|kai1,0.85,1
公式,gong|shi,gong1|shi4,0.85,1
公报,gong|bao,gong1|bao4,0.85,1
公斤,gong|jin,gong1|jin1,0.85,1
公有,gong|you,gong1|you3,0.85,1
公民,gong|min,gong1|min2,0.85,1
公然,gong|ran,gong1|ran2,0.85,1
公生桥,gong|sheng|qiao,gong1|sheng1|qiao2,0.85,1
公社,gong|she,gong1|she4,0.85,1
公积金,gong|ji|jin,gong1|ji1|jin1,0.85,1
公约,gong|yue,gong1|yue1,0.85,1
公职,gong|zhi,gong1|zhi2,0.85,1
公认,gong|ren,gong1|ren4,0.85,1
公路,gong|lu,gong1|lu4,0.85,1
公道,gong|dao,gong1|dao4,0.85,1
公里,gong|li,gong1|li3,0.85,1
公顷,gong|qing,gong1|qing3,0.85,1
六月,liu|yue,liu4|yue4,0.85,1
兰梅,lan|mei,lan2|mei2,0.35,1
共享,gong|xiang,gong4|xiang3,0.85,1
共同,gong|tong,gong4|tong2,0.85,1
共有,gong|you,gong4|you3,0.85,1
共识,gong|shi,gong4|shi2,0.85,1
关上,guan|shang,guan1|shang4,0.85,1
关中,guan|zhong,guan1|zhong1,0.85,1
关于,guan|yu,guan1|yu2,0.85,1
关切,guan|qie,guan1|qie4,0.85,1
关头,guan|tou,guan1|tou2,0.85,1
关心,guan|xin,guan1|xin1,0.85,1
关注,guan|zhu,guan1|zhu4,0.85,1
关税,guan|shui,guan1|shui4,0.85,1
关窗户,guan|chuang|hu,guan1|chuang1|hu4,0.86,1
关系,guan|xi,guan1|xi4,0.85,1
关系人,guan|xi|ren,guan1|xi4|ren2,0.85,1
关节,guan|jie,guan1|jie2,0.85,1
关键,guan|jian,guan1|jian4,0.85,1
关闭,guan|bi,guan1|bi4,0.85,1
兴奋,xing|fen,xing1|fen4,0.85,1
兴建,xing|jian,xing1|jian4,0.85,1
兴衰,xing|shuai,xing1|shuai1,0.85,1
兴起,xing|qi,xing1|qi3,0.85,1
兴趣,xing|qu,xing4|qu4,0.85,1
兵刃,bing|ren,bing1|ren4,0.85,1
兵力,bing|li,bing1|li4,0.85,1
兵器,bing|qi,bing1|qi4,0.85,1
兵团,bing|tuan,bing1|tuan2,0.85,1
兵部,bing|bu,bing1|bu4,0.85,1
兵马,bing|ma,bing1|ma3,0.85,1
其一,qi|yi,qi2|yi1,0.85,1
其中,qi|zhong,qi2|zhong1,0.85,1
其他,qi|ta,qi2|ta1,0.85,1
其他人,qi|ta|ren,qi2|ta1|ren2,0.85,1
其余,qi|yu,qi2|yu2,0.85,1
其后,qi|hou,qi2|hou4,0.85,1
其它,qi|ta,qi2|ta1,0.85,1
其实,qi|shi,qi2|shi2,0.85,1
其时,qi|shi,qi2|shi2,0.85,1
其次,qi|ci,qi2|ci4,0.85,1
其间,qi|jian,qi2|jian1,0.85,1
具体,ju|ti,ju4|ti3,0.85,1
具备,ju|bei,ju4|bei4,0.85,1
具有,ju|you,ju4|you3,0.85,1
典型,dian|xing,dian3|xing2,0.85,1
典礼,dian|li,dian3|li3,0.85,1
养成,yang|cheng,yang3|cheng2,0.85,1
养殖,yang|zhi,yang3|zhi2,0.85,1
养路费,yang|lu|fei,yang3|lu4|fei4,0.85,1
兼任,jian|ren,jian1|ren4,0.85,1
兼备,jian|bei,jian1|bei4,0.85,1
兼并,jian|bing,jian1|bing4,0.85,1
兼有,jian|you,jian1|you3,0.85,1
兼职,jian|zhi,jian1|zhi2,0.85,1
兼顾,jian|gu,jian1|gu4,0.85,1
内分泌,nei|fen|mi,nei4|fen1|mi4,0.86,1
内力,nei|li,nei4|li4,0.85,1
内功,nei|gong,nei4|gong1,0.85,1
内在,nei|zai,nei4|zai4,0.85,1
内地,nei|di,nei4|di4,0.85,1
内处理,nei|chu|li,nei4|chu3|li3,0.86,1
内外,nei|wai,nei4|wai4,0.85,1
内存,nei|cun,nei4|cun2,0.85,1
内容,nei|rong,nei4|rong2,0.85,1
内心,nei|xin,nei4|xin1,0.85,1
内战,nei|zhan,nei4|zhan4,0.85,1
内政,nei|zheng,nei4|zheng4,0.85,1
内涵,nei|han,nei4|han2,0.85,1
内科,nei|ke,nei4|ke1,0.86,1
内讧,nei|hong,nei4|hong4,0.85,1
内部,nei|bu,nei4|bu4,0.85,1
内镜,nei|jing,nei4|jing4,0.86,1
内阁,nei|ge,nei4|ge2,0.85,1
内陆,nei|lu,nei4|lu4,0.85,1
再三,zai|san,zai4|san1,0.85,1
再也,zai|ye,zai4|ye3,0.85,1
再度,zai|du,zai4|du4,0.85,1
再有,zai|you,zai4|you3,0.85,1
再次,zai|ci,zai4|ci4,0.85,1
再生,zai|sheng,zai4|sheng1,0.85,1
再生产,zai|sheng|chan,zai4|sheng1|chan3,0.85,1
再说,zai|shuo,zai4|shuo1,0.85,1
冒菜,mao|cai,mao4|cai4,0.86,1
冒险,mao|xian,mao4|xian3,0.85,1
写下,xie|xia,xie3|xia4,0.85,1
写作,xie|zuo,xie3|zuo4,0.85,1
写信,xie|xin,xie3|xin4,0.85,1
写出,xie|chu,xie3|chu1,0.85,1
写字台,xie|zi|tai,xie3|zi4|tai2,0.86,1
写成,xie|cheng,xie3|cheng2,0.85,1
写道,xie|dao,xie3|dao4,0.85,1
军中,jun|zhong,jun1|zhong1,0.85,1
军事,jun|shi,jun1|shi4,0.85,1
军人,jun|ren,jun1|ren2,0.85,1
军区,jun|qu,jun1|qu1,0.85,1
军团,jun|tuan,jun1|tuan2,0.85,1
军士,jun|shi,jun1|shi4,0.85,1
军官,jun|guan,jun1|guan1,0.85,1
军师,jun|shi,jun1|shi1,0.85,1
军政,jun|zheng,jun1|zheng4,0.85,1
军方,jun|fang,jun1|fang1,0.85,1
军民,jun|min,jun1|min2,0.85,1
军用,jun|yong,jun1|yong4,0.85,1
军舰,jun|jian,jun1|jian4,0.85,1
军营,jun|ying,jun1|ying2,0.85,1
军警,jun|jing,jun1|jing3,0.85,1
军费,jun|fei,jun1|fei4,0.85,1
军长,jun|zhang,jun1|zhang3,0.85,1
军阀,jun|fa,jun1|fa2,0.85,1
军队,jun|dui,jun1|dui4,0.85,1
军马,jun|ma,jun1|ma3,0.85,1
农业,nong|ye,nong2|ye4,0.85,1
农产品,nong|chan|pin,nong2|chan3|pin3,0.85,1
农作物,nong|zuo|wu,nong2|zuo4|wu4,0.85,1
农历,nong|li,nong2|li4,0.85,1
农场,nong|chang,nong2|chang3,0.85,1
农奴,nong|nu,nong2|nu2,0.85,1
农村,nong|cun,nong2|cun1,0.85,1
农民,nong|min,nong2|min2,0.85,1
农田,nong|tian,nong2|tian2,0.85,1
冠军,guan|jun,guan4|jun1,0.85,1
冤枉,yuan|wang,yuan1|wang3,0.85,1
冬天,dong|tian,dong1|tian1,0.85,1
冬季,dong|ji,dong1|ji4,0.85,1
冰冷,bing|leng,bing1|leng3,0.85,1
冰咖啡,bing|ka|fei,bing1|ka1|fei1,0.9,1
冰拿铁,bing|na|tie,bing1|na2|tie3,0.85,1
冰敷袋,bing|fu|dai,bing1|fu1|dai4,0.86,1
冰滴,bing|di,bing1|di1,0.86,1
冰滴液,bing|di|ye,bing1|di1|ye4,0.86,1
冰箱,bing|xiang,bing1|xiang1,0.86,1
冰美式,bing|mei|shi,bing1|mei3|shi4,0.85,1
冰雪,bing|xue,bing1|xue3,0.85,1
冰饮,bing|yin,bing1|yin3,0.86,1
冲出,chong|chu,chong1|chu1,0.85,1
冲击,chong|ji,chong1|ji1,0.85,1
冲动,chong|dong,chong1|dong4,0.85,1
冲破,chong|po,chong1|po4,0.85,1
冲突,chong|tu,chong1|tu1,0.85,1
决不,jue|bu,jue2|bu4,0.85,1
决不能,jue|bu|neng,jue2|bu4|neng2,0.85,1
决定,jue|ding,jue2|ding4,0.85,1
决定性,jue|ding|xing,jue2|ding4|xing4,0.85,1
决心,jue|xin,jue2|xin1,0.85,1
决战,jue|zhan,jue2|zhan4,0.85,1
决策,jue|ce,jue2|ce4,0.85,1
决计,jue|ji,jue2|ji4,0.85,1
决议,jue|yi,jue2|yi4,0.86,1
决议案,jue|yi|an,jue2|yi4|an4,0.86,1
决赛,jue|sai,jue2|sai4,0.85,1
况且,kuang|qie,kuang4|qie3,0.85,1
冶金,ye|jin,ye3|jin1,0.85,1
冷却,leng|que,leng3|que4,0.85,1
冷战,leng|zhan,leng3|zhan4,0.85,1
冷萃,leng|cui,leng3|cui4,0.86,1
冷萃液,leng|cui|ye,leng3|cui4|ye4,0.86,1
冷藏柜,leng|cang|gui,leng3|cang2|gui4,0.86,1
冷静,leng|jing,leng3|jing4,0.85,1
净利润,jing|li|run,jing4|li4|run4,0.85,1
净化器,jing|hua|qi,jing4|hua4|qi4,0.86,1
准则,zhun|ze,zhun3|ze2,0.85,1
准备,zhun|bei,zhun3|bei4,0.85,1
准确,zhun|que,zhun3|que4,0.86,1
准确度,zhun|que|du,zhun3|que4|du4,0.86,1
准确性,zhun|que|xing,zhun3|que4|xing4,0.86,1
准确率,zhun|que|l,zhun3|que4|l4,0.86,1
凌晨,ling|chen,ling2|chen2,0.85,1
减小,jian|xiao,jian3|xiao3,0.85,1
减少,jian|shao,jian3|shao3,0.85,1
减弱,jian|ruo,jian3|ruo4,0.85,1
减肥,jian|fei,jian3|fei2,0.85,1
减轻,jian|qing,jian3|qing1,0.85,1
凝神,ning|shen,ning2|shen2,0.85,1
凝聚,ning|ju,ning2|ju4,0.85,1
凝视,ning|shi,ning2|shi4,0.85,1
几乎,ji|hu,ji1|hu1,0.85,1
几何,ji|he,ji3|he2,0.85,1
几经,ji|jing,ji3|jing1,0.85,1
凡是,fan|shi,fan2|shi4,0.85,1
凭借,ping|jie,ping2|jie4,0.85,1
凭条,ping|tiao,ping2|tiao2,0.86,1
凶猛,xiong|meng,xiong1|meng3,0.85,1
凶险,xiong|xian,xiong1|xian3,0.85,1
出于,chu|yu,chu1|yu2,0.85,1
出任,chu|ren,chu1|ren4,0.85,1
出入,chu|ru,chu1|ru4,0.85,1
出入口,chu|ru|kou,chu1|ru4|kou3,0.85,1
出兵,chu|bing,chu1|bing1,0.85,1
出击,chu|ji,chu1|ji1,0.85,1
出动,chu|dong,chu1|dong4,0.85,1
出卖,chu|mai,chu1|mai4,0.85,1
出去,chu|qu,chu1|qu4,0.85,1
出发,chu|fa,chu1|fa1,0.86,1
出发厅,chu|fa|ting,chu1|fa1|ting1,0.86,1
出发地,chu|fa|di,chu1|fa1|di4,0.86,1
出发层,chu|fa|ceng,chu1|fa1|ceng2,0.86,1
出发点,chu|fa|dian,chu1|fa1|dian3,0.86,1
出口,chu|kou,chu1|kou3,0.85,1
出台,chu|tai,chu1|tai2,0.85,1
出名,chu|ming,chu1|ming2,0.85,1
出售,chu|shou,chu1|shou4,0.85,1
出园,chu|yuan,chu1|yuan2,0.86,1
出园口,chu|yuan|kou,chu1|yuan2|kou3,0.86,1
出国,chu|guo,chu1|guo2,0.85,1
出土,chu|tu,chu1|tu3,0.85,1
出场,chu|chang,chu1|chang3,0.85,1
出场口,chu|chang|kou,chu1|chang3|kou3,0.86,1
出境,chu|jing,chu1|jing4,0.85,1
出席,chu|xi,chu1|xi2,0.85,1
出征,chu|zheng,chu1|zheng1,0.85,1
出手,chu|shou,chu1|shou3,0.85,1
出来,chu|lai,chu1|lai2,0.85,1
出杯口,chu|bei|kou,chu1|bei1|kou3,0.86,1
出版,chu|ban,chu1|ban3,0.85,1
出版社,chu|ban|she,chu1|ban3|she4,0.85,1
出现,chu|xian,chu1|xian4,0.85,1
出生,chu|sheng,chu1|sheng1,0.85,1
出租,chu|zu,chu1|zu1,0.85,1
出租率,chu|zu|l,chu1|zu1|l4,0.85,1
出租车,chu|zu|che,chu1|zu1|che1,0.86,1
出站,chu|zhan,chu1|zhan4,0.86,1
出站口,chu|zhan|kou,chu1|zhan4|kou3,0.85,1
出自,chu|zi,chu1|zi4,0.85,1
出色,chu|se,chu1|se4,0.85,1
出血,chu|xue,chu1|xue4,0.85,1
出路,chu|lu,chu1|lu4,0.85,1
出身,chu|shen,chu1|shen1,0.85,1
出门,chu|men,chu1|men2,0.85,1
出院,chu|yuan,chu1|yuan4,0.86,1
出院单,chu|yuan|dan,chu1|yuan4|dan1,0.86,1
出面,chu|mian,chu1|mian4,0.85,1
击中,ji|zhong,ji1|zhong4,0.85,1
击落,ji|luo,ji1|luo4,0.85,1
击败,ji|bai,ji1|bai4,0.85,1
函数,han|shu,han2|shu4,0.85,1
刀削面,dao|xiao|mian,dao1|xiao1|mian4,0.86,1
刀剑,dao|jian,dao1|jian4,0.85,1
刀子,dao|zi,dao1|zi3,0.85,1
刀法,dao|fa,dao1|fa3,0.85,1
分为,fen|wei,fen1|wei2,0.85,1
分享,fen|xiang,fen1|xiang3,0.85,1
分享壶,fen|xiang|hu,fen1|xiang3|hu2,0.86,1
分享杯,fen|xiang|bei,fen1|xiang3|bei1,0.86,1
分会,fen|hui,fen1|hui4,0.86,1
分会场,fen|hui|chang,fen1|hui4|chang3,0.86,1
分公司,fen|gong|si,fen1|gong1|si1,0.85,1
分别,fen|bie,fen1|bie2,0.85,1
分割,fen|ge,fen1|ge1,0.85,1
分化,fen|hua,fen1|hua4,0.85,1
分区图,fen|qu|tu,fen1|qu1|tu2,0.86,1
分子,fen|zi,fen1|zi3,0.85,1
分工,fen|gong,fen1|gong1,0.85,1
分布,fen|bu,fen1|bu4,0.86,1
分布区,fen|bu|qu,fen1|bu4|qu1,0.86,1
分布图,fen|bu|tu,fen1|bu4|tu2,0.86,1
分布式,fen|bu|shi,fen1|bu4|shi4,0.86,1
分开,fen|kai,fen1|kai1,0.85,1
分成,fen|cheng,fen1|cheng2,0.85,1
分支,fen|zhi,fen1|zhi1,0.85,1
分散,fen|san,fen1|san4,0.85,1
分数,fen|shu,fen1|shu4,0.85,1
分数线,fen|shu|xian,fen1|shu4|xian4,0.85,1
分明,fen|ming,fen1|ming2,0.85,1
分析,fen|xi,fen1|xi1,0.85,1
分歧,fen|qi,fen1|qi2,0.85,1
分水岭,fen|shui|ling,fen1|shui3|ling3,0.85,1
分泌,fen|mi,fen1|mi4,0.85,1
分流,fen|liu,fen1|liu2,0.85,1
分流线,fen|liu|xian,fen1|liu2|xian4,0.85,1
分流网,fen|liu|wang,fen1|liu2|wang3,0.86,1
分离,fen|li,fen1|li2,0.85,1
分类,fen|lei,fen1|lei4,0.85,1
分裂,fen|lie,fen1|lie4,0.85,1
分解,fen|jie,fen1|jie3,0.85,1
分诊台,fen|zhen|tai,fen1|zhen3|tai2,0.86,1
分词,fen|ci,fen1|ci2,0.86,1
分辨,fen|bian,fen1|bian4,0.85,1
分配,fen|pei,fen1|pei4,0.85,1
分量,fen|liang,fen4|liang4,0.85,1
分钟,fen|zhong,fen1|zhong1,0.85,1
分院,fen|yuan,fen1|yuan4,0.85,1
切实,qie|shi,qie4|shi2,0.85,1
切换台,qie|huan|tai,qie4|huan4|tai2,0.86,1
刊物,kan|wu,kan1|wu4,0.85,1
刊登,kan|deng,kan1|deng1,0.85,1
刑事,xing|shi,xing2|shi4,0.85,1
刑法,xing|fa,xing2|fa3,0.85,1
刑罚,xing|fa,xing2|fa2,0.85,1
刑部,xing|bu,xing2|bu4,0.85,1
划分,hua|fen,hua4|fen1,0.85,1
列为,lie|wei,lie4|wei4,0.85,1
列举,lie|ju,lie4|ju3,0.85,1
列入,lie|ru,lie4|ru4,0.85,1
列席,lie|xi,lie4|xi2,0.85,1
列强,lie|qiang,lie4|qiang2,0.85,1
列车,lie|che,lie4|che1,0.85,1
刘备,liu|bei,liu2|bei4,0.85,1
刚刚,gang|gang,gang1|gang1,0.85,1
刚好,gang|hao,gang1|hao3,0.85,1
刚才,gang|cai,gang1|cai2,0.85,1
创业,chuang|ye,chuang4|ye4,0.85,1
创作,chuang|zuo,chuang4|zuo4,0.85,1
创制,chuang|zhi,chuang4|zhi4,0.85,1
创办,chuang|ban,chuang4|ban4,0.85,1
创始人,chuang|shi|ren,chuang4|shi3|ren2,0.85,1
创建,chuang|jian,chuang4|jian4,0.85,1
创建者,chuang|jian|zhe,chuang4|jian4|zhe3,0.85,1
创新,chuang|xin,chuang4|xin1,0.85,1
创立,chuang|li,chuang4|li4,0.85,1
创造,chuang|zao,chuang4|zao4,0.85,1
创造性,chuang|zao|xing,chuang4|zao4|xing4,0.85,1
初中,chu|zhong,chu1|zhong1,0.85,1
初年,chu|nian,chu1|nian2,0.85,1
初时,chu|shi,chu1|shi2,0.85,1
初期,chu|qi,chu1|qi1,0.85,1
初步,chu|bu,chu1|bu4,0.85,1
初级,chu|ji,chu1|ji2,0.85,1
判决,pan|jue,pan4|jue2,0.85,1
判处,pan|chu,pan4|chu3,0.85,1
判断,pan|duan,pan4|duan4,0.85,1
利于,li|yu,li4|yu2,0.85,1
利害,li|hai,li4|hai4,0.85,1
利息,li|xi,li4|xi1,0.85,1
利息率,li|xi|l,li4|xi1|l4,0.85,1
利润,li|run,li4|run4,0.85,1
利润率,li|run|l,li4|run4|l4,0.85,1
利率,li|l,li4|l4,0.85,1
利用,li|yong,li4|yong4,0.85,1
利益,li|yi,li4|yi4,0.85,1
利税,li|shui,li4|shui4,0.85,1
别人,bie|ren,bie2|ren2,0.85,1
别名,bie|ming,bie2|ming2,0.85,1
别墅,bie|shu,bie2|shu4,0.85,1
别处,bie|chu,bie2|chu4,0.85,1
别说,bie|shuo,bie2|shuo1,0.85,1
到位,dao|wei,dao4|wei4,0.85,1
到处,dao|chu,dao4|chu4,0.85,1
到底,dao|di,dao4|di3,0.85,1
到时候,dao|shi|hou,dao4|shi2|hou4,0.85,1
到来,dao|lai,dao4|lai2,0.85,1
到站,dao|zhan,dao4|zhan4,0.86,1
到节点,dao|jie|dian,dao4|jie2|dian3,0.86,1
到达,dao|da,dao4|da2,0.86,1
到达厅,dao|da|ting,dao4|da2|ting1,0.86,1
到达口,dao|da|kou,dao4|da2|kou3,0.86,1
到达屏,dao|da|ping,dao4|da2|ping2,0.86,1
制作,zhi|zuo,zhi4|zuo4,0.85,1
制品,zhi|pin,zhi4|pin3,0.85,1
制定,zhi|ding,zhi4|ding4,0.85,1
制导,zhi|dao,zhi4|dao3,0.85,1
制度,zhi|du,zhi4|du4,0.85,1
制成,zhi|cheng,zhi4|cheng2,0.85,1
制止,zhi|zhi,zhi4|zhi3,0.85,1
制约,zhi|yue,zhi4|yue1,0.85,1
制药,zhi|yao,zhi4|yao4,0.85,1
制裁,zhi|cai,zhi4|cai2,0.85,1
制订,zhi|ding,zhi4|ding4,0.85,1
制造,zhi|zao,zhi4|zao4,0.85,1
制造业,zhi|zao|ye,zhi4|zao4|ye4,0.85,1
券门,quan|men,quan4|men2,0.85,1
刺刀,ci|dao,ci4|dao1,0.85,1
刺史,ci|shi,ci4|shi3,0.85,1
刺激,ci|ji,ci4|ji1,0.85,1
刻有,ke|you,ke4|you3,0.85,1
削减,xue|jian,xue1|jian3,0.85,1
削弱,xue|ruo,xue1|ruo4,0.85,1
前一天,qian|yi|tian,qian2|yi4|tian1,0.85,1
前列,qian|lie,qian2|lie4,0.85,1
前厅,qian|ting,qian2|ting1,0.86,1
前去,qian|qu,qian2|qu4,0.85,1
前台,qian|tai,qian2|tai2,0.85,1
前后,qian|hou,qian2|hou4,0.85,1
前夕,qian|xi,qian2|xi1,0.85,1
前往,qian|wang,qian2|wang3,0.85,1
前提,qian|ti,qian2|ti2,0.85,1
前方,qian|fang,qian2|fang1,0.85,1
前景,qian|jing,qian2|jing3,0.85,1
前期,qian|qi,qian2|qi1,0.85,1
前来,qian|lai,qian2|lai2,0.85,1
前沿,qian|yan,qian2|yan2,0.85,1
前线,qian|xian,qian2|xian4,0.85,1
前者,qian|zhe,qian2|zhe3,0.85,1
前行,qian|xing,qian2|xing2,0.85,1
前身,qian|shen,qian2|shen1,0.85,1
前辈,qian|bei,qian2|bei4,0.85,1
前边,qian|bian,qian2|bian1,0.85,1
前进,qian|jin,qian2|jin4,0.85,1
前途,qian|tu,qian2|tu2,0.85,1
前锋,qian|feng,qian2|feng1,0.85,1
前面,qian|mian,qian2|mian4,0.85,1
剑法,jian|fa,jian4|fa3,0.85,1
剥削,bo|xue,bo1|xue1,0.85,1
剥夺,bao|duo,bao1|duo2,0.85,1
剧团,ju|tuan,ju4|tuan2,0.85,1
剧场,ju|chang,ju4|chang3,0.85,1
剧本,ju|ben,ju4|ben3,0.85,1
剧烈,ju|lie,ju4|lie4,0.85,1
剧目,ju|mu,ju4|mu4,0.85,1
剧社,ju|she,ju4|she4,0.85,1
剧院,ju|yuan,ju4|yuan4,0.85,1
剩下,sheng|xia,sheng4|xia4,0.85,1
剩余,sheng|yu,sheng4|yu2,0.85,1
剪刀,jian|dao,jian3|dao1,0.85,1
剪彩,jian|cai,jian3|cai3,0.86,1
剪枝,jian|zhi,jian3|zhi1,0.86,1
副卡,fu|ka,fu4|ka3,0.86,1
副本,fu|ben,fu4|ben3,0.86,1
割据,ge|ju,ge1|ju4,0.85,1
力图,li|tu,li4|tu2,0.85,1
力学,li|xue,li4|xue2,0.85,1
力度,li|du,li4|du4,0.85,1
力气,li|qi,li4|qi0,0.85,1
力求,li|qiu,li4|qiu2,0.85,1
力量,li|liang,li4|liang4,0.85,1
劝说,quan|shuo,quan4|shuo1,0.85,1
办事,ban|shi,ban4|shi4,0.85,1
办事处,ban|shi|chu,ban4|shi4|chu4,0.85,1
办公,ban|gong,ban4|gong1,0.85,1
办公室,ban|gong|shi,ban4|gong1|shi4,0.85,1
办学,ban|xue,ban4|xue2,0.85,1
办法,ban|fa,ban4|fa3,0.85,1
办理,ban|li,ban4|li3,0.85,1
功力,gong|li,gong1|li4,0.85,1
功劳,gong|lao,gong1|lao2,0.85,1
功夫,gong|fu,gong1|fu1,0.85,1
功放,gong|fang,gong1|fang4,0.86,1
功效,gong|xiao,gong1|xiao4,0.85,1
功率,gong|l,gong1|l4,0.85,1
功能,gong|neng,gong1|neng2,0.85,1
功臣,gong|chen,gong1|chen2,0.85,1
加上,jia|shang,jia1|shang4,0.85,1
加之,jia|zhi,jia1|zhi1,0.85,1
加以,jia|yi,jia1|yi3,0.85,1
加入,jia|ru,jia1|ru4,0.85,1
加冰,jia|bing,jia1|bing1,0.85,1
加剧,jia|ju,jia1|ju4,0.85,1
加单,jia|dan,jia1|dan1,0.9,1
加大,jia|da,jia1|da4,0.85,1
加大杯,jia|da|bei,jia1|da4|bei1,0.86,1
加工,jia|gong,jia1|gong1,0.85,1
加床,jia|chuang,jia1|chuang2,0.86,1
加床费,jia|chuang|fei,jia1|chuang2|fei4,0.86,1
加强,jia|qiang,jia1|qiang2,0.85,1
加快,jia|kuai,jia1|kuai4,0.85,1
加料,jia|liao,jia1|liao4,0.85,1
加料区,jia|liao|qu,jia1|liao4|qu1,0.86,1
加气站,jia|qi|zhan,jia1|qi4|zhan4,0.85,1
加氢站,jia|qing|zhan,jia1|qing1|zhan4,0.85,1
加油,jia|you,jia1|you2,0.85,1
加油机,jia|you|ji,jia1|you2|ji1,0.85,1
加油站,jia|you|zhan,jia1|you2|zhan4,0.86,1
加深,jia|shen,jia1|shen1,0.85,1
加湿器,jia|shi|qi,jia1|shi1|qi4,0.86,1
加热,jia|re,jia1|re4,0.85,1
加班,jia|ban,jia1|ban1,0.85,1
加紧,jia|jin,jia1|jin3,0.85,1
加速,jia|su,jia1|su4,0.85,1
加重,jia|zhong,jia1|zhong4,0.85,1
务处理,wu|chu|li,wu4|chu3|li3,0.86,1
务实,wu|shi,wu4|shi2,0.85,1
务必,wu|bi,wu4|bi4,0.85,1
动人,dong|ren,dong4|ren2,0.85,1
动作,dong|zuo,dong4|zuo4,0.85,1
动力,dong|li,dong4|li4,0.85,1
动力学,dong|li|xue,dong4|li4|xue2,0.85,1
动员,dong|yuan,dong4|yuan2,0.85,1
动弹,dong|tan,dong4|tan0,0.85,1
动态,dong|tai,dong4|tai4,0.85,1
动手,dong|shou,dong4|shou3,0.85,1
动手术,dong|shou|shu,dong4|shou3|shu4,0.86,1
动摇,dong|yao,dong4|yao2,0.85,1
动机,dong|ji,dong4|ji1,0.85,1
动物,dong|wu,dong4|wu4,0.85,1
动物园,dong|wu|yuan,dong4|wu4|yuan2,0.86,1
动用,dong|yong,dong4|yong4,0.85,1
动荡,dong|dang,dong4|dang4,0.85,1
动身,dong|shen,dong4|shen1,0.85,1
动车组,dong|che|zu,dong4|che1|zu3,0.86,1
动静,dong|jing,dong4|jing4,0.85,1
助手,zhu|shou,zhu4|shou3,0.85,1
助理,zhu|li,zhu4|li3,0.85,1
助行器,zhu|xing|qi,zhu4|xing2|qi4,0.86,1
努力,nu|li,nu3|li4,0.85,1
劲力,jin|li,jin4|li4,0.85,1
劳务,lao|wu,lao2|wu4,0.85,1
劳动,lao|dong,lao2|dong4,0.85,1
劳动力,lao|dong|li,lao2|dong4|li4,0.85,1
劳动者,lao|dong|zhe,lao2|dong4|zhe3,0.85,1
势力,shi|li,shi4|li4,0.85,1
势头,shi|tou,shi4|tou2,0.85,1
势必,shi|bi,shi4|bi4,0.85,1
勇士,yong|shi,yong3|shi4,0.85,1
勇敢,yong|gan,yong3|gan3,0.85,1
勇气,yong|qi,yong3|qi4,0.85,1
勉强,mian|qiang,mian3|qiang3,0.85,1
勋章,xun|zhang,xun1|zhang1,0.85,1
勘探,kan|tan,kan1|tan4,0.85,1
勤劳,qin|lao,qin2|lao2,0.85,1
勺吸管,shao|xi|guan,shao2|xi1|guan3,0.86,1
勺子,shao|zi,shao2|zi3,0.9,1
勾当,gou|dang,gou4|dang4,0.85,1
勾结,gou|jie,gou1|jie2,0.85,1
包含,bao|han,bao1|han2,0.85,1
包围,bao|wei,bao1|wei2,0.85,1
包括,bao|kuo,bao1|kuo4,0.85,1
包袱,bao|fu,bao1|fu2,0.85,1
包装,bao|zhuang,bao1|zhuang1,0.85,1
包裹,bao|guo,bao1|guo3,0.85,1
包车,bao|che,bao1|che1,0.86,1
匆匆,cong|cong,cong1|cong1,0.85,1
匈奴,xiong|nu,xiong1|nu2,0.85,1
匕首,bi|shou,bi3|shou3,0.85,1
化为,hua|wei,hua4|wei2,0.85,1
化合物,hua|he|wu,hua4|he2|wu4,0.85,1
化妆间,hua|zhuang|jian,hua4|zhuang1|jian1,0.86,1
化学,hua|xue,hua4|xue2,0.85,1
化工,hua|gong,hua4|gong1,0.85,1
化疗,hua|liao,hua4|liao2,0.85,1
化石,hua|shi,hua4|shi2,0.85,1
化肥,hua|fei,hua4|fei2,0.85,1
化解,hua|jie,hua4|jie3,0.85,1
化验,hua|yan,hua4|yan4,0.86,1
化验单,hua|yan|dan,hua4|yan4|dan1,0.86,1
北上,bei|shang,bei3|shang4,0.85,1
北侧,bei|ce,bei3|ce4,0.85,1
北大,bei|da,bei3|da4,0.85,1
北宋,bei|song,bei3|song4,0.85,1
北岸,bei|an,bei3|an4,0.85,1
北方,bei|fang,bei3|fang1,0.85,1
北纬,bei|wei,bei3|wei3,0.85,1
北部,bei|bu,bei3|bu4,0.85,1
北面,bei|mian,bei3|mian4,0.85,1
北魏,bei|wei,bei3|wei4,0.85,1
匝道,za|dao,za1|dao4,0.86,1
匝道口,za|dao|kou,za1|dao4|kou3,0.85,1
区分,qu|fen,qu1|fen1,0.85,1
区划,qu|hua,qu1|hua4,0.85,1
区别,qu|bie,qu1|bie2,0.85,1
区域,qu|yu,qu1|yu4,0.85,1
区长,qu|zhang,qu1|zhang3,0.85,1
区间车,qu|jian|che,qu1|jian1|che1,0.85,1
医保,yi|bao,yi1|bao3,0.86,1
医保卡,yi|bao|ka,yi1|bao3|ka3,0.86,1
医务站,yi|wu|zhan,yi1|wu4|zhan4,0.86,1
医嘱单,yi|zhu|dan,yi1|zhu3|dan1,0.86,1
医学,yi|xue,yi1|xue2,0.85,1
医师,yi|shi,yi1|shi1,0.85,1
医生,yi|sheng,yi1|sheng1,0.85,1
医疗,yi|liao,yi1|liao2,0.85,1
医疗点,yi|liao|dian,yi1|liao2|dian3,0.86,1
医疗费,yi|liao|fei,yi1|liao2|fei4,0.86,1
医药,yi|yao,yi1|yao4,0.85,1
医院,yi|yuan,yi1|yuan4,0.85,1
匾额,bian|e,bian3|e2,0.85,1
十五大,shi|wu|da,shi2|wu3|da4,0.85,1
十大,shi|da,shi2|da4,0.85,1
十月,shi|yue,shi2|yue4,0.85,1
十足,shi|zu,shi2|zu2,0.85,1
千克,qian|ke,qian1|ke4,0.85,1
千公顷,qian|gong|qing,qian1|gong1|qing3,0.85,1
千层酥,qian|ceng|su,qian1|ceng2|su1,0.86,1
千米,qian|mi,qian1|mi3,0.85,1
千里,qian|li,qian1|li3,0.85,1
升级,sheng|ji,sheng1|ji2,0.85,1
升起,sheng|qi,sheng1|qi3,0.85,1
升高,sheng|gao,sheng1|gao1,0.85,1
午饭,wu|fan,wu3|fan4,0.85,1
半价,ban|jia,ban4|jia4,0.86,1
半决赛,ban|jue|sai,ban4|jue2|sai4,0.85,1
半导体,ban|dao|ti,ban4|dao3|ti3,0.85,1
半岛,ban|dao,ban4|dao3,0.85,1
半径,ban|jing,ban4|jing4,0.85,1
半日,ban|ri,ban4|ri4,0.85,1
半日游,ban|ri|you,ban4|ri4|you2,0.9,1
半日线,ban|ri|xian,ban4|ri4|xian4,0.86,1
半空,ban|kong,ban4|kong1,0.85,1
半糖,ban|tang,ban4|tang2,0.85,1
华人,hua|ren,hua2|ren2,0.85,1
华侨,hua|qiao,hua2|qiao2,0.85,1
华表,hua|biao,hua2|biao3,0.85,1
协会,xie|hui,xie2|hui4,0.85,1
协作,xie|zuo,xie2|zuo4,0.85,1
协助,xie|zhu,xie2|zhu4,0.85,1
协同,xie|tong,xie2|tong2,0.85,1
协商,xie|shang,xie2|shang1,0.85,1
协定,xie|ding,xie2|ding4,0.85,1
协议,xie|yi,xie2|yi4,0.85,1
协调,xie|tiao,xie2|tiao2,0.85,1
卑职,bei|zhi,bei1|zhi2,0.85,1
单一,dan|yi,dan1|yi1,0.85,1
单个,dan|ge,dan1|ge4,0.85,1
单人房,dan|ren|fang,dan1|ren2|fang2,0.9,1
单位,dan|wei,dan1|wei4,0.85,1
单元,dan|yuan,dan1|yuan2,0.85,1
单元测试,dan|yuan|ce|shi,dan1|yuan2|ce4|shi4,0.9,1
单刀,dan|dao,dan1|dao1,0.85,1
单品,dan|pin,dan1|pin3,0.86,1
单品豆,dan|pin|dou,dan1|pin3|dou4,0.86,1
单板,dan|ban,dan1|ban3,0.85,1
单独,dan|du,dan1|du2,0.85,1
单纯,dan|chun,dan1|chun2,0.85,1
单行,dan|hang,dan1|hang2,0.85,1
单词,dan|ci,dan1|ci2,0.85,1
单间,dan|jian,dan1|jian1,0.86,1
卖国,mai|guo,mai4|guo2,0.85,1
卖国贼,mai|guo|zei,mai4|guo2|zei2,0.85,1
南侧,nan|ce,nan2|ce4,0.85,1
南北朝,nan|bei|chao,nan2|bei3|chao2,0.85,1
南唐,nan|tang,nan2|tang2,0.85,1
南宋,nan|song,nan2|song4,0.85,1
南岸,nan|an,nan2|an4,0.85,1
南方,nan|fang,nan2|fang1,0.85,1
南朝,nan|chao,nan2|chao2,0.85,1
南瓜包,nan|gua|bao,nan2|gua1|bao1,0.86,1
南瓜泥,nan|gua|ni,nan2|gua1|ni2,0.86,1
南瓜派,nan|gua|pai,nan2|gua1|pai4,0.86,1
南端,nan|duan,nan2|duan1,0.85,1
南部,nan|bu,nan2|bu4,0.85,1
南面,nan|mian,nan2|mian4,0.85,1
博士,bo|shi,bo2|shi4,0.85,1
博物,bo|wu,bo2|wu4,0.86,1
博物院,bo|wu|yuan,bo2|wu4|yuan4,0.86,1
博物馆,bo|wu|guan,bo2|wu4|guan3,0.86,1
博览会,bo|lan|hui,bo2|lan3|hui4,0.85,1
占地,zhan|di,zhan4|di4,0.85,1
占据,zhan|ju,zhan4|ju4,0.85,1
占有,zhan|you,zhan4|you3,0.85,1
占领,zhan|ling,zhan4|ling3,0.85,1
卡布,ka|bu,ka3|bu4,0.86,1
卤牛腱,lu|niu|jian,lu3|niu2|jian4,0.86,1
卤肉饭,lu|rou|fan,lu3|rou4|fan4,0.86,1
卧室,wo|shi,wo4|shi4,0.85,1
卫兵,wei|bing,wei4|bing1,0.85,1
卫士,wei|shi,wei4|shi4,0.85,1
卫浴,wei|yu,wei4|yu4,0.86,1
卫生,wei|sheng,wei4|sheng1,0.85,1
印刷,yin|shua,yin4|shua1,0.85,1
印象,yin|xiang,yin4|xiang4,0.85,1
危及,wei|ji,wei1|ji2,0.85,1
危害,wei|hai,wei1|hai4,0.85,1
危急,wei|ji,wei1|ji2,0.85,1
危机,wei|ji,wei1|ji1,0.85,1
危险,wei|xian,wei1|xian3,0.85,1
危难,wei|nan,wei1|nan4,0.85,1
即位,ji|wei,ji2|wei4,0.85,1
即使,ji|shi,ji2|shi3,0.85,1
即便,ji|bian,ji2|bian4,0.85,1
即可,ji|ke,ji2|ke3,0.85,1
即将,ji|jiang,ji2|jiang1,0.85,1
却是,que|shi,que4|shi4,0.85,1
却说,que|shuo,que4|shuo1,0.85,1
厂商,chang|shang,chang3|shang1,0.85,1
厂家,chang|jia,chang3|jia1,0.85,1
厂长,chang|zhang,chang3|zhang3,0.85,1
历代,li|dai,li4|dai4,0.85,1
历任,li|ren,li4|ren4,0.85,1
历史,li|shi,li4|shi3,0.85,1
历史性,li|shi|xing,li4|shi3|xing4,0.85,1
历时,li|shi,li4|shi2,0.85,1
历来,li|lai,li4|lai2,0.85,1
历程,li|cheng,li4|cheng2,0.85,1
历经,li|jing,li4|jing1,0.85,1
厉声,li|sheng,li4|sheng1,0.85,1
厉害,li|hai,li4|hai4,0.85,1
压制,ya|zhi,ya1|zhi4,0.85,1
压力,ya|li,ya1|li4,0.85,1
压抑,ya|yi,ya1|yi4,0.85,1
压粉器,ya|fen|qi,ya1|fen3|qi4,0.86,1
压粉垫,ya|fen|dian,ya1|fen3|dian4,0.86,1
压粉锤,ya|fen|chui,ya1|fen3|chui2,0.86,1
压缩,ya|suo,ya1|suo1,0.85,1
压迫,ya|po,ya1|po4,0.85,1
厌恶,yan|wu,yan4|wu4,0.85,1
厌氧豆,yan|yang|dou,yan4|yang3|dou4,0.86,1
厕所,ce|suo,ce4|suo3,0.85,1
厘米,li|mi,li2|mi3,0.85,1
厚乳,hou|ru,hou4|ru3,0.86,1
厚度,hou|du,hou4|du4,0.86,1
原先,yuan|xian,yuan2|xian1,0.85,1
原则,yuan|ze,yuan2|ze2,0.85,1
原名,yuan|ming,yuan2|ming2,0.85,1
原因,yuan|yin,yuan2|yin1,0.85,1
原始,yuan|shi,yuan2|shi3,0.85,1
原子,yuan|zi,yuan2|zi3,0.85,1
原料,yuan|liao,yuan2|liao4,0.85,1
原有,yuan|you,yuan2|you3,0.85,1
原本,yuan|ben,yuan2|ben3,0.85,1
原材料,yuan|cai|liao,yuan2|cai2|liao4,0.85,1
原来,yuan|lai,yuan2|lai2,0.85,1
原油,yuan|you,yuan2|you2,0.85,1
原理,yuan|li,yuan2|li3,0.85,1
原种,yuan|zhong,yuan2|zhong3,0.85,1
原种场,yuan|zhong|chang,yuan2|zhong3|chang3,0.85,1
厢房,xiang|fang,xiang1|fang2,0.85,1
厨房,chu|fang,chu2|fang2,0.85,1
去世,qu|shi,qu4|shi4,0.85,1
去冰,qu|bing,qu4|bing1,0.85,1
去冰量,qu|bing|liang,qu4|bing1|liang2,0.86,1
去处,qu|chu,qu4|chu4,0.85,1
去年,qu|nian,qu4|nian2,0.85,1
去机场,qu|ji|chang,qu4|ji1|chang3,0.86,1
去糖,qu|tang,qu4|tang2,0.86,1
去过,qu|guo,qu4|guo4,0.85,1
县城,xian|cheng,xian4|cheng2,0.85,1
县境,xian|jing,xian4|jing4,0.85,1
县委,xian|wei,xian4|wei3,0.85,1
县市,xian|shi,xian4|shi4,0.85,1
县政府,xian|zheng|fu,xian4|zheng4|fu3,0.85,1
县级,xian|ji,xian4|ji2,0.85,1
县级市,xian|ji|shi,xian4|ji2|shi4,0.85,1
县道线,xian|dao|xian,xian4|dao4|xian4,0.85,1
县长,xian|zhang,xian4|zhang3,0.85,1
参与,can|yu,can1|yu4,0.85,1
参会证,can|hui|zheng,can1|hui4|zheng4,0.86,1
参加,can|jia,can1|jia1,0.85,1
参展,can|zhan,can1|zhan3,0.86,1
参展商,can|zhan|shang,can1|zhan3|shang1,0.86,1
参展国,can|zhan|guo,can1|zhan3|guo2,0.86,1
参展证,can|zhan|zheng,can1|zhan3|zheng4,0.86,1
参数,can|shu,can1|shu4,0.86,1
参照,can|zhao,can1|zhao4,0.85,1
参考,can|kao,can1|kao3,0.85,1
参见,can|jian,can1|jian4,0.85,1
参观,can|guan,can1|guan1,0.85,1
参议院,can|yi|yuan,can1|yi4|yuan4,0.85,1
参谋,can|mou,can1|mou2,0.85,1
参谋长,can|mou|zhang,can1|mou2|zhang3,0.85,1
参赛,can|sai,can1|sai4,0.85,1
参赞,can|zan,can1|zan4,0.85,1
又名,you|ming,you4|ming2,0.85,1
又称,you|cheng,you4|cheng1,0.85,1
叉烧饭,cha|shao|fan,cha1|shao1|fan4,0.86,1
及其,ji|qi,ji2|qi2,0.85,1
及时,ji|shi,ji2|shi2,0.85,1
友好,you|hao,you3|hao3,0.85,1
双儿,shuang|er,shuang1|er2,0.85,1
双床,shuang|chuang,shuang1|chuang2,0.86,1
双床房,shuang|chuang|fang,shuang1|chuang2|fang2,0.86,1
双手,shuang|shou,shuang1|shou3,0.85,1
双拼,shuang|pin,shuang1|pin1,0.85,1
双拼料,shuang|pin|liao,shuang1|pin1|liao4,0.86,1
双挂号,shuang|gua|hao,shuang1|gua4|hao4,0.86,1
双方,shuang|fang,shuang1|fang1,0.85,1
双目,shuang|mu,shuang1|mu4,0.85,1
双腿,shuang|tui,shuang1|tui3,0.85,1
双臂,shuang|bi,shuang1|bi4,0.85,1
双边,shuang|bian,shuang1|bian1,0.85,1
双重,shuang|chong,shuang1|chong2,0.85,1
双锅炉,shuang|guo|lu,shuang1|guo1|lu2,0.86,1
反之,fan|zhi,fan3|zhi1,0.85,1
反倒,fan|dao,fan3|dao3,0.85,1
反共,fan|gong,fan3|gong4,0.85,1
反击,fan|ji,fan3|ji1,0.85,1
反动,fan|dong,fan3|dong4,0.85,1
反动派,fan|dong|pai,fan3|dong4|pai4,0.85,1
反复,fan|fu,fan3|fu4,0.85,1
反对,fan|dui,fan3|dui4,0.85,1
反射,fan|she,fan3|she4,0.85,1
反帝,fan|di,fan3|di4,0.85,1
反应,fan|ying,fan3|ying4,0.85,1
反思,fan|si,fan3|si1,0.85,1
反手,fan|shou,fan3|shou3,0.85,1
反抗,fan|kang,fan3|kang4,0.85,1
反攻,fan|gong,fan3|gong1,0.85,1
反映,fan|ying,fan3|ying4,0.85,1
反正,fan|zheng,fan3|zheng4,0.85,1
反潜,fan|qian,fan3|qian2,0.85,1
反而,fan|er,fan3|er2,0.85,1
发作,fa|zuo,fa1|zuo4,0.85,1
发信,fa|xin,fa1|xin4,0.85,1
发信人,fa|xin|ren,fa1|xin4|ren2,0.85,1
发光,fa|guang,fa1|guang1,0.85,1
发出,fa|chu,fa1|chu1,0.85,1
发动,fa|dong,fa1|dong4,0.85,1
发动机,fa|dong|ji,fa1|dong4|ji1,0.85,1
发射,fa|she,fa1|she4,0.85,1
发展,fa|zhan,fa1|zhan3,0.85,1
发展商,fa|zhan|shang,fa1|zhan3|shang1,0.86,1
发展观,fa|zhan|guan,fa1|zhan3|guan1,0.85,1
发布会,fa|bu|hui,fa1|bu4|hui4,0.86,1
发布包,fa|bu|bao,fa1|bu4|bao1,0.86,1
发布厅,fa|bu|ting,fa1|bu4|ting1,0.86,1
发布权,fa|bu|quan,fa1|bu4|quan2,0.86,1
发扬,fa|yang,fa1|yang2,0.85,1
发抖,fa|dou,fa1|dou3,0.85,1
发挥,fa|hui,fa1|hui1,0.85,1
发掘,fa|jue,fa1|jue2,0.85,1
发放,fa|fang,fa1|fang4,0.85,1
发明,fa|ming,fa1|ming2,0.85,1
发源地,fa|yuan|di,fa1|yuan2|di4,0.85,1
发热,fa|re,fa1|re4,0.86,1
发热量,fa|re|liang,fa1|re4|liang4,0.86,1
发现,fa|xian,fa1|xian4,0.85,1
发生,fa|sheng,fa1|sheng1,0.85,1
发电,fa|dian,fa1|dian4,0.85,1
发病,fa|bing,fa1|bing4,0.85,1
发票,fa|piao,fa1|piao4,0.85,1
发育,fa|yu,fa1|yu4,0.85,1
发行,fa|xing,fa1|xing2,0.85,1
发表,fa|biao,fa1|biao3,0.85,1
发觉,fa|jue,fa1|jue2,0.85,1
发言,fa|yan,fa1|yan2,0.86,1
发言人,fa|yan|ren,fa1|yan2|ren2,0.86,1
发言权,fa|yan|quan,fa1|yan2|quan2,0.86,1
发言稿,fa|yan|gao,fa1|yan2|gao3,0.86,1
发言者,fa|yan|zhe,fa1|yan2|zhe3,0.86,1
发起,fa|qi,fa1|qi3,0.85,1
发车,fa|che,fa1|che1,0.86,1
发达,fa|da,fa1|da2,0.85,1
发送,fa|song,fa1|song4,0.85,1
叔叔,shu|shu,shu1|shu0,0.85,1
取代,qu|dai,qu3|dai4,0.85,1
取决,qu|jue,qu3|jue2,0.85,1
取出,qu|chu,qu3|chu1,0.85,1
取名,qu|ming,qu3|ming2,0.85,1
取得,qu|de,qu3|de2,0.85,1
取消,qu|xiao,qu3|xiao1,0.85,1
取电卡,qu|dian|ka,qu3|dian4|ka3,0.86,1
取胜,qu|sheng,qu3|sheng4,0.85,1
取药,qu|yao,qu3|yao4,0.86,1
受伤,shou|shang,shou4|shang1,0.85,1
受到,shou|dao,shou4|dao4,0.85,1
受命,shou|ming,shou4|ming4,0.85,1
受理,shou|li,shou4|li3,0.85,1
受过,shou|guo,shou4|guo4,0.85,1
变为,bian|wei,bian4|wei4,0.85,1
变动,bian|dong,bian4|dong4,0.85,1
变化,bian|hua,bian4|hua4,0.85,1
变异,bian|yi,bian4|yi4,0.85,1
变形,bian|xing,bian4|xing2,0.85,1
变得,bian|de,bian4|de0,0.85,1
变态,bian|tai,bian4|tai4,0.85,1
变成,bian|cheng,bian4|cheng2,0.85,1
变换,bian|huan,bian4|huan4,0.85,1
变更,bian|geng,bian4|geng1,0.85,1
变法,bian|fa,bian4|fa3,0.85,1
变质,bian|zhi,bian4|zhi4,0.85,1
变迁,bian|qian,bian4|qian1,0.85,1
变量,bian|liang,bian4|liang4,0.85,1
变革,bian|ge,bian4|ge2,0.85,1
叙述,xu|shu,xu4|shu4,0.85,1
叛乱,pan|luan,pan4|luan4,0.85,1
叛徒,pan|tu,pan4|tu2,0.85,1
口中,kou|zhong,kou3|zhong1,0.85,1
口号,kou|hao,kou3|hao4,0.85,1
口味,kou|wei,kou3|wei4,0.85,1
口子,kou|zi,kou3|zi3,0.85,1
口径,kou|jing,kou3|jing4,0.85,1
口感,kou|gan,kou3|gan3,0.86,1
口气,kou|qi,kou3|qi4,0.85,1
口水鸡,kou|shui|ji,kou3|shui3|ji1,0.86,1
口罩,kou|zhao,kou3|zhao4,0.86,1
口腔,kou|qiang,kou3|qiang1,0.86,1
口腔科,kou|qiang|ke,kou3|qiang1|ke1,0.86,1
口袋,kou|dai,kou3|dai4,0.85,1
口里,kou|li,kou3|li3,0.85,1
口音,kou|yin,kou3|yin1,0.85,1
古人,gu|ren,gu3|ren2,0.85,1
古今,gu|jin,gu3|jin1,0.85,1
古代,gu|dai,gu3|dai4,0.85,1
古城墙,gu|cheng|qiang,gu3|cheng2|qiang2,0.86,1
古墓,gu|mu,gu3|mu4,0.85,1
古怪,gu|guai,gu3|guai4,0.85,1
古桥,gu|qiao,gu3|qiao2,0.86,1
古称,gu|cheng,gu3|cheng1,0.85,1
古迹,gu|ji,gu3|ji4,0.85,1
古道,gu|dao,gu3|dao4,0.86,1
古镇,gu|zhen,gu3|zhen4,0.86,1
古镇区,gu|zhen|qu,gu3|zhen4|qu1,0.86,1
另外,ling|wai,ling4|wai4,0.85,1
叩头,kou|tou,kou4|tou2,0.85,1
只不过,zhi|bu|guo,zhi1|bu2|guo4,0.85,1
只好,zhi|hao,zhi3|hao3,0.85,1
只得,zhi|de,zhi1|de2,0.85,1
只怕,zhi|pa,zhi3|pa4,0.85,1
只是,zhi|shi,zhi3|shi4,0.85,1
只有,zhi|you,zhi3|you3,0.85,1
只管,zhi|guan,zhi3|guan3,0.85,1
只能,zhi|neng,zhi3|neng2,0.85,1
只要,zhi|yao,zhi3|yao4,0.85,1
只见,zhi|jian,zhi3|jian4,0.85,1
只顾,zhi|gu,zhi3|gu4,0.85,1
叫作,jiao|zuo,jiao4|zuo4,0.85,1
叫做,jiao|zuo,jiao4|zuo4,0.85,1
叫卖,jiao|mai,jiao4|mai4,0.85,1
叫声,jiao|sheng,jiao4|sheng1,0.85,1
叫醒,jiao|xing,jiao4|xing3,0.86,1
叫醒钟,jiao|xing|zhong,jiao4|xing3|zhong1,0.86,1
召回,zhao|hui,zhao4|hui2,0.86,1
召回率,zhao|hui|l,zhao4|hui2|l4,0.86,1
召开,zhao|kai,zhao4|kai1,0.85,1
召见,zhao|jian,zhao4|jian4,0.85,1
召集,zhao|ji,zhao4|ji2,0.85,1
可不,ke|bu,ke3|bu4,0.85,1
可不是,ke|bu|shi,ke3|bu2|shi4,0.85,1
可口,ke|kou,ke3|kou3,0.85,1
可召回,ke|zhao|hui,ke3|zhao4|hui2,0.86,1
可可,ke|ke,ke3|ke3,0.85,1
可可包,ke|ke|bao,ke3|ke3|bao1,0.86,1
可可卷,ke|ke|juan,ke3|ke3|juan4,0.86,1
可可粉,ke|ke|fen,ke3|ke3|fen3,0.86,1
可怕,ke|pa,ke3|pa4,0.85,1
可怜,ke|lian,ke3|lian2,0.85,1
可惜,ke|xi,ke3|xi1,0.85,1
可是,ke|shi,ke3|shi4,0.85,1
可比,ke|bi,ke3|bi3,0.85,1
可爱,ke|ai,ke3|ai4,0.85,1
可用,ke|yong,ke3|yong4,0.85,1
可知,ke|zhi,ke3|zhi1,0.85,1
可笑,ke|xiao,ke3|xiao4,0.85,1
可能,ke|neng,ke3|neng2,0.85,1
可能性,ke|neng|xing,ke3|neng2|xing4,0.85,1
可行,ke|xing,ke3|xing2,0.85,1
可见,ke|jian,ke3|jian4,0.85,1
可谓,ke|wei,ke3|wei4,0.85,1
可靠,ke|kao,ke3|kao4,0.85,1
可颂,ke|song,ke3|song1,0.85,1
台上,tai|shang,tai2|shang4,0.85,1
台下,tai|xia,tai2|xia4,0.85,1
台灯,tai|deng,tai2|deng1,0.86,1
台阶,tai|jie,tai2|jie1,0.85,1
史书,shi|shu,shi3|shu1,0.85,1
史学,shi|xue,shi3|xue2,0.85,1
史料,shi|liao,shi3|liao4,0.85,1
史记,shi|ji,shi3|ji4,0.85,1
右侧,you|ce,you4|ce4,0.85,1
右倾,you|qing,you4|qing1,0.85,1
右手,you|shou,you4|shou3,0.85,1
右掌,you|zhang,you4|zhang3,0.85,1
右派,you|pai,you4|pai4,0.85,1
右翼,you|yi,you4|yi4,0.85,1
右臂,you|bi,you4|bi4,0.85,1
右转,you|zhuan,you4|zhuan3,0.86,1
右边,you|bian,you4|bian1,0.85,1
号令,hao|ling,hao4|ling4,0.85,1
号召,hao|zhao,hao4|zhao4,0.85,1
号码,hao|ma,hao4|ma3,0.85,1
号称,hao|cheng,hao4|cheng1,0.85,1
司乘员,si|cheng|yuan,si1|cheng2|yuan2,0.85,1
司令,si|ling,si1|ling4,0.85,1
司令员,si|ling|yuan,si1|ling4|yuan2,0.85,1
司令部,si|ling|bu,si1|ling4|bu4,0.85,1
司康,si|kang,si1|kang1,0.85,1
司机,si|ji,si1|ji1,0.85,1
司机证,si|ji|zheng,si1|ji1|zheng4,0.86,1
司法,si|fa,si1|fa3,0.85,1
司长,si|zhang,si1|zhang3,0.85,1
叹息,tan|xi,tan4|xi1,0.85,1
吃惊,chi|jing,chi1|jing1,0.85,1
吃法,chi|fa,chi1|fa3,0.85,1
吃饭,chi|fan,chi1|fan4,0.85,1
各个,ge|ge,ge4|ge4,0.85,1
各人,ge|ren,ge4|ren2,0.85,1
各位,ge|wei,ge4|wei4,0.85,1
各国,ge|guo,ge4|guo2,0.85,1
各地,ge|di,ge4|di4,0.85,1
各处,ge|chu,ge4|chu4,0.85,1
各家,ge|jia,ge4|jia1,0.85,1
各州,ge|zhou,ge4|zhou1,0.85,1
各市,ge|shi,ge4|shi4,0.85,1
各方,ge|fang,ge4|fang1,0.85,1
各族,ge|zu,ge4|zu2,0.85,1
各校,ge|xiao,ge4|xiao4,0.85,1
各派,ge|pai,ge4|pai4,0.85,1
各界,ge|jie,ge4|jie4,0.85,1
各省,ge|sheng,ge4|sheng3,0.85,1
各种,ge|zhong,ge4|zhong3,0.85,1
各类,ge|lei,ge4|lei4,0.85,1
各级,ge|ji,ge4|ji2,0.85,1
各自,ge|zi,ge4|zi4,0.85,1
各路,ge|lu,ge4|lu4,0.85,1
各部,ge|bu,ge4|bu4,0.85,1
各项,ge|xiang,ge4|xiang4,0.85,1
吆喝,yao|he,yao1|he0,0.85,1
合乎,he|hu,he2|hu1,0.85,1
合作,he|zuo,he2|zuo4,0.85,1
合力,he|li,he2|li4,0.85,1
合同,he|tong,he2|tong0,0.85,1
合并,he|bing,he2|bing4,0.85,1
合影,he|ying,he2|ying3,0.86,1
合影墙,he|ying|qiang,he2|ying3|qiang2,0.86,1
合成,he|cheng,he2|cheng2,0.85,1
合格,he|ge,he2|ge2,0.85,1
合法,he|fa,he2|fa3,0.85,1
合理,he|li,he2|li3,0.85,1
合计,he|ji,he2|ji4,0.85,1
合资,he|zi,he2|zi1,0.85,1
合适,he|shi,he2|shi4,0.85,1
合金,he|jin,he2|jin1,0.85,1
同一,tong|yi,tong2|yi1,0.85,1
同一个,tong|yi|ge,tong2|yi2|ge4,0.85,1
同义词,tong|yi|ci,tong2|yi4|ci2,0.85,1
同事,tong|shi,tong2|shi4,0.85,1
同传机,tong|chuan|ji,tong2|chuan2|ji1,0.86,1
同传间,tong|chuan|jian,tong2|chuan2|jian1,0.86,1
同伴,tong|ban,tong2|ban4,0.85,1
同声,tong|sheng,tong2|sheng1,0.86,1
同学,tong|xue,tong2|xue2,0.85,1
同年,tong|nian,tong2|nian2,0.85,1
同志,tong|zhi,tong2|zhi4,0.85,1
同情,tong|qing,tong2|qing2,0.85,1
同意,tong|yi,tong2|yi4,0.85,1
同意书,tong|yi|shu,tong2|yi4|shu1,0.86,1
同时,tong|shi,tong2|shi2,0.85,1
同期,tong|qi,tong2|qi1,0.85,1
同样,tong|yang,tong2|yang4,0.85,1
同步,tong|bu,tong2|bu4,0.85,1
同比,tong|bi,tong2|bi3,0.85,1
同盟,tong|meng,tong2|meng2,0.85,1
同等,tong|deng,tong2|deng3,0.85,1
同类,tong|lei,tong2|lei4,0.85,1
同胞,tong|bao,tong2|bao1,0.85,1
同行,tong|hang,tong2|hang2,0.85,1
名为,ming|wei,ming2|wei4,0.85,1
名义,ming|yi,ming2|yi4,0.85,1
名人,ming|ren,ming2|ren2,0.85,1
名优,ming|you,ming2|you1,0.85,1
名册,ming|ce,ming2|ce4,0.86,1
名列,ming|lie,ming2|lie4,0.85,1
名单,ming|dan,ming2|dan1,0.85,1
名叫,ming|jiao,ming2|jiao4,0.85,1
名城,ming|cheng,ming2|cheng2,0.85,1
名声,ming|sheng,ming2|sheng1,0.85,1
名字,ming|zi,ming2|zi4,0.85,1
名家,ming|jia,ming2|jia1,0.85,1
名将,ming|jiang,ming2|jiang4,0.85,1
名录,ming|lu,ming2|lu4,0.86,1
名片,ming|pian,ming2|pian4,0.85,1
名牌,ming|pai,ming2|pai2,0.85,1
名称,ming|cheng,ming2|cheng1,0.85,1
名胜,ming|sheng,ming2|sheng4,0.85,1
名胜区,ming|sheng|qu,ming2|sheng4|qu1,0.85,1
名茶,ming|cha,ming2|cha2,0.85,1
名誉,ming|yu,ming2|yu4,0.85,1
名词,ming|ci,ming2|ci2,0.85,1
名贵,ming|gui,ming2|gui4,0.85,1
名额,ming|e,ming2|e2,0.85,1
后世,hou|shi,hou4|shi4,0.85,1
后人,hou|ren,hou4|ren2,0.85,1
后代,hou|dai,hou4|dai4,0.85,1
后勤,hou|qin,hou4|qin2,0.85,1
后处理,hou|chu|li,hou4|chu3|li3,0.86,1
后宫,hou|gong,hou4|gong1,0.85,1
后悔,hou|hui,hou4|hui3,0.85,1
后方,hou|fang,hou4|fang1,0.85,1
后期,hou|qi,hou4|qi1,0.85,1
后来,hou|lai,hou4|lai2,0.85,1
后果,hou|guo,hou4|guo3,0.85,1
后者,hou|zhe,hou4|zhe3,0.85,1
后裔,hou|yi,hou4|yi4,0.85,1
后边,hou|bian,hou4|bian1,0.85,1
后退,hou|tui,hou4|tui4,0.85,1
后面,hou|mian,hou4|mian4,0.85,1
吏部,li|bu,li4|bu4,0.85,1
吐司,tu|si,tu3|si1,0.85,1
向上,xiang|shang,xiang4|shang4,0.85,1
向下,xiang|xia,xiang4|xia4,0.85,1
向前,xiang|qian,xiang4|qian2,0.85,1
向往,xiang|wang,xiang4|wang3,0.85,1
向来,xiang|lai,xiang4|lai2,0.85,1
向着,xiang|zhe,xiang4|zhe0,0.85,1
向量,xiang|liang,xiang4|liang2,0.86,1
向量库,xiang|liang|ku,xiang4|liang2|ku4,0.9,1
君主,jun|zhu,jun1|zhu3,0.85,1
君子,jun|zi,jun1|zi3,0.85,1
吞吐,tun|tu,tun1|tu3,0.86,1
吞吐量,tun|tu|liang,tun1|tu3|liang2,0.86,1
否则,fou|ze,fou3|ze2,0.85,1
否定,fou|ding,fou3|ding4,0.85,1
否认,fou|ren,fou3|ren4,0.85,1
吩咐,fen|fu,fen1|fu4,0.85,1
含义,han|yi,han2|yi4,0.85,1
含少冰,han|shao|bing,han2|shao3|bing1,0.86,1
含有,han|you,han2|you3,0.85,1
含量,han|liang,han2|liang4,0.85,1
听众,ting|zhong,ting1|zhong4,0.86,1
听到,ting|dao,ting1|dao4,0.85,1
听取,ting|qu,ting1|qu3,0.85,1
听听,ting|ting,ting1|ting1,0.85,1
听见,ting|jian,ting1|jian4,0.85,1
听说,ting|shuo,ting1|shuo1,0.85,1
启动,qi|dong,qi3|dong4,0.85,1
启发,qi|fa,qi3|fa1,0.85,1
启用,qi|yong,qi3|yong4,0.85,1
吸取,xi|qu,xi1|qu3,0.85,1
吸引,xi|yin,xi1|yin3,0.85,1
吸引力,xi|yin|li,xi1|yin3|li4,0.85,1
吸收,xi|shou,xi1|shou1,0.85,1
吸烟,xi|yan,xi1|yan1,0.85,1
吸烟室,xi|yan|shi,xi1|yan1|shi4,0.86,1
吸管,xi|guan,xi1|guan3,0.86,1
吹风机,chui|feng|ji,chui1|feng1|ji1,0.86,1
呈现,cheng|xian,cheng2|xian4,0.85,1
告别,gao|bie,gao4|bie2,0.85,1
告知,gao|zhi,gao4|zhi1,0.85,1
告示牌,gao|shi|pai,gao4|shi4|pai2,0.86,1
告警,gao|jing,gao4|jing3,0.86,1
告诉,gao|su,gao4|su4,0.85,1
告辞,gao|ci,gao4|ci2,0.85,1
呐喊,na|han,na4|han3,0.85,1
呕吐,ou|tu,ou3|tu3,0.85,1
员工,yuan|gong,yuan2|gong1,0.85,1
周刊,zhou|kan,zhou1|kan1,0.85,1
周围,zhou|wei,zhou1|wei2,0.85,1
周年,zhou|nian,zhou1|nian2,0.85,1
周恩来,zhou|en|lai,zhou1|en1|lai2,0.85,1
周期,zhou|qi,zhou1|qi1,0.85,1
周末,zhou|mo,zhou1|mo4,0.85,1
周边,zhou|bian,zhou1|bian1,0.85,1
味道,wei|dao,wei4|dao4,0.85,1
呻吟,shen|yin,shen1|yin2,0.85,1
呼叫,hu|jiao,hu1|jiao4,0.85,1
呼吁,hu|yu,hu1|yu4,0.85,1
呼吸,hu|xi,hu1|xi1,0.85,1
呼吸机,hu|xi|ji,hu1|xi1|ji1,0.86,1
呼吸科,hu|xi|ke,hu1|xi1|ke1,0.86,1
呼呼,hu|hu,hu1|hu1,0.85,1
呼声,hu|sheng,hu1|sheng1,0.85,1
命中,ming|zhong,ming4|zhong4,0.85,1
命令,ming|ling,ming4|ling4,0.85,1
命名,ming|ming,ming4|ming2,0.85,1
命运,ming|yun,ming4|yun4,0.85,1
命题,ming|ti,ming4|ti2,0.85,1
和约,he|yue,he2|yue1,0.85,1
和谐,he|xie,he2|xie2,0.85,1
咖啡,ka|fei,ka1|fei1,0.85,1
咖啡冻,ka|fei|dong,ka1|fei1|dong4,0.86,1
咖啡包,ka|fei|bao,ka1|fei1|bao1,0.86,1
咖啡厅,ka|fei|ting,ka1|fei1|ting1,0.85,1
咖啡因,ka|fei|yin,ka1|fei1|yin1,0.86,1
咖啡师,ka|fei|shi,ka1|fei1|shi1,0.9,1
咖啡店,ka|fei|dian,ka1|fei1|dian4,0.86,1
咖啡机,ka|fei|ji,ka1|fei1|ji1,0.86,1
咖啡杯,ka|fei|bei,ka1|fei1|bei1,0.86,1
咖啡液,ka|fei|ye,ka1|fei1|ye4,0.9,1
咖啡渣,ka|fei|zha,ka1|fei1|zha1,0.86,1
咖啡碱,ka|fei|jian,ka1|fei1|jian3,0.86,1
咖啡粉,ka|fei|fen,ka1|fei1|fen3,0.86,1
咖啡色,ka|fei|se,ka1|fei1|se4,0.86,1
咖啡豆,ka|fei|dou,ka1|fei1|dou4,0.85,1
咖啡馆,ka|fei|guan,ka1|fei1|guan3,0.86,1
咨询,zi|xun,zi1|xun2,0.85,1
咨询台,zi|xun|tai,zi1|xun2|tai2,0.86,1
咬牙,yao|ya,yao3|ya2,0.85,1
咱们,zan|men,zan2|men0,0.85,1
咳嗽,ke|sou,ke2|sou0,0.85,1
咸奶盖,xian|nai|gai,xian2|nai3|gai4,0.86,1
咽喉,yan|hou,yan1|hou2,0.85,1
品位,pin|wei,pin3|wei4,0.85,1
品德,pin|de,pin3|de2,0.85,1
品牌,pin|pai,pin3|pai2,0.85,1
品种,pin|zhong,pin3|zhong3,0.85,1
品级,pin|ji,pin3|ji2,0.85,1
品质,pin|zhi,pin3|zhi4,0.85,1
品鉴杯,pin|jian|bei,pin3|jian4|bei1,0.86,1
哈哈,ha|ha,ha1|ha1,0.85,1
响应,xiang|ying,xiang3|ying4,0.85,1
响起,xiang|qi,xiang3|qi3,0.85,1
哑巴,ya|ba,ya3|ba0,0.85,1
哪个,na|ge,na3|ge4,0.85,1
哪些,na|xie,na3|xie1,0.85,1
哪儿,na|er,na3|er2,0.85,1
哪怕,na|pa,na3|pa4,0.85,1
哪里,na|li,na3|li3,0.85,1
哭声,ku|sheng,ku1|sheng1,0.85,1
哭泣,ku|qi,ku1|qi4,0.85,1
哲学,zhe|xue,zhe2|xue2,0.85,1
哲学家,zhe|xue|jia,zhe2|xue2|jia1,0.85,1
哽咽,geng|yan,geng3|yan4,0.85,1
唐代,tang|dai,tang2|dai4,0.85,1
唐朝,tang|chao,tang2|chao2,0.85,1
唤起,huan|qi,huan4|qi3,0.85,1
售票,shou|piao,shou4|piao4,0.86,1
售票口,shou|piao|kou,shou4|piao4|kou3,0.86,1
售票员,shou|piao|yuan,shou4|piao4|yuan2,0.85,1
售票处,shou|piao|chu,shou4|piao4|chu4,0.85,1
唯一,wei|yi,wei2|yi1,0.85,1
唯有,wei|you,wei2|you3,0.85,1
唯独,wei|du,wei2|du2,0.85,1
商业,shang|ye,shang1|ye4,0.85,1
商人,shang|ren,shang1|ren2,0.85,1
商务,shang|wu,shang1|wu4,0.85,1
商务室,shang|wu|shi,shang1|wu4|shi4,0.86,1
商务房,shang|wu|fang,shang1|wu4|fang2,0.86,1
商务车,shang|wu|che,shang1|wu4|che1,0.86,1
商品,shang|pin,shang1|pin3,0.85,1
商场,shang|chang,shang1|chang3,0.85,1
商店,shang|dian,shang1|dian4,0.85,1
商议,shang|yi,shang1|yi4,0.85,1
商贸,shang|mao,shang1|mao4,0.85,1
商量,shang|liang,shang1|liang2,0.85,1
啤酒,pi|jiu,pi2|jiu3,0.85,1
喃喃,nan|nan,nan2|nan2,0.85,1
善于,shan|yu,shan4|yu2,0.85,1
善人,shan|ren,shan4|ren2,0.85,1
善良,shan|liang,shan4|liang2,0.85,1
喇嘛,la|ma,la3|ma0,0.85,1
喉咙,hou|long,hou2|long2,0.85,1
喊声,han|sheng,han3|sheng1,0.85,1
喊道,han|dao,han3|dao4,0.85,1
喜事,xi|shi,xi3|shi4,0.85,1
喜剧,xi|ju,xi3|ju4,0.85,1
喜悦,xi|yue,xi3|yue4,0.85,1
喜欢,xi|huan,xi3|huan0,0.85,1
喜爱,xi|ai,xi3|ai4,0.85,1
喝道,he|dao,he4|dao4,0.85,1
喝酒,he|jiu,he1|jiu3,0.85,1
喷出,pen|chu,pen1|chu1,0.85,1
嗓子,sang|zi,sang3|zi0,0.85,1
嘉宾,jia|bin,jia1|bin1,0.86,1
嘉宾证,jia|bin|zheng,jia1|bin1|zheng4,0.86,1
嘉靖,jia|jing,jia1|jing4,0.85,1
嘱咐,zhu|fu,zhu3|fu4,0.85,1
嘴唇,zui|chun,zui3|chun2,0.85,1
嘴巴,zui|ba,zui3|ba0,0.85,1
嘴角,zui|jiao,zui3|jiao3,0.85,1
嘴里,zui|li,zui3|li3,0.85,1
嘿嘿,hei|hei,hei1|hei1,0.85,1
器官,qi|guan,qi4|guan1,0.85,1
器材,qi|cai,qi4|cai2,0.85,1
器械,qi|xie,qi4|xie4,0.85,1
器械柜,qi|xie|gui,qi4|xie4|gui4,0.86,1
器物,qi|wu,qi4|wu4,0.85,1
四人帮,si|ren|bang,si4|ren2|bang1,0.85,1
四十码,si|shi|ma,si4|shi2|ma3,0.8,1
四品,si|pin,si4|pin3,0.85,1
四大,si|da,si4|da4,0.85,1
四环,si|huan,si4|huan2,0.84,1
四环素,si|huan|su,si4|huan2|su4,0.85,1
四肢,si|zhi,si4|zhi1,0.85,1
回事,hui|shi,hui2|shi4,0.85,1
回到,hui|dao,hui2|dao4,0.85,1
回去,hui|qu,hui2|qu4,0.85,1
回头,hui|tou,hui2|tou2,0.85,1
回家,hui|jia,hui2|jia1,0.85,1
回应,hui|ying,hui2|ying4,0.85,1
回归,hui|gui,hui2|gui1,0.85,1
回归测试,hui|gui|ce|shi,hui2|gui1|ce4|shi4,0.9,1
回忆,hui|yi,hui2|yi4,0.85,1
回执单,hui|zhi|dan,hui2|zhi2|dan1,0.86,1
回报,hui|bao,hui2|bao4,0.85,1
回收桶,hui|shou|tong,hui2|shou1|tong3,0.86,1
回旋,hui|xuan,hui2|xuan2,0.85,1
回来,hui|lai,hui2|lai2,0.85,1
回滚,hui|gun,hui2|gun3,0.86,1
回甘,hui|gan,hui2|gan1,0.86,1
回答,hui|da,hui2|da2,0.85,1
回身,hui|shen,hui2|shen1,0.85,1
回车区,hui|che|qu,hui2|che1|qu1,0.85,1
回过,hui|guo,hui2|guo4,0.85,1
回避,hui|bi,hui2|bi4,0.85,1
回锅肉,hui|guo|rou,hui2|guo1|rou4,0.86,1
回顾,hui|gu,hui2|gu4,0.85,1
因为,yin|wei,yin1|wei4,0.85,1
因此,yin|ci,yin1|ci3,0.85,1
因素,yin|su,yin1|su4,0.85,1
因而,yin|er,yin1|er2,0.85,1
团体,tuan|ti,tuan2|ti3,0.86,1
团体票,tuan|ti|piao,tuan2|ti3|piao4,0.86,1
团体赛,tuan|ti|sai,tuan2|ti3|sai4,0.86,1
团团,tuan|tuan,tuan2|tuan2,0.85,1
团城,tuan|cheng,tuan2|cheng2,0.85,1
团子,tuan|zi,tuan2|zi3,0.85,1
团结,tuan|jie,tuan2|jie2,0.85,1
团长,tuan|zhang,tuan2|zhang3,0.85,1
团队,tuan|dui,tuan2|dui4,0.85,1
园景房,yuan|jing|fang,yuan2|jing3|fang2,0.86,1
园林,yuan|lin,yuan2|lin2,0.85,1
园艺场,yuan|yi|chang,yuan2|yi4|chang3,0.85,1
困境,kun|jing,kun4|jing4,0.85,1
困惑,kun|huo,kun4|huo4,0.85,1
困扰,kun|rao,kun4|rao3,0.85,1
困难,kun|nan,kun4|nan2,0.85,1
围剿,wei|jiao,wei2|jiao3,0.85,1
围墙,wei|qiang,wei2|qiang2,0.85,1
围攻,wei|gong,wei2|gong1,0.85,1
围着,wei|zhe,wei2|zhe0,0.85,1
围绕,wei|rao,wei2|rao4,0.85,1
固体,gu|ti,gu4|ti3,0.85,1
固定,gu|ding,gu4|ding4,0.85,1
固有,gu|you,gu4|you3,0.85,1
固然,gu|ran,gu4|ran2,0.85,1
国产,guo|chan,guo2|chan3,0.85,1
国人,guo|ren,guo2|ren2,0.85,1
国会,guo|hui,guo2|hui4,0.85,1
国共,guo|gong,guo2|gong4,0.85,1
国内,guo|nei,guo2|nei4,0.85,1
国内厅,guo|nei|ting,guo2|nei4|ting1,0.86,1
国内外,guo|nei|wai,guo2|nei4|wai4,0.85,1
国务,guo|wu,guo2|wu4,0.85,1
国土,guo|tu,guo2|tu3,0.85,1
国外,guo|wai,guo2|wai4,0.85,1
国家,guo|jia,guo2|jia1,0.85,1
国家级,guo|jia|ji,guo2|jia1|ji2,0.85,1
国师,guo|shi,guo2|shi1,0.85,1
国徽,guo|hui,guo2|hui1,0.85,1
国情,guo|qing,guo2|qing2,0.85,1
国旗,guo|qi,guo2|qi2,0.85,1
国有,guo|you,guo2|you3,0.85,1
国民,guo|min,guo2|min2,0.85,1
国王,guo|wang,guo2|wang2,0.85,1
国立,guo|li,guo2|li4,0.85,1
国道线,guo|dao|xian,guo2|dao4|xian4,0.85,1
国防,guo|fang,guo2|fang2,0.85,1
国际,guo|ji,guo2|ji4,0.85,1
国际厅,guo|ji|ting,guo2|ji4|ting1,0.86,1
图书,tu|shu,tu2|shu1,0.85,1
图书馆,tu|shu|guan,tu2|shu1|guan3,0.85,1
图像,tu|xiang,tu2|xiang4,0.85,1
图册,tu|ce,tu2|ce4,0.85,1
图库,tu|ku,tu2|ku4,0.85,1
图形,tu|xing,tu2|xing2,0.85,1
图案,tu|an,tu2|an4,0.85,1
图片,tu|pian,tu2|pian4,0.85,1
图谋,tu|mou,tu2|mou2,0.85,1
圆圆,yuan|yuan,yuan2|yuan2,0.85,1
圆形,yuan|xing,yuan2|xing2,0.85,1
圆柱,yuan|zhu,yuan2|zhu4,0.85,1
圆桌,yuan|zhuo,yuan2|zhuo1,0.86,1
圆满,yuan|man,yuan2|man3,0.85,1
圈子,quan|zi,quan1|zi0,0.85,1
土司,tu|si,tu3|si1,0.85,1
土地,tu|di,tu3|di4,0.85,1
土壤,tu|rang,tu3|rang3,0.85,1
土家,tu|jia,tu3|jia1,0.85,1
土特产,tu|te|chan,tu3|te4|chan3,0.86,1
土豆丝,tu|dou|si,tu3|dou4|si1,0.86,1
圣人,sheng|ren,sheng4|ren2,0.85,1
圣地,sheng|di,sheng4|di4,0.85,1
圣旨,sheng|zhi,sheng4|zhi3,0.85,1
圣水,sheng|shui,sheng4|shui3,0.85,1
在于,zai|yu,zai4|yu2,0.85,1
在位,zai|wei,zai4|wei4,0.85,1
在内,zai|nei,zai4|nei4,0.85,1
在场,zai|chang,zai4|chang3,0.85,1
在外,zai|wai,zai4|wai4,0.85,1
在家,zai|jia,zai4|jia1,0.85,1
在校,zai|xiao,zai4|xiao4,0.85,1
在线,zai|xian,zai4|xian4,0.85,1
在职,zai|zhi,zai4|zhi2,0.85,1
地三鲜,di|san|xian,di4|san1|xian1,0.86,1
地上,di|shang,di4|shang4,0.85,1
地下,di|xia,di4|xia4,0.85,1
地下水,di|xia|shui,di4|xia4|shui3,0.85,1
地主,di|zhu,di4|zhu3,0.85,1
地位,di|wei,di4|wei4,0.85,1
地势,di|shi,di4|shi4,0.85,1
地区,di|qu,di4|qu1,0.85,1
地图,di|tu,di4|tu2,0.85,1
地址,di|zhi,di4|zhi3,0.85,1
地域,di|yu,di4|yu4,0.85,1
地壳,di|qiao,di4|qiao4,0.85,1
地处,di|chu,di4|chu3,0.85,1
地层,di|ceng,di4|ceng2,0.85,1
地巾,di|jin,di4|jin1,0.86,1
地带,di|dai,di4|dai4,0.85,1
地库口,di|ku|kou,di4|ku4|kou3,0.85,1
地形,di|xing,di4|xing2,0.85,1
地形图,di|xing|tu,di4|xing2|tu2,0.86,1
地方,di|fang,di4|fang1,0.85,1
地方性,di|fang|xing,di4|fang1|xing4,0.85,1
地暖,di|nuan,di4|nuan3,0.86,1
地板,di|ban,di4|ban3,0.85,1
地步,di|bu,di4|bu4,0.85,1
地毯,di|tan,di4|tan3,0.85,1
地点,di|dian,di4|dian3,0.85,1
地狱,di|yu,di4|yu4,0.85,1
地球,di|qiu,di4|qiu2,0.85,1
地理,di|li,di4|li3,0.85,1
地理学,di|li|xue,di4|li3|xue2,0.85,1
地瓜圆,di|gua|yuan,di4|gua1|yuan2,0.86,1
地租,di|zu,di4|zu1,0.85,1
地级市,di|ji|shi,di4|ji2|shi4,0.85,1
地表,di|biao,di4|biao3,0.85,1
地貌,di|mao,di4|mao4,0.85,1
地质,di|zhi,di4|zhi4,0.85,1
地质园,di|zhi|yuan,di4|zhi4|yuan2,0.86,1
地贴标,di|tie|biao,di4|tie1|biao1,0.86,1
地里,di|li,di4|li3,0.85,1
地铁,di|tie,di4|tie3,0.85,1
地铁站,di|tie|zhan,di4|tie3|zhan4,0.85,1
地震,di|zhen,di4|zhen4,0.85,1
地面,di|mian,di4|mian4,0.85,1
场上,chang|shang,chang3|shang4,0.85,1
场合,chang|he,chang3|he2,0.85,1
场地,chang|di,chang3|di4,0.85,1
场所,chang|suo,chang3|suo3,0.85,1
场接送,chang|jie|song,chang3|jie1|song4,0.86,1
场景,chang|jing,chang3|jing3,0.85,1
场面,chang|mian,chang3|mian4,0.85,1
均匀,jun|yun,jun1|yun2,0.85,1
均衡,jun|heng,jun1|heng2,0.85,1
均衡感,jun|heng|gan,jun1|heng2|gan3,0.86,1
坏事,huai|shi,huai4|shi4,0.85,1
坏人,huai|ren,huai4|ren2,0.85,1
坐下,zuo|xia,zuo4|xia4,0.85,1
坐在,zuo|zai,zuo4|zai4,0.85,1
坐标,zuo|biao,zuo4|biao1,0.85,1
坐标点,zuo|biao|dian,zuo4|biao1|dian3,0.86,1
坐落,zuo|luo,zuo4|luo4,0.85,1
坐骑,zuo|qi,zuo4|qi2,0.85,1
坚决,jian|jue,jian1|jue2,0.85,1
坚固,jian|gu,jian1|gu4,0.85,1
坚守,jian|shou,jian1|shou3,0.85,1
坚定,jian|ding,jian1|ding4,0.85,1
坚实,jian|shi,jian1|shi2,0.85,1
坚强,jian|qiang,jian1|qiang2,0.85,1
坚持,jian|chi,jian1|chi2,0.85,1
坚果香,jian|guo|xiang,jian1|guo3|xiang1,0.86,1
坚硬,jian|ying,jian1|ying4,0.85,1
坦克,tan|ke,tan3|ke4,0.85,1
垂体,chui|ti,chui2|ti3,0.85,1
垂直,chui|zhi,chui2|zhi2,0.85,1
垃圾,la|ji,la1|ji1,0.85,1
垃圾桶,la|ji|tong,la1|ji1|tong3,0.86,1
垄断,long|duan,long3|duan4,0.85,1
型号,xing|hao,xing2|hao4,0.85,1
埋伏,mai|fu,mai2|fu2,0.85,1
埋怨,man|yuan,man2|yuan4,0.85,1
城下,cheng|xia,cheng2|xia4,0.85,1
城中,cheng|zhong,cheng2|zhong1,0.85,1
城乡,cheng|xiang,cheng2|xiang1,0.85,1
城内,cheng|nei,cheng2|nei4,0.85,1
城北,cheng|bei,cheng2|bei3,0.85,1
城区,cheng|qu,cheng2|qu1,0.85,1
城区图,cheng|qu|tu,cheng2|qu1|tu2,0.86,1
城墙,cheng|qiang,cheng2|qiang2,0.85,1
城外,cheng|wai,cheng2|wai4,0.85,1
城头,cheng|tou,cheng2|tou2,0.85,1
城景,cheng|jing,cheng2|jing3,0.86,1
城景房,cheng|jing|fang,cheng2|jing3|fang2,0.86,1
城楼,cheng|lou,cheng2|lou2,0.85,1
城池,cheng|chi,cheng2|chi2,0.85,1
城邦,cheng|bang,cheng2|bang1,0.85,1
城郊,cheng|jiao,cheng2|jiao1,0.85,1
城里,cheng|li,cheng2|li3,0.85,1
城门,cheng|men,cheng2|men2,0.86,1
培养,pei|yang,pei2|yang3,0.85,1
培养皿,pei|yang|min,pei2|yang3|min3,0.86,1
培育,pei|yu,pei2|yu4,0.85,1
培训,pei|xun,pei2|xun4,0.85,1
培训班,pei|xun|ban,pei2|xun4|ban1,0.85,1
基于,ji|yu,ji1|yu2,0.85,1
基准,ji|zhun,ji1|zhun3,0.86,1
基因,ji|yin,ji1|yin1,0.85,1
基地,ji|di,ji1|di4,0.85,1
基层,ji|ceng,ji1|ceng2,0.85,1
基本,ji|ben,ji1|ben3,0.85,1
基本上,ji|ben|shang,ji1|ben3|shang4,0.85,1
基础,ji|chu,ji1|chu3,0.85,1
基金,ji|jin,ji1|jin1,0.85,1
基金会,ji|jin|hui,ji1|jin1|hui4,0.85,1
堂食,tang|shi,tang2|shi2,0.85,1
堆积,dui|ji,dui1|ji1,0.85,1
堪称,kan|cheng,kan1|cheng1,0.85,1
堵塞,du|se,du3|se4,0.85,1
堵车,du|che,du3|che1,0.85,1
塑料,su|liao,su4|liao4,0.85,1
塑杯,su|bei,su4|bei1,0.86,1
塑造,su|zao,su4|zao4,0.85,1
塔院,ta|yuan,ta3|yuan4,0.86,1
填报,tian|bao,tian2|bao4,0.85,1
填补,tian|bu,tian2|bu3,0.85,1
境内,jing|nei,jing4|nei4,0.85,1
境地,jing|di,jing4|di4,0.85,1
境外,jing|wai,jing4|wai4,0.85,1
境界,jing|jie,jing4|jie4,0.85,1
墓室,mu|shi,mu4|shi4,0.85,1
墓葬,mu|zang,mu4|zang4,0.85,1
墙上,qiang|shang,qiang2|shang4,0.85,1
墙壁,qiang|bi,qiang2|bi4,0.85,1
增产,zeng|chan,zeng1|chan3,0.85,1
增值,zeng|zhi,zeng1|zhi2,0.85,1
增加,zeng|jia,zeng1|jia1,0.85,1
增加值,zeng|jia|zhi,zeng1|jia1|zhi2,0.85,1
增多,zeng|duo,zeng1|duo1,0.85,1
增大,zeng|da,zeng1|da4,0.85,1
增强,zeng|qiang,zeng1|qiang2,0.85,1
增收,zeng|shou,zeng1|shou1,0.85,1
增殖,zeng|zhi,zeng1|zhi2,0.85,1
增添,zeng|tian,zeng1|tian1,0.85,1
增至,zeng|zhi,zeng1|zhi4,0.85,1
增设,zeng|she,zeng1|she4,0.85,1
增进,zeng|jin,zeng1|jin4,0.85,1
增长,zeng|zhang,zeng1|zhang3,0.85,1
增长率,zeng|zhang|l,zeng1|zhang3|l4,0.85,1
增高,zeng|gao,zeng1|gao1,0.85,1
墨镜,mo|jing,mo4|jing4,0.85,1
壁上,bi|shang,bi4|shang4,0.85,1
壁画,bi|hua,bi4|hua4,0.85,1
士兵,shi|bing,shi4|bing1,0.85,1
士官,shi|guan,shi4|guan1,0.85,1
士气,shi|qi,shi4|qi4,0.85,1
壮丽,zhuang|li,zhuang4|li4,0.85,1
壮大,zhuang|da,zhuang4|da4,0.85,1
声势,sheng|shi,sheng1|shi4,0.85,1
声响,sheng|xiang,sheng1|xiang3,0.85,1
声明,sheng|ming,sheng1|ming2,0.85,1
声称,sheng|cheng,sheng1|cheng1,0.85,1
声誉,sheng|yu,sheng1|yu4,0.85,1
声道,sheng|dao,sheng1|dao4,0.85,1
声音,sheng|yin,sheng1|yin1,0.85,1
处于,chu|yu,chu3|yu2,0.85,1
处分,chu|fen,chu3|fen4,0.85,1
处在,chu|zai,chu4|zai4,0.85,1
处境,chu|jing,chu3|jing4,0.85,1
处处,chu|chu,chu4|chu4,0.85,1
处方,chu|fang,chu3|fang1,0.86,1
处方笺,chu|fang|jian,chu3|fang1|jian1,0.86,1
处方药,chu|fang|yao,chu3|fang1|yao4,0.86,1
处死,chu|si,chu3|si3,0.85,1
处理,chu|li,chu3|li3,0.86,1
处理器,chu|li|qi,chu3|li3|qi4,0.85,1
处理费,chu|li|fei,chu3|li3|fei4,0.86,1
处罚,chu|fa,chu3|fa2,0.85,1
处置,chu|zhi,chu3|zhi4,0.85,1
处置室,chu|zhi|shi,chu3|zhi4|shi4,0.86,1
处长,chu|chang,chu4|chang2,0.85,1
备品,bei|pin,bei4|pin3,0.86,1
备案,bei|an,bei4|an4,0.85,1
备降,bei|jiang,bei4|jiang4,0.86,1
复习,fu|xi,fu4|xi2,0.85,1
复兴,fu|xing,fu4|xing1,0.85,1
复制,fu|zhi,fu4|zhi4,0.85,1
复合,fu|he,fu4|he2,0.85,1
复杂,fu|za,fu4|za2,0.85,1
复查,fu|cha,fu4|cha2,0.86,1
复诊,fu|zhen,fu4|zhen3,0.86,1
夏天,xia|tian,xia4|tian1,0.85,1
夏季,xia|ji,xia4|ji4,0.85,1
外事,wai|shi,wai4|shi4,0.85,1
外交,wai|jiao,wai4|jiao1,0.85,1
外人,wai|ren,wai4|ren2,0.85,1
外出,wai|chu,wai4|chu1,0.85,1
外卖,wai|mai,wai4|mai4,0.9,1
外商,wai|shang,wai4|shang1,0.85,1
外围,wai|wei,wai4|wei2,0.85,1
外国人,wai|guo|ren,wai4|guo2|ren2,0.85,1
外地,wai|di,wai4|di4,0.85,1
外头,wai|tou,wai4|tou0,0.85,1
外带,wai|dai,wai4|dai4,0.86,1
外带杯,wai|dai|bei,wai4|dai4|bei1,0.86,1
外形,wai|xing,wai4|xing2,0.85,1
外援,wai|yuan,wai4|yuan2,0.85,1
外文,wai|wen,wai4|wen2,0.85,1
外来,wai|lai,wai4|lai2,0.85,1
外汇,wai|hui,wai4|hui4,0.85,1
外界,wai|jie,wai4|jie4,0.85,1
外皮,wai|pi,wai4|pi2,0.85,1
外科,wai|ke,wai4|ke1,0.86,1
外科学,wai|ke|xue,wai4|ke1|xue2,0.86,1
外表,wai|biao,wai4|biao3,0.85,1
外观,wai|guan,wai4|guan1,0.85,1
外语,wai|yu,wai4|yu3,0.85,1
外贸,wai|mao,wai4|mao4,0.85,1
外资,wai|zi,wai4|zi1,0.85,1
外边,wai|bian,wai4|bian1,0.85,1
外部,wai|bu,wai4|bu4,0.85,1
外长,wai|zhang,wai4|zhang3,0.85,1
外面,wai|mian,wai4|mian4,0.85,1
多么,duo|me,duo1|me0,0.85,1
多于,duo|yu,duo1|yu2,0.85,1
多媒体,duo|mei|ti,duo1|mei2|ti3,0.85,1
多样,duo|yang,duo1|yang4,0.85,1
多用,duo|yong,duo1|yong4,0.85,1
多糖,duo|tang,duo1|tang2,0.86,1
夜市,ye|shi,ye4|shi4,0.86,1
夜晚,ye|wan,ye4|wan3,0.85,1
夜景,ye|jing,ye4|jing3,0.85,1
夜游线,ye|you|xian,ye4|you2|xian4,0.86,1
夜班车,ye|ban|che,ye4|ban1|che1,0.85,1
夜里,ye|li,ye4|li3,0.85,1
夜间,ye|jian,ye4|jian1,0.85,1
大专,da|zhuan,da4|zhuan1,0.85,1
大业,da|ye,da4|ye4,0.85,1
大中型,da|zhong|xing,da4|zhong1|xing2,0.85,1
大为,da|wei,da4|wei4,0.85,1
大举,da|ju,da4|ju3,0.85,1
大事,da|shi,da4|shi4,0.85,1
大于,da|yu,da4|yu2,0.85,1
大人,da|ren,da4|ren2,0.85,1
大众,da|zhong,da4|zhong4,0.85,1
大伙,da|huo,da4|huo3,0.85,1
大伙儿,da|huo|er,da4|huo3|er2,0.85,1
大会,da|hui,da4|hui4,0.85,1
大体,da|ti,da4|ti3,0.85,1
大使,da|shi,da4|shi3,0.85,1
大典,da|dian,da4|dian3,0.85,1
大军,da|jun,da4|jun1,0.85,1
大冶,da|ye,da4|ye3,0.85,1
大刀,da|dao,da4|dao1,0.85,1
大力,da|li,da4|li4,0.85,1
大功,da|gong,da4|gong1,0.85,1
大厅,da|ting,da4|ting1,0.85,1
大厦,da|sha,da4|sha4,0.85,1
大叫,da|jiao,da4|jiao4,0.85,1
大同,da|tong,da4|tong2,0.85,1
大哥,da|ge,da4|ge1,0.85,1
大哭,da|ku,da4|ku1,0.85,1
大地,da|di,da4|di4,0.85,1
大块,da|kuai,da4|kuai4,0.85,1
大型,da|xing,da4|xing2,0.85,1
大堂,da|tang,da4|tang2,0.86,1
大处方,da|chu|fang,da4|chu3|fang1,0.86,1
大大,da|da,da4|da4,0.85,1
大夫,dai|fu,dai4|fu0,0.85,1
大妈,da|ma,da4|ma1,0.85,1
大姐,da|jie,da4|jie3,0.85,1
大字,da|zi,da4|zi4,0.85,1
大学,da|xue,da4|xue2,0.85,1
大学士,da|xue|shi,da4|xue2|shi4,0.85,1
大学生,da|xue|sheng,da4|xue2|sheng1,0.85,1
大家,da|jia,da4|jia1,0.85,1
大将,da|jiang,da4|jiang4,0.85,1
大小,da|xiao,da4|xiao3,0.85,1
大局,da|ju,da4|ju2,0.85,1
大巴,da|ba,da4|ba1,0.85,1
大师,da|shi,da4|shi1,0.85,1
大幅,da|fu,da4|fu2,0.85,1
大幅度,da|fu|du,da4|fu2|du4,0.85,1
大床,da|chuang,da4|chuang2,0.86,1
大床房,da|chuang|fang,da4|chuang2|fang2,0.86,1
大悲,da|bei,da4|bei1,0.35,1
大方,da|fang,da4|fang1,0.85,1
大权,da|quan,da4|quan2,0.85,1
大杯,da|bei,da4|bei1,0.88,1
大树,da|shu,da4|shu4,0.85,1
大楼,da|lou,da4|lou2,0.85,1
大概,da|gai,da4|gai4,0.85,1
大模型,da|mo|xing,da4|mo2|xing2,0.86,1
大殿,da|dian,da4|dian4,0.85,1
大气,da|qi,da4|qi4,0.85,1
大清,da|qing,da4|qing1,0.85,1
大火,da|huo,da4|huo3,0.85,1
大炮,da|pao,da4|pao4,0.85,1
大爷,da|ye,da4|ye2,0.85,1
大片,da|pian,da4|pian4,0.85,1
大理,da|li,da4|li3,0.85,1
大盘,da|pan,da4|pan2,0.85,1
大石,da|shi,da4|shi2,0.85,1
大笑,da|xiao,da4|xiao4,0.85,1
大红,da|hong,da4|hong2,0.85,1
大约,da|yue,da4|yue1,0.85,1
大纲,da|gang,da4|gang1,0.85,1
大肆,da|si,da4|si4,0.85,1
大胆,da|dan,da4|dan3,0.85,1
大脑,da|nao,da4|nao3,0.85,1
大臣,da|chen,da4|chen2,0.85,1
大自然,da|zi|ran,da4|zi4|ran2,0.85,1
大致,da|zhi,da4|zhi4,0.85,1
大规模,da|gui|mo,da4|gui1|mo2,0.85,1
大败,da|bai,da4|bai4,0.85,1
大赛,da|sai,da4|sai4,0.85,1
大连,da|lian,da4|lian2,0.85,1
大选,da|xuan,da4|xuan3,0.85,1
大通道,da|tong|dao,da4|tong1|dao4,0.86,1
大道,da|dao,da4|dao4,0.85,1
大部,da|bu,da4|bu4,0.85,1
大酒店,da|jiu|dian,da4|jiu3|dian4,0.86,1
大量,da|liang,da4|liang4,0.85,1
大门,da|men,da4|men2,0.85,1
大队,da|dui,da4|dui4,0.85,1
大陆,da|lu,da4|lu4,0.85,1
大面积,da|mian|ji,da4|mian4|ji1,0.85,1
天上,tian|shang,tian1|shang4,0.85,1
天下,tian|xia,tian1|xia4,0.85,1
天体,tian|ti,tian1|ti3,0.85,1
天地,tian|di,tian1|di4,0.85,1
天地会,tian|di|hui,tian1|di4|hui4,0.85,1
天堂,tian|tang,tian1|tang2,0.85,1
天天,tian|tian,tian1|tian1,0.85,1
天妇罗,tian|fu|luo,tian1|fu4|luo2,0.86,1
天子,tian|zi,tian1|zi3,0.85,1
天府,tian|fu,tian1|fu3,0.85,1
天文馆,tian|wen|guan,tian1|wen2|guan3,0.86,1
天气,tian|qi,tian1|qi4,0.85,1
天然,tian|ran,tian1|ran2,0.85,1
天然气,tian|ran|qi,tian1|ran2|qi4,0.85,1
天生,tian|sheng,tian1|sheng1,0.85,1
天空,tian|kong,tian1|kong1,0.85,1
天色,tian|se,tian1|se4,0.85,1
天花,tian|hua,tian1|hua1,0.85,1
天赋,tian|fu,tian1|fu4,0.85,1
天鹅花,tian|e|hua,tian1|e2|hua1,0.86,1
天麻,tian|ma,tian1|ma2,0.85,1
太太,tai|tai,tai4|tai4,0.85,1
太子,tai|zi,tai4|zi3,0.85,1
太守,tai|shou,tai4|shou3,0.85,1
太师,tai|shi,tai4|shi1,0.85,1
太监,tai|jian,tai4|jian0,0.85,1
太空,tai|kong,tai4|kong1,0.85,1
夫人,fu|ren,fu1|ren2,0.85,1
夫妇,fu|fu,fu1|fu4,0.85,1
夫妻,fu|qi,fu1|qi1,0.85,1
失业,shi|ye,shi1|ye4,0.85,1
失利,shi|li,shi1|li4,0.85,1
失去,shi|qu,shi1|qu4,0.85,1
失望,shi|wang,shi1|wang4,0.85,1
失物处,shi|wu|chu,shi1|wu4|chu4,0.86,1
失误,shi|wu,shi1|wu4,0.85,1
失调,shi|tiao,shi1|tiao2,0.85,1
失败,shi|bai,shi1|bai4,0.85,1
失踪,shi|zong,shi1|zong1,0.85,1
头上,tou|shang,tou2|shang4,0.85,1
头儿,tou|er,tou2|er0,0.85,1
头发,tou|fa,tou2|fa0,0.85,1
头痛,tou|tong,tou2|tong4,0.85,1
头目,tou|mu,tou2|mu4,0.85,1
头脑,tou|nao,tou2|nao3,0.85,1
头部,tou|bu,tou2|bu4,0.85,1
头陀,tou|tuo,tou2|tuo2,0.85,1
头顶,tou|ding,tou2|ding3,0.85,1
头领,tou|ling,tou2|ling3,0.85,1
夸张,kua|zhang,kua1|zhang1,0.85,1
夹板,jia|ban,jia1|ban3,0.86,1
夺取,duo|qu,duo2|qu3,0.85,1
夺得,duo|de,duo2|de2,0.85,1
奇异,qi|yi,qi2|yi4,0.85,1
奇怪,qi|guai,qi2|guai4,0.85,1
奇迹,qi|ji,qi2|ji4,0.85,1
奈何,nai|he,nai4|he2,0.85,1
奉命,feng|ming,feng4|ming4,0.85,1
奉献,feng|xian,feng4|xian4,0.85,1
奉行,feng|xing,feng4|xing2,0.85,1
奋力,fen|li,fen4|li4,0.85,1
奋斗,fen|dou,fen4|dou4,0.85,1
奋起,fen|qi,fen4|qi3,0.85,1
奔腾,ben|teng,ben1|teng2,0.85,1
奔跑,ben|pao,ben1|pao3,0.85,1
奔驰,ben|chi,ben1|chi2,0.85,1
奖励,jiang|li,jiang3|li4,0.85,1
奖学金,jiang|xue|jin,jiang3|xue2|jin1,0.85,1
奖惩,jiang|cheng,jiang3|cheng2,0.85,1
奖金,jiang|jin,jiang3|jin1,0.85,1
套房,tao|fang,tao4|fang2,0.86,1
套间,tao|jian,tao4|jian1,0.86,1
套餐,tao|can,tao4|can1,0.85,1
奠定,dian|ding,dian4|ding4,0.85,1
奥运会,ao|yun|hui,ao4|yun4|hui4,0.85,1
女人,n|ren,n3|ren2,0.85,1
女儿,n|er,n3|er2,0.85,1
女士,n|shi,n3|shi4,0.85,1
女婿,n|xu,n3|xu0,0.85,1
女子,n|zi,n3|zi3,0.85,1
女孩,n|hai,n3|hai2,0.85,1
女孩子,n|hai|zi,n3|hai2|zi0,0.85,1
女性,n|xing,n3|xing4,0.85,1
女生,n|sheng,n3|sheng1,0.85,1
女郎,n|lang,n3|lang2,0.85,1
奴婢,nu|bi,nu2|bi4,0.85,1
奴役,nu|yi,nu2|yi4,0.85,1
奴才,nu|cai,nu2|cai2,0.85,1
奴隶,nu|li,nu2|li4,0.85,1
奶奶,nai|nai,nai3|nai0,0.85,1
奶油卷,nai|you|juan,nai3|you2|juan4,0.86,1
奶泡,nai|pao,nai3|pao4,0.86,1
奶泡缸,nai|pao|gang,nai3|pao4|gang1,0.86,1
奶盖,nai|gai,nai3|gai4,0.85,1
奶粉,nai|fen,nai3|fen3,0.85,1
奶精,nai|jing,nai3|jing1,0.86,1
奶缸,nai|gang,nai3|gang1,0.86,1
奶茶,nai|cha,nai3|cha2,0.85,1
奶酥包,nai|su|bao,nai3|su1|bao1,0.86,1
奶黄酥,nai|huang|su,nai3|huang2|su1,0.86,1
她们,ta|men,ta1|men0,0.85,1
好不好,hao|bu|hao,hao3|bu0|hao3,0.85,1
好事,hao|shi,hao3|shi4,0.85,1
好人,hao|ren,hao3|ren2,0.85,1
好像,hao|xiang,hao3|xiang4,0.85,1
好吃,hao|chi,hao3|chi1,0.85,1
好处,hao|chu,hao3|chu4,0.85,1
好奇,hao|qi,hao4|qi2,0.85,1
好好,hao|hao,hao3|hao3,0.85,1
好歹,hao|dai,hao3|dai3,0.85,1
好汉,hao|han,hao3|han4,0.85,1
好生,hao|sheng,hao3|sheng1,0.85,1
好看,hao|kan,hao3|kan4,0.85,1
好象,hao|xiang,hao3|xiang4,0.85,1
好转,hao|zhuan,hao3|zhuan3,0.85,1
如下,ru|xia,ru2|xia4,0.85,1
如今,ru|jin,ru2|jin1,0.85,1
如何,ru|he,ru2|he2,0.85,1
如同,ru|tong,ru2|tong2,0.85,1
如是,ru|shi,ru2|shi4,0.85,1
如果,ru|guo,ru2|guo3,0.85,1
如果说,ru|guo|shuo,ru2|guo3|shuo1,0.85,1
如此,ru|ci,ru2|ci3,0.85,1
妇产科,fu|chan|ke,fu4|chan3|ke1,0.86,1
妇人,fu|ren,fu4|ren2,0.85,1
妇科,fu|ke,fu4|ke1,0.86,1
妇科病,fu|ke|bing,fu4|ke1|bing4,0.86,1
妈妈,ma|ma,ma1|ma0,0.85,1
妖精,yao|jing,yao1|jing1,0.85,1
妥协,tuo|xie,tuo3|xie2,0.85,1
妨碍,fang|ai,fang2|ai4,0.85,1
妹妹,mei|mei,mei4|mei0,0.85,1
妹子,mei|zi,mei4|zi3,0.85,1
妻子,qi|zi,qi1|zi3,0.85,1
姊妹,zi|mei,zi3|mei4,0.85,1
始于,shi|yu,shi3|yu2,0.85,1
始发站,shi|fa|zhan,shi3|fa1|zhan4,0.86,1
始建,shi|jian,shi3|jian4,0.85,1
始终,shi|zhong,shi3|zhong1,0.85,1
姐妹,jie|mei,jie3|mei4,0.85,1
姐姐,jie|jie,jie3|jie0,0.85,1
姑妈,gu|ma,gu1|ma1,0.85,1
姑姑,gu|gu,gu1|gu0,0.85,1
姑娘,gu|niang,gu1|niang2,0.85,1
姓名,xing|ming,xing4|ming2,0.85,1
姓名牌,xing|ming|pai,xing4|ming2|pai2,0.86,1
委员,wei|yuan,wei3|yuan2,0.85,1
委员会,wei|yuan|hui,wei3|yuan2|hui4,0.85,1
委员长,wei|yuan|chang,wei3|yuan2|chang2,0.85,1
委屈,wei|qu,wei3|qu0,0.85,1
委托,wei|tuo,wei3|tuo1,0.85,1
姿势,zi|shi,zi1|shi4,0.85,1
姿态,zi|tai,zi1|tai4,0.85,1
威严,wei|yan,wei1|yan2,0.85,1
威力,wei|li,wei1|li4,0.85,1
威胁,wei|xie,wei1|xie2,0.85,1
威风,wei|feng,wei1|feng1,0.85,1
娃娃,wa|wa,wa2|wa0,0.85,1
娘娘,niang|niang,niang2|niang2,0.85,1
娘子,niang|zi,niang2|zi3,0.85,1
娱乐,yu|le,yu2|le4,0.85,1
婆婆,po|po,po2|po0,0.85,1
婚姻,hun|yin,hun1|yin1,0.85,1
婚礼,hun|li,hun1|li3,0.85,1
婴儿,ying|er,ying1|er2,0.85,1
媒介,mei|jie,mei2|jie4,0.85,1
媒体,mei|ti,mei2|ti3,0.86,1
媒体证,mei|ti|zheng,mei2|ti3|zheng4,0.86,1
媳妇,xi|fu,xi2|fu4,0.85,1
嫂子,sao|zi,sao3|zi0,0.85,1
子公司,zi|gong|si,zi3|gong1|si1,0.85,1
子口,zi|kou,zi3|kou3,0.85,1
子弟,zi|di,zi3|di4,0.85,1
子弹,zi|dan,zi3|dan4,0.85,1
字体,zi|ti,zi4|ti3,0.85,1
字形,zi|xing,zi4|xing2,0.85,1
字数,zi|shu,zi4|shu4,0.85,1
字样,zi|yang,zi4|yang4,0.85,1
字母,zi|mu,zi4|mu3,0.85,1
存储,cun|chu,cun2|chu3,0.85,1
存在,cun|zai,cun2|zai4,0.85,1
存款,cun|kuan,cun2|kuan3,0.85,1
孝感,xiao|gan,xiao4|gan3,0.85,1
孢子,bao|zi,bao1|zi3,0.85,1
季度,ji|du,ji4|du4,0.85,1
季节,ji|jie,ji4|jie2,0.85,1
孤独,gu|du,gu1|du2,0.85,1
孤立,gu|li,gu1|li4,0.85,1
学习,xue|xi,xue2|xi2,0.86,1
学习型,xue|xi|xing,xue2|xi2|xing2,0.86,1
学习率,xue|xi|l,xue2|xi2|l4,0.86,1
学习班,xue|xi|ban,xue2|xi2|ban1,0.86,1
学习者,xue|xi|zhe,xue2|xi2|zhe3,0.86,1
学会,xue|hui,xue2|hui4,0.85,1
学位,xue|wei,xue2|wei4,0.85,1
学到,xue|dao,xue2|dao4,0.85,1
学历,xue|li,xue2|li4,0.85,1
学员,xue|yuan,xue2|yuan2,0.85,1
学堂,xue|tang,xue2|tang2,0.85,1
学士,xue|shi,xue2|shi4,0.85,1
学府,xue|fu,xue2|fu3,0.85,1
学术,xue|shu,xue2|shu4,0.85,1
学校,xue|xiao,xue2|xiao4,0.85,1
学派,xue|pai,xue2|pai4,0.85,1
学生,xue|sheng,xue2|sheng1,0.86,1
学生会,xue|sheng|hui,xue2|sheng1|hui4,0.86,1
学生处,xue|sheng|chu,xue2|sheng1|chu4,0.86,1
学生票,xue|sheng|piao,xue2|sheng1|piao4,0.86,1
学科,xue|ke,xue2|ke1,0.85,1
学者,xue|zhe,xue2|zhe3,0.85,1
学联,xue|lian,xue2|lian2,0.85,1
学说,xue|shuo,xue2|shuo1,0.85,1
学费,xue|fei,xue2|fei4,0.85,1
学问,xue|wen,xue2|wen4,0.85,1
学院,xue|yuan,xue2|yuan4,0.85,1
学院路,xue|yuan|lu,xue2|yuan4|lu4,0.85,1
孩儿,hai|er,hai2|er2,0.85,1
孩子,hai|zi,hai2|zi0,0.85,1
宁愿,ning|yuan,ning4|yuan4,0.85,1
它们,ta|men,ta1|men0,0.85,1
宇宙,yu|zhou,yu3|zhou4,0.85,1
守卫,shou|wei,shou3|wei4,0.85,1
守城,shou|cheng,shou3|cheng2,0.85,1
安保岗,an|bao|gang,an1|bao3|gang3,0.86,1
安保组,an|bao|zu,an1|bao3|zu3,0.86,1
安保部,an|bao|bu,an1|bao3|bu4,0.86,1
安全,an|quan,an1|quan2,0.85,1
安全门,an|quan|men,an1|quan2|men2,0.86,1
安定,an|ding,an1|ding4,0.85,1
安心,an|xin,an1|xin1,0.85,1
安慰,an|wei,an1|wei4,0.85,1
安排,an|pai,an1|pai2,0.85,1
安检,an|jian,an1|jian3,0.86,1
安检单,an|jian|dan,an1|jian3|dan1,0.86,1
安检口,an|jian|kou,an1|jian3|kou3,0.86,1
安检员,an|jian|yuan,an1|jian3|yuan2,0.86,1
安检点,an|jian|dian,an1|jian3|dian3,0.85,1
安检门,an|jian|men,an1|jian3|men2,0.86,1
安置,an|zhi,an1|zhi4,0.85,1
安装,an|zhuang,an1|zhuang1,0.85,1
宋代,song|dai,song4|dai4,0.85,1
宋朝,song|chao,song4|chao2,0.85,1
完全,wan|quan,wan2|quan2,0.85,1
完善,wan|shan,wan2|shan4,0.85,1
完备,wan|bei,wan2|bei4,0.85,1
完好,wan|hao,wan2|hao3,0.85,1
完工,wan|gong,wan2|gong1,0.85,1
完成,wan|cheng,wan2|cheng2,0.85,1
完整,wan|zheng,wan2|zheng3,0.85,1
完毕,wan|bi,wan2|bi4,0.85,1
完美,wan|mei,wan2|mei3,0.85,1
宏伟,hong|wei,hong2|wei3,0.85,1
宏大,hong|da,hong2|da4,0.85,1
宏观,hong|guan,hong2|guan1,0.85,1
宗室,zong|shi,zong1|shi4,0.85,1
宗教,zong|jiao,zong1|jiao4,0.85,1
宗旨,zong|zhi,zong1|zhi3,0.85,1
官僚,guan|liao,guan1|liao2,0.85,1
官兵,guan|bing,guan1|bing1,0.85,1
官军,guan|jun,guan1|jun1,0.85,1
官司,guan|si,guan1|si1,0.85,1
官吏,guan|li,guan1|li4,0.85,1
官员,guan|yuan,guan1|yuan2,0.85,1
官场,guan|chang,guan1|chang3,0.85,1
官家,guan|jia,guan1|jia1,0.85,1
官府,guan|fu,guan1|fu3,0.85,1
官方,guan|fang,guan1|fang1,0.85,1
官署,guan|shu,guan1|shu3,0.85,1
官职,guan|zhi,guan1|zhi2,0.85,1
官话,guan|hua,guan1|hua4,0.85,1
定为,ding|wei,ding4|wei4,0.85,1
定义,ding|yi,ding4|yi4,0.85,1
定价,ding|jia,ding4|jia4,0.85,1
定位,ding|wei,ding4|wei4,0.86,1
定位点,ding|wei|dian,ding4|wei4|dian3,0.86,1
定位球,ding|wei|qiu,ding4|wei4|qiu2,0.85,1
定向,ding|xiang,ding4|xiang4,0.85,1
定居,ding|ju,ding4|ju1,0.85,1
定律,ding|l,ding4|l4,0.85,1
定期,ding|qi,ding4|qi1,0.85,1
定然,ding|ran,ding4|ran2,0.85,1
定理,ding|li,ding4|li3,0.85,1
定量化,ding|liang|hua,ding4|liang4|hua4,0.86,1
宛如,wan|ru,wan3|ru2,0.85,1
宝刀,bao|dao,bao3|dao1,0.85,1
宝珍珠,bao|zhen|zhu,bao3|zhen1|zhu1,0.86,1
实业,shi|ye,shi2|ye4,0.85,1
实习,shi|xi,shi2|xi2,0.85,1
实事,shi|shi,shi2|shi4,0.85,1
实体,shi|ti,shi2|ti3,0.85,1
实力,shi|li,shi2|li4,0.85,1
实在,shi|zai,shi2|zai4,0.85,1
实录,shi|lu,shi2|lu4,0.85,1
实战,shi|zhan,shi2|zhan4,0.85,1
实施,shi|shi,shi2|shi1,0.85,1
实物,shi|wu,shi2|wu4,0.85,1
实现,shi|xian,shi2|xian4,0.85,1
实用,shi|yong,shi2|yong4,0.85,1
实行,shi|xing,shi2|xing2,0.85,1
实质,shi|zhi,shi2|zhi4,0.85,1
实践,shi|jian,shi2|jian4,0.85,1
实际,shi|ji,shi2|ji4,0.85,1
实际上,shi|ji|shang,shi2|ji4|shang0,0.85,1
实验,shi|yan,shi2|yan4,0.85,1
实验室,shi|yan|shi,shi2|yan4|shi4,0.85,1
审判,shen|pan,shen3|pan4,0.85,1
审判员,shen|pan|yuan,shen3|pan4|yuan2,0.85,1
审批,shen|pi,shen3|pi1,0.85,1
审查,shen|cha,shen3|cha2,0.85,1
审核,shen|he,shen3|he2,0.85,1
审理,shen|li,shen3|li3,0.85,1
审美,shen|mei,shen3|mei3,0.85,1
审计,shen|ji,shen3|ji4,0.85,1
审计长,shen|ji|chang,shen3|ji4|chang2,0.85,1
审议,shen|yi,shen3|yi4,0.85,1
客人,ke|ren,ke4|ren2,0.85,1
客厅,ke|ting,ke4|ting1,0.85,1
客场,ke|chang,ke4|chang3,0.85,1
客店,ke|dian,ke4|dian4,0.85,1
客户,ke|hu,ke4|hu4,0.85,1
客房,ke|fang,ke4|fang2,0.86,1
客房服,ke|fang|fu,ke4|fang2|fu2,0.86,1
客房部,ke|fang|bu,ke4|fang2|bu4,0.86,1
客气,ke|qi,ke4|qi4,0.85,1
客观,ke|guan,ke4|guan1,0.85,1
客车,ke|che,ke4|che1,0.85,1
客运,ke|yun,ke4|yun4,0.85,1
客运站,ke|yun|zhan,ke4|yun4|zhan4,0.86,1
宣传,xuan|chuan,xuan1|chuan2,0.85,1
宣告,xuan|gao,xuan1|gao4,0.85,1
宣布,xuan|bu,xuan1|bu4,0.85,1
宣称,xuan|cheng,xuan1|cheng1,0.85,1
宣读,xuan|du,xuan1|du2,0.85,1
室主任,shi|zhu|ren,shi4|zhu3|ren4,0.86,1
室内,shi|nei,shi4|nei4,0.85,1
宦官,huan|guan,huan4|guan1,0.85,1
宪法,xian|fa,xian4|fa3,0.85,1
宫中,gong|zhong,gong1|zhong1,0.85,1
宫廷,gong|ting,gong1|ting2,0.85,1
宫灯,gong|deng,gong1|deng1,0.85,1
宫里,gong|li,gong1|li3,0.85,1
宫门,gong|men,gong1|men2,0.85,1
宰相,zai|xiang,zai3|xiang4,0.85,1
害怕,hai|pa,hai4|pa4,0.85,1
害死,hai|si,hai4|si3,0.85,1
宴会,yan|hui,yan4|hui4,0.85,1
宴会厅,yan|hui|ting,yan4|hui4|ting1,0.86,1
家中,jia|zhong,jia1|zhong1,0.85,1
家乡,jia|xiang,jia1|xiang1,0.85,1
家人,jia|ren,jia1|ren2,0.85,1
家伙,jia|huo,jia1|huo0,0.85,1
家具,jia|ju,jia1|ju4,0.85,1
家务,jia|wu,jia1|wu4,0.85,1
家属,jia|shu,jia1|shu3,0.85,1
家庭,jia|ting,jia1|ting2,0.85,1
家庭房,jia|ting|fang,jia1|ting2|fang2,0.9,1
家电,jia|dian,jia1|dian4,0.85,1
家里,jia|li,jia1|li3,0.85,1
家长,jia|zhang,jia1|zhang3,0.85,1
家门,jia|men,jia1|men2,0.85,1
容器,rong|qi,rong2|qi4,0.86,1
容易,rong|yi,rong2|yi4,0.85,1
容貌,rong|mao,rong2|mao4,0.85,1
容量,rong|liang,rong2|liang4,0.85,1
容错,rong|cuo,rong2|cuo4,0.86,1
宽大,kuan|da,kuan1|da4,0.85,1
宽广,kuan|guang,kuan1|guang3,0.85,1
宽阔,kuan|kuo,kuan1|kuo4,0.85,1
宾馆,bin|guan,bin1|guan3,0.85,1
宿舍,su|she,su4|she4,0.85,1
寂寞,ji|mo,ji4|mo4,0.85,1
寂静,ji|jing,ji4|jing4,0.85,1
寄存,ji|cun,ji4|cun2,0.86,1
寄存器,ji|cun|qi,ji4|cun2|qi4,0.86,1
寄存处,ji|cun|chu,ji4|cun2|chu4,0.86,1
寄存柜,ji|cun|gui,ji4|cun2|gui4,0.86,1
寄存牌,ji|cun|pai,ji4|cun2|pai2,0.86,1
寄托,ji|tuo,ji4|tuo1,0.85,1
寄生,ji|sheng,ji4|sheng1,0.85,1
密切,mi|qie,mi4|qie4,0.85,1
密布,mi|bu,mi4|bu4,0.85,1
密度,mi|du,mi4|du4,0.85,1
密码,mi|ma,mi4|ma3,0.85,1
密集,mi|ji,mi4|ji2,0.85,1
富于,fu|yu,fu4|yu2,0.85,1
富人,fu|ren,fu4|ren2,0.85,1
富户,fu|hu,fu4|hu4,0.85,1
富有,fu|you,fu4|you3,0.85,1
富裕,fu|yu,fu4|yu4,0.85,1
富贵,fu|gui,fu4|gui4,0.85,1
寒冷,han|leng,han2|leng3,0.85,1
察看,cha|kan,cha2|kan4,0.85,1
察觉,cha|jue,cha2|jue2,0.85,1
寡头,gua|tou,gua3|tou2,0.85,1
对不起,dui|bu|qi,dui4|bu4|qi3,0.85,1
对于,dui|yu,dui4|yu2,0.85,1
对付,dui|fu,dui4|fu4,0.85,1
对准,dui|zhun,dui4|zhun3,0.85,1
对外,dui|wai,dui4|wai4,0.85,1
对应,dui|ying,dui4|ying4,0.85,1
对待,dui|dai,dui4|dai4,0.85,1
对手,dui|shou,dui4|shou3,0.85,1
对抗,dui|kang,dui4|kang4,0.85,1
对方,dui|fang,dui4|fang1,0.85,1
对模型,dui|mo|xing,dui4|mo2|xing2,0.86,1
对此,dui|ci,dui4|ci3,0.85,1
对比,dui|bi,dui4|bi3,0.85,1
对称,dui|chen,dui4|chen4,0.85,1
对立,dui|li,dui4|li4,0.85,1
对策,dui|ce,dui4|ce4,0.85,1
对讲机,dui|jiang|ji,dui4|jiang3|ji1,0.85,1
对话,dui|hua,dui4|hua4,0.85,1
对象,dui|xiang,dui4|xiang4,0.85,1
对账单,dui|zhang|dan,dui4|zhang4|dan1,0.86,1
对面,dui|mian,dui4|mian4,0.85,1
对齐,dui|qi,dui4|qi2,0.86,1
寺院,si|yuan,si4|yuan4,0.86,1
寻常,xun|chang,xun2|chang2,0.85,1
寻找,xun|zhao,xun2|zhao3,0.85,1
寻求,xun|qiu,xun2|qiu2,0.85,1
导乘员,dao|cheng|yuan,dao3|cheng2|yuan2,0.85,1
导向,dao|xiang,dao3|xiang4,0.85,1
导向牌,dao|xiang|pai,dao3|xiang4|pai2,0.85,1
导尿管,dao|niao|guan,dao3|niao4|guan3,0.86,1
导师,dao|shi,dao3|shi1,0.85,1
导引台,dao|yin|tai,dao3|yin3|tai2,0.86,1
导弹,dao|dan,dao3|dan4,0.85,1
导播台,dao|bo|tai,dao3|bo1|tai2,0.86,1
导播组,dao|bo|zu,dao3|bo1|zu3,0.86,1
导播间,dao|bo|jian,dao3|bo1|jian1,0.86,1
导游,dao|you,dao3|you2,0.85,1
导游员,dao|you|yuan,dao3|you2|yuan2,0.86,1
导游证,dao|you|zheng,dao3|you2|zheng4,0.86,1
导演,dao|yan,dao3|yan3,0.85,1
导演台,dao|yan|tai,dao3|yan3|tai2,0.86,1
导致,dao|zhi,dao3|zhi4,0.85,1
导航,dao|hang,dao3|hang2,0.86,1
导航台,dao|hang|tai,dao3|hang2|tai2,0.85,1
导航图,dao|hang|tu,dao3|hang2|tu2,0.85,1
导航点,dao|hang|dian,dao3|hang2|dian3,0.86,1
导视牌,dao|shi|pai,dao3|shi4|pai2,0.86,1
导览,dao|lan,dao3|lan3,0.86,1
导览图,dao|lan|tu,dao3|lan3|tu2,0.86,1
导诊台,dao|zhen|tai,dao3|zhen3|tai2,0.86,1
寿司卷,shou|si|juan,shou4|si1|juan4,0.86,1
寿命,shou|ming,shou4|ming4,0.85,1
封口机,feng|kou|ji,feng1|kou3|ji1,0.86,1
封口膜,feng|kou|mo,feng1|kou3|mo2,0.86,1
封建,feng|jian,feng1|jian4,0.85,1
封签,feng|qian,feng1|qian1,0.86,1
封闭,feng|bi,feng1|bi4,0.85,1
封面,feng|mian,feng1|mian4,0.85,1
射击,she|ji,she4|ji1,0.85,1
射程,she|cheng,she4|cheng2,0.85,1
射线,she|xian,she4|xian4,0.85,1
将军,jiang|jun,jiang1|jun1,0.85,1
将士,jiang|shi,jiang4|shi4,0.85,1
将来,jiang|lai,jiang1|lai2,0.85,1
将要,jiang|yao,jiang1|yao4,0.85,1
将领,jiang|ling,jiang4|ling3,0.85,1
尊严,zun|yan,zun1|yan2,0.85,1
尊敬,zun|jing,zun1|jing4,0.85,1
尊重,zun|zhong,zun1|zhong4,0.85,1
小事,xiao|shi,xiao3|shi4,0.85,1
小于,xiao|yu,xiao3|yu2,0.85,1
小人,xiao|ren,xiao3|ren2,0.85,1
小伙子,xiao|huo|zi,xiao3|huo3|zi3,0.85,1
小儿,xiao|er,xiao3|er2,0.85,1
小儿科,xiao|er|ke,xiao3|er2|ke1,0.86,1
小吃,xiao|chi,xiao3|chi1,0.85,1
小圆包,xiao|yuan|bao,xiao3|yuan2|bao1,0.86,1
小型,xiao|xing,xiao3|xing2,0.85,1
小声,xiao|sheng,xiao3|sheng1,0.85,1
小子,xiao|zi,xiao3|zi0,0.85,1
小孔,xiao|kong,xiao3|kong3,0.85,1
小学,xiao|xue,xiao3|xue2,0.85,1
小孩,xiao|hai,xiao3|hai2,0.85,1
小孩子,xiao|hai|zi,xiao3|hai2|zi0,0.85,1
小将,xiao|jiang,xiao3|jiang4,0.85,1
小小,xiao|xiao,xiao3|xiao3,0.85,1
小巴车,xiao|ba|che,xiao3|ba1|che1,0.86,1
小弟,xiao|di,xiao3|di4,0.85,1
小心,xiao|xin,xiao3|xin1,0.85,1
小悲,xiao|bei,xiao3|bei1,0.35,1
小料台,xiao|liao|tai,xiao3|liao4|tai2,0.86,1
小时,xiao|shi,xiao3|shi2,0.85,1
小时候,xiao|shi|hou,xiao3|shi2|hou4,0.85,1
小杯,xiao|bei,xiao3|bei1,0.88,1
小碑,xiao|bei,xiao3|bei1,0.35,1
小笼包,xiao|long|bao,xiao3|long2|bao1,0.86,1
小组,xiao|zu,xiao3|zu3,0.85,1
小船,xiao|chuan,xiao3|chuan2,0.85,1
小说,xiao|shuo,xiao3|shuo1,0.85,1
小麦,xiao|mai,xiao3|mai4,0.85,1
少于,shao|yu,shao3|yu2,0.85,1
少冰,shao|bing,shao3|bing1,0.88,1
少冰量,shao|bing|liang,shao3|bing1|liang2,0.86,1
少将,shao|jiang,shao4|jiang4,0.85,1
少林,shao|lin,shao3|lin2,0.85,1
少爷,shao|ye,shao4|ye0,0.85,1
少糖,shao|tang,shao3|tang2,0.85,1
尖椒,jian|jiao,jian1|jiao1,0.85,1
尖锐,jian|rui,jian1|rui4,0.85,1
尚书,shang|shu,shang4|shu1,0.85,1
尚无,shang|wu,shang4|wu2,0.85,1
尚有,shang|you,shang4|you3,0.85,1
尚未,shang|wei,shang4|wei4,0.85,1
尝试,chang|shi,chang2|shi4,0.85,1
尤为,you|wei,you2|wei4,0.85,1
尤其,you|qi,you2|qi2,0.85,1
就业,jiu|ye,jiu4|ye4,0.85,1
就是,jiu|shi,jiu4|shi4,0.85,1
就此,jiu|ci,jiu4|ci3,0.85,1
就算,jiu|suan,jiu4|suan4,0.85,1
就要,jiu|yao,jiu4|yao4,0.85,1
就让,jiu|rang,jiu4|rang4,0.85,1
就诊卡,jiu|zhen|ka,jiu4|zhen3|ka3,0.86,1
尴尬,gan|ga,gan1|ga4,0.85,1
尸体,shi|ti,shi1|ti3,0.85,1
尸身,shi|shen,shi1|shen1,0.85,1
尸首,shi|shou,shi1|shou3,0.85,1
尺寸,chi|cun,chi3|cun4,0.85,1
尺度,chi|du,chi3|du4,0.85,1
尽力,jin|li,jin4|li4,0.85,1
尽可能,jin|ke|neng,jin3|ke3|neng2,0.85,1
尽头,jin|tou,jin4|tou2,0.85,1
尽快,jin|kuai,jin3|kuai4,0.85,1
尽数,jin|shu,jin4|shu4,0.85,1
尽管,jin|guan,jin3|guan3,0.85,1
尽量,jin|liang,jin3|liang4,0.85,1
尾巴,wei|ba,wei3|ba0,0.85,1
局势,ju|shi,ju2|shi4,0.85,1
局部,ju|bu,ju2|bu4,0.85,1
局长,ju|chang,ju2|chang2,0.85,1
局限,ju|xian,ju2|xian4,0.85,1
局面,ju|mian,ju2|mian4,0.85,1
屁股,pi|gu,pi4|gu3,0.85,1
层层,ceng|ceng,ceng2|ceng2,0.85,1
层面,ceng|mian,ceng2|mian4,0.85,1
居于,ju|yu,ju1|yu2,0.85,1
居住,ju|zhu,ju1|zhu4,0.85,1
居多,ju|duo,ju1|duo1,0.85,1
居民,ju|min,ju1|min2,0.85,1
居然,ju|ran,ju1|ran2,0.85,1
屈原,qu|yuan,qu1|yuan2,0.85,1
届时,jie|shi,jie4|shi2,0.85,1
屋子,wu|zi,wu1|zi0,0.85,1
屋脊,wu|ji,wu1|ji3,0.85,1
屋里,wu|li,wu1|li3,0.85,1
屋顶,wu|ding,wu1|ding3,0.85,1
屏幕,ping|mu,ping2|mu4,0.85,1
展位,zhan|wei,zhan3|wei4,0.86,1
展出,zhan|chu,zhan3|chu1,0.85,1
展区,zhan|qu,zhan3|qu1,0.86,1
展台,zhan|tai,zhan3|tai2,0.86,1
展开,zhan|kai,zhan3|kai1,0.85,1
展板,zhan|ban,zhan3|ban3,0.86,1
展架,zhan|jia,zhan3|jia4,0.86,1
展现,zhan|xian,zhan3|xian4,0.85,1
展示,zhan|shi,zhan3|shi4,0.85,1
展览,zhan|lan,zhan3|lan3,0.85,1
展览馆,zhan|lan|guan,zhan3|lan3|guan3,0.86,1
展陈区,zhan|chen|qu,zhan3|chen2|qu1,0.86,1
属下,shu|xia,shu3|xia4,0.85,1
属于,shu|yu,shu3|yu2,0.85,1
属性,shu|xing,shu3|xing4,0.85,1
屠杀,tu|sha,tu2|sha1,0.85,1
履行,l|xing,l3|xing2,0.85,1
山上,shan|shang,shan1|shang4,0.85,1
山下,shan|xia,shan1|xia4,0.85,1
山中,shan|zhong,shan1|zhong1,0.85,1
山前,shan|qian,shan1|qian2,0.85,1
山地,shan|di,shan1|di4,0.85,1
山头,shan|tou,shan1|tou2,0.85,1
山石,shan|shi,shan1|shi2,0.85,1
山脊线,shan|ji|xian,shan1|ji3|xian4,0.86,1
山谷,shan|gu,shan1|gu3,0.85,1
山路,shan|lu,shan1|lu4,0.85,1
山道,shan|dao,shan1|dao4,0.85,1
山里,shan|li,shan1|li3,0.85,1
山顶,shan|ding,shan1|ding3,0.85,1
山麓,shan|lu,shan1|lu4,0.85,1
岁月,sui|yue,sui4|yue4,0.85,1
岂能,qi|neng,qi3|neng2,0.85,1
岗亭,gang|ting,gang3|ting2,0.86,1
岗位,gang|wei,gang3|wei4,0.85,1
岛上,dao|shang,dao3|shang4,0.85,1
岛屿,dao|yu,dao3|yu3,0.85,1
岛屿区,dao|yu|qu,dao3|yu3|qu1,0.86,1
岩浆,yan|jiang,yan2|jiang1,0.85,1
岩石,yan|shi,yan2|shi2,0.85,1
峡谷,xia|gu,xia2|gu3,0.85,1
峡谷区,xia|gu|qu,xia2|gu3|qu1,0.86,1
峨嵋,e|mei,e2|mei2,0.85,1
峰会,feng|hui,feng1|hui4,0.86,1
崛起,jue|qi,jue2|qi3,0.85,1
崩溃,beng|kui,beng1|kui4,0.85,1
嵌入,qian|ru,qian4|ru4,0.86,1
州府,zhou|fu,zhou1|fu3,0.85,1
州政府,zhou|zheng|fu,zhou1|zheng4|fu3,0.85,1
州长,zhou|zhang,zhou1|zhang3,0.85,1
巡抚,xun|fu,xun2|fu3,0.85,1
巡查点,xun|cha|dian,xun2|cha2|dian3,0.86,1
巡逻,xun|luo,xun2|luo2,0.85,1
巡逻车,xun|luo|che,xun2|luo2|che1,0.85,1
工业,gong|ye,gong1|ye4,0.85,1
工业化,gong|ye|hua,gong1|ye4|hua4,0.85,1
工人,gong|ren,gong1|ren2,0.85,1
工会,gong|hui,gong1|hui4,0.85,1
工作制,gong|zuo|zhi,gong1|zuo4|zhi4,0.86,1
工作台,gong|zuo|tai,gong1|zuo4|tai2,0.86,1
工作团,gong|zuo|tuan,gong1|zuo4|tuan2,0.86,1
工作室,gong|zuo|shi,gong1|zuo4|shi4,0.86,1
工作日,gong|zuo|ri,gong1|zuo4|ri4,0.86,1
工作服,gong|zuo|fu,gong1|zuo4|fu2,0.86,1
工作流,gong|zuo|liu,gong1|zuo4|liu2,0.86,1
工作狂,gong|zuo|kuang,gong1|zuo4|kuang2,0.86,1
工作站,gong|zuo|zhan,gong1|zuo4|zhan4,0.86,1
工作组,gong|zuo|zu,gong1|zuo4|zu3,0.86,1
工作者,gong|zuo|zhe,gong1|zuo4|zhe3,0.86,1
工作证,gong|zuo|zheng,gong1|zuo4|zheng4,0.86,1
工作部,gong|zuo|bu,gong1|zuo4|bu4,0.86,1
工作队,gong|zuo|dui,gong1|zuo4|dui4,0.86,1
工作面,gong|zuo|mian,gong1|zuo4|mian4,0.86,1
工作餐,gong|zuo|can,gong1|zuo4|can1,0.86,1
工具,gong|ju,gong1|ju4,0.85,1
工具车,gong|ju|che,gong1|ju4|che1,0.86,1
工农,gong|nong,gong1|nong2,0.85,1
工农业,gong|nong|ye,gong1|nong2|ye4,0.85,1
工匠,gong|jiang,gong1|jiang4,0.85,1
工厂,gong|chang,gong1|chang3,0.85,1
工商,gong|shang,gong1|shang1,0.85,1
工商业,gong|shang|ye,gong1|shang1|ye4,0.85,1
工地,gong|di,gong1|di4,0.85,1
工场,gong|chang,gong1|chang3,0.85,1
工夫,gong|fu,gong1|fu1,0.85,1
工序,gong|xu,gong1|xu4,0.85,1
工程,gong|cheng,gong1|cheng2,0.85,1
工程师,gong|cheng|shi,gong1|cheng2|shi1,0.85,1
工程部,gong|cheng|bu,gong1|cheng2|bu4,0.86,1
工艺,gong|yi,gong1|yi4,0.85,1
工资,gong|zi,gong1|zi1,0.85,1
工部,gong|bu,gong1|bu4,0.85,1
左侧,zuo|ce,zuo3|ce4,0.85,1
左臂,zuo|bi,zuo3|bi4,0.85,1
左转,zuo|zhuan,zuo3|zhuan3,0.86,1
左边,zuo|bian,zuo3|bian1,0.85,1
巧克力,qiao|ke|li,qiao3|ke4|li4,0.88,1
巧妙,qiao|miao,qiao3|miao4,0.85,1
巨大,ju|da,ju4|da4,0.85,1
巨额,ju|e,ju4|e2,0.85,1
巩固,gong|gu,gong3|gu4,0.85,1
差不多,cha|bu|duo,cha4|bu4|duo1,0.85,1
差别,cha|bie,cha1|bie2,0.85,1
差异,cha|yi,cha1|yi4,0.85,1
差点,cha|dian,cha4|dian3,0.85,1
差距,cha|ju,cha1|ju4,0.85,1
已成,yi|cheng,yi3|cheng2,0.85,1
已有,yi|you,yi3|you3,0.85,1
已然,yi|ran,yi3|ran2,0.85,1
已知,yi|zhi,yi3|zhi1,0.85,1
已经,yi|jing,yi3|jing1,0.85,1
市中心,shi|zhong|xin,shi4|zhong1|xin1,0.85,1
市内,shi|nei,shi4|nei4,0.85,1
市区,shi|qu,shi4|qu1,0.85,1
市场,shi|chang,shi4|chang3,0.85,1
市委,shi|wei,shi4|wei3,0.85,1
市容,shi|rong,shi4|rong2,0.85,1
市政,shi|zheng,shi4|zheng4,0.85,1
市政府,shi|zheng|fu,shi4|zheng4|fu3,0.85,1
市民,shi|min,shi4|min2,0.85,1
市级,shi|ji,shi4|ji2,0.85,1
市辖区,shi|xia|qu,shi4|xia2|qu1,0.85,1
市镇,shi|zhen,shi4|zhen4,0.85,1
市长,shi|zhang,shi4|zhang3,0.85,1
布丁,bu|ding,bu4|ding1,0.85,1
布丁塔,bu|ding|ta,bu4|ding1|ta3,0.86,1
布局,bu|ju,bu4|ju2,0.85,1
布朗尼,bu|lang|ni,bu4|lang3|ni2,0.86,1
布粉器,bu|fen|qi,bu4|fen3|qi4,0.86,1
布置,bu|zhi,bu4|zhi4,0.85,1
布草车,bu|cao|che,bu4|cao3|che1,0.86,1
师团,shi|tuan,shi1|tuan2,0.85,1
师妹,shi|mei,shi1|mei4,0.85,1
师弟,shi|di,shi1|di4,0.85,1
师徒,shi|tu,shi1|tu2,0.85,1
师父,shi|fu,shi1|fu0,0.85,1
师长,shi|zhang,shi1|zhang3,0.85,1
希望,xi|wang,xi1|wang4,0.85,1
帐篷,zhang|peng,zhang4|peng2,0.85,1
帝国,di|guo,di4|guo2,0.85,1
带上,dai|shang,dai4|shang4,0.85,1
带到,dai|dao,dai4|dao4,0.85,1
带动,dai|dong,dai4|dong4,0.85,1
带头,dai|tou,dai4|tou2,0.85,1
带有,dai|you,dai4|you3,0.85,1
带来,dai|lai,dai4|lai2,0.85,1
带走,dai|zou,dai4|zou3,0.85,1
带领,dai|ling,dai4|ling3,0.85,1
帮主,bang|zhu,bang1|zhu3,0.85,1
帮助,bang|zhu,bang1|zhu4,0.85,1
帮忙,bang|mang,bang1|mang2,0.85,1
常人,chang|ren,chang2|ren2,0.85,1
常住,chang|zhu,chang2|zhu4,0.85,1
常务,chang|wu,chang2|wu4,0.85,1
常处理,chang|chu|li,chang2|chu3|li3,0.86,1
常委,chang|wei,chang2|wei3,0.85,1
常委会,chang|wei|hui,chang2|wei3|hui4,0.85,1
常常,chang|chang,chang2|chang2,0.85,1
常年,chang|nian,chang2|nian2,0.85,1
常数,chang|shu,chang2|shu4,0.85,1
常有,chang|you,chang2|you3,0.85,1
常温,chang|wen,chang2|wen1,0.86,1
常用,chang|yong,chang2|yong4,0.85,1
常绿,chang|l,chang2|l4,0.85,1
常见,chang|jian,chang2|jian4,0.85,1
常规,chang|gui,chang2|gui1,0.85,1
常设,chang|she,chang2|she4,0.85,1
帽子,mao|zi,mao4|zi0,0.85,1
幅度,fu|du,fu2|du4,0.85,1
幕僚,mu|liao,mu4|liao2,0.85,1
干净,gan|jing,gan1|jing4,0.85,1
干扰,gan|rao,gan1|rao3,0.85,1
干旱,gan|han,gan1|han4,0.85,1
干活,gan|huo,gan4|huo2,0.85,1
干涉,gan|she,gan1|she4,0.85,1
干燥,gan|zao,gan1|zao4,0.85,1
干线,gan|xian,gan4|xian4,0.85,1
干脆,gan|cui,gan1|cui4,0.85,1
干部,gan|bu,gan4|bu4,0.85,1
干预,gan|yu,gan1|yu4,0.85,1
平儿,ping|er,ping2|er2,0.85,1
平台,ping|tai,ping2|tai2,0.85,1
平地,ping|di,ping2|di4,0.85,1
平均,ping|jun,ping2|jun1,0.85,1
平坦,ping|tan,ping2|tan3,0.85,1
平安,ping|an,ping2|an1,0.85,1
平定,ping|ding,ping2|ding4,0.85,1
平常,ping|chang,ping2|chang2,0.85,1
平方米,ping|fang|mi,ping2|fang1|mi3,0.85,1
平日,ping|ri,ping2|ri4,0.85,1
平时,ping|shi,ping2|shi2,0.85,1
平民,ping|min,ping2|min2,0.85,1
平生,ping|sheng,ping2|sheng1,0.85,1
平稳,ping|wen,ping2|wen3,0.85,1
平等,ping|deng,ping2|deng3,0.85,1
平行,ping|xing,ping2|xing2,0.85,1
平衡,ping|heng,ping2|heng2,0.85,1
平静,ping|jing,ping2|jing4,0.85,1
平面,ping|mian,ping2|mian4,0.85,1
年产,nian|chan,nian2|chan3,0.85,1
年代,nian|dai,nian2|dai4,0.85,1
年份,nian|fen,nian2|fen4,0.85,1
年初,nian|chu,nian2|chu1,0.85,1
年均,nian|jun,nian2|jun1,0.85,1
年底,nian|di,nian2|di3,0.85,1
年度,nian|du,nian2|du4,0.85,1
年末,nian|mo,nian2|mo4,0.85,1
年检,nian|jian,nian2|jian3,0.86,1
年级,nian|ji,nian2|ji2,0.85,1
年纪,nian|ji,nian2|ji4,0.85,1
年薪,nian|xin,nian2|xin1,0.85,1
年轻,nian|qing,nian2|qing1,0.85,1
年轻人,nian|qing|ren,nian2|qing1|ren2,0.85,1
年间,nian|jian,nian2|jian1,0.85,1
年龄,nian|ling,nian2|ling2,0.85,1
并且,bing|qie,bing4|qie3,0.85,1
并入,bing|ru,bing4|ru4,0.85,1
并发,bing|fa,bing4|fa1,0.86,1
并发症,bing|fa|zheng,bing4|fa1|zheng4,0.86,1
并未,bing|wei,bing4|wei4,0.85,1
并肩,bing|jian,bing4|jian1,0.85,1
并非,bing|fei,bing4|fei1,0.85,1
幸亏,xing|kui,xing4|kui1,0.85,1
幸好,xing|hao,xing4|hao3,0.85,1
幸福,xing|fu,xing4|fu2,0.85,1
幸运,xing|yun,xing4|yun4,0.85,1
幻想,huan|xiang,huan4|xiang3,0.85,1
幼虫,you|chong,you4|chong2,0.85,1
幽默,you|mo,you1|mo4,0.85,1
广告,guang|gao,guang3|gao4,0.85,1
广场,guang|chang,guang3|chang3,0.85,1
广大,guang|da,guang3|da4,0.85,1
广播,guang|bo,guang3|bo1,0.85,1
广播台,guang|bo|tai,guang3|bo1|tai2,0.86,1
广泛,guang|fan,guang3|fan4,0.85,1
广阔,guang|kuo,guang3|kuo4,0.85,1
庄严,zhuang|yan,zhuang1|yan2,0.85,1
庄稼,zhuang|jia,zhuang1|jia0,0.85,1
庄重,zhuang|zhong,zhuang1|zhong4,0.85,1
庆祝,qing|zhu,qing4|zhu4,0.85,1
床上,chuang|shang,chuang2|shang4,0.85,1
床位,chuang|wei,chuang2|wei4,0.86,1
床位费,chuang|wei|fei,chuang2|wei4|fei4,0.86,1
床单,chuang|dan,chuang2|dan1,0.86,1
床品,chuang|pin,chuang2|pin3,0.86,1
床垫,chuang|dian,chuang2|dian4,0.86,1
床头卡,chuang|tou|ka,chuang2|tou2|ka3,0.86,1
床头灯,chuang|tou|deng,chuang2|tou2|deng1,0.86,1
床架,chuang|jia,chuang2|jia4,0.86,1
序列,xu|lie,xu4|lie4,0.85,1
应付,ying|fu,ying4|fu4,0.85,1
应城,ying|cheng,ying4|cheng2,0.85,1
应届,ying|jie,ying1|jie4,0.85,1
应当,ying|dang,ying1|dang1,0.85,1
应急,ying|ji,ying4|ji2,0.85,1
应急点,ying|ji|dian,ying4|ji2|dian3,0.86,1
应有,ying|you,ying1|you3,0.85,1
应用,ying|yong,ying4|yong4,0.85,1
应聘,ying|pin,ying4|pin4,0.85,1
应该,ying|gai,ying1|gai1,0.85,1
底下,di|xia,di3|xia4,0.85,1
底部,di|bu,di3|bu4,0.85,1
店铺,dian|pu,dian4|pu4,0.85,1
庞大,pang|da,pang2|da4,0.85,1
废除,fei|chu,fei4|chu2,0.85,1
度假,du|jia,du4|jia4,0.85,1
度过,du|guo,du4|guo4,0.85,1
座位,zuo|wei,zuo4|wei4,0.85,1
座位数,zuo|wei|shu,zuo4|wei4|shu4,0.86,1
座谈会,zuo|tan|hui,zuo4|tan2|hui4,0.85,1
庭长,ting|zhang,ting2|zhang3,0.85,1
康复,kang|fu,kang1|fu4,0.86,1
康复会,kang|fu|hui,kang1|fu4|hui4,0.86,1
康复床,kang|fu|chuang,kang1|fu4|chuang2,0.86,1
康复科,kang|fu|ke,kang1|fu4|ke1,0.86,1
康复网,kang|fu|wang,kang1|fu4|wang3,0.86,1
康复者,kang|fu|zhe,kang1|fu4|zhe3,0.86,1
康宝蓝,kang|bao|lan,kang1|bao3|lan2,0.86,1
康有为,kang|you|wei,kang1|you3|wei4,0.85,1
康熙,kang|xi,kang1|xi1,0.85,1
延伸,yan|shen,yan2|shen1,0.85,1
延续,yan|xu,yan2|xu4,0.85,1
延误,yan|wu,yan2|wu4,0.86,1
延误险,yan|wu|xian,yan2|wu4|xian3,0.86,1
延迟,yan|chi,yan2|chi2,0.86,1
延长,yan|chang,yan2|chang2,0.85,1
廷杖,ting|zhang,ting2|zhang4,0.85,1
建于,jian|yu,jian4|yu2,0.85,1
建制,jian|zhi,jian4|zhi4,0.85,1
建工,jian|gong,jian4|gong1,0.85,1
建成,jian|cheng,jian4|cheng2,0.85,1
建有,jian|you,jian4|you3,0.85,1
建材,jian|cai,jian4|cai2,0.85,1
建立,jian|li,jian4|li4,0.85,1
建筑,jian|zhu,jian4|zhu4,0.85,1
建筑业,jian|zhu|ye,jian4|zhu4|ye4,0.85,1
建筑物,jian|zhu|wu,jian4|zhu4|wu4,0.85,1
建筑群,jian|zhu|qun,jian4|zhu4|qun2,0.85,1
建议,jian|yi,jian4|yi4,0.85,1
建设,jian|she,jian4|she4,0.85,1
建造,jian|zao,jian4|zao4,0.85,1
建都,jian|du,jian4|du1,0.85,1
开业,kai|ye,kai1|ye4,0.85,1
开会,kai|hui,kai1|hui4,0.85,1
开出,kai|chu,kai1|chu1,0.85,1
开创,kai|chuang,kai1|chuang4,0.85,1
开办,kai|ban,kai1|ban4,0.85,1
开发,kai|fa,kai1|fa1,0.85,1
开发区,kai|fa|qu,kai1|fa1|qu1,0.85,1
开发热,kai|fa|re,kai1|fa1|re4,0.86,1
开口,kai|kou,kai1|kou3,0.85,1
开头,kai|tou,kai1|tou2,0.85,1
开始,kai|shi,kai1|shi3,0.85,1
开封,kai|feng,kai1|feng1,0.85,1
开展,kai|zhan,kai1|zhan3,0.85,1
开工,kai|gong,kai1|gong1,0.85,1
开幕,kai|mu,kai1|mu4,0.86,1
开幕式,kai|mu|shi,kai1|mu4|shi4,0.86,1
开幕词,kai|mu|ci,kai1|mu4|ci2,0.86,1
开拓,kai|tuo,kai1|tuo4,0.85,1
开支,kai|zhi,kai1|zhi1,0.85,1
开放,kai|fang,kai1|fang4,0.86,1
开放区,kai|fang|qu,kai1|fang4|qu1,0.86,1
开放性,kai|fang|xing,kai1|fang4|xing4,0.86,1
开来,kai|lai,kai1|lai2,0.85,1
开玩笑,kai|wan|xiao,kai1|wan2|xiao4,0.85,1
开设,kai|she,kai1|she4,0.85,1
开辟,kai|pi,kai1|pi4,0.85,1
开通,kai|tong,kai1|tong1,0.85,1
开采,kai|cai,kai1|cai3,0.85,1
开门,kai|men,kai1|men2,0.85,1
开阔,kai|kuo,kai1|kuo4,0.85,1
开馆,kai|guan,kai1|guan3,0.86,1
异常,yi|chang,yi4|chang2,0.85,1
弃权,qi|quan,qi4|quan2,0.85,1
引入,yin|ru,yin3|ru4,0.85,1
引发,yin|fa,yin3|fa1,0.85,1
引导,yin|dao,yin3|dao3,0.85,1
引导员,yin|dao|yuan,yin3|dao3|yuan2,0.86,1
引导牌,yin|dao|pai,yin3|dao3|pai2,0.85,1
引导线,yin|dao|xian,yin3|dao3|xian4,0.86,1
引流管,yin|liu|guan,yin3|liu2|guan3,0.86,1
引用,yin|yong,yin3|yong4,0.85,1
引起,yin|qi,yin3|qi3,0.85,1
引进,yin|jin,yin3|jin4,0.85,1
弟兄,di|xiong,di4|xiong0,0.85,1
弟子,di|zi,di4|zi3,0.85,1
弟弟,di|di,di4|di0,0.85,1
张居正,zhang|ju|zheng,zhang1|ju1|zheng4,0.85,1
张江,zhang|jiang,zhang1|jiang1,0.86,1
弥漫,mi|man,mi2|man4,0.85,1
弥补,mi|bu,mi2|bu3,0.85,1
弧形,hu|xing,hu2|xing2,0.85,1
弯曲,wan|qu,wan1|qu1,0.85,1
弱点,ruo|dian,ruo4|dian3,0.85,1
弹劾,tan|he,tan2|he2,0.85,1
弹性,tan|xing,tan2|xing4,0.85,1
弹药,dan|yao,dan4|yao4,0.85,1
强制,qiang|zhi,qiang2|zhi4,0.85,1
强力,qiang|li,qiang2|li4,0.85,1
强劲,qiang|jing,qiang2|jing4,0.85,1
强势,qiang|shi,qiang2|shi4,0.85,1
强化,qiang|hua,qiang2|hua4,0.85,1
强大,qiang|da,qiang2|da4,0.85,1
强度,qiang|du,qiang2|du4,0.85,1
强烈,qiang|lie,qiang2|lie4,0.85,1
强盗,qiang|dao,qiang2|dao4,0.85,1
强盛,qiang|sheng,qiang2|sheng4,0.85,1
强行,qiang|xing,qiang2|xing2,0.85,1
强调,qiang|diao,qiang2|diao4,0.85,1
强迫,qiang|po,qiang3|po4,0.85,1
归于,gui|yu,gui1|yu2,0.85,1
归属,gui|shu,gui1|shu3,0.85,1
归来,gui|lai,gui1|lai2,0.85,1
归纳,gui|na,gui1|na4,0.85,1
归还,gui|huan,gui1|huan2,0.85,1
当下,dang|xia,dang1|xia4,0.85,1
当中,dang|zhong,dang1|zhong1,0.85,1
当事人,dang|shi|ren,dang1|shi4|ren2,0.85,1
当今,dang|jin,dang1|jin1,0.85,1
当代,dang|dai,dang1|dai4,0.85,1
当作,dang|zuo,dang4|zuo4,0.85,1
当做,dang|zuo,dang4|zuo4,0.85,1
当先,dang|xian,dang1|xian1,0.85,1
当初,dang|chu,dang1|chu1,0.85,1
当前,dang|qian,dang1|qian2,0.85,1
当即,dang|ji,dang1|ji2,0.85,1
当地,dang|di,dang1|di4,0.85,1
当场,dang|chang,dang1|chang3,0.85,1
当天,dang|tian,dang1|tian1,0.85,1
当局,dang|ju,dang1|ju2,0.85,1
当年,dang|nian,dang1|nian2,0.85,1
当成,dang|cheng,dang4|cheng2,0.85,1
当日,dang|ri,dang1|ri4,0.85,1
当时,dang|shi,dang1|shi2,0.85,1
当晚,dang|wan,dang1|wan3,0.85,1
当然,dang|ran,dang1|ran2,0.85,1
当真,dang|zhen,dang4|zhen1,0.85,1
当着,dang|zhe,dang1|zhe0,0.85,1
当选,dang|xuan,dang1|xuan3,0.85,1
当面,dang|mian,dang1|mian4,0.85,1
录取,lu|qu,lu4|qu3,0.85,1
形似,xing|si,xing2|si4,0.85,1
形制,xing|zhi,xing2|zhi4,0.85,1
形势,xing|shi,xing2|shi4,0.85,1
形容,xing|rong,xing2|rong2,0.85,1
形式,xing|shi,xing2|shi4,0.85,1
形态,xing|tai,xing2|tai4,0.85,1
形成,xing|cheng,xing2|cheng2,0.85,1
形状,xing|zhuang,xing2|zhuang4,0.85,1
形象,xing|xiang,xing2|xiang4,0.85,1
彩绘,cai|hui,cai3|hui4,0.85,1
彩色,cai|se,cai3|se4,0.85,1
彩陶,cai|tao,cai3|tao2,0.85,1
影像,ying|xiang,ying3|xiang4,0.86,1
影像学,ying|xiang|xue,ying3|xiang4|xue2,0.86,1
影像科,ying|xiang|ke,ying3|xiang4|ke1,0.86,1
影响,ying|xiang,ying3|xiang3,0.85,1
影响力,ying|xiang|li,ying3|xiang3|li4,0.85,1
影子,ying|zi,ying3|zi0,0.85,1
影片,ying|pian,ying3|pian4,0.85,1
影音房,ying|yin|fang,ying3|yin1|fang2,0.86,1
彻底,che|di,che4|di3,0.85,1
彼此,bi|ci,bi3|ci3,0.85,1
往事,wang|shi,wang3|shi4,0.85,1
往前,wang|qian,wang3|qian2,0.85,1
往后,wang|hou,wang3|hou4,0.85,1
往年,wang|nian,wang3|nian2,0.85,1
往往,wang|wang,wang3|wang3,0.85,1
往日,wang|ri,wang3|ri4,0.85,1
往来,wang|lai,wang3|lai2,0.85,1
征收,zheng|shou,zheng1|shou1,0.85,1
征服,zheng|fu,zheng1|fu2,0.85,1
征求,zheng|qiu,zheng1|qiu2,0.85,1
征集,zheng|ji,zheng1|ji2,0.85,1
径流量,jing|liu|liang,jing4|liu2|liang4,0.85,1
径直,jing|zhi,jing4|zhi2,0.85,1
待遇,dai|yu,dai4|yu4,0.85,1
很大,hen|da,hen3|da4,0.85,1
很小,hen|xiao,hen3|xiao3,0.85,1
很快,hen|kuai,hen3|kuai4,0.85,1
律师,l|shi,l4|shi1,0.85,1
徒弟,tu|di,tu2|di4,0.85,1
徒步,tu|bu,tu2|bu4,0.86,1
徒步线,tu|bu|xian,tu2|bu4|xian4,0.86,1
得以,de|yi,de2|yi3,0.85,1
得出,de|chu,de2|chu1,0.85,1
得分,de|fen,de2|fen1,0.85,1
得到,de|dao,de2|dao4,0.85,1
得名,de|ming,de2|ming2,0.85,1
得意,de|yi,de2|yi4,0.85,1
得来,de|lai,de2|lai2,0.85,1
得知,de|zhi,de2|zhi1,0.85,1
得罪,de|zui,de2|zui4,0.85,1
徘徊,pai|huai,pai2|huai2,0.85,1
御史,yu|shi,yu4|shi3,0.85,1
御道,yu|dao,yu4|dao4,0.85,1
御驾,yu|jia,yu4|jia4,0.85,1
循环,xun|huan,xun2|huan2,0.85,1
微冰量,wei|bing|liang,wei1|bing1|liang2,0.86,1
微小,wei|xiao,wei1|xiao3,0.85,1
微弱,wei|ruo,wei1|ruo4,0.85,1
微微,wei|wei,wei1|wei1,0.85,1
微波,wei|bo,wei1|bo1,0.85,1
微生物,wei|sheng|wu,wei1|sheng1|wu4,0.85,1
微笑,wei|xiao,wei1|xiao4,0.85,1
微糖,wei|tang,wei1|tang2,0.86,1
微调,wei|tiao,wei1|tiao2,0.86,1
微软,wei|ruan,wei1|ruan3,0.85,1
微辣,wei|la,wei1|la4,0.9,1
心上,xin|shang,xin1|shang4,0.85,1
心中,xin|zhong,xin1|zhong1,0.85,1
心内科,xin|nei|ke,xin1|nei4|ke1,0.86,1
心外科,xin|wai|ke,xin1|wai4|ke1,0.86,1
心头,xin|tou,xin1|tou2,0.85,1
心底,xin|di,xin1|di3,0.85,1
心态,xin|tai,xin1|tai4,0.85,1
心思,xin|si,xin1|si1,0.85,1
心情,xin|qing,xin1|qing2,0.85,1
心想,xin|xiang,xin1|xiang3,0.85,1
心意,xin|yi,xin1|yi4,0.85,1
心愿,xin|yuan,xin1|yuan4,0.85,1
心灵,xin|ling,xin1|ling2,0.85,1
心理,xin|li,xin1|li3,0.85,1
心理学,xin|li|xue,xin1|li3|xue2,0.85,1
心电,xin|dian,xin1|dian4,0.86,1
心电图,xin|dian|tu,xin1|dian4|tu2,0.86,1
心疼,xin|teng,xin1|teng2,0.85,1
心目,xin|mu,xin1|mu4,0.85,1
心脏,xin|zang,xin1|zang1,0.85,1
心脏病,xin|zang|bing,xin1|zang1|bing4,0.85,1
心腹,xin|fu,xin1|fu4,0.85,1
心血,xin|xue,xin1|xue4,0.85,1
心跳,xin|tiao,xin1|tiao4,0.85,1
心里,xin|li,xin1|li3,0.85,1
必备,bi|bei,bi4|bei4,0.85,1
必定,bi|ding,bi4|ding4,0.85,1
必将,bi|jiang,bi4|jiang1,0.85,1
必然,bi|ran,bi4|ran2,0.85,1
必要,bi|yao,bi4|yao4,0.85,1
必读,bi|du,bi4|du2,0.85,1
必需,bi|xu,bi4|xu1,0.85,1
必须,bi|xu,bi4|xu1,0.85,1
忌口,ji|kou,ji4|kou3,0.9,1
忍不住,ren|bu|zhu,ren3|bu2|zhu4,0.85,1
忍受,ren|shou,ren3|shou4,0.85,1
忍耐,ren|nai,ren3|nai4,0.85,1
志愿,zhi|yuan,zhi4|yuan4,0.85,1
志愿者,zhi|yuan|zhe,zhi4|yuan4|zhe3,0.85,1
忘记,wang|ji,wang4|ji4,0.85,1
忙碌,mang|lu,mang2|lu4,0.85,1
忠心,zhong|xin,zhong1|xin1,0.85,1
忠诚,zhong|cheng,zhong1|cheng2,0.85,1
忠贝,zhong|bei,zhong1|bei4,0.35,1
忧虑,you|l,you1|l4,0.85,1
快乐,kuai|le,kuai4|le4,0.85,1
快快,kuai|kuai,kuai4|kuai4,0.85,1
快步,kuai|bu,kuai4|bu4,0.85,1
快游线,kuai|you|xian,kuai4|you2|xian4,0.86,1
快照,kuai|zhao,kuai4|zhao4,0.85,1
快线,kuai|xian,kuai4|xian4,0.85,1
快要,kuai|yao,kuai4|yao4,0.85,1
快车,kuai|che,kuai4|che1,0.86,1
快车道,kuai|che|dao,kuai4|che1|dao4,0.85,1
快轨线,kuai|gui|xian,kuai4|gui3|xian4,0.86,1
快速,kuai|su,kuai4|su4,0.86,1
快速路,kuai|su|lu,kuai4|su4|lu4,0.85,1
快速道,kuai|su|dao,kuai4|su4|dao4,0.86,1
念头,nian|tou,nian4|tou0,0.85,1
忽地,hu|di,hu1|di4,0.85,1
忽然,hu|ran,hu1|ran2,0.85,1
忽略,hu|le,hu1|le4,0.85,1
忽视,hu|shi,hu1|shi4,0.85,1
怀中,huai|zhong,huai2|zhong1,0.85,1
怀孕,huai|yun,huai2|yun4,0.85,1
怀抱,huai|bao,huai2|bao4,0.85,1
怀疑,huai|yi,huai2|yi2,0.85,1
怀着,huai|zhe,huai2|zhe0,0.85,1
怀里,huai|li,huai2|li3,0.85,1
态势,tai|shi,tai4|shi4,0.85,1
态度,tai|du,tai4|du4,0.85,1
怎地,zen|di,zen3|di4,0.85,1
怎样,zen|yang,zen3|yang4,0.85,1
怒气,nu|qi,nu4|qi4,0.85,1
怒火,nu|huo,nu4|huo3,0.85,1
思念,si|nian,si1|nian4,0.85,1
思想,si|xiang,si1|xiang3,0.85,1
思想家,si|xiang|jia,si1|xiang3|jia1,0.85,1
思潮,si|chao,si1|chao2,0.85,1
思索,si|suo,si1|suo3,0.85,1
思维,si|wei,si1|wei2,0.85,1
思考,si|kao,si1|kao3,0.85,1
思路,si|lu,si1|lu4,0.85,1
急于,ji|yu,ji2|yu2,0.85,1
急剧,ji|ju,ji2|ju4,0.85,1
急忙,ji|mang,ji2|mang2,0.85,1
急性,ji|xing,ji2|xing4,0.85,1
急救包,ji|jiu|bao,ji2|jiu4|bao1,0.86,1
急流,ji|liu,ji2|liu2,0.85,1
急诊,ji|zhen,ji2|zhen3,0.86,1
急诊室,ji|zhen|shi,ji2|zhen3|shi4,0.86,1
急诊科,ji|zhen|ke,ji2|zhen3|ke1,0.86,1
急诊部,ji|zhen|bu,ji2|zhen3|bu4,0.86,1
急速,ji|su,ji2|su4,0.85,1
急需,ji|xu,ji2|xu1,0.85,1
性别,xing|bie,xing4|bie2,0.85,1
性命,xing|ming,xing4|ming4,0.85,1
性子,xing|zi,xing4|zi3,0.85,1
性情,xing|qing,xing4|qing2,0.85,1
性格,xing|ge,xing4|ge2,0.85,1
性能,xing|neng,xing4|neng2,0.85,1
性质,xing|zhi,xing4|zhi4,0.85,1
总之,zong|zhi,zong3|zhi1,0.85,1
总书记,zong|shu|ji,zong3|shu1|ji4,0.85,1
总产值,zong|chan|zhi,zong3|chan3|zhi2,0.85,1
总产量,zong|chan|liang,zong3|chan3|liang4,0.85,1
总人口,zong|ren|kou,zong3|ren2|kou3,0.85,1
总会,zong|hui,zong3|hui4,0.85,1
总体,zong|ti,zong3|ti3,0.85,1
总共,zong|gong,zong3|gong4,0.85,1
总兵,zong|bing,zong3|bing1,0.85,1
总台,zong|tai,zong3|tai2,0.86,1
总司令,zong|si|ling,zong3|si1|ling4,0.85,1
总和,zong|he,zong3|he2,0.85,1
总数,zong|shu,zong3|shu4,0.85,1
总是,zong|shi,zong3|shi4,0.85,1
总理,zong|li,zong3|li3,0.85,1
总监,zong|jian,zong3|jian1,0.85,1
总督,zong|du,zong3|du1,0.85,1
总称,zong|cheng,zong3|cheng1,0.85,1
总算,zong|suan,zong3|suan4,0.85,1
总管,zong|guan,zong3|guan3,0.85,1
总经理,zong|jing|li,zong3|jing1|li3,0.85,1
总结,zong|jie,zong3|jie2,0.85,1
总统,zong|tong,zong3|tong3,0.85,1
总裁,zong|cai,zong3|cai2,0.85,1
总路线,zong|lu|xian,zong3|lu4|xian4,0.86,1
总部,zong|bu,zong3|bu4,0.85,1
总量,zong|liang,zong3|liang4,0.85,1
总长,zong|zhang,zong3|zhang3,0.85,1
总队,zong|dui,zong3|dui4,0.85,1
总队长,zong|dui|zhang,zong3|dui4|zhang3,0.85,1
总面积,zong|mian|ji,zong3|mian4|ji1,0.85,1
总额,zong|e,zong3|e2,0.85,1
恋爱,lian|ai,lian4|ai4,0.85,1
恐怕,kong|pa,kong3|pa4,0.85,1
恐怖,kong|bu,kong3|bu4,0.85,1
恐惧,kong|ju,kong3|ju4,0.85,1
恢复,hui|fu,hui1|fu4,0.85,1
恨不得,hen|bu|de,hen4|bu4|de2,0.85,1
恩施,en|shi,en1|shi1,0.85,1
恭敬,gong|jing,gong1|jing4,0.85,1
恰好,qia|hao,qia4|hao3,0.85,1
恰巴塔,qia|ba|ta,qia4|ba1|ta3,0.86,1
恰当,qia|dang,qia4|dang4,0.85,1
恰恰,qia|qia,qia4|qia4,0.85,1
恶人,e|ren,e4|ren2,0.85,1
恶劣,e|lie,e4|lie4,0.85,1
恶化,e|hua,e4|hua4,0.85,1
恶心,e|xin,e3|xin1,0.85,1
悄悄,qiao|qiao,qiao1|qiao1,0.85,1
悄悄地,qiao|qiao|di,qiao1|qiao1|di4,0.85,1
悠久,you|jiu,you1|jiu3,0.85,1
患者,huan|zhe,huan4|zhe3,0.85,1
悬挂,xuan|gua,xuan2|gua4,0.85,1
悬殊,xuan|shu,xuan2|shu1,0.85,1
悲剧,bei|ju,bei1|ju4,0.85,1
悲惨,bei|can,bei1|can3,0.85,1
悲痛,bei|tong,bei1|tong4,0.85,1
情况,qing|kuang,qing2|kuang4,0.85,1
情势,qing|shi,qing2|shi4,0.85,1
情形,qing|xing,qing2|xing2,0.85,1
情感,qing|gan,qing2|gan3,0.85,1
情报,qing|bao,qing2|bao4,0.85,1
情景,qing|jing,qing2|jing3,0.85,1
情绪,qing|xu,qing2|xu4,0.85,1
情节,qing|jie,qing2|jie2,0.85,1
惊人,jing|ren,jing1|ren2,0.85,1
惊动,jing|dong,jing1|dong4,0.85,1
惊叫,jing|jiao,jing1|jiao4,0.85,1
惊呼,jing|hu,jing1|hu1,0.85,1
惊喜,jing|xi,jing1|xi3,0.85,1
惊奇,jing|qi,jing1|qi2,0.85,1
惊慌,jing|huang,jing1|huang1,0.85,1
惊讶,jing|ya,jing1|ya4,0.85,1
惊醒,jing|xing,jing1|xing3,0.85,1
惟一,wei|yi,wei2|yi1,0.85,1
惟有,wei|you,wei2|you3,0.85,1
惨案,can|an,can3|an4,0.85,1
惨重,can|zhong,can3|zhong4,0.85,1
惩罚,cheng|fa,cheng2|fa2,0.85,1
惭愧,can|kui,can2|kui4,0.85,1
惯例,guan|li,guan4|li4,0.85,1
惯性,guan|xing,guan4|xing4,0.85,1
想不到,xiang|bu|dao,xiang3|bu2|dao4,0.85,1
想像,xiang|xiang,xiang3|xiang4,0.85,1
想到,xiang|dao,xiang3|dao4,0.85,1
想必,xiang|bi,xiang3|bi4,0.85,1
想想,xiang|xiang,xiang3|xiang3,0.85,1
想来,xiang|lai,xiang3|lai2,0.85,1
想法,xiang|fa,xiang3|fa3,0.85,1
想着,xiang|zhe,xiang3|zhe0,0.85,1
想要,xiang|yao,xiang3|yao4,0.85,1
想象,xiang|xiang,xiang3|xiang4,0.85,1
想起,xiang|qi,xiang3|qi3,0.85,1
愈合,yu|he,yu4|he2,0.85,1
愈来愈,yu|lai|yu,yu4|lai2|yu4,0.85,1
愉快,yu|kuai,yu2|kuai4,0.85,1
意义,yi|yi,yi4|yi4,0.85,1
意味,yi|wei,yi4|wei4,0.85,1
意味着,yi|wei|zhe,yi4|wei4|zhe0,0.85,1
意图,yi|tu,yi4|tu2,0.85,1
意外,yi|wai,yi4|wai4,0.85,1
意式,yi|shi,yi4|shi4,0.86,1
意式机,yi|shi|ji,yi4|shi4|ji1,0.86,1
意志,yi|zhi,yi4|zhi4,0.85,1
意思,yi|si,yi4|si1,0.85,1
意愿,yi|yuan,yi4|yuan4,0.85,1
意见,yi|jian,yi4|jian4,0.85,1
意识,yi|shi,yi4|shi2,0.85,1
意面,yi|mian,yi4|mian4,0.86,1
愚蠢,yu|chun,yu2|chun3,0.85,1
感冒,gan|mao,gan3|mao4,0.85,1
感到,gan|dao,gan3|dao4,0.85,1
感动,gan|dong,gan3|dong4,0.85,1
感受,gan|shou,gan3|shou4,0.85,1
感叹,gan|tan,gan3|tan4,0.85,1
感情,gan|qing,gan3|qing2,0.85,1
感慨,gan|kai,gan3|kai3,0.85,1
感染,gan|ran,gan3|ran3,0.85,1
感染科,gan|ran|ke,gan3|ran3|ke1,0.86,1
感激,gan|ji,gan3|ji1,0.85,1
感觉,gan|jue,gan3|jue2,0.85,1
感谢,gan|xie,gan3|xie4,0.85,1
愤怒,fen|nu,fen4|nu4,0.85,1
愤慨,fen|kai,fen4|kai3,0.85,1
愿意,yuan|yi,yuan4|yi4,0.85,1
愿望,yuan|wang,yuan4|wang4,0.85,1
慌忙,huang|mang,huang1|mang2,0.85,1
慎重,shen|zhong,shen4|zhong4,0.85,1
慢性,man|xing,man4|xing4,0.85,1
慢慢,man|man,man4|man4,0.85,1
慢游线,man|you|xian,man4|you2|xian4,0.86,1
慢线,man|xian,man4|xian4,0.85,1
慷慨,kang|kai,kang1|kai3,0.85,1
懂得,dong|de,dong3|de0,0.85,1
戏剧,xi|ju,xi4|ju4,0.85,1
戏曲,xi|qu,xi4|qu3,0.85,1
成为,cheng|wei,cheng2|wei2,0.85,1
成交,cheng|jiao,cheng2|jiao1,0.85,1
成人,cheng|ren,cheng2|ren2,0.85,1
成分,cheng|fen,cheng2|fen4,0.85,1
成功,cheng|gong,cheng2|gong1,0.85,1
成化,cheng|hua,cheng2|hua4,0.85,1
成员,cheng|yuan,cheng2|yuan2,0.85,1
成员国,cheng|yuan|guo,cheng2|yuan2|guo2,0.85,1
成就,cheng|jiu,cheng2|jiu4,0.85,1
成效,cheng|xiao,cheng2|xiao4,0.85,1
成本,cheng|ben,cheng2|ben3,0.85,1
成果,cheng|guo,cheng2|guo3,0.85,1
成熟,cheng|shu,cheng2|shu2,0.85,1
成立,cheng|li,cheng2|li4,0.85,1
成绩,cheng|ji,cheng2|ji4,0.85,1
成长,cheng|zhang,cheng2|zhang3,0.85,1
我们,wo|men,wo3|men0,0.85,1
我会,wo|hui,wo3|hui4,0.85,1
我军,wo|jun,wo3|jun1,0.85,1
我国,wo|guo,wo3|guo2,0.85,1
我家,wo|jia,wo3|jia1,0.85,1
我校,wo|xiao,wo3|xiao4,0.85,1
我省,wo|sheng,wo3|sheng3,0.85,1
我行,wo|xing,wo3|xing2,0.85,1
戒指,jie|zhi,jie4|zhi3,0.85,1
或是,huo|shi,huo4|shi4,0.85,1
或者,huo|zhe,huo4|zhe3,0.85,1
或者说,huo|zhe|shuo,huo4|zhe3|shuo1,0.85,1
或许,huo|xu,huo4|xu3,0.85,1
战乱,zhan|luan,zhan4|luan4,0.85,1
战争,zhan|zheng,zhan4|zheng1,0.85,1
战事,zhan|shi,zhan4|shi4,0.85,1
战俘,zhan|fu,zhan4|fu2,0.85,1
战区,zhan|qu,zhan4|qu1,0.85,1
战友,zhan|you,zhan4|you3,0.85,1
战后,zhan|hou,zhan4|hou4,0.85,1
战国,zhan|guo,zhan4|guo2,0.85,1
战场,zhan|chang,zhan4|chang3,0.85,1
战士,zhan|shi,zhan4|shi4,0.85,1
战役,zhan|yi,zhan4|yi4,0.85,1
战斗,zhan|dou,zhan4|dou4,0.85,1
战斗力,zhan|dou|li,zhan4|dou4|li4,0.85,1
战斗机,zhan|dou|ji,zhan4|dou4|ji1,0.85,1
战术,zhan|shu,zhan4|shu4,0.85,1
战机,zhan|ji,zhan4|ji1,0.85,1
战略,zhan|le,zhan4|le4,0.85,1
战线,zhan|xian,zhan4|xian4,0.85,1
战胜,zhan|sheng,zhan4|sheng4,0.85,1
战败,zhan|bai,zhan4|bai4,0.85,1
战车,zhan|che,zhan4|che1,0.85,1
战马,zhan|ma,zhan4|ma3,0.85,1
截止,jie|zhi,jie2|zhi3,0.85,1
截至,jie|zhi,jie2|zhi4,0.85,1
户口,hu|kou,hu4|kou3,0.85,1
户籍,hu|ji,hu4|ji2,0.85,1
户部,hu|bu,hu4|bu4,0.85,1
房中,fang|zhong,fang2|zhong1,0.85,1
房价,fang|jia,fang2|jia4,0.85,1
房务单,fang|wu|dan,fang2|wu4|dan1,0.86,1
房务部,fang|wu|bu,fang2|wu4|bu4,0.86,1
房卡,fang|ka,fang2|ka3,0.85,1
房号,fang|hao,fang2|hao4,0.86,1
房地产,fang|di|chan,fang2|di4|chan3,0.85,1
房型,fang|xing,fang2|xing2,0.9,1
房基,fang|ji,fang2|ji1,0.85,1
房子,fang|zi,fang2|zi0,0.85,1
房屋,fang|wu,fang2|wu1,0.85,1
房态,fang|tai,fang2|tai4,0.86,1
房态表,fang|tai|biao,fang2|tai4|biao3,0.86,1
房车营,fang|che|ying,fang2|che1|ying2,0.86,1
房里,fang|li,fang2|li3,0.85,1
房门,fang|men,fang2|men2,0.85,1
房间,fang|jian,fang2|jian1,0.85,1
所以,suo|yi,suo3|yi3,0.85,1
所在,suo|zai,suo3|zai4,0.85,1
所在地,suo|zai|di,suo3|zai4|di4,0.85,1
所学,suo|xue,suo3|xue2,0.85,1
所属,suo|shu,suo3|shu3,0.85,1
所得,suo|de,suo3|de2,0.85,1
所指,suo|zhi,suo3|zhi3,0.85,1
所有,suo|you,suo3|you3,0.85,1
所有人,suo|you|ren,suo3|you3|ren2,0.85,1
所有制,suo|you|zhi,suo3|you3|zhi4,0.85,1
所有权,suo|you|quan,suo3|you3|quan2,0.85,1
所有者,suo|you|zhe,suo3|you3|zhe3,0.85,1
所用,suo|yong,suo3|yong4,0.85,1
所知,suo|zhi,suo3|zhi1,0.85,1
所致,suo|zhi,suo3|zhi4,0.85,1
所说,suo|shuo,suo3|shuo1,0.85,1
所谓,suo|wei,suo3|wei4,0.85,1
所长,suo|chang,suo3|chang2,0.85,1
手上,shou|shang,shou3|shang4,0.85,1
手下,shou|xia,shou3|xia4,0.85,1
手中,shou|zhong,shou3|zhong1,0.85,1
手册,shou|ce,shou3|ce4,0.86,1
手冲,shou|chong,shou3|chong1,0.86,1
手冲壶,shou|chong|hu,shou3|chong1|hu2,0.86,1
手势,shou|shi,shou3|shi4,0.85,1
手工,shou|gong,shou3|gong1,0.85,1
手工业,shou|gong|ye,shou3|gong1|ye4,0.85,1
手帕,shou|pa,shou3|pa4,0.85,1
手抓饼,shou|zhua|bing,shou3|zhua1|bing3,0.86,1
手持,shou|chi,shou3|chi2,0.85,1
手指,shou|zhi,shou3|zhi3,0.85,1
手掌,shou|zhang,shou3|zhang3,0.85,1
手推车,shou|tui|che,shou3|tui1|che1,0.86,1
手术,shou|shu,shou3|shu4,0.86,1
手术刀,shou|shu|dao,shou3|shu4|dao1,0.86,1
手术台,shou|shu|tai,shou3|shu4|tai2,0.86,1
手术室,shou|shu|shi,shou3|shu4|shi4,0.86,1
手术费,shou|shu|fei,shou3|shu4|fei4,0.86,1
手机,shou|ji,shou3|ji1,0.85,1
手柄,shou|bing,shou3|bing3,0.86,1
手段,shou|duan,shou3|duan4,0.85,1
手法,shou|fa,shou3|fa3,0.85,1
手续,shou|xu,shou3|xu4,0.85,1
手脚,shou|jiao,shou3|jiao3,0.85,1
手腕,shou|wan,shou3|wan4,0.85,1
手臂,shou|bi,shou3|bi4,0.85,1
手足,shou|zu,shou3|zu2,0.85,1
手里,shou|li,shou3|li3,0.85,1
才能,cai|neng,cai2|neng2,0.85,1
打下,da|xia,da3|xia4,0.85,1
打仗,da|zhang,da3|zhang4,0.85,1
打倒,da|dao,da3|dao3,0.85,1
打入,da|ru,da3|ru4,0.85,1
打出,da|chu,da3|chu1,0.85,1
打击,da|ji,da3|ji1,0.85,1
打包,da|bao,da3|bao1,0.85,1
打包盒,da|bao|he,da3|bao1|he2,0.9,1
打卡,da|ka,da3|ka3,0.86,1
打卡点,da|ka|dian,da3|ka3|dian3,0.86,1
打发,da|fa,da3|fa1,0.85,1
打听,da|ting,da3|ting1,0.85,1
打工,da|gong,da3|gong1,0.85,1
打开,da|kai,da3|kai1,0.85,1
打扫,da|sao,da3|sao3,0.86,1
打扮,da|ban,da3|ban4,0.85,1
打断,da|duan,da3|duan4,0.85,1
打架,da|jia,da3|jia4,0.85,1
打死,da|si,da3|si3,0.85,1
打电话,da|dian|hua,da3|dian4|hua4,0.85,1
打着,da|zhe,da3|zhe0,0.85,1
打破,da|po,da3|po4,0.85,1
打算,da|suan,da3|suan4,0.85,1
打败,da|bai,da3|bai4,0.85,1
打造,da|zao,da3|zao4,0.85,1
打量,da|liang,da3|liang0,0.85,1
托运带,tuo|yun|dai,tuo1|yun4|dai4,0.86,1
执掌,zhi|zhang,zhi2|zhang3,0.85,1
执政,zhi|zheng,zhi2|zheng4,0.85,1
执法,zhi|fa,zhi2|fa3,0.85,1
执行,zhi|xing,zhi2|xing2,0.85,1
扩充,kuo|chong,kuo4|chong1,0.85,1
扩声器,kuo|sheng|qi,kuo4|sheng1|qi4,0.86,1
扩大,kuo|da,kuo4|da4,0.85,1
扩展,kuo|zhan,kuo4|zhan3,0.85,1
扩建,kuo|jian,kuo4|jian4,0.85,1
扩张,kuo|zhang,kuo4|zhang1,0.85,1
扩散,kuo|san,kuo4|san4,0.85,1
扫描,sao|miao,sao3|miao2,0.85,1
扫码,sao|ma,sao3|ma3,0.85,1
扭转,niu|zhuan,niu3|zhuan3,0.85,1
扮演,ban|yan,ban4|yan3,0.85,1
扶持,fu|chi,fu2|chi2,0.85,1
扶梯口,fu|ti|kou,fu2|ti1|kou3,0.86,1
扶贫,fu|pin,fu2|pin2,0.85,1
批准,pi|zhun,pi1|zhun3,0.85,1
批判,pi|pan,pi1|pan4,0.85,1
批处理,pi|chu|li,pi1|chu3|li3,0.86,1
批次,pi|ci,pi1|ci4,0.86,1
批评,pi|ping,pi1|ping2,0.85,1
批量,pi|liang,pi1|liang4,0.85,1
找出,zhao|chu,zhao3|chu1,0.85,1
找到,zhao|dao,zhao3|dao4,0.85,1
承办,cheng|ban,cheng2|ban4,0.86,1
承办方,cheng|ban|fang,cheng2|ban4|fang1,0.86,1
承包,cheng|bao,cheng2|bao1,0.85,1
承受,cheng|shou,cheng2|shou4,0.85,1
承担,cheng|dan,cheng2|dan1,0.85,1
承认,cheng|ren,cheng2|ren4,0.85,1
承诺,cheng|nuo,cheng2|nuo4,0.85,1
技巧,ji|qiao,ji4|qiao3,0.85,1
技术,ji|shu,ji4|shu4,0.85,1
技术组,ji|shu|zu,ji4|shu4|zu3,0.86,1
技能,ji|neng,ji4|neng2,0.85,1
技艺,ji|yi,ji4|yi4,0.85,1
抉择,jue|ze,jue2|ze2,0.85,1
把握,ba|wo,ba3|wo4,0.85,1
抑制,yi|zhi,yi4|zhi4,0.85,1
抓住,zhua|zhu,zhua1|zhu4,0.85,1
抓紧,zhua|jin,zhua1|jin3,0.85,1
抓起,zhua|qi,zhua1|qi3,0.85,1
投产,tou|chan,tou2|chan3,0.85,1
投入,tou|ru,tou2|ru4,0.85,1
投影,tou|ying,tou2|ying3,0.86,1
投影仪,tou|ying|yi,tou2|ying3|yi2,0.86,1
投影幕,tou|ying|mu,tou2|ying3|mu4,0.86,1
投影机,tou|ying|ji,tou2|ying3|ji1,0.86,1
投机,tou|ji,tou2|ji1,0.85,1
投票,tou|piao,tou2|piao4,0.85,1
投诉,tou|su,tou2|su4,0.85,1
投资,tou|zi,tou2|zi1,0.85,1
投资者,tou|zi|zhe,tou2|zi1|zhe3,0.85,1
投降,tou|xiang,tou2|xiang2,0.85,1
抗击,kang|ji,kang4|ji1,0.85,1
抗原,kang|yuan,kang4|yuan2,0.86,1
抗原性,kang|yuan|xing,kang4|yuan2|xing4,0.86,1
抗拒,kang|ju,kang4|ju4,0.85,1
抗敌,kang|di,kang4|di2,0.85,1
折子,zhe|zi,zhe2|zi0,0.85,1
折射仪,zhe|she|yi,zhe2|she4|yi2,0.86,1
折磨,zhe|mo,zhe2|mo2,0.85,1
折腾,zhe|teng,zhe1|teng0,0.85,1
抚摸,fu|mo,fu3|mo1,0.85,1
抛弃,pao|qi,pao1|qi4,0.85,1
抢救,qiang|jiu,qiang3|jiu4,0.85,1
抢救室,qiang|jiu|shi,qiang3|jiu4|shi4,0.86,1
抢救车,qiang|jiu|che,qiang3|jiu4|che1,0.86,1
护卫舰,hu|wei|jian,hu4|wei4|jian4,0.85,1
护士,hu|shi,hu4|shi4,0.86,1
护士长,hu|shi|zhang,hu4|shi0|zhang3,0.86,1
护栏区,hu|lan|qu,hu4|lan2|qu1,0.86,1
护理,hu|li,hu4|li3,0.86,1
护理单,hu|li|dan,hu4|li3|dan1,0.86,1
护理液,hu|li|ye,hu4|li3|ye4,0.86,1
护理费,hu|li|fei,hu4|li3|fei4,0.86,1
护送,hu|song,hu4|song4,0.85,1
报上,bao|shang,bao4|shang4,0.85,1
报仇,bao|chou,bao4|chou2,0.85,1
报刊,bao|kan,bao4|kan1,0.85,1
报名,bao|ming,bao4|ming2,0.85,1
报告,bao|gao,bao4|gao4,0.85,1
报告单,bao|gao|dan,bao4|gao4|dan1,0.86,1
报告厅,bao|gao|ting,bao4|gao4|ting1,0.86,1
报复,bao|fu,bao4|fu4,0.85,1
报纸,bao|zhi,bao4|zhi3,0.85,1
报考,bao|kao,bao4|kao3,0.85,1
报道,bao|dao,bao4|dao4,0.85,1
报酬,bao|chou,bao4|chou2,0.85,1
披露,pi|lu,pi1|lu4,0.85,1
抬头,tai|tou,tai2|tou2,0.85,1
抬起,tai|qi,tai2|qi3,0.85,1
抱住,bao|zhu,bao4|zhu4,0.85,1
抱怨,bao|yuan,bao4|yuan4,0.85,1
抱枕,bao|zhen,bao4|zhen3,0.86,1
抵制,di|zhi,di3|zhi4,0.85,1
抵御,di|yu,di3|yu4,0.85,1
抵抗,di|kang,di3|kang4,0.85,1
抵挡,di|dang,di3|dang3,0.85,1
抵触,di|chu,di3|chu4,0.85,1
抵达,di|da,di3|da2,0.85,1
抹茶包,mo|cha|bao,mo3|cha2|bao1,0.86,1
抹茶卷,mo|cha|juan,mo3|cha2|juan4,0.86,1
抹茶粉,mo|cha|fen,mo3|cha2|fen3,0.86,1
押金,ya|jin,ya1|jin1,0.85,1
押金单,ya|jin|dan,ya1|jin1|dan1,0.86,1
抽出,chou|chu,chou1|chu1,0.85,1
抽屉,chou|ti,chou1|ti4,0.85,1
抽签箱,chou|qian|xiang,chou1|qian1|xiang1,0.86,1
抽象,chou|xiang,chou1|xiang4,0.85,1
担任,dan|ren,dan1|ren4,0.85,1
担保,dan|bao,dan1|bao3,0.85,1
担子,dan|zi,dan4|zi0,0.85,1
担心,dan|xin,dan1|xin1,0.85,1
担忧,dan|you,dan1|you1,0.85,1
担担面,dan|dan|mian,dan4|dan0|mian4,0.86,1
担架,dan|jia,dan1|jia4,0.86,1
担负,dan|fu,dan1|fu4,0.85,1
拆除,chai|chu,chai1|chu2,0.85,1
拈阄,nian|jiu,nian1|jiu1,0.85,1
拉开,la|kai,la1|kai1,0.85,1
拉条子,la|tiao|zi,la1|tiao2|zi0,0.86,1
拉花,la|hua,la1|hua1,0.86,1
拉花缸,la|hua|gang,la1|hua1|gang1,0.86,1
拉花针,la|hua|zhen,la1|hua1|zhen1,0.86,1
拌冷面,ban|leng|mian,ban4|leng3|mian4,0.86,1
拍卖,pai|mai,pai1|mai4,0.85,1
拍拍,pai|pai,pai1|pai1,0.85,1
拍摄,pai|she,pai1|she4,0.85,1
拍照,pai|zhao,pai1|zhao4,0.86,1
拍照点,pai|zhao|dian,pai1|zhao4|dian3,0.86,1
拍黄瓜,pai|huang|gua,pai1|huang2|gua1,0.86,1
拐杖,guai|zhang,guai3|zhang4,0.86,1
拒绝,ju|jue,ju4|jue2,0.85,1
拓展,tuo|zhan,tuo4|zhan3,0.85,1
拔出,ba|chu,ba2|chu1,0.85,1
拔罐,ba|guan,ba2|guan4,0.86,1
拖车,tuo|che,tuo1|che1,0.85,1
拖鞋,tuo|xie,tuo1|xie2,0.86,1
拚命,pin|ming,pin1|ming4,0.85,1
招呼,zhao|hu,zhao1|hu1,0.85,1
招商,zhao|shang,zhao1|shang1,0.85,1
招待,zhao|dai,zhao1|dai4,0.86,1
招待会,zhao|dai|hui,zhao1|dai4|hui4,0.86,1
招待所,zhao|dai|suo,zhao1|dai4|suo3,0.86,1
招待费,zhao|dai|fei,zhao1|dai4|fei4,0.86,1
招收,zhao|shou,zhao1|shou1,0.85,1
招数,zhao|shu,zhao1|shu4,0.85,1
招生,zhao|sheng,zhao1|sheng1,0.85,1
招聘,zhao|pin,zhao1|pin4,0.85,1
招聘会,zhao|pin|hui,zhao1|pin4|hui4,0.85,1
拟合,ni|he,ni3|he2,0.86,1
拟定,ni|ding,ni3|ding4,0.85,1
拥堵,yong|du,yong1|du3,0.86,1
拥护,yong|hu,yong1|hu4,0.85,1
拥挤,yong|ji,yong1|ji3,0.85,1
拥有,yong|you,yong1|you3,0.85,1
拦住,lan|zhu,lan2|zhu4,0.85,1
拦截,lan|jie,lan2|jie2,0.85,1
拱手,gong|shou,gong3|shou3,0.85,1
拳头,quan|tou,quan2|tou0,0.85,1
拼命,pin|ming,pin1|ming4,0.85,1
拼接屏,pin|jie|ping,pin1|jie1|ping2,0.86,1
拼车,pin|che,pin1|che1,0.86,1
拼配,pin|pei,pin1|pei4,0.86,1
拼配豆,pin|pei|dou,pin1|pei4|dou4,0.86,1
拾荒,shi|huang,shi2|huang1,0.85,1
拿下,na|xia,na2|xia4,0.85,1
拿出,na|chu,na2|chu1,0.85,1
拿到,na|dao,na2|dao4,0.85,1
拿帖,na|tie,na2|tie1,0.35,1
拿来,na|lai,na2|lai2,0.85,1
拿铁,na|tie,na2|tie3,0.85,1
持久,chi|jiu,chi2|jiu3,0.85,1
持有,chi|you,chi2|you3,0.85,1
持续,chi|xu,chi2|xu4,0.85,1
持股,chi|gu,chi2|gu3,0.85,1
挂号,gua|hao,gua4|hao4,0.86,1
挂号处,gua|hao|chu,gua4|hao4|chu4,0.85,1
挂号费,gua|hao|fei,gua4|hao4|fei4,0.86,1
指令,zhi|ling,zhi3|ling4,0.85,1
指出,zhi|chu,zhi3|chu1,0.85,1
指南,zhi|nan,zhi3|nan2,0.85,1
指向,zhi|xiang,zhi3|xiang4,0.85,1
指定,zhi|ding,zhi3|ding4,0.85,1
指导,zhi|dao,zhi3|dao3,0.85,1
指导员,zhi|dao|yuan,zhi3|dao3|yuan2,0.85,1
指引,zhi|yin,zhi3|yin3,0.85,1
指挥,zhi|hui,zhi3|hui1,0.85,1
指挥部,zhi|hui|bu,zhi3|hui1|bu4,0.85,1
指数,zhi|shu,zhi3|shu4,0.85,1
指望,zhi|wang,zhi3|wang4,0.85,1
指标,zhi|biao,zhi3|biao1,0.85,1
指点,zhi|dian,zhi3|dian3,0.85,1
指着,zhi|zhe,zhi3|zhe0,0.85,1
指示,zhi|shi,zhi3|shi4,0.85,1
指示牌,zhi|shi|pai,zhi3|shi4|pai2,0.86,1
指责,zhi|ze,zhi3|ze2,0.85,1
按摩,an|mo,an4|mo2,0.85,1
按时,an|shi,an4|shi2,0.85,1
按照,an|zhao,an4|zhao4,0.85,1
挑战,tiao|zhan,tiao3|zhan4,0.85,1
挑选,tiao|xuan,tiao1|xuan3,0.85,1
挖掘,wa|jue,wa1|jue2,0.85,1
挡住,dang|zhu,dang3|zhu4,0.85,1
挣扎,zheng|zha,zheng1|zha2,0.85,1
挥手,hui|shou,hui1|shou3,0.85,1
挥舞,hui|wu,hui1|wu3,0.85,1
挫折,cuo|zhe,cuo4|zhe2,0.85,1
振兴,zhen|xing,zhen4|xing1,0.85,1
振动,zhen|dong,zhen4|dong4,0.85,1
挽救,wan|jiu,wan3|jiu4,0.85,1
捕捉,bu|zhuo,bu3|zhuo1,0.85,1
捕捞,bu|lao,bu3|lao1,0.85,1
捕食,bu|shi,bu3|shi2,0.85,1
捕鱼,bu|yu,bu3|yu2,0.85,1
损伤,sun|shang,sun3|shang1,0.85,1
损坏,sun|huai,sun3|huai4,0.85,1
损失,sun|shi,sun3|shi1,0.86,1
损失率,sun|shi|l,sun3|shi1|l4,0.86,1
损失费,sun|shi|fei,sun3|shi1|fei4,0.86,1
损害,sun|hai,sun3|hai4,0.85,1
换上,huan|shang,huan4|shang4,0.85,1
换乘,huan|cheng,huan4|cheng2,0.86,1
换乘场,huan|cheng|chang,huan4|cheng2|chang3,0.86,1
换乘点,huan|cheng|dian,huan4|cheng2|dian3,0.86,1
换乘站,huan|cheng|zhan,huan4|cheng2|zhan4,0.86,1
换房单,huan|fang|dan,huan4|fang2|dan1,0.86,1
换电站,huan|dian|zhan,huan4|dian4|zhan4,0.85,1
换药室,huan|yao|shi,huan4|yao4|shi4,0.86,1
据悉,ju|xi,ju4|xi1,0.85,1
据此,ju|ci,ju4|ci3,0.85,1
据说,ju|shuo,ju4|shuo1,0.85,1
掀开,xian|kai,xian1|kai1,0.85,1
掀起,xian|qi,xian1|qi3,0.85,1
授予,shou|yu,shou4|yu3,0.85,1
授权,shou|quan,shou4|quan2,0.85,1
掉头,diao|tou,diao4|tou2,0.86,1
掉头区,diao|tou|qu,diao4|tou2|qu1,0.85,1
掉头口,diao|tou|kou,diao4|tou2|kou3,0.86,1
掌声,zhang|sheng,zhang3|sheng1,0.85,1
掌握,zhang|wo,zhang3|wo4,0.85,1
掌管,zhang|guan,zhang3|guan3,0.85,1
掌门,zhang|men,zhang3|men2,0.85,1
掌门人,zhang|men|ren,zhang3|men2|ren2,0.85,1
掏出,tao|chu,tao1|chu1,0.85,1
排出,pai|chu,pai2|chu1,0.85,1
排列,pai|lie,pai2|lie4,0.85,1
排名,pai|ming,pai2|ming2,0.85,1
排斥,pai|chi,pai2|chi4,0.85,1
排气阀,pai|qi|fa,pai2|qi4|fa2,0.86,1
排水,pai|shui,pai2|shui3,0.85,1
排水量,pai|shui|liang,pai2|shui3|liang4,0.85,1
排班表,pai|ban|biao,pai2|ban1|biao3,0.86,1
排长,pai|zhang,pai2|zhang3,0.85,1
排队,pai|dui,pai2|dui4,0.86,1
排队区,pai|dui|qu,pai2|dui4|qu1,0.85,1
排队带,pai|dui|dai,pai2|dui4|dai4,0.86,1
排除,pai|chu,pai2|chu2,0.85,1
排风扇,pai|feng|shan,pai2|feng1|shan4,0.86,1
排骨汤,pai|gu|tang,pai2|gu3|tang1,0.86,1
掠夺,le|duo,le4|duo2,0.85,1
掠过,le|guo,le4|guo4,0.85,1
探明,tan|ming,tan4|ming2,0.85,1
探测,tan|ce,tan4|ce4,0.85,1
探索,tan|suo,tan4|suo3,0.85,1
探花,tan|hua,tan4|hua1,0.85,1
探讨,tan|tao,tan4|tao3,0.85,1
接下来,jie|xia|lai,jie1|xia4|lai2,0.85,1
接到,jie|dao,jie1|dao4,0.85,1
接受,jie|shou,jie1|shou4,0.85,1
接口,jie|kou,jie1|kou3,0.92,1
接客,jie|ke,jie1|ke4,0.9,1
接应,jie|ying,jie1|ying4,0.85,1
接待,jie|dai,jie1|dai4,0.86,1
接待单,jie|dai|dan,jie1|dai4|dan1,0.86,1
接待厅,jie|dai|ting,jie1|dai4|ting1,0.86,1
接待员,jie|dai|yuan,jie1|dai4|yuan2,0.86,1
接待处,jie|dai|chu,jie1|dai4|chu4,0.86,1
接待室,jie|dai|shi,jie1|dai4|shi4,0.86,1
接待户,jie|dai|hu,jie1|dai4|hu4,0.86,1
接待日,jie|dai|ri,jie1|dai4|ri4,0.86,1
接待组,jie|dai|zu,jie1|dai4|zu3,0.86,1
接待量,jie|dai|liang,jie1|dai4|liang2,0.86,1
接收,jie|shou,jie1|shou1,0.85,1
接机,jie|ji,jie1|ji1,0.85,1
接机员,jie|ji|yuan,jie1|ji1|yuan2,0.86,1
接机牌,jie|ji|pai,jie1|ji1|pai2,0.86,1
接着,jie|zhe,jie1|zhe0,0.85,1
接站,jie|zhan,jie1|zhan4,0.86,1
接站员,jie|zhan|yuan,jie1|zhan4|yuan2,0.86,1
接站牌,jie|zhan|pai,jie1|zhan4|pai2,0.86,1
接管,jie|guan,jie1|guan3,0.85,1
接粉环,jie|fen|huan,jie1|fen3|huan2,0.86,1
接见,jie|jian,jie1|jian4,0.85,1
接触,jie|chu,jie1|chu4,0.85,1
接过,jie|guo,jie1|guo4,0.85,1
接近,jie|jin,jie1|jin4,0.85,1
接连,jie|lian,jie1|lian2,0.85,1
接送,jie|song,jie1|song4,0.85,1
接送单,jie|song|dan,jie1|song4|dan1,0.86,1
接送岗,jie|song|gang,jie1|song4|gang3,0.86,1
接送点,jie|song|dian,jie1|song4|dian3,0.86,1
接驳场,jie|bo|chang,jie1|bo2|chang3,0.86,1
接驳点,jie|bo|dian,jie1|bo2|dian3,0.86,1
接驳线,jie|bo|xian,jie1|bo2|xian4,0.85,1
控制,kong|zhi,kong4|zhi4,0.85,1
控制室,kong|zhi|shi,kong4|zhi4|shi4,0.86,1
控股,kong|gu,kong4|gu3,0.85,1
推举,tui|ju,tui1|ju3,0.85,1
推出,tui|chu,tui1|chu1,0.85,1
推动,tui|dong,tui1|dong4,0.85,1
推向,tui|xiang,tui1|xiang4,0.85,1
推广,tui|guang,tui1|guang3,0.85,1
推开,tui|kai,tui1|kai1,0.85,1
推拿,tui|na,tui1|na2,0.85,1
推测,tui|ce,tui1|ce4,0.85,1
推理,tui|li,tui1|li3,0.86,1
推翻,tui|fan,tui1|fan1,0.85,1
推荐,tui|jian,tui1|jian4,0.85,1
推行,tui|xing,tui1|xing2,0.85,1
推进,tui|jin,tui1|jin4,0.85,1
推送,tui|song,tui1|song4,0.85,1
掩护,yan|hu,yan3|hu4,0.85,1
掩盖,yan|gai,yan3|gai4,0.85,1
掩饰,yan|shi,yan3|shi4,0.85,1
措施,cuo|shi,cuo4|shi1,0.85,1
描写,miao|xie,miao2|xie3,0.85,1
描绘,miao|hui,miao2|hui4,0.85,1
描述,miao|shu,miao2|shu4,0.85,1
提交,ti|jiao,ti2|jiao1,0.85,1
提供,ti|gong,ti2|gong1,0.85,1
提倡,ti|chang,ti2|chang4,0.85,1
提出,ti|chu,ti2|chu1,0.85,1
提到,ti|dao,ti2|dao4,0.85,1
提前,ti|qian,ti2|qian2,0.85,1
提升,ti|sheng,ti2|sheng1,0.85,1
提取,ti|qu,ti2|qu3,0.85,1
提取区,ti|qu|qu,ti2|qu3|qu1,0.86,1
提取码,ti|qu|ma,ti2|qu3|ma3,0.86,1
提名,ti|ming,ti2|ming2,0.85,1
提拔,ti|ba,ti2|ba2,0.85,1
提示,ti|shi,ti2|shi4,0.86,1
提示性,ti|shi|xing,ti2|shi4|xing4,0.86,1
提示灯,ti|shi|deng,ti2|shi4|deng1,0.86,1
提示符,ti|shi|fu,ti2|shi4|fu2,0.86,1
提纲,ti|gang,ti2|gang1,0.86,1
提袋,ti|dai,ti2|dai4,0.86,1
提议,ti|yi,ti2|yi4,0.85,1
提词器,ti|ci|qi,ti2|ci2|qi4,0.86,1
提起,ti|qi,ti2|qi3,0.85,1
提醒,ti|xing,ti2|xing3,0.85,1
提问,ti|wen,ti2|wen4,0.85,1
提防,di|fang,di1|fang2,0.85,1
提高,ti|gao,ti2|gao1,0.85,1
插入,cha|ru,cha1|ru4,0.85,1
插卡槽,cha|ka|cao,cha1|ka3|cao2,0.86,1
插线板,cha|xian|ban,cha1|xian4|ban3,0.86,1
握住,wo|zhu,wo4|zhu4,0.85,1
揭开,jie|kai,jie1|kai1,0.85,1
揭示,jie|shi,jie1|shi4,0.85,1
揭露,jie|lu,jie1|lu4,0.85,1
援助,yuan|zhu,yuan2|zhu4,0.85,1
搏斗,bo|dou,bo2|dou4,0.85,1
搜索,sou|suo,sou1|suo3,0.85,1
搜集,sou|ji,sou1|ji2,0.85,1
搞好,gao|hao,gao3|hao3,0.85,1
搞笑,gao|xiao,gao3|xiao4,0.85,1
搭配,da|pei,da1|pei4,0.85,1
携带,xie|dai,xie2|dai4,0.85,1
摄像机,she|xiang|ji,she4|xiang4|ji1,0.86,1
摄像组,she|xiang|zu,she4|xiang4|zu3,0.86,1
摄录机,she|lu|ji,she4|lu4|ji1,0.86,1
摄影,she|ying,she4|ying3,0.85,1
摄影组,she|ying|zu,she4|ying3|zu3,0.86,1
摆在,bai|zai,bai3|zai4,0.85,1
摆手,bai|shou,bai3|shou3,0.85,1
摆渡,bai|du,bai3|du4,0.86,1
摆渡线,bai|du|xian,bai3|du4|xian4,0.85,1
摆渡车,bai|du|che,bai3|du4|che1,0.86,1
摆脱,bai|tuo,bai3|tuo1,0.85,1
摇头,yao|tou,yao2|tou2,0.85,1
摇摇头,yao|yao|tou,yao2|yao2|tou2,0.85,1
摇摇杯,yao|yao|bei,yao2|yao2|bei1,0.86,1
摇晃,yao|huang,yao2|huang4,0.85,1
摔倒,shuai|dao,shuai1|dao3,0.85,1
摘要,zhai|yao,zhai1|yao4,0.85,1
摧毁,cui|hui,cui1|hui3,0.85,1
摩卡,mo|ka,mo2|ka3,0.85,1
摩擦,mo|ca,mo2|ca1,0.85,1
撤退,che|tui,che4|tui4,0.85,1
撤销,che|xiao,che4|xiao1,0.85,1
播报员,bo|bao|yuan,bo1|bao4|yuan2,0.86,1
播种,bo|zhong,bo1|zhong3,0.85,1
撰写,zhuan|xie,zhuan4|xie3,0.85,1
擅自,shan|zi,shan4|zi4,0.85,1
擅长,shan|chang,shan4|chang2,0.85,1
操作,cao|zuo,cao1|zuo4,0.85,1
操心,cao|xin,cao1|xin1,0.85,1
操纵,cao|zong,cao1|zong4,0.85,1
操练,cao|lian,cao1|lian4,0.85,1
擒拿,qin|na,qin2|na2,0.85,1
支付,zhi|fu,zhi1|fu4,0.85,1
支出,zhi|chu,zhi1|chu1,0.85,1
支持,zhi|chi,zhi1|chi2,0.85,1
支援,zhi|yuan,zhi1|yuan2,0.85,1
支撑,zhi|cheng,zhi1|cheng1,0.85,1
支柱,zhi|zhu,zhi1|zhu4,0.85,1
支流,zhi|liu,zhi1|liu2,0.85,1
支线,zhi|xian,zhi1|xian4,0.85,1
支配,zhi|pei,zhi1|pei4,0.85,1
支队,zhi|dui,zhi1|dui4,0.85,1
收入,shou|ru,shou1|ru4,0.85,1
收到,shou|dao,shou1|dao4,0.85,1
收取,shou|qu,shou1|qu3,0.85,1
收回,shou|hui,shou1|hui2,0.85,1
收复,shou|fu,shou1|fu4,0.85,1
收拾,shou|shi,shou1|shi2,0.85,1
收支,shou|zhi,shou1|zhi1,0.85,1
收敛,shou|lian,shou1|lian3,0.85,1
收益,shou|yi,shou1|yi4,0.85,1
收缩,shou|suo,shou1|suo1,0.85,1
收获,shou|huo,shou1|huo4,0.85,1
收藏,shou|cang,shou1|cang2,0.85,1
收购,shou|gou,shou1|gou4,0.85,1
收费,shou|fei,shou1|fei4,0.85,1
收费口,shou|fei|kou,shou1|fei4|kou3,0.85,1
收费处,shou|fei|chu,shou1|fei4|chu4,0.86,1
收费站,shou|fei|zhan,shou1|fei4|zhan4,0.86,1
收银,shou|yin,shou1|yin2,0.9,1
收银台,shou|yin|tai,shou1|yin2|tai2,0.86,1
收集,shou|ji,shou1|ji2,0.85,1
改为,gai|wei,gai3|wei2,0.85,1
改制,gai|zhi,gai3|zhi4,0.85,1
改单,gai|dan,gai3|dan1,0.9,1
改变,gai|bian,gai3|bian4,0.85,1
改名,gai|ming,gai3|ming2,0.85,1
改善,gai|shan,gai3|shan4,0.85,1
改建,gai|jian,gai3|jian4,0.85,1
改成,gai|cheng,gai3|cheng2,0.85,1
改称,gai|cheng,gai3|cheng1,0.85,1
改签,gai|qian,gai3|qian1,0.86,1
改签费,gai|qian|fei,gai3|qian1|fei4,0.86,1
改组,gai|zu,gai3|zu3,0.85,1
改编,gai|bian,gai3|bian1,0.85,1
改良,gai|liang,gai3|liang2,0.85,1
改装,gai|zhuang,gai3|zhuang1,0.85,1
改进,gai|jin,gai3|jin4,0.85,1
改造,gai|zao,gai3|zao4,0.85,1
改革,gai|ge,gai3|ge2,0.85,1
攻克,gong|ke,gong1|ke4,0.85,1
攻入,gong|ru,gong1|ru4,0.85,1
攻关,gong|guan,gong1|guan1,0.85,1
攻击,gong|ji,gong1|ji1,0.85,1
攻势,gong|shi,gong1|shi4,0.85,1
攻占,gong|zhan,gong1|zhan4,0.85,1
攻打,gong|da,gong1|da3,0.85,1
攻略,gong|le,gong1|le4,0.86,1
攻破,gong|po,gong1|po4,0.85,1
放下,fang|xia,fang4|xia4,0.85,1
放入,fang|ru,fang4|ru4,0.85,1
放出,fang|chu,fang4|chu1,0.85,1
放到,fang|dao,fang4|dao4,0.85,1
放在,fang|zai,fang4|zai4,0.85,1
放声,fang|sheng,fang4|sheng1,0.85,1
放大,fang|da,fang4|da4,0.85,1
放射,fang|she,fang4|she4,0.86,1
放射源,fang|she|yuan,fang4|she4|yuan2,0.86,1
放射状,fang|she|zhuang,fang4|she4|zhuang4,0.86,1
放射科,fang|she|ke,fang4|she4|ke1,0.86,1
放射线,fang|she|xian,fang4|she4|xian4,0.86,1
放开,fang|kai,fang4|kai1,0.85,1
放弃,fang|qi,fang4|qi4,0.85,1
放心,fang|xin,fang4|xin1,0.85,1
放松,fang|song,fang4|song1,0.85,1
放疗科,fang|liao|ke,fang4|liao2|ke1,0.86,1
政事,zheng|shi,zheng4|shi4,0.85,1
政体,zheng|ti,zheng4|ti3,0.85,1
政党,zheng|dang,zheng4|dang3,0.85,1
政制,zheng|zhi,zheng4|zhi4,0.85,1
政务,zheng|wu,zheng4|wu4,0.85,1
政协,zheng|xie,zheng4|xie2,0.85,1
政变,zheng|bian,zheng4|bian4,0.85,1
政委,zheng|wei,zheng4|wei3,0.85,1
政局,zheng|ju,zheng4|ju2,0.85,1
政府,zheng|fu,zheng4|fu3,0.85,1
政权,zheng|quan,zheng4|quan2,0.85,1
政治,zheng|zhi,zheng4|zhi4,0.85,1
政治家,zheng|zhi|jia,zheng4|zhi4|jia1,0.85,1
政治局,zheng|zhi|ju,zheng4|zhi4|ju2,0.85,1
政治部,zheng|zhi|bu,zheng4|zhi4|bu4,0.85,1
政策,zheng|ce,zheng4|ce4,0.85,1
故乡,gu|xiang,gu4|xiang1,0.85,1
故事,gu|shi,gu4|shi4,0.85,1
故宫,gu|gong,gu4|gong1,0.85,1
故居,gu|ju,gu4|ju1,0.85,1
故意,gu|yi,gu4|yi4,0.85,1
故道,gu|dao,gu4|dao4,0.85,1
故里,gu|li,gu4|li3,0.85,1
故障,gu|zhang,gu4|zhang4,0.86,1
故障率,gu|zhang|l,gu4|zhang4|l4,0.86,1
效力,xiao|li,xiao4|li4,0.85,1
效应,xiao|ying,xiao4|ying4,0.85,1
效果,xiao|guo,xiao4|guo3,0.85,1
效率,xiao|l,xiao4|l4,0.85,1
效益,xiao|yi,xiao4|yi4,0.85,1
敌人,di|ren,di2|ren2,0.85,1
敌军,di|jun,di2|jun1,0.85,1
敌后,di|hou,di2|hou4,0.85,1
敌方,di|fang,di2|fang1,0.85,1
敏感,min|gan,min3|gan3,0.85,1
救人,jiu|ren,jiu4|ren2,0.85,1
救国,jiu|guo,jiu4|guo2,0.85,1
救援,jiu|yuan,jiu4|yuan2,0.85,1
救援车,jiu|yuan|che,jiu4|yuan2|che1,0.85,1
救济,jiu|ji,jiu4|ji4,0.85,1
教主,jiao|zhu,jiao4|zhu3,0.85,1
教会,jiao|hui,jiao4|hui4,0.85,1
教堂,jiao|tang,jiao4|tang2,0.85,1
教学,jiao|xue,jiao4|xue2,0.85,1
教室,jiao|shi,jiao4|shi4,0.85,1
教导,jiao|dao,jiao4|dao3,0.85,1
教师,jiao|shi,jiao4|shi1,0.85,1
教徒,jiao|tu,jiao4|tu2,0.85,1
教授,jiao|shou,jiao4|shou4,0.85,1
教材,jiao|cai,jiao4|cai2,0.85,1
教练,jiao|lian,jiao4|lian4,0.85,1
教育,jiao|yu,jiao4|yu4,0.85,1
教育部,jiao|yu|bu,jiao4|yu4|bu4,0.85,1
教训,jiao|xun,jiao4|xun4,0.85,1
敞开,chang|kai,chang3|kai1,0.85,1
敢于,gan|yu,gan3|yu2,0.85,1
散发,san|fa,san4|fa1,0.85,1
散团,san|tuan,san4|tuan2,0.86,1
散布,san|bu,san4|bu4,0.85,1
散文,san|wen,san3|wen2,0.85,1
数值,shu|zhi,shu4|zhi2,0.85,1
数字,shu|zi,shu4|zi4,0.85,1
数学,shu|xue,shu4|xue2,0.85,1
数学家,shu|xue|jia,shu4|xue2|jia1,0.85,1
数据,shu|ju,shu4|ju4,0.85,1
数据库,shu|ju|ku,shu4|ju4|ku4,0.85,1
数目,shu|mu,shu4|mu4,0.85,1
数码,shu|ma,shu4|ma3,0.85,1
数量,shu|liang,shu4|liang4,0.85,1
数量化,shu|liang|hua,shu4|liang4|hua4,0.86,1
数额,shu|e,shu4|e2,0.85,1
敲渣盒,qiao|zha|he,qiao1|zha1|he2,0.86,1
整个,zheng|ge,zheng3|ge4,0.85,1
整体,zheng|ti,zheng3|ti3,0.85,1
整修,zheng|xiu,zheng3|xiu1,0.85,1
整合,zheng|he,zheng3|he2,0.85,1
整数,zheng|shu,zheng3|shu4,0.85,1
整整,zheng|zheng,zheng3|zheng3,0.85,1
整治,zheng|zhi,zheng3|zhi4,0.85,1
整理,zheng|li,zheng3|li3,0.85,1
整齐,zheng|qi,zheng3|qi2,0.85,1
敷料包,fu|liao|bao,fu1|liao4|bao1,0.86,1
文书,wen|shu,wen2|shu1,0.85,1
文人,wen|ren,wen2|ren2,0.85,1
文件,wen|jian,wen2|jian4,0.85,1
文保区,wen|bao|qu,wen2|bao3|qu1,0.86,1
文化,wen|hua,wen2|hua4,0.85,1
文字,wen|zi,wen2|zi4,0.85,1
文学,wen|xue,wen2|xue2,0.85,1
文官,wen|guan,wen2|guan1,0.85,1
文库,wen|ku,wen2|ku4,0.85,1
文档,wen|dang,wen2|dang4,0.92,1
文物,wen|wu,wen2|wu4,0.85,1
文献,wen|xian,wen2|xian4,0.85,1
文章,wen|zhang,wen2|zhang1,0.85,1
文艺,wen|yi,wen2|yi4,0.85,1
文集,wen|ji,wen2|ji2,0.85,1
文革,wen|ge,wen2|ge2,0.85,1
斗争,dou|zheng,dou4|zheng1,0.85,1
料到,liao|dao,liao4|dao4,0.85,1
料想,liao|xiang,liao4|xiang3,0.85,1
料理,liao|li,liao4|li3,0.85,1
斩首,zhan|shou,zhan3|shou3,0.85,1
断定,duan|ding,duan4|ding4,0.85,1
断裂,duan|lie,duan4|lie4,0.85,1
新人,xin|ren,xin1|ren2,0.85,1
新兴,xin|xing,xin1|xing1,0.85,1
新型,xin|xing,xin1|xing2,0.85,1
新增,xin|zeng,xin1|zeng1,0.85,1
新娘,xin|niang,xin1|niang2,0.85,1
新年,xin|nian,xin1|nian2,0.85,1
新式,xin|shi,xin1|shi4,0.85,1
新景点,xin|jing|dian,xin1|jing3|dian3,0.86,1
新月,xin|yue,xin1|yue4,0.85,1
新生,xin|sheng,xin1|sheng1,0.85,1
新石器,xin|shi|qi,xin1|shi2|qi4,0.85,1
新闻,xin|wen,xin1|wen2,0.85,1
新风,xin|feng,xin1|feng1,0.85,1
新风机,xin|feng|ji,xin1|feng1|ji1,0.86,1
新高,xin|gao,xin1|gao1,0.85,1
方丈,fang|zhang,fang1|zhang4,0.85,1
方位,fang|wei,fang1|wei4,0.85,1
方便,fang|bian,fang1|bian4,0.85,1
方向,fang|xiang,fang1|xiang4,0.85,1
方式,fang|shi,fang1|shi4,0.85,1
方才,fang|cai,fang1|cai2,0.85,1
方案,fang|an,fang1|an4,0.85,1
方法,fang|fa,fang1|fa3,0.85,1
方程,fang|cheng,fang1|cheng2,0.85,1
方言,fang|yan,fang1|yan2,0.85,1
方针,fang|zhen,fang1|zhen1,0.85,1
方面,fang|mian,fang1|mian4,0.85,1
施展,shi|zhan,shi1|zhan3,0.85,1
施工,shi|gong,shi1|gong1,0.85,1
施行,shi|xing,shi1|xing2,0.85,1
旁人,pang|ren,pang2|ren2,0.85,1
旁听,pang|ting,pang2|ting1,0.86,1
旁边,pang|bian,pang2|bian1,0.85,1
旅客,l|ke,l3|ke4,0.85,1
旅游,l|you,l3|you2,0.85,1
旅游业,l|you|ye,l3|you2|ye4,0.85,1
旅游区,l|you|qu,l3|you2|qu1,0.85,1
旅游局,l|you|ju,l3|you2|ju2,0.85,1
旅行,l|xing,l3|xing2,0.85,1
旅行社,l|xing|she,l3|xing2|she4,0.85,1
旅馆,l|guan,l3|guan3,0.85,1
旋转,xuan|zhuan,xuan2|zhuan3,0.85,1
旗下,qi|xia,qi2|xia4,0.85,1
旗帜,qi|zhi,qi2|zhi4,0.85,1
无不,wu|bu,wu2|bu4,0.85,1
无人,wu|ren,wu2|ren2,0.85,1
无从,wu|cong,wu2|cong2,0.85,1
无偿,wu|chang,wu2|chang2,0.85,1
无关,wu|guan,wu2|guan1,0.85,1
无力,wu|li,wu2|li4,0.85,1
无可,wu|ke,wu2|ke3,0.85,1
无声,wu|sheng,wu2|sheng1,0.85,1
无处,wu|chu,wu2|chu4,0.85,1
无奈,wu|nai,wu2|nai4,0.85,1
无异,wu|yi,wu2|yi4,0.85,1
无形,wu|xing,wu2|xing2,0.85,1
无意,wu|yi,wu2|yi4,0.85,1
无效,wu|xiao,wu2|xiao4,0.85,1
无比,wu|bi,wu2|bi3,0.85,1
无法,wu|fa,wu2|fa3,0.85,1
无烟,wu|yan,wu2|yan1,0.86,1
无烟房,wu|yan|fang,wu2|yan1|fang2,0.9,1
无烟煤,wu|yan|mei,wu2|yan1|mei2,0.86,1
无疑,wu|yi,wu2|yi2,0.85,1
无穷,wu|qiong,wu2|qiong2,0.85,1
无糖,wu|tang,wu2|tang2,0.85,1
无线,wu|xian,wu2|xian4,0.85,1
无线电,wu|xian|dian,wu2|xian4|dian4,0.85,1
无线麦,wu|xian|mai,wu2|xian4|mai4,0.86,1
无能,wu|neng,wu2|neng2,0.85,1
无色,wu|se,wu2|se4,0.85,1
无菌区,wu|jun|qu,wu2|jun1|qu1,0.86,1
无记名,wu|ji|ming,wu2|ji4|ming2,0.85,1
无论,wu|lun,wu2|lun4,0.85,1
无词表,wu|ci|biao,wu2|ci2|biao3,0.86,1
无辜,wu|gu,wu2|gu1,0.85,1
无限,wu|xian,wu2|xian4,0.85,1
无障房,wu|zhang|fang,wu2|zhang4|fang2,0.86,1
无霜期,wu|shuang|qi,wu2|shuang1|qi1,0.85,1
无非,wu|fei,wu2|fei1,0.85,1
无须,wu|xu,wu2|xu1,0.85,1
既有,ji|you,ji4|you3,0.85,1
既然,ji|ran,ji4|ran2,0.85,1
日元,ri|yuan,ri4|yuan2,0.85,1
日军,ri|jun,ri4|jun1,0.85,1
日前,ri|qian,ri4|qian2,0.85,1
日历,ri|li,ri4|li4,0.85,1
日后,ri|hou,ri4|hou4,0.85,1
日夜,ri|ye,ri4|ye4,0.85,1
日子,ri|zi,ri4|zi0,0.85,1
日常,ri|chang,ri4|chang2,0.85,1
日志,ri|zhi,ri4|zhi4,0.86,1
日报,ri|bao,ri4|bao4,0.85,1
日晒,ri|shai,ri4|shai4,0.86,1
日晒豆,ri|shai|dou,ri4|shai4|dou4,0.86,1
日月,ri|yue,ri4|yue4,0.85,1
日期,ri|qi,ri4|qi1,0.85,1
日渐,ri|jian,ri4|jian4,0.85,1
日游线,ri|you|xian,ri4|you2|xian4,0.86,1
日照,ri|zhao,ri4|zhao4,0.85,1
日益,ri|yi,ri4|yi4,0.85,1
日程,ri|cheng,ri4|cheng2,0.86,1
日程单,ri|cheng|dan,ri4|cheng2|dan1,0.86,1
日程表,ri|cheng|biao,ri4|cheng2|biao3,0.86,1
日记,ri|ji,ri4|ji4,0.85,1
日趋,ri|qu,ri4|qu1,0.85,1
旧址,jiu|zhi,jiu4|zhi3,0.85,1
旧版本,jiu|ban|ben,jiu4|ban3|ben3,0.86,1
旨在,zhi|zai,zhi3|zai4,0.85,1
早上,zao|shang,zao3|shang4,0.85,1
早就,zao|jiu,zao3|jiu4,0.85,1
早已,zao|yi,zao3|yi3,0.85,1
早年,zao|nian,zao3|nian2,0.85,1
早日,zao|ri,zao3|ri4,0.85,1
早早,zao|zao,zao3|zao3,0.85,1
早晚,zao|wan,zao3|wan3,0.85,1
早晨,zao|chen,zao3|chen2,0.85,1
早期,zao|qi,zao3|qi1,0.85,1
早班车,zao|ban|che,zao3|ban1|che1,0.85,1
早餐,zao|can,zao3|can1,0.85,1
早餐券,zao|can|quan,zao3|can1|quan4,0.86,1
时代,shi|dai,shi2|dai4,0.85,1
时候,shi|hou,shi2|hou4,0.85,1
时光,shi|guang,shi2|guang1,0.85,1
时分,shi|fen,shi2|fen1,0.85,1
时刻,shi|ke,shi2|ke4,0.85,1
时尚,shi|shang,shi2|shang4,0.85,1
时常,shi|chang,shi2|chang2,0.85,1
时报,shi|bao,shi2|bao4,0.85,1
时时,shi|shi,shi2|shi2,0.85,1
时期,shi|qi,shi2|qi1,0.85,1
时机,shi|ji,shi2|ji1,0.85,1
时说,shi|shuo,shi2|shuo1,0.85,1
时辰,shi|chen,shi2|chen2,0.85,1
时间,shi|jian,shi2|jian1,0.85,1
旺季,wang|ji,wang4|ji4,0.86,1
旺季票,wang|ji|piao,wang4|ji4|piao4,0.86,1
旺盛,wang|sheng,wang4|sheng4,0.85,1
昂贵,ang|gui,ang2|gui4,0.85,1
昆虫,kun|chong,kun1|chong2,0.85,1
明亮,ming|liang,ming2|liang4,0.85,1
明代,ming|dai,ming2|dai4,0.85,1
明儿,ming|er,ming2|er2,0.85,1
明天,ming|tian,ming2|tian1,0.85,1
明年,ming|nian,ming2|nian2,0.85,1
明日,ming|ri,ming2|ri4,0.85,1
明明,ming|ming,ming2|ming2,0.85,1
明显,ming|xian,ming2|xian3,0.85,1
明朝,ming|chao,ming2|chao2,0.85,1
明末,ming|mo,ming2|mo4,0.85,1
明清,ming|qing,ming2|qing1,0.85,1
明知,ming|zhi,ming2|zhi1,0.85,1
明确,ming|que,ming2|que4,0.85,1
昏迷,hun|mi,hun1|mi2,0.85,1
易于,yi|yu,yi4|yu2,0.85,1
易拉宝,yi|la|bao,yi4|la1|bao3,0.86,1
昔日,xi|ri,xi1|ri4,0.85,1
星云,xing|yun,xing1|yun2,0.85,1
星宿,xing|xiu,xing1|xiu4,0.85,1
星期,xing|qi,xing1|qi1,0.85,1
星系,xing|xi,xing1|xi4,0.85,1
春天,chun|tian,chun1|tian1,0.85,1
春季,chun|ji,chun1|ji4,0.85,1
春秋,chun|qiu,chun1|qiu1,0.85,1
春节,chun|jie,chun1|jie2,0.85,1
昨夜,zuo|ye,zuo2|ye4,0.85,1
昨天,zuo|tian,zuo2|tian1,0.85,1
昨日,zuo|ri,zuo2|ri4,0.85,1
昨晚,zuo|wan,zuo2|wan3,0.85,1
是不是,shi|bu|shi,shi4|bu0|shi4,0.85,1
是从,shi|cong,shi4|cong2,0.85,1
是否,shi|fou,shi4|fou3,0.85,1
是因为,shi|yin|wei,shi4|yin1|wei4,0.85,1
是非,shi|fei,shi4|fei1,0.85,1
昼夜,zhou|ye,zhou4|ye4,0.85,1
显出,xian|chu,xian3|chu1,0.85,1
显得,xian|de,xian3|de0,0.85,1
显然,xian|ran,xian3|ran2,0.85,1
显示,xian|shi,xian3|shi4,0.85,1
显示器,xian|shi|qi,xian3|shi4|qi4,0.85,1
显示屏,xian|shi|ping,xian3|shi4|ping2,0.86,1
显著,xian|zhu,xian3|zhu4,0.85,1
显赫,xian|he,xian3|he4,0.85,1
显露,xian|lu,xian3|lu4,0.85,1
晓得,xiao|de,xiao3|de0,0.85,1
晚上,wan|shang,wan3|shang4,0.85,1
晚会,wan|hui,wan3|hui4,0.85,1
晚宴,wan|yan,wan3|yan4,0.86,1
晚年,wan|nian,wan3|nian2,0.85,1
晚期,wan|qi,wan3|qi1,0.85,1
晚辈,wan|bei,wan3|bei4,0.85,1
晚饭,wan|fan,wan3|fan4,0.85,1
普外科,pu|wai|ke,pu3|wai4|ke1,0.86,1
普查,pu|cha,pu3|cha2,0.85,1
普洱茶,pu|er|cha,pu3|er3|cha2,0.86,1
普遍,pu|bian,pu3|bian4,0.85,1
景区,jing|qu,jing3|qu1,0.85,1
景区图,jing|qu|tu,jing3|qu1|tu2,0.86,1
景点,jing|dian,jing3|dian3,0.85,1
景色,jing|se,jing3|se4,0.85,1
景观,jing|guan,jing3|guan1,0.85,1
景观房,jing|guan|fang,jing3|guan1|fang2,0.86,1
景象,jing|xiang,jing3|xiang4,0.85,1
晶体,jing|ti,jing1|ti3,0.85,1
智力,zhi|li,zhi4|li4,0.85,1
智能,zhi|neng,zhi4|neng2,0.86,1
智能体,zhi|neng|ti,zhi4|neng2|ti3,0.86,1
智能机,zhi|neng|ji,zhi4|neng2|ji1,0.86,1
智能网,zhi|neng|wang,zhi4|neng2|wang3,0.86,1
暂停,zan|ting,zan4|ting2,0.85,1
暂时,zan|shi,zan4|shi2,0.85,1
暖气,nuan|qi,nuan3|qi4,0.86,1
暖气团,nuan|qi|tuan,nuan3|qi4|tuan2,0.86,1
暖气片,nuan|qi|pian,nuan3|qi4|pian4,0.86,1
暗中,an|zhong,an4|zhong1,0.85,1
暗器,an|qi,an4|qi4,0.85,1
暗想,an|xiang,an4|xiang3,0.85,1
暗暗,an|an,an4|an4,0.85,1
暗示,an|shi,an4|shi4,0.85,1
暗自,an|zi,an4|zi4,0.85,1
暴力,bao|li,bao4|li4,0.85,1
暴动,bao|dong,bao4|dong4,0.85,1
暴雨,bao|yu,bao4|yu3,0.85,1
暴露,bao|lu,bao4|lu4,0.85,1
曲奇,qu|qi,qu1|qi2,0.85,1
曲奇饼,qu|qi|bing,qu3|qi2|bing3,0.86,1
曲折,qu|zhe,qu1|zhe2,0.85,1
曲线,qu|xian,qu1|xian4,0.85,1
更为,geng|wei,geng4|wei2,0.85,1
更加,geng|jia,geng4|jia1,0.85,1
更名,geng|ming,geng1|ming2,0.85,1
更好,geng|hao,geng4|hao3,0.85,1
更换,geng|huan,geng1|huan4,0.85,1
更新,geng|xin,geng1|xin1,0.85,1
更是,geng|shi,geng4|shi4,0.85,1
曾经,ceng|jing,ceng2|jing1,0.85,1
替代,ti|dai,ti4|dai4,0.85,1
替换,ti|huan,ti4|huan4,0.85,1
最为,zui|wei,zui4|wei4,0.85,1
最低,zui|di,zui4|di1,0.85,1
最佳,zui|jia,zui4|jia1,0.85,1
最先,zui|xian,zui4|xian1,0.85,1
最初,zui|chu,zui4|chu1,0.85,1
最后,zui|hou,zui4|hou4,0.85,1
最大,zui|da,zui4|da4,0.85,1
最好,zui|hao,zui4|hao3,0.85,1
最小,zui|xiao,zui4|xiao3,0.85,1
最快,zui|kuai,zui4|kuai4,0.85,1
最新,zui|xin,zui4|xin1,0.85,1
最早,zui|zao,zui4|zao3,0.85,1
最深,zui|shen,zui4|shen1,0.85,1
最终,zui|zhong,zui4|zhong1,0.85,1
最近,zui|jin,zui4|jin4,0.85,1
最长,zui|chang,zui4|chang2,0.85,1
最高,zui|gao,zui4|gao1,0.85,1
最高峰,zui|gao|feng,zui4|gao1|feng1,0.85,1
月亮,yue|liang,yue4|liang4,0.85,1
月份,yue|fen,yue4|fen4,0.85,1
月光,yue|guang,yue4|guang1,0.85,1
月底,yue|di,yue4|di3,0.85,1
月球,yue|qiu,yue4|qiu2,0.85,1
月经,yue|jing,yue4|jing1,0.85,1
有些,you|xie,you3|xie1,0.85,1
有人,you|ren,you3|ren2,0.85,1
有余,you|yu,you3|yu2,0.85,1
有关,you|guan,you3|guan1,0.85,1
有利,you|li,you3|li4,0.85,1
有利于,you|li|yu,you3|li4|yu2,0.85,1
有力,you|li,you3|li4,0.85,1
有助于,you|zhu|yu,you3|zhu4|yu2,0.85,1
有名,you|ming,you3|ming2,0.85,1
有如,you|ru,you3|ru2,0.85,1
有害,you|hai,you3|hai4,0.85,1
有意,you|yi,you3|yi4,0.85,1
有所,you|suo,you3|suo3,0.85,1
有效,you|xiao,you3|xiao4,0.85,1
有无,you|wu,you3|wu2,0.85,1
有时,you|shi,you3|shi2,0.85,1
有时候,you|shi|hou,you3|shi2|hou4,0.85,1
有望,you|wang,you3|wang4,0.85,1
有机,you|ji,you3|ji1,0.85,1
有权,you|quan,you3|quan2,0.85,1
有毒,you|du,you3|du2,0.85,1
有没有,you|mei|you,you3|mei2|you3,0.85,1
有点,you|dian,you3|dian3,0.85,1
有用,you|yong,you3|yong4,0.85,1
有的是,you|de|shi,you3|de0|shi4,0.85,1
有益,you|yi,you3|yi4,0.85,1
有益于,you|yi|yu,you3|yi4|yu2,0.85,1
有着,you|zhe,you3|zhe0,0.85,1
有趣,you|qu,you3|qu4,0.85,1
有钱,you|qian,you3|qian2,0.85,1
有限,you|xian,you3|xian4,0.85,1
朋友,peng|you,peng2|you3,0.85,1
服从,fu|cong,fu2|cong2,0.85,1
服侍,fu|shi,fu2|shi4,0.85,1
服务业,fu|wu|ye,fu2|wu4|ye4,0.85,1
服务区,fu|wu|qu,fu2|wu4|qu1,0.86,1
服务台,fu|wu|tai,fu2|wu4|tai2,0.85,1
服务员,fu|wu|yuan,fu2|wu4|yuan2,0.85,1
服务商,fu|wu|shang,fu2|wu4|shang1,0.85,1
服务器,fu|wu|qi,fu2|wu4|qi4,0.85,1
服务型,fu|wu|xing,fu2|wu4|xing2,0.85,1
服务处,fu|wu|chu,fu2|wu4|chu4,0.85,1
服务岛,fu|wu|dao,fu2|wu4|dao3,0.85,1
服务性,fu|wu|xing,fu2|wu4|xing4,0.85,1
服务期,fu|wu|qi,fu2|wu4|qi1,0.85,1
服务社,fu|wu|she,fu2|wu4|she4,0.85,1
服务端,fu|wu|duan,fu2|wu4|duan1,0.85,1
服务舱,fu|wu|cang,fu2|wu4|cang1,0.85,1
服务费,fu|wu|fei,fu2|wu4|fei4,0.85,1
服务部,fu|wu|bu,fu2|wu4|bu4,0.85,1
服务队,fu|wu|dui,fu2|wu4|dui4,0.85,1
服役,fu|yi,fu2|yi4,0.85,1
服用,fu|yong,fu2|yong4,0.85,1
服装,fu|zhuang,fu2|zhuang1,0.85,1
服饰,fu|shi,fu2|shi4,0.85,1
望京,wang|jing,wang4|jing1,0.88,1
望去,wang|qu,wang4|qu4,0.85,1
望望,wang|wang,wang4|wang4,0.85,1
望见,wang|jian,wang4|jian4,0.85,1
朝代,chao|dai,chao2|dai4,0.85,1
朝政,chao|zheng,chao2|zheng4,0.85,1
朝着,chao|zhe,chao2|zhe0,0.85,1
期待,qi|dai,qi1|dai4,0.85,1
期望,qi|wang,qi1|wang4,0.85,1
期间,qi|jian,qi1|jian1,0.85,1
期限,qi|xian,qi1|xian4,0.85,1
朦胧,meng|long,meng2|long2,0.85,1
木头,mu|tou,mu4|tou0,0.85,1
木工,mu|gong,mu4|gong1,0.85,1
木材,mu|cai,mu4|cai2,0.85,1
木板,mu|ban,mu4|ban3,0.85,1
木栈道,mu|zhan|dao,mu4|zhan4|dao4,0.86,1
木糖醇,mu|tang|chun,mu4|tang2|chun2,0.86,1
木质调,mu|zhi|tiao,mu4|zhi4|tiao2,0.86,1
木雕,mu|diao,mu4|diao1,0.85,1
未免,wei|mian,wei4|mian3,0.85,1
未必,wei|bi,wei4|bi4,0.85,1
未曾,wei|ceng,wei4|ceng2,0.85,1
未来,wei|lai,wei4|lai2,0.85,1
未知,wei|zhi,wei4|zhi1,0.85,1
未经,wei|jing,wei4|jing1,0.85,1
未能,wei|neng,wei4|neng2,0.85,1
末年,mo|nian,mo4|nian2,0.85,1
末期,mo|qi,mo4|qi1,0.85,1
末班线,mo|ban|xian,mo4|ban1|xian4,0.85,1
末班车,mo|ban|che,mo4|ban1|che1,0.86,1
本世纪,ben|shi|ji,ben3|shi4|ji4,0.85,1
本书,ben|shu,ben3|shu1,0.85,1
本事,ben|shi,ben3|shi4,0.85,1
本人,ben|ren,ben3|ren2,0.85,1
本国,ben|guo,ben3|guo2,0.85,1
本土,ben|tu,ben3|tu3,0.85,1
本地,ben|di,ben3|di4,0.85,1
本届,ben|jie,ben3|jie4,0.85,1
本市,ben|shi,ben3|shi4,0.85,1
本性,ben|xing,ben3|xing4,0.85,1
本报,ben|bao,ben3|bao4,0.85,1
本月,ben|yue,ben3|yue4,0.85,1
本来,ben|lai,ben3|lai2,0.85,1
本次,ben|ci,ben3|ci4,0.85,1
本版,ben|ban,ben3|ban3,0.85,1
本省,ben|sheng,ben3|sheng3,0.85,1
本科,ben|ke,ben3|ke1,0.85,1
本章,ben|zhang,ben3|zhang1,0.85,1
本级,ben|ji,ben3|ji2,0.85,1
本能,ben|neng,ben3|neng2,0.85,1
本质,ben|zhi,ben3|zhi4,0.85,1
本身,ben|shen,ben3|shen1,0.85,1
本领,ben|ling,ben3|ling3,0.85,1
朴实,pu|shi,pu3|shi2,0.85,1
机会,ji|hui,ji1|hui4,0.85,1
机体,ji|ti,ji1|ti3,0.85,1
机关,ji|guan,ji1|guan1,0.85,1
机制,ji|zhi,ji1|zhi4,0.85,1
机动,ji|dong,ji1|dong4,0.85,1
机器,ji|qi,ji1|qi4,0.85,1
机场,ji|chang,ji1|chang3,0.9,1
机密,ji|mi,ji1|mi4,0.85,1
机房,ji|fang,ji1|fang2,0.86,1
机构,ji|gou,ji1|gou4,0.85,1
机枪,ji|qiang,ji1|qiang1,0.85,1
机械,ji|xie,ji1|xie4,0.85,1
机械化,ji|xie|hua,ji1|xie4|hua4,0.85,1
机电,ji|dian,ji1|dian4,0.85,1
机票,ji|piao,ji1|piao4,0.85,1
机能,ji|neng,ji1|neng2,0.85,1
机遇,ji|yu,ji1|yu4,0.85,1
杀人,sha|ren,sha1|ren2,0.85,1
杀伤,sha|shang,sha1|shang1,0.85,1
杀害,sha|hai,sha1|hai4,0.85,1
杀手,sha|shou,sha1|shou3,0.85,1
杀死,sha|si,sha1|si3,0.85,1
杂志,za|zhi,za2|zhi4,0.85,1
权利,quan|li,quan2|li4,0.85,1
权力,quan|li,quan2|li4,0.85,1
权益,quan|yi,quan2|yi4,0.85,1
权重,quan|zhong,quan2|zhong4,0.86,1
权限,quan|xian,quan2|xian4,0.85,1
李自成,li|zi|cheng,li3|zi4|cheng2,0.85,1
李高成,li|gao|cheng,li3|gao1|cheng2,0.85,1
材料,cai|liao,cai2|liao4,0.85,1
村主任,cun|zhu|ren,cun1|zhu3|ren4,0.86,1
村委会,cun|wei|hui,cun1|wei3|hui4,0.85,1
村子,cun|zi,cun1|zi3,0.85,1
村庄,cun|zhuang,cun1|zhuang1,0.85,1
村民,cun|min,cun1|min2,0.85,1
村里,cun|li,cun1|li3,0.85,1
束缚,shu|fu,shu4|fu4,0.85,1
条件,tiao|jian,tiao2|jian4,0.85,1
条例,tiao|li,tiao2|li4,0.85,1
条款,tiao|kuan,tiao2|kuan3,0.85,1
条约,tiao|yue,tiao2|yue1,0.85,1
来不及,lai|bu|ji,lai2|bu4|ji2,0.85,1
来临,lai|lin,lai2|lin2,0.85,1
来信,lai|xin,lai2|xin4,0.85,1
来到,lai|dao,lai2|dao4,0.85,1
来历,lai|li,lai2|li4,0.85,1
来回,lai|hui,lai2|hui2,0.85,1
来往,lai|wang,lai2|wang3,0.85,1
来得,lai|de,lai2|de0,0.85,1
来得及,lai|de|ji,lai2|de0|ji2,0.85,1
来时,lai|shi,lai2|shi2,0.85,1
来源,lai|yuan,lai2|yuan2,0.85,1
来源于,lai|yuan|yu,lai2|yuan2|yu2,0.85,1
来看,lai|kan,lai2|kan4,0.85,1
来自,lai|zi,lai2|zi4,0.85,1
来讲,lai|jiang,lai2|jiang3,0.85,1
来访,lai|fang,lai2|fang3,0.85,1
来说,lai|shuo,lai2|shuo1,0.85,1
杯型,bei|xing,bei1|xing2,0.86,1
杯垫,bei|dian,bei1|dian4,0.86,1
杯塞,bei|sai,bei1|sai1,0.86,1
杯套,bei|tao,bei1|tao4,0.86,1
杯托,bei|tuo,bei1|tuo1,0.86,1
杯盖,bei|gai,bei1|gai4,0.86,1
杰出,jie|chu,jie2|chu1,0.85,1
板块,ban|kuai,ban3|kuai4,0.85,1
板栗,ban|li,ban3|li4,0.85,1
极为,ji|wei,ji2|wei2,0.85,1
极其,ji|qi,ji2|qi2,0.85,1
极力,ji|li,ji2|li4,0.85,1
极大,ji|da,ji2|da4,0.85,1
极好,ji|hao,ji2|hao3,0.85,1
极少,ji|shao,ji2|shao3,0.85,1
极度,ji|du,ji2|du4,0.85,1
极端,ji|duan,ji2|duan1,0.85,1
极限,ji|xian,ji2|xian4,0.85,1
构件,gou|jian,gou4|jian4,0.85,1
构建,gou|jian,gou4|jian4,0.85,1
构成,gou|cheng,gou4|cheng2,0.85,1
构造,gou|zao,gou4|zao4,0.85,1
枕头,zhen|tou,zhen3|tou0,0.86,1
枕套,zhen|tao,zhen3|tao4,0.86,1
枕芯,zhen|xin,zhen3|xin1,0.86,1
林业,lin|ye,lin2|ye4,0.85,1
林中,lin|zhong,lin2|zhong1,0.85,1
林区,lin|qu,lin2|qu1,0.85,1
林地区,lin|di|qu,lin2|di4|qu1,0.86,1
果园,guo|yuan,guo3|yuan2,0.86,1
果实,guo|shi,guo3|shi2,0.85,1
果断,guo|duan,guo3|duan4,0.85,1
果树,guo|shu,guo3|shu4,0.85,1
果然,guo|ran,guo3|ran2,0.85,1
果糖浆,guo|tang|jiang,guo3|tang2|jiang1,0.86,1
枢纽,shu|niu,shu1|niu3,0.86,1
枢纽站,shu|niu|zhan,shu1|niu3|zhan4,0.86,1
架子,jia|zi,jia4|zi0,0.85,1
某个,mou|ge,mou3|ge4,0.85,1
某些,mou|xie,mou3|xie1,0.85,1
某种,mou|zhong,mou3|zhong3,0.85,1
柑橘调,gan|ju|tiao,gan1|ju2|tiao2,0.86,1
染料,ran|liao,ran3|liao4,0.85,1
染色体,ran|se|ti,ran3|se4|ti3,0.85,1
柔软,rou|ruan,rou2|ruan3,0.85,1
柚子冻,you|zi|dong,you4|zi3|dong4,0.86,1
柠檬塔,ning|meng|ta,ning2|meng2|ta3,0.86,1
柠檬片,ning|meng|pian,ning2|meng2|pian4,0.86,1
查处,cha|chu,cha2|chu3,0.85,1
查点,cha|dian,cha2|dian3,0.86,1
查看,cha|kan,cha2|kan4,0.85,1
查询,cha|xun,cha2|xun2,0.85,1
柱子,zhu|zi,zhu4|zi0,0.85,1
标准,biao|zhun,biao1|zhun3,0.85,1
标准杯,biao|zhun|bei,biao1|zhun3|bei1,0.86,1
标志,biao|zhi,biao1|zhi4,0.85,1
标本袋,biao|ben|dai,biao1|ben3|dai4,0.86,1
标注,biao|zhu,biao1|zhu4,0.86,1
标注员,biao|zhu|yuan,biao1|zhu4|yuan2,0.86,1
标签贴,biao|qian|tie,biao1|qian1|tie1,0.86,1
标语,biao|yu,biao1|yu3,0.85,1
标间,biao|jian,biao1|jian1,0.86,1
栈道,zhan|dao,zhan4|dao4,0.86,1
栏杆,lan|gan,lan2|gan1,0.85,1
树上,shu|shang,shu4|shang4,0.85,1
树干,shu|gan,shu4|gan4,0.85,1
树木,shu|mu,shu4|mu4,0.85,1
树林,shu|lin,shu4|lin2,0.85,1
树枝,shu|zhi,shu4|zhi1,0.85,1
树皮,shu|pi,shu4|pi2,0.85,1
树种,shu|zhong,shu4|zhong3,0.85,1
树立,shu|li,shu4|li4,0.85,1
栓剂,shuan|ji,shuan1|ji4,0.86,1
栖息,qi|xi,qi1|xi1,0.85,1
校区,xiao|qu,xiao4|qu1,0.85,1
校名,xiao|ming,xiao4|ming2,0.85,1
校园,xiao|yuan,xiao4|yuan2,0.85,1
校长,xiao|zhang,xiao4|zhang3,0.85,1
样子,yang|zi,yang4|zi0,0.85,1
样式,yang|shi,yang4|shi4,0.85,1
样本,yang|ben,yang4|ben3,0.86,1
样机台,yang|ji|tai,yang4|ji1|tai2,0.86,1
核医学,he|yi|xue,he2|yi1|xue2,0.86,1
核心,he|xin,he2|xin1,0.85,1
核心区,he|xin|qu,he2|xin1|qu1,0.86,1
核桃,he|tao,he2|tao2,0.85,1
核桃卷,he|tao|juan,he2|tao2|juan4,0.86,1
核武器,he|wu|qi,he2|wu3|qi4,0.85,1
核潜艇,he|qian|ting,he2|qian2|ting3,0.85,1
核试验,he|shi|yan,he2|shi4|yan4,0.85,1
核酸,he|suan,he2|suan1,0.86,1
根据,gen|ju,gen1|ju4,0.85,1
根据地,gen|ju|di,gen1|ju4|di4,0.85,1
根本,gen|ben,gen1|ben3,0.85,1
根源,gen|yuan,gen1|yuan2,0.85,1
格外,ge|wai,ge2|wai4,0.85,1
格局,ge|ju,ge2|ju2,0.85,1
格式,ge|shi,ge2|shi4,0.85,1
栽培,zai|pei,zai1|pei2,0.85,1
桃花,tao|hua,tao2|hua1,0.85,1
框架,kuang|jia,kuang4|jia4,0.85,1
案件,an|jian,an4|jian4,0.85,1
案例,an|li,an4|li4,0.85,1
桌上,zhuo|shang,zhuo1|shang4,0.85,1
桌子,zhuo|zi,zhuo1|zi0,0.85,1
档案,dang|an,dang4|an4,0.85,1
桥梁,qiao|liang,qiao2|liang2,0.85,1
桥面,qiao|mian,qiao2|mian4,0.85,1
梦想,meng|xiang,meng4|xiang3,0.85,1
梯度,ti|du,ti1|du4,0.86,1
检察,jian|cha,jian3|cha2,0.85,1
检察长,jian|cha|zhang,jian3|cha2|zhang3,0.85,1
检察院,jian|cha|yuan,jian3|cha2|yuan4,0.85,1
检录处,jian|lu|chu,jian3|lu4|chu4,0.86,1
检查,jian|cha,jian3|cha2,0.86,1
检查单,jian|cha|dan,jian3|cha2|dan1,0.86,1
检查员,jian|cha|yuan,jian3|cha2|yuan2,0.86,1
检查和,jian|cha|he,jian3|cha2|he2,0.86,1
检查团,jian|cha|tuan,jian3|cha2|tuan2,0.86,1
检查岗,jian|cha|gang,jian3|cha2|gang3,0.85,1
检查法,jian|cha|fa,jian3|cha2|fa3,0.86,1
检查点,jian|cha|dian,jian3|cha2|dian3,0.86,1
检查站,jian|cha|zhan,jian3|cha2|zhan4,0.86,1
检查组,jian|cha|zu,jian3|cha2|zu3,0.86,1
检查者,jian|cha|zhe,jian3|cha2|zhe3,0.86,1
检查项,jian|cha|xiang,jian3|cha2|xiang4,0.86,1
检测,jian|ce,jian3|ce4,0.85,1
检票,jian|piao,jian3|piao4,0.86,1
检票亭,jian|piao|ting,jian3|piao4|ting2,0.86,1
检票口,jian|piao|kou,jian3|piao4|kou3,0.86,1
检验,jian|yan,jian3|yan4,0.85,1
检验单,jian|yan|dan,jian3|yan4|dan1,0.86,1
检验科,jian|yan|ke,jian3|yan4|ke1,0.86,1
棉纺织,mian|fang|zhi,mian2|fang3|zhi1,0.85,1
棉花,mian|hua,mian2|hua1,0.85,1
棋盘,qi|pan,qi2|pan2,0.85,1
棍子,gun|zi,gun4|zi0,0.85,1
森工,sen|gong,sen1|gong1,0.85,1
森林,sen|lin,sen1|lin2,0.85,1
棺材,guan|cai,guan1|cai2,0.85,1
椅子,yi|zi,yi3|zi0,0.85,1
植物,zhi|wu,zhi2|wu4,0.85,1
植物园,zhi|wu|yuan,zhi2|wu4|yuan2,0.86,1
植被,zhi|bei,zhi2|bei4,0.85,1
椰奶,ye|nai,ye1|nai3,0.86,1
椰奶冻,ye|nai|dong,ye1|nai3|dong4,0.86,1
椰果,ye|guo,ye1|guo3,0.85,1
椰果粒,ye|guo|li,ye1|guo3|li4,0.86,1
椰蓉包,ye|rong|bao,ye1|rong2|bao1,0.86,1
楠木,nan|mu,nan2|mu4,0.85,1
楼上,lou|shang,lou2|shang4,0.85,1
楼下,lou|xia,lou2|xia4,0.85,1
楼层,lou|ceng,lou2|ceng2,0.86,1
楼梯,lou|ti,lou2|ti1,0.85,1
概况,gai|kuang,gai4|kuang4,0.85,1
概念,gai|nian,gai4|nian4,0.85,1
概括,gai|kuo,gai4|kuo4,0.85,1
概率,gai|l,gai4|l4,0.85,1
概览,gai|lan,gai4|lan3,0.85,1
榛果,zhen|guo,zhen1|guo3,0.86,1
榜眼,bang|yan,bang3|yan3,0.85,1
榨菜,zha|cai,zha4|cai4,0.85,1
模仿,mo|fang,mo2|fang3,0.85,1
模式,mo|shi,mo2|shi4,0.85,1
模拟,mo|ni,mo2|ni3,0.85,1
模样,mu|yang,mu2|yang4,0.85,1
模糊,mo|hu,mo2|hu0,0.85,1
模范,mo|fan,mo2|fan4,0.85,1
横幅,heng|fu,heng2|fu2,0.86,1
横扫,heng|sao,heng2|sao3,0.85,1
横贯,heng|guan,heng2|guan4,0.85,1
樱桃派,ying|tao|pai,ying1|tao2|pai4,0.86,1
橙片,cheng|pian,cheng2|pian4,0.86,1
橡胶,xiang|jiao,xiang4|jiao1,0.85,1
欠拟合,qian|ni|he,qian4|ni3|he2,0.86,1
次年,ci|nian,ci4|nian2,0.85,1
次数,ci|shu,ci4|shu4,0.85,1
次日,ci|ri,ci4|ri4,0.85,1
欢乐,huan|le,huan1|le4,0.85,1
欢呼,huan|hu,huan1|hu1,0.85,1
欢喜,huan|xi,huan1|xi3,0.85,1
欢迎,huan|ying,huan1|ying2,0.85,1
欢迎卡,huan|ying|ka,huan1|ying2|ka3,0.86,1
欣赏,xin|shang,xin1|shang3,0.85,1
欧包,ou|bao,ou1|bao1,0.86,1
欧洲人,ou|zhou|ren,ou1|zhou1|ren2,0.85,1
欧盟,ou|meng,ou1|meng2,0.85,1
欲望,yu|wang,yu4|wang4,0.85,1
欺侮,qi|wu,qi1|wu3,0.85,1
欺负,qi|fu,qi1|fu4,0.85,1
欺骗,qi|pian,qi1|pian4,0.85,1
歌剧,ge|ju,ge1|ju4,0.85,1
歌声,ge|sheng,ge1|sheng1,0.85,1
歌曲,ge|qu,ge1|qu3,0.85,1
歌舞,ge|wu,ge1|wu3,0.85,1
正中,zheng|zhong,zheng4|zhong1,0.85,1
正义,zheng|yi,zheng4|yi4,0.85,1
正值,zheng|zhi,zheng4|zhi2,0.85,1
正则,zheng|ze,zheng4|ze2,0.86,1
正在,zheng|zai,zheng4|zai4,0.85,1
正好,zheng|hao,zheng4|hao3,0.85,1
正常,zheng|chang,zheng4|chang2,0.86,1
正常人,zheng|chang|ren,zheng4|chang2|ren2,0.86,1
正常值,zheng|chang|zhi,zheng4|chang2|zhi2,0.86,1
正常冰,zheng|chang|bing,zheng4|chang2|bing1,0.86,1
正常化,zheng|chang|hua,zheng4|chang2|hua4,0.86,1
正常时,zheng|chang|shi,zheng4|chang2|shi2,0.86,1
正常糖,zheng|chang|tang,zheng4|chang2|tang2,0.85,1
正式,zheng|shi,zheng4|shi4,0.85,1
正当,zheng|dang,zheng4|dang1,0.85,1
正是,zheng|shi,zheng4|shi4,0.85,1
正月,zheng|yue,zheng1|yue4,0.85,1
正桥,zheng|qiao,zheng4|qiao2,0.85,1
正直,zheng|zhi,zheng4|zhi2,0.85,1
正确,zheng|que,zheng4|que4,0.85,1
正确率,zheng|que|l,zheng4|que4|l4,0.86,1
正统,zheng|tong,zheng4|tong3,0.85,1
正要,zheng|yao,zheng4|yao4,0.85,1
正规,zheng|gui,zheng4|gui1,0.85,1
正说,zheng|shuo,zheng4|shuo1,0.85,1
正门,zheng|men,zheng4|men2,0.85,1
正面,zheng|mian,zheng4|mian4,0.85,1
此举,ci|ju,ci3|ju3,0.85,1
此事,ci|shi,ci3|shi4,0.85,1
此人,ci|ren,ci3|ren2,0.85,1
此刻,ci|ke,ci3|ke4,0.85,1
此前,ci|qian,ci3|qian2,0.85,1
此后,ci|hou,ci3|hou4,0.85,1
此地,ci|di,ci3|di4,0.85,1
此处,ci|chu,ci3|chu4,0.85,1
此外,ci|wai,ci3|wai4,0.85,1
此时,ci|shi,ci3|shi2,0.85,1
此次,ci|ci,ci3|ci4,0.85,1
此类,ci|lei,ci3|lei4,0.85,1
此言,ci|yan,ci3|yan2,0.85,1
此间,ci|jian,ci3|jian1,0.85,1
步伐,bu|fa,bu4|fa2,0.85,1
步兵,bu|bing,bu4|bing1,0.85,1
步枪,bu|qiang,bu4|qiang1,0.85,1
步行,bu|xing,bu4|xing2,0.86,1
步行者,bu|xing|zhe,bu4|xing2|zhe3,0.86,1
步行街,bu|xing|jie,bu4|xing2|jie1,0.86,1
步道,bu|dao,bu4|dao4,0.86,1
步骤,bu|zhou,bu4|zhou4,0.85,1
武力,wu|li,wu3|li4,0.85,1
武器,wu|qi,wu3|qi4,0.85,1
武士,wu|shi,wu3|shi4,0.85,1
武官,wu|guan,wu3|guan1,0.85,1
武术,wu|shu,wu3|shu4,0.85,1
武艺,wu|yi,wu3|yi4,0.85,1
武装,wu|zhuang,wu3|zhuang1,0.85,1
武警,wu|jing,wu3|jing3,0.85,1
死亡,si|wang,si3|wang2,0.85,1
死伤,si|shang,si3|shang1,0.85,1
死刑,si|xing,si3|xing2,0.85,1
死去,si|qu,si3|qu4,0.85,1
死者,si|zhe,si3|zhe3,0.85,1
歼灭,jian|mie,jian1|mie4,0.85,1
残疾,can|ji,can2|ji2,0.85,1
残疾人,can|ji|ren,can2|ji2|ren2,0.85,1
残酷,can|ku,can2|ku4,0.85,1
殖民,zhi|min,zhi2|min2,0.85,1
殖民地,zhi|min|di,zhi2|min2|di4,0.85,1
殖民者,zhi|min|zhe,zhi2|min2|zhe3,0.85,1
殡葬,bin|zang,bin4|zang4,0.85,1
殿试,dian|shi,dian4|shi4,0.85,1
毁灭,hui|mie,hui3|mie4,0.85,1
母亲,mu|qin,mu3|qin1,0.85,1
母婴室,mu|ying|shi,mu3|ying1|shi4,0.86,1
母子,mu|zi,mu3|zi3,0.85,1
每个,mei|ge,mei3|ge4,0.85,1
每人,mei|ren,mei3|ren2,0.85,1
每周,mei|zhou,mei3|zhou1,0.85,1
每天,mei|tian,mei3|tian1,0.85,1
每年,mei|nian,mei3|nian2,0.85,1
每当,mei|dang,mei3|dang1,0.85,1
每日,mei|ri,mei3|ri4,0.85,1
每月,mei|yue,mei3|yue4,0.85,1
每次,mei|ci,mei3|ci4,0.85,1
每股,mei|gu,mei3|gu3,0.85,1
每逢,mei|feng,mei3|feng2,0.85,1
毒品,du|pin,du2|pin3,0.85,1
毒性,du|xing,du2|xing4,0.85,1
毒药,du|yao,du2|yao4,0.85,1
毒蛇,du|she,du2|she2,0.85,1
比作,bi|zuo,bi3|zuo4,0.85,1
比例,bi|li,bi3|li4,0.85,1
比分,bi|fen,bi3|fen1,0.85,1
比如,bi|ru,bi3|ru2,0.85,1
比如说,bi|ru|shuo,bi3|ru2|shuo1,0.85,1
比赛,bi|sai,bi3|sai4,0.85,1
比起,bi|qi,bi3|qi3,0.85,1
比较,bi|jiao,bi3|jiao4,0.85,1
比重,bi|zhong,bi3|zhong4,0.85,1
毕业,bi|ye,bi4|ye4,0.85,1
毕业生,bi|ye|sheng,bi4|ye4|sheng1,0.85,1
毕竟,bi|jing,bi4|jing4,0.85,1
毛尖,mao|jian,mao2|jian1,0.85,1
毛巾,mao|jin,mao2|jin1,0.86,1
毛病,mao|bing,mao2|bing4,0.85,1
毫不,hao|bu,hao2|bu4,0.85,1
毫克,hao|ke,hao2|ke4,0.85,1
毫无,hao|wu,hao2|wu2,0.85,1
毫米,hao|mi,hao2|mi3,0.85,1
氏族,shi|zu,shi4|zu2,0.85,1
民主,min|zhu,min2|zhu3,0.85,1
民事,min|shi,min2|shi4,0.85,1
民众,min|zhong,min2|zhong4,0.85,1
民兵,min|bing,min2|bing1,0.85,1
民国,min|guo,min2|guo2,0.85,1
民工,min|gong,min2|gong1,0.85,1
民政,min|zheng,min2|zheng4,0.85,1
民族,min|zu,min2|zu2,0.85,1
民族乡,min|zu|xiang,min2|zu2|xiang1,0.85,1
民用,min|yong,min2|yong4,0.85,1
民航,min|hang,min2|hang2,0.85,1
民营,min|ying,min2|ying2,0.85,1
民间,min|jian,min2|jian1,0.85,1
气体,qi|ti,qi4|ti3,0.85,1
气候,qi|hou,qi4|hou4,0.85,1
气势,qi|shi,qi4|shi4,0.85,1
气味,qi|wei,qi4|wei4,0.85,1
气息,qi|xi,qi4|xi1,0.85,1
气愤,qi|fen,qi4|fen4,0.85,1
气概,qi|gai,qi4|gai4,0.85,1
气氛,qi|fen,qi4|fen1,0.85,1
气派,qi|pai,qi4|pai4,0.85,1
气流,qi|liu,qi4|liu2,0.85,1
气温,qi|wen,qi4|wen1,0.85,1
气象,qi|xiang,qi4|xiang4,0.85,1
气质,qi|zhi,qi4|zhi4,0.85,1
氛围,fen|wei,fen1|wei2,0.85,1
氛围灯,fen|wei|deng,fen1|wei2|deng1,0.86,1
氧化,yang|hua,yang3|hua4,0.85,1
氧气,yang|qi,yang3|qi4,0.85,1
氧气管,yang|qi|guan,yang3|qi4|guan3,0.86,1
水上,shui|shang,shui3|shang4,0.85,1
水下,shui|xia,shui3|xia4,0.85,1
水中,shui|zhong,shui3|zhong1,0.85,1
水产,shui|chan,shui3|chan3,0.85,1
水产品,shui|chan|pin,shui3|chan3|pin3,0.85,1
水位,shui|wei,shui3|wei4,0.85,1
水准,shui|zhun,shui3|zhun3,0.85,1
水分,shui|fen,shui3|fen4,0.85,1
水利,shui|li,shui3|li4,0.85,1
水力,shui|li,shui3|li4,0.85,1
水单,shui|dan,shui3|dan1,0.86,1
水土,shui|tu,shui3|tu3,0.85,1
水域,shui|yu,shui3|yu4,0.85,1
水平,shui|ping,shui3|ping2,0.85,1
水库,shui|ku,shui3|ku4,0.85,1
水底,shui|di,shui3|di3,0.85,1
水文,shui|wen,shui3|wen2,0.85,1
水晶,shui|jing,shui3|jing1,0.85,1
水晶珠,shui|jing|zhu,shui3|jing1|zhu1,0.86,1
水果,shui|guo,shui3|guo3,0.85,1
水果塔,shui|guo|ta,shui3|guo3|ta3,0.86,1
水泥,shui|ni,shui3|ni2,0.85,1
水泵,shui|beng,shui3|beng4,0.85,1
水洗,shui|xi,shui3|xi3,0.86,1
水洗豆,shui|xi|dou,shui3|xi3|dou4,0.86,1
水流,shui|liu,shui3|liu2,0.85,1
水深,shui|shen,shui3|shen1,0.85,1
水温,shui|wen,shui3|wen1,0.85,1
水源,shui|yuan,shui3|yuan2,0.85,1
水煮鱼,shui|zhu|yu,shui3|zhu3|yu2,0.86,1
水生,shui|sheng,shui3|sheng1,0.85,1
水电,shui|dian,shui3|dian4,0.85,1
水电站,shui|dian|zhan,shui3|dian4|zhan4,0.85,1
水稻,shui|dao,shui3|dao4,0.85,1
水系,shui|xi,shui3|xi4,0.85,1
水质,shui|zhi,shui3|zhi4,0.85,1
水质笔,shui|zhi|bi,shui3|zhi4|bi3,0.86,1
水路,shui|lu,shui3|lu4,0.85,1
水运,shui|yun,shui3|yun4,0.85,1
水道,shui|dao,shui3|dao4,0.86,1
水量,shui|liang,shui3|liang4,0.85,1
水陆,shui|lu,shui3|lu4,0.85,1
水面,shui|mian,shui3|mian4,0.85,1
水饺,shui|jiao,shui3|jiao3,0.86,1
永不,yong|bu,yong3|bu4,0.85,1
永久,yong|jiu,yong3|jiu3,0.85,1
永远,yong|yuan,yong3|yuan3,0.85,1
求助,qiu|zhu,qiu2|zhu4,0.85,1
求得,qiu|de,qiu2|de2,0.85,1
求知,qiu|zhi,qiu2|zhi1,0.85,1
求职,qiu|zhi,qiu2|zhi2,0.85,1
求职者,qiu|zhi|zhe,qiu2|zhi2|zhe3,0.85,1
汇合,hui|he,hui4|he2,0.85,1
汇合点,hui|he|dian,hui4|he2|dian3,0.86,1
汇率,hui|l,hui4|l4,0.85,1
汇集,hui|ji,hui4|ji2,0.85,1
汉人,han|ren,han4|ren2,0.85,1
汉代,han|dai,han4|dai4,0.85,1
汉堡胚,han|bao|pei,han4|bao3|pei1,0.86,1
汉奸,han|jian,han4|jian1,0.85,1
汉子,han|zi,han4|zi3,0.85,1
江淮,jiang|huai,jiang1|huai2,0.85,1
江面,jiang|mian,jiang1|mian4,0.85,1
污染,wu|ran,wu1|ran3,0.85,1
汽水,qi|shui,qi4|shui3,0.85,1
汽车,qi|che,qi4|che1,0.85,1
汽车站,qi|che|zhan,qi4|che1|zhan4,0.86,1
沉吟,chen|yin,chen2|yin2,0.85,1
沉思,chen|si,chen2|si1,0.85,1
沉着,chen|zhuo,chen2|zhuo2,0.85,1
沉积,chen|ji,chen2|ji1,0.85,1
沉重,chen|zhong,chen2|zhong4,0.85,1
沉默,chen|mo,chen2|mo4,0.85,1
沙发,sha|fa,sha1|fa1,0.86,1
沙漠,sha|mo,sha1|mo4,0.85,1
沙箱,sha|xiang,sha1|xiang1,0.86,1
沟通,gou|tong,gou1|tong1,0.85,1
没事,mei|shi,mei2|shi4,0.35,1
没想到,mei|xiang|dao,mei2|xiang3|dao4,0.85,1
没收,mo|shou,mo4|shou1,0.85,1
没有,mei|you,mei2|you3,0.85,1
没法,mei|fa,mei2|fa3,0.85,1
沦为,lun|wei,lun2|wei4,0.85,1
沮丧,ju|sang,ju3|sang4,0.85,1
河床,he|chuang,he2|chuang2,0.85,1
河段,he|duan,he2|duan4,0.85,1
河流,he|liu,he2|liu2,0.85,1
河蟹,he|xie,he2|xie4,0.85,1
河谷区,he|gu|qu,he2|gu3|qu1,0.86,1
河边,he|bian,he2|bian1,0.85,1
河道,he|dao,he2|dao4,0.85,1
油料,you|liao,you2|liao4,0.85,1
油田,you|tian,you2|tian2,0.85,1
油画,you|hua,you2|hua4,0.85,1
油脂,you|zhi,you2|zhi1,0.85,1
油脂层,you|zhi|ceng,you2|zhi1|ceng2,0.86,1
治所,zhi|suo,zhi4|suo3,0.85,1
治权,zhi|quan,zhi4|quan2,0.85,1
治理,zhi|li,zhi4|li3,0.85,1
治疗,zhi|liao,zhi4|liao2,0.85,1
治疗室,zhi|liao|shi,zhi4|liao2|shi4,0.86,1
治疗费,zhi|liao|fei,zhi4|liao2|fei4,0.86,1
治疗车,zhi|liao|che,zhi4|liao2|che1,0.86,1
治病,zhi|bing,zhi4|bing4,0.85,1
沼泽,zhao|ze,zhao3|ze2,0.85,1
沿岸,yan|an,yan2|an4,0.85,1
沿江,yan|jiang,yan2|jiang1,0.85,1
沿海,yan|hai,yan2|hai3,0.85,1
沿用,yan|yong,yan2|yong4,0.85,1
沿着,yan|zhe,yan2|zhe0,0.85,1
沿线,yan|xian,yan2|xian4,0.85,1
沿途,yan|tu,yan2|tu2,0.85,1
沿革,yan|ge,yan2|ge2,0.85,1
泊位,bo|wei,bo2|wei4,0.85,1
泊车区,bo|che|qu,bo2|che1|qu1,0.86,1
泌尿科,mi|niao|ke,mi4|niao4|ke1,0.86,1
法人,fa|ren,fa3|ren2,0.85,1
法令,fa|ling,fa3|ling4,0.85,1
法制,fa|zhi,fa3|zhi4,0.85,1
法处理,fa|chu|li,fa3|chu3|li3,0.86,1
法子,fa|zi,fa3|zi3,0.85,1
法学,fa|xue,fa3|xue2,0.85,1
法官,fa|guan,fa3|guan1,0.85,1
法定,fa|ding,fa3|ding4,0.85,1
法庭,fa|ting,fa3|ting2,0.85,1
法律,fa|l,fa3|l4,0.85,1
法棍,fa|gun,fa3|gun4,0.86,1
法治,fa|zhi,fa3|zhi4,0.85,1
法规,fa|gui,fa3|gui1,0.85,1
法院,fa|yuan,fa3|yuan4,0.85,1
泡沫,pao|mo,pao4|mo4,0.85,1
泡芙,pao|fu,pao4|fu2,0.86,1
波动,bo|dong,bo1|dong4,0.85,1
波长,bo|chang,bo1|chang2,0.85,1
波霸,bo|ba,bo1|ba4,0.85,1
泥土,ni|tu,ni2|tu3,0.85,1
泥沙,ni|sha,ni2|sha1,0.85,1
注入,zhu|ru,zhu4|ru4,0.85,1
注册,zhu|ce,zhu4|ce4,0.85,1
注册台,zhu|ce|tai,zhu4|ce4|tai2,0.86,1
注册处,zhu|ce|chu,zhu4|ce4|chu4,0.86,1
注定,zhu|ding,zhu4|ding4,0.85,1
注射,zhu|she,zhu4|she4,0.86,1
注射剂,zhu|she|ji,zhu4|she4|ji4,0.86,1
注射器,zhu|she|qi,zhu4|she4|qi4,0.86,1
注射泵,zhu|she|beng,zhu4|she4|beng4,0.86,1
注射液,zhu|she|ye,zhu4|she4|ye4,0.86,1
注意,zhu|yi,zhu4|yi4,0.85,1
注意力,zhu|yi|li,zhu4|yi4|li4,0.85,1
注水圈,zhu|shui|quan,zhu4|shui3|quan1,0.86,1
注水量,zhu|shui|liang,zhu4|shui3|liang4,0.86,1
注视,zhu|shi,zhu4|shi4,0.85,1
注释,zhu|shi,zhu4|shi4,0.85,1
注重,zhu|zhong,zhu4|zhong4,0.85,1
泪水,lei|shui,lei4|shui3,0.85,1
洁净度,jie|jing|du,jie2|jing4|du4,0.86,1
洋人,yang|ren,yang2|ren2,0.85,1
洋芋,yang|yu,yang2|yu4,0.85,1
洋葱圈,yang|cong|quan,yang2|cong1|quan1,0.86,1
洗手台,xi|shou|tai,xi3|shou3|tai2,0.86,1
洗手间,xi|shou|jian,xi3|shou3|jian1,0.86,1
洗漱包,xi|shu|bao,xi3|shu4|bao1,0.86,1
洗衣单,xi|yi|dan,xi3|yi1|dan1,0.86,1
洗衣袋,xi|yi|dai,xi3|yi1|dai4,0.86,1
洞口,dong|kou,dong4|kou3,0.85,1
洞穴,dong|xue,dong4|xue2,0.85,1
津贴,jin|tie,jin1|tie1,0.85,1
活力,huo|li,huo2|li4,0.85,1
活动,huo|dong,huo2|dong4,0.85,1
活塞,huo|sai,huo2|sai1,0.85,1
活性,huo|xing,huo2|xing4,0.85,1
活泼,huo|po,huo2|po1,0.85,1
活疫苗,huo|yi|miao,huo2|yi4|miao2,0.86,1
活着,huo|zhe,huo2|zhe0,0.85,1
活跃,huo|yue,huo2|yue4,0.85,1
洼地,wa|di,wa1|di4,0.85,1
洽谈桌,qia|tan|zhuo,qia4|tan2|zhuo1,0.86,1
派兵,pai|bing,pai4|bing1,0.85,1
派出,pai|chu,pai4|chu1,0.85,1
派车单,pai|che|dan,pai4|che1|dan1,0.86,1
派车员,pai|che|yuan,pai4|che1|yuan2,0.86,1
派遣,pai|qian,pai4|qian3,0.85,1
流亡,liu|wang,liu2|wang2,0.85,1
流传,liu|chuan,liu2|chuan2,0.85,1
流体,liu|ti,liu2|ti3,0.85,1
流入,liu|ru,liu2|ru4,0.85,1
流出,liu|chu,liu2|chu1,0.85,1
流动,liu|dong,liu2|dong4,0.85,1
流域,liu|yu,liu2|yu4,0.85,1
流失,liu|shi,liu2|shi1,0.85,1
流氓,liu|mang,liu2|mang2,0.85,1
流水,liu|shui,liu2|shui3,0.85,1
流泪,liu|lei,liu2|lei4,0.85,1
流派,liu|pai,liu2|pai4,0.85,1
流经,liu|jing,liu2|jing1,0.85,1
流芳,liu|fang,liu2|fang1,0.85,1
流血,liu|xue,liu2|xue4,0.85,1
流行,liu|xing,liu2|xing2,0.85,1
流贼,liu|zei,liu2|zei2,0.85,1
流通,liu|tong,liu2|tong1,0.85,1
流通股,liu|tong|gu,liu2|tong1|gu3,0.85,1
流量,liu|liang,liu2|liang4,0.85,1
流露,liu|lu,liu2|lu4,0.85,1
浅水,qian|shui,qian3|shui3,0.85,1
浅烘焙,qian|hong|bei,qian3|hong1|bei4,0.86,1
测定,ce|ding,ce4|ding4,0.85,1
测试,ce|shi,ce4|shi4,0.85,1
测试数据,ce|shi|shu|ju,ce4|shi4|shu4|ju4,0.9,1
测量,ce|liang,ce4|liang2,0.85,1
浏览,liu|lan,liu2|lan3,0.85,1
浑厚,hun|hou,hun2|hou4,0.85,1
浑身,hun|shen,hun2|shen1,0.85,1
浓厚,nong|hou,nong2|hou4,0.85,1
浓度,nong|du,nong2|du4,0.85,1
浓缩,nong|suo,nong2|suo1,0.85,1
浓缩液,nong|suo|ye,nong2|suo1|ye4,0.86,1
浓缩铀,nong|suo|you,nong2|suo1|you2,0.86,1
浓郁,nong|yu,nong2|yu4,0.85,1
浦东,pu|dong,pu3|dong1,0.86,1
浦珍珠,pu|zhen|zhu,pu3|zhen1|zhu1,0.86,1
浪漫,lang|man,lang4|man4,0.85,1
浪费,lang|fei,lang4|fei4,0.85,1
浮雕,fu|diao,fu2|diao1,0.85,1
浴巾,yu|jin,yu4|jin1,0.86,1
浴缸,yu|gang,yu4|gang1,0.86,1
浴袍,yu|pao,yu4|pao2,0.86,1
海上,hai|shang,hai3|shang4,0.85,1
海关区,hai|guan|qu,hai3|guan1|qu1,0.86,1
海内外,hai|nei|wai,hai3|nei4|wai4,0.85,1
海军,hai|jun,hai3|jun1,0.85,1
海域,hai|yu,hai3|yu4,0.85,1
海外,hai|wai,hai3|wai4,0.85,1
海岸,hai|an,hai3|an4,0.85,1
海岸区,hai|an|qu,hai3|an4|qu1,0.86,1
海岸线,hai|an|xian,hai3|an4|xian4,0.85,1
海底,hai|di,hai3|di3,0.85,1
海拔,hai|ba,hai3|ba2,0.86,1
海拔点,hai|ba|dian,hai3|ba2|dian3,0.86,1
海景,hai|jing,hai3|jing3,0.86,1
海景房,hai|jing|fang,hai3|jing3|fang2,0.86,1
海水,hai|shui,hai3|shui3,0.85,1
海藻,hai|zao,hai3|zao3,0.85,1
海边,hai|bian,hai3|bian1,0.85,1
海里,hai|li,hai3|li3,0.85,1
海面,hai|mian,hai3|mian4,0.85,1
涂料,tu|liao,tu2|liao4,0.85,1
消化,xiao|hua,xiao1|hua4,0.85,1
消化科,xiao|hua|ke,xiao1|hua4|ke1,0.86,1
消失,xiao|shi,xiao1|shi1,0.85,1
消息,xiao|xi,xiao1|xi1,0.85,1
消极,xiao|ji,xiao1|ji2,0.85,1
消毒,xiao|du,xiao1|du2,0.85,1
消毒液,xiao|du|ye,xiao1|du2|ye4,0.86,1
消灭,xiao|mie,xiao1|mie4,0.85,1
消耗,xiao|hao,xiao1|hao4,0.85,1
消融,xiao|rong,xiao1|rong2,0.86,1
消费,xiao|fei,xiao1|fei4,0.85,1
消费品,xiao|fei|pin,xiao1|fei4|pin3,0.85,1
消费者,xiao|fei|zhe,xiao1|fei4|zhe3,0.85,1
消防梯,xiao|fang|ti,xiao1|fang2|ti1,0.86,1
消除,xiao|chu,xiao1|chu2,0.85,1
涉及,she|ji,she4|ji2,0.85,1
涌现,yong|xian,yong3|xian4,0.85,1
涨幅,zhang|fu,zhang3|fu2,0.85,1
液体,ye|ti,ye4|ti3,0.85,1
涵盖,han|gai,han2|gai4,0.85,1
淋浴间,lin|yu|jian,lin2|yu4|jian1,0.86,1
淘汰,tao|tai,tao2|tai4,0.85,1
淡奶油,dan|nai|you,dan4|nai3|you2,0.86,1
淡季,dan|ji,dan4|ji4,0.86,1
淡季票,dan|ji|piao,dan4|ji4|piao4,0.86,1
淡旺季,dan|wang|ji,dan4|wang4|ji4,0.86,1
淡水,dan|shui,dan4|shui3,0.85,1
淡水鱼,dan|shui|yu,dan4|shui3|yu2,0.85,1
淡淡,dan|dan,dan4|dan4,0.85,1
淤泥,yu|ni,yu1|ni2,0.85,1
深入,shen|ru,shen1|ru4,0.85,1
深刻,shen|ke,shen1|ke4,0.85,1
深化,shen|hua,shen1|hua4,0.85,1
深厚,shen|hou,shen1|hou4,0.85,1
深受,shen|shou,shen1|shou4,0.85,1
深处,shen|chu,shen1|chu4,0.85,1
深夜,shen|ye,shen1|ye4,0.85,1
深深,shen|shen,shen1|shen1,0.85,1
深烘焙,shen|hong|bei,shen1|hong1|bei4,0.86,1
深远,shen|yuan,shen1|yuan3,0.85,1
混乱,hun|luan,hun4|luan4,0.85,1
混凝土,hun|ning|tu,hun4|ning2|tu3,0.85,1
混合,hun|he,hun4|he2,0.85,1
混战,hun|zhan,hun4|zhan4,0.85,1
添加,tian|jia,tian1|jia1,0.85,1
添加剂,tian|jia|ji,tian1|jia1|ji4,0.85,1
清代,qing|dai,qing1|dai4,0.85,1
清兵,qing|bing,qing1|bing1,0.85,1
清军,qing|jun,qing1|jun1,0.85,1
清宫,qing|gong,qing1|gong1,0.85,1
清扫车,qing|sao|che,qing1|sao3|che1,0.86,1
清新,qing|xin,qing1|xin1,0.85,1
清晨,qing|chen,qing1|chen2,0.85,1
清晰,qing|xi,qing1|xi1,0.85,1
清朝,qing|chao,qing1|chao2,0.85,1
清末,qing|mo,qing1|mo4,0.85,1
清楚,qing|chu,qing1|chu3,0.85,1
清水,qing|shui,qing1|shui3,0.85,1
清洁,qing|jie,qing1|jie2,0.85,1
清洁刷,qing|jie|shua,qing1|jie2|shua1,0.86,1
清澈,qing|che,qing1|che4,0.85,1
清炖,qing|dun,qing1|dun4,0.85,1
清理,qing|li,qing1|li3,0.85,1
清蒸,qing|zheng,qing1|zheng1,0.85,1
清醒,qing|xing,qing1|xing3,0.85,1
清除,qing|chu,qing1|chu2,0.85,1
清障车,qing|zhang|che,qing1|zhang4|che1,0.85,1
清风,qing|feng,qing1|feng1,0.85,1
渐渐,jian|jian,jian4|jian4,0.85,1
渔业,yu|ye,yu2|ye4,0.85,1
渔民,yu|min,yu2|min2,0.85,1
渔港,yu|gang,yu2|gang3,0.86,1
渗透,shen|tou,shen4|tou4,0.85,1
渠道,qu|dao,qu2|dao4,0.85,1
渡过,du|guo,du4|guo4,0.85,1
温和,wen|he,wen1|he2,0.85,1
温带,wen|dai,wen1|dai4,0.85,1
温度,wen|du,wen1|du4,0.86,1
温度差,wen|du|cha,wen1|du4|cha4,0.86,1
温度表,wen|du|biao,wen1|du4|biao3,0.86,1
温度计,wen|du|ji,wen1|du4|ji4,0.86,1
温控器,wen|kong|qi,wen1|kong4|qi4,0.86,1
温控壶,wen|kong|hu,wen1|kong4|hu2,0.86,1
温控杯,wen|kong|bei,wen1|kong4|bei1,0.86,1
温暖,wen|nuan,wen1|nuan3,0.85,1
温杯器,wen|bei|qi,wen1|bei1|qi4,0.86,1
温柔,wen|rou,wen1|rou2,0.85,1
温热,wen|re,wen1|re4,0.86,1
港口,gang|kou,gang3|kou3,0.85,1
港湾区,gang|wan|qu,gang3|wan1|qu1,0.86,1
港澳,gang|ao,gang3|ao4,0.85,1
渴望,ke|wang,ke3|wang4,0.85,1
游击队,you|ji|dui,you2|ji1|dui4,0.85,1
游客,you|ke,you2|ke4,0.85,1
游戏,you|xi,you2|xi4,0.85,1
游泳,you|yong,you2|yong3,0.85,1
游牧,you|mu,you2|mu4,0.85,1
游行,you|xing,you2|xing2,0.85,1
游览,you|lan,you2|lan3,0.86,1
游览区,you|lan|qu,you2|lan3|qu1,0.86,1
游览车,you|lan|che,you2|lan3|che1,0.86,1
湖泊区,hu|bo|qu,hu2|bo2|qu1,0.86,1
湖面,hu|mian,hu2|mian4,0.85,1
湿地,shi|di,shi1|di4,0.85,1
湿地区,shi|di|qu,shi1|di4|qu1,0.86,1
湿润,shi|run,shi1|run4,0.85,1
源于,yuan|yu,yuan2|yu2,0.85,1
溶于,rong|yu,rong2|yu2,0.85,1
溶剂,rong|ji,rong2|ji4,0.85,1
溶液,rong|ye,rong2|ye4,0.85,1
溶解,rong|jie,rong2|jie3,0.85,1
滋味,zi|wei,zi1|wei4,0.85,1
滚滚,gun|gun,gun3|gun3,0.85,1
满冰量,man|bing|liang,man3|bing1|liang2,0.86,1
满意,man|yi,man3|yi4,0.85,1
满房,man|fang,man3|fang2,0.86,1
满珍珠,man|zhen|zhu,man3|zhen1|zhu1,0.86,1
满脸,man|lian,man3|lian3,0.85,1
满足,man|zu,man3|zu2,0.85,1
滤杯,l|bei,l4|bei1,0.86,1
滤纸,l|zhi,l4|zhi3,0.86,1
滤网,l|wang,l4|wang3,0.86,1
滥用,lan|yong,lan4|yong4,0.85,1
滨海道,bin|hai|dao,bin1|hai3|dao4,0.86,1
滴眼液,di|yan|ye,di1|yan3|ye4,0.86,1
漂亮,piao|liang,piao4|liang0,0.85,1
漆黑,qi|hei,qi1|hei1,0.85,1
演习,yan|xi,yan3|xi2,0.85,1
演出,yan|chu,yan3|chu1,0.85,1
演化,yan|hua,yan3|hua4,0.85,1
演变,yan|bian,yan3|bian4,0.85,1
演员,yan|yuan,yan3|yuan2,0.85,1
演唱,yan|chang,yan3|chang4,0.85,1
演奏,yan|zou,yan3|zou4,0.85,1
演练,yan|lian,yan3|lian4,0.85,1
演讲,yan|jiang,yan3|jiang3,0.85,1
演讲台,yan|jiang|tai,yan3|jiang3|tai2,0.86,1
演讲者,yan|jiang|zhe,yan3|jiang3|zhe3,0.86,1
漕运,cao|yun,cao2|yun4,0.85,1
漫长,man|chang,man4|chang2,0.85,1
漱口杯,shu|kou|bei,shu4|kou3|bei1,0.86,1
潜力,qian|li,qian2|li4,0.85,1
潜在,qian|zai,qian2|zai4,0.85,1
潜水,qian|shui,qian2|shui3,0.85,1
潜艇,qian|ting,qian2|ting3,0.85,1
潮流,chao|liu,chao2|liu2,0.85,1
潮湿,chao|shi,chao2|shi1,0.85,1
澳白,ao|bai,ao4|bai2,0.86,1
激光,ji|guang,ji1|guang1,0.85,1
激动,ji|dong,ji1|dong4,0.85,1
激励,ji|li,ji1|li4,0.85,1
激发,ji|fa,ji1|fa1,0.85,1
激情,ji|qing,ji1|qing2,0.85,1
激战,ji|zhan,ji1|zhan4,0.85,1
激昂,ji|ang,ji1|ang2,0.85,1
激活,ji|huo,ji1|huo2,0.86,1
激活剂,ji|huo|ji,ji1|huo2|ji4,0.86,1
激烈,ji|lie,ji1|lie4,0.85,1
激素,ji|su,ji1|su4,0.85,1
激起,ji|qi,ji1|qi3,0.85,1
瀑布,pu|bu,pu4|bu4,0.85,1
灌木,guan|mu,guan4|mu4,0.85,1
灌汤包,guan|tang|bao,guan4|tang1|bao1,0.86,1
灌溉,guan|gai,guan4|gai4,0.85,1
火光,huo|guang,huo3|guang1,0.85,1
火力,huo|li,huo3|li4,0.85,1
火器,huo|qi,huo3|qi4,0.85,1
火山,huo|shan,huo3|shan1,0.85,1
火把,huo|ba,huo3|ba3,0.85,1
火星,huo|xing,huo3|xing1,0.85,1
火炬,huo|ju,huo3|ju4,0.85,1
火炮,huo|pao,huo3|pao4,0.85,1
火烧,huo|shao,huo3|shao1,0.85,1
火焰,huo|yan,huo3|yan4,0.85,1
火箭,huo|jian,huo3|jian4,0.85,1
火药,huo|yao,huo3|yao4,0.85,1
火车,huo|che,huo3|che1,0.85,1
火车站,huo|che|zhan,huo3|che1|zhan4,0.86,1
火锅,huo|guo,huo3|guo1,0.85,1
灭亡,mie|wang,mie4|wang2,0.85,1
灭绝,mie|jue,mie4|jue2,0.85,1
灯光,deng|guang,deng1|guang1,0.85,1
灯光师,deng|guang|shi,deng1|guang1|shi1,0.86,1
灯光架,deng|guang|jia,deng1|guang1|jia4,0.86,1
灯塔,deng|ta,deng1|ta3,0.86,1
灯火,deng|huo,deng1|huo3,0.85,1
灯笼,deng|long,deng1|long0,0.85,1
灯箱牌,deng|xiang|pai,deng1|xiang1|pai2,0.86,1
灰度,hui|du,hui1|du4,0.86,1
灰色,hui|se,hui1|se4,0.85,1
灵活,ling|huo,ling2|huo2,0.85,1
灵魂,ling|hun,ling2|hun2,0.85,1
灾区,zai|qu,zai1|qu1,0.85,1
灾害,zai|hai,zai1|hai4,0.85,1
灾难,zai|nan,zai1|nan4,0.85,1
灿烂,can|lan,can4|lan4,0.85,1
炒河粉,chao|he|fen,chao3|he2|fen3,0.86,1
炒米,chao|mi,chao3|mi3,0.85,1
炒米粉,chao|mi|fen,chao3|mi3|fen3,0.86,1
炒菜,chao|cai,chao3|cai4,0.85,1
炮兵,pao|bing,pao4|bing1,0.85,1
炮塔,pao|ta,pao4|ta3,0.85,1
炮声,pao|sheng,pao4|sheng1,0.85,1
炮弹,pao|dan,pao4|dan4,0.85,1
炮火,pao|huo,pao4|huo3,0.85,1
炸弹,zha|dan,zha4|dan4,0.85,1
炸药,zha|yao,zha4|yao4,0.85,1
炸虾,zha|xia,zha4|xia1,0.86,1
炸酱面,zha|jiang|mian,zha4|jiang4|mian4,0.86,1
炸鸡,zha|ji,zha4|ji1,0.86,1
点亮,dian|liang,dian3|liang4,0.85,1
点儿,dian|er,dian3|er2,0.85,1
点单,dian|dan,dian3|dan1,0.9,1
点头,dian|tou,dian3|tou2,0.85,1
点滴,dian|di,dian3|di1,0.85,1
点点头,dian|dian|tou,dian3|dian3|tou2,0.85,1
点燃,dian|ran,dian3|ran2,0.85,1
点着,dian|zhao,dian3|zhao2,0.85,1
点评,dian|ping,dian3|ping2,0.85,1
点评人,dian|ping|ren,dian3|ping2|ren2,0.86,1
烈士,lie|shi,lie4|shi4,0.85,1
烘焙,hong|bei,hong1|bei4,0.85,1
烘焙度,hong|bei|du,hong1|bei4|du4,0.86,1
烟台,yan|tai,yan1|tai2,0.85,1
烟熏调,yan|xun|tiao,yan1|xun1|tiao2,0.86,1
烟草,yan|cao,yan1|cao3,0.85,1
烟雾,yan|wu,yan1|wu4,0.85,1
烤土豆,kao|tu|dou,kao3|tu3|dou4,0.86,1
烤玉米,kao|yu|mi,kao3|yu4|mi3,0.86,1
烤茄子,kao|qie|zi,kao3|qie2|zi0,0.86,1
烤鸡翅,kao|ji|chi,kao3|ji1|chi4,0.86,1
烦恼,fan|nao,fan2|nao3,0.85,1
烧毁,shao|hui,shao1|hui3,0.85,1
烧烤,shao|kao,shao1|kao3,0.85,1
烧饼,shao|bing,shao1|bing3,0.85,1
烧鹅,shao|e,shao1|e2,0.86,1
烫衣单,tang|yi|dan,tang4|yi1|dan1,0.86,1
热咖啡,re|ka|fei,re4|ka1|fei1,0.9,1
热处理,re|chu|li,re4|chu3|li3,0.86,1
热带,re|dai,re4|dai4,0.85,1
热干面,re|gan|mian,re4|gan1|mian4,0.86,1
热心,re|xin,re4|xin1,0.85,1
热情,re|qing,re4|qing2,0.85,1
热拿铁,re|na|tie,re4|na2|tie3,0.85,1
热敷袋,re|fu|dai,re4|fu1|dai4,0.86,1
热点,re|dian,re4|dian3,0.85,1
热烈,re|lie,re4|lie4,0.85,1
热爱,re|ai,re4|ai4,0.85,1
热狗包,re|gou|bao,re4|gou3|bao1,0.86,1
热美式,re|mei|shi,re4|mei3|shi4,0.85,1
热量,re|liang,re4|liang4,0.85,1
热门,re|men,re4|men2,0.85,1
热闹,re|nao,re4|nao4,0.85,1
热饮,re|yin,re4|yin3,0.86,1
烹制,peng|zhi,peng1|zhi4,0.85,1
焗面,ju|mian,ju2|mian4,0.86,1
焗饭,ju|fan,ju2|fan4,0.86,1
焦急,jiao|ji,jiao1|ji2,0.85,1
焦点,jiao|dian,jiao1|dian3,0.85,1
焦糖,jiao|tang,jiao1|tang2,0.86,1
焦糖浆,jiao|tang|jiang,jiao1|tang2|jiang1,0.86,1
焦糖香,jiao|tang|xiang,jiao1|tang2|xiang1,0.86,1
焦虑,jiao|l,jiao1|l4,0.85,1
然后,ran|hou,ran2|hou4,0.85,1
然而,ran|er,ran2|er2,0.85,1
煎饺,jian|jiao,jian1|jiao3,0.86,1
煤炭,mei|tan,mei2|tan4,0.85,1
煤矿,mei|kuang,mei2|kuang4,0.85,1
照例,zhao|li,zhao4|li4,0.85,1
照射,zhao|she,zhao4|she4,0.85,1
照料,zhao|liao,zhao4|liao4,0.85,1
照明,zhao|ming,zhao4|ming2,0.85,1
照样,zhao|yang,zhao4|yang4,0.85,1
照片,zhao|pian,zhao4|pian4,0.85,1
照顾,zhao|gu,zhao4|gu4,0.85,1
熔断,rong|duan,rong2|duan4,0.86,1
熔断器,rong|duan|qi,rong2|duan4|qi4,0.86,1
熔点,rong|dian,rong2|dian3,0.85,1
熟悉,shu|xi,shu2|xi1,0.85,1
熟练,shu|lian,shu2|lian4,0.85,1
熟豆,shu|dou,shu2|dou4,0.86,1
熨斗,yun|dou,yun4|dou4,0.86,1
熨衣板,yun|yi|ban,yun4|yi1|ban3,0.86,1
燃料,ran|liao,ran2|liao4,0.85,1
燃烧,ran|shao,ran2|shao1,0.85,1
燕麦,yan|mai,yan4|mai4,0.86,1
燕麦奶,yan|mai|nai,yan4|mai4|nai3,0.85,1
燕麦片,yan|mai|pian,yan4|mai4|pian4,0.86,1
燕麦粒,yan|mai|li,yan4|mai4|li4,0.86,1
燕麦草,yan|mai|cao,yan4|mai4|cao3,0.86,1
爆发,bao|fa,bao4|fa1,0.85,1
爆炸,bao|zha,bao4|zha4,0.85,1
爆爆珠,bao|bao|zhu,bao4|bao4|zhu1,0.86,1
爆米花,bao|mi|hua,bao4|mi3|hua1,0.85,1
爱好,ai|hao,ai4|hao4,0.85,1
爱心,ai|xin,ai4|xin1,0.85,1
爱情,ai|qing,ai4|qing2,0.85,1
爱玉冻,ai|yu|dong,ai4|yu4|dong4,0.86,1
父亲,fu|qin,fu4|qin1,0.85,1
父子,fu|zi,fu4|zi3,0.85,1
父母,fu|mu,fu4|mu3,0.85,1
爷爷,ye|ye,ye2|ye0,0.85,1
爸爸,ba|ba,ba4|ba0,0.85,1
爹爹,die|die,die1|die1,0.85,1
版图,ban|tu,ban3|tu2,0.85,1
版本,ban|ben,ban3|ben3,0.86,1
版本号,ban|ben|hao,ban3|ben3|hao4,0.86,1
牌坊,pai|fang,pai2|fang1,0.86,1
牌子,pai|zi,pai2|zi0,0.85,1
牌楼,pai|lou,pai2|lou2,0.85,1
牙刷杯,ya|shua|bei,ya2|shua1|bei1,0.86,1
牙齿,ya|chi,ya2|chi3,0.85,1
牛奶,niu|nai,niu2|nai3,0.85,1
牛排,niu|pai,niu2|pai2,0.86,1
牛肉,niu|rou,niu2|rou4,0.85,1
牛肉串,niu|rou|chuan,niu2|rou4|chuan4,0.86,1
牛肉面,niu|rou|mian,niu2|rou4|mian4,0.86,1
牛角,niu|jiao,niu2|jiao3,0.86,1
牛角包,niu|jiao|bao,niu2|jiao3|bao1,0.85,1
牢固,lao|gu,lao2|gu4,0.85,1
牢牢,lao|lao,lao2|lao2,0.85,1
牧场,mu|chang,mu4|chang3,0.86,1
物价,wu|jia,wu4|jia4,0.85,1
物体,wu|ti,wu4|ti3,0.85,1
物品,wu|pin,wu4|pin3,0.85,1
物流,wu|liu,wu4|liu2,0.85,1
物理,wu|li,wu4|li3,0.85,1
物理学,wu|li|xue,wu4|li3|xue2,0.85,1
物质,wu|zhi,wu4|zhi4,0.85,1
物资,wu|zi,wu4|zi1,0.85,1
牲畜,sheng|chu,sheng1|chu4,0.85,1
牵引,qian|yin,qian1|yin3,0.85,1
特产,te|chan,te4|chan3,0.86,1
特产品,te|chan|pin,te4|chan3|pin3,0.86,1
特别,te|bie,te4|bie2,0.85,1
特务,te|wu,te4|wu4,0.85,1
特区,te|qu,te4|qu1,0.85,1
特地,te|di,te4|di4,0.85,1
特定,te|ding,te4|ding4,0.85,1
特征,te|zheng,te4|zheng1,0.86,1
特征值,te|zheng|zhi,te4|zheng1|zhi2,0.86,1
特征工程,te|zheng|gong|cheng,te4|zheng1|gong1|cheng2,0.86,1
特征性,te|zheng|xing,te4|zheng1|xing4,0.86,1
特性,te|xing,te4|xing4,0.85,1
特意,te|yi,te4|yi4,0.85,1
特有,te|you,te4|you3,0.85,1
特权,te|quan,te4|quan2,0.85,1
特殊,te|shu,te4|shu1,0.85,1
特浓,te|nong,te4|nong2,0.86,1
特点,te|dian,te4|dian3,0.85,1
特种,te|zhong,te4|zhong3,0.85,1
特色,te|se,te4|se4,0.85,1
牺牲,xi|sheng,xi1|sheng1,0.85,1
犯人,fan|ren,fan4|ren2,0.85,1
犯罪,fan|zui,fan4|zui4,0.85,1
犯规,fan|gui,fan4|gui1,0.85,1
状元,zhuang|yuan,zhuang4|yuan2,0.85,1
状况,zhuang|kuang,zhuang4|kuang4,0.85,1
状态,zhuang|tai,zhuang4|tai4,0.85,1
犹如,you|ru,you2|ru2,0.85,1
犹豫,you|yu,you2|yu4,0.85,1
狠狠,hen|hen,hen3|hen3,0.85,1
狩猎,shou|lie,shou4|lie4,0.85,1
独具,du|ju,du2|ju4,0.85,1
独特,du|te,du2|te4,0.85,1
独立,du|li,du2|li4,0.85,1
独自,du|zi,du2|zi4,0.85,1
独裁,du|cai,du2|cai2,0.85,1
狭窄,xia|zhai,xia2|zhai3,0.85,1
狮子,shi|zi,shi1|zi0,0.85,1
狼狈,lang|bei,lang2|bei4,0.85,1
猛地,meng|di,meng3|di4,0.85,1
猛烈,meng|lie,meng3|lie4,0.85,1
猛然,meng|ran,meng3|ran2,0.85,1
猜想,cai|xiang,cai1|xiang3,0.85,1
猜测,cai|ce,cai1|ce4,0.85,1
猪排,zhu|pai,zhu1|pai2,0.86,1
猪肉,zhu|rou,zhu1|rou4,0.85,1
猫眼,mao|yan,mao1|yan3,0.86,1
献策,xian|ce,xian4|ce4,0.85,1
猴子,hou|zi,hou2|zi0,0.85,1
玄米茶,xuan|mi|cha,xuan2|mi3|cha2,0.86,1
率先,l|xian,l4|xian1,0.85,1
率领,shuai|ling,shuai4|ling3,0.85,1
玉器,yu|qi,yu4|qi4,0.85,1
王位,wang|wei,wang2|wei4,0.85,1
王室,wang|shi,wang2|shi4,0.85,1
王家,wang|jia,wang2|jia1,0.85,1
玛奇朵,ma|qi|duo,ma3|qi2|duo3,0.86,1
玛德琳,ma|de|lin,ma3|de2|lin2,0.86,1
玩具,wan|ju,wan2|ju4,0.85,1
玩笑,wan|xiao,wan2|xiao4,0.85,1
玫瑰,mei|gui,mei2|gui1,0.85,1
环保,huan|bao,huan2|bao3,0.85,1
环城线,huan|cheng|xian,huan2|cheng2|xian4,0.86,1
环境,huan|jing,huan2|jing4,0.85,1
环山线,huan|shan|xian,huan2|shan1|xian4,0.86,1
环岛,huan|dao,huan2|dao3,0.86,1
环湖线,huan|hu|xian,huan2|hu2|xian4,0.86,1
环线,huan|xian,huan2|xian4,0.85,1
环绕,huan|rao,huan2|rao4,0.85,1
环节,huan|jie,huan2|jie2,0.85,1
现今,xian|jin,xian4|jin1,0.85,1
现代,xian|dai,xian4|dai4,0.85,1
现代化,xian|dai|hua,xian4|dai4|hua4,0.85,1
现任,xian|ren,xian4|ren4,0.85,1
现在,xian|zai,xian4|zai4,0.85,1
现场,xian|chang,xian4|chang3,0.85,1
现存,xian|cun,xian4|cun2,0.85,1
现实,xian|shi,xian4|shi2,0.85,1
现已,xian|yi,xian4|yi3,0.85,1
现役,xian|yi,xian4|yi4,0.85,1
现有,xian|you,xian4|you3,0.85,1
现状,xian|zhuang,xian4|zhuang4,0.85,1
现行,xian|xing,xian4|xing2,0.85,1
现象,xian|xiang,xian4|xiang4,0.85,1
现金,xian|jin,xian4|jin1,0.85,1
玻璃,bo|li,bo1|li2,0.85,1
玻璃杯,bo|li|bei,bo1|li2|bei1,0.86,1
珊瑚,shan|hu,shan1|hu2,0.85,1
珍品,zhen|pin,zhen1|pin3,0.85,1
珍惜,zhen|xi,zhen1|xi1,0.85,1
珍珠,zhen|zhu,zhen1|zhu1,0.85,1
珍珠岩,zhen|zhu|yan,zhen1|zhu1|yan2,0.86,1
珍珠梅,zhen|zhu|mei,zhen1|zhu1|mei2,0.86,1
珍珠泉,zhen|zhu|quan,zhen1|zhu1|quan2,0.86,1
珍珠港,zhen|zhu|gang,zhen1|zhu1|gang3,0.86,1
珍珠白,zhen|zhu|bai,zhen1|zhu1|bai2,0.86,1
珍珠草,zhen|zhu|cao,zhen1|zhu1|cao3,0.86,1
珍珠贝,zhen|zhu|bei,zhen1|zhu1|bei4,0.86,1
珍稀,zhen|xi,zhen1|xi1,0.85,1
珍贵,zhen|gui,zhen1|gui4,0.85,1
班主任,ban|zhu|ren,ban1|zhu3|ren4,0.86,1
班子,ban|zi,ban1|zi3,0.85,1
班次,ban|ci,ban1|ci4,0.86,1
班线车,ban|xian|che,ban1|xian4|che1,0.85,1
班车,ban|che,ban1|che1,0.85,1
班长,ban|zhang,ban1|zhang3,0.85,1
球员,qiu|yuan,qiu2|yuan2,0.85,1
球场,qiu|chang,qiu2|chang3,0.85,1
球迷,qiu|mi,qiu2|mi2,0.85,1
球队,qiu|dui,qiu2|dui4,0.85,1
理会,li|hui,li3|hui4,0.85,1
理学,li|xue,li3|xue2,0.85,1
理应,li|ying,li3|ying4,0.85,1
理念,li|nian,li3|nian4,0.85,1
理性,li|xing,li3|xing4,0.85,1
理想,li|xiang,li3|xiang3,0.85,1
理智,li|zhi,li3|zhi4,0.85,1
理由,li|you,li3|you2,0.85,1
理疗,li|liao,li3|liao2,0.86,1
理疗床,li|liao|chuang,li3|liao2|chuang2,0.86,1
理解,li|jie,li3|jie3,0.85,1
理论,li|lun,li3|lun4,0.85,1
理财,li|cai,li3|cai2,0.85,1
琢磨,zhuo|mo,zhuo2|mo2,0.85,1
琵琶,pi|pa,pi2|pa0,0.85,1
瓦屋,wa|wu,wa3|wu1,0.85,1
瓷器,ci|qi,ci2|qi4,0.85,1
甘心,gan|xin,gan1|xin1,0.85,1
甘蔗,gan|zhe,gan1|zhe4,0.85,1
甚为,shen|wei,shen4|wei2,0.85,1
甚么,shen|me,shen4|me0,0.85,1
甚至,shen|zhi,shen4|zhi4,0.85,1
甜感,tian|gan,tian2|gan3,0.86,1
甜甜圈,tian|tian|quan,tian2|tian2|quan1,0.86,1
甜酒,tian|jiu,tian2|jiu3,0.85,1
生于,sheng|yu,sheng1|yu2,0.85,1
生产,sheng|chan,sheng1|chan3,0.85,1
生产力,sheng|chan|li,sheng1|chan3|li4,0.85,1
生产区,sheng|chan|qu,sheng1|chan3|qu1,0.86,1
生产者,sheng|chan|zhe,sheng1|chan3|zhe3,0.85,1
生出,sheng|chu,sheng1|chu1,0.85,1
生前,sheng|qian,sheng1|qian2,0.85,1
生动,sheng|dong,sheng1|dong4,0.85,1
生命,sheng|ming,sheng1|ming4,0.85,1
生存,sheng|cun,sheng1|cun2,0.85,1
生平,sheng|ping,sheng1|ping2,0.85,1
生态,sheng|tai,sheng1|tai4,0.85,1
生态区,sheng|tai|qu,sheng1|tai4|qu1,0.86,1
生怕,sheng|pa,sheng1|pa4,0.85,1
生意,sheng|yi,sheng1|yi4,0.85,1
生成,sheng|cheng,sheng1|cheng2,0.92,1
生效,sheng|xiao,sheng1|xiao4,0.85,1
生日,sheng|ri,sheng1|ri4,0.85,1
生死,sheng|si,sheng1|si3,0.85,1
生殖,sheng|zhi,sheng1|zhi2,0.85,1
生气,sheng|qi,sheng1|qi4,0.85,1
生活,sheng|huo,sheng1|huo2,0.85,1
生涯,sheng|ya,sheng1|ya2,0.85,1
生源,sheng|yuan,sheng1|yuan2,0.85,1
生煎包,sheng|jian|bao,sheng1|jian1|bao1,0.86,1
生物,sheng|wu,sheng1|wu4,0.85,1
生物学,sheng|wu|xue,sheng1|wu4|xue2,0.85,1
生理,sheng|li,sheng1|li3,0.85,1
生育,sheng|yu,sheng1|yu4,0.85,1
生豆,sheng|dou,sheng1|dou4,0.86,1
生长,sheng|zhang,sheng1|zhang3,0.85,1
用不着,yong|bu|zhe,yong4|bu4|zhe0,0.85,1
用于,yong|yu,yong4|yu2,0.85,1
用人,yong|ren,yong4|ren2,0.85,1
用以,yong|yi,yong4|yi3,0.85,1
用作,yong|zuo,yong4|zuo4,0.85,1
用力,yong|li,yong4|li4,0.85,1
用品,yong|pin,yong4|pin3,0.85,1
用心,yong|xin,yong4|xin1,0.85,1
用意,yong|yi,yong4|yi4,0.85,1
用户,yong|hu,yong4|hu4,0.85,1
用来,yong|lai,yong4|lai2,0.85,1
用水,yong|shui,yong4|shui3,0.85,1
用药,yong|yao,yong4|yao4,0.85,1
用途,yong|tu,yong4|tu2,0.85,1
田地,tian|di,tian2|di4,0.85,1
由于,you|yu,you2|yu2,0.85,1
由此,you|ci,you2|ci3,0.85,1
甲板,jia|ban,jia3|ban3,0.85,1
甲鱼,jia|yu,jia3|yu2,0.85,1
申诉,shen|su,shen1|su4,0.85,1
电信,dian|xin,dian4|xin4,0.85,1
电力,dian|li,dian4|li4,0.85,1
电压,dian|ya,dian4|ya1,0.85,1
电台,dian|tai,dian4|tai2,0.85,1
电器,dian|qi,dian4|qi4,0.85,1
电子,dian|zi,dian4|zi3,0.85,1
电子书,dian|zi|shu,dian4|zi3|shu1,0.85,1
电子票,dian|zi|piao,dian4|zi3|piao4,0.85,1
电子秤,dian|zi|cheng,dian4|zi3|cheng4,0.86,1
电容器,dian|rong|qi,dian4|rong2|qi4,0.86,1
电影,dian|ying,dian4|ying3,0.85,1
电报,dian|bao,dian4|bao4,0.85,1
电机,dian|ji,dian4|ji1,0.85,1
电梯,dian|ti,dian4|ti1,0.86,1
电梯卡,dian|ti|ka,dian4|ti1|ka3,0.86,1
电梯厅,dian|ti|ting,dian4|ti1|ting1,0.86,1
电气,dian|qi,dian4|qi4,0.85,1
电池,dian|chi,dian4|chi2,0.85,1
电池包,dian|chi|bao,dian4|chi2|bao1,0.86,1
电流,dian|liu,dian4|liu2,0.85,1
电源,dian|yuan,dian4|yuan2,0.85,1
电源箱,dian|yuan|xiang,dian4|yuan2|xiang1,0.86,1
电热壶,dian|re|hu,dian4|re4|hu2,0.86,1
电瓶车,dian|ping|che,dian4|ping2|che1,0.86,1
电磁,dian|ci,dian4|ci2,0.85,1
电缆槽,dian|lan|cao,dian4|lan3|cao2,0.86,1
电脑,dian|nao,dian4|nao3,0.85,1
电荷,dian|he,dian4|he4,0.85,1
电视,dian|shi,dian4|shi4,0.85,1
电视剧,dian|shi|ju,dian4|shi4|ju4,0.85,1
电视台,dian|shi|tai,dian4|shi4|tai2,0.85,1
电视柜,dian|shi|gui,dian4|shi4|gui4,0.86,1
电话,dian|hua,dian4|hua4,0.85,1
电话机,dian|hua|ji,dian4|hua4|ji1,0.86,1
电路,dian|lu,dian4|lu4,0.85,1
男人,nan|ren,nan2|ren2,0.85,1
男子,nan|zi,nan2|zi3,0.85,1
男孩,nan|hai,nan2|hai2,0.85,1
男性,nan|xing,nan2|xing4,0.85,1
画像,hua|xiang,hua4|xiang4,0.85,1
画家,hua|jia,hua4|jia1,0.85,1
画面,hua|mian,hua4|mian4,0.85,1
畅销,chang|xiao,chang4|xiao1,0.85,1
界限,jie|xian,jie4|xian4,0.85,1
畏惧,wei|ju,wei4|ju4,0.85,1
留下,liu|xia,liu2|xia4,0.85,1
留下来,liu|xia|lai,liu2|xia4|lai2,0.85,1
留在,liu|zai,liu2|zai4,0.85,1
留学,liu|xue,liu2|xue2,0.85,1
留意,liu|yi,liu2|yi4,0.85,1
留给,liu|gei,liu2|gei3,0.85,1
留置针,liu|zhi|zhen,liu2|zhi4|zhen1,0.86,1
留言板,liu|yan|ban,liu2|yan2|ban3,0.86,1
畜牧,xu|mu,xu4|mu4,0.85,1
畜牧业,xu|mu|ye,xu4|mu4|ye4,0.85,1
略有,le|you,le4|you3,0.85,1
畸形,ji|xing,ji1|xing2,0.85,1
疏散图,shu|san|tu,shu1|san4|tu2,0.86,1
疑心,yi|xin,yi2|xin1,0.85,1
疑惑,yi|huo,yi2|huo4,0.85,1
疑问,yi|wen,yi2|wen4,0.85,1
疑难,yi|nan,yi2|nan2,0.85,1
疗效,liao|xiao,liao2|xiao4,0.85,1
疗法,liao|fa,liao2|fa3,0.85,1
疫苗,yi|miao,yi4|miao2,0.86,1
疯狂,feng|kuang,feng1|kuang2,0.85,1
疲劳,pi|lao,pi2|lao2,0.85,1
疼痛,teng|tong,teng2|tong4,0.85,1
疾病,ji|bing,ji2|bing4,0.85,1
病人,bing|ren,bing4|ren2,0.85,1
病历,bing|li,bing4|li4,0.86,1
病历夹,bing|li|jia,bing4|li4|jia2,0.86,1
病历本,bing|li|ben,bing4|li4|ben3,0.86,1
病变,bing|bian,bing4|bian4,0.85,1
病因,bing|yin,bing4|yin1,0.85,1
病床,bing|chuang,bing4|chuang2,0.86,1
病情,bing|qing,bing4|qing2,0.85,1
病房,bing|fang,bing4|fang2,0.86,1
病毒,bing|du,bing4|du2,0.85,1
病理科,bing|li|ke,bing4|li3|ke1,0.86,1
症状,zheng|zhuang,zheng4|zhuang4,0.85,1
痕迹,hen|ji,hen2|ji4,0.85,1
痛哭,tong|ku,tong4|ku1,0.85,1
痛快,tong|kuai,tong4|kuai4,0.85,1
痛苦,tong|ku,tong4|ku3,0.85,1
癌症,ai|zheng,ai2|zheng4,0.85,1
登上,deng|shang,deng1|shang4,0.85,1
登时,deng|shi,deng1|shi2,0.85,1
登机,deng|ji,deng1|ji1,0.86,1
登机口,deng|ji|kou,deng1|ji1|kou3,0.86,1
登机牌,deng|ji|pai,deng1|ji1|pai2,0.86,1
登记,deng|ji,deng1|ji4,0.85,1
登记簿,deng|ji|bo,deng1|ji4|bo2,0.86,1
登陆,deng|lu,deng1|lu4,0.85,1
白切鸡,bai|qie|ji,bai2|qie4|ji1,0.86,1
白吐司,bai|tu|si,bai2|tu3|si1,0.86,1
白天,bai|tian,bai2|tian1,0.85,1
白珍珠,bai|zhen|zhu,bai2|zhen1|zhu1,0.86,1
白色,bai|se,bai2|se4,0.85,1
白衣,bai|yi,bai2|yi1,0.85,1
白鳍豚,bai|qi|tun,bai2|qi2|tun2,0.85,1
百姓,bai|xing,bai3|xing4,0.85,1
百官,bai|guan,bai3|guan1,0.85,1
百度,bai|du,bai3|du4,0.85,1
百花,bai|hua,bai3|hua1,0.85,1
百香冻,bai|xiang|dong,bai3|xiang1|dong4,0.86,1
的确,di|que,di2|que4,0.85,1
的话,de|hua,de0|hua4,0.85,1
皇上,huang|shang,huang2|shang0,0.85,1
皇位,huang|wei,huang2|wei4,0.85,1
皇后,huang|hou,huang2|hou4,0.85,1
皇城,huang|cheng,huang2|cheng2,0.85,1
皇太极,huang|tai|ji,huang2|tai4|ji2,0.85,1
皇室,huang|shi,huang2|shi4,0.85,1
皇宫,huang|gong,huang2|gong1,0.85,1
皇家,huang|jia,huang2|jia1,0.85,1
皇帝,huang|di,huang2|di4,0.85,1
皇权,huang|quan,huang2|quan2,0.85,1
皮子,pi|zi,pi2|zi3,0.85,1
皮肤,pi|fu,pi2|fu1,0.86,1
皮肤病,pi|fu|bing,pi2|fu1|bing4,0.86,1
皮肤癌,pi|fu|ai,pi2|fu1|ai2,0.86,1
皮肤科,pi|fu|ke,pi2|fu1|ke1,0.86,1
皮革,pi|ge,pi2|ge2,0.85,1
皮鞋,pi|xie,pi2|xie2,0.85,1
盆地,pen|di,pen2|di4,0.85,1
盈利,ying|li,ying2|li4,0.85,1
盈盈,ying|ying,ying2|ying2,0.85,1
盐水鸭,yan|shui|ya,yan2|shui3|ya1,0.86,1
监利,jian|li,jian1|li4,0.85,1
监察,jian|cha,jian1|cha2,0.85,1
监护仪,jian|hu|yi,jian1|hu4|yi2,0.86,1
监护室,jian|hu|shi,jian1|hu4|shi4,0.86,1
监控,jian|kong,jian1|kong4,0.86,1
监测,jian|ce,jian1|ce4,0.85,1
监狱,jian|yu,jian1|yu4,0.85,1
监督,jian|du,jian1|du1,0.85,1
监督权,jian|du|quan,jian1|du1|quan2,0.85,1
监管,jian|guan,jian1|guan3,0.85,1
监视,jian|shi,jian1|shi4,0.85,1
盒子,he|zi,he2|zi0,0.85,1
盘山路,pan|shan|lu,pan2|shan1|lu4,0.86,1
盛产,sheng|chan,sheng4|chan3,0.85,1
盛大,sheng|da,sheng4|da4,0.85,1
盛开,sheng|kai,sheng4|kai1,0.85,1
盛行,sheng|xing,sheng4|xing2,0.85,1
盥洗室,guan|xi|shi,guan4|xi3|shi4,0.86,1
目光,mu|guang,mu4|guang1,0.85,1
目前,mu|qian,mu4|qian2,0.85,1
目录,mu|lu,mu4|lu4,0.85,1
目标,mu|biao,mu4|biao1,0.85,1
目的地,mu|di|di,mu4|di4|di4,0.85,1
目睹,mu|du,mu4|du3,0.85,1
盲目,mang|mu,mang2|mu4,0.85,1
盲碗,mang|wan,mang2|wan3,0.86,1
直到,zhi|dao,zhi2|dao4,0.85,1
直升机,zhi|sheng|ji,zhi2|sheng1|ji1,0.85,1
直属,zhi|shu,zhi2|shu3,0.85,1
直径,zhi|jing,zhi2|jing4,0.85,1
直接,zhi|jie,zhi2|jie1,0.85,1
直播,zhi|bo,zhi2|bo1,0.85,1
直播间,zhi|bo|jian,zhi2|bo1|jian1,0.86,1
直线,zhi|xian,zhi2|xian4,0.85,1
直至,zhi|zhi,zhi2|zhi4,0.85,1
直行,zhi|xing,zhi2|xing2,0.86,1
直言,zhi|yan,zhi2|yan2,0.85,1
直辖,zhi|xia,zhi2|xia2,0.85,1
直辖市,zhi|xia|shi,zhi2|xia2|shi4,0.85,1
直达,zhi|da,zhi2|da2,0.85,1
直达车,zhi|da|che,zhi2|da2|che1,0.85,1
相互,xiang|hu,xiang1|hu4,0.85,1
相交,xiang|jiao,xiang1|jiao1,0.85,1
相会,xiang|hui,xiang1|hui4,0.85,1
相传,xiang|chuan,xiang1|chuan2,0.85,1
相似,xiang|si,xiang1|si4,0.85,1
相信,xiang|xin,xiang1|xin4,0.85,1
相关,xiang|guan,xiang1|guan1,0.85,1
相助,xiang|zhu,xiang1|zhu4,0.85,1
相反,xiang|fan,xiang1|fan3,0.85,1
相同,xiang|tong,xiang1|tong2,0.85,1
相处,xiang|chu,xiang1|chu3,0.85,1
相对,xiang|dui,xiang1|dui4,0.85,1
相差,xiang|cha,xiang1|cha4,0.85,1
相应,xiang|ying,xiang1|ying4,0.85,1
相当,xiang|dang,xiang1|dang1,0.85,1
相当于,xiang|dang|yu,xiang1|dang1|yu2,0.85,1
相接,xiang|jie,xiang1|jie1,0.85,1
相救,xiang|jiu,xiang1|jiu4,0.85,1
相比,xiang|bi,xiang1|bi3,0.85,1
相等,xiang|deng,xiang1|deng3,0.85,1
相继,xiang|ji,xiang1|ji4,0.85,1
相见,xiang|jian,xiang1|jian4,0.85,1
相识,xiang|shi,xiang1|shi2,0.85,1
相貌,xiang|mao,xiang4|mao4,0.85,1
相距,xiang|ju,xiang1|ju4,0.85,1
相近,xiang|jin,xiang1|jin4,0.85,1
相连,xiang|lian,xiang1|lian2,0.85,1
相通,xiang|tong,xiang1|tong1,0.85,1
相遇,xiang|yu,xiang1|yu4,0.85,1
盼望,pan|wang,pan4|wang4,0.85,1
省份,sheng|fen,sheng3|fen4,0.85,1
省会,sheng|hui,sheng3|hui4,0.85,1
省内,sheng|nei,sheng3|nei4,0.85,1
省区,sheng|qu,sheng3|qu1,0.85,1
省城,sheng|cheng,sheng3|cheng2,0.85,1
省外,sheng|wai,sheng3|wai4,0.85,1
省委,sheng|wei,sheng3|wei3,0.85,1
省政府,sheng|zheng|fu,sheng3|zheng4|fu3,0.85,1
省直,sheng|zhi,sheng3|zhi2,0.85,1
省级,sheng|ji,sheng3|ji2,0.85,1
省辖市,sheng|xia|shi,sheng3|xia2|shi4,0.85,1
省道线,sheng|dao|xian,sheng3|dao4|xian4,0.85,1
省长,sheng|zhang,sheng3|zhang3,0.85,1
眉头,mei|tou,mei2|tou2,0.85,1
眉毛,mei|mao,mei2|mao2,0.85,1
看上去,kan|shang|qu,kan4|shang4|qu4,0.85,1
看不到,kan|bu|dao,kan4|bu2|dao4,0.85,1
看似,kan|si,kan4|si4,0.85,1
看作,kan|zuo,kan4|zuo4,0.85,1
看出,kan|chu,kan4|chu1,0.85,1
看到,kan|dao,kan4|dao4,0.85,1
看好,kan|hao,kan4|hao3,0.85,1
看待,kan|dai,kan4|dai4,0.85,1
看成,kan|cheng,kan4|cheng2,0.85,1
看望,kan|wang,kan4|wang4,0.85,1
看来,kan|lai,kan4|lai2,0.85,1
看法,kan|fa,kan4|fa3,0.85,1
看清,kan|qing,kan4|qing1,0.85,1
看病,kan|bing,kan4|bing4,0.85,1
看看,kan|kan,kan4|kan4,0.85,1
看着,kan|zhe,kan4|zhe0,0.85,1
看见,kan|jian,kan4|jian4,0.85,1
看起来,kan|qi|lai,kan4|qi3|lai2,0.85,1
看过,kan|guo,kan4|guo4,0.85,1
看重,kan|zhong,kan4|zhong4,0.85,1
真实,zhen|shi,zhen1|shi2,0.85,1
真心,zhen|xin,zhen1|xin1,0.85,1
真是,zhen|shi,zhen1|shi4,0.85,1
真正,zhen|zheng,zhen1|zheng4,0.85,1
真理,zhen|li,zhen1|li3,0.85,1
真相,zhen|xiang,zhen1|xiang4,0.85,1
真空,zhen|kong,zhen1|kong1,0.85,1
真诚,zhen|cheng,zhen1|cheng2,0.85,1
眼下,yan|xia,yan3|xia4,0.85,1
眼中,yan|zhong,yan3|zhong1,0.85,1
眼光,yan|guang,yan3|guang1,0.85,1
眼前,yan|qian,yan3|qian2,0.85,1
眼泪,yan|lei,yan3|lei4,0.85,1
眼球,yan|qiu,yan3|qiu2,0.85,1
眼皮,yan|pi,yan3|pi2,0.85,1
眼看,yan|kan,yan3|kan4,0.85,1
眼眶,yan|kuang,yan3|kuang4,0.85,1
眼睛,yan|jing,yan3|jing1,0.85,1
眼神,yan|shen,yan3|shen2,0.85,1
眼科,yan|ke,yan3|ke1,0.86,1
眼色,yan|se,yan3|se4,0.85,1
眼见,yan|jian,yan3|jian4,0.85,1
眼里,yan|li,yan3|li3,0.85,1
眼镜,yan|jing,yan3|jing4,0.85,1
着实,zhuo|shi,zhuo2|shi2,0.85,1
着急,zhao|ji,zhao2|ji2,0.85,1
着手,zhuo|shou,zhuo2|shou3,0.85,1
着眼,zhuo|yan,zhuo2|yan3,0.85,1
着重,zhuo|zhong,zhuo2|zhong4,0.85,1
睡眠,shui|mian,shui4|mian2,0.85,1
睡着,shui|zhao,shui4|zhao2,0.85,1
睡觉,shui|jiao,shui4|jiao4,0.85,1
督察,du|cha,du1|cha2,0.85,1
瞄准,miao|zhun,miao2|zhun3,0.85,1
瞎子,xia|zi,xia1|zi3,0.85,1
瞧瞧,qiao|qiao,qiao2|qiao2,0.85,1
瞩目,zhu|mu,zhu3|mu4,0.85,1
瞬间,shun|jian,shun4|jian1,0.85,1
瞭望台,liao|wang|tai,liao4|wang4|tai2,0.86,1
瞻仰,zhan|yang,zhan1|yang3,0.85,1
矛盾,mao|dun,mao2|dun4,0.85,1
知县,zhi|xian,zhi1|xian4,0.85,1
知名,zhi|ming,zhi1|ming2,0.85,1
知府,zhi|fu,zhi1|fu3,0.85,1
知情书,zhi|qing|shu,zhi1|qing2|shu1,0.86,1
知晓,zhi|xiao,zhi1|xiao3,0.85,1
知觉,zhi|jue,zhi1|jue2,0.85,1
知识,zhi|shi,zhi1|shi0,0.85,1
知道,zhi|dao,zhi1|dao4,0.85,1
短信,duan|xin,duan3|xin4,0.85,1
短停区,duan|ting|qu,duan3|ting2|qu1,0.86,1
短暂,duan|zan,duan3|zan4,0.85,1
短期,duan|qi,duan3|qi1,0.85,1
短短,duan|duan,duan3|duan3,0.85,1
短笛,duan|di,duan3|di2,0.86,1
石化,shi|hua,shi2|hua4,0.85,1
石器,shi|qi,shi2|qi4,0.85,1
石壁,shi|bi,shi2|bi4,0.85,1
石头,shi|tou,shi2|tou0,0.85,1
石板路,shi|ban|lu,shi2|ban3|lu4,0.86,1
石油,shi|you,shi2|you2,0.85,1
石珍珠,shi|zhen|zhu,shi2|zhen1|zhu1,0.86,1
石碑,shi|bei,shi2|bei1,0.85,1
石窟,shi|ku,shi2|ku1,0.86,1
石膏,shi|gao,shi2|gao1,0.86,1
石门,shi|men,shi2|men2,0.85,1
石首,shi|shou,shi2|shou3,0.85,1
矿产,kuang|chan,kuang4|chan3,0.85,1
矿冶,kuang|ye,kuang4|ye3,0.85,1
矿山,kuang|shan,kuang4|shan1,0.85,1
矿床,kuang|chuang,kuang4|chuang2,0.85,1
矿泉水,kuang|quan|shui,kuang4|quan2|shui3,0.86,1
矿物,kuang|wu,kuang4|wu4,0.85,1
矿石,kuang|shi,kuang4|shi2,0.85,1
矿藏,kuang|cang,kuang4|cang2,0.85,1
码头,ma|tou,ma3|tou2,0.85,1
码头区,ma|tou|qu,ma3|tou2|qu1,0.86,1
砂土,sha|tu,sha1|tu3,0.85,1
研制,yan|zhi,yan2|zhi4,0.85,1
研发,yan|fa,yan2|fa1,0.85,1
研学线,yan|xue|xian,yan2|xue2|xian4,0.86,1
研磨,yan|mo,yan2|mo2,0.86,1
研磨度,yan|mo|du,yan2|mo2|du4,0.86,1
研究,yan|jiu,yan2|jiu1,0.85,1
研究员,yan|jiu|yuan,yan2|jiu1|yuan2,0.85,1
研究所,yan|jiu|suo,yan2|jiu1|suo3,0.85,1
研究生,yan|jiu|sheng,yan2|jiu1|sheng1,0.85,1
研究院,yan|jiu|yuan,yan2|jiu1|yuan4,0.85,1
研讨,yan|tao,yan2|tao3,0.85,1
研讨会,yan|tao|hui,yan2|tao3|hui4,0.85,1
破产,po|chan,po4|chan3,0.85,1
破坏,po|huai,po4|huai4,0.85,1
破裂,po|lie,po4|lie4,0.85,1
破译,po|yi,po4|yi4,0.85,1
硕士,shuo|shi,shuo4|shi4,0.85,1
硫酸,liu|suan,liu2|suan1,0.85,1
硬件,ying|jian,ying4|jian4,0.85,1
确保,que|bao,que4|bao3,0.85,1
确切,que|qie,que4|qie4,0.85,1
确定,que|ding,que4|ding4,0.85,1
确实,que|shi,que4|shi2,0.85,1
确有,que|you,que4|you3,0.85,1
确立,que|li,que4|li4,0.85,1
碰上,peng|shang,peng4|shang4,0.85,1
碰到,peng|dao,peng4|dao4,0.85,1
碰撞,peng|zhuang,peng4|zhuang4,0.85,1
碱水包,jian|shui|bao,jian3|shui3|bao1,0.9,1
磁场,ci|chang,ci2|chang3,0.85,1
磅蛋糕,bang|dan|gao,bang4|dan4|gao1,0.86,1
磕头,ke|tou,ke1|tou2,0.85,1
磨卡,mo|ka,mo2|ka3,0.35,1
磨盘,mo|pan,mo4|pan2,0.86,1
磨豆机,mo|dou|ji,mo2|dou4|ji1,0.86,1
示威,shi|wei,shi4|wei1,0.85,1
示意,shi|yi,shi4|yi4,0.85,1
示范,shi|fan,shi4|fan4,0.85,1
示范区,shi|fan|qu,shi4|fan4|qu1,0.85,1
示范县,shi|fan|xian,shi4|fan4|xian4,0.85,1
礼仪,li|yi,li3|yi2,0.85,1
礼仪组,li|yi|zu,li3|yi2|zu3,0.86,1
礼堂,li|tang,li3|tang2,0.85,1
礼宾,li|bin,li3|bin1,0.86,1
礼宾台,li|bin|tai,li3|bin1|tai2,0.86,1
礼宾员,li|bin|yuan,li3|bin1|yuan2,0.86,1
礼宾部,li|bin|bu,li3|bin1|bu4,0.86,1
礼物,li|wu,li3|wu4,0.85,1
礼貌,li|mao,li3|mao4,0.85,1
礼部,li|bu,li3|bu4,0.85,1
社会,she|hui,she4|hui4,0.85,1
社会学,she|hui|xue,she4|hui4|xue2,0.85,1
社区,she|qu,she4|qu1,0.85,1
社稷,she|ji,she4|ji4,0.85,1
社长,she|zhang,she4|zhang3,0.85,1
祖国,zu|guo,zu3|guo2,0.85,1
神仙,shen|xian,shen2|xian1,0.85,1
神内科,shen|nei|ke,shen2|nei4|ke1,0.86,1
神农架,shen|nong|jia,shen2|nong2|jia4,0.85,1
神功,shen|gong,shen2|gong1,0.85,1
神外科,shen|wai|ke,shen2|wai4|ke1,0.86,1
神奇,shen|qi,shen2|qi2,0.85,1
神态,shen|tai,shen2|tai4,0.85,1
神情,shen|qing,shen2|qing2,0.85,1
神气,shen|qi,shen2|qi4,0.85,1
神秘,shen|mi,shen2|mi4,0.85,1
神经,shen|jing,shen2|jing1,0.85,1
神经网络,shen|jing|wang|luo,shen2|jing1|wang3|luo4,0.86,1
神色,shen|se,shen2|se4,0.85,1
神话,shen|hua,shen2|hua4,0.85,1
票价,piao|jia,piao4|jia4,0.85,1
票务员,piao|wu|yuan,piao4|wu4|yuan2,0.85,1
票据,piao|ju,piao4|ju4,0.86,1
票据箱,piao|ju|xiang,piao4|ju4|xiang1,0.86,1
祭天,ji|tian,ji4|tian1,0.85,1
祭祀,ji|si,ji4|si4,0.85,1
禀报,bing|bao,bing3|bao4,0.85,1
禁不住,jin|bu|zhu,jin1|bu2|zhu4,0.85,1
禁停区,jin|ting|qu,jin4|ting2|qu1,0.85,1
禁区,jin|qu,jin4|qu1,0.85,1
禁地,jin|di,jin4|di4,0.85,1
禁止,jin|zhi,jin4|zhi3,0.85,1
离去,li|qu,li2|qu4,0.85,1
离婚,li|hun,li2|hun1,0.85,1
离子,li|zi,li2|zi3,0.85,1
离开,li|kai,li2|kai1,0.85,1
离心机,li|xin|ji,li2|xin1|ji1,0.86,1
离港屏,li|gang|ping,li2|gang3|ping2,0.86,1
离站,li|zhan,li2|zhan4,0.86,1
秀丽,xiu|li,xiu4|li4,0.85,1
秀才,xiu|cai,xiu4|cai2,0.85,1
私人,si|ren,si1|ren2,0.85,1
私信,si|xin,si1|xin4,0.85,1
私营,si|ying,si1|ying2,0.85,1
秋天,qiu|tian,qiu1|tian1,0.85,1
秋季,qiu|ji,qiu1|ji4,0.85,1
种子,zhong|zi,zhong3|zi0,0.85,1
种族,zhong|zu,zhong3|zu2,0.85,1
种植,zhong|zhi,zhong3|zhi2,0.85,1
种种,zhong|zhong,zhong3|zhong3,0.85,1
种类,zhong|lei,zhong3|lei4,0.85,1
科举,ke|ju,ke1|ju3,0.85,1
科学,ke|xue,ke1|xue2,0.85,1
科学家,ke|xue|jia,ke1|xue2|jia1,0.85,1
科学院,ke|xue|yuan,ke1|xue2|yuan4,0.85,1
科技,ke|ji,ke1|ji4,0.85,1
科技馆,ke|ji|guan,ke1|ji4|guan3,0.86,1
科目,ke|mu,ke1|mu4,0.85,1
科研,ke|yan,ke1|yan2,0.85,1
科长,ke|zhang,ke1|zhang3,0.85,1
秘书,mi|shu,mi4|shu1,0.85,1
秘书长,mi|shu|chang,mi4|shu1|chang2,0.85,1
秘密,mi|mi,mi4|mi4,0.85,1
租界,zu|jie,zu1|jie4,0.85,1
租赁点,zu|lin|dian,zu1|lin4|dian3,0.86,1
租车,zu|che,zu1|che1,0.85,1
秩序,zhi|xu,zhi4|xu4,0.85,1
积分,ji|fen,ji1|fen1,0.85,1
积极,ji|ji,ji1|ji2,0.85,1
积极性,ji|ji|xing,ji1|ji2|xing4,0.85,1
积温,ji|wen,ji1|wen1,0.85,1
积累,ji|lei,ji1|lei3,0.85,1
积蓄,ji|xu,ji1|xu4,0.85,1
积雪,ji|xue,ji1|xue3,0.85,1
称为,cheng|wei,cheng1|wei2,0.85,1
称之为,cheng|zhi|wei,cheng1|zhi1|wei4,0.85,1
称作,cheng|zuo,cheng1|zuo4,0.85,1
称号,cheng|hao,cheng1|hao4,0.85,1
称呼,cheng|hu,cheng1|hu0,0.85,1
称帝,cheng|di,cheng1|di4,0.85,1
称赞,cheng|zan,cheng1|zan4,0.85,1
移动,yi|dong,yi2|dong4,0.85,1
移居,yi|ju,yi2|ju1,0.85,1
移植,yi|zhi,yi2|zhi2,0.85,1
移民,yi|min,yi2|min2,0.85,1
稀有,xi|you,xi1|you3,0.85,1
程序,cheng|xu,cheng2|xu4,0.85,1
程度,cheng|du,cheng2|du4,0.85,1
稍微,shao|wei,shao1|wei1,0.85,1
稍稍,shao|shao,shao1|shao1,0.85,1
税务,shui|wu,shui4|wu4,0.85,1
税收,shui|shou,shui4|shou1,0.85,1
稳定,wen|ding,wen3|ding4,0.85,1
稳定性,wen|ding|xing,wen3|ding4|xing4,0.85,1
稳步,wen|bu,wen3|bu4,0.85,1
穴道,xue|dao,xue2|dao4,0.85,1
究竟,jiu|jing,jiu1|jing4,0.85,1
穷人,qiong|ren,qiong2|ren2,0.85,1
空中,kong|zhong,kong1|zhong1,0.85,1
空军,kong|jun,kong1|jun1,0.85,1
空前,kong|qian,kong1|qian2,0.85,1
空房,kong|fang,kong1|fang2,0.86,1
空气,kong|qi,kong1|qi4,0.85,1
空白,kong|bai,kong4|bai2,0.85,1
空调,kong|tiao,kong1|tiao2,0.86,1
空调器,kong|tiao|qi,kong1|tiao2|qi4,0.86,1
空运,kong|yun,kong1|yun4,0.85,1
空间,kong|jian,kong1|jian1,0.85,1
空降,kong|jiang,kong1|jiang4,0.85,1
穿衣镜,chuan|yi|jing,chuan1|yi1|jing4,0.86,1
穿越,chuan|yue,chuan1|yue4,0.85,1
穿过,chuan|guo,chuan1|guo4,0.85,1
突出,tu|chu,tu1|chu1,0.85,1
突击,tu|ji,tu1|ji1,0.85,1
突厥,tu|jue,tu1|jue2,0.85,1
突发,tu|fa,tu1|fa1,0.85,1
突围,tu|wei,tu1|wei2,0.85,1
突然,tu|ran,tu1|ran2,0.85,1
突破,tu|po,tu1|po4,0.85,1
窗口,chuang|kou,chuang1|kou3,0.85,1
窗外,chuang|wai,chuang1|wai4,0.85,1
窗帘,chuang|lian,chuang1|lian2,0.86,1
窗户,chuang|hu,chuang1|hu4,0.86,1
窗户纸,chuang|hu|zhi,chuang1|hu4|zhi3,0.86,1
立下,li|xia,li4|xia4,0.85,1
立交桥,li|jiao|qiao,li4|jiao1|qiao2,0.85,1
立体,li|ti,li4|ti3,0.85,1
立刻,li|ke,li4|ke4,0.85,1
立即,li|ji,li4|ji2,0.85,1
立场,li|chang,li4|chang3,0.85,1
立方,li|fang,li4|fang1,0.85,1
立时,li|shi,li4|shi2,0.85,1
立法,li|fa,li4|fa3,0.85,1
立足,li|zu,li4|zu2,0.85,1
站住,zhan|zhu,zhan4|zhu4,0.85,1
站务员,zhan|wu|yuan,zhan4|wu4|yuan2,0.85,1
站台,zhan|tai,zhan4|tai2,0.86,1
站台号,zhan|tai|hao,zhan4|tai2|hao4,0.86,1
站台屏,zhan|tai|ping,zhan4|tai2|ping2,0.85,1
站点,zhan|dian,zhan4|dian3,0.86,1
站点图,zhan|dian|tu,zhan4|dian3|tu2,0.86,1
站立,zhan|li,zhan4|li4,0.85,1
站长,zhan|zhang,zhan4|zhang3,0.85,1
竞争,jing|zheng,jing4|zheng1,0.85,1
竞争力,jing|zheng|li,jing4|zheng1|li4,0.85,1
竞赛,jing|sai,jing4|sai4,0.85,1
竞选,jing|xuan,jing4|xuan3,0.85,1
竟是,jing|shi,jing4|shi4,0.85,1
竟然,jing|ran,jing4|ran2,0.85,1
章程,zhang|cheng,zhang1|cheng2,0.85,1
竣工,jun|gong,jun4|gong1,0.85,1
竭力,jie|li,jie2|li4,0.85,1
端门,duan|men,duan1|men2,0.85,1
笑嘻嘻,xiao|xi|xi,xiao4|xi1|xi1,0.85,1
笑声,xiao|sheng,xiao4|sheng1,0.85,1
笑容,xiao|rong,xiao4|rong2,0.85,1
笑脸,xiao|lian,xiao4|lian3,0.85,1
笑话,xiao|hua,xiao4|hua4,0.85,1
笔架,bi|jia,bi3|jia4,0.85,1
笔架山,bi|jia|shan,bi3|jia4|shan1,0.85,1
笔者,bi|zhe,bi3|zhe3,0.85,1
笔记本,bi|ji|ben,bi3|ji4|ben3,0.85,1
符号,fu|hao,fu2|hao4,0.85,1
符合,fu|he,fu2|he2,0.85,1
笼罩,long|zhao,long3|zhao4,0.85,1
等于,deng|yu,deng3|yu2,0.85,1
等候,deng|hou,deng3|hou4,0.86,1
等候区,deng|hou|qu,deng3|hou4|qu1,0.86,1
等到,deng|dao,deng3|dao4,0.85,1
等待,deng|dai,deng3|dai4,0.85,1
等等,deng|deng,deng3|deng3,0.85,1
等级,deng|ji,deng3|ji2,0.85,1
等高线,deng|gao|xian,deng3|gao1|xian4,0.86,1
筑城,zhu|cheng,zhu4|cheng2,0.85,1
答复,da|fu,da2|fu4,0.85,1
答应,da|ying,da1|ying0,0.85,1
答案,da|an,da2|an4,0.85,1
答道,da|dao,da2|dao4,0.85,1
策划,ce|hua,ce4|hua4,0.85,1
策略,ce|le,ce4|le4,0.85,1
筷子,kuai|zi,kuai4|zi0,0.85,1
筹备,chou|bei,chou2|bei4,0.85,1
签到,qian|dao,qian1|dao4,0.86,1
签到台,qian|dao|tai,qian1|dao4|tai2,0.86,1
签到处,qian|dao|chu,qian1|dao4|chu4,0.86,1
签到簿,qian|dao|bo,qian1|dao4|bo2,0.86,1
签名,qian|ming,qian1|ming2,0.85,1
签名墙,qian|ming|qiang,qian1|ming2|qiang2,0.86,1
签字,qian|zi,qian1|zi4,0.85,1
签约,qian|yue,qian1|yue1,0.86,1
签约台,qian|yue|tai,qian1|yue1|tai2,0.86,1
签约国,qian|yue|guo,qian1|yue1|guo2,0.86,1
签署,qian|shu,qian1|shu3,0.85,1
签订,qian|ding,qian1|ding4,0.85,1
简介,jian|jie,jian3|jie4,0.85,1
简化,jian|hua,jian3|hua4,0.85,1
简单,jian|dan,jian3|dan1,0.85,1
简历,jian|li,jian3|li4,0.85,1
简直,jian|zhi,jian3|zhi2,0.85,1
简称,jian|cheng,jian3|cheng1,0.85,1
算力,suan|li,suan4|li4,0.86,1
算是,suan|shi,suan4|shi4,0.85,1
算术,suan|shu,suan4|shu4,0.85,1
管制,guan|zhi,guan3|zhi4,0.85,1
管家,guan|jia,guan3|jia1,0.85,1
管理,guan|li,guan3|li3,0.85,1
管理权,guan|li|quan,guan3|li3|quan2,0.85,1
管理者,guan|li|zhe,guan3|li3|zhe3,0.85,1
管理费,guan|li|fei,guan3|li3|fei4,0.86,1
管辖,guan|xia,guan3|xia2,0.85,1
管道,guan|dao,guan3|dao4,0.85,1
箱子,xiang|zi,xiang1|zi3,0.85,1
篮板,lan|ban,lan2|ban3,0.85,1
篮球,lan|qiu,lan2|qiu2,0.85,1
簇拥,cu|yong,cu4|yong1,0.85,1
类似,lei|si,lei4|si4,0.85,1
类别,lei|bie,lei4|bie2,0.85,1
类型,lei|xing,lei4|xing2,0.85,1
粉液比,fen|ye|bi,fen3|ye4|bi3,0.86,1
粉碎,fen|sui,fen3|sui4,0.85,1
粉碗,fen|wan,fen3|wan3,0.86,1
粒子,li|zi,li4|zi3,0.85,1
粗吸管,cu|xi|guan,cu1|xi1|guan3,0.86,1
粗大,cu|da,cu1|da4,0.85,1
粗糙,cu|cao,cu1|cao1,0.85,1
粮食,liang|shi,liang2|shi2,0.85,1
精力,jing|li,jing1|li4,0.85,1
精品,jing|pin,jing1|pin3,0.85,1
精密,jing|mi,jing1|mi4,0.85,1
精巧,jing|qiao,jing1|qiao3,0.85,1
精度,jing|du,jing1|du4,0.85,1
精彩,jing|cai,jing1|cai3,0.85,1
精心,jing|xin,jing1|xin1,0.85,1
精确,jing|que,jing1|que4,0.85,1
精神,jing|shen,jing1|shen2,0.85,1
精细,jing|xi,jing1|xi4,0.85,1
精美,jing|mei,jing1|mei3,0.85,1
精致,jing|zhi,jing1|zhi4,0.85,1
精英,jing|ying,jing1|ying1,0.85,1
精通,jing|tong,jing1|tong1,0.85,1
精锐,jing|rui,jing1|rui4,0.85,1
糊涂,hu|tu,hu2|tu2,0.85,1
糍粑,ci|ba,ci2|ba1,0.85,1
糖尿病,tang|niao|bing,tang2|niao4|bing4,0.85,1
糖浆泵,tang|jiang|beng,tang2|jiang1|beng4,0.86,1
糖霜圈,tang|shuang|quan,tang2|shuang1|quan1,0.86,1
糟糕,zao|gao,zao1|gao1,0.85,1
糯米,nuo|mi,nuo4|mi3,0.85,1
糯米团,nuo|mi|tuan,nuo4|mi3|tuan2,0.86,1
糯米饭,nuo|mi|fan,nuo4|mi3|fan4,0.85,1
系主任,xi|zhu|ren,xi4|zhu3|ren4,0.86,1
系列,xi|lie,xi4|lie4,0.85,1
系数,xi|shu,xi4|shu4,0.85,1
系统,xi|tong,xi4|tong3,0.85,1
紊乱,wen|luan,wen3|luan4,0.85,1
素有,su|you,su4|you3,0.85,1
素质,su|zhi,su4|zhi4,0.85,1
索性,suo|xing,suo3|xing4,0.85,1
索道,suo|dao,suo3|dao4,0.86,1
索道线,suo|dao|xian,suo3|dao4|xian4,0.86,1
索道车,suo|dao|che,suo3|dao4|che1,0.86,1
紧密,jin|mi,jin3|mi4,0.85,1
紧张,jin|zhang,jin3|zhang1,0.85,1
紧急,jin|ji,jin3|ji2,0.85,1
紧接着,jin|jie|zhe,jin3|jie1|zhe0,0.85,1
紧紧,jin|jin,jin3|jin3,0.85,1
紧迫,jin|po,jin3|po4,0.85,1
紧闭,jin|bi,jin3|bi4,0.85,1
紫色,zi|se,zi3|se4,0.85,1
紫薯包,zi|shu|bao,zi3|shu3|bao1,0.86,1
紫薯泥,zi|shu|ni,zi3|shu3|ni2,0.86,1
累计,lei|ji,lei3|ji4,0.85,1
繁华,fan|hua,fan2|hua2,0.85,1
繁多,fan|duo,fan2|duo1,0.85,1
繁忙,fan|mang,fan2|mang2,0.85,1
繁殖,fan|zhi,fan2|zhi2,0.85,1
繁琐,fan|suo,fan2|suo3,0.85,1
繁荣,fan|rong,fan2|rong2,0.85,1
繁衍,fan|yan,fan2|yan3,0.85,1
繁重,fan|zhong,fan2|zhong4,0.85,1
纠正,jiu|zheng,jiu1|zheng4,0.85,1
纠纷,jiu|fen,jiu1|fen1,0.85,1
纠缠,jiu|chan,jiu1|chan2,0.85,1
红丝绒,hong|si|rong,hong2|si1|rong2,0.86,1
红军,hong|jun,hong2|jun1,0.85,1
红墙,hong|qiang,hong2|qiang2,0.85,1
红烧,hong|shao,hong2|shao1,0.85,1
红色,hong|se,hong2|se4,0.85,1
红花,hong|hua,hong2|hua1,0.85,1
红薯,hong|shu,hong2|shu3,0.85,1
红豆,hong|dou,hong2|dou4,0.85,1
红豆冰,hong|dou|bing,hong2|dou4|bing1,0.86,1
红豆包,hong|dou|bao,hong2|dou4|bao1,0.86,1
红豆塔,hong|dou|ta,hong2|dou4|ta3,0.86,1
红豆杉,hong|dou|shan,hong2|dou4|shan1,0.86,1
红豆汤,hong|dou|tang,hong2|dou4|tang1,0.86,1
红豆粒,hong|dou|li,hong2|dou4|li4,0.86,1
纤维,xian|wei,xian1|wei2,0.85,1
纤维板,xian|wei|ban,xian1|wei2|ban3,0.85,1
纤维素,xian|wei|su,xian1|wei2|su4,0.85,1
约定,yue|ding,yue1|ding4,0.85,1
约束,yue|shu,yue1|shu4,0.85,1
级别,ji|bie,ji2|bie2,0.85,1
纪录,ji|lu,ji4|lu4,0.85,1
纪律,ji|l,ji4|l4,0.85,1
纪念,ji|nian,ji4|nian4,0.86,1
纪念品,ji|nian|pin,ji4|nian4|pin3,0.86,1
纪念地,ji|nian|di,ji4|nian4|di4,0.86,1
纪念室,ji|nian|shi,ji4|nian4|shi4,0.86,1
纪念币,ji|nian|bi,ji4|nian4|bi4,0.86,1
纪念性,ji|nian|xing,ji4|nian4|xing4,0.86,1
纪念日,ji|nian|ri,ji4|nian4|ri4,0.86,1
纪念物,ji|nian|wu,ji4|nian4|wu4,0.86,1
纪念碑,ji|nian|bei,ji4|nian4|bei1,0.86,1
纪念馆,ji|nian|guan,ji4|nian4|guan3,0.86,1
纪要,ji|yao,ji4|yao4,0.86,1
纯属,chun|shu,chun2|shu3,0.85,1
纯收入,chun|shou|ru,chun2|shou1|ru4,0.85,1
纯碱,chun|jian,chun2|jian3,0.85,1
纯粹,chun|cui,chun2|cui4,0.85,1
纱布卷,sha|bu|juan,sha1|bu4|juan4,0.86,1
纱帘,sha|lian,sha1|lian2,0.86,1
纲领,gang|ling,gang1|ling3,0.85,1
纳入,na|ru,na4|ru4,0.85,1
纵横,zong|heng,zong4|heng2,0.85,1
纵然,zong|ran,zong4|ran2,0.85,1
纵贯,zong|guan,zong4|guan4,0.85,1
纵身,zong|shen,zong4|shen1,0.85,1
纷纷,fen|fen,fen1|fen1,0.85,1
纸坊,zhi|fang,zhi3|fang1,0.85,1
纸杯,zhi|bei,zhi3|bei1,0.86,1
纺织,fang|zhi,fang3|zhi1,0.85,1
纺织品,fang|zhi|pin,fang3|zhi1|pin3,0.85,1
线性,xian|xing,xian4|xing4,0.85,1
线索,xian|suo,xian4|suo3,0.85,1
线路,xian|lu,xian4|lu4,0.85,1
线路图,xian|lu|tu,xian4|lu4|tu2,0.85,1
练习,lian|xi,lian4|xi2,0.85,1
组合,zu|he,zu3|he2,0.85,1
组建,zu|jian,zu3|jian4,0.85,1
组成,zu|cheng,zu3|cheng2,0.85,1
组织,zu|zhi,zu3|zhi1,0.85,1
组织法,zu|zhi|fa,zu3|zhi1|fa3,0.85,1
组长,zu|zhang,zu3|zhang3,0.85,1
细口壶,xi|kou|hu,xi4|kou3|hu2,0.86,1
细吸管,xi|xi|guan,xi4|xi1|guan3,0.86,1
细细,xi|xi,xi4|xi4,0.85,1
细胞,xi|bao,xi4|bao1,0.85,1
细致,xi|zhi,xi4|zhi4,0.85,1
细节,xi|jie,xi4|jie2,0.85,1
细菌,xi|jun,xi4|jun1,0.85,1
终于,zhong|yu,zhong1|yu2,0.85,1
终杯,zhong|bei,zhong1|bei1,0.35,1
终止,zhong|zhi,zhong1|zhi3,0.85,1
终点,zhong|dian,zhong1|dian3,0.86,1
终点站,zhong|dian|zhan,zhong1|dian3|zhan4,0.86,1
终究,zhong|jiu,zhong1|jiu1,0.85,1
终端,zhong|duan,zhong1|duan1,0.85,1
终身,zhong|shen,zhong1|shen1,0.85,1
经典,jing|dian,jing1|dian3,0.85,1
经历,jing|li,jing1|li4,0.85,1
经受,jing|shou,jing1|shou4,0.85,1
经常,jing|chang,jing1|chang2,0.85,1
经济,jing|ji,jing1|ji4,0.85,1
经济学,jing|ji|xue,jing1|ji4|xue2,0.85,1
经理,jing|li,jing1|li3,0.85,1
经营,jing|ying,jing1|ying2,0.85,1
经贸,jing|mao,jing1|mao4,0.85,1
经费,jing|fei,jing1|fei4,0.85,1
经过,jing|guo,jing1|guo4,0.85,1
经验,jing|yan,jing1|yan4,0.85,1
结合,jie|he,jie2|he2,0.85,1
结合点,jie|he|dian,jie2|he2|dian3,0.86,1
结婚,jie|hun,jie2|hun1,0.85,1
结实,jie|shi,jie1|shi0,0.85,1
结局,jie|ju,jie2|ju2,0.85,1
结成,jie|cheng,jie2|cheng2,0.85,1
结晶,jie|jing,jie2|jing1,0.85,1
结束,jie|shu,jie2|shu4,0.85,1
结构,jie|gou,jie2|gou4,0.85,1
结果,jie|guo,jie2|guo3,0.85,1
结算,jie|suan,jie2|suan4,0.85,1
结论,jie|lun,jie2|lun4,0.85,1
结账,jie|zhang,jie2|zhang4,0.85,1
绕行,rao|xing,rao4|xing2,0.86,1
绕过,rao|guo,rao4|guo4,0.85,1
绘画,hui|hua,hui4|hua4,0.85,1
给予,ji|yu,ji3|yu3,0.85,1
给出,gei|chu,gei3|chu1,0.85,1
绝不,jue|bu,jue2|bu4,0.85,1
绝对,jue|dui,jue2|dui4,0.85,1
绝望,jue|wang,jue2|wang4,0.85,1
统一,tong|yi,tong3|yi1,0.85,1
统帅,tong|shuai,tong3|shuai4,0.85,1
统治,tong|zhi,tong3|zhi4,0.85,1
统治者,tong|zhi|zhe,tong3|zhi4|zhe3,0.85,1
统率,tong|shuai,tong3|shuai4,0.85,1
统称,tong|cheng,tong3|cheng1,0.85,1
统计,tong|ji,tong3|ji4,0.85,1
统领,tong|ling,tong3|ling3,0.85,1
继位,ji|wei,ji4|wei4,0.85,1
继承,ji|cheng,ji4|cheng2,0.85,1
继续,ji|xu,ji4|xu4,0.85,1
续住,xu|zhu,xu4|zhu4,0.86,1
续住单,xu|zhu|dan,xu4|zhu4|dan1,0.86,1
续住费,xu|zhu|fei,xu4|zhu4|fei4,0.86,1
绳子,sheng|zi,sheng2|zi0,0.85,1
绳索,sheng|suo,sheng2|suo3,0.85,1
维保站,wei|bao|zhan,wei2|bao3|zhan4,0.85,1
维修,wei|xiu,wei2|xiu1,0.85,1
维护,wei|hu,wei2|hu4,0.85,1
维持,wei|chi,wei2|chi2,0.85,1
绵延,mian|yan,mian2|yan2,0.85,1
绷带卷,beng|dai|juan,beng1|dai4|juan4,0.86,1
综合,zong|he,zong1|he2,0.85,1
综合性,zong|he|xing,zong1|he2|xing4,0.85,1
绿化,l|hua,l4|hua4,0.85,1
绿色,l|se,l4|se4,0.85,1
绿萼,l|e,l4|e4,0.85,1
绿豆,l|dou,l4|dou4,0.85,1
绿豆粒,l|dou|li,l4|dou4|li4,0.86,1
绿豆饼,l|dou|bing,l4|dou4|bing3,0.86,1
绿道,l|dao,l4|dao4,0.86,1
缆索线,lan|suo|xian,lan3|suo3|xian4,0.86,1
缆车,lan|che,lan3|che1,0.86,1
缓冲区,huan|chong|qu,huan3|chong1|qu1,0.86,1
缓和,huan|he,huan3|he2,0.85,1
缓存,huan|cun,huan3|cun2,0.86,1
缓慢,huan|man,huan3|man4,0.85,1
缓缓,huan|huan,huan3|huan3,0.85,1
缓解,huan|jie,huan3|jie3,0.85,1
缔结,di|jie,di4|jie2,0.85,1
编写,bian|xie,bian1|xie3,0.85,1
编制,bian|zhi,bian1|zhi4,0.85,1
编成,bian|cheng,bian1|cheng2,0.85,1
编码,bian|ma,bian1|ma3,0.86,1
编码器,bian|ma|qi,bian1|ma3|qi4,0.86,1
编辑,bian|ji,bian1|ji2,0.85,1
编辑者,bian|ji|zhe,bian1|ji2|zhe3,0.85,1
编钟,bian|zhong,bian1|zhong1,0.85,1
缘故,yuan|gu,yuan2|gu4,0.85,1
缩小,suo|xiao,suo1|xiao3,0.85,1
缩短,suo|duan,suo1|duan3,0.85,1
缺乏,que|fa,que1|fa2,0.85,1
缺口,que|kou,que1|kou3,0.85,1
缺少,que|shao,que1|shao3,0.85,1
缺点,que|dian,que1|dian3,0.85,1
缺陷,que|xian,que1|xian4,0.85,1
罐子,guan|zi,guan4|zi3,0.85,1
网上,wang|shang,wang3|shang4,0.85,1
网友,wang|you,wang3|you3,0.85,1
网民,wang|min,wang3|min2,0.85,1
网站,wang|zhan,wang3|zhan4,0.85,1
网约车,wang|yue|che,wang3|yue1|che1,0.86,1
网线,wang|xian,wang3|xian4,0.86,1
网络,wang|luo,wang3|luo4,0.85,1
网络柜,wang|luo|gui,wang3|luo4|gui4,0.86,1
网页,wang|ye,wang3|ye4,0.85,1
罕见,han|jian,han3|jian4,0.85,1
罗宋汤,luo|song|tang,luo2|song4|tang1,0.86,1
罚单,fa|dan,fa2|dan1,0.86,1
罚款,fa|kuan,fa2|kuan3,0.85,1
罢免,ba|mian,ba4|mian3,0.85,1
罢工,ba|gong,ba4|gong1,0.85,1
罪名,zui|ming,zui4|ming2,0.85,1
罪恶,zui|e,zui4|e4,0.85,1
罪行,zui|xing,zui4|xing2,0.85,1
置于,zhi|yu,zhi4|yu2,0.85,1
羁縻,ji|mi,ji1|mi2,0.85,1
羊皮,yang|pi,yang2|pi2,0.85,1
羊肉,yang|rou,yang2|rou4,0.85,1
羊肉串,yang|rou|chuan,yang2|rou4|chuan4,0.86,1
美元,mei|yuan,mei3|yuan2,0.85,1
美军,mei|jun,mei3|jun1,0.85,1
美好,mei|hao,mei3|hao3,0.85,1
美学,mei|xue,mei3|xue2,0.85,1
美式,mei|shi,mei3|shi4,0.85,1
美是,mei|shi,mei3|shi4,0.35,1
美术,mei|shu,mei3|shu4,0.85,1
美术馆,mei|shu|guan,mei3|shu4|guan3,0.86,1
美誉,mei|yu,mei3|yu4,0.85,1
美食,mei|shi,mei3|shi2,0.85,1
羡慕,xian|mu,xian4|mu4,0.85,1
群众,qun|zhong,qun2|zhong4,0.85,1
群众性,qun|zhong|xing,qun2|zhong4|xing4,0.85,1
群体,qun|ti,qun2|ti3,0.85,1
群岛,qun|dao,qun2|dao3,0.85,1
群臣,qun|chen,qun2|chen2,0.85,1
群雄,qun|xiong,qun2|xiong2,0.85,1
翅膀,chi|bang,chi4|bang3,0.85,1
翌年,yi|nian,yi4|nian2,0.85,1
翻修,fan|xiu,fan1|xiu1,0.85,1
翻译,fan|yi,fan1|yi4,0.85,1
翻身,fan|shen,fan1|shen1,0.85,1
耀眼,yao|yan,yao4|yan3,0.85,1
老人,lao|ren,lao3|ren2,0.86,1
老人家,lao|ren|jia,lao3|ren2|jia1,0.86,1
老人票,lao|ren|piao,lao3|ren2|piao4,0.86,1
老兄,lao|xiong,lao3|xiong1,0.85,1
老大,lao|da,lao3|da4,0.85,1
老头,lao|tou,lao3|tou2,0.85,1
老头子,lao|tou|zi,lao3|tou2|zi0,0.85,1
老婆,lao|po,lao3|po2,0.85,1
老婆饼,lao|po|bing,lao3|po2|bing3,0.86,1
老子,lao|zi,lao3|zi3,0.85,1
老实,lao|shi,lao3|shi2,0.85,1
老家,lao|jia,lao3|jia1,0.85,1
老师,lao|shi,lao3|shi1,0.85,1
老板,lao|ban,lao3|ban3,0.85,1
老火汤,lao|huo|tang,lao3|huo3|tang1,0.86,1
老爷,lao|ye,lao3|ye2,0.85,1
老百姓,lao|bai|xing,lao3|bai3|xing4,0.85,1
老者,lao|zhe,lao3|zhe3,0.85,1
老鼠,lao|shu,lao3|shu3,0.85,1
考古,kao|gu,kao3|gu3,0.85,1
考察,kao|cha,kao3|cha2,0.85,1
考核,kao|he,kao3|he2,0.85,1
考生,kao|sheng,kao3|sheng1,0.85,1
考研,kao|yan,kao3|yan2,0.85,1
考虑,kao|l,kao3|l4,0.85,1
考证,kao|zheng,kao3|zheng4,0.85,1
考试,kao|shi,kao3|shi4,0.85,1
考验,kao|yan,kao3|yan4,0.85,1
而且,er|qie,er2|qie3,0.85,1
而后,er|hou,er2|hou4,0.85,1
而已,er|yi,er2|yi3,0.85,1
而是,er|shi,er2|shi4,0.85,1
而立,er|li,er2|li4,0.85,1
而言,er|yan,er2|yan2,0.85,1
而论,er|lun,er2|lun4,0.85,1
耐心,nai|xin,nai4|xin1,0.85,1
耕作,geng|zuo,geng1|zuo4,0.85,1
耕地,geng|di,geng1|di4,0.85,1
耕种,geng|zhong,geng1|zhong4,0.85,1
耗费,hao|fei,hao4|fei4,0.85,1
耳光,er|guang,er3|guang1,0.85,1
耳朵,er|duo,er3|duo0,0.85,1
耳机,er|ji,er3|ji1,0.86,1
耳边,er|bian,er3|bian1,0.85,1
耳鼻喉,er|bi|hou,er3|bi2|hou2,0.86,1
耽搁,dan|ge,dan1|ge1,0.85,1
耽误,dan|wu,dan1|wu4,0.85,1
职业,zhi|ye,zhi2|ye4,0.85,1
职位,zhi|wei,zhi2|wei4,0.85,1
职务,zhi|wu,zhi2|wu4,0.85,1
职司,zhi|si,zhi2|si1,0.85,1
职员,zhi|yuan,zhi2|yuan2,0.85,1
职工,zhi|gong,zhi2|gong1,0.85,1
职权,zhi|quan,zhi2|quan2,0.85,1
职称,zhi|cheng,zhi2|cheng1,0.85,1
职能,zhi|neng,zhi2|neng2,0.85,1
职责,zhi|ze,zhi2|ze2,0.85,1
联军,lian|jun,lian2|jun1,0.85,1
联合,lian|he,lian2|he2,0.85,1
联名,lian|ming,lian2|ming2,0.85,1
联想,lian|xiang,lian2|xiang3,0.85,1
联手,lian|shou,lian2|shou3,0.85,1
联盟,lian|meng,lian2|meng2,0.85,1
联系,lian|xi,lian2|xi4,0.85,1
联络,lian|luo,lian2|luo4,0.85,1
联络单,lian|luo|dan,lian2|luo4|dan1,0.86,1
联络员,lian|luo|yuan,lian2|luo4|yuan2,0.86,1
联络线,lian|luo|xian,lian2|luo4|xian4,0.85,1
联调,lian|tiao,lian2|tiao2,0.9,1
联赛,lian|sai,lian2|sai4,0.85,1
联运站,lian|yun|zhan,lian2|yun4|zhan4,0.86,1
联邦,lian|bang,lian2|bang1,0.85,1
联队,lian|dui,lian2|dui4,0.85,1
聚会,ju|hui,ju4|hui4,0.85,1
聚合,ju|he,ju4|he2,0.85,1
聚居,ju|ju,ju4|ju1,0.85,1
聚集,ju|ji,ju4|ji2,0.85,1
聪明,cong|ming,cong1|ming0,0.85,1
肆意,si|yi,si4|yi4,0.85,1
肉夹馍,rou|jia|mo,rou4|jia2|mo2,0.86,1
肉松饼,rou|song|bing,rou4|song1|bing3,0.86,1
肉桂卷,rou|gui|juan,rou4|gui4|juan4,0.86,1
肌肉,ji|rou,ji1|rou4,0.85,1
肌肤,ji|fu,ji1|fu1,0.85,1
肚子,du|zi,du4|zi3,0.85,1
肝脏,gan|zang,gan1|zang1,0.85,1
肠子,chang|zi,chang2|zi3,0.85,1
肠镜,chang|jing,chang2|jing4,0.86,1
股东,gu|dong,gu3|dong1,0.85,1
股价,gu|jia,gu3|jia4,0.85,1
股份,gu|fen,gu3|fen4,0.85,1
股市,gu|shi,gu3|shi4,0.85,1
股本,gu|ben,gu3|ben3,0.85,1
股权,gu|quan,gu3|quan2,0.85,1
股票,gu|piao,gu3|piao4,0.85,1
肢体,zhi|ti,zhi1|ti3,0.85,1
肥料,fei|liao,fei2|liao4,0.85,1
肥沃,fei|wo,fei2|wo4,0.85,1
肩上,jian|shang,jian1|shang4,0.85,1
肩头,jian|tou,jian1|tou2,0.85,1
肩膀,jian|bang,jian1|bang3,0.85,1
肯定,ken|ding,ken3|ding4,0.85,1
育才,yu|cai,yu4|cai2,0.85,1
肾内科,shen|nei|ke,shen4|nei4|ke1,0.86,1
肿瘤,zhong|liu,zhong3|liu2,0.85,1
肿瘤科,zhong|liu|ke,zhong3|liu2|ke1,0.86,1
胃镜,wei|jing,wei4|jing4,0.86,1
胆子,dan|zi,dan3|zi3,0.85,1
背上,bei|shang,bei4|shang4,0.85,1
背叛,bei|pan,bei4|pan4,0.85,1
背后,bei|hou,bei4|hou4,0.85,1
背影,bei|ying,bei4|ying3,0.85,1
背心,bei|xin,bei4|xin1,0.85,1
背景,bei|jing,bei4|jing3,0.85,1
背景板,bei|jing|ban,bei4|jing3|ban3,0.86,1
背部,bei|bu,bei4|bu4,0.85,1
背面,bei|mian,bei4|mian4,0.85,1
胎儿,tai|er,tai1|er2,0.85,1
胖子,pang|zi,pang4|zi0,0.85,1
胜利,sheng|li,sheng4|li4,0.85,1
胜地,sheng|di,sheng4|di4,0.85,1
胜负,sheng|fu,sheng4|fu4,0.85,1
胜过,sheng|guo,sheng4|guo4,0.85,1
胜迹,sheng|ji,sheng4|ji4,0.85,1
胡乱,hu|luan,hu2|luan4,0.85,1
胡说,hu|shuo,hu2|shuo1,0.85,1
胳膊,ge|bo,ge1|bo0,0.85,1
胶囊,jiao|nang,jiao1|nang2,0.86,1
胸前,xiong|qian,xiong1|qian2,0.85,1
胸口,xiong|kou,xiong1|kou3,0.85,1
胸外科,xiong|wai|ke,xiong1|wai4|ke1,0.86,1
胸牌,xiong|pai,xiong1|pai2,0.86,1
胸膛,xiong|tang,xiong1|tang2,0.85,1
能力,neng|li,neng2|li4,0.85,1
能否,neng|fou,neng2|fou3,0.85,1
能够,neng|gou,neng2|gou4,0.85,1
能源,neng|yuan,neng2|yuan2,0.85,1
能量,neng|liang,neng2|liang4,0.85,1
脂肪,zhi|fang,zhi1|fang2,0.85,1
脆啵啵,cui|bo|bo,cui4|bo0|bo0,0.86,1
脉冲,mai|chong,mai4|chong1,0.85,1
脑子,nao|zi,nao3|zi3,0.85,1
脑海,nao|hai,nao3|hai3,0.85,1
脑电图,nao|dian|tu,nao3|dian4|tu2,0.86,1
脑袋,nao|dai,nao3|dai4,0.85,1
脖子,bo|zi,bo2|zi0,0.85,1
脚下,jiao|xia,jiao3|xia4,0.85,1
脚本,jiao|ben,jiao3|ben3,0.85,1
脚步,jiao|bu,jiao3|bu4,0.85,1
脚步声,jiao|bu|sheng,jiao3|bu4|sheng1,0.85,1
脱手,tuo|shou,tuo1|shou3,0.85,1
脱离,tuo|li,tuo1|li2,0.85,1
脱脂,tuo|zhi,tuo1|zhi1,0.86,1
脱脂奶,tuo|zhi|nai,tuo1|zhi1|nai3,0.85,1
脱身,tuo|shen,tuo1|shen1,0.85,1
脸上,lian|shang,lian3|shang4,0.85,1
脸色,lian|se,lian3|se4,0.85,1
脸颊,lian|jia,lian3|jia2,0.85,1
脾气,pi|qi,pi2|qi4,0.85,1
腊肉,la|rou,la4|rou4,0.85,1
腐蚀,fu|shi,fu3|shi2,0.85,1
腐败,fu|bai,fu3|bai4,0.85,1
腕带,wan|dai,wan4|dai4,0.86,1
腰间,yao|jian,yao1|jian1,0.85,1
腹中,fu|zhong,fu4|zhong1,0.85,1
腹地,fu|di,fu4|di4,0.85,1
腹部,fu|bu,fu4|bu4,0.85,1
膝盖,xi|gai,xi1|gai4,0.85,1
膨胀,peng|zhang,peng2|zhang4,0.85,1
臣民,chen|min,chen2|min2,0.85,1
自主,zi|zhu,zi4|zhu3,0.85,1
自从,zi|cong,zi4|cong2,0.85,1
自信,zi|xin,zi4|xin4,0.85,1
自动,zi|dong,zi4|dong4,0.85,1
自动化,zi|dong|hua,zi4|dong4|hua4,0.85,1
自卫,zi|wei,zi4|wei4,0.85,1
自卫队,zi|wei|dui,zi4|wei4|dui4,0.85,1
自发,zi|fa,zi4|fa1,0.85,1
自取,zi|qu,zi4|qu3,0.9,1
自古,zi|gu,zi4|gu3,0.85,1
自学,zi|xue,zi4|xue2,0.85,1
自家,zi|jia,zi4|jia1,0.85,1
自尽,zi|jin,zi4|jin4,0.85,1
自己,zi|ji,zi4|ji3,0.85,1
自带,zi|dai,zi4|dai4,0.85,1
自幼,zi|you,zi4|you4,0.85,1
自愿,zi|yuan,zi4|yuan4,0.85,1
自成,zi|cheng,zi4|cheng2,0.85,1
自我,zi|wo,zi4|wo3,0.85,1
自有,zi|you,zi4|you3,0.85,1
自杀,zi|sha,zi4|sha1,0.85,1
自此,zi|ci,zi4|ci3,0.85,1
自治,zi|zhi,zi4|zhi4,0.85,1
自治区,zi|zhi|qu,zi4|zhi4|qu1,0.85,1
自治权,zi|zhi|quan,zi4|zhi4|quan2,0.85,1
自然,zi|ran,zi4|ran2,0.85,1
自然界,zi|ran|jie,zi4|ran2|jie4,0.85,1
自由,zi|you,zi4|you2,0.85,1
自由人,zi|you|ren,zi4|you2|ren2,0.85,1
自由行,zi|you|xing,zi4|you2|xing2,0.9,1
自知,zi|zhi,zi4|zhi1,0.85,1
自称,zi|cheng,zi4|cheng1,0.85,1
自立,zi|li,zi4|li4,0.85,1
自行,zi|xing,zi4|xing2,0.85,1
自行车,zi|xing|che,zi4|xing2|che1,0.85,1
自觉,zi|jue,zi4|jue2,0.85,1
自费,zi|fei,zi4|fei4,0.86,1
自身,zi|shen,zi4|shen1,0.85,1
自驾线,zi|jia|xian,zi4|jia4|xian4,0.86,1
至于,zhi|yu,zhi4|yu2,0.85,1
至今,zhi|jin,zhi4|jin1,0.85,1
至尊,zhi|zun,zhi4|zun1,0.85,1
至少,zhi|shao,zhi4|shao3,0.85,1
至此,zhi|ci,zhi4|ci3,0.85,1
致使,zhi|shi,zhi4|shi3,0.85,1
致力,zhi|li,zhi4|li4,0.85,1
致命,zhi|ming,zhi4|ming4,0.85,1
致富,zhi|fu,zhi4|fu4,0.85,1
致远,zhi|yuan,zhi4|yuan3,0.85,1
舅舅,jiu|jiu,jiu4|jiu0,0.85,1
舆论,yu|lun,yu2|lun4,0.85,1
舌头,she|tou,she2|tou0,0.85,1
舍不得,she|bu|de,she4|bu4|de2,0.85,1
舍得,she|de,she3|de0,0.85,1
舒服,shu|fu,shu1|fu2,0.85,1
舒适,shu|shi,shu1|shi4,0.85,1
舞台,wu|tai,wu3|tai2,0.86,1
舞蹈,wu|dao,wu3|dao3,0.85,1
航天,hang|tian,hang2|tian1,0.85,1
航母,hang|mu,hang2|mu3,0.85,1
航海,hang|hai,hang2|hai3,0.85,1
航班,hang|ban,hang2|ban1,0.86,1
航班号,hang|ban|hao,hang2|ban1|hao4,0.86,1
航班屏,hang|ban|ping,hang2|ban1|ping2,0.86,1
航程,hang|cheng,hang2|cheng2,0.85,1
航空,hang|kong,hang2|kong1,0.85,1
航空兵,hang|kong|bing,hang2|kong1|bing1,0.85,1
航站,hang|zhan,hang2|zhan4,0.86,1
航站楼,hang|zhan|lou,hang2|zhan4|lou2,0.85,1
航线,hang|xian,hang2|xian4,0.85,1
航行,hang|xing,hang2|xing2,0.85,1
航运,hang|yun,hang2|yun4,0.85,1
航速,hang|su,hang2|su4,0.85,1
航道,hang|dao,hang2|dao4,0.85,1
舰船,jian|chuan,jian4|chuan2,0.85,1
舰艇,jian|ting,jian4|ting3,0.85,1
舰队,jian|dui,jian4|dui4,0.85,1
舵主,duo|zhu,duo4|zhu3,0.85,1
船上,chuan|shang,chuan2|shang4,0.85,1
船只,chuan|zhi,chuan2|zhi1,0.85,1
船头,chuan|tou,chuan2|tou2,0.85,1
船舶,chuan|bo,chuan2|bo2,0.85,1
船长,chuan|chang,chuan2|chang2,0.85,1
良久,liang|jiu,liang2|jiu3,0.85,1
良好,liang|hao,liang2|hao3,0.85,1
良心,liang|xin,liang2|xin1,0.85,1
艰苦,jian|ku,jian1|ku3,0.85,1
艰难,jian|nan,jian1|nan2,0.85,1
色彩,se|cai,se4|cai3,0.85,1
色素,se|su,se4|su4,0.85,1
艺术,yi|shu,yi4|shu4,0.85,1
艺术家,yi|shu|jia,yi4|shu4|jia1,0.85,1
艾滋病,ai|zi|bing,ai4|zi1|bing4,0.85,1
节制,jie|zhi,jie2|zhi4,0.85,1
节奏,jie|zou,jie2|zou4,0.85,1
节度使,jie|du|shi,jie2|du4|shi3,0.85,1
节日,jie|ri,jie2|ri4,0.85,1
节点,jie|dian,jie2|dian3,0.86,1
节点端,jie|dian|duan,jie2|dian3|duan1,0.86,1
节目,jie|mu,jie2|mu4,0.85,1
节省,jie|sheng,jie2|sheng3,0.85,1
节约,jie|yue,jie2|yue1,0.85,1
芋圆,yu|yuan,yu4|yuan2,0.85,1
芋泥,yu|ni,yu4|ni2,0.86,1
芒果丁,mang|guo|ding,mang2|guo3|ding1,0.86,1
芒果冻,mang|guo|dong,mang2|guo3|dong4,0.86,1
芙蓉,fu|rong,fu2|rong2,0.85,1
芝士,zhi|shi,zhi1|shi4,0.86,1
芦花,lu|hua,lu2|hua1,0.85,1
芦苇,lu|wei,lu2|wei3,0.85,1
芦荟粒,lu|hui|li,lu2|hui4|li4,0.86,1
芯片,xin|pian,xin1|pian4,0.85,1
花名册,hua|ming|ce,hua1|ming2|ce4,0.86,1
花园,hua|yuan,hua1|yuan2,0.85,1
花果香,hua|guo|xiang,hua1|guo3|xiang1,0.86,1
花洒,hua|sa,hua1|sa3,0.86,1
花生,hua|sheng,hua1|sheng1,0.85,1
花费,hua|fei,hua1|fei4,0.85,1
花钱,hua|qian,hua1|qian2,0.85,1
花香调,hua|xiang|tiao,hua1|xiang1|tiao2,0.86,1
苍白,cang|bai,cang1|bai2,0.85,1
若非,ruo|fei,ruo4|fei1,0.85,1
苦度,ku|du,ku3|du4,0.86,1
苦感,ku|gan,ku3|gan3,0.86,1
苦笑,ku|xiao,ku3|xiao4,0.85,1
苦苦,ku|ku,ku3|ku3,0.85,1
苦难,ku|nan,ku3|nan4,0.85,1
英军,ying|jun,ying1|jun1,0.85,1
苹果,ping|guo,ping2|guo3,0.85,1
苹果卷,ping|guo|juan,ping2|guo3|juan4,0.86,1
苹果派,ping|guo|pai,ping2|guo3|pai4,0.86,1
范围,fan|wei,fan4|wei2,0.85,1
茫然,mang|ran,mang2|ran2,0.85,1
茫茫,mang|mang,mang2|mang2,0.85,1
茶冻,cha|dong,cha2|dong4,0.86,1
茶几,cha|ji,cha2|ji1,0.86,1
茶包,cha|bao,cha2|bao1,0.86,1
茶叶,cha|ye,cha2|ye4,0.85,1
茶园,cha|yuan,cha2|yuan2,0.86,1
茶歇,cha|xie,cha2|xie1,0.86,1
茶歇台,cha|xie|tai,cha2|xie1|tai2,0.86,1
草丛,cao|cong,cao3|cong2,0.85,1
草原,cao|yuan,cao3|yuan2,0.85,1
草地,cao|di,cao3|di4,0.85,1
草案,cao|an,cao3|an4,0.85,1
草甸区,cao|dian|qu,cao3|dian4|qu1,0.86,1
草莓丁,cao|mei|ding,cao3|mei2|ding1,0.86,1
草莓冻,cao|mei|dong,cao3|mei2|dong4,0.86,1
草莓卷,cao|mei|juan,cao3|mei2|juan4,0.86,1
草莓塔,cao|mei|ta,cao3|mei2|ta3,0.86,1
荒凉,huang|liang,huang1|liang2,0.85,1
荒漠,huang|mo,huang1|mo4,0.85,1
荔枝冻,li|zhi|dong,li4|zhi1|dong4,0.86,1
荞麦面,qiao|mai|mian,qiao2|mai4|mian4,0.86,1
药品,yao|pin,yao4|pin3,0.85,1
药品柜,yao|pin|gui,yao4|pin3|gui4,0.86,1
药师,yao|shi,yao4|shi1,0.85,1
药库,yao|ku,yao4|ku4,0.86,1
药店,yao|dian,yao4|dian4,0.85,1
药房,yao|fang,yao4|fang2,0.86,1
药材,yao|cai,yao4|cai2,0.85,1
药柜,yao|gui,yao4|gui4,0.86,1
药片,yao|pian,yao4|pian4,0.86,1
药物,yao|wu,yao4|wu4,0.85,1
药用,yao|yong,yao4|yong4,0.85,1
药盒,yao|he,yao4|he2,0.86,1
荷叶,he|ye,he2|ye4,0.85,1
荷花,he|hua,he2|hua1,0.85,1
莓果调,mei|guo|tiao,mei2|guo3|tiao2,0.86,1
莲子,lian|zi,lian2|zi3,0.85,1
莲花,lian|hua,lian2|hua1,0.85,1
获取,huo|qu,huo4|qu3,0.85,1
获奖,huo|jiang,huo4|jiang3,0.85,1
获得,huo|de,huo4|de2,0.85,1
获悉,huo|xi,huo4|xi1,0.85,1
获胜,huo|sheng,huo4|sheng4,0.85,1
菌菇汤,jun|gu|tang,jun1|gu1|tang1,0.86,1
菜单,cai|dan,cai4|dan1,0.85,1
菜系,cai|xi,cai4|xi4,0.85,1
菜肴,cai|yao,cai4|yao2,0.85,1
菠萝包,bo|luo|bao,bo1|luo2|bao1,0.86,1
菩萨,pu|sa,pu2|sa4,0.85,1
菱花,ling|hua,ling2|hua1,0.85,1
萃取,cui|qu,cui4|qu3,0.86,1
萃取头,cui|qu|tou,cui4|qu3|tou2,0.86,1
萃取杯,cui|qu|bei,cui4|qu3|bei1,0.9,1
萃取率,cui|qu|l,cui4|qu3|l4,0.86,1
营业,ying|ye,ying2|ye4,0.85,1
营养,ying|yang,ying2|yang3,0.85,1
营地,ying|di,ying2|di4,0.86,1
营建,ying|jian,ying2|jian4,0.85,1
营救,ying|jiu,ying2|jiu4,0.85,1
营运证,ying|yun|zheng,ying2|yun4|zheng4,0.86,1
营造,ying|zao,ying2|zao4,0.85,1
营销,ying|xiao,ying2|xiao1,0.85,1
营长,ying|zhang,ying2|zhang3,0.85,1
落下,luo|xia,luo4|xia4,0.85,1
落入,luo|ru,luo4|ru4,0.85,1
落到,luo|dao,luo4|dao4,0.85,1
落叶,luo|ye,luo4|ye4,0.85,1
落后,luo|hou,luo4|hou4,0.85,1
落地,luo|di,luo4|di4,0.85,1
落地灯,luo|di|deng,luo4|di4|deng1,0.86,1
落实,luo|shi,luo4|shi2,0.85,1
落客区,luo|ke|qu,luo4|ke4|qu1,0.86,1
落客层,luo|ke|ceng,luo4|ke4|ceng2,0.86,1
落客点,luo|ke|dian,luo4|ke4|dian3,0.86,1
落成,luo|cheng,luo4|cheng2,0.85,1
著作,zhu|zuo,zhu4|zuo4,0.85,1
著名,zhu|ming,zhu4|ming2,0.85,1
著称,zhu|cheng,zhu4|cheng1,0.85,1
著述,zhu|shu,zhu4|shu4,0.85,1
葡萄,pu|tao,pu2|tao2,0.85,1
葡萄冻,pu|tao|dong,pu2|tao2|dong4,0.86,1
葡萄卷,pu|tao|juan,pu2|tao2|juan4,0.86,1
葡萄柚,pu|tao|you,pu2|tao2|you4,0.86,1
葡萄酒,pu|tao|jiu,pu2|tao2|jiu3,0.85,1
董事,dong|shi,dong3|shi4,0.85,1
董事会,dong|shi|hui,dong3|shi4|hui4,0.85,1
董事长,dong|shi|zhang,dong3|shi4|zhang3,0.85,1
葫芦,hu|lu,hu2|lu0,0.85,1
葱油饼,cong|you|bing,cong1|you2|bing3,0.86,1
葱香饼,cong|xiang|bing,cong1|xiang1|bing3,0.86,1
蒟蒻条,ju|ruo|tiao,ju3|ruo4|tiao2,0.86,1
蒟蒻粒,ju|ruo|li,ju3|ruo4|li4,0.86,1
蒸汽,zheng|qi,zheng1|qi4,0.86,1
蒸汽机,zheng|qi|ji,zheng1|qi4|ji1,0.86,1
蒸汽棒,zheng|qi|bang,zheng1|qi4|bang4,0.86,1
蒸馏,zheng|liu,zheng1|liu2,0.86,1
蒸馏水,zheng|liu|shui,zheng1|liu2|shui3,0.86,1
蓝色,lan|se,lan2|se4,0.85,1
蓝莓,lan|mei,lan2|mei2,0.85,1
蓝莓塔,lan|mei|ta,lan2|mei2|ta3,0.86,1
蓝莓派,lan|mei|pai,lan2|mei2|pai4,0.86,1
蓦地,mo|di,mo4|di4,0.85,1
蔓延,man|yan,man4|yan2,0.85,1
蔗糖浆,zhe|tang|jiang,zhe4|tang2|jiang1,0.86,1
蔬菜,shu|cai,shu1|cai4,0.85,1
蕴藏,yun|cang,yun4|cang2,0.85,1
薄弱,bo|ruo,bo2|ruo4,0.85,1
薏仁粒,yi|ren|li,yi4|ren2|li4,0.86,1
薪水,xin|shui,xin1|shui3,0.85,1
薪酬,xin|chou,xin1|chou2,0.85,1
薯条,shu|tiao,shu3|tiao2,0.86,1
藻井,zao|jing,zao3|jing3,0.85,1
蘑菇,mo|gu,mo2|gu0,0.85,1
虚假,xu|jia,xu1|jia3,0.85,1
虽然,sui|ran,sui1|ran2,0.85,1
虽说,sui|shuo,sui1|shuo1,0.85,1
蛋壳,dan|ke,dan4|ke2,0.85,1
蛋挞,dan|ta,dan4|ta4,0.86,1
蛋炒饭,dan|chao|fan,dan4|chao3|fan4,0.86,1
蛋白,dan|bai,dan4|bai2,0.85,1
蛋白质,dan|bai|zhi,dan4|bai2|zhi4,0.85,1
蛋糕,dan|gao,dan4|gao1,0.85,1
蛋黄酥,dan|huang|su,dan4|huang2|su1,0.86,1
蜂蜜浆,feng|mi|jiang,feng1|mi4|jiang1,0.86,1
蜈蚣,wu|gong,wu2|gong1,0.85,1
蜜处理,mi|chu|li,mi4|chu3|li3,0.86,1
蜜桃丁,mi|tao|ding,mi4|tao2|ding1,0.86,1
蜡烛,la|zhu,la4|zhu2,0.85,1
蜿蜒,wan|yan,wan1|yan2,0.85,1
蝴蝶酥,hu|die|su,hu2|die2|su1,0.86,1
融合,rong|he,rong2|he2,0.85,1
融资,rong|zi,rong2|zi1,0.85,1
螺旋,luo|xuan,luo2|xuan2,0.85,1
螺蛳粉,luo|si|fen,luo2|si1|fen3,0.86,1
血压,xue|ya,xue4|ya1,0.85,1
血压计,xue|ya|ji,xue4|ya1|ji4,0.86,1
血氧仪,xue|yang|yi,xue4|yang3|yi2,0.86,1
血液,xue|ye,xue4|ye4,0.85,1
血液科,xue|ye|ke,xue4|ye4|ke1,0.86,1
血管,xue|guan,xue4|guan3,0.85,1
血糖仪,xue|tang|yi,xue4|tang2|yi2,0.86,1
血腥,xue|xing,xue4|xing1,0.85,1
行业,hang|ye,hang2|ye4,0.85,1
行为,xing|wei,xing2|wei2,0.85,1
行事,xing|shi,xing2|shi4,0.85,1
行人,xing|ren,xing2|ren2,0.85,1
行使,xing|shi,xing2|shi3,0.85,1
行军,xing|jun,xing2|jun1,0.85,1
行列,hang|lie,hang2|lie4,0.85,1
行动,xing|dong,xing2|dong4,0.85,1
行径,xing|jing,xing2|jing4,0.85,1
行情,hang|qing,hang2|qing2,0.85,1
行政,xing|zheng,xing2|zheng4,0.85,1
行政区,xing|zheng|qu,xing2|zheng4|qu1,0.85,1
行政房,xing|zheng|fang,xing2|zheng4|fang2,0.86,1
行星,xing|xing,xing2|xing1,0.85,1
行李,xing|li,xing2|li3,0.85,1
行李员,xing|li|yuan,xing2|li0|yuan2,0.86,1
行李架,xing|li|jia,xing2|li0|jia4,0.86,1
行李箱,xing|li|xiang,xing2|li0|xiang1,0.86,1
行李车,xing|li|che,xing2|li0|che1,0.86,1
行李额,xing|li|e,xing2|li0|e2,0.86,1
行省,xing|sheng,xing2|sheng3,0.85,1
行礼,xing|li,xing2|li3,0.85,1
行程,xing|cheng,xing2|cheng2,0.85,1
行程单,xing|cheng|dan,xing2|cheng2|dan1,0.86,1
行程图,xing|cheng|tu,xing2|cheng2|tu2,0.86,1
行程表,xing|cheng|biao,xing2|cheng2|biao3,0.86,1
行者,xing|zhe,xing2|zhe3,0.85,1
行走,xing|zou,xing2|zou3,0.85,1
行车证,xing|che|zheng,xing2|che1|zheng4,0.85,1
行驶,xing|shi,xing2|shi3,0.85,1
行驶证,xing|shi|zheng,xing2|shi3|zheng4,0.86,1
衔接,xian|jie,xian2|jie1,0.85,1
街上,jie|shang,jie1|shang4,0.85,1
街区,jie|qu,jie1|qu1,0.86,1
街头,jie|tou,jie1|tou2,0.85,1
街巷区,jie|xiang|qu,jie1|xiang4|qu1,0.86,1
街道,jie|dao,jie1|dao4,0.85,1
衙署,ya|shu,ya2|shu3,0.85,1
衙门,ya|men,ya2|men2,0.85,1
衡量,heng|liang,heng2|liang2,0.85,1
衣服,yi|fu,yi1|fu0,0.85,1
衣架,yi|jia,yi1|jia4,0.86,1
衣柜,yi|gui,yi1|gui4,0.86,1
衣衫,yi|shan,yi1|shan1,0.85,1
衣袖,yi|xiu,yi1|xiu4,0.85,1
衣裳,yi|shang,yi1|shang0,0.85,1
衣襟,yi|jin,yi1|jin1,0.85,1
补偿,bu|chang,bu3|chang2,0.85,1
补充,bu|chong,bu3|chong1,0.85,1
补水站,bu|shui|zhan,bu3|shui3|zhan4,0.86,1
补给,bu|ji,bu3|ji3,0.85,1
补给点,bu|ji|dian,bu3|ji3|dian3,0.86,1
补贴,bu|tie,bu3|tie1,0.85,1
表决,biao|jue,biao3|jue2,0.86,1
表决器,biao|jue|qi,biao3|jue2|qi4,0.86,1
表决权,biao|jue|quan,biao3|jue2|quan2,0.86,1
表态,biao|tai,biao3|tai4,0.85,1
表情,biao|qing,biao3|qing2,0.85,1
表明,biao|ming,biao3|ming2,0.85,1
表演,biao|yan,biao3|yan3,0.85,1
表现,biao|xian,biao3|xian4,0.85,1
表示,biao|shi,biao3|shi4,0.85,1
表达,biao|da,biao3|da2,0.85,1
表述,biao|shu,biao3|shu4,0.85,1
表面,biao|mian,biao3|mian4,0.85,1
衰落,shuai|luo,shuai1|luo4,0.85,1
袖子,xiu|zi,xiu4|zi3,0.85,1
被俘,bei|fu,bei4|fu2,0.85,1
被动,bei|dong,bei4|dong4,0.85,1
被告,bei|gao,bei4|gao4,0.85,1
被套,bei|tao,bei4|tao4,0.86,1
被子,bei|zi,bei4|zi0,0.85,1
被捕,bei|bu,bei4|bu3,0.85,1
被迫,bei|po,bei4|po4,0.85,1
袭击,xi|ji,xi2|ji1,0.85,1
裁决,cai|jue,cai2|jue2,0.85,1
裁判,cai|pan,cai2|pan4,0.85,1
装卸区,zhuang|xie|qu,zhuang1|xie4|qu1,0.85,1
装备,zhuang|bei,zhuang1|bei4,0.85,1
装有,zhuang|you,zhuang1|you3,0.85,1
装甲,zhuang|jia,zhuang1|jia3,0.85,1
装置,zhuang|zhi,zhuang1|zhi4,0.85,1
装饰,zhuang|shi,zhuang1|shi4,0.85,1
裤子,ku|zi,ku4|zi3,0.85,1
西侧,xi|ce,xi1|ce4,0.85,1
西北部,xi|bei|bu,xi1|bei3|bu4,0.85,1
西南部,xi|nan|bu,xi1|nan2|bu4,0.85,1
西周,xi|zhou,xi1|zhou1,0.85,1
西岸,xi|an,xi1|an4,0.85,1
西方,xi|fang,xi1|fang1,0.85,1
西晋,xi|jin,xi1|jin4,0.85,1
西溪,xi|xi,xi1|xi1,0.85,1
西米,xi|mi,xi1|mi3,0.86,1
西米露,xi|mi|lu,xi1|mi3|lu4,0.86,1
西边,xi|bian,xi1|bian1,0.85,1
西部,xi|bu,xi1|bu4,0.85,1
要么,yao|me,yao4|me0,0.85,1
要害,yao|hai,yao4|hai4,0.85,1
要是,yao|shi,yao4|shi0,0.85,1
要死,yao|si,yao4|si3,0.85,1
要求,yao|qiu,yao1|qiu2,0.85,1
要素,yao|su,yao4|su4,0.85,1
要紧,yao|jin,yao4|jin3,0.85,1
要说,yao|shuo,yao4|shuo1,0.85,1
覆盖,fu|gai,fu4|gai4,0.85,1
见于,jian|yu,jian4|yu2,0.85,1
见到,jian|dao,jian4|dao4,0.85,1
见得,jian|de,jian4|de2,0.85,1
见日志,jian|ri|zhi,jian4|ri4|zhi4,0.86,1
见解,jian|jie,jian4|jie3,0.85,1
见证,jian|zheng,jian4|zheng4,0.85,1
见识,jian|shi,jian4|shi0,0.85,1
见长,jian|chang,jian4|chang2,0.85,1
见面,jian|mian,jian4|mian4,0.85,1
观众,guan|zhong,guan1|zhong4,0.86,1
观众席,guan|zhong|xi,guan1|zhong4|xi2,0.86,1
观众证,guan|zhong|zheng,guan1|zhong4|zheng4,0.86,1
观光,guan|guang,guan1|guang1,0.85,1
观光线,guan|guang|xian,guan1|guang1|xian4,0.86,1
观光车,guan|guang|che,guan1|guang1|che1,0.86,1
观察,guan|cha,guan1|cha2,0.85,1
观察室,guan|cha|shi,guan1|cha2|shi4,0.86,1
观念,guan|nian,guan1|nian4,0.85,1
观景,guan|jing,guan1|jing3,0.86,1
观景台,guan|jing|tai,guan1|jing3|tai2,0.86,1
观景点,guan|jing|dian,guan1|jing3|dian3,0.86,1
观测,guan|ce,guan1|ce4,0.85,1
观演区,guan|yan|qu,guan1|yan3|qu1,0.86,1
观点,guan|dian,guan1|dian3,0.85,1
观看,guan|kan,guan1|kan4,0.85,1
观赏,guan|shang,guan1|shang3,0.85,1
观音,guan|yin,guan1|yin1,0.85,1
规划,gui|hua,gui1|hua4,0.85,1
规则,gui|ze,gui1|ze2,0.85,1
规定,gui|ding,gui1|ding4,0.85,1
规律,gui|l,gui1|l4,0.85,1
规格,gui|ge,gui1|ge2,0.85,1
规模,gui|mo,gui1|mo2,0.85,1
规矩,gui|ju,gui1|ju3,0.85,1
规章,gui|zhang,gui1|zhang1,0.85,1
规范,gui|fan,gui1|fan4,0.85,1
规范化,gui|fan|hua,gui1|fan4|hua4,0.85,1
视为,shi|wei,shi4|wei4,0.85,1
视察,shi|cha,shi4|cha2,0.85,1
视觉,shi|jue,shi4|jue2,0.85,1
视野,shi|ye,shi4|ye3,0.85,1
视频,shi|pin,shi4|pin2,0.85,1
视频墙,shi|pin|qiang,shi4|pin2|qiang2,0.86,1
觉得,jue|de,jue2|de0,0.85,1
觉醒,jue|xing,jue2|xing3,0.85,1
角度,jiao|du,jiao3|du4,0.85,1
角色,jue|se,jue2|se4,0.85,1
角落,jiao|luo,jiao3|luo4,0.85,1
解体,jie|ti,jie3|ti3,0.85,1
解决,jie|jue,jie3|jue2,0.85,1
解开,jie|kai,jie3|kai1,0.85,1
解放,jie|fang,jie3|fang4,0.85,1
解散,jie|san,jie3|san4,0.85,1
解散点,jie|san|dian,jie3|san4|dian3,0.86,1
解码,jie|ma,jie3|ma3,0.86,1
解码器,jie|ma|qi,jie3|ma3|qi4,0.86,1
解答,jie|da,jie3|da2,0.85,1
解脱,jie|tuo,jie3|tuo1,0.85,1
解读,jie|du,jie3|du2,0.85,1
解释,jie|shi,jie3|shi4,0.85,1
解除,jie|chu,jie3|chu2,0.85,1
言论,yan|lun,yan2|lun4,0.85,1
誉为,yu|wei,yu4|wei2,0.85,1
警务点,jing|wu|dian,jing3|wu4|dian3,0.86,1
警卫,jing|wei,jing3|wei4,0.85,1
警告,jing|gao,jing3|gao4,0.85,1
警官,jing|guan,jing3|guan1,0.85,1
警察,jing|cha,jing3|cha2,0.85,1
警惕,jing|ti,jing3|ti4,0.85,1
警方,jing|fang,jing3|fang1,0.85,1
譬如,pi|ru,pi4|ru2,0.85,1
计价器,ji|jia|qi,ji4|jia4|qi4,0.85,1
计划,ji|hua,ji4|hua4,0.92,1
计时器,ji|shi|qi,ji4|shi2|qi4,0.86,1
计算,ji|suan,ji4|suan4,0.85,1
计算机,ji|suan|ji,ji4|suan4|ji1,0.85,1
计较,ji|jiao,ji4|jiao4,0.85,1
订单,ding|dan,ding4|dan1,0.9,1
订立,ding|li,ding4|li4,0.85,1
认为,ren|wei,ren4|wei2,0.85,1
认出,ren|chu,ren4|chu1,0.85,1
认可,ren|ke,ren4|ke3,0.85,1
认同,ren|tong,ren4|tong2,0.85,1
认定,ren|ding,ren4|ding4,0.85,1
认得,ren|de,ren4|de0,0.85,1
认真,ren|zhen,ren4|zhen1,0.85,1
认证,ren|zheng,ren4|zheng4,0.85,1
认识,ren|shi,ren4|shi0,0.85,1
讨厌,tao|yan,tao3|yan4,0.85,1
讨好,tao|hao,tao3|hao3,0.85,1
讨论,tao|lun,tao3|lun4,0.86,1
讨论会,tao|lun|hui,tao3|lun4|hui4,0.86,1
训练,xun|lian,xun4|lian4,0.85,1
训练班,xun|lian|ban,xun4|lian4|ban1,0.85,1
议事,yi|shi,yi4|shi4,0.85,1
议会,yi|hui,yi4|hui4,0.85,1
议员,yi|yuan,yi4|yuan2,0.85,1
议案,yi|an,yi4|an4,0.85,1
议程,yi|cheng,yi4|cheng2,0.86,1
议论,yi|lun,yi4|lun4,0.85,1
议题,yi|ti,yi4|ti2,0.86,1
记住,ji|zhu,ji4|zhu4,0.85,1
记录,ji|lu,ji4|lu4,0.85,1
记得,ji|de,ji4|de0,0.85,1
记忆,ji|yi,ji4|yi4,0.85,1
记者,ji|zhe,ji4|zhe3,0.85,1
记者会,ji|zhe|hui,ji4|zhe3|hui4,0.85,1
记载,ji|zai,ji4|zai3,0.85,1
记述,ji|shu,ji4|shu4,0.85,1
讲求,jiang|qiu,jiang3|qiu2,0.85,1
讲究,jiang|jiu,jiang3|jiu1,0.85,1
讲解,jiang|jie,jiang3|jie3,0.86,1
讲解台,jiang|jie|tai,jiang3|jie3|tai2,0.86,1
讲解员,jiang|jie|yuan,jiang3|jie3|yuan2,0.86,1
讲解器,jiang|jie|qi,jiang3|jie3|qi4,0.86,1
讲话,jiang|hua,jiang3|hua4,0.85,1
讲述,jiang|shu,jiang3|shu4,0.85,1
论坛,lun|tan,lun4|tan2,0.86,1
论证,lun|zheng,lun4|zheng4,0.85,1
论述,lun|shu,lun4|shu4,0.85,1
讽刺,feng|ci,feng3|ci4,0.85,1
设在,she|zai,she4|zai4,0.85,1
设备,she|bei,she4|bei4,0.85,1
设想,she|xiang,she4|xiang3,0.85,1
设施,she|shi,she4|shi1,0.85,1
设有,she|you,she4|you3,0.85,1
设法,she|fa,she4|fa3,0.85,1
设立,she|li,she4|li4,0.85,1
设置,she|zhi,she4|zhi4,0.85,1
设计,she|ji,she4|ji4,0.85,1
设计师,she|ji|shi,she4|ji4|shi1,0.85,1
访谈,fang|tan,fang3|tan2,0.85,1
访问,fang|wen,fang3|wen4,0.85,1
证书,zheng|shu,zheng4|shu1,0.85,1
证件,zheng|jian,zheng4|jian4,0.86,1
证券,zheng|quan,zheng4|quan4,0.85,1
证实,zheng|shi,zheng4|shi2,0.85,1
证据,zheng|ju,zheng4|ju4,0.85,1
证明,zheng|ming,zheng4|ming2,0.85,1
评为,ping|wei,ping2|wei4,0.85,1
评价,ping|jia,ping2|jia4,0.85,1
评估,ping|gu,ping2|gu1,0.85,1
评估表,ping|gu|biao,ping2|gu1|biao3,0.86,1
评审,ping|shen,ping2|shen3,0.85,1
评测,ping|ce,ping2|ce4,0.86,1
评论,ping|lun,ping2|lun4,0.85,1
评选,ping|xuan,ping2|xuan3,0.85,1
识别,shi|bie,shi2|bie2,0.85,1
诉讼,su|song,su4|song4,0.85,1
诊室,zhen|shi,zhen3|shi4,0.86,1
诊断,zhen|duan,zhen3|duan4,0.85,1
诊疗,zhen|liao,zhen3|liao2,0.86,1
诊疗费,zhen|liao|fei,zhen3|liao2|fei4,0.86,1
词典,ci|dian,ci2|dian3,0.85,1
词条,ci|tiao,ci2|tiao2,0.85,1
词汇,ci|hui,ci2|hui4,0.85,1
词表,ci|biao,ci2|biao3,0.86,1
诏书,zhao|shu,zhao4|shu1,0.85,1
诏令,zhao|ling,zhao4|ling4,0.85,1
译员,yi|yuan,yi4|yuan2,0.86,1
试剂盒,shi|ji|he,shi4|ji4|he2,0.86,1
试图,shi|tu,shi4|tu2,0.85,1
试点,shi|dian,shi4|dian3,0.85,1
试试,shi|shi,shi4|shi4,0.85,1
试题,shi|ti,shi4|ti2,0.85,1
试验,shi|yan,shi4|yan4,0.85,1
诗人,shi|ren,shi1|ren2,0.85,1
诗文,shi|wen,shi1|wen2,0.85,1
诗歌,shi|ge,shi1|ge1,0.85,1
诗篇,shi|pian,shi1|pian1,0.85,1
诗集,shi|ji,shi1|ji2,0.85,1
话剧,hua|ju,hua4|ju4,0.85,1
话筒,hua|tong,hua4|tong3,0.86,1
话题,hua|ti,hua4|ti2,0.85,1
诞生,dan|sheng,dan4|sheng1,0.85,1
询问,xun|wen,xun2|wen4,0.85,1
该书,gai|shu,gai1|shu1,0.85,1
该市,gai|shi,gai1|shi4,0.85,1
该当,gai|dang,gai1|dang1,0.85,1
该校,gai|xiao,gai1|xiao4,0.85,1
详细,xiang|xi,xiang2|xi4,0.85,1
诧异,cha|yi,cha4|yi4,0.85,1
语文,yu|wen,yu3|wen2,0.85,1
语料,yu|liao,yu3|liao4,0.86,1
语族,yu|zu,yu3|zu2,0.85,1
语气,yu|qi,yu3|qi4,0.85,1
语法,yu|fa,yu3|fa3,0.85,1
语言,yu|yan,yu3|yan2,0.85,1
语音,yu|yin,yu3|yin1,0.85,1
误会,wu|hui,wu4|hui4,0.85,1
误解,wu|jie,wu4|jie3,0.85,1
诱惑,you|huo,you4|huo4,0.85,1
说不定,shuo|bu|ding,shuo1|bu2|ding4,0.85,1
说出,shuo|chu,shuo1|chu1,0.85,1
说完,shuo|wan,shuo1|wan2,0.85,1
说实话,shuo|shi|hua,shuo1|shi2|hua4,0.85,1
说明,shuo|ming,shuo1|ming2,0.85,1
说服,shuo|fu,shuo1|fu2,0.85,1
说来,shuo|lai,shuo1|lai2,0.85,1
说法,shuo|fa,shuo1|fa3,0.85,1
说话,shuo|hua,shuo1|hua4,0.85,1
说起,shuo|qi,shuo1|qi3,0.85,1
说道,shuo|dao,shuo1|dao4,0.85,1
读书,du|shu,du2|shu1,0.85,1
读者,du|zhe,du2|zhe3,0.85,1
课堂,ke|tang,ke4|tang2,0.85,1
课程,ke|cheng,ke4|cheng2,0.85,1
课题,ke|ti,ke4|ti2,0.85,1
谁知,shui|zhi,shui2|zhi1,0.85,1
调剂,tiao|ji,tiao2|ji4,0.85,1
调动,diao|dong,diao4|dong4,0.85,1
调和,tiao|he,tiao2|he2,0.85,1
调度单,diao|du|dan,diao4|du4|dan1,0.86,1
调度台,diao|du|tai,diao4|du4|tai2,0.85,1
调度员,diao|du|yuan,diao4|du4|yuan2,0.86,1
调度室,diao|du|shi,diao4|du4|shi4,0.85,1
调控,tiao|kong,tiao2|kong4,0.85,1
调整,tiao|zheng,tiao2|zheng3,0.85,1
调查,diao|cha,diao4|cha2,0.85,1
调研,diao|yan,diao4|yan2,0.85,1
调节,tiao|jie,tiao2|jie2,0.85,1
调解,tiao|jie,tiao2|jie3,0.85,1
调音台,tiao|yin|tai,tiao2|yin1|tai2,0.86,1
谈判,tan|pan,tan2|pan4,0.85,1
谈到,tan|dao,tan2|dao4,0.85,1
谈论,tan|lun,tan2|lun4,0.85,1
谈话,tan|hua,tan2|hua4,0.85,1
谈谈,tan|tan,tan2|tan2,0.85,1
谣言,yao|yan,yao2|yan2,0.85,1
谨慎,jin|shen,jin3|shen4,0.85,1
谴责,qian|ze,qian3|ze2,0.85,1
谷地,gu|di,gu3|di4,0.85,1
谷底线,gu|di|xian,gu3|di3|xian4,0.86,1
谷物,gu|wu,gu3|wu4,0.85,1
豆乳,dou|ru,dou4|ru3,0.86,1
豆仓,dou|cang,dou4|cang1,0.86,1
豆单,dou|dan,dou4|dan1,0.86,1
豆奶,dou|nai,dou4|nai3,0.86,1
豆沙包,dou|sha|bao,dou4|sha1|bao1,0.86,1
豆腐,dou|fu,dou4|fu0,0.85,1
豌豆,wan|dou,wan1|dou4,0.85,1
象征,xiang|zheng,xiang4|zheng1,0.85,1
象是,xiang|shi,xiang4|shi4,0.85,1
豪华,hao|hua,hao2|hua2,0.85,1
豪华房,hao|hua|fang,hao2|hua2|fang2,0.86,1
贝果,bei|guo,bei4|guo3,0.86,1
负担,fu|dan,fu4|dan1,0.85,1
负责,fu|ze,fu4|ze2,0.85,1
负责人,fu|ze|ren,fu4|ze2|ren2,0.85,1
负责制,fu|ze|zhi,fu4|ze2|zhi4,0.85,1
负面,fu|mian,fu4|mian4,0.85,1
贡献,gong|xian,gong4|xian4,0.85,1
财产,cai|chan,cai2|chan3,0.85,1
财务,cai|wu,cai2|wu4,0.85,1
财富,cai|fu,cai2|fu4,0.85,1
财政,cai|zheng,cai2|zheng4,0.85,1
财物,cai|wu,cai2|wu4,0.85,1
财经,cai|jing,cai2|jing1,0.85,1
责任,ze|ren,ze2|ren4,0.85,1
账单,zhang|dan,zhang4|dan1,0.86,1
账夹,zhang|jia,zhang4|jia2,0.86,1
货币,huo|bi,huo4|bi4,0.85,1
货物,huo|wu,huo4|wu4,0.85,1
质地,zhi|di,zhi4|di4,0.85,1
质检,zhi|jian,zhi4|jian3,0.86,1
质疑,zhi|yi,zhi4|yi2,0.85,1
质量,zhi|liang,zhi4|liang4,0.85,1
贩卖,fan|mai,fan4|mai4,0.85,1
贪污,tan|wu,tan1|wu1,0.85,1
贫困,pin|kun,pin2|kun4,0.85,1
贫富,pin|fu,pin2|fu4,0.85,1
贫民,pin|min,pin2|min2,0.85,1
贫穷,pin|qiong,pin2|qiong2,0.85,1
贫苦,pin|ku,pin2|ku3,0.85,1
贫血,pin|xue,pin2|xue4,0.85,1
贬值,bian|zhi,bian3|zhi2,0.85,1
购买,gou|mai,gou4|mai3,0.85,1
购物,gou|wu,gou4|wu4,0.85,1
贮藏,zhu|cang,zhu4|cang2,0.85,1
贯彻,guan|che,guan4|che4,0.85,1
贵妃,gui|fei,gui4|fei1,0.85,1
贵宾厅,gui|bin|ting,gui4|bin1|ting1,0.86,1
贵宾室,gui|bin|shi,gui4|bin1|shi4,0.86,1
贵宾证,gui|bin|zheng,gui4|bin1|zheng4,0.86,1
贵宾道,gui|bin|dao,gui4|bin1|dao4,0.86,1
贵族,gui|zu,gui4|zu2,0.85,1
贷款,dai|kuan,dai4|kuan3,0.85,1
贸易,mao|yi,mao4|yi4,0.85,1
费南雪,fei|nan|xue,fei4|nan2|xue3,0.86,1
费用,fei|yong,fei4|yong4,0.85,1
贿赂,hui|lu,hui4|lu4,0.85,1
资产,zi|chan,zi1|chan3,0.85,1
资助,zi|zhu,zi1|zhu4,0.85,1
资料,zi|liao,zi1|liao4,0.86,1
资料室,zi|liao|shi,zi1|liao4|shi4,0.86,1
资料库,zi|liao|ku,zi1|liao4|ku4,0.86,1
资料袋,zi|liao|dai,zi1|liao4|dai4,0.86,1
资本,zi|ben,zi1|ben3,0.85,1
资本家,zi|ben|jia,zi1|ben3|jia1,0.85,1
资格,zi|ge,zi1|ge2,0.85,1
资深,zi|shen,zi1|shen1,0.85,1
资源,zi|yuan,zi1|yuan2,0.85,1
资讯,zi|xun,zi1|xun4,0.85,1
资费,zi|fei,zi1|fei4,0.85,1
资金,zi|jin,zi1|jin1,0.85,1
赋予,fu|yu,fu4|yu3,0.85,1
赋税,fu|shui,fu4|shui4,0.85,1
赌博,du|bo,du3|bo2,0.85,1
赏赐,shang|ci,shang3|ci4,0.85,1
赔偿,pei|chang,pei2|chang2,0.85,1
赚钱,zhuan|qian,zhuan4|qian2,0.85,1
赛事,sai|shi,sai4|shi4,0.85,1
赛季,sai|ji,sai4|ji4,0.85,1
赛珍珠,sai|zhen|zhu,sai4|zhen1|zhu1,0.86,1
赛车场,sai|che|chang,sai4|che1|chang3,0.85,1
赞助,zan|zhu,zan4|zhu4,0.86,1
赞助商,zan|zhu|shang,zan4|zhu4|shang1,0.86,1
赞助费,zan|zhu|fei,zan4|zhu4|fei4,0.86,1
赞叹,zan|tan,zan4|tan4,0.85,1
赞同,zan|tong,zan4|tong2,0.85,1
赞成,zan|cheng,zan4|cheng2,0.85,1
赞扬,zan|yang,zan4|yang2,0.85,1
赞赏,zan|shang,zan4|shang3,0.85,1
赢得,ying|de,ying2|de2,0.85,1
赤壁,chi|bi,chi4|bi4,0.85,1
赤道,chi|dao,chi4|dao4,0.85,1
走上,zou|shang,zou3|shang4,0.85,1
走出,zou|chu,zou3|chu1,0.85,1
走势,zou|shi,zou3|shi4,0.85,1
走向,zou|xiang,zou3|xiang4,0.85,1
走廊,zou|lang,zou3|lang2,0.86,1
走来,zou|lai,zou3|lai2,0.85,1
走狗,zou|gou,zou3|gou3,0.85,1
走私,zou|si,zou3|si1,0.85,1
走访,zou|fang,zou3|fang3,0.85,1
走路,zou|lu,zou3|lu4,0.85,1
走过,zou|guo,zou3|guo4,0.85,1
走近,zou|jin,zou3|jin4,0.85,1
走进,zou|jin,zou3|jin4,0.85,1
走马岭,zou|ma|ling,zou3|ma3|ling3,0.85,1
赶上,gan|shang,gan3|shang4,0.85,1
赶到,gan|dao,gan3|dao4,0.85,1
赶回,gan|hui,gan3|hui2,0.85,1
赶忙,gan|mang,gan3|mang2,0.85,1
赶快,gan|kuai,gan3|kuai4,0.85,1
赶时间,gan|shi|jian,gan3|shi2|jian1,0.82,1
赶来,gan|lai,gan3|lai2,0.85,1
赶紧,gan|jin,gan3|jin3,0.85,1
起义,qi|yi,qi3|yi4,0.85,1
起义军,qi|yi|jun,qi3|yi4|jun1,0.85,1
起伏,qi|fu,qi3|fu2,0.85,1
起兵,qi|bing,qi3|bing1,0.85,1
起初,qi|chu,qi3|chu1,0.85,1
起到,qi|dao,qi3|dao4,0.85,1
起床,qi|chuang,qi3|chuang2,0.85,1
起来,qi|lai,qi3|lai2,0.85,1
起源,qi|yuan,qi3|yuan2,0.85,1
起点,qi|dian,qi3|dian3,0.86,1
起码,qi|ma,qi3|ma3,0.85,1
起草,qi|cao,qi3|cao3,0.85,1
起诉,qi|su,qi3|su4,0.85,1
起身,qi|shen,qi3|shen1,0.85,1
起飞,qi|fei,qi3|fei1,0.85,1
趁机,chen|ji,chen4|ji1,0.85,1
趁着,chen|zhe,chen4|zhe0,0.85,1
超出,chao|chu,chao1|chu1,0.85,1
超参数,chao|can|shu,chao1|can1|shu4,0.86,1
超声,chao|sheng,chao1|sheng1,0.86,1
超声仪,chao|sheng|yi,chao1|sheng1|yi2,0.86,1
超声波,chao|sheng|bo,chao1|sheng1|bo1,0.86,1
超声科,chao|sheng|ke,chao1|sheng1|ke1,0.86,1
超声速,chao|sheng|su,chao1|sheng1|su4,0.86,1
超大杯,chao|da|bei,chao1|da4|bei1,0.86,1
超市,chao|shi,chao1|shi4,0.85,1
超级,chao|ji,chao1|ji2,0.85,1
超越,chao|yue,chao1|yue4,0.85,1
超过,chao|guo,chao1|guo4,0.85,1
超重,chao|zhong,chao1|zhong4,0.86,1
超重费,chao|zhong|fei,chao1|zhong4|fei4,0.86,1
越发,yue|fa,yue4|fa1,0.85,1
越是,yue|shi,yue4|shi4,0.85,1
越来越,yue|lai|yue,yue4|lai2|yue4,0.85,1
趋于,qu|yu,qu1|yu2,0.85,1
趋势,qu|shi,qu1|shi4,0.85,1
趋向,qu|xiang,qu1|xiang4,0.85,1
足够,zu|gou,zu2|gou4,0.85,1
足球,zu|qiu,zu2|qiu2,0.85,1
跃起,yue|qi,yue4|qi3,0.85,1
距离,ju|li,ju4|li2,0.85,1
跟前,gen|qian,gen1|qian2,0.85,1
跟团游,gen|tuan|you,gen1|tuan2|you2,0.9,1
跟着,gen|zhe,gen1|zhe0,0.85,1
跟踪,gen|zong,gen1|zong1,0.85,1
跟随,gen|sui,gen1|sui2,0.85,1
跨度,kua|du,kua4|du4,0.85,1
跨越,kua|yue,kua4|yue4,0.85,1
跪下,gui|xia,gui4|xia4,0.85,1
跪倒,gui|dao,gui4|dao3,0.85,1
路上,lu|shang,lu4|shang0,0.85,1
路书,lu|shu,lu4|shu1,0.86,1
路况图,lu|kuang|tu,lu4|kuang4|tu2,0.85,1
路单,lu|dan,lu4|dan1,0.85,1
路引牌,lu|yin|pai,lu4|yin3|pai2,0.86,1
路演,lu|yan,lu4|yan3,0.86,1
路由器,lu|you|qi,lu4|you2|qi4,0.86,1
路线,lu|xian,lu4|xian4,0.85,1
路线图,lu|xian|tu,lu4|xian4|tu2,0.86,1
路费,lu|fei,lu4|fei4,0.86,1
路边,lu|bian,lu4|bian1,0.85,1
路过,lu|guo,lu4|guo4,0.85,1
跳槽,tiao|cao,tiao4|cao2,0.85,1
踏上,ta|shang,ta4|shang4,0.85,1
踪迹,zong|ji,zong1|ji4,0.85,1
身上,shen|shang,shen1|shang4,0.85,1
身为,shen|wei,shen1|wei4,0.85,1
身份,shen|fen,shen1|fen4,0.85,1
身份证,shen|fen|zheng,shen1|fen4|zheng4,0.85,1
身体,shen|ti,shen1|ti3,0.85,1
身分,shen|fen,shen1|fen4,0.85,1
身受,shen|shou,shen1|shou4,0.85,1
身后,shen|hou,shen1|hou4,0.85,1
身子,shen|zi,shen1|zi0,0.85,1
身形,shen|xing,shen1|xing2,0.85,1
身影,shen|ying,shen1|ying3,0.85,1
身心,shen|xin,shen1|xin1,0.85,1
身旁,shen|pang,shen1|pang2,0.85,1
身材,shen|cai,shen1|cai2,0.85,1
身着,shen|zhe,shen1|zhe0,0.85,1
身穿,shen|chuan,shen1|chuan1,0.85,1
身边,shen|bian,shen1|bian1,0.85,1
身高,shen|gao,shen1|gao1,0.85,1
躬身,gong|shen,gong1|shen1,0.85,1
躯体,qu|ti,qu1|ti3,0.85,1
躲避,duo|bi,duo3|bi4,0.85,1
车上,che|shang,che1|shang4,0.85,1
车位,che|wei,che1|wei4,0.85,1
车位号,che|wei|hao,che1|wei4|hao4,0.86,1
车厢,che|xiang,che1|xiang1,0.85,1
车场,che|chang,che1|chang3,0.85,1
车型,che|xing,che1|xing2,0.86,1
车子,che|zi,che1|zi0,0.85,1
车次,che|ci,che1|ci4,0.86,1
车次屏,che|ci|ping,che1|ci4|ping2,0.86,1
车牌,che|pai,che1|pai2,0.85,1
车牌号,che|pai|hao,che1|pai2|hao4,0.86,1
车程,che|cheng,che1|cheng2,0.85,1
车站,che|zhan,che1|zhan4,0.85,1
车载台,che|zai|tai,che1|zai4|tai2,0.85,1
车载屏,che|zai|ping,che1|zai4|ping2,0.85,1
车辆,che|liang,che1|liang4,0.85,1
车间,che|jian,che1|jian1,0.85,1
车队长,che|dui|zhang,che1|dui4|zhang3,0.85,1
轨迹,gui|ji,gui3|ji4,0.86,1
轨迹图,gui|ji|tu,gui3|ji4|tu2,0.86,1
轨道,gui|dao,gui3|dao4,0.85,1
转为,zhuan|wei,zhuan3|wei4,0.85,1
转入,zhuan|ru,zhuan3|ru4,0.85,1
转动,zhuan|dong,zhuan4|dong4,0.85,1
转化,zhuan|hua,zhuan3|hua4,0.85,1
转变,zhuan|bian,zhuan3|bian4,0.85,1
转向,zhuan|xiang,zhuan3|xiang4,0.85,1
转型,zhuan|xing,zhuan3|xing2,0.85,1
转头,zhuan|tou,zhuan3|tou2,0.85,1
转念,zhuan|nian,zhuan3|nian4,0.85,1
转换,zhuan|huan,zhuan3|huan4,0.85,1
转播车,zhuan|bo|che,zhuan3|bo1|che1,0.86,1
转盘,zhuan|pan,zhuan4|pan2,0.86,1
转盘区,zhuan|pan|qu,zhuan4|pan2|qu1,0.86,1
转科单,zhuan|ke|dan,zhuan3|ke1|dan1,0.86,1
转移,zhuan|yi,zhuan3|yi2,0.85,1
转而,zhuan|er,zhuan3|er2,0.85,1
转让,zhuan|rang,zhuan3|rang4,0.85,1
转诊,zhuan|zhen,zhuan3|zhen3,0.86,1
转身,zhuan|shen,zhuan3|shen1,0.85,1
转过,zhuan|guo,zhuan3|guo4,0.85,1
转运,zhuan|yun,zhuan3|yun4,0.85,1
转运单,zhuan|yun|dan,zhuan3|yun4|dan1,0.86,1
轮椅,lun|yi,lun2|yi3,0.86,1
轮次,lun|ci,lun2|ci4,0.86,1
轮流,lun|liu,lun2|liu2,0.85,1
轮船,lun|chuan,lun2|chuan2,0.85,1
软件,ruan|jian,ruan3|jian4,0.85,1
软法,ruan|fa,ruan3|fa3,0.86,1
轰炸,hong|zha,hong1|zha4,0.85,1
轰炸机,hong|zha|ji,hong1|zha4|ji1,0.85,1
轻乳盖,qing|ru|gai,qing1|ru3|gai4,0.86,1
轻型,qing|xing,qing1|xing2,0.85,1
轻声,qing|sheng,qing1|sheng1,0.85,1
轻工,qing|gong,qing1|gong1,0.85,1
轻工业,qing|gong|ye,qing1|gong1|ye4,0.85,1
轻微,qing|wei,qing1|wei1,0.85,1
轻易,qing|yi,qing1|yi4,0.85,1
轻松,qing|song,qing1|song1,0.85,1
轻轻,qing|qing,qing1|qing1,0.85,1
轻轻地,qing|qing|di,qing1|qing1|di4,0.85,1
轻重,qing|zhong,qing1|zhong4,0.85,1
轿子,jiao|zi,jiao4|zi3,0.85,1
较为,jiao|wei,jiao4|wei2,0.85,1
较大,jiao|da,jiao4|da4,0.85,1
较差,jiao|cha,jiao4|cha4,0.85,1
较量,jiao|liang,jiao4|liang4,0.85,1
辅助,fu|zhu,fu3|zhu4,0.85,1
辅导,fu|dao,fu3|dao3,0.85,1
辅路,fu|lu,fu3|lu4,0.86,1
辅路线,fu|lu|xian,fu3|lu4|xian4,0.85,1
辈出,bei|chu,bei4|chu1,0.85,1
辉煌,hui|huang,hui1|huang2,0.85,1
辐射,fu|she,fu2|she4,0.85,1
输入,shu|ru,shu1|ru4,0.85,1
输出,shu|chu,shu1|chu1,0.85,1
输液,shu|ye,shu1|ye4,0.86,1
输液室,shu|ye|shi,shu1|ye4|shi4,0.86,1
输液泵,shu|ye|beng,shu1|ye4|beng4,0.86,1
输液管,shu|ye|guan,shu1|ye4|guan3,0.86,1
输电,shu|dian,shu1|dian4,0.85,1
输送,shu|song,shu1|song4,0.85,1
输送机,shu|song|ji,shu1|song4|ji1,0.86,1
辖区,xia|qu,xia2|qu1,0.85,1
辛苦,xin|ku,xin1|ku3,0.85,1
辞去,ci|qu,ci2|qu4,0.85,1
辞职,ci|zhi,ci2|zhi2,0.85,1
辣味,la|wei,la4|wei4,0.85,1
辣度,la|du,la4|du4,0.9,1
辩护士,bian|hu|shi,bian4|hu4|shi4,0.86,1
边几,bian|ji,bian1|ji3,0.86,1
边区,bian|qu,bian1|qu1,0.85,1
边境,bian|jing,bian1|jing4,0.85,1
边检口,bian|jian|kou,bian1|jian3|kou3,0.86,1
边界,bian|jie,bian1|jie4,0.85,1
边缘,bian|yuan,bian1|yuan2,0.85,1
边防,bian|fang,bian1|fang2,0.85,1
达到,da|dao,da2|dao4,0.85,1
达成,da|cheng,da2|cheng2,0.85,1
达杯,da|bei,da2|bei1,0.35,1
迁移,qian|yi,qian1|yi2,0.85,1
迁都,qian|du,qian1|du1,0.85,1
迄今,qi|jin,qi4|jin1,0.85,1
迅速,xun|su,xun4|su4,0.85,1
过于,guo|yu,guo4|yu2,0.85,1
过儿,guo|er,guo4|er2,0.85,1
过分,guo|fen,guo4|fen4,0.85,1
过剩,guo|sheng,guo4|sheng4,0.85,1
过去,guo|qu,guo4|qu4,0.85,1
过后,guo|hou,guo4|hou4,0.85,1
过境,guo|jing,guo4|jing4,0.85,1
过年,guo|nian,guo4|nian2,0.85,1
过度,guo|du,guo4|du4,0.85,1
过拟合,guo|ni|he,guo4|ni3|he2,0.86,1
过敏原,guo|min|yuan,guo4|min3|yuan2,0.9,1
过早,guo|zao,guo4|zao3,0.85,1
过来,guo|lai,guo4|lai2,0.85,1
过渡,guo|du,guo4|du4,0.85,1
过程,guo|cheng,guo4|cheng2,0.85,1
迈进,mai|jin,mai4|jin4,0.85,1
迎客点,ying|ke|dian,ying2|ke4|dian3,0.86,1
迎宾区,ying|bin|qu,ying2|bin1|qu1,0.86,1
迎宾员,ying|bin|yuan,ying2|bin1|yuan2,0.86,1
迎接,ying|jie,ying2|jie1,0.85,1
迎来,ying|lai,ying2|lai2,0.85,1
迎面,ying|mian,ying2|mian4,0.85,1
运作,yun|zuo,yun4|zuo4,0.85,1
运力,yun|li,yun4|li4,0.85,1
运动,yun|dong,yun4|dong4,0.85,1
运动员,yun|dong|yuan,yun4|dong4|yuan2,0.85,1
运气,yun|qi,yun4|qi4,0.85,1
运河,yun|he,yun4|he2,0.85,1
运用,yun|yong,yun4|yong4,0.85,1
运算,yun|suan,yun4|suan4,0.85,1
运营,yun|ying,yun4|ying2,0.85,1
运营商,yun|ying|shang,yun4|ying2|shang1,0.85,1
运行,yun|xing,yun4|xing2,0.85,1
运转,yun|zhuan,yun4|zhuan3,0.85,1
运输,yun|shu,yun4|shu1,0.85,1
运输机,yun|shu|ji,yun4|shu1|ji1,0.85,1
运送,yun|song,yun4|song4,0.85,1
近代,jin|dai,jin4|dai4,0.85,1
近似,jin|si,jin4|si4,0.85,1
近年,jin|nian,jin4|nian2,0.85,1
近年来,jin|nian|lai,jin4|nian2|lai2,0.85,1
近日,jin|ri,jin4|ri4,0.85,1
近期,jin|qi,jin4|qi1,0.85,1
近来,jin|lai,jin4|lai2,0.85,1
返听箱,fan|ting|xiang,fan3|ting1|xiang1,0.86,1
返回,fan|hui,fan3|hui2,0.85,1
还原,huan|yuan,huan2|yuan2,0.85,1
还好,hai|hao,hai2|hao3,0.85,1
还是,hai|shi,hai2|shi4,0.85,1
还有,hai|you,hai2|you3,0.85,1
还要,hai|yao,hai2|yao4,0.85,1
这一下,zhe|yi|xia,zhe4|yi2|xia4,0.85,1
这个,zhe|ge,zhe4|ge0,0.85,1
这么,zhe|me,zhe4|me0,0.85,1
这些,zhe|xie,zhe4|xie1,0.85,1
这会儿,zhe|hui|er,zhe4|hui4|er0,0.85,1
这位,zhe|wei,zhe4|wei4,0.85,1
这儿,zhe|er,zhe4|er2,0.85,1
这块,zhe|kuai,zhe4|kuai4,0.85,1
这天,zhe|tian,zhe4|tian1,0.85,1
这家,zhe|jia,zhe4|jia1,0.85,1
这时,zhe|shi,zhe4|shi2,0.85,1
这时候,zhe|shi|hou,zhe4|shi2|hou4,0.85,1
这样,zhe|yang,zhe4|yang4,0.85,1
这次,zhe|ci,zhe4|ci4,0.85,1
这种,zhe|zhong,zhe4|zhong3,0.85,1
这笔,zhe|bi,zhe4|bi3,0.85,1
这般,zhe|ban,zhe4|ban1,0.85,1
这话,zhe|hua,zhe4|hua4,0.85,1
这边,zhe|bian,zhe4|bian1,0.85,1
这部,zhe|bu,zhe4|bu4,0.85,1
这里,zhe|li,zhe4|li3,0.85,1
这项,zhe|xiang,zhe4|xiang4,0.85,1
进一步,jin|yi|bu,jin4|yi2|bu4,0.85,1
进京,jin|jing,jin4|jing1,0.85,1
进入,jin|ru,jin4|ru4,0.85,1
进军,jin|jun,jin4|jun1,0.85,1
进出,jin|chu,jin4|chu1,0.85,1
进出口,jin|chu|kou,jin4|chu1|kou3,0.85,1
进化,jin|hua,jin4|hua4,0.85,1
进去,jin|qu,jin4|qu4,0.85,1
进口,jin|kou,jin4|kou3,0.85,1
进城,jin|cheng,jin4|cheng2,0.85,1
进士,jin|shi,jin4|shi4,0.85,1
进宫,jin|gong,jin4|gong1,0.85,1
进展,jin|zhan,jin4|zhan3,0.85,1
进攻,jin|gong,jin4|gong1,0.85,1
进来,jin|lai,jin4|lai2,0.85,1
进步,jin|bu,jin4|bu4,0.85,1
进深,jin|shen,jin4|shen1,0.85,1
进球,jin|qiu,jin4|qiu2,0.85,1
进程,jin|cheng,jin4|cheng2,0.85,1
进站,jin|zhan,jin4|zhan4,0.86,1
进而,jin|er,jin4|er2,0.85,1
进行,jin|xing,jin4|xing2,0.85,1
进门,jin|men,jin4|men2,0.85,1
进驻,jin|zhu,jin4|zhu4,0.85,1
远处,yuan|chu,yuan3|chu4,0.85,1
远征,yuan|zheng,yuan3|zheng1,0.85,1
远离,yuan|li,yuan3|li2,0.85,1
远程,yuan|cheng,yuan3|cheng2,0.85,1
远远,yuan|yuan,yuan3|yuan3,0.85,1
远销,yuan|xiao,yuan3|xiao1,0.85,1
违反,wei|fan,wei2|fan3,0.85,1
违法,wei|fa,wei2|fa3,0.85,1
违章,wei|zhang,wei2|zhang1,0.86,1
违背,wei|bei,wei2|bei4,0.85,1
连同,lian|tong,lian2|tong2,0.85,1
连声,lian|sheng,lian2|sheng1,0.85,1
连夜,lian|ye,lian2|ye4,0.85,1
连廊,lian|lang,lian2|lang2,0.86,1
连忙,lian|mang,lian2|mang2,0.85,1
连接,lian|jie,lian2|jie1,0.85,1
连续,lian|xu,lian2|xu4,0.85,1
连连,lian|lian,lian2|lian2,0.85,1
连通房,lian|tong|fang,lian2|tong1|fang2,0.86,1
迟早,chi|zao,chi2|zao3,0.85,1
迟疑,chi|yi,chi2|yi2,0.85,1
迫使,po|shi,po4|shi3,0.85,1
迫切,po|qie,po4|qie4,0.85,1
迫害,po|hai,po4|hai4,0.85,1
迷你,mi|ni,mi2|ni3,0.86,1
迷你吧,mi|ni|ba,mi2|ni3|ba1,0.86,1
迷你杯,mi|ni|bei,mi2|ni3|bei1,0.86,1
迷信,mi|xin,mi2|xin4,0.85,1
迹象,ji|xiang,ji4|xiang4,0.85,1
追光灯,zhui|guang|deng,zhui1|guang1|deng1,0.86,1
追加,zhui|jia,zhui1|jia1,0.85,1
追求,zhui|qiu,zhui1|qiu2,0.85,1
追溯,zhui|su,zhui1|su4,0.85,1
追究,zhui|jiu,zhui1|jiu1,0.85,1
追赶,zhui|gan,zhui1|gan3,0.85,1
追问,zhui|wen,zhui1|wen4,0.85,1
退休,tui|xiu,tui4|xiu1,0.85,1
退住单,tui|zhu|dan,tui4|zhu4|dan1,0.86,1
退出,tui|chu,tui4|chu1,0.85,1
退化,tui|hua,tui4|hua4,0.85,1
退单,tui|dan,tui4|dan1,0.9,1
退回,tui|hui,tui4|hui2,0.85,1
退役,tui|yi,tui4|yi4,0.85,1
退房,tui|fang,tui4|fang2,0.85,1
退房单,tui|fang|dan,tui4|fang2|dan1,0.86,1
退票,tui|piao,tui4|piao4,0.86,1
退票费,tui|piao|fei,tui4|piao4|fei4,0.86,1
送到,song|dao,song4|dao4,0.85,1
送客,song|ke,song4|ke4,0.9,1
送客点,song|ke|dian,song4|ke4|dian3,0.86,1
送机,song|ji,song4|ji1,0.85,1
送机员,song|ji|yuan,song4|ji1|yuan2,0.86,1
送来,song|lai,song4|lai2,0.85,1
送物车,song|wu|che,song4|wu4|che1,0.86,1
送站,song|zhan,song4|zhan4,0.86,1
送站员,song|zhan|yuan,song4|zhan4|yuan2,0.86,1
送给,song|gei,song4|gei3,0.85,1
送餐车,song|can|che,song4|can1|che1,0.86,1
适于,shi|yu,shi4|yu2,0.85,1
适合,shi|he,shi4|he2,0.85,1
适宜,shi|yi,shi4|yi2,0.85,1
适应,shi|ying,shi4|ying4,0.85,1
适应性,shi|ying|xing,shi4|ying4|xing4,0.85,1
适当,shi|dang,shi4|dang4,0.85,1
适才,shi|cai,shi4|cai2,0.85,1
适用,shi|yong,shi4|yong4,0.85,1
逃出,tao|chu,tao2|chu1,0.85,1
逃生图,tao|sheng|tu,tao2|sheng1|tu2,0.86,1
逃走,tao|zou,tao2|zou3,0.85,1
逃跑,tao|pao,tao2|pao3,0.85,1
逃避,tao|bi,tao2|bi4,0.85,1
选举,xuan|ju,xuan3|ju3,0.85,1
选举权,xuan|ju|quan,xuan3|ju3|quan2,0.85,1
选任,xuan|ren,xuan3|ren4,0.85,1
选出,xuan|chu,xuan3|chu1,0.85,1
选区,xuan|qu,xuan3|qu1,0.85,1
选定,xuan|ding,xuan3|ding4,0.85,1
选手,xuan|shou,xuan3|shou3,0.85,1
选拔,xuan|ba,xuan3|ba2,0.85,1
选择,xuan|ze,xuan3|ze2,0.85,1
选民,xuan|min,xuan3|min2,0.85,1
选用,xuan|yong,xuan3|yong4,0.85,1
选票,xuan|piao,xuan3|piao4,0.85,1
选票箱,xuan|piao|xiang,xuan3|piao4|xiang1,0.86,1
选项,xuan|xiang,xuan3|xiang4,0.85,1
透明,tou|ming,tou4|ming2,0.85,1
透过,tou|guo,tou4|guo4,0.85,1
透露,tou|lu,tou4|lu4,0.85,1
逐年,zhu|nian,zhu2|nian2,0.85,1
逐步,zhu|bu,zhu2|bu4,0.85,1
逐渐,zhu|jian,zhu2|jian4,0.85,1
递增,di|zeng,di4|zeng1,0.85,1
递给,di|gei,di4|gei3,0.85,1
途中,tu|zhong,tu2|zhong1,0.85,1
途径,tu|jing,tu2|jing4,0.85,1
通俗,tong|su,tong1|su2,0.85,1
通信,tong|xin,tong1|xin4,0.85,1
通关单,tong|guan|dan,tong1|guan1|dan1,0.86,1
通关口,tong|guan|kou,tong1|guan1|kou3,0.86,1
通勤车,tong|qin|che,tong1|qin2|che1,0.85,1
通向,tong|xiang,tong1|xiang4,0.85,1
通商,tong|shang,tong1|shang1,0.85,1
通天,tong|tian,tong1|tian1,0.85,1
通常,tong|chang,tong1|chang2,0.85,1
通往,tong|wang,tong1|wang3,0.85,1
通报,tong|bao,tong1|bao4,0.85,1
通用,tong|yong,tong1|yong4,0.85,1
通知,tong|zhi,tong1|zhi1,0.85,1
通称,tong|cheng,tong1|cheng1,0.85,1
通红,tong|hong,tong1|hong2,0.85,1
通航,tong|hang,tong1|hang2,0.85,1
通行,tong|xing,tong1|xing2,0.85,1
通行证,tong|xing|zheng,tong1|xing2|zheng4,0.86,1
通衢,tong|qu,tong1|qu2,0.85,1
通讯录,tong|xun|lu,tong1|xun4|lu4,0.86,1
通车,tong|che,tong1|che1,0.85,1
通过,tong|guo,tong1|guo4,0.85,1
通道,tong|dao,tong1|dao4,0.86,1
通道口,tong|dao|kou,tong1|dao4|kou3,0.86,1
通高,tong|gao,tong1|gao1,0.85,1
逝世,shi|shi,shi4|shi4,0.85,1
速度,su|du,su4|du4,0.85,1
速记员,su|ji|yuan,su4|ji4|yuan2,0.86,1
造反,zao|fan,zao4|fan3,0.85,1
造型,zao|xing,zao4|xing2,0.85,1
造就,zao|jiu,zao4|jiu4,0.85,1
造成,zao|cheng,zao4|cheng2,0.85,1
造林,zao|lin,zao4|lin2,0.85,1
造纸,zao|zhi,zao4|zhi3,0.85,1
造船,zao|chuan,zao4|chuan2,0.85,1
造诣,zao|yi,zao4|yi4,0.85,1
逮捕,dai|bu,dai3|bu3,0.85,1
逻辑,luo|ji,luo2|ji2,0.85,1
逼近,bi|jin,bi1|jin4,0.85,1
遇上,yu|shang,yu4|shang4,0.85,1
遇到,yu|dao,yu4|dao4,0.85,1
遇见,yu|jian,yu4|jian4,0.85,1
遍及,bian|ji,bian4|ji2,0.85,1
遍布,bian|bu,bian4|bu4,0.85,1
遏制,e|zhi,e4|zhi4,0.85,1
道人,dao|ren,dao4|ren2,0.85,1
道具,dao|ju,dao4|ju4,0.85,1
道士,dao|shi,dao4|shi4,0.85,1
道理,dao|li,dao4|li3,0.85,1
道路,dao|lu,dao4|lu4,0.85,1
遗产,yi|chan,yi2|chan3,0.85,1
遗传,yi|chuan,yi2|chuan2,0.85,1
遗体,yi|ti,yi2|ti3,0.85,1
遗址,yi|zhi,yi2|zhi3,0.85,1
遗址园,yi|zhi|yuan,yi2|zhi3|yuan2,0.86,1
遗憾,yi|han,yi2|han4,0.85,1
遗留,yi|liu,yi2|liu2,0.85,1
遗迹,yi|ji,yi2|ji4,0.85,1
遥远,yao|yuan,yao2|yuan3,0.85,1
遭到,zao|dao,zao1|dao4,0.85,1
遭受,zao|shou,zao1|shou4,0.85,1
遭遇,zao|yu,zao1|yu4,0.85,1
遵守,zun|shou,zun1|shou3,0.85,1
遵循,zun|xun,zun1|xun2,0.85,1
避免,bi|mian,bi4|mian3,0.85,1
避开,bi|kai,bi4|kai1,0.85,1
那个,na|ge,na4|ge0,0.85,1
那么,na|me,na4|me0,0.85,1
那些,na|xie,na4|xie1,0.85,1
那位,na|wei,na4|wei4,0.85,1
那儿,na|er,na4|er2,0.85,1
那天,na|tian,na4|tian1,0.85,1
那年,na|nian,na4|nian2,0.85,1
那日,na|ri,na4|ri4,0.85,1
那时,na|shi,na4|shi2,0.85,1
那末,na|mo,na4|mo4,0.85,1
那样,na|yang,na4|yang4,0.85,1
那次,na|ci,na4|ci4,0.85,1
那种,na|zhong,na4|zhong3,0.85,1
那边,na|bian,na4|bian1,0.85,1
那里,na|li,na4|li3,0.85,1
那铁,na|tie,na4|tie3,0.35,1
邮政,you|zheng,you2|zheng4,0.85,1
邻国,lin|guo,lin2|guo2,0.85,1
邻居,lin|ju,lin2|ju1,0.85,1
邻近,lin|jin,lin2|jin4,0.85,1
郊区,jiao|qu,jiao1|qu1,0.85,1
郑重,zheng|zhong,zheng4|zhong4,0.85,1
部下,bu|xia,bu4|xia4,0.85,1
部件,bu|jian,bu4|jian4,0.85,1
部位,bu|wei,bu4|wei4,0.85,1
部分,bu|fen,bu4|fen0,0.85,1
部委,bu|wei,bu4|wei3,0.85,1
部属,bu|shu,bu4|shu3,0.85,1
部族,bu|zu,bu4|zu2,0.85,1
部类,bu|lei,bu4|lei4,0.85,1
部署,bu|shu,bu4|shu3,0.86,1
部落,bu|luo,bu4|luo4,0.85,1
部长,bu|zhang,bu4|zhang3,0.85,1
部门,bu|men,bu4|men2,0.85,1
部队,bu|dui,bu4|dui4,0.85,1
都察院,dou|cha|yuan,dou1|cha2|yuan4,0.85,1
都督,du|du,du1|du0,0.85,1
都督府,du|du|fu,du1|du0|fu3,0.85,1
鄂豫皖,e|yu|wan,e4|yu4|wan3,0.85,1
配件,pei|jian,pei4|jian4,0.85,1
配合,pei|he,pei4|he2,0.85,1
配备,pei|bei,pei4|bei4,0.85,1
配套,pei|tao,pei4|tao4,0.85,1
配电箱,pei|dian|xiang,pei4|dian4|xiang1,0.86,1
配置,pei|zhi,pei4|zhi4,0.85,1
配置文件,pei|zhi|wen|jian,pei4|zhi4|wen2|jian4,0.9,1
配送,pei|song,pei4|song4,0.9,1
配额,pei|e,pei4|e2,0.86,1
酒家,jiu|jia,jiu3|jia1,0.85,1
酒店,jiu|dian,jiu3|dian4,0.85,1
酒店业,jiu|dian|ye,jiu3|dian4|ye4,0.86,1
酒杯,jiu|bei,jiu3|bei1,0.85,1
酒精,jiu|jing,jiu3|jing1,0.85,1
酒香调,jiu|xiang|tiao,jiu3|xiang1|tiao2,0.86,1
酱牛肉,jiang|niu|rou,jiang4|niu2|rou4,0.86,1
酸度,suan|du,suan1|du4,0.86,1
酸性,suan|xing,suan1|xing4,0.85,1
酸菜鱼,suan|cai|yu,suan1|cai4|yu2,0.86,1
酸质,suan|zhi,suan1|zhi4,0.86,1
酸辣汤,suan|la|tang,suan1|la4|tang1,0.86,1
醇厚,chun|hou,chun2|hou4,0.86,1
醇厚度,chun|hou|du,chun2|hou4|du4,0.86,1
醇厚感,chun|hou|gan,chun2|hou4|gan3,0.86,1
醒来,xing|lai,xing3|lai2,0.85,1
采取,cai|qu,cai3|qu3,0.85,1
采样管,cai|yang|guan,cai3|yang4|guan3,0.86,1
采用,cai|yong,cai3|yong4,0.85,1
采纳,cai|na,cai3|na4,0.85,1
采血室,cai|xue|shi,cai3|xue4|shi4,0.86,1
采血针,cai|xue|zhen,cai3|xue4|zhen1,0.86,1
采访,cai|fang,cai3|fang3,0.85,1
采访区,cai|fang|qu,cai3|fang3|qu1,0.86,1
采购,cai|gou,cai3|gou4,0.85,1
采集,cai|ji,cai3|ji2,0.85,1
释放,shi|fang,shi4|fang4,0.85,1
里头,li|tou,li3|tou0,0.85,1
里程,li|cheng,li3|cheng2,0.86,1
里程点,li|cheng|dian,li3|cheng2|dian3,0.86,1
里程碑,li|cheng|bei,li3|cheng2|bei1,0.85,1
里程表,li|cheng|biao,li3|cheng2|biao3,0.85,1
里边,li|bian,li3|bian1,0.85,1
里面,li|mian,li3|mian4,0.85,1
重任,zhong|ren,zhong4|ren4,0.85,1
重伤,zhong|shang,zhong4|shang1,0.85,1
重修,chong|xiu,chong2|xiu1,0.85,1
重力,zhong|li,zhong4|li4,0.85,1
重型,zhong|xing,zhong4|xing2,0.85,1
重复,chong|fu,chong2|fu4,0.85,1
重大,zhong|da,zhong4|da4,0.85,1
重建,chong|jian,chong2|jian4,0.85,1
重心,zhong|xin,zhong4|xin1,0.85,1
重排,zhong|pai,zhong4|pai2,0.86,1
重新,chong|xin,chong2|xin1,0.85,1
重檐,zhong|yan,zhong4|yan2,0.85,1
重点,zhong|dian,zhong4|dian3,0.85,1
重用,zhong|yong,zhong4|yong4,0.85,1
重申,chong|shen,chong2|shen1,0.85,1
重症科,zhong|zheng|ke,zhong4|zheng4|ke1,0.86,1
重组,zhong|zu,zhong4|zu3,0.85,1
重要,zhong|yao,zhong4|yao4,0.85,1
重要性,zhong|yao|xing,zhong4|yao4|xing4,0.85,1
重视,zhong|shi,zhong4|shi4,0.85,1
重辣,zhong|la,zhong4|la4,0.9,1
重重,chong|chong,chong2|chong2,0.85,1
重量,zhong|liang,zhong4|liang4,0.85,1
野人,ye|ren,ye3|ren2,0.85,1
野兽,ye|shou,ye3|shou4,0.85,1
野外,ye|wai,ye3|wai4,0.85,1
野心,ye|xin,ye3|xin1,0.85,1
野战军,ye|zhan|jun,ye3|zhan4|jun1,0.85,1
野生,ye|sheng,ye3|sheng1,0.85,1
野蛮,ye|man,ye3|man2,0.85,1
量勺,liang|shao,liang2|shao2,0.86,1
量化,liang|hua,liang2|hua4,0.86,1
量子,liang|zi,liang4|zi3,0.85,1
量杯,liang|bei,liang2|bei1,0.86,1
金丝,jin|si,jin1|si1,0.85,1
金代,jin|dai,jin1|dai4,0.85,1
金台,jin|tai,jin1|tai2,0.85,1
金属,jin|shu,jin1|shu3,0.85,1
金杯液,jin|bei|ye,jin1|bei1|ye4,0.86,1
金牌,jin|pai,jin1|pai2,0.85,1
金花,jin|hua,jin1|hua1,0.85,1
金萱茶,jin|xuan|cha,jin1|xuan1|cha2,0.86,1
金融,jin|rong,jin1|rong2,0.85,1
金轮,jin|lun,jin1|lun2,0.85,1
金钱,jin|qian,jin1|qian2,0.85,1
金额,jin|e,jin1|e2,0.85,1
鉴于,jian|yu,jian4|yu2,0.85,1
鉴定,jian|ding,jian4|ding4,0.85,1
针剂,zhen|ji,zhen1|ji4,0.86,1
针对,zhen|dui,zhen1|dui4,0.85,1
针对性,zhen|dui|xing,zhen1|dui4|xing4,0.85,1
针灸,zhen|jiu,zhen1|jiu3,0.86,1
针灸学,zhen|jiu|xue,zhen1|jiu3|xue2,0.86,1
针线包,zhen|xian|bao,zhen1|xian4|bao1,0.86,1
钟楼,zhong|lou,zhong1|lou2,0.86,1
钟点,zhong|dian,zhong1|dian3,0.86,1
钟点房,zhong|dian|fang,zhong1|dian3|fang2,0.86,1
钟贝,zhong|bei,zhong1|bei4,0.35,1
钢材,gang|cai,gang1|cai2,0.85,1
钢琴,gang|qin,gang1|qin2,0.85,1
钢筋,gang|jin,gang1|jin1,0.85,1
钢铁,gang|tie,gang1|tie3,0.85,1
钥匙,yao|shi,yao4|shi0,0.85,1
钦差,qin|chai,qin1|chai1,0.85,1
钻进,zuan|jin,zuan1|jin4,0.85,1
铁棒,tie|bang,tie3|bang4,0.85,1
铁矿,tie|kuang,tie3|kuang4,0.85,1
铁路,tie|lu,tie3|lu4,0.85,1
铁路线,tie|lu|xian,tie3|lu4|xian4,0.86,1
银子,yin|zi,yin2|zi0,0.85,1
银行,yin|hang,yin2|hang2,0.85,1
银鱼,yin|yu,yin2|yu2,0.85,1
铸造,zhu|zao,zhu4|zao4,0.85,1
链接,lian|jie,lian4|jie1,0.85,1
链路,lian|lu,lian4|lu4,0.86,1
销售,xiao|shou,xiao1|shou4,0.85,1
销售额,xiao|shou|e,xiao1|shou4|e2,0.85,1
锅巴,guo|ba,guo1|ba1,0.85,1
锅贴,guo|tie,guo1|tie1,0.86,1
错误,cuo|wu,cuo4|wu4,0.85,1
锦标赛,jin|biao|sai,jin3|biao1|sai4,0.85,1
锦衣卫,jin|yi|wei,jin3|yi1|wei4,0.85,1
锻炼,duan|lian,duan4|lian4,0.85,1
镇上,zhen|shang,zhen4|shang4,0.85,1
镇压,zhen|ya,zhen4|ya1,0.85,1
镇定,zhen|ding,zhen4|ding4,0.85,1
镇长,zhen|zhang,zhen4|zhang3,0.85,1
镜像,jing|xiang,jing4|xiang4,0.86,1
镜头,jing|tou,jing4|tou2,0.85,1
镜子,jing|zi,jing4|zi0,0.85,1
镜灯,jing|deng,jing4|deng1,0.86,1
长久,chang|jiu,chang2|jiu3,0.85,1
长停区,chang|ting|qu,chang2|ting2|qu1,0.86,1
长剑,chang|jian,chang2|jian4,0.85,1
长叹,chang|tan,chang2|tan4,0.85,1
长子,zhang|zi,zhang3|zi3,0.85,1
长官,zhang|guan,zhang3|guan1,0.85,1
长征,chang|zheng,chang2|zheng1,0.85,1
长方形,chang|fang|xing,chang2|fang1|xing2,0.85,1
长期,chang|qi,chang2|qi1,0.85,1
长老,zhang|lao,zhang3|lao3,0.85,1
长远,chang|yuan,chang2|yuan3,0.85,1
长黑,chang|hei,chang2|hei1,0.86,1
门下,men|xia,men2|xia4,0.85,1
门人,men|ren,men2|ren2,0.85,1
门内,men|nei,men2|nei4,0.85,1
门前,men|qian,men2|qian2,0.85,1
门厅,men|ting,men2|ting1,0.86,1
门口,men|kou,men2|kou3,0.85,1
门外,men|wai,men2|wai4,0.85,1
门户,men|hu,men2|hu4,0.85,1
门楼,men|lou,men2|lou2,0.85,1
门槛,men|kan,men2|kan3,0.85,1
门洞,men|dong,men2|dong4,0.85,1
门牌,men|pai,men2|pai2,0.86,1
门票,men|piao,men2|piao4,0.85,1
门禁,men|jin,men2|jin4,0.86,1
门窗,men|chuang,men2|chuang1,0.85,1
门类,men|lei,men2|lei4,0.85,1
门诊,men|zhen,men2|zhen3,0.86,1
门诊部,men|zhen|bu,men2|zhen3|bu4,0.86,1
门铃,men|ling,men2|ling2,0.86,1
闪烁,shan|shuo,shan3|shuo4,0.85,1
闪电,shan|dian,shan3|dian4,0.85,1
闪避,shan|bi,shan3|bi4,0.85,1
闭会,bi|hui,bi4|hui4,0.85,1
闭园,bi|yuan,bi4|yuan2,0.86,1
闭幕,bi|mu,bi4|mu4,0.86,1
闭幕会,bi|mu|hui,bi4|mu4|hui4,0.86,1
闭幕式,bi|mu|shi,bi4|mu4|shi4,0.86,1
闭馆,bi|guan,bi4|guan3,0.86,1
问一下,wen|yi|xia,wen4|yi2|xia4,0.82,1
问世,wen|shi,wen4|shi4,0.85,1
问询台,wen|xun|tai,wen4|xun2|tai2,0.86,1
问起,wen|qi,wen4|qi3,0.85,1
问道,wen|dao,wen4|dao4,0.85,1
问问,wen|wen,wen4|wen4,0.85,1
问题,wen|ti,wen4|ti2,0.85,1
闲暇,xian|xia,xian2|xia2,0.85,1
间接,jian|jie,jian4|jie1,0.85,1
间接待,jian|jie|dai,jian4|jie1|dai4,0.86,1
间谍,jian|die,jian4|die2,0.85,1
闷蒸,men|zheng,men1|zheng1,0.86,1
闸机,zha|ji,zha2|ji1,0.86,1
闻一多,wen|yi|duo,wen2|yi1|duo1,0.85,1
闻名,wen|ming,wen2|ming2,0.85,1
阁下,ge|xia,ge2|xia4,0.85,1
阅读,yue|du,yue4|du2,0.85,1
阅读灯,yue|du|deng,yue4|du2|deng1,0.86,1
阐明,chan|ming,chan3|ming2,0.85,1
阐述,chan|shu,chan3|shu4,0.85,1
阔叶树,kuo|ye|shu,kuo4|ye4|shu4,0.85,1
队伍,dui|wu,dui4|wu0,0.85,1
队友,dui|you,dui4|you3,0.85,1
队员,dui|yuan,dui4|yuan2,0.85,1
队长,dui|zhang,dui4|zhang3,0.85,1
防务,fang|wu,fang2|wu4,0.85,1
防卫,fang|wei,fang2|wei4,0.85,1
防备,fang|bei,fang2|bei4,0.85,1
防守,fang|shou,fang2|shou3,0.85,1
防御,fang|yu,fang2|yu4,0.85,1
防护,fang|hu,fang2|hu4,0.85,1
防止,fang|zhi,fang2|zhi3,0.85,1
防水,fang|shui,fang2|shui3,0.85,1
防治,fang|zhi,fang2|zhi4,0.85,1
防盗链,fang|dao|lian,fang2|dao4|lian4,0.86,1
防空,fang|kong,fang2|kong1,0.85,1
防线,fang|xian,fang2|xian4,0.85,1
防范,fang|fan,fang2|fan4,0.85,1
阳台,yang|tai,yang2|tai2,0.86,1
阳台房,yang|tai|fang,yang2|tai2|fang2,0.86,1
阳春面,yang|chun|mian,yang2|chun1|mian4,0.86,1
阴影,yin|ying,yin1|ying3,0.85,1
阴谋,yin|mou,yin1|mou2,0.85,1
阵地,zhen|di,zhen4|di4,0.85,1
阵容,zhen|rong,zhen4|rong2,0.85,1
阵法,zhen|fa,zhen4|fa3,0.85,1
阶层,jie|ceng,jie1|ceng2,0.85,1
阶梯,jie|ti,jie1|ti1,0.85,1
阶段,jie|duan,jie1|duan4,0.85,1
阶级,jie|ji,jie1|ji2,0.85,1
阻力,zu|li,zu3|li4,0.85,1
阻拦,zu|lan,zu3|lan2,0.85,1
阻挠,zu|nao,zu3|nao2,0.85,1
阻挡,zu|dang,zu3|dang3,0.85,1
阻止,zu|zhi,zu3|zhi3,0.85,1
阻碍,zu|ai,zu3|ai4,0.85,1
附属,fu|shu,fu4|shu3,0.85,1
附近,fu|jin,fu4|jin4,0.85,1
陆地,lu|di,lu4|di4,0.85,1
陆游,lu|you,lu4|you2,0.85,1
陆续,lu|xu,lu4|xu4,0.85,1
陌生,mo|sheng,mo4|sheng1,0.85,1
降临,jiang|lin,jiang4|lin2,0.85,1
降价,jiang|jia,jiang4|jia4,0.85,1
降低,jiang|di,jiang4|di1,0.85,1
降水,jiang|shui,jiang4|shui3,0.85,1
降水量,jiang|shui|liang,jiang4|shui3|liang4,0.85,1
降级,jiang|ji,jiang4|ji2,0.86,1
降落,jiang|luo,jiang4|luo4,0.85,1
限于,xian|yu,xian4|yu2,0.85,1
限制,xian|zhi,xian4|zhi4,0.85,1
限度,xian|du,xian4|du4,0.85,1
限流,xian|liu,xian4|liu2,0.86,1
限行,xian|xing,xian4|xing2,0.86,1
限速牌,xian|su|pai,xian4|su4|pai2,0.85,1
陛下,bi|xia,bi4|xia4,0.85,1
院中,yuan|zhong,yuan4|zhong1,0.85,1
院内,yuan|nei,yuan4|nei4,0.85,1
院士,yuan|shi,yuan4|shi4,0.85,1
院子,yuan|zi,yuan4|zi0,0.85,1
院校,yuan|xiao,yuan4|xiao4,0.85,1
院长,yuan|zhang,yuan4|zhang3,0.85,1
除去,chu|qu,chu2|qu4,0.85,1
除外,chu|wai,chu2|wai4,0.85,1
除湿机,chu|shi|ji,chu2|shi1|ji1,0.86,1
除非,chu|fei,chu2|fei1,0.85,1
除颤仪,chu|chan|yi,chu2|chan4|yi2,0.86,1
险些,xian|xie,xian3|xie1,0.85,1
陪同,pei|tong,pei2|tong2,0.85,1
陪护,pei|hu,pei2|hu4,0.86,1
陵墓,ling|mu,ling2|mu4,0.85,1
陶器,tao|qi,tao2|qi4,0.85,1
陶瓷,tao|ci,tao2|ci2,0.85,1
陶瓷杯,tao|ci|bei,tao2|ci2|bei1,0.86,1
陷于,xian|yu,xian4|yu2,0.85,1
陷入,xian|ru,xian4|ru4,0.85,1
陷阱,xian|jing,xian4|jing3,0.85,1
隆中,long|zhong,long2|zhong1,0.85,1
隆庆,long|qing,long2|qing4,0.85,1
隆起,long|qi,long2|qi3,0.85,1
隆重,long|zhong,long2|zhong4,0.85,1
隋唐,sui|tang,sui2|tang2,0.85,1
随之,sui|zhi,sui2|zhi1,0.85,1
随便,sui|bian,sui2|bian4,0.85,1
随即,sui|ji,sui2|ji2,0.85,1
随后,sui|hou,sui2|hou4,0.85,1
随意,sui|yi,sui2|yi4,0.85,1
随手,sui|shou,sui2|shou3,0.85,1
随时,sui|shi,sui2|shi2,0.85,1
随机,sui|ji,sui2|ji1,0.85,1
随着,sui|zhe,sui2|zhe0,0.85,1
随访表,sui|fang|biao,sui2|fang3|biao3,0.86,1
随身,sui|shen,sui2|shen1,0.85,1
随车员,sui|che|yuan,sui2|che1|yuan2,0.85,1
隐居,yin|ju,yin3|ju1,0.85,1
隐瞒,yin|man,yin3|man2,0.85,1
隐蔽,yin|bi,yin3|bi4,0.85,1
隐藏,yin|cang,yin3|cang2,0.85,1
隐隐,yin|yin,yin3|yin3,0.85,1
隔离,ge|li,ge2|li2,0.85,1
隔离区,ge|li|qu,ge2|li2|qu1,0.86,1
隔离带,ge|li|dai,ge2|li2|dai4,0.86,1
障碍,zhang|ai,zhang4|ai4,0.85,1
隧道,sui|dao,sui4|dao4,0.85,1
隧道口,sui|dao|kou,sui4|dao4|kou3,0.85,1
隶属,li|shu,li4|shu3,0.85,1
难以,nan|yi,nan2|yi3,0.85,1
难免,nan|mian,nan2|mian3,0.85,1
难受,nan|shou,nan2|shou4,0.85,1
难度,nan|du,nan2|du4,0.85,1
难得,nan|de,nan2|de2,0.85,1
难怪,nan|guai,nan2|guai4,0.85,1
难民,nan|min,nan4|min2,0.85,1
难过,nan|guo,nan2|guo4,0.85,1
难道,nan|dao,nan2|dao4,0.85,1
难题,nan|ti,nan2|ti2,0.85,1
雄伟,xiong|wei,xiong2|wei3,0.85,1
雄厚,xiong|hou,xiong2|hou4,0.85,1
雄壮,xiong|zhuang,xiong2|zhuang4,0.85,1
集中,ji|zhong,ji2|zhong1,0.85,1
集会,ji|hui,ji2|hui4,0.85,1
集体,ji|ti,ji2|ti3,0.85,1
集合,ji|he,ji2|he2,0.85,1
集合体,ji|he|ti,ji2|he2|ti3,0.86,1
集合区,ji|he|qu,ji2|he2|qu1,0.86,1
集合点,ji|he|dian,ji2|he2|dian3,0.85,1
集合论,ji|he|lun,ji2|he2|lun4,0.86,1
集团,ji|tuan,ji2|tuan2,0.85,1
集团军,ji|tuan|jun,ji2|tuan2|jun1,0.85,1
集成,ji|cheng,ji2|cheng2,0.85,1
集成测试,ji|cheng|ce|shi,ji2|cheng2|ce4|shi4,0.9,1
集散点,ji|san|dian,ji2|san4|dian3,0.86,1
集结,ji|jie,ji2|jie2,0.85,1
集结点,ji|jie|dian,ji2|jie2|dian3,0.85,1
集群,ji|qun,ji2|qun2,0.86,1
雇主,gu|zhu,gu4|zhu3,0.85,1
雇佣,gu|yong,gu4|yong1,0.85,1
雕刻,diao|ke,diao1|ke4,0.85,1
雕塑,diao|su,diao1|su4,0.85,1
雨伞,yu|san,yu3|san3,0.86,1
雨水,yu|shui,yu3|shui3,0.85,1
雪克杯,xue|ke|bei,xue3|ke4|bei1,0.86,1
雪白,xue|bai,xue3|bai2,0.85,1
零售,ling|shou,ling2|shou4,0.85,1
零星,ling|xing,ling2|xing1,0.85,1
雾化器,wu|hua|qi,wu4|hua4|qi4,0.86,1
雾化液,wu|hua|ye,wu4|hua4|ye4,0.86,1
需求,xu|qiu,xu1|qiu2,0.85,1
需讨论,xu|tao|lun,xu1|tao3|lun4,0.86,1
震动,zhen|dong,zhen4|dong4,0.85,1
震惊,zhen|jing,zhen4|jing1,0.85,1
震撼,zhen|han,zhen4|han4,0.85,1
霎时,sha|shi,sha4|shi2,0.85,1
露出,lu|chu,lu4|chu1,0.85,1
露天,lu|tian,lu4|tian1,0.85,1
露营地,lu|ying|di,lu4|ying2|di4,0.86,1
青年,qing|nian,qing1|nian2,0.85,1
青柠片,qing|ning|pian,qing1|ning2|pian4,0.86,1
青睐,qing|lai,qing1|lai4,0.85,1
青铜,qing|tong,qing1|tong2,0.85,1
静止,jing|zhi,jing4|zhi3,0.85,1
静脉,jing|mai,jing4|mai4,0.85,1
静脉针,jing|mai|zhen,jing4|mai4|zhen1,0.86,1
静静地,jing|jing|di,jing4|jing4|di4,0.85,1
非凡,fei|fan,fei1|fan2,0.85,1
非常,fei|chang,fei1|chang2,0.85,1
非法,fei|fa,fei1|fa3,0.85,1
靠近,kao|jin,kao4|jin4,0.85,1
面上,mian|shang,mian4|shang4,0.85,1
面临,mian|lin,mian4|lin2,0.85,1
面光灯,mian|guang|deng,mian4|guang1|deng1,0.86,1
面前,mian|qian,mian4|qian2,0.85,1
面包,mian|bao,mian4|bao1,0.85,1
面包房,mian|bao|fang,mian4|bao1|fang2,0.86,1
面包车,mian|bao|che,mian4|bao1|che1,0.86,1
面向,mian|xiang,mian4|xiang4,0.85,1
面子,mian|zi,mian4|zi0,0.85,1
面孔,mian|kong,mian4|kong3,0.85,1
面对,mian|dui,mian4|dui4,0.85,1
面条,mian|tiao,mian4|tiao2,0.85,1
面盆,mian|pen,mian4|pen2,0.86,1
面目,mian|mu,mian4|mu4,0.85,1
面积,mian|ji,mian4|ji1,0.85,1
面粉,mian|fen,mian4|fen3,0.85,1
面色,mian|se,mian4|se4,0.85,1
面试,mian|shi,mian4|shi4,0.85,1
面貌,mian|mao,mian4|mao4,0.85,1
革命,ge|ming,ge2|ming4,0.85,1
革新,ge|xin,ge2|xin1,0.85,1
音乐,yin|yue,yin1|yue4,0.85,1
音乐堂,yin|yue|tang,yin1|yue4|tang2,0.85,1
音响,yin|xiang,yin1|xiang3,0.86,1
音响师,yin|xiang|shi,yin1|xiang3|shi1,0.86,1
顶上,ding|shang,ding3|shang4,0.85,1
顶端,ding|duan,ding3|duan1,0.85,1
顶部,ding|bu,ding3|bu4,0.85,1
项目,xiang|mu,xiang4|mu4,0.85,1
顺便,shun|bian,shun4|bian4,0.85,1
顺利,shun|li,shun4|li4,0.85,1
顺序,shun|xu,shun4|xu4,0.85,1
顺治,shun|zhi,shun4|zhi4,0.85,1
顺着,shun|zhe,shun4|zhe0,0.85,1
顺风,shun|feng,shun4|feng1,0.85,1
顺风车,shun|feng|che,shun4|feng1|che1,0.86,1
顽强,wan|qiang,wan2|qiang2,0.85,1
顽童,wan|tong,wan2|tong2,0.85,1
顿时,dun|shi,dun4|shi2,0.85,1
颁发,ban|fa,ban1|fa1,0.85,1
颁布,ban|bu,ban1|bu4,0.85,1
预付,yu|fu,yu4|fu4,0.85,1
预先,yu|xian,yu4|xian1,0.85,1
预处理,yu|chu|li,yu4|chu3|li3,0.86,1
预备,yu|bei,yu4|bei4,0.85,1
预定,yu|ding,yu4|ding4,0.85,1
预报,yu|bao,yu4|bao4,0.85,1
预料,yu|liao,yu4|liao4,0.85,1
预期,yu|qi,yu4|qi1,0.85,1
预测,yu|ce,yu4|ce4,0.85,1
预浸泡,yu|jin|pao,yu4|jin4|pao4,0.86,1
预算,yu|suan,yu4|suan4,0.85,1
预约,yu|yue,yu4|yue1,0.85,1
预约票,yu|yue|piao,yu4|yue1|piao4,0.86,1
预言,yu|yan,yu4|yan2,0.85,1
预警,yu|jing,yu4|jing3,0.85,1
预计,yu|ji,yu4|ji4,0.85,1
预订,yu|ding,yu4|ding4,0.88,1
预防,yu|fang,yu4|fang2,0.85,1
领会,ling|hui,ling3|hui4,0.85,1
领先,ling|xian,ling3|xian1,0.85,1
领取,ling|qu,ling3|qu3,0.85,1
领土,ling|tu,ling3|tu3,0.85,1
领地,ling|di,ling3|di4,0.85,1
领域,ling|yu,ling3|yu4,0.85,1
领导,ling|dao,ling3|dao3,0.85,1
领导人,ling|dao|ren,ling3|dao3|ren2,0.85,1
领袖,ling|xiu,ling3|xiu4,0.85,1
频率,pin|l,pin2|l4,0.85,1
频繁,pin|fan,pin2|fan2,0.85,1
频道,pin|dao,pin2|dao4,0.85,1
频频,pin|pin,pin2|pin2,0.85,1
颗粒,ke|li,ke1|li4,0.85,1
题材,ti|cai,ti2|cai2,0.85,1
题目,ti|mu,ti2|mu4,0.85,1
颜色,yan|se,yan2|se4,0.85,1
额外,e|wai,e2|wai4,0.85,1
额头,e|tou,e2|tou2,0.85,1
颤抖,chan|dou,chan4|dou3,0.85,1
风俗,feng|su,feng1|su2,0.85,1
风光,feng|guang,feng1|guang1,0.85,1
风味,feng|wei,feng1|wei4,0.86,1
风味轮,feng|wei|lun,feng1|wei4|lun2,0.86,1
风声,feng|sheng,feng1|sheng1,0.85,1
风情,feng|qing,feng1|qing2,0.85,1
风景,feng|jing,feng1|jing3,0.85,1
风景区,feng|jing|qu,feng1|jing3|qu1,0.86,1
风景点,feng|jing|dian,feng1|jing3|dian3,0.86,1
风暴,feng|bao,feng1|bao4,0.85,1
风格,feng|ge,feng1|ge2,0.85,1
风气,feng|qi,feng1|qi4,0.85,1
风水,feng|shui,feng1|shui3,0.85,1
风波,feng|bo,feng1|bo1,0.85,1
风车,feng|che,feng1|che1,0.85,1
风采,feng|cai,feng1|cai3,0.85,1
风险,feng|xian,feng1|xian3,0.85,1
风雨,feng|yu,feng1|yu3,0.85,1
飞扬,fei|yang,fei1|yang2,0.85,1
飞机,fei|ji,fei1|ji1,0.85,1
飞机场,fei|ji|chang,fei1|ji1|chang3,0.86,1
飞舞,fei|wu,fei1|wu3,0.85,1
飞行,fei|xing,fei1|xing2,0.85,1
飞行员,fei|xing|yuan,fei1|xing2|yuan2,0.85,1
食品,shi|pin,shi2|pin3,0.85,1
食堂,shi|tang,shi2|tang2,0.85,1
食性,shi|xing,shi2|xing4,0.85,1
食欲,shi|yu,shi2|yu4,0.85,1
食物,shi|wu,shi2|wu4,0.85,1
食用,shi|yong,shi2|yong4,0.85,1
食盐,shi|yan,shi2|yan2,0.85,1
餐具,can|ju,can1|ju4,0.9,1
餐包,can|bao,can1|bao1,0.9,1
餐厅,can|ting,can1|ting1,0.85,1
餐台,can|tai,can1|tai2,0.86,1
餐饮部,can|yin|bu,can1|yin3|bu4,0.86,1
餐馆,can|guan,can1|guan3,0.85,1
饥饿,ji|e,ji1|e4,0.85,1
饭店,fan|dian,fan4|dian4,0.85,1
饭菜,fan|cai,fan4|cai4,0.85,1
饮料,yin|liao,yin3|liao4,0.85,1
饮酒,yin|jiu,yin3|jiu3,0.85,1
饮食,yin|shi,yin3|shi2,0.85,1
饱和,bao|he,bao3|he2,0.85,1
饲养,si|yang,si4|yang3,0.85,1
饲料,si|liao,si4|liao4,0.85,1
饿死,e|si,e4|si3,0.85,1
馄饨,hun|tun,hun2|tun0,0.86,1
馒头,man|tou,man2|tou0,0.85,1
首先,shou|xian,shou3|xian1,0.85,1
首席,shou|xi,shou3|xi2,0.85,1
首府,shou|fu,shou3|fu3,0.85,1
首班线,shou|ban|xian,shou3|ban1|xian4,0.85,1
首班车,shou|ban|che,shou3|ban1|che1,0.86,1
首相,shou|xiang,shou3|xiang4,0.85,1
首脑,shou|nao,shou3|nao3,0.85,1
首要,shou|yao,shou3|yao4,0.85,1
首辅,shou|fu,shou3|fu3,0.85,1
首都,shou|du,shou3|du1,0.85,1
首长,shou|zhang,shou3|zhang3,0.85,1
首领,shou|ling,shou3|ling3,0.85,1
首饰,shou|shi,shou3|shi4,0.85,1
香味,xiang|wei,xiang1|wei4,0.85,1
香料,xiang|liao,xiang1|liao4,0.85,1
香烟,xiang|yan,xiang1|yan1,0.85,1
香芋塔,xiang|yu|ta,xiang1|yu4|ta3,0.86,1
香草,xiang|cao,xiang1|cao3,0.86,1
香草卷,xiang|cao|juan,xiang1|cao3|juan4,0.86,1
香菜,xiang|cai,xiang1|cai4,0.85,1
香蒜条,xiang|suan|tiao,xiang1|suan4|tiao2,0.86,1
香蕉,xiang|jiao,xiang1|jiao1,0.85,1
香锅,xiang|guo,xiang1|guo1,0.86,1
馥芮白,fu|rui|bai,fu4|rui4|bai2,0.86,1
马上,ma|shang,ma3|shang4,0.85,1
马卡龙,ma|ka|long,ma3|ka3|long2,0.86,1
马桶盖,ma|tong|gai,ma3|tong3|gai4,0.86,1
马芬,ma|fen,ma3|fen1,0.85,1
马路,ma|lu,ma3|lu4,0.85,1
驱动,qu|dong,qu1|dong4,0.85,1
驱逐,qu|zhu,qu1|zhu2,0.85,1
驱逐舰,qu|zhu|jian,qu1|zhu2|jian4,0.85,1
驳运点,bo|yun|dian,bo2|yun4|dian3,0.86,1
驸马,fu|ma,fu4|ma3,0.85,1
驻军,zhu|jun,zhu4|jun1,0.85,1
驻华,zhu|hua,zhu4|hua2,0.85,1
驻地,zhu|di,zhu4|di4,0.85,1
驻外,zhu|wai,zhu4|wai4,0.85,1
驻扎,zhu|zha,zhu4|zha1,0.85,1
驻足,zhu|zu,zhu4|zu2,0.85,1
驾照,jia|zhao,jia4|zhao4,0.86,1
驾驶,jia|shi,jia4|shi3,0.85,1
驾驶员,jia|shi|yuan,jia4|shi3|yuan2,0.85,1
驾驶证,jia|shi|zheng,jia4|shi3|zheng4,0.85,1
驿站,yi|zhan,yi4|zhan4,0.86,1
驿道,yi|dao,yi4|dao4,0.86,1
骄傲,jiao|ao,jiao1|ao4,0.85,1
骆驼,luo|tuo,luo4|tuo2,0.85,1
验证,yan|zheng,yan4|zheng4,0.85,1
骑兵,qi|bing,qi2|bing1,0.85,1
骑士,qi|shi,qi2|shi4,0.85,1
骑行道,qi|hang|dao,qi2|hang2|dao4,0.86,1
骑马,qi|ma,qi2|ma3,0.85,1
骡子,luo|zi,luo2|zi3,0.85,1
骨头,gu|tou,gu3|tou0,0.85,1
骨干,gu|gan,gu3|gan4,0.85,1
骨科,gu|ke,gu3|ke1,0.86,1
骨骼,gu|ge,gu3|ge2,0.85,1
高中,gao|zhong,gao1|zhong1,0.85,1
高举,gao|ju,gao1|ju3,0.85,1
高于,gao|yu,gao1|yu2,0.85,1
高产,gao|chan,gao1|chan3,0.85,1
高位,gao|wei,gao1|wei4,0.85,1
高低,gao|di,gao1|di1,0.85,1
高兴,gao|xing,gao1|xing4,0.85,1
高出,gao|chu,gao1|chu1,0.85,1
高压,gao|ya,gao1|ya1,0.85,1
高呼,gao|hu,gao1|hu1,0.85,1
高声,gao|sheng,gao1|sheng1,0.85,1
高大,gao|da,gao1|da4,0.85,1
高尚,gao|shang,gao1|shang4,0.85,1
高层,gao|ceng,gao1|ceng2,0.85,1
高度,gao|du,gao1|du4,0.85,1
高手,gao|shou,gao1|shou3,0.85,1
高效,gao|xiao,gao1|xiao4,0.85,1
高新,gao|xin,gao1|xin1,0.85,1
高架桥,gao|jia|qiao,gao1|jia4|qiao2,0.85,1
高校,gao|xiao,gao1|xiao4,0.85,1
高档,gao|dang,gao1|dang4,0.85,1
高涨,gao|zhang,gao1|zhang3,0.85,1
高温,gao|wen,gao1|wen1,0.85,1
高空,gao|kong,gao1|kong1,0.85,1
高等,gao|deng,gao1|deng3,0.85,1
高粱,gao|liang,gao1|liang2,0.85,1
高级,gao|ji,gao1|ji2,0.85,1
高考,gao|kao,gao1|kao3,0.85,1
高血压,gao|xue|ya,gao1|xue4|ya1,0.85,1
高速,gao|su,gao1|su4,0.9,1
高铁,gao|tie,gao1|tie3,0.85,1
高铁站,gao|tie|zhan,gao1|tie3|zhan4,0.86,1
高高,gao|gao,gao1|gao1,0.85,1
鬼子,gui|zi,gui3|zi0,0.85,1
魅力,mei|li,mei4|li4,0.85,1
魔教,mo|jiao,mo2|jiao4,0.85,1
鱼池,yu|chi,yu2|chi2,0.85,1
鱼种,yu|zhong,yu2|zhong3,0.85,1
鱼类,yu|lei,yu2|lei4,0.85,1
鱼肚,yu|du,yu2|du4,0.85,1
鱼苗,yu|miao,yu2|miao2,0.85,1
鲜卑,xian|bei,xian1|bei1,0.85,1
鲜明,xian|ming,xian1|ming2,0.85,1
鲜牛奶,xian|niu|nai,xian1|niu2|nai3,0.86,1
鲜红,xian|hong,xian1|hong2,0.85,1
鲜美,xian|mei,xian1|mei3,0.85,1
鲜艳,xian|yan,xian1|yan4,0.85,1
鲜花,xian|hua,xian1|hua1,0.85,1
鲜花饼,xian|hua|bing,xian1|hua1|bing3,0.86,1
鲜血,xian|xue,xian1|xue4,0.85,1
鲟鱼,xun|yu,xun2|yu2,0.85,1
鳗鱼饭,man|yu|fan,man2|yu2|fan4,0.86,1
鸟瞰,niao|kan,niao3|kan4,0.85,1
鸟类,niao|lei,niao3|lei4,0.85,1
鸡排,ji|pai,ji1|pai2,0.86,1
鸡米花,ji|mi|hua,ji1|mi3|hua1,0.86,1
鸡蛋,ji|dan,ji1|dan4,0.85,1
鸡蛋饼,ji|dan|bing,ji1|dan4|bing3,0.86,1
鸭子,ya|zi,ya1|zi0,0.85,1
鸳鸯,yuan|yang,yuan1|yang1,0.85,1
鹧鸪,zhe|gu,zhe4|gu1,0.85,1
麋鹿,mi|lu,mi2|lu4,0.85,1
麦克风,mai|ke|feng,mai4|ke4|feng1,0.86,1
麻烦,ma|fan,ma2|fan2,0.35,1
麻薯,ma|shu,ma2|shu3,0.86,1
麻袋,ma|dai,ma2|dai4,0.85,1
麻辣烫,ma|la|tang,ma2|la4|tang4,0.86,1
麻醉,ma|zui,ma2|zui4,0.86,1
麻醉机,ma|zui|ji,ma2|zui4|ji1,0.86,1
麻醉科,ma|zui|ke,ma2|zui4|ke1,0.86,1
麻醉费,ma|zui|fei,ma2|zui4|fei4,0.86,1
黄包车,huang|bao|che,huang2|bao1|che1,0.86,1
黄土,huang|tu,huang2|tu3,0.85,1
黄家,huang|jia,huang2|jia1,0.85,1
黄昏,huang|hun,huang2|hun1,0.85,1
黄焖鸡,huang|men|ji,huang2|men4|ji1,0.86,1
黄色,huang|se,huang2|se4,0.85,1
黄金,huang|jin,huang2|jin1,0.85,1
黑人,hei|ren,hei1|ren2,0.85,1
黑夜,hei|ye,hei1|ye4,0.85,1
黑暗,hei|an,hei1|an4,0.85,1
黑森林,hei|sen|lin,hei1|sen1|lin2,0.86,1
黑珍珠,hei|zhen|zhu,hei1|zhen1|zhu1,0.86,1
黑白,hei|bai,hei1|bai2,0.85,1
黑糖浆,hei|tang|jiang,hei1|tang2|jiang1,0.86,1
黑色,hei|se,hei1|se4,0.85,1
黑衣,hei|yi,hei1|yi1,0.85,1
黑鱼,hei|yu,hei1|yu2,0.85,1
默默,mo|mo,mo4|mo4,0.85,1
默默地,mo|mo|di,mo4|mo4|di4,0.85,1
鼓乐,gu|yue,gu3|yue4,0.85,1
鼓励,gu|li,gu3|li4,0.85,1
鼓吹,gu|chui,gu3|chui1,0.85,1
鼓楼,gu|lou,gu3|lou2,0.86,1
鼓舞,gu|wu,gu3|wu3,0.85,1
鼻子,bi|zi,bi2|zi0,0.85,1
鼻孔,bi|kong,bi2|kong3,0.85,1
龙头,long|tou,long2|tou2,0.86,1
