caseId,windowId,windowText,stage,kept,reason
nn-train-01,0:1,我,generated,true,buildLexicalWindowQueries
nn-train-01,0:1,我,length_1_to_5,true,len=1
nn-train-01,0:1,我,latticeHardBlockFilter,true,pass
nn-train-01,0:1,我,recall_eligible,true,sent_to_recallTopKForWindows
nn-train-01,0:1,我,recall_hit,false,empty_hits
nn-train-01,0:2,我闷,generated,true,buildLexicalWindowQueries
nn-train-01,0:2,我闷,length_1_to_5,true,len=2
nn-train-01,0:2,我闷,latticeHardBlockFilter,true,pass
nn-train-01,0:2,我闷,recall_eligible,true,sent_to_recallTopKForWindows
nn-train-01,0:2,我闷,recall_hit,false,empty_hits
nn-train-01,0:3,我闷蒸,generated,true,buildLexicalWindowQueries
nn-train-01,0:3,我闷蒸,length_1_to_5,true,len=3
nn-train-01,0:3,我闷蒸,latticeHardBlockFilter,true,pass
nn-train-01,0:3,我闷蒸,recall_eligible,true,sent_to_recallTopKForWindows
nn-train-01,0:3,我闷蒸,recall_hit,false,empty_hits
nn-train-01,0:4,我闷蒸在,generated,true,buildLexicalWindowQueries
nn-train-01,0:4,我闷蒸在,length_1_to_5,true,len=4
nn-train-01,0:4,我闷蒸在,latticeHardBlockFilter,true,pass
nn-train-01,0:4,我闷蒸在,recall_eligible,true,sent_to_recallTopKForWindows
nn-train-01,0:4,我闷蒸在,recall_hit,false,empty_hits
nn-train-01,0:5,我闷蒸在升,generated,true,buildLexicalWindowQueries
nn-train-01,0:5,我闷蒸在升,length_1_to_5,true,len=5
nn-train-01,0:5,我闷蒸在升,latticeHardBlockFilter,true,pass
nn-train-01,0:5,我闷蒸在升,recall_eligible,true,sent_to_recallTopKForWindows
nn-train-01,0:5,我闷蒸在升,recall_hit,false,empty_hits
nn-train-01,1:2,闷,generated,true,buildLexicalWindowQueries
nn-train-01,1:2,闷,length_1_to_5,true,len=1
nn-train-01,1:2,闷,latticeHardBlockFilter,true,pass
nn-train-01,1:2,闷,recall_eligible,true,sent_to_recallTopKForWindows
nn-train-01,1:2,闷,recall_hit,false,empty_hits
nn-train-01,1:3,闷蒸,generated,true,buildLexicalWindowQueries
nn-train-01,1:3,闷蒸,length_1_to_5,true,len=2
nn-train-01,1:3,闷蒸,latticeHardBlockFilter,true,pass
nn-train-01,1:3,闷蒸,recall_eligible,true,sent_to_recallTopKForWindows
nn-train-01,1:3,闷蒸,recall_hit,true,闷蒸
nn-train-01,1:4,闷蒸在,generated,true,buildLexicalWindowQueries
nn-train-01,1:4,闷蒸在,length_1_to_5,true,len=3
nn-train-01,1:4,闷蒸在,latticeHardBlockFilter,true,pass
nn-train-01,1:4,闷蒸在,recall_eligible,true,sent_to_recallTopKForWindows
nn-train-01,1:4,闷蒸在,recall_hit,false,empty_hits
nn-train-01,1:5,闷蒸在升,generated,true,buildLexicalWindowQueries
nn-train-01,1:5,闷蒸在升,length_1_to_5,true,len=4
nn-train-01,1:5,闷蒸在升,latticeHardBlockFilter,true,pass
nn-train-01,1:5,闷蒸在升,recall_eligible,true,sent_to_recallTopKForWindows
nn-train-01,1:5,闷蒸在升,recall_hit,false,empty_hits
nn-train-01,1:6,闷蒸在升级,generated,true,buildLexicalWindowQueries
nn-train-01,1:6,闷蒸在升级,length_1_to_5,true,len=5
nn-train-01,1:6,闷蒸在升级,latticeHardBlockFilter,true,pass
nn-train-01,1:6,闷蒸在升级,recall_eligible,true,sent_to_recallTopKForWindows
nn-train-01,1:6,闷蒸在升级,recall_hit,false,empty_hits
nn-train-01,2:3,蒸,generated,true,buildLexicalWindowQueries
nn-train-01,2:3,蒸,length_1_to_5,true,len=1
nn-train-01,2:3,蒸,latticeHardBlockFilter,true,pass
nn-train-01,2:3,蒸,recall_eligible,true,sent_to_recallTopKForWindows
nn-train-01,2:3,蒸,recall_hit,false,empty_hits
nn-train-01,2:4,蒸在,generated,true,buildLexicalWindowQueries
nn-train-01,2:4,蒸在,length_1_to_5,true,len=2
nn-train-01,2:4,蒸在,latticeHardBlockFilter,true,pass
nn-train-01,2:4,蒸在,recall_eligible,true,sent_to_recallTopKForWindows
nn-train-01,2:4,蒸在,recall_hit,false,empty_hits
nn-train-01,2:5,蒸在升,generated,true,buildLexicalWindowQueries
nn-train-01,2:5,蒸在升,length_1_to_5,true,len=3
nn-train-01,2:5,蒸在升,latticeHardBlockFilter,true,pass
nn-train-01,2:5,蒸在升,recall_eligible,true,sent_to_recallTopKForWindows
nn-train-01,2:5,蒸在升,recall_hit,false,empty_hits
nn-train-01,2:6,蒸在升级,generated,true,buildLexicalWindowQueries
nn-train-01,2:6,蒸在升级,length_1_to_5,true,len=4
nn-train-01,2:6,蒸在升级,latticeHardBlockFilter,true,pass
nn-train-01,2:6,蒸在升级,recall_eligible,true,sent_to_recallTopKForWindows
nn-train-01,2:6,蒸在升级,recall_hit,false,empty_hits
nn-train-01,2:7,蒸在升级公,generated,true,buildLexicalWindowQueries
nn-train-01,2:7,蒸在升级公,length_1_to_5,true,len=5
nn-train-01,2:7,蒸在升级公,latticeHardBlockFilter,true,pass
nn-train-01,2:7,蒸在升级公,recall_eligible,true,sent_to_recallTopKForWindows
nn-train-01,2:7,蒸在升级公,recall_hit,false,empty_hits
nn-train-01,3:4,在,generated,true,buildLexicalWindowQueries
nn-train-01,3:4,在,length_1_to_5,true,len=1
nn-train-01,3:4,在,latticeHardBlockFilter,true,pass
nn-train-01,3:4,在,recall_eligible,true,sent_to_recallTopKForWindows
nn-train-01,3:4,在,recall_hit,false,empty_hits
nn-train-01,3:5,在升,generated,true,buildLexicalWindowQueries
nn-train-01,3:5,在升,length_1_to_5,true,len=2
nn-train-01,3:5,在升,latticeHardBlockFilter,true,pass
nn-train-01,3:5,在升,recall_eligible,true,sent_to_recallTopKForWindows
nn-train-01,3:5,在升,recall_hit,false,empty_hits
nn-train-01,3:6,在升级,generated,true,buildLexicalWindowQueries
nn-train-01,3:6,在升级,length_1_to_5,true,len=3
nn-train-01,3:6,在升级,latticeHardBlockFilter,true,pass
nn-train-01,3:6,在升级,recall_eligible,true,sent_to_recallTopKForWindows
nn-train-01,3:6,在升级,recall_hit,false,empty_hits
nn-train-01,3:7,在升级公,generated,true,buildLexicalWindowQueries
nn-train-01,3:7,在升级公,length_1_to_5,true,len=4
nn-train-01,3:7,在升级公,latticeHardBlockFilter,true,pass
nn-train-01,3:7,在升级公,recall_eligible,true,sent_to_recallTopKForWindows
nn-train-01,3:7,在升级公,recall_hit,false,empty_hits
nn-train-01,3:8,在升级公司,generated,true,buildLexicalWindowQueries
nn-train-01,3:8,在升级公司,length_1_to_5,true,len=5
nn-train-01,3:8,在升级公司,latticeHardBlockFilter,true,pass
nn-train-01,3:8,在升级公司,recall_eligible,true,sent_to_recallTopKForWindows
nn-train-01,3:8,在升级公司,recall_hit,false,empty_hits
nn-train-01,4:5,升,generated,true,buildLexicalWindowQueries
nn-train-01,4:5,升,length_1_to_5,true,len=1
nn-train-01,4:5,升,latticeHardBlockFilter,true,pass
nn-train-01,4:5,升,recall_eligible,true,sent_to_recallTopKForWindows
nn-train-01,4:5,升,recall_hit,false,empty_hits
nn-train-01,4:6,升级,generated,true,buildLexicalWindowQueries
nn-train-01,4:6,升级,length_1_to_5,true,len=2
nn-train-01,4:6,升级,latticeHardBlockFilter,true,pass
nn-train-01,4:6,升级,recall_eligible,true,sent_to_recallTopKForWindows
nn-train-01,4:6,升级,recall_hit,false,empty_hits
nn-train-01,4:7,升级公,generated,true,buildLexicalWindowQueries
nn-train-01,4:7,升级公,length_1_to_5,true,len=3
nn-train-01,4:7,升级公,latticeHardBlockFilter,true,pass
nn-train-01,4:7,升级公,recall_eligible,true,sent_to_recallTopKForWindows
nn-train-01,4:7,升级公,recall_hit,false,empty_hits
nn-train-01,4:8,升级公司,generated,true,buildLexicalWindowQueries
nn-train-01,4:8,升级公司,length_1_to_5,true,len=4
nn-train-01,4:8,升级公司,latticeHardBlockFilter,true,pass
nn-train-01,4:8,升级公司,recall_eligible,true,sent_to_recallTopKForWindows
nn-train-01,4:8,升级公司,recall_hit,false,empty_hits
nn-train-01,4:9,升级公司内,generated,true,buildLexicalWindowQueries
nn-train-01,4:9,升级公司内,length_1_to_5,true,len=5
nn-train-01,4:9,升级公司内,latticeHardBlockFilter,true,pass
nn-train-01,4:9,升级公司内,recall_eligible,true,sent_to_recallTopKForWindows
nn-train-01,4:9,升级公司内,recall_hit,false,empty_hits
nn-train-01,5:6,级,generated,true,buildLexicalWindowQueries
nn-train-01,5:6,级,length_1_to_5,true,len=1
nn-train-01,5:6,级,latticeHardBlockFilter,true,pass
nn-train-01,5:6,级,recall_eligible,true,sent_to_recallTopKForWindows
nn-train-01,5:6,级,recall_hit,false,empty_hits
nn-train-01,5:7,级公,generated,true,buildLexicalWindowQueries
nn-train-01,5:7,级公,length_1_to_5,true,len=2
nn-train-01,5:7,级公,latticeHardBlockFilter,true,pass
nn-train-01,5:7,级公,recall_eligible,true,sent_to_recallTopKForWindows
nn-train-01,5:7,级公,recall_hit,false,empty_hits
nn-train-01,5:8,级公司,generated,true,buildLexicalWindowQueries
nn-train-01,5:8,级公司,length_1_to_5,true,len=3
nn-train-01,5:8,级公司,latticeHardBlockFilter,true,pass
nn-train-01,5:8,级公司,recall_eligible,true,sent_to_recallTopKForWindows
nn-train-01,5:8,级公司,recall_hit,false,empty_hits
nn-train-01,5:9,级公司内,generated,true,buildLexicalWindowQueries
nn-train-01,5:9,级公司内,length_1_to_5,true,len=4
nn-train-01,5:9,级公司内,latticeHardBlockFilter,true,pass
nn-train-01,5:9,级公司内,recall_eligible,true,sent_to_recallTopKForWindows
nn-train-01,5:9,级公司内,recall_hit,false,empty_hits
nn-train-01,5:10,级公司内部,generated,true,buildLexicalWindowQueries
nn-train-01,5:10,级公司内部,length_1_to_5,true,len=5
nn-train-01,5:10,级公司内部,latticeHardBlockFilter,true,pass
nn-train-01,5:10,级公司内部,recall_eligible,true,sent_to_recallTopKForWindows
nn-train-01,5:10,级公司内部,recall_hit,false,empty_hits
nn-train-01,6:7,公,generated,true,buildLexicalWindowQueries
nn-train-01,6:7,公,length_1_to_5,true,len=1
nn-train-01,6:7,公,latticeHardBlockFilter,true,pass
nn-train-01,6:7,公,recall_eligible,true,sent_to_recallTopKForWindows
nn-train-01,6:7,公,recall_hit,false,empty_hits
nn-train-01,6:8,公司,generated,true,buildLexicalWindowQueries
nn-train-01,6:8,公司,length_1_to_5,true,len=2
nn-train-01,6:8,公司,latticeHardBlockFilter,true,pass
nn-train-01,6:8,公司,recall_eligible,true,sent_to_recallTopKForWindows
nn-train-01,6:8,公司,recall_hit,true,公司
nn-train-01,6:9,公司内,generated,true,buildLexicalWindowQueries
nn-train-01,6:9,公司内,length_1_to_5,true,len=3
nn-train-01,6:9,公司内,latticeHardBlockFilter,true,pass
nn-train-01,6:9,公司内,recall_eligible,true,sent_to_recallTopKForWindows
nn-train-01,6:9,公司内,recall_hit,false,empty_hits
nn-train-01,6:10,公司内部,generated,true,buildLexicalWindowQueries
nn-train-01,6:10,公司内部,length_1_to_5,true,len=4
nn-train-01,6:10,公司内部,latticeHardBlockFilter,true,pass
nn-train-01,6:10,公司内部,recall_eligible,true,sent_to_recallTopKForWindows
nn-train-01,6:10,公司内部,recall_hit,false,empty_hits
nn-train-01,6:11,公司内部的,generated,true,buildLexicalWindowQueries
nn-train-01,6:11,公司内部的,length_1_to_5,true,len=5
nn-train-01,6:11,公司内部的,latticeHardBlockFilter,true,pass
nn-train-01,6:11,公司内部的,recall_eligible,true,sent_to_recallTopKForWindows
nn-train-01,6:11,公司内部的,recall_hit,false,empty_hits
nn-train-01,7:8,司,generated,true,buildLexicalWindowQueries
nn-train-01,7:8,司,length_1_to_5,true,len=1
nn-train-01,7:8,司,latticeHardBlockFilter,true,pass
nn-train-01,7:8,司,recall_eligible,true,sent_to_recallTopKForWindows
nn-train-01,7:8,司,recall_hit,false,empty_hits
nn-train-01,7:9,司内,generated,true,buildLexicalWindowQueries
nn-train-01,7:9,司内,length_1_to_5,true,len=2
nn-train-01,7:9,司内,latticeHardBlockFilter,true,pass
nn-train-01,7:9,司内,recall_eligible,true,sent_to_recallTopKForWindows
nn-train-01,7:9,司内,recall_hit,false,empty_hits
nn-train-01,7:10,司内部,generated,true,buildLexicalWindowQueries
nn-train-01,7:10,司内部,length_1_to_5,true,len=3
nn-train-01,7:10,司内部,latticeHardBlockFilter,true,pass
nn-train-01,7:10,司内部,recall_eligible,true,sent_to_recallTopKForWindows
nn-train-01,7:10,司内部,recall_hit,false,empty_hits
nn-train-01,7:11,司内部的,generated,true,buildLexicalWindowQueries
nn-train-01,7:11,司内部的,length_1_to_5,true,len=4
nn-train-01,7:11,司内部的,latticeHardBlockFilter,true,pass
nn-train-01,7:11,司内部的,recall_eligible,true,sent_to_recallTopKForWindows
nn-train-01,7:11,司内部的,recall_hit,false,empty_hits
nn-train-01,7:12,司内部的专,generated,true,buildLexicalWindowQueries
nn-train-01,7:12,司内部的专,length_1_to_5,true,len=5
nn-train-01,7:12,司内部的专,latticeHardBlockFilter,true,pass
nn-train-01,7:12,司内部的专,recall_eligible,true,sent_to_recallTopKForWindows
nn-train-01,7:12,司内部的专,recall_hit,false,empty_hits
nn-train-01,8:9,内,generated,true,buildLexicalWindowQueries
nn-train-01,8:9,内,length_1_to_5,true,len=1
nn-train-01,8:9,内,latticeHardBlockFilter,true,pass
nn-train-01,8:9,内,recall_eligible,true,sent_to_recallTopKForWindows
nn-train-01,8:9,内,recall_hit,false,empty_hits
nn-train-01,8:10,内部,generated,true,buildLexicalWindowQueries
nn-train-01,8:10,内部,length_1_to_5,true,len=2
nn-train-01,8:10,内部,latticeHardBlockFilter,true,pass
nn-train-01,8:10,内部,recall_eligible,true,sent_to_recallTopKForWindows
nn-train-01,8:10,内部,recall_hit,false,empty_hits
nn-train-01,8:11,内部的,generated,true,buildLexicalWindowQueries
nn-train-01,8:11,内部的,length_1_to_5,true,len=3
nn-train-01,8:11,内部的,latticeHardBlockFilter,true,pass
nn-train-01,8:11,内部的,recall_eligible,true,sent_to_recallTopKForWindows
nn-train-01,8:11,内部的,recall_hit,false,empty_hits
nn-train-01,8:12,内部的专,generated,true,buildLexicalWindowQueries
nn-train-01,8:12,内部的专,length_1_to_5,true,len=4
nn-train-01,8:12,内部的专,latticeHardBlockFilter,true,pass
nn-train-01,8:12,内部的专,recall_eligible,true,sent_to_recallTopKForWindows
nn-train-01,8:12,内部的专,recall_hit,false,empty_hits
nn-train-01,8:13,内部的专家,generated,true,buildLexicalWindowQueries
nn-train-01,8:13,内部的专家,length_1_to_5,true,len=5
nn-train-01,8:13,内部的专家,latticeHardBlockFilter,true,pass
nn-train-01,8:13,内部的专家,recall_eligible,true,sent_to_recallTopKForWindows
nn-train-01,8:13,内部的专家,recall_hit,false,empty_hits
nn-train-01,9:10,部,generated,true,buildLexicalWindowQueries
nn-train-01,9:10,部,length_1_to_5,true,len=1
nn-train-01,9:10,部,latticeHardBlockFilter,true,pass
nn-train-01,9:10,部,recall_eligible,true,sent_to_recallTopKForWindows
nn-train-01,9:10,部,recall_hit,false,empty_hits
nn-train-01,9:11,部的,generated,true,buildLexicalWindowQueries
nn-train-01,9:11,部的,length_1_to_5,true,len=2
nn-train-01,9:11,部的,latticeHardBlockFilter,true,pass
nn-train-01,9:11,部的,recall_eligible,true,sent_to_recallTopKForWindows
nn-train-01,9:11,部的,recall_hit,false,empty_hits
nn-train-01,9:12,部的专,generated,true,buildLexicalWindowQueries
nn-train-01,9:12,部的专,length_1_to_5,true,len=3
nn-train-01,9:12,部的专,latticeHardBlockFilter,true,pass
nn-train-01,9:12,部的专,recall_eligible,true,sent_to_recallTopKForWindows
nn-train-01,9:12,部的专,recall_hit,false,empty_hits
nn-train-01,9:13,部的专家,generated,true,buildLexicalWindowQueries
nn-train-01,9:13,部的专家,length_1_to_5,true,len=4
nn-train-01,9:13,部的专家,latticeHardBlockFilter,true,pass
nn-train-01,9:13,部的专家,recall_eligible,true,sent_to_recallTopKForWindows
nn-train-01,9:13,部的专家,recall_hit,false,empty_hits
nn-train-01,9:14,部的专家系,generated,true,buildLexicalWindowQueries
nn-train-01,9:14,部的专家系,length_1_to_5,true,len=5
nn-train-01,9:14,部的专家系,latticeHardBlockFilter,true,pass
nn-train-01,9:14,部的专家系,recall_eligible,true,sent_to_recallTopKForWindows
nn-train-01,9:14,部的专家系,recall_hit,false,empty_hits
nn-train-01,10:11,的,generated,true,buildLexicalWindowQueries
nn-train-01,10:11,的,length_1_to_5,true,len=1
nn-train-01,10:11,的,latticeHardBlockFilter,true,pass
nn-train-01,10:11,的,recall_eligible,true,sent_to_recallTopKForWindows
nn-train-01,10:11,的,recall_hit,false,empty_hits
nn-train-01,10:12,的专,generated,true,buildLexicalWindowQueries
nn-train-01,10:12,的专,length_1_to_5,true,len=2
nn-train-01,10:12,的专,latticeHardBlockFilter,true,pass
nn-train-01,10:12,的专,recall_eligible,true,sent_to_recallTopKForWindows
nn-train-01,10:12,的专,recall_hit,false,empty_hits
nn-train-01,10:13,的专家,generated,true,buildLexicalWindowQueries
nn-train-01,10:13,的专家,length_1_to_5,true,len=3
nn-train-01,10:13,的专家,latticeHardBlockFilter,true,pass
nn-train-01,10:13,的专家,recall_eligible,true,sent_to_recallTopKForWindows
nn-train-01,10:13,的专家,recall_hit,false,empty_hits
nn-train-01,10:14,的专家系,generated,true,buildLexicalWindowQueries
nn-train-01,10:14,的专家系,length_1_to_5,true,len=4
nn-train-01,10:14,的专家系,latticeHardBlockFilter,true,pass
nn-train-01,10:14,的专家系,recall_eligible,true,sent_to_recallTopKForWindows
nn-train-01,10:14,的专家系,recall_hit,false,empty_hits
nn-train-01,10:15,的专家系统,generated,true,buildLexicalWindowQueries
nn-train-01,10:15,的专家系统,length_1_to_5,true,len=5
nn-train-01,10:15,的专家系统,latticeHardBlockFilter,true,pass
nn-train-01,10:15,的专家系统,recall_eligible,true,sent_to_recallTopKForWindows
nn-train-01,10:15,的专家系统,recall_hit,false,empty_hits
nn-train-01,11:12,专,generated,true,buildLexicalWindowQueries
nn-train-01,11:12,专,length_1_to_5,true,len=1
nn-train-01,11:12,专,latticeHardBlockFilter,true,pass
nn-train-01,11:12,专,recall_eligible,true,sent_to_recallTopKForWindows
nn-train-01,11:12,专,recall_hit,false,empty_hits
nn-train-01,11:13,专家,generated,true,buildLexicalWindowQueries
nn-train-01,11:13,专家,length_1_to_5,true,len=2
nn-train-01,11:13,专家,latticeHardBlockFilter,true,pass
nn-train-01,11:13,专家,recall_eligible,true,sent_to_recallTopKForWindows
nn-train-01,11:13,专家,recall_hit,true,专家
nn-train-01,11:14,专家系,generated,true,buildLexicalWindowQueries
nn-train-01,11:14,专家系,length_1_to_5,true,len=3
nn-train-01,11:14,专家系,latticeHardBlockFilter,true,pass
nn-train-01,11:14,专家系,recall_eligible,true,sent_to_recallTopKForWindows
nn-train-01,11:14,专家系,recall_hit,false,empty_hits
nn-train-01,11:15,专家系统,generated,true,buildLexicalWindowQueries
nn-train-01,11:15,专家系统,length_1_to_5,true,len=4
nn-train-01,11:15,专家系统,latticeHardBlockFilter,true,pass
nn-train-01,11:15,专家系统,recall_eligible,true,sent_to_recallTopKForWindows
nn-train-01,11:15,专家系统,recall_hit,false,empty_hits
nn-train-01,11:16,专家系统平,generated,true,buildLexicalWindowQueries
nn-train-01,11:16,专家系统平,length_1_to_5,true,len=5
nn-train-01,11:16,专家系统平,latticeHardBlockFilter,true,pass
nn-train-01,11:16,专家系统平,recall_eligible,true,sent_to_recallTopKForWindows
nn-train-01,11:16,专家系统平,recall_hit,false,empty_hits
nn-train-01,12:13,家,generated,true,buildLexicalWindowQueries
nn-train-01,12:13,家,length_1_to_5,true,len=1
nn-train-01,12:13,家,latticeHardBlockFilter,true,pass
nn-train-01,12:13,家,recall_eligible,true,sent_to_recallTopKForWindows
nn-train-01,12:13,家,recall_hit,false,empty_hits
nn-train-01,12:14,家系,generated,true,buildLexicalWindowQueries
nn-train-01,12:14,家系,length_1_to_5,true,len=2
nn-train-01,12:14,家系,latticeHardBlockFilter,true,pass
nn-train-01,12:14,家系,recall_eligible,true,sent_to_recallTopKForWindows
nn-train-01,12:14,家系,recall_hit,false,empty_hits
nn-train-01,12:15,家系统,generated,true,buildLexicalWindowQueries
nn-train-01,12:15,家系统,length_1_to_5,true,len=3
nn-train-01,12:15,家系统,latticeHardBlockFilter,true,pass
nn-train-01,12:15,家系统,recall_eligible,true,sent_to_recallTopKForWindows
nn-train-01,12:15,家系统,recall_hit,false,empty_hits
nn-train-01,12:16,家系统平,generated,true,buildLexicalWindowQueries
nn-train-01,12:16,家系统平,length_1_to_5,true,len=4
nn-train-01,12:16,家系统平,latticeHardBlockFilter,true,pass
nn-train-01,12:16,家系统平,recall_eligible,true,sent_to_recallTopKForWindows
nn-train-01,12:16,家系统平,recall_hit,false,empty_hits
nn-train-01,12:17,家系统平台,generated,true,buildLexicalWindowQueries
nn-train-01,12:17,家系统平台,length_1_to_5,true,len=5
nn-train-01,12:17,家系统平台,latticeHardBlockFilter,true,pass
nn-train-01,12:17,家系统平台,recall_eligible,true,sent_to_recallTopKForWindows
nn-train-01,12:17,家系统平台,recall_hit,false,empty_hits
nn-train-01,13:14,系,generated,true,buildLexicalWindowQueries
nn-train-01,13:14,系,length_1_to_5,true,len=1
nn-train-01,13:14,系,latticeHardBlockFilter,true,pass
nn-train-01,13:14,系,recall_eligible,true,sent_to_recallTopKForWindows
nn-train-01,13:14,系,recall_hit,false,empty_hits
nn-train-01,13:15,系统,generated,true,buildLexicalWindowQueries
nn-train-01,13:15,系统,length_1_to_5,true,len=2
nn-train-01,13:15,系统,latticeHardBlockFilter,true,pass
nn-train-01,13:15,系统,recall_eligible,true,sent_to_recallTopKForWindows
nn-train-01,13:15,系统,recall_hit,false,empty_hits
nn-train-01,13:16,系统平,generated,true,buildLexicalWindowQueries
nn-train-01,13:16,系统平,length_1_to_5,true,len=3
nn-train-01,13:16,系统平,latticeHardBlockFilter,true,pass
nn-train-01,13:16,系统平,recall_eligible,true,sent_to_recallTopKForWindows
nn-train-01,13:16,系统平,recall_hit,false,empty_hits
nn-train-01,13:17,系统平台,generated,true,buildLexicalWindowQueries
nn-train-01,13:17,系统平台,length_1_to_5,true,len=4
nn-train-01,13:17,系统平台,latticeHardBlockFilter,true,pass
nn-train-01,13:17,系统平台,recall_eligible,true,sent_to_recallTopKForWindows
nn-train-01,13:17,系统平台,recall_hit,false,empty_hits
nn-train-01,14:15,统,generated,true,buildLexicalWindowQueries
nn-train-01,14:15,统,length_1_to_5,true,len=1
nn-train-01,14:15,统,latticeHardBlockFilter,true,pass
nn-train-01,14:15,统,recall_eligible,true,sent_to_recallTopKForWindows
nn-train-01,14:15,统,recall_hit,false,empty_hits
nn-train-01,14:16,统平,generated,true,buildLexicalWindowQueries
nn-train-01,14:16,统平,length_1_to_5,true,len=2
nn-train-01,14:16,统平,latticeHardBlockFilter,true,pass
nn-train-01,14:16,统平,recall_eligible,true,sent_to_recallTopKForWindows
nn-train-01,14:16,统平,recall_hit,false,empty_hits
nn-train-01,14:17,统平台,generated,true,buildLexicalWindowQueries
nn-train-01,14:17,统平台,length_1_to_5,true,len=3
nn-train-01,14:17,统平台,latticeHardBlockFilter,true,pass
nn-train-01,14:17,统平台,recall_eligible,true,sent_to_recallTopKForWindows
nn-train-01,14:17,统平台,recall_hit,false,empty_hits
nn-train-01,15:16,平,generated,true,buildLexicalWindowQueries
nn-train-01,15:16,平,length_1_to_5,true,len=1
nn-train-01,15:16,平,latticeHardBlockFilter,true,pass
nn-train-01,15:16,平,recall_eligible,true,sent_to_recallTopKForWindows
nn-train-01,15:16,平,recall_hit,false,empty_hits
nn-train-01,15:17,平台,generated,true,buildLexicalWindowQueries
nn-train-01,15:17,平台,length_1_to_5,true,len=2
nn-train-01,15:17,平台,latticeHardBlockFilter,true,pass
nn-train-01,15:17,平台,recall_eligible,true,sent_to_recallTopKForWindows
nn-train-01,15:17,平台,recall_hit,false,empty_hits
nn-train-01,16:17,台,generated,true,buildLexicalWindowQueries
nn-train-01,16:17,台,length_1_to_5,true,len=1
nn-train-01,16:17,台,latticeHardBlockFilter,true,pass
nn-train-01,16:17,台,recall_eligible,true,sent_to_recallTopKForWindows
nn-train-01,16:17,台,recall_hit,false,empty_hits
nn-train-01b,0:1,我,generated,true,buildLexicalWindowQueries
nn-train-01b,0:1,我,length_1_to_5,true,len=1
nn-train-01b,0:1,我,latticeHardBlockFilter,true,pass
nn-train-01b,0:1,我,recall_eligible,true,sent_to_recallTopKForWindows
nn-train-01b,0:1,我,recall_hit,false,empty_hits
nn-train-01b,0:2,我闷,generated,true,buildLexicalWindowQueries
nn-train-01b,0:2,我闷,length_1_to_5,true,len=2
nn-train-01b,0:2,我闷,latticeHardBlockFilter,true,pass
nn-train-01b,0:2,我闷,recall_eligible,true,sent_to_recallTopKForWindows
nn-train-01b,0:2,我闷,recall_hit,false,empty_hits
nn-train-01b,0:3,我闷蒸,generated,true,buildLexicalWindowQueries
nn-train-01b,0:3,我闷蒸,length_1_to_5,true,len=3
nn-train-01b,0:3,我闷蒸,latticeHardBlockFilter,true,pass
nn-train-01b,0:3,我闷蒸,recall_eligible,true,sent_to_recallTopKForWindows
nn-train-01b,0:3,我闷蒸,recall_hit,false,empty_hits
nn-train-01b,0:4,我闷蒸在,generated,true,buildLexicalWindowQueries
nn-train-01b,0:4,我闷蒸在,length_1_to_5,true,len=4
nn-train-01b,0:4,我闷蒸在,latticeHardBlockFilter,true,pass
nn-train-01b,0:4,我闷蒸在,recall_eligible,true,sent_to_recallTopKForWindows
nn-train-01b,0:4,我闷蒸在,recall_hit,false,empty_hits
nn-train-01b,0:5,我闷蒸在训,generated,true,buildLexicalWindowQueries
nn-train-01b,0:5,我闷蒸在训,length_1_to_5,true,len=5
nn-train-01b,0:5,我闷蒸在训,latticeHardBlockFilter,true,pass
nn-train-01b,0:5,我闷蒸在训,recall_eligible,true,sent_to_recallTopKForWindows
nn-train-01b,0:5,我闷蒸在训,recall_hit,false,empty_hits
nn-train-01b,1:2,闷,generated,true,buildLexicalWindowQueries
nn-train-01b,1:2,闷,length_1_to_5,true,len=1
nn-train-01b,1:2,闷,latticeHardBlockFilter,true,pass
nn-train-01b,1:2,闷,recall_eligible,true,sent_to_recallTopKForWindows
nn-train-01b,1:2,闷,recall_hit,false,empty_hits
nn-train-01b,1:3,闷蒸,generated,true,buildLexicalWindowQueries
nn-train-01b,1:3,闷蒸,length_1_to_5,true,len=2
nn-train-01b,1:3,闷蒸,latticeHardBlockFilter,true,pass
nn-train-01b,1:3,闷蒸,recall_eligible,true,sent_to_recallTopKForWindows
nn-train-01b,1:3,闷蒸,recall_hit,true,闷蒸
nn-train-01b,1:4,闷蒸在,generated,true,buildLexicalWindowQueries
nn-train-01b,1:4,闷蒸在,length_1_to_5,true,len=3
nn-train-01b,1:4,闷蒸在,latticeHardBlockFilter,true,pass
nn-train-01b,1:4,闷蒸在,recall_eligible,true,sent_to_recallTopKForWindows
nn-train-01b,1:4,闷蒸在,recall_hit,false,empty_hits
nn-train-01b,1:5,闷蒸在训,generated,true,buildLexicalWindowQueries
nn-train-01b,1:5,闷蒸在训,length_1_to_5,true,len=4
nn-train-01b,1:5,闷蒸在训,latticeHardBlockFilter,true,pass
nn-train-01b,1:5,闷蒸在训,recall_eligible,true,sent_to_recallTopKForWindows
nn-train-01b,1:5,闷蒸在训,recall_hit,false,empty_hits
nn-train-01b,1:6,闷蒸在训练,generated,true,buildLexicalWindowQueries
nn-train-01b,1:6,闷蒸在训练,length_1_to_5,true,len=5
nn-train-01b,1:6,闷蒸在训练,latticeHardBlockFilter,true,pass
nn-train-01b,1:6,闷蒸在训练,recall_eligible,true,sent_to_recallTopKForWindows
nn-train-01b,1:6,闷蒸在训练,recall_hit,false,empty_hits
nn-train-01b,2:3,蒸,generated,true,buildLexicalWindowQueries
nn-train-01b,2:3,蒸,length_1_to_5,true,len=1
nn-train-01b,2:3,蒸,latticeHardBlockFilter,true,pass
nn-train-01b,2:3,蒸,recall_eligible,true,sent_to_recallTopKForWindows
nn-train-01b,2:3,蒸,recall_hit,false,empty_hits
nn-train-01b,2:4,蒸在,generated,true,buildLexicalWindowQueries
nn-train-01b,2:4,蒸在,length_1_to_5,true,len=2
nn-train-01b,2:4,蒸在,latticeHardBlockFilter,true,pass
nn-train-01b,2:4,蒸在,recall_eligible,true,sent_to_recallTopKForWindows
nn-train-01b,2:4,蒸在,recall_hit,false,empty_hits
nn-train-01b,2:5,蒸在训,generated,true,buildLexicalWindowQueries
nn-train-01b,2:5,蒸在训,length_1_to_5,true,len=3
nn-train-01b,2:5,蒸在训,latticeHardBlockFilter,true,pass
nn-train-01b,2:5,蒸在训,recall_eligible,true,sent_to_recallTopKForWindows
nn-train-01b,2:5,蒸在训,recall_hit,false,empty_hits
nn-train-01b,2:6,蒸在训练,generated,true,buildLexicalWindowQueries
nn-train-01b,2:6,蒸在训练,length_1_to_5,true,len=4
nn-train-01b,2:6,蒸在训练,latticeHardBlockFilter,true,pass
nn-train-01b,2:6,蒸在训练,recall_eligible,true,sent_to_recallTopKForWindows
nn-train-01b,2:6,蒸在训练,recall_hit,false,empty_hits
nn-train-01b,2:7,蒸在训练神,generated,true,buildLexicalWindowQueries
nn-train-01b,2:7,蒸在训练神,length_1_to_5,true,len=5
nn-train-01b,2:7,蒸在训练神,latticeHardBlockFilter,true,pass
nn-train-01b,2:7,蒸在训练神,recall_eligible,true,sent_to_recallTopKForWindows
nn-train-01b,2:7,蒸在训练神,recall_hit,false,empty_hits
nn-train-01b,3:4,在,generated,true,buildLexicalWindowQueries
nn-train-01b,3:4,在,length_1_to_5,true,len=1
nn-train-01b,3:4,在,latticeHardBlockFilter,true,pass
nn-train-01b,3:4,在,recall_eligible,true,sent_to_recallTopKForWindows
nn-train-01b,3:4,在,recall_hit,false,empty_hits
nn-train-01b,3:5,在训,generated,true,buildLexicalWindowQueries
nn-train-01b,3:5,在训,length_1_to_5,true,len=2
nn-train-01b,3:5,在训,latticeHardBlockFilter,true,pass
nn-train-01b,3:5,在训,recall_eligible,true,sent_to_recallTopKForWindows
nn-train-01b,3:5,在训,recall_hit,false,empty_hits
nn-train-01b,3:6,在训练,generated,true,buildLexicalWindowQueries
nn-train-01b,3:6,在训练,length_1_to_5,true,len=3
nn-train-01b,3:6,在训练,latticeHardBlockFilter,true,pass
nn-train-01b,3:6,在训练,recall_eligible,true,sent_to_recallTopKForWindows
nn-train-01b,3:6,在训练,recall_hit,false,empty_hits
nn-train-01b,3:7,在训练神,generated,true,buildLexicalWindowQueries
nn-train-01b,3:7,在训练神,length_1_to_5,true,len=4
nn-train-01b,3:7,在训练神,latticeHardBlockFilter,true,pass
nn-train-01b,3:7,在训练神,recall_eligible,true,sent_to_recallTopKForWindows
nn-train-01b,3:7,在训练神,recall_hit,false,empty_hits
nn-train-01b,3:8,在训练神经,generated,true,buildLexicalWindowQueries
nn-train-01b,3:8,在训练神经,length_1_to_5,true,len=5
nn-train-01b,3:8,在训练神经,latticeHardBlockFilter,true,pass
nn-train-01b,3:8,在训练神经,recall_eligible,true,sent_to_recallTopKForWindows
nn-train-01b,3:8,在训练神经,recall_hit,false,empty_hits
nn-train-01b,4:5,训,generated,true,buildLexicalWindowQueries
nn-train-01b,4:5,训,length_1_to_5,true,len=1
nn-train-01b,4:5,训,latticeHardBlockFilter,true,pass
nn-train-01b,4:5,训,recall_eligible,true,sent_to_recallTopKForWindows
nn-train-01b,4:5,训,recall_hit,false,empty_hits
nn-train-01b,4:6,训练,generated,true,buildLexicalWindowQueries
nn-train-01b,4:6,训练,length_1_to_5,true,len=2
nn-train-01b,4:6,训练,latticeHardBlockFilter,true,pass
nn-train-01b,4:6,训练,recall_eligible,true,sent_to_recallTopKForWindows
nn-train-01b,4:6,训练,recall_hit,false,empty_hits
nn-train-01b,4:7,训练神,generated,true,buildLexicalWindowQueries
nn-train-01b,4:7,训练神,length_1_to_5,true,len=3
nn-train-01b,4:7,训练神,latticeHardBlockFilter,true,pass
nn-train-01b,4:7,训练神,recall_eligible,true,sent_to_recallTopKForWindows
nn-train-01b,4:7,训练神,recall_hit,false,empty_hits
nn-train-01b,4:8,训练神经,generated,true,buildLexicalWindowQueries
nn-train-01b,4:8,训练神经,length_1_to_5,true,len=4
nn-train-01b,4:8,训练神经,latticeHardBlockFilter,true,pass
nn-train-01b,4:8,训练神经,recall_eligible,true,sent_to_recallTopKForWindows
nn-train-01b,4:8,训练神经,recall_hit,false,empty_hits
nn-train-01b,4:9,训练神经网,generated,true,buildLexicalWindowQueries
nn-train-01b,4:9,训练神经网,length_1_to_5,true,len=5
nn-train-01b,4:9,训练神经网,latticeHardBlockFilter,true,pass
nn-train-01b,4:9,训练神经网,recall_eligible,true,sent_to_recallTopKForWindows
nn-train-01b,4:9,训练神经网,recall_hit,false,empty_hits
nn-train-01b,5:6,练,generated,true,buildLexicalWindowQueries
nn-train-01b,5:6,练,length_1_to_5,true,len=1
nn-train-01b,5:6,练,latticeHardBlockFilter,true,pass
nn-train-01b,5:6,练,recall_eligible,true,sent_to_recallTopKForWindows
nn-train-01b,5:6,练,recall_hit,false,empty_hits
nn-train-01b,5:7,练神,generated,true,buildLexicalWindowQueries
nn-train-01b,5:7,练神,length_1_to_5,true,len=2
nn-train-01b,5:7,练神,latticeHardBlockFilter,true,pass
nn-train-01b,5:7,练神,recall_eligible,true,sent_to_recallTopKForWindows
nn-train-01b,5:7,练神,recall_hit,false,empty_hits
nn-train-01b,5:8,练神经,generated,true,buildLexicalWindowQueries
nn-train-01b,5:8,练神经,length_1_to_5,true,len=3
nn-train-01b,5:8,练神经,latticeHardBlockFilter,true,pass
nn-train-01b,5:8,练神经,recall_eligible,true,sent_to_recallTopKForWindows
nn-train-01b,5:8,练神经,recall_hit,false,empty_hits
nn-train-01b,5:9,练神经网,generated,true,buildLexicalWindowQueries
nn-train-01b,5:9,练神经网,length_1_to_5,true,len=4
nn-train-01b,5:9,练神经网,latticeHardBlockFilter,true,pass
nn-train-01b,5:9,练神经网,recall_eligible,true,sent_to_recallTopKForWindows
nn-train-01b,5:9,练神经网,recall_hit,false,empty_hits
nn-train-01b,5:10,练神经网络,generated,true,buildLexicalWindowQueries
nn-train-01b,5:10,练神经网络,length_1_to_5,true,len=5
nn-train-01b,5:10,练神经网络,latticeHardBlockFilter,true,pass
nn-train-01b,5:10,练神经网络,recall_eligible,true,sent_to_recallTopKForWindows
nn-train-01b,5:10,练神经网络,recall_hit,false,empty_hits
nn-train-01b,6:7,神,generated,true,buildLexicalWindowQueries
nn-train-01b,6:7,神,length_1_to_5,true,len=1
nn-train-01b,6:7,神,latticeHardBlockFilter,true,pass
nn-train-01b,6:7,神,recall_eligible,true,sent_to_recallTopKForWindows
nn-train-01b,6:7,神,recall_hit,false,empty_hits
nn-train-01b,6:8,神经,generated,true,buildLexicalWindowQueries
nn-train-01b,6:8,神经,length_1_to_5,true,len=2
nn-train-01b,6:8,神经,latticeHardBlockFilter,true,pass
nn-train-01b,6:8,神经,recall_eligible,true,sent_to_recallTopKForWindows
nn-train-01b,6:8,神经,recall_hit,false,empty_hits
nn-train-01b,6:9,神经网,generated,true,buildLexicalWindowQueries
nn-train-01b,6:9,神经网,length_1_to_5,true,len=3
nn-train-01b,6:9,神经网,latticeHardBlockFilter,true,pass
nn-train-01b,6:9,神经网,recall_eligible,true,sent_to_recallTopKForWindows
nn-train-01b,6:9,神经网,recall_hit,false,empty_hits
nn-train-01b,6:10,神经网络,generated,true,buildLexicalWindowQueries
nn-train-01b,6:10,神经网络,length_1_to_5,true,len=4
nn-train-01b,6:10,神经网络,latticeHardBlockFilter,true,pass
nn-train-01b,6:10,神经网络,recall_eligible,true,sent_to_recallTopKForWindows
nn-train-01b,6:10,神经网络,recall_hit,false,empty_hits
nn-train-01b,6:11,神经网络模,generated,true,buildLexicalWindowQueries
nn-train-01b,6:11,神经网络模,length_1_to_5,true,len=5
nn-train-01b,6:11,神经网络模,latticeHardBlockFilter,true,pass
nn-train-01b,6:11,神经网络模,recall_eligible,true,sent_to_recallTopKForWindows
nn-train-01b,6:11,神经网络模,recall_hit,false,empty_hits
nn-train-01b,7:8,经,generated,true,buildLexicalWindowQueries
nn-train-01b,7:8,经,length_1_to_5,true,len=1
nn-train-01b,7:8,经,latticeHardBlockFilter,true,pass
nn-train-01b,7:8,经,recall_eligible,true,sent_to_recallTopKForWindows
nn-train-01b,7:8,经,recall_hit,false,empty_hits
nn-train-01b,7:9,经网,generated,true,buildLexicalWindowQueries
nn-train-01b,7:9,经网,length_1_to_5,true,len=2
nn-train-01b,7:9,经网,latticeHardBlockFilter,true,pass
nn-train-01b,7:9,经网,recall_eligible,true,sent_to_recallTopKForWindows
nn-train-01b,7:9,经网,recall_hit,false,empty_hits
nn-train-01b,7:10,经网络,generated,true,buildLexicalWindowQueries
nn-train-01b,7:10,经网络,length_1_to_5,true,len=3
nn-train-01b,7:10,经网络,latticeHardBlockFilter,true,pass
nn-train-01b,7:10,经网络,recall_eligible,true,sent_to_recallTopKForWindows
nn-train-01b,7:10,经网络,recall_hit,false,empty_hits
nn-train-01b,7:11,经网络模,generated,true,buildLexicalWindowQueries
nn-train-01b,7:11,经网络模,length_1_to_5,true,len=4
nn-train-01b,7:11,经网络模,latticeHardBlockFilter,true,pass
nn-train-01b,7:11,经网络模,recall_eligible,true,sent_to_recallTopKForWindows
nn-train-01b,7:11,经网络模,recall_hit,false,empty_hits
nn-train-01b,7:12,经网络模型,generated,true,buildLexicalWindowQueries
nn-train-01b,7:12,经网络模型,length_1_to_5,true,len=5
nn-train-01b,7:12,经网络模型,latticeHardBlockFilter,true,pass
nn-train-01b,7:12,经网络模型,recall_eligible,true,sent_to_recallTopKForWindows
nn-train-01b,7:12,经网络模型,recall_hit,false,empty_hits
nn-train-01b,8:9,网,generated,true,buildLexicalWindowQueries
nn-train-01b,8:9,网,length_1_to_5,true,len=1
nn-train-01b,8:9,网,latticeHardBlockFilter,true,pass
nn-train-01b,8:9,网,recall_eligible,true,sent_to_recallTopKForWindows
nn-train-01b,8:9,网,recall_hit,false,empty_hits
nn-train-01b,8:10,网络,generated,true,buildLexicalWindowQueries
nn-train-01b,8:10,网络,length_1_to_5,true,len=2
nn-train-01b,8:10,网络,latticeHardBlockFilter,true,pass
nn-train-01b,8:10,网络,recall_eligible,true,sent_to_recallTopKForWindows
nn-train-01b,8:10,网络,recall_hit,false,empty_hits
nn-train-01b,8:11,网络模,generated,true,buildLexicalWindowQueries
nn-train-01b,8:11,网络模,length_1_to_5,true,len=3
nn-train-01b,8:11,网络模,latticeHardBlockFilter,true,pass
nn-train-01b,8:11,网络模,recall_eligible,true,sent_to_recallTopKForWindows
nn-train-01b,8:11,网络模,recall_hit,false,empty_hits
nn-train-01b,8:12,网络模型,generated,true,buildLexicalWindowQueries
nn-train-01b,8:12,网络模型,length_1_to_5,true,len=4
nn-train-01b,8:12,网络模型,latticeHardBlockFilter,true,pass
nn-train-01b,8:12,网络模型,recall_eligible,true,sent_to_recallTopKForWindows
nn-train-01b,8:12,网络模型,recall_hit,false,empty_hits
nn-train-01b,9:10,络,generated,true,buildLexicalWindowQueries
nn-train-01b,9:10,络,length_1_to_5,true,len=1
nn-train-01b,9:10,络,latticeHardBlockFilter,true,pass
nn-train-01b,9:10,络,recall_eligible,true,sent_to_recallTopKForWindows
nn-train-01b,9:10,络,recall_hit,false,empty_hits
nn-train-01b,9:11,络模,generated,true,buildLexicalWindowQueries
nn-train-01b,9:11,络模,length_1_to_5,true,len=2
nn-train-01b,9:11,络模,latticeHardBlockFilter,true,pass
nn-train-01b,9:11,络模,recall_eligible,true,sent_to_recallTopKForWindows
nn-train-01b,9:11,络模,recall_hit,false,empty_hits
nn-train-01b,9:12,络模型,generated,true,buildLexicalWindowQueries
nn-train-01b,9:12,络模型,length_1_to_5,true,len=3
nn-train-01b,9:12,络模型,latticeHardBlockFilter,true,pass
nn-train-01b,9:12,络模型,recall_eligible,true,sent_to_recallTopKForWindows
nn-train-01b,9:12,络模型,recall_hit,false,empty_hits
nn-train-01b,10:11,模,generated,true,buildLexicalWindowQueries
nn-train-01b,10:11,模,length_1_to_5,true,len=1
nn-train-01b,10:11,模,latticeHardBlockFilter,true,pass
nn-train-01b,10:11,模,recall_eligible,true,sent_to_recallTopKForWindows
nn-train-01b,10:11,模,recall_hit,false,empty_hits
nn-train-01b,10:12,模型,generated,true,buildLexicalWindowQueries
nn-train-01b,10:12,模型,length_1_to_5,true,len=2
nn-train-01b,10:12,模型,latticeHardBlockFilter,true,pass
nn-train-01b,10:12,模型,recall_eligible,true,sent_to_recallTopKForWindows
nn-train-01b,10:12,模型,recall_hit,false,empty_hits
nn-train-01b,11:12,型,generated,true,buildLexicalWindowQueries
nn-train-01b,11:12,型,length_1_to_5,true,len=1
nn-train-01b,11:12,型,latticeHardBlockFilter,true,pass
nn-train-01b,11:12,型,recall_eligible,true,sent_to_recallTopKForWindows
nn-train-01b,11:12,型,recall_hit,false,empty_hits
snack-01,0:1,客,generated,true,buildLexicalWindowQueries
snack-01,0:1,客,length_1_to_5,true,len=1
snack-01,0:1,客,latticeHardBlockFilter,true,pass
snack-01,0:1,客,recall_eligible,true,sent_to_recallTopKForWindows
snack-01,0:1,客,recall_hit,false,empty_hits
snack-01,0:2,客房,generated,true,buildLexicalWindowQueries
snack-01,0:2,客房,length_1_to_5,true,len=2
snack-01,0:2,客房,latticeHardBlockFilter,true,pass
snack-01,0:2,客房,recall_eligible,true,sent_to_recallTopKForWindows
snack-01,0:2,客房,recall_hit,false,empty_hits
snack-01,0:3,客房里,generated,true,buildLexicalWindowQueries
snack-01,0:3,客房里,length_1_to_5,true,len=3
snack-01,0:3,客房里,latticeHardBlockFilter,true,pass
snack-01,0:3,客房里,recall_eligible,true,sent_to_recallTopKForWindows
snack-01,0:3,客房里,recall_hit,false,empty_hits
snack-01,0:4,客房里的,generated,true,buildLexicalWindowQueries
snack-01,0:4,客房里的,length_1_to_5,true,len=4
snack-01,0:4,客房里的,latticeHardBlockFilter,true,pass
snack-01,0:4,客房里的,recall_eligible,true,sent_to_recallTopKForWindows
snack-01,0:4,客房里的,recall_hit,false,empty_hits
snack-01,0:5,客房里的迷,generated,true,buildLexicalWindowQueries
snack-01,0:5,客房里的迷,length_1_to_5,true,len=5
snack-01,0:5,客房里的迷,latticeHardBlockFilter,true,pass
snack-01,0:5,客房里的迷,recall_eligible,true,sent_to_recallTopKForWindows
snack-01,0:5,客房里的迷,recall_hit,false,empty_hits
snack-01,1:2,房,generated,true,buildLexicalWindowQueries
snack-01,1:2,房,length_1_to_5,true,len=1
snack-01,1:2,房,latticeHardBlockFilter,true,pass
snack-01,1:2,房,recall_eligible,true,sent_to_recallTopKForWindows
snack-01,1:2,房,recall_hit,false,empty_hits
snack-01,1:3,房里,generated,true,buildLexicalWindowQueries
snack-01,1:3,房里,length_1_to_5,true,len=2
snack-01,1:3,房里,latticeHardBlockFilter,true,pass
snack-01,1:3,房里,recall_eligible,true,sent_to_recallTopKForWindows
snack-01,1:3,房里,recall_hit,false,empty_hits
snack-01,1:4,房里的,generated,true,buildLexicalWindowQueries
snack-01,1:4,房里的,length_1_to_5,true,len=3
snack-01,1:4,房里的,latticeHardBlockFilter,true,pass
snack-01,1:4,房里的,recall_eligible,true,sent_to_recallTopKForWindows
snack-01,1:4,房里的,recall_hit,false,empty_hits
snack-01,1:5,房里的迷,generated,true,buildLexicalWindowQueries
snack-01,1:5,房里的迷,length_1_to_5,true,len=4
snack-01,1:5,房里的迷,latticeHardBlockFilter,true,pass
snack-01,1:5,房里的迷,recall_eligible,true,sent_to_recallTopKForWindows
snack-01,1:5,房里的迷,recall_hit,false,empty_hits
snack-01,1:6,房里的迷你,generated,true,buildLexicalWindowQueries
snack-01,1:6,房里的迷你,length_1_to_5,true,len=5
snack-01,1:6,房里的迷你,latticeHardBlockFilter,true,pass
snack-01,1:6,房里的迷你,recall_eligible,true,sent_to_recallTopKForWindows
snack-01,1:6,房里的迷你,recall_hit,false,empty_hits
snack-01,2:3,里,generated,true,buildLexicalWindowQueries
snack-01,2:3,里,length_1_to_5,true,len=1
snack-01,2:3,里,latticeHardBlockFilter,true,pass
snack-01,2:3,里,recall_eligible,true,sent_to_recallTopKForWindows
snack-01,2:3,里,recall_hit,false,empty_hits
snack-01,2:4,里的,generated,true,buildLexicalWindowQueries
snack-01,2:4,里的,length_1_to_5,true,len=2
snack-01,2:4,里的,latticeHardBlockFilter,true,pass
snack-01,2:4,里的,recall_eligible,true,sent_to_recallTopKForWindows
snack-01,2:4,里的,recall_hit,false,empty_hits
snack-01,2:5,里的迷,generated,true,buildLexicalWindowQueries
snack-01,2:5,里的迷,length_1_to_5,true,len=3
snack-01,2:5,里的迷,latticeHardBlockFilter,true,pass
snack-01,2:5,里的迷,recall_eligible,true,sent_to_recallTopKForWindows
snack-01,2:5,里的迷,recall_hit,false,empty_hits
snack-01,2:6,里的迷你,generated,true,buildLexicalWindowQueries
snack-01,2:6,里的迷你,length_1_to_5,true,len=4
snack-01,2:6,里的迷你,latticeHardBlockFilter,true,pass
snack-01,2:6,里的迷你,recall_eligible,true,sent_to_recallTopKForWindows
snack-01,2:6,里的迷你,recall_hit,false,empty_hits
snack-01,2:7,里的迷你吧,generated,true,buildLexicalWindowQueries
snack-01,2:7,里的迷你吧,length_1_to_5,true,len=5
snack-01,2:7,里的迷你吧,latticeHardBlockFilter,true,pass
snack-01,2:7,里的迷你吧,recall_eligible,true,sent_to_recallTopKForWindows
snack-01,2:7,里的迷你吧,recall_hit,false,empty_hits
snack-01,3:4,的,generated,true,buildLexicalWindowQueries
snack-01,3:4,的,length_1_to_5,true,len=1
snack-01,3:4,的,latticeHardBlockFilter,true,pass
snack-01,3:4,的,recall_eligible,true,sent_to_recallTopKForWindows
snack-01,3:4,的,recall_hit,false,empty_hits
snack-01,3:5,的迷,generated,true,buildLexicalWindowQueries
snack-01,3:5,的迷,length_1_to_5,true,len=2
snack-01,3:5,的迷,latticeHardBlockFilter,true,pass
snack-01,3:5,的迷,recall_eligible,true,sent_to_recallTopKForWindows
snack-01,3:5,的迷,recall_hit,false,empty_hits
snack-01,3:6,的迷你,generated,true,buildLexicalWindowQueries
snack-01,3:6,的迷你,length_1_to_5,true,len=3
snack-01,3:6,的迷你,latticeHardBlockFilter,true,pass
snack-01,3:6,的迷你,recall_eligible,true,sent_to_recallTopKForWindows
snack-01,3:6,的迷你,recall_hit,false,empty_hits
snack-01,3:7,的迷你吧,generated,true,buildLexicalWindowQueries
snack-01,3:7,的迷你吧,length_1_to_5,true,len=4
snack-01,3:7,的迷你吧,latticeHardBlockFilter,true,pass
snack-01,3:7,的迷你吧,recall_eligible,true,sent_to_recallTopKForWindows
snack-01,3:7,的迷你吧,recall_hit,false,empty_hits
snack-01,3:8,的迷你吧提,generated,true,buildLexicalWindowQueries
snack-01,3:8,的迷你吧提,length_1_to_5,true,len=5
snack-01,3:8,的迷你吧提,latticeHardBlockFilter,true,pass
snack-01,3:8,的迷你吧提,recall_eligible,true,sent_to_recallTopKForWindows
snack-01,3:8,的迷你吧提,recall_hit,false,empty_hits
snack-01,4:5,迷,generated,true,buildLexicalWindowQueries
snack-01,4:5,迷,length_1_to_5,true,len=1
snack-01,4:5,迷,latticeHardBlockFilter,true,pass
snack-01,4:5,迷,recall_eligible,true,sent_to_recallTopKForWindows
snack-01,4:5,迷,recall_hit,false,empty_hits
snack-01,4:6,迷你,generated,true,buildLexicalWindowQueries
snack-01,4:6,迷你,length_1_to_5,true,len=2
snack-01,4:6,迷你,latticeHardBlockFilter,true,pass
snack-01,4:6,迷你,recall_eligible,true,sent_to_recallTopKForWindows
snack-01,4:6,迷你,recall_hit,false,empty_hits
snack-01,4:7,迷你吧,generated,true,buildLexicalWindowQueries
snack-01,4:7,迷你吧,length_1_to_5,true,len=3
snack-01,4:7,迷你吧,latticeHardBlockFilter,true,pass
snack-01,4:7,迷你吧,recall_eligible,true,sent_to_recallTopKForWindows
snack-01,4:7,迷你吧,recall_hit,false,empty_hits
snack-01,4:8,迷你吧提,generated,true,buildLexicalWindowQueries
snack-01,4:8,迷你吧提,length_1_to_5,true,len=4
snack-01,4:8,迷你吧提,latticeHardBlockFilter,true,pass
snack-01,4:8,迷你吧提,recall_eligible,true,sent_to_recallTopKForWindows
snack-01,4:8,迷你吧提,recall_hit,false,empty_hits
snack-01,4:9,迷你吧提供,generated,true,buildLexicalWindowQueries
snack-01,4:9,迷你吧提供,length_1_to_5,true,len=5
snack-01,4:9,迷你吧提供,latticeHardBlockFilter,true,pass
snack-01,4:9,迷你吧提供,recall_eligible,true,sent_to_recallTopKForWindows
snack-01,4:9,迷你吧提供,recall_hit,false,empty_hits
snack-01,5:6,你,generated,true,buildLexicalWindowQueries
snack-01,5:6,你,length_1_to_5,true,len=1
snack-01,5:6,你,latticeHardBlockFilter,true,pass
snack-01,5:6,你,recall_eligible,true,sent_to_recallTopKForWindows
snack-01,5:6,你,recall_hit,false,empty_hits
snack-01,5:7,你吧,generated,true,buildLexicalWindowQueries
snack-01,5:7,你吧,length_1_to_5,true,len=2
snack-01,5:7,你吧,latticeHardBlockFilter,true,pass
snack-01,5:7,你吧,recall_eligible,true,sent_to_recallTopKForWindows
snack-01,5:7,你吧,recall_hit,false,empty_hits
snack-01,5:8,你吧提,generated,true,buildLexicalWindowQueries
snack-01,5:8,你吧提,length_1_to_5,true,len=3
snack-01,5:8,你吧提,latticeHardBlockFilter,true,pass
snack-01,5:8,你吧提,recall_eligible,true,sent_to_recallTopKForWindows
snack-01,5:8,你吧提,recall_hit,false,empty_hits
snack-01,5:9,你吧提供,generated,true,buildLexicalWindowQueries
snack-01,5:9,你吧提供,length_1_to_5,true,len=4
snack-01,5:9,你吧提供,latticeHardBlockFilter,true,pass
snack-01,5:9,你吧提供,recall_eligible,true,sent_to_recallTopKForWindows
snack-01,5:9,你吧提供,recall_hit,false,empty_hits
snack-01,5:10,你吧提供饮,generated,true,buildLexicalWindowQueries
snack-01,5:10,你吧提供饮,length_1_to_5,true,len=5
snack-01,5:10,你吧提供饮,latticeHardBlockFilter,true,pass
snack-01,5:10,你吧提供饮,recall_eligible,true,sent_to_recallTopKForWindows
snack-01,5:10,你吧提供饮,recall_hit,false,empty_hits
snack-01,6:7,吧,generated,true,buildLexicalWindowQueries
snack-01,6:7,吧,length_1_to_5,true,len=1
snack-01,6:7,吧,latticeHardBlockFilter,true,pass
snack-01,6:7,吧,recall_eligible,true,sent_to_recallTopKForWindows
snack-01,6:7,吧,recall_hit,false,empty_hits
snack-01,6:8,吧提,generated,true,buildLexicalWindowQueries
snack-01,6:8,吧提,length_1_to_5,true,len=2
snack-01,6:8,吧提,latticeHardBlockFilter,true,pass
snack-01,6:8,吧提,recall_eligible,true,sent_to_recallTopKForWindows
snack-01,6:8,吧提,recall_hit,false,empty_hits
snack-01,6:9,吧提供,generated,true,buildLexicalWindowQueries
snack-01,6:9,吧提供,length_1_to_5,true,len=3
snack-01,6:9,吧提供,latticeHardBlockFilter,true,pass
snack-01,6:9,吧提供,recall_eligible,true,sent_to_recallTopKForWindows
snack-01,6:9,吧提供,recall_hit,false,empty_hits
snack-01,6:10,吧提供饮,generated,true,buildLexicalWindowQueries
snack-01,6:10,吧提供饮,length_1_to_5,true,len=4
snack-01,6:10,吧提供饮,latticeHardBlockFilter,true,pass
snack-01,6:10,吧提供饮,recall_eligible,true,sent_to_recallTopKForWindows
snack-01,6:10,吧提供饮,recall_hit,false,empty_hits
snack-01,6:11,吧提供饮料,generated,true,buildLexicalWindowQueries
snack-01,6:11,吧提供饮料,length_1_to_5,true,len=5
snack-01,6:11,吧提供饮料,latticeHardBlockFilter,true,pass
snack-01,6:11,吧提供饮料,recall_eligible,true,sent_to_recallTopKForWindows
snack-01,6:11,吧提供饮料,recall_hit,false,empty_hits
snack-01,7:8,提,generated,true,buildLexicalWindowQueries
snack-01,7:8,提,length_1_to_5,true,len=1
snack-01,7:8,提,latticeHardBlockFilter,true,pass
snack-01,7:8,提,recall_eligible,true,sent_to_recallTopKForWindows
snack-01,7:8,提,recall_hit,false,empty_hits
snack-01,7:9,提供,generated,true,buildLexicalWindowQueries
snack-01,7:9,提供,length_1_to_5,true,len=2
snack-01,7:9,提供,latticeHardBlockFilter,true,pass
snack-01,7:9,提供,recall_eligible,true,sent_to_recallTopKForWindows
snack-01,7:9,提供,recall_hit,false,empty_hits
snack-01,7:10,提供饮,generated,true,buildLexicalWindowQueries
snack-01,7:10,提供饮,length_1_to_5,true,len=3
snack-01,7:10,提供饮,latticeHardBlockFilter,true,pass
snack-01,7:10,提供饮,recall_eligible,true,sent_to_recallTopKForWindows
snack-01,7:10,提供饮,recall_hit,false,empty_hits
snack-01,7:11,提供饮料,generated,true,buildLexicalWindowQueries
snack-01,7:11,提供饮料,length_1_to_5,true,len=4
snack-01,7:11,提供饮料,latticeHardBlockFilter,true,pass
snack-01,7:11,提供饮料,recall_eligible,true,sent_to_recallTopKForWindows
snack-01,7:11,提供饮料,recall_hit,false,empty_hits
snack-01,7:12,提供饮料和,generated,true,buildLexicalWindowQueries
snack-01,7:12,提供饮料和,length_1_to_5,true,len=5
snack-01,7:12,提供饮料和,latticeHardBlockFilter,true,pass
snack-01,7:12,提供饮料和,recall_eligible,true,sent_to_recallTopKForWindows
snack-01,7:12,提供饮料和,recall_hit,false,empty_hits
snack-01,8:9,供,generated,true,buildLexicalWindowQueries
snack-01,8:9,供,length_1_to_5,true,len=1
snack-01,8:9,供,latticeHardBlockFilter,true,pass
snack-01,8:9,供,recall_eligible,true,sent_to_recallTopKForWindows
snack-01,8:9,供,recall_hit,false,empty_hits
snack-01,8:10,供饮,generated,true,buildLexicalWindowQueries
snack-01,8:10,供饮,length_1_to_5,true,len=2
snack-01,8:10,供饮,latticeHardBlockFilter,true,pass
snack-01,8:10,供饮,recall_eligible,true,sent_to_recallTopKForWindows
snack-01,8:10,供饮,recall_hit,false,empty_hits
snack-01,8:11,供饮料,generated,true,buildLexicalWindowQueries
snack-01,8:11,供饮料,length_1_to_5,true,len=3
snack-01,8:11,供饮料,latticeHardBlockFilter,true,pass
snack-01,8:11,供饮料,recall_eligible,true,sent_to_recallTopKForWindows
snack-01,8:11,供饮料,recall_hit,false,empty_hits
snack-01,8:12,供饮料和,generated,true,buildLexicalWindowQueries
snack-01,8:12,供饮料和,length_1_to_5,true,len=4
snack-01,8:12,供饮料和,latticeHardBlockFilter,true,pass
snack-01,8:12,供饮料和,recall_eligible,true,sent_to_recallTopKForWindows
snack-01,8:12,供饮料和,recall_hit,false,empty_hits
snack-01,8:13,供饮料和消,generated,true,buildLexicalWindowQueries
snack-01,8:13,供饮料和消,length_1_to_5,true,len=5
snack-01,8:13,供饮料和消,latticeHardBlockFilter,true,pass
snack-01,8:13,供饮料和消,recall_eligible,true,sent_to_recallTopKForWindows
snack-01,8:13,供饮料和消,recall_hit,false,empty_hits
snack-01,9:10,饮,generated,true,buildLexicalWindowQueries
snack-01,9:10,饮,length_1_to_5,true,len=1
snack-01,9:10,饮,latticeHardBlockFilter,true,pass
snack-01,9:10,饮,recall_eligible,true,sent_to_recallTopKForWindows
snack-01,9:10,饮,recall_hit,false,empty_hits
snack-01,9:11,饮料,generated,true,buildLexicalWindowQueries
snack-01,9:11,饮料,length_1_to_5,true,len=2
snack-01,9:11,饮料,latticeHardBlockFilter,true,pass
snack-01,9:11,饮料,recall_eligible,true,sent_to_recallTopKForWindows
snack-01,9:11,饮料,recall_hit,false,empty_hits
snack-01,9:12,饮料和,generated,true,buildLexicalWindowQueries
snack-01,9:12,饮料和,length_1_to_5,true,len=3
snack-01,9:12,饮料和,latticeHardBlockFilter,true,pass
snack-01,9:12,饮料和,recall_eligible,true,sent_to_recallTopKForWindows
snack-01,9:12,饮料和,recall_hit,false,empty_hits
snack-01,9:13,饮料和消,generated,true,buildLexicalWindowQueries
snack-01,9:13,饮料和消,length_1_to_5,true,len=4
snack-01,9:13,饮料和消,latticeHardBlockFilter,true,pass
snack-01,9:13,饮料和消,recall_eligible,true,sent_to_recallTopKForWindows
snack-01,9:13,饮料和消,recall_hit,false,empty_hits
snack-01,9:14,饮料和消失,generated,true,buildLexicalWindowQueries
snack-01,9:14,饮料和消失,length_1_to_5,true,len=5
snack-01,9:14,饮料和消失,latticeHardBlockFilter,true,pass
snack-01,9:14,饮料和消失,recall_eligible,true,sent_to_recallTopKForWindows
snack-01,9:14,饮料和消失,recall_hit,false,empty_hits
snack-01,10:11,料,generated,true,buildLexicalWindowQueries
snack-01,10:11,料,length_1_to_5,true,len=1
snack-01,10:11,料,latticeHardBlockFilter,true,pass
snack-01,10:11,料,recall_eligible,true,sent_to_recallTopKForWindows
snack-01,10:11,料,recall_hit,false,empty_hits
snack-01,10:12,料和,generated,true,buildLexicalWindowQueries
snack-01,10:12,料和,length_1_to_5,true,len=2
snack-01,10:12,料和,latticeHardBlockFilter,true,pass
snack-01,10:12,料和,recall_eligible,true,sent_to_recallTopKForWindows
snack-01,10:12,料和,recall_hit,false,empty_hits
snack-01,10:13,料和消,generated,true,buildLexicalWindowQueries
snack-01,10:13,料和消,length_1_to_5,true,len=3
snack-01,10:13,料和消,latticeHardBlockFilter,true,pass
snack-01,10:13,料和消,recall_eligible,true,sent_to_recallTopKForWindows
snack-01,10:13,料和消,recall_hit,false,empty_hits
snack-01,10:14,料和消失,generated,true,buildLexicalWindowQueries
snack-01,10:14,料和消失,length_1_to_5,true,len=4
snack-01,10:14,料和消失,latticeHardBlockFilter,true,pass
snack-01,10:14,料和消失,recall_eligible,true,sent_to_recallTopKForWindows
snack-01,10:14,料和消失,recall_hit,false,empty_hits
snack-01,11:12,和,generated,true,buildLexicalWindowQueries
snack-01,11:12,和,length_1_to_5,true,len=1
snack-01,11:12,和,latticeHardBlockFilter,true,pass
snack-01,11:12,和,recall_eligible,true,sent_to_recallTopKForWindows
snack-01,11:12,和,recall_hit,false,empty_hits
snack-01,11:13,和消,generated,true,buildLexicalWindowQueries
snack-01,11:13,和消,length_1_to_5,true,len=2
snack-01,11:13,和消,latticeHardBlockFilter,true,pass
snack-01,11:13,和消,recall_eligible,true,sent_to_recallTopKForWindows
snack-01,11:13,和消,recall_hit,false,empty_hits
snack-01,11:14,和消失,generated,true,buildLexicalWindowQueries
snack-01,11:14,和消失,length_1_to_5,true,len=3
snack-01,11:14,和消失,latticeHardBlockFilter,true,pass
snack-01,11:14,和消失,recall_eligible,true,sent_to_recallTopKForWindows
snack-01,11:14,和消失,recall_hit,false,empty_hits
snack-01,12:13,消,generated,true,buildLexicalWindowQueries
snack-01,12:13,消,length_1_to_5,true,len=1
snack-01,12:13,消,latticeHardBlockFilter,true,pass
snack-01,12:13,消,recall_eligible,true,sent_to_recallTopKForWindows
snack-01,12:13,消,recall_hit,false,empty_hits
snack-01,12:14,消失,generated,true,buildLexicalWindowQueries
snack-01,12:14,消失,length_1_to_5,true,len=2
snack-01,12:14,消失,latticeHardBlockFilter,true,pass
snack-01,12:14,消失,recall_eligible,true,sent_to_recallTopKForWindows
snack-01,12:14,消失,recall_hit,true,消失
snack-01,13:14,失,generated,true,buildLexicalWindowQueries
snack-01,13:14,失,length_1_to_5,true,len=1
snack-01,13:14,失,latticeHardBlockFilter,true,pass
snack-01,13:14,失,recall_eligible,true,sent_to_recallTopKForWindows
snack-01,13:14,失,recall_hit,false,empty_hits
sync-01,0:1,回,generated,true,buildLexicalWindowQueries
sync-01,0:1,回,length_1_to_5,true,len=1
sync-01,0:1,回,latticeHardBlockFilter,true,pass
sync-01,0:1,回,recall_eligible,true,sent_to_recallTopKForWindows
sync-01,0:1,回,recall_hit,false,empty_hits
sync-01,0:2,回归,generated,true,buildLexicalWindowQueries
sync-01,0:2,回归,length_1_to_5,true,len=2
sync-01,0:2,回归,latticeHardBlockFilter,true,pass
sync-01,0:2,回归,recall_eligible,true,sent_to_recallTopKForWindows
sync-01,0:2,回归,recall_hit,false,empty_hits
sync-01,0:3,回归测,generated,true,buildLexicalWindowQueries
sync-01,0:3,回归测,length_1_to_5,true,len=3
sync-01,0:3,回归测,latticeHardBlockFilter,true,pass
sync-01,0:3,回归测,recall_eligible,true,sent_to_recallTopKForWindows
sync-01,0:3,回归测,recall_hit,false,empty_hits
sync-01,0:4,回归测试,generated,true,buildLexicalWindowQueries
sync-01,0:4,回归测试,length_1_to_5,true,len=4
sync-01,0:4,回归测试,latticeHardBlockFilter,true,pass
sync-01,0:4,回归测试,recall_eligible,true,sent_to_recallTopKForWindows
sync-01,0:4,回归测试,recall_hit,false,empty_hits
sync-01,0:5,回归测试报,generated,true,buildLexicalWindowQueries
sync-01,0:5,回归测试报,length_1_to_5,true,len=5
sync-01,0:5,回归测试报,latticeHardBlockFilter,true,pass
sync-01,0:5,回归测试报,recall_eligible,true,sent_to_recallTopKForWindows
sync-01,0:5,回归测试报,recall_hit,false,empty_hits
sync-01,1:2,归,generated,true,buildLexicalWindowQueries
sync-01,1:2,归,length_1_to_5,true,len=1
sync-01,1:2,归,latticeHardBlockFilter,true,pass
sync-01,1:2,归,recall_eligible,true,sent_to_recallTopKForWindows
sync-01,1:2,归,recall_hit,false,empty_hits
sync-01,1:3,归测,generated,true,buildLexicalWindowQueries
sync-01,1:3,归测,length_1_to_5,true,len=2
sync-01,1:3,归测,latticeHardBlockFilter,true,pass
sync-01,1:3,归测,recall_eligible,true,sent_to_recallTopKForWindows
sync-01,1:3,归测,recall_hit,false,empty_hits
sync-01,1:4,归测试,generated,true,buildLexicalWindowQueries
sync-01,1:4,归测试,length_1_to_5,true,len=3
sync-01,1:4,归测试,latticeHardBlockFilter,true,pass
sync-01,1:4,归测试,recall_eligible,true,sent_to_recallTopKForWindows
sync-01,1:4,归测试,recall_hit,false,empty_hits
sync-01,1:5,归测试报,generated,true,buildLexicalWindowQueries
sync-01,1:5,归测试报,length_1_to_5,true,len=4
sync-01,1:5,归测试报,latticeHardBlockFilter,true,pass
sync-01,1:5,归测试报,recall_eligible,true,sent_to_recallTopKForWindows
sync-01,1:5,归测试报,recall_hit,false,empty_hits
sync-01,1:6,归测试报告,generated,true,buildLexicalWindowQueries
sync-01,1:6,归测试报告,length_1_to_5,true,len=5
sync-01,1:6,归测试报告,latticeHardBlockFilter,true,pass
sync-01,1:6,归测试报告,recall_eligible,true,sent_to_recallTopKForWindows
sync-01,1:6,归测试报告,recall_hit,false,empty_hits
sync-01,2:3,测,generated,true,buildLexicalWindowQueries
sync-01,2:3,测,length_1_to_5,true,len=1
sync-01,2:3,测,latticeHardBlockFilter,true,pass
sync-01,2:3,测,recall_eligible,true,sent_to_recallTopKForWindows
sync-01,2:3,测,recall_hit,false,empty_hits
sync-01,2:4,测试,generated,true,buildLexicalWindowQueries
sync-01,2:4,测试,length_1_to_5,true,len=2
sync-01,2:4,测试,latticeHardBlockFilter,true,pass
sync-01,2:4,测试,recall_eligible,true,sent_to_recallTopKForWindows
sync-01,2:4,测试,recall_hit,false,empty_hits
sync-01,2:5,测试报,generated,true,buildLexicalWindowQueries
sync-01,2:5,测试报,length_1_to_5,true,len=3
sync-01,2:5,测试报,latticeHardBlockFilter,true,pass
sync-01,2:5,测试报,recall_eligible,true,sent_to_recallTopKForWindows
sync-01,2:5,测试报,recall_hit,false,empty_hits
sync-01,2:6,测试报告,generated,true,buildLexicalWindowQueries
sync-01,2:6,测试报告,length_1_to_5,true,len=4
sync-01,2:6,测试报告,latticeHardBlockFilter,true,pass
sync-01,2:6,测试报告,recall_eligible,true,sent_to_recallTopKForWindows
sync-01,2:6,测试报告,recall_hit,false,empty_hits
sync-01,2:7,测试报告已,generated,true,buildLexicalWindowQueries
sync-01,2:7,测试报告已,length_1_to_5,true,len=5
sync-01,2:7,测试报告已,latticeHardBlockFilter,true,pass
sync-01,2:7,测试报告已,recall_eligible,true,sent_to_recallTopKForWindows
sync-01,2:7,测试报告已,recall_hit,false,empty_hits
sync-01,3:4,试,generated,true,buildLexicalWindowQueries
sync-01,3:4,试,length_1_to_5,true,len=1
sync-01,3:4,试,latticeHardBlockFilter,true,pass
sync-01,3:4,试,recall_eligible,true,sent_to_recallTopKForWindows
sync-01,3:4,试,recall_hit,false,empty_hits
sync-01,3:5,试报,generated,true,buildLexicalWindowQueries
sync-01,3:5,试报,length_1_to_5,true,len=2
sync-01,3:5,试报,latticeHardBlockFilter,true,pass
sync-01,3:5,试报,recall_eligible,true,sent_to_recallTopKForWindows
sync-01,3:5,试报,recall_hit,false,empty_hits
sync-01,3:6,试报告,generated,true,buildLexicalWindowQueries
sync-01,3:6,试报告,length_1_to_5,true,len=3
sync-01,3:6,试报告,latticeHardBlockFilter,true,pass
sync-01,3:6,试报告,recall_eligible,true,sent_to_recallTopKForWindows
sync-01,3:6,试报告,recall_hit,false,empty_hits
sync-01,3:7,试报告已,generated,true,buildLexicalWindowQueries
sync-01,3:7,试报告已,length_1_to_5,true,len=4
sync-01,3:7,试报告已,latticeHardBlockFilter,true,pass
sync-01,3:7,试报告已,recall_eligible,true,sent_to_recallTopKForWindows
sync-01,3:7,试报告已,recall_hit,false,empty_hits
sync-01,3:8,试报告已精,generated,true,buildLexicalWindowQueries
sync-01,3:8,试报告已精,length_1_to_5,true,len=5
sync-01,3:8,试报告已精,latticeHardBlockFilter,true,pass
sync-01,3:8,试报告已精,recall_eligible,true,sent_to_recallTopKForWindows
sync-01,3:8,试报告已精,recall_hit,false,empty_hits
sync-01,4:5,报,generated,true,buildLexicalWindowQueries
sync-01,4:5,报,length_1_to_5,true,len=1
sync-01,4:5,报,latticeHardBlockFilter,true,pass
sync-01,4:5,报,recall_eligible,true,sent_to_recallTopKForWindows
sync-01,4:5,报,recall_hit,false,empty_hits
sync-01,4:6,报告,generated,true,buildLexicalWindowQueries
sync-01,4:6,报告,length_1_to_5,true,len=2
sync-01,4:6,报告,latticeHardBlockFilter,true,pass
sync-01,4:6,报告,recall_eligible,true,sent_to_recallTopKForWindows
sync-01,4:6,报告,recall_hit,false,empty_hits
sync-01,4:7,报告已,generated,true,buildLexicalWindowQueries
sync-01,4:7,报告已,length_1_to_5,true,len=3
sync-01,4:7,报告已,latticeHardBlockFilter,true,pass
sync-01,4:7,报告已,recall_eligible,true,sent_to_recallTopKForWindows
sync-01,4:7,报告已,recall_hit,false,empty_hits
sync-01,4:8,报告已精,generated,true,buildLexicalWindowQueries
sync-01,4:8,报告已精,length_1_to_5,true,len=4
sync-01,4:8,报告已精,latticeHardBlockFilter,true,pass
sync-01,4:8,报告已精,recall_eligible,true,sent_to_recallTopKForWindows
sync-01,4:8,报告已精,recall_hit,false,empty_hits
sync-01,4:9,报告已精通,generated,true,buildLexicalWindowQueries
sync-01,4:9,报告已精通,length_1_to_5,true,len=5
sync-01,4:9,报告已精通,latticeHardBlockFilter,true,pass
sync-01,4:9,报告已精通,recall_eligible,true,sent_to_recallTopKForWindows
sync-01,4:9,报告已精通,recall_hit,false,empty_hits
sync-01,5:6,告,generated,true,buildLexicalWindowQueries
sync-01,5:6,告,length_1_to_5,true,len=1
sync-01,5:6,告,latticeHardBlockFilter,true,pass
sync-01,5:6,告,recall_eligible,true,sent_to_recallTopKForWindows
sync-01,5:6,告,recall_hit,false,empty_hits
sync-01,5:7,告已,generated,true,buildLexicalWindowQueries
sync-01,5:7,告已,length_1_to_5,true,len=2
sync-01,5:7,告已,latticeHardBlockFilter,true,pass
sync-01,5:7,告已,recall_eligible,true,sent_to_recallTopKForWindows
sync-01,5:7,告已,recall_hit,false,empty_hits
sync-01,5:8,告已精,generated,true,buildLexicalWindowQueries
sync-01,5:8,告已精,length_1_to_5,true,len=3
sync-01,5:8,告已精,latticeHardBlockFilter,true,pass
sync-01,5:8,告已精,recall_eligible,true,sent_to_recallTopKForWindows
sync-01,5:8,告已精,recall_hit,false,empty_hits
sync-01,5:9,告已精通,generated,true,buildLexicalWindowQueries
sync-01,5:9,告已精通,length_1_to_5,true,len=4
sync-01,5:9,告已精通,latticeHardBlockFilter,true,pass
sync-01,5:9,告已精通,recall_eligible,true,sent_to_recallTopKForWindows
sync-01,5:9,告已精通,recall_hit,false,empty_hits
sync-01,5:10,告已精通步,generated,true,buildLexicalWindowQueries
sync-01,5:10,告已精通步,length_1_to_5,true,len=5
sync-01,5:10,告已精通步,latticeHardBlockFilter,true,pass
sync-01,5:10,告已精通步,recall_eligible,true,sent_to_recallTopKForWindows
sync-01,5:10,告已精通步,recall_hit,false,empty_hits
sync-01,6:7,已,generated,true,buildLexicalWindowQueries
sync-01,6:7,已,length_1_to_5,true,len=1
sync-01,6:7,已,latticeHardBlockFilter,true,pass
sync-01,6:7,已,recall_eligible,true,sent_to_recallTopKForWindows
sync-01,6:7,已,recall_hit,false,empty_hits
sync-01,6:8,已精,generated,true,buildLexicalWindowQueries
sync-01,6:8,已精,length_1_to_5,true,len=2
sync-01,6:8,已精,latticeHardBlockFilter,true,pass
sync-01,6:8,已精,recall_eligible,true,sent_to_recallTopKForWindows
sync-01,6:8,已精,recall_hit,false,empty_hits
sync-01,6:9,已精通,generated,true,buildLexicalWindowQueries
sync-01,6:9,已精通,length_1_to_5,true,len=3
sync-01,6:9,已精通,latticeHardBlockFilter,true,pass
sync-01,6:9,已精通,recall_eligible,true,sent_to_recallTopKForWindows
sync-01,6:9,已精通,recall_hit,false,empty_hits
sync-01,6:10,已精通步,generated,true,buildLexicalWindowQueries
sync-01,6:10,已精通步,length_1_to_5,true,len=4
sync-01,6:10,已精通步,latticeHardBlockFilter,true,pass
sync-01,6:10,已精通步,recall_eligible,true,sent_to_recallTopKForWindows
sync-01,6:10,已精通步,recall_hit,false,empty_hits
sync-01,6:11,已精通步给,generated,true,buildLexicalWindowQueries
sync-01,6:11,已精通步给,length_1_to_5,true,len=5
sync-01,6:11,已精通步给,latticeHardBlockFilter,true,pass
sync-01,6:11,已精通步给,recall_eligible,true,sent_to_recallTopKForWindows
sync-01,6:11,已精通步给,recall_hit,false,empty_hits
sync-01,7:8,精,generated,true,buildLexicalWindowQueries
sync-01,7:8,精,length_1_to_5,true,len=1
sync-01,7:8,精,latticeHardBlockFilter,true,pass
sync-01,7:8,精,recall_eligible,true,sent_to_recallTopKForWindows
sync-01,7:8,精,recall_hit,false,empty_hits
sync-01,7:9,精通,generated,true,buildLexicalWindowQueries
sync-01,7:9,精通,length_1_to_5,true,len=2
sync-01,7:9,精通,latticeHardBlockFilter,true,pass
sync-01,7:9,精通,recall_eligible,true,sent_to_recallTopKForWindows
sync-01,7:9,精通,recall_hit,true,精通
sync-01,7:10,精通步,generated,true,buildLexicalWindowQueries
sync-01,7:10,精通步,length_1_to_5,true,len=3
sync-01,7:10,精通步,latticeHardBlockFilter,true,pass
sync-01,7:10,精通步,recall_eligible,true,sent_to_recallTopKForWindows
sync-01,7:10,精通步,recall_hit,false,empty_hits
sync-01,7:11,精通步给,generated,true,buildLexicalWindowQueries
sync-01,7:11,精通步给,length_1_to_5,true,len=4
sync-01,7:11,精通步给,latticeHardBlockFilter,true,pass
sync-01,7:11,精通步给,recall_eligible,true,sent_to_recallTopKForWindows
sync-01,7:11,精通步给,recall_hit,false,empty_hits
sync-01,7:12,精通步给质,generated,true,buildLexicalWindowQueries
sync-01,7:12,精通步给质,length_1_to_5,true,len=5
sync-01,7:12,精通步给质,latticeHardBlockFilter,true,pass
sync-01,7:12,精通步给质,recall_eligible,true,sent_to_recallTopKForWindows
sync-01,7:12,精通步给质,recall_hit,false,empty_hits
sync-01,8:9,通,generated,true,buildLexicalWindowQueries
sync-01,8:9,通,length_1_to_5,true,len=1
sync-01,8:9,通,latticeHardBlockFilter,true,pass
sync-01,8:9,通,recall_eligible,true,sent_to_recallTopKForWindows
sync-01,8:9,通,recall_hit,false,empty_hits
sync-01,8:10,通步,generated,true,buildLexicalWindowQueries
sync-01,8:10,通步,length_1_to_5,true,len=2
sync-01,8:10,通步,latticeHardBlockFilter,true,pass
sync-01,8:10,通步,recall_eligible,true,sent_to_recallTopKForWindows
sync-01,8:10,通步,recall_hit,false,empty_hits
sync-01,8:11,通步给,generated,true,buildLexicalWindowQueries
sync-01,8:11,通步给,length_1_to_5,true,len=3
sync-01,8:11,通步给,latticeHardBlockFilter,true,pass
sync-01,8:11,通步给,recall_eligible,true,sent_to_recallTopKForWindows
sync-01,8:11,通步给,recall_hit,false,empty_hits
sync-01,8:12,通步给质,generated,true,buildLexicalWindowQueries
sync-01,8:12,通步给质,length_1_to_5,true,len=4
sync-01,8:12,通步给质,latticeHardBlockFilter,true,pass
sync-01,8:12,通步给质,recall_eligible,true,sent_to_recallTopKForWindows
sync-01,8:12,通步给质,recall_hit,false,empty_hits
sync-01,8:13,通步给质量,generated,true,buildLexicalWindowQueries
sync-01,8:13,通步给质量,length_1_to_5,true,len=5
sync-01,8:13,通步给质量,latticeHardBlockFilter,true,pass
sync-01,8:13,通步给质量,recall_eligible,true,sent_to_recallTopKForWindows
sync-01,8:13,通步给质量,recall_hit,false,empty_hits
sync-01,9:10,步,generated,true,buildLexicalWindowQueries
sync-01,9:10,步,length_1_to_5,true,len=1
sync-01,9:10,步,latticeHardBlockFilter,true,pass
sync-01,9:10,步,recall_eligible,true,sent_to_recallTopKForWindows
sync-01,9:10,步,recall_hit,false,empty_hits
sync-01,9:11,步给,generated,true,buildLexicalWindowQueries
sync-01,9:11,步给,length_1_to_5,true,len=2
sync-01,9:11,步给,latticeHardBlockFilter,true,pass
sync-01,9:11,步给,recall_eligible,true,sent_to_recallTopKForWindows
sync-01,9:11,步给,recall_hit,false,empty_hits
sync-01,9:12,步给质,generated,true,buildLexicalWindowQueries
sync-01,9:12,步给质,length_1_to_5,true,len=3
sync-01,9:12,步给质,latticeHardBlockFilter,true,pass
sync-01,9:12,步给质,recall_eligible,true,sent_to_recallTopKForWindows
sync-01,9:12,步给质,recall_hit,false,empty_hits
sync-01,9:13,步给质量,generated,true,buildLexicalWindowQueries
sync-01,9:13,步给质量,length_1_to_5,true,len=4
sync-01,9:13,步给质量,latticeHardBlockFilter,true,pass
sync-01,9:13,步给质量,recall_eligible,true,sent_to_recallTopKForWindows
sync-01,9:13,步给质量,recall_hit,false,empty_hits
sync-01,9:14,步给质量保,generated,true,buildLexicalWindowQueries
sync-01,9:14,步给质量保,length_1_to_5,true,len=5
sync-01,9:14,步给质量保,latticeHardBlockFilter,true,pass
sync-01,9:14,步给质量保,recall_eligible,true,sent_to_recallTopKForWindows
sync-01,9:14,步给质量保,recall_hit,false,empty_hits
sync-01,10:11,给,generated,true,buildLexicalWindowQueries
sync-01,10:11,给,length_1_to_5,true,len=1
sync-01,10:11,给,latticeHardBlockFilter,true,pass
sync-01,10:11,给,recall_eligible,true,sent_to_recallTopKForWindows
sync-01,10:11,给,recall_hit,false,empty_hits
sync-01,10:12,给质,generated,true,buildLexicalWindowQueries
sync-01,10:12,给质,length_1_to_5,true,len=2
sync-01,10:12,给质,latticeHardBlockFilter,true,pass
sync-01,10:12,给质,recall_eligible,true,sent_to_recallTopKForWindows
sync-01,10:12,给质,recall_hit,false,empty_hits
sync-01,10:13,给质量,generated,true,buildLexicalWindowQueries
sync-01,10:13,给质量,length_1_to_5,true,len=3
sync-01,10:13,给质量,latticeHardBlockFilter,true,pass
sync-01,10:13,给质量,recall_eligible,true,sent_to_recallTopKForWindows
sync-01,10:13,给质量,recall_hit,false,empty_hits
sync-01,10:14,给质量保,generated,true,buildLexicalWindowQueries
sync-01,10:14,给质量保,length_1_to_5,true,len=4
sync-01,10:14,给质量保,latticeHardBlockFilter,true,pass
sync-01,10:14,给质量保,recall_eligible,true,sent_to_recallTopKForWindows
sync-01,10:14,给质量保,recall_hit,false,empty_hits
sync-01,10:15,给质量保障,generated,true,buildLexicalWindowQueries
sync-01,10:15,给质量保障,length_1_to_5,true,len=5
sync-01,10:15,给质量保障,latticeHardBlockFilter,true,pass
sync-01,10:15,给质量保障,recall_eligible,true,sent_to_recallTopKForWindows
sync-01,10:15,给质量保障,recall_hit,false,empty_hits
sync-01,11:12,质,generated,true,buildLexicalWindowQueries
sync-01,11:12,质,length_1_to_5,true,len=1
sync-01,11:12,质,latticeHardBlockFilter,true,pass
sync-01,11:12,质,recall_eligible,true,sent_to_recallTopKForWindows
sync-01,11:12,质,recall_hit,false,empty_hits
sync-01,11:13,质量,generated,true,buildLexicalWindowQueries
sync-01,11:13,质量,length_1_to_5,true,len=2
sync-01,11:13,质量,latticeHardBlockFilter,true,pass
sync-01,11:13,质量,recall_eligible,true,sent_to_recallTopKForWindows
sync-01,11:13,质量,recall_hit,false,empty_hits
sync-01,11:14,质量保,generated,true,buildLexicalWindowQueries
sync-01,11:14,质量保,length_1_to_5,true,len=3
sync-01,11:14,质量保,latticeHardBlockFilter,true,pass
sync-01,11:14,质量保,recall_eligible,true,sent_to_recallTopKForWindows
sync-01,11:14,质量保,recall_hit,false,empty_hits
sync-01,11:15,质量保障,generated,true,buildLexicalWindowQueries
sync-01,11:15,质量保障,length_1_to_5,true,len=4
sync-01,11:15,质量保障,latticeHardBlockFilter,true,pass
sync-01,11:15,质量保障,recall_eligible,true,sent_to_recallTopKForWindows
sync-01,11:15,质量保障,recall_hit,false,empty_hits
sync-01,11:16,质量保障团,generated,true,buildLexicalWindowQueries
sync-01,11:16,质量保障团,length_1_to_5,true,len=5
sync-01,11:16,质量保障团,latticeHardBlockFilter,true,pass
sync-01,11:16,质量保障团,recall_eligible,true,sent_to_recallTopKForWindows
sync-01,11:16,质量保障团,recall_hit,false,empty_hits
sync-01,12:13,量,generated,true,buildLexicalWindowQueries
sync-01,12:13,量,length_1_to_5,true,len=1
sync-01,12:13,量,latticeHardBlockFilter,true,pass
sync-01,12:13,量,recall_eligible,true,sent_to_recallTopKForWindows
sync-01,12:13,量,recall_hit,false,empty_hits
sync-01,12:14,量保,generated,true,buildLexicalWindowQueries
sync-01,12:14,量保,length_1_to_5,true,len=2
sync-01,12:14,量保,latticeHardBlockFilter,true,pass
sync-01,12:14,量保,recall_eligible,true,sent_to_recallTopKForWindows
sync-01,12:14,量保,recall_hit,false,empty_hits
sync-01,12:15,量保障,generated,true,buildLexicalWindowQueries
sync-01,12:15,量保障,length_1_to_5,true,len=3
sync-01,12:15,量保障,latticeHardBlockFilter,true,pass
sync-01,12:15,量保障,recall_eligible,true,sent_to_recallTopKForWindows
sync-01,12:15,量保障,recall_hit,false,empty_hits
sync-01,12:16,量保障团,generated,true,buildLexicalWindowQueries
sync-01,12:16,量保障团,length_1_to_5,true,len=4
sync-01,12:16,量保障团,latticeHardBlockFilter,true,pass
sync-01,12:16,量保障团,recall_eligible,true,sent_to_recallTopKForWindows
sync-01,12:16,量保障团,recall_hit,false,empty_hits
sync-01,12:17,量保障团队,generated,true,buildLexicalWindowQueries
sync-01,12:17,量保障团队,length_1_to_5,true,len=5
sync-01,12:17,量保障团队,latticeHardBlockFilter,true,pass
sync-01,12:17,量保障团队,recall_eligible,true,sent_to_recallTopKForWindows
sync-01,12:17,量保障团队,recall_hit,false,empty_hits
sync-01,13:14,保,generated,true,buildLexicalWindowQueries
sync-01,13:14,保,length_1_to_5,true,len=1
sync-01,13:14,保,latticeHardBlockFilter,true,pass
sync-01,13:14,保,recall_eligible,true,sent_to_recallTopKForWindows
sync-01,13:14,保,recall_hit,false,empty_hits
sync-01,13:15,保障,generated,true,buildLexicalWindowQueries
sync-01,13:15,保障,length_1_to_5,true,len=2
sync-01,13:15,保障,latticeHardBlockFilter,true,pass
sync-01,13:15,保障,recall_eligible,true,sent_to_recallTopKForWindows
sync-01,13:15,保障,recall_hit,false,empty_hits
sync-01,13:16,保障团,generated,true,buildLexicalWindowQueries
sync-01,13:16,保障团,length_1_to_5,true,len=3
sync-01,13:16,保障团,latticeHardBlockFilter,true,pass
sync-01,13:16,保障团,recall_eligible,true,sent_to_recallTopKForWindows
sync-01,13:16,保障团,recall_hit,false,empty_hits
sync-01,13:17,保障团队,generated,true,buildLexicalWindowQueries
sync-01,13:17,保障团队,length_1_to_5,true,len=4
sync-01,13:17,保障团队,latticeHardBlockFilter,true,pass
sync-01,13:17,保障团队,recall_eligible,true,sent_to_recallTopKForWindows
sync-01,13:17,保障团队,recall_hit,false,empty_hits
sync-01,14:15,障,generated,true,buildLexicalWindowQueries
sync-01,14:15,障,length_1_to_5,true,len=1
sync-01,14:15,障,latticeHardBlockFilter,true,pass
sync-01,14:15,障,recall_eligible,true,sent_to_recallTopKForWindows
sync-01,14:15,障,recall_hit,false,empty_hits
sync-01,14:16,障团,generated,true,buildLexicalWindowQueries
sync-01,14:16,障团,length_1_to_5,true,len=2
sync-01,14:16,障团,latticeHardBlockFilter,true,pass
sync-01,14:16,障团,recall_eligible,true,sent_to_recallTopKForWindows
sync-01,14:16,障团,recall_hit,false,empty_hits
sync-01,14:17,障团队,generated,true,buildLexicalWindowQueries
sync-01,14:17,障团队,length_1_to_5,true,len=3
sync-01,14:17,障团队,latticeHardBlockFilter,true,pass
sync-01,14:17,障团队,recall_eligible,true,sent_to_recallTopKForWindows
sync-01,14:17,障团队,recall_hit,false,empty_hits
sync-01,15:16,团,generated,true,buildLexicalWindowQueries
sync-01,15:16,团,length_1_to_5,true,len=1
sync-01,15:16,团,latticeHardBlockFilter,true,pass
sync-01,15:16,团,recall_eligible,true,sent_to_recallTopKForWindows
sync-01,15:16,团,recall_hit,false,empty_hits
sync-01,15:17,团队,generated,true,buildLexicalWindowQueries
sync-01,15:17,团队,length_1_to_5,true,len=2
sync-01,15:17,团队,latticeHardBlockFilter,true,pass
sync-01,15:17,团队,recall_eligible,true,sent_to_recallTopKForWindows
sync-01,15:17,团队,recall_hit,false,empty_hits
sync-01,16:17,队,generated,true,buildLexicalWindowQueries
sync-01,16:17,队,length_1_to_5,true,len=1
sync-01,16:17,队,latticeHardBlockFilter,true,pass
sync-01,16:17,队,recall_eligible,true,sent_to_recallTopKForWindows
sync-01,16:17,队,recall_hit,false,empty_hits
trigger-01,0:1,调,generated,true,buildLexicalWindowQueries
trigger-01,0:1,调,length_1_to_5,true,len=1
trigger-01,0:1,调,latticeHardBlockFilter,true,pass
trigger-01,0:1,调,recall_eligible,true,sent_to_recallTopKForWindows
trigger-01,0:1,调,recall_hit,false,empty_hits
trigger-01,0:2,调用,generated,true,buildLexicalWindowQueries
trigger-01,0:2,调用,length_1_to_5,true,len=2
trigger-01,0:2,调用,latticeHardBlockFilter,true,pass
trigger-01,0:2,调用,recall_eligible,true,sent_to_recallTopKForWindows
trigger-01,0:2,调用,recall_hit,false,empty_hits
trigger-01,0:3,调用下,generated,true,buildLexicalWindowQueries
trigger-01,0:3,调用下,length_1_to_5,true,len=3
trigger-01,0:3,调用下,latticeHardBlockFilter,true,pass
trigger-01,0:3,调用下,recall_eligible,true,sent_to_recallTopKForWindows
trigger-01,0:3,调用下,recall_hit,false,empty_hits
trigger-01,0:4,调用下游,generated,true,buildLexicalWindowQueries
trigger-01,0:4,调用下游,length_1_to_5,true,len=4
trigger-01,0:4,调用下游,latticeHardBlockFilter,true,pass
trigger-01,0:4,调用下游,recall_eligible,true,sent_to_recallTopKForWindows
trigger-01,0:4,调用下游,recall_hit,false,empty_hits
trigger-01,0:5,调用下游超,generated,true,buildLexicalWindowQueries
trigger-01,0:5,调用下游超,length_1_to_5,true,len=5
trigger-01,0:5,调用下游超,latticeHardBlockFilter,true,pass
trigger-01,0:5,调用下游超,recall_eligible,true,sent_to_recallTopKForWindows
trigger-01,0:5,调用下游超,recall_hit,false,empty_hits
trigger-01,1:2,用,generated,true,buildLexicalWindowQueries
trigger-01,1:2,用,length_1_to_5,true,len=1
trigger-01,1:2,用,latticeHardBlockFilter,true,pass
trigger-01,1:2,用,recall_eligible,true,sent_to_recallTopKForWindows
trigger-01,1:2,用,recall_hit,false,empty_hits
trigger-01,1:3,用下,generated,true,buildLexicalWindowQueries
trigger-01,1:3,用下,length_1_to_5,true,len=2
trigger-01,1:3,用下,latticeHardBlockFilter,true,pass
trigger-01,1:3,用下,recall_eligible,true,sent_to_recallTopKForWindows
trigger-01,1:3,用下,recall_hit,false,empty_hits
trigger-01,1:4,用下游,generated,true,buildLexicalWindowQueries
trigger-01,1:4,用下游,length_1_to_5,true,len=3
trigger-01,1:4,用下游,latticeHardBlockFilter,true,pass
trigger-01,1:4,用下游,recall_eligible,true,sent_to_recallTopKForWindows
trigger-01,1:4,用下游,recall_hit,false,empty_hits
trigger-01,1:5,用下游超,generated,true,buildLexicalWindowQueries
trigger-01,1:5,用下游超,length_1_to_5,true,len=4
trigger-01,1:5,用下游超,latticeHardBlockFilter,true,pass
trigger-01,1:5,用下游超,recall_eligible,true,sent_to_recallTopKForWindows
trigger-01,1:5,用下游超,recall_hit,false,empty_hits
trigger-01,1:6,用下游超时,generated,true,buildLexicalWindowQueries
trigger-01,1:6,用下游超时,length_1_to_5,true,len=5
trigger-01,1:6,用下游超时,latticeHardBlockFilter,true,pass
trigger-01,1:6,用下游超时,recall_eligible,true,sent_to_recallTopKForWindows
trigger-01,1:6,用下游超时,recall_hit,false,empty_hits
trigger-01,2:3,下,generated,true,buildLexicalWindowQueries
trigger-01,2:3,下,length_1_to_5,true,len=1
trigger-01,2:3,下,latticeHardBlockFilter,true,pass
trigger-01,2:3,下,recall_eligible,true,sent_to_recallTopKForWindows
trigger-01,2:3,下,recall_hit,false,empty_hits
trigger-01,2:4,下游,generated,true,buildLexicalWindowQueries
trigger-01,2:4,下游,length_1_to_5,true,len=2
trigger-01,2:4,下游,latticeHardBlockFilter,true,pass
trigger-01,2:4,下游,recall_eligible,true,sent_to_recallTopKForWindows
trigger-01,2:4,下游,recall_hit,false,empty_hits
trigger-01,2:5,下游超,generated,true,buildLexicalWindowQueries
trigger-01,2:5,下游超,length_1_to_5,true,len=3
trigger-01,2:5,下游超,latticeHardBlockFilter,true,pass
trigger-01,2:5,下游超,recall_eligible,true,sent_to_recallTopKForWindows
trigger-01,2:5,下游超,recall_hit,false,empty_hits
trigger-01,2:6,下游超时,generated,true,buildLexicalWindowQueries
trigger-01,2:6,下游超时,length_1_to_5,true,len=4
trigger-01,2:6,下游超时,latticeHardBlockFilter,true,pass
trigger-01,2:6,下游超时,recall_eligible,true,sent_to_recallTopKForWindows
trigger-01,2:6,下游超时,recall_hit,false,empty_hits
trigger-01,2:7,下游超时后,generated,true,buildLexicalWindowQueries
trigger-01,2:7,下游超时后,length_1_to_5,true,len=5
trigger-01,2:7,下游超时后,latticeHardBlockFilter,true,pass
trigger-01,2:7,下游超时后,recall_eligible,true,sent_to_recallTopKForWindows
trigger-01,2:7,下游超时后,recall_hit,false,empty_hits
trigger-01,3:4,游,generated,true,buildLexicalWindowQueries
trigger-01,3:4,游,length_1_to_5,true,len=1
trigger-01,3:4,游,latticeHardBlockFilter,true,pass
trigger-01,3:4,游,recall_eligible,true,sent_to_recallTopKForWindows
trigger-01,3:4,游,recall_hit,false,empty_hits
trigger-01,3:5,游超,generated,true,buildLexicalWindowQueries
trigger-01,3:5,游超,length_1_to_5,true,len=2
trigger-01,3:5,游超,latticeHardBlockFilter,true,pass
trigger-01,3:5,游超,recall_eligible,true,sent_to_recallTopKForWindows
trigger-01,3:5,游超,recall_hit,false,empty_hits
trigger-01,3:6,游超时,generated,true,buildLexicalWindowQueries
trigger-01,3:6,游超时,length_1_to_5,true,len=3
trigger-01,3:6,游超时,latticeHardBlockFilter,true,pass
trigger-01,3:6,游超时,recall_eligible,true,sent_to_recallTopKForWindows
trigger-01,3:6,游超时,recall_hit,false,empty_hits
trigger-01,3:7,游超时后,generated,true,buildLexicalWindowQueries
trigger-01,3:7,游超时后,length_1_to_5,true,len=4
trigger-01,3:7,游超时后,latticeHardBlockFilter,true,pass
trigger-01,3:7,游超时后,recall_eligible,true,sent_to_recallTopKForWindows
trigger-01,3:7,游超时后,recall_hit,false,empty_hits
trigger-01,3:8,游超时后会,generated,true,buildLexicalWindowQueries
trigger-01,3:8,游超时后会,length_1_to_5,true,len=5
trigger-01,3:8,游超时后会,latticeHardBlockFilter,true,pass
trigger-01,3:8,游超时后会,recall_eligible,true,sent_to_recallTopKForWindows
trigger-01,3:8,游超时后会,recall_hit,false,empty_hits
trigger-01,4:5,超,generated,true,buildLexicalWindowQueries
trigger-01,4:5,超,length_1_to_5,true,len=1
trigger-01,4:5,超,latticeHardBlockFilter,true,pass
trigger-01,4:5,超,recall_eligible,true,sent_to_recallTopKForWindows
trigger-01,4:5,超,recall_hit,false,empty_hits
trigger-01,4:6,超时,generated,true,buildLexicalWindowQueries
trigger-01,4:6,超时,length_1_to_5,true,len=2
trigger-01,4:6,超时,latticeHardBlockFilter,true,pass
trigger-01,4:6,超时,recall_eligible,true,sent_to_recallTopKForWindows
trigger-01,4:6,超时,recall_hit,false,empty_hits
trigger-01,4:7,超时后,generated,true,buildLexicalWindowQueries
trigger-01,4:7,超时后,length_1_to_5,true,len=3
trigger-01,4:7,超时后,latticeHardBlockFilter,true,pass
trigger-01,4:7,超时后,recall_eligible,true,sent_to_recallTopKForWindows
trigger-01,4:7,超时后,recall_hit,false,empty_hits
trigger-01,4:8,超时后会,generated,true,buildLexicalWindowQueries
trigger-01,4:8,超时后会,length_1_to_5,true,len=4
trigger-01,4:8,超时后会,latticeHardBlockFilter,true,pass
trigger-01,4:8,超时后会,recall_eligible,true,sent_to_recallTopKForWindows
trigger-01,4:8,超时后会,recall_hit,false,empty_hits
trigger-01,4:9,超时后会出,generated,true,buildLexicalWindowQueries
trigger-01,4:9,超时后会出,length_1_to_5,true,len=5
trigger-01,4:9,超时后会出,latticeHardBlockFilter,true,pass
trigger-01,4:9,超时后会出,recall_eligible,true,sent_to_recallTopKForWindows
trigger-01,4:9,超时后会出,recall_hit,false,empty_hits
trigger-01,5:6,时,generated,true,buildLexicalWindowQueries
trigger-01,5:6,时,length_1_to_5,true,len=1
trigger-01,5:6,时,latticeHardBlockFilter,true,pass
trigger-01,5:6,时,recall_eligible,true,sent_to_recallTopKForWindows
trigger-01,5:6,时,recall_hit,false,empty_hits
trigger-01,5:7,时后,generated,true,buildLexicalWindowQueries
trigger-01,5:7,时后,length_1_to_5,true,len=2
trigger-01,5:7,时后,latticeHardBlockFilter,true,pass
trigger-01,5:7,时后,recall_eligible,true,sent_to_recallTopKForWindows
trigger-01,5:7,时后,recall_hit,false,empty_hits
trigger-01,5:8,时后会,generated,true,buildLexicalWindowQueries
trigger-01,5:8,时后会,length_1_to_5,true,len=3
trigger-01,5:8,时后会,latticeHardBlockFilter,true,pass
trigger-01,5:8,时后会,recall_eligible,true,sent_to_recallTopKForWindows
trigger-01,5:8,时后会,recall_hit,false,empty_hits
trigger-01,5:9,时后会出,generated,true,buildLexicalWindowQueries
trigger-01,5:9,时后会出,length_1_to_5,true,len=4
trigger-01,5:9,时后会出,latticeHardBlockFilter,true,pass
trigger-01,5:9,时后会出,recall_eligible,true,sent_to_recallTopKForWindows
trigger-01,5:9,时后会出,recall_hit,false,empty_hits
trigger-01,5:10,时后会出发,generated,true,buildLexicalWindowQueries
trigger-01,5:10,时后会出发,length_1_to_5,true,len=5
trigger-01,5:10,时后会出发,latticeHardBlockFilter,true,pass
trigger-01,5:10,时后会出发,recall_eligible,true,sent_to_recallTopKForWindows
trigger-01,5:10,时后会出发,recall_hit,false,empty_hits
trigger-01,6:7,后,generated,true,buildLexicalWindowQueries
trigger-01,6:7,后,length_1_to_5,true,len=1
trigger-01,6:7,后,latticeHardBlockFilter,true,pass
trigger-01,6:7,后,recall_eligible,true,sent_to_recallTopKForWindows
trigger-01,6:7,后,recall_hit,false,empty_hits
trigger-01,6:8,后会,generated,true,buildLexicalWindowQueries
trigger-01,6:8,后会,length_1_to_5,true,len=2
trigger-01,6:8,后会,latticeHardBlockFilter,true,pass
trigger-01,6:8,后会,recall_eligible,true,sent_to_recallTopKForWindows
trigger-01,6:8,后会,recall_hit,false,empty_hits
trigger-01,6:9,后会出,generated,true,buildLexicalWindowQueries
trigger-01,6:9,后会出,length_1_to_5,true,len=3
trigger-01,6:9,后会出,latticeHardBlockFilter,true,pass
trigger-01,6:9,后会出,recall_eligible,true,sent_to_recallTopKForWindows
trigger-01,6:9,后会出,recall_hit,false,empty_hits
trigger-01,6:10,后会出发,generated,true,buildLexicalWindowQueries
trigger-01,6:10,后会出发,length_1_to_5,true,len=4
trigger-01,6:10,后会出发,latticeHardBlockFilter,true,pass
trigger-01,6:10,后会出发,recall_eligible,true,sent_to_recallTopKForWindows
trigger-01,6:10,后会出发,recall_hit,false,empty_hits
trigger-01,6:11,后会出发熔,generated,true,buildLexicalWindowQueries
trigger-01,6:11,后会出发熔,length_1_to_5,true,len=5
trigger-01,6:11,后会出发熔,latticeHardBlockFilter,true,pass
trigger-01,6:11,后会出发熔,recall_eligible,true,sent_to_recallTopKForWindows
trigger-01,6:11,后会出发熔,recall_hit,false,empty_hits
trigger-01,7:8,会,generated,true,buildLexicalWindowQueries
trigger-01,7:8,会,length_1_to_5,true,len=1
trigger-01,7:8,会,latticeHardBlockFilter,true,pass
trigger-01,7:8,会,recall_eligible,true,sent_to_recallTopKForWindows
trigger-01,7:8,会,recall_hit,false,empty_hits
trigger-01,7:9,会出,generated,true,buildLexicalWindowQueries
trigger-01,7:9,会出,length_1_to_5,true,len=2
trigger-01,7:9,会出,latticeHardBlockFilter,true,pass
trigger-01,7:9,会出,recall_eligible,true,sent_to_recallTopKForWindows
trigger-01,7:9,会出,recall_hit,false,empty_hits
trigger-01,7:10,会出发,generated,true,buildLexicalWindowQueries
trigger-01,7:10,会出发,length_1_to_5,true,len=3
trigger-01,7:10,会出发,latticeHardBlockFilter,true,pass
trigger-01,7:10,会出发,recall_eligible,true,sent_to_recallTopKForWindows
trigger-01,7:10,会出发,recall_hit,false,empty_hits
trigger-01,7:11,会出发熔,generated,true,buildLexicalWindowQueries
trigger-01,7:11,会出发熔,length_1_to_5,true,len=4
trigger-01,7:11,会出发熔,latticeHardBlockFilter,true,pass
trigger-01,7:11,会出发熔,recall_eligible,true,sent_to_recallTopKForWindows
trigger-01,7:11,会出发熔,recall_hit,false,empty_hits
trigger-01,7:12,会出发熔断,generated,true,buildLexicalWindowQueries
trigger-01,7:12,会出发熔断,length_1_to_5,true,len=5
trigger-01,7:12,会出发熔断,latticeHardBlockFilter,true,pass
trigger-01,7:12,会出发熔断,recall_eligible,true,sent_to_recallTopKForWindows
trigger-01,7:12,会出发熔断,recall_hit,false,empty_hits
trigger-01,8:9,出,generated,true,buildLexicalWindowQueries
trigger-01,8:9,出,length_1_to_5,true,len=1
trigger-01,8:9,出,latticeHardBlockFilter,true,pass
trigger-01,8:9,出,recall_eligible,true,sent_to_recallTopKForWindows
trigger-01,8:9,出,recall_hit,false,empty_hits
trigger-01,8:10,出发,generated,true,buildLexicalWindowQueries
trigger-01,8:10,出发,length_1_to_5,true,len=2
trigger-01,8:10,出发,latticeHardBlockFilter,true,pass
trigger-01,8:10,出发,recall_eligible,true,sent_to_recallTopKForWindows
trigger-01,8:10,出发,recall_hit,true,出发
trigger-01,8:11,出发熔,generated,true,buildLexicalWindowQueries
trigger-01,8:11,出发熔,length_1_to_5,true,len=3
trigger-01,8:11,出发熔,latticeHardBlockFilter,true,pass
trigger-01,8:11,出发熔,recall_eligible,true,sent_to_recallTopKForWindows
trigger-01,8:11,出发熔,recall_hit,false,empty_hits
trigger-01,8:12,出发熔断,generated,true,buildLexicalWindowQueries
trigger-01,8:12,出发熔断,length_1_to_5,true,len=4
trigger-01,8:12,出发熔断,latticeHardBlockFilter,true,pass
trigger-01,8:12,出发熔断,recall_eligible,true,sent_to_recallTopKForWindows
trigger-01,8:12,出发熔断,recall_hit,false,empty_hits
trigger-01,8:13,出发熔断策,generated,true,buildLexicalWindowQueries
trigger-01,8:13,出发熔断策,length_1_to_5,true,len=5
trigger-01,8:13,出发熔断策,latticeHardBlockFilter,true,pass
trigger-01,8:13,出发熔断策,recall_eligible,true,sent_to_recallTopKForWindows
trigger-01,8:13,出发熔断策,recall_hit,false,empty_hits
trigger-01,9:10,发,generated,true,buildLexicalWindowQueries
trigger-01,9:10,发,length_1_to_5,true,len=1
trigger-01,9:10,发,latticeHardBlockFilter,true,pass
trigger-01,9:10,发,recall_eligible,true,sent_to_recallTopKForWindows
trigger-01,9:10,发,recall_hit,false,empty_hits
trigger-01,9:11,发熔,generated,true,buildLexicalWindowQueries
trigger-01,9:11,发熔,length_1_to_5,true,len=2
trigger-01,9:11,发熔,latticeHardBlockFilter,true,pass
trigger-01,9:11,发熔,recall_eligible,true,sent_to_recallTopKForWindows
trigger-01,9:11,发熔,recall_hit,false,empty_hits
trigger-01,9:12,发熔断,generated,true,buildLexicalWindowQueries
trigger-01,9:12,发熔断,length_1_to_5,true,len=3
trigger-01,9:12,发熔断,latticeHardBlockFilter,true,pass
trigger-01,9:12,发熔断,recall_eligible,true,sent_to_recallTopKForWindows
trigger-01,9:12,发熔断,recall_hit,false,empty_hits
trigger-01,9:13,发熔断策,generated,true,buildLexicalWindowQueries
trigger-01,9:13,发熔断策,length_1_to_5,true,len=4
trigger-01,9:13,发熔断策,latticeHardBlockFilter,true,pass
trigger-01,9:13,发熔断策,recall_eligible,true,sent_to_recallTopKForWindows
trigger-01,9:13,发熔断策,recall_hit,false,empty_hits
trigger-01,9:14,发熔断策略,generated,true,buildLexicalWindowQueries
trigger-01,9:14,发熔断策略,length_1_to_5,true,len=5
trigger-01,9:14,发熔断策略,latticeHardBlockFilter,true,pass
trigger-01,9:14,发熔断策略,recall_eligible,true,sent_to_recallTopKForWindows
trigger-01,9:14,发熔断策略,recall_hit,false,empty_hits
trigger-01,10:11,熔,generated,true,buildLexicalWindowQueries
trigger-01,10:11,熔,length_1_to_5,true,len=1
trigger-01,10:11,熔,latticeHardBlockFilter,true,pass
trigger-01,10:11,熔,recall_eligible,true,sent_to_recallTopKForWindows
trigger-01,10:11,熔,recall_hit,false,empty_hits
trigger-01,10:12,熔断,generated,true,buildLexicalWindowQueries
trigger-01,10:12,熔断,length_1_to_5,true,len=2
trigger-01,10:12,熔断,latticeHardBlockFilter,true,pass
trigger-01,10:12,熔断,recall_eligible,true,sent_to_recallTopKForWindows
trigger-01,10:12,熔断,recall_hit,false,empty_hits
trigger-01,10:13,熔断策,generated,true,buildLexicalWindowQueries
trigger-01,10:13,熔断策,length_1_to_5,true,len=3
trigger-01,10:13,熔断策,latticeHardBlockFilter,true,pass
trigger-01,10:13,熔断策,recall_eligible,true,sent_to_recallTopKForWindows
trigger-01,10:13,熔断策,recall_hit,false,empty_hits
trigger-01,10:14,熔断策略,generated,true,buildLexicalWindowQueries
trigger-01,10:14,熔断策略,length_1_to_5,true,len=4
trigger-01,10:14,熔断策略,latticeHardBlockFilter,true,pass
trigger-01,10:14,熔断策略,recall_eligible,true,sent_to_recallTopKForWindows
trigger-01,10:14,熔断策略,recall_hit,false,empty_hits
trigger-01,10:15,熔断策略保,generated,true,buildLexicalWindowQueries
trigger-01,10:15,熔断策略保,length_1_to_5,true,len=5
trigger-01,10:15,熔断策略保,latticeHardBlockFilter,true,pass
trigger-01,10:15,熔断策略保,recall_eligible,true,sent_to_recallTopKForWindows
trigger-01,10:15,熔断策略保,recall_hit,false,empty_hits
trigger-01,11:12,断,generated,true,buildLexicalWindowQueries
trigger-01,11:12,断,length_1_to_5,true,len=1
trigger-01,11:12,断,latticeHardBlockFilter,true,pass
trigger-01,11:12,断,recall_eligible,true,sent_to_recallTopKForWindows
trigger-01,11:12,断,recall_hit,false,empty_hits
trigger-01,11:13,断策,generated,true,buildLexicalWindowQueries
trigger-01,11:13,断策,length_1_to_5,true,len=2
trigger-01,11:13,断策,latticeHardBlockFilter,true,pass
trigger-01,11:13,断策,recall_eligible,true,sent_to_recallTopKForWindows
trigger-01,11:13,断策,recall_hit,false,empty_hits
trigger-01,11:14,断策略,generated,true,buildLexicalWindowQueries
trigger-01,11:14,断策略,length_1_to_5,true,len=3
trigger-01,11:14,断策略,latticeHardBlockFilter,true,pass
trigger-01,11:14,断策略,recall_eligible,true,sent_to_recallTopKForWindows
trigger-01,11:14,断策略,recall_hit,false,empty_hits
trigger-01,11:15,断策略保,generated,true,buildLexicalWindowQueries
trigger-01,11:15,断策略保,length_1_to_5,true,len=4
trigger-01,11:15,断策略保,latticeHardBlockFilter,true,pass
trigger-01,11:15,断策略保,recall_eligible,true,sent_to_recallTopKForWindows
trigger-01,11:15,断策略保,recall_hit,false,empty_hits
trigger-01,11:16,断策略保护,generated,true,buildLexicalWindowQueries
trigger-01,11:16,断策略保护,length_1_to_5,true,len=5
trigger-01,11:16,断策略保护,latticeHardBlockFilter,true,pass
trigger-01,11:16,断策略保护,recall_eligible,true,sent_to_recallTopKForWindows
trigger-01,11:16,断策略保护,recall_hit,false,empty_hits
trigger-01,12:13,策,generated,true,buildLexicalWindowQueries
trigger-01,12:13,策,length_1_to_5,true,len=1
trigger-01,12:13,策,latticeHardBlockFilter,true,pass
trigger-01,12:13,策,recall_eligible,true,sent_to_recallTopKForWindows
trigger-01,12:13,策,recall_hit,false,empty_hits
trigger-01,12:14,策略,generated,true,buildLexicalWindowQueries
trigger-01,12:14,策略,length_1_to_5,true,len=2
trigger-01,12:14,策略,latticeHardBlockFilter,true,pass
trigger-01,12:14,策略,recall_eligible,true,sent_to_recallTopKForWindows
trigger-01,12:14,策略,recall_hit,false,empty_hits
trigger-01,12:15,策略保,generated,true,buildLexicalWindowQueries
trigger-01,12:15,策略保,length_1_to_5,true,len=3
trigger-01,12:15,策略保,latticeHardBlockFilter,true,pass
trigger-01,12:15,策略保,recall_eligible,true,sent_to_recallTopKForWindows
trigger-01,12:15,策略保,recall_hit,false,empty_hits
trigger-01,12:16,策略保护,generated,true,buildLexicalWindowQueries
trigger-01,12:16,策略保护,length_1_to_5,true,len=4
trigger-01,12:16,策略保护,latticeHardBlockFilter,true,pass
trigger-01,12:16,策略保护,recall_eligible,true,sent_to_recallTopKForWindows
trigger-01,12:16,策略保护,recall_hit,false,empty_hits
trigger-01,13:14,略,generated,true,buildLexicalWindowQueries
trigger-01,13:14,略,length_1_to_5,true,len=1
trigger-01,13:14,略,latticeHardBlockFilter,true,pass
trigger-01,13:14,略,recall_eligible,true,sent_to_recallTopKForWindows
trigger-01,13:14,略,recall_hit,false,empty_hits
trigger-01,13:15,略保,generated,true,buildLexicalWindowQueries
trigger-01,13:15,略保,length_1_to_5,true,len=2
trigger-01,13:15,略保,latticeHardBlockFilter,true,pass
trigger-01,13:15,略保,recall_eligible,true,sent_to_recallTopKForWindows
trigger-01,13:15,略保,recall_hit,false,empty_hits
trigger-01,13:16,略保护,generated,true,buildLexicalWindowQueries
trigger-01,13:16,略保护,length_1_to_5,true,len=3
trigger-01,13:16,略保护,latticeHardBlockFilter,true,pass
trigger-01,13:16,略保护,recall_eligible,true,sent_to_recallTopKForWindows
trigger-01,13:16,略保护,recall_hit,false,empty_hits
trigger-01,14:15,保,generated,true,buildLexicalWindowQueries
trigger-01,14:15,保,length_1_to_5,true,len=1
trigger-01,14:15,保,latticeHardBlockFilter,true,pass
trigger-01,14:15,保,recall_eligible,true,sent_to_recallTopKForWindows
trigger-01,14:15,保,recall_hit,false,empty_hits
trigger-01,14:16,保护,generated,true,buildLexicalWindowQueries
trigger-01,14:16,保护,length_1_to_5,true,len=2
trigger-01,14:16,保护,latticeHardBlockFilter,true,pass
trigger-01,14:16,保护,recall_eligible,true,sent_to_recallTopKForWindows
trigger-01,14:16,保护,recall_hit,false,empty_hits
trigger-01,15:16,护,generated,true,buildLexicalWindowQueries
trigger-01,15:16,护,length_1_to_5,true,len=1
trigger-01,15:16,护,latticeHardBlockFilter,true,pass
trigger-01,15:16,护,recall_eligible,true,sent_to_recallTopKForWindows
trigger-01,15:16,护,recall_hit,false,empty_hits
threshold-01,0:1,熔,generated,true,buildLexicalWindowQueries
threshold-01,0:1,熔,length_1_to_5,true,len=1
threshold-01,0:1,熔,latticeHardBlockFilter,true,pass
threshold-01,0:1,熔,recall_eligible,true,sent_to_recallTopKForWindows
threshold-01,0:1,熔,recall_hit,false,empty_hits
threshold-01,0:2,熔断,generated,true,buildLexicalWindowQueries
threshold-01,0:2,熔断,length_1_to_5,true,len=2
threshold-01,0:2,熔断,latticeHardBlockFilter,true,pass
threshold-01,0:2,熔断,recall_eligible,true,sent_to_recallTopKForWindows
threshold-01,0:2,熔断,recall_hit,false,empty_hits
threshold-01,0:3,熔断策,generated,true,buildLexicalWindowQueries
threshold-01,0:3,熔断策,length_1_to_5,true,len=3
threshold-01,0:3,熔断策,latticeHardBlockFilter,true,pass
threshold-01,0:3,熔断策,recall_eligible,true,sent_to_recallTopKForWindows
threshold-01,0:3,熔断策,recall_hit,false,empty_hits
threshold-01,0:4,熔断策略,generated,true,buildLexicalWindowQueries
threshold-01,0:4,熔断策略,length_1_to_5,true,len=4
threshold-01,0:4,熔断策略,latticeHardBlockFilter,true,pass
threshold-01,0:4,熔断策略,recall_eligible,true,sent_to_recallTopKForWindows
threshold-01,0:4,熔断策略,recall_hit,false,empty_hits
threshold-01,0:5,熔断策略阈,generated,true,buildLexicalWindowQueries
threshold-01,0:5,熔断策略阈,length_1_to_5,true,len=5
threshold-01,0:5,熔断策略阈,latticeHardBlockFilter,true,pass
threshold-01,0:5,熔断策略阈,recall_eligible,true,sent_to_recallTopKForWindows
threshold-01,0:5,熔断策略阈,recall_hit,false,empty_hits
threshold-01,1:2,断,generated,true,buildLexicalWindowQueries
threshold-01,1:2,断,length_1_to_5,true,len=1
threshold-01,1:2,断,latticeHardBlockFilter,true,pass
threshold-01,1:2,断,recall_eligible,true,sent_to_recallTopKForWindows
threshold-01,1:2,断,recall_hit,false,empty_hits
threshold-01,1:3,断策,generated,true,buildLexicalWindowQueries
threshold-01,1:3,断策,length_1_to_5,true,len=2
threshold-01,1:3,断策,latticeHardBlockFilter,true,pass
threshold-01,1:3,断策,recall_eligible,true,sent_to_recallTopKForWindows
threshold-01,1:3,断策,recall_hit,false,empty_hits
threshold-01,1:4,断策略,generated,true,buildLexicalWindowQueries
threshold-01,1:4,断策略,length_1_to_5,true,len=3
threshold-01,1:4,断策略,latticeHardBlockFilter,true,pass
threshold-01,1:4,断策略,recall_eligible,true,sent_to_recallTopKForWindows
threshold-01,1:4,断策略,recall_hit,false,empty_hits
threshold-01,1:5,断策略阈,generated,true,buildLexicalWindowQueries
threshold-01,1:5,断策略阈,length_1_to_5,true,len=4
threshold-01,1:5,断策略阈,latticeHardBlockFilter,true,pass
threshold-01,1:5,断策略阈,recall_eligible,true,sent_to_recallTopKForWindows
threshold-01,1:5,断策略阈,recall_hit,false,empty_hits
threshold-01,1:6,断策略阈之,generated,true,buildLexicalWindowQueries
threshold-01,1:6,断策略阈之,length_1_to_5,true,len=5
threshold-01,1:6,断策略阈之,latticeHardBlockFilter,true,pass
threshold-01,1:6,断策略阈之,recall_eligible,true,sent_to_recallTopKForWindows
threshold-01,1:6,断策略阈之,recall_hit,false,empty_hits
threshold-01,2:3,策,generated,true,buildLexicalWindowQueries
threshold-01,2:3,策,length_1_to_5,true,len=1
threshold-01,2:3,策,latticeHardBlockFilter,true,pass
threshold-01,2:3,策,recall_eligible,true,sent_to_recallTopKForWindows
threshold-01,2:3,策,recall_hit,false,empty_hits
threshold-01,2:4,策略,generated,true,buildLexicalWindowQueries
threshold-01,2:4,策略,length_1_to_5,true,len=2
threshold-01,2:4,策略,latticeHardBlockFilter,true,pass
threshold-01,2:4,策略,recall_eligible,true,sent_to_recallTopKForWindows
threshold-01,2:4,策略,recall_hit,false,empty_hits
threshold-01,2:5,策略阈,generated,true,buildLexicalWindowQueries
threshold-01,2:5,策略阈,length_1_to_5,true,len=3
threshold-01,2:5,策略阈,latticeHardBlockFilter,true,pass
threshold-01,2:5,策略阈,recall_eligible,true,sent_to_recallTopKForWindows
threshold-01,2:5,策略阈,recall_hit,false,empty_hits
threshold-01,2:6,策略阈之,generated,true,buildLexicalWindowQueries
threshold-01,2:6,策略阈之,length_1_to_5,true,len=4
threshold-01,2:6,策略阈之,latticeHardBlockFilter,true,pass
threshold-01,2:6,策略阈之,recall_eligible,true,sent_to_recallTopKForWindows
threshold-01,2:6,策略阈之,recall_hit,false,empty_hits
threshold-01,2:7,策略阈之一,generated,true,buildLexicalWindowQueries
threshold-01,2:7,策略阈之一,length_1_to_5,true,len=5
threshold-01,2:7,策略阈之一,latticeHardBlockFilter,true,pass
threshold-01,2:7,策略阈之一,recall_eligible,true,sent_to_recallTopKForWindows
threshold-01,2:7,策略阈之一,recall_hit,false,empty_hits
threshold-01,3:4,略,generated,true,buildLexicalWindowQueries
threshold-01,3:4,略,length_1_to_5,true,len=1
threshold-01,3:4,略,latticeHardBlockFilter,true,pass
threshold-01,3:4,略,recall_eligible,true,sent_to_recallTopKForWindows
threshold-01,3:4,略,recall_hit,false,empty_hits
threshold-01,3:5,略阈,generated,true,buildLexicalWindowQueries
threshold-01,3:5,略阈,length_1_to_5,true,len=2
threshold-01,3:5,略阈,latticeHardBlockFilter,true,pass
threshold-01,3:5,略阈,recall_eligible,true,sent_to_recallTopKForWindows
threshold-01,3:5,略阈,recall_hit,false,empty_hits
threshold-01,3:6,略阈之,generated,true,buildLexicalWindowQueries
threshold-01,3:6,略阈之,length_1_to_5,true,len=3
threshold-01,3:6,略阈之,latticeHardBlockFilter,true,pass
threshold-01,3:6,略阈之,recall_eligible,true,sent_to_recallTopKForWindows
threshold-01,3:6,略阈之,recall_hit,false,empty_hits
threshold-01,3:7,略阈之一,generated,true,buildLexicalWindowQueries
threshold-01,3:7,略阈之一,length_1_to_5,true,len=4
threshold-01,3:7,略阈之一,latticeHardBlockFilter,true,pass
threshold-01,3:7,略阈之一,recall_eligible,true,sent_to_recallTopKForWindows
threshold-01,3:7,略阈之一,recall_hit,false,empty_hits
threshold-01,3:8,略阈之一按,generated,true,buildLexicalWindowQueries
threshold-01,3:8,略阈之一按,length_1_to_5,true,len=5
threshold-01,3:8,略阈之一按,latticeHardBlockFilter,true,pass
threshold-01,3:8,略阈之一按,recall_eligible,true,sent_to_recallTopKForWindows
threshold-01,3:8,略阈之一按,recall_hit,false,empty_hits
threshold-01,4:5,阈,generated,true,buildLexicalWindowQueries
threshold-01,4:5,阈,length_1_to_5,true,len=1
threshold-01,4:5,阈,latticeHardBlockFilter,true,pass
threshold-01,4:5,阈,recall_eligible,true,sent_to_recallTopKForWindows
threshold-01,4:5,阈,recall_hit,false,empty_hits
threshold-01,4:6,阈之,generated,true,buildLexicalWindowQueries
threshold-01,4:6,阈之,length_1_to_5,true,len=2
threshold-01,4:6,阈之,latticeHardBlockFilter,true,pass
threshold-01,4:6,阈之,recall_eligible,true,sent_to_recallTopKForWindows
threshold-01,4:6,阈之,recall_hit,false,empty_hits
threshold-01,4:7,阈之一,generated,true,buildLexicalWindowQueries
threshold-01,4:7,阈之一,length_1_to_5,true,len=3
threshold-01,4:7,阈之一,latticeHardBlockFilter,true,pass
threshold-01,4:7,阈之一,recall_eligible,true,sent_to_recallTopKForWindows
threshold-01,4:7,阈之一,recall_hit,false,empty_hits
threshold-01,4:8,阈之一按,generated,true,buildLexicalWindowQueries
threshold-01,4:8,阈之一按,length_1_to_5,true,len=4
threshold-01,4:8,阈之一按,latticeHardBlockFilter,true,pass
threshold-01,4:8,阈之一按,recall_eligible,true,sent_to_recallTopKForWindows
threshold-01,4:8,阈之一按,recall_hit,false,empty_hits
threshold-01,4:9,阈之一按错,generated,true,buildLexicalWindowQueries
threshold-01,4:9,阈之一按错,length_1_to_5,true,len=5
threshold-01,4:9,阈之一按错,latticeHardBlockFilter,true,pass
threshold-01,4:9,阈之一按错,recall_eligible,true,sent_to_recallTopKForWindows
threshold-01,4:9,阈之一按错,recall_hit,false,empty_hits
threshold-01,5:6,之,generated,true,buildLexicalWindowQueries
threshold-01,5:6,之,length_1_to_5,true,len=1
threshold-01,5:6,之,latticeHardBlockFilter,true,pass
threshold-01,5:6,之,recall_eligible,true,sent_to_recallTopKForWindows
threshold-01,5:6,之,recall_hit,false,empty_hits
threshold-01,5:7,之一,generated,true,buildLexicalWindowQueries
threshold-01,5:7,之一,length_1_to_5,true,len=2
threshold-01,5:7,之一,latticeHardBlockFilter,true,pass
threshold-01,5:7,之一,recall_eligible,true,sent_to_recallTopKForWindows
threshold-01,5:7,之一,recall_hit,true,之一
threshold-01,5:8,之一按,generated,true,buildLexicalWindowQueries
threshold-01,5:8,之一按,length_1_to_5,true,len=3
threshold-01,5:8,之一按,latticeHardBlockFilter,true,pass
threshold-01,5:8,之一按,recall_eligible,true,sent_to_recallTopKForWindows
threshold-01,5:8,之一按,recall_hit,false,empty_hits
threshold-01,5:9,之一按错,generated,true,buildLexicalWindowQueries
threshold-01,5:9,之一按错,length_1_to_5,true,len=4
threshold-01,5:9,之一按错,latticeHardBlockFilter,true,pass
threshold-01,5:9,之一按错,recall_eligible,true,sent_to_recallTopKForWindows
threshold-01,5:9,之一按错,recall_hit,false,empty_hits
threshold-01,5:10,之一按错误,generated,true,buildLexicalWindowQueries
threshold-01,5:10,之一按错误,length_1_to_5,true,len=5
threshold-01,5:10,之一按错误,latticeHardBlockFilter,true,pass
threshold-01,5:10,之一按错误,recall_eligible,true,sent_to_recallTopKForWindows
threshold-01,5:10,之一按错误,recall_hit,false,empty_hits
threshold-01,6:7,一,generated,true,buildLexicalWindowQueries
threshold-01,6:7,一,length_1_to_5,true,len=1
threshold-01,6:7,一,latticeHardBlockFilter,true,pass
threshold-01,6:7,一,recall_eligible,true,sent_to_recallTopKForWindows
threshold-01,6:7,一,recall_hit,false,empty_hits
threshold-01,6:8,一按,generated,true,buildLexicalWindowQueries
threshold-01,6:8,一按,length_1_to_5,true,len=2
threshold-01,6:8,一按,latticeHardBlockFilter,true,pass
threshold-01,6:8,一按,recall_eligible,true,sent_to_recallTopKForWindows
threshold-01,6:8,一按,recall_hit,false,empty_hits
threshold-01,6:9,一按错,generated,true,buildLexicalWindowQueries
threshold-01,6:9,一按错,length_1_to_5,true,len=3
threshold-01,6:9,一按错,latticeHardBlockFilter,true,pass
threshold-01,6:9,一按错,recall_eligible,true,sent_to_recallTopKForWindows
threshold-01,6:9,一按错,recall_hit,false,empty_hits
threshold-01,6:10,一按错误,generated,true,buildLexicalWindowQueries
threshold-01,6:10,一按错误,length_1_to_5,true,len=4
threshold-01,6:10,一按错误,latticeHardBlockFilter,true,pass
threshold-01,6:10,一按错误,recall_eligible,true,sent_to_recallTopKForWindows
threshold-01,6:10,一按错误,recall_hit,false,empty_hits
threshold-01,6:11,一按错误率,generated,true,buildLexicalWindowQueries
threshold-01,6:11,一按错误率,length_1_to_5,true,len=5
threshold-01,6:11,一按错误率,latticeHardBlockFilter,true,pass
threshold-01,6:11,一按错误率,recall_eligible,true,sent_to_recallTopKForWindows
threshold-01,6:11,一按错误率,recall_hit,false,empty_hits
threshold-01,7:8,按,generated,true,buildLexicalWindowQueries
threshold-01,7:8,按,length_1_to_5,true,len=1
threshold-01,7:8,按,latticeHardBlockFilter,true,pass
threshold-01,7:8,按,recall_eligible,true,sent_to_recallTopKForWindows
threshold-01,7:8,按,recall_hit,false,empty_hits
threshold-01,7:9,按错,generated,true,buildLexicalWindowQueries
threshold-01,7:9,按错,length_1_to_5,true,len=2
threshold-01,7:9,按错,latticeHardBlockFilter,true,pass
threshold-01,7:9,按错,recall_eligible,true,sent_to_recallTopKForWindows
threshold-01,7:9,按错,recall_hit,false,empty_hits
threshold-01,7:10,按错误,generated,true,buildLexicalWindowQueries
threshold-01,7:10,按错误,length_1_to_5,true,len=3
threshold-01,7:10,按错误,latticeHardBlockFilter,true,pass
threshold-01,7:10,按错误,recall_eligible,true,sent_to_recallTopKForWindows
threshold-01,7:10,按错误,recall_hit,false,empty_hits
threshold-01,7:11,按错误率,generated,true,buildLexicalWindowQueries
threshold-01,7:11,按错误率,length_1_to_5,true,len=4
threshold-01,7:11,按错误率,latticeHardBlockFilter,true,pass
threshold-01,7:11,按错误率,recall_eligible,true,sent_to_recallTopKForWindows
threshold-01,7:11,按错误率,recall_hit,false,empty_hits
threshold-01,7:12,按错误率重,generated,true,buildLexicalWindowQueries
threshold-01,7:12,按错误率重,length_1_to_5,true,len=5
threshold-01,7:12,按错误率重,latticeHardBlockFilter,true,pass
threshold-01,7:12,按错误率重,recall_eligible,true,sent_to_recallTopKForWindows
threshold-01,7:12,按错误率重,recall_hit,false,empty_hits
threshold-01,8:9,错,generated,true,buildLexicalWindowQueries
threshold-01,8:9,错,length_1_to_5,true,len=1
threshold-01,8:9,错,latticeHardBlockFilter,true,pass
threshold-01,8:9,错,recall_eligible,true,sent_to_recallTopKForWindows
threshold-01,8:9,错,recall_hit,false,empty_hits
threshold-01,8:10,错误,generated,true,buildLexicalWindowQueries
threshold-01,8:10,错误,length_1_to_5,true,len=2
threshold-01,8:10,错误,latticeHardBlockFilter,true,pass
threshold-01,8:10,错误,recall_eligible,true,sent_to_recallTopKForWindows
threshold-01,8:10,错误,recall_hit,false,empty_hits
threshold-01,8:11,错误率,generated,true,buildLexicalWindowQueries
threshold-01,8:11,错误率,length_1_to_5,true,len=3
threshold-01,8:11,错误率,latticeHardBlockFilter,true,pass
threshold-01,8:11,错误率,recall_eligible,true,sent_to_recallTopKForWindows
threshold-01,8:11,错误率,recall_hit,false,empty_hits
threshold-01,8:12,错误率重,generated,true,buildLexicalWindowQueries
threshold-01,8:12,错误率重,length_1_to_5,true,len=4
threshold-01,8:12,错误率重,latticeHardBlockFilter,true,pass
threshold-01,8:12,错误率重,recall_eligible,true,sent_to_recallTopKForWindows
threshold-01,8:12,错误率重,recall_hit,false,empty_hits
threshold-01,8:13,错误率重新,generated,true,buildLexicalWindowQueries
threshold-01,8:13,错误率重新,length_1_to_5,true,len=5
threshold-01,8:13,错误率重新,latticeHardBlockFilter,true,pass
threshold-01,8:13,错误率重新,recall_eligible,true,sent_to_recallTopKForWindows
threshold-01,8:13,错误率重新,recall_hit,false,empty_hits
threshold-01,9:10,误,generated,true,buildLexicalWindowQueries
threshold-01,9:10,误,length_1_to_5,true,len=1
threshold-01,9:10,误,latticeHardBlockFilter,true,pass
threshold-01,9:10,误,recall_eligible,true,sent_to_recallTopKForWindows
threshold-01,9:10,误,recall_hit,false,empty_hits
threshold-01,9:11,误率,generated,true,buildLexicalWindowQueries
threshold-01,9:11,误率,length_1_to_5,true,len=2
threshold-01,9:11,误率,latticeHardBlockFilter,true,pass
threshold-01,9:11,误率,recall_eligible,true,sent_to_recallTopKForWindows
threshold-01,9:11,误率,recall_hit,false,empty_hits
threshold-01,9:12,误率重,generated,true,buildLexicalWindowQueries
threshold-01,9:12,误率重,length_1_to_5,true,len=3
threshold-01,9:12,误率重,latticeHardBlockFilter,true,pass
threshold-01,9:12,误率重,recall_eligible,true,sent_to_recallTopKForWindows
threshold-01,9:12,误率重,recall_hit,false,empty_hits
threshold-01,9:13,误率重新,generated,true,buildLexicalWindowQueries
threshold-01,9:13,误率重新,length_1_to_5,true,len=4
threshold-01,9:13,误率重新,latticeHardBlockFilter,true,pass
threshold-01,9:13,误率重新,recall_eligible,true,sent_to_recallTopKForWindows
threshold-01,9:13,误率重新,recall_hit,false,empty_hits
threshold-01,9:14,误率重新校,generated,true,buildLexicalWindowQueries
threshold-01,9:14,误率重新校,length_1_to_5,true,len=5
threshold-01,9:14,误率重新校,latticeHardBlockFilter,true,pass
threshold-01,9:14,误率重新校,recall_eligible,true,sent_to_recallTopKForWindows
threshold-01,9:14,误率重新校,recall_hit,false,empty_hits
threshold-01,10:11,率,generated,true,buildLexicalWindowQueries
threshold-01,10:11,率,length_1_to_5,true,len=1
threshold-01,10:11,率,latticeHardBlockFilter,true,pass
threshold-01,10:11,率,recall_eligible,true,sent_to_recallTopKForWindows
threshold-01,10:11,率,recall_hit,false,empty_hits
threshold-01,10:12,率重,generated,true,buildLexicalWindowQueries
threshold-01,10:12,率重,length_1_to_5,true,len=2
threshold-01,10:12,率重,latticeHardBlockFilter,true,pass
threshold-01,10:12,率重,recall_eligible,true,sent_to_recallTopKForWindows
threshold-01,10:12,率重,recall_hit,false,empty_hits
threshold-01,10:13,率重新,generated,true,buildLexicalWindowQueries
threshold-01,10:13,率重新,length_1_to_5,true,len=3
threshold-01,10:13,率重新,latticeHardBlockFilter,true,pass
threshold-01,10:13,率重新,recall_eligible,true,sent_to_recallTopKForWindows
threshold-01,10:13,率重新,recall_hit,false,empty_hits
threshold-01,10:14,率重新校,generated,true,buildLexicalWindowQueries
threshold-01,10:14,率重新校,length_1_to_5,true,len=4
threshold-01,10:14,率重新校,latticeHardBlockFilter,true,pass
threshold-01,10:14,率重新校,recall_eligible,true,sent_to_recallTopKForWindows
threshold-01,10:14,率重新校,recall_hit,false,empty_hits
threshold-01,10:15,率重新校准,generated,true,buildLexicalWindowQueries
threshold-01,10:15,率重新校准,length_1_to_5,true,len=5
threshold-01,10:15,率重新校准,latticeHardBlockFilter,true,pass
threshold-01,10:15,率重新校准,recall_eligible,true,sent_to_recallTopKForWindows
threshold-01,10:15,率重新校准,recall_hit,false,empty_hits
threshold-01,11:12,重,generated,true,buildLexicalWindowQueries
threshold-01,11:12,重,length_1_to_5,true,len=1
threshold-01,11:12,重,latticeHardBlockFilter,true,pass
threshold-01,11:12,重,recall_eligible,true,sent_to_recallTopKForWindows
threshold-01,11:12,重,recall_hit,false,empty_hits
threshold-01,11:13,重新,generated,true,buildLexicalWindowQueries
threshold-01,11:13,重新,length_1_to_5,true,len=2
threshold-01,11:13,重新,latticeHardBlockFilter,true,pass
threshold-01,11:13,重新,recall_eligible,true,sent_to_recallTopKForWindows
threshold-01,11:13,重新,recall_hit,false,empty_hits
threshold-01,11:14,重新校,generated,true,buildLexicalWindowQueries
threshold-01,11:14,重新校,length_1_to_5,true,len=3
threshold-01,11:14,重新校,latticeHardBlockFilter,true,pass
threshold-01,11:14,重新校,recall_eligible,true,sent_to_recallTopKForWindows
threshold-01,11:14,重新校,recall_hit,false,empty_hits
threshold-01,11:15,重新校准,generated,true,buildLexicalWindowQueries
threshold-01,11:15,重新校准,length_1_to_5,true,len=4
threshold-01,11:15,重新校准,latticeHardBlockFilter,true,pass
threshold-01,11:15,重新校准,recall_eligible,true,sent_to_recallTopKForWindows
threshold-01,11:15,重新校准,recall_hit,false,empty_hits
threshold-01,12:13,新,generated,true,buildLexicalWindowQueries
threshold-01,12:13,新,length_1_to_5,true,len=1
threshold-01,12:13,新,latticeHardBlockFilter,true,pass
threshold-01,12:13,新,recall_eligible,true,sent_to_recallTopKForWindows
threshold-01,12:13,新,recall_hit,false,empty_hits
threshold-01,12:14,新校,generated,true,buildLexicalWindowQueries
threshold-01,12:14,新校,length_1_to_5,true,len=2
threshold-01,12:14,新校,latticeHardBlockFilter,true,pass
threshold-01,12:14,新校,recall_eligible,true,sent_to_recallTopKForWindows
threshold-01,12:14,新校,recall_hit,false,empty_hits
threshold-01,12:15,新校准,generated,true,buildLexicalWindowQueries
threshold-01,12:15,新校准,length_1_to_5,true,len=3
threshold-01,12:15,新校准,latticeHardBlockFilter,true,pass
threshold-01,12:15,新校准,recall_eligible,true,sent_to_recallTopKForWindows
threshold-01,12:15,新校准,recall_hit,false,empty_hits
threshold-01,13:14,校,generated,true,buildLexicalWindowQueries
threshold-01,13:14,校,length_1_to_5,true,len=1
threshold-01,13:14,校,latticeHardBlockFilter,true,pass
threshold-01,13:14,校,recall_eligible,true,sent_to_recallTopKForWindows
threshold-01,13:14,校,recall_hit,false,empty_hits
threshold-01,13:15,校准,generated,true,buildLexicalWindowQueries
threshold-01,13:15,校准,length_1_to_5,true,len=2
threshold-01,13:15,校准,latticeHardBlockFilter,true,pass
threshold-01,13:15,校准,recall_eligible,true,sent_to_recallTopKForWindows
threshold-01,13:15,校准,recall_hit,false,empty_hits
threshold-01,14:15,准,generated,true,buildLexicalWindowQueries
threshold-01,14:15,准,length_1_to_5,true,len=1
threshold-01,14:15,准,latticeHardBlockFilter,true,pass
threshold-01,14:15,准,recall_eligible,true,sent_to_recallTopKForWindows
threshold-01,14:15,准,recall_hit,false,empty_hits
