caseId,suite,rawText,candidateId,candidateText,candidateCount,isRaw,isCanonical,replacementCount,replacementProvenance,sourcePath,bucketDomain,preKenLMScore,kenlmScore,baselineRawScore,deltaVsRaw,rank,isTop1,isTop3,selectedText,selectedCandidateId,selectionReason,minDeltaToReplace,expectedText,isExpectedCandidate,expectedCandidateAvailable,expectedRank,problemClass,normalizedScore,kenlmSubprocessMs,kenlmSubprocessErrorReason
d001,dialog_200,你好，我想点一杯热拿铁，中杯，少糖。顺便问一下今天有蓝莓马芬吗？,raw,你好，我想点一杯热拿铁，中杯，少糖。顺便问一下今天有蓝莓马芬吗？,2,true,false,0,baseline_raw_slot,UNAVAILABLE,UNAVAILABLE,UNAVAILABLE,-79.92745,-79.92745,0,1,true,true,你好，我想点一杯热拿铁，中杯，少糖。顺便问一下今天有蓝莓马芬吗？,raw,keep_raw:maxDelta=0<minDeltaToReplace=3||no_pick,3,你好，我想点一杯热拿铁，中杯，少糖。顺便问一下今天有蓝莓马芬吗？,true,true,1,PASS,0.0003377911178037689,686,
d001,dialog_200,你好，我想点一杯热拿铁，中杯，少糖。顺便问一下今天有蓝莓马芬吗？,candidate:0,你好，我想点一杯热拿铁，中杯，少糖。顺便问一下今天有蓝莓马芬吗？,2,true,false,27,0:1:你|1:2:好|3:4:我|4:5:想|5:6:点|6:7:一|7:8:杯|8:9:热|9:10:拿|10:11:铁|12:13:中|13:14:杯|15:16:少|16:17:糖|18:19:顺|19:20:便|20:21:问|21:22:一|22:23:下|23:24:今|24:25:天|25:26:有|26:27:蓝|27:28:莓|28:29:马|29:30:芬|30:31:吗,UNAVAILABLE,UNAVAILABLE,0,-79.92745,-79.92745,0,2,false,true,你好，我想点一杯热拿铁，中杯，少糖。顺便问一下今天有蓝莓马芬吗？,raw,keep_raw:maxDelta=0<minDeltaToReplace=3||no_pick,3,你好，我想点一杯热拿铁，中杯，少糖。顺便问一下今天有蓝莓马芬吗？,true,true,1,PASS,0.0003377911178037689,686,
d002,dialog_200,麻烦帮我做一杯美式带走，大杯就行，谢谢。,raw,麻烦帮我做一杯美式带走，大杯就行，谢谢。,2,true,false,0,baseline_raw_slot,UNAVAILABLE,UNAVAILABLE,UNAVAILABLE,-43.97407,-43.97407,0,1,true,true,麻烦帮我做一杯美式带走，大杯就行，谢谢。,raw,keep_raw:maxDelta=0<minDeltaToReplace=3||no_pick,3,麻烦帮我做一杯美式带走，大杯就行，谢谢。,true,true,1,PASS,0.012159541923083292,685,
d002,dialog_200,麻烦帮我做一杯美式带走，大杯就行，谢谢。,candidate:0,麻烦帮我做一杯美式带走，大杯就行，谢谢。,2,true,false,17,0:1:麻|1:2:烦|2:3:帮|3:4:我|4:5:做|5:6:一|6:7:杯|7:8:美|8:9:式|9:10:带|10:11:走|12:13:大|13:14:杯|14:15:就|15:16:行|17:18:谢|18:19:谢,UNAVAILABLE,UNAVAILABLE,0,-43.97407,-43.97407,0,2,false,true,麻烦帮我做一杯美式带走，大杯就行，谢谢。,raw,keep_raw:maxDelta=0<minDeltaToReplace=3||no_pick,3,麻烦帮我做一杯美式带走，大杯就行，谢谢。,true,true,1,PASS,0.012159541923083292,685,
d003,dialog_200,请问这款燕麦拿铁可以少冰吗？我赶时间，小杯。,raw,请问这款燕麦拿铁可以少冰吗？我赶时间，小杯。,2,true,false,0,baseline_raw_slot,UNAVAILABLE,UNAVAILABLE,UNAVAILABLE,-53.058743,-53.058743,0,1,true,true,请问这款燕麦拿铁可以少冰吗？我赶时间，小杯。,raw,keep_raw:maxDelta=0<minDeltaToReplace=3||no_pick,3,请问这款燕麦拿铁可以少冰吗？我赶时间，小杯。,true,true,1,PASS,0.004937854342173633,680,
d003,dialog_200,请问这款燕麦拿铁可以少冰吗？我赶时间，小杯。,candidate:0,请问这款燕麦拿铁可以少冰吗？我赶时间，小杯。,2,true,false,19,0:1:请|1:2:问|2:3:这|3:4:款|4:5:燕|5:6:麦|6:7:拿|7:8:铁|8:9:可|9:10:以|10:11:少|11:12:冰|12:13:吗|14:15:我|15:16:赶|16:17:时|17:18:间|19:20:小|20:21:杯,UNAVAILABLE,UNAVAILABLE,0,-53.058743,-53.058743,0,2,false,true,请问这款燕麦拿铁可以少冰吗？我赶时间，小杯。,raw,keep_raw:maxDelta=0<minDeltaToReplace=3||no_pick,3,请问这款燕麦拿铁可以少冰吗？我赶时间，小杯。,true,true,1,PASS,0.004937854342173633,680,
d004,dialog_200,小陈，客户反馈翻译引擎接口报错，我们能不能加缓存，下午三点前把结论发群里？,raw,小陈，客户反馈翻译引擎接口报错，我们能不能加缓存，下午三点前把结论发群里？,2,true,false,0,baseline_raw_slot,UNAVAILABLE,UNAVAILABLE,UNAVAILABLE,-87.34554,-87.34554,0,1,true,true,小陈，客户反馈翻译引擎接口报错，我们能不能加缓存，下午三点前把结论发群里？,raw,keep_raw:maxDelta=0<minDeltaToReplace=3||no_pick,3,小陈，客户反馈翻译引擎接口报错，我们能不能加缓存，下午三点前把结论发群里？,true,true,1,PASS,0.00016090202558192252,661,
d004,dialog_200,小陈，客户反馈翻译引擎接口报错，我们能不能加缓存，下午三点前把结论发群里？,candidate:0,小陈，客户反馈翻译引擎接口报错，我们能不能加缓存，下午三点前把结论发群里？,2,true,false,33,0:1:小|1:2:陈|3:4:客|4:5:户|5:6:反|6:7:馈|7:8:翻|8:9:译|9:10:引|10:11:擎|11:12:接|12:13:口|13:14:报|14:15:错|16:17:我|17:18:们|18:19:能|19:20:不|20:21:能|21:22:加|22:23:缓|23:24:存|25:26:下|26:27:午|27:28:三|28:29:点|29:30:前|30:31:把|31:32:结|32:33:论|33:34:发|34:35:群|35:36:里,UNAVAILABLE,UNAVAILABLE,0,-87.34554,-87.34554,0,2,false,true,小陈，客户反馈翻译引擎接口报错，我们能不能加缓存，下午三点前把结论发群里？,raw,keep_raw:maxDelta=0<minDeltaToReplace=3||no_pick,3,小陈，客户反馈翻译引擎接口报错，我们能不能加缓存，下午三点前把结论发群里？,true,true,1,PASS,0.00016090202558192252,661,
d005,dialog_200,今天的站会先过一下订单中台进度，内存占用高这块需要限流保护，大家看一下风险。,raw,今天的站会先过一下订单中台进度，内存占用高这块需要限流保护，大家看一下风险。,2,true,false,0,baseline_raw_slot,UNAVAILABLE,UNAVAILABLE,UNAVAILABLE,-79.48894,-79.48894,0,1,true,true,今天的站会先过一下订单中台进度，内存占用高这块需要限流保护，大家看一下风险。,raw,keep_raw:maxDelta=0<minDeltaToReplace=3||no_pick,3,今天的站会先过一下订单中台进度，内存占用高这块需要限流保护，大家看一下风险。,true,true,1,PASS,0.000352927822732824,626,
d005,dialog_200,今天的站会先过一下订单中台进度，内存占用高这块需要限流保护，大家看一下风险。,candidate:0,今天的站会先过一下订单中台进度，内存占用高这块需要限流保护，大家看一下风险。,2,true,false,35,0:1:今|1:2:天|2:3:的|3:4:站|4:5:会|5:6:先|6:7:过|7:8:一|8:9:下|9:10:订|10:11:单|11:12:中|12:13:台|13:14:进|14:15:度|16:17:内|17:18:存|18:19:占|19:20:用|20:21:高|21:22:这|22:23:块|23:24:需|24:25:要|25:26:限|26:27:流|27:28:保|28:29:护|30:31:大|31:32:家|32:33:看|33:34:一|34:35:下|35:36:风|36:37:险,UNAVAILABLE,UNAVAILABLE,0,-79.48894,-79.48894,0,2,false,true,今天的站会先过一下订单中台进度，内存占用高这块需要限流保护，大家看一下风险。,raw,keep_raw:maxDelta=0<minDeltaToReplace=3||no_pick,3,今天的站会先过一下订单中台进度，内存占用高这块需要限流保护，大家看一下风险。,true,true,1,PASS,0.000352927822732824,626,
d006,dialog_200,跟会员系统相关的需求我整理了一版，八点前请大家帮忙评审一下。,raw,跟会员系统相关的需求我整理了一版，八点前请大家帮忙评审一下。,2,true,false,0,baseline_raw_slot,UNAVAILABLE,UNAVAILABLE,UNAVAILABLE,-66.67136,-66.67136,0,1,true,true,跟会员系统相关的需求我整理了一版，八点前请大家帮忙评审一下。,raw,keep_raw:maxDelta=0<minDeltaToReplace=3||no_pick,3,跟会员系统相关的需求我整理了一版，八点前请大家帮忙评审一下。,true,true,1,PASS,0.00127042063041235,611,
d006,dialog_200,跟会员系统相关的需求我整理了一版，八点前请大家帮忙评审一下。,candidate:0,跟会员系统相关的需求我整理了一版，八点前请大家帮忙评审一下。,2,true,false,28,0:1:跟|1:2:会|2:3:员|3:4:系|4:5:统|5:6:相|6:7:关|7:8:的|8:9:需|9:10:求|10:11:我|11:12:整|12:13:理|13:14:了|14:15:一|15:16:版|17:18:八|18:19:点|19:20:前|20:21:请|21:22:大|22:23:家|23:24:帮|24:25:忙|25:26:评|26:27:审|27:28:一|28:29:下,UNAVAILABLE,UNAVAILABLE,0,-66.67136,-66.67136,0,2,false,true,跟会员系统相关的需求我整理了一版，八点前请大家帮忙评审一下。,raw,keep_raw:maxDelta=0<minDeltaToReplace=3||no_pick,3,跟会员系统相关的需求我整理了一版，八点前请大家帮忙评审一下。,true,true,1,PASS,0.00127042063041235,611,
d007,dialog_200,师傅，去中关村软件园，走机场高速。我赶九点半的会，要是堵车您提前跟我说。,raw,师傅，去中关村软件园，走机场高速。我赶九点半的会，要是堵车您提前跟我说。,2,true,false,0,baseline_raw_slot,UNAVAILABLE,UNAVAILABLE,UNAVAILABLE,-93.355515,-93.355515,0,1,true,true,师傅，去中关村软件园，走机场高速。我赶九点半的会，要是堵车您提前跟我说。,raw,keep_raw:maxDelta=0<minDeltaToReplace=3||no_pick,3,师傅，去中关村软件园，走机场高速。我赶九点半的会，要是堵车您提前跟我说。,true,true,1,PASS,0.00008822327620928327,619,
d007,dialog_200,师傅，去中关村软件园，走机场高速。我赶九点半的会，要是堵车您提前跟我说。,candidate:0,师傅，去中关村软件园，走机场高速。我赶九点半的会，要是堵车您提前跟我说。,2,true,false,31,0:1:师|1:2:傅|3:4:去|4:5:中|5:6:关|6:7:村|7:8:软|8:9:件|9:10:园|11:12:走|12:13:机|13:14:场|14:15:高|15:16:速|17:18:我|18:19:赶|19:20:九|20:21:点|21:22:半|22:23:的|23:24:会|25:26:要|26:27:是|27:28:堵|28:29:车|29:30:您|30:31:提|31:32:前|32:33:跟|33:34:我|34:35:说,UNAVAILABLE,UNAVAILABLE,0,-93.355515,-93.355515,0,2,false,true,师傅，去中关村软件园，走机场高速。我赶九点半的会，要是堵车您提前跟我说。,raw,keep_raw:maxDelta=0<minDeltaToReplace=3||no_pick,3,师傅，去中关村软件园，走机场高速。我赶九点半的会，要是堵车您提前跟我说。,true,true,1,PASS,0.00008822327620928327,619,
d008,dialog_200,麻烦送我到国贸三期南门，大概多久能到？我十点十分有个电话会。,raw,麻烦送我到国贸三期南门，大概多久能到？我十点十分有个电话会。,2,true,false,0,baseline_raw_slot,UNAVAILABLE,UNAVAILABLE,UNAVAILABLE,-77.58686,-77.58686,0,1,true,true,麻烦送我到国贸三期南门，大概多久能到？我十点十分有个电话会。,raw,keep_raw:maxDelta=0<minDeltaToReplace=3||no_pick,3,麻烦送我到国贸三期南门，大概多久能到？我十点十分有个电话会。,true,true,1,PASS,0.00042683504699825113,612,
d008,dialog_200,麻烦送我到国贸三期南门，大概多久能到？我十点十分有个电话会。,candidate:0,麻烦送我到国贸三期南门，大概多久能到？我十点十分有个电话会。,2,true,false,27,0:1:麻|1:2:烦|2:3:送|3:4:我|4:5:到|5:6:国|6:7:贸|7:8:三|8:9:期|9:10:南|10:11:门|12:13:大|13:14:概|14:15:多|15:16:久|16:17:能|17:18:到|19:20:我|20:21:十|21:22:点|22:23:十|23:24:分|24:25:有|25:26:个|26:27:电|27:28:话|28:29:会,UNAVAILABLE,UNAVAILABLE,0,-77.58686,-77.58686,0,2,false,true,麻烦送我到国贸三期南门，大概多久能到？我十点十分有个电话会。,raw,keep_raw:maxDelta=0<minDeltaToReplace=3||no_pick,3,麻烦送我到国贸三期南门，大概多久能到？我十点十分有个电话会。,true,true,1,PASS,0.00042683504699825113,612,
d009,dialog_200,去望京SOHO，不走四环可以吗？那边现在堵不堵？,raw,去望京SOHO，不走四环可以吗？那边现在堵不堵？,2,true,false,0,baseline_raw_slot,UNAVAILABLE,UNAVAILABLE,UNAVAILABLE,-66.99021,-66.99021,0,1,true,true,去望京SOHO，不走四环可以吗？那边现在堵不堵？,raw,keep_raw:maxDelta=0<minDeltaToReplace=3||no_pick,3,去望京SOHO，不走四环可以吗？那边现在堵不堵？,true,true,1,PASS,0.001230601310019068,611,
d009,dialog_200,去望京SOHO，不走四环可以吗？那边现在堵不堵？,candidate:0,去望京SOHO，不走四环可以吗？那边现在堵不堵？,2,true,false,17,0:1:去|1:2:望|2:3:京|8:9:不|9:10:走|10:11:四|11:12:环|12:13:可|13:14:以|14:15:吗|16:17:那|17:18:边|18:19:现|19:20:在|20:21:堵|21:22:不|22:23:堵,UNAVAILABLE,UNAVAILABLE,0,-66.99021,-66.99021,0,2,false,true,去望京SOHO，不走四环可以吗？那边现在堵不堵？,raw,keep_raw:maxDelta=0<minDeltaToReplace=3||no_pick,3,去望京SOHO，不走四环可以吗？那边现在堵不堵？,true,true,1,PASS,0.001230601310019068,611,
d010,dialog_200,医生您好，我这两天头痛，想开点药并做个血常规。,raw,医生您好，我这两天头痛，想开点药并做个血常规。,2,true,false,0,baseline_raw_slot,UNAVAILABLE,UNAVAILABLE,UNAVAILABLE,-59.09456,-59.09456,0,1,true,true,医生您好，我这两天头痛，想开点药并做个血常规。,raw,keep_raw:maxDelta=0<minDeltaToReplace=3||no_pick,3,医生您好，我这两天头痛，想开点药并做个血常规。,true,true,1,PASS,0.002706318682330566,613,
d010,dialog_200,医生您好，我这两天头痛，想开点药并做个血常规。,candidate:0,医生您好，我这两天头痛，想开点药并做个血常规。,2,true,false,20,0:1:医|1:2:生|2:3:您|3:4:好|5:6:我|6:7:这|7:8:两|8:9:天|9:10:头|10:11:痛|12:13:想|13:14:开|14:15:点|15:16:药|16:17:并|17:18:做|18:19:个|19:20:血|20:21:常|21:22:规,UNAVAILABLE,UNAVAILABLE,0,-59.09456,-59.09456,0,2,false,true,医生您好，我这两天头痛，想开点药并做个血常规。,raw,keep_raw:maxDelta=0<minDeltaToReplace=3||no_pick,3,医生您好，我这两天头痛，想开点药并做个血常规。,true,true,1,PASS,0.002706318682330566,613,
d011,dialog_200,挂号处请问内科还有号吗？我胃不舒服，昨晚开始的。,raw,挂号处请问内科还有号吗？我胃不舒服，昨晚开始的。,2,true,false,0,baseline_raw_slot,UNAVAILABLE,UNAVAILABLE,UNAVAILABLE,-59.526306,-59.526306,0,1,true,true,挂号处请问内科还有号吗？我胃不舒服，昨晚开始的。,raw,keep_raw:maxDelta=0<minDeltaToReplace=3||no_pick,3,挂号处请问内科还有号吗？我胃不舒服，昨晚开始的。,true,true,1,PASS,0.00259225733988629,663,
d011,dialog_200,挂号处请问内科还有号吗？我胃不舒服，昨晚开始的。,candidate:0,挂号处请问内科还有号吗？我胃不舒服，昨晚开始的。,2,true,false,21,0:1:挂|1:2:号|2:3:处|3:4:请|4:5:问|5:6:内|6:7:科|7:8:还|8:9:有|9:10:号|10:11:吗|12:13:我|13:14:胃|14:15:不|15:16:舒|16:17:服|18:19:昨|19:20:晚|20:21:开|21:22:始|22:23:的,UNAVAILABLE,UNAVAILABLE,0,-59.526306,-59.526306,0,2,false,true,挂号处请问内科还有号吗？我胃不舒服，昨晚开始的。,raw,keep_raw:maxDelta=0<minDeltaToReplace=3||no_pick,3,挂号处请问内科还有号吗？我胃不舒服，昨晚开始的。,true,true,1,PASS,0.00259225733988629,663,
d012,dialog_200,这个检查报告什么时候能出？我过敏发痒，需要请假休息吗？,raw,这个检查报告什么时候能出？我过敏发痒，需要请假休息吗？,2,true,false,0,baseline_raw_slot,UNAVAILABLE,UNAVAILABLE,UNAVAILABLE,-58.017326,-58.017326,0,1,true,true,这个检查报告什么时候能出？我过敏发痒，需要请假休息吗？,raw,keep_raw:maxDelta=0<minDeltaToReplace=3||no_pick,3,这个检查报告什么时候能出？我过敏发痒，需要请假休息吗？,true,true,1,PASS,0.00301320688901411,646,
d012,dialog_200,这个检查报告什么时候能出？我过敏发痒，需要请假休息吗？,candidate:0,这个检查报告什么时候能出？我过敏发痒，需要请假休息吗？,2,true,false,24,0:1:这|1:2:个|2:3:检|3:4:查|4:5:报|5:6:告|6:7:什|7:8:么|8:9:时|9:10:候|10:11:能|11:12:出|13:14:我|14:15:过|15:16:敏|16:17:发|17:18:痒|19:20:需|20:21:要|21:22:请|22:23:假|23:24:休|24:25:息|25:26:吗,UNAVAILABLE,UNAVAILABLE,0,-58.017326,-58.017326,0,2,false,true,这个检查报告什么时候能出？我过敏发痒，需要请假休息吗？,raw,keep_raw:maxDelta=0<minDeltaToReplace=3||no_pick,3,这个检查报告什么时候能出？我过敏发痒，需要请假休息吗？,true,true,1,PASS,0.00301320688901411,646,
d013,dialog_200,这件外套能试穿吗？我穿中码。买两件有没有折扣？,raw,这件外套能试穿吗？我穿中码。买两件有没有折扣？,2,true,false,0,baseline_raw_slot,UNAVAILABLE,UNAVAILABLE,UNAVAILABLE,-69.64273,-69.64273,0,1,true,true,这件外套能试穿吗？我穿中码。买两件有没有折扣？,raw,keep_raw:maxDelta=0<minDeltaToReplace=3||no_pick,3,这件外套能试穿吗？我穿中码。买两件有没有折扣？,true,true,1,PASS,0.0009441574613428574,662,
d013,dialog_200,这件外套能试穿吗？我穿中码。买两件有没有折扣？,candidate:0,这件外套能试穿吗？我穿中码。买两件有没有折扣？,2,true,false,20,0:1:这|1:2:件|2:3:外|3:4:套|4:5:能|5:6:试|6:7:穿|7:8:吗|9:10:我|10:11:穿|11:12:中|12:13:码|14:15:买|15:16:两|16:17:件|17:18:有|18:19:没|19:20:有|20:21:折|21:22:扣,UNAVAILABLE,UNAVAILABLE,0,-69.64273,-69.64273,0,2,false,true,这件外套能试穿吗？我穿中码。买两件有没有折扣？,raw,keep_raw:maxDelta=0<minDeltaToReplace=3||no_pick,3,这件外套能试穿吗？我穿中码。买两件有没有折扣？,true,true,1,PASS,0.0009441574613428574,662,
d014,dialog_200,请问这双鞋有四十码吗？不合适三天内可以退换吧？,raw,请问这双鞋有四十码吗？不合适三天内可以退换吧？,2,true,false,0,baseline_raw_slot,UNAVAILABLE,UNAVAILABLE,UNAVAILABLE,-58.418938,-58.418938,0,1,true,true,请问这双鞋有四十码吗？不合适三天内可以退换吧？,raw,keep_raw:maxDelta=0<minDeltaToReplace=3||no_pick,3,请问这双鞋有四十码吗？不合适三天内可以退换吧？,true,true,1,PASS,0.0028949340973298157,662,
d014,dialog_200,请问这双鞋有四十码吗？不合适三天内可以退换吧？,candidate:0,请问这双鞋有四十码吗？不合适三天内可以退换吧？,2,true,false,21,0:1:请|1:2:问|2:3:这|3:4:双|4:5:鞋|5:6:有|6:7:四|7:8:十|8:9:码|9:10:吗|11:12:不|12:13:合|13:14:适|14:15:三|15:16:天|16:17:内|17:18:可|18:19:以|19:20:退|20:21:换|21:22:吧,UNAVAILABLE,UNAVAILABLE,0,-58.418938,-58.418938,0,2,false,true,请问这双鞋有四十码吗？不合适三天内可以退换吧？,raw,keep_raw:maxDelta=0<minDeltaToReplace=3||no_pick,3,请问这双鞋有四十码吗？不合适三天内可以退换吧？,true,true,1,PASS,0.0028949340973298157,662,
d015,dialog_200,我想对比一下这两款订单中台的价格，会员日能再减一点吗？,raw,我想对比一下这两款订单中台的价格，会员日能再减一点吗？,2,true,false,0,baseline_raw_slot,UNAVAILABLE,UNAVAILABLE,UNAVAILABLE,-53.12734,-53.12734,0,1,true,true,我想对比一下这两款订单中台的价格，会员日能再减一点吗？,raw,keep_raw:maxDelta=0<minDeltaToReplace=3||no_pick,3,我想对比一下这两款订单中台的价格，会员日能再减一点吗？,true,true,1,PASS,0.004904263603850251,668,
d015,dialog_200,我想对比一下这两款订单中台的价格，会员日能再减一点吗？,candidate:0,我想对比一下这两款订单中台的价格，会员日能再减一点吗？,2,true,false,25,0:1:我|1:2:想|2:3:对|3:4:比|4:5:一|5:6:下|6:7:这|7:8:两|8:9:款|9:10:订|10:11:单|11:12:中|12:13:台|13:14:的|14:15:价|15:16:格|17:18:会|18:19:员|19:20:日|20:21:能|21:22:再|22:23:减|23:24:一|24:25:点|25:26:吗,UNAVAILABLE,UNAVAILABLE,0,-53.12734,-53.12734,0,2,false,true,我想对比一下这两款订单中台的价格，会员日能再减一点吗？,raw,keep_raw:maxDelta=0<minDeltaToReplace=3||no_pick,3,我想对比一下这两款订单中台的价格，会员日能再减一点吗？,true,true,1,PASS,0.004904263603850251,668,
d016,dialog_200,周末要不要去江边骑行？天气预报说周日多云，记得带水。,raw,周末要不要去江边骑行？天气预报说周日多云，记得带水。,2,true,false,0,baseline_raw_slot,UNAVAILABLE,UNAVAILABLE,UNAVAILABLE,-58.115017,-58.115017,0,1,true,true,周末要不要去江边骑行？天气预报说周日多云，记得带水。,raw,keep_raw:maxDelta=0<minDeltaToReplace=3||no_pick,3,周末要不要去江边骑行？天气预报说周日多云，记得带水。,true,true,1,PASS,0.002984001296059052,617,
d016,dialog_200,周末要不要去江边骑行？天气预报说周日多云，记得带水。,candidate:0,周末要不要去江边骑行？天气预报说周日多云，记得带水。,2,true,false,23,0:1:周|1:2:末|2:3:要|3:4:不|4:5:要|5:6:去|6:7:江|7:8:边|8:9:骑|9:10:行|11:12:天|12:13:气|13:14:预|14:15:报|15:16:说|16:17:周|17:18:日|18:19:多|19:20:云|21:22:记|22:23:得|23:24:带|24:25:水,UNAVAILABLE,UNAVAILABLE,0,-58.115017,-58.115017,0,2,false,true,周末要不要去江边骑行？天气预报说周日多云，记得带水。,raw,keep_raw:maxDelta=0<minDeltaToReplace=3||no_pick,3,周末要不要去江边骑行？天气预报说周日多云，记得带水。,true,true,1,PASS,0.002984001296059052,617,
d017,dialog_200,晚上一起吃饭吗？我知道一家川菜不错，大概七点到。,raw,晚上一起吃饭吗？我知道一家川菜不错，大概七点到。,2,true,false,0,baseline_raw_slot,UNAVAILABLE,UNAVAILABLE,UNAVAILABLE,-51.801636,-51.801636,0,1,true,true,晚上一起吃饭吗？我知道一家川菜不错，大概七点到。,raw,keep_raw:maxDelta=0<minDeltaToReplace=3||no_pick,3,晚上一起吃饭吗？我知道一家川菜不错，大概七点到。,true,true,1,PASS,0.005595598833420917,653,
d017,dialog_200,晚上一起吃饭吗？我知道一家川菜不错，大概七点到。,candidate:0,晚上一起吃饭吗？我知道一家川菜不错，大概七点到。,2,true,false,21,0:1:晚|1:2:上|2:3:一|3:4:起|4:5:吃|5:6:饭|6:7:吗|8:9:我|9:10:知|10:11:道|11:12:一|12:13:家|13:14:川|14:15:菜|15:16:不|16:17:错|18:19:大|19:20:概|20:21:七|21:22:点|22:23:到,UNAVAILABLE,UNAVAILABLE,0,-51.801636,-51.801636,0,2,false,true,晚上一起吃饭吗？我知道一家川菜不错，大概七点到。,raw,keep_raw:maxDelta=0<minDeltaToReplace=3||no_pick,3,晚上一起吃饭吗？我知道一家川菜不错，大概七点到。,true,true,1,PASS,0.005595598833420917,653,
d018,dialog_200,你最近忙不忙？想找你看下手机备份怎么设置。,raw,你最近忙不忙？想找你看下手机备份怎么设置。,2,true,false,0,baseline_raw_slot,UNAVAILABLE,UNAVAILABLE,UNAVAILABLE,-50.938538,-50.938538,0,1,true,true,你最近忙不忙？想找你看下手机备份怎么设置。,raw,keep_raw:maxDelta=0<minDeltaToReplace=3||no_pick,3,你最近忙不忙？想找你看下手机备份怎么设置。,true,true,1,PASS,0.006096933157180564,647,
d018,dialog_200,你最近忙不忙？想找你看下手机备份怎么设置。,candidate:0,你最近忙不忙？想找你看下手机备份怎么设置。,2,true,false,19,0:1:你|1:2:最|2:3:近|3:4:忙|4:5:不|5:6:忙|7:8:想|8:9:找|9:10:你|10:11:看|11:12:下|12:13:手|13:14:机|14:15:备|15:16:份|16:17:怎|17:18:么|18:19:设|19:20:置,UNAVAILABLE,UNAVAILABLE,0,-50.938538,-50.938538,0,2,false,true,你最近忙不忙？想找你看下手机备份怎么设置。,raw,keep_raw:maxDelta=0<minDeltaToReplace=3||no_pick,3,你最近忙不忙？想找你看下手机备份怎么设置。,true,true,1,PASS,0.006096933157180564,647,
d019,dialog_200,今天我们团队要讨论后选生城相关的后选生城流程和上线计化安排，请研发一起评估风险。,raw,今天我们团队要讨论后选生城相关的后选生城流程和上线计化安排，请研发一起评估风险。,2,true,false,0,baseline_raw_slot,UNAVAILABLE,UNAVAILABLE,UNAVAILABLE,-91.69639,-91.69639,0,1,true,true,今天我们团队要讨论后选生城相关的后选生城流程和上线计化安排，请研发一起评估风险。,raw,keep_raw:maxDelta=0<minDeltaToReplace=3||no_pick,3,今天我们团队要讨论后选生城相关的后选生城流程和上线计化安排，请研发一起评估风险。,true,true,1,PASS,0.00010414325562876795,663,
d019,dialog_200,今天我们团队要讨论后选生城相关的后选生城流程和上线计化安排，请研发一起评估风险。,candidate:0,今天我们团队要讨论后选生城相关的后选生城流程和上线计化安排，请研发一起评估风险。,2,true,false,38,0:1:今|1:2:天|2:3:我|3:4:们|4:5:团|5:6:队|6:7:要|7:8:讨|8:9:论|9:10:后|10:11:选|11:12:生|12:13:城|13:14:相|14:15:关|15:16:的|16:17:后|17:18:选|18:19:生|19:20:城|20:21:流|21:22:程|22:23:和|23:24:上|24:25:线|25:26:计|26:27:化|27:28:安|28:29:排|30:31:请|31:32:研|32:33:发|33:34:一|34:35:起|35:36:评|36:37:估|37:38:风|38:39:险,UNAVAILABLE,UNAVAILABLE,0,-91.69639,-91.69639,0,2,false,true,今天我们团队要讨论后选生城相关的后选生城流程和上线计化安排，请研发一起评估风险。,raw,keep_raw:maxDelta=0<minDeltaToReplace=3||no_pick,3,今天我们团队要讨论后选生城相关的后选生城流程和上线计化安排，请研发一起评估风险。,true,true,1,PASS,0.00010414325562876795,663,
d020,dialog_200,这次发布我们先对齐上线计划窗口，后选生城模块需要联调，别漏掉回归。,raw,这次发布我们先对齐上线计划窗口，后选生城模块需要联调，别漏掉回归。,2,true,false,0,baseline_raw_slot,UNAVAILABLE,UNAVAILABLE,UNAVAILABLE,-79.759705,-79.759705,0,1,true,true,这次发布我们先对齐上线计划窗口，后选生城模块需要联调，别漏掉回归。,raw,keep_raw:maxDelta=0<minDeltaToReplace=3||no_pick,3,这次发布我们先对齐上线计划窗口，后选生城模块需要联调，别漏掉回归。,true,true,1,PASS,0.0003435032234423731,644,
d020,dialog_200,这次发布我们先对齐上线计划窗口，后选生城模块需要联调，别漏掉回归。,candidate:0,这次发布我们先对齐上线计划窗口，后选生城模块需要联调，别漏掉回归。,2,true,false,30,0:1:这|1:2:次|2:3:发|3:4:布|4:5:我|5:6:们|6:7:先|7:8:对|8:9:齐|9:10:上|10:11:线|11:12:计|12:13:划|13:14:窗|14:15:口|16:17:后|17:18:选|18:19:生|19:20:城|20:21:模|21:22:块|22:23:需|23:24:要|24:25:联|25:26:调|27:28:别|28:29:漏|29:30:掉|30:31:回|31:32:归,UNAVAILABLE,UNAVAILABLE,0,-79.759705,-79.759705,0,2,false,true,这次发布我们先对齐上线计划窗口，后选生城模块需要联调，别漏掉回归。,raw,keep_raw:maxDelta=0<minDeltaToReplace=3||no_pick,3,这次发布我们先对齐上线计划窗口，后选生城模块需要联调，别漏掉回归。,true,true,1,PASS,0.0003435032234423731,644,
d021,dialog_200,会上提到候选生成链路要加监控，上线计划文档我下午更新一版。,raw,会上提到候选生成链路要加监控，上线计划文档我下午更新一版。,2,true,false,0,baseline_raw_slot,UNAVAILABLE,UNAVAILABLE,UNAVAILABLE,-72.960945,-72.960945,0,1,true,true,会上提到候选生成链路要加监控，上线计划文档我下午更新一版。,raw,keep_raw:maxDelta=0<minDeltaToReplace=3||no_pick,3,会上提到候选生成链路要加监控，上线计划文档我下午更新一版。,true,true,1,PASS,0.0006777226311076127,686,
d021,dialog_200,会上提到候选生成链路要加监控，上线计划文档我下午更新一版。,candidate:0,会上提到候选生成链路要加监控，上线计划文档我下午更新一版。,2,true,false,27,0:1:会|1:2:上|2:3:提|3:4:到|4:5:候|5:6:选|6:7:生|7:8:成|8:9:链|9:10:路|10:11:要|11:12:加|12:13:监|13:14:控|15:16:上|16:17:线|17:18:计|18:19:划|19:20:文|20:21:档|21:22:我|22:23:下|23:24:午|24:25:更|25:26:新|26:27:一|27:28:版,UNAVAILABLE,UNAVAILABLE,0,-72.960945,-72.960945,0,2,false,true,会上提到候选生成链路要加监控，上线计划文档我下午更新一版。,raw,keep_raw:maxDelta=0<minDeltaToReplace=3||no_pick,3,会上提到候选生成链路要加监控，上线计划文档我下午更新一版。,true,true,1,PASS,0.0006777226311076127,686,
d022,dialog_200,您好，我订单显示已发货但物流三天没更新，能帮我查一下吗？,raw,您好，我订单显示已发货但物流三天没更新，能帮我查一下吗？,2,true,false,0,baseline_raw_slot,UNAVAILABLE,UNAVAILABLE,UNAVAILABLE,-62.1703,-62.1703,0,1,true,true,您好，我订单显示已发货但物流三天没更新，能帮我查一下吗？,raw,keep_raw:maxDelta=0<minDeltaToReplace=3||no_pick,3,您好，我订单显示已发货但物流三天没更新，能帮我查一下吗？,true,true,1,PASS,0.0019911893123534517,668,
d022,dialog_200,您好，我订单显示已发货但物流三天没更新，能帮我查一下吗？,candidate:0,您好，我订单显示已发货但物流三天没更新，能帮我查一下吗？,2,true,false,25,0:1:您|1:2:好|3:4:我|4:5:订|5:6:单|6:7:显|7:8:示|8:9:已|9:10:发|10:11:货|11:12:但|12:13:物|13:14:流|14:15:三|15:16:天|16:17:没|17:18:更|18:19:新|20:21:能|21:22:帮|22:23:我|23:24:查|24:25:一|25:26:下|26:27:吗,UNAVAILABLE,UNAVAILABLE,0,-62.1703,-62.1703,0,2,false,true,您好，我订单显示已发货但物流三天没更新，能帮我查一下吗？,raw,keep_raw:maxDelta=0<minDeltaToReplace=3||no_pick,3,您好，我订单显示已发货但物流三天没更新，能帮我查一下吗？,true,true,1,PASS,0.0019911893123534517,668,
d023,dialog_200,想改一下收货地址，还来得及吗？麻烦尽快处理，谢谢。,raw,想改一下收货地址，还来得及吗？麻烦尽快处理，谢谢。,2,true,false,0,baseline_raw_slot,UNAVAILABLE,UNAVAILABLE,UNAVAILABLE,-51.871246,-51.871246,0,1,true,true,想改一下收货地址，还来得及吗？麻烦尽快处理，谢谢。,raw,keep_raw:maxDelta=0<minDeltaToReplace=3||no_pick,3,想改一下收货地址，还来得及吗？麻烦尽快处理，谢谢。,true,true,1,PASS,0.005556998823599067,661,
d023,dialog_200,想改一下收货地址，还来得及吗？麻烦尽快处理，谢谢。,candidate:0,想改一下收货地址，还来得及吗？麻烦尽快处理，谢谢。,2,true,false,21,0:1:想|1:2:改|2:3:一|3:4:下|4:5:收|5:6:货|6:7:地|7:8:址|9:10:还|10:11:来|11:12:得|12:13:及|13:14:吗|15:16:麻|16:17:烦|17:18:尽|18:19:快|19:20:处|20:21:理|22:23:谢|23:24:谢,UNAVAILABLE,UNAVAILABLE,0,-51.871246,-51.871246,0,2,false,true,想改一下收货地址，还来得及吗？麻烦尽快处理，谢谢。,raw,keep_raw:maxDelta=0<minDeltaToReplace=3||no_pick,3,想改一下收货地址，还来得及吗？麻烦尽快处理，谢谢。,true,true,1,PASS,0.005556998823599067,661,
d024,dialog_200,发票抬头开错了，能重新开具电子发票吗？,raw,发票抬头开错了，能重新开具电子发票吗？,2,true,false,0,baseline_raw_slot,UNAVAILABLE,UNAVAILABLE,UNAVAILABLE,-44.610264,-44.610264,0,1,true,true,发票抬头开错了，能重新开具电子发票吗？,raw,keep_raw:maxDelta=0<minDeltaToReplace=3||no_pick,3,发票抬头开错了，能重新开具电子发票吗？,true,true,1,PASS,0.011418611078732313,660,
d024,dialog_200,发票抬头开错了，能重新开具电子发票吗？,candidate:0,发票抬头开错了，能重新开具电子发票吗？,2,true,false,17,0:1:发|1:2:票|2:3:抬|3:4:头|4:5:开|5:6:错|6:7:了|8:9:能|9:10:重|10:11:新|11:12:开|12:13:具|13:14:电|14:15:子|15:16:发|16:17:票|17:18:吗,UNAVAILABLE,UNAVAILABLE,0,-44.610264,-44.610264,0,2,false,true,发票抬头开错了，能重新开具电子发票吗？,raw,keep_raw:maxDelta=0<minDeltaToReplace=3||no_pick,3,发票抬头开错了，能重新开具电子发票吗？,true,true,1,PASS,0.011418611078732313,660,
d025,dialog_200,请简单介绍一下你上一段项目里负责的核心模块和难点。,raw,请简单介绍一下你上一段项目里负责的核心模块和难点。,2,true,false,0,baseline_raw_slot,UNAVAILABLE,UNAVAILABLE,UNAVAILABLE,-45.320557,-45.320557,0,1,true,true,请简单介绍一下你上一段项目里负责的核心模块和难点。,raw,keep_raw:maxDelta=0<minDeltaToReplace=3||no_pick,3,请简单介绍一下你上一段项目里负责的核心模块和难点。,true,true,1,PASS,0.010644022886326873,662,
d025,dialog_200,请简单介绍一下你上一段项目里负责的核心模块和难点。,candidate:0,请简单介绍一下你上一段项目里负责的核心模块和难点。,2,true,false,24,0:1:请|1:2:简|2:3:单|3:4:介|4:5:绍|5:6:一|6:7:下|7:8:你|8:9:上|9:10:一|10:11:段|11:12:项|12:13:目|13:14:里|14:15:负|15:16:责|16:17:的|17:18:核|18:19:心|19:20:模|20:21:块|21:22:和|22:23:难|23:24:点,UNAVAILABLE,UNAVAILABLE,0,-45.320557,-45.320557,0,2,false,true,请简单介绍一下你上一段项目里负责的核心模块和难点。,raw,keep_raw:maxDelta=0<minDeltaToReplace=3||no_pick,3,请简单介绍一下你上一段项目里负责的核心模块和难点。,true,true,1,PASS,0.010644022886326873,662,
d026,dialog_200,你如何看待跨团队协作？遇到需求变更一般怎么处理？,raw,你如何看待跨团队协作？遇到需求变更一般怎么处理？,2,true,false,0,baseline_raw_slot,UNAVAILABLE,UNAVAILABLE,UNAVAILABLE,-48.314133,-48.314133,0,1,true,true,你如何看待跨团队协作？遇到需求变更一般怎么处理？,raw,keep_raw:maxDelta=0<minDeltaToReplace=3||no_pick,3,你如何看待跨团队协作？遇到需求变更一般怎么处理？,true,true,1,PASS,0.007912140652346748,648,
d026,dialog_200,你如何看待跨团队协作？遇到需求变更一般怎么处理？,candidate:0,你如何看待跨团队协作？遇到需求变更一般怎么处理？,2,true,false,22,0:1:你|1:2:如|2:3:何|3:4:看|4:5:待|5:6:跨|6:7:团|7:8:队|8:9:协|9:10:作|11:12:遇|12:13:到|13:14:需|14:15:求|15:16:变|16:17:更|17:18:一|18:19:般|19:20:怎|20:21:么|21:22:处|22:23:理,UNAVAILABLE,UNAVAILABLE,0,-48.314133,-48.314133,0,2,false,true,你如何看待跨团队协作？遇到需求变更一般怎么处理？,raw,keep_raw:maxDelta=0<minDeltaToReplace=3||no_pick,3,你如何看待跨团队协作？遇到需求变更一般怎么处理？,true,true,1,PASS,0.007912140652346748,648,
d027,dialog_200,期望薪资这块我们可以再沟通，你最快什么时候能入职？,raw,期望薪资这块我们可以再沟通，你最快什么时候能入职？,2,true,false,0,baseline_raw_slot,UNAVAILABLE,UNAVAILABLE,UNAVAILABLE,-52.065495,-52.065495,0,1,true,true,期望薪资这块我们可以再沟通，你最快什么时候能入职？,raw,keep_raw:maxDelta=0<minDeltaToReplace=3||no_pick,3,期望薪资这块我们可以再沟通，你最快什么时候能入职？,true,true,1,PASS,0.005450679014957689,656,
d027,dialog_200,期望薪资这块我们可以再沟通，你最快什么时候能入职？,candidate:0,期望薪资这块我们可以再沟通，你最快什么时候能入职？,2,true,false,23,0:1:期|1:2:望|2:3:薪|3:4:资|4:5:这|5:6:块|6:7:我|7:8:们|8:9:可|9:10:以|10:11:再|11:12:沟|12:13:通|14:15:你|15:16:最|16:17:快|17:18:什|18:19:么|19:20:时|20:21:候|21:22:能|22:23:入|23:24:职,UNAVAILABLE,UNAVAILABLE,0,-52.065495,-52.065495,0,2,false,true,期望薪资这块我们可以再沟通，你最快什么时候能入职？,raw,keep_raw:maxDelta=0<minDeltaToReplace=3||no_pick,3,期望薪资这块我们可以再沟通，你最快什么时候能入职？,true,true,1,PASS,0.005450679014957689,656,
d028,dialog_200,老师，这道题的解题步骤能不能再讲一遍？我没听懂第二点。,raw,老师，这道题的解题步骤能不能再讲一遍？我没听懂第二点。,2,true,false,0,baseline_raw_slot,UNAVAILABLE,UNAVAILABLE,UNAVAILABLE,-58.532764,-58.532764,0,1,true,true,老师，这道题的解题步骤能不能再讲一遍？我没听懂第二点。,raw,keep_raw:maxDelta=0<minDeltaToReplace=3||no_pick,3,老师，这道题的解题步骤能不能再讲一遍？我没听懂第二点。,true,true,1,PASS,0.0028622628321273206,629,
d028,dialog_200,老师，这道题的解题步骤能不能再讲一遍？我没听懂第二点。,candidate:0,老师，这道题的解题步骤能不能再讲一遍？我没听懂第二点。,2,true,false,24,0:1:老|1:2:师|3:4:这|4:5:道|5:6:题|6:7:的|7:8:解|8:9:题|9:10:步|10:11:骤|11:12:能|12:13:不|13:14:能|14:15:再|15:16:讲|16:17:一|17:18:遍|19:20:我|20:21:没|21:22:听|22:23:懂|23:24:第|24:25:二|25:26:点,UNAVAILABLE,UNAVAILABLE,0,-58.532764,-58.532764,0,2,false,true,老师，这道题的解题步骤能不能再讲一遍？我没听懂第二点。,raw,keep_raw:maxDelta=0<minDeltaToReplace=3||no_pick,3,老师，这道题的解题步骤能不能再讲一遍？我没听懂第二点。,true,true,1,PASS,0.0028622628321273206,629,
d029,dialog_200,作业是下周一下午交吗？可以电子版提交吗？,raw,作业是下周一下午交吗？可以电子版提交吗？,2,true,false,0,baseline_raw_slot,UNAVAILABLE,UNAVAILABLE,UNAVAILABLE,-48.02359,-48.02359,0,1,true,true,作业是下周一下午交吗？可以电子版提交吗？,raw,keep_raw:maxDelta=0<minDeltaToReplace=3||no_pick,3,作业是下周一下午交吗？可以电子版提交吗？,true,true,1,PASS,0.008143494964131795,662,
d029,dialog_200,作业是下周一下午交吗？可以电子版提交吗？,candidate:0,作业是下周一下午交吗？可以电子版提交吗？,2,true,false,18,0:1:作|1:2:业|2:3:是|3:4:下|4:5:周|5:6:一|6:7:下|7:8:午|8:9:交|9:10:吗|11:12:可|12:13:以|13:14:电|14:15:子|15:16:版|16:17:提|17:18:交|18:19:吗,UNAVAILABLE,UNAVAILABLE,0,-48.02359,-48.02359,0,2,false,true,作业是下周一下午交吗？可以电子版提交吗？,raw,keep_raw:maxDelta=0<minDeltaToReplace=3||no_pick,3,作业是下周一下午交吗？可以电子版提交吗？,true,true,1,PASS,0.008143494964131795,662,
d030,dialog_200,请问这门课期末是开卷还是闭卷？重点会划吗？,raw,请问这门课期末是开卷还是闭卷？重点会划吗？,2,true,false,0,baseline_raw_slot,UNAVAILABLE,UNAVAILABLE,UNAVAILABLE,-56.10478,-56.10478,0,1,true,true,请问这门课期末是开卷还是闭卷？重点会划吗？,raw,keep_raw:maxDelta=0<minDeltaToReplace=3||no_pick,3,请问这门课期末是开卷还是闭卷？重点会划吗？,true,true,1,PASS,0.0036459779853825576,635,
d030,dialog_200,请问这门课期末是开卷还是闭卷？重点会划吗？,candidate:0,请问这门课期末是开卷还是闭卷？重点会划吗？,2,true,false,19,0:1:请|1:2:问|2:3:这|3:4:门|4:5:课|5:6:期|6:7:末|7:8:是|8:9:开|9:10:卷|10:11:还|11:12:是|12:13:闭|13:14:卷|15:16:重|16:17:点|17:18:会|18:19:划|19:20:吗,UNAVAILABLE,UNAVAILABLE,0,-56.10478,-56.10478,0,2,false,true,请问这门课期末是开卷还是闭卷？重点会划吗？,raw,keep_raw:maxDelta=0<minDeltaToReplace=3||no_pick,3,请问这门课期末是开卷还是闭卷？重点会划吗？,true,true,1,PASS,0.0036459779853825576,635,
d031,dialog_200,我预订的是大床房，能安排安静一点的楼层吗？,raw,我预订的是大床房，能安排安静一点的楼层吗？,2,true,false,0,baseline_raw_slot,UNAVAILABLE,UNAVAILABLE,UNAVAILABLE,-52.113697,-52.113697,0,1,true,true,我预订的是大床房，能安排安静一点的楼层吗？,raw,keep_raw:maxDelta=0<minDeltaToReplace=3||no_pick,3,我预订的是大床房，能安排安静一点的楼层吗？,true,true,1,PASS,0.005424611051616075,646,
d031,dialog_200,我预订的是大床房，能安排安静一点的楼层吗？,candidate:0,我预订的是大床房，能安排安静一点的楼层吗？,2,true,false,19,0:1:我|1:2:预|2:3:订|3:4:的|4:5:是|5:6:大|6:7:床|7:8:房|9:10:能|10:11:安|11:12:排|12:13:安|13:14:静|14:15:一|15:16:点|16:17:的|17:18:楼|18:19:层|19:20:吗,UNAVAILABLE,UNAVAILABLE,0,-52.113697,-52.113697,0,2,false,true,我预订的是大床房，能安排安静一点的楼层吗？,raw,keep_raw:maxDelta=0<minDeltaToReplace=3||no_pick,3,我预订的是大床房，能安排安静一点的楼层吗？,true,true,1,PASS,0.005424611051616075,646,
d032,dialog_200,早餐几点开始？退房可以延迟到下午两点吗？,raw,早餐几点开始？退房可以延迟到下午两点吗？,2,true,false,0,baseline_raw_slot,UNAVAILABLE,UNAVAILABLE,UNAVAILABLE,-44.78779,-44.78779,0,1,true,true,早餐几点开始？退房可以延迟到下午两点吗？,raw,keep_raw:maxDelta=0<minDeltaToReplace=3||no_pick,3,早餐几点开始？退房可以延迟到下午两点吗？,true,true,1,PASS,0.011219944084340877,672,
d032,dialog_200,早餐几点开始？退房可以延迟到下午两点吗？,candidate:0,早餐几点开始？退房可以延迟到下午两点吗？,2,true,false,18,0:1:早|1:2:餐|2:3:几|3:4:点|4:5:开|5:6:始|7:8:退|8:9:房|9:10:可|10:11:以|11:12:延|12:13:迟|13:14:到|14:15:下|15:16:午|16:17:两|17:18:点|18:19:吗,UNAVAILABLE,UNAVAILABLE,0,-44.78779,-44.78779,0,2,false,true,早餐几点开始？退房可以延迟到下午两点吗？,raw,keep_raw:maxDelta=0<minDeltaToReplace=3||no_pick,3,早餐几点开始？退房可以延迟到下午两点吗？,true,true,1,PASS,0.011219944084340877,672,
d033,dialog_200,房间空调不太制冷，能派人上来看一下吗？,raw,房间空调不太制冷，能派人上来看一下吗？,2,true,false,0,baseline_raw_slot,UNAVAILABLE,UNAVAILABLE,UNAVAILABLE,-44.65195,-44.65195,0,1,true,true,房间空调不太制冷，能派人上来看一下吗？,raw,keep_raw:maxDelta=0<minDeltaToReplace=3||no_pick,3,房间空调不太制冷，能派人上来看一下吗？,true,true,1,PASS,0.011371650690406323,646,
d033,dialog_200,房间空调不太制冷，能派人上来看一下吗？,candidate:0,房间空调不太制冷，能派人上来看一下吗？,2,true,false,17,0:1:房|1:2:间|2:3:空|3:4:调|4:5:不|5:6:太|6:7:制|7:8:冷|9:10:能|10:11:派|11:12:人|12:13:上|13:14:来|14:15:看|15:16:一|16:17:下|17:18:吗,UNAVAILABLE,UNAVAILABLE,0,-44.65195,-44.65195,0,2,false,true,房间空调不太制冷，能派人上来看一下吗？,raw,keep_raw:maxDelta=0<minDeltaToReplace=3||no_pick,3,房间空调不太制冷，能派人上来看一下吗？,true,true,1,PASS,0.011371650690406323,646,
d034,dialog_200,我想开通短信提醒，需要带什么证件？,raw,我想开通短信提醒，需要带什么证件？,2,true,false,0,baseline_raw_slot,UNAVAILABLE,UNAVAILABLE,UNAVAILABLE,-37.026028,-37.026028,0,1,true,true,我想开通短信提醒，需要带什么证件？,raw,keep_raw:maxDelta=0<minDeltaToReplace=3||no_pick,3,我想开通短信提醒，需要带什么证件？,true,true,1,PASS,0.024065814575944897,690,
d034,dialog_200,我想开通短信提醒，需要带什么证件？,candidate:0,我想开通短信提醒，需要带什么证件？,2,true,false,15,0:1:我|1:2:想|2:3:开|3:4:通|4:5:短|5:6:信|6:7:提|7:8:醒|9:10:需|10:11:要|11:12:带|12:13:什|13:14:么|14:15:证|15:16:件,UNAVAILABLE,UNAVAILABLE,0,-37.026028,-37.026028,0,2,false,true,我想开通短信提醒，需要带什么证件？,raw,keep_raw:maxDelta=0<minDeltaToReplace=3||no_pick,3,我想开通短信提醒，需要带什么证件？,true,true,1,PASS,0.024065814575944897,690,
d035,dialog_200,这笔转账显示处理中，大概多久能到账？,raw,这笔转账显示处理中，大概多久能到账？,2,true,false,0,baseline_raw_slot,UNAVAILABLE,UNAVAILABLE,UNAVAILABLE,-41.91501,-41.91501,0,1,true,true,这笔转账显示处理中，大概多久能到账？,raw,keep_raw:maxDelta=0<minDeltaToReplace=3||no_pick,3,这笔转账显示处理中，大概多久能到账？,true,true,1,PASS,0.01489825262617913,671,
d035,dialog_200,这笔转账显示处理中，大概多久能到账？,candidate:0,这笔转账显示处理中，大概多久能到账？,2,true,false,16,0:1:这|1:2:笔|2:3:转|3:4:账|4:5:显|5:6:示|6:7:处|7:8:理|8:9:中|10:11:大|11:12:概|12:13:多|13:14:久|14:15:能|15:16:到|16:17:账,UNAVAILABLE,UNAVAILABLE,0,-41.91501,-41.91501,0,2,false,true,这笔转账显示处理中，大概多久能到账？,raw,keep_raw:maxDelta=0<minDeltaToReplace=3||no_pick,3,这笔转账显示处理中，大概多久能到账？,true,true,1,PASS,0.01489825262617913,671,
d036,dialog_200,请问理财产品的风险等级在哪里查看？,raw,请问理财产品的风险等级在哪里查看？,2,true,false,0,baseline_raw_slot,UNAVAILABLE,UNAVAILABLE,UNAVAILABLE,-30.569174,-30.569174,0,1,true,true,请问理财产品的风险等级在哪里查看？,raw,keep_raw:maxDelta=0<minDeltaToReplace=3||no_pick,3,请问理财产品的风险等级在哪里查看？,true,true,1,PASS,0.04491976733063139,692,
d036,dialog_200,请问理财产品的风险等级在哪里查看？,candidate:0,请问理财产品的风险等级在哪里查看？,2,true,false,16,0:1:请|1:2:问|2:3:理|3:4:财|4:5:产|5:6:品|6:7:的|7:8:风|8:9:险|9:10:等|10:11:级|11:12:在|12:13:哪|13:14:里|14:15:查|15:16:看,UNAVAILABLE,UNAVAILABLE,0,-30.569174,-30.569174,0,2,false,true,请问理财产品的风险等级在哪里查看？,raw,keep_raw:maxDelta=0<minDeltaToReplace=3||no_pick,3,请问理财产品的风险等级在哪里查看？,true,true,1,PASS,0.04491976733063139,692,
d037,dialog_200,两位，靠窗有位置吗？不要香菜，微辣就行。,raw,两位，靠窗有位置吗？不要香菜，微辣就行。,2,true,false,0,baseline_raw_slot,UNAVAILABLE,UNAVAILABLE,UNAVAILABLE,-50.27006,-50.27006,0,1,true,true,两位，靠窗有位置吗？不要香菜，微辣就行。,raw,keep_raw:maxDelta=0<minDeltaToReplace=3||no_pick,3,两位，靠窗有位置吗？不要香菜，微辣就行。,true,true,1,PASS,0.006515684528864648,674,
d037,dialog_200,两位，靠窗有位置吗？不要香菜，微辣就行。,candidate:0,两位，靠窗有位置吗？不要香菜，微辣就行。,2,true,false,16,0:1:两|1:2:位|3:4:靠|4:5:窗|5:6:有|6:7:位|7:8:置|8:9:吗|10:11:不|11:12:要|12:13:香|13:14:菜|15:16:微|16:17:辣|17:18:就|18:19:行,UNAVAILABLE,UNAVAILABLE,0,-50.27006,-50.27006,0,2,false,true,两位，靠窗有位置吗？不要香菜，微辣就行。,raw,keep_raw:maxDelta=0<minDeltaToReplace=3||no_pick,3,两位，靠窗有位置吗？不要香菜，微辣就行。,true,true,1,PASS,0.006515684528864648,674,
d038,dialog_200,这道菜大概要等多久？我们先点一份凉菜和一壶茶。,raw,这道菜大概要等多久？我们先点一份凉菜和一壶茶。,2,true,false,0,baseline_raw_slot,UNAVAILABLE,UNAVAILABLE,UNAVAILABLE,-55.189114,-55.189114,0,1,true,true,这道菜大概要等多久？我们先点一份凉菜和一壶茶。,raw,keep_raw:maxDelta=0<minDeltaToReplace=3||no_pick,3,这道菜大概要等多久？我们先点一份凉菜和一壶茶。,true,true,1,PASS,0.003994193523452927,678,
d038,dialog_200,这道菜大概要等多久？我们先点一份凉菜和一壶茶。,candidate:0,这道菜大概要等多久？我们先点一份凉菜和一壶茶。,2,true,false,21,0:1:这|1:2:道|2:3:菜|3:4:大|4:5:概|5:6:要|6:7:等|7:8:多|8:9:久|10:11:我|11:12:们|12:13:先|13:14:点|14:15:一|15:16:份|16:17:凉|17:18:菜|18:19:和|19:20:一|20:21:壶|21:22:茶,UNAVAILABLE,UNAVAILABLE,0,-55.189114,-55.189114,0,2,false,true,这道菜大概要等多久？我们先点一份凉菜和一壶茶。,raw,keep_raw:maxDelta=0<minDeltaToReplace=3||no_pick,3,这道菜大概要等多久？我们先点一份凉菜和一壶茶。,true,true,1,PASS,0.003994193523452927,678,
d039,dialog_200,可以打包吗？顺便结一下账，能扫码支付吗？,raw,可以打包吗？顺便结一下账，能扫码支付吗？,2,true,false,0,baseline_raw_slot,UNAVAILABLE,UNAVAILABLE,UNAVAILABLE,-47.50631,-47.50631,0,1,true,true,可以打包吗？顺便结一下账，能扫码支付吗？,raw,keep_raw:maxDelta=0<minDeltaToReplace=3||no_pick,3,可以打包吗？顺便结一下账，能扫码支付吗？,true,true,1,PASS,0.008572121108722963,688,
d039,dialog_200,可以打包吗？顺便结一下账，能扫码支付吗？,candidate:0,可以打包吗？顺便结一下账，能扫码支付吗？,2,true,false,17,0:1:可|1:2:以|2:3:打|3:4:包|4:5:吗|6:7:顺|7:8:便|8:9:结|9:10:一|10:11:下|11:12:账|13:14:能|14:15:扫|15:16:码|16:17:支|17:18:付|18:19:吗,UNAVAILABLE,UNAVAILABLE,0,-47.50631,-47.50631,0,2,false,true,可以打包吗？顺便结一下账，能扫码支付吗？,raw,keep_raw:maxDelta=0<minDeltaToReplace=3||no_pick,3,可以打包吗？顺便结一下账，能扫码支付吗？,true,true,1,PASS,0.008572121108722963,688,
d040,dialog_200,私教课还剩几次？能帮我约明天晚上七点吗？,raw,私教课还剩几次？能帮我约明天晚上七点吗？,2,true,false,0,baseline_raw_slot,UNAVAILABLE,UNAVAILABLE,UNAVAILABLE,-47.095074,-47.095074,0,1,true,true,私教课还剩几次？能帮我约明天晚上七点吗？,raw,keep_raw:maxDelta=0<minDeltaToReplace=3||no_pick,3,私教课还剩几次？能帮我约明天晚上七点吗？,true,true,1,PASS,0.008928773196269812,670,
d040,dialog_200,私教课还剩几次？能帮我约明天晚上七点吗？,candidate:0,私教课还剩几次？能帮我约明天晚上七点吗？,2,true,false,18,0:1:私|1:2:教|2:3:课|3:4:还|4:5:剩|5:6:几|6:7:次|8:9:能|9:10:帮|10:11:我|11:12:约|12:13:明|13:14:天|14:15:晚|15:16:上|16:17:七|17:18:点|18:19:吗,UNAVAILABLE,UNAVAILABLE,0,-47.095074,-47.095074,0,2,false,true,私教课还剩几次？能帮我约明天晚上七点吗？,raw,keep_raw:maxDelta=0<minDeltaToReplace=3||no_pick,3,私教课还剩几次？能帮我约明天晚上七点吗？,true,true,1,PASS,0.008928773196269812,670,
d041,dialog_200,更衣室柜子钥匙找不到了，前台能帮忙开一下吗？,raw,更衣室柜子钥匙找不到了，前台能帮忙开一下吗？,2,true,false,0,baseline_raw_slot,UNAVAILABLE,UNAVAILABLE,UNAVAILABLE,-50.20162,-50.20162,0,1,true,true,更衣室柜子钥匙找不到了，前台能帮忙开一下吗？,raw,keep_raw:maxDelta=0<minDeltaToReplace=3||no_pick,3,更衣室柜子钥匙找不到了，前台能帮忙开一下吗？,true,true,1,PASS,0.006560137279112153,695,
d041,dialog_200,更衣室柜子钥匙找不到了，前台能帮忙开一下吗？,candidate:0,更衣室柜子钥匙找不到了，前台能帮忙开一下吗？,2,true,false,20,0:1:更|1:2:衣|2:3:室|3:4:柜|4:5:子|5:6:钥|6:7:匙|7:8:找|8:9:不|9:10:到|10:11:了|12:13:前|13:14:台|14:15:能|15:16:帮|16:17:忙|17:18:开|18:19:一|19:20:下|20:21:吗,UNAVAILABLE,UNAVAILABLE,0,-50.20162,-50.20162,0,2,false,true,更衣室柜子钥匙找不到了，前台能帮忙开一下吗？,raw,keep_raw:maxDelta=0<minDeltaToReplace=3||no_pick,3,更衣室柜子钥匙找不到了，前台能帮忙开一下吗？,true,true,1,PASS,0.006560137279112153,695,
d042,dialog_200,游泳次卡本月月底到期，续费有优惠吗？,raw,游泳次卡本月月底到期，续费有优惠吗？,2,true,false,0,baseline_raw_slot,UNAVAILABLE,UNAVAILABLE,UNAVAILABLE,-46.59682,-46.59682,0,1,true,true,游泳次卡本月月底到期，续费有优惠吗？,raw,keep_raw:maxDelta=0<minDeltaToReplace=3||no_pick,3,游泳次卡本月月底到期，续费有优惠吗？,true,true,1,PASS,0.009380643463427485,684,
d042,dialog_200,游泳次卡本月月底到期，续费有优惠吗？,candidate:0,游泳次卡本月月底到期，续费有优惠吗？,2,true,false,16,0:1:游|1:2:泳|2:3:次|3:4:卡|4:5:本|5:6:月|6:7:月|7:8:底|8:9:到|9:10:期|11:12:续|12:13:费|13:14:有|14:15:优|15:16:惠|16:17:吗,UNAVAILABLE,UNAVAILABLE,0,-46.59682,-46.59682,0,2,false,true,游泳次卡本月月底到期，续费有优惠吗？,raw,keep_raw:maxDelta=0<minDeltaToReplace=3||no_pick,3,游泳次卡本月月底到期，续费有优惠吗？,true,true,1,PASS,0.009380643463427485,684,
d043,dialog_200,我们下午讨论后选声城方案，先把候选生成的接口文档补齐。,raw,我们下午讨论后选声城方案，先把候选生成的接口文档补齐。,2,true,false,0,baseline_raw_slot,UNAVAILABLE,UNAVAILABLE,UNAVAILABLE,-64.33975,-64.33975,0,1,true,true,我们下午讨论后选声城方案，先把候选生成的接口文档补齐。,raw,keep_raw:maxDelta=0<minDeltaToReplace=3||no_pick,3,我们下午讨论后选声城方案，先把候选生成的接口文档补齐。,true,true,1,PASS,0.0016034787907936766,656,
d043,dialog_200,我们下午讨论后选声城方案，先把候选生成的接口文档补齐。,candidate:0,我们下午讨论后选声城方案，先把候选生成的接口文档补齐。,2,true,false,25,0:1:我|1:2:们|2:3:下|3:4:午|4:5:讨|5:6:论|6:7:后|7:8:选|8:9:声|9:10:城|10:11:方|11:12:案|13:14:先|14:15:把|15:16:候|16:17:选|17:18:生|18:19:成|19:20:的|20:21:接|21:22:口|22:23:文|23:24:档|24:25:补|25:26:齐,UNAVAILABLE,UNAVAILABLE,0,-64.33975,-64.33975,0,2,false,true,我们下午讨论后选声城方案，先把候选生成的接口文档补齐。,raw,keep_raw:maxDelta=0<minDeltaToReplace=3||no_pick,3,我们下午讨论后选声城方案，先把候选生成的接口文档补齐。,true,true,1,PASS,0.0016034787907936766,656,
d044,dialog_200,这周的上线计花已经确认，上线计划评审安排在周四上午。,raw,这周的上线计花已经确认，上线计划评审安排在周四上午。,2,true,false,0,baseline_raw_slot,UNAVAILABLE,UNAVAILABLE,UNAVAILABLE,-53.61211,-53.61211,0,1,true,true,这周的上线计花已经确认，上线计划评审安排在周四上午。,raw,keep_raw:maxDelta=0<minDeltaToReplace=3||no_pick,3,这周的上线计花已经确认，上线计划评审安排在周四上午。,true,true,1,PASS,0.004673274718123358,629,
d044,dialog_200,这周的上线计花已经确认，上线计划评审安排在周四上午。,candidate:0,这周的上线计花已经确认，上线计划评审安排在周四上午。,2,true,false,24,0:1:这|1:2:周|2:3:的|3:4:上|4:5:线|5:6:计|6:7:花|7:8:已|8:9:经|9:10:确|10:11:认|12:13:上|13:14:线|14:15:计|15:16:划|16:17:评|17:18:审|18:19:安|19:20:排|20:21:在|21:22:周|22:23:四|23:24:上|24:25:午,UNAVAILABLE,UNAVAILABLE,0,-53.61211,-53.61211,0,2,false,true,这周的上线计花已经确认，上线计划评审安排在周四上午。,raw,keep_raw:maxDelta=0<minDeltaToReplace=3||no_pick,3,这周的上线计花已经确认，上线计划评审安排在周四上午。,true,true,1,PASS,0.004673274718123358,629,
d045,dialog_200,关于后选生城和上线计化，请按上线计划执行，有问题群里说。,raw,关于后选生城和上线计化，请按上线计划执行，有问题群里说。,2,true,false,0,baseline_raw_slot,UNAVAILABLE,UNAVAILABLE,UNAVAILABLE,-67.68852,-67.68852,0,1,true,true,关于后选生城和上线计化，请按上线计划执行，有问题群里说。,raw,keep_raw:maxDelta=0<minDeltaToReplace=3||no_pick,3,关于后选生城和上线计化，请按上线计划执行，有问题群里说。,true,true,1,PASS,0.0011476942453627294,674,
d045,dialog_200,关于后选生城和上线计化，请按上线计划执行，有问题群里说。,candidate:0,关于后选生城和上线计化，请按上线计划执行，有问题群里说。,2,true,false,25,0:1:关|1:2:于|2:3:后|3:4:选|4:5:生|5:6:城|6:7:和|7:8:上|8:9:线|9:10:计|10:11:化|12:13:请|13:14:按|14:15:上|15:16:线|16:17:计|17:18:划|18:19:执|19:20:行|21:22:有|22:23:问|23:24:题|24:25:群|25:26:里|26:27:说,UNAVAILABLE,UNAVAILABLE,0,-67.68852,-67.68852,0,2,false,true,关于后选生城和上线计化，请按上线计划执行，有问题群里说。,raw,keep_raw:maxDelta=0<minDeltaToReplace=3||no_pick,3,关于后选生城和上线计化，请按上线计划执行，有问题群里说。,true,true,1,PASS,0.0011476942453627294,674,
d046,dialog_200,你好，我想点一杯卡布奇诺，中杯，正常糖。顺便问一下今天有芝士蛋糕吗？,raw,你好，我想点一杯卡布奇诺，中杯，正常糖。顺便问一下今天有芝士蛋糕吗？,2,true,false,0,baseline_raw_slot,UNAVAILABLE,UNAVAILABLE,UNAVAILABLE,-81.692535,-81.692535,0,1,true,true,你好，我想点一杯卡布奇诺，中杯，正常糖。顺便问一下今天有芝士蛋糕吗？,raw,keep_raw:maxDelta=0<minDeltaToReplace=3||no_pick,3,你好，我想点一杯卡布奇诺，中杯，正常糖。顺便问一下今天有芝士蛋糕吗？,true,true,1,PASS,0.0002831491721097006,627,
d046,dialog_200,你好，我想点一杯卡布奇诺，中杯，正常糖。顺便问一下今天有芝士蛋糕吗？,candidate:0,你好，我想点一杯卡布奇诺，中杯，正常糖。顺便问一下今天有芝士蛋糕吗？,2,true,false,29,0:1:你|1:2:好|3:4:我|4:5:想|5:6:点|6:7:一|7:8:杯|8:9:卡|9:10:布|10:11:奇|11:12:诺|13:14:中|14:15:杯|16:17:正|17:18:常|18:19:糖|20:21:顺|21:22:便|22:23:问|23:24:一|24:25:下|25:26:今|26:27:天|27:28:有|28:29:芝|29:30:士|30:31:蛋|31:32:糕|32:33:吗,UNAVAILABLE,UNAVAILABLE,0,-81.692535,-81.692535,0,2,false,true,你好，我想点一杯卡布奇诺，中杯，正常糖。顺便问一下今天有芝士蛋糕吗？,raw,keep_raw:maxDelta=0<minDeltaToReplace=3||no_pick,3,你好，我想点一杯卡布奇诺，中杯，正常糖。顺便问一下今天有芝士蛋糕吗？,true,true,1,PASS,0.0002831491721097006,627,
d047,dialog_200,麻烦帮我做一杯红茶带走，大杯就行，谢谢。,raw,麻烦帮我做一杯红茶带走，大杯就行，谢谢。,2,true,false,0,baseline_raw_slot,UNAVAILABLE,UNAVAILABLE,UNAVAILABLE,-46.37206,-46.37206,0,1,true,true,麻烦帮我做一杯红茶带走，大杯就行，谢谢。,raw,keep_raw:maxDelta=0<minDeltaToReplace=3||no_pick,3,麻烦帮我做一杯红茶带走，大杯就行，谢谢。,true,true,1,PASS,0.009591824838013812,660,
d047,dialog_200,麻烦帮我做一杯红茶带走，大杯就行，谢谢。,candidate:0,麻烦帮我做一杯红茶带走，大杯就行，谢谢。,2,true,false,17,0:1:麻|1:2:烦|2:3:帮|3:4:我|4:5:做|5:6:一|6:7:杯|7:8:红|8:9:茶|9:10:带|10:11:走|12:13:大|13:14:杯|14:15:就|15:16:行|17:18:谢|18:19:谢,UNAVAILABLE,UNAVAILABLE,0,-46.37206,-46.37206,0,2,false,true,麻烦帮我做一杯红茶带走，大杯就行，谢谢。,raw,keep_raw:maxDelta=0<minDeltaToReplace=3||no_pick,3,麻烦帮我做一杯红茶带走，大杯就行，谢谢。,true,true,1,PASS,0.009591824838013812,660,
d048,dialog_200,请问这款热巧克力可以少冰吗？我赶时间，小杯。,raw,请问这款热巧克力可以少冰吗？我赶时间，小杯。,2,true,false,0,baseline_raw_slot,UNAVAILABLE,UNAVAILABLE,UNAVAILABLE,-48.705616,-48.705616,0,1,true,true,请问这款热巧克力可以少冰吗？我赶时间，小杯。,raw,keep_raw:maxDelta=0<minDeltaToReplace=3||no_pick,3,请问这款热巧克力可以少冰吗？我赶时间，小杯。,true,true,1,PASS,0.007610690316908951,654,
d048,dialog_200,请问这款热巧克力可以少冰吗？我赶时间，小杯。,candidate:0,请问这款热巧克力可以少冰吗？我赶时间，小杯。,2,true,false,19,0:1:请|1:2:问|2:3:这|3:4:款|4:5:热|5:6:巧|6:7:克|7:8:力|8:9:可|9:10:以|10:11:少|11:12:冰|12:13:吗|14:15:我|15:16:赶|16:17:时|17:18:间|19:20:小|20:21:杯,UNAVAILABLE,UNAVAILABLE,0,-48.705616,-48.705616,0,2,false,true,请问这款热巧克力可以少冰吗？我赶时间，小杯。,raw,keep_raw:maxDelta=0<minDeltaToReplace=3||no_pick,3,请问这款热巧克力可以少冰吗？我赶时间，小杯。,true,true,1,PASS,0.007610690316908951,654,
d049,dialog_200,李工，客户反馈翻译引擎接口报错，我们能不能加缓存，下午三点前把结论发群里？,raw,李工，客户反馈翻译引擎接口报错，我们能不能加缓存，下午三点前把结论发群里？,2,true,false,0,baseline_raw_slot,UNAVAILABLE,UNAVAILABLE,UNAVAILABLE,-86.34571,-86.34571,0,1,true,true,李工，客户反馈翻译引擎接口报错，我们能不能加缓存，下午三点前把结论发群里？,raw,keep_raw:maxDelta=0<minDeltaToReplace=3||no_pick,3,李工，客户反馈翻译引擎接口报错，我们能不能加缓存，下午三点前把结论发群里？,true,true,1,PASS,0.0001778182078060522,651,
d049,dialog_200,李工，客户反馈翻译引擎接口报错，我们能不能加缓存，下午三点前把结论发群里？,candidate:0,李工，客户反馈翻译引擎接口报错，我们能不能加缓存，下午三点前把结论发群里？,2,true,false,33,0:1:李|1:2:工|3:4:客|4:5:户|5:6:反|6:7:馈|7:8:翻|8:9:译|9:10:引|10:11:擎|11:12:接|12:13:口|13:14:报|14:15:错|16:17:我|17:18:们|18:19:能|19:20:不|20:21:能|21:22:加|22:23:缓|23:24:存|25:26:下|26:27:午|27:28:三|28:29:点|29:30:前|30:31:把|31:32:结|32:33:论|33:34:发|34:35:群|35:36:里,UNAVAILABLE,UNAVAILABLE,0,-86.34571,-86.34571,0,2,false,true,李工，客户反馈翻译引擎接口报错，我们能不能加缓存，下午三点前把结论发群里？,raw,keep_raw:maxDelta=0<minDeltaToReplace=3||no_pick,3,李工，客户反馈翻译引擎接口报错，我们能不能加缓存，下午三点前把结论发群里？,true,true,1,PASS,0.0001778182078060522,651,
d050,dialog_200,今天的站会先过一下订单中台进度，内存占用高这块需要限流保护，大家看一下风险。,raw,今天的站会先过一下订单中台进度，内存占用高这块需要限流保护，大家看一下风险。,2,true,false,0,baseline_raw_slot,UNAVAILABLE,UNAVAILABLE,UNAVAILABLE,-79.48894,-79.48894,0,1,true,true,今天的站会先过一下订单中台进度，内存占用高这块需要限流保护，大家看一下风险。,raw,keep_raw:maxDelta=0<minDeltaToReplace=3||no_pick,3,今天的站会先过一下订单中台进度，内存占用高这块需要限流保护，大家看一下风险。,true,true,1,PASS,0.000352927822732824,639,
d050,dialog_200,今天的站会先过一下订单中台进度，内存占用高这块需要限流保护，大家看一下风险。,candidate:0,今天的站会先过一下订单中台进度，内存占用高这块需要限流保护，大家看一下风险。,2,true,false,35,0:1:今|1:2:天|2:3:的|3:4:站|4:5:会|5:6:先|6:7:过|7:8:一|8:9:下|9:10:订|10:11:单|11:12:中|12:13:台|13:14:进|14:15:度|16:17:内|17:18:存|18:19:占|19:20:用|20:21:高|21:22:这|22:23:块|23:24:需|24:25:要|25:26:限|26:27:流|27:28:保|28:29:护|30:31:大|31:32:家|32:33:看|33:34:一|34:35:下|35:36:风|36:37:险,UNAVAILABLE,UNAVAILABLE,0,-79.48894,-79.48894,0,2,false,true,今天的站会先过一下订单中台进度，内存占用高这块需要限流保护，大家看一下风险。,raw,keep_raw:maxDelta=0<minDeltaToReplace=3||no_pick,3,今天的站会先过一下订单中台进度，内存占用高这块需要限流保护，大家看一下风险。,true,true,1,PASS,0.000352927822732824,639,
d051,dialog_200,跟会员系统相关的需求我整理了一版，八点前请大家帮忙评审一下。,raw,跟会员系统相关的需求我整理了一版，八点前请大家帮忙评审一下。,2,true,false,0,baseline_raw_slot,UNAVAILABLE,UNAVAILABLE,UNAVAILABLE,-66.67136,-66.67136,0,1,true,true,跟会员系统相关的需求我整理了一版，八点前请大家帮忙评审一下。,raw,keep_raw:maxDelta=0<minDeltaToReplace=3||no_pick,3,跟会员系统相关的需求我整理了一版，八点前请大家帮忙评审一下。,true,true,1,PASS,0.00127042063041235,667,
d051,dialog_200,跟会员系统相关的需求我整理了一版，八点前请大家帮忙评审一下。,candidate:0,跟会员系统相关的需求我整理了一版，八点前请大家帮忙评审一下。,2,true,false,28,0:1:跟|1:2:会|2:3:员|3:4:系|4:5:统|5:6:相|6:7:关|7:8:的|8:9:需|9:10:求|10:11:我|11:12:整|12:13:理|13:14:了|14:15:一|15:16:版|17:18:八|18:19:点|19:20:前|20:21:请|21:22:大|22:23:家|23:24:帮|24:25:忙|25:26:评|26:27:审|27:28:一|28:29:下,UNAVAILABLE,UNAVAILABLE,0,-66.67136,-66.67136,0,2,false,true,跟会员系统相关的需求我整理了一版，八点前请大家帮忙评审一下。,raw,keep_raw:maxDelta=0<minDeltaToReplace=3||no_pick,3,跟会员系统相关的需求我整理了一版，八点前请大家帮忙评审一下。,true,true,1,PASS,0.00127042063041235,667,
d052,dialog_200,师傅，去浦东张江，走延安路高架。我赶九点半的会，要是堵车您提前跟我说。,raw,师傅，去浦东张江，走延安路高架。我赶九点半的会，要是堵车您提前跟我说。,2,true,false,0,baseline_raw_slot,UNAVAILABLE,UNAVAILABLE,UNAVAILABLE,-97.42948,-97.42948,0,1,true,true,师傅，去浦东张江，走延安路高架。我赶九点半的会，要是堵车您提前跟我说。,raw,keep_raw:maxDelta=0<minDeltaToReplace=3||no_pick,3,师傅，去浦东张江，走延安路高架。我赶九点半的会，要是堵车您提前跟我说。,true,true,1,PASS,0.000058703764295924655,654,
d052,dialog_200,师傅，去浦东张江，走延安路高架。我赶九点半的会，要是堵车您提前跟我说。,candidate:0,师傅，去浦东张江，走延安路高架。我赶九点半的会，要是堵车您提前跟我说。,2,true,false,30,0:1:师|1:2:傅|3:4:去|4:5:浦|5:6:东|6:7:张|7:8:江|9:10:走|10:11:延|11:12:安|12:13:路|13:14:高|14:15:架|16:17:我|17:18:赶|18:19:九|19:20:点|20:21:半|21:22:的|22:23:会|24:25:要|25:26:是|26:27:堵|27:28:车|28:29:您|29:30:提|30:31:前|31:32:跟|32:33:我|33:34:说,UNAVAILABLE,UNAVAILABLE,0,-97.42948,-97.42948,0,2,false,true,师傅，去浦东张江，走延安路高架。我赶九点半的会，要是堵车您提前跟我说。,raw,keep_raw:maxDelta=0<minDeltaToReplace=3||no_pick,3,师傅，去浦东张江，走延安路高架。我赶九点半的会，要是堵车您提前跟我说。,true,true,1,PASS,0.000058703764295924655,654,
d053,dialog_200,麻烦送我到深圳南山科技园南门，大概多久能到？我十点十分有个电话会。,raw,麻烦送我到深圳南山科技园南门，大概多久能到？我十点十分有个电话会。,2,true,false,0,baseline_raw_slot,UNAVAILABLE,UNAVAILABLE,UNAVAILABLE,-77.55307,-77.55307,0,1,true,true,麻烦送我到深圳南山科技园南门，大概多久能到？我十点十分有个电话会。,raw,keep_raw:maxDelta=0<minDeltaToReplace=3||no_pick,3,麻烦送我到深圳南山科技园南门，大概多久能到？我十点十分有个电话会。,true,true,1,PASS,0.0004282791433522654,678,
d053,dialog_200,麻烦送我到深圳南山科技园南门，大概多久能到？我十点十分有个电话会。,candidate:0,麻烦送我到深圳南山科技园南门，大概多久能到？我十点十分有个电话会。,2,true,false,30,0:1:麻|1:2:烦|2:3:送|3:4:我|4:5:到|5:6:深|6:7:圳|7:8:南|8:9:山|9:10:科|10:11:技|11:12:园|12:13:南|13:14:门|15:16:大|16:17:概|17:18:多|18:19:久|19:20:能|20:21:到|22:23:我|23:24:十|24:25:点|25:26:十|26:27:分|27:28:有|28:29:个|29:30:电|30:31:话|31:32:会,UNAVAILABLE,UNAVAILABLE,0,-77.55307,-77.55307,0,2,false,true,麻烦送我到深圳南山科技园南门，大概多久能到？我十点十分有个电话会。,raw,keep_raw:maxDelta=0<minDeltaToReplace=3||no_pick,3,麻烦送我到深圳南山科技园南门，大概多久能到？我十点十分有个电话会。,true,true,1,PASS,0.0004282791433522654,678,
d054,dialog_200,去杭州西溪，不走三环可以吗？那边现在堵不堵？,raw,去杭州西溪，不走三环可以吗？那边现在堵不堵？,2,true,false,0,baseline_raw_slot,UNAVAILABLE,UNAVAILABLE,UNAVAILABLE,-58.809887,-58.809887,0,1,true,true,去杭州西溪，不走三环可以吗？那边现在堵不堵？,raw,keep_raw:maxDelta=0<minDeltaToReplace=3||no_pick,3,去杭州西溪，不走三环可以吗？那边现在堵不堵？,true,true,1,PASS,0.002784249745832251,702,
d054,dialog_200,去杭州西溪，不走三环可以吗？那边现在堵不堵？,candidate:0,去杭州西溪，不走三环可以吗？那边现在堵不堵？,2,true,false,19,0:1:去|1:2:杭|2:3:州|3:4:西|4:5:溪|6:7:不|7:8:走|8:9:三|9:10:环|10:11:可|11:12:以|12:13:吗|14:15:那|15:16:边|16:17:现|17:18:在|18:19:堵|19:20:不|20:21:堵,UNAVAILABLE,UNAVAILABLE,0,-58.809887,-58.809887,0,2,false,true,去杭州西溪，不走三环可以吗？那边现在堵不堵？,raw,keep_raw:maxDelta=0<minDeltaToReplace=3||no_pick,3,去杭州西溪，不走三环可以吗？那边现在堵不堵？,true,true,1,PASS,0.002784249745832251,702,
d055,dialog_200,医生您好，我这两天嗓子疼，想开点药并做个血常规。,raw,医生您好，我这两天嗓子疼，想开点药并做个血常规。,2,true,false,0,baseline_raw_slot,UNAVAILABLE,UNAVAILABLE,UNAVAILABLE,-58.091507,-58.091507,0,1,true,true,医生您好，我这两天嗓子疼，想开点药并做个血常规。,raw,keep_raw:maxDelta=0<minDeltaToReplace=3||no_pick,3,医生您好，我这两天嗓子疼，想开点药并做个血常规。,true,true,1,PASS,0.0029910039284248026,673,
d055,dialog_200,医生您好，我这两天嗓子疼，想开点药并做个血常规。,candidate:0,医生您好，我这两天嗓子疼，想开点药并做个血常规。,2,true,false,21,0:1:医|1:2:生|2:3:您|3:4:好|5:6:我|6:7:这|7:8:两|8:9:天|9:10:嗓|10:11:子|11:12:疼|13:14:想|14:15:开|15:16:点|16:17:药|17:18:并|18:19:做|19:20:个|20:21:血|21:22:常|22:23:规,UNAVAILABLE,UNAVAILABLE,0,-58.091507,-58.091507,0,2,false,true,医生您好，我这两天嗓子疼，想开点药并做个血常规。,raw,keep_raw:maxDelta=0<minDeltaToReplace=3||no_pick,3,医生您好，我这两天嗓子疼，想开点药并做个血常规。,true,true,1,PASS,0.0029910039284248026,673,
d056,dialog_200,挂号处请问内科还有号吗？我低烧，昨晚开始的。,raw,挂号处请问内科还有号吗？我低烧，昨晚开始的。,2,true,false,0,baseline_raw_slot,UNAVAILABLE,UNAVAILABLE,UNAVAILABLE,-58.267227,-58.267227,0,1,true,true,挂号处请问内科还有号吗？我低烧，昨晚开始的。,raw,keep_raw:maxDelta=0<minDeltaToReplace=3||no_pick,3,挂号处请问内科还有号吗？我低烧，昨晚开始的。,true,true,1,PASS,0.0029390582098890654,688,
d056,dialog_200,挂号处请问内科还有号吗？我低烧，昨晚开始的。,candidate:0,挂号处请问内科还有号吗？我低烧，昨晚开始的。,2,true,false,19,0:1:挂|1:2:号|2:3:处|3:4:请|4:5:问|5:6:内|6:7:科|7:8:还|8:9:有|9:10:号|10:11:吗|12:13:我|13:14:低|14:15:烧|16:17:昨|17:18:晚|18:19:开|19:20:始|20:21:的,UNAVAILABLE,UNAVAILABLE,0,-58.267227,-58.267227,0,2,false,true,挂号处请问内科还有号吗？我低烧，昨晚开始的。,raw,keep_raw:maxDelta=0<minDeltaToReplace=3||no_pick,3,挂号处请问内科还有号吗？我低烧，昨晚开始的。,true,true,1,PASS,0.0029390582098890654,688,
d057,dialog_200,这个检查报告什么时候能出？我咳嗽，需要请假休息吗？,raw,这个检查报告什么时候能出？我咳嗽，需要请假休息吗？,2,true,false,0,baseline_raw_slot,UNAVAILABLE,UNAVAILABLE,UNAVAILABLE,-50.472626,-50.472626,0,1,true,true,这个检查报告什么时候能出？我咳嗽，需要请假休息吗？,raw,keep_raw:maxDelta=0<minDeltaToReplace=3||no_pick,3,这个检查报告什么时候能出？我咳嗽，需要请假休息吗？,true,true,1,PASS,0.0063858610853962565,677,
d057,dialog_200,这个检查报告什么时候能出？我咳嗽，需要请假休息吗？,candidate:0,这个检查报告什么时候能出？我咳嗽，需要请假休息吗？,2,true,false,22,0:1:这|1:2:个|2:3:检|3:4:查|4:5:报|5:6:告|6:7:什|7:8:么|8:9:时|9:10:候|10:11:能|11:12:出|13:14:我|14:15:咳|15:16:嗽|17:18:需|18:19:要|19:20:请|20:21:假|21:22:休|22:23:息|23:24:吗,UNAVAILABLE,UNAVAILABLE,0,-50.472626,-50.472626,0,2,false,true,这个检查报告什么时候能出？我咳嗽，需要请假休息吗？,raw,keep_raw:maxDelta=0<minDeltaToReplace=3||no_pick,3,这个检查报告什么时候能出？我咳嗽，需要请假休息吗？,true,true,1,PASS,0.0063858610853962565,677,
d058,dialog_200,这件外套能试穿吗？我穿中码。买两件有没有折扣？,raw,这件外套能试穿吗？我穿中码。买两件有没有折扣？,2,true,false,0,baseline_raw_slot,UNAVAILABLE,UNAVAILABLE,UNAVAILABLE,-69.64273,-69.64273,0,1,true,true,这件外套能试穿吗？我穿中码。买两件有没有折扣？,raw,keep_raw:maxDelta=0<minDeltaToReplace=3||no_pick,3,这件外套能试穿吗？我穿中码。买两件有没有折扣？,true,true,1,PASS,0.0009441574613428574,661,
d058,dialog_200,这件外套能试穿吗？我穿中码。买两件有没有折扣？,candidate:0,这件外套能试穿吗？我穿中码。买两件有没有折扣？,2,true,false,20,0:1:这|1:2:件|2:3:外|3:4:套|4:5:能|5:6:试|6:7:穿|7:8:吗|9:10:我|10:11:穿|11:12:中|12:13:码|14:15:买|15:16:两|16:17:件|17:18:有|18:19:没|19:20:有|20:21:折|21:22:扣,UNAVAILABLE,UNAVAILABLE,0,-69.64273,-69.64273,0,2,false,true,这件外套能试穿吗？我穿中码。买两件有没有折扣？,raw,keep_raw:maxDelta=0<minDeltaToReplace=3||no_pick,3,这件外套能试穿吗？我穿中码。买两件有没有折扣？,true,true,1,PASS,0.0009441574613428574,661,
d059,dialog_200,请问这双鞋有四十码吗？不合适三天内可以退换吧？,raw,请问这双鞋有四十码吗？不合适三天内可以退换吧？,2,true,false,0,baseline_raw_slot,UNAVAILABLE,UNAVAILABLE,UNAVAILABLE,-58.418938,-58.418938,0,1,true,true,请问这双鞋有四十码吗？不合适三天内可以退换吧？,raw,keep_raw:maxDelta=0<minDeltaToReplace=3||no_pick,3,请问这双鞋有四十码吗？不合适三天内可以退换吧？,true,true,1,PASS,0.0028949340973298157,654,
d059,dialog_200,请问这双鞋有四十码吗？不合适三天内可以退换吧？,candidate:0,请问这双鞋有四十码吗？不合适三天内可以退换吧？,2,true,false,21,0:1:请|1:2:问|2:3:这|3:4:双|4:5:鞋|5:6:有|6:7:四|7:8:十|8:9:码|9:10:吗|11:12:不|12:13:合|13:14:适|14:15:三|15:16:天|16:17:内|17:18:可|18:19:以|19:20:退|20:21:换|21:22:吧,UNAVAILABLE,UNAVAILABLE,0,-58.418938,-58.418938,0,2,false,true,请问这双鞋有四十码吗？不合适三天内可以退换吧？,raw,keep_raw:maxDelta=0<minDeltaToReplace=3||no_pick,3,请问这双鞋有四十码吗？不合适三天内可以退换吧？,true,true,1,PASS,0.0028949340973298157,654,
d060,dialog_200,我想对比一下这两款订单中台的价格，会员日能再减一点吗？,raw,我想对比一下这两款订单中台的价格，会员日能再减一点吗？,2,true,false,0,baseline_raw_slot,UNAVAILABLE,UNAVAILABLE,UNAVAILABLE,-53.12734,-53.12734,0,1,true,true,我想对比一下这两款订单中台的价格，会员日能再减一点吗？,raw,keep_raw:maxDelta=0<minDeltaToReplace=3||no_pick,3,我想对比一下这两款订单中台的价格，会员日能再减一点吗？,true,true,1,PASS,0.004904263603850251,685,
d060,dialog_200,我想对比一下这两款订单中台的价格，会员日能再减一点吗？,candidate:0,我想对比一下这两款订单中台的价格，会员日能再减一点吗？,2,true,false,25,0:1:我|1:2:想|2:3:对|3:4:比|4:5:一|5:6:下|6:7:这|7:8:两|8:9:款|9:10:订|10:11:单|11:12:中|12:13:台|13:14:的|14:15:价|15:16:格|17:18:会|18:19:员|19:20:日|20:21:能|21:22:再|22:23:减|23:24:一|24:25:点|25:26:吗,UNAVAILABLE,UNAVAILABLE,0,-53.12734,-53.12734,0,2,false,true,我想对比一下这两款订单中台的价格，会员日能再减一点吗？,raw,keep_raw:maxDelta=0<minDeltaToReplace=3||no_pick,3,我想对比一下这两款订单中台的价格，会员日能再减一点吗？,true,true,1,PASS,0.004904263603850251,685,
d061,dialog_200,周末要不要去江边骑行？天气预报说周日多云，记得带水。,raw,周末要不要去江边骑行？天气预报说周日多云，记得带水。,2,true,false,0,baseline_raw_slot,UNAVAILABLE,UNAVAILABLE,UNAVAILABLE,-58.115017,-58.115017,0,1,true,true,周末要不要去江边骑行？天气预报说周日多云，记得带水。,raw,keep_raw:maxDelta=0<minDeltaToReplace=3||no_pick,3,周末要不要去江边骑行？天气预报说周日多云，记得带水。,true,true,1,PASS,0.002984001296059052,651,
d061,dialog_200,周末要不要去江边骑行？天气预报说周日多云，记得带水。,candidate:0,周末要不要去江边骑行？天气预报说周日多云，记得带水。,2,true,false,23,0:1:周|1:2:末|2:3:要|3:4:不|4:5:要|5:6:去|6:7:江|7:8:边|8:9:骑|9:10:行|11:12:天|12:13:气|13:14:预|14:15:报|15:16:说|16:17:周|17:18:日|18:19:多|19:20:云|21:22:记|22:23:得|23:24:带|24:25:水,UNAVAILABLE,UNAVAILABLE,0,-58.115017,-58.115017,0,2,false,true,周末要不要去江边骑行？天气预报说周日多云，记得带水。,raw,keep_raw:maxDelta=0<minDeltaToReplace=3||no_pick,3,周末要不要去江边骑行？天气预报说周日多云，记得带水。,true,true,1,PASS,0.002984001296059052,651,
d062,dialog_200,晚上一起吃饭吗？我知道一家川菜不错，大概七点到。,raw,晚上一起吃饭吗？我知道一家川菜不错，大概七点到。,2,true,false,0,baseline_raw_slot,UNAVAILABLE,UNAVAILABLE,UNAVAILABLE,-51.801636,-51.801636,0,1,true,true,晚上一起吃饭吗？我知道一家川菜不错，大概七点到。,raw,keep_raw:maxDelta=0<minDeltaToReplace=3||no_pick,3,晚上一起吃饭吗？我知道一家川菜不错，大概七点到。,true,true,1,PASS,0.005595598833420917,695,
d062,dialog_200,晚上一起吃饭吗？我知道一家川菜不错，大概七点到。,candidate:0,晚上一起吃饭吗？我知道一家川菜不错，大概七点到。,2,true,false,21,0:1:晚|1:2:上|2:3:一|3:4:起|4:5:吃|5:6:饭|6:7:吗|8:9:我|9:10:知|10:11:道|11:12:一|12:13:家|13:14:川|14:15:菜|15:16:不|16:17:错|18:19:大|19:20:概|20:21:七|21:22:点|22:23:到,UNAVAILABLE,UNAVAILABLE,0,-51.801636,-51.801636,0,2,false,true,晚上一起吃饭吗？我知道一家川菜不错，大概七点到。,raw,keep_raw:maxDelta=0<minDeltaToReplace=3||no_pick,3,晚上一起吃饭吗？我知道一家川菜不错，大概七点到。,true,true,1,PASS,0.005595598833420917,695,
d063,dialog_200,你最近忙不忙？想找你看下手机备份怎么设置。,raw,你最近忙不忙？想找你看下手机备份怎么设置。,2,true,false,0,baseline_raw_slot,UNAVAILABLE,UNAVAILABLE,UNAVAILABLE,-50.938538,-50.938538,0,1,true,true,你最近忙不忙？想找你看下手机备份怎么设置。,raw,keep_raw:maxDelta=0<minDeltaToReplace=3||no_pick,3,你最近忙不忙？想找你看下手机备份怎么设置。,true,true,1,PASS,0.006096933157180564,652,
d063,dialog_200,你最近忙不忙？想找你看下手机备份怎么设置。,candidate:0,你最近忙不忙？想找你看下手机备份怎么设置。,2,true,false,19,0:1:你|1:2:最|2:3:近|3:4:忙|4:5:不|5:6:忙|7:8:想|8:9:找|9:10:你|10:11:看|11:12:下|12:13:手|13:14:机|14:15:备|15:16:份|16:17:怎|17:18:么|18:19:设|19:20:置,UNAVAILABLE,UNAVAILABLE,0,-50.938538,-50.938538,0,2,false,true,你最近忙不忙？想找你看下手机备份怎么设置。,raw,keep_raw:maxDelta=0<minDeltaToReplace=3||no_pick,3,你最近忙不忙？想找你看下手机备份怎么设置。,true,true,1,PASS,0.006096933157180564,652,
d064,dialog_200,今天我们团队要讨论后选生城相关的后选生城流程和上线计化安排，请研发一起评估风险。,raw,今天我们团队要讨论后选生城相关的后选生城流程和上线计化安排，请研发一起评估风险。,2,true,false,0,baseline_raw_slot,UNAVAILABLE,UNAVAILABLE,UNAVAILABLE,-91.69639,-91.69639,0,1,true,true,今天我们团队要讨论后选生城相关的后选生城流程和上线计化安排，请研发一起评估风险。,raw,keep_raw:maxDelta=0<minDeltaToReplace=3||no_pick,3,今天我们团队要讨论后选生城相关的后选生城流程和上线计化安排，请研发一起评估风险。,true,true,1,PASS,0.00010414325562876795,659,
d064,dialog_200,今天我们团队要讨论后选生城相关的后选生城流程和上线计化安排，请研发一起评估风险。,candidate:0,今天我们团队要讨论后选生城相关的后选生城流程和上线计化安排，请研发一起评估风险。,2,true,false,38,0:1:今|1:2:天|2:3:我|3:4:们|4:5:团|5:6:队|6:7:要|7:8:讨|8:9:论|9:10:后|10:11:选|11:12:生|12:13:城|13:14:相|14:15:关|15:16:的|16:17:后|17:18:选|18:19:生|19:20:城|20:21:流|21:22:程|22:23:和|23:24:上|24:25:线|25:26:计|26:27:化|27:28:安|28:29:排|30:31:请|31:32:研|32:33:发|33:34:一|34:35:起|35:36:评|36:37:估|37:38:风|38:39:险,UNAVAILABLE,UNAVAILABLE,0,-91.69639,-91.69639,0,2,false,true,今天我们团队要讨论后选生城相关的后选生城流程和上线计化安排，请研发一起评估风险。,raw,keep_raw:maxDelta=0<minDeltaToReplace=3||no_pick,3,今天我们团队要讨论后选生城相关的后选生城流程和上线计化安排，请研发一起评估风险。,true,true,1,PASS,0.00010414325562876795,659,
d065,dialog_200,这次发布我们先对齐上线计划窗口，后选生城模块需要联调，别漏掉回归。,raw,这次发布我们先对齐上线计划窗口，后选生城模块需要联调，别漏掉回归。,2,true,false,0,baseline_raw_slot,UNAVAILABLE,UNAVAILABLE,UNAVAILABLE,-79.759705,-79.759705,0,1,true,true,这次发布我们先对齐上线计划窗口，后选生城模块需要联调，别漏掉回归。,raw,keep_raw:maxDelta=0<minDeltaToReplace=3||no_pick,3,这次发布我们先对齐上线计划窗口，后选生城模块需要联调，别漏掉回归。,true,true,1,PASS,0.0003435032234423731,651,
d065,dialog_200,这次发布我们先对齐上线计划窗口，后选生城模块需要联调，别漏掉回归。,candidate:0,这次发布我们先对齐上线计划窗口，后选生城模块需要联调，别漏掉回归。,2,true,false,30,0:1:这|1:2:次|2:3:发|3:4:布|4:5:我|5:6:们|6:7:先|7:8:对|8:9:齐|9:10:上|10:11:线|11:12:计|12:13:划|13:14:窗|14:15:口|16:17:后|17:18:选|18:19:生|19:20:城|20:21:模|21:22:块|22:23:需|23:24:要|24:25:联|25:26:调|27:28:别|28:29:漏|29:30:掉|30:31:回|31:32:归,UNAVAILABLE,UNAVAILABLE,0,-79.759705,-79.759705,0,2,false,true,这次发布我们先对齐上线计划窗口，后选生城模块需要联调，别漏掉回归。,raw,keep_raw:maxDelta=0<minDeltaToReplace=3||no_pick,3,这次发布我们先对齐上线计划窗口，后选生城模块需要联调，别漏掉回归。,true,true,1,PASS,0.0003435032234423731,651,
d066,dialog_200,会上提到候选生成链路要加监控，上线计划文档我下午更新一版。,raw,会上提到候选生成链路要加监控，上线计划文档我下午更新一版。,2,true,false,0,baseline_raw_slot,UNAVAILABLE,UNAVAILABLE,UNAVAILABLE,-72.960945,-72.960945,0,1,true,true,会上提到候选生成链路要加监控，上线计划文档我下午更新一版。,raw,keep_raw:maxDelta=0<minDeltaToReplace=3||no_pick,3,会上提到候选生成链路要加监控，上线计划文档我下午更新一版。,true,true,1,PASS,0.0006777226311076127,679,
d066,dialog_200,会上提到候选生成链路要加监控，上线计划文档我下午更新一版。,candidate:0,会上提到候选生成链路要加监控，上线计划文档我下午更新一版。,2,true,false,27,0:1:会|1:2:上|2:3:提|3:4:到|4:5:候|5:6:选|6:7:生|7:8:成|8:9:链|9:10:路|10:11:要|11:12:加|12:13:监|13:14:控|15:16:上|16:17:线|17:18:计|18:19:划|19:20:文|20:21:档|21:22:我|22:23:下|23:24:午|24:25:更|25:26:新|26:27:一|27:28:版,UNAVAILABLE,UNAVAILABLE,0,-72.960945,-72.960945,0,2,false,true,会上提到候选生成链路要加监控，上线计划文档我下午更新一版。,raw,keep_raw:maxDelta=0<minDeltaToReplace=3||no_pick,3,会上提到候选生成链路要加监控，上线计划文档我下午更新一版。,true,true,1,PASS,0.0006777226311076127,679,
d067,dialog_200,您好，我订单显示已发货但物流三天没更新，能帮我查一下吗？,raw,您好，我订单显示已发货但物流三天没更新，能帮我查一下吗？,2,true,false,0,baseline_raw_slot,UNAVAILABLE,UNAVAILABLE,UNAVAILABLE,-62.1703,-62.1703,0,1,true,true,您好，我订单显示已发货但物流三天没更新，能帮我查一下吗？,raw,keep_raw:maxDelta=0<minDeltaToReplace=3||no_pick,3,您好，我订单显示已发货但物流三天没更新，能帮我查一下吗？,true,true,1,PASS,0.0019911893123534517,638,
d067,dialog_200,您好，我订单显示已发货但物流三天没更新，能帮我查一下吗？,candidate:0,您好，我订单显示已发货但物流三天没更新，能帮我查一下吗？,2,true,false,25,0:1:您|1:2:好|3:4:我|4:5:订|5:6:单|6:7:显|7:8:示|8:9:已|9:10:发|10:11:货|11:12:但|12:13:物|13:14:流|14:15:三|15:16:天|16:17:没|17:18:更|18:19:新|20:21:能|21:22:帮|22:23:我|23:24:查|24:25:一|25:26:下|26:27:吗,UNAVAILABLE,UNAVAILABLE,0,-62.1703,-62.1703,0,2,false,true,您好，我订单显示已发货但物流三天没更新，能帮我查一下吗？,raw,keep_raw:maxDelta=0<minDeltaToReplace=3||no_pick,3,您好，我订单显示已发货但物流三天没更新，能帮我查一下吗？,true,true,1,PASS,0.0019911893123534517,638,
d068,dialog_200,想改一下收货地址，还来得及吗？麻烦尽快处理，谢谢。,raw,想改一下收货地址，还来得及吗？麻烦尽快处理，谢谢。,2,true,false,0,baseline_raw_slot,UNAVAILABLE,UNAVAILABLE,UNAVAILABLE,-51.871246,-51.871246,0,1,true,true,想改一下收货地址，还来得及吗？麻烦尽快处理，谢谢。,raw,keep_raw:maxDelta=0<minDeltaToReplace=3||no_pick,3,想改一下收货地址，还来得及吗？麻烦尽快处理，谢谢。,true,true,1,PASS,0.005556998823599067,649,
d068,dialog_200,想改一下收货地址，还来得及吗？麻烦尽快处理，谢谢。,candidate:0,想改一下收货地址，还来得及吗？麻烦尽快处理，谢谢。,2,true,false,21,0:1:想|1:2:改|2:3:一|3:4:下|4:5:收|5:6:货|6:7:地|7:8:址|9:10:还|10:11:来|11:12:得|12:13:及|13:14:吗|15:16:麻|16:17:烦|17:18:尽|18:19:快|19:20:处|20:21:理|22:23:谢|23:24:谢,UNAVAILABLE,UNAVAILABLE,0,-51.871246,-51.871246,0,2,false,true,想改一下收货地址，还来得及吗？麻烦尽快处理，谢谢。,raw,keep_raw:maxDelta=0<minDeltaToReplace=3||no_pick,3,想改一下收货地址，还来得及吗？麻烦尽快处理，谢谢。,true,true,1,PASS,0.005556998823599067,649,
d069,dialog_200,发票抬头开错了，能重新开具电子发票吗？,raw,发票抬头开错了，能重新开具电子发票吗？,2,true,false,0,baseline_raw_slot,UNAVAILABLE,UNAVAILABLE,UNAVAILABLE,-44.610264,-44.610264,0,1,true,true,发票抬头开错了，能重新开具电子发票吗？,raw,keep_raw:maxDelta=0<minDeltaToReplace=3||no_pick,3,发票抬头开错了，能重新开具电子发票吗？,true,true,1,PASS,0.011418611078732313,657,
d069,dialog_200,发票抬头开错了，能重新开具电子发票吗？,candidate:0,发票抬头开错了，能重新开具电子发票吗？,2,true,false,17,0:1:发|1:2:票|2:3:抬|3:4:头|4:5:开|5:6:错|6:7:了|8:9:能|9:10:重|10:11:新|11:12:开|12:13:具|13:14:电|14:15:子|15:16:发|16:17:票|17:18:吗,UNAVAILABLE,UNAVAILABLE,0,-44.610264,-44.610264,0,2,false,true,发票抬头开错了，能重新开具电子发票吗？,raw,keep_raw:maxDelta=0<minDeltaToReplace=3||no_pick,3,发票抬头开错了，能重新开具电子发票吗？,true,true,1,PASS,0.011418611078732313,657,
d070,dialog_200,请简单介绍一下你上一段项目里负责的核心模块和难点。,raw,请简单介绍一下你上一段项目里负责的核心模块和难点。,2,true,false,0,baseline_raw_slot,UNAVAILABLE,UNAVAILABLE,UNAVAILABLE,-45.320557,-45.320557,0,1,true,true,请简单介绍一下你上一段项目里负责的核心模块和难点。,raw,keep_raw:maxDelta=0<minDeltaToReplace=3||no_pick,3,请简单介绍一下你上一段项目里负责的核心模块和难点。,true,true,1,PASS,0.010644022886326873,642,
d070,dialog_200,请简单介绍一下你上一段项目里负责的核心模块和难点。,candidate:0,请简单介绍一下你上一段项目里负责的核心模块和难点。,2,true,false,24,0:1:请|1:2:简|2:3:单|3:4:介|4:5:绍|5:6:一|6:7:下|7:8:你|8:9:上|9:10:一|10:11:段|11:12:项|12:13:目|13:14:里|14:15:负|15:16:责|16:17:的|17:18:核|18:19:心|19:20:模|20:21:块|21:22:和|22:23:难|23:24:点,UNAVAILABLE,UNAVAILABLE,0,-45.320557,-45.320557,0,2,false,true,请简单介绍一下你上一段项目里负责的核心模块和难点。,raw,keep_raw:maxDelta=0<minDeltaToReplace=3||no_pick,3,请简单介绍一下你上一段项目里负责的核心模块和难点。,true,true,1,PASS,0.010644022886326873,642,
d071,dialog_200,你如何看待跨团队协作？遇到需求变更一般怎么处理？,raw,你如何看待跨团队协作？遇到需求变更一般怎么处理？,2,true,false,0,baseline_raw_slot,UNAVAILABLE,UNAVAILABLE,UNAVAILABLE,-48.314133,-48.314133,0,1,true,true,你如何看待跨团队协作？遇到需求变更一般怎么处理？,raw,keep_raw:maxDelta=0<minDeltaToReplace=3||no_pick,3,你如何看待跨团队协作？遇到需求变更一般怎么处理？,true,true,1,PASS,0.007912140652346748,654,
d071,dialog_200,你如何看待跨团队协作？遇到需求变更一般怎么处理？,candidate:0,你如何看待跨团队协作？遇到需求变更一般怎么处理？,2,true,false,22,0:1:你|1:2:如|2:3:何|3:4:看|4:5:待|5:6:跨|6:7:团|7:8:队|8:9:协|9:10:作|11:12:遇|12:13:到|13:14:需|14:15:求|15:16:变|16:17:更|17:18:一|18:19:般|19:20:怎|20:21:么|21:22:处|22:23:理,UNAVAILABLE,UNAVAILABLE,0,-48.314133,-48.314133,0,2,false,true,你如何看待跨团队协作？遇到需求变更一般怎么处理？,raw,keep_raw:maxDelta=0<minDeltaToReplace=3||no_pick,3,你如何看待跨团队协作？遇到需求变更一般怎么处理？,true,true,1,PASS,0.007912140652346748,654,
d072,dialog_200,期望薪资这块我们可以再沟通，你最快什么时候能入职？,raw,期望薪资这块我们可以再沟通，你最快什么时候能入职？,2,true,false,0,baseline_raw_slot,UNAVAILABLE,UNAVAILABLE,UNAVAILABLE,-52.065495,-52.065495,0,1,true,true,期望薪资这块我们可以再沟通，你最快什么时候能入职？,raw,keep_raw:maxDelta=0<minDeltaToReplace=3||no_pick,3,期望薪资这块我们可以再沟通，你最快什么时候能入职？,true,true,1,PASS,0.005450679014957689,685,
d072,dialog_200,期望薪资这块我们可以再沟通，你最快什么时候能入职？,candidate:0,期望薪资这块我们可以再沟通，你最快什么时候能入职？,2,true,false,23,0:1:期|1:2:望|2:3:薪|3:4:资|4:5:这|5:6:块|6:7:我|7:8:们|8:9:可|9:10:以|10:11:再|11:12:沟|12:13:通|14:15:你|15:16:最|16:17:快|17:18:什|18:19:么|19:20:时|20:21:候|21:22:能|22:23:入|23:24:职,UNAVAILABLE,UNAVAILABLE,0,-52.065495,-52.065495,0,2,false,true,期望薪资这块我们可以再沟通，你最快什么时候能入职？,raw,keep_raw:maxDelta=0<minDeltaToReplace=3||no_pick,3,期望薪资这块我们可以再沟通，你最快什么时候能入职？,true,true,1,PASS,0.005450679014957689,685,
d073,dialog_200,老师，这道题的解题步骤能不能再讲一遍？我没听懂第二点。,raw,老师，这道题的解题步骤能不能再讲一遍？我没听懂第二点。,2,true,false,0,baseline_raw_slot,UNAVAILABLE,UNAVAILABLE,UNAVAILABLE,-58.532764,-58.532764,0,1,true,true,老师，这道题的解题步骤能不能再讲一遍？我没听懂第二点。,raw,keep_raw:maxDelta=0<minDeltaToReplace=3||no_pick,3,老师，这道题的解题步骤能不能再讲一遍？我没听懂第二点。,true,true,1,PASS,0.0028622628321273206,680,
d073,dialog_200,老师，这道题的解题步骤能不能再讲一遍？我没听懂第二点。,candidate:0,老师，这道题的解题步骤能不能再讲一遍？我没听懂第二点。,2,true,false,24,0:1:老|1:2:师|3:4:这|4:5:道|5:6:题|6:7:的|7:8:解|8:9:题|9:10:步|10:11:骤|11:12:能|12:13:不|13:14:能|14:15:再|15:16:讲|16:17:一|17:18:遍|19:20:我|20:21:没|21:22:听|22:23:懂|23:24:第|24:25:二|25:26:点,UNAVAILABLE,UNAVAILABLE,0,-58.532764,-58.532764,0,2,false,true,老师，这道题的解题步骤能不能再讲一遍？我没听懂第二点。,raw,keep_raw:maxDelta=0<minDeltaToReplace=3||no_pick,3,老师，这道题的解题步骤能不能再讲一遍？我没听懂第二点。,true,true,1,PASS,0.0028622628321273206,680,
d074,dialog_200,作业是下周一下午交吗？可以电子版提交吗？,raw,作业是下周一下午交吗？可以电子版提交吗？,2,true,false,0,baseline_raw_slot,UNAVAILABLE,UNAVAILABLE,UNAVAILABLE,-48.02359,-48.02359,0,1,true,true,作业是下周一下午交吗？可以电子版提交吗？,raw,keep_raw:maxDelta=0<minDeltaToReplace=3||no_pick,3,作业是下周一下午交吗？可以电子版提交吗？,true,true,1,PASS,0.008143494964131795,677,
d074,dialog_200,作业是下周一下午交吗？可以电子版提交吗？,candidate:0,作业是下周一下午交吗？可以电子版提交吗？,2,true,false,18,0:1:作|1:2:业|2:3:是|3:4:下|4:5:周|5:6:一|6:7:下|7:8:午|8:9:交|9:10:吗|11:12:可|12:13:以|13:14:电|14:15:子|15:16:版|16:17:提|17:18:交|18:19:吗,UNAVAILABLE,UNAVAILABLE,0,-48.02359,-48.02359,0,2,false,true,作业是下周一下午交吗？可以电子版提交吗？,raw,keep_raw:maxDelta=0<minDeltaToReplace=3||no_pick,3,作业是下周一下午交吗？可以电子版提交吗？,true,true,1,PASS,0.008143494964131795,677,
d075,dialog_200,请问这门课期末是开卷还是闭卷？重点会划吗？,raw,请问这门课期末是开卷还是闭卷？重点会划吗？,2,true,false,0,baseline_raw_slot,UNAVAILABLE,UNAVAILABLE,UNAVAILABLE,-56.10478,-56.10478,0,1,true,true,请问这门课期末是开卷还是闭卷？重点会划吗？,raw,keep_raw:maxDelta=0<minDeltaToReplace=3||no_pick,3,请问这门课期末是开卷还是闭卷？重点会划吗？,true,true,1,PASS,0.0036459779853825576,669,
d075,dialog_200,请问这门课期末是开卷还是闭卷？重点会划吗？,candidate:0,请问这门课期末是开卷还是闭卷？重点会划吗？,2,true,false,19,0:1:请|1:2:问|2:3:这|3:4:门|4:5:课|5:6:期|6:7:末|7:8:是|8:9:开|9:10:卷|10:11:还|11:12:是|12:13:闭|13:14:卷|15:16:重|16:17:点|17:18:会|18:19:划|19:20:吗,UNAVAILABLE,UNAVAILABLE,0,-56.10478,-56.10478,0,2,false,true,请问这门课期末是开卷还是闭卷？重点会划吗？,raw,keep_raw:maxDelta=0<minDeltaToReplace=3||no_pick,3,请问这门课期末是开卷还是闭卷？重点会划吗？,true,true,1,PASS,0.0036459779853825576,669,
d076,dialog_200,我预订的是大床房，能安排安静一点的楼层吗？,raw,我预订的是大床房，能安排安静一点的楼层吗？,2,true,false,0,baseline_raw_slot,UNAVAILABLE,UNAVAILABLE,UNAVAILABLE,-52.113697,-52.113697,0,1,true,true,我预订的是大床房，能安排安静一点的楼层吗？,raw,keep_raw:maxDelta=0<minDeltaToReplace=3||no_pick,3,我预订的是大床房，能安排安静一点的楼层吗？,true,true,1,PASS,0.005424611051616075,682,
d076,dialog_200,我预订的是大床房，能安排安静一点的楼层吗？,candidate:0,我预订的是大床房，能安排安静一点的楼层吗？,2,true,false,19,0:1:我|1:2:预|2:3:订|3:4:的|4:5:是|5:6:大|6:7:床|7:8:房|9:10:能|10:11:安|11:12:排|12:13:安|13:14:静|14:15:一|15:16:点|16:17:的|17:18:楼|18:19:层|19:20:吗,UNAVAILABLE,UNAVAILABLE,0,-52.113697,-52.113697,0,2,false,true,我预订的是大床房，能安排安静一点的楼层吗？,raw,keep_raw:maxDelta=0<minDeltaToReplace=3||no_pick,3,我预订的是大床房，能安排安静一点的楼层吗？,true,true,1,PASS,0.005424611051616075,682,
d077,dialog_200,早餐几点开始？退房可以延迟到下午两点吗？,raw,早餐几点开始？退房可以延迟到下午两点吗？,2,true,false,0,baseline_raw_slot,UNAVAILABLE,UNAVAILABLE,UNAVAILABLE,-44.78779,-44.78779,0,1,true,true,早餐几点开始？退房可以延迟到下午两点吗？,raw,keep_raw:maxDelta=0<minDeltaToReplace=3||no_pick,3,早餐几点开始？退房可以延迟到下午两点吗？,true,true,1,PASS,0.011219944084340877,669,
d077,dialog_200,早餐几点开始？退房可以延迟到下午两点吗？,candidate:0,早餐几点开始？退房可以延迟到下午两点吗？,2,true,false,18,0:1:早|1:2:餐|2:3:几|3:4:点|4:5:开|5:6:始|7:8:退|8:9:房|9:10:可|10:11:以|11:12:延|12:13:迟|13:14:到|14:15:下|15:16:午|16:17:两|17:18:点|18:19:吗,UNAVAILABLE,UNAVAILABLE,0,-44.78779,-44.78779,0,2,false,true,早餐几点开始？退房可以延迟到下午两点吗？,raw,keep_raw:maxDelta=0<minDeltaToReplace=3||no_pick,3,早餐几点开始？退房可以延迟到下午两点吗？,true,true,1,PASS,0.011219944084340877,669,
d078,dialog_200,房间空调不太制冷，能派人上来看一下吗？,raw,房间空调不太制冷，能派人上来看一下吗？,2,true,false,0,baseline_raw_slot,UNAVAILABLE,UNAVAILABLE,UNAVAILABLE,-44.65195,-44.65195,0,1,true,true,房间空调不太制冷，能派人上来看一下吗？,raw,keep_raw:maxDelta=0<minDeltaToReplace=3||no_pick,3,房间空调不太制冷，能派人上来看一下吗？,true,true,1,PASS,0.011371650690406323,663,
d078,dialog_200,房间空调不太制冷，能派人上来看一下吗？,candidate:0,房间空调不太制冷，能派人上来看一下吗？,2,true,false,17,0:1:房|1:2:间|2:3:空|3:4:调|4:5:不|5:6:太|6:7:制|7:8:冷|9:10:能|10:11:派|11:12:人|12:13:上|13:14:来|14:15:看|15:16:一|16:17:下|17:18:吗,UNAVAILABLE,UNAVAILABLE,0,-44.65195,-44.65195,0,2,false,true,房间空调不太制冷，能派人上来看一下吗？,raw,keep_raw:maxDelta=0<minDeltaToReplace=3||no_pick,3,房间空调不太制冷，能派人上来看一下吗？,true,true,1,PASS,0.011371650690406323,663,
d079,dialog_200,我想开通短信提醒，需要带什么证件？,raw,我想开通短信提醒，需要带什么证件？,2,true,false,0,baseline_raw_slot,UNAVAILABLE,UNAVAILABLE,UNAVAILABLE,-37.026028,-37.026028,0,1,true,true,我想开通短信提醒，需要带什么证件？,raw,keep_raw:maxDelta=0<minDeltaToReplace=3||no_pick,3,我想开通短信提醒，需要带什么证件？,true,true,1,PASS,0.024065814575944897,676,
d079,dialog_200,我想开通短信提醒，需要带什么证件？,candidate:0,我想开通短信提醒，需要带什么证件？,2,true,false,15,0:1:我|1:2:想|2:3:开|3:4:通|4:5:短|5:6:信|6:7:提|7:8:醒|9:10:需|10:11:要|11:12:带|12:13:什|13:14:么|14:15:证|15:16:件,UNAVAILABLE,UNAVAILABLE,0,-37.026028,-37.026028,0,2,false,true,我想开通短信提醒，需要带什么证件？,raw,keep_raw:maxDelta=0<minDeltaToReplace=3||no_pick,3,我想开通短信提醒，需要带什么证件？,true,true,1,PASS,0.024065814575944897,676,
d080,dialog_200,这笔转账显示处理中，大概多久能到账？,raw,这笔转账显示处理中，大概多久能到账？,2,true,false,0,baseline_raw_slot,UNAVAILABLE,UNAVAILABLE,UNAVAILABLE,-41.91501,-41.91501,0,1,true,true,这笔转账显示处理中，大概多久能到账？,raw,keep_raw:maxDelta=0<minDeltaToReplace=3||no_pick,3,这笔转账显示处理中，大概多久能到账？,true,true,1,PASS,0.01489825262617913,661,
d080,dialog_200,这笔转账显示处理中，大概多久能到账？,candidate:0,这笔转账显示处理中，大概多久能到账？,2,true,false,16,0:1:这|1:2:笔|2:3:转|3:4:账|4:5:显|5:6:示|6:7:处|7:8:理|8:9:中|10:11:大|11:12:概|12:13:多|13:14:久|14:15:能|15:16:到|16:17:账,UNAVAILABLE,UNAVAILABLE,0,-41.91501,-41.91501,0,2,false,true,这笔转账显示处理中，大概多久能到账？,raw,keep_raw:maxDelta=0<minDeltaToReplace=3||no_pick,3,这笔转账显示处理中，大概多久能到账？,true,true,1,PASS,0.01489825262617913,661,
d081,dialog_200,请问理财产品的风险等级在哪里查看？,raw,请问理财产品的风险等级在哪里查看？,2,true,false,0,baseline_raw_slot,UNAVAILABLE,UNAVAILABLE,UNAVAILABLE,-30.569174,-30.569174,0,1,true,true,请问理财产品的风险等级在哪里查看？,raw,keep_raw:maxDelta=0<minDeltaToReplace=3||no_pick,3,请问理财产品的风险等级在哪里查看？,true,true,1,PASS,0.04491976733063139,675,
d081,dialog_200,请问理财产品的风险等级在哪里查看？,candidate:0,请问理财产品的风险等级在哪里查看？,2,true,false,16,0:1:请|1:2:问|2:3:理|3:4:财|4:5:产|5:6:品|6:7:的|7:8:风|8:9:险|9:10:等|10:11:级|11:12:在|12:13:哪|13:14:里|14:15:查|15:16:看,UNAVAILABLE,UNAVAILABLE,0,-30.569174,-30.569174,0,2,false,true,请问理财产品的风险等级在哪里查看？,raw,keep_raw:maxDelta=0<minDeltaToReplace=3||no_pick,3,请问理财产品的风险等级在哪里查看？,true,true,1,PASS,0.04491976733063139,675,
d082,dialog_200,两位，靠窗有位置吗？不要香菜，微辣就行。,raw,两位，靠窗有位置吗？不要香菜，微辣就行。,2,true,false,0,baseline_raw_slot,UNAVAILABLE,UNAVAILABLE,UNAVAILABLE,-50.27006,-50.27006,0,1,true,true,两位，靠窗有位置吗？不要香菜，微辣就行。,raw,keep_raw:maxDelta=0<minDeltaToReplace=3||no_pick,3,两位，靠窗有位置吗？不要香菜，微辣就行。,true,true,1,PASS,0.006515684528864648,638,
d082,dialog_200,两位，靠窗有位置吗？不要香菜，微辣就行。,candidate:0,两位，靠窗有位置吗？不要香菜，微辣就行。,2,true,false,16,0:1:两|1:2:位|3:4:靠|4:5:窗|5:6:有|6:7:位|7:8:置|8:9:吗|10:11:不|11:12:要|12:13:香|13:14:菜|15:16:微|16:17:辣|17:18:就|18:19:行,UNAVAILABLE,UNAVAILABLE,0,-50.27006,-50.27006,0,2,false,true,两位，靠窗有位置吗？不要香菜，微辣就行。,raw,keep_raw:maxDelta=0<minDeltaToReplace=3||no_pick,3,两位，靠窗有位置吗？不要香菜，微辣就行。,true,true,1,PASS,0.006515684528864648,638,
d083,dialog_200,这道菜大概要等多久？我们先点一份凉菜和一壶茶。,raw,这道菜大概要等多久？我们先点一份凉菜和一壶茶。,2,true,false,0,baseline_raw_slot,UNAVAILABLE,UNAVAILABLE,UNAVAILABLE,-55.189114,-55.189114,0,1,true,true,这道菜大概要等多久？我们先点一份凉菜和一壶茶。,raw,keep_raw:maxDelta=0<minDeltaToReplace=3||no_pick,3,这道菜大概要等多久？我们先点一份凉菜和一壶茶。,true,true,1,PASS,0.003994193523452927,620,
d083,dialog_200,这道菜大概要等多久？我们先点一份凉菜和一壶茶。,candidate:0,这道菜大概要等多久？我们先点一份凉菜和一壶茶。,2,true,false,21,0:1:这|1:2:道|2:3:菜|3:4:大|4:5:概|5:6:要|6:7:等|7:8:多|8:9:久|10:11:我|11:12:们|12:13:先|13:14:点|14:15:一|15:16:份|16:17:凉|17:18:菜|18:19:和|19:20:一|20:21:壶|21:22:茶,UNAVAILABLE,UNAVAILABLE,0,-55.189114,-55.189114,0,2,false,true,这道菜大概要等多久？我们先点一份凉菜和一壶茶。,raw,keep_raw:maxDelta=0<minDeltaToReplace=3||no_pick,3,这道菜大概要等多久？我们先点一份凉菜和一壶茶。,true,true,1,PASS,0.003994193523452927,620,
d084,dialog_200,可以打包吗？顺便结一下账，能扫码支付吗？,raw,可以打包吗？顺便结一下账，能扫码支付吗？,2,true,false,0,baseline_raw_slot,UNAVAILABLE,UNAVAILABLE,UNAVAILABLE,-47.50631,-47.50631,0,1,true,true,可以打包吗？顺便结一下账，能扫码支付吗？,raw,keep_raw:maxDelta=0<minDeltaToReplace=3||no_pick,3,可以打包吗？顺便结一下账，能扫码支付吗？,true,true,1,PASS,0.008572121108722963,609,
d084,dialog_200,可以打包吗？顺便结一下账，能扫码支付吗？,candidate:0,可以打包吗？顺便结一下账，能扫码支付吗？,2,true,false,17,0:1:可|1:2:以|2:3:打|3:4:包|4:5:吗|6:7:顺|7:8:便|8:9:结|9:10:一|10:11:下|11:12:账|13:14:能|14:15:扫|15:16:码|16:17:支|17:18:付|18:19:吗,UNAVAILABLE,UNAVAILABLE,0,-47.50631,-47.50631,0,2,false,true,可以打包吗？顺便结一下账，能扫码支付吗？,raw,keep_raw:maxDelta=0<minDeltaToReplace=3||no_pick,3,可以打包吗？顺便结一下账，能扫码支付吗？,true,true,1,PASS,0.008572121108722963,609,
d085,dialog_200,私教课还剩几次？能帮我约明天晚上七点吗？,raw,私教课还剩几次？能帮我约明天晚上七点吗？,2,true,false,0,baseline_raw_slot,UNAVAILABLE,UNAVAILABLE,UNAVAILABLE,-47.095074,-47.095074,0,1,true,true,私教课还剩几次？能帮我约明天晚上七点吗？,raw,keep_raw:maxDelta=0<minDeltaToReplace=3||no_pick,3,私教课还剩几次？能帮我约明天晚上七点吗？,true,true,1,PASS,0.008928773196269812,612,
d085,dialog_200,私教课还剩几次？能帮我约明天晚上七点吗？,candidate:0,私教课还剩几次？能帮我约明天晚上七点吗？,2,true,false,18,0:1:私|1:2:教|2:3:课|3:4:还|4:5:剩|5:6:几|6:7:次|8:9:能|9:10:帮|10:11:我|11:12:约|12:13:明|13:14:天|14:15:晚|15:16:上|16:17:七|17:18:点|18:19:吗,UNAVAILABLE,UNAVAILABLE,0,-47.095074,-47.095074,0,2,false,true,私教课还剩几次？能帮我约明天晚上七点吗？,raw,keep_raw:maxDelta=0<minDeltaToReplace=3||no_pick,3,私教课还剩几次？能帮我约明天晚上七点吗？,true,true,1,PASS,0.008928773196269812,612,
d086,dialog_200,更衣室柜子钥匙找不到了，前台能帮忙开一下吗？,raw,更衣室柜子钥匙找不到了，前台能帮忙开一下吗？,2,true,false,0,baseline_raw_slot,UNAVAILABLE,UNAVAILABLE,UNAVAILABLE,-50.20162,-50.20162,0,1,true,true,更衣室柜子钥匙找不到了，前台能帮忙开一下吗？,raw,keep_raw:maxDelta=0<minDeltaToReplace=3||no_pick,3,更衣室柜子钥匙找不到了，前台能帮忙开一下吗？,true,true,1,PASS,0.006560137279112153,617,
d086,dialog_200,更衣室柜子钥匙找不到了，前台能帮忙开一下吗？,candidate:0,更衣室柜子钥匙找不到了，前台能帮忙开一下吗？,2,true,false,20,0:1:更|1:2:衣|2:3:室|3:4:柜|4:5:子|5:6:钥|6:7:匙|7:8:找|8:9:不|9:10:到|10:11:了|12:13:前|13:14:台|14:15:能|15:16:帮|16:17:忙|17:18:开|18:19:一|19:20:下|20:21:吗,UNAVAILABLE,UNAVAILABLE,0,-50.20162,-50.20162,0,2,false,true,更衣室柜子钥匙找不到了，前台能帮忙开一下吗？,raw,keep_raw:maxDelta=0<minDeltaToReplace=3||no_pick,3,更衣室柜子钥匙找不到了，前台能帮忙开一下吗？,true,true,1,PASS,0.006560137279112153,617,
d087,dialog_200,游泳次卡本月月底到期，续费有优惠吗？,raw,游泳次卡本月月底到期，续费有优惠吗？,2,true,false,0,baseline_raw_slot,UNAVAILABLE,UNAVAILABLE,UNAVAILABLE,-46.59682,-46.59682,0,1,true,true,游泳次卡本月月底到期，续费有优惠吗？,raw,keep_raw:maxDelta=0<minDeltaToReplace=3||no_pick,3,游泳次卡本月月底到期，续费有优惠吗？,true,true,1,PASS,0.009380643463427485,606,
d087,dialog_200,游泳次卡本月月底到期，续费有优惠吗？,candidate:0,游泳次卡本月月底到期，续费有优惠吗？,2,true,false,16,0:1:游|1:2:泳|2:3:次|3:4:卡|4:5:本|5:6:月|6:7:月|7:8:底|8:9:到|9:10:期|11:12:续|12:13:费|13:14:有|14:15:优|15:16:惠|16:17:吗,UNAVAILABLE,UNAVAILABLE,0,-46.59682,-46.59682,0,2,false,true,游泳次卡本月月底到期，续费有优惠吗？,raw,keep_raw:maxDelta=0<minDeltaToReplace=3||no_pick,3,游泳次卡本月月底到期，续费有优惠吗？,true,true,1,PASS,0.009380643463427485,606,
d088,dialog_200,我们下午讨论后选声城方案，先把候选生成的接口文档补齐。,raw,我们下午讨论后选声城方案，先把候选生成的接口文档补齐。,2,true,false,0,baseline_raw_slot,UNAVAILABLE,UNAVAILABLE,UNAVAILABLE,-64.33975,-64.33975,0,1,true,true,我们下午讨论后选声城方案，先把候选生成的接口文档补齐。,raw,keep_raw:maxDelta=0<minDeltaToReplace=3||no_pick,3,我们下午讨论后选声城方案，先把候选生成的接口文档补齐。,true,true,1,PASS,0.0016034787907936766,608,
d088,dialog_200,我们下午讨论后选声城方案，先把候选生成的接口文档补齐。,candidate:0,我们下午讨论后选声城方案，先把候选生成的接口文档补齐。,2,true,false,25,0:1:我|1:2:们|2:3:下|3:4:午|4:5:讨|5:6:论|6:7:后|7:8:选|8:9:声|9:10:城|10:11:方|11:12:案|13:14:先|14:15:把|15:16:候|16:17:选|17:18:生|18:19:成|19:20:的|20:21:接|21:22:口|22:23:文|23:24:档|24:25:补|25:26:齐,UNAVAILABLE,UNAVAILABLE,0,-64.33975,-64.33975,0,2,false,true,我们下午讨论后选声城方案，先把候选生成的接口文档补齐。,raw,keep_raw:maxDelta=0<minDeltaToReplace=3||no_pick,3,我们下午讨论后选声城方案，先把候选生成的接口文档补齐。,true,true,1,PASS,0.0016034787907936766,608,
d089,dialog_200,这周的上线计花已经确认，上线计划评审安排在周四上午。,raw,这周的上线计花已经确认，上线计划评审安排在周四上午。,2,true,false,0,baseline_raw_slot,UNAVAILABLE,UNAVAILABLE,UNAVAILABLE,-53.61211,-53.61211,0,1,true,true,这周的上线计花已经确认，上线计划评审安排在周四上午。,raw,keep_raw:maxDelta=0<minDeltaToReplace=3||no_pick,3,这周的上线计花已经确认，上线计划评审安排在周四上午。,true,true,1,PASS,0.004673274718123358,608,
d089,dialog_200,这周的上线计花已经确认，上线计划评审安排在周四上午。,candidate:0,这周的上线计花已经确认，上线计划评审安排在周四上午。,2,true,false,24,0:1:这|1:2:周|2:3:的|3:4:上|4:5:线|5:6:计|6:7:花|7:8:已|8:9:经|9:10:确|10:11:认|12:13:上|13:14:线|14:15:计|15:16:划|16:17:评|17:18:审|18:19:安|19:20:排|20:21:在|21:22:周|22:23:四|23:24:上|24:25:午,UNAVAILABLE,UNAVAILABLE,0,-53.61211,-53.61211,0,2,false,true,这周的上线计花已经确认，上线计划评审安排在周四上午。,raw,keep_raw:maxDelta=0<minDeltaToReplace=3||no_pick,3,这周的上线计花已经确认，上线计划评审安排在周四上午。,true,true,1,PASS,0.004673274718123358,608,
d090,dialog_200,关于后选生城和上线计化，请按上线计划执行，有问题群里说。,raw,关于后选生城和上线计化，请按上线计划执行，有问题群里说。,2,true,false,0,baseline_raw_slot,UNAVAILABLE,UNAVAILABLE,UNAVAILABLE,-67.68852,-67.68852,0,1,true,true,关于后选生城和上线计化，请按上线计划执行，有问题群里说。,raw,keep_raw:maxDelta=0<minDeltaToReplace=3||no_pick,3,关于后选生城和上线计化，请按上线计划执行，有问题群里说。,true,true,1,PASS,0.0011476942453627294,596,
d090,dialog_200,关于后选生城和上线计化，请按上线计划执行，有问题群里说。,candidate:0,关于后选生城和上线计化，请按上线计划执行，有问题群里说。,2,true,false,25,0:1:关|1:2:于|2:3:后|3:4:选|4:5:生|5:6:城|6:7:和|7:8:上|8:9:线|9:10:计|10:11:化|12:13:请|13:14:按|14:15:上|15:16:线|16:17:计|17:18:划|18:19:执|19:20:行|21:22:有|22:23:问|23:24:题|24:25:群|25:26:里|26:27:说,UNAVAILABLE,UNAVAILABLE,0,-67.68852,-67.68852,0,2,false,true,关于后选生城和上线计化，请按上线计划执行，有问题群里说。,raw,keep_raw:maxDelta=0<minDeltaToReplace=3||no_pick,3,关于后选生城和上线计化，请按上线计划执行，有问题群里说。,true,true,1,PASS,0.0011476942453627294,596,
d091,dialog_200,你好，我想点一杯燕麦拿铁，中杯，无糖。顺便问一下今天有贝果吗？,raw,你好，我想点一杯燕麦拿铁，中杯，无糖。顺便问一下今天有贝果吗？,2,true,false,0,baseline_raw_slot,UNAVAILABLE,UNAVAILABLE,UNAVAILABLE,-74.702095,-74.702095,0,1,true,true,你好，我想点一杯燕麦拿铁，中杯，无糖。顺便问一下今天有贝果吗？,raw,keep_raw:maxDelta=0<minDeltaToReplace=3||no_pick,3,你好，我想点一杯燕麦拿铁，中杯，无糖。顺便问一下今天有贝果吗？,true,true,1,PASS,0.0005694844121139484,644,
d091,dialog_200,你好，我想点一杯燕麦拿铁，中杯，无糖。顺便问一下今天有贝果吗？,candidate:0,你好，我想点一杯燕麦拿铁，中杯，无糖。顺便问一下今天有贝果吗？,2,true,false,26,0:1:你|1:2:好|3:4:我|4:5:想|5:6:点|6:7:一|7:8:杯|8:9:燕|9:10:麦|10:11:拿|11:12:铁|13:14:中|14:15:杯|16:17:无|17:18:糖|19:20:顺|20:21:便|21:22:问|22:23:一|23:24:下|24:25:今|25:26:天|26:27:有|27:28:贝|28:29:果|29:30:吗,UNAVAILABLE,UNAVAILABLE,0,-74.702095,-74.702095,0,2,false,true,你好，我想点一杯燕麦拿铁，中杯，无糖。顺便问一下今天有贝果吗？,raw,keep_raw:maxDelta=0<minDeltaToReplace=3||no_pick,3,你好，我想点一杯燕麦拿铁，中杯，无糖。顺便问一下今天有贝果吗？,true,true,1,PASS,0.0005694844121139484,644,
d092,dialog_200,麻烦帮我做一杯抹茶拿铁带走，大杯就行，谢谢。,raw,麻烦帮我做一杯抹茶拿铁带走，大杯就行，谢谢。,2,true,false,0,baseline_raw_slot,UNAVAILABLE,UNAVAILABLE,UNAVAILABLE,-51.366917,-51.366917,0,1,true,true,麻烦帮我做一杯抹茶拿铁带走，大杯就行，谢谢。,raw,keep_raw:maxDelta=0<minDeltaToReplace=3||no_pick,3,麻烦帮我做一杯抹茶拿铁带走，大杯就行，谢谢。,true,true,1,PASS,0.005842762296395309,654,
d092,dialog_200,麻烦帮我做一杯抹茶拿铁带走，大杯就行，谢谢。,candidate:0,麻烦帮我做一杯抹茶拿铁带走，大杯就行，谢谢。,2,true,false,19,0:1:麻|1:2:烦|2:3:帮|3:4:我|4:5:做|5:6:一|6:7:杯|7:8:抹|8:9:茶|9:10:拿|10:11:铁|11:12:带|12:13:走|14:15:大|15:16:杯|16:17:就|17:18:行|19:20:谢|20:21:谢,UNAVAILABLE,UNAVAILABLE,0,-51.366917,-51.366917,0,2,false,true,麻烦帮我做一杯抹茶拿铁带走，大杯就行，谢谢。,raw,keep_raw:maxDelta=0<minDeltaToReplace=3||no_pick,3,麻烦帮我做一杯抹茶拿铁带走，大杯就行，谢谢。,true,true,1,PASS,0.005842762296395309,654,
d093,dialog_200,请问这款冰美式可以少冰吗？我赶时间，小杯。,raw,请问这款冰美式可以少冰吗？我赶时间，小杯。,2,true,false,0,baseline_raw_slot,UNAVAILABLE,UNAVAILABLE,UNAVAILABLE,-47.40736,-47.40736,0,1,true,true,请问这款冰美式可以少冰吗？我赶时间，小杯。,raw,keep_raw:maxDelta=0<minDeltaToReplace=3||no_pick,3,请问这款冰美式可以少冰吗？我赶时间，小杯。,true,true,1,PASS,0.00865662537765483,645,
d093,dialog_200,请问这款冰美式可以少冰吗？我赶时间，小杯。,candidate:0,请问这款冰美式可以少冰吗？我赶时间，小杯。,2,true,false,18,0:1:请|1:2:问|2:3:这|3:4:款|4:5:冰|5:6:美|6:7:式|7:8:可|8:9:以|9:10:少|10:11:冰|11:12:吗|13:14:我|14:15:赶|15:16:时|16:17:间|18:19:小|19:20:杯,UNAVAILABLE,UNAVAILABLE,0,-47.40736,-47.40736,0,2,false,true,请问这款冰美式可以少冰吗？我赶时间，小杯。,raw,keep_raw:maxDelta=0<minDeltaToReplace=3||no_pick,3,请问这款冰美式可以少冰吗？我赶时间，小杯。,true,true,1,PASS,0.00865662537765483,645,
d094,dialog_200,小陈，客户反馈翻译引擎接口报错，我们能不能加缓存，下午三点前把结论发群里？,raw,小陈，客户反馈翻译引擎接口报错，我们能不能加缓存，下午三点前把结论发群里？,2,true,false,0,baseline_raw_slot,UNAVAILABLE,UNAVAILABLE,UNAVAILABLE,-87.34554,-87.34554,0,1,true,true,小陈，客户反馈翻译引擎接口报错，我们能不能加缓存，下午三点前把结论发群里？,raw,keep_raw:maxDelta=0<minDeltaToReplace=3||no_pick,3,小陈，客户反馈翻译引擎接口报错，我们能不能加缓存，下午三点前把结论发群里？,true,true,1,PASS,0.00016090202558192252,674,
d094,dialog_200,小陈，客户反馈翻译引擎接口报错，我们能不能加缓存，下午三点前把结论发群里？,candidate:0,小陈，客户反馈翻译引擎接口报错，我们能不能加缓存，下午三点前把结论发群里？,2,true,false,33,0:1:小|1:2:陈|3:4:客|4:5:户|5:6:反|6:7:馈|7:8:翻|8:9:译|9:10:引|10:11:擎|11:12:接|12:13:口|13:14:报|14:15:错|16:17:我|17:18:们|18:19:能|19:20:不|20:21:能|21:22:加|22:23:缓|23:24:存|25:26:下|26:27:午|27:28:三|28:29:点|29:30:前|30:31:把|31:32:结|32:33:论|33:34:发|34:35:群|35:36:里,UNAVAILABLE,UNAVAILABLE,0,-87.34554,-87.34554,0,2,false,true,小陈，客户反馈翻译引擎接口报错，我们能不能加缓存，下午三点前把结论发群里？,raw,keep_raw:maxDelta=0<minDeltaToReplace=3||no_pick,3,小陈，客户反馈翻译引擎接口报错，我们能不能加缓存，下午三点前把结论发群里？,true,true,1,PASS,0.00016090202558192252,674,
d095,dialog_200,今天的站会先过一下订单中台进度，内存占用高这块需要限流保护，大家看一下风险。,raw,今天的站会先过一下订单中台进度，内存占用高这块需要限流保护，大家看一下风险。,2,true,false,0,baseline_raw_slot,UNAVAILABLE,UNAVAILABLE,UNAVAILABLE,-79.48894,-79.48894,0,1,true,true,今天的站会先过一下订单中台进度，内存占用高这块需要限流保护，大家看一下风险。,raw,keep_raw:maxDelta=0<minDeltaToReplace=3||no_pick,3,今天的站会先过一下订单中台进度，内存占用高这块需要限流保护，大家看一下风险。,true,true,1,PASS,0.000352927822732824,680,
d095,dialog_200,今天的站会先过一下订单中台进度，内存占用高这块需要限流保护，大家看一下风险。,candidate:0,今天的站会先过一下订单中台进度，内存占用高这块需要限流保护，大家看一下风险。,2,true,false,35,0:1:今|1:2:天|2:3:的|3:4:站|4:5:会|5:6:先|6:7:过|7:8:一|8:9:下|9:10:订|10:11:单|11:12:中|12:13:台|13:14:进|14:15:度|16:17:内|17:18:存|18:19:占|19:20:用|20:21:高|21:22:这|22:23:块|23:24:需|24:25:要|25:26:限|26:27:流|27:28:保|28:29:护|30:31:大|31:32:家|32:33:看|33:34:一|34:35:下|35:36:风|36:37:险,UNAVAILABLE,UNAVAILABLE,0,-79.48894,-79.48894,0,2,false,true,今天的站会先过一下订单中台进度，内存占用高这块需要限流保护，大家看一下风险。,raw,keep_raw:maxDelta=0<minDeltaToReplace=3||no_pick,3,今天的站会先过一下订单中台进度，内存占用高这块需要限流保护，大家看一下风险。,true,true,1,PASS,0.000352927822732824,680,
d096,dialog_200,跟会员系统相关的需求我整理了一版，八点前请大家帮忙评审一下。,raw,跟会员系统相关的需求我整理了一版，八点前请大家帮忙评审一下。,2,true,false,0,baseline_raw_slot,UNAVAILABLE,UNAVAILABLE,UNAVAILABLE,-66.67136,-66.67136,0,1,true,true,跟会员系统相关的需求我整理了一版，八点前请大家帮忙评审一下。,raw,keep_raw:maxDelta=0<minDeltaToReplace=3||no_pick,3,跟会员系统相关的需求我整理了一版，八点前请大家帮忙评审一下。,true,true,1,PASS,0.00127042063041235,669,
d096,dialog_200,跟会员系统相关的需求我整理了一版，八点前请大家帮忙评审一下。,candidate:0,跟会员系统相关的需求我整理了一版，八点前请大家帮忙评审一下。,2,true,false,28,0:1:跟|1:2:会|2:3:员|3:4:系|4:5:统|5:6:相|6:7:关|7:8:的|8:9:需|9:10:求|10:11:我|11:12:整|12:13:理|13:14:了|14:15:一|15:16:版|17:18:八|18:19:点|19:20:前|20:21:请|21:22:大|22:23:家|23:24:帮|24:25:忙|25:26:评|26:27:审|27:28:一|28:29:下,UNAVAILABLE,UNAVAILABLE,0,-66.67136,-66.67136,0,2,false,true,跟会员系统相关的需求我整理了一版，八点前请大家帮忙评审一下。,raw,keep_raw:maxDelta=0<minDeltaToReplace=3||no_pick,3,跟会员系统相关的需求我整理了一版，八点前请大家帮忙评审一下。,true,true,1,PASS,0.00127042063041235,669,
d097,dialog_200,师傅，去中关村软件园，走四环。我赶九点半的会，要是堵车您提前跟我说。,raw,师傅，去中关村软件园，走四环。我赶九点半的会，要是堵车您提前跟我说。,2,true,false,0,baseline_raw_slot,UNAVAILABLE,UNAVAILABLE,UNAVAILABLE,-90.66718,-90.66718,0,1,true,true,师傅，去中关村软件园，走四环。我赶九点半的会，要是堵车您提前跟我说。,raw,keep_raw:maxDelta=0<minDeltaToReplace=3||no_pick,3,师傅，去中关村软件园，走四环。我赶九点半的会，要是堵车您提前跟我说。,true,true,1,PASS,0.00011543148146043544,645,
d097,dialog_200,师傅，去中关村软件园，走四环。我赶九点半的会，要是堵车您提前跟我说。,candidate:0,师傅，去中关村软件园，走四环。我赶九点半的会，要是堵车您提前跟我说。,2,true,false,29,0:1:师|1:2:傅|3:4:去|4:5:中|5:6:关|6:7:村|7:8:软|8:9:件|9:10:园|11:12:走|12:13:四|13:14:环|15:16:我|16:17:赶|17:18:九|18:19:点|19:20:半|20:21:的|21:22:会|23:24:要|24:25:是|25:26:堵|26:27:车|27:28:您|28:29:提|29:30:前|30:31:跟|31:32:我|32:33:说,UNAVAILABLE,UNAVAILABLE,0,-90.66718,-90.66718,0,2,false,true,师傅，去中关村软件园，走四环。我赶九点半的会，要是堵车您提前跟我说。,raw,keep_raw:maxDelta=0<minDeltaToReplace=3||no_pick,3,师傅，去中关村软件园，走四环。我赶九点半的会，要是堵车您提前跟我说。,true,true,1,PASS,0.00011543148146043544,645,
d098,dialog_200,麻烦送我到国贸三期南门，大概多久能到？我十点十分有个电话会。,raw,麻烦送我到国贸三期南门，大概多久能到？我十点十分有个电话会。,2,true,false,0,baseline_raw_slot,UNAVAILABLE,UNAVAILABLE,UNAVAILABLE,-77.58686,-77.58686,0,1,true,true,麻烦送我到国贸三期南门，大概多久能到？我十点十分有个电话会。,raw,keep_raw:maxDelta=0<minDeltaToReplace=3||no_pick,3,麻烦送我到国贸三期南门，大概多久能到？我十点十分有个电话会。,true,true,1,PASS,0.00042683504699825113,659,
d098,dialog_200,麻烦送我到国贸三期南门，大概多久能到？我十点十分有个电话会。,candidate:0,麻烦送我到国贸三期南门，大概多久能到？我十点十分有个电话会。,2,true,false,27,0:1:麻|1:2:烦|2:3:送|3:4:我|4:5:到|5:6:国|6:7:贸|7:8:三|8:9:期|9:10:南|10:11:门|12:13:大|13:14:概|14:15:多|15:16:久|16:17:能|17:18:到|19:20:我|20:21:十|21:22:点|22:23:十|23:24:分|24:25:有|25:26:个|26:27:电|27:28:话|28:29:会,UNAVAILABLE,UNAVAILABLE,0,-77.58686,-77.58686,0,2,false,true,麻烦送我到国贸三期南门，大概多久能到？我十点十分有个电话会。,raw,keep_raw:maxDelta=0<minDeltaToReplace=3||no_pick,3,麻烦送我到国贸三期南门，大概多久能到？我十点十分有个电话会。,true,true,1,PASS,0.00042683504699825113,659,
d099,dialog_200,去望京SOHO，不走机场高速可以吗？那边现在堵不堵？,raw,去望京SOHO，不走机场高速可以吗？那边现在堵不堵？,2,true,false,0,baseline_raw_slot,UNAVAILABLE,UNAVAILABLE,UNAVAILABLE,-69.10128,-69.10128,0,1,true,true,去望京SOHO，不走机场高速可以吗？那边现在堵不堵？,raw,keep_raw:maxDelta=0<minDeltaToReplace=3||no_pick,3,去望京SOHO，不走机场高速可以吗？那边现在堵不堵？,true,true,1,PASS,0.0009966358177774044,649,
d099,dialog_200,去望京SOHO，不走机场高速可以吗？那边现在堵不堵？,candidate:0,去望京SOHO，不走机场高速可以吗？那边现在堵不堵？,2,true,false,19,0:1:去|1:2:望|2:3:京|8:9:不|9:10:走|10:11:机|11:12:场|12:13:高|13:14:速|14:15:可|15:16:以|16:17:吗|18:19:那|19:20:边|20:21:现|21:22:在|22:23:堵|23:24:不|24:25:堵,UNAVAILABLE,UNAVAILABLE,0,-69.10128,-69.10128,0,2,false,true,去望京SOHO，不走机场高速可以吗？那边现在堵不堵？,raw,keep_raw:maxDelta=0<minDeltaToReplace=3||no_pick,3,去望京SOHO，不走机场高速可以吗？那边现在堵不堵？,true,true,1,PASS,0.0009966358177774044,649,
d100,dialog_200,医生您好，我这两天头痛，想开点药并做个血常规。,raw,医生您好，我这两天头痛，想开点药并做个血常规。,2,true,false,0,baseline_raw_slot,UNAVAILABLE,UNAVAILABLE,UNAVAILABLE,-59.09456,-59.09456,0,1,true,true,医生您好，我这两天头痛，想开点药并做个血常规。,raw,keep_raw:maxDelta=0<minDeltaToReplace=3||no_pick,3,医生您好，我这两天头痛，想开点药并做个血常规。,true,true,1,PASS,0.002706318682330566,655,
d100,dialog_200,医生您好，我这两天头痛，想开点药并做个血常规。,candidate:0,医生您好，我这两天头痛，想开点药并做个血常规。,2,true,false,20,0:1:医|1:2:生|2:3:您|3:4:好|5:6:我|6:7:这|7:8:两|8:9:天|9:10:头|10:11:痛|12:13:想|13:14:开|14:15:点|15:16:药|16:17:并|17:18:做|18:19:个|19:20:血|20:21:常|21:22:规,UNAVAILABLE,UNAVAILABLE,0,-59.09456,-59.09456,0,2,false,true,医生您好，我这两天头痛，想开点药并做个血常规。,raw,keep_raw:maxDelta=0<minDeltaToReplace=3||no_pick,3,医生您好，我这两天头痛，想开点药并做个血常规。,true,true,1,PASS,0.002706318682330566,655,
d101,dialog_200,挂号处请问内科还有号吗？我胃不舒服，昨晚开始的。,raw,挂号处请问内科还有号吗？我胃不舒服，昨晚开始的。,2,true,false,0,baseline_raw_slot,UNAVAILABLE,UNAVAILABLE,UNAVAILABLE,-59.526306,-59.526306,0,1,true,true,挂号处请问内科还有号吗？我胃不舒服，昨晚开始的。,raw,keep_raw:maxDelta=0<minDeltaToReplace=3||no_pick,3,挂号处请问内科还有号吗？我胃不舒服，昨晚开始的。,true,true,1,PASS,0.00259225733988629,606,
d101,dialog_200,挂号处请问内科还有号吗？我胃不舒服，昨晚开始的。,candidate:0,挂号处请问内科还有号吗？我胃不舒服，昨晚开始的。,2,true,false,21,0:1:挂|1:2:号|2:3:处|3:4:请|4:5:问|5:6:内|6:7:科|7:8:还|8:9:有|9:10:号|10:11:吗|12:13:我|13:14:胃|14:15:不|15:16:舒|16:17:服|18:19:昨|19:20:晚|20:21:开|21:22:始|22:23:的,UNAVAILABLE,UNAVAILABLE,0,-59.526306,-59.526306,0,2,false,true,挂号处请问内科还有号吗？我胃不舒服，昨晚开始的。,raw,keep_raw:maxDelta=0<minDeltaToReplace=3||no_pick,3,挂号处请问内科还有号吗？我胃不舒服，昨晚开始的。,true,true,1,PASS,0.00259225733988629,606,
d102,dialog_200,这个检查报告什么时候能出？我过敏发痒，需要请假休息吗？,raw,这个检查报告什么时候能出？我过敏发痒，需要请假休息吗？,2,true,false,0,baseline_raw_slot,UNAVAILABLE,UNAVAILABLE,UNAVAILABLE,-58.017326,-58.017326,0,1,true,true,这个检查报告什么时候能出？我过敏发痒，需要请假休息吗？,raw,keep_raw:maxDelta=0<minDeltaToReplace=3||no_pick,3,这个检查报告什么时候能出？我过敏发痒，需要请假休息吗？,true,true,1,PASS,0.00301320688901411,612,
d102,dialog_200,这个检查报告什么时候能出？我过敏发痒，需要请假休息吗？,candidate:0,这个检查报告什么时候能出？我过敏发痒，需要请假休息吗？,2,true,false,24,0:1:这|1:2:个|2:3:检|3:4:查|4:5:报|5:6:告|6:7:什|7:8:么|8:9:时|9:10:候|10:11:能|11:12:出|13:14:我|14:15:过|15:16:敏|16:17:发|17:18:痒|19:20:需|20:21:要|21:22:请|22:23:假|23:24:休|24:25:息|25:26:吗,UNAVAILABLE,UNAVAILABLE,0,-58.017326,-58.017326,0,2,false,true,这个检查报告什么时候能出？我过敏发痒，需要请假休息吗？,raw,keep_raw:maxDelta=0<minDeltaToReplace=3||no_pick,3,这个检查报告什么时候能出？我过敏发痒，需要请假休息吗？,true,true,1,PASS,0.00301320688901411,612,
d103,dialog_200,这件外套能试穿吗？我穿中码。买两件有没有折扣？,raw,这件外套能试穿吗？我穿中码。买两件有没有折扣？,2,true,false,0,baseline_raw_slot,UNAVAILABLE,UNAVAILABLE,UNAVAILABLE,-69.64273,-69.64273,0,1,true,true,这件外套能试穿吗？我穿中码。买两件有没有折扣？,raw,keep_raw:maxDelta=0<minDeltaToReplace=3||no_pick,3,这件外套能试穿吗？我穿中码。买两件有没有折扣？,true,true,1,PASS,0.0009441574613428574,602,
d103,dialog_200,这件外套能试穿吗？我穿中码。买两件有没有折扣？,candidate:0,这件外套能试穿吗？我穿中码。买两件有没有折扣？,2,true,false,20,0:1:这|1:2:件|2:3:外|3:4:套|4:5:能|5:6:试|6:7:穿|7:8:吗|9:10:我|10:11:穿|11:12:中|12:13:码|14:15:买|15:16:两|16:17:件|17:18:有|18:19:没|19:20:有|20:21:折|21:22:扣,UNAVAILABLE,UNAVAILABLE,0,-69.64273,-69.64273,0,2,false,true,这件外套能试穿吗？我穿中码。买两件有没有折扣？,raw,keep_raw:maxDelta=0<minDeltaToReplace=3||no_pick,3,这件外套能试穿吗？我穿中码。买两件有没有折扣？,true,true,1,PASS,0.0009441574613428574,602,
d104,dialog_200,请问这双鞋有四十码吗？不合适三天内可以退换吧？,raw,请问这双鞋有四十码吗？不合适三天内可以退换吧？,2,true,false,0,baseline_raw_slot,UNAVAILABLE,UNAVAILABLE,UNAVAILABLE,-58.418938,-58.418938,0,1,true,true,请问这双鞋有四十码吗？不合适三天内可以退换吧？,raw,keep_raw:maxDelta=0<minDeltaToReplace=3||no_pick,3,请问这双鞋有四十码吗？不合适三天内可以退换吧？,true,true,1,PASS,0.0028949340973298157,628,
d104,dialog_200,请问这双鞋有四十码吗？不合适三天内可以退换吧？,candidate:0,请问这双鞋有四十码吗？不合适三天内可以退换吧？,2,true,false,21,0:1:请|1:2:问|2:3:这|3:4:双|4:5:鞋|5:6:有|6:7:四|7:8:十|8:9:码|9:10:吗|11:12:不|12:13:合|13:14:适|14:15:三|15:16:天|16:17:内|17:18:可|18:19:以|19:20:退|20:21:换|21:22:吧,UNAVAILABLE,UNAVAILABLE,0,-58.418938,-58.418938,0,2,false,true,请问这双鞋有四十码吗？不合适三天内可以退换吧？,raw,keep_raw:maxDelta=0<minDeltaToReplace=3||no_pick,3,请问这双鞋有四十码吗？不合适三天内可以退换吧？,true,true,1,PASS,0.0028949340973298157,628,
d105,dialog_200,我想对比一下这两款订单中台的价格，会员日能再减一点吗？,raw,我想对比一下这两款订单中台的价格，会员日能再减一点吗？,2,true,false,0,baseline_raw_slot,UNAVAILABLE,UNAVAILABLE,UNAVAILABLE,-53.12734,-53.12734,0,1,true,true,我想对比一下这两款订单中台的价格，会员日能再减一点吗？,raw,keep_raw:maxDelta=0<minDeltaToReplace=3||no_pick,3,我想对比一下这两款订单中台的价格，会员日能再减一点吗？,true,true,1,PASS,0.004904263603850251,619,
d105,dialog_200,我想对比一下这两款订单中台的价格，会员日能再减一点吗？,candidate:0,我想对比一下这两款订单中台的价格，会员日能再减一点吗？,2,true,false,25,0:1:我|1:2:想|2:3:对|3:4:比|4:5:一|5:6:下|6:7:这|7:8:两|8:9:款|9:10:订|10:11:单|11:12:中|12:13:台|13:14:的|14:15:价|15:16:格|17:18:会|18:19:员|19:20:日|20:21:能|21:22:再|22:23:减|23:24:一|24:25:点|25:26:吗,UNAVAILABLE,UNAVAILABLE,0,-53.12734,-53.12734,0,2,false,true,我想对比一下这两款订单中台的价格，会员日能再减一点吗？,raw,keep_raw:maxDelta=0<minDeltaToReplace=3||no_pick,3,我想对比一下这两款订单中台的价格，会员日能再减一点吗？,true,true,1,PASS,0.004904263603850251,619,
d106,dialog_200,周末要不要去江边骑行？天气预报说周日多云，记得带水。,raw,周末要不要去江边骑行？天气预报说周日多云，记得带水。,2,true,false,0,baseline_raw_slot,UNAVAILABLE,UNAVAILABLE,UNAVAILABLE,-58.115017,-58.115017,0,1,true,true,周末要不要去江边骑行？天气预报说周日多云，记得带水。,raw,keep_raw:maxDelta=0<minDeltaToReplace=3||no_pick,3,周末要不要去江边骑行？天气预报说周日多云，记得带水。,true,true,1,PASS,0.002984001296059052,613,
d106,dialog_200,周末要不要去江边骑行？天气预报说周日多云，记得带水。,candidate:0,周末要不要去江边骑行？天气预报说周日多云，记得带水。,2,true,false,23,0:1:周|1:2:末|2:3:要|3:4:不|4:5:要|5:6:去|6:7:江|7:8:边|8:9:骑|9:10:行|11:12:天|12:13:气|13:14:预|14:15:报|15:16:说|16:17:周|17:18:日|18:19:多|19:20:云|21:22:记|22:23:得|23:24:带|24:25:水,UNAVAILABLE,UNAVAILABLE,0,-58.115017,-58.115017,0,2,false,true,周末要不要去江边骑行？天气预报说周日多云，记得带水。,raw,keep_raw:maxDelta=0<minDeltaToReplace=3||no_pick,3,周末要不要去江边骑行？天气预报说周日多云，记得带水。,true,true,1,PASS,0.002984001296059052,613,
d107,dialog_200,晚上一起吃饭吗？我知道一家川菜不错，大概七点到。,raw,晚上一起吃饭吗？我知道一家川菜不错，大概七点到。,2,true,false,0,baseline_raw_slot,UNAVAILABLE,UNAVAILABLE,UNAVAILABLE,-51.801636,-51.801636,0,1,true,true,晚上一起吃饭吗？我知道一家川菜不错，大概七点到。,raw,keep_raw:maxDelta=0<minDeltaToReplace=3||no_pick,3,晚上一起吃饭吗？我知道一家川菜不错，大概七点到。,true,true,1,PASS,0.005595598833420917,626,
d107,dialog_200,晚上一起吃饭吗？我知道一家川菜不错，大概七点到。,candidate:0,晚上一起吃饭吗？我知道一家川菜不错，大概七点到。,2,true,false,21,0:1:晚|1:2:上|2:3:一|3:4:起|4:5:吃|5:6:饭|6:7:吗|8:9:我|9:10:知|10:11:道|11:12:一|12:13:家|13:14:川|14:15:菜|15:16:不|16:17:错|18:19:大|19:20:概|20:21:七|21:22:点|22:23:到,UNAVAILABLE,UNAVAILABLE,0,-51.801636,-51.801636,0,2,false,true,晚上一起吃饭吗？我知道一家川菜不错，大概七点到。,raw,keep_raw:maxDelta=0<minDeltaToReplace=3||no_pick,3,晚上一起吃饭吗？我知道一家川菜不错，大概七点到。,true,true,1,PASS,0.005595598833420917,626,
d108,dialog_200,你最近忙不忙？想找你看下手机备份怎么设置。,raw,你最近忙不忙？想找你看下手机备份怎么设置。,2,true,false,0,baseline_raw_slot,UNAVAILABLE,UNAVAILABLE,UNAVAILABLE,-50.938538,-50.938538,0,1,true,true,你最近忙不忙？想找你看下手机备份怎么设置。,raw,keep_raw:maxDelta=0<minDeltaToReplace=3||no_pick,3,你最近忙不忙？想找你看下手机备份怎么设置。,true,true,1,PASS,0.006096933157180564,587,
d108,dialog_200,你最近忙不忙？想找你看下手机备份怎么设置。,candidate:0,你最近忙不忙？想找你看下手机备份怎么设置。,2,true,false,19,0:1:你|1:2:最|2:3:近|3:4:忙|4:5:不|5:6:忙|7:8:想|8:9:找|9:10:你|10:11:看|11:12:下|12:13:手|13:14:机|14:15:备|15:16:份|16:17:怎|17:18:么|18:19:设|19:20:置,UNAVAILABLE,UNAVAILABLE,0,-50.938538,-50.938538,0,2,false,true,你最近忙不忙？想找你看下手机备份怎么设置。,raw,keep_raw:maxDelta=0<minDeltaToReplace=3||no_pick,3,你最近忙不忙？想找你看下手机备份怎么设置。,true,true,1,PASS,0.006096933157180564,587,
d109,dialog_200,今天我们团队要讨论后选生城相关的后选生城流程和上线计化安排，请研发一起评估风险。,raw,今天我们团队要讨论后选生城相关的后选生城流程和上线计化安排，请研发一起评估风险。,2,true,false,0,baseline_raw_slot,UNAVAILABLE,UNAVAILABLE,UNAVAILABLE,-91.69639,-91.69639,0,1,true,true,今天我们团队要讨论后选生城相关的后选生城流程和上线计化安排，请研发一起评估风险。,raw,keep_raw:maxDelta=0<minDeltaToReplace=3||no_pick,3,今天我们团队要讨论后选生城相关的后选生城流程和上线计化安排，请研发一起评估风险。,true,true,1,PASS,0.00010414325562876795,666,
d109,dialog_200,今天我们团队要讨论后选生城相关的后选生城流程和上线计化安排，请研发一起评估风险。,candidate:0,今天我们团队要讨论后选生城相关的后选生城流程和上线计化安排，请研发一起评估风险。,2,true,false,38,0:1:今|1:2:天|2:3:我|3:4:们|4:5:团|5:6:队|6:7:要|7:8:讨|8:9:论|9:10:后|10:11:选|11:12:生|12:13:城|13:14:相|14:15:关|15:16:的|16:17:后|17:18:选|18:19:生|19:20:城|20:21:流|21:22:程|22:23:和|23:24:上|24:25:线|25:26:计|26:27:化|27:28:安|28:29:排|30:31:请|31:32:研|32:33:发|33:34:一|34:35:起|35:36:评|36:37:估|37:38:风|38:39:险,UNAVAILABLE,UNAVAILABLE,0,-91.69639,-91.69639,0,2,false,true,今天我们团队要讨论后选生城相关的后选生城流程和上线计化安排，请研发一起评估风险。,raw,keep_raw:maxDelta=0<minDeltaToReplace=3||no_pick,3,今天我们团队要讨论后选生城相关的后选生城流程和上线计化安排，请研发一起评估风险。,true,true,1,PASS,0.00010414325562876795,666,
d110,dialog_200,这次发布我们先对齐上线计划窗口，后选生城模块需要联调，别漏掉回归。,raw,这次发布我们先对齐上线计划窗口，后选生城模块需要联调，别漏掉回归。,2,true,false,0,baseline_raw_slot,UNAVAILABLE,UNAVAILABLE,UNAVAILABLE,-79.759705,-79.759705,0,1,true,true,这次发布我们先对齐上线计划窗口，后选生城模块需要联调，别漏掉回归。,raw,keep_raw:maxDelta=0<minDeltaToReplace=3||no_pick,3,这次发布我们先对齐上线计划窗口，后选生城模块需要联调，别漏掉回归。,true,true,1,PASS,0.0003435032234423731,686,
d110,dialog_200,这次发布我们先对齐上线计划窗口，后选生城模块需要联调，别漏掉回归。,candidate:0,这次发布我们先对齐上线计划窗口，后选生城模块需要联调，别漏掉回归。,2,true,false,30,0:1:这|1:2:次|2:3:发|3:4:布|4:5:我|5:6:们|6:7:先|7:8:对|8:9:齐|9:10:上|10:11:线|11:12:计|12:13:划|13:14:窗|14:15:口|16:17:后|17:18:选|18:19:生|19:20:城|20:21:模|21:22:块|22:23:需|23:24:要|24:25:联|25:26:调|27:28:别|28:29:漏|29:30:掉|30:31:回|31:32:归,UNAVAILABLE,UNAVAILABLE,0,-79.759705,-79.759705,0,2,false,true,这次发布我们先对齐上线计划窗口，后选生城模块需要联调，别漏掉回归。,raw,keep_raw:maxDelta=0<minDeltaToReplace=3||no_pick,3,这次发布我们先对齐上线计划窗口，后选生城模块需要联调，别漏掉回归。,true,true,1,PASS,0.0003435032234423731,686,
d111,dialog_200,会上提到候选生成链路要加监控，上线计划文档我下午更新一版。,raw,会上提到候选生成链路要加监控，上线计划文档我下午更新一版。,2,true,false,0,baseline_raw_slot,UNAVAILABLE,UNAVAILABLE,UNAVAILABLE,-72.960945,-72.960945,0,1,true,true,会上提到候选生成链路要加监控，上线计划文档我下午更新一版。,raw,keep_raw:maxDelta=0<minDeltaToReplace=3||no_pick,3,会上提到候选生成链路要加监控，上线计划文档我下午更新一版。,true,true,1,PASS,0.0006777226311076127,659,
d111,dialog_200,会上提到候选生成链路要加监控，上线计划文档我下午更新一版。,candidate:0,会上提到候选生成链路要加监控，上线计划文档我下午更新一版。,2,true,false,27,0:1:会|1:2:上|2:3:提|3:4:到|4:5:候|5:6:选|6:7:生|7:8:成|8:9:链|9:10:路|10:11:要|11:12:加|12:13:监|13:14:控|15:16:上|16:17:线|17:18:计|18:19:划|19:20:文|20:21:档|21:22:我|22:23:下|23:24:午|24:25:更|25:26:新|26:27:一|27:28:版,UNAVAILABLE,UNAVAILABLE,0,-72.960945,-72.960945,0,2,false,true,会上提到候选生成链路要加监控，上线计划文档我下午更新一版。,raw,keep_raw:maxDelta=0<minDeltaToReplace=3||no_pick,3,会上提到候选生成链路要加监控，上线计划文档我下午更新一版。,true,true,1,PASS,0.0006777226311076127,659,
d112,dialog_200,您好，我订单显示已发货但物流三天没更新，能帮我查一下吗？,raw,您好，我订单显示已发货但物流三天没更新，能帮我查一下吗？,2,true,false,0,baseline_raw_slot,UNAVAILABLE,UNAVAILABLE,UNAVAILABLE,-62.1703,-62.1703,0,1,true,true,您好，我订单显示已发货但物流三天没更新，能帮我查一下吗？,raw,keep_raw:maxDelta=0<minDeltaToReplace=3||no_pick,3,您好，我订单显示已发货但物流三天没更新，能帮我查一下吗？,true,true,1,PASS,0.0019911893123534517,681,
d112,dialog_200,您好，我订单显示已发货但物流三天没更新，能帮我查一下吗？,candidate:0,您好，我订单显示已发货但物流三天没更新，能帮我查一下吗？,2,true,false,25,0:1:您|1:2:好|3:4:我|4:5:订|5:6:单|6:7:显|7:8:示|8:9:已|9:10:发|10:11:货|11:12:但|12:13:物|13:14:流|14:15:三|15:16:天|16:17:没|17:18:更|18:19:新|20:21:能|21:22:帮|22:23:我|23:24:查|24:25:一|25:26:下|26:27:吗,UNAVAILABLE,UNAVAILABLE,0,-62.1703,-62.1703,0,2,false,true,您好，我订单显示已发货但物流三天没更新，能帮我查一下吗？,raw,keep_raw:maxDelta=0<minDeltaToReplace=3||no_pick,3,您好，我订单显示已发货但物流三天没更新，能帮我查一下吗？,true,true,1,PASS,0.0019911893123534517,681,
d113,dialog_200,想改一下收货地址，还来得及吗？麻烦尽快处理，谢谢。,raw,想改一下收货地址，还来得及吗？麻烦尽快处理，谢谢。,2,true,false,0,baseline_raw_slot,UNAVAILABLE,UNAVAILABLE,UNAVAILABLE,-51.871246,-51.871246,0,1,true,true,想改一下收货地址，还来得及吗？麻烦尽快处理，谢谢。,raw,keep_raw:maxDelta=0<minDeltaToReplace=3||no_pick,3,想改一下收货地址，还来得及吗？麻烦尽快处理，谢谢。,true,true,1,PASS,0.005556998823599067,666,
d113,dialog_200,想改一下收货地址，还来得及吗？麻烦尽快处理，谢谢。,candidate:0,想改一下收货地址，还来得及吗？麻烦尽快处理，谢谢。,2,true,false,21,0:1:想|1:2:改|2:3:一|3:4:下|4:5:收|5:6:货|6:7:地|7:8:址|9:10:还|10:11:来|11:12:得|12:13:及|13:14:吗|15:16:麻|16:17:烦|17:18:尽|18:19:快|19:20:处|20:21:理|22:23:谢|23:24:谢,UNAVAILABLE,UNAVAILABLE,0,-51.871246,-51.871246,0,2,false,true,想改一下收货地址，还来得及吗？麻烦尽快处理，谢谢。,raw,keep_raw:maxDelta=0<minDeltaToReplace=3||no_pick,3,想改一下收货地址，还来得及吗？麻烦尽快处理，谢谢。,true,true,1,PASS,0.005556998823599067,666,
d114,dialog_200,发票抬头开错了，能重新开具电子发票吗？,raw,发票抬头开错了，能重新开具电子发票吗？,2,true,false,0,baseline_raw_slot,UNAVAILABLE,UNAVAILABLE,UNAVAILABLE,-44.610264,-44.610264,0,1,true,true,发票抬头开错了，能重新开具电子发票吗？,raw,keep_raw:maxDelta=0<minDeltaToReplace=3||no_pick,3,发票抬头开错了，能重新开具电子发票吗？,true,true,1,PASS,0.011418611078732313,660,
d114,dialog_200,发票抬头开错了，能重新开具电子发票吗？,candidate:0,发票抬头开错了，能重新开具电子发票吗？,2,true,false,17,0:1:发|1:2:票|2:3:抬|3:4:头|4:5:开|5:6:错|6:7:了|8:9:能|9:10:重|10:11:新|11:12:开|12:13:具|13:14:电|14:15:子|15:16:发|16:17:票|17:18:吗,UNAVAILABLE,UNAVAILABLE,0,-44.610264,-44.610264,0,2,false,true,发票抬头开错了，能重新开具电子发票吗？,raw,keep_raw:maxDelta=0<minDeltaToReplace=3||no_pick,3,发票抬头开错了，能重新开具电子发票吗？,true,true,1,PASS,0.011418611078732313,660,
d115,dialog_200,请简单介绍一下你上一段项目里负责的核心模块和难点。,raw,请简单介绍一下你上一段项目里负责的核心模块和难点。,2,true,false,0,baseline_raw_slot,UNAVAILABLE,UNAVAILABLE,UNAVAILABLE,-45.320557,-45.320557,0,1,true,true,请简单介绍一下你上一段项目里负责的核心模块和难点。,raw,keep_raw:maxDelta=0<minDeltaToReplace=3||no_pick,3,请简单介绍一下你上一段项目里负责的核心模块和难点。,true,true,1,PASS,0.010644022886326873,681,
d115,dialog_200,请简单介绍一下你上一段项目里负责的核心模块和难点。,candidate:0,请简单介绍一下你上一段项目里负责的核心模块和难点。,2,true,false,24,0:1:请|1:2:简|2:3:单|3:4:介|4:5:绍|5:6:一|6:7:下|7:8:你|8:9:上|9:10:一|10:11:段|11:12:项|12:13:目|13:14:里|14:15:负|15:16:责|16:17:的|17:18:核|18:19:心|19:20:模|20:21:块|21:22:和|22:23:难|23:24:点,UNAVAILABLE,UNAVAILABLE,0,-45.320557,-45.320557,0,2,false,true,请简单介绍一下你上一段项目里负责的核心模块和难点。,raw,keep_raw:maxDelta=0<minDeltaToReplace=3||no_pick,3,请简单介绍一下你上一段项目里负责的核心模块和难点。,true,true,1,PASS,0.010644022886326873,681,
d116,dialog_200,你如何看待跨团队协作？遇到需求变更一般怎么处理？,raw,你如何看待跨团队协作？遇到需求变更一般怎么处理？,2,true,false,0,baseline_raw_slot,UNAVAILABLE,UNAVAILABLE,UNAVAILABLE,-48.314133,-48.314133,0,1,true,true,你如何看待跨团队协作？遇到需求变更一般怎么处理？,raw,keep_raw:maxDelta=0<minDeltaToReplace=3||no_pick,3,你如何看待跨团队协作？遇到需求变更一般怎么处理？,true,true,1,PASS,0.007912140652346748,671,
d116,dialog_200,你如何看待跨团队协作？遇到需求变更一般怎么处理？,candidate:0,你如何看待跨团队协作？遇到需求变更一般怎么处理？,2,true,false,22,0:1:你|1:2:如|2:3:何|3:4:看|4:5:待|5:6:跨|6:7:团|7:8:队|8:9:协|9:10:作|11:12:遇|12:13:到|13:14:需|14:15:求|15:16:变|16:17:更|17:18:一|18:19:般|19:20:怎|20:21:么|21:22:处|22:23:理,UNAVAILABLE,UNAVAILABLE,0,-48.314133,-48.314133,0,2,false,true,你如何看待跨团队协作？遇到需求变更一般怎么处理？,raw,keep_raw:maxDelta=0<minDeltaToReplace=3||no_pick,3,你如何看待跨团队协作？遇到需求变更一般怎么处理？,true,true,1,PASS,0.007912140652346748,671,
d117,dialog_200,期望薪资这块我们可以再沟通，你最快什么时候能入职？,raw,期望薪资这块我们可以再沟通，你最快什么时候能入职？,2,true,false,0,baseline_raw_slot,UNAVAILABLE,UNAVAILABLE,UNAVAILABLE,-52.065495,-52.065495,0,1,true,true,期望薪资这块我们可以再沟通，你最快什么时候能入职？,raw,keep_raw:maxDelta=0<minDeltaToReplace=3||no_pick,3,期望薪资这块我们可以再沟通，你最快什么时候能入职？,true,true,1,PASS,0.005450679014957689,659,
d117,dialog_200,期望薪资这块我们可以再沟通，你最快什么时候能入职？,candidate:0,期望薪资这块我们可以再沟通，你最快什么时候能入职？,2,true,false,23,0:1:期|1:2:望|2:3:薪|3:4:资|4:5:这|5:6:块|6:7:我|7:8:们|8:9:可|9:10:以|10:11:再|11:12:沟|12:13:通|14:15:你|15:16:最|16:17:快|17:18:什|18:19:么|19:20:时|20:21:候|21:22:能|22:23:入|23:24:职,UNAVAILABLE,UNAVAILABLE,0,-52.065495,-52.065495,0,2,false,true,期望薪资这块我们可以再沟通，你最快什么时候能入职？,raw,keep_raw:maxDelta=0<minDeltaToReplace=3||no_pick,3,期望薪资这块我们可以再沟通，你最快什么时候能入职？,true,true,1,PASS,0.005450679014957689,659,
d118,dialog_200,老师，这道题的解题步骤能不能再讲一遍？我没听懂第二点。,raw,老师，这道题的解题步骤能不能再讲一遍？我没听懂第二点。,2,true,false,0,baseline_raw_slot,UNAVAILABLE,UNAVAILABLE,UNAVAILABLE,-58.532764,-58.532764,0,1,true,true,老师，这道题的解题步骤能不能再讲一遍？我没听懂第二点。,raw,keep_raw:maxDelta=0<minDeltaToReplace=3||no_pick,3,老师，这道题的解题步骤能不能再讲一遍？我没听懂第二点。,true,true,1,PASS,0.0028622628321273206,650,
d118,dialog_200,老师，这道题的解题步骤能不能再讲一遍？我没听懂第二点。,candidate:0,老师，这道题的解题步骤能不能再讲一遍？我没听懂第二点。,2,true,false,24,0:1:老|1:2:师|3:4:这|4:5:道|5:6:题|6:7:的|7:8:解|8:9:题|9:10:步|10:11:骤|11:12:能|12:13:不|13:14:能|14:15:再|15:16:讲|16:17:一|17:18:遍|19:20:我|20:21:没|21:22:听|22:23:懂|23:24:第|24:25:二|25:26:点,UNAVAILABLE,UNAVAILABLE,0,-58.532764,-58.532764,0,2,false,true,老师，这道题的解题步骤能不能再讲一遍？我没听懂第二点。,raw,keep_raw:maxDelta=0<minDeltaToReplace=3||no_pick,3,老师，这道题的解题步骤能不能再讲一遍？我没听懂第二点。,true,true,1,PASS,0.0028622628321273206,650,
d119,dialog_200,作业是下周一下午交吗？可以电子版提交吗？,raw,作业是下周一下午交吗？可以电子版提交吗？,2,true,false,0,baseline_raw_slot,UNAVAILABLE,UNAVAILABLE,UNAVAILABLE,-48.02359,-48.02359,0,1,true,true,作业是下周一下午交吗？可以电子版提交吗？,raw,keep_raw:maxDelta=0<minDeltaToReplace=3||no_pick,3,作业是下周一下午交吗？可以电子版提交吗？,true,true,1,PASS,0.008143494964131795,641,
d119,dialog_200,作业是下周一下午交吗？可以电子版提交吗？,candidate:0,作业是下周一下午交吗？可以电子版提交吗？,2,true,false,18,0:1:作|1:2:业|2:3:是|3:4:下|4:5:周|5:6:一|6:7:下|7:8:午|8:9:交|9:10:吗|11:12:可|12:13:以|13:14:电|14:15:子|15:16:版|16:17:提|17:18:交|18:19:吗,UNAVAILABLE,UNAVAILABLE,0,-48.02359,-48.02359,0,2,false,true,作业是下周一下午交吗？可以电子版提交吗？,raw,keep_raw:maxDelta=0<minDeltaToReplace=3||no_pick,3,作业是下周一下午交吗？可以电子版提交吗？,true,true,1,PASS,0.008143494964131795,641,
d120,dialog_200,请问这门课期末是开卷还是闭卷？重点会划吗？,raw,请问这门课期末是开卷还是闭卷？重点会划吗？,2,true,false,0,baseline_raw_slot,UNAVAILABLE,UNAVAILABLE,UNAVAILABLE,-56.10478,-56.10478,0,1,true,true,请问这门课期末是开卷还是闭卷？重点会划吗？,raw,keep_raw:maxDelta=0<minDeltaToReplace=3||no_pick,3,请问这门课期末是开卷还是闭卷？重点会划吗？,true,true,1,PASS,0.0036459779853825576,615,
d120,dialog_200,请问这门课期末是开卷还是闭卷？重点会划吗？,candidate:0,请问这门课期末是开卷还是闭卷？重点会划吗？,2,true,false,19,0:1:请|1:2:问|2:3:这|3:4:门|4:5:课|5:6:期|6:7:末|7:8:是|8:9:开|9:10:卷|10:11:还|11:12:是|12:13:闭|13:14:卷|15:16:重|16:17:点|17:18:会|18:19:划|19:20:吗,UNAVAILABLE,UNAVAILABLE,0,-56.10478,-56.10478,0,2,false,true,请问这门课期末是开卷还是闭卷？重点会划吗？,raw,keep_raw:maxDelta=0<minDeltaToReplace=3||no_pick,3,请问这门课期末是开卷还是闭卷？重点会划吗？,true,true,1,PASS,0.0036459779853825576,615,
d121,dialog_200,我预订的是大床房，能安排安静一点的楼层吗？,raw,我预订的是大床房，能安排安静一点的楼层吗？,2,true,false,0,baseline_raw_slot,UNAVAILABLE,UNAVAILABLE,UNAVAILABLE,-52.113697,-52.113697,0,1,true,true,我预订的是大床房，能安排安静一点的楼层吗？,raw,keep_raw:maxDelta=0<minDeltaToReplace=3||no_pick,3,我预订的是大床房，能安排安静一点的楼层吗？,true,true,1,PASS,0.005424611051616075,611,
d121,dialog_200,我预订的是大床房，能安排安静一点的楼层吗？,candidate:0,我预订的是大床房，能安排安静一点的楼层吗？,2,true,false,19,0:1:我|1:2:预|2:3:订|3:4:的|4:5:是|5:6:大|6:7:床|7:8:房|9:10:能|10:11:安|11:12:排|12:13:安|13:14:静|14:15:一|15:16:点|16:17:的|17:18:楼|18:19:层|19:20:吗,UNAVAILABLE,UNAVAILABLE,0,-52.113697,-52.113697,0,2,false,true,我预订的是大床房，能安排安静一点的楼层吗？,raw,keep_raw:maxDelta=0<minDeltaToReplace=3||no_pick,3,我预订的是大床房，能安排安静一点的楼层吗？,true,true,1,PASS,0.005424611051616075,611,
d122,dialog_200,早餐几点开始？退房可以延迟到下午两点吗？,raw,早餐几点开始？退房可以延迟到下午两点吗？,2,true,false,0,baseline_raw_slot,UNAVAILABLE,UNAVAILABLE,UNAVAILABLE,-44.78779,-44.78779,0,1,true,true,早餐几点开始？退房可以延迟到下午两点吗？,raw,keep_raw:maxDelta=0<minDeltaToReplace=3||no_pick,3,早餐几点开始？退房可以延迟到下午两点吗？,true,true,1,PASS,0.011219944084340877,626,
d122,dialog_200,早餐几点开始？退房可以延迟到下午两点吗？,candidate:0,早餐几点开始？退房可以延迟到下午两点吗？,2,true,false,18,0:1:早|1:2:餐|2:3:几|3:4:点|4:5:开|5:6:始|7:8:退|8:9:房|9:10:可|10:11:以|11:12:延|12:13:迟|13:14:到|14:15:下|15:16:午|16:17:两|17:18:点|18:19:吗,UNAVAILABLE,UNAVAILABLE,0,-44.78779,-44.78779,0,2,false,true,早餐几点开始？退房可以延迟到下午两点吗？,raw,keep_raw:maxDelta=0<minDeltaToReplace=3||no_pick,3,早餐几点开始？退房可以延迟到下午两点吗？,true,true,1,PASS,0.011219944084340877,626,
d123,dialog_200,房间空调不太制冷，能派人上来看一下吗？,raw,房间空调不太制冷，能派人上来看一下吗？,2,true,false,0,baseline_raw_slot,UNAVAILABLE,UNAVAILABLE,UNAVAILABLE,-44.65195,-44.65195,0,1,true,true,房间空调不太制冷，能派人上来看一下吗？,raw,keep_raw:maxDelta=0<minDeltaToReplace=3||no_pick,3,房间空调不太制冷，能派人上来看一下吗？,true,true,1,PASS,0.011371650690406323,602,
d123,dialog_200,房间空调不太制冷，能派人上来看一下吗？,candidate:0,房间空调不太制冷，能派人上来看一下吗？,2,true,false,17,0:1:房|1:2:间|2:3:空|3:4:调|4:5:不|5:6:太|6:7:制|7:8:冷|9:10:能|10:11:派|11:12:人|12:13:上|13:14:来|14:15:看|15:16:一|16:17:下|17:18:吗,UNAVAILABLE,UNAVAILABLE,0,-44.65195,-44.65195,0,2,false,true,房间空调不太制冷，能派人上来看一下吗？,raw,keep_raw:maxDelta=0<minDeltaToReplace=3||no_pick,3,房间空调不太制冷，能派人上来看一下吗？,true,true,1,PASS,0.011371650690406323,602,
d124,dialog_200,我想开通短信提醒，需要带什么证件？,raw,我想开通短信提醒，需要带什么证件？,2,true,false,0,baseline_raw_slot,UNAVAILABLE,UNAVAILABLE,UNAVAILABLE,-37.026028,-37.026028,0,1,true,true,我想开通短信提醒，需要带什么证件？,raw,keep_raw:maxDelta=0<minDeltaToReplace=3||no_pick,3,我想开通短信提醒，需要带什么证件？,true,true,1,PASS,0.024065814575944897,625,
d124,dialog_200,我想开通短信提醒，需要带什么证件？,candidate:0,我想开通短信提醒，需要带什么证件？,2,true,false,15,0:1:我|1:2:想|2:3:开|3:4:通|4:5:短|5:6:信|6:7:提|7:8:醒|9:10:需|10:11:要|11:12:带|12:13:什|13:14:么|14:15:证|15:16:件,UNAVAILABLE,UNAVAILABLE,0,-37.026028,-37.026028,0,2,false,true,我想开通短信提醒，需要带什么证件？,raw,keep_raw:maxDelta=0<minDeltaToReplace=3||no_pick,3,我想开通短信提醒，需要带什么证件？,true,true,1,PASS,0.024065814575944897,625,
d125,dialog_200,这笔转账显示处理中，大概多久能到账？,raw,这笔转账显示处理中，大概多久能到账？,2,true,false,0,baseline_raw_slot,UNAVAILABLE,UNAVAILABLE,UNAVAILABLE,-41.91501,-41.91501,0,1,true,true,这笔转账显示处理中，大概多久能到账？,raw,keep_raw:maxDelta=0<minDeltaToReplace=3||no_pick,3,这笔转账显示处理中，大概多久能到账？,true,true,1,PASS,0.01489825262617913,629,
d125,dialog_200,这笔转账显示处理中，大概多久能到账？,candidate:0,这笔转账显示处理中，大概多久能到账？,2,true,false,16,0:1:这|1:2:笔|2:3:转|3:4:账|4:5:显|5:6:示|6:7:处|7:8:理|8:9:中|10:11:大|11:12:概|12:13:多|13:14:久|14:15:能|15:16:到|16:17:账,UNAVAILABLE,UNAVAILABLE,0,-41.91501,-41.91501,0,2,false,true,这笔转账显示处理中，大概多久能到账？,raw,keep_raw:maxDelta=0<minDeltaToReplace=3||no_pick,3,这笔转账显示处理中，大概多久能到账？,true,true,1,PASS,0.01489825262617913,629,
d126,dialog_200,请问理财产品的风险等级在哪里查看？,raw,请问理财产品的风险等级在哪里查看？,2,true,false,0,baseline_raw_slot,UNAVAILABLE,UNAVAILABLE,UNAVAILABLE,-30.569174,-30.569174,0,1,true,true,请问理财产品的风险等级在哪里查看？,raw,keep_raw:maxDelta=0<minDeltaToReplace=3||no_pick,3,请问理财产品的风险等级在哪里查看？,true,true,1,PASS,0.04491976733063139,602,
d126,dialog_200,请问理财产品的风险等级在哪里查看？,candidate:0,请问理财产品的风险等级在哪里查看？,2,true,false,16,0:1:请|1:2:问|2:3:理|3:4:财|4:5:产|5:6:品|6:7:的|7:8:风|8:9:险|9:10:等|10:11:级|11:12:在|12:13:哪|13:14:里|14:15:查|15:16:看,UNAVAILABLE,UNAVAILABLE,0,-30.569174,-30.569174,0,2,false,true,请问理财产品的风险等级在哪里查看？,raw,keep_raw:maxDelta=0<minDeltaToReplace=3||no_pick,3,请问理财产品的风险等级在哪里查看？,true,true,1,PASS,0.04491976733063139,602,
d127,dialog_200,两位，靠窗有位置吗？不要香菜，微辣就行。,raw,两位，靠窗有位置吗？不要香菜，微辣就行。,2,true,false,0,baseline_raw_slot,UNAVAILABLE,UNAVAILABLE,UNAVAILABLE,-50.27006,-50.27006,0,1,true,true,两位，靠窗有位置吗？不要香菜，微辣就行。,raw,keep_raw:maxDelta=0<minDeltaToReplace=3||no_pick,3,两位，靠窗有位置吗？不要香菜，微辣就行。,true,true,1,PASS,0.006515684528864648,609,
d127,dialog_200,两位，靠窗有位置吗？不要香菜，微辣就行。,candidate:0,两位，靠窗有位置吗？不要香菜，微辣就行。,2,true,false,16,0:1:两|1:2:位|3:4:靠|4:5:窗|5:6:有|6:7:位|7:8:置|8:9:吗|10:11:不|11:12:要|12:13:香|13:14:菜|15:16:微|16:17:辣|17:18:就|18:19:行,UNAVAILABLE,UNAVAILABLE,0,-50.27006,-50.27006,0,2,false,true,两位，靠窗有位置吗？不要香菜，微辣就行。,raw,keep_raw:maxDelta=0<minDeltaToReplace=3||no_pick,3,两位，靠窗有位置吗？不要香菜，微辣就行。,true,true,1,PASS,0.006515684528864648,609,
d128,dialog_200,这道菜大概要等多久？我们先点一份凉菜和一壶茶。,raw,这道菜大概要等多久？我们先点一份凉菜和一壶茶。,2,true,false,0,baseline_raw_slot,UNAVAILABLE,UNAVAILABLE,UNAVAILABLE,-55.189114,-55.189114,0,1,true,true,这道菜大概要等多久？我们先点一份凉菜和一壶茶。,raw,keep_raw:maxDelta=0<minDeltaToReplace=3||no_pick,3,这道菜大概要等多久？我们先点一份凉菜和一壶茶。,true,true,1,PASS,0.003994193523452927,624,
d128,dialog_200,这道菜大概要等多久？我们先点一份凉菜和一壶茶。,candidate:0,这道菜大概要等多久？我们先点一份凉菜和一壶茶。,2,true,false,21,0:1:这|1:2:道|2:3:菜|3:4:大|4:5:概|5:6:要|6:7:等|7:8:多|8:9:久|10:11:我|11:12:们|12:13:先|13:14:点|14:15:一|15:16:份|16:17:凉|17:18:菜|18:19:和|19:20:一|20:21:壶|21:22:茶,UNAVAILABLE,UNAVAILABLE,0,-55.189114,-55.189114,0,2,false,true,这道菜大概要等多久？我们先点一份凉菜和一壶茶。,raw,keep_raw:maxDelta=0<minDeltaToReplace=3||no_pick,3,这道菜大概要等多久？我们先点一份凉菜和一壶茶。,true,true,1,PASS,0.003994193523452927,624,
d129,dialog_200,可以打包吗？顺便结一下账，能扫码支付吗？,raw,可以打包吗？顺便结一下账，能扫码支付吗？,2,true,false,0,baseline_raw_slot,UNAVAILABLE,UNAVAILABLE,UNAVAILABLE,-47.50631,-47.50631,0,1,true,true,可以打包吗？顺便结一下账，能扫码支付吗？,raw,keep_raw:maxDelta=0<minDeltaToReplace=3||no_pick,3,可以打包吗？顺便结一下账，能扫码支付吗？,true,true,1,PASS,0.008572121108722963,622,
d129,dialog_200,可以打包吗？顺便结一下账，能扫码支付吗？,candidate:0,可以打包吗？顺便结一下账，能扫码支付吗？,2,true,false,17,0:1:可|1:2:以|2:3:打|3:4:包|4:5:吗|6:7:顺|7:8:便|8:9:结|9:10:一|10:11:下|11:12:账|13:14:能|14:15:扫|15:16:码|16:17:支|17:18:付|18:19:吗,UNAVAILABLE,UNAVAILABLE,0,-47.50631,-47.50631,0,2,false,true,可以打包吗？顺便结一下账，能扫码支付吗？,raw,keep_raw:maxDelta=0<minDeltaToReplace=3||no_pick,3,可以打包吗？顺便结一下账，能扫码支付吗？,true,true,1,PASS,0.008572121108722963,622,
d130,dialog_200,私教课还剩几次？能帮我约明天晚上七点吗？,raw,私教课还剩几次？能帮我约明天晚上七点吗？,2,true,false,0,baseline_raw_slot,UNAVAILABLE,UNAVAILABLE,UNAVAILABLE,-47.095074,-47.095074,0,1,true,true,私教课还剩几次？能帮我约明天晚上七点吗？,raw,keep_raw:maxDelta=0<minDeltaToReplace=3||no_pick,3,私教课还剩几次？能帮我约明天晚上七点吗？,true,true,1,PASS,0.008928773196269812,607,
d130,dialog_200,私教课还剩几次？能帮我约明天晚上七点吗？,candidate:0,私教课还剩几次？能帮我约明天晚上七点吗？,2,true,false,18,0:1:私|1:2:教|2:3:课|3:4:还|4:5:剩|5:6:几|6:7:次|8:9:能|9:10:帮|10:11:我|11:12:约|12:13:明|13:14:天|14:15:晚|15:16:上|16:17:七|17:18:点|18:19:吗,UNAVAILABLE,UNAVAILABLE,0,-47.095074,-47.095074,0,2,false,true,私教课还剩几次？能帮我约明天晚上七点吗？,raw,keep_raw:maxDelta=0<minDeltaToReplace=3||no_pick,3,私教课还剩几次？能帮我约明天晚上七点吗？,true,true,1,PASS,0.008928773196269812,607,
d131,dialog_200,更衣室柜子钥匙找不到了，前台能帮忙开一下吗？,raw,更衣室柜子钥匙找不到了，前台能帮忙开一下吗？,2,true,false,0,baseline_raw_slot,UNAVAILABLE,UNAVAILABLE,UNAVAILABLE,-50.20162,-50.20162,0,1,true,true,更衣室柜子钥匙找不到了，前台能帮忙开一下吗？,raw,keep_raw:maxDelta=0<minDeltaToReplace=3||no_pick,3,更衣室柜子钥匙找不到了，前台能帮忙开一下吗？,true,true,1,PASS,0.006560137279112153,652,
d131,dialog_200,更衣室柜子钥匙找不到了，前台能帮忙开一下吗？,candidate:0,更衣室柜子钥匙找不到了，前台能帮忙开一下吗？,2,true,false,20,0:1:更|1:2:衣|2:3:室|3:4:柜|4:5:子|5:6:钥|6:7:匙|7:8:找|8:9:不|9:10:到|10:11:了|12:13:前|13:14:台|14:15:能|15:16:帮|16:17:忙|17:18:开|18:19:一|19:20:下|20:21:吗,UNAVAILABLE,UNAVAILABLE,0,-50.20162,-50.20162,0,2,false,true,更衣室柜子钥匙找不到了，前台能帮忙开一下吗？,raw,keep_raw:maxDelta=0<minDeltaToReplace=3||no_pick,3,更衣室柜子钥匙找不到了，前台能帮忙开一下吗？,true,true,1,PASS,0.006560137279112153,652,
d132,dialog_200,游泳次卡本月月底到期，续费有优惠吗？,raw,游泳次卡本月月底到期，续费有优惠吗？,2,true,false,0,baseline_raw_slot,UNAVAILABLE,UNAVAILABLE,UNAVAILABLE,-46.59682,-46.59682,0,1,true,true,游泳次卡本月月底到期，续费有优惠吗？,raw,keep_raw:maxDelta=0<minDeltaToReplace=3||no_pick,3,游泳次卡本月月底到期，续费有优惠吗？,true,true,1,PASS,0.009380643463427485,656,
d132,dialog_200,游泳次卡本月月底到期，续费有优惠吗？,candidate:0,游泳次卡本月月底到期，续费有优惠吗？,2,true,false,16,0:1:游|1:2:泳|2:3:次|3:4:卡|4:5:本|5:6:月|6:7:月|7:8:底|8:9:到|9:10:期|11:12:续|12:13:费|13:14:有|14:15:优|15:16:惠|16:17:吗,UNAVAILABLE,UNAVAILABLE,0,-46.59682,-46.59682,0,2,false,true,游泳次卡本月月底到期，续费有优惠吗？,raw,keep_raw:maxDelta=0<minDeltaToReplace=3||no_pick,3,游泳次卡本月月底到期，续费有优惠吗？,true,true,1,PASS,0.009380643463427485,656,
d133,dialog_200,我们下午讨论后选声城方案，先把候选生成的接口文档补齐。,raw,我们下午讨论后选声城方案，先把候选生成的接口文档补齐。,2,true,false,0,baseline_raw_slot,UNAVAILABLE,UNAVAILABLE,UNAVAILABLE,-64.33975,-64.33975,0,1,true,true,我们下午讨论后选声城方案，先把候选生成的接口文档补齐。,raw,keep_raw:maxDelta=0<minDeltaToReplace=3||no_pick,3,我们下午讨论后选声城方案，先把候选生成的接口文档补齐。,true,true,1,PASS,0.0016034787907936766,640,
d133,dialog_200,我们下午讨论后选声城方案，先把候选生成的接口文档补齐。,candidate:0,我们下午讨论后选声城方案，先把候选生成的接口文档补齐。,2,true,false,25,0:1:我|1:2:们|2:3:下|3:4:午|4:5:讨|5:6:论|6:7:后|7:8:选|8:9:声|9:10:城|10:11:方|11:12:案|13:14:先|14:15:把|15:16:候|16:17:选|17:18:生|18:19:成|19:20:的|20:21:接|21:22:口|22:23:文|23:24:档|24:25:补|25:26:齐,UNAVAILABLE,UNAVAILABLE,0,-64.33975,-64.33975,0,2,false,true,我们下午讨论后选声城方案，先把候选生成的接口文档补齐。,raw,keep_raw:maxDelta=0<minDeltaToReplace=3||no_pick,3,我们下午讨论后选声城方案，先把候选生成的接口文档补齐。,true,true,1,PASS,0.0016034787907936766,640,
d134,dialog_200,这周的上线计花已经确认，上线计划评审安排在周四上午。,raw,这周的上线计花已经确认，上线计划评审安排在周四上午。,2,true,false,0,baseline_raw_slot,UNAVAILABLE,UNAVAILABLE,UNAVAILABLE,-53.61211,-53.61211,0,1,true,true,这周的上线计花已经确认，上线计划评审安排在周四上午。,raw,keep_raw:maxDelta=0<minDeltaToReplace=3||no_pick,3,这周的上线计花已经确认，上线计划评审安排在周四上午。,true,true,1,PASS,0.004673274718123358,656,
d134,dialog_200,这周的上线计花已经确认，上线计划评审安排在周四上午。,candidate:0,这周的上线计花已经确认，上线计划评审安排在周四上午。,2,true,false,24,0:1:这|1:2:周|2:3:的|3:4:上|4:5:线|5:6:计|6:7:花|7:8:已|8:9:经|9:10:确|10:11:认|12:13:上|13:14:线|14:15:计|15:16:划|16:17:评|17:18:审|18:19:安|19:20:排|20:21:在|21:22:周|22:23:四|23:24:上|24:25:午,UNAVAILABLE,UNAVAILABLE,0,-53.61211,-53.61211,0,2,false,true,这周的上线计花已经确认，上线计划评审安排在周四上午。,raw,keep_raw:maxDelta=0<minDeltaToReplace=3||no_pick,3,这周的上线计花已经确认，上线计划评审安排在周四上午。,true,true,1,PASS,0.004673274718123358,656,
d135,dialog_200,关于后选生城和上线计化，请按上线计划执行，有问题群里说。,raw,关于后选生城和上线计化，请按上线计划执行，有问题群里说。,2,true,false,0,baseline_raw_slot,UNAVAILABLE,UNAVAILABLE,UNAVAILABLE,-67.68852,-67.68852,0,1,true,true,关于后选生城和上线计化，请按上线计划执行，有问题群里说。,raw,keep_raw:maxDelta=0<minDeltaToReplace=3||no_pick,3,关于后选生城和上线计化，请按上线计划执行，有问题群里说。,true,true,1,PASS,0.0011476942453627294,642,
d135,dialog_200,关于后选生城和上线计化，请按上线计划执行，有问题群里说。,candidate:0,关于后选生城和上线计化，请按上线计划执行，有问题群里说。,2,true,false,25,0:1:关|1:2:于|2:3:后|3:4:选|4:5:生|5:6:城|6:7:和|7:8:上|8:9:线|9:10:计|10:11:化|12:13:请|13:14:按|14:15:上|15:16:线|16:17:计|17:18:划|18:19:执|19:20:行|21:22:有|22:23:问|23:24:题|24:25:群|25:26:里|26:27:说,UNAVAILABLE,UNAVAILABLE,0,-67.68852,-67.68852,0,2,false,true,关于后选生城和上线计化，请按上线计划执行，有问题群里说。,raw,keep_raw:maxDelta=0<minDeltaToReplace=3||no_pick,3,关于后选生城和上线计化，请按上线计划执行，有问题群里说。,true,true,1,PASS,0.0011476942453627294,642,
d136,dialog_200,你好，我想点一杯热巧克力，中杯，半糖。顺便问一下今天有曲奇吗？,raw,你好，我想点一杯热巧克力，中杯，半糖。顺便问一下今天有曲奇吗？,2,true,false,0,baseline_raw_slot,UNAVAILABLE,UNAVAILABLE,UNAVAILABLE,-74.31603,-74.31603,0,1,true,true,你好，我想点一杯热巧克力，中杯，半糖。顺便问一下今天有曲奇吗？,raw,keep_raw:maxDelta=0<minDeltaToReplace=3||no_pick,3,你好，我想点一杯热巧克力，中杯，半糖。顺便问一下今天有曲奇吗？,true,true,1,PASS,0.0005918868565192391,657,
d136,dialog_200,你好，我想点一杯热巧克力，中杯，半糖。顺便问一下今天有曲奇吗？,candidate:0,你好，我想点一杯热巧克力，中杯，半糖。顺便问一下今天有曲奇吗？,2,true,false,26,0:1:你|1:2:好|3:4:我|4:5:想|5:6:点|6:7:一|7:8:杯|8:9:热|9:10:巧|10:11:克|11:12:力|13:14:中|14:15:杯|16:17:半|17:18:糖|19:20:顺|20:21:便|21:22:问|22:23:一|23:24:下|24:25:今|25:26:天|26:27:有|27:28:曲|28:29:奇|29:30:吗,UNAVAILABLE,UNAVAILABLE,0,-74.31603,-74.31603,0,2,false,true,你好，我想点一杯热巧克力，中杯，半糖。顺便问一下今天有曲奇吗？,raw,keep_raw:maxDelta=0<minDeltaToReplace=3||no_pick,3,你好，我想点一杯热巧克力，中杯，半糖。顺便问一下今天有曲奇吗？,true,true,1,PASS,0.0005918868565192391,657,
d137,dialog_200,麻烦帮我做一杯热拿铁带走，大杯就行，谢谢。,raw,麻烦帮我做一杯热拿铁带走，大杯就行，谢谢。,2,true,false,0,baseline_raw_slot,UNAVAILABLE,UNAVAILABLE,UNAVAILABLE,-50.06265,-50.06265,0,1,true,true,麻烦帮我做一杯热拿铁带走，大杯就行，谢谢。,raw,keep_raw:maxDelta=0<minDeltaToReplace=3||no_pick,3,麻烦帮我做一杯热拿铁带走，大杯就行，谢谢。,true,true,1,PASS,0.006651329310477784,661,
d137,dialog_200,麻烦帮我做一杯热拿铁带走，大杯就行，谢谢。,candidate:0,麻烦帮我做一杯热拿铁带走，大杯就行，谢谢。,2,true,false,18,0:1:麻|1:2:烦|2:3:帮|3:4:我|4:5:做|5:6:一|6:7:杯|7:8:热|8:9:拿|9:10:铁|10:11:带|11:12:走|13:14:大|14:15:杯|15:16:就|16:17:行|18:19:谢|19:20:谢,UNAVAILABLE,UNAVAILABLE,0,-50.06265,-50.06265,0,2,false,true,麻烦帮我做一杯热拿铁带走，大杯就行，谢谢。,raw,keep_raw:maxDelta=0<minDeltaToReplace=3||no_pick,3,麻烦帮我做一杯热拿铁带走，大杯就行，谢谢。,true,true,1,PASS,0.006651329310477784,661,
d138,dialog_200,请问这款美式可以少冰吗？我赶时间，小杯。,raw,请问这款美式可以少冰吗？我赶时间，小杯。,2,true,false,0,baseline_raw_slot,UNAVAILABLE,UNAVAILABLE,UNAVAILABLE,-45.30678,-45.30678,0,1,true,true,请问这款美式可以少冰吗？我赶时间，小杯。,raw,keep_raw:maxDelta=0<minDeltaToReplace=3||no_pick,3,请问这款美式可以少冰吗？我赶时间，小杯。,true,true,1,PASS,0.01065854085533956,650,
d138,dialog_200,请问这款美式可以少冰吗？我赶时间，小杯。,candidate:0,请问这款美式可以少冰吗？我赶时间，小杯。,2,true,false,17,0:1:请|1:2:问|2:3:这|3:4:款|4:5:美|5:6:式|6:7:可|7:8:以|8:9:少|9:10:冰|10:11:吗|12:13:我|13:14:赶|14:15:时|15:16:间|17:18:小|18:19:杯,UNAVAILABLE,UNAVAILABLE,0,-45.30678,-45.30678,0,2,false,true,请问这款美式可以少冰吗？我赶时间，小杯。,raw,keep_raw:maxDelta=0<minDeltaToReplace=3||no_pick,3,请问这款美式可以少冰吗？我赶时间，小杯。,true,true,1,PASS,0.01065854085533956,650,
d139,dialog_200,李工，客户反馈翻译引擎接口报错，我们能不能加缓存，下午三点前把结论发群里？,raw,李工，客户反馈翻译引擎接口报错，我们能不能加缓存，下午三点前把结论发群里？,2,true,false,0,baseline_raw_slot,UNAVAILABLE,UNAVAILABLE,UNAVAILABLE,-86.34571,-86.34571,0,1,true,true,李工，客户反馈翻译引擎接口报错，我们能不能加缓存，下午三点前把结论发群里？,raw,keep_raw:maxDelta=0<minDeltaToReplace=3||no_pick,3,李工，客户反馈翻译引擎接口报错，我们能不能加缓存，下午三点前把结论发群里？,true,true,1,PASS,0.0001778182078060522,639,
d139,dialog_200,李工，客户反馈翻译引擎接口报错，我们能不能加缓存，下午三点前把结论发群里？,candidate:0,李工，客户反馈翻译引擎接口报错，我们能不能加缓存，下午三点前把结论发群里？,2,true,false,33,0:1:李|1:2:工|3:4:客|4:5:户|5:6:反|6:7:馈|7:8:翻|8:9:译|9:10:引|10:11:擎|11:12:接|12:13:口|13:14:报|14:15:错|16:17:我|17:18:们|18:19:能|19:20:不|20:21:能|21:22:加|22:23:缓|23:24:存|25:26:下|26:27:午|27:28:三|28:29:点|29:30:前|30:31:把|31:32:结|32:33:论|33:34:发|34:35:群|35:36:里,UNAVAILABLE,UNAVAILABLE,0,-86.34571,-86.34571,0,2,false,true,李工，客户反馈翻译引擎接口报错，我们能不能加缓存，下午三点前把结论发群里？,raw,keep_raw:maxDelta=0<minDeltaToReplace=3||no_pick,3,李工，客户反馈翻译引擎接口报错，我们能不能加缓存，下午三点前把结论发群里？,true,true,1,PASS,0.0001778182078060522,639,
d140,dialog_200,今天的站会先过一下订单中台进度，内存占用高这块需要限流保护，大家看一下风险。,raw,今天的站会先过一下订单中台进度，内存占用高这块需要限流保护，大家看一下风险。,2,true,false,0,baseline_raw_slot,UNAVAILABLE,UNAVAILABLE,UNAVAILABLE,-79.48894,-79.48894,0,1,true,true,今天的站会先过一下订单中台进度，内存占用高这块需要限流保护，大家看一下风险。,raw,keep_raw:maxDelta=0<minDeltaToReplace=3||no_pick,3,今天的站会先过一下订单中台进度，内存占用高这块需要限流保护，大家看一下风险。,true,true,1,PASS,0.000352927822732824,676,
d140,dialog_200,今天的站会先过一下订单中台进度，内存占用高这块需要限流保护，大家看一下风险。,candidate:0,今天的站会先过一下订单中台进度，内存占用高这块需要限流保护，大家看一下风险。,2,true,false,35,0:1:今|1:2:天|2:3:的|3:4:站|4:5:会|5:6:先|6:7:过|7:8:一|8:9:下|9:10:订|10:11:单|11:12:中|12:13:台|13:14:进|14:15:度|16:17:内|17:18:存|18:19:占|19:20:用|20:21:高|21:22:这|22:23:块|23:24:需|24:25:要|25:26:限|26:27:流|27:28:保|28:29:护|30:31:大|31:32:家|32:33:看|33:34:一|34:35:下|35:36:风|36:37:险,UNAVAILABLE,UNAVAILABLE,0,-79.48894,-79.48894,0,2,false,true,今天的站会先过一下订单中台进度，内存占用高这块需要限流保护，大家看一下风险。,raw,keep_raw:maxDelta=0<minDeltaToReplace=3||no_pick,3,今天的站会先过一下订单中台进度，内存占用高这块需要限流保护，大家看一下风险。,true,true,1,PASS,0.000352927822732824,676,
d141,dialog_200,跟会员系统相关的需求我整理了一版，八点前请大家帮忙评审一下。,raw,跟会员系统相关的需求我整理了一版，八点前请大家帮忙评审一下。,2,true,false,0,baseline_raw_slot,UNAVAILABLE,UNAVAILABLE,UNAVAILABLE,-66.67136,-66.67136,0,1,true,true,跟会员系统相关的需求我整理了一版，八点前请大家帮忙评审一下。,raw,keep_raw:maxDelta=0<minDeltaToReplace=3||no_pick,3,跟会员系统相关的需求我整理了一版，八点前请大家帮忙评审一下。,true,true,1,PASS,0.00127042063041235,662,
d141,dialog_200,跟会员系统相关的需求我整理了一版，八点前请大家帮忙评审一下。,candidate:0,跟会员系统相关的需求我整理了一版，八点前请大家帮忙评审一下。,2,true,false,28,0:1:跟|1:2:会|2:3:员|3:4:系|4:5:统|5:6:相|6:7:关|7:8:的|8:9:需|9:10:求|10:11:我|11:12:整|12:13:理|13:14:了|14:15:一|15:16:版|17:18:八|18:19:点|19:20:前|20:21:请|21:22:大|22:23:家|23:24:帮|24:25:忙|25:26:评|26:27:审|27:28:一|28:29:下,UNAVAILABLE,UNAVAILABLE,0,-66.67136,-66.67136,0,2,false,true,跟会员系统相关的需求我整理了一版，八点前请大家帮忙评审一下。,raw,keep_raw:maxDelta=0<minDeltaToReplace=3||no_pick,3,跟会员系统相关的需求我整理了一版，八点前请大家帮忙评审一下。,true,true,1,PASS,0.00127042063041235,662,
d142,dialog_200,师傅，去浦东张江，走三环。我赶九点半的会，要是堵车您提前跟我说。,raw,师傅，去浦东张江，走三环。我赶九点半的会，要是堵车您提前跟我说。,2,true,false,0,baseline_raw_slot,UNAVAILABLE,UNAVAILABLE,UNAVAILABLE,-89.25382,-89.25382,0,1,true,true,师傅，去浦东张江，走三环。我赶九点半的会，要是堵车您提前跟我说。,raw,keep_raw:maxDelta=0<minDeltaToReplace=3||no_pick,3,师傅，去浦东张江，走三环。我赶九点半的会，要是堵车您提前跟我说。,true,true,1,PASS,0.0001329529885432064,644,
d142,dialog_200,师傅，去浦东张江，走三环。我赶九点半的会，要是堵车您提前跟我说。,candidate:0,师傅，去浦东张江，走三环。我赶九点半的会，要是堵车您提前跟我说。,2,true,false,27,0:1:师|1:2:傅|3:4:去|4:5:浦|5:6:东|6:7:张|7:8:江|9:10:走|10:11:三|11:12:环|13:14:我|14:15:赶|15:16:九|16:17:点|17:18:半|18:19:的|19:20:会|21:22:要|22:23:是|23:24:堵|24:25:车|25:26:您|26:27:提|27:28:前|28:29:跟|29:30:我|30:31:说,UNAVAILABLE,UNAVAILABLE,0,-89.25382,-89.25382,0,2,false,true,师傅，去浦东张江，走三环。我赶九点半的会，要是堵车您提前跟我说。,raw,keep_raw:maxDelta=0<minDeltaToReplace=3||no_pick,3,师傅，去浦东张江，走三环。我赶九点半的会，要是堵车您提前跟我说。,true,true,1,PASS,0.0001329529885432064,644,
d143,dialog_200,麻烦送我到深圳南山科技园南门，大概多久能到？我十点十分有个电话会。,raw,麻烦送我到深圳南山科技园南门，大概多久能到？我十点十分有个电话会。,2,true,false,0,baseline_raw_slot,UNAVAILABLE,UNAVAILABLE,UNAVAILABLE,-77.55307,-77.55307,0,1,true,true,麻烦送我到深圳南山科技园南门，大概多久能到？我十点十分有个电话会。,raw,keep_raw:maxDelta=0<minDeltaToReplace=3||no_pick,3,麻烦送我到深圳南山科技园南门，大概多久能到？我十点十分有个电话会。,true,true,1,PASS,0.0004282791433522654,651,
d143,dialog_200,麻烦送我到深圳南山科技园南门，大概多久能到？我十点十分有个电话会。,candidate:0,麻烦送我到深圳南山科技园南门，大概多久能到？我十点十分有个电话会。,2,true,false,30,0:1:麻|1:2:烦|2:3:送|3:4:我|4:5:到|5:6:深|6:7:圳|7:8:南|8:9:山|9:10:科|10:11:技|11:12:园|12:13:南|13:14:门|15:16:大|16:17:概|17:18:多|18:19:久|19:20:能|20:21:到|22:23:我|23:24:十|24:25:点|25:26:十|26:27:分|27:28:有|28:29:个|29:30:电|30:31:话|31:32:会,UNAVAILABLE,UNAVAILABLE,0,-77.55307,-77.55307,0,2,false,true,麻烦送我到深圳南山科技园南门，大概多久能到？我十点十分有个电话会。,raw,keep_raw:maxDelta=0<minDeltaToReplace=3||no_pick,3,麻烦送我到深圳南山科技园南门，大概多久能到？我十点十分有个电话会。,true,true,1,PASS,0.0004282791433522654,651,
d144,dialog_200,去杭州西溪，不走延安路高架可以吗？那边现在堵不堵？,raw,去杭州西溪，不走延安路高架可以吗？那边现在堵不堵？,2,true,false,0,baseline_raw_slot,UNAVAILABLE,UNAVAILABLE,UNAVAILABLE,-67.13796,-67.13796,0,1,true,true,去杭州西溪，不走延安路高架可以吗？那边现在堵不堵？,raw,keep_raw:maxDelta=0<minDeltaToReplace=3||no_pick,3,去杭州西溪，不走延安路高架可以吗？那边现在堵不堵？,true,true,1,PASS,0.0012125747222109062,648,
d144,dialog_200,去杭州西溪，不走延安路高架可以吗？那边现在堵不堵？,candidate:0,去杭州西溪，不走延安路高架可以吗？那边现在堵不堵？,2,true,false,22,0:1:去|1:2:杭|2:3:州|3:4:西|4:5:溪|6:7:不|7:8:走|8:9:延|9:10:安|10:11:路|11:12:高|12:13:架|13:14:可|14:15:以|15:16:吗|17:18:那|18:19:边|19:20:现|20:21:在|21:22:堵|22:23:不|23:24:堵,UNAVAILABLE,UNAVAILABLE,0,-67.13796,-67.13796,0,2,false,true,去杭州西溪，不走延安路高架可以吗？那边现在堵不堵？,raw,keep_raw:maxDelta=0<minDeltaToReplace=3||no_pick,3,去杭州西溪，不走延安路高架可以吗？那边现在堵不堵？,true,true,1,PASS,0.0012125747222109062,648,
d145,dialog_200,医生您好，我这两天嗓子疼，想开点药并做个血常规。,raw,医生您好，我这两天嗓子疼，想开点药并做个血常规。,2,true,false,0,baseline_raw_slot,UNAVAILABLE,UNAVAILABLE,UNAVAILABLE,-58.091507,-58.091507,0,1,true,true,医生您好，我这两天嗓子疼，想开点药并做个血常规。,raw,keep_raw:maxDelta=0<minDeltaToReplace=3||no_pick,3,医生您好，我这两天嗓子疼，想开点药并做个血常规。,true,true,1,PASS,0.0029910039284248026,643,
d145,dialog_200,医生您好，我这两天嗓子疼，想开点药并做个血常规。,candidate:0,医生您好，我这两天嗓子疼，想开点药并做个血常规。,2,true,false,21,0:1:医|1:2:生|2:3:您|3:4:好|5:6:我|6:7:这|7:8:两|8:9:天|9:10:嗓|10:11:子|11:12:疼|13:14:想|14:15:开|15:16:点|16:17:药|17:18:并|18:19:做|19:20:个|20:21:血|21:22:常|22:23:规,UNAVAILABLE,UNAVAILABLE,0,-58.091507,-58.091507,0,2,false,true,医生您好，我这两天嗓子疼，想开点药并做个血常规。,raw,keep_raw:maxDelta=0<minDeltaToReplace=3||no_pick,3,医生您好，我这两天嗓子疼，想开点药并做个血常规。,true,true,1,PASS,0.0029910039284248026,643,
d146,dialog_200,挂号处请问内科还有号吗？我低烧，昨晚开始的。,raw,挂号处请问内科还有号吗？我低烧，昨晚开始的。,2,true,false,0,baseline_raw_slot,UNAVAILABLE,UNAVAILABLE,UNAVAILABLE,-58.267227,-58.267227,0,1,true,true,挂号处请问内科还有号吗？我低烧，昨晚开始的。,raw,keep_raw:maxDelta=0<minDeltaToReplace=3||no_pick,3,挂号处请问内科还有号吗？我低烧，昨晚开始的。,true,true,1,PASS,0.0029390582098890654,642,
d146,dialog_200,挂号处请问内科还有号吗？我低烧，昨晚开始的。,candidate:0,挂号处请问内科还有号吗？我低烧，昨晚开始的。,2,true,false,19,0:1:挂|1:2:号|2:3:处|3:4:请|4:5:问|5:6:内|6:7:科|7:8:还|8:9:有|9:10:号|10:11:吗|12:13:我|13:14:低|14:15:烧|16:17:昨|17:18:晚|18:19:开|19:20:始|20:21:的,UNAVAILABLE,UNAVAILABLE,0,-58.267227,-58.267227,0,2,false,true,挂号处请问内科还有号吗？我低烧，昨晚开始的。,raw,keep_raw:maxDelta=0<minDeltaToReplace=3||no_pick,3,挂号处请问内科还有号吗？我低烧，昨晚开始的。,true,true,1,PASS,0.0029390582098890654,642,
d147,dialog_200,这个检查报告什么时候能出？我咳嗽，需要请假休息吗？,raw,这个检查报告什么时候能出？我咳嗽，需要请假休息吗？,2,true,false,0,baseline_raw_slot,UNAVAILABLE,UNAVAILABLE,UNAVAILABLE,-50.472626,-50.472626,0,1,true,true,这个检查报告什么时候能出？我咳嗽，需要请假休息吗？,raw,keep_raw:maxDelta=0<minDeltaToReplace=3||no_pick,3,这个检查报告什么时候能出？我咳嗽，需要请假休息吗？,true,true,1,PASS,0.0063858610853962565,630,
d147,dialog_200,这个检查报告什么时候能出？我咳嗽，需要请假休息吗？,candidate:0,这个检查报告什么时候能出？我咳嗽，需要请假休息吗？,2,true,false,22,0:1:这|1:2:个|2:3:检|3:4:查|4:5:报|5:6:告|6:7:什|7:8:么|8:9:时|9:10:候|10:11:能|11:12:出|13:14:我|14:15:咳|15:16:嗽|17:18:需|18:19:要|19:20:请|20:21:假|21:22:休|22:23:息|23:24:吗,UNAVAILABLE,UNAVAILABLE,0,-50.472626,-50.472626,0,2,false,true,这个检查报告什么时候能出？我咳嗽，需要请假休息吗？,raw,keep_raw:maxDelta=0<minDeltaToReplace=3||no_pick,3,这个检查报告什么时候能出？我咳嗽，需要请假休息吗？,true,true,1,PASS,0.0063858610853962565,630,
d148,dialog_200,这件外套能试穿吗？我穿中码。买两件有没有折扣？,raw,这件外套能试穿吗？我穿中码。买两件有没有折扣？,2,true,false,0,baseline_raw_slot,UNAVAILABLE,UNAVAILABLE,UNAVAILABLE,-69.64273,-69.64273,0,1,true,true,这件外套能试穿吗？我穿中码。买两件有没有折扣？,raw,keep_raw:maxDelta=0<minDeltaToReplace=3||no_pick,3,这件外套能试穿吗？我穿中码。买两件有没有折扣？,true,true,1,PASS,0.0009441574613428574,627,
d148,dialog_200,这件外套能试穿吗？我穿中码。买两件有没有折扣？,candidate:0,这件外套能试穿吗？我穿中码。买两件有没有折扣？,2,true,false,20,0:1:这|1:2:件|2:3:外|3:4:套|4:5:能|5:6:试|6:7:穿|7:8:吗|9:10:我|10:11:穿|11:12:中|12:13:码|14:15:买|15:16:两|16:17:件|17:18:有|18:19:没|19:20:有|20:21:折|21:22:扣,UNAVAILABLE,UNAVAILABLE,0,-69.64273,-69.64273,0,2,false,true,这件外套能试穿吗？我穿中码。买两件有没有折扣？,raw,keep_raw:maxDelta=0<minDeltaToReplace=3||no_pick,3,这件外套能试穿吗？我穿中码。买两件有没有折扣？,true,true,1,PASS,0.0009441574613428574,627,
d149,dialog_200,请问这双鞋有四十码吗？不合适三天内可以退换吧？,raw,请问这双鞋有四十码吗？不合适三天内可以退换吧？,2,true,false,0,baseline_raw_slot,UNAVAILABLE,UNAVAILABLE,UNAVAILABLE,-58.418938,-58.418938,0,1,true,true,请问这双鞋有四十码吗？不合适三天内可以退换吧？,raw,keep_raw:maxDelta=0<minDeltaToReplace=3||no_pick,3,请问这双鞋有四十码吗？不合适三天内可以退换吧？,true,true,1,PASS,0.0028949340973298157,661,
d149,dialog_200,请问这双鞋有四十码吗？不合适三天内可以退换吧？,candidate:0,请问这双鞋有四十码吗？不合适三天内可以退换吧？,2,true,false,21,0:1:请|1:2:问|2:3:这|3:4:双|4:5:鞋|5:6:有|6:7:四|7:8:十|8:9:码|9:10:吗|11:12:不|12:13:合|13:14:适|14:15:三|15:16:天|16:17:内|17:18:可|18:19:以|19:20:退|20:21:换|21:22:吧,UNAVAILABLE,UNAVAILABLE,0,-58.418938,-58.418938,0,2,false,true,请问这双鞋有四十码吗？不合适三天内可以退换吧？,raw,keep_raw:maxDelta=0<minDeltaToReplace=3||no_pick,3,请问这双鞋有四十码吗？不合适三天内可以退换吧？,true,true,1,PASS,0.0028949340973298157,661,
d150,dialog_200,我想对比一下这两款订单中台的价格，会员日能再减一点吗？,raw,我想对比一下这两款订单中台的价格，会员日能再减一点吗？,2,true,false,0,baseline_raw_slot,UNAVAILABLE,UNAVAILABLE,UNAVAILABLE,-53.12734,-53.12734,0,1,true,true,我想对比一下这两款订单中台的价格，会员日能再减一点吗？,raw,keep_raw:maxDelta=0<minDeltaToReplace=3||no_pick,3,我想对比一下这两款订单中台的价格，会员日能再减一点吗？,true,true,1,PASS,0.004904263603850251,651,
d150,dialog_200,我想对比一下这两款订单中台的价格，会员日能再减一点吗？,candidate:0,我想对比一下这两款订单中台的价格，会员日能再减一点吗？,2,true,false,25,0:1:我|1:2:想|2:3:对|3:4:比|4:5:一|5:6:下|6:7:这|7:8:两|8:9:款|9:10:订|10:11:单|11:12:中|12:13:台|13:14:的|14:15:价|15:16:格|17:18:会|18:19:员|19:20:日|20:21:能|21:22:再|22:23:减|23:24:一|24:25:点|25:26:吗,UNAVAILABLE,UNAVAILABLE,0,-53.12734,-53.12734,0,2,false,true,我想对比一下这两款订单中台的价格，会员日能再减一点吗？,raw,keep_raw:maxDelta=0<minDeltaToReplace=3||no_pick,3,我想对比一下这两款订单中台的价格，会员日能再减一点吗？,true,true,1,PASS,0.004904263603850251,651,
d151,dialog_200,周末要不要去江边骑行？天气预报说周日多云，记得带水。,raw,周末要不要去江边骑行？天气预报说周日多云，记得带水。,2,true,false,0,baseline_raw_slot,UNAVAILABLE,UNAVAILABLE,UNAVAILABLE,-58.115017,-58.115017,0,1,true,true,周末要不要去江边骑行？天气预报说周日多云，记得带水。,raw,keep_raw:maxDelta=0<minDeltaToReplace=3||no_pick,3,周末要不要去江边骑行？天气预报说周日多云，记得带水。,true,true,1,PASS,0.002984001296059052,647,
d151,dialog_200,周末要不要去江边骑行？天气预报说周日多云，记得带水。,candidate:0,周末要不要去江边骑行？天气预报说周日多云，记得带水。,2,true,false,23,0:1:周|1:2:末|2:3:要|3:4:不|4:5:要|5:6:去|6:7:江|7:8:边|8:9:骑|9:10:行|11:12:天|12:13:气|13:14:预|14:15:报|15:16:说|16:17:周|17:18:日|18:19:多|19:20:云|21:22:记|22:23:得|23:24:带|24:25:水,UNAVAILABLE,UNAVAILABLE,0,-58.115017,-58.115017,0,2,false,true,周末要不要去江边骑行？天气预报说周日多云，记得带水。,raw,keep_raw:maxDelta=0<minDeltaToReplace=3||no_pick,3,周末要不要去江边骑行？天气预报说周日多云，记得带水。,true,true,1,PASS,0.002984001296059052,647,
d152,dialog_200,晚上一起吃饭吗？我知道一家川菜不错，大概七点到。,raw,晚上一起吃饭吗？我知道一家川菜不错，大概七点到。,2,true,false,0,baseline_raw_slot,UNAVAILABLE,UNAVAILABLE,UNAVAILABLE,-51.801636,-51.801636,0,1,true,true,晚上一起吃饭吗？我知道一家川菜不错，大概七点到。,raw,keep_raw:maxDelta=0<minDeltaToReplace=3||no_pick,3,晚上一起吃饭吗？我知道一家川菜不错，大概七点到。,true,true,1,PASS,0.005595598833420917,676,
d152,dialog_200,晚上一起吃饭吗？我知道一家川菜不错，大概七点到。,candidate:0,晚上一起吃饭吗？我知道一家川菜不错，大概七点到。,2,true,false,21,0:1:晚|1:2:上|2:3:一|3:4:起|4:5:吃|5:6:饭|6:7:吗|8:9:我|9:10:知|10:11:道|11:12:一|12:13:家|13:14:川|14:15:菜|15:16:不|16:17:错|18:19:大|19:20:概|20:21:七|21:22:点|22:23:到,UNAVAILABLE,UNAVAILABLE,0,-51.801636,-51.801636,0,2,false,true,晚上一起吃饭吗？我知道一家川菜不错，大概七点到。,raw,keep_raw:maxDelta=0<minDeltaToReplace=3||no_pick,3,晚上一起吃饭吗？我知道一家川菜不错，大概七点到。,true,true,1,PASS,0.005595598833420917,676,
d153,dialog_200,你最近忙不忙？想找你看下手机备份怎么设置。,raw,你最近忙不忙？想找你看下手机备份怎么设置。,2,true,false,0,baseline_raw_slot,UNAVAILABLE,UNAVAILABLE,UNAVAILABLE,-50.938538,-50.938538,0,1,true,true,你最近忙不忙？想找你看下手机备份怎么设置。,raw,keep_raw:maxDelta=0<minDeltaToReplace=3||no_pick,3,你最近忙不忙？想找你看下手机备份怎么设置。,true,true,1,PASS,0.006096933157180564,692,
d153,dialog_200,你最近忙不忙？想找你看下手机备份怎么设置。,candidate:0,你最近忙不忙？想找你看下手机备份怎么设置。,2,true,false,19,0:1:你|1:2:最|2:3:近|3:4:忙|4:5:不|5:6:忙|7:8:想|8:9:找|9:10:你|10:11:看|11:12:下|12:13:手|13:14:机|14:15:备|15:16:份|16:17:怎|17:18:么|18:19:设|19:20:置,UNAVAILABLE,UNAVAILABLE,0,-50.938538,-50.938538,0,2,false,true,你最近忙不忙？想找你看下手机备份怎么设置。,raw,keep_raw:maxDelta=0<minDeltaToReplace=3||no_pick,3,你最近忙不忙？想找你看下手机备份怎么设置。,true,true,1,PASS,0.006096933157180564,692,
d154,dialog_200,今天我们团队要讨论后选生城相关的后选生城流程和上线计化安排，请研发一起评估风险。,raw,今天我们团队要讨论后选生城相关的后选生城流程和上线计化安排，请研发一起评估风险。,2,true,false,0,baseline_raw_slot,UNAVAILABLE,UNAVAILABLE,UNAVAILABLE,-91.69639,-91.69639,0,1,true,true,今天我们团队要讨论后选生城相关的后选生城流程和上线计化安排，请研发一起评估风险。,raw,keep_raw:maxDelta=0<minDeltaToReplace=3||no_pick,3,今天我们团队要讨论后选生城相关的后选生城流程和上线计化安排，请研发一起评估风险。,true,true,1,PASS,0.00010414325562876795,686,
d154,dialog_200,今天我们团队要讨论后选生城相关的后选生城流程和上线计化安排，请研发一起评估风险。,candidate:0,今天我们团队要讨论后选生城相关的后选生城流程和上线计化安排，请研发一起评估风险。,2,true,false,38,0:1:今|1:2:天|2:3:我|3:4:们|4:5:团|5:6:队|6:7:要|7:8:讨|8:9:论|9:10:后|10:11:选|11:12:生|12:13:城|13:14:相|14:15:关|15:16:的|16:17:后|17:18:选|18:19:生|19:20:城|20:21:流|21:22:程|22:23:和|23:24:上|24:25:线|25:26:计|26:27:化|27:28:安|28:29:排|30:31:请|31:32:研|32:33:发|33:34:一|34:35:起|35:36:评|36:37:估|37:38:风|38:39:险,UNAVAILABLE,UNAVAILABLE,0,-91.69639,-91.69639,0,2,false,true,今天我们团队要讨论后选生城相关的后选生城流程和上线计化安排，请研发一起评估风险。,raw,keep_raw:maxDelta=0<minDeltaToReplace=3||no_pick,3,今天我们团队要讨论后选生城相关的后选生城流程和上线计化安排，请研发一起评估风险。,true,true,1,PASS,0.00010414325562876795,686,
d155,dialog_200,这次发布我们先对齐上线计划窗口，后选生城模块需要联调，别漏掉回归。,raw,这次发布我们先对齐上线计划窗口，后选生城模块需要联调，别漏掉回归。,2,true,false,0,baseline_raw_slot,UNAVAILABLE,UNAVAILABLE,UNAVAILABLE,-79.759705,-79.759705,0,1,true,true,这次发布我们先对齐上线计划窗口，后选生城模块需要联调，别漏掉回归。,raw,keep_raw:maxDelta=0<minDeltaToReplace=3||no_pick,3,这次发布我们先对齐上线计划窗口，后选生城模块需要联调，别漏掉回归。,true,true,1,PASS,0.0003435032234423731,691,
d155,dialog_200,这次发布我们先对齐上线计划窗口，后选生城模块需要联调，别漏掉回归。,candidate:0,这次发布我们先对齐上线计划窗口，后选生城模块需要联调，别漏掉回归。,2,true,false,30,0:1:这|1:2:次|2:3:发|3:4:布|4:5:我|5:6:们|6:7:先|7:8:对|8:9:齐|9:10:上|10:11:线|11:12:计|12:13:划|13:14:窗|14:15:口|16:17:后|17:18:选|18:19:生|19:20:城|20:21:模|21:22:块|22:23:需|23:24:要|24:25:联|25:26:调|27:28:别|28:29:漏|29:30:掉|30:31:回|31:32:归,UNAVAILABLE,UNAVAILABLE,0,-79.759705,-79.759705,0,2,false,true,这次发布我们先对齐上线计划窗口，后选生城模块需要联调，别漏掉回归。,raw,keep_raw:maxDelta=0<minDeltaToReplace=3||no_pick,3,这次发布我们先对齐上线计划窗口，后选生城模块需要联调，别漏掉回归。,true,true,1,PASS,0.0003435032234423731,691,
d156,dialog_200,会上提到候选生成链路要加监控，上线计划文档我下午更新一版。,raw,会上提到候选生成链路要加监控，上线计划文档我下午更新一版。,2,true,false,0,baseline_raw_slot,UNAVAILABLE,UNAVAILABLE,UNAVAILABLE,-72.960945,-72.960945,0,1,true,true,会上提到候选生成链路要加监控，上线计划文档我下午更新一版。,raw,keep_raw:maxDelta=0<minDeltaToReplace=3||no_pick,3,会上提到候选生成链路要加监控，上线计划文档我下午更新一版。,true,true,1,PASS,0.0006777226311076127,688,
d156,dialog_200,会上提到候选生成链路要加监控，上线计划文档我下午更新一版。,candidate:0,会上提到候选生成链路要加监控，上线计划文档我下午更新一版。,2,true,false,27,0:1:会|1:2:上|2:3:提|3:4:到|4:5:候|5:6:选|6:7:生|7:8:成|8:9:链|9:10:路|10:11:要|11:12:加|12:13:监|13:14:控|15:16:上|16:17:线|17:18:计|18:19:划|19:20:文|20:21:档|21:22:我|22:23:下|23:24:午|24:25:更|25:26:新|26:27:一|27:28:版,UNAVAILABLE,UNAVAILABLE,0,-72.960945,-72.960945,0,2,false,true,会上提到候选生成链路要加监控，上线计划文档我下午更新一版。,raw,keep_raw:maxDelta=0<minDeltaToReplace=3||no_pick,3,会上提到候选生成链路要加监控，上线计划文档我下午更新一版。,true,true,1,PASS,0.0006777226311076127,688,
d157,dialog_200,您好，我订单显示已发货但物流三天没更新，能帮我查一下吗？,raw,您好，我订单显示已发货但物流三天没更新，能帮我查一下吗？,2,true,false,0,baseline_raw_slot,UNAVAILABLE,UNAVAILABLE,UNAVAILABLE,-62.1703,-62.1703,0,1,true,true,您好，我订单显示已发货但物流三天没更新，能帮我查一下吗？,raw,keep_raw:maxDelta=0<minDeltaToReplace=3||no_pick,3,您好，我订单显示已发货但物流三天没更新，能帮我查一下吗？,true,true,1,PASS,0.0019911893123534517,654,
d157,dialog_200,您好，我订单显示已发货但物流三天没更新，能帮我查一下吗？,candidate:0,您好，我订单显示已发货但物流三天没更新，能帮我查一下吗？,2,true,false,25,0:1:您|1:2:好|3:4:我|4:5:订|5:6:单|6:7:显|7:8:示|8:9:已|9:10:发|10:11:货|11:12:但|12:13:物|13:14:流|14:15:三|15:16:天|16:17:没|17:18:更|18:19:新|20:21:能|21:22:帮|22:23:我|23:24:查|24:25:一|25:26:下|26:27:吗,UNAVAILABLE,UNAVAILABLE,0,-62.1703,-62.1703,0,2,false,true,您好，我订单显示已发货但物流三天没更新，能帮我查一下吗？,raw,keep_raw:maxDelta=0<minDeltaToReplace=3||no_pick,3,您好，我订单显示已发货但物流三天没更新，能帮我查一下吗？,true,true,1,PASS,0.0019911893123534517,654,
d158,dialog_200,想改一下收货地址，还来得及吗？麻烦尽快处理，谢谢。,raw,想改一下收货地址，还来得及吗？麻烦尽快处理，谢谢。,2,true,false,0,baseline_raw_slot,UNAVAILABLE,UNAVAILABLE,UNAVAILABLE,-51.871246,-51.871246,0,1,true,true,想改一下收货地址，还来得及吗？麻烦尽快处理，谢谢。,raw,keep_raw:maxDelta=0<minDeltaToReplace=3||no_pick,3,想改一下收货地址，还来得及吗？麻烦尽快处理，谢谢。,true,true,1,PASS,0.005556998823599067,699,
d158,dialog_200,想改一下收货地址，还来得及吗？麻烦尽快处理，谢谢。,candidate:0,想改一下收货地址，还来得及吗？麻烦尽快处理，谢谢。,2,true,false,21,0:1:想|1:2:改|2:3:一|3:4:下|4:5:收|5:6:货|6:7:地|7:8:址|9:10:还|10:11:来|11:12:得|12:13:及|13:14:吗|15:16:麻|16:17:烦|17:18:尽|18:19:快|19:20:处|20:21:理|22:23:谢|23:24:谢,UNAVAILABLE,UNAVAILABLE,0,-51.871246,-51.871246,0,2,false,true,想改一下收货地址，还来得及吗？麻烦尽快处理，谢谢。,raw,keep_raw:maxDelta=0<minDeltaToReplace=3||no_pick,3,想改一下收货地址，还来得及吗？麻烦尽快处理，谢谢。,true,true,1,PASS,0.005556998823599067,699,
d159,dialog_200,发票抬头开错了，能重新开具电子发票吗？,raw,发票抬头开错了，能重新开具电子发票吗？,2,true,false,0,baseline_raw_slot,UNAVAILABLE,UNAVAILABLE,UNAVAILABLE,-44.610264,-44.610264,0,1,true,true,发票抬头开错了，能重新开具电子发票吗？,raw,keep_raw:maxDelta=0<minDeltaToReplace=3||no_pick,3,发票抬头开错了，能重新开具电子发票吗？,true,true,1,PASS,0.011418611078732313,674,
d159,dialog_200,发票抬头开错了，能重新开具电子发票吗？,candidate:0,发票抬头开错了，能重新开具电子发票吗？,2,true,false,17,0:1:发|1:2:票|2:3:抬|3:4:头|4:5:开|5:6:错|6:7:了|8:9:能|9:10:重|10:11:新|11:12:开|12:13:具|13:14:电|14:15:子|15:16:发|16:17:票|17:18:吗,UNAVAILABLE,UNAVAILABLE,0,-44.610264,-44.610264,0,2,false,true,发票抬头开错了，能重新开具电子发票吗？,raw,keep_raw:maxDelta=0<minDeltaToReplace=3||no_pick,3,发票抬头开错了，能重新开具电子发票吗？,true,true,1,PASS,0.011418611078732313,674,
d160,dialog_200,请简单介绍一下你上一段项目里负责的核心模块和难点。,raw,请简单介绍一下你上一段项目里负责的核心模块和难点。,2,true,false,0,baseline_raw_slot,UNAVAILABLE,UNAVAILABLE,UNAVAILABLE,-45.320557,-45.320557,0,1,true,true,请简单介绍一下你上一段项目里负责的核心模块和难点。,raw,keep_raw:maxDelta=0<minDeltaToReplace=3||no_pick,3,请简单介绍一下你上一段项目里负责的核心模块和难点。,true,true,1,PASS,0.010644022886326873,613,
d160,dialog_200,请简单介绍一下你上一段项目里负责的核心模块和难点。,candidate:0,请简单介绍一下你上一段项目里负责的核心模块和难点。,2,true,false,24,0:1:请|1:2:简|2:3:单|3:4:介|4:5:绍|5:6:一|6:7:下|7:8:你|8:9:上|9:10:一|10:11:段|11:12:项|12:13:目|13:14:里|14:15:负|15:16:责|16:17:的|17:18:核|18:19:心|19:20:模|20:21:块|21:22:和|22:23:难|23:24:点,UNAVAILABLE,UNAVAILABLE,0,-45.320557,-45.320557,0,2,false,true,请简单介绍一下你上一段项目里负责的核心模块和难点。,raw,keep_raw:maxDelta=0<minDeltaToReplace=3||no_pick,3,请简单介绍一下你上一段项目里负责的核心模块和难点。,true,true,1,PASS,0.010644022886326873,613,
d161,dialog_200,你如何看待跨团队协作？遇到需求变更一般怎么处理？,raw,你如何看待跨团队协作？遇到需求变更一般怎么处理？,2,true,false,0,baseline_raw_slot,UNAVAILABLE,UNAVAILABLE,UNAVAILABLE,-48.314133,-48.314133,0,1,true,true,你如何看待跨团队协作？遇到需求变更一般怎么处理？,raw,keep_raw:maxDelta=0<minDeltaToReplace=3||no_pick,3,你如何看待跨团队协作？遇到需求变更一般怎么处理？,true,true,1,PASS,0.007912140652346748,626,
d161,dialog_200,你如何看待跨团队协作？遇到需求变更一般怎么处理？,candidate:0,你如何看待跨团队协作？遇到需求变更一般怎么处理？,2,true,false,22,0:1:你|1:2:如|2:3:何|3:4:看|4:5:待|5:6:跨|6:7:团|7:8:队|8:9:协|9:10:作|11:12:遇|12:13:到|13:14:需|14:15:求|15:16:变|16:17:更|17:18:一|18:19:般|19:20:怎|20:21:么|21:22:处|22:23:理,UNAVAILABLE,UNAVAILABLE,0,-48.314133,-48.314133,0,2,false,true,你如何看待跨团队协作？遇到需求变更一般怎么处理？,raw,keep_raw:maxDelta=0<minDeltaToReplace=3||no_pick,3,你如何看待跨团队协作？遇到需求变更一般怎么处理？,true,true,1,PASS,0.007912140652346748,626,
d162,dialog_200,期望薪资这块我们可以再沟通，你最快什么时候能入职？,raw,期望薪资这块我们可以再沟通，你最快什么时候能入职？,2,true,false,0,baseline_raw_slot,UNAVAILABLE,UNAVAILABLE,UNAVAILABLE,-52.065495,-52.065495,0,1,true,true,期望薪资这块我们可以再沟通，你最快什么时候能入职？,raw,keep_raw:maxDelta=0<minDeltaToReplace=3||no_pick,3,期望薪资这块我们可以再沟通，你最快什么时候能入职？,true,true,1,PASS,0.005450679014957689,620,
d162,dialog_200,期望薪资这块我们可以再沟通，你最快什么时候能入职？,candidate:0,期望薪资这块我们可以再沟通，你最快什么时候能入职？,2,true,false,23,0:1:期|1:2:望|2:3:薪|3:4:资|4:5:这|5:6:块|6:7:我|7:8:们|8:9:可|9:10:以|10:11:再|11:12:沟|12:13:通|14:15:你|15:16:最|16:17:快|17:18:什|18:19:么|19:20:时|20:21:候|21:22:能|22:23:入|23:24:职,UNAVAILABLE,UNAVAILABLE,0,-52.065495,-52.065495,0,2,false,true,期望薪资这块我们可以再沟通，你最快什么时候能入职？,raw,keep_raw:maxDelta=0<minDeltaToReplace=3||no_pick,3,期望薪资这块我们可以再沟通，你最快什么时候能入职？,true,true,1,PASS,0.005450679014957689,620,
d163,dialog_200,老师，这道题的解题步骤能不能再讲一遍？我没听懂第二点。,raw,老师，这道题的解题步骤能不能再讲一遍？我没听懂第二点。,2,true,false,0,baseline_raw_slot,UNAVAILABLE,UNAVAILABLE,UNAVAILABLE,-58.532764,-58.532764,0,1,true,true,老师，这道题的解题步骤能不能再讲一遍？我没听懂第二点。,raw,keep_raw:maxDelta=0<minDeltaToReplace=3||no_pick,3,老师，这道题的解题步骤能不能再讲一遍？我没听懂第二点。,true,true,1,PASS,0.0028622628321273206,612,
d163,dialog_200,老师，这道题的解题步骤能不能再讲一遍？我没听懂第二点。,candidate:0,老师，这道题的解题步骤能不能再讲一遍？我没听懂第二点。,2,true,false,24,0:1:老|1:2:师|3:4:这|4:5:道|5:6:题|6:7:的|7:8:解|8:9:题|9:10:步|10:11:骤|11:12:能|12:13:不|13:14:能|14:15:再|15:16:讲|16:17:一|17:18:遍|19:20:我|20:21:没|21:22:听|22:23:懂|23:24:第|24:25:二|25:26:点,UNAVAILABLE,UNAVAILABLE,0,-58.532764,-58.532764,0,2,false,true,老师，这道题的解题步骤能不能再讲一遍？我没听懂第二点。,raw,keep_raw:maxDelta=0<minDeltaToReplace=3||no_pick,3,老师，这道题的解题步骤能不能再讲一遍？我没听懂第二点。,true,true,1,PASS,0.0028622628321273206,612,
d164,dialog_200,作业是下周一下午交吗？可以电子版提交吗？,raw,作业是下周一下午交吗？可以电子版提交吗？,2,true,false,0,baseline_raw_slot,UNAVAILABLE,UNAVAILABLE,UNAVAILABLE,-48.02359,-48.02359,0,1,true,true,作业是下周一下午交吗？可以电子版提交吗？,raw,keep_raw:maxDelta=0<minDeltaToReplace=3||no_pick,3,作业是下周一下午交吗？可以电子版提交吗？,true,true,1,PASS,0.008143494964131795,641,
d164,dialog_200,作业是下周一下午交吗？可以电子版提交吗？,candidate:0,作业是下周一下午交吗？可以电子版提交吗？,2,true,false,18,0:1:作|1:2:业|2:3:是|3:4:下|4:5:周|5:6:一|6:7:下|7:8:午|8:9:交|9:10:吗|11:12:可|12:13:以|13:14:电|14:15:子|15:16:版|16:17:提|17:18:交|18:19:吗,UNAVAILABLE,UNAVAILABLE,0,-48.02359,-48.02359,0,2,false,true,作业是下周一下午交吗？可以电子版提交吗？,raw,keep_raw:maxDelta=0<minDeltaToReplace=3||no_pick,3,作业是下周一下午交吗？可以电子版提交吗？,true,true,1,PASS,0.008143494964131795,641,
d165,dialog_200,请问这门课期末是开卷还是闭卷？重点会划吗？,raw,请问这门课期末是开卷还是闭卷？重点会划吗？,2,true,false,0,baseline_raw_slot,UNAVAILABLE,UNAVAILABLE,UNAVAILABLE,-56.10478,-56.10478,0,1,true,true,请问这门课期末是开卷还是闭卷？重点会划吗？,raw,keep_raw:maxDelta=0<minDeltaToReplace=3||no_pick,3,请问这门课期末是开卷还是闭卷？重点会划吗？,true,true,1,PASS,0.0036459779853825576,640,
d165,dialog_200,请问这门课期末是开卷还是闭卷？重点会划吗？,candidate:0,请问这门课期末是开卷还是闭卷？重点会划吗？,2,true,false,19,0:1:请|1:2:问|2:3:这|3:4:门|4:5:课|5:6:期|6:7:末|7:8:是|8:9:开|9:10:卷|10:11:还|11:12:是|12:13:闭|13:14:卷|15:16:重|16:17:点|17:18:会|18:19:划|19:20:吗,UNAVAILABLE,UNAVAILABLE,0,-56.10478,-56.10478,0,2,false,true,请问这门课期末是开卷还是闭卷？重点会划吗？,raw,keep_raw:maxDelta=0<minDeltaToReplace=3||no_pick,3,请问这门课期末是开卷还是闭卷？重点会划吗？,true,true,1,PASS,0.0036459779853825576,640,
d166,dialog_200,我预订的是大床房，能安排安静一点的楼层吗？,raw,我预订的是大床房，能安排安静一点的楼层吗？,2,true,false,0,baseline_raw_slot,UNAVAILABLE,UNAVAILABLE,UNAVAILABLE,-52.113697,-52.113697,0,1,true,true,我预订的是大床房，能安排安静一点的楼层吗？,raw,keep_raw:maxDelta=0<minDeltaToReplace=3||no_pick,3,我预订的是大床房，能安排安静一点的楼层吗？,true,true,1,PASS,0.005424611051616075,608,
d166,dialog_200,我预订的是大床房，能安排安静一点的楼层吗？,candidate:0,我预订的是大床房，能安排安静一点的楼层吗？,2,true,false,19,0:1:我|1:2:预|2:3:订|3:4:的|4:5:是|5:6:大|6:7:床|7:8:房|9:10:能|10:11:安|11:12:排|12:13:安|13:14:静|14:15:一|15:16:点|16:17:的|17:18:楼|18:19:层|19:20:吗,UNAVAILABLE,UNAVAILABLE,0,-52.113697,-52.113697,0,2,false,true,我预订的是大床房，能安排安静一点的楼层吗？,raw,keep_raw:maxDelta=0<minDeltaToReplace=3||no_pick,3,我预订的是大床房，能安排安静一点的楼层吗？,true,true,1,PASS,0.005424611051616075,608,
d167,dialog_200,早餐几点开始？退房可以延迟到下午两点吗？,raw,早餐几点开始？退房可以延迟到下午两点吗？,2,true,false,0,baseline_raw_slot,UNAVAILABLE,UNAVAILABLE,UNAVAILABLE,-44.78779,-44.78779,0,1,true,true,早餐几点开始？退房可以延迟到下午两点吗？,raw,keep_raw:maxDelta=0<minDeltaToReplace=3||no_pick,3,早餐几点开始？退房可以延迟到下午两点吗？,true,true,1,PASS,0.011219944084340877,602,
d167,dialog_200,早餐几点开始？退房可以延迟到下午两点吗？,candidate:0,早餐几点开始？退房可以延迟到下午两点吗？,2,true,false,18,0:1:早|1:2:餐|2:3:几|3:4:点|4:5:开|5:6:始|7:8:退|8:9:房|9:10:可|10:11:以|11:12:延|12:13:迟|13:14:到|14:15:下|15:16:午|16:17:两|17:18:点|18:19:吗,UNAVAILABLE,UNAVAILABLE,0,-44.78779,-44.78779,0,2,false,true,早餐几点开始？退房可以延迟到下午两点吗？,raw,keep_raw:maxDelta=0<minDeltaToReplace=3||no_pick,3,早餐几点开始？退房可以延迟到下午两点吗？,true,true,1,PASS,0.011219944084340877,602,
d168,dialog_200,房间空调不太制冷，能派人上来看一下吗？,raw,房间空调不太制冷，能派人上来看一下吗？,2,true,false,0,baseline_raw_slot,UNAVAILABLE,UNAVAILABLE,UNAVAILABLE,-44.65195,-44.65195,0,1,true,true,房间空调不太制冷，能派人上来看一下吗？,raw,keep_raw:maxDelta=0<minDeltaToReplace=3||no_pick,3,房间空调不太制冷，能派人上来看一下吗？,true,true,1,PASS,0.011371650690406323,616,
d168,dialog_200,房间空调不太制冷，能派人上来看一下吗？,candidate:0,房间空调不太制冷，能派人上来看一下吗？,2,true,false,17,0:1:房|1:2:间|2:3:空|3:4:调|4:5:不|5:6:太|6:7:制|7:8:冷|9:10:能|10:11:派|11:12:人|12:13:上|13:14:来|14:15:看|15:16:一|16:17:下|17:18:吗,UNAVAILABLE,UNAVAILABLE,0,-44.65195,-44.65195,0,2,false,true,房间空调不太制冷，能派人上来看一下吗？,raw,keep_raw:maxDelta=0<minDeltaToReplace=3||no_pick,3,房间空调不太制冷，能派人上来看一下吗？,true,true,1,PASS,0.011371650690406323,616,
d169,dialog_200,我想开通短信提醒，需要带什么证件？,raw,我想开通短信提醒，需要带什么证件？,2,true,false,0,baseline_raw_slot,UNAVAILABLE,UNAVAILABLE,UNAVAILABLE,-37.026028,-37.026028,0,1,true,true,我想开通短信提醒，需要带什么证件？,raw,keep_raw:maxDelta=0<minDeltaToReplace=3||no_pick,3,我想开通短信提醒，需要带什么证件？,true,true,1,PASS,0.024065814575944897,672,
d169,dialog_200,我想开通短信提醒，需要带什么证件？,candidate:0,我想开通短信提醒，需要带什么证件？,2,true,false,15,0:1:我|1:2:想|2:3:开|3:4:通|4:5:短|5:6:信|6:7:提|7:8:醒|9:10:需|10:11:要|11:12:带|12:13:什|13:14:么|14:15:证|15:16:件,UNAVAILABLE,UNAVAILABLE,0,-37.026028,-37.026028,0,2,false,true,我想开通短信提醒，需要带什么证件？,raw,keep_raw:maxDelta=0<minDeltaToReplace=3||no_pick,3,我想开通短信提醒，需要带什么证件？,true,true,1,PASS,0.024065814575944897,672,
d170,dialog_200,这笔转账显示处理中，大概多久能到账？,raw,这笔转账显示处理中，大概多久能到账？,2,true,false,0,baseline_raw_slot,UNAVAILABLE,UNAVAILABLE,UNAVAILABLE,-41.91501,-41.91501,0,1,true,true,这笔转账显示处理中，大概多久能到账？,raw,keep_raw:maxDelta=0<minDeltaToReplace=3||no_pick,3,这笔转账显示处理中，大概多久能到账？,true,true,1,PASS,0.01489825262617913,669,
d170,dialog_200,这笔转账显示处理中，大概多久能到账？,candidate:0,这笔转账显示处理中，大概多久能到账？,2,true,false,16,0:1:这|1:2:笔|2:3:转|3:4:账|4:5:显|5:6:示|6:7:处|7:8:理|8:9:中|10:11:大|11:12:概|12:13:多|13:14:久|14:15:能|15:16:到|16:17:账,UNAVAILABLE,UNAVAILABLE,0,-41.91501,-41.91501,0,2,false,true,这笔转账显示处理中，大概多久能到账？,raw,keep_raw:maxDelta=0<minDeltaToReplace=3||no_pick,3,这笔转账显示处理中，大概多久能到账？,true,true,1,PASS,0.01489825262617913,669,
d171,dialog_200,请问理财产品的风险等级在哪里查看？,raw,请问理财产品的风险等级在哪里查看？,2,true,false,0,baseline_raw_slot,UNAVAILABLE,UNAVAILABLE,UNAVAILABLE,-30.569174,-30.569174,0,1,true,true,请问理财产品的风险等级在哪里查看？,raw,keep_raw:maxDelta=0<minDeltaToReplace=3||no_pick,3,请问理财产品的风险等级在哪里查看？,true,true,1,PASS,0.04491976733063139,673,
d171,dialog_200,请问理财产品的风险等级在哪里查看？,candidate:0,请问理财产品的风险等级在哪里查看？,2,true,false,16,0:1:请|1:2:问|2:3:理|3:4:财|4:5:产|5:6:品|6:7:的|7:8:风|8:9:险|9:10:等|10:11:级|11:12:在|12:13:哪|13:14:里|14:15:查|15:16:看,UNAVAILABLE,UNAVAILABLE,0,-30.569174,-30.569174,0,2,false,true,请问理财产品的风险等级在哪里查看？,raw,keep_raw:maxDelta=0<minDeltaToReplace=3||no_pick,3,请问理财产品的风险等级在哪里查看？,true,true,1,PASS,0.04491976733063139,673,
d172,dialog_200,两位，靠窗有位置吗？不要香菜，微辣就行。,raw,两位，靠窗有位置吗？不要香菜，微辣就行。,2,true,false,0,baseline_raw_slot,UNAVAILABLE,UNAVAILABLE,UNAVAILABLE,-50.27006,-50.27006,0,1,true,true,两位，靠窗有位置吗？不要香菜，微辣就行。,raw,keep_raw:maxDelta=0<minDeltaToReplace=3||no_pick,3,两位，靠窗有位置吗？不要香菜，微辣就行。,true,true,1,PASS,0.006515684528864648,655,
d172,dialog_200,两位，靠窗有位置吗？不要香菜，微辣就行。,candidate:0,两位，靠窗有位置吗？不要香菜，微辣就行。,2,true,false,16,0:1:两|1:2:位|3:4:靠|4:5:窗|5:6:有|6:7:位|7:8:置|8:9:吗|10:11:不|11:12:要|12:13:香|13:14:菜|15:16:微|16:17:辣|17:18:就|18:19:行,UNAVAILABLE,UNAVAILABLE,0,-50.27006,-50.27006,0,2,false,true,两位，靠窗有位置吗？不要香菜，微辣就行。,raw,keep_raw:maxDelta=0<minDeltaToReplace=3||no_pick,3,两位，靠窗有位置吗？不要香菜，微辣就行。,true,true,1,PASS,0.006515684528864648,655,
d173,dialog_200,这道菜大概要等多久？我们先点一份凉菜和一壶茶。,raw,这道菜大概要等多久？我们先点一份凉菜和一壶茶。,2,true,false,0,baseline_raw_slot,UNAVAILABLE,UNAVAILABLE,UNAVAILABLE,-55.189114,-55.189114,0,1,true,true,这道菜大概要等多久？我们先点一份凉菜和一壶茶。,raw,keep_raw:maxDelta=0<minDeltaToReplace=3||no_pick,3,这道菜大概要等多久？我们先点一份凉菜和一壶茶。,true,true,1,PASS,0.003994193523452927,664,
d173,dialog_200,这道菜大概要等多久？我们先点一份凉菜和一壶茶。,candidate:0,这道菜大概要等多久？我们先点一份凉菜和一壶茶。,2,true,false,21,0:1:这|1:2:道|2:3:菜|3:4:大|4:5:概|5:6:要|6:7:等|7:8:多|8:9:久|10:11:我|11:12:们|12:13:先|13:14:点|14:15:一|15:16:份|16:17:凉|17:18:菜|18:19:和|19:20:一|20:21:壶|21:22:茶,UNAVAILABLE,UNAVAILABLE,0,-55.189114,-55.189114,0,2,false,true,这道菜大概要等多久？我们先点一份凉菜和一壶茶。,raw,keep_raw:maxDelta=0<minDeltaToReplace=3||no_pick,3,这道菜大概要等多久？我们先点一份凉菜和一壶茶。,true,true,1,PASS,0.003994193523452927,664,
d174,dialog_200,可以打包吗？顺便结一下账，能扫码支付吗？,raw,可以打包吗？顺便结一下账，能扫码支付吗？,2,true,false,0,baseline_raw_slot,UNAVAILABLE,UNAVAILABLE,UNAVAILABLE,-47.50631,-47.50631,0,1,true,true,可以打包吗？顺便结一下账，能扫码支付吗？,raw,keep_raw:maxDelta=0<minDeltaToReplace=3||no_pick,3,可以打包吗？顺便结一下账，能扫码支付吗？,true,true,1,PASS,0.008572121108722963,683,
d174,dialog_200,可以打包吗？顺便结一下账，能扫码支付吗？,candidate:0,可以打包吗？顺便结一下账，能扫码支付吗？,2,true,false,17,0:1:可|1:2:以|2:3:打|3:4:包|4:5:吗|6:7:顺|7:8:便|8:9:结|9:10:一|10:11:下|11:12:账|13:14:能|14:15:扫|15:16:码|16:17:支|17:18:付|18:19:吗,UNAVAILABLE,UNAVAILABLE,0,-47.50631,-47.50631,0,2,false,true,可以打包吗？顺便结一下账，能扫码支付吗？,raw,keep_raw:maxDelta=0<minDeltaToReplace=3||no_pick,3,可以打包吗？顺便结一下账，能扫码支付吗？,true,true,1,PASS,0.008572121108722963,683,
d175,dialog_200,私教课还剩几次？能帮我约明天晚上七点吗？,raw,私教课还剩几次？能帮我约明天晚上七点吗？,2,true,false,0,baseline_raw_slot,UNAVAILABLE,UNAVAILABLE,UNAVAILABLE,-47.095074,-47.095074,0,1,true,true,私教课还剩几次？能帮我约明天晚上七点吗？,raw,keep_raw:maxDelta=0<minDeltaToReplace=3||no_pick,3,私教课还剩几次？能帮我约明天晚上七点吗？,true,true,1,PASS,0.008928773196269812,623,
d175,dialog_200,私教课还剩几次？能帮我约明天晚上七点吗？,candidate:0,私教课还剩几次？能帮我约明天晚上七点吗？,2,true,false,18,0:1:私|1:2:教|2:3:课|3:4:还|4:5:剩|5:6:几|6:7:次|8:9:能|9:10:帮|10:11:我|11:12:约|12:13:明|13:14:天|14:15:晚|15:16:上|16:17:七|17:18:点|18:19:吗,UNAVAILABLE,UNAVAILABLE,0,-47.095074,-47.095074,0,2,false,true,私教课还剩几次？能帮我约明天晚上七点吗？,raw,keep_raw:maxDelta=0<minDeltaToReplace=3||no_pick,3,私教课还剩几次？能帮我约明天晚上七点吗？,true,true,1,PASS,0.008928773196269812,623,
d176,dialog_200,更衣室柜子钥匙找不到了，前台能帮忙开一下吗？,raw,更衣室柜子钥匙找不到了，前台能帮忙开一下吗？,2,true,false,0,baseline_raw_slot,UNAVAILABLE,UNAVAILABLE,UNAVAILABLE,-50.20162,-50.20162,0,1,true,true,更衣室柜子钥匙找不到了，前台能帮忙开一下吗？,raw,keep_raw:maxDelta=0<minDeltaToReplace=3||no_pick,3,更衣室柜子钥匙找不到了，前台能帮忙开一下吗？,true,true,1,PASS,0.006560137279112153,592,
d176,dialog_200,更衣室柜子钥匙找不到了，前台能帮忙开一下吗？,candidate:0,更衣室柜子钥匙找不到了，前台能帮忙开一下吗？,2,true,false,20,0:1:更|1:2:衣|2:3:室|3:4:柜|4:5:子|5:6:钥|6:7:匙|7:8:找|8:9:不|9:10:到|10:11:了|12:13:前|13:14:台|14:15:能|15:16:帮|16:17:忙|17:18:开|18:19:一|19:20:下|20:21:吗,UNAVAILABLE,UNAVAILABLE,0,-50.20162,-50.20162,0,2,false,true,更衣室柜子钥匙找不到了，前台能帮忙开一下吗？,raw,keep_raw:maxDelta=0<minDeltaToReplace=3||no_pick,3,更衣室柜子钥匙找不到了，前台能帮忙开一下吗？,true,true,1,PASS,0.006560137279112153,592,
d177,dialog_200,游泳次卡本月月底到期，续费有优惠吗？,raw,游泳次卡本月月底到期，续费有优惠吗？,2,true,false,0,baseline_raw_slot,UNAVAILABLE,UNAVAILABLE,UNAVAILABLE,-46.59682,-46.59682,0,1,true,true,游泳次卡本月月底到期，续费有优惠吗？,raw,keep_raw:maxDelta=0<minDeltaToReplace=3||no_pick,3,游泳次卡本月月底到期，续费有优惠吗？,true,true,1,PASS,0.009380643463427485,604,
d177,dialog_200,游泳次卡本月月底到期，续费有优惠吗？,candidate:0,游泳次卡本月月底到期，续费有优惠吗？,2,true,false,16,0:1:游|1:2:泳|2:3:次|3:4:卡|4:5:本|5:6:月|6:7:月|7:8:底|8:9:到|9:10:期|11:12:续|12:13:费|13:14:有|14:15:优|15:16:惠|16:17:吗,UNAVAILABLE,UNAVAILABLE,0,-46.59682,-46.59682,0,2,false,true,游泳次卡本月月底到期，续费有优惠吗？,raw,keep_raw:maxDelta=0<minDeltaToReplace=3||no_pick,3,游泳次卡本月月底到期，续费有优惠吗？,true,true,1,PASS,0.009380643463427485,604,
d178,dialog_200,我们下午讨论后选声城方案，先把候选生成的接口文档补齐。,raw,我们下午讨论后选声城方案，先把候选生成的接口文档补齐。,2,true,false,0,baseline_raw_slot,UNAVAILABLE,UNAVAILABLE,UNAVAILABLE,-64.33975,-64.33975,0,1,true,true,我们下午讨论后选声城方案，先把候选生成的接口文档补齐。,raw,keep_raw:maxDelta=0<minDeltaToReplace=3||no_pick,3,我们下午讨论后选声城方案，先把候选生成的接口文档补齐。,true,true,1,PASS,0.0016034787907936766,655,
d178,dialog_200,我们下午讨论后选声城方案，先把候选生成的接口文档补齐。,candidate:0,我们下午讨论后选声城方案，先把候选生成的接口文档补齐。,2,true,false,25,0:1:我|1:2:们|2:3:下|3:4:午|4:5:讨|5:6:论|6:7:后|7:8:选|8:9:声|9:10:城|10:11:方|11:12:案|13:14:先|14:15:把|15:16:候|16:17:选|17:18:生|18:19:成|19:20:的|20:21:接|21:22:口|22:23:文|23:24:档|24:25:补|25:26:齐,UNAVAILABLE,UNAVAILABLE,0,-64.33975,-64.33975,0,2,false,true,我们下午讨论后选声城方案，先把候选生成的接口文档补齐。,raw,keep_raw:maxDelta=0<minDeltaToReplace=3||no_pick,3,我们下午讨论后选声城方案，先把候选生成的接口文档补齐。,true,true,1,PASS,0.0016034787907936766,655,
d179,dialog_200,这周的上线计花已经确认，上线计划评审安排在周四上午。,raw,这周的上线计花已经确认，上线计划评审安排在周四上午。,2,true,false,0,baseline_raw_slot,UNAVAILABLE,UNAVAILABLE,UNAVAILABLE,-53.61211,-53.61211,0,1,true,true,这周的上线计花已经确认，上线计划评审安排在周四上午。,raw,keep_raw:maxDelta=0<minDeltaToReplace=3||no_pick,3,这周的上线计花已经确认，上线计划评审安排在周四上午。,true,true,1,PASS,0.004673274718123358,645,
d179,dialog_200,这周的上线计花已经确认，上线计划评审安排在周四上午。,candidate:0,这周的上线计花已经确认，上线计划评审安排在周四上午。,2,true,false,24,0:1:这|1:2:周|2:3:的|3:4:上|4:5:线|5:6:计|6:7:花|7:8:已|8:9:经|9:10:确|10:11:认|12:13:上|13:14:线|14:15:计|15:16:划|16:17:评|17:18:审|18:19:安|19:20:排|20:21:在|21:22:周|22:23:四|23:24:上|24:25:午,UNAVAILABLE,UNAVAILABLE,0,-53.61211,-53.61211,0,2,false,true,这周的上线计花已经确认，上线计划评审安排在周四上午。,raw,keep_raw:maxDelta=0<minDeltaToReplace=3||no_pick,3,这周的上线计花已经确认，上线计划评审安排在周四上午。,true,true,1,PASS,0.004673274718123358,645,
d180,dialog_200,关于后选生城和上线计化，请按上线计划执行，有问题群里说。,raw,关于后选生城和上线计化，请按上线计划执行，有问题群里说。,2,true,false,0,baseline_raw_slot,UNAVAILABLE,UNAVAILABLE,UNAVAILABLE,-67.68852,-67.68852,0,1,true,true,关于后选生城和上线计化，请按上线计划执行，有问题群里说。,raw,keep_raw:maxDelta=0<minDeltaToReplace=3||no_pick,3,关于后选生城和上线计化，请按上线计划执行，有问题群里说。,true,true,1,PASS,0.0011476942453627294,599,
d180,dialog_200,关于后选生城和上线计化，请按上线计划执行，有问题群里说。,candidate:0,关于后选生城和上线计化，请按上线计划执行，有问题群里说。,2,true,false,25,0:1:关|1:2:于|2:3:后|3:4:选|4:5:生|5:6:城|6:7:和|7:8:上|8:9:线|9:10:计|10:11:化|12:13:请|13:14:按|14:15:上|15:16:线|16:17:计|17:18:划|18:19:执|19:20:行|21:22:有|22:23:问|23:24:题|24:25:群|25:26:里|26:27:说,UNAVAILABLE,UNAVAILABLE,0,-67.68852,-67.68852,0,2,false,true,关于后选生城和上线计化，请按上线计划执行，有问题群里说。,raw,keep_raw:maxDelta=0<minDeltaToReplace=3||no_pick,3,关于后选生城和上线计化，请按上线计划执行，有问题群里说。,true,true,1,PASS,0.0011476942453627294,599,
d181,dialog_200,你好，我想点一杯冰美式，中杯，少糖。顺便问一下今天有蓝莓马芬吗？,raw,你好，我想点一杯冰美式，中杯，少糖。顺便问一下今天有蓝莓马芬吗？,2,true,false,0,baseline_raw_slot,UNAVAILABLE,UNAVAILABLE,UNAVAILABLE,-74.3937,-74.3937,0,1,true,true,你好，我想点一杯冰美式，中杯，少糖。顺便问一下今天有蓝莓马芬吗？,raw,keep_raw:maxDelta=0<minDeltaToReplace=3||no_pick,3,你好，我想点一杯冰美式，中杯，少糖。顺便问一下今天有蓝莓马芬吗？,true,true,1,PASS,0.0005873101678565598,613,
d181,dialog_200,你好，我想点一杯冰美式，中杯，少糖。顺便问一下今天有蓝莓马芬吗？,candidate:0,你好，我想点一杯冰美式，中杯，少糖。顺便问一下今天有蓝莓马芬吗？,2,true,false,27,0:1:你|1:2:好|3:4:我|4:5:想|5:6:点|6:7:一|7:8:杯|8:9:冰|9:10:美|10:11:式|12:13:中|13:14:杯|15:16:少|16:17:糖|18:19:顺|19:20:便|20:21:问|21:22:一|22:23:下|23:24:今|24:25:天|25:26:有|26:27:蓝|27:28:莓|28:29:马|29:30:芬|30:31:吗,UNAVAILABLE,UNAVAILABLE,0,-74.3937,-74.3937,0,2,false,true,你好，我想点一杯冰美式，中杯，少糖。顺便问一下今天有蓝莓马芬吗？,raw,keep_raw:maxDelta=0<minDeltaToReplace=3||no_pick,3,你好，我想点一杯冰美式，中杯，少糖。顺便问一下今天有蓝莓马芬吗？,true,true,1,PASS,0.0005873101678565598,613,
d182,dialog_200,麻烦帮我做一杯卡布奇诺带走，大杯就行，谢谢。,raw,麻烦帮我做一杯卡布奇诺带走，大杯就行，谢谢。,2,true,false,0,baseline_raw_slot,UNAVAILABLE,UNAVAILABLE,UNAVAILABLE,-50.017918,-50.017918,0,1,true,true,麻烦帮我做一杯卡布奇诺带走，大杯就行，谢谢。,raw,keep_raw:maxDelta=0<minDeltaToReplace=3||no_pick,3,麻烦帮我做一杯卡布奇诺带走，大杯就行，谢谢。,true,true,1,PASS,0.006680949459323428,622,
d182,dialog_200,麻烦帮我做一杯卡布奇诺带走，大杯就行，谢谢。,candidate:0,麻烦帮我做一杯卡布奇诺带走，大杯就行，谢谢。,2,true,false,19,0:1:麻|1:2:烦|2:3:帮|3:4:我|4:5:做|5:6:一|6:7:杯|7:8:卡|8:9:布|9:10:奇|10:11:诺|11:12:带|12:13:走|14:15:大|15:16:杯|16:17:就|17:18:行|19:20:谢|20:21:谢,UNAVAILABLE,UNAVAILABLE,0,-50.017918,-50.017918,0,2,false,true,麻烦帮我做一杯卡布奇诺带走，大杯就行，谢谢。,raw,keep_raw:maxDelta=0<minDeltaToReplace=3||no_pick,3,麻烦帮我做一杯卡布奇诺带走，大杯就行，谢谢。,true,true,1,PASS,0.006680949459323428,622,
d183,dialog_200,请问这款红茶可以少冰吗？我赶时间，小杯。,raw,请问这款红茶可以少冰吗？我赶时间，小杯。,2,true,false,0,baseline_raw_slot,UNAVAILABLE,UNAVAILABLE,UNAVAILABLE,-45.925755,-45.925755,0,1,true,true,请问这款红茶可以少冰吗？我赶时间，小杯。,raw,keep_raw:maxDelta=0<minDeltaToReplace=3||no_pick,3,请问这款红茶可以少冰吗？我赶时间，小杯。,true,true,1,PASS,0.010025220495914937,595,
d183,dialog_200,请问这款红茶可以少冰吗？我赶时间，小杯。,candidate:0,请问这款红茶可以少冰吗？我赶时间，小杯。,2,true,false,17,0:1:请|1:2:问|2:3:这|3:4:款|4:5:红|5:6:茶|6:7:可|7:8:以|8:9:少|9:10:冰|10:11:吗|12:13:我|13:14:赶|14:15:时|15:16:间|17:18:小|18:19:杯,UNAVAILABLE,UNAVAILABLE,0,-45.925755,-45.925755,0,2,false,true,请问这款红茶可以少冰吗？我赶时间，小杯。,raw,keep_raw:maxDelta=0<minDeltaToReplace=3||no_pick,3,请问这款红茶可以少冰吗？我赶时间，小杯。,true,true,1,PASS,0.010025220495914937,595,
d184,dialog_200,小陈，客户反馈翻译引擎接口报错，我们能不能加缓存，下午三点前把结论发群里？,raw,小陈，客户反馈翻译引擎接口报错，我们能不能加缓存，下午三点前把结论发群里？,2,true,false,0,baseline_raw_slot,UNAVAILABLE,UNAVAILABLE,UNAVAILABLE,-87.34554,-87.34554,0,1,true,true,小陈，客户反馈翻译引擎接口报错，我们能不能加缓存，下午三点前把结论发群里？,raw,keep_raw:maxDelta=0<minDeltaToReplace=3||no_pick,3,小陈，客户反馈翻译引擎接口报错，我们能不能加缓存，下午三点前把结论发群里？,true,true,1,PASS,0.00016090202558192252,612,
d184,dialog_200,小陈，客户反馈翻译引擎接口报错，我们能不能加缓存，下午三点前把结论发群里？,candidate:0,小陈，客户反馈翻译引擎接口报错，我们能不能加缓存，下午三点前把结论发群里？,2,true,false,33,0:1:小|1:2:陈|3:4:客|4:5:户|5:6:反|6:7:馈|7:8:翻|8:9:译|9:10:引|10:11:擎|11:12:接|12:13:口|13:14:报|14:15:错|16:17:我|17:18:们|18:19:能|19:20:不|20:21:能|21:22:加|22:23:缓|23:24:存|25:26:下|26:27:午|27:28:三|28:29:点|29:30:前|30:31:把|31:32:结|32:33:论|33:34:发|34:35:群|35:36:里,UNAVAILABLE,UNAVAILABLE,0,-87.34554,-87.34554,0,2,false,true,小陈，客户反馈翻译引擎接口报错，我们能不能加缓存，下午三点前把结论发群里？,raw,keep_raw:maxDelta=0<minDeltaToReplace=3||no_pick,3,小陈，客户反馈翻译引擎接口报错，我们能不能加缓存，下午三点前把结论发群里？,true,true,1,PASS,0.00016090202558192252,612,
d185,dialog_200,今天的站会先过一下订单中台进度，内存占用高这块需要限流保护，大家看一下风险。,raw,今天的站会先过一下订单中台进度，内存占用高这块需要限流保护，大家看一下风险。,2,true,false,0,baseline_raw_slot,UNAVAILABLE,UNAVAILABLE,UNAVAILABLE,-79.48894,-79.48894,0,1,true,true,今天的站会先过一下订单中台进度，内存占用高这块需要限流保护，大家看一下风险。,raw,keep_raw:maxDelta=0<minDeltaToReplace=3||no_pick,3,今天的站会先过一下订单中台进度，内存占用高这块需要限流保护，大家看一下风险。,true,true,1,PASS,0.000352927822732824,622,
d185,dialog_200,今天的站会先过一下订单中台进度，内存占用高这块需要限流保护，大家看一下风险。,candidate:0,今天的站会先过一下订单中台进度，内存占用高这块需要限流保护，大家看一下风险。,2,true,false,35,0:1:今|1:2:天|2:3:的|3:4:站|4:5:会|5:6:先|6:7:过|7:8:一|8:9:下|9:10:订|10:11:单|11:12:中|12:13:台|13:14:进|14:15:度|16:17:内|17:18:存|18:19:占|19:20:用|20:21:高|21:22:这|22:23:块|23:24:需|24:25:要|25:26:限|26:27:流|27:28:保|28:29:护|30:31:大|31:32:家|32:33:看|33:34:一|34:35:下|35:36:风|36:37:险,UNAVAILABLE,UNAVAILABLE,0,-79.48894,-79.48894,0,2,false,true,今天的站会先过一下订单中台进度，内存占用高这块需要限流保护，大家看一下风险。,raw,keep_raw:maxDelta=0<minDeltaToReplace=3||no_pick,3,今天的站会先过一下订单中台进度，内存占用高这块需要限流保护，大家看一下风险。,true,true,1,PASS,0.000352927822732824,622,
d186,dialog_200,跟会员系统相关的需求我整理了一版，八点前请大家帮忙评审一下。,raw,跟会员系统相关的需求我整理了一版，八点前请大家帮忙评审一下。,2,true,false,0,baseline_raw_slot,UNAVAILABLE,UNAVAILABLE,UNAVAILABLE,-66.67136,-66.67136,0,1,true,true,跟会员系统相关的需求我整理了一版，八点前请大家帮忙评审一下。,raw,keep_raw:maxDelta=0<minDeltaToReplace=3||no_pick,3,跟会员系统相关的需求我整理了一版，八点前请大家帮忙评审一下。,true,true,1,PASS,0.00127042063041235,645,
d186,dialog_200,跟会员系统相关的需求我整理了一版，八点前请大家帮忙评审一下。,candidate:0,跟会员系统相关的需求我整理了一版，八点前请大家帮忙评审一下。,2,true,false,28,0:1:跟|1:2:会|2:3:员|3:4:系|4:5:统|5:6:相|6:7:关|7:8:的|8:9:需|9:10:求|10:11:我|11:12:整|12:13:理|13:14:了|14:15:一|15:16:版|17:18:八|18:19:点|19:20:前|20:21:请|21:22:大|22:23:家|23:24:帮|24:25:忙|25:26:评|26:27:审|27:28:一|28:29:下,UNAVAILABLE,UNAVAILABLE,0,-66.67136,-66.67136,0,2,false,true,跟会员系统相关的需求我整理了一版，八点前请大家帮忙评审一下。,raw,keep_raw:maxDelta=0<minDeltaToReplace=3||no_pick,3,跟会员系统相关的需求我整理了一版，八点前请大家帮忙评审一下。,true,true,1,PASS,0.00127042063041235,645,
d187,dialog_200,师傅，去中关村软件园，走机场高速。我赶九点半的会，要是堵车您提前跟我说。,raw,师傅，去中关村软件园，走机场高速。我赶九点半的会，要是堵车您提前跟我说。,2,true,false,0,baseline_raw_slot,UNAVAILABLE,UNAVAILABLE,UNAVAILABLE,-93.355515,-93.355515,0,1,true,true,师傅，去中关村软件园，走机场高速。我赶九点半的会，要是堵车您提前跟我说。,raw,keep_raw:maxDelta=0<minDeltaToReplace=3||no_pick,3,师傅，去中关村软件园，走机场高速。我赶九点半的会，要是堵车您提前跟我说。,true,true,1,PASS,0.00008822327620928327,609,
d187,dialog_200,师傅，去中关村软件园，走机场高速。我赶九点半的会，要是堵车您提前跟我说。,candidate:0,师傅，去中关村软件园，走机场高速。我赶九点半的会，要是堵车您提前跟我说。,2,true,false,31,0:1:师|1:2:傅|3:4:去|4:5:中|5:6:关|6:7:村|7:8:软|8:9:件|9:10:园|11:12:走|12:13:机|13:14:场|14:15:高|15:16:速|17:18:我|18:19:赶|19:20:九|20:21:点|21:22:半|22:23:的|23:24:会|25:26:要|26:27:是|27:28:堵|28:29:车|29:30:您|30:31:提|31:32:前|32:33:跟|33:34:我|34:35:说,UNAVAILABLE,UNAVAILABLE,0,-93.355515,-93.355515,0,2,false,true,师傅，去中关村软件园，走机场高速。我赶九点半的会，要是堵车您提前跟我说。,raw,keep_raw:maxDelta=0<minDeltaToReplace=3||no_pick,3,师傅，去中关村软件园，走机场高速。我赶九点半的会，要是堵车您提前跟我说。,true,true,1,PASS,0.00008822327620928327,609,
d188,dialog_200,麻烦送我到国贸三期南门，大概多久能到？我十点十分有个电话会。,raw,麻烦送我到国贸三期南门，大概多久能到？我十点十分有个电话会。,2,true,false,0,baseline_raw_slot,UNAVAILABLE,UNAVAILABLE,UNAVAILABLE,-77.58686,-77.58686,0,1,true,true,麻烦送我到国贸三期南门，大概多久能到？我十点十分有个电话会。,raw,keep_raw:maxDelta=0<minDeltaToReplace=3||no_pick,3,麻烦送我到国贸三期南门，大概多久能到？我十点十分有个电话会。,true,true,1,PASS,0.00042683504699825113,637,
d188,dialog_200,麻烦送我到国贸三期南门，大概多久能到？我十点十分有个电话会。,candidate:0,麻烦送我到国贸三期南门，大概多久能到？我十点十分有个电话会。,2,true,false,27,0:1:麻|1:2:烦|2:3:送|3:4:我|4:5:到|5:6:国|6:7:贸|7:8:三|8:9:期|9:10:南|10:11:门|12:13:大|13:14:概|14:15:多|15:16:久|16:17:能|17:18:到|19:20:我|20:21:十|21:22:点|22:23:十|23:24:分|24:25:有|25:26:个|26:27:电|27:28:话|28:29:会,UNAVAILABLE,UNAVAILABLE,0,-77.58686,-77.58686,0,2,false,true,麻烦送我到国贸三期南门，大概多久能到？我十点十分有个电话会。,raw,keep_raw:maxDelta=0<minDeltaToReplace=3||no_pick,3,麻烦送我到国贸三期南门，大概多久能到？我十点十分有个电话会。,true,true,1,PASS,0.00042683504699825113,637,
d189,dialog_200,去望京SOHO，不走四环可以吗？那边现在堵不堵？,raw,去望京SOHO，不走四环可以吗？那边现在堵不堵？,2,true,false,0,baseline_raw_slot,UNAVAILABLE,UNAVAILABLE,UNAVAILABLE,-66.99021,-66.99021,0,1,true,true,去望京SOHO，不走四环可以吗？那边现在堵不堵？,raw,keep_raw:maxDelta=0<minDeltaToReplace=3||no_pick,3,去望京SOHO，不走四环可以吗？那边现在堵不堵？,true,true,1,PASS,0.001230601310019068,619,
d189,dialog_200,去望京SOHO，不走四环可以吗？那边现在堵不堵？,candidate:0,去望京SOHO，不走四环可以吗？那边现在堵不堵？,2,true,false,17,0:1:去|1:2:望|2:3:京|8:9:不|9:10:走|10:11:四|11:12:环|12:13:可|13:14:以|14:15:吗|16:17:那|17:18:边|18:19:现|19:20:在|20:21:堵|21:22:不|22:23:堵,UNAVAILABLE,UNAVAILABLE,0,-66.99021,-66.99021,0,2,false,true,去望京SOHO，不走四环可以吗？那边现在堵不堵？,raw,keep_raw:maxDelta=0<minDeltaToReplace=3||no_pick,3,去望京SOHO，不走四环可以吗？那边现在堵不堵？,true,true,1,PASS,0.001230601310019068,619,
d190,dialog_200,医生您好，我这两天头痛，想开点药并做个血常规。,raw,医生您好，我这两天头痛，想开点药并做个血常规。,2,true,false,0,baseline_raw_slot,UNAVAILABLE,UNAVAILABLE,UNAVAILABLE,-59.09456,-59.09456,0,1,true,true,医生您好，我这两天头痛，想开点药并做个血常规。,raw,keep_raw:maxDelta=0<minDeltaToReplace=3||no_pick,3,医生您好，我这两天头痛，想开点药并做个血常规。,true,true,1,PASS,0.002706318682330566,703,
d190,dialog_200,医生您好，我这两天头痛，想开点药并做个血常规。,candidate:0,医生您好，我这两天头痛，想开点药并做个血常规。,2,true,false,20,0:1:医|1:2:生|2:3:您|3:4:好|5:6:我|6:7:这|7:8:两|8:9:天|9:10:头|10:11:痛|12:13:想|13:14:开|14:15:点|15:16:药|16:17:并|17:18:做|18:19:个|19:20:血|20:21:常|21:22:规,UNAVAILABLE,UNAVAILABLE,0,-59.09456,-59.09456,0,2,false,true,医生您好，我这两天头痛，想开点药并做个血常规。,raw,keep_raw:maxDelta=0<minDeltaToReplace=3||no_pick,3,医生您好，我这两天头痛，想开点药并做个血常规。,true,true,1,PASS,0.002706318682330566,703,
d191,dialog_200,挂号处请问内科还有号吗？我胃不舒服，昨晚开始的。,raw,挂号处请问内科还有号吗？我胃不舒服，昨晚开始的。,2,true,false,0,baseline_raw_slot,UNAVAILABLE,UNAVAILABLE,UNAVAILABLE,-59.526306,-59.526306,0,1,true,true,挂号处请问内科还有号吗？我胃不舒服，昨晚开始的。,raw,keep_raw:maxDelta=0<minDeltaToReplace=3||no_pick,3,挂号处请问内科还有号吗？我胃不舒服，昨晚开始的。,true,true,1,PASS,0.00259225733988629,696,
d191,dialog_200,挂号处请问内科还有号吗？我胃不舒服，昨晚开始的。,candidate:0,挂号处请问内科还有号吗？我胃不舒服，昨晚开始的。,2,true,false,21,0:1:挂|1:2:号|2:3:处|3:4:请|4:5:问|5:6:内|6:7:科|7:8:还|8:9:有|9:10:号|10:11:吗|12:13:我|13:14:胃|14:15:不|15:16:舒|16:17:服|18:19:昨|19:20:晚|20:21:开|21:22:始|22:23:的,UNAVAILABLE,UNAVAILABLE,0,-59.526306,-59.526306,0,2,false,true,挂号处请问内科还有号吗？我胃不舒服，昨晚开始的。,raw,keep_raw:maxDelta=0<minDeltaToReplace=3||no_pick,3,挂号处请问内科还有号吗？我胃不舒服，昨晚开始的。,true,true,1,PASS,0.00259225733988629,696,
d192,dialog_200,这个检查报告什么时候能出？我过敏发痒，需要请假休息吗？,raw,这个检查报告什么时候能出？我过敏发痒，需要请假休息吗？,2,true,false,0,baseline_raw_slot,UNAVAILABLE,UNAVAILABLE,UNAVAILABLE,-58.017326,-58.017326,0,1,true,true,这个检查报告什么时候能出？我过敏发痒，需要请假休息吗？,raw,keep_raw:maxDelta=0<minDeltaToReplace=3||no_pick,3,这个检查报告什么时候能出？我过敏发痒，需要请假休息吗？,true,true,1,PASS,0.00301320688901411,686,
d192,dialog_200,这个检查报告什么时候能出？我过敏发痒，需要请假休息吗？,candidate:0,这个检查报告什么时候能出？我过敏发痒，需要请假休息吗？,2,true,false,24,0:1:这|1:2:个|2:3:检|3:4:查|4:5:报|5:6:告|6:7:什|7:8:么|8:9:时|9:10:候|10:11:能|11:12:出|13:14:我|14:15:过|15:16:敏|16:17:发|17:18:痒|19:20:需|20:21:要|21:22:请|22:23:假|23:24:休|24:25:息|25:26:吗,UNAVAILABLE,UNAVAILABLE,0,-58.017326,-58.017326,0,2,false,true,这个检查报告什么时候能出？我过敏发痒，需要请假休息吗？,raw,keep_raw:maxDelta=0<minDeltaToReplace=3||no_pick,3,这个检查报告什么时候能出？我过敏发痒，需要请假休息吗？,true,true,1,PASS,0.00301320688901411,686,
d193,dialog_200,这件外套能试穿吗？我穿中码。买两件有没有折扣？,raw,这件外套能试穿吗？我穿中码。买两件有没有折扣？,2,true,false,0,baseline_raw_slot,UNAVAILABLE,UNAVAILABLE,UNAVAILABLE,-69.64273,-69.64273,0,1,true,true,这件外套能试穿吗？我穿中码。买两件有没有折扣？,raw,keep_raw:maxDelta=0<minDeltaToReplace=3||no_pick,3,这件外套能试穿吗？我穿中码。买两件有没有折扣？,true,true,1,PASS,0.0009441574613428574,697,
d193,dialog_200,这件外套能试穿吗？我穿中码。买两件有没有折扣？,candidate:0,这件外套能试穿吗？我穿中码。买两件有没有折扣？,2,true,false,20,0:1:这|1:2:件|2:3:外|3:4:套|4:5:能|5:6:试|6:7:穿|7:8:吗|9:10:我|10:11:穿|11:12:中|12:13:码|14:15:买|15:16:两|16:17:件|17:18:有|18:19:没|19:20:有|20:21:折|21:22:扣,UNAVAILABLE,UNAVAILABLE,0,-69.64273,-69.64273,0,2,false,true,这件外套能试穿吗？我穿中码。买两件有没有折扣？,raw,keep_raw:maxDelta=0<minDeltaToReplace=3||no_pick,3,这件外套能试穿吗？我穿中码。买两件有没有折扣？,true,true,1,PASS,0.0009441574613428574,697,
d194,dialog_200,请问这双鞋有四十码吗？不合适三天内可以退换吧？,raw,请问这双鞋有四十码吗？不合适三天内可以退换吧？,2,true,false,0,baseline_raw_slot,UNAVAILABLE,UNAVAILABLE,UNAVAILABLE,-58.418938,-58.418938,0,1,true,true,请问这双鞋有四十码吗？不合适三天内可以退换吧？,raw,keep_raw:maxDelta=0<minDeltaToReplace=3||no_pick,3,请问这双鞋有四十码吗？不合适三天内可以退换吧？,true,true,1,PASS,0.0028949340973298157,665,
d194,dialog_200,请问这双鞋有四十码吗？不合适三天内可以退换吧？,candidate:0,请问这双鞋有四十码吗？不合适三天内可以退换吧？,2,true,false,21,0:1:请|1:2:问|2:3:这|3:4:双|4:5:鞋|5:6:有|6:7:四|7:8:十|8:9:码|9:10:吗|11:12:不|12:13:合|13:14:适|14:15:三|15:16:天|16:17:内|17:18:可|18:19:以|19:20:退|20:21:换|21:22:吧,UNAVAILABLE,UNAVAILABLE,0,-58.418938,-58.418938,0,2,false,true,请问这双鞋有四十码吗？不合适三天内可以退换吧？,raw,keep_raw:maxDelta=0<minDeltaToReplace=3||no_pick,3,请问这双鞋有四十码吗？不合适三天内可以退换吧？,true,true,1,PASS,0.0028949340973298157,665,
d195,dialog_200,我想对比一下这两款订单中台的价格，会员日能再减一点吗？,raw,我想对比一下这两款订单中台的价格，会员日能再减一点吗？,2,true,false,0,baseline_raw_slot,UNAVAILABLE,UNAVAILABLE,UNAVAILABLE,-53.12734,-53.12734,0,1,true,true,我想对比一下这两款订单中台的价格，会员日能再减一点吗？,raw,keep_raw:maxDelta=0<minDeltaToReplace=3||no_pick,3,我想对比一下这两款订单中台的价格，会员日能再减一点吗？,true,true,1,PASS,0.004904263603850251,663,
d195,dialog_200,我想对比一下这两款订单中台的价格，会员日能再减一点吗？,candidate:0,我想对比一下这两款订单中台的价格，会员日能再减一点吗？,2,true,false,25,0:1:我|1:2:想|2:3:对|3:4:比|4:5:一|5:6:下|6:7:这|7:8:两|8:9:款|9:10:订|10:11:单|11:12:中|12:13:台|13:14:的|14:15:价|15:16:格|17:18:会|18:19:员|19:20:日|20:21:能|21:22:再|22:23:减|23:24:一|24:25:点|25:26:吗,UNAVAILABLE,UNAVAILABLE,0,-53.12734,-53.12734,0,2,false,true,我想对比一下这两款订单中台的价格，会员日能再减一点吗？,raw,keep_raw:maxDelta=0<minDeltaToReplace=3||no_pick,3,我想对比一下这两款订单中台的价格，会员日能再减一点吗？,true,true,1,PASS,0.004904263603850251,663,
d196,dialog_200,周末要不要去江边骑行？天气预报说周日多云，记得带水。,raw,周末要不要去江边骑行？天气预报说周日多云，记得带水。,2,true,false,0,baseline_raw_slot,UNAVAILABLE,UNAVAILABLE,UNAVAILABLE,-58.115017,-58.115017,0,1,true,true,周末要不要去江边骑行？天气预报说周日多云，记得带水。,raw,keep_raw:maxDelta=0<minDeltaToReplace=3||no_pick,3,周末要不要去江边骑行？天气预报说周日多云，记得带水。,true,true,1,PASS,0.002984001296059052,681,
d196,dialog_200,周末要不要去江边骑行？天气预报说周日多云，记得带水。,candidate:0,周末要不要去江边骑行？天气预报说周日多云，记得带水。,2,true,false,23,0:1:周|1:2:末|2:3:要|3:4:不|4:5:要|5:6:去|6:7:江|7:8:边|8:9:骑|9:10:行|11:12:天|12:13:气|13:14:预|14:15:报|15:16:说|16:17:周|17:18:日|18:19:多|19:20:云|21:22:记|22:23:得|23:24:带|24:25:水,UNAVAILABLE,UNAVAILABLE,0,-58.115017,-58.115017,0,2,false,true,周末要不要去江边骑行？天气预报说周日多云，记得带水。,raw,keep_raw:maxDelta=0<minDeltaToReplace=3||no_pick,3,周末要不要去江边骑行？天气预报说周日多云，记得带水。,true,true,1,PASS,0.002984001296059052,681,
d197,dialog_200,晚上一起吃饭吗？我知道一家川菜不错，大概七点到。,raw,晚上一起吃饭吗？我知道一家川菜不错，大概七点到。,2,true,false,0,baseline_raw_slot,UNAVAILABLE,UNAVAILABLE,UNAVAILABLE,-51.801636,-51.801636,0,1,true,true,晚上一起吃饭吗？我知道一家川菜不错，大概七点到。,raw,keep_raw:maxDelta=0<minDeltaToReplace=3||no_pick,3,晚上一起吃饭吗？我知道一家川菜不错，大概七点到。,true,true,1,PASS,0.005595598833420917,659,
d197,dialog_200,晚上一起吃饭吗？我知道一家川菜不错，大概七点到。,candidate:0,晚上一起吃饭吗？我知道一家川菜不错，大概七点到。,2,true,false,21,0:1:晚|1:2:上|2:3:一|3:4:起|4:5:吃|5:6:饭|6:7:吗|8:9:我|9:10:知|10:11:道|11:12:一|12:13:家|13:14:川|14:15:菜|15:16:不|16:17:错|18:19:大|19:20:概|20:21:七|21:22:点|22:23:到,UNAVAILABLE,UNAVAILABLE,0,-51.801636,-51.801636,0,2,false,true,晚上一起吃饭吗？我知道一家川菜不错，大概七点到。,raw,keep_raw:maxDelta=0<minDeltaToReplace=3||no_pick,3,晚上一起吃饭吗？我知道一家川菜不错，大概七点到。,true,true,1,PASS,0.005595598833420917,659,
d198,dialog_200,你最近忙不忙？想找你看下手机备份怎么设置。,raw,你最近忙不忙？想找你看下手机备份怎么设置。,2,true,false,0,baseline_raw_slot,UNAVAILABLE,UNAVAILABLE,UNAVAILABLE,-50.938538,-50.938538,0,1,true,true,你最近忙不忙？想找你看下手机备份怎么设置。,raw,keep_raw:maxDelta=0<minDeltaToReplace=3||no_pick,3,你最近忙不忙？想找你看下手机备份怎么设置。,true,true,1,PASS,0.006096933157180564,647,
d198,dialog_200,你最近忙不忙？想找你看下手机备份怎么设置。,candidate:0,你最近忙不忙？想找你看下手机备份怎么设置。,2,true,false,19,0:1:你|1:2:最|2:3:近|3:4:忙|4:5:不|5:6:忙|7:8:想|8:9:找|9:10:你|10:11:看|11:12:下|12:13:手|13:14:机|14:15:备|15:16:份|16:17:怎|17:18:么|18:19:设|19:20:置,UNAVAILABLE,UNAVAILABLE,0,-50.938538,-50.938538,0,2,false,true,你最近忙不忙？想找你看下手机备份怎么设置。,raw,keep_raw:maxDelta=0<minDeltaToReplace=3||no_pick,3,你最近忙不忙？想找你看下手机备份怎么设置。,true,true,1,PASS,0.006096933157180564,647,
d199,dialog_200,今天我们团队要讨论后选生城相关的后选生城流程和上线计化安排，请研发一起评估风险。,raw,今天我们团队要讨论后选生城相关的后选生城流程和上线计化安排，请研发一起评估风险。,2,true,false,0,baseline_raw_slot,UNAVAILABLE,UNAVAILABLE,UNAVAILABLE,-91.69639,-91.69639,0,1,true,true,今天我们团队要讨论后选生城相关的后选生城流程和上线计化安排，请研发一起评估风险。,raw,keep_raw:maxDelta=0<minDeltaToReplace=3||no_pick,3,今天我们团队要讨论后选生城相关的后选生城流程和上线计化安排，请研发一起评估风险。,true,true,1,PASS,0.00010414325562876795,607,
d199,dialog_200,今天我们团队要讨论后选生城相关的后选生城流程和上线计化安排，请研发一起评估风险。,candidate:0,今天我们团队要讨论后选生城相关的后选生城流程和上线计化安排，请研发一起评估风险。,2,true,false,38,0:1:今|1:2:天|2:3:我|3:4:们|4:5:团|5:6:队|6:7:要|7:8:讨|8:9:论|9:10:后|10:11:选|11:12:生|12:13:城|13:14:相|14:15:关|15:16:的|16:17:后|17:18:选|18:19:生|19:20:城|20:21:流|21:22:程|22:23:和|23:24:上|24:25:线|25:26:计|26:27:化|27:28:安|28:29:排|30:31:请|31:32:研|32:33:发|33:34:一|34:35:起|35:36:评|36:37:估|37:38:风|38:39:险,UNAVAILABLE,UNAVAILABLE,0,-91.69639,-91.69639,0,2,false,true,今天我们团队要讨论后选生城相关的后选生城流程和上线计化安排，请研发一起评估风险。,raw,keep_raw:maxDelta=0<minDeltaToReplace=3||no_pick,3,今天我们团队要讨论后选生城相关的后选生城流程和上线计化安排，请研发一起评估风险。,true,true,1,PASS,0.00010414325562876795,607,
d200,dialog_200,这次发布我们先对齐上线计划窗口，后选生城模块需要联调，别漏掉回归。,raw,这次发布我们先对齐上线计划窗口，后选生城模块需要联调，别漏掉回归。,2,true,false,0,baseline_raw_slot,UNAVAILABLE,UNAVAILABLE,UNAVAILABLE,-79.759705,-79.759705,0,1,true,true,这次发布我们先对齐上线计划窗口，后选生城模块需要联调，别漏掉回归。,raw,keep_raw:maxDelta=0<minDeltaToReplace=3||no_pick,3,这次发布我们先对齐上线计划窗口，后选生城模块需要联调，别漏掉回归。,true,true,1,PASS,0.0003435032234423731,603,
d200,dialog_200,这次发布我们先对齐上线计划窗口，后选生城模块需要联调，别漏掉回归。,candidate:0,这次发布我们先对齐上线计划窗口，后选生城模块需要联调，别漏掉回归。,2,true,false,30,0:1:这|1:2:次|2:3:发|3:4:布|4:5:我|5:6:们|6:7:先|7:8:对|8:9:齐|9:10:上|10:11:线|11:12:计|12:13:划|13:14:窗|14:15:口|16:17:后|17:18:选|18:19:生|19:20:城|20:21:模|21:22:块|22:23:需|23:24:要|24:25:联|25:26:调|27:28:别|28:29:漏|29:30:掉|30:31:回|31:32:归,UNAVAILABLE,UNAVAILABLE,0,-79.759705,-79.759705,0,2,false,true,这次发布我们先对齐上线计划窗口，后选生城模块需要联调，别漏掉回归。,raw,keep_raw:maxDelta=0<minDeltaToReplace=3||no_pick,3,这次发布我们先对齐上线计划窗口，后选生城模块需要联调，别漏掉回归。,true,true,1,PASS,0.0003435032234423731,603,
nn-train-01,noise_inventory,我闷蒸在升级公司内部的专家系统平台。,raw,我闷蒸在升级公司内部的专家系统平台。,2,true,false,0,baseline_raw_slot,UNAVAILABLE,UNAVAILABLE,UNAVAILABLE,-36.002693,-36.002693,0,1,true,true,我闷蒸在升级公司内部的专家系统平台。,raw,keep_raw:maxDelta=0<minDeltaToReplace=3||no_pick,3,我们正在升级公司内部的专家系统平台。,false,false,UNAVAILABLE,A,0.02659002239811353,624,
nn-train-01,noise_inventory,我闷蒸在升级公司内部的专家系统平台。,candidate:0,我闷蒸在升级公司内部的专家系统平台。,2,true,false,17,0:1:我|1:2:闷|2:3:蒸|3:4:在|4:5:升|5:6:级|6:7:公|7:8:司|8:9:内|9:10:部|10:11:的|11:12:专|12:13:家|13:14:系|14:15:统|15:16:平|16:17:台,UNAVAILABLE,UNAVAILABLE,0,-36.002693,-36.002693,0,2,false,true,我闷蒸在升级公司内部的专家系统平台。,raw,keep_raw:maxDelta=0<minDeltaToReplace=3||no_pick,3,我们正在升级公司内部的专家系统平台。,false,false,UNAVAILABLE,A,0.02659002239811353,624,
nn-train-01b,noise_inventory,我闷蒸在训练神经网络模型。,raw,我闷蒸在训练神经网络模型。,2,true,false,0,baseline_raw_slot,UNAVAILABLE,UNAVAILABLE,UNAVAILABLE,-28.84609,-28.84609,0,1,true,true,我闷蒸在训练神经网络模型。,raw,keep_raw:maxDelta=0<minDeltaToReplace=3||no_pick,3,我们正在训练神经网络模型。,false,false,UNAVAILABLE,A,0.05291966057531501,615,
nn-train-01b,noise_inventory,我闷蒸在训练神经网络模型。,candidate:0,我闷蒸在训练神经网络模型。,2,true,false,12,0:1:我|1:2:闷|2:3:蒸|3:4:在|4:5:训|5:6:练|6:7:神|7:8:经|8:9:网|9:10:络|10:11:模|11:12:型,UNAVAILABLE,UNAVAILABLE,0,-28.84609,-28.84609,0,2,false,true,我闷蒸在训练神经网络模型。,raw,keep_raw:maxDelta=0<minDeltaToReplace=3||no_pick,3,我们正在训练神经网络模型。,false,false,UNAVAILABLE,A,0.05291966057531501,615,
center-01,noise_inventory,微服务会定时向注册忠心上报健康状态。,raw,微服务会定时向注册忠心上报健康状态。,2,true,false,0,baseline_raw_slot,UNAVAILABLE,UNAVAILABLE,UNAVAILABLE,-43.01298,-43.01298,0,1,true,true,微服务会定时向注册忠心上报健康状态。,raw,keep_raw:maxDelta=0<minDeltaToReplace=3||no_pick,3,微服务会定时向注册中心上报健康状态。,false,false,UNAVAILABLE,A,0.013369785046222568,624,
center-01,noise_inventory,微服务会定时向注册忠心上报健康状态。,candidate:0,微服务会定时向注册忠心上报健康状态。,2,true,false,17,0:1:微|1:2:服|2:3:务|3:4:会|4:5:定|5:6:时|6:7:向|7:8:注|8:9:册|9:10:忠|10:11:心|11:12:上|12:13:报|13:14:健|14:15:康|15:16:状|16:17:态,UNAVAILABLE,UNAVAILABLE,0,-43.01298,-43.01298,0,2,false,true,微服务会定时向注册忠心上报健康状态。,raw,keep_raw:maxDelta=0<minDeltaToReplace=3||no_pick,3,微服务会定时向注册中心上报健康状态。,false,false,UNAVAILABLE,A,0.013369785046222568,624,
snack-01,noise_inventory,客房里的迷你吧提供饮料和消失。,raw,客房里的迷你吧提供饮料和消失。,2,true,false,0,baseline_raw_slot,UNAVAILABLE,UNAVAILABLE,UNAVAILABLE,-34.618904,-34.618904,0,1,true,true,客房里的迷你吧提供饮料和消失。,raw,keep_raw:maxDelta=0<minDeltaToReplace=3||no_pick,3,客房里的迷你吧提供饮料和小食。,false,false,UNAVAILABLE,A,0.030416233798053895,613,
snack-01,noise_inventory,客房里的迷你吧提供饮料和消失。,candidate:0,客房里的迷你吧提供饮料和消失。,2,true,false,14,0:1:客|1:2:房|2:3:里|3:4:的|4:5:迷|5:6:你|6:7:吧|7:8:提|8:9:供|9:10:饮|10:11:料|11:12:和|12:13:消|13:14:失,UNAVAILABLE,UNAVAILABLE,0,-34.618904,-34.618904,0,2,false,true,客房里的迷你吧提供饮料和消失。,raw,keep_raw:maxDelta=0<minDeltaToReplace=3||no_pick,3,客房里的迷你吧提供饮料和小食。,false,false,UNAVAILABLE,A,0.030416233798053895,613,
sync-01,noise_inventory,回归测试报告已精通步给质量保障团队。,raw,回归测试报告已精通步给质量保障团队。,2,true,false,0,baseline_raw_slot,UNAVAILABLE,UNAVAILABLE,UNAVAILABLE,-42.77955,-42.77955,0,1,true,true,回归测试报告已精通步给质量保障团队。,raw,keep_raw:maxDelta=0<minDeltaToReplace=3||no_pick,3,回归测试报告已经同步给质量保障团队。,false,false,UNAVAILABLE,A,0.013681227005217731,613,
sync-01,noise_inventory,回归测试报告已精通步给质量保障团队。,candidate:0,回归测试报告已精通步给质量保障团队。,2,true,false,17,0:1:回|1:2:归|2:3:测|3:4:试|4:5:报|5:6:告|6:7:已|7:8:精|8:9:通|9:10:步|10:11:给|11:12:质|12:13:量|13:14:保|14:15:障|15:16:团|16:17:队,UNAVAILABLE,UNAVAILABLE,0,-42.77955,-42.77955,0,2,false,true,回归测试报告已精通步给质量保障团队。,raw,keep_raw:maxDelta=0<minDeltaToReplace=3||no_pick,3,回归测试报告已经同步给质量保障团队。,false,false,UNAVAILABLE,A,0.013681227005217731,613,
trigger-01,noise_inventory,调用下游超时后会出发熔断策略保护。,raw,调用下游超时后会出发熔断策略保护。,2,true,false,0,baseline_raw_slot,UNAVAILABLE,UNAVAILABLE,UNAVAILABLE,-47.24251,-47.24251,0,1,true,true,调用下游超时后会出发熔断策略保护。,raw,keep_raw:maxDelta=0<minDeltaToReplace=3||no_pick,3,调用下游超时后会触发熔断策略保护。,false,false,UNAVAILABLE,A,0.008799246479819289,605,
trigger-01,noise_inventory,调用下游超时后会出发熔断策略保护。,candidate:0,调用下游超时后会出发熔断策略保护。,2,true,false,16,0:1:调|1:2:用|2:3:下|3:4:游|4:5:超|5:6:时|6:7:后|7:8:会|8:9:出|9:10:发|10:11:熔|11:12:断|12:13:策|13:14:略|14:15:保|15:16:护,UNAVAILABLE,UNAVAILABLE,0,-47.24251,-47.24251,0,2,false,true,调用下游超时后会出发熔断策略保护。,raw,keep_raw:maxDelta=0<minDeltaToReplace=3||no_pick,3,调用下游超时后会触发熔断策略保护。,false,false,UNAVAILABLE,A,0.008799246479819289,605,
threshold-01,noise_inventory,熔断策略阈之一按错误率重新校准。,raw,熔断策略阈之一按错误率重新校准。,2,true,false,0,baseline_raw_slot,UNAVAILABLE,UNAVAILABLE,UNAVAILABLE,-45.681896,-45.681896,0,1,true,true,熔断策略阈之一按错误率重新校准。,raw,keep_raw:maxDelta=0<minDeltaToReplace=3||no_pick,3,熔断策略阈值已按错误率重新校准。,false,false,UNAVAILABLE,A,0.010270158107563095,622,
threshold-01,noise_inventory,熔断策略阈之一按错误率重新校准。,candidate:0,熔断策略阈之一按错误率重新校准。,2,true,false,15,0:1:熔|1:2:断|2:3:策|3:4:略|4:5:阈|5:6:之|6:7:一|7:8:按|8:9:错|9:10:误|10:11:率|11:12:重|12:13:新|13:14:校|14:15:准,UNAVAILABLE,UNAVAILABLE,0,-45.681896,-45.681896,0,2,false,true,熔断策略阈之一按错误率重新校准。,raw,keep_raw:maxDelta=0<minDeltaToReplace=3||no_pick,3,熔断策略阈值已按错误率重新校准。,false,false,UNAVAILABLE,A,0.010270158107563095,622,